symbol,zoneId,startTime,eps,sidesTouched,firstApproach,firstOutcome,zoneOutcome,score,firstThrough,secondBlockedAfterFirstBlocked
BTCUSDT,0,2020-11-24 06:00,4,BOTH,BELOW,THROUGH,XUYEN,1,true,
BTCUSDT,3,2020-11-30 07:00,9,BOTH,ABOVE,THROUGH,XUYEN,0,true,
BTCUSDT,4,2020-12-02 12:00,17,BOTH,BELOW,THROUGH,XUYEN,0,true,
BTCUSDT,5,2020-12-04 10:00,1,BELOW,BELOW,BLOCKED,CHAN,1,false,
BTCUSDT,6,2020-12-06 13:30,5,BOTH,BELOW,THROUGH,XUYEN,1,true,
BTCUSDT,7,2020-12-08 05:45,2,BOTH,ABOVE,THROUGH,XUYEN,0,true,
BTCUSDT,8,2020-12-09 07:45,18,BOTH,BELOW,THROUGH,XUYEN,1,true,
BTCUSDT,9,2020-12-13 22:15,3,BELOW,BELOW,BLOCKED,XUYEN,0,false,false
BTCUSDT,10,2020-12-14 04:15,13,BOTH,BELOW,BLOCKED,XUYEN,1,false,false
BTCUSDT,11,2020-12-21 21:30,11,BOTH,ABOVE,THROUGH,XUYEN,0,true,
BTCUSDT,12,2020-12-22 13:45,2,ABOVE,ABOVE,BLOCKED,CHAN,1,false,true
BTCUSDT,13,2020-12-22 22:45,26,BOTH,ABOVE,BLOCKED,XUYEN,1,false,false
BTCUSDT,14,2020-12-31 12:45,7,BOTH,BELOW,THROUGH,XUYEN,1,true,
BTCUSDT,15,2021-01-01 01:00,8,ABOVE,ABOVE,BLOCKED,CHAN,3,false,true
BTCUSDT,16,2021-01-04 07:15,4,BOTH,BELOW,BLOCKED,XUYEN,2,false,false
BTCUSDT,17,2021-01-08 15:00,9,BELOW,BELOW,BLOCKED,CHAN,2,false,true
BTCUSDT,18,2021-01-15 05:45,4,BELOW,BELOW,BLOCKED,CHAN,4,false,true
BTCUSDT,19,2021-01-20 09:30,9,BOTH,BELOW,BLOCKED,XUYEN,2,false,false
BTCUSDT,20,2021-02-01 06:30,14,BOTH,BELOW,THROUGH,XUYEN,1,true,
BTCUSDT,21,2021-02-10 04:00,12,BOTH,BELOW,THROUGH,XUYEN,2,true,
BTCUSDT,23,2021-02-14 12:00,12,BOTH,ABOVE,THROUGH,XUYEN,2,true,
BTCUSDT,24,2021-02-15 21:15,5,BOTH,BELOW,BLOCKED,XUYEN,2,false,false
BTCUSDT,25,2021-02-16 12:00,10,BOTH,ABOVE,THROUGH,XUYEN,2,true,
BTCUSDT,26,2021-02-19 08:45,7,BOTH,ABOVE,THROUGH,XUYEN,1,true,
BTCUSDT,27,2021-02-27 06:30,7,BOTH,ABOVE,THROUGH,XUYEN,0,true,
BTCUSDT,28,2021-03-02 16:30,7,BOTH,BELOW,THROUGH,XUYEN,2,true,
BTCUSDT,29,2021-03-04 08:00,10,BOTH,ABOVE,THROUGH,XUYEN,0,true,
BTCUSDT,30,2021-03-05 00:00,17,BOTH,BELOW,BLOCKED,XUYEN,1,false,false
BTCUSDT,31,2021-03-10 23:00,20,BOTH,BELOW,THROUGH,XUYEN,1,true,
BTCUSDT,32,2021-03-12 13:00,10,BOTH,BELOW,THROUGH,XUYEN,1,true,
BTCUSDT,33,2021-03-13 10:00,19,BOTH,ABOVE,THROUGH,XUYEN,1,true,
BTCUSDT,34,2021-03-20 08:00,6,BOTH,ABOVE,BLOCKED,XUYEN,1,false,false
BTCUSDT,35,2021-03-21 09:30,8,BOTH,BELOW,THROUGH,XUYEN,1,true,
BTCUSDT,36,2021-03-22 10:00,9,BOTH,ABOVE,THROUGH,XUYEN,3,true,
BTCUSDT,37,2021-03-26 16:00,1,ABOVE,ABOVE,BLOCKED,CHAN,2,false,
BTCUSDT,38,2021-03-31 07:45,24,BOTH,BELOW,BLOCKED,XUYEN,1,false,false
BTCUSDT,39,2021-04-02 19:00,4,BOTH,BELOW,THROUGH,XUYEN,2,true,
BTCUSDT,40,2021-04-03 08:00,11,BOTH,ABOVE,THROUGH,XUYEN,0,true,
BTCUSDT,41,2021-04-09 10:00,3,ABOVE,ABOVE,BLOCKED,CHAN,1,false,true
BTCUSDT,42,2021-04-14 08:45,3,BELOW,BELOW,THROUGH,XUYEN,0,true,
BTCUSDT,43,2021-04-17 17:45,3,BOTH,BELOW,THROUGH,XUYEN,3,true,
BTCUSDT,44,2021-04-25 20:45,1,BELOW,BELOW,THROUGH,XUYEN,1,true,
BTCUSDT,46,2021-04-26 16:00,28,BOTH,BELOW,THROUGH,XUYEN,0,true,
BTCUSDT,47,2021-05-11 16:00,4,ABOVE,ABOVE,BLOCKED,XUYEN,3,false,false
BTCUSDT,49,2021-05-26 06:15,16,BOTH,ABOVE,BLOCKED,XUYEN,3,false,false
BTCUSDT,50,2021-06-01 08:00,9,BOTH,BELOW,THROUGH,XUYEN,3,true,
BTCUSDT,51,2021-06-03 00:00,18,BOTH,BELOW,BLOCKED,XUYEN,2,false,false
BTCUSDT,52,2021-06-07 20:45,2,BELOW,BELOW,BLOCKED,XUYEN,1,false,false
BTCUSDT,53,2021-06-10 14:00,1,BELOW,BELOW,THROUGH,XUYEN,1,true,
BTCUSDT,54,2021-06-16 04:30,3,ABOVE,ABOVE,BLOCKED,XUYEN,1,false,false
BTCUSDT,55,2021-06-24 15:00,12,BOTH,ABOVE,THROUGH,XUYEN,1,true,
BTCUSDT,56,2021-07-01 06:45,2,BOTH,BELOW,THROUGH,XUYEN,1,true,
BTCUSDT,58,2021-07-04 12:45,12,BOTH,BELOW,THROUGH,XUYEN,1,true,
BTCUSDT,59,2021-07-06 04:00,12,BOTH,ABOVE,THROUGH,XUYEN,1,true,
BTCUSDT,60,2021-07-09 21:30,19,BOTH,ABOVE,BLOCKED,XUYEN,1,false,false
BTCUSDT,61,2021-07-14 03:15,12,BOTH,BELOW,BLOCKED,XUYEN,1,false,false
BTCUSDT,62,2021-07-18 14:30,22,BOTH,BELOW,BLOCKED,XUYEN,2,false,false
BTCUSDT,63,2021-07-23 05:30,2,BELOW,BELOW,THROUGH,XUYEN,2,true,
BTCUSDT,64,2021-07-30 08:30,23,BOTH,BELOW,THROUGH,XUYEN,1,true,
BTCUSDT,65,2021-08-03 12:00,16,BOTH,BELOW,THROUGH,XUYEN,2,true,
BTCUSDT,66,2021-08-07 16:00,15,BOTH,BELOW,THROUGH,XUYEN,1,true,
BTCUSDT,67,2021-08-09 09:00,1,ABOVE,ABOVE,BLOCKED,CHAN,1,false,
BTCUSDT,68,2021-08-13 20:00,4,BOTH,ABOVE,THROUGH,XUYEN,1,true,
BTCUSDT,69,2021-08-14 19:30,14,BOTH,ABOVE,THROUGH,XUYEN,0,true,
BTCUSDT,70,2021-08-18 15:45,4,BOTH,ABOVE,THROUGH,XUYEN,1,true,
BTCUSDT,72,2021-08-21 10:45,17,BOTH,ABOVE,THROUGH,XUYEN,0,true,
BTCUSDT,73,2021-08-23 10:00,6,BOTH,BELOW,THROUGH,XUYEN,0,true,
BTCUSDT,74,2021-08-26 12:00,15,BOTH,BELOW,THROUGH,XUYEN,1,true,
BTCUSDT,75,2021-08-27 07:15,5,ABOVE,ABOVE,BLOCKED,CHAN,1,false,true
BTCUSDT,76,2021-08-28 06:00,16,BOTH,BELOW,THROUGH,XUYEN,0,true,
BTCUSDT,77,2021-08-29 21:45,4,BOTH,ABOVE,THROUGH,XUYEN,3,true,
BTCUSDT,79,2021-09-03 08:45,3,ABOVE,ABOVE,BLOCKED,XUYEN,1,false,false
BTCUSDT,80,2021-09-09 20:15,7,BOTH,BELOW,BLOCKED,XUYEN,2,false,false
BTCUSDT,81,2021-09-10 14:00,14,BOTH,BELOW,BLOCKED,XUYEN,2,false,false
BTCUSDT,82,2021-09-13 13:30,4,BOTH,ABOVE,THROUGH,XUYEN,0,true,
BTCUSDT,83,2021-09-17 17:45,3,BELOW,BELOW,BLOCKED,XUYEN,1,false,false
BTCUSDT,84,2021-09-18 11:45,2,BELOW,BELOW,BLOCKED,CHAN,0,false,true
BTCUSDT,87,2021-09-22 18:00,6,ABOVE,ABOVE,BLOCKED,CHAN,2,false,true
BTCUSDT,88,2021-09-23 17:00,1,ABOVE,ABOVE,THROUGH,XUYEN,1,true,
BTCUSDT,89,2021-09-24 20:30,38,BOTH,ABOVE,THROUGH,XUYEN,1,true,
BTCUSDT,91,2021-10-02 13:45,9,BOTH,ABOVE,BLOCKED,XUYEN,0,false,false
BTCUSDT,92,2021-10-03 17:45,8,BOTH,ABOVE,THROUGH,XUYEN,1,true,
BTCUSDT,93,2021-10-06 23:00,48,BOTH,ABOVE,THROUGH,XUYEN,2,true,
BTCUSDT,95,2021-10-15 20:15,22,BOTH,ABOVE,THROUGH,XUYEN,1,true,
BTCUSDT,96,2021-10-18 09:45,8,BOTH,BELOW,THROUGH,XUYEN,1,true,
BTCUSDT,97,2021-10-19 03:00,22,BOTH,ABOVE,BLOCKED,XUYEN,2,false,false
BTCUSDT,98,2021-10-25 07:15,7,BOTH,ABOVE,BLOCKED,XUYEN,3,false,false
BTCUSDT,99,2021-10-28 18:30,34,BOTH,BELOW,THROUGH,XUYEN,0,true,
BTCUSDT,100,2021-11-03 18:00,9,BOTH,BELOW,THROUGH,XUYEN,1,true,
BTCUSDT,102,2021-11-08 05:15,2,ABOVE,ABOVE,BLOCKED,CHAN,3,false,true
BTCUSDT,103,2021-11-10 13:30,2,ABOVE,ABOVE,THROUGH,XUYEN,1,true,
BTCUSDT,104,2021-11-17 07:30,15,BOTH,ABOVE,THROUGH,XUYEN,0,true,
BTCUSDT,105,2021-11-18 15:15,12,BELOW,BELOW,BLOCKED,CHAN,2,false,true
BTCUSDT,106,2021-11-20 15:00,2,BOTH,BELOW,THROUGH,XUYEN,1,true,
BTCUSDT,107,2021-11-21 16:45,4,BOTH,ABOVE,BLOCKED,XUYEN,3,false,false
BTCUSDT,108,2021-11-23 07:15,16,BOTH,BELOW,THROUGH,XUYEN,2,true,
BTCUSDT,110,2021-11-27 20:30,3,BELOW,BELOW,BLOCKED,XUYEN,0,false,false
BTCUSDT,111,2021-11-29 09:30,6,BOTH,BELOW,BLOCKED,XUYEN,1,false,false
BTCUSDT,112,2021-11-30 03:30,38,BOTH,BELOW,BLOCKED,XUYEN,3,false,false
BTCUSDT,113,2021-12-03 13:30,1,ABOVE,ABOVE,THROUGH,XUYEN,1,true,
BTCUSDT,115,2021-12-05 14:00,5,BELOW,BELOW,BLOCKED,XUYEN,1,false,false
BTCUSDT,116,2021-12-08 10:30,12,BOTH,BELOW,THROUGH,XUYEN,1,true,
BTCUSDT,117,2021-12-11 13:00,8,BOTH,BELOW,BLOCKED,XUYEN,0,false,false
BTCUSDT,118,2021-12-12 17:00,3,ABOVE,ABOVE,BLOCKED,XUYEN,2,false,false
BTCUSDT,119,2021-12-13 19:15,15,BOTH,BELOW,BLOCKED,XUYEN,1,false,false
BTCUSDT,120,2021-12-15 12:30,5,BOTH,BELOW,THROUGH,XUYEN,1,true,
BTCUSDT,121,2021-12-17 07:00,1,BELOW,BELOW,BLOCKED,CHAN,1,false,
BTCUSDT,122,2021-12-18 19:00,7,BOTH,BELOW,THROUGH,XUYEN,2,true,
BTCUSDT,123,2021-12-19 09:00,7,BELOW,BELOW,THROUGH,XUYEN,1,true,
BTCUSDT,124,2021-12-25 06:00,9,BOTH,BELOW,THROUGH,XUYEN,2,true,
BTCUSDT,125,2021-12-26 09:45,11,BOTH,ABOVE,THROUGH,XUYEN,1,true,
BTCUSDT,127,2021-12-29 09:15,3,BOTH,BELOW,THROUGH,XUYEN,2,true,
BTCUSDT,128,2021-12-29 12:00,6,BOTH,BELOW,THROUGH,XUYEN,2,true,
BTCUSDT,129,2021-12-29 23:15,13,BOTH,BELOW,BLOCKED,XUYEN,1,false,false
BTCUSDT,130,2022-01-01 05:15,2,ABOVE,ABOVE,BLOCKED,CHAN,2,false,true
BTCUSDT,131,2022-01-01 15:30,21,BOTH,ABOVE,THROUGH,XUYEN,1,true,
BTCUSDT,132,2022-01-04 04:30,25,BOTH,BELOW,THROUGH,XUYEN,1,true,
BTCUSDT,133,2022-01-06 18:45,4,BOTH,ABOVE,BLOCKED,XUYEN,2,false,false
BTCUSDT,134,2022-01-07 13:30,10,BOTH,BELOW,BLOCKED,XUYEN,1,false,false
BTCUSDT,135,2022-01-10 04:15,19,BOTH,ABOVE,THROUGH,XUYEN,1,true,
BTCUSDT,137,2022-01-12 20:45,11,BOTH,ABOVE,THROUGH,XUYEN,2,true,
BTCUSDT,138,2022-01-17 05:00,13,BOTH,BELOW,THROUGH,XUYEN,3,true,
BTCUSDT,140,2022-01-19 11:00,1,ABOVE,ABOVE,THROUGH,XUYEN,1,true,
BTCUSDT,141,2022-01-23 23:00,7,BOTH,ABOVE,THROUGH,XUYEN,2,true,
BTCUSDT,142,2022-01-26 18:00,18,BOTH,BELOW,THROUGH,XUYEN,1,true,
BTCUSDT,143,2022-01-30 19:00,4,BOTH,BELOW,THROUGH,XUYEN,2,true,
BTCUSDT,144,2022-02-01 09:00,24,BOTH,ABOVE,THROUGH,XUYEN,0,true,
BTCUSDT,145,2022-02-06 14:30,5,BELOW,BELOW,BLOCKED,CHAN,3,false,true
BTCUSDT,146,2022-02-06 23:00,2,ABOVE,ABOVE,BLOCKED,CHAN,1,false,true
BTCUSDT,147,2022-02-10 02:45,1,BELOW,BELOW,THROUGH,XUYEN,1,true,
BTCUSDT,148,2022-02-10 13:30,4,BOTH,BELOW,THROUGH,XUYEN,0,true,
BTCUSDT,149,2022-02-13 10:30,9,BOTH,ABOVE,THROUGH,XUYEN,1,true,
BTCUSDT,150,2022-02-14 06:45,2,ABOVE,ABOVE,BLOCKED,CHAN,3,false,true
BTCUSDT,151,2022-02-16 04:15,13,BOTH,BELOW,THROUGH,XUYEN,0,true,
BTCUSDT,152,2022-02-20 22:45,11,BOTH,ABOVE,BLOCKED,XUYEN,0,false,false
BTCUSDT,153,2022-02-22 03:00,10,BOTH,BELOW,BLOCKED,XUYEN,2,false,false
BTCUSDT,154,2022-02-24 02:45,2,BOTH,BELOW,THROUGH,XUYEN,3,true,
BTCUSDT,156,2022-03-02 21:45,7,BOTH,ABOVE,THROUGH,XUYEN,0,true,
BTCUSDT,157,2022-03-04 13:30,2,BELOW,BELOW,BLOCKED,CHAN,2,false,true
BTCUSDT,158,2022-03-05 10:00,2,ABOVE,ABOVE,THROUGH,XUYEN,0,true,
BTCUSDT,159,2022-03-06 04:00,19,BOTH,BELOW,THROUGH,XUYEN,0,true,
BTCUSDT,160,2022-03-10 13:30,25,BOTH,BELOW,BLOCKED,XUYEN,2,false,false
BTCUSDT,161,2022-03-12 14:30,34,BOTH,BELOW,THROUGH,XUYEN,0,true,
BTCUSDT,162,2022-03-15 07:00,5,BOTH,BELOW,BLOCKED,XUYEN,1,false,false
BTCUSDT,163,2022-03-18 00:00,1,BELOW,BELOW,BLOCKED,CHAN,0,false,
BTCUSDT,164,2022-03-18 05:00,6,BOTH,ABOVE,THROUGH,XUYEN,0,true,
BTCUSDT,165,2022-03-19 03:45,9,BOTH,ABOVE,BLOCKED,XUYEN,1,false,false
BTCUSDT,166,2022-03-19 20:30,8,BOTH,ABOVE,THROUGH,XUYEN,0,true,
BTCUSDT,167,2022-03-21 16:30,10,BOTH,BELOW,BLOCKED,XUYEN,3,false,false
BTCUSDT,169,2022-03-22 19:45,2,BOTH,BELOW,THROUGH,XUYEN,0,true,
BTCUSDT,170,2022-03-23 01:00,12,BOTH,BELOW,THROUGH,XUYEN,2,true,
BTCUSDT,171,2022-03-25 01:30,11,BOTH,ABOVE,THROUGH,XUYEN,2,true,
BTCUSDT,172,2022-03-26 20:00,2,ABOVE,ABOVE,THROUGH,XUYEN,1,true,
BTCUSDT,174,2022-03-28 00:30,4,ABOVE,ABOVE,BLOCKED,CHAN,1,false,true
BTCUSDT,175,2022-03-28 18:45,17,BOTH,ABOVE,THROUGH,XUYEN,2,true,
BTCUSDT,176,2022-03-30 17:30,14,BOTH,ABOVE,THROUGH,XUYEN,0,true,
BTCUSDT,177,2022-04-02 12:00,3,ABOVE,ABOVE,THROUGH,XUYEN,2,true,
BTCUSDT,178,2022-04-02 18:00,14,BOTH,BELOW,BLOCKED,XUYEN,1,false,false
BTCUSDT,179,2022-04-04 08:30,10,BOTH,BELOW,BLOCKED,XUYEN,0,false,false
BTCUSDT,181,2022-04-07 00:45,9,BELOW,BELOW,BLOCKED,CHAN,2,false,true
BTCUSDT,182,2022-04-07 11:00,22,BOTH,ABOVE,BLOCKED,XUYEN,2,false,false
BTCUSDT,183,2022-04-09 23:30,6,ABOVE,ABOVE,BLOCKED,XUYEN,1,false,false
BTCUSDT,186,2022-04-16 20:45,9,BOTH,ABOVE,THROUGH,XUYEN,1,true,
BTCUSDT,187,2022-04-18 04:15,2,BELOW,BELOW,BLOCKED,XUYEN,2,false,false
BTCUSDT,188,2022-04-19 11:45,1,BELOW,BELOW,THROUGH,XUYEN,0,true,
BTCUSDT,189,2022-04-20 07:00,20,BOTH,BELOW,THROUGH,XUYEN,1,true,
BTCUSDT,190,2022-04-22 07:15,1,BELOW,BELOW,BLOCKED,CHAN,0,false,
BTCUSDT,191,2022-04-23 23:30,9,BELOW,BELOW,BLOCKED,CHAN,1,false,true
BTCUSDT,193,2022-04-25 18:45,1,ABOVE,ABOVE,THROUGH,XUYEN,1,true,
BTCUSDT,194,2022-04-27 13:30,17,BOTH,ABOVE,THROUGH,XUYEN,0,true,
BTCUSDT,195,2022-04-30 19:45,4,BOTH,ABOVE,THROUGH,XUYEN,1,true,
BTCUSDT,196,2022-04-30 23:00,23,BOTH,BELOW,THROUGH,XUYEN,2,true,
BTCUSDT,197,2022-05-04 12:00,5,BOTH,BELOW,BLOCKED,XUYEN,1,false,false
BTCUSDT,198,2022-05-06 07:30,3,BELOW,BELOW,BLOCKED,CHAN,0,false,true
BTCUSDT,199,2022-05-06 13:30,17,BOTH,BELOW,THROUGH,XUYEN,2,true,
BTCUSDT,200,2022-05-08 17:00,4,BOTH,BELOW,THROUGH,XUYEN,2,true,
BTCUSDT,201,2022-05-11 12:30,1,BELOW,BELOW,THROUGH,XUYEN,1,true,
BTCUSDT,202,2022-05-14 22:45,32,BOTH,ABOVE,BLOCKED,XUYEN,1,false,false
BTCUSDT,203,2022-05-19 02:45,4,ABOVE,ABOVE,BLOCKED,XUYEN,1,false,false
BTCUSDT,204,2022-05-21 15:45,11,BOTH,ABOVE,BLOCKED,XUYEN,1,false,false
BTCUSDT,205,2022-05-22 22:00,6,BOTH,ABOVE,BLOCKED,XUYEN,2,false,false
BTCUSDT,206,2022-05-25 13:30,8,ABOVE,ABOVE,BLOCKED,CHAN,1,false,true
BTCUSDT,207,2022-05-26 08:15,8,BELOW,BELOW,BLOCKED,CHAN,1,false,true
BTCUSDT,208,2022-05-29 08:15,1,ABOVE,ABOVE,BLOCKED,CHAN,2,false,
BTCUSDT,209,2022-06-02 18:45,7,BOTH,BELOW,THROUGH,XUYEN,2,true,
BTCUSDT,210,2022-06-07 11:00,7,BOTH,BELOW,THROUGH,XUYEN,1,true,
BTCUSDT,213,2022-06-18 06:45,42,BOTH,BELOW,THROUGH,XUYEN,1,true,
BTCUSDT,214,2022-06-26 11:30,9,BOTH,ABOVE,THROUGH,XUYEN,0,true,
BTCUSDT,216,2022-06-27 18:00,11,BOTH,ABOVE,BLOCKED,XUYEN,1,false,false
BTCUSDT,219,2022-07-01 10:30,12,BOTH,BELOW,BLOCKED,XUYEN,1,false,false
BTCUSDT,220,2022-07-02 18:45,6,BOTH,ABOVE,THROUGH,XUYEN,1,true,
BTCUSDT,221,2022-07-03 04:45,8,BOTH,BELOW,BLOCKED,XUYEN,2,false,false
BTCUSDT,223,2022-07-06 18:00,3,ABOVE,ABOVE,BLOCKED,CHAN,2,false,true
BTCUSDT,224,2022-07-08 01:15,21,BOTH,ABOVE,BLOCKED,XUYEN,1,false,false
BTCUSDT,225,2022-07-10 21:00,1,ABOVE,ABOVE,THROUGH,XUYEN,0,true,
BTCUSDT,226,2022-07-13 07:30,5,BOTH,ABOVE,THROUGH,XUYEN,1,true,
BTCUSDT,230,2022-07-23 08:45,7,BELOW,BELOW,BLOCKED,XUYEN,1,false,false
BTCUSDT,231,2022-07-26 11:45,8,BOTH,ABOVE,THROUGH,XUYEN,2,true,
BTCUSDT,232,2022-07-27 11:45,3,BOTH,BELOW,THROUGH,XUYEN,1,true,
BTCUSDT,234,2022-07-28 02:30,2,ABOVE,ABOVE,BLOCKED,CHAN,1,false,true
BTCUSDT,235,2022-07-28 20:30,39,BOTH,ABOVE,BLOCKED,XUYEN,2,false,false
BTCUSDT,236,2022-07-31 18:00,3,ABOVE,ABOVE,THROUGH,XUYEN,0,true,
BTCUSDT,237,2022-08-01 10:30,38,BOTH,BELOW,BLOCKED,XUYEN,1,false,false
BTCUSDT,238,2022-08-07 17:00,13,BOTH,ABOVE,BLOCKED,XUYEN,2,false,false
BTCUSDT,239,2022-08-11 21:30,2,BELOW,BELOW,BLOCKED,CHAN,2,false,true
BTCUSDT,240,2022-08-12 18:30,29,BOTH,ABOVE,THROUGH,XUYEN,1,true,
BTCUSDT,241,2022-08-17 18:00,18,BOTH,ABOVE,THROUGH,XUYEN,2,true,
BTCUSDT,243,2022-08-19 19:00,1,BELOW,BELOW,BLOCKED,CHAN,3,false,
BTCUSDT,244,2022-08-19 21:45,22,BOTH,BELOW,THROUGH,XUYEN,2,true,
BTCUSDT,245,2022-08-21 20:45,29,BOTH,BELOW,THROUGH,XUYEN,0,true,
BTCUSDT,247,2022-08-25 06:15,13,BOTH,ABOVE,BLOCKED,XUYEN,2,false,false
BTCUSDT,248,2022-08-26 11:00,2,BOTH,BELOW,THROUGH,XUYEN,0,true,
BTCUSDT,250,2022-08-30 19:00,9,BOTH,ABOVE,BLOCKED,XUYEN,1,false,false
BTCUSDT,251,2022-09-02 03:00,9,BOTH,ABOVE,BLOCKED,XUYEN,2,false,false
BTCUSDT,252,2022-09-03 07:45,4,BELOW,BELOW,BLOCKED,CHAN,2,false,true
BTCUSDT,253,2022-09-04 16:30,6,BOTH,ABOVE,THROUGH,XUYEN,1,true,
BTCUSDT,254,2022-09-05 10:30,19,BOTH,BELOW,BLOCKED,XUYEN,3,false,false
BTCUSDT,257,2022-09-09 23:15,14,BOTH,BELOW,BLOCKED,XUYEN,0,false,false
BTCUSDT,258,2022-09-10 21:45,11,BOTH,ABOVE,BLOCKED,XUYEN,2,false,false
BTCUSDT,259,2022-09-14 11:45,8,BOTH,BELOW,THROUGH,XUYEN,0,true,
BTCUSDT,260,2022-09-19 02:15,24,BOTH,BELOW,BLOCKED,XUYEN,1,false,false
BTCUSDT,261,2022-09-24 07:00,11,BOTH,BELOW,BLOCKED,XUYEN,1,false,false
BTCUSDT,262,2022-09-24 21:15,24,BOTH,BELOW,BLOCKED,XUYEN,2,false,false
BTCUSDT,263,2022-09-27 21:45,7,BOTH,BELOW,THROUGH,XUYEN,3,true,
BTCUSDT,265,2022-10-01 11:15,12,BOTH,BELOW,THROUGH,XUYEN,2,true,
BTCUSDT,266,2022-10-02 19:00,17,BOTH,ABOVE,THROUGH,XUYEN,0,true,
BTCUSDT,267,2022-10-07 06:15,7,BOTH,BELOW,THROUGH,XUYEN,3,true,
BTCUSDT,268,2022-10-07 12:15,1,ABOVE,ABOVE,THROUGH,XUYEN,1,true,
BTCUSDT,269,2022-10-08 21:30,8,BELOW,BELOW,BLOCKED,CHAN,2,false,true
BTCUSDT,270,2022-10-09 10:30,7,BOTH,ABOVE,BLOCKED,XUYEN,2,false,false
BTCUSDT,272,2022-10-10 22:00,1,BELOW,BELOW,BLOCKED,CHAN,1,false,
BTCUSDT,274,2022-10-12 12:30,3,BELOW,BELOW,BLOCKED,CHAN,2,false,true
BTCUSDT,275,2022-10-12 22:00,5,BOTH,ABOVE,THROUGH,XUYEN,3,true,
BTCUSDT,276,2022-10-14 01:30,3,BOTH,ABOVE,THROUGH,XUYEN,1,true,
BTCUSDT,277,2022-10-16 19:30,4,ABOVE,ABOVE,BLOCKED,CHAN,0,false,true
BTCUSDT,278,2022-10-17 22:00,12,BOTH,ABOVE,BLOCKED,XUYEN,1,false,false
BTCUSDT,279,2022-10-18 18:30,1,BELOW,BELOW,BLOCKED,CHAN,1,false,
BTCUSDT,280,2022-10-20 10:30,3,ABOVE,ABOVE,THROUGH,XUYEN,1,true,
BTCUSDT,281,2022-10-21 12:00,3,BOTH,BELOW,THROUGH,XUYEN,0,true,
BTCUSDT,282,2022-10-24 13:30,14,BOTH,BELOW,BLOCKED,XUYEN,2,false,false
BTCUSDT,283,2022-10-26 08:30,1,ABOVE,ABOVE,BLOCKED,CHAN,2,false,
BTCUSDT,284,2022-10-26 20:00,14,BOTH,BELOW,THROUGH,XUYEN,1,true,
BTCUSDT,285,2022-10-27 10:30,7,BOTH,BELOW,THROUGH,XUYEN,2,true,
BTCUSDT,287,2022-10-28 12:30,1,ABOVE,ABOVE,BLOCKED,CHAN,3,false,
BTCUSDT,288,2022-11-02 00:00,9,BOTH,BELOW,THROUGH,XUYEN,0,true,
BTCUSDT,289,2022-11-06 01:45,1,BELOW,BELOW,BLOCKED,CHAN,1,false,
BTCUSDT,290,2022-11-07 14:30,7,BOTH,BELOW,THROUGH,XUYEN,2,true,
BTCUSDT,291,2022-11-08 02:45,1,BELOW,BELOW,BLOCKED,CHAN,1,false,
BTCUSDT,292,2022-11-10 13:30,51,BOTH,ABOVE,THROUGH,XUYEN,2,true,
BTCUSDT,293,2022-11-17 15:15,1,ABOVE,ABOVE,BLOCKED,CHAN,0,false,
BTCUSDT,294,2022-11-18 00:00,17,BOTH,ABOVE,BLOCKED,XUYEN,1,false,false
BTCUSDT,297,2022-11-23 07:30,27,BOTH,ABOVE,BLOCKED,XUYEN,2,false,false
BTCUSDT,298,2022-11-25 20:15,24,BOTH,ABOVE,THROUGH,XUYEN,2,true,
BTCUSDT,300,2022-11-28 14:30,6,BOTH,ABOVE,THROUGH,XUYEN,0,true,
BTCUSDT,301,2022-11-29 00:00,1,BELOW,BELOW,THROUGH,XUYEN,0,true,
BTCUSDT,303,2022-12-01 13:30,1,BELOW,BELOW,BLOCKED,CHAN,2,false,
BTCUSDT,304,2022-12-02 13:00,5,BOTH,ABOVE,THROUGH,XUYEN,2,true,
BTCUSDT,305,2022-12-03 11:00,11,BOTH,BELOW,BLOCKED,XUYEN,3,false,false
BTCUSDT,306,2022-12-04 01:15,29,BOTH,ABOVE,BLOCKED,XUYEN,3,false,false
BTCUSDT,307,2022-12-08 11:45,2,ABOVE,ABOVE,BLOCKED,CHAN,0,false,true
BTCUSDT,308,2022-12-09 12:30,2,BELOW,BELOW,THROUGH,XUYEN,0,true,
BTCUSDT,309,2022-12-10 15:15,17,BOTH,ABOVE,BLOCKED,XUYEN,1,false,false
BTCUSDT,310,2022-12-11 18:45,10,BOTH,ABOVE,THROUGH,XUYEN,0,true,
BTCUSDT,312,2022-12-14 08:30,11,BOTH,ABOVE,BLOCKED,XUYEN,2,false,false
BTCUSDT,316,2022-12-15 18:45,9,BOTH,ABOVE,THROUGH,XUYEN,1,true,
BTCUSDT,317,2022-12-16 07:00,1,ABOVE,ABOVE,THROUGH,XUYEN,0,true,
BTCUSDT,319,2022-12-18 22:30,5,BOTH,ABOVE,THROUGH,XUYEN,2,true,
BTCUSDT,320,2022-12-19 03:00,12,BOTH,BELOW,BLOCKED,XUYEN,2,false,false
BTCUSDT,321,2022-12-19 22:30,1,BELOW,BELOW,THROUGH,XUYEN,0,true,
BTCUSDT,324,2022-12-23 02:45,3,ABOVE,ABOVE,BLOCKED,CHAN,2,false,true
BTCUSDT,325,2022-12-23 13:30,10,BOTH,ABOVE,THROUGH,XUYEN,0,true,
BTCUSDT,326,2022-12-24 07:15,10,ABOVE,ABOVE,BLOCKED,XUYEN,1,false,false
BTCUSDT,327,2022-12-25 14:30,6,BOTH,BELOW,THROUGH,XUYEN,0,true,
BTCUSDT,328,2022-12-26 19:15,2,ABOVE,ABOVE,BLOCKED,CHAN,1,false,true
BTCUSDT,330,2022-12-28 03:00,3,BELOW,BELOW,BLOCKED,CHAN,2,false,true
BTCUSDT,331,2022-12-28 14:30,11,BOTH,ABOVE,THROUGH,XUYEN,0,true,
BTCUSDT,333,2022-12-30 21:00,24,BOTH,ABOVE,BLOCKED,XUYEN,2,false,false
BTCUSDT,334,2023-01-08 00:00,8,BOTH,ABOVE,THROUGH,XUYEN,0,true,
BTCUSDT,335,2023-01-08 15:45,4,BOTH,ABOVE,THROUGH,XUYEN,2,true,
BTCUSDT,337,2023-01-10 18:15,3,ABOVE,ABOVE,BLOCKED,CHAN,1,false,true
BTCUSDT,340,2023-01-14 14:30,15,BOTH,BELOW,BLOCKED,XUYEN,2,false,false
BTCUSDT,341,2023-01-16 08:00,13,BOTH,BELOW,BLOCKED,XUYEN,2,false,false
BTCUSDT,342,2023-01-17 14:00,11,BOTH,ABOVE,THROUGH,XUYEN,0,true,
BTCUSDT,343,2023-01-18 02:30,6,BOTH,ABOVE,BLOCKED,XUYEN,4,false,false
BTCUSDT,344,2023-01-18 13:30,5,BOTH,ABOVE,THROUGH,XUYEN,0,true,
BTCUSDT,345,2023-01-21 08:00,1,ABOVE,ABOVE,BLOCKED,CHAN,2,false,
BTCUSDT,346,2023-01-21 09:30,8,ABOVE,ABOVE,THROUGH,XUYEN,1,true,
BTCUSDT,347,2023-01-22 11:15,25,BOTH,BELOW,THROUGH,XUYEN,0,true,
BTCUSDT,348,2023-01-24 09:00,8,BOTH,BELOW,BLOCKED,XUYEN,1,false,false
BTCUSDT,349,2023-01-26 06:15,6,BOTH,BELOW,THROUGH,XUYEN,1,true,
BTCUSDT,351,2023-01-29 18:30,5,ABOVE,ABOVE,BLOCKED,XUYEN,2,false,false
BTCUSDT,352,2023-01-30 19:00,6,BOTH,BELOW,BLOCKED,XUYEN,1,false,false
BTCUSDT,353,2023-01-31 21:15,8,BOTH,BELOW,THROUGH,XUYEN,1,true,
BTCUSDT,354,2023-02-02 00:30,16,BOTH,ABOVE,BLOCKED,XUYEN,1,false,false
BTCUSDT,355,2023-02-04 23:30,6,BELOW,BELOW,BLOCKED,CHAN,1,false,true
BTCUSDT,356,2023-02-06 05:15,11,BOTH,BELOW,THROUGH,XUYEN,1,true,
BTCUSDT,357,2023-02-06 21:45,20,BOTH,BELOW,BLOCKED,XUYEN,1,false,false
BTCUSDT,358,2023-02-11 12:00,6,BOTH,ABOVE,BLOCKED,XUYEN,2,false,false
BTCUSDT,359,2023-02-11 21:45,17,BOTH,ABOVE,BLOCKED,XUYEN,2,false,false
BTCUSDT,360,2023-02-14 09:45,2,BOTH,ABOVE,THROUGH,XUYEN,2,true,
BTCUSDT,362,2023-02-17 20:00,35,BOTH,ABOVE,THROUGH,XUYEN,2,true,
BTCUSDT,363,2023-02-22 19:00,2,ABOVE,ABOVE,BLOCKED,CHAN,1,false,true
BTCUSDT,364,2023-02-23 11:15,1,BELOW,BELOW,BLOCKED,CHAN,0,false,
BTCUSDT,365,2023-02-24 05:00,4,BELOW,BELOW,BLOCKED,CHAN,2,false,true
BTCUSDT,367,2023-02-27 13:15,17,BOTH,ABOVE,THROUGH,XUYEN,0,true,
BTCUSDT,368,2023-02-28 14:30,4,ABOVE,ABOVE,BLOCKED,CHAN,3,false,true
BTCUSDT,369,2023-02-28 19:15,1,BELOW,BELOW,THROUGH,XUYEN,2,true,
BTCUSDT,370,2023-03-01 08:45,8,BOTH,ABOVE,BLOCKED,XUYEN,3,false,false
BTCUSDT,373,2023-03-03 13:45,51,BOTH,ABOVE,BLOCKED,XUYEN,1,false,false
BTCUSDT,374,2023-03-07 15:00,5,BELOW,BELOW,BLOCKED,CHAN,3,false,true
BTCUSDT,375,2023-03-07 19:45,5,BOTH,BELOW,THROUGH,XUYEN,2,true,
BTCUSDT,376,2023-03-08 15:00,4,ABOVE,ABOVE,BLOCKED,CHAN,2,false,true
BTCUSDT,379,2023-03-13 23:15,3,BOTH,BELOW,THROUGH,XUYEN,2,true,
BTCUSDT,380,2023-03-14 05:00,21,BOTH,ABOVE,THROUGH,XUYEN,1,true,
BTCUSDT,381,2023-03-15 22:00,7,BOTH,ABOVE,THROUGH,XUYEN,3,true,
BTCUSDT,383,2023-03-18 16:30,13,BOTH,ABOVE,THROUGH,XUYEN,2,true,
BTCUSDT,384,2023-03-22 07:30,5,BOTH,BELOW,BLOCKED,XUYEN,0,false,false
BTCUSDT,385,2023-03-23 05:30,2,ABOVE,ABOVE,BLOCKED,CHAN,1,false,true
BTCUSDT,387,2023-03-24 11:45,3,BELOW,BELOW,THROUGH,XUYEN,2,true,
BTCUSDT,389,2023-03-26 22:00,4,ABOVE,ABOVE,BLOCKED,CHAN,1,false,true
BTCUSDT,390,2023-03-27 05:45,5,BOTH,BELOW,BLOCKED,XUYEN,3,false,false
BTCUSDT,391,2023-03-30 02:15,5,BOTH,ABOVE,BLOCKED,XUYEN,0,false,false
BTCUSDT,394,2023-04-02 03:15,6,BOTH,ABOVE,THROUGH,XUYEN,0,true,
BTCUSDT,396,2023-04-03 01:30,25,BOTH,BELOW,THROUGH,XUYEN,1,true,
BTCUSDT,397,2023-04-06 00:00,2,BELOW,BELOW,BLOCKED,CHAN,1,false,true
BTCUSDT,398,2023-04-08 05:45,9,BOTH,ABOVE,THROUGH,XUYEN,0,true,
BTCUSDT,399,2023-04-08 17:45,3,BOTH,BELOW,THROUGH,XUYEN,2,true,
BTCUSDT,400,2023-04-09 14:15,3,BELOW,BELOW,BLOCKED,XUYEN,1,false,false
BTCUSDT,402,2023-04-10 04:45,10,BOTH,BELOW,BLOCKED,XUYEN,1,false,false
BTCUSDT,404,2023-04-11 19:15,6,BOTH,ABOVE,THROUGH,XUYEN,1,true,
BTCUSDT,405,2023-04-12 12:30,14,BOTH,ABOVE,THROUGH,XUYEN,0,true,
BTCUSDT,406,2023-04-13 08:30,1,ABOVE,ABOVE,BLOCKED,CHAN,2,false,
BTCUSDT,407,2023-04-14 00:30,20,BOTH,ABOVE,THROUGH,XUYEN,1,true,
BTCUSDT,408,2023-04-16 01:00,9,BOTH,BELOW,BLOCKED,CHAN,3,false,true
BTCUSDT,409,2023-04-17 00:15,11,BOTH,BELOW,BLOCKED,XUYEN,2,false,false
BTCUSDT,412,2023-04-19 21:15,2,BELOW,BELOW,BLOCKED,CHAN,2,false,true
BTCUSDT,413,2023-04-21 05:45,3,BELOW,BELOW,BLOCKED,XUYEN,2,false,false
BTCUSDT,415,2023-04-22 22:00,20,BOTH,ABOVE,THROUGH,XUYEN,0,true,
BTCUSDT,416,2023-04-24 13:30,24,BOTH,ABOVE,THROUGH,XUYEN,0,true,
BTCUSDT,417,2023-04-26 06:00,8,BOTH,ABOVE,THROUGH,XUYEN,1,true,
BTCUSDT,418,2023-04-30 14:30,6,BOTH,ABOVE,THROUGH,XUYEN,1,true,
BTCUSDT,419,2023-05-04 10:15,1,ABOVE,ABOVE,THROUGH,XUYEN,2,true,
BTCUSDT,421,2023-05-05 12:30,2,BOTH,BELOW,THROUGH,XUYEN,0,true,
BTCUSDT,422,2023-05-06 08:00,1,BELOW,BELOW,BLOCKED,CHAN,3,false,
BTCUSDT,424,2023-05-12 05:45,5,BOTH,BELOW,BLOCKED,XUYEN,2,false,false
BTCUSDT,425,2023-05-17 07:45,15,BOTH,BELOW,THROUGH,XUYEN,1,true,
BTCUSDT,426,2023-05-20 12:00,2,ABOVE,ABOVE,BLOCKED,CHAN,1,false,true
BTCUSDT,428,2023-05-21 00:45,4,BOTH,ABOVE,THROUGH,XUYEN,2,true,
BTCUSDT,429,2023-05-21 10:30,4,BOTH,BELOW,BLOCKED,XUYEN,1,false,false
BTCUSDT,431,2023-05-25 19:00,5,ABOVE,ABOVE,BLOCKED,CHAN,3,false,true
BTCUSDT,432,2023-05-26 12:30,1,BELOW,BELOW,THROUGH,XUYEN,2,true,
BTCUSDT,433,2023-05-27 13:15,4,BOTH,ABOVE,THROUGH,XUYEN,0,true,
BTCUSDT,434,2023-05-28 11:15,7,BOTH,BELOW,BLOCKED,XUYEN,1,false,false
BTCUSDT,435,2023-05-30 03:15,13,BOTH,ABOVE,THROUGH,XUYEN,3,true,
BTCUSDT,437,2023-06-01 02:45,9,BOTH,BELOW,BLOCKED,XUYEN,1,false,false
BTCUSDT,438,2023-06-02 12:30,20,BOTH,BELOW,BLOCKED,XUYEN,3,false,false
BTCUSDT,439,2023-06-04 22:15,2,ABOVE,ABOVE,THROUGH,XUYEN,1,true,
BTCUSDT,440,2023-06-06 12:00,2,BELOW,BELOW,THROUGH,XUYEN,2,true,
BTCUSDT,442,2023-06-10 17:00,2,ABOVE,ABOVE,THROUGH,XUYEN,0,true,
BTCUSDT,443,2023-06-12 17:15,15,BOTH,BELOW,THROUGH,XUYEN,0,true,
BTCUSDT,446,2023-06-19 16:30,2,ABOVE,ABOVE,BLOCKED,CHAN,2,false,true
BTCUSDT,447,2023-06-20 09:30,3,ABOVE,ABOVE,BLOCKED,XUYEN,1,false,false
BTCUSDT,448,2023-06-22 11:00,6,BOTH,BELOW,THROUGH,XUYEN,0,true,
BTCUSDT,449,2023-06-23 09:45,5,ABOVE,ABOVE,BLOCKED,CHAN,2,false,true
BTCUSDT,451,2023-06-27 14:00,9,BOTH,ABOVE,THROUGH,XUYEN,1,true,
BTCUSDT,452,2023-06-29 07:00,1,ABOVE,ABOVE,BLOCKED,CHAN,1,false,
BTCUSDT,453,2023-06-30 13:30,13,BOTH,BELOW,BLOCKED,XUYEN,1,false,false
BTCUSDT,454,2023-07-06 05:30,3,BOTH,ABOVE,THROUGH,XUYEN,2,true,
BTCUSDT,455,2023-07-07 12:30,3,ABOVE,ABOVE,BLOCKED,CHAN,2,false,true
BTCUSDT,456,2023-07-09 19:00,6,BOTH,BELOW,BLOCKED,XUYEN,3,false,false
BTCUSDT,457,2023-07-10 18:30,4,ABOVE,ABOVE,BLOCKED,CHAN,1,false,true
BTCUSDT,458,2023-07-11 13:30,2,BOTH,BELOW,THROUGH,XUYEN,1,true,
BTCUSDT,460,2023-07-13 09:00,1,ABOVE,ABOVE,THROUGH,XUYEN,1,true,
BTCUSDT,461,2023-07-16 02:15,22,BOTH,BELOW,THROUGH,XUYEN,0,true,
BTCUSDT,462,2023-07-17 10:15,11,BOTH,BELOW,THROUGH,XUYEN,2,true,
BTCUSDT,463,2023-07-18 16:45,45,BOTH,BELOW,THROUGH,XUYEN,3,true,
BTCUSDT,464,2023-07-22 23:15,11,BOTH,BELOW,THROUGH,XUYEN,2,true,
BTCUSDT,466,2023-07-25 09:30,5,BOTH,ABOVE,THROUGH,XUYEN,2,true,
BTCUSDT,467,2023-07-25 18:30,5,BOTH,ABOVE,THROUGH,XUYEN,3,true,
BTCUSDT,468,2023-07-26 06:30,38,BOTH,BELOW,THROUGH,XUYEN,2,true,
BTCUSDT,469,2023-07-30 14:45,1,ABOVE,ABOVE,BLOCKED,CHAN,2,false,
BTCUSDT,470,2023-07-30 19:45,7,BOTH,BELOW,THROUGH,XUYEN,1,true,
BTCUSDT,471,2023-08-01 02:00,3,BOTH,BELOW,THROUGH,XUYEN,1,true,
BTCUSDT,472,2023-08-02 06:45,1,BELOW,BELOW,BLOCKED,CHAN,3,false,
BTCUSDT,473,2023-08-02 16:45,17,BOTH,BELOW,BLOCKED,XUYEN,3,false,false
BTCUSDT,474,2023-08-04 12:30,3,ABOVE,ABOVE,BLOCKED,XUYEN,2,false,false
BTCUSDT,475,2023-08-06 20:45,14,BOTH,ABOVE,BLOCKED,XUYEN,1,false,false
BTCUSDT,477,2023-08-13 16:00,19,BOTH,BELOW,THROUGH,XUYEN,2,true,
BTCUSDT,478,2023-08-15 11:30,4,BOTH,BELOW,THROUGH,XUYEN,2,true,
BTCUSDT,482,2023-08-18 04:15,6,BOTH,BELOW,THROUGH,XUYEN,3,true,
BTCUSDT,483,2023-08-22 21:15,2,BELOW,BELOW,THROUGH,XUYEN,2,true,
BTCUSDT,484,2023-08-23 06:45,21,BOTH,ABOVE,THROUGH,XUYEN,0,true,
BTCUSDT,485,2023-08-25 13:00,1,ABOVE,ABOVE,THROUGH,XUYEN,0,true,
BTCUSDT,486,2023-08-26 02:15,9,BOTH,ABOVE,BLOCKED,XUYEN,3,false,false
BTCUSDT,487,2023-08-26 23:00,3,BOTH,BELOW,BLOCKED,CHAN,2,false,true
BTCUSDT,488,2023-08-27 14:00,11,BOTH,ABOVE,BLOCKED,XUYEN,1,false,false
BTCUSDT,489,2023-08-28 19:15,4,BELOW,BELOW,BLOCKED,XUYEN,1,false,false
BTCUSDT,492,2023-09-03 06:30,14,BOTH,ABOVE,THROUGH,XUYEN,2,true,
BTCUSDT,493,2023-09-04 10:30,4,BELOW,BELOW,BLOCKED,CHAN,2,false,true
BTCUSDT,494,2023-09-06 17:00,5,BOTH,BELOW,THROUGH,XUYEN,2,true,
BTCUSDT,495,2023-09-10 04:15,11,BOTH,BELOW,THROUGH,XUYEN,0,true,
BTCUSDT,497,2023-09-12 08:45,2,BOTH,BELOW,THROUGH,XUYEN,1,true,
BTCUSDT,498,2023-09-12 22:00,11,BOTH,BELOW,BLOCKED,XUYEN,1,false,false
BTCUSDT,499,2023-09-14 18:30,3,BELOW,BELOW,BLOCKED,CHAN,1,false,true
BTCUSDT,501,2023-09-15 22:30,28,BOTH,ABOVE,THROUGH,XUYEN,1,true,
BTCUSDT,502,2023-09-18 00:30,2,BELOW,BELOW,THROUGH,XUYEN,3,true,
BTCUSDT,503,2023-09-18 17:15,12,BOTH,BELOW,THROUGH,XUYEN,1,true,
BTCUSDT,504,2023-09-19 21:15,12,BOTH,BELOW,BLOCKED,XUYEN,2,false,false
BTCUSDT,505,2023-09-24 17:45,1,ABOVE,ABOVE,THROUGH,XUYEN,0,true,
BTCUSDT,506,2023-09-24 23:15,1,BELOW,BELOW,BLOCKED,CHAN,2,false,
BTCUSDT,507,2023-09-26 11:00,26,BOTH,BELOW,THROUGH,XUYEN,2,true,
BTCUSDT,508,2023-09-28 10:30,1,ABOVE,ABOVE,BLOCKED,CHAN,3,false,
BTCUSDT,509,2023-09-29 07:30,20,BOTH,ABOVE,THROUGH,XUYEN,2,true,
BTCUSDT,511,2023-10-02 03:30,5,BOTH,ABOVE,BLOCKED,XUYEN,1,false,false
BTCUSDT,513,2023-10-05 13:00,5,BOTH,ABOVE,THROUGH,XUYEN,0,true,
BTCUSDT,514,2023-10-06 12:30,3,BELOW,BELOW,THROUGH,XUYEN,3,true,
BTCUSDT,515,2023-10-06 21:30,7,BOTH,ABOVE,THROUGH,XUYEN,3,true,
BTCUSDT,516,2023-10-07 08:30,8,BOTH,ABOVE,BLOCKED,XUYEN,1,false,false
BTCUSDT,517,2023-10-08 01:30,12,BOTH,ABOVE,THROUGH,XUYEN,0,true,
BTCUSDT,520,2023-10-13 20:45,1,ABOVE,ABOVE,BLOCKED,CHAN,0,false,
BTCUSDT,521,2023-10-15 20:30,1,ABOVE,ABOVE,BLOCKED,CHAN,1,false,
BTCUSDT,523,2023-10-17 04:00,4,BOTH,BELOW,THROUGH,XUYEN,1,true,
BTCUSDT,524,2023-10-18 04:45,10,BOTH,ABOVE,THROUGH,XUYEN,0,true,
BTCUSDT,525,2023-10-24 21:45,2,ABOVE,ABOVE,BLOCKED,CHAN,0,false,true
BTCUSDT,526,2023-10-25 23:00,9,BOTH,BELOW,THROUGH,XUYEN,2,true,
BTCUSDT,529,2023-10-28 11:00,15,BOTH,ABOVE,THROUGH,XUYEN,2,true,
BTCUSDT,530,2023-11-01 12:45,9,BOTH,ABOVE,THROUGH,XUYEN,1,true,
BTCUSDT,531,2023-11-03 04:45,15,BOTH,BELOW,BLOCKED,XUYEN,3,false,false
BTCUSDT,532,2023-11-04 05:00,3,ABOVE,ABOVE,BLOCKED,CHAN,3,false,true
BTCUSDT,534,2023-11-05 13:45,19,BOTH,BELOW,THROUGH,XUYEN,1,true,
BTCUSDT,536,2023-11-12 23:00,4,BOTH,BELOW,THROUGH,XUYEN,0,true,
BTCUSDT,537,2023-11-13 21:00,2,BELOW,BELOW,BLOCKED,CHAN,1,false,true
BTCUSDT,538,2023-11-15 18:00,18,BOTH,ABOVE,BLOCKED,XUYEN,1,false,false
BTCUSDT,540,2023-11-18 05:00,10,BOTH,BELOW,BLOCKED,XUYEN,3,false,false
BTCUSDT,541,2023-11-19 06:00,5,BOTH,ABOVE,THROUGH,XUYEN,2,true,
BTCUSDT,543,2023-11-20 03:30,12,BOTH,BELOW,BLOCKED,XUYEN,2,false,false
BTCUSDT,544,2023-11-21 11:15,20,BOTH,BELOW,BLOCKED,XUYEN,2,false,false
BTCUSDT,545,2023-11-24 01:00,10,BOTH,ABOVE,BLOCKED,XUYEN,1,false,false
BTCUSDT,546,2023-11-26 23:00,7,BOTH,BELOW,THROUGH,XUYEN,1,true,
BTCUSDT,547,2023-11-29 20:30,24,BOTH,BELOW,BLOCKED,XUYEN,2,false,false
BTCUSDT,548,2023-12-02 18:00,1,ABOVE,ABOVE,BLOCKED,CHAN,2,false,
BTCUSDT,549,2023-12-07 08:00,6,BELOW,BELOW,BLOCKED,XUYEN,1,false,false
BTCUSDT,550,2023-12-09 08:30,2,BELOW,BELOW,BLOCKED,CHAN,1,false,true
BTCUSDT,552,2023-12-13 15:00,1,ABOVE,ABOVE,BLOCKED,CHAN,1,false,
BTCUSDT,553,2023-12-15 03:15,10,BOTH,BELOW,BLOCKED,XUYEN,2,false,false
BTCUSDT,555,2023-12-22 06:30,1,BELOW,BELOW,BLOCKED,CHAN,2,false,
BTCUSDT,556,2023-12-22 23:00,22,BOTH,ABOVE,THROUGH,XUYEN,1,true,
BTCUSDT,557,2023-12-24 16:00,3,BELOW,BELOW,BLOCKED,CHAN,4,false,true
BTCUSDT,561,2023-12-26 09:45,31,BOTH,BELOW,THROUGH,XUYEN,3,true,
BTCUSDT,562,2023-12-29 14:30,1,ABOVE,ABOVE,THROUGH,XUYEN,2,true,
BTCUSDT,563,2023-12-29 22:15,10,BOTH,BELOW,THROUGH,XUYEN,3,true,
BTCUSDT,564,2023-12-30 20:30,5,BOTH,BELOW,BLOCKED,XUYEN,2,false,false
BTCUSDT,565,2023-12-31 22:45,8,BOTH,BELOW,THROUGH,XUYEN,0,true,
BTCUSDT,566,2024-01-01 18:00,11,BOTH,ABOVE,THROUGH,XUYEN,1,true,
BTCUSDT,567,2024-01-04 07:00,4,BOTH,BELOW,BLOCKED,XUYEN,2,false,false
BTCUSDT,568,2024-01-04 20:30,3,ABOVE,ABOVE,THROUGH,XUYEN,3,true,
BTCUSDT,569,2024-01-05 01:45,4,BELOW,BELOW,BLOCKED,CHAN,2,false,true
BTCUSDT,570,2024-01-05 09:00,3,BOTH,ABOVE,THROUGH,XUYEN,4,true,
BTCUSDT,571,2024-01-05 19:45,19,BOTH,ABOVE,BLOCKED,XUYEN,3,false,false
BTCUSDT,572,2024-01-08 06:15,1,ABOVE,ABOVE,BLOCKED,CHAN,2,false,
BTCUSDT,573,2024-01-09 12:45,9,BOTH,BELOW,THROUGH,XUYEN,2,true,
BTCUSDT,574,2024-01-09 21:00,9,BOTH,ABOVE,THROUGH,XUYEN,1,true,
BTCUSDT,575,2024-01-11 03:00,10,BOTH,BELOW,BLOCKED,XUYEN,4,false,false
BTCUSDT,577,2024-01-14 19:15,2,BELOW,BELOW,BLOCKED,CHAN,2,false,true
BTCUSDT,578,2024-01-15 13:45,13,BOTH,ABOVE,THROUGH,XUYEN,1,true,
BTCUSDT,579,2024-01-16 14:30,21,BOTH,BELOW,THROUGH,XUYEN,2,true,
BTCUSDT,581,2024-01-22 18:45,3,BELOW,BELOW,BLOCKED,XUYEN,2,false,false
BTCUSDT,582,2024-01-27 19:30,6,BOTH,ABOVE,THROUGH,XUYEN,1,true,
BTCUSDT,583,2024-01-29 23:30,5,BOTH,ABOVE,BLOCKED,XUYEN,1,false,false
BTCUSDT,584,2024-01-31 09:00,52,BOTH,BELOW,THROUGH,XUYEN,1,true,
BTCUSDT,585,2024-02-06 10:30,12,BOTH,BELOW,BLOCKED,XUYEN,3,false,false
BTCUSDT,587,2024-02-09 22:30,3,BELOW,BELOW,BLOCKED,CHAN,1,false,true
BTCUSDT,588,2024-02-10 10:45,6,BOTH,BELOW,THROUGH,XUYEN,2,true,
BTCUSDT,589,2024-02-11 10:45,16,BOTH,ABOVE,BLOCKED,XUYEN,2,false,false
BTCUSDT,590,2024-02-12 06:45,6,BOTH,ABOVE,BLOCKED,XUYEN,2,false,false
BTCUSDT,591,2024-02-13 13:30,3,BELOW,BELOW,BLOCKED,XUYEN,2,false,false
BTCUSDT,592,2024-02-15 00:15,51,BOTH,ABOVE,BLOCKED,XUYEN,1,false,false
BTCUSDT,593,2024-02-18 22:00,13,BOTH,ABOVE,BLOCKED,XUYEN,3,false,false
BTCUSDT,594,2024-02-20 13:30,5,BOTH,ABOVE,THROUGH,XUYEN,1,true,
BTCUSDT,595,2024-02-25 14:30,9,BOTH,ABOVE,THROUGH,XUYEN,0,true,
BTCUSDT,597,2024-02-28 13:00,2,ABOVE,ABOVE,BLOCKED,CHAN,3,false,true
BTCUSDT,598,2024-03-03 07:15,3,BELOW,BELOW,BLOCKED,CHAN,0,false,true
BTCUSDT,600,2024-03-03 16:00,2,ABOVE,ABOVE,THROUGH,XUYEN,1,true,
BTCUSDT,601,2024-03-11 11:30,6,ABOVE,ABOVE,THROUGH,XUYEN,2,true,
BTCUSDT,602,2024-03-12 03:15,15,BOTH,BELOW,BLOCKED,XUYEN,1,false,false
BTCUSDT,603,2024-03-13 12:30,19,BOTH,BELOW,BLOCKED,XUYEN,1,false,false
BTCUSDT,604,2024-03-14 18:45,6,BOTH,BELOW,THROUGH,XUYEN,2,true,
BTCUSDT,605,2024-03-17 05:30,5,BOTH,BELOW,THROUGH,XUYEN,1,true,
BTCUSDT,606,2024-03-20 11:15,3,ABOVE,ABOVE,BLOCKED,XUYEN,2,false,false
BTCUSDT,608,2024-03-23 07:00,8,BOTH,ABOVE,BLOCKED,XUYEN,2,false,false
BTCUSDT,609,2024-03-27 13:00,5,BOTH,ABOVE,THROUGH,XUYEN,0,true,
BTCUSDT,610,2024-03-29 03:15,5,BELOW,BELOW,BLOCKED,CHAN,1,false,true
BTCUSDT,611,2024-03-31 18:30,2,ABOVE,ABOVE,THROUGH,XUYEN,1,true,
BTCUSDT,612,2024-04-05 05:15,26,BOTH,BELOW,BLOCKED,XUYEN,1,false,false
BTCUSDT,613,2024-04-13 11:00,3,BOTH,BELOW,BLOCKED,XUYEN,2,false,false
BTCUSDT,615,2024-04-14 22:00,31,BOTH,ABOVE,THROUGH,XUYEN,1,true,
BTCUSDT,617,2024-04-19 23:00,8,BELOW,BELOW,BLOCKED,CHAN,1,false,true
BTCUSDT,619,2024-04-21 16:00,7,BELOW,BELOW,BLOCKED,XUYEN,1,false,false
BTCUSDT,620,2024-04-24 04:45,4,BOTH,ABOVE,THROUGH,XUYEN,2,true,
BTCUSDT,621,2024-04-27 12:00,15,BOTH,ABOVE,BLOCKED,XUYEN,1,false,false
BTCUSDT,622,2024-05-01 07:00,6,BELOW,BELOW,BLOCKED,CHAN,1,false,true
BTCUSDT,624,2024-05-04 19:45,9,BOTH,ABOVE,BLOCKED,XUYEN,1,false,false
BTCUSDT,625,2024-05-05 13:15,16,BOTH,ABOVE,BLOCKED,XUYEN,3,false,false
BTCUSDT,626,2024-05-07 03:15,11,BOTH,BELOW,THROUGH,XUYEN,1,true,
BTCUSDT,627,2024-05-07 23:00,19,BOTH,BELOW,BLOCKED,XUYEN,2,false,false
BTCUSDT,628,2024-05-11 20:15,2,BELOW,BELOW,BLOCKED,CHAN,1,false,true
BTCUSDT,629,2024-05-12 07:15,8,BOTH,BELOW,THROUGH,XUYEN,2,true,
BTCUSDT,631,2024-05-14 06:00,3,BELOW,BELOW,THROUGH,XUYEN,1,true,
BTCUSDT,633,2024-05-16 11:45,11,BOTH,ABOVE,THROUGH,XUYEN,2,true,
BTCUSDT,634,2024-05-18 07:15,25,BOTH,ABOVE,BLOCKED,XUYEN,0,false,false
BTCUSDT,635,2024-05-19 19:00,5,BOTH,BELOW,THROUGH,XUYEN,1,true,
BTCUSDT,636,2024-05-20 04:30,2,ABOVE,ABOVE,THROUGH,XUYEN,1,true,
BTCUSDT,637,2024-05-22 21:00,9,BOTH,BELOW,BLOCKED,XUYEN,3,false,false
BTCUSDT,638,2024-05-25 23:00,3,BOTH,ABOVE,THROUGH,XUYEN,1,true,
BTCUSDT,639,2024-05-26 07:30,7,BOTH,ABOVE,THROUGH,XUYEN,3,true,
BTCUSDT,641,2024-05-27 01:30,4,BOTH,ABOVE,THROUGH,XUYEN,0,true,
BTCUSDT,642,2024-05-27 19:45,1,BELOW,BELOW,BLOCKED,CHAN,2,false,
BTCUSDT,643,2024-05-28 18:30,29,BOTH,BELOW,THROUGH,XUYEN,2,true,
BTCUSDT,644,2024-06-01 17:45,11,BOTH,ABOVE,BLOCKED,XUYEN,2,false,false
BTCUSDT,645,2024-06-06 19:30,5,BELOW,BELOW,BLOCKED,XUYEN,3,false,false
BTCUSDT,646,2024-06-07 11:30,3,ABOVE,ABOVE,THROUGH,XUYEN,0,true,
BTCUSDT,647,2024-06-07 22:45,30,BOTH,ABOVE,THROUGH,XUYEN,1,true,
BTCUSDT,648,2024-06-09 12:30,16,BOTH,ABOVE,THROUGH,XUYEN,3,true,
BTCUSDT,649,2024-06-11 01:45,6,BOTH,BELOW,THROUGH,XUYEN,2,true,
BTCUSDT,651,2024-06-13 12:30,3,BOTH,BELOW,THROUGH,XUYEN,0,true,
BTCUSDT,652,2024-06-16 17:00,4,BOTH,BELOW,THROUGH,XUYEN,2,true,
BTCUSDT,653,2024-06-16 22:00,9,BOTH,ABOVE,THROUGH,XUYEN,0,true,
BTCUSDT,655,2024-06-23 10:00,1,BELOW,BELOW,BLOCKED,CHAN,2,false,
BTCUSDT,656,2024-06-28 01:15,9,BOTH,ABOVE,BLOCKED,XUYEN,0,false,false
BTCUSDT,657,2024-06-28 19:15,3,BOTH,BELOW,THROUGH,XUYEN,1,true,
BTCUSDT,658,2024-06-29 11:30,19,BOTH,ABOVE,BLOCKED,XUYEN,2,false,false
BTCUSDT,661,2024-07-03 10:00,2,BELOW,BELOW,BLOCKED,CHAN,3,false,true
BTCUSDT,662,2024-07-04 22:00,4,BOTH,ABOVE,THROUGH,XUYEN,3,true,
BTCUSDT,664,2024-07-08 08:00,4,ABOVE,ABOVE,THROUGH,XUYEN,1,true,
BTCUSDT,666,2024-07-10 12:30,13,BOTH,BELOW,BLOCKED,XUYEN,1,false,false
BTCUSDT,667,2024-07-13 22:15,1,BELOW,BELOW,THROUGH,XUYEN,0,true,
BTCUSDT,669,2024-07-16 04:00,8,BOTH,BELOW,THROUGH,XUYEN,1,true,
BTCUSDT,670,2024-07-16 22:00,10,BOTH,BELOW,THROUGH,XUYEN,2,true,
BTCUSDT,671,2024-07-17 21:00,12,BOTH,BELOW,BLOCKED,XUYEN,4,false,false
BTCUSDT,672,2024-07-20 21:00,5,BELOW,BELOW,BLOCKED,CHAN,1,false,true
BTCUSDT,673,2024-07-21 13:30,19,BOTH,BELOW,THROUGH,XUYEN,1,true,
BTCUSDT,674,2024-07-25 01:00,2,BOTH,BELOW,THROUGH,XUYEN,1,true,
BTCUSDT,675,2024-07-27 12:00,14,BOTH,ABOVE,THROUGH,XUYEN,1,true,
BTCUSDT,677,2024-08-02 02:15,2,BELOW,BELOW,BLOCKED,CHAN,1,false,true
BTCUSDT,678,2024-08-02 10:45,3,BOTH,ABOVE,THROUGH,XUYEN,1,true,
BTCUSDT,679,2024-08-06 22:00,7,BOTH,ABOVE,THROUGH,XUYEN,1,true,
BTCUSDT,680,2024-08-08 21:30,1,ABOVE,ABOVE,BLOCKED,CHAN,1,false,
BTCUSDT,681,2024-08-11 19:15,5,BOTH,BELOW,THROUGH,XUYEN,1,true,
BTCUSDT,682,2024-08-14 06:00,6,BOTH,BELOW,THROUGH,XUYEN,2,true,
BTCUSDT,683,2024-08-14 22:00,15,BOTH,BELOW,BLOCKED,XUYEN,3,false,false
BTCUSDT,684,2024-08-19 09:45,7,BOTH,BELOW,THROUGH,XUYEN,1,true,
BTCUSDT,685,2024-08-21 13:30,3,BOTH,BELOW,THROUGH,XUYEN,0,true,
BTCUSDT,687,2024-08-23 11:00,4,BOTH,BELOW,THROUGH,XUYEN,0,true,
BTCUSDT,688,2024-08-23 21:15,13,BOTH,ABOVE,BLOCKED,XUYEN,2,false,false
BTCUSDT,689,2024-08-29 22:00,8,BOTH,BELOW,BLOCKED,XUYEN,1,false,false
BTCUSDT,690,2024-08-30 22:00,15,BOTH,ABOVE,BLOCKED,XUYEN,3,false,false
BTCUSDT,692,2024-09-03 06:00,5,BOTH,BELOW,BLOCKED,XUYEN,2,false,false
BTCUSDT,694,2024-09-05 21:30,6,BOTH,BELOW,BLOCKED,XUYEN,3,false,false
BTCUSDT,695,2024-09-06 07:15,2,BELOW,BELOW,BLOCKED,CHAN,1,false,true
BTCUSDT,696,2024-09-06 12:30,1,ABOVE,ABOVE,THROUGH,XUYEN,0,true,
BTCUSDT,697,2024-09-08 22:00,1,ABOVE,ABOVE,BLOCKED,CHAN,2,false,
BTCUSDT,698,2024-09-10 07:15,12,BOTH,ABOVE,BLOCKED,XUYEN,2,false,false
BTCUSDT,699,2024-09-12 12:30,20,BOTH,BELOW,THROUGH,XUYEN,0,true,
BTCUSDT,700,2024-09-14 18:00,8,BOTH,BELOW,THROUGH,XUYEN,2,true,
BTCUSDT,702,2024-09-16 13:30,5,BOTH,BELOW,BLOCKED,XUYEN,2,false,false
BTCUSDT,703,2024-09-20 10:30,4,BOTH,ABOVE,THROUGH,XUYEN,0,true,
BTCUSDT,704,2024-09-20 21:00,22,BOTH,ABOVE,BLOCKED,XUYEN,1,false,false
BTCUSDT,705,2024-09-23 21:15,7,BOTH,BELOW,THROUGH,XUYEN,2,true,
BTCUSDT,706,2024-09-24 19:45,10,BOTH,ABOVE,THROUGH,XUYEN,1,true,
BTCUSDT,707,2024-09-30 06:00,4,BOTH,ABOVE,THROUGH,XUYEN,1,true,
BTCUSDT,708,2024-10-04 12:30,7,BOTH,BELOW,THROUGH,XUYEN,0,true,
BTCUSDT,709,2024-10-09 20:45,9,BOTH,BELOW,THROUGH,XUYEN,1,true,
BTCUSDT,712,2024-10-15 11:00,4,BOTH,BELOW,THROUGH,XUYEN,2,true,
BTCUSDT,714,2024-10-20 22:00,4,BOTH,ABOVE,THROUGH,XUYEN,1,true,
BTCUSDT,715,2024-10-21 19:45,18,BOTH,ABOVE,THROUGH,XUYEN,2,true,
BTCUSDT,716,2024-10-22 22:00,3,BOTH,ABOVE,THROUGH,XUYEN,3,true,
BTCUSDT,717,2024-10-23 18:00,2,BOTH,BELOW,THROUGH,XUYEN,3,true,
BTCUSDT,718,2024-10-24 00:45,2,ABOVE,ABOVE,BLOCKED,CHAN,1,false,true
BTCUSDT,719,2024-10-24 19:15,12,BOTH,ABOVE,THROUGH,XUYEN,2,true,
BTCUSDT,720,2024-10-25 22:45,2,BELOW,BELOW,BLOCKED,CHAN,2,false,true
BTCUSDT,721,2024-10-26 09:15,23,BOTH,ABOVE,THROUGH,XUYEN,3,true,
BTCUSDT,724,2024-10-28 21:00,1,ABOVE,ABOVE,BLOCKED,CHAN,3,false,
BTCUSDT,725,2024-10-29 11:30,3,BOTH,ABOVE,THROUGH,XUYEN,2,true,
BTCUSDT,726,2024-10-30 20:00,3,ABOVE,ABOVE,BLOCKED,XUYEN,2,false,false
BTCUSDT,727,2024-11-02 23:00,1,BELOW,BELOW,BLOCKED,CHAN,1,false,
BTCUSDT,729,2024-11-05 19:45,2,BELOW,BELOW,THROUGH,XUYEN,3,true,
BTCUSDT,730,2024-11-10 10:30,3,ABOVE,ABOVE,BLOCKED,CHAN,2,false,true
BTCUSDT,731,2024-11-10 17:30,2,BOTH,ABOVE,THROUGH,XUYEN,1,true,
BTCUSDT,732,2024-11-18 11:00,14,BOTH,BELOW,THROUGH,XUYEN,1,true,
BTCUSDT,733,2024-11-19 12:00,7,BOTH,ABOVE,THROUGH,XUYEN,0,true,
BTCUSDT,734,2024-11-25 21:30,19,BOTH,BELOW,BLOCKED,XUYEN,1,false,false
BTCUSDT,735,2024-12-02 14:30,11,BOTH,ABOVE,BLOCKED,XUYEN,2,false,false
BTCUSDT,737,2024-12-03 10:45,15,BOTH,BELOW,THROUGH,XUYEN,1,true,
BTCUSDT,738,2024-12-05 22:15,7,BOTH,BELOW,BLOCKED,XUYEN,2,false,false
BTCUSDT,739,2024-12-06 17:30,9,ABOVE,ABOVE,BLOCKED,XUYEN,2,false,false
BTCUSDT,740,2024-12-07 14:00,8,BOTH,ABOVE,BLOCKED,XUYEN,2,false,false
BTCUSDT,741,2024-12-09 03:45,6,BOTH,ABOVE,THROUGH,XUYEN,2,true,
BTCUSDT,742,2024-12-11 13:30,1,ABOVE,ABOVE,BLOCKED,CHAN,2,false,
BTCUSDT,743,2024-12-14 01:00,11,BOTH,ABOVE,THROUGH,XUYEN,1,true,
BTCUSDT,744,2024-12-15 04:15,4,BOTH,ABOVE,BLOCKED,XUYEN,2,false,false
BTCUSDT,745,2024-12-15 23:00,5,ABOVE,ABOVE,BLOCKED,XUYEN,1,false,false
BTCUSDT,747,2024-12-31 08:15,1,ABOVE,ABOVE,BLOCKED,CHAN,1,false,
BTCUSDT,749,2025-01-04 00:00,16,BOTH,BELOW,THROUGH,XUYEN,0,true,
BTCUSDT,750,2025-01-05 08:00,2,BELOW,BELOW,BLOCKED,CHAN,1,false,true
BTCUSDT,751,2025-01-05 20:15,2,ABOVE,ABOVE,BLOCKED,XUYEN,1,false,false
BTCUSDT,753,2025-01-08 11:30,3,BELOW,BELOW,BLOCKED,CHAN,2,false,true
BTCUSDT,754,2025-01-09 02:00,7,BELOW,BELOW,BLOCKED,XUYEN,1,false,false
BTCUSDT,755,2025-01-10 13:30,24,BOTH,BELOW,THROUGH,XUYEN,2,true,
BTCUSDT,756,2025-01-13 14:30,1,ABOVE,ABOVE,BLOCKED,CHAN,1,false,
BTCUSDT,758,2025-01-15 17:45,11,BOTH,BELOW,THROUGH,XUYEN,1,true,
BTCUSDT,760,2025-01-17 14:30,2,ABOVE,ABOVE,BLOCKED,CHAN,1,false,true
BTCUSDT,761,2025-01-18 23:00,27,BOTH,ABOVE,THROUGH,XUYEN,1,true,
BTCUSDT,762,2025-01-23 14:30,1,ABOVE,ABOVE,BLOCKED,CHAN,2,false,
BTCUSDT,763,2025-01-25 10:00,3,BOTH,BELOW,THROUGH,XUYEN,2,true,
BTCUSDT,764,2025-01-26 18:00,4,BOTH,ABOVE,THROUGH,XUYEN,3,true,
BTCUSDT,765,2025-01-28 14:00,29,BOTH,BELOW,THROUGH,XUYEN,1,true,
BTCUSDT,766,2025-02-07 01:45,2,ABOVE,ABOVE,BLOCKED,CHAN,1,false,true
BTCUSDT,767,2025-02-07 13:30,6,BOTH,ABOVE,THROUGH,XUYEN,2,true,
BTCUSDT,768,2025-02-09 10:00,12,BOTH,BELOW,BLOCKED,XUYEN,2,false,false
BTCUSDT,769,2025-02-11 00:00,2,BOTH,ABOVE,THROUGH,XUYEN,1,true,
BTCUSDT,770,2025-02-12 02:45,27,BOTH,BELOW,THROUGH,XUYEN,2,true,
BTCUSDT,771,2025-02-14 03:45,12,BOTH,ABOVE,THROUGH,XUYEN,2,true,
BTCUSDT,772,2025-02-15 12:30,14,BOTH,ABOVE,THROUGH,XUYEN,2,true,
BTCUSDT,773,2025-02-16 12:30,2,BELOW,BELOW,BLOCKED,CHAN,2,false,true
BTCUSDT,774,2025-02-17 05:00,7,ABOVE,ABOVE,BLOCKED,XUYEN,0,false,false
BTCUSDT,775,2025-02-17 14:00,5,BOTH,ABOVE,THROUGH,XUYEN,0,true,
BTCUSDT,777,2025-02-19 23:00,2,ABOVE,ABOVE,BLOCKED,CHAN,2,false,true
BTCUSDT,778,2025-02-21 09:15,5,BOTH,BELOW,THROUGH,XUYEN,0,true,
BTCUSDT,781,2025-03-02 08:00,2,BELOW,BELOW,BLOCKED,XUYEN,1,false,false
BTCUSDT,782,2025-03-03 06:30,4,BOTH,BELOW,THROUGH,XUYEN,1,true,
BTCUSDT,783,2025-03-04 14:30,3,BOTH,ABOVE,THROUGH,XUYEN,1,true,
BTCUSDT,784,2025-03-05 14:30,7,BOTH,BELOW,BLOCKED,XUYEN,2,false,false
BTCUSDT,785,2025-03-06 01:45,11,BOTH,ABOVE,BLOCKED,XUYEN,1,false,false
BTCUSDT,786,2025-03-10 09:15,26,BOTH,ABOVE,BLOCKED,XUYEN,1,false,false
BTCUSDT,788,2025-03-16 16:00,36,BOTH,ABOVE,BLOCKED,XUYEN,2,false,false
BTCUSDT,789,2025-03-19 17:30,16,BOTH,BELOW,THROUGH,XUYEN,0,true,
BTCUSDT,790,2025-03-22 20:45,15,BOTH,BELOW,THROUGH,XUYEN,1,true,
BTCUSDT,791,2025-03-29 09:30,34,BOTH,BELOW,BLOCKED,XUYEN,1,false,false
BTCUSDT,792,2025-04-06 22:00,16,BOTH,BELOW,BLOCKED,XUYEN,3,false,false
BTCUSDT,793,2025-04-08 22:00,4,BOTH,BELOW,THROUGH,XUYEN,1,true,
BTCUSDT,794,2025-04-09 11:00,5,BOTH,BELOW,THROUGH,XUYEN,3,true,
BTCUSDT,795,2025-04-12 02:45,4,BOTH,BELOW,THROUGH,XUYEN,0,true,
BTCUSDT,796,2025-04-12 20:30,6,BOTH,ABOVE,BLOCKED,XUYEN,3,false,false
BTCUSDT,797,2025-04-13 19:30,23,BOTH,BELOW,BLOCKED,XUYEN,2,false,false
BTCUSDT,798,2025-04-15 13:30,1,ABOVE,ABOVE,THROUGH,XUYEN,1,true,
BTCUSDT,799,2025-04-18 07:15,23,BOTH,BELOW,THROUGH,XUYEN,2,true,
BTCUSDT,800,2025-04-20 20:00,1,ABOVE,ABOVE,BLOCKED,CHAN,2,false,
BTCUSDT,801,2025-04-21 05:45,14,BOTH,ABOVE,BLOCKED,XUYEN,3,false,false
BTCUSDT,802,2025-04-24 13:30,1,ABOVE,ABOVE,BLOCKED,CHAN,2,false,
BTCUSDT,803,2025-04-24 23:15,8,BOTH,ABOVE,THROUGH,XUYEN,1,true,
BTCUSDT,804,2025-04-28 00:00,9,BOTH,BELOW,BLOCKED,XUYEN,1,false,false
BTCUSDT,805,2025-04-30 03:45,15,BOTH,ABOVE,THROUGH,XUYEN,2,true,
BTCUSDT,806,2025-05-03 22:00,2,BELOW,BELOW,BLOCKED,CHAN,3,false,true
BTCUSDT,810,2025-05-12 07:00,15,BOTH,ABOVE,BLOCKED,XUYEN,1,false,false
BTCUSDT,811,2025-05-15 22:00,18,BOTH,ABOVE,BLOCKED,XUYEN,3,false,false
BTCUSDT,812,2025-05-18 13:30,5,BOTH,ABOVE,THROUGH,XUYEN,1,true,
BTCUSDT,813,2025-05-20 00:00,3,ABOVE,ABOVE,BLOCKED,CHAN,1,false,true
BTCUSDT,814,2025-05-20 04:45,5,BOTH,ABOVE,THROUGH,XUYEN,1,true,
BTCUSDT,815,2025-05-21 04:30,5,BOTH,ABOVE,THROUGH,XUYEN,0,true,
BTCUSDT,816,2025-05-22 11:45,7,ABOVE,ABOVE,BLOCKED,XUYEN,0,false,false
BTCUSDT,817,2025-05-23 22:45,5,BOTH,BELOW,THROUGH,XUYEN,1,true,
BTCUSDT,819,2025-05-25 22:00,1,ABOVE,ABOVE,BLOCKED,CHAN,1,false,
BTCUSDT,820,2025-05-27 13:00,5,ABOVE,ABOVE,THROUGH,XUYEN,1,true,
BTCUSDT,821,2025-05-29 10:45,1,ABOVE,ABOVE,THROUGH,XUYEN,2,true,
BTCUSDT,822,2025-06-01 16:00,26,BOTH,ABOVE,THROUGH,XUYEN,2,true,
BTCUSDT,823,2025-06-05 12:00,12,BOTH,ABOVE,THROUGH,XUYEN,0,true,
BTCUSDT,824,2025-06-07 06:45,5,BOTH,ABOVE,THROUGH,XUYEN,3,true,
BTCUSDT,825,2025-06-07 18:00,11,BOTH,ABOVE,BLOCKED,XUYEN,1,false,false
BTCUSDT,826,2025-06-08 21:45,2,BOTH,ABOVE,THROUGH,XUYEN,1,true,
BTCUSDT,827,2025-06-09 21:00,4,ABOVE,ABOVE,BLOCKED,CHAN,1,false,true
BTCUSDT,828,2025-06-11 12:00,2,ABOVE,ABOVE,BLOCKED,XUYEN,0,false,false
BTCUSDT,830,2025-06-13 00:00,14,BOTH,BELOW,BLOCKED,XUYEN,1,false,false
BTCUSDT,831,2025-06-15 19:30,8,BOTH,BELOW,THROUGH,XUYEN,1,true,
BTCUSDT,832,2025-06-19 22:00,4,BOTH,ABOVE,BLOCKED,XUYEN,1,false,false
BTCUSDT,833,2025-06-20 22:00,11,BOTH,BELOW,BLOCKED,XUYEN,1,false,false
BTCUSDT,836,2025-06-25 00:00,4,ABOVE,ABOVE,BLOCKED,CHAN,1,false,true
BTCUSDT,837,2025-06-26 09:00,3,BELOW,BELOW,BLOCKED,XUYEN,1,false,false
BTCUSDT,838,2025-06-29 08:30,4,BOTH,ABOVE,THROUGH,XUYEN,1,true,
BTCUSDT,839,2025-06-30 05:30,3,BELOW,BELOW,BLOCKED,XUYEN,3,false,false
BTCUSDT,840,2025-07-03 12:30,8,BOTH,BELOW,THROUGH,XUYEN,0,true,
BTCUSDT,841,2025-07-06 09:45,13,BOTH,BELOW,THROUGH,XUYEN,1,true,
BTCUSDT,842,2025-07-09 05:30,2,ABOVE,ABOVE,BLOCKED,CHAN,1,false,true
BTCUSDT,844,2025-07-16 05:00,18,BOTH,ABOVE,THROUGH,XUYEN,1,true,
BTCUSDT,845,2025-07-20 22:00,2,BELOW,BELOW,THROUGH,XUYEN,1,true,
BTCUSDT,846,2025-07-21 06:15,13,BOTH,ABOVE,THROUGH,XUYEN,3,true,
BTCUSDT,847,2025-07-22 18:45,10,BOTH,ABOVE,BLOCKED,XUYEN,3,false,false
BTCUSDT,849,2025-07-27 22:00,6,ABOVE,ABOVE,BLOCKED,XUYEN,2,false,false
BTCUSDT,851,2025-08-01 12:30,12,BOTH,ABOVE,THROUGH,XUYEN,0,true,
BTCUSDT,852,2025-08-05 12:15,8,BOTH,BELOW,THROUGH,XUYEN,1,true,
BTCUSDT,853,2025-08-10 20:00,12,BOTH,BELOW,THROUGH,XUYEN,0,true,
BTCUSDT,854,2025-08-12 12:30,6,BOTH,ABOVE,BLOCKED,XUYEN,1,false,false
BTCUSDT,855,2025-08-14 18:15,18,BOTH,ABOVE,THROUGH,XUYEN,0,true,
BTCUSDT,856,2025-08-16 22:00,4,BOTH,BELOW,BLOCKED,XUYEN,2,false,false
BTCUSDT,859,2025-08-19 13:30,11,BOTH,BELOW,THROUGH,XUYEN,1,true,
BTCUSDT,861,2025-08-26 12:30,8,BOTH,ABOVE,THROUGH,XUYEN,1,true,
BTCUSDT,862,2025-08-29 12:30,1,ABOVE,ABOVE,THROUGH,XUYEN,0,true,
BTCUSDT,863,2025-08-30 01:45,9,BOTH,BELOW,THROUGH,XUYEN,1,true,
BTCUSDT,864,2025-09-05 07:00,7,BOTH,ABOVE,THROUGH,XUYEN,1,true,
BTCUSDT,865,2025-09-08 13:00,11,BOTH,ABOVE,THROUGH,XUYEN,2,true,
BTCUSDT,866,2025-09-11 22:15,4,ABOVE,ABOVE,BLOCKED,CHAN,1,false,true
BTCUSDT,867,2025-09-17 05:45,8,BOTH,ABOVE,THROUGH,XUYEN,0,true,
BTCUSDT,868,2025-09-18 22:45,3,BOTH,BELOW,THROUGH,XUYEN,0,true,
BTCUSDT,870,2025-09-22 19:30,22,BOTH,BELOW,THROUGH,XUYEN,1,true,
BTCUSDT,875,2025-10-05 14:30,8,BOTH,BELOW,BLOCKED,XUYEN,1,false,false
BTCUSDT,876,2025-10-06 18:45,3,BOTH,ABOVE,THROUGH,XUYEN,3,true,
BTCUSDT,877,2025-10-09 20:45,4,ABOVE,ABOVE,BLOCKED,XUYEN,1,false,false
BTCUSDT,879,2025-10-11 07:00,8,BOTH,BELOW,THROUGH,XUYEN,2,true,
BTCUSDT,880,2025-10-11 19:00,9,BELOW,BELOW,BLOCKED,XUYEN,1,false,false
BTCUSDT,882,2025-10-12 22:00,16,BOTH,ABOVE,BLOCKED,XUYEN,2,false,false
BTCUSDT,883,2025-10-16 09:30,16,BOTH,ABOVE,THROUGH,XUYEN,3,true,
BTCUSDT,884,2025-10-21 10:30,4,ABOVE,ABOVE,BLOCKED,CHAN,2,false,true
BTCUSDT,885,2025-10-22 11:00,12,BOTH,ABOVE,THROUGH,XUYEN,1,true,
BTCUSDT,886,2025-10-24 11:30,12,BOTH,BELOW,THROUGH,XUYEN,2,true,
BTCUSDT,887,2025-10-25 12:45,17,BOTH,ABOVE,THROUGH,XUYEN,3,true,
BTCUSDT,890,2025-10-27 13:30,10,BOTH,BELOW,BLOCKED,XUYEN,1,false,false
BTCUSDT,892,2025-10-29 18:30,5,BOTH,BELOW,BLOCKED,XUYEN,2,false,false
BTCUSDT,894,2025-11-02 22:30,2,BOTH,BELOW,THROUGH,XUYEN,0,true,
BTCUSDT,895,2025-11-04 14:30,20,BOTH,ABOVE,THROUGH,XUYEN,1,true,
BTCUSDT,897,2025-11-11 01:15,3,BOTH,ABOVE,BLOCKED,XUYEN,1,false,false
BTCUSDT,898,2025-11-13 01:00,6,ABOVE,ABOVE,THROUGH,XUYEN,1,true,
BTCUSDT,900,2025-11-16 09:45,1,ABOVE,ABOVE,THROUGH,XUYEN,1,true,
BTCUSDT,901,2025-11-16 15:45,1,BELOW,BELOW,BLOCKED,CHAN,1,false,
BTCUSDT,902,2025-11-16 21:00,6,BOTH,BELOW,THROUGH,XUYEN,1,true,
BTCUSDT,903,2025-11-21 07:30,12,BOTH,BELOW,BLOCKED,XUYEN,1,false,false
BTCUSDT,904,2025-11-24 14:30,2,BOTH,BELOW,THROUGH,XUYEN,2,true,
BTCUSDT,905,2025-11-26 01:30,7,BOTH,ABOVE,THROUGH,XUYEN,3,true,
BTCUSDT,906,2025-11-29 02:30,3,BELOW,BELOW,BLOCKED,CHAN,3,false,true
BTCUSDT,907,2025-11-29 15:15,11,BOTH,ABOVE,THROUGH,XUYEN,0,true,
BTCUSDT,908,2025-11-30 08:15,2,ABOVE,ABOVE,BLOCKED,CHAN,2,false,true
BTCUSDT,909,2025-11-30 13:15,7,BOTH,ABOVE,THROUGH,XUYEN,3,true,
BTCUSDT,911,2025-12-03 14:00,16,BOTH,BELOW,THROUGH,XUYEN,0,true,
BTCUSDT,912,2025-12-05 03:45,3,BOTH,BELOW,BLOCKED,XUYEN,2,false,false
BTCUSDT,913,2025-12-06 14:15,15,BOTH,ABOVE,THROUGH,XUYEN,1,true,
BTCUSDT,914,2025-12-09 04:30,48,BOTH,BELOW,THROUGH,XUYEN,1,true,
BTCUSDT,915,2025-12-16 10:30,19,BOTH,ABOVE,BLOCKED,XUYEN,1,false,false
BTCUSDT,916,2025-12-21 01:30,22,BOTH,BELOW,THROUGH,XUYEN,1,true,
BTCUSDT,917,2025-12-24 14:30,9,BOTH,BELOW,THROUGH,XUYEN,2,true,
BTCUSDT,918,2025-12-25 20:15,1,BELOW,BELOW,THROUGH,XUYEN,1,true,
BTCUSDT,920,2025-12-27 22:00,1,ABOVE,ABOVE,THROUGH,XUYEN,1,true,
BTCUSDT,921,2025-12-28 04:00,8,BOTH,ABOVE,THROUGH,XUYEN,2,true,
BTCUSDT,923,2025-12-30 08:00,4,BOTH,ABOVE,BLOCKED,XUYEN,1,false,false
BTCUSDT,925,2026-01-03 20:00,1,BELOW,BELOW,THROUGH,XUYEN,1,true,
BTCUSDT,927,2026-01-04 06:00,14,BOTH,ABOVE,THROUGH,XUYEN,0,true,
BTCUSDT,928,2026-01-05 14:30,10,BOTH,ABOVE,THROUGH,XUYEN,1,true,
BTCUSDT,929,2026-01-11 23:00,2,ABOVE,ABOVE,BLOCKED,CHAN,1,false,true
BTCUSDT,931,2026-01-12 13:00,3,BOTH,BELOW,THROUGH,XUYEN,3,true,
BTCUSDT,932,2026-01-13 13:30,3,BOTH,ABOVE,THROUGH,XUYEN,2,true,
BTCUSDT,934,2026-01-15 14:30,3,BELOW,BELOW,BLOCKED,CHAN,0,false,true
BTCUSDT,935,2026-01-17 07:00,7,BOTH,BELOW,THROUGH,XUYEN,3,true,
BTCUSDT,936,2026-01-17 22:00,6,BOTH,BELOW,BLOCKED,XUYEN,2,false,false
BTCUSDT,938,2026-01-20 22:30,6,BOTH,BELOW,THROUGH,XUYEN,1,true,
BTCUSDT,939,2026-01-21 11:45,27,BOTH,BELOW,THROUGH,XUYEN,0,true,
BTCUSDT,940,2026-01-24 21:00,2,BOTH,BELOW,THROUGH,XUYEN,2,true,
BTCUSDT,941,2026-01-25 08:30,14,BOTH,BELOW,THROUGH,XUYEN,3,true,
BTCUSDT,942,2026-02-01 23:00,10,BOTH,BELOW,THROUGH,XUYEN,1,true,
BTCUSDT,943,2026-02-07 23:00,7,BELOW,BELOW,BLOCKED,XUYEN,2,false,false
BTCUSDT,944,2026-02-08 23:00,11,BOTH,ABOVE,THROUGH,XUYEN,0,true,
BTCUSDT,945,2026-02-14 11:00,15,BOTH,ABOVE,THROUGH,XUYEN,1,true,
BTCUSDT,947,2026-02-15 17:45,14,BOTH,BELOW,BLOCKED,XUYEN,3,false,false
BTCUSDT,948,2026-02-17 05:15,5,BELOW,BELOW,BLOCKED,CHAN,3,false,true
BTCUSDT,949,2026-02-17 14:30,24,BOTH,BELOW,BLOCKED,XUYEN,1,false,false
BTCUSDT,950,2026-02-21 14:15,15,BOTH,ABOVE,BLOCKED,XUYEN,2,false,false
BTCUSDT,952,2026-02-27 22:30,3,ABOVE,ABOVE,BLOCKED,CHAN,1,false,true
BTCUSDT,955,2026-03-01 13:45,15,BOTH,ABOVE,THROUGH,XUYEN,0,true,
BTCUSDT,956,2026-03-03 23:00,8,BOTH,ABOVE,THROUGH,XUYEN,3,true,
BTCUSDT,957,2026-03-05 14:30,1,BELOW,BELOW,BLOCKED,CHAN,2,false,
BTCUSDT,958,2026-03-06 04:30,3,BOTH,BELOW,THROUGH,XUYEN,3,true,
BTCUSDT,959,2026-03-08 22:00,3,BOTH,BELOW,THROUGH,XUYEN,1,true,
BTCUSDT,960,2026-03-09 19:15,1,ABOVE,ABOVE,BLOCKED,CHAN,3,false,
BTCUSDT,961,2026-03-10 02:30,6,ABOVE,ABOVE,BLOCKED,CHAN,1,false,true
BTCUSDT,962,2026-03-12 01:00,13,BOTH,BELOW,THROUGH,XUYEN,1,true,
BTCUSDT,963,2026-03-13 22:00,3,BOTH,BELOW,THROUGH,XUYEN,1,true,
BTCUSDT,965,2026-03-15 13:00,4,BELOW,BELOW,BLOCKED,CHAN,1,false,true
BTCUSDT,966,2026-03-15 17:45,2,ABOVE,ABOVE,THROUGH,XUYEN,0,true,
BTCUSDT,967,2026-03-16 03:30,4,BOTH,ABOVE,BLOCKED,XUYEN,1,false,false
BTCUSDT,968,2026-03-19 03:15,1,ABOVE,ABOVE,THROUGH,XUYEN,2,true,
BTCUSDT,969,2026-03-19 19:00,10,BOTH,ABOVE,BLOCKED,XUYEN,1,false,false
BTCUSDT,970,2026-03-21 14:00,2,BOTH,ABOVE,THROUGH,XUYEN,0,true,
BTCUSDT,972,2026-03-22 18:30,4,BELOW,BELOW,THROUGH,XUYEN,1,true,
BTCUSDT,975,2026-03-25 00:30,4,BOTH,ABOVE,THROUGH,XUYEN,3,true,
BTCUSDT,976,2026-03-25 05:00,7,ABOVE,ABOVE,BLOCKED,CHAN,3,false,true
BTCUSDT,977,2026-03-25 22:30,2,BOTH,ABOVE,BLOCKED,CHAN,3,false,true
BTCUSDT,978,2026-03-26 09:30,1,BELOW,BELOW,BLOCKED,CHAN,2,false,
BTCUSDT,980,2026-03-28 13:30,13,BOTH,ABOVE,THROUGH,XUYEN,1,true,
BTCUSDT,981,2026-03-30 17:15,10,BOTH,BELOW,THROUGH,XUYEN,1,true,
BTCUSDT,982,2026-04-01 12:30,9,BOTH,ABOVE,THROUGH,XUYEN,0,true,
BTCUSDT,983,2026-04-03 12:30,9,BELOW,BELOW,BLOCKED,CHAN,0,false,true
BTCUSDT,984,2026-04-04 06:45,12,BOTH,BELOW,THROUGH,XUYEN,4,true,
BTCUSDT,985,2026-04-11 13:00,5,BOTH,BELOW,THROUGH,XUYEN,2,true,
BTCUSDT,987,2026-04-12 22:00,5,BOTH,BELOW,BLOCKED,XUYEN,1,false,false
BTCUSDT,988,2026-04-17 01:15,18,BOTH,BELOW,THROUGH,XUYEN,1,true,
BTCUSDT,989,2026-04-22 05:15,4,ABOVE,ABOVE,BLOCKED,CHAN,2,false,true
BTCUSDT,990,2026-04-23 10:00,33,BOTH,BELOW,THROUGH,XUYEN,4,true,
BTCUSDT,991,2026-04-27 19:30,13,BOTH,ABOVE,BLOCKED,XUYEN,1,false,false
BTCUSDT,992,2026-04-29 09:45,1,ABOVE,ABOVE,THROUGH,XUYEN,0,true,
BTCUSDT,993,2026-04-29 18:00,15,BOTH,BELOW,BLOCKED,XUYEN,3,false,false
BTCUSDT,995,2026-05-02 21:30,8,BOTH,ABOVE,THROUGH,XUYEN,2,true,
BTCUSDT,996,2026-05-04 10:00,7,BOTH,BELOW,THROUGH,XUYEN,1,true,
BTCUSDT,997,2026-05-05 11:00,4,ABOVE,ABOVE,BLOCKED,CHAN,3,false,true
BTCUSDT,998,2026-05-06 08:30,11,BOTH,ABOVE,THROUGH,XUYEN,1,true,
BTCUSDT,999,2026-05-09 04:00,15,BOTH,ABOVE,THROUGH,XUYEN,2,true,
BTCUSDT,1000,2026-05-12 16:45,10,BOTH,BELOW,THROUGH,XUYEN,4,true,
BTCUSDT,1001,2026-05-16 04:30,1,BELOW,BELOW,BLOCKED,CHAN,3,false,
BTCUSDT,1002,2026-05-17 09:45,7,BOTH,ABOVE,THROUGH,XUYEN,1,true,
BTCUSDT,1003,2026-05-19 22:00,1,BELOW,BELOW,BLOCKED,CHAN,0,false,
BTCUSDT,1005,2026-05-20 12:45,25,BOTH,ABOVE,THROUGH,XUYEN,3,true,
BTCUSDT,1006,2026-05-23 07:45,1,BELOW,BELOW,THROUGH,XUYEN,1,true,
BTCUSDT,1007,2026-05-25 06:00,14,BOTH,BELOW,BLOCKED,XUYEN,1,false,false
BTCUSDT,1009,2026-06-01 11:45,1,BELOW,BELOW,BLOCKED,CHAN,2,false,
BTCUSDT,1010,2026-06-02 19:15,4,BOTH,BELOW,THROUGH,XUYEN,2,true,
BTCUSDT,1011,2026-06-03 05:00,2,BOTH,ABOVE,THROUGH,XUYEN,1,true,
BTCUSDT,1012,2026-06-06 04:00,19,BOTH,BELOW,THROUGH,XUYEN,0,true,
BTCUSDT,1014,2026-06-09 04:30,5,BOTH,ABOVE,THROUGH,XUYEN,1,true,
BTCUSDT,1015,2026-06-10 04:30,10,BOTH,BELOW,THROUGH,XUYEN,2,true,
BTCUSDT,1017,2026-06-11 10:45,6,BOTH,ABOVE,THROUGH,XUYEN,1,true,
BTCUSDT,1018,2026-06-11 23:30,14,BOTH,ABOVE,THROUGH,XUYEN,0,true,
BTCUSDT,1019,2026-06-13 21:30,4,ABOVE,ABOVE,BLOCKED,XUYEN,1,false,false
BTCUSDT,1021,2026-06-15 10:45,20,BOTH,ABOVE,BLOCKED,XUYEN,1,false,false
BTCUSDT,1022,2026-06-19 03:15,9,BOTH,BELOW,BLOCKED,XUYEN,3,false,false
BTCUSDT,1023,2026-06-19 23:45,1,ABOVE,ABOVE,BLOCKED,CHAN,1,false,
BTCUSDT,1024,2026-06-20 05:00,8,BOTH,ABOVE,BLOCKED,XUYEN,3,false,false
BTCUSDT,1025,2026-06-20 13:15,1,BELOW,BELOW,THROUGH,XUYEN,3,true,
BTCUSDT,1026,2026-06-21 01:30,21,BOTH,ABOVE,THROUGH,XUYEN,2,true,
BTCUSDT,1027,2026-06-22 11:00,6,BOTH,ABOVE,THROUGH,XUYEN,1,true,
BTCUSDT,1028,2026-06-25 04:45,4,BOTH,ABOVE,THROUGH,XUYEN,1,true,
BTCUSDT,1029,2026-06-29 12:00,9,BOTH,ABOVE,THROUGH,XUYEN,0,true,
BTCUSDT,1030,2026-07-01 01:00,9,BOTH,BELOW,THROUGH,XUYEN,0,true,
BTCUSDT,1032,2026-07-04 00:00,11,BOTH,ABOVE,THROUGH,XUYEN,2,true,
BTCUSDT,1033,2026-07-04 15:00,17,ABOVE,ABOVE,BLOCKED,XUYEN,2,false,false
BTCUSDT,1034,2026-07-06 03:15,1,BELOW,BELOW,BLOCKED,CHAN,3,false,
BTCUSDT,1035,2026-07-06 11:45,1,BELOW,BELOW,THROUGH,XUYEN,1,true,
BTCUSDT,1036,2026-07-06 21:00,8,BOTH,ABOVE,THROUGH,XUYEN,1,true,
BTCUSDT,1037,2026-07-08 01:30,3,BELOW,BELOW,BLOCKED,XUYEN,1,false,false
BTCUSDT,1039,2026-07-11 15:30,3,BELOW,BELOW,BLOCKED,CHAN,2,false,true
BTCUSDT,1040,2026-07-13 00:00,5,BOTH,ABOVE,THROUGH,XUYEN,0,true,
BTCUSDT,1041,2026-07-14 22:15,19,BOTH,ABOVE,THROUGH,XUYEN,2,true,
BTCUSDT,1043,2026-07-19 17:00,4,BOTH,ABOVE,THROUGH,XUYEN,2,true,
BTCUSDT,1044,2026-07-20 00:00,4,BOTH,ABOVE,THROUGH,XUYEN,0,true,
BTCUSDT,1045,2026-07-20 06:30,3,BOTH,BELOW,THROUGH,XUYEN,2,true,
BTCUSDT,1046,2026-07-20 11:30,2,BOTH,ABOVE,THROUGH,XUYEN,0,true,
BTCUSDT,1047,2026-07-21 05:45,1,ABOVE,ABOVE,BLOCKED,CHAN,2,false,
BTCUSDT,1048,2026-07-21 17:45,8,BOTH,BELOW,BLOCKED,XUYEN,2,false,false
BTCUSDT,1049,2026-07-23 07:00,2,BELOW,BELOW,BLOCKED,CHAN,2,false,true
BTCUSDT,1050,2026-07-25 00:30,6,BOTH,BELOW,BLOCKED,XUYEN,2,false,false
BTCUSDT,1051,2026-07-26 12:00,2,BOTH,ABOVE,THROUGH,XUYEN,2,true,
BTCUSDT,1052,2026-07-26 22:00,1,ABOVE,ABOVE,BLOCKED,CHAN,1,false,
BTCUSDT,1053,2026-07-27 06:00,5,BOTH,ABOVE,THROUGH,XUYEN,2,true,
BTCUSDT,1054,2026-08-02 02:00,2,ABOVE,ABOVE,BLOCKED,CHAN,1,false,true
BTCUSDT,1055,2026-08-02 16:30,4,BOTH,ABOVE,BLOCKED,XUYEN,1,false,false
ETHUSDT,0,2020-11-24 06:00,6,BOTH,BELOW,BLOCKED,XUYEN,2,false,false
ETHUSDT,1,2020-11-27 20:00,1,ABOVE,ABOVE,BLOCKED,CHAN,1,false,
ETHUSDT,2,2020-11-30 08:00,18,BOTH,BELOW,THROUGH,XUYEN,0,true,
ETHUSDT,4,2020-12-04 16:00,3,BOTH,BELOW,BLOCKED,XUYEN,4,false,false
ETHUSDT,6,2020-12-06 13:30,13,BOTH,BELOW,THROUGH,XUYEN,1,true,
ETHUSDT,7,2020-12-09 07:45,22,BOTH,BELOW,THROUGH,XUYEN,1,true,
ETHUSDT,8,2020-12-13 16:00,10,ABOVE,ABOVE,BLOCKED,CHAN,3,false,true
ETHUSDT,9,2020-12-14 10:45,15,BOTH,BELOW,THROUGH,XUYEN,2,true,
ETHUSDT,10,2020-12-15 21:15,2,BOTH,BELOW,THROUGH,XUYEN,1,true,
ETHUSDT,11,2020-12-18 13:45,30,BOTH,BELOW,BLOCKED,XUYEN,2,false,false
ETHUSDT,12,2020-12-21 03:30,4,BOTH,ABOVE,THROUGH,XUYEN,3,true,
ETHUSDT,14,2020-12-31 07:00,17,BOTH,ABOVE,BLOCKED,XUYEN,1,false,false
ETHUSDT,15,2021-01-02 00:00,9,BOTH,BELOW,THROUGH,XUYEN,0,true,
ETHUSDT,17,2021-01-06 11:00,28,BOTH,ABOVE,BLOCKED,XUYEN,1,false,false
ETHUSDT,18,2021-01-17 13:30,17,BOTH,BELOW,THROUGH,XUYEN,0,true,
ETHUSDT,19,2021-01-20 09:30,47,BOTH,BELOW,BLOCKED,XUYEN,1,false,false
ETHUSDT,20,2021-01-29 08:45,12,BOTH,ABOVE,BLOCKED,CHAN,2,false,true
ETHUSDT,21,2021-02-09 08:00,10,BOTH,ABOVE,THROUGH,XUYEN,1,true,
ETHUSDT,22,2021-02-10 12:00,51,BOTH,BELOW,BLOCKED,XUYEN,1,false,false
ETHUSDT,23,2021-02-20 00:00,18,BOTH,BELOW,THROUGH,XUYEN,1,true,
ETHUSDT,24,2021-02-26 04:00,42,BOTH,ABOVE,THROUGH,XUYEN,3,true,
ETHUSDT,25,2021-03-12 13:00,27,BOTH,BELOW,THROUGH,XUYEN,1,true,
ETHUSDT,26,2021-03-16 15:00,24,BOTH,ABOVE,THROUGH,XUYEN,3,true,
ETHUSDT,27,2021-03-20 13:00,5,ABOVE,ABOVE,BLOCKED,CHAN,2,false,true
ETHUSDT,29,2021-03-21 09:30,18,BOTH,BELOW,THROUGH,XUYEN,2,true,
ETHUSDT,30,2021-03-24 12:00,3,ABOVE,ABOVE,BLOCKED,XUYEN,2,false,false
ETHUSDT,32,2021-03-27 20:30,14,BOTH,ABOVE,BLOCKED,XUYEN,1,false,false
ETHUSDT,33,2021-03-31 07:45,4,BOTH,BELOW,THROUGH,XUYEN,1,true,
ETHUSDT,34,2021-04-06 14:00,20,BOTH,BELOW,THROUGH,XUYEN,2,true,
ETHUSDT,35,2021-04-11 19:15,19,BOTH,BELOW,BLOCKED,XUYEN,2,false,false
ETHUSDT,36,2021-04-16 04:30,11,BOTH,BELOW,BLOCKED,XUYEN,1,false,false
ETHUSDT,37,2021-04-25 20:45,2,BOTH,BELOW,THROUGH,XUYEN,1,true,
ETHUSDT,38,2021-04-26 16:00,12,BOTH,BELOW,THROUGH,XUYEN,2,true,
ETHUSDT,39,2021-04-27 13:30,3,BOTH,BELOW,THROUGH,XUYEN,0,true,
ETHUSDT,40,2021-04-29 09:00,7,BOTH,ABOVE,THROUGH,XUYEN,1,true,
ETHUSDT,41,2021-05-05 14:00,1,BELOW,BELOW,THROUGH,XUYEN,0,true,
ETHUSDT,42,2021-05-05 22:15,11,BOTH,ABOVE,THROUGH,XUYEN,1,true,
ETHUSDT,43,2021-05-07 04:00,10,BOTH,BELOW,THROUGH,XUYEN,4,true,
ETHUSDT,44,2021-05-12 02:15,4,BOTH,ABOVE,THROUGH,XUYEN,1,true,
ETHUSDT,45,2021-05-12 22:00,2,BOTH,BELOW,THROUGH,XUYEN,3,true,
ETHUSDT,46,2021-05-13 16:45,15,BOTH,BELOW,THROUGH,XUYEN,2,true,
ETHUSDT,47,2021-05-15 16:00,10,BELOW,BELOW,BLOCKED,CHAN,4,false,true
ETHUSDT,48,2021-05-18 04:00,12,BOTH,ABOVE,THROUGH,XUYEN,1,true,
ETHUSDT,49,2021-06-01 08:00,31,BOTH,BELOW,BLOCKED,XUYEN,2,false,false
ETHUSDT,51,2021-06-13 20:00,17,BOTH,ABOVE,BLOCKED,XUYEN,1,false,false
ETHUSDT,52,2021-06-19 18:00,4,BELOW,BELOW,BLOCKED,CHAN,2,false,true
ETHUSDT,53,2021-06-20 19:30,2,BOTH,ABOVE,THROUGH,XUYEN,2,true,
ETHUSDT,55,2021-06-29 04:00,38,BOTH,ABOVE,BLOCKED,XUYEN,3,false,false
ETHUSDT,56,2021-07-03 21:45,21,BOTH,BELOW,THROUGH,XUYEN,0,true,
ETHUSDT,58,2021-07-06 21:45,6,BOTH,BELOW,THROUGH,XUYEN,2,true,
ETHUSDT,60,2021-07-08 21:45,37,BOTH,BELOW,THROUGH,XUYEN,1,true,
ETHUSDT,61,2021-07-13 05:00,4,BELOW,BELOW,BLOCKED,CHAN,0,false,true
ETHUSDT,62,2021-07-14 03:15,2,BELOW,BELOW,THROUGH,XUYEN,1,true,
ETHUSDT,63,2021-07-14 13:00,12,BOTH,ABOVE,BLOCKED,XUYEN,1,false,false
ETHUSDT,65,2021-07-18 14:30,10,BOTH,BELOW,THROUGH,XUYEN,1,true,
ETHUSDT,66,2021-07-24 03:45,5,ABOVE,ABOVE,BLOCKED,XUYEN,1,false,false
ETHUSDT,70,2021-08-04 22:00,6,BOTH,ABOVE,THROUGH,XUYEN,2,true,
ETHUSDT,71,2021-08-05 08:45,1,BELOW,BELOW,THROUGH,XUYEN,1,true,
ETHUSDT,72,2021-08-07 21:00,11,BOTH,ABOVE,THROUGH,XUYEN,1,true,
ETHUSDT,73,2021-08-10 13:30,15,BOTH,BELOW,BLOCKED,XUYEN,1,false,false
ETHUSDT,74,2021-08-13 20:00,21,BOTH,ABOVE,BLOCKED,XUYEN,1,false,false
ETHUSDT,75,2021-08-18 15:45,4,BOTH,ABOVE,THROUGH,XUYEN,2,true,
ETHUSDT,76,2021-08-19 03:00,8,BELOW,BELOW,BLOCKED,XUYEN,1,false,false
ETHUSDT,77,2021-08-21 10:45,11,BOTH,ABOVE,THROUGH,XUYEN,0,true,
ETHUSDT,79,2021-08-26 12:00,18,BOTH,BELOW,THROUGH,XUYEN,0,true,
ETHUSDT,80,2021-08-27 20:00,17,BOTH,ABOVE,BLOCKED,XUYEN,1,false,false
ETHUSDT,83,2021-09-05 20:45,6,BOTH,ABOVE,BLOCKED,XUYEN,2,false,false
ETHUSDT,84,2021-09-06 03:30,17,BOTH,BELOW,THROUGH,XUYEN,4,true,
ETHUSDT,86,2021-09-13 13:30,6,BOTH,ABOVE,THROUGH,XUYEN,1,true,
ETHUSDT,87,2021-09-15 20:00,17,BOTH,ABOVE,BLOCKED,XUYEN,1,false,false
ETHUSDT,88,2021-09-20 22:45,36,BOTH,BELOW,THROUGH,XUYEN,2,true,
ETHUSDT,89,2021-09-27 20:00,2,BOTH,BELOW,THROUGH,XUYEN,2,true,
ETHUSDT,91,2021-09-29 15:30,1,BELOW,BELOW,THROUGH,XUYEN,1,true,
ETHUSDT,92,2021-10-03 17:45,20,BOTH,ABOVE,THROUGH,XUYEN,1,true,
ETHUSDT,93,2021-10-08 20:45,1,BELOW,BELOW,BLOCKED,CHAN,3,false,
ETHUSDT,94,2021-10-09 06:00,34,BOTH,ABOVE,BLOCKED,XUYEN,0,false,false
ETHUSDT,95,2021-10-15 13:15,1,ABOVE,ABOVE,BLOCKED,CHAN,0,false,
ETHUSDT,96,2021-10-15 20:15,8,BOTH,ABOVE,BLOCKED,XUYEN,2,false,false
ETHUSDT,97,2021-10-16 17:00,9,BOTH,BELOW,THROUGH,XUYEN,1,true,
ETHUSDT,99,2021-10-18 19:00,5,BOTH,BELOW,THROUGH,XUYEN,3,true,
ETHUSDT,101,2021-10-23 15:15,8,BOTH,ABOVE,BLOCKED,XUYEN,2,false,false
ETHUSDT,102,2021-10-26 14:00,12,BOTH,BELOW,THROUGH,XUYEN,1,true,
ETHUSDT,103,2021-10-28 18:30,7,BOTH,BELOW,THROUGH,XUYEN,3,true,
ETHUSDT,104,2021-11-01 02:15,10,BOTH,BELOW,THROUGH,XUYEN,1,true,
ETHUSDT,105,2021-11-03 18:00,29,BOTH,ABOVE,BLOCKED,XUYEN,1,false,false
ETHUSDT,106,2021-11-13 14:00,8,BOTH,ABOVE,BLOCKED,XUYEN,1,false,false
ETHUSDT,107,2021-11-14 21:30,6,ABOVE,ABOVE,BLOCKED,XUYEN,1,false,false
ETHUSDT,109,2021-11-17 10:30,13,BOTH,ABOVE,BLOCKED,XUYEN,1,false,false
ETHUSDT,110,2021-11-20 15:00,1,BELOW,BELOW,THROUGH,XUYEN,1,true,
ETHUSDT,111,2021-11-21 10:30,4,BOTH,BELOW,BLOCKED,XUYEN,2,false,false
ETHUSDT,112,2021-11-21 16:45,4,ABOVE,ABOVE,BLOCKED,XUYEN,3,false,false
ETHUSDT,113,2021-11-21 23:45,7,BOTH,BELOW,BLOCKED,XUYEN,1,false,false
ETHUSDT,114,2021-11-24 00:00,6,BOTH,ABOVE,THROUGH,XUYEN,2,true,
ETHUSDT,115,2021-11-26 07:30,9,BOTH,BELOW,THROUGH,XUYEN,1,true,
ETHUSDT,116,2021-12-02 03:00,16,BOTH,BELOW,BLOCKED,XUYEN,1,false,false
ETHUSDT,117,2021-12-05 14:00,2,BELOW,BELOW,BLOCKED,CHAN,1,false,true
ETHUSDT,118,2021-12-06 08:00,5,BELOW,BELOW,BLOCKED,XUYEN,3,false,false
ETHUSDT,119,2021-12-08 10:30,4,BOTH,BELOW,THROUGH,XUYEN,2,true,
ETHUSDT,120,2021-12-10 06:45,4,BOTH,BELOW,THROUGH,XUYEN,2,true,
ETHUSDT,121,2021-12-12 17:00,24,BOTH,ABOVE,THROUGH,XUYEN,1,true,
ETHUSDT,122,2021-12-16 22:00,1,BELOW,BELOW,BLOCKED,CHAN,4,false,
ETHUSDT,123,2021-12-17 18:45,6,ABOVE,ABOVE,THROUGH,XUYEN,1,true,
ETHUSDT,125,2021-12-18 19:00,28,BOTH,BELOW,THROUGH,XUYEN,0,true,
ETHUSDT,126,2021-12-21 08:00,27,BOTH,ABOVE,BLOCKED,XUYEN,3,false,false
ETHUSDT,127,2021-12-29 09:15,15,BOTH,BELOW,THROUGH,XUYEN,0,true,
ETHUSDT,128,2022-01-01 15:30,5,BOTH,ABOVE,THROUGH,XUYEN,1,true,
ETHUSDT,129,2022-01-07 13:30,17,BOTH,BELOW,BLOCKED,XUYEN,2,false,false
ETHUSDT,130,2022-01-10 04:15,8,BOTH,ABOVE,THROUGH,XUYEN,1,true,
ETHUSDT,131,2022-01-12 06:30,2,BOTH,ABOVE,THROUGH,XUYEN,1,true,
ETHUSDT,132,2022-01-12 11:30,22,BOTH,ABOVE,BLOCKED,XUYEN,1,false,false
ETHUSDT,133,2022-01-19 03:30,3,BELOW,BELOW,BLOCKED,CHAN,1,false,true
ETHUSDT,134,2022-01-19 23:45,8,BOTH,BELOW,THROUGH,XUYEN,1,true,
ETHUSDT,136,2022-01-23 23:00,46,BOTH,ABOVE,BLOCKED,XUYEN,2,false,false
ETHUSDT,137,2022-01-28 13:30,1,ABOVE,ABOVE,BLOCKED,CHAN,1,false,
ETHUSDT,138,2022-02-02 12:00,3,BOTH,ABOVE,THROUGH,XUYEN,1,true,
ETHUSDT,139,2022-02-06 14:30,3,BOTH,BELOW,THROUGH,XUYEN,1,true,
ETHUSDT,140,2022-02-07 14:30,16,BOTH,ABOVE,BLOCKED,XUYEN,2,false,false
ETHUSDT,141,2022-02-10 02:45,1,BELOW,BELOW,THROUGH,XUYEN,1,true,
ETHUSDT,142,2022-02-10 13:30,3,BELOW,BELOW,BLOCKED,CHAN,0,false,true
ETHUSDT,143,2022-02-22 03:00,6,BOTH,BELOW,THROUGH,XUYEN,1,true,
ETHUSDT,147,2022-02-25 22:45,10,BOTH,ABOVE,BLOCKED,XUYEN,2,false,false
ETHUSDT,149,2022-03-02 21:45,3,ABOVE,ABOVE,THROUGH,XUYEN,0,true,
ETHUSDT,150,2022-03-06 16:00,11,BOTH,ABOVE,THROUGH,XUYEN,1,true,
ETHUSDT,151,2022-03-10 13:30,23,BOTH,BELOW,BLOCKED,XUYEN,2,false,false
ETHUSDT,153,2022-03-14 04:00,6,ABOVE,ABOVE,THROUGH,XUYEN,1,true,
ETHUSDT,154,2022-03-15 07:00,4,BELOW,BELOW,BLOCKED,XUYEN,3,false,false
ETHUSDT,155,2022-03-17 12:00,1,ABOVE,ABOVE,BLOCKED,CHAN,1,false,
ETHUSDT,156,2022-03-18 00:00,5,BELOW,BELOW,BLOCKED,XUYEN,2,false,false
ETHUSDT,157,2022-03-19 12:15,11,BOTH,ABOVE,BLOCKED,XUYEN,1,false,false
ETHUSDT,159,2022-03-23 01:00,10,BOTH,BELOW,THROUGH,XUYEN,0,true,
ETHUSDT,160,2022-03-25 01:30,19,BOTH,ABOVE,BLOCKED,XUYEN,1,false,false
ETHUSDT,162,2022-03-27 02:00,10,BOTH,ABOVE,THROUGH,XUYEN,0,true,
ETHUSDT,164,2022-03-28 00:30,16,BOTH,ABOVE,BLOCKED,XUYEN,2,false,false
ETHUSDT,165,2022-04-03 18:45,12,BOTH,ABOVE,THROUGH,XUYEN,2,true,
ETHUSDT,166,2022-04-04 09:45,6,BOTH,BELOW,BLOCKED,XUYEN,1,false,false
ETHUSDT,168,2022-04-06 04:00,3,ABOVE,ABOVE,BLOCKED,XUYEN,2,false,false
ETHUSDT,169,2022-04-07 11:00,29,BOTH,ABOVE,THROUGH,XUYEN,3,true,
ETHUSDT,170,2022-04-09 17:30,6,BOTH,ABOVE,BLOCKED,XUYEN,3,false,false
ETHUSDT,171,2022-04-16 20:45,6,ABOVE,ABOVE,BLOCKED,XUYEN,1,false,false
ETHUSDT,172,2022-04-18 04:00,3,BOTH,BELOW,THROUGH,XUYEN,1,true,
ETHUSDT,173,2022-04-20 07:00,12,BOTH,ABOVE,THROUGH,XUYEN,1,true,
ETHUSDT,175,2022-04-22 07:15,4,BELOW,BELOW,THROUGH,XUYEN,0,true,
ETHUSDT,176,2022-04-22 22:00,13,BOTH,BELOW,BLOCKED,XUYEN,3,false,false
ETHUSDT,177,2022-04-23 23:30,15,BOTH,BELOW,THROUGH,XUYEN,1,true,
ETHUSDT,178,2022-04-28 07:45,3,BOTH,ABOVE,THROUGH,XUYEN,1,true,
ETHUSDT,179,2022-04-30 19:45,10,BOTH,ABOVE,THROUGH,XUYEN,1,true,
ETHUSDT,180,2022-05-02 04:45,2,ABOVE,ABOVE,BLOCKED,CHAN,1,false,true
ETHUSDT,181,2022-05-02 09:45,24,BOTH,BELOW,BLOCKED,XUYEN,3,false,false
ETHUSDT,182,2022-05-05 08:00,4,BELOW,BELOW,BLOCKED,CHAN,3,false,true
ETHUSDT,183,2022-05-06 07:30,1,BELOW,BELOW,BLOCKED,CHAN,2,false,
ETHUSDT,184,2022-05-08 10:45,3,BOTH,ABOVE,THROUGH,XUYEN,3,true,
ETHUSDT,185,2022-05-08 17:00,2,BELOW,BELOW,THROUGH,XUYEN,3,true,
ETHUSDT,187,2022-05-12 13:30,11,BOTH,BELOW,THROUGH,XUYEN,3,true,
ETHUSDT,188,2022-05-18 12:45,18,BOTH,BELOW,BLOCKED,XUYEN,1,false,false
ETHUSDT,189,2022-05-22 22:00,5,BOTH,ABOVE,BLOCKED,XUYEN,1,false,false
ETHUSDT,190,2022-05-25 13:30,2,ABOVE,ABOVE,BLOCKED,CHAN,1,false,true
ETHUSDT,191,2022-05-25 18:00,7,BOTH,ABOVE,BLOCKED,XUYEN,4,false,false
ETHUSDT,192,2022-05-26 08:15,17,BOTH,BELOW,BLOCKED,XUYEN,2,false,false
ETHUSDT,193,2022-06-02 13:00,4,BELOW,BELOW,BLOCKED,CHAN,0,false,true
ETHUSDT,194,2022-06-02 18:45,1,BELOW,BELOW,THROUGH,XUYEN,3,true,
ETHUSDT,195,2022-06-02 22:00,10,BOTH,ABOVE,THROUGH,XUYEN,1,true,
ETHUSDT,196,2022-06-06 13:30,1,BELOW,BELOW,BLOCKED,CHAN,1,false,
ETHUSDT,197,2022-06-10 00:00,7,BOTH,BELOW,THROUGH,XUYEN,1,true,
ETHUSDT,199,2022-06-10 23:15,7,BOTH,BELOW,THROUGH,XUYEN,2,true,
ETHUSDT,201,2022-06-14 20:15,11,BOTH,BELOW,THROUGH,XUYEN,0,true,
ETHUSDT,202,2022-06-18 06:45,21,BOTH,BELOW,BLOCKED,XUYEN,1,false,false
ETHUSDT,203,2022-06-22 20:30,3,BOTH,BELOW,THROUGH,XUYEN,1,true,
ETHUSDT,204,2022-06-26 11:30,3,BOTH,ABOVE,THROUGH,XUYEN,0,true,
ETHUSDT,206,2022-06-27 18:00,10,BOTH,ABOVE,BLOCKED,XUYEN,0,false,false
ETHUSDT,208,2022-07-01 23:45,1,BELOW,BELOW,BLOCKED,CHAN,1,false,
ETHUSDT,209,2022-07-02 18:45,5,BOTH,ABOVE,THROUGH,XUYEN,2,true,
ETHUSDT,210,2022-07-03 04:45,8,BOTH,ABOVE,THROUGH,XUYEN,2,true,
ETHUSDT,211,2022-07-04 06:45,1,BELOW,BELOW,THROUGH,XUYEN,1,true,
ETHUSDT,214,2022-07-08 01:15,7,BOTH,ABOVE,BLOCKED,XUYEN,1,false,false
ETHUSDT,216,2022-07-09 17:30,16,BOTH,ABOVE,THROUGH,XUYEN,2,true,
ETHUSDT,217,2022-07-16 04:00,3,BELOW,BELOW,BLOCKED,XUYEN,3,false,false
ETHUSDT,218,2022-07-17 17:15,7,BOTH,ABOVE,THROUGH,XUYEN,0,true,
ETHUSDT,219,2022-07-20 10:15,4,BOTH,ABOVE,THROUGH,XUYEN,2,true,
ETHUSDT,220,2022-07-20 20:00,3,BELOW,BELOW,BLOCKED,CHAN,4,false,true
ETHUSDT,222,2022-07-22 19:30,8,BOTH,BELOW,THROUGH,XUYEN,1,true,
ETHUSDT,223,2022-07-23 08:45,7,BOTH,BELOW,THROUGH,XUYEN,1,true,
ETHUSDT,224,2022-07-25 19:00,2,BOTH,BELOW,THROUGH,XUYEN,2,true,
ETHUSDT,225,2022-07-26 11:45,3,BOTH,BELOW,BLOCKED,XUYEN,2,false,false
ETHUSDT,227,2022-07-28 02:30,3,ABOVE,ABOVE,BLOCKED,CHAN,1,false,true
ETHUSDT,228,2022-07-28 20:30,9,BOTH,ABOVE,BLOCKED,XUYEN,2,false,false
ETHUSDT,229,2022-07-29 16:00,24,BOTH,BELOW,THROUGH,XUYEN,0,true,
ETHUSDT,230,2022-07-31 18:00,20,BOTH,ABOVE,THROUGH,XUYEN,0,true,
ETHUSDT,231,2022-08-07 11:45,13,BOTH,ABOVE,THROUGH,XUYEN,1,true,
ETHUSDT,233,2022-08-14 11:30,2,BOTH,BELOW,THROUGH,XUYEN,1,true,
ETHUSDT,234,2022-08-17 18:00,11,BOTH,ABOVE,THROUGH,XUYEN,2,true,
ETHUSDT,237,2022-08-21 20:45,15,BOTH,ABOVE,THROUGH,XUYEN,1,true,
ETHUSDT,238,2022-08-23 18:15,9,BOTH,ABOVE,THROUGH,XUYEN,1,true,
ETHUSDT,239,2022-08-24 21:45,16,BOTH,BELOW,BLOCKED,XUYEN,1,false,false
ETHUSDT,240,2022-08-30 19:00,1,ABOVE,ABOVE,BLOCKED,CHAN,2,false,
ETHUSDT,245,2022-09-09 12:30,15,BOTH,ABOVE,BLOCKED,XUYEN,2,false,false
ETHUSDT,246,2022-09-10 21:45,15,BOTH,ABOVE,THROUGH,XUYEN,1,true,
ETHUSDT,247,2022-09-14 11:45,19,BOTH,BELOW,THROUGH,XUYEN,0,true,
ETHUSDT,248,2022-09-19 02:15,5,BOTH,BELOW,THROUGH,XUYEN,2,true,
ETHUSDT,249,2022-09-19 21:15,12,BOTH,ABOVE,BLOCKED,XUYEN,2,false,false
ETHUSDT,250,2022-09-20 13:15,15,BOTH,BELOW,THROUGH,XUYEN,2,true,
ETHUSDT,251,2022-09-21 17:30,14,BOTH,ABOVE,THROUGH,XUYEN,2,true,
ETHUSDT,252,2022-09-25 22:00,18,BOTH,ABOVE,BLOCKED,XUYEN,1,false,false
ETHUSDT,253,2022-09-29 07:00,11,BOTH,BELOW,THROUGH,XUYEN,1,true,
ETHUSDT,254,2022-09-30 00:30,18,BOTH,ABOVE,THROUGH,XUYEN,3,true,
ETHUSDT,255,2022-10-02 19:00,17,BOTH,ABOVE,THROUGH,XUYEN,0,true,
ETHUSDT,256,2022-10-05 11:30,6,BOTH,BELOW,THROUGH,XUYEN,2,true,
ETHUSDT,258,2022-10-08 04:30,2,BELOW,BELOW,BLOCKED,CHAN,3,false,true
ETHUSDT,260,2022-10-09 10:30,13,BOTH,ABOVE,BLOCKED,XUYEN,1,false,false
ETHUSDT,261,2022-10-10 22:00,3,BELOW,BELOW,BLOCKED,CHAN,1,false,true
ETHUSDT,262,2022-10-12 12:30,5,BELOW,BELOW,BLOCKED,CHAN,1,false,true
ETHUSDT,263,2022-10-13 10:15,6,BOTH,BELOW,BLOCKED,XUYEN,2,false,false
ETHUSDT,265,2022-10-18 18:30,6,BOTH,BELOW,THROUGH,XUYEN,2,true,
ETHUSDT,266,2022-10-19 00:45,6,BELOW,BELOW,BLOCKED,CHAN,3,false,true
ETHUSDT,267,2022-10-21 12:00,4,BOTH,BELOW,THROUGH,XUYEN,2,true,
ETHUSDT,268,2022-10-23 11:00,4,BOTH,BELOW,THROUGH,XUYEN,2,true,
ETHUSDT,269,2022-10-23 22:00,3,ABOVE,ABOVE,BLOCKED,CHAN,1,false,true
ETHUSDT,270,2022-10-24 13:30,17,BOTH,ABOVE,THROUGH,XUYEN,0,true,
ETHUSDT,272,2022-10-26 20:00,13,BOTH,BELOW,THROUGH,XUYEN,0,true,
ETHUSDT,275,2022-10-29 22:00,9,BOTH,BELOW,THROUGH,XUYEN,2,true,
ETHUSDT,276,2022-10-31 22:00,3,ABOVE,ABOVE,BLOCKED,CHAN,0,false,true
ETHUSDT,277,2022-11-02 05:00,4,BOTH,ABOVE,THROUGH,XUYEN,3,true,
ETHUSDT,278,2022-11-03 22:00,3,BELOW,BELOW,BLOCKED,XUYEN,0,false,false
ETHUSDT,280,2022-11-04 10:45,1,ABOVE,ABOVE,THROUGH,XUYEN,3,true,
ETHUSDT,281,2022-11-06 16:00,1,BELOW,BELOW,BLOCKED,CHAN,0,false,
ETHUSDT,282,2022-11-08 02:45,1,BELOW,BELOW,BLOCKED,CHAN,1,false,
ETHUSDT,283,2022-11-10 17:30,6,BOTH,BELOW,THROUGH,XUYEN,2,true,
ETHUSDT,284,2022-11-15 13:30,4,BOTH,ABOVE,THROUGH,XUYEN,2,true,
ETHUSDT,287,2022-11-20 19:45,11,BOTH,ABOVE,THROUGH,XUYEN,0,true,
ETHUSDT,288,2022-11-26 14:30,4,BELOW,BELOW,BLOCKED,CHAN,1,false,true
ETHUSDT,290,2022-11-28 14:30,11,BOTH,ABOVE,THROUGH,XUYEN,0,true,
ETHUSDT,291,2022-11-29 00:00,1,BELOW,BELOW,THROUGH,XUYEN,2,true,
ETHUSDT,294,2022-12-01 13:30,13,BOTH,BELOW,THROUGH,XUYEN,1,true,
ETHUSDT,297,2022-12-06 23:00,1,ABOVE,ABOVE,THROUGH,XUYEN,1,true,
ETHUSDT,299,2022-12-09 18:00,8,BOTH,BELOW,THROUGH,XUYEN,3,true,
ETHUSDT,300,2022-12-10 23:30,5,BOTH,BELOW,THROUGH,XUYEN,1,true,
ETHUSDT,301,2022-12-11 18:45,1,ABOVE,ABOVE,THROUGH,XUYEN,1,true,
ETHUSDT,302,2022-12-12 02:45,4,BELOW,BELOW,BLOCKED,CHAN,1,false,true
ETHUSDT,303,2022-12-12 20:45,1,ABOVE,ABOVE,BLOCKED,CHAN,1,false,
ETHUSDT,305,2022-12-16 07:00,1,ABOVE,ABOVE,THROUGH,XUYEN,0,true,
ETHUSDT,306,2022-12-16 14:15,3,BOTH,ABOVE,THROUGH,XUYEN,0,true,
ETHUSDT,308,2022-12-18 18:00,11,BOTH,ABOVE,BLOCKED,XUYEN,1,false,false
ETHUSDT,309,2022-12-19 22:30,1,BELOW,BELOW,THROUGH,XUYEN,1,true,
ETHUSDT,310,2022-12-20 11:15,22,BOTH,ABOVE,BLOCKED,XUYEN,2,false,false
ETHUSDT,311,2022-12-21 23:00,8,ABOVE,ABOVE,BLOCKED,XUYEN,2,false,false
ETHUSDT,313,2022-12-23 08:00,16,BOTH,BELOW,THROUGH,XUYEN,0,true,
ETHUSDT,314,2022-12-25 05:15,7,BOTH,BELOW,THROUGH,XUYEN,3,true,
ETHUSDT,315,2022-12-25 14:30,1,BELOW,BELOW,BLOCKED,CHAN,1,false,
ETHUSDT,316,2022-12-25 19:00,2,BELOW,BELOW,THROUGH,XUYEN,2,true,
ETHUSDT,317,2022-12-27 07:30,1,BELOW,BELOW,BLOCKED,CHAN,1,false,
ETHUSDT,318,2022-12-27 14:30,1,BELOW,BELOW,BLOCKED,CHAN,2,false,
ETHUSDT,319,2022-12-28 03:00,1,BELOW,BELOW,BLOCKED,CHAN,1,false,
ETHUSDT,320,2022-12-29 09:15,17,BOTH,ABOVE,BLOCKED,XUYEN,2,false,false
ETHUSDT,321,2022-12-30 21:00,24,BOTH,ABOVE,BLOCKED,XUYEN,3,false,false
ETHUSDT,322,2023-01-02 01:00,1,BELOW,BELOW,THROUGH,XUYEN,4,true,
ETHUSDT,324,2023-01-04 17:30,22,BOTH,ABOVE,THROUGH,XUYEN,1,true,
ETHUSDT,325,2023-01-07 06:00,23,BOTH,BELOW,THROUGH,XUYEN,2,true,
ETHUSDT,326,2023-01-08 15:45,3,BOTH,ABOVE,THROUGH,XUYEN,0,true,
ETHUSDT,330,2023-01-11 15:30,1,BELOW,BELOW,THROUGH,XUYEN,0,true,
ETHUSDT,332,2023-01-14 14:30,15,BOTH,BELOW,BLOCKED,XUYEN,1,false,false
ETHUSDT,333,2023-01-16 08:00,16,BOTH,BELOW,THROUGH,XUYEN,1,true,
ETHUSDT,334,2023-01-17 14:00,12,BOTH,ABOVE,THROUGH,XUYEN,2,true,
ETHUSDT,335,2023-01-18 13:30,1,ABOVE,ABOVE,THROUGH,XUYEN,0,true,
ETHUSDT,341,2023-01-26 10:45,25,BOTH,BELOW,THROUGH,XUYEN,3,true,
ETHUSDT,344,2023-01-30 19:00,27,BOTH,BELOW,BLOCKED,XUYEN,1,false,false
ETHUSDT,345,2023-02-04 13:00,12,BOTH,ABOVE,BLOCKED,XUYEN,1,false,false
ETHUSDT,346,2023-02-06 05:15,5,BOTH,BELOW,THROUGH,XUYEN,0,true,
ETHUSDT,347,2023-02-06 23:00,28,BOTH,BELOW,BLOCKED,XUYEN,2,false,false
ETHUSDT,348,2023-02-14 09:45,2,ABOVE,ABOVE,THROUGH,XUYEN,2,true,
ETHUSDT,350,2023-02-16 13:30,39,BOTH,BELOW,THROUGH,XUYEN,2,true,
ETHUSDT,352,2023-02-22 19:00,4,ABOVE,ABOVE,BLOCKED,CHAN,2,false,true
ETHUSDT,353,2023-02-23 11:15,4,BELOW,BELOW,BLOCKED,CHAN,0,false,true
ETHUSDT,354,2023-02-24 19:30,18,BOTH,ABOVE,BLOCKED,XUYEN,1,false,false
ETHUSDT,355,2023-03-01 08:45,16,BOTH,ABOVE,THROUGH,XUYEN,3,true,
ETHUSDT,358,2023-03-07 15:00,13,BOTH,BELOW,BLOCKED,XUYEN,2,false,false
ETHUSDT,360,2023-03-14 05:00,11,BOTH,ABOVE,THROUGH,XUYEN,0,true,
ETHUSDT,361,2023-03-15 22:00,18,BOTH,ABOVE,THROUGH,XUYEN,2,true,
ETHUSDT,362,2023-03-16 19:15,3,ABOVE,ABOVE,THROUGH,XUYEN,1,true,
ETHUSDT,363,2023-03-19 15:00,5,BOTH,ABOVE,BLOCKED,XUYEN,2,false,false
ETHUSDT,364,2023-03-20 02:30,5,BOTH,BELOW,THROUGH,XUYEN,1,true,
ETHUSDT,365,2023-03-20 13:30,8,BOTH,BELOW,BLOCKED,XUYEN,3,false,false
ETHUSDT,367,2023-03-24 11:45,1,BELOW,BELOW,BLOCKED,CHAN,2,false,
ETHUSDT,369,2023-03-26 13:30,5,BOTH,ABOVE,THROUGH,XUYEN,0,true,
ETHUSDT,370,2023-03-27 05:45,4,BOTH,BELOW,THROUGH,XUYEN,1,true,
ETHUSDT,372,2023-03-30 07:30,18,BOTH,ABOVE,BLOCKED,XUYEN,1,false,false
ETHUSDT,375,2023-04-02 19:30,3,BELOW,BELOW,BLOCKED,CHAN,3,false,true
ETHUSDT,376,2023-04-03 01:30,1,BELOW,BELOW,THROUGH,XUYEN,1,true,
ETHUSDT,377,2023-04-03 08:00,6,BOTH,ABOVE,BLOCKED,XUYEN,2,false,false
ETHUSDT,379,2023-04-06 05:30,1,BELOW,BELOW,BLOCKED,CHAN,3,false,
ETHUSDT,380,2023-04-06 10:00,9,BOTH,BELOW,BLOCKED,XUYEN,2,false,false
ETHUSDT,381,2023-04-07 22:30,1,ABOVE,ABOVE,BLOCKED,CHAN,0,false,
ETHUSDT,384,2023-04-10 22:00,4,ABOVE,ABOVE,BLOCKED,XUYEN,1,false,false
ETHUSDT,387,2023-04-16 18:45,9,BOTH,ABOVE,BLOCKED,XUYEN,2,false,false
ETHUSDT,388,2023-04-18 11:30,2,BOTH,ABOVE,THROUGH,XUYEN,2,true,
ETHUSDT,391,2023-04-19 21:15,5,BELOW,BELOW,BLOCKED,CHAN,2,false,true
ETHUSDT,394,2023-04-22 14:45,18,BOTH,ABOVE,THROUGH,XUYEN,1,true,
ETHUSDT,395,2023-04-24 13:30,4,BOTH,ABOVE,THROUGH,XUYEN,0,true,
ETHUSDT,396,2023-04-26 12:15,4,BOTH,ABOVE,THROUGH,XUYEN,1,true,
ETHUSDT,397,2023-04-27 12:30,11,BOTH,BELOW,THROUGH,XUYEN,2,true,
ETHUSDT,398,2023-04-29 17:30,26,BOTH,BELOW,BLOCKED,XUYEN,2,false,false
ETHUSDT,402,2023-05-09 01:00,24,BOTH,ABOVE,BLOCKED,XUYEN,0,false,false
ETHUSDT,403,2023-05-10 06:00,2,BELOW,BELOW,BLOCKED,XUYEN,2,false,false
ETHUSDT,405,2023-05-11 03:00,4,BOTH,BELOW,THROUGH,XUYEN,0,true,
ETHUSDT,406,2023-05-12 05:45,9,BOTH,BELOW,BLOCKED,XUYEN,2,false,false
ETHUSDT,407,2023-05-14 06:00,5,BOTH,ABOVE,BLOCKED,XUYEN,3,false,false
ETHUSDT,408,2023-05-14 15:00,6,BOTH,ABOVE,THROUGH,XUYEN,2,true,
ETHUSDT,409,2023-05-17 07:45,32,BOTH,BELOW,THROUGH,XUYEN,1,true,
ETHUSDT,411,2023-05-21 21:00,4,BELOW,BELOW,BLOCKED,CHAN,3,false,true
ETHUSDT,412,2023-05-22 06:15,3,ABOVE,ABOVE,BLOCKED,CHAN,3,false,true
ETHUSDT,413,2023-05-22 13:30,13,BOTH,ABOVE,BLOCKED,XUYEN,2,false,false
ETHUSDT,414,2023-05-24 13:45,7,BELOW,BELOW,BLOCKED,CHAN,2,false,true
ETHUSDT,415,2023-05-26 12:30,3,ABOVE,ABOVE,BLOCKED,CHAN,4,false,true
ETHUSDT,416,2023-05-28 11:15,4,BOTH,BELOW,THROUGH,XUYEN,2,true,
ETHUSDT,417,2023-05-29 10:45,4,BELOW,BELOW,THROUGH,XUYEN,1,true,
ETHUSDT,418,2023-05-29 23:00,2,BOTH,ABOVE,THROUGH,XUYEN,1,true,
ETHUSDT,419,2023-05-30 03:15,14,BOTH,ABOVE,THROUGH,XUYEN,3,true,
ETHUSDT,422,2023-06-01 16:45,3,BOTH,ABOVE,BLOCKED,XUYEN,1,false,false
ETHUSDT,423,2023-06-02 18:45,3,BOTH,ABOVE,BLOCKED,CHAN,3,false,true
ETHUSDT,424,2023-06-03 19:45,8,BOTH,BELOW,BLOCKED,XUYEN,4,false,false
ETHUSDT,425,2023-06-05 15:00,1,BELOW,BELOW,THROUGH,XUYEN,1,true,
ETHUSDT,426,2023-06-07 09:00,1,BELOW,BELOW,BLOCKED,CHAN,1,false,
ETHUSDT,427,2023-06-10 17:00,3,ABOVE,ABOVE,BLOCKED,CHAN,1,false,true
ETHUSDT,428,2023-06-11 13:45,7,BOTH,BELOW,BLOCKED,XUYEN,2,false,false
ETHUSDT,429,2023-06-12 02:15,3,BELOW,BELOW,BLOCKED,CHAN,2,false,true
ETHUSDT,430,2023-06-12 09:00,34,BOTH,ABOVE,BLOCKED,XUYEN,4,false,false
ETHUSDT,432,2023-06-16 14:45,2,ABOVE,ABOVE,BLOCKED,CHAN,2,false,true
ETHUSDT,434,2023-06-17 11:15,3,BOTH,BELOW,THROUGH,XUYEN,1,true,
ETHUSDT,436,2023-06-19 16:30,4,BOTH,BELOW,THROUGH,XUYEN,2,true,
ETHUSDT,437,2023-06-22 11:00,6,BOTH,BELOW,BLOCKED,XUYEN,1,false,false
ETHUSDT,438,2023-06-23 19:30,2,BELOW,BELOW,BLOCKED,CHAN,2,false,true
ETHUSDT,439,2023-06-24 06:00,20,BOTH,BELOW,THROUGH,XUYEN,1,true,
ETHUSDT,440,2023-06-27 14:00,5,BOTH,ABOVE,THROUGH,XUYEN,2,true,
ETHUSDT,442,2023-06-30 13:30,1,BELOW,BELOW,THROUGH,XUYEN,1,true,
ETHUSDT,443,2023-07-01 10:15,12,BOTH,ABOVE,BLOCKED,XUYEN,1,false,false
ETHUSDT,444,2023-07-02 11:45,6,BOTH,ABOVE,THROUGH,XUYEN,3,true,
ETHUSDT,445,2023-07-02 22:15,1,ABOVE,ABOVE,BLOCKED,CHAN,2,false,
ETHUSDT,446,2023-07-05 08:15,1,BELOW,BELOW,BLOCKED,CHAN,2,false,
ETHUSDT,447,2023-07-06 05:30,1,ABOVE,ABOVE,THROUGH,XUYEN,1,true,
ETHUSDT,448,2023-07-06 22:45,7,BELOW,BELOW,BLOCKED,CHAN,1,false,true
ETHUSDT,449,2023-07-08 19:15,12,BOTH,BELOW,THROUGH,XUYEN,1,true,
ETHUSDT,450,2023-07-10 18:30,3,ABOVE,ABOVE,BLOCKED,CHAN,2,false,true
ETHUSDT,451,2023-07-11 06:00,8,BOTH,ABOVE,THROUGH,XUYEN,0,true,
ETHUSDT,453,2023-07-12 12:30,7,BOTH,ABOVE,THROUGH,XUYEN,0,true,
ETHUSDT,456,2023-07-16 02:15,4,BELOW,BELOW,BLOCKED,CHAN,0,false,true
ETHUSDT,457,2023-07-16 14:15,12,BOTH,ABOVE,THROUGH,XUYEN,2,true,
ETHUSDT,459,2023-07-18 16:45,29,BOTH,BELOW,THROUGH,XUYEN,3,true,
ETHUSDT,460,2023-07-22 23:15,7,BOTH,BELOW,THROUGH,XUYEN,1,true,
ETHUSDT,462,2023-07-25 13:30,19,BOTH,ABOVE,BLOCKED,XUYEN,1,false,false
ETHUSDT,464,2023-07-30 19:45,1,BELOW,BELOW,BLOCKED,CHAN,1,false,
ETHUSDT,466,2023-08-01 15:30,1,ABOVE,ABOVE,BLOCKED,CHAN,1,false,
ETHUSDT,467,2023-08-01 23:00,5,BOTH,ABOVE,THROUGH,XUYEN,1,true,
ETHUSDT,468,2023-08-04 12:30,21,BOTH,ABOVE,BLOCKED,XUYEN,2,false,false
ETHUSDT,469,2023-08-06 20:45,14,BOTH,ABOVE,THROUGH,XUYEN,0,true,
ETHUSDT,470,2023-08-12 21:00,12,BOTH,ABOVE,BLOCKED,XUYEN,1,false,false
ETHUSDT,471,2023-08-14 18:00,1,BELOW,BELOW,BLOCKED,CHAN,2,false,
ETHUSDT,472,2023-08-15 11:30,6,BOTH,BELOW,THROUGH,XUYEN,1,true,
ETHUSDT,476,2023-08-17 21:30,1,BELOW,BELOW,BLOCKED,CHAN,1,false,
ETHUSDT,477,2023-08-18 04:15,11,BOTH,BELOW,THROUGH,XUYEN,1,true,
ETHUSDT,478,2023-08-19 20:15,11,BOTH,BELOW,BLOCKED,XUYEN,2,false,false
ETHUSDT,479,2023-08-21 10:00,6,BOTH,BELOW,THROUGH,XUYEN,2,true,
ETHUSDT,480,2023-08-21 15:15,7,BELOW,BELOW,BLOCKED,CHAN,5,false,true
ETHUSDT,481,2023-08-22 21:15,4,BOTH,BELOW,THROUGH,XUYEN,1,true,
ETHUSDT,482,2023-08-23 06:45,4,BOTH,ABOVE,THROUGH,XUYEN,2,true,
ETHUSDT,483,2023-08-25 13:00,14,BOTH,ABOVE,THROUGH,XUYEN,0,true,
ETHUSDT,484,2023-08-26 08:30,11,BOTH,BELOW,BLOCKED,XUYEN,1,false,false
ETHUSDT,485,2023-08-28 05:30,5,BOTH,BELOW,THROUGH,XUYEN,1,true,
ETHUSDT,486,2023-08-28 19:15,10,BOTH,BELOW,BLOCKED,XUYEN,3,false,false
ETHUSDT,487,2023-08-31 11:00,4,BOTH,ABOVE,THROUGH,XUYEN,2,true,
ETHUSDT,489,2023-09-02 21:15,14,BOTH,ABOVE,THROUGH,XUYEN,1,true,
ETHUSDT,490,2023-09-03 16:30,30,BOTH,BELOW,THROUGH,XUYEN,3,true,
ETHUSDT,491,2023-09-05 20:30,13,BOTH,BELOW,BLOCKED,XUYEN,3,false,false
ETHUSDT,492,2023-09-07 08:00,6,BOTH,BELOW,THROUGH,XUYEN,2,true,
ETHUSDT,493,2023-09-07 21:00,16,BOTH,ABOVE,THROUGH,XUYEN,2,true,
ETHUSDT,496,2023-09-11 19:15,2,BELOW,BELOW,THROUGH,XUYEN,2,true,
ETHUSDT,497,2023-09-13 05:15,1,BELOW,BELOW,BLOCKED,CHAN,2,false,
ETHUSDT,498,2023-09-13 07:30,2,BOTH,BELOW,THROUGH,XUYEN,2,true,
ETHUSDT,501,2023-09-16 19:00,4,BELOW,BELOW,BLOCKED,CHAN,2,false,true
ETHUSDT,502,2023-09-17 00:00,2,BELOW,BELOW,BLOCKED,CHAN,1,false,true
ETHUSDT,503,2023-09-18 00:30,1,BELOW,BELOW,THROUGH,XUYEN,0,true,
ETHUSDT,505,2023-09-19 00:15,17,BOTH,BELOW,THROUGH,XUYEN,2,true,
ETHUSDT,506,2023-09-20 19:15,1,BELOW,BELOW,BLOCKED,CHAN,1,false,
ETHUSDT,507,2023-09-21 09:15,1,BELOW,BELOW,BLOCKED,CHAN,2,false,
ETHUSDT,508,2023-09-24 17:45,3,BOTH,ABOVE,THROUGH,XUYEN,0,true,
ETHUSDT,509,2023-09-24 23:15,26,BOTH,BELOW,BLOCKED,XUYEN,0,false,false
ETHUSDT,510,2023-09-28 10:30,3,ABOVE,ABOVE,BLOCKED,CHAN,2,false,true
ETHUSDT,511,2023-09-29 07:30,6,BOTH,ABOVE,BLOCKED,XUYEN,1,false,false
ETHUSDT,512,2023-09-30 21:30,3,BELOW,BELOW,BLOCKED,CHAN,1,false,true
ETHUSDT,513,2023-10-01 09:15,5,BOTH,ABOVE,BLOCKED,XUYEN,3,false,false
ETHUSDT,514,2023-10-01 20:00,2,BOTH,BELOW,THROUGH,XUYEN,3,true,
ETHUSDT,516,2023-10-04 19:00,17,BOTH,ABOVE,BLOCKED,XUYEN,2,false,false
ETHUSDT,517,2023-10-06 12:30,4,BOTH,BELOW,THROUGH,XUYEN,0,true,
ETHUSDT,518,2023-10-06 21:30,3,BOTH,ABOVE,THROUGH,XUYEN,2,true,
ETHUSDT,519,2023-10-07 15:30,1,BELOW,BELOW,BLOCKED,CHAN,1,false,
ETHUSDT,520,2023-10-08 05:30,13,BOTH,BELOW,THROUGH,XUYEN,1,true,
ETHUSDT,523,2023-10-10 10:30,1,BELOW,BELOW,BLOCKED,CHAN,2,false,
ETHUSDT,524,2023-10-11 02:30,2,BOTH,BELOW,THROUGH,XUYEN,1,true,
ETHUSDT,525,2023-10-11 12:30,3,BELOW,BELOW,BLOCKED,CHAN,2,false,true
ETHUSDT,526,2023-10-12 16:15,16,BOTH,BELOW,BLOCKED,XUYEN,2,false,false
ETHUSDT,527,2023-10-13 20:45,4,ABOVE,ABOVE,BLOCKED,CHAN,1,false,true
ETHUSDT,528,2023-10-15 01:30,10,ABOVE,ABOVE,BLOCKED,XUYEN,1,false,false
ETHUSDT,530,2023-10-16 13:15,11,BOTH,ABOVE,THROUGH,XUYEN,1,true,
ETHUSDT,531,2023-10-17 18:45,4,BELOW,BELOW,BLOCKED,XUYEN,3,false,false
ETHUSDT,532,2023-10-18 04:45,13,BOTH,ABOVE,BLOCKED,XUYEN,3,false,false
ETHUSDT,533,2023-10-19 01:30,13,BOTH,BELOW,THROUGH,XUYEN,1,true,
ETHUSDT,534,2023-10-22 11:30,6,BOTH,BELOW,THROUGH,XUYEN,2,true,
ETHUSDT,535,2023-10-25 23:00,20,BOTH,BELOW,BLOCKED,XUYEN,1,false,false
ETHUSDT,537,2023-10-28 11:00,18,BOTH,ABOVE,THROUGH,XUYEN,0,true,
ETHUSDT,538,2023-10-31 06:30,18,BOTH,BELOW,BLOCKED,XUYEN,0,false,false
ETHUSDT,539,2023-11-01 14:45,24,BOTH,BELOW,THROUGH,XUYEN,3,true,
ETHUSDT,542,2023-11-11 01:15,13,BOTH,BELOW,THROUGH,XUYEN,1,true,
ETHUSDT,543,2023-11-16 00:45,7,BOTH,ABOVE,THROUGH,XUYEN,1,true,
ETHUSDT,544,2023-11-16 11:00,3,BOTH,ABOVE,THROUGH,XUYEN,0,true,
ETHUSDT,546,2023-11-17 22:15,8,BOTH,ABOVE,THROUGH,XUYEN,1,true,
ETHUSDT,547,2023-11-19 11:00,1,BELOW,BELOW,THROUGH,XUYEN,1,true,
ETHUSDT,548,2023-11-19 23:00,9,BOTH,ABOVE,THROUGH,XUYEN,1,true,
ETHUSDT,549,2023-11-26 06:45,5,BOTH,ABOVE,THROUGH,XUYEN,1,true,
ETHUSDT,550,2023-11-26 23:00,2,BELOW,BELOW,BLOCKED,CHAN,2,false,true
ETHUSDT,553,2023-12-08 13:30,9,BOTH,BELOW,THROUGH,XUYEN,1,true,
ETHUSDT,554,2023-12-09 06:00,7,BOTH,ABOVE,THROUGH,XUYEN,2,true,
ETHUSDT,556,2023-12-11 15:45,19,BOTH,BELOW,BLOCKED,XUYEN,2,false,false
ETHUSDT,557,2023-12-13 19:00,1,ABOVE,ABOVE,BLOCKED,CHAN,3,false,
ETHUSDT,558,2023-12-15 03:15,2,BELOW,BELOW,BLOCKED,CHAN,3,false,true
ETHUSDT,559,2023-12-18 06:45,6,BOTH,ABOVE,THROUGH,XUYEN,0,true,
ETHUSDT,562,2023-12-20 13:00,8,BOTH,ABOVE,BLOCKED,XUYEN,2,false,false
ETHUSDT,563,2023-12-24 05:30,1,BELOW,BELOW,BLOCKED,CHAN,1,false,
ETHUSDT,564,2023-12-25 12:45,16,BOTH,ABOVE,BLOCKED,XUYEN,2,false,false
ETHUSDT,565,2023-12-29 14:30,1,ABOVE,ABOVE,THROUGH,XUYEN,1,true,
ETHUSDT,566,2023-12-30 22:45,14,BOTH,BELOW,THROUGH,XUYEN,2,true,
ETHUSDT,567,2023-12-31 22:45,13,BOTH,BELOW,THROUGH,XUYEN,1,true,
ETHUSDT,568,2024-01-05 01:45,3,BOTH,BELOW,BLOCKED,XUYEN,1,false,false
ETHUSDT,569,2024-01-05 09:00,5,BOTH,ABOVE,THROUGH,XUYEN,3,true,
ETHUSDT,570,2024-01-05 20:45,30,BOTH,ABOVE,BLOCKED,XUYEN,1,false,false
ETHUSDT,572,2024-01-08 23:00,2,BELOW,BELOW,BLOCKED,CHAN,2,false,true
ETHUSDT,573,2024-01-09 12:45,2,BELOW,BELOW,THROUGH,XUYEN,1,true,
ETHUSDT,574,2024-01-10 09:15,3,BOTH,ABOVE,THROUGH,XUYEN,2,true,
ETHUSDT,575,2024-01-10 19:00,1,ABOVE,ABOVE,BLOCKED,CHAN,3,false,
ETHUSDT,576,2024-01-16 14:30,18,BOTH,BELOW,THROUGH,XUYEN,0,true,
ETHUSDT,577,2024-01-31 09:00,4,BOTH,BELOW,THROUGH,XUYEN,1,true,
ETHUSDT,578,2024-02-01 01:15,8,BOTH,BELOW,BLOCKED,XUYEN,1,false,false
ETHUSDT,579,2024-02-02 13:30,21,BOTH,BELOW,THROUGH,XUYEN,0,true,
ETHUSDT,580,2024-02-07 14:45,2,BELOW,BELOW,THROUGH,XUYEN,0,true,
ETHUSDT,581,2024-02-10 10:45,14,BOTH,BELOW,THROUGH,XUYEN,1,true,
ETHUSDT,582,2024-02-13 13:30,1,BELOW,BELOW,BLOCKED,CHAN,1,false,
ETHUSDT,584,2024-02-20 09:15,6,BOTH,BELOW,THROUGH,XUYEN,2,true,
ETHUSDT,585,2024-02-21 04:30,7,BOTH,BELOW,BLOCKED,XUYEN,0,false,false
ETHUSDT,586,2024-02-22 20:15,6,BOTH,ABOVE,THROUGH,XUYEN,2,true,
ETHUSDT,589,2024-02-27 22:15,10,BOTH,ABOVE,THROUGH,XUYEN,2,true,
ETHUSDT,590,2024-02-29 08:00,11,BOTH,ABOVE,THROUGH,XUYEN,2,true,
ETHUSDT,591,2024-03-02 20:00,7,BOTH,BELOW,THROUGH,XUYEN,1,true,
ETHUSDT,592,2024-03-03 07:15,6,BOTH,BELOW,BLOCKED,XUYEN,1,false,false
ETHUSDT,593,2024-03-10 13:45,2,BELOW,BELOW,BLOCKED,XUYEN,2,false,false
ETHUSDT,594,2024-03-11 18:15,16,BOTH,ABOVE,THROUGH,XUYEN,2,true,
ETHUSDT,595,2024-03-14 18:45,5,BOTH,BELOW,THROUGH,XUYEN,3,true,
ETHUSDT,596,2024-03-17 05:30,5,BOTH,BELOW,THROUGH,XUYEN,1,true,
ETHUSDT,597,2024-03-17 22:30,15,BOTH,ABOVE,THROUGH,XUYEN,2,true,
ETHUSDT,598,2024-03-26 13:30,2,BELOW,BELOW,BLOCKED,CHAN,2,false,true
ETHUSDT,599,2024-03-27 13:00,21,BOTH,ABOVE,THROUGH,XUYEN,0,true,
ETHUSDT,600,2024-03-29 07:30,1,BELOW,BELOW,BLOCKED,CHAN,2,false,
ETHUSDT,601,2024-03-30 19:00,3,BOTH,BELOW,THROUGH,XUYEN,1,true,
ETHUSDT,602,2024-03-31 18:30,4,ABOVE,ABOVE,BLOCKED,XUYEN,2,false,false
ETHUSDT,604,2024-04-06 15:00,2,ABOVE,ABOVE,BLOCKED,CHAN,3,false,true
ETHUSDT,606,2024-04-10 12:30,5,BOTH,BELOW,BLOCKED,XUYEN,1,false,false
ETHUSDT,607,2024-04-11 11:30,2,BOTH,BELOW,THROUGH,XUYEN,1,true,
ETHUSDT,608,2024-04-12 07:30,5,BOTH,BELOW,BLOCKED,XUYEN,2,false,false
ETHUSDT,610,2024-04-14 22:00,35,BOTH,ABOVE,BLOCKED,XUYEN,1,false,false
ETHUSDT,613,2024-04-22 13:30,16,BOTH,BELOW,BLOCKED,XUYEN,1,false,false
ETHUSDT,614,2024-04-24 04:45,4,ABOVE,ABOVE,BLOCKED,XUYEN,2,false,false
ETHUSDT,615,2024-04-24 18:45,4,BELOW,BELOW,BLOCKED,CHAN,2,false,true
ETHUSDT,616,2024-04-25 10:00,19,BOTH,BELOW,BLOCKED,XUYEN,1,false,false
ETHUSDT,617,2024-04-26 22:15,4,BOTH,BELOW,THROUGH,XUYEN,1,true,
ETHUSDT,618,2024-04-28 18:45,2,BOTH,ABOVE,THROUGH,XUYEN,2,true,
ETHUSDT,620,2024-05-04 10:30,10,BOTH,ABOVE,BLOCKED,XUYEN,1,false,false
ETHUSDT,621,2024-05-07 03:15,8,BOTH,BELOW,BLOCKED,XUYEN,0,false,false
ETHUSDT,622,2024-05-08 20:15,15,BOTH,BELOW,BLOCKED,XUYEN,2,false,false
ETHUSDT,623,2024-05-12 07:15,8,BOTH,BELOW,THROUGH,XUYEN,2,true,
ETHUSDT,624,2024-05-13 07:45,1,ABOVE,ABOVE,BLOCKED,CHAN,2,false,
ETHUSDT,625,2024-05-14 00:00,5,BOTH,BELOW,THROUGH,XUYEN,0,true,
ETHUSDT,628,2024-05-19 19:00,7,BOTH,BELOW,THROUGH,XUYEN,1,true,
ETHUSDT,629,2024-05-20 04:30,9,BOTH,ABOVE,THROUGH,XUYEN,0,true,
ETHUSDT,631,2024-05-23 18:00,10,BOTH,BELOW,BLOCKED,XUYEN,4,false,false
ETHUSDT,632,2024-05-27 19:45,6,BELOW,BELOW,BLOCKED,CHAN,2,false,true
ETHUSDT,633,2024-05-28 18:30,6,BOTH,BELOW,THROUGH,XUYEN,2,true,
ETHUSDT,634,2024-05-29 21:15,17,BOTH,ABOVE,BLOCKED,XUYEN,1,false,false
ETHUSDT,635,2024-05-31 10:00,6,BOTH,ABOVE,THROUGH,XUYEN,1,true,
ETHUSDT,636,2024-06-05 05:00,29,BOTH,BELOW,THROUGH,XUYEN,1,true,
ETHUSDT,637,2024-06-07 22:45,16,BOTH,ABOVE,THROUGH,XUYEN,1,true,
ETHUSDT,638,2024-06-09 04:45,1,ABOVE,ABOVE,BLOCKED,CHAN,1,false,
ETHUSDT,639,2024-06-09 21:45,6,BOTH,ABOVE,THROUGH,XUYEN,0,true,
ETHUSDT,641,2024-06-12 12:30,5,BOTH,ABOVE,THROUGH,XUYEN,1,true,
ETHUSDT,642,2024-06-13 12:30,8,BOTH,BELOW,THROUGH,XUYEN,2,true,
ETHUSDT,645,2024-06-16 03:30,8,BOTH,BELOW,THROUGH,XUYEN,3,true,
ETHUSDT,646,2024-06-16 22:00,12,BOTH,ABOVE,THROUGH,XUYEN,2,true,
ETHUSDT,647,2024-06-21 07:45,26,BOTH,BELOW,BLOCKED,XUYEN,2,false,false
ETHUSDT,648,2024-06-24 09:30,4,BELOW,BELOW,BLOCKED,CHAN,2,false,true
ETHUSDT,649,2024-06-25 03:00,5,BOTH,ABOVE,BLOCKED,XUYEN,1,false,false
ETHUSDT,650,2024-06-27 12:00,5,BOTH,ABOVE,THROUGH,XUYEN,1,true,
ETHUSDT,651,2024-06-29 19:30,4,BELOW,BELOW,BLOCKED,CHAN,2,false,true
ETHUSDT,654,2024-07-01 22:15,10,BOTH,BELOW,THROUGH,XUYEN,2,true,
ETHUSDT,657,2024-07-06 13:45,8,BOTH,ABOVE,THROUGH,XUYEN,1,true,
ETHUSDT,658,2024-07-08 08:00,1,ABOVE,ABOVE,BLOCKED,CHAN,2,false,
ETHUSDT,659,2024-07-09 22:00,12,BOTH,BELOW,THROUGH,XUYEN,3,true,
ETHUSDT,660,2024-07-14 04:15,1,ABOVE,ABOVE,BLOCKED,CHAN,1,false,
ETHUSDT,661,2024-07-15 19:15,29,BOTH,BELOW,THROUGH,XUYEN,0,true,
ETHUSDT,662,2024-07-20 07:00,4,BOTH,BELOW,BLOCKED,XUYEN,2,false,false
ETHUSDT,663,2024-07-20 21:00,5,BELOW,BELOW,BLOCKED,CHAN,1,false,true
ETHUSDT,664,2024-07-21 17:45,13,BOTH,BELOW,THROUGH,XUYEN,0,true,
ETHUSDT,666,2024-07-25 12:30,8,BOTH,BELOW,BLOCKED,CHAN,2,false,true
ETHUSDT,667,2024-07-27 12:00,12,BOTH,ABOVE,THROUGH,XUYEN,2,true,
ETHUSDT,668,2024-07-29 00:00,13,BOTH,ABOVE,BLOCKED,XUYEN,2,false,false
ETHUSDT,669,2024-08-02 02:15,1,BELOW,BELOW,BLOCKED,CHAN,3,false,
ETHUSDT,670,2024-08-02 12:30,2,BOTH,BELOW,THROUGH,XUYEN,1,true,
ETHUSDT,671,2024-08-08 12:30,2,BOTH,ABOVE,THROUGH,XUYEN,1,true,
ETHUSDT,672,2024-08-08 21:30,9,BOTH,ABOVE,THROUGH,XUYEN,1,true,
ETHUSDT,673,2024-08-11 20:00,2,BOTH,BELOW,THROUGH,XUYEN,1,true,
ETHUSDT,674,2024-08-13 03:00,17,BOTH,BELOW,THROUGH,XUYEN,1,true,
ETHUSDT,675,2024-08-14 22:00,6,BELOW,BELOW,BLOCKED,CHAN,3,false,true
ETHUSDT,676,2024-08-15 12:30,3,BOTH,ABOVE,BLOCKED,XUYEN,2,false,false
ETHUSDT,677,2024-08-18 09:45,7,BOTH,ABOVE,THROUGH,XUYEN,1,true,
ETHUSDT,678,2024-08-19 09:45,9,BOTH,BELOW,BLOCKED,XUYEN,2,false,false
ETHUSDT,679,2024-08-21 01:15,5,BOTH,BELOW,THROUGH,XUYEN,2,true,
ETHUSDT,680,2024-08-21 13:30,2,BOTH,BELOW,THROUGH,XUYEN,1,true,
ETHUSDT,681,2024-08-22 02:45,15,BOTH,BELOW,THROUGH,XUYEN,3,true,
ETHUSDT,683,2024-08-23 11:00,6,BOTH,BELOW,THROUGH,XUYEN,0,true,
ETHUSDT,684,2024-08-24 05:00,1,ABOVE,ABOVE,BLOCKED,CHAN,1,false,
ETHUSDT,686,2024-08-24 20:15,3,BOTH,ABOVE,THROUGH,XUYEN,3,true,
ETHUSDT,687,2024-08-27 21:00,3,BELOW,BELOW,BLOCKED,CHAN,1,false,true
ETHUSDT,689,2024-08-29 22:00,15,BOTH,BELOW,BLOCKED,XUYEN,3,false,false
ETHUSDT,690,2024-08-31 16:45,7,BOTH,BELOW,THROUGH,XUYEN,2,true,
ETHUSDT,691,2024-09-02 07:15,1,BELOW,BELOW,THROUGH,XUYEN,0,true,
ETHUSDT,692,2024-09-03 02:00,2,BOTH,ABOVE,THROUGH,XUYEN,0,true,
ETHUSDT,693,2024-09-03 08:30,2,BELOW,BELOW,BLOCKED,CHAN,2,false,true
ETHUSDT,696,2024-09-06 07:15,3,BOTH,BELOW,BLOCKED,XUYEN,0,false,false
ETHUSDT,698,2024-09-11 10:15,9,BOTH,BELOW,THROUGH,XUYEN,2,true,
ETHUSDT,699,2024-09-14 18:00,11,BOTH,BELOW,THROUGH,XUYEN,1,true,
ETHUSDT,700,2024-09-15 23:00,13,BOTH,BELOW,THROUGH,XUYEN,1,true,
ETHUSDT,701,2024-09-19 12:00,5,BOTH,ABOVE,THROUGH,XUYEN,2,true,
ETHUSDT,702,2024-09-20 13:00,16,BOTH,BELOW,THROUGH,XUYEN,0,true,
ETHUSDT,703,2024-09-21 23:15,15,BOTH,ABOVE,BLOCKED,XUYEN,2,false,false
ETHUSDT,704,2024-09-23 21:15,37,BOTH,BELOW,BLOCKED,XUYEN,2,false,false
ETHUSDT,705,2024-10-01 04:30,3,ABOVE,ABOVE,BLOCKED,XUYEN,3,false,false
ETHUSDT,706,2024-10-04 12:30,4,BOTH,BELOW,THROUGH,XUYEN,0,true,
ETHUSDT,707,2024-10-05 18:00,4,BOTH,BELOW,THROUGH,XUYEN,2,true,
ETHUSDT,708,2024-10-06 08:15,1,ABOVE,ABOVE,BLOCKED,CHAN,1,false,
ETHUSDT,709,2024-10-07 22:45,17,BOTH,BELOW,BLOCKED,XUYEN,2,false,false
ETHUSDT,711,2024-10-10 05:45,8,BOTH,ABOVE,THROUGH,XUYEN,1,true,
ETHUSDT,713,2024-10-12 14:30,1,ABOVE,ABOVE,BLOCKED,CHAN,1,false,
ETHUSDT,714,2024-10-13 03:15,11,BELOW,BELOW,BLOCKED,XUYEN,1,false,false
ETHUSDT,716,2024-10-17 22:00,4,BOTH,ABOVE,BLOCKED,XUYEN,2,false,false
ETHUSDT,717,2024-10-20 06:45,1,ABOVE,ABOVE,BLOCKED,CHAN,3,false,
ETHUSDT,718,2024-10-20 12:00,2,BOTH,ABOVE,THROUGH,XUYEN,2,true,
ETHUSDT,719,2024-10-21 09:30,1,BELOW,BELOW,BLOCKED,CHAN,3,false,
ETHUSDT,720,2024-10-25 22:45,20,BOTH,BELOW,BLOCKED,XUYEN,1,false,false
ETHUSDT,721,2024-10-29 10:30,12,BOTH,ABOVE,THROUGH,XUYEN,2,true,
ETHUSDT,722,2024-10-31 01:30,3,BELOW,BELOW,BLOCKED,CHAN,0,false,true
ETHUSDT,723,2024-11-01 12:30,9,BOTH,ABOVE,THROUGH,XUYEN,0,true,
ETHUSDT,724,2024-11-03 08:15,16,BOTH,ABOVE,BLOCKED,XUYEN,0,false,false
ETHUSDT,725,2024-11-04 21:15,4,BOTH,BELOW,THROUGH,XUYEN,2,true,
ETHUSDT,726,2024-11-05 14:15,3,ABOVE,ABOVE,THROUGH,XUYEN,2,true,
ETHUSDT,727,2024-11-05 19:45,2,BELOW,BELOW,THROUGH,XUYEN,5,true,
ETHUSDT,729,2024-11-09 04:30,1,ABOVE,ABOVE,BLOCKED,CHAN,2,false,
ETHUSDT,730,2024-11-09 17:00,1,BELOW,BELOW,THROUGH,XUYEN,0,true,
ETHUSDT,731,2024-11-11 12:15,1,BELOW,BELOW,THROUGH,XUYEN,0,true,
ETHUSDT,732,2024-11-12 06:30,3,BOTH,ABOVE,THROUGH,XUYEN,2,true,
ETHUSDT,733,2024-11-14 20:00,24,BOTH,BELOW,BLOCKED,XUYEN,1,false,false
ETHUSDT,734,2024-11-18 15:30,1,ABOVE,ABOVE,BLOCKED,CHAN,1,false,
ETHUSDT,735,2024-11-19 04:45,4,BELOW,BELOW,BLOCKED,XUYEN,2,false,false
ETHUSDT,736,2024-11-22 03:15,13,BOTH,ABOVE,BLOCKED,XUYEN,1,false,false
ETHUSDT,737,2024-11-23 08:15,2,ABOVE,ABOVE,BLOCKED,CHAN,2,false,true
ETHUSDT,738,2024-11-23 12:30,17,BOTH,ABOVE,THROUGH,XUYEN,1,true,
ETHUSDT,739,2024-11-30 10:15,21,BOTH,BELOW,BLOCKED,XUYEN,2,false,false
ETHUSDT,740,2024-12-02 08:15,10,BOTH,BELOW,BLOCKED,XUYEN,2,false,false
ETHUSDT,741,2024-12-05 22:15,21,BOTH,BELOW,THROUGH,XUYEN,0,true,
ETHUSDT,742,2024-12-12 18:30,4,BOTH,BELOW,THROUGH,XUYEN,1,true,
ETHUSDT,744,2024-12-15 04:15,12,BOTH,ABOVE,THROUGH,XUYEN,2,true,
ETHUSDT,747,2024-12-25 06:15,11,BOTH,BELOW,THROUGH,XUYEN,1,true,
ETHUSDT,748,2024-12-27 09:00,45,BOTH,ABOVE,THROUGH,XUYEN,1,true,
ETHUSDT,750,2025-01-05 08:00,16,BOTH,BELOW,THROUGH,XUYEN,1,true,
ETHUSDT,752,2025-01-09 02:00,1,BELOW,BELOW,BLOCKED,CHAN,1,false,
ETHUSDT,753,2025-01-10 13:30,7,BOTH,BELOW,THROUGH,XUYEN,1,true,
ETHUSDT,754,2025-01-13 14:30,6,BOTH,BELOW,THROUGH,XUYEN,3,true,
ETHUSDT,755,2025-01-14 13:30,10,BOTH,ABOVE,BLOCKED,XUYEN,0,false,false
ETHUSDT,756,2025-01-19 13:45,26,BOTH,ABOVE,THROUGH,XUYEN,1,true,
ETHUSDT,757,2025-01-24 13:00,7,BOTH,BELOW,THROUGH,XUYEN,1,true,
ETHUSDT,758,2025-01-25 23:00,8,BOTH,BELOW,BLOCKED,XUYEN,2,false,false
ETHUSDT,759,2025-01-30 20:30,12,BOTH,BELOW,BLOCKED,XUYEN,0,false,false
ETHUSDT,760,2025-02-02 03:00,3,BOTH,BELOW,THROUGH,XUYEN,1,true,
ETHUSDT,761,2025-02-02 22:30,1,BELOW,BELOW,BLOCKED,CHAN,2,false,
ETHUSDT,762,2025-02-05 05:45,21,BOTH,ABOVE,BLOCKED,XUYEN,1,false,false
ETHUSDT,763,2025-02-09 21:30,11,BOTH,BELOW,THROUGH,XUYEN,1,true,
ETHUSDT,764,2025-02-10 13:45,17,BOTH,ABOVE,BLOCKED,XUYEN,2,false,false
ETHUSDT,766,2025-02-13 06:30,23,BOTH,BELOW,BLOCKED,XUYEN,1,false,false
ETHUSDT,767,2025-02-16 23:00,3,BELOW,BELOW,BLOCKED,CHAN,2,false,true
ETHUSDT,768,2025-02-17 05:00,12,BOTH,BELOW,THROUGH,XUYEN,2,true,
ETHUSDT,769,2025-02-20 13:30,11,BOTH,ABOVE,THROUGH,XUYEN,0,true,
ETHUSDT,770,2025-02-21 09:15,5,BOTH,ABOVE,THROUGH,XUYEN,1,true,
ETHUSDT,771,2025-02-22 15:45,2,ABOVE,ABOVE,BLOCKED,CHAN,2,false,true
ETHUSDT,772,2025-02-23 00:00,5,BOTH,BELOW,THROUGH,XUYEN,2,true,
ETHUSDT,774,2025-03-04 14:30,10,BOTH,ABOVE,THROUGH,XUYEN,1,true,
ETHUSDT,775,2025-03-11 05:00,3,BOTH,ABOVE,THROUGH,XUYEN,2,true,
ETHUSDT,776,2025-03-11 23:00,2,BELOW,BELOW,BLOCKED,CHAN,1,false,true
ETHUSDT,777,2025-03-14 13:30,1,BELOW,BELOW,THROUGH,XUYEN,0,true,
ETHUSDT,779,2025-03-16 16:00,18,BOTH,ABOVE,THROUGH,XUYEN,1,true,
ETHUSDT,780,2025-03-18 13:30,5,BOTH,BELOW,BLOCKED,XUYEN,3,false,false
ETHUSDT,781,2025-03-19 10:30,4,ABOVE,ABOVE,THROUGH,XUYEN,1,true,
ETHUSDT,782,2025-03-26 18:45,6,BOTH,BELOW,BLOCKED,XUYEN,2,false,false
ETHUSDT,783,2025-03-27 08:00,4,BOTH,BELOW,THROUGH,XUYEN,0,true,
ETHUSDT,785,2025-03-28 11:15,6,BOTH,BELOW,BLOCKED,XUYEN,2,false,false
ETHUSDT,786,2025-03-29 16:45,16,BOTH,BELOW,BLOCKED,XUYEN,1,false,false
ETHUSDT,787,2025-04-01 00:45,3,BOTH,ABOVE,THROUGH,XUYEN,0,true,
ETHUSDT,788,2025-04-02 09:00,7,BOTH,ABOVE,THROUGH,XUYEN,3,true,
ETHUSDT,789,2025-04-03 04:30,2,BOTH,ABOVE,THROUGH,XUYEN,1,true,
ETHUSDT,790,2025-04-04 01:45,19,BOTH,BELOW,THROUGH,XUYEN,1,true,
ETHUSDT,791,2025-04-05 20:30,4,ABOVE,ABOVE,BLOCKED,XUYEN,1,false,false
ETHUSDT,792,2025-04-08 22:00,14,BOTH,BELOW,THROUGH,XUYEN,3,true,
ETHUSDT,793,2025-04-10 07:30,12,BOTH,BELOW,BLOCKED,XUYEN,3,false,false
ETHUSDT,794,2025-04-13 11:15,2,BELOW,BELOW,BLOCKED,CHAN,3,false,true
ETHUSDT,795,2025-04-13 17:15,7,BOTH,ABOVE,THROUGH,XUYEN,0,true,
ETHUSDT,796,2025-04-14 21:30,16,BOTH,BELOW,BLOCKED,XUYEN,3,false,false
ETHUSDT,797,2025-04-16 05:15,37,BOTH,BELOW,BLOCKED,XUYEN,1,false,false
ETHUSDT,798,2025-04-18 21:30,8,BOTH,ABOVE,THROUGH,XUYEN,3,true,
ETHUSDT,799,2025-04-19 17:30,2,BOTH,ABOVE,THROUGH,XUYEN,1,true,
ETHUSDT,800,2025-04-21 05:45,3,BOTH,ABOVE,THROUGH,XUYEN,2,true,
ETHUSDT,801,2025-04-22 00:30,4,BOTH,BELOW,THROUGH,XUYEN,0,true,
ETHUSDT,803,2025-04-24 13:30,9,BOTH,ABOVE,BLOCKED,XUYEN,1,false,false
ETHUSDT,804,2025-04-26 19:45,22,BOTH,ABOVE,BLOCKED,XUYEN,3,false,false
ETHUSDT,805,2025-04-27 22:00,42,BOTH,BELOW,BLOCKED,XUYEN,2,false,false
ETHUSDT,806,2025-05-01 10:15,6,BOTH,ABOVE,THROUGH,XUYEN,1,true,
ETHUSDT,807,2025-05-02 16:00,23,BOTH,ABOVE,BLOCKED,XUYEN,2,false,false
ETHUSDT,808,2025-05-04 20:15,3,BOTH,ABOVE,THROUGH,XUYEN,0,true,
ETHUSDT,809,2025-05-05 18:30,7,BOTH,ABOVE,THROUGH,XUYEN,3,true,
ETHUSDT,813,2025-05-10 00:00,5,BOTH,ABOVE,THROUGH,XUYEN,1,true,
ETHUSDT,814,2025-05-12 07:00,30,BOTH,ABOVE,BLOCKED,XUYEN,1,false,false
ETHUSDT,817,2025-05-26 06:45,14,BOTH,ABOVE,THROUGH,XUYEN,1,true,
ETHUSDT,818,2025-05-27 13:00,35,BOTH,ABOVE,BLOCKED,XUYEN,2,false,false
ETHUSDT,819,2025-06-01 12:30,10,BOTH,BELOW,THROUGH,XUYEN,3,true,
ETHUSDT,820,2025-06-05 10:30,4,BOTH,BELOW,THROUGH,XUYEN,2,true,
ETHUSDT,822,2025-06-07 22:30,9,BOTH,ABOVE,THROUGH,XUYEN,2,true,
ETHUSDT,823,2025-06-08 21:45,6,BOTH,ABOVE,THROUGH,XUYEN,1,true,
ETHUSDT,825,2025-06-10 22:00,19,BOTH,ABOVE,BLOCKED,XUYEN,2,false,false
ETHUSDT,831,2025-06-21 08:45,3,BOTH,ABOVE,THROUGH,XUYEN,1,true,
ETHUSDT,832,2025-06-22 20:00,2,BOTH,BELOW,THROUGH,XUYEN,1,true,
ETHUSDT,833,2025-06-23 05:45,4,BOTH,ABOVE,THROUGH,XUYEN,2,true,
ETHUSDT,834,2025-06-23 13:30,2,BOTH,ABOVE,THROUGH,XUYEN,0,true,
ETHUSDT,836,2025-06-25 09:30,2,BELOW,BELOW,BLOCKED,CHAN,1,false,true
ETHUSDT,837,2025-06-25 14:15,32,BOTH,BELOW,BLOCKED,XUYEN,2,false,false
ETHUSDT,838,2025-06-28 15:45,5,ABOVE,ABOVE,BLOCKED,CHAN,2,false,true
ETHUSDT,839,2025-06-29 21:00,6,BOTH,BELOW,THROUGH,XUYEN,2,true,
ETHUSDT,840,2025-07-01 18:45,1,BELOW,BELOW,BLOCKED,CHAN,3,false,
ETHUSDT,842,2025-07-03 12:30,7,BOTH,BELOW,THROUGH,XUYEN,1,true,
ETHUSDT,843,2025-07-06 06:15,5,BOTH,ABOVE,THROUGH,XUYEN,0,true,
ETHUSDT,845,2025-07-09 05:30,3,ABOVE,ABOVE,BLOCKED,CHAN,1,false,true
ETHUSDT,848,2025-07-12 04:45,13,BOTH,BELOW,THROUGH,XUYEN,0,true,
ETHUSDT,849,2025-07-13 21:30,15,BOTH,BELOW,THROUGH,XUYEN,1,true,
ETHUSDT,851,2025-07-22 13:30,17,BOTH,BELOW,THROUGH,XUYEN,0,true,
ETHUSDT,852,2025-07-25 13:30,4,BOTH,BELOW,BLOCKED,XUYEN,2,false,false
ETHUSDT,853,2025-07-26 08:15,6,BOTH,ABOVE,THROUGH,XUYEN,1,true,
ETHUSDT,855,2025-07-28 02:30,19,BOTH,ABOVE,BLOCKED,XUYEN,2,false,false
ETHUSDT,856,2025-08-01 08:00,27,BOTH,BELOW,BLOCKED,XUYEN,2,false,false
ETHUSDT,857,2025-08-08 03:15,7,BOTH,ABOVE,BLOCKED,XUYEN,1,false,false
ETHUSDT,858,2025-08-08 22:00,4,BOTH,BELOW,BLOCKED,XUYEN,2,false,false
ETHUSDT,859,2025-08-09 09:45,15,BOTH,ABOVE,THROUGH,XUYEN,3,true,
ETHUSDT,862,2025-08-16 09:45,4,BOTH,BELOW,THROUGH,XUYEN,1,true,
ETHUSDT,863,2025-08-17 18:45,3,BOTH,BELOW,THROUGH,XUYEN,1,true,
ETHUSDT,864,2025-08-23 11:45,5,BOTH,BELOW,THROUGH,XUYEN,2,true,
ETHUSDT,867,2025-08-27 13:30,12,BOTH,ABOVE,BLOCKED,XUYEN,0,false,false
ETHUSDT,868,2025-08-29 12:30,8,BOTH,ABOVE,THROUGH,XUYEN,0,true,
ETHUSDT,869,2025-08-30 01:45,2,BOTH,BELOW,THROUGH,XUYEN,1,true,
ETHUSDT,870,2025-09-01 17:00,23,BOTH,BELOW,THROUGH,XUYEN,3,true,
ETHUSDT,871,2025-09-06 15:00,32,BOTH,BELOW,BLOCKED,XUYEN,0,false,false
ETHUSDT,872,2025-09-08 13:00,26,BOTH,ABOVE,BLOCKED,XUYEN,2,false,false
ETHUSDT,873,2025-09-11 12:00,9,BOTH,ABOVE,THROUGH,XUYEN,2,true,
ETHUSDT,874,2025-09-12 05:45,8,BOTH,ABOVE,BLOCKED,XUYEN,2,false,false
ETHUSDT,876,2025-09-15 13:30,11,BOTH,BELOW,BLOCKED,XUYEN,2,false,false
ETHUSDT,877,2025-09-16 13:30,7,BOTH,BELOW,BLOCKED,XUYEN,1,false,false
ETHUSDT,878,2025-09-17 02:30,19,BOTH,ABOVE,THROUGH,XUYEN,3,true,
ETHUSDT,880,2025-09-21 02:15,3,BOTH,BELOW,BLOCKED,XUYEN,2,false,false
ETHUSDT,881,2025-09-21 13:30,8,BOTH,ABOVE,BLOCKED,XUYEN,3,false,false
ETHUSDT,882,2025-09-22 06:00,8,BELOW,BELOW,BLOCKED,CHAN,3,false,true
ETHUSDT,883,2025-09-24 21:45,2,BELOW,BELOW,BLOCKED,CHAN,1,false,true
ETHUSDT,884,2025-09-26 05:45,6,BELOW,BELOW,BLOCKED,XUYEN,1,false,false
ETHUSDT,885,2025-09-27 08:00,16,BOTH,BELOW,THROUGH,XUYEN,0,true,
ETHUSDT,887,2025-09-29 20:30,10,BOTH,ABOVE,BLOCKED,XUYEN,1,false,false
ETHUSDT,889,2025-10-03 13:00,22,BOTH,BELOW,THROUGH,XUYEN,0,true,
ETHUSDT,891,2025-10-05 16:45,19,BOTH,BELOW,BLOCKED,XUYEN,3,false,false
ETHUSDT,893,2025-10-11 19:00,13,BOTH,BELOW,BLOCKED,XUYEN,1,false,false
ETHUSDT,894,2025-10-14 19:30,9,BOTH,BELOW,BLOCKED,XUYEN,1,false,false
ETHUSDT,895,2025-10-16 09:30,2,ABOVE,ABOVE,THROUGH,XUYEN,1,true,
ETHUSDT,896,2025-10-18 07:00,14,BOTH,ABOVE,BLOCKED,XUYEN,1,false,false
ETHUSDT,897,2025-10-19 08:15,13,BOTH,BELOW,THROUGH,XUYEN,0,true,
ETHUSDT,898,2025-10-22 21:00,2,BOTH,BELOW,THROUGH,XUYEN,3,true,
ETHUSDT,899,2025-10-25 07:15,5,ABOVE,ABOVE,BLOCKED,CHAN,1,false,true
ETHUSDT,900,2025-10-26 01:45,2,BOTH,BELOW,THROUGH,XUYEN,1,true,
ETHUSDT,903,2025-10-28 02:45,13,BOTH,BELOW,THROUGH,XUYEN,1,true,
ETHUSDT,905,2025-10-29 17:30,1,ABOVE,ABOVE,BLOCKED,CHAN,0,false,
ETHUSDT,907,2025-10-31 11:45,4,ABOVE,ABOVE,BLOCKED,CHAN,1,false,true
ETHUSDT,908,2025-10-31 16:45,11,BOTH,BELOW,THROUGH,XUYEN,0,true,
ETHUSDT,909,2025-11-01 15:00,15,BOTH,ABOVE,THROUGH,XUYEN,0,true,
ETHUSDT,910,2025-11-03 10:45,5,BOTH,BELOW,THROUGH,XUYEN,2,true,
ETHUSDT,911,2025-11-04 05:15,10,BOTH,BELOW,THROUGH,XUYEN,1,true,
ETHUSDT,912,2025-11-10 19:30,3,BOTH,ABOVE,THROUGH,XUYEN,0,true,
ETHUSDT,913,2025-11-11 01:15,8,BOTH,ABOVE,BLOCKED,XUYEN,1,false,false
ETHUSDT,914,2025-11-14 04:30,16,BOTH,BELOW,BLOCKED,XUYEN,0,false,false
ETHUSDT,915,2025-11-16 09:45,1,ABOVE,ABOVE,THROUGH,XUYEN,2,true,
ETHUSDT,916,2025-11-16 15:45,7,BOTH,BELOW,THROUGH,XUYEN,2,true,
ETHUSDT,917,2025-11-20 23:00,2,BELOW,BELOW,BLOCKED,CHAN,0,false,true
ETHUSDT,919,2025-11-25 07:45,15,BOTH,BELOW,THROUGH,XUYEN,1,true,
ETHUSDT,920,2025-11-26 12:00,4,BOTH,BELOW,THROUGH,XUYEN,2,true,
ETHUSDT,922,2025-11-30 01:00,14,BOTH,ABOVE,THROUGH,XUYEN,0,true,
ETHUSDT,923,2025-12-03 14:00,8,BOTH,BELOW,THROUGH,XUYEN,0,true,
ETHUSDT,924,2025-12-06 14:15,19,BOTH,ABOVE,BLOCKED,XUYEN,0,false,false
ETHUSDT,925,2025-12-07 14:15,5,BOTH,BELOW,THROUGH,XUYEN,1,true,
ETHUSDT,926,2025-12-10 09:45,9,BOTH,ABOVE,THROUGH,XUYEN,2,true,
ETHUSDT,927,2025-12-11 14:30,8,BOTH,BELOW,BLOCKED,XUYEN,2,false,false
ETHUSDT,928,2025-12-13 21:30,11,BOTH,ABOVE,BLOCKED,XUYEN,2,false,false
ETHUSDT,929,2025-12-16 10:30,22,BOTH,ABOVE,THROUGH,XUYEN,0,true,
ETHUSDT,930,2025-12-18 17:00,12,BOTH,BELOW,THROUGH,XUYEN,1,true,
ETHUSDT,932,2025-12-21 01:30,12,BOTH,BELOW,BLOCKED,XUYEN,2,false,false
ETHUSDT,933,2025-12-22 00:00,2,ABOVE,ABOVE,THROUGH,XUYEN,0,true,
ETHUSDT,934,2025-12-22 08:15,7,BOTH,ABOVE,THROUGH,XUYEN,1,true,
ETHUSDT,935,2025-12-23 13:30,12,BOTH,BELOW,BLOCKED,XUYEN,2,false,false
ETHUSDT,936,2025-12-24 14:30,57,BOTH,BELOW,THROUGH,XUYEN,2,true,
ETHUSDT,937,2025-12-30 08:00,1,ABOVE,ABOVE,BLOCKED,CHAN,1,false,
ETHUSDT,938,2026-01-03 18:15,1,ABOVE,ABOVE,BLOCKED,CHAN,1,false,
ETHUSDT,940,2026-01-04 06:00,12,BOTH,ABOVE,THROUGH,XUYEN,2,true,
ETHUSDT,941,2026-01-05 14:30,1,ABOVE,ABOVE,BLOCKED,CHAN,2,false,
ETHUSDT,942,2026-01-06 06:30,2,ABOVE,ABOVE,BLOCKED,CHAN,0,false,true
ETHUSDT,943,2026-01-06 14:00,6,BOTH,ABOVE,THROUGH,XUYEN,0,true,
ETHUSDT,945,2026-01-09 01:15,17,BOTH,ABOVE,THROUGH,XUYEN,0,true,
ETHUSDT,946,2026-01-11 16:30,6,BOTH,ABOVE,BLOCKED,XUYEN,3,false,false
ETHUSDT,947,2026-01-11 23:00,6,BOTH,BELOW,THROUGH,XUYEN,1,true,
ETHUSDT,948,2026-01-12 14:15,6,BOTH,BELOW,THROUGH,XUYEN,3,true,
ETHUSDT,949,2026-01-12 21:45,7,BOTH,BELOW,THROUGH,XUYEN,3,true,
ETHUSDT,950,2026-01-13 13:30,2,ABOVE,ABOVE,BLOCKED,CHAN,2,false,true
ETHUSDT,952,2026-01-17 22:30,8,BOTH,BELOW,THROUGH,XUYEN,2,true,
ETHUSDT,953,2026-01-18 14:15,3,ABOVE,ABOVE,BLOCKED,CHAN,2,false,true
ETHUSDT,955,2026-01-19 22:00,1,BELOW,BELOW,BLOCKED,CHAN,2,false,
ETHUSDT,956,2026-01-20 22:30,3,BELOW,BELOW,BLOCKED,CHAN,2,false,true
ETHUSDT,957,2026-01-21 05:30,1,BELOW,BELOW,BLOCKED,CHAN,1,false,
ETHUSDT,958,2026-01-21 11:45,4,BOTH,BELOW,THROUGH,XUYEN,0,true,
ETHUSDT,960,2026-01-23 14:30,8,BOTH,BELOW,THROUGH,XUYEN,2,true,
ETHUSDT,961,2026-01-25 08:30,5,BELOW,BELOW,THROUGH,XUYEN,0,true,
ETHUSDT,962,2026-01-25 16:00,1,BELOW,BELOW,BLOCKED,CHAN,1,false,
ETHUSDT,963,2026-01-26 14:00,4,BOTH,BELOW,THROUGH,XUYEN,0,true,
ETHUSDT,964,2026-01-26 21:30,6,ABOVE,ABOVE,BLOCKED,CHAN,2,false,true
ETHUSDT,967,2026-01-31 06:15,1,BELOW,BELOW,BLOCKED,CHAN,3,false,
ETHUSDT,969,2026-02-01 23:00,20,BOTH,BELOW,BLOCKED,XUYEN,0,false,false
ETHUSDT,970,2026-02-04 11:00,1,BELOW,BELOW,BLOCKED,CHAN,2,false,
ETHUSDT,971,2026-02-07 16:00,10,BOTH,ABOVE,THROUGH,XUYEN,2,true,
ETHUSDT,972,2026-02-10 03:15,5,BELOW,BELOW,BLOCKED,CHAN,2,false,true
ETHUSDT,974,2026-02-20 04:00,13,BOTH,BELOW,THROUGH,XUYEN,0,true,
ETHUSDT,975,2026-02-22 17:30,3,BOTH,BELOW,THROUGH,XUYEN,2,true,
ETHUSDT,976,2026-02-23 09:30,2,ABOVE,ABOVE,THROUGH,XUYEN,1,true,
ETHUSDT,978,2026-02-25 21:30,13,BOTH,ABOVE,THROUGH,XUYEN,3,true,
ETHUSDT,980,2026-03-01 13:45,24,BOTH,ABOVE,THROUGH,XUYEN,0,true,
ETHUSDT,981,2026-03-05 14:30,1,BELOW,BELOW,BLOCKED,CHAN,2,false,
ETHUSDT,982,2026-03-07 04:00,9,BOTH,BELOW,BLOCKED,XUYEN,3,false,false
ETHUSDT,983,2026-03-08 02:45,5,BOTH,BELOW,THROUGH,XUYEN,1,true,
ETHUSDT,984,2026-03-08 22:00,6,BOTH,BELOW,BLOCKED,XUYEN,1,false,false
ETHUSDT,985,2026-03-09 03:00,1,ABOVE,ABOVE,BLOCKED,CHAN,1,false,
ETHUSDT,986,2026-03-09 19:15,4,BOTH,ABOVE,THROUGH,XUYEN,2,true,
ETHUSDT,988,2026-03-10 13:30,7,BOTH,BELOW,THROUGH,XUYEN,0,true,
ETHUSDT,989,2026-03-11 22:00,14,BOTH,ABOVE,THROUGH,XUYEN,2,true,
ETHUSDT,990,2026-03-13 22:00,11,BOTH,BELOW,BLOCKED,XUYEN,1,false,false
ETHUSDT,991,2026-03-15 17:45,1,ABOVE,ABOVE,BLOCKED,CHAN,0,false,
ETHUSDT,992,2026-03-16 03:15,4,ABOVE,ABOVE,THROUGH,XUYEN,1,true,
ETHUSDT,993,2026-03-19 03:15,3,BOTH,ABOVE,THROUGH,XUYEN,2,true,
ETHUSDT,994,2026-03-19 19:00,7,ABOVE,ABOVE,BLOCKED,CHAN,1,false,true
ETHUSDT,995,2026-03-21 14:00,5,BOTH,ABOVE,THROUGH,XUYEN,0,true,
ETHUSDT,999,2026-03-23 06:30,2,BELOW,BELOW,BLOCKED,CHAN,0,false,true
ETHUSDT,1001,2026-03-25 22:30,4,ABOVE,ABOVE,BLOCKED,XUYEN,0,false,false
ETHUSDT,1003,2026-03-26 17:45,7,BOTH,BELOW,THROUGH,XUYEN,1,true,
ETHUSDT,1004,2026-03-27 04:00,5,BOTH,BELOW,THROUGH,XUYEN,0,true,
ETHUSDT,1005,2026-03-27 10:30,9,BOTH,BELOW,BLOCKED,XUYEN,1,false,false
ETHUSDT,1006,2026-03-30 07:45,12,BOTH,ABOVE,BLOCKED,XUYEN,3,false,false
ETHUSDT,1008,2026-04-01 12:30,9,BOTH,ABOVE,THROUGH,XUYEN,1,true,
ETHUSDT,1009,2026-04-04 19:00,3,BOTH,ABOVE,THROUGH,XUYEN,1,true,
ETHUSDT,1010,2026-04-05 12:30,2,BOTH,BELOW,THROUGH,XUYEN,1,true,
ETHUSDT,1011,2026-04-09 22:15,4,BOTH,ABOVE,THROUGH,XUYEN,1,true,
ETHUSDT,1013,2026-04-11 09:15,1,ABOVE,ABOVE,BLOCKED,CHAN,1,false,
ETHUSDT,1015,2026-04-12 10:45,5,BOTH,BELOW,BLOCKED,XUYEN,2,false,false
ETHUSDT,1017,2026-04-15 11:45,17,BOTH,ABOVE,THROUGH,XUYEN,2,true,
ETHUSDT,1021,2026-04-22 05:15,2,BOTH,ABOVE,THROUGH,XUYEN,1,true,
ETHUSDT,1022,2026-04-25 15:45,8,BOTH,BELOW,THROUGH,XUYEN,1,true,
ETHUSDT,1023,2026-04-26 14:15,1,ABOVE,ABOVE,THROUGH,XUYEN,1,true,
ETHUSDT,1024,2026-04-28 13:00,10,BOTH,BELOW,BLOCKED,XUYEN,2,false,false
ETHUSDT,1026,2026-05-02 13:00,1,ABOVE,ABOVE,BLOCKED,CHAN,2,false,
ETHUSDT,1027,2026-05-02 21:30,8,BOTH,ABOVE,THROUGH,XUYEN,0,true,
ETHUSDT,1028,2026-05-03 11:30,3,ABOVE,ABOVE,BLOCKED,CHAN,3,false,true
ETHUSDT,1029,2026-05-04 10:00,4,BOTH,BELOW,THROUGH,XUYEN,1,true,
ETHUSDT,1030,2026-05-05 02:00,3,ABOVE,ABOVE,BLOCKED,CHAN,2,false,true
ETHUSDT,1031,2026-05-05 22:30,10,BOTH,BELOW,BLOCKED,XUYEN,2,false,false
ETHUSDT,1032,2026-05-14 23:45,2,BELOW,BELOW,BLOCKED,CHAN,2,false,true
ETHUSDT,1033,2026-05-15 05:30,2,BELOW,BELOW,BLOCKED,CHAN,0,false,true
ETHUSDT,1034,2026-05-16 04:30,1,BELOW,BELOW,BLOCKED,CHAN,3,false,
ETHUSDT,1036,2026-05-18 11:30,1,ABOVE,ABOVE,THROUGH,XUYEN,0,true,
ETHUSDT,1037,2026-05-18 18:15,1,BELOW,BELOW,THROUGH,XUYEN,1,true,
ETHUSDT,1039,2026-05-20 05:00,6,ABOVE,ABOVE,BLOCKED,XUYEN,1,false,false
ETHUSDT,1043,2026-05-24 20:00,7,BOTH,BELOW,BLOCKED,XUYEN,3,false,false
ETHUSDT,1044,2026-05-25 14:00,3,BOTH,ABOVE,THROUGH,XUYEN,2,true,
ETHUSDT,1045,2026-05-26 10:15,3,BOTH,ABOVE,THROUGH,XUYEN,1,true,
ETHUSDT,1047,2026-05-30 10:15,4,ABOVE,ABOVE,BLOCKED,CHAN,2,false,true
ETHUSDT,1048,2026-05-31 09:45,1,BELOW,BELOW,BLOCKED,CHAN,3,false,
ETHUSDT,1050,2026-06-07 19:00,3,BELOW,BELOW,THROUGH,XUYEN,0,true,
ETHUSDT,1051,2026-06-08 04:00,9,BOTH,BELOW,BLOCKED,XUYEN,3,false,false
ETHUSDT,1052,2026-06-08 21:00,2,ABOVE,ABOVE,THROUGH,XUYEN,2,true,
ETHUSDT,1053,2026-06-09 04:30,32,BOTH,ABOVE,BLOCKED,XUYEN,1,false,false
ETHUSDT,1054,2026-06-13 21:30,8,BOTH,ABOVE,BLOCKED,XUYEN,1,false,false
ETHUSDT,1056,2026-06-15 09:15,2,BOTH,ABOVE,THROUGH,XUYEN,0,true,
ETHUSDT,1057,2026-06-17 01:15,4,BELOW,BELOW,THROUGH,XUYEN,1,true,
ETHUSDT,1058,2026-06-19 23:45,4,BOTH,ABOVE,BLOCKED,XUYEN,1,false,false
ETHUSDT,1060,2026-06-20 13:15,29,BOTH,BELOW,THROUGH,XUYEN,0,true,
ETHUSDT,1061,2026-06-25 04:45,1,ABOVE,ABOVE,THROUGH,XUYEN,1,true,
ETHUSDT,1062,2026-06-26 02:00,24,BOTH,BELOW,BLOCKED,XUYEN,0,false,false
ETHUSDT,1064,2026-07-04 01:00,10,BOTH,BELOW,THROUGH,XUYEN,1,true,
ETHUSDT,1065,2026-07-04 13:15,13,BOTH,ABOVE,BLOCKED,XUYEN,2,false,false
ETHUSDT,1066,2026-07-05 21:00,7,BOTH,BELOW,THROUGH,XUYEN,0,true,
ETHUSDT,1067,2026-07-06 21:00,1,ABOVE,ABOVE,BLOCKED,CHAN,3,false,
ETHUSDT,1068,2026-07-07 01:00,3,BOTH,BELOW,THROUGH,XUYEN,1,true,
ETHUSDT,1071,2026-07-09 01:00,11,BOTH,ABOVE,THROUGH,XUYEN,0,true,
ETHUSDT,1072,2026-07-10 08:15,1,ABOVE,ABOVE,BLOCKED,CHAN,2,false,
ETHUSDT,1074,2026-07-12 06:00,7,BOTH,BELOW,THROUGH,XUYEN,0,true,
ETHUSDT,1075,2026-07-13 00:00,5,BOTH,ABOVE,BLOCKED,XUYEN,1,false,false
ETHUSDT,1076,2026-07-17 13:00,4,BOTH,BELOW,BLOCKED,XUYEN,2,false,false
ETHUSDT,1078,2026-07-19 17:00,14,BOTH,ABOVE,THROUGH,XUYEN,1,true,
ETHUSDT,1079,2026-07-20 11:30,3,BOTH,ABOVE,THROUGH,XUYEN,3,true,
ETHUSDT,1080,2026-07-21 02:45,8,BOTH,ABOVE,BLOCKED,XUYEN,1,false,false
ETHUSDT,1081,2026-07-23 17:45,8,BOTH,BELOW,BLOCKED,XUYEN,2,false,false
ETHUSDT,1082,2026-07-26 12:00,18,BOTH,ABOVE,THROUGH,XUYEN,2,true,
ETHUSDT,1083,2026-07-30 23:30,2,BELOW,BELOW,THROUGH,XUYEN,1,true,
ETHUSDT,1084,2026-08-02 02:00,6,BOTH,ABOVE,THROUGH,XUYEN,1,true,
ETHUSDT,1085,2026-08-02 18:30,2,BOTH,ABOVE,THROUGH,XUYEN,1,true,
ETHUSDT,1086,2026-08-03 03:45,18,BOTH,BELOW,BLOCKED,XUYEN,3,false,false
ETHUSDT,1087,2026-08-07 12:00,14,BOTH,ABOVE,THROUGH,XUYEN,0,true,
SOLUSDT,0,2020-11-24 06:00,5,BOTH,BELOW,BLOCKED,XUYEN,2,false,false
SOLUSDT,1,2020-11-29 00:15,7,BOTH,BELOW,BLOCKED,XUYEN,4,false,false
SOLUSDT,2,2020-11-30 06:45,9,BOTH,BELOW,THROUGH,XUYEN,2,true,
SOLUSDT,3,2020-12-03 06:00,7,BOTH,ABOVE,THROUGH,XUYEN,4,true,
SOLUSDT,4,2020-12-08 03:15,1,BELOW,BELOW,BLOCKED,CHAN,0,false,
SOLUSDT,5,2020-12-09 07:45,19,BOTH,BELOW,THROUGH,XUYEN,3,true,
SOLUSDT,6,2020-12-13 04:00,1,BELOW,BELOW,THROUGH,XUYEN,3,true,
SOLUSDT,7,2020-12-13 22:15,8,BOTH,BELOW,THROUGH,XUYEN,1,true,
SOLUSDT,9,2020-12-16 15:00,33,BOTH,ABOVE,BLOCKED,XUYEN,3,false,false
SOLUSDT,10,2020-12-23 15:00,1,BELOW,BELOW,THROUGH,XUYEN,2,true,
SOLUSDT,11,2020-12-25 03:00,15,BOTH,ABOVE,THROUGH,XUYEN,3,true,
SOLUSDT,13,2020-12-28 12:00,3,BOTH,ABOVE,THROUGH,XUYEN,2,true,
SOLUSDT,14,2021-01-12 16:00,4,ABOVE,ABOVE,THROUGH,XUYEN,3,true,
SOLUSDT,15,2021-01-13 20:15,10,BOTH,ABOVE,THROUGH,XUYEN,2,true,
SOLUSDT,16,2021-01-15 14:00,5,BOTH,ABOVE,THROUGH,XUYEN,1,true,
SOLUSDT,17,2021-01-16 11:45,16,BOTH,BELOW,THROUGH,XUYEN,2,true,
SOLUSDT,18,2021-01-18 01:00,44,BOTH,BELOW,THROUGH,XUYEN,1,true,
SOLUSDT,19,2021-01-28 13:45,12,BOTH,ABOVE,BLOCKED,XUYEN,4,false,false
SOLUSDT,20,2021-01-29 22:45,3,ABOVE,ABOVE,BLOCKED,CHAN,2,false,true
SOLUSDT,21,2021-02-12 23:15,6,BOTH,BELOW,THROUGH,XUYEN,0,true,
SOLUSDT,22,2021-02-14 01:15,11,BOTH,ABOVE,BLOCKED,XUYEN,2,false,false
SOLUSDT,23,2021-02-15 15:15,12,BOTH,ABOVE,BLOCKED,XUYEN,3,false,false
SOLUSDT,26,2021-02-28 19:45,6,BOTH,ABOVE,BLOCKED,XUYEN,2,false,false
SOLUSDT,27,2021-03-06 03:30,6,BOTH,BELOW,THROUGH,XUYEN,0,true,
SOLUSDT,28,2021-03-12 13:00,4,BOTH,BELOW,THROUGH,XUYEN,2,true,
SOLUSDT,29,2021-03-17 16:15,6,BOTH,ABOVE,THROUGH,XUYEN,2,true,
SOLUSDT,30,2021-03-26 02:00,1,BELOW,BELOW,THROUGH,XUYEN,1,true,
SOLUSDT,31,2021-03-26 13:30,3,BELOW,BELOW,THROUGH,XUYEN,1,true,
SOLUSDT,33,2021-04-14 14:00,27,BOTH,BELOW,THROUGH,XUYEN,4,true,
SOLUSDT,35,2021-04-25 08:45,1,ABOVE,ABOVE,BLOCKED,CHAN,1,false,
SOLUSDT,36,2021-04-28 00:00,3,BOTH,BELOW,THROUGH,XUYEN,2,true,
SOLUSDT,37,2021-04-28 06:00,28,BOTH,BELOW,THROUGH,XUYEN,4,true,
SOLUSDT,38,2021-05-06 00:15,2,BELOW,BELOW,BLOCKED,CHAN,2,false,true
SOLUSDT,39,2021-05-07 15:45,5,ABOVE,ABOVE,BLOCKED,CHAN,3,false,true
SOLUSDT,40,2021-05-08 22:15,61,BOTH,ABOVE,THROUGH,XUYEN,2,true,
SOLUSDT,41,2021-05-20 17:00,8,BOTH,ABOVE,BLOCKED,CHAN,4,false,true
SOLUSDT,42,2021-05-25 10:00,14,BOTH,BELOW,THROUGH,XUYEN,4,true,
SOLUSDT,43,2021-05-29 11:15,18,BOTH,ABOVE,THROUGH,XUYEN,2,true,
SOLUSDT,44,2021-06-01 19:30,8,BOTH,BELOW,THROUGH,XUYEN,2,true,
SOLUSDT,45,2021-06-03 02:15,3,ABOVE,ABOVE,BLOCKED,CHAN,2,false,true
SOLUSDT,47,2021-06-16 15:45,4,BOTH,ABOVE,BLOCKED,XUYEN,2,false,false
SOLUSDT,48,2021-06-29 20:45,18,BOTH,BELOW,BLOCKED,XUYEN,2,false,false
SOLUSDT,49,2021-07-03 21:45,26,BOTH,BELOW,THROUGH,XUYEN,3,true,
SOLUSDT,50,2021-07-14 03:15,2,BOTH,BELOW,THROUGH,XUYEN,2,true,
SOLUSDT,51,2021-07-14 13:00,11,BOTH,ABOVE,THROUGH,XUYEN,2,true,
SOLUSDT,52,2021-07-18 21:45,2,BOTH,ABOVE,THROUGH,XUYEN,0,true,
SOLUSDT,53,2021-07-19 03:30,15,BOTH,ABOVE,BLOCKED,XUYEN,1,false,false
SOLUSDT,54,2021-07-27 14:00,5,BELOW,BELOW,BLOCKED,XUYEN,2,false,false
SOLUSDT,55,2021-07-30 08:30,5,BOTH,BELOW,THROUGH,XUYEN,1,true,
SOLUSDT,56,2021-07-31 15:45,25,BOTH,ABOVE,THROUGH,XUYEN,3,true,
SOLUSDT,57,2021-08-05 08:45,20,BOTH,BELOW,THROUGH,XUYEN,0,true,
SOLUSDT,59,2021-08-14 09:45,10,BOTH,BELOW,THROUGH,XUYEN,1,true,
SOLUSDT,62,2021-08-21 17:45,12,BOTH,BELOW,BLOCKED,XUYEN,2,false,false
SOLUSDT,63,2021-08-22 18:00,24,BOTH,BELOW,BLOCKED,XUYEN,2,false,false
SOLUSDT,64,2021-09-02 21:00,2,ABOVE,ABOVE,BLOCKED,CHAN,4,false,true
SOLUSDT,65,2021-09-18 11:00,12,BOTH,ABOVE,BLOCKED,XUYEN,3,false,false
SOLUSDT,66,2021-09-25 21:15,42,BOTH,BELOW,THROUGH,XUYEN,2,true,
SOLUSDT,67,2021-09-30 18:30,2,ABOVE,ABOVE,BLOCKED,CHAN,1,false,true
SOLUSDT,68,2021-10-02 23:15,18,BOTH,BELOW,BLOCKED,XUYEN,3,false,false
SOLUSDT,69,2021-10-08 10:30,15,BOTH,ABOVE,BLOCKED,XUYEN,3,false,false
SOLUSDT,70,2021-10-09 20:00,12,BOTH,BELOW,THROUGH,XUYEN,2,true,
SOLUSDT,72,2021-10-16 21:45,22,BOTH,BELOW,THROUGH,XUYEN,2,true,
SOLUSDT,73,2021-10-22 12:45,14,BOTH,ABOVE,BLOCKED,XUYEN,2,false,false
SOLUSDT,74,2021-10-26 14:00,3,BOTH,BELOW,THROUGH,XUYEN,1,true,
SOLUSDT,75,2021-10-28 18:30,27,BOTH,BELOW,THROUGH,XUYEN,3,true,
SOLUSDT,76,2021-11-09 15:00,16,BOTH,BELOW,BLOCKED,XUYEN,2,false,false
SOLUSDT,78,2021-11-23 09:30,33,BOTH,ABOVE,THROUGH,XUYEN,0,true,
SOLUSDT,80,2021-12-05 23:00,21,BOTH,ABOVE,BLOCKED,XUYEN,1,false,false
SOLUSDT,81,2021-12-08 10:30,15,BOTH,BELOW,THROUGH,XUYEN,3,true,
SOLUSDT,82,2021-12-12 17:00,1,ABOVE,ABOVE,THROUGH,XUYEN,2,true,
SOLUSDT,83,2021-12-13 19:15,14,BOTH,BELOW,THROUGH,XUYEN,3,true,
SOLUSDT,84,2021-12-23 07:30,10,BOTH,BELOW,THROUGH,XUYEN,2,true,
SOLUSDT,85,2021-12-26 21:00,12,BOTH,BELOW,THROUGH,XUYEN,1,true,
SOLUSDT,86,2022-01-02 03:45,2,BELOW,BELOW,BLOCKED,CHAN,1,false,true
SOLUSDT,88,2022-01-07 13:30,12,BOTH,BELOW,BLOCKED,XUYEN,4,false,false
SOLUSDT,89,2022-01-08 05:45,43,BOTH,ABOVE,BLOCKED,XUYEN,4,false,false
SOLUSDT,90,2022-01-23 23:00,2,BOTH,ABOVE,THROUGH,XUYEN,1,true,
SOLUSDT,91,2022-01-25 06:15,27,BOTH,ABOVE,THROUGH,XUYEN,1,true,
SOLUSDT,92,2022-01-30 19:00,4,BOTH,BELOW,BLOCKED,XUYEN,2,false,false
SOLUSDT,93,2022-02-05 14:45,15,BOTH,ABOVE,THROUGH,XUYEN,2,true,
SOLUSDT,94,2022-02-06 14:30,4,BOTH,BELOW,BLOCKED,XUYEN,2,false,false
SOLUSDT,96,2022-02-10 02:45,4,BOTH,BELOW,THROUGH,XUYEN,1,true,
SOLUSDT,97,2022-02-10 13:30,1,BELOW,BELOW,BLOCKED,CHAN,2,false,
SOLUSDT,98,2022-02-22 03:00,4,BOTH,BELOW,BLOCKED,XUYEN,3,false,false
SOLUSDT,99,2022-02-24 02:45,12,BOTH,BELOW,BLOCKED,XUYEN,1,false,false
SOLUSDT,100,2022-02-28 06:00,10,BOTH,BELOW,THROUGH,XUYEN,2,true,
SOLUSDT,101,2022-03-06 16:00,19,BOTH,ABOVE,THROUGH,XUYEN,3,true,
SOLUSDT,102,2022-03-10 13:30,34,BOTH,BELOW,BLOCKED,XUYEN,2,false,false
SOLUSDT,103,2022-03-13 20:00,11,BOTH,BELOW,THROUGH,XUYEN,1,true,
SOLUSDT,104,2022-03-14 17:00,6,BOTH,BELOW,THROUGH,XUYEN,3,true,
SOLUSDT,105,2022-03-15 07:00,3,BOTH,BELOW,THROUGH,XUYEN,2,true,
SOLUSDT,106,2022-03-16 18:00,1,BELOW,BELOW,THROUGH,XUYEN,0,true,
SOLUSDT,107,2022-03-21 16:30,5,BOTH,BELOW,BLOCKED,XUYEN,3,false,false
SOLUSDT,108,2022-03-31 09:15,18,BOTH,ABOVE,BLOCKED,XUYEN,1,false,false
SOLUSDT,109,2022-04-03 05:30,12,BOTH,ABOVE,BLOCKED,XUYEN,3,false,false
SOLUSDT,110,2022-04-04 07:30,3,BOTH,ABOVE,THROUGH,XUYEN,2,true,
SOLUSDT,111,2022-04-12 11:15,18,BOTH,ABOVE,THROUGH,XUYEN,2,true,
SOLUSDT,112,2022-04-16 10:15,9,BOTH,ABOVE,THROUGH,XUYEN,1,true,
SOLUSDT,113,2022-04-18 04:00,9,BOTH,BELOW,THROUGH,XUYEN,1,true,
SOLUSDT,114,2022-04-22 07:15,2,BELOW,BELOW,BLOCKED,CHAN,1,false,true
SOLUSDT,116,2022-04-25 18:45,30,BOTH,ABOVE,THROUGH,XUYEN,1,true,
SOLUSDT,118,2022-05-06 07:30,5,BOTH,BELOW,THROUGH,XUYEN,2,true,
SOLUSDT,120,2022-05-08 22:00,3,BOTH,BELOW,THROUGH,XUYEN,0,true,
SOLUSDT,122,2022-05-20 10:00,15,BOTH,ABOVE,THROUGH,XUYEN,4,true,
SOLUSDT,123,2022-05-25 18:00,12,BOTH,ABOVE,BLOCKED,XUYEN,2,false,false
SOLUSDT,124,2022-06-02 22:00,13,BOTH,ABOVE,BLOCKED,XUYEN,2,false,false
SOLUSDT,125,2022-06-07 11:00,36,BOTH,BELOW,BLOCKED,XUYEN,2,false,false
SOLUSDT,127,2022-06-10 21:45,6,BOTH,ABOVE,THROUGH,XUYEN,2,true,
SOLUSDT,129,2022-06-17 22:15,1,BELOW,BELOW,BLOCKED,CHAN,1,false,
SOLUSDT,130,2022-06-18 06:45,17,BOTH,BELOW,THROUGH,XUYEN,1,true,
SOLUSDT,131,2022-06-23 17:45,2,ABOVE,ABOVE,BLOCKED,CHAN,4,false,true
SOLUSDT,133,2022-06-27 18:00,12,BOTH,ABOVE,THROUGH,XUYEN,1,true,
SOLUSDT,134,2022-06-30 06:30,27,BOTH,BELOW,BLOCKED,XUYEN,3,false,false
SOLUSDT,135,2022-07-03 04:45,11,BOTH,BELOW,THROUGH,XUYEN,1,true,
SOLUSDT,136,2022-07-04 21:30,8,BOTH,ABOVE,BLOCKED,XUYEN,1,false,false
SOLUSDT,137,2022-07-06 18:00,3,ABOVE,ABOVE,BLOCKED,CHAN,3,false,true
SOLUSDT,138,2022-07-06 22:00,3,ABOVE,ABOVE,BLOCKED,XUYEN,3,false,false
SOLUSDT,139,2022-07-11 13:30,7,BOTH,BELOW,THROUGH,XUYEN,2,true,
SOLUSDT,141,2022-07-17 13:00,6,BELOW,BELOW,THROUGH,XUYEN,1,true,
SOLUSDT,142,2022-07-22 19:30,1,BELOW,BELOW,BLOCKED,CHAN,2,false,
SOLUSDT,143,2022-07-23 04:30,1,ABOVE,ABOVE,BLOCKED,CHAN,2,false,
SOLUSDT,144,2022-07-23 08:45,4,BOTH,BELOW,BLOCKED,XUYEN,1,false,false
SOLUSDT,145,2022-07-25 19:00,2,BOTH,BELOW,THROUGH,XUYEN,1,true,
SOLUSDT,147,2022-07-28 02:30,1,ABOVE,ABOVE,BLOCKED,CHAN,1,false,
SOLUSDT,148,2022-07-30 22:00,1,BELOW,BELOW,BLOCKED,CHAN,1,false,
SOLUSDT,149,2022-07-31 18:00,3,BOTH,ABOVE,THROUGH,XUYEN,0,true,
SOLUSDT,150,2022-08-02 23:45,1,BELOW,BELOW,BLOCKED,CHAN,1,false,
SOLUSDT,151,2022-08-04 06:15,5,BOTH,BELOW,BLOCKED,XUYEN,1,false,false
SOLUSDT,152,2022-08-06 17:00,12,BOTH,BELOW,THROUGH,XUYEN,2,true,
SOLUSDT,153,2022-08-08 22:00,9,BOTH,BELOW,BLOCKED,XUYEN,2,false,false
SOLUSDT,155,2022-08-17 18:00,4,BOTH,ABOVE,THROUGH,XUYEN,3,true,
SOLUSDT,157,2022-08-19 21:45,13,BOTH,BELOW,BLOCKED,XUYEN,2,false,false
SOLUSDT,158,2022-08-21 20:45,21,BOTH,ABOVE,BLOCKED,XUYEN,1,false,false
SOLUSDT,159,2022-08-26 11:00,2,BOTH,BELOW,THROUGH,XUYEN,0,true,
SOLUSDT,160,2022-08-28 21:45,11,BOTH,BELOW,THROUGH,XUYEN,1,true,
SOLUSDT,161,2022-08-30 19:00,16,BOTH,ABOVE,BLOCKED,XUYEN,1,false,false
SOLUSDT,162,2022-09-01 22:00,5,ABOVE,ABOVE,BLOCKED,XUYEN,3,false,false
SOLUSDT,163,2022-09-02 03:00,15,BOTH,ABOVE,BLOCKED,XUYEN,1,false,false
SOLUSDT,164,2022-09-03 07:45,13,BOTH,BELOW,BLOCKED,CHAN,3,false,true
SOLUSDT,166,2022-09-07 20:15,1,ABOVE,ABOVE,BLOCKED,CHAN,1,false,
SOLUSDT,168,2022-09-10 12:15,31,BOTH,BELOW,THROUGH,XUYEN,2,true,
SOLUSDT,169,2022-09-15 12:30,2,BELOW,BELOW,BLOCKED,CHAN,2,false,true
SOLUSDT,170,2022-09-17 22:00,6,BOTH,ABOVE,BLOCKED,XUYEN,1,false,false
SOLUSDT,172,2022-09-19 02:15,5,BELOW,BELOW,BLOCKED,XUYEN,2,false,false
SOLUSDT,173,2022-09-20 03:15,54,BOTH,BELOW,THROUGH,XUYEN,1,true,
SOLUSDT,174,2022-09-30 00:30,4,ABOVE,ABOVE,BLOCKED,CHAN,1,false,true
SOLUSDT,175,2022-09-30 08:45,8,BOTH,ABOVE,THROUGH,XUYEN,2,true,
SOLUSDT,176,2022-10-04 06:15,15,BOTH,ABOVE,THROUGH,XUYEN,1,true,
SOLUSDT,177,2022-10-09 06:00,13,BOTH,ABOVE,BLOCKED,XUYEN,2,false,false
SOLUSDT,179,2022-10-11 22:00,1,ABOVE,ABOVE,THROUGH,XUYEN,0,true,
SOLUSDT,181,2022-10-12 12:30,16,BOTH,BELOW,BLOCKED,XUYEN,3,false,false
SOLUSDT,182,2022-10-17 09:30,9,BOTH,ABOVE,THROUGH,XUYEN,1,true,
SOLUSDT,183,2022-10-23 11:00,1,BELOW,BELOW,THROUGH,XUYEN,1,true,
SOLUSDT,184,2022-10-23 22:00,8,BOTH,ABOVE,THROUGH,XUYEN,2,true,
SOLUSDT,185,2022-10-26 20:00,15,BOTH,BELOW,THROUGH,XUYEN,2,true,
SOLUSDT,186,2022-10-27 20:00,2,BOTH,BELOW,THROUGH,XUYEN,1,true,
SOLUSDT,187,2022-10-29 22:00,31,BOTH,BELOW,THROUGH,XUYEN,1,true,
SOLUSDT,188,2022-11-05 15:15,2,ABOVE,ABOVE,BLOCKED,XUYEN,1,false,false
SOLUSDT,189,2022-11-08 02:45,3,BOTH,BELOW,BLOCKED,XUYEN,3,false,false
SOLUSDT,192,2022-11-20 03:00,8,BOTH,ABOVE,THROUGH,XUYEN,1,true,
SOLUSDT,193,2022-11-21 08:45,17,BOTH,BELOW,THROUGH,XUYEN,2,true,
SOLUSDT,194,2022-11-22 06:45,2,BOTH,BELOW,THROUGH,XUYEN,2,true,
SOLUSDT,196,2022-11-26 00:30,5,ABOVE,ABOVE,BLOCKED,CHAN,1,false,true
SOLUSDT,198,2022-11-29 00:00,1,BELOW,BELOW,THROUGH,XUYEN,0,true,
SOLUSDT,199,2022-11-29 04:00,18,BOTH,ABOVE,THROUGH,XUYEN,1,true,
SOLUSDT,200,2022-12-01 13:30,1,BELOW,BELOW,BLOCKED,CHAN,1,false,
SOLUSDT,201,2022-12-03 02:15,8,BOTH,ABOVE,BLOCKED,XUYEN,1,false,false
SOLUSDT,202,2022-12-03 11:00,1,BELOW,BELOW,BLOCKED,CHAN,3,false,
SOLUSDT,203,2022-12-03 17:15,5,BOTH,ABOVE,BLOCKED,XUYEN,1,false,false
SOLUSDT,205,2022-12-06 03:30,15,BOTH,ABOVE,BLOCKED,XUYEN,2,false,false
SOLUSDT,206,2022-12-06 23:00,2,ABOVE,ABOVE,BLOCKED,CHAN,3,false,true
SOLUSDT,208,2022-12-09 13:30,3,BOTH,BELOW,THROUGH,XUYEN,2,true,
SOLUSDT,209,2022-12-10 04:45,16,BOTH,ABOVE,THROUGH,XUYEN,2,true,
SOLUSDT,210,2022-12-11 12:45,5,ABOVE,ABOVE,THROUGH,XUYEN,2,true,
SOLUSDT,211,2022-12-13 13:15,2,ABOVE,ABOVE,THROUGH,XUYEN,1,true,
SOLUSDT,213,2022-12-18 06:30,18,BOTH,BELOW,BLOCKED,XUYEN,3,false,false
SOLUSDT,214,2022-12-22 07:00,8,BOTH,BELOW,THROUGH,XUYEN,2,true,
SOLUSDT,216,2022-12-25 14:30,14,BOTH,BELOW,THROUGH,XUYEN,1,true,
SOLUSDT,217,2022-12-26 15:30,8,BOTH,BELOW,BLOCKED,XUYEN,2,false,false
SOLUSDT,218,2022-12-27 12:45,4,BELOW,BELOW,BLOCKED,CHAN,2,false,true
SOLUSDT,220,2023-01-01 11:00,3,ABOVE,ABOVE,BLOCKED,CHAN,2,false,true
SOLUSDT,222,2023-01-02 19:45,5,BOTH,ABOVE,THROUGH,XUYEN,3,true,
SOLUSDT,223,2023-01-07 22:30,2,BELOW,BELOW,THROUGH,XUYEN,2,true,
SOLUSDT,225,2023-01-14 05:30,4,ABOVE,ABOVE,THROUGH,XUYEN,3,true,
SOLUSDT,226,2023-01-14 14:30,27,BOTH,BELOW,THROUGH,XUYEN,3,true,
SOLUSDT,227,2023-01-22 20:00,9,BOTH,BELOW,BLOCKED,XUYEN,1,false,false
SOLUSDT,228,2023-01-24 13:30,4,BELOW,BELOW,BLOCKED,CHAN,2,false,true
SOLUSDT,230,2023-01-25 12:00,2,BOTH,ABOVE,THROUGH,XUYEN,0,true,
SOLUSDT,231,2023-01-27 10:45,4,BOTH,BELOW,BLOCKED,XUYEN,1,false,false
SOLUSDT,232,2023-01-27 20:00,6,BOTH,ABOVE,THROUGH,XUYEN,2,true,
SOLUSDT,233,2023-01-28 05:00,11,BOTH,ABOVE,THROUGH,XUYEN,2,true,
SOLUSDT,234,2023-01-30 19:00,5,BOTH,BELOW,THROUGH,XUYEN,1,true,
SOLUSDT,235,2023-01-31 13:30,10,BOTH,ABOVE,THROUGH,XUYEN,2,true,
SOLUSDT,236,2023-02-03 13:30,15,BOTH,BELOW,THROUGH,XUYEN,3,true,
SOLUSDT,237,2023-02-04 23:30,8,BELOW,BELOW,BLOCKED,CHAN,4,false,true
SOLUSDT,238,2023-02-06 23:00,22,BOTH,BELOW,BLOCKED,XUYEN,2,false,false
SOLUSDT,239,2023-02-11 21:45,7,BOTH,ABOVE,BLOCKED,XUYEN,1,false,false
SOLUSDT,240,2023-02-13 14:30,7,BOTH,ABOVE,THROUGH,XUYEN,2,true,
SOLUSDT,241,2023-02-14 09:45,2,ABOVE,ABOVE,BLOCKED,CHAN,2,false,true
SOLUSDT,242,2023-02-18 16:45,13,BOTH,ABOVE,BLOCKED,XUYEN,3,false,false
SOLUSDT,243,2023-02-21 21:15,2,BELOW,BELOW,BLOCKED,CHAN,1,false,true
SOLUSDT,244,2023-02-23 11:15,1,BELOW,BELOW,BLOCKED,CHAN,0,false,
SOLUSDT,245,2023-02-26 18:30,13,BOTH,ABOVE,THROUGH,XUYEN,1,true,
SOLUSDT,246,2023-03-01 19:45,4,BOTH,BELOW,THROUGH,XUYEN,1,true,
SOLUSDT,247,2023-03-02 18:30,1,ABOVE,ABOVE,BLOCKED,CHAN,1,false,
SOLUSDT,249,2023-03-04 05:30,16,BOTH,BELOW,BLOCKED,XUYEN,2,false,false
SOLUSDT,250,2023-03-05 17:45,3,BOTH,BELOW,THROUGH,XUYEN,3,true,
SOLUSDT,251,2023-03-05 23:00,3,BELOW,BELOW,BLOCKED,CHAN,2,false,true
SOLUSDT,252,2023-03-07 15:00,5,BOTH,BELOW,THROUGH,XUYEN,2,true,
SOLUSDT,253,2023-03-07 19:45,3,BOTH,BELOW,THROUGH,XUYEN,3,true,
SOLUSDT,255,2023-03-14 12:30,19,BOTH,ABOVE,BLOCKED,XUYEN,2,false,false
SOLUSDT,256,2023-03-21 07:00,29,BOTH,BELOW,THROUGH,XUYEN,2,true,
SOLUSDT,257,2023-03-24 11:45,3,BELOW,BELOW,BLOCKED,CHAN,2,false,true
SOLUSDT,258,2023-03-26 08:30,13,BOTH,ABOVE,BLOCKED,XUYEN,1,false,false
SOLUSDT,260,2023-03-28 18:45,8,ABOVE,ABOVE,BLOCKED,CHAN,2,false,true
SOLUSDT,262,2023-04-02 19:30,27,BOTH,BELOW,BLOCKED,XUYEN,3,false,false
SOLUSDT,263,2023-04-07 02:30,5,BOTH,BELOW,BLOCKED,XUYEN,1,false,false
SOLUSDT,264,2023-04-08 13:30,1,BELOW,BELOW,BLOCKED,CHAN,3,false,
SOLUSDT,265,2023-04-09 05:15,12,BOTH,ABOVE,THROUGH,XUYEN,2,true,
SOLUSDT,267,2023-04-11 14:00,3,ABOVE,ABOVE,BLOCKED,CHAN,2,false,true
SOLUSDT,268,2023-04-12 17:30,4,ABOVE,ABOVE,BLOCKED,CHAN,3,false,true
SOLUSDT,269,2023-04-14 12:45,18,BOTH,BELOW,BLOCKED,XUYEN,1,false,false
SOLUSDT,271,2023-04-19 21:15,11,BOTH,BELOW,BLOCKED,XUYEN,3,false,false
SOLUSDT,272,2023-04-29 17:30,10,BOTH,BELOW,BLOCKED,XUYEN,3,false,false
SOLUSDT,274,2023-05-05 12:30,15,BOTH,BELOW,THROUGH,XUYEN,2,true,
SOLUSDT,275,2023-05-10 17:00,4,BOTH,BELOW,THROUGH,XUYEN,0,true,
SOLUSDT,276,2023-05-11 08:00,4,BOTH,BELOW,BLOCKED,XUYEN,2,false,false
SOLUSDT,277,2023-05-12 05:45,4,BOTH,BELOW,THROUGH,XUYEN,1,true,
SOLUSDT,278,2023-05-12 14:00,7,BOTH,ABOVE,THROUGH,XUYEN,2,true,
SOLUSDT,279,2023-05-14 04:30,16,BOTH,ABOVE,THROUGH,XUYEN,2,true,
SOLUSDT,280,2023-05-16 19:45,15,BOTH,BELOW,THROUGH,XUYEN,2,true,
SOLUSDT,281,2023-05-20 05:30,20,BOTH,BELOW,BLOCKED,XUYEN,2,false,false
SOLUSDT,283,2023-05-22 06:15,21,BOTH,ABOVE,BLOCKED,XUYEN,1,false,false
SOLUSDT,284,2023-05-30 01:30,17,BOTH,ABOVE,BLOCKED,XUYEN,1,false,false
SOLUSDT,285,2023-06-01 02:45,13,BOTH,BELOW,BLOCKED,XUYEN,3,false,false
SOLUSDT,286,2023-06-03 19:45,3,BOTH,BELOW,THROUGH,XUYEN,2,true,
SOLUSDT,289,2023-06-06 12:00,6,BOTH,BELOW,THROUGH,XUYEN,0,true,
SOLUSDT,292,2023-06-10 17:00,26,BOTH,ABOVE,BLOCKED,XUYEN,2,false,false
SOLUSDT,294,2023-06-17 05:30,21,BOTH,ABOVE,THROUGH,XUYEN,1,true,
SOLUSDT,295,2023-06-19 16:30,2,BOTH,BELOW,THROUGH,XUYEN,0,true,
SOLUSDT,296,2023-06-22 11:00,11,BOTH,BELOW,THROUGH,XUYEN,1,true,
SOLUSDT,297,2023-06-27 14:00,7,BOTH,ABOVE,THROUGH,XUYEN,2,true,
SOLUSDT,299,2023-06-30 13:30,20,BOTH,BELOW,THROUGH,XUYEN,2,true,
SOLUSDT,300,2023-07-02 20:30,36,BOTH,ABOVE,BLOCKED,XUYEN,3,false,false
SOLUSDT,301,2023-07-05 10:30,2,BOTH,BELOW,THROUGH,XUYEN,1,true,
SOLUSDT,302,2023-07-09 07:30,7,BOTH,BELOW,THROUGH,XUYEN,2,true,
SOLUSDT,303,2023-07-10 00:00,2,BELOW,BELOW,BLOCKED,CHAN,0,false,true
SOLUSDT,304,2023-07-10 07:45,7,BOTH,BELOW,BLOCKED,XUYEN,2,false,false
SOLUSDT,307,2023-07-13 04:00,1,BELOW,BELOW,THROUGH,XUYEN,3,true,
SOLUSDT,309,2023-07-18 06:30,7,BELOW,BELOW,BLOCKED,CHAN,1,false,true
SOLUSDT,310,2023-07-19 08:45,9,BOTH,BELOW,THROUGH,XUYEN,2,true,
SOLUSDT,311,2023-07-22 23:15,3,BELOW,BELOW,BLOCKED,CHAN,1,false,true
SOLUSDT,312,2023-07-24 09:45,6,BOTH,BELOW,THROUGH,XUYEN,1,true,
SOLUSDT,313,2023-07-30 19:45,1,BELOW,BELOW,BLOCKED,CHAN,1,false,
SOLUSDT,314,2023-08-02 16:45,13,BOTH,BELOW,BLOCKED,XUYEN,3,false,false
SOLUSDT,315,2023-08-03 07:15,15,BOTH,BELOW,THROUGH,XUYEN,2,true,
SOLUSDT,316,2023-08-04 12:30,4,BOTH,ABOVE,BLOCKED,CHAN,3,false,true
SOLUSDT,317,2023-08-05 16:30,9,BOTH,BELOW,BLOCKED,CHAN,2,false,true
SOLUSDT,318,2023-08-12 22:00,28,BOTH,ABOVE,BLOCKED,XUYEN,0,false,false
SOLUSDT,320,2023-08-16 12:15,5,BOTH,BELOW,BLOCKED,XUYEN,2,false,false
SOLUSDT,321,2023-08-16 20:15,11,BELOW,BELOW,BLOCKED,CHAN,3,false,true
SOLUSDT,323,2023-08-21 10:00,4,BOTH,BELOW,THROUGH,XUYEN,2,true,
SOLUSDT,324,2023-08-21 15:15,11,BOTH,BELOW,BLOCKED,XUYEN,5,false,false
SOLUSDT,325,2023-08-25 13:00,1,ABOVE,ABOVE,THROUGH,XUYEN,0,true,
SOLUSDT,326,2023-08-25 21:30,33,BOTH,ABOVE,THROUGH,XUYEN,1,true,
SOLUSDT,327,2023-08-28 19:15,18,BOTH,BELOW,THROUGH,XUYEN,1,true,
SOLUSDT,328,2023-08-31 11:00,4,BOTH,ABOVE,THROUGH,XUYEN,2,true,
SOLUSDT,329,2023-09-05 03:00,3,BOTH,BELOW,THROUGH,XUYEN,3,true,
SOLUSDT,330,2023-09-09 22:00,2,BOTH,ABOVE,THROUGH,XUYEN,2,true,
SOLUSDT,331,2023-09-13 07:30,1,ABOVE,ABOVE,BLOCKED,CHAN,1,false,
SOLUSDT,332,2023-09-13 17:15,5,BOTH,BELOW,THROUGH,XUYEN,1,true,
SOLUSDT,334,2023-09-17 20:30,1,BELOW,BELOW,THROUGH,XUYEN,1,true,
SOLUSDT,335,2023-09-22 21:00,8,BOTH,BELOW,THROUGH,XUYEN,3,true,
SOLUSDT,336,2023-09-24 23:15,22,BOTH,BELOW,THROUGH,XUYEN,0,true,
SOLUSDT,337,2023-09-26 21:15,14,BOTH,BELOW,THROUGH,XUYEN,1,true,
SOLUSDT,339,2023-09-29 07:30,10,BOTH,ABOVE,THROUGH,XUYEN,0,true,
SOLUSDT,341,2023-10-01 20:00,16,BOTH,ABOVE,BLOCKED,XUYEN,2,false,false
SOLUSDT,345,2023-10-15 10:00,8,BOTH,BELOW,BLOCKED,XUYEN,3,false,false
SOLUSDT,347,2023-10-18 20:30,1,ABOVE,ABOVE,THROUGH,XUYEN,1,true,
SOLUSDT,348,2023-10-19 01:30,1,BELOW,BELOW,THROUGH,XUYEN,2,true,
SOLUSDT,350,2023-10-22 07:30,10,BOTH,BELOW,BLOCKED,XUYEN,2,false,false
SOLUSDT,351,2023-10-30 17:00,4,BELOW,BELOW,BLOCKED,CHAN,1,false,true
SOLUSDT,352,2023-11-01 07:30,9,ABOVE,ABOVE,THROUGH,XUYEN,2,true,
SOLUSDT,353,2023-11-04 11:45,14,BOTH,BELOW,THROUGH,XUYEN,0,true,
SOLUSDT,354,2023-11-05 13:45,25,BOTH,BELOW,BLOCKED,XUYEN,2,false,false
SOLUSDT,355,2023-11-10 06:45,2,ABOVE,ABOVE,THROUGH,XUYEN,3,true,
SOLUSDT,356,2023-11-15 11:15,24,BOTH,ABOVE,BLOCKED,XUYEN,1,false,false
SOLUSDT,357,2023-11-19 23:00,10,BOTH,ABOVE,THROUGH,XUYEN,0,true,
SOLUSDT,358,2023-11-26 14:15,5,BOTH,BELOW,THROUGH,XUYEN,1,true,
SOLUSDT,360,2023-12-01 23:00,1,BELOW,BELOW,THROUGH,XUYEN,0,true,
SOLUSDT,361,2023-12-04 09:45,15,BOTH,BELOW,BLOCKED,XUYEN,1,false,false
SOLUSDT,362,2023-12-11 02:00,32,BOTH,BELOW,BLOCKED,XUYEN,2,false,false
SOLUSDT,363,2023-12-19 14:00,5,BOTH,BELOW,THROUGH,XUYEN,1,true,
SOLUSDT,365,2023-12-26 12:45,3,BOTH,ABOVE,THROUGH,XUYEN,1,true,
SOLUSDT,366,2023-12-31 22:45,19,BOTH,BELOW,THROUGH,XUYEN,1,true,
SOLUSDT,367,2024-01-05 01:45,3,BELOW,BELOW,BLOCKED,CHAN,4,false,true
SOLUSDT,369,2024-01-08 06:15,3,ABOVE,ABOVE,BLOCKED,CHAN,3,false,true
SOLUSDT,370,2024-01-09 12:45,3,BELOW,BELOW,BLOCKED,CHAN,2,false,true
SOLUSDT,371,2024-01-09 21:00,10,BOTH,ABOVE,THROUGH,XUYEN,1,true,
SOLUSDT,372,2024-01-11 10:15,10,BOTH,ABOVE,THROUGH,XUYEN,1,true,
SOLUSDT,373,2024-01-16 14:30,4,BOTH,BELOW,THROUGH,XUYEN,2,true,
SOLUSDT,374,2024-01-20 15:00,19,BOTH,BELOW,THROUGH,XUYEN,2,true,
SOLUSDT,375,2024-02-01 09:15,5,ABOVE,ABOVE,BLOCKED,CHAN,2,false,true
SOLUSDT,376,2024-02-02 13:30,2,BELOW,BELOW,BLOCKED,CHAN,0,false,true
SOLUSDT,377,2024-02-03 13:30,3,BELOW,BELOW,BLOCKED,CHAN,2,false,true
SOLUSDT,378,2024-02-04 18:00,14,BOTH,BELOW,THROUGH,XUYEN,1,true,
SOLUSDT,380,2024-02-09 21:30,8,BOTH,ABOVE,BLOCKED,XUYEN,1,false,false
SOLUSDT,381,2024-02-13 13:30,6,BELOW,BELOW,BLOCKED,XUYEN,3,false,false
SOLUSDT,383,2024-02-19 13:00,26,BOTH,ABOVE,BLOCKED,XUYEN,3,false,false
SOLUSDT,384,2024-03-03 07:15,40,BOTH,BELOW,THROUGH,XUYEN,0,true,
SOLUSDT,385,2024-03-13 05:15,1,ABOVE,ABOVE,BLOCKED,CHAN,1,false,
SOLUSDT,386,2024-03-14 09:00,23,BOTH,ABOVE,THROUGH,XUYEN,2,true,
SOLUSDT,387,2024-03-27 13:00,57,BOTH,ABOVE,THROUGH,XUYEN,0,true,
SOLUSDT,388,2024-04-07 06:45,23,BOTH,BELOW,THROUGH,XUYEN,1,true,
SOLUSDT,389,2024-04-14 22:00,36,BOTH,ABOVE,THROUGH,XUYEN,2,true,
SOLUSDT,390,2024-04-20 15:30,18,BOTH,ABOVE,BLOCKED,XUYEN,1,false,false
SOLUSDT,395,2024-05-02 20:30,9,BOTH,BELOW,THROUGH,XUYEN,0,true,
SOLUSDT,397,2024-05-08 04:30,16,BOTH,BELOW,BLOCKED,XUYEN,2,false,false
SOLUSDT,399,2024-05-20 19:15,3,BOTH,ABOVE,THROUGH,XUYEN,1,true,
SOLUSDT,400,2024-05-21 19:15,25,BOTH,BELOW,THROUGH,XUYEN,2,true,
SOLUSDT,401,2024-05-23 20:00,10,BOTH,BELOW,THROUGH,XUYEN,2,true,
SOLUSDT,402,2024-05-27 19:45,35,BOTH,BELOW,THROUGH,XUYEN,1,true,
SOLUSDT,403,2024-05-30 12:30,57,BOTH,ABOVE,BLOCKED,XUYEN,3,false,false
SOLUSDT,404,2024-06-04 20:45,2,ABOVE,ABOVE,BLOCKED,XUYEN,1,false,false
SOLUSDT,405,2024-06-09 12:30,12,BOTH,ABOVE,BLOCKED,XUYEN,1,false,false
SOLUSDT,408,2024-06-12 18:00,1,BELOW,BELOW,BLOCKED,CHAN,2,false,
SOLUSDT,409,2024-06-13 12:30,3,BOTH,BELOW,THROUGH,XUYEN,2,true,
SOLUSDT,410,2024-06-14 05:30,4,BOTH,ABOVE,BLOCKED,XUYEN,1,false,false
SOLUSDT,411,2024-06-16 22:00,2,BOTH,ABOVE,THROUGH,XUYEN,1,true,
SOLUSDT,412,2024-06-24 09:30,2,BOTH,BELOW,THROUGH,XUYEN,0,true,
SOLUSDT,414,2024-06-28 15:45,10,BOTH,ABOVE,THROUGH,XUYEN,0,true,
SOLUSDT,415,2024-06-29 05:15,32,BOTH,BELOW,THROUGH,XUYEN,2,true,
SOLUSDT,416,2024-07-08 20:00,4,BOTH,ABOVE,BLOCKED,XUYEN,3,false,false
SOLUSDT,417,2024-07-10 04:00,16,BOTH,ABOVE,THROUGH,XUYEN,1,true,
SOLUSDT,418,2024-07-11 12:30,11,BOTH,ABOVE,THROUGH,XUYEN,3,true,
SOLUSDT,419,2024-07-25 01:00,7,BOTH,BELOW,BLOCKED,XUYEN,1,false,false
SOLUSDT,420,2024-07-29 07:15,3,BELOW,BELOW,BLOCKED,CHAN,1,false,true
SOLUSDT,421,2024-07-31 00:00,4,BOTH,BELOW,THROUGH,XUYEN,0,true,
SOLUSDT,422,2024-08-05 05:00,4,BELOW,BELOW,BLOCKED,XUYEN,4,false,false
SOLUSDT,423,2024-08-08 12:30,24,BOTH,ABOVE,BLOCKED,XUYEN,2,false,false
SOLUSDT,424,2024-08-19 22:45,17,BOTH,BELOW,THROUGH,XUYEN,0,true,
SOLUSDT,425,2024-08-23 11:00,4,BOTH,BELOW,BLOCKED,XUYEN,4,false,false
SOLUSDT,427,2024-08-28 05:15,8,BOTH,ABOVE,THROUGH,XUYEN,1,true,
SOLUSDT,428,2024-08-29 22:00,17,BOTH,BELOW,THROUGH,XUYEN,3,true,
SOLUSDT,429,2024-09-02 20:45,24,BOTH,ABOVE,BLOCKED,XUYEN,2,false,false
SOLUSDT,430,2024-09-06 07:15,2,BOTH,BELOW,THROUGH,XUYEN,3,true,
SOLUSDT,431,2024-09-06 12:30,3,BOTH,ABOVE,THROUGH,XUYEN,3,true,
SOLUSDT,432,2024-09-08 07:00,18,BOTH,ABOVE,THROUGH,XUYEN,1,true,
SOLUSDT,433,2024-09-10 17:00,29,BOTH,ABOVE,THROUGH,XUYEN,1,true,
SOLUSDT,434,2024-09-14 14:15,14,BOTH,ABOVE,BLOCKED,XUYEN,0,false,false
SOLUSDT,435,2024-09-16 10:45,33,BOTH,ABOVE,THROUGH,XUYEN,1,true,
SOLUSDT,437,2024-09-23 21:15,8,ABOVE,ABOVE,BLOCKED,XUYEN,2,false,false
SOLUSDT,438,2024-10-03 12:00,12,BOTH,BELOW,BLOCKED,XUYEN,2,false,false
SOLUSDT,439,2024-10-06 23:00,8,BOTH,ABOVE,THROUGH,XUYEN,1,true,
SOLUSDT,440,2024-10-10 05:45,7,BOTH,ABOVE,THROUGH,XUYEN,2,true,
SOLUSDT,441,2024-10-10 17:45,3,BOTH,BELOW,THROUGH,XUYEN,2,true,
SOLUSDT,442,2024-10-11 17:30,5,ABOVE,ABOVE,BLOCKED,CHAN,2,false,true
SOLUSDT,443,2024-10-13 01:00,10,BOTH,BELOW,BLOCKED,XUYEN,1,false,false
SOLUSDT,445,2024-10-22 05:00,35,BOTH,ABOVE,THROUGH,XUYEN,2,true,
SOLUSDT,447,2024-10-28 21:00,4,BOTH,ABOVE,BLOCKED,XUYEN,3,false,false
SOLUSDT,448,2024-10-30 18:45,17,BOTH,BELOW,THROUGH,XUYEN,2,true,
SOLUSDT,449,2024-11-01 06:00,26,BOTH,BELOW,THROUGH,XUYEN,2,true,
SOLUSDT,450,2024-11-05 19:45,4,BOTH,BELOW,THROUGH,XUYEN,2,true,
SOLUSDT,451,2024-11-07 10:30,4,BELOW,BELOW,BLOCKED,XUYEN,3,false,false
SOLUSDT,452,2024-11-11 20:30,11,BOTH,ABOVE,THROUGH,XUYEN,4,true,
SOLUSDT,453,2024-11-13 02:15,21,BOTH,BELOW,THROUGH,XUYEN,1,true,
SOLUSDT,454,2024-11-16 12:00,7,BOTH,ABOVE,BLOCKED,XUYEN,3,false,false
SOLUSDT,455,2024-11-17 08:30,36,BOTH,ABOVE,THROUGH,XUYEN,3,true,
SOLUSDT,456,2024-11-20 21:15,25,BOTH,ABOVE,BLOCKED,XUYEN,3,false,false
SOLUSDT,457,2024-11-30 14:45,4,BELOW,BELOW,BLOCKED,CHAN,2,false,true
SOLUSDT,458,2024-12-04 12:00,47,BOTH,BELOW,BLOCKED,XUYEN,1,false,false
SOLUSDT,459,2024-12-13 06:30,25,BOTH,BELOW,BLOCKED,XUYEN,0,false,false
SOLUSDT,460,2024-12-27 14:30,17,BOTH,BELOW,THROUGH,XUYEN,1,true,
SOLUSDT,462,2024-12-31 17:30,5,BOTH,BELOW,THROUGH,XUYEN,1,true,
SOLUSDT,463,2025-01-05 08:00,14,BOTH,BELOW,BLOCKED,XUYEN,1,false,false
SOLUSDT,465,2025-01-10 05:30,2,ABOVE,ABOVE,BLOCKED,CHAN,2,false,true
SOLUSDT,466,2025-01-10 13:30,11,BOTH,BELOW,THROUGH,XUYEN,1,true,
SOLUSDT,467,2025-01-13 14:30,5,BOTH,BELOW,THROUGH,XUYEN,3,true,
SOLUSDT,470,2025-01-20 17:00,41,BOTH,BELOW,THROUGH,XUYEN,2,true,
SOLUSDT,471,2025-02-02 22:30,25,BOTH,BELOW,BLOCKED,XUYEN,2,false,false
SOLUSDT,472,2025-02-07 13:30,34,BOTH,ABOVE,THROUGH,XUYEN,1,true,
SOLUSDT,473,2025-02-12 13:30,21,BOTH,BELOW,BLOCKED,XUYEN,4,false,false
SOLUSDT,474,2025-02-19 09:45,22,BOTH,ABOVE,THROUGH,XUYEN,2,true,
SOLUSDT,476,2025-03-02 15:15,20,BOTH,ABOVE,THROUGH,XUYEN,1,true,
SOLUSDT,477,2025-03-07 13:30,7,BOTH,ABOVE,BLOCKED,XUYEN,2,false,false
SOLUSDT,478,2025-03-14 22:45,21,BOTH,ABOVE,THROUGH,XUYEN,2,true,
SOLUSDT,480,2025-03-16 16:00,15,BOTH,ABOVE,BLOCKED,XUYEN,1,false,false
SOLUSDT,481,2025-03-17 12:00,7,BOTH,BELOW,BLOCKED,XUYEN,2,false,false
SOLUSDT,482,2025-03-19 10:30,1,ABOVE,ABOVE,BLOCKED,CHAN,2,false,
SOLUSDT,485,2025-03-24 10:30,14,BOTH,ABOVE,THROUGH,XUYEN,2,true,
SOLUSDT,486,2025-03-30 13:30,18,BOTH,BELOW,THROUGH,XUYEN,2,true,
SOLUSDT,487,2025-03-31 22:00,20,BOTH,BELOW,BLOCKED,XUYEN,1,false,false
SOLUSDT,488,2025-04-05 11:00,2,BELOW,BELOW,BLOCKED,CHAN,1,false,true
SOLUSDT,489,2025-04-09 11:00,3,BOTH,BELOW,BLOCKED,XUYEN,1,false,false
SOLUSDT,490,2025-04-11 08:00,1,ABOVE,ABOVE,BLOCKED,CHAN,2,false,
SOLUSDT,491,2025-04-12 20:30,33,BOTH,ABOVE,BLOCKED,XUYEN,2,false,false
SOLUSDT,492,2025-04-18 23:00,2,BELOW,BELOW,THROUGH,XUYEN,1,true,
SOLUSDT,494,2025-04-21 00:00,4,BOTH,ABOVE,THROUGH,XUYEN,1,true,
SOLUSDT,495,2025-04-28 00:00,2,BELOW,BELOW,BLOCKED,XUYEN,1,false,false
SOLUSDT,496,2025-04-28 10:00,3,BOTH,BELOW,THROUGH,XUYEN,0,true,
SOLUSDT,497,2025-04-29 18:45,15,BOTH,ABOVE,THROUGH,XUYEN,3,true,
SOLUSDT,498,2025-05-06 22:00,1,ABOVE,ABOVE,BLOCKED,CHAN,1,false,
SOLUSDT,499,2025-05-12 07:00,32,BOTH,ABOVE,THROUGH,XUYEN,2,true,
SOLUSDT,500,2025-05-23 11:45,1,BELOW,BELOW,BLOCKED,CHAN,1,false,
SOLUSDT,501,2025-05-25 22:00,18,BOTH,ABOVE,BLOCKED,XUYEN,1,false,false
SOLUSDT,503,2025-05-30 09:30,4,BELOW,BELOW,BLOCKED,CHAN,3,false,true
SOLUSDT,505,2025-06-06 06:15,4,BOTH,BELOW,THROUGH,XUYEN,1,true,
SOLUSDT,506,2025-06-07 06:45,17,BOTH,ABOVE,BLOCKED,XUYEN,2,false,false
SOLUSDT,507,2025-06-09 21:00,1,ABOVE,ABOVE,BLOCKED,CHAN,1,false,
SOLUSDT,508,2025-06-10 18:45,13,BOTH,ABOVE,BLOCKED,XUYEN,1,false,false
SOLUSDT,509,2025-06-13 00:00,11,BOTH,BELOW,BLOCKED,XUYEN,1,false,false
SOLUSDT,512,2025-06-19 22:00,7,BOTH,ABOVE,THROUGH,XUYEN,1,true,
SOLUSDT,513,2025-06-22 13:15,12,BOTH,BELOW,BLOCKED,XUYEN,2,false,false
SOLUSDT,514,2025-06-25 02:00,4,BOTH,ABOVE,THROUGH,XUYEN,2,true,
SOLUSDT,515,2025-06-25 07:15,19,BOTH,ABOVE,THROUGH,XUYEN,1,true,
SOLUSDT,516,2025-06-30 13:15,1,ABOVE,ABOVE,BLOCKED,CHAN,1,false,
SOLUSDT,517,2025-07-01 07:15,50,BOTH,BELOW,THROUGH,XUYEN,1,true,
SOLUSDT,520,2025-07-11 22:15,8,BOTH,BELOW,THROUGH,XUYEN,3,true,
SOLUSDT,521,2025-07-12 11:30,20,BOTH,BELOW,BLOCKED,XUYEN,3,false,false
SOLUSDT,522,2025-07-15 12:30,3,BOTH,BELOW,THROUGH,XUYEN,1,true,
SOLUSDT,523,2025-07-15 23:00,5,BOTH,ABOVE,THROUGH,XUYEN,1,true,
SOLUSDT,524,2025-07-19 20:45,2,BELOW,BELOW,BLOCKED,CHAN,2,false,true
SOLUSDT,525,2025-07-20 01:00,5,BOTH,ABOVE,THROUGH,XUYEN,2,true,
SOLUSDT,526,2025-07-20 22:00,16,BOTH,BELOW,BLOCKED,XUYEN,1,false,false
SOLUSDT,527,2025-07-27 22:00,8,BOTH,ABOVE,BLOCKED,XUYEN,1,false,false
SOLUSDT,528,2025-08-01 08:00,7,BOTH,BELOW,BLOCKED,XUYEN,3,false,false
SOLUSDT,530,2025-08-05 07:30,2,BOTH,BELOW,THROUGH,XUYEN,2,true,
SOLUSDT,531,2025-08-05 12:15,7,BOTH,BELOW,BLOCKED,XUYEN,1,false,false
SOLUSDT,534,2025-08-16 09:45,11,BOTH,BELOW,THROUGH,XUYEN,1,true,
SOLUSDT,535,2025-08-17 18:45,4,BELOW,BELOW,BLOCKED,XUYEN,1,false,false
SOLUSDT,536,2025-08-24 19:30,3,BOTH,BELOW,THROUGH,XUYEN,2,true,
SOLUSDT,537,2025-08-26 12:30,1,ABOVE,ABOVE,BLOCKED,CHAN,2,false,
SOLUSDT,538,2025-08-29 12:30,3,BOTH,ABOVE,THROUGH,XUYEN,0,true,
SOLUSDT,539,2025-09-01 20:30,10,BOTH,BELOW,THROUGH,XUYEN,1,true,
SOLUSDT,540,2025-09-10 00:15,1,BELOW,BELOW,THROUGH,XUYEN,0,true,
SOLUSDT,541,2025-09-11 12:00,2,ABOVE,ABOVE,THROUGH,XUYEN,2,true,
SOLUSDT,542,2025-09-13 13:45,16,BOTH,BELOW,BLOCKED,XUYEN,2,false,false
SOLUSDT,543,2025-09-16 23:45,35,BOTH,BELOW,BLOCKED,XUYEN,0,false,false
SOLUSDT,545,2025-09-29 05:00,19,BOTH,BELOW,THROUGH,XUYEN,1,true,
SOLUSDT,546,2025-10-01 17:45,9,BOTH,BELOW,THROUGH,XUYEN,1,true,
SOLUSDT,547,2025-10-02 11:45,3,BOTH,ABOVE,THROUGH,XUYEN,2,true,
SOLUSDT,548,2025-10-03 06:45,13,BOTH,BELOW,THROUGH,XUYEN,1,true,
SOLUSDT,549,2025-10-05 02:30,8,BOTH,ABOVE,THROUGH,XUYEN,1,true,
SOLUSDT,551,2025-10-08 13:30,21,BOTH,BELOW,BLOCKED,XUYEN,0,false,false
SOLUSDT,554,2025-10-16 09:30,3,BOTH,BELOW,THROUGH,XUYEN,1,true,
SOLUSDT,555,2025-10-19 08:15,7,BOTH,BELOW,THROUGH,XUYEN,0,true,
SOLUSDT,556,2025-10-21 10:00,2,ABOVE,ABOVE,BLOCKED,CHAN,1,false,true
SOLUSDT,557,2025-10-22 05:15,2,BELOW,BELOW,BLOCKED,CHAN,2,false,true
SOLUSDT,558,2025-10-22 11:00,8,BOTH,ABOVE,THROUGH,XUYEN,1,true,
SOLUSDT,559,2025-10-24 12:30,15,BOTH,ABOVE,THROUGH,XUYEN,2,true,
SOLUSDT,560,2025-10-26 09:15,1,ABOVE,ABOVE,BLOCKED,CHAN,2,false,
SOLUSDT,561,2025-10-26 22:00,17,BOTH,ABOVE,BLOCKED,XUYEN,1,false,false
SOLUSDT,562,2025-10-29 18:30,8,BOTH,BELOW,BLOCKED,XUYEN,3,false,false
SOLUSDT,564,2025-11-04 05:15,11,BOTH,BELOW,BLOCKED,XUYEN,1,false,false
SOLUSDT,565,2025-11-11 01:15,2,ABOVE,ABOVE,BLOCKED,XUYEN,1,false,false
SOLUSDT,566,2025-11-14 04:30,14,BOTH,BELOW,THROUGH,XUYEN,2,true,
SOLUSDT,567,2025-11-16 15:45,22,BOTH,BELOW,BLOCKED,XUYEN,1,false,false
SOLUSDT,569,2025-11-26 12:00,28,BOTH,BELOW,THROUGH,XUYEN,2,true,
SOLUSDT,571,2025-12-03 14:00,10,BOTH,BELOW,THROUGH,XUYEN,0,true,
SOLUSDT,572,2025-12-06 14:15,17,BOTH,ABOVE,THROUGH,XUYEN,0,true,
SOLUSDT,573,2025-12-08 18:45,1,BELOW,BELOW,BLOCKED,CHAN,2,false,
SOLUSDT,574,2025-12-09 15:00,3,BOTH,ABOVE,THROUGH,XUYEN,1,true,
SOLUSDT,575,2025-12-11 14:30,6,BOTH,BELOW,THROUGH,XUYEN,1,true,
SOLUSDT,576,2025-12-14 10:00,13,BOTH,BELOW,THROUGH,XUYEN,1,true,
SOLUSDT,577,2025-12-20 13:00,14,BOTH,BELOW,THROUGH,XUYEN,3,true,
SOLUSDT,578,2025-12-22 00:00,16,BOTH,ABOVE,THROUGH,XUYEN,2,true,
SOLUSDT,579,2025-12-24 14:30,13,BOTH,BELOW,THROUGH,XUYEN,2,true,
SOLUSDT,580,2025-12-25 22:45,6,BOTH,BELOW,THROUGH,XUYEN,1,true,
SOLUSDT,581,2025-12-26 09:45,4,BOTH,ABOVE,THROUGH,XUYEN,2,true,
SOLUSDT,583,2025-12-27 10:30,10,BOTH,BELOW,BLOCKED,XUYEN,2,false,false
SOLUSDT,584,2025-12-28 05:00,5,BOTH,BELOW,THROUGH,XUYEN,3,true,
SOLUSDT,585,2025-12-28 18:00,1,BELOW,BELOW,THROUGH,XUYEN,2,true,
SOLUSDT,587,2025-12-30 08:00,3,ABOVE,ABOVE,BLOCKED,CHAN,2,false,true
SOLUSDT,588,2025-12-30 14:00,19,BOTH,ABOVE,BLOCKED,XUYEN,1,false,false
SOLUSDT,589,2026-01-04 23:00,2,BOTH,BELOW,THROUGH,XUYEN,1,true,
SOLUSDT,590,2026-01-05 13:15,22,BOTH,BELOW,THROUGH,XUYEN,1,true,
SOLUSDT,591,2026-01-11 05:45,4,BOTH,ABOVE,THROUGH,XUYEN,2,true,
SOLUSDT,592,2026-01-12 14:15,7,BOTH,BELOW,THROUGH,XUYEN,1,true,
SOLUSDT,593,2026-01-13 13:30,3,BOTH,ABOVE,THROUGH,XUYEN,2,true,
SOLUSDT,594,2026-01-13 22:00,31,BOTH,ABOVE,BLOCKED,XUYEN,1,false,false
SOLUSDT,596,2026-01-20 22:30,39,BOTH,BELOW,THROUGH,XUYEN,0,true,
SOLUSDT,597,2026-01-25 14:15,15,BOTH,BELOW,BLOCKED,XUYEN,3,false,false
SOLUSDT,598,2026-01-30 01:30,16,BOTH,BELOW,BLOCKED,XUYEN,2,false,false
SOLUSDT,599,2026-02-01 23:00,15,BOTH,BELOW,THROUGH,XUYEN,1,true,
SOLUSDT,600,2026-02-04 11:00,1,BELOW,BELOW,BLOCKED,CHAN,2,false,
SOLUSDT,601,2026-02-06 13:00,1,ABOVE,ABOVE,BLOCKED,CHAN,2,false,
SOLUSDT,602,2026-02-07 16:00,7,ABOVE,ABOVE,BLOCKED,CHAN,3,false,true
SOLUSDT,603,2026-02-08 23:00,16,BOTH,ABOVE,THROUGH,XUYEN,0,true,
SOLUSDT,604,2026-02-12 09:00,6,BOTH,ABOVE,BLOCKED,XUYEN,2,false,false
SOLUSDT,606,2026-02-15 23:00,16,BOTH,BELOW,BLOCKED,XUYEN,3,false,false
SOLUSDT,608,2026-02-23 09:30,10,BOTH,ABOVE,THROUGH,XUYEN,1,true,
SOLUSDT,610,2026-02-25 21:30,2,ABOVE,ABOVE,THROUGH,XUYEN,3,true,
SOLUSDT,611,2026-02-27 03:30,1,ABOVE,ABOVE,THROUGH,XUYEN,1,true,
SOLUSDT,615,2026-03-01 13:45,24,BOTH,ABOVE,THROUGH,XUYEN,0,true,
SOLUSDT,616,2026-03-05 14:30,1,BELOW,BELOW,BLOCKED,CHAN,1,false,
SOLUSDT,617,2026-03-07 14:00,2,BELOW,BELOW,BLOCKED,CHAN,2,false,true
SOLUSDT,618,2026-03-08 22:00,5,BOTH,BELOW,THROUGH,XUYEN,1,true,
SOLUSDT,619,2026-03-10 02:30,31,BOTH,ABOVE,BLOCKED,XUYEN,0,false,false
SOLUSDT,620,2026-03-13 00:15,8,BOTH,ABOVE,BLOCKED,CHAN,2,false,true
SOLUSDT,621,2026-03-15 17:45,1,ABOVE,ABOVE,BLOCKED,CHAN,0,false,
SOLUSDT,622,2026-03-19 03:15,7,BOTH,ABOVE,THROUGH,XUYEN,0,true,
SOLUSDT,623,2026-03-19 19:00,2,ABOVE,ABOVE,BLOCKED,CHAN,1,false,true
SOLUSDT,625,2026-03-22 18:30,4,BELOW,BELOW,BLOCKED,CHAN,3,false,true
SOLUSDT,629,2026-03-27 04:00,2,BELOW,BELOW,THROUGH,XUYEN,0,true,
SOLUSDT,632,2026-03-28 13:30,19,BOTH,ABOVE,THROUGH,XUYEN,1,true,
SOLUSDT,633,2026-03-31 09:45,2,BOTH,BELOW,THROUGH,XUYEN,2,true,
SOLUSDT,634,2026-03-31 16:30,3,BOTH,ABOVE,THROUGH,XUYEN,2,true,
SOLUSDT,635,2026-04-04 14:30,21,BOTH,BELOW,THROUGH,XUYEN,0,true,
SOLUSDT,636,2026-04-08 04:00,32,BOTH,ABOVE,THROUGH,XUYEN,1,true,
SOLUSDT,637,2026-04-12 01:30,7,BOTH,BELOW,THROUGH,XUYEN,1,true,
SOLUSDT,638,2026-04-15 19:30,61,BOTH,ABOVE,THROUGH,XUYEN,2,true,
SOLUSDT,639,2026-04-25 15:45,18,BOTH,BELOW,BLOCKED,XUYEN,1,false,false
SOLUSDT,640,2026-05-02 21:30,16,BOTH,ABOVE,THROUGH,XUYEN,1,true,
SOLUSDT,641,2026-05-04 10:00,10,BOTH,BELOW,BLOCKED,XUYEN,1,false,false
SOLUSDT,642,2026-05-07 03:15,20,BOTH,BELOW,THROUGH,XUYEN,3,true,
SOLUSDT,643,2026-05-09 01:30,4,ABOVE,ABOVE,BLOCKED,CHAN,1,false,true
SOLUSDT,644,2026-05-10 07:00,9,BOTH,ABOVE,BLOCKED,XUYEN,3,false,false
SOLUSDT,645,2026-05-16 09:15,2,BELOW,BELOW,BLOCKED,CHAN,1,false,true
SOLUSDT,647,2026-05-20 05:00,1,ABOVE,ABOVE,BLOCKED,CHAN,1,false,
SOLUSDT,648,2026-05-21 03:45,17,BOTH,ABOVE,THROUGH,XUYEN,2,true,
SOLUSDT,649,2026-05-22 23:45,2,BELOW,BELOW,BLOCKED,CHAN,2,false,true
SOLUSDT,650,2026-05-23 07:45,4,BOTH,BELOW,THROUGH,XUYEN,1,true,
SOLUSDT,651,2026-05-23 18:00,5,ABOVE,ABOVE,BLOCKED,CHAN,2,false,true
SOLUSDT,652,2026-05-26 10:15,7,BOTH,ABOVE,BLOCKED,XUYEN,3,false,false
SOLUSDT,654,2026-05-29 18:45,13,BOTH,BELOW,THROUGH,XUYEN,1,true,
SOLUSDT,655,2026-05-30 22:00,12,BOTH,BELOW,THROUGH,XUYEN,0,true,
SOLUSDT,657,2026-06-08 21:00,3,BOTH,ABOVE,THROUGH,XUYEN,3,true,
SOLUSDT,658,2026-06-09 04:30,5,BOTH,ABOVE,BLOCKED,XUYEN,1,false,false
SOLUSDT,659,2026-06-10 11:00,6,BOTH,BELOW,THROUGH,XUYEN,2,true,
SOLUSDT,660,2026-06-12 13:30,10,BOTH,BELOW,THROUGH,XUYEN,2,true,
SOLUSDT,662,2026-06-15 10:45,11,BOTH,ABOVE,BLOCKED,XUYEN,1,false,false
SOLUSDT,663,2026-06-19 07:30,7,BOTH,BELOW,THROUGH,XUYEN,3,true,
SOLUSDT,664,2026-06-20 13:15,4,BOTH,BELOW,THROUGH,XUYEN,0,true,
SOLUSDT,667,2026-06-25 23:15,3,BOTH,ABOVE,THROUGH,XUYEN,0,true,
SOLUSDT,668,2026-06-27 17:00,9,BOTH,BELOW,THROUGH,XUYEN,1,true,
SOLUSDT,669,2026-06-30 08:30,9,BELOW,BELOW,BLOCKED,CHAN,2,false,true
SOLUSDT,670,2026-07-01 01:00,2,BOTH,BELOW,THROUGH,XUYEN,1,true,
SOLUSDT,671,2026-07-04 00:00,10,BOTH,ABOVE,THROUGH,XUYEN,3,true,
SOLUSDT,672,2026-07-05 21:00,6,BOTH,BELOW,THROUGH,XUYEN,0,true,
SOLUSDT,673,2026-07-06 12:00,4,BOTH,BELOW,BLOCKED,XUYEN,4,false,false
SOLUSDT,674,2026-07-06 21:00,10,BOTH,ABOVE,THROUGH,XUYEN,3,true,
SOLUSDT,676,2026-07-08 08:15,27,BOTH,BELOW,BLOCKED,XUYEN,1,false,false
SOLUSDT,677,2026-07-13 17:30,21,BOTH,BELOW,BLOCKED,XUYEN,3,false,false
SOLUSDT,678,2026-07-17 13:00,3,BOTH,BELOW,THROUGH,XUYEN,0,true,
SOLUSDT,679,2026-07-20 11:30,3,BOTH,ABOVE,THROUGH,XUYEN,3,true,
SOLUSDT,680,2026-07-21 17:45,17,BOTH,BELOW,BLOCKED,XUYEN,3,false,false
SOLUSDT,681,2026-07-23 07:00,3,BOTH,BELOW,THROUGH,XUYEN,2,true,
SOLUSDT,682,2026-07-24 07:00,5,BOTH,ABOVE,THROUGH,XUYEN,0,true,
SOLUSDT,683,2026-07-26 22:00,9,BOTH,ABOVE,THROUGH,XUYEN,2,true,
SOLUSDT,684,2026-07-30 23:30,3,BOTH,BELOW,THROUGH,XUYEN,1,true,
SOLUSDT,685,2026-08-01 16:45,7,BOTH,BELOW,THROUGH,XUYEN,1,true,
SOLUSDT,686,2026-08-02 18:30,29,BOTH,ABOVE,THROUGH,XUYEN,1,true,
XRPUSDT,0,2020-11-23 22:30,4,BOTH,ABOVE,BLOCKED,XUYEN,2,false,false
XRPUSDT,1,2020-11-26 07:30,22,BOTH,BELOW,BLOCKED,XUYEN,2,false,false
XRPUSDT,2,2020-11-27 20:00,5,ABOVE,ABOVE,BLOCKED,CHAN,4,false,true
XRPUSDT,3,2020-11-29 16:00,43,BOTH,BELOW,BLOCKED,XUYEN,2,false,false
XRPUSDT,4,2020-12-04 02:30,1,BELOW,BELOW,BLOCKED,CHAN,1,false,
XRPUSDT,5,2020-12-04 16:00,25,BOTH,BELOW,BLOCKED,XUYEN,1,false,false
XRPUSDT,6,2020-12-09 20:00,18,BOTH,ABOVE,BLOCKED,XUYEN,1,false,false
XRPUSDT,8,2020-12-12 20:30,18,BOTH,ABOVE,THROUGH,XUYEN,0,true,
XRPUSDT,9,2020-12-15 09:00,1,BELOW,BELOW,THROUGH,XUYEN,1,true,
XRPUSDT,10,2020-12-19 10:00,20,BOTH,ABOVE,THROUGH,XUYEN,1,true,
XRPUSDT,11,2020-12-22 20:00,1,ABOVE,ABOVE,THROUGH,XUYEN,1,true,
XRPUSDT,12,2020-12-27 20:00,6,BOTH,BELOW,THROUGH,XUYEN,2,true,
XRPUSDT,14,2020-12-29 09:00,5,BOTH,BELOW,THROUGH,XUYEN,2,true,
XRPUSDT,15,2020-12-30 20:00,18,BOTH,BELOW,THROUGH,XUYEN,2,true,
XRPUSDT,16,2021-01-04 06:30,12,BOTH,ABOVE,THROUGH,XUYEN,2,true,
XRPUSDT,17,2021-01-05 13:45,5,BOTH,BELOW,BLOCKED,XUYEN,3,false,false
XRPUSDT,18,2021-01-10 05:30,3,BOTH,ABOVE,THROUGH,XUYEN,2,true,
XRPUSDT,19,2021-01-12 10:00,28,BOTH,BELOW,BLOCKED,XUYEN,1,false,false
XRPUSDT,20,2021-01-15 05:45,8,BOTH,BELOW,BLOCKED,XUYEN,3,false,false
XRPUSDT,22,2021-01-19 23:30,6,BOTH,BELOW,BLOCKED,XUYEN,2,false,false
XRPUSDT,23,2021-01-21 02:45,2,ABOVE,ABOVE,BLOCKED,XUYEN,2,false,false
XRPUSDT,24,2021-01-21 12:00,3,BELOW,BELOW,BLOCKED,CHAN,4,false,true
XRPUSDT,25,2021-01-25 14:15,3,BOTH,ABOVE,THROUGH,XUYEN,3,true,
XRPUSDT,26,2021-01-26 08:30,3,BOTH,ABOVE,THROUGH,XUYEN,0,true,
XRPUSDT,27,2021-01-26 12:45,9,BOTH,BELOW,THROUGH,XUYEN,3,true,
XRPUSDT,28,2021-01-27 06:15,14,BOTH,BELOW,THROUGH,XUYEN,2,true,
XRPUSDT,29,2021-01-29 17:30,6,BOTH,BELOW,THROUGH,XUYEN,4,true,
XRPUSDT,30,2021-02-01 07:45,2,ABOVE,ABOVE,THROUGH,XUYEN,2,true,
XRPUSDT,31,2021-02-03 10:45,5,BOTH,BELOW,THROUGH,XUYEN,2,true,
XRPUSDT,32,2021-02-03 16:15,3,ABOVE,ABOVE,BLOCKED,CHAN,4,false,true
XRPUSDT,33,2021-02-05 02:15,9,BELOW,BELOW,BLOCKED,CHAN,4,false,true
XRPUSDT,34,2021-02-05 16:00,32,BOTH,ABOVE,THROUGH,XUYEN,1,true,
XRPUSDT,35,2021-02-09 09:30,10,BOTH,BELOW,BLOCKED,XUYEN,2,false,false
XRPUSDT,36,2021-02-10 08:00,11,BOTH,ABOVE,THROUGH,XUYEN,2,true,
XRPUSDT,37,2021-02-14 13:30,6,BOTH,BELOW,BLOCKED,XUYEN,3,false,false
XRPUSDT,38,2021-02-20 14:45,16,BOTH,BELOW,BLOCKED,XUYEN,2,false,false
XRPUSDT,40,2021-03-02 00:00,3,BOTH,ABOVE,THROUGH,XUYEN,1,true,
XRPUSDT,41,2021-03-02 06:15,6,BOTH,BELOW,THROUGH,XUYEN,4,true,
XRPUSDT,42,2021-03-02 16:30,5,BOTH,BELOW,BLOCKED,CHAN,5,false,true
XRPUSDT,43,2021-03-03 11:00,29,BOTH,ABOVE,THROUGH,XUYEN,0,true,
XRPUSDT,44,2021-03-08 21:15,11,BOTH,BELOW,BLOCKED,XUYEN,1,false,false
XRPUSDT,45,2021-03-11 08:00,14,BOTH,BELOW,THROUGH,XUYEN,4,true,
XRPUSDT,46,2021-03-12 13:00,27,BOTH,BELOW,BLOCKED,XUYEN,1,false,false
XRPUSDT,48,2021-03-17 00:45,9,BOTH,ABOVE,THROUGH,XUYEN,2,true,
XRPUSDT,49,2021-03-18 12:00,3,BOTH,ABOVE,THROUGH,XUYEN,1,true,
XRPUSDT,50,2021-03-19 00:00,9,BOTH,BELOW,BLOCKED,XUYEN,2,false,false
XRPUSDT,52,2021-03-21 09:30,8,BOTH,BELOW,BLOCKED,XUYEN,1,false,false
XRPUSDT,55,2021-03-26 16:00,36,BOTH,ABOVE,THROUGH,XUYEN,3,true,
XRPUSDT,56,2021-03-30 04:00,8,ABOVE,ABOVE,BLOCKED,CHAN,1,false,true
XRPUSDT,57,2021-03-31 03:00,1,BELOW,BELOW,BLOCKED,CHAN,4,false,
XRPUSDT,58,2021-03-31 07:45,19,BOTH,BELOW,BLOCKED,XUYEN,3,false,false
XRPUSDT,59,2021-04-12 07:30,9,BOTH,ABOVE,THROUGH,XUYEN,1,true,
XRPUSDT,60,2021-04-13 05:30,15,BOTH,ABOVE,BLOCKED,XUYEN,2,false,false
XRPUSDT,61,2021-04-21 20:00,1,BELOW,BELOW,THROUGH,XUYEN,2,true,
XRPUSDT,62,2021-04-25 08:45,2,ABOVE,ABOVE,THROUGH,XUYEN,0,true,
XRPUSDT,63,2021-04-25 20:45,2,BOTH,BELOW,THROUGH,XUYEN,2,true,
XRPUSDT,66,2021-05-03 13:30,8,BOTH,BELOW,BLOCKED,XUYEN,2,false,false
XRPUSDT,67,2021-05-06 18:30,2,BELOW,BELOW,BLOCKED,CHAN,2,false,true
XRPUSDT,68,2021-05-11 16:00,9,BOTH,ABOVE,BLOCKED,XUYEN,4,false,false
XRPUSDT,69,2021-05-12 22:00,5,BELOW,BELOW,BLOCKED,XUYEN,2,false,false
XRPUSDT,70,2021-05-15 14:30,13,BOTH,ABOVE,BLOCKED,XUYEN,3,false,false
XRPUSDT,72,2021-05-20 12:15,11,BOTH,ABOVE,THROUGH,XUYEN,3,true,
XRPUSDT,74,2021-06-02 07:00,7,ABOVE,ABOVE,THROUGH,XUYEN,2,true,
XRPUSDT,75,2021-06-10 14:00,11,BOTH,BELOW,BLOCKED,XUYEN,1,false,false
XRPUSDT,76,2021-06-14 16:00,11,BOTH,ABOVE,BLOCKED,XUYEN,3,false,false
XRPUSDT,77,2021-06-22 08:00,12,BOTH,BELOW,BLOCKED,XUYEN,2,false,false
XRPUSDT,78,2021-06-24 00:00,16,BOTH,ABOVE,THROUGH,XUYEN,1,true,
XRPUSDT,82,2021-07-03 21:30,14,BOTH,ABOVE,THROUGH,XUYEN,1,true,
XRPUSDT,83,2021-07-06 04:00,20,BOTH,ABOVE,THROUGH,XUYEN,1,true,
XRPUSDT,84,2021-07-07 07:45,5,BELOW,BELOW,BLOCKED,CHAN,0,false,true
XRPUSDT,85,2021-07-09 05:15,19,BOTH,BELOW,BLOCKED,XUYEN,1,false,false
XRPUSDT,86,2021-07-11 16:00,9,BOTH,ABOVE,BLOCKED,XUYEN,3,false,false
XRPUSDT,87,2021-07-13 05:00,6,BOTH,BELOW,THROUGH,XUYEN,1,true,
XRPUSDT,88,2021-07-14 03:15,16,BOTH,BELOW,BLOCKED,XUYEN,1,false,false
XRPUSDT,89,2021-07-17 01:45,12,BOTH,BELOW,BLOCKED,XUYEN,2,false,false
XRPUSDT,90,2021-07-18 14:30,4,BELOW,BELOW,BLOCKED,CHAN,2,false,true
XRPUSDT,91,2021-07-18 21:45,8,BOTH,ABOVE,THROUGH,XUYEN,3,true,
XRPUSDT,94,2021-07-28 23:45,16,BOTH,ABOVE,THROUGH,XUYEN,1,true,
XRPUSDT,96,2021-08-02 06:30,6,BOTH,ABOVE,BLOCKED,XUYEN,1,false,false
XRPUSDT,97,2021-08-04 08:45,4,BOTH,BELOW,BLOCKED,XUYEN,3,false,false
XRPUSDT,98,2021-08-09 04:30,1,ABOVE,ABOVE,BLOCKED,CHAN,1,false,
XRPUSDT,99,2021-08-10 12:15,3,ABOVE,ABOVE,BLOCKED,CHAN,4,false,true
XRPUSDT,100,2021-08-12 20:45,2,BELOW,BELOW,THROUGH,XUYEN,1,true,
XRPUSDT,102,2021-08-16 20:00,8,BELOW,BELOW,BLOCKED,CHAN,2,false,true
XRPUSDT,103,2021-08-18 15:45,9,ABOVE,ABOVE,BLOCKED,CHAN,3,false,true
XRPUSDT,104,2021-08-26 12:00,9,BOTH,BELOW,THROUGH,XUYEN,4,true,
XRPUSDT,105,2021-08-27 07:00,2,ABOVE,ABOVE,BLOCKED,CHAN,2,false,true
XRPUSDT,106,2021-08-27 20:00,13,BOTH,ABOVE,BLOCKED,XUYEN,2,false,false
XRPUSDT,107,2021-08-29 21:45,7,BOTH,ABOVE,THROUGH,XUYEN,2,true,
XRPUSDT,108,2021-09-06 09:30,1,ABOVE,ABOVE,BLOCKED,CHAN,0,false,
XRPUSDT,109,2021-09-06 21:45,3,BOTH,ABOVE,THROUGH,XUYEN,3,true,
XRPUSDT,111,2021-09-08 20:00,21,BOTH,BELOW,THROUGH,XUYEN,1,true,
XRPUSDT,114,2021-09-10 14:00,16,BOTH,BELOW,BLOCKED,XUYEN,3,false,false
XRPUSDT,116,2021-09-13 13:30,14,BOTH,ABOVE,THROUGH,XUYEN,0,true,
XRPUSDT,117,2021-09-18 20:00,8,BOTH,BELOW,BLOCKED,XUYEN,3,false,false
XRPUSDT,118,2021-09-20 07:30,15,BOTH,BELOW,BLOCKED,XUYEN,4,false,false
XRPUSDT,119,2021-09-23 17:00,5,BOTH,ABOVE,BLOCKED,XUYEN,3,false,false
XRPUSDT,120,2021-09-26 22:00,6,BOTH,ABOVE,THROUGH,XUYEN,2,true,
XRPUSDT,121,2021-09-27 20:00,19,BOTH,BELOW,THROUGH,XUYEN,2,true,
XRPUSDT,122,2021-09-29 13:00,6,BOTH,ABOVE,THROUGH,XUYEN,2,true,
XRPUSDT,124,2021-10-01 17:30,16,BOTH,ABOVE,BLOCKED,XUYEN,3,false,false
XRPUSDT,125,2021-10-03 17:45,4,BOTH,ABOVE,THROUGH,XUYEN,2,true,
XRPUSDT,126,2021-10-05 12:00,8,BOTH,ABOVE,BLOCKED,XUYEN,2,false,false
XRPUSDT,127,2021-10-07 00:00,26,BOTH,BELOW,BLOCKED,XUYEN,1,false,false
XRPUSDT,128,2021-10-10 21:00,1,BELOW,BELOW,BLOCKED,CHAN,2,false,
XRPUSDT,129,2021-10-14 14:15,18,BOTH,ABOVE,THROUGH,XUYEN,1,true,
XRPUSDT,130,2021-10-15 20:15,19,BOTH,ABOVE,THROUGH,XUYEN,2,true,
XRPUSDT,131,2021-10-17 00:00,10,BELOW,BELOW,BLOCKED,CHAN,2,false,true
XRPUSDT,133,2021-10-18 19:00,11,BOTH,BELOW,THROUGH,XUYEN,3,true,
XRPUSDT,134,2021-10-20 08:45,35,BOTH,ABOVE,BLOCKED,XUYEN,3,false,false
XRPUSDT,135,2021-10-26 14:00,12,BOTH,BELOW,BLOCKED,XUYEN,3,false,false
XRPUSDT,136,2021-10-28 04:45,1,ABOVE,ABOVE,BLOCKED,CHAN,3,false,
XRPUSDT,137,2021-10-28 18:30,17,BOTH,BELOW,THROUGH,XUYEN,1,true,
XRPUSDT,139,2021-11-03 04:00,2,ABOVE,ABOVE,BLOCKED,CHAN,2,false,true
XRPUSDT,140,2021-11-03 18:00,14,BOTH,ABOVE,BLOCKED,XUYEN,1,false,false
XRPUSDT,144,2021-11-08 13:30,13,BOTH,BELOW,BLOCKED,XUYEN,1,false,false
XRPUSDT,145,2021-11-09 11:30,15,BOTH,BELOW,THROUGH,XUYEN,1,true,
XRPUSDT,147,2021-11-14 07:30,10,BOTH,BELOW,THROUGH,XUYEN,0,true,
XRPUSDT,149,2021-11-16 10:00,11,BELOW,BELOW,BLOCKED,CHAN,4,false,true
XRPUSDT,150,2021-11-18 01:30,3,BOTH,ABOVE,BLOCKED,CHAN,3,false,true
XRPUSDT,152,2021-11-20 15:00,7,BOTH,BELOW,THROUGH,XUYEN,1,true,
XRPUSDT,153,2021-11-21 19:15,2,BELOW,BELOW,BLOCKED,CHAN,2,false,true
XRPUSDT,154,2021-11-23 09:30,3,BOTH,ABOVE,THROUGH,XUYEN,0,true,
XRPUSDT,155,2021-11-23 22:00,11,BOTH,ABOVE,THROUGH,XUYEN,1,true,
XRPUSDT,156,2021-11-28 02:30,9,BOTH,BELOW,BLOCKED,XUYEN,3,false,false
XRPUSDT,157,2021-12-02 03:00,18,BOTH,BELOW,BLOCKED,XUYEN,1,false,false
XRPUSDT,159,2021-12-05 04:45,5,BOTH,BELOW,THROUGH,XUYEN,3,true,
XRPUSDT,160,2021-12-05 14:00,21,BOTH,BELOW,BLOCKED,XUYEN,2,false,false
XRPUSDT,161,2021-12-09 09:30,19,BOTH,ABOVE,BLOCKED,XUYEN,3,false,false
XRPUSDT,162,2021-12-12 17:00,13,BOTH,ABOVE,THROUGH,XUYEN,1,true,
XRPUSDT,163,2021-12-13 14:00,14,BOTH,BELOW,BLOCKED,XUYEN,1,false,false
XRPUSDT,164,2021-12-17 05:15,12,BOTH,ABOVE,THROUGH,XUYEN,1,true,
XRPUSDT,165,2021-12-21 05:15,3,ABOVE,ABOVE,BLOCKED,CHAN,3,false,true
XRPUSDT,166,2021-12-27 02:30,8,BOTH,ABOVE,BLOCKED,XUYEN,1,false,false
XRPUSDT,167,2021-12-27 16:00,3,ABOVE,ABOVE,BLOCKED,XUYEN,3,false,false
XRPUSDT,168,2021-12-28 14:30,2,BELOW,BELOW,BLOCKED,CHAN,2,false,true
XRPUSDT,169,2021-12-29 23:15,7,BOTH,BELOW,BLOCKED,XUYEN,2,false,false
XRPUSDT,170,2021-12-30 16:30,17,BOTH,ABOVE,BLOCKED,XUYEN,2,false,false
XRPUSDT,172,2021-12-31 23:45,15,BOTH,BELOW,THROUGH,XUYEN,2,true,
XRPUSDT,173,2022-01-04 05:45,31,BOTH,BELOW,BLOCKED,XUYEN,2,false,false
XRPUSDT,174,2022-01-07 13:30,5,BOTH,BELOW,THROUGH,XUYEN,1,true,
XRPUSDT,175,2022-01-07 21:30,24,BOTH,ABOVE,THROUGH,XUYEN,2,true,
XRPUSDT,176,2022-01-12 11:30,12,BOTH,ABOVE,BLOCKED,XUYEN,1,false,false
XRPUSDT,177,2022-01-14 20:30,8,BOTH,ABOVE,BLOCKED,XUYEN,1,false,false
XRPUSDT,178,2022-01-15 20:00,10,BOTH,ABOVE,THROUGH,XUYEN,3,true,
XRPUSDT,179,2022-01-19 03:30,7,BOTH,BELOW,BLOCKED,XUYEN,2,false,false
XRPUSDT,180,2022-01-20 13:30,1,ABOVE,ABOVE,THROUGH,XUYEN,1,true,
XRPUSDT,183,2022-01-23 23:00,6,BOTH,ABOVE,BLOCKED,XUYEN,3,false,false
XRPUSDT,184,2022-01-24 08:45,13,BOTH,BELOW,THROUGH,XUYEN,2,true,
XRPUSDT,185,2022-01-26 18:00,2,BOTH,BELOW,THROUGH,XUYEN,1,true,
XRPUSDT,186,2022-01-28 13:30,1,ABOVE,ABOVE,BLOCKED,CHAN,0,false,
XRPUSDT,187,2022-01-29 20:30,15,BOTH,ABOVE,BLOCKED,XUYEN,2,false,false
XRPUSDT,188,2022-01-30 19:00,4,BELOW,BELOW,BLOCKED,XUYEN,2,false,false
XRPUSDT,189,2022-01-31 23:30,13,BOTH,ABOVE,BLOCKED,XUYEN,1,false,false
XRPUSDT,190,2022-02-07 16:00,1,ABOVE,ABOVE,BLOCKED,CHAN,3,false,
XRPUSDT,191,2022-02-09 23:15,1,BELOW,BELOW,BLOCKED,CHAN,1,false,
XRPUSDT,192,2022-02-10 13:30,1,BELOW,BELOW,BLOCKED,CHAN,1,false,
XRPUSDT,193,2022-02-11 13:30,15,BOTH,ABOVE,THROUGH,XUYEN,2,true,
XRPUSDT,194,2022-02-15 01:15,15,BOTH,ABOVE,THROUGH,XUYEN,1,true,
XRPUSDT,195,2022-02-20 05:45,8,BELOW,BELOW,THROUGH,XUYEN,2,true,
XRPUSDT,196,2022-02-20 14:15,15,BOTH,BELOW,BLOCKED,XUYEN,4,false,false
XRPUSDT,198,2022-02-25 18:45,1,ABOVE,ABOVE,BLOCKED,CHAN,1,false,
XRPUSDT,199,2022-02-28 06:00,4,BOTH,BELOW,THROUGH,XUYEN,2,true,
XRPUSDT,201,2022-02-28 22:30,46,BOTH,ABOVE,THROUGH,XUYEN,1,true,
XRPUSDT,202,2022-03-07 12:00,14,BOTH,ABOVE,BLOCKED,XUYEN,2,false,false
XRPUSDT,203,2022-03-10 13:30,14,BOTH,BELOW,BLOCKED,XUYEN,2,false,false
XRPUSDT,205,2022-03-12 20:15,7,BOTH,ABOVE,THROUGH,XUYEN,0,true,
XRPUSDT,206,2022-03-13 11:30,18,BOTH,BELOW,BLOCKED,XUYEN,1,false,false
XRPUSDT,207,2022-03-21 02:30,3,BOTH,BELOW,THROUGH,XUYEN,1,true,
XRPUSDT,208,2022-03-21 17:45,1,ABOVE,ABOVE,BLOCKED,CHAN,1,false,
XRPUSDT,209,2022-03-27 00:45,5,ABOVE,ABOVE,BLOCKED,XUYEN,0,false,false
XRPUSDT,211,2022-03-28 13:00,9,ABOVE,ABOVE,BLOCKED,XUYEN,2,false,false
XRPUSDT,212,2022-03-29 20:45,33,BOTH,BELOW,BLOCKED,XUYEN,3,false,false
XRPUSDT,214,2022-03-31 23:45,10,BOTH,ABOVE,THROUGH,XUYEN,0,true,
XRPUSDT,215,2022-04-03 16:00,10,BOTH,ABOVE,THROUGH,XUYEN,2,true,
XRPUSDT,216,2022-04-07 11:00,7,BOTH,ABOVE,BLOCKED,XUYEN,2,false,false
XRPUSDT,217,2022-04-08 18:00,33,BOTH,BELOW,BLOCKED,XUYEN,2,false,false
XRPUSDT,219,2022-04-13 09:15,12,BOTH,ABOVE,THROUGH,XUYEN,3,true,
XRPUSDT,220,2022-04-18 04:00,4,BOTH,BELOW,THROUGH,XUYEN,1,true,
XRPUSDT,221,2022-04-19 09:45,1,ABOVE,ABOVE,BLOCKED,CHAN,1,false,
XRPUSDT,222,2022-04-20 07:00,4,BOTH,BELOW,THROUGH,XUYEN,1,true,
XRPUSDT,224,2022-04-20 18:15,14,BOTH,BELOW,THROUGH,XUYEN,2,true,
XRPUSDT,226,2022-04-22 07:15,2,BELOW,BELOW,BLOCKED,CHAN,2,false,true
XRPUSDT,227,2022-04-23 23:30,3,BELOW,BELOW,BLOCKED,CHAN,1,false,true
XRPUSDT,230,2022-05-01 12:00,3,ABOVE,ABOVE,BLOCKED,CHAN,3,false,true
XRPUSDT,231,2022-05-02 21:45,25,BOTH,ABOVE,BLOCKED,XUYEN,2,false,false
XRPUSDT,232,2022-05-06 13:30,17,BOTH,BELOW,THROUGH,XUYEN,2,true,
XRPUSDT,233,2022-05-08 22:00,1,BELOW,BELOW,BLOCKED,CHAN,1,false,
XRPUSDT,234,2022-05-16 19:45,11,BOTH,ABOVE,BLOCKED,XUYEN,2,false,false
XRPUSDT,235,2022-05-19 22:00,17,BOTH,BELOW,THROUGH,XUYEN,0,true,
XRPUSDT,236,2022-05-22 22:00,4,ABOVE,ABOVE,BLOCKED,XUYEN,2,false,false
XRPUSDT,237,2022-05-25 13:00,10,BOTH,ABOVE,BLOCKED,XUYEN,1,false,false
XRPUSDT,238,2022-05-28 09:45,8,BOTH,BELOW,THROUGH,XUYEN,2,true,
XRPUSDT,239,2022-05-28 21:45,10,BOTH,ABOVE,THROUGH,XUYEN,2,true,
XRPUSDT,240,2022-05-31 05:15,7,BOTH,ABOVE,THROUGH,XUYEN,0,true,
XRPUSDT,241,2022-05-31 13:30,12,BOTH,BELOW,BLOCKED,CHAN,3,false,true
XRPUSDT,242,2022-06-01 16:00,19,BOTH,BELOW,BLOCKED,XUYEN,3,false,false
XRPUSDT,244,2022-06-14 20:15,31,BOTH,BELOW,THROUGH,XUYEN,0,true,
XRPUSDT,245,2022-06-18 06:45,32,BOTH,BELOW,BLOCKED,XUYEN,3,false,false
XRPUSDT,246,2022-06-27 02:30,11,BOTH,ABOVE,THROUGH,XUYEN,3,true,
XRPUSDT,248,2022-06-27 18:00,7,BOTH,ABOVE,THROUGH,XUYEN,1,true,
XRPUSDT,249,2022-06-30 18:45,10,BOTH,ABOVE,THROUGH,XUYEN,1,true,
XRPUSDT,250,2022-07-02 18:30,16,BOTH,ABOVE,BLOCKED,XUYEN,2,false,false
XRPUSDT,251,2022-07-06 22:00,9,BOTH,ABOVE,BLOCKED,XUYEN,2,false,false
XRPUSDT,255,2022-07-13 21:15,5,BOTH,ABOVE,BLOCKED,XUYEN,2,false,false
XRPUSDT,256,2022-07-16 09:30,1,ABOVE,ABOVE,BLOCKED,CHAN,2,false,
XRPUSDT,257,2022-07-16 16:00,2,ABOVE,ABOVE,BLOCKED,CHAN,1,false,true
XRPUSDT,258,2022-07-20 20:00,8,BOTH,BELOW,BLOCKED,XUYEN,2,false,false
XRPUSDT,259,2022-07-22 19:30,7,BOTH,BELOW,THROUGH,XUYEN,1,true,
XRPUSDT,260,2022-07-23 08:45,21,BOTH,BELOW,THROUGH,XUYEN,2,true,
XRPUSDT,261,2022-07-27 11:45,4,BOTH,BELOW,THROUGH,XUYEN,2,true,
XRPUSDT,263,2022-07-30 13:45,13,BOTH,ABOVE,BLOCKED,XUYEN,2,false,false
XRPUSDT,264,2022-08-02 01:00,12,BOTH,ABOVE,THROUGH,XUYEN,2,true,
XRPUSDT,265,2022-08-04 06:15,32,BOTH,BELOW,THROUGH,XUYEN,1,true,
XRPUSDT,266,2022-08-06 23:15,13,BOTH,BELOW,BLOCKED,XUYEN,2,false,false
XRPUSDT,268,2022-08-13 06:00,26,BOTH,ABOVE,THROUGH,XUYEN,0,true,
XRPUSDT,269,2022-08-17 18:00,21,BOTH,ABOVE,THROUGH,XUYEN,2,true,
XRPUSDT,272,2022-08-25 20:30,9,BOTH,ABOVE,THROUGH,XUYEN,2,true,
XRPUSDT,273,2022-08-26 08:00,1,ABOVE,ABOVE,THROUGH,XUYEN,3,true,
XRPUSDT,274,2022-08-27 05:00,33,BOTH,BELOW,THROUGH,XUYEN,2,true,
XRPUSDT,275,2022-08-29 10:45,2,ABOVE,ABOVE,BLOCKED,CHAN,1,false,true
XRPUSDT,276,2022-09-03 00:00,33,BOTH,BELOW,BLOCKED,XUYEN,3,false,false
XRPUSDT,277,2022-09-06 00:00,13,BOTH,ABOVE,THROUGH,XUYEN,0,true,
XRPUSDT,278,2022-09-06 17:00,21,BOTH,BELOW,THROUGH,XUYEN,2,true,
XRPUSDT,279,2022-09-10 21:45,36,BOTH,ABOVE,THROUGH,XUYEN,1,true,
XRPUSDT,281,2022-09-14 11:45,17,BOTH,BELOW,THROUGH,XUYEN,0,true,
XRPUSDT,282,2022-09-18 01:30,4,BOTH,BELOW,BLOCKED,XUYEN,3,false,false
XRPUSDT,283,2022-09-19 02:15,5,BOTH,BELOW,BLOCKED,XUYEN,2,false,false
XRPUSDT,285,2022-09-20 12:00,3,ABOVE,ABOVE,THROUGH,XUYEN,1,true,
XRPUSDT,286,2022-09-25 11:45,8,ABOVE,ABOVE,BLOCKED,CHAN,0,false,true
XRPUSDT,287,2022-09-26 02:45,11,BOTH,BELOW,BLOCKED,XUYEN,3,false,false
XRPUSDT,288,2022-09-30 17:45,9,BOTH,ABOVE,THROUGH,XUYEN,1,true,
XRPUSDT,289,2022-10-01 11:15,22,BOTH,BELOW,THROUGH,XUYEN,2,true,
XRPUSDT,291,2022-10-03 20:30,6,BOTH,ABOVE,THROUGH,XUYEN,1,true,
XRPUSDT,292,2022-10-06 04:30,5,BOTH,ABOVE,THROUGH,XUYEN,2,true,
XRPUSDT,293,2022-10-06 12:30,11,BOTH,ABOVE,THROUGH,XUYEN,3,true,
XRPUSDT,294,2022-10-07 12:15,5,BELOW,BELOW,THROUGH,XUYEN,2,true,
XRPUSDT,296,2022-10-09 18:45,6,BOTH,ABOVE,BLOCKED,XUYEN,3,false,false
XRPUSDT,298,2022-10-12 12:30,29,BOTH,ABOVE,THROUGH,XUYEN,2,true,
XRPUSDT,299,2022-10-18 18:30,1,BELOW,BELOW,BLOCKED,CHAN,2,false,
XRPUSDT,300,2022-10-19 22:30,13,BOTH,BELOW,THROUGH,XUYEN,0,true,
XRPUSDT,302,2022-10-22 11:30,11,BOTH,ABOVE,BLOCKED,XUYEN,2,false,false
XRPUSDT,303,2022-10-23 10:30,3,BELOW,BELOW,BLOCKED,CHAN,3,false,true
XRPUSDT,304,2022-10-23 17:45,28,BOTH,ABOVE,BLOCKED,XUYEN,2,false,false
XRPUSDT,305,2022-10-27 00:00,12,BOTH,ABOVE,BLOCKED,XUYEN,0,false,false
XRPUSDT,306,2022-10-28 12:30,19,BOTH,ABOVE,BLOCKED,XUYEN,1,false,false
XRPUSDT,307,2022-10-31 22:00,23,BOTH,ABOVE,BLOCKED,XUYEN,1,false,false
XRPUSDT,308,2022-11-03 22:00,4,BELOW,BELOW,BLOCKED,CHAN,0,false,true
XRPUSDT,310,2022-11-05 08:00,4,BOTH,BELOW,BLOCKED,XUYEN,3,false,false
XRPUSDT,311,2022-11-05 18:00,3,ABOVE,ABOVE,BLOCKED,CHAN,3,false,true
XRPUSDT,312,2022-11-05 22:00,2,BELOW,BELOW,BLOCKED,CHAN,4,false,true
XRPUSDT,313,2022-11-06 16:00,1,BELOW,BELOW,BLOCKED,CHAN,3,false,
XRPUSDT,315,2022-11-10 05:00,15,BOTH,ABOVE,BLOCKED,XUYEN,2,false,false
XRPUSDT,316,2022-11-17 05:00,34,BOTH,ABOVE,BLOCKED,XUYEN,1,false,false
XRPUSDT,317,2022-11-23 19:00,14,BOTH,BELOW,THROUGH,XUYEN,1,true,
XRPUSDT,318,2022-11-26 02:30,7,BOTH,ABOVE,BLOCKED,XUYEN,2,false,false
XRPUSDT,319,2022-11-27 10:30,1,ABOVE,ABOVE,THROUGH,XUYEN,1,true,
XRPUSDT,320,2022-11-27 23:00,12,BOTH,BELOW,BLOCKED,XUYEN,1,false,false
XRPUSDT,321,2022-12-01 21:00,5,BOTH,BELOW,THROUGH,XUYEN,2,true,
XRPUSDT,322,2022-12-02 01:45,2,BELOW,BELOW,BLOCKED,CHAN,2,false,true
XRPUSDT,324,2022-12-03 11:45,1,ABOVE,ABOVE,BLOCKED,CHAN,1,false,
XRPUSDT,325,2022-12-03 22:30,23,BOTH,BELOW,THROUGH,XUYEN,2,true,
XRPUSDT,326,2022-12-05 15:00,3,BELOW,BELOW,BLOCKED,CHAN,2,false,true
XRPUSDT,327,2022-12-05 19:15,6,BELOW,BELOW,BLOCKED,XUYEN,1,false,false
XRPUSDT,328,2022-12-07 20:00,4,BOTH,BELOW,THROUGH,XUYEN,0,true,
XRPUSDT,330,2022-12-08 22:30,12,BOTH,ABOVE,BLOCKED,XUYEN,3,false,false
XRPUSDT,331,2022-12-10 09:15,19,BOTH,ABOVE,BLOCKED,XUYEN,0,false,false
XRPUSDT,333,2022-12-12 02:45,6,BOTH,BELOW,THROUGH,XUYEN,1,true,
XRPUSDT,337,2022-12-17 16:15,19,BOTH,BELOW,BLOCKED,XUYEN,3,false,false
XRPUSDT,338,2022-12-23 13:30,17,BOTH,ABOVE,THROUGH,XUYEN,2,true,
XRPUSDT,339,2022-12-24 23:00,2,BOTH,ABOVE,BLOCKED,CHAN,1,false,true
XRPUSDT,340,2022-12-25 14:30,18,BOTH,BELOW,BLOCKED,XUYEN,2,false,false
XRPUSDT,341,2022-12-29 20:15,18,BOTH,BELOW,BLOCKED,XUYEN,2,false,false
XRPUSDT,342,2023-01-02 01:00,2,BELOW,BELOW,THROUGH,XUYEN,2,true,
XRPUSDT,343,2023-01-02 15:30,17,BOTH,ABOVE,THROUGH,XUYEN,1,true,
XRPUSDT,344,2023-01-04 15:00,8,BOTH,BELOW,BLOCKED,XUYEN,3,false,false
XRPUSDT,346,2023-01-08 09:30,3,BOTH,BELOW,BLOCKED,XUYEN,2,false,false
XRPUSDT,347,2023-01-08 15:45,8,BOTH,ABOVE,THROUGH,XUYEN,3,true,
XRPUSDT,348,2023-01-09 13:45,9,BOTH,BELOW,THROUGH,XUYEN,0,true,
XRPUSDT,349,2023-01-14 14:30,12,BOTH,BELOW,THROUGH,XUYEN,2,true,
XRPUSDT,350,2023-01-16 08:00,2,BELOW,BELOW,BLOCKED,CHAN,2,false,true
XRPUSDT,351,2023-01-17 14:00,35,BOTH,ABOVE,THROUGH,XUYEN,1,true,
XRPUSDT,353,2023-01-24 13:30,4,BELOW,BELOW,BLOCKED,CHAN,3,false,true
XRPUSDT,354,2023-01-26 13:30,29,BOTH,ABOVE,THROUGH,XUYEN,2,true,
XRPUSDT,355,2023-01-28 13:00,22,BOTH,BELOW,BLOCKED,XUYEN,3,false,false
XRPUSDT,357,2023-01-30 19:00,9,BOTH,BELOW,BLOCKED,XUYEN,1,false,false
XRPUSDT,358,2023-01-31 21:15,10,BOTH,BELOW,BLOCKED,XUYEN,2,false,false
XRPUSDT,359,2023-02-03 13:30,17,BOTH,BELOW,BLOCKED,XUYEN,2,false,false
XRPUSDT,362,2023-02-06 05:15,13,BOTH,BELOW,THROUGH,XUYEN,2,true,
XRPUSDT,363,2023-02-06 23:00,21,BOTH,BELOW,BLOCKED,XUYEN,2,false,false
XRPUSDT,364,2023-02-09 03:00,15,BOTH,BELOW,BLOCKED,XUYEN,5,false,false
XRPUSDT,365,2023-02-16 20:15,2,BELOW,BELOW,THROUGH,XUYEN,1,true,
XRPUSDT,366,2023-02-19 01:45,33,BOTH,BELOW,THROUGH,XUYEN,1,true,
XRPUSDT,368,2023-02-26 18:30,34,BOTH,ABOVE,BLOCKED,XUYEN,1,false,false
XRPUSDT,369,2023-03-02 23:00,1,BELOW,BELOW,BLOCKED,CHAN,3,false,
XRPUSDT,370,2023-03-03 01:15,3,BOTH,BELOW,THROUGH,XUYEN,1,true,
XRPUSDT,371,2023-03-04 16:45,3,BOTH,ABOVE,THROUGH,XUYEN,0,true,
XRPUSDT,373,2023-03-06 23:00,18,BOTH,BELOW,BLOCKED,XUYEN,2,false,false
XRPUSDT,374,2023-03-10 09:30,15,BOTH,BELOW,THROUGH,XUYEN,1,true,
XRPUSDT,375,2023-03-12 07:45,1,BELOW,BELOW,BLOCKED,CHAN,2,false,
XRPUSDT,376,2023-03-12 12:00,9,BOTH,BELOW,BLOCKED,XUYEN,2,false,false
XRPUSDT,377,2023-03-14 05:00,12,BOTH,ABOVE,THROUGH,XUYEN,0,true,
XRPUSDT,378,2023-03-15 22:00,14,BOTH,BELOW,THROUGH,XUYEN,1,true,
XRPUSDT,379,2023-03-16 19:15,8,BOTH,ABOVE,THROUGH,XUYEN,2,true,
XRPUSDT,380,2023-03-17 09:00,1,ABOVE,ABOVE,BLOCKED,CHAN,3,false,
XRPUSDT,381,2023-03-17 13:30,10,BOTH,ABOVE,THROUGH,XUYEN,2,true,
XRPUSDT,382,2023-03-19 05:45,12,BOTH,ABOVE,THROUGH,XUYEN,1,true,
XRPUSDT,383,2023-03-20 13:30,7,BOTH,BELOW,BLOCKED,XUYEN,3,false,false
XRPUSDT,385,2023-03-24 11:45,5,BELOW,BELOW,BLOCKED,XUYEN,3,false,false
XRPUSDT,386,2023-03-26 05:45,14,BOTH,ABOVE,THROUGH,XUYEN,1,true,
XRPUSDT,388,2023-03-29 22:00,6,BELOW,BELOW,BLOCKED,CHAN,3,false,true
XRPUSDT,389,2023-03-31 20:30,3,BOTH,ABOVE,BLOCKED,CHAN,2,false,true
XRPUSDT,391,2023-04-02 19:30,4,BELOW,BELOW,BLOCKED,XUYEN,1,false,false
XRPUSDT,392,2023-04-08 17:45,3,BELOW,BELOW,BLOCKED,CHAN,1,false,true
XRPUSDT,393,2023-04-09 06:00,1,BELOW,BELOW,BLOCKED,CHAN,2,false,
XRPUSDT,394,2023-04-09 14:15,12,BOTH,BELOW,BLOCKED,XUYEN,2,false,false
XRPUSDT,395,2023-04-10 22:00,1,ABOVE,ABOVE,BLOCKED,CHAN,1,false,
XRPUSDT,396,2023-04-11 05:30,7,BOTH,ABOVE,THROUGH,XUYEN,1,true,
XRPUSDT,397,2023-04-12 12:30,10,BOTH,ABOVE,THROUGH,XUYEN,0,true,
XRPUSDT,398,2023-04-12 22:00,9,BOTH,ABOVE,THROUGH,XUYEN,1,true,
XRPUSDT,399,2023-04-13 20:00,3,BOTH,ABOVE,THROUGH,XUYEN,2,true,
XRPUSDT,401,2023-04-14 05:45,17,BOTH,ABOVE,BLOCKED,XUYEN,1,false,false
XRPUSDT,402,2023-04-17 11:30,11,BOTH,BELOW,BLOCKED,XUYEN,2,false,false
XRPUSDT,403,2023-04-19 21:15,10,BOTH,BELOW,THROUGH,XUYEN,2,true,
XRPUSDT,404,2023-04-20 22:00,9,BOTH,ABOVE,BLOCKED,XUYEN,1,false,false
XRPUSDT,405,2023-04-21 17:15,12,BOTH,BELOW,THROUGH,XUYEN,1,true,
XRPUSDT,406,2023-04-24 00:45,14,BOTH,ABOVE,THROUGH,XUYEN,3,true,
XRPUSDT,409,2023-04-27 12:30,5,BOTH,BELOW,BLOCKED,XUYEN,2,false,false
XRPUSDT,410,2023-04-29 17:30,12,BOTH,BELOW,THROUGH,XUYEN,2,true,
XRPUSDT,411,2023-05-05 12:30,7,BOTH,BELOW,THROUGH,XUYEN,2,true,
XRPUSDT,412,2023-05-07 19:00,2,BELOW,BELOW,BLOCKED,CHAN,3,false,true
XRPUSDT,414,2023-05-09 09:45,7,BOTH,ABOVE,THROUGH,XUYEN,1,true,
XRPUSDT,415,2023-05-10 17:00,7,BOTH,BELOW,THROUGH,XUYEN,1,true,
XRPUSDT,417,2023-05-11 22:00,6,BOTH,ABOVE,THROUGH,XUYEN,2,true,
XRPUSDT,418,2023-05-12 02:30,3,BOTH,BELOW,THROUGH,XUYEN,0,true,
XRPUSDT,419,2023-05-13 18:45,40,BOTH,ABOVE,BLOCKED,XUYEN,1,false,false
XRPUSDT,420,2023-05-16 12:30,3,BOTH,BELOW,BLOCKED,CHAN,2,false,true
XRPUSDT,423,2023-05-19 14:45,5,ABOVE,ABOVE,BLOCKED,CHAN,2,false,true
XRPUSDT,424,2023-05-20 04:45,3,ABOVE,ABOVE,BLOCKED,CHAN,3,false,true
XRPUSDT,426,2023-05-21 15:30,10,BOTH,BELOW,BLOCKED,XUYEN,1,false,false
XRPUSDT,427,2023-05-24 13:45,5,BELOW,BELOW,BLOCKED,CHAN,3,false,true
XRPUSDT,428,2023-05-25 01:15,10,BOTH,BELOW,THROUGH,XUYEN,1,true,
XRPUSDT,429,2023-05-27 03:45,1,ABOVE,ABOVE,THROUGH,XUYEN,0,true,
XRPUSDT,430,2023-05-27 13:45,20,BOTH,BELOW,BLOCKED,XUYEN,3,false,false
XRPUSDT,431,2023-05-30 21:15,7,BOTH,BELOW,BLOCKED,XUYEN,0,false,false
XRPUSDT,432,2023-06-02 12:30,3,BELOW,BELOW,THROUGH,XUYEN,1,true,
XRPUSDT,434,2023-06-03 07:00,8,BOTH,BELOW,BLOCKED,XUYEN,0,false,false
XRPUSDT,435,2023-06-06 12:00,4,BOTH,BELOW,THROUGH,XUYEN,2,true,
XRPUSDT,436,2023-06-07 05:45,7,BOTH,ABOVE,THROUGH,XUYEN,2,true,
XRPUSDT,437,2023-06-08 19:30,2,ABOVE,ABOVE,BLOCKED,CHAN,2,false,true
XRPUSDT,439,2023-06-11 16:00,2,ABOVE,ABOVE,BLOCKED,CHAN,1,false,true
XRPUSDT,440,2023-06-13 02:30,4,BOTH,ABOVE,THROUGH,XUYEN,1,true,
XRPUSDT,442,2023-06-14 18:00,2,BELOW,BELOW,BLOCKED,CHAN,1,false,true
XRPUSDT,443,2023-06-17 05:30,2,ABOVE,ABOVE,BLOCKED,CHAN,2,false,true
XRPUSDT,444,2023-06-20 10:45,3,BELOW,BELOW,BLOCKED,XUYEN,2,false,false
XRPUSDT,445,2023-06-21 10:30,8,BOTH,BELOW,BLOCKED,XUYEN,3,false,false
XRPUSDT,446,2023-06-22 02:00,4,ABOVE,ABOVE,BLOCKED,CHAN,1,false,true
XRPUSDT,448,2023-06-27 14:00,12,BOTH,BELOW,BLOCKED,XUYEN,2,false,false
XRPUSDT,449,2023-06-28 17:00,15,BOTH,BELOW,BLOCKED,XUYEN,1,false,false
XRPUSDT,451,2023-07-01 04:15,8,BOTH,BELOW,BLOCKED,XUYEN,2,false,false
XRPUSDT,452,2023-07-05 10:30,1,BELOW,BELOW,BLOCKED,CHAN,1,false,
XRPUSDT,453,2023-07-07 12:30,20,BOTH,ABOVE,BLOCKED,XUYEN,3,false,false
XRPUSDT,454,2023-07-10 00:00,12,BOTH,BELOW,BLOCKED,XUYEN,1,false,false
XRPUSDT,457,2023-07-16 14:00,15,BOTH,ABOVE,THROUGH,XUYEN,1,true,
XRPUSDT,458,2023-07-17 16:00,14,BOTH,ABOVE,THROUGH,XUYEN,0,true,
XRPUSDT,459,2023-07-18 16:45,3,BOTH,BELOW,THROUGH,XUYEN,2,true,
XRPUSDT,460,2023-07-20 20:15,9,BOTH,BELOW,THROUGH,XUYEN,1,true,
XRPUSDT,461,2023-07-22 09:45,1,BELOW,BELOW,BLOCKED,CHAN,1,false,
XRPUSDT,463,2023-07-24 02:00,3,BELOW,BELOW,BLOCKED,CHAN,3,false,true
XRPUSDT,466,2023-07-30 10:00,1,ABOVE,ABOVE,BLOCKED,CHAN,1,false,
XRPUSDT,468,2023-07-31 19:30,2,BOTH,ABOVE,THROUGH,XUYEN,0,true,
XRPUSDT,469,2023-08-01 02:00,11,BOTH,BELOW,BLOCKED,XUYEN,1,false,false
XRPUSDT,470,2023-08-03 04:30,2,BOTH,BELOW,THROUGH,XUYEN,3,true,
XRPUSDT,471,2023-08-04 12:30,1,ABOVE,ABOVE,THROUGH,XUYEN,1,true,
XRPUSDT,473,2023-08-05 08:30,4,BOTH,ABOVE,BLOCKED,XUYEN,2,false,false
XRPUSDT,474,2023-08-06 00:15,22,BOTH,ABOVE,BLOCKED,XUYEN,2,false,false
XRPUSDT,475,2023-08-08 21:15,9,BOTH,ABOVE,BLOCKED,XUYEN,2,false,false
XRPUSDT,477,2023-08-10 12:30,9,BOTH,ABOVE,BLOCKED,XUYEN,2,false,false
XRPUSDT,478,2023-08-11 04:15,2,BOTH,ABOVE,THROUGH,XUYEN,2,true,
XRPUSDT,479,2023-08-13 18:15,17,BOTH,ABOVE,THROUGH,XUYEN,1,true,
XRPUSDT,480,2023-08-15 11:30,2,BOTH,BELOW,THROUGH,XUYEN,3,true,
XRPUSDT,481,2023-08-15 14:00,4,BOTH,BELOW,THROUGH,XUYEN,3,true,
XRPUSDT,484,2023-08-16 04:15,1,ABOVE,ABOVE,THROUGH,XUYEN,2,true,
XRPUSDT,487,2023-08-20 02:45,7,BOTH,BELOW,THROUGH,XUYEN,1,true,
XRPUSDT,488,2023-08-21 15:15,20,BOTH,BELOW,BLOCKED,XUYEN,4,false,false
XRPUSDT,489,2023-08-25 03:15,11,BOTH,BELOW,BLOCKED,XUYEN,0,false,false
XRPUSDT,491,2023-08-28 05:30,17,BOTH,BELOW,BLOCKED,XUYEN,1,false,false
XRPUSDT,492,2023-08-29 14:15,4,ABOVE,ABOVE,BLOCKED,CHAN,3,false,true
XRPUSDT,493,2023-08-31 15:30,1,BELOW,BELOW,BLOCKED,CHAN,4,false,
XRPUSDT,494,2023-09-03 16:00,7,BOTH,ABOVE,BLOCKED,XUYEN,1,false,false
XRPUSDT,495,2023-09-05 03:00,21,BOTH,BELOW,THROUGH,XUYEN,2,true,
XRPUSDT,496,2023-09-06 03:00,2,BELOW,BELOW,BLOCKED,CHAN,3,false,true
XRPUSDT,497,2023-09-06 14:00,20,BOTH,BELOW,BLOCKED,XUYEN,1,false,false
XRPUSDT,498,2023-09-08 10:00,10,BOTH,BELOW,BLOCKED,CHAN,3,false,true
XRPUSDT,500,2023-09-10 14:30,4,BOTH,BELOW,THROUGH,XUYEN,1,true,
XRPUSDT,501,2023-09-12 03:00,1,ABOVE,ABOVE,THROUGH,XUYEN,2,true,
XRPUSDT,502,2023-09-12 08:45,2,BELOW,BELOW,THROUGH,XUYEN,3,true,
XRPUSDT,504,2023-09-13 07:30,2,BELOW,BELOW,THROUGH,XUYEN,2,true,
XRPUSDT,505,2023-09-13 12:30,21,BOTH,BELOW,BLOCKED,XUYEN,1,false,false
XRPUSDT,506,2023-09-15 02:00,4,BOTH,ABOVE,THROUGH,XUYEN,1,true,
XRPUSDT,507,2023-09-17 00:00,5,BOTH,BELOW,THROUGH,XUYEN,1,true,
XRPUSDT,508,2023-09-17 20:30,5,BOTH,BELOW,THROUGH,XUYEN,1,true,
XRPUSDT,509,2023-09-19 02:30,5,BOTH,ABOVE,THROUGH,XUYEN,1,true,
XRPUSDT,510,2023-09-20 02:00,19,BOTH,ABOVE,BLOCKED,XUYEN,1,false,false
XRPUSDT,511,2023-09-21 17:00,2,ABOVE,ABOVE,BLOCKED,CHAN,2,false,true
XRPUSDT,512,2023-09-22 17:00,24,BOTH,ABOVE,BLOCKED,XUYEN,1,false,false
XRPUSDT,513,2023-09-24 23:15,22,BOTH,BELOW,BLOCKED,XUYEN,1,false,false
XRPUSDT,516,2023-10-02 15:45,1,BELOW,BELOW,BLOCKED,CHAN,0,false,
XRPUSDT,518,2023-10-03 10:45,5,ABOVE,ABOVE,BLOCKED,CHAN,0,false,true
XRPUSDT,519,2023-10-03 22:30,1,BELOW,BELOW,THROUGH,XUYEN,0,true,
XRPUSDT,520,2023-10-05 05:00,1,BELOW,BELOW,BLOCKED,CHAN,1,false,
XRPUSDT,521,2023-10-08 22:00,4,BOTH,BELOW,THROUGH,XUYEN,2,true,
XRPUSDT,523,2023-10-11 15:15,8,BOTH,BELOW,BLOCKED,XUYEN,1,false,false
XRPUSDT,524,2023-10-12 16:15,1,ABOVE,ABOVE,BLOCKED,CHAN,2,false,
XRPUSDT,525,2023-10-13 12:30,1,ABOVE,ABOVE,BLOCKED,CHAN,1,false,
XRPUSDT,526,2023-10-13 20:45,6,ABOVE,ABOVE,BLOCKED,CHAN,3,false,true
XRPUSDT,527,2023-10-16 04:30,1,BELOW,BELOW,BLOCKED,CHAN,2,false,
XRPUSDT,529,2023-10-17 04:45,4,BELOW,BELOW,BLOCKED,XUYEN,1,false,false
XRPUSDT,530,2023-10-17 13:45,5,BOTH,BELOW,THROUGH,XUYEN,3,true,
XRPUSDT,531,2023-10-17 18:45,6,BOTH,BELOW,THROUGH,XUYEN,1,true,
XRPUSDT,532,2023-10-18 04:45,8,BOTH,ABOVE,BLOCKED,XUYEN,0,false,false
XRPUSDT,533,2023-10-18 17:00,6,BOTH,ABOVE,BLOCKED,XUYEN,3,false,false
XRPUSDT,534,2023-10-19 01:30,3,BELOW,BELOW,BLOCKED,CHAN,2,false,true
XRPUSDT,535,2023-10-20 15:15,7,BOTH,ABOVE,THROUGH,XUYEN,2,true,
XRPUSDT,536,2023-10-21 05:30,1,BELOW,BELOW,THROUGH,XUYEN,0,true,
XRPUSDT,537,2023-10-21 14:30,3,ABOVE,ABOVE,BLOCKED,XUYEN,2,false,false
XRPUSDT,538,2023-10-22 07:30,9,BOTH,BELOW,THROUGH,XUYEN,1,true,
XRPUSDT,539,2023-10-23 15:15,2,ABOVE,ABOVE,BLOCKED,CHAN,1,false,true
XRPUSDT,540,2023-10-24 12:15,54,BOTH,ABOVE,THROUGH,XUYEN,1,true,
XRPUSDT,543,2023-11-02 04:45,2,BELOW,BELOW,BLOCKED,CHAN,2,false,true
XRPUSDT,544,2023-11-02 10:00,18,BOTH,ABOVE,THROUGH,XUYEN,1,true,
XRPUSDT,546,2023-11-05 19:30,4,BOTH,ABOVE,BLOCKED,XUYEN,2,false,false
XRPUSDT,547,2023-11-07 00:30,1,BELOW,BELOW,BLOCKED,CHAN,2,false,
XRPUSDT,548,2023-11-09 12:30,1,BELOW,BELOW,THROUGH,XUYEN,0,true,
XRPUSDT,549,2023-11-13 14:30,6,BOTH,BELOW,THROUGH,XUYEN,2,true,
XRPUSDT,550,2023-11-13 20:45,9,BOTH,ABOVE,BLOCKED,XUYEN,1,false,false
XRPUSDT,551,2023-11-14 23:00,7,BOTH,ABOVE,THROUGH,XUYEN,1,true,
XRPUSDT,554,2023-11-19 23:00,6,ABOVE,ABOVE,BLOCKED,CHAN,2,false,true
XRPUSDT,555,2023-11-20 05:15,8,BOTH,BELOW,THROUGH,XUYEN,3,true,
XRPUSDT,556,2023-11-22 04:15,12,BOTH,BELOW,THROUGH,XUYEN,1,true,
XRPUSDT,557,2023-11-23 04:00,9,BOTH,BELOW,THROUGH,XUYEN,1,true,
XRPUSDT,558,2023-11-26 10:45,3,ABOVE,ABOVE,THROUGH,XUYEN,1,true,
XRPUSDT,559,2023-11-28 15:30,3,ABOVE,ABOVE,BLOCKED,CHAN,3,false,true
XRPUSDT,560,2023-11-29 05:00,38,BOTH,BELOW,THROUGH,XUYEN,0,true,
XRPUSDT,561,2023-12-06 20:45,9,ABOVE,ABOVE,BLOCKED,XUYEN,2,false,false
XRPUSDT,563,2023-12-13 19:00,1,ABOVE,ABOVE,BLOCKED,CHAN,1,false,
XRPUSDT,564,2023-12-14 17:30,3,ABOVE,ABOVE,BLOCKED,CHAN,3,false,true
XRPUSDT,565,2023-12-15 01:30,9,BOTH,ABOVE,BLOCKED,XUYEN,1,false,false
XRPUSDT,566,2023-12-17 10:00,6,BOTH,ABOVE,BLOCKED,XUYEN,2,false,false
XRPUSDT,567,2023-12-18 09:15,3,BELOW,BELOW,BLOCKED,XUYEN,2,false,false
XRPUSDT,568,2023-12-19 05:45,4,BELOW,BELOW,BLOCKED,CHAN,1,false,true
XRPUSDT,570,2023-12-20 20:00,14,BOTH,BELOW,BLOCKED,XUYEN,1,false,false
XRPUSDT,571,2023-12-22 08:30,63,BOTH,ABOVE,BLOCKED,XUYEN,0,false,false
XRPUSDT,572,2023-12-29 22:15,25,BOTH,ABOVE,BLOCKED,XUYEN,2,false,false
XRPUSDT,573,2024-01-03 04:45,1,ABOVE,ABOVE,THROUGH,XUYEN,1,true,
XRPUSDT,575,2024-01-06 05:15,10,BELOW,BELOW,BLOCKED,CHAN,1,false,true
XRPUSDT,576,2024-01-07 16:45,11,BOTH,BELOW,BLOCKED,XUYEN,3,false,false
XRPUSDT,577,2024-01-09 05:45,2,BELOW,BELOW,BLOCKED,CHAN,2,false,true
XRPUSDT,579,2024-01-09 18:00,1,ABOVE,ABOVE,BLOCKED,CHAN,1,false,
XRPUSDT,581,2024-01-10 15:45,1,ABOVE,ABOVE,BLOCKED,CHAN,1,false,
XRPUSDT,582,2024-01-16 14:30,13,BOTH,BELOW,THROUGH,XUYEN,0,true,
XRPUSDT,583,2024-01-17 17:00,13,BOTH,BELOW,THROUGH,XUYEN,3,true,
XRPUSDT,584,2024-01-23 14:00,2,BOTH,BELOW,THROUGH,XUYEN,3,true,
XRPUSDT,585,2024-01-25 21:15,9,BOTH,BELOW,THROUGH,XUYEN,1,true,
XRPUSDT,587,2024-01-28 18:15,3,BOTH,BELOW,THROUGH,XUYEN,1,true,
XRPUSDT,588,2024-01-31 14:00,26,BOTH,BELOW,THROUGH,XUYEN,2,true,
XRPUSDT,589,2024-02-03 10:15,5,BOTH,ABOVE,BLOCKED,XUYEN,1,false,false
XRPUSDT,590,2024-02-05 17:00,30,BOTH,ABOVE,BLOCKED,XUYEN,2,false,false
XRPUSDT,591,2024-02-08 02:45,7,BOTH,ABOVE,BLOCKED,XUYEN,0,false,false
XRPUSDT,592,2024-02-08 22:30,10,BOTH,BELOW,THROUGH,XUYEN,2,true,
XRPUSDT,593,2024-02-13 23:45,3,BOTH,BELOW,BLOCKED,XUYEN,1,false,false
XRPUSDT,594,2024-02-15 15:30,32,BOTH,BELOW,BLOCKED,XUYEN,1,false,false
XRPUSDT,595,2024-02-24 20:00,17,BOTH,BELOW,THROUGH,XUYEN,0,true,
XRPUSDT,596,2024-02-25 19:15,6,BOTH,ABOVE,BLOCKED,XUYEN,1,false,false
XRPUSDT,597,2024-03-03 06:00,13,BOTH,BELOW,BLOCKED,XUYEN,2,false,false
XRPUSDT,598,2024-03-07 03:30,9,BOTH,ABOVE,BLOCKED,XUYEN,2,false,false
XRPUSDT,599,2024-03-10 12:30,6,BOTH,BELOW,THROUGH,XUYEN,1,true,
XRPUSDT,600,2024-03-14 18:45,4,BOTH,BELOW,BLOCKED,XUYEN,3,false,false
XRPUSDT,601,2024-03-15 16:00,8,BOTH,BELOW,THROUGH,XUYEN,1,true,
XRPUSDT,602,2024-03-16 01:30,7,BOTH,ABOVE,BLOCKED,XUYEN,2,false,false
XRPUSDT,603,2024-03-18 22:15,9,BOTH,ABOVE,BLOCKED,XUYEN,0,false,false
XRPUSDT,604,2024-03-21 10:00,16,BOTH,ABOVE,BLOCKED,XUYEN,4,false,false
XRPUSDT,605,2024-03-25 19:00,8,BOTH,BELOW,THROUGH,XUYEN,0,true,
XRPUSDT,606,2024-03-28 16:45,9,BOTH,ABOVE,BLOCKED,XUYEN,1,false,false
XRPUSDT,607,2024-03-30 14:30,12,BOTH,ABOVE,BLOCKED,XUYEN,3,false,false
XRPUSDT,608,2024-03-31 18:30,2,ABOVE,ABOVE,BLOCKED,CHAN,2,false,true
XRPUSDT,609,2024-04-01 00:00,4,BOTH,ABOVE,THROUGH,XUYEN,0,true,
XRPUSDT,610,2024-04-01 23:45,2,BOTH,BELOW,THROUGH,XUYEN,0,true,
XRPUSDT,611,2024-04-04 13:00,9,BOTH,ABOVE,BLOCKED,XUYEN,1,false,false
XRPUSDT,612,2024-04-06 15:00,10,BOTH,ABOVE,BLOCKED,XUYEN,0,false,false
XRPUSDT,613,2024-04-08 06:15,5,ABOVE,ABOVE,BLOCKED,XUYEN,2,false,false
XRPUSDT,614,2024-04-14 22:00,9,BOTH,ABOVE,BLOCKED,XUYEN,1,false,false
XRPUSDT,615,2024-04-16 07:30,13,BOTH,ABOVE,THROUGH,XUYEN,3,true,
XRPUSDT,616,2024-04-17 07:00,36,BOTH,ABOVE,BLOCKED,XUYEN,4,false,false
XRPUSDT,617,2024-04-21 06:15,10,BOTH,ABOVE,BLOCKED,XUYEN,1,false,false
XRPUSDT,620,2024-05-01 07:00,2,BOTH,BELOW,THROUGH,XUYEN,1,true,
XRPUSDT,621,2024-05-06 15:45,8,BOTH,ABOVE,BLOCKED,XUYEN,1,false,false
XRPUSDT,622,2024-05-07 23:00,5,BELOW,BELOW,BLOCKED,CHAN,1,false,true
XRPUSDT,623,2024-05-13 21:30,5,BOTH,BELOW,BLOCKED,XUYEN,0,false,false
XRPUSDT,624,2024-05-14 06:00,6,BOTH,BELOW,THROUGH,XUYEN,1,true,
XRPUSDT,626,2024-05-19 06:30,1,BELOW,BELOW,THROUGH,XUYEN,1,true,
XRPUSDT,627,2024-05-21 19:15,1,BELOW,BELOW,BLOCKED,CHAN,3,false,
XRPUSDT,628,2024-05-23 12:45,2,BOTH,BELOW,THROUGH,XUYEN,0,true,
XRPUSDT,629,2024-05-23 18:00,8,BOTH,BELOW,THROUGH,XUYEN,2,true,
XRPUSDT,630,2024-05-26 21:00,9,BOTH,BELOW,BLOCKED,XUYEN,2,false,false
XRPUSDT,631,2024-05-27 19:45,2,BELOW,BELOW,BLOCKED,CHAN,2,false,true
XRPUSDT,632,2024-05-28 01:45,2,BELOW,BELOW,BLOCKED,CHAN,1,false,true
XRPUSDT,633,2024-05-28 17:45,20,BOTH,BELOW,BLOCKED,XUYEN,3,false,false
XRPUSDT,634,2024-06-03 00:00,2,ABOVE,ABOVE,BLOCKED,CHAN,2,false,true
XRPUSDT,635,2024-06-04 19:30,12,BOTH,ABOVE,THROUGH,XUYEN,3,true,
XRPUSDT,636,2024-06-05 08:15,11,ABOVE,ABOVE,BLOCKED,CHAN,1,false,true
XRPUSDT,637,2024-06-05 22:00,14,BOTH,BELOW,BLOCKED,XUYEN,3,false,false
XRPUSDT,638,2024-06-07 12:30,2,BELOW,BELOW,BLOCKED,CHAN,2,false,true
XRPUSDT,641,2024-06-08 00:00,8,BOTH,BELOW,THROUGH,XUYEN,2,true,
XRPUSDT,643,2024-06-09 11:30,10,BOTH,BELOW,THROUGH,XUYEN,2,true,
XRPUSDT,645,2024-06-11 15:30,6,BOTH,BELOW,BLOCKED,XUYEN,2,false,false
XRPUSDT,647,2024-06-12 18:00,1,BELOW,BELOW,BLOCKED,CHAN,2,false,
XRPUSDT,648,2024-06-13 20:30,3,BOTH,BELOW,THROUGH,XUYEN,1,true,
XRPUSDT,649,2024-06-16 17:45,18,BOTH,BELOW,THROUGH,XUYEN,3,true,
XRPUSDT,650,2024-06-18 07:15,31,BOTH,ABOVE,BLOCKED,CHAN,4,false,true
XRPUSDT,651,2024-06-21 22:00,9,BOTH,ABOVE,THROUGH,XUYEN,1,true,
XRPUSDT,653,2024-06-23 20:30,4,BELOW,BELOW,BLOCKED,CHAN,2,false,true
XRPUSDT,654,2024-06-26 09:00,16,BOTH,ABOVE,THROUGH,XUYEN,0,true,
XRPUSDT,655,2024-06-28 00:00,30,BOTH,BELOW,THROUGH,XUYEN,1,true,
XRPUSDT,656,2024-07-11 11:15,11,BOTH,ABOVE,THROUGH,XUYEN,2,true,
XRPUSDT,657,2024-07-14 06:30,2,ABOVE,ABOVE,BLOCKED,CHAN,1,false,true
XRPUSDT,658,2024-07-16 22:00,3,BOTH,BELOW,THROUGH,XUYEN,1,true,
XRPUSDT,659,2024-07-17 04:00,8,BOTH,ABOVE,THROUGH,XUYEN,1,true,
XRPUSDT,660,2024-07-19 00:00,5,BOTH,BELOW,THROUGH,XUYEN,1,true,
XRPUSDT,661,2024-07-21 11:15,8,BOTH,BELOW,BLOCKED,XUYEN,2,false,false
XRPUSDT,662,2024-07-23 10:00,13,BOTH,ABOVE,THROUGH,XUYEN,1,true,
XRPUSDT,663,2024-07-25 01:00,3,BELOW,BELOW,BLOCKED,CHAN,1,false,true
XRPUSDT,664,2024-07-30 09:30,5,BOTH,ABOVE,BLOCKED,XUYEN,1,false,false
XRPUSDT,667,2024-08-10 23:00,5,BOTH,BELOW,THROUGH,XUYEN,3,true,
XRPUSDT,668,2024-08-18 12:30,10,BOTH,ABOVE,BLOCKED,XUYEN,1,false,false
XRPUSDT,670,2024-08-22 02:45,29,BOTH,BELOW,BLOCKED,XUYEN,2,false,false
XRPUSDT,671,2024-08-25 20:45,7,BOTH,BELOW,THROUGH,XUYEN,2,true,
XRPUSDT,672,2024-08-29 22:00,27,BOTH,BELOW,BLOCKED,XUYEN,3,false,false
XRPUSDT,674,2024-09-06 07:15,2,BOTH,BELOW,THROUGH,XUYEN,1,true,
XRPUSDT,675,2024-09-07 15:00,32,BOTH,ABOVE,THROUGH,XUYEN,2,true,
XRPUSDT,677,2024-09-14 21:00,5,ABOVE,ABOVE,BLOCKED,XUYEN,2,false,false
XRPUSDT,678,2024-09-15 08:15,5,BELOW,BELOW,BLOCKED,CHAN,3,false,true
XRPUSDT,679,2024-09-15 20:00,29,BOTH,BELOW,BLOCKED,XUYEN,3,false,false
XRPUSDT,680,2024-09-19 10:00,18,BOTH,ABOVE,BLOCKED,XUYEN,1,false,false
XRPUSDT,681,2024-09-21 16:45,24,BOTH,ABOVE,THROUGH,XUYEN,1,true,
XRPUSDT,682,2024-09-23 21:15,33,BOTH,BELOW,THROUGH,XUYEN,3,true,
XRPUSDT,683,2024-09-27 20:00,5,BOTH,BELOW,THROUGH,XUYEN,4,true,
XRPUSDT,685,2024-09-29 20:00,3,BELOW,BELOW,BLOCKED,CHAN,1,false,true
XRPUSDT,686,2024-09-30 23:00,7,BOTH,BELOW,THROUGH,XUYEN,1,true,
XRPUSDT,687,2024-10-01 07:30,4,BOTH,ABOVE,THROUGH,XUYEN,2,true,
XRPUSDT,688,2024-10-05 06:30,44,BOTH,ABOVE,BLOCKED,XUYEN,3,false,false
XRPUSDT,689,2024-10-08 20:00,21,BOTH,ABOVE,BLOCKED,XUYEN,2,false,false
XRPUSDT,691,2024-10-13 08:45,10,BOTH,BELOW,THROUGH,XUYEN,1,true,
XRPUSDT,692,2024-10-16 13:30,1,ABOVE,ABOVE,BLOCKED,CHAN,3,false,
XRPUSDT,693,2024-10-17 18:00,6,BELOW,BELOW,BLOCKED,CHAN,1,false,true
XRPUSDT,694,2024-10-19 16:45,16,BOTH,BELOW,BLOCKED,XUYEN,3,false,false
XRPUSDT,696,2024-10-21 06:00,2,ABOVE,ABOVE,BLOCKED,CHAN,0,false,true
XRPUSDT,699,2024-10-22 22:00,3,BOTH,ABOVE,THROUGH,XUYEN,2,true,
XRPUSDT,700,2024-10-23 05:00,1,BELOW,BELOW,BLOCKED,CHAN,2,false,
XRPUSDT,701,2024-10-23 16:45,9,BOTH,BELOW,BLOCKED,XUYEN,2,false,false
XRPUSDT,702,2024-10-25 22:45,23,BOTH,BELOW,BLOCKED,XUYEN,1,false,false
XRPUSDT,703,2024-10-31 06:30,11,BOTH,BELOW,THROUGH,XUYEN,1,true,
XRPUSDT,705,2024-11-05 19:45,5,BOTH,BELOW,THROUGH,XUYEN,1,true,
XRPUSDT,706,2024-11-11 12:15,4,BOTH,BELOW,BLOCKED,XUYEN,3,false,false
XRPUSDT,707,2024-11-11 20:00,4,ABOVE,ABOVE,BLOCKED,CHAN,2,false,true
XRPUSDT,708,2024-11-12 20:00,3,BOTH,ABOVE,THROUGH,XUYEN,2,true,
XRPUSDT,709,2024-11-13 13:30,5,ABOVE,ABOVE,BLOCKED,CHAN,2,false,true
XRPUSDT,710,2024-11-14 06:00,2,BOTH,ABOVE,THROUGH,XUYEN,2,true,
XRPUSDT,711,2024-11-21 17:45,1,ABOVE,ABOVE,BLOCKED,CHAN,2,false,
XRPUSDT,712,2024-11-23 00:00,13,BOTH,ABOVE,BLOCKED,XUYEN,2,false,false
XRPUSDT,713,2024-11-24 12:30,30,BOTH,BELOW,BLOCKED,XUYEN,3,false,false
XRPUSDT,714,2024-12-05 22:15,43,BOTH,BELOW,BLOCKED,XUYEN,3,false,false
XRPUSDT,715,2024-12-14 05:30,3,BOTH,ABOVE,THROUGH,XUYEN,1,true,
XRPUSDT,716,2024-12-16 16:00,15,BOTH,ABOVE,THROUGH,XUYEN,1,true,
XRPUSDT,717,2024-12-27 09:00,30,BOTH,ABOVE,BLOCKED,XUYEN,2,false,false
XRPUSDT,718,2024-12-31 17:30,6,BOTH,BELOW,BLOCKED,XUYEN,1,false,false
XRPUSDT,719,2025-01-10 13:30,2,BELOW,BELOW,BLOCKED,XUYEN,1,false,false
XRPUSDT,720,2025-01-11 03:00,3,BELOW,BELOW,BLOCKED,XUYEN,3,false,false
XRPUSDT,721,2025-01-11 16:45,8,BOTH,ABOVE,BLOCKED,XUYEN,2,false,false
XRPUSDT,722,2025-01-14 13:30,2,ABOVE,ABOVE,BLOCKED,CHAN,3,false,true
XRPUSDT,723,2025-01-15 21:45,2,ABOVE,ABOVE,BLOCKED,CHAN,1,false,true
XRPUSDT,724,2025-01-16 11:00,1,ABOVE,ABOVE,BLOCKED,CHAN,3,false,
XRPUSDT,725,2025-01-16 20:00,3,BELOW,BELOW,BLOCKED,CHAN,2,false,true
XRPUSDT,726,2025-01-18 23:15,9,BOTH,ABOVE,BLOCKED,XUYEN,1,false,false
XRPUSDT,729,2025-01-22 11:30,7,BOTH,ABOVE,THROUGH,XUYEN,0,true,
XRPUSDT,730,2025-01-22 19:30,21,BOTH,ABOVE,BLOCKED,XUYEN,2,false,false
XRPUSDT,731,2025-01-25 21:45,36,BOTH,ABOVE,THROUGH,XUYEN,1,true,
XRPUSDT,732,2025-02-02 05:15,4,BOTH,ABOVE,THROUGH,XUYEN,2,true,
XRPUSDT,733,2025-02-03 14:00,30,BOTH,BELOW,THROUGH,XUYEN,1,true,
XRPUSDT,734,2025-02-09 19:15,10,BOTH,BELOW,BLOCKED,XUYEN,3,false,false
XRPUSDT,735,2025-02-10 13:45,8,ABOVE,ABOVE,BLOCKED,CHAN,4,false,true
XRPUSDT,736,2025-02-11 13:45,1,BELOW,BELOW,BLOCKED,CHAN,3,false,
XRPUSDT,737,2025-02-12 13:30,10,BOTH,BELOW,THROUGH,XUYEN,3,true,
XRPUSDT,738,2025-02-17 05:00,25,BOTH,BELOW,BLOCKED,XUYEN,2,false,false
XRPUSDT,739,2025-02-21 09:15,5,BOTH,BELOW,THROUGH,XUYEN,0,true,
XRPUSDT,740,2025-02-24 19:30,1,BELOW,BELOW,BLOCKED,CHAN,3,false,
XRPUSDT,744,2025-03-04 14:30,17,ABOVE,ABOVE,BLOCKED,XUYEN,3,false,false
XRPUSDT,745,2025-03-12 12:30,17,BOTH,ABOVE,THROUGH,XUYEN,3,true,
XRPUSDT,746,2025-03-15 18:30,3,BELOW,BELOW,BLOCKED,CHAN,1,false,true
XRPUSDT,748,2025-03-16 16:00,6,ABOVE,ABOVE,BLOCKED,XUYEN,1,false,false
XRPUSDT,749,2025-03-17 12:00,11,BOTH,ABOVE,THROUGH,XUYEN,2,true,
XRPUSDT,751,2025-03-25 17:45,5,BOTH,ABOVE,BLOCKED,XUYEN,2,false,false
XRPUSDT,752,2025-03-26 01:15,7,BOTH,ABOVE,THROUGH,XUYEN,1,true,
XRPUSDT,754,2025-04-03 18:30,1,ABOVE,ABOVE,BLOCKED,CHAN,1,false,
XRPUSDT,755,2025-04-05 09:45,15,BOTH,ABOVE,THROUGH,XUYEN,1,true,
XRPUSDT,756,2025-04-06 20:30,2,BELOW,BELOW,BLOCKED,CHAN,2,false,true
XRPUSDT,757,2025-04-09 11:00,4,BOTH,BELOW,BLOCKED,XUYEN,1,false,false
XRPUSDT,758,2025-04-10 07:30,23,BOTH,BELOW,THROUGH,XUYEN,3,true,
XRPUSDT,759,2025-04-16 17:30,4,BELOW,BELOW,BLOCKED,CHAN,0,false,true
XRPUSDT,760,2025-04-20 19:45,1,ABOVE,ABOVE,BLOCKED,CHAN,0,false,
XRPUSDT,761,2025-04-21 05:45,9,BOTH,ABOVE,THROUGH,XUYEN,3,true,
XRPUSDT,762,2025-04-24 13:30,3,ABOVE,ABOVE,BLOCKED,CHAN,2,false,true
XRPUSDT,763,2025-04-26 06:30,15,BOTH,ABOVE,BLOCKED,XUYEN,1,false,false
XRPUSDT,767,2025-05-02 05:45,3,BELOW,BELOW,BLOCKED,CHAN,2,false,true
XRPUSDT,768,2025-05-02 12:30,23,BOTH,ABOVE,BLOCKED,XUYEN,2,false,false
XRPUSDT,769,2025-05-04 22:00,4,BOTH,BELOW,BLOCKED,XUYEN,1,false,false
XRPUSDT,770,2025-05-06 22:00,11,BOTH,ABOVE,BLOCKED,XUYEN,1,false,false
XRPUSDT,771,2025-05-10 10:00,17,BOTH,ABOVE,THROUGH,XUYEN,2,true,
XRPUSDT,772,2025-05-12 07:00,1,ABOVE,ABOVE,BLOCKED,CHAN,2,false,
XRPUSDT,774,2025-05-16 20:30,4,BOTH,BELOW,THROUGH,XUYEN,1,true,
XRPUSDT,775,2025-05-20 12:30,15,BOTH,BELOW,BLOCKED,XUYEN,3,false,false
XRPUSDT,777,2025-05-25 22:00,31,BOTH,ABOVE,THROUGH,XUYEN,1,true,
XRPUSDT,778,2025-06-02 22:00,1,ABOVE,ABOVE,BLOCKED,CHAN,1,false,
XRPUSDT,780,2025-06-04 14:00,5,BOTH,BELOW,THROUGH,XUYEN,2,true,
XRPUSDT,782,2025-06-11 08:00,3,BOTH,ABOVE,THROUGH,XUYEN,1,true,
XRPUSDT,785,2025-06-13 06:00,5,BOTH,BELOW,THROUGH,XUYEN,1,true,
XRPUSDT,788,2025-06-22 22:00,2,ABOVE,ABOVE,BLOCKED,CHAN,2,false,true
XRPUSDT,790,2025-06-27 00:30,6,BOTH,BELOW,BLOCKED,XUYEN,2,false,false
XRPUSDT,791,2025-07-01 13:00,10,BOTH,BELOW,THROUGH,XUYEN,2,true,
XRPUSDT,792,2025-07-07 13:45,12,BOTH,ABOVE,THROUGH,XUYEN,1,true,
XRPUSDT,794,2025-07-13 21:30,6,BOTH,BELOW,THROUGH,XUYEN,1,true,
XRPUSDT,795,2025-07-16 12:30,3,ABOVE,ABOVE,BLOCKED,CHAN,2,false,true
XRPUSDT,796,2025-07-16 17:15,2,ABOVE,ABOVE,BLOCKED,CHAN,1,false,true
XRPUSDT,797,2025-07-20 22:00,20,BOTH,BELOW,THROUGH,XUYEN,1,true,
XRPUSDT,798,2025-08-01 08:00,20,BOTH,BELOW,BLOCKED,XUYEN,3,false,false
XRPUSDT,800,2025-08-05 07:30,4,BOTH,BELOW,THROUGH,XUYEN,2,true,
XRPUSDT,802,2025-08-10 07:30,17,BOTH,BELOW,THROUGH,XUYEN,1,true,
XRPUSDT,803,2025-08-13 13:15,13,BOTH,ABOVE,THROUGH,XUYEN,1,true,
XRPUSDT,804,2025-08-14 10:30,1,BELOW,BELOW,BLOCKED,CHAN,3,false,
XRPUSDT,806,2025-08-16 22:00,13,BOTH,ABOVE,THROUGH,XUYEN,0,true,
XRPUSDT,808,2025-08-26 12:30,2,ABOVE,ABOVE,BLOCKED,CHAN,2,false,true
XRPUSDT,809,2025-08-27 13:30,17,BOTH,ABOVE,BLOCKED,XUYEN,0,false,false
XRPUSDT,810,2025-08-29 12:30,2,BOTH,ABOVE,THROUGH,XUYEN,2,true,
XRPUSDT,812,2025-09-05 12:30,4,BOTH,ABOVE,THROUGH,XUYEN,0,true,
XRPUSDT,813,2025-09-06 09:00,6,BOTH,BELOW,BLOCKED,XUYEN,1,false,false
XRPUSDT,814,2025-09-10 12:30,6,ABOVE,ABOVE,BLOCKED,CHAN,1,false,true
XRPUSDT,815,2025-09-11 12:30,12,BOTH,BELOW,THROUGH,XUYEN,1,true,
XRPUSDT,817,2025-09-15 13:30,20,BOTH,ABOVE,BLOCKED,XUYEN,2,false,false
XRPUSDT,818,2025-09-17 17:30,12,BOTH,ABOVE,THROUGH,XUYEN,0,true,
XRPUSDT,819,2025-09-19 19:45,6,BOTH,BELOW,BLOCKED,XUYEN,2,false,false
XRPUSDT,820,2025-09-20 14:00,3,BOTH,BELOW,THROUGH,XUYEN,2,true,
XRPUSDT,821,2025-09-20 18:00,19,BOTH,BELOW,BLOCKED,XUYEN,4,false,false
XRPUSDT,822,2025-09-22 06:00,23,BOTH,BELOW,BLOCKED,CHAN,2,false,true
XRPUSDT,823,2025-09-28 22:00,16,BOTH,ABOVE,BLOCKED,XUYEN,1,false,false
XRPUSDT,824,2025-10-05 02:30,1,ABOVE,ABOVE,BLOCKED,CHAN,1,false,
XRPUSDT,825,2025-10-05 19:00,19,BOTH,BELOW,BLOCKED,XUYEN,3,false,false
XRPUSDT,826,2025-10-07 19:45,22,BOTH,BELOW,THROUGH,XUYEN,2,true,
XRPUSDT,828,2025-10-11 19:00,14,BOTH,BELOW,THROUGH,XUYEN,1,true,
XRPUSDT,829,2025-10-16 09:30,4,BOTH,ABOVE,THROUGH,XUYEN,1,true,
XRPUSDT,830,2025-10-17 01:00,10,BOTH,ABOVE,BLOCKED,XUYEN,2,false,false
XRPUSDT,831,2025-10-19 00:00,2,BELOW,BELOW,THROUGH,XUYEN,1,true,
XRPUSDT,832,2025-10-19 08:15,1,BELOW,BELOW,THROUGH,XUYEN,0,true,
XRPUSDT,834,2025-10-22 11:00,14,BOTH,ABOVE,THROUGH,XUYEN,0,true,
XRPUSDT,835,2025-10-24 12:30,1,ABOVE,ABOVE,BLOCKED,CHAN,3,false,
XRPUSDT,836,2025-10-26 22:00,27,BOTH,ABOVE,BLOCKED,XUYEN,1,false,false
XRPUSDT,838,2025-10-30 04:00,4,BOTH,BELOW,THROUGH,XUYEN,1,true,
XRPUSDT,839,2025-11-04 05:15,20,BOTH,BELOW,THROUGH,XUYEN,1,true,
XRPUSDT,840,2025-11-10 20:30,3,BOTH,ABOVE,THROUGH,XUYEN,2,true,
XRPUSDT,841,2025-11-14 04:30,17,BOTH,BELOW,THROUGH,XUYEN,2,true,
XRPUSDT,842,2025-11-15 21:30,15,BOTH,BELOW,BLOCKED,XUYEN,1,false,false
XRPUSDT,843,2025-11-21 07:30,20,BOTH,BELOW,BLOCKED,XUYEN,4,false,false
XRPUSDT,844,2025-11-26 12:00,18,BOTH,BELOW,THROUGH,XUYEN,1,true,
XRPUSDT,845,2025-12-01 20:00,1,ABOVE,ABOVE,BLOCKED,CHAN,1,false,
XRPUSDT,846,2025-12-03 14:00,11,BOTH,BELOW,THROUGH,XUYEN,0,true,
XRPUSDT,847,2025-12-06 14:15,14,BOTH,ABOVE,THROUGH,XUYEN,2,true,
XRPUSDT,848,2025-12-07 14:15,6,BOTH,BELOW,THROUGH,XUYEN,3,true,
XRPUSDT,849,2025-12-08 09:00,16,BOTH,ABOVE,BLOCKED,XUYEN,3,false,false
XRPUSDT,850,2025-12-12 23:00,8,BOTH,ABOVE,THROUGH,XUYEN,2,true,
XRPUSDT,851,2025-12-14 23:30,5,BOTH,BELOW,THROUGH,XUYEN,2,true,
XRPUSDT,852,2025-12-16 10:30,14,BOTH,ABOVE,THROUGH,XUYEN,1,true,
XRPUSDT,853,2025-12-21 08:30,3,BOTH,ABOVE,THROUGH,XUYEN,1,true,
XRPUSDT,854,2025-12-22 00:00,14,BOTH,ABOVE,THROUGH,XUYEN,2,true,
XRPUSDT,855,2025-12-28 18:00,5,BOTH,BELOW,THROUGH,XUYEN,2,true,
XRPUSDT,857,2025-12-30 08:00,14,BOTH,ABOVE,BLOCKED,XUYEN,2,false,false
XRPUSDT,859,2026-01-04 08:00,3,BOTH,ABOVE,THROUGH,XUYEN,2,true,
XRPUSDT,860,2026-01-04 18:30,50,BOTH,BELOW,THROUGH,XUYEN,2,true,
XRPUSDT,861,2026-01-11 20:00,8,BOTH,BELOW,THROUGH,XUYEN,2,true,
XRPUSDT,862,2026-01-13 13:30,1,ABOVE,ABOVE,BLOCKED,CHAN,2,false,
XRPUSDT,863,2026-01-13 22:00,13,BOTH,ABOVE,THROUGH,XUYEN,1,true,
XRPUSDT,866,2026-01-20 22:30,13,BOTH,BELOW,THROUGH,XUYEN,3,true,
XRPUSDT,867,2026-01-22 23:00,13,BOTH,BELOW,BLOCKED,XUYEN,3,false,false
XRPUSDT,868,2026-01-25 16:00,28,BOTH,BELOW,BLOCKED,XUYEN,1,false,false
XRPUSDT,871,2026-01-31 23:15,4,BOTH,ABOVE,THROUGH,XUYEN,1,true,
XRPUSDT,872,2026-02-01 23:00,30,BOTH,BELOW,THROUGH,XUYEN,2,true,
XRPUSDT,873,2026-02-04 11:00,2,BELOW,BELOW,BLOCKED,CHAN,4,false,true
XRPUSDT,874,2026-02-07 16:00,40,BOTH,ABOVE,BLOCKED,XUYEN,2,false,false
XRPUSDT,875,2026-02-17 14:30,8,BOTH,BELOW,THROUGH,XUYEN,2,true,
XRPUSDT,876,2026-02-21 20:30,2,BELOW,BELOW,BLOCKED,CHAN,2,false,true
XRPUSDT,877,2026-02-22 12:00,1,BELOW,BELOW,BLOCKED,CHAN,1,false,
XRPUSDT,879,2026-02-25 21:30,2,BOTH,ABOVE,THROUGH,XUYEN,1,true,
XRPUSDT,882,2026-03-01 13:45,19,BOTH,ABOVE,BLOCKED,XUYEN,0,false,false
XRPUSDT,883,2026-03-03 12:00,35,BOTH,ABOVE,THROUGH,XUYEN,0,true,
XRPUSDT,884,2026-03-08 22:00,15,BOTH,BELOW,THROUGH,XUYEN,2,true,
XRPUSDT,885,2026-03-10 02:30,19,BOTH,ABOVE,BLOCKED,XUYEN,0,false,false
XRPUSDT,886,2026-03-17 13:30,7,BOTH,BELOW,THROUGH,XUYEN,2,true,
XRPUSDT,888,2026-03-19 19:00,15,BOTH,ABOVE,BLOCKED,XUYEN,1,false,false
XRPUSDT,889,2026-03-23 11:00,6,BOTH,ABOVE,BLOCKED,XUYEN,1,false,false
XRPUSDT,891,2026-03-28 13:30,9,BOTH,ABOVE,THROUGH,XUYEN,2,true,
XRPUSDT,892,2026-03-29 22:00,15,BOTH,BELOW,THROUGH,XUYEN,1,true,
XRPUSDT,894,2026-04-01 12:30,12,BOTH,ABOVE,THROUGH,XUYEN,2,true,
XRPUSDT,895,2026-04-04 19:00,19,BOTH,ABOVE,BLOCKED,XUYEN,1,false,false
XRPUSDT,896,2026-04-08 03:00,4,BOTH,ABOVE,BLOCKED,XUYEN,1,false,false
XRPUSDT,897,2026-04-12 01:30,1,BELOW,BELOW,BLOCKED,CHAN,1,false,
XRPUSDT,899,2026-04-14 04:45,16,BOTH,BELOW,THROUGH,XUYEN,3,true,
XRPUSDT,900,2026-04-15 19:30,4,BOTH,ABOVE,THROUGH,XUYEN,3,true,
XRPUSDT,901,2026-04-19 22:00,23,BOTH,BELOW,BLOCKED,XUYEN,2,false,false
XRPUSDT,902,2026-04-25 15:45,12,BOTH,BELOW,THROUGH,XUYEN,1,true,
XRPUSDT,903,2026-04-28 19:45,6,BOTH,ABOVE,BLOCKED,XUYEN,1,false,false
XRPUSDT,904,2026-04-29 03:15,5,BOTH,ABOVE,THROUGH,XUYEN,2,true,
XRPUSDT,905,2026-05-01 08:15,3,BOTH,ABOVE,THROUGH,XUYEN,3,true,
XRPUSDT,906,2026-05-02 21:30,3,ABOVE,ABOVE,THROUGH,XUYEN,2,true,
XRPUSDT,907,2026-05-03 11:30,4,BOTH,ABOVE,THROUGH,XUYEN,1,true,
XRPUSDT,908,2026-05-04 10:00,41,BOTH,BELOW,BLOCKED,XUYEN,1,false,false
XRPUSDT,909,2026-05-13 11:00,4,BOTH,BELOW,THROUGH,XUYEN,1,true,
XRPUSDT,910,2026-05-22 18:30,1,BELOW,BELOW,BLOCKED,CHAN,2,false,
XRPUSDT,911,2026-05-22 23:45,5,BOTH,BELOW,BLOCKED,XUYEN,2,false,false
XRPUSDT,912,2026-05-23 07:45,5,BOTH,BELOW,THROUGH,XUYEN,2,true,
XRPUSDT,913,2026-05-23 20:30,41,BOTH,ABOVE,BLOCKED,XUYEN,1,false,false
XRPUSDT,915,2026-06-09 04:30,5,ABOVE,ABOVE,BLOCKED,XUYEN,2,false,false
XRPUSDT,916,2026-06-11 10:45,6,BOTH,ABOVE,THROUGH,XUYEN,2,true,
XRPUSDT,918,2026-06-15 09:15,1,ABOVE,ABOVE,BLOCKED,CHAN,0,false,
XRPUSDT,919,2026-06-17 11:00,4,BOTH,BELOW,THROUGH,XUYEN,3,true,
XRPUSDT,920,2026-06-17 18:00,2,BELOW,BELOW,BLOCKED,CHAN,1,false,true
XRPUSDT,921,2026-06-19 03:15,27,BOTH,BELOW,THROUGH,XUYEN,1,true,
XRPUSDT,922,2026-06-23 22:00,5,BOTH,ABOVE,THROUGH,XUYEN,1,true,
XRPUSDT,923,2026-06-24 10:15,1,BELOW,BELOW,BLOCKED,CHAN,1,false,
XRPUSDT,924,2026-06-25 04:45,1,ABOVE,ABOVE,THROUGH,XUYEN,1,true,
XRPUSDT,925,2026-06-25 12:30,1,ABOVE,ABOVE,THROUGH,XUYEN,1,true,
XRPUSDT,926,2026-06-26 02:00,10,BOTH,BELOW,THROUGH,XUYEN,0,true,
XRPUSDT,927,2026-06-30 03:45,3,BELOW,BELOW,BLOCKED,CHAN,2,false,true
XRPUSDT,928,2026-07-01 01:00,5,BOTH,BELOW,THROUGH,XUYEN,0,true,
XRPUSDT,929,2026-07-02 03:15,3,BOTH,ABOVE,THROUGH,XUYEN,1,true,
XRPUSDT,931,2026-07-08 08:15,4,BELOW,BELOW,BLOCKED,CHAN,1,false,true
XRPUSDT,932,2026-07-09 01:00,17,BOTH,ABOVE,THROUGH,XUYEN,0,true,
XRPUSDT,933,2026-07-15 06:00,21,BOTH,ABOVE,BLOCKED,XUYEN,2,false,false
XRPUSDT,934,2026-07-20 05:00,1,BELOW,BELOW,BLOCKED,CHAN,2,false,
XRPUSDT,935,2026-07-20 11:30,2,BOTH,ABOVE,THROUGH,XUYEN,4,true,
XRPUSDT,937,2026-07-22 05:15,11,BOTH,BELOW,BLOCKED,XUYEN,2,false,false
XRPUSDT,938,2026-07-23 07:00,3,BELOW,BELOW,BLOCKED,CHAN,1,false,true
XRPUSDT,939,2026-07-24 07:00,6,BOTH,ABOVE,THROUGH,XUYEN,1,true,
XRPUSDT,940,2026-07-27 13:30,1,ABOVE,ABOVE,THROUGH,XUYEN,0,true,
XRPUSDT,941,2026-07-28 11:00,7,BOTH,BELOW,BLOCKED,XUYEN,2,false,false
XRPUSDT,942,2026-08-05 10:00,8,BOTH,BELOW,THROUGH,XUYEN,0,true,
XRPUSDT,943,2026-08-06 08:30,7,BOTH,ABOVE,THROUGH,XUYEN,0,true,
BNBUSDT,0,2020-12-02 09:00,33,BOTH,ABOVE,THROUGH,XUYEN,1,true,
BNBUSDT,1,2020-12-06 20:30,9,ABOVE,ABOVE,BLOCKED,XUYEN,1,false,false
BNBUSDT,2,2020-12-07 18:15,9,BOTH,BELOW,BLOCKED,XUYEN,2,false,false
BNBUSDT,4,2020-12-12 14:30,4,BELOW,BELOW,BLOCKED,XUYEN,2,false,false
BNBUSDT,5,2020-12-13 22:15,6,BOTH,BELOW,THROUGH,XUYEN,0,true,
BNBUSDT,6,2020-12-14 10:00,3,BOTH,ABOVE,THROUGH,XUYEN,1,true,
BNBUSDT,7,2020-12-20 21:30,5,BOTH,BELOW,THROUGH,XUYEN,0,true,
BNBUSDT,8,2020-12-21 17:15,16,BOTH,BELOW,THROUGH,XUYEN,2,true,
BNBUSDT,9,2020-12-24 19:30,4,BOTH,BELOW,THROUGH,XUYEN,0,true,
BNBUSDT,12,2020-12-26 04:45,18,BOTH,BELOW,THROUGH,XUYEN,1,true,
BNBUSDT,13,2020-12-31 07:00,30,BOTH,ABOVE,THROUGH,XUYEN,2,true,
BNBUSDT,14,2021-01-12 10:00,12,BOTH,BELOW,THROUGH,XUYEN,1,true,
BNBUSDT,15,2021-01-15 22:30,1,ABOVE,ABOVE,BLOCKED,CHAN,1,false,
BNBUSDT,17,2021-01-18 11:00,8,BOTH,BELOW,BLOCKED,XUYEN,1,false,false
BNBUSDT,18,2021-01-19 13:15,1,ABOVE,ABOVE,THROUGH,XUYEN,1,true,
BNBUSDT,19,2021-01-29 08:45,8,BOTH,ABOVE,THROUGH,XUYEN,3,true,
BNBUSDT,20,2021-02-06 18:00,14,BOTH,BELOW,BLOCKED,XUYEN,0,false,false
BNBUSDT,21,2021-02-09 00:45,3,BOTH,ABOVE,THROUGH,XUYEN,3,true,
BNBUSDT,22,2021-02-14 14:45,10,BOTH,BELOW,BLOCKED,XUYEN,2,false,false
BNBUSDT,23,2021-02-15 02:15,25,BOTH,BELOW,BLOCKED,XUYEN,3,false,false
BNBUSDT,24,2021-02-23 08:00,28,BOTH,BELOW,BLOCKED,XUYEN,3,false,false
BNBUSDT,26,2021-03-12 13:00,15,BOTH,BELOW,BLOCKED,XUYEN,3,false,false
BNBUSDT,27,2021-03-17 00:00,5,BOTH,BELOW,BLOCKED,XUYEN,2,false,false
BNBUSDT,29,2021-03-21 09:30,35,BOTH,BELOW,BLOCKED,XUYEN,1,false,false
BNBUSDT,30,2021-03-31 07:45,4,BELOW,BELOW,BLOCKED,CHAN,1,false,true
BNBUSDT,31,2021-03-31 21:15,3,BOTH,BELOW,THROUGH,XUYEN,3,true,
BNBUSDT,32,2021-04-01 06:30,1,ABOVE,ABOVE,BLOCKED,CHAN,2,false,
BNBUSDT,33,2021-04-02 12:00,24,BOTH,BELOW,THROUGH,XUYEN,2,true,
BNBUSDT,34,2021-04-07 15:30,8,BOTH,BELOW,THROUGH,XUYEN,4,true,
BNBUSDT,36,2021-04-14 00:00,21,BOTH,ABOVE,THROUGH,XUYEN,2,true,
BNBUSDT,38,2021-04-16 04:30,28,BOTH,BELOW,THROUGH,XUYEN,0,true,
BNBUSDT,39,2021-04-25 08:45,4,ABOVE,ABOVE,THROUGH,XUYEN,0,true,
BNBUSDT,40,2021-04-25 20:45,3,BOTH,BELOW,THROUGH,XUYEN,3,true,
BNBUSDT,41,2021-04-30 10:45,18,BOTH,BELOW,BLOCKED,XUYEN,1,false,false
BNBUSDT,42,2021-05-02 03:30,11,BOTH,BELOW,BLOCKED,XUYEN,3,false,false
BNBUSDT,43,2021-05-06 18:30,31,BOTH,BELOW,BLOCKED,XUYEN,4,false,false
BNBUSDT,44,2021-05-11 20:15,13,BOTH,BELOW,BLOCKED,XUYEN,1,false,false
BNBUSDT,46,2021-05-13 16:45,12,BOTH,BELOW,BLOCKED,CHAN,2,false,true
BNBUSDT,47,2021-05-19 11:15,1,BELOW,BELOW,BLOCKED,CHAN,2,false,
BNBUSDT,48,2021-06-01 08:00,58,BOTH,BELOW,THROUGH,XUYEN,3,true,
BNBUSDT,49,2021-06-13 20:00,26,BOTH,ABOVE,THROUGH,XUYEN,1,true,
BNBUSDT,52,2021-07-03 21:45,1,BELOW,BELOW,BLOCKED,CHAN,2,false,
BNBUSDT,53,2021-07-04 05:30,11,BOTH,ABOVE,THROUGH,XUYEN,1,true,
BNBUSDT,54,2021-07-06 04:00,4,BOTH,ABOVE,BLOCKED,XUYEN,1,false,false
BNBUSDT,55,2021-07-09 21:30,36,BOTH,ABOVE,THROUGH,XUYEN,1,true,
BNBUSDT,57,2021-07-14 18:30,10,BOTH,ABOVE,THROUGH,XUYEN,1,true,
BNBUSDT,58,2021-07-15 08:00,22,BOTH,ABOVE,BLOCKED,XUYEN,1,false,false
BNBUSDT,59,2021-07-18 14:30,6,BOTH,BELOW,THROUGH,XUYEN,2,true,
BNBUSDT,60,2021-07-18 21:45,1,ABOVE,ABOVE,THROUGH,XUYEN,3,true,
BNBUSDT,62,2021-07-24 04:00,19,BOTH,ABOVE,THROUGH,XUYEN,1,true,
BNBUSDT,63,2021-07-26 07:30,8,BOTH,BELOW,BLOCKED,XUYEN,2,false,false
BNBUSDT,64,2021-07-30 08:30,6,BOTH,BELOW,THROUGH,XUYEN,1,true,
BNBUSDT,65,2021-07-31 10:15,8,BOTH,ABOVE,THROUGH,XUYEN,1,true,
BNBUSDT,66,2021-08-03 12:00,21,BOTH,BELOW,THROUGH,XUYEN,3,true,
BNBUSDT,67,2021-08-06 19:45,9,BOTH,BELOW,THROUGH,XUYEN,2,true,
BNBUSDT,68,2021-08-09 20:30,8,BOTH,BELOW,BLOCKED,XUYEN,1,false,false
BNBUSDT,69,2021-08-11 19:45,12,BOTH,ABOVE,THROUGH,XUYEN,1,true,
BNBUSDT,70,2021-08-13 20:00,1,ABOVE,ABOVE,BLOCKED,CHAN,1,false,
BNBUSDT,71,2021-08-16 00:00,10,BOTH,ABOVE,BLOCKED,XUYEN,2,false,false
BNBUSDT,73,2021-08-23 03:45,5,BOTH,ABOVE,THROUGH,XUYEN,2,true,
BNBUSDT,74,2021-09-03 00:30,10,BOTH,BELOW,THROUGH,XUYEN,0,true,
BNBUSDT,76,2021-09-10 14:00,19,BOTH,BELOW,BLOCKED,XUYEN,2,false,false
BNBUSDT,77,2021-09-12 20:30,3,BOTH,BELOW,THROUGH,XUYEN,0,true,
BNBUSDT,78,2021-09-13 13:30,14,BOTH,ABOVE,THROUGH,XUYEN,0,true,
BNBUSDT,79,2021-09-16 03:15,12,BOTH,BELOW,THROUGH,XUYEN,0,true,
BNBUSDT,81,2021-09-20 07:30,1,BELOW,BELOW,BLOCKED,CHAN,3,false,
BNBUSDT,82,2021-09-22 18:00,8,ABOVE,ABOVE,BLOCKED,XUYEN,3,false,false
BNBUSDT,83,2021-09-26 22:45,10,BOTH,BELOW,THROUGH,XUYEN,0,true,
BNBUSDT,84,2021-09-28 19:45,6,BOTH,ABOVE,BLOCKED,XUYEN,1,false,false
BNBUSDT,88,2021-10-03 17:45,25,BOTH,ABOVE,THROUGH,XUYEN,1,true,
BNBUSDT,89,2021-10-07 07:30,11,BOTH,ABOVE,BLOCKED,XUYEN,2,false,false
BNBUSDT,91,2021-10-08 20:45,19,BOTH,BELOW,BLOCKED,XUYEN,3,false,false
BNBUSDT,92,2021-10-10 01:00,10,BOTH,BELOW,THROUGH,XUYEN,0,true,
BNBUSDT,93,2021-10-10 21:00,10,BOTH,BELOW,THROUGH,XUYEN,1,true,
BNBUSDT,94,2021-10-12 09:45,1,BELOW,BELOW,THROUGH,XUYEN,1,true,
BNBUSDT,95,2021-10-15 20:15,14,BOTH,ABOVE,THROUGH,XUYEN,2,true,
BNBUSDT,96,2021-10-16 17:00,26,BOTH,BELOW,BLOCKED,XUYEN,3,false,false
BNBUSDT,97,2021-10-25 14:00,3,ABOVE,ABOVE,BLOCKED,CHAN,2,false,true
BNBUSDT,98,2021-10-26 04:00,5,BOTH,BELOW,THROUGH,XUYEN,1,true,
BNBUSDT,99,2021-10-26 14:00,8,BOTH,BELOW,BLOCKED,XUYEN,1,false,false
BNBUSDT,101,2021-11-04 05:00,10,BOTH,ABOVE,THROUGH,XUYEN,1,true,
BNBUSDT,102,2021-11-07 22:45,14,BOTH,BELOW,BLOCKED,XUYEN,2,false,false
BNBUSDT,103,2021-11-10 00:00,7,BOTH,BELOW,THROUGH,XUYEN,1,true,
BNBUSDT,106,2021-11-16 00:00,2,BELOW,BELOW,BLOCKED,CHAN,1,false,true
BNBUSDT,108,2021-11-20 15:00,21,BOTH,BELOW,THROUGH,XUYEN,1,true,
BNBUSDT,109,2021-11-23 09:30,1,ABOVE,ABOVE,BLOCKED,CHAN,2,false,
BNBUSDT,110,2021-11-25 21:30,10,BOTH,BELOW,THROUGH,XUYEN,2,true,
BNBUSDT,111,2021-12-02 03:00,18,BOTH,BELOW,THROUGH,XUYEN,2,true,
BNBUSDT,113,2021-12-06 08:00,1,ABOVE,ABOVE,BLOCKED,CHAN,1,false,
BNBUSDT,114,2021-12-10 13:30,1,ABOVE,ABOVE,THROUGH,XUYEN,0,true,
BNBUSDT,115,2021-12-21 08:00,16,BOTH,ABOVE,THROUGH,XUYEN,1,true,
BNBUSDT,116,2021-12-24 22:45,30,BOTH,BELOW,THROUGH,XUYEN,3,true,
BNBUSDT,117,2021-12-31 01:00,29,BOTH,BELOW,BLOCKED,XUYEN,1,false,false
BNBUSDT,118,2022-01-07 13:30,25,BOTH,BELOW,THROUGH,XUYEN,3,true,
BNBUSDT,120,2022-01-15 19:45,1,BELOW,BELOW,BLOCKED,CHAN,1,false,
BNBUSDT,121,2022-01-16 05:15,4,ABOVE,ABOVE,BLOCKED,XUYEN,2,false,false
BNBUSDT,122,2022-01-18 05:45,7,BOTH,BELOW,THROUGH,XUYEN,3,true,
BNBUSDT,124,2022-01-20 06:00,2,BOTH,ABOVE,THROUGH,XUYEN,0,true,
BNBUSDT,125,2022-01-20 10:45,7,BOTH,BELOW,THROUGH,XUYEN,1,true,
BNBUSDT,126,2022-01-23 05:00,13,BOTH,BELOW,THROUGH,XUYEN,1,true,
BNBUSDT,127,2022-01-24 06:15,20,BOTH,ABOVE,THROUGH,XUYEN,0,true,
BNBUSDT,128,2022-01-28 04:00,24,BOTH,ABOVE,THROUGH,XUYEN,2,true,
BNBUSDT,129,2022-02-02 14:30,1,BELOW,BELOW,THROUGH,XUYEN,1,true,
BNBUSDT,131,2022-02-09 12:30,16,BOTH,ABOVE,BLOCKED,XUYEN,2,false,false
BNBUSDT,132,2022-02-11 18:30,2,BELOW,BELOW,THROUGH,XUYEN,1,true,
BNBUSDT,133,2022-02-15 09:00,7,BOTH,BELOW,BLOCKED,XUYEN,2,false,false
BNBUSDT,134,2022-02-15 18:00,12,BOTH,BELOW,BLOCKED,XUYEN,2,false,false
BNBUSDT,135,2022-02-22 03:00,5,BELOW,BELOW,BLOCKED,XUYEN,1,false,false
BNBUSDT,136,2022-02-23 02:00,29,BOTH,ABOVE,BLOCKED,XUYEN,0,false,false
BNBUSDT,137,2022-03-01 18:30,14,BOTH,ABOVE,BLOCKED,XUYEN,1,false,false
BNBUSDT,138,2022-03-10 13:30,19,BOTH,BELOW,BLOCKED,XUYEN,2,false,false
BNBUSDT,139,2022-03-12 05:00,13,BOTH,BELOW,BLOCKED,XUYEN,3,false,false
BNBUSDT,140,2022-03-13 22:45,24,BOTH,BELOW,BLOCKED,XUYEN,1,false,false
BNBUSDT,141,2022-03-16 18:00,2,BELOW,BELOW,THROUGH,XUYEN,1,true,
BNBUSDT,142,2022-03-17 12:00,3,BOTH,ABOVE,THROUGH,XUYEN,1,true,
BNBUSDT,143,2022-03-18 19:45,38,BOTH,ABOVE,THROUGH,XUYEN,3,true,
BNBUSDT,145,2022-03-22 19:45,13,BOTH,BELOW,THROUGH,XUYEN,2,true,
BNBUSDT,147,2022-03-25 15:00,1,BELOW,BELOW,BLOCKED,CHAN,1,false,
BNBUSDT,149,2022-03-30 21:00,17,BOTH,BELOW,THROUGH,XUYEN,1,true,
BNBUSDT,150,2022-04-02 12:00,29,BOTH,BELOW,THROUGH,XUYEN,1,true,
BNBUSDT,151,2022-04-06 13:00,17,BOTH,ABOVE,THROUGH,XUYEN,0,true,
BNBUSDT,152,2022-04-13 18:45,17,BOTH,ABOVE,BLOCKED,XUYEN,3,false,false
BNBUSDT,153,2022-04-17 11:30,7,BOTH,ABOVE,BLOCKED,XUYEN,1,false,false
BNBUSDT,154,2022-04-17 22:00,3,BOTH,ABOVE,THROUGH,XUYEN,1,true,
BNBUSDT,155,2022-04-19 06:45,1,ABOVE,ABOVE,BLOCKED,CHAN,1,false,
BNBUSDT,157,2022-04-21 09:30,3,BOTH,BELOW,THROUGH,XUYEN,3,true,
BNBUSDT,158,2022-04-22 22:00,2,BELOW,BELOW,BLOCKED,CHAN,3,false,true
BNBUSDT,159,2022-04-23 02:00,11,BOTH,BELOW,BLOCKED,XUYEN,1,false,false
BNBUSDT,160,2022-04-23 23:30,5,BOTH,BELOW,THROUGH,XUYEN,1,true,
BNBUSDT,161,2022-04-25 13:30,1,ABOVE,ABOVE,BLOCKED,CHAN,2,false,
BNBUSDT,162,2022-04-25 18:45,12,BOTH,ABOVE,BLOCKED,XUYEN,3,false,false
BNBUSDT,163,2022-04-30 03:00,1,ABOVE,ABOVE,THROUGH,XUYEN,1,true,
BNBUSDT,164,2022-04-30 22:00,34,BOTH,BELOW,THROUGH,XUYEN,1,true,
BNBUSDT,165,2022-05-03 13:30,7,BELOW,BELOW,THROUGH,XUYEN,2,true,
BNBUSDT,166,2022-05-05 00:00,5,BOTH,ABOVE,BLOCKED,XUYEN,2,false,false
BNBUSDT,167,2022-05-05 10:15,1,ABOVE,ABOVE,THROUGH,XUYEN,1,true,
BNBUSDT,168,2022-05-06 13:30,1,BELOW,BELOW,THROUGH,XUYEN,2,true,
BNBUSDT,169,2022-05-06 22:00,7,BOTH,BELOW,THROUGH,XUYEN,2,true,
BNBUSDT,170,2022-05-07 18:15,2,BOTH,ABOVE,THROUGH,XUYEN,3,true,
BNBUSDT,172,2022-05-08 17:00,3,BOTH,BELOW,THROUGH,XUYEN,2,true,
BNBUSDT,173,2022-05-08 22:00,2,BELOW,BELOW,BLOCKED,CHAN,5,false,true
BNBUSDT,174,2022-05-11 12:30,19,BOTH,BELOW,BLOCKED,XUYEN,3,false,false
BNBUSDT,175,2022-05-16 06:00,27,BOTH,BELOW,BLOCKED,XUYEN,1,false,false
BNBUSDT,176,2022-05-18 20:30,9,BOTH,BELOW,BLOCKED,XUYEN,3,false,false
BNBUSDT,177,2022-05-20 11:00,7,BOTH,ABOVE,BLOCKED,XUYEN,2,false,false
BNBUSDT,178,2022-05-22 03:00,5,BOTH,ABOVE,BLOCKED,XUYEN,1,false,false
BNBUSDT,179,2022-05-22 09:30,8,BOTH,ABOVE,BLOCKED,XUYEN,2,false,false
BNBUSDT,180,2022-05-22 22:00,1,ABOVE,ABOVE,BLOCKED,CHAN,1,false,
BNBUSDT,181,2022-05-23 18:45,8,BOTH,BELOW,THROUGH,XUYEN,1,true,
BNBUSDT,182,2022-05-25 18:00,8,BOTH,ABOVE,BLOCKED,XUYEN,1,false,false
BNBUSDT,184,2022-06-11 04:00,4,BOTH,ABOVE,THROUGH,XUYEN,0,true,
BNBUSDT,186,2022-06-12 14:15,3,BOTH,ABOVE,THROUGH,XUYEN,2,true,
BNBUSDT,188,2022-06-19 15:30,9,BOTH,ABOVE,BLOCKED,XUYEN,2,false,false
BNBUSDT,189,2022-06-22 06:15,15,BOTH,BELOW,THROUGH,XUYEN,2,true,
BNBUSDT,190,2022-06-26 11:30,12,BOTH,ABOVE,THROUGH,XUYEN,1,true,
BNBUSDT,192,2022-06-27 18:00,16,BOTH,ABOVE,BLOCKED,XUYEN,1,false,false
BNBUSDT,195,2022-06-30 23:45,4,ABOVE,ABOVE,BLOCKED,CHAN,2,false,true
BNBUSDT,196,2022-07-03 04:45,12,BOTH,BELOW,BLOCKED,XUYEN,0,false,false
BNBUSDT,197,2022-07-04 15:00,2,ABOVE,ABOVE,BLOCKED,CHAN,1,false,true
BNBUSDT,198,2022-07-06 22:00,12,BOTH,ABOVE,BLOCKED,XUYEN,3,false,false
BNBUSDT,199,2022-07-09 05:00,2,ABOVE,ABOVE,BLOCKED,CHAN,3,false,true
BNBUSDT,200,2022-07-09 11:45,4,BOTH,BELOW,THROUGH,XUYEN,1,true,
BNBUSDT,202,2022-07-11 13:30,9,BOTH,BELOW,THROUGH,XUYEN,2,true,
BNBUSDT,203,2022-07-22 19:30,8,BOTH,BELOW,THROUGH,XUYEN,1,true,
BNBUSDT,204,2022-07-25 19:00,1,BELOW,BELOW,BLOCKED,CHAN,2,false,
BNBUSDT,205,2022-07-26 11:45,7,BOTH,BELOW,THROUGH,XUYEN,0,true,
BNBUSDT,208,2022-07-31 18:00,1,ABOVE,ABOVE,THROUGH,XUYEN,0,true,
BNBUSDT,209,2022-08-02 23:00,3,BOTH,BELOW,THROUGH,XUYEN,1,true,
BNBUSDT,210,2022-08-06 13:00,7,BOTH,ABOVE,BLOCKED,XUYEN,1,false,false
BNBUSDT,211,2022-08-07 20:45,43,BOTH,BELOW,THROUGH,XUYEN,1,true,
BNBUSDT,212,2022-08-13 23:00,3,BOTH,BELOW,THROUGH,XUYEN,3,true,
BNBUSDT,215,2022-08-17 18:00,12,BOTH,ABOVE,BLOCKED,XUYEN,0,false,false
BNBUSDT,217,2022-08-19 10:45,18,BOTH,BELOW,BLOCKED,XUYEN,2,false,false
BNBUSDT,218,2022-08-21 20:45,43,BOTH,ABOVE,THROUGH,XUYEN,1,true,
BNBUSDT,219,2022-08-25 15:15,1,BELOW,BELOW,BLOCKED,CHAN,1,false,
BNBUSDT,220,2022-08-26 00:00,1,BELOW,BELOW,BLOCKED,CHAN,1,false,
BNBUSDT,221,2022-08-26 11:00,2,BOTH,BELOW,THROUGH,XUYEN,0,true,
BNBUSDT,222,2022-08-26 22:30,2,BELOW,BELOW,BLOCKED,CHAN,1,false,true
BNBUSDT,223,2022-08-27 21:45,13,BOTH,BELOW,THROUGH,XUYEN,2,true,
BNBUSDT,224,2022-08-29 03:15,7,BOTH,ABOVE,THROUGH,XUYEN,3,true,
BNBUSDT,225,2022-08-30 19:00,11,BOTH,ABOVE,BLOCKED,XUYEN,2,false,false
BNBUSDT,226,2022-09-01 19:00,1,ABOVE,ABOVE,BLOCKED,CHAN,2,false,
BNBUSDT,227,2022-09-02 03:00,24,BOTH,ABOVE,BLOCKED,XUYEN,1,false,false
BNBUSDT,228,2022-09-04 01:00,18,BOTH,ABOVE,THROUGH,XUYEN,2,true,
BNBUSDT,229,2022-09-05 00:00,9,BOTH,ABOVE,THROUGH,XUYEN,1,true,
BNBUSDT,230,2022-09-06 17:00,19,BOTH,BELOW,BLOCKED,XUYEN,1,false,false
BNBUSDT,231,2022-09-09 21:30,2,ABOVE,ABOVE,THROUGH,XUYEN,2,true,
BNBUSDT,232,2022-09-10 21:45,9,BOTH,ABOVE,BLOCKED,XUYEN,1,false,false
BNBUSDT,233,2022-09-11 21:45,8,BOTH,BELOW,THROUGH,XUYEN,1,true,
BNBUSDT,234,2022-09-13 06:30,4,BOTH,BELOW,THROUGH,XUYEN,0,true,
BNBUSDT,235,2022-09-14 13:30,8,BOTH,ABOVE,THROUGH,XUYEN,2,true,
BNBUSDT,236,2022-09-19 02:15,39,BOTH,BELOW,THROUGH,XUYEN,1,true,
BNBUSDT,238,2022-09-30 07:45,25,BOTH,ABOVE,THROUGH,XUYEN,1,true,
BNBUSDT,242,2022-10-12 12:30,2,BELOW,BELOW,BLOCKED,CHAN,2,false,true
BNBUSDT,243,2022-10-12 17:30,48,BOTH,BELOW,THROUGH,XUYEN,2,true,
BNBUSDT,244,2022-10-21 12:00,2,BOTH,BELOW,THROUGH,XUYEN,2,true,
BNBUSDT,245,2022-10-22 06:45,7,BOTH,ABOVE,THROUGH,XUYEN,1,true,
BNBUSDT,246,2022-10-23 11:00,3,BOTH,BELOW,THROUGH,XUYEN,3,true,
BNBUSDT,247,2022-10-23 21:45,27,BOTH,ABOVE,THROUGH,XUYEN,2,true,
BNBUSDT,248,2022-10-25 23:45,10,BOTH,BELOW,THROUGH,XUYEN,2,true,
BNBUSDT,249,2022-10-26 20:00,12,BOTH,ABOVE,THROUGH,XUYEN,3,true,
BNBUSDT,251,2022-11-06 23:00,1,BELOW,BELOW,BLOCKED,CHAN,2,false,
BNBUSDT,252,2022-11-08 16:00,6,BOTH,ABOVE,THROUGH,XUYEN,1,true,
BNBUSDT,253,2022-11-10 13:30,3,ABOVE,ABOVE,BLOCKED,XUYEN,2,false,false
BNBUSDT,254,2022-11-12 06:45,21,BOTH,ABOVE,BLOCKED,XUYEN,2,false,false
BNBUSDT,258,2022-11-24 14:15,18,BOTH,BELOW,THROUGH,XUYEN,3,true,
BNBUSDT,259,2022-11-26 22:30,13,BOTH,BELOW,THROUGH,XUYEN,1,true,
BNBUSDT,261,2022-11-29 00:00,1,BELOW,BELOW,THROUGH,XUYEN,0,true,
BNBUSDT,262,2022-11-30 17:15,13,BOTH,BELOW,THROUGH,XUYEN,1,true,
BNBUSDT,263,2022-12-02 22:15,27,BOTH,ABOVE,THROUGH,XUYEN,1,true,
BNBUSDT,264,2022-12-07 07:00,1,BELOW,BELOW,BLOCKED,CHAN,1,false,
BNBUSDT,265,2022-12-08 18:30,14,BOTH,ABOVE,BLOCKED,CHAN,3,false,true
BNBUSDT,267,2022-12-11 13:00,2,BOTH,BELOW,THROUGH,XUYEN,1,true,
BNBUSDT,273,2022-12-16 07:00,1,ABOVE,ABOVE,THROUGH,XUYEN,0,true,
BNBUSDT,274,2022-12-16 22:30,5,BELOW,BELOW,BLOCKED,XUYEN,2,false,false
BNBUSDT,275,2022-12-18 18:00,9,ABOVE,ABOVE,BLOCKED,CHAN,2,false,true
BNBUSDT,276,2022-12-19 13:00,4,BOTH,ABOVE,THROUGH,XUYEN,1,true,
BNBUSDT,277,2022-12-19 22:30,4,BOTH,BELOW,THROUGH,XUYEN,2,true,
BNBUSDT,278,2022-12-20 23:00,2,BOTH,ABOVE,THROUGH,XUYEN,2,true,
BNBUSDT,279,2022-12-21 19:45,9,BOTH,BELOW,BLOCKED,XUYEN,3,false,false
BNBUSDT,281,2022-12-23 02:45,23,BOTH,ABOVE,BLOCKED,XUYEN,1,false,false
BNBUSDT,282,2022-12-24 11:15,21,BOTH,BELOW,BLOCKED,XUYEN,1,false,false
BNBUSDT,283,2022-12-27 14:30,20,BOTH,BELOW,THROUGH,XUYEN,2,true,
BNBUSDT,284,2022-12-29 09:15,12,BOTH,ABOVE,BLOCKED,XUYEN,1,false,false
BNBUSDT,285,2022-12-30 21:00,3,ABOVE,ABOVE,BLOCKED,CHAN,3,false,true
BNBUSDT,286,2022-12-31 13:15,7,BOTH,ABOVE,BLOCKED,XUYEN,3,false,false
BNBUSDT,287,2023-01-02 01:00,4,BOTH,BELOW,THROUGH,XUYEN,0,true,
BNBUSDT,290,2023-01-07 12:00,17,BOTH,BELOW,THROUGH,XUYEN,1,true,
BNBUSDT,291,2023-01-09 20:00,16,BOTH,BELOW,BLOCKED,XUYEN,1,false,false
BNBUSDT,292,2023-01-13 03:00,12,BOTH,ABOVE,BLOCKED,XUYEN,0,false,false
BNBUSDT,293,2023-01-14 14:30,8,BOTH,BELOW,BLOCKED,XUYEN,2,false,false
BNBUSDT,295,2023-01-16 12:00,21,BOTH,BELOW,BLOCKED,XUYEN,3,false,false
BNBUSDT,296,2023-01-21 00:00,47,BOTH,BELOW,BLOCKED,XUYEN,0,false,false
BNBUSDT,297,2023-01-24 00:00,2,ABOVE,ABOVE,BLOCKED,CHAN,3,false,true
BNBUSDT,299,2023-01-24 09:00,2,BELOW,BELOW,BLOCKED,CHAN,3,false,true
BNBUSDT,301,2023-01-25 20:00,8,BOTH,ABOVE,BLOCKED,XUYEN,1,false,false
BNBUSDT,302,2023-01-27 20:00,8,BOTH,BELOW,THROUGH,XUYEN,2,true,
BNBUSDT,303,2023-01-28 05:45,2,BOTH,ABOVE,THROUGH,XUYEN,1,true,
BNBUSDT,304,2023-01-28 20:30,8,BOTH,BELOW,THROUGH,XUYEN,1,true,
BNBUSDT,305,2023-01-30 19:00,4,BOTH,BELOW,THROUGH,XUYEN,1,true,
BNBUSDT,306,2023-01-31 21:15,6,BOTH,BELOW,THROUGH,XUYEN,0,true,
BNBUSDT,307,2023-02-05 08:30,2,ABOVE,ABOVE,THROUGH,XUYEN,1,true,
BNBUSDT,309,2023-02-06 05:15,6,BOTH,BELOW,THROUGH,XUYEN,2,true,
BNBUSDT,310,2023-02-06 23:00,18,BOTH,BELOW,THROUGH,XUYEN,1,true,
BNBUSDT,311,2023-02-11 21:45,15,BOTH,ABOVE,THROUGH,XUYEN,0,true,
BNBUSDT,313,2023-02-20 19:00,7,BOTH,ABOVE,BLOCKED,XUYEN,0,false,false
BNBUSDT,314,2023-02-21 13:45,7,BOTH,BELOW,THROUGH,XUYEN,1,true,
BNBUSDT,315,2023-02-22 19:00,2,ABOVE,ABOVE,BLOCKED,CHAN,3,false,true
BNBUSDT,316,2023-02-23 11:15,3,BELOW,BELOW,BLOCKED,CHAN,1,false,true
BNBUSDT,317,2023-02-25 09:15,28,BOTH,BELOW,BLOCKED,XUYEN,2,false,false
BNBUSDT,318,2023-03-01 08:45,4,BOTH,ABOVE,THROUGH,XUYEN,2,true,
BNBUSDT,319,2023-03-01 19:45,4,BOTH,BELOW,BLOCKED,XUYEN,2,false,false
BNBUSDT,321,2023-03-04 05:30,23,BOTH,BELOW,THROUGH,XUYEN,2,true,
BNBUSDT,322,2023-03-07 15:00,15,BOTH,BELOW,THROUGH,XUYEN,1,true,
BNBUSDT,325,2023-03-14 12:30,14,BOTH,ABOVE,BLOCKED,XUYEN,1,false,false
BNBUSDT,327,2023-03-19 15:00,12,BOTH,BELOW,THROUGH,XUYEN,0,true,
BNBUSDT,328,2023-03-23 18:45,5,BOTH,BELOW,THROUGH,XUYEN,0,true,
BNBUSDT,329,2023-03-25 18:30,4,BOTH,BELOW,BLOCKED,XUYEN,1,false,false
BNBUSDT,330,2023-03-26 19:45,8,BOTH,ABOVE,THROUGH,XUYEN,2,true,
BNBUSDT,332,2023-03-27 22:30,5,BOTH,ABOVE,BLOCKED,XUYEN,2,false,false
BNBUSDT,333,2023-03-28 18:45,3,ABOVE,ABOVE,BLOCKED,CHAN,3,false,true
BNBUSDT,334,2023-03-30 07:45,4,ABOVE,ABOVE,BLOCKED,CHAN,2,false,true
BNBUSDT,335,2023-03-31 05:45,13,BOTH,BELOW,BLOCKED,XUYEN,2,false,false
BNBUSDT,336,2023-04-01 02:00,1,ABOVE,ABOVE,THROUGH,XUYEN,2,true,
BNBUSDT,337,2023-04-02 15:00,2,BELOW,BELOW,BLOCKED,CHAN,3,false,true
BNBUSDT,338,2023-04-02 19:30,5,BOTH,BELOW,THROUGH,XUYEN,3,true,
BNBUSDT,339,2023-04-03 01:30,5,BELOW,BELOW,BLOCKED,CHAN,2,false,true
BNBUSDT,340,2023-04-03 20:00,9,BOTH,BELOW,BLOCKED,XUYEN,1,false,false
BNBUSDT,341,2023-04-05 19:15,3,ABOVE,ABOVE,THROUGH,XUYEN,1,true,
BNBUSDT,342,2023-04-06 03:15,1,ABOVE,ABOVE,BLOCKED,CHAN,2,false,
BNBUSDT,343,2023-04-06 07:45,2,BELOW,BELOW,BLOCKED,CHAN,2,false,true
BNBUSDT,344,2023-04-07 02:30,18,BOTH,BELOW,THROUGH,XUYEN,3,true,
BNBUSDT,345,2023-04-09 06:00,2,BELOW,BELOW,BLOCKED,CHAN,1,false,true
BNBUSDT,348,2023-04-12 12:30,5,ABOVE,ABOVE,BLOCKED,CHAN,0,false,true
BNBUSDT,350,2023-04-14 12:45,17,BOTH,BELOW,BLOCKED,XUYEN,1,false,false
BNBUSDT,351,2023-04-17 09:15,8,BOTH,BELOW,THROUGH,XUYEN,1,true,
BNBUSDT,353,2023-04-21 07:45,5,ABOVE,ABOVE,BLOCKED,CHAN,2,false,true
BNBUSDT,354,2023-04-24 00:45,16,BOTH,ABOVE,THROUGH,XUYEN,1,true,
BNBUSDT,357,2023-04-27 12:30,5,BOTH,BELOW,BLOCKED,XUYEN,2,false,false
BNBUSDT,358,2023-04-29 17:30,3,BOTH,BELOW,BLOCKED,XUYEN,2,false,false
BNBUSDT,361,2023-05-03 00:00,10,BOTH,ABOVE,BLOCKED,XUYEN,2,false,false
BNBUSDT,362,2023-05-05 01:30,4,ABOVE,ABOVE,BLOCKED,CHAN,1,false,true
BNBUSDT,363,2023-05-05 12:30,2,BELOW,BELOW,THROUGH,XUYEN,2,true,
BNBUSDT,364,2023-05-05 20:00,5,BELOW,BELOW,BLOCKED,XUYEN,2,false,false
BNBUSDT,365,2023-05-06 14:00,17,BOTH,BELOW,THROUGH,XUYEN,3,true,
BNBUSDT,367,2023-05-08 07:45,11,BOTH,BELOW,BLOCKED,XUYEN,2,false,false
BNBUSDT,369,2023-05-22 13:30,11,BOTH,ABOVE,THROUGH,XUYEN,1,true,
BNBUSDT,371,2023-05-25 12:00,4,BOTH,ABOVE,THROUGH,XUYEN,2,true,
BNBUSDT,372,2023-05-25 19:00,3,ABOVE,ABOVE,BLOCKED,XUYEN,1,false,false
BNBUSDT,374,2023-05-29 11:45,4,BOTH,ABOVE,THROUGH,XUYEN,1,true,
BNBUSDT,375,2023-06-01 16:45,5,BOTH,ABOVE,BLOCKED,XUYEN,3,false,false
BNBUSDT,376,2023-06-02 12:30,9,BOTH,BELOW,BLOCKED,XUYEN,2,false,false
BNBUSDT,377,2023-06-03 04:00,17,BOTH,BELOW,THROUGH,XUYEN,2,true,
BNBUSDT,380,2023-06-06 02:00,12,BOTH,BELOW,BLOCKED,XUYEN,0,false,false
BNBUSDT,381,2023-06-07 09:45,1,BELOW,BELOW,BLOCKED,CHAN,3,false,
BNBUSDT,382,2023-06-08 11:30,16,BOTH,ABOVE,THROUGH,XUYEN,3,true,
BNBUSDT,383,2023-06-11 13:45,14,BOTH,BELOW,THROUGH,XUYEN,2,true,
BNBUSDT,384,2023-06-13 11:45,5,ABOVE,ABOVE,THROUGH,XUYEN,1,true,
BNBUSDT,385,2023-06-13 20:30,9,BOTH,ABOVE,THROUGH,XUYEN,2,true,
BNBUSDT,386,2023-06-15 18:45,5,ABOVE,ABOVE,BLOCKED,XUYEN,3,false,false
BNBUSDT,387,2023-06-18 20:00,5,BOTH,BELOW,THROUGH,XUYEN,1,true,
BNBUSDT,389,2023-06-23 19:30,11,BOTH,ABOVE,THROUGH,XUYEN,3,true,
BNBUSDT,390,2023-06-28 07:30,17,BOTH,BELOW,BLOCKED,XUYEN,2,false,false
BNBUSDT,391,2023-06-30 13:30,6,BOTH,BELOW,BLOCKED,XUYEN,2,false,false
BNBUSDT,392,2023-07-01 21:15,4,ABOVE,ABOVE,BLOCKED,XUYEN,2,false,false
BNBUSDT,393,2023-07-02 13:30,9,BOTH,BELOW,THROUGH,XUYEN,2,true,
BNBUSDT,394,2023-07-03 10:00,8,BOTH,ABOVE,THROUGH,XUYEN,1,true,
BNBUSDT,395,2023-07-04 03:00,6,BELOW,BELOW,BLOCKED,CHAN,1,false,true
BNBUSDT,397,2023-07-05 23:00,5,BOTH,BELOW,THROUGH,XUYEN,1,true,
BNBUSDT,398,2023-07-06 08:30,3,ABOVE,ABOVE,THROUGH,XUYEN,2,true,
BNBUSDT,400,2023-07-07 12:30,1,ABOVE,ABOVE,BLOCKED,CHAN,2,false,
BNBUSDT,401,2023-07-08 19:15,8,BOTH,BELOW,THROUGH,XUYEN,2,true,
BNBUSDT,402,2023-07-09 14:00,10,BELOW,BELOW,BLOCKED,CHAN,2,false,true
BNBUSDT,403,2023-07-10 00:00,3,BOTH,BELOW,THROUGH,XUYEN,1,true,
BNBUSDT,405,2023-07-13 15:15,4,BOTH,ABOVE,THROUGH,XUYEN,1,true,
BNBUSDT,408,2023-07-22 18:00,3,BOTH,BELOW,THROUGH,XUYEN,1,true,
BNBUSDT,409,2023-07-22 23:15,9,BOTH,BELOW,THROUGH,XUYEN,1,true,
BNBUSDT,411,2023-07-24 15:00,20,BOTH,BELOW,BLOCKED,XUYEN,2,false,false
BNBUSDT,412,2023-07-27 05:00,19,BOTH,ABOVE,BLOCKED,XUYEN,1,false,false
BNBUSDT,414,2023-07-30 14:45,1,ABOVE,ABOVE,BLOCKED,CHAN,2,false,
BNBUSDT,416,2023-07-31 00:30,5,BOTH,ABOVE,THROUGH,XUYEN,1,true,
BNBUSDT,417,2023-08-01 02:00,2,BELOW,BELOW,BLOCKED,CHAN,1,false,true
BNBUSDT,419,2023-08-01 15:30,2,ABOVE,ABOVE,BLOCKED,CHAN,2,false,true
BNBUSDT,422,2023-08-03 22:00,6,BOTH,BELOW,THROUGH,XUYEN,1,true,
BNBUSDT,423,2023-08-04 12:30,8,BOTH,ABOVE,BLOCKED,XUYEN,2,false,false
BNBUSDT,424,2023-08-05 06:30,11,BOTH,ABOVE,BLOCKED,XUYEN,3,false,false
BNBUSDT,425,2023-08-08 06:30,2,ABOVE,ABOVE,BLOCKED,CHAN,3,false,true
BNBUSDT,426,2023-08-09 10:30,3,BOTH,BELOW,THROUGH,XUYEN,1,true,
BNBUSDT,427,2023-08-10 12:30,4,BOTH,ABOVE,THROUGH,XUYEN,2,true,
BNBUSDT,430,2023-08-12 11:30,30,BOTH,BELOW,THROUGH,XUYEN,1,true,
BNBUSDT,435,2023-08-19 07:00,5,BOTH,BELOW,THROUGH,XUYEN,1,true,
BNBUSDT,436,2023-08-19 15:00,7,ABOVE,ABOVE,BLOCKED,XUYEN,1,false,false
BNBUSDT,437,2023-08-21 21:00,6,BOTH,ABOVE,THROUGH,XUYEN,3,true,
BNBUSDT,438,2023-08-27 14:00,5,ABOVE,ABOVE,BLOCKED,CHAN,1,false,true
BNBUSDT,439,2023-08-28 05:30,15,BOTH,BELOW,BLOCKED,XUYEN,4,false,false
BNBUSDT,442,2023-09-02 01:15,57,BOTH,ABOVE,BLOCKED,XUYEN,2,false,false
BNBUSDT,443,2023-09-07 11:15,6,BOTH,BELOW,THROUGH,XUYEN,3,true,
BNBUSDT,446,2023-09-10 04:15,2,BELOW,BELOW,BLOCKED,CHAN,2,false,true
BNBUSDT,448,2023-09-11 19:15,6,BOTH,BELOW,THROUGH,XUYEN,2,true,
BNBUSDT,449,2023-09-13 07:30,2,ABOVE,ABOVE,THROUGH,XUYEN,0,true,
BNBUSDT,451,2023-09-17 20:30,3,BOTH,BELOW,BLOCKED,XUYEN,1,false,false
BNBUSDT,452,2023-09-18 09:00,24,BOTH,ABOVE,THROUGH,XUYEN,2,true,
BNBUSDT,453,2023-09-20 19:15,1,BELOW,BELOW,BLOCKED,CHAN,4,false,
BNBUSDT,456,2023-09-29 07:30,15,BOTH,ABOVE,THROUGH,XUYEN,2,true,
BNBUSDT,457,2023-10-01 22:15,9,BOTH,ABOVE,THROUGH,XUYEN,1,true,
BNBUSDT,459,2023-10-04 12:30,6,BOTH,ABOVE,THROUGH,XUYEN,3,true,
BNBUSDT,460,2023-10-04 19:00,16,BOTH,ABOVE,BLOCKED,XUYEN,3,false,false
BNBUSDT,461,2023-10-06 12:30,3,BOTH,BELOW,THROUGH,XUYEN,2,true,
BNBUSDT,462,2023-10-06 21:30,8,BOTH,ABOVE,BLOCKED,XUYEN,3,false,false
BNBUSDT,463,2023-10-08 10:45,10,BOTH,BELOW,THROUGH,XUYEN,1,true,
BNBUSDT,464,2023-10-09 23:15,2,BOTH,BELOW,THROUGH,XUYEN,1,true,
BNBUSDT,466,2023-10-10 09:45,10,BOTH,ABOVE,THROUGH,XUYEN,2,true,
BNBUSDT,467,2023-10-11 12:30,2,BELOW,BELOW,BLOCKED,CHAN,1,false,true
BNBUSDT,468,2023-10-12 16:15,16,BOTH,BELOW,BLOCKED,XUYEN,1,false,false
BNBUSDT,469,2023-10-13 20:45,5,ABOVE,ABOVE,BLOCKED,CHAN,2,false,true
BNBUSDT,470,2023-10-15 00:00,3,ABOVE,ABOVE,BLOCKED,CHAN,1,false,true
BNBUSDT,471,2023-10-15 20:30,3,ABOVE,ABOVE,BLOCKED,CHAN,1,false,true
BNBUSDT,473,2023-10-16 13:15,41,BOTH,ABOVE,THROUGH,XUYEN,1,true,
BNBUSDT,475,2023-10-27 14:00,1,BELOW,BELOW,BLOCKED,CHAN,2,false,
BNBUSDT,476,2023-10-28 10:00,18,BOTH,ABOVE,THROUGH,XUYEN,0,true,
BNBUSDT,477,2023-10-30 17:00,30,BOTH,BELOW,BLOCKED,XUYEN,1,false,false
BNBUSDT,478,2023-11-04 13:30,3,ABOVE,ABOVE,THROUGH,XUYEN,3,true,
BNBUSDT,479,2023-11-05 13:45,15,BOTH,BELOW,BLOCKED,XUYEN,0,false,false
BNBUSDT,480,2023-11-06 13:00,70,BOTH,ABOVE,BLOCKED,XUYEN,1,false,false
BNBUSDT,481,2023-11-19 13:30,4,BOTH,BELOW,THROUGH,XUYEN,3,true,
BNBUSDT,482,2023-11-20 17:15,1,BELOW,BELOW,THROUGH,XUYEN,0,true,
BNBUSDT,483,2023-11-21 15:00,3,BOTH,BELOW,THROUGH,XUYEN,0,true,
BNBUSDT,484,2023-11-26 14:15,2,BELOW,BELOW,BLOCKED,CHAN,2,false,true
BNBUSDT,485,2023-11-26 23:00,1,BELOW,BELOW,THROUGH,XUYEN,0,true,
BNBUSDT,486,2023-11-27 15:45,10,BOTH,BELOW,THROUGH,XUYEN,3,true,
BNBUSDT,487,2023-11-30 03:00,19,BOTH,ABOVE,BLOCKED,XUYEN,2,false,false
BNBUSDT,488,2023-12-02 10:15,10,BOTH,BELOW,THROUGH,XUYEN,1,true,
BNBUSDT,489,2023-12-03 12:30,12,BOTH,BELOW,BLOCKED,XUYEN,2,false,false
BNBUSDT,490,2023-12-06 21:15,11,BOTH,ABOVE,THROUGH,XUYEN,0,true,
BNBUSDT,491,2023-12-08 11:15,5,ABOVE,ABOVE,THROUGH,XUYEN,2,true,
BNBUSDT,492,2023-12-09 06:00,3,ABOVE,ABOVE,THROUGH,XUYEN,2,true,
BNBUSDT,495,2023-12-11 12:00,2,ABOVE,ABOVE,BLOCKED,CHAN,2,false,true
BNBUSDT,496,2023-12-14 09:30,14,BOTH,ABOVE,THROUGH,XUYEN,1,true,
BNBUSDT,498,2023-12-20 20:00,4,BOTH,BELOW,THROUGH,XUYEN,1,true,
BNBUSDT,499,2023-12-22 05:00,11,BOTH,ABOVE,THROUGH,XUYEN,0,true,
BNBUSDT,500,2023-12-26 17:30,5,BELOW,BELOW,BLOCKED,XUYEN,1,false,false
BNBUSDT,501,2023-12-29 22:15,2,BOTH,BELOW,THROUGH,XUYEN,2,true,
BNBUSDT,503,2023-12-31 20:30,9,BOTH,BELOW,BLOCKED,XUYEN,1,false,false
BNBUSDT,504,2024-01-03 09:30,15,BOTH,ABOVE,THROUGH,XUYEN,0,true,
BNBUSDT,505,2024-01-04 20:30,3,ABOVE,ABOVE,BLOCKED,CHAN,5,false,true
BNBUSDT,508,2024-01-09 12:45,10,BOTH,BELOW,BLOCKED,XUYEN,1,false,false
BNBUSDT,509,2024-01-14 05:15,4,BOTH,ABOVE,BLOCKED,XUYEN,2,false,false
BNBUSDT,510,2024-01-15 12:15,4,ABOVE,ABOVE,BLOCKED,CHAN,0,false,true
BNBUSDT,511,2024-01-16 14:30,7,BOTH,BELOW,THROUGH,XUYEN,2,true,
BNBUSDT,513,2024-01-17 11:30,19,BOTH,ABOVE,THROUGH,XUYEN,1,true,
BNBUSDT,514,2024-01-21 19:15,3,BOTH,ABOVE,THROUGH,XUYEN,3,true,
BNBUSDT,516,2024-01-24 12:00,4,BOTH,ABOVE,THROUGH,XUYEN,0,true,
BNBUSDT,517,2024-01-24 16:30,18,BOTH,BELOW,BLOCKED,XUYEN,3,false,false
BNBUSDT,518,2024-02-03 23:00,11,BOTH,BELOW,THROUGH,XUYEN,1,true,
BNBUSDT,520,2024-02-05 05:00,21,BOTH,BELOW,THROUGH,XUYEN,0,true,
BNBUSDT,523,2024-02-08 16:45,3,BOTH,BELOW,BLOCKED,CHAN,1,false,true
BNBUSDT,524,2024-02-09 14:15,12,BOTH,BELOW,BLOCKED,XUYEN,1,false,false
BNBUSDT,525,2024-02-13 13:30,2,BELOW,BELOW,BLOCKED,XUYEN,1,false,false
BNBUSDT,527,2024-02-17 02:45,17,BOTH,ABOVE,THROUGH,XUYEN,1,true,
BNBUSDT,528,2024-02-20 13:30,2,BOTH,ABOVE,THROUGH,XUYEN,3,true,
BNBUSDT,530,2024-02-23 12:00,2,BELOW,BELOW,THROUGH,XUYEN,3,true,
BNBUSDT,531,2024-02-23 19:30,8,BOTH,ABOVE,THROUGH,XUYEN,2,true,
BNBUSDT,533,2024-02-28 07:45,4,BOTH,ABOVE,BLOCKED,XUYEN,2,false,false
BNBUSDT,534,2024-03-03 07:15,8,BOTH,BELOW,THROUGH,XUYEN,2,true,
BNBUSDT,536,2024-03-06 22:15,12,BOTH,ABOVE,THROUGH,XUYEN,2,true,
BNBUSDT,537,2024-03-09 09:45,11,BOTH,ABOVE,THROUGH,XUYEN,0,true,
BNBUSDT,539,2024-03-12 14:30,1,ABOVE,ABOVE,BLOCKED,CHAN,1,false,
BNBUSDT,540,2024-03-14 18:45,9,BOTH,BELOW,THROUGH,XUYEN,1,true,
BNBUSDT,541,2024-03-15 22:45,7,BOTH,ABOVE,BLOCKED,XUYEN,3,false,false
BNBUSDT,542,2024-03-17 15:30,41,BOTH,ABOVE,THROUGH,XUYEN,2,true,
BNBUSDT,543,2024-03-29 04:15,5,BOTH,ABOVE,THROUGH,XUYEN,1,true,
BNBUSDT,544,2024-04-02 23:30,18,BOTH,BELOW,THROUGH,XUYEN,1,true,
BNBUSDT,547,2024-04-08 02:45,25,BOTH,BELOW,THROUGH,XUYEN,3,true,
BNBUSDT,548,2024-04-12 05:45,2,ABOVE,ABOVE,BLOCKED,XUYEN,3,false,false
BNBUSDT,550,2024-04-14 22:00,16,BOTH,ABOVE,BLOCKED,XUYEN,1,false,false
BNBUSDT,551,2024-04-18 08:30,8,BOTH,ABOVE,THROUGH,XUYEN,1,true,
BNBUSDT,553,2024-04-21 16:00,6,BOTH,BELOW,THROUGH,XUYEN,2,true,
BNBUSDT,554,2024-04-23 10:15,8,BOTH,ABOVE,THROUGH,XUYEN,0,true,
BNBUSDT,555,2024-04-23 17:00,36,BOTH,ABOVE,BLOCKED,XUYEN,4,false,false
BNBUSDT,556,2024-04-28 14:30,9,BOTH,ABOVE,BLOCKED,XUYEN,3,false,false
BNBUSDT,557,2024-05-03 08:30,2,ABOVE,ABOVE,BLOCKED,CHAN,0,false,true
BNBUSDT,558,2024-05-08 19:00,17,BOTH,BELOW,THROUGH,XUYEN,1,true,
BNBUSDT,559,2024-05-11 02:00,17,BOTH,BELOW,BLOCKED,XUYEN,1,false,false
BNBUSDT,561,2024-05-15 12:30,7,ABOVE,ABOVE,BLOCKED,CHAN,1,false,true
BNBUSDT,562,2024-05-18 22:00,12,BOTH,ABOVE,BLOCKED,XUYEN,2,false,false
BNBUSDT,563,2024-05-20 09:45,2,BOTH,BELOW,THROUGH,XUYEN,1,true,
BNBUSDT,565,2024-05-23 18:00,1,BELOW,BELOW,BLOCKED,CHAN,3,false,
BNBUSDT,566,2024-05-23 20:00,5,BOTH,BELOW,THROUGH,XUYEN,2,true,
BNBUSDT,568,2024-05-28 18:30,11,BOTH,BELOW,THROUGH,XUYEN,1,true,
BNBUSDT,569,2024-06-01 15:00,8,BOTH,ABOVE,THROUGH,XUYEN,2,true,
BNBUSDT,570,2024-06-06 04:30,6,BOTH,ABOVE,THROUGH,XUYEN,0,true,
BNBUSDT,571,2024-06-07 12:30,3,BOTH,BELOW,THROUGH,XUYEN,0,true,
BNBUSDT,572,2024-06-08 00:00,21,BOTH,BELOW,THROUGH,XUYEN,2,true,
BNBUSDT,574,2024-06-11 01:45,2,BELOW,BELOW,THROUGH,XUYEN,0,true,
BNBUSDT,575,2024-06-11 06:45,2,BELOW,BELOW,BLOCKED,CHAN,2,false,true
BNBUSDT,576,2024-06-11 15:30,8,BOTH,BELOW,BLOCKED,XUYEN,2,false,false
BNBUSDT,579,2024-06-19 10:45,17,BOTH,ABOVE,THROUGH,XUYEN,0,true,
BNBUSDT,581,2024-06-21 07:45,24,BOTH,BELOW,BLOCKED,XUYEN,0,false,false
BNBUSDT,582,2024-06-24 02:45,1,BELOW,BELOW,BLOCKED,CHAN,2,false,
BNBUSDT,583,2024-06-24 09:30,10,BOTH,BELOW,BLOCKED,XUYEN,3,false,false
BNBUSDT,584,2024-06-26 08:15,12,BOTH,BELOW,BLOCKED,XUYEN,2,false,false
BNBUSDT,585,2024-06-28 21:00,17,BOTH,BELOW,THROUGH,XUYEN,1,true,
BNBUSDT,590,2024-07-11 14:00,17,BOTH,BELOW,BLOCKED,CHAN,4,false,true
BNBUSDT,591,2024-07-15 07:30,2,ABOVE,ABOVE,BLOCKED,CHAN,2,false,true
BNBUSDT,592,2024-07-16 22:00,8,BOTH,BELOW,THROUGH,XUYEN,0,true,
BNBUSDT,593,2024-07-17 21:00,2,BOTH,BELOW,THROUGH,XUYEN,1,true,
BNBUSDT,594,2024-07-18 02:00,15,BOTH,BELOW,BLOCKED,XUYEN,0,false,false
BNBUSDT,595,2024-07-20 21:00,6,BOTH,BELOW,BLOCKED,XUYEN,1,false,false
BNBUSDT,596,2024-07-21 17:45,11,BOTH,BELOW,THROUGH,XUYEN,0,true,
BNBUSDT,598,2024-07-25 01:00,7,BOTH,BELOW,THROUGH,XUYEN,1,true,
BNBUSDT,599,2024-07-26 19:00,4,ABOVE,ABOVE,BLOCKED,CHAN,1,false,true
BNBUSDT,600,2024-07-27 03:30,9,BOTH,ABOVE,THROUGH,XUYEN,2,true,
BNBUSDT,601,2024-07-29 00:00,8,BOTH,ABOVE,THROUGH,XUYEN,1,true,
BNBUSDT,602,2024-08-04 11:30,2,BELOW,BELOW,BLOCKED,CHAN,1,false,true
BNBUSDT,603,2024-08-08 07:00,5,BELOW,BELOW,BLOCKED,CHAN,0,false,true
BNBUSDT,604,2024-08-08 12:30,1,ABOVE,ABOVE,BLOCKED,CHAN,1,false,
BNBUSDT,606,2024-08-09 10:15,6,BELOW,BELOW,BLOCKED,XUYEN,2,false,false
BNBUSDT,607,2024-08-09 20:00,9,BOTH,BELOW,THROUGH,XUYEN,4,true,
BNBUSDT,608,2024-08-11 20:00,14,BOTH,BELOW,BLOCKED,XUYEN,1,false,false
BNBUSDT,609,2024-08-13 12:00,25,BOTH,ABOVE,THROUGH,XUYEN,0,true,
BNBUSDT,611,2024-08-16 02:30,10,BOTH,BELOW,THROUGH,XUYEN,3,true,
BNBUSDT,612,2024-08-19 05:00,8,BOTH,BELOW,BLOCKED,XUYEN,1,false,false
BNBUSDT,613,2024-08-20 22:00,8,BOTH,ABOVE,THROUGH,XUYEN,1,true,
BNBUSDT,614,2024-08-22 07:45,1,ABOVE,ABOVE,BLOCKED,CHAN,2,false,
BNBUSDT,615,2024-08-25 03:45,19,BOTH,ABOVE,BLOCKED,XUYEN,0,false,false
BNBUSDT,617,2024-08-29 14:00,2,BELOW,BELOW,BLOCKED,CHAN,1,false,true
BNBUSDT,619,2024-08-29 22:00,8,BOTH,BELOW,THROUGH,XUYEN,3,true,
BNBUSDT,621,2024-08-31 04:15,15,BOTH,ABOVE,THROUGH,XUYEN,0,true,
BNBUSDT,623,2024-09-06 12:30,1,ABOVE,ABOVE,THROUGH,XUYEN,1,true,
BNBUSDT,624,2024-09-07 15:00,6,BOTH,ABOVE,THROUGH,XUYEN,2,true,
BNBUSDT,625,2024-09-08 15:15,2,BELOW,BELOW,THROUGH,XUYEN,1,true,
BNBUSDT,627,2024-09-10 11:30,10,BOTH,BELOW,THROUGH,XUYEN,1,true,
BNBUSDT,628,2024-09-12 12:30,11,BOTH,BELOW,THROUGH,XUYEN,0,true,
BNBUSDT,629,2024-09-14 18:00,12,BOTH,BELOW,THROUGH,XUYEN,2,true,
BNBUSDT,631,2024-09-23 15:45,26,BOTH,ABOVE,BLOCKED,XUYEN,1,false,false
BNBUSDT,632,2024-09-27 02:00,2,ABOVE,ABOVE,BLOCKED,CHAN,1,false,true
BNBUSDT,633,2024-09-28 02:45,1,ABOVE,ABOVE,THROUGH,XUYEN,1,true,
BNBUSDT,634,2024-09-28 19:15,8,BOTH,BELOW,BLOCKED,XUYEN,3,false,false
BNBUSDT,635,2024-10-06 23:00,5,BOTH,ABOVE,BLOCKED,XUYEN,1,false,false
BNBUSDT,637,2024-10-08 19:45,12,BOTH,ABOVE,THROUGH,XUYEN,2,true,
BNBUSDT,638,2024-10-12 07:45,11,BOTH,BELOW,THROUGH,XUYEN,1,true,
BNBUSDT,639,2024-10-13 22:00,5,BOTH,ABOVE,THROUGH,XUYEN,1,true,
BNBUSDT,641,2024-10-15 11:30,4,BOTH,ABOVE,BLOCKED,XUYEN,0,false,false
BNBUSDT,642,2024-10-15 23:30,17,BOTH,ABOVE,BLOCKED,XUYEN,2,false,false
BNBUSDT,643,2024-10-18 21:45,6,BOTH,BELOW,BLOCKED,XUYEN,1,false,false
BNBUSDT,644,2024-10-20 02:45,7,BOTH,BELOW,THROUGH,XUYEN,1,true,
BNBUSDT,645,2024-10-20 22:00,10,BOTH,ABOVE,THROUGH,XUYEN,1,true,
BNBUSDT,646,2024-10-22 22:00,2,ABOVE,ABOVE,THROUGH,XUYEN,2,true,
BNBUSDT,647,2024-10-23 18:00,2,BOTH,BELOW,THROUGH,XUYEN,3,true,
BNBUSDT,648,2024-10-25 22:45,18,BOTH,BELOW,BLOCKED,XUYEN,1,false,false
BNBUSDT,650,2024-10-28 21:00,7,BOTH,ABOVE,THROUGH,XUYEN,1,true,
BNBUSDT,651,2024-10-30 20:00,30,BOTH,BELOW,THROUGH,XUYEN,3,true,
BNBUSDT,652,2024-11-08 16:30,5,BOTH,BELOW,THROUGH,XUYEN,1,true,
BNBUSDT,653,2024-11-09 10:15,34,BOTH,BELOW,BLOCKED,XUYEN,1,false,false
BNBUSDT,654,2024-11-13 19:00,4,BOTH,BELOW,THROUGH,XUYEN,2,true,
BNBUSDT,655,2024-11-14 07:30,3,ABOVE,ABOVE,BLOCKED,CHAN,1,false,true
BNBUSDT,656,2024-11-14 20:00,8,BOTH,BELOW,BLOCKED,XUYEN,2,false,false
BNBUSDT,657,2024-11-18 18:30,23,BOTH,BELOW,BLOCKED,XUYEN,1,false,false
BNBUSDT,658,2024-11-22 00:15,10,BOTH,ABOVE,BLOCKED,XUYEN,2,false,false
BNBUSDT,659,2024-11-24 12:30,18,BOTH,BELOW,BLOCKED,XUYEN,4,false,false
BNBUSDT,660,2024-11-27 00:00,3,BOTH,ABOVE,THROUGH,XUYEN,0,true,
BNBUSDT,661,2024-11-28 23:00,8,BOTH,BELOW,THROUGH,XUYEN,0,true,
BNBUSDT,662,2024-11-29 18:00,6,BOTH,ABOVE,THROUGH,XUYEN,0,true,
BNBUSDT,663,2024-11-30 07:00,19,BOTH,ABOVE,THROUGH,XUYEN,1,true,
BNBUSDT,664,2024-12-02 23:00,3,BOTH,ABOVE,THROUGH,XUYEN,1,true,
BNBUSDT,665,2024-12-06 21:15,10,BOTH,BELOW,BLOCKED,XUYEN,2,false,false
BNBUSDT,666,2024-12-07 15:45,8,BOTH,ABOVE,BLOCKED,XUYEN,2,false,false
BNBUSDT,667,2024-12-21 03:00,6,BOTH,BELOW,THROUGH,XUYEN,1,true,
BNBUSDT,668,2024-12-22 19:30,3,BOTH,BELOW,BLOCKED,XUYEN,3,false,false
BNBUSDT,669,2024-12-23 10:15,2,ABOVE,ABOVE,BLOCKED,CHAN,3,false,true
BNBUSDT,670,2024-12-31 17:30,5,BELOW,BELOW,BLOCKED,CHAN,1,false,true
BNBUSDT,671,2025-01-02 00:00,13,BOTH,BELOW,BLOCKED,XUYEN,1,false,false
BNBUSDT,672,2025-01-05 08:00,8,BOTH,BELOW,BLOCKED,XUYEN,2,false,false
BNBUSDT,673,2025-01-08 03:00,14,BOTH,BELOW,BLOCKED,XUYEN,3,false,false
BNBUSDT,674,2025-01-09 17:45,3,BOTH,BELOW,THROUGH,XUYEN,1,true,
BNBUSDT,675,2025-01-10 13:30,29,BOTH,BELOW,BLOCKED,XUYEN,1,false,false
BNBUSDT,676,2025-01-13 14:30,3,ABOVE,ABOVE,BLOCKED,XUYEN,1,false,false
BNBUSDT,677,2025-01-14 13:30,1,ABOVE,ABOVE,BLOCKED,CHAN,1,false,
BNBUSDT,678,2025-01-15 00:15,32,BOTH,ABOVE,THROUGH,XUYEN,1,true,
BNBUSDT,679,2025-01-20 17:00,36,BOTH,BELOW,BLOCKED,XUYEN,2,false,false
BNBUSDT,680,2025-01-28 13:30,10,BOTH,BELOW,BLOCKED,XUYEN,2,false,false
BNBUSDT,681,2025-01-30 14:30,25,BOTH,ABOVE,BLOCKED,XUYEN,3,false,false
BNBUSDT,682,2025-02-02 22:30,14,BOTH,BELOW,BLOCKED,XUYEN,3,false,false
BNBUSDT,683,2025-02-09 07:00,8,BOTH,ABOVE,THROUGH,XUYEN,1,true,
BNBUSDT,685,2025-02-13 13:00,3,BOTH,ABOVE,THROUGH,XUYEN,0,true,
BNBUSDT,686,2025-02-17 11:45,7,BOTH,ABOVE,THROUGH,XUYEN,1,true,
BNBUSDT,687,2025-02-19 13:30,28,BOTH,ABOVE,THROUGH,XUYEN,3,true,
BNBUSDT,688,2025-02-24 19:30,2,BELOW,BELOW,BLOCKED,CHAN,3,false,true
BNBUSDT,689,2025-02-26 18:30,34,BOTH,BELOW,BLOCKED,XUYEN,3,false,false
BNBUSDT,690,2025-03-04 14:30,4,BOTH,ABOVE,THROUGH,XUYEN,1,true,
BNBUSDT,691,2025-03-06 14:30,30,BOTH,BELOW,THROUGH,XUYEN,2,true,
BNBUSDT,692,2025-03-12 14:30,3,BOTH,ABOVE,THROUGH,XUYEN,0,true,
BNBUSDT,693,2025-03-13 13:00,14,BOTH,ABOVE,BLOCKED,XUYEN,0,false,false
BNBUSDT,694,2025-03-14 19:00,2,ABOVE,ABOVE,BLOCKED,CHAN,2,false,true
BNBUSDT,695,2025-03-17 20:30,20,BOTH,BELOW,THROUGH,XUYEN,1,true,
BNBUSDT,696,2025-03-20 09:00,2,BOTH,ABOVE,THROUGH,XUYEN,1,true,
BNBUSDT,697,2025-03-22 20:15,17,BOTH,ABOVE,BLOCKED,XUYEN,2,false,false
BNBUSDT,698,2025-03-25 22:00,14,BOTH,BELOW,BLOCKED,XUYEN,3,false,false
BNBUSDT,699,2025-03-28 04:30,1,BELOW,BELOW,BLOCKED,CHAN,1,false,
BNBUSDT,700,2025-04-01 22:30,7,BOTH,ABOVE,THROUGH,XUYEN,2,true,
BNBUSDT,701,2025-04-03 05:00,1,ABOVE,ABOVE,THROUGH,XUYEN,2,true,
BNBUSDT,702,2025-04-09 11:00,2,BOTH,BELOW,THROUGH,XUYEN,0,true,
BNBUSDT,703,2025-04-10 08:00,17,BOTH,BELOW,BLOCKED,XUYEN,2,false,false
BNBUSDT,704,2025-04-11 13:30,1,ABOVE,ABOVE,BLOCKED,CHAN,1,false,
BNBUSDT,705,2025-04-12 01:00,12,BOTH,BELOW,THROUGH,XUYEN,3,true,
BNBUSDT,706,2025-04-13 19:30,12,BOTH,BELOW,BLOCKED,XUYEN,3,false,false
BNBUSDT,707,2025-04-15 13:30,1,ABOVE,ABOVE,THROUGH,XUYEN,0,true,
BNBUSDT,708,2025-04-17 05:00,4,BOTH,BELOW,THROUGH,XUYEN,2,true,
BNBUSDT,710,2025-04-23 04:45,4,BOTH,ABOVE,THROUGH,XUYEN,1,true,
BNBUSDT,712,2025-04-24 18:45,2,ABOVE,ABOVE,BLOCKED,CHAN,1,false,true
BNBUSDT,713,2025-04-26 22:00,6,BOTH,ABOVE,THROUGH,XUYEN,2,true,
BNBUSDT,714,2025-05-03 06:00,5,BELOW,BELOW,BLOCKED,CHAN,1,false,true
BNBUSDT,715,2025-05-04 13:15,4,BOTH,BELOW,BLOCKED,XUYEN,1,false,false
BNBUSDT,716,2025-05-05 10:00,4,BOTH,BELOW,THROUGH,XUYEN,1,true,
BNBUSDT,717,2025-05-07 04:30,6,BOTH,ABOVE,BLOCKED,XUYEN,1,false,false
BNBUSDT,718,2025-05-11 13:15,8,BOTH,BELOW,THROUGH,XUYEN,2,true,
BNBUSDT,719,2025-05-13 12:30,45,BOTH,ABOVE,BLOCKED,XUYEN,2,false,false
BNBUSDT,720,2025-05-18 13:30,17,BOTH,ABOVE,THROUGH,XUYEN,1,true,
BNBUSDT,721,2025-05-28 17:00,9,BOTH,ABOVE,THROUGH,XUYEN,1,true,
BNBUSDT,722,2025-05-29 20:45,4,BOTH,ABOVE,BLOCKED,XUYEN,0,false,false
BNBUSDT,723,2025-05-31 19:00,6,BOTH,ABOVE,THROUGH,XUYEN,1,true,
BNBUSDT,724,2025-06-01 22:00,10,BOTH,ABOVE,THROUGH,XUYEN,2,true,
BNBUSDT,725,2025-06-05 04:00,3,BOTH,ABOVE,BLOCKED,XUYEN,0,false,false
BNBUSDT,726,2025-06-06 22:00,6,BOTH,BELOW,THROUGH,XUYEN,2,true,
BNBUSDT,727,2025-06-09 20:00,9,BOTH,ABOVE,BLOCKED,XUYEN,1,false,false
BNBUSDT,728,2025-06-13 00:00,18,BOTH,BELOW,THROUGH,XUYEN,2,true,
BNBUSDT,729,2025-06-16 22:30,5,BOTH,BELOW,THROUGH,XUYEN,1,true,
BNBUSDT,730,2025-06-20 04:00,2,BOTH,BELOW,THROUGH,XUYEN,0,true,
BNBUSDT,731,2025-06-20 13:30,1,BELOW,BELOW,BLOCKED,CHAN,1,false,
BNBUSDT,732,2025-06-21 07:00,1,BELOW,BELOW,BLOCKED,CHAN,2,false,
BNBUSDT,734,2025-06-23 13:30,1,ABOVE,ABOVE,BLOCKED,CHAN,0,false,
BNBUSDT,736,2025-07-04 20:00,3,ABOVE,ABOVE,BLOCKED,CHAN,1,false,true
BNBUSDT,737,2025-07-07 13:15,25,BOTH,ABOVE,THROUGH,XUYEN,1,true,
BNBUSDT,738,2025-07-15 03:00,2,BELOW,BELOW,BLOCKED,CHAN,2,false,true
BNBUSDT,739,2025-07-15 12:00,1,ABOVE,ABOVE,BLOCKED,CHAN,0,false,
BNBUSDT,740,2025-07-19 10:30,11,BOTH,ABOVE,THROUGH,XUYEN,1,true,
BNBUSDT,741,2025-07-22 23:15,21,BOTH,ABOVE,BLOCKED,XUYEN,1,false,false
BNBUSDT,742,2025-07-27 02:45,14,BOTH,BELOW,THROUGH,XUYEN,2,true,
BNBUSDT,743,2025-07-27 15:45,19,BOTH,ABOVE,BLOCKED,XUYEN,2,false,false
BNBUSDT,744,2025-08-01 22:00,15,BOTH,BELOW,THROUGH,XUYEN,3,true,
BNBUSDT,745,2025-08-05 07:30,6,BOTH,BELOW,BLOCKED,XUYEN,4,false,false
BNBUSDT,746,2025-08-05 20:45,7,BOTH,BELOW,THROUGH,XUYEN,2,true,
BNBUSDT,750,2025-08-16 22:00,13,BOTH,ABOVE,BLOCKED,XUYEN,2,false,false
BNBUSDT,751,2025-08-19 11:15,15,BOTH,ABOVE,THROUGH,XUYEN,3,true,
BNBUSDT,752,2025-08-23 09:30,9,BOTH,ABOVE,THROUGH,XUYEN,1,true,
BNBUSDT,753,2025-08-24 19:30,5,BELOW,BELOW,BLOCKED,CHAN,2,false,true
BNBUSDT,755,2025-08-27 03:15,14,BOTH,BELOW,THROUGH,XUYEN,0,true,
BNBUSDT,756,2025-08-28 16:45,6,BOTH,BELOW,THROUGH,XUYEN,0,true,
BNBUSDT,758,2025-08-29 12:30,34,BOTH,ABOVE,BLOCKED,XUYEN,0,false,false
BNBUSDT,759,2025-09-01 20:30,11,BOTH,BELOW,THROUGH,XUYEN,2,true,
BNBUSDT,760,2025-09-03 17:00,2,ABOVE,ABOVE,THROUGH,XUYEN,2,true,
BNBUSDT,761,2025-09-05 07:00,1,ABOVE,ABOVE,BLOCKED,CHAN,1,false,
BNBUSDT,763,2025-09-09 06:00,8,BOTH,ABOVE,THROUGH,XUYEN,1,true,
BNBUSDT,764,2025-09-10 13:00,4,ABOVE,ABOVE,BLOCKED,CHAN,1,false,true
BNBUSDT,765,2025-09-11 12:30,3,BELOW,BELOW,THROUGH,XUYEN,0,true,
BNBUSDT,768,2025-09-17 20:45,1,BELOW,BELOW,THROUGH,XUYEN,1,true,
BNBUSDT,770,2025-09-20 21:30,24,BOTH,ABOVE,BLOCKED,XUYEN,1,false,false
BNBUSDT,772,2025-10-02 06:30,3,ABOVE,ABOVE,BLOCKED,CHAN,3,false,true
BNBUSDT,773,2025-10-03 13:15,1,ABOVE,ABOVE,BLOCKED,CHAN,3,false,
BNBUSDT,774,2025-10-07 01:15,3,BOTH,BELOW,THROUGH,XUYEN,1,true,
BNBUSDT,775,2025-10-08 02:00,20,BOTH,BELOW,THROUGH,XUYEN,1,true,
BNBUSDT,776,2025-10-10 11:00,2,ABOVE,ABOVE,THROUGH,XUYEN,0,true,
BNBUSDT,778,2025-10-11 05:15,15,BOTH,BELOW,THROUGH,XUYEN,1,true,
BNBUSDT,780,2025-10-13 06:00,10,BOTH,ABOVE,THROUGH,XUYEN,1,true,
BNBUSDT,781,2025-10-15 16:45,11,BOTH,ABOVE,THROUGH,XUYEN,0,true,
BNBUSDT,782,2025-10-19 08:15,11,BOTH,BELOW,THROUGH,XUYEN,0,true,
BNBUSDT,783,2025-10-22 11:00,5,BOTH,ABOVE,BLOCKED,XUYEN,2,false,false
BNBUSDT,785,2025-10-25 15:00,7,BOTH,BELOW,THROUGH,XUYEN,2,true,
BNBUSDT,787,2025-10-28 10:00,7,ABOVE,ABOVE,THROUGH,XUYEN,3,true,
BNBUSDT,788,2025-10-29 18:30,12,BOTH,BELOW,THROUGH,XUYEN,1,true,
BNBUSDT,789,2025-10-31 16:45,16,BOTH,BELOW,THROUGH,XUYEN,3,true,
BNBUSDT,792,2025-11-07 14:30,1,ABOVE,ABOVE,BLOCKED,CHAN,1,false,
BNBUSDT,793,2025-11-08 02:00,17,BOTH,ABOVE,THROUGH,XUYEN,1,true,
BNBUSDT,794,2025-11-08 23:00,21,BOTH,BELOW,BLOCKED,XUYEN,1,false,false
BNBUSDT,795,2025-11-11 17:30,5,BELOW,BELOW,BLOCKED,CHAN,1,false,true
BNBUSDT,796,2025-11-14 04:30,15,BOTH,BELOW,THROUGH,XUYEN,3,true,
BNBUSDT,797,2025-11-16 15:45,28,BOTH,BELOW,THROUGH,XUYEN,1,true,
BNBUSDT,798,2025-11-20 13:30,2,BELOW,BELOW,BLOCKED,CHAN,2,false,true
BNBUSDT,799,2025-11-23 23:00,20,BOTH,BELOW,BLOCKED,XUYEN,1,false,false
BNBUSDT,800,2025-11-27 22:30,18,BOTH,BELOW,THROUGH,XUYEN,1,true,
BNBUSDT,803,2025-12-03 14:00,5,BOTH,BELOW,THROUGH,XUYEN,0,true,
BNBUSDT,804,2025-12-04 13:00,3,BOTH,BELOW,THROUGH,XUYEN,1,true,
BNBUSDT,805,2025-12-07 14:15,4,BOTH,BELOW,THROUGH,XUYEN,2,true,
BNBUSDT,806,2025-12-08 09:00,7,BOTH,ABOVE,THROUGH,XUYEN,1,true,
BNBUSDT,807,2025-12-10 09:00,7,BOTH,BELOW,BLOCKED,XUYEN,0,false,false
BNBUSDT,808,2025-12-11 14:30,5,BOTH,BELOW,BLOCKED,XUYEN,2,false,false
BNBUSDT,809,2025-12-14 20:00,6,BOTH,ABOVE,THROUGH,XUYEN,0,true,
BNBUSDT,810,2025-12-18 17:00,13,BOTH,BELOW,THROUGH,XUYEN,1,true,
BNBUSDT,811,2025-12-20 23:45,14,BOTH,ABOVE,THROUGH,XUYEN,0,true,
BNBUSDT,812,2025-12-24 14:30,46,BOTH,BELOW,THROUGH,XUYEN,0,true,
BNBUSDT,813,2025-12-29 02:00,3,BOTH,ABOVE,BLOCKED,XUYEN,3,false,false
BNBUSDT,817,2025-12-31 14:00,10,BOTH,ABOVE,THROUGH,XUYEN,2,true,
BNBUSDT,818,2026-01-03 02:00,7,BELOW,BELOW,BLOCKED,CHAN,3,false,true
BNBUSDT,819,2026-01-04 00:00,4,ABOVE,ABOVE,BLOCKED,CHAN,2,false,true
BNBUSDT,820,2026-01-06 17:45,24,BOTH,BELOW,THROUGH,XUYEN,3,true,
BNBUSDT,821,2026-01-11 23:00,8,BOTH,BELOW,THROUGH,XUYEN,2,true,
BNBUSDT,822,2026-01-12 14:15,2,BOTH,BELOW,THROUGH,XUYEN,2,true,
BNBUSDT,824,2026-01-13 22:00,2,ABOVE,ABOVE,BLOCKED,CHAN,3,false,true
BNBUSDT,826,2026-01-14 11:00,7,BOTH,BELOW,THROUGH,XUYEN,1,true,
BNBUSDT,828,2026-01-15 19:00,17,BOTH,BELOW,BLOCKED,XUYEN,3,false,false
BNBUSDT,829,2026-01-17 15:45,10,BOTH,ABOVE,BLOCKED,XUYEN,2,false,false
BNBUSDT,832,2026-01-20 22:30,3,BELOW,BELOW,BLOCKED,CHAN,1,false,true
BNBUSDT,833,2026-01-22 13:30,22,BOTH,BELOW,BLOCKED,XUYEN,1,false,false
BNBUSDT,834,2026-01-25 16:00,10,BOTH,BELOW,BLOCKED,XUYEN,1,false,false
BNBUSDT,835,2026-01-27 16:00,1,ABOVE,ABOVE,BLOCKED,CHAN,2,false,
BNBUSDT,836,2026-01-29 02:30,4,BOTH,BELOW,BLOCKED,XUYEN,1,false,false
BNBUSDT,837,2026-01-30 01:30,6,BELOW,BELOW,BLOCKED,CHAN,1,false,true
BNBUSDT,838,2026-02-01 05:00,6,BELOW,BELOW,BLOCKED,CHAN,2,false,true
BNBUSDT,839,2026-02-01 23:00,24,BOTH,BELOW,THROUGH,XUYEN,1,true,
BNBUSDT,841,2026-02-05 20:15,2,BELOW,BELOW,BLOCKED,CHAN,2,false,true
BNBUSDT,844,2026-02-07 16:00,18,BOTH,ABOVE,BLOCKED,XUYEN,1,false,false
BNBUSDT,845,2026-02-08 23:00,12,BOTH,ABOVE,THROUGH,XUYEN,1,true,
BNBUSDT,846,2026-02-11 06:00,22,BOTH,BELOW,THROUGH,XUYEN,1,true,
BNBUSDT,847,2026-02-17 14:30,5,BELOW,BELOW,BLOCKED,XUYEN,1,false,false
BNBUSDT,848,2026-02-20 15:00,10,BOTH,ABOVE,BLOCKED,XUYEN,2,false,false
BNBUSDT,849,2026-02-24 13:00,11,BOTH,BELOW,THROUGH,XUYEN,2,true,
BNBUSDT,851,2026-02-25 21:30,14,BOTH,ABOVE,THROUGH,XUYEN,1,true,
BNBUSDT,854,2026-03-01 13:45,20,BOTH,ABOVE,THROUGH,XUYEN,0,true,
BNBUSDT,855,2026-03-06 04:30,1,BELOW,BELOW,BLOCKED,CHAN,3,false,
BNBUSDT,856,2026-03-06 20:15,1,BELOW,BELOW,BLOCKED,CHAN,2,false,
BNBUSDT,857,2026-03-07 04:00,7,BOTH,BELOW,THROUGH,XUYEN,3,true,
BNBUSDT,858,2026-03-07 14:00,1,BELOW,BELOW,BLOCKED,CHAN,2,false,
BNBUSDT,859,2026-03-08 22:00,3,BELOW,BELOW,THROUGH,XUYEN,0,true,
BNBUSDT,860,2026-03-09 03:00,1,ABOVE,ABOVE,BLOCKED,CHAN,2,false,
BNBUSDT,861,2026-03-10 02:30,9,BOTH,ABOVE,BLOCKED,XUYEN,0,false,false
BNBUSDT,862,2026-03-11 11:00,8,BOTH,BELOW,THROUGH,XUYEN,0,true,
BNBUSDT,863,2026-03-14 23:00,1,ABOVE,ABOVE,BLOCKED,CHAN,0,false,
BNBUSDT,864,2026-03-15 13:00,7,BOTH,BELOW,BLOCKED,XUYEN,3,false,false
BNBUSDT,865,2026-03-18 20:00,10,BOTH,BELOW,THROUGH,XUYEN,3,true,
BNBUSDT,867,2026-03-22 16:30,10,BOTH,ABOVE,THROUGH,XUYEN,1,true,
BNBUSDT,869,2026-03-26 09:30,1,BELOW,BELOW,BLOCKED,CHAN,2,false,
BNBUSDT,871,2026-03-27 04:00,3,BELOW,BELOW,THROUGH,XUYEN,0,true,
BNBUSDT,874,2026-03-28 20:00,1,ABOVE,ABOVE,THROUGH,XUYEN,2,true,
BNBUSDT,875,2026-03-28 23:00,10,BOTH,BELOW,THROUGH,XUYEN,2,true,
BNBUSDT,876,2026-03-31 09:45,5,BOTH,BELOW,THROUGH,XUYEN,2,true,
BNBUSDT,877,2026-03-31 20:45,17,BOTH,ABOVE,BLOCKED,XUYEN,3,false,false
BNBUSDT,879,2026-04-04 19:00,18,BOTH,ABOVE,BLOCKED,XUYEN,3,false,false
BNBUSDT,880,2026-04-05 22:00,1,ABOVE,ABOVE,BLOCKED,CHAN,1,false,
BNBUSDT,881,2026-04-09 21:00,14,BOTH,BELOW,BLOCKED,XUYEN,1,false,false
BNBUSDT,883,2026-04-12 20:30,2,ABOVE,ABOVE,THROUGH,XUYEN,0,true,
BNBUSDT,884,2026-04-13 12:30,3,BOTH,ABOVE,THROUGH,XUYEN,1,true,
BNBUSDT,886,2026-04-15 19:30,32,BOTH,ABOVE,BLOCKED,XUYEN,2,false,false
BNBUSDT,887,2026-04-22 13:30,4,ABOVE,ABOVE,BLOCKED,CHAN,2,false,true
BNBUSDT,889,2026-04-28 14:15,6,BOTH,BELOW,THROUGH,XUYEN,2,true,
BNBUSDT,890,2026-04-29 18:00,7,BOTH,BELOW,THROUGH,XUYEN,1,true,
BNBUSDT,891,2026-05-01 03:15,9,BOTH,ABOVE,BLOCKED,XUYEN,0,false,false
BNBUSDT,892,2026-05-02 04:00,6,BELOW,BELOW,BLOCKED,XUYEN,1,false,false
BNBUSDT,893,2026-05-02 21:30,15,BOTH,ABOVE,THROUGH,XUYEN,3,true,
BNBUSDT,895,2026-05-04 10:00,1,BELOW,BELOW,BLOCKED,CHAN,1,false,
BNBUSDT,896,2026-05-05 13:00,11,BOTH,ABOVE,THROUGH,XUYEN,3,true,
BNBUSDT,897,2026-05-06 03:00,4,BOTH,BELOW,THROUGH,XUYEN,0,true,
BNBUSDT,898,2026-05-07 20:30,2,BELOW,BELOW,BLOCKED,CHAN,3,false,true
BNBUSDT,899,2026-05-07 22:00,3,BOTH,BELOW,THROUGH,XUYEN,1,true,
BNBUSDT,900,2026-05-10 08:00,4,ABOVE,ABOVE,BLOCKED,CHAN,2,false,true
BNBUSDT,901,2026-05-11 22:45,8,BOTH,ABOVE,THROUGH,XUYEN,0,true,
BNBUSDT,902,2026-05-13 01:00,6,BOTH,ABOVE,THROUGH,XUYEN,1,true,
BNBUSDT,903,2026-05-15 05:30,2,BOTH,BELOW,THROUGH,XUYEN,1,true,
BNBUSDT,905,2026-05-16 15:30,16,BOTH,ABOVE,THROUGH,XUYEN,1,true,
BNBUSDT,906,2026-05-17 21:15,2,ABOVE,ABOVE,THROUGH,XUYEN,3,true,
BNBUSDT,907,2026-05-18 06:00,21,BOTH,BELOW,BLOCKED,XUYEN,3,false,false
BNBUSDT,908,2026-05-20 05:00,6,BOTH,ABOVE,THROUGH,XUYEN,1,true,
BNBUSDT,910,2026-05-23 20:30,19,BOTH,ABOVE,BLOCKED,XUYEN,1,false,false
BNBUSDT,912,2026-05-28 09:00,7,BOTH,BELOW,BLOCKED,XUYEN,3,false,false
BNBUSDT,913,2026-06-02 22:45,1,BELOW,BELOW,BLOCKED,CHAN,2,false,
BNBUSDT,916,2026-06-06 22:00,2,BELOW,BELOW,THROUGH,XUYEN,1,true,
BNBUSDT,917,2026-06-07 19:00,6,BOTH,BELOW,THROUGH,XUYEN,1,true,
BNBUSDT,918,2026-06-08 21:00,2,ABOVE,ABOVE,THROUGH,XUYEN,1,true,
BNBUSDT,919,2026-06-09 04:30,20,BOTH,ABOVE,THROUGH,XUYEN,1,true,
BNBUSDT,920,2026-06-13 21:30,11,BOTH,ABOVE,BLOCKED,XUYEN,2,false,false
BNBUSDT,922,2026-06-15 10:45,13,BOTH,ABOVE,BLOCKED,XUYEN,1,false,false
BNBUSDT,924,2026-06-16 22:00,14,BOTH,ABOVE,THROUGH,XUYEN,1,true,
BNBUSDT,925,2026-06-19 09:00,2,BELOW,BELOW,THROUGH,XUYEN,3,true,
BNBUSDT,926,2026-06-20 13:15,20,BOTH,BELOW,THROUGH,XUYEN,0,true,
BNBUSDT,928,2026-06-27 21:00,1,ABOVE,ABOVE,THROUGH,XUYEN,0,true,
BNBUSDT,929,2026-06-29 05:00,3,BOTH,BELOW,THROUGH,XUYEN,3,true,
BNBUSDT,930,2026-06-29 12:00,11,BOTH,ABOVE,THROUGH,XUYEN,3,true,
BNBUSDT,931,2026-07-01 01:00,7,BOTH,BELOW,THROUGH,XUYEN,0,true,
BNBUSDT,932,2026-07-01 11:00,3,BOTH,BELOW,THROUGH,XUYEN,2,true,
BNBUSDT,934,2026-07-03 19:15,3,ABOVE,ABOVE,BLOCKED,CHAN,1,false,true
BNBUSDT,935,2026-07-05 21:00,3,BOTH,BELOW,THROUGH,XUYEN,1,true,
BNBUSDT,936,2026-07-06 09:30,3,BELOW,BELOW,BLOCKED,XUYEN,3,false,false
BNBUSDT,937,2026-07-06 21:00,6,BOTH,ABOVE,THROUGH,XUYEN,1,true,
BNBUSDT,939,2026-07-08 16:30,8,BOTH,ABOVE,BLOCKED,XUYEN,1,false,false
BNBUSDT,940,2026-07-15 04:30,15,BOTH,BELOW,THROUGH,XUYEN,3,true,
BNBUSDT,941,2026-07-16 05:15,5,BOTH,ABOVE,THROUGH,XUYEN,4,true,
BNBUSDT,942,2026-07-17 13:00,3,BOTH,BELOW,THROUGH,XUYEN,2,true,
BNBUSDT,943,2026-07-17 22:00,28,BOTH,BELOW,THROUGH,XUYEN,0,true,
BNBUSDT,944,2026-07-20 11:30,3,ABOVE,ABOVE,THROUGH,XUYEN,0,true,
BNBUSDT,945,2026-07-23 07:00,6,BOTH,BELOW,THROUGH,XUYEN,3,true,
BNBUSDT,946,2026-07-24 07:00,3,BOTH,ABOVE,THROUGH,XUYEN,0,true,
BNBUSDT,948,2026-07-25 21:30,22,BOTH,ABOVE,BLOCKED,XUYEN,2,false,false
BNBUSDT,949,2026-08-01 04:30,17,BOTH,ABOVE,THROUGH,XUYEN,1,true,
BNBUSDT,950,2026-08-05 00:30,26,BOTH,ABOVE,BLOCKED,XUYEN,1,false,false
DOGEUSDT,0,2020-11-24 23:00,8,BOTH,ABOVE,THROUGH,XUYEN,1,true,
DOGEUSDT,1,2020-11-30 21:00,11,BOTH,ABOVE,BLOCKED,XUYEN,2,false,false
DOGEUSDT,2,2020-12-02 12:00,14,BOTH,BELOW,THROUGH,XUYEN,0,true,
DOGEUSDT,3,2020-12-03 11:30,20,BOTH,ABOVE,BLOCKED,XUYEN,2,false,false
DOGEUSDT,4,2020-12-04 16:00,14,BOTH,BELOW,BLOCKED,XUYEN,2,false,false
DOGEUSDT,5,2020-12-05 22:00,1,ABOVE,ABOVE,BLOCKED,CHAN,4,false,
DOGEUSDT,6,2020-12-06 02:30,10,BOTH,BELOW,THROUGH,XUYEN,1,true,
DOGEUSDT,7,2020-12-07 07:30,8,BOTH,ABOVE,THROUGH,XUYEN,2,true,
DOGEUSDT,8,2020-12-08 15:00,1,BELOW,BELOW,BLOCKED,CHAN,3,false,
DOGEUSDT,9,2020-12-09 07:45,3,BOTH,BELOW,THROUGH,XUYEN,2,true,
DOGEUSDT,10,2020-12-10 08:00,5,BOTH,ABOVE,THROUGH,XUYEN,2,true,
DOGEUSDT,11,2020-12-11 05:30,18,BOTH,ABOVE,THROUGH,XUYEN,0,true,
DOGEUSDT,12,2020-12-12 20:30,10,BOTH,ABOVE,BLOCKED,XUYEN,3,false,false
DOGEUSDT,13,2020-12-13 19:30,18,BOTH,ABOVE,BLOCKED,XUYEN,2,false,false
DOGEUSDT,15,2020-12-15 18:30,4,BOTH,ABOVE,THROUGH,XUYEN,3,true,
DOGEUSDT,16,2020-12-19 03:45,8,ABOVE,ABOVE,BLOCKED,XUYEN,1,false,false
DOGEUSDT,18,2020-12-23 00:00,52,BOTH,ABOVE,THROUGH,XUYEN,3,true,
DOGEUSDT,19,2020-12-27 11:30,14,BOTH,BELOW,THROUGH,XUYEN,0,true,
DOGEUSDT,20,2020-12-28 22:30,23,BOTH,BELOW,BLOCKED,XUYEN,3,false,false
DOGEUSDT,21,2020-12-31 12:45,8,BOTH,BELOW,BLOCKED,XUYEN,4,false,false
DOGEUSDT,23,2021-01-14 19:15,53,BOTH,ABOVE,THROUGH,XUYEN,3,true,
DOGEUSDT,24,2021-01-19 15:00,7,BELOW,BELOW,BLOCKED,XUYEN,3,false,false
DOGEUSDT,27,2021-02-05 14:00,13,BOTH,ABOVE,THROUGH,XUYEN,2,true,
DOGEUSDT,29,2021-02-07 07:30,4,ABOVE,ABOVE,BLOCKED,CHAN,2,false,true
DOGEUSDT,30,2021-02-07 13:00,1,ABOVE,ABOVE,BLOCKED,CHAN,2,false,
DOGEUSDT,31,2021-02-09 03:00,7,BOTH,ABOVE,THROUGH,XUYEN,4,true,
DOGEUSDT,33,2021-02-11 09:00,8,BOTH,ABOVE,BLOCKED,XUYEN,3,false,false
DOGEUSDT,34,2021-02-14 23:15,24,BOTH,ABOVE,THROUGH,XUYEN,2,true,
DOGEUSDT,35,2021-02-17 16:00,14,BOTH,BELOW,THROUGH,XUYEN,1,true,
DOGEUSDT,36,2021-02-19 20:30,13,BOTH,ABOVE,BLOCKED,XUYEN,1,false,false
DOGEUSDT,37,2021-02-20 20:45,12,BOTH,ABOVE,THROUGH,XUYEN,2,true,
DOGEUSDT,38,2021-02-21 21:15,5,BOTH,ABOVE,THROUGH,XUYEN,1,true,
DOGEUSDT,40,2021-02-24 13:00,11,BOTH,ABOVE,BLOCKED,XUYEN,2,false,false
DOGEUSDT,41,2021-03-01 19:45,8,ABOVE,ABOVE,BLOCKED,CHAN,2,false,true
DOGEUSDT,42,2021-03-04 09:15,16,BOTH,BELOW,BLOCKED,XUYEN,2,false,false
DOGEUSDT,43,2021-03-06 04:30,4,BOTH,ABOVE,THROUGH,XUYEN,1,true,
DOGEUSDT,44,2021-03-13 19:15,1,ABOVE,ABOVE,BLOCKED,CHAN,1,false,
DOGEUSDT,45,2021-03-13 23:30,10,BOTH,ABOVE,BLOCKED,XUYEN,2,false,false
DOGEUSDT,46,2021-03-15 06:30,39,BOTH,BELOW,BLOCKED,XUYEN,1,false,false
DOGEUSDT,47,2021-03-18 21:15,11,BOTH,ABOVE,THROUGH,XUYEN,2,true,
DOGEUSDT,48,2021-03-20 06:45,7,ABOVE,ABOVE,BLOCKED,XUYEN,0,false,false
DOGEUSDT,49,2021-03-23 05:15,10,BOTH,BELOW,BLOCKED,XUYEN,2,false,false
DOGEUSDT,50,2021-03-24 22:15,8,BELOW,BELOW,BLOCKED,CHAN,2,false,true
DOGEUSDT,51,2021-03-26 21:15,9,ABOVE,ABOVE,BLOCKED,CHAN,5,false,true
DOGEUSDT,52,2021-03-30 03:15,17,BOTH,ABOVE,BLOCKED,XUYEN,1,false,false
DOGEUSDT,53,2021-04-01 04:45,4,BOTH,BELOW,THROUGH,XUYEN,0,true,
DOGEUSDT,55,2021-04-09 07:30,1,ABOVE,ABOVE,BLOCKED,CHAN,2,false,
DOGEUSDT,58,2021-04-15 04:30,7,BOTH,ABOVE,BLOCKED,XUYEN,3,false,false
DOGEUSDT,59,2021-04-17 09:00,13,BOTH,BELOW,THROUGH,XUYEN,2,true,
DOGEUSDT,60,2021-04-19 22:15,11,BOTH,ABOVE,THROUGH,XUYEN,2,true,
DOGEUSDT,61,2021-04-25 15:45,34,BOTH,BELOW,BLOCKED,XUYEN,3,false,false
DOGEUSDT,62,2021-04-29 15:00,8,BOTH,ABOVE,THROUGH,XUYEN,1,true,
DOGEUSDT,63,2021-05-06 03:30,2,BELOW,BELOW,BLOCKED,CHAN,1,false,true
DOGEUSDT,64,2021-05-07 12:15,5,BOTH,BELOW,BLOCKED,XUYEN,2,false,false
DOGEUSDT,66,2021-05-12 05:45,4,BOTH,ABOVE,THROUGH,XUYEN,1,true,
DOGEUSDT,67,2021-05-12 22:00,1,BELOW,BELOW,BLOCKED,CHAN,3,false,
DOGEUSDT,69,2021-05-13 22:45,4,BOTH,ABOVE,BLOCKED,XUYEN,2,false,false
DOGEUSDT,70,2021-05-19 11:15,3,BELOW,BELOW,THROUGH,XUYEN,2,true,
DOGEUSDT,71,2021-05-20 10:30,5,BOTH,ABOVE,BLOCKED,XUYEN,3,false,false
DOGEUSDT,72,2021-05-22 22:00,9,BOTH,ABOVE,BLOCKED,XUYEN,3,false,false
DOGEUSDT,73,2021-05-24 19:45,3,ABOVE,ABOVE,BLOCKED,CHAN,3,false,true
DOGEUSDT,74,2021-05-25 05:30,17,BOTH,ABOVE,BLOCKED,XUYEN,4,false,false
DOGEUSDT,75,2021-05-29 11:15,28,BOTH,BELOW,THROUGH,XUYEN,2,true,
DOGEUSDT,76,2021-06-03 05:00,4,BOTH,ABOVE,THROUGH,XUYEN,3,true,
DOGEUSDT,78,2021-06-14 09:15,13,BOTH,ABOVE,THROUGH,XUYEN,1,true,
DOGEUSDT,79,2021-06-20 09:45,6,BOTH,BELOW,THROUGH,XUYEN,1,true,
DOGEUSDT,80,2021-06-23 00:00,1,BELOW,BELOW,THROUGH,XUYEN,1,true,
DOGEUSDT,81,2021-07-01 06:45,12,BOTH,BELOW,THROUGH,XUYEN,1,true,
DOGEUSDT,82,2021-07-02 03:00,7,BOTH,BELOW,BLOCKED,XUYEN,3,false,false
DOGEUSDT,83,2021-07-02 13:15,8,ABOVE,ABOVE,BLOCKED,CHAN,5,false,true
DOGEUSDT,86,2021-07-04 05:30,4,BOTH,ABOVE,THROUGH,XUYEN,1,true,
DOGEUSDT,87,2021-07-06 04:00,18,BOTH,ABOVE,THROUGH,XUYEN,1,true,
DOGEUSDT,88,2021-07-08 15:45,4,BOTH,ABOVE,THROUGH,XUYEN,1,true,
DOGEUSDT,90,2021-07-11 16:00,9,BOTH,ABOVE,BLOCKED,XUYEN,3,false,false
DOGEUSDT,91,2021-07-13 02:30,12,BOTH,ABOVE,THROUGH,XUYEN,1,true,
DOGEUSDT,93,2021-07-18 21:45,6,BOTH,ABOVE,THROUGH,XUYEN,0,true,
DOGEUSDT,94,2021-07-30 08:30,26,BOTH,BELOW,THROUGH,XUYEN,1,true,
DOGEUSDT,95,2021-08-03 12:00,19,BOTH,BELOW,THROUGH,XUYEN,2,true,
DOGEUSDT,98,2021-08-15 22:00,19,BOTH,ABOVE,BLOCKED,XUYEN,1,false,false
DOGEUSDT,99,2021-08-18 15:30,27,BOTH,ABOVE,BLOCKED,XUYEN,3,false,false
DOGEUSDT,100,2021-08-26 12:00,38,BOTH,BELOW,THROUGH,XUYEN,2,true,
DOGEUSDT,101,2021-09-02 11:30,1,ABOVE,ABOVE,THROUGH,XUYEN,0,true,
DOGEUSDT,102,2021-09-03 00:30,3,BOTH,BELOW,THROUGH,XUYEN,1,true,
DOGEUSDT,103,2021-09-03 08:45,11,BOTH,ABOVE,BLOCKED,XUYEN,1,false,false
DOGEUSDT,105,2021-09-08 03:15,9,BELOW,BELOW,BLOCKED,XUYEN,2,false,false
DOGEUSDT,106,2021-09-09 20:15,5,BOTH,BELOW,THROUGH,XUYEN,3,true,
DOGEUSDT,107,2021-09-10 14:00,21,BOTH,BELOW,BLOCKED,XUYEN,3,false,false
DOGEUSDT,108,2021-09-13 13:30,19,BOTH,ABOVE,THROUGH,XUYEN,0,true,
DOGEUSDT,109,2021-09-18 20:00,7,BELOW,BELOW,BLOCKED,CHAN,2,false,true
DOGEUSDT,110,2021-09-21 19:30,4,BOTH,ABOVE,THROUGH,XUYEN,1,true,
DOGEUSDT,111,2021-09-22 05:15,42,BOTH,ABOVE,THROUGH,XUYEN,2,true,
DOGEUSDT,112,2021-10-03 17:45,3,BOTH,ABOVE,THROUGH,XUYEN,1,true,
DOGEUSDT,113,2021-10-04 01:30,9,BOTH,ABOVE,THROUGH,XUYEN,2,true,
DOGEUSDT,114,2021-10-12 19:15,12,BOTH,ABOVE,THROUGH,XUYEN,0,true,
DOGEUSDT,115,2021-10-17 11:00,9,BOTH,ABOVE,BLOCKED,XUYEN,2,false,false
DOGEUSDT,116,2021-10-19 19:00,5,BOTH,BELOW,THROUGH,XUYEN,2,true,
DOGEUSDT,117,2021-10-20 05:00,11,BOTH,ABOVE,BLOCKED,XUYEN,2,false,false
DOGEUSDT,119,2021-10-23 17:00,2,ABOVE,ABOVE,BLOCKED,CHAN,0,false,true
DOGEUSDT,120,2021-10-24 08:00,3,BELOW,BELOW,THROUGH,XUYEN,1,true,
DOGEUSDT,121,2021-10-24 18:00,1,ABOVE,ABOVE,BLOCKED,CHAN,1,false,
DOGEUSDT,122,2021-10-25 08:00,20,BOTH,BELOW,THROUGH,XUYEN,1,true,
DOGEUSDT,123,2021-10-31 18:15,1,ABOVE,ABOVE,BLOCKED,CHAN,2,false,
DOGEUSDT,124,2021-11-03 18:00,5,BOTH,ABOVE,BLOCKED,XUYEN,2,false,false
DOGEUSDT,125,2021-11-06 01:30,21,BOTH,ABOVE,BLOCKED,XUYEN,2,false,false
DOGEUSDT,126,2021-11-07 16:30,6,BOTH,ABOVE,THROUGH,XUYEN,2,true,
DOGEUSDT,127,2021-11-08 19:15,6,ABOVE,ABOVE,BLOCKED,XUYEN,0,false,false
DOGEUSDT,128,2021-11-09 11:30,10,BOTH,BELOW,THROUGH,XUYEN,4,true,
DOGEUSDT,129,2021-11-10 19:30,2,BELOW,BELOW,BLOCKED,CHAN,1,false,true
DOGEUSDT,130,2021-11-12 09:15,32,BOTH,BELOW,BLOCKED,XUYEN,1,false,false
DOGEUSDT,133,2021-11-23 09:30,1,BELOW,BELOW,THROUGH,XUYEN,0,true,
DOGEUSDT,134,2021-11-24 01:00,2,BOTH,ABOVE,THROUGH,XUYEN,0,true,
DOGEUSDT,136,2021-11-26 17:15,8,BOTH,BELOW,BLOCKED,XUYEN,3,false,false
DOGEUSDT,137,2021-11-27 04:45,23,BOTH,ABOVE,BLOCKED,XUYEN,5,false,false
DOGEUSDT,138,2021-11-29 09:30,2,BELOW,BELOW,BLOCKED,XUYEN,4,false,false
DOGEUSDT,139,2021-11-30 03:30,23,BOTH,ABOVE,THROUGH,XUYEN,1,true,
DOGEUSDT,140,2021-12-02 03:00,2,BELOW,BELOW,BLOCKED,CHAN,2,false,true
DOGEUSDT,141,2021-12-02 08:30,9,BOTH,ABOVE,BLOCKED,XUYEN,4,false,false
DOGEUSDT,143,2021-12-05 14:00,5,BOTH,BELOW,THROUGH,XUYEN,1,true,
DOGEUSDT,144,2021-12-07 12:00,13,BOTH,BELOW,BLOCKED,XUYEN,3,false,false
DOGEUSDT,145,2021-12-08 10:30,12,BELOW,BELOW,BLOCKED,CHAN,3,false,true
DOGEUSDT,146,2021-12-10 06:45,14,BOTH,BELOW,THROUGH,XUYEN,2,true,
DOGEUSDT,148,2021-12-12 20:30,3,BOTH,ABOVE,THROUGH,XUYEN,2,true,
DOGEUSDT,149,2021-12-14 05:15,2,BOTH,ABOVE,THROUGH,XUYEN,3,true,
DOGEUSDT,151,2021-12-17 11:45,29,BOTH,BELOW,BLOCKED,XUYEN,3,false,false
DOGEUSDT,152,2021-12-20 09:00,4,BOTH,BELOW,THROUGH,XUYEN,1,true,
DOGEUSDT,153,2021-12-21 08:00,17,BOTH,ABOVE,BLOCKED,XUYEN,2,false,false
DOGEUSDT,154,2021-12-22 12:00,9,BOTH,ABOVE,THROUGH,XUYEN,2,true,
DOGEUSDT,155,2021-12-23 07:00,1,ABOVE,ABOVE,BLOCKED,CHAN,0,false,
DOGEUSDT,156,2021-12-25 21:45,23,BOTH,ABOVE,BLOCKED,XUYEN,2,false,false
DOGEUSDT,157,2021-12-28 14:30,1,BELOW,BELOW,BLOCKED,CHAN,2,false,
DOGEUSDT,158,2021-12-29 23:15,16,BOTH,BELOW,BLOCKED,XUYEN,3,false,false
DOGEUSDT,159,2021-12-31 08:15,16,BOTH,ABOVE,THROUGH,XUYEN,3,true,
DOGEUSDT,160,2022-01-02 09:15,11,BOTH,ABOVE,BLOCKED,XUYEN,3,false,false
DOGEUSDT,161,2022-01-03 14:00,2,BELOW,BELOW,BLOCKED,CHAN,2,false,true
DOGEUSDT,162,2022-01-05 14:30,4,ABOVE,ABOVE,BLOCKED,XUYEN,2,false,false
DOGEUSDT,163,2022-01-07 13:30,11,BOTH,BELOW,THROUGH,XUYEN,0,true,
DOGEUSDT,167,2022-01-14 04:30,8,BOTH,ABOVE,BLOCKED,XUYEN,2,false,false
DOGEUSDT,168,2022-01-17 20:00,9,BOTH,ABOVE,THROUGH,XUYEN,0,true,
DOGEUSDT,169,2022-01-19 02:45,9,BOTH,ABOVE,THROUGH,XUYEN,0,true,
DOGEUSDT,170,2022-01-20 03:45,5,ABOVE,ABOVE,BLOCKED,XUYEN,1,false,false
DOGEUSDT,171,2022-01-23 13:45,6,BOTH,ABOVE,THROUGH,XUYEN,2,true,
DOGEUSDT,172,2022-01-23 23:00,9,BOTH,ABOVE,BLOCKED,XUYEN,4,false,false
DOGEUSDT,173,2022-01-25 12:30,1,ABOVE,ABOVE,BLOCKED,CHAN,2,false,
DOGEUSDT,174,2022-01-26 18:00,2,BELOW,BELOW,THROUGH,XUYEN,1,true,
DOGEUSDT,175,2022-01-30 14:15,1,BELOW,BELOW,BLOCKED,CHAN,2,false,
DOGEUSDT,177,2022-01-31 10:45,24,BOTH,ABOVE,BLOCKED,XUYEN,3,false,false
DOGEUSDT,179,2022-02-06 12:45,6,BOTH,BELOW,THROUGH,XUYEN,2,true,
DOGEUSDT,181,2022-02-08 00:00,7,BOTH,BELOW,THROUGH,XUYEN,2,true,
DOGEUSDT,185,2022-02-11 22:45,13,BOTH,BELOW,BLOCKED,XUYEN,3,false,false
DOGEUSDT,186,2022-02-13 10:00,22,BOTH,ABOVE,THROUGH,XUYEN,2,true,
DOGEUSDT,187,2022-02-16 04:15,17,BOTH,BELOW,BLOCKED,XUYEN,3,false,false
DOGEUSDT,189,2022-02-19 06:15,10,BOTH,ABOVE,BLOCKED,XUYEN,0,false,false
DOGEUSDT,190,2022-02-19 21:15,6,BOTH,BELOW,THROUGH,XUYEN,3,true,
DOGEUSDT,191,2022-02-22 03:00,32,BOTH,BELOW,THROUGH,XUYEN,1,true,
DOGEUSDT,192,2022-02-28 22:30,1,ABOVE,ABOVE,BLOCKED,CHAN,1,false,
DOGEUSDT,193,2022-03-02 10:15,10,BOTH,ABOVE,THROUGH,XUYEN,0,true,
DOGEUSDT,194,2022-03-06 17:30,13,BOTH,BELOW,BLOCKED,XUYEN,3,false,false
DOGEUSDT,195,2022-03-10 13:30,35,BOTH,BELOW,THROUGH,XUYEN,0,true,
DOGEUSDT,196,2022-03-13 12:15,5,BELOW,BELOW,THROUGH,XUYEN,0,true,
DOGEUSDT,199,2022-03-14 09:30,4,BOTH,ABOVE,THROUGH,XUYEN,2,true,
DOGEUSDT,200,2022-03-15 07:00,16,BOTH,BELOW,BLOCKED,XUYEN,2,false,false
DOGEUSDT,201,2022-03-16 18:00,2,BOTH,BELOW,THROUGH,XUYEN,2,true,
DOGEUSDT,203,2022-03-19 09:00,3,BOTH,ABOVE,THROUGH,XUYEN,1,true,
DOGEUSDT,204,2022-03-20 17:30,7,BOTH,BELOW,THROUGH,XUYEN,3,true,
DOGEUSDT,205,2022-03-21 05:45,9,BOTH,ABOVE,BLOCKED,XUYEN,3,false,false
DOGEUSDT,207,2022-03-22 19:45,4,BELOW,BELOW,THROUGH,XUYEN,0,true,
DOGEUSDT,209,2022-03-27 03:30,2,BOTH,ABOVE,THROUGH,XUYEN,1,true,
DOGEUSDT,210,2022-03-27 16:00,13,BOTH,ABOVE,BLOCKED,XUYEN,3,false,false
DOGEUSDT,211,2022-04-01 12:00,1,BELOW,BELOW,THROUGH,XUYEN,0,true,
DOGEUSDT,212,2022-04-02 12:00,16,BOTH,BELOW,THROUGH,XUYEN,0,true,
DOGEUSDT,213,2022-04-05 10:30,4,BOTH,ABOVE,BLOCKED,XUYEN,2,false,false
DOGEUSDT,214,2022-04-07 08:15,11,BOTH,ABOVE,BLOCKED,XUYEN,3,false,false
DOGEUSDT,215,2022-04-08 02:15,9,BOTH,ABOVE,THROUGH,XUYEN,3,true,
DOGEUSDT,217,2022-04-10 00:45,2,BOTH,ABOVE,THROUGH,XUYEN,1,true,
DOGEUSDT,218,2022-04-12 11:15,24,BOTH,ABOVE,THROUGH,XUYEN,0,true,
DOGEUSDT,219,2022-04-15 20:15,10,BOTH,BELOW,THROUGH,XUYEN,3,true,
DOGEUSDT,220,2022-04-17 17:45,1,BELOW,BELOW,THROUGH,XUYEN,1,true,
DOGEUSDT,221,2022-04-18 04:15,15,BOTH,BELOW,BLOCKED,CHAN,2,false,true
DOGEUSDT,222,2022-04-20 03:30,16,BOTH,ABOVE,THROUGH,XUYEN,1,true,
DOGEUSDT,223,2022-04-23 23:30,16,BOTH,BELOW,THROUGH,XUYEN,1,true,
DOGEUSDT,224,2022-04-30 22:00,21,BOTH,BELOW,BLOCKED,XUYEN,2,false,false
DOGEUSDT,225,2022-05-02 04:45,12,BOTH,ABOVE,THROUGH,XUYEN,0,true,
DOGEUSDT,226,2022-05-05 13:15,1,ABOVE,ABOVE,THROUGH,XUYEN,0,true,
DOGEUSDT,227,2022-05-06 07:30,2,BELOW,BELOW,BLOCKED,CHAN,2,false,true
DOGEUSDT,228,2022-05-06 22:15,6,ABOVE,ABOVE,BLOCKED,CHAN,2,false,true
DOGEUSDT,229,2022-05-07 14:45,2,ABOVE,ABOVE,BLOCKED,XUYEN,2,false,false
DOGEUSDT,230,2022-05-08 17:00,3,BELOW,BELOW,BLOCKED,CHAN,1,false,true
DOGEUSDT,231,2022-05-11 11:45,1,BELOW,BELOW,BLOCKED,CHAN,3,false,
DOGEUSDT,232,2022-05-12 21:00,2,BOTH,ABOVE,THROUGH,XUYEN,3,true,
DOGEUSDT,233,2022-05-13 09:45,8,BOTH,BELOW,THROUGH,XUYEN,1,true,
DOGEUSDT,235,2022-05-21 20:30,8,BOTH,BELOW,BLOCKED,XUYEN,1,false,false
DOGEUSDT,236,2022-05-22 04:15,8,BOTH,BELOW,BLOCKED,XUYEN,1,false,false
DOGEUSDT,237,2022-05-26 08:15,1,BELOW,BELOW,BLOCKED,CHAN,1,false,
DOGEUSDT,238,2022-05-26 23:00,5,BOTH,BELOW,BLOCKED,XUYEN,2,false,false
DOGEUSDT,240,2022-05-31 13:30,2,BELOW,BELOW,BLOCKED,CHAN,2,false,true
DOGEUSDT,241,2022-05-31 17:45,13,BOTH,ABOVE,BLOCKED,XUYEN,5,false,false
DOGEUSDT,242,2022-06-02 22:00,8,BOTH,ABOVE,THROUGH,XUYEN,2,true,
DOGEUSDT,243,2022-06-03 12:30,17,BOTH,BELOW,BLOCKED,XUYEN,2,false,false
DOGEUSDT,244,2022-06-06 12:45,3,BELOW,BELOW,BLOCKED,CHAN,1,false,true
DOGEUSDT,246,2022-06-12 12:45,4,BOTH,BELOW,THROUGH,XUYEN,2,true,
DOGEUSDT,247,2022-06-16 21:45,19,BOTH,BELOW,THROUGH,XUYEN,1,true,
DOGEUSDT,250,2022-06-24 21:45,16,BOTH,ABOVE,THROUGH,XUYEN,2,true,
DOGEUSDT,251,2022-06-27 09:30,2,BOTH,ABOVE,THROUGH,XUYEN,2,true,
DOGEUSDT,252,2022-06-27 18:00,13,BOTH,ABOVE,THROUGH,XUYEN,1,true,
DOGEUSDT,253,2022-06-29 02:00,37,BOTH,BELOW,THROUGH,XUYEN,1,true,
DOGEUSDT,254,2022-07-03 04:45,4,BOTH,ABOVE,THROUGH,XUYEN,2,true,
DOGEUSDT,255,2022-07-04 00:00,5,BOTH,ABOVE,THROUGH,XUYEN,1,true,
DOGEUSDT,257,2022-07-05 18:30,8,BOTH,ABOVE,BLOCKED,XUYEN,1,false,false
DOGEUSDT,259,2022-07-06 22:00,17,BOTH,ABOVE,BLOCKED,XUYEN,2,false,false
DOGEUSDT,261,2022-07-11 13:30,1,BELOW,BELOW,BLOCKED,CHAN,3,false,
DOGEUSDT,262,2022-07-11 21:45,25,BOTH,BELOW,THROUGH,XUYEN,1,true,
DOGEUSDT,263,2022-07-20 20:00,6,BELOW,BELOW,THROUGH,XUYEN,0,true,
DOGEUSDT,264,2022-07-22 19:30,4,BOTH,BELOW,THROUGH,XUYEN,2,true,
DOGEUSDT,266,2022-07-26 11:45,4,BOTH,ABOVE,THROUGH,XUYEN,2,true,
DOGEUSDT,268,2022-07-29 03:30,10,BOTH,ABOVE,BLOCKED,XUYEN,1,false,false
DOGEUSDT,269,2022-07-30 01:45,4,BOTH,BELOW,BLOCKED,XUYEN,4,false,false
DOGEUSDT,270,2022-07-30 08:45,25,BOTH,ABOVE,BLOCKED,XUYEN,3,false,false
DOGEUSDT,271,2022-08-02 02:30,27,BOTH,BELOW,THROUGH,XUYEN,1,true,
DOGEUSDT,272,2022-08-04 06:15,6,BOTH,BELOW,BLOCKED,XUYEN,3,false,false
DOGEUSDT,273,2022-08-08 13:45,7,BOTH,ABOVE,THROUGH,XUYEN,0,true,
DOGEUSDT,274,2022-08-09 06:30,38,BOTH,ABOVE,THROUGH,XUYEN,1,true,
DOGEUSDT,275,2022-08-13 05:00,4,ABOVE,ABOVE,BLOCKED,XUYEN,1,false,false
DOGEUSDT,276,2022-08-13 16:15,8,BOTH,ABOVE,BLOCKED,XUYEN,0,false,false
DOGEUSDT,278,2022-08-14 13:15,14,BOTH,BELOW,THROUGH,XUYEN,2,true,
DOGEUSDT,280,2022-08-19 21:45,24,BOTH,BELOW,BLOCKED,XUYEN,2,false,false
DOGEUSDT,281,2022-08-21 15:30,3,BOTH,BELOW,THROUGH,XUYEN,2,true,
DOGEUSDT,282,2022-08-21 20:45,5,BOTH,ABOVE,THROUGH,XUYEN,2,true,
DOGEUSDT,283,2022-08-22 13:15,4,BOTH,BELOW,THROUGH,XUYEN,1,true,
DOGEUSDT,285,2022-08-24 21:45,5,BOTH,BELOW,THROUGH,XUYEN,1,true,
DOGEUSDT,286,2022-08-25 10:15,4,ABOVE,ABOVE,BLOCKED,CHAN,1,false,true
DOGEUSDT,287,2022-08-25 15:15,8,BELOW,BELOW,BLOCKED,CHAN,5,false,true
DOGEUSDT,289,2022-08-28 21:45,13,BOTH,BELOW,BLOCKED,XUYEN,1,false,false
DOGEUSDT,290,2022-09-02 03:00,4,BOTH,ABOVE,THROUGH,XUYEN,1,true,
DOGEUSDT,291,2022-09-02 12:30,5,BOTH,ABOVE,BLOCKED,XUYEN,3,false,false
DOGEUSDT,292,2022-09-03 05:30,4,ABOVE,ABOVE,BLOCKED,CHAN,3,false,true
DOGEUSDT,293,2022-09-03 12:00,4,ABOVE,ABOVE,BLOCKED,CHAN,3,false,true
DOGEUSDT,294,2022-09-04 09:30,13,BOTH,ABOVE,THROUGH,XUYEN,1,true,
DOGEUSDT,296,2022-09-07 20:15,12,BOTH,ABOVE,THROUGH,XUYEN,1,true,
DOGEUSDT,297,2022-09-09 08:45,15,BOTH,ABOVE,BLOCKED,XUYEN,2,false,false
DOGEUSDT,298,2022-09-10 21:45,28,BOTH,ABOVE,THROUGH,XUYEN,1,true,
DOGEUSDT,300,2022-09-13 23:00,2,BOTH,BELOW,THROUGH,XUYEN,1,true,
DOGEUSDT,301,2022-09-14 07:00,32,BOTH,ABOVE,THROUGH,XUYEN,0,true,
DOGEUSDT,306,2022-09-19 02:15,18,BOTH,BELOW,BLOCKED,XUYEN,1,false,false
DOGEUSDT,307,2022-09-21 17:30,2,ABOVE,ABOVE,THROUGH,XUYEN,0,true,
DOGEUSDT,308,2022-09-22 02:30,4,ABOVE,ABOVE,BLOCKED,CHAN,2,false,true
DOGEUSDT,309,2022-09-25 04:00,4,BOTH,BELOW,BLOCKED,XUYEN,0,false,false
DOGEUSDT,310,2022-09-30 21:30,3,ABOVE,ABOVE,BLOCKED,CHAN,1,false,true
DOGEUSDT,312,2022-10-02 18:00,18,BOTH,ABOVE,THROUGH,XUYEN,1,true,
DOGEUSDT,313,2022-10-04 16:00,14,BOTH,ABOVE,THROUGH,XUYEN,1,true,
DOGEUSDT,314,2022-10-11 23:00,22,BOTH,ABOVE,BLOCKED,XUYEN,1,false,false
DOGEUSDT,315,2022-10-14 21:45,11,BOTH,BELOW,THROUGH,XUYEN,3,true,
DOGEUSDT,316,2022-10-15 15:15,6,BOTH,ABOVE,THROUGH,XUYEN,2,true,
DOGEUSDT,317,2022-10-15 23:00,13,BOTH,BELOW,THROUGH,XUYEN,1,true,
DOGEUSDT,318,2022-10-16 19:30,9,BOTH,ABOVE,THROUGH,XUYEN,0,true,
DOGEUSDT,319,2022-10-18 17:30,2,ABOVE,ABOVE,THROUGH,XUYEN,0,true,
DOGEUSDT,320,2022-10-19 01:30,5,BOTH,ABOVE,BLOCKED,XUYEN,2,false,false
DOGEUSDT,321,2022-10-19 13:30,4,BOTH,BELOW,THROUGH,XUYEN,2,true,
DOGEUSDT,322,2022-10-19 18:45,50,BOTH,ABOVE,THROUGH,XUYEN,1,true,
DOGEUSDT,323,2022-10-24 18:45,3,ABOVE,ABOVE,BLOCKED,CHAN,1,false,true
DOGEUSDT,324,2022-10-27 18:30,5,BOTH,ABOVE,BLOCKED,XUYEN,2,false,false
DOGEUSDT,326,2022-10-30 04:00,16,BOTH,ABOVE,THROUGH,XUYEN,2,true,
DOGEUSDT,328,2022-11-01 09:00,6,BOTH,ABOVE,THROUGH,XUYEN,3,true,
DOGEUSDT,329,2022-11-05 23:00,1,BELOW,BELOW,BLOCKED,CHAN,1,false,
DOGEUSDT,330,2022-11-06 23:00,5,BELOW,BELOW,BLOCKED,CHAN,2,false,true
DOGEUSDT,332,2022-11-08 02:45,1,BELOW,BELOW,BLOCKED,CHAN,1,false,
DOGEUSDT,333,2022-11-10 13:30,10,BOTH,ABOVE,BLOCKED,XUYEN,2,false,false
DOGEUSDT,334,2022-11-12 07:15,11,BOTH,ABOVE,THROUGH,XUYEN,2,true,
DOGEUSDT,336,2022-11-23 23:00,22,BOTH,ABOVE,BLOCKED,XUYEN,0,false,false
DOGEUSDT,338,2022-11-26 22:30,2,BELOW,BELOW,BLOCKED,CHAN,2,false,true
DOGEUSDT,340,2022-11-28 05:45,16,BOTH,BELOW,THROUGH,XUYEN,3,true,
DOGEUSDT,341,2022-11-29 10:15,10,BOTH,BELOW,THROUGH,XUYEN,0,true,
DOGEUSDT,342,2022-11-30 17:15,14,BOTH,BELOW,THROUGH,XUYEN,1,true,
DOGEUSDT,343,2022-12-03 06:00,14,BOTH,BELOW,THROUGH,XUYEN,1,true,
DOGEUSDT,344,2022-12-04 08:15,16,BOTH,ABOVE,BLOCKED,XUYEN,2,false,false
DOGEUSDT,345,2022-12-05 19:15,2,BELOW,BELOW,BLOCKED,CHAN,2,false,true
DOGEUSDT,346,2022-12-06 05:30,4,BELOW,BELOW,BLOCKED,CHAN,2,false,true
DOGEUSDT,347,2022-12-06 17:00,7,BOTH,BELOW,THROUGH,XUYEN,2,true,
DOGEUSDT,348,2022-12-07 20:00,6,ABOVE,ABOVE,BLOCKED,CHAN,2,false,true
DOGEUSDT,349,2022-12-08 02:30,6,ABOVE,ABOVE,BLOCKED,XUYEN,1,false,false
DOGEUSDT,351,2022-12-09 18:00,23,BOTH,BELOW,BLOCKED,XUYEN,3,false,false
DOGEUSDT,352,2022-12-11 03:30,12,BOTH,ABOVE,BLOCKED,XUYEN,4,false,false
DOGEUSDT,354,2022-12-12 02:45,10,BOTH,BELOW,BLOCKED,XUYEN,2,false,false
DOGEUSDT,358,2022-12-18 18:00,3,ABOVE,ABOVE,BLOCKED,CHAN,1,false,true
DOGEUSDT,361,2022-12-19 22:30,4,BOTH,BELOW,THROUGH,XUYEN,1,true,
DOGEUSDT,363,2022-12-23 13:30,5,BELOW,BELOW,BLOCKED,CHAN,3,false,true
DOGEUSDT,364,2022-12-24 05:15,10,BELOW,BELOW,BLOCKED,CHAN,2,false,true
DOGEUSDT,365,2022-12-25 05:00,4,BELOW,BELOW,BLOCKED,CHAN,4,false,true
DOGEUSDT,366,2022-12-25 14:30,4,BELOW,BELOW,BLOCKED,CHAN,2,false,true
DOGEUSDT,367,2022-12-26 21:45,5,BOTH,BELOW,THROUGH,XUYEN,1,true,
DOGEUSDT,369,2022-12-28 14:30,6,ABOVE,ABOVE,BLOCKED,CHAN,2,false,true
DOGEUSDT,370,2022-12-28 21:15,15,BELOW,BELOW,BLOCKED,CHAN,4,false,true
DOGEUSDT,371,2022-12-30 07:15,24,BOTH,BELOW,THROUGH,XUYEN,1,true,
DOGEUSDT,372,2023-01-08 00:30,6,BOTH,BELOW,BLOCKED,XUYEN,1,false,false
DOGEUSDT,374,2023-01-11 12:15,8,BOTH,BELOW,BLOCKED,XUYEN,2,false,false
DOGEUSDT,375,2023-01-14 14:30,12,BOTH,BELOW,BLOCKED,XUYEN,1,false,false
DOGEUSDT,377,2023-01-16 15:00,23,BOTH,BELOW,BLOCKED,XUYEN,2,false,false
DOGEUSDT,378,2023-01-17 23:00,4,BOTH,BELOW,THROUGH,XUYEN,2,true,
DOGEUSDT,379,2023-01-18 20:30,11,BOTH,BELOW,BLOCKED,XUYEN,2,false,false
DOGEUSDT,380,2023-01-20 20:00,1,ABOVE,ABOVE,BLOCKED,CHAN,2,false,
DOGEUSDT,381,2023-01-21 15:45,17,BOTH,BELOW,BLOCKED,XUYEN,1,false,false
DOGEUSDT,382,2023-01-24 00:00,2,BOTH,BELOW,THROUGH,XUYEN,0,true,
DOGEUSDT,384,2023-01-24 21:45,5,BELOW,BELOW,BLOCKED,XUYEN,1,false,false
DOGEUSDT,385,2023-01-28 04:45,1,ABOVE,ABOVE,BLOCKED,CHAN,4,false,
DOGEUSDT,386,2023-01-28 12:00,12,BOTH,BELOW,BLOCKED,XUYEN,1,false,false
DOGEUSDT,387,2023-01-30 09:00,1,BELOW,BELOW,BLOCKED,CHAN,2,false,
DOGEUSDT,388,2023-01-30 17:15,4,BOTH,ABOVE,THROUGH,XUYEN,1,true,
DOGEUSDT,389,2023-01-31 16:30,6,BOTH,ABOVE,BLOCKED,CHAN,3,false,true
DOGEUSDT,390,2023-02-01 13:00,27,BOTH,BELOW,BLOCKED,XUYEN,2,false,false
DOGEUSDT,391,2023-02-04 11:00,3,ABOVE,ABOVE,BLOCKED,CHAN,0,false,true
DOGEUSDT,393,2023-02-06 05:15,12,BOTH,BELOW,THROUGH,XUYEN,3,true,
DOGEUSDT,394,2023-02-06 23:00,13,BOTH,BELOW,BLOCKED,XUYEN,2,false,false
DOGEUSDT,395,2023-02-11 21:45,5,ABOVE,ABOVE,BLOCKED,CHAN,1,false,true
DOGEUSDT,396,2023-02-12 09:00,5,BOTH,ABOVE,BLOCKED,XUYEN,2,false,false
DOGEUSDT,397,2023-02-13 04:15,19,BOTH,ABOVE,THROUGH,XUYEN,2,true,
DOGEUSDT,399,2023-02-20 08:15,20,BOTH,BELOW,THROUGH,XUYEN,1,true,
DOGEUSDT,400,2023-02-21 21:15,16,BOTH,BELOW,BLOCKED,XUYEN,3,false,false
DOGEUSDT,402,2023-02-27 05:45,20,BOTH,BELOW,THROUGH,XUYEN,1,true,
DOGEUSDT,403,2023-03-01 19:45,4,BOTH,BELOW,THROUGH,XUYEN,3,true,
DOGEUSDT,405,2023-03-03 13:45,5,ABOVE,ABOVE,BLOCKED,CHAN,2,false,true
DOGEUSDT,406,2023-03-04 05:30,4,BOTH,BELOW,THROUGH,XUYEN,3,true,
DOGEUSDT,407,2023-03-05 02:30,12,BELOW,BELOW,BLOCKED,CHAN,1,false,true
DOGEUSDT,408,2023-03-07 00:30,3,BOTH,ABOVE,THROUGH,XUYEN,1,true,
DOGEUSDT,409,2023-03-07 15:00,7,BELOW,BELOW,BLOCKED,CHAN,2,false,true
DOGEUSDT,410,2023-03-08 15:00,6,BOTH,ABOVE,THROUGH,XUYEN,2,true,
DOGEUSDT,413,2023-03-14 05:00,4,BOTH,ABOVE,THROUGH,XUYEN,0,true,
DOGEUSDT,414,2023-03-14 12:30,3,ABOVE,ABOVE,BLOCKED,XUYEN,1,false,false
DOGEUSDT,416,2023-03-18 21:45,22,BOTH,BELOW,BLOCKED,XUYEN,2,false,false
DOGEUSDT,417,2023-03-21 05:30,3,BOTH,BELOW,THROUGH,XUYEN,1,true,
DOGEUSDT,418,2023-03-21 17:00,15,BOTH,ABOVE,THROUGH,XUYEN,3,true,
DOGEUSDT,420,2023-03-23 21:15,5,BOTH,BELOW,THROUGH,XUYEN,2,true,
DOGEUSDT,421,2023-03-24 11:45,19,BOTH,BELOW,BLOCKED,XUYEN,2,false,false
DOGEUSDT,422,2023-03-26 08:30,13,BOTH,ABOVE,THROUGH,XUYEN,1,true,
DOGEUSDT,424,2023-03-29 12:00,10,BOTH,BELOW,BLOCKED,XUYEN,0,false,false
DOGEUSDT,425,2023-03-29 22:00,5,BOTH,BELOW,THROUGH,XUYEN,4,true,
DOGEUSDT,426,2023-03-31 05:45,2,BELOW,BELOW,BLOCKED,XUYEN,0,false,false
DOGEUSDT,427,2023-04-01 03:15,8,BOTH,ABOVE,THROUGH,XUYEN,1,true,
DOGEUSDT,431,2023-04-09 06:00,4,BELOW,BELOW,BLOCKED,XUYEN,2,false,false
DOGEUSDT,433,2023-04-10 22:00,1,ABOVE,ABOVE,BLOCKED,CHAN,1,false,
DOGEUSDT,434,2023-04-11 18:45,2,ABOVE,ABOVE,THROUGH,XUYEN,0,true,
DOGEUSDT,435,2023-04-12 17:45,3,BOTH,ABOVE,THROUGH,XUYEN,3,true,
DOGEUSDT,436,2023-04-12 22:00,4,ABOVE,ABOVE,BLOCKED,CHAN,3,false,true
DOGEUSDT,438,2023-04-17 07:15,4,ABOVE,ABOVE,BLOCKED,CHAN,2,false,true
DOGEUSDT,440,2023-04-20 13:15,1,BELOW,BELOW,BLOCKED,CHAN,3,false,
DOGEUSDT,441,2023-04-21 17:15,3,BELOW,BELOW,THROUGH,XUYEN,1,true,
DOGEUSDT,442,2023-04-27 12:30,19,BOTH,BELOW,BLOCKED,XUYEN,2,false,false
DOGEUSDT,443,2023-05-01 01:30,2,BOTH,BELOW,THROUGH,XUYEN,1,true,
DOGEUSDT,444,2023-05-04 18:00,5,ABOVE,ABOVE,BLOCKED,CHAN,0,false,true
DOGEUSDT,446,2023-05-05 12:30,3,BOTH,BELOW,THROUGH,XUYEN,0,true,
DOGEUSDT,448,2023-05-10 17:00,3,BELOW,BELOW,BLOCKED,CHAN,1,false,true
DOGEUSDT,449,2023-05-12 05:45,9,BOTH,BELOW,THROUGH,XUYEN,1,true,
DOGEUSDT,450,2023-05-12 19:15,3,BOTH,BELOW,THROUGH,XUYEN,0,true,
DOGEUSDT,451,2023-05-14 15:00,3,BOTH,ABOVE,THROUGH,XUYEN,2,true,
DOGEUSDT,452,2023-05-15 11:30,4,BELOW,BELOW,BLOCKED,XUYEN,2,false,false
DOGEUSDT,453,2023-05-16 12:30,13,BOTH,ABOVE,THROUGH,XUYEN,2,true,
DOGEUSDT,454,2023-05-21 00:30,6,BOTH,ABOVE,BLOCKED,XUYEN,0,false,false
DOGEUSDT,455,2023-05-21 15:30,10,BOTH,BELOW,THROUGH,XUYEN,1,true,
DOGEUSDT,456,2023-05-23 10:30,1,ABOVE,ABOVE,THROUGH,XUYEN,1,true,
DOGEUSDT,457,2023-05-24 13:45,3,BELOW,BELOW,BLOCKED,CHAN,2,false,true
DOGEUSDT,459,2023-05-27 13:45,3,BELOW,BELOW,BLOCKED,XUYEN,3,false,false
DOGEUSDT,461,2023-05-28 08:15,3,BELOW,BELOW,BLOCKED,CHAN,2,false,true
DOGEUSDT,462,2023-05-28 18:15,5,ABOVE,ABOVE,BLOCKED,CHAN,3,false,true
DOGEUSDT,463,2023-05-29 22:00,5,BOTH,BELOW,THROUGH,XUYEN,2,true,
DOGEUSDT,464,2023-05-30 04:00,2,BOTH,BELOW,THROUGH,XUYEN,2,true,
DOGEUSDT,465,2023-05-31 02:00,1,BELOW,BELOW,BLOCKED,CHAN,1,false,
DOGEUSDT,466,2023-06-01 02:45,22,BOTH,BELOW,THROUGH,XUYEN,2,true,
DOGEUSDT,467,2023-06-02 12:30,3,BOTH,BELOW,THROUGH,XUYEN,2,true,
DOGEUSDT,468,2023-06-03 19:45,7,BOTH,BELOW,THROUGH,XUYEN,3,true,
DOGEUSDT,469,2023-06-05 15:00,3,BELOW,BELOW,THROUGH,XUYEN,1,true,
DOGEUSDT,471,2023-06-10 00:15,2,ABOVE,ABOVE,THROUGH,XUYEN,1,true,
DOGEUSDT,473,2023-06-12 16:00,4,BOTH,ABOVE,THROUGH,XUYEN,2,true,
DOGEUSDT,474,2023-06-13 08:00,20,BOTH,ABOVE,THROUGH,XUYEN,3,true,
DOGEUSDT,475,2023-06-15 18:45,2,ABOVE,ABOVE,BLOCKED,CHAN,2,false,true
DOGEUSDT,476,2023-06-16 05:00,13,BOTH,ABOVE,BLOCKED,XUYEN,2,false,false
DOGEUSDT,477,2023-06-17 05:30,6,ABOVE,ABOVE,BLOCKED,CHAN,1,false,true
DOGEUSDT,478,2023-06-17 22:00,30,BOTH,ABOVE,THROUGH,XUYEN,1,true,
DOGEUSDT,479,2023-06-22 11:00,15,BOTH,BELOW,THROUGH,XUYEN,1,true,
DOGEUSDT,481,2023-06-29 09:00,6,ABOVE,ABOVE,BLOCKED,CHAN,1,false,true
DOGEUSDT,482,2023-07-01 01:00,1,ABOVE,ABOVE,BLOCKED,CHAN,1,false,
DOGEUSDT,483,2023-07-01 16:00,5,BOTH,ABOVE,BLOCKED,XUYEN,1,false,false
DOGEUSDT,484,2023-07-02 11:30,7,BOTH,ABOVE,THROUGH,XUYEN,0,true,
DOGEUSDT,485,2023-07-03 12:00,13,BOTH,BELOW,BLOCKED,XUYEN,3,false,false
DOGEUSDT,486,2023-07-05 03:45,4,ABOVE,ABOVE,BLOCKED,XUYEN,0,false,false
DOGEUSDT,487,2023-07-05 10:30,5,BOTH,BELOW,BLOCKED,XUYEN,1,false,false
DOGEUSDT,488,2023-07-08 22:45,16,BOTH,ABOVE,BLOCKED,XUYEN,2,false,false
DOGEUSDT,490,2023-07-10 18:30,19,BOTH,ABOVE,BLOCKED,XUYEN,1,false,false
DOGEUSDT,491,2023-07-12 19:15,8,BOTH,BELOW,THROUGH,XUYEN,4,true,
DOGEUSDT,494,2023-07-16 02:15,2,BELOW,BELOW,BLOCKED,CHAN,1,false,true
DOGEUSDT,495,2023-07-17 05:30,3,BOTH,ABOVE,THROUGH,XUYEN,1,true,
DOGEUSDT,497,2023-07-18 16:45,10,BOTH,BELOW,THROUGH,XUYEN,2,true,
DOGEUSDT,499,2023-07-20 09:30,6,BOTH,ABOVE,THROUGH,XUYEN,1,true,
DOGEUSDT,501,2023-07-22 23:15,2,BOTH,BELOW,BLOCKED,CHAN,2,false,true
DOGEUSDT,502,2023-07-23 04:00,4,ABOVE,ABOVE,BLOCKED,CHAN,3,false,true
DOGEUSDT,503,2023-07-24 07:30,1,ABOVE,ABOVE,BLOCKED,CHAN,0,false,
DOGEUSDT,504,2023-07-25 16:30,8,BOTH,ABOVE,BLOCKED,XUYEN,2,false,false
DOGEUSDT,505,2023-07-27 07:45,8,BOTH,ABOVE,BLOCKED,XUYEN,2,false,false
DOGEUSDT,507,2023-07-30 14:30,3,BELOW,BELOW,BLOCKED,CHAN,2,false,true
DOGEUSDT,508,2023-07-30 19:45,5,BOTH,BELOW,BLOCKED,XUYEN,1,false,false
DOGEUSDT,509,2023-07-31 19:45,1,BELOW,BELOW,BLOCKED,CHAN,2,false,
DOGEUSDT,510,2023-08-01 12:30,4,BOTH,ABOVE,THROUGH,XUYEN,2,true,
DOGEUSDT,511,2023-08-01 22:00,4,BOTH,ABOVE,THROUGH,XUYEN,2,true,
DOGEUSDT,512,2023-08-03 08:15,4,BOTH,BELOW,THROUGH,XUYEN,1,true,
DOGEUSDT,513,2023-08-03 21:45,13,BOTH,BELOW,BLOCKED,XUYEN,2,false,false
DOGEUSDT,514,2023-08-06 10:30,3,BELOW,BELOW,BLOCKED,CHAN,2,false,true
DOGEUSDT,515,2023-08-06 20:45,17,BOTH,ABOVE,THROUGH,XUYEN,0,true,
DOGEUSDT,516,2023-08-09 06:00,8,BOTH,BELOW,THROUGH,XUYEN,3,true,
DOGEUSDT,517,2023-08-09 21:00,2,BOTH,BELOW,THROUGH,XUYEN,2,true,
DOGEUSDT,518,2023-08-11 11:30,8,BOTH,ABOVE,THROUGH,XUYEN,1,true,
DOGEUSDT,519,2023-08-13 11:00,2,BELOW,BELOW,BLOCKED,CHAN,3,false,true
DOGEUSDT,520,2023-08-13 15:15,2,BELOW,BELOW,BLOCKED,CHAN,2,false,true
DOGEUSDT,522,2023-08-14 20:00,1,ABOVE,ABOVE,BLOCKED,CHAN,1,false,
DOGEUSDT,523,2023-08-15 02:15,1,ABOVE,ABOVE,THROUGH,XUYEN,3,true,
DOGEUSDT,526,2023-08-16 12:15,2,BELOW,BELOW,BLOCKED,CHAN,2,false,true
DOGEUSDT,529,2023-08-17 21:30,1,BELOW,BELOW,BLOCKED,CHAN,2,false,
DOGEUSDT,530,2023-08-21 15:15,5,BOTH,BELOW,THROUGH,XUYEN,3,true,
DOGEUSDT,531,2023-08-22 06:00,3,BOTH,ABOVE,BLOCKED,CHAN,3,false,true
DOGEUSDT,532,2023-08-22 21:15,1,BELOW,BELOW,THROUGH,XUYEN,0,true,
DOGEUSDT,533,2023-08-23 07:45,8,BOTH,ABOVE,BLOCKED,XUYEN,2,false,false
DOGEUSDT,534,2023-08-24 20:45,5,BOTH,BELOW,THROUGH,XUYEN,2,true,
DOGEUSDT,536,2023-08-25 13:00,5,BOTH,ABOVE,THROUGH,XUYEN,0,true,
DOGEUSDT,537,2023-08-26 03:00,10,BOTH,ABOVE,BLOCKED,XUYEN,2,false,false
DOGEUSDT,538,2023-08-27 07:00,12,BOTH,ABOVE,BLOCKED,XUYEN,3,false,false
DOGEUSDT,539,2023-08-28 05:30,6,BELOW,BELOW,BLOCKED,XUYEN,2,false,false
DOGEUSDT,540,2023-08-28 19:15,11,BOTH,BELOW,THROUGH,XUYEN,2,true,
DOGEUSDT,542,2023-08-30 08:30,18,BOTH,ABOVE,THROUGH,XUYEN,2,true,
DOGEUSDT,543,2023-09-04 07:45,18,BOTH,ABOVE,THROUGH,XUYEN,2,true,
DOGEUSDT,544,2023-09-06 14:00,3,BELOW,BELOW,BLOCKED,CHAN,2,false,true
DOGEUSDT,545,2023-09-07 03:00,1,ABOVE,ABOVE,THROUGH,XUYEN,3,true,
DOGEUSDT,546,2023-09-07 07:30,11,BOTH,ABOVE,THROUGH,XUYEN,1,true,
DOGEUSDT,548,2023-09-09 05:45,13,BOTH,BELOW,BLOCKED,XUYEN,3,false,false
DOGEUSDT,549,2023-09-11 03:15,5,BOTH,BELOW,THROUGH,XUYEN,1,true,
DOGEUSDT,550,2023-09-11 19:15,1,BELOW,BELOW,THROUGH,XUYEN,2,true,
DOGEUSDT,552,2023-09-12 08:45,5,BOTH,BELOW,THROUGH,XUYEN,2,true,
DOGEUSDT,554,2023-09-13 07:30,7,BOTH,ABOVE,THROUGH,XUYEN,0,true,
DOGEUSDT,555,2023-09-14 00:00,19,BOTH,ABOVE,BLOCKED,XUYEN,2,false,false
DOGEUSDT,556,2023-09-18 09:30,11,BOTH,ABOVE,THROUGH,XUYEN,1,true,
DOGEUSDT,557,2023-09-20 18:00,1,ABOVE,ABOVE,BLOCKED,CHAN,3,false,
DOGEUSDT,558,2023-09-20 19:15,9,BOTH,BELOW,THROUGH,XUYEN,2,true,
DOGEUSDT,559,2023-09-24 23:15,17,BOTH,BELOW,BLOCKED,XUYEN,0,false,false
DOGEUSDT,560,2023-09-26 13:30,2,BOTH,ABOVE,THROUGH,XUYEN,0,true,
DOGEUSDT,561,2023-09-26 21:15,7,BOTH,BELOW,THROUGH,XUYEN,2,true,
DOGEUSDT,562,2023-09-28 10:30,3,ABOVE,ABOVE,BLOCKED,CHAN,3,false,true
DOGEUSDT,565,2023-10-04 19:00,23,BOTH,ABOVE,BLOCKED,XUYEN,2,false,false
DOGEUSDT,566,2023-10-06 12:30,4,BOTH,BELOW,THROUGH,XUYEN,3,true,
DOGEUSDT,567,2023-10-07 15:30,7,BOTH,BELOW,THROUGH,XUYEN,2,true,
DOGEUSDT,568,2023-10-08 10:45,7,BOTH,BELOW,THROUGH,XUYEN,3,true,
DOGEUSDT,570,2023-10-11 02:30,1,BELOW,BELOW,BLOCKED,CHAN,3,false,
DOGEUSDT,571,2023-10-11 15:15,2,BELOW,BELOW,BLOCKED,CHAN,2,false,true
DOGEUSDT,572,2023-10-12 16:15,10,BOTH,BELOW,BLOCKED,XUYEN,2,false,false
DOGEUSDT,573,2023-10-13 11:30,2,ABOVE,ABOVE,BLOCKED,CHAN,1,false,true
DOGEUSDT,577,2023-10-16 09:45,13,BOTH,ABOVE,BLOCKED,XUYEN,0,false,false
DOGEUSDT,578,2023-10-18 04:45,3,ABOVE,ABOVE,THROUGH,XUYEN,2,true,
DOGEUSDT,579,2023-10-18 22:45,8,BOTH,ABOVE,THROUGH,XUYEN,2,true,
DOGEUSDT,581,2023-10-28 09:15,30,BOTH,ABOVE,BLOCKED,XUYEN,2,false,false
DOGEUSDT,582,2023-10-31 00:00,6,BOTH,ABOVE,BLOCKED,XUYEN,2,false,false
DOGEUSDT,583,2023-11-01 14:45,1,BELOW,BELOW,THROUGH,XUYEN,1,true,
DOGEUSDT,584,2023-11-02 07:30,3,ABOVE,ABOVE,BLOCKED,CHAN,2,false,true
DOGEUSDT,586,2023-11-04 13:45,1,BELOW,BELOW,THROUGH,XUYEN,1,true,
DOGEUSDT,587,2023-11-05 07:45,4,ABOVE,ABOVE,THROUGH,XUYEN,0,true,
DOGEUSDT,588,2023-11-08 17:45,20,BOTH,ABOVE,BLOCKED,XUYEN,3,false,false
DOGEUSDT,589,2023-11-13 09:30,6,BOTH,ABOVE,THROUGH,XUYEN,0,true,
DOGEUSDT,591,2023-11-14 23:00,4,ABOVE,ABOVE,BLOCKED,CHAN,2,false,true
DOGEUSDT,592,2023-11-16 07:45,10,ABOVE,ABOVE,THROUGH,XUYEN,1,true,
DOGEUSDT,593,2023-11-19 23:00,5,BOTH,ABOVE,BLOCKED,XUYEN,1,false,false
DOGEUSDT,594,2023-11-20 21:00,14,BOTH,BELOW,BLOCKED,XUYEN,3,false,false
DOGEUSDT,596,2023-11-28 22:45,6,BOTH,BELOW,THROUGH,XUYEN,1,true,
DOGEUSDT,597,2023-11-29 11:45,3,ABOVE,ABOVE,BLOCKED,CHAN,1,false,true
DOGEUSDT,598,2023-11-30 13:00,2,ABOVE,ABOVE,BLOCKED,CHAN,2,false,true
DOGEUSDT,599,2023-12-01 23:00,8,ABOVE,ABOVE,BLOCKED,XUYEN,3,false,false
DOGEUSDT,600,2023-12-04 11:00,12,BOTH,BELOW,BLOCKED,XUYEN,1,false,false
DOGEUSDT,601,2023-12-06 20:45,9,BOTH,BELOW,BLOCKED,XUYEN,1,false,false
DOGEUSDT,602,2023-12-10 06:45,10,BOTH,ABOVE,THROUGH,XUYEN,2,true,
DOGEUSDT,603,2023-12-13 19:00,10,BOTH,ABOVE,BLOCKED,XUYEN,1,false,false
DOGEUSDT,605,2023-12-18 09:15,41,BOTH,BELOW,THROUGH,XUYEN,3,true,
DOGEUSDT,606,2023-12-22 18:30,12,BOTH,ABOVE,THROUGH,XUYEN,2,true,
DOGEUSDT,607,2023-12-24 05:30,25,BOTH,BELOW,THROUGH,XUYEN,2,true,
DOGEUSDT,609,2023-12-26 17:30,28,BOTH,BELOW,BLOCKED,XUYEN,4,false,false
DOGEUSDT,610,2023-12-29 22:15,30,BOTH,ABOVE,BLOCKED,XUYEN,1,false,false
DOGEUSDT,611,2023-12-31 22:45,6,BOTH,BELOW,BLOCKED,CHAN,2,false,true
DOGEUSDT,612,2024-01-02 07:30,4,BOTH,ABOVE,THROUGH,XUYEN,1,true,
DOGEUSDT,613,2024-01-05 01:45,2,BOTH,BELOW,THROUGH,XUYEN,1,true,
DOGEUSDT,614,2024-01-05 20:45,8,BOTH,ABOVE,THROUGH,XUYEN,2,true,
DOGEUSDT,615,2024-01-09 17:00,2,ABOVE,ABOVE,BLOCKED,CHAN,2,false,true
DOGEUSDT,616,2024-01-09 22:15,13,BOTH,ABOVE,BLOCKED,XUYEN,3,false,false
DOGEUSDT,618,2024-01-14 16:30,2,BELOW,BELOW,BLOCKED,CHAN,3,false,true
DOGEUSDT,619,2024-01-14 23:00,17,BOTH,BELOW,THROUGH,XUYEN,1,true,
DOGEUSDT,620,2024-01-16 13:30,2,BELOW,BELOW,BLOCKED,CHAN,1,false,true
DOGEUSDT,621,2024-01-17 05:45,1,BELOW,BELOW,BLOCKED,CHAN,1,false,
DOGEUSDT,622,2024-01-18 19:45,23,BOTH,BELOW,BLOCKED,XUYEN,3,false,false
DOGEUSDT,623,2024-01-23 14:00,11,BOTH,BELOW,THROUGH,XUYEN,3,true,
DOGEUSDT,624,2024-01-27 18:30,6,BOTH,ABOVE,BLOCKED,XUYEN,2,false,false
DOGEUSDT,625,2024-01-28 18:15,1,BELOW,BELOW,BLOCKED,CHAN,1,false,
DOGEUSDT,626,2024-01-29 09:30,10,ABOVE,ABOVE,BLOCKED,XUYEN,1,false,false
DOGEUSDT,627,2024-02-01 01:15,8,BOTH,BELOW,BLOCKED,CHAN,4,false,true
DOGEUSDT,628,2024-02-02 13:30,22,BOTH,BELOW,THROUGH,XUYEN,3,true,
DOGEUSDT,629,2024-02-04 16:30,15,BOTH,ABOVE,THROUGH,XUYEN,3,true,
DOGEUSDT,630,2024-02-09 14:15,7,BOTH,BELOW,BLOCKED,XUYEN,1,false,false
DOGEUSDT,631,2024-02-11 07:45,18,BOTH,ABOVE,BLOCKED,XUYEN,3,false,false
DOGEUSDT,632,2024-02-13 13:30,4,BOTH,BELOW,THROUGH,XUYEN,3,true,
DOGEUSDT,633,2024-02-20 07:45,1,BELOW,BELOW,BLOCKED,CHAN,2,false,
DOGEUSDT,634,2024-02-22 01:30,27,BOTH,BELOW,BLOCKED,XUYEN,1,false,false
DOGEUSDT,635,2024-02-26 09:15,2,BOTH,BELOW,THROUGH,XUYEN,2,true,
DOGEUSDT,636,2024-03-03 07:15,5,BOTH,BELOW,THROUGH,XUYEN,3,true,
DOGEUSDT,637,2024-03-05 16:00,37,BOTH,BELOW,BLOCKED,XUYEN,2,false,false
DOGEUSDT,638,2024-03-14 04:00,7,BOTH,ABOVE,BLOCKED,XUYEN,3,false,false
DOGEUSDT,639,2024-03-16 17:15,12,BOTH,BELOW,BLOCKED,XUYEN,2,false,false
DOGEUSDT,641,2024-03-19 19:00,11,BOTH,ABOVE,THROUGH,XUYEN,4,true,
DOGEUSDT,643,2024-04-02 02:30,28,BOTH,BELOW,BLOCKED,XUYEN,2,false,false
DOGEUSDT,644,2024-04-10 12:30,1,BELOW,BELOW,THROUGH,XUYEN,1,true,
DOGEUSDT,645,2024-04-10 19:15,14,BOTH,ABOVE,THROUGH,XUYEN,2,true,
DOGEUSDT,647,2024-04-14 22:00,38,BOTH,ABOVE,BLOCKED,XUYEN,2,false,false
DOGEUSDT,648,2024-04-20 15:30,7,BOTH,ABOVE,THROUGH,XUYEN,1,true,
DOGEUSDT,649,2024-04-25 20:00,3,BOTH,ABOVE,BLOCKED,XUYEN,3,false,false
DOGEUSDT,650,2024-04-27 17:30,7,BOTH,ABOVE,BLOCKED,XUYEN,1,false,false
DOGEUSDT,651,2024-05-05 12:45,12,BOTH,BELOW,THROUGH,XUYEN,0,true,
DOGEUSDT,652,2024-05-07 08:15,8,BOTH,ABOVE,BLOCKED,XUYEN,3,false,false
DOGEUSDT,653,2024-05-07 23:00,13,BOTH,BELOW,BLOCKED,XUYEN,2,false,false
DOGEUSDT,654,2024-05-12 07:15,6,BOTH,BELOW,BLOCKED,XUYEN,0,false,false
DOGEUSDT,656,2024-05-14 00:00,13,BOTH,BELOW,THROUGH,XUYEN,1,true,
DOGEUSDT,657,2024-05-16 19:30,11,BOTH,BELOW,BLOCKED,XUYEN,1,false,false
DOGEUSDT,658,2024-05-20 04:30,9,BOTH,ABOVE,THROUGH,XUYEN,3,true,
DOGEUSDT,660,2024-05-23 20:00,7,BOTH,BELOW,THROUGH,XUYEN,3,true,
DOGEUSDT,661,2024-05-24 05:45,2,ABOVE,ABOVE,BLOCKED,CHAN,2,false,true
DOGEUSDT,662,2024-05-24 15:00,21,BOTH,ABOVE,THROUGH,XUYEN,2,true,
DOGEUSDT,663,2024-05-27 19:45,4,BELOW,BELOW,BLOCKED,CHAN,1,false,true
DOGEUSDT,664,2024-05-28 18:30,13,BOTH,BELOW,THROUGH,XUYEN,1,true,
DOGEUSDT,666,2024-05-30 15:30,18,BOTH,ABOVE,BLOCKED,XUYEN,2,false,false
DOGEUSDT,667,2024-06-01 17:45,18,BOTH,ABOVE,BLOCKED,XUYEN,1,false,false
DOGEUSDT,668,2024-06-04 04:15,5,BOTH,BELOW,BLOCKED,XUYEN,2,false,false
DOGEUSDT,669,2024-06-05 06:30,20,BOTH,ABOVE,THROUGH,XUYEN,1,true,
DOGEUSDT,670,2024-06-06 11:00,5,BOTH,ABOVE,BLOCKED,XUYEN,0,false,false
DOGEUSDT,671,2024-06-07 22:15,3,BELOW,BELOW,BLOCKED,CHAN,3,false,true
DOGEUSDT,672,2024-06-09 20:30,1,BELOW,BELOW,BLOCKED,CHAN,1,false,
DOGEUSDT,674,2024-06-11 06:45,9,BOTH,BELOW,THROUGH,XUYEN,3,true,
DOGEUSDT,676,2024-06-12 18:00,1,BELOW,BELOW,BLOCKED,CHAN,0,false,
DOGEUSDT,677,2024-06-15 11:00,27,BOTH,ABOVE,BLOCKED,XUYEN,2,false,false
DOGEUSDT,678,2024-06-16 22:00,2,ABOVE,ABOVE,THROUGH,XUYEN,1,true,
DOGEUSDT,679,2024-06-17 15:45,3,BOTH,BELOW,THROUGH,XUYEN,1,true,
DOGEUSDT,680,2024-06-18 01:15,11,BOTH,BELOW,BLOCKED,XUYEN,3,false,false
DOGEUSDT,681,2024-06-23 20:30,6,BOTH,BELOW,THROUGH,XUYEN,0,true,
DOGEUSDT,682,2024-06-24 09:30,10,BOTH,BELOW,BLOCKED,XUYEN,4,false,false
DOGEUSDT,684,2024-06-26 23:15,6,BOTH,BELOW,THROUGH,XUYEN,1,true,
DOGEUSDT,686,2024-06-28 12:30,2,BELOW,BELOW,BLOCKED,CHAN,0,false,true
DOGEUSDT,687,2024-07-08 08:00,1,ABOVE,ABOVE,BLOCKED,CHAN,2,false,
DOGEUSDT,689,2024-07-10 18:15,13,BOTH,BELOW,BLOCKED,XUYEN,1,false,false
DOGEUSDT,691,2024-07-16 05:15,38,BOTH,BELOW,THROUGH,XUYEN,1,true,
DOGEUSDT,692,2024-07-21 17:45,18,BOTH,BELOW,THROUGH,XUYEN,1,true,
DOGEUSDT,696,2024-07-27 09:00,6,BOTH,ABOVE,THROUGH,XUYEN,1,true,
DOGEUSDT,697,2024-07-28 14:00,4,BOTH,BELOW,BLOCKED,XUYEN,1,false,false
DOGEUSDT,698,2024-07-30 07:45,4,BOTH,ABOVE,BLOCKED,XUYEN,1,false,false
DOGEUSDT,699,2024-08-02 12:30,3,BOTH,BELOW,THROUGH,XUYEN,0,true,
DOGEUSDT,702,2024-08-08 12:30,1,ABOVE,ABOVE,BLOCKED,CHAN,1,false,
DOGEUSDT,703,2024-08-09 10:15,24,BOTH,BELOW,BLOCKED,XUYEN,3,false,false
DOGEUSDT,704,2024-08-11 00:00,31,BOTH,ABOVE,BLOCKED,XUYEN,3,false,false
DOGEUSDT,705,2024-08-14 22:00,14,BOTH,ABOVE,THROUGH,XUYEN,1,true,
DOGEUSDT,706,2024-08-17 13:00,6,BOTH,ABOVE,BLOCKED,XUYEN,2,false,false
DOGEUSDT,708,2024-08-20 13:00,18,BOTH,BELOW,BLOCKED,XUYEN,1,false,false
DOGEUSDT,709,2024-08-23 05:00,1,ABOVE,ABOVE,BLOCKED,CHAN,1,false,
DOGEUSDT,710,2024-08-23 12:45,9,BOTH,ABOVE,BLOCKED,XUYEN,0,false,false
DOGEUSDT,712,2024-08-29 18:00,12,BOTH,BELOW,BLOCKED,XUYEN,1,false,false
DOGEUSDT,713,2024-08-31 07:00,11,BOTH,BELOW,BLOCKED,XUYEN,3,false,false
DOGEUSDT,716,2024-09-06 07:15,4,BELOW,BELOW,BLOCKED,XUYEN,1,false,false
DOGEUSDT,717,2024-09-09 16:00,2,BOTH,ABOVE,THROUGH,XUYEN,3,true,
DOGEUSDT,719,2024-09-15 21:00,12,BOTH,BELOW,BLOCKED,XUYEN,1,false,false
DOGEUSDT,720,2024-09-20 13:00,28,BOTH,BELOW,BLOCKED,XUYEN,1,false,false
DOGEUSDT,721,2024-09-26 23:15,4,BOTH,ABOVE,BLOCKED,XUYEN,3,false,false
DOGEUSDT,722,2024-09-27 22:00,10,BOTH,ABOVE,BLOCKED,XUYEN,3,false,false
DOGEUSDT,723,2024-09-29 22:00,1,BELOW,BELOW,BLOCKED,CHAN,3,false,
DOGEUSDT,724,2024-09-30 22:00,8,BOTH,BELOW,THROUGH,XUYEN,2,true,
DOGEUSDT,725,2024-10-07 08:45,3,BOTH,BELOW,BLOCKED,XUYEN,1,false,false
DOGEUSDT,726,2024-10-14 17:30,7,BOTH,ABOVE,THROUGH,XUYEN,2,true,
DOGEUSDT,727,2024-10-18 05:30,1,ABOVE,ABOVE,BLOCKED,CHAN,1,false,
DOGEUSDT,728,2024-10-24 19:15,10,BOTH,ABOVE,THROUGH,XUYEN,1,true,
DOGEUSDT,729,2024-10-28 21:00,23,BOTH,ABOVE,BLOCKED,XUYEN,1,false,false
DOGEUSDT,730,2024-11-05 19:45,2,BELOW,BELOW,THROUGH,XUYEN,3,true,
DOGEUSDT,731,2024-11-18 15:30,2,ABOVE,ABOVE,BLOCKED,CHAN,2,false,true
DOGEUSDT,732,2024-11-22 13:00,48,BOTH,ABOVE,THROUGH,XUYEN,1,true,
DOGEUSDT,733,2024-12-01 00:30,3,BOTH,ABOVE,THROUGH,XUYEN,0,true,
DOGEUSDT,734,2024-12-01 10:30,19,BOTH,BELOW,BLOCKED,XUYEN,3,false,false
DOGEUSDT,735,2024-12-03 10:45,30,BOTH,BELOW,BLOCKED,XUYEN,2,false,false
DOGEUSDT,736,2024-12-15 04:15,26,BOTH,ABOVE,THROUGH,XUYEN,1,true,
DOGEUSDT,738,2024-12-27 09:00,15,BOTH,ABOVE,THROUGH,XUYEN,2,true,
DOGEUSDT,739,2024-12-28 22:45,8,BOTH,ABOVE,THROUGH,XUYEN,2,true,
DOGEUSDT,740,2024-12-30 21:30,22,BOTH,BELOW,BLOCKED,XUYEN,1,false,false
DOGEUSDT,741,2025-01-08 11:30,3,BELOW,BELOW,BLOCKED,CHAN,3,false,true
DOGEUSDT,742,2025-01-09 10:15,6,BOTH,BELOW,BLOCKED,XUYEN,3,false,false
DOGEUSDT,743,2025-01-10 13:30,27,BOTH,BELOW,BLOCKED,XUYEN,3,false,false
DOGEUSDT,744,2025-01-13 14:30,2,ABOVE,ABOVE,BLOCKED,CHAN,2,false,true
DOGEUSDT,748,2025-01-18 00:00,1,ABOVE,ABOVE,THROUGH,XUYEN,1,true,
DOGEUSDT,749,2025-01-20 17:00,1,BELOW,BELOW,BLOCKED,CHAN,2,false,
DOGEUSDT,752,2025-01-22 22:30,17,BOTH,ABOVE,BLOCKED,XUYEN,1,false,false
DOGEUSDT,753,2025-01-25 15:00,7,ABOVE,ABOVE,BLOCKED,CHAN,1,false,true
DOGEUSDT,755,2025-01-30 20:30,4,BOTH,BELOW,THROUGH,XUYEN,1,true,
DOGEUSDT,756,2025-02-02 22:30,17,BOTH,BELOW,BLOCKED,XUYEN,4,false,false
DOGEUSDT,757,2025-02-09 03:30,30,BOTH,ABOVE,BLOCKED,XUYEN,0,false,false
DOGEUSDT,758,2025-02-12 13:30,12,BOTH,BELOW,THROUGH,XUYEN,2,true,
DOGEUSDT,759,2025-02-15 19:30,1,BELOW,BELOW,BLOCKED,CHAN,1,false,
DOGEUSDT,761,2025-02-20 14:00,17,BOTH,ABOVE,THROUGH,XUYEN,0,true,
DOGEUSDT,762,2025-02-24 19:30,1,BELOW,BELOW,BLOCKED,CHAN,3,false,
DOGEUSDT,763,2025-02-26 12:45,20,BOTH,BELOW,THROUGH,XUYEN,0,true,
DOGEUSDT,764,2025-03-02 02:00,12,BOTH,ABOVE,BLOCKED,XUYEN,1,false,false
DOGEUSDT,765,2025-03-04 14:30,8,BOTH,ABOVE,THROUGH,XUYEN,1,true,
DOGEUSDT,766,2025-03-10 09:15,41,BOTH,ABOVE,BLOCKED,XUYEN,2,false,false
DOGEUSDT,767,2025-03-18 13:30,3,BOTH,BELOW,THROUGH,XUYEN,2,true,
DOGEUSDT,768,2025-03-19 10:30,1,ABOVE,ABOVE,BLOCKED,CHAN,2,false,
DOGEUSDT,769,2025-03-19 17:30,20,BOTH,BELOW,THROUGH,XUYEN,1,true,
DOGEUSDT,771,2025-04-02 20:00,1,ABOVE,ABOVE,THROUGH,XUYEN,1,true,
DOGEUSDT,772,2025-04-03 09:00,1,BELOW,BELOW,BLOCKED,CHAN,3,false,
DOGEUSDT,774,2025-04-04 10:00,15,BOTH,BELOW,THROUGH,XUYEN,1,true,
DOGEUSDT,775,2025-04-12 12:00,24,BOTH,ABOVE,BLOCKED,XUYEN,2,false,false
DOGEUSDT,777,2025-04-23 07:00,5,BOTH,BELOW,THROUGH,XUYEN,3,true,
DOGEUSDT,778,2025-04-24 13:30,19,BOTH,ABOVE,BLOCKED,XUYEN,3,false,false
DOGEUSDT,779,2025-05-03 04:15,1,ABOVE,ABOVE,THROUGH,XUYEN,1,true,
DOGEUSDT,780,2025-05-04 22:00,20,BOTH,BELOW,THROUGH,XUYEN,1,true,
DOGEUSDT,782,2025-05-10 00:00,3,ABOVE,ABOVE,THROUGH,XUYEN,0,true,
DOGEUSDT,783,2025-05-12 07:00,13,BOTH,ABOVE,BLOCKED,XUYEN,2,false,false
DOGEUSDT,784,2025-05-15 13:30,19,BOTH,BELOW,THROUGH,XUYEN,3,true,
DOGEUSDT,785,2025-05-16 20:30,44,BOTH,BELOW,BLOCKED,XUYEN,3,false,false
DOGEUSDT,788,2025-05-27 13:00,11,BOTH,ABOVE,THROUGH,XUYEN,2,true,
DOGEUSDT,789,2025-05-28 06:00,11,BOTH,BELOW,THROUGH,XUYEN,1,true,
DOGEUSDT,790,2025-06-05 16:15,1,BELOW,BELOW,BLOCKED,CHAN,1,false,
DOGEUSDT,792,2025-06-11 07:00,4,BOTH,ABOVE,BLOCKED,XUYEN,3,false,false
DOGEUSDT,795,2025-06-13 23:45,2,BOTH,ABOVE,THROUGH,XUYEN,1,true,
DOGEUSDT,796,2025-06-15 18:15,10,BOTH,BELOW,BLOCKED,XUYEN,1,false,false
DOGEUSDT,799,2025-06-22 20:00,3,BOTH,BELOW,THROUGH,XUYEN,1,true,
DOGEUSDT,801,2025-06-24 05:15,42,BOTH,ABOVE,THROUGH,XUYEN,0,true,
DOGEUSDT,802,2025-06-29 21:00,9,BOTH,BELOW,THROUGH,XUYEN,2,true,
DOGEUSDT,803,2025-07-03 12:30,2,BOTH,BELOW,THROUGH,XUYEN,0,true,
DOGEUSDT,804,2025-07-04 16:00,23,BOTH,BELOW,BLOCKED,XUYEN,3,false,false
DOGEUSDT,805,2025-07-09 05:30,2,ABOVE,ABOVE,BLOCKED,CHAN,2,false,true
DOGEUSDT,807,2025-07-13 14:15,14,BOTH,ABOVE,THROUGH,XUYEN,2,true,
DOGEUSDT,808,2025-07-15 12:30,3,BOTH,BELOW,THROUGH,XUYEN,0,true,
DOGEUSDT,809,2025-07-20 16:00,2,ABOVE,ABOVE,BLOCKED,XUYEN,2,false,false
DOGEUSDT,810,2025-07-27 22:00,9,BOTH,ABOVE,BLOCKED,XUYEN,2,false,false
DOGEUSDT,811,2025-08-01 08:00,9,BOTH,BELOW,BLOCKED,XUYEN,2,false,false
DOGEUSDT,812,2025-08-01 22:00,24,BOTH,BELOW,BLOCKED,XUYEN,3,false,false
DOGEUSDT,813,2025-08-08 12:00,16,BOTH,BELOW,THROUGH,XUYEN,1,true,
DOGEUSDT,814,2025-08-14 12:30,3,BOTH,BELOW,THROUGH,XUYEN,2,true,
DOGEUSDT,815,2025-08-17 18:45,12,BOTH,BELOW,THROUGH,XUYEN,3,true,
DOGEUSDT,816,2025-08-23 21:00,8,BOTH,BELOW,THROUGH,XUYEN,0,true,
DOGEUSDT,818,2025-08-26 12:30,1,ABOVE,ABOVE,BLOCKED,CHAN,2,false,
DOGEUSDT,819,2025-08-28 08:00,13,BOTH,ABOVE,THROUGH,XUYEN,2,true,
DOGEUSDT,821,2025-08-29 12:30,1,ABOVE,ABOVE,THROUGH,XUYEN,0,true,
DOGEUSDT,822,2025-08-30 01:45,4,BOTH,BELOW,THROUGH,XUYEN,0,true,
DOGEUSDT,823,2025-08-31 22:00,5,BOTH,BELOW,BLOCKED,XUYEN,3,false,false
DOGEUSDT,824,2025-09-01 20:30,21,BOTH,BELOW,BLOCKED,XUYEN,3,false,false
DOGEUSDT,826,2025-09-09 12:00,13,BOTH,ABOVE,THROUGH,XUYEN,0,true,
DOGEUSDT,827,2025-09-11 03:15,2,ABOVE,ABOVE,THROUGH,XUYEN,1,true,
DOGEUSDT,828,2025-09-15 01:00,20,BOTH,BELOW,THROUGH,XUYEN,2,true,
DOGEUSDT,829,2025-09-22 06:00,6,BOTH,BELOW,BLOCKED,XUYEN,2,false,false
DOGEUSDT,830,2025-09-28 22:00,29,BOTH,ABOVE,THROUGH,XUYEN,1,true,
DOGEUSDT,831,2025-10-04 09:45,2,BELOW,BELOW,BLOCKED,CHAN,3,false,true
DOGEUSDT,832,2025-10-05 02:30,28,BOTH,ABOVE,THROUGH,XUYEN,2,true,
DOGEUSDT,834,2025-10-11 19:00,1,BELOW,BELOW,THROUGH,XUYEN,1,true,
DOGEUSDT,835,2025-10-16 09:30,2,BOTH,ABOVE,THROUGH,XUYEN,2,true,
DOGEUSDT,836,2025-10-18 07:00,12,BOTH,ABOVE,BLOCKED,XUYEN,2,false,false
DOGEUSDT,837,2025-10-21 21:15,1,BELOW,BELOW,BLOCKED,CHAN,2,false,
DOGEUSDT,839,2025-10-22 11:00,9,ABOVE,ABOVE,BLOCKED,XUYEN,0,false,false
DOGEUSDT,840,2025-10-22 21:00,4,BOTH,BELOW,THROUGH,XUYEN,4,true,
DOGEUSDT,841,2025-10-23 06:15,2,ABOVE,ABOVE,BLOCKED,CHAN,1,false,true
DOGEUSDT,842,2025-10-24 12:30,21,BOTH,ABOVE,THROUGH,XUYEN,2,true,
DOGEUSDT,844,2025-10-26 22:00,14,BOTH,ABOVE,BLOCKED,XUYEN,1,false,false
DOGEUSDT,845,2025-10-29 18:30,7,BOTH,BELOW,THROUGH,XUYEN,3,true,
DOGEUSDT,846,2025-10-30 04:00,1,BELOW,BELOW,BLOCKED,CHAN,2,false,
DOGEUSDT,847,2025-10-31 16:45,13,BOTH,BELOW,THROUGH,XUYEN,3,true,
DOGEUSDT,848,2025-11-03 15:15,1,BELOW,BELOW,THROUGH,XUYEN,2,true,
DOGEUSDT,849,2025-11-07 23:00,35,BOTH,BELOW,THROUGH,XUYEN,0,true,
DOGEUSDT,850,2025-11-14 04:30,31,BOTH,BELOW,THROUGH,XUYEN,2,true,
DOGEUSDT,851,2025-11-16 09:45,1,ABOVE,ABOVE,THROUGH,XUYEN,2,true,
DOGEUSDT,852,2025-11-16 15:45,22,BOTH,BELOW,BLOCKED,XUYEN,1,false,false
DOGEUSDT,855,2025-11-22 22:45,4,BOTH,ABOVE,BLOCKED,XUYEN,2,false,false
DOGEUSDT,857,2025-12-03 14:00,15,BOTH,BELOW,THROUGH,XUYEN,0,true,
DOGEUSDT,858,2025-12-06 21:00,9,BOTH,ABOVE,THROUGH,XUYEN,3,true,
DOGEUSDT,859,2025-12-07 21:30,5,BOTH,BELOW,BLOCKED,XUYEN,1,false,false
DOGEUSDT,860,2025-12-08 09:00,17,BOTH,ABOVE,BLOCKED,XUYEN,1,false,false
DOGEUSDT,861,2025-12-11 14:30,4,BELOW,BELOW,BLOCKED,XUYEN,2,false,false
DOGEUSDT,862,2025-12-12 00:45,12,BOTH,BELOW,THROUGH,XUYEN,1,true,
DOGEUSDT,863,2025-12-14 10:00,4,BELOW,BELOW,BLOCKED,XUYEN,2,false,false
DOGEUSDT,864,2025-12-16 10:30,15,BOTH,ABOVE,BLOCKED,XUYEN,3,false,false
DOGEUSDT,865,2025-12-21 18:00,21,BOTH,BELOW,THROUGH,XUYEN,1,true,
DOGEUSDT,866,2025-12-24 14:30,13,BOTH,BELOW,THROUGH,XUYEN,0,true,
DOGEUSDT,867,2025-12-25 10:30,8,BOTH,BELOW,THROUGH,XUYEN,2,true,
DOGEUSDT,868,2025-12-26 09:45,4,BOTH,ABOVE,THROUGH,XUYEN,3,true,
DOGEUSDT,869,2025-12-28 09:30,6,BOTH,BELOW,THROUGH,XUYEN,1,true,
DOGEUSDT,870,2025-12-28 18:00,10,BOTH,BELOW,THROUGH,XUYEN,1,true,
DOGEUSDT,872,2026-01-03 20:00,1,BELOW,BELOW,THROUGH,XUYEN,3,true,
DOGEUSDT,874,2026-01-04 19:00,22,BOTH,BELOW,THROUGH,XUYEN,1,true,
DOGEUSDT,875,2026-01-07 08:00,6,BOTH,ABOVE,THROUGH,XUYEN,0,true,
DOGEUSDT,876,2026-01-08 11:15,18,BOTH,BELOW,BLOCKED,XUYEN,4,false,false
DOGEUSDT,877,2026-01-12 08:30,8,BOTH,BELOW,THROUGH,XUYEN,2,true,
DOGEUSDT,878,2026-01-13 13:30,2,ABOVE,ABOVE,BLOCKED,CHAN,3,false,true
DOGEUSDT,879,2026-01-13 22:00,7,BOTH,ABOVE,THROUGH,XUYEN,1,true,
DOGEUSDT,880,2026-01-17 22:30,2,BELOW,BELOW,BLOCKED,CHAN,1,false,true
DOGEUSDT,882,2026-01-20 22:30,5,BOTH,BELOW,THROUGH,XUYEN,2,true,
DOGEUSDT,883,2026-01-21 11:45,35,BOTH,BELOW,THROUGH,XUYEN,1,true,
DOGEUSDT,884,2026-01-25 16:00,30,BOTH,BELOW,BLOCKED,XUYEN,1,false,false
DOGEUSDT,885,2026-01-28 17:30,7,BOTH,ABOVE,BLOCKED,XUYEN,0,false,false
DOGEUSDT,887,2026-02-01 23:00,10,BOTH,BELOW,THROUGH,XUYEN,2,true,
DOGEUSDT,888,2026-02-04 11:00,2,BELOW,BELOW,BLOCKED,CHAN,2,false,true
DOGEUSDT,889,2026-02-07 16:00,11,BOTH,ABOVE,BLOCKED,XUYEN,2,false,false
DOGEUSDT,890,2026-02-08 23:00,37,BOTH,ABOVE,THROUGH,XUYEN,1,true,
DOGEUSDT,891,2026-02-23 06:00,9,BOTH,ABOVE,BLOCKED,XUYEN,1,false,false
DOGEUSDT,892,2026-02-25 01:00,2,ABOVE,ABOVE,BLOCKED,XUYEN,1,false,false
DOGEUSDT,895,2026-03-01 13:45,21,BOTH,ABOVE,THROUGH,XUYEN,0,true,
DOGEUSDT,897,2026-03-05 06:00,5,BOTH,BELOW,THROUGH,XUYEN,2,true,
DOGEUSDT,899,2026-03-08 02:45,7,BOTH,BELOW,BLOCKED,XUYEN,3,false,false
DOGEUSDT,900,2026-03-08 22:00,5,BOTH,BELOW,THROUGH,XUYEN,0,true,
DOGEUSDT,901,2026-03-09 03:00,5,ABOVE,ABOVE,BLOCKED,CHAN,1,false,true
DOGEUSDT,902,2026-03-10 02:30,1,ABOVE,ABOVE,BLOCKED,CHAN,0,false,
DOGEUSDT,903,2026-03-10 13:00,32,BOTH,ABOVE,BLOCKED,XUYEN,2,false,false
DOGEUSDT,906,2026-03-15 13:00,3,BOTH,BELOW,THROUGH,XUYEN,2,true,
DOGEUSDT,908,2026-03-22 18:30,3,BELOW,BELOW,BLOCKED,CHAN,1,false,true
DOGEUSDT,910,2026-03-23 23:00,16,BOTH,BELOW,BLOCKED,XUYEN,2,false,false
DOGEUSDT,913,2026-03-27 10:30,1,BELOW,BELOW,BLOCKED,CHAN,2,false,
DOGEUSDT,915,2026-03-28 10:00,2,ABOVE,ABOVE,BLOCKED,CHAN,3,false,true
DOGEUSDT,916,2026-03-28 23:00,6,BOTH,BELOW,BLOCKED,XUYEN,1,false,false
DOGEUSDT,917,2026-03-30 10:30,9,BOTH,BELOW,THROUGH,XUYEN,1,true,
DOGEUSDT,918,2026-03-31 16:30,19,BOTH,ABOVE,THROUGH,XUYEN,1,true,
DOGEUSDT,919,2026-04-05 01:00,9,BOTH,BELOW,THROUGH,XUYEN,1,true,
DOGEUSDT,920,2026-04-06 21:00,4,BELOW,BELOW,BLOCKED,XUYEN,2,false,false
DOGEUSDT,921,2026-04-08 04:00,9,BOTH,ABOVE,BLOCKED,XUYEN,2,false,false
DOGEUSDT,922,2026-04-10 19:00,11,BOTH,ABOVE,THROUGH,XUYEN,2,true,
DOGEUSDT,924,2026-04-12 06:45,2,BELOW,BELOW,BLOCKED,CHAN,3,false,true
DOGEUSDT,925,2026-04-12 10:45,18,BOTH,BELOW,THROUGH,XUYEN,2,true,
DOGEUSDT,926,2026-04-15 11:45,4,ABOVE,ABOVE,BLOCKED,CHAN,2,false,true
DOGEUSDT,927,2026-04-15 19:30,14,BOTH,ABOVE,THROUGH,XUYEN,3,true,
DOGEUSDT,928,2026-04-19 04:30,10,BOTH,BELOW,THROUGH,XUYEN,1,true,
DOGEUSDT,929,2026-04-19 22:00,11,BOTH,BELOW,BLOCKED,XUYEN,0,false,false
DOGEUSDT,930,2026-04-24 10:45,5,ABOVE,ABOVE,BLOCKED,CHAN,1,false,true
DOGEUSDT,931,2026-04-26 18:15,21,BOTH,ABOVE,BLOCKED,XUYEN,3,false,false
DOGEUSDT,932,2026-04-28 22:00,4,BOTH,ABOVE,THROUGH,XUYEN,1,true,
DOGEUSDT,934,2026-05-02 21:30,15,BOTH,ABOVE,THROUGH,XUYEN,3,true,
DOGEUSDT,935,2026-05-04 10:00,9,BOTH,BELOW,BLOCKED,XUYEN,2,false,false
DOGEUSDT,936,2026-05-05 16:30,6,ABOVE,ABOVE,BLOCKED,CHAN,4,false,true
DOGEUSDT,937,2026-05-06 23:00,27,BOTH,BELOW,BLOCKED,XUYEN,3,false,false
DOGEUSDT,938,2026-05-14 18:00,11,BOTH,ABOVE,THROUGH,XUYEN,3,true,
DOGEUSDT,939,2026-05-15 13:30,2,BELOW,BELOW,BLOCKED,CHAN,3,false,true
DOGEUSDT,940,2026-05-17 23:30,1,BELOW,BELOW,BLOCKED,CHAN,3,false,
DOGEUSDT,942,2026-05-18 11:30,37,BOTH,ABOVE,THROUGH,XUYEN,0,true,
DOGEUSDT,943,2026-05-20 22:00,11,BOTH,BELOW,THROUGH,XUYEN,1,true,
DOGEUSDT,945,2026-05-23 07:45,23,BOTH,BELOW,THROUGH,XUYEN,1,true,
DOGEUSDT,947,2026-05-28 03:15,46,BOTH,BELOW,THROUGH,XUYEN,1,true,
DOGEUSDT,948,2026-06-06 04:00,11,BOTH,BELOW,THROUGH,XUYEN,0,true,
DOGEUSDT,949,2026-06-06 19:00,3,ABOVE,ABOVE,BLOCKED,CHAN,5,false,true
DOGEUSDT,952,2026-06-09 04:30,24,BOTH,ABOVE,BLOCKED,XUYEN,1,false,false
DOGEUSDT,953,2026-06-12 04:45,9,BOTH,ABOVE,THROUGH,XUYEN,2,true,
DOGEUSDT,954,2026-06-12 21:45,10,BOTH,BELOW,THROUGH,XUYEN,1,true,
DOGEUSDT,956,2026-06-15 10:45,11,BOTH,ABOVE,BLOCKED,XUYEN,1,false,false
DOGEUSDT,957,2026-06-16 14:15,13,BOTH,BELOW,BLOCKED,XUYEN,3,false,false
DOGEUSDT,958,2026-06-19 03:15,38,BOTH,BELOW,BLOCKED,XUYEN,1,false,false
DOGEUSDT,960,2026-06-24 01:30,6,BOTH,ABOVE,THROUGH,XUYEN,1,true,
DOGEUSDT,961,2026-06-24 11:00,2,BOTH,BELOW,THROUGH,XUYEN,2,true,
DOGEUSDT,963,2026-06-26 02:00,18,BOTH,BELOW,THROUGH,XUYEN,0,true,
DOGEUSDT,964,2026-06-29 12:00,9,BOTH,ABOVE,THROUGH,XUYEN,1,true,
DOGEUSDT,965,2026-06-30 18:15,6,BOTH,ABOVE,THROUGH,XUYEN,1,true,
DOGEUSDT,966,2026-07-03 05:30,3,BOTH,ABOVE,BLOCKED,XUYEN,3,false,false
DOGEUSDT,967,2026-07-06 21:00,3,BOTH,ABOVE,THROUGH,XUYEN,3,true,
DOGEUSDT,969,2026-07-08 08:15,21,BOTH,BELOW,BLOCKED,XUYEN,2,false,false
DOGEUSDT,970,2026-07-10 01:45,16,BOTH,ABOVE,THROUGH,XUYEN,1,true,
DOGEUSDT,971,2026-07-15 09:45,8,BOTH,BELOW,THROUGH,XUYEN,0,true,
DOGEUSDT,972,2026-07-16 07:30,2,BELOW,BELOW,BLOCKED,CHAN,1,false,true
DOGEUSDT,973,2026-07-20 05:00,2,BELOW,BELOW,BLOCKED,CHAN,2,false,true
DOGEUSDT,974,2026-07-20 11:30,12,BOTH,ABOVE,THROUGH,XUYEN,3,true,
DOGEUSDT,975,2026-07-21 17:45,14,BOTH,ABOVE,BLOCKED,XUYEN,3,false,false
DOGEUSDT,977,2026-07-24 07:00,24,BOTH,ABOVE,THROUGH,XUYEN,1,true,
DOGEUSDT,978,2026-08-01 23:00,6,BOTH,ABOVE,BLOCKED,XUYEN,2,false,false
DOGEUSDT,979,2026-08-06 13:00,11,BOTH,BELOW,THROUGH,XUYEN,3,true,
ADAUSDT,0,2020-11-24 00:00,2,ABOVE,ABOVE,BLOCKED,CHAN,2,false,true
ADAUSDT,1,2020-11-24 21:15,23,BOTH,BELOW,THROUGH,XUYEN,2,true,
ADAUSDT,2,2020-11-30 08:00,22,BOTH,BELOW,THROUGH,XUYEN,1,true,
ADAUSDT,4,2020-12-05 04:00,2,ABOVE,ABOVE,BLOCKED,XUYEN,1,false,false
ADAUSDT,5,2020-12-08 09:30,1,BELOW,BELOW,BLOCKED,CHAN,4,false,
ADAUSDT,6,2020-12-08 22:45,21,BOTH,BELOW,BLOCKED,XUYEN,2,false,false
ADAUSDT,7,2020-12-10 19:30,10,BOTH,BELOW,THROUGH,XUYEN,3,true,
ADAUSDT,8,2020-12-12 13:00,4,BOTH,BELOW,THROUGH,XUYEN,1,true,
ADAUSDT,9,2020-12-12 22:30,2,BELOW,BELOW,BLOCKED,XUYEN,1,false,false
ADAUSDT,10,2020-12-14 18:00,9,BOTH,ABOVE,BLOCKED,XUYEN,1,false,false
ADAUSDT,11,2020-12-15 21:15,1,BELOW,BELOW,THROUGH,XUYEN,1,true,
ADAUSDT,12,2020-12-19 23:15,10,BOTH,BELOW,THROUGH,XUYEN,2,true,
ADAUSDT,13,2020-12-20 22:00,5,BOTH,BELOW,BLOCKED,XUYEN,2,false,false
ADAUSDT,14,2020-12-24 16:00,8,BOTH,ABOVE,THROUGH,XUYEN,4,true,
ADAUSDT,15,2020-12-31 12:45,16,BOTH,BELOW,BLOCKED,XUYEN,1,false,false
ADAUSDT,16,2021-01-15 05:45,32,BOTH,BELOW,THROUGH,XUYEN,2,true,
ADAUSDT,17,2021-02-09 10:45,6,BOTH,BELOW,THROUGH,XUYEN,2,true,
ADAUSDT,18,2021-02-15 20:15,26,BOTH,ABOVE,THROUGH,XUYEN,1,true,
ADAUSDT,19,2021-02-17 21:45,10,ABOVE,ABOVE,BLOCKED,XUYEN,3,false,false
ADAUSDT,20,2021-02-28 19:45,25,BOTH,ABOVE,BLOCKED,XUYEN,2,false,false
ADAUSDT,22,2021-03-05 00:00,66,BOTH,BELOW,THROUGH,XUYEN,1,true,
ADAUSDT,23,2021-03-12 13:00,3,BELOW,BELOW,BLOCKED,CHAN,2,false,true
ADAUSDT,24,2021-03-13 00:00,25,BOTH,BELOW,THROUGH,XUYEN,1,true,
ADAUSDT,26,2021-03-19 18:00,10,BOTH,ABOVE,BLOCKED,XUYEN,1,false,false
ADAUSDT,27,2021-03-21 09:30,4,BELOW,BELOW,BLOCKED,CHAN,1,false,true
ADAUSDT,28,2021-03-22 05:45,48,BOTH,ABOVE,THROUGH,XUYEN,3,true,
ADAUSDT,29,2021-03-31 07:45,35,BOTH,BELOW,BLOCKED,XUYEN,2,false,false
ADAUSDT,30,2021-04-06 12:30,50,BOTH,ABOVE,BLOCKED,XUYEN,0,false,false
ADAUSDT,31,2021-04-15 08:00,2,ABOVE,ABOVE,BLOCKED,CHAN,3,false,true
ADAUSDT,32,2021-04-15 18:30,6,BOTH,BELOW,THROUGH,XUYEN,2,true,
ADAUSDT,33,2021-04-25 20:45,2,BOTH,BELOW,THROUGH,XUYEN,2,true,
ADAUSDT,34,2021-04-29 16:45,33,BOTH,BELOW,THROUGH,XUYEN,2,true,
ADAUSDT,35,2021-05-03 07:30,22,BOTH,ABOVE,BLOCKED,XUYEN,4,false,false
ADAUSDT,36,2021-05-06 18:30,21,BOTH,BELOW,THROUGH,XUYEN,3,true,
ADAUSDT,37,2021-05-08 11:45,24,BOTH,BELOW,BLOCKED,XUYEN,5,false,false
ADAUSDT,38,2021-05-12 22:00,24,BOTH,BELOW,BLOCKED,XUYEN,2,false,false
ADAUSDT,39,2021-05-26 00:00,29,BOTH,ABOVE,BLOCKED,XUYEN,2,false,false
ADAUSDT,40,2021-06-01 08:00,12,BOTH,BELOW,BLOCKED,XUYEN,3,false,false
ADAUSDT,41,2021-06-02 00:00,29,BOTH,ABOVE,BLOCKED,XUYEN,3,false,false
ADAUSDT,43,2021-06-18 14:00,5,BOTH,BELOW,THROUGH,XUYEN,1,true,
ADAUSDT,44,2021-06-25 00:00,9,BOTH,ABOVE,THROUGH,XUYEN,1,true,
ADAUSDT,47,2021-07-01 06:45,14,BOTH,BELOW,BLOCKED,XUYEN,1,false,false
ADAUSDT,48,2021-07-05 17:30,2,BOTH,BELOW,THROUGH,XUYEN,1,true,
ADAUSDT,49,2021-07-06 04:00,16,BOTH,ABOVE,THROUGH,XUYEN,1,true,
ADAUSDT,50,2021-07-07 17:30,3,BELOW,BELOW,BLOCKED,CHAN,4,false,true
ADAUSDT,51,2021-07-08 07:30,8,BELOW,BELOW,BLOCKED,CHAN,2,false,true
ADAUSDT,52,2021-07-08 17:30,5,BELOW,BELOW,BLOCKED,CHAN,4,false,true
ADAUSDT,53,2021-07-11 09:15,13,BOTH,ABOVE,THROUGH,XUYEN,3,true,
ADAUSDT,54,2021-07-12 06:30,2,ABOVE,ABOVE,THROUGH,XUYEN,2,true,
ADAUSDT,55,2021-07-14 03:15,7,BOTH,BELOW,THROUGH,XUYEN,1,true,
ADAUSDT,56,2021-07-15 08:00,18,BOTH,ABOVE,THROUGH,XUYEN,0,true,
ADAUSDT,57,2021-07-18 14:30,5,BELOW,BELOW,BLOCKED,XUYEN,2,false,false
ADAUSDT,58,2021-07-19 05:45,2,BOTH,ABOVE,THROUGH,XUYEN,2,true,
ADAUSDT,60,2021-07-30 08:30,17,BOTH,BELOW,THROUGH,XUYEN,1,true,
ADAUSDT,61,2021-08-04 00:00,26,BOTH,BELOW,BLOCKED,XUYEN,2,false,false
ADAUSDT,64,2021-08-11 21:00,5,BOTH,BELOW,BLOCKED,XUYEN,3,false,false
ADAUSDT,66,2021-08-13 14:30,2,BELOW,BELOW,BLOCKED,CHAN,3,false,true
ADAUSDT,68,2021-08-16 20:00,29,BOTH,BELOW,BLOCKED,XUYEN,4,false,false
ADAUSDT,69,2021-08-19 11:45,1,BELOW,BELOW,BLOCKED,CHAN,3,false,
ADAUSDT,70,2021-08-24 13:15,1,BELOW,BELOW,BLOCKED,CHAN,3,false,
ADAUSDT,71,2021-08-25 08:30,23,BOTH,BELOW,THROUGH,XUYEN,2,true,
ADAUSDT,72,2021-09-02 01:30,12,BOTH,ABOVE,THROUGH,XUYEN,1,true,
ADAUSDT,73,2021-09-05 02:15,23,BOTH,ABOVE,BLOCKED,XUYEN,3,false,false
ADAUSDT,75,2021-09-09 20:15,9,BOTH,BELOW,THROUGH,XUYEN,3,true,
ADAUSDT,77,2021-09-12 17:30,1,ABOVE,ABOVE,THROUGH,XUYEN,1,true,
ADAUSDT,78,2021-09-13 13:30,24,BOTH,ABOVE,THROUGH,XUYEN,0,true,
ADAUSDT,79,2021-09-15 09:15,21,BOTH,ABOVE,BLOCKED,XUYEN,1,false,false
ADAUSDT,80,2021-09-22 18:00,29,BOTH,ABOVE,BLOCKED,XUYEN,3,false,false
ADAUSDT,81,2021-10-02 23:15,21,BOTH,BELOW,BLOCKED,XUYEN,1,false,false
ADAUSDT,82,2021-10-08 20:45,19,BOTH,BELOW,BLOCKED,XUYEN,1,false,false
ADAUSDT,83,2021-10-10 21:00,7,BOTH,BELOW,BLOCKED,XUYEN,1,false,false
ADAUSDT,84,2021-10-13 05:30,6,BOTH,BELOW,THROUGH,XUYEN,1,true,
ADAUSDT,85,2021-10-16 17:00,5,BOTH,BELOW,BLOCKED,XUYEN,1,false,false
ADAUSDT,87,2021-10-22 21:45,27,BOTH,BELOW,THROUGH,XUYEN,2,true,
ADAUSDT,88,2021-10-25 07:15,3,ABOVE,ABOVE,BLOCKED,CHAN,0,false,true
ADAUSDT,89,2021-10-25 15:45,20,BOTH,ABOVE,BLOCKED,XUYEN,1,false,false
ADAUSDT,91,2021-10-28 18:30,47,BOTH,BELOW,THROUGH,XUYEN,1,true,
ADAUSDT,92,2021-11-06 19:45,2,ABOVE,ABOVE,BLOCKED,CHAN,1,false,true
ADAUSDT,93,2021-11-13 14:00,18,BOTH,ABOVE,BLOCKED,XUYEN,1,false,false
ADAUSDT,95,2021-11-16 10:00,4,BOTH,BELOW,THROUGH,XUYEN,3,true,
ADAUSDT,96,2021-11-16 18:30,2,BELOW,BELOW,BLOCKED,CHAN,3,false,true
ADAUSDT,97,2021-11-17 23:45,16,BOTH,ABOVE,BLOCKED,XUYEN,2,false,false
ADAUSDT,98,2021-11-20 11:30,18,BOTH,ABOVE,THROUGH,XUYEN,1,true,
ADAUSDT,99,2021-11-23 09:30,8,BOTH,ABOVE,THROUGH,XUYEN,0,true,
ADAUSDT,100,2021-11-24 12:45,10,BOTH,BELOW,THROUGH,XUYEN,1,true,
ADAUSDT,101,2021-11-27 03:00,14,BOTH,BELOW,BLOCKED,XUYEN,0,false,false
ADAUSDT,102,2021-11-29 09:30,29,BOTH,BELOW,BLOCKED,XUYEN,2,false,false
ADAUSDT,103,2021-12-02 09:30,4,ABOVE,ABOVE,BLOCKED,XUYEN,1,false,false
ADAUSDT,105,2021-12-05 14:00,3,BELOW,BELOW,THROUGH,XUYEN,1,true,
ADAUSDT,106,2021-12-06 08:00,4,BOTH,ABOVE,THROUGH,XUYEN,1,true,
ADAUSDT,107,2021-12-07 19:00,7,BELOW,BELOW,BLOCKED,CHAN,3,false,true
ADAUSDT,108,2021-12-12 22:45,2,BELOW,BELOW,BLOCKED,CHAN,3,false,true
ADAUSDT,109,2021-12-16 07:00,12,BOTH,ABOVE,BLOCKED,XUYEN,0,false,false
ADAUSDT,111,2021-12-31 06:00,34,BOTH,BELOW,THROUGH,XUYEN,2,true,
ADAUSDT,112,2022-01-07 13:30,14,BOTH,BELOW,BLOCKED,XUYEN,0,false,false
ADAUSDT,113,2022-01-08 17:30,11,BOTH,BELOW,THROUGH,XUYEN,2,true,
ADAUSDT,114,2022-01-12 19:45,19,BOTH,ABOVE,BLOCKED,XUYEN,1,false,false
ADAUSDT,115,2022-01-20 05:45,7,ABOVE,ABOVE,BLOCKED,XUYEN,1,false,false
ADAUSDT,116,2022-01-23 23:00,10,BOTH,ABOVE,THROUGH,XUYEN,1,true,
ADAUSDT,117,2022-01-26 04:45,36,BOTH,ABOVE,THROUGH,XUYEN,1,true,
ADAUSDT,118,2022-01-29 20:30,10,BOTH,ABOVE,BLOCKED,XUYEN,2,false,false
ADAUSDT,119,2022-01-30 19:00,29,BOTH,BELOW,THROUGH,XUYEN,2,true,
ADAUSDT,120,2022-02-03 23:45,8,BOTH,ABOVE,THROUGH,XUYEN,2,true,
ADAUSDT,121,2022-02-09 04:45,1,ABOVE,ABOVE,BLOCKED,CHAN,1,false,
ADAUSDT,122,2022-02-10 02:45,3,BOTH,BELOW,THROUGH,XUYEN,1,true,
ADAUSDT,123,2022-02-10 13:30,3,BELOW,BELOW,BLOCKED,CHAN,0,false,true
ADAUSDT,125,2022-02-18 14:30,1,BELOW,BELOW,BLOCKED,CHAN,2,false,
ADAUSDT,126,2022-02-20 14:15,5,BOTH,ABOVE,BLOCKED,XUYEN,2,false,false
ADAUSDT,127,2022-02-20 22:45,1,ABOVE,ABOVE,BLOCKED,CHAN,2,false,
ADAUSDT,128,2022-02-21 04:45,3,BOTH,ABOVE,THROUGH,XUYEN,2,true,
ADAUSDT,129,2022-02-22 03:00,23,BOTH,BELOW,BLOCKED,XUYEN,3,false,false
ADAUSDT,130,2022-02-25 22:45,22,BOTH,ABOVE,BLOCKED,XUYEN,2,false,false
ADAUSDT,131,2022-02-28 22:30,7,BOTH,ABOVE,BLOCKED,XUYEN,1,false,false
ADAUSDT,132,2022-03-03 03:30,4,BOTH,BELOW,BLOCKED,XUYEN,3,false,false
ADAUSDT,133,2022-03-10 13:30,18,BOTH,BELOW,BLOCKED,XUYEN,2,false,false
ADAUSDT,134,2022-03-13 22:45,16,BOTH,BELOW,THROUGH,XUYEN,1,true,
ADAUSDT,135,2022-03-15 07:00,6,BOTH,BELOW,BLOCKED,XUYEN,3,false,false
ADAUSDT,136,2022-03-19 01:00,5,ABOVE,ABOVE,BLOCKED,CHAN,1,false,true
ADAUSDT,138,2022-03-22 19:45,14,BOTH,BELOW,THROUGH,XUYEN,2,true,
ADAUSDT,139,2022-03-25 07:45,8,BELOW,BELOW,BLOCKED,CHAN,2,false,true
ADAUSDT,140,2022-03-27 12:45,11,BOTH,BELOW,THROUGH,XUYEN,2,true,
ADAUSDT,141,2022-04-04 05:30,13,BOTH,ABOVE,THROUGH,XUYEN,1,true,
ADAUSDT,142,2022-04-09 23:30,8,BOTH,ABOVE,BLOCKED,XUYEN,1,false,false
ADAUSDT,143,2022-04-15 20:00,14,BOTH,ABOVE,BLOCKED,XUYEN,2,false,false
ADAUSDT,144,2022-04-18 04:00,6,BOTH,BELOW,THROUGH,XUYEN,2,true,
ADAUSDT,145,2022-04-22 07:15,5,BELOW,BELOW,BLOCKED,CHAN,0,false,true
ADAUSDT,146,2022-04-23 23:30,4,BELOW,BELOW,THROUGH,XUYEN,1,true,
ADAUSDT,147,2022-04-25 18:45,3,BOTH,ABOVE,BLOCKED,XUYEN,2,false,false
ADAUSDT,148,2022-04-27 20:15,13,BOTH,ABOVE,BLOCKED,XUYEN,3,false,false
ADAUSDT,149,2022-04-30 22:00,38,BOTH,BELOW,THROUGH,XUYEN,1,true,
ADAUSDT,150,2022-05-06 13:30,24,BOTH,BELOW,THROUGH,XUYEN,4,true,
ADAUSDT,151,2022-05-08 17:00,6,BOTH,BELOW,THROUGH,XUYEN,0,true,
ADAUSDT,152,2022-05-11 12:30,1,BELOW,BELOW,BLOCKED,CHAN,1,false,
ADAUSDT,153,2022-05-16 06:00,26,BOTH,BELOW,THROUGH,XUYEN,4,true,
ADAUSDT,154,2022-05-18 12:45,16,BOTH,BELOW,BLOCKED,XUYEN,2,false,false
ADAUSDT,155,2022-06-02 13:00,18,BOTH,BELOW,THROUGH,XUYEN,1,true,
ADAUSDT,156,2022-06-10 12:30,1,BELOW,BELOW,BLOCKED,CHAN,1,false,
ADAUSDT,158,2022-06-12 19:15,9,BOTH,BELOW,BLOCKED,XUYEN,2,false,false
ADAUSDT,159,2022-06-16 19:30,8,BOTH,BELOW,BLOCKED,XUYEN,2,false,false
ADAUSDT,160,2022-06-18 06:45,28,BOTH,BELOW,BLOCKED,XUYEN,1,false,false
ADAUSDT,161,2022-06-26 11:30,1,ABOVE,ABOVE,THROUGH,XUYEN,1,true,
ADAUSDT,163,2022-07-02 18:00,6,ABOVE,ABOVE,BLOCKED,CHAN,2,false,true
ADAUSDT,164,2022-07-03 04:45,1,BELOW,BELOW,BLOCKED,CHAN,2,false,
ADAUSDT,165,2022-07-03 19:00,12,BOTH,ABOVE,THROUGH,XUYEN,1,true,
ADAUSDT,166,2022-07-06 22:00,2,ABOVE,ABOVE,BLOCKED,CHAN,2,false,true
ADAUSDT,167,2022-07-08 01:15,16,BOTH,ABOVE,THROUGH,XUYEN,2,true,
ADAUSDT,169,2022-07-11 13:30,3,BELOW,BELOW,BLOCKED,CHAN,3,false,true
ADAUSDT,171,2022-07-12 23:45,22,BOTH,BELOW,BLOCKED,XUYEN,1,false,false
ADAUSDT,173,2022-07-20 01:30,5,BOTH,ABOVE,BLOCKED,XUYEN,2,false,false
ADAUSDT,174,2022-07-22 19:30,25,BOTH,BELOW,BLOCKED,XUYEN,2,false,false
ADAUSDT,175,2022-07-25 19:00,2,BOTH,BELOW,THROUGH,XUYEN,1,true,
ADAUSDT,176,2022-07-26 11:45,9,BOTH,BELOW,BLOCKED,XUYEN,2,false,false
ADAUSDT,177,2022-07-27 11:45,3,BOTH,BELOW,THROUGH,XUYEN,2,true,
ADAUSDT,179,2022-07-31 18:00,4,BOTH,ABOVE,THROUGH,XUYEN,1,true,
ADAUSDT,180,2022-08-04 06:15,34,BOTH,BELOW,THROUGH,XUYEN,1,true,
ADAUSDT,181,2022-08-17 18:00,18,BOTH,ABOVE,THROUGH,XUYEN,1,true,
ADAUSDT,183,2022-08-19 21:45,14,BOTH,BELOW,BLOCKED,XUYEN,2,false,false
ADAUSDT,184,2022-08-21 20:45,19,BOTH,ABOVE,THROUGH,XUYEN,0,true,
ADAUSDT,185,2022-08-24 21:45,15,BOTH,BELOW,THROUGH,XUYEN,1,true,
ADAUSDT,186,2022-08-25 20:30,12,BOTH,ABOVE,THROUGH,XUYEN,5,true,
ADAUSDT,187,2022-08-26 22:30,24,BOTH,BELOW,THROUGH,XUYEN,1,true,
ADAUSDT,188,2022-08-28 21:45,11,BOTH,BELOW,THROUGH,XUYEN,2,true,
ADAUSDT,189,2022-08-30 19:00,7,ABOVE,ABOVE,BLOCKED,CHAN,3,false,true
ADAUSDT,190,2022-09-01 08:30,7,ABOVE,ABOVE,BLOCKED,CHAN,5,false,true
ADAUSDT,191,2022-09-02 03:00,10,BOTH,ABOVE,BLOCKED,XUYEN,0,false,false
ADAUSDT,192,2022-09-05 05:00,11,BOTH,BELOW,BLOCKED,XUYEN,1,false,false
ADAUSDT,194,2022-09-07 20:15,11,BOTH,ABOVE,THROUGH,XUYEN,1,true,
ADAUSDT,195,2022-09-11 06:30,17,BOTH,BELOW,THROUGH,XUYEN,1,true,
ADAUSDT,196,2022-09-13 18:45,24,BOTH,BELOW,BLOCKED,XUYEN,3,false,false
ADAUSDT,197,2022-09-16 13:30,8,BOTH,BELOW,BLOCKED,XUYEN,2,false,false
ADAUSDT,198,2022-09-19 02:15,49,BOTH,BELOW,THROUGH,XUYEN,1,true,
ADAUSDT,199,2022-09-26 02:45,11,BOTH,BELOW,BLOCKED,XUYEN,5,false,false
ADAUSDT,200,2022-09-26 21:00,3,ABOVE,ABOVE,THROUGH,XUYEN,2,true,
ADAUSDT,201,2022-09-28 01:15,6,BELOW,BELOW,BLOCKED,CHAN,1,false,true
ADAUSDT,202,2022-09-29 04:30,29,BOTH,ABOVE,THROUGH,XUYEN,0,true,
ADAUSDT,203,2022-10-01 08:15,4,BOTH,ABOVE,THROUGH,XUYEN,1,true,
ADAUSDT,204,2022-10-02 19:00,15,BOTH,ABOVE,THROUGH,XUYEN,1,true,
ADAUSDT,205,2022-10-06 10:45,5,BELOW,BELOW,THROUGH,XUYEN,1,true,
ADAUSDT,206,2022-10-09 03:30,9,BOTH,BELOW,THROUGH,XUYEN,2,true,
ADAUSDT,209,2022-10-12 12:30,2,BELOW,BELOW,BLOCKED,CHAN,2,false,true
ADAUSDT,212,2022-10-13 06:30,4,BOTH,BELOW,BLOCKED,XUYEN,1,false,false
ADAUSDT,213,2022-10-14 01:15,3,BOTH,ABOVE,THROUGH,XUYEN,1,true,
ADAUSDT,214,2022-10-16 19:30,9,BOTH,ABOVE,BLOCKED,XUYEN,0,false,false
ADAUSDT,215,2022-10-18 18:30,1,BELOW,BELOW,BLOCKED,CHAN,3,false,
ADAUSDT,216,2022-10-22 05:15,3,BOTH,BELOW,THROUGH,XUYEN,2,true,
ADAUSDT,217,2022-10-22 20:45,5,BOTH,ABOVE,BLOCKED,XUYEN,3,false,false
ADAUSDT,218,2022-10-23 11:00,4,BOTH,BELOW,THROUGH,XUYEN,2,true,
ADAUSDT,219,2022-10-23 22:00,1,ABOVE,ABOVE,BLOCKED,CHAN,1,false,
ADAUSDT,221,2022-10-27 20:00,35,BOTH,BELOW,THROUGH,XUYEN,1,true,
ADAUSDT,222,2022-11-02 00:00,13,BOTH,BELOW,BLOCKED,XUYEN,3,false,false
ADAUSDT,223,2022-11-05 00:00,12,BOTH,BELOW,THROUGH,XUYEN,0,true,
ADAUSDT,224,2022-11-07 05:30,9,BOTH,ABOVE,THROUGH,XUYEN,2,true,
ADAUSDT,226,2022-11-08 02:45,3,BOTH,BELOW,THROUGH,XUYEN,1,true,
ADAUSDT,227,2022-11-10 13:30,10,BOTH,ABOVE,BLOCKED,XUYEN,3,false,false
ADAUSDT,230,2022-11-19 22:00,9,BOTH,ABOVE,THROUGH,XUYEN,3,true,
ADAUSDT,232,2022-11-23 02:15,3,ABOVE,ABOVE,BLOCKED,CHAN,1,false,true
ADAUSDT,233,2022-11-23 19:00,24,BOTH,ABOVE,BLOCKED,CHAN,3,false,true
ADAUSDT,234,2022-11-26 00:30,2,ABOVE,ABOVE,BLOCKED,CHAN,3,false,true
ADAUSDT,235,2022-11-26 14:30,1,ABOVE,ABOVE,THROUGH,XUYEN,0,true,
ADAUSDT,237,2022-11-29 00:00,3,BOTH,BELOW,THROUGH,XUYEN,2,true,
ADAUSDT,238,2022-11-29 13:00,3,BELOW,BELOW,BLOCKED,XUYEN,1,false,false
ADAUSDT,239,2022-11-30 17:15,9,BOTH,BELOW,THROUGH,XUYEN,1,true,
ADAUSDT,240,2022-12-01 18:00,11,BOTH,ABOVE,THROUGH,XUYEN,2,true,
ADAUSDT,241,2022-12-03 00:00,33,BOTH,ABOVE,THROUGH,XUYEN,1,true,
ADAUSDT,242,2022-12-07 20:00,11,BOTH,BELOW,BLOCKED,XUYEN,3,false,false
ADAUSDT,244,2022-12-09 18:00,23,BOTH,BELOW,THROUGH,XUYEN,3,true,
ADAUSDT,245,2022-12-12 02:45,19,BOTH,BELOW,BLOCKED,XUYEN,1,false,false
ADAUSDT,246,2022-12-15 18:45,13,BOTH,BELOW,THROUGH,XUYEN,2,true,
ADAUSDT,249,2022-12-18 08:15,8,BOTH,BELOW,THROUGH,XUYEN,1,true,
ADAUSDT,250,2022-12-19 14:00,4,BOTH,BELOW,THROUGH,XUYEN,2,true,
ADAUSDT,252,2022-12-23 01:30,2,ABOVE,ABOVE,BLOCKED,CHAN,1,false,true
ADAUSDT,253,2022-12-25 14:30,2,BOTH,BELOW,THROUGH,XUYEN,2,true,
ADAUSDT,254,2022-12-25 19:00,1,ABOVE,ABOVE,BLOCKED,CHAN,2,false,
ADAUSDT,255,2022-12-26 02:00,2,ABOVE,ABOVE,BLOCKED,CHAN,2,false,true
ADAUSDT,257,2023-01-02 01:00,4,BOTH,BELOW,BLOCKED,XUYEN,3,false,false
ADAUSDT,258,2023-01-02 19:45,7,BOTH,ABOVE,THROUGH,XUYEN,1,true,
ADAUSDT,259,2023-01-04 11:00,19,BOTH,BELOW,THROUGH,XUYEN,2,true,
ADAUSDT,261,2023-01-14 14:30,14,BOTH,BELOW,BLOCKED,XUYEN,2,false,false
ADAUSDT,262,2023-01-16 08:00,1,BELOW,BELOW,BLOCKED,CHAN,1,false,
ADAUSDT,263,2023-01-17 22:30,8,BOTH,BELOW,THROUGH,XUYEN,2,true,
ADAUSDT,264,2023-01-19 08:30,6,BOTH,ABOVE,THROUGH,XUYEN,2,true,
ADAUSDT,265,2023-01-19 21:45,8,BOTH,BELOW,BLOCKED,XUYEN,2,false,false
ADAUSDT,266,2023-01-20 22:00,7,BOTH,BELOW,THROUGH,XUYEN,1,true,
ADAUSDT,267,2023-01-21 04:00,4,ABOVE,ABOVE,BLOCKED,CHAN,2,false,true
ADAUSDT,268,2023-01-21 13:45,7,BOTH,ABOVE,BLOCKED,XUYEN,1,false,false
ADAUSDT,269,2023-01-22 08:30,16,BOTH,ABOVE,BLOCKED,XUYEN,3,false,false
ADAUSDT,271,2023-01-24 21:45,27,BOTH,BELOW,BLOCKED,XUYEN,1,false,false
ADAUSDT,272,2023-01-27 20:00,16,BOTH,ABOVE,THROUGH,XUYEN,1,true,
ADAUSDT,274,2023-01-30 19:00,2,BOTH,BELOW,THROUGH,XUYEN,1,true,
ADAUSDT,275,2023-01-31 21:15,10,BOTH,BELOW,THROUGH,XUYEN,2,true,
ADAUSDT,276,2023-02-03 03:15,6,BOTH,BELOW,THROUGH,XUYEN,2,true,
ADAUSDT,277,2023-02-03 13:30,29,BOTH,BELOW,THROUGH,XUYEN,3,true,
ADAUSDT,278,2023-02-06 05:15,15,BOTH,BELOW,THROUGH,XUYEN,3,true,
ADAUSDT,279,2023-02-06 23:00,27,BOTH,BELOW,BLOCKED,XUYEN,2,false,false
ADAUSDT,281,2023-02-14 23:00,10,BOTH,ABOVE,THROUGH,XUYEN,3,true,
ADAUSDT,282,2023-02-20 22:00,5,BOTH,ABOVE,THROUGH,XUYEN,2,true,
ADAUSDT,283,2023-02-22 19:00,5,ABOVE,ABOVE,BLOCKED,CHAN,2,false,true
ADAUSDT,285,2023-02-26 18:30,40,BOTH,ABOVE,BLOCKED,XUYEN,1,false,false
ADAUSDT,286,2023-03-01 19:45,3,BELOW,BELOW,BLOCKED,CHAN,0,false,true
ADAUSDT,288,2023-03-05 23:00,2,BELOW,BELOW,THROUGH,XUYEN,0,true,
ADAUSDT,290,2023-03-07 15:00,11,BOTH,BELOW,THROUGH,XUYEN,2,true,
ADAUSDT,291,2023-03-10 13:30,1,ABOVE,ABOVE,BLOCKED,CHAN,2,false,
ADAUSDT,292,2023-03-11 06:30,6,BOTH,BELOW,BLOCKED,XUYEN,1,false,false
ADAUSDT,293,2023-03-14 05:00,4,BOTH,ABOVE,THROUGH,XUYEN,0,true,
ADAUSDT,294,2023-03-14 12:30,35,BOTH,ABOVE,THROUGH,XUYEN,1,true,
ADAUSDT,295,2023-03-19 15:00,11,BOTH,ABOVE,BLOCKED,XUYEN,3,false,false
ADAUSDT,296,2023-03-21 07:00,2,BOTH,BELOW,THROUGH,XUYEN,2,true,
ADAUSDT,297,2023-03-21 20:00,18,BOTH,ABOVE,THROUGH,XUYEN,2,true,
ADAUSDT,298,2023-03-25 13:00,3,BOTH,BELOW,THROUGH,XUYEN,2,true,
ADAUSDT,299,2023-03-26 00:00,1,BELOW,BELOW,THROUGH,XUYEN,1,true,
ADAUSDT,300,2023-03-26 08:30,9,BOTH,ABOVE,THROUGH,XUYEN,1,true,
ADAUSDT,301,2023-03-27 05:45,5,BOTH,BELOW,THROUGH,XUYEN,2,true,
ADAUSDT,302,2023-03-27 22:00,3,ABOVE,ABOVE,THROUGH,XUYEN,2,true,
ADAUSDT,303,2023-04-02 15:00,1,BELOW,BELOW,BLOCKED,CHAN,2,false,
ADAUSDT,304,2023-04-02 19:30,10,BOTH,BELOW,BLOCKED,XUYEN,3,false,false
ADAUSDT,305,2023-04-04 11:00,19,BOTH,ABOVE,THROUGH,XUYEN,1,true,
ADAUSDT,306,2023-04-08 16:30,6,BOTH,BELOW,BLOCKED,XUYEN,2,false,false
ADAUSDT,307,2023-04-09 10:15,7,BOTH,ABOVE,THROUGH,XUYEN,1,true,
ADAUSDT,308,2023-04-10 22:00,3,ABOVE,ABOVE,THROUGH,XUYEN,1,true,
ADAUSDT,310,2023-04-13 07:30,1,BELOW,BELOW,THROUGH,XUYEN,0,true,
ADAUSDT,311,2023-04-13 16:00,2,BELOW,BELOW,THROUGH,XUYEN,1,true,
ADAUSDT,312,2023-04-14 12:00,27,BOTH,BELOW,THROUGH,XUYEN,1,true,
ADAUSDT,314,2023-04-22 22:00,11,BOTH,ABOVE,THROUGH,XUYEN,2,true,
ADAUSDT,315,2023-04-25 03:45,13,BOTH,BELOW,THROUGH,XUYEN,2,true,
ADAUSDT,316,2023-04-28 07:45,1,ABOVE,ABOVE,THROUGH,XUYEN,0,true,
ADAUSDT,317,2023-04-29 17:30,6,BOTH,BELOW,BLOCKED,XUYEN,3,false,false
ADAUSDT,318,2023-05-01 01:30,5,BELOW,BELOW,BLOCKED,CHAN,1,false,true
ADAUSDT,319,2023-05-05 12:30,6,BOTH,BELOW,THROUGH,XUYEN,1,true,
ADAUSDT,320,2023-05-07 23:45,3,BOTH,BELOW,THROUGH,XUYEN,0,true,
ADAUSDT,321,2023-05-08 07:45,10,BOTH,BELOW,THROUGH,XUYEN,2,true,
ADAUSDT,322,2023-05-10 10:15,24,BOTH,BELOW,THROUGH,XUYEN,0,true,
ADAUSDT,323,2023-05-15 05:00,22,BOTH,ABOVE,BLOCKED,XUYEN,3,false,false
ADAUSDT,324,2023-05-20 07:30,14,BOTH,ABOVE,BLOCKED,CHAN,3,false,true
ADAUSDT,325,2023-05-21 15:30,15,BOTH,BELOW,THROUGH,XUYEN,1,true,
ADAUSDT,326,2023-05-25 01:15,2,BELOW,BELOW,BLOCKED,CHAN,1,false,true
ADAUSDT,327,2023-05-25 19:00,10,BOTH,ABOVE,THROUGH,XUYEN,2,true,
ADAUSDT,329,2023-06-02 07:45,3,ABOVE,ABOVE,BLOCKED,CHAN,1,false,true
ADAUSDT,331,2023-06-06 12:00,12,BOTH,BELOW,BLOCKED,XUYEN,2,false,false
ADAUSDT,332,2023-06-07 09:45,1,BELOW,BELOW,BLOCKED,CHAN,2,false,
ADAUSDT,333,2023-06-08 12:30,3,ABOVE,ABOVE,BLOCKED,XUYEN,2,false,false
ADAUSDT,334,2023-06-14 18:00,2,BELOW,BELOW,BLOCKED,CHAN,2,false,true
ADAUSDT,335,2023-06-16 14:45,1,ABOVE,ABOVE,BLOCKED,CHAN,0,false,
ADAUSDT,337,2023-06-17 09:30,3,BOTH,ABOVE,THROUGH,XUYEN,3,true,
ADAUSDT,339,2023-06-19 16:30,9,BOTH,ABOVE,BLOCKED,XUYEN,0,false,false
ADAUSDT,340,2023-06-25 08:00,4,BOTH,ABOVE,BLOCKED,XUYEN,3,false,false
ADAUSDT,341,2023-06-27 14:00,15,BOTH,ABOVE,THROUGH,XUYEN,1,true,
ADAUSDT,342,2023-06-30 22:00,9,BOTH,ABOVE,THROUGH,XUYEN,3,true,
ADAUSDT,343,2023-07-01 14:45,15,BOTH,BELOW,BLOCKED,XUYEN,2,false,false
ADAUSDT,344,2023-07-02 15:15,23,BOTH,BELOW,BLOCKED,XUYEN,4,false,false
ADAUSDT,345,2023-07-05 10:30,36,BOTH,BELOW,BLOCKED,XUYEN,3,false,false
ADAUSDT,347,2023-07-16 10:00,10,BOTH,ABOVE,BLOCKED,XUYEN,0,false,false
ADAUSDT,348,2023-07-18 16:45,6,BOTH,BELOW,THROUGH,XUYEN,4,true,
ADAUSDT,349,2023-07-20 00:00,9,ABOVE,ABOVE,BLOCKED,XUYEN,2,false,false
ADAUSDT,350,2023-07-22 09:45,11,BOTH,BELOW,THROUGH,XUYEN,2,true,
ADAUSDT,351,2023-07-22 23:15,4,BOTH,BELOW,THROUGH,XUYEN,0,true,
ADAUSDT,353,2023-07-26 18:00,1,ABOVE,ABOVE,BLOCKED,CHAN,1,false,
ADAUSDT,354,2023-07-29 04:30,5,BOTH,BELOW,BLOCKED,XUYEN,0,false,false
ADAUSDT,355,2023-07-29 20:00,6,BOTH,ABOVE,THROUGH,XUYEN,3,true,
ADAUSDT,356,2023-07-30 10:00,6,BOTH,ABOVE,THROUGH,XUYEN,1,true,
ADAUSDT,357,2023-07-30 19:45,12,BOTH,BELOW,THROUGH,XUYEN,2,true,
ADAUSDT,358,2023-08-01 15:30,5,BOTH,ABOVE,BLOCKED,XUYEN,1,false,false
ADAUSDT,359,2023-08-03 12:00,9,BOTH,BELOW,BLOCKED,XUYEN,3,false,false
ADAUSDT,360,2023-08-04 12:30,1,ABOVE,ABOVE,BLOCKED,CHAN,2,false,
ADAUSDT,361,2023-08-04 20:30,17,BOTH,BELOW,BLOCKED,XUYEN,3,false,false
ADAUSDT,362,2023-08-06 20:45,12,BOTH,ABOVE,BLOCKED,XUYEN,0,false,false
ADAUSDT,363,2023-08-08 07:15,5,BOTH,ABOVE,THROUGH,XUYEN,1,true,
ADAUSDT,364,2023-08-12 01:30,9,BOTH,BELOW,BLOCKED,XUYEN,2,false,false
ADAUSDT,365,2023-08-15 10:00,4,BELOW,BELOW,BLOCKED,CHAN,3,false,true
ADAUSDT,368,2023-08-16 02:00,3,BOTH,BELOW,THROUGH,XUYEN,3,true,
ADAUSDT,369,2023-08-16 20:15,9,BOTH,BELOW,THROUGH,XUYEN,3,true,
ADAUSDT,370,2023-08-19 20:15,22,BOTH,BELOW,THROUGH,XUYEN,1,true,
ADAUSDT,371,2023-08-21 15:15,17,BOTH,BELOW,BLOCKED,XUYEN,3,false,false
ADAUSDT,372,2023-08-25 01:45,4,BOTH,ABOVE,THROUGH,XUYEN,0,true,
ADAUSDT,374,2023-08-26 14:00,1,ABOVE,ABOVE,BLOCKED,CHAN,2,false,
ADAUSDT,375,2023-08-27 01:30,1,ABOVE,ABOVE,BLOCKED,CHAN,1,false,
ADAUSDT,376,2023-08-27 06:15,7,BOTH,ABOVE,BLOCKED,XUYEN,3,false,false
ADAUSDT,377,2023-08-28 05:30,10,BOTH,BELOW,BLOCKED,XUYEN,2,false,false
ADAUSDT,378,2023-08-29 14:15,1,ABOVE,ABOVE,BLOCKED,CHAN,2,false,
ADAUSDT,379,2023-08-30 13:30,11,BOTH,BELOW,BLOCKED,XUYEN,2,false,false
ADAUSDT,380,2023-09-04 07:00,6,BOTH,ABOVE,THROUGH,XUYEN,0,true,
ADAUSDT,381,2023-09-05 01:45,5,BOTH,BELOW,THROUGH,XUYEN,3,true,
ADAUSDT,382,2023-09-06 02:00,3,ABOVE,ABOVE,THROUGH,XUYEN,3,true,
ADAUSDT,383,2023-09-06 06:00,11,BOTH,BELOW,THROUGH,XUYEN,3,true,
ADAUSDT,384,2023-09-06 17:00,1,BELOW,BELOW,THROUGH,XUYEN,1,true,
ADAUSDT,385,2023-09-07 01:45,7,BOTH,BELOW,BLOCKED,XUYEN,3,false,false
ADAUSDT,386,2023-09-08 03:00,2,ABOVE,ABOVE,BLOCKED,XUYEN,1,false,false
ADAUSDT,387,2023-09-11 02:15,4,BOTH,ABOVE,BLOCKED,XUYEN,3,false,false
ADAUSDT,388,2023-09-11 14:00,8,BOTH,BELOW,BLOCKED,XUYEN,2,false,false
ADAUSDT,389,2023-09-12 10:15,9,BOTH,ABOVE,BLOCKED,XUYEN,3,false,false
ADAUSDT,390,2023-09-13 07:30,2,BOTH,BELOW,THROUGH,XUYEN,1,true,
ADAUSDT,391,2023-09-15 02:00,9,BOTH,ABOVE,THROUGH,XUYEN,2,true,
ADAUSDT,392,2023-09-17 20:30,13,BOTH,BELOW,BLOCKED,XUYEN,3,false,false
ADAUSDT,393,2023-09-21 20:00,1,BELOW,BELOW,BLOCKED,CHAN,2,false,
ADAUSDT,394,2023-09-24 23:15,50,BOTH,BELOW,THROUGH,XUYEN,1,true,
ADAUSDT,395,2023-09-29 07:30,2,ABOVE,ABOVE,BLOCKED,CHAN,3,false,true
ADAUSDT,396,2023-09-29 12:00,10,BOTH,ABOVE,BLOCKED,XUYEN,3,false,false
ADAUSDT,398,2023-10-01 20:00,1,ABOVE,ABOVE,BLOCKED,CHAN,2,false,
ADAUSDT,399,2023-10-01 22:15,18,BOTH,ABOVE,BLOCKED,XUYEN,1,false,false
ADAUSDT,400,2023-10-04 19:00,3,ABOVE,ABOVE,BLOCKED,CHAN,1,false,true
ADAUSDT,401,2023-10-08 05:30,5,BOTH,BELOW,BLOCKED,XUYEN,3,false,false
ADAUSDT,403,2023-10-09 16:00,9,BOTH,BELOW,THROUGH,XUYEN,2,true,
ADAUSDT,405,2023-10-11 02:30,4,BELOW,BELOW,BLOCKED,CHAN,1,false,true
ADAUSDT,406,2023-10-11 15:15,1,BELOW,BELOW,BLOCKED,CHAN,2,false,
ADAUSDT,407,2023-10-12 06:00,4,BOTH,ABOVE,THROUGH,XUYEN,2,true,
ADAUSDT,408,2023-10-12 16:15,6,BOTH,BELOW,BLOCKED,XUYEN,2,false,false
ADAUSDT,409,2023-10-13 20:45,23,BOTH,ABOVE,THROUGH,XUYEN,0,true,
ADAUSDT,411,2023-10-16 13:15,4,BOTH,ABOVE,THROUGH,XUYEN,1,true,
ADAUSDT,412,2023-10-17 18:45,3,BELOW,BELOW,BLOCKED,CHAN,3,false,true
ADAUSDT,413,2023-10-18 04:45,7,BOTH,ABOVE,BLOCKED,XUYEN,3,false,false
ADAUSDT,414,2023-10-19 01:30,6,BOTH,BELOW,THROUGH,XUYEN,1,true,
ADAUSDT,415,2023-10-20 17:30,5,ABOVE,ABOVE,BLOCKED,CHAN,3,false,true
ADAUSDT,416,2023-10-22 07:30,7,BOTH,BELOW,THROUGH,XUYEN,2,true,
ADAUSDT,418,2023-10-26 22:00,13,BOTH,ABOVE,THROUGH,XUYEN,1,true,
ADAUSDT,419,2023-10-29 17:30,11,BOTH,ABOVE,THROUGH,XUYEN,2,true,
ADAUSDT,420,2023-10-30 17:00,16,BOTH,BELOW,THROUGH,XUYEN,1,true,
ADAUSDT,421,2023-11-03 00:00,16,BOTH,ABOVE,THROUGH,XUYEN,2,true,
ADAUSDT,422,2023-11-06 05:15,9,BOTH,BELOW,THROUGH,XUYEN,3,true,
ADAUSDT,424,2023-11-13 20:45,4,BOTH,ABOVE,THROUGH,XUYEN,0,true,
ADAUSDT,425,2023-11-14 13:30,10,BOTH,ABOVE,BLOCKED,XUYEN,2,false,false
ADAUSDT,426,2023-11-16 02:15,7,BOTH,ABOVE,BLOCKED,XUYEN,3,false,false
ADAUSDT,427,2023-11-19 00:00,19,BOTH,BELOW,BLOCKED,XUYEN,1,false,false
ADAUSDT,429,2023-11-24 22:00,24,BOTH,BELOW,BLOCKED,XUYEN,3,false,false
ADAUSDT,430,2023-11-29 16:00,15,BOTH,ABOVE,BLOCKED,XUYEN,0,false,false
ADAUSDT,431,2023-12-02 14:45,11,BOTH,BELOW,BLOCKED,XUYEN,0,false,false
ADAUSDT,432,2023-12-04 11:00,4,BELOW,BELOW,BLOCKED,XUYEN,1,false,false
ADAUSDT,434,2023-12-11 02:00,8,BOTH,BELOW,THROUGH,XUYEN,1,true,
ADAUSDT,435,2023-12-13 06:45,1,BELOW,BELOW,THROUGH,XUYEN,3,true,
ADAUSDT,436,2023-12-14 13:00,2,BELOW,BELOW,BLOCKED,CHAN,1,false,true
ADAUSDT,437,2023-12-24 05:30,22,BOTH,BELOW,BLOCKED,XUYEN,2,false,false
ADAUSDT,439,2023-12-28 20:00,2,BELOW,BELOW,BLOCKED,CHAN,2,false,true
ADAUSDT,440,2023-12-29 22:15,21,BOTH,ABOVE,BLOCKED,XUYEN,1,false,false
ADAUSDT,441,2023-12-31 22:45,14,BOTH,BELOW,THROUGH,XUYEN,3,true,
ADAUSDT,442,2024-01-04 20:30,4,BOTH,ABOVE,THROUGH,XUYEN,2,true,
ADAUSDT,444,2024-01-05 09:00,3,ABOVE,ABOVE,THROUGH,XUYEN,1,true,
ADAUSDT,445,2024-01-06 05:15,16,BELOW,BELOW,BLOCKED,XUYEN,1,false,false
ADAUSDT,446,2024-01-08 06:15,1,ABOVE,ABOVE,BLOCKED,CHAN,2,false,
ADAUSDT,447,2024-01-09 12:45,7,BOTH,BELOW,BLOCKED,XUYEN,2,false,false
ADAUSDT,448,2024-01-16 14:30,8,BOTH,BELOW,THROUGH,XUYEN,2,true,
ADAUSDT,449,2024-01-18 15:30,1,ABOVE,ABOVE,THROUGH,XUYEN,0,true,
ADAUSDT,451,2024-01-19 23:45,9,BOTH,ABOVE,THROUGH,XUYEN,1,true,
ADAUSDT,452,2024-01-25 11:30,7,BOTH,ABOVE,THROUGH,XUYEN,2,true,
ADAUSDT,453,2024-01-30 21:45,3,BOTH,ABOVE,THROUGH,XUYEN,1,true,
ADAUSDT,454,2024-02-02 08:00,12,BOTH,BELOW,THROUGH,XUYEN,0,true,
ADAUSDT,457,2024-02-07 14:45,2,ABOVE,ABOVE,BLOCKED,CHAN,2,false,true
ADAUSDT,459,2024-02-13 13:30,3,BELOW,BELOW,BLOCKED,XUYEN,1,false,false
ADAUSDT,460,2024-02-16 09:00,8,BOTH,BELOW,THROUGH,XUYEN,2,true,
ADAUSDT,461,2024-02-17 14:30,3,BOTH,BELOW,THROUGH,XUYEN,2,true,
ADAUSDT,463,2024-02-18 19:30,44,BOTH,ABOVE,THROUGH,XUYEN,1,true,
ADAUSDT,464,2024-02-28 00:00,9,BOTH,ABOVE,THROUGH,XUYEN,1,true,
ADAUSDT,466,2024-03-10 22:00,4,BOTH,BELOW,BLOCKED,XUYEN,2,false,false
ADAUSDT,467,2024-03-13 23:00,7,BOTH,ABOVE,BLOCKED,XUYEN,1,false,false
ADAUSDT,468,2024-03-14 07:00,8,BOTH,ABOVE,THROUGH,XUYEN,3,true,
ADAUSDT,469,2024-03-23 21:00,13,BOTH,BELOW,THROUGH,XUYEN,2,true,
ADAUSDT,470,2024-03-26 12:00,2,BELOW,BELOW,BLOCKED,CHAN,1,false,true
ADAUSDT,471,2024-03-30 19:00,23,BOTH,BELOW,THROUGH,XUYEN,2,true,
ADAUSDT,473,2024-04-01 12:00,3,BOTH,BELOW,THROUGH,XUYEN,3,true,
ADAUSDT,474,2024-04-09 12:00,1,ABOVE,ABOVE,THROUGH,XUYEN,0,true,
ADAUSDT,475,2024-04-10 12:00,5,BOTH,BELOW,BLOCKED,XUYEN,2,false,false
ADAUSDT,476,2024-04-11 11:30,15,BOTH,BELOW,THROUGH,XUYEN,2,true,
ADAUSDT,478,2024-04-14 22:00,34,BOTH,ABOVE,BLOCKED,XUYEN,2,false,false
ADAUSDT,480,2024-04-19 23:00,3,BELOW,BELOW,THROUGH,XUYEN,1,true,
ADAUSDT,481,2024-04-21 16:00,17,BOTH,BELOW,THROUGH,XUYEN,2,true,
ADAUSDT,482,2024-04-24 18:45,9,BOTH,BELOW,BLOCKED,XUYEN,3,false,false
ADAUSDT,483,2024-04-29 12:30,11,BOTH,ABOVE,THROUGH,XUYEN,1,true,
ADAUSDT,484,2024-05-01 07:00,20,BOTH,BELOW,THROUGH,XUYEN,3,true,
ADAUSDT,485,2024-05-08 14:30,15,BOTH,ABOVE,BLOCKED,CHAN,1,false,true
ADAUSDT,487,2024-05-13 12:00,2,BELOW,BELOW,BLOCKED,CHAN,1,false,true
ADAUSDT,489,2024-05-17 04:30,2,ABOVE,ABOVE,BLOCKED,CHAN,1,false,true
ADAUSDT,490,2024-05-20 19:15,5,BOTH,ABOVE,THROUGH,XUYEN,1,true,
ADAUSDT,491,2024-05-23 20:00,63,BOTH,BELOW,THROUGH,XUYEN,3,true,
ADAUSDT,492,2024-05-27 19:45,5,BELOW,BELOW,BLOCKED,CHAN,2,false,true
ADAUSDT,494,2024-05-30 06:00,15,BOTH,BELOW,BLOCKED,XUYEN,0,false,false
ADAUSDT,495,2024-06-01 23:00,22,BOTH,BELOW,THROUGH,XUYEN,2,true,
ADAUSDT,496,2024-06-04 04:00,34,BOTH,BELOW,THROUGH,XUYEN,2,true,
ADAUSDT,497,2024-06-06 19:00,5,BOTH,BELOW,BLOCKED,XUYEN,2,false,false
ADAUSDT,499,2024-06-08 06:00,10,BOTH,BELOW,THROUGH,XUYEN,2,true,
ADAUSDT,500,2024-06-10 00:00,9,BOTH,BELOW,BLOCKED,XUYEN,1,false,false
ADAUSDT,503,2024-06-12 18:00,2,BELOW,BELOW,BLOCKED,CHAN,0,false,true
ADAUSDT,504,2024-06-15 14:30,13,BOTH,ABOVE,BLOCKED,XUYEN,2,false,false
ADAUSDT,505,2024-06-16 22:00,6,BOTH,ABOVE,BLOCKED,XUYEN,2,false,false
ADAUSDT,507,2024-06-20 19:45,11,BOTH,BELOW,BLOCKED,XUYEN,2,false,false
ADAUSDT,509,2024-06-23 03:45,7,BOTH,ABOVE,BLOCKED,CHAN,3,false,true
ADAUSDT,510,2024-06-24 09:30,10,BOTH,BELOW,BLOCKED,XUYEN,1,false,false
ADAUSDT,511,2024-06-26 12:00,13,BOTH,ABOVE,THROUGH,XUYEN,1,true,
ADAUSDT,512,2024-06-28 07:15,1,BELOW,BELOW,THROUGH,XUYEN,3,true,
ADAUSDT,513,2024-06-28 12:30,9,BOTH,BELOW,THROUGH,XUYEN,0,true,
ADAUSDT,514,2024-06-29 11:30,10,BOTH,ABOVE,THROUGH,XUYEN,2,true,
ADAUSDT,515,2024-07-04 22:00,14,BOTH,BELOW,BLOCKED,XUYEN,1,false,false
ADAUSDT,517,2024-07-16 06:45,48,BOTH,BELOW,THROUGH,XUYEN,3,true,
ADAUSDT,518,2024-07-21 17:45,11,BOTH,BELOW,THROUGH,XUYEN,0,true,
ADAUSDT,519,2024-07-25 01:00,3,BOTH,BELOW,THROUGH,XUYEN,1,true,
ADAUSDT,520,2024-07-26 19:00,9,BOTH,ABOVE,BLOCKED,XUYEN,1,false,false
ADAUSDT,521,2024-07-27 12:00,13,BOTH,ABOVE,THROUGH,XUYEN,1,true,
ADAUSDT,523,2024-08-04 22:00,2,ABOVE,ABOVE,THROUGH,XUYEN,3,true,
ADAUSDT,524,2024-08-05 05:00,6,BOTH,BELOW,BLOCKED,XUYEN,3,false,false
ADAUSDT,525,2024-08-08 12:30,17,BOTH,ABOVE,BLOCKED,XUYEN,0,false,false
ADAUSDT,526,2024-08-14 12:30,1,ABOVE,ABOVE,THROUGH,XUYEN,3,true,
ADAUSDT,527,2024-08-14 22:00,10,BOTH,BELOW,THROUGH,XUYEN,1,true,
ADAUSDT,528,2024-08-16 07:15,11,BOTH,ABOVE,THROUGH,XUYEN,1,true,
ADAUSDT,529,2024-08-17 21:00,8,BOTH,ABOVE,BLOCKED,XUYEN,1,false,false
ADAUSDT,530,2024-08-18 12:30,12,BOTH,ABOVE,BLOCKED,XUYEN,2,false,false
ADAUSDT,531,2024-08-22 02:45,12,BOTH,BELOW,BLOCKED,XUYEN,3,false,false
ADAUSDT,533,2024-08-23 12:30,14,BOTH,BELOW,THROUGH,XUYEN,0,true,
ADAUSDT,535,2024-08-27 02:00,4,BOTH,BELOW,THROUGH,XUYEN,1,true,
ADAUSDT,536,2024-08-29 22:00,9,BOTH,BELOW,THROUGH,XUYEN,3,true,
ADAUSDT,538,2024-08-31 08:45,12,BOTH,BELOW,THROUGH,XUYEN,1,true,
ADAUSDT,540,2024-09-03 23:45,1,BELOW,BELOW,BLOCKED,CHAN,1,false,
ADAUSDT,541,2024-09-04 07:15,4,ABOVE,ABOVE,BLOCKED,CHAN,2,false,true
ADAUSDT,543,2024-09-06 12:30,4,BOTH,ABOVE,THROUGH,XUYEN,1,true,
ADAUSDT,544,2024-09-11 12:30,4,BOTH,BELOW,THROUGH,XUYEN,1,true,
ADAUSDT,545,2024-09-14 18:00,14,BOTH,BELOW,THROUGH,XUYEN,2,true,
ADAUSDT,546,2024-09-15 11:00,23,BOTH,BELOW,BLOCKED,XUYEN,1,false,false
ADAUSDT,547,2024-09-21 15:00,21,BOTH,BELOW,THROUGH,XUYEN,0,true,
ADAUSDT,548,2024-09-28 05:15,14,BOTH,BELOW,BLOCKED,XUYEN,1,false,false
ADAUSDT,549,2024-10-04 12:30,43,BOTH,BELOW,THROUGH,XUYEN,0,true,
ADAUSDT,550,2024-10-11 12:30,24,BOTH,BELOW,THROUGH,XUYEN,0,true,
ADAUSDT,551,2024-10-19 11:30,13,BOTH,BELOW,THROUGH,XUYEN,1,true,
ADAUSDT,552,2024-10-29 08:30,15,BOTH,BELOW,BLOCKED,XUYEN,2,false,false
ADAUSDT,553,2024-11-05 14:15,1,ABOVE,ABOVE,BLOCKED,CHAN,2,false,
ADAUSDT,554,2024-11-05 19:45,5,BELOW,BELOW,BLOCKED,XUYEN,0,false,false
ADAUSDT,555,2024-11-07 05:30,8,BOTH,BELOW,BLOCKED,XUYEN,1,false,false
ADAUSDT,556,2024-11-14 14:30,4,BOTH,BELOW,THROUGH,XUYEN,4,true,
ADAUSDT,557,2024-11-16 15:00,15,BOTH,BELOW,BLOCKED,XUYEN,2,false,false
ADAUSDT,560,2024-11-24 12:30,42,BOTH,BELOW,BLOCKED,XUYEN,3,false,false
ADAUSDT,562,2024-12-27 09:00,43,BOTH,ABOVE,THROUGH,XUYEN,1,true,
ADAUSDT,564,2025-01-01 04:00,5,BOTH,BELOW,THROUGH,XUYEN,2,true,
ADAUSDT,565,2025-01-02 10:30,21,BOTH,ABOVE,BLOCKED,XUYEN,2,false,false
ADAUSDT,566,2025-01-10 13:30,8,BOTH,BELOW,BLOCKED,XUYEN,3,false,false
ADAUSDT,567,2025-01-13 14:30,3,ABOVE,ABOVE,BLOCKED,CHAN,3,false,true
ADAUSDT,569,2025-01-14 13:30,1,ABOVE,ABOVE,BLOCKED,CHAN,1,false,
ADAUSDT,571,2025-01-22 07:00,36,BOTH,BELOW,BLOCKED,XUYEN,2,false,false
ADAUSDT,572,2025-01-25 23:00,8,BOTH,BELOW,BLOCKED,XUYEN,1,false,false
ADAUSDT,573,2025-01-27 07:15,3,BOTH,BELOW,BLOCKED,XUYEN,3,false,false
ADAUSDT,574,2025-01-29 09:00,11,BOTH,BELOW,BLOCKED,XUYEN,1,false,false
ADAUSDT,575,2025-02-02 22:30,8,BOTH,BELOW,BLOCKED,XUYEN,2,false,false
ADAUSDT,576,2025-02-07 13:30,5,BOTH,ABOVE,THROUGH,XUYEN,1,true,
ADAUSDT,577,2025-02-07 20:00,2,BELOW,BELOW,BLOCKED,CHAN,2,false,true
ADAUSDT,578,2025-02-10 13:45,9,ABOVE,ABOVE,BLOCKED,CHAN,3,false,true
ADAUSDT,580,2025-02-12 13:30,69,BOTH,BELOW,BLOCKED,XUYEN,2,false,false
ADAUSDT,581,2025-02-21 09:15,5,BOTH,ABOVE,THROUGH,XUYEN,1,true,
ADAUSDT,582,2025-02-24 21:30,1,ABOVE,ABOVE,THROUGH,XUYEN,1,true,
ADAUSDT,584,2025-03-04 14:30,17,BOTH,ABOVE,BLOCKED,XUYEN,3,false,false
ADAUSDT,585,2025-03-12 23:30,24,BOTH,ABOVE,THROUGH,XUYEN,2,true,
ADAUSDT,586,2025-03-18 13:30,4,BOTH,BELOW,THROUGH,XUYEN,1,true,
ADAUSDT,587,2025-03-21 01:45,5,BOTH,ABOVE,THROUGH,XUYEN,2,true,
ADAUSDT,588,2025-03-22 23:00,2,BOTH,BELOW,THROUGH,XUYEN,0,true,
ADAUSDT,589,2025-03-23 17:30,4,BOTH,BELOW,THROUGH,XUYEN,2,true,
ADAUSDT,591,2025-03-28 16:45,9,BOTH,BELOW,THROUGH,XUYEN,3,true,
ADAUSDT,592,2025-03-30 13:30,27,BOTH,BELOW,BLOCKED,XUYEN,2,false,false
ADAUSDT,593,2025-04-02 20:00,1,ABOVE,ABOVE,THROUGH,XUYEN,1,true,
ADAUSDT,594,2025-04-05 22:30,1,ABOVE,ABOVE,THROUGH,XUYEN,1,true,
ADAUSDT,595,2025-04-06 03:00,2,BELOW,BELOW,BLOCKED,CHAN,3,false,true
ADAUSDT,596,2025-04-06 20:30,17,BOTH,BELOW,BLOCKED,XUYEN,3,false,false
ADAUSDT,597,2025-04-10 10:45,5,BOTH,ABOVE,THROUGH,XUYEN,0,true,
ADAUSDT,599,2025-04-11 08:00,15,BOTH,BELOW,THROUGH,XUYEN,2,true,
ADAUSDT,600,2025-04-15 13:30,17,BOTH,ABOVE,THROUGH,XUYEN,0,true,
ADAUSDT,601,2025-04-25 06:00,8,BOTH,ABOVE,BLOCKED,XUYEN,3,false,false
ADAUSDT,602,2025-04-25 18:30,3,BOTH,ABOVE,THROUGH,XUYEN,1,true,
ADAUSDT,603,2025-04-25 23:45,52,BOTH,ABOVE,BLOCKED,XUYEN,2,false,false
ADAUSDT,604,2025-05-04 22:00,3,BELOW,BELOW,THROUGH,XUYEN,1,true,
ADAUSDT,605,2025-05-05 18:30,3,BOTH,ABOVE,THROUGH,XUYEN,1,true,
ADAUSDT,606,2025-05-06 07:00,14,BOTH,ABOVE,THROUGH,XUYEN,3,true,
ADAUSDT,607,2025-05-12 07:00,11,BOTH,ABOVE,BLOCKED,XUYEN,2,false,false
ADAUSDT,608,2025-05-13 12:30,20,BOTH,ABOVE,BLOCKED,XUYEN,1,false,false
ADAUSDT,610,2025-05-24 21:00,3,BELOW,BELOW,BLOCKED,CHAN,3,false,true
ADAUSDT,612,2025-05-26 10:45,17,BOTH,BELOW,THROUGH,XUYEN,1,true,
ADAUSDT,614,2025-06-06 22:00,15,BOTH,BELOW,THROUGH,XUYEN,1,true,
ADAUSDT,615,2025-06-08 13:30,9,BOTH,ABOVE,THROUGH,XUYEN,2,true,
ADAUSDT,616,2025-06-09 13:30,1,BELOW,BELOW,THROUGH,XUYEN,2,true,
ADAUSDT,617,2025-06-09 21:00,1,ABOVE,ABOVE,BLOCKED,CHAN,1,false,
ADAUSDT,618,2025-06-10 22:00,5,BOTH,ABOVE,BLOCKED,XUYEN,2,false,false
ADAUSDT,621,2025-06-15 22:00,1,ABOVE,ABOVE,BLOCKED,CHAN,1,false,
ADAUSDT,623,2025-06-23 13:30,2,BOTH,ABOVE,THROUGH,XUYEN,1,true,
ADAUSDT,625,2025-06-25 14:15,8,BOTH,BELOW,BLOCKED,XUYEN,3,false,false
ADAUSDT,627,2025-07-01 12:15,7,BOTH,BELOW,BLOCKED,XUYEN,2,false,false
ADAUSDT,628,2025-07-03 12:30,1,BELOW,BELOW,BLOCKED,CHAN,0,false,
ADAUSDT,629,2025-07-04 16:00,24,BOTH,BELOW,BLOCKED,XUYEN,3,false,false
ADAUSDT,631,2025-07-13 21:30,7,BOTH,BELOW,THROUGH,XUYEN,0,true,
ADAUSDT,632,2025-07-15 12:30,6,BOTH,BELOW,THROUGH,XUYEN,0,true,
ADAUSDT,633,2025-07-27 22:00,8,BOTH,ABOVE,BLOCKED,XUYEN,1,false,false
ADAUSDT,634,2025-08-01 08:00,15,BOTH,BELOW,BLOCKED,XUYEN,2,false,false
ADAUSDT,635,2025-08-01 22:00,20,BOTH,BELOW,BLOCKED,XUYEN,3,false,false
ADAUSDT,637,2025-08-07 16:45,3,BOTH,BELOW,THROUGH,XUYEN,4,true,
ADAUSDT,638,2025-08-10 07:30,12,BOTH,BELOW,BLOCKED,XUYEN,2,false,false
ADAUSDT,639,2025-08-14 12:30,4,BELOW,BELOW,BLOCKED,CHAN,2,false,true
ADAUSDT,640,2025-08-16 06:45,6,BOTH,ABOVE,THROUGH,XUYEN,3,true,
ADAUSDT,642,2025-08-17 18:45,5,BOTH,BELOW,BLOCKED,XUYEN,2,false,false
ADAUSDT,643,2025-08-18 11:45,15,BOTH,BELOW,THROUGH,XUYEN,2,true,
ADAUSDT,644,2025-08-22 22:00,5,BOTH,BELOW,BLOCKED,XUYEN,1,false,false
ADAUSDT,645,2025-08-26 07:30,6,BOTH,ABOVE,BLOCKED,XUYEN,2,false,false
ADAUSDT,646,2025-08-26 12:30,2,ABOVE,ABOVE,BLOCKED,CHAN,4,false,true
ADAUSDT,647,2025-08-27 20:00,13,BOTH,BELOW,THROUGH,XUYEN,1,true,
ADAUSDT,648,2025-08-29 12:30,9,BOTH,ABOVE,BLOCKED,XUYEN,0,false,false
ADAUSDT,649,2025-08-30 01:45,14,BOTH,BELOW,THROUGH,XUYEN,1,true,
ADAUSDT,650,2025-09-01 07:15,2,ABOVE,ABOVE,BLOCKED,CHAN,1,false,true
ADAUSDT,651,2025-09-01 20:30,17,BOTH,BELOW,THROUGH,XUYEN,2,true,
ADAUSDT,652,2025-09-05 12:30,18,BOTH,ABOVE,THROUGH,XUYEN,3,true,
ADAUSDT,653,2025-09-10 12:30,10,BOTH,ABOVE,THROUGH,XUYEN,1,true,
ADAUSDT,654,2025-09-13 13:45,1,BELOW,BELOW,BLOCKED,CHAN,0,false,
ADAUSDT,655,2025-09-15 22:00,13,BOTH,BELOW,BLOCKED,XUYEN,0,false,false
ADAUSDT,657,2025-09-24 11:00,4,BOTH,ABOVE,BLOCKED,XUYEN,1,false,false
ADAUSDT,658,2025-09-25 03:15,1,BELOW,BELOW,BLOCKED,CHAN,2,false,
ADAUSDT,659,2025-09-27 07:30,7,BOTH,BELOW,BLOCKED,XUYEN,1,false,false
ADAUSDT,660,2025-09-28 22:00,10,BOTH,ABOVE,BLOCKED,XUYEN,1,false,false
ADAUSDT,661,2025-10-05 02:30,2,ABOVE,ABOVE,BLOCKED,CHAN,1,false,true
ADAUSDT,662,2025-10-05 19:00,21,BOTH,BELOW,BLOCKED,XUYEN,4,false,false
ADAUSDT,664,2025-10-11 08:15,12,BOTH,ABOVE,THROUGH,XUYEN,3,true,
ADAUSDT,666,2025-10-13 11:00,10,BOTH,BELOW,THROUGH,XUYEN,1,true,
ADAUSDT,667,2025-10-14 19:30,5,BOTH,BELOW,BLOCKED,XUYEN,1,false,false
ADAUSDT,668,2025-10-15 20:30,12,BOTH,BELOW,BLOCKED,XUYEN,4,false,false
ADAUSDT,669,2025-10-18 07:00,11,ABOVE,ABOVE,BLOCKED,CHAN,3,false,true
ADAUSDT,670,2025-10-19 08:15,8,BOTH,BELOW,THROUGH,XUYEN,4,true,
ADAUSDT,671,2025-10-22 21:00,4,BOTH,BELOW,THROUGH,XUYEN,3,true,
ADAUSDT,672,2025-10-24 12:30,26,BOTH,ABOVE,THROUGH,XUYEN,2,true,
ADAUSDT,673,2025-10-26 22:00,4,ABOVE,ABOVE,BLOCKED,CHAN,2,false,true
ADAUSDT,674,2025-10-27 13:30,10,BOTH,BELOW,BLOCKED,XUYEN,3,false,false
ADAUSDT,675,2025-10-29 18:30,4,BOTH,BELOW,THROUGH,XUYEN,1,true,
ADAUSDT,676,2025-10-31 23:00,25,BOTH,BELOW,BLOCKED,XUYEN,3,false,false
ADAUSDT,677,2025-11-03 15:15,8,BOTH,BELOW,THROUGH,XUYEN,2,true,
ADAUSDT,678,2025-11-09 07:30,10,BOTH,ABOVE,THROUGH,XUYEN,2,true,
ADAUSDT,679,2025-11-12 05:00,8,BOTH,ABOVE,BLOCKED,XUYEN,5,false,false
ADAUSDT,680,2025-11-14 04:30,4,BELOW,BELOW,THROUGH,XUYEN,2,true,
ADAUSDT,681,2025-11-15 16:00,5,BOTH,BELOW,THROUGH,XUYEN,2,true,
ADAUSDT,682,2025-11-19 23:00,2,ABOVE,ABOVE,THROUGH,XUYEN,1,true,
ADAUSDT,684,2025-11-23 12:00,15,BOTH,ABOVE,BLOCKED,XUYEN,1,false,false
ADAUSDT,685,2025-11-24 14:30,2,BOTH,BELOW,THROUGH,XUYEN,1,true,
ADAUSDT,687,2025-11-28 05:00,17,BOTH,ABOVE,THROUGH,XUYEN,1,true,
ADAUSDT,688,2025-12-01 20:00,1,ABOVE,ABOVE,BLOCKED,CHAN,1,false,
ADAUSDT,689,2025-12-03 14:00,7,BOTH,BELOW,THROUGH,XUYEN,0,true,
ADAUSDT,690,2025-12-05 23:00,20,BOTH,BELOW,BLOCKED,XUYEN,2,false,false
ADAUSDT,691,2025-12-07 05:00,13,BOTH,BELOW,THROUGH,XUYEN,0,true,
ADAUSDT,692,2025-12-09 04:30,5,BOTH,BELOW,THROUGH,XUYEN,1,true,
ADAUSDT,693,2025-12-13 06:30,15,BOTH,ABOVE,BLOCKED,XUYEN,1,false,false
ADAUSDT,694,2025-12-14 19:45,7,BOTH,ABOVE,THROUGH,XUYEN,1,true,
ADAUSDT,695,2025-12-18 17:00,31,BOTH,BELOW,THROUGH,XUYEN,1,true,
ADAUSDT,696,2025-12-23 05:30,6,BOTH,BELOW,BLOCKED,XUYEN,2,false,false
ADAUSDT,697,2025-12-24 14:30,11,BOTH,BELOW,BLOCKED,XUYEN,2,false,false
ADAUSDT,698,2025-12-25 10:30,3,BOTH,BELOW,THROUGH,XUYEN,2,true,
ADAUSDT,700,2025-12-25 22:45,12,BOTH,BELOW,THROUGH,XUYEN,1,true,
ADAUSDT,701,2025-12-26 12:00,7,BOTH,ABOVE,BLOCKED,XUYEN,5,false,false
ADAUSDT,702,2025-12-27 20:00,3,BOTH,ABOVE,THROUGH,XUYEN,1,true,
ADAUSDT,703,2025-12-30 08:00,20,BOTH,ABOVE,BLOCKED,XUYEN,1,false,false
ADAUSDT,704,2025-12-31 13:30,3,BOTH,BELOW,BLOCKED,XUYEN,1,false,false
ADAUSDT,706,2026-01-04 19:00,22,BOTH,BELOW,THROUGH,XUYEN,3,true,
ADAUSDT,707,2026-01-06 14:00,3,BOTH,ABOVE,THROUGH,XUYEN,0,true,
ADAUSDT,709,2026-01-10 03:00,16,BOTH,BELOW,BLOCKED,XUYEN,3,false,false
ADAUSDT,710,2026-01-11 12:45,8,BOTH,ABOVE,THROUGH,XUYEN,1,true,
ADAUSDT,711,2026-01-11 23:00,6,BOTH,ABOVE,THROUGH,XUYEN,1,true,
ADAUSDT,712,2026-01-12 13:00,12,BOTH,BELOW,THROUGH,XUYEN,1,true,
ADAUSDT,713,2026-01-13 13:30,1,ABOVE,ABOVE,BLOCKED,CHAN,3,false,
ADAUSDT,714,2026-01-13 22:00,6,BOTH,ABOVE,BLOCKED,XUYEN,1,false,false
ADAUSDT,716,2026-01-20 22:30,11,BOTH,BELOW,THROUGH,XUYEN,3,true,
ADAUSDT,717,2026-01-25 16:00,30,BOTH,BELOW,BLOCKED,XUYEN,2,false,false
ADAUSDT,720,2026-02-01 23:00,15,BOTH,BELOW,THROUGH,XUYEN,3,true,
ADAUSDT,722,2026-02-05 20:15,7,BOTH,BELOW,BLOCKED,XUYEN,3,false,false
ADAUSDT,723,2026-02-07 16:00,16,BOTH,ABOVE,THROUGH,XUYEN,3,true,
ADAUSDT,724,2026-02-08 23:00,23,BOTH,ABOVE,THROUGH,XUYEN,0,true,
ADAUSDT,725,2026-02-18 00:45,26,BOTH,BELOW,THROUGH,XUYEN,0,true,
ADAUSDT,726,2026-02-23 01:00,6,BOTH,BELOW,THROUGH,XUYEN,2,true,
ADAUSDT,730,2026-03-01 13:45,29,BOTH,ABOVE,THROUGH,XUYEN,0,true,
ADAUSDT,731,2026-03-07 12:00,1,BELOW,BELOW,BLOCKED,CHAN,2,false,
ADAUSDT,733,2026-03-07 18:00,1,BELOW,BELOW,BLOCKED,CHAN,1,false,
ADAUSDT,734,2026-03-08 22:00,4,BELOW,BELOW,BLOCKED,XUYEN,0,false,false
ADAUSDT,735,2026-03-09 19:15,4,BOTH,ABOVE,THROUGH,XUYEN,3,true,
ADAUSDT,736,2026-03-12 13:15,9,BELOW,BELOW,BLOCKED,CHAN,1,false,true
ADAUSDT,737,2026-03-12 23:00,1,ABOVE,ABOVE,BLOCKED,CHAN,3,false,
ADAUSDT,738,2026-03-13 22:00,5,BELOW,BELOW,BLOCKED,XUYEN,1,false,false
ADAUSDT,739,2026-03-17 13:30,2,ABOVE,ABOVE,BLOCKED,CHAN,0,false,true
ADAUSDT,740,2026-03-18 05:00,4,BOTH,ABOVE,THROUGH,XUYEN,3,true,
ADAUSDT,744,2026-03-24 07:00,7,BOTH,ABOVE,THROUGH,XUYEN,1,true,
ADAUSDT,745,2026-03-25 05:00,5,BOTH,ABOVE,BLOCKED,XUYEN,3,false,false
ADAUSDT,746,2026-03-26 09:30,1,BELOW,BELOW,BLOCKED,CHAN,3,false,
ADAUSDT,747,2026-03-26 17:45,5,BOTH,BELOW,THROUGH,XUYEN,1,true,
ADAUSDT,748,2026-03-27 04:00,5,BOTH,BELOW,THROUGH,XUYEN,3,true,
ADAUSDT,749,2026-03-27 10:30,4,BELOW,BELOW,BLOCKED,CHAN,1,false,true
ADAUSDT,751,2026-03-29 22:00,22,BOTH,BELOW,THROUGH,XUYEN,0,true,
ADAUSDT,752,2026-04-04 08:45,4,BOTH,BELOW,BLOCKED,XUYEN,2,false,false
ADAUSDT,753,2026-04-04 19:00,5,ABOVE,ABOVE,BLOCKED,XUYEN,2,false,false
ADAUSDT,754,2026-04-05 04:00,4,BOTH,BELOW,BLOCKED,XUYEN,3,false,false
ADAUSDT,755,2026-04-07 08:00,8,BOTH,ABOVE,THROUGH,XUYEN,2,true,
ADAUSDT,756,2026-04-10 19:00,2,BOTH,ABOVE,THROUGH,XUYEN,1,true,
ADAUSDT,757,2026-04-11 13:00,6,BOTH,BELOW,THROUGH,XUYEN,2,true,
ADAUSDT,759,2026-04-12 22:00,4,BELOW,BELOW,BLOCKED,CHAN,2,false,true
ADAUSDT,760,2026-04-13 12:00,10,BOTH,ABOVE,BLOCKED,XUYEN,3,false,false
ADAUSDT,761,2026-04-15 19:30,97,BOTH,ABOVE,BLOCKED,XUYEN,2,false,false
ADAUSDT,762,2026-04-29 18:00,8,BOTH,BELOW,BLOCKED,XUYEN,3,false,false
ADAUSDT,763,2026-05-01 03:15,11,ABOVE,ABOVE,BLOCKED,CHAN,1,false,true
ADAUSDT,764,2026-05-02 21:30,34,BOTH,ABOVE,THROUGH,XUYEN,3,true,
ADAUSDT,765,2026-05-08 02:00,7,BOTH,BELOW,THROUGH,XUYEN,1,true,
ADAUSDT,766,2026-05-08 21:30,17,BOTH,ABOVE,BLOCKED,XUYEN,2,false,false
ADAUSDT,767,2026-05-12 16:45,2,BOTH,BELOW,THROUGH,XUYEN,2,true,
ADAUSDT,768,2026-05-12 23:30,11,BOTH,BELOW,THROUGH,XUYEN,0,true,
ADAUSDT,769,2026-05-15 05:30,5,BOTH,BELOW,THROUGH,XUYEN,3,true,
ADAUSDT,770,2026-05-16 00:00,4,BOTH,ABOVE,THROUGH,XUYEN,2,true,
ADAUSDT,771,2026-05-16 21:30,12,BOTH,BELOW,THROUGH,XUYEN,1,true,
ADAUSDT,772,2026-05-18 06:00,4,BELOW,BELOW,BLOCKED,CHAN,3,false,true
ADAUSDT,773,2026-05-18 11:30,6,BOTH,ABOVE,THROUGH,XUYEN,0,true,
ADAUSDT,775,2026-05-20 05:00,6,ABOVE,ABOVE,THROUGH,XUYEN,1,true,
ADAUSDT,776,2026-05-21 02:15,3,ABOVE,ABOVE,BLOCKED,XUYEN,3,false,false
ADAUSDT,777,2026-05-21 10:15,12,BOTH,BELOW,THROUGH,XUYEN,1,true,
ADAUSDT,778,2026-05-22 23:45,3,BELOW,BELOW,BLOCKED,CHAN,2,false,true
ADAUSDT,779,2026-05-23 07:45,5,BOTH,BELOW,THROUGH,XUYEN,1,true,
ADAUSDT,780,2026-05-23 20:30,13,BOTH,ABOVE,THROUGH,XUYEN,1,true,
ADAUSDT,781,2026-05-26 10:15,5,BOTH,ABOVE,THROUGH,XUYEN,2,true,
ADAUSDT,782,2026-05-27 04:30,13,BOTH,BELOW,THROUGH,XUYEN,2,true,
ADAUSDT,784,2026-05-28 03:15,10,BELOW,BELOW,BLOCKED,CHAN,1,false,true
ADAUSDT,785,2026-05-29 23:00,2,BELOW,BELOW,THROUGH,XUYEN,3,true,
ADAUSDT,786,2026-05-30 14:00,4,ABOVE,ABOVE,BLOCKED,CHAN,3,false,true
ADAUSDT,787,2026-05-31 07:00,8,BELOW,BELOW,BLOCKED,CHAN,2,false,true
ADAUSDT,789,2026-06-07 19:00,9,BOTH,BELOW,THROUGH,XUYEN,0,true,
ADAUSDT,790,2026-06-09 04:30,26,BOTH,ABOVE,THROUGH,XUYEN,1,true,
ADAUSDT,791,2026-06-13 03:00,15,BOTH,BELOW,BLOCKED,XUYEN,2,false,false
ADAUSDT,792,2026-06-14 21:15,3,ABOVE,ABOVE,BLOCKED,CHAN,1,false,true
ADAUSDT,793,2026-06-17 18:00,1,BELOW,BELOW,BLOCKED,CHAN,1,false,
ADAUSDT,794,2026-06-20 05:00,8,BOTH,ABOVE,BLOCKED,XUYEN,2,false,false
ADAUSDT,795,2026-06-20 21:00,21,BOTH,ABOVE,THROUGH,XUYEN,1,true,
ADAUSDT,796,2026-06-24 10:00,4,BELOW,BELOW,BLOCKED,CHAN,1,false,true
ADAUSDT,798,2026-06-26 02:00,3,BOTH,BELOW,THROUGH,XUYEN,0,true,
ADAUSDT,800,2026-06-29 12:00,26,BOTH,ABOVE,THROUGH,XUYEN,1,true,
ADAUSDT,801,2026-07-12 22:00,1,BELOW,BELOW,THROUGH,XUYEN,0,true,
ADAUSDT,802,2026-07-13 13:00,3,BOTH,BELOW,THROUGH,XUYEN,2,true,
ADAUSDT,803,2026-07-13 17:30,3,BELOW,BELOW,BLOCKED,CHAN,2,false,true
ADAUSDT,804,2026-07-13 21:30,7,BOTH,BELOW,THROUGH,XUYEN,3,true,
ADAUSDT,805,2026-07-14 05:00,2,ABOVE,ABOVE,BLOCKED,CHAN,2,false,true
ADAUSDT,807,2026-07-15 21:00,17,BOTH,ABOVE,THROUGH,XUYEN,2,true,
ADAUSDT,808,2026-07-19 02:00,11,BOTH,ABOVE,THROUGH,XUYEN,0,true,
ADAUSDT,809,2026-07-20 11:30,2,BOTH,ABOVE,THROUGH,XUYEN,1,true,
ADAUSDT,810,2026-07-21 05:00,10,BOTH,ABOVE,BLOCKED,XUYEN,1,false,false
ADAUSDT,811,2026-07-23 07:00,2,BELOW,BELOW,THROUGH,XUYEN,2,true,
ADAUSDT,812,2026-07-23 11:15,1,BELOW,BELOW,BLOCKED,CHAN,1,false,
ADAUSDT,813,2026-07-24 00:00,2,BELOW,BELOW,BLOCKED,CHAN,1,false,true
ADAUSDT,814,2026-07-25 05:15,4,BOTH,BELOW,THROUGH,XUYEN,1,true,
ADAUSDT,815,2026-07-27 06:00,6,BOTH,ABOVE,THROUGH,XUYEN,2,true,
ADAUSDT,816,2026-07-27 12:15,1,BELOW,BELOW,THROUGH,XUYEN,0,true,
ADAUSDT,817,2026-07-27 22:30,9,BOTH,BELOW,BLOCKED,XUYEN,1,false,false
ADAUSDT,818,2026-08-05 03:00,9,BOTH,BELOW,THROUGH,XUYEN,1,true,
ADAUSDT,819,2026-08-06 03:30,3,BOTH,BELOW,THROUGH,XUYEN,1,true,
LINKUSDT,0,2020-11-24 06:00,2,BELOW,BELOW,BLOCKED,CHAN,2,false,true
LINKUSDT,1,2020-11-25 01:30,3,BOTH,ABOVE,THROUGH,XUYEN,2,true,
LINKUSDT,2,2020-11-30 13:45,44,BOTH,ABOVE,BLOCKED,XUYEN,2,false,false
LINKUSDT,4,2020-12-04 16:00,23,BOTH,BELOW,BLOCKED,XUYEN,2,false,false
LINKUSDT,5,2020-12-13 16:00,23,BOTH,ABOVE,THROUGH,XUYEN,1,true,
LINKUSDT,6,2020-12-21 16:00,44,BOTH,BELOW,BLOCKED,XUYEN,4,false,false
LINKUSDT,7,2020-12-29 16:00,22,BOTH,BELOW,THROUGH,XUYEN,4,true,
LINKUSDT,8,2020-12-31 07:00,5,BOTH,ABOVE,THROUGH,XUYEN,1,true,
LINKUSDT,9,2020-12-31 23:00,2,BOTH,ABOVE,THROUGH,XUYEN,1,true,
LINKUSDT,10,2021-01-12 21:30,6,BOTH,BELOW,BLOCKED,XUYEN,3,false,false
LINKUSDT,11,2021-01-15 12:45,6,BOTH,ABOVE,BLOCKED,XUYEN,2,false,false
LINKUSDT,12,2021-02-01 00:00,3,BOTH,BELOW,BLOCKED,XUYEN,1,false,false
LINKUSDT,13,2021-02-09 08:00,8,BOTH,ABOVE,THROUGH,XUYEN,0,true,
LINKUSDT,14,2021-02-10 04:00,2,BOTH,BELOW,THROUGH,XUYEN,2,true,
LINKUSDT,15,2021-02-10 12:00,9,BOTH,BELOW,BLOCKED,XUYEN,1,false,false
LINKUSDT,16,2021-02-12 22:00,22,BOTH,ABOVE,BLOCKED,XUYEN,3,false,false
LINKUSDT,17,2021-02-19 19:45,23,BOTH,BELOW,BLOCKED,XUYEN,2,false,false
LINKUSDT,18,2021-02-27 04:00,11,BOTH,BELOW,THROUGH,XUYEN,4,true,
LINKUSDT,19,2021-02-28 06:00,10,BOTH,BELOW,BLOCKED,XUYEN,3,false,false
LINKUSDT,20,2021-03-06 03:30,6,BOTH,BELOW,THROUGH,XUYEN,0,true,
LINKUSDT,21,2021-03-06 12:00,3,BELOW,BELOW,THROUGH,XUYEN,3,true,
LINKUSDT,22,2021-03-12 13:00,15,BOTH,BELOW,THROUGH,XUYEN,2,true,
LINKUSDT,24,2021-03-20 08:45,8,BOTH,ABOVE,BLOCKED,XUYEN,2,false,false
LINKUSDT,25,2021-03-20 22:00,1,ABOVE,ABOVE,THROUGH,XUYEN,1,true,
LINKUSDT,26,2021-03-24 12:00,2,ABOVE,ABOVE,THROUGH,XUYEN,2,true,
LINKUSDT,27,2021-03-25 12:00,8,BOTH,BELOW,THROUGH,XUYEN,2,true,
LINKUSDT,28,2021-03-26 16:00,6,BOTH,ABOVE,THROUGH,XUYEN,1,true,
LINKUSDT,29,2021-03-30 04:00,8,BOTH,ABOVE,BLOCKED,XUYEN,1,false,false
LINKUSDT,30,2021-03-31 07:45,3,BELOW,BELOW,BLOCKED,XUYEN,1,false,false
LINKUSDT,31,2021-04-06 12:00,42,BOTH,ABOVE,BLOCKED,XUYEN,1,false,false
LINKUSDT,32,2021-04-12 09:30,30,BOTH,BELOW,BLOCKED,XUYEN,2,false,false
LINKUSDT,33,2021-04-25 20:45,2,BELOW,BELOW,THROUGH,XUYEN,2,true,
LINKUSDT,34,2021-05-04 00:00,6,BOTH,BELOW,THROUGH,XUYEN,2,true,
LINKUSDT,35,2021-05-05 14:00,58,BOTH,BELOW,THROUGH,XUYEN,4,true,
LINKUSDT,36,2021-05-11 19:00,10,BOTH,ABOVE,BLOCKED,XUYEN,2,false,false
LINKUSDT,38,2021-05-13 16:45,10,BOTH,BELOW,BLOCKED,XUYEN,2,false,false
LINKUSDT,40,2021-05-18 11:30,6,BOTH,ABOVE,THROUGH,XUYEN,3,true,
LINKUSDT,42,2021-05-21 14:15,41,BOTH,BELOW,THROUGH,XUYEN,2,true,
LINKUSDT,44,2021-06-04 23:00,3,BOTH,BELOW,THROUGH,XUYEN,0,true,
LINKUSDT,46,2021-06-13 20:00,3,BOTH,ABOVE,BLOCKED,XUYEN,2,false,false
LINKUSDT,47,2021-07-03 21:45,21,BOTH,BELOW,THROUGH,XUYEN,1,true,
LINKUSDT,50,2021-07-08 21:45,10,BOTH,BELOW,BLOCKED,XUYEN,1,false,false
LINKUSDT,51,2021-07-18 14:30,1,BELOW,BELOW,BLOCKED,CHAN,2,false,
LINKUSDT,52,2021-07-18 21:45,4,BOTH,ABOVE,THROUGH,XUYEN,0,true,
LINKUSDT,53,2021-07-19 05:45,23,BOTH,ABOVE,THROUGH,XUYEN,0,true,
LINKUSDT,54,2021-07-26 13:00,2,BELOW,BELOW,THROUGH,XUYEN,1,true,
LINKUSDT,55,2021-07-26 20:00,21,BOTH,BELOW,BLOCKED,XUYEN,2,false,false
LINKUSDT,56,2021-07-30 08:30,1,BELOW,BELOW,THROUGH,XUYEN,1,true,
LINKUSDT,57,2021-08-03 12:00,1,ABOVE,ABOVE,BLOCKED,CHAN,0,false,
LINKUSDT,58,2021-08-05 08:45,21,BOTH,BELOW,THROUGH,XUYEN,1,true,
LINKUSDT,59,2021-08-09 20:30,18,BOTH,BELOW,BLOCKED,XUYEN,1,false,false
LINKUSDT,60,2021-08-13 20:00,14,BOTH,ABOVE,BLOCKED,XUYEN,2,false,false
LINKUSDT,61,2021-08-15 13:30,23,BOTH,BELOW,THROUGH,XUYEN,2,true,
LINKUSDT,62,2021-08-20 16:00,41,BOTH,ABOVE,THROUGH,XUYEN,2,true,
LINKUSDT,64,2021-08-28 22:00,27,BOTH,ABOVE,THROUGH,XUYEN,2,true,
LINKUSDT,65,2021-09-04 17:00,9,BOTH,BELOW,BLOCKED,XUYEN,1,false,false
LINKUSDT,66,2021-09-08 20:00,34,BOTH,BELOW,THROUGH,XUYEN,3,true,
LINKUSDT,67,2021-09-13 13:30,6,BOTH,ABOVE,THROUGH,XUYEN,1,true,
LINKUSDT,68,2021-09-17 10:15,7,BELOW,BELOW,BLOCKED,CHAN,2,false,true
LINKUSDT,69,2021-09-18 20:00,6,BOTH,BELOW,BLOCKED,XUYEN,2,false,false
LINKUSDT,70,2021-09-20 07:30,3,BELOW,BELOW,BLOCKED,CHAN,4,false,true
LINKUSDT,71,2021-09-22 18:00,7,BOTH,ABOVE,BLOCKED,XUYEN,3,false,false
LINKUSDT,72,2021-09-25 07:15,33,BOTH,BELOW,BLOCKED,XUYEN,1,false,false
LINKUSDT,73,2021-10-02 23:15,36,BOTH,BELOW,BLOCKED,XUYEN,1,false,false
LINKUSDT,74,2021-10-14 15:00,35,BOTH,ABOVE,BLOCKED,XUYEN,4,false,false
LINKUSDT,75,2021-10-18 09:45,12,BOTH,BELOW,BLOCKED,XUYEN,3,false,false
LINKUSDT,76,2021-10-26 14:00,4,BOTH,BELOW,BLOCKED,XUYEN,4,false,false
LINKUSDT,77,2021-10-28 18:30,19,BOTH,BELOW,THROUGH,XUYEN,2,true,
LINKUSDT,78,2021-10-31 10:00,9,BOTH,BELOW,BLOCKED,XUYEN,2,false,false
LINKUSDT,79,2021-11-01 02:15,4,BOTH,BELOW,THROUGH,XUYEN,1,true,
LINKUSDT,80,2021-11-02 09:30,6,BOTH,ABOVE,THROUGH,XUYEN,1,true,
LINKUSDT,81,2021-11-03 18:00,23,BOTH,ABOVE,BLOCKED,XUYEN,3,false,false
LINKUSDT,83,2021-11-09 11:30,21,BOTH,BELOW,BLOCKED,XUYEN,0,false,false
LINKUSDT,84,2021-11-16 10:00,8,BOTH,BELOW,BLOCKED,XUYEN,3,false,false
LINKUSDT,85,2021-11-16 19:45,3,BELOW,BELOW,BLOCKED,CHAN,3,false,true
LINKUSDT,86,2021-11-17 10:30,1,ABOVE,ABOVE,BLOCKED,CHAN,3,false,
LINKUSDT,87,2021-11-17 22:45,2,BOTH,ABOVE,THROUGH,XUYEN,1,true,
LINKUSDT,88,2021-11-18 09:00,27,BOTH,BELOW,THROUGH,XUYEN,1,true,
LINKUSDT,89,2021-11-20 15:00,17,BOTH,BELOW,BLOCKED,XUYEN,3,false,false
LINKUSDT,90,2021-11-23 09:30,10,BOTH,ABOVE,THROUGH,XUYEN,1,true,
LINKUSDT,91,2021-11-24 13:45,17,BOTH,BELOW,BLOCKED,XUYEN,2,false,false
LINKUSDT,92,2021-11-29 09:30,22,BOTH,BELOW,THROUGH,XUYEN,2,true,
LINKUSDT,93,2021-12-02 03:00,7,BOTH,BELOW,BLOCKED,XUYEN,4,false,false
LINKUSDT,94,2021-12-04 04:45,16,BOTH,BELOW,BLOCKED,XUYEN,2,false,false
LINKUSDT,95,2021-12-13 08:00,4,ABOVE,ABOVE,BLOCKED,XUYEN,1,false,false
LINKUSDT,96,2021-12-15 12:30,23,BOTH,BELOW,THROUGH,XUYEN,1,true,
LINKUSDT,97,2021-12-24 14:45,44,BOTH,BELOW,THROUGH,XUYEN,0,true,
LINKUSDT,98,2022-01-12 11:30,15,BOTH,ABOVE,BLOCKED,XUYEN,1,false,false
LINKUSDT,99,2022-01-13 15:15,5,BELOW,BELOW,BLOCKED,CHAN,3,false,true
LINKUSDT,100,2022-01-15 17:45,13,BOTH,BELOW,BLOCKED,XUYEN,1,false,false
LINKUSDT,101,2022-01-19 05:30,13,BOTH,BELOW,THROUGH,XUYEN,1,true,
LINKUSDT,102,2022-01-21 12:30,9,BOTH,BELOW,THROUGH,XUYEN,3,true,
LINKUSDT,103,2022-01-23 23:00,5,BOTH,ABOVE,BLOCKED,XUYEN,3,false,false
LINKUSDT,104,2022-01-24 08:45,29,BOTH,BELOW,BLOCKED,XUYEN,2,false,false
LINKUSDT,105,2022-01-27 07:15,12,BOTH,ABOVE,BLOCKED,XUYEN,4,false,false
LINKUSDT,106,2022-01-30 23:00,24,BOTH,ABOVE,THROUGH,XUYEN,1,true,
LINKUSDT,107,2022-02-03 09:45,4,BOTH,BELOW,THROUGH,XUYEN,1,true,
LINKUSDT,108,2022-02-06 14:30,2,BOTH,BELOW,THROUGH,XUYEN,2,true,
LINKUSDT,109,2022-02-07 07:45,5,BOTH,BELOW,THROUGH,XUYEN,1,true,
LINKUSDT,111,2022-02-09 02:00,7,BOTH,BELOW,THROUGH,XUYEN,2,true,
LINKUSDT,112,2022-02-10 02:45,2,BOTH,BELOW,BLOCKED,CHAN,4,false,true
LINKUSDT,115,2022-02-12 21:30,12,BOTH,BELOW,BLOCKED,XUYEN,1,false,false
LINKUSDT,116,2022-02-15 22:00,10,BOTH,BELOW,THROUGH,XUYEN,2,true,
LINKUSDT,117,2022-02-21 11:30,4,BOTH,BELOW,THROUGH,XUYEN,0,true,
LINKUSDT,118,2022-02-22 03:00,6,BOTH,BELOW,THROUGH,XUYEN,2,true,
LINKUSDT,122,2022-02-26 00:30,37,BOTH,ABOVE,THROUGH,XUYEN,3,true,
LINKUSDT,123,2022-03-06 16:00,1,ABOVE,ABOVE,THROUGH,XUYEN,0,true,
LINKUSDT,124,2022-03-06 21:00,8,BOTH,ABOVE,THROUGH,XUYEN,4,true,
LINKUSDT,125,2022-03-10 13:30,66,BOTH,BELOW,THROUGH,XUYEN,2,true,
LINKUSDT,126,2022-03-15 07:00,4,BOTH,BELOW,THROUGH,XUYEN,2,true,
LINKUSDT,127,2022-03-16 18:00,1,BELOW,BELOW,THROUGH,XUYEN,1,true,
LINKUSDT,128,2022-03-17 04:00,27,BOTH,BELOW,BLOCKED,XUYEN,0,false,false
LINKUSDT,130,2022-03-27 11:00,1,BELOW,BELOW,THROUGH,XUYEN,1,true,
LINKUSDT,132,2022-03-31 14:00,28,BOTH,BELOW,BLOCKED,XUYEN,2,false,false
LINKUSDT,133,2022-04-07 11:00,15,BOTH,ABOVE,BLOCKED,XUYEN,3,false,false
LINKUSDT,134,2022-04-09 07:00,19,BOTH,BELOW,BLOCKED,XUYEN,2,false,false
LINKUSDT,135,2022-04-12 05:15,36,BOTH,ABOVE,BLOCKED,XUYEN,2,false,false
LINKUSDT,136,2022-04-16 07:45,2,ABOVE,ABOVE,BLOCKED,CHAN,1,false,true
LINKUSDT,137,2022-04-16 15:00,5,BOTH,BELOW,THROUGH,XUYEN,1,true,
LINKUSDT,138,2022-04-17 03:30,4,BOTH,ABOVE,BLOCKED,XUYEN,1,false,false
LINKUSDT,139,2022-04-18 04:00,15,BOTH,BELOW,THROUGH,XUYEN,1,true,
LINKUSDT,140,2022-04-22 07:15,8,BELOW,BELOW,BLOCKED,CHAN,1,false,true
LINKUSDT,141,2022-04-22 22:00,1,BELOW,BELOW,BLOCKED,CHAN,2,false,
LINKUSDT,142,2022-04-23 02:45,14,BOTH,BELOW,BLOCKED,XUYEN,2,false,false
LINKUSDT,143,2022-04-23 23:30,21,BOTH,BELOW,THROUGH,XUYEN,2,true,
LINKUSDT,144,2022-04-28 15:00,9,BOTH,ABOVE,BLOCKED,XUYEN,1,false,false
LINKUSDT,145,2022-04-30 22:00,2,BOTH,BELOW,THROUGH,XUYEN,1,true,
LINKUSDT,146,2022-05-06 06:30,3,BOTH,ABOVE,THROUGH,XUYEN,2,true,
LINKUSDT,147,2022-05-06 13:30,24,BOTH,BELOW,THROUGH,XUYEN,2,true,
LINKUSDT,148,2022-05-08 17:00,6,BOTH,BELOW,THROUGH,XUYEN,4,true,
LINKUSDT,149,2022-05-11 12:30,2,BELOW,BELOW,BLOCKED,CHAN,3,false,true
LINKUSDT,151,2022-05-21 21:45,44,BOTH,BELOW,THROUGH,XUYEN,1,true,
LINKUSDT,152,2022-05-28 15:00,12,BOTH,ABOVE,BLOCKED,XUYEN,3,false,false
LINKUSDT,153,2022-06-02 22:00,4,BOTH,ABOVE,THROUGH,XUYEN,1,true,
LINKUSDT,154,2022-06-05 20:00,8,BOTH,ABOVE,THROUGH,XUYEN,2,true,
LINKUSDT,155,2022-06-07 11:00,4,BOTH,BELOW,BLOCKED,XUYEN,4,false,false
LINKUSDT,156,2022-06-10 22:30,6,BOTH,BELOW,BLOCKED,XUYEN,3,false,false
LINKUSDT,158,2022-06-19 00:00,4,BOTH,ABOVE,THROUGH,XUYEN,3,true,
LINKUSDT,159,2022-06-26 11:30,5,BOTH,ABOVE,THROUGH,XUYEN,0,true,
LINKUSDT,161,2022-06-28 12:15,2,ABOVE,ABOVE,THROUGH,XUYEN,1,true,
LINKUSDT,162,2022-07-02 09:15,14,BOTH,BELOW,THROUGH,XUYEN,3,true,
LINKUSDT,163,2022-07-03 19:00,11,BOTH,ABOVE,BLOCKED,XUYEN,4,false,false
LINKUSDT,164,2022-07-06 22:00,55,BOTH,ABOVE,BLOCKED,XUYEN,2,false,false
LINKUSDT,165,2022-07-22 19:30,12,BOTH,BELOW,BLOCKED,XUYEN,1,false,false
LINKUSDT,166,2022-07-25 19:00,2,BELOW,BELOW,THROUGH,XUYEN,1,true,
LINKUSDT,167,2022-07-26 11:45,17,BOTH,BELOW,THROUGH,XUYEN,1,true,
LINKUSDT,170,2022-07-29 08:00,8,BOTH,ABOVE,BLOCKED,XUYEN,2,false,false
LINKUSDT,171,2022-08-01 10:30,7,BOTH,BELOW,THROUGH,XUYEN,2,true,
LINKUSDT,173,2022-08-04 16:45,3,BOTH,BELOW,THROUGH,XUYEN,2,true,
LINKUSDT,174,2022-08-07 19:15,6,ABOVE,ABOVE,BLOCKED,XUYEN,1,false,false
LINKUSDT,176,2022-08-19 21:45,17,BOTH,BELOW,BLOCKED,XUYEN,0,false,false
LINKUSDT,177,2022-08-21 20:45,17,BOTH,ABOVE,THROUGH,XUYEN,0,true,
LINKUSDT,178,2022-08-23 18:15,10,BOTH,ABOVE,BLOCKED,XUYEN,2,false,false
LINKUSDT,179,2022-08-24 21:45,3,BELOW,BELOW,BLOCKED,CHAN,1,false,true
LINKUSDT,180,2022-08-25 06:15,5,BOTH,ABOVE,THROUGH,XUYEN,2,true,
LINKUSDT,181,2022-08-26 22:30,6,BOTH,BELOW,BLOCKED,XUYEN,1,false,false
LINKUSDT,182,2022-08-30 04:15,2,ABOVE,ABOVE,THROUGH,XUYEN,2,true,
LINKUSDT,183,2022-08-30 19:00,1,ABOVE,ABOVE,BLOCKED,CHAN,1,false,
LINKUSDT,184,2022-09-03 07:45,11,BOTH,BELOW,BLOCKED,XUYEN,2,false,false
LINKUSDT,187,2022-09-09 00:00,7,BOTH,ABOVE,THROUGH,XUYEN,1,true,
LINKUSDT,188,2022-09-14 17:15,16,BOTH,ABOVE,THROUGH,XUYEN,0,true,
LINKUSDT,190,2022-09-18 09:45,1,BELOW,BELOW,BLOCKED,CHAN,2,false,
LINKUSDT,191,2022-09-18 12:00,3,BOTH,BELOW,THROUGH,XUYEN,2,true,
LINKUSDT,194,2022-09-20 21:30,23,BOTH,BELOW,BLOCKED,XUYEN,3,false,false
LINKUSDT,195,2022-09-23 03:00,10,BOTH,ABOVE,THROUGH,XUYEN,1,true,
LINKUSDT,196,2022-09-28 07:00,9,BOTH,BELOW,BLOCKED,XUYEN,4,false,false
LINKUSDT,198,2022-10-02 19:00,12,BOTH,ABOVE,THROUGH,XUYEN,1,true,
LINKUSDT,199,2022-10-04 06:15,7,ABOVE,ABOVE,BLOCKED,XUYEN,1,false,false
LINKUSDT,200,2022-10-08 00:00,8,BOTH,ABOVE,THROUGH,XUYEN,1,true,
LINKUSDT,201,2022-10-08 20:00,6,BOTH,BELOW,BLOCKED,XUYEN,1,false,false
LINKUSDT,203,2022-10-10 05:30,2,BOTH,BELOW,THROUGH,XUYEN,1,true,
LINKUSDT,204,2022-10-12 12:30,6,BELOW,BELOW,BLOCKED,CHAN,2,false,true
LINKUSDT,205,2022-10-13 01:30,28,BOTH,BELOW,THROUGH,XUYEN,1,true,
LINKUSDT,206,2022-10-21 22:00,7,BOTH,ABOVE,BLOCKED,XUYEN,3,false,false
LINKUSDT,207,2022-10-23 17:45,7,BOTH,ABOVE,BLOCKED,XUYEN,1,false,false
LINKUSDT,208,2022-10-24 22:00,11,BOTH,ABOVE,THROUGH,XUYEN,1,true,
LINKUSDT,209,2022-10-26 21:15,13,BOTH,BELOW,THROUGH,XUYEN,3,true,
LINKUSDT,211,2022-10-28 12:30,7,BOTH,ABOVE,BLOCKED,XUYEN,3,false,false
LINKUSDT,212,2022-11-09 15:30,6,BELOW,BELOW,BLOCKED,CHAN,3,false,true
LINKUSDT,213,2022-11-10 13:30,11,BOTH,ABOVE,THROUGH,XUYEN,2,true,
LINKUSDT,214,2022-11-18 14:30,8,BELOW,BELOW,BLOCKED,CHAN,1,false,true
LINKUSDT,215,2022-11-20 20:15,9,BOTH,BELOW,BLOCKED,XUYEN,1,false,false
LINKUSDT,216,2022-11-23 02:15,4,ABOVE,ABOVE,BLOCKED,CHAN,1,false,true
LINKUSDT,217,2022-11-26 00:30,8,BOTH,ABOVE,BLOCKED,XUYEN,2,false,false
LINKUSDT,218,2022-11-27 23:00,4,BELOW,BELOW,BLOCKED,XUYEN,1,false,false
LINKUSDT,219,2022-11-30 17:15,6,BOTH,BELOW,THROUGH,XUYEN,1,true,
LINKUSDT,220,2022-12-03 06:00,10,BOTH,BELOW,BLOCKED,XUYEN,4,false,false
LINKUSDT,222,2022-12-05 19:15,12,BOTH,BELOW,BLOCKED,XUYEN,3,false,false
LINKUSDT,224,2022-12-08 18:30,14,BOTH,ABOVE,BLOCKED,XUYEN,1,false,false
LINKUSDT,226,2022-12-12 02:45,16,BOTH,BELOW,BLOCKED,XUYEN,1,false,false
LINKUSDT,227,2022-12-15 13:00,1,BELOW,BELOW,BLOCKED,CHAN,2,false,
LINKUSDT,230,2022-12-18 06:00,5,BELOW,BELOW,BLOCKED,CHAN,2,false,true
LINKUSDT,231,2022-12-18 18:00,15,BOTH,ABOVE,BLOCKED,XUYEN,2,false,false
LINKUSDT,232,2022-12-20 02:30,4,ABOVE,ABOVE,BLOCKED,CHAN,1,false,true
LINKUSDT,233,2022-12-21 22:30,5,BOTH,ABOVE,BLOCKED,XUYEN,2,false,false
LINKUSDT,234,2022-12-23 13:30,5,BOTH,ABOVE,THROUGH,XUYEN,2,true,
LINKUSDT,235,2022-12-24 05:15,11,BELOW,BELOW,BLOCKED,CHAN,1,false,true
LINKUSDT,236,2022-12-25 14:30,3,BELOW,BELOW,BLOCKED,CHAN,1,false,true
LINKUSDT,237,2022-12-25 19:00,2,BOTH,BELOW,THROUGH,XUYEN,2,true,
LINKUSDT,238,2022-12-26 19:15,3,ABOVE,ABOVE,BLOCKED,CHAN,1,false,true
LINKUSDT,239,2022-12-27 14:30,1,BELOW,BELOW,BLOCKED,CHAN,3,false,
LINKUSDT,240,2022-12-28 14:30,8,BOTH,ABOVE,THROUGH,XUYEN,0,true,
LINKUSDT,241,2022-12-30 07:15,11,BOTH,BELOW,THROUGH,XUYEN,1,true,
LINKUSDT,242,2023-01-02 00:00,13,BOTH,ABOVE,THROUGH,XUYEN,0,true,
LINKUSDT,243,2023-01-04 13:45,4,BOTH,ABOVE,THROUGH,XUYEN,2,true,
LINKUSDT,244,2023-01-04 23:00,8,BOTH,ABOVE,BLOCKED,XUYEN,0,false,false
LINKUSDT,245,2023-01-05 22:30,3,BOTH,BELOW,THROUGH,XUYEN,1,true,
LINKUSDT,246,2023-01-07 10:00,7,BOTH,ABOVE,THROUGH,XUYEN,3,true,
LINKUSDT,247,2023-01-08 20:00,3,ABOVE,ABOVE,BLOCKED,CHAN,2,false,true
LINKUSDT,249,2023-01-09 13:45,8,BOTH,BELOW,THROUGH,XUYEN,0,true,
LINKUSDT,250,2023-01-10 19:00,11,BOTH,ABOVE,THROUGH,XUYEN,4,true,
LINKUSDT,252,2023-01-16 15:00,2,BOTH,BELOW,BLOCKED,CHAN,2,false,true
LINKUSDT,253,2023-01-18 13:30,1,ABOVE,ABOVE,THROUGH,XUYEN,0,true,
LINKUSDT,254,2023-01-18 20:30,22,BOTH,BELOW,BLOCKED,XUYEN,2,false,false
LINKUSDT,255,2023-01-24 00:00,2,ABOVE,ABOVE,BLOCKED,CHAN,1,false,true
LINKUSDT,258,2023-01-25 20:00,3,ABOVE,ABOVE,BLOCKED,CHAN,2,false,true
LINKUSDT,259,2023-01-28 20:30,3,BELOW,BELOW,THROUGH,XUYEN,1,true,
LINKUSDT,260,2023-01-29 17:00,7,BOTH,ABOVE,BLOCKED,XUYEN,2,false,false
LINKUSDT,261,2023-01-30 19:00,8,BOTH,BELOW,BLOCKED,XUYEN,1,false,false
LINKUSDT,262,2023-02-04 17:30,1,ABOVE,ABOVE,BLOCKED,CHAN,2,false,
LINKUSDT,265,2023-02-06 05:15,70,BOTH,BELOW,THROUGH,XUYEN,1,true,
LINKUSDT,267,2023-02-16 13:30,8,BOTH,BELOW,THROUGH,XUYEN,0,true,
LINKUSDT,268,2023-02-18 19:30,14,BOTH,BELOW,BLOCKED,XUYEN,2,false,false
LINKUSDT,269,2023-02-20 16:00,4,BELOW,BELOW,THROUGH,XUYEN,1,true,
LINKUSDT,271,2023-03-01 19:45,6,BOTH,BELOW,THROUGH,XUYEN,1,true,
LINKUSDT,273,2023-03-03 18:30,2,BELOW,BELOW,BLOCKED,XUYEN,1,false,false
LINKUSDT,274,2023-03-04 01:45,5,BOTH,BELOW,THROUGH,XUYEN,1,true,
LINKUSDT,275,2023-03-05 23:00,7,BELOW,BELOW,BLOCKED,CHAN,2,false,true
LINKUSDT,276,2023-03-07 15:00,11,BOTH,BELOW,THROUGH,XUYEN,2,true,
LINKUSDT,277,2023-03-12 09:45,1,BELOW,BELOW,BLOCKED,CHAN,0,false,
LINKUSDT,279,2023-03-14 05:00,6,BOTH,ABOVE,THROUGH,XUYEN,0,true,
LINKUSDT,280,2023-03-14 12:30,2,ABOVE,ABOVE,THROUGH,XUYEN,1,true,
LINKUSDT,281,2023-03-15 22:00,18,BOTH,BELOW,BLOCKED,XUYEN,2,false,false
LINKUSDT,282,2023-03-21 07:00,6,BOTH,BELOW,THROUGH,XUYEN,1,true,
LINKUSDT,283,2023-03-24 11:45,5,BOTH,BELOW,THROUGH,XUYEN,2,true,
LINKUSDT,284,2023-03-26 08:30,13,BOTH,ABOVE,BLOCKED,XUYEN,2,false,false
LINKUSDT,285,2023-03-27 22:00,14,BOTH,BELOW,THROUGH,XUYEN,1,true,
LINKUSDT,287,2023-03-29 12:00,12,BOTH,ABOVE,THROUGH,XUYEN,3,true,
LINKUSDT,288,2023-04-02 15:00,1,BELOW,BELOW,BLOCKED,CHAN,1,false,
LINKUSDT,289,2023-04-02 19:30,40,BOTH,BELOW,BLOCKED,XUYEN,3,false,false
LINKUSDT,290,2023-04-07 12:30,12,BOTH,ABOVE,BLOCKED,XUYEN,2,false,false
LINKUSDT,291,2023-04-09 14:15,7,BOTH,BELOW,BLOCKED,XUYEN,1,false,false
LINKUSDT,292,2023-04-12 12:30,3,ABOVE,ABOVE,BLOCKED,CHAN,1,false,true
LINKUSDT,294,2023-04-16 13:45,20,BOTH,BELOW,BLOCKED,XUYEN,2,false,false
LINKUSDT,295,2023-04-19 21:15,3,BELOW,BELOW,BLOCKED,CHAN,3,false,true
LINKUSDT,296,2023-04-21 12:00,3,BOTH,ABOVE,THROUGH,XUYEN,0,true,
LINKUSDT,297,2023-04-22 22:00,8,BOTH,ABOVE,THROUGH,XUYEN,2,true,
LINKUSDT,298,2023-04-23 14:45,33,BOTH,BELOW,THROUGH,XUYEN,2,true,
LINKUSDT,299,2023-04-27 12:30,23,BOTH,BELOW,BLOCKED,XUYEN,4,false,false
LINKUSDT,300,2023-04-29 17:30,14,BOTH,BELOW,THROUGH,XUYEN,1,true,
LINKUSDT,301,2023-05-01 01:30,8,BOTH,BELOW,BLOCKED,XUYEN,1,false,false
LINKUSDT,303,2023-05-05 12:30,5,BOTH,BELOW,THROUGH,XUYEN,0,true,
LINKUSDT,304,2023-05-10 17:00,3,BOTH,BELOW,THROUGH,XUYEN,1,true,
LINKUSDT,305,2023-05-11 06:00,25,BOTH,BELOW,BLOCKED,XUYEN,2,false,false
LINKUSDT,306,2023-05-15 05:00,34,BOTH,ABOVE,BLOCKED,XUYEN,2,false,false
LINKUSDT,307,2023-05-21 15:30,5,BELOW,BELOW,BLOCKED,XUYEN,1,false,false
LINKUSDT,308,2023-05-23 18:15,4,BOTH,BELOW,THROUGH,XUYEN,3,true,
LINKUSDT,309,2023-05-24 19:15,1,ABOVE,ABOVE,THROUGH,XUYEN,1,true,
LINKUSDT,310,2023-05-25 01:15,6,BOTH,BELOW,BLOCKED,CHAN,3,false,true
LINKUSDT,311,2023-05-25 12:00,13,BOTH,ABOVE,BLOCKED,XUYEN,4,false,false
LINKUSDT,312,2023-05-26 12:30,2,BOTH,BELOW,THROUGH,XUYEN,0,true,
LINKUSDT,313,2023-05-26 22:00,18,BOTH,ABOVE,THROUGH,XUYEN,3,true,
LINKUSDT,315,2023-06-01 02:45,1,BELOW,BELOW,BLOCKED,CHAN,2,false,
LINKUSDT,316,2023-06-03 19:45,15,BOTH,BELOW,THROUGH,XUYEN,3,true,
LINKUSDT,318,2023-06-06 12:00,4,BOTH,BELOW,THROUGH,XUYEN,1,true,
LINKUSDT,321,2023-06-16 14:45,15,BOTH,ABOVE,BLOCKED,XUYEN,1,false,false
LINKUSDT,322,2023-06-22 11:00,3,BOTH,BELOW,THROUGH,XUYEN,1,true,
LINKUSDT,323,2023-06-25 08:15,6,BOTH,ABOVE,BLOCKED,XUYEN,2,false,false
LINKUSDT,324,2023-06-30 13:30,17,BOTH,BELOW,THROUGH,XUYEN,2,true,
LINKUSDT,325,2023-07-04 19:00,2,BOTH,BELOW,THROUGH,XUYEN,2,true,
LINKUSDT,326,2023-07-05 08:15,1,BELOW,BELOW,BLOCKED,CHAN,2,false,
LINKUSDT,328,2023-07-08 19:15,9,BOTH,BELOW,THROUGH,XUYEN,2,true,
LINKUSDT,329,2023-07-10 00:00,15,BOTH,BELOW,BLOCKED,XUYEN,1,false,false
LINKUSDT,330,2023-07-11 06:30,9,BOTH,ABOVE,THROUGH,XUYEN,2,true,
LINKUSDT,331,2023-07-12 12:30,18,BOTH,ABOVE,BLOCKED,XUYEN,2,false,false
LINKUSDT,333,2023-07-16 02:15,1,BELOW,BELOW,BLOCKED,CHAN,2,false,
LINKUSDT,334,2023-07-16 10:00,15,BOTH,ABOVE,BLOCKED,XUYEN,0,false,false
LINKUSDT,335,2023-07-22 08:30,2,BOTH,ABOVE,THROUGH,XUYEN,0,true,
LINKUSDT,336,2023-07-22 23:15,9,BOTH,BELOW,BLOCKED,XUYEN,1,false,false
LINKUSDT,337,2023-07-24 00:00,1,BELOW,BELOW,BLOCKED,CHAN,2,false,
LINKUSDT,339,2023-07-25 19:30,8,BOTH,BELOW,BLOCKED,XUYEN,2,false,false
LINKUSDT,340,2023-07-30 19:45,11,BOTH,BELOW,THROUGH,XUYEN,1,true,
LINKUSDT,341,2023-08-01 02:00,7,BOTH,BELOW,BLOCKED,XUYEN,1,false,false
LINKUSDT,342,2023-08-06 02:00,20,BOTH,ABOVE,THROUGH,XUYEN,2,true,
LINKUSDT,343,2023-08-09 12:30,15,BOTH,ABOVE,BLOCKED,XUYEN,3,false,false
LINKUSDT,344,2023-08-10 21:30,8,BOTH,ABOVE,BLOCKED,XUYEN,1,false,false
LINKUSDT,345,2023-08-12 04:45,26,BOTH,BELOW,BLOCKED,XUYEN,0,false,false
LINKUSDT,346,2023-08-15 10:00,1,BELOW,BELOW,BLOCKED,CHAN,4,false,
LINKUSDT,349,2023-08-16 20:15,7,BOTH,BELOW,THROUGH,XUYEN,2,true,
LINKUSDT,350,2023-08-21 15:15,19,BOTH,BELOW,BLOCKED,XUYEN,2,false,false
LINKUSDT,351,2023-08-22 21:15,8,BOTH,BELOW,THROUGH,XUYEN,2,true,
LINKUSDT,352,2023-08-25 03:15,3,BELOW,BELOW,BLOCKED,CHAN,5,false,true
LINKUSDT,353,2023-08-25 13:00,9,BOTH,ABOVE,THROUGH,XUYEN,0,true,
LINKUSDT,354,2023-08-26 16:15,7,BOTH,BELOW,THROUGH,XUYEN,3,true,
LINKUSDT,355,2023-08-27 06:45,6,BOTH,ABOVE,BLOCKED,XUYEN,2,false,false
LINKUSDT,356,2023-08-28 00:00,48,BOTH,BELOW,BLOCKED,XUYEN,1,false,false
LINKUSDT,357,2023-09-05 07:00,2,ABOVE,ABOVE,BLOCKED,CHAN,3,false,true
LINKUSDT,358,2023-09-06 01:00,2,ABOVE,ABOVE,BLOCKED,CHAN,2,false,true
LINKUSDT,359,2023-09-06 06:15,4,ABOVE,ABOVE,BLOCKED,CHAN,2,false,true
LINKUSDT,361,2023-09-08 10:00,12,BOTH,BELOW,BLOCKED,XUYEN,3,false,false
LINKUSDT,362,2023-09-11 09:15,1,BELOW,BELOW,BLOCKED,CHAN,4,false,
LINKUSDT,363,2023-09-11 14:00,2,BELOW,BELOW,BLOCKED,CHAN,2,false,true
LINKUSDT,364,2023-09-11 19:15,5,BOTH,BELOW,BLOCKED,XUYEN,2,false,false
LINKUSDT,365,2023-09-12 08:45,3,BOTH,BELOW,THROUGH,XUYEN,1,true,
LINKUSDT,366,2023-09-13 07:30,1,BELOW,BELOW,THROUGH,XUYEN,0,true,
LINKUSDT,367,2023-09-13 12:30,13,BOTH,BELOW,BLOCKED,XUYEN,2,false,false
LINKUSDT,368,2023-09-14 07:45,3,ABOVE,ABOVE,BLOCKED,CHAN,4,false,true
LINKUSDT,369,2023-09-14 22:00,4,BOTH,ABOVE,THROUGH,XUYEN,3,true,
LINKUSDT,370,2023-09-15 02:00,14,BOTH,ABOVE,BLOCKED,XUYEN,2,false,false
LINKUSDT,371,2023-09-17 20:30,5,BOTH,BELOW,THROUGH,XUYEN,2,true,
LINKUSDT,372,2023-09-20 18:00,14,BOTH,ABOVE,THROUGH,XUYEN,2,true,
LINKUSDT,373,2023-09-23 00:00,4,ABOVE,ABOVE,BLOCKED,CHAN,3,false,true
LINKUSDT,374,2023-09-28 19:30,5,BOTH,ABOVE,THROUGH,XUYEN,3,true,
LINKUSDT,375,2023-09-29 07:30,6,BOTH,ABOVE,THROUGH,XUYEN,0,true,
LINKUSDT,376,2023-09-30 18:30,8,BOTH,BELOW,BLOCKED,XUYEN,1,false,false
LINKUSDT,377,2023-10-01 22:15,6,ABOVE,ABOVE,BLOCKED,XUYEN,2,false,false
LINKUSDT,378,2023-10-03 10:45,19,BOTH,BELOW,THROUGH,XUYEN,3,true,
LINKUSDT,379,2023-10-05 22:00,7,BOTH,ABOVE,THROUGH,XUYEN,0,true,
LINKUSDT,380,2023-10-06 12:30,11,BOTH,BELOW,THROUGH,XUYEN,2,true,
LINKUSDT,381,2023-10-07 15:30,4,BOTH,BELOW,THROUGH,XUYEN,1,true,
LINKUSDT,382,2023-10-08 10:45,3,BOTH,BELOW,THROUGH,XUYEN,3,true,
LINKUSDT,383,2023-10-08 20:45,3,BOTH,ABOVE,THROUGH,XUYEN,1,true,
LINKUSDT,386,2023-10-16 13:15,5,BOTH,ABOVE,THROUGH,XUYEN,0,true,
LINKUSDT,387,2023-10-17 18:45,9,BOTH,BELOW,BLOCKED,XUYEN,3,false,false
LINKUSDT,388,2023-10-18 04:45,7,ABOVE,ABOVE,THROUGH,XUYEN,2,true,
LINKUSDT,389,2023-10-18 22:00,2,ABOVE,ABOVE,THROUGH,XUYEN,1,true,
LINKUSDT,390,2023-10-19 01:30,17,BOTH,BELOW,BLOCKED,XUYEN,3,false,false
LINKUSDT,392,2023-10-24 15:15,3,BOTH,BELOW,THROUGH,XUYEN,3,true,
LINKUSDT,393,2023-10-26 10:00,4,BOTH,BELOW,THROUGH,XUYEN,2,true,
LINKUSDT,394,2023-10-26 22:00,4,ABOVE,ABOVE,THROUGH,XUYEN,1,true,
LINKUSDT,395,2023-10-27 12:00,8,ABOVE,ABOVE,BLOCKED,CHAN,1,false,true
LINKUSDT,396,2023-10-28 22:15,42,BOTH,BELOW,THROUGH,XUYEN,1,true,
LINKUSDT,397,2023-11-05 13:45,5,BOTH,BELOW,THROUGH,XUYEN,2,true,
LINKUSDT,398,2023-11-22 18:15,7,BOTH,ABOVE,BLOCKED,XUYEN,3,false,false
LINKUSDT,399,2023-11-26 14:15,8,BOTH,BELOW,THROUGH,XUYEN,1,true,
LINKUSDT,400,2023-12-04 11:00,2,BELOW,BELOW,BLOCKED,CHAN,1,false,true
LINKUSDT,401,2023-12-05 06:30,21,BOTH,BELOW,THROUGH,XUYEN,1,true,
LINKUSDT,402,2023-12-07 08:00,7,BOTH,BELOW,BLOCKED,XUYEN,0,false,false
LINKUSDT,403,2023-12-08 10:45,18,BOTH,ABOVE,BLOCKED,XUYEN,1,false,false
LINKUSDT,404,2023-12-13 19:00,1,ABOVE,ABOVE,BLOCKED,CHAN,2,false,
LINKUSDT,405,2023-12-14 17:00,6,BOTH,ABOVE,BLOCKED,XUYEN,1,false,false
LINKUSDT,406,2023-12-19 14:00,9,BOTH,BELOW,THROUGH,XUYEN,1,true,
LINKUSDT,408,2023-12-23 19:45,38,BOTH,BELOW,THROUGH,XUYEN,1,true,
LINKUSDT,409,2024-01-04 00:00,3,BOTH,ABOVE,THROUGH,XUYEN,0,true,
LINKUSDT,411,2024-01-05 07:00,11,BOTH,ABOVE,THROUGH,XUYEN,3,true,
LINKUSDT,412,2024-01-09 12:45,1,BELOW,BELOW,BLOCKED,CHAN,3,false,
LINKUSDT,413,2024-01-09 21:00,1,ABOVE,ABOVE,BLOCKED,CHAN,1,false,
LINKUSDT,414,2024-01-16 14:30,22,BOTH,BELOW,THROUGH,XUYEN,2,true,
LINKUSDT,415,2024-01-26 09:00,1,ABOVE,ABOVE,BLOCKED,CHAN,2,false,
LINKUSDT,417,2024-02-02 13:30,1,ABOVE,ABOVE,THROUGH,XUYEN,2,true,
LINKUSDT,418,2024-02-02 20:45,2,BELOW,BELOW,BLOCKED,CHAN,1,false,true
LINKUSDT,420,2024-02-03 23:15,9,BOTH,BELOW,THROUGH,XUYEN,0,true,
LINKUSDT,421,2024-02-05 09:45,25,BOTH,ABOVE,BLOCKED,XUYEN,1,false,false
LINKUSDT,422,2024-02-12 00:00,7,BOTH,ABOVE,THROUGH,XUYEN,0,true,
LINKUSDT,423,2024-02-12 12:00,7,BOTH,ABOVE,THROUGH,XUYEN,2,true,
LINKUSDT,424,2024-02-13 13:30,43,BOTH,BELOW,BLOCKED,XUYEN,2,false,false
LINKUSDT,425,2024-02-16 09:00,19,BOTH,BELOW,THROUGH,XUYEN,3,true,
LINKUSDT,426,2024-02-18 18:15,21,BOTH,ABOVE,BLOCKED,XUYEN,4,false,false
LINKUSDT,429,2024-02-26 20:45,21,BOTH,BELOW,THROUGH,XUYEN,1,true,
LINKUSDT,430,2024-02-28 14:00,11,BOTH,ABOVE,BLOCKED,XUYEN,2,false,false
LINKUSDT,431,2024-03-05 04:00,43,BOTH,ABOVE,BLOCKED,XUYEN,2,false,false
LINKUSDT,432,2024-03-10 21:30,7,BOTH,ABOVE,BLOCKED,XUYEN,1,false,false
LINKUSDT,433,2024-03-18 13:15,47,BOTH,BELOW,THROUGH,XUYEN,2,true,
LINKUSDT,434,2024-04-06 15:00,7,BOTH,ABOVE,BLOCKED,XUYEN,2,false,false
LINKUSDT,437,2024-04-14 22:00,14,BOTH,ABOVE,THROUGH,XUYEN,1,true,
LINKUSDT,438,2024-04-16 21:00,22,BOTH,ABOVE,BLOCKED,XUYEN,1,false,false
LINKUSDT,440,2024-04-19 23:00,11,BOTH,BELOW,THROUGH,XUYEN,1,true,
LINKUSDT,441,2024-04-21 23:00,6,BOTH,ABOVE,THROUGH,XUYEN,1,true,
LINKUSDT,442,2024-04-25 19:30,20,BOTH,BELOW,THROUGH,XUYEN,1,true,
LINKUSDT,443,2024-05-01 07:00,6,BOTH,BELOW,BLOCKED,XUYEN,3,false,false
LINKUSDT,444,2024-05-03 07:00,4,BOTH,ABOVE,THROUGH,XUYEN,0,true,
LINKUSDT,446,2024-05-07 23:00,12,BOTH,BELOW,BLOCKED,XUYEN,1,false,false
LINKUSDT,447,2024-05-14 06:00,2,BELOW,BELOW,THROUGH,XUYEN,0,true,
LINKUSDT,449,2024-05-20 19:15,14,BOTH,ABOVE,BLOCKED,XUYEN,1,false,false
LINKUSDT,451,2024-05-23 20:00,1,BELOW,BELOW,THROUGH,XUYEN,2,true,
LINKUSDT,452,2024-05-24 21:30,21,BOTH,ABOVE,THROUGH,XUYEN,2,true,
LINKUSDT,454,2024-05-29 08:00,29,BOTH,BELOW,THROUGH,XUYEN,0,true,
LINKUSDT,458,2024-06-12 08:00,4,BOTH,ABOVE,BLOCKED,XUYEN,2,false,false
LINKUSDT,459,2024-06-12 18:00,2,BELOW,BELOW,BLOCKED,CHAN,0,false,true
LINKUSDT,460,2024-06-16 22:00,3,ABOVE,ABOVE,THROUGH,XUYEN,2,true,
LINKUSDT,461,2024-06-18 01:15,24,BOTH,BELOW,BLOCKED,CHAN,2,false,true
LINKUSDT,462,2024-06-21 00:00,8,BOTH,BELOW,THROUGH,XUYEN,1,true,
LINKUSDT,463,2024-06-21 07:15,5,BOTH,ABOVE,THROUGH,XUYEN,1,true,
LINKUSDT,464,2024-06-23 20:30,2,BELOW,BELOW,BLOCKED,CHAN,2,false,true
LINKUSDT,465,2024-06-24 09:30,4,BOTH,BELOW,THROUGH,XUYEN,0,true,
LINKUSDT,466,2024-06-27 17:30,8,BOTH,ABOVE,THROUGH,XUYEN,1,true,
LINKUSDT,467,2024-07-02 13:30,4,BELOW,BELOW,BLOCKED,CHAN,2,false,true
LINKUSDT,468,2024-07-09 13:00,2,BELOW,BELOW,BLOCKED,CHAN,2,false,true
LINKUSDT,469,2024-07-10 12:30,21,BOTH,BELOW,BLOCKED,XUYEN,2,false,false
LINKUSDT,470,2024-07-14 06:45,6,BOTH,BELOW,THROUGH,XUYEN,2,true,
LINKUSDT,472,2024-07-25 01:00,6,BOTH,BELOW,THROUGH,XUYEN,2,true,
LINKUSDT,473,2024-07-27 00:00,19,BOTH,ABOVE,THROUGH,XUYEN,3,true,
LINKUSDT,474,2024-07-29 00:00,8,BOTH,ABOVE,THROUGH,XUYEN,1,true,
LINKUSDT,476,2024-08-08 12:30,1,ABOVE,ABOVE,BLOCKED,CHAN,2,false,
LINKUSDT,477,2024-08-11 20:00,12,BOTH,BELOW,THROUGH,XUYEN,1,true,
LINKUSDT,478,2024-08-14 22:00,13,BOTH,BELOW,THROUGH,XUYEN,1,true,
LINKUSDT,479,2024-08-18 15:30,3,BOTH,ABOVE,THROUGH,XUYEN,3,true,
LINKUSDT,480,2024-08-19 09:45,9,BOTH,BELOW,BLOCKED,XUYEN,2,false,false
LINKUSDT,481,2024-08-21 13:30,2,BOTH,BELOW,THROUGH,XUYEN,0,true,
LINKUSDT,482,2024-08-23 14:00,3,BOTH,ABOVE,THROUGH,XUYEN,2,true,
LINKUSDT,483,2024-08-25 19:15,14,BOTH,ABOVE,BLOCKED,XUYEN,1,false,false
LINKUSDT,484,2024-08-27 21:00,3,BOTH,BELOW,THROUGH,XUYEN,2,true,
LINKUSDT,485,2024-08-29 22:00,11,BOTH,BELOW,THROUGH,XUYEN,3,true,
LINKUSDT,486,2024-09-03 19:45,19,BOTH,ABOVE,THROUGH,XUYEN,2,true,
LINKUSDT,487,2024-09-06 07:15,2,BELOW,BELOW,BLOCKED,CHAN,2,false,true
LINKUSDT,488,2024-09-06 12:30,1,ABOVE,ABOVE,THROUGH,XUYEN,1,true,
LINKUSDT,490,2024-09-10 07:00,21,BOTH,ABOVE,BLOCKED,XUYEN,1,false,false
LINKUSDT,491,2024-09-14 18:00,13,BOTH,BELOW,THROUGH,XUYEN,2,true,
LINKUSDT,492,2024-09-18 18:00,1,ABOVE,ABOVE,BLOCKED,CHAN,0,false,
LINKUSDT,493,2024-09-23 21:15,10,BOTH,BELOW,BLOCKED,XUYEN,3,false,false
LINKUSDT,495,2024-09-28 03:15,9,BOTH,BELOW,BLOCKED,XUYEN,1,false,false
LINKUSDT,496,2024-10-04 12:30,5,BOTH,BELOW,THROUGH,XUYEN,0,true,
LINKUSDT,497,2024-10-07 22:45,2,BELOW,BELOW,BLOCKED,CHAN,2,false,true
LINKUSDT,498,2024-10-10 17:45,7,BOTH,BELOW,BLOCKED,XUYEN,2,false,false
LINKUSDT,499,2024-10-20 22:00,26,BOTH,BELOW,THROUGH,XUYEN,0,true,
LINKUSDT,500,2024-10-26 13:45,27,BOTH,BELOW,BLOCKED,XUYEN,3,false,false
LINKUSDT,501,2024-11-05 19:45,4,BOTH,BELOW,BLOCKED,XUYEN,2,false,false
LINKUSDT,502,2024-11-09 13:15,7,BOTH,ABOVE,THROUGH,XUYEN,2,true,
LINKUSDT,504,2024-11-10 16:00,35,BOTH,ABOVE,THROUGH,XUYEN,3,true,
LINKUSDT,505,2024-11-19 14:00,31,BOTH,ABOVE,BLOCKED,XUYEN,2,false,false
LINKUSDT,506,2024-11-22 18:45,3,BELOW,BELOW,BLOCKED,XUYEN,4,false,false
LINKUSDT,507,2024-12-01 08:00,12,BOTH,ABOVE,THROUGH,XUYEN,2,true,
LINKUSDT,508,2024-12-08 19:00,7,BOTH,ABOVE,BLOCKED,XUYEN,1,false,false
LINKUSDT,509,2024-12-17 07:45,10,BOTH,BELOW,THROUGH,XUYEN,2,true,
LINKUSDT,510,2024-12-31 17:30,4,BOTH,BELOW,THROUGH,XUYEN,1,true,
LINKUSDT,511,2025-01-08 03:00,1,BELOW,BELOW,BLOCKED,CHAN,2,false,
LINKUSDT,512,2025-01-10 13:30,15,BOTH,BELOW,THROUGH,XUYEN,2,true,
LINKUSDT,513,2025-01-13 14:30,3,BOTH,ABOVE,THROUGH,XUYEN,3,true,
LINKUSDT,516,2025-01-20 06:45,39,BOTH,ABOVE,BLOCKED,XUYEN,3,false,false
LINKUSDT,517,2025-01-27 07:15,7,BOTH,BELOW,THROUGH,XUYEN,1,true,
LINKUSDT,518,2025-01-28 00:00,11,BOTH,ABOVE,THROUGH,XUYEN,3,true,
LINKUSDT,519,2025-01-28 20:30,12,BOTH,BELOW,BLOCKED,XUYEN,3,false,false
LINKUSDT,521,2025-02-02 22:30,14,BOTH,BELOW,BLOCKED,XUYEN,4,false,false
LINKUSDT,522,2025-02-12 22:15,39,BOTH,ABOVE,BLOCKED,XUYEN,1,false,false
LINKUSDT,523,2025-02-16 23:00,5,BOTH,BELOW,BLOCKED,XUYEN,4,false,false
LINKUSDT,524,2025-02-17 05:00,12,BOTH,BELOW,THROUGH,XUYEN,2,true,
LINKUSDT,525,2025-02-24 22:00,8,BOTH,BELOW,THROUGH,XUYEN,2,true,
LINKUSDT,526,2025-03-04 14:30,3,BOTH,ABOVE,THROUGH,XUYEN,1,true,
LINKUSDT,528,2025-03-06 22:00,6,BOTH,ABOVE,THROUGH,XUYEN,1,true,
LINKUSDT,529,2025-03-07 13:30,4,BOTH,ABOVE,BLOCKED,XUYEN,2,false,false
LINKUSDT,530,2025-03-11 09:30,33,BOTH,ABOVE,BLOCKED,XUYEN,4,false,false
LINKUSDT,531,2025-03-14 08:15,2,ABOVE,ABOVE,BLOCKED,CHAN,1,false,true
LINKUSDT,532,2025-03-16 16:00,8,BOTH,ABOVE,THROUGH,XUYEN,0,true,
LINKUSDT,533,2025-03-21 10:15,13,BOTH,BELOW,BLOCKED,XUYEN,1,false,false
LINKUSDT,534,2025-03-23 09:00,13,BOTH,BELOW,THROUGH,XUYEN,3,true,
LINKUSDT,535,2025-03-24 15:45,20,BOTH,ABOVE,THROUGH,XUYEN,1,true,
LINKUSDT,537,2025-03-30 13:30,19,BOTH,BELOW,BLOCKED,XUYEN,2,false,false
LINKUSDT,538,2025-04-02 07:30,6,BOTH,BELOW,THROUGH,XUYEN,2,true,
LINKUSDT,539,2025-04-02 15:00,2,ABOVE,ABOVE,THROUGH,XUYEN,2,true,
LINKUSDT,540,2025-04-06 20:30,22,BOTH,BELOW,BLOCKED,XUYEN,2,false,false
LINKUSDT,541,2025-04-13 19:30,7,BOTH,BELOW,BLOCKED,XUYEN,2,false,false
LINKUSDT,542,2025-04-19 08:00,3,BOTH,ABOVE,THROUGH,XUYEN,3,true,
LINKUSDT,543,2025-04-19 13:00,5,BOTH,BELOW,THROUGH,XUYEN,3,true,
LINKUSDT,545,2025-04-24 13:30,16,BOTH,ABOVE,BLOCKED,XUYEN,2,false,false
LINKUSDT,546,2025-04-29 04:30,10,BOTH,BELOW,THROUGH,XUYEN,0,true,
LINKUSDT,547,2025-05-04 13:15,14,BOTH,BELOW,THROUGH,XUYEN,1,true,
LINKUSDT,548,2025-05-07 06:30,8,BOTH,BELOW,THROUGH,XUYEN,3,true,
LINKUSDT,549,2025-05-19 18:15,24,BOTH,BELOW,THROUGH,XUYEN,0,true,
LINKUSDT,551,2025-05-25 22:00,3,BOTH,ABOVE,THROUGH,XUYEN,1,true,
LINKUSDT,552,2025-06-01 16:00,22,BOTH,ABOVE,THROUGH,XUYEN,2,true,
LINKUSDT,553,2025-06-06 09:45,3,ABOVE,ABOVE,BLOCKED,CHAN,2,false,true
LINKUSDT,556,2025-06-11 10:45,5,BOTH,ABOVE,THROUGH,XUYEN,0,true,
LINKUSDT,557,2025-06-12 10:15,6,BOTH,BELOW,BLOCKED,XUYEN,3,false,false
LINKUSDT,561,2025-06-20 17:15,8,BELOW,BELOW,BLOCKED,CHAN,3,false,true
LINKUSDT,562,2025-06-21 17:30,1,BELOW,BELOW,BLOCKED,CHAN,2,false,
LINKUSDT,566,2025-06-24 14:00,37,BOTH,ABOVE,BLOCKED,XUYEN,1,false,false
LINKUSDT,567,2025-06-29 21:00,15,BOTH,BELOW,THROUGH,XUYEN,2,true,
LINKUSDT,568,2025-07-01 07:15,6,BOTH,BELOW,THROUGH,XUYEN,2,true,
LINKUSDT,569,2025-07-03 12:30,12,BOTH,BELOW,THROUGH,XUYEN,0,true,
LINKUSDT,570,2025-07-09 05:30,5,ABOVE,ABOVE,BLOCKED,CHAN,3,false,true
LINKUSDT,571,2025-07-10 15:00,2,BOTH,BELOW,THROUGH,XUYEN,0,true,
LINKUSDT,572,2025-07-14 21:45,3,BELOW,BELOW,BLOCKED,CHAN,2,false,true
LINKUSDT,573,2025-07-15 12:30,3,BOTH,BELOW,THROUGH,XUYEN,0,true,
LINKUSDT,574,2025-07-19 23:30,1,ABOVE,ABOVE,BLOCKED,CHAN,2,false,
LINKUSDT,575,2025-07-20 07:00,7,BOTH,ABOVE,BLOCKED,XUYEN,1,false,false
LINKUSDT,576,2025-07-24 22:00,7,BOTH,BELOW,BLOCKED,XUYEN,1,false,false
LINKUSDT,577,2025-07-25 22:30,12,ABOVE,ABOVE,BLOCKED,CHAN,3,false,true
LINKUSDT,578,2025-07-26 23:00,10,BOTH,ABOVE,BLOCKED,XUYEN,2,false,false
LINKUSDT,579,2025-08-01 08:00,9,BOTH,BELOW,BLOCKED,XUYEN,2,false,false
LINKUSDT,580,2025-08-01 22:00,6,BELOW,BELOW,BLOCKED,CHAN,2,false,true
LINKUSDT,581,2025-08-03 22:00,17,BOTH,ABOVE,BLOCKED,XUYEN,4,false,false
LINKUSDT,582,2025-08-06 22:00,7,BOTH,BELOW,THROUGH,XUYEN,2,true,
LINKUSDT,584,2025-08-08 13:30,3,BOTH,ABOVE,THROUGH,XUYEN,3,true,
LINKUSDT,585,2025-08-14 12:30,6,BOTH,BELOW,THROUGH,XUYEN,2,true,
LINKUSDT,587,2025-08-24 19:30,1,BELOW,BELOW,BLOCKED,CHAN,1,false,
LINKUSDT,588,2025-08-27 20:00,15,BOTH,BELOW,THROUGH,XUYEN,2,true,
LINKUSDT,590,2025-08-29 12:30,6,BOTH,ABOVE,THROUGH,XUYEN,1,true,
LINKUSDT,591,2025-08-30 01:45,14,BOTH,BELOW,THROUGH,XUYEN,1,true,
LINKUSDT,592,2025-09-01 20:30,12,BOTH,BELOW,THROUGH,XUYEN,2,true,
LINKUSDT,593,2025-09-10 12:30,4,ABOVE,ABOVE,BLOCKED,CHAN,3,false,true
LINKUSDT,594,2025-09-10 19:15,6,BOTH,BELOW,BLOCKED,XUYEN,4,false,false
LINKUSDT,595,2025-09-11 12:00,3,BOTH,ABOVE,THROUGH,XUYEN,0,true,
LINKUSDT,596,2025-09-12 14:00,2,ABOVE,ABOVE,BLOCKED,CHAN,0,false,true
LINKUSDT,598,2025-09-13 20:00,11,BOTH,ABOVE,BLOCKED,XUYEN,1,false,false
LINKUSDT,599,2025-09-22 06:00,11,BELOW,BELOW,BLOCKED,CHAN,3,false,true
LINKUSDT,600,2025-09-24 06:45,5,BELOW,BELOW,BLOCKED,CHAN,3,false,true
LINKUSDT,601,2025-09-28 22:00,14,BOTH,ABOVE,THROUGH,XUYEN,1,true,
LINKUSDT,602,2025-09-30 10:00,3,BOTH,ABOVE,THROUGH,XUYEN,2,true,
LINKUSDT,603,2025-09-30 17:30,3,BOTH,BELOW,THROUGH,XUYEN,3,true,
LINKUSDT,604,2025-10-05 02:30,2,ABOVE,ABOVE,BLOCKED,CHAN,1,false,true
LINKUSDT,605,2025-10-05 19:45,14,BOTH,BELOW,BLOCKED,XUYEN,4,false,false
LINKUSDT,606,2025-10-08 03:15,19,BOTH,BELOW,BLOCKED,XUYEN,3,false,false
LINKUSDT,609,2025-10-13 11:00,9,BOTH,BELOW,BLOCKED,XUYEN,1,false,false
LINKUSDT,610,2025-10-14 19:30,10,BOTH,BELOW,BLOCKED,XUYEN,1,false,false
LINKUSDT,611,2025-10-16 09:30,4,BOTH,ABOVE,THROUGH,XUYEN,1,true,
LINKUSDT,612,2025-10-17 21:00,11,BOTH,ABOVE,BLOCKED,XUYEN,2,false,false
LINKUSDT,613,2025-10-22 11:00,8,BOTH,ABOVE,BLOCKED,XUYEN,0,false,false
LINKUSDT,614,2025-10-22 21:00,6,BOTH,BELOW,THROUGH,XUYEN,3,true,
LINKUSDT,616,2025-10-26 22:00,18,BOTH,ABOVE,BLOCKED,XUYEN,1,false,false
LINKUSDT,617,2025-10-29 18:30,12,BOTH,BELOW,THROUGH,XUYEN,2,true,
LINKUSDT,618,2025-10-31 11:45,5,BOTH,ABOVE,THROUGH,XUYEN,1,true,
LINKUSDT,619,2025-10-31 16:45,32,BOTH,BELOW,THROUGH,XUYEN,1,true,
LINKUSDT,620,2025-11-05 23:00,14,BOTH,BELOW,BLOCKED,XUYEN,2,false,false
LINKUSDT,621,2025-11-09 07:30,3,BOTH,ABOVE,THROUGH,XUYEN,4,true,
LINKUSDT,622,2025-11-11 01:15,2,ABOVE,ABOVE,BLOCKED,XUYEN,2,false,false
LINKUSDT,623,2025-11-14 04:30,11,BOTH,BELOW,THROUGH,XUYEN,3,true,
LINKUSDT,624,2025-11-14 23:00,32,BOTH,BELOW,THROUGH,XUYEN,4,true,
LINKUSDT,625,2025-11-19 23:00,2,BOTH,ABOVE,THROUGH,XUYEN,1,true,
LINKUSDT,626,2025-11-23 08:30,8,ABOVE,ABOVE,BLOCKED,XUYEN,3,false,false
LINKUSDT,627,2025-11-26 11:00,5,BOTH,BELOW,BLOCKED,XUYEN,3,false,false
LINKUSDT,628,2025-11-30 08:15,6,BOTH,ABOVE,THROUGH,XUYEN,2,true,
LINKUSDT,629,2025-12-02 23:00,11,BOTH,ABOVE,BLOCKED,XUYEN,2,false,false
LINKUSDT,630,2025-12-07 12:45,17,BOTH,ABOVE,THROUGH,XUYEN,0,true,
LINKUSDT,631,2025-12-09 02:15,10,BOTH,BELOW,THROUGH,XUYEN,3,true,
LINKUSDT,632,2025-12-09 15:00,2,ABOVE,ABOVE,THROUGH,XUYEN,2,true,
LINKUSDT,633,2025-12-11 14:30,5,BOTH,BELOW,BLOCKED,XUYEN,2,false,false
LINKUSDT,634,2025-12-12 00:45,10,BOTH,BELOW,BLOCKED,XUYEN,1,false,false
LINKUSDT,636,2025-12-18 17:00,42,BOTH,BELOW,BLOCKED,XUYEN,1,false,false
LINKUSDT,637,2025-12-24 14:30,12,BOTH,BELOW,THROUGH,XUYEN,1,true,
LINKUSDT,638,2025-12-26 14:30,23,BOTH,BELOW,THROUGH,XUYEN,1,true,
LINKUSDT,639,2025-12-30 08:00,15,BOTH,ABOVE,BLOCKED,XUYEN,3,false,false
LINKUSDT,641,2026-01-04 19:00,6,BOTH,BELOW,THROUGH,XUYEN,2,true,
LINKUSDT,642,2026-01-05 09:00,8,BOTH,BELOW,THROUGH,XUYEN,3,true,
LINKUSDT,643,2026-01-06 00:30,17,BOTH,BELOW,THROUGH,XUYEN,1,true,
LINKUSDT,644,2026-01-11 10:00,9,BOTH,ABOVE,THROUGH,XUYEN,3,true,
LINKUSDT,646,2026-01-12 14:15,10,BOTH,BELOW,THROUGH,XUYEN,2,true,
LINKUSDT,647,2026-01-13 13:30,1,ABOVE,ABOVE,BLOCKED,CHAN,3,false,
LINKUSDT,648,2026-01-13 22:00,46,BOTH,ABOVE,BLOCKED,XUYEN,1,false,false
LINKUSDT,650,2026-01-25 08:30,6,BOTH,BELOW,THROUGH,XUYEN,1,true,
LINKUSDT,651,2026-01-25 14:15,15,BOTH,BELOW,BLOCKED,XUYEN,2,false,false
LINKUSDT,654,2026-02-01 23:00,19,BOTH,BELOW,THROUGH,XUYEN,3,true,
LINKUSDT,655,2026-02-04 11:00,1,BELOW,BELOW,BLOCKED,CHAN,4,false,
LINKUSDT,656,2026-02-05 20:15,4,BOTH,BELOW,BLOCKED,CHAN,3,false,true
LINKUSDT,657,2026-02-07 16:00,2,ABOVE,ABOVE,BLOCKED,CHAN,2,false,true
LINKUSDT,658,2026-02-07 23:00,13,BOTH,BELOW,BLOCKED,XUYEN,2,false,false
LINKUSDT,659,2026-02-08 23:00,27,BOTH,ABOVE,THROUGH,XUYEN,0,true,
LINKUSDT,660,2026-02-14 01:45,4,ABOVE,ABOVE,BLOCKED,CHAN,3,false,true
LINKUSDT,661,2026-02-15 03:30,6,BOTH,BELOW,THROUGH,XUYEN,0,true,
LINKUSDT,667,2026-03-03 22:30,9,BOTH,ABOVE,THROUGH,XUYEN,3,true,
LINKUSDT,668,2026-03-05 02:30,12,BOTH,BELOW,THROUGH,XUYEN,3,true,
LINKUSDT,669,2026-03-08 22:00,5,BOTH,BELOW,BLOCKED,XUYEN,3,false,false
LINKUSDT,670,2026-03-09 19:15,3,BOTH,ABOVE,THROUGH,XUYEN,3,true,
LINKUSDT,671,2026-03-10 02:30,24,BOTH,ABOVE,BLOCKED,CHAN,2,false,true
LINKUSDT,672,2026-03-13 13:15,1,ABOVE,ABOVE,THROUGH,XUYEN,1,true,
LINKUSDT,673,2026-03-13 22:00,6,BOTH,BELOW,BLOCKED,XUYEN,1,false,false
LINKUSDT,674,2026-03-15 13:00,2,BOTH,BELOW,THROUGH,XUYEN,1,true,
LINKUSDT,675,2026-03-17 13:30,3,ABOVE,ABOVE,BLOCKED,XUYEN,1,false,false
LINKUSDT,679,2026-03-26 20:00,2,ABOVE,ABOVE,BLOCKED,XUYEN,1,false,false
LINKUSDT,682,2026-03-29 03:15,13,BOTH,ABOVE,BLOCKED,XUYEN,2,false,false
LINKUSDT,684,2026-04-03 12:30,12,BELOW,BELOW,BLOCKED,XUYEN,2,false,false
LINKUSDT,685,2026-04-05 20:30,13,BOTH,ABOVE,THROUGH,XUYEN,2,true,
LINKUSDT,686,2026-04-08 23:00,6,BOTH,BELOW,THROUGH,XUYEN,1,true,
LINKUSDT,687,2026-04-09 22:15,21,BOTH,ABOVE,THROUGH,XUYEN,2,true,
LINKUSDT,688,2026-04-12 10:45,5,BOTH,BELOW,THROUGH,XUYEN,2,true,
LINKUSDT,689,2026-04-12 22:00,7,BOTH,BELOW,BLOCKED,XUYEN,0,false,false
LINKUSDT,690,2026-04-13 22:00,8,BOTH,ABOVE,THROUGH,XUYEN,2,true,
LINKUSDT,691,2026-04-17 12:00,1,ABOVE,ABOVE,BLOCKED,CHAN,1,false,
LINKUSDT,693,2026-04-23 10:45,2,BOTH,BELOW,THROUGH,XUYEN,2,true,
LINKUSDT,694,2026-04-25 15:45,8,BOTH,BELOW,THROUGH,XUYEN,1,true,
LINKUSDT,695,2026-04-29 18:00,28,BOTH,BELOW,BLOCKED,XUYEN,3,false,false
LINKUSDT,696,2026-05-02 15:15,1,ABOVE,ABOVE,BLOCKED,CHAN,4,false,
LINKUSDT,697,2026-05-02 21:30,2,BOTH,ABOVE,THROUGH,XUYEN,3,true,
LINKUSDT,698,2026-05-03 11:30,8,BOTH,ABOVE,BLOCKED,XUYEN,1,false,false
LINKUSDT,699,2026-05-08 02:00,6,BOTH,BELOW,THROUGH,XUYEN,1,true,
LINKUSDT,700,2026-05-11 13:30,19,BOTH,BELOW,THROUGH,XUYEN,1,true,
LINKUSDT,702,2026-05-16 09:15,13,BOTH,BELOW,BLOCKED,XUYEN,3,false,false
LINKUSDT,703,2026-05-18 06:00,18,BOTH,BELOW,BLOCKED,XUYEN,2,false,false
LINKUSDT,704,2026-05-20 00:00,4,BOTH,BELOW,THROUGH,XUYEN,1,true,
LINKUSDT,705,2026-05-20 05:00,1,ABOVE,ABOVE,BLOCKED,CHAN,1,false,
LINKUSDT,706,2026-05-21 09:30,6,BOTH,BELOW,THROUGH,XUYEN,2,true,
LINKUSDT,708,2026-05-23 20:30,16,BOTH,ABOVE,BLOCKED,XUYEN,1,false,false
LINKUSDT,709,2026-05-26 17:15,13,BELOW,BELOW,BLOCKED,CHAN,2,false,true
LINKUSDT,710,2026-05-27 21:30,2,BELOW,BELOW,BLOCKED,CHAN,1,false,true
LINKUSDT,712,2026-05-31 19:00,14,BOTH,BELOW,THROUGH,XUYEN,3,true,
LINKUSDT,713,2026-06-06 22:00,2,BELOW,BELOW,THROUGH,XUYEN,1,true,
LINKUSDT,714,2026-06-07 19:00,1,BELOW,BELOW,BLOCKED,CHAN,1,false,
LINKUSDT,716,2026-06-08 21:00,3,BOTH,ABOVE,THROUGH,XUYEN,1,true,
LINKUSDT,717,2026-06-09 04:30,33,BOTH,ABOVE,THROUGH,XUYEN,1,true,
LINKUSDT,718,2026-06-12 13:30,22,BOTH,BELOW,THROUGH,XUYEN,3,true,
LINKUSDT,720,2026-06-15 22:15,6,BOTH,BELOW,THROUGH,XUYEN,2,true,
LINKUSDT,721,2026-06-16 20:30,12,BOTH,ABOVE,BLOCKED,XUYEN,3,false,false
LINKUSDT,722,2026-06-19 03:15,34,BOTH,BELOW,BLOCKED,XUYEN,1,false,false
LINKUSDT,723,2026-06-23 15:30,12,BOTH,ABOVE,BLOCKED,XUYEN,1,false,false
LINKUSDT,725,2026-06-29 12:00,13,BOTH,ABOVE,THROUGH,XUYEN,1,true,
LINKUSDT,726,2026-07-01 01:00,7,BOTH,BELOW,THROUGH,XUYEN,0,true,
LINKUSDT,728,2026-07-06 21:00,6,BOTH,ABOVE,THROUGH,XUYEN,1,true,
LINKUSDT,730,2026-07-12 06:00,5,BOTH,BELOW,THROUGH,XUYEN,2,true,
LINKUSDT,731,2026-07-12 14:45,2,ABOVE,ABOVE,BLOCKED,CHAN,2,false,true
LINKUSDT,732,2026-07-12 22:00,2,BOTH,BELOW,THROUGH,XUYEN,0,true,
LINKUSDT,734,2026-07-17 13:00,2,BELOW,BELOW,THROUGH,XUYEN,1,true,
LINKUSDT,735,2026-07-21 04:45,20,BOTH,ABOVE,BLOCKED,XUYEN,1,false,false
LINKUSDT,736,2026-07-22 19:45,8,BOTH,ABOVE,BLOCKED,XUYEN,1,false,false
LINKUSDT,737,2026-07-23 07:00,2,BOTH,BELOW,THROUGH,XUYEN,3,true,
LINKUSDT,738,2026-07-24 07:00,7,BOTH,ABOVE,THROUGH,XUYEN,3,true,
LINKUSDT,739,2026-07-26 22:00,8,BOTH,ABOVE,THROUGH,XUYEN,1,true,
LINKUSDT,740,2026-08-02 16:00,9,BOTH,BELOW,THROUGH,XUYEN,2,true,
LINKUSDT,741,2026-08-06 09:00,16,BOTH,BELOW,BLOCKED,XUYEN,0,false,false
LINKUSDT,742,2026-08-07 12:00,9,BOTH,ABOVE,BLOCKED,XUYEN,3,false,false
SUIUSDT,1,2023-05-04 23:30,2,ABOVE,ABOVE,THROUGH,XUYEN,0,true,
SUIUSDT,2,2023-05-05 09:30,12,ABOVE,ABOVE,BLOCKED,CHAN,2,false,true
SUIUSDT,4,2023-05-08 17:30,35,BOTH,BELOW,THROUGH,XUYEN,2,true,
SUIUSDT,5,2023-05-13 17:00,5,BELOW,BELOW,BLOCKED,CHAN,3,false,true
SUIUSDT,6,2023-05-13 22:45,6,BOTH,ABOVE,THROUGH,XUYEN,1,true,
SUIUSDT,8,2023-05-17 15:45,26,BOTH,ABOVE,BLOCKED,XUYEN,1,false,false
SUIUSDT,10,2023-05-24 13:45,26,BOTH,BELOW,BLOCKED,XUYEN,3,false,false
SUIUSDT,11,2023-05-27 05:00,14,BOTH,ABOVE,BLOCKED,XUYEN,1,false,false
SUIUSDT,12,2023-05-28 05:30,2,BOTH,BELOW,THROUGH,XUYEN,1,true,
SUIUSDT,13,2023-05-30 08:00,5,BOTH,BELOW,THROUGH,XUYEN,3,true,
SUIUSDT,15,2023-06-01 06:45,5,BELOW,BELOW,BLOCKED,XUYEN,0,false,false
SUIUSDT,16,2023-06-01 13:30,7,BOTH,ABOVE,THROUGH,XUYEN,2,true,
SUIUSDT,17,2023-06-03 05:45,12,BOTH,BELOW,THROUGH,XUYEN,2,true,
SUIUSDT,19,2023-06-06 12:00,6,BOTH,BELOW,THROUGH,XUYEN,0,true,
SUIUSDT,20,2023-06-08 09:30,14,BOTH,BELOW,BLOCKED,XUYEN,1,false,false
SUIUSDT,22,2023-06-10 10:45,15,BOTH,ABOVE,THROUGH,XUYEN,2,true,
SUIUSDT,23,2023-06-12 02:15,1,BELOW,BELOW,THROUGH,XUYEN,4,true,
SUIUSDT,24,2023-06-13 00:00,1,ABOVE,ABOVE,BLOCKED,CHAN,2,false,
SUIUSDT,25,2023-06-14 18:00,5,BOTH,BELOW,BLOCKED,XUYEN,2,false,false
SUIUSDT,27,2023-06-18 20:00,3,BOTH,BELOW,THROUGH,XUYEN,1,true,
SUIUSDT,28,2023-06-22 11:00,1,BELOW,BELOW,THROUGH,XUYEN,0,true,
SUIUSDT,29,2023-06-22 21:15,7,BOTH,BELOW,BLOCKED,XUYEN,1,false,false
SUIUSDT,31,2023-06-29 12:15,11,BOTH,ABOVE,THROUGH,XUYEN,1,true,
SUIUSDT,32,2023-06-30 13:30,20,BOTH,BELOW,THROUGH,XUYEN,2,true,
SUIUSDT,34,2023-07-06 02:00,5,BOTH,ABOVE,BLOCKED,XUYEN,2,false,false
SUIUSDT,36,2023-07-06 18:00,11,BOTH,ABOVE,THROUGH,XUYEN,1,true,
SUIUSDT,37,2023-07-07 12:30,18,BOTH,ABOVE,BLOCKED,CHAN,5,false,true
SUIUSDT,40,2023-07-12 19:15,6,BOTH,BELOW,BLOCKED,XUYEN,1,false,false
SUIUSDT,41,2023-07-13 15:15,3,ABOVE,ABOVE,BLOCKED,CHAN,2,false,true
SUIUSDT,42,2023-07-16 23:30,8,BOTH,BELOW,BLOCKED,XUYEN,2,false,false
SUIUSDT,43,2023-07-18 09:00,6,BOTH,ABOVE,BLOCKED,XUYEN,1,false,false
SUIUSDT,44,2023-07-18 16:00,6,BOTH,ABOVE,BLOCKED,XUYEN,2,false,false
SUIUSDT,46,2023-07-25 00:00,32,BOTH,ABOVE,BLOCKED,XUYEN,1,false,false
SUIUSDT,47,2023-07-29 06:45,12,BOTH,BELOW,BLOCKED,XUYEN,2,false,false
SUIUSDT,48,2023-07-30 19:45,13,BOTH,BELOW,THROUGH,XUYEN,1,true,
SUIUSDT,49,2023-08-02 16:45,1,BELOW,BELOW,BLOCKED,CHAN,1,false,
SUIUSDT,50,2023-08-03 14:30,17,BOTH,ABOVE,THROUGH,XUYEN,0,true,
SUIUSDT,51,2023-08-06 02:00,29,BOTH,ABOVE,BLOCKED,XUYEN,1,false,false
SUIUSDT,52,2023-08-09 12:30,2,ABOVE,ABOVE,THROUGH,XUYEN,0,true,
SUIUSDT,53,2023-08-09 21:00,9,BOTH,BELOW,THROUGH,XUYEN,2,true,
SUIUSDT,54,2023-08-13 10:30,7,BOTH,ABOVE,THROUGH,XUYEN,2,true,
SUIUSDT,57,2023-08-15 23:45,5,BOTH,BELOW,THROUGH,XUYEN,1,true,
SUIUSDT,59,2023-08-17 15:30,1,BELOW,BELOW,BLOCKED,CHAN,4,false,
SUIUSDT,60,2023-08-17 21:30,3,BOTH,BELOW,THROUGH,XUYEN,2,true,
SUIUSDT,61,2023-08-21 15:15,10,BOTH,BELOW,THROUGH,XUYEN,2,true,
SUIUSDT,62,2023-08-24 20:45,7,BOTH,BELOW,THROUGH,XUYEN,3,true,
SUIUSDT,64,2023-08-29 10:15,1,BELOW,BELOW,BLOCKED,CHAN,3,false,
SUIUSDT,65,2023-08-29 14:15,13,BOTH,ABOVE,BLOCKED,XUYEN,3,false,false
SUIUSDT,66,2023-09-03 16:30,2,BOTH,BELOW,THROUGH,XUYEN,3,true,
SUIUSDT,67,2023-09-04 04:30,21,BOTH,BELOW,THROUGH,XUYEN,3,true,
SUIUSDT,68,2023-09-06 02:30,10,BOTH,ABOVE,THROUGH,XUYEN,5,true,
SUIUSDT,69,2023-09-07 21:00,2,ABOVE,ABOVE,BLOCKED,CHAN,3,false,true
SUIUSDT,70,2023-09-08 03:15,4,BOTH,ABOVE,THROUGH,XUYEN,1,true,
SUIUSDT,71,2023-09-08 10:00,8,BELOW,BELOW,BLOCKED,CHAN,5,false,true
SUIUSDT,72,2023-09-08 22:45,13,BELOW,BELOW,BLOCKED,CHAN,3,false,true
SUIUSDT,74,2023-09-11 14:00,6,BOTH,BELOW,THROUGH,XUYEN,3,true,
SUIUSDT,75,2023-09-12 10:15,4,BOTH,ABOVE,THROUGH,XUYEN,3,true,
SUIUSDT,76,2023-09-13 07:30,1,ABOVE,ABOVE,BLOCKED,CHAN,2,false,
SUIUSDT,77,2023-09-13 12:30,4,BELOW,BELOW,BLOCKED,CHAN,0,false,true
SUIUSDT,78,2023-09-13 22:15,7,ABOVE,ABOVE,BLOCKED,CHAN,3,false,true
SUIUSDT,79,2023-09-14 22:00,4,BOTH,ABOVE,THROUGH,XUYEN,0,true,
SUIUSDT,80,2023-09-15 21:00,1,ABOVE,ABOVE,BLOCKED,CHAN,3,false,
SUIUSDT,82,2023-09-17 20:30,10,BOTH,BELOW,THROUGH,XUYEN,2,true,
SUIUSDT,83,2023-09-19 13:45,7,BOTH,BELOW,BLOCKED,XUYEN,2,false,false
SUIUSDT,84,2023-09-20 19:15,3,BOTH,BELOW,THROUGH,XUYEN,0,true,
SUIUSDT,85,2023-09-21 00:00,4,BOTH,ABOVE,THROUGH,XUYEN,2,true,
SUIUSDT,86,2023-09-21 22:45,32,BOTH,BELOW,BLOCKED,XUYEN,0,false,false
SUIUSDT,87,2023-09-24 12:00,48,BOTH,ABOVE,BLOCKED,XUYEN,3,false,false
SUIUSDT,89,2023-09-30 21:30,6,BOTH,BELOW,BLOCKED,XUYEN,1,false,false
SUIUSDT,90,2023-10-02 11:00,1,BELOW,BELOW,BLOCKED,CHAN,3,false,
SUIUSDT,92,2023-10-05 13:00,5,BOTH,ABOVE,THROUGH,XUYEN,1,true,
SUIUSDT,93,2023-10-06 11:45,2,BOTH,BELOW,THROUGH,XUYEN,2,true,
SUIUSDT,94,2023-10-06 21:30,7,BOTH,ABOVE,THROUGH,XUYEN,3,true,
SUIUSDT,95,2023-10-08 19:00,12,BOTH,ABOVE,BLOCKED,XUYEN,1,false,false
SUIUSDT,97,2023-10-09 16:00,15,BOTH,BELOW,THROUGH,XUYEN,2,true,
SUIUSDT,98,2023-10-11 02:30,7,BELOW,BELOW,BLOCKED,CHAN,3,false,true
SUIUSDT,99,2023-10-13 13:45,4,ABOVE,ABOVE,BLOCKED,CHAN,0,false,true
SUIUSDT,100,2023-10-14 04:00,19,BOTH,ABOVE,THROUGH,XUYEN,3,true,
SUIUSDT,101,2023-10-15 20:30,4,BOTH,ABOVE,THROUGH,XUYEN,3,true,
SUIUSDT,102,2023-10-16 05:15,2,ABOVE,ABOVE,BLOCKED,CHAN,1,false,true
SUIUSDT,103,2023-10-16 13:15,1,ABOVE,ABOVE,THROUGH,XUYEN,0,true,
SUIUSDT,105,2023-10-18 00:00,8,BOTH,BELOW,BLOCKED,XUYEN,0,false,false
SUIUSDT,107,2023-10-19 08:30,6,BOTH,BELOW,BLOCKED,XUYEN,1,false,false
SUIUSDT,108,2023-10-21 06:30,1,ABOVE,ABOVE,BLOCKED,CHAN,1,false,
SUIUSDT,109,2023-10-22 22:30,13,BOTH,ABOVE,THROUGH,XUYEN,1,true,
SUIUSDT,110,2023-10-24 09:00,37,BOTH,ABOVE,THROUGH,XUYEN,1,true,
SUIUSDT,111,2023-10-27 00:00,19,BOTH,ABOVE,THROUGH,XUYEN,0,true,
SUIUSDT,112,2023-10-30 06:00,2,BELOW,BELOW,THROUGH,XUYEN,3,true,
SUIUSDT,113,2023-10-30 17:00,37,BOTH,BELOW,BLOCKED,XUYEN,3,false,false
SUIUSDT,115,2023-11-10 12:00,4,BELOW,BELOW,BLOCKED,CHAN,1,false,true
SUIUSDT,116,2023-11-10 20:15,1,ABOVE,ABOVE,BLOCKED,CHAN,3,false,
SUIUSDT,117,2023-11-12 05:45,23,BOTH,ABOVE,BLOCKED,XUYEN,1,false,false
SUIUSDT,118,2023-11-18 18:30,14,BOTH,ABOVE,THROUGH,XUYEN,2,true,
SUIUSDT,119,2023-11-20 14:00,23,BOTH,BELOW,THROUGH,XUYEN,3,true,
SUIUSDT,120,2023-11-30 18:30,4,BOTH,ABOVE,BLOCKED,XUYEN,1,false,false
SUIUSDT,121,2023-12-01 00:00,1,ABOVE,ABOVE,BLOCKED,CHAN,2,false,
SUIUSDT,122,2023-12-02 00:00,9,BOTH,BELOW,THROUGH,XUYEN,0,true,
SUIUSDT,123,2023-12-02 08:45,19,BOTH,ABOVE,BLOCKED,XUYEN,3,false,false
SUIUSDT,124,2023-12-04 11:00,42,BOTH,BELOW,BLOCKED,XUYEN,3,false,false
SUIUSDT,125,2023-12-11 18:00,19,BOTH,BELOW,BLOCKED,XUYEN,4,false,false
SUIUSDT,129,2023-12-14 09:15,13,BOTH,ABOVE,BLOCKED,XUYEN,1,false,false
SUIUSDT,130,2023-12-15 19:15,13,BOTH,ABOVE,THROUGH,XUYEN,2,true,
SUIUSDT,132,2023-12-18 09:15,3,BOTH,BELOW,BLOCKED,CHAN,3,false,true
SUIUSDT,133,2023-12-23 16:15,6,ABOVE,ABOVE,BLOCKED,CHAN,1,false,true
SUIUSDT,134,2023-12-28 00:00,5,BOTH,ABOVE,BLOCKED,XUYEN,1,false,false
SUIUSDT,135,2023-12-28 11:30,7,BOTH,ABOVE,THROUGH,XUYEN,4,true,
SUIUSDT,136,2023-12-30 12:00,14,BOTH,ABOVE,THROUGH,XUYEN,1,true,
SUIUSDT,137,2024-01-05 01:45,17,BOTH,BELOW,THROUGH,XUYEN,2,true,
SUIUSDT,138,2024-01-06 23:00,21,BOTH,ABOVE,BLOCKED,XUYEN,2,false,false
SUIUSDT,139,2024-01-19 00:00,6,BOTH,BELOW,THROUGH,XUYEN,1,true,
SUIUSDT,141,2024-01-25 11:45,3,BOTH,BELOW,THROUGH,XUYEN,2,true,
SUIUSDT,142,2024-02-07 08:00,16,BOTH,BELOW,THROUGH,XUYEN,2,true,
SUIUSDT,143,2024-02-11 00:00,2,ABOVE,ABOVE,BLOCKED,CHAN,1,false,true
SUIUSDT,144,2024-02-11 07:00,25,BOTH,ABOVE,THROUGH,XUYEN,2,true,
SUIUSDT,145,2024-02-17 14:30,31,BOTH,BELOW,THROUGH,XUYEN,2,true,
SUIUSDT,146,2024-03-03 06:00,12,BOTH,BELOW,THROUGH,XUYEN,1,true,
SUIUSDT,147,2024-03-11 17:45,14,BOTH,ABOVE,BLOCKED,XUYEN,3,false,false
SUIUSDT,148,2024-03-14 18:45,4,BOTH,BELOW,BLOCKED,XUYEN,4,false,false
SUIUSDT,149,2024-03-15 13:00,6,BOTH,BELOW,THROUGH,XUYEN,2,true,
SUIUSDT,150,2024-03-28 10:00,4,BOTH,ABOVE,THROUGH,XUYEN,0,true,
SUIUSDT,151,2024-03-28 14:00,12,BOTH,ABOVE,THROUGH,XUYEN,3,true,
SUIUSDT,152,2024-04-06 15:00,5,BOTH,ABOVE,THROUGH,XUYEN,2,true,
SUIUSDT,153,2024-04-07 05:45,4,BELOW,BELOW,BLOCKED,CHAN,1,false,true
SUIUSDT,154,2024-04-07 22:00,9,BOTH,ABOVE,BLOCKED,XUYEN,2,false,false
SUIUSDT,156,2024-04-13 12:30,3,BOTH,ABOVE,THROUGH,XUYEN,2,true,
SUIUSDT,158,2024-04-15 10:00,7,BOTH,ABOVE,THROUGH,XUYEN,3,true,
SUIUSDT,159,2024-04-17 07:00,4,BOTH,BELOW,THROUGH,XUYEN,0,true,
SUIUSDT,160,2024-04-17 13:00,3,BOTH,ABOVE,THROUGH,XUYEN,2,true,
SUIUSDT,161,2024-04-22 22:00,4,BOTH,BELOW,THROUGH,XUYEN,2,true,
SUIUSDT,162,2024-04-23 22:00,14,BOTH,ABOVE,THROUGH,XUYEN,1,true,
SUIUSDT,163,2024-04-24 12:45,2,BOTH,ABOVE,THROUGH,XUYEN,2,true,
SUIUSDT,164,2024-04-30 12:00,40,BOTH,ABOVE,THROUGH,XUYEN,0,true,
SUIUSDT,165,2024-05-05 11:00,16,BOTH,BELOW,THROUGH,XUYEN,1,true,
SUIUSDT,168,2024-05-23 09:30,2,BOTH,BELOW,THROUGH,XUYEN,3,true,
SUIUSDT,169,2024-05-27 19:45,6,BOTH,BELOW,THROUGH,XUYEN,2,true,
SUIUSDT,171,2024-05-29 08:00,32,BOTH,BELOW,THROUGH,XUYEN,1,true,
SUIUSDT,172,2024-06-04 11:30,2,BELOW,BELOW,THROUGH,XUYEN,1,true,
SUIUSDT,173,2024-06-07 12:30,4,BOTH,BELOW,THROUGH,XUYEN,1,true,
SUIUSDT,174,2024-06-07 18:00,15,BOTH,BELOW,BLOCKED,XUYEN,2,false,false
SUIUSDT,175,2024-06-11 01:45,6,BOTH,BELOW,THROUGH,XUYEN,1,true,
SUIUSDT,176,2024-06-12 06:15,7,BOTH,ABOVE,THROUGH,XUYEN,2,true,
SUIUSDT,178,2024-06-12 18:00,1,BELOW,BELOW,BLOCKED,CHAN,2,false,
SUIUSDT,179,2024-06-15 06:00,23,BOTH,ABOVE,BLOCKED,XUYEN,2,false,false
SUIUSDT,180,2024-06-16 22:00,3,BOTH,ABOVE,THROUGH,XUYEN,1,true,
SUIUSDT,181,2024-06-17 16:15,4,BOTH,BELOW,THROUGH,XUYEN,2,true,
SUIUSDT,182,2024-06-18 01:15,22,BOTH,BELOW,BLOCKED,XUYEN,2,false,false
SUIUSDT,183,2024-06-24 09:30,2,BOTH,BELOW,THROUGH,XUYEN,0,true,
SUIUSDT,184,2024-06-25 03:00,12,BOTH,ABOVE,THROUGH,XUYEN,1,true,
SUIUSDT,185,2024-06-26 13:00,7,BOTH,ABOVE,THROUGH,XUYEN,0,true,
SUIUSDT,186,2024-06-28 12:30,1,BELOW,BELOW,BLOCKED,CHAN,0,false,
SUIUSDT,187,2024-07-01 01:00,22,BOTH,ABOVE,THROUGH,XUYEN,1,true,
SUIUSDT,188,2024-07-04 23:30,4,BELOW,BELOW,BLOCKED,CHAN,2,false,true
SUIUSDT,189,2024-07-07 02:45,34,BOTH,ABOVE,THROUGH,XUYEN,1,true,
SUIUSDT,190,2024-07-10 03:30,9,BOTH,ABOVE,THROUGH,XUYEN,1,true,
SUIUSDT,192,2024-07-15 15:00,5,BOTH,ABOVE,BLOCKED,XUYEN,1,false,false
SUIUSDT,193,2024-07-19 00:00,11,BOTH,ABOVE,THROUGH,XUYEN,0,true,
SUIUSDT,194,2024-07-21 17:45,13,BOTH,BELOW,THROUGH,XUYEN,0,true,
SUIUSDT,195,2024-07-24 12:00,5,BOTH,ABOVE,THROUGH,XUYEN,3,true,
SUIUSDT,197,2024-07-25 01:00,15,BOTH,BELOW,THROUGH,XUYEN,1,true,
SUIUSDT,198,2024-07-28 21:00,4,BOTH,BELOW,THROUGH,XUYEN,0,true,
SUIUSDT,199,2024-08-05 05:00,7,BOTH,BELOW,BLOCKED,XUYEN,3,false,false
SUIUSDT,200,2024-08-07 12:30,11,BOTH,ABOVE,THROUGH,XUYEN,1,true,
SUIUSDT,201,2024-08-10 11:45,21,BOTH,ABOVE,BLOCKED,XUYEN,4,false,false
SUIUSDT,202,2024-08-14 22:00,4,BOTH,ABOVE,THROUGH,XUYEN,1,true,
SUIUSDT,203,2024-08-15 12:30,1,ABOVE,ABOVE,THROUGH,XUYEN,1,true,
SUIUSDT,204,2024-08-19 09:45,5,BOTH,BELOW,BLOCKED,XUYEN,3,false,false
SUIUSDT,205,2024-08-21 13:30,31,BOTH,BELOW,THROUGH,XUYEN,1,true,
SUIUSDT,206,2024-08-29 22:00,32,BOTH,BELOW,BLOCKED,XUYEN,3,false,false
SUIUSDT,207,2024-09-02 20:45,5,BOTH,ABOVE,THROUGH,XUYEN,2,true,
SUIUSDT,208,2024-09-09 23:45,4,BOTH,BELOW,THROUGH,XUYEN,0,true,
SUIUSDT,209,2024-09-12 04:00,18,BOTH,ABOVE,BLOCKED,XUYEN,3,false,false
SUIUSDT,210,2024-09-15 16:00,14,BOTH,ABOVE,THROUGH,XUYEN,2,true,
SUIUSDT,212,2024-09-26 23:15,10,BOTH,BELOW,BLOCKED,XUYEN,3,false,false
SUIUSDT,213,2024-09-27 17:15,32,BOTH,BELOW,BLOCKED,XUYEN,4,false,false
SUIUSDT,214,2024-10-13 10:45,16,BOTH,BELOW,THROUGH,XUYEN,2,true,
SUIUSDT,215,2024-10-15 20:00,23,BOTH,BELOW,THROUGH,XUYEN,1,true,
SUIUSDT,216,2024-10-19 08:30,19,BOTH,ABOVE,THROUGH,XUYEN,1,true,
SUIUSDT,217,2024-10-20 22:00,4,ABOVE,ABOVE,BLOCKED,XUYEN,1,false,false
SUIUSDT,218,2024-10-26 11:30,20,BOTH,ABOVE,THROUGH,XUYEN,2,true,
SUIUSDT,219,2024-10-27 17:30,4,BOTH,ABOVE,THROUGH,XUYEN,1,true,
SUIUSDT,220,2024-10-28 21:00,1,BELOW,BELOW,THROUGH,XUYEN,1,true,
SUIUSDT,221,2024-10-31 12:15,5,BOTH,BELOW,BLOCKED,XUYEN,2,false,false
SUIUSDT,223,2024-11-05 19:45,2,BOTH,BELOW,THROUGH,XUYEN,1,true,
SUIUSDT,224,2024-11-08 16:30,9,BOTH,BELOW,BLOCKED,XUYEN,3,false,false
SUIUSDT,225,2024-11-12 09:00,13,BOTH,BELOW,BLOCKED,XUYEN,3,false,false
SUIUSDT,226,2024-11-17 04:00,39,BOTH,BELOW,THROUGH,XUYEN,1,true,
SUIUSDT,227,2024-11-23 16:15,8,BOTH,BELOW,BLOCKED,XUYEN,2,false,false
SUIUSDT,228,2024-11-30 16:00,20,BOTH,ABOVE,THROUGH,XUYEN,3,true,
SUIUSDT,229,2024-12-04 11:30,33,BOTH,ABOVE,THROUGH,XUYEN,2,true,
SUIUSDT,231,2024-12-14 16:00,30,BOTH,BELOW,BLOCKED,XUYEN,3,false,false
SUIUSDT,232,2024-12-22 00:00,27,BOTH,ABOVE,BLOCKED,XUYEN,4,false,false
SUIUSDT,233,2024-12-27 09:00,2,BOTH,ABOVE,THROUGH,XUYEN,1,true,
SUIUSDT,235,2024-12-28 07:45,8,BOTH,BELOW,THROUGH,XUYEN,4,true,
SUIUSDT,236,2024-12-30 21:30,17,BOTH,BELOW,THROUGH,XUYEN,1,true,
SUIUSDT,237,2025-01-09 02:00,9,BOTH,BELOW,BLOCKED,XUYEN,2,false,false
SUIUSDT,239,2025-01-10 13:30,16,BOTH,BELOW,THROUGH,XUYEN,1,true,
SUIUSDT,240,2025-01-12 06:45,2,BELOW,BELOW,BLOCKED,CHAN,2,false,true
SUIUSDT,241,2025-01-14 13:30,23,BOTH,ABOVE,BLOCKED,XUYEN,0,false,false
SUIUSDT,243,2025-01-20 17:00,9,BOTH,BELOW,THROUGH,XUYEN,2,true,
SUIUSDT,244,2025-01-24 14:30,6,BOTH,ABOVE,THROUGH,XUYEN,2,true,
SUIUSDT,245,2025-02-02 22:30,16,BOTH,BELOW,BLOCKED,XUYEN,4,false,false
SUIUSDT,246,2025-02-07 13:30,1,ABOVE,ABOVE,THROUGH,XUYEN,2,true,
SUIUSDT,247,2025-02-07 20:00,16,BOTH,BELOW,BLOCKED,XUYEN,2,false,false
SUIUSDT,248,2025-02-11 19:15,10,BELOW,BELOW,THROUGH,XUYEN,3,true,
SUIUSDT,249,2025-02-12 13:30,3,BOTH,BELOW,THROUGH,XUYEN,3,true,
SUIUSDT,251,2025-02-16 00:30,32,BOTH,BELOW,BLOCKED,XUYEN,2,false,false
SUIUSDT,252,2025-02-25 07:00,36,BOTH,BELOW,BLOCKED,XUYEN,3,false,false
SUIUSDT,253,2025-03-01 23:00,14,BOTH,BELOW,BLOCKED,XUYEN,0,false,false
SUIUSDT,255,2025-03-05 00:00,12,BOTH,BELOW,BLOCKED,XUYEN,0,false,false
SUIUSDT,256,2025-03-06 01:45,2,ABOVE,ABOVE,BLOCKED,CHAN,4,false,true
SUIUSDT,257,2025-03-06 14:00,13,BOTH,ABOVE,THROUGH,XUYEN,3,true,
SUIUSDT,258,2025-03-11 18:00,11,BOTH,ABOVE,BLOCKED,XUYEN,2,false,false
SUIUSDT,259,2025-03-16 16:00,5,BOTH,ABOVE,BLOCKED,XUYEN,0,false,false
SUIUSDT,260,2025-03-17 15:45,13,BOTH,ABOVE,BLOCKED,XUYEN,1,false,false
SUIUSDT,261,2025-03-19 10:30,1,ABOVE,ABOVE,BLOCKED,CHAN,2,false,
SUIUSDT,262,2025-03-19 17:30,12,BOTH,BELOW,THROUGH,XUYEN,1,true,
SUIUSDT,263,2025-03-22 20:00,47,BOTH,ABOVE,THROUGH,XUYEN,3,true,
SUIUSDT,264,2025-04-08 19:00,14,BOTH,ABOVE,THROUGH,XUYEN,2,true,
SUIUSDT,265,2025-04-10 00:30,1,BELOW,BELOW,BLOCKED,CHAN,1,false,
SUIUSDT,266,2025-04-11 12:15,30,BOTH,ABOVE,THROUGH,XUYEN,1,true,
SUIUSDT,267,2025-04-18 10:30,13,BOTH,BELOW,THROUGH,XUYEN,1,true,
SUIUSDT,268,2025-04-20 00:00,10,BOTH,ABOVE,THROUGH,XUYEN,0,true,
SUIUSDT,270,2025-04-25 21:45,35,BOTH,BELOW,THROUGH,XUYEN,3,true,
SUIUSDT,271,2025-04-29 04:30,26,BOTH,BELOW,THROUGH,XUYEN,3,true,
SUIUSDT,272,2025-05-01 10:15,3,BOTH,ABOVE,THROUGH,XUYEN,1,true,
SUIUSDT,273,2025-05-04 12:00,15,BOTH,ABOVE,THROUGH,XUYEN,3,true,
SUIUSDT,274,2025-05-09 23:15,5,BOTH,ABOVE,THROUGH,XUYEN,0,true,
SUIUSDT,275,2025-05-10 16:15,47,BOTH,ABOVE,BLOCKED,XUYEN,2,false,false
SUIUSDT,276,2025-05-17 20:45,16,BOTH,ABOVE,THROUGH,XUYEN,1,true,
SUIUSDT,277,2025-05-19 12:00,1,BELOW,BELOW,THROUGH,XUYEN,1,true,
SUIUSDT,279,2025-05-25 22:00,6,BOTH,ABOVE,BLOCKED,XUYEN,1,false,false
SUIUSDT,280,2025-05-29 11:15,2,ABOVE,ABOVE,THROUGH,XUYEN,1,true,
SUIUSDT,281,2025-05-30 00:45,2,BELOW,BELOW,BLOCKED,CHAN,1,false,true
SUIUSDT,282,2025-05-30 09:30,8,BOTH,BELOW,THROUGH,XUYEN,2,true,
SUIUSDT,284,2025-06-01 22:00,33,BOTH,ABOVE,THROUGH,XUYEN,2,true,
SUIUSDT,285,2025-06-05 19:15,2,BOTH,BELOW,THROUGH,XUYEN,2,true,
SUIUSDT,286,2025-06-06 22:45,12,BOTH,ABOVE,THROUGH,XUYEN,2,true,
SUIUSDT,287,2025-06-11 06:00,7,BOTH,ABOVE,THROUGH,XUYEN,1,true,
SUIUSDT,289,2025-06-13 17:45,14,BOTH,ABOVE,THROUGH,XUYEN,1,true,
SUIUSDT,290,2025-06-15 07:00,8,BOTH,BELOW,BLOCKED,XUYEN,3,false,false
SUIUSDT,292,2025-06-18 08:00,4,BELOW,BELOW,BLOCKED,XUYEN,1,false,false
SUIUSDT,293,2025-06-23 05:45,9,BOTH,ABOVE,BLOCKED,XUYEN,2,false,false
SUIUSDT,294,2025-07-06 12:30,3,ABOVE,ABOVE,THROUGH,XUYEN,1,true,
SUIUSDT,295,2025-07-07 11:15,4,BELOW,BELOW,THROUGH,XUYEN,1,true,
SUIUSDT,296,2025-07-07 18:15,13,BOTH,BELOW,THROUGH,XUYEN,3,true,
SUIUSDT,297,2025-07-09 05:30,2,ABOVE,ABOVE,BLOCKED,CHAN,2,false,true
SUIUSDT,298,2025-07-10 21:15,28,BOTH,ABOVE,BLOCKED,XUYEN,0,false,false
SUIUSDT,300,2025-07-13 21:30,1,BELOW,BELOW,THROUGH,XUYEN,2,true,
SUIUSDT,301,2025-07-15 12:30,21,BOTH,BELOW,THROUGH,XUYEN,0,true,
SUIUSDT,302,2025-07-18 04:30,7,BOTH,ABOVE,BLOCKED,XUYEN,1,false,false
SUIUSDT,303,2025-07-18 19:00,4,BOTH,BELOW,BLOCKED,XUYEN,1,false,false
SUIUSDT,304,2025-07-20 21:00,31,BOTH,BELOW,THROUGH,XUYEN,1,true,
SUIUSDT,306,2025-07-31 06:45,1,ABOVE,ABOVE,THROUGH,XUYEN,2,true,
SUIUSDT,307,2025-08-07 16:45,9,BOTH,BELOW,THROUGH,XUYEN,1,true,
SUIUSDT,308,2025-08-10 16:00,9,BOTH,ABOVE,BLOCKED,XUYEN,1,false,false
SUIUSDT,309,2025-08-11 07:15,11,BOTH,BELOW,BLOCKED,XUYEN,1,false,false
SUIUSDT,313,2025-08-19 11:45,10,BOTH,ABOVE,THROUGH,XUYEN,2,true,
SUIUSDT,315,2025-08-26 12:30,1,ABOVE,ABOVE,BLOCKED,CHAN,2,false,
SUIUSDT,316,2025-08-28 16:45,6,BOTH,BELOW,THROUGH,XUYEN,3,true,
SUIUSDT,317,2025-08-29 12:30,4,BOTH,ABOVE,THROUGH,XUYEN,0,true,
SUIUSDT,318,2025-08-30 01:45,14,BOTH,BELOW,THROUGH,XUYEN,1,true,
SUIUSDT,319,2025-09-01 20:30,6,BOTH,BELOW,THROUGH,XUYEN,3,true,
SUIUSDT,320,2025-09-05 12:30,36,BOTH,ABOVE,THROUGH,XUYEN,2,true,
SUIUSDT,321,2025-09-13 13:45,6,BOTH,BELOW,BLOCKED,XUYEN,0,false,false
SUIUSDT,323,2025-09-24 03:15,2,BELOW,BELOW,THROUGH,XUYEN,0,true,
SUIUSDT,324,2025-09-24 21:45,1,BELOW,BELOW,BLOCKED,CHAN,1,false,
SUIUSDT,325,2025-09-25 11:30,23,BOTH,BELOW,THROUGH,XUYEN,3,true,
SUIUSDT,326,2025-09-28 22:00,13,BOTH,ABOVE,BLOCKED,XUYEN,2,false,false
SUIUSDT,327,2025-10-05 14:30,16,BOTH,BELOW,THROUGH,XUYEN,1,true,
SUIUSDT,328,2025-10-09 08:00,10,BOTH,BELOW,THROUGH,XUYEN,1,true,
SUIUSDT,332,2025-10-12 08:30,1,BELOW,BELOW,THROUGH,XUYEN,1,true,
SUIUSDT,334,2025-10-13 09:00,13,BOTH,BELOW,THROUGH,XUYEN,1,true,
SUIUSDT,335,2025-10-14 19:30,5,BELOW,BELOW,BLOCKED,CHAN,3,false,true
SUIUSDT,336,2025-10-15 20:30,9,BELOW,BELOW,BLOCKED,CHAN,3,false,true
SUIUSDT,337,2025-10-16 09:30,2,BOTH,ABOVE,THROUGH,XUYEN,2,true,
SUIUSDT,338,2025-10-19 08:15,16,BOTH,BELOW,THROUGH,XUYEN,1,true,
SUIUSDT,339,2025-10-22 05:15,28,BOTH,BELOW,BLOCKED,XUYEN,3,false,false
SUIUSDT,341,2025-10-26 22:00,8,BOTH,ABOVE,BLOCKED,XUYEN,1,false,false
SUIUSDT,342,2025-10-28 05:45,8,BOTH,BELOW,THROUGH,XUYEN,1,true,
SUIUSDT,344,2025-10-29 18:30,4,BOTH,BELOW,THROUGH,XUYEN,1,true,
SUIUSDT,345,2025-10-30 04:00,2,BOTH,BELOW,THROUGH,XUYEN,1,true,
SUIUSDT,346,2025-10-31 10:15,12,BOTH,ABOVE,THROUGH,XUYEN,2,true,
SUIUSDT,347,2025-11-01 13:30,14,BOTH,BELOW,BLOCKED,XUYEN,1,false,false
SUIUSDT,349,2025-11-04 05:15,4,BELOW,BELOW,BLOCKED,CHAN,3,false,true
SUIUSDT,350,2025-11-04 20:15,10,BOTH,BELOW,THROUGH,XUYEN,3,true,
SUIUSDT,351,2025-11-09 00:00,10,BOTH,BELOW,THROUGH,XUYEN,1,true,
SUIUSDT,352,2025-11-11 06:45,1,BELOW,BELOW,BLOCKED,CHAN,4,false,
SUIUSDT,353,2025-11-14 04:30,3,BOTH,BELOW,THROUGH,XUYEN,2,true,
SUIUSDT,354,2025-11-16 15:45,18,BOTH,BELOW,BLOCKED,XUYEN,1,false,false
SUIUSDT,355,2025-11-20 12:45,2,BOTH,ABOVE,THROUGH,XUYEN,2,true,
SUIUSDT,358,2025-11-26 09:45,2,BELOW,BELOW,BLOCKED,CHAN,2,false,true
SUIUSDT,359,2025-11-26 16:45,5,ABOVE,ABOVE,BLOCKED,CHAN,2,false,true
SUIUSDT,360,2025-11-29 11:30,10,BOTH,ABOVE,BLOCKED,XUYEN,4,false,false
SUIUSDT,361,2025-12-01 11:30,1,BELOW,BELOW,BLOCKED,CHAN,2,false,
SUIUSDT,364,2025-12-03 03:00,1,ABOVE,ABOVE,BLOCKED,CHAN,2,false,
SUIUSDT,366,2025-12-03 14:00,2,BELOW,BELOW,THROUGH,XUYEN,0,true,
SUIUSDT,367,2025-12-03 22:45,17,BOTH,ABOVE,BLOCKED,XUYEN,1,false,false
SUIUSDT,368,2025-12-09 15:00,11,BOTH,ABOVE,BLOCKED,XUYEN,2,false,false
SUIUSDT,370,2025-12-13 21:30,18,BOTH,BELOW,THROUGH,XUYEN,1,true,
SUIUSDT,371,2025-12-16 20:30,6,BOTH,ABOVE,BLOCKED,XUYEN,3,false,false
SUIUSDT,372,2025-12-17 03:30,3,BOTH,BELOW,THROUGH,XUYEN,1,true,
SUIUSDT,373,2025-12-18 17:00,24,BOTH,BELOW,THROUGH,XUYEN,1,true,
SUIUSDT,374,2025-12-24 13:30,34,BOTH,BELOW,THROUGH,XUYEN,2,true,
SUIUSDT,377,2025-12-30 08:00,11,BOTH,ABOVE,BLOCKED,XUYEN,1,false,false
SUIUSDT,378,2026-01-03 20:00,3,BELOW,BELOW,THROUGH,XUYEN,2,true,
SUIUSDT,379,2026-01-04 00:00,1,ABOVE,ABOVE,BLOCKED,CHAN,1,false,
SUIUSDT,380,2026-01-04 23:00,6,BOTH,BELOW,THROUGH,XUYEN,0,true,
SUIUSDT,381,2026-01-11 23:00,21,BOTH,ABOVE,THROUGH,XUYEN,0,true,
SUIUSDT,382,2026-01-13 13:30,2,ABOVE,ABOVE,BLOCKED,CHAN,2,false,true
SUIUSDT,383,2026-01-13 22:00,21,BOTH,ABOVE,THROUGH,XUYEN,1,true,
SUIUSDT,384,2026-01-15 20:00,16,BOTH,ABOVE,BLOCKED,XUYEN,1,false,false
SUIUSDT,385,2026-01-18 01:00,12,BOTH,BELOW,BLOCKED,XUYEN,2,false,false
SUIUSDT,387,2026-01-19 12:00,12,BOTH,BELOW,THROUGH,XUYEN,2,true,
SUIUSDT,388,2026-01-20 22:30,23,BOTH,BELOW,THROUGH,XUYEN,0,true,
SUIUSDT,389,2026-01-23 14:30,18,BOTH,BELOW,THROUGH,XUYEN,4,true,
SUIUSDT,390,2026-01-24 19:45,11,BOTH,BELOW,THROUGH,XUYEN,2,true,
SUIUSDT,391,2026-01-25 14:15,1,BELOW,BELOW,BLOCKED,CHAN,3,false,
SUIUSDT,392,2026-01-25 16:00,20,BOTH,BELOW,BLOCKED,XUYEN,1,false,false
SUIUSDT,393,2026-01-28 11:30,3,BOTH,ABOVE,THROUGH,XUYEN,1,true,
SUIUSDT,395,2026-02-01 23:00,18,BOTH,BELOW,THROUGH,XUYEN,3,true,
SUIUSDT,396,2026-02-04 11:00,2,BELOW,BELOW,BLOCKED,CHAN,2,false,true
SUIUSDT,397,2026-02-07 16:00,13,BOTH,ABOVE,BLOCKED,XUYEN,3,false,false
SUIUSDT,398,2026-02-11 13:30,13,BOTH,ABOVE,THROUGH,XUYEN,2,true,
SUIUSDT,399,2026-02-19 13:00,5,BELOW,BELOW,BLOCKED,XUYEN,2,false,false
SUIUSDT,400,2026-02-21 03:00,12,BOTH,BELOW,THROUGH,XUYEN,2,true,
SUIUSDT,402,2026-02-23 01:00,6,BOTH,BELOW,BLOCKED,XUYEN,2,false,false
SUIUSDT,403,2026-02-25 21:30,1,ABOVE,ABOVE,THROUGH,XUYEN,3,true,
SUIUSDT,404,2026-02-27 22:15,5,BOTH,BELOW,THROUGH,XUYEN,2,true,
SUIUSDT,406,2026-03-01 13:45,40,BOTH,ABOVE,THROUGH,XUYEN,0,true,
SUIUSDT,407,2026-03-08 22:00,7,BOTH,BELOW,THROUGH,XUYEN,3,true,
SUIUSDT,408,2026-03-13 22:00,3,BOTH,BELOW,BLOCKED,XUYEN,2,false,false
SUIUSDT,410,2026-03-15 13:00,5,BELOW,BELOW,BLOCKED,CHAN,1,false,true
SUIUSDT,411,2026-03-15 17:45,1,ABOVE,ABOVE,BLOCKED,CHAN,0,false,
SUIUSDT,412,2026-03-17 19:45,10,BOTH,BELOW,THROUGH,XUYEN,1,true,
SUIUSDT,417,2026-03-25 05:00,7,BOTH,ABOVE,BLOCKED,XUYEN,3,false,false
SUIUSDT,418,2026-03-26 09:30,1,BELOW,BELOW,BLOCKED,CHAN,2,false,
SUIUSDT,419,2026-03-28 13:30,8,BOTH,ABOVE,BLOCKED,XUYEN,2,false,false
SUIUSDT,421,2026-03-29 22:00,3,BOTH,BELOW,THROUGH,XUYEN,2,true,
SUIUSDT,422,2026-03-30 10:00,22,BOTH,ABOVE,BLOCKED,XUYEN,3,false,false
SUIUSDT,423,2026-04-01 12:30,6,BOTH,ABOVE,THROUGH,XUYEN,2,true,
SUIUSDT,424,2026-04-04 19:00,19,BOTH,ABOVE,THROUGH,XUYEN,3,true,
SUIUSDT,425,2026-04-10 06:00,22,BOTH,ABOVE,THROUGH,XUYEN,3,true,
SUIUSDT,427,2026-04-12 10:45,6,BELOW,BELOW,THROUGH,XUYEN,2,true,
SUIUSDT,428,2026-04-12 22:00,8,BOTH,BELOW,THROUGH,XUYEN,1,true,
SUIUSDT,429,2026-04-13 22:00,9,BOTH,ABOVE,THROUGH,XUYEN,2,true,
SUIUSDT,430,2026-04-18 18:30,11,BOTH,BELOW,BLOCKED,XUYEN,2,false,false
SUIUSDT,431,2026-04-20 07:15,26,BOTH,ABOVE,THROUGH,XUYEN,2,true,
SUIUSDT,432,2026-04-23 09:00,15,BOTH,BELOW,BLOCKED,XUYEN,4,false,false
SUIUSDT,433,2026-04-24 22:30,22,BOTH,BELOW,THROUGH,XUYEN,2,true,
SUIUSDT,434,2026-04-28 05:00,10,BOTH,ABOVE,THROUGH,XUYEN,2,true,
SUIUSDT,435,2026-04-29 18:00,20,BOTH,BELOW,BLOCKED,XUYEN,3,false,false
SUIUSDT,436,2026-05-01 03:15,3,ABOVE,ABOVE,BLOCKED,CHAN,3,false,true
SUIUSDT,437,2026-05-02 21:30,4,BOTH,ABOVE,THROUGH,XUYEN,3,true,
SUIUSDT,438,2026-05-03 06:15,4,BOTH,BELOW,THROUGH,XUYEN,3,true,
SUIUSDT,440,2026-05-12 10:00,3,BELOW,BELOW,BLOCKED,CHAN,2,false,true
SUIUSDT,441,2026-05-17 23:30,39,BOTH,BELOW,BLOCKED,XUYEN,0,false,false
SUIUSDT,442,2026-05-22 11:00,4,BOTH,ABOVE,THROUGH,XUYEN,0,true,
SUIUSDT,445,2026-05-23 20:30,17,BOTH,ABOVE,BLOCKED,XUYEN,1,false,false
SUIUSDT,447,2026-05-29 11:45,17,BOTH,BELOW,THROUGH,XUYEN,1,true,
SUIUSDT,448,2026-05-31 14:00,5,BELOW,BELOW,BLOCKED,CHAN,1,false,true
SUIUSDT,449,2026-06-07 12:00,53,BOTH,BELOW,BLOCKED,XUYEN,0,false,false
SUIUSDT,450,2026-06-11 23:00,17,BOTH,BELOW,BLOCKED,XUYEN,1,false,false
SUIUSDT,452,2026-06-15 10:45,5,BOTH,ABOVE,THROUGH,XUYEN,1,true,
SUIUSDT,453,2026-06-16 08:00,15,BOTH,ABOVE,BLOCKED,XUYEN,4,false,false
SUIUSDT,455,2026-06-19 12:15,28,BOTH,BELOW,THROUGH,XUYEN,1,true,
SUIUSDT,456,2026-06-21 13:30,17,BOTH,ABOVE,BLOCKED,XUYEN,3,false,false
SUIUSDT,458,2026-06-22 18:45,8,BOTH,BELOW,THROUGH,XUYEN,1,true,
SUIUSDT,459,2026-06-24 16:45,14,BOTH,BELOW,THROUGH,XUYEN,3,true,
SUIUSDT,460,2026-06-26 02:00,2,BOTH,BELOW,THROUGH,XUYEN,2,true,
SUIUSDT,461,2026-06-26 09:45,40,BOTH,BELOW,THROUGH,XUYEN,1,true,
SUIUSDT,462,2026-07-01 01:00,2,BOTH,BELOW,THROUGH,XUYEN,1,true,
SUIUSDT,463,2026-07-02 09:30,3,ABOVE,ABOVE,BLOCKED,CHAN,1,false,true
SUIUSDT,464,2026-07-06 12:00,4,BOTH,BELOW,THROUGH,XUYEN,2,true,
SUIUSDT,465,2026-07-06 21:00,3,BOTH,ABOVE,THROUGH,XUYEN,1,true,
SUIUSDT,466,2026-07-07 10:00,8,BOTH,ABOVE,THROUGH,XUYEN,2,true,
SUIUSDT,468,2026-07-08 08:15,19,BOTH,BELOW,BLOCKED,XUYEN,1,false,false
SUIUSDT,470,2026-07-10 10:15,9,BOTH,ABOVE,BLOCKED,XUYEN,3,false,false
SUIUSDT,471,2026-07-12 22:00,5,BOTH,BELOW,THROUGH,XUYEN,2,true,
SUIUSDT,473,2026-07-13 21:30,2,BELOW,BELOW,THROUGH,XUYEN,3,true,
SUIUSDT,474,2026-07-17 08:15,9,BOTH,BELOW,THROUGH,XUYEN,3,true,
SUIUSDT,475,2026-07-19 17:00,10,BOTH,BELOW,BLOCKED,XUYEN,3,false,false
SUIUSDT,476,2026-07-20 05:00,14,BOTH,BELOW,BLOCKED,XUYEN,2,false,false
SUIUSDT,477,2026-08-01 01:45,30,BOTH,ABOVE,BLOCKED,XUYEN,2,false,false
SUIUSDT,478,2026-08-08 05:45,2,ABOVE,ABOVE,BLOCKED,CHAN,3,false,true
1000PEPEUSDT,0,2023-05-11 17:15,9,BOTH,BELOW,BLOCKED,XUYEN,3,false,false
1000PEPEUSDT,1,2023-05-16 04:00,2,BELOW,BELOW,BLOCKED,CHAN,3,false,true
1000PEPEUSDT,2,2023-05-17 00:00,5,BOTH,BELOW,THROUGH,XUYEN,1,true,
1000PEPEUSDT,3,2023-05-20 17:30,6,BOTH,ABOVE,THROUGH,XUYEN,2,true,
1000PEPEUSDT,4,2023-05-24 13:45,11,BELOW,BELOW,BLOCKED,CHAN,2,false,true
1000PEPEUSDT,7,2023-05-27 22:00,1,ABOVE,ABOVE,BLOCKED,CHAN,0,false,
1000PEPEUSDT,9,2023-05-28 12:30,8,BOTH,BELOW,BLOCKED,XUYEN,2,false,false
1000PEPEUSDT,13,2023-05-31 00:00,3,BOTH,BELOW,BLOCKED,XUYEN,2,false,false
1000PEPEUSDT,14,2023-05-31 23:15,5,BOTH,ABOVE,THROUGH,XUYEN,1,true,
1000PEPEUSDT,15,2023-06-01 21:45,24,BOTH,BELOW,THROUGH,XUYEN,1,true,
1000PEPEUSDT,16,2023-06-04 16:00,5,BELOW,BELOW,BLOCKED,CHAN,2,false,true
1000PEPEUSDT,17,2023-06-06 08:15,4,BOTH,BELOW,THROUGH,XUYEN,1,true,
1000PEPEUSDT,18,2023-06-08 12:30,15,BOTH,ABOVE,BLOCKED,XUYEN,3,false,false
1000PEPEUSDT,19,2023-06-11 22:30,12,BOTH,BELOW,THROUGH,XUYEN,1,true,
1000PEPEUSDT,20,2023-06-13 10:30,19,BOTH,ABOVE,THROUGH,XUYEN,2,true,
1000PEPEUSDT,21,2023-06-15 07:00,4,BOTH,BELOW,BLOCKED,XUYEN,2,false,false
1000PEPEUSDT,23,2023-06-19 09:15,18,BOTH,BELOW,THROUGH,XUYEN,0,true,
1000PEPEUSDT,24,2023-06-24 20:45,23,BOTH,BELOW,BLOCKED,XUYEN,4,false,false
1000PEPEUSDT,25,2023-06-26 20:30,7,BOTH,BELOW,BLOCKED,XUYEN,3,false,false
1000PEPEUSDT,28,2023-06-30 12:00,5,BOTH,ABOVE,THROUGH,XUYEN,1,true,
1000PEPEUSDT,29,2023-07-01 22:15,9,BOTH,BELOW,BLOCKED,XUYEN,1,false,false
1000PEPEUSDT,30,2023-07-04 15:30,11,BOTH,BELOW,BLOCKED,XUYEN,3,false,false
1000PEPEUSDT,31,2023-07-08 19:15,2,BELOW,BELOW,THROUGH,XUYEN,2,true,
1000PEPEUSDT,32,2023-07-09 02:00,10,BOTH,ABOVE,BLOCKED,XUYEN,2,false,false
1000PEPEUSDT,33,2023-07-09 14:00,8,BELOW,BELOW,BLOCKED,CHAN,3,false,true
1000PEPEUSDT,34,2023-07-10 00:00,15,BOTH,BELOW,THROUGH,XUYEN,1,true,
1000PEPEUSDT,35,2023-07-13 03:15,6,BOTH,BELOW,BLOCKED,XUYEN,1,false,false
1000PEPEUSDT,36,2023-07-14 15:15,2,ABOVE,ABOVE,THROUGH,XUYEN,2,true,
1000PEPEUSDT,37,2023-07-14 23:15,7,BOTH,ABOVE,BLOCKED,XUYEN,1,false,false
1000PEPEUSDT,38,2023-07-18 16:45,42,BOTH,BELOW,THROUGH,XUYEN,4,true,
1000PEPEUSDT,39,2023-07-23 16:00,2,ABOVE,ABOVE,BLOCKED,XUYEN,2,false,false
1000PEPEUSDT,44,2023-07-30 19:45,3,BELOW,BELOW,THROUGH,XUYEN,2,true,
1000PEPEUSDT,45,2023-07-31 19:45,13,BOTH,BELOW,THROUGH,XUYEN,1,true,
1000PEPEUSDT,46,2023-08-06 02:00,6,BOTH,ABOVE,THROUGH,XUYEN,1,true,
1000PEPEUSDT,47,2023-08-07 04:15,2,BOTH,ABOVE,THROUGH,XUYEN,0,true,
1000PEPEUSDT,48,2023-08-07 09:15,5,BELOW,BELOW,THROUGH,XUYEN,3,true,
1000PEPEUSDT,49,2023-08-13 09:45,6,BOTH,ABOVE,THROUGH,XUYEN,2,true,
1000PEPEUSDT,50,2023-08-14 12:30,3,BOTH,BELOW,THROUGH,XUYEN,0,true,
1000PEPEUSDT,52,2023-08-16 12:15,1,BELOW,BELOW,BLOCKED,CHAN,3,false,
1000PEPEUSDT,53,2023-08-16 20:15,4,BELOW,BELOW,BLOCKED,CHAN,1,false,true
1000PEPEUSDT,55,2023-08-20 05:45,18,BOTH,BELOW,BLOCKED,XUYEN,2,false,false
1000PEPEUSDT,56,2023-08-22 21:15,9,BOTH,BELOW,THROUGH,XUYEN,2,true,
1000PEPEUSDT,57,2023-08-25 09:15,2,ABOVE,ABOVE,BLOCKED,CHAN,3,false,true
1000PEPEUSDT,58,2023-08-25 22:15,1,BELOW,BELOW,BLOCKED,CHAN,0,false,
1000PEPEUSDT,59,2023-08-26 02:45,12,BOTH,ABOVE,BLOCKED,XUYEN,1,false,false
1000PEPEUSDT,60,2023-08-27 06:45,3,ABOVE,ABOVE,BLOCKED,XUYEN,1,false,false
1000PEPEUSDT,61,2023-08-28 05:30,22,BOTH,BELOW,BLOCKED,XUYEN,2,false,false
1000PEPEUSDT,62,2023-09-02 14:45,27,BOTH,ABOVE,THROUGH,XUYEN,2,true,
1000PEPEUSDT,63,2023-09-04 08:00,3,BOTH,ABOVE,THROUGH,XUYEN,0,true,
1000PEPEUSDT,64,2023-09-04 12:45,9,BELOW,BELOW,BLOCKED,XUYEN,2,false,false
1000PEPEUSDT,65,2023-09-05 15:00,8,BOTH,ABOVE,BLOCKED,XUYEN,3,false,false
1000PEPEUSDT,66,2023-09-06 17:00,3,BOTH,BELOW,THROUGH,XUYEN,2,true,
1000PEPEUSDT,67,2023-09-07 21:00,1,ABOVE,ABOVE,THROUGH,XUYEN,1,true,
1000PEPEUSDT,68,2023-09-08 16:30,18,BOTH,BELOW,THROUGH,XUYEN,2,true,
1000PEPEUSDT,71,2023-09-10 09:00,3,BELOW,BELOW,BLOCKED,CHAN,3,false,true
1000PEPEUSDT,72,2023-09-11 01:30,4,BOTH,BELOW,THROUGH,XUYEN,1,true,
1000PEPEUSDT,73,2023-09-12 08:45,4,BOTH,BELOW,THROUGH,XUYEN,0,true,
1000PEPEUSDT,74,2023-09-13 07:30,5,ABOVE,ABOVE,BLOCKED,CHAN,1,false,true
1000PEPEUSDT,75,2023-09-16 03:15,1,ABOVE,ABOVE,THROUGH,XUYEN,2,true,
1000PEPEUSDT,79,2023-09-17 20:30,28,BOTH,BELOW,THROUGH,XUYEN,1,true,
1000PEPEUSDT,80,2023-09-20 06:00,4,BELOW,BELOW,BLOCKED,CHAN,3,false,true
1000PEPEUSDT,81,2023-09-20 19:15,11,BOTH,BELOW,BLOCKED,XUYEN,2,false,false
1000PEPEUSDT,82,2023-09-23 22:00,23,BOTH,ABOVE,THROUGH,XUYEN,1,true,
1000PEPEUSDT,83,2023-09-25 16:45,10,ABOVE,ABOVE,BLOCKED,CHAN,2,false,true
1000PEPEUSDT,84,2023-09-26 21:15,3,BOTH,BELOW,THROUGH,XUYEN,4,true,
1000PEPEUSDT,85,2023-09-27 13:30,3,ABOVE,ABOVE,BLOCKED,CHAN,0,false,true
1000PEPEUSDT,86,2023-09-28 08:00,5,BOTH,BELOW,BLOCKED,XUYEN,2,false,false
1000PEPEUSDT,89,2023-10-02 05:30,2,BOTH,BELOW,THROUGH,XUYEN,2,true,
1000PEPEUSDT,90,2023-10-04 00:00,10,BOTH,BELOW,BLOCKED,XUYEN,1,false,false
1000PEPEUSDT,91,2023-10-06 12:30,3,BOTH,BELOW,THROUGH,XUYEN,1,true,
1000PEPEUSDT,92,2023-10-07 00:00,4,BOTH,ABOVE,THROUGH,XUYEN,2,true,
1000PEPEUSDT,93,2023-10-07 15:30,7,BOTH,BELOW,BLOCKED,XUYEN,2,false,false
1000PEPEUSDT,94,2023-10-11 02:30,4,BOTH,BELOW,THROUGH,XUYEN,1,true,
1000PEPEUSDT,96,2023-10-12 02:00,5,BOTH,ABOVE,BLOCKED,XUYEN,1,false,false
1000PEPEUSDT,97,2023-10-12 16:15,9,BOTH,BELOW,BLOCKED,XUYEN,2,false,false
1000PEPEUSDT,99,2023-10-15 00:30,1,BELOW,BELOW,THROUGH,XUYEN,0,true,
1000PEPEUSDT,100,2023-10-15 07:00,4,ABOVE,ABOVE,BLOCKED,CHAN,1,false,true
1000PEPEUSDT,101,2023-10-15 20:30,3,ABOVE,ABOVE,BLOCKED,CHAN,3,false,true
1000PEPEUSDT,102,2023-10-16 05:15,1,ABOVE,ABOVE,BLOCKED,CHAN,1,false,
1000PEPEUSDT,103,2023-10-16 13:15,5,BOTH,ABOVE,THROUGH,XUYEN,0,true,
1000PEPEUSDT,104,2023-10-17 18:45,1,BELOW,BELOW,BLOCKED,CHAN,3,false,
1000PEPEUSDT,105,2023-10-18 00:00,13,BOTH,BELOW,BLOCKED,XUYEN,1,false,false
1000PEPEUSDT,106,2023-10-18 19:00,9,BOTH,BELOW,BLOCKED,XUYEN,2,false,false
1000PEPEUSDT,108,2023-10-22 07:30,1,BELOW,BELOW,THROUGH,XUYEN,1,true,
1000PEPEUSDT,109,2023-10-27 01:45,1,BELOW,BELOW,BLOCKED,CHAN,2,false,
1000PEPEUSDT,110,2023-10-28 18:00,12,BOTH,BELOW,BLOCKED,XUYEN,1,false,false
1000PEPEUSDT,111,2023-10-30 17:00,5,BOTH,BELOW,THROUGH,XUYEN,1,true,
1000PEPEUSDT,112,2023-10-31 00:00,17,BOTH,BELOW,THROUGH,XUYEN,0,true,
1000PEPEUSDT,113,2023-11-04 03:45,4,BOTH,ABOVE,THROUGH,XUYEN,1,true,
1000PEPEUSDT,114,2023-11-06 05:15,11,BOTH,BELOW,THROUGH,XUYEN,4,true,
1000PEPEUSDT,115,2023-11-09 07:30,22,BOTH,BELOW,THROUGH,XUYEN,2,true,
1000PEPEUSDT,116,2023-11-13 20:45,11,BOTH,BELOW,THROUGH,XUYEN,2,true,
1000PEPEUSDT,117,2023-12-01 01:15,3,ABOVE,ABOVE,BLOCKED,CHAN,1,false,true
1000PEPEUSDT,118,2023-12-02 21:30,2,BOTH,ABOVE,THROUGH,XUYEN,3,true,
1000PEPEUSDT,119,2023-12-03 05:45,10,BOTH,BELOW,THROUGH,XUYEN,1,true,
1000PEPEUSDT,120,2023-12-04 11:00,13,BOTH,BELOW,BLOCKED,XUYEN,2,false,false
1000PEPEUSDT,121,2023-12-06 20:45,13,BOTH,BELOW,THROUGH,XUYEN,1,true,
1000PEPEUSDT,122,2023-12-09 08:30,14,BOTH,BELOW,THROUGH,XUYEN,1,true,
1000PEPEUSDT,124,2023-12-14 23:45,16,BOTH,ABOVE,THROUGH,XUYEN,1,true,
1000PEPEUSDT,125,2023-12-24 03:30,2,BELOW,BELOW,BLOCKED,CHAN,2,false,true
1000PEPEUSDT,126,2023-12-24 16:45,18,BOTH,ABOVE,THROUGH,XUYEN,0,true,
1000PEPEUSDT,127,2023-12-27 10:00,23,BOTH,ABOVE,BLOCKED,XUYEN,1,false,false
1000PEPEUSDT,128,2023-12-31 07:15,5,ABOVE,ABOVE,THROUGH,XUYEN,1,true,
1000PEPEUSDT,129,2023-12-31 22:45,6,BOTH,BELOW,BLOCKED,CHAN,3,false,true
1000PEPEUSDT,130,2024-01-01 20:00,9,BOTH,ABOVE,BLOCKED,XUYEN,1,false,false
1000PEPEUSDT,131,2024-01-04 07:15,20,BOTH,ABOVE,THROUGH,XUYEN,3,true,
1000PEPEUSDT,132,2024-01-09 12:45,2,BELOW,BELOW,BLOCKED,XUYEN,3,false,false
1000PEPEUSDT,133,2024-01-11 12:30,3,BOTH,ABOVE,THROUGH,XUYEN,3,true,
1000PEPEUSDT,134,2024-01-17 12:45,8,BOTH,ABOVE,BLOCKED,XUYEN,1,false,false
1000PEPEUSDT,135,2024-01-18 03:15,6,BOTH,BELOW,THROUGH,XUYEN,2,true,
1000PEPEUSDT,136,2024-01-18 12:15,3,BOTH,BELOW,THROUGH,XUYEN,2,true,
1000PEPEUSDT,138,2024-01-21 12:45,2,BOTH,BELOW,THROUGH,XUYEN,1,true,
1000PEPEUSDT,139,2024-01-27 00:00,3,ABOVE,ABOVE,BLOCKED,CHAN,2,false,true
1000PEPEUSDT,140,2024-01-27 05:45,19,BOTH,BELOW,BLOCKED,XUYEN,1,false,false
1000PEPEUSDT,141,2024-01-29 02:45,5,BOTH,BELOW,THROUGH,XUYEN,1,true,
1000PEPEUSDT,142,2024-01-31 05:15,4,BOTH,BELOW,THROUGH,XUYEN,2,true,
1000PEPEUSDT,143,2024-02-02 13:00,18,BOTH,ABOVE,THROUGH,XUYEN,0,true,
1000PEPEUSDT,144,2024-02-03 14:45,1,BELOW,BELOW,BLOCKED,CHAN,2,false,
1000PEPEUSDT,145,2024-02-04 00:00,1,BELOW,BELOW,THROUGH,XUYEN,1,true,
1000PEPEUSDT,146,2024-02-05 11:45,4,BOTH,ABOVE,THROUGH,XUYEN,4,true,
1000PEPEUSDT,148,2024-02-06 19:15,6,BOTH,ABOVE,BLOCKED,XUYEN,2,false,false
1000PEPEUSDT,149,2024-02-08 04:30,18,BOTH,BELOW,BLOCKED,XUYEN,0,false,false
1000PEPEUSDT,151,2024-02-09 22:00,19,BOTH,ABOVE,BLOCKED,XUYEN,2,false,false
1000PEPEUSDT,152,2024-02-11 23:00,8,BOTH,BELOW,THROUGH,XUYEN,2,true,
1000PEPEUSDT,154,2024-02-14 21:00,7,BOTH,ABOVE,BLOCKED,XUYEN,2,false,false
1000PEPEUSDT,155,2024-02-17 21:00,1,ABOVE,ABOVE,BLOCKED,CHAN,1,false,
1000PEPEUSDT,156,2024-02-20 03:45,7,BOTH,BELOW,BLOCKED,XUYEN,1,false,false
1000PEPEUSDT,157,2024-02-21 14:15,8,BOTH,BELOW,THROUGH,XUYEN,1,true,
1000PEPEUSDT,158,2024-02-22 11:30,2,ABOVE,ABOVE,BLOCKED,CHAN,1,false,true
1000PEPEUSDT,159,2024-03-02 11:45,3,BELOW,BELOW,BLOCKED,CHAN,2,false,true
1000PEPEUSDT,160,2024-03-03 07:15,1,BELOW,BELOW,THROUGH,XUYEN,2,true,
1000PEPEUSDT,161,2024-03-04 08:15,24,BOTH,ABOVE,BLOCKED,XUYEN,2,false,false
1000PEPEUSDT,162,2024-03-11 11:45,25,BOTH,ABOVE,THROUGH,XUYEN,4,true,
1000PEPEUSDT,163,2024-03-31 05:45,6,BOTH,ABOVE,THROUGH,XUYEN,1,true,
1000PEPEUSDT,166,2024-04-07 10:30,22,BOTH,ABOVE,THROUGH,XUYEN,1,true,
1000PEPEUSDT,167,2024-04-10 22:00,9,BOTH,ABOVE,THROUGH,XUYEN,0,true,
1000PEPEUSDT,168,2024-04-11 16:00,3,BOTH,ABOVE,THROUGH,XUYEN,2,true,
1000PEPEUSDT,170,2024-04-14 22:00,46,BOTH,ABOVE,BLOCKED,XUYEN,2,false,false
1000PEPEUSDT,171,2024-04-19 23:00,10,BOTH,BELOW,BLOCKED,CHAN,3,false,true
1000PEPEUSDT,173,2024-04-26 22:15,1,BELOW,BELOW,BLOCKED,CHAN,4,false,
1000PEPEUSDT,174,2024-04-27 17:30,7,BOTH,ABOVE,BLOCKED,XUYEN,2,false,false
1000PEPEUSDT,175,2024-04-29 12:30,19,BOTH,ABOVE,THROUGH,XUYEN,3,true,
1000PEPEUSDT,176,2024-05-05 13:15,23,BOTH,ABOVE,BLOCKED,XUYEN,2,false,false
1000PEPEUSDT,177,2024-05-07 03:15,31,BOTH,BELOW,BLOCKED,XUYEN,3,false,false
1000PEPEUSDT,178,2024-05-12 21:15,8,BOTH,BELOW,THROUGH,XUYEN,2,true,
1000PEPEUSDT,179,2024-05-23 20:00,13,BOTH,BELOW,THROUGH,XUYEN,2,true,
1000PEPEUSDT,181,2024-05-27 00:00,18,BOTH,ABOVE,BLOCKED,XUYEN,2,false,false
1000PEPEUSDT,183,2024-06-01 21:45,13,BOTH,BELOW,BLOCKED,XUYEN,1,false,false
1000PEPEUSDT,184,2024-06-07 12:30,1,BELOW,BELOW,BLOCKED,CHAN,2,false,
1000PEPEUSDT,186,2024-06-11 01:45,11,BOTH,BELOW,THROUGH,XUYEN,2,true,
1000PEPEUSDT,187,2024-06-12 07:45,2,ABOVE,ABOVE,BLOCKED,CHAN,3,false,true
1000PEPEUSDT,188,2024-06-12 12:30,7,BOTH,ABOVE,THROUGH,XUYEN,4,true,
1000PEPEUSDT,190,2024-06-16 19:00,9,BOTH,ABOVE,THROUGH,XUYEN,2,true,
1000PEPEUSDT,191,2024-06-21 07:45,14,BOTH,BELOW,THROUGH,XUYEN,1,true,
1000PEPEUSDT,192,2024-06-28 07:30,11,BOTH,BELOW,THROUGH,XUYEN,2,true,
1000PEPEUSDT,193,2024-06-28 16:45,1,BELOW,BELOW,BLOCKED,CHAN,3,false,
1000PEPEUSDT,194,2024-07-03 17:45,6,BOTH,BELOW,BLOCKED,XUYEN,3,false,false
1000PEPEUSDT,196,2024-07-07 21:00,8,BOTH,BELOW,THROUGH,XUYEN,2,true,
1000PEPEUSDT,197,2024-07-09 10:45,28,BOTH,BELOW,BLOCKED,XUYEN,2,false,false
1000PEPEUSDT,198,2024-07-13 22:15,2,BOTH,BELOW,THROUGH,XUYEN,2,true,
1000PEPEUSDT,199,2024-07-15 08:45,4,BELOW,BELOW,BLOCKED,CHAN,1,false,true
1000PEPEUSDT,201,2024-07-16 00:00,2,ABOVE,ABOVE,THROUGH,XUYEN,2,true,
1000PEPEUSDT,202,2024-07-16 22:00,42,BOTH,BELOW,THROUGH,XUYEN,0,true,
1000PEPEUSDT,203,2024-07-25 01:00,1,BELOW,BELOW,BLOCKED,CHAN,2,false,
1000PEPEUSDT,204,2024-07-25 20:00,18,BOTH,BELOW,THROUGH,XUYEN,3,true,
1000PEPEUSDT,206,2024-08-02 02:15,1,BELOW,BELOW,THROUGH,XUYEN,2,true,
1000PEPEUSDT,207,2024-08-04 04:30,1,BELOW,BELOW,BLOCKED,CHAN,1,false,
1000PEPEUSDT,208,2024-08-04 12:30,2,BOTH,ABOVE,THROUGH,XUYEN,2,true,
1000PEPEUSDT,209,2024-08-05 05:00,8,BOTH,BELOW,BLOCKED,XUYEN,3,false,false
1000PEPEUSDT,210,2024-08-08 12:30,13,BOTH,ABOVE,BLOCKED,XUYEN,1,false,false
1000PEPEUSDT,211,2024-08-14 22:00,15,BOTH,BELOW,THROUGH,XUYEN,2,true,
1000PEPEUSDT,212,2024-08-17 21:45,13,BOTH,ABOVE,BLOCKED,XUYEN,1,false,false
1000PEPEUSDT,213,2024-08-20 07:30,11,BOTH,ABOVE,THROUGH,XUYEN,1,true,
1000PEPEUSDT,214,2024-08-21 13:30,35,BOTH,BELOW,THROUGH,XUYEN,0,true,
1000PEPEUSDT,215,2024-08-29 22:00,24,BOTH,BELOW,BLOCKED,XUYEN,5,false,false
1000PEPEUSDT,216,2024-09-01 13:30,15,BOTH,BELOW,THROUGH,XUYEN,1,true,
1000PEPEUSDT,217,2024-09-02 20:45,6,ABOVE,ABOVE,BLOCKED,CHAN,5,false,true
1000PEPEUSDT,219,2024-09-06 07:15,21,BOTH,BELOW,BLOCKED,XUYEN,1,false,false
1000PEPEUSDT,220,2024-09-14 18:00,12,BOTH,BELOW,THROUGH,XUYEN,1,true,
1000PEPEUSDT,221,2024-09-15 11:00,12,BOTH,BELOW,THROUGH,XUYEN,1,true,
1000PEPEUSDT,222,2024-09-23 21:15,4,BOTH,ABOVE,THROUGH,XUYEN,1,true,
1000PEPEUSDT,224,2024-09-24 12:15,5,BOTH,ABOVE,BLOCKED,XUYEN,1,false,false
1000PEPEUSDT,225,2024-09-28 08:00,30,BOTH,BELOW,THROUGH,XUYEN,1,true,
1000PEPEUSDT,226,2024-09-30 08:00,7,BOTH,BELOW,THROUGH,XUYEN,1,true,
1000PEPEUSDT,227,2024-10-04 12:30,14,BOTH,BELOW,THROUGH,XUYEN,1,true,
1000PEPEUSDT,228,2024-10-10 05:45,12,BOTH,ABOVE,THROUGH,XUYEN,0,true,
1000PEPEUSDT,230,2024-10-15 11:00,27,BOTH,BELOW,THROUGH,XUYEN,0,true,
1000PEPEUSDT,231,2024-10-20 02:45,13,BOTH,BELOW,BLOCKED,XUYEN,3,false,false
1000PEPEUSDT,232,2024-10-22 22:00,4,BOTH,ABOVE,THROUGH,XUYEN,2,true,
1000PEPEUSDT,233,2024-10-23 18:00,16,BOTH,BELOW,THROUGH,XUYEN,3,true,
1000PEPEUSDT,237,2024-11-01 06:00,6,BOTH,BELOW,THROUGH,XUYEN,2,true,
1000PEPEUSDT,238,2024-11-02 22:00,4,BOTH,BELOW,BLOCKED,XUYEN,1,false,false
1000PEPEUSDT,239,2024-11-05 19:45,1,BELOW,BELOW,THROUGH,XUYEN,1,true,
1000PEPEUSDT,241,2024-11-16 06:00,1,BELOW,BELOW,BLOCKED,CHAN,2,false,
1000PEPEUSDT,242,2024-11-18 08:00,10,BOTH,ABOVE,THROUGH,XUYEN,1,true,
1000PEPEUSDT,243,2024-11-22 18:45,5,BOTH,BELOW,THROUGH,XUYEN,3,true,
1000PEPEUSDT,244,2024-11-23 01:30,2,BELOW,BELOW,THROUGH,XUYEN,2,true,
1000PEPEUSDT,246,2024-11-25 21:30,15,BOTH,BELOW,THROUGH,XUYEN,2,true,
1000PEPEUSDT,247,2024-12-03 06:00,22,BOTH,ABOVE,THROUGH,XUYEN,1,true,
1000PEPEUSDT,248,2024-12-06 07:00,22,BOTH,ABOVE,THROUGH,XUYEN,2,true,
1000PEPEUSDT,249,2024-12-27 09:00,7,BOTH,ABOVE,THROUGH,XUYEN,2,true,
1000PEPEUSDT,250,2024-12-30 08:00,8,BOTH,ABOVE,BLOCKED,XUYEN,1,false,false
1000PEPEUSDT,251,2024-12-31 06:00,10,BOTH,ABOVE,BLOCKED,XUYEN,1,false,false
1000PEPEUSDT,252,2025-01-09 02:00,13,BELOW,BELOW,BLOCKED,CHAN,2,false,true
1000PEPEUSDT,253,2025-01-10 13:30,30,BOTH,BELOW,BLOCKED,XUYEN,3,false,false
1000PEPEUSDT,254,2025-01-13 14:30,6,BOTH,ABOVE,BLOCKED,XUYEN,2,false,false
1000PEPEUSDT,256,2025-01-14 13:30,7,BOTH,ABOVE,BLOCKED,XUYEN,0,false,false
1000PEPEUSDT,257,2025-01-15 19:30,27,BOTH,ABOVE,BLOCKED,XUYEN,1,false,false
1000PEPEUSDT,258,2025-01-21 04:30,44,BOTH,BELOW,THROUGH,XUYEN,4,true,
1000PEPEUSDT,259,2025-02-02 22:30,7,BOTH,BELOW,BLOCKED,XUYEN,3,false,false
1000PEPEUSDT,260,2025-02-07 13:30,38,BOTH,ABOVE,THROUGH,XUYEN,1,true,
1000PEPEUSDT,261,2025-02-12 22:15,33,BOTH,ABOVE,THROUGH,XUYEN,1,true,
1000PEPEUSDT,262,2025-02-17 05:00,32,BOTH,BELOW,THROUGH,XUYEN,2,true,
1000PEPEUSDT,263,2025-02-25 07:00,37,BOTH,BELOW,THROUGH,XUYEN,3,true,
1000PEPEUSDT,264,2025-03-04 14:30,39,BOTH,ABOVE,THROUGH,XUYEN,1,true,
1000PEPEUSDT,265,2025-03-16 16:00,9,BOTH,ABOVE,THROUGH,XUYEN,4,true,
1000PEPEUSDT,266,2025-03-19 17:30,32,BOTH,BELOW,THROUGH,XUYEN,2,true,
1000PEPEUSDT,267,2025-03-22 23:00,30,BOTH,BELOW,THROUGH,XUYEN,2,true,
1000PEPEUSDT,268,2025-04-02 07:30,8,BOTH,ABOVE,BLOCKED,XUYEN,0,false,false
1000PEPEUSDT,269,2025-04-05 09:00,2,BELOW,BELOW,BLOCKED,CHAN,3,false,true
1000PEPEUSDT,270,2025-04-10 07:30,15,BOTH,BELOW,BLOCKED,XUYEN,1,false,false
1000PEPEUSDT,271,2025-04-11 17:30,10,BOTH,ABOVE,BLOCKED,XUYEN,2,false,false
1000PEPEUSDT,272,2025-04-19 21:00,6,BOTH,ABOVE,THROUGH,XUYEN,1,true,
1000PEPEUSDT,273,2025-04-26 01:15,10,BOTH,ABOVE,THROUGH,XUYEN,2,true,
1000PEPEUSDT,274,2025-04-28 00:00,18,BOTH,BELOW,THROUGH,XUYEN,1,true,
1000PEPEUSDT,275,2025-05-01 01:00,15,BOTH,ABOVE,BLOCKED,XUYEN,2,false,false
1000PEPEUSDT,276,2025-05-07 07:15,1,ABOVE,ABOVE,BLOCKED,CHAN,1,false,
1000PEPEUSDT,277,2025-05-11 17:45,47,BOTH,ABOVE,THROUGH,XUYEN,3,true,
1000PEPEUSDT,278,2025-05-17 22:00,5,BOTH,BELOW,THROUGH,XUYEN,2,true,
1000PEPEUSDT,282,2025-05-30 16:30,7,BOTH,BELOW,THROUGH,XUYEN,4,true,
1000PEPEUSDT,283,2025-06-03 13:00,5,ABOVE,ABOVE,THROUGH,XUYEN,2,true,
1000PEPEUSDT,284,2025-06-03 20:15,1,BELOW,BELOW,BLOCKED,CHAN,3,false,
1000PEPEUSDT,285,2025-06-05 19:15,17,BOTH,BELOW,THROUGH,XUYEN,2,true,
1000PEPEUSDT,286,2025-06-13 00:00,2,BELOW,BELOW,BLOCKED,CHAN,1,false,true
1000PEPEUSDT,288,2025-06-20 07:15,1,ABOVE,ABOVE,THROUGH,XUYEN,1,true,
1000PEPEUSDT,289,2025-06-23 05:45,9,BOTH,ABOVE,BLOCKED,XUYEN,2,false,false
1000PEPEUSDT,290,2025-06-23 22:00,42,BOTH,ABOVE,BLOCKED,XUYEN,1,false,false
1000PEPEUSDT,291,2025-07-03 12:30,5,BELOW,BELOW,BLOCKED,XUYEN,1,false,false
1000PEPEUSDT,292,2025-07-11 22:15,14,BOTH,BELOW,BLOCKED,XUYEN,3,false,false
1000PEPEUSDT,293,2025-07-13 21:30,39,BOTH,BELOW,THROUGH,XUYEN,0,true,
1000PEPEUSDT,294,2025-07-27 22:00,2,ABOVE,ABOVE,BLOCKED,XUYEN,0,false,false
1000PEPEUSDT,295,2025-08-01 22:00,48,BOTH,BELOW,BLOCKED,XUYEN,2,false,false
1000PEPEUSDT,296,2025-08-09 09:45,15,BOTH,BELOW,THROUGH,XUYEN,1,true,
1000PEPEUSDT,297,2025-08-10 07:30,34,BOTH,BELOW,THROUGH,XUYEN,1,true,
1000PEPEUSDT,299,2025-08-17 15:30,30,BOTH,ABOVE,THROUGH,XUYEN,2,true,
1000PEPEUSDT,301,2025-08-25 00:30,4,BOTH,BELOW,THROUGH,XUYEN,2,true,
1000PEPEUSDT,302,2025-08-26 12:30,4,ABOVE,ABOVE,BLOCKED,CHAN,2,false,true
1000PEPEUSDT,303,2025-08-27 13:30,22,BOTH,ABOVE,THROUGH,XUYEN,0,true,
1000PEPEUSDT,304,2025-08-28 16:45,8,BOTH,BELOW,BLOCKED,XUYEN,4,false,false
1000PEPEUSDT,305,2025-08-29 12:30,28,BOTH,ABOVE,THROUGH,XUYEN,0,true,
1000PEPEUSDT,306,2025-09-01 20:30,5,BOTH,BELOW,THROUGH,XUYEN,1,true,
1000PEPEUSDT,307,2025-09-03 22:00,4,BOTH,ABOVE,THROUGH,XUYEN,2,true,
1000PEPEUSDT,308,2025-09-05 07:00,2,ABOVE,ABOVE,BLOCKED,CHAN,1,false,true
1000PEPEUSDT,309,2025-09-08 08:15,2,ABOVE,ABOVE,BLOCKED,CHAN,2,false,true
1000PEPEUSDT,310,2025-09-08 13:00,2,ABOVE,ABOVE,BLOCKED,CHAN,2,false,true
1000PEPEUSDT,312,2025-09-19 23:15,5,BELOW,BELOW,BLOCKED,CHAN,2,false,true
1000PEPEUSDT,313,2025-09-20 09:30,16,BOTH,BELOW,THROUGH,XUYEN,2,true,
1000PEPEUSDT,314,2025-09-21 09:15,4,BELOW,BELOW,BLOCKED,CHAN,0,false,true
1000PEPEUSDT,315,2025-09-21 22:00,2,BELOW,BELOW,BLOCKED,CHAN,3,false,true
1000PEPEUSDT,316,2025-09-22 06:00,17,BOTH,BELOW,BLOCKED,XUYEN,2,false,false
1000PEPEUSDT,318,2025-10-05 02:30,10,BOTH,ABOVE,BLOCKED,XUYEN,1,false,false
1000PEPEUSDT,319,2025-10-10 10:45,3,ABOVE,ABOVE,BLOCKED,XUYEN,2,false,false
1000PEPEUSDT,322,2025-10-13 11:00,5,BOTH,BELOW,THROUGH,XUYEN,0,true,
1000PEPEUSDT,323,2025-10-14 19:30,15,BOTH,BELOW,BLOCKED,XUYEN,2,false,false
1000PEPEUSDT,324,2025-10-15 20:30,9,BOTH,BELOW,BLOCKED,XUYEN,4,false,false
1000PEPEUSDT,325,2025-10-16 09:30,3,BOTH,ABOVE,THROUGH,XUYEN,1,true,
1000PEPEUSDT,326,2025-10-17 06:30,3,BELOW,BELOW,BLOCKED,CHAN,2,false,true
1000PEPEUSDT,327,2025-10-18 07:00,12,BOTH,ABOVE,THROUGH,XUYEN,2,true,
1000PEPEUSDT,328,2025-10-18 22:30,7,BELOW,BELOW,BLOCKED,XUYEN,1,false,false
1000PEPEUSDT,330,2025-10-22 11:00,11,BOTH,ABOVE,BLOCKED,XUYEN,0,false,false
1000PEPEUSDT,331,2025-10-22 21:00,4,BOTH,BELOW,THROUGH,XUYEN,2,true,
1000PEPEUSDT,332,2025-10-23 06:15,1,ABOVE,ABOVE,BLOCKED,CHAN,1,false,
1000PEPEUSDT,334,2025-10-26 22:00,10,BOTH,ABOVE,THROUGH,XUYEN,1,true,
1000PEPEUSDT,335,2025-10-29 18:30,5,BOTH,BELOW,THROUGH,XUYEN,1,true,
1000PEPEUSDT,337,2025-11-04 05:15,17,BOTH,BELOW,BLOCKED,XUYEN,2,false,false
1000PEPEUSDT,338,2025-11-07 00:00,2,ABOVE,ABOVE,BLOCKED,CHAN,1,false,true
1000PEPEUSDT,339,2025-11-09 23:00,14,BOTH,BELOW,THROUGH,XUYEN,0,true,
1000PEPEUSDT,340,2025-11-14 04:30,5,BOTH,BELOW,THROUGH,XUYEN,2,true,
1000PEPEUSDT,341,2025-11-14 23:00,9,BOTH,BELOW,BLOCKED,CHAN,4,false,true
1000PEPEUSDT,342,2025-11-16 01:30,4,BOTH,BELOW,BLOCKED,XUYEN,3,false,false
1000PEPEUSDT,343,2025-11-16 15:45,26,BOTH,BELOW,BLOCKED,XUYEN,1,false,false
1000PEPEUSDT,344,2025-11-19 18:15,7,BOTH,BELOW,THROUGH,XUYEN,4,true,
1000PEPEUSDT,346,2025-11-22 04:00,10,BOTH,BELOW,BLOCKED,XUYEN,1,false,false
1000PEPEUSDT,347,2025-11-22 22:45,7,BOTH,ABOVE,THROUGH,XUYEN,3,true,
1000PEPEUSDT,348,2025-11-24 14:30,6,BOTH,BELOW,THROUGH,XUYEN,0,true,
1000PEPEUSDT,349,2025-12-03 14:00,17,BOTH,BELOW,THROUGH,XUYEN,2,true,
1000PEPEUSDT,350,2025-12-06 12:00,2,ABOVE,ABOVE,BLOCKED,CHAN,2,false,true
1000PEPEUSDT,351,2025-12-06 21:00,7,BOTH,ABOVE,THROUGH,XUYEN,1,true,
1000PEPEUSDT,352,2025-12-08 09:00,13,BOTH,ABOVE,THROUGH,XUYEN,2,true,
1000PEPEUSDT,353,2025-12-11 14:30,8,BOTH,BELOW,BLOCKED,XUYEN,2,false,false
1000PEPEUSDT,354,2025-12-14 10:00,14,BOTH,BELOW,BLOCKED,XUYEN,2,false,false
1000PEPEUSDT,355,2025-12-16 23:00,5,BOTH,BELOW,THROUGH,XUYEN,2,true,
1000PEPEUSDT,356,2025-12-18 17:00,3,BOTH,BELOW,THROUGH,XUYEN,1,true,
1000PEPEUSDT,357,2025-12-22 00:00,26,BOTH,ABOVE,THROUGH,XUYEN,0,true,
1000PEPEUSDT,358,2025-12-25 15:15,3,BOTH,ABOVE,BLOCKED,XUYEN,0,false,false
1000PEPEUSDT,359,2025-12-26 14:30,8,BOTH,BELOW,BLOCKED,XUYEN,2,false,false
1000PEPEUSDT,362,2025-12-30 03:15,5,BOTH,BELOW,THROUGH,XUYEN,1,true,
1000PEPEUSDT,363,2025-12-30 08:00,5,BOTH,ABOVE,THROUGH,XUYEN,1,true,
1000PEPEUSDT,366,2026-01-03 06:30,15,BOTH,BELOW,THROUGH,XUYEN,0,true,
1000PEPEUSDT,367,2026-01-05 09:00,26,BOTH,BELOW,BLOCKED,XUYEN,3,false,false
1000PEPEUSDT,368,2026-01-09 13:00,6,ABOVE,ABOVE,THROUGH,XUYEN,0,true,
1000PEPEUSDT,369,2026-01-11 04:00,17,BOTH,BELOW,THROUGH,XUYEN,0,true,
1000PEPEUSDT,370,2026-01-13 13:30,3,BOTH,ABOVE,THROUGH,XUYEN,2,true,
1000PEPEUSDT,373,2026-01-15 09:30,2,BOTH,ABOVE,THROUGH,XUYEN,0,true,
1000PEPEUSDT,375,2026-01-20 22:30,17,BOTH,BELOW,THROUGH,XUYEN,1,true,
1000PEPEUSDT,376,2026-01-23 14:30,66,BOTH,BELOW,THROUGH,XUYEN,0,true,
1000PEPEUSDT,378,2026-02-01 23:00,38,BOTH,BELOW,THROUGH,XUYEN,3,true,
1000PEPEUSDT,379,2026-02-04 11:00,8,BOTH,BELOW,BLOCKED,XUYEN,4,false,false
1000PEPEUSDT,380,2026-02-05 20:15,7,BOTH,BELOW,BLOCKED,XUYEN,3,false,false
1000PEPEUSDT,381,2026-02-07 12:00,2,BOTH,ABOVE,THROUGH,XUYEN,0,true,
1000PEPEUSDT,382,2026-02-07 16:00,10,BOTH,ABOVE,THROUGH,XUYEN,1,true,
1000PEPEUSDT,383,2026-02-08 23:00,10,BOTH,ABOVE,THROUGH,XUYEN,0,true,
1000PEPEUSDT,384,2026-02-09 21:30,18,BOTH,BELOW,THROUGH,XUYEN,0,true,
1000PEPEUSDT,385,2026-02-14 10:00,1,ABOVE,ABOVE,BLOCKED,CHAN,3,false,
1000PEPEUSDT,387,2026-02-23 01:00,19,BOTH,BELOW,THROUGH,XUYEN,2,true,
1000PEPEUSDT,388,2026-02-25 21:30,2,ABOVE,ABOVE,THROUGH,XUYEN,4,true,
1000PEPEUSDT,389,2026-02-28 06:15,7,BOTH,BELOW,THROUGH,XUYEN,1,true,
1000PEPEUSDT,391,2026-03-01 13:45,38,BOTH,ABOVE,THROUGH,XUYEN,0,true,
1000PEPEUSDT,392,2026-03-06 23:00,6,BOTH,ABOVE,THROUGH,XUYEN,2,true,
1000PEPEUSDT,394,2026-03-08 09:15,4,BOTH,ABOVE,THROUGH,XUYEN,2,true,
1000PEPEUSDT,395,2026-03-08 22:00,5,BOTH,BELOW,THROUGH,XUYEN,1,true,
1000PEPEUSDT,396,2026-03-09 03:00,6,ABOVE,ABOVE,BLOCKED,CHAN,3,false,true
1000PEPEUSDT,397,2026-03-13 08:30,4,ABOVE,ABOVE,BLOCKED,XUYEN,2,false,false
1000PEPEUSDT,398,2026-03-14 20:00,4,BOTH,BELOW,THROUGH,XUYEN,3,true,
1000PEPEUSDT,399,2026-03-19 12:00,16,BOTH,BELOW,THROUGH,XUYEN,1,true,
1000PEPEUSDT,401,2026-03-22 18:30,10,BOTH,BELOW,THROUGH,XUYEN,2,true,
1000PEPEUSDT,404,2026-03-25 05:00,17,BOTH,ABOVE,BLOCKED,XUYEN,2,false,false
1000PEPEUSDT,405,2026-03-26 09:30,2,BELOW,BELOW,BLOCKED,CHAN,2,false,true
1000PEPEUSDT,406,2026-03-26 20:00,3,ABOVE,ABOVE,BLOCKED,XUYEN,1,false,false
1000PEPEUSDT,407,2026-03-27 10:30,10,BOTH,BELOW,BLOCKED,XUYEN,1,false,false
1000PEPEUSDT,409,2026-03-29 03:15,23,BOTH,ABOVE,THROUGH,XUYEN,2,true,
1000PEPEUSDT,410,2026-04-04 19:00,6,BOTH,ABOVE,THROUGH,XUYEN,3,true,
1000PEPEUSDT,411,2026-04-06 19:00,2,BELOW,BELOW,BLOCKED,XUYEN,3,false,false
1000PEPEUSDT,412,2026-04-08 08:30,3,BELOW,BELOW,THROUGH,XUYEN,3,true,
1000PEPEUSDT,413,2026-04-08 21:00,23,BOTH,ABOVE,THROUGH,XUYEN,2,true,
1000PEPEUSDT,414,2026-04-15 06:45,2,BELOW,BELOW,BLOCKED,XUYEN,1,false,false
1000PEPEUSDT,415,2026-04-19 22:00,10,BOTH,BELOW,BLOCKED,XUYEN,1,false,false
1000PEPEUSDT,416,2026-04-26 21:30,9,BOTH,BELOW,BLOCKED,XUYEN,1,false,false
1000PEPEUSDT,417,2026-04-29 18:00,16,BOTH,BELOW,BLOCKED,XUYEN,3,false,false
1000PEPEUSDT,418,2026-05-01 03:15,31,BOTH,ABOVE,THROUGH,XUYEN,1,true,
1000PEPEUSDT,419,2026-05-04 10:00,14,BOTH,BELOW,BLOCKED,XUYEN,1,false,false
1000PEPEUSDT,421,2026-05-06 23:00,16,BOTH,BELOW,THROUGH,XUYEN,3,true,
1000PEPEUSDT,422,2026-05-08 02:00,9,BOTH,BELOW,THROUGH,XUYEN,2,true,
1000PEPEUSDT,423,2026-05-10 17:15,15,BOTH,ABOVE,THROUGH,XUYEN,3,true,
1000PEPEUSDT,425,2026-05-18 11:30,5,BOTH,ABOVE,THROUGH,XUYEN,0,true,
1000PEPEUSDT,426,2026-05-19 10:15,14,BOTH,BELOW,BLOCKED,XUYEN,2,false,false
1000PEPEUSDT,427,2026-05-20 22:00,9,BOTH,BELOW,THROUGH,XUYEN,2,true,
1000PEPEUSDT,428,2026-05-22 23:45,10,BOTH,BELOW,THROUGH,XUYEN,1,true,
1000PEPEUSDT,429,2026-05-24 20:00,17,BOTH,BELOW,BLOCKED,XUYEN,2,false,false
1000PEPEUSDT,432,2026-06-06 15:00,6,BOTH,BELOW,BLOCKED,XUYEN,2,false,false
1000PEPEUSDT,434,2026-06-09 04:30,11,BOTH,ABOVE,BLOCKED,XUYEN,1,false,false
1000PEPEUSDT,435,2026-06-10 08:30,23,BOTH,BELOW,BLOCKED,XUYEN,3,false,false
1000PEPEUSDT,436,2026-06-14 08:45,2,BOTH,BELOW,THROUGH,XUYEN,0,true,
1000PEPEUSDT,439,2026-06-15 22:15,23,BOTH,BELOW,THROUGH,XUYEN,1,true,
1000PEPEUSDT,440,2026-06-18 04:00,5,BELOW,BELOW,BLOCKED,CHAN,2,false,true
1000PEPEUSDT,441,2026-06-19 03:15,3,BELOW,BELOW,BLOCKED,CHAN,2,false,true
1000PEPEUSDT,442,2026-06-19 20:45,3,ABOVE,ABOVE,BLOCKED,CHAN,1,false,true
1000PEPEUSDT,443,2026-06-20 05:00,40,BOTH,ABOVE,BLOCKED,XUYEN,1,false,false
1000PEPEUSDT,444,2026-06-22 18:45,2,BELOW,BELOW,BLOCKED,CHAN,4,false,true
1000PEPEUSDT,445,2026-06-24 04:00,1,BELOW,BELOW,BLOCKED,CHAN,1,false,
1000PEPEUSDT,446,2026-06-26 02:00,6,BOTH,BELOW,THROUGH,XUYEN,0,true,
1000PEPEUSDT,447,2026-06-26 11:45,3,BOTH,BELOW,THROUGH,XUYEN,3,true,
1000PEPEUSDT,448,2026-06-27 05:45,11,BOTH,ABOVE,BLOCKED,XUYEN,3,false,false
1000PEPEUSDT,449,2026-06-28 17:30,9,BOTH,BELOW,BLOCKED,XUYEN,3,false,false
1000PEPEUSDT,450,2026-06-29 12:00,21,BOTH,ABOVE,THROUGH,XUYEN,0,true,
1000PEPEUSDT,451,2026-07-01 01:00,4,BOTH,BELOW,THROUGH,XUYEN,0,true,
1000PEPEUSDT,452,2026-07-01 11:15,2,BOTH,BELOW,THROUGH,XUYEN,3,true,
1000PEPEUSDT,454,2026-07-06 12:00,2,BELOW,BELOW,THROUGH,XUYEN,2,true,
1000PEPEUSDT,455,2026-07-06 21:00,7,BOTH,ABOVE,THROUGH,XUYEN,2,true,
1000PEPEUSDT,456,2026-07-08 08:15,14,BOTH,BELOW,BLOCKED,XUYEN,1,false,false
1000PEPEUSDT,458,2026-07-12 22:00,6,BOTH,BELOW,THROUGH,XUYEN,0,true,
1000PEPEUSDT,460,2026-07-16 07:30,7,BOTH,BELOW,BLOCKED,XUYEN,1,false,false
1000PEPEUSDT,461,2026-07-17 09:15,21,BOTH,BELOW,BLOCKED,XUYEN,2,false,false
1000PEPEUSDT,462,2026-07-19 17:00,11,BOTH,BELOW,BLOCKED,XUYEN,2,false,false
1000PEPEUSDT,463,2026-07-20 11:30,4,BOTH,ABOVE,THROUGH,XUYEN,1,true,
1000PEPEUSDT,465,2026-07-22 05:15,12,BOTH,BELOW,THROUGH,XUYEN,1,true,
1000PEPEUSDT,466,2026-07-24 07:00,8,BOTH,ABOVE,THROUGH,XUYEN,1,true,
1000PEPEUSDT,468,2026-07-27 05:00,4,BOTH,ABOVE,THROUGH,XUYEN,1,true,
1000PEPEUSDT,469,2026-07-27 13:30,3,BOTH,ABOVE,THROUGH,XUYEN,0,true,
1000PEPEUSDT,470,2026-08-02 19:15,5,BOTH,ABOVE,THROUGH,XUYEN,3,true,
1000PEPEUSDT,471,2026-08-03 02:00,4,BELOW,BELOW,BLOCKED,XUYEN,3,false,false
1000PEPEUSDT,472,2026-08-04 09:00,11,BOTH,BELOW,BLOCKED,XUYEN,2,false,false
1000PEPEUSDT,473,2026-08-06 04:00,9,BOTH,BELOW,THROUGH,XUYEN,2,true,
1000PEPEUSDT,474,2026-08-08 07:00,3,BOTH,BELOW,THROUGH,XUYEN,1,true,
AVAXUSDT,0,2020-12-11 15:15,6,BOTH,BELOW,THROUGH,XUYEN,0,true,
AVAXUSDT,1,2020-12-13 00:15,18,BOTH,BELOW,BLOCKED,XUYEN,2,false,false
AVAXUSDT,2,2020-12-15 21:15,3,BOTH,ABOVE,THROUGH,XUYEN,0,true,
AVAXUSDT,3,2020-12-17 09:15,13,BOTH,BELOW,THROUGH,XUYEN,1,true,
AVAXUSDT,4,2020-12-20 07:15,3,BOTH,ABOVE,THROUGH,XUYEN,1,true,
AVAXUSDT,5,2020-12-21 14:30,12,BOTH,ABOVE,BLOCKED,XUYEN,2,false,false
AVAXUSDT,6,2020-12-23 08:00,17,BOTH,ABOVE,THROUGH,XUYEN,2,true,
AVAXUSDT,7,2020-12-24 22:30,2,BOTH,ABOVE,THROUGH,XUYEN,3,true,
AVAXUSDT,8,2020-12-26 16:15,24,BOTH,ABOVE,BLOCKED,XUYEN,4,false,false
AVAXUSDT,9,2020-12-28 22:30,1,BELOW,BELOW,BLOCKED,CHAN,1,false,
AVAXUSDT,12,2021-01-11 11:00,5,BOTH,BELOW,THROUGH,XUYEN,1,true,
AVAXUSDT,13,2021-02-03 17:00,1,ABOVE,ABOVE,BLOCKED,CHAN,2,false,
AVAXUSDT,15,2021-02-14 22:30,32,BOTH,BELOW,THROUGH,XUYEN,2,true,
AVAXUSDT,19,2021-03-02 12:00,16,BOTH,ABOVE,THROUGH,XUYEN,3,true,
AVAXUSDT,20,2021-03-06 03:30,6,BOTH,BELOW,THROUGH,XUYEN,0,true,
AVAXUSDT,22,2021-03-12 20:00,33,BOTH,BELOW,BLOCKED,XUYEN,4,false,false
AVAXUSDT,23,2021-03-24 22:15,22,BOTH,BELOW,BLOCKED,XUYEN,2,false,false
AVAXUSDT,24,2021-03-28 15:30,9,BOTH,ABOVE,THROUGH,XUYEN,3,true,
AVAXUSDT,25,2021-03-31 03:00,1,BELOW,BELOW,THROUGH,XUYEN,2,true,
AVAXUSDT,26,2021-03-31 07:45,17,BOTH,BELOW,BLOCKED,XUYEN,2,false,false
AVAXUSDT,27,2021-04-03 02:30,11,BOTH,ABOVE,THROUGH,XUYEN,2,true,
AVAXUSDT,28,2021-04-05 03:00,20,BOTH,ABOVE,BLOCKED,XUYEN,1,false,false
AVAXUSDT,29,2021-04-25 08:45,5,BOTH,ABOVE,THROUGH,XUYEN,1,true,
AVAXUSDT,31,2021-05-03 11:15,17,BOTH,BELOW,THROUGH,XUYEN,2,true,
AVAXUSDT,32,2021-05-06 04:45,9,ABOVE,ABOVE,BLOCKED,XUYEN,2,false,false
AVAXUSDT,33,2021-05-10 19:45,15,BOTH,BELOW,BLOCKED,XUYEN,5,false,false
AVAXUSDT,35,2021-05-14 02:00,28,BOTH,BELOW,BLOCKED,XUYEN,5,false,false
AVAXUSDT,36,2021-05-17 14:00,16,BOTH,ABOVE,THROUGH,XUYEN,3,true,
AVAXUSDT,37,2021-06-05 06:45,3,BOTH,BELOW,THROUGH,XUYEN,0,true,
AVAXUSDT,40,2021-06-16 07:00,4,BELOW,BELOW,BLOCKED,CHAN,0,false,true
AVAXUSDT,41,2021-06-17 07:15,9,BOTH,ABOVE,BLOCKED,XUYEN,3,false,false
AVAXUSDT,42,2021-06-22 06:45,55,BOTH,BELOW,BLOCKED,XUYEN,3,false,false
AVAXUSDT,43,2021-06-29 10:30,30,BOTH,ABOVE,THROUGH,XUYEN,1,true,
AVAXUSDT,44,2021-07-05 21:45,8,BOTH,ABOVE,THROUGH,XUYEN,1,true,
AVAXUSDT,45,2021-07-08 21:45,28,BOTH,BELOW,THROUGH,XUYEN,1,true,
AVAXUSDT,46,2021-07-12 05:30,3,BOTH,ABOVE,BLOCKED,XUYEN,3,false,false
AVAXUSDT,47,2021-07-12 16:00,11,BOTH,BELOW,BLOCKED,XUYEN,1,false,false
AVAXUSDT,48,2021-07-14 03:15,17,BOTH,BELOW,THROUGH,XUYEN,2,true,
AVAXUSDT,49,2021-07-16 04:45,2,BELOW,BELOW,BLOCKED,CHAN,3,false,true
AVAXUSDT,50,2021-07-18 08:30,25,BOTH,BELOW,BLOCKED,XUYEN,1,false,false
AVAXUSDT,51,2021-07-28 12:30,29,BOTH,BELOW,THROUGH,XUYEN,0,true,
AVAXUSDT,52,2021-07-31 20:15,9,BOTH,ABOVE,THROUGH,XUYEN,1,true,
AVAXUSDT,53,2021-08-03 04:45,1,BELOW,BELOW,BLOCKED,CHAN,4,false,
AVAXUSDT,54,2021-08-03 19:45,12,BOTH,BELOW,THROUGH,XUYEN,2,true,
AVAXUSDT,55,2021-08-06 07:45,2,BOTH,BELOW,THROUGH,XUYEN,1,true,
AVAXUSDT,56,2021-08-13 20:00,23,BOTH,ABOVE,THROUGH,XUYEN,2,true,
AVAXUSDT,58,2021-08-22 10:15,8,BOTH,ABOVE,THROUGH,XUYEN,3,true,
AVAXUSDT,59,2021-08-24 21:00,7,BOTH,ABOVE,THROUGH,XUYEN,3,true,
AVAXUSDT,60,2021-08-26 05:15,9,BOTH,BELOW,BLOCKED,XUYEN,3,false,false
AVAXUSDT,61,2021-08-26 18:00,17,BOTH,BELOW,THROUGH,XUYEN,2,true,
AVAXUSDT,62,2021-08-31 17:30,2,BELOW,BELOW,THROUGH,XUYEN,2,true,
AVAXUSDT,63,2021-09-01 21:45,12,BOTH,BELOW,BLOCKED,XUYEN,4,false,false
AVAXUSDT,64,2021-09-03 17:45,53,BOTH,BELOW,BLOCKED,XUYEN,2,false,false
AVAXUSDT,65,2021-09-12 20:30,2,BELOW,BELOW,BLOCKED,CHAN,2,false,true
AVAXUSDT,66,2021-09-13 21:00,4,BOTH,ABOVE,THROUGH,XUYEN,3,true,
AVAXUSDT,67,2021-09-14 12:15,6,BOTH,BELOW,BLOCKED,XUYEN,2,false,false
AVAXUSDT,68,2021-10-07 14:30,17,BOTH,BELOW,THROUGH,XUYEN,2,true,
AVAXUSDT,69,2021-10-10 01:00,7,BOTH,BELOW,THROUGH,XUYEN,1,true,
AVAXUSDT,70,2021-10-15 20:15,19,BOTH,ABOVE,THROUGH,XUYEN,2,true,
AVAXUSDT,71,2021-10-18 09:45,6,BELOW,BELOW,BLOCKED,CHAN,3,false,true
AVAXUSDT,72,2021-10-18 17:15,2,ABOVE,ABOVE,BLOCKED,CHAN,2,false,true
AVAXUSDT,74,2021-10-28 18:30,39,BOTH,BELOW,THROUGH,XUYEN,2,true,
AVAXUSDT,75,2021-11-01 14:00,1,ABOVE,ABOVE,BLOCKED,CHAN,5,false,
AVAXUSDT,76,2021-11-07 16:45,3,BOTH,ABOVE,BLOCKED,XUYEN,3,false,false
AVAXUSDT,77,2021-11-09 04:00,13,BOTH,BELOW,BLOCKED,XUYEN,1,false,false
AVAXUSDT,78,2021-11-10 15:00,8,BOTH,ABOVE,BLOCKED,XUYEN,3,false,false
AVAXUSDT,79,2021-11-12 06:45,15,BOTH,BELOW,THROUGH,XUYEN,1,true,
AVAXUSDT,80,2021-11-17 10:30,7,BOTH,ABOVE,BLOCKED,XUYEN,3,false,false
AVAXUSDT,81,2021-11-19 18:45,1,ABOVE,ABOVE,BLOCKED,CHAN,2,false,
AVAXUSDT,83,2021-11-26 07:30,4,BOTH,BELOW,THROUGH,XUYEN,1,true,
AVAXUSDT,84,2021-11-29 09:30,16,BOTH,BELOW,BLOCKED,XUYEN,1,false,false
AVAXUSDT,85,2021-12-14 00:00,12,BOTH,ABOVE,THROUGH,XUYEN,4,true,
AVAXUSDT,86,2021-12-29 09:15,29,BOTH,BELOW,BLOCKED,XUYEN,2,false,false
AVAXUSDT,88,2022-01-07 13:30,1,BELOW,BELOW,BLOCKED,CHAN,0,false,
AVAXUSDT,89,2022-01-08 15:00,35,BOTH,BELOW,BLOCKED,XUYEN,3,false,false
AVAXUSDT,91,2022-01-20 13:30,1,ABOVE,ABOVE,THROUGH,XUYEN,1,true,
AVAXUSDT,92,2022-01-23 23:00,17,BOTH,ABOVE,BLOCKED,XUYEN,2,false,false
AVAXUSDT,94,2022-02-03 01:45,15,BOTH,ABOVE,THROUGH,XUYEN,0,true,
AVAXUSDT,95,2022-02-04 23:45,4,BOTH,ABOVE,THROUGH,XUYEN,2,true,
AVAXUSDT,96,2022-02-06 14:30,2,BOTH,BELOW,THROUGH,XUYEN,1,true,
AVAXUSDT,97,2022-02-08 04:00,3,BOTH,ABOVE,THROUGH,XUYEN,1,true,
AVAXUSDT,98,2022-02-10 13:30,24,BOTH,BELOW,THROUGH,XUYEN,1,true,
AVAXUSDT,99,2022-02-16 07:30,17,BOTH,ABOVE,THROUGH,XUYEN,2,true,
AVAXUSDT,100,2022-02-22 03:00,7,BOTH,BELOW,BLOCKED,XUYEN,3,false,false
AVAXUSDT,101,2022-03-02 03:30,7,BOTH,ABOVE,THROUGH,XUYEN,3,true,
AVAXUSDT,102,2022-03-10 13:30,19,BOTH,BELOW,THROUGH,XUYEN,2,true,
AVAXUSDT,103,2022-03-13 12:15,1,BELOW,BELOW,BLOCKED,CHAN,2,false,
AVAXUSDT,104,2022-03-14 04:00,14,BOTH,ABOVE,THROUGH,XUYEN,1,true,
AVAXUSDT,105,2022-03-17 09:30,2,ABOVE,ABOVE,BLOCKED,CHAN,2,false,true
AVAXUSDT,106,2022-03-21 16:30,14,BOTH,BELOW,BLOCKED,XUYEN,3,false,false
AVAXUSDT,108,2022-04-02 18:00,1,BELOW,BELOW,BLOCKED,CHAN,1,false,
AVAXUSDT,109,2022-04-03 12:15,8,BOTH,BELOW,BLOCKED,XUYEN,2,false,false
AVAXUSDT,110,2022-04-04 17:30,1,BELOW,BELOW,THROUGH,XUYEN,3,true,
AVAXUSDT,111,2022-04-05 06:45,3,BOTH,BELOW,THROUGH,XUYEN,1,true,
AVAXUSDT,112,2022-04-06 06:15,4,BOTH,BELOW,THROUGH,XUYEN,0,true,
AVAXUSDT,113,2022-04-09 14:15,6,BELOW,BELOW,BLOCKED,CHAN,3,false,true
AVAXUSDT,114,2022-04-09 23:30,16,BOTH,ABOVE,BLOCKED,XUYEN,4,false,false
AVAXUSDT,115,2022-04-15 13:45,27,BOTH,BELOW,BLOCKED,XUYEN,2,false,false
AVAXUSDT,116,2022-04-18 04:00,17,BOTH,BELOW,THROUGH,XUYEN,1,true,
AVAXUSDT,117,2022-04-23 23:30,2,BELOW,BELOW,BLOCKED,CHAN,1,false,true
AVAXUSDT,118,2022-04-25 13:30,29,BOTH,ABOVE,THROUGH,XUYEN,2,true,
AVAXUSDT,119,2022-04-29 07:30,1,ABOVE,ABOVE,THROUGH,XUYEN,2,true,
AVAXUSDT,121,2022-04-30 21:45,36,BOTH,BELOW,THROUGH,XUYEN,1,true,
AVAXUSDT,122,2022-05-06 04:45,5,BOTH,ABOVE,BLOCKED,XUYEN,2,false,false
AVAXUSDT,123,2022-05-06 13:30,22,BOTH,BELOW,THROUGH,XUYEN,1,true,
AVAXUSDT,124,2022-05-08 17:00,2,BOTH,BELOW,THROUGH,XUYEN,4,true,
AVAXUSDT,125,2022-05-08 22:00,1,BELOW,BELOW,THROUGH,XUYEN,0,true,
AVAXUSDT,126,2022-05-22 22:00,5,ABOVE,ABOVE,BLOCKED,XUYEN,3,false,false
AVAXUSDT,127,2022-05-28 09:30,3,BELOW,BELOW,BLOCKED,XUYEN,3,false,false
AVAXUSDT,128,2022-05-31 13:30,8,BELOW,BELOW,BLOCKED,CHAN,2,false,true
AVAXUSDT,129,2022-06-02 22:00,68,BOTH,ABOVE,BLOCKED,XUYEN,2,false,false
AVAXUSDT,132,2022-06-12 22:00,5,BOTH,BELOW,THROUGH,XUYEN,3,true,
AVAXUSDT,133,2022-06-18 06:45,11,BOTH,BELOW,THROUGH,XUYEN,1,true,
AVAXUSDT,134,2022-06-21 23:15,7,BOTH,BELOW,THROUGH,XUYEN,1,true,
AVAXUSDT,136,2022-06-26 15:00,5,BOTH,BELOW,THROUGH,XUYEN,1,true,
AVAXUSDT,138,2022-06-27 18:00,11,BOTH,ABOVE,THROUGH,XUYEN,2,true,
AVAXUSDT,139,2022-07-03 04:45,6,BOTH,BELOW,THROUGH,XUYEN,2,true,
AVAXUSDT,140,2022-07-04 21:30,4,BOTH,ABOVE,THROUGH,XUYEN,1,true,
AVAXUSDT,141,2022-07-06 22:00,4,ABOVE,ABOVE,BLOCKED,CHAN,2,false,true
AVAXUSDT,142,2022-07-08 05:45,2,BELOW,BELOW,BLOCKED,CHAN,2,false,true
AVAXUSDT,143,2022-07-11 13:30,4,BELOW,BELOW,BLOCKED,CHAN,3,false,true
AVAXUSDT,145,2022-07-12 23:45,7,BOTH,BELOW,BLOCKED,XUYEN,0,false,false
AVAXUSDT,146,2022-07-16 22:45,19,BOTH,ABOVE,THROUGH,XUYEN,3,true,
AVAXUSDT,147,2022-07-22 19:30,5,BELOW,BELOW,THROUGH,XUYEN,1,true,
AVAXUSDT,148,2022-07-25 19:00,2,BOTH,BELOW,THROUGH,XUYEN,1,true,
AVAXUSDT,149,2022-07-26 11:45,5,BOTH,ABOVE,THROUGH,XUYEN,1,true,
AVAXUSDT,151,2022-07-31 18:00,3,BOTH,ABOVE,THROUGH,XUYEN,0,true,
AVAXUSDT,152,2022-08-04 06:15,5,BOTH,BELOW,THROUGH,XUYEN,1,true,
AVAXUSDT,153,2022-08-07 20:45,4,BOTH,ABOVE,THROUGH,XUYEN,1,true,
AVAXUSDT,154,2022-08-08 12:45,1,ABOVE,ABOVE,THROUGH,XUYEN,2,true,
AVAXUSDT,155,2022-08-10 00:00,25,BOTH,ABOVE,THROUGH,XUYEN,0,true,
AVAXUSDT,156,2022-08-17 18:00,5,BOTH,ABOVE,THROUGH,XUYEN,3,true,
AVAXUSDT,157,2022-08-19 06:30,3,BELOW,BELOW,BLOCKED,CHAN,2,false,true
AVAXUSDT,158,2022-08-19 21:45,26,BOTH,BELOW,BLOCKED,XUYEN,0,false,false
AVAXUSDT,159,2022-08-21 20:45,14,BOTH,ABOVE,THROUGH,XUYEN,0,true,
AVAXUSDT,160,2022-08-24 21:45,5,BOTH,BELOW,THROUGH,XUYEN,1,true,
AVAXUSDT,161,2022-08-26 00:00,4,BELOW,BELOW,BLOCKED,CHAN,1,false,true
AVAXUSDT,162,2022-08-26 11:00,2,BOTH,BELOW,THROUGH,XUYEN,0,true,
AVAXUSDT,164,2022-08-28 06:45,10,BOTH,ABOVE,BLOCKED,XUYEN,3,false,false
AVAXUSDT,165,2022-08-28 21:45,3,BOTH,BELOW,THROUGH,XUYEN,2,true,
AVAXUSDT,166,2022-08-30 19:00,28,BOTH,ABOVE,BLOCKED,XUYEN,1,false,false
AVAXUSDT,167,2022-09-03 07:45,35,BOTH,BELOW,BLOCKED,XUYEN,2,false,false
AVAXUSDT,170,2022-09-07 20:15,12,BOTH,ABOVE,THROUGH,XUYEN,1,true,
AVAXUSDT,171,2022-09-10 21:45,4,ABOVE,ABOVE,BLOCKED,CHAN,1,false,true
AVAXUSDT,172,2022-09-11 06:30,12,BOTH,BELOW,BLOCKED,XUYEN,4,false,false
AVAXUSDT,173,2022-09-15 21:45,12,BOTH,BELOW,BLOCKED,XUYEN,1,false,false
AVAXUSDT,174,2022-09-18 01:15,6,BOTH,ABOVE,BLOCKED,XUYEN,2,false,false
AVAXUSDT,176,2022-09-19 02:15,19,BOTH,BELOW,BLOCKED,XUYEN,2,false,false
AVAXUSDT,177,2022-09-20 13:15,17,BOTH,BELOW,THROUGH,XUYEN,2,true,
AVAXUSDT,178,2022-09-21 17:30,9,BOTH,ABOVE,BLOCKED,XUYEN,1,false,false
AVAXUSDT,179,2022-09-27 21:45,1,ABOVE,ABOVE,THROUGH,XUYEN,1,true,
AVAXUSDT,180,2022-09-28 10:00,1,ABOVE,ABOVE,BLOCKED,CHAN,1,false,
AVAXUSDT,181,2022-09-30 22:00,12,BOTH,BELOW,BLOCKED,XUYEN,3,false,false
AVAXUSDT,182,2022-10-02 19:00,20,BOTH,ABOVE,THROUGH,XUYEN,2,true,
AVAXUSDT,183,2022-10-09 06:00,1,ABOVE,ABOVE,BLOCKED,CHAN,2,false,
AVAXUSDT,184,2022-10-09 23:00,4,BOTH,BELOW,THROUGH,XUYEN,1,true,
AVAXUSDT,186,2022-10-16 19:30,1,ABOVE,ABOVE,BLOCKED,CHAN,1,false,
AVAXUSDT,187,2022-10-18 05:45,3,ABOVE,ABOVE,BLOCKED,XUYEN,2,false,false
AVAXUSDT,188,2022-10-18 18:30,3,BELOW,BELOW,BLOCKED,CHAN,2,false,true
AVAXUSDT,189,2022-10-19 04:30,12,BELOW,BELOW,BLOCKED,CHAN,3,false,true
AVAXUSDT,190,2022-10-19 22:30,6,BOTH,BELOW,THROUGH,XUYEN,2,true,
AVAXUSDT,191,2022-10-23 11:00,4,BELOW,BELOW,BLOCKED,XUYEN,0,false,false
AVAXUSDT,192,2022-10-23 22:00,9,BOTH,ABOVE,BLOCKED,XUYEN,2,false,false
AVAXUSDT,193,2022-10-25 00:00,11,BOTH,ABOVE,THROUGH,XUYEN,0,true,
AVAXUSDT,194,2022-10-26 08:30,9,BOTH,ABOVE,THROUGH,XUYEN,3,true,
AVAXUSDT,195,2022-10-26 20:00,27,BOTH,BELOW,THROUGH,XUYEN,4,true,
AVAXUSDT,196,2022-10-28 11:30,2,BOTH,ABOVE,THROUGH,XUYEN,2,true,
AVAXUSDT,198,2022-11-03 21:45,3,BELOW,BELOW,BLOCKED,XUYEN,2,false,false
AVAXUSDT,199,2022-11-04 21:45,3,ABOVE,ABOVE,BLOCKED,CHAN,2,false,true
AVAXUSDT,201,2022-11-05 15:15,12,BOTH,ABOVE,BLOCKED,XUYEN,1,false,false
AVAXUSDT,202,2022-11-06 15:15,2,BELOW,BELOW,BLOCKED,CHAN,4,false,true
AVAXUSDT,203,2022-11-08 02:45,1,BELOW,BELOW,BLOCKED,CHAN,1,false,
AVAXUSDT,204,2022-11-13 20:00,18,BOTH,ABOVE,THROUGH,XUYEN,3,true,
AVAXUSDT,205,2022-11-15 22:45,3,BOTH,ABOVE,THROUGH,XUYEN,0,true,
AVAXUSDT,206,2022-11-16 04:45,3,BOTH,ABOVE,THROUGH,XUYEN,3,true,
AVAXUSDT,207,2022-11-16 22:45,15,BOTH,ABOVE,BLOCKED,XUYEN,2,false,false
AVAXUSDT,208,2022-11-18 14:30,1,BELOW,BELOW,BLOCKED,CHAN,2,false,
AVAXUSDT,209,2022-11-22 04:00,2,BELOW,BELOW,BLOCKED,XUYEN,2,false,false
AVAXUSDT,210,2022-11-29 13:00,3,BOTH,BELOW,BLOCKED,XUYEN,1,false,false
AVAXUSDT,211,2022-11-30 10:00,18,BOTH,ABOVE,THROUGH,XUYEN,3,true,
AVAXUSDT,212,2022-12-05 19:15,1,BELOW,BELOW,BLOCKED,CHAN,1,false,
AVAXUSDT,213,2022-12-09 18:00,5,BOTH,BELOW,BLOCKED,XUYEN,2,false,false
AVAXUSDT,214,2022-12-10 17:30,17,BOTH,ABOVE,BLOCKED,XUYEN,4,false,false
AVAXUSDT,216,2022-12-12 18:45,4,BOTH,ABOVE,THROUGH,XUYEN,1,true,
AVAXUSDT,217,2022-12-14 11:00,4,ABOVE,ABOVE,THROUGH,XUYEN,2,true,
AVAXUSDT,218,2022-12-15 01:30,2,BELOW,BELOW,BLOCKED,CHAN,2,false,true
AVAXUSDT,221,2022-12-18 06:15,14,BOTH,BELOW,BLOCKED,XUYEN,3,false,false
AVAXUSDT,222,2022-12-19 08:00,4,BOTH,ABOVE,THROUGH,XUYEN,1,true,
AVAXUSDT,223,2022-12-20 11:00,12,BOTH,ABOVE,THROUGH,XUYEN,2,true,
AVAXUSDT,224,2022-12-22 14:30,2,BELOW,BELOW,BLOCKED,CHAN,2,false,true
AVAXUSDT,226,2022-12-23 13:30,9,BELOW,BELOW,BLOCKED,CHAN,2,false,true
AVAXUSDT,227,2022-12-25 01:45,1,ABOVE,ABOVE,THROUGH,XUYEN,0,true,
AVAXUSDT,228,2022-12-25 14:30,8,BOTH,BELOW,THROUGH,XUYEN,1,true,
AVAXUSDT,229,2022-12-26 10:30,14,BOTH,ABOVE,THROUGH,XUYEN,3,true,
AVAXUSDT,230,2022-12-27 14:30,3,BOTH,BELOW,THROUGH,XUYEN,0,true,
AVAXUSDT,231,2022-12-31 07:30,7,BOTH,ABOVE,BLOCKED,XUYEN,2,false,false
AVAXUSDT,232,2023-01-01 23:00,3,BELOW,BELOW,BLOCKED,XUYEN,2,false,false
AVAXUSDT,233,2023-01-04 11:00,32,BOTH,BELOW,THROUGH,XUYEN,1,true,
AVAXUSDT,235,2023-01-14 14:30,14,BOTH,BELOW,BLOCKED,XUYEN,3,false,false
AVAXUSDT,236,2023-01-16 08:00,23,BOTH,BELOW,BLOCKED,XUYEN,1,false,false
AVAXUSDT,238,2023-01-19 08:30,17,BOTH,ABOVE,THROUGH,XUYEN,0,true,
AVAXUSDT,239,2023-01-20 22:00,16,BOTH,ABOVE,BLOCKED,XUYEN,4,false,false
AVAXUSDT,240,2023-01-22 08:00,6,ABOVE,ABOVE,BLOCKED,CHAN,2,false,true
AVAXUSDT,242,2023-01-24 13:30,3,BELOW,BELOW,BLOCKED,CHAN,2,false,true
AVAXUSDT,244,2023-01-25 12:00,6,ABOVE,ABOVE,BLOCKED,XUYEN,1,false,false
AVAXUSDT,246,2023-01-30 14:00,10,BOTH,ABOVE,BLOCKED,XUYEN,1,false,false
AVAXUSDT,247,2023-02-02 13:00,7,BOTH,ABOVE,BLOCKED,XUYEN,3,false,false
AVAXUSDT,249,2023-02-06 05:15,12,BOTH,BELOW,THROUGH,XUYEN,2,true,
AVAXUSDT,250,2023-02-06 23:00,10,BOTH,BELOW,BLOCKED,XUYEN,3,false,false
AVAXUSDT,251,2023-02-07 23:30,6,BOTH,ABOVE,BLOCKED,XUYEN,3,false,false
AVAXUSDT,252,2023-02-08 11:15,3,ABOVE,ABOVE,THROUGH,XUYEN,0,true,
AVAXUSDT,253,2023-02-10 11:00,17,BOTH,BELOW,BLOCKED,XUYEN,1,false,false
AVAXUSDT,255,2023-02-18 02:15,42,BOTH,BELOW,BLOCKED,XUYEN,1,false,false
AVAXUSDT,256,2023-02-25 07:00,13,BOTH,ABOVE,THROUGH,XUYEN,0,true,
AVAXUSDT,257,2023-02-28 05:30,1,BELOW,BELOW,BLOCKED,CHAN,3,false,
AVAXUSDT,258,2023-02-28 13:30,5,BOTH,BELOW,BLOCKED,XUYEN,1,false,false
AVAXUSDT,259,2023-02-28 19:15,4,BOTH,BELOW,THROUGH,XUYEN,1,true,
AVAXUSDT,260,2023-03-01 19:45,9,BOTH,BELOW,THROUGH,XUYEN,4,true,
AVAXUSDT,262,2023-03-05 23:00,2,BOTH,BELOW,THROUGH,XUYEN,1,true,
AVAXUSDT,263,2023-03-06 23:30,7,BOTH,ABOVE,THROUGH,XUYEN,3,true,
AVAXUSDT,264,2023-03-07 15:00,4,BOTH,BELOW,BLOCKED,XUYEN,2,false,false
AVAXUSDT,266,2023-03-13 21:30,25,BOTH,ABOVE,THROUGH,XUYEN,3,true,
AVAXUSDT,267,2023-03-21 07:00,2,BELOW,BELOW,THROUGH,XUYEN,0,true,
AVAXUSDT,268,2023-03-22 14:00,7,BOTH,ABOVE,BLOCKED,XUYEN,2,false,false
AVAXUSDT,269,2023-03-23 14:45,6,BOTH,ABOVE,THROUGH,XUYEN,1,true,
AVAXUSDT,270,2023-03-26 08:30,8,ABOVE,ABOVE,BLOCKED,XUYEN,1,false,false
AVAXUSDT,271,2023-03-27 05:45,2,BELOW,BELOW,BLOCKED,CHAN,2,false,true
AVAXUSDT,272,2023-03-27 22:00,14,BOTH,ABOVE,BLOCKED,XUYEN,2,false,false
AVAXUSDT,273,2023-03-29 18:30,29,BOTH,ABOVE,BLOCKED,XUYEN,3,false,false
AVAXUSDT,275,2023-04-02 19:30,5,BELOW,BELOW,BLOCKED,CHAN,3,false,true
AVAXUSDT,276,2023-04-03 01:30,17,BOTH,BELOW,THROUGH,XUYEN,1,true,
AVAXUSDT,277,2023-04-04 11:00,1,ABOVE,ABOVE,BLOCKED,CHAN,2,false,
AVAXUSDT,278,2023-04-05 12:00,6,BOTH,BELOW,BLOCKED,XUYEN,1,false,false
AVAXUSDT,279,2023-04-09 06:00,1,BELOW,BELOW,BLOCKED,CHAN,1,false,
AVAXUSDT,281,2023-04-10 12:00,3,BOTH,ABOVE,THROUGH,XUYEN,0,true,
AVAXUSDT,282,2023-04-10 22:00,4,BOTH,ABOVE,BLOCKED,XUYEN,2,false,false
AVAXUSDT,283,2023-04-12 12:30,5,BOTH,ABOVE,BLOCKED,XUYEN,0,false,false
AVAXUSDT,284,2023-04-13 07:30,2,ABOVE,ABOVE,BLOCKED,CHAN,3,false,true
AVAXUSDT,285,2023-04-16 10:45,5,BOTH,BELOW,THROUGH,XUYEN,2,true,
AVAXUSDT,287,2023-04-19 21:15,4,BELOW,BELOW,BLOCKED,CHAN,4,false,true
AVAXUSDT,288,2023-04-29 17:30,6,BOTH,BELOW,THROUGH,XUYEN,1,true,
AVAXUSDT,289,2023-05-01 01:30,1,BELOW,BELOW,BLOCKED,CHAN,2,false,
AVAXUSDT,290,2023-05-01 14:00,9,BELOW,BELOW,BLOCKED,CHAN,2,false,true
AVAXUSDT,291,2023-05-03 00:00,4,BOTH,BELOW,THROUGH,XUYEN,1,true,
AVAXUSDT,292,2023-05-04 15:00,6,ABOVE,ABOVE,BLOCKED,CHAN,2,false,true
AVAXUSDT,293,2023-05-05 01:30,1,ABOVE,ABOVE,BLOCKED,CHAN,2,false,
AVAXUSDT,294,2023-05-05 12:30,7,BOTH,BELOW,THROUGH,XUYEN,2,true,
AVAXUSDT,296,2023-05-09 01:00,14,BOTH,ABOVE,BLOCKED,XUYEN,1,false,false
AVAXUSDT,297,2023-05-10 09:00,1,BELOW,BELOW,THROUGH,XUYEN,3,true,
AVAXUSDT,298,2023-05-10 17:00,5,BOTH,BELOW,THROUGH,XUYEN,0,true,
AVAXUSDT,299,2023-05-11 12:30,1,BELOW,BELOW,BLOCKED,CHAN,1,false,
AVAXUSDT,300,2023-05-16 12:30,17,BOTH,BELOW,BLOCKED,XUYEN,2,false,false
AVAXUSDT,302,2023-05-22 09:30,1,ABOVE,ABOVE,BLOCKED,CHAN,3,false,
AVAXUSDT,303,2023-05-22 17:30,2,ABOVE,ABOVE,BLOCKED,XUYEN,1,false,false
AVAXUSDT,304,2023-05-25 19:00,9,BOTH,ABOVE,THROUGH,XUYEN,3,true,
AVAXUSDT,307,2023-05-28 18:15,12,BOTH,ABOVE,THROUGH,XUYEN,1,true,
AVAXUSDT,309,2023-06-01 02:45,14,BOTH,BELOW,THROUGH,XUYEN,1,true,
AVAXUSDT,310,2023-06-06 12:00,2,BELOW,BELOW,THROUGH,XUYEN,3,true,
AVAXUSDT,311,2023-06-07 00:00,5,BOTH,BELOW,THROUGH,XUYEN,1,true,
AVAXUSDT,313,2023-06-11 13:45,17,BOTH,BELOW,BLOCKED,XUYEN,2,false,false
AVAXUSDT,314,2023-06-13 17:15,17,BOTH,BELOW,THROUGH,XUYEN,3,true,
AVAXUSDT,315,2023-06-18 20:00,2,BELOW,BELOW,THROUGH,XUYEN,1,true,
AVAXUSDT,316,2023-06-22 11:00,12,BOTH,BELOW,BLOCKED,XUYEN,1,false,false
AVAXUSDT,317,2023-06-25 02:30,20,BOTH,ABOVE,BLOCKED,XUYEN,2,false,false
AVAXUSDT,318,2023-06-30 13:30,2,BOTH,BELOW,THROUGH,XUYEN,1,true,
AVAXUSDT,319,2023-07-03 03:45,14,BOTH,ABOVE,THROUGH,XUYEN,4,true,
AVAXUSDT,320,2023-07-04 00:00,15,BOTH,BELOW,BLOCKED,XUYEN,5,false,false
AVAXUSDT,321,2023-07-05 10:30,4,BOTH,BELOW,THROUGH,XUYEN,1,true,
AVAXUSDT,322,2023-07-07 12:30,3,ABOVE,ABOVE,BLOCKED,CHAN,2,false,true
AVAXUSDT,323,2023-07-10 00:00,9,BOTH,BELOW,THROUGH,XUYEN,1,true,
AVAXUSDT,324,2023-07-11 20:00,5,BOTH,BELOW,BLOCKED,XUYEN,3,false,false
AVAXUSDT,325,2023-07-12 04:00,4,BOTH,BELOW,THROUGH,XUYEN,3,true,
AVAXUSDT,326,2023-07-12 12:30,7,BOTH,ABOVE,BLOCKED,XUYEN,2,false,false
AVAXUSDT,329,2023-07-16 10:00,4,BOTH,ABOVE,THROUGH,XUYEN,0,true,
AVAXUSDT,331,2023-07-18 11:45,3,BELOW,BELOW,BLOCKED,CHAN,1,false,true
AVAXUSDT,332,2023-07-18 16:45,6,BOTH,BELOW,THROUGH,XUYEN,3,true,
AVAXUSDT,333,2023-07-19 08:45,29,BOTH,BELOW,BLOCKED,XUYEN,4,false,false
AVAXUSDT,334,2023-07-22 23:15,7,BOTH,BELOW,BLOCKED,XUYEN,2,false,false
AVAXUSDT,336,2023-07-25 14:00,3,ABOVE,ABOVE,BLOCKED,CHAN,0,false,true
AVAXUSDT,337,2023-07-26 05:45,47,BOTH,ABOVE,BLOCKED,XUYEN,3,false,false
AVAXUSDT,339,2023-07-31 19:45,2,BELOW,BELOW,BLOCKED,CHAN,3,false,true
AVAXUSDT,340,2023-08-01 02:00,16,BOTH,BELOW,BLOCKED,CHAN,2,false,true
AVAXUSDT,341,2023-08-03 22:00,11,BELOW,BELOW,BLOCKED,CHAN,3,false,true
AVAXUSDT,342,2023-08-04 12:30,4,BOTH,ABOVE,BLOCKED,XUYEN,3,false,false
AVAXUSDT,343,2023-08-04 20:30,6,BOTH,BELOW,BLOCKED,CHAN,5,false,true
AVAXUSDT,344,2023-08-06 20:45,15,BOTH,ABOVE,BLOCKED,XUYEN,0,false,false
AVAXUSDT,345,2023-08-10 01:45,3,BELOW,BELOW,BLOCKED,CHAN,3,false,true
AVAXUSDT,349,2023-08-21 15:15,4,BELOW,BELOW,BLOCKED,CHAN,3,false,true
AVAXUSDT,350,2023-08-25 03:15,6,BELOW,BELOW,BLOCKED,CHAN,2,false,true
AVAXUSDT,351,2023-08-25 22:45,4,ABOVE,ABOVE,BLOCKED,CHAN,1,false,true
AVAXUSDT,352,2023-08-27 08:00,3,BOTH,ABOVE,THROUGH,XUYEN,1,true,
AVAXUSDT,353,2023-08-29 14:15,9,BOTH,ABOVE,BLOCKED,XUYEN,2,false,false
AVAXUSDT,354,2023-08-31 02:30,7,BOTH,BELOW,THROUGH,XUYEN,3,true,
AVAXUSDT,356,2023-09-05 03:00,1,BELOW,BELOW,THROUGH,XUYEN,3,true,
AVAXUSDT,359,2023-09-13 07:30,2,ABOVE,ABOVE,THROUGH,XUYEN,0,true,
AVAXUSDT,360,2023-09-15 02:00,5,BOTH,ABOVE,THROUGH,XUYEN,2,true,
AVAXUSDT,361,2023-09-15 07:00,11,BOTH,BELOW,THROUGH,XUYEN,1,true,
AVAXUSDT,363,2023-09-17 20:30,5,BOTH,BELOW,BLOCKED,XUYEN,2,false,false
AVAXUSDT,364,2023-09-18 17:15,10,BOTH,BELOW,THROUGH,XUYEN,1,true,
AVAXUSDT,365,2023-09-23 00:00,8,BOTH,ABOVE,THROUGH,XUYEN,1,true,
AVAXUSDT,366,2023-09-24 12:00,23,BOTH,ABOVE,BLOCKED,XUYEN,3,false,false
AVAXUSDT,367,2023-09-26 21:15,1,BELOW,BELOW,THROUGH,XUYEN,3,true,
AVAXUSDT,368,2023-09-27 08:00,6,BOTH,BELOW,THROUGH,XUYEN,2,true,
AVAXUSDT,369,2023-09-29 07:30,6,BOTH,ABOVE,THROUGH,XUYEN,0,true,
AVAXUSDT,370,2023-10-01 22:15,2,ABOVE,ABOVE,BLOCKED,CHAN,1,false,true
AVAXUSDT,371,2023-10-02 15:45,3,BELOW,BELOW,BLOCKED,CHAN,4,false,true
AVAXUSDT,372,2023-10-03 06:30,11,BOTH,ABOVE,THROUGH,XUYEN,1,true,
AVAXUSDT,373,2023-10-05 09:15,9,BOTH,ABOVE,THROUGH,XUYEN,0,true,
AVAXUSDT,374,2023-10-06 12:30,16,BOTH,BELOW,THROUGH,XUYEN,1,true,
AVAXUSDT,376,2023-10-11 02:30,4,BELOW,BELOW,BLOCKED,CHAN,2,false,true
AVAXUSDT,377,2023-10-12 21:00,3,BOTH,ABOVE,THROUGH,XUYEN,1,true,
AVAXUSDT,378,2023-10-13 20:45,23,BOTH,ABOVE,BLOCKED,XUYEN,2,false,false
AVAXUSDT,379,2023-10-15 20:30,4,ABOVE,ABOVE,BLOCKED,CHAN,2,false,true
AVAXUSDT,380,2023-10-16 13:15,1,ABOVE,ABOVE,THROUGH,XUYEN,1,true,
AVAXUSDT,381,2023-10-17 09:00,1,BELOW,BELOW,BLOCKED,CHAN,3,false,
AVAXUSDT,383,2023-10-17 18:45,8,BOTH,BELOW,THROUGH,XUYEN,3,true,
AVAXUSDT,384,2023-10-18 04:45,4,BOTH,ABOVE,BLOCKED,XUYEN,1,false,false
AVAXUSDT,385,2023-10-18 16:00,1,ABOVE,ABOVE,THROUGH,XUYEN,0,true,
AVAXUSDT,386,2023-10-19 01:30,3,BOTH,BELOW,THROUGH,XUYEN,1,true,
AVAXUSDT,387,2023-10-19 13:15,2,ABOVE,ABOVE,THROUGH,XUYEN,2,true,
AVAXUSDT,388,2023-10-20 00:00,2,BOTH,ABOVE,THROUGH,XUYEN,1,true,
AVAXUSDT,389,2023-10-20 17:00,1,BELOW,BELOW,THROUGH,XUYEN,3,true,
AVAXUSDT,390,2023-10-21 00:00,6,BOTH,ABOVE,BLOCKED,XUYEN,0,false,false
AVAXUSDT,392,2023-10-22 15:00,2,BOTH,BELOW,THROUGH,XUYEN,2,true,
AVAXUSDT,393,2023-10-22 22:30,3,ABOVE,ABOVE,BLOCKED,CHAN,1,false,true
AVAXUSDT,394,2023-10-26 21:45,9,BOTH,ABOVE,THROUGH,XUYEN,2,true,
AVAXUSDT,395,2023-10-27 23:30,1,ABOVE,ABOVE,BLOCKED,CHAN,0,false,
AVAXUSDT,396,2023-11-08 11:30,4,BELOW,BELOW,THROUGH,XUYEN,0,true,
AVAXUSDT,397,2023-11-09 06:30,14,BOTH,ABOVE,BLOCKED,XUYEN,2,false,false
AVAXUSDT,398,2023-11-14 13:30,7,BOTH,ABOVE,THROUGH,XUYEN,2,true,
AVAXUSDT,399,2023-11-16 06:45,8,BOTH,ABOVE,BLOCKED,XUYEN,2,false,false
AVAXUSDT,400,2023-11-17 17:00,4,BOTH,ABOVE,THROUGH,XUYEN,2,true,
AVAXUSDT,401,2023-11-19 23:00,3,ABOVE,ABOVE,BLOCKED,XUYEN,2,false,false
AVAXUSDT,402,2023-11-20 14:00,9,BOTH,BELOW,THROUGH,XUYEN,1,true,
AVAXUSDT,404,2023-11-24 22:00,59,BOTH,BELOW,THROUGH,XUYEN,1,true,
AVAXUSDT,406,2023-12-03 12:45,5,BOTH,BELOW,BLOCKED,XUYEN,2,false,false
AVAXUSDT,407,2023-12-04 11:00,9,BOTH,BELOW,THROUGH,XUYEN,2,true,
AVAXUSDT,408,2023-12-11 02:00,24,BOTH,BELOW,THROUGH,XUYEN,1,true,
AVAXUSDT,409,2023-12-22 00:00,4,BOTH,ABOVE,THROUGH,XUYEN,1,true,
AVAXUSDT,410,2023-12-23 18:30,7,BOTH,ABOVE,BLOCKED,XUYEN,1,false,false
AVAXUSDT,411,2023-12-29 22:15,4,BOTH,ABOVE,THROUGH,XUYEN,1,true,
AVAXUSDT,412,2023-12-30 07:00,29,BOTH,BELOW,BLOCKED,XUYEN,3,false,false
AVAXUSDT,415,2024-01-09 08:00,1,ABOVE,ABOVE,THROUGH,XUYEN,3,true,
AVAXUSDT,416,2024-01-09 12:45,45,BOTH,BELOW,BLOCKED,XUYEN,3,false,false
AVAXUSDT,417,2024-01-16 14:30,16,BOTH,BELOW,THROUGH,XUYEN,2,true,
AVAXUSDT,419,2024-01-28 19:30,18,BOTH,BELOW,BLOCKED,XUYEN,2,false,false
AVAXUSDT,420,2024-01-30 05:15,7,BOTH,ABOVE,THROUGH,XUYEN,1,true,
AVAXUSDT,422,2024-02-03 17:45,2,ABOVE,ABOVE,BLOCKED,CHAN,1,false,true
AVAXUSDT,423,2024-02-04 04:00,1,BELOW,BELOW,THROUGH,XUYEN,1,true,
AVAXUSDT,425,2024-02-08 04:00,15,BOTH,BELOW,BLOCKED,XUYEN,2,false,false
AVAXUSDT,426,2024-02-10 15:00,11,BOTH,ABOVE,BLOCKED,XUYEN,1,false,false
AVAXUSDT,428,2024-02-14 08:45,42,BOTH,ABOVE,THROUGH,XUYEN,1,true,
AVAXUSDT,429,2024-02-27 15:45,9,BOTH,BELOW,BLOCKED,XUYEN,3,false,false
AVAXUSDT,430,2024-03-05 04:00,24,BOTH,ABOVE,BLOCKED,XUYEN,0,false,false
AVAXUSDT,431,2024-03-11 20:30,10,BOTH,ABOVE,BLOCKED,XUYEN,2,false,false
AVAXUSDT,432,2024-03-20 11:15,5,BOTH,ABOVE,BLOCKED,XUYEN,3,false,false
AVAXUSDT,433,2024-03-20 16:15,6,BOTH,BELOW,THROUGH,XUYEN,3,true,
AVAXUSDT,434,2024-03-21 23:30,32,BOTH,ABOVE,THROUGH,XUYEN,3,true,
AVAXUSDT,435,2024-03-24 16:45,3,BOTH,BELOW,THROUGH,XUYEN,2,true,
AVAXUSDT,436,2024-03-26 12:00,3,BELOW,BELOW,BLOCKED,CHAN,3,false,true
AVAXUSDT,437,2024-03-31 18:30,4,ABOVE,ABOVE,BLOCKED,XUYEN,1,false,false
AVAXUSDT,438,2024-04-01 05:45,3,BELOW,BELOW,BLOCKED,CHAN,3,false,true
AVAXUSDT,439,2024-04-04 07:00,4,BOTH,ABOVE,BLOCKED,XUYEN,3,false,false
AVAXUSDT,440,2024-04-05 05:15,15,BOTH,BELOW,BLOCKED,XUYEN,3,false,false
AVAXUSDT,441,2024-04-11 20:15,9,BOTH,ABOVE,THROUGH,XUYEN,2,true,
AVAXUSDT,443,2024-04-14 22:00,40,BOTH,ABOVE,BLOCKED,XUYEN,3,false,false
AVAXUSDT,444,2024-04-19 23:00,8,BOTH,BELOW,BLOCKED,XUYEN,1,false,false
AVAXUSDT,446,2024-04-21 08:45,6,BOTH,BELOW,THROUGH,XUYEN,1,true,
AVAXUSDT,447,2024-04-25 10:00,18,BOTH,BELOW,THROUGH,XUYEN,3,true,
AVAXUSDT,448,2024-04-26 22:15,9,BOTH,BELOW,BLOCKED,XUYEN,1,false,false
AVAXUSDT,449,2024-04-28 15:45,2,ABOVE,ABOVE,BLOCKED,XUYEN,2,false,false
AVAXUSDT,450,2024-04-29 02:30,5,BOTH,BELOW,THROUGH,XUYEN,1,true,
AVAXUSDT,451,2024-04-30 16:00,7,BELOW,BELOW,BLOCKED,CHAN,2,false,true
AVAXUSDT,452,2024-05-01 07:00,10,BOTH,BELOW,THROUGH,XUYEN,3,true,
AVAXUSDT,453,2024-05-02 04:00,5,BELOW,BELOW,BLOCKED,XUYEN,3,false,false
AVAXUSDT,454,2024-05-03 10:30,26,BOTH,BELOW,THROUGH,XUYEN,0,true,
AVAXUSDT,455,2024-05-12 07:15,6,BOTH,BELOW,THROUGH,XUYEN,0,true,
AVAXUSDT,456,2024-05-12 21:15,8,BOTH,BELOW,BLOCKED,XUYEN,0,false,false
AVAXUSDT,457,2024-05-13 16:15,1,BELOW,BELOW,BLOCKED,CHAN,1,false,
AVAXUSDT,458,2024-05-14 06:00,11,BOTH,BELOW,THROUGH,XUYEN,1,true,
AVAXUSDT,460,2024-05-19 06:30,4,BOTH,BELOW,THROUGH,XUYEN,1,true,
AVAXUSDT,461,2024-05-20 19:15,10,BOTH,ABOVE,THROUGH,XUYEN,2,true,
AVAXUSDT,462,2024-05-26 21:00,7,BOTH,BELOW,THROUGH,XUYEN,2,true,
AVAXUSDT,463,2024-05-27 19:45,5,BELOW,BELOW,BLOCKED,CHAN,1,false,true
AVAXUSDT,464,2024-05-28 18:30,10,BOTH,BELOW,THROUGH,XUYEN,2,true,
AVAXUSDT,465,2024-05-29 08:00,18,BOTH,BELOW,BLOCKED,XUYEN,4,false,false
AVAXUSDT,466,2024-06-03 22:15,10,BOTH,BELOW,THROUGH,XUYEN,1,true,
AVAXUSDT,468,2024-06-08 00:00,7,BOTH,BELOW,THROUGH,XUYEN,2,true,
AVAXUSDT,469,2024-06-11 15:30,10,BOTH,BELOW,BLOCKED,XUYEN,3,false,false
AVAXUSDT,470,2024-06-12 12:30,11,BOTH,ABOVE,THROUGH,XUYEN,1,true,
AVAXUSDT,472,2024-06-16 00:00,14,BOTH,ABOVE,BLOCKED,XUYEN,1,false,false
AVAXUSDT,473,2024-06-16 22:00,1,ABOVE,ABOVE,THROUGH,XUYEN,1,true,
AVAXUSDT,475,2024-06-23 13:15,3,BOTH,BELOW,BLOCKED,XUYEN,1,false,false
AVAXUSDT,476,2024-06-24 09:30,14,BOTH,BELOW,THROUGH,XUYEN,1,true,
AVAXUSDT,477,2024-07-02 18:00,5,BOTH,ABOVE,BLOCKED,XUYEN,1,false,false
AVAXUSDT,478,2024-07-08 14:15,6,BOTH,BELOW,THROUGH,XUYEN,2,true,
AVAXUSDT,479,2024-07-13 08:00,26,BOTH,ABOVE,THROUGH,XUYEN,0,true,
AVAXUSDT,480,2024-07-16 19:30,25,BOTH,BELOW,BLOCKED,XUYEN,1,false,false
AVAXUSDT,481,2024-07-24 07:15,5,BOTH,ABOVE,BLOCKED,XUYEN,3,false,false
AVAXUSDT,482,2024-07-25 01:00,18,BOTH,BELOW,BLOCKED,XUYEN,1,false,false
AVAXUSDT,483,2024-07-27 12:00,4,BOTH,ABOVE,THROUGH,XUYEN,1,true,
AVAXUSDT,484,2024-07-29 00:00,7,BOTH,ABOVE,THROUGH,XUYEN,1,true,
AVAXUSDT,485,2024-07-31 04:15,11,BOTH,BELOW,BLOCKED,XUYEN,0,false,false
AVAXUSDT,486,2024-08-03 10:30,1,ABOVE,ABOVE,THROUGH,XUYEN,1,true,
AVAXUSDT,487,2024-08-08 12:30,1,ABOVE,ABOVE,BLOCKED,CHAN,1,false,
AVAXUSDT,489,2024-08-15 12:00,10,BOTH,BELOW,BLOCKED,XUYEN,0,false,false
AVAXUSDT,490,2024-08-19 09:45,6,BOTH,BELOW,BLOCKED,XUYEN,1,false,false
AVAXUSDT,492,2024-08-22 23:30,3,BOTH,ABOVE,THROUGH,XUYEN,1,true,
AVAXUSDT,493,2024-08-29 22:00,20,BOTH,BELOW,BLOCKED,XUYEN,1,false,false
AVAXUSDT,494,2024-09-01 17:15,8,BELOW,BELOW,BLOCKED,CHAN,0,false,true
AVAXUSDT,497,2024-09-06 06:30,15,BOTH,ABOVE,BLOCKED,XUYEN,0,false,false
AVAXUSDT,498,2024-09-08 07:00,5,BOTH,ABOVE,BLOCKED,XUYEN,2,false,false
AVAXUSDT,499,2024-09-12 02:00,48,BOTH,ABOVE,BLOCKED,XUYEN,3,false,false
AVAXUSDT,500,2024-09-19 20:30,3,BOTH,ABOVE,THROUGH,XUYEN,2,true,
AVAXUSDT,501,2024-09-20 13:00,2,BELOW,BELOW,BLOCKED,CHAN,1,false,true
AVAXUSDT,502,2024-09-23 21:15,20,BOTH,ABOVE,BLOCKED,XUYEN,1,false,false
AVAXUSDT,503,2024-10-04 00:00,2,BELOW,BELOW,THROUGH,XUYEN,1,true,
AVAXUSDT,504,2024-10-04 12:30,15,BOTH,BELOW,THROUGH,XUYEN,0,true,
AVAXUSDT,505,2024-10-10 05:45,11,BOTH,ABOVE,THROUGH,XUYEN,0,true,
AVAXUSDT,507,2024-10-15 20:15,33,BOTH,BELOW,BLOCKED,XUYEN,2,false,false
AVAXUSDT,508,2024-10-20 22:00,3,BOTH,ABOVE,THROUGH,XUYEN,1,true,
AVAXUSDT,509,2024-10-25 22:45,5,BELOW,BELOW,BLOCKED,CHAN,1,false,true
AVAXUSDT,510,2024-10-28 07:00,1,ABOVE,ABOVE,BLOCKED,CHAN,1,false,
AVAXUSDT,511,2024-10-28 21:00,1,BELOW,BELOW,THROUGH,XUYEN,1,true,
AVAXUSDT,512,2024-10-30 07:15,3,BOTH,ABOVE,THROUGH,XUYEN,2,true,
AVAXUSDT,513,2024-10-31 01:30,3,BELOW,BELOW,BLOCKED,CHAN,2,false,true
AVAXUSDT,514,2024-11-01 06:00,13,BOTH,BELOW,THROUGH,XUYEN,0,true,
AVAXUSDT,515,2024-11-02 04:30,1,BELOW,BELOW,BLOCKED,CHAN,4,false,
AVAXUSDT,516,2024-11-04 08:00,7,BOTH,BELOW,THROUGH,XUYEN,0,true,
AVAXUSDT,517,2024-11-05 19:45,2,BELOW,BELOW,THROUGH,XUYEN,2,true,
AVAXUSDT,518,2024-11-09 04:00,4,ABOVE,ABOVE,BLOCKED,XUYEN,1,false,false
AVAXUSDT,519,2024-11-11 01:30,34,BOTH,ABOVE,BLOCKED,XUYEN,1,false,false
AVAXUSDT,520,2024-11-14 23:00,9,BOTH,BELOW,BLOCKED,XUYEN,3,false,false
AVAXUSDT,521,2024-11-21 02:00,3,BOTH,BELOW,THROUGH,XUYEN,1,true,
AVAXUSDT,522,2024-12-01 08:00,26,BOTH,BELOW,THROUGH,XUYEN,2,true,
AVAXUSDT,523,2024-12-12 13:15,29,BOTH,ABOVE,THROUGH,XUYEN,1,true,
AVAXUSDT,524,2024-12-26 23:00,27,BOTH,BELOW,THROUGH,XUYEN,3,true,
AVAXUSDT,525,2024-12-31 17:30,4,BOTH,BELOW,BLOCKED,XUYEN,1,false,false
AVAXUSDT,526,2025-01-02 09:45,6,BOTH,ABOVE,THROUGH,XUYEN,2,true,
AVAXUSDT,527,2025-01-03 20:00,30,BOTH,BELOW,BLOCKED,XUYEN,1,false,false
AVAXUSDT,528,2025-01-09 07:15,5,BELOW,BELOW,BLOCKED,CHAN,1,false,true
AVAXUSDT,529,2025-01-09 13:30,9,BOTH,BELOW,THROUGH,XUYEN,0,true,
AVAXUSDT,530,2025-01-10 13:30,3,BELOW,BELOW,BLOCKED,CHAN,2,false,true
AVAXUSDT,531,2025-01-13 14:30,6,BOTH,ABOVE,THROUGH,XUYEN,2,true,
AVAXUSDT,533,2025-01-15 13:30,9,BOTH,ABOVE,BLOCKED,XUYEN,2,false,false
AVAXUSDT,534,2025-01-20 12:00,2,BELOW,BELOW,BLOCKED,CHAN,1,false,true
AVAXUSDT,536,2025-01-20 21:30,6,BOTH,BELOW,BLOCKED,XUYEN,3,false,false
AVAXUSDT,537,2025-01-21 13:00,30,BOTH,ABOVE,THROUGH,XUYEN,3,true,
AVAXUSDT,538,2025-01-29 06:15,12,BOTH,ABOVE,BLOCKED,XUYEN,2,false,false
AVAXUSDT,539,2025-01-30 13:15,6,BOTH,ABOVE,BLOCKED,XUYEN,1,false,false
AVAXUSDT,540,2025-02-02 22:30,6,BOTH,BELOW,BLOCKED,XUYEN,3,false,false
AVAXUSDT,541,2025-02-09 03:30,10,BOTH,ABOVE,THROUGH,XUYEN,1,true,
AVAXUSDT,542,2025-02-12 13:30,4,BOTH,BELOW,THROUGH,XUYEN,1,true,
AVAXUSDT,543,2025-02-12 22:15,5,BOTH,ABOVE,BLOCKED,XUYEN,3,false,false
AVAXUSDT,544,2025-02-14 08:00,8,BOTH,ABOVE,THROUGH,XUYEN,1,true,
AVAXUSDT,546,2025-02-16 23:00,7,BOTH,BELOW,THROUGH,XUYEN,3,true,
AVAXUSDT,547,2025-02-17 05:00,13,BOTH,BELOW,THROUGH,XUYEN,4,true,
AVAXUSDT,548,2025-02-19 04:45,25,BOTH,BELOW,THROUGH,XUYEN,2,true,
AVAXUSDT,549,2025-03-06 14:30,2,BOTH,BELOW,THROUGH,XUYEN,2,true,
AVAXUSDT,550,2025-03-11 03:00,2,ABOVE,ABOVE,BLOCKED,CHAN,4,false,true
AVAXUSDT,551,2025-03-15 15:15,21,BOTH,ABOVE,BLOCKED,XUYEN,1,false,false
AVAXUSDT,552,2025-03-17 12:00,33,BOTH,BELOW,BLOCKED,XUYEN,1,false,false
AVAXUSDT,553,2025-03-26 18:45,28,BOTH,BELOW,THROUGH,XUYEN,2,true,
AVAXUSDT,555,2025-03-29 14:45,4,BOTH,ABOVE,THROUGH,XUYEN,1,true,
AVAXUSDT,556,2025-04-02 07:30,5,BOTH,ABOVE,BLOCKED,XUYEN,0,false,false
AVAXUSDT,557,2025-04-10 12:00,8,BOTH,ABOVE,BLOCKED,XUYEN,2,false,false
AVAXUSDT,558,2025-04-12 20:30,38,BOTH,ABOVE,BLOCKED,XUYEN,1,false,false
AVAXUSDT,561,2025-04-24 13:30,48,BOTH,ABOVE,BLOCKED,XUYEN,2,false,false
AVAXUSDT,562,2025-05-02 00:00,5,BOTH,ABOVE,BLOCKED,XUYEN,2,false,false
AVAXUSDT,563,2025-05-04 13:15,8,BOTH,BELOW,THROUGH,XUYEN,2,true,
AVAXUSDT,564,2025-05-05 10:00,13,BOTH,BELOW,BLOCKED,XUYEN,1,false,false
AVAXUSDT,565,2025-05-07 11:00,1,BELOW,BELOW,BLOCKED,CHAN,3,false,
AVAXUSDT,566,2025-05-07 22:00,1,ABOVE,ABOVE,BLOCKED,CHAN,1,false,
AVAXUSDT,567,2025-05-08 19:45,1,ABOVE,ABOVE,BLOCKED,CHAN,2,false,
AVAXUSDT,568,2025-05-13 08:00,3,ABOVE,ABOVE,BLOCKED,CHAN,3,false,true
AVAXUSDT,569,2025-05-14 04:45,4,BOTH,ABOVE,BLOCKED,XUYEN,4,false,false
AVAXUSDT,570,2025-05-22 10:00,7,BOTH,ABOVE,THROUGH,XUYEN,1,true,
AVAXUSDT,571,2025-05-25 22:00,4,BOTH,ABOVE,BLOCKED,XUYEN,1,false,false
AVAXUSDT,572,2025-06-05 19:15,12,BOTH,BELOW,THROUGH,XUYEN,1,true,
AVAXUSDT,574,2025-06-19 22:00,7,BOTH,ABOVE,BLOCKED,XUYEN,3,false,false
AVAXUSDT,575,2025-06-21 11:30,1,ABOVE,ABOVE,THROUGH,XUYEN,3,true,
AVAXUSDT,578,2025-06-23 13:30,4,BOTH,ABOVE,THROUGH,XUYEN,3,true,
AVAXUSDT,579,2025-06-24 05:15,26,BOTH,ABOVE,THROUGH,XUYEN,0,true,
AVAXUSDT,580,2025-06-26 20:30,15,BOTH,ABOVE,THROUGH,XUYEN,1,true,
AVAXUSDT,581,2025-07-03 12:30,7,BOTH,BELOW,THROUGH,XUYEN,0,true,
AVAXUSDT,583,2025-07-11 22:15,20,BOTH,BELOW,BLOCKED,XUYEN,4,false,false
AVAXUSDT,584,2025-07-13 21:30,3,BOTH,BELOW,THROUGH,XUYEN,1,true,
AVAXUSDT,585,2025-07-14 03:30,20,BOTH,ABOVE,BLOCKED,XUYEN,2,false,false
AVAXUSDT,586,2025-07-25 13:30,1,BELOW,BELOW,BLOCKED,CHAN,1,false,
AVAXUSDT,587,2025-07-25 20:15,10,BOTH,ABOVE,THROUGH,XUYEN,1,true,
AVAXUSDT,588,2025-08-04 20:30,11,BOTH,ABOVE,THROUGH,XUYEN,1,true,
AVAXUSDT,589,2025-08-07 10:00,1,ABOVE,ABOVE,BLOCKED,CHAN,1,false,
AVAXUSDT,590,2025-08-10 07:30,4,BELOW,BELOW,THROUGH,XUYEN,1,true,
AVAXUSDT,591,2025-08-10 20:00,7,BOTH,BELOW,THROUGH,XUYEN,2,true,
AVAXUSDT,592,2025-08-12 06:15,6,BOTH,ABOVE,BLOCKED,XUYEN,2,false,false
AVAXUSDT,593,2025-08-16 22:00,6,BOTH,ABOVE,THROUGH,XUYEN,2,true,
AVAXUSDT,594,2025-08-19 13:30,28,BOTH,BELOW,BLOCKED,XUYEN,3,false,false
AVAXUSDT,595,2025-08-23 09:30,4,BOTH,ABOVE,BLOCKED,XUYEN,1,false,false
AVAXUSDT,597,2025-08-26 12:30,17,BOTH,ABOVE,BLOCKED,XUYEN,2,false,false
AVAXUSDT,598,2025-09-01 20:30,1,BELOW,BELOW,THROUGH,XUYEN,2,true,
AVAXUSDT,599,2025-09-05 12:30,10,BOTH,ABOVE,THROUGH,XUYEN,2,true,
AVAXUSDT,600,2025-09-08 15:00,8,BOTH,ABOVE,THROUGH,XUYEN,3,true,
AVAXUSDT,601,2025-09-09 20:00,4,BOTH,BELOW,THROUGH,XUYEN,2,true,
AVAXUSDT,603,2025-09-13 13:45,23,BOTH,BELOW,BLOCKED,XUYEN,2,false,false
AVAXUSDT,604,2025-09-17 17:30,2,ABOVE,ABOVE,BLOCKED,CHAN,0,false,true
AVAXUSDT,606,2025-09-19 23:15,11,BOTH,BELOW,BLOCKED,XUYEN,1,false,false
AVAXUSDT,608,2025-09-22 06:00,6,BOTH,BELOW,BLOCKED,CHAN,4,false,true
AVAXUSDT,609,2025-09-23 11:00,9,BOTH,BELOW,THROUGH,XUYEN,2,true,
AVAXUSDT,611,2025-09-28 22:00,5,BOTH,ABOVE,THROUGH,XUYEN,1,true,
AVAXUSDT,612,2025-10-02 13:15,16,BOTH,BELOW,BLOCKED,XUYEN,2,false,false
AVAXUSDT,613,2025-10-04 14:45,1,BELOW,BELOW,BLOCKED,CHAN,2,false,
AVAXUSDT,614,2025-10-05 02:30,6,BOTH,ABOVE,BLOCKED,XUYEN,1,false,false
AVAXUSDT,619,2025-10-16 09:30,3,BOTH,BELOW,THROUGH,XUYEN,0,true,
AVAXUSDT,620,2025-10-17 06:15,26,BOTH,BELOW,BLOCKED,XUYEN,1,false,false
AVAXUSDT,621,2025-10-24 12:30,13,BOTH,ABOVE,THROUGH,XUYEN,2,true,
AVAXUSDT,623,2025-10-26 22:00,19,BOTH,ABOVE,BLOCKED,XUYEN,1,false,false
AVAXUSDT,624,2025-10-31 11:45,17,BOTH,ABOVE,BLOCKED,XUYEN,0,false,false
AVAXUSDT,625,2025-11-02 23:00,1,ABOVE,ABOVE,THROUGH,XUYEN,1,true,
AVAXUSDT,626,2025-11-04 20:15,3,BOTH,BELOW,THROUGH,XUYEN,3,true,
AVAXUSDT,627,2025-11-05 23:00,9,BOTH,BELOW,BLOCKED,XUYEN,2,false,false
AVAXUSDT,628,2025-11-09 00:00,16,BOTH,BELOW,THROUGH,XUYEN,1,true,
AVAXUSDT,629,2025-11-14 04:30,7,BOTH,BELOW,THROUGH,XUYEN,3,true,
AVAXUSDT,630,2025-11-19 10:00,5,BOTH,ABOVE,THROUGH,XUYEN,1,true,
AVAXUSDT,631,2025-11-19 23:00,9,ABOVE,ABOVE,BLOCKED,XUYEN,6,false,false
AVAXUSDT,632,2025-11-20 23:00,3,BELOW,BELOW,BLOCKED,CHAN,2,false,true
AVAXUSDT,634,2025-11-22 04:00,14,BOTH,BELOW,BLOCKED,XUYEN,2,false,false
AVAXUSDT,635,2025-11-22 22:45,5,BOTH,ABOVE,THROUGH,XUYEN,1,true,
AVAXUSDT,636,2025-11-23 23:00,11,BOTH,BELOW,THROUGH,XUYEN,0,true,
AVAXUSDT,637,2025-11-26 03:30,14,BOTH,BELOW,THROUGH,XUYEN,1,true,
AVAXUSDT,638,2025-12-01 20:00,1,ABOVE,ABOVE,THROUGH,XUYEN,1,true,
AVAXUSDT,640,2025-12-03 14:00,2,BELOW,BELOW,THROUGH,XUYEN,0,true,
AVAXUSDT,642,2025-12-07 14:15,4,BOTH,BELOW,THROUGH,XUYEN,0,true,
AVAXUSDT,643,2025-12-08 09:00,15,BOTH,ABOVE,THROUGH,XUYEN,1,true,
AVAXUSDT,644,2025-12-10 05:00,8,BOTH,BELOW,BLOCKED,XUYEN,2,false,false
AVAXUSDT,645,2025-12-11 14:30,26,BOTH,BELOW,THROUGH,XUYEN,2,true,
AVAXUSDT,646,2025-12-15 23:00,7,BOTH,ABOVE,THROUGH,XUYEN,1,true,
AVAXUSDT,647,2025-12-16 13:30,8,BELOW,BELOW,BLOCKED,CHAN,4,false,true
AVAXUSDT,648,2025-12-17 14:45,3,BOTH,ABOVE,THROUGH,XUYEN,4,true,
AVAXUSDT,650,2025-12-19 23:00,34,BOTH,BELOW,THROUGH,XUYEN,1,true,
AVAXUSDT,652,2025-12-28 09:30,3,BOTH,BELOW,THROUGH,XUYEN,1,true,
AVAXUSDT,653,2026-01-03 00:00,7,BOTH,ABOVE,BLOCKED,XUYEN,2,false,false
AVAXUSDT,654,2026-01-04 21:00,12,BOTH,ABOVE,THROUGH,XUYEN,1,true,
AVAXUSDT,656,2026-01-12 14:15,8,BOTH,BELOW,THROUGH,XUYEN,2,true,
AVAXUSDT,658,2026-01-13 22:00,10,BOTH,ABOVE,BLOCKED,XUYEN,1,false,false
AVAXUSDT,659,2026-01-16 20:00,1,BELOW,BELOW,THROUGH,XUYEN,2,true,
AVAXUSDT,661,2026-01-23 04:00,3,ABOVE,ABOVE,THROUGH,XUYEN,2,true,
AVAXUSDT,662,2026-01-23 14:30,3,BOTH,BELOW,THROUGH,XUYEN,2,true,
AVAXUSDT,663,2026-01-25 16:00,10,BOTH,BELOW,THROUGH,XUYEN,1,true,
AVAXUSDT,665,2026-02-01 23:00,21,BOTH,BELOW,THROUGH,XUYEN,1,true,
AVAXUSDT,666,2026-02-04 11:00,2,BELOW,BELOW,BLOCKED,CHAN,2,false,true
AVAXUSDT,668,2026-02-07 16:00,1,ABOVE,ABOVE,BLOCKED,CHAN,2,false,
AVAXUSDT,669,2026-02-07 23:00,55,BOTH,BELOW,BLOCKED,XUYEN,2,false,false
AVAXUSDT,671,2026-02-23 01:00,1,BELOW,BELOW,BLOCKED,CHAN,2,false,
AVAXUSDT,673,2026-02-25 21:30,2,ABOVE,ABOVE,THROUGH,XUYEN,3,true,
AVAXUSDT,677,2026-03-02 08:00,17,BOTH,BELOW,THROUGH,XUYEN,2,true,
AVAXUSDT,678,2026-03-07 14:00,7,BOTH,BELOW,BLOCKED,XUYEN,2,false,false
AVAXUSDT,679,2026-03-08 22:00,3,BELOW,BELOW,THROUGH,XUYEN,0,true,
AVAXUSDT,681,2026-03-09 19:15,2,ABOVE,ABOVE,BLOCKED,CHAN,3,false,true
AVAXUSDT,682,2026-03-10 02:30,4,ABOVE,ABOVE,BLOCKED,CHAN,0,false,true
AVAXUSDT,683,2026-03-13 22:00,13,BOTH,BELOW,BLOCKED,XUYEN,2,false,false
AVAXUSDT,684,2026-03-19 02:00,3,BOTH,BELOW,THROUGH,XUYEN,3,true,
AVAXUSDT,685,2026-03-19 19:00,12,ABOVE,ABOVE,BLOCKED,CHAN,1,false,true
AVAXUSDT,687,2026-03-22 08:00,1,BELOW,BELOW,BLOCKED,CHAN,1,false,
AVAXUSDT,689,2026-03-26 17:45,5,BELOW,BELOW,BLOCKED,CHAN,1,false,true
AVAXUSDT,690,2026-03-27 08:30,6,BOTH,BELOW,BLOCKED,XUYEN,1,false,false
AVAXUSDT,692,2026-04-02 01:00,11,BOTH,BELOW,THROUGH,XUYEN,1,true,
AVAXUSDT,693,2026-04-09 07:00,2,ABOVE,ABOVE,BLOCKED,CHAN,2,false,true
AVAXUSDT,694,2026-04-10 18:15,10,BOTH,ABOVE,BLOCKED,XUYEN,3,false,false
AVAXUSDT,697,2026-04-15 19:30,19,BOTH,ABOVE,THROUGH,XUYEN,2,true,
AVAXUSDT,699,2026-04-17 20:30,1,BELOW,BELOW,BLOCKED,CHAN,2,false,
AVAXUSDT,700,2026-04-18 08:15,1,BELOW,BELOW,BLOCKED,CHAN,1,false,
AVAXUSDT,701,2026-04-23 05:00,13,BOTH,BELOW,THROUGH,XUYEN,3,true,
AVAXUSDT,702,2026-04-25 15:45,2,BOTH,BELOW,THROUGH,XUYEN,1,true,
AVAXUSDT,704,2026-04-29 03:15,4,BOTH,ABOVE,THROUGH,XUYEN,1,true,
AVAXUSDT,705,2026-04-29 18:00,15,BOTH,BELOW,BLOCKED,XUYEN,4,false,false
AVAXUSDT,706,2026-05-01 03:15,40,BOTH,ABOVE,THROUGH,XUYEN,1,true,
AVAXUSDT,707,2026-05-04 20:15,2,BELOW,BELOW,BLOCKED,XUYEN,1,false,false
AVAXUSDT,708,2026-05-05 13:00,21,BOTH,ABOVE,BLOCKED,XUYEN,2,false,false
AVAXUSDT,711,2026-05-22 23:45,3,BELOW,BELOW,BLOCKED,CHAN,2,false,true
AVAXUSDT,712,2026-05-23 07:45,1,BELOW,BELOW,THROUGH,XUYEN,1,true,
AVAXUSDT,713,2026-05-23 20:30,3,BOTH,ABOVE,THROUGH,XUYEN,1,true,
AVAXUSDT,714,2026-05-24 20:00,8,BOTH,BELOW,BLOCKED,XUYEN,2,false,false
AVAXUSDT,715,2026-05-26 10:15,4,BOTH,ABOVE,THROUGH,XUYEN,2,true,
AVAXUSDT,717,2026-05-30 22:00,11,BOTH,BELOW,THROUGH,XUYEN,2,true,
AVAXUSDT,718,2026-05-31 19:00,16,BOTH,BELOW,THROUGH,XUYEN,1,true,
AVAXUSDT,719,2026-06-07 19:00,14,BOTH,BELOW,THROUGH,XUYEN,0,true,
AVAXUSDT,720,2026-06-09 04:30,52,BOTH,ABOVE,BLOCKED,XUYEN,3,false,false
AVAXUSDT,721,2026-06-14 12:30,1,BELOW,BELOW,THROUGH,XUYEN,1,true,
AVAXUSDT,722,2026-06-15 10:45,17,BOTH,ABOVE,THROUGH,XUYEN,1,true,
AVAXUSDT,725,2026-06-19 17:45,2,BOTH,BELOW,THROUGH,XUYEN,1,true,
AVAXUSDT,726,2026-06-20 13:15,3,BELOW,BELOW,BLOCKED,XUYEN,1,false,false
AVAXUSDT,727,2026-06-21 07:30,9,BOTH,ABOVE,BLOCKED,XUYEN,2,false,false
AVAXUSDT,728,2026-06-22 06:00,20,BOTH,BELOW,BLOCKED,XUYEN,0,false,false
AVAXUSDT,729,2026-06-24 07:30,5,BOTH,BELOW,BLOCKED,XUYEN,3,false,false
AVAXUSDT,730,2026-06-24 13:00,33,BOTH,BELOW,BLOCKED,XUYEN,3,false,false
AVAXUSDT,731,2026-06-29 17:00,9,BOTH,ABOVE,THROUGH,XUYEN,3,true,
AVAXUSDT,732,2026-06-30 07:00,11,BOTH,BELOW,THROUGH,XUYEN,2,true,
AVAXUSDT,733,2026-07-02 09:30,1,ABOVE,ABOVE,BLOCKED,CHAN,1,false,
AVAXUSDT,734,2026-07-06 21:00,2,ABOVE,ABOVE,THROUGH,XUYEN,2,true,
AVAXUSDT,735,2026-07-09 00:00,4,BOTH,BELOW,THROUGH,XUYEN,0,true,
AVAXUSDT,736,2026-07-12 04:45,8,BELOW,BELOW,BLOCKED,CHAN,1,false,true
AVAXUSDT,737,2026-07-13 09:00,25,BOTH,ABOVE,BLOCKED,XUYEN,4,false,false
AVAXUSDT,738,2026-07-20 00:00,3,ABOVE,ABOVE,BLOCKED,CHAN,1,false,true
AVAXUSDT,739,2026-07-20 11:30,25,BOTH,ABOVE,THROUGH,XUYEN,2,true,
AVAXUSDT,741,2026-07-24 07:00,6,BOTH,ABOVE,THROUGH,XUYEN,0,true,
AVAXUSDT,742,2026-07-24 13:00,5,BOTH,BELOW,BLOCKED,XUYEN,3,false,false
AVAXUSDT,743,2026-07-24 23:00,11,BOTH,ABOVE,THROUGH,XUYEN,1,true,
AVAXUSDT,744,2026-07-29 18:00,34,BOTH,ABOVE,THROUGH,XUYEN,2,true,
AVAXUSDT,746,2026-08-04 22:00,8,BOTH,BELOW,THROUGH,XUYEN,3,true,
AVAXUSDT,747,2026-08-05 13:30,17,BOTH,BELOW,THROUGH,XUYEN,2,true,
TONUSDT,0,2024-03-02 15:30,48,BOTH,ABOVE,BLOCKED,XUYEN,2,false,false
TONUSDT,1,2024-03-06 14:45,15,ABOVE,ABOVE,BLOCKED,CHAN,4,false,true
TONUSDT,2,2024-03-09 00:00,3,BOTH,ABOVE,THROUGH,XUYEN,1,true,
TONUSDT,3,2024-03-09 08:00,14,BOTH,ABOVE,THROUGH,XUYEN,2,true,
TONUSDT,4,2024-03-10 03:45,6,BOTH,ABOVE,BLOCKED,XUYEN,1,false,false
TONUSDT,5,2024-03-10 22:00,3,BOTH,BELOW,BLOCKED,XUYEN,3,false,false
TONUSDT,7,2024-03-14 02:15,6,BOTH,BELOW,BLOCKED,XUYEN,1,false,false
TONUSDT,8,2024-03-14 18:30,8,BELOW,BELOW,BLOCKED,XUYEN,4,false,false
TONUSDT,9,2024-03-19 02:15,15,BOTH,ABOVE,THROUGH,XUYEN,1,true,
TONUSDT,10,2024-03-20 14:45,17,BOTH,ABOVE,BLOCKED,XUYEN,2,false,false
TONUSDT,11,2024-03-22 06:45,11,BOTH,ABOVE,BLOCKED,XUYEN,3,false,false
TONUSDT,12,2024-03-22 19:30,4,ABOVE,ABOVE,BLOCKED,CHAN,4,false,true
TONUSDT,13,2024-03-27 12:45,6,BOTH,ABOVE,THROUGH,XUYEN,3,true,
TONUSDT,14,2024-03-27 22:00,28,BOTH,BELOW,BLOCKED,XUYEN,4,false,false
TONUSDT,15,2024-04-03 06:15,9,BOTH,ABOVE,BLOCKED,XUYEN,1,false,false
TONUSDT,16,2024-04-07 08:45,6,BOTH,BELOW,THROUGH,XUYEN,1,true,
TONUSDT,17,2024-04-08 08:45,1,ABOVE,ABOVE,BLOCKED,CHAN,1,false,
TONUSDT,18,2024-04-13 19:45,6,BOTH,BELOW,BLOCKED,XUYEN,3,false,false
TONUSDT,19,2024-04-14 22:00,17,BOTH,ABOVE,THROUGH,XUYEN,2,true,
TONUSDT,20,2024-04-17 21:45,54,BOTH,ABOVE,THROUGH,XUYEN,3,true,
TONUSDT,21,2024-04-24 14:15,3,BELOW,BELOW,BLOCKED,CHAN,4,false,true
TONUSDT,22,2024-04-25 08:30,8,BOTH,BELOW,THROUGH,XUYEN,2,true,
TONUSDT,23,2024-04-27 17:15,27,BOTH,ABOVE,BLOCKED,XUYEN,1,false,false
TONUSDT,24,2024-05-07 23:00,15,BOTH,BELOW,THROUGH,XUYEN,1,true,
TONUSDT,25,2024-05-13 16:15,5,BOTH,ABOVE,BLOCKED,XUYEN,2,false,false
TONUSDT,26,2024-05-19 05:30,16,BOTH,ABOVE,THROUGH,XUYEN,1,true,
TONUSDT,27,2024-05-21 23:45,9,BOTH,BELOW,THROUGH,XUYEN,2,true,
TONUSDT,28,2024-05-22 17:00,5,BOTH,ABOVE,BLOCKED,XUYEN,1,false,false
TONUSDT,29,2024-05-24 20:30,21,BOTH,ABOVE,BLOCKED,XUYEN,3,false,false
TONUSDT,31,2024-05-28 01:45,27,BOTH,BELOW,THROUGH,XUYEN,2,true,
TONUSDT,32,2024-06-04 12:45,2,ABOVE,ABOVE,BLOCKED,CHAN,2,false,true
TONUSDT,33,2024-06-05 23:15,5,BOTH,BELOW,BLOCKED,XUYEN,2,false,false
TONUSDT,34,2024-06-06 14:00,8,BOTH,ABOVE,BLOCKED,XUYEN,3,false,false
TONUSDT,35,2024-06-07 18:00,6,BELOW,BELOW,BLOCKED,CHAN,2,false,true
TONUSDT,38,2024-06-14 20:15,25,BOTH,ABOVE,BLOCKED,XUYEN,2,false,false
TONUSDT,39,2024-06-17 15:45,4,BOTH,BELOW,THROUGH,XUYEN,0,true,
TONUSDT,40,2024-06-19 00:45,25,BOTH,ABOVE,THROUGH,XUYEN,2,true,
TONUSDT,41,2024-06-21 16:15,15,BOTH,ABOVE,THROUGH,XUYEN,0,true,
TONUSDT,42,2024-06-29 00:00,8,BOTH,BELOW,THROUGH,XUYEN,1,true,
TONUSDT,43,2024-07-01 21:00,9,BOTH,ABOVE,THROUGH,XUYEN,2,true,
TONUSDT,44,2024-07-06 19:30,3,BOTH,ABOVE,THROUGH,XUYEN,2,true,
TONUSDT,46,2024-07-08 08:00,16,BOTH,ABOVE,BLOCKED,XUYEN,1,false,false
TONUSDT,47,2024-07-09 15:00,44,BOTH,ABOVE,THROUGH,XUYEN,1,true,
TONUSDT,48,2024-07-14 02:30,8,BOTH,BELOW,BLOCKED,CHAN,4,false,true
TONUSDT,49,2024-07-15 18:30,2,BOTH,ABOVE,THROUGH,XUYEN,1,true,
TONUSDT,50,2024-07-16 22:00,18,BOTH,BELOW,BLOCKED,XUYEN,0,false,false
TONUSDT,51,2024-07-20 19:30,4,BELOW,BELOW,BLOCKED,CHAN,3,false,true
TONUSDT,52,2024-07-24 07:00,5,BOTH,ABOVE,BLOCKED,XUYEN,2,false,false
TONUSDT,54,2024-07-26 13:30,4,BOTH,ABOVE,THROUGH,XUYEN,3,true,
TONUSDT,55,2024-07-27 00:00,9,BOTH,BELOW,THROUGH,XUYEN,1,true,
TONUSDT,56,2024-07-29 08:00,5,BOTH,ABOVE,THROUGH,XUYEN,2,true,
TONUSDT,57,2024-07-30 00:15,23,BOTH,ABOVE,THROUGH,XUYEN,2,true,
TONUSDT,59,2024-08-09 04:00,11,BOTH,ABOVE,BLOCKED,XUYEN,1,false,false
TONUSDT,60,2024-08-13 12:00,3,ABOVE,ABOVE,BLOCKED,CHAN,1,false,true
TONUSDT,61,2024-08-17 10:15,6,BOTH,BELOW,BLOCKED,XUYEN,1,false,false
TONUSDT,63,2024-08-22 19:45,9,BOTH,BELOW,BLOCKED,XUYEN,1,false,false
TONUSDT,65,2024-08-28 14:00,27,BOTH,ABOVE,THROUGH,XUYEN,2,true,
TONUSDT,67,2024-09-07 05:00,13,BOTH,ABOVE,BLOCKED,XUYEN,0,false,false
TONUSDT,69,2024-09-11 12:30,3,BOTH,BELOW,BLOCKED,XUYEN,1,false,false
TONUSDT,70,2024-09-12 05:45,6,BOTH,BELOW,BLOCKED,XUYEN,1,false,false
TONUSDT,71,2024-09-14 18:00,9,BOTH,BELOW,BLOCKED,XUYEN,1,false,false
TONUSDT,72,2024-09-17 07:30,25,BOTH,ABOVE,THROUGH,XUYEN,1,true,
TONUSDT,73,2024-09-20 09:15,18,BOTH,ABOVE,THROUGH,XUYEN,2,true,
TONUSDT,74,2024-09-27 01:45,37,BOTH,BELOW,THROUGH,XUYEN,1,true,
TONUSDT,75,2024-10-01 07:30,5,ABOVE,ABOVE,BLOCKED,XUYEN,4,false,false
TONUSDT,76,2024-10-04 12:30,12,BOTH,BELOW,THROUGH,XUYEN,0,true,
TONUSDT,77,2024-10-09 11:00,3,BOTH,ABOVE,THROUGH,XUYEN,2,true,
TONUSDT,78,2024-10-09 20:15,6,BOTH,BELOW,BLOCKED,XUYEN,1,false,false
TONUSDT,79,2024-10-11 23:45,7,BOTH,BELOW,THROUGH,XUYEN,1,true,
TONUSDT,80,2024-10-12 07:15,8,BOTH,BELOW,THROUGH,XUYEN,0,true,
TONUSDT,81,2024-10-13 14:30,28,BOTH,BELOW,THROUGH,XUYEN,1,true,
TONUSDT,82,2024-10-18 11:30,9,ABOVE,ABOVE,BLOCKED,CHAN,2,false,true
TONUSDT,83,2024-10-21 05:00,2,BOTH,ABOVE,THROUGH,XUYEN,1,true,
TONUSDT,84,2024-10-23 19:45,9,BOTH,ABOVE,BLOCKED,XUYEN,1,false,false
TONUSDT,85,2024-10-28 15:00,6,BOTH,ABOVE,BLOCKED,XUYEN,2,false,false
TONUSDT,86,2024-10-28 21:00,9,BOTH,ABOVE,BLOCKED,XUYEN,3,false,false
TONUSDT,87,2024-10-30 07:00,2,BELOW,BELOW,BLOCKED,CHAN,2,false,true
TONUSDT,88,2024-10-30 11:45,5,BOTH,BELOW,THROUGH,XUYEN,2,true,
TONUSDT,89,2024-11-04 13:00,1,ABOVE,ABOVE,THROUGH,XUYEN,0,true,
TONUSDT,90,2024-11-05 19:45,16,BOTH,BELOW,THROUGH,XUYEN,2,true,
TONUSDT,92,2024-11-22 22:00,2,BOTH,BELOW,THROUGH,XUYEN,1,true,
TONUSDT,93,2024-11-23 05:00,2,ABOVE,ABOVE,BLOCKED,CHAN,4,false,true
TONUSDT,94,2024-11-24 16:30,14,BOTH,ABOVE,BLOCKED,XUYEN,2,false,false
TONUSDT,96,2024-11-27 14:30,2,ABOVE,ABOVE,BLOCKED,CHAN,2,false,true
TONUSDT,97,2024-11-28 18:30,18,BOTH,BELOW,BLOCKED,XUYEN,2,false,false
TONUSDT,98,2024-12-01 08:15,5,BOTH,ABOVE,BLOCKED,XUYEN,3,false,false
TONUSDT,99,2024-12-03 11:45,13,BOTH,ABOVE,THROUGH,XUYEN,1,true,
TONUSDT,100,2024-12-05 22:15,3,BOTH,BELOW,THROUGH,XUYEN,2,true,
TONUSDT,101,2024-12-06 02:45,9,BOTH,ABOVE,THROUGH,XUYEN,3,true,
TONUSDT,102,2024-12-13 15:45,16,BOTH,BELOW,BLOCKED,XUYEN,2,false,false
TONUSDT,103,2024-12-16 20:45,11,BOTH,BELOW,THROUGH,XUYEN,3,true,
TONUSDT,106,2024-12-20 08:00,11,BOTH,BELOW,THROUGH,XUYEN,3,true,
TONUSDT,107,2024-12-27 06:00,8,BOTH,BELOW,THROUGH,XUYEN,1,true,
TONUSDT,108,2024-12-27 20:45,12,BOTH,BELOW,THROUGH,XUYEN,1,true,
TONUSDT,109,2024-12-29 21:45,6,BOTH,BELOW,THROUGH,XUYEN,0,true,
TONUSDT,110,2024-12-30 21:30,3,BELOW,BELOW,BLOCKED,CHAN,1,false,true
TONUSDT,111,2025-01-01 00:00,5,BOTH,ABOVE,THROUGH,XUYEN,2,true,
TONUSDT,112,2025-01-01 08:15,7,BOTH,BELOW,THROUGH,XUYEN,2,true,
TONUSDT,114,2025-01-08 11:30,23,BOTH,BELOW,THROUGH,XUYEN,0,true,
TONUSDT,115,2025-01-10 13:30,2,BELOW,BELOW,THROUGH,XUYEN,3,true,
TONUSDT,116,2025-01-12 14:45,4,BELOW,BELOW,BLOCKED,CHAN,1,false,true
TONUSDT,118,2025-01-14 12:00,4,BOTH,BELOW,THROUGH,XUYEN,1,true,
TONUSDT,119,2025-01-15 13:30,9,BOTH,ABOVE,BLOCKED,XUYEN,2,false,false
TONUSDT,120,2025-01-20 04:45,2,ABOVE,ABOVE,BLOCKED,CHAN,3,false,true
TONUSDT,121,2025-01-20 17:00,10,BOTH,BELOW,BLOCKED,XUYEN,2,false,false
TONUSDT,122,2025-01-21 14:00,26,BOTH,BELOW,THROUGH,XUYEN,2,true,
TONUSDT,123,2025-01-24 10:30,7,BELOW,BELOW,BLOCKED,CHAN,3,false,true
TONUSDT,124,2025-01-29 19:00,21,BOTH,BELOW,THROUGH,XUYEN,0,true,
TONUSDT,125,2025-01-31 03:45,1,ABOVE,ABOVE,BLOCKED,CHAN,2,false,
TONUSDT,126,2025-01-31 08:45,19,BOTH,BELOW,THROUGH,XUYEN,0,true,
TONUSDT,129,2025-02-07 20:00,10,BOTH,BELOW,THROUGH,XUYEN,1,true,
TONUSDT,130,2025-02-09 15:00,3,BOTH,ABOVE,THROUGH,XUYEN,1,true,
TONUSDT,131,2025-02-09 23:30,29,BOTH,ABOVE,THROUGH,XUYEN,3,true,
TONUSDT,132,2025-02-13 05:45,25,BOTH,BELOW,THROUGH,XUYEN,1,true,
TONUSDT,133,2025-02-17 08:15,8,BOTH,ABOVE,BLOCKED,XUYEN,3,false,false
TONUSDT,134,2025-02-20 09:00,15,BOTH,ABOVE,BLOCKED,XUYEN,3,false,false
TONUSDT,135,2025-02-22 00:00,4,BOTH,BELOW,THROUGH,XUYEN,3,true,
TONUSDT,136,2025-02-22 19:45,4,BOTH,BELOW,THROUGH,XUYEN,1,true,
TONUSDT,137,2025-02-24 22:00,6,BOTH,BELOW,BLOCKED,XUYEN,2,false,false
TONUSDT,138,2025-02-26 07:30,6,BOTH,BELOW,THROUGH,XUYEN,0,true,
TONUSDT,139,2025-02-28 01:30,6,BOTH,BELOW,THROUGH,XUYEN,2,true,
TONUSDT,140,2025-03-04 14:30,6,BOTH,ABOVE,THROUGH,XUYEN,2,true,
TONUSDT,141,2025-03-05 04:00,18,BELOW,BELOW,BLOCKED,CHAN,3,false,true
TONUSDT,142,2025-03-06 22:00,13,BOTH,ABOVE,THROUGH,XUYEN,2,true,
TONUSDT,146,2025-03-11 10:45,7,BELOW,BELOW,BLOCKED,XUYEN,1,false,false
TONUSDT,147,2025-03-11 23:00,5,BOTH,BELOW,BLOCKED,XUYEN,1,false,false
TONUSDT,148,2025-03-12 17:45,5,BOTH,BELOW,BLOCKED,XUYEN,1,false,false
TONUSDT,149,2025-03-12 22:45,18,BOTH,ABOVE,BLOCKED,XUYEN,4,false,false
TONUSDT,150,2025-03-14 19:00,2,ABOVE,ABOVE,BLOCKED,CHAN,2,false,true
TONUSDT,154,2025-03-22 20:00,7,ABOVE,ABOVE,BLOCKED,CHAN,2,false,true
TONUSDT,155,2025-03-24 23:15,1,BELOW,BELOW,BLOCKED,CHAN,1,false,
TONUSDT,156,2025-03-26 10:00,8,BOTH,ABOVE,BLOCKED,XUYEN,0,false,false
TONUSDT,157,2025-03-27 08:30,1,ABOVE,ABOVE,BLOCKED,CHAN,2,false,
TONUSDT,159,2025-03-29 06:00,5,BOTH,BELOW,THROUGH,XUYEN,2,true,
TONUSDT,160,2025-03-29 14:00,13,BOTH,BELOW,THROUGH,XUYEN,1,true,
TONUSDT,161,2025-03-30 13:00,1,BELOW,BELOW,BLOCKED,CHAN,1,false,
TONUSDT,162,2025-03-30 18:45,8,BOTH,ABOVE,BLOCKED,XUYEN,1,false,false
TONUSDT,164,2025-04-07 18:30,21,BOTH,ABOVE,THROUGH,XUYEN,4,true,
TONUSDT,165,2025-04-11 06:00,25,BOTH,ABOVE,BLOCKED,XUYEN,2,false,false
TONUSDT,166,2025-04-14 12:30,23,BOTH,BELOW,BLOCKED,XUYEN,1,false,false
TONUSDT,167,2025-04-17 03:00,7,BOTH,BELOW,THROUGH,XUYEN,3,true,
TONUSDT,168,2025-04-21 15:45,5,BOTH,BELOW,BLOCKED,XUYEN,2,false,false
TONUSDT,169,2025-04-24 19:30,9,ABOVE,ABOVE,BLOCKED,CHAN,4,false,true
TONUSDT,170,2025-04-27 08:30,2,BELOW,BELOW,BLOCKED,CHAN,3,false,true
TONUSDT,171,2025-04-27 19:15,3,BOTH,ABOVE,THROUGH,XUYEN,2,true,
TONUSDT,172,2025-04-28 09:15,5,BELOW,BELOW,BLOCKED,CHAN,0,false,true
TONUSDT,173,2025-04-30 05:15,17,BOTH,BELOW,BLOCKED,XUYEN,1,false,false
TONUSDT,174,2025-05-06 09:30,15,BOTH,BELOW,THROUGH,XUYEN,1,true,
TONUSDT,175,2025-05-07 12:15,10,BOTH,BELOW,THROUGH,XUYEN,2,true,
TONUSDT,177,2025-05-14 13:30,1,BELOW,BELOW,BLOCKED,CHAN,2,false,
TONUSDT,181,2025-05-26 01:45,22,BOTH,BELOW,BLOCKED,XUYEN,1,false,false
TONUSDT,183,2025-05-30 23:00,19,BELOW,BELOW,BLOCKED,CHAN,2,false,true
TONUSDT,184,2025-06-05 09:00,5,ABOVE,ABOVE,BLOCKED,CHAN,1,false,true
TONUSDT,186,2025-06-06 04:00,1,ABOVE,ABOVE,BLOCKED,CHAN,2,false,
TONUSDT,187,2025-06-07 15:00,14,BOTH,BELOW,THROUGH,XUYEN,2,true,
TONUSDT,188,2025-06-08 19:00,1,BELOW,BELOW,BLOCKED,CHAN,2,false,
TONUSDT,189,2025-06-08 23:15,5,BOTH,BELOW,BLOCKED,XUYEN,4,false,false
TONUSDT,190,2025-06-09 11:45,22,BOTH,BELOW,BLOCKED,XUYEN,0,false,false
TONUSDT,192,2025-06-18 06:00,1,BELOW,BELOW,BLOCKED,CHAN,0,false,
TONUSDT,193,2025-06-18 10:15,11,BOTH,BELOW,BLOCKED,XUYEN,1,false,false
TONUSDT,194,2025-06-19 12:45,18,BOTH,ABOVE,BLOCKED,XUYEN,1,false,false
TONUSDT,195,2025-06-22 13:15,30,BOTH,BELOW,THROUGH,XUYEN,2,true,
TONUSDT,196,2025-07-03 12:30,4,BOTH,BELOW,THROUGH,XUYEN,3,true,
TONUSDT,197,2025-07-03 18:00,3,BELOW,BELOW,BLOCKED,CHAN,1,false,true
TONUSDT,200,2025-07-09 18:00,1,ABOVE,ABOVE,BLOCKED,CHAN,1,false,
TONUSDT,202,2025-07-11 15:45,7,BELOW,BELOW,BLOCKED,CHAN,0,false,true
TONUSDT,203,2025-07-12 08:30,41,BOTH,ABOVE,BLOCKED,XUYEN,4,false,false
TONUSDT,205,2025-07-16 06:00,6,ABOVE,ABOVE,BLOCKED,CHAN,1,false,true
TONUSDT,206,2025-07-17 16:15,20,BOTH,BELOW,BLOCKED,XUYEN,4,false,false
TONUSDT,207,2025-07-20 22:00,10,BOTH,BELOW,THROUGH,XUYEN,2,true,
TONUSDT,210,2025-07-26 03:15,11,BOTH,ABOVE,BLOCKED,XUYEN,1,false,false
TONUSDT,211,2025-08-04 10:30,1,ABOVE,ABOVE,THROUGH,XUYEN,1,true,
TONUSDT,212,2025-08-07 07:45,3,BOTH,BELOW,THROUGH,XUYEN,1,true,
TONUSDT,213,2025-08-12 12:30,1,ABOVE,ABOVE,BLOCKED,CHAN,2,false,
TONUSDT,214,2025-08-13 02:15,7,BOTH,BELOW,BLOCKED,CHAN,4,false,true
TONUSDT,215,2025-08-14 12:30,2,BELOW,BELOW,BLOCKED,CHAN,2,false,true
TONUSDT,216,2025-08-17 07:30,4,BELOW,BELOW,BLOCKED,CHAN,1,false,true
TONUSDT,217,2025-08-17 15:45,9,BOTH,ABOVE,BLOCKED,XUYEN,3,false,false
TONUSDT,218,2025-08-19 11:15,3,BOTH,ABOVE,THROUGH,XUYEN,0,true,
TONUSDT,219,2025-08-19 22:00,12,BOTH,ABOVE,THROUGH,XUYEN,2,true,
TONUSDT,221,2025-08-22 12:00,1,BELOW,BELOW,THROUGH,XUYEN,2,true,
TONUSDT,223,2025-08-26 12:30,5,ABOVE,ABOVE,BLOCKED,XUYEN,1,false,false
TONUSDT,224,2025-08-28 11:45,10,BOTH,ABOVE,THROUGH,XUYEN,0,true,
TONUSDT,225,2025-08-29 06:30,24,BOTH,ABOVE,THROUGH,XUYEN,0,true,
TONUSDT,226,2025-09-03 13:00,3,ABOVE,ABOVE,BLOCKED,CHAN,2,false,true
TONUSDT,228,2025-09-05 07:00,3,ABOVE,ABOVE,THROUGH,XUYEN,3,true,
TONUSDT,229,2025-09-05 12:30,1,BELOW,BELOW,BLOCKED,CHAN,0,false,
TONUSDT,230,2025-09-06 13:00,4,BOTH,BELOW,THROUGH,XUYEN,1,true,
TONUSDT,231,2025-09-07 15:30,44,BOTH,BELOW,BLOCKED,XUYEN,2,false,false
TONUSDT,233,2025-09-12 06:00,9,BOTH,ABOVE,THROUGH,XUYEN,3,true,
TONUSDT,235,2025-09-21 08:30,6,BELOW,BELOW,BLOCKED,XUYEN,2,false,false
TONUSDT,236,2025-09-22 00:00,1,ABOVE,ABOVE,THROUGH,XUYEN,0,true,
TONUSDT,238,2025-09-23 17:30,23,BOTH,BELOW,BLOCKED,XUYEN,1,false,false
TONUSDT,239,2025-09-25 10:30,1,BELOW,BELOW,BLOCKED,CHAN,1,false,
TONUSDT,240,2025-09-25 23:30,12,BOTH,BELOW,THROUGH,XUYEN,1,true,
TONUSDT,241,2025-09-26 12:30,3,ABOVE,ABOVE,BLOCKED,CHAN,3,false,true
TONUSDT,243,2025-09-28 17:45,11,BOTH,BELOW,THROUGH,XUYEN,2,true,
TONUSDT,244,2025-09-29 15:45,3,BOTH,BELOW,THROUGH,XUYEN,3,true,
TONUSDT,245,2025-09-30 15:00,1,BELOW,BELOW,THROUGH,XUYEN,3,true,
TONUSDT,246,2025-10-02 06:30,5,BOTH,ABOVE,THROUGH,XUYEN,3,true,
TONUSDT,247,2025-10-02 14:15,26,BOTH,BELOW,THROUGH,XUYEN,1,true,
TONUSDT,248,2025-10-05 02:30,18,BOTH,ABOVE,BLOCKED,XUYEN,3,false,false
TONUSDT,251,2025-10-13 11:00,26,BOTH,BELOW,BLOCKED,XUYEN,0,false,false
TONUSDT,252,2025-10-15 20:30,11,BOTH,BELOW,BLOCKED,XUYEN,3,false,false
TONUSDT,253,2025-10-16 09:30,4,BOTH,ABOVE,BLOCKED,XUYEN,2,false,false
TONUSDT,254,2025-10-17 20:15,7,BOTH,ABOVE,THROUGH,XUYEN,1,true,
TONUSDT,255,2025-10-18 07:00,1,ABOVE,ABOVE,BLOCKED,CHAN,2,false,
TONUSDT,256,2025-10-19 08:15,1,BELOW,BELOW,THROUGH,XUYEN,0,true,
TONUSDT,257,2025-10-21 04:00,7,BOTH,BELOW,BLOCKED,XUYEN,2,false,false
TONUSDT,258,2025-10-22 11:00,8,BOTH,ABOVE,BLOCKED,XUYEN,1,false,false
TONUSDT,259,2025-10-22 21:00,18,BOTH,BELOW,BLOCKED,XUYEN,2,false,false
TONUSDT,260,2025-10-25 00:00,4,BELOW,BELOW,BLOCKED,XUYEN,2,false,false
TONUSDT,261,2025-10-26 22:00,5,BOTH,ABOVE,THROUGH,XUYEN,1,true,
TONUSDT,262,2025-10-28 03:00,2,ABOVE,ABOVE,BLOCKED,CHAN,3,false,true
TONUSDT,263,2025-10-28 10:00,11,BOTH,ABOVE,BLOCKED,XUYEN,2,false,false
TONUSDT,264,2025-10-29 18:30,4,BOTH,BELOW,THROUGH,XUYEN,2,true,
TONUSDT,266,2025-11-01 17:30,16,BOTH,ABOVE,BLOCKED,XUYEN,3,false,false
TONUSDT,268,2025-11-04 05:15,2,BELOW,BELOW,BLOCKED,XUYEN,2,false,false
TONUSDT,269,2025-11-04 20:15,13,BOTH,BELOW,BLOCKED,XUYEN,3,false,false
TONUSDT,270,2025-11-11 01:15,4,BOTH,ABOVE,THROUGH,XUYEN,0,true,
TONUSDT,271,2025-11-13 02:00,5,BOTH,BELOW,THROUGH,XUYEN,3,true,
TONUSDT,272,2025-11-13 13:00,1,ABOVE,ABOVE,THROUGH,XUYEN,1,true,
TONUSDT,273,2025-11-14 04:30,7,BOTH,BELOW,THROUGH,XUYEN,3,true,
TONUSDT,274,2025-11-17 19:30,11,BOTH,ABOVE,BLOCKED,XUYEN,1,false,false
TONUSDT,275,2025-11-21 07:30,20,BOTH,BELOW,BLOCKED,XUYEN,2,false,false
TONUSDT,276,2025-11-28 12:00,3,BELOW,BELOW,BLOCKED,CHAN,0,false,true
TONUSDT,277,2025-11-30 05:30,11,BOTH,BELOW,BLOCKED,XUYEN,3,false,false
TONUSDT,278,2025-12-03 08:00,3,BOTH,BELOW,THROUGH,XUYEN,0,true,
TONUSDT,279,2025-12-03 14:00,17,BOTH,BELOW,THROUGH,XUYEN,0,true,
TONUSDT,280,2025-12-07 14:15,3,BELOW,BELOW,THROUGH,XUYEN,0,true,
TONUSDT,281,2025-12-08 06:30,30,BOTH,ABOVE,BLOCKED,XUYEN,2,false,false
TONUSDT,282,2025-12-14 14:00,2,BOTH,ABOVE,THROUGH,XUYEN,3,true,
TONUSDT,283,2025-12-16 07:15,11,BOTH,BELOW,THROUGH,XUYEN,0,true,
TONUSDT,284,2025-12-20 18:45,11,BOTH,ABOVE,BLOCKED,XUYEN,2,false,false
TONUSDT,285,2025-12-22 00:00,9,BOTH,ABOVE,THROUGH,XUYEN,1,true,
TONUSDT,286,2025-12-23 03:30,18,BOTH,BELOW,BLOCKED,XUYEN,4,false,false
TONUSDT,287,2025-12-26 19:45,5,ABOVE,ABOVE,BLOCKED,CHAN,3,false,true
TONUSDT,288,2025-12-28 06:30,1,ABOVE,ABOVE,BLOCKED,CHAN,1,false,
TONUSDT,291,2025-12-31 13:15,5,BOTH,ABOVE,BLOCKED,XUYEN,2,false,false
TONUSDT,292,2026-01-01 10:30,3,BOTH,ABOVE,THROUGH,XUYEN,2,true,
TONUSDT,293,2026-01-01 19:30,5,BOTH,ABOVE,BLOCKED,XUYEN,3,false,false
TONUSDT,294,2026-01-03 05:30,4,BOTH,BELOW,THROUGH,XUYEN,1,true,
TONUSDT,295,2026-01-03 19:15,9,ABOVE,ABOVE,BLOCKED,CHAN,2,false,true
TONUSDT,296,2026-01-06 00:15,3,BOTH,BELOW,THROUGH,XUYEN,0,true,
TONUSDT,297,2026-01-06 05:00,9,BOTH,ABOVE,THROUGH,XUYEN,2,true,
TONUSDT,298,2026-01-07 07:00,19,BOTH,BELOW,THROUGH,XUYEN,3,true,
TONUSDT,299,2026-01-08 04:45,12,BOTH,BELOW,BLOCKED,XUYEN,4,false,false
TONUSDT,300,2026-01-09 19:00,8,BOTH,BELOW,THROUGH,XUYEN,1,true,
TONUSDT,301,2026-01-11 08:30,22,BOTH,BELOW,THROUGH,XUYEN,1,true,
TONUSDT,302,2026-01-13 22:00,22,BOTH,ABOVE,BLOCKED,XUYEN,0,false,false
TONUSDT,303,2026-01-16 10:30,17,BOTH,BELOW,BLOCKED,XUYEN,1,false,false
TONUSDT,305,2026-01-20 03:30,14,BOTH,BELOW,BLOCKED,XUYEN,3,false,false
TONUSDT,306,2026-01-22 03:30,6,BOTH,BELOW,BLOCKED,XUYEN,4,false,false
TONUSDT,307,2026-01-24 22:00,7,BOTH,ABOVE,THROUGH,XUYEN,3,true,
TONUSDT,308,2026-01-25 16:00,48,BOTH,BELOW,THROUGH,XUYEN,2,true,
TONUSDT,309,2026-01-29 23:00,10,BOTH,BELOW,BLOCKED,XUYEN,2,false,false
TONUSDT,311,2026-02-01 02:45,7,BOTH,ABOVE,BLOCKED,XUYEN,3,false,false
TONUSDT,312,2026-02-01 23:00,14,BOTH,BELOW,THROUGH,XUYEN,1,true,
TONUSDT,313,2026-02-04 03:30,12,BOTH,ABOVE,THROUGH,XUYEN,3,true,
TONUSDT,315,2026-02-07 16:00,20,BOTH,ABOVE,BLOCKED,XUYEN,2,false,false
TONUSDT,316,2026-02-10 11:00,15,BOTH,BELOW,BLOCKED,XUYEN,2,false,false
TONUSDT,317,2026-02-13 05:15,3,BOTH,BELOW,THROUGH,XUYEN,3,true,
TONUSDT,318,2026-02-14 05:45,4,BOTH,BELOW,THROUGH,XUYEN,3,true,
TONUSDT,319,2026-02-15 12:45,4,BOTH,BELOW,BLOCKED,XUYEN,0,false,false
TONUSDT,320,2026-02-15 21:15,5,BOTH,ABOVE,THROUGH,XUYEN,1,true,
TONUSDT,321,2026-02-18 15:30,3,BOTH,ABOVE,THROUGH,XUYEN,3,true,
TONUSDT,323,2026-02-20 11:45,11,BOTH,BELOW,THROUGH,XUYEN,2,true,
TONUSDT,324,2026-02-28 06:15,15,BOTH,BELOW,BLOCKED,XUYEN,1,false,false
TONUSDT,325,2026-03-08 22:00,16,BOTH,BELOW,BLOCKED,XUYEN,1,false,false
TONUSDT,326,2026-03-10 20:45,8,BOTH,ABOVE,THROUGH,XUYEN,0,true,
TONUSDT,327,2026-03-13 12:15,1,ABOVE,ABOVE,BLOCKED,CHAN,0,false,
TONUSDT,329,2026-03-15 13:00,15,BOTH,BELOW,THROUGH,XUYEN,0,true,
TONUSDT,330,2026-03-20 16:30,1,ABOVE,ABOVE,BLOCKED,CHAN,2,false,
TONUSDT,331,2026-03-21 11:00,11,BOTH,BELOW,THROUGH,XUYEN,2,true,
TONUSDT,332,2026-03-21 23:45,17,BOTH,BELOW,THROUGH,XUYEN,1,true,
TONUSDT,333,2026-03-23 19:00,3,ABOVE,ABOVE,BLOCKED,CHAN,3,false,true
TONUSDT,334,2026-03-25 00:00,8,BOTH,BELOW,THROUGH,XUYEN,0,true,
TONUSDT,336,2026-03-28 16:00,4,BOTH,ABOVE,BLOCKED,XUYEN,1,false,false
TONUSDT,337,2026-03-30 18:15,1,BELOW,BELOW,THROUGH,XUYEN,3,true,
TONUSDT,338,2026-03-31 16:30,22,BOTH,ABOVE,BLOCKED,XUYEN,2,false,false
TONUSDT,339,2026-04-03 00:00,30,BOTH,ABOVE,THROUGH,XUYEN,3,true,
TONUSDT,341,2026-04-07 12:00,8,BOTH,BELOW,BLOCKED,XUYEN,3,false,false
TONUSDT,345,2026-04-10 19:00,1,ABOVE,ABOVE,BLOCKED,CHAN,3,false,
TONUSDT,346,2026-04-11 22:15,19,BOTH,ABOVE,THROUGH,XUYEN,2,true,
TONUSDT,347,2026-04-15 05:30,1,BELOW,BELOW,THROUGH,XUYEN,1,true,
TONUSDT,349,2026-04-18 17:30,1,BELOW,BELOW,BLOCKED,CHAN,3,false,
TONUSDT,350,2026-04-20 13:00,1,ABOVE,ABOVE,BLOCKED,CHAN,1,false,
TONUSDT,351,2026-04-23 17:00,4,BOTH,ABOVE,THROUGH,XUYEN,2,true,
TONUSDT,352,2026-04-24 10:00,25,BOTH,BELOW,THROUGH,XUYEN,1,true,
TONUSDT,353,2026-04-27 00:00,13,BOTH,BELOW,THROUGH,XUYEN,1,true,
TONUSDT,354,2026-04-28 18:15,3,BOTH,BELOW,THROUGH,XUYEN,2,true,
TONUSDT,355,2026-04-29 18:00,1,BELOW,BELOW,BLOCKED,CHAN,3,false,
TONUSDT,356,2026-04-30 00:00,13,BOTH,ABOVE,THROUGH,XUYEN,2,true,
TONUSDT,357,2026-05-02 04:30,1,ABOVE,ABOVE,BLOCKED,CHAN,4,false,
TONUSDT,358,2026-05-03 00:00,1,BELOW,BELOW,BLOCKED,CHAN,0,false,
TONUSDT,359,2026-05-03 06:00,7,BOTH,ABOVE,THROUGH,XUYEN,0,true,
TONUSDT,363,2026-05-11 19:30,14,BOTH,ABOVE,THROUGH,XUYEN,2,true,
TONUSDT,364,2026-05-15 05:30,7,BOTH,BELOW,BLOCKED,XUYEN,0,false,false
TONUSDT,365,2026-05-16 04:00,28,BOTH,BELOW,BLOCKED,XUYEN,1,false,false
TONUSDT,366,2026-05-20 16:00,15,BOTH,ABOVE,BLOCKED,XUYEN,5,false,false
TONUSDT,368,2026-05-24 21:00,4,BOTH,ABOVE,THROUGH,XUYEN,0,true,
TONUSDT,369,2026-05-27 21:30,13,BOTH,BELOW,BLOCKED,XUYEN,1,false,false
TONUSDT,370,2026-05-31 18:15,2,BELOW,BELOW,BLOCKED,XUYEN,4,false,false
TONUSDT,371,2026-06-02 13:00,19,BOTH,BELOW,THROUGH,XUYEN,2,true,
TONUSDT,372,2026-06-06 04:00,2,BOTH,BELOW,THROUGH,XUYEN,1,true,
TONUSDT,374,2026-06-09 20:30,4,BOTH,ABOVE,THROUGH,XUYEN,3,true,
TONUSDT,375,2026-06-10 02:15,4,BOTH,BELOW,THROUGH,XUYEN,1,true,
TONUSDT,376,2026-06-10 12:30,3,BOTH,ABOVE,THROUGH,XUYEN,1,true,
TONUSDT,377,2026-06-10 21:45,2,BOTH,BELOW,THROUGH,XUYEN,0,true,
TONUSDT,378,2026-06-11 03:30,6,BOTH,ABOVE,BLOCKED,XUYEN,1,false,false
TONUSDT,379,2026-06-14 17:30,5,BOTH,BELOW,THROUGH,XUYEN,1,true,
TONUSDT,380,2026-06-16 13:00,3,BELOW,BELOW,BLOCKED,CHAN,1,false,true
TONUSDT,381,2026-06-20 05:00,6,BOTH,BELOW,BLOCKED,XUYEN,2,false,false
TONUSDT,382,2026-06-20 20:30,11,BOTH,BELOW,THROUGH,XUYEN,1,true,
TONUSDT,383,2026-06-22 15:30,5,BOTH,BELOW,THROUGH,XUYEN,1,true,
TONUSDT,384,2026-06-23 02:30,4,BOTH,BELOW,THROUGH,XUYEN,0,true,
TRXUSDT,0,2020-11-26 07:30,16,BOTH,BELOW,BLOCKED,XUYEN,3,false,false
TRXUSDT,1,2020-11-27 20:00,1,ABOVE,ABOVE,THROUGH,XUYEN,1,true,
TRXUSDT,2,2020-11-28 19:15,10,BOTH,BELOW,THROUGH,XUYEN,1,true,
TRXUSDT,3,2020-11-29 16:00,5,BOTH,BELOW,BLOCKED,XUYEN,4,false,false
TRXUSDT,4,2020-11-30 08:00,1,BELOW,BELOW,THROUGH,XUYEN,1,true,
TRXUSDT,5,2020-12-01 04:00,2,BOTH,ABOVE,THROUGH,XUYEN,2,true,
TRXUSDT,8,2020-12-11 16:00,5,BOTH,BELOW,THROUGH,XUYEN,1,true,
TRXUSDT,9,2020-12-14 00:00,24,BOTH,BELOW,BLOCKED,XUYEN,1,false,false
TRXUSDT,11,2020-12-17 13:45,23,BOTH,ABOVE,THROUGH,XUYEN,3,true,
TRXUSDT,13,2020-12-25 14:30,11,BOTH,BELOW,THROUGH,XUYEN,1,true,
TRXUSDT,14,2020-12-28 18:45,6,BOTH,BELOW,BLOCKED,XUYEN,2,false,false
TRXUSDT,15,2020-12-31 01:00,2,BELOW,BELOW,BLOCKED,CHAN,1,false,true
TRXUSDT,17,2020-12-31 12:45,36,BOTH,BELOW,BLOCKED,XUYEN,2,false,false
TRXUSDT,18,2021-01-03 05:00,6,BOTH,ABOVE,THROUGH,XUYEN,1,true,
TRXUSDT,19,2021-01-06 08:00,15,BOTH,ABOVE,BLOCKED,XUYEN,1,false,false
TRXUSDT,20,2021-01-15 05:45,3,BOTH,BELOW,THROUGH,XUYEN,3,true,
TRXUSDT,21,2021-01-15 22:30,6,BOTH,ABOVE,BLOCKED,XUYEN,2,false,false
TRXUSDT,22,2021-01-17 19:45,8,BOTH,BELOW,THROUGH,XUYEN,1,true,
TRXUSDT,23,2021-01-18 23:00,5,BOTH,ABOVE,BLOCKED,XUYEN,1,false,false
TRXUSDT,24,2021-01-19 05:45,5,BOTH,ABOVE,THROUGH,XUYEN,1,true,
TRXUSDT,25,2021-01-20 06:45,1,BELOW,BELOW,BLOCKED,CHAN,0,false,
TRXUSDT,26,2021-01-21 02:30,6,BELOW,BELOW,BLOCKED,CHAN,2,false,true
TRXUSDT,27,2021-01-22 12:00,3,ABOVE,ABOVE,BLOCKED,CHAN,3,false,true
TRXUSDT,28,2021-01-26 21:00,10,BOTH,BELOW,THROUGH,XUYEN,0,true,
TRXUSDT,29,2021-01-30 20:45,26,BOTH,BELOW,THROUGH,XUYEN,4,true,
TRXUSDT,30,2021-02-04 08:45,11,BOTH,BELOW,BLOCKED,XUYEN,2,false,false
TRXUSDT,31,2021-02-06 11:00,15,BOTH,BELOW,THROUGH,XUYEN,2,true,
TRXUSDT,32,2021-02-11 05:00,2,BOTH,BELOW,THROUGH,XUYEN,3,true,
TRXUSDT,34,2021-02-14 03:45,9,BOTH,BELOW,BLOCKED,XUYEN,3,false,false
TRXUSDT,35,2021-02-19 14:30,15,BOTH,BELOW,BLOCKED,XUYEN,2,false,false
TRXUSDT,36,2021-02-27 09:45,20,BOTH,ABOVE,BLOCKED,XUYEN,2,false,false
TRXUSDT,37,2021-03-15 09:15,12,BOTH,BELOW,BLOCKED,XUYEN,4,false,false
TRXUSDT,38,2021-03-22 20:30,1,BELOW,BELOW,BLOCKED,CHAN,2,false,
TRXUSDT,39,2021-03-24 22:15,4,BOTH,BELOW,BLOCKED,XUYEN,3,false,false
TRXUSDT,40,2021-03-28 07:15,14,BOTH,ABOVE,THROUGH,XUYEN,0,true,
TRXUSDT,41,2021-03-29 04:00,3,BOTH,BELOW,THROUGH,XUYEN,1,true,
TRXUSDT,42,2021-04-02 22:15,1,ABOVE,ABOVE,BLOCKED,CHAN,2,false,
TRXUSDT,44,2021-04-14 08:45,19,BOTH,BELOW,BLOCKED,XUYEN,2,false,false
TRXUSDT,45,2021-04-25 20:45,2,BOTH,BELOW,THROUGH,XUYEN,2,true,
TRXUSDT,46,2021-04-27 13:30,47,BOTH,BELOW,THROUGH,XUYEN,2,true,
TRXUSDT,48,2021-05-16 03:00,6,ABOVE,ABOVE,THROUGH,XUYEN,2,true,
TRXUSDT,49,2021-05-18 00:00,5,ABOVE,ABOVE,BLOCKED,XUYEN,2,false,false
TRXUSDT,50,2021-05-28 13:00,24,BOTH,ABOVE,BLOCKED,XUYEN,3,false,false
TRXUSDT,51,2021-06-07 20:45,6,BOTH,BELOW,BLOCKED,XUYEN,2,false,false
TRXUSDT,52,2021-06-11 19:30,22,BOTH,BELOW,THROUGH,XUYEN,1,true,
TRXUSDT,53,2021-06-17 14:00,7,BOTH,ABOVE,THROUGH,XUYEN,1,true,
TRXUSDT,54,2021-06-25 00:00,6,BOTH,ABOVE,THROUGH,XUYEN,0,true,
TRXUSDT,55,2021-06-27 04:00,4,BOTH,ABOVE,THROUGH,XUYEN,3,true,
TRXUSDT,56,2021-06-29 20:45,2,BELOW,BELOW,BLOCKED,CHAN,1,false,true
TRXUSDT,58,2021-07-01 23:45,7,BOTH,ABOVE,THROUGH,XUYEN,1,true,
TRXUSDT,59,2021-07-04 05:30,8,BOTH,ABOVE,BLOCKED,XUYEN,1,false,false
TRXUSDT,60,2021-07-06 04:00,18,BOTH,ABOVE,THROUGH,XUYEN,1,true,
TRXUSDT,61,2021-07-08 03:00,2,BELOW,BELOW,BLOCKED,CHAN,2,false,true
TRXUSDT,63,2021-07-12 06:30,2,BOTH,ABOVE,THROUGH,XUYEN,1,true,
TRXUSDT,64,2021-07-14 03:15,14,BOTH,BELOW,THROUGH,XUYEN,1,true,
TRXUSDT,65,2021-07-18 14:30,1,BELOW,BELOW,BLOCKED,CHAN,1,false,
TRXUSDT,67,2021-07-22 21:45,11,BOTH,BELOW,THROUGH,XUYEN,0,true,
TRXUSDT,68,2021-07-25 12:30,12,BOTH,ABOVE,THROUGH,XUYEN,1,true,
TRXUSDT,69,2021-07-28 07:30,2,BOTH,ABOVE,THROUGH,XUYEN,1,true,
TRXUSDT,70,2021-07-28 22:45,14,BOTH,BELOW,BLOCKED,XUYEN,2,false,false
TRXUSDT,71,2021-07-30 08:30,3,BOTH,BELOW,THROUGH,XUYEN,1,true,
TRXUSDT,72,2021-08-01 10:45,1,BELOW,BELOW,BLOCKED,CHAN,0,false,
TRXUSDT,73,2021-08-02 06:30,2,ABOVE,ABOVE,THROUGH,XUYEN,1,true,
TRXUSDT,74,2021-08-03 12:00,11,BOTH,BELOW,THROUGH,XUYEN,3,true,
TRXUSDT,75,2021-08-07 00:00,10,BOTH,ABOVE,THROUGH,XUYEN,1,true,
TRXUSDT,77,2021-08-14 04:45,18,BOTH,BELOW,THROUGH,XUYEN,3,true,
TRXUSDT,78,2021-08-20 18:30,41,BOTH,BELOW,THROUGH,XUYEN,2,true,
TRXUSDT,79,2021-08-25 14:00,9,BOTH,BELOW,THROUGH,XUYEN,1,true,
TRXUSDT,80,2021-08-30 18:45,6,BOTH,ABOVE,BLOCKED,XUYEN,2,false,false
TRXUSDT,81,2021-08-31 11:15,7,ABOVE,ABOVE,BLOCKED,CHAN,5,false,true
TRXUSDT,82,2021-09-02 19:30,3,BOTH,ABOVE,THROUGH,XUYEN,2,true,
TRXUSDT,83,2021-09-03 20:15,26,BOTH,BELOW,THROUGH,XUYEN,3,true,
TRXUSDT,85,2021-09-08 20:00,28,BOTH,BELOW,THROUGH,XUYEN,0,true,
TRXUSDT,86,2021-09-15 12:00,21,BOTH,BELOW,THROUGH,XUYEN,2,true,
TRXUSDT,88,2021-09-22 18:00,6,ABOVE,ABOVE,BLOCKED,XUYEN,3,false,false
TRXUSDT,89,2021-09-29 09:00,5,BOTH,BELOW,THROUGH,XUYEN,0,true,
TRXUSDT,90,2021-10-08 02:00,4,BOTH,ABOVE,THROUGH,XUYEN,1,true,
TRXUSDT,91,2021-10-10 00:00,1,BELOW,BELOW,BLOCKED,CHAN,1,false,
TRXUSDT,93,2021-10-14 11:00,42,BOTH,ABOVE,THROUGH,XUYEN,1,true,
TRXUSDT,94,2021-10-19 08:00,1,ABOVE,ABOVE,BLOCKED,CHAN,1,false,
TRXUSDT,95,2021-10-20 18:00,9,BOTH,BELOW,THROUGH,XUYEN,2,true,
TRXUSDT,98,2021-10-22 12:15,1,BELOW,BELOW,BLOCKED,CHAN,2,false,
TRXUSDT,99,2021-10-22 21:45,12,BOTH,BELOW,THROUGH,XUYEN,3,true,
TRXUSDT,100,2021-10-26 01:30,8,BOTH,ABOVE,THROUGH,XUYEN,1,true,
TRXUSDT,102,2021-10-28 12:00,3,ABOVE,ABOVE,BLOCKED,CHAN,3,false,true
TRXUSDT,103,2021-10-28 18:30,6,BOTH,BELOW,THROUGH,XUYEN,1,true,
TRXUSDT,104,2021-10-31 06:45,29,BOTH,ABOVE,BLOCKED,XUYEN,1,false,false
TRXUSDT,105,2021-11-02 12:30,41,BOTH,ABOVE,THROUGH,XUYEN,1,true,
TRXUSDT,106,2021-11-14 11:45,12,BOTH,ABOVE,THROUGH,XUYEN,1,true,
TRXUSDT,107,2021-11-20 15:00,3,BOTH,BELOW,THROUGH,XUYEN,1,true,
TRXUSDT,109,2021-11-23 09:30,11,BOTH,ABOVE,THROUGH,XUYEN,0,true,
TRXUSDT,110,2021-11-27 04:15,6,BOTH,ABOVE,THROUGH,XUYEN,0,true,
TRXUSDT,112,2021-11-28 02:30,4,BELOW,BELOW,BLOCKED,XUYEN,1,false,false
TRXUSDT,113,2021-12-01 16:00,10,BOTH,ABOVE,THROUGH,XUYEN,2,true,
TRXUSDT,114,2021-12-04 04:45,27,BOTH,BELOW,THROUGH,XUYEN,2,true,
TRXUSDT,115,2021-12-09 16:45,11,BOTH,BELOW,BLOCKED,XUYEN,5,false,false
TRXUSDT,116,2021-12-10 14:45,4,BELOW,BELOW,BLOCKED,CHAN,1,false,true
TRXUSDT,117,2021-12-13 08:00,4,ABOVE,ABOVE,BLOCKED,XUYEN,0,false,false
TRXUSDT,118,2021-12-15 04:00,24,BOTH,BELOW,THROUGH,XUYEN,0,true,
TRXUSDT,120,2021-12-18 18:45,7,BOTH,ABOVE,THROUGH,XUYEN,0,true,
TRXUSDT,121,2021-12-19 22:00,3,BOTH,ABOVE,THROUGH,XUYEN,1,true,
TRXUSDT,122,2021-12-22 02:00,30,BOTH,ABOVE,BLOCKED,XUYEN,2,false,false
TRXUSDT,123,2021-12-29 12:00,2,BELOW,BELOW,BLOCKED,CHAN,1,false,true
TRXUSDT,124,2021-12-30 06:00,11,BOTH,ABOVE,BLOCKED,XUYEN,2,false,false
TRXUSDT,125,2021-12-31 12:00,19,BOTH,BELOW,BLOCKED,XUYEN,2,false,false
TRXUSDT,126,2022-01-07 13:30,15,BOTH,BELOW,BLOCKED,XUYEN,1,false,false
TRXUSDT,128,2022-01-11 00:00,5,BOTH,BELOW,THROUGH,XUYEN,1,true,
TRXUSDT,130,2022-01-23 23:00,35,BOTH,ABOVE,THROUGH,XUYEN,0,true,
TRXUSDT,131,2022-01-29 20:30,36,BOTH,ABOVE,BLOCKED,XUYEN,2,false,false
TRXUSDT,132,2022-02-06 14:30,2,BELOW,BELOW,BLOCKED,CHAN,1,false,true
TRXUSDT,133,2022-02-06 23:00,2,ABOVE,ABOVE,THROUGH,XUYEN,2,true,
TRXUSDT,134,2022-02-08 08:00,12,BOTH,BELOW,THROUGH,XUYEN,1,true,
TRXUSDT,135,2022-02-10 13:30,1,BELOW,BELOW,BLOCKED,CHAN,0,false,
TRXUSDT,136,2022-02-17 04:00,2,BELOW,BELOW,BLOCKED,CHAN,2,false,true
TRXUSDT,137,2022-02-21 11:30,19,BOTH,BELOW,THROUGH,XUYEN,1,true,
TRXUSDT,138,2022-02-28 22:30,12,BOTH,ABOVE,BLOCKED,XUYEN,1,false,false
TRXUSDT,139,2022-03-06 00:00,8,BOTH,ABOVE,BLOCKED,XUYEN,2,false,false
TRXUSDT,140,2022-03-06 16:00,5,BOTH,ABOVE,BLOCKED,XUYEN,1,false,false
TRXUSDT,141,2022-03-06 21:00,7,BOTH,ABOVE,THROUGH,XUYEN,2,true,
TRXUSDT,142,2022-03-09 16:45,1,BELOW,BELOW,BLOCKED,CHAN,2,false,
TRXUSDT,143,2022-03-13 11:30,4,BOTH,BELOW,THROUGH,XUYEN,1,true,
TRXUSDT,144,2022-03-13 22:45,27,BOTH,BELOW,BLOCKED,XUYEN,1,false,false
TRXUSDT,145,2022-03-17 12:00,4,ABOVE,ABOVE,BLOCKED,CHAN,0,false,true
TRXUSDT,146,2022-03-18 00:00,5,BOTH,BELOW,BLOCKED,XUYEN,3,false,false
TRXUSDT,147,2022-03-21 02:30,12,BOTH,BELOW,BLOCKED,XUYEN,1,false,false
TRXUSDT,149,2022-03-24 22:00,10,BOTH,ABOVE,THROUGH,XUYEN,2,true,
TRXUSDT,151,2022-04-01 12:00,1,BELOW,BELOW,THROUGH,XUYEN,2,true,
TRXUSDT,152,2022-04-01 20:00,8,BOTH,ABOVE,BLOCKED,XUYEN,2,false,false
TRXUSDT,153,2022-04-11 20:00,9,BOTH,BELOW,BLOCKED,XUYEN,3,false,false
TRXUSDT,154,2022-04-14 11:00,9,BOTH,ABOVE,THROUGH,XUYEN,0,true,
TRXUSDT,155,2022-04-16 15:00,15,BOTH,BELOW,THROUGH,XUYEN,1,true,
TRXUSDT,158,2022-04-24 13:00,4,BOTH,BELOW,BLOCKED,XUYEN,2,false,false
TRXUSDT,159,2022-04-25 12:30,27,BOTH,BELOW,THROUGH,XUYEN,0,true,
TRXUSDT,160,2022-04-29 07:45,12,BOTH,ABOVE,THROUGH,XUYEN,2,true,
TRXUSDT,161,2022-04-30 20:30,7,BOTH,ABOVE,THROUGH,XUYEN,0,true,
TRXUSDT,162,2022-05-06 07:30,4,BOTH,BELOW,THROUGH,XUYEN,1,true,
TRXUSDT,163,2022-05-06 13:30,29,BOTH,BELOW,THROUGH,XUYEN,1,true,
TRXUSDT,164,2022-05-13 11:45,50,BOTH,ABOVE,BLOCKED,XUYEN,3,false,false
TRXUSDT,166,2022-05-22 12:45,2,ABOVE,ABOVE,BLOCKED,CHAN,1,false,true
TRXUSDT,167,2022-05-23 21:45,1,ABOVE,ABOVE,THROUGH,XUYEN,2,true,
TRXUSDT,168,2022-05-24 08:00,1,BELOW,BELOW,THROUGH,XUYEN,0,true,
TRXUSDT,169,2022-05-25 21:30,11,BOTH,ABOVE,BLOCKED,XUYEN,3,false,false
TRXUSDT,170,2022-05-28 10:15,8,BOTH,ABOVE,BLOCKED,XUYEN,1,false,false
TRXUSDT,171,2022-05-31 13:30,4,BOTH,BELOW,THROUGH,XUYEN,3,true,
TRXUSDT,172,2022-06-01 04:00,17,BOTH,ABOVE,BLOCKED,XUYEN,1,false,false
TRXUSDT,173,2022-06-04 01:00,4,BELOW,BELOW,BLOCKED,CHAN,2,false,true
TRXUSDT,174,2022-06-05 10:00,9,BOTH,ABOVE,BLOCKED,XUYEN,2,false,false
TRXUSDT,175,2022-06-07 07:45,7,ABOVE,ABOVE,BLOCKED,CHAN,2,false,true
TRXUSDT,177,2022-06-12 12:15,8,BOTH,ABOVE,THROUGH,XUYEN,2,true,
TRXUSDT,178,2022-06-18 06:45,22,BOTH,BELOW,THROUGH,XUYEN,0,true,
TRXUSDT,180,2022-06-19 16:00,9,BELOW,BELOW,BLOCKED,CHAN,3,false,true
TRXUSDT,182,2022-06-26 11:30,3,BOTH,ABOVE,THROUGH,XUYEN,0,true,
TRXUSDT,183,2022-06-26 15:00,3,BOTH,BELOW,THROUGH,XUYEN,3,true,
TRXUSDT,184,2022-06-27 02:30,17,BOTH,ABOVE,THROUGH,XUYEN,2,true,
TRXUSDT,186,2022-07-03 04:45,2,BELOW,BELOW,BLOCKED,XUYEN,2,false,false
TRXUSDT,187,2022-07-05 08:00,10,BOTH,BELOW,THROUGH,XUYEN,1,true,
TRXUSDT,188,2022-07-06 22:00,9,BOTH,ABOVE,BLOCKED,XUYEN,2,false,false
TRXUSDT,189,2022-07-08 01:15,8,BOTH,ABOVE,BLOCKED,XUYEN,1,false,false
TRXUSDT,190,2022-07-08 17:00,4,ABOVE,ABOVE,BLOCKED,XUYEN,3,false,false
TRXUSDT,191,2022-07-12 06:45,27,BOTH,BELOW,THROUGH,XUYEN,2,true,
TRXUSDT,192,2022-07-17 05:00,28,BOTH,ABOVE,BLOCKED,XUYEN,3,false,false
TRXUSDT,193,2022-07-20 20:00,11,BOTH,BELOW,BLOCKED,XUYEN,2,false,false
TRXUSDT,195,2022-07-29 11:00,3,BOTH,ABOVE,THROUGH,XUYEN,2,true,
TRXUSDT,196,2022-07-30 06:00,14,BOTH,ABOVE,BLOCKED,XUYEN,2,false,false
TRXUSDT,197,2022-07-31 18:00,3,BOTH,ABOVE,THROUGH,XUYEN,1,true,
TRXUSDT,198,2022-08-01 20:00,15,BOTH,ABOVE,THROUGH,XUYEN,1,true,
TRXUSDT,199,2022-08-03 07:30,6,BOTH,BELOW,THROUGH,XUYEN,1,true,
TRXUSDT,200,2022-08-03 20:15,13,BOTH,BELOW,THROUGH,XUYEN,1,true,
TRXUSDT,201,2022-08-06 06:30,22,BOTH,ABOVE,BLOCKED,XUYEN,0,false,false
TRXUSDT,202,2022-08-07 15:45,12,BOTH,ABOVE,BLOCKED,XUYEN,4,false,false
TRXUSDT,204,2022-08-10 00:30,7,BOTH,BELOW,THROUGH,XUYEN,1,true,
TRXUSDT,206,2022-08-11 11:30,10,BOTH,ABOVE,THROUGH,XUYEN,2,true,
TRXUSDT,207,2022-08-11 22:45,3,BELOW,BELOW,BLOCKED,CHAN,3,false,true
TRXUSDT,208,2022-08-12 06:15,4,BOTH,BELOW,THROUGH,XUYEN,3,true,
TRXUSDT,209,2022-08-12 18:30,20,BOTH,ABOVE,BLOCKED,XUYEN,0,false,false
TRXUSDT,210,2022-08-14 09:30,5,BOTH,ABOVE,THROUGH,XUYEN,1,true,
TRXUSDT,211,2022-08-14 21:00,12,BOTH,ABOVE,THROUGH,XUYEN,1,true,
TRXUSDT,213,2022-08-19 21:45,2,BOTH,BELOW,THROUGH,XUYEN,0,true,
TRXUSDT,214,2022-08-21 20:45,29,BOTH,ABOVE,THROUGH,XUYEN,2,true,
TRXUSDT,215,2022-08-24 10:00,5,ABOVE,ABOVE,THROUGH,XUYEN,2,true,
TRXUSDT,216,2022-08-24 16:30,1,BELOW,BELOW,BLOCKED,CHAN,3,false,
TRXUSDT,217,2022-08-24 23:15,22,BOTH,BELOW,THROUGH,XUYEN,1,true,
TRXUSDT,218,2022-08-26 11:00,2,BOTH,BELOW,THROUGH,XUYEN,1,true,
TRXUSDT,219,2022-08-28 17:45,6,BOTH,BELOW,BLOCKED,XUYEN,3,false,false
TRXUSDT,222,2022-09-04 04:30,3,BOTH,ABOVE,THROUGH,XUYEN,1,true,
TRXUSDT,223,2022-09-05 04:00,2,ABOVE,ABOVE,THROUGH,XUYEN,2,true,
TRXUSDT,225,2022-09-06 06:00,8,ABOVE,ABOVE,THROUGH,XUYEN,2,true,
TRXUSDT,228,2022-09-08 09:15,8,BOTH,ABOVE,BLOCKED,XUYEN,3,false,false
TRXUSDT,229,2022-09-09 02:00,1,ABOVE,ABOVE,BLOCKED,CHAN,2,false,
TRXUSDT,230,2022-09-09 12:00,17,BOTH,ABOVE,THROUGH,XUYEN,3,true,
TRXUSDT,231,2022-09-17 00:00,2,ABOVE,ABOVE,BLOCKED,CHAN,1,false,true
TRXUSDT,232,2022-09-18 09:45,7,BOTH,BELOW,BLOCKED,XUYEN,2,false,false
TRXUSDT,235,2022-09-21 17:15,12,BOTH,ABOVE,BLOCKED,XUYEN,0,false,false
TRXUSDT,236,2022-09-23 00:00,23,BOTH,ABOVE,BLOCKED,XUYEN,2,false,false
TRXUSDT,237,2022-09-26 21:45,12,BOTH,BELOW,THROUGH,XUYEN,2,true,
TRXUSDT,238,2022-09-29 20:45,8,BOTH,ABOVE,BLOCKED,XUYEN,1,false,false
TRXUSDT,239,2022-10-06 22:15,39,BOTH,ABOVE,THROUGH,XUYEN,1,true,
TRXUSDT,241,2022-10-14 20:15,10,BOTH,ABOVE,THROUGH,XUYEN,2,true,
TRXUSDT,242,2022-10-15 21:00,2,BELOW,BELOW,BLOCKED,CHAN,2,false,true
TRXUSDT,243,2022-10-16 05:00,42,BOTH,ABOVE,THROUGH,XUYEN,3,true,
TRXUSDT,244,2022-10-27 20:00,11,BOTH,BELOW,THROUGH,XUYEN,1,true,
TRXUSDT,245,2022-10-29 23:45,11,BOTH,ABOVE,BLOCKED,XUYEN,1,false,false
TRXUSDT,246,2022-10-30 21:00,6,BOTH,ABOVE,THROUGH,XUYEN,1,true,
TRXUSDT,247,2022-11-02 00:00,10,BOTH,BELOW,THROUGH,XUYEN,0,true,
TRXUSDT,248,2022-11-05 07:15,1,BELOW,BELOW,BLOCKED,CHAN,1,false,
TRXUSDT,249,2022-11-05 23:00,3,BELOW,BELOW,BLOCKED,XUYEN,2,false,false
TRXUSDT,252,2022-11-08 16:00,1,ABOVE,ABOVE,THROUGH,XUYEN,0,true,
TRXUSDT,253,2022-11-09 04:45,12,BOTH,ABOVE,BLOCKED,XUYEN,0,false,false
TRXUSDT,254,2022-11-10 17:30,4,BELOW,BELOW,BLOCKED,CHAN,2,false,true
TRXUSDT,255,2022-11-11 10:30,3,BOTH,ABOVE,THROUGH,XUYEN,2,true,
TRXUSDT,256,2022-11-12 20:00,5,ABOVE,ABOVE,BLOCKED,XUYEN,2,false,false
TRXUSDT,257,2022-11-13 03:00,2,BOTH,ABOVE,THROUGH,XUYEN,0,true,
TRXUSDT,261,2022-11-20 08:30,4,BOTH,BELOW,THROUGH,XUYEN,1,true,
TRXUSDT,266,2022-11-24 19:15,1,ABOVE,ABOVE,BLOCKED,CHAN,3,false,
TRXUSDT,268,2022-11-26 22:45,1,ABOVE,ABOVE,BLOCKED,CHAN,1,false,
TRXUSDT,271,2022-11-29 04:00,13,BOTH,ABOVE,BLOCKED,XUYEN,2,false,false
TRXUSDT,272,2022-11-30 17:15,29,BOTH,BELOW,THROUGH,XUYEN,0,true,
TRXUSDT,273,2022-12-03 06:00,11,BOTH,BELOW,BLOCKED,XUYEN,3,false,false
TRXUSDT,275,2022-12-05 19:15,7,BELOW,BELOW,BLOCKED,CHAN,2,false,true
TRXUSDT,277,2022-12-06 15:15,6,BOTH,ABOVE,BLOCKED,XUYEN,2,false,false
TRXUSDT,278,2022-12-08 03:30,5,ABOVE,ABOVE,BLOCKED,XUYEN,3,false,false
TRXUSDT,279,2022-12-10 15:15,8,BOTH,ABOVE,BLOCKED,XUYEN,0,false,false
TRXUSDT,280,2022-12-12 02:45,4,BELOW,BELOW,BLOCKED,XUYEN,1,false,false
TRXUSDT,281,2022-12-16 01:30,3,BELOW,BELOW,BLOCKED,CHAN,1,false,true
TRXUSDT,283,2022-12-17 13:45,11,BOTH,ABOVE,THROUGH,XUYEN,3,true,
TRXUSDT,284,2022-12-18 13:30,18,BOTH,BELOW,BLOCKED,XUYEN,3,false,false
TRXUSDT,285,2022-12-19 13:00,5,BOTH,ABOVE,BLOCKED,XUYEN,4,false,false
TRXUSDT,286,2022-12-19 22:30,2,BOTH,BELOW,THROUGH,XUYEN,2,true,
TRXUSDT,287,2022-12-27 11:00,10,BELOW,BELOW,BLOCKED,CHAN,3,false,true
TRXUSDT,288,2022-12-28 14:30,13,BOTH,ABOVE,BLOCKED,XUYEN,1,false,false
TRXUSDT,289,2023-01-01 20:00,5,BOTH,ABOVE,THROUGH,XUYEN,3,true,
TRXUSDT,291,2023-01-02 19:30,11,BOTH,ABOVE,BLOCKED,XUYEN,3,false,false
TRXUSDT,292,2023-01-03 21:30,7,BOTH,BELOW,BLOCKED,XUYEN,3,false,false
TRXUSDT,293,2023-01-06 13:30,1,ABOVE,ABOVE,BLOCKED,CHAN,2,false,
TRXUSDT,294,2023-01-07 15:15,10,BOTH,BELOW,BLOCKED,XUYEN,1,false,false
TRXUSDT,298,2023-01-16 08:00,7,BOTH,BELOW,THROUGH,XUYEN,2,true,
TRXUSDT,299,2023-01-17 19:30,20,BOTH,ABOVE,THROUGH,XUYEN,3,true,
TRXUSDT,300,2023-01-21 14:45,13,BOTH,BELOW,BLOCKED,XUYEN,3,false,false
TRXUSDT,302,2023-01-24 21:45,13,BOTH,BELOW,THROUGH,XUYEN,1,true,
TRXUSDT,303,2023-01-26 13:30,12,BOTH,BELOW,THROUGH,XUYEN,1,true,
TRXUSDT,304,2023-01-27 08:15,6,ABOVE,ABOVE,BLOCKED,CHAN,2,false,true
TRXUSDT,305,2023-01-27 19:00,8,BOTH,ABOVE,BLOCKED,XUYEN,2,false,false
TRXUSDT,306,2023-01-28 17:00,1,ABOVE,ABOVE,BLOCKED,CHAN,1,false,
TRXUSDT,307,2023-01-29 15:00,9,BOTH,ABOVE,THROUGH,XUYEN,1,true,
TRXUSDT,308,2023-01-30 03:00,4,ABOVE,ABOVE,BLOCKED,XUYEN,1,false,false
TRXUSDT,309,2023-01-30 14:45,33,BOTH,ABOVE,THROUGH,XUYEN,1,true,
TRXUSDT,310,2023-02-02 16:30,22,BOTH,ABOVE,BLOCKED,XUYEN,3,false,false
TRXUSDT,311,2023-02-04 10:00,10,BOTH,ABOVE,BLOCKED,XUYEN,1,false,false
TRXUSDT,312,2023-02-06 05:15,14,BOTH,BELOW,THROUGH,XUYEN,3,true,
TRXUSDT,313,2023-02-07 04:00,3,BOTH,ABOVE,THROUGH,XUYEN,2,true,
TRXUSDT,314,2023-02-08 13:00,8,ABOVE,ABOVE,BLOCKED,CHAN,1,false,true
TRXUSDT,316,2023-02-09 10:30,4,BOTH,BELOW,THROUGH,XUYEN,3,true,
TRXUSDT,317,2023-02-09 15:00,2,BOTH,ABOVE,THROUGH,XUYEN,2,true,
TRXUSDT,318,2023-02-12 12:00,11,BOTH,ABOVE,THROUGH,XUYEN,2,true,
TRXUSDT,319,2023-02-14 00:00,4,BOTH,ABOVE,BLOCKED,XUYEN,2,false,false
TRXUSDT,320,2023-02-17 09:00,3,BELOW,BELOW,BLOCKED,XUYEN,1,false,false
TRXUSDT,322,2023-02-18 12:00,24,BOTH,ABOVE,BLOCKED,XUYEN,2,false,false
TRXUSDT,323,2023-02-21 21:15,5,BOTH,BELOW,BLOCKED,CHAN,1,false,true
TRXUSDT,324,2023-02-23 09:15,2,BELOW,BELOW,BLOCKED,CHAN,1,false,true
TRXUSDT,325,2023-02-26 18:30,43,BOTH,ABOVE,BLOCKED,XUYEN,2,false,false
TRXUSDT,327,2023-03-07 15:00,1,BELOW,BELOW,BLOCKED,CHAN,2,false,
TRXUSDT,328,2023-03-10 13:30,8,BOTH,ABOVE,BLOCKED,XUYEN,1,false,false
TRXUSDT,329,2023-03-13 04:45,15,BOTH,ABOVE,THROUGH,XUYEN,0,true,
TRXUSDT,330,2023-03-15 11:00,13,BELOW,BELOW,BLOCKED,XUYEN,3,false,false
TRXUSDT,331,2023-03-17 06:15,11,BOTH,BELOW,BLOCKED,XUYEN,2,false,false
TRXUSDT,332,2023-03-18 16:30,5,BOTH,BELOW,BLOCKED,CHAN,4,false,true
TRXUSDT,334,2023-03-19 15:45,18,BOTH,BELOW,THROUGH,XUYEN,1,true,
TRXUSDT,335,2023-03-20 13:30,2,BELOW,BELOW,BLOCKED,CHAN,2,false,true
TRXUSDT,336,2023-03-21 07:00,3,BOTH,BELOW,THROUGH,XUYEN,2,true,
TRXUSDT,337,2023-03-22 19:30,9,BOTH,BELOW,BLOCKED,CHAN,2,false,true
TRXUSDT,338,2023-03-24 04:00,3,BOTH,ABOVE,BLOCKED,CHAN,5,false,true
TRXUSDT,339,2023-03-24 11:45,8,BOTH,ABOVE,BLOCKED,XUYEN,1,false,false
TRXUSDT,340,2023-03-25 08:00,46,BOTH,BELOW,THROUGH,XUYEN,3,true,
TRXUSDT,341,2023-03-28 15:00,5,BOTH,BELOW,THROUGH,XUYEN,1,true,
TRXUSDT,342,2023-03-29 18:30,22,BOTH,ABOVE,BLOCKED,XUYEN,1,false,false
TRXUSDT,343,2023-04-02 15:00,2,BELOW,BELOW,BLOCKED,CHAN,2,false,true
TRXUSDT,344,2023-04-02 19:30,9,BOTH,BELOW,BLOCKED,XUYEN,2,false,false
TRXUSDT,345,2023-04-03 17:30,4,BOTH,ABOVE,THROUGH,XUYEN,2,true,
TRXUSDT,346,2023-04-05 14:00,19,BOTH,BELOW,BLOCKED,XUYEN,1,false,false
TRXUSDT,347,2023-04-09 06:00,5,BOTH,BELOW,THROUGH,XUYEN,3,true,
TRXUSDT,349,2023-04-11 17:00,3,BELOW,BELOW,BLOCKED,CHAN,2,false,true
TRXUSDT,350,2023-04-13 14:00,7,BOTH,BELOW,THROUGH,XUYEN,1,true,
TRXUSDT,351,2023-04-17 11:30,8,BOTH,BELOW,THROUGH,XUYEN,1,true,
TRXUSDT,353,2023-04-19 21:15,7,BOTH,BELOW,THROUGH,XUYEN,1,true,
TRXUSDT,354,2023-04-20 15:00,34,BOTH,BELOW,BLOCKED,XUYEN,1,false,false
TRXUSDT,355,2023-04-27 00:15,4,ABOVE,ABOVE,BLOCKED,CHAN,0,false,true
TRXUSDT,356,2023-04-29 17:30,4,BOTH,BELOW,THROUGH,XUYEN,0,true,
TRXUSDT,357,2023-04-30 08:00,12,BOTH,ABOVE,THROUGH,XUYEN,0,true,
TRXUSDT,358,2023-04-30 23:30,12,BOTH,BELOW,BLOCKED,XUYEN,3,false,false
TRXUSDT,359,2023-05-09 11:45,30,BOTH,ABOVE,BLOCKED,XUYEN,2,false,false
TRXUSDT,360,2023-05-13 12:00,5,BOTH,BELOW,THROUGH,XUYEN,0,true,
TRXUSDT,361,2023-05-14 13:30,7,BOTH,BELOW,THROUGH,XUYEN,1,true,
TRXUSDT,362,2023-05-23 03:15,6,BOTH,ABOVE,BLOCKED,XUYEN,2,false,false
TRXUSDT,363,2023-05-23 20:00,18,BOTH,ABOVE,BLOCKED,XUYEN,1,false,false
TRXUSDT,364,2023-05-31 00:00,2,BOTH,ABOVE,THROUGH,XUYEN,0,true,
TRXUSDT,365,2023-06-01 00:45,8,BELOW,BELOW,BLOCKED,XUYEN,3,false,false
TRXUSDT,367,2023-06-04 09:30,6,ABOVE,ABOVE,BLOCKED,XUYEN,1,false,false
TRXUSDT,368,2023-06-06 12:00,10,BOTH,BELOW,THROUGH,XUYEN,2,true,
TRXUSDT,369,2023-06-09 02:15,4,BOTH,BELOW,THROUGH,XUYEN,2,true,
TRXUSDT,370,2023-06-10 04:15,10,BOTH,BELOW,BLOCKED,XUYEN,2,false,false
TRXUSDT,371,2023-06-13 17:45,9,BOTH,ABOVE,BLOCKED,XUYEN,1,false,false
TRXUSDT,372,2023-06-17 05:30,5,BOTH,ABOVE,THROUGH,XUYEN,1,true,
TRXUSDT,373,2023-06-18 20:00,9,BOTH,BELOW,BLOCKED,XUYEN,1,false,false
TRXUSDT,374,2023-06-22 11:00,8,BOTH,BELOW,THROUGH,XUYEN,1,true,
TRXUSDT,375,2023-06-24 20:00,7,BELOW,BELOW,BLOCKED,XUYEN,2,false,false
TRXUSDT,376,2023-06-25 07:45,3,ABOVE,ABOVE,BLOCKED,CHAN,1,false,true
TRXUSDT,377,2023-06-26 00:00,10,BOTH,BELOW,BLOCKED,XUYEN,1,false,false
TRXUSDT,378,2023-06-30 13:30,16,BOTH,BELOW,BLOCKED,XUYEN,2,false,false
TRXUSDT,379,2023-07-04 09:30,14,BOTH,ABOVE,THROUGH,XUYEN,3,true,
TRXUSDT,380,2023-07-06 11:45,2,BELOW,BELOW,BLOCKED,CHAN,1,false,true
TRXUSDT,381,2023-07-07 12:30,5,BOTH,ABOVE,BLOCKED,XUYEN,2,false,false
TRXUSDT,382,2023-07-11 05:00,7,BOTH,BELOW,BLOCKED,XUYEN,1,false,false
TRXUSDT,383,2023-07-12 00:00,4,BOTH,BELOW,THROUGH,XUYEN,2,true,
TRXUSDT,384,2023-07-12 04:00,7,BOTH,ABOVE,THROUGH,XUYEN,4,true,
TRXUSDT,386,2023-07-14 06:15,4,ABOVE,ABOVE,BLOCKED,XUYEN,3,false,false
TRXUSDT,387,2023-07-15 00:00,18,BOTH,ABOVE,THROUGH,XUYEN,1,true,
TRXUSDT,388,2023-07-17 15:00,10,BOTH,BELOW,THROUGH,XUYEN,3,true,
TRXUSDT,389,2023-07-18 16:45,16,BOTH,BELOW,BLOCKED,XUYEN,3,false,false
TRXUSDT,391,2023-07-22 23:15,4,BELOW,BELOW,BLOCKED,CHAN,1,false,true
TRXUSDT,392,2023-07-24 09:45,27,BOTH,BELOW,BLOCKED,XUYEN,1,false,false
TRXUSDT,393,2023-07-28 19:00,10,BOTH,ABOVE,THROUGH,XUYEN,1,true,
TRXUSDT,395,2023-08-01 02:00,21,BOTH,BELOW,THROUGH,XUYEN,2,true,
TRXUSDT,397,2023-08-02 21:15,7,BOTH,BELOW,BLOCKED,XUYEN,3,false,false
TRXUSDT,398,2023-08-04 12:30,2,ABOVE,ABOVE,BLOCKED,XUYEN,2,false,false
TRXUSDT,399,2023-08-04 20:30,6,BOTH,BELOW,BLOCKED,XUYEN,3,false,false
TRXUSDT,400,2023-08-05 11:45,30,BOTH,ABOVE,BLOCKED,XUYEN,1,false,false
TRXUSDT,401,2023-08-13 06:00,21,BOTH,BELOW,THROUGH,XUYEN,2,true,
TRXUSDT,402,2023-08-15 09:45,8,BOTH,ABOVE,THROUGH,XUYEN,0,true,
TRXUSDT,405,2023-08-17 15:30,2,BOTH,BELOW,THROUGH,XUYEN,1,true,
TRXUSDT,407,2023-08-19 15:00,5,BOTH,BELOW,THROUGH,XUYEN,0,true,
TRXUSDT,408,2023-08-21 15:15,11,BOTH,BELOW,THROUGH,XUYEN,2,true,
TRXUSDT,409,2023-08-26 04:45,22,BOTH,ABOVE,BLOCKED,XUYEN,2,false,false
TRXUSDT,410,2023-08-28 05:30,1,BELOW,BELOW,BLOCKED,CHAN,1,false,
TRXUSDT,412,2023-08-29 14:15,20,BOTH,ABOVE,THROUGH,XUYEN,1,true,
TRXUSDT,413,2023-09-02 12:45,6,ABOVE,ABOVE,BLOCKED,CHAN,2,false,true
TRXUSDT,414,2023-09-04 08:45,7,BOTH,BELOW,BLOCKED,CHAN,3,false,true
TRXUSDT,415,2023-09-06 09:45,7,BOTH,ABOVE,THROUGH,XUYEN,2,true,
TRXUSDT,416,2023-09-06 22:30,1,ABOVE,ABOVE,BLOCKED,CHAN,3,false,
TRXUSDT,417,2023-09-08 04:00,4,BOTH,ABOVE,THROUGH,XUYEN,3,true,
TRXUSDT,418,2023-09-08 10:00,19,BOTH,BELOW,BLOCKED,XUYEN,3,false,false
TRXUSDT,419,2023-09-11 14:00,5,BELOW,BELOW,BLOCKED,CHAN,2,false,true
TRXUSDT,420,2023-09-11 19:15,4,BOTH,BELOW,THROUGH,XUYEN,2,true,
TRXUSDT,421,2023-09-12 08:45,1,BELOW,BELOW,THROUGH,XUYEN,0,true,
TRXUSDT,422,2023-09-13 07:30,4,ABOVE,ABOVE,BLOCKED,CHAN,0,false,true
TRXUSDT,423,2023-09-13 19:00,11,BOTH,ABOVE,THROUGH,XUYEN,2,true,
TRXUSDT,425,2023-09-18 23:30,9,BOTH,BELOW,THROUGH,XUYEN,1,true,
TRXUSDT,426,2023-09-19 13:45,11,BOTH,BELOW,THROUGH,XUYEN,4,true,
TRXUSDT,427,2023-09-20 09:45,17,BOTH,BELOW,THROUGH,XUYEN,0,true,
TRXUSDT,428,2023-09-21 17:15,18,BOTH,BELOW,BLOCKED,XUYEN,3,false,false
TRXUSDT,429,2023-09-23 11:30,6,ABOVE,ABOVE,BLOCKED,CHAN,1,false,true
TRXUSDT,430,2023-09-23 22:00,9,BOTH,BELOW,THROUGH,XUYEN,1,true,
TRXUSDT,431,2023-09-25 23:45,6,BOTH,ABOVE,THROUGH,XUYEN,2,true,
TRXUSDT,432,2023-09-26 21:15,4,BOTH,BELOW,THROUGH,XUYEN,3,true,
TRXUSDT,434,2023-10-01 22:15,2,BOTH,ABOVE,THROUGH,XUYEN,1,true,
TRXUSDT,435,2023-10-02 18:30,1,BELOW,BELOW,BLOCKED,CHAN,1,false,
TRXUSDT,437,2023-10-04 19:00,11,BOTH,ABOVE,BLOCKED,XUYEN,2,false,false
TRXUSDT,438,2023-10-11 07:15,2,ABOVE,ABOVE,BLOCKED,CHAN,2,false,true
TRXUSDT,439,2023-10-11 15:15,1,BELOW,BELOW,BLOCKED,CHAN,1,false,
TRXUSDT,440,2023-10-12 20:30,9,BOTH,BELOW,THROUGH,XUYEN,2,true,
TRXUSDT,442,2023-10-13 20:45,8,BOTH,ABOVE,BLOCKED,XUYEN,1,false,false
TRXUSDT,443,2023-10-15 01:30,5,BOTH,ABOVE,THROUGH,XUYEN,0,true,
TRXUSDT,444,2023-10-16 05:15,1,ABOVE,ABOVE,BLOCKED,CHAN,2,false,
TRXUSDT,445,2023-10-17 04:00,3,BOTH,BELOW,THROUGH,XUYEN,1,true,
TRXUSDT,446,2023-10-17 13:45,4,BOTH,BELOW,BLOCKED,XUYEN,2,false,false
TRXUSDT,447,2023-10-17 18:45,1,ABOVE,ABOVE,BLOCKED,CHAN,3,false,
TRXUSDT,448,2023-10-18 04:45,11,BOTH,ABOVE,BLOCKED,XUYEN,2,false,false
TRXUSDT,449,2023-10-20 00:00,2,ABOVE,ABOVE,BLOCKED,CHAN,2,false,true
TRXUSDT,450,2023-10-20 08:15,7,ABOVE,ABOVE,BLOCKED,CHAN,1,false,true
TRXUSDT,453,2023-10-25 18:45,26,BOTH,ABOVE,THROUGH,XUYEN,2,true,
TRXUSDT,454,2023-10-28 05:00,10,BOTH,ABOVE,THROUGH,XUYEN,1,true,
TRXUSDT,455,2023-10-31 01:45,5,ABOVE,ABOVE,BLOCKED,CHAN,1,false,true
TRXUSDT,456,2023-10-31 20:45,3,BOTH,BELOW,THROUGH,XUYEN,1,true,
TRXUSDT,457,2023-11-01 14:45,9,BOTH,BELOW,THROUGH,XUYEN,2,true,
TRXUSDT,458,2023-11-03 20:45,15,BOTH,ABOVE,THROUGH,XUYEN,0,true,
TRXUSDT,459,2023-11-05 13:45,3,BELOW,BELOW,BLOCKED,CHAN,1,false,true
TRXUSDT,460,2023-11-06 12:45,12,BOTH,ABOVE,THROUGH,XUYEN,2,true,
TRXUSDT,461,2023-11-08 13:30,8,BOTH,ABOVE,THROUGH,XUYEN,3,true,
TRXUSDT,463,2023-11-19 05:15,2,BOTH,BELOW,THROUGH,XUYEN,0,true,
TRXUSDT,464,2023-11-19 23:00,3,BOTH,ABOVE,THROUGH,XUYEN,1,true,
TRXUSDT,467,2023-11-25 21:15,5,BOTH,ABOVE,BLOCKED,XUYEN,1,false,false
TRXUSDT,468,2023-11-27 10:00,1,BELOW,BELOW,BLOCKED,CHAN,2,false,
TRXUSDT,469,2023-12-01 23:00,11,BOTH,ABOVE,THROUGH,XUYEN,0,true,
TRXUSDT,471,2023-12-03 18:00,4,BOTH,ABOVE,BLOCKED,XUYEN,1,false,false
TRXUSDT,472,2023-12-05 02:00,6,BOTH,BELOW,BLOCKED,XUYEN,1,false,false
TRXUSDT,473,2023-12-06 04:30,3,BOTH,ABOVE,THROUGH,XUYEN,0,true,
TRXUSDT,474,2023-12-06 10:15,8,BOTH,ABOVE,THROUGH,XUYEN,2,true,
TRXUSDT,475,2023-12-08 07:45,1,ABOVE,ABOVE,BLOCKED,CHAN,2,false,
TRXUSDT,476,2023-12-09 00:00,1,ABOVE,ABOVE,BLOCKED,CHAN,0,false,
TRXUSDT,477,2023-12-09 05:00,17,BOTH,ABOVE,THROUGH,XUYEN,1,true,
TRXUSDT,478,2023-12-10 06:00,14,BOTH,ABOVE,THROUGH,XUYEN,3,true,
TRXUSDT,480,2023-12-13 15:00,4,ABOVE,ABOVE,BLOCKED,CHAN,1,false,true
TRXUSDT,481,2023-12-15 08:00,2,BELOW,BELOW,BLOCKED,CHAN,3,false,true
TRXUSDT,482,2023-12-15 23:15,4,BOTH,BELOW,THROUGH,XUYEN,1,true,
TRXUSDT,483,2023-12-16 23:00,3,BOTH,ABOVE,BLOCKED,XUYEN,1,false,false
TRXUSDT,484,2023-12-17 09:45,2,BOTH,ABOVE,THROUGH,XUYEN,2,true,
TRXUSDT,485,2023-12-19 14:00,1,BELOW,BELOW,THROUGH,XUYEN,1,true,
TRXUSDT,486,2023-12-24 05:30,10,BOTH,BELOW,THROUGH,XUYEN,2,true,
TRXUSDT,487,2023-12-26 14:45,21,BOTH,BELOW,BLOCKED,XUYEN,1,false,false
TRXUSDT,488,2024-01-01 18:00,23,BOTH,ABOVE,THROUGH,XUYEN,1,true,
TRXUSDT,489,2024-01-07 13:00,2,ABOVE,ABOVE,BLOCKED,CHAN,1,false,true
TRXUSDT,490,2024-01-07 22:00,16,BOTH,BELOW,BLOCKED,XUYEN,2,false,false
TRXUSDT,491,2024-01-09 12:45,6,BOTH,BELOW,THROUGH,XUYEN,1,true,
TRXUSDT,493,2024-01-18 19:45,9,BOTH,BELOW,BLOCKED,XUYEN,2,false,false
TRXUSDT,494,2024-01-20 05:45,16,BOTH,ABOVE,THROUGH,XUYEN,0,true,
TRXUSDT,495,2024-01-21 02:45,13,BOTH,ABOVE,BLOCKED,XUYEN,1,false,false
TRXUSDT,496,2024-01-26 08:00,1,ABOVE,ABOVE,BLOCKED,CHAN,1,false,
TRXUSDT,497,2024-01-27 00:45,3,ABOVE,ABOVE,BLOCKED,XUYEN,2,false,false
TRXUSDT,498,2024-01-27 17:15,11,BOTH,BELOW,THROUGH,XUYEN,1,true,
TRXUSDT,499,2024-01-29 12:00,2,BOTH,BELOW,THROUGH,XUYEN,1,true,
TRXUSDT,500,2024-01-30 18:00,14,BOTH,ABOVE,BLOCKED,XUYEN,2,false,false
TRXUSDT,501,2024-02-02 02:15,1,ABOVE,ABOVE,BLOCKED,CHAN,1,false,
TRXUSDT,503,2024-02-05 14:00,1,BELOW,BELOW,BLOCKED,CHAN,2,false,
TRXUSDT,504,2024-02-05 19:15,2,ABOVE,ABOVE,BLOCKED,CHAN,1,false,true
TRXUSDT,505,2024-02-06 08:45,7,BOTH,ABOVE,THROUGH,XUYEN,2,true,
TRXUSDT,507,2024-02-09 11:45,1,ABOVE,ABOVE,BLOCKED,CHAN,3,false,
TRXUSDT,508,2024-02-12 00:00,5,BOTH,BELOW,THROUGH,XUYEN,0,true,
TRXUSDT,509,2024-02-12 16:00,7,BOTH,BELOW,BLOCKED,XUYEN,1,false,false
TRXUSDT,512,2024-02-15 07:45,1,ABOVE,ABOVE,BLOCKED,CHAN,1,false,
TRXUSDT,513,2024-02-20 21:45,12,BOTH,ABOVE,THROUGH,XUYEN,1,true,
TRXUSDT,514,2024-02-21 21:15,14,BOTH,ABOVE,BLOCKED,XUYEN,2,false,false
TRXUSDT,515,2024-02-25 19:15,9,BOTH,ABOVE,THROUGH,XUYEN,0,true,
TRXUSDT,516,2024-02-27 06:30,5,BOTH,BELOW,BLOCKED,XUYEN,1,false,false
TRXUSDT,517,2024-02-27 19:00,1,ABOVE,ABOVE,BLOCKED,CHAN,3,false,
TRXUSDT,518,2024-02-28 07:00,6,BOTH,BELOW,THROUGH,XUYEN,2,true,
TRXUSDT,519,2024-02-29 00:00,4,ABOVE,ABOVE,BLOCKED,XUYEN,1,false,false
TRXUSDT,520,2024-03-11 13:45,5,BOTH,BELOW,THROUGH,XUYEN,2,true,
TRXUSDT,521,2024-03-12 08:00,4,BOTH,BELOW,THROUGH,XUYEN,2,true,
TRXUSDT,522,2024-03-13 20:00,6,BOTH,BELOW,THROUGH,XUYEN,1,true,
TRXUSDT,523,2024-03-19 09:30,15,BOTH,BELOW,BLOCKED,XUYEN,2,false,false
TRXUSDT,524,2024-03-24 09:45,14,BOTH,BELOW,BLOCKED,XUYEN,2,false,false
TRXUSDT,525,2024-03-26 10:45,4,BOTH,ABOVE,THROUGH,XUYEN,2,true,
TRXUSDT,526,2024-03-27 13:00,30,BOTH,ABOVE,THROUGH,XUYEN,0,true,
TRXUSDT,529,2024-04-03 08:00,14,BOTH,ABOVE,BLOCKED,XUYEN,2,false,false
TRXUSDT,530,2024-04-04 20:00,3,BOTH,BELOW,THROUGH,XUYEN,2,true,
TRXUSDT,531,2024-04-05 05:15,6,BOTH,BELOW,THROUGH,XUYEN,3,true,
TRXUSDT,532,2024-04-06 13:30,6,BOTH,ABOVE,BLOCKED,XUYEN,3,false,false
TRXUSDT,534,2024-04-13 19:45,7,BOTH,BELOW,BLOCKED,XUYEN,2,false,false
TRXUSDT,537,2024-04-19 23:00,8,BOTH,BELOW,BLOCKED,XUYEN,2,false,false
TRXUSDT,539,2024-04-28 22:30,4,BOTH,ABOVE,THROUGH,XUYEN,2,true,
TRXUSDT,540,2024-05-03 23:45,3,BOTH,BELOW,THROUGH,XUYEN,1,true,
TRXUSDT,541,2024-05-07 07:30,1,ABOVE,ABOVE,BLOCKED,CHAN,2,false,
TRXUSDT,543,2024-05-10 08:15,25,BOTH,BELOW,THROUGH,XUYEN,2,true,
TRXUSDT,544,2024-05-12 09:00,16,BOTH,BELOW,BLOCKED,XUYEN,3,false,false
TRXUSDT,545,2024-05-14 06:00,2,BELOW,BELOW,BLOCKED,CHAN,1,false,true
TRXUSDT,547,2024-05-15 20:00,2,BOTH,BELOW,BLOCKED,CHAN,2,false,true
TRXUSDT,549,2024-05-16 12:30,14,BOTH,ABOVE,BLOCKED,XUYEN,0,false,false
TRXUSDT,551,2024-05-20 04:30,4,BOTH,ABOVE,THROUGH,XUYEN,0,true,
TRXUSDT,552,2024-05-21 04:00,16,BOTH,BELOW,THROUGH,XUYEN,1,true,
TRXUSDT,554,2024-05-23 20:00,11,BOTH,BELOW,THROUGH,XUYEN,3,true,
TRXUSDT,555,2024-05-24 19:30,5,BOTH,ABOVE,THROUGH,XUYEN,1,true,
TRXUSDT,556,2024-05-25 23:00,9,BOTH,ABOVE,THROUGH,XUYEN,1,true,
TRXUSDT,558,2024-05-27 19:45,5,BOTH,BELOW,THROUGH,XUYEN,1,true,
TRXUSDT,559,2024-05-28 18:30,9,BOTH,BELOW,THROUGH,XUYEN,2,true,
TRXUSDT,560,2024-05-29 05:45,2,BOTH,BELOW,THROUGH,XUYEN,2,true,
TRXUSDT,561,2024-05-30 02:45,8,BOTH,BELOW,BLOCKED,XUYEN,1,false,false
TRXUSDT,562,2024-05-31 05:00,2,BOTH,ABOVE,THROUGH,XUYEN,0,true,
TRXUSDT,563,2024-06-01 02:15,7,BOTH,BELOW,THROUGH,XUYEN,2,true,
TRXUSDT,564,2024-06-03 13:15,12,BOTH,ABOVE,THROUGH,XUYEN,3,true,
TRXUSDT,565,2024-06-07 03:00,7,BOTH,BELOW,THROUGH,XUYEN,1,true,
TRXUSDT,566,2024-06-07 18:00,9,BOTH,BELOW,BLOCKED,XUYEN,2,false,false
TRXUSDT,567,2024-06-10 06:15,10,BOTH,BELOW,THROUGH,XUYEN,1,true,
TRXUSDT,571,2024-06-14 16:00,4,BOTH,BELOW,BLOCKED,XUYEN,1,false,false
TRXUSDT,572,2024-06-15 08:45,2,BOTH,BELOW,THROUGH,XUYEN,1,true,
TRXUSDT,573,2024-06-16 22:00,2,ABOVE,ABOVE,BLOCKED,CHAN,1,false,true
TRXUSDT,574,2024-06-17 16:15,6,BOTH,BELOW,THROUGH,XUYEN,2,true,
TRXUSDT,576,2024-06-18 19:00,4,BOTH,BELOW,THROUGH,XUYEN,2,true,
TRXUSDT,577,2024-06-21 05:00,3,BOTH,ABOVE,BLOCKED,XUYEN,3,false,false
TRXUSDT,578,2024-06-24 09:30,3,BOTH,BELOW,THROUGH,XUYEN,1,true,
TRXUSDT,581,2024-06-27 13:00,6,BOTH,BELOW,BLOCKED,XUYEN,1,false,false
TRXUSDT,582,2024-06-28 21:00,2,ABOVE,ABOVE,BLOCKED,CHAN,3,false,true
TRXUSDT,584,2024-07-02 02:45,4,ABOVE,ABOVE,BLOCKED,CHAN,3,false,true
TRXUSDT,585,2024-07-02 19:30,2,ABOVE,ABOVE,BLOCKED,CHAN,3,false,true
TRXUSDT,586,2024-07-03 02:15,8,BOTH,BELOW,THROUGH,XUYEN,1,true,
TRXUSDT,587,2024-07-06 00:00,9,BOTH,BELOW,THROUGH,XUYEN,0,true,
TRXUSDT,588,2024-07-10 04:00,6,BOTH,ABOVE,THROUGH,XUYEN,2,true,
TRXUSDT,589,2024-07-13 14:00,5,BOTH,ABOVE,THROUGH,XUYEN,2,true,
TRXUSDT,590,2024-07-16 04:30,1,BELOW,BELOW,BLOCKED,CHAN,1,false,
TRXUSDT,591,2024-07-20 02:45,6,BOTH,BELOW,THROUGH,XUYEN,0,true,
TRXUSDT,592,2024-07-20 20:00,15,BOTH,ABOVE,BLOCKED,XUYEN,2,false,false
TRXUSDT,593,2024-07-22 00:00,8,BOTH,ABOVE,BLOCKED,XUYEN,3,false,false
TRXUSDT,594,2024-07-22 19:00,2,BELOW,BELOW,BLOCKED,CHAN,3,false,true
TRXUSDT,595,2024-07-23 11:00,3,BOTH,BELOW,THROUGH,XUYEN,0,true,
TRXUSDT,596,2024-07-24 09:15,7,BOTH,BELOW,THROUGH,XUYEN,1,true,
TRXUSDT,597,2024-07-24 21:00,2,BELOW,BELOW,BLOCKED,XUYEN,1,false,false
TRXUSDT,598,2024-07-25 09:45,7,BOTH,ABOVE,THROUGH,XUYEN,2,true,
TRXUSDT,599,2024-07-25 21:15,9,BOTH,ABOVE,THROUGH,XUYEN,1,true,
TRXUSDT,600,2024-08-03 07:00,24,BOTH,ABOVE,THROUGH,XUYEN,2,true,
TRXUSDT,601,2024-08-08 12:30,2,BELOW,BELOW,THROUGH,XUYEN,2,true,
TRXUSDT,602,2024-08-09 04:30,6,ABOVE,ABOVE,THROUGH,XUYEN,0,true,
TRXUSDT,604,2024-08-10 22:00,2,BELOW,BELOW,BLOCKED,CHAN,1,false,true
TRXUSDT,605,2024-08-12 22:00,6,BOTH,ABOVE,THROUGH,XUYEN,1,true,
TRXUSDT,606,2024-08-14 22:00,7,BOTH,BELOW,THROUGH,XUYEN,0,true,
TRXUSDT,607,2024-08-17 09:30,8,BOTH,ABOVE,BLOCKED,XUYEN,2,false,false
TRXUSDT,608,2024-08-18 14:45,2,ABOVE,ABOVE,BLOCKED,CHAN,2,false,true
TRXUSDT,609,2024-08-21 07:45,15,BOTH,ABOVE,THROUGH,XUYEN,2,true,
TRXUSDT,610,2024-08-25 03:45,14,BOTH,BELOW,THROUGH,XUYEN,3,true,
TRXUSDT,611,2024-08-29 22:00,14,BOTH,BELOW,THROUGH,XUYEN,3,true,
TRXUSDT,612,2024-09-01 22:15,14,BOTH,BELOW,THROUGH,XUYEN,2,true,
TRXUSDT,613,2024-09-03 13:30,4,BELOW,BELOW,THROUGH,XUYEN,1,true,
TRXUSDT,614,2024-09-04 21:30,11,BOTH,ABOVE,BLOCKED,XUYEN,2,false,false
TRXUSDT,615,2024-09-05 10:15,4,ABOVE,ABOVE,BLOCKED,CHAN,2,false,true
TRXUSDT,617,2024-09-06 07:15,8,BOTH,BELOW,THROUGH,XUYEN,0,true,
TRXUSDT,618,2024-09-08 03:30,17,BOTH,ABOVE,THROUGH,XUYEN,3,true,
TRXUSDT,620,2024-09-14 15:15,12,BOTH,BELOW,BLOCKED,XUYEN,3,false,false
TRXUSDT,621,2024-09-25 22:00,1,BELOW,BELOW,THROUGH,XUYEN,1,true,
TRXUSDT,622,2024-09-27 20:30,46,BOTH,ABOVE,THROUGH,XUYEN,2,true,
TRXUSDT,623,2024-10-13 09:30,14,BOTH,ABOVE,BLOCKED,XUYEN,3,false,false
TRXUSDT,624,2024-10-14 17:45,25,BOTH,ABOVE,BLOCKED,XUYEN,1,false,false
TRXUSDT,625,2024-10-19 16:00,7,BOTH,BELOW,BLOCKED,XUYEN,1,false,false
TRXUSDT,626,2024-10-23 18:00,3,BOTH,BELOW,THROUGH,XUYEN,3,true,
TRXUSDT,628,2024-10-30 12:45,11,BOTH,ABOVE,BLOCKED,XUYEN,3,false,false
TRXUSDT,629,2024-11-01 07:00,13,BOTH,BELOW,BLOCKED,XUYEN,2,false,false
TRXUSDT,630,2024-11-13 19:00,10,BOTH,BELOW,THROUGH,XUYEN,1,true,
TRXUSDT,631,2024-11-15 23:00,7,BOTH,BELOW,THROUGH,XUYEN,1,true,
TRXUSDT,632,2024-11-24 12:30,6,BOTH,BELOW,BLOCKED,XUYEN,2,false,false
TRXUSDT,633,2024-11-25 05:30,3,ABOVE,ABOVE,THROUGH,XUYEN,3,true,
TRXUSDT,634,2024-11-25 21:30,7,BOTH,BELOW,THROUGH,XUYEN,0,true,
TRXUSDT,635,2024-11-27 00:00,2,ABOVE,ABOVE,BLOCKED,CHAN,1,false,true
TRXUSDT,636,2024-11-28 08:00,7,BOTH,BELOW,THROUGH,XUYEN,2,true,
TRXUSDT,637,2024-12-01 06:30,2,ABOVE,ABOVE,THROUGH,XUYEN,1,true,
TRXUSDT,638,2024-12-06 08:00,9,BOTH,BELOW,BLOCKED,XUYEN,2,false,false
TRXUSDT,639,2024-12-09 14:30,1,BELOW,BELOW,BLOCKED,CHAN,1,false,
TRXUSDT,642,2024-12-17 02:15,4,BELOW,BELOW,BLOCKED,CHAN,0,false,true
TRXUSDT,643,2024-12-17 07:45,4,BOTH,BELOW,THROUGH,XUYEN,4,true,
TRXUSDT,644,2024-12-20 08:00,21,BOTH,BELOW,BLOCKED,XUYEN,2,false,false
TRXUSDT,645,2024-12-26 08:00,5,BOTH,BELOW,THROUGH,XUYEN,1,true,
TRXUSDT,646,2024-12-30 21:30,6,BOTH,BELOW,THROUGH,XUYEN,1,true,
TRXUSDT,647,2024-12-31 17:30,11,BELOW,BELOW,BLOCKED,XUYEN,1,false,false
TRXUSDT,648,2025-01-05 00:45,15,BOTH,BELOW,BLOCKED,XUYEN,1,false,false
TRXUSDT,650,2025-01-09 13:30,4,BOTH,BELOW,THROUGH,XUYEN,1,true,
TRXUSDT,651,2025-01-10 13:30,2,BOTH,BELOW,THROUGH,XUYEN,1,true,
TRXUSDT,652,2025-01-10 22:00,3,BOTH,BELOW,THROUGH,XUYEN,1,true,
TRXUSDT,653,2025-01-13 14:30,7,BOTH,ABOVE,THROUGH,XUYEN,2,true,
TRXUSDT,654,2025-01-14 05:00,5,BOTH,ABOVE,THROUGH,XUYEN,3,true,
TRXUSDT,655,2025-01-14 13:30,7,BOTH,ABOVE,THROUGH,XUYEN,2,true,
TRXUSDT,656,2025-01-18 02:00,2,ABOVE,ABOVE,THROUGH,XUYEN,0,true,
TRXUSDT,658,2025-01-20 13:15,22,BOTH,ABOVE,THROUGH,XUYEN,3,true,
TRXUSDT,659,2025-01-29 19:00,2,BOTH,BELOW,THROUGH,XUYEN,3,true,
TRXUSDT,660,2025-01-31 14:00,8,BOTH,ABOVE,THROUGH,XUYEN,1,true,
TRXUSDT,661,2025-02-08 06:15,4,BOTH,ABOVE,BLOCKED,XUYEN,1,false,false
TRXUSDT,662,2025-02-12 08:00,24,BOTH,ABOVE,BLOCKED,XUYEN,2,false,false
TRXUSDT,663,2025-02-18 10:45,8,BOTH,BELOW,THROUGH,XUYEN,2,true,
TRXUSDT,664,2025-02-22 19:30,4,BOTH,ABOVE,THROUGH,XUYEN,3,true,
TRXUSDT,665,2025-02-26 21:45,6,BOTH,ABOVE,BLOCKED,XUYEN,2,false,false
TRXUSDT,666,2025-03-01 16:00,13,BOTH,BELOW,BLOCKED,XUYEN,2,false,false
TRXUSDT,667,2025-03-03 00:00,26,BOTH,BELOW,BLOCKED,XUYEN,1,false,false
TRXUSDT,669,2025-03-06 10:00,22,BOTH,BELOW,THROUGH,XUYEN,1,true,
TRXUSDT,670,2025-03-16 01:30,2,BELOW,BELOW,BLOCKED,CHAN,2,false,true
TRXUSDT,671,2025-03-17 18:00,6,ABOVE,ABOVE,BLOCKED,CHAN,2,false,true
TRXUSDT,672,2025-03-18 00:00,2,ABOVE,ABOVE,BLOCKED,CHAN,1,false,true
TRXUSDT,673,2025-03-20 16:45,3,ABOVE,ABOVE,BLOCKED,CHAN,2,false,true
TRXUSDT,674,2025-03-23 01:15,2,BOTH,ABOVE,THROUGH,XUYEN,1,true,
TRXUSDT,675,2025-03-24 12:00,18,BOTH,BELOW,THROUGH,XUYEN,0,true,
TRXUSDT,676,2025-03-27 07:30,59,BOTH,ABOVE,BLOCKED,XUYEN,3,false,false
TRXUSDT,677,2025-04-12 01:00,1,BELOW,BELOW,THROUGH,XUYEN,1,true,
TRXUSDT,679,2025-04-15 22:00,7,BOTH,ABOVE,THROUGH,XUYEN,3,true,
TRXUSDT,680,2025-04-18 19:30,14,BOTH,ABOVE,THROUGH,XUYEN,1,true,
TRXUSDT,681,2025-04-21 09:30,9,BOTH,BELOW,THROUGH,XUYEN,1,true,
TRXUSDT,682,2025-04-23 05:00,3,BOTH,ABOVE,THROUGH,XUYEN,3,true,
TRXUSDT,683,2025-04-24 02:30,3,BOTH,BELOW,THROUGH,XUYEN,1,true,
TRXUSDT,684,2025-04-25 00:00,1,BELOW,BELOW,BLOCKED,CHAN,3,false,
TRXUSDT,685,2025-04-25 21:45,2,BOTH,BELOW,THROUGH,XUYEN,0,true,
TRXUSDT,687,2025-04-27 20:00,67,BOTH,BELOW,BLOCKED,XUYEN,3,false,false
TRXUSDT,688,2025-05-08 08:00,2,ABOVE,ABOVE,BLOCKED,CHAN,3,false,true
TRXUSDT,690,2025-05-10 00:00,13,BOTH,ABOVE,THROUGH,XUYEN,1,true,
TRXUSDT,691,2025-05-12 20:15,73,BOTH,ABOVE,THROUGH,XUYEN,2,true,
TRXUSDT,692,2025-05-22 09:00,23,BOTH,ABOVE,BLOCKED,XUYEN,2,false,false
TRXUSDT,693,2025-05-25 22:00,3,ABOVE,ABOVE,BLOCKED,XUYEN,1,false,false
TRXUSDT,694,2025-05-29 04:00,3,ABOVE,ABOVE,BLOCKED,XUYEN,4,false,false
TRXUSDT,696,2025-06-05 19:15,1,BELOW,BELOW,BLOCKED,CHAN,2,false,
TRXUSDT,698,2025-06-10 11:00,1,ABOVE,ABOVE,THROUGH,XUYEN,1,true,
TRXUSDT,699,2025-06-13 00:00,8,BOTH,BELOW,BLOCKED,XUYEN,2,false,false
TRXUSDT,700,2025-06-15 00:00,15,BOTH,BELOW,THROUGH,XUYEN,0,true,
TRXUSDT,704,2025-06-28 11:00,21,BOTH,ABOVE,THROUGH,XUYEN,3,true,
TRXUSDT,705,2025-07-05 10:45,6,ABOVE,ABOVE,BLOCKED,CHAN,1,false,true
TRXUSDT,706,2025-07-07 12:15,11,BELOW,BELOW,BLOCKED,CHAN,3,false,true
TRXUSDT,708,2025-07-13 03:45,19,BOTH,BELOW,THROUGH,XUYEN,2,true,
TRXUSDT,711,2025-07-18 19:00,18,BOTH,BELOW,THROUGH,XUYEN,3,true,
TRXUSDT,712,2025-07-20 21:00,2,BOTH,BELOW,THROUGH,XUYEN,1,true,
TRXUSDT,713,2025-07-22 23:00,22,BOTH,ABOVE,THROUGH,XUYEN,1,true,
TRXUSDT,714,2025-07-28 13:00,3,BOTH,BELOW,THROUGH,XUYEN,1,true,
TRXUSDT,717,2025-07-30 18:00,26,BOTH,ABOVE,THROUGH,XUYEN,0,true,
TRXUSDT,718,2025-08-01 22:00,18,BOTH,BELOW,THROUGH,XUYEN,3,true,
TRXUSDT,719,2025-08-04 23:00,20,BOTH,ABOVE,BLOCKED,XUYEN,3,false,false
TRXUSDT,722,2025-08-15 06:00,5,BOTH,BELOW,THROUGH,XUYEN,3,true,
TRXUSDT,723,2025-08-16 13:45,4,BOTH,BELOW,THROUGH,XUYEN,1,true,
TRXUSDT,724,2025-08-17 16:00,12,BOTH,ABOVE,THROUGH,XUYEN,1,true,
TRXUSDT,725,2025-08-20 08:30,5,BOTH,ABOVE,THROUGH,XUYEN,0,true,
TRXUSDT,727,2025-08-26 12:00,7,BOTH,BELOW,THROUGH,XUYEN,1,true,
TRXUSDT,728,2025-08-28 08:00,1,ABOVE,ABOVE,THROUGH,XUYEN,2,true,
TRXUSDT,729,2025-08-31 08:00,9,BOTH,ABOVE,THROUGH,XUYEN,2,true,
TRXUSDT,730,2025-09-06 20:45,5,BOTH,BELOW,THROUGH,XUYEN,2,true,
TRXUSDT,731,2025-09-07 13:45,1,ABOVE,ABOVE,BLOCKED,CHAN,1,false,
TRXUSDT,732,2025-09-07 19:30,1,BELOW,BELOW,THROUGH,XUYEN,0,true,
TRXUSDT,733,2025-09-09 08:15,2,BOTH,ABOVE,THROUGH,XUYEN,1,true,
TRXUSDT,734,2025-09-09 22:30,1,ABOVE,ABOVE,BLOCKED,CHAN,0,false,
TRXUSDT,735,2025-09-11 11:00,12,BOTH,ABOVE,THROUGH,XUYEN,1,true,
TRXUSDT,737,2025-09-12 20:00,17,BOTH,ABOVE,THROUGH,XUYEN,1,true,
TRXUSDT,738,2025-09-16 15:30,9,BELOW,BELOW,BLOCKED,XUYEN,3,false,false
TRXUSDT,739,2025-09-17 17:30,11,BOTH,ABOVE,THROUGH,XUYEN,0,true,
TRXUSDT,741,2025-09-22 11:15,16,BOTH,ABOVE,THROUGH,XUYEN,1,true,
TRXUSDT,742,2025-09-24 10:15,15,BOTH,BELOW,THROUGH,XUYEN,0,true,
TRXUSDT,743,2025-09-27 12:00,23,BOTH,BELOW,THROUGH,XUYEN,2,true,
TRXUSDT,744,2025-09-29 22:00,15,BOTH,ABOVE,BLOCKED,XUYEN,3,false,false
TRXUSDT,745,2025-10-04 21:00,4,ABOVE,ABOVE,BLOCKED,CHAN,0,false,true
TRXUSDT,746,2025-10-07 04:00,1,BELOW,BELOW,BLOCKED,CHAN,2,false,
TRXUSDT,747,2025-10-08 22:00,5,BOTH,ABOVE,BLOCKED,XUYEN,3,false,false
TRXUSDT,748,2025-10-10 09:45,5,BOTH,BELOW,THROUGH,XUYEN,3,true,
TRXUSDT,750,2025-10-12 14:00,8,BOTH,ABOVE,BLOCKED,XUYEN,3,false,false
TRXUSDT,751,2025-10-16 18:00,7,BOTH,BELOW,THROUGH,XUYEN,1,true,
TRXUSDT,752,2025-10-21 04:00,17,BOTH,BELOW,BLOCKED,XUYEN,1,false,false
TRXUSDT,754,2025-10-29 18:30,7,BOTH,BELOW,THROUGH,XUYEN,0,true,
TRXUSDT,755,2025-10-30 13:30,14,BOTH,BELOW,BLOCKED,XUYEN,2,false,false
TRXUSDT,757,2025-11-14 04:30,8,BOTH,BELOW,THROUGH,XUYEN,0,true,
TRXUSDT,759,2025-11-17 03:00,20,BOTH,ABOVE,BLOCKED,XUYEN,2,false,false
TRXUSDT,760,2025-11-19 05:15,5,BELOW,BELOW,BLOCKED,CHAN,1,false,true
TRXUSDT,761,2025-11-19 13:30,9,BELOW,BELOW,BLOCKED,CHAN,2,false,true
TRXUSDT,762,2025-11-20 11:15,2,BOTH,ABOVE,THROUGH,XUYEN,1,true,
TRXUSDT,764,2025-11-22 22:45,6,BOTH,ABOVE,THROUGH,XUYEN,1,true,
TRXUSDT,765,2025-11-24 14:30,12,BOTH,BELOW,THROUGH,XUYEN,1,true,
TRXUSDT,766,2025-12-01 00:00,7,BOTH,BELOW,THROUGH,XUYEN,1,true,
TRXUSDT,767,2025-12-04 12:00,1,ABOVE,ABOVE,BLOCKED,CHAN,3,false,
TRXUSDT,768,2025-12-05 03:00,15,BOTH,ABOVE,THROUGH,XUYEN,1,true,
TRXUSDT,769,2025-12-07 05:00,10,BOTH,ABOVE,THROUGH,XUYEN,0,true,
TRXUSDT,771,2025-12-08 23:00,4,BOTH,BELOW,THROUGH,XUYEN,1,true,
TRXUSDT,772,2025-12-10 18:30,1,ABOVE,ABOVE,BLOCKED,CHAN,1,false,
TRXUSDT,773,2025-12-11 18:00,7,BOTH,BELOW,THROUGH,XUYEN,2,true,
TRXUSDT,774,2025-12-13 08:00,2,BELOW,BELOW,BLOCKED,CHAN,2,false,true
TRXUSDT,775,2025-12-13 21:00,1,BELOW,BELOW,THROUGH,XUYEN,1,true,
TRXUSDT,776,2025-12-15 23:00,9,BOTH,ABOVE,THROUGH,XUYEN,1,true,
TRXUSDT,777,2025-12-16 15:45,20,BOTH,ABOVE,BLOCKED,XUYEN,3,false,false
TRXUSDT,778,2025-12-19 05:45,33,BOTH,BELOW,THROUGH,XUYEN,0,true,
TRXUSDT,779,2025-12-27 20:00,4,BOTH,ABOVE,THROUGH,XUYEN,1,true,
TRXUSDT,780,2025-12-31 03:00,1,BELOW,BELOW,BLOCKED,CHAN,2,false,
TRXUSDT,781,2025-12-31 22:00,3,BOTH,ABOVE,THROUGH,XUYEN,2,true,
TRXUSDT,782,2026-01-01 11:45,10,BOTH,BELOW,BLOCKED,XUYEN,1,false,false
TRXUSDT,783,2026-01-03 00:45,5,BOTH,BELOW,THROUGH,XUYEN,2,true,
TRXUSDT,785,2026-01-06 09:30,11,BOTH,BELOW,BLOCKED,XUYEN,3,false,false
TRXUSDT,786,2026-01-08 08:00,6,BOTH,BELOW,BLOCKED,XUYEN,3,false,false
TRXUSDT,787,2026-01-10 04:00,11,BOTH,BELOW,THROUGH,XUYEN,0,true,
TRXUSDT,788,2026-01-12 06:00,11,BOTH,BELOW,THROUGH,XUYEN,1,true,
TRXUSDT,789,2026-01-13 19:00,2,BOTH,ABOVE,THROUGH,XUYEN,1,true,
TRXUSDT,790,2026-01-14 07:45,12,BOTH,BELOW,BLOCKED,XUYEN,1,false,false
TRXUSDT,791,2026-01-16 09:00,6,BOTH,BELOW,THROUGH,XUYEN,2,true,
TRXUSDT,792,2026-01-17 09:45,9,BOTH,ABOVE,THROUGH,XUYEN,1,true,
TRXUSDT,794,2026-01-21 11:45,30,BOTH,BELOW,THROUGH,XUYEN,1,true,
TRXUSDT,795,2026-01-28 00:00,16,BOTH,BELOW,THROUGH,XUYEN,2,true,
TRXUSDT,796,2026-01-29 23:00,6,BOTH,BELOW,THROUGH,XUYEN,1,true,
TRXUSDT,797,2026-02-01 04:45,6,BOTH,BELOW,THROUGH,XUYEN,1,true,
TRXUSDT,798,2026-02-03 00:00,30,BOTH,BELOW,THROUGH,XUYEN,2,true,
TRXUSDT,799,2026-02-06 08:45,4,ABOVE,ABOVE,BLOCKED,CHAN,0,false,true
TRXUSDT,800,2026-02-07 16:00,5,BOTH,ABOVE,BLOCKED,XUYEN,2,false,false
TRXUSDT,801,2026-02-17 09:15,3,BOTH,BELOW,THROUGH,XUYEN,1,true,
TRXUSDT,803,2026-02-21 04:45,3,BOTH,ABOVE,THROUGH,XUYEN,1,true,
TRXUSDT,804,2026-02-21 18:30,8,BOTH,ABOVE,THROUGH,XUYEN,1,true,
TRXUSDT,805,2026-02-23 09:30,3,ABOVE,ABOVE,THROUGH,XUYEN,3,true,
TRXUSDT,806,2026-02-23 20:00,11,BOTH,BELOW,BLOCKED,XUYEN,3,false,false
TRXUSDT,808,2026-03-01 01:45,6,BOTH,ABOVE,THROUGH,XUYEN,1,true,
TRXUSDT,809,2026-03-01 16:45,14,BOTH,BELOW,BLOCKED,XUYEN,2,false,false
TRXUSDT,811,2026-03-04 00:00,4,BELOW,BELOW,BLOCKED,XUYEN,0,false,false
TRXUSDT,812,2026-03-04 12:00,9,BOTH,ABOVE,BLOCKED,XUYEN,3,false,false
TRXUSDT,814,2026-03-08 16:00,1,ABOVE,ABOVE,BLOCKED,CHAN,3,false,
TRXUSDT,815,2026-03-09 03:00,2,BOTH,ABOVE,THROUGH,XUYEN,0,true,
TRXUSDT,816,2026-03-09 10:15,4,BELOW,BELOW,THROUGH,XUYEN,1,true,
TRXUSDT,818,2026-03-14 21:00,9,BOTH,ABOVE,BLOCKED,XUYEN,3,false,false
TRXUSDT,819,2026-03-16 17:30,2,BOTH,BELOW,THROUGH,XUYEN,1,true,
TRXUSDT,820,2026-03-22 12:00,4,BOTH,ABOVE,THROUGH,XUYEN,2,true,
TRXUSDT,821,2026-03-23 11:00,12,BOTH,ABOVE,THROUGH,XUYEN,1,true,
TRXUSDT,822,2026-03-27 04:30,10,BOTH,ABOVE,THROUGH,XUYEN,1,true,
TRXUSDT,824,2026-03-30 04:30,6,BOTH,BELOW,BLOCKED,XUYEN,1,false,false
TRXUSDT,825,2026-04-01 17:00,19,BOTH,BELOW,THROUGH,XUYEN,0,true,
TRXUSDT,826,2026-04-02 17:00,13,BOTH,BELOW,THROUGH,XUYEN,2,true,
TRXUSDT,827,2026-04-03 07:00,6,BOTH,BELOW,BLOCKED,XUYEN,1,false,false
TRXUSDT,828,2026-04-04 08:00,23,BOTH,ABOVE,BLOCKED,XUYEN,3,false,false
TRXUSDT,829,2026-04-09 00:00,4,BOTH,ABOVE,THROUGH,XUYEN,0,true,
TRXUSDT,830,2026-04-09 10:45,2,ABOVE,ABOVE,BLOCKED,CHAN,1,false,true
TRXUSDT,831,2026-04-13 07:45,17,BOTH,ABOVE,THROUGH,XUYEN,2,true,
TRXUSDT,832,2026-04-15 00:00,4,BOTH,ABOVE,BLOCKED,XUYEN,0,false,false
TRXUSDT,833,2026-04-15 07:15,1,ABOVE,ABOVE,THROUGH,XUYEN,0,true,
TRXUSDT,835,2026-04-23 05:45,10,BOTH,BELOW,THROUGH,XUYEN,1,true,
TRXUSDT,837,2026-04-25 15:45,6,BOTH,ABOVE,BLOCKED,XUYEN,1,false,false
TRXUSDT,838,2026-04-26 16:00,16,BOTH,ABOVE,BLOCKED,XUYEN,1,false,false
TRXUSDT,839,2026-04-28 01:15,1,BELOW,BELOW,BLOCKED,CHAN,3,false,
TRXUSDT,840,2026-04-29 08:30,1,ABOVE,ABOVE,BLOCKED,CHAN,2,false,
TRXUSDT,843,2026-05-04 12:15,18,BOTH,BELOW,THROUGH,XUYEN,2,true,
TRXUSDT,844,2026-05-07 20:00,50,BOTH,BELOW,BLOCKED,XUYEN,1,false,false
TRXUSDT,845,2026-05-15 03:00,8,BOTH,BELOW,THROUGH,XUYEN,0,true,
TRXUSDT,846,2026-05-17 11:15,27,BOTH,ABOVE,BLOCKED,XUYEN,2,false,false
TRXUSDT,847,2026-05-20 00:00,5,BOTH,ABOVE,THROUGH,XUYEN,0,true,
TRXUSDT,848,2026-05-21 05:30,9,BOTH,ABOVE,THROUGH,XUYEN,0,true,
TRXUSDT,850,2026-05-24 03:00,1,ABOVE,ABOVE,BLOCKED,CHAN,1,false,
TRXUSDT,851,2026-05-24 17:00,8,BOTH,ABOVE,THROUGH,XUYEN,3,true,
TRXUSDT,853,2026-05-27 11:30,1,ABOVE,ABOVE,THROUGH,XUYEN,0,true,
TRXUSDT,855,2026-05-30 04:30,3,BOTH,BELOW,BLOCKED,XUYEN,3,false,false
TRXUSDT,856,2026-05-31 16:00,4,ABOVE,ABOVE,BLOCKED,XUYEN,2,false,false
TRXUSDT,857,2026-06-02 22:45,4,BELOW,BELOW,BLOCKED,CHAN,1,false,true
TRXUSDT,858,2026-06-04 09:15,11,BOTH,BELOW,THROUGH,XUYEN,1,true,
TRXUSDT,861,2026-06-14 00:45,4,BOTH,BELOW,THROUGH,XUYEN,1,true,
TRXUSDT,862,2026-06-14 23:45,18,BOTH,ABOVE,BLOCKED,XUYEN,1,false,false
TRXUSDT,863,2026-06-17 18:00,15,BOTH,BELOW,BLOCKED,XUYEN,0,false,false
TRXUSDT,864,2026-06-21 03:00,5,BOTH,BELOW,THROUGH,XUYEN,1,true,
TRXUSDT,865,2026-06-22 03:45,3,BOTH,BELOW,THROUGH,XUYEN,0,true,
TRXUSDT,866,2026-06-22 15:45,9,BOTH,BELOW,THROUGH,XUYEN,0,true,
TRXUSDT,867,2026-06-25 21:30,3,BOTH,ABOVE,THROUGH,XUYEN,1,true,
TRXUSDT,868,2026-06-28 00:00,15,BOTH,ABOVE,BLOCKED,XUYEN,2,false,false
TRXUSDT,869,2026-07-08 13:30,1,ABOVE,ABOVE,BLOCKED,CHAN,2,false,
TRXUSDT,870,2026-07-11 00:00,1,BELOW,BELOW,BLOCKED,CHAN,2,false,
TRXUSDT,871,2026-07-11 07:45,16,BOTH,BELOW,THROUGH,XUYEN,2,true,
TRXUSDT,873,2026-07-14 05:30,16,BOTH,ABOVE,THROUGH,XUYEN,2,true,
TRXUSDT,876,2026-07-19 00:00,12,BOTH,ABOVE,THROUGH,XUYEN,1,true,
TRXUSDT,877,2026-07-21 00:00,5,BELOW,BELOW,BLOCKED,XUYEN,1,false,false
TRXUSDT,878,2026-07-21 18:45,24,BOTH,ABOVE,THROUGH,XUYEN,1,true,
TRXUSDT,879,2026-07-24 19:45,5,BOTH,ABOVE,THROUGH,XUYEN,2,true,
TRXUSDT,880,2026-07-25 03:00,11,BOTH,BELOW,THROUGH,XUYEN,1,true,
TRXUSDT,881,2026-07-28 21:30,3,BOTH,ABOVE,THROUGH,XUYEN,0,true,
TRXUSDT,882,2026-07-30 07:30,12,BOTH,ABOVE,THROUGH,XUYEN,1,true,
TRXUSDT,883,2026-08-02 00:00,3,ABOVE,ABOVE,BLOCKED,XUYEN,1,false,false
TRXUSDT,884,2026-08-02 13:30,2,ABOVE,ABOVE,BLOCKED,CHAN,1,false,true
TRXUSDT,885,2026-08-03 00:00,2,BELOW,BELOW,BLOCKED,XUYEN,2,false,false
TRXUSDT,886,2026-08-04 15:45,2,BOTH,BELOW,THROUGH,XUYEN,0,true,
TRXUSDT,887,2026-08-07 00:00,10,BOTH,ABOVE,THROUGH,XUYEN,0,true,
TRXUSDT,888,2026-08-08 00:00,3,ABOVE,ABOVE,BLOCKED,XUYEN,2,false,false
TRXUSDT,889,2026-08-08 05:00,2,BOTH,ABOVE,THROUGH,XUYEN,1,true,
NEARUSDT,0,2020-11-24 18:30,14,BOTH,ABOVE,THROUGH,XUYEN,2,true,
NEARUSDT,1,2020-11-27 00:00,2,ABOVE,ABOVE,BLOCKED,XUYEN,2,false,false
NEARUSDT,2,2020-11-27 14:30,7,BOTH,ABOVE,THROUGH,XUYEN,0,true,
NEARUSDT,4,2020-11-28 20:45,14,BOTH,BELOW,THROUGH,XUYEN,2,true,
NEARUSDT,7,2020-11-30 06:15,11,BOTH,BELOW,THROUGH,XUYEN,1,true,
NEARUSDT,8,2020-12-01 04:30,7,BOTH,BELOW,THROUGH,XUYEN,0,true,
NEARUSDT,10,2020-12-02 20:00,2,BOTH,BELOW,THROUGH,XUYEN,1,true,
NEARUSDT,11,2020-12-05 18:00,5,BOTH,ABOVE,BLOCKED,XUYEN,2,false,false
NEARUSDT,13,2020-12-08 19:45,2,BELOW,BELOW,BLOCKED,CHAN,2,false,true
NEARUSDT,14,2020-12-09 04:45,3,BOTH,BELOW,THROUGH,XUYEN,1,true,
NEARUSDT,15,2020-12-09 22:45,6,BOTH,ABOVE,BLOCKED,XUYEN,3,false,false
NEARUSDT,16,2020-12-12 13:00,3,BOTH,BELOW,THROUGH,XUYEN,1,true,
NEARUSDT,17,2020-12-13 15:00,3,BOTH,BELOW,THROUGH,XUYEN,2,true,
NEARUSDT,18,2020-12-13 22:15,3,BOTH,BELOW,THROUGH,XUYEN,1,true,
NEARUSDT,19,2020-12-15 18:15,5,BOTH,ABOVE,BLOCKED,XUYEN,3,false,false
NEARUSDT,20,2020-12-17 13:45,3,BOTH,BELOW,THROUGH,XUYEN,3,true,
NEARUSDT,21,2020-12-17 20:45,2,BELOW,BELOW,BLOCKED,CHAN,2,false,true
NEARUSDT,22,2020-12-18 10:00,14,BOTH,ABOVE,BLOCKED,XUYEN,4,false,false
NEARUSDT,23,2020-12-19 09:30,9,BOTH,ABOVE,BLOCKED,XUYEN,3,false,false
NEARUSDT,24,2020-12-23 15:45,19,BOTH,BELOW,THROUGH,XUYEN,2,true,
NEARUSDT,25,2020-12-26 10:30,7,BOTH,BELOW,THROUGH,XUYEN,1,true,
NEARUSDT,26,2020-12-28 22:30,12,BOTH,BELOW,BLOCKED,XUYEN,1,false,false
NEARUSDT,27,2020-12-30 16:00,5,BOTH,BELOW,THROUGH,XUYEN,1,true,
NEARUSDT,28,2020-12-30 21:45,5,BELOW,BELOW,BLOCKED,XUYEN,3,false,false
NEARUSDT,29,2021-01-01 22:00,3,ABOVE,ABOVE,BLOCKED,CHAN,1,false,true
NEARUSDT,30,2021-01-04 22:30,7,BOTH,ABOVE,BLOCKED,XUYEN,1,false,false
NEARUSDT,31,2021-01-05 18:30,1,BELOW,BELOW,BLOCKED,CHAN,2,false,
NEARUSDT,32,2021-01-05 23:00,12,BOTH,ABOVE,THROUGH,XUYEN,2,true,
NEARUSDT,33,2021-01-10 03:00,4,BOTH,ABOVE,THROUGH,XUYEN,0,true,
NEARUSDT,34,2021-01-12 05:00,13,BOTH,ABOVE,THROUGH,XUYEN,2,true,
NEARUSDT,35,2021-01-13 18:30,3,ABOVE,ABOVE,BLOCKED,CHAN,2,false,true
NEARUSDT,37,2021-01-16 11:30,12,BOTH,ABOVE,THROUGH,XUYEN,1,true,
NEARUSDT,38,2021-01-20 18:15,26,BOTH,BELOW,THROUGH,XUYEN,1,true,
NEARUSDT,39,2021-01-26 19:30,4,BOTH,ABOVE,THROUGH,XUYEN,3,true,
NEARUSDT,40,2021-01-27 08:30,19,BOTH,BELOW,BLOCKED,XUYEN,2,false,false
NEARUSDT,41,2021-01-30 05:00,15,BOTH,BELOW,BLOCKED,XUYEN,1,false,false
NEARUSDT,42,2021-02-04 20:30,5,BOTH,ABOVE,THROUGH,XUYEN,3,true,
NEARUSDT,43,2021-02-06 13:45,1,BELOW,BELOW,THROUGH,XUYEN,2,true,
NEARUSDT,44,2021-02-06 20:15,5,BOTH,BELOW,BLOCKED,XUYEN,2,false,false
NEARUSDT,45,2021-02-07 21:45,6,BOTH,ABOVE,THROUGH,XUYEN,2,true,
NEARUSDT,46,2021-02-14 13:30,10,BOTH,BELOW,THROUGH,XUYEN,1,true,
NEARUSDT,47,2021-02-21 18:30,2,BELOW,BELOW,BLOCKED,XUYEN,3,false,false
NEARUSDT,48,2021-02-22 22:30,26,BOTH,BELOW,THROUGH,XUYEN,1,true,
NEARUSDT,50,2021-03-11 07:30,3,ABOVE,ABOVE,BLOCKED,CHAN,3,false,true
NEARUSDT,52,2021-03-13 22:30,4,BOTH,ABOVE,THROUGH,XUYEN,1,true,
NEARUSDT,53,2021-03-19 16:30,7,BOTH,ABOVE,BLOCKED,XUYEN,4,false,false
NEARUSDT,54,2021-03-21 09:30,4,BOTH,ABOVE,THROUGH,XUYEN,3,true,
NEARUSDT,55,2021-03-21 22:30,1,ABOVE,ABOVE,THROUGH,XUYEN,0,true,
NEARUSDT,56,2021-03-24 22:15,14,BOTH,BELOW,BLOCKED,XUYEN,3,false,false
NEARUSDT,57,2021-03-28 14:15,3,ABOVE,ABOVE,BLOCKED,CHAN,3,false,true
NEARUSDT,58,2021-04-08 06:15,7,BOTH,BELOW,BLOCKED,XUYEN,1,false,false
NEARUSDT,59,2021-04-12 08:45,1,ABOVE,ABOVE,THROUGH,XUYEN,3,true,
NEARUSDT,60,2021-04-15 18:00,3,BOTH,ABOVE,THROUGH,XUYEN,3,true,
NEARUSDT,61,2021-04-20 04:30,1,ABOVE,ABOVE,BLOCKED,CHAN,2,false,
NEARUSDT,62,2021-04-22 15:30,1,ABOVE,ABOVE,THROUGH,XUYEN,3,true,
NEARUSDT,63,2021-04-26 16:00,17,BOTH,BELOW,BLOCKED,XUYEN,1,false,false
NEARUSDT,64,2021-04-28 11:00,13,BOTH,ABOVE,BLOCKED,XUYEN,3,false,false
NEARUSDT,65,2021-04-30 22:15,31,BOTH,ABOVE,BLOCKED,XUYEN,1,false,false
NEARUSDT,66,2021-05-07 22:15,12,BOTH,BELOW,THROUGH,XUYEN,4,true,
NEARUSDT,67,2021-05-09 15:45,31,BOTH,ABOVE,BLOCKED,XUYEN,2,false,false
NEARUSDT,70,2021-05-26 03:00,24,BOTH,ABOVE,BLOCKED,XUYEN,2,false,false
NEARUSDT,71,2021-06-02 02:45,12,BOTH,ABOVE,BLOCKED,XUYEN,2,false,false
NEARUSDT,72,2021-06-05 19:45,5,BOTH,BELOW,THROUGH,XUYEN,1,true,
NEARUSDT,73,2021-06-06 16:00,15,BOTH,ABOVE,THROUGH,XUYEN,1,true,
NEARUSDT,74,2021-06-07 20:45,27,BOTH,BELOW,THROUGH,XUYEN,2,true,
NEARUSDT,76,2021-06-14 16:45,12,BELOW,BELOW,BLOCKED,CHAN,3,false,true
NEARUSDT,77,2021-06-17 19:45,8,BOTH,ABOVE,THROUGH,XUYEN,0,true,
NEARUSDT,78,2021-06-19 01:00,30,BOTH,ABOVE,THROUGH,XUYEN,1,true,
NEARUSDT,79,2021-07-03 00:00,42,BOTH,ABOVE,BLOCKED,XUYEN,1,false,false
NEARUSDT,80,2021-07-15 23:00,17,BOTH,ABOVE,THROUGH,XUYEN,1,true,
NEARUSDT,81,2021-07-20 15:30,7,BOTH,ABOVE,BLOCKED,XUYEN,4,false,false
NEARUSDT,82,2021-07-25 00:45,13,BOTH,ABOVE,BLOCKED,XUYEN,3,false,false
NEARUSDT,83,2021-07-27 11:45,2,ABOVE,ABOVE,THROUGH,XUYEN,3,true,
NEARUSDT,84,2021-07-27 16:00,43,BOTH,BELOW,THROUGH,XUYEN,3,true,
NEARUSDT,85,2021-08-05 05:00,6,BOTH,ABOVE,THROUGH,XUYEN,1,true,
NEARUSDT,86,2021-08-05 19:15,14,BOTH,ABOVE,BLOCKED,XUYEN,3,false,false
NEARUSDT,87,2021-08-07 03:45,14,BOTH,ABOVE,BLOCKED,XUYEN,2,false,false
NEARUSDT,88,2021-08-10 09:00,1,ABOVE,ABOVE,BLOCKED,CHAN,3,false,
NEARUSDT,89,2021-08-12 08:30,8,BOTH,ABOVE,THROUGH,XUYEN,3,true,
NEARUSDT,92,2021-08-15 13:30,5,BOTH,BELOW,THROUGH,XUYEN,1,true,
NEARUSDT,93,2021-08-16 10:45,11,BOTH,ABOVE,THROUGH,XUYEN,2,true,
NEARUSDT,94,2021-08-20 18:30,6,BOTH,BELOW,BLOCKED,XUYEN,4,false,false
NEARUSDT,96,2021-08-26 12:00,14,BOTH,BELOW,THROUGH,XUYEN,2,true,
NEARUSDT,97,2021-08-29 00:00,3,ABOVE,ABOVE,BLOCKED,CHAN,2,false,true
NEARUSDT,100,2021-09-04 02:00,30,BOTH,BELOW,THROUGH,XUYEN,4,true,
NEARUSDT,101,2021-09-11 11:45,36,BOTH,ABOVE,BLOCKED,XUYEN,2,false,false
NEARUSDT,102,2021-09-18 11:45,10,BOTH,ABOVE,THROUGH,XUYEN,3,true,
NEARUSDT,103,2021-09-23 13:00,24,BOTH,ABOVE,BLOCKED,XUYEN,2,false,false
NEARUSDT,104,2021-09-29 09:30,13,BOTH,ABOVE,THROUGH,XUYEN,3,true,
NEARUSDT,105,2021-09-30 17:00,2,ABOVE,ABOVE,BLOCKED,CHAN,3,false,true
NEARUSDT,106,2021-10-01 15:45,1,ABOVE,ABOVE,BLOCKED,CHAN,2,false,
NEARUSDT,107,2021-10-02 08:00,4,ABOVE,ABOVE,BLOCKED,CHAN,2,false,true
NEARUSDT,108,2021-10-04 01:00,21,BOTH,BELOW,BLOCKED,XUYEN,3,false,false
NEARUSDT,109,2021-10-06 04:00,4,BOTH,BELOW,BLOCKED,XUYEN,4,false,false
NEARUSDT,110,2021-10-06 17:45,14,BOTH,ABOVE,BLOCKED,XUYEN,4,false,false
NEARUSDT,111,2021-10-12 09:45,3,BOTH,BELOW,THROUGH,XUYEN,3,true,
NEARUSDT,112,2021-10-13 05:30,8,BOTH,BELOW,BLOCKED,XUYEN,2,false,false
NEARUSDT,113,2021-10-17 20:00,25,BOTH,BELOW,THROUGH,XUYEN,1,true,
NEARUSDT,114,2021-10-22 20:15,10,BOTH,ABOVE,THROUGH,XUYEN,3,true,
NEARUSDT,116,2021-10-28 02:30,30,BOTH,ABOVE,BLOCKED,XUYEN,2,false,false
NEARUSDT,117,2021-11-09 17:00,28,BOTH,ABOVE,BLOCKED,XUYEN,4,false,false
NEARUSDT,118,2021-11-14 08:15,2,ABOVE,ABOVE,BLOCKED,CHAN,3,false,true
NEARUSDT,119,2021-11-15 08:00,4,BOTH,BELOW,THROUGH,XUYEN,1,true,
NEARUSDT,121,2021-11-16 10:00,3,BELOW,BELOW,BLOCKED,XUYEN,4,false,false
NEARUSDT,123,2021-12-02 14:00,14,BOTH,BELOW,BLOCKED,XUYEN,2,false,false
NEARUSDT,124,2021-12-04 17:30,7,ABOVE,ABOVE,BLOCKED,XUYEN,2,false,false
NEARUSDT,125,2021-12-05 06:30,8,BOTH,ABOVE,THROUGH,XUYEN,4,true,
NEARUSDT,126,2021-12-08 22:30,47,BOTH,ABOVE,THROUGH,XUYEN,3,true,
NEARUSDT,128,2021-12-16 17:45,2,BOTH,ABOVE,THROUGH,XUYEN,1,true,
NEARUSDT,130,2021-12-17 06:45,3,BOTH,BELOW,THROUGH,XUYEN,1,true,
NEARUSDT,131,2021-12-20 05:15,7,BELOW,BELOW,BLOCKED,XUYEN,1,false,false
NEARUSDT,132,2021-12-24 00:00,4,ABOVE,ABOVE,THROUGH,XUYEN,2,true,
NEARUSDT,133,2021-12-24 13:00,1,ABOVE,ABOVE,BLOCKED,CHAN,3,false,
NEARUSDT,134,2021-12-25 00:00,19,BOTH,ABOVE,THROUGH,XUYEN,1,true,
NEARUSDT,135,2021-12-26 00:00,41,BOTH,BELOW,BLOCKED,XUYEN,3,false,false
NEARUSDT,137,2022-01-05 19:45,7,BOTH,BELOW,BLOCKED,XUYEN,2,false,false
NEARUSDT,138,2022-01-07 13:30,27,BOTH,BELOW,BLOCKED,XUYEN,3,false,false
NEARUSDT,139,2022-01-13 13:45,1,ABOVE,ABOVE,THROUGH,XUYEN,2,true,
NEARUSDT,140,2022-01-18 21:00,19,BOTH,ABOVE,BLOCKED,XUYEN,2,false,false
NEARUSDT,141,2022-01-21 12:00,7,BOTH,BELOW,BLOCKED,XUYEN,3,false,false
NEARUSDT,142,2022-01-22 03:30,36,BOTH,BELOW,BLOCKED,XUYEN,2,false,false
NEARUSDT,143,2022-02-10 13:30,1,BELOW,BELOW,BLOCKED,CHAN,1,false,
NEARUSDT,145,2022-02-13 18:30,22,BOTH,BELOW,BLOCKED,XUYEN,4,false,false
NEARUSDT,146,2022-02-25 22:45,13,BOTH,ABOVE,BLOCKED,XUYEN,3,false,false
NEARUSDT,147,2022-02-28 06:00,3,BOTH,BELOW,THROUGH,XUYEN,2,true,
NEARUSDT,148,2022-03-10 13:30,17,BOTH,BELOW,THROUGH,XUYEN,2,true,
NEARUSDT,149,2022-03-14 04:00,4,ABOVE,ABOVE,THROUGH,XUYEN,1,true,
NEARUSDT,150,2022-03-20 09:15,6,BOTH,BELOW,BLOCKED,XUYEN,1,false,false
NEARUSDT,152,2022-03-22 19:45,1,BELOW,BELOW,BLOCKED,CHAN,3,false,
NEARUSDT,153,2022-03-23 01:00,9,BOTH,BELOW,THROUGH,XUYEN,2,true,
NEARUSDT,154,2022-03-26 10:30,3,BOTH,ABOVE,BLOCKED,XUYEN,3,false,false
NEARUSDT,155,2022-03-27 12:45,6,BOTH,BELOW,THROUGH,XUYEN,3,true,
NEARUSDT,156,2022-03-28 21:30,7,BOTH,BELOW,THROUGH,XUYEN,2,true,
NEARUSDT,157,2022-03-29 20:15,12,BOTH,ABOVE,BLOCKED,XUYEN,2,false,false
NEARUSDT,158,2022-04-05 23:45,17,BOTH,BELOW,BLOCKED,XUYEN,1,false,false
NEARUSDT,159,2022-04-09 02:30,2,BELOW,BELOW,BLOCKED,CHAN,2,false,true
NEARUSDT,160,2022-04-13 22:15,5,BOTH,BELOW,THROUGH,XUYEN,0,true,
NEARUSDT,161,2022-04-16 15:00,7,BOTH,BELOW,BLOCKED,XUYEN,1,false,false
NEARUSDT,163,2022-04-23 04:15,12,BOTH,BELOW,THROUGH,XUYEN,3,true,
NEARUSDT,164,2022-04-24 11:15,7,BOTH,BELOW,BLOCKED,XUYEN,2,false,false
NEARUSDT,165,2022-05-05 04:00,1,BELOW,BELOW,BLOCKED,CHAN,2,false,
NEARUSDT,166,2022-05-06 07:30,1,BELOW,BELOW,BLOCKED,CHAN,0,false,
NEARUSDT,167,2022-05-06 13:30,35,BOTH,BELOW,THROUGH,XUYEN,2,true,
NEARUSDT,168,2022-05-11 12:30,2,BELOW,BELOW,BLOCKED,CHAN,1,false,true
NEARUSDT,169,2022-05-22 22:00,4,BOTH,ABOVE,THROUGH,XUYEN,1,true,
NEARUSDT,170,2022-05-25 18:00,7,BOTH,BELOW,BLOCKED,XUYEN,4,false,false
NEARUSDT,171,2022-05-31 13:30,1,BELOW,BELOW,BLOCKED,CHAN,2,false,
NEARUSDT,172,2022-06-07 11:00,33,BOTH,BELOW,THROUGH,XUYEN,1,true,
NEARUSDT,174,2022-06-10 23:15,1,BELOW,BELOW,THROUGH,XUYEN,1,true,
NEARUSDT,176,2022-06-18 06:45,16,BOTH,BELOW,THROUGH,XUYEN,1,true,
NEARUSDT,179,2022-06-28 22:00,17,BOTH,BELOW,THROUGH,XUYEN,2,true,
NEARUSDT,180,2022-07-03 04:45,7,BOTH,BELOW,THROUGH,XUYEN,1,true,
NEARUSDT,181,2022-07-04 15:00,1,ABOVE,ABOVE,BLOCKED,CHAN,3,false,
NEARUSDT,182,2022-07-04 21:30,19,BOTH,ABOVE,THROUGH,XUYEN,1,true,
NEARUSDT,184,2022-07-06 22:00,15,BOTH,ABOVE,BLOCKED,XUYEN,2,false,false
NEARUSDT,185,2022-07-11 13:30,3,BOTH,BELOW,THROUGH,XUYEN,2,true,
NEARUSDT,186,2022-07-12 23:45,23,BOTH,BELOW,BLOCKED,XUYEN,2,false,false
NEARUSDT,188,2022-07-19 23:00,11,BOTH,ABOVE,THROUGH,XUYEN,2,true,
NEARUSDT,189,2022-07-20 20:00,3,BOTH,BELOW,THROUGH,XUYEN,2,true,
NEARUSDT,190,2022-07-21 22:00,3,BOTH,BELOW,THROUGH,XUYEN,1,true,
NEARUSDT,191,2022-07-22 19:30,12,BOTH,BELOW,BLOCKED,XUYEN,1,false,false
NEARUSDT,192,2022-07-26 11:45,8,BOTH,ABOVE,THROUGH,XUYEN,0,true,
NEARUSDT,194,2022-07-28 20:30,15,BOTH,ABOVE,THROUGH,XUYEN,3,true,
NEARUSDT,195,2022-07-29 16:00,28,BOTH,BELOW,BLOCKED,XUYEN,5,false,false
NEARUSDT,196,2022-08-02 13:30,1,ABOVE,ABOVE,BLOCKED,CHAN,2,false,
NEARUSDT,197,2022-08-04 06:15,3,BELOW,BELOW,BLOCKED,XUYEN,0,false,false
NEARUSDT,199,2022-08-06 04:30,3,BOTH,BELOW,THROUGH,XUYEN,3,true,
NEARUSDT,200,2022-08-06 17:00,8,BOTH,ABOVE,THROUGH,XUYEN,1,true,
NEARUSDT,201,2022-08-09 18:30,22,BOTH,ABOVE,THROUGH,XUYEN,1,true,
NEARUSDT,202,2022-08-17 18:00,23,BOTH,ABOVE,THROUGH,XUYEN,2,true,
NEARUSDT,205,2022-08-19 21:45,11,BOTH,BELOW,BLOCKED,XUYEN,0,false,false
NEARUSDT,207,2022-08-21 20:45,20,BOTH,ABOVE,THROUGH,XUYEN,0,true,
NEARUSDT,208,2022-08-24 21:45,7,BOTH,BELOW,THROUGH,XUYEN,1,true,
NEARUSDT,209,2022-08-25 15:15,10,BOTH,BELOW,BLOCKED,XUYEN,2,false,false
NEARUSDT,210,2022-08-27 21:45,18,BOTH,BELOW,THROUGH,XUYEN,1,true,
NEARUSDT,212,2022-08-31 15:45,38,BOTH,BELOW,THROUGH,XUYEN,4,true,
NEARUSDT,213,2022-09-07 04:15,8,BOTH,ABOVE,BLOCKED,XUYEN,3,false,false
NEARUSDT,215,2022-09-13 06:00,7,BOTH,ABOVE,BLOCKED,XUYEN,2,false,false
NEARUSDT,217,2022-09-19 02:15,5,BOTH,BELOW,BLOCKED,XUYEN,2,false,false
NEARUSDT,218,2022-09-20 03:15,1,BELOW,BELOW,BLOCKED,CHAN,1,false,
NEARUSDT,219,2022-09-24 07:00,13,BOTH,BELOW,THROUGH,XUYEN,3,true,
NEARUSDT,220,2022-09-27 21:45,17,BOTH,ABOVE,THROUGH,XUYEN,2,true,
NEARUSDT,221,2022-09-29 22:00,36,BOTH,ABOVE,THROUGH,XUYEN,1,true,
NEARUSDT,222,2022-10-02 19:00,12,BOTH,ABOVE,THROUGH,XUYEN,0,true,
NEARUSDT,223,2022-10-04 12:45,8,BOTH,ABOVE,THROUGH,XUYEN,1,true,
NEARUSDT,224,2022-10-05 09:45,3,ABOVE,ABOVE,BLOCKED,CHAN,1,false,true
NEARUSDT,228,2022-10-12 12:30,2,BELOW,BELOW,BLOCKED,CHAN,2,false,true
NEARUSDT,229,2022-10-13 01:30,10,BOTH,BELOW,THROUGH,XUYEN,1,true,
NEARUSDT,231,2022-10-18 18:30,6,BOTH,BELOW,THROUGH,XUYEN,1,true,
NEARUSDT,232,2022-10-19 22:30,6,BOTH,BELOW,THROUGH,XUYEN,1,true,
NEARUSDT,233,2022-10-21 12:00,1,BELOW,BELOW,THROUGH,XUYEN,2,true,
NEARUSDT,234,2022-10-22 05:15,1,BELOW,BELOW,THROUGH,XUYEN,3,true,
NEARUSDT,235,2022-10-22 23:15,11,BOTH,ABOVE,BLOCKED,XUYEN,2,false,false
NEARUSDT,236,2022-10-23 11:00,15,BOTH,BELOW,BLOCKED,XUYEN,3,false,false
NEARUSDT,237,2022-10-25 04:30,5,BOTH,BELOW,THROUGH,XUYEN,1,true,
NEARUSDT,238,2022-10-27 20:00,36,BOTH,BELOW,BLOCKED,XUYEN,1,false,false
NEARUSDT,239,2022-11-02 00:00,10,BELOW,BELOW,BLOCKED,XUYEN,1,false,false
NEARUSDT,240,2022-11-03 10:30,6,ABOVE,ABOVE,BLOCKED,CHAN,4,false,true
NEARUSDT,241,2022-11-07 07:00,5,BELOW,BELOW,BLOCKED,CHAN,1,false,true
NEARUSDT,243,2022-11-13 13:30,21,BOTH,ABOVE,BLOCKED,XUYEN,2,false,false
NEARUSDT,245,2022-11-20 00:00,4,BOTH,BELOW,THROUGH,XUYEN,2,true,
NEARUSDT,247,2022-11-21 07:30,18,BOTH,BELOW,THROUGH,XUYEN,2,true,
NEARUSDT,248,2022-11-25 04:30,20,BOTH,BELOW,THROUGH,XUYEN,3,true,
NEARUSDT,250,2022-11-28 14:30,3,BOTH,ABOVE,THROUGH,XUYEN,0,true,
NEARUSDT,251,2022-11-29 04:00,1,ABOVE,ABOVE,BLOCKED,CHAN,1,false,
NEARUSDT,252,2022-12-01 13:30,14,BOTH,BELOW,THROUGH,XUYEN,2,true,
NEARUSDT,253,2022-12-03 06:00,9,BOTH,BELOW,BLOCKED,XUYEN,1,false,false
NEARUSDT,255,2022-12-06 00:00,3,ABOVE,ABOVE,BLOCKED,CHAN,3,false,true
NEARUSDT,256,2022-12-06 18:00,8,BOTH,BELOW,THROUGH,XUYEN,0,true,
NEARUSDT,258,2022-12-09 18:00,10,BOTH,BELOW,BLOCKED,XUYEN,3,false,false
NEARUSDT,259,2022-12-10 23:00,4,BOTH,ABOVE,THROUGH,XUYEN,1,true,
NEARUSDT,260,2022-12-12 02:45,11,BOTH,BELOW,BLOCKED,XUYEN,1,false,false
NEARUSDT,261,2022-12-14 11:00,6,ABOVE,ABOVE,THROUGH,XUYEN,3,true,
NEARUSDT,262,2022-12-15 13:00,1,BELOW,BELOW,BLOCKED,CHAN,2,false,
NEARUSDT,265,2022-12-18 18:00,10,BOTH,ABOVE,BLOCKED,XUYEN,1,false,false
NEARUSDT,266,2022-12-20 18:00,14,BOTH,ABOVE,THROUGH,XUYEN,2,true,
NEARUSDT,268,2022-12-25 14:30,5,BOTH,BELOW,THROUGH,XUYEN,1,true,
NEARUSDT,269,2022-12-27 14:30,3,BELOW,BELOW,BLOCKED,CHAN,2,false,true
NEARUSDT,270,2022-12-27 23:00,4,BOTH,ABOVE,THROUGH,XUYEN,2,true,
NEARUSDT,271,2022-12-31 18:45,3,BOTH,BELOW,THROUGH,XUYEN,3,true,
NEARUSDT,272,2023-01-02 01:00,4,BOTH,BELOW,THROUGH,XUYEN,1,true,
NEARUSDT,274,2023-01-03 09:15,7,BOTH,ABOVE,BLOCKED,XUYEN,2,false,false
NEARUSDT,275,2023-01-05 04:00,12,BOTH,ABOVE,BLOCKED,XUYEN,3,false,false
NEARUSDT,276,2023-01-05 23:00,2,BELOW,BELOW,BLOCKED,CHAN,2,false,true
NEARUSDT,277,2023-01-06 18:00,1,ABOVE,ABOVE,BLOCKED,CHAN,1,false,
NEARUSDT,278,2023-01-08 20:00,10,BOTH,ABOVE,BLOCKED,XUYEN,1,false,false
NEARUSDT,280,2023-01-14 14:00,19,BOTH,ABOVE,BLOCKED,XUYEN,3,false,false
NEARUSDT,282,2023-01-17 00:00,15,BOTH,ABOVE,THROUGH,XUYEN,1,true,
NEARUSDT,283,2023-01-18 13:30,3,BOTH,ABOVE,THROUGH,XUYEN,1,true,
NEARUSDT,284,2023-01-24 13:30,2,BELOW,BELOW,BLOCKED,CHAN,2,false,true
NEARUSDT,285,2023-01-24 21:45,1,BELOW,BELOW,THROUGH,XUYEN,2,true,
NEARUSDT,286,2023-01-26 06:15,6,BOTH,BELOW,BLOCKED,XUYEN,0,false,false
NEARUSDT,287,2023-01-27 20:00,5,BOTH,ABOVE,BLOCKED,XUYEN,3,false,false
NEARUSDT,288,2023-01-28 03:45,3,BOTH,ABOVE,THROUGH,XUYEN,1,true,
NEARUSDT,289,2023-01-28 12:00,11,BOTH,BELOW,BLOCKED,XUYEN,1,false,false
NEARUSDT,291,2023-01-30 19:00,1,BELOW,BELOW,BLOCKED,CHAN,2,false,
NEARUSDT,292,2023-01-31 21:00,1,BELOW,BELOW,BLOCKED,CHAN,0,false,
NEARUSDT,293,2023-02-01 04:00,3,BELOW,BELOW,BLOCKED,XUYEN,2,false,false
NEARUSDT,294,2023-02-02 04:30,13,BOTH,ABOVE,THROUGH,XUYEN,2,true,
NEARUSDT,295,2023-02-03 07:00,9,BOTH,BELOW,BLOCKED,XUYEN,1,false,false
NEARUSDT,296,2023-02-06 05:15,17,BOTH,BELOW,THROUGH,XUYEN,2,true,
NEARUSDT,297,2023-02-06 23:00,16,BOTH,BELOW,BLOCKED,XUYEN,2,false,false
NEARUSDT,298,2023-02-10 04:00,45,BOTH,BELOW,THROUGH,XUYEN,2,true,
NEARUSDT,300,2023-02-18 13:15,31,BOTH,ABOVE,BLOCKED,XUYEN,2,false,false
NEARUSDT,301,2023-02-23 11:15,3,BELOW,BELOW,BLOCKED,CHAN,3,false,true
NEARUSDT,302,2023-02-28 14:30,7,BOTH,ABOVE,BLOCKED,XUYEN,0,false,false
NEARUSDT,303,2023-03-01 19:45,3,BOTH,BELOW,THROUGH,XUYEN,2,true,
NEARUSDT,305,2023-03-04 05:30,13,BOTH,BELOW,BLOCKED,XUYEN,2,false,false
NEARUSDT,306,2023-03-05 23:00,9,BOTH,BELOW,THROUGH,XUYEN,1,true,
NEARUSDT,307,2023-03-07 15:00,12,BOTH,BELOW,THROUGH,XUYEN,2,true,
NEARUSDT,308,2023-03-14 05:00,3,BOTH,ABOVE,THROUGH,XUYEN,0,true,
NEARUSDT,309,2023-03-14 12:30,9,BOTH,ABOVE,THROUGH,XUYEN,2,true,
NEARUSDT,310,2023-03-19 15:00,9,BOTH,ABOVE,BLOCKED,XUYEN,3,false,false
NEARUSDT,311,2023-03-20 13:30,3,BELOW,BELOW,BLOCKED,CHAN,2,false,true
NEARUSDT,312,2023-03-21 07:00,2,BELOW,BELOW,BLOCKED,CHAN,0,false,true
NEARUSDT,313,2023-03-21 11:00,1,ABOVE,ABOVE,BLOCKED,CHAN,3,false,
NEARUSDT,314,2023-03-22 12:00,12,BOTH,ABOVE,THROUGH,XUYEN,1,true,
NEARUSDT,315,2023-03-24 11:45,12,BOTH,BELOW,THROUGH,XUYEN,2,true,
NEARUSDT,316,2023-03-26 08:30,6,BOTH,ABOVE,BLOCKED,XUYEN,1,false,false
NEARUSDT,317,2023-03-27 05:45,5,BOTH,BELOW,BLOCKED,XUYEN,3,false,false
NEARUSDT,318,2023-03-27 22:00,14,BOTH,BELOW,THROUGH,XUYEN,3,true,
NEARUSDT,320,2023-03-31 12:30,7,BOTH,ABOVE,BLOCKED,XUYEN,1,false,false
NEARUSDT,321,2023-04-03 01:30,9,BOTH,BELOW,THROUGH,XUYEN,2,true,
NEARUSDT,322,2023-04-04 11:00,17,BOTH,ABOVE,BLOCKED,XUYEN,1,false,false
NEARUSDT,323,2023-04-10 22:00,6,BOTH,ABOVE,BLOCKED,XUYEN,2,false,false
NEARUSDT,325,2023-04-13 08:30,1,ABOVE,ABOVE,BLOCKED,CHAN,1,false,
NEARUSDT,326,2023-04-14 12:45,3,BELOW,BELOW,BLOCKED,CHAN,2,false,true
NEARUSDT,327,2023-04-15 07:30,6,BOTH,ABOVE,THROUGH,XUYEN,1,true,
NEARUSDT,328,2023-04-20 22:00,12,BOTH,ABOVE,BLOCKED,XUYEN,1,false,false
NEARUSDT,329,2023-04-21 19:00,12,BOTH,BELOW,BLOCKED,XUYEN,1,false,false
NEARUSDT,330,2023-04-28 11:45,3,BELOW,BELOW,BLOCKED,CHAN,2,false,true
NEARUSDT,331,2023-04-29 02:30,2,ABOVE,ABOVE,BLOCKED,CHAN,3,false,true
NEARUSDT,332,2023-04-29 17:30,16,BOTH,BELOW,THROUGH,XUYEN,1,true,
NEARUSDT,334,2023-05-04 05:00,8,BOTH,ABOVE,THROUGH,XUYEN,3,true,
NEARUSDT,335,2023-05-05 12:30,2,BOTH,BELOW,THROUGH,XUYEN,0,true,
NEARUSDT,336,2023-05-07 23:45,1,BELOW,BELOW,BLOCKED,CHAN,1,false,
NEARUSDT,337,2023-05-10 17:15,7,BOTH,BELOW,THROUGH,XUYEN,4,true,
NEARUSDT,338,2023-05-11 17:15,11,BOTH,BELOW,BLOCKED,XUYEN,2,false,false
NEARUSDT,339,2023-05-14 15:00,24,BOTH,ABOVE,THROUGH,XUYEN,0,true,
NEARUSDT,340,2023-05-16 12:30,31,BOTH,BELOW,BLOCKED,XUYEN,3,false,false
NEARUSDT,341,2023-05-19 19:15,5,BELOW,BELOW,BLOCKED,CHAN,3,false,true
NEARUSDT,344,2023-05-22 13:30,10,BOTH,ABOVE,BLOCKED,XUYEN,2,false,false
NEARUSDT,345,2023-05-25 19:00,10,BOTH,ABOVE,THROUGH,XUYEN,3,true,
NEARUSDT,346,2023-05-29 10:45,19,BOTH,BELOW,THROUGH,XUYEN,3,true,
NEARUSDT,348,2023-06-01 02:45,24,BOTH,BELOW,BLOCKED,XUYEN,1,false,false
NEARUSDT,349,2023-06-02 12:30,9,BOTH,ABOVE,THROUGH,XUYEN,1,true,
NEARUSDT,350,2023-06-03 19:45,12,BOTH,ABOVE,BLOCKED,XUYEN,1,false,false
NEARUSDT,352,2023-06-06 12:00,4,BOTH,BELOW,BLOCKED,XUYEN,2,false,false
NEARUSDT,353,2023-06-07 00:00,1,BELOW,BELOW,BLOCKED,CHAN,1,false,
NEARUSDT,354,2023-06-08 03:00,31,BOTH,BELOW,BLOCKED,XUYEN,2,false,false
NEARUSDT,357,2023-06-18 20:00,2,BELOW,BELOW,BLOCKED,CHAN,1,false,true
NEARUSDT,358,2023-06-20 11:00,4,BOTH,ABOVE,THROUGH,XUYEN,0,true,
NEARUSDT,359,2023-06-22 11:00,2,BOTH,BELOW,THROUGH,XUYEN,1,true,
NEARUSDT,360,2023-06-25 07:45,7,BOTH,ABOVE,BLOCKED,XUYEN,4,false,false
NEARUSDT,362,2023-06-26 13:00,4,ABOVE,ABOVE,BLOCKED,XUYEN,3,false,false
NEARUSDT,363,2023-06-30 13:00,4,BOTH,ABOVE,THROUGH,XUYEN,0,true,
NEARUSDT,364,2023-07-01 16:15,1,ABOVE,ABOVE,BLOCKED,CHAN,5,false,
NEARUSDT,365,2023-07-02 09:30,3,BELOW,BELOW,BLOCKED,CHAN,0,false,true
NEARUSDT,366,2023-07-02 15:15,26,BOTH,BELOW,BLOCKED,XUYEN,3,false,false
NEARUSDT,367,2023-07-08 05:00,4,BELOW,BELOW,BLOCKED,XUYEN,3,false,false
NEARUSDT,368,2023-07-08 09:00,1,ABOVE,ABOVE,BLOCKED,CHAN,0,false,
NEARUSDT,369,2023-07-08 19:15,7,BOTH,ABOVE,THROUGH,XUYEN,1,true,
NEARUSDT,370,2023-07-09 11:00,2,BELOW,BELOW,BLOCKED,CHAN,3,false,true
NEARUSDT,371,2023-07-09 20:30,24,BOTH,BELOW,BLOCKED,XUYEN,3,false,false
NEARUSDT,372,2023-07-12 04:00,2,ABOVE,ABOVE,BLOCKED,CHAN,2,false,true
NEARUSDT,373,2023-07-12 19:15,8,BOTH,BELOW,BLOCKED,XUYEN,3,false,false
NEARUSDT,374,2023-07-20 12:15,1,ABOVE,ABOVE,THROUGH,XUYEN,2,true,
NEARUSDT,375,2023-07-22 23:15,17,BOTH,BELOW,BLOCKED,XUYEN,1,false,false
NEARUSDT,377,2023-07-30 19:45,8,BOTH,BELOW,THROUGH,XUYEN,2,true,
NEARUSDT,378,2023-08-01 02:00,8,BOTH,BELOW,BLOCKED,CHAN,3,false,true
NEARUSDT,379,2023-08-03 22:00,6,BELOW,BELOW,BLOCKED,CHAN,4,false,true
NEARUSDT,380,2023-08-04 12:30,19,BOTH,ABOVE,BLOCKED,XUYEN,2,false,false
NEARUSDT,381,2023-08-06 02:00,16,BOTH,ABOVE,BLOCKED,XUYEN,2,false,false
NEARUSDT,382,2023-08-08 06:30,2,ABOVE,ABOVE,BLOCKED,CHAN,3,false,true
NEARUSDT,383,2023-08-09 20:45,12,BOTH,ABOVE,THROUGH,XUYEN,0,true,
NEARUSDT,384,2023-08-10 22:00,11,BOTH,ABOVE,THROUGH,XUYEN,3,true,
NEARUSDT,385,2023-08-12 16:15,22,BOTH,BELOW,BLOCKED,XUYEN,2,false,false
NEARUSDT,386,2023-08-15 18:00,1,BELOW,BELOW,BLOCKED,CHAN,3,false,
NEARUSDT,388,2023-08-17 15:30,3,BOTH,BELOW,BLOCKED,XUYEN,1,false,false
NEARUSDT,389,2023-08-21 03:45,1,BELOW,BELOW,BLOCKED,CHAN,1,false,
NEARUSDT,390,2023-08-21 10:00,11,BOTH,BELOW,BLOCKED,XUYEN,2,false,false
NEARUSDT,391,2023-08-24 03:00,7,BOTH,ABOVE,THROUGH,XUYEN,1,true,
NEARUSDT,392,2023-08-27 07:30,5,BOTH,ABOVE,BLOCKED,XUYEN,1,false,false
NEARUSDT,393,2023-08-28 19:15,8,BOTH,BELOW,THROUGH,XUYEN,1,true,
NEARUSDT,394,2023-08-29 14:15,7,ABOVE,ABOVE,BLOCKED,CHAN,3,false,true
NEARUSDT,395,2023-08-31 04:00,6,BOTH,ABOVE,BLOCKED,CHAN,2,false,true
NEARUSDT,396,2023-09-01 03:00,5,BOTH,BELOW,THROUGH,XUYEN,2,true,
NEARUSDT,397,2023-09-01 09:00,6,BOTH,ABOVE,THROUGH,XUYEN,1,true,
NEARUSDT,398,2023-09-04 15:00,5,BOTH,BELOW,THROUGH,XUYEN,2,true,
NEARUSDT,399,2023-09-05 03:00,6,BOTH,BELOW,THROUGH,XUYEN,2,true,
NEARUSDT,400,2023-09-06 05:15,11,BOTH,ABOVE,BLOCKED,XUYEN,2,false,false
NEARUSDT,401,2023-09-07 05:15,6,BELOW,BELOW,BLOCKED,CHAN,0,false,true
NEARUSDT,402,2023-09-07 18:30,2,BELOW,BELOW,THROUGH,XUYEN,2,true,
NEARUSDT,403,2023-09-08 08:45,2,BELOW,BELOW,BLOCKED,CHAN,2,false,true
NEARUSDT,404,2023-09-08 20:45,2,ABOVE,ABOVE,BLOCKED,CHAN,3,false,true
NEARUSDT,405,2023-09-10 04:15,4,BELOW,BELOW,BLOCKED,CHAN,1,false,true
NEARUSDT,406,2023-09-11 05:00,4,BOTH,BELOW,THROUGH,XUYEN,3,true,
NEARUSDT,407,2023-09-11 19:15,4,BELOW,BELOW,BLOCKED,CHAN,3,false,true
NEARUSDT,408,2023-09-12 00:45,9,BOTH,ABOVE,THROUGH,XUYEN,3,true,
NEARUSDT,409,2023-09-13 07:30,18,BOTH,BELOW,THROUGH,XUYEN,0,true,
NEARUSDT,410,2023-09-14 06:45,5,ABOVE,ABOVE,BLOCKED,CHAN,2,false,true
NEARUSDT,411,2023-09-15 08:45,1,ABOVE,ABOVE,BLOCKED,CHAN,2,false,
NEARUSDT,412,2023-09-15 15:45,13,BOTH,BELOW,BLOCKED,XUYEN,3,false,false
NEARUSDT,413,2023-09-17 20:30,5,BOTH,BELOW,BLOCKED,XUYEN,2,false,false
NEARUSDT,414,2023-09-18 06:30,12,BOTH,ABOVE,BLOCKED,XUYEN,3,false,false
NEARUSDT,415,2023-09-19 20:00,6,BOTH,BELOW,BLOCKED,XUYEN,2,false,false
NEARUSDT,416,2023-09-20 18:00,3,BOTH,ABOVE,THROUGH,XUYEN,0,true,
NEARUSDT,417,2023-09-21 00:00,30,BOTH,ABOVE,THROUGH,XUYEN,1,true,
NEARUSDT,418,2023-09-23 20:00,2,BELOW,BELOW,BLOCKED,CHAN,1,false,true
NEARUSDT,419,2023-09-24 09:00,8,BOTH,ABOVE,THROUGH,XUYEN,1,true,
NEARUSDT,420,2023-09-24 23:15,24,BOTH,BELOW,THROUGH,XUYEN,0,true,
NEARUSDT,421,2023-09-26 15:00,4,BOTH,ABOVE,THROUGH,XUYEN,0,true,
NEARUSDT,422,2023-09-26 21:15,15,BOTH,BELOW,THROUGH,XUYEN,1,true,
NEARUSDT,423,2023-09-29 05:45,7,BOTH,ABOVE,THROUGH,XUYEN,3,true,
NEARUSDT,425,2023-10-01 22:15,4,BOTH,ABOVE,THROUGH,XUYEN,1,true,
NEARUSDT,426,2023-10-04 00:00,16,BOTH,BELOW,BLOCKED,XUYEN,1,false,false
NEARUSDT,427,2023-10-06 12:30,31,BOTH,BELOW,THROUGH,XUYEN,0,true,
NEARUSDT,429,2023-10-09 16:00,24,BOTH,BELOW,THROUGH,XUYEN,2,true,
NEARUSDT,430,2023-10-11 15:15,10,BOTH,BELOW,THROUGH,XUYEN,3,true,
NEARUSDT,431,2023-10-13 19:00,7,BOTH,BELOW,THROUGH,XUYEN,0,true,
NEARUSDT,432,2023-10-14 10:00,13,BOTH,ABOVE,BLOCKED,XUYEN,2,false,false
NEARUSDT,433,2023-10-16 05:15,27,BOTH,ABOVE,BLOCKED,XUYEN,1,false,false
NEARUSDT,434,2023-10-18 04:45,5,BOTH,ABOVE,THROUGH,XUYEN,3,true,
NEARUSDT,435,2023-10-18 21:15,2,BOTH,BELOW,THROUGH,XUYEN,2,true,
NEARUSDT,436,2023-10-19 01:30,12,BOTH,BELOW,BLOCKED,XUYEN,1,false,false
NEARUSDT,437,2023-10-22 07:30,5,BELOW,BELOW,BLOCKED,CHAN,1,false,true
NEARUSDT,438,2023-10-22 22:30,1,ABOVE,ABOVE,BLOCKED,CHAN,2,false,
NEARUSDT,439,2023-10-23 07:45,11,BOTH,BELOW,THROUGH,XUYEN,3,true,
NEARUSDT,440,2023-10-26 14:30,13,BOTH,BELOW,BLOCKED,CHAN,3,false,true
NEARUSDT,441,2023-10-30 21:15,13,BOTH,ABOVE,BLOCKED,XUYEN,3,false,false
NEARUSDT,442,2023-11-04 05:00,14,BOTH,BELOW,THROUGH,XUYEN,2,true,
NEARUSDT,443,2023-11-05 13:45,15,BOTH,BELOW,THROUGH,XUYEN,2,true,
NEARUSDT,444,2023-11-07 00:30,1,BELOW,BELOW,BLOCKED,CHAN,3,false,
NEARUSDT,445,2023-11-07 15:15,22,BOTH,BELOW,THROUGH,XUYEN,3,true,
NEARUSDT,446,2023-11-14 07:30,1,ABOVE,ABOVE,THROUGH,XUYEN,2,true,
NEARUSDT,447,2023-11-14 13:30,10,BOTH,ABOVE,BLOCKED,XUYEN,1,false,false
NEARUSDT,448,2023-11-17 17:00,12,BOTH,ABOVE,THROUGH,XUYEN,2,true,
NEARUSDT,450,2023-11-21 07:00,7,BOTH,BELOW,THROUGH,XUYEN,1,true,
NEARUSDT,451,2023-11-21 22:15,16,BOTH,BELOW,BLOCKED,XUYEN,4,false,false
NEARUSDT,452,2023-11-22 22:15,38,BOTH,BELOW,BLOCKED,XUYEN,0,false,false
NEARUSDT,453,2023-12-02 19:00,5,BOTH,ABOVE,BLOCKED,XUYEN,2,false,false
NEARUSDT,454,2023-12-03 04:45,3,BELOW,BELOW,BLOCKED,CHAN,3,false,true
NEARUSDT,455,2023-12-03 09:00,7,BOTH,ABOVE,THROUGH,XUYEN,0,true,
NEARUSDT,456,2023-12-04 11:00,6,BOTH,BELOW,THROUGH,XUYEN,0,true,
NEARUSDT,457,2023-12-06 18:30,19,BOTH,ABOVE,BLOCKED,XUYEN,2,false,false
NEARUSDT,459,2023-12-09 15:30,4,BOTH,ABOVE,THROUGH,XUYEN,1,true,
NEARUSDT,460,2023-12-09 22:45,12,BOTH,BELOW,BLOCKED,XUYEN,4,false,false
NEARUSDT,461,2023-12-13 19:00,34,BOTH,ABOVE,BLOCKED,XUYEN,1,false,false
NEARUSDT,462,2023-12-17 22:30,7,BOTH,BELOW,BLOCKED,XUYEN,2,false,false
NEARUSDT,463,2023-12-19 07:15,2,ABOVE,ABOVE,BLOCKED,CHAN,3,false,true
NEARUSDT,464,2023-12-24 22:15,34,BOTH,ABOVE,BLOCKED,XUYEN,1,false,false
NEARUSDT,465,2024-01-01 14:00,19,BOTH,BELOW,THROUGH,XUYEN,1,true,
NEARUSDT,466,2024-01-05 01:45,1,BELOW,BELOW,BLOCKED,CHAN,3,false,
NEARUSDT,467,2024-01-05 16:45,7,BOTH,BELOW,BLOCKED,XUYEN,2,false,false
NEARUSDT,468,2024-01-09 12:45,22,BOTH,BELOW,THROUGH,XUYEN,2,true,
NEARUSDT,469,2024-01-16 14:30,28,BOTH,BELOW,THROUGH,XUYEN,2,true,
NEARUSDT,470,2024-01-18 10:00,1,ABOVE,ABOVE,THROUGH,XUYEN,2,true,
NEARUSDT,471,2024-01-21 03:00,15,BOTH,ABOVE,THROUGH,XUYEN,3,true,
NEARUSDT,472,2024-01-24 23:00,15,BOTH,ABOVE,BLOCKED,XUYEN,0,false,false
NEARUSDT,473,2024-02-02 13:30,30,BOTH,BELOW,THROUGH,XUYEN,1,true,
NEARUSDT,474,2024-02-13 13:30,37,BOTH,BELOW,THROUGH,XUYEN,2,true,
NEARUSDT,475,2024-02-18 03:15,22,BOTH,ABOVE,THROUGH,XUYEN,1,true,
NEARUSDT,476,2024-02-26 00:00,13,BOTH,BELOW,BLOCKED,XUYEN,1,false,false
NEARUSDT,477,2024-03-15 08:00,20,BOTH,BELOW,BLOCKED,XUYEN,2,false,false
NEARUSDT,478,2024-04-02 02:30,19,BOTH,BELOW,THROUGH,XUYEN,2,true,
NEARUSDT,479,2024-04-08 16:45,19,BOTH,ABOVE,BLOCKED,XUYEN,2,false,false
NEARUSDT,480,2024-04-10 12:30,6,BOTH,BELOW,BLOCKED,XUYEN,2,false,false
NEARUSDT,481,2024-04-10 22:00,8,BOTH,ABOVE,BLOCKED,XUYEN,4,false,false
NEARUSDT,482,2024-04-11 19:00,13,BOTH,BELOW,BLOCKED,XUYEN,4,false,false
NEARUSDT,484,2024-04-14 22:00,26,BOTH,ABOVE,THROUGH,XUYEN,2,true,
NEARUSDT,485,2024-04-19 23:00,8,BOTH,BELOW,THROUGH,XUYEN,1,true,
NEARUSDT,487,2024-05-04 07:00,24,BOTH,ABOVE,BLOCKED,XUYEN,1,false,false
NEARUSDT,488,2024-05-09 21:00,36,BOTH,ABOVE,BLOCKED,XUYEN,2,false,false
NEARUSDT,489,2024-05-20 19:15,22,BOTH,ABOVE,THROUGH,XUYEN,1,true,
NEARUSDT,490,2024-05-23 20:00,14,BOTH,BELOW,THROUGH,XUYEN,3,true,
NEARUSDT,491,2024-05-25 04:00,2,ABOVE,ABOVE,BLOCKED,CHAN,0,false,true
NEARUSDT,492,2024-05-26 15:45,4,BELOW,BELOW,BLOCKED,CHAN,3,false,true
NEARUSDT,493,2024-05-27 08:15,13,BOTH,BELOW,BLOCKED,XUYEN,2,false,false
NEARUSDT,494,2024-05-28 08:45,18,BOTH,ABOVE,THROUGH,XUYEN,1,true,
NEARUSDT,495,2024-05-30 06:00,1,BELOW,BELOW,THROUGH,XUYEN,1,true,
NEARUSDT,496,2024-06-05 06:30,11,BOTH,ABOVE,THROUGH,XUYEN,2,true,
NEARUSDT,497,2024-06-07 12:30,3,BOTH,BELOW,THROUGH,XUYEN,1,true,
NEARUSDT,499,2024-06-10 15:00,1,ABOVE,ABOVE,THROUGH,XUYEN,1,true,
NEARUSDT,502,2024-06-12 18:00,2,BELOW,BELOW,BLOCKED,CHAN,1,false,true
NEARUSDT,505,2024-06-16 22:00,2,ABOVE,ABOVE,THROUGH,XUYEN,1,true,
NEARUSDT,506,2024-06-17 15:45,26,BOTH,BELOW,THROUGH,XUYEN,3,true,
NEARUSDT,507,2024-06-22 12:45,47,BOTH,ABOVE,BLOCKED,XUYEN,4,false,false
NEARUSDT,508,2024-06-30 07:00,11,BOTH,ABOVE,THROUGH,XUYEN,1,true,
NEARUSDT,509,2024-07-10 04:00,5,ABOVE,ABOVE,BLOCKED,CHAN,3,false,true
NEARUSDT,510,2024-07-10 21:15,10,BOTH,BELOW,THROUGH,XUYEN,3,true,
NEARUSDT,511,2024-07-11 12:30,12,BOTH,ABOVE,BLOCKED,XUYEN,3,false,false
NEARUSDT,512,2024-07-16 17:30,35,BOTH,ABOVE,BLOCKED,XUYEN,4,false,false
NEARUSDT,513,2024-07-21 13:30,2,BELOW,BELOW,BLOCKED,CHAN,4,false,true
NEARUSDT,514,2024-07-21 17:45,10,BOTH,BELOW,THROUGH,XUYEN,4,true,
NEARUSDT,515,2024-07-22 18:00,1,BELOW,BELOW,BLOCKED,CHAN,5,false,
NEARUSDT,516,2024-07-24 07:15,2,ABOVE,ABOVE,THROUGH,XUYEN,1,true,
NEARUSDT,517,2024-07-24 21:00,16,BOTH,BELOW,BLOCKED,XUYEN,2,false,false
NEARUSDT,518,2024-08-03 10:00,2,BELOW,BELOW,BLOCKED,CHAN,1,false,true
NEARUSDT,519,2024-08-06 22:00,21,BOTH,ABOVE,THROUGH,XUYEN,1,true,
NEARUSDT,520,2024-08-08 12:30,1,ABOVE,ABOVE,THROUGH,XUYEN,2,true,
NEARUSDT,521,2024-08-09 19:00,12,BOTH,BELOW,THROUGH,XUYEN,3,true,
NEARUSDT,522,2024-08-11 11:00,15,BOTH,BELOW,BLOCKED,XUYEN,1,false,false
NEARUSDT,523,2024-08-17 03:30,7,BOTH,BELOW,THROUGH,XUYEN,0,true,
NEARUSDT,524,2024-08-17 10:45,21,BOTH,BELOW,THROUGH,XUYEN,4,true,
NEARUSDT,525,2024-08-19 17:30,3,ABOVE,ABOVE,BLOCKED,CHAN,3,false,true
NEARUSDT,526,2024-08-20 13:00,1,BELOW,BELOW,THROUGH,XUYEN,0,true,
NEARUSDT,527,2024-08-21 10:45,1,ABOVE,ABOVE,BLOCKED,CHAN,0,false,
NEARUSDT,528,2024-08-23 14:00,6,BOTH,ABOVE,BLOCKED,XUYEN,2,false,false
NEARUSDT,529,2024-08-30 09:45,2,BOTH,ABOVE,THROUGH,XUYEN,2,true,
NEARUSDT,530,2024-09-03 07:30,4,BOTH,ABOVE,THROUGH,XUYEN,0,true,
NEARUSDT,531,2024-09-03 11:45,1,BELOW,BELOW,BLOCKED,CHAN,3,false,
NEARUSDT,532,2024-09-05 12:00,5,BOTH,ABOVE,BLOCKED,XUYEN,0,false,false
NEARUSDT,533,2024-09-06 07:15,3,BELOW,BELOW,BLOCKED,CHAN,3,false,true
NEARUSDT,534,2024-09-06 12:30,3,BOTH,ABOVE,THROUGH,XUYEN,2,true,
NEARUSDT,535,2024-09-07 05:00,1,ABOVE,ABOVE,BLOCKED,CHAN,2,false,
NEARUSDT,536,2024-09-07 16:30,8,BOTH,ABOVE,BLOCKED,XUYEN,2,false,false
NEARUSDT,538,2024-09-08 22:15,3,ABOVE,ABOVE,BLOCKED,CHAN,2,false,true
NEARUSDT,539,2024-09-09 21:00,21,BOTH,ABOVE,BLOCKED,XUYEN,3,false,false
NEARUSDT,540,2024-09-11 12:30,4,BOTH,BELOW,THROUGH,XUYEN,1,true,
NEARUSDT,541,2024-09-12 11:45,21,BOTH,ABOVE,THROUGH,XUYEN,1,true,
NEARUSDT,542,2024-09-14 18:00,15,BOTH,BELOW,THROUGH,XUYEN,1,true,
NEARUSDT,543,2024-09-18 13:00,4,BOTH,ABOVE,THROUGH,XUYEN,1,true,
NEARUSDT,545,2024-09-22 16:00,3,BOTH,BELOW,THROUGH,XUYEN,2,true,
NEARUSDT,546,2024-09-25 05:15,13,BOTH,ABOVE,THROUGH,XUYEN,1,true,
NEARUSDT,547,2024-09-25 21:45,4,BOTH,BELOW,THROUGH,XUYEN,3,true,
NEARUSDT,548,2024-09-27 19:30,12,BOTH,BELOW,THROUGH,XUYEN,2,true,
NEARUSDT,549,2024-09-28 20:45,19,BOTH,BELOW,THROUGH,XUYEN,0,true,
NEARUSDT,551,2024-10-11 12:30,20,BOTH,ABOVE,BLOCKED,XUYEN,2,false,false
NEARUSDT,552,2024-10-13 14:30,4,BELOW,BELOW,THROUGH,XUYEN,1,true,
NEARUSDT,553,2024-10-15 20:15,9,BOTH,BELOW,THROUGH,XUYEN,2,true,
NEARUSDT,554,2024-10-16 13:30,13,BOTH,BELOW,BLOCKED,XUYEN,1,false,false
NEARUSDT,555,2024-10-18 13:30,5,ABOVE,ABOVE,BLOCKED,CHAN,2,false,true
NEARUSDT,556,2024-10-19 23:45,11,BOTH,BELOW,BLOCKED,XUYEN,1,false,false
NEARUSDT,557,2024-10-22 22:00,2,BOTH,ABOVE,THROUGH,XUYEN,1,true,
NEARUSDT,558,2024-10-23 03:15,25,BOTH,BELOW,BLOCKED,XUYEN,3,false,false
NEARUSDT,559,2024-10-26 05:00,16,BOTH,ABOVE,THROUGH,XUYEN,1,true,
NEARUSDT,560,2024-10-28 21:00,6,BOTH,ABOVE,BLOCKED,XUYEN,3,false,false
NEARUSDT,561,2024-11-01 06:00,6,BOTH,BELOW,THROUGH,XUYEN,2,true,
NEARUSDT,562,2024-11-02 04:45,7,BOTH,ABOVE,BLOCKED,XUYEN,0,false,false
NEARUSDT,563,2024-11-02 11:45,3,BELOW,BELOW,BLOCKED,CHAN,1,false,true
NEARUSDT,564,2024-11-05 19:45,5,BOTH,BELOW,BLOCKED,XUYEN,1,false,false
NEARUSDT,565,2024-11-11 21:00,41,BOTH,BELOW,BLOCKED,XUYEN,1,false,false
NEARUSDT,566,2024-11-19 17:30,20,BOTH,ABOVE,BLOCKED,XUYEN,2,false,false
NEARUSDT,567,2024-11-23 16:15,12,BOTH,BELOW,BLOCKED,XUYEN,2,false,false
NEARUSDT,568,2024-11-25 08:30,65,BOTH,BELOW,THROUGH,XUYEN,4,true,
NEARUSDT,569,2024-12-06 19:30,6,BOTH,ABOVE,BLOCKED,XUYEN,3,false,false
NEARUSDT,570,2024-12-11 13:30,41,BOTH,ABOVE,BLOCKED,XUYEN,3,false,false
NEARUSDT,571,2024-12-25 08:00,8,BOTH,ABOVE,BLOCKED,XUYEN,1,false,false
NEARUSDT,572,2024-12-30 07:00,2,BELOW,BELOW,BLOCKED,CHAN,1,false,true
NEARUSDT,573,2024-12-31 17:30,7,BOTH,BELOW,BLOCKED,XUYEN,1,false,false
NEARUSDT,574,2025-01-02 03:30,2,ABOVE,ABOVE,BLOCKED,CHAN,3,false,true
NEARUSDT,575,2025-01-03 20:00,18,BOTH,BELOW,THROUGH,XUYEN,1,true,
NEARUSDT,576,2025-01-05 08:00,9,BOTH,BELOW,THROUGH,XUYEN,1,true,
NEARUSDT,577,2025-01-10 13:30,24,BOTH,BELOW,BLOCKED,XUYEN,2,false,false
NEARUSDT,578,2025-01-13 14:30,4,BOTH,ABOVE,THROUGH,XUYEN,2,true,
NEARUSDT,580,2025-01-15 11:00,8,BOTH,BELOW,THROUGH,XUYEN,3,true,
NEARUSDT,582,2025-01-21 16:00,32,BOTH,ABOVE,BLOCKED,XUYEN,2,false,false
NEARUSDT,583,2025-01-28 00:00,5,BOTH,ABOVE,THROUGH,XUYEN,3,true,
NEARUSDT,584,2025-01-28 14:00,21,BOTH,BELOW,THROUGH,XUYEN,2,true,
NEARUSDT,585,2025-02-02 22:30,4,BELOW,BELOW,BLOCKED,CHAN,3,false,true
NEARUSDT,586,2025-02-07 13:30,37,BOTH,ABOVE,BLOCKED,XUYEN,1,false,false
NEARUSDT,587,2025-02-12 13:30,17,BOTH,BELOW,THROUGH,XUYEN,3,true,
NEARUSDT,588,2025-02-20 02:30,6,ABOVE,ABOVE,BLOCKED,XUYEN,3,false,false
NEARUSDT,589,2025-02-25 07:00,18,BOTH,BELOW,BLOCKED,XUYEN,2,false,false
NEARUSDT,590,2025-02-27 17:30,20,BOTH,ABOVE,THROUGH,XUYEN,2,true,
NEARUSDT,591,2025-03-02 23:00,1,ABOVE,ABOVE,THROUGH,XUYEN,4,true,
NEARUSDT,592,2025-03-04 22:45,13,BOTH,BELOW,BLOCKED,XUYEN,1,false,false
NEARUSDT,594,2025-03-07 11:00,12,BOTH,ABOVE,BLOCKED,XUYEN,1,false,false
NEARUSDT,595,2025-03-10 09:15,24,BOTH,ABOVE,THROUGH,XUYEN,2,true,
NEARUSDT,596,2025-03-16 08:15,1,BELOW,BELOW,BLOCKED,CHAN,0,false,
NEARUSDT,597,2025-03-16 16:00,10,BOTH,ABOVE,THROUGH,XUYEN,1,true,
NEARUSDT,598,2025-03-17 12:00,24,BOTH,BELOW,BLOCKED,XUYEN,1,false,false
NEARUSDT,601,2025-03-20 05:30,3,ABOVE,ABOVE,BLOCKED,CHAN,1,false,true
NEARUSDT,602,2025-03-20 10:00,5,BOTH,BELOW,THROUGH,XUYEN,1,true,
NEARUSDT,603,2025-03-20 22:00,38,BOTH,BELOW,THROUGH,XUYEN,1,true,
NEARUSDT,604,2025-03-26 18:30,7,BOTH,BELOW,THROUGH,XUYEN,2,true,
NEARUSDT,605,2025-03-27 03:15,2,BELOW,BELOW,BLOCKED,CHAN,3,false,true
NEARUSDT,607,2025-03-28 03:15,1,BELOW,BELOW,BLOCKED,CHAN,4,false,
NEARUSDT,608,2025-03-29 16:45,3,BELOW,BELOW,BLOCKED,XUYEN,2,false,false
NEARUSDT,609,2025-03-30 15:15,6,BOTH,BELOW,THROUGH,XUYEN,3,true,
NEARUSDT,610,2025-03-31 06:30,1,BELOW,BELOW,BLOCKED,CHAN,3,false,
NEARUSDT,611,2025-03-31 10:45,2,ABOVE,ABOVE,BLOCKED,CHAN,2,false,true
NEARUSDT,612,2025-03-31 17:45,12,BOTH,ABOVE,THROUGH,XUYEN,4,true,
NEARUSDT,613,2025-04-02 13:30,1,ABOVE,ABOVE,THROUGH,XUYEN,3,true,
NEARUSDT,614,2025-04-03 13:30,4,BOTH,ABOVE,THROUGH,XUYEN,2,true,
NEARUSDT,615,2025-04-04 07:00,4,BOTH,ABOVE,THROUGH,XUYEN,1,true,
NEARUSDT,616,2025-04-04 18:45,11,BOTH,ABOVE,THROUGH,XUYEN,4,true,
NEARUSDT,617,2025-04-05 05:15,7,BELOW,BELOW,BLOCKED,CHAN,5,false,true
NEARUSDT,619,2025-04-11 06:00,30,BOTH,ABOVE,BLOCKED,XUYEN,3,false,false
NEARUSDT,621,2025-04-20 00:00,20,BOTH,ABOVE,THROUGH,XUYEN,2,true,
NEARUSDT,623,2025-04-29 20:30,6,BOTH,ABOVE,THROUGH,XUYEN,1,true,
NEARUSDT,624,2025-04-30 09:00,4,BOTH,BELOW,THROUGH,XUYEN,3,true,
NEARUSDT,625,2025-05-02 03:00,5,BOTH,ABOVE,THROUGH,XUYEN,3,true,
NEARUSDT,626,2025-05-03 13:30,5,BOTH,BELOW,THROUGH,XUYEN,3,true,
NEARUSDT,627,2025-05-06 18:45,2,BOTH,ABOVE,THROUGH,XUYEN,2,true,
NEARUSDT,629,2025-05-07 07:30,4,BOTH,ABOVE,THROUGH,XUYEN,2,true,
NEARUSDT,630,2025-05-11 22:00,6,BOTH,BELOW,THROUGH,XUYEN,3,true,
NEARUSDT,631,2025-05-12 07:00,12,BOTH,ABOVE,BLOCKED,XUYEN,2,false,false
NEARUSDT,632,2025-05-13 07:00,21,BOTH,BELOW,THROUGH,XUYEN,4,true,
NEARUSDT,633,2025-05-22 22:00,5,ABOVE,ABOVE,BLOCKED,XUYEN,0,false,false
NEARUSDT,636,2025-05-29 10:45,4,BOTH,ABOVE,THROUGH,XUYEN,0,true,
NEARUSDT,637,2025-06-08 02:15,13,BOTH,BELOW,BLOCKED,XUYEN,2,false,false
NEARUSDT,638,2025-06-09 21:00,6,BOTH,ABOVE,THROUGH,XUYEN,2,true,
NEARUSDT,640,2025-06-13 10:00,41,BOTH,BELOW,BLOCKED,XUYEN,4,false,false
NEARUSDT,642,2025-06-20 03:00,6,BOTH,BELOW,THROUGH,XUYEN,1,true,
NEARUSDT,643,2025-06-22 20:00,2,BOTH,BELOW,THROUGH,XUYEN,3,true,
NEARUSDT,644,2025-06-23 22:00,18,BOTH,ABOVE,THROUGH,XUYEN,2,true,
NEARUSDT,646,2025-07-01 12:45,7,BOTH,BELOW,THROUGH,XUYEN,2,true,
NEARUSDT,647,2025-07-02 21:00,19,BOTH,ABOVE,THROUGH,XUYEN,3,true,
NEARUSDT,648,2025-07-12 07:30,33,BOTH,BELOW,BLOCKED,XUYEN,2,false,false
NEARUSDT,649,2025-07-15 22:00,10,BOTH,BELOW,THROUGH,XUYEN,1,true,
NEARUSDT,650,2025-07-24 22:00,7,BOTH,BELOW,BLOCKED,XUYEN,1,false,false
NEARUSDT,651,2025-07-25 20:15,26,BOTH,ABOVE,BLOCKED,XUYEN,1,false,false
NEARUSDT,652,2025-08-01 08:00,9,BOTH,BELOW,BLOCKED,XUYEN,2,false,false
NEARUSDT,653,2025-08-03 22:00,3,BELOW,BELOW,THROUGH,XUYEN,1,true,
NEARUSDT,654,2025-08-04 13:30,18,BOTH,ABOVE,THROUGH,XUYEN,1,true,
NEARUSDT,656,2025-08-08 12:00,3,BOTH,BELOW,THROUGH,XUYEN,0,true,
NEARUSDT,657,2025-08-08 22:00,12,BOTH,ABOVE,BLOCKED,XUYEN,3,false,false
NEARUSDT,660,2025-08-17 11:45,6,BOTH,ABOVE,THROUGH,XUYEN,2,true,
NEARUSDT,662,2025-08-19 13:30,14,BOTH,BELOW,BLOCKED,XUYEN,3,false,false
NEARUSDT,663,2025-08-22 12:00,2,BELOW,BELOW,THROUGH,XUYEN,2,true,
NEARUSDT,665,2025-08-26 12:30,1,ABOVE,ABOVE,BLOCKED,CHAN,2,false,
NEARUSDT,666,2025-08-27 20:00,15,BOTH,BELOW,THROUGH,XUYEN,0,true,
NEARUSDT,667,2025-08-29 12:30,22,BOTH,ABOVE,THROUGH,XUYEN,0,true,
NEARUSDT,668,2025-09-01 20:30,12,BOTH,BELOW,THROUGH,XUYEN,2,true,
NEARUSDT,669,2025-09-05 07:00,24,BOTH,ABOVE,BLOCKED,XUYEN,1,false,false
NEARUSDT,670,2025-09-07 22:00,6,BOTH,BELOW,THROUGH,XUYEN,0,true,
NEARUSDT,672,2025-09-09 14:00,6,BELOW,BELOW,THROUGH,XUYEN,1,true,
NEARUSDT,673,2025-09-11 05:00,6,BOTH,BELOW,THROUGH,XUYEN,3,true,
NEARUSDT,674,2025-09-11 12:30,12,BOTH,BELOW,BLOCKED,XUYEN,4,false,false
NEARUSDT,675,2025-09-12 11:45,4,BOTH,BELOW,THROUGH,XUYEN,3,true,
NEARUSDT,676,2025-09-12 19:45,7,BOTH,ABOVE,THROUGH,XUYEN,2,true,
NEARUSDT,678,2025-09-14 11:15,11,BOTH,BELOW,THROUGH,XUYEN,1,true,
NEARUSDT,680,2025-09-22 00:00,1,ABOVE,ABOVE,THROUGH,XUYEN,1,true,
NEARUSDT,681,2025-09-22 06:00,23,BOTH,BELOW,BLOCKED,XUYEN,4,false,false
NEARUSDT,683,2025-09-29 05:00,10,BOTH,BELOW,BLOCKED,XUYEN,1,false,false
NEARUSDT,685,2025-10-05 02:30,40,BOTH,ABOVE,BLOCKED,XUYEN,1,false,false
NEARUSDT,686,2025-10-10 05:45,6,BOTH,ABOVE,BLOCKED,XUYEN,4,false,false
NEARUSDT,688,2025-10-13 11:00,12,BOTH,BELOW,THROUGH,XUYEN,1,true,
NEARUSDT,689,2025-10-14 19:30,7,BOTH,BELOW,BLOCKED,XUYEN,1,false,false
NEARUSDT,690,2025-10-15 20:30,12,BOTH,BELOW,BLOCKED,XUYEN,4,false,false
NEARUSDT,691,2025-10-16 09:30,3,ABOVE,ABOVE,BLOCKED,XUYEN,5,false,false
NEARUSDT,692,2025-10-18 22:00,8,BOTH,BELOW,BLOCKED,XUYEN,1,false,false
NEARUSDT,693,2025-10-19 08:15,2,BOTH,BELOW,THROUGH,XUYEN,2,true,
NEARUSDT,694,2025-10-21 01:00,4,BOTH,BELOW,THROUGH,XUYEN,1,true,
NEARUSDT,695,2025-10-22 11:00,8,BOTH,ABOVE,BLOCKED,XUYEN,2,false,false
NEARUSDT,696,2025-10-23 06:15,4,ABOVE,ABOVE,BLOCKED,CHAN,1,false,true
NEARUSDT,697,2025-10-29 18:30,7,BOTH,BELOW,THROUGH,XUYEN,1,true,
NEARUSDT,699,2025-11-06 12:15,2,ABOVE,ABOVE,BLOCKED,CHAN,2,false,true
NEARUSDT,700,2025-11-14 04:30,29,BOTH,BELOW,THROUGH,XUYEN,2,true,
NEARUSDT,702,2025-11-25 21:30,6,BOTH,BELOW,THROUGH,XUYEN,1,true,
NEARUSDT,703,2025-11-26 11:45,3,ABOVE,ABOVE,THROUGH,XUYEN,0,true,
NEARUSDT,704,2025-11-29 11:30,1,ABOVE,ABOVE,THROUGH,XUYEN,2,true,
NEARUSDT,706,2025-12-01 23:00,3,BOTH,BELOW,BLOCKED,XUYEN,2,false,false
NEARUSDT,707,2025-12-03 12:30,16,BOTH,BELOW,THROUGH,XUYEN,2,true,
NEARUSDT,708,2025-12-06 21:00,7,BOTH,ABOVE,THROUGH,XUYEN,2,true,
NEARUSDT,709,2025-12-07 04:00,9,BOTH,BELOW,THROUGH,XUYEN,3,true,
NEARUSDT,710,2025-12-08 06:00,1,ABOVE,ABOVE,BLOCKED,CHAN,1,false,
NEARUSDT,711,2025-12-08 20:45,15,BOTH,ABOVE,THROUGH,XUYEN,3,true,
NEARUSDT,712,2025-12-14 20:00,5,BOTH,ABOVE,THROUGH,XUYEN,1,true,
NEARUSDT,713,2025-12-15 21:45,29,BOTH,ABOVE,THROUGH,XUYEN,1,true,
NEARUSDT,714,2025-12-19 01:00,1,BELOW,BELOW,THROUGH,XUYEN,2,true,
NEARUSDT,715,2025-12-24 14:30,13,BOTH,ABOVE,THROUGH,XUYEN,1,true,
NEARUSDT,717,2025-12-30 14:00,5,BOTH,BELOW,THROUGH,XUYEN,2,true,
NEARUSDT,718,2026-01-04 00:00,11,BOTH,ABOVE,THROUGH,XUYEN,1,true,
NEARUSDT,719,2026-01-04 19:00,7,BOTH,BELOW,BLOCKED,XUYEN,2,false,false
NEARUSDT,720,2026-01-05 09:00,6,BOTH,BELOW,BLOCKED,XUYEN,5,false,false
NEARUSDT,721,2026-01-06 03:00,20,BOTH,ABOVE,THROUGH,XUYEN,1,true,
NEARUSDT,722,2026-01-08 13:15,40,BOTH,BELOW,THROUGH,XUYEN,2,true,
NEARUSDT,724,2026-01-14 04:00,5,BOTH,BELOW,THROUGH,XUYEN,1,true,
NEARUSDT,725,2026-01-16 13:00,19,BOTH,BELOW,BLOCKED,XUYEN,2,false,false
NEARUSDT,727,2026-01-20 22:30,17,BOTH,BELOW,THROUGH,XUYEN,2,true,
NEARUSDT,728,2026-01-22 23:00,33,BOTH,ABOVE,BLOCKED,XUYEN,4,false,false
NEARUSDT,729,2026-01-25 08:30,3,BOTH,BELOW,THROUGH,XUYEN,0,true,
NEARUSDT,730,2026-01-25 16:00,24,BOTH,BELOW,BLOCKED,XUYEN,1,false,false
NEARUSDT,731,2026-01-28 21:00,4,BOTH,ABOVE,BLOCKED,XUYEN,2,false,false
NEARUSDT,734,2026-02-01 23:00,26,BOTH,BELOW,THROUGH,XUYEN,2,true,
NEARUSDT,735,2026-02-04 11:00,3,BELOW,BELOW,BLOCKED,CHAN,2,false,true
NEARUSDT,736,2026-02-05 20:15,3,BOTH,BELOW,BLOCKED,CHAN,3,false,true
NEARUSDT,737,2026-02-07 16:00,16,BOTH,ABOVE,BLOCKED,XUYEN,3,false,false
NEARUSDT,738,2026-02-11 13:30,8,BOTH,ABOVE,THROUGH,XUYEN,0,true,
NEARUSDT,739,2026-02-12 05:00,5,BOTH,BELOW,THROUGH,XUYEN,1,true,
NEARUSDT,740,2026-02-12 16:00,11,BOTH,BELOW,BLOCKED,XUYEN,4,false,false
NEARUSDT,741,2026-02-19 22:00,1,ABOVE,ABOVE,BLOCKED,CHAN,1,false,
NEARUSDT,742,2026-02-22 12:00,1,BELOW,BELOW,BLOCKED,CHAN,1,false,
NEARUSDT,743,2026-02-24 23:00,3,BOTH,BELOW,THROUGH,XUYEN,3,true,
NEARUSDT,744,2026-03-01 13:45,7,BOTH,ABOVE,BLOCKED,XUYEN,0,false,false
NEARUSDT,745,2026-03-08 22:00,4,BELOW,BELOW,BLOCKED,XUYEN,2,false,false
NEARUSDT,746,2026-03-09 03:00,16,BOTH,ABOVE,BLOCKED,XUYEN,3,false,false
NEARUSDT,748,2026-03-18 06:30,4,BOTH,BELOW,THROUGH,XUYEN,0,true,
NEARUSDT,749,2026-03-19 05:15,1,BELOW,BELOW,BLOCKED,CHAN,3,false,
NEARUSDT,750,2026-03-19 19:00,17,BOTH,ABOVE,THROUGH,XUYEN,1,true,
NEARUSDT,753,2026-03-25 05:00,9,BOTH,BELOW,BLOCKED,XUYEN,3,false,false
NEARUSDT,755,2026-03-27 00:00,24,BOTH,ABOVE,BLOCKED,XUYEN,1,false,false
NEARUSDT,756,2026-04-09 22:00,3,ABOVE,ABOVE,BLOCKED,CHAN,2,false,true
NEARUSDT,757,2026-04-10 03:00,16,BOTH,BELOW,THROUGH,XUYEN,5,true,
NEARUSDT,758,2026-04-11 12:45,1,ABOVE,ABOVE,BLOCKED,CHAN,3,false,
NEARUSDT,759,2026-04-12 01:30,12,BOTH,BELOW,BLOCKED,XUYEN,1,false,false
NEARUSDT,760,2026-04-13 22:00,14,BOTH,ABOVE,BLOCKED,XUYEN,2,false,false
NEARUSDT,761,2026-04-15 19:30,15,BOTH,ABOVE,BLOCKED,XUYEN,5,false,false
NEARUSDT,762,2026-04-17 04:45,3,BOTH,BELOW,THROUGH,XUYEN,1,true,
NEARUSDT,763,2026-04-17 10:30,12,BOTH,BELOW,THROUGH,XUYEN,0,true,
NEARUSDT,764,2026-04-19 22:00,16,BOTH,BELOW,BLOCKED,XUYEN,1,false,false
NEARUSDT,765,2026-04-23 16:00,29,BOTH,BELOW,BLOCKED,XUYEN,1,false,false
NEARUSDT,766,2026-04-25 09:00,7,BOTH,ABOVE,THROUGH,XUYEN,2,true,
NEARUSDT,767,2026-04-29 18:00,11,BOTH,BELOW,BLOCKED,XUYEN,3,false,false
NEARUSDT,768,2026-05-02 11:45,8,BOTH,BELOW,BLOCKED,XUYEN,3,false,false
NEARUSDT,770,2026-05-03 11:00,15,BOTH,ABOVE,THROUGH,XUYEN,1,true,
NEARUSDT,772,2026-05-04 10:00,6,BELOW,BELOW,BLOCKED,CHAN,1,false,true
NEARUSDT,773,2026-05-05 12:30,3,BOTH,ABOVE,THROUGH,XUYEN,4,true,
NEARUSDT,774,2026-05-08 00:00,4,BOTH,ABOVE,THROUGH,XUYEN,1,true,
NEARUSDT,776,2026-05-15 05:30,4,BOTH,BELOW,THROUGH,XUYEN,1,true,
NEARUSDT,777,2026-05-17 23:30,6,BOTH,BELOW,BLOCKED,XUYEN,3,false,false
NEARUSDT,778,2026-05-18 06:00,6,BOTH,BELOW,THROUGH,XUYEN,3,true,
NEARUSDT,779,2026-05-20 05:45,1,ABOVE,ABOVE,BLOCKED,CHAN,1,false,
NEARUSDT,780,2026-05-21 04:30,7,BOTH,ABOVE,THROUGH,XUYEN,3,true,
NEARUSDT,781,2026-05-26 23:45,10,BOTH,BELOW,BLOCKED,XUYEN,3,false,false
NEARUSDT,782,2026-05-30 04:00,2,BOTH,BELOW,THROUGH,XUYEN,1,true,
NEARUSDT,783,2026-05-30 15:30,19,BOTH,BELOW,BLOCKED,XUYEN,2,false,false
NEARUSDT,784,2026-06-06 04:00,19,BOTH,BELOW,THROUGH,XUYEN,3,true,
NEARUSDT,785,2026-06-11 03:30,1,ABOVE,ABOVE,BLOCKED,CHAN,3,false,
NEARUSDT,786,2026-06-12 20:45,12,BOTH,BELOW,BLOCKED,XUYEN,3,false,false
NEARUSDT,787,2026-06-16 02:00,4,BOTH,BELOW,BLOCKED,XUYEN,2,false,false
NEARUSDT,788,2026-06-19 20:45,8,BOTH,ABOVE,BLOCKED,XUYEN,1,false,false
NEARUSDT,789,2026-06-21 20:45,11,BOTH,BELOW,THROUGH,XUYEN,1,true,
NEARUSDT,790,2026-06-22 20:45,1,ABOVE,ABOVE,THROUGH,XUYEN,1,true,
NEARUSDT,791,2026-06-24 11:00,17,BOTH,BELOW,THROUGH,XUYEN,2,true,
NEARUSDT,792,2026-06-25 11:30,2,BELOW,BELOW,BLOCKED,CHAN,2,false,true
NEARUSDT,793,2026-06-25 22:30,8,BOTH,BELOW,THROUGH,XUYEN,1,true,
NEARUSDT,794,2026-06-26 11:00,8,BOTH,ABOVE,THROUGH,XUYEN,0,true,
NEARUSDT,795,2026-06-26 19:30,19,BOTH,ABOVE,THROUGH,XUYEN,2,true,
NEARUSDT,796,2026-06-27 20:30,5,BOTH,ABOVE,THROUGH,XUYEN,2,true,
NEARUSDT,797,2026-06-28 06:00,8,BOTH,BELOW,THROUGH,XUYEN,1,true,
NEARUSDT,799,2026-07-01 01:00,7,BOTH,BELOW,THROUGH,XUYEN,1,true,
NEARUSDT,800,2026-07-01 18:30,5,BOTH,ABOVE,BLOCKED,XUYEN,3,false,false
NEARUSDT,801,2026-07-05 05:30,4,BELOW,BELOW,BLOCKED,CHAN,3,false,true
NEARUSDT,802,2026-07-05 09:30,4,BOTH,BELOW,THROUGH,XUYEN,3,true,
NEARUSDT,803,2026-07-06 21:00,10,BOTH,ABOVE,THROUGH,XUYEN,2,true,
NEARUSDT,804,2026-07-08 01:30,9,BOTH,BELOW,BLOCKED,XUYEN,2,false,false
NEARUSDT,806,2026-07-18 07:00,37,BOTH,BELOW,BLOCKED,XUYEN,2,false,false
NEARUSDT,807,2026-07-21 21:00,4,BOTH,BELOW,BLOCKED,XUYEN,3,false,false
NEARUSDT,808,2026-07-22 18:30,22,BOTH,BELOW,BLOCKED,XUYEN,3,false,false
NEARUSDT,810,2026-07-25 06:30,34,BOTH,BELOW,BLOCKED,XUYEN,2,false,false
NEARUSDT,812,2026-07-28 11:30,33,BOTH,BELOW,BLOCKED,XUYEN,4,false,false
NEARUSDT,813,2026-08-05 03:15,2,BELOW,BELOW,BLOCKED,CHAN,1,false,true
NEARUSDT,814,2026-08-05 11:00,15,BOTH,BELOW,THROUGH,XUYEN,2,true,
NEARUSDT,815,2026-08-06 09:00,2,BELOW,BELOW,BLOCKED,CHAN,5,false,true
NEARUSDT,816,2026-08-07 23:00,5,BOTH,ABOVE,THROUGH,XUYEN,1,true,
APTUSDT,2,2022-10-29 10:15,2,BELOW,BELOW,THROUGH,XUYEN,1,true,
APTUSDT,3,2022-10-31 05:00,23,BOTH,ABOVE,THROUGH,XUYEN,0,true,
APTUSDT,6,2022-11-05 17:00,12,BOTH,ABOVE,BLOCKED,XUYEN,4,false,false
APTUSDT,8,2022-11-17 19:00,15,BOTH,ABOVE,THROUGH,XUYEN,3,true,
APTUSDT,10,2022-11-24 15:45,8,BOTH,ABOVE,THROUGH,XUYEN,1,true,
APTUSDT,12,2022-11-26 14:45,5,BOTH,BELOW,THROUGH,XUYEN,2,true,
APTUSDT,13,2022-11-30 17:15,12,BOTH,BELOW,THROUGH,XUYEN,1,true,
APTUSDT,16,2022-12-08 00:00,25,BOTH,ABOVE,THROUGH,XUYEN,1,true,
APTUSDT,17,2022-12-10 05:15,16,BOTH,ABOVE,THROUGH,XUYEN,1,true,
APTUSDT,18,2022-12-11 05:15,4,BOTH,ABOVE,BLOCKED,XUYEN,2,false,false
APTUSDT,20,2022-12-13 01:30,1,BELOW,BELOW,THROUGH,XUYEN,1,true,
APTUSDT,21,2022-12-13 22:00,12,BOTH,ABOVE,BLOCKED,XUYEN,3,false,false
APTUSDT,22,2022-12-14 22:00,2,BOTH,ABOVE,THROUGH,XUYEN,1,true,
APTUSDT,23,2022-12-15 20:00,9,BOTH,BELOW,THROUGH,XUYEN,3,true,
APTUSDT,26,2022-12-19 12:30,4,BOTH,ABOVE,THROUGH,XUYEN,2,true,
APTUSDT,28,2022-12-22 20:15,8,BOTH,ABOVE,THROUGH,XUYEN,1,true,
APTUSDT,29,2022-12-26 09:00,7,BOTH,BELOW,THROUGH,XUYEN,3,true,
APTUSDT,30,2022-12-27 14:30,1,BELOW,BELOW,BLOCKED,CHAN,2,false,
APTUSDT,31,2022-12-28 14:30,10,BOTH,ABOVE,THROUGH,XUYEN,0,true,
APTUSDT,33,2022-12-30 23:30,4,ABOVE,ABOVE,BLOCKED,CHAN,0,false,true
APTUSDT,35,2023-01-07 06:00,17,BOTH,BELOW,THROUGH,XUYEN,3,true,
APTUSDT,36,2023-01-07 22:30,6,BOTH,ABOVE,THROUGH,XUYEN,0,true,
APTUSDT,37,2023-01-08 10:30,3,BELOW,BELOW,BLOCKED,XUYEN,4,false,false
APTUSDT,41,2023-01-14 14:30,7,BOTH,BELOW,THROUGH,XUYEN,3,true,
APTUSDT,42,2023-01-16 19:00,4,BOTH,BELOW,THROUGH,XUYEN,2,true,
APTUSDT,43,2023-01-17 00:00,15,BOTH,ABOVE,THROUGH,XUYEN,0,true,
APTUSDT,44,2023-01-19 11:00,11,BOTH,BELOW,BLOCKED,XUYEN,1,false,false
APTUSDT,45,2023-01-23 00:00,11,BOTH,ABOVE,THROUGH,XUYEN,2,true,
APTUSDT,46,2023-01-24 20:00,3,BELOW,BELOW,BLOCKED,CHAN,1,false,true
APTUSDT,48,2023-01-28 12:15,2,BOTH,BELOW,THROUGH,XUYEN,2,true,
APTUSDT,49,2023-01-29 06:00,8,BOTH,ABOVE,THROUGH,XUYEN,2,true,
APTUSDT,50,2023-01-29 16:30,10,BOTH,BELOW,BLOCKED,XUYEN,2,false,false
APTUSDT,51,2023-01-30 18:00,5,BOTH,BELOW,THROUGH,XUYEN,2,true,
APTUSDT,52,2023-02-04 12:45,15,BOTH,ABOVE,BLOCKED,XUYEN,0,false,false
APTUSDT,53,2023-02-06 04:45,16,BOTH,BELOW,THROUGH,XUYEN,0,true,
APTUSDT,54,2023-02-07 10:15,3,ABOVE,ABOVE,THROUGH,XUYEN,2,true,
APTUSDT,56,2023-02-11 17:30,15,BOTH,BELOW,BLOCKED,XUYEN,1,false,false
APTUSDT,57,2023-02-17 04:30,10,BELOW,BELOW,BLOCKED,XUYEN,2,false,false
APTUSDT,58,2023-02-19 20:00,21,BOTH,BELOW,THROUGH,XUYEN,4,true,
APTUSDT,59,2023-02-23 11:15,3,BELOW,BELOW,BLOCKED,CHAN,2,false,true
APTUSDT,60,2023-02-26 18:30,21,BOTH,ABOVE,BLOCKED,XUYEN,2,false,false
APTUSDT,61,2023-03-01 19:45,7,BOTH,BELOW,THROUGH,XUYEN,0,true,
APTUSDT,63,2023-03-07 10:45,4,BOTH,BELOW,THROUGH,XUYEN,1,true,
APTUSDT,64,2023-03-09 18:30,8,BOTH,ABOVE,THROUGH,XUYEN,3,true,
APTUSDT,65,2023-03-14 12:30,28,BOTH,ABOVE,THROUGH,XUYEN,1,true,
APTUSDT,66,2023-03-19 15:00,9,BOTH,ABOVE,BLOCKED,XUYEN,2,false,false
APTUSDT,67,2023-03-22 00:30,22,BOTH,BELOW,BLOCKED,XUYEN,0,false,false
APTUSDT,68,2023-03-27 14:15,15,BOTH,BELOW,THROUGH,XUYEN,1,true,
APTUSDT,69,2023-03-31 12:30,17,BOTH,ABOVE,BLOCKED,XUYEN,3,false,false
APTUSDT,70,2023-04-02 05:30,9,BOTH,ABOVE,BLOCKED,XUYEN,2,false,false
APTUSDT,71,2023-04-05 19:15,17,BOTH,ABOVE,BLOCKED,XUYEN,2,false,false
APTUSDT,74,2023-04-12 12:30,3,ABOVE,ABOVE,BLOCKED,CHAN,0,false,true
APTUSDT,75,2023-04-14 06:30,12,BOTH,ABOVE,BLOCKED,CHAN,2,false,true
APTUSDT,76,2023-04-16 01:00,33,BOTH,BELOW,BLOCKED,XUYEN,2,false,false
APTUSDT,77,2023-04-19 00:00,3,BOTH,ABOVE,THROUGH,XUYEN,1,true,
APTUSDT,79,2023-04-19 21:15,6,BELOW,BELOW,BLOCKED,CHAN,4,false,true
APTUSDT,80,2023-04-20 22:00,19,BOTH,ABOVE,BLOCKED,XUYEN,1,false,false
APTUSDT,81,2023-04-23 00:30,7,BOTH,BELOW,BLOCKED,XUYEN,2,false,false
APTUSDT,83,2023-04-23 18:45,55,BOTH,BELOW,THROUGH,XUYEN,2,true,
APTUSDT,84,2023-05-02 23:00,1,BELOW,BELOW,BLOCKED,CHAN,1,false,
APTUSDT,85,2023-05-03 02:00,5,BOTH,BELOW,THROUGH,XUYEN,1,true,
APTUSDT,86,2023-05-05 12:30,7,BOTH,BELOW,THROUGH,XUYEN,2,true,
APTUSDT,87,2023-05-07 23:45,1,BELOW,BELOW,BLOCKED,CHAN,2,false,
APTUSDT,88,2023-05-12 02:30,8,BOTH,BELOW,THROUGH,XUYEN,1,true,
APTUSDT,89,2023-05-21 15:30,11,BOTH,BELOW,THROUGH,XUYEN,1,true,
APTUSDT,90,2023-05-24 19:15,7,BOTH,ABOVE,THROUGH,XUYEN,1,true,
APTUSDT,91,2023-05-25 19:00,8,BOTH,ABOVE,BLOCKED,XUYEN,3,false,false
APTUSDT,92,2023-05-26 11:45,3,ABOVE,ABOVE,BLOCKED,CHAN,4,false,true
APTUSDT,93,2023-05-28 10:15,3,ABOVE,ABOVE,BLOCKED,XUYEN,2,false,false
APTUSDT,94,2023-05-28 15:30,48,BOTH,BELOW,THROUGH,XUYEN,3,true,
APTUSDT,95,2023-06-01 14:00,10,ABOVE,ABOVE,THROUGH,XUYEN,1,true,
APTUSDT,96,2023-06-04 01:00,11,BOTH,ABOVE,BLOCKED,XUYEN,2,false,false
APTUSDT,99,2023-06-06 12:00,8,BOTH,BELOW,THROUGH,XUYEN,0,true,
APTUSDT,103,2023-06-14 18:00,2,BELOW,BELOW,BLOCKED,XUYEN,2,false,false
APTUSDT,104,2023-06-17 12:00,6,BOTH,ABOVE,THROUGH,XUYEN,1,true,
APTUSDT,105,2023-06-19 16:30,8,BOTH,BELOW,THROUGH,XUYEN,1,true,
APTUSDT,106,2023-06-22 11:00,10,BOTH,BELOW,BLOCKED,XUYEN,1,false,false
APTUSDT,107,2023-06-24 22:00,8,ABOVE,ABOVE,THROUGH,XUYEN,2,true,
APTUSDT,108,2023-06-26 21:45,13,BOTH,BELOW,THROUGH,XUYEN,2,true,
APTUSDT,109,2023-06-28 02:45,1,BELOW,BELOW,BLOCKED,CHAN,3,false,
APTUSDT,110,2023-06-29 06:00,1,BELOW,BELOW,THROUGH,XUYEN,1,true,
APTUSDT,112,2023-07-01 04:15,22,BOTH,BELOW,BLOCKED,XUYEN,1,false,false
APTUSDT,113,2023-07-06 19:45,4,BELOW,BELOW,BLOCKED,CHAN,2,false,true
APTUSDT,115,2023-07-09 01:00,5,BOTH,ABOVE,THROUGH,XUYEN,2,true,
APTUSDT,116,2023-07-09 20:30,4,BOTH,BELOW,THROUGH,XUYEN,3,true,
APTUSDT,117,2023-07-10 00:00,18,BOTH,BELOW,BLOCKED,XUYEN,2,false,false
APTUSDT,119,2023-07-11 23:00,5,BOTH,ABOVE,BLOCKED,XUYEN,1,false,false
APTUSDT,120,2023-07-12 19:15,7,BOTH,BELOW,THROUGH,XUYEN,3,true,
APTUSDT,122,2023-07-22 00:00,8,BOTH,ABOVE,BLOCKED,XUYEN,1,false,false
APTUSDT,124,2023-07-25 11:45,37,BOTH,ABOVE,THROUGH,XUYEN,3,true,
APTUSDT,125,2023-07-30 19:45,11,BOTH,BELOW,THROUGH,XUYEN,2,true,
APTUSDT,126,2023-07-31 19:45,9,BOTH,BELOW,BLOCKED,XUYEN,3,false,false
APTUSDT,127,2023-08-04 12:30,3,BOTH,ABOVE,BLOCKED,XUYEN,2,false,false
APTUSDT,128,2023-08-04 20:30,5,BELOW,BELOW,BLOCKED,CHAN,3,false,true
APTUSDT,129,2023-08-05 05:45,4,ABOVE,ABOVE,BLOCKED,CHAN,2,false,true
APTUSDT,130,2023-08-06 02:00,34,BOTH,ABOVE,THROUGH,XUYEN,1,true,
APTUSDT,131,2023-08-09 21:00,7,BOTH,BELOW,THROUGH,XUYEN,2,true,
APTUSDT,133,2023-08-11 19:30,20,BOTH,BELOW,THROUGH,XUYEN,3,true,
APTUSDT,134,2023-08-14 18:00,4,BELOW,BELOW,BLOCKED,CHAN,4,false,true
APTUSDT,138,2023-08-16 20:15,5,BELOW,BELOW,BLOCKED,CHAN,1,false,true
APTUSDT,139,2023-08-17 15:30,4,BELOW,BELOW,BLOCKED,CHAN,3,false,true
APTUSDT,141,2023-08-19 08:15,4,ABOVE,ABOVE,BLOCKED,CHAN,2,false,true
APTUSDT,142,2023-08-21 10:00,13,BOTH,BELOW,BLOCKED,XUYEN,2,false,false
APTUSDT,143,2023-08-22 21:15,1,BELOW,BELOW,THROUGH,XUYEN,2,true,
APTUSDT,144,2023-08-24 17:30,5,BELOW,BELOW,BLOCKED,CHAN,2,false,true
APTUSDT,145,2023-08-25 13:00,8,BOTH,ABOVE,THROUGH,XUYEN,1,true,
APTUSDT,146,2023-08-28 05:30,10,BOTH,BELOW,BLOCKED,XUYEN,3,false,false
APTUSDT,148,2023-09-02 07:45,17,BOTH,ABOVE,BLOCKED,XUYEN,2,false,false
APTUSDT,149,2023-09-03 16:30,8,BELOW,BELOW,BLOCKED,CHAN,2,false,true
APTUSDT,151,2023-09-04 11:15,5,BOTH,BELOW,THROUGH,XUYEN,2,true,
APTUSDT,152,2023-09-05 03:00,20,BOTH,BELOW,THROUGH,XUYEN,2,true,
APTUSDT,153,2023-09-06 17:00,2,BOTH,BELOW,THROUGH,XUYEN,2,true,
APTUSDT,154,2023-09-08 07:15,3,ABOVE,ABOVE,THROUGH,XUYEN,0,true,
APTUSDT,155,2023-09-09 15:00,2,ABOVE,ABOVE,BLOCKED,CHAN,1,false,true
APTUSDT,156,2023-09-09 22:00,2,BOTH,ABOVE,THROUGH,XUYEN,2,true,
APTUSDT,157,2023-09-10 12:45,4,BOTH,ABOVE,THROUGH,XUYEN,0,true,
APTUSDT,158,2023-09-11 09:15,5,BOTH,BELOW,BLOCKED,XUYEN,1,false,false
APTUSDT,159,2023-09-12 08:45,5,BOTH,BELOW,THROUGH,XUYEN,3,true,
APTUSDT,160,2023-09-12 21:00,4,BOTH,ABOVE,THROUGH,XUYEN,2,true,
APTUSDT,161,2023-09-13 07:30,2,ABOVE,ABOVE,BLOCKED,CHAN,1,false,true
APTUSDT,162,2023-09-17 20:30,10,BOTH,BELOW,THROUGH,XUYEN,1,true,
APTUSDT,163,2023-09-20 09:45,5,BELOW,BELOW,BLOCKED,CHAN,2,false,true
APTUSDT,164,2023-09-20 19:15,8,BOTH,BELOW,THROUGH,XUYEN,2,true,
APTUSDT,165,2023-09-21 18:00,5,ABOVE,ABOVE,BLOCKED,CHAN,0,false,true
APTUSDT,166,2023-09-23 00:00,17,BOTH,ABOVE,BLOCKED,XUYEN,1,false,false
APTUSDT,167,2023-09-24 06:45,1,ABOVE,ABOVE,BLOCKED,CHAN,0,false,
APTUSDT,168,2023-09-24 11:45,1,ABOVE,ABOVE,BLOCKED,CHAN,1,false,
APTUSDT,169,2023-09-28 13:30,3,ABOVE,ABOVE,BLOCKED,CHAN,1,false,true
APTUSDT,170,2023-09-29 11:30,15,BOTH,ABOVE,BLOCKED,XUYEN,0,false,false
APTUSDT,171,2023-10-02 14:00,2,BELOW,BELOW,BLOCKED,CHAN,3,false,true
APTUSDT,173,2023-10-04 19:00,11,BOTH,ABOVE,BLOCKED,XUYEN,2,false,false
APTUSDT,174,2023-10-06 12:30,1,BELOW,BELOW,THROUGH,XUYEN,2,true,
APTUSDT,175,2023-10-06 21:30,2,BOTH,ABOVE,THROUGH,XUYEN,2,true,
APTUSDT,176,2023-10-08 10:45,9,BOTH,BELOW,BLOCKED,XUYEN,3,false,false
APTUSDT,177,2023-10-08 22:00,3,BELOW,BELOW,BLOCKED,CHAN,3,false,true
APTUSDT,179,2023-10-09 16:00,11,BOTH,BELOW,BLOCKED,XUYEN,2,false,false
APTUSDT,180,2023-10-11 07:00,20,BOTH,ABOVE,BLOCKED,XUYEN,1,false,false
APTUSDT,181,2023-10-13 08:30,7,BOTH,BELOW,THROUGH,XUYEN,3,true,
APTUSDT,183,2023-10-15 01:30,11,BOTH,ABOVE,THROUGH,XUYEN,0,true,
APTUSDT,185,2023-10-17 02:30,8,BOTH,ABOVE,THROUGH,XUYEN,2,true,
APTUSDT,186,2023-10-17 13:45,19,BOTH,BELOW,THROUGH,XUYEN,3,true,
APTUSDT,187,2023-10-19 01:30,6,BOTH,BELOW,THROUGH,XUYEN,1,true,
APTUSDT,190,2023-10-28 01:00,2,ABOVE,ABOVE,BLOCKED,CHAN,1,false,true
APTUSDT,191,2023-10-28 12:45,10,BOTH,BELOW,THROUGH,XUYEN,2,true,
APTUSDT,192,2023-10-31 00:00,18,BOTH,ABOVE,THROUGH,XUYEN,1,true,
APTUSDT,193,2023-11-03 04:45,1,ABOVE,ABOVE,BLOCKED,CHAN,2,false,
APTUSDT,194,2023-11-05 13:45,6,BELOW,BELOW,BLOCKED,XUYEN,2,false,false
APTUSDT,195,2023-11-07 00:00,36,BOTH,ABOVE,BLOCKED,XUYEN,1,false,false
APTUSDT,196,2023-11-11 01:15,3,BOTH,ABOVE,THROUGH,XUYEN,2,true,
APTUSDT,197,2023-11-11 14:15,2,ABOVE,ABOVE,BLOCKED,CHAN,4,false,true
APTUSDT,198,2023-11-11 18:45,19,BOTH,ABOVE,THROUGH,XUYEN,1,true,
APTUSDT,199,2023-11-14 10:30,12,BOTH,BELOW,THROUGH,XUYEN,2,true,
APTUSDT,200,2023-11-16 19:00,9,BOTH,BELOW,BLOCKED,XUYEN,2,false,false
APTUSDT,202,2023-11-20 12:45,57,BOTH,ABOVE,THROUGH,XUYEN,0,true,
APTUSDT,203,2023-11-26 16:15,4,BOTH,BELOW,THROUGH,XUYEN,3,true,
APTUSDT,205,2023-11-28 22:45,55,BOTH,BELOW,THROUGH,XUYEN,2,true,
APTUSDT,206,2023-12-06 20:30,1,BELOW,BELOW,BLOCKED,CHAN,3,false,
APTUSDT,207,2023-12-07 04:00,1,ABOVE,ABOVE,BLOCKED,CHAN,1,false,
APTUSDT,208,2023-12-08 21:00,10,BOTH,BELOW,BLOCKED,XUYEN,1,false,false
APTUSDT,209,2023-12-09 22:45,5,BELOW,BELOW,BLOCKED,CHAN,2,false,true
APTUSDT,211,2023-12-11 18:00,3,BOTH,BELOW,THROUGH,XUYEN,4,true,
APTUSDT,212,2023-12-15 12:00,9,BOTH,BELOW,THROUGH,XUYEN,2,true,
APTUSDT,213,2023-12-16 03:45,4,BOTH,ABOVE,THROUGH,XUYEN,1,true,
APTUSDT,214,2023-12-16 11:30,4,BOTH,ABOVE,BLOCKED,XUYEN,3,false,false
APTUSDT,215,2023-12-16 23:45,14,BOTH,BELOW,THROUGH,XUYEN,3,true,
APTUSDT,216,2023-12-18 01:30,1,BELOW,BELOW,BLOCKED,CHAN,2,false,
APTUSDT,217,2023-12-19 14:00,11,BOTH,BELOW,THROUGH,XUYEN,2,true,
APTUSDT,218,2023-12-23 09:15,33,BOTH,ABOVE,BLOCKED,XUYEN,1,false,false
APTUSDT,219,2024-01-05 07:45,6,BOTH,ABOVE,THROUGH,XUYEN,4,true,
APTUSDT,220,2024-01-08 02:15,7,BOTH,BELOW,THROUGH,XUYEN,2,true,
APTUSDT,221,2024-01-09 08:00,1,BELOW,BELOW,BLOCKED,CHAN,3,false,
APTUSDT,222,2024-01-09 12:45,18,BOTH,BELOW,BLOCKED,XUYEN,1,false,false
APTUSDT,223,2024-01-15 03:15,5,BOTH,ABOVE,THROUGH,XUYEN,3,true,
APTUSDT,224,2024-01-18 12:15,1,BELOW,BELOW,BLOCKED,CHAN,2,false,
APTUSDT,226,2024-01-29 00:00,19,BOTH,ABOVE,BLOCKED,XUYEN,1,false,false
APTUSDT,227,2024-02-02 13:30,7,BOTH,BELOW,THROUGH,XUYEN,3,true,
APTUSDT,228,2024-02-04 04:00,11,BELOW,BELOW,BLOCKED,CHAN,1,false,true
APTUSDT,230,2024-02-05 22:30,26,BOTH,BELOW,BLOCKED,XUYEN,3,false,false
APTUSDT,231,2024-02-07 08:30,2,ABOVE,ABOVE,THROUGH,XUYEN,0,true,
APTUSDT,232,2024-02-13 13:30,7,BOTH,BELOW,BLOCKED,XUYEN,2,false,false
APTUSDT,233,2024-02-15 03:15,26,BOTH,ABOVE,BLOCKED,XUYEN,1,false,false
APTUSDT,234,2024-02-21 00:00,19,BOTH,ABOVE,THROUGH,XUYEN,1,true,
APTUSDT,235,2024-02-27 15:45,11,BOTH,BELOW,THROUGH,XUYEN,3,true,
APTUSDT,236,2024-03-04 23:00,9,BOTH,ABOVE,BLOCKED,XUYEN,3,false,false
APTUSDT,237,2024-03-14 00:00,5,BOTH,ABOVE,THROUGH,XUYEN,1,true,
APTUSDT,238,2024-03-14 18:45,6,BOTH,ABOVE,BLOCKED,XUYEN,3,false,false
APTUSDT,240,2024-03-21 00:00,11,BOTH,ABOVE,THROUGH,XUYEN,2,true,
APTUSDT,243,2024-03-26 22:00,9,BOTH,BELOW,THROUGH,XUYEN,1,true,
APTUSDT,244,2024-03-30 13:30,15,BOTH,BELOW,BLOCKED,XUYEN,3,false,false
APTUSDT,245,2024-04-03 00:15,14,BOTH,BELOW,THROUGH,XUYEN,3,true,
APTUSDT,246,2024-04-06 12:00,9,BOTH,BELOW,BLOCKED,XUYEN,1,false,false
APTUSDT,247,2024-04-10 12:30,4,BOTH,BELOW,THROUGH,XUYEN,4,true,
APTUSDT,248,2024-04-11 11:30,2,BOTH,BELOW,THROUGH,XUYEN,0,true,
APTUSDT,250,2024-04-12 22:30,8,BOTH,BELOW,THROUGH,XUYEN,2,true,
APTUSDT,251,2024-04-14 22:00,43,BOTH,ABOVE,BLOCKED,XUYEN,3,false,false
APTUSDT,252,2024-04-18 12:00,19,BOTH,ABOVE,THROUGH,XUYEN,3,true,
APTUSDT,253,2024-04-19 23:00,4,BOTH,BELOW,BLOCKED,XUYEN,4,false,false
APTUSDT,254,2024-04-20 22:00,27,BOTH,BELOW,THROUGH,XUYEN,1,true,
APTUSDT,255,2024-04-24 22:45,4,BELOW,BELOW,BLOCKED,CHAN,1,false,true
APTUSDT,256,2024-04-26 21:00,33,BOTH,ABOVE,THROUGH,XUYEN,0,true,
APTUSDT,257,2024-05-01 07:00,39,BOTH,BELOW,BLOCKED,XUYEN,3,false,false
APTUSDT,259,2024-05-19 19:00,6,BOTH,ABOVE,THROUGH,XUYEN,0,true,
APTUSDT,260,2024-05-23 20:00,3,BOTH,BELOW,THROUGH,XUYEN,3,true,
APTUSDT,261,2024-05-27 19:45,11,BOTH,BELOW,THROUGH,XUYEN,1,true,
APTUSDT,262,2024-06-03 18:30,7,BOTH,BELOW,THROUGH,XUYEN,2,true,
APTUSDT,263,2024-06-04 11:30,1,BELOW,BELOW,THROUGH,XUYEN,2,true,
APTUSDT,264,2024-06-07 12:30,3,BOTH,BELOW,THROUGH,XUYEN,1,true,
APTUSDT,266,2024-06-08 00:00,2,BELOW,BELOW,BLOCKED,CHAN,1,false,true
APTUSDT,267,2024-06-09 23:45,4,BOTH,ABOVE,THROUGH,XUYEN,1,true,
APTUSDT,269,2024-06-11 06:45,5,BOTH,BELOW,THROUGH,XUYEN,3,true,
APTUSDT,270,2024-06-11 15:30,12,BOTH,BELOW,BLOCKED,XUYEN,3,false,false
APTUSDT,273,2024-06-16 00:00,11,BOTH,ABOVE,THROUGH,XUYEN,1,true,
APTUSDT,274,2024-06-16 22:00,2,ABOVE,ABOVE,THROUGH,XUYEN,0,true,
APTUSDT,275,2024-06-18 10:00,53,BOTH,BELOW,BLOCKED,XUYEN,2,false,false
APTUSDT,276,2024-06-24 09:30,3,BOTH,BELOW,THROUGH,XUYEN,1,true,
APTUSDT,278,2024-06-28 00:00,25,BOTH,ABOVE,THROUGH,XUYEN,0,true,
APTUSDT,280,2024-07-04 08:30,6,BELOW,BELOW,BLOCKED,CHAN,2,false,true
APTUSDT,281,2024-07-06 18:15,22,BOTH,ABOVE,THROUGH,XUYEN,1,true,
APTUSDT,282,2024-07-08 14:15,13,BOTH,BELOW,BLOCKED,CHAN,3,false,true
APTUSDT,284,2024-07-10 09:15,23,BOTH,BELOW,THROUGH,XUYEN,1,true,
APTUSDT,285,2024-07-20 05:00,13,BOTH,BELOW,BLOCKED,XUYEN,0,false,false
APTUSDT,286,2024-07-22 19:00,5,BOTH,BELOW,THROUGH,XUYEN,1,true,
APTUSDT,288,2024-07-25 01:00,7,BOTH,BELOW,THROUGH,XUYEN,1,true,
APTUSDT,289,2024-07-28 13:00,3,BOTH,BELOW,THROUGH,XUYEN,1,true,
APTUSDT,290,2024-07-29 07:15,2,ABOVE,ABOVE,THROUGH,XUYEN,3,true,
APTUSDT,291,2024-07-30 10:30,9,BOTH,BELOW,THROUGH,XUYEN,3,true,
APTUSDT,292,2024-08-03 03:45,4,BOTH,BELOW,BLOCKED,XUYEN,3,false,false
APTUSDT,293,2024-08-04 05:15,8,BOTH,ABOVE,THROUGH,XUYEN,3,true,
APTUSDT,294,2024-08-04 22:00,1,ABOVE,ABOVE,THROUGH,XUYEN,3,true,
APTUSDT,295,2024-08-06 13:15,10,BOTH,BELOW,THROUGH,XUYEN,2,true,
APTUSDT,296,2024-08-08 04:30,8,BOTH,ABOVE,THROUGH,XUYEN,3,true,
APTUSDT,297,2024-08-09 19:00,11,BOTH,BELOW,BLOCKED,XUYEN,1,false,false
APTUSDT,298,2024-08-10 04:45,1,BELOW,BELOW,THROUGH,XUYEN,3,true,
APTUSDT,300,2024-08-11 11:00,3,BOTH,BELOW,THROUGH,XUYEN,1,true,
APTUSDT,301,2024-08-13 12:30,1,ABOVE,ABOVE,BLOCKED,CHAN,2,false,
APTUSDT,302,2024-08-14 12:30,5,BOTH,ABOVE,THROUGH,XUYEN,1,true,
APTUSDT,303,2024-08-16 00:00,7,BOTH,ABOVE,THROUGH,XUYEN,2,true,
APTUSDT,304,2024-08-16 23:30,8,BOTH,BELOW,THROUGH,XUYEN,3,true,
APTUSDT,305,2024-08-19 08:00,9,BOTH,ABOVE,THROUGH,XUYEN,2,true,
APTUSDT,306,2024-08-20 06:30,14,BOTH,ABOVE,THROUGH,XUYEN,2,true,
APTUSDT,307,2024-08-23 06:00,31,BOTH,ABOVE,THROUGH,XUYEN,1,true,
APTUSDT,308,2024-08-31 05:45,8,BOTH,BELOW,THROUGH,XUYEN,2,true,
APTUSDT,309,2024-09-06 07:15,16,BOTH,BELOW,THROUGH,XUYEN,1,true,
APTUSDT,310,2024-09-08 05:00,10,BOTH,ABOVE,BLOCKED,XUYEN,3,false,false
APTUSDT,311,2024-09-10 04:15,16,BOTH,BELOW,THROUGH,XUYEN,3,true,
APTUSDT,312,2024-09-12 18:45,24,BOTH,BELOW,THROUGH,XUYEN,2,true,
APTUSDT,313,2024-09-14 18:00,1,BELOW,BELOW,BLOCKED,CHAN,1,false,
APTUSDT,314,2024-09-15 01:15,16,BOTH,ABOVE,BLOCKED,XUYEN,3,false,false
APTUSDT,316,2024-09-17 11:00,12,BOTH,BELOW,BLOCKED,XUYEN,0,false,false
APTUSDT,317,2024-09-19 05:45,3,BELOW,BELOW,BLOCKED,CHAN,1,false,true
APTUSDT,319,2024-09-20 12:00,9,ABOVE,ABOVE,BLOCKED,CHAN,3,false,true
APTUSDT,320,2024-09-24 22:00,11,BOTH,ABOVE,THROUGH,XUYEN,4,true,
APTUSDT,321,2024-09-25 22:00,33,BOTH,BELOW,BLOCKED,XUYEN,2,false,false
APTUSDT,322,2024-10-01 10:45,12,BOTH,ABOVE,THROUGH,XUYEN,2,true,
APTUSDT,323,2024-10-07 08:00,12,BOTH,ABOVE,THROUGH,XUYEN,1,true,
APTUSDT,325,2024-10-20 22:00,38,BOTH,ABOVE,THROUGH,XUYEN,0,true,
APTUSDT,328,2024-10-30 20:00,6,BOTH,ABOVE,BLOCKED,XUYEN,2,false,false
APTUSDT,330,2024-11-02 11:00,1,BELOW,BELOW,BLOCKED,CHAN,3,false,
APTUSDT,331,2024-11-05 19:45,7,BOTH,BELOW,THROUGH,XUYEN,1,true,
APTUSDT,332,2024-11-08 00:45,19,BOTH,ABOVE,THROUGH,XUYEN,2,true,
APTUSDT,333,2024-11-12 08:15,2,BOTH,ABOVE,THROUGH,XUYEN,1,true,
APTUSDT,334,2024-11-14 14:30,44,BOTH,BELOW,BLOCKED,XUYEN,3,false,false
APTUSDT,335,2024-11-19 18:15,57,BOTH,ABOVE,BLOCKED,XUYEN,4,false,false
APTUSDT,336,2024-11-27 08:15,3,BOTH,ABOVE,THROUGH,XUYEN,4,true,
APTUSDT,337,2024-11-29 21:45,29,BOTH,ABOVE,BLOCKED,XUYEN,2,false,false
APTUSDT,338,2024-12-04 04:30,45,BOTH,BELOW,THROUGH,XUYEN,3,true,
APTUSDT,339,2024-12-11 22:00,1,ABOVE,ABOVE,BLOCKED,CHAN,3,false,
APTUSDT,342,2024-12-27 14:30,6,BOTH,BELOW,BLOCKED,XUYEN,1,false,false
APTUSDT,343,2024-12-29 00:00,17,BOTH,BELOW,BLOCKED,XUYEN,0,false,false
APTUSDT,344,2024-12-31 04:45,4,BELOW,BELOW,BLOCKED,XUYEN,3,false,false
APTUSDT,345,2024-12-31 17:30,1,BELOW,BELOW,THROUGH,XUYEN,1,true,
APTUSDT,346,2025-01-02 04:30,13,BOTH,ABOVE,THROUGH,XUYEN,3,true,
APTUSDT,347,2025-01-04 04:00,19,BOTH,ABOVE,THROUGH,XUYEN,0,true,
APTUSDT,348,2025-01-08 11:30,3,BELOW,BELOW,BLOCKED,CHAN,3,false,true
APTUSDT,349,2025-01-10 13:30,15,BOTH,BELOW,BLOCKED,XUYEN,1,false,false
APTUSDT,350,2025-01-12 15:15,7,BOTH,ABOVE,BLOCKED,XUYEN,2,false,false
APTUSDT,351,2025-01-13 14:30,8,BOTH,ABOVE,THROUGH,XUYEN,1,true,
APTUSDT,352,2025-01-14 13:30,4,ABOVE,ABOVE,BLOCKED,CHAN,1,false,true
APTUSDT,353,2025-01-15 13:30,8,BOTH,ABOVE,BLOCKED,XUYEN,2,false,false
APTUSDT,354,2025-01-20 12:00,2,BELOW,BELOW,BLOCKED,CHAN,4,false,true
APTUSDT,355,2025-01-20 17:00,12,BOTH,BELOW,BLOCKED,XUYEN,3,false,false
APTUSDT,356,2025-01-22 18:00,3,BELOW,BELOW,BLOCKED,CHAN,3,false,true
APTUSDT,357,2025-01-23 14:30,19,BOTH,ABOVE,BLOCKED,XUYEN,2,false,false
APTUSDT,358,2025-01-27 07:15,8,BOTH,BELOW,BLOCKED,XUYEN,3,false,false
APTUSDT,359,2025-01-30 16:00,17,BOTH,ABOVE,BLOCKED,XUYEN,4,false,false
APTUSDT,360,2025-02-02 22:30,22,BOTH,BELOW,BLOCKED,XUYEN,2,false,false
APTUSDT,361,2025-02-06 07:00,9,BOTH,BELOW,BLOCKED,XUYEN,0,false,false
APTUSDT,362,2025-02-10 07:30,47,BOTH,ABOVE,BLOCKED,XUYEN,3,false,false
APTUSDT,363,2025-02-16 16:00,17,BOTH,BELOW,BLOCKED,XUYEN,4,false,false
APTUSDT,364,2025-02-18 06:00,4,BOTH,BELOW,THROUGH,XUYEN,1,true,
APTUSDT,365,2025-02-19 06:45,12,BOTH,ABOVE,THROUGH,XUYEN,2,true,
APTUSDT,366,2025-02-24 19:30,3,BOTH,BELOW,THROUGH,XUYEN,3,true,
APTUSDT,367,2025-02-24 22:00,19,BOTH,BELOW,BLOCKED,XUYEN,3,false,false
APTUSDT,368,2025-02-27 03:45,4,ABOVE,ABOVE,BLOCKED,CHAN,2,false,true
APTUSDT,369,2025-02-28 01:15,3,BELOW,BELOW,THROUGH,XUYEN,1,true,
APTUSDT,370,2025-03-01 23:00,4,BOTH,BELOW,THROUGH,XUYEN,1,true,
APTUSDT,371,2025-03-03 06:30,6,BOTH,BELOW,BLOCKED,XUYEN,1,false,false
APTUSDT,372,2025-03-04 01:30,2,BELOW,BELOW,BLOCKED,XUYEN,2,false,false
APTUSDT,373,2025-03-05 19:30,20,BOTH,ABOVE,BLOCKED,XUYEN,2,false,false
APTUSDT,374,2025-03-09 06:45,9,BOTH,ABOVE,THROUGH,XUYEN,2,true,
APTUSDT,375,2025-03-13 17:15,1,BELOW,BELOW,THROUGH,XUYEN,2,true,
APTUSDT,376,2025-03-14 12:00,13,BOTH,BELOW,THROUGH,XUYEN,0,true,
APTUSDT,377,2025-03-15 08:15,10,BOTH,ABOVE,BLOCKED,XUYEN,2,false,false
APTUSDT,378,2025-03-16 16:00,7,BOTH,ABOVE,THROUGH,XUYEN,1,true,
APTUSDT,379,2025-03-17 06:15,12,BOTH,BELOW,THROUGH,XUYEN,1,true,
APTUSDT,380,2025-03-18 00:00,8,BOTH,BELOW,BLOCKED,XUYEN,4,false,false
APTUSDT,381,2025-03-25 15:30,21,BOTH,BELOW,BLOCKED,XUYEN,3,false,false
APTUSDT,382,2025-03-27 20:00,2,ABOVE,ABOVE,BLOCKED,CHAN,4,false,true
APTUSDT,384,2025-03-29 05:15,3,BELOW,BELOW,BLOCKED,CHAN,2,false,true
APTUSDT,385,2025-04-02 05:45,3,BOTH,BELOW,THROUGH,XUYEN,3,true,
APTUSDT,386,2025-04-02 20:00,1,ABOVE,ABOVE,THROUGH,XUYEN,1,true,
APTUSDT,387,2025-04-04 17:30,9,BOTH,ABOVE,BLOCKED,XUYEN,2,false,false
APTUSDT,388,2025-04-07 03:30,8,BOTH,BELOW,THROUGH,XUYEN,2,true,
APTUSDT,389,2025-04-08 22:00,14,BOTH,BELOW,BLOCKED,XUYEN,0,false,false
APTUSDT,390,2025-04-13 09:15,17,BOTH,ABOVE,BLOCKED,XUYEN,2,false,false
APTUSDT,391,2025-04-15 06:00,4,BELOW,BELOW,BLOCKED,CHAN,2,false,true
APTUSDT,392,2025-04-18 11:15,1,ABOVE,ABOVE,BLOCKED,CHAN,1,false,
APTUSDT,393,2025-04-19 11:30,4,BOTH,ABOVE,THROUGH,XUYEN,1,true,
APTUSDT,394,2025-04-22 12:30,1,ABOVE,ABOVE,BLOCKED,CHAN,2,false,
APTUSDT,396,2025-04-27 16:15,11,BOTH,BELOW,THROUGH,XUYEN,3,true,
APTUSDT,397,2025-04-29 12:00,13,BOTH,BELOW,THROUGH,XUYEN,1,true,
APTUSDT,398,2025-05-01 22:00,8,BOTH,BELOW,BLOCKED,XUYEN,2,false,false
APTUSDT,399,2025-05-04 03:00,33,BOTH,BELOW,THROUGH,XUYEN,2,true,
APTUSDT,400,2025-05-17 20:45,14,BOTH,ABOVE,THROUGH,XUYEN,1,true,
APTUSDT,401,2025-05-19 02:00,10,BOTH,BELOW,THROUGH,XUYEN,3,true,
APTUSDT,403,2025-05-25 22:00,2,BOTH,ABOVE,THROUGH,XUYEN,1,true,
APTUSDT,404,2025-06-03 13:00,14,BOTH,ABOVE,BLOCKED,XUYEN,2,false,false
APTUSDT,405,2025-06-06 12:30,9,BOTH,ABOVE,THROUGH,XUYEN,3,true,
APTUSDT,407,2025-06-08 11:15,5,BOTH,ABOVE,BLOCKED,XUYEN,2,false,false
APTUSDT,408,2025-06-10 22:00,16,BOTH,ABOVE,BLOCKED,XUYEN,3,false,false
APTUSDT,410,2025-06-13 08:15,15,BOTH,BELOW,BLOCKED,CHAN,4,false,true
APTUSDT,411,2025-06-14 18:15,22,BOTH,BELOW,BLOCKED,XUYEN,4,false,false
APTUSDT,412,2025-06-19 13:45,5,BELOW,BELOW,BLOCKED,CHAN,4,false,true
APTUSDT,413,2025-06-21 03:15,4,BOTH,ABOVE,THROUGH,XUYEN,1,true,
APTUSDT,415,2025-06-22 20:00,2,BOTH,BELOW,THROUGH,XUYEN,1,true,
APTUSDT,419,2025-06-28 00:00,38,BOTH,BELOW,THROUGH,XUYEN,2,true,
APTUSDT,420,2025-07-08 17:00,1,ABOVE,ABOVE,BLOCKED,CHAN,1,false,
APTUSDT,421,2025-07-10 21:15,7,BOTH,ABOVE,BLOCKED,XUYEN,1,false,false
APTUSDT,422,2025-07-13 21:30,16,BOTH,BELOW,THROUGH,XUYEN,1,true,
APTUSDT,423,2025-07-19 08:00,37,BOTH,BELOW,BLOCKED,XUYEN,2,false,false
APTUSDT,424,2025-07-30 11:15,10,BOTH,BELOW,THROUGH,XUYEN,1,true,
APTUSDT,425,2025-08-01 22:00,50,BOTH,BELOW,BLOCKED,XUYEN,1,false,false
APTUSDT,426,2025-08-09 00:00,14,BOTH,ABOVE,BLOCKED,XUYEN,3,false,false
APTUSDT,427,2025-08-14 12:30,1,BELOW,BELOW,BLOCKED,CHAN,2,false,
APTUSDT,428,2025-08-21 03:00,21,BOTH,ABOVE,BLOCKED,XUYEN,1,false,false
APTUSDT,430,2025-08-25 00:30,4,BOTH,BELOW,THROUGH,XUYEN,2,true,
APTUSDT,431,2025-08-26 12:30,4,ABOVE,ABOVE,THROUGH,XUYEN,2,true,
APTUSDT,432,2025-08-28 02:00,9,BOTH,BELOW,THROUGH,XUYEN,1,true,
APTUSDT,433,2025-08-29 12:30,1,ABOVE,ABOVE,THROUGH,XUYEN,1,true,
APTUSDT,434,2025-08-30 01:45,11,BOTH,BELOW,THROUGH,XUYEN,1,true,
APTUSDT,435,2025-09-01 20:30,13,BOTH,BELOW,BLOCKED,XUYEN,4,false,false
APTUSDT,436,2025-09-05 12:30,2,ABOVE,ABOVE,THROUGH,XUYEN,2,true,
APTUSDT,437,2025-09-06 15:45,10,BOTH,BELOW,BLOCKED,XUYEN,2,false,false
APTUSDT,438,2025-09-08 19:30,17,BOTH,BELOW,THROUGH,XUYEN,1,true,
APTUSDT,439,2025-09-10 03:00,7,BOTH,ABOVE,THROUGH,XUYEN,2,true,
APTUSDT,440,2025-09-11 12:30,13,BOTH,BELOW,BLOCKED,XUYEN,2,false,false
APTUSDT,442,2025-09-16 21:00,8,BOTH,ABOVE,THROUGH,XUYEN,2,true,
APTUSDT,443,2025-09-17 17:30,2,ABOVE,ABOVE,THROUGH,XUYEN,0,true,
APTUSDT,445,2025-09-19 09:00,11,BOTH,ABOVE,THROUGH,XUYEN,0,true,
APTUSDT,446,2025-09-20 18:30,18,BOTH,BELOW,BLOCKED,XUYEN,2,false,false
APTUSDT,447,2025-09-25 23:30,10,BOTH,BELOW,THROUGH,XUYEN,3,true,
APTUSDT,448,2025-09-28 06:15,3,BOTH,BELOW,THROUGH,XUYEN,1,true,
APTUSDT,449,2025-10-01 00:00,4,BOTH,ABOVE,BLOCKED,XUYEN,2,false,false
APTUSDT,450,2025-10-02 04:45,4,BOTH,ABOVE,THROUGH,XUYEN,0,true,
APTUSDT,451,2025-10-07 23:30,7,BELOW,BELOW,BLOCKED,CHAN,0,false,true
APTUSDT,453,2025-10-13 11:00,6,BOTH,BELOW,BLOCKED,XUYEN,1,false,false
APTUSDT,454,2025-10-14 19:30,6,BOTH,BELOW,BLOCKED,XUYEN,1,false,false
APTUSDT,455,2025-10-15 20:30,12,BOTH,BELOW,BLOCKED,XUYEN,4,false,false
APTUSDT,456,2025-10-16 09:30,4,BOTH,BELOW,THROUGH,XUYEN,3,true,
APTUSDT,457,2025-10-22 21:00,9,BOTH,BELOW,BLOCKED,CHAN,3,false,true
APTUSDT,458,2025-10-29 18:30,10,BOTH,BELOW,THROUGH,XUYEN,1,true,
APTUSDT,459,2025-11-14 04:30,28,BOTH,BELOW,THROUGH,XUYEN,2,true,
APTUSDT,460,2025-11-16 15:45,26,BOTH,BELOW,BLOCKED,XUYEN,1,false,false
APTUSDT,461,2025-11-19 23:00,5,BOTH,ABOVE,THROUGH,XUYEN,1,true,
APTUSDT,464,2025-11-30 12:00,7,BOTH,ABOVE,THROUGH,XUYEN,0,true,
APTUSDT,465,2025-12-01 00:00,15,BOTH,BELOW,THROUGH,XUYEN,1,true,
APTUSDT,466,2025-12-03 12:30,21,BOTH,BELOW,THROUGH,XUYEN,3,true,
APTUSDT,467,2025-12-07 12:45,7,BOTH,ABOVE,THROUGH,XUYEN,1,true,
APTUSDT,468,2025-12-10 18:30,6,BOTH,ABOVE,BLOCKED,XUYEN,3,false,false
APTUSDT,469,2025-12-13 11:00,15,BOTH,ABOVE,THROUGH,XUYEN,1,true,
APTUSDT,471,2025-12-18 23:00,2,BELOW,BELOW,BLOCKED,XUYEN,3,false,false
APTUSDT,472,2025-12-20 21:15,18,BOTH,ABOVE,THROUGH,XUYEN,0,true,
APTUSDT,473,2025-12-23 08:45,19,BOTH,BELOW,THROUGH,XUYEN,2,true,
APTUSDT,474,2025-12-26 06:45,12,BOTH,BELOW,BLOCKED,XUYEN,1,false,false
APTUSDT,475,2025-12-28 06:00,10,BOTH,BELOW,THROUGH,XUYEN,1,true,
APTUSDT,477,2025-12-30 22:30,9,BOTH,BELOW,THROUGH,XUYEN,1,true,
APTUSDT,478,2026-01-06 23:00,4,BELOW,BELOW,BLOCKED,CHAN,1,false,true
APTUSDT,479,2026-01-11 20:00,20,BOTH,BELOW,THROUGH,XUYEN,1,true,
APTUSDT,480,2026-01-13 22:00,15,BOTH,ABOVE,THROUGH,XUYEN,1,true,
APTUSDT,482,2026-01-25 13:30,8,BOTH,ABOVE,THROUGH,XUYEN,2,true,
APTUSDT,483,2026-01-27 04:00,16,BOTH,ABOVE,THROUGH,XUYEN,0,true,
APTUSDT,486,2026-02-01 23:00,16,BOTH,BELOW,THROUGH,XUYEN,3,true,
APTUSDT,487,2026-02-04 11:00,2,BELOW,BELOW,BLOCKED,CHAN,2,false,true
APTUSDT,488,2026-02-05 20:15,1,BELOW,BELOW,BLOCKED,CHAN,3,false,
APTUSDT,489,2026-02-06 05:30,3,BOTH,ABOVE,THROUGH,XUYEN,3,true,
APTUSDT,491,2026-02-07 23:00,1,BELOW,BELOW,BLOCKED,CHAN,3,false,
APTUSDT,492,2026-02-08 23:00,8,BOTH,ABOVE,THROUGH,XUYEN,0,true,
APTUSDT,493,2026-02-11 06:00,11,BOTH,BELOW,BLOCKED,XUYEN,2,false,false
APTUSDT,494,2026-02-15 03:30,5,BOTH,BELOW,THROUGH,XUYEN,1,true,
APTUSDT,496,2026-02-19 13:00,18,BOTH,BELOW,THROUGH,XUYEN,2,true,
APTUSDT,497,2026-02-23 01:00,12,BOTH,BELOW,THROUGH,XUYEN,3,true,
APTUSDT,498,2026-02-27 13:30,34,BOTH,BELOW,BLOCKED,XUYEN,3,false,false
APTUSDT,499,2026-03-04 23:15,29,BOTH,BELOW,THROUGH,XUYEN,1,true,
APTUSDT,500,2026-03-08 22:00,4,BOTH,BELOW,THROUGH,XUYEN,2,true,
APTUSDT,501,2026-03-09 22:30,8,BOTH,BELOW,THROUGH,XUYEN,1,true,
APTUSDT,502,2026-03-10 12:30,9,BOTH,ABOVE,THROUGH,XUYEN,3,true,
APTUSDT,503,2026-03-18 11:30,22,BOTH,BELOW,THROUGH,XUYEN,2,true,
APTUSDT,506,2026-03-26 20:00,6,BOTH,ABOVE,BLOCKED,XUYEN,1,false,false
APTUSDT,508,2026-03-28 13:30,7,BOTH,ABOVE,THROUGH,XUYEN,1,true,
APTUSDT,509,2026-03-30 23:00,29,BOTH,BELOW,THROUGH,XUYEN,1,true,
APTUSDT,510,2026-04-03 13:30,28,BOTH,BELOW,BLOCKED,XUYEN,3,false,false
APTUSDT,511,2026-04-12 22:00,9,BOTH,BELOW,THROUGH,XUYEN,0,true,
APTUSDT,512,2026-04-17 20:30,4,BOTH,BELOW,THROUGH,XUYEN,0,true,
APTUSDT,513,2026-04-19 11:00,6,BOTH,ABOVE,THROUGH,XUYEN,1,true,
APTUSDT,515,2026-04-30 22:30,1,BELOW,BELOW,THROUGH,XUYEN,0,true,
APTUSDT,516,2026-05-01 15:15,37,BOTH,BELOW,BLOCKED,XUYEN,3,false,false
APTUSDT,517,2026-05-11 02:15,19,BOTH,BELOW,THROUGH,XUYEN,1,true,
APTUSDT,518,2026-05-15 05:30,1,BELOW,BELOW,BLOCKED,CHAN,2,false,
APTUSDT,520,2026-05-16 04:30,1,BELOW,BELOW,BLOCKED,CHAN,3,false,
APTUSDT,521,2026-05-17 23:30,31,BOTH,BELOW,BLOCKED,XUYEN,2,false,false
APTUSDT,522,2026-05-22 23:45,4,BOTH,BELOW,BLOCKED,XUYEN,2,false,false
APTUSDT,523,2026-05-23 20:30,10,BOTH,ABOVE,BLOCKED,XUYEN,1,false,false
APTUSDT,524,2026-05-25 03:00,2,BELOW,BELOW,THROUGH,XUYEN,3,true,
APTUSDT,525,2026-05-26 10:15,18,BOTH,ABOVE,THROUGH,XUYEN,3,true,
APTUSDT,526,2026-05-28 03:15,35,BOTH,BELOW,BLOCKED,XUYEN,2,false,false
APTUSDT,527,2026-05-30 22:00,8,BOTH,BELOW,THROUGH,XUYEN,1,true,
APTUSDT,528,2026-06-01 00:00,4,BOTH,ABOVE,THROUGH,XUYEN,3,true,
APTUSDT,529,2026-06-01 13:00,6,BOTH,BELOW,BLOCKED,XUYEN,3,false,false
APTUSDT,530,2026-06-03 23:30,1,ABOVE,ABOVE,THROUGH,XUYEN,1,true,
APTUSDT,531,2026-06-15 19:15,3,BELOW,BELOW,BLOCKED,CHAN,2,false,true
APTUSDT,532,2026-06-20 02:00,27,BOTH,BELOW,THROUGH,XUYEN,1,true,
APTUSDT,533,2026-06-26 12:30,23,BOTH,BELOW,THROUGH,XUYEN,2,true,
APTUSDT,534,2026-06-30 08:30,13,BELOW,BELOW,BLOCKED,XUYEN,3,false,false
APTUSDT,535,2026-07-01 01:00,1,BELOW,BELOW,THROUGH,XUYEN,0,true,
APTUSDT,536,2026-07-02 06:00,2,BELOW,BELOW,THROUGH,XUYEN,1,true,
APTUSDT,537,2026-07-04 20:15,4,BELOW,BELOW,BLOCKED,CHAN,1,false,true
APTUSDT,538,2026-07-06 21:00,3,BOTH,ABOVE,THROUGH,XUYEN,2,true,
APTUSDT,539,2026-07-07 03:00,3,BOTH,BELOW,THROUGH,XUYEN,2,true,
APTUSDT,540,2026-07-07 18:45,3,BELOW,BELOW,THROUGH,XUYEN,0,true,
APTUSDT,541,2026-07-08 12:45,5,BOTH,BELOW,THROUGH,XUYEN,4,true,
APTUSDT,542,2026-07-10 01:45,23,BOTH,ABOVE,BLOCKED,XUYEN,1,false,false
APTUSDT,543,2026-07-13 05:45,3,BOTH,BELOW,THROUGH,XUYEN,5,true,
APTUSDT,544,2026-07-13 17:30,6,BOTH,BELOW,BLOCKED,XUYEN,3,false,false
APTUSDT,545,2026-07-18 00:00,5,ABOVE,ABOVE,BLOCKED,XUYEN,1,false,false
APTUSDT,546,2026-07-20 11:30,2,BOTH,ABOVE,THROUGH,XUYEN,2,true,
APTUSDT,547,2026-07-21 22:00,4,BOTH,BELOW,THROUGH,XUYEN,1,true,
APTUSDT,548,2026-07-23 07:00,22,BOTH,BELOW,BLOCKED,XUYEN,2,false,false
APTUSDT,549,2026-07-28 19:00,5,BOTH,ABOVE,BLOCKED,XUYEN,1,false,false
APTUSDT,550,2026-07-29 10:30,22,BOTH,BELOW,BLOCKED,XUYEN,2,false,false
APTUSDT,551,2026-08-07 00:00,15,BOTH,ABOVE,THROUGH,XUYEN,2,true,
APTUSDT,552,2026-08-08 00:00,1,BELOW,BELOW,THROUGH,XUYEN,2,true,
ARBUSDT,1,2023-03-26 20:30,4,BOTH,BELOW,THROUGH,XUYEN,1,true,
ARBUSDT,2,2023-03-27 19:45,4,BOTH,BELOW,BLOCKED,XUYEN,2,false,false
ARBUSDT,3,2023-03-30 00:00,1,ABOVE,ABOVE,BLOCKED,CHAN,1,false,
ARBUSDT,7,2023-04-02 04:15,7,BOTH,BELOW,BLOCKED,XUYEN,0,false,false
ARBUSDT,8,2023-04-02 13:00,13,BOTH,BELOW,BLOCKED,XUYEN,3,false,false
ARBUSDT,9,2023-04-08 17:45,9,BOTH,BELOW,THROUGH,XUYEN,1,true,
ARBUSDT,10,2023-04-10 22:00,11,BOTH,ABOVE,BLOCKED,XUYEN,1,false,false
ARBUSDT,12,2023-04-14 12:00,2,BELOW,BELOW,BLOCKED,XUYEN,3,false,false
ARBUSDT,13,2023-04-16 01:00,5,BELOW,BELOW,BLOCKED,CHAN,2,false,true
ARBUSDT,14,2023-04-16 13:45,19,BOTH,BELOW,THROUGH,XUYEN,2,true,
ARBUSDT,15,2023-04-18 11:30,2,BOTH,ABOVE,THROUGH,XUYEN,2,true,
ARBUSDT,17,2023-04-19 21:00,3,BELOW,BELOW,BLOCKED,CHAN,2,false,true
ARBUSDT,19,2023-04-26 08:15,3,BOTH,ABOVE,THROUGH,XUYEN,1,true,
ARBUSDT,20,2023-04-27 12:30,8,BOTH,BELOW,THROUGH,XUYEN,3,true,
ARBUSDT,21,2023-04-29 17:30,14,BOTH,BELOW,BLOCKED,XUYEN,2,false,false
ARBUSDT,24,2023-05-01 19:00,37,BOTH,BELOW,THROUGH,XUYEN,2,true,
ARBUSDT,25,2023-05-05 12:30,6,BOTH,BELOW,THROUGH,XUYEN,3,true,
ARBUSDT,27,2023-05-08 17:30,9,BOTH,BELOW,THROUGH,XUYEN,1,true,
ARBUSDT,28,2023-05-11 08:00,18,BOTH,BELOW,BLOCKED,XUYEN,4,false,false
ARBUSDT,29,2023-05-22 06:15,1,ABOVE,ABOVE,BLOCKED,CHAN,2,false,
ARBUSDT,30,2023-05-22 12:00,20,BOTH,ABOVE,THROUGH,XUYEN,3,true,
ARBUSDT,31,2023-05-24 13:45,2,BELOW,BELOW,BLOCKED,CHAN,2,false,true
ARBUSDT,32,2023-05-25 01:15,13,BOTH,BELOW,THROUGH,XUYEN,2,true,
ARBUSDT,33,2023-05-25 19:00,4,ABOVE,ABOVE,BLOCKED,CHAN,4,false,true
ARBUSDT,34,2023-05-31 04:45,4,BOTH,BELOW,THROUGH,XUYEN,1,true,
ARBUSDT,35,2023-06-03 19:45,13,BOTH,BELOW,BLOCKED,XUYEN,4,false,false
ARBUSDT,36,2023-06-05 15:00,11,BOTH,BELOW,BLOCKED,XUYEN,1,false,false
ARBUSDT,37,2023-06-14 18:00,2,BELOW,BELOW,THROUGH,XUYEN,1,true,
ARBUSDT,38,2023-06-17 05:30,7,ABOVE,ABOVE,BLOCKED,CHAN,1,false,true
ARBUSDT,39,2023-06-22 11:00,37,BOTH,BELOW,THROUGH,XUYEN,1,true,
ARBUSDT,40,2023-06-30 13:30,1,BELOW,BELOW,BLOCKED,CHAN,2,false,
ARBUSDT,41,2023-07-01 04:15,21,BOTH,BELOW,THROUGH,XUYEN,3,true,
ARBUSDT,42,2023-07-04 19:00,3,BELOW,BELOW,BLOCKED,CHAN,2,false,true
ARBUSDT,43,2023-07-07 12:30,1,ABOVE,ABOVE,BLOCKED,CHAN,3,false,
ARBUSDT,44,2023-07-08 05:00,11,BOTH,BELOW,THROUGH,XUYEN,3,true,
ARBUSDT,45,2023-07-08 19:15,15,BOTH,BELOW,THROUGH,XUYEN,4,true,
ARBUSDT,46,2023-07-10 00:00,1,BELOW,BELOW,BLOCKED,CHAN,1,false,
ARBUSDT,47,2023-07-10 08:15,3,BOTH,BELOW,BLOCKED,CHAN,1,false,true
ARBUSDT,48,2023-07-10 13:30,2,ABOVE,ABOVE,BLOCKED,CHAN,2,false,true
ARBUSDT,49,2023-07-10 18:30,23,BOTH,ABOVE,THROUGH,XUYEN,2,true,
ARBUSDT,50,2023-07-12 11:45,6,BOTH,ABOVE,THROUGH,XUYEN,2,true,
ARBUSDT,51,2023-07-12 19:15,8,BOTH,BELOW,BLOCKED,XUYEN,3,false,false
ARBUSDT,52,2023-07-15 09:45,56,BOTH,ABOVE,BLOCKED,XUYEN,4,false,false
ARBUSDT,54,2023-07-22 14:00,9,BOTH,ABOVE,THROUGH,XUYEN,1,true,
ARBUSDT,55,2023-07-22 23:15,17,BOTH,BELOW,BLOCKED,XUYEN,0,false,false
ARBUSDT,57,2023-07-27 18:00,10,BOTH,BELOW,BLOCKED,XUYEN,1,false,false
ARBUSDT,58,2023-07-30 19:45,14,BOTH,BELOW,THROUGH,XUYEN,1,true,
ARBUSDT,59,2023-07-31 19:45,2,BELOW,BELOW,BLOCKED,CHAN,2,false,true
ARBUSDT,60,2023-08-02 16:45,3,BELOW,BELOW,BLOCKED,CHAN,2,false,true
ARBUSDT,61,2023-08-02 22:00,17,BOTH,ABOVE,THROUGH,XUYEN,1,true,
ARBUSDT,62,2023-08-04 12:30,10,BOTH,ABOVE,BLOCKED,XUYEN,1,false,false
ARBUSDT,63,2023-08-06 02:00,32,BOTH,ABOVE,BLOCKED,XUYEN,1,false,false
ARBUSDT,64,2023-08-10 06:45,7,BOTH,ABOVE,THROUGH,XUYEN,1,true,
ARBUSDT,65,2023-08-11 01:30,1,BELOW,BELOW,BLOCKED,CHAN,1,false,
ARBUSDT,66,2023-08-12 07:45,11,BOTH,ABOVE,THROUGH,XUYEN,1,true,
ARBUSDT,69,2023-08-17 15:30,2,BELOW,BELOW,BLOCKED,CHAN,3,false,true
ARBUSDT,70,2023-08-17 21:30,13,BELOW,BELOW,BLOCKED,CHAN,2,false,true
ARBUSDT,71,2023-08-19 13:15,2,ABOVE,ABOVE,BLOCKED,CHAN,2,false,true
ARBUSDT,72,2023-08-19 20:15,14,BOTH,BELOW,BLOCKED,XUYEN,2,false,false
ARBUSDT,74,2023-08-22 21:15,7,BOTH,BELOW,THROUGH,XUYEN,2,true,
ARBUSDT,75,2023-08-25 03:15,5,BELOW,BELOW,BLOCKED,CHAN,4,false,true
ARBUSDT,76,2023-08-25 22:00,21,BOTH,ABOVE,BLOCKED,XUYEN,1,false,false
ARBUSDT,77,2023-08-28 19:15,8,BOTH,BELOW,THROUGH,XUYEN,1,true,
ARBUSDT,78,2023-08-29 08:00,4,BOTH,BELOW,THROUGH,XUYEN,3,true,
ARBUSDT,80,2023-08-29 20:00,2,BELOW,BELOW,BLOCKED,CHAN,2,false,true
ARBUSDT,82,2023-09-03 16:30,3,BOTH,BELOW,THROUGH,XUYEN,2,true,
ARBUSDT,83,2023-09-04 02:15,1,ABOVE,ABOVE,BLOCKED,CHAN,2,false,
ARBUSDT,84,2023-09-04 07:15,4,BOTH,ABOVE,BLOCKED,XUYEN,2,false,false
ARBUSDT,85,2023-09-05 02:00,4,BELOW,BELOW,BLOCKED,XUYEN,1,false,false
ARBUSDT,86,2023-09-06 02:00,3,ABOVE,ABOVE,BLOCKED,XUYEN,3,false,false
ARBUSDT,87,2023-09-06 17:00,1,BELOW,BELOW,THROUGH,XUYEN,1,true,
ARBUSDT,88,2023-09-07 02:00,6,BOTH,ABOVE,BLOCKED,XUYEN,1,false,false
ARBUSDT,89,2023-09-08 02:45,5,BOTH,BELOW,THROUGH,XUYEN,3,true,
ARBUSDT,91,2023-09-09 11:15,13,BOTH,ABOVE,THROUGH,XUYEN,2,true,
ARBUSDT,92,2023-09-10 00:15,1,BELOW,BELOW,BLOCKED,CHAN,2,false,
ARBUSDT,94,2023-09-12 10:15,16,BOTH,ABOVE,BLOCKED,XUYEN,2,false,false
ARBUSDT,95,2023-09-13 07:30,21,BOTH,ABOVE,THROUGH,XUYEN,3,true,
ARBUSDT,97,2023-09-17 20:30,2,BELOW,BELOW,BLOCKED,XUYEN,2,false,false
ARBUSDT,98,2023-09-23 00:00,2,ABOVE,ABOVE,THROUGH,XUYEN,1,true,
ARBUSDT,99,2023-09-24 12:00,2,BELOW,BELOW,BLOCKED,CHAN,0,false,true
ARBUSDT,100,2023-09-24 17:45,18,BOTH,ABOVE,THROUGH,XUYEN,0,true,
ARBUSDT,101,2023-09-26 12:00,25,BOTH,ABOVE,BLOCKED,XUYEN,3,false,false
ARBUSDT,103,2023-10-01 09:15,1,ABOVE,ABOVE,BLOCKED,CHAN,1,false,
ARBUSDT,104,2023-10-01 20:00,8,BOTH,ABOVE,BLOCKED,XUYEN,3,false,false
ARBUSDT,105,2023-10-04 19:00,10,ABOVE,ABOVE,BLOCKED,XUYEN,2,false,false
ARBUSDT,106,2023-10-05 22:00,3,BOTH,BELOW,THROUGH,XUYEN,2,true,
ARBUSDT,107,2023-10-06 21:30,12,BOTH,ABOVE,BLOCKED,XUYEN,1,false,false
ARBUSDT,109,2023-10-10 08:00,8,BOTH,ABOVE,THROUGH,XUYEN,3,true,
ARBUSDT,110,2023-10-11 08:30,9,BOTH,ABOVE,THROUGH,XUYEN,2,true,
ARBUSDT,112,2023-10-13 08:00,34,BOTH,BELOW,BLOCKED,XUYEN,2,false,false
ARBUSDT,113,2023-10-15 20:30,5,BOTH,ABOVE,THROUGH,XUYEN,3,true,
ARBUSDT,114,2023-10-16 05:15,15,BOTH,ABOVE,BLOCKED,XUYEN,1,false,false
ARBUSDT,116,2023-10-17 18:45,4,BELOW,BELOW,BLOCKED,CHAN,1,false,true
ARBUSDT,117,2023-10-18 04:45,6,BOTH,ABOVE,BLOCKED,XUYEN,2,false,false
ARBUSDT,118,2023-10-19 01:30,2,BOTH,BELOW,THROUGH,XUYEN,1,true,
ARBUSDT,120,2023-10-22 22:30,8,ABOVE,ABOVE,BLOCKED,CHAN,1,false,true
ARBUSDT,121,2023-10-24 21:45,7,BOTH,ABOVE,THROUGH,XUYEN,2,true,
ARBUSDT,122,2023-10-27 17:00,11,BOTH,BELOW,BLOCKED,XUYEN,3,false,false
ARBUSDT,124,2023-10-30 06:00,18,BOTH,BELOW,THROUGH,XUYEN,3,true,
ARBUSDT,125,2023-11-01 14:45,3,BOTH,BELOW,THROUGH,XUYEN,2,true,
ARBUSDT,126,2023-11-03 04:30,5,BOTH,BELOW,THROUGH,XUYEN,3,true,
ARBUSDT,128,2023-11-06 09:30,8,BOTH,ABOVE,BLOCKED,XUYEN,2,false,false
ARBUSDT,129,2023-11-07 09:30,3,BELOW,BELOW,BLOCKED,CHAN,4,false,true
ARBUSDT,130,2023-11-07 15:15,20,BOTH,BELOW,THROUGH,XUYEN,2,true,
ARBUSDT,131,2023-11-12 19:15,13,BOTH,ABOVE,BLOCKED,XUYEN,3,false,false
ARBUSDT,132,2023-11-14 13:30,2,ABOVE,ABOVE,BLOCKED,XUYEN,0,false,false
ARBUSDT,133,2023-11-14 18:45,4,BOTH,BELOW,BLOCKED,CHAN,5,false,true
ARBUSDT,134,2023-11-16 07:30,5,ABOVE,ABOVE,BLOCKED,XUYEN,0,false,false
ARBUSDT,135,2023-11-19 23:00,6,ABOVE,ABOVE,BLOCKED,CHAN,1,false,true
ARBUSDT,136,2023-11-21 01:30,18,BOTH,ABOVE,THROUGH,XUYEN,0,true,
ARBUSDT,137,2023-11-29 23:00,21,BOTH,ABOVE,THROUGH,XUYEN,1,true,
ARBUSDT,139,2023-12-03 12:45,4,BOTH,BELOW,THROUGH,XUYEN,1,true,
ARBUSDT,140,2023-12-04 11:00,2,BOTH,BELOW,THROUGH,XUYEN,2,true,
ARBUSDT,141,2023-12-09 14:30,1,BELOW,BELOW,BLOCKED,CHAN,2,false,
ARBUSDT,142,2023-12-11 02:00,6,BOTH,BELOW,THROUGH,XUYEN,1,true,
ARBUSDT,143,2023-12-12 21:00,13,BOTH,ABOVE,THROUGH,XUYEN,3,true,
ARBUSDT,144,2023-12-14 03:15,15,BOTH,BELOW,THROUGH,XUYEN,0,true,
ARBUSDT,145,2023-12-18 01:30,17,BOTH,BELOW,BLOCKED,XUYEN,2,false,false
ARBUSDT,146,2023-12-20 07:45,10,ABOVE,ABOVE,BLOCKED,CHAN,1,false,true
ARBUSDT,149,2023-12-24 04:45,7,BOTH,ABOVE,BLOCKED,XUYEN,3,false,false
ARBUSDT,150,2023-12-24 19:30,18,BOTH,BELOW,BLOCKED,XUYEN,5,false,false
ARBUSDT,152,2023-12-31 22:45,14,BOTH,BELOW,THROUGH,XUYEN,3,true,
ARBUSDT,153,2024-01-05 01:45,6,BOTH,BELOW,BLOCKED,XUYEN,2,false,false
ARBUSDT,154,2024-01-05 23:00,26,BOTH,ABOVE,THROUGH,XUYEN,1,true,
ARBUSDT,155,2024-01-20 22:45,43,BOTH,ABOVE,THROUGH,XUYEN,0,true,
ARBUSDT,157,2024-02-02 13:30,19,BOTH,BELOW,THROUGH,XUYEN,0,true,
ARBUSDT,158,2024-02-05 05:30,8,BOTH,ABOVE,BLOCKED,XUYEN,3,false,false
ARBUSDT,159,2024-02-06 20:00,10,BOTH,ABOVE,BLOCKED,XUYEN,3,false,false
ARBUSDT,160,2024-02-08 06:15,14,BOTH,ABOVE,THROUGH,XUYEN,0,true,
ARBUSDT,161,2024-02-12 06:45,6,BOTH,ABOVE,THROUGH,XUYEN,2,true,
ARBUSDT,162,2024-02-14 08:45,22,BOTH,ABOVE,THROUGH,XUYEN,1,true,
ARBUSDT,163,2024-02-25 00:15,7,BOTH,BELOW,THROUGH,XUYEN,0,true,
ARBUSDT,164,2024-02-27 15:45,12,BOTH,BELOW,BLOCKED,XUYEN,3,false,false
ARBUSDT,165,2024-02-29 18:30,50,BOTH,ABOVE,THROUGH,XUYEN,0,true,
ARBUSDT,166,2024-03-07 13:45,1,ABOVE,ABOVE,BLOCKED,CHAN,2,false,
ARBUSDT,167,2024-03-07 20:30,19,BOTH,ABOVE,BLOCKED,XUYEN,3,false,false
ARBUSDT,168,2024-03-09 19:45,4,BELOW,BELOW,THROUGH,XUYEN,1,true,
ARBUSDT,169,2024-03-10 12:30,13,BOTH,BELOW,THROUGH,XUYEN,2,true,
ARBUSDT,170,2024-03-13 00:00,7,BOTH,ABOVE,THROUGH,XUYEN,1,true,
ARBUSDT,171,2024-03-16 13:00,2,BOTH,ABOVE,THROUGH,XUYEN,1,true,
ARBUSDT,172,2024-03-20 11:00,10,BOTH,ABOVE,THROUGH,XUYEN,1,true,
ARBUSDT,173,2024-03-22 13:00,13,BOTH,BELOW,BLOCKED,XUYEN,2,false,false
ARBUSDT,174,2024-03-25 07:45,15,BOTH,BELOW,THROUGH,XUYEN,0,true,
ARBUSDT,175,2024-03-27 13:00,13,BOTH,ABOVE,THROUGH,XUYEN,2,true,
ARBUSDT,176,2024-03-28 20:30,3,BOTH,ABOVE,THROUGH,XUYEN,5,true,
ARBUSDT,177,2024-03-30 04:45,30,BOTH,ABOVE,BLOCKED,XUYEN,2,false,false
ARBUSDT,179,2024-04-09 09:45,3,BOTH,ABOVE,THROUGH,XUYEN,1,true,
ARBUSDT,180,2024-04-10 12:30,12,BOTH,BELOW,BLOCKED,XUYEN,4,false,false
ARBUSDT,182,2024-04-14 22:00,8,BOTH,ABOVE,BLOCKED,XUYEN,2,false,false
ARBUSDT,183,2024-04-16 10:15,61,BOTH,BELOW,BLOCKED,XUYEN,3,false,false
ARBUSDT,186,2024-05-05 22:00,19,BOTH,ABOVE,BLOCKED,XUYEN,3,false,false
ARBUSDT,187,2024-05-07 23:00,15,BOTH,BELOW,BLOCKED,XUYEN,1,false,false
ARBUSDT,190,2024-05-19 06:30,1,BELOW,BELOW,THROUGH,XUYEN,1,true,
ARBUSDT,191,2024-05-27 19:45,2,BELOW,BELOW,BLOCKED,CHAN,2,false,true
ARBUSDT,192,2024-05-28 18:30,10,BOTH,BELOW,THROUGH,XUYEN,0,true,
ARBUSDT,193,2024-05-31 10:00,53,BOTH,ABOVE,THROUGH,XUYEN,1,true,
ARBUSDT,194,2024-06-07 12:30,3,BELOW,BELOW,BLOCKED,CHAN,1,false,true
ARBUSDT,195,2024-06-10 00:00,4,BELOW,BELOW,BLOCKED,CHAN,2,false,true
ARBUSDT,199,2024-06-13 12:30,20,BOTH,ABOVE,THROUGH,XUYEN,1,true,
ARBUSDT,200,2024-06-14 16:00,15,BOTH,BELOW,BLOCKED,XUYEN,2,false,false
ARBUSDT,201,2024-06-16 22:00,3,ABOVE,ABOVE,THROUGH,XUYEN,1,true,
ARBUSDT,202,2024-06-18 01:15,3,BELOW,BELOW,BLOCKED,CHAN,2,false,true
ARBUSDT,203,2024-06-21 00:00,38,BOTH,BELOW,THROUGH,XUYEN,1,true,
ARBUSDT,204,2024-06-24 09:30,5,BOTH,BELOW,THROUGH,XUYEN,3,true,
ARBUSDT,205,2024-06-27 12:00,3,ABOVE,ABOVE,THROUGH,XUYEN,1,true,
ARBUSDT,206,2024-06-30 07:00,18,BOTH,ABOVE,BLOCKED,XUYEN,1,false,false
ARBUSDT,207,2024-07-03 03:00,3,BELOW,BELOW,BLOCKED,CHAN,1,false,true
ARBUSDT,208,2024-07-07 12:00,5,BOTH,ABOVE,THROUGH,XUYEN,2,true,
ARBUSDT,209,2024-07-08 00:00,4,BOTH,BELOW,THROUGH,XUYEN,2,true,
ARBUSDT,210,2024-07-10 04:00,5,BOTH,ABOVE,BLOCKED,XUYEN,2,false,false
ARBUSDT,211,2024-07-10 12:30,9,BOTH,BELOW,THROUGH,XUYEN,1,true,
ARBUSDT,212,2024-07-12 01:15,23,BOTH,BELOW,BLOCKED,XUYEN,2,false,false
ARBUSDT,213,2024-07-15 19:15,8,BOTH,ABOVE,BLOCKED,XUYEN,3,false,false
ARBUSDT,214,2024-07-17 19:45,17,BOTH,ABOVE,THROUGH,XUYEN,2,true,
ARBUSDT,215,2024-07-18 17:30,15,BOTH,ABOVE,THROUGH,XUYEN,1,true,
ARBUSDT,216,2024-07-20 03:00,7,BOTH,ABOVE,THROUGH,XUYEN,1,true,
ARBUSDT,217,2024-07-20 21:00,38,BOTH,BELOW,THROUGH,XUYEN,2,true,
ARBUSDT,219,2024-07-25 01:00,3,BELOW,BELOW,BLOCKED,CHAN,1,false,true
ARBUSDT,221,2024-07-31 04:00,13,BOTH,BELOW,THROUGH,XUYEN,0,true,
ARBUSDT,222,2024-08-06 13:00,1,BELOW,BELOW,THROUGH,XUYEN,3,true,
ARBUSDT,223,2024-08-06 22:00,11,BOTH,ABOVE,THROUGH,XUYEN,0,true,
ARBUSDT,224,2024-08-08 12:30,1,ABOVE,ABOVE,BLOCKED,CHAN,1,false,
ARBUSDT,227,2024-08-11 00:00,10,BOTH,ABOVE,BLOCKED,XUYEN,2,false,false
ARBUSDT,228,2024-08-12 23:15,2,ABOVE,ABOVE,THROUGH,XUYEN,1,true,
ARBUSDT,229,2024-08-13 10:15,7,BOTH,BELOW,THROUGH,XUYEN,3,true,
ARBUSDT,230,2024-08-14 18:30,1,BELOW,BELOW,BLOCKED,CHAN,5,false,
ARBUSDT,231,2024-08-15 12:30,5,ABOVE,ABOVE,BLOCKED,XUYEN,2,false,false
ARBUSDT,232,2024-08-21 13:30,3,BOTH,BELOW,THROUGH,XUYEN,0,true,
ARBUSDT,233,2024-08-26 03:00,8,BOTH,ABOVE,BLOCKED,XUYEN,2,false,false
ARBUSDT,234,2024-09-03 11:45,1,ABOVE,ABOVE,THROUGH,XUYEN,0,true,
ARBUSDT,235,2024-09-03 23:45,6,BOTH,BELOW,BLOCKED,XUYEN,1,false,false
ARBUSDT,236,2024-09-05 03:00,19,BOTH,BELOW,BLOCKED,XUYEN,2,false,false
ARBUSDT,237,2024-09-06 07:15,10,BOTH,BELOW,BLOCKED,XUYEN,5,false,false
ARBUSDT,239,2024-09-08 04:00,8,BOTH,ABOVE,THROUGH,XUYEN,1,true,
ARBUSDT,240,2024-09-10 16:45,2,BOTH,ABOVE,THROUGH,XUYEN,1,true,
ARBUSDT,241,2024-09-11 06:00,16,BOTH,BELOW,BLOCKED,XUYEN,3,false,false
ARBUSDT,242,2024-09-12 20:30,14,BOTH,ABOVE,BLOCKED,XUYEN,3,false,false
ARBUSDT,243,2024-09-14 18:00,6,BOTH,BELOW,BLOCKED,XUYEN,2,false,false
ARBUSDT,244,2024-09-15 23:00,16,BOTH,BELOW,THROUGH,XUYEN,1,true,
ARBUSDT,245,2024-09-19 12:00,2,ABOVE,ABOVE,BLOCKED,CHAN,3,false,true
ARBUSDT,246,2024-09-20 23:45,6,BOTH,ABOVE,THROUGH,XUYEN,0,true,
ARBUSDT,247,2024-09-22 02:00,8,BOTH,BELOW,BLOCKED,XUYEN,1,false,false
ARBUSDT,248,2024-09-23 08:00,5,BELOW,BELOW,BLOCKED,CHAN,5,false,true
ARBUSDT,249,2024-09-24 11:00,12,BOTH,BELOW,BLOCKED,XUYEN,1,false,false
ARBUSDT,250,2024-09-30 03:00,4,BOTH,BELOW,BLOCKED,XUYEN,3,false,false
ARBUSDT,252,2024-10-02 04:00,4,BOTH,BELOW,THROUGH,XUYEN,0,true,
ARBUSDT,253,2024-10-04 12:30,3,BOTH,BELOW,THROUGH,XUYEN,0,true,
ARBUSDT,254,2024-10-05 02:45,14,BOTH,BELOW,BLOCKED,XUYEN,1,false,false
ARBUSDT,255,2024-10-10 17:45,3,BOTH,BELOW,THROUGH,XUYEN,2,true,
ARBUSDT,256,2024-10-13 01:00,11,BOTH,BELOW,BLOCKED,XUYEN,1,false,false
ARBUSDT,258,2024-10-21 17:00,9,BOTH,ABOVE,BLOCKED,XUYEN,1,false,false
ARBUSDT,260,2024-10-28 21:00,1,ABOVE,ABOVE,BLOCKED,CHAN,3,false,
ARBUSDT,261,2024-10-31 17:30,3,BOTH,BELOW,THROUGH,XUYEN,2,true,
ARBUSDT,262,2024-11-01 06:00,6,BOTH,BELOW,THROUGH,XUYEN,2,true,
ARBUSDT,263,2024-11-03 11:30,13,BOTH,BELOW,BLOCKED,XUYEN,2,false,false
ARBUSDT,264,2024-11-04 21:15,4,BOTH,BELOW,BLOCKED,XUYEN,2,false,false
ARBUSDT,265,2024-11-05 19:45,3,BOTH,BELOW,BLOCKED,XUYEN,2,false,false
ARBUSDT,266,2024-11-07 11:00,9,BOTH,ABOVE,THROUGH,XUYEN,0,true,
ARBUSDT,267,2024-11-08 05:30,10,BOTH,BELOW,THROUGH,XUYEN,1,true,
ARBUSDT,268,2024-11-14 08:30,2,BELOW,BELOW,BLOCKED,CHAN,2,false,true
ARBUSDT,269,2024-11-14 14:30,5,BOTH,BELOW,THROUGH,XUYEN,3,true,
ARBUSDT,270,2024-11-17 18:15,25,BOTH,BELOW,THROUGH,XUYEN,2,true,
ARBUSDT,271,2024-11-20 03:00,5,BOTH,BELOW,THROUGH,XUYEN,2,true,
ARBUSDT,272,2024-11-20 11:00,8,BOTH,BELOW,BLOCKED,XUYEN,2,false,false
ARBUSDT,273,2024-11-29 13:45,12,BOTH,ABOVE,BLOCKED,XUYEN,2,false,false
ARBUSDT,275,2024-12-03 10:45,26,BOTH,BELOW,THROUGH,XUYEN,1,true,
ARBUSDT,276,2024-12-12 19:30,10,BOTH,BELOW,THROUGH,XUYEN,3,true,
ARBUSDT,277,2024-12-15 19:15,24,BOTH,ABOVE,THROUGH,XUYEN,3,true,
ARBUSDT,278,2024-12-18 19:00,1,BELOW,BELOW,BLOCKED,CHAN,3,false,
ARBUSDT,279,2024-12-24 20:00,7,BOTH,BELOW,THROUGH,XUYEN,2,true,
ARBUSDT,280,2024-12-26 23:00,5,BOTH,BELOW,THROUGH,XUYEN,1,true,
ARBUSDT,281,2024-12-27 09:00,21,BOTH,ABOVE,THROUGH,XUYEN,2,true,
ARBUSDT,282,2024-12-29 22:15,15,BOTH,BELOW,THROUGH,XUYEN,3,true,
ARBUSDT,283,2025-01-02 22:15,10,BOTH,BELOW,THROUGH,XUYEN,2,true,
ARBUSDT,285,2025-01-08 03:00,4,BELOW,BELOW,BLOCKED,CHAN,2,false,true
ARBUSDT,286,2025-01-09 13:30,13,BOTH,BELOW,THROUGH,XUYEN,1,true,
ARBUSDT,287,2025-01-10 13:30,7,BELOW,BELOW,BLOCKED,XUYEN,2,false,false
ARBUSDT,288,2025-01-13 14:30,5,BOTH,ABOVE,BLOCKED,XUYEN,2,false,false
ARBUSDT,290,2025-01-16 08:15,26,BOTH,BELOW,THROUGH,XUYEN,1,true,
ARBUSDT,291,2025-01-20 17:00,2,BELOW,BELOW,THROUGH,XUYEN,2,true,
ARBUSDT,293,2025-01-22 11:45,21,BOTH,ABOVE,THROUGH,XUYEN,1,true,
ARBUSDT,295,2025-01-30 20:30,10,BOTH,BELOW,BLOCKED,XUYEN,1,false,false
ARBUSDT,297,2025-02-02 03:00,4,BOTH,BELOW,THROUGH,XUYEN,4,true,
ARBUSDT,298,2025-02-02 22:30,6,BOTH,BELOW,THROUGH,XUYEN,2,true,
ARBUSDT,299,2025-02-12 13:30,28,BOTH,BELOW,THROUGH,XUYEN,3,true,
ARBUSDT,300,2025-02-18 14:45,10,BOTH,BELOW,BLOCKED,CHAN,3,false,true
ARBUSDT,301,2025-02-21 09:15,4,ABOVE,ABOVE,BLOCKED,XUYEN,2,false,false
ARBUSDT,303,2025-02-24 22:00,9,BOTH,BELOW,BLOCKED,XUYEN,2,false,false
ARBUSDT,304,2025-02-28 01:30,25,BOTH,BELOW,BLOCKED,XUYEN,3,false,false
ARBUSDT,305,2025-03-04 14:30,6,BOTH,ABOVE,THROUGH,XUYEN,1,true,
ARBUSDT,306,2025-03-05 13:00,21,BOTH,ABOVE,BLOCKED,XUYEN,2,false,false
ARBUSDT,308,2025-03-11 07:45,14,BOTH,ABOVE,BLOCKED,XUYEN,3,false,false
ARBUSDT,309,2025-03-16 16:00,5,BOTH,ABOVE,BLOCKED,XUYEN,1,false,false
ARBUSDT,310,2025-03-19 10:30,5,BOTH,ABOVE,BLOCKED,XUYEN,1,false,false
ARBUSDT,311,2025-03-21 18:30,9,BOTH,ABOVE,THROUGH,XUYEN,1,true,
ARBUSDT,312,2025-03-27 19:30,8,BOTH,ABOVE,THROUGH,XUYEN,3,true,
ARBUSDT,314,2025-03-30 15:30,27,BOTH,BELOW,BLOCKED,XUYEN,3,false,false
ARBUSDT,315,2025-04-02 07:30,6,ABOVE,ABOVE,THROUGH,XUYEN,0,true,
ARBUSDT,316,2025-04-03 23:30,23,BOTH,ABOVE,THROUGH,XUYEN,2,true,
ARBUSDT,317,2025-04-10 22:00,4,BOTH,ABOVE,THROUGH,XUYEN,1,true,
ARBUSDT,318,2025-04-16 04:15,23,BOTH,BELOW,BLOCKED,XUYEN,1,false,false
ARBUSDT,319,2025-04-18 06:00,2,ABOVE,ABOVE,BLOCKED,CHAN,2,false,true
ARBUSDT,320,2025-04-19 02:00,7,BOTH,ABOVE,BLOCKED,XUYEN,2,false,false
ARBUSDT,321,2025-04-21 16:30,6,BOTH,BELOW,THROUGH,XUYEN,2,true,
ARBUSDT,322,2025-04-26 04:30,16,BOTH,BELOW,THROUGH,XUYEN,3,true,
ARBUSDT,323,2025-05-01 10:15,8,BOTH,ABOVE,BLOCKED,XUYEN,2,false,false
ARBUSDT,324,2025-05-02 16:00,10,BOTH,ABOVE,BLOCKED,XUYEN,3,false,false
ARBUSDT,325,2025-05-03 21:00,6,BELOW,BELOW,BLOCKED,CHAN,2,false,true
ARBUSDT,326,2025-05-07 06:30,10,BOTH,BELOW,THROUGH,XUYEN,3,true,
ARBUSDT,327,2025-05-08 01:00,1,ABOVE,ABOVE,BLOCKED,CHAN,4,false,
ARBUSDT,328,2025-05-10 00:00,5,ABOVE,ABOVE,THROUGH,XUYEN,1,true,
ARBUSDT,329,2025-05-12 07:00,13,BOTH,ABOVE,BLOCKED,XUYEN,2,false,false
ARBUSDT,330,2025-05-22 03:30,2,ABOVE,ABOVE,BLOCKED,CHAN,4,false,true
ARBUSDT,332,2025-05-25 22:00,2,ABOVE,ABOVE,BLOCKED,CHAN,1,false,true
ARBUSDT,333,2025-05-27 13:00,29,BOTH,ABOVE,THROUGH,XUYEN,3,true,
ARBUSDT,334,2025-05-29 23:15,19,BOTH,BELOW,BLOCKED,XUYEN,1,false,false
ARBUSDT,336,2025-06-15 08:00,10,BOTH,BELOW,BLOCKED,XUYEN,3,false,false
ARBUSDT,337,2025-06-15 22:00,5,BOTH,ABOVE,BLOCKED,XUYEN,3,false,false
ARBUSDT,338,2025-06-20 07:15,2,BOTH,ABOVE,THROUGH,XUYEN,1,true,
ARBUSDT,339,2025-06-22 07:00,11,BOTH,BELOW,BLOCKED,XUYEN,3,false,false
ARBUSDT,342,2025-07-04 16:00,10,BOTH,BELOW,BLOCKED,XUYEN,3,false,false
ARBUSDT,343,2025-07-05 22:45,27,BOTH,ABOVE,THROUGH,XUYEN,2,true,
ARBUSDT,344,2025-07-09 05:30,3,ABOVE,ABOVE,BLOCKED,CHAN,2,false,true
ARBUSDT,346,2025-07-15 12:30,2,BOTH,BELOW,THROUGH,XUYEN,0,true,
ARBUSDT,347,2025-07-15 23:00,2,ABOVE,ABOVE,BLOCKED,CHAN,1,false,true
ARBUSDT,348,2025-07-22 10:45,8,BOTH,ABOVE,BLOCKED,XUYEN,3,false,false
ARBUSDT,349,2025-07-27 22:00,2,BOTH,ABOVE,THROUGH,XUYEN,0,true,
ARBUSDT,350,2025-07-28 04:15,2,BOTH,ABOVE,THROUGH,XUYEN,1,true,
ARBUSDT,351,2025-07-29 19:15,18,BOTH,BELOW,THROUGH,XUYEN,2,true,
ARBUSDT,352,2025-08-03 20:00,4,BOTH,BELOW,THROUGH,XUYEN,0,true,
ARBUSDT,353,2025-08-05 07:30,3,BOTH,BELOW,THROUGH,XUYEN,4,true,
ARBUSDT,354,2025-08-05 22:00,9,BOTH,ABOVE,THROUGH,XUYEN,3,true,
ARBUSDT,356,2025-08-08 12:00,5,BOTH,BELOW,THROUGH,XUYEN,0,true,
ARBUSDT,357,2025-08-09 05:00,13,BOTH,ABOVE,BLOCKED,XUYEN,1,false,false
ARBUSDT,359,2025-08-14 12:30,1,BELOW,BELOW,BLOCKED,CHAN,2,false,
ARBUSDT,360,2025-08-16 09:45,25,BOTH,BELOW,THROUGH,XUYEN,1,true,
ARBUSDT,362,2025-08-26 12:30,11,BOTH,ABOVE,BLOCKED,XUYEN,2,false,false
ARBUSDT,363,2025-08-27 13:30,27,BOTH,ABOVE,BLOCKED,XUYEN,1,false,false
ARBUSDT,364,2025-08-29 12:30,20,BOTH,ABOVE,THROUGH,XUYEN,2,true,
ARBUSDT,365,2025-08-31 04:30,12,BOTH,ABOVE,THROUGH,XUYEN,3,true,
ARBUSDT,366,2025-09-01 20:30,11,BOTH,BELOW,THROUGH,XUYEN,1,true,
ARBUSDT,367,2025-09-03 06:00,17,BOTH,BELOW,THROUGH,XUYEN,2,true,
ARBUSDT,369,2025-09-05 12:30,28,BOTH,ABOVE,THROUGH,XUYEN,3,true,
ARBUSDT,370,2025-09-12 07:30,3,BELOW,BELOW,BLOCKED,XUYEN,1,false,false
ARBUSDT,373,2025-09-25 23:30,20,BOTH,BELOW,THROUGH,XUYEN,0,true,
ARBUSDT,374,2025-09-28 22:00,12,BOTH,ABOVE,BLOCKED,XUYEN,2,false,false
ARBUSDT,375,2025-10-05 02:30,20,BOTH,ABOVE,THROUGH,XUYEN,1,true,
ARBUSDT,380,2025-10-13 11:00,5,BOTH,BELOW,THROUGH,XUYEN,2,true,
ARBUSDT,382,2025-10-14 19:30,12,BOTH,BELOW,BLOCKED,XUYEN,2,false,false
ARBUSDT,383,2025-10-15 20:30,9,BOTH,BELOW,BLOCKED,XUYEN,3,false,false
ARBUSDT,384,2025-10-16 09:30,5,BOTH,ABOVE,THROUGH,XUYEN,4,true,
ARBUSDT,385,2025-10-19 08:15,4,BOTH,BELOW,THROUGH,XUYEN,3,true,
ARBUSDT,386,2025-10-21 08:30,4,BOTH,BELOW,BLOCKED,XUYEN,2,false,false
ARBUSDT,388,2025-10-22 11:00,8,BOTH,ABOVE,BLOCKED,XUYEN,1,false,false
ARBUSDT,389,2025-10-22 21:00,1,BELOW,BELOW,BLOCKED,CHAN,3,false,
ARBUSDT,390,2025-10-23 06:15,1,ABOVE,ABOVE,BLOCKED,CHAN,2,false,
ARBUSDT,391,2025-10-24 12:30,19,BOTH,ABOVE,THROUGH,XUYEN,2,true,
ARBUSDT,393,2025-10-26 22:00,2,ABOVE,ABOVE,BLOCKED,CHAN,1,false,true
ARBUSDT,395,2025-10-28 19:15,6,BOTH,BELOW,THROUGH,XUYEN,1,true,
ARBUSDT,396,2025-10-29 18:30,3,BOTH,BELOW,THROUGH,XUYEN,3,true,
ARBUSDT,397,2025-10-31 10:30,11,BOTH,ABOVE,BLOCKED,XUYEN,2,false,false
ARBUSDT,400,2025-11-04 14:30,2,BOTH,ABOVE,THROUGH,XUYEN,0,true,
ARBUSDT,401,2025-11-04 20:15,3,BOTH,BELOW,THROUGH,XUYEN,3,true,
ARBUSDT,402,2025-11-06 01:45,20,BOTH,ABOVE,BLOCKED,XUYEN,1,false,false
ARBUSDT,403,2025-11-09 23:00,20,BOTH,BELOW,THROUGH,XUYEN,2,true,
ARBUSDT,405,2025-11-14 04:30,18,BOTH,BELOW,THROUGH,XUYEN,4,true,
ARBUSDT,406,2025-11-16 09:45,2,BOTH,ABOVE,THROUGH,XUYEN,2,true,
ARBUSDT,407,2025-11-18 23:00,6,BOTH,BELOW,THROUGH,XUYEN,0,true,
ARBUSDT,410,2025-11-25 22:00,8,BOTH,BELOW,THROUGH,XUYEN,2,true,
ARBUSDT,411,2025-11-26 21:15,42,BOTH,ABOVE,THROUGH,XUYEN,3,true,
ARBUSDT,412,2025-11-30 17:15,4,BELOW,BELOW,BLOCKED,CHAN,3,false,true
ARBUSDT,413,2025-12-01 00:00,5,BOTH,BELOW,THROUGH,XUYEN,2,true,
ARBUSDT,414,2025-12-03 14:00,1,BELOW,BELOW,THROUGH,XUYEN,0,true,
ARBUSDT,415,2025-12-04 13:00,4,BELOW,BELOW,BLOCKED,XUYEN,3,false,false
ARBUSDT,416,2025-12-06 12:00,5,BOTH,ABOVE,BLOCKED,XUYEN,3,false,false
ARBUSDT,417,2025-12-08 09:00,23,BOTH,ABOVE,THROUGH,XUYEN,3,true,
ARBUSDT,418,2025-12-09 15:00,1,ABOVE,ABOVE,THROUGH,XUYEN,1,true,
ARBUSDT,419,2025-12-11 14:30,13,BOTH,BELOW,BLOCKED,XUYEN,2,false,false
ARBUSDT,420,2025-12-14 10:00,6,BOTH,BELOW,BLOCKED,XUYEN,2,false,false
ARBUSDT,421,2025-12-22 00:00,24,BOTH,ABOVE,BLOCKED,XUYEN,0,false,false
ARBUSDT,422,2025-12-24 14:30,3,ABOVE,ABOVE,BLOCKED,CHAN,3,false,true
ARBUSDT,423,2025-12-26 14:30,17,BOTH,BELOW,THROUGH,XUYEN,2,true,
ARBUSDT,425,2025-12-30 08:00,21,BOTH,ABOVE,BLOCKED,XUYEN,2,false,false
ARBUSDT,426,2026-01-02 09:45,4,ABOVE,ABOVE,BLOCKED,CHAN,3,false,true
ARBUSDT,427,2026-01-03 03:30,63,BOTH,ABOVE,THROUGH,XUYEN,2,true,
ARBUSDT,429,2026-01-14 11:00,4,BOTH,BELOW,THROUGH,XUYEN,2,true,
ARBUSDT,430,2026-01-15 22:00,8,BOTH,ABOVE,BLOCKED,XUYEN,1,false,false
ARBUSDT,431,2026-01-20 22:30,8,BOTH,BELOW,THROUGH,XUYEN,3,true,
ARBUSDT,432,2026-01-21 19:15,4,BOTH,ABOVE,THROUGH,XUYEN,3,true,
ARBUSDT,433,2026-01-22 23:00,3,ABOVE,ABOVE,BLOCKED,CHAN,2,false,true
ARBUSDT,434,2026-01-23 14:30,20,BOTH,BELOW,THROUGH,XUYEN,0,true,
ARBUSDT,435,2026-01-25 16:00,4,BELOW,BELOW,BLOCKED,CHAN,1,false,true
ARBUSDT,437,2026-02-01 23:00,33,BOTH,BELOW,THROUGH,XUYEN,3,true,
ARBUSDT,438,2026-02-05 20:15,4,BELOW,BELOW,BLOCKED,CHAN,3,false,true
ARBUSDT,440,2026-02-07 16:00,13,BOTH,ABOVE,BLOCKED,XUYEN,2,false,false
ARBUSDT,441,2026-02-08 23:00,20,BOTH,ABOVE,THROUGH,XUYEN,0,true,
ARBUSDT,442,2026-02-17 14:30,10,BOTH,BELOW,THROUGH,XUYEN,0,true,
ARBUSDT,443,2026-02-19 13:00,4,BELOW,BELOW,THROUGH,XUYEN,1,true,
ARBUSDT,445,2026-02-23 01:00,13,BOTH,BELOW,THROUGH,XUYEN,2,true,
ARBUSDT,446,2026-02-25 01:00,4,BOTH,ABOVE,THROUGH,XUYEN,0,true,
ARBUSDT,447,2026-02-25 11:00,1,BELOW,BELOW,THROUGH,XUYEN,0,true,
ARBUSDT,448,2026-02-25 21:30,1,ABOVE,ABOVE,THROUGH,XUYEN,3,true,
ARBUSDT,449,2026-02-26 05:00,30,BOTH,BELOW,THROUGH,XUYEN,0,true,
ARBUSDT,450,2026-02-28 06:15,5,BOTH,BELOW,BLOCKED,XUYEN,2,false,false
ARBUSDT,451,2026-03-01 13:45,14,BOTH,ABOVE,THROUGH,XUYEN,0,true,
ARBUSDT,452,2026-03-04 23:15,7,BOTH,BELOW,BLOCKED,XUYEN,1,false,false
ARBUSDT,453,2026-03-05 14:30,9,BOTH,ABOVE,THROUGH,XUYEN,3,true,
ARBUSDT,455,2026-03-09 09:30,2,ABOVE,ABOVE,BLOCKED,CHAN,2,false,true
ARBUSDT,456,2026-03-09 19:15,8,BOTH,ABOVE,BLOCKED,XUYEN,4,false,false
ARBUSDT,457,2026-03-10 02:30,13,BOTH,ABOVE,BLOCKED,XUYEN,4,false,false
ARBUSDT,458,2026-03-11 05:30,2,BOTH,BELOW,BLOCKED,CHAN,4,false,true
ARBUSDT,459,2026-03-11 20:30,17,BOTH,BELOW,BLOCKED,XUYEN,2,false,false
ARBUSDT,460,2026-03-18 05:00,6,BOTH,ABOVE,THROUGH,XUYEN,0,true,
ARBUSDT,463,2026-03-24 04:30,14,BOTH,BELOW,THROUGH,XUYEN,2,true,
ARBUSDT,464,2026-03-26 09:30,3,BELOW,BELOW,BLOCKED,CHAN,2,false,true
ARBUSDT,465,2026-03-26 20:00,3,BOTH,ABOVE,THROUGH,XUYEN,1,true,
ARBUSDT,467,2026-03-28 13:30,4,BOTH,ABOVE,THROUGH,XUYEN,2,true,
ARBUSDT,468,2026-03-29 22:30,1,BELOW,BELOW,THROUGH,XUYEN,0,true,
ARBUSDT,469,2026-04-04 03:15,7,ABOVE,ABOVE,BLOCKED,CHAN,2,false,true
ARBUSDT,470,2026-04-04 14:30,5,BOTH,ABOVE,THROUGH,XUYEN,1,true,
ARBUSDT,471,2026-04-05 20:30,2,BOTH,ABOVE,THROUGH,XUYEN,2,true,
ARBUSDT,472,2026-04-10 09:45,4,BOTH,ABOVE,THROUGH,XUYEN,2,true,
ARBUSDT,473,2026-04-10 15:00,2,ABOVE,ABOVE,BLOCKED,CHAN,5,false,true
ARBUSDT,474,2026-04-11 10:15,3,ABOVE,ABOVE,BLOCKED,CHAN,2,false,true
ARBUSDT,475,2026-04-11 15:15,6,ABOVE,ABOVE,BLOCKED,XUYEN,2,false,false
ARBUSDT,476,2026-04-12 08:45,24,BOTH,BELOW,THROUGH,XUYEN,2,true,
ARBUSDT,477,2026-04-18 19:30,9,BOTH,BELOW,THROUGH,XUYEN,3,true,
ARBUSDT,478,2026-04-19 07:00,17,BOTH,BELOW,BLOCKED,XUYEN,3,false,false
ARBUSDT,479,2026-04-20 16:30,43,BOTH,ABOVE,BLOCKED,XUYEN,4,false,false
ARBUSDT,480,2026-04-24 19:00,13,BOTH,BELOW,THROUGH,XUYEN,1,true,
ARBUSDT,481,2026-04-26 12:30,3,BOTH,BELOW,THROUGH,XUYEN,1,true,
ARBUSDT,482,2026-04-28 19:45,6,BOTH,ABOVE,BLOCKED,XUYEN,2,false,false
ARBUSDT,483,2026-04-29 18:00,5,BELOW,BELOW,BLOCKED,CHAN,3,false,true
ARBUSDT,484,2026-04-30 00:00,20,BOTH,ABOVE,BLOCKED,XUYEN,2,false,false
ARBUSDT,485,2026-05-03 10:45,25,BOTH,BELOW,BLOCKED,XUYEN,3,false,false
ARBUSDT,486,2026-05-10 00:00,32,BOTH,BELOW,BLOCKED,XUYEN,1,false,false
ARBUSDT,487,2026-05-12 00:00,4,BOTH,ABOVE,THROUGH,XUYEN,0,true,
ARBUSDT,488,2026-05-15 05:30,2,BELOW,BELOW,BLOCKED,CHAN,2,false,true
ARBUSDT,489,2026-05-17 05:00,5,BOTH,ABOVE,THROUGH,XUYEN,1,true,
ARBUSDT,490,2026-05-17 23:30,17,BOTH,BELOW,BLOCKED,XUYEN,2,false,false
ARBUSDT,492,2026-05-21 09:30,8,BOTH,BELOW,THROUGH,XUYEN,2,true,
ARBUSDT,493,2026-05-22 18:30,2,BELOW,BELOW,BLOCKED,CHAN,3,false,true
ARBUSDT,494,2026-05-24 09:00,34,BOTH,BELOW,THROUGH,XUYEN,1,true,
ARBUSDT,496,2026-06-01 04:00,3,BELOW,BELOW,BLOCKED,CHAN,1,false,true
ARBUSDT,497,2026-06-03 20:30,3,BOTH,BELOW,THROUGH,XUYEN,3,true,
ARBUSDT,498,2026-06-05 11:45,7,BELOW,BELOW,BLOCKED,CHAN,2,false,true
ARBUSDT,500,2026-06-07 22:00,26,BOTH,ABOVE,BLOCKED,XUYEN,1,false,false
ARBUSDT,501,2026-06-10 20:45,4,BOTH,BELOW,THROUGH,XUYEN,3,true,
ARBUSDT,502,2026-06-11 18:00,3,ABOVE,ABOVE,BLOCKED,CHAN,3,false,true
ARBUSDT,503,2026-06-12 13:30,11,BOTH,BELOW,THROUGH,XUYEN,0,true,
ARBUSDT,505,2026-06-14 19:15,1,ABOVE,ABOVE,BLOCKED,CHAN,1,false,
ARBUSDT,506,2026-06-16 11:30,7,BOTH,ABOVE,THROUGH,XUYEN,3,true,
ARBUSDT,507,2026-06-17 00:00,20,BOTH,ABOVE,THROUGH,XUYEN,1,true,
ARBUSDT,508,2026-06-19 20:00,36,BOTH,ABOVE,BLOCKED,XUYEN,0,false,false
ARBUSDT,509,2026-06-26 02:00,7,BOTH,BELOW,THROUGH,XUYEN,0,true,
ARBUSDT,510,2026-06-27 11:00,12,BOTH,BELOW,THROUGH,XUYEN,3,true,
ARBUSDT,511,2026-06-29 19:15,4,BOTH,ABOVE,BLOCKED,XUYEN,2,false,false
ARBUSDT,513,2026-07-01 01:00,4,BOTH,BELOW,THROUGH,XUYEN,0,true,
ARBUSDT,514,2026-07-01 17:30,8,BOTH,ABOVE,BLOCKED,XUYEN,1,false,false
ARBUSDT,516,2026-07-02 13:00,24,BOTH,BELOW,THROUGH,XUYEN,1,true,
ARBUSDT,517,2026-07-06 21:00,5,BOTH,ABOVE,THROUGH,XUYEN,0,true,
ARBUSDT,518,2026-07-11 20:30,8,BOTH,ABOVE,BLOCKED,XUYEN,3,false,false
ARBUSDT,519,2026-07-13 13:45,5,BOTH,ABOVE,BLOCKED,XUYEN,3,false,false
ARBUSDT,520,2026-07-14 21:00,7,BOTH,ABOVE,BLOCKED,XUYEN,2,false,false
ARBUSDT,521,2026-07-16 00:00,1,BELOW,BELOW,BLOCKED,CHAN,1,false,
ARBUSDT,522,2026-07-16 06:30,13,BOTH,BELOW,THROUGH,XUYEN,1,true,
ARBUSDT,523,2026-07-18 21:15,21,BOTH,ABOVE,THROUGH,XUYEN,2,true,
ARBUSDT,524,2026-07-20 21:15,8,BOTH,BELOW,THROUGH,XUYEN,1,true,
ARBUSDT,525,2026-07-21 12:00,17,BOTH,BELOW,BLOCKED,XUYEN,3,false,false
ARBUSDT,526,2026-07-22 22:00,5,BOTH,ABOVE,THROUGH,XUYEN,4,true,
ARBUSDT,527,2026-07-26 21:30,8,BOTH,ABOVE,THROUGH,XUYEN,0,true,
ARBUSDT,528,2026-07-27 21:00,12,BOTH,BELOW,BLOCKED,XUYEN,1,false,false
ARBUSDT,530,2026-07-30 21:45,14,BOTH,ABOVE,THROUGH,XUYEN,2,true,
ARBUSDT,531,2026-08-01 14:00,6,BOTH,BELOW,THROUGH,XUYEN,1,true,
ARBUSDT,532,2026-08-01 21:00,1,ABOVE,ABOVE,BLOCKED,CHAN,3,false,
ARBUSDT,533,2026-08-02 13:30,8,BOTH,BELOW,THROUGH,XUYEN,1,true,
ARBUSDT,535,2026-08-04 13:00,5,BELOW,BELOW,BLOCKED,CHAN,2,false,true
ARBUSDT,536,2026-08-04 18:45,4,ABOVE,ABOVE,BLOCKED,CHAN,2,false,true
ARBUSDT,539,2026-08-08 00:00,5,BELOW,BELOW,BLOCKED,CHAN,1,false,true
OPUSDT,0,2022-06-03 18:30,22,BOTH,BELOW,THROUGH,XUYEN,4,true,
OPUSDT,1,2022-06-05 13:30,12,BOTH,BELOW,THROUGH,XUYEN,2,true,
OPUSDT,3,2022-06-12 22:00,1,BELOW,BELOW,BLOCKED,CHAN,3,false,
OPUSDT,4,2022-06-13 20:00,25,BOTH,ABOVE,THROUGH,XUYEN,2,true,
OPUSDT,5,2022-06-18 06:45,30,BOTH,BELOW,THROUGH,XUYEN,1,true,
OPUSDT,7,2022-06-27 18:00,14,BOTH,BELOW,THROUGH,XUYEN,3,true,
OPUSDT,8,2022-06-28 18:00,8,BOTH,ABOVE,THROUGH,XUYEN,6,true,
OPUSDT,9,2022-06-29 09:15,18,BOTH,ABOVE,THROUGH,XUYEN,3,true,
OPUSDT,10,2022-07-02 07:15,14,BOTH,BELOW,THROUGH,XUYEN,4,true,
OPUSDT,11,2022-07-03 04:45,29,BOTH,BELOW,BLOCKED,XUYEN,2,false,false
OPUSDT,12,2022-07-08 00:00,10,BOTH,ABOVE,BLOCKED,XUYEN,3,false,false
OPUSDT,13,2022-07-08 19:30,14,BOTH,BELOW,THROUGH,XUYEN,4,true,
OPUSDT,15,2022-07-13 10:00,1,BELOW,BELOW,BLOCKED,CHAN,0,false,
OPUSDT,16,2022-07-13 19:30,4,BOTH,BELOW,THROUGH,XUYEN,0,true,
OPUSDT,18,2022-07-20 20:00,4,BOTH,BELOW,BLOCKED,XUYEN,2,false,false
OPUSDT,19,2022-07-26 07:00,11,BOTH,ABOVE,BLOCKED,XUYEN,2,false,false
OPUSDT,20,2022-07-31 14:30,11,BOTH,ABOVE,THROUGH,XUYEN,1,true,
OPUSDT,21,2022-08-03 21:15,56,BOTH,ABOVE,THROUGH,XUYEN,2,true,
OPUSDT,23,2022-08-09 23:00,18,BOTH,BELOW,THROUGH,XUYEN,1,true,
OPUSDT,24,2022-08-11 18:00,26,BOTH,BELOW,BLOCKED,XUYEN,2,false,false
OPUSDT,25,2022-08-13 23:30,12,BOTH,BELOW,BLOCKED,XUYEN,1,false,false
OPUSDT,26,2022-08-17 21:00,2,BELOW,BELOW,BLOCKED,CHAN,1,false,true
OPUSDT,27,2022-08-19 06:30,43,BOTH,BELOW,THROUGH,XUYEN,1,true,
OPUSDT,30,2022-08-26 00:00,4,BOTH,BELOW,BLOCKED,XUYEN,1,false,false
OPUSDT,31,2022-08-26 07:00,5,BOTH,BELOW,BLOCKED,XUYEN,3,false,false
OPUSDT,32,2022-08-26 22:30,21,BOTH,BELOW,BLOCKED,XUYEN,1,false,false
OPUSDT,33,2022-09-04 12:00,17,BOTH,BELOW,THROUGH,XUYEN,3,true,
OPUSDT,35,2022-09-07 20:15,6,BOTH,ABOVE,BLOCKED,XUYEN,2,false,false
OPUSDT,36,2022-09-11 21:45,13,BOTH,BELOW,THROUGH,XUYEN,2,true,
OPUSDT,37,2022-09-14 13:30,11,BOTH,BELOW,BLOCKED,XUYEN,4,false,false
OPUSDT,38,2022-09-16 06:45,20,BOTH,BELOW,BLOCKED,XUYEN,2,false,false
OPUSDT,39,2022-09-19 02:15,66,BOTH,BELOW,BLOCKED,XUYEN,2,false,false
OPUSDT,40,2022-09-24 21:00,2,BELOW,BELOW,BLOCKED,CHAN,1,false,true
OPUSDT,41,2022-09-25 11:45,2,BOTH,ABOVE,THROUGH,XUYEN,2,true,
OPUSDT,42,2022-09-25 16:45,5,BOTH,BELOW,THROUGH,XUYEN,1,true,
OPUSDT,43,2022-10-01 11:15,1,BELOW,BELOW,BLOCKED,CHAN,1,false,
OPUSDT,45,2022-10-02 14:45,1,BELOW,BELOW,BLOCKED,CHAN,2,false,
OPUSDT,46,2022-10-02 23:00,43,BOTH,BELOW,BLOCKED,XUYEN,2,false,false
OPUSDT,47,2022-10-08 22:00,8,BOTH,BELOW,BLOCKED,XUYEN,3,false,false
OPUSDT,51,2022-10-11 18:45,17,BOTH,BELOW,BLOCKED,XUYEN,1,false,false
OPUSDT,52,2022-10-17 22:00,11,BOTH,ABOVE,BLOCKED,XUYEN,2,false,false
OPUSDT,53,2022-10-22 23:00,11,BOTH,ABOVE,THROUGH,XUYEN,1,true,
OPUSDT,55,2022-10-26 20:00,30,BOTH,ABOVE,BLOCKED,XUYEN,4,false,false
OPUSDT,56,2022-11-03 09:30,4,BOTH,ABOVE,THROUGH,XUYEN,1,true,
OPUSDT,57,2022-11-05 21:00,24,BOTH,BELOW,THROUGH,XUYEN,2,true,
OPUSDT,58,2022-11-09 15:30,10,BELOW,BELOW,BLOCKED,CHAN,3,false,true
OPUSDT,59,2022-11-10 13:30,1,ABOVE,ABOVE,BLOCKED,CHAN,3,false,
OPUSDT,60,2022-11-12 23:15,6,BOTH,BELOW,THROUGH,XUYEN,2,true,
OPUSDT,61,2022-11-13 13:30,12,BOTH,ABOVE,THROUGH,XUYEN,2,true,
OPUSDT,62,2022-11-15 13:30,24,BOTH,ABOVE,THROUGH,XUYEN,3,true,
OPUSDT,66,2022-11-28 14:30,10,BOTH,ABOVE,THROUGH,XUYEN,0,true,
OPUSDT,68,2022-11-30 06:00,2,ABOVE,ABOVE,BLOCKED,CHAN,2,false,true
OPUSDT,69,2022-11-30 11:45,5,BOTH,ABOVE,BLOCKED,XUYEN,1,false,false
OPUSDT,70,2022-12-02 11:15,16,BOTH,ABOVE,BLOCKED,XUYEN,2,false,false
OPUSDT,71,2022-12-05 15:00,3,BELOW,BELOW,BLOCKED,CHAN,1,false,true
OPUSDT,73,2022-12-09 06:00,9,BOTH,ABOVE,BLOCKED,XUYEN,2,false,false
OPUSDT,74,2022-12-12 02:45,25,BOTH,BELOW,BLOCKED,XUYEN,1,false,false
OPUSDT,77,2022-12-18 18:00,19,BOTH,ABOVE,THROUGH,XUYEN,0,true,
OPUSDT,78,2022-12-19 22:30,5,BOTH,BELOW,THROUGH,XUYEN,2,true,
OPUSDT,79,2022-12-26 21:45,5,BOTH,BELOW,THROUGH,XUYEN,0,true,
OPUSDT,80,2022-12-27 14:30,2,BELOW,BELOW,BLOCKED,CHAN,0,false,true
OPUSDT,82,2022-12-29 13:30,13,BOTH,ABOVE,BLOCKED,XUYEN,3,false,false
OPUSDT,83,2022-12-30 05:45,23,BOTH,BELOW,BLOCKED,XUYEN,2,false,false
OPUSDT,84,2023-01-02 01:00,3,BOTH,BELOW,THROUGH,XUYEN,0,true,
OPUSDT,85,2023-01-03 14:00,3,ABOVE,ABOVE,BLOCKED,CHAN,1,false,true
OPUSDT,86,2023-01-03 18:00,2,BOTH,BELOW,THROUGH,XUYEN,2,true,
OPUSDT,90,2023-01-09 04:00,43,BOTH,ABOVE,THROUGH,XUYEN,2,true,
OPUSDT,91,2023-01-12 00:30,8,BOTH,ABOVE,THROUGH,XUYEN,2,true,
OPUSDT,92,2023-01-16 08:00,9,BOTH,BELOW,THROUGH,XUYEN,0,true,
OPUSDT,93,2023-01-17 05:45,3,ABOVE,ABOVE,BLOCKED,CHAN,3,false,true
OPUSDT,94,2023-01-17 08:30,4,BOTH,ABOVE,THROUGH,XUYEN,5,true,
OPUSDT,95,2023-01-18 13:30,21,BOTH,ABOVE,THROUGH,XUYEN,3,true,
OPUSDT,96,2023-01-24 11:00,1,BELOW,BELOW,BLOCKED,CHAN,3,false,
OPUSDT,99,2023-01-28 06:15,10,BOTH,BELOW,BLOCKED,XUYEN,2,false,false
OPUSDT,100,2023-01-30 19:00,16,BOTH,BELOW,THROUGH,XUYEN,2,true,
OPUSDT,101,2023-02-02 11:00,3,ABOVE,ABOVE,BLOCKED,CHAN,3,false,true
OPUSDT,102,2023-02-05 15:30,13,BOTH,ABOVE,THROUGH,XUYEN,1,true,
OPUSDT,103,2023-02-06 23:00,26,BOTH,BELOW,BLOCKED,XUYEN,4,false,false
OPUSDT,104,2023-02-20 16:00,11,BOTH,BELOW,BLOCKED,XUYEN,1,false,false
OPUSDT,106,2023-03-04 05:30,4,BELOW,BELOW,THROUGH,XUYEN,2,true,
OPUSDT,107,2023-03-04 10:15,14,BOTH,BELOW,BLOCKED,XUYEN,1,false,false
OPUSDT,108,2023-03-07 15:00,22,BOTH,BELOW,THROUGH,XUYEN,2,true,
OPUSDT,109,2023-03-13 22:00,14,BOTH,ABOVE,THROUGH,XUYEN,4,true,
OPUSDT,110,2023-03-14 12:30,1,ABOVE,ABOVE,BLOCKED,CHAN,3,false,
OPUSDT,111,2023-03-15 05:00,3,BOTH,ABOVE,THROUGH,XUYEN,3,true,
OPUSDT,112,2023-03-16 15:45,9,BOTH,ABOVE,THROUGH,XUYEN,4,true,
OPUSDT,113,2023-03-19 15:00,11,BOTH,ABOVE,BLOCKED,XUYEN,2,false,false
OPUSDT,116,2023-03-26 22:00,13,BOTH,ABOVE,THROUGH,XUYEN,0,true,
OPUSDT,117,2023-03-29 22:00,43,BOTH,BELOW,BLOCKED,XUYEN,2,false,false
OPUSDT,118,2023-04-05 12:15,1,BELOW,BELOW,BLOCKED,CHAN,2,false,
OPUSDT,119,2023-04-10 00:45,8,BOTH,ABOVE,THROUGH,XUYEN,0,true,
OPUSDT,123,2023-04-16 00:00,10,BOTH,BELOW,BLOCKED,XUYEN,1,false,false
OPUSDT,124,2023-04-18 20:00,7,BOTH,ABOVE,THROUGH,XUYEN,1,true,
OPUSDT,125,2023-04-23 07:30,1,ABOVE,ABOVE,BLOCKED,CHAN,1,false,
OPUSDT,127,2023-04-23 18:45,30,BOTH,BELOW,THROUGH,XUYEN,2,true,
OPUSDT,128,2023-04-27 06:45,10,BOTH,BELOW,BLOCKED,XUYEN,4,false,false
OPUSDT,129,2023-04-28 13:30,3,BELOW,BELOW,BLOCKED,CHAN,2,false,true
OPUSDT,130,2023-04-28 22:00,7,BOTH,BELOW,BLOCKED,XUYEN,2,false,false
OPUSDT,131,2023-05-01 01:30,6,BELOW,BELOW,THROUGH,XUYEN,1,true,
OPUSDT,133,2023-05-06 12:30,6,BOTH,BELOW,THROUGH,XUYEN,4,true,
OPUSDT,134,2023-05-11 21:45,4,BOTH,ABOVE,THROUGH,XUYEN,1,true,
OPUSDT,135,2023-05-12 05:45,1,BELOW,BELOW,THROUGH,XUYEN,2,true,
OPUSDT,136,2023-05-18 05:45,5,BOTH,BELOW,THROUGH,XUYEN,2,true,
OPUSDT,137,2023-05-20 00:30,4,BELOW,BELOW,BLOCKED,CHAN,2,false,true
OPUSDT,138,2023-05-20 06:45,4,BOTH,BELOW,THROUGH,XUYEN,3,true,
OPUSDT,139,2023-05-20 11:15,3,ABOVE,ABOVE,BLOCKED,CHAN,5,false,true
OPUSDT,140,2023-05-20 17:45,3,ABOVE,ABOVE,BLOCKED,CHAN,4,false,true
OPUSDT,143,2023-05-22 00:30,9,BELOW,BELOW,BLOCKED,XUYEN,2,false,false
OPUSDT,144,2023-05-23 09:00,8,BOTH,ABOVE,BLOCKED,XUYEN,2,false,false
OPUSDT,146,2023-05-25 12:00,3,BOTH,ABOVE,BLOCKED,XUYEN,3,false,false
OPUSDT,147,2023-05-25 19:00,10,BOTH,ABOVE,BLOCKED,XUYEN,2,false,false
OPUSDT,148,2023-05-26 06:45,14,BOTH,ABOVE,BLOCKED,XUYEN,2,false,false
OPUSDT,149,2023-05-27 13:45,4,BOTH,BELOW,THROUGH,XUYEN,1,true,
OPUSDT,150,2023-06-05 15:00,5,BOTH,BELOW,THROUGH,XUYEN,1,true,
OPUSDT,153,2023-06-14 18:00,2,BELOW,BELOW,BLOCKED,CHAN,1,false,true
OPUSDT,154,2023-06-16 14:45,1,ABOVE,ABOVE,BLOCKED,CHAN,1,false,
OPUSDT,155,2023-06-17 05:30,6,BOTH,ABOVE,THROUGH,XUYEN,1,true,
OPUSDT,156,2023-06-18 07:45,2,BELOW,BELOW,BLOCKED,CHAN,1,false,true
OPUSDT,157,2023-06-19 13:00,5,BOTH,ABOVE,THROUGH,XUYEN,3,true,
OPUSDT,158,2023-06-22 11:00,7,BOTH,BELOW,BLOCKED,XUYEN,2,false,false
OPUSDT,159,2023-06-23 19:30,1,BELOW,BELOW,BLOCKED,CHAN,5,false,
OPUSDT,160,2023-06-27 14:00,8,BOTH,ABOVE,THROUGH,XUYEN,2,true,
OPUSDT,161,2023-06-28 06:00,5,BOTH,BELOW,THROUGH,XUYEN,1,true,
OPUSDT,162,2023-06-30 13:30,6,BOTH,BELOW,THROUGH,XUYEN,0,true,
OPUSDT,163,2023-07-02 15:15,9,BOTH,BELOW,BLOCKED,XUYEN,2,false,false
OPUSDT,164,2023-07-04 03:30,8,BOTH,ABOVE,BLOCKED,XUYEN,3,false,false
OPUSDT,166,2023-07-10 08:15,4,BOTH,BELOW,THROUGH,XUYEN,1,true,
OPUSDT,167,2023-07-12 12:30,7,BOTH,ABOVE,BLOCKED,XUYEN,2,false,false
OPUSDT,168,2023-07-19 17:45,35,BOTH,ABOVE,BLOCKED,XUYEN,2,false,false
OPUSDT,169,2023-07-22 19:45,20,BOTH,ABOVE,THROUGH,XUYEN,2,true,
OPUSDT,170,2023-07-24 07:00,8,BOTH,ABOVE,THROUGH,XUYEN,2,true,
OPUSDT,171,2023-07-30 13:45,5,BOTH,ABOVE,THROUGH,XUYEN,2,true,
OPUSDT,172,2023-07-31 12:30,1,BELOW,BELOW,BLOCKED,CHAN,3,false,
OPUSDT,173,2023-08-01 01:30,13,BOTH,BELOW,BLOCKED,XUYEN,2,false,false
OPUSDT,174,2023-08-03 13:00,2,BOTH,ABOVE,THROUGH,XUYEN,0,true,
OPUSDT,175,2023-08-05 11:00,6,BOTH,BELOW,BLOCKED,XUYEN,2,false,false
OPUSDT,176,2023-08-06 02:00,16,BOTH,ABOVE,BLOCKED,XUYEN,1,false,false
OPUSDT,177,2023-08-12 00:30,1,ABOVE,ABOVE,THROUGH,XUYEN,1,true,
OPUSDT,178,2023-08-12 15:45,23,BOTH,BELOW,BLOCKED,XUYEN,2,false,false
OPUSDT,179,2023-08-15 11:30,6,BOTH,BELOW,BLOCKED,XUYEN,2,false,false
OPUSDT,181,2023-08-16 20:15,4,BELOW,BELOW,BLOCKED,CHAN,2,false,true
OPUSDT,182,2023-08-17 05:45,6,BOTH,ABOVE,BLOCKED,XUYEN,2,false,false
OPUSDT,183,2023-08-17 20:30,15,BOTH,BELOW,BLOCKED,XUYEN,2,false,false
OPUSDT,184,2023-08-28 05:30,19,BOTH,BELOW,BLOCKED,XUYEN,2,false,false
OPUSDT,185,2023-08-29 11:00,1,ABOVE,ABOVE,THROUGH,XUYEN,1,true,
OPUSDT,186,2023-09-02 04:30,72,BOTH,ABOVE,BLOCKED,XUYEN,2,false,false
OPUSDT,187,2023-09-08 10:00,1,BELOW,BELOW,BLOCKED,CHAN,4,false,
OPUSDT,188,2023-09-09 00:45,11,BELOW,BELOW,BLOCKED,CHAN,1,false,true
OPUSDT,190,2023-09-10 04:15,19,BOTH,BELOW,THROUGH,XUYEN,1,true,
OPUSDT,191,2023-09-11 07:15,8,BOTH,BELOW,THROUGH,XUYEN,3,true,
OPUSDT,192,2023-09-13 07:30,10,BOTH,BELOW,BLOCKED,XUYEN,2,false,false
OPUSDT,193,2023-09-14 18:30,13,BOTH,BELOW,THROUGH,XUYEN,1,true,
OPUSDT,194,2023-09-20 18:00,6,BOTH,ABOVE,THROUGH,XUYEN,2,true,
OPUSDT,197,2023-09-23 00:00,32,BOTH,ABOVE,THROUGH,XUYEN,0,true,
OPUSDT,198,2023-09-24 17:45,1,ABOVE,ABOVE,THROUGH,XUYEN,0,true,
OPUSDT,199,2023-09-24 23:15,20,BOTH,BELOW,BLOCKED,XUYEN,0,false,false
OPUSDT,200,2023-09-29 14:00,18,BOTH,BELOW,THROUGH,XUYEN,2,true,
OPUSDT,203,2023-10-03 11:00,1,BELOW,BELOW,BLOCKED,CHAN,1,false,
OPUSDT,204,2023-10-07 15:30,6,BOTH,BELOW,THROUGH,XUYEN,1,true,
OPUSDT,206,2023-10-12 16:15,11,BOTH,BELOW,BLOCKED,XUYEN,2,false,false
OPUSDT,207,2023-10-13 20:45,19,BOTH,ABOVE,BLOCKED,XUYEN,1,false,false
OPUSDT,208,2023-10-15 20:30,3,ABOVE,ABOVE,BLOCKED,CHAN,3,false,true
OPUSDT,210,2023-10-16 13:15,9,BOTH,ABOVE,THROUGH,XUYEN,2,true,
OPUSDT,211,2023-10-17 18:45,9,BOTH,BELOW,THROUGH,XUYEN,3,true,
OPUSDT,212,2023-10-18 04:45,7,BOTH,ABOVE,BLOCKED,XUYEN,3,false,false
OPUSDT,213,2023-10-19 01:30,5,BELOW,BELOW,BLOCKED,XUYEN,1,false,false
OPUSDT,214,2023-10-22 07:30,3,BOTH,BELOW,THROUGH,XUYEN,1,true,
OPUSDT,215,2023-10-22 22:30,5,BOTH,ABOVE,THROUGH,XUYEN,1,true,
OPUSDT,216,2023-10-30 06:00,2,BOTH,BELOW,THROUGH,XUYEN,3,true,
OPUSDT,217,2023-10-30 17:00,15,BOTH,BELOW,BLOCKED,XUYEN,3,false,false
OPUSDT,220,2023-11-03 12:30,2,ABOVE,ABOVE,BLOCKED,CHAN,3,false,true
OPUSDT,221,2023-11-14 13:30,13,BOTH,ABOVE,BLOCKED,XUYEN,3,false,false
OPUSDT,222,2023-11-18 13:00,2,ABOVE,ABOVE,BLOCKED,CHAN,2,false,true
OPUSDT,224,2023-11-20 14:00,7,BOTH,BELOW,THROUGH,XUYEN,2,true,
OPUSDT,226,2023-11-24 22:00,26,BOTH,BELOW,BLOCKED,XUYEN,3,false,false
OPUSDT,227,2023-11-28 22:45,12,BOTH,BELOW,BLOCKED,XUYEN,0,false,false
OPUSDT,228,2023-12-04 11:00,17,BOTH,BELOW,THROUGH,XUYEN,1,true,
OPUSDT,229,2023-12-06 03:30,4,BOTH,BELOW,BLOCKED,XUYEN,5,false,false
OPUSDT,230,2023-12-11 02:00,4,BELOW,BELOW,THROUGH,XUYEN,1,true,
OPUSDT,231,2023-12-12 23:00,16,BOTH,ABOVE,THROUGH,XUYEN,1,true,
OPUSDT,232,2023-12-18 01:30,19,BOTH,BELOW,BLOCKED,XUYEN,1,false,false
OPUSDT,233,2023-12-24 22:15,22,BOTH,ABOVE,BLOCKED,XUYEN,3,false,false
OPUSDT,234,2024-01-02 00:00,4,BOTH,BELOW,THROUGH,XUYEN,2,true,
OPUSDT,235,2024-01-05 01:45,1,BELOW,BELOW,BLOCKED,CHAN,3,false,
OPUSDT,236,2024-01-05 16:45,2,BELOW,BELOW,BLOCKED,CHAN,4,false,true
OPUSDT,237,2024-01-05 20:45,33,BOTH,ABOVE,THROUGH,XUYEN,2,true,
OPUSDT,238,2024-01-09 12:45,1,BELOW,BELOW,THROUGH,XUYEN,1,true,
OPUSDT,239,2024-01-10 19:00,22,BOTH,ABOVE,BLOCKED,XUYEN,3,false,false
OPUSDT,240,2024-01-15 15:45,28,BOTH,BELOW,BLOCKED,XUYEN,3,false,false
OPUSDT,241,2024-01-17 22:15,5,BOTH,BELOW,THROUGH,XUYEN,2,true,
OPUSDT,242,2024-01-20 06:15,18,BOTH,BELOW,THROUGH,XUYEN,2,true,
OPUSDT,243,2024-01-21 20:45,1,BELOW,BELOW,THROUGH,XUYEN,2,true,
OPUSDT,244,2024-01-23 14:00,9,BOTH,BELOW,THROUGH,XUYEN,3,true,
OPUSDT,245,2024-01-24 23:00,10,BOTH,ABOVE,THROUGH,XUYEN,1,true,
OPUSDT,246,2024-01-29 15:45,2,ABOVE,ABOVE,BLOCKED,CHAN,2,false,true
OPUSDT,247,2024-01-31 09:00,2,BELOW,BELOW,BLOCKED,CHAN,2,false,true
OPUSDT,248,2024-02-02 13:30,34,BOTH,BELOW,THROUGH,XUYEN,0,true,
OPUSDT,249,2024-02-06 06:00,7,BOTH,ABOVE,BLOCKED,XUYEN,3,false,false
OPUSDT,250,2024-02-06 20:00,10,BOTH,ABOVE,THROUGH,XUYEN,2,true,
OPUSDT,251,2024-02-17 03:45,9,BOTH,ABOVE,THROUGH,XUYEN,3,true,
OPUSDT,252,2024-02-20 09:15,12,BOTH,BELOW,THROUGH,XUYEN,3,true,
OPUSDT,254,2024-02-25 06:15,8,BOTH,ABOVE,BLOCKED,XUYEN,3,false,false
OPUSDT,255,2024-02-26 09:15,2,BOTH,BELOW,THROUGH,XUYEN,1,true,
OPUSDT,256,2024-02-26 18:30,46,BOTH,BELOW,THROUGH,XUYEN,1,true,
OPUSDT,257,2024-03-06 06:15,40,BOTH,ABOVE,BLOCKED,XUYEN,2,false,false
OPUSDT,258,2024-03-13 18:15,6,BOTH,BELOW,BLOCKED,XUYEN,5,false,false
OPUSDT,259,2024-03-14 18:45,4,BOTH,BELOW,THROUGH,XUYEN,3,true,
OPUSDT,260,2024-03-25 21:15,12,BOTH,BELOW,THROUGH,XUYEN,3,true,
OPUSDT,261,2024-04-01 05:45,5,BELOW,BELOW,BLOCKED,CHAN,4,false,true
OPUSDT,263,2024-04-02 17:30,18,BOTH,ABOVE,BLOCKED,XUYEN,3,false,false
OPUSDT,264,2024-04-06 00:00,2,BOTH,BELOW,THROUGH,XUYEN,1,true,
OPUSDT,265,2024-04-10 12:30,11,BOTH,BELOW,THROUGH,XUYEN,3,true,
OPUSDT,266,2024-04-11 07:15,3,BOTH,ABOVE,THROUGH,XUYEN,2,true,
OPUSDT,268,2024-04-13 19:45,58,BOTH,BELOW,THROUGH,XUYEN,2,true,
OPUSDT,269,2024-04-19 23:00,7,BOTH,BELOW,BLOCKED,XUYEN,2,false,false
OPUSDT,272,2024-05-09 22:00,7,ABOVE,ABOVE,BLOCKED,XUYEN,3,false,false
OPUSDT,273,2024-05-10 22:00,15,BOTH,ABOVE,THROUGH,XUYEN,1,true,
OPUSDT,274,2024-05-15 12:30,2,ABOVE,ABOVE,BLOCKED,CHAN,2,false,true
OPUSDT,275,2024-05-18 23:30,17,BOTH,BELOW,THROUGH,XUYEN,1,true,
OPUSDT,276,2024-05-20 19:15,2,ABOVE,ABOVE,BLOCKED,CHAN,2,false,true
OPUSDT,277,2024-05-23 20:00,17,BOTH,BELOW,THROUGH,XUYEN,1,true,
OPUSDT,278,2024-05-28 18:30,19,BOTH,BELOW,THROUGH,XUYEN,1,true,
OPUSDT,279,2024-05-30 22:45,42,BOTH,ABOVE,THROUGH,XUYEN,2,true,
OPUSDT,280,2024-06-02 21:30,18,BOTH,BELOW,BLOCKED,XUYEN,2,false,false
OPUSDT,284,2024-06-12 18:00,1,BELOW,BELOW,BLOCKED,CHAN,3,false,
OPUSDT,285,2024-06-13 12:30,4,BOTH,ABOVE,THROUGH,XUYEN,0,true,
OPUSDT,286,2024-06-14 05:30,7,BOTH,ABOVE,THROUGH,XUYEN,1,true,
OPUSDT,287,2024-06-16 22:00,3,ABOVE,ABOVE,THROUGH,XUYEN,2,true,
OPUSDT,288,2024-06-24 09:30,6,BOTH,BELOW,THROUGH,XUYEN,3,true,
OPUSDT,289,2024-06-25 03:00,27,BOTH,ABOVE,BLOCKED,XUYEN,2,false,false
OPUSDT,290,2024-06-27 12:00,17,BOTH,ABOVE,BLOCKED,XUYEN,3,false,false
OPUSDT,291,2024-06-29 11:30,28,BOTH,ABOVE,BLOCKED,XUYEN,5,false,false
OPUSDT,292,2024-07-04 08:30,1,BELOW,BELOW,BLOCKED,CHAN,2,false,
OPUSDT,293,2024-07-05 11:00,7,ABOVE,ABOVE,BLOCKED,CHAN,3,false,true
OPUSDT,294,2024-07-07 13:15,3,BELOW,BELOW,BLOCKED,CHAN,4,false,true
OPUSDT,296,2024-07-08 14:15,5,BOTH,BELOW,BLOCKED,XUYEN,2,false,false
OPUSDT,297,2024-07-09 07:45,6,BOTH,BELOW,THROUGH,XUYEN,3,true,
OPUSDT,299,2024-07-15 19:15,19,BOTH,ABOVE,THROUGH,XUYEN,2,true,
OPUSDT,300,2024-07-20 21:00,22,BOTH,BELOW,BLOCKED,XUYEN,1,false,false
OPUSDT,301,2024-07-22 22:00,9,BOTH,BELOW,THROUGH,XUYEN,0,true,
OPUSDT,302,2024-07-25 01:00,36,BOTH,BELOW,BLOCKED,XUYEN,1,false,false
OPUSDT,303,2024-07-29 21:00,12,BOTH,BELOW,THROUGH,XUYEN,2,true,
OPUSDT,306,2024-08-06 14:00,4,BOTH,ABOVE,THROUGH,XUYEN,2,true,
OPUSDT,307,2024-08-08 12:30,1,ABOVE,ABOVE,BLOCKED,CHAN,1,false,
OPUSDT,309,2024-08-11 18:45,27,BOTH,BELOW,THROUGH,XUYEN,1,true,
OPUSDT,310,2024-08-16 20:15,6,BOTH,ABOVE,BLOCKED,XUYEN,3,false,false
OPUSDT,312,2024-08-18 05:45,2,BOTH,BELOW,THROUGH,XUYEN,1,true,
OPUSDT,313,2024-08-19 09:45,9,BOTH,BELOW,THROUGH,XUYEN,2,true,
OPUSDT,314,2024-08-19 22:45,23,BOTH,BELOW,THROUGH,XUYEN,1,true,
OPUSDT,315,2024-08-24 03:45,14,BOTH,BELOW,THROUGH,XUYEN,0,true,
OPUSDT,316,2024-08-26 12:30,4,BELOW,BELOW,BLOCKED,CHAN,2,false,true
OPUSDT,317,2024-08-29 10:30,7,BOTH,ABOVE,THROUGH,XUYEN,0,true,
OPUSDT,319,2024-08-29 22:00,24,BOTH,BELOW,THROUGH,XUYEN,3,true,
OPUSDT,320,2024-09-03 02:00,9,BOTH,ABOVE,THROUGH,XUYEN,3,true,
OPUSDT,322,2024-09-06 07:15,11,BOTH,BELOW,THROUGH,XUYEN,1,true,
OPUSDT,323,2024-09-08 01:45,3,BOTH,BELOW,THROUGH,XUYEN,0,true,
OPUSDT,324,2024-09-08 22:15,1,ABOVE,ABOVE,BLOCKED,CHAN,1,false,
OPUSDT,326,2024-09-14 14:30,7,BOTH,ABOVE,BLOCKED,XUYEN,2,false,false
OPUSDT,327,2024-09-15 21:00,1,BELOW,BELOW,THROUGH,XUYEN,1,true,
OPUSDT,328,2024-09-20 13:00,28,BOTH,BELOW,BLOCKED,XUYEN,0,false,false
OPUSDT,329,2024-09-28 05:00,13,BOTH,BELOW,BLOCKED,XUYEN,1,false,false
OPUSDT,330,2024-10-05 11:00,23,BOTH,ABOVE,BLOCKED,XUYEN,2,false,false
OPUSDT,331,2024-10-10 05:45,8,BOTH,ABOVE,THROUGH,XUYEN,2,true,
OPUSDT,332,2024-10-12 21:00,6,BOTH,ABOVE,THROUGH,XUYEN,3,true,
OPUSDT,334,2024-10-13 06:45,7,BELOW,BELOW,BLOCKED,CHAN,3,false,true
OPUSDT,335,2024-10-13 20:00,3,ABOVE,ABOVE,THROUGH,XUYEN,1,true,
OPUSDT,336,2024-10-23 18:00,21,BOTH,BELOW,THROUGH,XUYEN,3,true,
OPUSDT,337,2024-10-27 00:45,8,BOTH,ABOVE,BLOCKED,XUYEN,1,false,false
OPUSDT,338,2024-10-28 07:00,5,BOTH,ABOVE,THROUGH,XUYEN,1,true,
OPUSDT,339,2024-11-01 12:30,2,BOTH,ABOVE,THROUGH,XUYEN,0,true,
OPUSDT,341,2024-11-03 11:30,15,BOTH,BELOW,BLOCKED,XUYEN,4,false,false
OPUSDT,342,2024-11-05 19:45,4,BELOW,BELOW,BLOCKED,XUYEN,2,false,false
OPUSDT,343,2024-11-20 08:15,3,ABOVE,ABOVE,BLOCKED,XUYEN,2,false,false
OPUSDT,344,2024-11-20 23:30,4,BOTH,ABOVE,THROUGH,XUYEN,0,true,
OPUSDT,345,2024-12-01 23:15,10,BOTH,BELOW,THROUGH,XUYEN,0,true,
OPUSDT,346,2024-12-03 10:45,9,BOTH,BELOW,BLOCKED,XUYEN,2,false,false
OPUSDT,347,2024-12-05 01:00,20,BOTH,BELOW,THROUGH,XUYEN,2,true,
OPUSDT,348,2024-12-09 19:00,2,BOTH,BELOW,THROUGH,XUYEN,3,true,
OPUSDT,349,2024-12-11 13:30,1,ABOVE,ABOVE,BLOCKED,CHAN,3,false,
OPUSDT,350,2024-12-12 13:15,5,ABOVE,ABOVE,BLOCKED,CHAN,3,false,true
OPUSDT,351,2024-12-13 08:00,38,BOTH,ABOVE,BLOCKED,XUYEN,2,false,false
OPUSDT,352,2024-12-17 04:00,1,BELOW,BELOW,BLOCKED,CHAN,2,false,
OPUSDT,353,2024-12-18 19:00,1,BELOW,BELOW,BLOCKED,CHAN,4,false,
OPUSDT,355,2024-12-27 14:30,39,BOTH,BELOW,THROUGH,XUYEN,0,true,
OPUSDT,356,2024-12-30 21:30,26,BOTH,BELOW,THROUGH,XUYEN,2,true,
OPUSDT,357,2025-01-03 20:00,12,BOTH,BELOW,THROUGH,XUYEN,1,true,
OPUSDT,358,2025-01-05 08:00,21,BOTH,BELOW,BLOCKED,XUYEN,2,false,false
OPUSDT,359,2025-01-06 20:00,1,BELOW,BELOW,BLOCKED,CHAN,1,false,
OPUSDT,361,2025-01-08 11:30,11,BOTH,BELOW,THROUGH,XUYEN,2,true,
OPUSDT,362,2025-01-10 13:30,14,BOTH,BELOW,THROUGH,XUYEN,1,true,
OPUSDT,363,2025-01-12 03:00,18,BOTH,BELOW,THROUGH,XUYEN,4,true,
OPUSDT,364,2025-01-13 14:30,5,BOTH,ABOVE,BLOCKED,XUYEN,2,false,false
OPUSDT,365,2025-01-14 13:30,3,ABOVE,ABOVE,BLOCKED,CHAN,0,false,true
OPUSDT,367,2025-01-16 19:15,20,BOTH,BELOW,BLOCKED,XUYEN,4,false,false
OPUSDT,368,2025-01-20 17:00,5,BELOW,BELOW,BLOCKED,CHAN,2,false,true
OPUSDT,369,2025-01-23 14:30,16,BOTH,ABOVE,BLOCKED,XUYEN,2,false,false
OPUSDT,370,2025-01-25 14:30,5,BOTH,ABOVE,THROUGH,XUYEN,1,true,
OPUSDT,371,2025-01-28 11:30,33,BOTH,BELOW,BLOCKED,XUYEN,3,false,false
OPUSDT,372,2025-02-02 22:30,12,BOTH,BELOW,BLOCKED,XUYEN,2,false,false
OPUSDT,373,2025-02-07 13:30,32,BOTH,ABOVE,THROUGH,XUYEN,2,true,
OPUSDT,374,2025-02-12 00:00,14,BOTH,ABOVE,THROUGH,XUYEN,5,true,
OPUSDT,375,2025-02-12 13:30,3,BOTH,BELOW,THROUGH,XUYEN,3,true,
OPUSDT,376,2025-02-12 22:15,11,BOTH,ABOVE,BLOCKED,XUYEN,1,false,false
OPUSDT,377,2025-02-17 15:30,17,BOTH,BELOW,BLOCKED,XUYEN,1,false,false
OPUSDT,378,2025-02-24 19:30,3,BOTH,BELOW,THROUGH,XUYEN,2,true,
OPUSDT,380,2025-02-25 07:00,6,BOTH,BELOW,BLOCKED,XUYEN,4,false,false
OPUSDT,381,2025-02-27 13:30,8,BOTH,BELOW,BLOCKED,XUYEN,3,false,false
OPUSDT,382,2025-03-04 14:30,4,BOTH,ABOVE,THROUGH,XUYEN,1,true,
OPUSDT,384,2025-03-04 23:00,19,BOTH,BELOW,THROUGH,XUYEN,2,true,
OPUSDT,385,2025-03-07 00:15,21,BOTH,BELOW,THROUGH,XUYEN,2,true,
OPUSDT,387,2025-03-13 05:00,15,BOTH,BELOW,THROUGH,XUYEN,2,true,
OPUSDT,388,2025-03-14 19:00,33,BOTH,BELOW,BLOCKED,XUYEN,2,false,false
OPUSDT,390,2025-03-19 17:30,7,BOTH,BELOW,THROUGH,XUYEN,2,true,
OPUSDT,391,2025-03-20 10:00,2,BELOW,BELOW,BLOCKED,CHAN,3,false,true
OPUSDT,392,2025-03-23 15:30,10,BOTH,ABOVE,THROUGH,XUYEN,1,true,
OPUSDT,393,2025-03-25 12:30,22,BOTH,BELOW,BLOCKED,XUYEN,2,false,false
OPUSDT,394,2025-03-27 22:00,2,BELOW,BELOW,BLOCKED,CHAN,1,false,true
OPUSDT,396,2025-03-31 07:00,17,BOTH,BELOW,BLOCKED,XUYEN,2,false,false
OPUSDT,398,2025-04-02 20:00,1,ABOVE,ABOVE,THROUGH,XUYEN,0,true,
OPUSDT,399,2025-04-17 04:00,4,BOTH,ABOVE,BLOCKED,XUYEN,3,false,false
OPUSDT,401,2025-04-28 00:00,14,BOTH,BELOW,BLOCKED,XUYEN,1,false,false
OPUSDT,403,2025-05-03 17:00,20,BOTH,BELOW,THROUGH,XUYEN,3,true,
OPUSDT,404,2025-05-04 22:00,8,BOTH,BELOW,THROUGH,XUYEN,0,true,
OPUSDT,405,2025-05-10 18:45,2,ABOVE,ABOVE,BLOCKED,CHAN,4,false,true
OPUSDT,406,2025-05-12 07:00,14,BOTH,ABOVE,THROUGH,XUYEN,3,true,
OPUSDT,407,2025-05-16 20:30,8,BOTH,BELOW,BLOCKED,XUYEN,4,false,false
OPUSDT,408,2025-05-19 23:30,13,BOTH,ABOVE,BLOCKED,XUYEN,0,false,false
OPUSDT,409,2025-05-22 22:00,6,BOTH,ABOVE,BLOCKED,XUYEN,1,false,false
OPUSDT,410,2025-05-25 22:00,1,ABOVE,ABOVE,BLOCKED,CHAN,1,false,
OPUSDT,412,2025-05-30 22:00,3,BOTH,BELOW,THROUGH,XUYEN,2,true,
OPUSDT,413,2025-05-31 21:00,40,BOTH,ABOVE,THROUGH,XUYEN,4,true,
OPUSDT,415,2025-06-10 22:00,10,BOTH,ABOVE,BLOCKED,XUYEN,1,false,false
OPUSDT,417,2025-06-13 18:15,4,BOTH,BELOW,THROUGH,XUYEN,3,true,
OPUSDT,419,2025-06-22 13:15,6,BOTH,BELOW,BLOCKED,XUYEN,2,false,false
OPUSDT,420,2025-06-23 22:00,35,BOTH,ABOVE,THROUGH,XUYEN,1,true,
OPUSDT,422,2025-07-03 12:30,5,BELOW,BELOW,THROUGH,XUYEN,2,true,
OPUSDT,423,2025-07-05 18:15,2,BOTH,BELOW,THROUGH,XUYEN,3,true,
OPUSDT,426,2025-07-10 21:15,2,ABOVE,ABOVE,BLOCKED,CHAN,2,false,true
OPUSDT,427,2025-07-13 21:30,11,BOTH,BELOW,THROUGH,XUYEN,0,true,
OPUSDT,428,2025-07-17 12:00,8,BOTH,BELOW,THROUGH,XUYEN,2,true,
OPUSDT,430,2025-07-28 04:15,7,BOTH,ABOVE,THROUGH,XUYEN,2,true,
OPUSDT,432,2025-08-08 22:00,4,ABOVE,ABOVE,BLOCKED,CHAN,3,false,true
OPUSDT,433,2025-08-09 05:00,15,BOTH,ABOVE,THROUGH,XUYEN,1,true,
OPUSDT,434,2025-08-12 12:30,1,ABOVE,ABOVE,BLOCKED,CHAN,3,false,
OPUSDT,436,2025-08-16 20:15,20,BOTH,ABOVE,BLOCKED,XUYEN,2,false,false
OPUSDT,437,2025-08-21 22:30,5,BELOW,BELOW,BLOCKED,XUYEN,1,false,false
OPUSDT,439,2025-08-26 12:30,8,ABOVE,ABOVE,THROUGH,XUYEN,2,true,
OPUSDT,440,2025-08-29 12:30,19,BOTH,ABOVE,THROUGH,XUYEN,1,true,
OPUSDT,441,2025-09-01 20:30,6,BOTH,BELOW,THROUGH,XUYEN,1,true,
OPUSDT,443,2025-09-09 00:00,7,BOTH,ABOVE,THROUGH,XUYEN,1,true,
OPUSDT,444,2025-09-10 12:30,7,BOTH,ABOVE,BLOCKED,XUYEN,1,false,false
OPUSDT,445,2025-09-11 12:30,27,BOTH,BELOW,BLOCKED,XUYEN,3,false,false
OPUSDT,446,2025-09-17 04:45,6,BOTH,BELOW,THROUGH,XUYEN,2,true,
OPUSDT,447,2025-09-19 00:00,6,BOTH,ABOVE,THROUGH,XUYEN,1,true,
OPUSDT,449,2025-09-24 04:00,6,BOTH,BELOW,THROUGH,XUYEN,1,true,
OPUSDT,450,2025-09-25 12:15,5,BOTH,BELOW,THROUGH,XUYEN,1,true,
OPUSDT,451,2025-09-25 23:30,7,BOTH,BELOW,THROUGH,XUYEN,2,true,
OPUSDT,452,2025-09-28 06:15,3,BOTH,BELOW,THROUGH,XUYEN,1,true,
OPUSDT,454,2025-09-29 05:00,12,BOTH,BELOW,BLOCKED,XUYEN,3,false,false
OPUSDT,456,2025-10-05 02:30,22,BOTH,ABOVE,THROUGH,XUYEN,1,true,
OPUSDT,459,2025-10-13 11:00,5,BOTH,BELOW,BLOCKED,XUYEN,1,false,false
OPUSDT,460,2025-10-14 19:30,13,BOTH,BELOW,BLOCKED,XUYEN,2,false,false
OPUSDT,461,2025-10-16 09:30,14,BOTH,ABOVE,BLOCKED,XUYEN,4,false,false
OPUSDT,462,2025-10-22 11:00,11,BOTH,ABOVE,BLOCKED,XUYEN,1,false,false
OPUSDT,463,2025-10-23 12:00,6,BOTH,BELOW,THROUGH,XUYEN,3,true,
OPUSDT,464,2025-10-28 19:15,3,BELOW,BELOW,BLOCKED,CHAN,1,false,true
OPUSDT,465,2025-10-29 18:30,8,BOTH,BELOW,THROUGH,XUYEN,2,true,
OPUSDT,467,2025-10-31 16:45,10,BOTH,BELOW,THROUGH,XUYEN,1,true,
OPUSDT,469,2025-11-04 20:15,5,BOTH,BELOW,THROUGH,XUYEN,3,true,
OPUSDT,470,2025-11-05 23:00,10,BOTH,BELOW,THROUGH,XUYEN,1,true,
OPUSDT,471,2025-11-14 04:30,16,BOTH,BELOW,THROUGH,XUYEN,2,true,
OPUSDT,472,2025-11-16 15:45,19,BOTH,BELOW,THROUGH,XUYEN,1,true,
OPUSDT,473,2025-11-19 23:00,4,BOTH,ABOVE,BLOCKED,XUYEN,1,false,false
OPUSDT,474,2025-11-22 04:00,32,BOTH,BELOW,BLOCKED,XUYEN,1,false,false
OPUSDT,476,2025-11-25 22:00,11,BOTH,BELOW,THROUGH,XUYEN,0,true,
OPUSDT,477,2025-12-01 00:00,29,BOTH,BELOW,BLOCKED,XUYEN,3,false,false
OPUSDT,478,2025-12-06 14:15,1,ABOVE,ABOVE,BLOCKED,CHAN,2,false,
OPUSDT,479,2025-12-06 21:00,23,BOTH,BELOW,THROUGH,XUYEN,1,true,
OPUSDT,480,2025-12-09 15:00,11,BOTH,ABOVE,THROUGH,XUYEN,1,true,
OPUSDT,481,2025-12-13 21:30,9,BOTH,ABOVE,BLOCKED,XUYEN,1,false,false
OPUSDT,482,2025-12-18 17:00,19,BOTH,BELOW,BLOCKED,XUYEN,1,false,false
OPUSDT,483,2025-12-22 00:00,11,BOTH,ABOVE,THROUGH,XUYEN,0,true,
OPUSDT,484,2025-12-27 00:00,1,ABOVE,ABOVE,BLOCKED,CHAN,1,false,
OPUSDT,485,2025-12-29 23:00,6,BELOW,BELOW,BLOCKED,CHAN,2,false,true
OPUSDT,486,2025-12-30 08:00,1,ABOVE,ABOVE,BLOCKED,CHAN,1,false,
OPUSDT,487,2025-12-31 06:00,17,BOTH,ABOVE,BLOCKED,XUYEN,1,false,false
OPUSDT,488,2026-01-02 09:45,4,ABOVE,ABOVE,BLOCKED,CHAN,4,false,true
OPUSDT,489,2026-01-04 00:00,3,ABOVE,ABOVE,BLOCKED,CHAN,1,false,true
OPUSDT,490,2026-01-04 19:00,14,BOTH,BELOW,BLOCKED,XUYEN,0,false,false
OPUSDT,491,2026-01-06 00:00,21,BOTH,BELOW,THROUGH,XUYEN,0,true,
OPUSDT,492,2026-01-08 14:45,2,ABOVE,ABOVE,BLOCKED,CHAN,2,false,true
OPUSDT,493,2026-01-18 05:45,13,BOTH,ABOVE,THROUGH,XUYEN,0,true,
OPUSDT,494,2026-01-22 05:00,1,BELOW,BELOW,BLOCKED,CHAN,0,false,
OPUSDT,495,2026-01-23 14:30,3,BOTH,BELOW,THROUGH,XUYEN,1,true,
OPUSDT,496,2026-01-25 16:00,33,BOTH,BELOW,BLOCKED,XUYEN,1,false,false
OPUSDT,498,2026-01-30 18:15,6,BOTH,BELOW,THROUGH,XUYEN,1,true,
OPUSDT,500,2026-02-01 23:00,27,BOTH,BELOW,THROUGH,XUYEN,1,true,
OPUSDT,501,2026-02-05 20:15,1,BELOW,BELOW,BLOCKED,CHAN,3,false,
OPUSDT,502,2026-02-06 14:30,1,ABOVE,ABOVE,BLOCKED,CHAN,2,false,
OPUSDT,503,2026-02-07 16:00,5,ABOVE,ABOVE,THROUGH,XUYEN,2,true,
OPUSDT,504,2026-02-07 23:00,5,BELOW,BELOW,BLOCKED,CHAN,5,false,true
OPUSDT,505,2026-02-09 21:30,15,BOTH,BELOW,THROUGH,XUYEN,0,true,
OPUSDT,507,2026-02-16 11:00,22,BOTH,BELOW,THROUGH,XUYEN,3,true,
OPUSDT,508,2026-02-18 07:30,3,BOTH,ABOVE,THROUGH,XUYEN,2,true,
OPUSDT,510,2026-02-19 13:00,1,BELOW,BELOW,BLOCKED,CHAN,3,false,
OPUSDT,513,2026-02-23 01:00,28,BOTH,BELOW,BLOCKED,XUYEN,2,false,false
OPUSDT,516,2026-03-05 16:00,8,BELOW,BELOW,BLOCKED,CHAN,4,false,true
OPUSDT,517,2026-03-08 22:00,10,BOTH,BELOW,BLOCKED,XUYEN,0,false,false
OPUSDT,518,2026-03-13 22:00,6,BOTH,BELOW,BLOCKED,XUYEN,2,false,false
OPUSDT,519,2026-03-15 10:00,5,BOTH,ABOVE,THROUGH,XUYEN,0,true,
OPUSDT,520,2026-03-18 04:00,6,BELOW,BELOW,THROUGH,XUYEN,0,true,
OPUSDT,522,2026-03-19 19:00,3,ABOVE,ABOVE,BLOCKED,CHAN,2,false,true
OPUSDT,524,2026-03-21 14:00,4,BOTH,ABOVE,BLOCKED,XUYEN,2,false,false
OPUSDT,526,2026-03-22 18:00,7,BOTH,BELOW,BLOCKED,XUYEN,3,false,false
OPUSDT,527,2026-03-23 11:00,42,BOTH,ABOVE,BLOCKED,XUYEN,1,false,false
OPUSDT,530,2026-03-28 13:30,9,BOTH,ABOVE,BLOCKED,XUYEN,2,false,false
OPUSDT,531,2026-04-01 20:45,32,BOTH,ABOVE,THROUGH,XUYEN,2,true,
OPUSDT,532,2026-04-06 21:00,3,BELOW,BELOW,BLOCKED,XUYEN,3,false,false
OPUSDT,533,2026-04-08 04:00,3,BOTH,ABOVE,THROUGH,XUYEN,2,true,
OPUSDT,535,2026-04-09 05:30,27,BOTH,ABOVE,THROUGH,XUYEN,2,true,
OPUSDT,537,2026-04-12 22:00,6,BOTH,BELOW,BLOCKED,XUYEN,1,false,false
OPUSDT,538,2026-04-14 14:30,3,BOTH,ABOVE,THROUGH,XUYEN,3,true,
OPUSDT,539,2026-04-15 10:00,1,ABOVE,ABOVE,BLOCKED,CHAN,2,false,
OPUSDT,540,2026-04-18 21:30,5,BOTH,ABOVE,THROUGH,XUYEN,0,true,
OPUSDT,541,2026-04-20 03:30,6,BOTH,ABOVE,THROUGH,XUYEN,3,true,
OPUSDT,542,2026-04-20 20:30,8,BOTH,ABOVE,THROUGH,XUYEN,3,true,
OPUSDT,543,2026-04-22 16:30,35,BOTH,ABOVE,BLOCKED,XUYEN,1,false,false
OPUSDT,544,2026-04-28 09:45,14,BOTH,BELOW,BLOCKED,XUYEN,3,false,false
OPUSDT,545,2026-04-29 18:00,14,BOTH,BELOW,BLOCKED,CHAN,3,false,true
OPUSDT,546,2026-05-02 20:00,16,BOTH,ABOVE,BLOCKED,XUYEN,3,false,false
OPUSDT,547,2026-05-12 12:30,9,BOTH,BELOW,BLOCKED,XUYEN,2,false,false
OPUSDT,549,2026-05-16 16:00,3,BOTH,ABOVE,BLOCKED,XUYEN,2,false,false
OPUSDT,550,2026-05-16 20:30,7,BOTH,BELOW,BLOCKED,XUYEN,3,false,false
OPUSDT,552,2026-05-18 11:30,3,BOTH,ABOVE,THROUGH,XUYEN,0,true,
OPUSDT,553,2026-05-18 19:00,12,ABOVE,ABOVE,BLOCKED,CHAN,1,false,true
OPUSDT,554,2026-05-23 07:45,1,BELOW,BELOW,THROUGH,XUYEN,3,true,
OPUSDT,555,2026-05-24 09:00,3,BOTH,ABOVE,THROUGH,XUYEN,2,true,
OPUSDT,556,2026-05-24 20:00,3,BOTH,BELOW,BLOCKED,XUYEN,2,false,false
OPUSDT,557,2026-05-25 15:45,11,BOTH,ABOVE,BLOCKED,XUYEN,3,false,false
OPUSDT,559,2026-05-30 21:00,24,BOTH,ABOVE,THROUGH,XUYEN,2,true,
OPUSDT,560,2026-06-06 04:00,23,BOTH,BELOW,THROUGH,XUYEN,2,true,
OPUSDT,561,2026-06-07 22:00,10,BOTH,ABOVE,THROUGH,XUYEN,1,true,
OPUSDT,562,2026-06-10 04:30,2,BELOW,BELOW,BLOCKED,CHAN,0,false,true
OPUSDT,563,2026-06-10 11:00,16,BOTH,BELOW,THROUGH,XUYEN,0,true,
OPUSDT,564,2026-06-14 10:45,10,BOTH,ABOVE,THROUGH,XUYEN,3,true,
OPUSDT,565,2026-06-14 21:15,7,ABOVE,ABOVE,BLOCKED,CHAN,1,false,true
OPUSDT,567,2026-06-18 09:45,12,BOTH,ABOVE,THROUGH,XUYEN,3,true,
OPUSDT,569,2026-06-20 12:00,7,BOTH,BELOW,BLOCKED,XUYEN,2,false,false
OPUSDT,570,2026-06-21 13:30,11,BOTH,ABOVE,BLOCKED,XUYEN,3,false,false
OPUSDT,571,2026-06-22 11:00,7,BOTH,ABOVE,BLOCKED,CHAN,4,false,true
OPUSDT,573,2026-06-24 04:00,9,BOTH,BELOW,THROUGH,XUYEN,3,true,
OPUSDT,574,2026-06-24 23:00,18,BOTH,ABOVE,BLOCKED,XUYEN,2,false,false
OPUSDT,575,2026-06-27 11:00,2,BELOW,BELOW,BLOCKED,CHAN,4,false,true
OPUSDT,576,2026-06-28 18:15,9,BOTH,ABOVE,BLOCKED,XUYEN,1,false,false
OPUSDT,577,2026-06-29 12:00,6,BOTH,ABOVE,THROUGH,XUYEN,0,true,
OPUSDT,578,2026-06-30 06:30,13,BOTH,ABOVE,THROUGH,XUYEN,0,true,
OPUSDT,579,2026-07-04 05:15,9,BOTH,ABOVE,THROUGH,XUYEN,2,true,
OPUSDT,580,2026-07-04 19:45,2,ABOVE,ABOVE,THROUGH,XUYEN,2,true,
OPUSDT,581,2026-07-05 09:30,7,BOTH,BELOW,BLOCKED,XUYEN,3,false,false
OPUSDT,582,2026-07-06 12:00,3,BOTH,BELOW,THROUGH,XUYEN,5,true,
OPUSDT,583,2026-07-06 21:00,2,ABOVE,ABOVE,THROUGH,XUYEN,2,true,
OPUSDT,584,2026-07-07 18:45,29,BOTH,BELOW,BLOCKED,XUYEN,3,false,false
OPUSDT,585,2026-07-11 19:30,2,ABOVE,ABOVE,THROUGH,XUYEN,3,true,
OPUSDT,586,2026-07-13 05:30,14,BOTH,ABOVE,BLOCKED,XUYEN,1,false,false
OPUSDT,587,2026-07-15 22:30,6,BOTH,ABOVE,THROUGH,XUYEN,0,true,
OPUSDT,589,2026-07-16 16:00,2,BELOW,BELOW,BLOCKED,CHAN,2,false,true
OPUSDT,590,2026-07-19 07:45,4,BELOW,BELOW,THROUGH,XUYEN,2,true,
OPUSDT,591,2026-07-20 05:00,3,BELOW,BELOW,BLOCKED,CHAN,1,false,true
OPUSDT,593,2026-07-21 05:30,6,BOTH,ABOVE,THROUGH,XUYEN,1,true,
OPUSDT,594,2026-07-24 07:00,3,BELOW,BELOW,BLOCKED,CHAN,3,false,true
OPUSDT,595,2026-07-24 13:00,4,BOTH,BELOW,BLOCKED,XUYEN,3,false,false
OPUSDT,597,2026-07-24 23:30,11,BOTH,BELOW,BLOCKED,CHAN,5,false,true
OPUSDT,598,2026-07-25 20:15,11,BOTH,BELOW,THROUGH,XUYEN,0,true,
OPUSDT,599,2026-07-26 11:45,6,BOTH,BELOW,BLOCKED,XUYEN,1,false,false
OPUSDT,600,2026-07-26 19:15,1,ABOVE,ABOVE,BLOCKED,CHAN,4,false,
OPUSDT,601,2026-07-27 09:00,2,BOTH,BELOW,THROUGH,XUYEN,3,true,
OPUSDT,602,2026-07-27 11:45,1,ABOVE,ABOVE,THROUGH,XUYEN,3,true,
OPUSDT,603,2026-07-27 22:00,6,BELOW,BELOW,BLOCKED,CHAN,1,false,true
OPUSDT,605,2026-07-31 06:00,25,BOTH,ABOVE,THROUGH,XUYEN,1,true,
OPUSDT,606,2026-08-06 13:00,18,BOTH,BELOW,THROUGH,XUYEN,2,true,
DOTUSDT,0,2020-11-25 06:30,6,BOTH,ABOVE,BLOCKED,XUYEN,2,false,false
DOTUSDT,1,2020-11-26 07:30,1,BELOW,BELOW,BLOCKED,CHAN,5,false,
DOTUSDT,2,2020-11-26 21:30,18,BOTH,BELOW,THROUGH,XUYEN,3,true,
DOTUSDT,3,2020-11-29 10:45,4,BOTH,ABOVE,THROUGH,XUYEN,3,true,
DOTUSDT,4,2020-11-29 16:00,2,BOTH,BELOW,THROUGH,XUYEN,4,true,
DOTUSDT,5,2020-11-30 06:30,28,BOTH,ABOVE,BLOCKED,XUYEN,0,false,false
DOTUSDT,6,2020-12-03 01:00,9,BOTH,BELOW,THROUGH,XUYEN,1,true,
DOTUSDT,7,2020-12-03 12:00,11,BOTH,ABOVE,BLOCKED,XUYEN,5,false,false
DOTUSDT,9,2020-12-06 22:30,10,BOTH,BELOW,THROUGH,XUYEN,0,true,
DOTUSDT,10,2020-12-08 06:15,1,BELOW,BELOW,THROUGH,XUYEN,1,true,
DOTUSDT,11,2020-12-19 23:00,5,BOTH,BELOW,THROUGH,XUYEN,1,true,
DOTUSDT,12,2020-12-21 18:00,22,BOTH,ABOVE,BLOCKED,XUYEN,0,false,false
DOTUSDT,15,2020-12-26 07:30,15,BOTH,BELOW,THROUGH,XUYEN,2,true,
DOTUSDT,16,2020-12-27 22:30,4,BOTH,BELOW,THROUGH,XUYEN,0,true,
DOTUSDT,17,2021-01-01 15:30,2,BELOW,BELOW,BLOCKED,CHAN,3,false,true
DOTUSDT,18,2021-01-02 00:15,5,BOTH,BELOW,THROUGH,XUYEN,2,true,
DOTUSDT,19,2021-01-03 05:00,15,BOTH,ABOVE,BLOCKED,XUYEN,3,false,false
DOTUSDT,20,2021-01-08 02:15,41,BOTH,BELOW,BLOCKED,XUYEN,2,false,false
DOTUSDT,22,2021-01-19 17:45,17,BOTH,BELOW,BLOCKED,XUYEN,3,false,false
DOTUSDT,23,2021-01-24 12:00,13,BOTH,BELOW,THROUGH,XUYEN,1,true,
DOTUSDT,24,2021-01-28 10:00,18,BOTH,ABOVE,THROUGH,XUYEN,2,true,
DOTUSDT,25,2021-01-31 00:30,17,BOTH,ABOVE,BLOCKED,XUYEN,3,false,false
DOTUSDT,26,2021-02-04 07:15,13,BOTH,ABOVE,THROUGH,XUYEN,1,true,
DOTUSDT,27,2021-02-09 15:45,8,BOTH,BELOW,BLOCKED,XUYEN,3,false,false
DOTUSDT,28,2021-02-10 00:30,15,BOTH,ABOVE,BLOCKED,XUYEN,3,false,false
DOTUSDT,29,2021-02-11 18:00,10,BOTH,BELOW,BLOCKED,XUYEN,2,false,false
DOTUSDT,30,2021-02-13 21:30,1,ABOVE,ABOVE,BLOCKED,CHAN,1,false,
DOTUSDT,32,2021-02-15 01:30,6,BOTH,BELOW,BLOCKED,XUYEN,3,false,false
DOTUSDT,33,2021-02-24 06:00,13,BOTH,BELOW,THROUGH,XUYEN,2,true,
DOTUSDT,34,2021-02-28 12:15,2,BOTH,BELOW,THROUGH,XUYEN,2,true,
DOTUSDT,35,2021-03-05 00:00,28,BOTH,BELOW,BLOCKED,XUYEN,1,false,false
DOTUSDT,37,2021-03-18 10:00,10,BOTH,ABOVE,THROUGH,XUYEN,1,true,
DOTUSDT,39,2021-03-20 01:30,1,ABOVE,ABOVE,BLOCKED,CHAN,2,false,
DOTUSDT,41,2021-03-21 04:45,24,BOTH,BELOW,THROUGH,XUYEN,1,true,
DOTUSDT,42,2021-03-24 22:00,3,BELOW,BELOW,BLOCKED,CHAN,2,false,true
DOTUSDT,43,2021-03-27 21:30,13,BOTH,ABOVE,THROUGH,XUYEN,0,true,
DOTUSDT,44,2021-03-31 07:45,3,BELOW,BELOW,THROUGH,XUYEN,0,true,
DOTUSDT,45,2021-04-05 04:45,14,BOTH,BELOW,THROUGH,XUYEN,1,true,
DOTUSDT,46,2021-04-07 15:30,29,BOTH,BELOW,BLOCKED,XUYEN,3,false,false
DOTUSDT,47,2021-04-25 20:45,1,BELOW,BELOW,THROUGH,XUYEN,1,true,
DOTUSDT,48,2021-04-28 20:00,15,BOTH,BELOW,BLOCKED,XUYEN,2,false,false
DOTUSDT,50,2021-05-02 03:15,8,BOTH,BELOW,BLOCKED,XUYEN,1,false,false
DOTUSDT,51,2021-05-03 13:45,9,BELOW,BELOW,BLOCKED,XUYEN,2,false,false
DOTUSDT,52,2021-05-07 19:00,6,BOTH,BELOW,THROUGH,XUYEN,1,true,
DOTUSDT,53,2021-05-10 19:45,6,BOTH,BELOW,THROUGH,XUYEN,2,true,
DOTUSDT,54,2021-05-12 22:00,41,BOTH,BELOW,THROUGH,XUYEN,1,true,
DOTUSDT,56,2021-05-28 08:45,4,BOTH,BELOW,BLOCKED,XUYEN,3,false,false
DOTUSDT,57,2021-06-01 08:00,36,BOTH,BELOW,BLOCKED,XUYEN,3,false,false
DOTUSDT,58,2021-06-13 20:00,2,ABOVE,ABOVE,BLOCKED,CHAN,1,false,true
DOTUSDT,59,2021-06-15 05:45,1,BELOW,BELOW,BLOCKED,CHAN,2,false,
DOTUSDT,60,2021-06-19 18:00,11,BOTH,BELOW,THROUGH,XUYEN,3,true,
DOTUSDT,61,2021-06-29 04:00,13,BOTH,ABOVE,THROUGH,XUYEN,0,true,
DOTUSDT,62,2021-07-03 21:45,12,BOTH,BELOW,THROUGH,XUYEN,1,true,
DOTUSDT,63,2021-07-06 04:00,46,BOTH,ABOVE,THROUGH,XUYEN,1,true,
DOTUSDT,64,2021-07-10 16:15,15,BOTH,ABOVE,THROUGH,XUYEN,0,true,
DOTUSDT,65,2021-07-14 03:15,15,BOTH,BELOW,BLOCKED,XUYEN,2,false,false
DOTUSDT,66,2021-07-17 06:30,11,BOTH,ABOVE,THROUGH,XUYEN,1,true,
DOTUSDT,67,2021-07-17 19:15,2,ABOVE,ABOVE,BLOCKED,CHAN,2,false,true
DOTUSDT,68,2021-07-18 21:45,6,BOTH,ABOVE,THROUGH,XUYEN,1,true,
DOTUSDT,69,2021-07-22 09:30,7,BOTH,BELOW,THROUGH,XUYEN,1,true,
DOTUSDT,70,2021-07-25 01:45,12,BOTH,BELOW,THROUGH,XUYEN,2,true,
DOTUSDT,71,2021-07-29 19:45,2,ABOVE,ABOVE,BLOCKED,CHAN,2,false,true
DOTUSDT,72,2021-07-30 08:30,1,BELOW,BELOW,THROUGH,XUYEN,2,true,
DOTUSDT,73,2021-08-01 00:30,13,ABOVE,ABOVE,BLOCKED,CHAN,2,false,true
DOTUSDT,74,2021-08-13 20:00,1,ABOVE,ABOVE,BLOCKED,CHAN,1,false,
DOTUSDT,75,2021-08-18 15:45,12,BOTH,ABOVE,THROUGH,XUYEN,3,true,
DOTUSDT,76,2021-08-20 10:15,5,ABOVE,ABOVE,BLOCKED,XUYEN,1,false,false
DOTUSDT,77,2021-08-24 03:00,6,BOTH,ABOVE,BLOCKED,XUYEN,1,false,false
DOTUSDT,79,2021-08-26 12:00,14,BOTH,BELOW,THROUGH,XUYEN,2,true,
DOTUSDT,80,2021-08-27 20:00,1,ABOVE,ABOVE,BLOCKED,CHAN,2,false,
DOTUSDT,81,2021-08-28 05:30,24,BOTH,BELOW,THROUGH,XUYEN,2,true,
DOTUSDT,82,2021-09-04 10:45,14,BOTH,BELOW,BLOCKED,XUYEN,2,false,false
DOTUSDT,83,2021-09-06 20:15,7,BOTH,BELOW,THROUGH,XUYEN,1,true,
DOTUSDT,84,2021-09-08 21:45,7,BOTH,BELOW,THROUGH,XUYEN,1,true,
DOTUSDT,85,2021-09-09 05:15,1,ABOVE,ABOVE,BLOCKED,CHAN,2,false,
DOTUSDT,86,2021-09-10 14:00,4,BOTH,BELOW,BLOCKED,XUYEN,2,false,false
DOTUSDT,87,2021-09-17 22:45,2,BOTH,BELOW,THROUGH,XUYEN,2,true,
DOTUSDT,88,2021-09-18 20:00,3,BOTH,BELOW,THROUGH,XUYEN,4,true,
DOTUSDT,89,2021-09-20 07:30,77,BOTH,BELOW,BLOCKED,XUYEN,4,false,false
DOTUSDT,90,2021-10-07 08:45,4,ABOVE,ABOVE,BLOCKED,CHAN,3,false,true
DOTUSDT,91,2021-10-12 09:45,4,BOTH,BELOW,THROUGH,XUYEN,2,true,
DOTUSDT,92,2021-10-13 05:30,7,BELOW,BELOW,BLOCKED,XUYEN,0,false,false
DOTUSDT,94,2021-10-14 09:45,6,BOTH,ABOVE,BLOCKED,XUYEN,2,false,false
DOTUSDT,95,2021-10-15 05:00,6,BOTH,ABOVE,THROUGH,XUYEN,2,true,
DOTUSDT,96,2021-10-16 12:30,8,BOTH,BELOW,BLOCKED,XUYEN,2,false,false
DOTUSDT,97,2021-10-21 06:00,46,BOTH,BELOW,THROUGH,XUYEN,3,true,
DOTUSDT,98,2021-10-25 17:15,11,BOTH,ABOVE,BLOCKED,XUYEN,4,false,false
DOTUSDT,100,2021-10-28 18:30,28,BOTH,BELOW,THROUGH,XUYEN,1,true,
DOTUSDT,101,2021-11-01 02:15,2,BOTH,BELOW,THROUGH,XUYEN,1,true,
DOTUSDT,103,2021-11-03 06:30,13,BOTH,ABOVE,THROUGH,XUYEN,1,true,
DOTUSDT,105,2021-11-07 13:45,25,BOTH,ABOVE,THROUGH,XUYEN,2,true,
DOTUSDT,107,2021-11-12 01:00,1,BELOW,BELOW,THROUGH,XUYEN,1,true,
DOTUSDT,108,2021-11-15 21:00,3,BELOW,BELOW,BLOCKED,CHAN,3,false,true
DOTUSDT,110,2021-11-16 10:00,11,BOTH,BELOW,THROUGH,XUYEN,3,true,
DOTUSDT,111,2021-11-18 04:30,4,BELOW,BELOW,BLOCKED,CHAN,3,false,true
DOTUSDT,112,2021-11-19 22:45,8,BOTH,BELOW,THROUGH,XUYEN,1,true,
DOTUSDT,113,2021-11-20 15:00,26,BOTH,BELOW,THROUGH,XUYEN,2,true,
DOTUSDT,114,2021-11-24 13:45,11,BOTH,BELOW,BLOCKED,XUYEN,3,false,false
DOTUSDT,115,2021-11-26 07:30,9,BOTH,BELOW,THROUGH,XUYEN,1,true,
DOTUSDT,116,2021-12-02 03:00,10,BOTH,BELOW,BLOCKED,XUYEN,1,false,false
DOTUSDT,117,2021-12-05 14:00,10,BOTH,BELOW,BLOCKED,XUYEN,2,false,false
DOTUSDT,118,2021-12-07 15:15,7,BOTH,ABOVE,BLOCKED,XUYEN,4,false,false
DOTUSDT,119,2021-12-08 10:30,10,BOTH,BELOW,THROUGH,XUYEN,2,true,
DOTUSDT,120,2021-12-12 17:00,6,BOTH,ABOVE,THROUGH,XUYEN,1,true,
DOTUSDT,121,2021-12-19 09:00,11,BOTH,BELOW,BLOCKED,XUYEN,2,false,false
DOTUSDT,122,2021-12-26 15:15,9,BOTH,ABOVE,THROUGH,XUYEN,1,true,
DOTUSDT,123,2021-12-31 08:15,23,BOTH,ABOVE,THROUGH,XUYEN,1,true,
DOTUSDT,124,2022-01-07 13:30,28,BOTH,BELOW,THROUGH,XUYEN,3,true,
DOTUSDT,125,2022-01-12 11:30,6,BOTH,ABOVE,BLOCKED,XUYEN,1,false,false
DOTUSDT,126,2022-01-15 12:30,4,BOTH,BELOW,THROUGH,XUYEN,2,true,
DOTUSDT,127,2022-01-17 21:15,6,BOTH,BELOW,THROUGH,XUYEN,1,true,
DOTUSDT,128,2022-01-18 08:00,7,BOTH,BELOW,BLOCKED,XUYEN,1,false,false
DOTUSDT,130,2022-01-23 23:00,2,BOTH,ABOVE,THROUGH,XUYEN,2,true,
DOTUSDT,131,2022-01-24 08:45,3,BOTH,BELOW,THROUGH,XUYEN,2,true,
DOTUSDT,132,2022-01-26 04:45,18,BOTH,ABOVE,THROUGH,XUYEN,3,true,
DOTUSDT,133,2022-01-29 20:30,32,BOTH,ABOVE,BLOCKED,XUYEN,4,false,false
DOTUSDT,134,2022-02-05 09:45,4,BELOW,BELOW,BLOCKED,XUYEN,2,false,false
DOTUSDT,137,2022-02-07 13:45,16,BOTH,BELOW,THROUGH,XUYEN,0,true,
DOTUSDT,138,2022-02-13 18:30,6,BOTH,BELOW,THROUGH,XUYEN,1,true,
DOTUSDT,139,2022-02-18 07:15,4,BOTH,ABOVE,THROUGH,XUYEN,3,true,
DOTUSDT,140,2022-02-20 22:45,5,BOTH,ABOVE,BLOCKED,XUYEN,0,false,false
DOTUSDT,141,2022-02-22 03:00,24,BOTH,BELOW,BLOCKED,XUYEN,2,false,false
DOTUSDT,142,2022-02-24 02:45,17,BOTH,BELOW,THROUGH,XUYEN,1,true,
DOTUSDT,144,2022-02-26 11:30,30,BOTH,ABOVE,BLOCKED,XUYEN,3,false,false
DOTUSDT,146,2022-03-05 05:45,6,BOTH,ABOVE,BLOCKED,XUYEN,1,false,false
DOTUSDT,147,2022-03-07 12:00,8,BOTH,ABOVE,THROUGH,XUYEN,1,true,
DOTUSDT,148,2022-03-10 13:30,8,BOTH,BELOW,THROUGH,XUYEN,2,true,
DOTUSDT,149,2022-03-13 22:45,7,BELOW,BELOW,BLOCKED,CHAN,2,false,true
DOTUSDT,150,2022-03-15 07:00,4,BOTH,BELOW,BLOCKED,XUYEN,2,false,false
DOTUSDT,151,2022-03-16 18:00,3,BOTH,BELOW,THROUGH,XUYEN,2,true,
DOTUSDT,153,2022-03-20 17:30,15,BOTH,BELOW,THROUGH,XUYEN,3,true,
DOTUSDT,155,2022-03-22 19:45,8,BOTH,BELOW,THROUGH,XUYEN,0,true,
DOTUSDT,156,2022-03-27 20:30,12,BOTH,ABOVE,THROUGH,XUYEN,1,true,
DOTUSDT,157,2022-04-02 18:00,35,BOTH,BELOW,THROUGH,XUYEN,1,true,
DOTUSDT,158,2022-04-05 16:00,7,BOTH,ABOVE,THROUGH,XUYEN,1,true,
DOTUSDT,159,2022-04-13 08:00,12,BOTH,ABOVE,THROUGH,XUYEN,3,true,
DOTUSDT,160,2022-04-16 01:15,5,BOTH,ABOVE,THROUGH,XUYEN,0,true,
DOTUSDT,161,2022-04-16 06:00,50,BOTH,BELOW,BLOCKED,XUYEN,3,false,false
DOTUSDT,163,2022-04-25 13:30,3,BOTH,BELOW,THROUGH,XUYEN,2,true,
DOTUSDT,164,2022-04-25 18:45,2,ABOVE,ABOVE,BLOCKED,XUYEN,3,false,false
DOTUSDT,166,2022-04-30 22:00,13,BOTH,BELOW,BLOCKED,XUYEN,1,false,false
DOTUSDT,167,2022-05-06 13:30,9,BOTH,BELOW,THROUGH,XUYEN,2,true,
DOTUSDT,168,2022-05-06 21:00,8,BOTH,ABOVE,THROUGH,XUYEN,4,true,
DOTUSDT,169,2022-05-08 17:00,4,BOTH,BELOW,BLOCKED,XUYEN,3,false,false
DOTUSDT,170,2022-05-08 22:00,4,BELOW,BELOW,BLOCKED,CHAN,5,false,true
DOTUSDT,171,2022-05-11 12:30,44,BOTH,BELOW,BLOCKED,XUYEN,1,false,false
DOTUSDT,172,2022-05-18 23:15,34,BOTH,BELOW,BLOCKED,XUYEN,3,false,false
DOTUSDT,173,2022-05-24 18:00,21,BOTH,ABOVE,BLOCKED,XUYEN,3,false,false
DOTUSDT,174,2022-05-29 22:00,15,BOTH,BELOW,THROUGH,XUYEN,0,true,
DOTUSDT,175,2022-06-07 11:00,34,BOTH,BELOW,THROUGH,XUYEN,0,true,
DOTUSDT,176,2022-06-10 03:00,4,BOTH,ABOVE,THROUGH,XUYEN,1,true,
DOTUSDT,179,2022-06-14 20:15,12,BOTH,BELOW,THROUGH,XUYEN,2,true,
DOTUSDT,180,2022-06-15 23:45,3,BOTH,ABOVE,BLOCKED,XUYEN,3,false,false
DOTUSDT,181,2022-06-16 19:30,27,BOTH,BELOW,THROUGH,XUYEN,3,true,
DOTUSDT,182,2022-06-18 06:45,11,BOTH,BELOW,BLOCKED,XUYEN,1,false,false
DOTUSDT,184,2022-06-25 15:45,16,BOTH,BELOW,THROUGH,XUYEN,3,true,
DOTUSDT,186,2022-06-27 18:00,12,BOTH,BELOW,THROUGH,XUYEN,2,true,
DOTUSDT,187,2022-07-01 10:30,18,BOTH,BELOW,BLOCKED,XUYEN,1,false,false
DOTUSDT,188,2022-07-02 18:45,8,BOTH,ABOVE,BLOCKED,XUYEN,3,false,false
DOTUSDT,189,2022-07-03 04:45,1,BELOW,BELOW,BLOCKED,CHAN,2,false,
DOTUSDT,190,2022-07-03 19:00,6,BOTH,ABOVE,THROUGH,XUYEN,2,true,
DOTUSDT,191,2022-07-04 15:00,4,ABOVE,ABOVE,BLOCKED,CHAN,4,false,true
DOTUSDT,192,2022-07-05 02:30,1,BELOW,BELOW,BLOCKED,CHAN,1,false,
DOTUSDT,193,2022-07-06 18:00,5,BOTH,BELOW,THROUGH,XUYEN,0,true,
DOTUSDT,194,2022-07-06 22:00,19,BOTH,ABOVE,BLOCKED,XUYEN,4,false,false
DOTUSDT,196,2022-07-12 23:45,6,BOTH,BELOW,THROUGH,XUYEN,2,true,
DOTUSDT,197,2022-07-13 12:15,11,BOTH,ABOVE,THROUGH,XUYEN,1,true,
DOTUSDT,198,2022-07-20 20:00,6,BOTH,BELOW,THROUGH,XUYEN,1,true,
DOTUSDT,199,2022-07-22 19:30,1,BELOW,BELOW,BLOCKED,CHAN,1,false,
DOTUSDT,200,2022-07-25 19:00,2,BOTH,BELOW,THROUGH,XUYEN,1,true,
DOTUSDT,201,2022-07-26 11:45,8,BOTH,BELOW,THROUGH,XUYEN,0,true,
DOTUSDT,202,2022-08-01 22:00,26,BOTH,BELOW,THROUGH,XUYEN,2,true,
DOTUSDT,204,2022-08-16 18:00,6,BOTH,ABOVE,THROUGH,XUYEN,0,true,
DOTUSDT,205,2022-08-17 18:00,19,BOTH,ABOVE,THROUGH,XUYEN,3,true,
DOTUSDT,207,2022-08-21 20:45,2,ABOVE,ABOVE,THROUGH,XUYEN,0,true,
DOTUSDT,208,2022-08-22 06:30,11,BOTH,BELOW,BLOCKED,XUYEN,1,false,false
DOTUSDT,209,2022-08-27 05:00,16,BOTH,BELOW,THROUGH,XUYEN,2,true,
DOTUSDT,211,2022-08-30 12:00,1,BELOW,BELOW,BLOCKED,CHAN,2,false,
DOTUSDT,212,2022-08-30 19:00,10,BOTH,ABOVE,THROUGH,XUYEN,1,true,
DOTUSDT,214,2022-09-04 00:00,12,BOTH,ABOVE,BLOCKED,XUYEN,1,false,false
DOTUSDT,216,2022-09-05 18:00,1,BELOW,BELOW,THROUGH,XUYEN,1,true,
DOTUSDT,217,2022-09-06 17:00,1,BELOW,BELOW,THROUGH,XUYEN,1,true,
DOTUSDT,218,2022-09-10 12:15,14,BOTH,BELOW,THROUGH,XUYEN,3,true,
DOTUSDT,219,2022-09-11 12:30,8,BOTH,ABOVE,BLOCKED,XUYEN,1,false,false
DOTUSDT,220,2022-09-11 21:45,25,BOTH,BELOW,BLOCKED,XUYEN,3,false,false
DOTUSDT,221,2022-09-14 07:45,15,BOTH,BELOW,THROUGH,XUYEN,0,true,
DOTUSDT,224,2022-09-19 02:15,1,BELOW,BELOW,BLOCKED,CHAN,2,false,
DOTUSDT,225,2022-09-20 13:15,28,BOTH,BELOW,THROUGH,XUYEN,2,true,
DOTUSDT,226,2022-09-23 21:00,17,BOTH,BELOW,THROUGH,XUYEN,1,true,
DOTUSDT,227,2022-09-24 18:45,8,BOTH,ABOVE,BLOCKED,XUYEN,5,false,false
DOTUSDT,228,2022-09-27 00:00,1,ABOVE,ABOVE,THROUGH,XUYEN,1,true,
DOTUSDT,229,2022-09-29 21:00,18,BOTH,ABOVE,THROUGH,XUYEN,3,true,
DOTUSDT,230,2022-10-02 19:00,13,BOTH,ABOVE,THROUGH,XUYEN,1,true,
DOTUSDT,231,2022-10-09 07:00,5,BOTH,ABOVE,THROUGH,XUYEN,1,true,
DOTUSDT,233,2022-10-11 18:45,1,BELOW,BELOW,BLOCKED,CHAN,1,false,
DOTUSDT,234,2022-10-12 04:00,9,BOTH,ABOVE,BLOCKED,XUYEN,3,false,false
DOTUSDT,235,2022-10-13 06:30,27,BOTH,BELOW,THROUGH,XUYEN,2,true,
DOTUSDT,236,2022-10-16 19:30,10,BOTH,ABOVE,BLOCKED,XUYEN,0,false,false
DOTUSDT,237,2022-10-17 21:30,6,BOTH,ABOVE,THROUGH,XUYEN,2,true,
DOTUSDT,238,2022-10-18 18:30,10,BOTH,BELOW,THROUGH,XUYEN,2,true,
DOTUSDT,239,2022-10-19 13:30,1,BELOW,BELOW,THROUGH,XUYEN,0,true,
DOTUSDT,241,2022-10-23 11:00,1,BELOW,BELOW,THROUGH,XUYEN,3,true,
DOTUSDT,242,2022-10-23 22:00,8,BOTH,ABOVE,THROUGH,XUYEN,1,true,
DOTUSDT,243,2022-10-24 21:30,2,ABOVE,ABOVE,BLOCKED,CHAN,2,false,true
DOTUSDT,244,2022-10-26 08:30,6,BOTH,ABOVE,THROUGH,XUYEN,1,true,
DOTUSDT,245,2022-10-26 22:00,17,BOTH,ABOVE,THROUGH,XUYEN,0,true,
DOTUSDT,246,2022-10-30 22:00,25,BOTH,BELOW,THROUGH,XUYEN,0,true,
DOTUSDT,248,2022-11-06 05:15,12,BOTH,BELOW,THROUGH,XUYEN,3,true,
DOTUSDT,249,2022-11-10 13:30,65,BOTH,ABOVE,THROUGH,XUYEN,2,true,
DOTUSDT,253,2022-11-23 08:00,18,BOTH,ABOVE,THROUGH,XUYEN,2,true,
DOTUSDT,256,2022-11-30 17:15,12,BOTH,BELOW,THROUGH,XUYEN,2,true,
DOTUSDT,257,2022-12-01 13:30,9,BOTH,BELOW,THROUGH,XUYEN,1,true,
DOTUSDT,258,2022-12-04 07:45,5,BOTH,ABOVE,THROUGH,XUYEN,2,true,
DOTUSDT,261,2022-12-09 18:00,1,BELOW,BELOW,BLOCKED,CHAN,1,false,
DOTUSDT,262,2022-12-11 18:45,1,ABOVE,ABOVE,THROUGH,XUYEN,1,true,
DOTUSDT,263,2022-12-11 20:15,20,BOTH,BELOW,THROUGH,XUYEN,2,true,
DOTUSDT,265,2022-12-25 14:30,3,BOTH,BELOW,THROUGH,XUYEN,2,true,
DOTUSDT,266,2022-12-25 19:00,3,BOTH,BELOW,THROUGH,XUYEN,2,true,
DOTUSDT,267,2022-12-27 03:00,11,BOTH,BELOW,BLOCKED,XUYEN,2,false,false
DOTUSDT,269,2022-12-28 05:30,4,BOTH,BELOW,THROUGH,XUYEN,1,true,
DOTUSDT,270,2023-01-02 16:30,19,BOTH,ABOVE,THROUGH,XUYEN,2,true,
DOTUSDT,271,2023-01-07 19:45,4,BOTH,ABOVE,THROUGH,XUYEN,1,true,
DOTUSDT,273,2023-01-10 22:00,1,BELOW,BELOW,BLOCKED,CHAN,1,false,
DOTUSDT,274,2023-01-11 15:30,2,BOTH,BELOW,THROUGH,XUYEN,0,true,
DOTUSDT,275,2023-01-14 06:45,12,ABOVE,ABOVE,BLOCKED,CHAN,3,false,true
DOTUSDT,276,2023-01-16 08:00,16,BOTH,BELOW,THROUGH,XUYEN,1,true,
DOTUSDT,277,2023-01-18 13:30,1,ABOVE,ABOVE,THROUGH,XUYEN,1,true,
DOTUSDT,278,2023-01-18 20:30,15,BOTH,BELOW,THROUGH,XUYEN,3,true,
DOTUSDT,279,2023-01-21 20:30,22,BOTH,ABOVE,THROUGH,XUYEN,2,true,
DOTUSDT,280,2023-01-24 21:45,34,BOTH,BELOW,BLOCKED,XUYEN,1,false,false
DOTUSDT,281,2023-01-30 19:00,7,BOTH,BELOW,BLOCKED,XUYEN,1,false,false
DOTUSDT,282,2023-01-31 21:15,10,BOTH,BELOW,BLOCKED,XUYEN,2,false,false
DOTUSDT,283,2023-02-02 09:15,1,ABOVE,ABOVE,BLOCKED,CHAN,1,false,
DOTUSDT,284,2023-02-02 16:15,6,BOTH,ABOVE,BLOCKED,XUYEN,3,false,false
DOTUSDT,286,2023-02-05 12:45,1,BELOW,BELOW,BLOCKED,CHAN,1,false,
DOTUSDT,287,2023-02-06 23:00,11,BOTH,BELOW,THROUGH,XUYEN,2,true,
DOTUSDT,288,2023-02-11 21:45,24,BOTH,ABOVE,THROUGH,XUYEN,1,true,
DOTUSDT,289,2023-02-17 04:00,41,BOTH,ABOVE,BLOCKED,XUYEN,1,false,false
DOTUSDT,290,2023-02-28 19:15,5,BOTH,BELOW,THROUGH,XUYEN,1,true,
DOTUSDT,291,2023-03-01 19:45,4,BOTH,BELOW,THROUGH,XUYEN,3,true,
DOTUSDT,292,2023-03-02 18:30,1,ABOVE,ABOVE,BLOCKED,CHAN,2,false,
DOTUSDT,294,2023-03-03 13:45,16,BOTH,ABOVE,BLOCKED,XUYEN,2,false,false
DOTUSDT,295,2023-03-08 13:45,11,BOTH,BELOW,BLOCKED,XUYEN,2,false,false
DOTUSDT,296,2023-03-09 18:30,2,BELOW,BELOW,BLOCKED,CHAN,3,false,true
DOTUSDT,298,2023-03-12 22:15,2,ABOVE,ABOVE,BLOCKED,CHAN,2,false,true
DOTUSDT,299,2023-03-14 05:00,15,BOTH,ABOVE,THROUGH,XUYEN,2,true,
DOTUSDT,300,2023-03-20 13:30,1,BELOW,BELOW,BLOCKED,CHAN,2,false,
DOTUSDT,301,2023-03-21 05:30,18,BOTH,BELOW,THROUGH,XUYEN,0,true,
DOTUSDT,302,2023-03-23 14:45,2,ABOVE,ABOVE,BLOCKED,CHAN,1,false,true
DOTUSDT,303,2023-03-24 11:45,3,BELOW,BELOW,BLOCKED,CHAN,2,false,true
DOTUSDT,305,2023-03-26 13:30,23,BOTH,ABOVE,THROUGH,XUYEN,1,true,
DOTUSDT,306,2023-03-31 12:30,1,ABOVE,ABOVE,BLOCKED,CHAN,1,false,
DOTUSDT,307,2023-04-02 15:00,1,BELOW,BELOW,BLOCKED,CHAN,2,false,
DOTUSDT,308,2023-04-03 01:30,3,BOTH,BELOW,THROUGH,XUYEN,2,true,
DOTUSDT,310,2023-04-08 17:30,13,BOTH,BELOW,THROUGH,XUYEN,1,true,
DOTUSDT,311,2023-04-10 22:00,5,BOTH,ABOVE,THROUGH,XUYEN,1,true,
DOTUSDT,313,2023-04-14 00:30,11,BOTH,ABOVE,BLOCKED,XUYEN,1,false,false
DOTUSDT,314,2023-04-17 11:30,14,BOTH,ABOVE,THROUGH,XUYEN,2,true,
DOTUSDT,317,2023-04-23 23:30,4,BOTH,BELOW,THROUGH,XUYEN,3,true,
DOTUSDT,318,2023-04-24 13:30,17,BOTH,ABOVE,THROUGH,XUYEN,2,true,
DOTUSDT,319,2023-04-27 06:45,3,BELOW,BELOW,BLOCKED,CHAN,4,false,true
DOTUSDT,320,2023-04-27 12:30,17,BOTH,BELOW,BLOCKED,XUYEN,4,false,false
DOTUSDT,321,2023-04-29 17:30,13,BOTH,BELOW,THROUGH,XUYEN,1,true,
DOTUSDT,323,2023-05-05 12:30,10,BOTH,BELOW,THROUGH,XUYEN,2,true,
DOTUSDT,324,2023-05-08 07:30,6,BELOW,BELOW,BLOCKED,CHAN,2,false,true
DOTUSDT,325,2023-05-09 01:00,14,BOTH,ABOVE,THROUGH,XUYEN,3,true,
DOTUSDT,326,2023-05-10 05:45,2,BELOW,BELOW,BLOCKED,XUYEN,2,false,false
DOTUSDT,327,2023-05-10 17:00,4,BOTH,BELOW,THROUGH,XUYEN,1,true,
DOTUSDT,328,2023-05-12 05:45,11,BOTH,BELOW,THROUGH,XUYEN,3,true,
DOTUSDT,329,2023-05-14 15:00,17,BOTH,ABOVE,THROUGH,XUYEN,0,true,
DOTUSDT,330,2023-05-16 12:30,22,BOTH,BELOW,THROUGH,XUYEN,3,true,
DOTUSDT,331,2023-05-19 05:00,26,BOTH,ABOVE,THROUGH,XUYEN,3,true,
DOTUSDT,332,2023-05-21 15:30,5,BOTH,BELOW,BLOCKED,XUYEN,1,false,false
DOTUSDT,333,2023-05-24 13:45,7,BOTH,BELOW,BLOCKED,XUYEN,2,false,false
DOTUSDT,334,2023-05-26 12:30,4,BOTH,BELOW,THROUGH,XUYEN,2,true,
DOTUSDT,337,2023-06-01 19:30,10,BOTH,BELOW,BLOCKED,XUYEN,3,false,false
DOTUSDT,338,2023-06-03 19:45,5,BOTH,BELOW,THROUGH,XUYEN,2,true,
DOTUSDT,340,2023-06-06 12:00,10,BOTH,BELOW,THROUGH,XUYEN,2,true,
DOTUSDT,342,2023-06-10 17:00,5,ABOVE,ABOVE,BLOCKED,CHAN,2,false,true
DOTUSDT,343,2023-06-11 13:45,14,BOTH,BELOW,BLOCKED,XUYEN,3,false,false
DOTUSDT,344,2023-06-17 05:30,5,BOTH,ABOVE,BLOCKED,XUYEN,1,false,false
DOTUSDT,346,2023-06-23 06:00,6,BOTH,ABOVE,BLOCKED,XUYEN,1,false,false
DOTUSDT,347,2023-06-25 07:45,34,BOTH,ABOVE,BLOCKED,XUYEN,2,false,false
DOTUSDT,348,2023-06-28 17:00,12,BOTH,BELOW,THROUGH,XUYEN,1,true,
DOTUSDT,349,2023-06-30 13:30,9,BOTH,BELOW,BLOCKED,XUYEN,2,false,false
DOTUSDT,352,2023-07-08 18:00,6,BOTH,BELOW,THROUGH,XUYEN,2,true,
DOTUSDT,353,2023-07-10 00:00,7,BOTH,BELOW,BLOCKED,XUYEN,1,false,false
DOTUSDT,354,2023-07-12 19:15,1,BELOW,BELOW,BLOCKED,CHAN,1,false,
DOTUSDT,355,2023-07-13 09:00,1,ABOVE,ABOVE,BLOCKED,CHAN,3,false,
DOTUSDT,357,2023-07-14 00:00,9,BOTH,ABOVE,BLOCKED,XUYEN,1,false,false
DOTUSDT,358,2023-07-16 02:15,3,BELOW,BELOW,BLOCKED,CHAN,1,false,true
DOTUSDT,359,2023-07-20 02:00,3,ABOVE,ABOVE,THROUGH,XUYEN,2,true,
DOTUSDT,360,2023-07-22 06:15,3,BELOW,BELOW,BLOCKED,CHAN,2,false,true
DOTUSDT,361,2023-07-22 23:15,6,BOTH,BELOW,THROUGH,XUYEN,1,true,
DOTUSDT,364,2023-07-27 07:45,11,BOTH,ABOVE,BLOCKED,XUYEN,2,false,false
DOTUSDT,365,2023-07-30 10:00,6,BOTH,BELOW,BLOCKED,XUYEN,2,false,false
DOTUSDT,366,2023-07-30 19:45,9,BOTH,BELOW,BLOCKED,XUYEN,3,false,false
DOTUSDT,367,2023-07-31 19:45,1,BELOW,BELOW,BLOCKED,CHAN,2,false,
DOTUSDT,368,2023-08-01 02:00,14,BOTH,BELOW,BLOCKED,XUYEN,2,false,false
DOTUSDT,369,2023-08-03 22:00,19,BOTH,BELOW,BLOCKED,XUYEN,3,false,false
DOTUSDT,370,2023-08-06 02:00,3,BOTH,ABOVE,THROUGH,XUYEN,1,true,
DOTUSDT,371,2023-08-06 20:45,20,BOTH,ABOVE,THROUGH,XUYEN,1,true,
DOTUSDT,372,2023-08-10 12:30,25,BOTH,ABOVE,THROUGH,XUYEN,2,true,
DOTUSDT,373,2023-08-13 03:00,9,BOTH,ABOVE,THROUGH,XUYEN,1,true,
DOTUSDT,374,2023-08-14 04:00,3,ABOVE,ABOVE,BLOCKED,CHAN,2,false,true
DOTUSDT,375,2023-08-14 09:30,7,BOTH,BELOW,THROUGH,XUYEN,2,true,
DOTUSDT,376,2023-08-15 00:00,4,BOTH,BELOW,THROUGH,XUYEN,1,true,
DOTUSDT,377,2023-08-15 18:00,1,BELOW,BELOW,BLOCKED,CHAN,3,false,
DOTUSDT,379,2023-08-16 03:00,1,BELOW,BELOW,BLOCKED,CHAN,1,false,
DOTUSDT,380,2023-08-16 20:15,2,BOTH,BELOW,THROUGH,XUYEN,2,true,
DOTUSDT,381,2023-08-17 04:15,7,BOTH,ABOVE,THROUGH,XUYEN,3,true,
DOTUSDT,383,2023-08-20 05:00,19,BOTH,BELOW,THROUGH,XUYEN,3,true,
DOTUSDT,384,2023-08-21 15:15,8,BOTH,BELOW,BLOCKED,XUYEN,4,false,false
DOTUSDT,385,2023-08-22 08:30,3,BELOW,BELOW,BLOCKED,CHAN,2,false,true
DOTUSDT,386,2023-08-22 21:15,1,BELOW,BELOW,THROUGH,XUYEN,2,true,
DOTUSDT,387,2023-08-23 12:30,17,BOTH,BELOW,THROUGH,XUYEN,2,true,
DOTUSDT,388,2023-08-25 03:15,8,BOTH,BELOW,BLOCKED,XUYEN,2,false,false
DOTUSDT,389,2023-08-27 06:15,14,BOTH,BELOW,THROUGH,XUYEN,0,true,
DOTUSDT,390,2023-09-02 12:00,8,BOTH,BELOW,THROUGH,XUYEN,0,true,
DOTUSDT,391,2023-09-04 01:45,1,ABOVE,ABOVE,BLOCKED,CHAN,2,false,
DOTUSDT,392,2023-09-04 06:30,5,BOTH,ABOVE,BLOCKED,XUYEN,4,false,false
DOTUSDT,393,2023-09-04 23:00,2,ABOVE,ABOVE,BLOCKED,CHAN,2,false,true
DOTUSDT,394,2023-09-06 05:00,9,BOTH,BELOW,BLOCKED,XUYEN,2,false,false
DOTUSDT,395,2023-09-06 17:00,5,BOTH,BELOW,THROUGH,XUYEN,2,true,
DOTUSDT,396,2023-09-06 22:00,15,BOTH,ABOVE,BLOCKED,XUYEN,3,false,false
DOTUSDT,398,2023-09-08 20:45,9,BOTH,BELOW,THROUGH,XUYEN,3,true,
DOTUSDT,399,2023-09-10 04:15,1,BELOW,BELOW,BLOCKED,CHAN,1,false,
DOTUSDT,400,2023-09-11 04:45,2,BOTH,BELOW,THROUGH,XUYEN,2,true,
DOTUSDT,401,2023-09-11 14:00,7,BELOW,BELOW,BLOCKED,XUYEN,3,false,false
DOTUSDT,402,2023-09-12 08:45,8,BOTH,BELOW,THROUGH,XUYEN,2,true,
DOTUSDT,403,2023-09-13 07:30,3,ABOVE,ABOVE,BLOCKED,CHAN,0,false,true
DOTUSDT,404,2023-09-15 02:00,7,BOTH,ABOVE,THROUGH,XUYEN,2,true,
DOTUSDT,405,2023-09-15 21:00,14,BOTH,ABOVE,BLOCKED,XUYEN,2,false,false
DOTUSDT,406,2023-09-17 20:30,18,BOTH,BELOW,THROUGH,XUYEN,1,true,
DOTUSDT,407,2023-09-20 19:15,6,BOTH,BELOW,BLOCKED,XUYEN,1,false,false
DOTUSDT,408,2023-09-23 00:00,34,BOTH,ABOVE,THROUGH,XUYEN,1,true,
DOTUSDT,409,2023-09-25 05:30,38,BOTH,ABOVE,THROUGH,XUYEN,2,true,
DOTUSDT,410,2023-10-01 22:15,3,BOTH,ABOVE,THROUGH,XUYEN,1,true,
DOTUSDT,412,2023-10-05 09:15,19,BOTH,ABOVE,BLOCKED,XUYEN,1,false,false
DOTUSDT,413,2023-10-08 22:00,7,BOTH,BELOW,BLOCKED,XUYEN,2,false,false
DOTUSDT,415,2023-10-09 20:00,10,BOTH,BELOW,THROUGH,XUYEN,2,true,
DOTUSDT,418,2023-10-12 16:15,9,BOTH,BELOW,BLOCKED,XUYEN,2,false,false
DOTUSDT,419,2023-10-13 20:45,3,ABOVE,ABOVE,BLOCKED,CHAN,2,false,true
DOTUSDT,420,2023-10-16 05:15,8,BOTH,ABOVE,BLOCKED,XUYEN,1,false,false
DOTUSDT,421,2023-10-17 13:45,3,BELOW,BELOW,BLOCKED,CHAN,2,false,true
DOTUSDT,422,2023-10-17 18:45,6,BELOW,BELOW,BLOCKED,CHAN,3,false,true
DOTUSDT,423,2023-10-18 04:45,7,BOTH,ABOVE,BLOCKED,XUYEN,3,false,false
DOTUSDT,425,2023-10-19 10:00,4,ABOVE,ABOVE,BLOCKED,CHAN,1,false,true
DOTUSDT,426,2023-10-20 00:00,1,ABOVE,ABOVE,BLOCKED,CHAN,1,false,
DOTUSDT,427,2023-10-22 07:30,2,BOTH,BELOW,THROUGH,XUYEN,1,true,
DOTUSDT,428,2023-10-28 12:45,11,BOTH,BELOW,BLOCKED,XUYEN,2,false,false
DOTUSDT,429,2023-10-30 21:15,2,ABOVE,ABOVE,BLOCKED,CHAN,1,false,true
DOTUSDT,430,2023-10-31 15:00,1,BELOW,BELOW,THROUGH,XUYEN,2,true,
DOTUSDT,431,2023-10-31 19:00,8,BOTH,BELOW,THROUGH,XUYEN,2,true,
DOTUSDT,432,2023-11-02 12:45,2,BOTH,ABOVE,THROUGH,XUYEN,0,true,
DOTUSDT,433,2023-11-02 19:15,5,BOTH,BELOW,THROUGH,XUYEN,2,true,
DOTUSDT,434,2023-11-04 13:00,7,BOTH,ABOVE,THROUGH,XUYEN,1,true,
DOTUSDT,435,2023-11-08 12:30,6,BOTH,ABOVE,THROUGH,XUYEN,0,true,
DOTUSDT,436,2023-11-14 00:00,11,BOTH,BELOW,BLOCKED,XUYEN,3,false,false
DOTUSDT,437,2023-11-15 06:45,12,BOTH,BELOW,THROUGH,XUYEN,0,true,
DOTUSDT,438,2023-11-17 17:00,9,BOTH,ABOVE,BLOCKED,XUYEN,2,false,false
DOTUSDT,440,2023-11-20 08:15,6,BOTH,ABOVE,BLOCKED,XUYEN,3,false,false
DOTUSDT,441,2023-11-20 21:00,2,BELOW,BELOW,BLOCKED,CHAN,3,false,true
DOTUSDT,442,2023-11-21 11:15,2,BELOW,BELOW,BLOCKED,CHAN,3,false,true
DOTUSDT,443,2023-11-21 22:15,1,BELOW,BELOW,THROUGH,XUYEN,2,true,
DOTUSDT,444,2023-11-22 03:30,1,ABOVE,ABOVE,BLOCKED,CHAN,5,false,
DOTUSDT,445,2023-11-22 16:45,1,ABOVE,ABOVE,BLOCKED,CHAN,1,false,
DOTUSDT,446,2023-11-24 07:45,12,BOTH,ABOVE,BLOCKED,XUYEN,2,false,false
DOTUSDT,447,2023-11-28 04:30,24,BOTH,ABOVE,THROUGH,XUYEN,2,true,
DOTUSDT,448,2023-12-02 14:45,9,BOTH,BELOW,THROUGH,XUYEN,1,true,
DOTUSDT,449,2023-12-03 11:15,2,BELOW,BELOW,BLOCKED,CHAN,3,false,true
DOTUSDT,451,2023-12-04 11:00,4,BOTH,BELOW,BLOCKED,XUYEN,1,false,false
DOTUSDT,452,2023-12-05 23:00,3,ABOVE,ABOVE,BLOCKED,CHAN,1,false,true
DOTUSDT,453,2023-12-08 09:15,1,ABOVE,ABOVE,BLOCKED,CHAN,3,false,
DOTUSDT,454,2023-12-10 20:15,4,BOTH,ABOVE,BLOCKED,XUYEN,2,false,false
DOTUSDT,455,2023-12-11 02:00,19,BOTH,BELOW,THROUGH,XUYEN,3,true,
DOTUSDT,456,2023-12-14 17:30,7,BOTH,ABOVE,THROUGH,XUYEN,2,true,
DOTUSDT,457,2023-12-16 12:30,6,BOTH,ABOVE,BLOCKED,XUYEN,2,false,false
DOTUSDT,458,2023-12-17 22:30,15,BOTH,BELOW,BLOCKED,XUYEN,2,false,false
DOTUSDT,459,2023-12-19 14:00,5,BOTH,BELOW,BLOCKED,CHAN,4,false,true
DOTUSDT,460,2023-12-31 07:30,16,BOTH,ABOVE,THROUGH,XUYEN,2,true,
DOTUSDT,462,2024-01-05 20:45,20,BOTH,ABOVE,THROUGH,XUYEN,0,true,
DOTUSDT,463,2024-01-09 12:45,22,BOTH,BELOW,THROUGH,XUYEN,3,true,
DOTUSDT,464,2024-01-26 06:45,3,BELOW,BELOW,THROUGH,XUYEN,3,true,
DOTUSDT,465,2024-01-27 04:00,37,BOTH,BELOW,BLOCKED,XUYEN,1,false,false
DOTUSDT,466,2024-02-02 13:30,11,BOTH,BELOW,THROUGH,XUYEN,0,true,
DOTUSDT,467,2024-02-03 20:00,2,BELOW,BELOW,BLOCKED,CHAN,4,false,true
DOTUSDT,468,2024-02-04 00:00,4,BELOW,BELOW,BLOCKED,CHAN,2,false,true
DOTUSDT,469,2024-02-04 19:00,3,BOTH,BELOW,THROUGH,XUYEN,2,true,
DOTUSDT,470,2024-02-05 02:15,7,ABOVE,ABOVE,BLOCKED,CHAN,1,false,true
DOTUSDT,471,2024-02-13 13:30,6,BELOW,BELOW,BLOCKED,XUYEN,2,false,false
DOTUSDT,472,2024-02-17 01:45,10,BOTH,BELOW,BLOCKED,XUYEN,3,false,false
DOTUSDT,473,2024-02-17 20:30,10,BOTH,ABOVE,THROUGH,XUYEN,2,true,
DOTUSDT,474,2024-02-22 01:30,18,BOTH,BELOW,BLOCKED,XUYEN,1,false,false
DOTUSDT,475,2024-03-03 06:00,10,BOTH,BELOW,BLOCKED,XUYEN,2,false,false
DOTUSDT,476,2024-03-08 10:00,12,BOTH,ABOVE,BLOCKED,XUYEN,1,false,false
DOTUSDT,477,2024-03-11 18:00,5,BOTH,ABOVE,THROUGH,XUYEN,2,true,
DOTUSDT,478,2024-03-12 08:00,29,BOTH,BELOW,BLOCKED,XUYEN,3,false,false
DOTUSDT,479,2024-03-23 23:00,8,BOTH,BELOW,THROUGH,XUYEN,0,true,
DOTUSDT,480,2024-03-29 02:00,32,BOTH,BELOW,THROUGH,XUYEN,1,true,
DOTUSDT,482,2024-04-03 15:00,1,BELOW,BELOW,BLOCKED,CHAN,1,false,
DOTUSDT,483,2024-04-05 05:15,13,BOTH,BELOW,BLOCKED,XUYEN,3,false,false
DOTUSDT,484,2024-04-07 22:00,8,BOTH,ABOVE,BLOCKED,XUYEN,1,false,false
DOTUSDT,485,2024-04-11 11:30,4,BOTH,BELOW,BLOCKED,XUYEN,2,false,false
DOTUSDT,486,2024-04-12 08:00,3,BOTH,BELOW,THROUGH,XUYEN,2,true,
DOTUSDT,487,2024-04-13 19:45,3,BELOW,BELOW,BLOCKED,CHAN,2,false,true
DOTUSDT,488,2024-04-14 22:00,28,BOTH,ABOVE,BLOCKED,XUYEN,2,false,false
DOTUSDT,490,2024-04-20 22:00,15,BOTH,BELOW,BLOCKED,XUYEN,1,false,false
DOTUSDT,491,2024-04-24 18:45,2,BELOW,BELOW,BLOCKED,CHAN,3,false,true
DOTUSDT,492,2024-04-26 21:00,18,BOTH,BELOW,BLOCKED,XUYEN,1,false,false
DOTUSDT,494,2024-05-01 07:00,5,BOTH,BELOW,THROUGH,XUYEN,2,true,
DOTUSDT,495,2024-05-02 18:30,1,ABOVE,ABOVE,THROUGH,XUYEN,2,true,
DOTUSDT,496,2024-05-03 12:30,53,BOTH,ABOVE,BLOCKED,XUYEN,1,false,false
DOTUSDT,497,2024-05-14 06:00,6,BOTH,BELOW,THROUGH,XUYEN,2,true,
DOTUSDT,498,2024-05-15 00:00,3,ABOVE,ABOVE,BLOCKED,XUYEN,0,false,false
DOTUSDT,500,2024-05-23 12:45,17,BOTH,BELOW,BLOCKED,XUYEN,1,false,false
DOTUSDT,501,2024-05-27 19:45,6,BOTH,BELOW,THROUGH,XUYEN,0,true,
DOTUSDT,502,2024-05-28 18:30,8,BOTH,BELOW,THROUGH,XUYEN,2,true,
DOTUSDT,503,2024-05-29 06:00,7,BOTH,ABOVE,THROUGH,XUYEN,3,true,
DOTUSDT,504,2024-06-01 07:00,10,BOTH,BELOW,THROUGH,XUYEN,0,true,
DOTUSDT,505,2024-06-03 13:15,2,BOTH,BELOW,THROUGH,XUYEN,0,true,
DOTUSDT,506,2024-06-04 00:00,13,BOTH,ABOVE,THROUGH,XUYEN,0,true,
DOTUSDT,507,2024-06-10 13:00,2,ABOVE,ABOVE,BLOCKED,CHAN,1,false,true
DOTUSDT,510,2024-06-12 18:00,4,BOTH,BELOW,THROUGH,XUYEN,1,true,
DOTUSDT,512,2024-06-14 07:45,10,BOTH,ABOVE,THROUGH,XUYEN,2,true,
DOTUSDT,513,2024-06-23 01:00,8,BELOW,BELOW,BLOCKED,CHAN,1,false,true
DOTUSDT,514,2024-06-23 09:15,4,BOTH,ABOVE,BLOCKED,CHAN,3,false,true
DOTUSDT,515,2024-06-24 09:30,10,BOTH,BELOW,THROUGH,XUYEN,3,true,
DOTUSDT,516,2024-06-28 21:00,3,BOTH,BELOW,THROUGH,XUYEN,2,true,
DOTUSDT,517,2024-06-30 14:00,5,BOTH,ABOVE,THROUGH,XUYEN,2,true,
DOTUSDT,518,2024-07-01 20:45,14,BOTH,ABOVE,THROUGH,XUYEN,2,true,
DOTUSDT,519,2024-07-05 21:45,7,BOTH,BELOW,BLOCKED,XUYEN,0,false,false
DOTUSDT,520,2024-07-08 13:30,53,BOTH,BELOW,BLOCKED,XUYEN,3,false,false
DOTUSDT,521,2024-07-19 06:00,17,BOTH,ABOVE,THROUGH,XUYEN,2,true,
DOTUSDT,523,2024-07-25 01:00,10,BELOW,BELOW,BLOCKED,XUYEN,1,false,false
DOTUSDT,524,2024-07-26 11:45,24,BOTH,BELOW,BLOCKED,XUYEN,0,false,false
DOTUSDT,525,2024-07-29 00:00,5,BOTH,ABOVE,THROUGH,XUYEN,1,true,
DOTUSDT,526,2024-08-01 00:00,6,BOTH,ABOVE,THROUGH,XUYEN,1,true,
DOTUSDT,527,2024-08-02 12:30,3,BOTH,BELOW,THROUGH,XUYEN,0,true,
DOTUSDT,531,2024-08-11 19:15,10,BOTH,BELOW,THROUGH,XUYEN,1,true,
DOTUSDT,532,2024-08-14 22:00,26,BOTH,ABOVE,THROUGH,XUYEN,1,true,
DOTUSDT,533,2024-08-18 19:45,6,BOTH,ABOVE,THROUGH,XUYEN,1,true,
DOTUSDT,534,2024-08-21 13:30,4,BOTH,BELOW,THROUGH,XUYEN,0,true,
DOTUSDT,535,2024-08-23 14:00,7,BOTH,ABOVE,BLOCKED,XUYEN,2,false,false
DOTUSDT,537,2024-08-29 22:00,16,BOTH,BELOW,THROUGH,XUYEN,3,true,
DOTUSDT,538,2024-09-01 05:00,10,BOTH,BELOW,BLOCKED,XUYEN,2,false,false
DOTUSDT,540,2024-09-06 07:15,4,BELOW,BELOW,BLOCKED,CHAN,3,false,true
DOTUSDT,541,2024-09-06 12:30,9,BOTH,ABOVE,THROUGH,XUYEN,4,true,
DOTUSDT,542,2024-09-11 20:00,2,ABOVE,ABOVE,BLOCKED,CHAN,3,false,true
DOTUSDT,543,2024-09-14 18:00,37,BOTH,BELOW,THROUGH,XUYEN,2,true,
DOTUSDT,544,2024-09-24 19:45,1,ABOVE,ABOVE,BLOCKED,CHAN,3,false,
DOTUSDT,545,2024-09-25 21:45,10,BOTH,BELOW,THROUGH,XUYEN,1,true,
DOTUSDT,546,2024-10-02 05:15,4,BOTH,ABOVE,BLOCKED,XUYEN,3,false,false
DOTUSDT,547,2024-10-02 18:00,16,BOTH,BELOW,BLOCKED,XUYEN,2,false,false
DOTUSDT,548,2024-10-05 20:00,14,BOTH,BELOW,BLOCKED,XUYEN,4,false,false
DOTUSDT,549,2024-10-07 00:00,12,BOTH,BELOW,THROUGH,XUYEN,0,true,
DOTUSDT,550,2024-10-08 13:15,9,BOTH,ABOVE,THROUGH,XUYEN,4,true,
DOTUSDT,551,2024-10-09 07:00,2,BELOW,BELOW,BLOCKED,CHAN,6,false,true
DOTUSDT,552,2024-10-10 17:45,2,BOTH,BELOW,THROUGH,XUYEN,1,true,
DOTUSDT,553,2024-10-13 22:00,3,ABOVE,ABOVE,BLOCKED,CHAN,1,false,true
DOTUSDT,554,2024-10-17 01:30,3,BOTH,ABOVE,THROUGH,XUYEN,0,true,
DOTUSDT,555,2024-10-18 20:45,1,BELOW,BELOW,THROUGH,XUYEN,1,true,
DOTUSDT,556,2024-10-20 22:00,5,BOTH,ABOVE,THROUGH,XUYEN,1,true,
DOTUSDT,557,2024-10-24 05:45,5,BOTH,BELOW,THROUGH,XUYEN,0,true,
DOTUSDT,558,2024-10-27 06:45,6,BOTH,ABOVE,BLOCKED,XUYEN,1,false,false
DOTUSDT,560,2024-10-28 21:00,1,ABOVE,ABOVE,THROUGH,XUYEN,1,true,
DOTUSDT,561,2024-10-31 01:30,2,BELOW,BELOW,BLOCKED,CHAN,1,false,true
DOTUSDT,562,2024-11-04 08:30,17,BOTH,BELOW,THROUGH,XUYEN,2,true,
DOTUSDT,563,2024-11-05 19:45,2,BELOW,BELOW,BLOCKED,XUYEN,1,false,false
DOTUSDT,564,2024-11-07 01:15,13,BOTH,ABOVE,THROUGH,XUYEN,2,true,
DOTUSDT,566,2024-11-14 14:30,9,BOTH,BELOW,THROUGH,XUYEN,2,true,
DOTUSDT,567,2024-11-24 00:00,16,BOTH,ABOVE,THROUGH,XUYEN,2,true,
DOTUSDT,568,2024-11-25 19:15,4,BELOW,BELOW,BLOCKED,CHAN,5,false,true
DOTUSDT,569,2024-11-26 03:00,21,BOTH,BELOW,BLOCKED,CHAN,5,false,true
DOTUSDT,570,2024-11-30 08:00,17,BOTH,ABOVE,THROUGH,XUYEN,0,true,
DOTUSDT,571,2024-12-02 03:45,10,BOTH,BELOW,THROUGH,XUYEN,2,true,
DOTUSDT,572,2024-12-09 03:45,2,BELOW,BELOW,BLOCKED,CHAN,3,false,true
DOTUSDT,573,2024-12-27 09:00,21,BOTH,ABOVE,THROUGH,XUYEN,2,true,
DOTUSDT,574,2024-12-30 04:45,4,BOTH,BELOW,THROUGH,XUYEN,3,true,
DOTUSDT,576,2025-01-01 00:00,9,BOTH,ABOVE,THROUGH,XUYEN,2,true,
DOTUSDT,577,2025-01-08 03:00,3,BELOW,BELOW,BLOCKED,CHAN,2,false,true
DOTUSDT,578,2025-01-09 13:30,13,BOTH,BELOW,THROUGH,XUYEN,1,true,
DOTUSDT,579,2025-01-10 13:30,23,BOTH,BELOW,BLOCKED,XUYEN,3,false,false
DOTUSDT,580,2025-01-13 14:30,4,ABOVE,ABOVE,THROUGH,XUYEN,3,true,
DOTUSDT,582,2025-01-17 14:30,5,BOTH,BELOW,THROUGH,XUYEN,1,true,
DOTUSDT,583,2025-01-20 17:00,24,BOTH,BELOW,BLOCKED,XUYEN,2,false,false
DOTUSDT,584,2025-01-31 21:15,7,BOTH,ABOVE,BLOCKED,XUYEN,1,false,false
DOTUSDT,585,2025-02-02 22:30,7,BOTH,BELOW,BLOCKED,XUYEN,4,false,false
DOTUSDT,586,2025-02-06 23:30,12,BOTH,BELOW,THROUGH,XUYEN,4,true,
DOTUSDT,587,2025-02-09 10:00,24,BOTH,ABOVE,THROUGH,XUYEN,2,true,
DOTUSDT,588,2025-02-12 08:00,1,ABOVE,ABOVE,BLOCKED,CHAN,2,false,
DOTUSDT,589,2025-02-12 13:30,22,BOTH,BELOW,THROUGH,XUYEN,1,true,
DOTUSDT,590,2025-02-18 11:00,15,BOTH,ABOVE,THROUGH,XUYEN,3,true,
DOTUSDT,591,2025-02-20 14:00,3,BOTH,ABOVE,THROUGH,XUYEN,0,true,
DOTUSDT,592,2025-02-22 15:15,13,BOTH,BELOW,THROUGH,XUYEN,2,true,
DOTUSDT,594,2025-02-25 07:00,7,BOTH,BELOW,BLOCKED,XUYEN,2,false,false
DOTUSDT,595,2025-03-03 12:00,4,BOTH,ABOVE,BLOCKED,XUYEN,1,false,false
DOTUSDT,597,2025-03-04 14:30,4,BOTH,ABOVE,THROUGH,XUYEN,1,true,
DOTUSDT,598,2025-03-06 21:00,21,BOTH,ABOVE,BLOCKED,XUYEN,1,false,false
DOTUSDT,599,2025-03-12 07:00,6,BOTH,ABOVE,BLOCKED,XUYEN,3,false,false
DOTUSDT,600,2025-03-12 20:45,15,BOTH,ABOVE,BLOCKED,XUYEN,4,false,false
DOTUSDT,601,2025-03-15 19:30,6,BOTH,BELOW,THROUGH,XUYEN,2,true,
DOTUSDT,603,2025-03-16 16:00,2,BOTH,ABOVE,THROUGH,XUYEN,1,true,
DOTUSDT,604,2025-03-17 12:00,9,BOTH,BELOW,BLOCKED,XUYEN,2,false,false
DOTUSDT,605,2025-03-18 08:30,1,BELOW,BELOW,BLOCKED,CHAN,4,false,
DOTUSDT,606,2025-03-18 13:00,7,BOTH,ABOVE,THROUGH,XUYEN,0,true,
DOTUSDT,607,2025-03-19 17:30,5,BOTH,BELOW,THROUGH,XUYEN,2,true,
DOTUSDT,609,2025-03-20 20:30,1,ABOVE,ABOVE,BLOCKED,CHAN,1,false,
DOTUSDT,610,2025-03-24 00:00,3,BOTH,ABOVE,THROUGH,XUYEN,0,true,
DOTUSDT,611,2025-03-24 23:00,29,BOTH,BELOW,BLOCKED,XUYEN,1,false,false
DOTUSDT,613,2025-03-30 13:30,23,BOTH,BELOW,BLOCKED,XUYEN,2,false,false
DOTUSDT,614,2025-04-02 20:00,1,ABOVE,ABOVE,THROUGH,XUYEN,0,true,
DOTUSDT,615,2025-04-04 07:00,15,BOTH,ABOVE,THROUGH,XUYEN,1,true,
DOTUSDT,616,2025-04-12 23:00,9,BOTH,BELOW,BLOCKED,XUYEN,2,false,false
DOTUSDT,617,2025-04-13 19:30,10,BOTH,BELOW,BLOCKED,XUYEN,0,false,false
DOTUSDT,618,2025-04-21 08:00,4,BOTH,ABOVE,THROUGH,XUYEN,3,true,
DOTUSDT,620,2025-04-27 16:30,32,BOTH,BELOW,THROUGH,XUYEN,3,true,
DOTUSDT,621,2025-05-04 13:15,2,BOTH,BELOW,THROUGH,XUYEN,1,true,
DOTUSDT,622,2025-05-04 15:30,26,BOTH,BELOW,BLOCKED,XUYEN,4,false,false
DOTUSDT,623,2025-05-08 09:45,3,BOTH,ABOVE,THROUGH,XUYEN,3,true,
DOTUSDT,624,2025-05-12 07:00,17,BOTH,ABOVE,BLOCKED,XUYEN,2,false,false
DOTUSDT,625,2025-05-16 20:30,16,BOTH,BELOW,BLOCKED,XUYEN,2,false,false
DOTUSDT,626,2025-05-23 02:00,3,BOTH,ABOVE,THROUGH,XUYEN,0,true,
DOTUSDT,629,2025-05-26 06:45,10,BOTH,ABOVE,THROUGH,XUYEN,1,true,
DOTUSDT,630,2025-05-27 13:00,31,BOTH,ABOVE,THROUGH,XUYEN,3,true,
DOTUSDT,631,2025-05-30 22:15,28,BOTH,BELOW,BLOCKED,XUYEN,1,false,false
DOTUSDT,632,2025-06-11 12:30,5,ABOVE,ABOVE,BLOCKED,XUYEN,1,false,false
DOTUSDT,634,2025-06-13 10:00,16,BOTH,ABOVE,BLOCKED,XUYEN,4,false,false
DOTUSDT,635,2025-06-14 06:00,6,BELOW,BELOW,BLOCKED,XUYEN,1,false,false
DOTUSDT,637,2025-06-19 14:45,9,BELOW,BELOW,BLOCKED,CHAN,2,false,true
DOTUSDT,638,2025-06-20 17:15,14,BOTH,BELOW,BLOCKED,XUYEN,2,false,false
DOTUSDT,639,2025-06-21 17:30,2,BELOW,BELOW,BLOCKED,CHAN,4,false,true
DOTUSDT,641,2025-06-22 20:00,7,BOTH,BELOW,BLOCKED,XUYEN,3,false,false
DOTUSDT,642,2025-06-23 13:30,3,BOTH,ABOVE,THROUGH,XUYEN,1,true,
DOTUSDT,643,2025-07-03 12:30,2,BOTH,BELOW,THROUGH,XUYEN,0,true,
DOTUSDT,644,2025-07-04 20:00,12,BOTH,ABOVE,BLOCKED,XUYEN,0,false,false
DOTUSDT,645,2025-07-06 20:30,16,BOTH,BELOW,THROUGH,XUYEN,1,true,
DOTUSDT,649,2025-07-13 21:30,6,BOTH,BELOW,THROUGH,XUYEN,0,true,
DOTUSDT,650,2025-07-15 12:30,2,BOTH,BELOW,THROUGH,XUYEN,0,true,
DOTUSDT,651,2025-07-18 05:00,17,BOTH,ABOVE,THROUGH,XUYEN,3,true,
DOTUSDT,652,2025-07-20 22:00,24,BOTH,BELOW,BLOCKED,XUYEN,3,false,false
DOTUSDT,653,2025-07-24 22:00,9,BOTH,BELOW,THROUGH,XUYEN,2,true,
DOTUSDT,654,2025-07-26 08:15,8,BOTH,ABOVE,THROUGH,XUYEN,0,true,
DOTUSDT,655,2025-07-29 19:15,17,BOTH,BELOW,BLOCKED,XUYEN,2,false,false
DOTUSDT,656,2025-08-01 08:00,8,BOTH,BELOW,BLOCKED,XUYEN,3,false,false
DOTUSDT,657,2025-08-03 22:00,32,BOTH,BELOW,THROUGH,XUYEN,1,true,
DOTUSDT,659,2025-08-08 12:00,3,BOTH,BELOW,THROUGH,XUYEN,0,true,
DOTUSDT,660,2025-08-10 07:30,13,BOTH,BELOW,BLOCKED,XUYEN,1,false,false
DOTUSDT,661,2025-08-14 12:30,1,BELOW,BELOW,BLOCKED,CHAN,2,false,
DOTUSDT,662,2025-08-19 13:30,16,BOTH,BELOW,BLOCKED,XUYEN,2,false,false
DOTUSDT,663,2025-08-21 13:30,16,BOTH,ABOVE,THROUGH,XUYEN,0,true,
DOTUSDT,665,2025-08-26 12:30,1,ABOVE,ABOVE,BLOCKED,CHAN,2,false,
DOTUSDT,666,2025-08-27 19:00,11,BOTH,BELOW,BLOCKED,XUYEN,3,false,false
DOTUSDT,667,2025-08-29 12:30,9,BOTH,ABOVE,THROUGH,XUYEN,2,true,
DOTUSDT,668,2025-08-31 20:00,7,BOTH,ABOVE,THROUGH,XUYEN,2,true,
DOTUSDT,669,2025-09-01 20:30,8,BOTH,BELOW,THROUGH,XUYEN,2,true,
DOTUSDT,670,2025-09-05 12:30,15,BOTH,ABOVE,THROUGH,XUYEN,0,true,
DOTUSDT,671,2025-09-07 05:45,8,BOTH,ABOVE,BLOCKED,XUYEN,3,false,false
DOTUSDT,674,2025-09-11 19:00,7,BOTH,ABOVE,THROUGH,XUYEN,1,true,
DOTUSDT,675,2025-09-14 19:00,11,BOTH,ABOVE,THROUGH,XUYEN,1,true,
DOTUSDT,677,2025-09-15 13:30,22,BOTH,BELOW,BLOCKED,XUYEN,2,false,false
DOTUSDT,678,2025-09-20 13:00,15,BOTH,BELOW,THROUGH,XUYEN,3,true,
DOTUSDT,679,2025-09-28 00:00,9,BOTH,BELOW,BLOCKED,XUYEN,1,false,false
DOTUSDT,680,2025-09-30 07:30,9,BOTH,BELOW,THROUGH,XUYEN,1,true,
DOTUSDT,682,2025-10-05 16:45,9,BOTH,BELOW,THROUGH,XUYEN,1,true,
DOTUSDT,686,2025-10-13 11:00,5,BOTH,BELOW,BLOCKED,XUYEN,0,false,false
DOTUSDT,687,2025-10-14 19:30,10,BOTH,BELOW,BLOCKED,XUYEN,1,false,false
DOTUSDT,688,2025-10-16 09:30,10,BOTH,ABOVE,THROUGH,XUYEN,3,true,
DOTUSDT,689,2025-10-22 11:00,6,BOTH,ABOVE,BLOCKED,XUYEN,1,false,false
DOTUSDT,690,2025-10-22 21:00,3,BOTH,BELOW,THROUGH,XUYEN,2,true,
DOTUSDT,691,2025-10-26 22:00,20,BOTH,ABOVE,THROUGH,XUYEN,1,true,
DOTUSDT,692,2025-10-29 18:30,4,BOTH,BELOW,THROUGH,XUYEN,1,true,
DOTUSDT,694,2025-11-01 20:00,9,BOTH,ABOVE,THROUGH,XUYEN,2,true,
DOTUSDT,696,2025-11-04 05:15,3,BELOW,BELOW,BLOCKED,CHAN,1,false,true
DOTUSDT,697,2025-11-04 20:15,6,BOTH,BELOW,THROUGH,XUYEN,3,true,
DOTUSDT,698,2025-11-05 07:45,8,BOTH,ABOVE,THROUGH,XUYEN,3,true,
DOTUSDT,701,2025-11-09 18:45,5,BOTH,ABOVE,BLOCKED,XUYEN,1,false,false
DOTUSDT,702,2025-11-11 06:45,4,BELOW,BELOW,BLOCKED,CHAN,2,false,true
DOTUSDT,704,2025-11-14 04:30,35,BOTH,BELOW,THROUGH,XUYEN,1,true,
DOTUSDT,705,2025-11-19 12:30,8,BOTH,ABOVE,THROUGH,XUYEN,3,true,
DOTUSDT,706,2025-11-24 14:30,32,BOTH,BELOW,THROUGH,XUYEN,0,true,
DOTUSDT,707,2025-11-30 02:00,21,BOTH,ABOVE,THROUGH,XUYEN,3,true,
DOTUSDT,708,2025-12-03 14:00,2,BOTH,BELOW,THROUGH,XUYEN,0,true,
DOTUSDT,709,2025-12-03 21:45,12,BOTH,ABOVE,BLOCKED,XUYEN,2,false,false
DOTUSDT,710,2025-12-07 14:15,8,BOTH,BELOW,THROUGH,XUYEN,2,true,
DOTUSDT,711,2025-12-10 09:45,7,BOTH,BELOW,BLOCKED,XUYEN,2,false,false
DOTUSDT,712,2025-12-11 14:30,28,BOTH,BELOW,BLOCKED,XUYEN,2,false,false
DOTUSDT,713,2025-12-14 10:00,10,BELOW,BELOW,BLOCKED,CHAN,1,false,true
DOTUSDT,714,2025-12-16 10:30,14,BOTH,ABOVE,THROUGH,XUYEN,0,true,
DOTUSDT,715,2025-12-17 04:15,1,BELOW,BELOW,BLOCKED,CHAN,4,false,
DOTUSDT,716,2025-12-17 13:45,5,BOTH,ABOVE,THROUGH,XUYEN,2,true,
DOTUSDT,717,2025-12-18 17:00,17,BOTH,BELOW,THROUGH,XUYEN,1,true,
DOTUSDT,718,2025-12-23 13:30,13,BOTH,BELOW,BLOCKED,XUYEN,2,false,false
DOTUSDT,719,2025-12-24 14:30,32,BOTH,BELOW,THROUGH,XUYEN,2,true,
DOTUSDT,720,2025-12-30 08:00,18,BOTH,ABOVE,THROUGH,XUYEN,1,true,
DOTUSDT,721,2026-01-01 14:00,1,ABOVE,ABOVE,BLOCKED,CHAN,1,false,
DOTUSDT,722,2026-01-03 20:00,3,BELOW,BELOW,THROUGH,XUYEN,3,true,
DOTUSDT,723,2026-01-04 00:00,48,BOTH,ABOVE,THROUGH,XUYEN,0,true,
DOTUSDT,724,2026-01-09 00:15,6,BELOW,BELOW,THROUGH,XUYEN,0,true,
DOTUSDT,725,2026-01-09 08:30,28,BOTH,BELOW,BLOCKED,XUYEN,2,false,false
DOTUSDT,726,2026-01-11 23:00,14,BOTH,ABOVE,BLOCKED,XUYEN,0,false,false
DOTUSDT,727,2026-01-14 09:15,4,BELOW,BELOW,BLOCKED,CHAN,2,false,true
DOTUSDT,728,2026-01-16 13:00,10,BOTH,BELOW,BLOCKED,XUYEN,3,false,false
DOTUSDT,729,2026-01-20 22:30,13,BOTH,BELOW,THROUGH,XUYEN,0,true,
DOTUSDT,730,2026-01-22 23:00,6,BOTH,BELOW,THROUGH,XUYEN,3,true,
DOTUSDT,731,2026-01-23 14:30,13,BOTH,BELOW,THROUGH,XUYEN,0,true,
DOTUSDT,733,2026-01-26 14:30,28,BOTH,ABOVE,BLOCKED,XUYEN,0,false,false
DOTUSDT,735,2026-02-01 23:00,34,BOTH,BELOW,THROUGH,XUYEN,1,true,
DOTUSDT,736,2026-02-05 20:15,3,BELOW,BELOW,BLOCKED,XUYEN,2,false,false
DOTUSDT,737,2026-02-06 14:30,3,ABOVE,ABOVE,BLOCKED,CHAN,1,false,true
DOTUSDT,738,2026-02-07 16:00,12,BOTH,ABOVE,BLOCKED,XUYEN,2,false,false
DOTUSDT,739,2026-02-13 14:30,13,BOTH,ABOVE,THROUGH,XUYEN,1,true,
DOTUSDT,740,2026-02-22 23:00,3,BELOW,BELOW,BLOCKED,XUYEN,2,false,false
DOTUSDT,741,2026-03-05 19:00,14,BOTH,ABOVE,THROUGH,XUYEN,1,true,
DOTUSDT,742,2026-03-08 22:00,7,BOTH,BELOW,THROUGH,XUYEN,2,true,
DOTUSDT,743,2026-03-09 19:15,8,BOTH,ABOVE,BLOCKED,XUYEN,4,false,false
DOTUSDT,744,2026-03-10 07:00,31,BOTH,ABOVE,BLOCKED,XUYEN,3,false,false
DOTUSDT,745,2026-03-19 07:00,3,BELOW,BELOW,BLOCKED,CHAN,2,false,true
DOTUSDT,746,2026-03-19 19:00,20,BOTH,ABOVE,BLOCKED,XUYEN,1,false,false
DOTUSDT,748,2026-03-22 04:00,1,BELOW,BELOW,BLOCKED,CHAN,2,false,
DOTUSDT,749,2026-03-23 11:00,16,BOTH,ABOVE,THROUGH,XUYEN,2,true,
DOTUSDT,750,2026-03-24 10:30,2,BELOW,BELOW,BLOCKED,CHAN,2,false,true
DOTUSDT,751,2026-03-25 20:15,4,BELOW,BELOW,BLOCKED,CHAN,1,false,true
DOTUSDT,752,2026-03-26 09:30,23,BOTH,BELOW,THROUGH,XUYEN,1,true,
DOTUSDT,753,2026-03-28 21:45,21,BOTH,BELOW,BLOCKED,XUYEN,1,false,false
DOTUSDT,754,2026-04-03 19:00,4,BELOW,BELOW,THROUGH,XUYEN,1,true,
DOTUSDT,755,2026-04-04 05:00,14,BOTH,BELOW,BLOCKED,XUYEN,3,false,false
DOTUSDT,756,2026-04-06 06:00,1,ABOVE,ABOVE,THROUGH,XUYEN,1,true,
DOTUSDT,757,2026-04-07 21:00,1,ABOVE,ABOVE,BLOCKED,CHAN,1,false,
DOTUSDT,758,2026-04-11 05:00,1,BELOW,BELOW,BLOCKED,CHAN,2,false,
DOTUSDT,759,2026-04-11 13:00,3,BOTH,BELOW,THROUGH,XUYEN,3,true,
DOTUSDT,760,2026-04-11 18:30,1,ABOVE,ABOVE,BLOCKED,CHAN,4,false,
DOTUSDT,761,2026-04-13 04:45,7,BELOW,BELOW,THROUGH,XUYEN,2,true,
DOTUSDT,762,2026-04-20 23:00,20,BOTH,BELOW,THROUGH,XUYEN,2,true,
DOTUSDT,763,2026-04-23 17:00,34,BOTH,BELOW,BLOCKED,XUYEN,3,false,false
DOTUSDT,764,2026-04-29 18:00,31,BOTH,BELOW,BLOCKED,XUYEN,3,false,false
DOTUSDT,765,2026-05-02 14:00,15,BOTH,ABOVE,BLOCKED,XUYEN,2,false,false
DOTUSDT,766,2026-05-04 10:00,6,BELOW,BELOW,BLOCKED,XUYEN,2,false,false
DOTUSDT,767,2026-05-05 20:00,3,ABOVE,ABOVE,BLOCKED,CHAN,1,false,true
DOTUSDT,768,2026-05-10 00:00,21,BOTH,BELOW,THROUGH,XUYEN,1,true,
DOTUSDT,769,2026-05-13 19:00,10,BOTH,BELOW,BLOCKED,XUYEN,3,false,false
DOTUSDT,770,2026-05-15 05:30,3,BELOW,BELOW,BLOCKED,CHAN,1,false,true
DOTUSDT,771,2026-05-15 13:30,1,BELOW,BELOW,BLOCKED,CHAN,3,false,
DOTUSDT,772,2026-05-20 22:00,7,BOTH,BELOW,THROUGH,XUYEN,2,true,
DOTUSDT,773,2026-05-22 23:45,3,BELOW,BELOW,THROUGH,XUYEN,1,true,
DOTUSDT,774,2026-05-23 20:30,23,BOTH,ABOVE,BLOCKED,XUYEN,3,false,false
DOTUSDT,775,2026-05-27 04:30,7,BOTH,BELOW,THROUGH,XUYEN,1,true,
DOTUSDT,777,2026-06-02 14:15,4,BELOW,BELOW,BLOCKED,CHAN,2,false,true
DOTUSDT,778,2026-06-06 15:00,8,BOTH,BELOW,THROUGH,XUYEN,1,true,
DOTUSDT,779,2026-06-07 22:00,1,ABOVE,ABOVE,BLOCKED,CHAN,2,false,
DOTUSDT,780,2026-06-08 21:00,3,BOTH,ABOVE,THROUGH,XUYEN,2,true,
DOTUSDT,781,2026-06-09 04:30,15,BOTH,ABOVE,BLOCKED,XUYEN,1,false,false
DOTUSDT,782,2026-06-10 11:00,13,BOTH,BELOW,THROUGH,XUYEN,0,true,
DOTUSDT,783,2026-06-13 12:00,12,BOTH,ABOVE,BLOCKED,XUYEN,3,false,false
DOTUSDT,785,2026-06-17 18:00,1,BELOW,BELOW,BLOCKED,CHAN,4,false,
DOTUSDT,786,2026-06-18 15:15,19,BOTH,BELOW,BLOCKED,XUYEN,2,false,false
DOTUSDT,787,2026-07-06 12:00,2,BELOW,BELOW,BLOCKED,XUYEN,3,false,false
DOTUSDT,788,2026-07-06 21:00,13,BOTH,ABOVE,THROUGH,XUYEN,2,true,
DOTUSDT,789,2026-07-11 20:30,1,ABOVE,ABOVE,THROUGH,XUYEN,0,true,
DOTUSDT,790,2026-07-14 09:00,18,BOTH,ABOVE,THROUGH,XUYEN,2,true,
DOTUSDT,791,2026-07-16 07:30,8,BOTH,BELOW,BLOCKED,XUYEN,3,false,false
DOTUSDT,792,2026-07-18 00:00,5,BOTH,ABOVE,THROUGH,XUYEN,2,true,
DOTUSDT,793,2026-07-19 16:00,2,BELOW,BELOW,THROUGH,XUYEN,3,true,
DOTUSDT,794,2026-07-20 05:00,37,BOTH,BELOW,BLOCKED,XUYEN,2,false,false
DOTUSDT,797,2026-07-28 19:30,38,BOTH,ABOVE,THROUGH,XUYEN,1,true,
DOTUSDT,798,2026-08-01 14:45,3,ABOVE,ABOVE,THROUGH,XUYEN,2,true,
DOTUSDT,800,2026-08-04 20:00,1,ABOVE,ABOVE,BLOCKED,CHAN,1,false,
FILUSDT,0,2020-11-23 22:45,8,BOTH,BELOW,THROUGH,XUYEN,3,true,
FILUSDT,1,2020-11-25 11:45,10,BOTH,ABOVE,BLOCKED,XUYEN,2,false,false
FILUSDT,2,2020-11-30 08:00,16,BOTH,BELOW,THROUGH,XUYEN,2,true,
FILUSDT,4,2020-12-02 03:30,2,ABOVE,ABOVE,BLOCKED,CHAN,1,false,true
FILUSDT,5,2020-12-02 22:15,12,ABOVE,ABOVE,BLOCKED,CHAN,1,false,true
FILUSDT,6,2020-12-03 16:00,3,BELOW,BELOW,BLOCKED,CHAN,0,false,true
FILUSDT,7,2020-12-04 21:15,4,BOTH,BELOW,BLOCKED,XUYEN,3,false,false
FILUSDT,8,2020-12-05 05:30,6,BOTH,ABOVE,THROUGH,XUYEN,3,true,
FILUSDT,9,2020-12-07 02:15,5,BOTH,ABOVE,BLOCKED,XUYEN,1,false,false
FILUSDT,11,2020-12-08 06:15,3,BELOW,BELOW,THROUGH,XUYEN,0,true,
FILUSDT,12,2020-12-09 06:00,3,ABOVE,ABOVE,BLOCKED,CHAN,0,false,true
FILUSDT,13,2020-12-09 12:00,3,ABOVE,ABOVE,BLOCKED,CHAN,2,false,true
FILUSDT,14,2020-12-10 18:30,2,BOTH,ABOVE,THROUGH,XUYEN,0,true,
FILUSDT,15,2020-12-12 16:00,22,BOTH,BELOW,BLOCKED,XUYEN,3,false,false
FILUSDT,16,2020-12-15 00:15,16,BOTH,ABOVE,THROUGH,XUYEN,1,true,
FILUSDT,17,2020-12-16 21:15,6,BOTH,BELOW,BLOCKED,XUYEN,1,false,false
FILUSDT,18,2020-12-17 16:45,8,BOTH,ABOVE,THROUGH,XUYEN,0,true,
FILUSDT,19,2020-12-19 09:15,2,BOTH,ABOVE,THROUGH,XUYEN,2,true,
FILUSDT,21,2020-12-21 14:30,2,ABOVE,ABOVE,THROUGH,XUYEN,2,true,
FILUSDT,22,2020-12-22 22:45,6,BOTH,ABOVE,THROUGH,XUYEN,0,true,
FILUSDT,23,2020-12-25 05:00,7,BOTH,BELOW,THROUGH,XUYEN,1,true,
FILUSDT,24,2020-12-25 23:45,16,BOTH,ABOVE,BLOCKED,XUYEN,2,false,false
FILUSDT,25,2020-12-27 02:00,9,BOTH,ABOVE,THROUGH,XUYEN,2,true,
FILUSDT,26,2020-12-29 16:00,2,BOTH,BELOW,THROUGH,XUYEN,1,true,
FILUSDT,27,2020-12-30 20:00,9,BOTH,BELOW,THROUGH,XUYEN,1,true,
FILUSDT,28,2021-01-02 09:30,9,BOTH,ABOVE,THROUGH,XUYEN,0,true,
FILUSDT,30,2021-01-03 19:00,14,BOTH,BELOW,THROUGH,XUYEN,3,true,
FILUSDT,31,2021-01-05 16:00,26,BOTH,ABOVE,BLOCKED,XUYEN,2,false,false
FILUSDT,32,2021-01-10 16:00,5,BOTH,ABOVE,THROUGH,XUYEN,2,true,
FILUSDT,33,2021-01-12 08:45,4,BOTH,BELOW,THROUGH,XUYEN,1,true,
FILUSDT,34,2021-01-12 16:00,24,BOTH,ABOVE,BLOCKED,XUYEN,0,false,false
FILUSDT,36,2021-01-17 07:15,25,BOTH,ABOVE,THROUGH,XUYEN,2,true,
FILUSDT,37,2021-01-19 08:15,6,BOTH,ABOVE,BLOCKED,XUYEN,3,false,false
FILUSDT,38,2021-01-20 20:30,10,BOTH,BELOW,BLOCKED,XUYEN,0,false,false
FILUSDT,40,2021-01-22 14:00,5,ABOVE,ABOVE,THROUGH,XUYEN,2,true,
FILUSDT,41,2021-01-25 05:00,10,BOTH,ABOVE,THROUGH,XUYEN,3,true,
FILUSDT,42,2021-01-25 22:30,3,BELOW,BELOW,THROUGH,XUYEN,2,true,
FILUSDT,43,2021-01-28 21:00,3,ABOVE,ABOVE,THROUGH,XUYEN,0,true,
FILUSDT,44,2021-01-29 23:30,39,BOTH,ABOVE,THROUGH,XUYEN,2,true,
FILUSDT,45,2021-02-01 07:30,4,BOTH,ABOVE,THROUGH,XUYEN,2,true,
FILUSDT,46,2021-02-01 23:00,4,ABOVE,ABOVE,THROUGH,XUYEN,0,true,
FILUSDT,47,2021-02-04 21:45,2,ABOVE,ABOVE,THROUGH,XUYEN,1,true,
FILUSDT,48,2021-02-10 04:00,3,BOTH,BELOW,THROUGH,XUYEN,2,true,
FILUSDT,49,2021-02-10 12:00,15,BOTH,BELOW,BLOCKED,XUYEN,2,false,false
FILUSDT,50,2021-02-11 16:00,41,BOTH,ABOVE,THROUGH,XUYEN,3,true,
FILUSDT,51,2021-02-17 15:45,27,BOTH,ABOVE,THROUGH,XUYEN,3,true,
FILUSDT,52,2021-02-21 12:30,2,ABOVE,ABOVE,BLOCKED,CHAN,1,false,true
FILUSDT,53,2021-02-21 20:00,2,BELOW,BELOW,BLOCKED,CHAN,2,false,true
FILUSDT,54,2021-02-24 20:15,45,BOTH,BELOW,BLOCKED,XUYEN,4,false,false
FILUSDT,55,2021-03-03 15:30,2,ABOVE,ABOVE,BLOCKED,CHAN,4,false,true
FILUSDT,56,2021-03-03 23:00,9,BOTH,ABOVE,THROUGH,XUYEN,1,true,
FILUSDT,57,2021-03-05 00:00,16,BOTH,BELOW,BLOCKED,XUYEN,1,false,false
FILUSDT,58,2021-03-07 23:30,16,BOTH,ABOVE,BLOCKED,XUYEN,3,false,false
FILUSDT,60,2021-03-12 00:00,8,BOTH,ABOVE,THROUGH,XUYEN,0,true,
FILUSDT,62,2021-03-15 02:30,6,BOTH,ABOVE,THROUGH,XUYEN,2,true,
FILUSDT,63,2021-03-15 21:45,7,BOTH,ABOVE,THROUGH,XUYEN,1,true,
FILUSDT,65,2021-03-22 05:30,9,BOTH,ABOVE,THROUGH,XUYEN,1,true,
FILUSDT,67,2021-03-27 11:00,9,BOTH,BELOW,THROUGH,XUYEN,3,true,
FILUSDT,68,2021-04-01 03:30,1,ABOVE,ABOVE,BLOCKED,CHAN,3,false,
FILUSDT,70,2021-04-03 15:45,3,BOTH,BELOW,THROUGH,XUYEN,1,true,
FILUSDT,71,2021-04-05 14:30,5,BOTH,ABOVE,BLOCKED,CHAN,3,false,true
FILUSDT,72,2021-04-05 21:30,11,BOTH,BELOW,THROUGH,XUYEN,3,true,
FILUSDT,73,2021-04-06 14:00,2,BELOW,BELOW,BLOCKED,CHAN,3,false,true
FILUSDT,75,2021-04-10 12:30,2,BELOW,BELOW,BLOCKED,CHAN,2,false,true
FILUSDT,76,2021-04-10 18:00,32,BOTH,BELOW,BLOCKED,XUYEN,3,false,false
FILUSDT,78,2021-04-13 13:00,31,BOTH,ABOVE,THROUGH,XUYEN,2,true,
FILUSDT,79,2021-04-24 22:30,10,BOTH,ABOVE,BLOCKED,XUYEN,1,false,false
FILUSDT,80,2021-04-25 20:45,2,BELOW,BELOW,THROUGH,XUYEN,1,true,
FILUSDT,82,2021-04-30 10:45,4,BOTH,BELOW,THROUGH,XUYEN,3,true,
FILUSDT,83,2021-05-02 23:00,11,BOTH,ABOVE,BLOCKED,XUYEN,1,false,false
FILUSDT,84,2021-05-06 15:15,3,ABOVE,ABOVE,BLOCKED,XUYEN,1,false,false
FILUSDT,86,2021-05-15 16:00,2,BELOW,BELOW,BLOCKED,CHAN,1,false,true
FILUSDT,87,2021-05-19 11:15,23,BOTH,BELOW,BLOCKED,XUYEN,3,false,false
FILUSDT,89,2021-05-24 16:00,3,BOTH,BELOW,THROUGH,XUYEN,2,true,
FILUSDT,90,2021-05-25 10:00,46,BOTH,BELOW,BLOCKED,XUYEN,3,false,false
FILUSDT,91,2021-06-01 08:00,21,BOTH,BELOW,BLOCKED,XUYEN,4,false,false
FILUSDT,92,2021-06-03 19:45,14,BOTH,ABOVE,THROUGH,XUYEN,3,true,
FILUSDT,93,2021-06-04 16:00,37,BOTH,ABOVE,THROUGH,XUYEN,3,true,
FILUSDT,95,2021-06-21 15:30,13,BOTH,BELOW,BLOCKED,XUYEN,2,false,false
FILUSDT,96,2021-06-25 15:45,24,BOTH,BELOW,BLOCKED,XUYEN,3,false,false
FILUSDT,97,2021-06-29 09:15,23,BOTH,ABOVE,THROUGH,XUYEN,1,true,
FILUSDT,98,2021-07-03 07:30,29,BOTH,ABOVE,BLOCKED,XUYEN,3,false,false
FILUSDT,99,2021-07-08 16:00,8,BOTH,BELOW,BLOCKED,XUYEN,3,false,false
FILUSDT,100,2021-07-09 18:45,27,BOTH,BELOW,THROUGH,XUYEN,1,true,
FILUSDT,101,2021-07-13 04:30,6,BELOW,BELOW,BLOCKED,CHAN,2,false,true
FILUSDT,102,2021-07-14 03:15,10,BOTH,BELOW,THROUGH,XUYEN,1,true,
FILUSDT,103,2021-07-16 23:30,1,BELOW,BELOW,BLOCKED,CHAN,2,false,
FILUSDT,104,2021-07-17 05:15,16,BOTH,ABOVE,BLOCKED,XUYEN,2,false,false
FILUSDT,105,2021-07-18 14:30,10,BOTH,BELOW,THROUGH,XUYEN,0,true,
FILUSDT,106,2021-07-21 13:30,1,ABOVE,ABOVE,BLOCKED,CHAN,2,false,
FILUSDT,107,2021-07-24 08:00,3,BOTH,BELOW,THROUGH,XUYEN,0,true,
FILUSDT,108,2021-07-24 19:00,14,BOTH,BELOW,BLOCKED,XUYEN,0,false,false
FILUSDT,109,2021-07-27 10:30,28,BOTH,ABOVE,THROUGH,XUYEN,1,true,
FILUSDT,110,2021-08-01 02:45,17,BOTH,ABOVE,BLOCKED,XUYEN,2,false,false
FILUSDT,111,2021-08-03 21:00,1,ABOVE,ABOVE,BLOCKED,CHAN,2,false,
FILUSDT,112,2021-08-06 22:45,1,ABOVE,ABOVE,THROUGH,XUYEN,1,true,
FILUSDT,113,2021-08-11 09:45,10,BOTH,ABOVE,BLOCKED,XUYEN,1,false,false
FILUSDT,114,2021-08-13 20:00,4,ABOVE,ABOVE,BLOCKED,CHAN,1,false,true
FILUSDT,115,2021-08-15 09:00,23,BOTH,BELOW,BLOCKED,XUYEN,3,false,false
FILUSDT,116,2021-08-21 09:45,8,ABOVE,ABOVE,THROUGH,XUYEN,0,true,
FILUSDT,117,2021-08-26 12:00,35,BOTH,BELOW,BLOCKED,XUYEN,2,false,false
FILUSDT,121,2021-09-09 04:45,9,BOTH,ABOVE,THROUGH,XUYEN,3,true,
FILUSDT,123,2021-09-13 13:30,20,BOTH,ABOVE,THROUGH,XUYEN,1,true,
FILUSDT,124,2021-09-15 01:00,2,ABOVE,ABOVE,BLOCKED,CHAN,2,false,true
FILUSDT,125,2021-09-18 20:00,22,BOTH,BELOW,THROUGH,XUYEN,3,true,
FILUSDT,127,2021-09-26 07:30,5,BOTH,BELOW,BLOCKED,XUYEN,1,false,false
FILUSDT,128,2021-09-26 22:45,9,BOTH,BELOW,THROUGH,XUYEN,1,true,
FILUSDT,129,2021-09-27 09:15,18,BOTH,ABOVE,BLOCKED,CHAN,3,false,true
FILUSDT,130,2021-09-29 09:00,8,BOTH,BELOW,THROUGH,XUYEN,2,true,
FILUSDT,131,2021-10-01 22:00,10,BOTH,ABOVE,BLOCKED,XUYEN,3,false,false
FILUSDT,132,2021-10-02 13:45,43,BOTH,ABOVE,BLOCKED,XUYEN,3,false,false
FILUSDT,134,2021-10-10 21:00,21,BOTH,BELOW,BLOCKED,XUYEN,2,false,false
FILUSDT,136,2021-10-13 18:45,7,BOTH,BELOW,BLOCKED,XUYEN,1,false,false
FILUSDT,137,2021-10-14 09:00,9,BOTH,ABOVE,BLOCKED,XUYEN,2,false,false
FILUSDT,138,2021-10-15 08:00,1,BELOW,BELOW,BLOCKED,CHAN,2,false,
FILUSDT,139,2021-10-15 20:15,9,BOTH,ABOVE,THROUGH,XUYEN,3,true,
FILUSDT,140,2021-10-16 17:00,1,BELOW,BELOW,BLOCKED,CHAN,1,false,
FILUSDT,142,2021-10-17 20:00,5,BOTH,BELOW,THROUGH,XUYEN,2,true,
FILUSDT,143,2021-10-18 22:00,6,ABOVE,ABOVE,BLOCKED,CHAN,1,false,true
FILUSDT,144,2021-10-19 11:30,17,BOTH,ABOVE,BLOCKED,XUYEN,1,false,false
FILUSDT,147,2021-10-24 11:30,17,BOTH,BELOW,THROUGH,XUYEN,1,true,
FILUSDT,149,2021-10-31 10:00,5,BOTH,BELOW,BLOCKED,XUYEN,3,false,false
FILUSDT,150,2021-11-03 18:00,19,BOTH,ABOVE,THROUGH,XUYEN,1,true,
FILUSDT,151,2021-11-06 07:15,10,BOTH,BELOW,BLOCKED,XUYEN,4,false,false
FILUSDT,152,2021-11-09 13:00,3,BOTH,ABOVE,THROUGH,XUYEN,2,true,
FILUSDT,153,2021-11-12 06:45,20,BOTH,ABOVE,THROUGH,XUYEN,0,true,
FILUSDT,154,2021-11-15 20:30,3,BOTH,BELOW,THROUGH,XUYEN,2,true,
FILUSDT,155,2021-11-17 23:45,3,ABOVE,ABOVE,BLOCKED,CHAN,2,false,true
FILUSDT,156,2021-11-18 03:45,1,ABOVE,ABOVE,THROUGH,XUYEN,1,true,
FILUSDT,157,2021-11-20 15:00,12,BOTH,BELOW,THROUGH,XUYEN,3,true,
FILUSDT,158,2021-11-22 17:30,4,BELOW,BELOW,BLOCKED,CHAN,0,false,true
FILUSDT,159,2021-11-23 09:30,11,BOTH,ABOVE,THROUGH,XUYEN,0,true,
FILUSDT,160,2021-11-24 13:45,8,BOTH,BELOW,THROUGH,XUYEN,1,true,
FILUSDT,161,2021-11-27 01:30,10,ABOVE,ABOVE,BLOCKED,CHAN,2,false,true
FILUSDT,162,2021-11-28 17:30,19,BOTH,BELOW,BLOCKED,XUYEN,4,false,false
FILUSDT,163,2021-12-02 03:00,9,BELOW,BELOW,BLOCKED,CHAN,3,false,true
FILUSDT,165,2021-12-06 05:00,18,BOTH,BELOW,BLOCKED,XUYEN,3,false,false
FILUSDT,167,2021-12-08 10:30,9,BOTH,BELOW,BLOCKED,XUYEN,2,false,false
FILUSDT,168,2021-12-12 21:00,1,BELOW,BELOW,BLOCKED,CHAN,0,false,
FILUSDT,169,2021-12-14 04:00,6,BOTH,ABOVE,THROUGH,XUYEN,1,true,
FILUSDT,170,2021-12-15 03:45,1,ABOVE,ABOVE,BLOCKED,CHAN,0,false,
FILUSDT,171,2021-12-15 12:30,8,BOTH,BELOW,THROUGH,XUYEN,1,true,
FILUSDT,172,2021-12-21 03:00,1,ABOVE,ABOVE,BLOCKED,CHAN,2,false,
FILUSDT,173,2021-12-22 03:15,28,BOTH,ABOVE,THROUGH,XUYEN,3,true,
FILUSDT,174,2021-12-26 03:30,4,BOTH,BELOW,BLOCKED,XUYEN,2,false,false
FILUSDT,175,2021-12-28 04:15,4,BELOW,BELOW,BLOCKED,CHAN,4,false,true
FILUSDT,176,2021-12-28 14:30,1,BELOW,BELOW,BLOCKED,CHAN,3,false,
FILUSDT,177,2021-12-29 12:00,2,BELOW,BELOW,BLOCKED,CHAN,1,false,true
FILUSDT,178,2021-12-31 01:15,16,BOTH,ABOVE,THROUGH,XUYEN,1,true,
FILUSDT,179,2022-01-01 23:45,19,BOTH,ABOVE,BLOCKED,XUYEN,1,false,false
FILUSDT,180,2022-01-03 03:30,7,BOTH,BELOW,BLOCKED,XUYEN,1,false,false
FILUSDT,181,2022-01-04 03:15,7,BOTH,BELOW,THROUGH,XUYEN,0,true,
FILUSDT,183,2022-01-07 13:30,9,BOTH,BELOW,THROUGH,XUYEN,1,true,
FILUSDT,184,2022-01-12 11:30,10,BOTH,ABOVE,THROUGH,XUYEN,1,true,
FILUSDT,185,2022-01-15 23:00,8,BOTH,ABOVE,THROUGH,XUYEN,0,true,
FILUSDT,186,2022-01-16 13:15,2,BOTH,BELOW,THROUGH,XUYEN,0,true,
FILUSDT,187,2022-01-17 00:00,1,BELOW,BELOW,BLOCKED,CHAN,2,false,
FILUSDT,188,2022-01-17 21:00,5,BOTH,BELOW,THROUGH,XUYEN,1,true,
FILUSDT,189,2022-01-19 03:30,2,BELOW,BELOW,BLOCKED,CHAN,2,false,true
FILUSDT,190,2022-01-20 13:30,2,BOTH,ABOVE,THROUGH,XUYEN,1,true,
FILUSDT,192,2022-01-21 06:30,4,BOTH,BELOW,THROUGH,XUYEN,3,true,
FILUSDT,194,2022-01-21 20:00,1,BELOW,BELOW,BLOCKED,CHAN,3,false,
FILUSDT,196,2022-01-22 02:00,2,ABOVE,ABOVE,THROUGH,XUYEN,3,true,
FILUSDT,197,2022-01-29 11:00,18,BOTH,ABOVE,THROUGH,XUYEN,2,true,
FILUSDT,198,2022-02-02 09:30,4,BOTH,ABOVE,THROUGH,XUYEN,1,true,
FILUSDT,199,2022-02-03 01:45,15,BOTH,BELOW,BLOCKED,XUYEN,1,false,false
FILUSDT,200,2022-02-06 11:45,10,BOTH,BELOW,THROUGH,XUYEN,2,true,
FILUSDT,203,2022-02-12 10:30,37,BOTH,BELOW,THROUGH,XUYEN,2,true,
FILUSDT,204,2022-02-15 14:15,4,ABOVE,ABOVE,BLOCKED,XUYEN,2,false,false
FILUSDT,206,2022-02-18 23:45,8,BOTH,ABOVE,BLOCKED,XUYEN,2,false,false
FILUSDT,207,2022-02-22 03:00,42,BOTH,BELOW,BLOCKED,XUYEN,3,false,false
FILUSDT,208,2022-03-01 06:00,10,BOTH,BELOW,BLOCKED,XUYEN,1,false,false
FILUSDT,209,2022-03-03 03:30,1,BELOW,BELOW,BLOCKED,CHAN,1,false,
FILUSDT,210,2022-03-03 15:30,3,BELOW,BELOW,BLOCKED,CHAN,3,false,true
FILUSDT,211,2022-03-06 21:00,18,BOTH,ABOVE,THROUGH,XUYEN,0,true,
FILUSDT,212,2022-03-10 13:30,11,BOTH,BELOW,BLOCKED,XUYEN,2,false,false
FILUSDT,213,2022-03-11 20:45,4,BOTH,BELOW,THROUGH,XUYEN,2,true,
FILUSDT,214,2022-03-12 05:15,10,BOTH,ABOVE,BLOCKED,XUYEN,1,false,false
FILUSDT,215,2022-03-13 22:45,2,BELOW,BELOW,BLOCKED,CHAN,2,false,true
FILUSDT,216,2022-03-14 22:00,2,BOTH,ABOVE,THROUGH,XUYEN,1,true,
FILUSDT,217,2022-03-15 07:00,16,BOTH,BELOW,BLOCKED,XUYEN,1,false,false
FILUSDT,218,2022-03-17 04:15,23,BOTH,ABOVE,BLOCKED,XUYEN,0,false,false
FILUSDT,220,2022-03-22 19:45,5,BOTH,BELOW,THROUGH,XUYEN,1,true,
FILUSDT,221,2022-03-23 17:45,19,BOTH,BELOW,BLOCKED,XUYEN,1,false,false
FILUSDT,222,2022-03-25 17:00,7,BOTH,BELOW,BLOCKED,CHAN,3,false,true
FILUSDT,223,2022-03-29 09:45,3,BOTH,BELOW,THROUGH,XUYEN,3,true,
FILUSDT,224,2022-03-29 20:45,1,BELOW,BELOW,BLOCKED,CHAN,5,false,
FILUSDT,225,2022-03-30 01:30,24,BOTH,BELOW,BLOCKED,XUYEN,3,false,false
FILUSDT,226,2022-03-31 10:45,2,BOTH,BELOW,THROUGH,XUYEN,4,true,
FILUSDT,227,2022-04-01 21:45,30,BOTH,ABOVE,BLOCKED,XUYEN,0,false,false
FILUSDT,228,2022-04-08 22:00,32,BOTH,BELOW,BLOCKED,XUYEN,1,false,false
FILUSDT,229,2022-04-15 06:30,21,BOTH,BELOW,THROUGH,XUYEN,0,true,
FILUSDT,230,2022-04-16 15:00,1,BELOW,BELOW,THROUGH,XUYEN,0,true,
FILUSDT,232,2022-04-18 04:15,16,BOTH,BELOW,BLOCKED,XUYEN,2,false,false
FILUSDT,234,2022-04-19 20:30,6,BOTH,BELOW,BLOCKED,XUYEN,0,false,false
FILUSDT,237,2022-04-24 05:00,8,BOTH,BELOW,THROUGH,XUYEN,2,true,
FILUSDT,238,2022-04-24 11:45,8,BOTH,ABOVE,BLOCKED,XUYEN,2,false,false
FILUSDT,239,2022-04-25 18:45,8,BOTH,ABOVE,BLOCKED,XUYEN,3,false,false
FILUSDT,240,2022-04-30 11:00,7,BOTH,ABOVE,BLOCKED,XUYEN,1,false,false
FILUSDT,242,2022-05-03 18:00,3,BELOW,BELOW,BLOCKED,CHAN,3,false,true
FILUSDT,243,2022-05-04 00:45,6,ABOVE,ABOVE,BLOCKED,XUYEN,4,false,false
FILUSDT,244,2022-05-06 07:30,16,BOTH,BELOW,BLOCKED,XUYEN,1,false,false
FILUSDT,245,2022-05-07 12:30,4,BOTH,BELOW,THROUGH,XUYEN,1,true,
FILUSDT,246,2022-05-07 16:45,1,BELOW,BELOW,BLOCKED,CHAN,4,false,
FILUSDT,247,2022-05-08 17:00,6,BELOW,BELOW,BLOCKED,CHAN,1,false,true
FILUSDT,249,2022-05-16 06:00,1,BELOW,BELOW,BLOCKED,CHAN,2,false,
FILUSDT,250,2022-05-22 09:30,3,ABOVE,ABOVE,BLOCKED,CHAN,2,false,true
FILUSDT,252,2022-05-23 15:00,22,BOTH,ABOVE,BLOCKED,XUYEN,3,false,false
FILUSDT,253,2022-05-28 15:00,10,BOTH,ABOVE,THROUGH,XUYEN,1,true,
FILUSDT,254,2022-05-29 11:45,2,ABOVE,ABOVE,BLOCKED,CHAN,2,false,true
FILUSDT,255,2022-05-31 13:30,9,BELOW,BELOW,BLOCKED,CHAN,2,false,true
FILUSDT,256,2022-06-07 11:00,5,BOTH,BELOW,THROUGH,XUYEN,0,true,
FILUSDT,257,2022-06-07 19:30,13,BOTH,ABOVE,THROUGH,XUYEN,2,true,
FILUSDT,260,2022-06-16 19:30,21,BOTH,BELOW,THROUGH,XUYEN,4,true,
FILUSDT,261,2022-06-18 06:45,12,BOTH,BELOW,THROUGH,XUYEN,1,true,
FILUSDT,262,2022-06-21 05:15,1,ABOVE,ABOVE,BLOCKED,CHAN,1,false,
FILUSDT,264,2022-06-22 01:45,2,BELOW,BELOW,BLOCKED,CHAN,2,false,true
FILUSDT,265,2022-06-23 22:00,3,ABOVE,ABOVE,BLOCKED,CHAN,1,false,true
FILUSDT,266,2022-06-24 17:00,22,BOTH,ABOVE,BLOCKED,XUYEN,3,false,false
FILUSDT,267,2022-06-27 18:00,11,BOTH,ABOVE,THROUGH,XUYEN,1,true,
FILUSDT,268,2022-07-03 04:45,1,BELOW,BELOW,BLOCKED,CHAN,2,false,
FILUSDT,269,2022-07-03 19:30,8,BOTH,ABOVE,THROUGH,XUYEN,1,true,
FILUSDT,270,2022-07-06 22:00,4,ABOVE,ABOVE,BLOCKED,CHAN,2,false,true
FILUSDT,271,2022-07-10 10:45,2,BELOW,BELOW,BLOCKED,CHAN,1,false,true
FILUSDT,272,2022-07-11 05:45,5,BELOW,BELOW,BLOCKED,CHAN,2,false,true
FILUSDT,273,2022-07-11 13:30,6,BOTH,BELOW,THROUGH,XUYEN,2,true,
FILUSDT,274,2022-07-12 05:00,2,ABOVE,ABOVE,THROUGH,XUYEN,2,true,
FILUSDT,275,2022-07-12 09:30,2,BOTH,BELOW,THROUGH,XUYEN,3,true,
FILUSDT,276,2022-07-13 04:30,10,BOTH,BELOW,THROUGH,XUYEN,0,true,
FILUSDT,278,2022-07-17 23:15,19,BOTH,BELOW,BLOCKED,XUYEN,1,false,false
FILUSDT,279,2022-07-19 19:30,15,BOTH,ABOVE,THROUGH,XUYEN,2,true,
FILUSDT,280,2022-07-21 19:00,3,ABOVE,ABOVE,BLOCKED,CHAN,1,false,true
FILUSDT,281,2022-07-22 19:30,9,BOTH,BELOW,THROUGH,XUYEN,1,true,
FILUSDT,284,2022-07-26 08:30,11,BOTH,ABOVE,THROUGH,XUYEN,2,true,
FILUSDT,288,2022-08-07 17:00,8,BOTH,ABOVE,THROUGH,XUYEN,2,true,
FILUSDT,289,2022-08-08 02:45,6,BOTH,ABOVE,THROUGH,XUYEN,3,true,
FILUSDT,290,2022-08-12 06:00,7,BOTH,ABOVE,THROUGH,XUYEN,2,true,
FILUSDT,291,2022-08-13 01:00,5,ABOVE,ABOVE,BLOCKED,XUYEN,3,false,false
FILUSDT,292,2022-08-13 19:15,15,BOTH,BELOW,BLOCKED,XUYEN,3,false,false
FILUSDT,293,2022-08-16 09:00,12,BOTH,ABOVE,BLOCKED,XUYEN,1,false,false
FILUSDT,295,2022-08-19 21:45,8,BOTH,BELOW,BLOCKED,XUYEN,0,false,false
FILUSDT,296,2022-08-21 20:45,40,BOTH,ABOVE,THROUGH,XUYEN,0,true,
FILUSDT,297,2022-08-26 00:00,2,BELOW,BELOW,BLOCKED,CHAN,1,false,true
FILUSDT,298,2022-08-26 22:30,32,BOTH,BELOW,BLOCKED,XUYEN,1,false,false
FILUSDT,299,2022-08-29 20:00,11,BOTH,ABOVE,THROUGH,XUYEN,1,true,
FILUSDT,300,2022-09-03 18:00,8,BOTH,BELOW,BLOCKED,XUYEN,2,false,false
FILUSDT,302,2022-09-07 20:15,12,BOTH,ABOVE,THROUGH,XUYEN,1,true,
FILUSDT,303,2022-09-10 21:45,12,BOTH,ABOVE,THROUGH,XUYEN,1,true,
FILUSDT,305,2022-09-18 09:00,1,ABOVE,ABOVE,THROUGH,XUYEN,0,true,
FILUSDT,307,2022-09-19 02:15,33,BOTH,BELOW,BLOCKED,XUYEN,3,false,false
FILUSDT,308,2022-09-27 03:15,17,BOTH,ABOVE,THROUGH,XUYEN,2,true,
FILUSDT,310,2022-10-02 19:00,9,BOTH,ABOVE,BLOCKED,XUYEN,3,false,false
FILUSDT,311,2022-10-04 01:45,3,ABOVE,ABOVE,THROUGH,XUYEN,0,true,
FILUSDT,312,2022-10-04 12:30,27,BOTH,BELOW,THROUGH,XUYEN,3,true,
FILUSDT,313,2022-10-07 06:15,5,BELOW,BELOW,BLOCKED,CHAN,0,false,true
FILUSDT,314,2022-10-08 21:30,8,BOTH,BELOW,BLOCKED,XUYEN,2,false,false
FILUSDT,315,2022-10-09 17:45,11,BOTH,ABOVE,BLOCKED,XUYEN,2,false,false
FILUSDT,317,2022-10-11 20:00,23,BOTH,BELOW,BLOCKED,XUYEN,2,false,false
FILUSDT,318,2022-10-13 06:30,16,BOTH,BELOW,THROUGH,XUYEN,2,true,
FILUSDT,319,2022-10-15 08:30,1,BELOW,BELOW,THROUGH,XUYEN,0,true,
FILUSDT,320,2022-10-15 16:00,17,BOTH,ABOVE,THROUGH,XUYEN,3,true,
FILUSDT,321,2022-10-16 19:30,23,BOTH,ABOVE,BLOCKED,XUYEN,0,false,false
FILUSDT,322,2022-10-19 18:00,6,BOTH,ABOVE,BLOCKED,XUYEN,3,false,false
FILUSDT,323,2022-10-23 02:15,1,ABOVE,ABOVE,BLOCKED,CHAN,1,false,
FILUSDT,324,2022-10-24 14:15,1,BELOW,BELOW,THROUGH,XUYEN,1,true,
FILUSDT,325,2022-10-26 22:00,17,BOTH,BELOW,THROUGH,XUYEN,0,true,
FILUSDT,326,2022-10-30 22:00,28,BOTH,BELOW,BLOCKED,XUYEN,0,false,false
FILUSDT,327,2022-11-02 00:00,8,BOTH,BELOW,THROUGH,XUYEN,0,true,
FILUSDT,328,2022-11-03 16:00,14,BOTH,ABOVE,BLOCKED,XUYEN,4,false,false
FILUSDT,330,2022-11-05 23:00,4,BELOW,BELOW,BLOCKED,CHAN,0,false,true
FILUSDT,331,2022-11-06 10:15,2,ABOVE,ABOVE,THROUGH,XUYEN,1,true,
FILUSDT,334,2022-11-09 15:30,13,BOTH,BELOW,THROUGH,XUYEN,2,true,
FILUSDT,335,2022-11-16 05:15,2,BOTH,ABOVE,THROUGH,XUYEN,1,true,
FILUSDT,336,2022-11-17 08:00,23,BOTH,ABOVE,THROUGH,XUYEN,0,true,
FILUSDT,337,2022-11-19 12:00,11,BOTH,BELOW,BLOCKED,XUYEN,4,false,false
FILUSDT,338,2022-11-20 20:15,28,BOTH,BELOW,BLOCKED,XUYEN,2,false,false
FILUSDT,339,2022-11-27 16:00,6,BOTH,ABOVE,THROUGH,XUYEN,2,true,
FILUSDT,340,2022-11-27 23:00,4,BOTH,BELOW,THROUGH,XUYEN,2,true,
FILUSDT,341,2022-11-30 17:15,18,BOTH,BELOW,THROUGH,XUYEN,1,true,
FILUSDT,343,2022-12-03 06:00,5,BOTH,BELOW,THROUGH,XUYEN,3,true,
FILUSDT,344,2022-12-03 19:30,3,BOTH,BELOW,BLOCKED,XUYEN,1,false,false
FILUSDT,345,2022-12-05 19:15,10,BOTH,BELOW,THROUGH,XUYEN,1,true,
FILUSDT,346,2022-12-06 15:30,3,ABOVE,ABOVE,BLOCKED,CHAN,2,false,true
FILUSDT,347,2022-12-06 21:30,7,BOTH,ABOVE,THROUGH,XUYEN,3,true,
FILUSDT,348,2022-12-07 20:00,7,BOTH,BELOW,BLOCKED,XUYEN,2,false,false
FILUSDT,349,2022-12-09 18:00,12,BOTH,BELOW,THROUGH,XUYEN,3,true,
FILUSDT,350,2022-12-12 02:45,3,BELOW,BELOW,BLOCKED,CHAN,1,false,true
FILUSDT,351,2022-12-13 01:30,6,BOTH,BELOW,THROUGH,XUYEN,1,true,
FILUSDT,355,2022-12-18 02:30,6,BOTH,ABOVE,BLOCKED,XUYEN,2,false,false
FILUSDT,356,2022-12-19 10:15,7,BOTH,ABOVE,THROUGH,XUYEN,3,true,
FILUSDT,357,2022-12-19 17:15,17,BOTH,BELOW,BLOCKED,XUYEN,1,false,false
FILUSDT,358,2022-12-21 13:30,13,BOTH,BELOW,BLOCKED,XUYEN,2,false,false
FILUSDT,359,2022-12-23 13:30,11,BOTH,ABOVE,THROUGH,XUYEN,1,true,
FILUSDT,360,2022-12-25 14:30,7,BOTH,BELOW,BLOCKED,XUYEN,0,false,false
FILUSDT,361,2022-12-26 10:30,4,ABOVE,ABOVE,BLOCKED,CHAN,1,false,true
FILUSDT,362,2022-12-27 09:45,32,BOTH,ABOVE,BLOCKED,XUYEN,1,false,false
FILUSDT,364,2023-01-02 12:15,23,BOTH,ABOVE,THROUGH,XUYEN,2,true,
FILUSDT,366,2023-01-07 19:30,7,BOTH,ABOVE,THROUGH,XUYEN,1,true,
FILUSDT,367,2023-01-11 13:30,4,BOTH,BELOW,THROUGH,XUYEN,1,true,
FILUSDT,368,2023-01-14 14:30,8,BOTH,BELOW,THROUGH,XUYEN,1,true,
FILUSDT,370,2023-01-16 12:30,8,BOTH,BELOW,BLOCKED,XUYEN,2,false,false
FILUSDT,371,2023-01-17 00:00,3,BOTH,ABOVE,THROUGH,XUYEN,2,true,
FILUSDT,372,2023-01-17 11:00,11,BOTH,ABOVE,BLOCKED,XUYEN,2,false,false
FILUSDT,373,2023-01-18 13:30,1,ABOVE,ABOVE,THROUGH,XUYEN,1,true,
FILUSDT,374,2023-01-18 20:30,30,BOTH,BELOW,THROUGH,XUYEN,2,true,
FILUSDT,375,2023-01-20 12:00,2,ABOVE,ABOVE,BLOCKED,CHAN,4,false,true
FILUSDT,376,2023-01-21 00:00,2,BELOW,BELOW,THROUGH,XUYEN,0,true,
FILUSDT,379,2023-01-26 13:30,22,BOTH,BELOW,THROUGH,XUYEN,1,true,
FILUSDT,380,2023-01-28 05:45,11,BOTH,ABOVE,THROUGH,XUYEN,0,true,
FILUSDT,382,2023-01-30 19:00,7,BOTH,BELOW,BLOCKED,XUYEN,3,false,false
FILUSDT,383,2023-01-31 13:15,2,ABOVE,ABOVE,BLOCKED,CHAN,1,false,true
FILUSDT,384,2023-02-03 06:00,10,BOTH,ABOVE,THROUGH,XUYEN,2,true,
FILUSDT,386,2023-02-05 12:45,13,BOTH,BELOW,THROUGH,XUYEN,1,true,
FILUSDT,387,2023-02-10 14:30,17,BOTH,ABOVE,BLOCKED,XUYEN,2,false,false
FILUSDT,388,2023-02-20 13:45,13,BOTH,BELOW,BLOCKED,XUYEN,3,false,false
FILUSDT,389,2023-02-23 15:30,12,BOTH,ABOVE,THROUGH,XUYEN,2,true,
FILUSDT,390,2023-02-24 09:15,2,BELOW,BELOW,BLOCKED,CHAN,4,false,true
FILUSDT,391,2023-02-28 21:00,8,BOTH,BELOW,THROUGH,XUYEN,3,true,
FILUSDT,392,2023-03-07 15:00,4,BOTH,BELOW,THROUGH,XUYEN,2,true,
FILUSDT,393,2023-03-07 19:45,40,BOTH,BELOW,THROUGH,XUYEN,3,true,
FILUSDT,394,2023-03-18 16:30,34,BOTH,ABOVE,BLOCKED,XUYEN,1,false,false
FILUSDT,395,2023-03-22 06:00,16,BOTH,BELOW,BLOCKED,XUYEN,3,false,false
FILUSDT,396,2023-03-24 11:45,2,BELOW,BELOW,BLOCKED,CHAN,3,false,true
FILUSDT,397,2023-03-26 08:30,9,ABOVE,ABOVE,BLOCKED,CHAN,1,false,true
FILUSDT,399,2023-03-27 22:00,4,BOTH,BELOW,THROUGH,XUYEN,3,true,
FILUSDT,400,2023-03-28 09:45,10,BOTH,BELOW,THROUGH,XUYEN,2,true,
FILUSDT,402,2023-04-01 06:15,12,BOTH,BELOW,THROUGH,XUYEN,1,true,
FILUSDT,403,2023-04-02 15:00,2,BELOW,BELOW,BLOCKED,CHAN,1,false,true
FILUSDT,404,2023-04-04 11:00,40,BOTH,ABOVE,THROUGH,XUYEN,1,true,
FILUSDT,406,2023-04-09 14:15,11,BOTH,BELOW,THROUGH,XUYEN,2,true,
FILUSDT,407,2023-04-11 09:45,7,BOTH,BELOW,BLOCKED,XUYEN,1,false,false
FILUSDT,408,2023-04-12 12:30,7,BOTH,ABOVE,BLOCKED,XUYEN,1,false,false
FILUSDT,409,2023-04-13 08:30,1,ABOVE,ABOVE,BLOCKED,CHAN,1,false,
FILUSDT,410,2023-04-16 13:45,7,BOTH,BELOW,THROUGH,XUYEN,2,true,
FILUSDT,412,2023-04-17 15:30,8,BOTH,BELOW,BLOCKED,XUYEN,3,false,false
FILUSDT,414,2023-04-19 21:15,12,BOTH,BELOW,BLOCKED,XUYEN,3,false,false
FILUSDT,415,2023-04-26 12:15,8,BOTH,ABOVE,THROUGH,XUYEN,1,true,
FILUSDT,416,2023-04-29 17:30,6,BOTH,BELOW,THROUGH,XUYEN,0,true,
FILUSDT,417,2023-05-01 05:30,5,BOTH,BELOW,BLOCKED,XUYEN,3,false,false
FILUSDT,418,2023-05-03 00:00,16,BOTH,BELOW,THROUGH,XUYEN,1,true,
FILUSDT,419,2023-05-05 01:30,1,ABOVE,ABOVE,BLOCKED,CHAN,1,false,
FILUSDT,420,2023-05-05 05:15,8,BOTH,BELOW,THROUGH,XUYEN,1,true,
FILUSDT,421,2023-05-06 08:00,1,BELOW,BELOW,BLOCKED,CHAN,3,false,
FILUSDT,422,2023-05-08 07:45,5,BOTH,BELOW,THROUGH,XUYEN,2,true,
FILUSDT,424,2023-05-12 05:45,10,BOTH,BELOW,THROUGH,XUYEN,1,true,
FILUSDT,425,2023-05-14 13:45,17,BOTH,ABOVE,THROUGH,XUYEN,2,true,
FILUSDT,426,2023-05-16 12:30,17,BOTH,BELOW,BLOCKED,XUYEN,4,false,false
FILUSDT,427,2023-05-17 20:15,5,BOTH,BELOW,BLOCKED,XUYEN,0,false,false
FILUSDT,428,2023-05-20 17:30,12,ABOVE,ABOVE,BLOCKED,CHAN,1,false,true
FILUSDT,430,2023-05-21 21:00,17,BOTH,BELOW,BLOCKED,XUYEN,3,false,false
FILUSDT,431,2023-05-24 13:45,9,BOTH,BELOW,THROUGH,XUYEN,3,true,
FILUSDT,432,2023-05-25 12:00,2,BOTH,ABOVE,BLOCKED,CHAN,3,false,true
FILUSDT,433,2023-05-25 19:00,31,BOTH,BELOW,BLOCKED,CHAN,5,false,true
FILUSDT,434,2023-06-03 20:30,3,BELOW,BELOW,BLOCKED,CHAN,2,false,true
FILUSDT,435,2023-06-05 12:45,3,ABOVE,ABOVE,THROUGH,XUYEN,2,true,
FILUSDT,436,2023-06-07 21:00,14,BOTH,BELOW,BLOCKED,XUYEN,2,false,false
FILUSDT,437,2023-06-08 12:30,7,BOTH,ABOVE,THROUGH,XUYEN,4,true,
FILUSDT,440,2023-06-11 22:30,9,BOTH,BELOW,BLOCKED,XUYEN,1,false,false
FILUSDT,441,2023-06-14 01:45,11,BOTH,ABOVE,THROUGH,XUYEN,2,true,
FILUSDT,443,2023-06-16 11:15,3,BELOW,BELOW,THROUGH,XUYEN,2,true,
FILUSDT,444,2023-06-17 00:00,3,BELOW,BELOW,BLOCKED,XUYEN,0,false,false
FILUSDT,445,2023-06-17 05:30,39,BOTH,ABOVE,BLOCKED,XUYEN,2,false,false
FILUSDT,447,2023-06-22 11:00,41,BOTH,BELOW,BLOCKED,XUYEN,1,false,false
FILUSDT,448,2023-06-27 14:00,9,BOTH,ABOVE,THROUGH,XUYEN,2,true,
FILUSDT,450,2023-06-28 17:00,7,BOTH,BELOW,THROUGH,XUYEN,1,true,
FILUSDT,451,2023-06-30 13:30,3,BELOW,BELOW,BLOCKED,CHAN,1,false,true
FILUSDT,452,2023-07-01 13:30,7,ABOVE,ABOVE,BLOCKED,CHAN,3,false,true
FILUSDT,453,2023-07-02 12:30,8,BOTH,ABOVE,BLOCKED,XUYEN,2,false,false
FILUSDT,454,2023-07-04 14:00,5,BOTH,ABOVE,THROUGH,XUYEN,1,true,
FILUSDT,455,2023-07-04 19:00,11,BOTH,BELOW,THROUGH,XUYEN,2,true,
FILUSDT,456,2023-07-05 10:30,11,BOTH,BELOW,THROUGH,XUYEN,2,true,
FILUSDT,457,2023-07-10 00:00,16,BOTH,BELOW,THROUGH,XUYEN,2,true,
FILUSDT,458,2023-07-12 12:30,9,BOTH,ABOVE,THROUGH,XUYEN,2,true,
FILUSDT,459,2023-07-12 19:15,5,BELOW,BELOW,BLOCKED,CHAN,1,false,true
FILUSDT,461,2023-07-13 23:45,13,BOTH,ABOVE,BLOCKED,XUYEN,2,false,false
FILUSDT,462,2023-07-14 22:45,21,BOTH,BELOW,THROUGH,XUYEN,3,true,
FILUSDT,463,2023-07-16 02:15,15,BOTH,BELOW,BLOCKED,XUYEN,3,false,false
FILUSDT,464,2023-07-18 16:45,16,BOTH,BELOW,BLOCKED,XUYEN,4,false,false
FILUSDT,466,2023-07-22 09:45,8,BOTH,BELOW,THROUGH,XUYEN,3,true,
FILUSDT,467,2023-07-22 23:15,2,BELOW,BELOW,THROUGH,XUYEN,2,true,
FILUSDT,468,2023-07-24 03:30,2,BELOW,BELOW,BLOCKED,CHAN,2,false,true
FILUSDT,469,2023-07-24 09:45,14,BOTH,BELOW,THROUGH,XUYEN,3,true,
FILUSDT,470,2023-07-27 18:30,7,BOTH,BELOW,THROUGH,XUYEN,1,true,
FILUSDT,471,2023-07-28 11:45,8,ABOVE,ABOVE,BLOCKED,CHAN,1,false,true
FILUSDT,472,2023-07-29 08:30,22,BOTH,BELOW,BLOCKED,XUYEN,2,false,false
FILUSDT,474,2023-07-31 19:45,1,BELOW,BELOW,BLOCKED,CHAN,2,false,
FILUSDT,475,2023-08-01 02:00,25,BOTH,BELOW,BLOCKED,XUYEN,1,false,false
FILUSDT,476,2023-08-04 12:30,10,BOTH,ABOVE,BLOCKED,XUYEN,2,false,false
FILUSDT,477,2023-08-06 02:00,5,ABOVE,ABOVE,BLOCKED,CHAN,4,false,true
FILUSDT,478,2023-08-06 20:45,7,BOTH,ABOVE,BLOCKED,XUYEN,1,false,false
FILUSDT,479,2023-08-08 06:45,13,BOTH,BELOW,THROUGH,XUYEN,0,true,
FILUSDT,482,2023-08-15 11:30,4,BOTH,BELOW,THROUGH,XUYEN,3,true,
FILUSDT,484,2023-08-16 20:15,1,BELOW,BELOW,BLOCKED,CHAN,1,false,
FILUSDT,485,2023-08-17 15:30,3,BELOW,BELOW,BLOCKED,CHAN,2,false,true
FILUSDT,486,2023-08-20 05:45,10,BOTH,BELOW,THROUGH,XUYEN,1,true,
FILUSDT,487,2023-08-21 00:00,2,BELOW,BELOW,BLOCKED,CHAN,2,false,true
FILUSDT,489,2023-08-22 21:15,1,BELOW,BELOW,THROUGH,XUYEN,2,true,
FILUSDT,490,2023-08-23 06:45,7,BOTH,ABOVE,THROUGH,XUYEN,1,true,
FILUSDT,491,2023-08-23 19:30,9,BOTH,ABOVE,THROUGH,XUYEN,3,true,
FILUSDT,493,2023-08-24 17:30,2,BELOW,BELOW,BLOCKED,CHAN,3,false,true
FILUSDT,494,2023-08-27 13:00,1,ABOVE,ABOVE,BLOCKED,CHAN,1,false,
FILUSDT,495,2023-08-28 01:15,5,ABOVE,ABOVE,BLOCKED,CHAN,1,false,true
FILUSDT,497,2023-08-29 20:30,1,BELOW,BELOW,BLOCKED,CHAN,1,false,
FILUSDT,498,2023-08-30 03:15,6,BELOW,BELOW,BLOCKED,CHAN,3,false,true
FILUSDT,499,2023-09-01 01:30,4,BOTH,BELOW,BLOCKED,XUYEN,2,false,false
FILUSDT,500,2023-09-01 06:00,9,BELOW,BELOW,BLOCKED,CHAN,4,false,true
FILUSDT,501,2023-09-02 10:30,30,BOTH,BELOW,BLOCKED,XUYEN,1,false,false
FILUSDT,502,2023-09-04 01:45,10,BOTH,ABOVE,THROUGH,XUYEN,2,true,
FILUSDT,503,2023-09-05 01:30,2,BOTH,BELOW,BLOCKED,CHAN,5,false,true
FILUSDT,504,2023-09-06 05:45,5,ABOVE,ABOVE,BLOCKED,CHAN,1,false,true
FILUSDT,505,2023-09-06 17:00,6,BOTH,BELOW,THROUGH,XUYEN,4,true,
FILUSDT,506,2023-09-07 01:30,8,BOTH,BELOW,BLOCKED,XUYEN,3,false,false
FILUSDT,507,2023-09-07 21:00,5,ABOVE,ABOVE,BLOCKED,CHAN,3,false,true
FILUSDT,508,2023-09-08 02:30,4,BOTH,BELOW,THROUGH,XUYEN,3,true,
FILUSDT,509,2023-09-08 10:00,16,BOTH,BELOW,BLOCKED,XUYEN,3,false,false
FILUSDT,510,2023-09-11 09:15,1,BELOW,BELOW,BLOCKED,CHAN,3,false,
FILUSDT,511,2023-09-11 19:15,5,BOTH,BELOW,THROUGH,XUYEN,3,true,
FILUSDT,512,2023-09-12 08:45,16,BOTH,BELOW,THROUGH,XUYEN,1,true,
FILUSDT,513,2023-09-13 07:30,1,BELOW,BELOW,THROUGH,XUYEN,3,true,
FILUSDT,514,2023-09-17 20:30,11,BOTH,BELOW,THROUGH,XUYEN,3,true,
FILUSDT,515,2023-09-20 09:45,8,BOTH,BELOW,BLOCKED,XUYEN,3,false,false
FILUSDT,516,2023-09-20 19:15,4,BELOW,BELOW,BLOCKED,CHAN,5,false,true
FILUSDT,518,2023-09-24 08:00,8,BOTH,ABOVE,BLOCKED,XUYEN,0,false,false
FILUSDT,519,2023-09-24 23:15,6,BELOW,BELOW,BLOCKED,CHAN,1,false,true
FILUSDT,520,2023-09-26 21:15,4,BOTH,BELOW,THROUGH,XUYEN,1,true,
FILUSDT,521,2023-09-27 09:30,10,BOTH,ABOVE,BLOCKED,XUYEN,1,false,false
FILUSDT,522,2023-09-29 14:00,12,BOTH,BELOW,THROUGH,XUYEN,2,true,
FILUSDT,524,2023-10-01 22:15,3,ABOVE,ABOVE,THROUGH,XUYEN,1,true,
FILUSDT,525,2023-10-05 12:00,3,BOTH,BELOW,THROUGH,XUYEN,0,true,
FILUSDT,526,2023-10-05 22:00,9,BOTH,BELOW,THROUGH,XUYEN,2,true,
FILUSDT,527,2023-10-06 12:30,3,BELOW,BELOW,THROUGH,XUYEN,0,true,
FILUSDT,528,2023-10-08 22:00,5,BOTH,BELOW,BLOCKED,XUYEN,3,false,false
FILUSDT,530,2023-10-11 02:30,18,BOTH,BELOW,BLOCKED,XUYEN,1,false,false
FILUSDT,531,2023-10-13 20:45,5,ABOVE,ABOVE,BLOCKED,CHAN,2,false,true
FILUSDT,532,2023-10-16 05:15,20,BOTH,ABOVE,THROUGH,XUYEN,1,true,
FILUSDT,533,2023-10-17 13:45,2,BELOW,BELOW,BLOCKED,CHAN,3,false,true
FILUSDT,534,2023-10-17 18:45,15,BOTH,BELOW,THROUGH,XUYEN,3,true,
FILUSDT,535,2023-10-18 12:45,1,BELOW,BELOW,BLOCKED,CHAN,3,false,
FILUSDT,536,2023-10-19 01:30,9,BOTH,BELOW,BLOCKED,XUYEN,1,false,false
FILUSDT,537,2023-10-24 10:30,11,BOTH,ABOVE,BLOCKED,XUYEN,3,false,false
FILUSDT,538,2023-10-28 19:15,6,BOTH,ABOVE,BLOCKED,XUYEN,2,false,false
FILUSDT,540,2023-10-30 17:00,6,BOTH,BELOW,THROUGH,XUYEN,1,true,
FILUSDT,541,2023-10-31 06:30,15,BOTH,BELOW,BLOCKED,XUYEN,2,false,false
FILUSDT,542,2023-11-02 19:15,5,ABOVE,ABOVE,BLOCKED,CHAN,1,false,true
FILUSDT,543,2023-11-03 16:45,7,BOTH,BELOW,BLOCKED,CHAN,4,false,true
FILUSDT,544,2023-11-19 00:00,14,BOTH,BELOW,BLOCKED,XUYEN,0,false,false
FILUSDT,547,2023-11-25 23:00,9,BOTH,ABOVE,THROUGH,XUYEN,2,true,
FILUSDT,548,2023-11-26 14:15,10,BOTH,BELOW,THROUGH,XUYEN,1,true,
FILUSDT,549,2023-12-03 11:15,3,BOTH,BELOW,THROUGH,XUYEN,1,true,
FILUSDT,550,2023-12-03 18:45,3,BOTH,BELOW,THROUGH,XUYEN,1,true,
FILUSDT,552,2023-12-04 11:00,22,BOTH,BELOW,BLOCKED,XUYEN,2,false,false
FILUSDT,554,2023-12-10 06:15,1,BELOW,BELOW,BLOCKED,CHAN,1,false,
FILUSDT,556,2023-12-11 18:00,21,BOTH,BELOW,THROUGH,XUYEN,2,true,
FILUSDT,557,2023-12-18 17:30,11,BOTH,ABOVE,BLOCKED,XUYEN,1,false,false
FILUSDT,558,2023-12-20 20:00,13,BOTH,BELOW,THROUGH,XUYEN,3,true,
FILUSDT,559,2023-12-23 18:45,3,ABOVE,ABOVE,BLOCKED,CHAN,2,false,true
FILUSDT,560,2023-12-24 05:30,23,BOTH,BELOW,THROUGH,XUYEN,2,true,
FILUSDT,561,2024-01-02 00:00,13,BOTH,BELOW,THROUGH,XUYEN,1,true,
FILUSDT,562,2024-01-03 04:00,2,ABOVE,ABOVE,THROUGH,XUYEN,1,true,
FILUSDT,563,2024-01-16 11:00,2,BOTH,BELOW,THROUGH,XUYEN,1,true,
FILUSDT,564,2024-01-16 18:30,19,BOTH,BELOW,THROUGH,XUYEN,3,true,
FILUSDT,565,2024-01-24 17:30,29,BOTH,ABOVE,THROUGH,XUYEN,3,true,
FILUSDT,566,2024-01-28 18:15,22,BOTH,BELOW,BLOCKED,XUYEN,3,false,false
FILUSDT,567,2024-02-01 01:15,3,BELOW,BELOW,BLOCKED,CHAN,2,false,true
FILUSDT,568,2024-02-01 11:15,6,BOTH,BELOW,BLOCKED,XUYEN,3,false,false
FILUSDT,569,2024-02-02 13:30,7,BOTH,BELOW,THROUGH,XUYEN,0,true,
FILUSDT,570,2024-02-03 00:00,14,BOTH,ABOVE,THROUGH,XUYEN,1,true,
FILUSDT,571,2024-02-07 14:45,1,BELOW,BELOW,THROUGH,XUYEN,0,true,
FILUSDT,572,2024-02-13 13:30,15,BOTH,BELOW,BLOCKED,XUYEN,2,false,false
FILUSDT,573,2024-02-17 14:30,2,BELOW,BELOW,THROUGH,XUYEN,3,true,
FILUSDT,574,2024-02-18 05:30,11,BOTH,ABOVE,THROUGH,XUYEN,1,true,
FILUSDT,575,2024-02-26 07:30,13,BOTH,BELOW,THROUGH,XUYEN,1,true,
FILUSDT,576,2024-02-27 15:45,19,BOTH,BELOW,THROUGH,XUYEN,2,true,
FILUSDT,577,2024-02-29 16:15,17,BOTH,ABOVE,THROUGH,XUYEN,3,true,
FILUSDT,578,2024-03-03 07:15,1,BELOW,BELOW,THROUGH,XUYEN,3,true,
FILUSDT,579,2024-03-03 14:15,38,BOTH,ABOVE,BLOCKED,XUYEN,2,false,false
FILUSDT,580,2024-03-20 15:15,2,BELOW,BELOW,THROUGH,XUYEN,1,true,
FILUSDT,581,2024-03-23 14:30,18,BOTH,ABOVE,BLOCKED,XUYEN,3,false,false
FILUSDT,583,2024-04-04 20:00,1,BELOW,BELOW,BLOCKED,CHAN,1,false,
FILUSDT,584,2024-04-06 08:45,8,BOTH,ABOVE,THROUGH,XUYEN,2,true,
FILUSDT,585,2024-04-08 07:30,8,BOTH,ABOVE,BLOCKED,XUYEN,1,false,false
FILUSDT,587,2024-04-14 22:00,28,BOTH,ABOVE,THROUGH,XUYEN,2,true,
FILUSDT,589,2024-04-19 23:00,11,BOTH,BELOW,BLOCKED,XUYEN,1,false,false
FILUSDT,590,2024-04-20 15:30,1,ABOVE,ABOVE,THROUGH,XUYEN,1,true,
FILUSDT,591,2024-04-24 18:45,1,BELOW,BELOW,BLOCKED,CHAN,3,false,
FILUSDT,592,2024-05-01 07:00,4,BOTH,BELOW,THROUGH,XUYEN,2,true,
FILUSDT,593,2024-05-03 12:30,14,BOTH,ABOVE,BLOCKED,XUYEN,1,false,false
FILUSDT,595,2024-05-15 07:00,4,BOTH,ABOVE,THROUGH,XUYEN,1,true,
FILUSDT,597,2024-05-16 09:45,9,BOTH,ABOVE,THROUGH,XUYEN,0,true,
FILUSDT,598,2024-05-19 15:00,9,BOTH,BELOW,BLOCKED,XUYEN,1,false,false
FILUSDT,599,2024-05-23 20:00,7,BOTH,BELOW,THROUGH,XUYEN,4,true,
FILUSDT,600,2024-05-24 12:00,4,BOTH,ABOVE,THROUGH,XUYEN,1,true,
FILUSDT,601,2024-05-27 19:45,4,BELOW,BELOW,BLOCKED,CHAN,1,false,true
FILUSDT,602,2024-05-28 18:30,5,BOTH,BELOW,THROUGH,XUYEN,1,true,
FILUSDT,603,2024-05-29 08:00,7,BOTH,BELOW,THROUGH,XUYEN,3,true,
FILUSDT,604,2024-05-30 06:00,5,BOTH,BELOW,BLOCKED,XUYEN,1,false,false
FILUSDT,605,2024-05-31 03:30,52,BOTH,ABOVE,THROUGH,XUYEN,3,true,
FILUSDT,606,2024-06-07 18:00,8,BELOW,BELOW,BLOCKED,CHAN,2,false,true
FILUSDT,611,2024-06-12 18:00,3,BELOW,BELOW,BLOCKED,CHAN,1,false,true
FILUSDT,614,2024-06-16 00:00,8,BOTH,BELOW,BLOCKED,XUYEN,1,false,false
FILUSDT,615,2024-06-16 22:00,2,ABOVE,ABOVE,THROUGH,XUYEN,1,true,
FILUSDT,616,2024-06-22 13:30,14,BOTH,ABOVE,BLOCKED,XUYEN,2,false,false
FILUSDT,617,2024-06-24 09:30,5,BOTH,BELOW,THROUGH,XUYEN,3,true,
FILUSDT,618,2024-06-30 02:15,5,BOTH,BELOW,BLOCKED,XUYEN,2,false,false
FILUSDT,620,2024-07-01 09:45,7,BOTH,ABOVE,BLOCKED,XUYEN,0,false,false
FILUSDT,622,2024-07-08 14:15,24,BOTH,BELOW,BLOCKED,XUYEN,2,false,false
FILUSDT,623,2024-07-11 12:30,3,ABOVE,ABOVE,BLOCKED,CHAN,3,false,true
FILUSDT,624,2024-07-11 22:00,5,BOTH,BELOW,BLOCKED,XUYEN,1,false,false
FILUSDT,625,2024-07-17 05:45,19,BOTH,ABOVE,BLOCKED,XUYEN,3,false,false
FILUSDT,626,2024-07-20 01:00,16,BOTH,ABOVE,BLOCKED,XUYEN,2,false,false
FILUSDT,627,2024-07-21 17:45,13,BOTH,BELOW,THROUGH,XUYEN,1,true,
FILUSDT,629,2024-07-25 12:30,7,BOTH,BELOW,THROUGH,XUYEN,0,true,
FILUSDT,630,2024-07-27 00:00,5,BOTH,ABOVE,THROUGH,XUYEN,3,true,
FILUSDT,631,2024-07-27 13:00,13,BOTH,ABOVE,THROUGH,XUYEN,2,true,
FILUSDT,633,2024-08-06 22:00,29,BOTH,ABOVE,THROUGH,XUYEN,1,true,
FILUSDT,634,2024-08-08 12:30,11,BOTH,ABOVE,BLOCKED,XUYEN,3,false,false
FILUSDT,635,2024-08-14 12:30,6,BOTH,ABOVE,THROUGH,XUYEN,1,true,
FILUSDT,636,2024-08-17 22:00,24,BOTH,ABOVE,BLOCKED,XUYEN,2,false,false
FILUSDT,637,2024-08-21 13:30,2,BOTH,BELOW,THROUGH,XUYEN,0,true,
FILUSDT,638,2024-08-27 12:00,6,BOTH,BELOW,BLOCKED,XUYEN,2,false,false
FILUSDT,639,2024-08-28 16:00,11,BOTH,BELOW,BLOCKED,XUYEN,2,false,false
FILUSDT,642,2024-09-02 18:30,9,BOTH,BELOW,THROUGH,XUYEN,0,true,
FILUSDT,643,2024-09-04 21:30,5,BOTH,ABOVE,THROUGH,XUYEN,2,true,
FILUSDT,644,2024-09-05 03:00,8,BOTH,BELOW,BLOCKED,XUYEN,2,false,false
FILUSDT,645,2024-09-05 21:30,3,ABOVE,ABOVE,BLOCKED,CHAN,2,false,true
FILUSDT,646,2024-09-06 07:15,13,BOTH,BELOW,THROUGH,XUYEN,1,true,
FILUSDT,647,2024-09-08 11:30,3,BOTH,BELOW,THROUGH,XUYEN,1,true,
FILUSDT,648,2024-09-09 03:15,5,BOTH,BELOW,BLOCKED,XUYEN,3,false,false
FILUSDT,649,2024-09-14 10:45,6,BOTH,BELOW,THROUGH,XUYEN,2,true,
FILUSDT,650,2024-09-14 18:00,8,BOTH,BELOW,BLOCKED,XUYEN,2,false,false
FILUSDT,651,2024-09-15 21:00,6,BELOW,BELOW,BLOCKED,XUYEN,1,false,false
FILUSDT,652,2024-09-20 13:00,43,BOTH,BELOW,BLOCKED,XUYEN,3,false,false
FILUSDT,653,2024-10-03 03:15,13,BOTH,ABOVE,THROUGH,XUYEN,1,true,
FILUSDT,654,2024-10-04 12:30,12,BOTH,BELOW,THROUGH,XUYEN,0,true,
FILUSDT,655,2024-10-05 20:00,2,BELOW,BELOW,THROUGH,XUYEN,3,true,
FILUSDT,656,2024-10-06 19:15,20,BOTH,ABOVE,THROUGH,XUYEN,1,true,
FILUSDT,657,2024-10-10 17:45,1,BELOW,BELOW,THROUGH,XUYEN,2,true,
FILUSDT,658,2024-10-11 05:30,9,BOTH,BELOW,BLOCKED,XUYEN,2,false,false
FILUSDT,659,2024-10-12 08:00,8,BOTH,ABOVE,BLOCKED,XUYEN,4,false,false
FILUSDT,660,2024-10-13 14:30,4,BELOW,BELOW,BLOCKED,XUYEN,1,false,false
FILUSDT,661,2024-10-20 09:15,1,ABOVE,ABOVE,BLOCKED,CHAN,3,false,
FILUSDT,662,2024-10-20 22:00,2,BOTH,ABOVE,THROUGH,XUYEN,1,true,
FILUSDT,663,2024-10-22 11:30,3,BOTH,ABOVE,THROUGH,XUYEN,1,true,
FILUSDT,664,2024-10-26 13:45,4,BOTH,BELOW,BLOCKED,XUYEN,2,false,false
FILUSDT,665,2024-10-28 21:00,1,ABOVE,ABOVE,BLOCKED,CHAN,3,false,
FILUSDT,666,2024-10-29 07:30,8,BOTH,BELOW,BLOCKED,XUYEN,3,false,false
FILUSDT,667,2024-10-29 19:00,21,BOTH,ABOVE,THROUGH,XUYEN,1,true,
FILUSDT,668,2024-10-30 20:00,5,BOTH,ABOVE,BLOCKED,XUYEN,3,false,false
FILUSDT,669,2024-11-04 20:45,8,BOTH,BELOW,BLOCKED,XUYEN,2,false,false
FILUSDT,670,2024-11-05 19:45,7,BOTH,BELOW,THROUGH,XUYEN,1,true,
FILUSDT,671,2024-11-08 10:30,2,ABOVE,ABOVE,BLOCKED,CHAN,1,false,true
FILUSDT,672,2024-11-11 09:30,27,BOTH,ABOVE,BLOCKED,XUYEN,2,false,false
FILUSDT,673,2024-11-15 23:45,3,BELOW,BELOW,BLOCKED,CHAN,3,false,true
FILUSDT,674,2024-11-16 05:00,2,ABOVE,ABOVE,BLOCKED,CHAN,2,false,true
FILUSDT,675,2024-11-17 11:00,20,BOTH,BELOW,THROUGH,XUYEN,1,true,
FILUSDT,676,2024-11-19 18:00,4,BOTH,ABOVE,THROUGH,XUYEN,0,true,
FILUSDT,677,2024-11-20 03:00,10,BOTH,BELOW,THROUGH,XUYEN,0,true,
FILUSDT,678,2024-11-27 00:00,9,BOTH,ABOVE,THROUGH,XUYEN,2,true,
FILUSDT,679,2024-11-27 20:00,17,BOTH,ABOVE,BLOCKED,XUYEN,1,false,false
FILUSDT,680,2024-12-16 20:45,1,BELOW,BELOW,BLOCKED,CHAN,4,false,
FILUSDT,682,2024-12-20 19:15,35,BOTH,ABOVE,BLOCKED,XUYEN,2,false,false
FILUSDT,683,2024-12-27 13:00,2,BELOW,BELOW,BLOCKED,XUYEN,1,false,false
FILUSDT,684,2024-12-29 06:00,6,BOTH,BELOW,THROUGH,XUYEN,2,true,
FILUSDT,685,2024-12-31 17:30,5,BOTH,BELOW,BLOCKED,XUYEN,1,false,false
FILUSDT,686,2025-01-05 08:00,3,BELOW,BELOW,BLOCKED,XUYEN,0,false,false
FILUSDT,688,2025-01-06 07:00,1,BELOW,BELOW,BLOCKED,CHAN,2,false,
FILUSDT,689,2025-01-08 03:00,1,BELOW,BELOW,BLOCKED,CHAN,2,false,
FILUSDT,690,2025-01-08 11:30,3,BELOW,BELOW,BLOCKED,CHAN,3,false,true
FILUSDT,691,2025-01-09 02:00,14,BOTH,BELOW,BLOCKED,XUYEN,1,false,false
FILUSDT,692,2025-01-10 13:30,30,BOTH,BELOW,BLOCKED,XUYEN,1,false,false
FILUSDT,693,2025-01-13 14:30,3,ABOVE,ABOVE,BLOCKED,CHAN,2,false,true
FILUSDT,694,2025-01-14 20:00,12,BOTH,BELOW,THROUGH,XUYEN,0,true,
FILUSDT,695,2025-01-15 13:30,15,BOTH,ABOVE,THROUGH,XUYEN,2,true,
FILUSDT,696,2025-01-20 17:00,10,BOTH,BELOW,BLOCKED,XUYEN,2,false,false
FILUSDT,697,2025-01-28 00:00,20,BOTH,ABOVE,THROUGH,XUYEN,2,true,
FILUSDT,700,2025-02-04 05:00,48,BOTH,BELOW,BLOCKED,XUYEN,2,false,false
FILUSDT,701,2025-02-12 13:30,7,BOTH,BELOW,THROUGH,XUYEN,2,true,
FILUSDT,702,2025-02-17 04:15,37,BOTH,BELOW,BLOCKED,XUYEN,2,false,false
FILUSDT,703,2025-02-24 22:00,19,BOTH,BELOW,BLOCKED,XUYEN,2,false,false
FILUSDT,704,2025-02-27 19:30,32,BOTH,BELOW,THROUGH,XUYEN,1,true,
FILUSDT,705,2025-03-02 15:15,1,ABOVE,ABOVE,THROUGH,XUYEN,1,true,
FILUSDT,706,2025-03-04 01:30,6,BELOW,BELOW,BLOCKED,CHAN,3,false,true
FILUSDT,707,2025-03-04 14:30,3,BOTH,ABOVE,THROUGH,XUYEN,1,true,
FILUSDT,708,2025-03-07 00:15,21,BOTH,BELOW,THROUGH,XUYEN,2,true,
FILUSDT,709,2025-03-16 16:00,4,BOTH,ABOVE,THROUGH,XUYEN,1,true,
FILUSDT,711,2025-03-17 12:00,4,BOTH,ABOVE,THROUGH,XUYEN,1,true,
FILUSDT,712,2025-03-17 23:00,1,BELOW,BELOW,BLOCKED,CHAN,2,false,
FILUSDT,713,2025-03-18 10:00,10,BOTH,ABOVE,THROUGH,XUYEN,1,true,
FILUSDT,714,2025-03-19 17:30,2,BELOW,BELOW,THROUGH,XUYEN,2,true,
FILUSDT,715,2025-03-20 05:15,39,BOTH,BELOW,THROUGH,XUYEN,3,true,
FILUSDT,716,2025-03-24 11:15,44,BOTH,ABOVE,THROUGH,XUYEN,2,true,
FILUSDT,718,2025-04-02 20:00,1,ABOVE,ABOVE,THROUGH,XUYEN,1,true,
FILUSDT,719,2025-04-04 07:00,4,BOTH,ABOVE,BLOCKED,XUYEN,2,false,false
FILUSDT,720,2025-04-07 06:15,29,BOTH,BELOW,BLOCKED,XUYEN,3,false,false
FILUSDT,721,2025-04-11 08:00,6,BOTH,ABOVE,THROUGH,XUYEN,2,true,
FILUSDT,722,2025-04-12 20:30,19,BOTH,ABOVE,THROUGH,XUYEN,2,true,
FILUSDT,724,2025-04-21 22:00,6,BOTH,BELOW,BLOCKED,XUYEN,2,false,false
FILUSDT,725,2025-04-27 12:00,40,BOTH,BELOW,BLOCKED,XUYEN,2,false,false
FILUSDT,726,2025-05-03 15:30,1,BELOW,BELOW,BLOCKED,CHAN,3,false,
FILUSDT,727,2025-05-04 22:00,11,BOTH,BELOW,THROUGH,XUYEN,0,true,
FILUSDT,728,2025-05-10 00:00,9,BOTH,ABOVE,THROUGH,XUYEN,0,true,
FILUSDT,729,2025-05-12 07:00,11,BOTH,ABOVE,BLOCKED,XUYEN,2,false,false
FILUSDT,731,2025-05-28 06:00,16,BOTH,BELOW,BLOCKED,XUYEN,3,false,false
FILUSDT,733,2025-06-03 08:00,22,BOTH,BELOW,BLOCKED,XUYEN,3,false,false
FILUSDT,734,2025-06-05 19:15,7,BOTH,BELOW,BLOCKED,CHAN,2,false,true
FILUSDT,735,2025-06-08 19:00,3,BELOW,BELOW,BLOCKED,XUYEN,1,false,false
FILUSDT,736,2025-06-09 13:30,7,BOTH,BELOW,THROUGH,XUYEN,1,true,
FILUSDT,739,2025-06-10 22:00,19,BOTH,ABOVE,THROUGH,XUYEN,2,true,
FILUSDT,744,2025-06-23 13:30,3,BOTH,ABOVE,THROUGH,XUYEN,0,true,
FILUSDT,745,2025-06-23 22:00,26,BOTH,ABOVE,BLOCKED,XUYEN,1,false,false
FILUSDT,746,2025-06-29 22:00,17,BOTH,ABOVE,BLOCKED,XUYEN,1,false,false
FILUSDT,747,2025-07-03 12:30,8,BOTH,BELOW,THROUGH,XUYEN,0,true,
FILUSDT,750,2025-07-11 21:30,16,BOTH,BELOW,BLOCKED,XUYEN,3,false,false
FILUSDT,751,2025-07-14 15:45,2,BELOW,BELOW,BLOCKED,CHAN,4,false,true
FILUSDT,752,2025-07-15 12:30,3,BOTH,BELOW,THROUGH,XUYEN,0,true,
FILUSDT,753,2025-07-16 04:00,35,BOTH,BELOW,THROUGH,XUYEN,3,true,
FILUSDT,754,2025-07-27 22:00,1,ABOVE,ABOVE,THROUGH,XUYEN,1,true,
FILUSDT,755,2025-07-30 10:45,13,BOTH,BELOW,BLOCKED,XUYEN,1,false,false
FILUSDT,756,2025-08-02 06:15,15,BOTH,BELOW,BLOCKED,XUYEN,0,false,false
FILUSDT,757,2025-08-03 22:00,19,BOTH,BELOW,THROUGH,XUYEN,1,true,
FILUSDT,758,2025-08-07 10:00,1,ABOVE,ABOVE,BLOCKED,CHAN,2,false,
FILUSDT,759,2025-08-10 19:00,19,BOTH,ABOVE,THROUGH,XUYEN,3,true,
FILUSDT,760,2025-08-14 10:30,3,BELOW,BELOW,BLOCKED,CHAN,2,false,true
FILUSDT,762,2025-08-17 18:45,8,BOTH,BELOW,BLOCKED,XUYEN,2,false,false
FILUSDT,764,2025-08-25 00:30,3,BOTH,BELOW,THROUGH,XUYEN,3,true,
FILUSDT,765,2025-08-28 08:00,9,BOTH,ABOVE,BLOCKED,XUYEN,2,false,false
FILUSDT,766,2025-08-29 12:30,18,BOTH,ABOVE,THROUGH,XUYEN,0,true,
FILUSDT,767,2025-08-30 21:00,7,BOTH,ABOVE,BLOCKED,XUYEN,0,false,false
FILUSDT,768,2025-09-01 20:30,8,BOTH,BELOW,THROUGH,XUYEN,1,true,
FILUSDT,770,2025-09-05 12:30,19,BOTH,ABOVE,THROUGH,XUYEN,0,true,
FILUSDT,771,2025-09-07 05:45,3,ABOVE,ABOVE,BLOCKED,CHAN,0,false,true
FILUSDT,772,2025-09-07 18:30,6,BOTH,BELOW,THROUGH,XUYEN,1,true,
FILUSDT,773,2025-09-08 06:45,13,ABOVE,ABOVE,BLOCKED,CHAN,3,false,true
FILUSDT,775,2025-09-13 13:45,4,BELOW,BELOW,BLOCKED,CHAN,0,false,true
FILUSDT,776,2025-09-15 07:30,1,BELOW,BELOW,THROUGH,XUYEN,2,true,
FILUSDT,777,2025-09-17 01:30,24,BOTH,BELOW,BLOCKED,XUYEN,3,false,false
FILUSDT,779,2025-09-22 19:30,24,BOTH,BELOW,THROUGH,XUYEN,3,true,
FILUSDT,780,2025-09-28 22:00,24,BOTH,ABOVE,BLOCKED,XUYEN,1,false,false
FILUSDT,781,2025-09-30 15:00,4,BOTH,BELOW,BLOCKED,XUYEN,3,false,false
FILUSDT,782,2025-10-04 09:45,3,BELOW,BELOW,BLOCKED,CHAN,2,false,true
FILUSDT,783,2025-10-04 14:45,1,BELOW,BELOW,BLOCKED,CHAN,2,false,
FILUSDT,784,2025-10-05 02:30,27,BOTH,ABOVE,BLOCKED,XUYEN,1,false,false
FILUSDT,787,2025-10-12 09:00,5,BOTH,BELOW,BLOCKED,XUYEN,0,false,false
FILUSDT,789,2025-10-13 11:00,4,BELOW,BELOW,BLOCKED,XUYEN,0,false,false
FILUSDT,790,2025-10-13 23:30,3,ABOVE,ABOVE,BLOCKED,XUYEN,3,false,false
FILUSDT,791,2025-10-14 19:30,11,BOTH,BELOW,BLOCKED,XUYEN,1,false,false
FILUSDT,792,2025-10-15 20:30,8,BELOW,BELOW,BLOCKED,CHAN,3,false,true
FILUSDT,793,2025-10-16 09:30,5,BOTH,BELOW,THROUGH,XUYEN,3,true,
FILUSDT,794,2025-10-18 12:30,13,BOTH,ABOVE,THROUGH,XUYEN,2,true,
FILUSDT,795,2025-10-19 08:15,3,BOTH,BELOW,THROUGH,XUYEN,1,true,
FILUSDT,796,2025-10-22 21:00,2,BOTH,BELOW,THROUGH,XUYEN,2,true,
FILUSDT,797,2025-10-26 00:00,4,BOTH,BELOW,THROUGH,XUYEN,0,true,
FILUSDT,798,2025-10-26 22:00,3,BOTH,ABOVE,THROUGH,XUYEN,1,true,
FILUSDT,799,2025-10-27 13:30,30,BOTH,BELOW,THROUGH,XUYEN,2,true,
FILUSDT,800,2025-10-29 18:30,13,BOTH,BELOW,BLOCKED,XUYEN,2,false,false
FILUSDT,801,2025-11-03 15:15,1,BELOW,BELOW,BLOCKED,CHAN,2,false,
FILUSDT,802,2025-11-04 14:00,3,BOTH,BELOW,THROUGH,XUYEN,2,true,
FILUSDT,803,2025-11-11 00:00,5,BOTH,ABOVE,THROUGH,XUYEN,1,true,
FILUSDT,804,2025-11-12 07:30,2,ABOVE,ABOVE,BLOCKED,XUYEN,3,false,false
FILUSDT,805,2025-11-14 23:00,12,BOTH,BELOW,THROUGH,XUYEN,3,true,
FILUSDT,806,2025-11-16 06:15,4,BOTH,ABOVE,THROUGH,XUYEN,2,true,
FILUSDT,807,2025-11-16 15:45,36,BOTH,BELOW,BLOCKED,XUYEN,1,false,false
FILUSDT,808,2025-11-23 04:00,18,BOTH,ABOVE,BLOCKED,XUYEN,2,false,false
FILUSDT,809,2025-11-25 22:00,26,BOTH,BELOW,THROUGH,XUYEN,1,true,
FILUSDT,810,2025-11-28 06:00,36,BOTH,BELOW,THROUGH,XUYEN,2,true,
FILUSDT,811,2025-12-01 07:00,21,BOTH,BELOW,BLOCKED,XUYEN,3,false,false
FILUSDT,812,2025-12-03 14:00,9,BOTH,BELOW,THROUGH,XUYEN,0,true,
FILUSDT,813,2025-12-06 14:15,38,BOTH,ABOVE,BLOCKED,XUYEN,2,false,false
FILUSDT,814,2025-12-13 14:00,8,BOTH,BELOW,THROUGH,XUYEN,2,true,
FILUSDT,815,2025-12-14 10:00,13,BOTH,BELOW,BLOCKED,XUYEN,2,false,false
FILUSDT,816,2025-12-15 11:30,4,BOTH,BELOW,THROUGH,XUYEN,3,true,
FILUSDT,817,2025-12-18 17:00,7,BOTH,BELOW,BLOCKED,XUYEN,1,false,false
FILUSDT,818,2025-12-20 21:00,12,BOTH,ABOVE,THROUGH,XUYEN,1,true,
FILUSDT,819,2025-12-22 14:30,3,BOTH,BELOW,THROUGH,XUYEN,0,true,
FILUSDT,820,2025-12-23 13:00,23,BOTH,ABOVE,BLOCKED,XUYEN,2,false,false
FILUSDT,821,2025-12-31 16:30,4,BELOW,BELOW,BLOCKED,CHAN,2,false,true
FILUSDT,823,2026-01-04 19:00,12,BOTH,BELOW,BLOCKED,XUYEN,2,false,false
FILUSDT,824,2026-01-07 12:15,1,BELOW,BELOW,BLOCKED,CHAN,3,false,
FILUSDT,825,2026-01-09 01:15,11,BOTH,ABOVE,THROUGH,XUYEN,0,true,
FILUSDT,826,2026-01-10 03:00,26,BOTH,BELOW,BLOCKED,XUYEN,3,false,false
FILUSDT,829,2026-01-14 17:30,2,BOTH,BELOW,THROUGH,XUYEN,1,true,
FILUSDT,831,2026-01-20 22:30,10,BOTH,ABOVE,BLOCKED,XUYEN,1,false,false
FILUSDT,832,2026-01-22 23:00,35,BOTH,BELOW,THROUGH,XUYEN,3,true,
FILUSDT,833,2026-01-27 10:00,22,BOTH,BELOW,BLOCKED,XUYEN,3,false,false
FILUSDT,835,2026-01-29 23:00,2,BOTH,BELOW,THROUGH,XUYEN,3,true,
FILUSDT,837,2026-01-30 06:00,23,BOTH,BELOW,THROUGH,XUYEN,0,true,
FILUSDT,838,2026-01-31 23:15,5,ABOVE,ABOVE,THROUGH,XUYEN,1,true,
FILUSDT,839,2026-02-01 23:00,12,BOTH,BELOW,THROUGH,XUYEN,2,true,
FILUSDT,840,2026-02-04 11:00,1,BELOW,BELOW,BLOCKED,CHAN,1,false,
FILUSDT,841,2026-02-05 20:15,5,BOTH,BELOW,BLOCKED,XUYEN,2,false,false
FILUSDT,842,2026-02-07 16:00,6,BOTH,ABOVE,BLOCKED,CHAN,2,false,true
FILUSDT,843,2026-02-08 23:00,10,BOTH,ABOVE,THROUGH,XUYEN,0,true,
FILUSDT,844,2026-02-09 21:30,7,BOTH,BELOW,BLOCKED,XUYEN,0,false,false
FILUSDT,845,2026-02-15 17:45,45,BOTH,BELOW,BLOCKED,XUYEN,4,false,false
FILUSDT,847,2026-02-19 22:00,7,BOTH,BELOW,THROUGH,XUYEN,3,true,
FILUSDT,849,2026-02-23 01:00,9,BOTH,BELOW,BLOCKED,XUYEN,2,false,false
FILUSDT,851,2026-03-01 06:00,2,BELOW,BELOW,BLOCKED,CHAN,3,false,true
FILUSDT,852,2026-03-01 13:45,44,BOTH,ABOVE,THROUGH,XUYEN,1,true,
FILUSDT,853,2026-03-11 04:00,18,BOTH,BELOW,BLOCKED,XUYEN,2,false,false
FILUSDT,854,2026-03-13 22:00,12,BOTH,BELOW,BLOCKED,XUYEN,3,false,false
FILUSDT,855,2026-03-14 18:30,9,ABOVE,ABOVE,BLOCKED,CHAN,2,false,true
FILUSDT,856,2026-03-19 17:00,2,BOTH,BELOW,THROUGH,XUYEN,2,true,
FILUSDT,857,2026-03-21 05:00,4,BOTH,ABOVE,BLOCKED,XUYEN,3,false,false
FILUSDT,861,2026-03-24 11:00,9,BOTH,BELOW,THROUGH,XUYEN,3,true,
FILUSDT,862,2026-03-25 06:00,4,BOTH,BELOW,THROUGH,XUYEN,3,true,
FILUSDT,863,2026-03-25 10:00,3,BOTH,ABOVE,THROUGH,XUYEN,3,true,
FILUSDT,865,2026-03-28 01:00,1,BELOW,BELOW,BLOCKED,CHAN,1,false,
FILUSDT,866,2026-03-28 21:45,4,BELOW,BELOW,BLOCKED,XUYEN,1,false,false
FILUSDT,867,2026-03-30 14:15,53,BOTH,BELOW,BLOCKED,XUYEN,3,false,false
FILUSDT,868,2026-04-09 05:30,8,BOTH,ABOVE,BLOCKED,XUYEN,3,false,false
FILUSDT,869,2026-04-11 13:00,3,BOTH,BELOW,THROUGH,XUYEN,2,true,
FILUSDT,871,2026-04-13 09:00,2,ABOVE,ABOVE,BLOCKED,CHAN,2,false,true
FILUSDT,872,2026-04-15 10:00,1,ABOVE,ABOVE,BLOCKED,CHAN,3,false,
FILUSDT,873,2026-04-20 05:00,33,BOTH,BELOW,THROUGH,XUYEN,0,true,
FILUSDT,874,2026-04-23 05:00,16,BOTH,ABOVE,BLOCKED,XUYEN,4,false,false
FILUSDT,875,2026-04-26 00:00,6,BOTH,BELOW,BLOCKED,XUYEN,1,false,false
FILUSDT,876,2026-04-26 17:45,7,ABOVE,ABOVE,BLOCKED,CHAN,2,false,true
FILUSDT,877,2026-04-27 05:15,6,BOTH,BELOW,BLOCKED,XUYEN,3,false,false
FILUSDT,878,2026-04-29 15:00,2,BELOW,BELOW,BLOCKED,CHAN,3,false,true
FILUSDT,879,2026-05-01 09:45,21,BOTH,BELOW,THROUGH,XUYEN,3,true,
FILUSDT,880,2026-05-03 17:00,6,BOTH,ABOVE,BLOCKED,XUYEN,4,false,false
FILUSDT,881,2026-05-04 10:00,7,BOTH,BELOW,BLOCKED,XUYEN,1,false,false
FILUSDT,885,2026-05-15 05:30,3,BELOW,BELOW,BLOCKED,CHAN,3,false,true
FILUSDT,886,2026-05-17 23:30,15,BOTH,BELOW,BLOCKED,CHAN,2,false,true
FILUSDT,887,2026-05-19 09:15,18,BOTH,BELOW,BLOCKED,XUYEN,4,false,false
FILUSDT,888,2026-05-24 10:00,2,BELOW,BELOW,BLOCKED,CHAN,2,false,true
FILUSDT,889,2026-05-25 04:30,2,ABOVE,ABOVE,BLOCKED,CHAN,1,false,true
FILUSDT,890,2026-05-28 10:45,7,BOTH,BELOW,THROUGH,XUYEN,2,true,
FILUSDT,891,2026-05-28 22:00,11,BOTH,BELOW,THROUGH,XUYEN,3,true,
FILUSDT,892,2026-05-29 11:30,23,BOTH,BELOW,THROUGH,XUYEN,2,true,
FILUSDT,894,2026-06-02 19:30,27,BOTH,BELOW,THROUGH,XUYEN,4,true,
FILUSDT,895,2026-06-05 22:00,3,BELOW,BELOW,BLOCKED,CHAN,4,false,true
FILUSDT,896,2026-06-06 04:00,14,BOTH,BELOW,THROUGH,XUYEN,1,true,
FILUSDT,897,2026-06-07 22:00,15,BOTH,ABOVE,THROUGH,XUYEN,1,true,
FILUSDT,898,2026-06-11 03:30,3,ABOVE,ABOVE,BLOCKED,CHAN,1,false,true
FILUSDT,899,2026-06-12 13:30,10,BOTH,BELOW,THROUGH,XUYEN,3,true,
FILUSDT,900,2026-06-19 03:15,20,BOTH,BELOW,THROUGH,XUYEN,2,true,
FILUSDT,901,2026-06-20 13:15,12,BOTH,BELOW,THROUGH,XUYEN,2,true,
FILUSDT,902,2026-06-21 01:30,23,BOTH,ABOVE,BLOCKED,XUYEN,3,false,false
FILUSDT,903,2026-06-25 06:00,7,BOTH,ABOVE,BLOCKED,XUYEN,2,false,false
FILUSDT,904,2026-06-27 15:00,5,BOTH,ABOVE,THROUGH,XUYEN,2,true,
FILUSDT,905,2026-06-30 19:30,12,BOTH,ABOVE,THROUGH,XUYEN,3,true,
FILUSDT,906,2026-07-07 22:00,3,BOTH,BELOW,THROUGH,XUYEN,3,true,
FILUSDT,907,2026-07-08 22:00,3,ABOVE,ABOVE,BLOCKED,CHAN,2,false,true
FILUSDT,908,2026-07-11 21:00,1,ABOVE,ABOVE,THROUGH,XUYEN,2,true,
FILUSDT,909,2026-07-12 14:00,16,BOTH,BELOW,THROUGH,XUYEN,3,true,
FILUSDT,910,2026-07-16 00:30,7,BELOW,BELOW,BLOCKED,CHAN,2,false,true
FILUSDT,913,2026-07-20 05:00,4,BELOW,BELOW,BLOCKED,XUYEN,1,false,false
FILUSDT,914,2026-07-22 05:00,11,BOTH,ABOVE,THROUGH,XUYEN,0,true,
FILUSDT,917,2026-07-25 04:30,5,BOTH,ABOVE,THROUGH,XUYEN,2,true,
FILUSDT,918,2026-07-26 19:00,14,BOTH,BELOW,THROUGH,XUYEN,1,true,
FILUSDT,920,2026-07-28 18:45,6,BOTH,ABOVE,BLOCKED,XUYEN,3,false,false
FILUSDT,922,2026-08-02 02:00,3,ABOVE,ABOVE,BLOCKED,XUYEN,1,false,false
FILUSDT,923,2026-08-03 13:00,24,BOTH,ABOVE,BLOCKED,XUYEN,1,false,false
FILUSDT,924,2026-08-05 17:30,5,ABOVE,ABOVE,BLOCKED,XUYEN,3,false,false
FILUSDT,927,2026-08-06 15:45,2,ABOVE,ABOVE,BLOCKED,CHAN,0,false,true
FILUSDT,929,2026-08-07 08:45,7,BOTH,BELOW,THROUGH,XUYEN,1,true,
LTCUSDT,0,2020-11-27 08:00,8,BOTH,BELOW,BLOCKED,XUYEN,1,false,false
LTCUSDT,1,2020-11-30 08:00,4,BOTH,BELOW,THROUGH,XUYEN,1,true,
LTCUSDT,2,2020-11-30 22:45,14,BOTH,ABOVE,THROUGH,XUYEN,2,true,
LTCUSDT,3,2020-12-02 12:00,6,BOTH,BELOW,BLOCKED,XUYEN,1,false,false
LTCUSDT,4,2020-12-03 05:30,18,BOTH,BELOW,THROUGH,XUYEN,1,true,
LTCUSDT,5,2020-12-07 18:15,7,BOTH,BELOW,THROUGH,XUYEN,3,true,
LTCUSDT,6,2020-12-09 07:45,18,BOTH,BELOW,THROUGH,XUYEN,1,true,
LTCUSDT,7,2020-12-12 16:00,1,ABOVE,ABOVE,BLOCKED,CHAN,3,false,
LTCUSDT,9,2020-12-13 22:15,25,BOTH,BELOW,BLOCKED,XUYEN,0,false,false
LTCUSDT,10,2020-12-19 20:00,16,BOTH,ABOVE,THROUGH,XUYEN,3,true,
LTCUSDT,11,2020-12-23 15:45,15,BOTH,BELOW,BLOCKED,XUYEN,2,false,false
LTCUSDT,12,2020-12-26 20:30,30,BOTH,ABOVE,THROUGH,XUYEN,2,true,
LTCUSDT,13,2020-12-29 16:00,19,BOTH,BELOW,THROUGH,XUYEN,3,true,
LTCUSDT,14,2020-12-31 07:00,4,ABOVE,ABOVE,BLOCKED,CHAN,2,false,true
LTCUSDT,15,2020-12-31 12:45,25,BOTH,BELOW,BLOCKED,XUYEN,5,false,false
LTCUSDT,16,2021-01-03 10:00,18,BOTH,ABOVE,BLOCKED,XUYEN,2,false,false
LTCUSDT,17,2021-01-13 18:30,19,BOTH,ABOVE,THROUGH,XUYEN,2,true,
LTCUSDT,18,2021-01-20 09:30,2,BELOW,BELOW,BLOCKED,CHAN,1,false,true
LTCUSDT,19,2021-01-29 08:45,26,BOTH,ABOVE,BLOCKED,XUYEN,2,false,false
LTCUSDT,20,2021-02-02 09:00,3,ABOVE,ABOVE,BLOCKED,CHAN,3,false,true
LTCUSDT,21,2021-02-05 10:15,23,BOTH,ABOVE,BLOCKED,XUYEN,3,false,false
LTCUSDT,22,2021-02-15 16:00,19,BOTH,ABOVE,THROUGH,XUYEN,2,true,
LTCUSDT,23,2021-02-25 10:45,27,BOTH,ABOVE,THROUGH,XUYEN,1,true,
LTCUSDT,24,2021-03-05 00:00,23,BOTH,BELOW,THROUGH,XUYEN,2,true,
LTCUSDT,25,2021-03-12 13:00,3,BOTH,BELOW,THROUGH,XUYEN,1,true,
LTCUSDT,26,2021-03-13 10:00,19,BOTH,ABOVE,BLOCKED,XUYEN,2,false,false
LTCUSDT,27,2021-03-17 06:45,18,BOTH,ABOVE,THROUGH,XUYEN,0,true,
LTCUSDT,28,2021-03-21 09:30,20,BOTH,BELOW,BLOCKED,XUYEN,2,false,false
LTCUSDT,29,2021-03-23 16:00,7,BOTH,BELOW,THROUGH,XUYEN,0,true,
LTCUSDT,30,2021-03-25 07:15,12,BOTH,BELOW,BLOCKED,XUYEN,1,false,false
LTCUSDT,31,2021-03-26 16:00,7,BOTH,ABOVE,BLOCKED,XUYEN,3,false,false
LTCUSDT,32,2021-03-27 21:30,19,BOTH,ABOVE,THROUGH,XUYEN,2,true,
LTCUSDT,33,2021-03-30 20:00,10,BOTH,BELOW,THROUGH,XUYEN,2,true,
LTCUSDT,34,2021-04-01 00:00,15,BOTH,ABOVE,THROUGH,XUYEN,3,true,
LTCUSDT,35,2021-04-03 06:15,8,BOTH,ABOVE,BLOCKED,XUYEN,0,false,false
LTCUSDT,36,2021-04-10 10:15,6,BOTH,ABOVE,THROUGH,XUYEN,2,true,
LTCUSDT,38,2021-04-14 03:00,52,BOTH,ABOVE,THROUGH,XUYEN,1,true,
LTCUSDT,39,2021-04-25 08:45,4,BOTH,ABOVE,THROUGH,XUYEN,0,true,
LTCUSDT,40,2021-04-25 20:45,1,BELOW,BELOW,THROUGH,XUYEN,4,true,
LTCUSDT,41,2021-04-28 20:00,18,BOTH,BELOW,BLOCKED,XUYEN,3,false,false
LTCUSDT,42,2021-05-03 20:30,3,BOTH,BELOW,THROUGH,XUYEN,3,true,
LTCUSDT,45,2021-05-13 16:45,32,BOTH,BELOW,BLOCKED,XUYEN,4,false,false
LTCUSDT,46,2021-05-21 14:15,7,BELOW,BELOW,BLOCKED,CHAN,3,false,true
LTCUSDT,47,2021-06-01 08:00,16,BOTH,BELOW,THROUGH,XUYEN,3,true,
LTCUSDT,48,2021-06-02 16:00,11,BOTH,ABOVE,BLOCKED,XUYEN,2,false,false
LTCUSDT,49,2021-06-07 20:45,11,BOTH,BELOW,BLOCKED,XUYEN,2,false,false
LTCUSDT,50,2021-06-11 00:00,6,BOTH,ABOVE,THROUGH,XUYEN,1,true,
LTCUSDT,52,2021-06-14 00:00,7,BOTH,BELOW,THROUGH,XUYEN,1,true,
LTCUSDT,53,2021-06-16 02:00,4,BOTH,BELOW,BLOCKED,XUYEN,3,false,false
LTCUSDT,54,2021-06-16 08:00,2,BOTH,ABOVE,THROUGH,XUYEN,2,true,
LTCUSDT,55,2021-07-02 03:00,10,BOTH,BELOW,BLOCKED,XUYEN,1,false,false
LTCUSDT,56,2021-07-03 21:45,17,BOTH,BELOW,THROUGH,XUYEN,0,true,
LTCUSDT,57,2021-07-06 04:00,18,BOTH,ABOVE,THROUGH,XUYEN,1,true,
LTCUSDT,58,2021-07-08 07:30,26,BOTH,BELOW,BLOCKED,XUYEN,2,false,false
LTCUSDT,59,2021-07-11 08:15,10,ABOVE,ABOVE,BLOCKED,CHAN,4,false,true
LTCUSDT,60,2021-07-12 15:00,2,BOTH,ABOVE,THROUGH,XUYEN,0,true,
LTCUSDT,61,2021-07-14 03:15,3,BELOW,BELOW,BLOCKED,CHAN,1,false,true
LTCUSDT,62,2021-07-14 13:00,8,BOTH,ABOVE,BLOCKED,XUYEN,1,false,false
LTCUSDT,63,2021-07-18 14:30,1,BELOW,BELOW,BLOCKED,CHAN,2,false,
LTCUSDT,64,2021-07-18 21:45,5,BOTH,ABOVE,THROUGH,XUYEN,0,true,
LTCUSDT,65,2021-07-19 05:45,3,ABOVE,ABOVE,BLOCKED,XUYEN,5,false,false
LTCUSDT,67,2021-07-29 01:15,6,BOTH,BELOW,BLOCKED,XUYEN,3,false,false
LTCUSDT,68,2021-07-30 08:30,23,BOTH,BELOW,THROUGH,XUYEN,1,true,
LTCUSDT,70,2021-08-14 03:30,24,BOTH,BELOW,THROUGH,XUYEN,0,true,
LTCUSDT,71,2021-08-16 00:00,16,BOTH,ABOVE,BLOCKED,XUYEN,1,false,false
LTCUSDT,72,2021-08-21 10:45,18,BOTH,ABOVE,THROUGH,XUYEN,0,true,
LTCUSDT,73,2021-08-29 21:45,20,BOTH,ABOVE,THROUGH,XUYEN,1,true,
LTCUSDT,74,2021-09-08 04:00,15,BOTH,ABOVE,THROUGH,XUYEN,0,true,
LTCUSDT,75,2021-09-10 20:30,19,BOTH,BELOW,BLOCKED,XUYEN,1,false,false
LTCUSDT,76,2021-09-13 13:30,1,ABOVE,ABOVE,BLOCKED,CHAN,1,false,
LTCUSDT,77,2021-09-16 08:00,7,BOTH,ABOVE,THROUGH,XUYEN,0,true,
LTCUSDT,78,2021-09-17 06:45,4,BOTH,ABOVE,BLOCKED,XUYEN,0,false,false
LTCUSDT,79,2021-09-18 13:45,4,BOTH,ABOVE,THROUGH,XUYEN,0,true,
LTCUSDT,80,2021-09-18 20:00,8,BOTH,BELOW,THROUGH,XUYEN,3,true,
LTCUSDT,82,2021-09-20 07:30,2,BELOW,BELOW,BLOCKED,CHAN,3,false,true
LTCUSDT,83,2021-09-22 18:00,8,BOTH,ABOVE,BLOCKED,XUYEN,2,false,false
LTCUSDT,84,2021-09-24 22:45,18,BOTH,ABOVE,THROUGH,XUYEN,1,true,
LTCUSDT,85,2021-09-25 21:15,18,BOTH,BELOW,THROUGH,XUYEN,4,true,
LTCUSDT,86,2021-09-28 05:00,12,BOTH,BELOW,BLOCKED,XUYEN,1,false,false
LTCUSDT,87,2021-09-30 12:00,1,ABOVE,ABOVE,BLOCKED,CHAN,2,false,
LTCUSDT,89,2021-10-02 23:15,4,BOTH,BELOW,BLOCKED,XUYEN,1,false,false
LTCUSDT,90,2021-10-03 17:45,16,BOTH,ABOVE,THROUGH,XUYEN,2,true,
LTCUSDT,92,2021-10-06 23:00,17,BOTH,BELOW,THROUGH,XUYEN,1,true,
LTCUSDT,93,2021-10-08 03:00,29,BOTH,BELOW,BLOCKED,XUYEN,3,false,false
LTCUSDT,94,2021-10-13 05:30,1,BELOW,BELOW,BLOCKED,CHAN,1,false,
LTCUSDT,95,2021-10-13 12:45,2,BOTH,ABOVE,THROUGH,XUYEN,0,true,
LTCUSDT,96,2021-10-17 11:30,2,BELOW,BELOW,BLOCKED,CHAN,2,false,true
LTCUSDT,97,2021-10-17 20:00,11,BOTH,BELOW,THROUGH,XUYEN,1,true,
LTCUSDT,98,2021-10-19 01:30,9,BOTH,ABOVE,THROUGH,XUYEN,1,true,
LTCUSDT,99,2021-10-24 16:00,8,BOTH,BELOW,BLOCKED,CHAN,4,false,true
LTCUSDT,100,2021-10-27 08:00,2,BELOW,BELOW,BLOCKED,CHAN,3,false,true
LTCUSDT,101,2021-10-28 18:30,3,BOTH,BELOW,THROUGH,XUYEN,0,true,
LTCUSDT,102,2021-10-29 22:30,6,BOTH,ABOVE,THROUGH,XUYEN,0,true,
LTCUSDT,103,2021-11-01 02:15,11,BOTH,BELOW,BLOCKED,XUYEN,0,false,false
LTCUSDT,104,2021-11-03 18:00,29,BOTH,ABOVE,THROUGH,XUYEN,1,true,
LTCUSDT,106,2021-11-10 11:00,15,BOTH,ABOVE,THROUGH,XUYEN,2,true,
LTCUSDT,108,2021-11-14 07:30,6,BOTH,BELOW,THROUGH,XUYEN,1,true,
LTCUSDT,110,2021-11-16 10:00,2,BELOW,BELOW,BLOCKED,CHAN,4,false,true
LTCUSDT,111,2021-11-17 23:45,16,BOTH,ABOVE,THROUGH,XUYEN,1,true,
LTCUSDT,113,2021-11-23 09:30,16,BOTH,ABOVE,THROUGH,XUYEN,2,true,
LTCUSDT,115,2021-11-28 02:30,10,BELOW,BELOW,BLOCKED,XUYEN,3,false,false
LTCUSDT,117,2021-12-02 03:00,5,BELOW,BELOW,BLOCKED,CHAN,2,false,true
LTCUSDT,118,2021-12-03 03:15,4,BOTH,BELOW,THROUGH,XUYEN,2,true,
LTCUSDT,119,2021-12-03 09:45,1,ABOVE,ABOVE,THROUGH,XUYEN,2,true,
LTCUSDT,121,2021-12-05 14:00,10,BOTH,BELOW,BLOCKED,XUYEN,1,false,false
LTCUSDT,122,2021-12-10 13:30,32,BOTH,ABOVE,THROUGH,XUYEN,0,true,
LTCUSDT,123,2021-12-17 07:00,19,BOTH,BELOW,THROUGH,XUYEN,0,true,
LTCUSDT,124,2021-12-19 16:15,13,BOTH,ABOVE,BLOCKED,XUYEN,3,false,false
LTCUSDT,126,2021-12-20 20:45,3,BOTH,ABOVE,THROUGH,XUYEN,1,true,
LTCUSDT,128,2021-12-24 13:45,14,BOTH,BELOW,BLOCKED,XUYEN,3,false,false
LTCUSDT,130,2021-12-28 19:00,18,BOTH,BELOW,BLOCKED,XUYEN,4,false,false
LTCUSDT,131,2021-12-29 23:15,11,BOTH,BELOW,BLOCKED,XUYEN,2,false,false
LTCUSDT,132,2021-12-31 00:00,18,BOTH,BELOW,BLOCKED,XUYEN,4,false,false
LTCUSDT,133,2022-01-02 03:30,30,BOTH,ABOVE,THROUGH,XUYEN,1,true,
LTCUSDT,134,2022-01-07 13:30,25,BOTH,BELOW,BLOCKED,XUYEN,1,false,false
LTCUSDT,136,2022-01-12 19:30,23,BOTH,ABOVE,THROUGH,XUYEN,1,true,
LTCUSDT,137,2022-01-19 03:30,6,BOTH,BELOW,THROUGH,XUYEN,1,true,
LTCUSDT,138,2022-01-23 23:00,30,BOTH,ABOVE,BLOCKED,XUYEN,2,false,false
LTCUSDT,139,2022-01-26 04:45,4,BOTH,ABOVE,THROUGH,XUYEN,1,true,
LTCUSDT,140,2022-01-26 18:00,26,BOTH,BELOW,THROUGH,XUYEN,0,true,
LTCUSDT,142,2022-02-06 14:30,8,BOTH,BELOW,BLOCKED,XUYEN,2,false,false
LTCUSDT,143,2022-02-08 03:00,20,BOTH,ABOVE,THROUGH,XUYEN,1,true,
LTCUSDT,144,2022-02-10 13:30,1,BELOW,BELOW,BLOCKED,CHAN,1,false,
LTCUSDT,145,2022-02-18 08:00,3,BOTH,ABOVE,THROUGH,XUYEN,1,true,
LTCUSDT,146,2022-02-19 11:30,13,BOTH,BELOW,THROUGH,XUYEN,1,true,
LTCUSDT,147,2022-02-22 03:00,14,BOTH,BELOW,BLOCKED,XUYEN,2,false,false
LTCUSDT,148,2022-02-26 00:30,15,BOTH,ABOVE,BLOCKED,XUYEN,2,false,false
LTCUSDT,149,2022-02-27 18:00,1,BELOW,BELOW,BLOCKED,CHAN,3,false,
LTCUSDT,150,2022-02-28 06:00,7,BOTH,BELOW,THROUGH,XUYEN,2,true,
LTCUSDT,152,2022-02-28 22:30,37,BOTH,ABOVE,BLOCKED,XUYEN,1,false,false
LTCUSDT,154,2022-03-05 16:30,14,BOTH,ABOVE,THROUGH,XUYEN,1,true,
LTCUSDT,155,2022-03-07 12:00,20,BOTH,ABOVE,THROUGH,XUYEN,1,true,
LTCUSDT,156,2022-03-10 11:45,9,BOTH,ABOVE,THROUGH,XUYEN,0,true,
LTCUSDT,158,2022-03-14 08:45,4,BOTH,ABOVE,THROUGH,XUYEN,2,true,
LTCUSDT,159,2022-03-15 07:00,1,BELOW,BELOW,THROUGH,XUYEN,2,true,
LTCUSDT,160,2022-03-16 18:00,3,BOTH,BELOW,THROUGH,XUYEN,1,true,
LTCUSDT,161,2022-03-18 00:00,3,BOTH,BELOW,THROUGH,XUYEN,1,true,
LTCUSDT,162,2022-03-19 23:45,15,BOTH,ABOVE,BLOCKED,XUYEN,1,false,false
LTCUSDT,163,2022-03-21 21:45,3,BELOW,BELOW,THROUGH,XUYEN,1,true,
LTCUSDT,165,2022-03-22 06:00,19,BOTH,BELOW,THROUGH,XUYEN,0,true,
LTCUSDT,167,2022-03-28 00:30,16,BOTH,ABOVE,BLOCKED,XUYEN,2,false,false
LTCUSDT,168,2022-03-30 01:30,6,BOTH,BELOW,THROUGH,XUYEN,3,true,
LTCUSDT,169,2022-04-02 12:00,14,BOTH,BELOW,THROUGH,XUYEN,0,true,
LTCUSDT,172,2022-04-08 23:00,31,BOTH,BELOW,BLOCKED,XUYEN,2,false,false
LTCUSDT,173,2022-04-14 11:30,1,BELOW,BELOW,BLOCKED,CHAN,3,false,
LTCUSDT,175,2022-04-15 14:45,7,BOTH,ABOVE,THROUGH,XUYEN,1,true,
LTCUSDT,177,2022-04-21 05:00,3,BOTH,BELOW,THROUGH,XUYEN,1,true,
LTCUSDT,178,2022-04-23 14:15,1,BELOW,BELOW,BLOCKED,CHAN,0,false,
LTCUSDT,180,2022-04-25 18:45,1,ABOVE,ABOVE,BLOCKED,CHAN,2,false,
LTCUSDT,182,2022-04-27 21:30,26,BOTH,ABOVE,BLOCKED,XUYEN,2,false,false
LTCUSDT,183,2022-04-30 19:45,9,BOTH,ABOVE,BLOCKED,XUYEN,1,false,false
LTCUSDT,184,2022-05-02 04:45,18,BOTH,ABOVE,THROUGH,XUYEN,2,true,
LTCUSDT,185,2022-05-06 13:30,19,BOTH,BELOW,THROUGH,XUYEN,2,true,
LTCUSDT,186,2022-05-08 17:00,1,BELOW,BELOW,THROUGH,XUYEN,2,true,
LTCUSDT,188,2022-05-11 12:30,2,BELOW,BELOW,BLOCKED,CHAN,3,false,true
LTCUSDT,189,2022-05-16 06:00,12,BOTH,BELOW,BLOCKED,XUYEN,3,false,false
LTCUSDT,190,2022-05-18 11:00,5,BELOW,BELOW,BLOCKED,XUYEN,1,false,false
LTCUSDT,191,2022-05-20 03:30,13,BOTH,BELOW,THROUGH,XUYEN,1,true,
LTCUSDT,192,2022-05-23 09:30,5,BOTH,ABOVE,BLOCKED,XUYEN,2,false,false
LTCUSDT,193,2022-05-25 18:00,5,BOTH,ABOVE,THROUGH,XUYEN,0,true,
LTCUSDT,194,2022-05-26 04:45,1,BELOW,BELOW,BLOCKED,CHAN,0,false,
LTCUSDT,195,2022-05-29 22:00,13,BOTH,ABOVE,THROUGH,XUYEN,1,true,
LTCUSDT,196,2022-06-02 22:00,18,BOTH,ABOVE,BLOCKED,XUYEN,2,false,false
LTCUSDT,197,2022-06-07 11:00,1,BELOW,BELOW,THROUGH,XUYEN,0,true,
LTCUSDT,198,2022-06-08 07:00,3,BELOW,BELOW,BLOCKED,CHAN,3,false,true
LTCUSDT,199,2022-06-08 18:30,8,BOTH,BELOW,BLOCKED,XUYEN,3,false,false
LTCUSDT,201,2022-06-19 05:00,3,BOTH,BELOW,THROUGH,XUYEN,1,true,
LTCUSDT,202,2022-06-24 16:30,11,BOTH,BELOW,BLOCKED,XUYEN,3,false,false
LTCUSDT,203,2022-06-26 15:00,11,BOTH,BELOW,BLOCKED,XUYEN,1,false,false
LTCUSDT,205,2022-06-27 18:00,9,BOTH,ABOVE,BLOCKED,XUYEN,1,false,false
LTCUSDT,206,2022-06-28 18:00,1,BELOW,BELOW,BLOCKED,CHAN,1,false,
LTCUSDT,207,2022-06-30 23:45,5,BOTH,ABOVE,THROUGH,XUYEN,2,true,
LTCUSDT,208,2022-07-01 10:30,16,BOTH,BELOW,BLOCKED,XUYEN,1,false,false
LTCUSDT,209,2022-07-03 04:45,3,BOTH,BELOW,BLOCKED,XUYEN,1,false,false
LTCUSDT,210,2022-07-03 23:00,12,BOTH,ABOVE,THROUGH,XUYEN,2,true,
LTCUSDT,211,2022-07-06 22:00,11,BOTH,ABOVE,BLOCKED,XUYEN,2,false,false
LTCUSDT,212,2022-07-09 17:30,5,BOTH,ABOVE,THROUGH,XUYEN,1,true,
LTCUSDT,214,2022-07-12 09:30,23,BOTH,BELOW,THROUGH,XUYEN,2,true,
LTCUSDT,215,2022-07-15 01:45,15,BOTH,ABOVE,BLOCKED,XUYEN,1,false,false
LTCUSDT,216,2022-07-16 04:00,6,BOTH,ABOVE,THROUGH,XUYEN,1,true,
LTCUSDT,217,2022-07-22 19:30,5,BOTH,BELOW,BLOCKED,XUYEN,1,false,false
LTCUSDT,218,2022-07-25 19:00,2,BOTH,BELOW,THROUGH,XUYEN,1,true,
LTCUSDT,219,2022-07-27 11:45,2,BOTH,BELOW,THROUGH,XUYEN,2,true,
LTCUSDT,221,2022-08-02 07:00,13,BOTH,BELOW,BLOCKED,XUYEN,1,false,false
LTCUSDT,223,2022-08-04 13:30,3,ABOVE,ABOVE,BLOCKED,CHAN,1,false,true
LTCUSDT,224,2022-08-07 06:30,3,ABOVE,ABOVE,BLOCKED,CHAN,2,false,true
LTCUSDT,225,2022-08-09 03:00,21,BOTH,BELOW,THROUGH,XUYEN,2,true,
LTCUSDT,226,2022-08-12 18:30,12,BOTH,ABOVE,THROUGH,XUYEN,1,true,
LTCUSDT,228,2022-08-19 21:45,16,BOTH,BELOW,THROUGH,XUYEN,1,true,
LTCUSDT,230,2022-08-23 18:15,16,BOTH,ABOVE,BLOCKED,XUYEN,3,false,false
LTCUSDT,231,2022-08-24 21:45,3,BOTH,BELOW,THROUGH,XUYEN,1,true,
LTCUSDT,232,2022-08-25 15:15,10,BOTH,BELOW,THROUGH,XUYEN,2,true,
LTCUSDT,233,2022-08-27 05:00,27,BOTH,BELOW,THROUGH,XUYEN,2,true,
LTCUSDT,235,2022-09-06 17:00,3,BELOW,BELOW,BLOCKED,XUYEN,1,false,false
LTCUSDT,236,2022-09-11 21:45,13,BOTH,BELOW,BLOCKED,XUYEN,2,false,false
LTCUSDT,237,2022-09-18 16:00,2,BELOW,BELOW,BLOCKED,CHAN,3,false,true
LTCUSDT,239,2022-09-19 02:15,1,BELOW,BELOW,BLOCKED,CHAN,2,false,
LTCUSDT,240,2022-09-20 03:15,34,BOTH,BELOW,BLOCKED,XUYEN,1,false,false
LTCUSDT,241,2022-09-24 02:30,21,BOTH,ABOVE,THROUGH,XUYEN,2,true,
LTCUSDT,242,2022-09-25 03:00,53,BOTH,ABOVE,BLOCKED,XUYEN,0,false,false
LTCUSDT,243,2022-10-04 13:30,26,BOTH,ABOVE,THROUGH,XUYEN,2,true,
LTCUSDT,244,2022-10-07 12:15,5,BOTH,ABOVE,THROUGH,XUYEN,0,true,
LTCUSDT,245,2022-10-08 21:30,7,BOTH,BELOW,THROUGH,XUYEN,1,true,
LTCUSDT,246,2022-10-09 16:00,13,BOTH,BELOW,BLOCKED,XUYEN,1,false,false
LTCUSDT,248,2022-10-12 04:00,28,BOTH,ABOVE,BLOCKED,XUYEN,2,false,false
LTCUSDT,249,2022-10-16 19:30,6,BOTH,ABOVE,BLOCKED,XUYEN,1,false,false
LTCUSDT,250,2022-10-19 22:30,9,BOTH,BELOW,THROUGH,XUYEN,1,true,
LTCUSDT,251,2022-10-21 12:00,2,BOTH,BELOW,THROUGH,XUYEN,2,true,
LTCUSDT,252,2022-10-23 11:00,11,BOTH,BELOW,THROUGH,XUYEN,0,true,
LTCUSDT,253,2022-10-26 20:00,13,BOTH,BELOW,THROUGH,XUYEN,3,true,
LTCUSDT,255,2022-10-28 12:30,1,ABOVE,ABOVE,BLOCKED,CHAN,2,false,
LTCUSDT,256,2022-10-30 22:00,4,BOTH,BELOW,BLOCKED,XUYEN,0,false,false
LTCUSDT,257,2022-11-01 05:00,10,BOTH,ABOVE,BLOCKED,XUYEN,1,false,false
LTCUSDT,258,2022-11-02 00:00,9,BOTH,BELOW,THROUGH,XUYEN,0,true,
LTCUSDT,261,2022-11-05 11:30,33,BOTH,ABOVE,BLOCKED,XUYEN,3,false,false
LTCUSDT,262,2022-11-07 22:15,1,BELOW,BELOW,BLOCKED,CHAN,1,false,
LTCUSDT,263,2022-11-14 04:15,5,BOTH,BELOW,THROUGH,XUYEN,1,true,
LTCUSDT,264,2022-11-17 15:15,1,ABOVE,ABOVE,BLOCKED,CHAN,2,false,
LTCUSDT,265,2022-11-17 20:45,18,BOTH,ABOVE,BLOCKED,XUYEN,1,false,false
LTCUSDT,268,2022-11-24 21:00,33,BOTH,ABOVE,THROUGH,XUYEN,3,true,
LTCUSDT,269,2022-11-30 17:15,9,BOTH,BELOW,THROUGH,XUYEN,1,true,
LTCUSDT,270,2022-12-01 13:30,34,BOTH,ABOVE,THROUGH,XUYEN,0,true,
LTCUSDT,271,2022-12-05 13:15,2,ABOVE,ABOVE,THROUGH,XUYEN,2,true,
LTCUSDT,272,2022-12-07 11:45,47,BOTH,BELOW,BLOCKED,XUYEN,3,false,false
LTCUSDT,273,2022-12-12 02:45,3,BELOW,BELOW,BLOCKED,CHAN,1,false,true
LTCUSDT,274,2022-12-13 02:45,4,BOTH,ABOVE,THROUGH,XUYEN,1,true,
LTCUSDT,275,2022-12-15 23:30,2,BOTH,BELOW,THROUGH,XUYEN,2,true,
LTCUSDT,276,2022-12-16 07:00,1,ABOVE,ABOVE,THROUGH,XUYEN,1,true,
LTCUSDT,277,2022-12-16 22:30,1,BELOW,BELOW,BLOCKED,CHAN,0,false,
LTCUSDT,278,2022-12-19 03:30,7,BELOW,BELOW,BLOCKED,XUYEN,1,false,false
LTCUSDT,279,2022-12-25 14:30,3,BOTH,BELOW,THROUGH,XUYEN,0,true,
LTCUSDT,281,2022-12-27 14:30,3,BOTH,BELOW,THROUGH,XUYEN,1,true,
LTCUSDT,282,2022-12-28 14:30,13,BOTH,ABOVE,THROUGH,XUYEN,1,true,
LTCUSDT,283,2022-12-30 21:00,11,BOTH,BELOW,BLOCKED,XUYEN,1,false,false
LTCUSDT,285,2023-01-02 15:00,30,BOTH,BELOW,BLOCKED,XUYEN,1,false,false
LTCUSDT,286,2023-01-05 13:15,6,BOTH,BELOW,BLOCKED,XUYEN,2,false,false
LTCUSDT,287,2023-01-06 06:15,3,BELOW,BELOW,THROUGH,XUYEN,2,true,
LTCUSDT,288,2023-01-08 00:30,11,BOTH,BELOW,THROUGH,XUYEN,1,true,
LTCUSDT,289,2023-01-14 14:30,22,BOTH,BELOW,THROUGH,XUYEN,3,true,
LTCUSDT,290,2023-01-16 08:00,26,BOTH,BELOW,THROUGH,XUYEN,2,true,
LTCUSDT,291,2023-01-24 00:00,4,ABOVE,ABOVE,BLOCKED,CHAN,0,false,true
LTCUSDT,292,2023-01-24 09:00,2,BELOW,BELOW,THROUGH,XUYEN,0,true,
LTCUSDT,294,2023-01-25 12:00,19,BOTH,ABOVE,THROUGH,XUYEN,1,true,
LTCUSDT,295,2023-01-28 03:45,10,BOTH,ABOVE,THROUGH,XUYEN,0,true,
LTCUSDT,296,2023-01-29 14:30,12,ABOVE,ABOVE,BLOCKED,CHAN,3,false,true
LTCUSDT,298,2023-01-30 19:00,1,BELOW,BELOW,THROUGH,XUYEN,1,true,
LTCUSDT,299,2023-02-06 23:00,1,BELOW,BELOW,THROUGH,XUYEN,2,true,
LTCUSDT,300,2023-02-07 22:30,5,BOTH,ABOVE,BLOCKED,XUYEN,3,false,false
LTCUSDT,301,2023-02-13 00:00,5,BOTH,ABOVE,THROUGH,XUYEN,1,true,
LTCUSDT,302,2023-02-15 05:30,1,ABOVE,ABOVE,BLOCKED,CHAN,1,false,
LTCUSDT,303,2023-02-15 11:30,1,ABOVE,ABOVE,BLOCKED,CHAN,3,false,
LTCUSDT,304,2023-02-16 17:00,3,BOTH,ABOVE,BLOCKED,XUYEN,3,false,false
LTCUSDT,305,2023-02-21 21:15,9,BOTH,BELOW,THROUGH,XUYEN,1,true,
LTCUSDT,307,2023-02-23 11:15,1,BELOW,BELOW,BLOCKED,CHAN,0,false,
LTCUSDT,308,2023-02-26 18:30,22,BOTH,ABOVE,BLOCKED,XUYEN,2,false,false
LTCUSDT,309,2023-03-01 19:45,10,BOTH,BELOW,THROUGH,XUYEN,2,true,
LTCUSDT,310,2023-03-04 05:30,16,BOTH,BELOW,BLOCKED,XUYEN,1,false,false
LTCUSDT,311,2023-03-06 15:45,11,BOTH,ABOVE,THROUGH,XUYEN,1,true,
LTCUSDT,312,2023-03-07 15:00,14,BOTH,BELOW,THROUGH,XUYEN,3,true,
LTCUSDT,313,2023-03-14 05:00,5,BOTH,ABOVE,THROUGH,XUYEN,0,true,
LTCUSDT,314,2023-03-14 12:30,6,BOTH,ABOVE,BLOCKED,XUYEN,3,false,false
LTCUSDT,315,2023-03-15 22:00,5,BOTH,ABOVE,THROUGH,XUYEN,1,true,
LTCUSDT,317,2023-03-20 13:30,5,BOTH,BELOW,THROUGH,XUYEN,2,true,
LTCUSDT,318,2023-03-21 07:00,1,BELOW,BELOW,THROUGH,XUYEN,0,true,
LTCUSDT,319,2023-03-27 05:45,20,BOTH,BELOW,THROUGH,XUYEN,1,true,
LTCUSDT,322,2023-04-01 12:00,5,BOTH,ABOVE,THROUGH,XUYEN,3,true,
LTCUSDT,323,2023-04-01 16:45,6,BELOW,BELOW,BLOCKED,CHAN,3,false,true
LTCUSDT,324,2023-04-02 06:45,34,BOTH,ABOVE,BLOCKED,XUYEN,1,false,false
LTCUSDT,325,2023-04-04 23:15,2,BELOW,BELOW,THROUGH,XUYEN,3,true,
LTCUSDT,326,2023-04-05 07:30,2,ABOVE,ABOVE,THROUGH,XUYEN,2,true,
LTCUSDT,327,2023-04-07 12:30,8,ABOVE,ABOVE,BLOCKED,CHAN,1,false,true
LTCUSDT,328,2023-04-08 05:45,2,BOTH,ABOVE,THROUGH,XUYEN,2,true,
LTCUSDT,329,2023-04-08 12:15,4,BELOW,BELOW,BLOCKED,CHAN,4,false,true
LTCUSDT,330,2023-04-09 06:00,1,BELOW,BELOW,BLOCKED,CHAN,2,false,
LTCUSDT,331,2023-04-09 14:15,2,BOTH,BELOW,THROUGH,XUYEN,1,true,
LTCUSDT,333,2023-04-10 22:00,1,ABOVE,ABOVE,BLOCKED,CHAN,3,false,
LTCUSDT,334,2023-04-11 21:30,1,BELOW,BELOW,BLOCKED,CHAN,1,false,
LTCUSDT,335,2023-04-12 22:00,10,BOTH,BELOW,THROUGH,XUYEN,0,true,
LTCUSDT,337,2023-04-14 11:00,13,BOTH,BELOW,THROUGH,XUYEN,3,true,
LTCUSDT,338,2023-04-16 09:15,1,ABOVE,ABOVE,BLOCKED,CHAN,1,false,
LTCUSDT,340,2023-04-19 21:15,2,BELOW,BELOW,BLOCKED,CHAN,3,false,true
LTCUSDT,341,2023-04-20 23:00,3,ABOVE,ABOVE,THROUGH,XUYEN,1,true,
LTCUSDT,342,2023-04-21 06:30,11,BOTH,BELOW,THROUGH,XUYEN,1,true,
LTCUSDT,343,2023-04-21 19:00,37,BOTH,BELOW,BLOCKED,XUYEN,2,false,false
LTCUSDT,344,2023-04-29 17:30,16,BOTH,BELOW,THROUGH,XUYEN,0,true,
LTCUSDT,345,2023-05-01 01:30,6,BELOW,BELOW,BLOCKED,XUYEN,1,false,false
LTCUSDT,346,2023-05-02 18:30,13,BOTH,ABOVE,BLOCKED,XUYEN,1,false,false
LTCUSDT,348,2023-05-05 12:30,5,BOTH,BELOW,THROUGH,XUYEN,1,true,
LTCUSDT,349,2023-05-07 23:45,2,BOTH,BELOW,THROUGH,XUYEN,1,true,
LTCUSDT,350,2023-05-11 08:00,37,BOTH,BELOW,THROUGH,XUYEN,3,true,
LTCUSDT,351,2023-05-21 07:00,9,BOTH,ABOVE,BLOCKED,XUYEN,1,false,false
LTCUSDT,352,2023-05-22 06:15,23,BOTH,ABOVE,THROUGH,XUYEN,0,true,
LTCUSDT,354,2023-05-25 01:15,8,BOTH,BELOW,BLOCKED,XUYEN,3,false,false
LTCUSDT,355,2023-05-25 17:00,2,BOTH,BELOW,THROUGH,XUYEN,2,true,
LTCUSDT,357,2023-05-27 13:15,5,BOTH,ABOVE,THROUGH,XUYEN,3,true,
LTCUSDT,358,2023-06-01 14:00,1,ABOVE,ABOVE,BLOCKED,CHAN,2,false,
LTCUSDT,361,2023-06-06 12:00,16,BOTH,BELOW,THROUGH,XUYEN,2,true,
LTCUSDT,362,2023-06-10 17:00,12,BOTH,ABOVE,BLOCKED,XUYEN,1,false,false
LTCUSDT,364,2023-06-17 05:30,4,ABOVE,ABOVE,BLOCKED,CHAN,1,false,true
LTCUSDT,366,2023-06-19 16:30,6,BOTH,BELOW,THROUGH,XUYEN,2,true,
LTCUSDT,368,2023-06-22 06:00,3,BELOW,BELOW,BLOCKED,CHAN,3,false,true
LTCUSDT,369,2023-06-22 11:00,1,BELOW,BELOW,BLOCKED,CHAN,2,false,
LTCUSDT,370,2023-06-23 09:00,8,BOTH,ABOVE,THROUGH,XUYEN,2,true,
LTCUSDT,371,2023-06-24 23:00,6,BOTH,ABOVE,THROUGH,XUYEN,1,true,
LTCUSDT,372,2023-06-25 13:00,21,BOTH,BELOW,BLOCKED,XUYEN,4,false,false
LTCUSDT,373,2023-06-28 19:15,15,BOTH,BELOW,THROUGH,XUYEN,1,true,
LTCUSDT,374,2023-06-30 13:30,3,BOTH,BELOW,THROUGH,XUYEN,1,true,
LTCUSDT,375,2023-07-02 15:15,14,BOTH,ABOVE,BLOCKED,XUYEN,2,false,false
LTCUSDT,376,2023-07-04 19:00,2,BELOW,BELOW,BLOCKED,CHAN,2,false,true
LTCUSDT,378,2023-07-06 22:45,32,BOTH,BELOW,BLOCKED,XUYEN,2,false,false
LTCUSDT,380,2023-07-10 08:15,2,ABOVE,ABOVE,THROUGH,XUYEN,1,true,
LTCUSDT,381,2023-07-16 02:15,2,BELOW,BELOW,BLOCKED,CHAN,0,false,true
LTCUSDT,382,2023-07-16 10:00,8,BOTH,ABOVE,THROUGH,XUYEN,2,true,
LTCUSDT,383,2023-07-17 04:30,3,BELOW,BELOW,BLOCKED,CHAN,1,false,true
LTCUSDT,384,2023-07-17 10:15,8,BOTH,BELOW,BLOCKED,XUYEN,2,false,false
LTCUSDT,385,2023-07-18 16:45,8,BOTH,BELOW,BLOCKED,XUYEN,3,false,false
LTCUSDT,386,2023-07-23 13:00,15,BOTH,BELOW,THROUGH,XUYEN,1,true,
LTCUSDT,388,2023-07-26 23:00,5,ABOVE,ABOVE,BLOCKED,CHAN,1,false,true
LTCUSDT,389,2023-07-30 19:45,2,BELOW,BELOW,THROUGH,XUYEN,2,true,
LTCUSDT,390,2023-07-31 17:45,7,BOTH,ABOVE,THROUGH,XUYEN,2,true,
LTCUSDT,391,2023-08-01 02:00,6,BOTH,BELOW,THROUGH,XUYEN,3,true,
LTCUSDT,393,2023-08-04 12:30,3,ABOVE,ABOVE,BLOCKED,CHAN,3,false,true
LTCUSDT,394,2023-08-04 18:00,16,BOTH,BELOW,BLOCKED,XUYEN,1,false,false
LTCUSDT,395,2023-08-06 20:45,23,BOTH,ABOVE,THROUGH,XUYEN,0,true,
LTCUSDT,396,2023-08-13 02:00,2,BELOW,BELOW,BLOCKED,CHAN,2,false,true
LTCUSDT,398,2023-08-16 12:15,1,BELOW,BELOW,BLOCKED,CHAN,2,false,
LTCUSDT,401,2023-08-18 04:15,30,BOTH,BELOW,THROUGH,XUYEN,2,true,
LTCUSDT,402,2023-08-21 00:00,9,BOTH,ABOVE,BLOCKED,XUYEN,1,false,false
LTCUSDT,403,2023-08-22 21:15,1,BELOW,BELOW,THROUGH,XUYEN,1,true,
LTCUSDT,404,2023-08-23 06:45,10,BOTH,ABOVE,THROUGH,XUYEN,2,true,
LTCUSDT,405,2023-08-24 20:45,24,BOTH,BELOW,THROUGH,XUYEN,3,true,
LTCUSDT,406,2023-08-28 19:15,9,BOTH,BELOW,THROUGH,XUYEN,1,true,
LTCUSDT,408,2023-09-04 08:00,3,BOTH,ABOVE,THROUGH,XUYEN,1,true,
LTCUSDT,409,2023-09-05 02:15,5,BELOW,BELOW,BLOCKED,CHAN,3,false,true
LTCUSDT,410,2023-09-06 17:00,9,BOTH,BELOW,THROUGH,XUYEN,0,true,
LTCUSDT,411,2023-09-07 06:30,12,BOTH,ABOVE,BLOCKED,XUYEN,1,false,false
LTCUSDT,412,2023-09-07 21:00,2,ABOVE,ABOVE,BLOCKED,CHAN,3,false,true
LTCUSDT,413,2023-09-08 10:00,2,BELOW,BELOW,BLOCKED,CHAN,2,false,true
LTCUSDT,415,2023-09-10 14:30,10,BOTH,BELOW,BLOCKED,XUYEN,2,false,false
LTCUSDT,417,2023-09-13 07:30,1,ABOVE,ABOVE,BLOCKED,CHAN,1,false,
LTCUSDT,418,2023-09-14 00:00,1,ABOVE,ABOVE,BLOCKED,CHAN,1,false,
LTCUSDT,419,2023-09-15 02:00,2,ABOVE,ABOVE,BLOCKED,CHAN,1,false,true
LTCUSDT,420,2023-09-17 05:00,9,BOTH,ABOVE,THROUGH,XUYEN,0,true,
LTCUSDT,421,2023-09-17 20:30,1,BELOW,BELOW,THROUGH,XUYEN,2,true,
LTCUSDT,422,2023-09-18 12:15,8,BOTH,ABOVE,BLOCKED,CHAN,2,false,true
LTCUSDT,423,2023-09-20 19:15,28,BOTH,BELOW,BLOCKED,XUYEN,2,false,false
LTCUSDT,424,2023-09-23 00:00,5,BOTH,ABOVE,THROUGH,XUYEN,1,true,
LTCUSDT,425,2023-09-24 23:15,13,BOTH,BELOW,THROUGH,XUYEN,0,true,
LTCUSDT,426,2023-09-26 01:00,10,BOTH,ABOVE,BLOCKED,XUYEN,1,false,false
LTCUSDT,427,2023-09-28 10:30,2,ABOVE,ABOVE,BLOCKED,CHAN,1,false,true
LTCUSDT,428,2023-09-29 22:45,8,BOTH,BELOW,BLOCKED,XUYEN,2,false,false
LTCUSDT,429,2023-10-01 22:15,2,ABOVE,ABOVE,BLOCKED,CHAN,1,false,true
LTCUSDT,430,2023-10-02 18:30,1,BELOW,BELOW,BLOCKED,CHAN,1,false,
LTCUSDT,431,2023-10-05 15:00,4,BOTH,BELOW,THROUGH,XUYEN,1,true,
LTCUSDT,432,2023-10-06 12:30,2,BOTH,BELOW,THROUGH,XUYEN,2,true,
LTCUSDT,433,2023-10-06 21:30,16,BOTH,ABOVE,THROUGH,XUYEN,2,true,
LTCUSDT,434,2023-10-08 22:00,5,BOTH,BELOW,THROUGH,XUYEN,2,true,
LTCUSDT,435,2023-10-09 16:00,14,BOTH,BELOW,BLOCKED,XUYEN,2,false,false
LTCUSDT,438,2023-10-13 01:45,11,BOTH,BELOW,THROUGH,XUYEN,3,true,
LTCUSDT,439,2023-10-15 12:00,3,ABOVE,ABOVE,THROUGH,XUYEN,0,true,
LTCUSDT,440,2023-10-15 20:30,6,BOTH,ABOVE,THROUGH,XUYEN,1,true,
LTCUSDT,444,2023-10-17 18:45,10,BOTH,BELOW,THROUGH,XUYEN,2,true,
LTCUSDT,445,2023-10-19 01:30,2,BOTH,BELOW,THROUGH,XUYEN,1,true,
LTCUSDT,446,2023-10-22 07:30,8,BOTH,BELOW,THROUGH,XUYEN,2,true,
LTCUSDT,447,2023-10-23 22:30,2,ABOVE,ABOVE,BLOCKED,CHAN,2,false,true
LTCUSDT,449,2023-10-25 21:30,6,BOTH,BELOW,THROUGH,XUYEN,3,true,
LTCUSDT,450,2023-10-26 14:30,2,BELOW,BELOW,BLOCKED,CHAN,4,false,true
LTCUSDT,451,2023-10-28 12:45,17,BOTH,BELOW,THROUGH,XUYEN,3,true,
LTCUSDT,452,2023-10-30 17:00,19,BOTH,BELOW,BLOCKED,XUYEN,2,false,false
LTCUSDT,453,2023-11-01 14:45,6,BOTH,BELOW,THROUGH,XUYEN,3,true,
LTCUSDT,454,2023-11-05 13:45,14,BOTH,BELOW,THROUGH,XUYEN,1,true,
LTCUSDT,455,2023-11-07 08:45,6,BOTH,ABOVE,THROUGH,XUYEN,2,true,
LTCUSDT,456,2023-11-08 07:30,16,BOTH,ABOVE,THROUGH,XUYEN,1,true,
LTCUSDT,457,2023-11-12 23:15,4,BOTH,BELOW,THROUGH,XUYEN,0,true,
LTCUSDT,458,2023-11-13 20:45,1,ABOVE,ABOVE,THROUGH,XUYEN,0,true,
LTCUSDT,459,2023-11-15 18:00,7,BOTH,ABOVE,BLOCKED,XUYEN,2,false,false
LTCUSDT,460,2023-11-19 23:00,3,ABOVE,ABOVE,BLOCKED,CHAN,1,false,true
LTCUSDT,461,2023-11-20 14:00,8,BOTH,BELOW,THROUGH,XUYEN,2,true,
LTCUSDT,462,2023-11-20 21:00,13,BOTH,BELOW,THROUGH,XUYEN,2,true,
LTCUSDT,463,2023-11-23 06:30,5,BOTH,ABOVE,BLOCKED,XUYEN,1,false,false
LTCUSDT,465,2023-11-24 22:00,3,BOTH,BELOW,BLOCKED,XUYEN,2,false,false
LTCUSDT,466,2023-11-25 20:30,7,BOTH,BELOW,THROUGH,XUYEN,0,true,
LTCUSDT,470,2023-11-30 07:45,4,BOTH,BELOW,BLOCKED,XUYEN,3,false,false
LTCUSDT,471,2023-12-03 12:45,2,BOTH,BELOW,THROUGH,XUYEN,1,true,
LTCUSDT,472,2023-12-04 03:15,9,BOTH,ABOVE,BLOCKED,XUYEN,3,false,false
LTCUSDT,473,2023-12-04 19:15,23,BOTH,BELOW,THROUGH,XUYEN,2,true,
LTCUSDT,475,2023-12-07 08:00,10,BOTH,BELOW,THROUGH,XUYEN,1,true,
LTCUSDT,477,2023-12-09 23:30,2,BOTH,BELOW,BLOCKED,CHAN,1,false,true
LTCUSDT,478,2023-12-10 06:30,7,BOTH,ABOVE,BLOCKED,CHAN,2,false,true
LTCUSDT,480,2023-12-15 23:15,3,BOTH,BELOW,THROUGH,XUYEN,1,true,
LTCUSDT,481,2023-12-17 01:30,13,BOTH,ABOVE,THROUGH,XUYEN,2,true,
LTCUSDT,483,2023-12-18 09:15,13,BOTH,BELOW,BLOCKED,XUYEN,2,false,false
LTCUSDT,484,2023-12-20 04:15,12,BOTH,ABOVE,BLOCKED,XUYEN,1,false,false
LTCUSDT,485,2023-12-22 06:30,6,BOTH,BELOW,THROUGH,XUYEN,2,true,
LTCUSDT,486,2023-12-23 11:00,10,BOTH,BELOW,THROUGH,XUYEN,3,true,
LTCUSDT,487,2023-12-24 05:30,7,BELOW,BELOW,BLOCKED,CHAN,0,false,true
LTCUSDT,488,2023-12-26 05:30,3,BELOW,BELOW,BLOCKED,CHAN,1,false,true
LTCUSDT,489,2023-12-26 09:45,16,BOTH,ABOVE,THROUGH,XUYEN,3,true,
LTCUSDT,490,2024-01-05 01:45,5,BELOW,BELOW,BLOCKED,CHAN,2,false,true
LTCUSDT,491,2024-01-05 20:45,14,BOTH,BELOW,BLOCKED,XUYEN,3,false,false
LTCUSDT,493,2024-01-09 12:45,10,BOTH,BELOW,THROUGH,XUYEN,3,true,
LTCUSDT,494,2024-01-16 14:30,6,BOTH,BELOW,THROUGH,XUYEN,2,true,
LTCUSDT,495,2024-01-16 23:00,2,BELOW,BELOW,THROUGH,XUYEN,1,true,
LTCUSDT,496,2024-01-17 05:30,26,BOTH,ABOVE,THROUGH,XUYEN,3,true,
LTCUSDT,497,2024-01-21 20:15,1,ABOVE,ABOVE,THROUGH,XUYEN,1,true,
LTCUSDT,498,2024-01-23 14:00,4,BOTH,BELOW,THROUGH,XUYEN,3,true,
LTCUSDT,499,2024-01-23 20:00,4,ABOVE,ABOVE,BLOCKED,CHAN,4,false,true
LTCUSDT,500,2024-01-24 23:00,17,BOTH,ABOVE,THROUGH,XUYEN,0,true,
LTCUSDT,501,2024-01-27 18:15,15,BOTH,ABOVE,BLOCKED,XUYEN,1,false,false
LTCUSDT,502,2024-01-29 08:15,31,BOTH,BELOW,THROUGH,XUYEN,4,true,
LTCUSDT,503,2024-02-02 13:30,9,BOTH,BELOW,THROUGH,XUYEN,1,true,
LTCUSDT,504,2024-02-03 07:00,33,BOTH,BELOW,BLOCKED,XUYEN,3,false,false
LTCUSDT,506,2024-02-09 05:00,3,BELOW,BELOW,BLOCKED,CHAN,2,false,true
LTCUSDT,507,2024-02-09 14:15,3,BELOW,BELOW,BLOCKED,CHAN,2,false,true
LTCUSDT,508,2024-02-10 10:45,8,BOTH,BELOW,BLOCKED,XUYEN,2,false,false
LTCUSDT,509,2024-02-11 03:30,13,BOTH,ABOVE,BLOCKED,XUYEN,1,false,false
LTCUSDT,510,2024-02-17 14:30,1,BELOW,BELOW,THROUGH,XUYEN,3,true,
LTCUSDT,511,2024-02-18 09:00,13,BOTH,ABOVE,BLOCKED,XUYEN,2,false,false
LTCUSDT,512,2024-02-19 05:00,21,BOTH,BELOW,THROUGH,XUYEN,3,true,
LTCUSDT,513,2024-02-20 09:15,6,BOTH,BELOW,THROUGH,XUYEN,2,true,
LTCUSDT,514,2024-02-22 10:30,6,BOTH,ABOVE,THROUGH,XUYEN,3,true,
LTCUSDT,515,2024-02-22 19:30,8,BOTH,BELOW,BLOCKED,XUYEN,0,false,false
LTCUSDT,516,2024-02-24 20:00,15,BOTH,BELOW,THROUGH,XUYEN,2,true,
LTCUSDT,517,2024-02-27 01:45,1,ABOVE,ABOVE,BLOCKED,CHAN,2,false,
LTCUSDT,518,2024-02-28 01:30,11,BOTH,ABOVE,BLOCKED,XUYEN,0,false,false
LTCUSDT,520,2024-02-29 21:00,6,BOTH,BELOW,THROUGH,XUYEN,1,true,
LTCUSDT,521,2024-03-02 23:00,3,ABOVE,ABOVE,THROUGH,XUYEN,1,true,
LTCUSDT,522,2024-03-03 07:15,23,BOTH,BELOW,THROUGH,XUYEN,3,true,
LTCUSDT,523,2024-03-07 18:45,18,BOTH,ABOVE,THROUGH,XUYEN,1,true,
LTCUSDT,524,2024-03-13 00:00,10,BOTH,ABOVE,BLOCKED,XUYEN,2,false,false
LTCUSDT,525,2024-03-14 08:15,5,BOTH,ABOVE,THROUGH,XUYEN,0,true,
LTCUSDT,526,2024-03-14 18:45,6,BOTH,BELOW,THROUGH,XUYEN,4,true,
LTCUSDT,527,2024-03-18 22:00,15,BOTH,ABOVE,BLOCKED,XUYEN,1,false,false
LTCUSDT,530,2024-03-27 01:30,20,BOTH,ABOVE,BLOCKED,XUYEN,0,false,false
LTCUSDT,531,2024-03-29 21:30,9,BOTH,ABOVE,THROUGH,XUYEN,1,true,
LTCUSDT,532,2024-04-01 05:45,2,BELOW,BELOW,BLOCKED,CHAN,3,false,true
LTCUSDT,534,2024-04-10 08:00,14,BOTH,BELOW,BLOCKED,XUYEN,1,false,false
LTCUSDT,536,2024-04-15 02:30,35,BOTH,BELOW,THROUGH,XUYEN,3,true,
LTCUSDT,537,2024-04-18 22:00,2,BELOW,BELOW,THROUGH,XUYEN,0,true,
LTCUSDT,539,2024-04-19 23:00,4,BOTH,BELOW,BLOCKED,XUYEN,2,false,false
LTCUSDT,540,2024-04-26 12:00,5,BOTH,ABOVE,BLOCKED,XUYEN,1,false,false
LTCUSDT,541,2024-04-27 16:45,23,BOTH,BELOW,THROUGH,XUYEN,2,true,
LTCUSDT,543,2024-05-05 12:45,58,BOTH,BELOW,THROUGH,XUYEN,2,true,
LTCUSDT,544,2024-05-14 06:00,1,BELOW,BELOW,THROUGH,XUYEN,0,true,
LTCUSDT,547,2024-05-16 04:00,25,BOTH,ABOVE,THROUGH,XUYEN,3,true,
LTCUSDT,548,2024-05-21 19:15,3,BELOW,BELOW,BLOCKED,CHAN,2,false,true
LTCUSDT,549,2024-05-22 12:30,3,BELOW,BELOW,THROUGH,XUYEN,2,true,
LTCUSDT,550,2024-05-22 16:30,1,BELOW,BELOW,BLOCKED,CHAN,1,false,
LTCUSDT,551,2024-05-23 00:30,1,ABOVE,ABOVE,THROUGH,XUYEN,1,true,
LTCUSDT,552,2024-05-23 11:45,4,BOTH,ABOVE,THROUGH,XUYEN,0,true,
LTCUSDT,553,2024-05-23 20:00,11,BOTH,BELOW,THROUGH,XUYEN,3,true,
LTCUSDT,555,2024-05-28 18:30,9,BOTH,BELOW,THROUGH,XUYEN,2,true,
LTCUSDT,556,2024-05-30 13:00,40,BOTH,ABOVE,BLOCKED,XUYEN,2,false,false
LTCUSDT,557,2024-06-04 01:30,6,BOTH,ABOVE,THROUGH,XUYEN,3,true,
LTCUSDT,560,2024-06-10 13:30,4,BOTH,BELOW,THROUGH,XUYEN,2,true,
LTCUSDT,561,2024-06-11 01:45,8,BOTH,BELOW,BLOCKED,XUYEN,2,false,false
LTCUSDT,562,2024-06-12 18:00,4,BELOW,BELOW,BLOCKED,CHAN,1,false,true
LTCUSDT,563,2024-06-13 12:30,15,BOTH,BELOW,BLOCKED,XUYEN,2,false,false
LTCUSDT,564,2024-06-15 04:00,1,ABOVE,ABOVE,THROUGH,XUYEN,3,true,
LTCUSDT,565,2024-06-16 17:45,5,BOTH,BELOW,BLOCKED,XUYEN,3,false,false
LTCUSDT,566,2024-06-17 16:15,4,BOTH,ABOVE,BLOCKED,XUYEN,2,false,false
LTCUSDT,568,2024-06-18 11:00,1,BELOW,BELOW,THROUGH,XUYEN,1,true,
LTCUSDT,569,2024-06-20 10:45,10,BOTH,ABOVE,THROUGH,XUYEN,1,true,
LTCUSDT,570,2024-06-21 07:45,7,BELOW,BELOW,BLOCKED,XUYEN,3,false,false
LTCUSDT,571,2024-06-22 10:15,17,BOTH,ABOVE,THROUGH,XUYEN,3,true,
LTCUSDT,572,2024-06-24 09:30,1,BELOW,BELOW,BLOCKED,CHAN,3,false,
LTCUSDT,573,2024-06-25 03:00,1,ABOVE,ABOVE,BLOCKED,CHAN,1,false,
LTCUSDT,574,2024-06-28 08:30,9,BOTH,ABOVE,THROUGH,XUYEN,1,true,
LTCUSDT,575,2024-07-02 01:00,2,ABOVE,ABOVE,BLOCKED,CHAN,1,false,true
LTCUSDT,576,2024-07-02 09:45,8,BOTH,BELOW,BLOCKED,XUYEN,1,false,false
LTCUSDT,577,2024-07-08 14:15,18,BOTH,BELOW,BLOCKED,XUYEN,1,false,false
LTCUSDT,578,2024-07-10 04:00,1,ABOVE,ABOVE,BLOCKED,CHAN,4,false,
LTCUSDT,579,2024-07-10 12:30,2,BOTH,BELOW,THROUGH,XUYEN,0,true,
LTCUSDT,580,2024-07-16 22:00,11,BOTH,BELOW,THROUGH,XUYEN,0,true,
LTCUSDT,582,2024-07-22 05:00,4,BOTH,BELOW,THROUGH,XUYEN,0,true,
LTCUSDT,583,2024-07-24 03:00,5,BOTH,BELOW,THROUGH,XUYEN,1,true,
LTCUSDT,585,2024-07-25 01:00,18,BOTH,BELOW,BLOCKED,XUYEN,2,false,false
LTCUSDT,586,2024-07-27 18:45,5,BELOW,BELOW,BLOCKED,CHAN,0,false,true
LTCUSDT,588,2024-07-29 07:30,18,BOTH,ABOVE,THROUGH,XUYEN,1,true,
LTCUSDT,590,2024-08-04 22:00,2,ABOVE,ABOVE,THROUGH,XUYEN,3,true,
LTCUSDT,591,2024-08-05 05:00,9,BOTH,BELOW,BLOCKED,XUYEN,3,false,false
LTCUSDT,592,2024-08-07 18:30,4,BELOW,BELOW,THROUGH,XUYEN,2,true,
LTCUSDT,593,2024-08-08 12:30,1,ABOVE,ABOVE,BLOCKED,CHAN,1,false,
LTCUSDT,594,2024-08-10 09:30,9,BOTH,BELOW,THROUGH,XUYEN,0,true,
LTCUSDT,596,2024-08-12 11:00,8,BOTH,ABOVE,THROUGH,XUYEN,0,true,
LTCUSDT,597,2024-08-14 06:00,10,BOTH,ABOVE,THROUGH,XUYEN,2,true,
LTCUSDT,598,2024-08-14 17:15,7,ABOVE,ABOVE,BLOCKED,CHAN,4,false,true
LTCUSDT,599,2024-08-16 07:30,6,BOTH,BELOW,BLOCKED,XUYEN,1,false,false
LTCUSDT,600,2024-08-16 21:00,10,BOTH,BELOW,BLOCKED,XUYEN,2,false,false
LTCUSDT,601,2024-08-18 07:00,10,BOTH,BELOW,THROUGH,XUYEN,1,true,
LTCUSDT,602,2024-08-21 07:15,4,BOTH,BELOW,THROUGH,XUYEN,2,true,
LTCUSDT,603,2024-08-22 02:45,7,BOTH,BELOW,BLOCKED,XUYEN,3,false,false
LTCUSDT,604,2024-08-22 17:45,16,BOTH,ABOVE,BLOCKED,XUYEN,1,false,false
LTCUSDT,605,2024-08-27 14:00,3,BOTH,BELOW,THROUGH,XUYEN,4,true,
LTCUSDT,607,2024-08-29 07:45,20,BOTH,ABOVE,THROUGH,XUYEN,2,true,
LTCUSDT,609,2024-09-03 20:00,10,BOTH,ABOVE,THROUGH,XUYEN,0,true,
LTCUSDT,610,2024-09-04 12:00,9,BOTH,BELOW,BLOCKED,XUYEN,1,false,false
LTCUSDT,611,2024-09-05 03:00,13,BOTH,BELOW,THROUGH,XUYEN,1,true,
LTCUSDT,612,2024-09-06 07:15,2,BELOW,BELOW,BLOCKED,CHAN,3,false,true
LTCUSDT,613,2024-09-06 12:30,1,ABOVE,ABOVE,THROUGH,XUYEN,0,true,
LTCUSDT,614,2024-09-08 21:45,30,BOTH,BELOW,THROUGH,XUYEN,2,true,
LTCUSDT,615,2024-09-13 06:45,1,ABOVE,ABOVE,BLOCKED,CHAN,2,false,
LTCUSDT,616,2024-09-15 23:00,6,BOTH,BELOW,BLOCKED,XUYEN,1,false,false
LTCUSDT,617,2024-09-17 19:45,9,BOTH,BELOW,THROUGH,XUYEN,1,true,
LTCUSDT,618,2024-09-19 22:00,15,BOTH,BELOW,THROUGH,XUYEN,1,true,
LTCUSDT,619,2024-09-24 10:30,32,BOTH,ABOVE,THROUGH,XUYEN,1,true,
LTCUSDT,620,2024-10-04 12:30,18,BOTH,BELOW,THROUGH,XUYEN,0,true,
LTCUSDT,621,2024-10-13 08:00,3,BELOW,BELOW,BLOCKED,CHAN,2,false,true
LTCUSDT,622,2024-10-13 22:00,3,BOTH,ABOVE,THROUGH,XUYEN,0,true,
LTCUSDT,624,2024-10-19 20:30,8,BOTH,BELOW,THROUGH,XUYEN,0,true,
LTCUSDT,625,2024-10-20 03:45,12,BOTH,ABOVE,THROUGH,XUYEN,0,true,
LTCUSDT,627,2024-10-21 11:45,1,BELOW,BELOW,BLOCKED,CHAN,1,false,
LTCUSDT,628,2024-10-21 18:30,65,BOTH,BELOW,THROUGH,XUYEN,3,true,
LTCUSDT,629,2024-10-30 20:00,6,BOTH,BELOW,THROUGH,XUYEN,3,true,
LTCUSDT,631,2024-11-01 02:00,11,BOTH,BELOW,BLOCKED,XUYEN,1,false,false
LTCUSDT,632,2024-11-04 06:15,21,BOTH,ABOVE,THROUGH,XUYEN,1,true,
LTCUSDT,633,2024-11-05 19:45,4,BELOW,BELOW,BLOCKED,XUYEN,3,false,false
LTCUSDT,634,2024-11-09 05:00,12,BOTH,BELOW,THROUGH,XUYEN,2,true,
LTCUSDT,636,2024-12-09 03:30,2,BELOW,BELOW,BLOCKED,CHAN,3,false,true
LTCUSDT,637,2024-12-17 04:00,6,BOTH,BELOW,BLOCKED,XUYEN,1,false,false
LTCUSDT,641,2024-12-27 09:00,24,BOTH,ABOVE,BLOCKED,XUYEN,2,false,false
LTCUSDT,643,2025-01-08 03:00,1,BELOW,BELOW,BLOCKED,CHAN,2,false,
LTCUSDT,644,2025-01-09 02:00,13,BOTH,BELOW,BLOCKED,XUYEN,0,false,false
LTCUSDT,645,2025-01-10 13:30,16,BOTH,BELOW,BLOCKED,XUYEN,1,false,false
LTCUSDT,646,2025-01-12 20:30,1,BELOW,BELOW,THROUGH,XUYEN,1,true,
LTCUSDT,649,2025-01-15 22:15,1,BELOW,BELOW,THROUGH,XUYEN,0,true,
LTCUSDT,650,2025-01-18 00:00,2,ABOVE,ABOVE,THROUGH,XUYEN,1,true,
LTCUSDT,651,2025-01-20 17:00,18,BOTH,BELOW,THROUGH,XUYEN,3,true,
LTCUSDT,652,2025-01-24 21:15,4,BOTH,ABOVE,THROUGH,XUYEN,1,true,
LTCUSDT,653,2025-01-29 21:00,1,ABOVE,ABOVE,BLOCKED,CHAN,2,false,
LTCUSDT,654,2025-01-30 20:30,17,BOTH,BELOW,THROUGH,XUYEN,1,true,
LTCUSDT,655,2025-02-02 22:30,3,BELOW,BELOW,BLOCKED,CHAN,3,false,true
LTCUSDT,656,2025-02-04 05:00,24,BOTH,BELOW,THROUGH,XUYEN,2,true,
LTCUSDT,657,2025-02-06 23:00,1,BELOW,BELOW,THROUGH,XUYEN,2,true,
LTCUSDT,658,2025-02-07 13:30,15,BOTH,ABOVE,THROUGH,XUYEN,1,true,
LTCUSDT,659,2025-02-17 14:00,19,BOTH,ABOVE,THROUGH,XUYEN,0,true,
LTCUSDT,660,2025-02-18 21:00,4,ABOVE,ABOVE,BLOCKED,CHAN,1,false,true
LTCUSDT,661,2025-02-20 22:30,1,ABOVE,ABOVE,BLOCKED,CHAN,3,false,
LTCUSDT,662,2025-02-21 13:00,3,BOTH,ABOVE,THROUGH,XUYEN,0,true,
LTCUSDT,663,2025-02-25 07:00,10,BELOW,BELOW,BLOCKED,XUYEN,2,false,false
LTCUSDT,665,2025-02-26 23:45,11,BOTH,BELOW,BLOCKED,XUYEN,0,false,false
LTCUSDT,667,2025-03-01 04:00,7,BOTH,ABOVE,THROUGH,XUYEN,1,true,
LTCUSDT,668,2025-03-10 09:15,1,ABOVE,ABOVE,THROUGH,XUYEN,2,true,
LTCUSDT,669,2025-03-16 16:00,9,BOTH,ABOVE,BLOCKED,XUYEN,1,false,false
LTCUSDT,670,2025-03-20 04:30,25,BOTH,BELOW,BLOCKED,XUYEN,1,false,false
LTCUSDT,671,2025-03-25 13:00,29,BOTH,ABOVE,BLOCKED,XUYEN,2,false,false
LTCUSDT,674,2025-04-02 15:30,1,ABOVE,ABOVE,THROUGH,XUYEN,1,true,
LTCUSDT,675,2025-04-03 03:00,12,BOTH,ABOVE,BLOCKED,XUYEN,2,false,false
LTCUSDT,676,2025-04-04 10:00,9,BELOW,BELOW,BLOCKED,XUYEN,1,false,false
LTCUSDT,677,2025-04-05 20:30,7,BOTH,ABOVE,BLOCKED,XUYEN,1,false,false
LTCUSDT,678,2025-04-18 16:45,13,BOTH,ABOVE,BLOCKED,XUYEN,3,false,false
LTCUSDT,679,2025-04-19 12:00,8,BOTH,BELOW,THROUGH,XUYEN,2,true,
LTCUSDT,680,2025-04-20 10:30,5,BOTH,BELOW,BLOCKED,XUYEN,3,false,false
LTCUSDT,681,2025-04-21 07:00,7,BOTH,ABOVE,THROUGH,XUYEN,1,true,
LTCUSDT,682,2025-04-23 04:45,11,BOTH,ABOVE,THROUGH,XUYEN,3,true,
LTCUSDT,683,2025-04-24 13:30,1,ABOVE,ABOVE,BLOCKED,CHAN,0,false,
LTCUSDT,684,2025-04-28 05:15,14,BOTH,ABOVE,BLOCKED,XUYEN,2,false,false
LTCUSDT,685,2025-04-29 16:00,11,BOTH,ABOVE,THROUGH,XUYEN,1,true,
LTCUSDT,686,2025-05-03 03:30,9,BOTH,BELOW,THROUGH,XUYEN,2,true,
LTCUSDT,689,2025-05-10 04:45,16,BOTH,BELOW,THROUGH,XUYEN,2,true,
LTCUSDT,690,2025-05-12 07:00,9,BOTH,ABOVE,BLOCKED,XUYEN,2,false,false
LTCUSDT,691,2025-05-12 23:00,27,BOTH,ABOVE,THROUGH,XUYEN,0,true,
LTCUSDT,692,2025-05-19 22:00,2,BELOW,BELOW,THROUGH,XUYEN,0,true,
LTCUSDT,693,2025-05-20 02:15,1,BELOW,BELOW,BLOCKED,CHAN,1,false,
LTCUSDT,694,2025-05-20 07:15,5,BOTH,BELOW,THROUGH,XUYEN,2,true,
LTCUSDT,695,2025-05-22 18:30,2,ABOVE,ABOVE,BLOCKED,CHAN,2,false,true
LTCUSDT,697,2025-05-28 12:30,13,BOTH,ABOVE,THROUGH,XUYEN,2,true,
LTCUSDT,698,2025-06-02 07:00,27,BOTH,ABOVE,THROUGH,XUYEN,0,true,
LTCUSDT,699,2025-06-05 19:15,12,BOTH,BELOW,THROUGH,XUYEN,1,true,
LTCUSDT,701,2025-06-13 00:00,37,BOTH,BELOW,BLOCKED,XUYEN,1,false,false
LTCUSDT,702,2025-06-22 06:00,5,BOTH,ABOVE,BLOCKED,CHAN,3,false,true
LTCUSDT,703,2025-06-22 20:00,2,BOTH,BELOW,THROUGH,XUYEN,1,true,
LTCUSDT,705,2025-06-23 22:00,10,BOTH,ABOVE,BLOCKED,XUYEN,1,false,false
LTCUSDT,706,2025-07-08 13:30,2,BELOW,BELOW,BLOCKED,XUYEN,1,false,false
LTCUSDT,707,2025-07-09 05:30,5,ABOVE,ABOVE,BLOCKED,CHAN,2,false,true
LTCUSDT,708,2025-07-12 04:45,6,BOTH,BELOW,BLOCKED,XUYEN,1,false,false
LTCUSDT,709,2025-07-13 21:30,22,BOTH,BELOW,THROUGH,XUYEN,1,true,
LTCUSDT,710,2025-07-18 03:15,9,BOTH,ABOVE,THROUGH,XUYEN,2,true,
LTCUSDT,711,2025-07-20 04:45,2,ABOVE,ABOVE,BLOCKED,CHAN,3,false,true
LTCUSDT,712,2025-07-21 04:15,23,BOTH,ABOVE,BLOCKED,XUYEN,3,false,false
LTCUSDT,713,2025-07-29 19:15,7,BOTH,BELOW,BLOCKED,XUYEN,2,false,false
LTCUSDT,714,2025-07-30 04:30,41,BOTH,BELOW,THROUGH,XUYEN,4,true,
LTCUSDT,717,2025-08-05 12:00,6,BOTH,BELOW,BLOCKED,XUYEN,1,false,false
LTCUSDT,719,2025-08-16 00:00,9,BOTH,ABOVE,THROUGH,XUYEN,1,true,
LTCUSDT,720,2025-08-17 18:45,2,BELOW,BELOW,BLOCKED,CHAN,3,false,true
LTCUSDT,721,2025-08-19 23:15,16,BOTH,BELOW,THROUGH,XUYEN,1,true,
LTCUSDT,724,2025-08-27 03:45,30,BOTH,ABOVE,THROUGH,XUYEN,0,true,
LTCUSDT,725,2025-08-29 12:30,7,BOTH,ABOVE,THROUGH,XUYEN,0,true,
LTCUSDT,726,2025-08-30 01:45,1,BELOW,BELOW,THROUGH,XUYEN,1,true,
LTCUSDT,727,2025-08-30 08:30,15,BOTH,ABOVE,BLOCKED,XUYEN,3,false,false
LTCUSDT,728,2025-08-31 22:00,26,BOTH,BELOW,BLOCKED,XUYEN,3,false,false
LTCUSDT,729,2025-09-04 13:30,6,BOTH,BELOW,THROUGH,XUYEN,2,true,
LTCUSDT,730,2025-09-05 12:30,3,BOTH,ABOVE,THROUGH,XUYEN,0,true,
LTCUSDT,731,2025-09-06 09:45,17,BOTH,BELOW,THROUGH,XUYEN,3,true,
LTCUSDT,734,2025-09-12 01:30,4,BOTH,BELOW,BLOCKED,XUYEN,2,false,false
LTCUSDT,735,2025-09-12 18:30,10,BOTH,BELOW,BLOCKED,XUYEN,1,false,false
LTCUSDT,737,2025-09-15 11:30,19,BOTH,ABOVE,THROUGH,XUYEN,1,true,
LTCUSDT,739,2025-09-18 06:45,11,BOTH,BELOW,BLOCKED,XUYEN,3,false,false
LTCUSDT,740,2025-09-20 07:00,10,BOTH,ABOVE,THROUGH,XUYEN,0,true,
LTCUSDT,742,2025-09-24 06:15,7,BOTH,BELOW,BLOCKED,XUYEN,1,false,false
LTCUSDT,743,2025-09-26 05:45,10,BOTH,BELOW,BLOCKED,XUYEN,0,false,false
LTCUSDT,744,2025-09-28 05:00,8,BOTH,BELOW,THROUGH,XUYEN,1,true,
LTCUSDT,747,2025-10-02 07:00,53,BOTH,ABOVE,THROUGH,XUYEN,1,true,
LTCUSDT,749,2025-10-10 03:15,9,BOTH,ABOVE,THROUGH,XUYEN,0,true,
LTCUSDT,753,2025-10-13 11:00,19,BOTH,BELOW,BLOCKED,XUYEN,0,false,false
LTCUSDT,754,2025-10-16 09:30,3,ABOVE,ABOVE,THROUGH,XUYEN,1,true,
LTCUSDT,755,2025-10-19 00:00,4,BOTH,BELOW,THROUGH,XUYEN,0,true,
LTCUSDT,756,2025-10-19 08:15,9,BOTH,BELOW,THROUGH,XUYEN,0,true,
LTCUSDT,757,2025-10-22 11:00,6,BOTH,ABOVE,BLOCKED,XUYEN,2,false,false
LTCUSDT,758,2025-10-25 16:00,2,ABOVE,ABOVE,BLOCKED,CHAN,3,false,true
LTCUSDT,759,2025-10-26 22:00,22,BOTH,ABOVE,THROUGH,XUYEN,1,true,
LTCUSDT,760,2025-10-29 18:30,9,BOTH,BELOW,THROUGH,XUYEN,1,true,
LTCUSDT,761,2025-11-01 06:45,1,ABOVE,ABOVE,THROUGH,XUYEN,1,true,
LTCUSDT,763,2025-11-04 14:30,32,BOTH,ABOVE,THROUGH,XUYEN,0,true,
LTCUSDT,764,2025-11-10 21:00,1,BELOW,BELOW,BLOCKED,CHAN,1,false,
LTCUSDT,765,2025-11-14 04:30,8,BOTH,BELOW,THROUGH,XUYEN,2,true,
LTCUSDT,766,2025-11-14 23:00,5,BOTH,BELOW,BLOCKED,XUYEN,3,false,false
LTCUSDT,767,2025-11-16 21:00,24,BOTH,BELOW,THROUGH,XUYEN,3,true,
LTCUSDT,769,2025-11-22 04:00,41,BOTH,BELOW,BLOCKED,XUYEN,0,false,false
LTCUSDT,772,2025-12-03 14:00,9,BOTH,BELOW,THROUGH,XUYEN,0,true,
LTCUSDT,773,2025-12-08 05:30,5,ABOVE,ABOVE,BLOCKED,CHAN,1,false,true
LTCUSDT,774,2025-12-11 00:30,3,BELOW,BELOW,BLOCKED,CHAN,1,false,true
LTCUSDT,775,2025-12-14 20:00,31,BOTH,ABOVE,THROUGH,XUYEN,1,true,
LTCUSDT,776,2025-12-18 13:30,12,BOTH,ABOVE,BLOCKED,XUYEN,2,false,false
LTCUSDT,777,2025-12-20 23:00,15,BOTH,BELOW,BLOCKED,XUYEN,0,false,false
LTCUSDT,778,2025-12-25 22:45,11,BOTH,BELOW,THROUGH,XUYEN,1,true,
LTCUSDT,779,2025-12-30 08:00,26,BOTH,ABOVE,THROUGH,XUYEN,2,true,
LTCUSDT,780,2026-01-08 00:00,39,BOTH,BELOW,THROUGH,XUYEN,1,true,
LTCUSDT,781,2026-01-11 11:45,3,BELOW,BELOW,BLOCKED,CHAN,3,false,true
LTCUSDT,782,2026-01-13 22:00,2,ABOVE,ABOVE,BLOCKED,XUYEN,2,false,false
LTCUSDT,784,2026-01-15 09:30,29,BOTH,ABOVE,THROUGH,XUYEN,2,true,
LTCUSDT,785,2026-01-18 23:00,1,BELOW,BELOW,BLOCKED,CHAN,4,false,
LTCUSDT,786,2026-01-19 23:00,2,BELOW,BELOW,BLOCKED,CHAN,1,false,true
LTCUSDT,787,2026-01-29 10:00,1,BELOW,BELOW,BLOCKED,CHAN,2,false,
LTCUSDT,790,2026-01-31 23:15,1,ABOVE,ABOVE,BLOCKED,CHAN,2,false,
LTCUSDT,791,2026-02-01 10:30,4,BELOW,BELOW,BLOCKED,CHAN,0,false,true
LTCUSDT,792,2026-02-01 23:00,19,BOTH,BELOW,THROUGH,XUYEN,1,true,
LTCUSDT,793,2026-02-04 11:00,1,BELOW,BELOW,BLOCKED,CHAN,2,false,
LTCUSDT,794,2026-02-05 20:15,4,BOTH,BELOW,BLOCKED,CHAN,3,false,true
LTCUSDT,796,2026-02-07 16:00,5,BOTH,ABOVE,THROUGH,XUYEN,1,true,
LTCUSDT,797,2026-02-08 23:00,19,BOTH,ABOVE,BLOCKED,XUYEN,2,false,false
LTCUSDT,798,2026-02-14 10:00,14,BOTH,BELOW,THROUGH,XUYEN,0,true,
LTCUSDT,800,2026-02-16 11:00,4,BOTH,BELOW,THROUGH,XUYEN,0,true,
LTCUSDT,801,2026-02-17 14:30,27,BOTH,BELOW,BLOCKED,XUYEN,2,false,false
LTCUSDT,803,2026-02-23 01:00,3,BELOW,BELOW,BLOCKED,CHAN,2,false,true
LTCUSDT,804,2026-02-24 01:15,1,BELOW,BELOW,BLOCKED,CHAN,3,false,
LTCUSDT,807,2026-02-26 08:45,9,BOTH,BELOW,THROUGH,XUYEN,2,true,
LTCUSDT,809,2026-02-28 13:45,1,ABOVE,ABOVE,BLOCKED,CHAN,1,false,
LTCUSDT,810,2026-03-01 22:00,24,BOTH,ABOVE,THROUGH,XUYEN,1,true,
LTCUSDT,811,2026-03-08 22:00,6,BOTH,BELOW,THROUGH,XUYEN,2,true,
LTCUSDT,812,2026-03-09 03:00,2,ABOVE,ABOVE,BLOCKED,CHAN,2,false,true
LTCUSDT,813,2026-03-10 02:30,36,BOTH,ABOVE,THROUGH,XUYEN,0,true,
LTCUSDT,814,2026-03-13 08:30,16,BOTH,ABOVE,BLOCKED,XUYEN,3,false,false
LTCUSDT,815,2026-03-16 12:00,2,ABOVE,ABOVE,BLOCKED,CHAN,2,false,true
LTCUSDT,816,2026-03-16 21:00,12,BOTH,ABOVE,BLOCKED,XUYEN,1,false,false
LTCUSDT,817,2026-03-20 07:00,4,BOTH,BELOW,THROUGH,XUYEN,2,true,
LTCUSDT,818,2026-03-21 05:00,6,BOTH,ABOVE,BLOCKED,XUYEN,1,false,false
LTCUSDT,820,2026-03-22 18:30,5,BOTH,BELOW,THROUGH,XUYEN,1,true,
LTCUSDT,822,2026-03-26 09:30,2,BELOW,BELOW,BLOCKED,CHAN,2,false,true
LTCUSDT,823,2026-03-27 10:30,7,BOTH,BELOW,THROUGH,XUYEN,1,true,
LTCUSDT,824,2026-03-28 23:00,2,BOTH,BELOW,THROUGH,XUYEN,1,true,
LTCUSDT,825,2026-03-29 03:15,5,BOTH,ABOVE,THROUGH,XUYEN,3,true,
LTCUSDT,826,2026-03-29 22:30,2,BOTH,BELOW,THROUGH,XUYEN,0,true,
LTCUSDT,827,2026-03-30 05:45,30,BOTH,BELOW,THROUGH,XUYEN,0,true,
LTCUSDT,829,2026-04-03 11:45,10,BOTH,BELOW,BLOCKED,XUYEN,0,false,false
LTCUSDT,830,2026-04-05 12:00,3,BOTH,BELOW,THROUGH,XUYEN,1,true,
LTCUSDT,832,2026-04-12 22:00,11,BOTH,BELOW,BLOCKED,XUYEN,1,false,false
LTCUSDT,833,2026-04-18 23:00,25,BOTH,ABOVE,THROUGH,XUYEN,2,true,
LTCUSDT,834,2026-04-27 12:00,14,BOTH,ABOVE,THROUGH,XUYEN,1,true,
LTCUSDT,835,2026-04-28 19:45,2,ABOVE,ABOVE,BLOCKED,CHAN,4,false,true
LTCUSDT,836,2026-04-29 09:45,1,ABOVE,ABOVE,THROUGH,XUYEN,1,true,
LTCUSDT,837,2026-05-02 11:30,15,BOTH,BELOW,BLOCKED,XUYEN,2,false,false
LTCUSDT,838,2026-05-03 04:00,7,BOTH,BELOW,BLOCKED,XUYEN,2,false,false
LTCUSDT,839,2026-05-03 11:30,1,ABOVE,ABOVE,BLOCKED,CHAN,1,false,
LTCUSDT,840,2026-05-04 10:00,3,BELOW,BELOW,BLOCKED,XUYEN,1,false,false
LTCUSDT,841,2026-05-06 23:00,12,BOTH,BELOW,BLOCKED,XUYEN,3,false,false
LTCUSDT,842,2026-05-11 08:15,6,BELOW,BELOW,BLOCKED,CHAN,2,false,true
LTCUSDT,843,2026-05-11 13:30,12,BOTH,BELOW,THROUGH,XUYEN,4,true,
LTCUSDT,845,2026-05-14 00:00,8,BOTH,ABOVE,THROUGH,XUYEN,0,true,
LTCUSDT,846,2026-05-15 13:30,2,BELOW,BELOW,BLOCKED,CHAN,1,false,true
LTCUSDT,847,2026-05-16 22:00,12,BOTH,BELOW,THROUGH,XUYEN,3,true,
LTCUSDT,849,2026-05-22 23:45,1,BELOW,BELOW,BLOCKED,CHAN,2,false,
LTCUSDT,850,2026-05-23 07:45,2,BOTH,BELOW,THROUGH,XUYEN,1,true,
LTCUSDT,851,2026-05-23 20:30,6,ABOVE,ABOVE,BLOCKED,XUYEN,2,false,false
LTCUSDT,852,2026-05-25 23:45,10,BOTH,ABOVE,THROUGH,XUYEN,1,true,
LTCUSDT,854,2026-05-28 03:15,24,BOTH,BELOW,THROUGH,XUYEN,1,true,
LTCUSDT,855,2026-05-30 00:00,13,BOTH,ABOVE,BLOCKED,XUYEN,2,false,false
LTCUSDT,856,2026-06-02 02:00,3,BELOW,BELOW,BLOCKED,CHAN,2,false,true
LTCUSDT,857,2026-06-03 03:00,12,BOTH,BELOW,THROUGH,XUYEN,1,true,
LTCUSDT,858,2026-06-06 19:15,46,BOTH,BELOW,BLOCKED,XUYEN,1,false,false
LTCUSDT,859,2026-06-13 15:00,5,BOTH,ABOVE,THROUGH,XUYEN,2,true,
LTCUSDT,860,2026-06-13 20:30,7,ABOVE,ABOVE,BLOCKED,CHAN,2,false,true
LTCUSDT,862,2026-06-15 10:15,5,ABOVE,ABOVE,THROUGH,XUYEN,1,true,
LTCUSDT,863,2026-06-17 18:00,7,BOTH,BELOW,BLOCKED,XUYEN,0,false,false
LTCUSDT,864,2026-06-25 12:15,16,BOTH,BELOW,THROUGH,XUYEN,2,true,
LTCUSDT,865,2026-06-27 07:15,10,BOTH,ABOVE,BLOCKED,XUYEN,1,false,false
LTCUSDT,866,2026-06-28 18:00,15,BOTH,ABOVE,THROUGH,XUYEN,0,true,
LTCUSDT,867,2026-06-30 08:30,18,BOTH,BELOW,BLOCKED,XUYEN,3,false,false
LTCUSDT,868,2026-07-08 01:30,20,BOTH,BELOW,BLOCKED,XUYEN,2,false,false
LTCUSDT,870,2026-07-12 13:45,4,BOTH,BELOW,THROUGH,XUYEN,0,true,
LTCUSDT,871,2026-07-14 07:30,6,BOTH,BELOW,BLOCKED,XUYEN,1,false,false
LTCUSDT,873,2026-07-17 03:00,10,BOTH,ABOVE,THROUGH,XUYEN,0,true,
LTCUSDT,874,2026-07-17 21:00,3,BOTH,ABOVE,THROUGH,XUYEN,3,true,
LTCUSDT,875,2026-07-21 04:00,6,ABOVE,ABOVE,BLOCKED,CHAN,1,false,true
LTCUSDT,876,2026-07-21 13:00,4,BOTH,ABOVE,BLOCKED,XUYEN,2,false,false
LTCUSDT,877,2026-07-22 02:30,6,BOTH,BELOW,THROUGH,XUYEN,1,true,
LTCUSDT,878,2026-07-23 06:45,9,BOTH,ABOVE,THROUGH,XUYEN,0,true,
LTCUSDT,879,2026-07-24 07:00,2,BOTH,ABOVE,THROUGH,XUYEN,2,true,
LTCUSDT,880,2026-07-24 20:30,12,BOTH,ABOVE,THROUGH,XUYEN,1,true,
LTCUSDT,881,2026-07-27 08:00,1,BELOW,BELOW,BLOCKED,CHAN,1,false,
LTCUSDT,883,2026-08-02 18:30,2,BELOW,BELOW,THROUGH,XUYEN,1,true,
LTCUSDT,884,2026-08-03 07:45,25,BOTH,BELOW,THROUGH,XUYEN,0,true,
LTCUSDT,885,2026-08-06 18:00,15,BOTH,BELOW,BLOCKED,XUYEN,2,false,false