zoneId,startTime,endTime,startIndex,endIndex,duration,upper,lower,widthPct,merges,triggerChange,triggerSignal,outcome,insideRuns,insideBars,firstEntryIdx,firstEntryTime,entryLag,decisionIdx,decisionTime,decisionClose,pos,age,trendAt,volRatio,wickPoked,exitIdx,exitTime,exitClose,extShort,extLong,revertedShort,revertedLong,nextZoneSide,truncated
0,2020-11-25 01:30,2020-11-26 07:15,112,231,120,15.705,15.554,0.963,0,4.68,10.12,UP,1,1,112,2020-11-25 01:30,0,112,2020-11-25 01:30,15.688,0.887,0,1,4.09,true,113,2020-11-25 01:45,15.755,2.9,3.48,true,true,BELOW,false
1,2020-11-26 07:30,2020-11-27 07:45,232,329,98,12.939,12.764,1.404,0,1.733,11.45,DOWN,1,1,251,2020-11-26 12:15,19,251,2020-11-26 12:15,12.775,0.063,19,-1,0.6,true,252,2020-11-26 12:30,12.728,6.49,11.63,true,true,BELOW,false
2,2020-11-27 08:00,2020-11-30 07:45,330,617,288,12.588,12.431,1.297,0,3.216,11.81,DOWN,1,1,349,2020-11-27 12:45,19,349,2020-11-27 12:45,12.436,0.032,19,1,0.88,true,350,2020-11-27 13:00,12.374,3.44,3.85,false,false,ABOVE,false
3,2020-11-30 08:00,2020-11-30 13:30,618,640,23,14.039,13.976,0.458,0,4.372,10.07,BYPASS,0,0,,,,,,,,,,,,,,,,,,,BELOW,false
4,2020-11-30 13:45,2020-12-04 09:45,641,1009,369,13.922,13.775,1.037,0,3.657,11.91,DOWN,1,1,746,2020-12-01 16:00,105,746,2020-12-01 16:00,13.835,0.408,105,-1,0.57,true,747,2020-12-01 16:15,13.729,1.95,2.32,true,true,BELOW,false
5,2020-12-04 10:00,2020-12-04 15:45,1010,1033,24,13.764,13.723,0.302,0,6.946,12.01,BYPASS,0,0,,,,,,,,,,,,,,,,,,,BELOW,false
6,2020-12-04 16:00,2020-12-08 05:30,1034,1376,343,13.376,13.288,0.674,0,5.567,22.79,DOWN,1,1,1046,2020-12-04 19:00,12,1046,2020-12-04 19:00,13.289,0.011,12,-1,0.45,true,1047,2020-12-04 19:15,13.275,1.91,5.93,true,true,BELOW,false
7,2020-12-08 05:45,2020-12-08 09:15,1377,1391,15,13.149,13.113,0.273,0,2.458,10.27,DOWN,1,2,1380,2020-12-08 06:30,3,1381,2020-12-08 06:45,13.14,0.75,4,-1,0.56,true,1382,2020-12-08 07:00,13.09,1.58,5.57,true,true,BELOW,false
8,2020-12-08 09:30,2020-12-08 15:45,1392,1417,26,12.989,12.922,0.528,0,8.111,12.88,BYPASS,0,0,,,,,,,,,,,,,,,,,,,BELOW,false
9,2020-12-08 16:00,2020-12-13 15:45,1418,1897,480,12.623,12.565,0.468,0,2.745,10.73,DOWN,1,1,1420,2020-12-08 16:30,2,1420,2020-12-08 16:30,12.566,0.017,2,-1,0.77,true,1421,2020-12-08 16:45,12.524,0.45,4.42,true,true,OVERLAP,false
10,2020-12-13 16:00,2020-12-15 01:30,1898,2032,135,12.623,12.55,0.564,1,6.041,10.85,DOWN,1,1,1973,2020-12-14 10:45,75,1973,2020-12-14 10:45,12.553,0.041,75,1,3.84,true,1974,2020-12-14 11:00,12.45,1.12,1.82,false,true,ABOVE,false
11,2020-12-15 01:45,2020-12-15 04:30,2033,2044,12,12.84,12.817,0.179,0,3.077,14.15,UP,1,1,2033,2020-12-15 01:45,0,2033,2020-12-15 01:45,12.818,0.043,0,1,1.22,true,2034,2020-12-15 02:00,12.965,0,2.26,true,true,OVERLAP,false
12,2020-12-15 04:45,2020-12-15 21:00,2045,2110,66,12.859,12.801,0.459,1,4.932,11.14,DOWN,1,1,2108,2020-12-15 20:30,63,2108,2020-12-15 20:30,12.847,0.793,63,-1,1.4,true,2109,2020-12-15 20:45,12.782,1.17,3.81,false,false,OVERLAP,false
13,2020-12-15 21:15,2020-12-21 15:45,2111,2665,555,12.859,12.782,0.606,2,3.71,10.64,DOWN,1,1,2639,2020-12-21 09:15,528,2639,2020-12-21 09:15,12.807,0.325,528,-1,1.21,true,2640,2020-12-21 09:30,12.757,5.16,5.16,false,false,BELOW,false
14,2020-12-21 16:00,2020-12-29 15:45,2666,3433,768,12.463,12.37,0.763,0,6.342,14.53,DOWN,1,2,2669,2020-12-21 16:45,3,2670,2020-12-21 17:00,12.389,0.204,4,-1,0.29,true,2671,2020-12-21 17:15,12.237,1.59,1.59,true,true,BELOW,false
15,2020-12-29 16:00,2020-12-31 06:45,3434,3589,156,11.541,11.306,2.145,0,7.506,11.44,UP,1,6,3440,2020-12-29 17:30,6,3445,2020-12-29 18:45,11.454,0.63,11,-1,0.37,true,3446,2020-12-29 19:00,11.578,0,0,true,true,BELOW,false
16,2020-12-31 07:00,2020-12-31 22:45,3590,3653,64,11.229,11.207,0.19,0,11.891,17.88,DOWN,1,2,3623,2020-12-31 15:15,33,3624,2020-12-31 15:30,11.214,0.318,34,1,0.54,true,3625,2020-12-31 15:45,11.199,0.79,0.79,true,true,BELOW,false
17,2020-12-31 23:00,2021-01-12 21:15,3654,4799,1146,11.183,11.15,0.293,0,12.042,12.35,BYPASS,0,0,,,,,,,,,,,,,,,,,,,ABOVE,false
18,2021-01-12 21:30,2021-01-15 12:30,4800,5052,253,14.4,14.183,1.536,0,1.753,12.1,DOWN,1,2,4801,2021-01-12 21:45,1,4802,2021-01-12 22:00,14.371,0.866,2,-1,0.55,true,4803,2021-01-12 22:15,14.181,4.7,5.69,false,false,ABOVE,false
19,2021-01-15 12:45,2021-01-21 11:45,5053,5625,573,18.156,17.742,2.146,0,2.315,12.24,BYPASS,0,0,,,,,,,,,,,,,,,,,,,ABOVE,false
20,2021-01-21 12:00,2021-01-24 11:45,5626,5913,288,19.914,19.614,1.51,0,1.684,10.29,UP,1,1,5626,2021-01-21 12:00,0,5626,2021-01-21 12:00,19.867,0.843,0,-1,2.42,true,5627,2021-01-21 12:15,20.075,0.3,2.47,true,true,ABOVE,false
21,2021-01-24 12:00,2021-01-31 23:45,5914,6633,720,24.637,24.45,0.778,0,2.975,12.6,UP,1,1,5940,2021-01-24 18:30,26,5940,2021-01-24 18:30,24.53,0.428,26,-1,0.5,true,5941,2021-01-24 18:45,24.697,3.4,3.4,false,true,BELOW,false
22,2021-02-01 00:00,2021-02-03 19:30,6634,6904,271,22.652,22.593,0.268,0,6.827,17.47,UP,1,1,6720,2021-02-01 21:30,86,6720,2021-02-01 21:30,22.61,0.288,86,-1,1.38,true,6721,2021-02-01 21:45,22.679,0.15,0.15,true,true,ABOVE,false
23,2021-02-03 19:45,2021-02-04 20:45,6905,7005,101,25.086,24.929,0.634,0,2.994,10.22,DOWN,1,2,6908,2021-02-03 20:30,3,6909,2021-02-03 20:45,24.959,0.191,4,1,0.42,true,6910,2021-02-03 21:00,24.842,0.96,1.56,false,true,BELOW,false
24,2021-02-04 21:00,2021-02-09 07:45,7006,7433,428,24.515,24.284,0.924,0,3.047,10.85,UP,1,1,7011,2021-02-04 22:15,5,7011,2021-02-04 22:15,24.515,1,5,-1,3.81,true,7012,2021-02-04 22:30,24.882,0,0,true,true,ABOVE,false
25,2021-02-09 08:00,2021-02-10 11:45,7434,7545,112,25.65,25.552,0.376,0,6.581,10.05,UP,1,1,7446,2021-02-09 11:00,12,7446,2021-02-09 11:00,25.6,0.49,12,1,0.64,true,7447,2021-02-09 11:15,25.726,1.96,1.96,true,true,ABOVE,false
26,2021-02-10 12:00,2021-02-12 21:45,7546,7777,232,28.497,28.3,0.708,0,5.119,11.08,DOWN,1,1,7668,2021-02-11 18:30,122,7668,2021-02-11 18:30,28.379,0.401,122,1,0.52,true,7669,2021-02-11 18:45,28.173,3.82,4.23,false,false,ABOVE,false
27,2021-02-12 22:00,2021-02-13 15:45,7778,7849,72,30.638,30.416,0.71,0,2.166,10.1,UP,1,1,7814,2021-02-13 07:00,36,7814,2021-02-13 07:00,30.635,0.986,36,1,0.78,true,7815,2021-02-13 07:15,30.926,1.7,4.21,true,true,OVERLAP,false
28,2021-02-13 16:00,2021-02-14 13:15,7850,7935,86,30.658,30.279,1.208,1,2.318,10.46,UP,1,5,7855,2021-02-13 17:15,5,7859,2021-02-13 18:15,30.523,0.644,9,-1,0.38,true,7860,2021-02-13 18:30,30.682,0,0,true,true,ABOVE,false
29,2021-02-14 13:30,2021-02-23 07:45,7936,8777,842,33.707,33.539,0.507,0,4.156,10.15,UP,1,1,7938,2021-02-14 14:00,2,7938,2021-02-14 14:00,33.631,0.548,2,1,1.36,true,7939,2021-02-14 14:15,33.865,3.68,3.68,true,true,BELOW,false
30,2021-02-23 08:00,2021-02-27 03:45,8778,9145,368,27.735,26.97,2.931,0,3.519,17.07,DOWN,1,1,8798,2021-02-23 13:00,20,8798,2021-02-23 13:00,27.098,0.167,20,-1,0.56,true,8799,2021-02-23 13:15,26.878,7.3,9.36,true,true,BELOW,false
31,2021-02-27 04:00,2021-02-28 08:45,9146,9261,116,25.685,25.359,1.302,0,3.689,13.71,UP,1,4,9152,2021-02-27 05:30,6,9155,2021-02-27 06:15,25.433,0.227,9,1,0.98,true,9156,2021-02-27 06:30,25.789,1.05,1.94,true,true,BELOW,false
32,2021-02-28 09:00,2021-02-28 12:00,9262,9274,13,24.384,24.238,0.594,0,3.294,13.9,UP,1,4,9263,2021-02-28 09:15,1,9266,2021-02-28 10:00,24.314,0.521,4,-1,1.24,true,9267,2021-02-28 10:15,24.639,1.44,5.63,true,true,ABOVE,false
33,2021-02-28 12:15,2021-03-05 19:30,9275,9784,510,24.629,24.442,0.772,0,7.684,10.8,UP,1,1,9309,2021-02-28 20:45,34,9309,2021-02-28 20:45,24.487,0.241,34,-1,0.78,true,9310,2021-02-28 21:00,24.736,0.28,0.28,true,true,ABOVE,false
34,2021-03-05 19:45,2021-03-06 03:15,9785,9815,31,27.814,27.657,0.56,0,1.935,10.15,DOWN,1,4,9806,2021-03-06 01:00,21,9809,2021-03-06 01:45,27.713,0.357,24,1,0.39,true,9810,2021-03-06 02:00,27.567,1.83,2.54,false,true,BELOW,false
35,2021-03-06 03:30,2021-03-06 11:45,9816,9849,34,27.635,27.534,0.368,0,6.126,10.02,UP,1,1,9826,2021-03-06 06:00,10,9826,2021-03-06 06:00,27.579,0.446,10,1,1.72,true,9827,2021-03-06 06:15,27.677,0.03,2.63,true,true,BELOW,false
36,2021-03-06 12:00,2021-03-06 19:15,9850,9879,30,27.339,27.163,0.653,0,4.431,19.82,DOWN,1,1,9864,2021-03-06 15:30,14,9864,2021-03-06 15:30,27.164,0.006,14,-1,0.93,true,9865,2021-03-06 15:45,26.875,1.59,1.59,true,true,ABOVE,false
37,2021-03-06 19:30,2021-03-12 12:45,9880,10429,550,27.698,27.552,0.52,0,3.439,10.5,UP,1,1,9974,2021-03-07 19:00,94,9974,2021-03-07 19:00,27.633,0.555,94,-1,1.51,true,9975,2021-03-07 19:15,27.705,0.59,0.59,true,true,ABOVE,false
38,2021-03-12 13:00,2021-03-17 12:45,10430,10909,480,28.997,28.75,0.88,0,8.976,12.67,UP,1,1,10514,2021-03-13 10:00,84,10514,2021-03-13 10:00,28.948,0.802,84,-1,3.7,true,10515,2021-03-13 10:15,29.456,0,0,true,true,BELOW,false
39,2021-03-17 13:00,2021-03-19 15:45,10910,11113,204,27.802,27.653,0.507,0,20.715,31.6,BYPASS,0,0,,,,,,,,,,,,,,,,,,,ABOVE,false
40,2021-03-19 16:00,2021-03-20 08:30,11114,11180,67,30.18,30.021,0.527,0,2.336,12.31,UP,1,1,11114,2021-03-19 16:00,0,11114,2021-03-19 16:00,30.156,0.849,0,1,1.69,true,11115,2021-03-19 16:15,30.25,0.01,0.24,true,true,ABOVE,false
41,2021-03-20 08:45,2021-03-20 21:45,11181,11233,53,30.749,30.674,0.241,0,7.589,22.3,UP,1,1,11202,2021-03-20 14:00,21,11202,2021-03-20 14:00,30.722,0.64,21,1,1.02,true,11203,2021-03-20 14:15,30.903,0,1.83,true,true,BELOW,false
42,2021-03-20 22:00,2021-03-24 11:45,11234,11577,344,30.34,30.27,0.23,0,9.756,12.1,DOWN,1,1,11235,2021-03-20 22:15,1,11235,2021-03-20 22:15,30.332,0.886,1,-1,0.64,true,11236,2021-03-20 22:30,30.139,2.95,3.83,false,false,BELOW,false
43,2021-03-24 12:00,2021-03-25 11:45,11578,11673,96,27.522,27.44,0.296,0,6.391,13.04,BYPASS,0,0,,,,,,,,,,,,,,,,,,,BELOW,false
44,2021-03-25 12:00,2021-03-26 15:45,11674,11785,112,25.515,25.266,1.004,0,4.739,14,UP,1,2,11686,2021-03-25 15:00,12,11687,2021-03-25 15:15,25.508,0.972,13,-1,0.79,true,11688,2021-03-25 15:30,25.563,0.18,0.18,true,true,ABOVE,false
45,2021-03-26 16:00,2021-03-30 03:45,11786,12121,336,26.373,26.259,0.429,0,6.506,10.77,DOWN,1,1,11873,2021-03-27 13:45,87,11873,2021-03-27 13:45,26.343,0.737,87,-1,1.33,true,11874,2021-03-27 14:00,26.146,0.51,0.51,true,true,ABOVE,false
46,2021-03-30 04:00,2021-03-31 02:45,12122,12213,92,28.03,27.915,0.411,0,5.132,12.79,UP,1,1,12122,2021-03-30 04:00,0,12122,2021-03-30 04:00,27.974,0.513,0,1,4.47,true,12123,2021-03-30 04:15,28.059,0.03,0.03,true,true,BELOW,false
47,2021-03-31 03:00,2021-03-31 07:30,12214,12232,19,27.702,27.599,0.375,0,4.57,10.61,UP,1,2,12225,2021-03-31 05:45,11,12226,2021-03-31 06:00,27.605,0.058,12,-1,0.54,true,12227,2021-03-31 06:15,27.715,5.12,5.12,true,true,OVERLAP,false
48,2021-03-31 07:45,2021-04-12 09:15,12233,13391,1159,27.784,27.599,0.678,1,11.494,23.72,DOWN,1,2,12262,2021-03-31 15:00,29,12263,2021-03-31 15:15,27.605,0.032,30,-1,0.81,true,12264,2021-03-31 15:30,27.483,1.34,1.34,false,true,ABOVE,false
49,2021-04-12 09:30,2021-04-16 00:45,13392,13741,350,33.64,33.331,0.941,0,4.854,12.15,DOWN,1,2,13444,2021-04-12 22:30,52,13445,2021-04-12 22:45,33.392,0.197,53,-1,1.14,true,13446,2021-04-12 23:00,33.322,0.78,1.84,true,true,ABOVE,false
50,2021-04-16 01:00,2021-04-18 11:15,13742,13975,234,43.302,42.747,1.32,0,2.663,11.77,DOWN,1,1,13834,2021-04-17 00:00,92,13834,2021-04-17 00:00,43.105,0.645,92,-1,2.79,true,13835,2021-04-17 00:15,42.341,1.78,1.78,true,true,BELOW,false
51,2021-04-18 11:30,2021-04-20 09:00,13976,14158,183,34.75,34.032,2.176,0,2.692,11.08,UP,1,2,13980,2021-04-18 12:30,4,13981,2021-04-18 12:45,34.589,0.776,5,-1,0.59,true,13982,2021-04-18 13:00,34.766,0,0,true,true,ABOVE,false
52,2021-04-20 09:15,2021-04-24 06:45,14159,14533,375,36.014,35.738,0.753,0,2.593,15.27,UP,1,1,14183,2021-04-20 15:15,24,14183,2021-04-20 15:15,35.856,0.428,24,1,2.27,true,14184,2021-04-20 15:30,36.052,0,0,true,true,BELOW,false
53,2021-04-24 07:00,2021-04-25 08:30,14534,14636,103,33.917,33.63,0.859,0,1.338,11.61,UP,1,1,14538,2021-04-24 08:00,4,14538,2021-04-24 08:00,33.745,0.401,4,1,1.02,true,14539,2021-04-24 08:15,34.051,3.25,6.63,true,true,BELOW,false
54,2021-04-25 08:45,2021-04-25 20:30,14637,14684,48,31.612,31.462,0.469,0,3.862,10.82,BYPASS,0,0,,,,,,,,,,,,,,,,,,,OVERLAP,false
55,2021-04-25 20:45,2021-05-03 23:45,14685,15465,781,31.91,31.462,1.461,1,5.122,20.39,DOWN,1,1,14695,2021-04-25 23:15,10,14695,2021-04-25 23:15,31.634,0.384,10,-1,1.53,true,14696,2021-04-25 23:30,31.439,0.48,0.48,true,true,ABOVE,false
56,2021-05-04 00:00,2021-05-05 13:45,15466,15617,152,42.298,41.896,0.979,0,4.649,10.77,UP,1,1,15510,2021-05-04 11:00,44,15510,2021-05-04 11:00,42.202,0.761,44,-1,1.22,true,15511,2021-05-04 11:15,42.34,0.58,1.1,true,true,ABOVE,false
57,2021-05-05 14:00,2021-05-11 18:45,15618,16213,596,48.488,48.002,1.022,0,2.706,11.57,DOWN,1,1,15622,2021-05-05 15:00,4,15622,2021-05-05 15:00,48.13,0.263,4,1,0.9,true,15623,2021-05-05 15:15,47.4,2.09,2.09,true,true,BELOW,false
58,2021-05-11 19:00,2021-05-12 21:45,16214,16321,108,47.832,47.441,0.82,0,3.229,11.01,UP,1,1,16214,2021-05-11 19:00,0,16214,2021-05-11 19:00,47.703,0.67,0,-1,3.11,true,16215,2021-05-11 19:15,48.21,0,0,true,true,BELOW,false
59,2021-05-12 22:00,2021-05-13 16:30,16322,16396,75,46.369,46.001,0.829,0,11.046,33.5,BYPASS,0,0,,,,,,,,,,,,,,,,,,,BELOW,false
60,2021-05-13 16:45,2021-05-18 03:45,16397,16825,429,44.54,43.538,2.377,0,5.314,12.93,DOWN,1,11,16426,2021-05-14 00:00,29,16436,2021-05-14 02:30,43.765,0.227,39,-1,0.89,true,16437,2021-05-14 02:45,43.389,0.84,0.84,true,true,BELOW,false
61,2021-05-18 04:00,2021-05-18 11:15,16826,16855,30,39.024,38.772,0.635,0,2.714,12.69,BYPASS,0,0,,,,,,,,,,,,,,,,,,,ABOVE,false
62,2021-05-18 11:30,2021-05-19 11:00,16856,16950,95,40.269,39.872,0.964,0,2.085,12.08,UP,1,1,16863,2021-05-18 13:15,7,16863,2021-05-18 13:15,39.903,0.078,7,1,1.85,true,16864,2021-05-18 13:30,40.315,4.11,4.11,true,true,BELOW,false
63,2021-05-19 11:15,2021-05-20 15:45,16951,17065,115,36.445,35.528,2.8,0,3.361,13,BYPASS,0,0,,,,,,,,,,,,,,,,,,,BELOW,false
64,2021-05-20 16:00,2021-05-31 11:15,17066,18103,1038,32.091,31.137,3.232,0,3.354,13.69,DOWN,1,9,17098,2021-05-21 00:00,32,17106,2021-05-21 02:00,31.304,0.175,40,1,0.68,true,17107,2021-05-21 02:15,30.901,4.09,9.61,false,false,BELOW,false
65,2021-05-31 11:30,2021-06-04 22:45,18104,18533,430,29.029,28.787,0.834,0,2.55,10.44,UP,1,2,18104,2021-05-31 11:30,0,18105,2021-05-31 11:45,28.829,0.174,1,1,1.65,true,18106,2021-05-31 12:00,29.396,1.25,2.15,true,true,ABOVE,false
66,2021-06-04 23:00,2021-06-07 16:45,18534,18797,264,29.379,29.177,0.708,0,6.787,10.01,UP,1,1,18538,2021-06-05 00:00,4,18538,2021-06-05 00:00,29.375,0.98,4,-1,2.27,true,18539,2021-06-05 00:15,29.491,0,0,true,true,BELOW,false
67,2021-06-07 17:00,2021-06-09 14:30,18798,18980,183,27.659,27.538,0.444,0,5.356,11.6,BYPASS,0,0,,,,,,,,,,,,,,,,,,,BELOW,false
68,2021-06-09 14:45,2021-06-13 19:45,18981,19385,405,24.095,23.899,0.834,0,3.719,11.77,UP,1,1,18982,2021-06-09 15:00,1,18982,2021-06-09 15:00,24.044,0.74,1,1,3.11,true,18983,2021-06-09 15:15,24.422,0,0,true,true,BELOW,false
69,2021-06-13 20:00,2021-06-19 11:45,19386,19929,544,22.282,22.12,0.71,0,5.994,23.79,UP,1,1,19826,2021-06-18 10:00,440,19826,2021-06-18 10:00,22.172,0.321,440,-1,3.37,true,19827,2021-06-18 10:15,22.426,0.04,4.49,true,true,BELOW,false
70,2021-06-19 12:00,2021-07-03 21:30,19930,21312,1383,21.5,21.341,0.73,0,2.904,10.83,DOWN,1,3,19933,2021-06-19 12:45,3,19935,2021-06-19 13:15,21.409,0.428,5,-1,0.7,true,19936,2021-06-19 13:30,21.299,0.76,3.27,true,true,BELOW,false
71,2021-07-03 21:45,2021-07-06 03:45,21313,21529,217,18.687,18.592,0.516,0,3.791,16.3,DOWN,1,1,21344,2021-07-04 05:30,31,21344,2021-07-04 05:30,18.64,0.505,31,-1,1.98,true,21345,2021-07-04 05:45,18.578,0.08,0.08,true,true,ABOVE,false
72,2021-07-06 04:00,2021-07-08 02:45,21530,21717,188,18.978,18.828,0.775,0,5.903,23.01,BYPASS,0,0,,,,,,,,,,,,,,,,,,,ABOVE,false
73,2021-07-08 03:00,2021-07-08 21:30,21718,21792,75,19.461,19.317,0.755,0,5.905,18.65,BYPASS,0,0,,,,,,,,,,,,,,,,,,,BELOW,false
74,2021-07-08 21:45,2021-07-09 21:15,21793,21887,95,18.743,18.653,0.488,0,2.83,10.49,DOWN,1,1,21861,2021-07-09 14:45,68,21861,2021-07-09 14:45,18.675,0.244,68,-1,1.55,true,21862,2021-07-09 15:00,18.62,1.22,2.09,false,false,BELOW,false
75,2021-07-09 21:30,2021-07-14 03:00,21888,22294,407,18.524,18.453,0.379,0,3.033,10.51,DOWN,1,2,21906,2021-07-10 02:00,18,21907,2021-07-10 02:15,18.458,0.07,19,1,0.51,true,21908,2021-07-10 02:30,18.37,1.15,2.22,false,false,BELOW,false
76,2021-07-14 03:15,2021-07-14 21:45,22295,22369,75,16.574,16.428,0.905,0,4.015,13.49,UP,1,1,22318,2021-07-14 09:00,23,22318,2021-07-14 09:00,16.504,0.521,23,-1,5.51,true,22319,2021-07-14 09:15,16.677,0,0,true,true,ABOVE,false
77,2021-07-14 22:00,2021-07-18 14:15,22370,22723,354,17.051,16.953,0.578,0,3.394,13.51,UP,1,2,22370,2021-07-14 22:00,0,22371,2021-07-14 22:15,17.039,0.878,1,1,1.39,true,22372,2021-07-14 22:30,17.21,1.78,3.11,true,true,BELOW,false
78,2021-07-18 14:30,2021-07-18 21:30,22724,22752,29,15.718,15.635,0.542,0,11.257,15.43,BYPASS,0,0,,,,,,,,,,,,,,,,,,,BELOW,false
79,2021-07-18 21:45,2021-07-19 05:30,22753,22784,32,15.537,15.475,0.395,0,9.192,14.84,DOWN,1,1,22760,2021-07-18 23:30,7,22760,2021-07-18 23:30,15.528,0.855,7,-1,0.51,true,22761,2021-07-18 23:45,15.469,2.16,2.16,true,true,BELOW,false
80,2021-07-19 05:45,2021-07-19 08:30,22785,22796,12,15.369,15.323,0.296,0,11.351,43.48,BYPASS,0,0,,,,,,,,,,,,,,,,,,,ABOVE,false
81,2021-07-19 08:45,2021-07-26 19:45,22797,23513,717,15.495,15.38,0.756,0,5.437,10.12,UP,1,2,23018,2021-07-21 16:00,221,23019,2021-07-21 16:15,15.443,0.548,222,1,1.36,true,23020,2021-07-21 16:30,15.557,1.36,3.45,true,true,ABOVE,false
82,2021-07-26 20:00,2021-07-30 08:15,23514,23851,338,19.592,19.251,1.817,0,2.846,11.03,DOWN,1,6,23580,2021-07-27 12:30,66,23585,2021-07-27 13:45,19.289,0.111,71,1,0.61,true,23586,2021-07-27 14:00,18.816,2.29,4.25,true,true,ABOVE,false
83,2021-07-30 08:30,2021-07-31 20:00,23852,23994,143,20.014,19.926,0.45,0,6.009,18.2,BYPASS,0,0,,,,,,,,,,,,,,,,,,,ABOVE,false
84,2021-07-31 20:15,2021-08-03 11:45,23995,24249,255,21.654,21.59,0.293,0,1.873,10.38,DOWN,1,1,24108,2021-08-02 00:30,113,24108,2021-08-02 00:30,21.621,0.484,113,-1,1.09,true,24109,2021-08-02 00:45,21.517,0.86,0.86,true,true,ABOVE,false
85,2021-08-03 12:00,2021-08-05 08:30,24250,24428,179,22.568,22.42,0.655,0,6.778,11.4,BYPASS,0,0,,,,,,,,,,,,,,,,,,,ABOVE,false
86,2021-08-05 08:45,2021-08-09 20:15,24429,24859,431,23.679,23.536,0.614,0,4.19,14.35,UP,1,1,24451,2021-08-05 14:15,22,24451,2021-08-05 14:15,23.648,0.783,22,-1,2.66,true,24452,2021-08-05 14:30,23.86,0.15,0.15,true,true,ABOVE,false
87,2021-08-09 20:30,2021-08-13 19:45,24860,25241,382,24.494,24.378,0.482,0,4.956,10.34,UP,1,1,24909,2021-08-10 08:45,49,24909,2021-08-10 08:45,24.491,0.974,49,1,1.26,true,24910,2021-08-10 09:00,24.505,1.44,1.44,true,true,ABOVE,false
88,2021-08-13 20:00,2021-08-15 13:15,25242,25407,166,26.78,26.543,0.871,0,8.068,11.52,UP,1,1,25298,2021-08-14 10:00,56,25298,2021-08-14 10:00,26.663,0.506,56,1,3.44,true,25299,2021-08-14 10:15,26.878,0.5,0.5,true,true,BELOW,false
89,2021-08-15 13:30,2021-08-20 02:45,25408,25845,438,26.51,26.404,0.407,0,5.878,10.79,DOWN,1,3,25425,2021-08-15 17:45,17,25427,2021-08-15 18:15,26.462,0.547,19,-1,0.54,true,25428,2021-08-15 18:30,26.4,0.23,0.23,true,true,ABOVE,false
90,2021-08-20 03:00,2021-08-20 15:45,25846,25897,52,27.225,27.055,0.632,0,2.433,10.78,DOWN,1,2,25851,2021-08-20 04:15,5,25852,2021-08-20 04:30,27.172,0.688,6,1,0.68,true,25853,2021-08-20 04:45,27.054,0.79,1.17,true,true,ABOVE,false
91,2021-08-20 16:00,2021-08-22 17:45,25898,26097,200,28.463,28.294,0.582,0,5.771,22.55,DOWN,1,3,25901,2021-08-20 16:45,3,25903,2021-08-20 17:15,28.32,0.154,5,1,0.54,true,25904,2021-08-20 17:30,28.167,1.12,1.12,true,true,BELOW,false
92,2021-08-22 18:00,2021-08-23 14:15,26098,26179,82,27.345,27.216,0.48,0,10.256,35.26,UP,1,1,26102,2021-08-22 19:00,4,26102,2021-08-22 19:00,27.254,0.295,4,-1,0.46,true,26103,2021-08-22 19:15,27.375,1.12,1.12,true,true,ABOVE,false
93,2021-08-23 14:30,2021-08-26 02:45,26180,26421,242,29.109,28.905,0.717,0,4.863,10.96,DOWN,1,1,26192,2021-08-23 17:30,12,26192,2021-08-23 17:30,28.927,0.108,12,1,0.94,true,26193,2021-08-23 17:45,28.769,1.9,2.12,false,false,BELOW,false
94,2021-08-26 03:00,2021-08-28 18:45,26422,26677,256,26.565,26.401,0.634,0,10.341,18.86,BYPASS,0,0,,,,,,,,,,,,,,,,,,,BELOW,false
95,2021-08-28 19:00,2021-08-28 21:45,26678,26689,12,25.712,25.6,0.439,0,2.649,10.49,DOWN,1,2,26684,2021-08-28 20:30,6,26685,2021-08-28 20:45,25.602,0.018,7,1,0.6,true,26686,2021-08-28 21:00,25.569,0.12,0.25,true,true,OVERLAP,false
96,2021-08-28 22:00,2021-08-29 18:45,26690,26773,84,25.736,25.6,0.525,1,9.547,16.15,DOWN,1,1,26692,2021-08-28 22:30,2,26692,2021-08-28 22:30,25.717,0.86,2,1,0.86,true,26693,2021-08-28 22:45,25.583,0.25,1.36,true,true,BELOW,false
97,2021-08-29 19:00,2021-09-02 10:15,26774,27123,350,25.487,25.391,0.373,0,9.83,14.6,UP,1,1,26798,2021-08-30 01:00,24,26798,2021-08-30 01:00,25.436,0.469,24,-1,0.95,true,26799,2021-08-30 01:15,25.585,0.59,2.18,true,true,ABOVE,false
98,2021-09-02 10:30,2021-09-04 16:45,27124,27341,218,29.389,29.214,0.592,0,2.077,11.55,UP,1,3,27183,2021-09-03 01:15,59,27185,2021-09-03 01:45,29.37,0.891,61,1,0.55,true,27186,2021-09-03 02:00,29.517,0,0,true,true,ABOVE,false
99,2021-09-04 17:00,2021-09-08 19:45,27342,27737,396,30.65,30.442,0.696,0,7.068,11.34,DOWN,1,1,27402,2021-09-05 08:00,60,27402,2021-09-05 08:00,30.477,0.168,60,-1,1.32,true,27403,2021-09-05 08:15,30.32,0.41,0.86,true,true,BELOW,false
100,2021-09-08 20:00,2021-09-09 15:30,27738,27816,79,27.512,27.325,0.69,0,2.885,15.56,DOWN,1,1,27751,2021-09-08 23:15,13,27751,2021-09-08 23:15,27.36,0.187,13,-1,1.06,true,27752,2021-09-08 23:30,27.247,2.4,3.02,true,true,ABOVE,false
101,2021-09-09 15:45,2021-09-13 03:30,27817,28152,336,28.397,28.188,0.716,0,4.576,12.91,UP,1,1,27835,2021-09-09 20:15,18,27835,2021-09-09 20:15,28.38,0.919,18,1,1.17,true,27836,2021-09-09 20:30,28.413,0.51,1.47,true,true,OVERLAP,false
102,2021-09-13 03:45,2021-09-13 13:15,28153,28191,39,28.397,28.006,1.419,1,2.367,11.73,BYPASS,0,0,,,,,,,,,,,,,,,,,,,BELOW,false
103,2021-09-13 13:30,2021-09-14 19:45,28192,28313,122,26.755,26.411,1.241,0,5.889,12.74,DOWN,1,2,28199,2021-09-13 15:15,7,28200,2021-09-13 15:30,26.493,0.238,8,-1,0.62,true,28201,2021-09-13 15:45,26.335,0.5,0.5,true,true,ABOVE,false
104,2021-09-14 20:00,2021-09-16 17:15,28314,28495,182,29.113,28.879,0.792,0,4.226,15.12,UP,1,2,28319,2021-09-14 21:15,5,28320,2021-09-14 21:30,29.088,0.893,6,1,0.57,true,28321,2021-09-14 21:45,29.128,0,0,true,true,ABOVE,false
105,2021-09-16 17:30,2021-09-17 10:00,28496,28562,67,30.487,30.325,0.539,0,2.842,12.95,BYPASS,0,0,,,,,,,,,,,,,,,,,,,BELOW,false
106,2021-09-17 10:15,2021-09-18 19:45,28563,28697,135,29.452,29.134,1.11,0,4.458,13.23,DOWN,1,1,28642,2021-09-18 06:00,79,28642,2021-09-18 06:00,29.201,0.211,79,-1,1.28,true,28643,2021-09-18 06:15,29.004,0.91,1.35,true,true,BELOW,false
107,2021-09-18 20:00,2021-09-20 07:15,28698,28839,142,28.554,28.341,0.761,0,4.951,12.47,DOWN,1,2,28710,2021-09-18 23:00,12,28711,2021-09-18 23:15,28.356,0.07,13,-1,1.27,true,28712,2021-09-18 23:30,28.323,2.25,2.25,true,true,BELOW,false
108,2021-09-20 07:30,2021-09-22 17:45,28840,29073,234,25.733,25.5,0.928,0,5.683,23.85,DOWN,1,1,28844,2021-09-20 08:30,4,28844,2021-09-20 08:30,25.526,0.112,4,-1,0.82,true,28845,2021-09-20 08:45,25.43,2.42,9.93,false,false,BELOW,false
109,2021-09-22 18:00,2021-09-23 03:00,29074,29110,37,23.796,23.619,0.725,0,5.55,13.25,UP,1,1,29077,2021-09-22 18:45,3,29077,2021-09-22 18:45,23.772,0.864,3,1,1.16,true,29078,2021-09-22 19:00,23.891,0,0,true,true,ABOVE,false
110,2021-09-23 03:15,2021-09-25 07:00,29111,29318,208,24.312,24.141,0.698,0,2.668,12.17,DOWN,1,3,29119,2021-09-23 05:15,8,29121,2021-09-23 05:45,24.146,0.029,10,1,0.68,true,29122,2021-09-23 06:00,24.102,0.42,3.07,true,true,BELOW,false
111,2021-09-25 07:15,2021-09-26 15:30,29319,29448,130,23.3,23.087,0.933,0,2.335,11.45,DOWN,1,2,29330,2021-09-25 10:00,11,29331,2021-09-25 10:15,23.166,0.371,12,1,0.64,true,29332,2021-09-25 10:30,23.046,2.6,3.27,false,false,ABOVE,false
112,2021-09-26 15:45,2021-10-01 07:00,29449,29894,446,24.815,24.706,0.434,0,4.619,16.06,UP,1,4,29467,2021-09-26 20:15,18,29470,2021-09-26 21:00,24.781,0.688,21,1,0.9,true,29471,2021-09-26 21:15,24.816,2.31,2.57,true,true,BELOW,false
113,2021-10-01 07:15,2021-10-02 23:00,29895,30054,160,24.047,23.92,0.52,0,3.357,16.07,BYPASS,0,0,,,,,,,,,,,,,,,,,,,ABOVE,false
114,2021-10-02 23:15,2021-10-08 23:45,30055,30633,579,27.56,27.434,0.468,0,7.251,21.49,DOWN,1,3,30112,2021-10-03 13:30,57,30114,2021-10-03 14:00,27.463,0.23,59,-1,1.04,true,30115,2021-10-03 14:15,27.386,2.15,2.15,false,true,BELOW,false
115,2021-10-09 00:00,2021-10-14 14:45,30634,31173,540,26.425,26.226,0.755,0,5.929,14.27,UP,1,2,30634,2021-10-09 00:00,0,30635,2021-10-09 00:15,26.316,0.452,1,-1,0.86,true,30636,2021-10-09 00:30,26.493,0.48,0.48,true,true,ABOVE,false
116,2021-10-14 15:00,2021-10-18 09:30,31174,31536,363,27.373,27.11,0.966,0,3.031,11.53,UP,1,1,31174,2021-10-14 15:00,0,31174,2021-10-14 15:00,27.217,0.407,0,1,3.03,true,31175,2021-10-14 15:15,27.447,0,2.01,true,true,BELOW,false
117,2021-10-18 09:45,2021-10-26 13:45,31537,32321,785,26.393,26.164,0.882,0,3.226,10.59,DOWN,1,1,31553,2021-10-18 13:45,16,31553,2021-10-18 13:45,26.182,0.079,16,-1,0.79,true,31554,2021-10-18 14:00,26.159,2.26,3.42,false,false,ABOVE,false
118,2021-10-26 14:00,2021-10-27 07:45,32322,32393,72,32.062,31.82,0.768,0,4.349,11.2,DOWN,1,5,32327,2021-10-26 15:15,5,32331,2021-10-26 16:15,31.826,0.025,9,1,0.46,true,32332,2021-10-26 16:30,31.692,0.75,0.75,true,true,OVERLAP,false
119,2021-10-27 08:00,2021-10-28 03:45,32394,32473,80,32.062,31.565,1.682,1,4.232,11.48,BYPASS,0,0,,,,,,,,,,,,,,,,,,,BELOW,false
120,2021-10-28 04:00,2021-10-28 18:15,32474,32531,58,29.743,29.453,0.968,0,3.479,12.33,UP,1,1,32477,2021-10-28 04:45,3,32477,2021-10-28 04:45,29.704,0.866,3,-1,0.8,true,32478,2021-10-28 05:00,30.005,0,0,true,true,ABOVE,false
121,2021-10-28 18:30,2021-10-31 09:45,32532,32785,254,30.272,30.05,0.754,0,6.523,19.74,UP,1,1,32536,2021-10-28 19:30,4,32536,2021-10-28 19:30,30.158,0.486,4,1,0.86,true,32537,2021-10-28 19:45,30.372,0.17,0.64,true,true,BELOW,false
122,2021-10-31 10:00,2021-11-01 06:45,32786,32869,84,29.605,29.441,0.559,0,4.993,14.48,DOWN,1,2,32787,2021-10-31 10:15,1,32788,2021-10-31 10:30,29.581,0.854,2,-1,0.95,true,32789,2021-10-31 10:45,29.393,1.83,2.69,false,true,ABOVE,false
123,2021-11-01 07:00,2021-11-02 09:15,32870,32975,106,29.945,29.799,0.48,0,3.402,15.21,BYPASS,0,0,,,,,,,,,,,,,,,,,,,ABOVE,false
124,2021-11-02 09:30,2021-11-03 17:45,32976,33105,130,31.241,31.068,0.545,0,4.684,19.82,DOWN,1,1,33087,2021-11-03 13:15,111,33087,2021-11-03 13:15,31.083,0.087,111,-1,0.77,true,33088,2021-11-03 13:30,30.731,1.6,1.6,true,true,OVERLAP,false
125,2021-11-03 18:00,2021-11-04 23:00,33106,33222,117,31.38,31.068,0.988,1,4.255,14.51,UP,1,5,33152,2021-11-04 05:30,46,33156,2021-11-04 06:30,31.325,0.824,50,-1,0.89,true,33157,2021-11-04 06:45,31.42,0.95,1.34,true,true,BELOW,false
126,2021-11-04 23:15,2021-11-08 09:45,33223,33553,331,30.962,30.804,0.507,0,3.806,11,UP,1,1,33224,2021-11-04 23:30,1,33224,2021-11-04 23:30,30.946,0.899,1,-1,3.13,true,33225,2021-11-04 23:45,31.004,0.43,0.43,true,true,ABOVE,false
127,2021-11-08 10:00,2021-11-09 11:15,33554,33655,102,33.696,33.349,1.013,0,4.5,10.96,BYPASS,0,0,,,,,,,,,,,,,,,,,,,ABOVE,false
128,2021-11-09 11:30,2021-11-15 23:45,33656,34281,626,35.033,34.817,0.626,0,4.163,14.69,DOWN,1,1,33665,2021-11-09 13:45,9,33665,2021-11-09 13:45,34.957,0.648,9,1,1.09,true,33666,2021-11-09 14:00,34.804,3.6,4.22,false,false,BELOW,false
129,2021-11-16 00:00,2021-11-16 09:45,34282,34321,40,32.22,32.003,0.696,0,10.47,31.52,BYPASS,0,0,,,,,,,,,,,,,,,,,,,BELOW,false
130,2021-11-16 10:00,2021-11-16 19:30,34322,34360,39,30.167,29.779,1.385,0,6.258,18.27,DOWN,1,1,34327,2021-11-16 11:15,5,34327,2021-11-16 11:15,29.824,0.116,5,-1,0.5,true,34328,2021-11-16 11:30,29.77,1.55,1.55,true,true,OVERLAP,false
131,2021-11-16 19:45,2021-11-17 10:15,34361,34419,59,30.167,29.577,1.99,1,3.85,10.13,DOWN,1,1,34361,2021-11-16 19:45,0,34361,2021-11-16 19:45,29.651,0.125,0,-1,5.08,true,34362,2021-11-16 20:00,29.412,3.13,3.82,true,true,BELOW,false
132,2021-11-17 10:30,2021-11-17 22:30,34420,34468,49,28.595,28.349,0.857,0,3.733,13.8,BYPASS,0,0,,,,,,,,,,,,,,,,,,,ABOVE,false
133,2021-11-17 22:45,2021-11-18 08:45,34469,34509,41,28.969,28.784,0.639,0,8.058,28.13,UP,1,2,34469,2021-11-17 22:45,0,34470,2021-11-17 23:00,28.878,0.508,1,-1,0.71,true,34471,2021-11-17 23:15,29.084,0,0.86,true,true,BELOW,false
134,2021-11-18 09:00,2021-11-20 14:45,34510,34725,216,28.53,28.366,0.58,0,4.841,12.56,UP,1,1,34516,2021-11-18 10:30,6,34516,2021-11-18 10:30,28.485,0.726,6,-1,1.58,true,34517,2021-11-18 10:45,28.652,1.43,6.23,true,true,OVERLAP,false
135,2021-11-20 15:00,2021-11-23 09:15,34726,34991,266,28.53,28.315,0.772,1,8.534,24.39,DOWN,1,3,34760,2021-11-20 23:30,34,34762,2021-11-21 00:00,28.391,0.353,36,-1,1.47,true,34763,2021-11-21 00:15,28.224,0.85,1.8,true,true,BELOW,false
136,2021-11-23 09:30,2021-11-24 13:30,34992,35104,113,26.737,26.608,0.479,0,9.985,20.77,UP,1,1,34997,2021-11-23 10:45,5,34997,2021-11-23 10:45,26.709,0.783,5,-1,1.69,true,34998,2021-11-23 11:00,26.772,0.94,0.94,true,true,BELOW,false
137,2021-11-24 13:45,2021-11-29 09:15,35105,35567,463,26.519,26.226,1.131,0,5.707,12.2,UP,1,2,35159,2021-11-25 03:15,54,35160,2021-11-25 03:30,26.382,0.532,55,1,1.01,true,35161,2021-11-25 03:45,26.545,0.41,1.15,true,true,BELOW,false
138,2021-11-29 09:30,2021-12-02 02:45,35568,35829,262,25.05,24.991,0.24,0,5.403,15.54,DOWN,1,1,35587,2021-11-29 14:15,19,35587,2021-11-29 14:15,25.04,0.831,19,1,1.16,true,35588,2021-11-29 14:30,24.927,1.06,1.27,false,true,OVERLAP,false
139,2021-12-02 03:00,2021-12-02 10:45,35830,35861,32,25.174,24.984,0.779,1,8.695,20.79,BYPASS,0,0,,,,,,,,,,,,,,,,,,,BELOW,false
140,2021-12-02 11:00,2021-12-05 08:45,35862,36141,280,24.871,24.751,0.489,0,2.453,16.66,DOWN,1,2,35864,2021-12-02 11:30,2,35865,2021-12-02 11:45,24.816,0.542,3,-1,1.08,true,35866,2021-12-02 12:00,24.593,1.16,1.16,true,true,BELOW,false
141,2021-12-05 09:00,2021-12-10 13:15,36142,36639,498,20.111,20.015,0.486,0,3.539,11.77,DOWN,1,1,36302,2021-12-07 01:00,160,36302,2021-12-07 01:00,20.018,0.031,160,1,0.82,true,36303,2021-12-07 01:15,19.883,1.64,1.64,true,true,OVERLAP,false
142,2021-12-10 13:30,2021-12-13 07:45,36640,36905,266,20.225,20.015,1.019,1,4.447,10.58,DOWN,1,4,36745,2021-12-11 15:45,105,36748,2021-12-11 16:30,20.03,0.071,108,1,0.71,true,36749,2021-12-11 16:45,19.924,2.01,3.24,false,false,BELOW,false
143,2021-12-13 08:00,2021-12-14 10:15,36906,37011,106,19.063,18.976,0.454,0,3.921,10.05,UP,1,2,36915,2021-12-13 10:15,9,36916,2021-12-13 10:30,19.04,0.736,10,-1,0.52,true,36917,2021-12-13 10:45,19.076,0,6.12,true,true,BELOW,false
144,2021-12-14 10:30,2021-12-15 12:15,37012,37115,104,18.079,17.948,0.725,0,3.106,10.22,UP,1,1,37012,2021-12-14 10:30,0,37012,2021-12-14 10:30,18.074,0.962,0,-1,2.38,true,37013,2021-12-14 10:45,18.212,0,1.09,true,true,ABOVE,false
145,2021-12-15 12:30,2021-12-16 09:45,37116,37201,86,18.446,18.35,0.53,0,10.006,11.92,BYPASS,0,0,,,,,,,,,,,,,,,,,,,ABOVE,false
146,2021-12-16 10:00,2021-12-16 18:15,37202,37235,34,19.829,19.77,0.295,0,1.88,11.2,UP,1,1,37214,2021-12-16 13:00,12,37214,2021-12-16 13:00,19.822,0.881,12,1,2.1,true,37215,2021-12-16 13:15,20.023,0.86,3.57,true,true,BELOW,false
147,2021-12-16 18:30,2021-12-16 21:45,37236,37249,14,19.532,19.467,0.338,0,6.754,11.7,BYPASS,0,0,,,,,,,,,,,,,,,,,,,BELOW,false
148,2021-12-16 22:00,2021-12-19 05:15,37250,37471,222,19.225,19.152,0.384,0,5.286,24.2,DOWN,1,1,37297,2021-12-17 09:45,47,37297,2021-12-17 09:45,19.181,0.397,47,-1,1.23,true,37298,2021-12-17 10:00,19,2.76,7.44,false,false,ABOVE,false
149,2021-12-19 05:30,2021-12-24 14:30,37472,37988,517,20.285,20.194,0.453,0,5.232,10.81,DOWN,1,1,37782,2021-12-22 11:00,310,37782,2021-12-22 11:00,20.242,0.527,310,1,2.09,true,37783,2021-12-22 11:15,20.098,2.47,2.47,true,true,ABOVE,false
150,2021-12-24 14:45,2021-12-26 02:15,37989,38131,143,22.026,21.935,0.418,0,4.102,15.03,UP,1,1,37999,2021-12-24 17:15,10,37999,2021-12-24 17:15,21.961,0.286,10,1,0.65,true,38000,2021-12-24 17:30,22.101,0,3.35,true,true,BELOW,false
151,2021-12-26 02:30,2022-01-12 11:15,38132,39799,1668,21.921,21.804,0.54,0,3.85,10.1,UP,1,1,38160,2021-12-26 09:30,28,38160,2021-12-26 09:30,21.881,0.658,28,-1,1.68,true,38161,2021-12-26 09:45,22.08,0,0,true,true,ABOVE,false
152,2022-01-12 11:30,2022-01-13 15:00,39800,39910,111,26.234,26.062,0.655,0,4.043,11.56,UP,1,2,39801,2022-01-12 11:45,1,39802,2022-01-12 12:00,26.21,0.86,2,-1,0.8,true,39803,2022-01-12 12:15,26.492,0,0,true,true,OVERLAP,false
153,2022-01-13 15:15,2022-01-15 17:30,39911,40112,202,26.261,25.895,1.44,1,3.589,10.11,DOWN,1,4,40054,2022-01-15 03:00,143,40057,2022-01-15 03:45,25.919,0.066,146,1,0.92,true,40058,2022-01-15 04:00,25.877,1.14,2.1,false,false,BELOW,false
154,2022-01-15 17:45,2022-01-16 02:30,40113,40148,36,25.823,25.736,0.34,0,4.475,10.24,BYPASS,0,0,,,,,,,,,,,,,,,,,,,BELOW,false
155,2022-01-16 02:45,2022-01-17 14:45,40149,40293,145,25.161,25.009,0.613,0,3.645,11.92,UP,1,6,40157,2022-01-16 04:45,8,40162,2022-01-16 06:00,25.106,0.638,13,-1,0.66,true,40163,2022-01-16 06:15,25.294,0,0,true,true,BELOW,false
156,2022-01-17 15:00,2022-01-19 05:15,40294,40447,154,24.559,24.415,0.591,0,2.65,16.03,BYPASS,0,0,,,,,,,,,,,,,,,,,,,BELOW,false
157,2022-01-19 05:30,2022-01-19 14:15,40448,40483,36,22.355,22.261,0.426,0,5.262,11.31,BYPASS,0,0,,,,,,,,,,,,,,,,,,,BELOW,false
158,2022-01-19 14:30,2022-01-22 19:45,40484,40793,310,22.133,22,0.593,0,4.086,13.81,DOWN,1,1,40487,2022-01-19 15:15,3,40487,2022-01-19 15:15,22.08,0.602,3,-1,2.98,true,40488,2022-01-19 15:30,21.879,1.51,2.16,true,true,BELOW,false
159,2022-01-22 20:00,2022-01-23 22:45,40794,40901,108,15.6,15.222,2.348,0,1.742,12.44,UP,1,3,40821,2022-01-23 02:45,27,40823,2022-01-23 03:15,15.448,0.598,29,-1,0.86,true,40824,2022-01-23 03:30,15.637,0,0,true,true,OVERLAP,false
160,2022-01-23 23:00,2022-01-27 07:00,40902,41222,321,15.73,15.222,3.095,1,6.7,15.3,UP,1,1,40917,2022-01-24 02:45,15,40917,2022-01-24 02:45,15.703,0.947,15,-1,0.84,true,40918,2022-01-24 03:00,15.786,0,2.31,true,true,BELOW,false
161,2022-01-27 07:15,2022-01-30 22:45,41223,41573,351,14.833,14.708,0.839,0,3.498,30.1,UP,1,2,41227,2022-01-27 08:15,4,41228,2022-01-27 08:30,14.825,0.936,5,-1,1.31,true,41229,2022-01-27 08:45,14.983,0,0,true,true,ABOVE,false
162,2022-01-30 23:00,2022-02-02 07:30,41574,41800,227,17.538,17.296,1.343,0,2.792,14.28,DOWN,1,2,41578,2022-01-31 00:00,4,41579,2022-01-31 00:15,17.314,0.074,5,1,1.19,true,41580,2022-01-31 00:30,16.902,5.01,5.01,false,false,BELOW,false
163,2022-02-02 07:45,2022-02-03 09:30,41801,41904,104,17.2,17.098,0.601,0,4.038,11.78,UP,1,9,41808,2022-02-02 09:30,7,41816,2022-02-02 11:30,17.171,0.716,15,-1,0.58,true,41817,2022-02-02 11:45,17.206,0.43,6.1,true,true,BELOW,false
164,2022-02-03 09:45,2022-02-06 14:15,41905,42211,307,15.789,15.742,0.305,0,5.802,18.25,UP,1,1,41945,2022-02-03 19:45,40,41945,2022-02-03 19:45,15.767,0.532,40,-1,0.8,true,41946,2022-02-03 20:00,15.799,0.74,0.74,true,true,ABOVE,false
165,2022-02-06 14:30,2022-02-07 07:30,42212,42280,69,17.832,17.754,0.444,0,7.968,13.19,UP,1,1,42255,2022-02-07 01:15,43,42255,2022-02-07 01:15,17.83,0.974,43,-1,0.6,true,42256,2022-02-07 01:30,17.898,0,0,true,true,ABOVE,false
166,2022-02-07 07:45,2022-02-07 17:15,42281,42319,39,18.807,18.715,0.493,0,2.279,10.16,UP,1,1,42308,2022-02-07 14:30,27,42308,2022-02-07 14:30,18.729,0.152,27,1,3.24,true,42309,2022-02-07 14:45,18.817,0.81,0.81,true,true,ABOVE,false
167,2022-02-07 17:30,2022-02-08 07:45,42320,42377,58,19.071,18.901,0.883,0,4.461,11.67,UP,1,1,42324,2022-02-07 18:30,4,42324,2022-02-07 18:30,19.011,0.647,4,1,0.73,true,42325,2022-02-07 18:45,19.151,0.38,2,true,true,OVERLAP,false
168,2022-02-08 08:00,2022-02-09 01:45,42378,42449,72,19.071,18.891,0.971,1,5.905,11.2,BYPASS,0,0,,,,,,,,,,,,,,,,,,,BELOW,false
169,2022-02-09 02:00,2022-02-10 02:30,42450,42548,99,18.39,18.224,0.925,0,3.762,15.06,UP,1,5,42487,2022-02-09 11:15,37,42491,2022-02-09 12:15,18.293,0.416,41,-1,0.64,true,42492,2022-02-09 12:30,18.519,0,0,true,true,OVERLAP,false
170,2022-02-10 02:45,2022-02-10 13:15,42549,42591,43,18.418,18.224,1.073,1,6.729,13.95,UP,1,9,42569,2022-02-10 07:45,20,42577,2022-02-10 09:45,18.352,0.66,28,-1,0.75,true,42578,2022-02-10 10:00,18.434,0,4.83,true,true,ABOVE,false
171,2022-02-10 13:30,2022-02-11 18:15,42592,42707,116,18.64,18.491,0.839,0,7.859,25.35,BYPASS,0,0,,,,,,,,,,,,,,,,,,,BELOW,false
172,2022-02-11 18:30,2022-02-12 21:15,42708,42815,108,17.548,17.451,0.565,0,3.929,12.45,BYPASS,0,0,,,,,,,,,,,,,,,,,,,BELOW,false
173,2022-02-12 21:30,2022-02-15 21:45,42816,43105,290,16.25,16.108,0.9,0,4.572,13.8,DOWN,1,1,42828,2022-02-13 00:30,12,42828,2022-02-13 00:30,16.178,0.493,12,-1,1.45,true,42829,2022-02-13 00:45,16.107,1.36,1.78,false,false,ABOVE,false
174,2022-02-15 22:00,2022-02-20 22:30,43106,43588,483,16.905,16.85,0.327,0,6.6,19.53,UP,1,1,43108,2022-02-15 22:30,2,43108,2022-02-15 22:30,16.877,0.491,2,1,0.8,true,43109,2022-02-15 22:45,16.975,0,0.5,true,true,BELOW,false
175,2022-02-20 22:45,2022-02-22 02:45,43589,43701,113,14.619,14.589,0.202,0,8.457,11.3,UP,1,1,43593,2022-02-20 23:45,4,43593,2022-02-20 23:45,14.601,0.4,4,-1,1.78,true,43594,2022-02-21 00:00,14.693,0,0,true,true,BELOW,false
176,2022-02-22 03:00,2022-02-24 02:30,43702,43892,191,13.628,13.551,0.585,0,4.707,20.65,DOWN,1,2,43872,2022-02-23 21:30,170,43873,2022-02-23 21:45,13.614,0.818,171,-1,0.51,true,43874,2022-02-23 22:00,13.506,2.18,10.36,true,true,BELOW,false
177,2022-02-24 02:45,2022-02-24 14:15,43893,43939,47,13.367,13.291,0.583,0,8.358,17.55,BYPASS,0,0,,,,,,,,,,,,,,,,,,,BELOW,false
178,2022-02-24 14:30,2022-02-24 18:30,43940,43956,17,11.894,11.78,0.964,0,4.35,13.64,UP,1,1,43940,2022-02-24 14:30,0,43940,2022-02-24 14:30,11.82,0.351,0,-1,3.41,true,43941,2022-02-24 14:45,12.062,0,0,true,true,ABOVE,false
179,2022-02-24 18:45,2022-02-26 00:15,43957,44075,119,12.565,12.292,2.154,0,2.662,14.53,BYPASS,0,0,,,,,,,,,,,,,,,,,,,ABOVE,false
180,2022-02-26 00:30,2022-02-26 18:00,44076,44146,71,14.402,14.27,0.89,0,9.973,16.2,UP,1,4,44096,2022-02-26 05:30,20,44099,2022-02-26 06:15,14.388,0.894,23,1,1.02,true,44100,2022-02-26 06:30,14.423,0.37,1.41,true,true,ABOVE,false
181,2022-02-26 18:15,2022-03-06 15:45,44147,44905,759,14.637,14.522,0.797,0,3.866,14.26,UP,1,5,44150,2022-02-26 19:00,3,44154,2022-02-26 20:00,14.596,0.643,7,1,0.4,true,44155,2022-02-26 20:15,14.688,0,3.22,true,true,BELOW,false
182,2022-03-06 16:00,2022-03-10 13:15,44906,45279,374,13.681,13.631,0.363,0,4.265,22.59,UP,1,2,44924,2022-03-06 20:30,18,44925,2022-03-06 20:45,13.647,0.32,19,-1,0.53,true,44926,2022-03-06 21:00,13.788,0.67,6.35,true,true,BELOW,false
183,2022-03-10 13:30,2022-03-14 03:45,45280,45625,346,13.214,13.161,0.409,0,10.098,14.54,UP,1,3,45282,2022-03-10 14:00,2,45284,2022-03-10 14:30,13.202,0.774,4,-1,1.76,true,45285,2022-03-10 14:45,13.282,0.41,0.43,true,true,BELOW,false
184,2022-03-14 04:00,2022-03-15 06:45,45626,45733,108,12.711,12.658,0.41,0,5.34,15.42,BYPASS,0,0,,,,,,,,,,,,,,,,,,,ABOVE,false
185,2022-03-15 07:00,2022-03-16 17:45,45734,45873,140,13.13,13.1,0.232,0,5.048,10.18,UP,1,1,45756,2022-03-15 12:30,22,45756,2022-03-15 12:30,13.125,0.833,22,-1,1.83,true,45757,2022-03-15 12:45,13.134,1.21,1.21,true,true,ABOVE,false
186,2022-03-16 18:00,2022-03-17 03:45,45874,45913,40,14.135,14.031,0.749,0,9.198,13.49,UP,1,2,45876,2022-03-16 18:30,2,45877,2022-03-16 18:45,14.051,0.192,3,1,1.02,true,45878,2022-03-16 19:00,14.251,0,0,true,true,ABOVE,false
187,2022-03-17 04:00,2022-03-22 01:45,45914,46385,472,14.693,14.637,0.386,0,11.019,29.59,DOWN,1,1,45917,2022-03-17 04:45,3,45917,2022-03-17 04:45,14.642,0.089,3,1,1.46,true,45918,2022-03-17 05:00,14.519,2.62,2.88,false,true,ABOVE,false
188,2022-03-22 02:00,2022-03-27 10:45,46386,46901,516,15.085,15.041,0.288,0,8.796,13.6,BYPASS,0,0,,,,,,,,,,,,,,,,,,,ABOVE,false
189,2022-03-27 11:00,2022-03-27 20:15,46902,46939,38,15.998,15.961,0.233,0,4.341,12.82,UP,1,1,46920,2022-03-27 15:30,18,46920,2022-03-27 15:30,15.993,0.865,18,-1,3.05,true,46921,2022-03-27 15:45,16.047,0,0,true,true,ABOVE,false
190,2022-03-27 20:30,2022-03-31 13:45,46940,47297,358,16.21,16.149,0.371,0,6.049,13.81,BYPASS,0,0,,,,,,,,,,,,,,,,,,,ABOVE,false
191,2022-03-31 14:00,2022-04-02 17:45,47298,47505,208,17.759,17.58,1.039,0,6.05,12.09,DOWN,1,11,47471,2022-04-02 09:15,173,47481,2022-04-02 11:45,17.639,0.33,183,1,1.09,true,47482,2022-04-02 12:00,17.571,0.03,2.78,true,true,BELOW,false
192,2022-04-02 18:00,2022-04-06 19:45,47506,47897,392,17.53,17.45,0.466,0,4.728,13.72,UP,1,3,47514,2022-04-02 20:00,8,47516,2022-04-02 20:30,17.523,0.912,10,1,0.51,true,47517,2022-04-02 20:45,17.571,0.19,1.72,true,true,BELOW,false
193,2022-04-06 20:00,2022-04-09 06:45,47898,48133,236,15.668,15.596,0.46,0,4.852,12.15,UP,1,1,47898,2022-04-06 20:00,0,47898,2022-04-06 20:00,15.643,0.653,0,-1,2.54,true,47899,2022-04-06 20:15,15.685,0.46,3.27,true,true,BELOW,false
194,2022-04-09 07:00,2022-04-12 05:00,48134,48414,281,15.369,15.292,0.505,0,3.176,14.16,DOWN,1,2,48137,2022-04-09 07:45,3,48138,2022-04-09 08:00,15.311,0.247,4,-1,1.19,true,48139,2022-04-09 08:15,15.278,0.41,0.71,true,true,BELOW,false
195,2022-04-12 05:15,2022-04-15 13:30,48415,48736,322,13.923,13.879,0.315,0,3.715,13,UP,1,1,48451,2022-04-12 14:15,36,48451,2022-04-12 14:15,13.915,0.818,36,1,1.78,true,48452,2022-04-12 14:30,13.953,0,1.82,true,true,OVERLAP,false
196,2022-04-15 13:45,2022-04-16 14:45,48737,48837,101,13.923,13.857,0.479,1,4.496,15.5,DOWN,1,5,48741,2022-04-15 14:45,4,48745,2022-04-15 15:45,13.893,0.545,8,1,0.59,true,48746,2022-04-15 16:00,13.834,0.37,0.37,true,true,ABOVE,false
197,2022-04-16 15:00,2022-04-17 03:15,48838,48887,50,14.17,14.139,0.221,0,10.084,44.7,UP,1,1,48871,2022-04-16 23:15,33,48871,2022-04-16 23:15,14.144,0.161,33,-1,0.77,true,48872,2022-04-16 23:30,14.189,0.41,1.08,true,true,BELOW,false
198,2022-04-17 03:30,2022-04-17 14:30,48888,48932,45,14.128,14.034,0.658,0,5.488,12.42,BYPASS,0,0,,,,,,,,,,,,,,,,,,,ABOVE,false
199,2022-04-17 14:45,2022-04-18 03:45,48933,48985,53,14.494,14.461,0.228,0,4.938,10.96,UP,1,2,48934,2022-04-17 15:00,1,48935,2022-04-17 15:15,14.47,0.273,2,1,0.21,true,48936,2022-04-17 15:30,14.498,1.42,3.06,true,true,BELOW,false
200,2022-04-18 04:00,2022-04-22 07:00,48986,49382,397,13.834,13.803,0.227,0,7.193,10.38,DOWN,1,2,49044,2022-04-18 18:30,58,49045,2022-04-18 18:45,13.803,0,59,1,0.59,true,49046,2022-04-18 19:00,13.79,0.39,0.39,true,true,OVERLAP,false
201,2022-04-22 07:15,2022-04-22 21:45,49383,49441,59,13.834,13.792,0.307,1,7.747,15.04,DOWN,1,2,49384,2022-04-22 07:30,1,49385,2022-04-22 07:45,13.811,0.452,2,-1,1.32,true,49386,2022-04-22 08:00,13.757,1.22,1.62,true,true,BELOW,false
202,2022-04-22 22:00,2022-04-23 02:30,49442,49460,19,13.72,13.683,0.271,0,6.102,36.18,BYPASS,0,0,,,,,,,,,,,,,,,,,,,BELOW,false
203,2022-04-23 02:45,2022-04-23 16:45,49461,49517,57,13.507,13.473,0.253,0,10.367,20.59,DOWN,1,1,49466,2022-04-23 04:00,5,49466,2022-04-23 04:00,13.49,0.5,5,-1,1.29,true,49467,2022-04-23 04:15,13.307,1.3,1.3,false,true,ABOVE,false
204,2022-04-23 17:00,2022-04-23 23:15,49518,49543,26,13.604,13.56,0.326,0,3.701,10.08,BYPASS,0,0,,,,,,,,,,,,,,,,,,,BELOW,false
205,2022-04-23 23:30,2022-04-28 14:45,49544,49989,446,13.44,13.42,0.15,0,6.715,12.71,UP,1,1,49604,2022-04-24 14:30,60,49604,2022-04-24 14:30,13.425,0.25,60,-1,2.2,true,49605,2022-04-24 14:45,13.491,1.6,1.64,true,true,BELOW,false
206,2022-04-28 15:00,2022-04-30 21:45,49990,50209,220,12.558,12.433,0.978,0,3.895,15.52,UP,1,3,49992,2022-04-28 15:30,2,49994,2022-04-28 16:00,12.484,0.408,4,-1,0.83,true,49995,2022-04-28 16:15,12.569,0,0,true,true,BELOW,false
207,2022-04-30 22:00,2022-05-06 06:15,50210,50723,514,11.601,11.546,0.481,0,9.629,20.5,DOWN,1,1,50659,2022-05-05 14:15,449,50659,2022-05-05 14:15,11.55,0.073,449,-1,2.84,true,50660,2022-05-05 14:30,11.462,6.59,8.55,false,false,BELOW,false
208,2022-05-06 06:30,2022-05-06 13:15,50724,50751,28,10.951,10.905,0.42,0,5.646,10.44,DOWN,1,2,50726,2022-05-06 07:00,2,50727,2022-05-06 07:15,10.948,0.935,3,-1,0.85,true,50728,2022-05-06 07:30,10.667,2.45,4.78,false,false,BELOW,false
209,2022-05-06 13:30,2022-05-08 16:45,50752,50957,206,10.714,10.659,0.525,0,9.345,18.19,DOWN,1,1,50761,2022-05-06 15:45,9,50761,2022-05-06 15:45,10.699,0.727,9,-1,0.62,true,50762,2022-05-06 16:00,10.633,0.54,0.82,true,true,BELOW,false
210,2022-05-08 17:00,2022-05-09 05:45,50958,51009,52,10.184,10.088,0.965,0,7.862,34.09,UP,1,2,50964,2022-05-08 18:30,6,50965,2022-05-08 18:45,10.173,0.885,7,-1,0.78,true,50966,2022-05-08 19:00,10.197,0.19,1.57,true,true,BELOW,false
211,2022-05-09 06:00,2022-05-11 12:15,51010,51227,218,9.768,9.705,0.653,0,2.632,10.4,DOWN,1,1,51014,2022-05-09 07:00,4,51014,2022-05-09 07:00,9.753,0.762,4,-1,0.77,true,51015,2022-05-09 07:15,9.664,1.77,6.55,true,true,BELOW,false
212,2022-05-11 12:30,2022-05-12 13:15,51228,51327,100,8.347,8.148,2.614,0,4.148,17.12,DOWN,1,1,51236,2022-05-11 14:30,8,51236,2022-05-11 14:30,8.213,0.327,8,-1,0.7,true,51237,2022-05-11 14:45,8.055,10.47,18.52,false,false,BELOW,false
213,2022-05-12 13:30,2022-05-16 05:45,51328,51681,354,6.402,6.265,2.225,0,1.695,11.03,UP,1,2,51331,2022-05-12 14:15,3,51332,2022-05-12 14:30,6.343,0.569,4,-1,0.96,true,51333,2022-05-12 14:45,6.643,0,0,true,true,ABOVE,false
214,2022-05-16 06:00,2022-05-18 02:45,51682,51861,180,7.553,7.474,1.072,0,3.29,12.99,DOWN,1,1,51701,2022-05-16 10:45,19,51701,2022-05-16 10:45,7.476,0.025,19,-1,1.24,true,51702,2022-05-16 11:00,7.42,2.98,3.6,true,true,ABOVE,false
215,2022-05-18 03:00,2022-05-21 21:30,51862,52224,363,7.652,7.627,0.331,0,2.527,10.28,BYPASS,0,0,,,,,,,,,,,,,,,,,,,BELOW,false
216,2022-05-21 21:45,2022-05-25 10:45,52225,52565,341,7.043,7.028,0.215,0,6.252,10.97,UP,1,1,52228,2022-05-21 22:30,3,52228,2022-05-21 22:30,7.037,0.6,3,1,0.52,true,52229,2022-05-21 22:45,7.052,0,1.52,true,true,ABOVE,false
217,2022-05-25 11:00,2022-05-26 10:45,52566,52661,96,7.131,7.079,0.743,0,2.482,12.71,UP,1,1,52577,2022-05-25 13:45,11,52577,2022-05-25 13:45,7.13,0.981,11,-1,1.63,true,52578,2022-05-25 14:00,7.148,1.1,2.02,true,true,BELOW,false
218,2022-05-26 11:00,2022-05-28 21:45,52662,52897,236,6.533,6.502,0.48,0,7.042,28.73,DOWN,1,1,52666,2022-05-26 12:00,4,52666,2022-05-26 12:00,6.527,0.806,4,-1,1.67,true,52667,2022-05-26 12:15,6.484,4.58,4.58,true,true,BELOW,false
219,2022-05-28 22:00,2022-06-02 21:45,52898,53377,480,6.48,6.464,0.248,0,3.239,11.99,UP,1,1,52902,2022-05-28 23:00,4,52902,2022-05-28 23:00,6.475,0.687,4,1,1.77,true,52903,2022-05-28 23:15,6.509,0,2.09,true,true,ABOVE,false
220,2022-06-02 22:00,2022-06-04 00:45,53378,53485,108,7.102,7.075,0.378,0,11.015,23.15,DOWN,1,1,53401,2022-06-03 03:45,23,53401,2022-06-03 03:45,7.085,0.37,23,1,1.7,true,53402,2022-06-03 04:00,7.049,1.16,3.17,false,false,BELOW,false
221,2022-06-04 01:00,2022-06-05 11:45,53486,53625,140,6.865,6.816,0.721,0,3.595,11.45,DOWN,1,1,53498,2022-06-04 04:00,12,53498,2022-06-04 04:00,6.842,0.531,12,-1,2.44,true,53499,2022-06-04 04:15,6.81,0.22,0.22,true,true,ABOVE,false
222,2022-06-05 12:00,2022-06-05 19:45,53626,53657,32,7.344,7.307,0.501,0,2.877,10.65,BYPASS,0,0,,,,,,,,,,,,,,,,,,,ABOVE,false
223,2022-06-05 20:00,2022-06-07 10:45,53658,53813,156,7.599,7.518,1.043,0,4.356,10.88,DOWN,1,1,53772,2022-06-07 00:30,114,53772,2022-06-07 00:30,7.553,0.432,114,-1,6.64,true,53773,2022-06-07 00:45,7.513,2.83,2.83,true,true,OVERLAP,false
224,2022-06-07 11:00,2022-06-10 00:00,53814,54058,245,7.626,7.518,1.443,1,5.863,11.83,DOWN,1,1,53817,2022-06-07 11:45,3,53817,2022-06-07 11:45,7.523,0.046,3,-1,0.56,true,53818,2022-06-07 12:00,7.477,1.38,1.38,true,true,ABOVE,false
225,2022-06-10 00:15,2022-06-12 21:45,54059,54337,279,9.335,9.21,1.34,0,2.398,10.36,UP,1,1,54059,2022-06-10 00:15,0,54059,2022-06-10 00:15,9.329,0.952,0,1,4.4,true,54060,2022-06-10 00:30,9.452,0,0.53,true,true,BELOW,false
226,2022-06-12 22:00,2022-06-16 19:15,54338,54711,374,6.704,6.63,1.121,0,3.473,11.93,DOWN,1,1,54507,2022-06-14 16:15,169,54507,2022-06-14 16:15,6.64,0.135,169,1,2.52,true,54508,2022-06-14 16:30,6.561,2.93,5.76,true,true,OVERLAP,false
227,2022-06-16 19:30,2022-06-18 01:15,54712,54831,120,6.704,6.575,1.986,1,2.136,13.01,UP,1,5,54714,2022-06-16 20:00,2,54718,2022-06-16 21:00,6.683,0.837,6,-1,0.57,true,54719,2022-06-16 21:15,6.719,5.11,5.11,true,true,BELOW,false
228,2022-06-18 01:30,2022-06-18 06:30,54832,54852,21,6.359,6.315,0.715,0,3.809,10.51,BYPASS,0,0,,,,,,,,,,,,,,,,,,,BELOW,false
229,2022-06-18 06:45,2022-06-18 23:45,54853,54921,69,6.116,6.084,0.544,0,16.955,31.01,BYPASS,0,0,,,,,,,,,,,,,,,,,,,BELOW,false
230,2022-06-19 00:00,2022-06-26 11:15,54922,55639,718,5.953,5.907,0.754,0,5.211,16,DOWN,1,3,54928,2022-06-19 01:30,6,54930,2022-06-19 02:00,5.92,0.283,8,1,0.58,true,54931,2022-06-19 02:15,5.832,1.44,1.44,true,true,ABOVE,false
231,2022-06-26 11:30,2022-06-26 14:45,55640,55653,14,7.193,7.164,0.399,0,3.131,14.39,DOWN,1,2,55646,2022-06-26 13:00,6,55647,2022-06-26 13:15,7.164,0,7,1,1.06,true,55648,2022-06-26 13:30,7.141,2.41,4.31,true,true,OVERLAP,false
232,2022-06-26 15:00,2022-06-27 13:15,55654,55743,90,7.218,7.164,0.765,1,6.873,14.62,DOWN,1,1,55677,2022-06-26 20:45,23,55677,2022-06-26 20:45,7.18,0.296,23,-1,1.66,true,55678,2022-06-26 21:00,7.125,4.93,7.08,false,false,BELOW,false
233,2022-06-27 13:30,2022-06-28 12:00,55744,55834,91,6.846,6.817,0.435,0,5.925,18.34,BYPASS,0,0,,,,,,,,,,,,,,,,,,,BELOW,false
234,2022-06-28 12:15,2022-06-30 03:45,55835,55993,159,6.721,6.653,0.984,0,9.779,25.79,UP,1,1,55845,2022-06-28 14:45,10,55845,2022-06-28 14:45,6.717,0.941,10,1,1.92,true,55846,2022-06-28 15:00,6.734,2.34,4.55,true,true,BELOW,false
235,2022-06-30 04:00,2022-07-01 10:15,55994,56115,122,6.2,6.162,0.607,0,3.472,11.45,DOWN,1,1,55997,2022-06-30 04:45,3,55997,2022-06-30 04:45,6.164,0.053,3,-1,0.89,true,55998,2022-06-30 05:00,6.117,2.87,4.56,false,false,BELOW,false
236,2022-07-01 10:30,2022-07-02 09:00,56116,56206,91,6.094,6.066,0.468,0,3.672,19.12,DOWN,1,2,56128,2022-07-01 13:30,12,56129,2022-07-01 13:45,6.084,0.643,13,-1,2.1,true,56130,2022-07-01 14:00,6.018,1.73,1.73,false,true,OVERLAP,false
237,2022-07-02 09:15,2022-07-03 04:30,56207,56284,78,6.118,6.066,0.861,1,2.594,10.67,UP,1,4,56208,2022-07-02 09:30,1,56211,2022-07-02 10:15,6.108,0.808,4,-1,0.64,true,56212,2022-07-02 10:30,6.156,0,0.31,true,true,ABOVE,false
238,2022-07-03 04:45,2022-07-03 18:45,56285,56341,57,6.168,6.131,0.602,0,4.283,12.37,DOWN,1,2,56285,2022-07-03 04:45,0,56286,2022-07-03 05:00,6.146,0.405,1,1,3.67,true,56287,2022-07-03 05:15,6.099,1.14,1.81,false,false,BELOW,false
239,2022-07-03 19:00,2022-07-05 07:45,56342,56489,148,6.129,6.106,0.375,0,4.222,10.61,DOWN,1,1,56371,2022-07-04 02:15,29,56371,2022-07-04 02:15,6.115,0.391,29,1,1.59,true,56372,2022-07-04 02:30,6.078,1.56,1.56,false,true,ABOVE,false
240,2022-07-05 08:00,2022-07-06 21:45,56490,56641,152,6.474,6.442,0.499,0,3.476,10.47,BYPASS,0,0,,,,,,,,,,,,,,,,,,,BELOW,false
241,2022-07-06 22:00,2022-07-16 15:45,56642,57577,936,6.312,6.282,0.471,0,7.758,14.68,UP,1,1,56975,2022-07-10 09:15,333,56975,2022-07-10 09:15,6.312,1,333,-1,1.24,true,56976,2022-07-10 09:30,6.326,0.54,2.66,true,true,OVERLAP,false
242,2022-07-16 16:00,2022-07-21 21:45,57578,58081,504,6.322,6.282,0.62,1,4.277,12.61,BYPASS,0,0,,,,,,,,,,,,,,,,,,,ABOVE,false
243,2022-07-21 22:00,2022-07-25 18:45,58082,58453,372,7.021,6.998,0.331,0,4.172,10.19,DOWN,1,1,58087,2022-07-21 23:15,5,58087,2022-07-21 23:15,7.006,0.348,5,1,0.96,true,58088,2022-07-21 23:30,6.984,0.67,1.39,true,true,BELOW,false
244,2022-07-25 19:00,2022-07-26 11:30,58454,58520,67,6.747,6.724,0.347,0,7.143,12.87,DOWN,1,1,58458,2022-07-25 20:00,4,58458,2022-07-25 20:00,6.73,0.261,4,-1,2.55,true,58459,2022-07-25 20:15,6.722,1.78,6.31,true,true,BELOW,false
245,2022-07-26 11:45,2022-07-27 17:45,58521,58641,121,6.318,6.291,0.429,0,3.76,17.27,DOWN,1,2,58565,2022-07-26 22:45,44,58566,2022-07-26 23:00,6.311,0.741,45,-1,1.06,true,58567,2022-07-26 23:15,6.272,0.54,1.73,true,true,ABOVE,false
246,2022-07-27 18:00,2022-07-29 03:30,58642,58776,135,6.378,6.34,0.578,0,10.485,16.25,BYPASS,0,0,,,,,,,,,,,,,,,,,,,ABOVE,false
247,2022-07-29 03:45,2022-07-29 07:45,58777,58793,17,7.454,7.401,0.695,0,6.82,26.09,BYPASS,0,0,,,,,,,,,,,,,,,,,,,ABOVE,false
248,2022-07-29 08:00,2022-07-30 01:30,58794,58864,71,7.606,7.566,0.524,0,5.609,13.15,BYPASS,0,0,,,,,,,,,,,,,,,,,,,ABOVE,false
249,2022-07-30 01:45,2022-08-01 10:15,58865,59091,227,7.919,7.861,0.736,0,3.586,10.81,DOWN,1,1,58865,2022-07-30 01:45,0,58865,2022-07-30 01:45,7.882,0.362,0,1,1.82,true,58866,2022-07-30 02:00,7.797,1.77,2.43,false,false,BELOW,false
250,2022-08-01 10:30,2022-08-04 06:00,59092,59362,271,7.659,7.629,0.396,0,3.406,10.97,UP,1,1,59107,2022-08-01 14:15,15,59107,2022-08-01 14:15,7.658,0.967,15,-1,1.51,true,59108,2022-08-01 14:30,7.702,0.28,2.92,true,true,BELOW,false
251,2022-08-04 06:15,2022-08-04 16:30,59363,59404,42,7.53,7.498,0.436,0,5.737,10.39,BYPASS,0,0,,,,,,,,,,,,,,,,,,,BELOW,false
252,2022-08-04 16:45,2022-08-04 21:30,59405,59424,20,7.378,7.334,0.61,0,4.827,10.34,BYPASS,0,0,,,,,,,,,,,,,,,,,,,BELOW,false
253,2022-08-04 21:45,2022-08-07 19:00,59425,59702,278,7.31,7.272,0.523,0,3.774,10.45,UP,1,3,59427,2022-08-04 22:15,2,59429,2022-08-04 22:45,7.3,0.737,4,-1,0.74,true,59430,2022-08-04 23:00,7.323,0,0,true,true,ABOVE,false
254,2022-08-07 19:15,2022-08-09 22:45,59703,59909,207,7.976,7.962,0.172,0,15.205,67.9,BYPASS,0,0,,,,,,,,,,,,,,,,,,,ABOVE,false
255,2022-08-09 23:00,2022-08-19 06:15,59910,60803,894,8.746,8.709,0.42,0,3.873,11.23,DOWN,1,1,59913,2022-08-09 23:45,3,59913,2022-08-09 23:45,8.738,0.784,3,1,0.54,true,59914,2022-08-10 00:00,8.634,4.24,4.67,false,false,BELOW,false
256,2022-08-19 06:30,2022-08-19 21:30,60804,60864,61,7.45,7.39,0.846,0,19.298,54.9,BYPASS,0,0,,,,,,,,,,,,,,,,,,,BELOW,false
257,2022-08-19 21:45,2022-08-21 20:30,60865,61052,188,7.108,7.073,0.506,0,10.611,34.72,DOWN,1,1,60876,2022-08-20 00:30,11,60876,2022-08-20 00:30,7.084,0.314,11,-1,2.04,true,60877,2022-08-20 00:45,7.002,1.07,1.07,true,true,BELOW,false
258,2022-08-21 20:45,2022-08-23 18:00,61053,61234,182,7.066,7.047,0.268,0,2.817,12.35,DOWN,1,1,61078,2022-08-22 03:00,25,61078,2022-08-22 03:00,7.054,0.368,25,1,0.61,true,61079,2022-08-22 03:15,7.037,1.42,5.35,false,false,ABOVE,false
259,2022-08-23 18:15,2022-08-24 21:30,61235,61344,110,7.181,7.154,0.37,0,5.488,11.37,DOWN,1,1,61259,2022-08-24 00:15,24,61259,2022-08-24 00:15,7.166,0.444,24,1,1.81,true,61260,2022-08-24 00:30,7.106,1.66,1.98,false,false,ABOVE,false
260,2022-08-24 21:45,2022-08-25 06:00,61345,61378,34,7.293,7.274,0.263,0,3.565,10.45,DOWN,1,1,61360,2022-08-25 01:30,15,61360,2022-08-25 01:30,7.289,0.789,15,1,1.82,true,61361,2022-08-25 01:45,7.249,1.58,1.58,false,true,OVERLAP,false
261,2022-08-25 06:15,2022-08-25 23:45,61379,61449,71,7.293,7.261,0.437,1,5.274,18.74,UP,1,1,61391,2022-08-25 09:15,12,61391,2022-08-25 09:15,7.292,0.969,12,1,1.12,true,61392,2022-08-25 09:30,7.296,0.29,3.35,true,true,BELOW,false
262,2022-08-26 00:00,2022-08-26 22:15,61450,61539,90,7.149,7.114,0.497,0,3.355,10.87,DOWN,1,1,61459,2022-08-26 02:15,9,61459,2022-08-26 02:15,7.117,0.086,9,-1,0.74,true,61460,2022-08-26 02:30,7.093,0.52,3.11,true,true,BELOW,false
263,2022-08-26 22:30,2022-08-30 04:00,61540,61850,311,6.695,6.668,0.412,0,7.191,11.18,UP,1,1,61831,2022-08-29 23:15,291,61831,2022-08-29 23:15,6.674,0.222,291,1,1.25,true,61832,2022-08-29 23:30,6.708,0.7,1.02,true,true,OVERLAP,false
264,2022-08-30 04:15,2022-09-03 07:30,61851,62248,398,6.695,6.656,0.574,1,6.009,10.91,UP,1,1,61884,2022-08-30 12:30,33,61884,2022-08-30 12:30,6.688,0.821,33,1,3.93,true,61885,2022-08-30 12:45,6.715,3.16,4.43,true,true,ABOVE,false
265,2022-09-03 07:45,2022-09-03 21:45,62249,62305,57,6.906,6.867,0.572,0,7.766,15.53,BYPASS,0,0,,,,,,,,,,,,,,,,,,,BELOW,false
266,2022-09-03 22:00,2022-09-06 16:45,62306,62573,268,6.812,6.803,0.132,0,2.67,10.69,BYPASS,0,0,,,,,,,,,,,,,,,,,,,ABOVE,false
267,2022-09-06 17:00,2022-09-07 20:00,62574,62682,109,7.178,7.155,0.333,0,13.993,46.73,BYPASS,0,0,,,,,,,,,,,,,,,,,,,BELOW,false
268,2022-09-07 20:15,2022-09-08 23:45,62683,62793,111,6.929,6.904,0.353,0,7.572,21.57,BYPASS,0,0,,,,,,,,,,,,,,,,,,,ABOVE,false
269,2022-09-09 00:00,2022-09-11 11:45,62794,63033,240,7.408,7.393,0.199,0,4.815,10.69,BYPASS,0,0,,,,,,,,,,,,,,,,,,,ABOVE,false
270,2022-09-11 12:00,2022-09-13 06:15,63034,63203,170,8,7.976,0.302,0,5.492,16,DOWN,1,1,63055,2022-09-11 17:15,21,63055,2022-09-11 17:15,7.977,0.042,21,1,0.76,true,63056,2022-09-11 17:30,7.939,1.23,2.58,false,true,BELOW,false
271,2022-09-13 06:30,2022-09-14 17:00,63204,63342,139,7.755,7.735,0.259,0,3.911,10.4,UP,1,1,63207,2022-09-13 07:15,3,63207,2022-09-13 07:15,7.737,0.1,3,-1,0.82,true,63208,2022-09-13 07:30,7.782,0.3,5.96,true,true,BELOW,false
272,2022-09-14 17:15,2022-09-15 21:00,63343,63454,112,7.352,7.324,0.373,0,7.31,17.42,UP,1,2,63349,2022-09-14 18:45,6,63350,2022-09-14 19:00,7.34,0.571,7,1,0.94,true,63351,2022-09-14 19:15,7.354,0,0.7,true,true,ABOVE,false
273,2022-09-15 21:15,2022-09-18 02:45,63455,63669,215,7.395,7.367,0.373,0,4.694,12.33,BYPASS,0,0,,,,,,,,,,,,,,,,,,,ABOVE,false
274,2022-09-18 03:00,2022-09-18 09:30,63670,63696,27,8.01,7.995,0.188,0,2.994,14,UP,1,1,63680,2022-09-18 05:30,10,63680,2022-09-18 05:30,7.999,0.267,10,1,1.82,true,63681,2022-09-18 05:45,8.062,0.5,2.35,true,true,BELOW,false
275,2022-09-18 09:45,2022-09-18 20:45,63697,63741,45,7.972,7.949,0.293,0,6.447,14.71,UP,1,1,63708,2022-09-18 12:30,11,63708,2022-09-18 12:30,7.958,0.391,11,1,0.56,true,63709,2022-09-18 12:45,7.982,1.64,2.99,true,true,BELOW,false
276,2022-09-18 21:00,2022-09-19 02:00,63742,63762,21,7.807,7.744,0.842,0,8.749,21.29,BYPASS,0,0,,,,,,,,,,,,,,,,,,,BELOW,false
277,2022-09-19 02:15,2022-09-20 03:00,63763,63862,100,7.65,7.587,0.861,0,9.464,17.37,BYPASS,0,0,,,,,,,,,,,,,,,,,,,BELOW,false
278,2022-09-20 03:15,2022-09-20 06:45,63863,63877,15,7.266,7.243,0.322,0,7.978,20.2,BYPASS,0,0,,,,,,,,,,,,,,,,,,,BELOW,false
279,2022-09-20 07:00,2022-09-20 21:15,63878,63935,58,7.219,7.177,0.578,0,2.861,12.22,UP,1,3,63880,2022-09-20 07:30,2,63882,2022-09-20 08:00,7.206,0.69,4,1,0.89,true,63883,2022-09-20 08:15,7.225,1.27,2.47,true,true,BELOW,false
280,2022-09-20 21:30,2022-09-23 02:45,63936,64149,214,6.953,6.924,0.423,0,3.275,11.29,DOWN,1,2,63951,2022-09-21 01:15,15,63952,2022-09-21 01:30,6.942,0.621,16,-1,0.38,true,63953,2022-09-21 01:45,6.905,0.4,2.38,true,true,ABOVE,false
281,2022-09-23 03:00,2022-09-24 04:45,64150,64253,104,7.093,7.064,0.405,0,3.362,10.06,UP,1,1,64179,2022-09-23 10:15,29,64179,2022-09-23 10:15,7.093,1,29,1,5.21,true,64180,2022-09-23 10:30,7.21,0,1.32,true,true,ABOVE,false
282,2022-09-24 05:00,2022-09-28 22:00,64254,64706,453,7.485,7.446,0.519,0,2.932,12.67,UP,1,1,64255,2022-09-24 05:15,1,64255,2022-09-24 05:15,7.481,0.897,1,1,1.07,true,64256,2022-09-24 05:30,7.513,0,0,true,true,ABOVE,false
283,2022-09-28 22:15,2022-09-30 17:30,64707,64880,174,7.862,7.819,0.554,0,2.842,10.91,UP,1,2,64708,2022-09-28 22:30,1,64709,2022-09-28 22:45,7.855,0.837,2,-1,1.12,true,64710,2022-09-28 23:00,7.918,2.38,2.38,true,true,BELOW,false
284,2022-09-30 17:45,2022-10-02 09:45,64881,65041,161,7.726,7.657,0.905,0,2.77,10.14,BYPASS,0,0,,,,,,,,,,,,,,,,,,,BELOW,false
285,2022-10-02 10:00,2022-10-02 18:45,65042,65077,36,7.48,7.461,0.259,0,13.033,24.35,BYPASS,0,0,,,,,,,,,,,,,,,,,,,BELOW,false
286,2022-10-02 19:00,2022-10-02 21:45,65078,65089,12,7.306,7.285,0.285,0,5.049,18.46,DOWN,1,1,65086,2022-10-02 21:00,8,65086,2022-10-02 21:00,7.294,0.429,8,-1,1.31,true,65087,2022-10-02 21:15,7.271,2.81,3.32,true,true,OVERLAP,false
287,2022-10-02 22:00,2022-10-03 03:45,65090,65113,24,7.306,7.264,0.579,1,5.703,11.61,BYPASS,0,0,,,,,,,,,,,,,,,,,,,BELOW,false
288,2022-10-03 04:00,2022-10-04 06:00,65114,65218,105,7.195,7.17,0.35,0,3.441,10.41,DOWN,1,1,65145,2022-10-03 11:45,31,65145,2022-10-03 11:45,7.176,0.24,31,-1,0.86,true,65146,2022-10-03 12:00,7.156,0.39,0.39,true,true,ABOVE,false
289,2022-10-04 06:15,2022-10-07 23:45,65219,65577,359,7.547,7.513,0.448,0,2.84,12.95,UP,1,1,65532,2022-10-07 12:30,313,65532,2022-10-07 12:30,7.528,0.441,313,-1,8.8,true,65533,2022-10-07 12:45,7.55,0,0.47,true,true,ABOVE,false
290,2022-10-08 00:00,2022-10-08 19:45,65578,65657,80,7.607,7.591,0.21,0,2.627,14.41,DOWN,1,2,65590,2022-10-08 03:00,12,65591,2022-10-08 03:15,7.591,0,13,-1,1.29,true,65592,2022-10-08 03:30,7.59,0.62,0.62,true,true,BELOW,false
291,2022-10-08 20:00,2022-10-09 16:15,65658,65739,82,7.475,7.455,0.269,0,6.123,10.53,DOWN,1,1,65674,2022-10-09 00:00,16,65674,2022-10-09 00:00,7.462,0.35,16,-1,1.24,true,65675,2022-10-09 00:15,7.44,0.59,0.59,true,true,ABOVE,false
292,2022-10-09 16:30,2022-10-10 05:15,65740,65791,52,7.541,7.507,0.447,0,7.232,15.54,BYPASS,0,0,,,,,,,,,,,,,,,,,,,ABOVE,false
293,2022-10-10 05:30,2022-10-12 12:15,65792,66011,220,7.647,7.627,0.263,0,4.531,11.03,DOWN,1,1,65859,2022-10-10 22:15,67,65859,2022-10-10 22:15,7.629,0.1,67,1,2.43,true,65860,2022-10-10 22:30,7.562,6.19,6.53,false,false,BELOW,false
294,2022-10-12 12:30,2022-10-13 01:15,66012,66063,52,7.197,7.171,0.362,0,4.639,12.75,DOWN,1,1,66012,2022-10-12 12:30,0,66012,2022-10-12 12:30,7.184,0.5,0,1,8.24,true,66013,2022-10-12 12:45,7.138,0.84,1.26,false,true,BELOW,false
295,2022-10-13 01:30,2022-10-21 11:45,66064,66873,810,7.138,7.123,0.212,0,7.899,20.12,UP,1,1,66175,2022-10-14 05:15,111,66175,2022-10-14 05:15,7.137,0.933,111,1,0.47,true,66176,2022-10-14 05:30,7.151,0.29,0.86,true,true,BELOW,false
296,2022-10-21 12:00,2022-10-21 21:45,66874,66913,40,6.544,6.508,0.555,0,2.666,11.62,UP,1,1,66875,2022-10-21 12:15,1,66875,2022-10-21 12:15,6.521,0.361,1,-1,2.1,true,66876,2022-10-21 12:30,6.564,0,0,true,true,ABOVE,false
297,2022-10-21 22:00,2022-10-23 10:45,66914,67061,148,6.79,6.77,0.294,0,8.601,16.68,UP,1,1,66922,2022-10-22 00:00,8,66922,2022-10-22 00:00,6.789,0.95,8,1,0.87,true,66923,2022-10-22 00:15,6.813,0.27,0.75,true,true,ABOVE,false
298,2022-10-23 11:00,2022-10-23 17:30,67062,67088,27,6.898,6.881,0.248,0,5.421,17.18,BYPASS,0,0,,,,,,,,,,,,,,,,,,,BELOW,false
299,2022-10-23 17:45,2022-10-24 21:45,67089,67201,113,6.871,6.845,0.376,0,3.909,12.68,UP,1,1,67176,2022-10-24 15:30,87,67176,2022-10-24 15:30,6.847,0.077,87,-1,0.42,true,67177,2022-10-24 15:45,6.887,0,0,true,true,ABOVE,false
300,2022-10-24 22:00,2022-10-27 19:45,67202,67481,280,6.918,6.898,0.289,0,6.198,18.78,UP,1,2,67202,2022-10-24 22:00,0,67203,2022-10-24 22:15,6.912,0.7,1,-1,0.75,true,67204,2022-10-24 22:30,6.947,0.26,0.97,true,true,ABOVE,false
301,2022-10-27 20:00,2022-10-28 12:15,67482,67547,66,7.131,7.102,0.415,0,7.859,21.14,BYPASS,0,0,,,,,,,,,,,,,,,,,,,BELOW,false
302,2022-10-28 12:30,2022-11-09 15:15,67548,68711,1164,6.917,6.883,0.489,0,3.407,11.69,UP,1,1,68683,2022-11-09 08:15,1135,68683,2022-11-09 08:15,6.896,0.382,1135,-1,2.07,true,68684,2022-11-09 08:30,6.956,8.19,8.19,false,true,BELOW,false
303,2022-11-09 15:30,2022-11-10 13:15,68712,68799,88,6.878,6.774,1.592,0,3.431,12.44,DOWN,1,1,68760,2022-11-10 03:30,48,68760,2022-11-10 03:30,6.786,0.115,48,-1,0.79,true,68761,2022-11-10 03:45,6.638,3.01,3.87,true,true,BELOW,false
304,2022-11-10 13:30,2022-11-12 23:00,68800,69030,231,6.708,6.606,1.457,0,5.543,15.4,UP,1,1,68900,2022-11-11 14:30,100,68900,2022-11-11 14:30,6.683,0.755,100,-1,2.33,true,68901,2022-11-11 14:45,6.804,0,0,true,true,BELOW,false
305,2022-11-12 23:15,2022-11-16 11:30,69031,69368,338,6.302,6.27,0.515,0,3.911,11.02,DOWN,1,1,69033,2022-11-12 23:45,2,69033,2022-11-12 23:45,6.278,0.25,2,-1,1.22,true,69034,2022-11-13 00:00,6.265,0.29,0.29,true,true,ABOVE,false
306,2022-11-16 11:45,2022-11-18 14:15,69369,69571,203,6.348,6.325,0.365,0,3.431,10.5,DOWN,1,1,69501,2022-11-17 20:45,132,69501,2022-11-17 20:45,6.332,0.304,132,1,0.86,true,69502,2022-11-17 21:00,6.319,1.33,1.93,false,true,BELOW,false
307,2022-11-18 14:30,2022-11-23 02:00,69572,70002,431,6.24,6.219,0.34,0,4.198,13.67,DOWN,1,1,69717,2022-11-20 02:45,145,69717,2022-11-20 02:45,6.222,0.143,145,1,0.86,true,69718,2022-11-20 03:00,6.199,0.69,1.95,true,true,ABOVE,false
308,2022-11-23 02:15,2022-11-26 00:15,70003,70283,281,6.375,6.342,0.506,0,5.523,11.36,UP,1,1,70049,2022-11-23 13:45,46,70049,2022-11-23 13:45,6.35,0.242,46,1,2.4,true,70050,2022-11-23 14:00,6.383,0.05,0.05,true,true,ABOVE,false
309,2022-11-26 00:30,2022-11-27 22:45,70284,70469,186,6.873,6.84,0.478,0,3.365,11.71,UP,1,2,70297,2022-11-26 03:45,13,70298,2022-11-26 04:00,6.867,0.818,14,1,0.66,true,70299,2022-11-26 04:15,6.88,0.29,0.32,true,true,ABOVE,false
310,2022-11-27 23:00,2022-11-30 17:00,70470,70734,265,7.102,7.058,0.629,0,12.805,29.07,DOWN,1,1,70552,2022-11-28 19:30,82,70552,2022-11-28 19:30,7.061,0.068,82,1,0.61,true,70553,2022-11-28 19:45,7.047,0.2,0.2,true,true,ABOVE,false
311,2022-11-30 17:15,2022-12-03 05:45,70735,70977,243,7.447,7.404,0.586,0,7.341,11.82,NONE,1,1,70977,2022-12-03 05:45,242,70977,2022-12-03 05:45,7.446,0.977,242,-1,0.59,true,,,,,,,,OVERLAP,false
312,2022-12-03 06:00,2022-12-05 14:45,70978,71205,228,7.469,7.404,0.882,1,5.645,11.98,DOWN,1,10,70979,2022-12-03 06:15,1,70988,2022-12-03 08:30,7.416,0.185,10,-1,0.76,true,70989,2022-12-03 08:45,7.403,0.32,0.53,true,true,OVERLAP,false
313,2022-12-05 15:00,2022-12-05 19:00,71206,71222,17,7.474,7.404,0.952,2,9.131,10.46,BYPASS,0,0,,,,,,,,,,,,,,,,,,,BELOW,false
314,2022-12-05 19:15,2022-12-06 16:45,71223,71309,87,7.291,7.267,0.334,0,6.06,20.77,UP,1,3,71240,2022-12-05 23:30,17,71242,2022-12-06 00:00,7.291,1,19,-1,1.2,true,71243,2022-12-06 00:15,7.299,0,0.96,true,true,OVERLAP,false
315,2022-12-06 17:00,2022-12-08 18:15,71310,71507,198,7.291,7.24,0.706,1,4.245,13.88,BYPASS,0,0,,,,,,,,,,,,,,,,,,,BELOW,false
316,2022-12-08 18:30,2022-12-09 17:45,71508,71601,94,6.947,6.914,0.472,0,5.132,15.92,UP,1,1,71531,2022-12-09 00:15,23,71531,2022-12-09 00:15,6.946,0.97,23,1,3.66,true,71532,2022-12-09 00:30,6.956,0,0,true,true,OVERLAP,false
317,2022-12-09 18:00,2022-12-11 22:15,71602,71811,210,6.947,6.91,0.538,1,5.018,13.73,DOWN,1,1,71688,2022-12-10 15:30,86,71688,2022-12-10 15:30,6.913,0.081,86,1,1,true,71689,2022-12-10 15:45,6.895,0.85,1.11,false,false,BELOW,false
318,2022-12-11 22:30,2022-12-12 02:30,71812,71828,17,6.798,6.78,0.268,0,14.398,12.25,BYPASS,0,0,,,,,,,,,,,,,,,,,,,BELOW,false
319,2022-12-12 02:45,2022-12-14 08:15,71829,72043,215,6.686,6.66,0.398,0,16.503,29.35,DOWN,1,2,71859,2022-12-12 10:15,30,71860,2022-12-12 10:30,6.668,0.308,31,-1,1.51,true,71861,2022-12-12 10:45,6.659,1.5,1.5,false,false,ABOVE,false
320,2022-12-14 08:30,2022-12-15 12:45,72044,72157,114,6.875,6.861,0.203,0,3.198,10.08,UP,1,2,72048,2022-12-14 09:30,4,72049,2022-12-14 09:45,6.869,0.571,5,1,0.7,true,72050,2022-12-14 10:00,6.876,0.28,0.7,true,true,BELOW,false
321,2022-12-15 13:00,2022-12-16 08:30,72158,72236,79,6.607,6.598,0.137,0,7.409,13.47,BYPASS,0,0,,,,,,,,,,,,,,,,,,,BELOW,false
322,2022-12-16 08:45,2022-12-16 22:15,72237,72291,55,6.507,6.489,0.283,0,12.454,10.54,BYPASS,0,0,,,,,,,,,,,,,,,,,,,BELOW,false
323,2022-12-16 22:30,2022-12-18 05:45,72292,72417,126,6.141,6.096,0.766,0,11.071,31.22,BYPASS,0,0,,,,,,,,,,,,,,,,,,,BELOW,false
324,2022-12-18 06:00,2022-12-18 17:45,72418,72465,48,6.01,5.998,0.2,0,7.616,12.92,DOWN,1,3,72422,2022-12-18 07:00,4,72424,2022-12-18 07:30,6.003,0.417,6,-1,0.37,true,72425,2022-12-18 07:45,5.997,1.47,1.47,true,true,BELOW,false
325,2022-12-18 18:00,2022-12-20 02:15,72466,72595,130,5.98,5.965,0.249,0,15.588,12.37,DOWN,1,1,72479,2022-12-18 21:15,13,72479,2022-12-18 21:15,5.98,1,13,-1,1.62,true,72480,2022-12-18 21:30,5.96,0.37,2.18,true,true,BELOW,false
326,2022-12-20 02:30,2022-12-21 22:15,72596,72771,176,5.894,5.877,0.282,0,9.926,16.21,UP,1,1,72751,2022-12-21 17:15,155,72751,2022-12-21 17:15,5.891,0.824,155,-1,1.03,true,72752,2022-12-21 17:30,5.897,0,0,true,true,ABOVE,false
327,2022-12-21 22:30,2022-12-22 20:00,72772,72858,87,5.942,5.93,0.201,0,7.116,17.3,DOWN,1,1,72832,2022-12-22 13:30,60,72832,2022-12-22 13:30,5.938,0.667,60,1,3.58,true,72833,2022-12-22 13:45,5.929,0.84,1.32,true,true,BELOW,false
328,2022-12-22 20:15,2022-12-23 13:15,72859,72927,69,5.917,5.899,0.301,0,5.193,10.61,BYPASS,0,0,,,,,,,,,,,,,,,,,,,ABOVE,false
329,2022-12-23 13:30,2022-12-24 05:00,72928,72990,63,6.024,5.984,0.663,0,5.57,10.82,DOWN,1,2,72929,2022-12-23 13:45,1,72930,2022-12-23 14:00,6.002,0.45,2,1,1.76,true,72931,2022-12-23 14:15,5.982,0.4,0.47,true,true,BELOW,false
330,2022-12-24 05:15,2022-12-25 14:15,72991,73123,133,5.953,5.943,0.169,0,3.104,10.99,DOWN,1,1,73091,2022-12-25 06:15,100,73091,2022-12-25 06:15,5.943,0,100,-1,2.38,true,73092,2022-12-25 06:30,5.939,0.15,0.24,true,true,OVERLAP,false
331,2022-12-25 14:30,2022-12-25 18:45,73124,73141,18,5.953,5.935,0.304,1,16.933,30.66,DOWN,1,3,73125,2022-12-25 14:45,1,73127,2022-12-25 15:15,5.95,0.833,3,1,1.07,true,73128,2022-12-25 15:30,5.933,0.42,0.76,true,true,BELOW,false
332,2022-12-25 19:00,2022-12-26 19:00,73142,73238,97,5.927,5.914,0.22,0,11.813,17.06,UP,1,2,73143,2022-12-25 19:15,1,73144,2022-12-25 19:30,5.925,0.846,2,1,1.15,true,73145,2022-12-25 19:45,5.942,0,0,true,true,ABOVE,false
333,2022-12-26 19:15,2022-12-27 14:15,73239,73315,77,5.962,5.956,0.1,0,8.21,24.81,UP,1,2,73312,2022-12-27 13:30,73,73313,2022-12-27 13:45,5.959,0.5,74,1,0.58,true,73314,2022-12-27 14:00,5.964,1.04,1.9,true,true,OVERLAP,false
334,2022-12-27 14:30,2022-12-28 14:15,73316,73411,96,5.97,5.956,0.236,1,14.016,14.52,BYPASS,0,0,,,,,,,,,,,,,,,,,,,BELOW,false
335,2022-12-28 14:30,2022-12-30 07:00,73412,73574,163,5.736,5.712,0.414,0,6.564,10.44,UP,1,2,73417,2022-12-28 15:45,5,73418,2022-12-28 16:00,5.726,0.583,6,-1,1.89,true,73419,2022-12-28 16:15,5.751,0.05,1.61,true,true,BELOW,false
336,2022-12-30 07:15,2023-01-01 23:45,73575,73833,259,5.54,5.521,0.348,0,11.955,13.72,UP,1,1,73683,2022-12-31 10:15,108,73683,2022-12-31 10:15,5.539,0.947,108,-1,4.14,true,73684,2022-12-31 10:30,5.565,0,0,true,true,ABOVE,false
337,2023-01-02 00:00,2023-01-04 13:30,73834,74080,247,5.631,5.61,0.373,0,5.335,11.23,DOWN,1,1,73835,2023-01-02 00:15,1,73835,2023-01-02 00:15,5.611,0.048,1,1,1.12,true,73836,2023-01-02 00:30,5.608,1.14,1.14,false,true,ABOVE,false
338,2023-01-04 13:45,2023-01-04 22:45,74081,74117,37,5.782,5.774,0.138,0,9.86,19.92,UP,1,1,74082,2023-01-04 14:00,1,74082,2023-01-04 14:00,5.782,1,1,1,1.57,true,74083,2023-01-04 14:15,5.797,0.97,0.97,true,true,BELOW,false
339,2023-01-04 23:00,2023-01-05 13:00,74118,74174,57,5.758,5.748,0.173,0,4.866,11.48,UP,1,1,74126,2023-01-05 01:00,8,74126,2023-01-05 01:00,5.754,0.6,8,1,2.07,true,74127,2023-01-05 01:15,5.77,0,0.38,true,true,BELOW,false
340,2023-01-05 13:15,2023-01-05 22:15,74175,74211,37,5.712,5.695,0.299,0,4.079,16.41,UP,1,1,74181,2023-01-05 14:45,6,74181,2023-01-05 14:45,5.706,0.647,6,-1,1.43,true,74182,2023-01-05 15:00,5.731,0,0,true,true,ABOVE,false
341,2023-01-05 22:30,2023-01-07 09:45,74212,74353,142,5.734,5.729,0.088,0,25.362,51.05,UP,1,1,74317,2023-01-07 00:45,105,74317,2023-01-07 00:45,5.731,0.4,105,1,2.51,true,74318,2023-01-07 01:00,5.741,0.02,0.02,true,true,ABOVE,false
342,2023-01-07 10:00,2023-01-08 08:30,74354,74444,91,5.771,5.762,0.156,0,3.801,13.8,DOWN,1,1,74355,2023-01-07 10:15,1,74355,2023-01-07 10:15,5.77,0.889,1,1,0.8,true,74356,2023-01-07 10:30,5.761,0.17,0.17,true,true,ABOVE,false
343,2023-01-08 08:45,2023-01-08 22:45,74445,74501,57,5.837,5.821,0.274,0,5.038,13.11,UP,1,2,74445,2023-01-08 08:45,0,74446,2023-01-08 09:00,5.835,0.875,1,1,1.86,true,74447,2023-01-08 09:15,5.868,0.52,0.81,true,true,ABOVE,false
344,2023-01-08 23:00,2023-01-09 13:30,74502,74560,59,5.862,5.843,0.322,0,13.837,27.9,BYPASS,0,0,,,,,,,,,,,,,,,,,,,ABOVE,false
345,2023-01-09 13:45,2023-01-10 18:45,74561,74677,117,6.193,6.17,0.375,0,7.132,19.21,DOWN,1,1,74565,2023-01-09 14:45,4,74565,2023-01-09 14:45,6.178,0.348,4,1,1.09,true,74566,2023-01-09 15:00,6.151,0.65,2.61,true,true,OVERLAP,false
346,2023-01-10 19:00,2023-01-16 07:45,74678,75209,532,6.207,6.17,0.588,1,5.957,14.88,DOWN,1,1,74689,2023-01-10 21:45,11,74689,2023-01-10 21:45,6.191,0.568,11,1,0.87,true,74690,2023-01-10 22:00,6.144,1.07,1.9,false,true,ABOVE,false
347,2023-01-16 08:00,2023-01-16 14:45,75210,75237,28,6.852,6.823,0.437,0,22.061,33.7,BYPASS,0,0,,,,,,,,,,,,,,,,,,,BELOW,false
348,2023-01-16 15:00,2023-01-16 23:45,75238,75273,36,6.578,6.543,0.545,0,8.99,14.49,UP,1,9,75239,2023-01-16 15:15,1,75247,2023-01-16 17:15,6.564,0.6,9,-1,0.64,true,75248,2023-01-16 17:30,6.592,0,0,true,true,ABOVE,false
349,2023-01-17 00:00,2023-01-18 13:15,75274,75423,150,6.676,6.66,0.239,0,5.334,11.72,DOWN,1,1,75277,2023-01-17 00:45,3,75277,2023-01-17 00:45,6.664,0.25,3,-1,1.27,true,75278,2023-01-17 01:00,6.62,1.05,1.05,true,true,ABOVE,false
350,2023-01-18 13:30,2023-01-18 20:15,75424,75451,28,6.795,6.753,0.616,0,4.67,12.13,DOWN,1,1,75432,2023-01-18 15:30,8,75432,2023-01-18 15:30,6.761,0.19,8,-1,2.7,true,75433,2023-01-18 15:45,6.546,7.83,7.83,false,false,BELOW,false
351,2023-01-18 20:30,2023-01-18 23:15,75452,75463,12,6.493,6.452,0.641,0,4.718,13.21,BYPASS,0,0,,,,,,,,,,,,,,,,,,,BELOW,false
352,2023-01-18 23:30,2023-01-24 21:30,75464,76032,569,6.394,6.37,0.378,0,4.2,16.81,DOWN,1,1,75466,2023-01-19 00:00,2,75466,2023-01-19 00:00,6.371,0.042,2,-1,1.35,true,75467,2023-01-19 00:15,6.349,0.44,0.44,true,true,ABOVE,false
353,2023-01-24 21:45,2023-01-25 19:45,76033,76121,89,6.974,6.951,0.336,0,11.752,34.25,BYPASS,0,0,,,,,,,,,,,,,,,,,,,BELOW,false
354,2023-01-25 20:00,2023-01-26 13:15,76122,76191,70,6.834,6.814,0.291,0,4.465,12.82,BYPASS,0,0,,,,,,,,,,,,,,,,,,,ABOVE,false
355,2023-01-26 13:30,2023-01-26 23:45,76192,76233,42,6.941,6.908,0.476,0,3.691,12.13,UP,1,1,76192,2023-01-26 13:30,0,76192,2023-01-26 13:30,6.934,0.788,0,1,5.34,true,76193,2023-01-26 13:45,6.997,0,0.23,true,true,ABOVE,false
356,2023-01-27 00:00,2023-01-28 20:15,76234,76411,178,7.191,7.156,0.48,0,4.166,13.13,DOWN,1,1,76235,2023-01-27 00:15,1,76235,2023-01-27 00:15,7.157,0.029,1,1,1.88,true,76236,2023-01-27 00:30,7.145,3.33,3.33,false,true,ABOVE,false
357,2023-01-28 20:30,2023-01-30 18:45,76412,76597,186,7.226,7.2,0.363,0,5.075,10.41,DOWN,1,1,76423,2023-01-28 23:15,11,76423,2023-01-28 23:15,7.211,0.423,11,-1,1.25,true,76424,2023-01-28 23:30,7.194,0.75,0.75,true,true,BELOW,false
358,2023-01-30 19:00,2023-02-01 15:30,76598,76776,179,7.06,7.027,0.483,0,14.332,13.23,DOWN,1,1,76649,2023-01-31 07:45,51,76649,2023-01-31 07:45,7.036,0.273,51,-1,2.09,true,76650,2023-01-31 08:00,7.012,1.52,2.04,false,false,BELOW,false
359,2023-02-01 15:45,2023-02-04 17:15,76777,77071,295,6.86,6.823,0.547,0,5.286,10.51,DOWN,1,1,76790,2023-02-01 19:00,13,76790,2023-02-01 19:00,6.848,0.676,13,-1,5.88,true,76791,2023-02-01 19:15,6.797,1.48,1.48,true,true,ABOVE,false
360,2023-02-04 17:30,2023-02-04 23:15,77072,77095,24,7.287,7.244,0.586,0,6.841,18.83,BYPASS,0,0,,,,,,,,,,,,,,,,,,,ABOVE,false
361,2023-02-04 23:30,2023-02-05 12:30,77096,77148,53,7.318,7.298,0.277,0,10.265,23.4,BYPASS,0,0,,,,,,,,,,,,,,,,,,,BELOW,false
362,2023-02-05 12:45,2023-02-06 05:00,77149,77214,66,7.203,7.16,0.615,0,12.698,23.48,BYPASS,0,0,,,,,,,,,,,,,,,,,,,BELOW,false
363,2023-02-06 05:15,2023-02-10 19:15,77215,77655,441,6.97,6.952,0.261,0,8.277,11.87,UP,1,3,77219,2023-02-06 06:15,4,77221,2023-02-06 06:45,6.956,0.222,6,-1,0.98,true,77222,2023-02-06 07:00,6.971,0,0.68,true,true,OVERLAP,false
364,2023-02-10 19:30,2023-02-14 17:45,77656,78033,378,6.978,6.938,0.571,1,2.812,14.61,DOWN,1,2,77662,2023-02-10 21:00,6,77663,2023-02-10 21:15,6.945,0.175,7,-1,0.87,true,77664,2023-02-10 21:30,6.861,1.66,1.66,false,false,BELOW,false
365,2023-02-14 18:00,2023-02-15 11:15,78034,78103,70,6.742,6.724,0.266,0,2.816,14.66,UP,1,2,78068,2023-02-15 02:30,34,78069,2023-02-15 02:45,6.73,0.333,35,1,0.71,true,78070,2023-02-15 03:00,6.743,0,0,true,true,ABOVE,false
366,2023-02-15 11:30,2023-02-16 13:15,78104,78207,104,6.801,6.783,0.263,0,8.626,33.08,BYPASS,0,0,,,,,,,,,,,,,,,,,,,ABOVE,false
367,2023-02-16 13:30,2023-02-18 19:15,78208,78423,216,7.29,7.27,0.276,0,3.919,16.97,UP,1,2,78296,2023-02-17 11:30,88,78297,2023-02-17 11:45,7.288,0.9,89,-1,0.76,true,78298,2023-02-17 12:00,7.313,0.08,0.52,true,true,ABOVE,false
368,2023-02-18 19:30,2023-02-20 15:45,78424,78601,178,8.073,8.053,0.25,0,4.49,14.97,DOWN,1,4,78434,2023-02-18 22:00,10,78437,2023-02-18 22:45,8.054,0.05,13,1,0.38,true,78438,2023-02-18 23:00,8.03,1.32,1.32,true,true,ABOVE,false
369,2023-02-20 16:00,2023-02-21 13:30,78602,78688,87,8.154,8.125,0.359,0,6.737,17.21,BYPASS,0,0,,,,,,,,,,,,,,,,,,,BELOW,false
370,2023-02-21 13:45,2023-02-22 00:45,78689,78733,45,7.817,7.769,0.621,0,3.988,11.34,DOWN,1,1,78692,2023-02-21 14:30,3,78692,2023-02-21 14:30,7.774,0.104,3,-1,1.3,true,78693,2023-02-21 14:45,7.744,1.76,2.2,false,false,BELOW,false
371,2023-02-22 01:00,2023-02-23 09:00,78734,78862,129,7.64,7.575,0.852,0,5.333,16.76,UP,1,1,78734,2023-02-22 01:00,0,78734,2023-02-22 01:00,7.629,0.831,0,-1,5.11,true,78735,2023-02-22 01:15,7.653,2.85,2.85,false,false,ABOVE,false
372,2023-02-23 09:15,2023-02-24 22:15,78863,79011,149,7.982,7.933,0.615,0,6.753,15.3,UP,1,1,78863,2023-02-23 09:15,0,78863,2023-02-23 09:15,7.966,0.673,0,1,7.2,true,78864,2023-02-23 09:30,8.012,1.87,2.19,true,true,BELOW,false
373,2023-02-24 22:30,2023-02-25 05:00,79012,79038,27,7.642,7.566,1.038,0,15.296,16.39,BYPASS,0,0,,,,,,,,,,,,,,,,,,,BELOW,false
374,2023-02-25 05:15,2023-02-28 05:00,79039,79326,288,7.405,7.381,0.327,0,2.7,11.44,UP,1,1,79044,2023-02-25 06:30,5,79044,2023-02-25 06:30,7.381,0,5,-1,0.75,true,79045,2023-02-25 06:45,7.41,0.12,1.83,true,true,BELOW,false
375,2023-02-28 05:15,2023-03-01 19:30,79327,79480,154,7.295,7.244,0.698,0,1.87,10.82,UP,1,12,79337,2023-02-28 07:45,10,79348,2023-02-28 10:30,7.285,0.804,21,-1,0.89,true,79349,2023-02-28 10:45,7.307,0,0,true,true,ABOVE,false
376,2023-03-01 19:45,2023-03-03 01:00,79481,79598,118,7.433,7.419,0.19,0,8.845,30.92,UP,1,1,79485,2023-03-01 20:45,4,79485,2023-03-01 20:45,7.433,1,4,1,1.14,true,79486,2023-03-01 21:00,7.439,0,1,true,true,BELOW,false
377,2023-03-03 01:15,2023-03-03 18:15,79599,79667,69,7.234,7.197,0.534,0,13.893,26.08,BYPASS,0,0,,,,,,,,,,,,,,,,,,,BELOW,false
378,2023-03-03 18:30,2023-03-04 01:30,79668,79696,29,6.934,6.909,0.363,0,6.345,17.51,DOWN,1,4,79672,2023-03-03 19:30,4,79675,2023-03-03 20:15,6.914,0.2,7,-1,0.75,true,79676,2023-03-03 20:30,6.897,0.85,0.85,true,true,ABOVE,false
379,2023-03-04 01:45,2023-03-05 22:45,79697,79877,181,6.986,6.975,0.159,0,9.579,20.45,UP,1,2,79792,2023-03-05 01:30,95,79793,2023-03-05 01:45,6.986,1,96,-1,0.77,true,79794,2023-03-05 02:00,6.993,2.02,2.02,false,false,BELOW,false
380,2023-03-05 23:00,2023-03-06 19:00,79878,79958,81,6.973,6.954,0.274,0,5.993,10.58,DOWN,1,1,79883,2023-03-06 00:15,5,79883,2023-03-06 00:15,6.955,0.053,5,1,2.29,true,79884,2023-03-06 00:30,6.951,2,2,false,false,BELOW,false
381,2023-03-06 19:15,2023-03-07 14:45,79959,80037,79,6.94,6.925,0.217,0,4.541,22.46,UP,1,1,79982,2023-03-07 01:00,23,79982,2023-03-07 01:00,6.925,0,23,-1,1.01,true,79983,2023-03-07 01:15,6.942,0.03,0.33,true,true,BELOW,false
382,2023-03-07 15:00,2023-03-12 09:30,80038,80496,459,6.803,6.777,0.387,0,14.084,30.93,DOWN,1,2,80048,2023-03-07 17:30,10,80049,2023-03-07 17:45,6.779,0.077,11,-1,0.4,true,80050,2023-03-07 18:00,6.774,1.68,1.68,false,true,BELOW,false
383,2023-03-12 09:45,2023-03-12 17:00,80497,80526,30,6.156,6.145,0.18,0,10.397,15.37,BYPASS,0,0,,,,,,,,,,,,,,,,,,,BELOW,false
384,2023-03-12 17:15,2023-03-14 04:45,80527,80669,143,6.123,6.104,0.306,0,9.169,13.49,BYPASS,0,0,,,,,,,,,,,,,,,,,,,ABOVE,false
385,2023-03-14 05:00,2023-03-14 12:15,80670,80699,30,6.737,6.718,0.28,0,4.705,16.29,DOWN,1,1,80673,2023-03-14 05:45,3,80673,2023-03-14 05:45,6.728,0.526,3,1,1.02,true,80674,2023-03-14 06:00,6.713,1.68,1.68,true,true,BELOW,false
386,2023-03-14 12:30,2023-03-15 21:45,80700,80833,134,6.687,6.652,0.509,0,8.746,17.38,UP,1,1,80804,2023-03-15 14:30,104,80804,2023-03-15 14:30,6.656,0.114,104,-1,2.17,true,80805,2023-03-15 14:45,6.726,4.18,4.18,true,true,BELOW,false
387,2023-03-15 22:00,2023-03-24 11:30,80834,81656,823,6.599,6.559,0.611,0,5.11,10.95,DOWN,1,3,80851,2023-03-16 02:15,17,80853,2023-03-16 02:45,6.594,0.875,19,-1,0.44,true,80854,2023-03-16 03:00,6.537,1.04,1.04,true,true,ABOVE,false
388,2023-03-24 11:45,2023-03-26 08:15,81657,81835,179,7.347,7.329,0.249,0,9.143,27.63,UP,1,1,81659,2023-03-24 12:15,2,81659,2023-03-24 12:15,7.331,0.111,2,-1,1.15,true,81660,2023-03-24 12:30,7.359,1.23,2.67,true,true,BELOW,false
389,2023-03-26 08:30,2023-03-27 05:30,81836,81920,85,7.156,7.14,0.222,0,5.254,16.31,UP,1,1,81869,2023-03-26 16:45,33,81869,2023-03-26 16:45,7.141,0.063,33,1,1.17,true,81870,2023-03-26 17:00,7.171,0,0,true,true,ABOVE,false
390,2023-03-27 05:45,2023-03-27 21:45,81921,81985,65,7.177,7.158,0.266,0,3.699,10.15,DOWN,1,1,81925,2023-03-27 06:45,4,81925,2023-03-27 06:45,7.158,0,4,-1,1,true,81926,2023-03-27 07:00,7.151,0.81,0.81,false,true,BELOW,false
391,2023-03-27 22:00,2023-03-28 18:30,81986,82068,83,6.853,6.836,0.249,0,4.832,11.39,DOWN,1,2,81986,2023-03-27 22:00,0,81987,2023-03-27 22:15,6.84,0.235,1,-1,0.35,true,81988,2023-03-27 22:30,6.823,0.99,1.18,true,true,BELOW,false
392,2023-03-28 18:45,2023-03-29 04:00,82069,82106,38,6.835,6.785,0.722,0,6.176,15.51,BYPASS,0,0,,,,,,,,,,,,,,,,,,,ABOVE,false
393,2023-03-29 04:15,2023-03-29 11:45,82107,82137,31,6.987,6.974,0.185,0,2.907,11.99,BYPASS,0,0,,,,,,,,,,,,,,,,,,,ABOVE,false
394,2023-03-29 12:00,2023-04-03 01:15,82138,82575,438,7.294,7.266,0.385,0,3.147,15.5,UP,1,3,82138,2023-03-29 12:00,0,82140,2023-03-29 12:30,7.292,0.929,2,1,0.84,true,82141,2023-03-29 12:45,7.318,0.55,0.55,true,true,BELOW,false
395,2023-04-03 01:30,2023-04-07 12:15,82576,83003,428,7.245,7.205,0.561,0,5.715,10.61,UP,1,4,82597,2023-04-03 06:45,21,82600,2023-04-03 07:30,7.226,0.525,24,-1,1.18,true,82601,2023-04-03 07:45,7.248,0,0,true,true,BELOW,false
396,2023-04-07 12:30,2023-04-09 14:00,83004,83202,199,7.158,7.13,0.389,0,3.743,11.22,UP,1,1,83007,2023-04-07 13:15,3,83007,2023-04-07 13:15,7.145,0.536,3,-1,1.23,true,83008,2023-04-07 13:30,7.168,0,0,true,true,BELOW,false
397,2023-04-09 14:15,2023-04-12 12:15,83203,83483,281,7.11,7.098,0.17,0,5.049,13.73,DOWN,1,1,83209,2023-04-09 15:45,6,83209,2023-04-09 15:45,7.105,0.583,6,-1,1.74,true,83210,2023-04-09 16:00,7.096,0.18,0.18,true,true,ABOVE,false
398,2023-04-12 12:30,2023-04-15 08:45,83484,83757,274,7.171,7.137,0.469,0,6.305,19.96,UP,1,3,83510,2023-04-12 19:00,26,83512,2023-04-12 19:30,7.156,0.559,28,1,1.41,true,83513,2023-04-12 19:45,7.179,0,0,true,true,ABOVE,false
399,2023-04-15 09:00,2023-04-16 13:30,83758,83872,115,7.704,7.684,0.258,0,5.839,18.65,BYPASS,0,0,,,,,,,,,,,,,,,,,,,ABOVE,false
400,2023-04-16 13:45,2023-04-17 18:45,83873,83989,117,7.986,7.972,0.176,0,7.545,24.74,UP,1,1,83884,2023-04-16 16:30,11,83884,2023-04-16 16:30,7.977,0.357,11,-1,0.7,true,83885,2023-04-16 16:45,8.012,0,0,true,true,ABOVE,false
401,2023-04-17 19:00,2023-04-19 21:00,83990,84190,201,8.182,8.143,0.473,0,2.433,11.88,DOWN,1,5,84006,2023-04-17 23:00,16,84010,2023-04-18 00:00,8.159,0.41,20,1,0.58,true,84011,2023-04-18 00:15,8.129,1.46,1.46,false,true,BELOW,false
402,2023-04-19 21:15,2023-04-21 11:45,84191,84345,155,7.972,7.919,0.679,0,13.104,27.02,DOWN,1,1,84254,2023-04-20 13:00,63,84254,2023-04-20 13:00,7.935,0.302,63,-1,0.97,true,84255,2023-04-20 13:15,7.887,1.33,5.68,true,true,BELOW,false
403,2023-04-21 12:00,2023-04-21 17:00,84346,84366,21,7.434,7.396,0.514,0,3.808,22.76,UP,1,6,84346,2023-04-21 12:00,0,84351,2023-04-21 13:15,7.396,0,5,-1,0.92,true,84352,2023-04-21 13:30,7.46,0.37,5.07,true,true,BELOW,false
404,2023-04-21 17:15,2023-04-27 06:30,84367,84900,534,7.357,7.327,0.411,0,3.771,13.12,DOWN,1,1,84370,2023-04-21 18:00,3,84370,2023-04-21 18:00,7.333,0.2,3,-1,0.65,true,84371,2023-04-21 18:15,7.321,4.31,4.41,false,false,BELOW,false
405,2023-04-27 06:45,2023-04-27 12:15,84901,84923,23,7.087,7.06,0.383,0,5.036,10.15,DOWN,1,1,84907,2023-04-27 08:15,6,84907,2023-04-27 08:15,7.07,0.37,6,-1,1.47,true,84908,2023-04-27 08:30,7.056,0.72,1.22,true,true,OVERLAP,false
406,2023-04-27 12:30,2023-04-29 17:15,84924,85135,212,7.087,7.045,0.599,1,4.026,10.61,DOWN,1,1,84926,2023-04-27 13:00,2,84926,2023-04-27 13:00,7.045,0,2,-1,1.21,true,84927,2023-04-27 13:15,7.041,0.17,0.24,true,true,ABOVE,false
407,2023-04-29 17:30,2023-05-01 01:15,85136,85263,128,7.178,7.166,0.168,0,8.248,12.23,UP,1,1,85143,2023-04-29 19:15,7,85143,2023-04-29 19:15,7.168,0.167,7,1,0.68,true,85144,2023-04-29 19:30,7.182,0,0.53,true,true,BELOW,false
408,2023-05-01 01:30,2023-05-05 12:15,85264,85691,428,7.067,7.046,0.304,0,12.061,21.86,DOWN,1,1,85525,2023-05-03 18:45,261,85525,2023-05-03 18:45,7.055,0.429,261,-1,3.31,true,85526,2023-05-03 19:00,7.001,0.99,0.99,true,true,OVERLAP,false
409,2023-05-05 12:30,2023-05-05 15:45,85692,85705,14,7.067,7.031,0.516,1,12.598,27.12,UP,1,1,85696,2023-05-05 13:30,4,85696,2023-05-05 13:30,7.056,0.694,4,1,1.93,true,85697,2023-05-05 13:45,7.073,0,0,true,true,ABOVE,false
410,2023-05-05 16:00,2023-05-10 16:45,85706,86189,484,7.147,7.116,0.429,0,6.253,15.15,UP,1,1,85757,2023-05-06 04:45,51,85757,2023-05-06 04:45,7.145,0.935,51,1,0.61,true,85758,2023-05-06 05:00,7.157,0,1.26,true,true,BELOW,false
411,2023-05-10 17:00,2023-05-11 05:45,86190,86241,52,6.625,6.611,0.214,0,5.267,13.57,UP,1,1,86203,2023-05-10 20:15,13,86203,2023-05-10 20:15,6.611,0,13,1,1.25,true,86204,2023-05-10 20:30,6.632,0.95,1.45,true,true,BELOW,false
412,2023-05-11 06:00,2023-05-15 04:45,86242,86621,380,6.542,6.515,0.415,0,6.589,24.16,DOWN,1,4,86463,2023-05-13 13:15,221,86466,2023-05-13 14:00,6.526,0.407,224,1,1.27,true,86467,2023-05-13 14:15,6.512,0.26,0.72,true,true,ABOVE,false
413,2023-05-15 05:00,2023-05-17 11:00,86622,86838,217,6.637,6.625,0.181,0,7.404,10.16,UP,1,1,86622,2023-05-15 05:00,0,86622,2023-05-15 05:00,6.634,0.75,0,1,3.04,true,86623,2023-05-15 05:15,6.673,0,0,true,true,BELOW,false
414,2023-05-17 11:15,2023-05-21 15:15,86839,87239,401,6.603,6.585,0.274,0,3.364,21.98,UP,1,3,86842,2023-05-17 12:00,3,86844,2023-05-17 12:30,6.592,0.389,5,-1,0.67,true,86845,2023-05-17 12:45,6.605,0.41,0.41,true,true,BELOW,false
415,2023-05-21 15:30,2023-05-23 18:00,87240,87442,203,6.481,6.475,0.094,0,17.94,35.42,DOWN,1,1,87286,2023-05-22 03:00,46,87286,2023-05-22 03:00,6.475,0,46,-1,1.65,true,87287,2023-05-22 03:15,6.464,0.66,0.68,false,true,ABOVE,false
416,2023-05-23 18:15,2023-05-24 02:45,87443,87477,35,6.516,6.502,0.216,0,5.158,11,UP,1,4,87448,2023-05-23 19:30,5,87451,2023-05-23 20:15,6.515,0.929,8,-1,0.46,true,87452,2023-05-23 20:30,6.519,0.18,0.45,true,true,BELOW,false
417,2023-05-24 03:00,2023-05-25 01:00,87478,87566,89,6.497,6.489,0.123,0,2.458,14.1,BYPASS,0,0,,,,,,,,,,,,,,,,,,,BELOW,false
418,2023-05-25 01:15,2023-05-26 12:15,87567,87707,141,6.291,6.265,0.419,0,7.061,10.76,DOWN,1,2,87572,2023-05-25 02:30,5,87573,2023-05-25 02:45,6.277,0.462,6,-1,0.6,true,87574,2023-05-25 03:00,6.261,0.21,0.21,true,true,ABOVE,false
419,2023-05-26 12:30,2023-05-26 21:45,87708,87745,38,6.317,6.306,0.175,0,6.715,10.29,UP,1,1,87713,2023-05-26 13:45,5,87713,2023-05-26 13:45,6.311,0.455,5,1,1.22,true,87714,2023-05-26 14:00,6.32,0,0,true,true,ABOVE,false
420,2023-05-26 22:00,2023-05-31 01:45,87746,88145,400,6.359,6.352,0.11,0,3.779,11.13,DOWN,1,2,87750,2023-05-26 23:00,4,87751,2023-05-26 23:15,6.354,0.286,5,1,0.42,true,87752,2023-05-26 23:30,6.348,0.17,0.27,true,true,ABOVE,false
421,2023-05-31 02:00,2023-05-31 04:30,88146,88156,11,6.632,6.613,0.289,0,7.908,13.28,BYPASS,0,0,,,,,,,,,,,,,,,,,,,BELOW,false
422,2023-05-31 04:45,2023-06-01 02:30,88157,88244,88,6.592,6.57,0.34,0,10.358,17.42,BYPASS,0,0,,,,,,,,,,,,,,,,,,,BELOW,false
423,2023-06-01 02:45,2023-06-01 19:15,88245,88311,67,6.49,6.473,0.265,0,8.546,25.88,BYPASS,0,0,,,,,,,,,,,,,,,,,,,BELOW,false
424,2023-06-01 19:30,2023-06-05 14:45,88312,88677,366,6.404,6.373,0.487,0,6.474,11.08,DOWN,1,2,88313,2023-06-01 19:45,1,88314,2023-06-01 20:00,6.387,0.452,2,-1,0.82,true,88315,2023-06-01 20:15,6.372,0.22,1.16,true,true,BELOW,false
425,2023-06-05 15:00,2023-06-06 11:45,88678,88761,84,6.369,6.357,0.19,0,11.602,14.5,BYPASS,0,0,,,,,,,,,,,,,,,,,,,BELOW,false
426,2023-06-06 12:00,2023-06-10 04:00,88762,89114,353,6.109,6.089,0.331,0,7.526,18.51,DOWN,1,2,88763,2023-06-06 12:15,1,88764,2023-06-06 12:30,6.093,0.2,2,1,2.11,true,88765,2023-06-06 12:45,6.071,0.84,0.84,true,true,BELOW,false
427,2023-06-10 04:15,2023-06-10 16:45,89115,89165,51,5.791,5.753,0.771,0,20.179,13.18,BYPASS,0,0,,,,,,,,,,,,,,,,,,,BELOW,false
428,2023-06-10 17:00,2023-06-12 02:00,89166,89298,133,4.984,4.963,0.418,0,3.337,14.19,BYPASS,0,0,,,,,,,,,,,,,,,,,,,ABOVE,false
429,2023-06-12 02:15,2023-06-14 17:15,89299,89551,253,5.153,5.125,0.554,0,5.722,16.14,UP,1,1,89325,2023-06-12 08:45,26,89325,2023-06-12 08:45,5.133,0.286,26,-1,1.22,true,89326,2023-06-12 09:00,5.162,0,0.53,true,true,ABOVE,false
430,2023-06-14 17:30,2023-06-16 14:30,89552,89732,181,5.413,5.377,0.661,0,3.004,10.91,UP,1,1,89554,2023-06-14 18:00,2,89554,2023-06-14 18:00,5.398,0.583,2,1,7.28,true,89555,2023-06-14 18:15,5.424,2.59,4.48,true,true,BELOW,false
431,2023-06-16 14:45,2023-06-22 10:45,89733,90293,561,5.222,5.2,0.42,0,8.358,31.55,UP,1,1,89736,2023-06-16 15:30,3,89736,2023-06-16 15:30,5.218,0.818,3,-1,0.82,true,89737,2023-06-16 15:45,5.268,0,0,true,true,ABOVE,false
432,2023-06-22 11:00,2023-06-25 08:00,90294,90570,277,5.764,5.736,0.495,0,10.015,45.42,UP,1,1,90369,2023-06-23 05:45,75,90369,2023-06-23 05:45,5.736,0,75,-1,2.11,true,90370,2023-06-23 06:00,5.781,0.09,0.09,true,true,ABOVE,false
433,2023-06-25 08:15,2023-06-27 12:45,90571,90781,211,6.293,6.265,0.442,0,3.385,10.78,DOWN,1,3,90587,2023-06-25 12:15,16,90589,2023-06-25 12:45,6.292,0.964,18,1,0.75,true,90590,2023-06-25 13:00,6.251,1.68,2.38,false,false,BELOW,false
434,2023-06-27 13:00,2023-06-30 13:15,90782,91071,290,6.248,6.224,0.389,0,3.755,28.66,DOWN,1,2,90796,2023-06-27 16:30,14,90797,2023-06-27 16:45,6.235,0.458,15,1,1.57,true,90798,2023-06-27 17:00,6.206,0.39,0.8,true,true,OVERLAP,false
435,2023-06-30 13:30,2023-07-04 18:45,91072,91477,406,6.268,6.224,0.728,1,14.434,25.22,UP,1,1,91092,2023-06-30 18:30,20,91092,2023-06-30 18:30,6.226,0.045,20,1,0.9,true,91093,2023-06-30 18:45,6.289,0,0,true,true,ABOVE,false
436,2023-07-04 19:00,2023-07-05 08:00,91478,91530,53,6.486,6.457,0.452,0,5.609,10.23,UP,1,1,91482,2023-07-04 20:00,4,91482,2023-07-04 20:00,6.473,0.552,4,-1,0.55,true,91483,2023-07-04 20:15,6.498,0,0,true,true,ABOVE,false
437,2023-07-05 08:15,2023-07-06 11:30,91531,91640,110,6.543,6.523,0.307,0,3.265,11.79,BYPASS,0,0,,,,,,,,,,,,,,,,,,,BELOW,false
438,2023-07-06 11:45,2023-07-09 23:45,91641,91977,337,6.417,6.395,0.347,0,7.483,26.92,BYPASS,0,0,,,,,,,,,,,,,,,,,,,BELOW,false
439,2023-07-10 00:00,2023-07-11 06:15,91978,92099,122,6.151,6.13,0.347,0,15.076,21.08,UP,1,3,92037,2023-07-10 14:45,59,92039,2023-07-10 15:15,6.137,0.333,61,-1,0.86,true,92040,2023-07-10 15:30,6.152,0.1,0.1,true,true,ABOVE,false
440,2023-07-11 06:30,2023-07-11 21:45,92100,92161,62,6.203,6.188,0.241,0,3.867,10.65,UP,1,3,92104,2023-07-11 07:30,4,92106,2023-07-11 08:00,6.195,0.467,6,1,1.06,true,92107,2023-07-11 08:15,6.206,0.73,0.95,true,true,BELOW,false
441,2023-07-11 22:00,2023-07-13 15:00,92162,92326,165,6.177,6.164,0.21,0,2.574,12.13,BYPASS,0,0,,,,,,,,,,,,,,,,,,,ABOVE,false
442,2023-07-13 15:15,2023-07-16 02:00,92327,92562,236,6.421,6.402,0.293,0,7.968,17.74,BYPASS,0,0,,,,,,,,,,,,,,,,,,,ABOVE,false
443,2023-07-16 02:15,2023-07-22 08:15,92563,93163,601,6.885,6.856,0.427,0,13.645,20.8,DOWN,1,2,92611,2023-07-16 14:15,48,92612,2023-07-16 14:30,6.856,0,49,-1,3.05,true,92613,2023-07-16 14:45,6.835,1.74,3.66,false,false,ABOVE,false
444,2023-07-22 08:30,2023-07-22 23:00,93164,93222,59,8.176,8.155,0.254,0,9.485,20.28,BYPASS,0,0,,,,,,,,,,,,,,,,,,,BELOW,false
445,2023-07-22 23:15,2023-07-23 23:45,93223,93321,99,7.975,7.94,0.446,0,9.919,21.29,UP,1,1,93254,2023-07-23 07:00,31,93254,2023-07-23 07:00,7.973,0.943,31,-1,0.57,true,93255,2023-07-23 07:15,7.987,0,0,true,true,BELOW,false
446,2023-07-24 00:00,2023-07-24 09:30,93322,93360,39,7.894,7.882,0.153,0,3.924,11.69,BYPASS,0,0,,,,,,,,,,,,,,,,,,,BELOW,false
447,2023-07-24 09:45,2023-07-25 19:15,93361,93495,135,7.712,7.684,0.371,0,11.683,92.83,BYPASS,0,0,,,,,,,,,,,,,,,,,,,BELOW,false
448,2023-07-25 19:30,2023-07-30 09:45,93496,93937,442,7.457,7.448,0.121,0,5.547,10.41,UP,1,2,93528,2023-07-26 03:30,32,93529,2023-07-26 03:45,7.449,0.111,33,-1,0.57,true,93530,2023-07-26 04:00,7.536,0.07,0.52,true,true,ABOVE,false
449,2023-07-30 10:00,2023-07-30 19:30,93938,93976,39,7.754,7.744,0.129,0,2.984,12.59,UP,1,1,93938,2023-07-30 10:00,0,93938,2023-07-30 10:00,7.75,0.6,0,1,2.08,true,93939,2023-07-30 10:15,7.756,0.17,0.67,true,true,BELOW,false
450,2023-07-30 19:45,2023-08-01 01:45,93977,94097,121,7.657,7.646,0.146,0,35.609,55.66,DOWN,1,1,94030,2023-07-31 09:00,53,94030,2023-07-31 09:00,7.654,0.727,53,-1,1.38,true,94031,2023-07-31 09:15,7.635,0.25,1.53,true,true,BELOW,false
451,2023-08-01 02:00,2023-08-01 15:15,94098,94151,54,7.557,7.515,0.57,0,7.878,11.88,BYPASS,0,0,,,,,,,,,,,,,,,,,,,BELOW,false
452,2023-08-01 15:30,2023-08-02 13:45,94152,94241,90,7.413,7.389,0.322,0,3.762,13.63,BYPASS,0,0,,,,,,,,,,,,,,,,,,,ABOVE,false
453,2023-08-02 14:00,2023-08-02 16:30,94242,94252,11,7.666,7.622,0.575,0,3.619,10.19,DOWN,1,1,94242,2023-08-02 14:00,0,94242,2023-08-02 14:00,7.651,0.659,0,1,6.29,true,94243,2023-08-02 14:15,7.563,2.68,3.86,false,false,BELOW,false
454,2023-08-02 16:45,2023-08-09 12:15,94253,94907,655,7.493,7.434,0.799,0,3.534,10.26,DOWN,1,2,94257,2023-08-02 17:45,4,94258,2023-08-02 18:00,7.451,0.288,5,-1,0.41,true,94259,2023-08-02 18:15,7.429,0.71,1.56,false,false,ABOVE,false
455,2023-08-09 12:30,2023-08-10 09:15,94908,94991,84,7.711,7.66,0.648,0,4.962,11.93,UP,1,1,94922,2023-08-09 16:00,14,94922,2023-08-09 16:00,7.708,0.941,14,1,0.57,true,94923,2023-08-09 16:15,7.728,0.16,0.74,true,true,BELOW,false
456,2023-08-10 09:30,2023-08-10 21:15,94992,95039,48,7.6,7.583,0.224,0,3.419,10.32,UP,1,1,94992,2023-08-10 09:30,0,94992,2023-08-10 09:30,7.597,0.824,0,-1,2.47,true,94993,2023-08-10 09:45,7.616,0,0,true,true,OVERLAP,false
457,2023-08-10 21:30,2023-08-12 04:30,95040,95164,125,7.603,7.583,0.263,1,5.784,18.4,UP,1,1,95041,2023-08-10 21:45,1,95041,2023-08-10 21:45,7.601,0.9,1,-1,0.31,true,95042,2023-08-10 22:00,7.604,0,0.76,true,true,BELOW,false
458,2023-08-12 04:45,2023-08-15 09:45,95165,95473,309,7.474,7.462,0.161,0,4.756,15.28,DOWN,1,1,95176,2023-08-12 07:30,11,95176,2023-08-12 07:30,7.468,0.5,11,-1,1.02,true,95177,2023-08-12 07:45,7.46,0.42,0.56,false,false,BELOW,false
459,2023-08-15 10:00,2023-08-15 18:45,95474,95509,36,7.342,7.327,0.206,0,11.877,19.59,BYPASS,0,0,,,,,,,,,,,,,,,,,,,BELOW,false
460,2023-08-15 19:00,2023-08-16 12:00,95510,95578,69,7.212,7.177,0.503,0,24.161,28.54,BYPASS,0,0,,,,,,,,,,,,,,,,,,,BELOW,false
461,2023-08-16 12:15,2023-08-16 20:00,95579,95610,32,6.971,6.938,0.48,0,5.922,11.17,BYPASS,0,0,,,,,,,,,,,,,,,,,,,BELOW,false
462,2023-08-16 20:15,2023-08-21 15:00,95611,96070,460,6.819,6.796,0.345,0,12.894,32.73,UP,1,2,95633,2023-08-17 01:45,22,95634,2023-08-17 02:00,6.808,0.522,23,-1,0.77,true,95635,2023-08-17 02:15,6.834,0,0.09,true,true,BELOW,false
463,2023-08-21 15:15,2023-08-22 21:00,96071,96190,120,6.194,6.159,0.577,0,9.242,18.08,DOWN,1,6,96088,2023-08-21 19:30,17,96093,2023-08-21 20:45,6.164,0.143,22,-1,0.2,true,96094,2023-08-21 21:00,6.15,0.24,0.24,true,true,BELOW,false
464,2023-08-22 21:15,2023-08-23 06:30,96191,96228,38,6.068,6.033,0.588,0,9.377,24.57,UP,1,2,96196,2023-08-22 22:30,5,96197,2023-08-22 22:45,6.051,0.514,6,-1,0.47,true,96198,2023-08-22 23:00,6.132,0,0,true,true,ABOVE,false
465,2023-08-23 06:45,2023-08-25 03:00,96229,96406,178,6.174,6.151,0.372,0,2.874,15.86,DOWN,1,3,96356,2023-08-24 14:30,127,96358,2023-08-24 15:00,6.165,0.609,129,-1,1.32,true,96359,2023-08-24 15:15,6.146,1.35,2.8,true,true,BELOW,false
466,2023-08-25 03:15,2023-08-25 12:45,96407,96445,39,6.035,6.02,0.251,0,7.627,25.19,DOWN,1,3,96414,2023-08-25 05:00,7,96416,2023-08-25 05:30,6.026,0.4,9,-1,0.34,true,96417,2023-08-25 05:45,6.015,1.06,1.2,true,true,BELOW,false
467,2023-08-25 13:00,2023-08-26 16:00,96446,96554,109,5.976,5.967,0.15,0,5.078,26.51,UP,1,1,96449,2023-08-25 13:45,3,96449,2023-08-25 13:45,5.97,0.333,3,-1,3.04,true,96450,2023-08-25 14:00,5.978,1.01,1.01,true,true,ABOVE,false
468,2023-08-26 16:15,2023-08-27 06:30,96555,96612,58,6,5.992,0.134,0,4.126,10.09,DOWN,1,1,96571,2023-08-26 20:15,16,96571,2023-08-26 20:15,5.998,0.75,16,1,0.61,true,96572,2023-08-26 20:30,5.991,0.02,0.58,true,true,BELOW,false
469,2023-08-27 06:45,2023-08-27 23:45,96613,96681,69,5.973,5.964,0.15,0,5.213,10.85,DOWN,1,3,96632,2023-08-27 11:30,19,96634,2023-08-27 12:00,5.968,0.444,21,-1,3.15,true,96635,2023-08-27 12:15,5.963,0.03,0.03,true,true,ABOVE,false
470,2023-08-28 00:00,2023-08-28 05:15,96682,96703,22,6.027,6.014,0.216,0,7.462,20.23,BYPASS,0,0,,,,,,,,,,,,,,,,,,,BELOW,false
471,2023-08-28 05:30,2023-08-28 11:45,96704,96729,26,5.94,5.916,0.407,0,9.201,10.12,DOWN,1,1,96706,2023-08-28 06:00,2,96706,2023-08-28 06:00,5.922,0.25,2,-1,0.55,true,96707,2023-08-28 06:15,5.907,0.51,1.18,true,true,OVERLAP,false
472,2023-08-28 12:00,2023-08-31 10:45,96730,97013,284,5.94,5.912,0.47,1,3.957,13.24,UP,1,1,96759,2023-08-28 19:15,29,96759,2023-08-28 19:15,5.939,0.964,29,1,4.83,true,96760,2023-08-28 19:30,5.951,0,0,true,true,ABOVE,false
473,2023-08-31 11:00,2023-09-05 06:45,97014,97477,464,5.995,5.984,0.183,0,5.718,11.21,DOWN,1,1,97021,2023-08-31 12:45,7,97021,2023-08-31 12:45,5.989,0.455,7,1,0.81,true,97022,2023-08-31 13:00,5.976,0.43,4.48,true,true,BELOW,false
474,2023-09-05 07:00,2023-09-05 14:45,97478,97509,32,5.977,5.964,0.218,0,8.413,12.56,UP,1,1,97478,2023-09-05 07:00,0,97478,2023-09-05 07:00,5.977,1,0,-1,3.13,true,97479,2023-09-05 07:15,5.983,0.1,0.1,true,true,ABOVE,false
475,2023-09-05 15:00,2023-09-06 00:45,97510,97549,40,6.082,6.065,0.278,0,5.655,10.17,UP,1,1,97511,2023-09-05 15:15,1,97511,2023-09-05 15:15,6.074,0.529,1,1,2.1,true,97512,2023-09-05 15:30,6.099,0,0,true,true,ABOVE,false
476,2023-09-06 01:00,2023-09-06 06:00,97550,97570,21,6.142,6.11,0.514,0,9.032,21.71,NONE,1,1,97570,2023-09-06 06:00,20,97570,2023-09-06 06:00,6.133,0.719,20,1,0.38,true,,,,,,,,OVERLAP,false
477,2023-09-06 06:15,2023-09-06 16:45,97571,97613,43,6.154,6.11,0.716,1,6.8,11.85,UP,1,1,97571,2023-09-06 06:15,0,97571,2023-09-06 06:15,6.149,0.886,0,1,4.05,true,97572,2023-09-06 06:30,6.166,0,0.08,true,true,OVERLAP,false
478,2023-09-06 17:00,2023-09-07 19:30,97614,97720,107,6.18,6.11,1.138,2,5.863,27.08,UP,1,2,97614,2023-09-06 17:00,0,97615,2023-09-06 17:15,6.176,0.943,1,1,0.92,true,97616,2023-09-06 17:30,6.209,0,0,true,true,ABOVE,false
479,2023-09-07 19:45,2023-09-08 09:45,97721,97777,57,6.304,6.288,0.253,0,3.715,10.23,UP,1,1,97764,2023-09-08 06:30,43,97764,2023-09-08 06:30,6.301,0.812,43,1,0.95,true,97765,2023-09-08 06:45,6.307,0.4,2.42,true,true,BELOW,false
480,2023-09-08 10:00,2023-09-09 14:45,97778,97893,116,6.267,6.24,0.436,0,7.69,15.47,DOWN,1,1,97788,2023-09-08 12:30,10,97788,2023-09-08 12:30,6.24,0,10,-1,0.47,true,97789,2023-09-08 12:45,6.236,0.19,0.75,true,true,BELOW,false
481,2023-09-09 15:00,2023-09-10 07:45,97894,97961,68,6.183,6.178,0.081,0,6.27,10.79,UP,1,1,97896,2023-09-09 15:30,2,97896,2023-09-09 15:30,6.183,1,2,-1,0.58,true,97897,2023-09-09 15:45,6.189,0.31,0.42,true,true,BELOW,false
482,2023-09-10 08:00,2023-09-10 19:15,97962,98007,46,6.112,6.101,0.18,0,4.157,15.95,DOWN,1,3,97963,2023-09-10 08:15,1,97965,2023-09-10 08:45,6.106,0.455,3,-1,0.37,true,97966,2023-09-10 09:00,6.097,0.62,2.1,true,true,BELOW,false
483,2023-09-10 19:30,2023-09-11 09:00,98008,98062,55,6.023,6.007,0.266,0,3.338,10.36,UP,1,1,98008,2023-09-10 19:30,0,98008,2023-09-10 19:30,6.018,0.688,0,-1,1.54,true,98009,2023-09-10 19:45,6.037,0,1.2,true,true,BELOW,false
484,2023-09-11 09:15,2023-09-11 13:45,98063,98081,19,5.958,5.931,0.458,0,5.289,12.24,BYPASS,0,0,,,,,,,,,,,,,,,,,,,BELOW,false
485,2023-09-11 14:00,2023-09-11 19:00,98082,98102,21,5.905,5.877,0.478,0,6.192,10.28,DOWN,1,1,98083,2023-09-11 14:15,1,98083,2023-09-11 14:15,5.888,0.393,1,-1,1.29,true,98084,2023-09-11 14:30,5.867,1.4,2.48,false,false,BELOW,false
486,2023-09-11 19:15,2023-09-12 08:30,98103,98156,54,5.838,5.822,0.276,0,6.923,20.29,DOWN,1,2,98121,2023-09-11 23:45,18,98122,2023-09-12 00:00,5.825,0.188,19,-1,0.99,true,98123,2023-09-12 00:15,5.815,0.33,0.33,true,true,ABOVE,false
487,2023-09-12 08:45,2023-09-13 07:15,98157,98247,91,5.919,5.91,0.153,0,15.796,21.82,UP,1,1,98159,2023-09-12 09:15,2,98159,2023-09-12 09:15,5.916,0.667,2,1,0.56,true,98160,2023-09-12 09:30,5.93,0,0,true,true,ABOVE,false
488,2023-09-13 07:30,2023-09-13 12:15,98248,98267,20,5.989,5.975,0.234,0,14.315,25.67,DOWN,1,1,98248,2023-09-13 07:30,0,98248,2023-09-13 07:30,5.982,0.5,0,1,16.62,true,98249,2023-09-13 07:45,5.955,0.47,0.67,true,true,ABOVE,false
489,2023-09-13 12:30,2023-09-14 07:30,98268,98344,77,6.022,6,0.369,0,4.416,14.59,DOWN,1,1,98269,2023-09-13 12:45,1,98269,2023-09-13 12:45,6,0,1,1,0.95,true,98270,2023-09-13 13:00,5.966,1.22,1.22,false,true,OVERLAP,false
490,2023-09-14 07:45,2023-09-15 01:45,98345,98417,73,6.039,6,0.647,1,6.202,16.32,UP,1,8,98345,2023-09-14 07:45,0,98352,2023-09-14 09:30,6.033,0.846,7,1,0.43,true,98353,2023-09-14 09:45,6.044,0,0,true,true,ABOVE,false
491,2023-09-15 02:00,2023-09-16 23:45,98418,98601,184,6.167,6.152,0.242,0,4.373,13.65,DOWN,1,2,98438,2023-09-15 07:00,20,98439,2023-09-15 07:15,6.163,0.733,21,1,0.83,true,98440,2023-09-15 07:30,6.151,0.41,0.91,true,true,ABOVE,false
492,2023-09-17 00:00,2023-09-17 20:15,98602,98683,82,6.283,6.271,0.192,0,2.961,11.34,BYPASS,0,0,,,,,,,,,,,,,,,,,,,BELOW,false
493,2023-09-17 20:30,2023-09-20 17:45,98684,98961,278,6.133,6.122,0.181,0,22.474,45.86,DOWN,1,1,98691,2023-09-17 22:15,7,98691,2023-09-17 22:15,6.124,0.182,7,-1,0.86,true,98692,2023-09-17 22:30,6.119,0.51,0.51,true,true,ABOVE,false
494,2023-09-20 18:00,2023-09-22 23:45,98962,99177,216,6.928,6.9,0.403,0,4.161,10.52,DOWN,1,2,98965,2023-09-20 18:45,3,98966,2023-09-20 19:00,6.901,0.036,4,1,1.04,true,98967,2023-09-20 19:15,6.86,0.99,1.32,true,true,OVERLAP,false
495,2023-09-23 00:00,2023-09-25 07:00,99178,99398,221,6.956,6.9,0.798,1,5.289,10.66,UP,1,4,99239,2023-09-23 15:15,61,99242,2023-09-23 16:00,6.933,0.589,64,1,1.23,true,99243,2023-09-23 16:15,7.027,0,0,true,true,ABOVE,false
496,2023-09-25 07:15,2023-09-28 06:45,99399,99685,287,7.241,7.214,0.373,0,2.698,10.62,DOWN,1,2,99407,2023-09-25 09:15,8,99408,2023-09-25 09:30,7.234,0.741,9,1,0.66,true,99409,2023-09-25 09:45,7.205,0.14,0.14,true,true,ABOVE,false
497,2023-09-28 07:00,2023-09-28 19:15,99686,99735,50,7.673,7.624,0.636,0,3.843,10.06,BYPASS,0,0,,,,,,,,,,,,,,,,,,,ABOVE,false
498,2023-09-28 19:30,2023-09-30 18:15,99736,99923,188,7.889,7.83,0.741,0,5.373,12.53,DOWN,1,2,99740,2023-09-28 20:30,4,99741,2023-09-28 20:45,7.852,0.373,5,1,0.62,true,99742,2023-09-28 21:00,7.82,0.82,1.95,true,true,ABOVE,false
499,2023-09-30 18:30,2023-10-01 22:00,99924,100034,111,8.187,8.164,0.284,0,5.185,18.77,DOWN,1,2,99928,2023-09-30 19:30,4,99929,2023-09-30 19:45,8.177,0.565,5,1,0.55,true,99930,2023-09-30 20:00,8.145,0.77,0.77,false,true,BELOW,false
500,2023-10-01 22:15,2023-10-03 10:30,100035,100180,146,7.866,7.824,0.527,0,9.711,11,UP,1,4,100058,2023-10-02 04:00,23,100061,2023-10-02 04:45,7.857,0.786,26,-1,0.51,true,100062,2023-10-02 05:00,7.882,0,0.28,true,true,BELOW,false
501,2023-10-03 10:45,2023-10-05 21:45,100181,100417,237,7.616,7.593,0.304,0,2.816,10.01,UP,1,1,100191,2023-10-03 13:15,10,100191,2023-10-03 13:15,7.614,0.913,10,1,1.3,true,100192,2023-10-03 13:30,7.66,2.11,2.67,true,true,BELOW,false
502,2023-10-05 22:00,2023-10-06 12:15,100418,100475,58,7.513,7.497,0.213,0,3.935,17.78,UP,1,1,100418,2023-10-05 22:00,0,100418,2023-10-05 22:00,7.499,0.125,0,-1,1.67,true,100419,2023-10-05 22:15,7.533,0.65,0.65,true,true,ABOVE,false
503,2023-10-06 12:30,2023-10-07 15:15,100476,100583,108,7.579,7.553,0.346,0,7.539,19.26,UP,1,1,100546,2023-10-07 06:00,70,100546,2023-10-07 06:00,7.57,0.654,70,1,1.69,true,100547,2023-10-07 06:15,7.602,0,0,true,true,ABOVE,false
504,2023-10-07 15:30,2023-10-08 10:30,100584,100660,77,7.605,7.587,0.238,0,4.669,17.05,BYPASS,0,0,,,,,,,,,,,,,,,,,,,ABOVE,false
505,2023-10-08 10:45,2023-10-13 18:15,100661,101171,511,7.633,7.614,0.251,0,4.695,11.62,UP,1,1,100671,2023-10-08 13:15,10,100671,2023-10-08 13:15,7.628,0.737,10,1,1.55,true,100672,2023-10-08 13:30,7.651,0,0,true,true,BELOW,false
506,2023-10-13 18:30,2023-10-13 20:30,101172,101180,9,7.175,7.16,0.21,0,1.89,10.62,DOWN,1,3,101173,2023-10-13 18:45,1,101175,2023-10-13 19:15,7.172,0.8,3,-1,0.73,true,101176,2023-10-13 19:30,7.152,0.11,0.11,true,true,OVERLAP,false
507,2023-10-13 20:45,2023-10-16 05:00,101181,101406,226,7.181,7.16,0.288,1,14.504,20.36,BYPASS,0,0,,,,,,,,,,,,,,,,,,,ABOVE,false
508,2023-10-16 05:15,2023-10-16 08:45,101407,101421,15,7.462,7.437,0.329,0,12.354,23.17,BYPASS,0,0,,,,,,,,,,,,,,,,,,,ABOVE,false
509,2023-10-16 09:00,2023-10-16 13:00,101422,101438,17,7.564,7.552,0.16,0,6.864,38.06,UP,1,1,101427,2023-10-16 10:15,5,101427,2023-10-16 10:15,7.563,0.917,5,1,0.51,true,101428,2023-10-16 10:30,7.575,0.34,1.8,true,true,OVERLAP,false
510,2023-10-16 13:15,2023-10-17 18:30,101439,101556,118,7.578,7.548,0.386,1,8.53,30.03,DOWN,1,1,101440,2023-10-16 13:30,1,101440,2023-10-16 13:30,7.567,0.633,1,1,14.42,true,101441,2023-10-16 13:45,7.498,1.56,1.63,false,true,BELOW,false
511,2023-10-17 18:45,2023-10-18 04:30,101557,101596,40,7.335,7.312,0.316,0,3.777,15.69,DOWN,1,2,101560,2023-10-17 19:30,3,101561,2023-10-17 19:45,7.32,0.348,4,-1,0.51,true,101562,2023-10-17 20:00,7.301,0.41,0.41,true,true,ABOVE,false
512,2023-10-18 04:45,2023-10-19 01:15,101597,101679,83,7.357,7.338,0.257,0,6.569,22.71,UP,1,1,101607,2023-10-18 07:15,10,101607,2023-10-18 07:15,7.341,0.158,10,-1,1.09,true,101608,2023-10-18 07:30,7.359,0,0,true,true,OVERLAP,false
513,2023-10-19 01:30,2023-10-22 22:15,101680,102051,372,7.357,7.328,0.401,1,11.944,22.79,DOWN,1,1,101695,2023-10-19 05:15,15,101695,2023-10-19 05:15,7.333,0.172,15,-1,0.64,true,101696,2023-10-19 05:30,7.32,0.29,0.59,true,true,ABOVE,false
514,2023-10-22 22:30,2023-10-24 15:00,102052,102214,163,9.596,9.536,0.611,0,7.64,16.2,BYPASS,0,0,,,,,,,,,,,,,,,,,,,ABOVE,false
515,2023-10-24 15:15,2023-10-26 14:15,102215,102403,189,10.315,10.226,0.9,0,6.899,10.23,UP,1,1,102245,2023-10-24 22:45,30,102245,2023-10-24 22:45,10.235,0.101,30,-1,0.99,true,102246,2023-10-24 23:00,10.333,0,0,true,true,ABOVE,false
516,2023-10-26 14:30,2023-10-26 21:45,102404,102433,30,10.92,10.741,1.687,0,3.319,10.88,DOWN,1,3,102426,2023-10-26 20:00,22,102428,2023-10-26 20:30,10.762,0.117,24,-1,0.67,true,102429,2023-10-26 20:45,10.739,0.81,1.24,true,true,OVERLAP,false
517,2023-10-26 22:00,2023-10-30 05:00,102434,102750,317,10.92,10.687,2.141,1,6.469,18.52,UP,1,1,102434,2023-10-26 22:00,0,102434,2023-10-26 22:00,10.883,0.841,0,-1,2.46,true,102435,2023-10-26 22:15,10.983,0,0.74,true,true,ABOVE,false
518,2023-10-30 05:15,2023-10-30 08:15,102751,102763,13,11.12,11.087,0.3,0,3.621,12.19,BYPASS,0,0,,,,,,,,,,,,,,,,,,,BELOW,false
519,2023-10-30 08:30,2023-11-05 13:30,102764,103360,597,11.039,11.013,0.231,0,6.704,12.15,DOWN,1,1,102946,2023-11-01 06:00,182,102946,2023-11-01 06:00,11.023,0.385,182,-1,2.24,true,102947,2023-11-01 06:15,11,0.32,2.32,true,true,ABOVE,false
520,2023-11-05 13:45,2023-11-09 15:45,103361,103753,393,12.175,12.085,0.759,0,6.483,15.23,UP,1,3,103395,2023-11-05 22:15,34,103397,2023-11-05 22:45,12.126,0.456,36,-1,0.66,true,103398,2023-11-05 23:00,12.177,0,0,true,true,ABOVE,false
521,2023-11-09 16:00,2023-11-13 23:45,103754,104169,416,15.505,15.101,2.809,0,3.464,10.08,DOWN,1,1,103840,2023-11-10 13:30,86,103840,2023-11-10 13:30,15.157,0.139,86,-1,3.11,true,103841,2023-11-10 13:45,14.962,2.99,2.99,true,true,BELOW,false
522,2023-11-14 00:00,2023-11-14 13:15,104170,104223,54,14.471,14.341,0.921,0,2.716,10.18,DOWN,1,1,104214,2023-11-14 11:00,44,104214,2023-11-14 11:00,14.399,0.446,44,-1,2.42,true,104215,2023-11-14 11:15,14.284,1.52,3.73,true,true,OVERLAP,false
523,2023-11-14 13:30,2023-11-22 18:00,104224,105010,787,14.471,14.238,1.601,1,2.78,10.7,UP,1,1,104228,2023-11-14 14:30,4,104228,2023-11-14 14:30,14.463,0.966,4,-1,2.91,true,104229,2023-11-14 14:45,14.498,3.03,6.43,true,true,OVERLAP,false
524,2023-11-22 18:15,2023-11-26 14:00,105011,105378,368,14.471,14.168,2.095,2,4.073,14.77,UP,1,3,105011,2023-11-22 18:15,0,105013,2023-11-22 18:45,14.468,0.99,2,1,1.01,true,105014,2023-11-22 19:00,14.521,0,0.09,true,true,ABOVE,false
525,2023-11-26 14:15,2023-11-27 06:30,105379,105444,66,15.064,15.005,0.398,0,8.925,11.65,DOWN,1,1,105425,2023-11-27 01:45,46,105425,2023-11-27 01:45,15.04,0.593,46,-1,1.12,true,105426,2023-11-27 02:00,14.968,2.95,4.53,false,false,BELOW,false
526,2023-11-27 06:45,2023-11-29 04:15,105445,105627,183,14.745,14.634,0.765,0,2.869,23.19,DOWN,1,1,105585,2023-11-28 17:45,140,105585,2023-11-28 17:45,14.674,0.36,140,1,1.48,true,105586,2023-11-28 18:00,14.606,1.01,1.26,false,true,OVERLAP,false
527,2023-11-29 04:30,2023-12-01 20:45,105628,105885,258,14.745,14.594,1.035,1,2.194,13.62,DOWN,1,3,105629,2023-11-29 04:45,1,105631,2023-11-29 05:15,14.608,0.093,3,1,0.56,true,105632,2023-11-29 05:30,14.543,0.36,0.36,true,true,ABOVE,false
528,2023-12-01 21:00,2023-12-02 17:15,105886,105967,82,14.957,14.927,0.201,0,2.248,12.03,DOWN,1,1,105886,2023-12-01 21:00,0,105886,2023-12-01 21:00,14.945,0.6,0,1,0.87,true,105887,2023-12-01 21:15,14.913,0.23,0.23,true,true,ABOVE,false
529,2023-12-02 17:30,2023-12-04 03:45,105968,106105,138,15.751,15.711,0.251,0,4.105,15.77,DOWN,1,3,106088,2023-12-03 23:30,120,106090,2023-12-04 00:00,15.731,0.5,122,-1,1.16,true,106091,2023-12-04 00:15,15.686,0.5,0.5,true,true,ABOVE,false
530,2023-12-04 04:00,2023-12-04 10:45,106106,106133,28,15.927,15.833,0.582,0,4.046,10.25,BYPASS,0,0,,,,,,,,,,,,,,,,,,,ABOVE,false
531,2023-12-04 11:00,2023-12-05 22:45,106134,106277,144,16.118,16,0.762,0,7.965,11.46,DOWN,1,1,106141,2023-12-04 12:45,7,106141,2023-12-04 12:45,16.057,0.483,7,1,1.54,true,106142,2023-12-04 13:00,15.859,3.43,3.79,false,false,BELOW,false
532,2023-12-05 23:00,2023-12-07 07:45,106278,106409,132,15.55,15.496,0.344,0,4.387,10.03,UP,1,1,106304,2023-12-06 05:30,26,106304,2023-12-06 05:30,15.519,0.426,26,1,3.13,true,106305,2023-12-06 05:45,15.592,0.45,1.22,true,true,ABOVE,false
533,2023-12-07 08:00,2023-12-08 16:30,106410,106540,131,15.615,15.578,0.239,0,4.032,11.45,DOWN,1,1,106412,2023-12-07 08:30,2,106412,2023-12-07 08:30,15.579,0.027,2,-1,1.4,true,106413,2023-12-07 08:45,15.43,3.37,5.89,false,false,ABOVE,false
534,2023-12-08 16:45,2023-12-09 08:15,106541,106603,63,16.818,16.736,0.493,0,3.96,19.04,DOWN,1,1,106550,2023-12-08 19:00,9,106550,2023-12-08 19:00,16.756,0.244,9,1,0.52,true,106551,2023-12-08 19:15,16.704,0.2,0.48,true,true,ABOVE,false
535,2023-12-09 08:30,2023-12-14 16:45,106604,107117,514,17.317,17.205,0.669,0,5.355,10.96,BYPASS,0,0,,,,,,,,,,,,,,,,,,,BELOW,false
536,2023-12-14 17:00,2023-12-17 22:15,107118,107427,310,15.03,14.954,0.497,0,6.517,19.9,DOWN,1,9,107160,2023-12-15 03:30,42,107168,2023-12-15 05:30,14.989,0.461,50,1,1.91,true,107169,2023-12-15 05:45,14.914,0.6,0.6,true,true,BELOW,false
537,2023-12-17 22:30,2023-12-18 01:15,107428,107439,12,14.282,14.22,0.44,0,2.695,10.83,BYPASS,0,0,,,,,,,,,,,,,,,,,,,BELOW,false
538,2023-12-18 01:30,2023-12-19 13:45,107440,107585,146,14.15,14.064,0.62,0,7.119,10.8,UP,1,1,107467,2023-12-18 08:15,27,107467,2023-12-18 08:15,14.073,0.105,27,-1,4.49,true,107468,2023-12-18 08:30,14.279,1.06,1.06,true,true,ABOVE,false
539,2023-12-19 14:00,2023-12-23 10:00,107586,107954,369,14.478,14.428,0.35,0,6.226,19.95,DOWN,1,1,107657,2023-12-20 07:45,71,107657,2023-12-20 07:45,14.434,0.12,71,-1,1.28,true,107658,2023-12-20 08:00,14.41,0.24,0.7,true,true,ABOVE,false
540,2023-12-23 10:15,2023-12-23 19:30,107955,107992,38,15.138,15.101,0.242,0,8.893,16.6,BYPASS,0,0,,,,,,,,,,,,,,,,,,,ABOVE,false
541,2023-12-23 19:45,2023-12-24 05:15,107993,108031,39,15.75,15.696,0.345,0,7.362,14.43,UP,1,1,108006,2023-12-23 23:00,13,108006,2023-12-23 23:00,15.738,0.778,13,1,0.62,true,108007,2023-12-23 23:15,15.762,0.89,0.89,true,true,BELOW,false
542,2023-12-24 05:30,2023-12-26 20:30,108032,108284,253,15.676,15.608,0.441,0,5.18,12.17,UP,1,1,108048,2023-12-24 09:30,16,108048,2023-12-24 09:30,15.658,0.735,16,1,0.76,true,108049,2023-12-24 09:45,15.679,1,1,true,true,BELOW,false
543,2023-12-26 20:45,2023-12-31 22:30,108285,108772,488,14.938,14.888,0.333,0,1.929,12.88,UP,1,1,108303,2023-12-27 01:15,18,108303,2023-12-27 01:15,14.919,0.62,18,-1,0.88,true,108304,2023-12-27 01:30,14.952,1.55,1.55,true,true,ABOVE,false
544,2023-12-31 22:45,2024-01-05 01:30,108773,109168,396,15.194,15.069,0.838,0,5.008,13.88,DOWN,1,1,108778,2024-01-01 00:00,5,108778,2024-01-01 00:00,15.087,0.144,5,-1,1.07,true,108779,2024-01-01 00:15,15.057,0.29,1.71,true,true,BELOW,false
545,2024-01-05 01:45,2024-01-05 06:45,109169,109189,21,14.44,14.37,0.493,0,14.793,16.39,BYPASS,0,0,,,,,,,,,,,,,,,,,,,BELOW,false
546,2024-01-05 07:00,2024-01-06 09:45,109190,109297,108,14.259,14.155,0.717,0,5.546,17.89,DOWN,1,2,109208,2024-01-05 11:30,18,109209,2024-01-05 11:45,14.193,0.365,19,-1,0.74,true,109210,2024-01-05 12:00,14.141,0.88,3.39,true,true,BELOW,false
547,2024-01-06 10:00,2024-01-09 12:30,109298,109596,299,13.556,13.476,0.593,0,3.408,11.02,UP,1,1,109298,2024-01-06 10:00,0,109298,2024-01-06 10:00,13.494,0.225,0,-1,1.17,true,109299,2024-01-06 10:15,13.573,0,0.62,true,true,ABOVE,false
548,2024-01-09 12:45,2024-01-09 20:45,109597,109629,33,13.839,13.78,0.437,0,12.506,37.27,BYPASS,0,0,,,,,,,,,,,,,,,,,,,BELOW,false
549,2024-01-09 21:00,2024-01-09 23:45,109630,109641,12,13.517,13.355,1.173,0,3.602,10.34,UP,1,1,109633,2024-01-09 21:45,3,109633,2024-01-09 21:45,13.477,0.753,3,-1,2.03,true,109634,2024-01-09 22:00,13.619,0,0,true,true,ABOVE,false
550,2024-01-10 00:00,2024-01-14 02:30,109642,110036,395,13.72,13.649,0.512,0,3.018,12.77,UP,1,1,109648,2024-01-10 01:30,6,109648,2024-01-10 01:30,13.713,0.901,6,-1,0.27,true,109649,2024-01-10 01:45,13.786,0.64,0.64,true,true,ABOVE,false
551,2024-01-14 02:45,2024-01-16 14:15,110037,110275,239,14.413,14.304,0.752,0,3.042,10.82,BYPASS,0,0,,,,,,,,,,,,,,,,,,,ABOVE,false
552,2024-01-16 14:30,2024-01-26 08:45,110276,111213,938,15.008,14.94,0.46,0,9.062,24.38,UP,1,2,110277,2024-01-16 14:45,1,110278,2024-01-16 15:00,14.944,0.059,2,-1,1.55,true,110279,2024-01-16 15:15,15.106,0,0,true,true,BELOW,false
553,2024-01-26 09:00,2024-02-01 23:45,111214,111849,636,13.817,13.783,0.246,0,4.772,12.04,BYPASS,0,0,,,,,,,,,,,,,,,,,,,ABOVE,false
554,2024-02-02 00:00,2024-02-02 13:15,111850,111903,54,17.211,17.123,0.501,0,6.513,22.65,BYPASS,0,0,,,,,,,,,,,,,,,,,,,ABOVE,false
555,2024-02-02 13:30,2024-02-02 20:30,111904,111932,29,17.922,17.84,0.455,0,7.47,27.58,UP,1,1,111908,2024-02-02 14:30,4,111908,2024-02-02 14:30,17.84,0,4,1,0.76,true,111909,2024-02-02 14:45,17.975,0,0,true,true,ABOVE,false
556,2024-02-02 20:45,2024-02-03 17:30,111933,112016,84,18.197,18.118,0.442,0,5.685,11.01,DOWN,1,1,111984,2024-02-03 09:30,51,111984,2024-02-03 09:30,18.123,0.063,51,-1,1.7,true,111985,2024-02-03 09:45,17.996,1.64,1.91,false,false,BELOW,false
557,2024-02-03 17:45,2024-02-03 23:00,112017,112038,22,17.95,17.905,0.254,0,5.259,19.72,BYPASS,0,0,,,,,,,,,,,,,,,,,,,BELOW,false
558,2024-02-03 23:15,2024-02-05 09:30,112039,112176,138,17.744,17.699,0.255,0,3.037,10.21,DOWN,1,1,112060,2024-02-04 04:30,21,112060,2024-02-04 04:30,17.716,0.378,21,-1,1.04,true,112061,2024-02-04 04:45,17.693,0.4,0.98,true,true,ABOVE,false
559,2024-02-05 09:45,2024-02-08 16:30,112177,112492,316,18.816,18.739,0.402,0,3.569,11.09,DOWN,1,3,112280,2024-02-06 11:30,103,112282,2024-02-06 12:00,18.81,0.922,105,-1,0.81,true,112283,2024-02-06 12:15,18.675,1.81,2.05,true,true,BELOW,false
560,2024-02-08 16:45,2024-02-11 23:45,112493,112809,317,18.455,18.344,0.609,0,2.414,10.63,UP,1,1,112532,2024-02-09 02:30,39,112532,2024-02-09 02:30,18.367,0.207,39,-1,1.56,true,112533,2024-02-09 02:45,18.466,1.25,1.25,true,true,ABOVE,false
561,2024-02-12 00:00,2024-02-12 11:45,112810,112857,48,20.155,20.068,0.426,0,8.709,18.79,DOWN,1,1,112817,2024-02-12 01:45,7,112817,2024-02-12 01:45,20.151,0.954,7,1,0.78,true,112818,2024-02-12 02:00,19.984,1.55,1.55,false,true,ABOVE,false
562,2024-02-12 12:00,2024-02-13 13:15,112858,112959,102,20.488,20.352,0.658,0,3.568,14.06,DOWN,1,2,112859,2024-02-12 12:15,1,112860,2024-02-12 12:30,20.354,0.015,2,1,1.58,true,112861,2024-02-12 12:45,20.318,2.32,2.32,false,true,BELOW,false
563,2024-02-13 13:30,2024-02-16 08:45,112960,113229,270,20.142,20.02,0.609,0,11.067,25.06,DOWN,1,1,113007,2024-02-14 01:15,47,113007,2024-02-14 01:15,20.047,0.221,47,-1,1.3,true,113008,2024-02-14 01:30,19.956,0.66,0.66,true,true,BELOW,false
564,2024-02-16 09:00,2024-02-18 18:00,113230,113458,229,19.97,19.871,0.501,0,3.502,14.21,UP,1,3,113234,2024-02-16 10:00,4,113236,2024-02-16 10:30,19.949,0.788,6,-1,0.52,true,113237,2024-02-16 10:45,20.018,0.06,3.8,true,true,OVERLAP,false
565,2024-02-18 18:15,2024-02-25 07:45,113459,114089,631,20.05,19.871,0.89,1,2.872,10.14,UP,1,1,113460,2024-02-18 18:30,1,113460,2024-02-18 18:30,20.006,0.754,1,1,2.61,true,113461,2024-02-18 18:45,20.094,0.03,0.03,true,true,BELOW,false
566,2024-02-25 08:00,2024-02-26 09:00,114090,114190,101,18.603,18.56,0.232,0,1.743,13.75,UP,1,2,114105,2024-02-25 11:45,15,114106,2024-02-25 12:00,18.59,0.698,16,1,1.37,true,114107,2024-02-25 12:15,18.643,0,0.2,true,true,BELOW,false
567,2024-02-26 09:15,2024-02-26 13:30,114191,114208,18,18.51,18.447,0.344,0,4.939,13.36,BYPASS,0,0,,,,,,,,,,,,,,,,,,,BELOW,false
568,2024-02-26 13:45,2024-02-28 13:45,114209,114401,193,18.384,18.325,0.319,0,7.855,15.09,BYPASS,0,0,,,,,,,,,,,,,,,,,,,ABOVE,false
569,2024-02-28 14:00,2024-03-05 03:45,114402,114937,536,19.448,19.34,0.538,0,43.627,48.94,UP,1,2,114439,2024-02-28 23:15,37,114440,2024-02-28 23:30,19.399,0.546,38,-1,0.72,true,114441,2024-02-28 23:45,19.454,0.42,0.42,true,true,ABOVE,false
570,2024-03-05 04:00,2024-03-09 14:45,114938,115365,428,20.178,20.073,0.509,0,5.743,14.13,DOWN,1,1,114989,2024-03-05 16:45,51,114989,2024-03-05 16:45,20.14,0.638,51,1,0.74,true,114990,2024-03-05 17:00,19.772,2.16,18.54,true,true,OVERLAP,false
571,2024-03-09 15:00,2024-03-10 12:15,115366,115451,86,20.178,20.051,0.627,1,3.592,14.91,DOWN,1,1,115374,2024-03-09 17:00,8,115374,2024-03-09 17:00,20.123,0.567,8,1,1.56,true,115375,2024-03-09 17:15,20.047,1.15,1.15,false,true,BELOW,false
572,2024-03-10 12:30,2024-03-10 21:15,115452,115487,36,19.909,19.828,0.41,0,5.488,16.41,UP,1,3,115453,2024-03-10 12:45,1,115455,2024-03-10 13:15,19.875,0.58,3,1,0.41,true,115456,2024-03-10 13:30,20.01,2.24,2.24,false,true,BELOW,false
573,2024-03-10 21:30,2024-03-18 13:00,115488,116222,735,19.811,19.704,0.531,0,6.698,20.69,DOWN,1,2,115893,2024-03-15 02:45,405,115894,2024-03-15 03:00,19.747,0.402,406,-1,1.98,true,115895,2024-03-15 03:15,19.245,2.92,6.43,false,false,BELOW,false
574,2024-03-18 13:15,2024-03-28 05:45,116223,117153,931,19.285,19.138,0.776,0,2.035,11.63,UP,1,6,116898,2024-03-25 14:00,675,116903,2024-03-25 15:15,19.274,0.925,680,1,0.73,true,116904,2024-03-25 15:30,19.346,0,0,true,true,OVERLAP,false
575,2024-03-28 06:00,2024-03-31 04:15,117154,117435,282,19.331,19.138,0.996,1,1.993,12.12,UP,1,1,117182,2024-03-28 13:00,28,117182,2024-03-28 13:00,19.314,0.912,28,1,0.97,true,117183,2024-03-28 13:15,19.358,0,0,true,true,BELOW,false
576,2024-03-31 04:30,2024-04-01 05:30,117436,117536,101,19.055,18.966,0.464,0,3.656,11.94,UP,1,1,117465,2024-03-31 11:45,29,117465,2024-03-31 11:45,19.046,0.899,29,1,0.78,true,117466,2024-03-31 12:00,19.079,0,0,true,true,OVERLAP,false
577,2024-04-01 05:45,2024-04-02 02:15,117537,117619,83,19.057,18.9,0.854,1,7.034,10.84,BYPASS,0,0,,,,,,,,,,,,,,,,,,,BELOW,false
578,2024-04-02 02:30,2024-04-08 19:00,117620,118262,643,18.277,18.048,1.3,0,7.1,10.54,UP,1,2,117635,2024-04-02 06:15,15,117636,2024-04-02 06:30,18.147,0.432,16,-1,0.51,true,117637,2024-04-02 06:45,18.338,1.41,1.83,true,true,ABOVE,false
579,2024-04-08 19:15,2024-04-12 15:45,118263,118633,371,18.351,18.314,0.203,0,5.765,17.13,BYPASS,0,0,,,,,,,,,,,,,,,,,,,BELOW,false
580,2024-04-12 16:00,2024-04-12 17:00,118634,118638,5,17.17,17.108,0.364,0,3.314,12.42,BYPASS,0,0,,,,,,,,,,,,,,,,,,,BELOW,false
581,2024-04-12 17:15,2024-04-13 19:30,118639,118744,106,17.005,16.889,0.726,0,10.911,10.01,BYPASS,0,0,,,,,,,,,,,,,,,,,,,BELOW,false
582,2024-04-13 19:45,2024-04-14 21:45,118745,118849,105,14.277,14.06,1.615,0,8.814,29.93,BYPASS,0,0,,,,,,,,,,,,,,,,,,,BELOW,false
583,2024-04-14 22:00,2024-04-16 20:45,118850,119037,188,13.461,13.368,0.67,0,8.41,18,UP,1,1,118941,2024-04-15 20:45,91,118941,2024-04-15 20:45,13.432,0.688,91,-1,0.36,true,118942,2024-04-15 21:00,13.471,0.27,0.82,true,true,BELOW,false
584,2024-04-16 21:00,2024-04-19 06:15,119038,119267,230,13.345,13.295,0.372,0,2.353,12.84,UP,1,2,119059,2024-04-17 02:15,21,119060,2024-04-17 02:30,13.34,0.9,22,-1,0.83,true,119061,2024-04-17 02:45,13.368,0,0,true,true,BELOW,false
585,2024-04-19 06:30,2024-04-19 22:45,119268,119333,66,13.226,13.176,0.37,0,3.36,13.47,BYPASS,0,0,,,,,,,,,,,,,,,,,,,ABOVE,false
586,2024-04-19 23:00,2024-04-21 07:00,119334,119462,129,14.041,13.986,0.397,0,9.594,12.95,UP,1,2,119346,2024-04-20 02:00,12,119347,2024-04-20 02:15,14.02,0.618,13,1,0.86,true,119348,2024-04-20 02:30,14.052,0.7,0.7,true,true,ABOVE,false
587,2024-04-21 07:15,2024-04-21 22:45,119463,119525,63,14.91,14.866,0.297,0,1.57,11.21,UP,1,1,119465,2024-04-21 07:45,2,119465,2024-04-21 07:45,14.889,0.523,2,1,0.92,true,119466,2024-04-21 08:00,14.935,0.85,1.23,true,true,OVERLAP,false
588,2024-04-21 23:00,2024-04-22 06:45,119526,119557,32,14.92,14.866,0.36,1,13.979,14.72,BYPASS,0,0,,,,,,,,,,,,,,,,,,,ABOVE,false
589,2024-04-22 07:00,2024-04-25 19:15,119558,119895,338,15.888,15.802,0.55,0,3.066,11.77,BYPASS,0,0,,,,,,,,,,,,,,,,,,,BELOW,false
590,2024-04-25 19:30,2024-05-01 06:45,119896,120421,526,14.759,14.723,0.245,0,4.431,13.27,UP,1,1,119899,2024-04-25 20:15,3,119899,2024-04-25 20:15,14.732,0.25,3,-1,0.46,true,119900,2024-04-25 20:30,14.783,0.9,2.64,true,true,BELOW,false
591,2024-05-01 07:00,2024-05-03 06:45,120422,120613,192,13.114,13.01,0.812,0,11.609,26.97,DOWN,1,2,120442,2024-05-01 12:00,20,120443,2024-05-01 12:15,13.014,0.038,21,-1,0.53,true,120444,2024-05-01 12:30,12.931,1.28,2.68,false,true,ABOVE,false
592,2024-05-03 07:00,2024-05-03 12:15,120614,120635,22,13.567,13.522,0.331,0,7.536,21.01,DOWN,1,1,120616,2024-05-03 07:30,2,120616,2024-05-03 07:30,13.523,0.022,2,1,1.23,true,120617,2024-05-03 07:45,13.495,0.35,0.52,true,true,ABOVE,false
593,2024-05-03 12:30,2024-05-07 22:45,120636,121061,426,13.651,13.611,0.29,0,12.682,12.57,BYPASS,0,0,,,,,,,,,,,,,,,,,,,ABOVE,false
594,2024-05-07 23:00,2024-05-12 20:30,121062,121532,471,14.216,14.131,0.607,0,12.668,21.46,DOWN,1,4,121196,2024-05-09 08:30,134,121199,2024-05-09 09:15,14.148,0.2,137,1,1.54,true,121200,2024-05-09 09:30,14.061,1.65,2.1,false,false,BELOW,false
595,2024-05-12 20:45,2024-05-14 05:45,121533,121665,133,13.543,13.514,0.215,0,8.935,11.2,UP,1,2,121538,2024-05-12 22:00,5,121539,2024-05-12 22:15,13.519,0.172,6,1,0.97,true,121540,2024-05-12 22:30,13.568,0,2.98,true,true,BELOW,false
596,2024-05-14 06:00,2024-05-15 12:15,121666,121787,122,13.513,13.461,0.395,0,9.266,17.76,DOWN,1,1,121675,2024-05-14 08:15,9,121675,2024-05-14 08:15,13.492,0.596,9,1,1.57,true,121676,2024-05-14 08:30,13.454,0.82,2.7,true,true,BELOW,false
597,2024-05-15 12:30,2024-05-18 03:45,121788,122041,254,13.094,13.021,0.547,0,9.742,18.74,BYPASS,0,0,,,,,,,,,,,,,,,,,,,ABOVE,false
598,2024-05-18 04:00,2024-05-20 19:00,122042,122294,253,16.167,16.128,0.243,0,2.195,12.39,UP,1,4,122069,2024-05-18 10:45,27,122072,2024-05-18 11:30,16.159,0.795,30,1,0.62,true,122073,2024-05-18 11:45,16.184,0.4,0.4,true,true,ABOVE,false
599,2024-05-20 19:15,2024-05-23 12:30,122295,122556,262,16.504,16.415,0.527,0,7.532,11.43,UP,1,1,122471,2024-05-22 15:15,176,122471,2024-05-22 15:15,16.416,0.011,176,-1,0.92,true,122472,2024-05-22 15:30,16.605,0,1.55,true,true,ABOVE,false
600,2024-05-23 12:45,2024-05-23 19:45,122557,122585,29,16.809,16.69,0.723,0,9.152,33.4,BYPASS,0,0,,,,,,,,,,,,,,,,,,,BELOW,false
601,2024-05-23 20:00,2024-05-24 21:15,122586,122687,102,16.022,15.917,0.668,0,12.319,26.05,BYPASS,0,0,,,,,,,,,,,,,,,,,,,ABOVE,false
602,2024-05-24 21:30,2024-05-28 01:30,122688,122992,305,17.286,17.223,0.362,0,6.003,18.6,UP,1,2,122690,2024-05-24 22:00,2,122691,2024-05-24 22:15,17.265,0.667,3,1,0.41,true,122692,2024-05-24 22:30,17.338,0.68,1.14,true,true,ABOVE,false
603,2024-05-28 01:45,2024-05-29 07:45,122993,123113,121,18.802,18.711,0.494,0,3.619,10.37,BYPASS,0,0,,,,,,,,,,,,,,,,,,,BELOW,false
604,2024-05-29 08:00,2024-05-30 05:45,123114,123201,88,18.397,18.29,0.59,0,3.756,14.83,UP,1,1,123119,2024-05-29 09:15,5,123119,2024-05-29 09:15,18.319,0.271,5,1,2.1,true,123120,2024-05-29 09:30,18.4,0,0,true,true,ABOVE,false
605,2024-05-30 06:00,2024-06-03 11:45,123202,123609,408,18.711,18.651,0.323,0,2.423,10.11,DOWN,1,1,123356,2024-05-31 20:30,154,123356,2024-05-31 20:30,18.693,0.7,154,1,2.85,true,123357,2024-05-31 20:45,18.568,1.43,2.02,false,false,BELOW,false
606,2024-06-03 12:00,2024-06-04 02:45,123610,123669,60,18,17.911,0.49,0,8.671,34.03,DOWN,1,1,123620,2024-06-03 14:30,10,123620,2024-06-03 14:30,17.958,0.528,10,-1,2.55,true,123621,2024-06-03 14:45,17.878,1.49,1.55,true,true,BELOW,false
607,2024-06-04 03:00,2024-06-04 19:15,123670,123735,66,17.591,17.555,0.204,0,3.61,11.5,UP,1,1,123677,2024-06-04 04:45,7,123677,2024-06-04 04:45,17.58,0.694,7,-1,1.03,true,123678,2024-06-04 05:00,17.61,0,0.46,true,true,ABOVE,false
608,2024-06-04 19:30,2024-06-06 19:15,123736,123927,192,17.723,17.67,0.3,0,2.628,12.29,DOWN,1,1,123737,2024-06-04 19:45,1,123737,2024-06-04 19:45,17.674,0.075,1,1,0.63,true,123738,2024-06-04 20:00,17.66,0.27,0.27,true,true,BELOW,false
609,2024-06-06 19:30,2024-06-07 17:45,123928,124017,90,17.332,17.292,0.232,0,4.424,12.08,DOWN,1,2,123943,2024-06-06 23:15,15,123944,2024-06-06 23:30,17.306,0.35,16,-1,0.52,true,123945,2024-06-06 23:45,17.267,0.24,0.24,true,true,OVERLAP,false
610,2024-06-07 18:00,2024-06-09 23:45,124018,124233,216,17.35,17.035,2.052,1,9.217,17.09,BYPASS,0,0,,,,,,,,,,,,,,,,,,,BELOW,false
611,2024-06-10 00:00,2024-06-11 01:30,124234,124336,103,16.375,16.317,0.355,0,6.332,13.7,DOWN,1,1,124234,2024-06-10 00:00,0,124234,2024-06-10 00:00,16.322,0.086,0,1,5.92,true,124235,2024-06-10 00:15,16.289,0.9,1.99,false,false,BELOW,false
612,2024-06-11 01:45,2024-06-12 07:45,124337,124457,121,15.859,15.812,0.302,0,27.924,31.58,BYPASS,0,0,,,,,,,,,,,,,,,,,,,BELOW,false
613,2024-06-12 08:00,2024-06-12 11:00,124458,124470,13,15.278,15.2,0.505,0,8.068,18.49,UP,1,1,124460,2024-06-12 08:30,2,124460,2024-06-12 08:30,15.265,0.833,2,1,2.73,true,124461,2024-06-12 08:45,15.289,0,0.18,true,true,ABOVE,false
614,2024-06-12 11:15,2024-06-12 17:45,124471,124497,27,15.4,15.359,0.269,0,4.806,14.05,BYPASS,0,0,,,,,,,,,,,,,,,,,,,ABOVE,false
615,2024-06-12 18:00,2024-06-16 21:45,124498,124897,400,16.233,16.134,0.617,0,9.684,25.36,DOWN,1,1,124500,2024-06-12 18:30,2,124500,2024-06-12 18:30,16.179,0.455,2,1,1.36,true,124501,2024-06-12 18:45,16.026,3.3,3.3,true,true,BELOW,false
616,2024-06-16 22:00,2024-06-18 01:00,124898,125006,109,15.106,15.082,0.158,0,8.719,16.48,UP,1,2,124903,2024-06-16 23:15,5,124904,2024-06-16 23:30,15.103,0.875,6,1,0.95,true,124905,2024-06-16 23:45,15.134,1.06,2.31,true,true,BELOW,false
617,2024-06-18 01:15,2024-06-20 23:45,125007,125289,283,14.579,14.327,1.81,0,4.822,11.99,DOWN,1,2,125125,2024-06-19 06:45,118,125126,2024-06-19 07:00,14.336,0.036,119,1,1.48,true,125127,2024-06-19 07:15,14.284,0.77,1.16,true,true,BELOW,false
618,2024-06-21 00:00,2024-06-21 07:00,125290,125318,29,14.266,14.242,0.17,0,7.854,14.88,UP,1,1,125296,2024-06-21 01:30,6,125296,2024-06-21 01:30,14.253,0.458,6,-1,0.87,true,125297,2024-06-21 01:45,14.3,0.42,0.67,true,true,BELOW,false
619,2024-06-21 07:15,2024-06-21 11:45,125319,125337,19,14.218,14.169,0.34,0,6.636,16.32,BYPASS,0,0,,,,,,,,,,,,,,,,,,,ABOVE,false
620,2024-06-21 12:00,2024-06-23 20:15,125338,125563,226,14.529,14.434,0.662,0,4.202,10.5,DOWN,1,1,125349,2024-06-21 14:45,11,125349,2024-06-21 14:45,14.449,0.158,11,-1,0.75,true,125350,2024-06-21 15:00,14.417,2.82,3.4,false,false,BELOW,false
621,2024-06-23 20:30,2024-06-24 09:15,125564,125615,52,13.388,13.328,0.452,0,7.916,20.37,DOWN,1,1,125566,2024-06-23 21:00,2,125566,2024-06-23 21:00,13.371,0.717,2,-1,1.18,true,125567,2024-06-23 21:15,13.319,0.75,2.31,true,true,BELOW,false
622,2024-06-24 09:30,2024-06-27 17:15,125616,125935,320,13.089,13.002,0.676,0,10.29,31.33,UP,1,1,125659,2024-06-24 20:15,43,125659,2024-06-24 20:15,13.073,0.816,43,1,1.3,true,125660,2024-06-24 20:30,13.112,0,0,true,true,ABOVE,false
623,2024-06-27 17:30,2024-06-28 07:00,125936,125990,55,14.214,14.166,0.333,0,13.477,24.66,BYPASS,0,0,,,,,,,,,,,,,,,,,,,ABOVE,false
624,2024-06-28 07:15,2024-07-02 13:15,125991,126399,409,14.256,14.224,0.226,0,4.171,12.11,UP,1,3,125998,2024-06-28 09:00,7,126000,2024-06-28 09:30,14.256,1,9,1,1.01,true,126001,2024-06-28 09:45,14.304,0,0,true,true,ABOVE,false
625,2024-07-02 13:30,2024-07-04 12:30,126400,126588,189,14.625,14.588,0.253,0,3.525,10.92,DOWN,1,1,126400,2024-07-02 13:30,0,126400,2024-07-02 13:30,14.611,0.622,0,1,2.08,true,126401,2024-07-02 13:45,14.51,1.67,1.67,false,false,BELOW,false
626,2024-07-04 12:45,2024-07-09 12:45,126589,127069,481,13.041,12.93,0.867,0,2.588,10.61,DOWN,1,1,126598,2024-07-04 15:00,9,126598,2024-07-04 15:00,12.943,0.117,9,-1,0.55,true,126599,2024-07-04 15:15,12.912,0.16,0.42,true,true,ABOVE,false
627,2024-07-09 13:00,2024-07-10 12:15,127070,127163,94,13.211,13.15,0.467,0,3.573,10.6,BYPASS,0,0,,,,,,,,,,,,,,,,,,,BELOW,false
628,2024-07-10 12:30,2024-07-13 16:30,127164,127468,305,12.918,12.864,0.422,0,3.937,19.59,DOWN,1,2,127165,2024-07-10 12:45,1,127166,2024-07-10 13:00,12.916,0.963,2,1,2.35,true,127167,2024-07-10 13:15,12.839,1.11,1.11,false,true,ABOVE,false
629,2024-07-13 16:45,2024-07-14 06:30,127469,127524,56,13.086,13.022,0.493,0,4.214,11.21,DOWN,1,3,127480,2024-07-13 19:30,11,127482,2024-07-13 20:00,13.038,0.25,13,1,1.02,true,127483,2024-07-13 20:15,13.021,1.17,1.17,false,true,OVERLAP,false
630,2024-07-14 06:45,2024-07-19 13:15,127525,128031,507,13.129,13.022,0.82,1,8.131,12.08,UP,1,6,127525,2024-07-14 06:45,0,127530,2024-07-14 08:00,13.085,0.589,5,1,0.62,true,127531,2024-07-14 08:15,13.134,0,0.35,true,true,ABOVE,false
631,2024-07-19 13:30,2024-07-24 07:45,128032,128489,458,13.488,13.415,0.539,0,3.145,10.8,BYPASS,0,0,,,,,,,,,,,,,,,,,,,ABOVE,false
632,2024-07-24 08:00,2024-07-24 20:45,128490,128541,52,13.854,13.827,0.196,0,3.898,12.05,DOWN,1,1,128498,2024-07-24 10:00,8,128498,2024-07-24 10:00,13.833,0.222,8,-1,0.77,true,128499,2024-07-24 10:15,13.814,0.2,1.21,true,true,BELOW,false
633,2024-07-24 21:00,2024-07-25 00:45,128542,128557,16,13.62,13.588,0.238,0,5.021,13.55,BYPASS,0,0,,,,,,,,,,,,,,,,,,,BELOW,false
634,2024-07-25 01:00,2024-07-26 23:45,128558,128745,188,13.441,13.38,0.467,0,20.332,47.36,UP,1,5,128670,2024-07-26 05:00,112,128674,2024-07-26 06:00,13.441,1,116,1,1.11,true,128675,2024-07-26 06:15,13.466,0,0.85,true,true,ABOVE,false
635,2024-07-27 00:00,2024-07-28 23:45,128746,128937,192,13.547,13.52,0.199,0,3.565,12.09,UP,1,1,128746,2024-07-27 00:00,0,128746,2024-07-27 00:00,13.546,0.963,0,1,1.88,true,128747,2024-07-27 00:15,13.574,0.74,0.74,true,true,BELOW,false
636,2024-07-29 00:00,2024-07-30 16:45,128938,129101,164,13.302,13.272,0.223,0,8.825,12.2,BYPASS,0,0,,,,,,,,,,,,,,,,,,,ABOVE,false
637,2024-07-30 17:00,2024-08-04 13:45,129102,129569,468,13.554,13.448,0.792,0,3.369,10.71,BYPASS,0,0,,,,,,,,,,,,,,,,,,,BELOW,false
638,2024-08-04 14:00,2024-08-05 09:30,129570,129648,79,11.558,11.515,0.377,0,4.937,11.62,BYPASS,0,0,,,,,,,,,,,,,,,,,,,BELOW,false
639,2024-08-05 09:45,2024-08-08 12:15,129649,129947,299,8.969,8.845,1.408,0,2.24,15.35,UP,1,1,129665,2024-08-05 13:45,16,129665,2024-08-05 13:45,8.925,0.645,16,-1,1.54,true,129666,2024-08-05 14:00,9.127,0,0,true,true,ABOVE,false
640,2024-08-08 12:30,2024-08-11 19:45,129948,130265,318,10.033,9.985,0.472,0,6.926,30.36,UP,1,1,129953,2024-08-08 13:45,5,129953,2024-08-08 13:45,10.008,0.479,5,1,3.29,true,129954,2024-08-08 14:00,10.071,0,0,true,true,ABOVE,false
641,2024-08-11 20:00,2024-08-18 09:30,130266,130896,631,10.262,10.199,0.623,0,7.082,11.14,UP,1,2,130312,2024-08-12 07:30,46,130313,2024-08-12 07:45,10.23,0.492,47,-1,1.57,true,130314,2024-08-12 08:00,10.358,0,0.6,true,true,BELOW,false
642,2024-08-18 09:45,2024-08-18 15:15,130897,130919,23,10.127,10.093,0.334,0,3.292,13.98,BYPASS,0,0,,,,,,,,,,,,,,,,,,,ABOVE,false
643,2024-08-18 15:30,2024-08-18 18:30,130920,130932,13,10.252,10.22,0.308,0,13.056,34.16,BYPASS,0,0,,,,,,,,,,,,,,,,,,,ABOVE,false
644,2024-08-18 18:45,2024-08-19 09:30,130933,130992,60,10.413,10.372,0.398,0,4.016,10.21,BYPASS,0,0,,,,,,,,,,,,,,,,,,,BELOW,false
645,2024-08-19 09:45,2024-08-21 13:15,130993,131199,207,10.157,10.12,0.37,0,7.783,24.93,DOWN,1,1,131036,2024-08-19 20:30,43,131036,2024-08-19 20:30,10.136,0.432,43,-1,0.5,true,131037,2024-08-19 20:45,10.111,0.55,0.55,false,true,ABOVE,false
646,2024-08-21 13:30,2024-08-23 13:45,131200,131393,194,10.319,10.279,0.393,0,5.901,14.76,UP,1,1,131202,2024-08-21 14:00,2,131202,2024-08-21 14:00,10.314,0.875,2,1,5.61,true,131203,2024-08-21 14:15,10.338,0.01,0.01,true,true,ABOVE,false
647,2024-08-23 14:00,2024-08-27 20:45,131394,131805,412,11.633,11.573,0.51,0,6.78,11.36,DOWN,1,2,131395,2024-08-23 14:15,1,131396,2024-08-23 14:30,11.619,0.767,2,1,1.62,true,131397,2024-08-23 14:45,11.57,0.16,0.16,true,true,OVERLAP,false
648,2024-08-27 21:00,2024-08-29 21:45,131806,132001,196,11.633,11.528,0.918,1,4.458,12.54,UP,1,2,131866,2024-08-28 12:00,60,131867,2024-08-28 12:15,11.619,0.867,61,1,0.61,true,131868,2024-08-28 12:30,11.681,1.61,4.35,true,true,BELOW,false
649,2024-08-29 22:00,2024-09-03 19:30,132002,132472,471,10.933,10.905,0.257,0,6.947,23.16,DOWN,1,1,132004,2024-08-29 22:30,2,132004,2024-08-29 22:30,10.924,0.679,2,-1,0.43,true,132005,2024-08-29 22:45,10.892,0.31,0.31,true,true,BELOW,false
650,2024-09-03 19:45,2024-09-05 02:45,132473,132597,125,10.322,10.272,0.477,0,8.334,14.68,UP,1,1,132489,2024-09-03 23:45,16,132489,2024-09-03 23:45,10.311,0.78,16,-1,1.51,true,132490,2024-09-04 00:00,10.36,4.48,4.48,true,true,OVERLAP,false
651,2024-09-05 03:00,2024-09-06 07:00,132598,132710,113,10.33,10.272,0.569,1,3.893,10.8,DOWN,1,2,132615,2024-09-05 07:15,17,132616,2024-09-05 07:30,10.291,0.328,18,-1,0.47,true,132617,2024-09-05 07:45,10.269,0.92,1.49,false,false,BELOW,false
652,2024-09-06 07:15,2024-09-06 12:15,132711,132731,21,10.022,9.961,0.619,0,5.876,10.95,BYPASS,0,0,,,,,,,,,,,,,,,,,,,BELOW,false
653,2024-09-06 12:30,2024-09-07 07:00,132732,132806,75,9.948,9.871,0.768,0,4.86,15.31,DOWN,1,1,132736,2024-09-06 13:30,4,132736,2024-09-06 13:30,9.91,0.506,4,-1,5.09,true,132737,2024-09-06 13:45,9.851,2.97,4.23,false,false,BELOW,false
654,2024-09-07 07:15,2024-09-08 00:30,132807,132876,70,9.846,9.811,0.352,0,20.571,32.7,BYPASS,0,0,,,,,,,,,,,,,,,,,,,ABOVE,false
655,2024-09-08 00:45,2024-09-10 06:45,132877,133093,217,10.009,9.988,0.21,0,4.049,11.19,UP,1,1,132877,2024-09-08 00:45,0,132877,2024-09-08 00:45,9.993,0.238,0,1,2.66,true,132878,2024-09-08 01:00,10.018,0,0,true,true,ABOVE,false
656,2024-09-10 07:00,2024-09-14 17:45,133094,133521,428,10.409,10.394,0.144,0,8.073,21.56,UP,1,1,133169,2024-09-11 01:45,75,133169,2024-09-11 01:45,10.394,0,75,1,1.54,true,133170,2024-09-11 02:00,10.457,0.08,0.9,true,true,ABOVE,false
657,2024-09-14 18:00,2024-09-17 18:30,133522,133812,291,11.315,11.299,0.142,0,10.807,13.02,UP,1,2,133525,2024-09-14 18:45,3,133526,2024-09-14 19:00,11.301,0.125,4,-1,0.64,true,133527,2024-09-14 19:15,11.33,0.12,0.37,true,true,BELOW,false
658,2024-09-17 18:45,2024-09-18 17:45,133813,133905,93,10.748,10.716,0.299,0,2.805,11.66,BYPASS,0,0,,,,,,,,,,,,,,,,,,,BELOW,false
659,2024-09-18 18:00,2024-09-23 21:00,133906,134398,493,10.468,10.405,0.602,0,7.118,14.24,UP,1,1,133906,2024-09-18 18:00,0,133906,2024-09-18 18:00,10.468,1,0,-1,9.21,true,133907,2024-09-18 18:15,10.572,0,0,true,true,ABOVE,false
660,2024-09-23 21:15,2024-09-27 21:45,134399,134785,387,11.45,11.413,0.324,0,2.574,15.7,DOWN,1,5,134399,2024-09-23 21:15,0,134403,2024-09-23 22:15,11.422,0.243,4,1,0.53,true,134404,2024-09-23 22:30,11.383,1.23,1.92,false,false,ABOVE,false
661,2024-09-27 22:00,2024-09-28 03:00,134786,134806,21,12.648,12.63,0.142,0,3.166,12.13,BYPASS,0,0,,,,,,,,,,,,,,,,,,,ABOVE,false
662,2024-09-28 03:15,2024-10-03 21:45,134807,135361,555,12.874,12.823,0.401,0,6.462,10.79,UP,1,3,134852,2024-09-28 14:30,45,134854,2024-09-28 15:00,12.857,0.667,47,-1,1.1,true,134855,2024-09-28 15:15,12.929,0.73,0.8,true,true,BELOW,false
663,2024-10-03 22:00,2024-10-04 12:15,135362,135419,58,10.643,10.626,0.16,0,4.855,10.1,UP,1,1,135362,2024-10-03 22:00,0,135362,2024-10-03 22:00,10.628,0.118,0,-1,0.95,true,135363,2024-10-03 22:15,10.646,0.27,0.35,true,true,ABOVE,false
664,2024-10-04 12:30,2024-10-07 22:30,135420,135748,329,10.988,10.935,0.485,0,6.24,10.43,UP,1,1,135423,2024-10-04 13:15,3,135423,2024-10-04 13:15,10.97,0.66,3,1,0.93,true,135424,2024-10-04 13:30,11.029,0.43,0.43,true,true,ABOVE,false
665,2024-10-07 22:45,2024-10-10 17:30,135749,136016,268,11.333,11.276,0.51,0,4.04,17.78,BYPASS,0,0,,,,,,,,,,,,,,,,,,,BELOW,false
666,2024-10-10 17:45,2024-10-11 01:30,136017,136048,32,10.593,10.543,0.479,0,5.897,14.14,DOWN,1,1,136033,2024-10-10 21:45,16,136033,2024-10-10 21:45,10.562,0.38,16,-1,0.38,true,136034,2024-10-10 22:00,10.497,0.58,0.58,true,true,BELOW,false
667,2024-10-11 01:45,2024-10-20 21:45,136049,136993,945,10.524,10.498,0.245,0,3.324,10.51,BYPASS,0,0,,,,,,,,,,,,,,,,,,,ABOVE,false
668,2024-10-20 22:00,2024-10-26 13:30,136994,137536,543,11.909,11.875,0.286,0,6.07,11.08,DOWN,1,4,137009,2024-10-21 01:45,15,137012,2024-10-21 02:30,11.884,0.265,18,1,0.76,true,137013,2024-10-21 02:45,11.834,0.75,0.75,true,true,BELOW,false
669,2024-10-26 13:45,2024-10-29 13:15,137537,137823,287,11.079,11.028,0.466,0,6.088,11.08,DOWN,1,3,137564,2024-10-26 20:30,27,137566,2024-10-26 21:00,11.074,0.902,29,-1,0.54,true,137567,2024-10-26 21:15,11.008,0.56,1.22,false,false,ABOVE,false
670,2024-10-29 13:30,2024-11-02 16:45,137824,138221,398,11.5,11.475,0.218,0,2.343,10.16,UP,1,1,137824,2024-10-29 13:30,0,137824,2024-10-29 13:30,11.492,0.68,0,1,2.31,true,137825,2024-10-29 13:45,11.507,0.64,0.64,true,true,BELOW,false
671,2024-11-02 17:00,2024-11-05 19:30,138222,138520,299,11.199,11.161,0.34,0,6.762,12.64,DOWN,1,1,138222,2024-11-02 17:00,0,138222,2024-11-02 17:00,11.176,0.395,0,-1,2.8,true,138223,2024-11-02 17:15,11.148,0.83,0.83,true,true,BELOW,false
672,2024-11-05 19:45,2024-11-08 04:00,138521,138746,226,10.847,10.811,0.338,0,5.679,21.13,DOWN,1,1,138526,2024-11-05 21:00,5,138526,2024-11-05 21:00,10.815,0.111,5,1,0.76,true,138527,2024-11-05 21:15,10.798,1.02,1.02,true,true,ABOVE,false
673,2024-11-08 04:15,2024-11-09 13:00,138747,138878,132,12.683,12.633,0.39,0,2.055,10.37,BYPASS,0,0,,,,,,,,,,,,,,,,,,,ABOVE,false
674,2024-11-09 13:15,2024-11-10 03:45,138879,138937,59,13.523,13.458,0.479,0,20.503,95.28,DOWN,1,3,138881,2024-11-09 13:45,2,138883,2024-11-09 14:15,13.515,0.877,4,1,0.38,true,138884,2024-11-09 14:30,13.395,0.47,1.17,true,true,ABOVE,false
675,2024-11-10 04:00,2024-11-11 22:00,138938,139106,169,13.968,13.927,0.287,0,5.402,10.18,DOWN,1,1,139039,2024-11-11 05:15,101,139039,2024-11-11 05:15,13.956,0.707,101,-1,3.01,true,139040,2024-11-11 05:30,13.85,2.22,2.22,false,true,ABOVE,false
676,2024-11-11 22:15,2024-11-19 13:45,139107,139841,735,14.626,14.462,1.137,0,2.721,11.42,UP,1,1,139116,2024-11-12 00:30,9,139116,2024-11-12 00:30,14.565,0.628,9,1,0.82,true,139117,2024-11-12 00:45,14.761,0,0,true,true,OVERLAP,false
677,2024-11-19 14:00,2024-11-22 18:30,139842,140148,307,14.797,14.462,2.272,1,3.64,10.07,UP,1,2,139842,2024-11-19 14:00,0,139843,2024-11-19 14:15,14.753,0.869,1,1,0.76,true,139844,2024-11-19 14:30,14.832,0,0,true,true,ABOVE,false
678,2024-11-22 18:45,2024-12-01 07:45,140149,140969,821,15.474,15.335,0.91,0,4.091,19.73,DOWN,1,1,140151,2024-11-22 19:15,2,140151,2024-11-22 19:15,15.474,1,2,1,0.85,true,140152,2024-11-22 19:30,15.291,0.98,0.98,true,true,ABOVE,false
679,2024-12-01 08:00,2024-12-02 13:00,140970,141086,117,18.696,18.646,0.267,0,2.042,11.79,DOWN,1,3,140975,2024-12-01 09:15,5,140977,2024-12-01 09:45,18.658,0.24,7,-1,0.41,true,140978,2024-12-01 10:00,18.639,0.68,0.68,true,true,ABOVE,false
680,2024-12-02 13:15,2024-12-17 07:30,141087,142504,1418,20.264,19.842,2.007,0,2.314,11.09,BYPASS,0,0,,,,,,,,,,,,,,,,,,,ABOVE,false
681,2024-12-17 07:45,2024-12-21 04:15,142505,142875,371,28.409,28.295,0.405,0,2.948,11.95,DOWN,1,1,142510,2024-12-17 09:00,5,142510,2024-12-17 09:00,28.312,0.149,5,-1,1.05,true,142511,2024-12-17 09:15,28.19,0.4,2.91,true,true,BELOW,false
682,2024-12-21 04:30,2024-12-22 07:45,142876,142985,110,23.352,23.22,0.561,0,2.436,11.96,DOWN,1,1,142907,2024-12-21 12:15,31,142907,2024-12-21 12:15,23.352,1,31,1,0.87,true,142908,2024-12-21 12:30,23.047,4.17,4.17,false,false,BELOW,false
683,2024-12-22 08:00,2024-12-28 01:00,142986,143534,549,22.021,21.901,0.541,0,2.554,12.51,DOWN,1,1,143031,2024-12-22 19:15,45,143031,2024-12-22 19:15,21.987,0.717,45,-1,0.67,true,143032,2024-12-22 19:30,21.8,2.76,2.76,true,true,BELOW,false
684,2024-12-28 01:15,2024-12-31 17:15,143535,143887,353,21.491,21.385,0.498,0,2.741,13.18,DOWN,1,4,143536,2024-12-28 01:30,1,143539,2024-12-28 02:15,21.428,0.406,4,-1,0.29,true,143540,2024-12-28 02:30,21.349,0.63,1.55,true,true,BELOW,false
685,2024-12-31 17:30,2025-01-07 11:15,143888,144535,648,20.644,20.516,0.636,0,7.486,13.27,UP,1,4,143977,2025-01-01 15:45,89,143980,2025-01-01 16:30,20.553,0.289,92,1,1.16,true,143981,2025-01-01 16:45,20.675,0.83,0.83,true,true,ABOVE,false
686,2025-01-07 11:30,2025-01-08 02:45,144536,144597,62,23.423,23.343,0.345,0,3.866,11.71,DOWN,1,1,144543,2025-01-07 13:15,7,144543,2025-01-07 13:15,23.352,0.113,7,-1,1.2,true,144544,2025-01-07 13:30,23.311,7.18,8.47,false,false,BELOW,false
687,2025-01-08 03:00,2025-01-09 22:15,144598,144771,174,21.429,21.286,0.676,0,11.677,31.41,BYPASS,0,0,,,,,,,,,,,,,,,,,,,BELOW,false
688,2025-01-09 22:30,2025-01-10 13:15,144772,144831,60,19.625,19.458,0.844,0,1.532,12.48,UP,1,2,144775,2025-01-09 23:15,3,144776,2025-01-09 23:30,19.601,0.856,4,-1,0.39,true,144777,2025-01-09 23:45,19.635,0,0,true,true,ABOVE,false
689,2025-01-10 13:30,2025-01-12 08:15,144832,145003,172,20.43,20.262,0.847,0,10.799,14.71,DOWN,1,1,144850,2025-01-10 18:00,18,144850,2025-01-10 18:00,20.334,0.429,18,1,0.9,true,144851,2025-01-10 18:15,20.251,0.8,0.8,true,true,BELOW,false
690,2025-01-12 08:30,2025-01-13 14:15,145004,145123,120,20.072,20.011,0.306,0,3.166,10.42,DOWN,1,1,145016,2025-01-12 11:30,12,145016,2025-01-12 11:30,20.032,0.344,12,-1,0.82,true,145017,2025-01-12 11:45,19.956,0.79,0.79,false,true,BELOW,false
691,2025-01-13 14:30,2025-01-14 13:15,145124,145215,92,18.443,18.268,0.941,0,9.302,32.72,DOWN,1,1,145138,2025-01-13 18:00,14,145138,2025-01-13 18:00,18.435,0.954,14,-1,0.63,true,145139,2025-01-13 18:15,18.234,0.19,0.19,true,true,ABOVE,false
692,2025-01-14 13:30,2025-01-15 13:15,145216,145311,96,19.888,19.806,0.409,0,6.936,15.13,BYPASS,0,0,,,,,,,,,,,,,,,,,,,ABOVE,false
693,2025-01-15 13:30,2025-01-20 06:30,145312,145764,453,20.423,20.17,1.206,0,6.918,10.08,BYPASS,0,0,,,,,,,,,,,,,,,,,,,ABOVE,false
694,2025-01-20 06:45,2025-01-27 07:00,145765,146438,674,25.204,24.472,2.828,0,3.322,10.09,UP,1,4,145786,2025-01-20 12:00,21,145789,2025-01-20 12:45,24.975,0.687,24,1,0.75,true,145790,2025-01-20 13:00,26.179,0,1.93,true,true,BELOW,false
695,2025-01-27 07:15,2025-01-27 23:45,146439,146505,67,23.315,23.152,0.73,0,5.018,10.35,DOWN,1,1,146465,2025-01-27 13:45,26,146465,2025-01-27 13:45,23.29,0.847,26,-1,1.03,true,146466,2025-01-27 14:00,23.106,0.33,1.65,true,true,ABOVE,false
696,2025-01-28 00:00,2025-01-28 20:15,146506,146587,82,24.209,23.967,0.995,0,4.316,14.16,DOWN,1,3,146507,2025-01-28 00:15,1,146509,2025-01-28 00:45,24.008,0.169,3,1,0.42,true,146510,2025-01-28 01:00,23.956,0.83,0.83,true,true,BELOW,false
697,2025-01-28 20:30,2025-01-29 12:45,146588,146653,66,23.374,23.201,0.745,0,3.713,11.67,DOWN,1,1,146588,2025-01-28 20:30,0,146588,2025-01-28 20:30,23.216,0.087,0,-1,2.15,true,146589,2025-01-28 20:45,22.937,3.07,3.73,false,true,OVERLAP,false
698,2025-01-29 13:00,2025-02-02 22:15,146654,147075,422,23.374,23.2,0.756,1,3.31,10.13,DOWN,1,1,146970,2025-02-01 20:00,316,146970,2025-02-01 20:00,23.235,0.201,316,-1,2.95,true,146971,2025-02-01 20:15,23.168,0.83,1.96,true,true,BELOW,false
699,2025-02-02 22:30,2025-02-09 03:15,147076,147671,596,20.745,20.347,2.005,0,3.133,20.45,DOWN,1,1,147081,2025-02-02 23:45,5,147081,2025-02-02 23:45,20.45,0.259,5,-1,0.75,true,147082,2025-02-03 00:00,19.982,24.17,24.17,false,false,BELOW,false
700,2025-02-09 03:30,2025-02-12 22:00,147672,148034,363,18.467,18.371,0.512,0,2.871,11.07,UP,1,1,147717,2025-02-09 14:45,45,147717,2025-02-09 14:45,18.377,0.063,45,1,1.15,true,147718,2025-02-09 15:00,18.598,0,0.19,true,true,ABOVE,false
701,2025-02-12 22:15,2025-02-17 04:45,148035,148445,411,18.865,18.777,0.456,0,4.566,11.73,DOWN,1,7,148069,2025-02-13 06:45,34,148075,2025-02-13 08:15,18.83,0.602,40,1,1.2,true,148076,2025-02-13 08:30,18.725,0.82,3.08,true,true,BELOW,false
702,2025-02-17 05:00,2025-02-24 21:45,148446,149185,740,18.707,18.579,0.688,0,4.065,14.53,DOWN,1,1,148446,2025-02-17 05:00,0,148446,2025-02-17 05:00,18.618,0.305,0,-1,5.03,true,148447,2025-02-17 05:15,18.497,0.53,0.53,true,true,BELOW,false
703,2025-02-24 22:00,2025-03-03 11:45,149186,149817,632,16.137,15.942,1.265,0,9.718,11.53,UP,1,2,149805,2025-03-03 08:45,619,149806,2025-03-03 09:00,16.08,0.708,620,-1,2.39,true,149807,2025-03-03 09:15,16.218,0,0,true,true,ABOVE,false
704,2025-03-03 12:00,2025-03-04 14:15,149818,149923,106,16.314,16.239,0.456,0,4.426,12.19,DOWN,1,1,149833,2025-03-03 15:45,15,149833,2025-03-03 15:45,16.252,0.173,15,-1,0.7,true,149834,2025-03-03 16:00,16.178,1.22,11.56,true,true,BELOW,false
705,2025-03-04 14:30,2025-03-04 21:00,149924,149950,27,13.582,13.403,1.285,0,5.223,23.21,UP,1,1,149927,2025-03-04 15:15,3,149927,2025-03-04 15:15,13.493,0.503,3,-1,2.56,true,149928,2025-03-04 15:30,13.705,2.54,2.54,true,true,ABOVE,false
706,2025-03-04 21:15,2025-03-06 09:45,149951,150097,147,14.464,14.302,1.059,0,8.18,17.75,BYPASS,0,0,,,,,,,,,,,,,,,,,,,ABOVE,false
707,2025-03-06 10:00,2025-03-06 21:45,150098,150145,48,17.262,17.152,0.631,0,1.623,10.61,DOWN,1,1,150108,2025-03-06 12:30,10,150108,2025-03-06 12:30,17.166,0.127,10,1,0.93,true,150109,2025-03-06 12:45,17.059,3.21,3.64,false,true,BELOW,false
708,2025-03-06 22:00,2025-03-07 13:15,150146,150207,62,16.887,16.79,0.565,0,4.76,11.46,UP,1,2,150182,2025-03-07 07:00,36,150183,2025-03-07 07:15,16.82,0.309,37,-1,0.93,true,150184,2025-03-07 07:30,16.925,0.04,0.04,true,true,ABOVE,false
709,2025-03-07 13:30,2025-03-11 09:15,150208,150575,368,17.016,16.892,0.717,0,6.141,14.43,UP,1,1,150211,2025-03-07 14:15,3,150211,2025-03-07 14:15,16.915,0.185,3,1,1.2,true,150212,2025-03-07 14:30,17.175,3.87,4.55,true,true,BELOW,false
710,2025-03-11 09:30,2025-03-14 08:00,150576,150858,283,13.049,12.879,1.302,0,2.177,12.81,UP,1,2,150577,2025-03-11 09:45,1,150578,2025-03-11 10:00,12.977,0.576,2,-1,0.59,true,150579,2025-03-11 10:15,13.053,0.33,4.03,true,true,ABOVE,false
711,2025-03-14 08:15,2025-03-16 15:45,150859,151081,223,13.381,13.305,0.536,0,27.549,82.47,UP,1,1,151073,2025-03-16 13:45,214,151073,2025-03-16 13:45,13.353,0.632,214,-1,2.03,true,151074,2025-03-16 14:00,13.382,0,0,true,true,ABOVE,false
712,2025-03-16 16:00,2025-03-16 21:45,151082,151105,24,13.509,13.452,0.417,0,6.417,11.68,DOWN,1,2,151094,2025-03-16 19:00,12,151095,2025-03-16 19:15,13.466,0.246,13,-1,1.8,true,151096,2025-03-16 19:30,13.439,0.58,1.87,true,true,BELOW,false
713,2025-03-16 22:00,2025-03-21 10:00,151106,151538,433,13.438,13.362,0.569,0,3.4,12.46,DOWN,1,1,151107,2025-03-16 22:15,1,151107,2025-03-16 22:15,13.392,0.395,1,-1,0.92,true,151108,2025-03-16 22:30,13.332,1.2,1.2,true,true,ABOVE,false
714,2025-03-21 10:15,2025-03-23 08:45,151539,151725,187,14.17,14.116,0.385,0,5.496,31.77,DOWN,1,3,151582,2025-03-21 21:00,43,151584,2025-03-21 21:30,14.118,0.037,45,-1,0.98,true,151585,2025-03-21 21:45,14.076,1.42,1.42,false,false,ABOVE,false
715,2025-03-23 09:00,2025-03-24 15:30,151726,151848,123,14.327,14.257,0.489,0,6.973,15.05,DOWN,1,3,151726,2025-03-23 09:00,0,151728,2025-03-23 09:30,14.275,0.257,2,1,1.13,true,151729,2025-03-23 09:45,14.253,0.04,0.04,true,true,ABOVE,false
716,2025-03-24 15:45,2025-03-28 04:15,151849,152187,339,15.142,15.069,0.48,0,9.194,14.8,DOWN,1,1,151850,2025-03-24 16:00,1,151850,2025-03-24 16:00,15.125,0.767,1,1,2.02,true,151851,2025-03-24 16:15,15.032,0.58,0.58,true,true,ABOVE,false
717,2025-03-28 04:30,2025-03-28 11:00,152188,152214,27,15.373,15.265,0.723,0,10.7,28.37,BYPASS,0,0,,,,,,,,,,,,,,,,,,,BELOW,false
718,2025-03-28 11:15,2025-03-29 05:45,152215,152289,75,14.266,14.201,0.454,0,2.692,14.2,UP,1,2,152220,2025-03-28 12:30,5,152221,2025-03-28 12:45,14.216,0.231,6,-1,0.66,true,152222,2025-03-28 13:00,14.353,0.24,1.48,true,true,BELOW,false
719,2025-03-29 06:00,2025-03-29 16:30,152290,152332,43,14.108,14.036,0.516,0,3.426,12.81,DOWN,1,1,152292,2025-03-29 06:30,2,152292,2025-03-29 06:30,14.066,0.417,2,-1,1.2,true,152293,2025-03-29 06:45,14.007,1.4,3.56,false,false,BELOW,false
720,2025-03-29 16:45,2025-03-30 13:15,152333,152415,83,13.672,13.58,0.681,0,3.186,15.91,UP,1,6,152366,2025-03-30 01:00,33,152371,2025-03-30 02:15,13.648,0.739,38,-1,1.03,true,152372,2025-03-30 02:30,13.711,0,0,true,true,OVERLAP,false
721,2025-03-30 13:30,2025-03-30 21:45,152416,152449,34,13.709,13.58,0.95,1,5.077,21.78,DOWN,1,1,152416,2025-03-30 13:30,0,152416,2025-03-30 13:30,13.583,0.023,0,1,4.12,true,152417,2025-03-30 13:45,13.488,0.92,1.55,true,true,BELOW,false
722,2025-03-30 22:00,2025-04-02 14:45,152450,152709,260,13.501,13.387,0.858,0,5.358,10.84,DOWN,1,2,152452,2025-03-30 22:30,2,152453,2025-03-30 22:45,13.45,0.553,3,-1,2.4,true,152454,2025-03-30 23:00,13.374,2.06,2.06,true,true,ABOVE,false
723,2025-04-02 15:00,2025-04-04 09:45,152710,152881,172,13.661,13.55,0.801,0,16.223,20.56,UP,1,1,152732,2025-04-02 20:30,22,152732,2025-04-02 20:30,13.642,0.829,22,1,2.05,true,152733,2025-04-02 20:45,13.72,5.2,5.54,true,true,BELOW,false
724,2025-04-04 10:00,2025-04-05 20:15,152882,153019,138,13.134,13.077,0.44,0,2.524,12.37,BYPASS,0,0,,,,,,,,,,,,,,,,,,,BELOW,false
725,2025-04-05 20:30,2025-04-06 20:15,153020,153115,96,12.665,12.636,0.229,0,2.749,14.48,DOWN,1,1,153024,2025-04-05 21:30,4,153024,2025-04-05 21:30,12.658,0.759,4,-1,0.68,true,153025,2025-04-05 21:45,12.62,0.13,0.13,true,true,BELOW,false
726,2025-04-06 20:30,2025-04-09 03:45,153116,153337,222,11.568,11.487,0.712,0,5.87,11.58,DOWN,1,1,153186,2025-04-07 14:00,70,153186,2025-04-07 14:00,11.547,0.741,70,-1,3.45,true,153187,2025-04-07 14:15,11.269,3.39,3.56,false,true,BELOW,false
727,2025-04-09 04:00,2025-04-09 10:45,153338,153365,28,10.714,10.655,0.544,0,5.197,14.09,BYPASS,0,0,,,,,,,,,,,,,,,,,,,ABOVE,false
728,2025-04-09 11:00,2025-04-13 19:15,153366,153783,418,11.483,11.358,1.11,0,3.963,14.55,DOWN,1,1,153377,2025-04-09 13:45,11,153377,2025-04-09 13:45,11.39,0.256,11,1,1.37,true,153378,2025-04-09 14:00,11.321,0.77,0.77,true,true,ABOVE,false
729,2025-04-13 19:30,2025-04-14 05:15,153784,153823,40,13.011,12.915,0.764,0,9.169,11.36,DOWN,1,2,153811,2025-04-14 02:15,27,153812,2025-04-14 02:30,12.995,0.833,28,-1,2.85,true,153813,2025-04-14 02:45,12.895,1.35,2.73,false,false,BELOW,false
730,2025-04-14 05:30,2025-04-17 18:30,153824,154164,341,12.848,12.814,0.268,0,3.637,19.42,DOWN,1,1,153836,2025-04-14 08:30,12,153836,2025-04-14 08:30,12.82,0.176,12,-1,1.44,true,153837,2025-04-14 08:45,12.798,0.79,0.79,true,true,BELOW,false
731,2025-04-17 18:45,2025-04-19 07:45,154165,154313,149,12.661,12.632,0.231,0,2.89,11.86,UP,1,1,154209,2025-04-18 05:45,44,154209,2025-04-18 05:45,12.642,0.345,44,1,0.69,true,154210,2025-04-18 06:00,12.663,0.44,0.44,true,true,ABOVE,false
732,2025-04-19 08:00,2025-04-24 13:15,154314,154815,502,12.874,12.833,0.319,0,5.127,13.97,UP,1,1,154314,2025-04-19 08:00,0,154314,2025-04-19 08:00,12.847,0.341,0,1,3.01,true,154315,2025-04-19 08:15,12.879,0.34,1.01,true,true,ABOVE,false
733,2025-04-24 13:30,2025-04-29 04:15,154816,155259,444,14.508,14.446,0.427,0,4.945,15.43,UP,1,1,155078,2025-04-27 07:00,262,155078,2025-04-27 07:00,14.471,0.403,262,-1,2.05,true,155079,2025-04-27 07:15,14.538,0,0.69,true,true,ABOVE,false
734,2025-04-29 04:30,2025-05-04 13:00,155260,155774,515,15.083,15.02,0.421,0,2.947,12.38,UP,1,1,155281,2025-04-29 09:45,21,155281,2025-04-29 09:45,15.081,0.968,21,1,0.59,true,155282,2025-04-29 10:00,15.164,0.32,1.39,true,true,BELOW,false
735,2025-05-04 13:15,2025-05-07 06:15,155775,156035,261,14.059,14.018,0.292,0,2.78,15.73,DOWN,1,1,155775,2025-05-04 13:15,0,155775,2025-05-04 13:15,14.052,0.829,0,-1,2.04,true,155776,2025-05-04 13:30,14.005,0.26,0.45,true,true,BELOW,false
736,2025-05-07 06:30,2025-05-11 18:15,156036,156467,432,13.899,13.826,0.53,0,7.302,25.15,UP,1,1,156038,2025-05-07 07:00,2,156038,2025-05-07 07:00,13.866,0.548,2,1,0.73,true,156039,2025-05-07 07:15,13.905,0,1.03,true,true,ABOVE,false
737,2025-05-11 18:30,2025-05-19 18:00,156468,157234,767,16.869,16.764,0.619,0,2.995,10.57,UP,1,1,156478,2025-05-11 21:00,10,156478,2025-05-11 21:00,16.868,0.99,10,-1,0.58,true,156479,2025-05-11 21:15,16.933,0,0,true,true,BELOW,false
738,2025-05-19 18:15,2025-05-23 11:30,157235,157592,358,15.734,15.638,0.617,0,5.42,12.38,UP,1,1,157242,2025-05-19 20:00,7,157242,2025-05-19 20:00,15.707,0.719,7,1,0.78,true,157243,2025-05-19 20:15,15.82,0,0,true,true,ABOVE,false
739,2025-05-23 11:45,2025-05-25 21:45,157593,157825,233,17.015,16.82,1.196,0,6.175,13.89,BYPASS,0,0,,,,,,,,,,,,,,,,,,,BELOW,false
740,2025-05-25 22:00,2025-05-27 12:45,157826,157981,156,15.096,15.044,0.341,0,10.04,22.81,BYPASS,0,0,,,,,,,,,,,,,,,,,,,ABOVE,false
741,2025-05-27 13:00,2025-06-01 15:45,157982,158473,492,15.922,15.849,0.456,0,2.209,10.61,UP,1,1,157985,2025-05-27 13:45,3,157985,2025-05-27 13:45,15.868,0.26,3,1,1.62,true,157986,2025-05-27 14:00,15.956,0.88,0.88,true,true,BELOW,false
742,2025-06-01 16:00,2025-06-01 21:45,158474,158497,24,13.948,13.906,0.299,0,4.324,20.1,DOWN,1,1,158482,2025-06-01 18:00,8,158482,2025-06-01 18:00,13.932,0.619,8,-1,0.68,true,158483,2025-06-01 18:15,13.851,0.93,0.93,true,true,ABOVE,false
743,2025-06-01 22:00,2025-06-05 19:00,158498,158870,373,14.027,13.993,0.241,0,3.256,12.72,UP,1,1,158500,2025-06-01 22:30,2,158500,2025-06-01 22:30,14.021,0.824,2,1,0.64,true,158501,2025-06-01 22:45,14.047,0.26,1.41,true,true,BELOW,false
744,2025-06-05 19:15,2025-06-06 09:30,158871,158928,58,13.56,13.448,0.843,0,7.443,10.47,BYPASS,0,0,,,,,,,,,,,,,,,,,,,BELOW,false
745,2025-06-06 09:45,2025-06-09 20:45,158929,159261,333,13.206,13.164,0.319,0,4.116,14.11,UP,1,1,158929,2025-06-06 09:45,0,158929,2025-06-06 09:45,13.168,0.095,0,-1,4.84,true,158930,2025-06-06 10:00,13.226,0.01,0.01,true,true,ABOVE,false
746,2025-06-09 21:00,2025-06-10 11:00,159262,159318,57,14.057,14.018,0.275,0,4.477,14.69,BYPASS,0,0,,,,,,,,,,,,,,,,,,,ABOVE,false
747,2025-06-10 11:15,2025-06-11 10:30,159319,159412,94,14.616,14.518,0.657,0,7.152,22.97,BYPASS,0,0,,,,,,,,,,,,,,,,,,,ABOVE,false
748,2025-06-11 10:45,2025-06-12 10:00,159413,159506,94,15.219,15.175,0.284,0,5.08,18.76,DOWN,1,1,159418,2025-06-11 12:00,5,159418,2025-06-11 12:00,15.192,0.386,5,1,1.07,true,159419,2025-06-11 12:15,15.102,0.47,0.47,true,true,BELOW,false
749,2025-06-12 10:15,2025-06-12 23:45,159507,159561,55,14.452,14.356,0.673,0,9.525,11.13,DOWN,1,6,159521,2025-06-12 13:45,14,159526,2025-06-12 15:00,14.414,0.604,19,-1,0.52,true,159527,2025-06-12 15:15,14.335,0.93,3.7,true,true,BELOW,false
750,2025-06-13 00:00,2025-06-16 22:15,159562,159939,378,14.05,13.963,0.638,0,9.668,25.48,UP,1,3,159924,2025-06-16 18:30,362,159926,2025-06-16 19:00,13.986,0.264,364,1,1.26,true,159927,2025-06-16 19:15,14.077,0,4.74,true,true,ABOVE,false
751,2025-06-16 22:30,2025-06-21 17:15,159940,160399,460,14.106,14.064,0.306,0,9.187,11.59,BYPASS,0,0,,,,,,,,,,,,,,,,,,,BELOW,false
752,2025-06-21 17:30,2025-06-22 13:00,160400,160478,79,12.551,12.471,0.645,0,2.623,15.18,BYPASS,0,0,,,,,,,,,,,,,,,,,,,BELOW,false
753,2025-06-22 13:15,2025-06-23 13:15,160479,160575,97,11.967,11.824,1.252,0,5.806,11.75,DOWN,1,1,160546,2025-06-23 06:00,67,160546,2025-06-23 06:00,11.853,0.203,67,1,1.17,true,160547,2025-06-23 06:15,11.789,0.61,0.67,true,true,OVERLAP,false
754,2025-06-23 13:30,2025-06-23 21:45,160576,160609,34,11.967,11.782,1.543,1,6.762,10.88,DOWN,1,6,160579,2025-06-23 14:15,3,160584,2025-06-23 15:30,11.804,0.119,8,1,0.87,true,160585,2025-06-23 15:45,11.749,3.28,3.28,true,true,ABOVE,false
755,2025-06-23 22:00,2025-06-24 13:45,160610,160673,64,12.392,12.354,0.298,0,12.893,20.49,BYPASS,0,0,,,,,,,,,,,,,,,,,,,ABOVE,false
756,2025-06-24 14:00,2025-06-27 08:30,160674,160940,267,13.147,13.062,0.637,0,8.799,23.34,UP,1,1,160771,2025-06-25 14:15,97,160771,2025-06-25 14:15,13.109,0.553,97,1,3.3,true,160772,2025-06-25 14:30,13.166,0.48,0.6,true,true,OVERLAP,false
757,2025-06-27 08:45,2025-06-29 20:45,160941,161181,241,13.147,13.02,0.966,1,3.663,12,DOWN,1,10,160941,2025-06-27 08:45,0,160950,2025-06-27 11:00,13.034,0.11,9,-1,0.72,true,160951,2025-06-27 11:15,13.01,0.77,1.24,true,true,ABOVE,false
758,2025-06-29 21:00,2025-07-01 07:00,161182,161318,137,13.333,13.304,0.218,0,4.186,15.93,DOWN,1,2,161224,2025-06-30 07:30,42,161225,2025-06-30 07:45,13.33,0.897,43,-1,1.83,true,161226,2025-06-30 08:00,13.298,0.89,1.41,false,true,BELOW,false
759,2025-07-01 07:15,2025-07-02 10:45,161319,161429,111,13.22,13.191,0.22,0,5.075,11.24,UP,1,3,161320,2025-07-01 07:30,1,161322,2025-07-01 08:00,13.211,0.69,3,-1,1.29,true,161323,2025-07-01 08:15,13.232,0.48,1.57,false,false,BELOW,false
760,2025-07-02 11:00,2025-07-09 05:15,161430,162079,650,13.125,13.102,0.175,0,2.956,13.5,DOWN,1,1,161638,2025-07-04 15:00,208,161638,2025-07-04 15:00,13.116,0.609,208,-1,0.89,true,161639,2025-07-04 15:15,13.101,1.34,1.34,false,false,ABOVE,false
761,2025-07-09 05:30,2025-07-14 21:30,162080,162624,545,13.974,13.925,0.346,0,7.435,20.87,UP,1,1,162116,2025-07-09 14:30,36,162116,2025-07-09 14:30,13.943,0.367,36,1,2.49,true,162117,2025-07-09 14:45,13.994,0,0.02,true,true,ABOVE,false
762,2025-07-14 21:45,2025-07-15 12:15,162625,162683,59,15.848,15.784,0.405,0,9.324,18.41,DOWN,1,1,162625,2025-07-14 21:45,0,162625,2025-07-14 21:45,15.784,0,0,-1,7.75,true,162626,2025-07-14 22:00,15.759,0.79,4.07,true,true,BELOW,false
763,2025-07-15 12:30,2025-07-18 18:45,162684,162997,314,15.351,15.288,0.413,0,5.072,13,UP,1,1,162694,2025-07-15 15:00,10,162694,2025-07-15 15:00,15.32,0.508,10,-1,1.29,true,162695,2025-07-15 15:15,15.375,0,0,true,true,ABOVE,false
764,2025-07-18 19:00,2025-07-19 23:15,162998,163111,114,18,17.811,1.066,0,2.809,10.56,DOWN,1,1,162999,2025-07-18 19:15,1,162999,2025-07-18 19:15,17.851,0.212,1,-1,0.58,true,163000,2025-07-18 19:30,17.742,2.76,2.76,true,true,ABOVE,false
765,2025-07-19 23:30,2025-07-20 06:45,163112,163141,30,18.326,18.249,0.418,0,6.039,22.17,BYPASS,0,0,,,,,,,,,,,,,,,,,,,ABOVE,false
766,2025-07-20 07:00,2025-07-24 21:45,163142,163585,444,18.687,18.584,0.549,0,4.741,12.98,UP,1,1,163339,2025-07-22 08:15,197,163339,2025-07-22 08:15,18.678,0.913,197,-1,1.92,true,163340,2025-07-22 08:30,18.793,0,0,true,true,BELOW,false
767,2025-07-24 22:00,2025-07-26 22:45,163586,163781,196,18.26,18.171,0.493,0,3.167,10.53,DOWN,1,2,163587,2025-07-24 22:15,1,163588,2025-07-24 22:30,18.218,0.528,2,1,0.92,true,163589,2025-07-24 22:45,18.116,3.27,5.07,false,false,ABOVE,false
768,2025-07-26 23:00,2025-07-29 19:00,163782,164054,273,18.409,18.365,0.238,0,11.202,14.72,UP,1,5,163784,2025-07-26 23:30,2,163788,2025-07-27 00:30,18.402,0.841,6,1,0.9,true,163789,2025-07-27 00:45,18.49,0,0,true,true,BELOW,false
769,2025-07-29 19:15,2025-07-30 10:30,164055,164116,62,17.789,17.716,0.414,0,2.84,10.09,UP,1,2,164067,2025-07-29 22:15,12,164068,2025-07-29 22:30,17.771,0.753,13,-1,0.38,true,164069,2025-07-29 22:45,17.81,0.41,0.62,true,true,BELOW,false
770,2025-07-30 10:45,2025-08-01 07:45,164117,164297,181,17.638,17.551,0.499,0,2.851,12.64,UP,1,5,164136,2025-07-30 15:30,19,164140,2025-07-30 16:30,17.604,0.609,23,-1,0.43,true,164141,2025-07-30 16:45,17.639,1.66,4.57,true,true,BELOW,false
771,2025-08-01 08:00,2025-08-01 21:45,164298,164353,56,16.632,16.539,0.566,0,4.495,11.99,UP,1,1,164313,2025-08-01 11:45,15,164313,2025-08-01 11:45,16.602,0.677,15,-1,0.98,true,164314,2025-08-01 12:00,16.666,2.35,2.35,true,true,BELOW,false
772,2025-08-01 22:00,2025-08-03 21:45,164354,164545,192,16.311,16.235,0.473,0,6.259,12.82,DOWN,1,4,164524,2025-08-03 16:30,170,164527,2025-08-03 17:15,16.24,0.066,173,1,1.18,true,164528,2025-08-03 17:30,16.214,0.23,0.26,true,true,OVERLAP,false
773,2025-08-03 22:00,2025-08-06 21:45,164546,164833,288,16.313,16.235,0.48,1,5.921,18.69,UP,1,4,164546,2025-08-03 22:00,0,164549,2025-08-03 22:45,16.299,0.821,3,1,0.56,true,164550,2025-08-03 23:00,16.347,0,0,true,true,ABOVE,false
774,2025-08-06 22:00,2025-08-07 09:45,164834,164881,48,16.742,16.703,0.233,0,6.85,10.7,DOWN,1,4,164834,2025-08-06 22:00,0,164837,2025-08-06 22:45,16.727,0.615,3,1,0.48,true,164838,2025-08-06 23:00,16.698,0.58,0.77,false,true,ABOVE,false
775,2025-08-07 10:00,2025-08-07 12:30,164882,164892,11,16.882,16.833,0.286,0,8.661,13.68,BYPASS,0,0,,,,,,,,,,,,,,,,,,,ABOVE,false
776,2025-08-07 12:45,2025-08-08 13:15,164893,164991,99,17.373,17.325,0.272,0,11.174,13.52,BYPASS,0,0,,,,,,,,,,,,,,,,,,,ABOVE,false
777,2025-08-08 13:30,2025-08-14 12:15,164992,165563,572,19.435,19.266,0.86,0,4.493,11.43,DOWN,1,2,164997,2025-08-08 14:45,5,164998,2025-08-08 15:00,19.289,0.136,6,1,1.65,true,164999,2025-08-08 15:15,19.208,1.02,1.02,false,true,ABOVE,false
778,2025-08-14 12:30,2025-08-19 21:45,165564,166081,518,23.57,23.344,0.995,0,19.403,31.46,UP,1,1,165817,2025-08-17 03:45,253,165817,2025-08-17 03:45,23.376,0.142,253,1,2.94,true,165818,2025-08-17 04:00,23.572,0,0,true,true,ABOVE,false
779,2025-08-19 22:00,2025-08-20 03:00,166082,166102,21,23.949,23.882,0.281,0,3.258,15.22,DOWN,1,1,166084,2025-08-19 22:30,2,166084,2025-08-19 22:30,23.94,0.866,2,-1,0.38,true,166085,2025-08-19 22:45,23.862,2.18,2.18,true,true,BELOW,false
780,2025-08-20 03:15,2025-08-24 19:15,166103,166551,449,23.673,23.552,0.499,0,3.946,13.02,BYPASS,0,0,,,,,,,,,,,,,,,,,,,ABOVE,false
781,2025-08-24 19:30,2025-08-27 03:30,166552,166776,225,26.583,26.449,0.512,0,11.181,24.73,BYPASS,0,0,,,,,,,,,,,,,,,,,,,BELOW,false
782,2025-08-27 03:45,2025-08-27 19:45,166777,166841,65,24.211,24.106,0.432,0,2.362,10.29,DOWN,1,3,166786,2025-08-27 06:00,9,166788,2025-08-27 06:30,24.115,0.086,11,1,0.52,true,166789,2025-08-27 06:45,24.041,0.61,0.61,true,true,OVERLAP,false
783,2025-08-27 20:00,2025-08-29 06:15,166842,166979,138,24.251,24.106,0.602,1,6.379,11.41,DOWN,1,3,166846,2025-08-27 21:00,4,166848,2025-08-27 21:30,24.123,0.117,6,1,0.49,true,166849,2025-08-27 21:45,23.976,2.22,2.27,false,false,BELOW,false
784,2025-08-29 06:30,2025-08-29 12:15,166980,167003,24,24.049,24.008,0.171,0,12.026,31.01,BYPASS,0,0,,,,,,,,,,,,,,,,,,,BELOW,false
785,2025-08-29 12:30,2025-08-30 01:30,167004,167056,53,23.543,23.431,0.473,0,5.422,12.83,UP,1,4,167014,2025-08-29 15:00,10,167017,2025-08-29 15:45,23.433,0.018,13,-1,0.78,true,167018,2025-08-29 16:00,23.544,0.72,1.39,true,true,BELOW,false
786,2025-08-30 01:45,2025-09-01 20:15,167057,167323,267,23.23,23.151,0.346,0,8.198,13.71,DOWN,1,1,167063,2025-08-30 03:15,6,167063,2025-08-30 03:15,23.16,0.114,6,-1,2.45,true,167064,2025-08-30 03:30,23.122,0.84,0.84,true,true,BELOW,false
787,2025-09-01 20:30,2025-09-05 06:45,167324,167653,330,22.747,22.658,0.4,0,6.487,25.76,UP,1,2,167344,2025-09-02 01:30,20,167345,2025-09-02 01:45,22.68,0.247,21,-1,1.86,true,167346,2025-09-02 02:00,22.797,0,0,true,true,BELOW,false
788,2025-09-05 07:00,2025-09-06 19:15,167654,167799,146,22.575,22.516,0.26,0,3.478,10.13,DOWN,1,1,167709,2025-09-05 20:45,55,167709,2025-09-05 20:45,22.539,0.39,55,-1,0.45,true,167710,2025-09-05 21:00,22.436,1.36,1.36,false,false,BELOW,false
789,2025-09-06 19:30,2025-09-09 05:45,167800,168033,234,22.083,22.027,0.255,0,4.178,10.86,DOWN,1,1,167805,2025-09-06 20:45,5,167805,2025-09-06 20:45,22.047,0.357,5,-1,0.55,true,167806,2025-09-06 21:00,22.015,0.1,0.1,true,true,ABOVE,false
790,2025-09-09 06:00,2025-09-10 19:00,168034,168182,149,23.303,23.127,0.747,0,3.67,12.49,DOWN,1,2,168068,2025-09-09 14:30,34,168069,2025-09-09 14:45,23.195,0.386,35,1,1.26,true,168070,2025-09-09 15:00,23.059,1.32,1.32,false,true,ABOVE,false
791,2025-09-10 19:15,2025-09-11 11:45,168183,168249,67,23.531,23.385,0.626,0,6.102,15.25,UP,1,4,168190,2025-09-10 21:00,7,168193,2025-09-10 21:45,23.526,0.966,10,1,0.51,true,168194,2025-09-10 22:00,23.577,0,0,true,true,ABOVE,false
792,2025-09-11 12:00,2025-09-12 13:45,168250,168353,104,23.821,23.737,0.349,0,11.022,23.29,DOWN,1,1,168253,2025-09-11 12:45,3,168253,2025-09-11 12:45,23.742,0.06,3,1,1.84,true,168254,2025-09-11 13:00,23.488,1.16,1.16,true,true,ABOVE,false
793,2025-09-12 14:00,2025-09-13 13:30,168354,168448,95,24.414,24.258,0.638,0,13.228,17.22,UP,1,1,168356,2025-09-12 14:30,2,168356,2025-09-12 14:30,24.4,0.91,2,1,1.06,true,168357,2025-09-12 14:45,24.553,0,0,true,true,ABOVE,false
794,2025-09-13 13:45,2025-09-13 19:45,168449,168473,25,25.381,25.249,0.528,0,8.079,21.8,BYPASS,0,0,,,,,,,,,,,,,,,,,,,BELOW,false
795,2025-09-13 20:00,2025-09-14 20:45,168474,168573,100,24.774,24.736,0.153,0,3.987,14,UP,1,1,168496,2025-09-14 01:30,22,168496,2025-09-14 01:30,24.767,0.816,22,-1,1.14,true,168497,2025-09-14 01:45,24.853,0.49,1.08,true,true,BELOW,false
796,2025-09-14 21:00,2025-09-16 16:45,168574,168749,176,24.239,24.195,0.182,0,1.753,11.14,UP,1,1,168579,2025-09-14 22:15,5,168579,2025-09-14 22:15,24.199,0.091,5,-1,0.68,true,168580,2025-09-14 22:30,24.33,0.71,1.26,true,true,BELOW,false
797,2025-09-16 17:00,2025-09-21 21:45,168750,169249,500,23.445,23.371,0.313,0,3.153,10.78,UP,1,2,168778,2025-09-17 00:00,28,168779,2025-09-17 00:15,23.441,0.946,29,1,1.15,true,168780,2025-09-17 00:30,23.505,0,0.81,true,true,BELOW,false
798,2025-09-21 22:00,2025-09-22 05:45,169250,169281,32,23.074,23.028,0.2,0,4.29,11.17,UP,1,1,169252,2025-09-21 22:30,2,169252,2025-09-21 22:30,23.042,0.304,2,-1,0.64,true,169253,2025-09-21 22:45,23.082,3.53,4.94,false,false,BELOW,false
799,2025-09-22 06:00,2025-09-24 06:30,169282,169476,195,22,21.649,1.67,0,10.982,16.67,DOWN,1,2,169354,2025-09-23 00:00,72,169355,2025-09-23 00:15,21.724,0.214,73,-1,1.37,true,169356,2025-09-23 00:30,21.561,1.35,2.2,false,true,OVERLAP,false
800,2025-09-24 06:45,2025-09-28 15:45,169477,169897,421,22,21.634,1.684,1,32.005,116.28,DOWN,1,6,169477,2025-09-24 06:45,0,169482,2025-09-24 08:00,21.692,0.158,5,-1,0.3,true,169483,2025-09-24 08:15,21.628,0.04,0.43,true,true,BELOW,false
801,2025-09-28 16:00,2025-09-28 21:45,169898,169921,24,20.984,20.912,0.34,0,3.53,12.11,BYPASS,0,0,,,,,,,,,,,,,,,,,,,ABOVE,false
802,2025-09-28 22:00,2025-09-30 17:15,169922,170095,174,21.292,21.245,0.219,0,15.637,32.52,UP,1,3,169950,2025-09-29 05:00,28,169952,2025-09-29 05:30,21.287,0.894,30,1,1.39,true,169953,2025-09-29 05:45,21.32,0.5,0.92,true,true,BELOW,false
803,2025-09-30 17:30,2025-10-05 02:15,170096,170515,420,21.124,21.058,0.313,0,7.455,17.39,DOWN,1,1,170096,2025-09-30 17:30,0,170096,2025-09-30 17:30,21.076,0.273,0,-1,3.44,true,170097,2025-09-30 17:45,21.042,0.34,0.34,true,true,ABOVE,false
804,2025-10-05 02:30,2025-10-07 13:15,170516,170751,236,22.146,22.086,0.269,0,11.01,24.52,UP,1,1,170582,2025-10-05 19:00,66,170582,2025-10-05 19:00,22.145,0.983,66,1,1.41,true,170583,2025-10-05 19:15,22.189,1.02,2.79,true,true,ABOVE,false
805,2025-10-07 13:30,2025-10-08 03:00,170752,170806,55,23.068,22.905,0.719,0,3.634,11.16,BYPASS,0,0,,,,,,,,,,,,,,,,,,,BELOW,false
806,2025-10-08 03:15,2025-10-10 20:30,170807,171068,262,21.98,21.869,0.511,0,3.594,28.6,DOWN,1,3,170812,2025-10-08 04:30,5,170814,2025-10-08 05:00,21.882,0.117,7,-1,0.56,true,170815,2025-10-08 05:15,21.814,0.95,0.95,true,true,BELOW,false
807,2025-10-10 20:45,2025-10-11 18:45,171069,171157,89,20.655,20.537,0.604,0,13.834,30.33,BYPASS,0,0,,,,,,,,,,,,,,,,,,,BELOW,false
808,2025-10-11 19:00,2025-10-12 14:30,171158,171236,79,17.867,17.755,0.637,0,2.018,11.02,BYPASS,0,0,,,,,,,,,,,,,,,,,,,BELOW,false
809,2025-10-12 14:45,2025-10-13 10:45,171237,171317,81,17.487,17.31,0.986,0,11.807,40.77,BYPASS,0,0,,,,,,,,,,,,,,,,,,,ABOVE,false
810,2025-10-13 11:00,2025-10-14 19:15,171318,171447,130,19.754,19.613,0.72,0,2.368,14.87,DOWN,1,2,171329,2025-10-13 13:45,11,171330,2025-10-13 14:00,19.723,0.78,12,1,1.25,true,171331,2025-10-13 14:15,19.551,1.3,1.3,true,true,BELOW,false
811,2025-10-14 19:30,2025-10-15 20:15,171448,171547,100,19.143,19.032,0.594,0,5.319,22.63,DOWN,1,2,171458,2025-10-14 22:00,10,171459,2025-10-14 22:15,19.048,0.144,11,-1,0.35,true,171460,2025-10-14 22:30,19.03,0.47,1.09,true,true,BELOW,false
812,2025-10-15 20:30,2025-10-17 20:45,171548,171741,194,18.118,17.912,1.143,0,3.828,12.39,DOWN,1,1,171548,2025-10-15 20:30,0,171548,2025-10-15 20:30,18.029,0.568,0,-1,3.51,true,171549,2025-10-15 20:45,17.9,0.9,0.9,true,true,BELOW,false
813,2025-10-17 21:00,2025-10-18 19:45,171742,171833,92,16.622,16.547,0.45,0,4.307,13.84,UP,1,5,171750,2025-10-17 23:00,8,171754,2025-10-18 00:00,16.597,0.667,12,-1,0.6,true,171755,2025-10-18 00:15,16.714,0,0,true,true,ABOVE,false
814,2025-10-18 20:00,2025-10-22 10:45,171834,172181,348,16.843,16.806,0.22,0,2.551,13.2,UP,1,1,171834,2025-10-18 20:00,0,171834,2025-10-18 20:00,16.819,0.351,0,1,1.36,true,171835,2025-10-18 20:15,16.909,0.38,1.02,true,true,ABOVE,false
815,2025-10-22 11:00,2025-10-22 20:45,172182,172221,40,17.442,17.371,0.406,0,11.103,25.13,UP,1,4,172183,2025-10-22 11:15,1,172186,2025-10-22 12:00,17.398,0.38,4,-1,0.73,true,172187,2025-10-22 12:15,17.498,1.38,1.39,true,true,BELOW,false
816,2025-10-22 21:00,2025-10-26 09:00,172222,172558,337,17.223,17.103,0.707,0,9.7,15.53,UP,1,3,172231,2025-10-22 23:15,9,172233,2025-10-22 23:45,17.195,0.767,11,-1,0.32,true,172234,2025-10-23 00:00,17.229,0,0,true,true,ABOVE,false
817,2025-10-26 09:15,2025-10-26 21:45,172559,172609,51,17.942,17.91,0.176,0,3.702,11.44,BYPASS,0,0,,,,,,,,,,,,,,,,,,,ABOVE,false
818,2025-10-26 22:00,2025-10-29 18:15,172610,172883,274,18.247,18.195,0.282,0,22.544,31.22,DOWN,1,2,172712,2025-10-27 23:30,102,172713,2025-10-27 23:45,18.205,0.192,103,-1,0.37,true,172714,2025-10-28 00:00,18.192,0.25,1.07,true,true,OVERLAP,false
819,2025-10-29 18:30,2025-10-31 11:30,172884,173048,165,18.394,18.195,1.12,1,10.087,15.08,DOWN,1,1,172887,2025-10-29 19:15,3,172887,2025-10-29 19:15,18.38,0.93,3,1,1.15,true,172888,2025-10-29 19:30,18.155,0.51,1.26,true,true,BELOW,false
820,2025-10-31 11:45,2025-10-31 16:30,173049,173068,20,17.217,17.155,0.358,0,3.274,15.87,UP,1,2,173052,2025-10-31 12:30,3,173053,2025-10-31 12:45,17.159,0.065,4,1,0.87,true,173054,2025-10-31 13:00,17.242,0.49,2.29,true,true,OVERLAP,false
821,2025-10-31 16:45,2025-11-05 22:45,173069,173573,505,17.225,17.117,0.64,1,5.472,15.62,UP,1,5,173084,2025-10-31 20:30,15,173088,2025-10-31 21:30,17.201,0.778,19,1,0.48,true,173089,2025-10-31 21:45,17.236,0,0.41,true,true,BELOW,false
822,2025-11-05 23:00,2025-11-09 07:15,173574,173895,322,15.252,15.159,0.613,0,5.049,21.51,DOWN,1,3,173574,2025-11-05 23:00,0,173576,2025-11-05 23:30,15.19,0.333,2,1,0.6,true,173577,2025-11-05 23:45,15.083,2.12,2.12,false,true,OVERLAP,false
823,2025-11-09 07:30,2025-11-11 13:30,173896,174112,217,15.26,15.159,0.657,1,4.174,11.34,DOWN,1,2,173904,2025-11-09 09:30,8,173905,2025-11-09 09:45,15.172,0.129,9,-1,1.57,true,173906,2025-11-09 10:00,15.103,0.6,0.6,true,true,ABOVE,false
824,2025-11-11 13:45,2025-11-14 04:15,174113,174363,251,16.091,16.014,0.485,0,3.296,13.85,DOWN,1,1,174117,2025-11-11 14:45,4,174117,2025-11-11 14:45,16.078,0.831,4,-1,2.19,true,174118,2025-11-11 15:00,15.908,2.09,3.85,false,false,BELOW,false
825,2025-11-14 04:30,2025-11-14 22:45,174364,174437,74,14.385,14.31,0.531,0,13.466,31.24,DOWN,1,3,174368,2025-11-14 05:30,4,174370,2025-11-14 06:00,14.34,0.4,6,-1,1.02,true,174371,2025-11-14 06:15,14.269,1.56,2.38,true,true,BELOW,false
826,2025-11-14 23:00,2025-11-18 11:45,174438,174777,340,14.097,13.894,1.47,0,4.653,10.1,UP,1,6,174442,2025-11-15 00:00,4,174447,2025-11-15 01:15,14.052,0.778,9,-1,0.74,true,174448,2025-11-15 01:30,14.12,0,0,true,true,BELOW,false
827,2025-11-18 12:00,2025-11-19 22:45,174778,174917,140,13.531,13.467,0.479,0,2.393,10.15,DOWN,1,1,174780,2025-11-18 12:30,2,174780,2025-11-18 12:30,13.5,0.516,2,-1,0.72,true,174781,2025-11-18 12:45,13.463,1.37,1.37,false,true,BELOW,false
828,2025-11-19 23:00,2025-11-21 07:15,174918,175047,130,13.352,13.302,0.369,0,8.284,15.66,BYPASS,0,0,,,,,,,,,,,,,,,,,,,BELOW,false
829,2025-11-21 07:30,2025-11-23 08:15,175048,175243,196,12.758,12.642,0.941,0,5.9,14.9,BYPASS,0,0,,,,,,,,,,,,,,,,,,,BELOW,false
830,2025-11-23 08:30,2025-11-24 17:00,175244,175374,131,12.432,12.383,0.395,0,9.235,13.44,UP,1,1,175244,2025-11-23 08:30,0,175244,2025-11-23 08:30,12.414,0.633,0,1,5.99,true,175245,2025-11-23 08:45,12.457,0,0,true,true,ABOVE,false
831,2025-11-24 17:15,2025-11-25 20:45,175375,175485,111,12.725,12.667,0.447,0,2.566,11.17,UP,1,3,175437,2025-11-25 08:45,62,175439,2025-11-25 09:15,12.668,0.017,64,1,1.42,true,175440,2025-11-25 09:30,12.778,0,0.99,true,true,ABOVE,false
832,2025-11-25 21:00,2025-11-30 08:00,175486,175914,429,13.087,13.031,0.431,0,4.575,17.26,UP,1,1,175492,2025-11-25 22:30,6,175492,2025-11-25 22:30,13.063,0.571,6,-1,0.51,true,175493,2025-11-25 22:45,13.116,0,0.92,true,true,OVERLAP,false
833,2025-11-30 08:15,2025-12-02 22:45,175915,176165,251,13.087,13.027,0.46,1,3.813,15.47,UP,1,6,175915,2025-11-30 08:15,0,175920,2025-11-30 09:30,13.069,0.7,5,-1,0.96,true,175921,2025-11-30 09:45,13.092,0.3,0.48,true,true,ABOVE,false
834,2025-12-02 23:00,2025-12-05 22:15,176166,176451,286,13.507,13.445,0.459,0,7.239,11.64,UP,1,1,176166,2025-12-02 23:00,0,176166,2025-12-02 23:00,13.505,0.968,0,1,2.73,true,176167,2025-12-02 23:15,13.55,0.1,0.1,true,true,OVERLAP,false
835,2025-12-05 22:30,2025-12-07 12:30,176452,176604,153,13.562,13.445,0.859,1,2.787,11.98,UP,1,1,176454,2025-12-05 23:00,2,176454,2025-12-05 23:00,13.536,0.778,2,-1,0.84,true,176455,2025-12-05 23:15,13.581,0,0,true,true,ABOVE,false
836,2025-12-07 12:45,2025-12-09 02:00,176605,176754,150,13.826,13.79,0.259,0,5.82,14.72,DOWN,1,1,176607,2025-12-07 13:15,2,176607,2025-12-07 13:15,13.812,0.611,2,-1,2.85,true,176608,2025-12-07 13:30,13.77,4.51,4.51,false,true,BELOW,false
837,2025-12-09 02:15,2025-12-09 14:45,176755,176805,51,13.679,13.61,0.505,0,5.725,12.37,DOWN,1,2,176755,2025-12-09 02:15,0,176756,2025-12-09 02:30,13.636,0.377,1,-1,1.4,true,176757,2025-12-09 02:45,13.597,0.57,0.57,true,true,ABOVE,false
838,2025-12-09 15:00,2025-12-11 14:15,176806,176995,190,13.734,13.68,0.391,0,9.615,16.3,BYPASS,0,0,,,,,,,,,,,,,,,,,,,BELOW,false
839,2025-12-11 14:30,2025-12-12 00:30,176996,177036,41,13.638,13.574,0.471,0,7.855,28.99,DOWN,1,1,176996,2025-12-11 14:30,0,176996,2025-12-11 14:30,13.598,0.375,0,-1,6.58,true,176997,2025-12-11 14:45,13.478,1.41,1.41,true,true,ABOVE,false
840,2025-12-12 00:45,2025-12-14 19:45,177037,177305,269,14.132,14.072,0.434,0,5.602,12.48,UP,1,1,177057,2025-12-12 05:45,20,177057,2025-12-12 05:45,14.107,0.583,20,1,1.17,true,177058,2025-12-12 06:00,14.193,0.35,1.08,true,true,BELOW,false
841,2025-12-14 20:00,2025-12-18 12:45,177306,177661,356,13.394,13.354,0.298,0,3.123,10.29,DOWN,1,2,177307,2025-12-14 20:15,1,177308,2025-12-14 20:30,13.385,0.775,2,-1,0.46,true,177309,2025-12-14 20:45,13.327,0.98,2.02,false,true,BELOW,false
842,2025-12-18 13:00,2025-12-18 16:45,177662,177677,16,12.326,12.274,0.418,0,5.558,10.88,BYPASS,0,0,,,,,,,,,,,,,,,,,,,ABOVE,false
843,2025-12-18 17:00,2025-12-21 08:15,177678,177931,254,12.62,12.568,0.426,0,12.699,29.09,DOWN,1,1,177764,2025-12-19 14:30,86,177764,2025-12-19 14:30,12.595,0.519,86,1,4.2,true,177765,2025-12-19 14:45,12.549,1.12,1.58,true,true,BELOW,false
844,2025-12-21 08:30,2025-12-24 14:15,177932,178243,312,12.535,12.492,0.341,0,3.477,10.73,DOWN,1,2,177948,2025-12-21 12:30,16,177949,2025-12-21 12:45,12.521,0.674,17,-1,1.34,true,177950,2025-12-21 13:00,12.413,2.23,2.23,false,false,BELOW,false
845,2025-12-24 14:30,2025-12-25 04:45,178244,178301,58,12.21,12.157,0.435,0,9.503,15.98,DOWN,1,1,178244,2025-12-24 14:30,0,178244,2025-12-24 14:30,12.171,0.264,0,-1,8.25,true,178245,2025-12-24 14:45,12.098,0.95,0.95,true,true,ABOVE,false
846,2025-12-25 05:00,2025-12-28 13:30,178302,178624,323,12.342,12.329,0.106,0,3.931,10.38,DOWN,1,1,178363,2025-12-25 20:15,61,178363,2025-12-25 20:15,12.337,0.615,61,1,0.57,true,178364,2025-12-25 20:30,12.326,1.11,2.86,true,true,ABOVE,false
847,2025-12-28 13:45,2025-12-30 07:45,178625,178793,169,12.505,12.478,0.217,0,3.527,11.39,UP,1,2,178628,2025-12-28 14:30,3,178629,2025-12-28 14:45,12.5,0.815,4,1,1.1,true,178630,2025-12-28 15:00,12.533,0.01,1.32,true,true,BELOW,false
848,2025-12-30 08:00,2026-01-03 01:00,178794,179150,357,12.373,12.361,0.096,0,19.903,24.04,UP,1,1,178838,2025-12-30 19:00,44,178838,2025-12-30 19:00,12.371,0.833,44,1,0.99,true,178839,2025-12-30 19:15,12.411,0.21,0.21,true,true,ABOVE,false
849,2026-01-03 01:15,2026-01-03 23:45,179151,179241,91,13.329,13.295,0.256,0,4.904,16.78,DOWN,1,2,179160,2026-01-03 03:30,9,179161,2026-01-03 03:45,13.314,0.559,10,1,0.93,true,179162,2026-01-03 04:00,13.253,1.2,2.5,false,false,BELOW,false
850,2026-01-04 00:00,2026-01-04 18:45,179242,179317,76,13.241,13.212,0.218,0,10.37,11.5,BYPASS,0,0,,,,,,,,,,,,,,,,,,,ABOVE,false
851,2026-01-04 19:00,2026-01-06 00:15,179318,179435,118,13.444,13.415,0.217,0,5.566,11.17,DOWN,1,1,179323,2026-01-04 20:15,5,179323,2026-01-04 20:15,13.429,0.483,5,1,0.38,true,179324,2026-01-04 20:30,13.411,0.35,0.44,true,true,ABOVE,false
852,2026-01-06 00:30,2026-01-07 18:00,179436,179602,167,13.892,13.806,0.629,0,7.322,24.91,UP,1,2,179437,2026-01-06 00:45,1,179438,2026-01-06 01:00,13.828,0.256,2,1,0.78,true,179439,2026-01-06 01:15,13.941,0.58,0.58,true,true,BELOW,false
853,2026-01-07 18:15,2026-01-11 09:45,179603,179953,351,13.399,13.356,0.321,0,1.015,11.69,DOWN,1,2,179604,2026-01-07 18:30,1,179605,2026-01-07 18:45,13.383,0.628,2,-1,0.51,true,179606,2026-01-07 19:00,13.339,0.46,0.46,true,true,BELOW,false
854,2026-01-11 10:00,2026-01-11 22:45,179954,180005,52,13.217,13.201,0.121,0,6.575,24,DOWN,1,2,179956,2026-01-11 10:30,2,179957,2026-01-11 10:45,13.214,0.812,3,1,0.41,true,179958,2026-01-11 11:00,13.197,0.11,0.46,true,true,BELOW,false
855,2026-01-11 23:00,2026-01-12 14:00,180006,180066,61,13.18,13.124,0.425,0,7.209,11.25,UP,1,3,180006,2026-01-11 23:00,0,180008,2026-01-11 23:30,13.168,0.786,2,1,0.64,true,180009,2026-01-11 23:45,13.201,0.14,0.14,true,true,BELOW,false
856,2026-01-12 14:15,2026-01-13 13:15,180067,180159,93,13.11,13.084,0.2,0,7.237,10.4,DOWN,1,3,180092,2026-01-12 20:30,25,180094,2026-01-12 21:00,13.1,0.615,27,-1,0.96,true,180095,2026-01-12 21:15,13.072,0.73,0.73,false,true,ABOVE,false
857,2026-01-13 13:30,2026-01-13 21:45,180160,180193,34,13.31,13.266,0.33,0,10.944,27.53,BYPASS,0,0,,,,,,,,,,,,,,,,,,,ABOVE,false
858,2026-01-13 22:00,2026-01-17 00:45,180194,180493,300,13.735,13.709,0.185,0,29.408,65.16,UP,1,2,180387,2026-01-15 22:15,193,180388,2026-01-15 22:30,13.728,0.731,194,-1,0.67,true,180389,2026-01-15 22:45,13.745,0.04,0.88,true,true,OVERLAP,false
859,2026-01-17 01:00,2026-01-18 22:45,180494,180677,184,13.735,13.703,0.233,1,3.245,14.85,DOWN,1,1,180494,2026-01-17 01:00,0,180494,2026-01-17 01:00,13.706,0.094,0,-1,1.46,true,180495,2026-01-17 01:15,13.701,0.53,0.57,false,true,ABOVE,false
860,2026-01-18 23:00,2026-01-25 08:15,180678,181291,614,13.841,13.829,0.088,0,19.085,25.7,BYPASS,0,0,,,,,,,,,,,,,,,,,,,BELOW,false
861,2026-01-25 08:30,2026-01-25 14:00,181292,181314,23,12.096,12.082,0.116,0,8.411,12.51,UP,1,1,181302,2026-01-25 11:00,10,181302,2026-01-25 11:00,12.087,0.357,10,-1,0.47,true,181303,2026-01-25 11:15,12.11,0.47,3.39,true,true,OVERLAP,false
862,2026-01-25 14:15,2026-01-29 02:15,181315,181651,337,12.096,12.038,0.484,1,6.741,16.28,DOWN,1,1,181414,2026-01-26 15:00,99,181414,2026-01-26 15:00,12.095,0.983,99,1,4.2,true,181415,2026-01-26 15:15,12.014,1.56,1.84,false,false,BELOW,false
863,2026-01-29 02:30,2026-01-29 22:45,181652,181733,82,11.796,11.758,0.326,0,11.406,13.99,BYPASS,0,0,,,,,,,,,,,,,,,,,,,BELOW,false
864,2026-01-29 23:00,2026-01-30 18:00,181734,181810,77,11.123,11.095,0.253,0,3.509,11.27,UP,1,2,181736,2026-01-29 23:30,2,181737,2026-01-29 23:45,11.115,0.714,3,-1,0.5,true,181738,2026-01-30 00:00,11.129,4.55,4.55,true,true,BELOW,false
865,2026-01-30 18:15,2026-02-01 10:15,181811,181971,161,10.805,10.718,0.817,0,4.139,13.18,UP,1,1,181812,2026-01-30 18:30,1,181812,2026-01-30 18:30,10.799,0.931,1,-1,1.38,true,181813,2026-01-30 18:45,10.908,0.26,0.26,true,true,BELOW,false
866,2026-02-01 10:30,2026-02-01 22:45,181972,182021,50,9.965,9.917,0.49,0,3.756,12.98,BYPASS,0,0,,,,,,,,,,,,,,,,,,,BELOW,false
867,2026-02-01 23:00,2026-02-04 10:45,182022,182261,240,9.594,9.525,0.736,0,13.483,23.2,DOWN,1,3,182027,2026-02-02 00:15,5,182029,2026-02-02 00:45,9.526,0.014,7,-1,0.58,true,182030,2026-02-02 01:00,9.391,2.36,5.38,true,true,OVERLAP,false
868,2026-02-04 11:00,2026-02-05 20:00,182262,182394,133,9.612,9.525,0.916,1,6.287,20.4,DOWN,1,9,182263,2026-02-04 11:15,1,182271,2026-02-04 13:15,9.543,0.207,9,-1,0.96,true,182272,2026-02-04 13:30,9.49,4.16,5.34,false,false,BELOW,false
869,2026-02-05 20:15,2026-02-07 06:30,182395,182532,138,8.32,8.231,1.112,0,6.789,32.08,DOWN,1,4,182432,2026-02-06 05:30,37,182435,2026-02-06 06:15,8.238,0.079,40,-1,0.9,true,182436,2026-02-06 06:30,8.18,3.04,3.04,false,true,ABOVE,false
870,2026-02-07 06:45,2026-02-07 15:45,182533,182569,37,8.959,8.913,0.524,0,2.757,12.34,BYPASS,0,0,,,,,,,,,,,,,,,,,,,BELOW,false
871,2026-02-07 16:00,2026-02-07 22:45,182570,182597,28,8.82,8.77,0.56,0,31.887,26.33,UP,1,1,182574,2026-02-07 17:00,4,182574,2026-02-07 17:00,8.797,0.54,4,-1,0.37,true,182575,2026-02-07 17:15,8.832,0,0,true,true,ABOVE,false
872,2026-02-07 23:00,2026-02-08 22:45,182598,182693,96,8.944,8.923,0.236,0,4.789,13.43,DOWN,1,1,182606,2026-02-08 01:00,8,182606,2026-02-08 01:00,8.925,0.095,8,1,1.15,true,182607,2026-02-08 01:15,8.891,1.11,1.65,true,true,BELOW,false
873,2026-02-08 23:00,2026-02-14 01:30,182694,183184,491,8.857,8.825,0.36,0,10.521,18.91,DOWN,1,1,182698,2026-02-09 00:00,4,182698,2026-02-09 00:00,8.842,0.531,4,1,1.58,true,182699,2026-02-09 00:15,8.798,1.13,1.13,true,true,OVERLAP,false
874,2026-02-14 01:45,2026-02-15 03:15,183185,183287,103,8.857,8.804,0.598,1,6.796,17.6,UP,1,10,183186,2026-02-14 02:00,1,183195,2026-02-14 04:15,8.845,0.774,10,1,0.48,true,183196,2026-02-14 04:30,8.858,0.08,0.08,true,true,ABOVE,false
875,2026-02-15 03:30,2026-02-15 11:45,183288,183321,34,9.067,9.025,0.469,0,8.758,13.81,UP,1,1,183289,2026-02-15 03:45,1,183289,2026-02-15 03:45,9.065,0.952,1,1,1.42,true,183290,2026-02-15 04:00,9.145,0,0,true,true,OVERLAP,false
876,2026-02-15 12:00,2026-02-19 12:45,183322,183709,388,9.068,9.025,0.477,1,3.038,11.06,DOWN,1,1,183323,2026-02-15 12:15,1,183323,2026-02-15 12:15,9.043,0.419,1,1,1.17,true,183324,2026-02-15 12:30,9.022,3,4.06,false,false,BELOW,false
877,2026-02-19 13:00,2026-02-22 11:45,183710,183993,284,8.591,8.549,0.493,0,3.569,14.56,UP,1,3,183751,2026-02-19 23:15,41,183753,2026-02-19 23:45,8.572,0.548,43,-1,1.01,true,183754,2026-02-20 00:00,8.596,0,0.36,true,true,ABOVE,false
878,2026-02-22 12:00,2026-02-23 12:15,183994,184091,98,8.833,8.817,0.182,0,7.298,19.07,BYPASS,0,0,,,,,,,,,,,,,,,,,,,BELOW,false
879,2026-02-23 12:30,2026-02-25 00:45,184092,184237,146,8.477,8.455,0.257,0,3.902,18.63,DOWN,1,2,184099,2026-02-23 14:15,7,184100,2026-02-23 14:30,8.466,0.5,8,1,2.71,true,184101,2026-02-23 14:45,8.451,1.24,3.29,false,false,BELOW,false
880,2026-02-25 01:00,2026-02-28 06:00,184238,184546,309,8.245,8.219,0.307,0,12.293,16.93,BYPASS,0,0,,,,,,,,,,,,,,,,,,,ABOVE,false
881,2026-02-28 06:15,2026-02-28 13:30,184547,184576,30,8.645,8.603,0.496,0,19.993,29.11,BYPASS,0,0,,,,,,,,,,,,,,,,,,,BELOW,false
882,2026-02-28 13:45,2026-03-01 13:30,184577,184672,96,8.325,8.287,0.447,0,8.404,14.94,BYPASS,0,0,,,,,,,,,,,,,,,,,,,ABOVE,false
883,2026-03-01 13:45,2026-03-01 16:30,184673,184684,12,8.822,8.797,0.279,0,6.545,12.55,BYPASS,0,0,,,,,,,,,,,,,,,,,,,ABOVE,false
884,2026-03-01 16:45,2026-03-03 11:45,184685,184857,173,8.97,8.924,0.522,0,12.223,24.05,UP,1,5,184807,2026-03-02 23:15,122,184811,2026-03-03 00:15,8.95,0.565,126,1,0.92,true,184812,2026-03-03 00:30,8.997,0.94,1.77,true,true,BELOW,false
885,2026-03-03 12:00,2026-03-03 22:15,184858,184899,42,8.678,8.655,0.263,0,2.003,10.05,DOWN,1,1,184863,2026-03-03 13:15,5,184863,2026-03-03 13:15,8.667,0.522,5,-1,0.62,true,184864,2026-03-03 13:30,8.635,1.19,1.19,true,true,ABOVE,false
886,2026-03-03 22:30,2026-03-05 02:15,184900,185011,112,8.805,8.764,0.465,0,8.951,22.19,UP,1,1,184901,2026-03-03 22:45,1,184901,2026-03-03 22:45,8.802,0.927,1,-1,0.51,true,184902,2026-03-03 23:00,8.85,0.47,0.95,true,true,ABOVE,false
887,2026-03-05 02:30,2026-03-07 13:45,185012,185249,238,9.328,9.291,0.4,0,6.809,14.64,UP,1,1,185019,2026-03-05 04:15,7,185019,2026-03-05 04:15,9.298,0.189,7,1,0.88,true,185020,2026-03-05 04:30,9.329,0.89,1.26,true,true,BELOW,false
888,2026-03-07 14:00,2026-03-08 21:45,185250,185377,128,8.802,8.782,0.229,0,3.361,10.81,DOWN,1,3,185252,2026-03-07 14:30,2,185254,2026-03-07 15:00,8.788,0.3,4,-1,0.77,true,185255,2026-03-07 15:15,8.77,0.67,1.67,true,true,BELOW,false
889,2026-03-08 22:00,2026-03-09 19:00,185378,185462,85,8.601,8.58,0.247,0,19.063,24.3,DOWN,1,1,185388,2026-03-09 00:30,10,185388,2026-03-09 00:30,8.588,0.381,10,-1,1.88,true,185389,2026-03-09 00:45,8.561,0.93,0.93,true,true,ABOVE,false
890,2026-03-09 19:15,2026-03-10 02:15,185463,185491,29,8.913,8.863,0.551,0,4.952,18.18,DOWN,1,5,185477,2026-03-09 22:45,14,185481,2026-03-09 23:45,8.863,0,18,1,0.85,true,185482,2026-03-10 00:00,8.859,0.05,0.05,true,true,OVERLAP,false
891,2026-03-10 02:30,2026-03-13 13:00,185492,185822,331,8.944,8.863,0.895,1,4.766,17.74,UP,1,1,185497,2026-03-10 03:45,5,185497,2026-03-10 03:45,8.933,0.864,5,1,1.21,true,185498,2026-03-10 04:00,8.977,0,0,true,true,ABOVE,false
892,2026-03-13 13:15,2026-03-13 21:45,185823,185857,35,9.43,9.367,0.663,0,6.944,10.4,DOWN,1,1,185830,2026-03-13 15:00,7,185830,2026-03-13 15:00,9.403,0.571,7,1,1.17,true,185831,2026-03-13 15:15,9.349,1.81,2.9,false,false,BELOW,false
893,2026-03-13 22:00,2026-03-15 12:45,185858,186013,156,9.15,9.128,0.242,0,14.841,13.87,DOWN,1,1,185884,2026-03-14 04:30,26,185884,2026-03-14 04:30,9.132,0.182,26,-1,0.92,true,185885,2026-03-14 04:45,9.082,1.9,2.37,false,false,ABOVE,false
894,2026-03-15 13:00,2026-03-15 20:15,186014,186043,30,9.258,9.244,0.152,0,4.199,10.34,BYPASS,0,0,,,,,,,,,,,,,,,,,,,BELOW,false
895,2026-03-15 20:30,2026-03-17 13:15,186044,186207,164,9.192,9.171,0.227,0,5.191,11.98,BYPASS,0,0,,,,,,,,,,,,,,,,,,,ABOVE,false
896,2026-03-17 13:30,2026-03-18 22:45,186208,186341,134,9.742,9.722,0.205,0,4.558,13.32,BYPASS,0,0,,,,,,,,,,,,,,,,,,,BELOW,false
897,2026-03-18 23:00,2026-03-20 07:45,186342,186473,132,9.208,9.189,0.207,0,3.258,17.08,UP,1,2,186342,2026-03-18 23:00,0,186343,2026-03-18 23:15,9.198,0.474,1,-1,0.7,true,186344,2026-03-18 23:30,9.216,0.14,0.45,true,true,BELOW,false
898,2026-03-20 08:00,2026-03-21 23:30,186474,186632,159,9.131,9.107,0.261,0,5.05,11.31,DOWN,1,1,186478,2026-03-20 09:00,4,186478,2026-03-20 09:00,9.109,0.083,4,1,0.7,true,186479,2026-03-20 09:15,9.079,0.57,1.56,true,true,BELOW,false
899,2026-03-21 23:45,2026-03-23 10:45,186633,186773,141,9.07,9.054,0.181,0,42.369,91.16,BYPASS,0,0,,,,,,,,,,,,,,,,,,,BELOW,false
900,2026-03-23 11:00,2026-03-25 04:45,186774,186941,168,8.666,8.62,0.504,0,27.843,39.96,BYPASS,0,0,,,,,,,,,,,,,,,,,,,ABOVE,false
901,2026-03-25 05:00,2026-03-26 09:15,186942,187055,114,9.275,9.226,0.526,0,5.301,13.03,DOWN,1,3,187028,2026-03-26 02:30,86,187030,2026-03-26 03:00,9.268,0.857,88,1,1.36,true,187031,2026-03-26 03:15,9.223,0.77,1.89,true,true,BELOW,false
902,2026-03-26 09:30,2026-03-26 19:45,187056,187097,42,9.085,9.062,0.256,0,8.167,14.38,BYPASS,0,0,,,,,,,,,,,,,,,,,,,BELOW,false
903,2026-03-26 20:00,2026-03-27 10:15,187098,187155,58,8.851,8.824,0.302,0,13.622,11.68,BYPASS,0,0,,,,,,,,,,,,,,,,,,,BELOW,false
904,2026-03-27 10:30,2026-03-28 13:15,187156,187263,108,8.782,8.761,0.243,0,10.432,11.96,BYPASS,0,0,,,,,,,,,,,,,,,,,,,BELOW,false
905,2026-03-28 13:30,2026-03-28 22:45,187264,187301,38,8.537,8.521,0.185,0,9.695,29.8,BYPASS,0,0,,,,,,,,,,,,,,,,,,,ABOVE,false
906,2026-03-28 23:00,2026-03-29 03:00,187302,187318,17,8.57,8.554,0.19,0,45.135,39.33,BYPASS,0,0,,,,,,,,,,,,,,,,,,,BELOW,false
907,2026-03-29 03:15,2026-03-29 12:45,187319,187357,39,8.506,8.49,0.187,0,18.514,51.77,DOWN,1,2,187344,2026-03-29 09:30,25,187345,2026-03-29 09:45,8.501,0.687,26,-1,0.51,true,187346,2026-03-29 10:00,8.486,0.48,1.28,true,true,OVERLAP,false
908,2026-03-29 13:00,2026-03-30 11:00,187358,187446,89,8.506,8.468,0.451,1,8.88,15.31,DOWN,1,2,187392,2026-03-29 21:30,34,187393,2026-03-29 21:45,8.475,0.184,35,-1,0.74,true,187394,2026-03-29 22:00,8.42,3.35,3.35,false,true,ABOVE,false
909,2026-03-30 11:15,2026-04-02 00:45,187447,187693,247,8.79,8.763,0.306,0,9.4,25.01,DOWN,1,1,187470,2026-03-30 17:00,23,187470,2026-03-30 17:00,8.781,0.667,23,1,0.48,true,187471,2026-03-30 17:15,8.714,2.24,2.26,false,false,ABOVE,false
910,2026-04-02 01:00,2026-04-03 12:15,187694,187835,142,9.006,8.969,0.415,0,6.708,13.29,BYPASS,0,0,,,,,,,,,,,,,,,,,,,BELOW,false
911,2026-04-03 12:30,2026-04-04 18:45,187836,187957,122,8.749,8.704,0.516,0,4.98,13.38,DOWN,1,1,187836,2026-04-03 12:30,0,187836,2026-04-03 12:30,8.719,0.333,0,1,6.21,true,187837,2026-04-03 12:45,8.686,0.65,0.65,true,true,BELOW,false
912,2026-04-04 19:00,2026-04-05 20:15,187958,188059,102,8.697,8.681,0.183,0,7.054,10.66,UP,1,2,187965,2026-04-04 20:45,7,187966,2026-04-04 21:00,8.69,0.563,8,1,0.73,true,187967,2026-04-04 21:15,8.699,0,0.55,true,true,BELOW,false
913,2026-04-05 20:30,2026-04-09 22:00,188060,188450,391,8.635,8.615,0.232,0,6.902,10.76,UP,1,1,188060,2026-04-05 20:30,0,188060,2026-04-05 20:30,8.634,0.95,0,1,1.91,true,188061,2026-04-05 20:45,8.649,0.65,0.65,true,true,ABOVE,false
914,2026-04-09 22:15,2026-04-12 10:30,188451,188692,242,9.065,9.021,0.484,0,5.864,13.79,DOWN,1,1,188508,2026-04-10 12:30,57,188508,2026-04-10 12:30,9.025,0.091,57,1,3.39,true,188509,2026-04-10 12:45,9.005,0.59,0.59,true,true,BELOW,false
915,2026-04-12 10:45,2026-04-13 21:45,188693,188833,141,8.798,8.79,0.091,0,6.732,13.97,UP,1,1,188699,2026-04-12 12:15,6,188699,2026-04-12 12:15,8.796,0.75,6,-1,1.81,true,188700,2026-04-12 12:30,8.816,1.13,1.26,false,false,ABOVE,false
916,2026-04-13 22:00,2026-04-17 11:45,188834,189177,344,9.016,8.991,0.274,0,8.104,22.28,DOWN,1,1,188922,2026-04-14 20:00,88,188922,2026-04-14 20:00,9.015,0.96,88,-1,0.79,true,188923,2026-04-14 20:15,8.984,0.22,0.22,true,true,ABOVE,false
917,2026-04-17 12:00,2026-04-18 08:00,189178,189258,81,9.547,9.506,0.43,0,4.523,14.89,UP,1,3,189178,2026-04-17 12:00,0,189180,2026-04-17 12:30,9.546,0.976,2,1,0.54,true,189181,2026-04-17 12:45,9.61,0,0,true,true,ABOVE,false
918,2026-04-18 08:15,2026-04-22 05:00,189259,189630,372,9.6,9.574,0.273,0,4.535,11.99,BYPASS,0,0,,,,,,,,,,,,,,,,,,,BELOW,false
919,2026-04-22 05:15,2026-04-25 15:30,189631,189960,330,9.509,9.474,0.367,0,5.624,11.36,UP,1,1,189634,2026-04-22 06:00,3,189634,2026-04-22 06:00,9.507,0.943,3,1,0.45,true,189635,2026-04-22 06:15,9.511,0,0.05,true,true,BELOW,false
920,2026-04-25 15:45,2026-04-29 04:15,189961,190299,339,9.385,9.379,0.064,0,9.658,13.51,UP,1,1,190017,2026-04-26 05:45,56,190017,2026-04-26 05:45,9.381,0.333,56,-1,0.61,true,190018,2026-04-26 06:00,9.399,0,0,true,true,BELOW,false
921,2026-04-29 04:30,2026-04-29 17:45,190300,190353,54,9.318,9.297,0.224,0,8.24,10.75,UP,1,2,190310,2026-04-29 07:00,10,190311,2026-04-29 07:15,9.311,0.667,11,1,0.47,true,190312,2026-04-29 07:30,9.323,0.42,1.15,true,true,BELOW,false
922,2026-04-29 18:00,2026-05-02 15:00,190354,190630,277,9.149,9.104,0.502,0,15.24,37.36,DOWN,1,1,190368,2026-04-29 21:30,14,190368,2026-04-29 21:30,9.104,0,14,-1,0.51,true,190369,2026-04-29 21:45,9.093,0.24,0.56,true,true,OVERLAP,false
923,2026-05-02 15:15,2026-05-02 21:15,190631,190655,25,9.15,9.104,0.503,1,4.047,10.22,UP,1,2,190631,2026-05-02 15:15,0,190632,2026-05-02 15:30,9.131,0.587,1,-1,2.18,true,190633,2026-05-02 15:45,9.158,0,0,true,true,ABOVE,false
924,2026-05-02 21:30,2026-05-03 11:15,190656,190711,56,9.177,9.158,0.206,0,14.9,17.65,DOWN,1,1,190665,2026-05-02 23:45,9,190665,2026-05-02 23:45,9.174,0.842,9,1,1.44,true,190666,2026-05-03 00:00,9.155,0.94,0.99,true,true,BELOW,false
925,2026-05-03 11:30,2026-05-08 01:45,190712,191153,442,9.134,9.126,0.087,0,8.252,11.98,UP,1,1,190724,2026-05-03 14:30,12,190724,2026-05-03 14:30,9.132,0.75,12,1,1.5,true,190725,2026-05-03 14:45,9.158,0,0,true,true,ABOVE,false
926,2026-05-08 02:00,2026-05-11 13:15,191154,191487,334,9.842,9.82,0.224,0,10.253,10.73,UP,1,3,191156,2026-05-08 02:30,2,191158,2026-05-08 03:00,9.824,0.182,4,-1,2.82,true,191159,2026-05-08 03:15,9.856,0,0.32,true,true,ABOVE,false
927,2026-05-11 13:30,2026-05-12 21:45,191488,191617,130,10.559,10.529,0.285,0,4.707,11.22,DOWN,1,1,191488,2026-05-11 13:30,0,191488,2026-05-11 13:30,10.541,0.4,0,-1,3.68,true,191489,2026-05-11 13:45,10.519,1.36,1.36,true,true,BELOW,false
928,2026-05-12 22:00,2026-05-13 23:45,191618,191721,104,10.315,10.297,0.174,0,2.394,10.09,DOWN,1,4,191620,2026-05-12 22:30,2,191623,2026-05-12 23:15,10.311,0.778,5,-1,0.8,true,191624,2026-05-12 23:30,10.29,0.31,0.31,true,true,BELOW,false
929,2026-05-14 00:00,2026-05-16 09:00,191722,191950,229,10.22,10.197,0.224,0,3.794,10.55,UP,1,1,191728,2026-05-14 01:30,6,191728,2026-05-14 01:30,10.219,0.957,6,-1,0.55,true,191729,2026-05-14 01:45,10.235,1.06,1.08,true,true,BELOW,false
930,2026-05-16 09:15,2026-05-18 05:45,191951,192129,179,9.807,9.765,0.434,0,7.474,13.02,DOWN,1,1,192028,2026-05-17 04:30,77,192028,2026-05-17 04:30,9.773,0.19,77,-1,0.94,true,192029,2026-05-17 04:45,9.763,0.26,0.26,true,true,BELOW,false
931,2026-05-18 06:00,2026-05-20 04:45,192130,192317,188,9.526,9.502,0.253,0,8.707,13.6,UP,1,1,192153,2026-05-18 11:45,23,192153,2026-05-18 11:45,9.51,0.333,23,-1,1.91,true,192154,2026-05-18 12:00,9.541,0.86,1.74,true,true,OVERLAP,false
932,2026-05-20 05:00,2026-05-21 09:15,192318,192431,114,9.526,9.473,0.554,1,8.026,14.14,UP,1,1,192352,2026-05-20 13:30,34,192352,2026-05-20 13:30,9.515,0.792,34,1,3.99,true,192353,2026-05-20 13:45,9.529,0,0,true,true,ABOVE,false
933,2026-05-21 09:30,2026-05-22 11:30,192432,192536,105,9.695,9.674,0.218,0,4.894,15.01,DOWN,1,1,192455,2026-05-21 15:15,23,192455,2026-05-21 15:15,9.674,0,23,-1,0.96,true,192456,2026-05-21 15:30,9.63,0.7,0.7,true,true,ABOVE,false
934,2026-05-22 11:45,2026-05-22 23:30,192537,192584,48,9.842,9.818,0.243,0,3.78,12.54,DOWN,1,1,192547,2026-05-22 14:15,10,192547,2026-05-22 14:15,9.824,0.25,10,1,3.29,true,192548,2026-05-22 14:30,9.809,0.89,4.6,false,true,BELOW,false
935,2026-05-22 23:45,2026-05-23 20:15,192585,192667,83,9.517,9.468,0.521,0,10.413,24.13,BYPASS,0,0,,,,,,,,,,,,,,,,,,,BELOW,false
936,2026-05-23 20:30,2026-05-26 17:00,192668,192942,275,9.422,9.396,0.269,0,16.511,28.38,UP,1,1,192739,2026-05-24 14:15,71,192739,2026-05-24 14:15,9.414,0.692,71,1,4.21,true,192740,2026-05-24 14:30,9.428,0,0.12,true,true,ABOVE,false
937,2026-05-26 17:15,2026-05-27 21:15,192943,193055,113,9.463,9.423,0.425,0,11.789,18.2,DOWN,1,1,192944,2026-05-26 17:30,1,192944,2026-05-26 17:30,9.434,0.275,1,1,2.92,true,192945,2026-05-26 17:45,9.385,0.93,0.93,true,true,BELOW,false
938,2026-05-27 21:30,2026-05-31 13:45,193056,193409,354,9.324,9.294,0.326,0,12.037,14.59,DOWN,1,1,193270,2026-05-30 03:00,214,193270,2026-05-30 03:00,9.304,0.333,214,1,2.23,true,193271,2026-05-30 03:15,9.274,2.29,2.29,false,false,BELOW,false
939,2026-05-31 14:00,2026-05-31 18:45,193410,193429,20,9.227,9.198,0.318,0,6.891,12.21,BYPASS,0,0,,,,,,,,,,,,,,,,,,,BELOW,false
940,2026-05-31 19:00,2026-06-03 18:30,193430,193716,287,9.052,9.035,0.189,0,11.069,26.03,UP,1,1,193457,2026-06-01 01:45,27,193457,2026-06-01 01:45,9.038,0.176,27,-1,1.61,true,193458,2026-06-01 02:00,9.099,0,0.93,true,true,BELOW,false
941,2026-06-03 18:45,2026-06-07 11:45,193717,194073,357,8.312,8.253,0.707,0,4.37,11.71,DOWN,1,1,193720,2026-06-03 19:30,3,193720,2026-06-03 19:30,8.274,0.356,3,-1,0.51,true,193721,2026-06-03 19:45,8.207,1.85,2.94,true,true,BELOW,false
942,2026-06-07 12:00,2026-06-07 18:45,194074,194101,28,7.776,7.749,0.353,0,4.495,10.61,DOWN,1,1,194083,2026-06-07 14:15,9,194083,2026-06-07 14:15,7.761,0.444,9,1,2.11,true,194084,2026-06-07 14:30,7.735,0.98,2.57,false,true,BELOW,false
943,2026-06-07 19:00,2026-06-07 21:45,194102,194113,12,7.737,7.691,0.603,0,4.912,12.15,BYPASS,0,0,,,,,,,,,,,,,,,,,,,BELOW,false
944,2026-06-07 22:00,2026-06-08 06:45,194114,194149,36,7.672,7.637,0.441,0,14.042,30.9,BYPASS,0,0,,,,,,,,,,,,,,,,,,,ABOVE,false
945,2026-06-08 07:00,2026-06-08 20:45,194150,194205,56,7.832,7.81,0.28,0,6.442,12.19,BYPASS,0,0,,,,,,,,,,,,,,,,,,,ABOVE,false
946,2026-06-08 21:00,2026-06-09 04:15,194206,194235,30,8.041,8.018,0.284,0,5.021,13.42,DOWN,1,1,194210,2026-06-08 22:00,4,194210,2026-06-08 22:00,8.031,0.565,4,1,1.37,true,194211,2026-06-08 22:15,8.008,1.71,2.84,true,true,BELOW,false
947,2026-06-09 04:30,2026-06-12 13:15,194236,194559,324,7.886,7.861,0.314,0,5.404,11.57,DOWN,1,1,194255,2026-06-09 09:15,19,194255,2026-06-09 09:15,7.882,0.84,19,-1,0.58,true,194256,2026-06-09 09:30,7.853,0.38,1.69,true,true,OVERLAP,false
948,2026-06-12 13:30,2026-06-13 21:15,194560,194687,128,7.89,7.856,0.435,1,6.242,16.02,UP,1,2,194563,2026-06-12 14:15,3,194564,2026-06-12 14:30,7.872,0.471,4,1,2.46,true,194565,2026-06-12 14:45,7.962,0.78,0.78,true,true,ABOVE,false
949,2026-06-13 21:30,2026-06-14 21:00,194688,194782,95,7.965,7.954,0.137,0,4.035,10.79,UP,1,1,194695,2026-06-13 23:15,7,194695,2026-06-13 23:15,7.964,0.909,7,1,0.95,true,194696,2026-06-13 23:30,7.971,0.04,0.83,true,true,BELOW,false
950,2026-06-14 21:15,2026-06-15 10:30,194783,194836,54,7.867,7.844,0.287,0,8.851,16.77,BYPASS,0,0,,,,,,,,,,,,,,,,,,,ABOVE,false
951,2026-06-15 10:45,2026-06-15 22:00,194837,194882,46,8.243,8.218,0.3,0,7.952,17.66,BYPASS,0,0,,,,,,,,,,,,,,,,,,,ABOVE,false
952,2026-06-15 22:15,2026-06-16 20:15,194883,194971,89,8.373,8.347,0.314,0,10.726,20.33,UP,1,1,194924,2026-06-16 08:30,41,194924,2026-06-16 08:30,8.354,0.269,41,-1,0.88,true,194925,2026-06-16 08:45,8.401,0.26,3.13,true,true,BELOW,false
953,2026-06-16 20:30,2026-06-19 03:00,194972,195190,219,8.309,8.26,0.588,0,5.786,10.39,UP,1,3,194975,2026-06-16 21:15,3,194977,2026-06-16 21:45,8.309,1,5,-1,0.22,true,194978,2026-06-16 22:00,8.32,0,0.13,true,true,BELOW,false
954,2026-06-19 03:15,2026-06-19 20:30,195191,195260,70,8,7.945,0.695,0,7.892,16.49,BYPASS,0,0,,,,,,,,,,,,,,,,,,,BELOW,false
955,2026-06-19 20:45,2026-06-23 15:15,195261,195623,363,7.883,7.862,0.265,0,3.175,10.53,UP,1,2,195277,2026-06-20 00:45,16,195278,2026-06-20 01:00,7.88,0.857,17,-1,1.38,true,195279,2026-06-20 01:15,7.887,0.05,0.05,true,true,BELOW,false
956,2026-06-23 15:30,2026-06-27 16:45,195624,196013,390,7.577,7.553,0.315,0,13.071,13.97,UP,1,1,195630,2026-06-23 17:00,6,195630,2026-06-23 17:00,7.575,0.917,6,-1,0.66,true,195631,2026-06-23 17:15,7.618,0.16,0.16,true,true,BELOW,false
957,2026-06-27 17:00,2026-06-29 11:45,196014,196185,172,7.454,7.435,0.257,0,9.468,11.51,BYPASS,0,0,,,,,,,,,,,,,,,,,,,BELOW,false
958,2026-06-29 12:00,2026-07-01 00:45,196186,196333,148,7.308,7.29,0.243,0,7.23,21.6,DOWN,1,1,196191,2026-06-29 13:15,5,196191,2026-06-29 13:15,7.298,0.444,5,1,0.91,true,196192,2026-06-29 13:30,7.266,1.32,1.32,true,true,BELOW,false
959,2026-07-01 01:00,2026-07-02 09:15,196334,196463,130,7.206,7.186,0.281,0,12.321,25.02,UP,1,1,196338,2026-07-01 02:00,4,196338,2026-07-01 02:00,7.205,0.95,4,-1,1.08,true,196339,2026-07-01 02:15,7.231,0,0.21,true,true,ABOVE,false
960,2026-07-02 09:30,2026-07-04 22:45,196464,196709,246,7.511,7.483,0.369,0,6.938,11.91,BYPASS,0,0,,,,,,,,,,,,,,,,,,,ABOVE,false
961,2026-07-04 23:00,2026-07-06 20:45,196710,196893,184,8.023,8.007,0.2,0,7.919,16.21,DOWN,1,1,196712,2026-07-04 23:30,2,196712,2026-07-04 23:30,8.012,0.313,2,1,0.43,true,196713,2026-07-04 23:45,8.001,1.26,2.09,false,false,BELOW,false
962,2026-07-06 21:00,2026-07-10 01:30,196894,197200,307,8.006,7.986,0.247,0,23.371,50.88,DOWN,1,1,196910,2026-07-07 01:00,16,196910,2026-07-07 01:00,7.998,0.6,16,1,2.01,true,196911,2026-07-07 01:15,7.969,1.29,2.24,false,false,BELOW,false
963,2026-07-10 01:45,2026-07-12 05:45,197201,197409,209,7.793,7.773,0.254,0,12.871,13.38,BYPASS,0,0,,,,,,,,,,,,,,,,,,,ABOVE,false
964,2026-07-12 06:00,2026-07-12 14:30,197410,197444,35,7.998,7.984,0.176,0,9.081,18.36,UP,1,1,197423,2026-07-12 09:15,13,197423,2026-07-12 09:15,7.988,0.286,13,-1,1.15,true,197424,2026-07-12 09:30,8.021,0,0,true,true,ABOVE,false
965,2026-07-12 14:45,2026-07-13 02:45,197445,197493,49,8.03,8.01,0.247,0,7.392,21.69,UP,1,2,197457,2026-07-12 17:45,12,197458,2026-07-12 18:00,8.022,0.6,13,1,0.59,true,197459,2026-07-12 18:15,8.033,0,0.86,true,true,BELOW,false
966,2026-07-13 03:00,2026-07-14 12:15,197494,197627,134,8,7.973,0.341,0,6.757,11.59,DOWN,1,13,197511,2026-07-13 07:15,17,197523,2026-07-13 10:15,7.981,0.296,29,-1,0.53,true,197524,2026-07-13 10:30,7.959,1.14,1.61,false,true,OVERLAP,false
967,2026-07-14 12:30,2026-07-17 12:45,197628,197917,290,8,7.951,0.608,1,8.306,10.36,BYPASS,0,0,,,,,,,,,,,,,,,,,,,ABOVE,false
968,2026-07-17 13:00,2026-07-18 23:45,197918,198057,140,8.17,8.15,0.248,0,10.39,26.6,DOWN,1,1,197922,2026-07-17 14:00,4,197922,2026-07-17 14:00,8.15,0,4,-1,2.07,true,197923,2026-07-17 14:15,8.119,1.09,1.09,true,true,ABOVE,false
969,2026-07-19 00:00,2026-07-19 15:45,198058,198121,64,8.351,8.341,0.12,0,4.096,10.52,DOWN,1,1,198058,2026-07-19 00:00,0,198058,2026-07-19 00:00,8.342,0.1,0,1,2.16,true,198059,2026-07-19 00:15,8.335,0.19,0.19,true,true,OVERLAP,false
970,2026-07-19 16:00,2026-07-20 21:45,198122,198241,120,8.359,8.341,0.215,1,5.765,13.62,DOWN,1,3,198122,2026-07-19 16:00,0,198124,2026-07-19 16:30,8.347,0.333,2,1,0.38,true,198125,2026-07-19 16:45,8.331,0.74,0.74,true,true,ABOVE,false
971,2026-07-20 22:00,2026-07-22 19:30,198242,198424,183,8.595,8.563,0.375,0,3.901,14.31,UP,1,5,198247,2026-07-20 23:15,5,198251,2026-07-21 00:15,8.595,1,9,1,1.3,true,198252,2026-07-21 00:30,8.623,0,0,true,true,ABOVE,false
972,2026-07-22 19:45,2026-07-23 06:45,198425,198469,45,8.619,8.601,0.209,0,9.052,13.2,UP,1,1,198431,2026-07-22 21:15,6,198431,2026-07-22 21:15,8.616,0.833,6,-1,0.32,true,198432,2026-07-22 21:30,8.643,0.23,0.23,true,true,BELOW,false
973,2026-07-23 07:00,2026-07-24 06:45,198470,198565,96,8.583,8.568,0.176,0,5.936,11.05,BYPASS,0,0,,,,,,,,,,,,,,,,,,,BELOW,false
974,2026-07-24 07:00,2026-07-24 23:45,198566,198633,68,8.471,8.457,0.164,0,13.825,14.59,DOWN,1,4,198580,2026-07-24 10:30,14,198583,2026-07-24 11:15,8.461,0.286,17,-1,0.45,true,198584,2026-07-24 11:30,8.444,1.53,2.02,true,true,BELOW,false
975,2026-07-25 00:00,2026-07-26 21:45,198634,198817,184,8.338,8.33,0.096,0,3.661,11.26,UP,1,1,198634,2026-07-25 00:00,0,198634,2026-07-25 00:00,8.334,0.5,0,-1,2.24,true,198635,2026-07-25 00:15,8.35,0.23,0.38,true,true,ABOVE,false
976,2026-07-26 22:00,2026-07-27 21:45,198818,198913,96,8.636,8.616,0.23,0,17.993,32.07,UP,1,1,198891,2026-07-27 16:15,73,198891,2026-07-27 16:15,8.617,0.05,73,-1,1.22,true,198892,2026-07-27 16:30,8.643,0.67,1.29,true,true,BELOW,false
977,2026-07-27 22:00,2026-07-28 08:15,198914,198955,42,8.591,8.578,0.152,0,4.067,13.59,BYPASS,0,0,,,,,,,,,,,,,,,,,,,BELOW,false
978,2026-07-28 08:30,2026-08-02 15:45,198956,199465,510,8.325,8.305,0.24,0,3.317,12.13,DOWN,1,4,198957,2026-07-28 08:45,1,198960,2026-07-28 09:30,8.318,0.65,4,-1,0.79,true,198961,2026-07-28 09:45,8.299,0.51,1.41,false,true,BELOW,false
979,2026-08-02 16:00,2026-08-04 04:15,199466,199611,146,8.28,8.269,0.133,0,5.576,11.39,UP,1,1,199469,2026-08-02 16:45,3,199469,2026-08-02 16:45,8.276,0.636,3,1,0.75,true,199470,2026-08-02 17:00,8.297,0,0,true,true,BELOW,false
980,2026-08-04 04:30,2026-08-06 08:45,199612,199821,210,8.198,8.176,0.267,0,4.803,11.73,DOWN,1,5,199614,2026-08-04 05:00,2,199618,2026-08-04 06:00,8.177,0.045,6,-1,0.38,true,199619,2026-08-04 06:15,8.173,0.72,0.72,false,true,OVERLAP,false
981,2026-08-06 09:00,2026-08-08 05:15,199822,199999,178,8.207,8.176,0.382,1,5.709,10.88,DOWN,1,1,199832,2026-08-06 11:30,10,199832,2026-08-06 11:30,8.176,0,10,-1,1.39,true,199833,2026-08-06 11:45,8.158,0.95,0.95,false,true,,true