zoneId,startTime,endTime,startIndex,endIndex,duration,upper,lower,widthPct,merges,triggerChange,triggerSignal,outcome,insideRuns,insideBars,firstEntryIdx,firstEntryTime,entryLag,decisionIdx,decisionTime,decisionClose,pos,age,trendAt,volRatio,wickPoked,exitIdx,exitTime,exitClose,extShort,extLong,revertedShort,revertedLong,nextZoneSide,truncated
0,2020-11-24 00:00,2020-11-30 07:45,10,617,608,0.155,0.15135,2.262,0,4.397,12.79,UP,1,1,199,2020-11-25 23:15,189,199,2020-11-25 23:15,0.15372,0.649,189,-1,3.39,true,200,2020-11-25 23:30,0.15589,0,22.71,true,true,ABOVE,false
1,2020-11-30 08:00,2020-11-30 13:00,618,638,21,0.16935,0.1689,0.273,0,6.828,14.66,BYPASS,0,0,,,,,,,,,,,,,,,,,,,BELOW,false
2,2020-11-30 13:15,2020-12-04 09:45,639,1009,371,0.1651,0.16378,0.813,0,4.051,11.63,DOWN,1,1,730,2020-12-01 12:00,91,730,2020-12-01 12:00,0.16456,0.591,91,1,1.48,true,731,2020-12-01 12:15,0.14601,13.82,13.82,false,false,BELOW,false
3,2020-12-04 10:00,2020-12-05 03:45,1010,1081,72,0.16141,0.16094,0.295,0,9.506,14.53,BYPASS,0,0,,,,,,,,,,,,,,,,,,,BELOW,false
4,2020-12-05 04:00,2020-12-06 18:45,1082,1237,156,0.15169,0.15078,0.592,0,6.748,16.07,BYPASS,0,0,,,,,,,,,,,,,,,,,,,ABOVE,false
5,2020-12-06 19:00,2020-12-08 09:15,1238,1391,154,0.15697,0.15644,0.337,0,2.691,14.6,UP,1,1,1267,2020-12-07 02:15,29,1267,2020-12-07 02:15,0.15679,0.66,29,-1,0.83,true,1268,2020-12-07 02:30,0.15728,0.13,0.32,true,true,BELOW,false
6,2020-12-08 09:30,2020-12-09 07:30,1392,1480,89,0.15065,0.1495,0.785,0,17.782,23.82,BYPASS,0,0,,,,,,,,,,,,,,,,,,,BELOW,false
7,2020-12-09 07:45,2020-12-10 19:15,1481,1623,143,0.13722,0.13639,0.623,0,4.895,13.93,UP,1,2,1487,2020-12-09 09:15,6,1488,2020-12-09 09:30,0.13716,0.928,7,-1,2.72,true,1489,2020-12-09 09:45,0.13849,0.41,0.41,true,true,ABOVE,false
8,2020-12-10 19:30,2020-12-12 12:45,1624,1789,166,0.14233,0.14143,0.636,0,5.42,10.75,UP,1,1,1625,2020-12-10 19:45,1,1625,2020-12-10 19:45,0.14198,0.611,1,-1,0.5,true,1626,2020-12-10 20:00,0.14268,0,3.69,true,true,ABOVE,false
9,2020-12-12 13:00,2020-12-14 17:45,1790,2001,212,0.14553,0.14525,0.194,0,10.929,12.58,DOWN,1,2,1811,2020-12-12 18:15,21,1812,2020-12-12 18:30,0.14539,0.5,22,1,0.9,true,1813,2020-12-12 18:45,0.14513,0.32,1.6,true,true,ABOVE,false
10,2020-12-14 18:00,2020-12-15 21:00,2002,2110,109,0.15362,0.1533,0.207,0,9.672,16.08,DOWN,1,1,2083,2020-12-15 14:15,81,2083,2020-12-15 14:15,0.1536,0.937,81,-1,1.01,true,2084,2020-12-15 14:30,0.15317,0.13,0.13,true,true,ABOVE,false
11,2020-12-15 21:15,2020-12-19 23:00,2111,2502,392,0.15691,0.15653,0.245,0,7.671,18.61,BYPASS,0,0,,,,,,,,,,,,,,,,,,,ABOVE,false
12,2020-12-19 23:15,2020-12-20 21:45,2503,2593,91,0.1675,0.16627,0.747,0,7.689,10.04,DOWN,1,1,2537,2020-12-20 07:45,34,2537,2020-12-20 07:45,0.16665,0.309,34,-1,3.35,true,2538,2020-12-20 08:00,0.16594,0.23,2.66,true,true,BELOW,false
13,2020-12-20 22:00,2020-12-24 15:45,2594,2953,360,0.16516,0.16322,1.214,0,8.758,11.45,DOWN,1,2,2603,2020-12-21 00:15,9,2604,2020-12-21 00:30,0.16426,0.536,10,1,0.82,true,2605,2020-12-21 00:45,0.16316,0.74,1.28,false,true,BELOW,false
14,2020-12-24 16:00,2020-12-28 04:15,2954,3291,338,0.15005,0.14851,1.022,0,3.632,16.88,DOWN,1,2,2956,2020-12-24 16:30,2,2957,2020-12-24 16:45,0.1489,0.253,3,1,0.76,true,2958,2020-12-24 17:00,0.14803,0.72,0.72,true,true,ABOVE,false
15,2020-12-28 04:30,2020-12-31 12:30,3292,3612,321,0.16028,0.15954,0.458,0,3.583,11.95,UP,1,1,3295,2020-12-28 05:15,3,3295,2020-12-28 05:15,0.15998,0.595,3,1,1.22,true,3296,2020-12-28 05:30,0.16138,0,0,true,true,ABOVE,false
16,2020-12-31 12:45,2021-01-01 18:30,3613,3732,120,0.18361,0.18255,0.592,0,8.831,15.15,DOWN,1,4,3672,2021-01-01 03:30,59,3675,2021-01-01 04:15,0.18342,0.821,62,1,0.72,true,3676,2021-01-01 04:30,0.18206,1.92,3.19,true,true,BELOW,false
17,2021-01-01 18:45,2021-01-02 07:30,3733,3784,52,0.17837,0.177,0.784,0,7.138,10.41,BYPASS,0,0,,,,,,,,,,,,,,,,,,,BELOW,false
18,2021-01-02 07:45,2021-01-15 05:30,3785,5024,1240,0.17509,0.17455,0.313,0,3.393,10.54,UP,1,1,3837,2021-01-02 20:45,52,3837,2021-01-02 20:45,0.17464,0.167,52,1,2.92,true,3838,2021-01-02 21:00,0.17725,0,0.21,true,true,ABOVE,false
19,2021-01-15 05:45,2021-01-22 10:45,5025,5717,693,0.31948,0.31656,0.944,0,2.075,12.69,UP,1,1,5031,2021-01-15 07:15,6,5031,2021-01-15 07:15,0.31711,0.188,6,1,0.7,true,5032,2021-01-15 07:30,0.31995,0.33,2.36,true,true,ABOVE,false
20,2021-01-22 11:00,2021-01-26 12:30,5718,6108,391,0.32848,0.32438,1.225,0,1.809,10.72,BYPASS,0,0,,,,,,,,,,,,,,,,,,,ABOVE,false
21,2021-01-26 12:45,2021-01-28 23:00,6109,6342,234,0.33955,0.33662,0.883,0,3.38,10.37,UP,1,1,6123,2021-01-26 16:15,14,6123,2021-01-26 16:15,0.33773,0.379,14,-1,1.22,true,6124,2021-01-26 16:30,0.34012,0,0,true,true,ABOVE,false
22,2021-01-28 23:15,2021-02-02 15:45,6343,6793,451,0.3462,0.34406,0.606,0,2.998,14.04,UP,1,1,6345,2021-01-28 23:45,2,6345,2021-01-28 23:45,0.3443,0.112,2,1,2.53,true,6346,2021-01-29 00:00,0.35281,0,3.94,true,true,ABOVE,false
23,2021-02-02 16:00,2021-02-04 07:15,6794,6951,158,0.44585,0.44102,1.109,0,1.899,11.08,DOWN,1,1,6800,2021-02-02 17:30,6,6800,2021-02-02 17:30,0.44195,0.193,6,1,0.48,true,6801,2021-02-02 17:45,0.43909,4.77,6.13,false,false,BELOW,false
24,2021-02-04 07:30,2021-02-09 10:30,6952,7444,493,0.43763,0.43673,0.208,0,4.148,11.17,DOWN,1,2,7002,2021-02-04 20:00,50,7003,2021-02-04 20:15,0.43707,0.378,51,-1,0.72,true,7004,2021-02-04 20:30,0.43652,1.94,1.94,true,true,ABOVE,false
25,2021-02-09 10:45,2021-02-15 20:00,7445,8058,614,0.69325,0.68737,0.879,0,6.862,12.77,UP,1,2,7459,2021-02-09 14:15,14,7460,2021-02-09 14:30,0.68843,0.18,15,1,0.54,true,7461,2021-02-09 14:45,0.69523,1.94,2.06,true,true,ABOVE,false
26,2021-02-15 20:15,2021-02-17 21:30,8059,8256,198,0.88006,0.87492,0.58,0,4.031,10.72,DOWN,1,1,8070,2021-02-15 23:00,11,8070,2021-02-15 23:00,0.87987,0.963,11,1,1.14,true,8071,2021-02-15 23:15,0.87153,4.82,4.82,true,true,ABOVE,false
27,2021-02-17 21:45,2021-02-27 22:30,8257,9220,964,0.88717,0.88335,0.427,0,4.514,11.56,UP,1,1,8260,2021-02-17 22:30,3,8260,2021-02-17 22:30,0.8848,0.38,3,1,0.85,true,8261,2021-02-17 22:45,0.88892,0,0,true,true,ABOVE,false
28,2021-02-27 22:45,2021-02-28 19:30,9221,9304,84,1.35386,1.33412,1.538,0,5.133,10.48,BYPASS,0,0,,,,,,,,,,,,,,,,,,,BELOW,false
29,2021-02-28 19:45,2021-03-01 15:45,9305,9385,81,1.24988,1.23842,0.898,0,5.377,11.07,UP,1,2,9348,2021-03-01 06:30,43,9349,2021-03-01 06:45,1.23933,0.079,44,1,1.1,true,9350,2021-03-01 07:00,1.25581,0,0.06,true,true,ABOVE,false
30,2021-03-01 16:00,2021-03-04 03:00,9386,9622,237,1.281,1.26312,1.337,0,4.492,15.5,UP,1,4,9393,2021-03-01 17:45,7,9396,2021-03-01 18:30,1.27995,0.941,10,1,0.48,true,9397,2021-03-01 18:45,1.28919,0,4.8,true,true,BELOW,false
31,2021-03-04 03:15,2021-03-04 10:30,9623,9652,30,1.22298,1.21888,0.338,0,1.854,10.28,BYPASS,0,0,,,,,,,,,,,,,,,,,,,BELOW,false
32,2021-03-04 10:45,2021-03-12 12:45,9653,10429,777,1.19406,1.18809,0.509,0,5.522,13.1,UP,1,1,10133,2021-03-09 10:45,480,10133,2021-03-09 10:45,1.19228,0.702,480,1,7.78,true,10134,2021-03-09 11:00,1.19688,2.34,2.34,true,true,BELOW,false
33,2021-03-12 13:00,2021-03-12 23:45,10430,10473,44,1.07612,1.06766,0.802,0,5.621,10.83,DOWN,1,2,10441,2021-03-12 15:45,11,10442,2021-03-12 16:00,1.06966,0.236,12,-1,0.84,true,10443,2021-03-12 16:15,1.06603,1.5,3.5,false,false,BELOW,false
34,2021-03-13 00:00,2021-03-14 18:45,10474,10645,172,1.04193,1.032,0.976,0,5.111,13.24,UP,1,2,10483,2021-03-13 02:15,9,10484,2021-03-13 02:30,1.03403,0.204,10,-1,1.23,true,10485,2021-03-13 02:45,1.05835,0,0,true,true,ABOVE,false
35,2021-03-14 19:00,2021-03-16 15:15,10646,10823,178,1.08191,1.07779,0.378,0,3.078,11.71,UP,1,3,10650,2021-03-14 20:00,4,10652,2021-03-14 20:30,1.07826,0.114,6,-1,0.89,true,10653,2021-03-14 20:45,1.08197,1.08,3.12,true,true,BELOW,false
36,2021-03-16 15:30,2021-03-17 05:30,10824,10880,57,1.05491,1.04836,0.606,0,7.403,25.28,BYPASS,0,0,,,,,,,,,,,,,,,,,,,ABOVE,false
37,2021-03-17 05:45,2021-03-19 11:45,10881,11097,217,1.22482,1.21566,0.737,0,2.814,10.43,UP,1,1,10896,2021-03-17 09:30,15,10896,2021-03-17 09:30,1.22257,0.754,15,1,3.3,true,10897,2021-03-17 09:45,1.23225,0,0,true,true,ABOVE,false
38,2021-03-19 12:00,2021-03-19 17:45,11098,11121,24,1.26252,1.25648,0.476,0,2.134,12.02,DOWN,1,1,11117,2021-03-19 16:45,19,11117,2021-03-19 16:45,1.25788,0.232,19,-1,1.47,true,11118,2021-03-19 17:00,1.25535,0.09,0.09,true,true,ABOVE,false
39,2021-03-19 18:00,2021-03-21 09:15,11122,11279,158,1.27229,1.2642,0.618,0,12.74,27.24,DOWN,1,2,11162,2021-03-20 04:00,40,11163,2021-03-20 04:15,1.26456,0.044,41,1,1.15,true,11164,2021-03-20 04:30,1.26156,0.48,1.02,true,true,BELOW,false
40,2021-03-21 09:30,2021-03-23 19:00,11280,11510,231,1.2184,1.2116,0.568,0,5.292,13.49,DOWN,1,3,11302,2021-03-21 15:00,22,11304,2021-03-21 15:30,1.21348,0.276,24,-1,0.6,true,11305,2021-03-21 15:45,1.20426,1.39,1.42,false,true,BELOW,false
41,2021-03-23 19:15,2021-03-27 02:45,11511,11829,319,1.14596,1.1396,0.566,0,4.596,12.92,DOWN,1,1,11558,2021-03-24 07:00,47,11558,2021-03-24 07:00,1.14079,0.187,47,-1,3.27,true,11559,2021-03-24 07:15,1.1356,0.66,0.66,true,true,ABOVE,false
42,2021-03-27 03:00,2021-03-31 07:30,11830,12232,403,1.20443,1.19859,0.495,0,5.086,18.95,UP,1,1,11843,2021-03-27 06:15,13,11843,2021-03-27 06:15,1.20002,0.245,13,1,0.74,true,11844,2021-03-27 06:30,1.21438,1.02,3.39,true,true,OVERLAP,false
43,2021-03-31 07:45,2021-03-31 14:45,12233,12261,29,1.20483,1.19859,0.525,1,5.542,10.68,BYPASS,0,0,,,,,,,,,,,,,,,,,,,BELOW,false
44,2021-03-31 15:00,2021-04-06 12:15,12262,12827,566,1.19215,1.18832,0.32,0,3.727,13.11,DOWN,1,1,12266,2021-03-31 16:00,4,12266,2021-03-31 16:00,1.18839,0.018,4,-1,1.57,true,12267,2021-03-31 16:15,1.18238,1.27,1.27,false,true,ABOVE,false
45,2021-04-06 12:30,2021-04-06 19:45,12828,12857,30,1.215,1.207,0.643,0,3.819,11.79,BYPASS,0,0,,,,,,,,,,,,,,,,,,,ABOVE,false
46,2021-04-06 20:00,2021-04-15 18:15,12858,13715,858,1.26789,1.26077,0.571,0,4.55,10.84,UP,1,1,12874,2021-04-07 00:00,16,12874,2021-04-07 00:00,1.26776,0.982,16,1,1.23,true,12875,2021-04-07 00:15,1.2687,2.87,2.87,false,true,ABOVE,false
47,2021-04-15 18:30,2021-04-25 03:00,13716,14614,899,1.47723,1.46521,0.824,0,4.806,11.49,UP,1,6,13721,2021-04-15 19:45,5,13726,2021-04-15 21:00,1.47311,0.657,10,1,0.36,true,13727,2021-04-15 21:15,1.47831,0,1.92,true,true,BELOW,false
48,2021-04-25 03:15,2021-04-25 20:30,14615,14684,70,1.12286,1.11712,0.517,0,1.523,11.82,DOWN,1,1,14637,2021-04-25 08:45,22,14637,2021-04-25 08:45,1.12101,0.678,22,-1,3.13,true,14638,2021-04-25 09:00,1.11556,1.66,1.66,false,true,BELOW,false
49,2021-04-25 20:45,2021-04-29 19:45,14685,15065,381,1.11209,1.10417,0.743,0,12.028,23.17,UP,1,1,14698,2021-04-26 00:00,13,14698,2021-04-26 00:00,1.10922,0.638,13,-1,1.68,true,14699,2021-04-26 00:15,1.11311,0,0,true,true,ABOVE,false
50,2021-04-29 20:00,2021-05-03 07:15,15066,15399,334,1.30738,1.29874,0.674,0,3.887,13.25,DOWN,1,1,15070,2021-04-29 21:00,4,15070,2021-04-29 21:00,1.2992,0.053,4,-1,0.29,true,15071,2021-04-29 21:15,1.28808,0.98,0.98,true,true,ABOVE,false
51,2021-05-03 07:30,2021-05-03 23:45,15400,15465,66,1.34891,1.34275,0.454,0,3.118,12.7,UP,1,1,15426,2021-05-03 14:00,26,15426,2021-05-03 14:00,1.34501,0.367,26,1,1.47,true,15427,2021-05-03 14:15,1.3531,0.65,0.65,true,true,ABOVE,false
52,2021-05-04 00:00,2021-05-06 18:15,15466,15731,266,1.3638,1.35715,0.496,0,4.634,12.98,BYPASS,0,0,,,,,,,,,,,,,,,,,,,ABOVE,false
53,2021-05-06 18:30,2021-05-08 11:30,15732,15896,165,1.63668,1.61291,1.564,0,8.062,26.25,UP,1,1,15742,2021-05-06 21:00,10,15742,2021-05-06 21:00,1.63364,0.872,10,1,0.8,true,15743,2021-05-06 21:15,1.64766,0,3.5,true,true,OVERLAP,false
54,2021-05-08 11:45,2021-05-25 23:45,15897,17577,1681,1.63668,1.60529,1.979,1,4.715,16.09,DOWN,1,1,15905,2021-05-08 13:45,8,15905,2021-05-08 13:45,1.61063,0.17,8,-1,1.86,true,15906,2021-05-08 14:00,1.60412,2.6,2.67,true,true,BELOW,false
55,2021-05-26 00:00,2021-06-01 07:45,17578,18185,608,1.5575,1.5405,1.078,0,4.413,12.22,DOWN,1,1,17794,2021-05-28 06:00,216,17794,2021-05-28 06:00,1.5468,0.371,216,-1,1.85,true,17795,2021-05-28 06:15,1.5306,1.91,5.87,true,true,ABOVE,false
56,2021-06-01 08:00,2021-06-01 23:45,18186,18249,64,1.7306,1.7138,0.994,0,3.221,16.22,DOWN,1,3,18195,2021-06-01 10:15,9,18197,2021-06-01 10:45,1.7175,0.22,11,1,0.8,true,18198,2021-06-01 11:00,1.7065,2.85,2.85,true,true,OVERLAP,false
57,2021-06-02 00:00,2021-06-05 09:30,18250,18576,327,1.7477,1.7138,1.916,1,2.912,13.77,UP,1,7,18251,2021-06-02 00:15,1,18257,2021-06-02 01:45,1.7421,0.835,7,1,0.88,true,18258,2021-06-02 02:00,1.759,0,0,true,true,OVERLAP,false
58,2021-06-05 09:45,2021-06-07 20:30,18577,18812,236,1.7587,1.7138,2.624,2,3.922,11.73,DOWN,1,1,18579,2021-06-05 10:15,2,18579,2021-06-05 10:15,1.7222,0.187,2,1,1.82,true,18580,2021-06-05 10:30,1.7066,4.04,4.04,false,false,BELOW,false
59,2021-06-07 20:45,2021-06-10 13:45,18813,19073,261,1.6703,1.662,0.51,0,8.589,30.54,BYPASS,0,0,,,,,,,,,,,,,,,,,,,BELOW,false
60,2021-06-10 14:00,2021-06-16 17:45,19074,19665,592,1.5706,1.5633,0.468,0,2.634,11.91,DOWN,1,1,19391,2021-06-13 21:15,317,19391,2021-06-13 21:15,1.5681,0.658,317,1,0.82,true,19392,2021-06-13 21:30,1.562,1.23,2.35,false,false,BELOW,false
61,2021-06-16 18:00,2021-06-18 13:45,19666,19841,176,1.517,1.5053,0.776,0,6.39,10.98,DOWN,1,1,19666,2021-06-16 18:00,0,19666,2021-06-16 18:00,1.507,0.145,0,-1,4.84,true,19667,2021-06-16 18:15,1.5015,0.48,2.12,true,true,BELOW,false
62,2021-06-18 14:00,2021-06-24 23:45,19842,20457,616,1.4496,1.4438,0.407,0,4.531,16.27,UP,1,3,20058,2021-06-20 20:00,216,20060,2021-06-20 20:30,1.4487,0.845,218,1,1.09,true,20061,2021-06-20 20:45,1.4552,0.7,4.14,true,true,BELOW,false
63,2021-06-25 00:00,2021-06-27 21:45,20458,20737,280,1.3598,1.3489,0.791,0,3.748,11.16,DOWN,1,1,20461,2021-06-25 00:45,3,20461,2021-06-25 00:45,1.3551,0.569,3,1,1.25,true,20462,2021-06-25 01:00,1.3479,0.29,0.99,true,true,BELOW,false
64,2021-06-27 22:00,2021-06-29 03:45,20738,20857,120,1.2719,1.2592,0.981,0,3.378,12.73,BYPASS,0,0,,,,,,,,,,,,,,,,,,,ABOVE,false
65,2021-06-29 04:00,2021-07-01 01:45,20858,21041,184,1.3323,1.328,0.322,0,2.331,10.97,DOWN,1,1,20862,2021-06-29 05:00,4,20862,2021-06-29 05:00,1.3283,0.07,4,1,0.92,true,20863,2021-06-29 05:15,1.3264,0.52,0.52,true,true,ABOVE,false
66,2021-07-01 02:00,2021-07-02 18:45,21042,21205,164,1.3724,1.3685,0.287,0,3.01,11.1,BYPASS,0,0,,,,,,,,,,,,,,,,,,,BELOW,false
67,2021-07-02 19:00,2021-07-05 17:15,21206,21487,282,1.3592,1.3537,0.403,0,4.11,11.71,UP,1,1,21207,2021-07-02 19:15,1,21207,2021-07-02 19:15,1.3586,0.891,1,1,0.79,true,21208,2021-07-02 19:30,1.3634,0.27,0.27,true,true,ABOVE,false
68,2021-07-05 17:30,2021-07-06 03:45,21488,21529,42,1.4017,1.397,0.341,0,5.53,10.26,BYPASS,0,0,,,,,,,,,,,,,,,,,,,ABOVE,false
69,2021-07-06 04:00,2021-07-07 17:15,21530,21679,150,1.4222,1.4179,0.299,0,4.526,12.27,DOWN,1,1,21553,2021-07-06 09:45,23,21553,2021-07-06 09:45,1.4194,0.349,23,1,1.1,true,21554,2021-07-06 10:00,1.4126,0.82,0.85,true,true,OVERLAP,false
70,2021-07-07 17:30,2021-07-08 07:15,21680,21735,56,1.4226,1.4179,0.332,1,5.487,17.5,DOWN,1,6,21681,2021-07-07 17:45,1,21686,2021-07-07 19:00,1.4196,0.362,6,1,0.79,true,21687,2021-07-07 19:15,1.4174,1.01,2.88,true,true,BELOW,false
71,2021-07-08 07:30,2021-07-08 17:15,21736,21775,40,1.3755,1.3666,0.656,0,3.794,11.7,DOWN,1,3,21746,2021-07-08 10:00,10,21748,2021-07-08 10:30,1.3687,0.236,12,-1,0.6,true,21749,2021-07-08 10:45,1.3578,1.57,1.89,true,true,OVERLAP,false
72,2021-07-08 17:30,2021-07-11 09:00,21776,22030,255,1.3755,1.3618,1,1,3.661,11.13,DOWN,1,5,21776,2021-07-08 17:30,0,21780,2021-07-08 18:30,1.3631,0.095,4,-1,0.62,true,21781,2021-07-08 18:45,1.3616,1,4.9,false,false,BELOW,false
73,2021-07-11 09:15,2021-07-12 06:15,22031,22115,85,1.3422,1.3371,0.379,0,4.137,13.65,UP,1,2,22032,2021-07-11 09:30,1,22033,2021-07-11 09:45,1.3385,0.275,2,-1,0.64,true,22034,2021-07-11 10:00,1.3432,0.15,0.22,true,true,ABOVE,false
74,2021-07-12 06:30,2021-07-12 14:45,22116,22149,34,1.359,1.3535,0.402,0,5.774,18.83,DOWN,1,2,22127,2021-07-12 09:15,11,22128,2021-07-12 09:30,1.3567,0.582,12,1,0.54,true,22129,2021-07-12 09:45,1.353,1.41,2.33,false,false,BELOW,false
75,2021-07-12 15:00,2021-07-13 12:15,22150,22235,86,1.3382,1.3332,0.375,0,3.155,11.87,DOWN,1,1,22150,2021-07-12 15:00,0,22150,2021-07-12 15:00,1.3334,0.04,0,-1,1.85,true,22151,2021-07-12 15:15,1.3316,1.94,3.17,false,false,BELOW,false
76,2021-07-13 12:30,2021-07-14 03:00,22236,22294,59,1.294,1.288,0.47,0,3.555,10.65,DOWN,1,1,22249,2021-07-13 15:45,13,22249,2021-07-13 15:45,1.2882,0.033,13,-1,1.18,true,22250,2021-07-13 16:00,1.2843,0.95,3.06,true,true,BELOW,false
77,2021-07-14 03:15,2021-07-14 18:15,22295,22355,61,1.2467,1.2393,0.608,0,5.164,14.98,DOWN,1,1,22319,2021-07-14 09:15,24,22319,2021-07-14 09:15,1.2405,0.162,24,-1,1.86,true,22320,2021-07-14 09:30,1.2341,0.82,0.82,true,true,ABOVE,false
78,2021-07-14 18:30,2021-07-15 07:45,22356,22409,54,1.2767,1.2718,0.382,0,3.061,15.21,DOWN,1,1,22383,2021-07-15 01:15,27,22383,2021-07-15 01:15,1.2752,0.694,27,1,2.01,true,22384,2021-07-15 01:30,1.2675,2.09,3.28,false,false,BELOW,false
79,2021-07-15 08:00,2021-07-18 14:15,22410,22723,314,1.2364,1.2317,0.38,0,3.553,11.53,UP,1,1,22411,2021-07-15 08:15,1,22411,2021-07-15 08:15,1.2342,0.532,1,-1,1.05,true,22412,2021-07-15 08:30,1.24,1.16,1.93,true,true,BELOW,false
80,2021-07-18 14:30,2021-07-19 05:30,22724,22784,61,1.1905,1.1858,0.401,0,4.076,15.4,DOWN,1,9,22738,2021-07-18 18:00,14,22746,2021-07-18 20:00,1.1897,0.83,22,-1,0.86,true,22747,2021-07-18 20:15,1.1843,0.9,1.91,true,true,BELOW,false
81,2021-07-19 05:45,2021-07-21 02:15,22785,22963,179,1.1802,1.1774,0.236,0,6.004,15,DOWN,1,1,22792,2021-07-19 07:30,7,22792,2021-07-19 07:30,1.18,0.929,7,-1,1.28,true,22793,2021-07-19 07:45,1.1759,0.98,5.3,true,true,BELOW,false
82,2021-07-21 02:30,2021-07-22 21:30,22964,23136,173,1.0609,1.0526,0.772,0,3.578,15.99,BYPASS,0,0,,,,,,,,,,,,,,,,,,,ABOVE,false
83,2021-07-22 21:45,2021-07-30 08:15,23137,23851,715,1.1898,1.1836,0.53,0,4.058,15.7,DOWN,1,2,23144,2021-07-22 23:30,7,23145,2021-07-22 23:45,1.1851,0.242,8,1,0.66,true,23146,2021-07-23 00:00,1.1742,0.82,0.82,true,true,ABOVE,false
84,2021-07-30 08:30,2021-08-03 23:45,23852,24297,446,1.2953,1.291,0.337,0,6.199,21.74,UP,1,2,23935,2021-07-31 05:15,83,23936,2021-07-31 05:30,1.2949,0.907,84,1,2.44,true,23937,2021-07-31 05:45,1.3005,0,0,true,true,ABOVE,false
85,2021-08-04 00:00,2021-08-10 20:30,24298,24956,659,1.3705,1.3619,0.64,0,4.148,14.64,DOWN,1,1,24349,2021-08-04 12:45,51,24349,2021-08-04 12:45,1.3623,0.047,51,-1,2.02,true,24350,2021-08-04 13:00,1.361,0.5,0.5,true,true,ABOVE,false
86,2021-08-10 20:45,2021-08-11 13:00,24957,25022,66,1.5948,1.588,0.423,0,2.799,11.33,BYPASS,0,0,,,,,,,,,,,,,,,,,,,ABOVE,false
87,2021-08-11 13:15,2021-08-11 20:45,25023,25053,31,1.7947,1.7815,0.717,0,4.364,10.2,BYPASS,0,0,,,,,,,,,,,,,,,,,,,ABOVE,false
88,2021-08-11 21:00,2021-08-13 02:30,25054,25172,119,1.869,1.85,1.049,0,5.887,19.78,DOWN,1,6,25075,2021-08-12 02:15,21,25080,2021-08-12 03:30,1.8569,0.363,26,1,0.39,true,25081,2021-08-12 03:45,1.836,6.81,6.81,false,false,ABOVE,false
89,2021-08-13 02:45,2021-08-13 08:30,25173,25196,24,1.886,1.8745,0.59,0,5.125,22.29,BYPASS,0,0,,,,,,,,,,,,,,,,,,,ABOVE,false
90,2021-08-13 08:45,2021-08-13 14:15,25197,25219,23,1.9818,1.968,0.679,0,11.52,18.43,BYPASS,0,0,,,,,,,,,,,,,,,,,,,ABOVE,false
91,2021-08-13 14:30,2021-08-13 19:45,25220,25241,22,2.0405,2.025,0.775,0,4.662,15.56,DOWN,1,1,25233,2021-08-13 17:45,13,25233,2021-08-13 17:45,2.0262,0.077,13,1,0.97,true,25234,2021-08-13 18:00,2.014,2.3,2.3,true,true,BELOW,false
92,2021-08-13 20:00,2021-08-15 19:45,25242,25433,192,1.9945,1.9807,0.67,0,5.249,12.11,BYPASS,0,0,,,,,,,,,,,,,,,,,,,ABOVE,false
93,2021-08-15 20:00,2021-08-16 19:45,25434,25529,96,2.135,2.1235,0.532,0,1.993,11.57,DOWN,1,1,25464,2021-08-16 03:30,30,25464,2021-08-16 03:30,2.1259,0.209,30,1,1.2,true,25465,2021-08-16 03:45,2.1148,0.45,0.45,true,true,OVERLAP,false
94,2021-08-16 20:00,2021-08-24 13:00,25530,26270,741,2.135,2.1037,1.506,1,3.852,17.5,DOWN,1,1,25536,2021-08-16 21:30,6,25536,2021-08-16 21:30,2.1162,0.399,6,-1,0.94,true,25537,2021-08-16 21:45,2.0965,1.98,3.41,true,true,ABOVE,false
95,2021-08-24 13:15,2021-09-02 01:15,26271,27087,817,2.868,2.842,0.933,0,4.548,11.73,DOWN,1,1,26300,2021-08-24 20:30,29,26300,2021-08-24 20:30,2.8427,0.027,29,-1,0.93,true,26301,2021-08-24 20:45,2.8265,4.25,5,false,false,OVERLAP,false
96,2021-09-02 01:30,2021-09-04 15:30,27088,27336,249,2.8693,2.842,0.937,1,3.606,11.9,BYPASS,0,0,,,,,,,,,,,,,,,,,,,ABOVE,false
97,2021-09-04 15:45,2021-09-05 02:00,27337,27378,42,2.925,2.906,0.659,0,4.667,13.67,BYPASS,0,0,,,,,,,,,,,,,,,,,,,BELOW,false
98,2021-09-05 02:15,2021-09-05 19:00,27379,27446,68,2.8729,2.8527,0.698,0,3.495,14.56,UP,1,4,27382,2021-09-05 03:00,3,27385,2021-09-05 03:45,2.8612,0.421,6,-1,0.55,true,27386,2021-09-05 04:00,2.8732,0.33,0.93,true,true,ABOVE,false
99,2021-09-05 19:15,2021-09-07 06:30,27447,27588,142,2.911,2.89,0.719,0,2.261,10.04,DOWN,1,10,27470,2021-09-06 01:00,23,27479,2021-09-06 03:15,2.8956,0.267,32,1,0.39,true,27480,2021-09-06 03:30,2.8826,0.52,0.52,true,true,BELOW,false
100,2021-09-07 06:45,2021-09-08 03:00,27589,27670,82,2.8192,2.808,0.416,0,27.04,41.08,BYPASS,0,0,,,,,,,,,,,,,,,,,,,BELOW,false
101,2021-09-08 03:15,2021-09-11 21:45,27671,28033,363,2.534,2.5103,0.964,0,2.728,12.6,DOWN,1,1,27748,2021-09-08 22:30,77,27748,2021-09-08 22:30,2.5275,0.726,77,-1,3.32,true,27749,2021-09-08 22:45,2.5059,2.2,4.79,true,true,ABOVE,false
102,2021-09-11 22:00,2021-09-12 17:15,28034,28111,78,2.7165,2.7042,0.467,0,6.118,13.54,BYPASS,0,0,,,,,,,,,,,,,,,,,,,BELOW,false
103,2021-09-12 17:30,2021-09-13 13:15,28112,28191,80,2.6759,2.6595,0.603,0,5.475,23.02,BYPASS,0,0,,,,,,,,,,,,,,,,,,,BELOW,false
104,2021-09-13 13:30,2021-09-15 09:00,28192,28366,175,2.42,2.4063,0.55,0,9.975,19.32,DOWN,1,1,28200,2021-09-13 15:30,8,28200,2021-09-13 15:30,2.4142,0.577,8,-1,0.96,true,28201,2021-09-13 15:45,2.4053,0.96,0.96,true,true,BELOW,false
105,2021-09-15 09:15,2021-09-18 09:45,28367,28657,291,2.3885,2.3798,0.365,0,8.063,25.31,UP,1,1,28367,2021-09-15 09:15,0,28367,2021-09-15 09:15,2.3827,0.333,0,-1,7.49,true,28368,2021-09-15 09:30,2.3915,0,0,true,true,ABOVE,false
106,2021-09-18 10:00,2021-09-22 17:45,28658,29073,416,2.4053,2.3969,0.347,0,2.425,10.36,DOWN,1,1,28666,2021-09-18 12:00,8,28666,2021-09-18 12:00,2.4027,0.69,8,1,1.96,true,28667,2021-09-18 12:15,2.3953,0.37,1.33,true,true,BELOW,false
107,2021-09-22 18:00,2021-10-02 23:00,29074,30054,981,2.1975,2.1786,0.84,0,5.562,13.88,UP,1,1,29077,2021-09-22 18:45,3,29077,2021-09-22 18:45,2.1954,0.889,3,1,1.16,true,29078,2021-09-22 19:00,2.2183,0,0,true,true,ABOVE,false
108,2021-10-02 23:15,2021-10-08 20:30,30055,30620,566,2.306,2.2957,0.455,0,5.83,11.58,DOWN,1,1,30112,2021-10-03 13:30,57,30112,2021-10-03 13:30,2.2967,0.097,57,-1,2.65,true,30113,2021-10-03 13:45,2.2891,1.56,1.68,false,true,BELOW,false
109,2021-10-08 20:45,2021-10-10 20:45,30621,30813,193,2.2699,2.2598,0.452,0,7.474,20.98,DOWN,1,1,30659,2021-10-09 06:15,38,30659,2021-10-09 06:15,2.2641,0.426,38,-1,1.66,true,30660,2021-10-09 06:30,2.2596,0.38,0.38,true,true,BELOW,false
110,2021-10-10 21:00,2021-10-13 05:15,30814,31039,226,2.2386,2.2245,0.643,0,7.647,13.6,DOWN,1,3,30841,2021-10-11 03:45,27,30843,2021-10-11 04:15,2.2314,0.489,29,-1,0.8,true,30844,2021-10-11 04:30,2.2223,0.62,0.62,true,true,BELOW,false
111,2021-10-13 05:30,2021-10-15 11:45,31040,31257,218,2.1455,2.1355,0.477,0,6.757,17.16,UP,1,1,31087,2021-10-13 17:15,47,31087,2021-10-13 17:15,2.1366,0.11,47,-1,1.34,true,31088,2021-10-13 17:30,2.1462,0.16,0.16,true,true,ABOVE,false
112,2021-10-15 12:00,2021-10-15 14:45,31258,31269,12,2.166,2.1618,0.195,0,2.81,10.78,UP,1,1,31264,2021-10-15 13:30,6,31264,2021-10-15 13:30,2.1632,0.333,6,-1,0.55,true,31265,2021-10-15 13:45,2.1675,0.4,0.4,true,true,OVERLAP,false
113,2021-10-15 15:00,2021-10-16 16:45,31270,31373,104,2.1727,2.1613,0.511,1,7.924,11.42,BYPASS,0,0,,,,,,,,,,,,,,,,,,,ABOVE,false
114,2021-10-16 17:00,2021-10-21 11:15,31374,31831,458,2.2108,2.204,0.31,0,3.082,12.36,BYPASS,0,0,,,,,,,,,,,,,,,,,,,ABOVE,false
115,2021-10-21 11:30,2021-10-22 21:30,31832,31968,137,2.2986,2.2771,0.957,0,5.489,10.48,BYPASS,0,0,,,,,,,,,,,,,,,,,,,BELOW,false
116,2021-10-22 21:45,2021-10-25 07:00,31969,32198,230,2.1639,2.1596,0.2,0,4.106,12.6,UP,1,2,31973,2021-10-22 22:45,4,31974,2021-10-22 23:00,2.1601,0.116,5,-1,0.75,true,31975,2021-10-22 23:15,2.1648,0.86,0.86,true,true,BELOW,false
117,2021-10-25 07:15,2021-10-25 15:30,32199,32232,34,2.1395,2.1371,0.111,0,4.603,21.51,UP,1,2,32211,2021-10-25 10:15,12,32212,2021-10-25 10:30,2.1395,1,13,1,1.26,true,32213,2021-10-25 10:45,2.1438,0,0,true,true,ABOVE,false
118,2021-10-25 15:45,2021-10-27 07:45,32233,32393,161,2.1574,2.1508,0.303,0,2.724,12.31,DOWN,1,4,32247,2021-10-25 19:15,14,32250,2021-10-25 20:00,2.1522,0.212,17,1,0.54,true,32251,2021-10-25 20:15,2.1497,0.34,0.34,true,true,BELOW,false
119,2021-10-27 08:00,2021-10-28 18:15,32394,32531,138,2.1119,2.095,0.874,0,10.494,22.04,BYPASS,0,0,,,,,,,,,,,,,,,,,,,BELOW,false
120,2021-10-28 18:30,2021-11-01 06:45,32532,32869,338,2.011,2.0037,0.37,0,8.436,21.83,UP,1,1,32537,2021-10-28 19:45,5,32537,2021-10-28 19:45,2.0074,0.507,5,1,0.79,true,32538,2021-10-28 20:00,2.0199,1.01,1.16,true,true,BELOW,false
121,2021-11-01 07:00,2021-11-06 19:30,32870,33400,531,1.9472,1.9417,0.281,0,3.313,17.27,DOWN,1,2,32915,2021-11-01 18:15,45,32916,2021-11-01 18:30,1.9442,0.455,46,1,1.06,true,32917,2021-11-01 18:45,1.9405,0.34,0.48,true,true,ABOVE,false
122,2021-11-06 19:45,2021-11-09 10:45,33401,33653,253,1.9795,1.9742,0.265,0,4.619,10.22,BYPASS,0,0,,,,,,,,,,,,,,,,,,,ABOVE,false
123,2021-11-09 11:00,2021-11-14 15:45,33654,34153,500,2.2802,2.2647,0.668,0,3.953,19.33,UP,1,1,33658,2021-11-09 12:00,4,33658,2021-11-09 12:00,2.2735,0.568,4,1,0.87,true,33659,2021-11-09 12:15,2.2835,0,2.03,true,true,BELOW,false
124,2021-11-14 16:00,2021-11-15 23:45,34154,34281,128,2.0334,2.0276,0.287,0,3.963,10.8,DOWN,1,2,34161,2021-11-14 17:45,7,34162,2021-11-14 18:00,2.0276,0,8,-1,1.57,true,34163,2021-11-14 18:15,2.0218,0.35,0.35,true,true,BELOW,false
125,2021-11-16 00:00,2021-11-16 09:45,34282,34321,40,2.025,2.0166,0.423,0,20.794,47.27,BYPASS,0,0,,,,,,,,,,,,,,,,,,,BELOW,false
126,2021-11-16 10:00,2021-11-16 18:15,34322,34355,34,1.9406,1.916,1.389,0,11.169,19.2,UP,1,1,34339,2021-11-16 14:15,17,34339,2021-11-16 14:15,1.9256,0.39,17,-1,0.55,true,34340,2021-11-16 14:30,1.9485,0.47,3.61,true,true,OVERLAP,false
127,2021-11-16 18:30,2021-11-17 23:30,34356,34472,117,1.9406,1.9157,1.314,1,4.52,11.67,BYPASS,0,0,,,,,,,,,,,,,,,,,,,BELOW,false
128,2021-11-17 23:45,2021-11-20 11:15,34473,34711,239,1.8655,1.8604,0.272,0,6.913,19.59,DOWN,1,2,34499,2021-11-18 06:15,26,34500,2021-11-18 06:30,1.8616,0.235,27,1,0.6,true,34501,2021-11-18 06:45,1.86,1.19,2.38,false,false,ABOVE,false
129,2021-11-20 11:30,2021-11-20 14:45,34712,34725,14,1.8852,1.877,0.428,0,3.565,10.81,BYPASS,0,0,,,,,,,,,,,,,,,,,,,ABOVE,false
130,2021-11-20 15:00,2021-11-20 18:00,34726,34738,13,1.919,1.9085,0.559,0,6.041,12.91,BYPASS,0,0,,,,,,,,,,,,,,,,,,,BELOW,false
131,2021-11-20 18:15,2021-11-23 09:15,34739,34991,253,1.8803,1.875,0.277,0,5.033,27.82,UP,1,1,34777,2021-11-21 03:45,38,34777,2021-11-21 03:45,1.879,0.755,38,1,1.15,true,34778,2021-11-21 04:00,1.8832,0,0.4,true,true,BELOW,false
132,2021-11-23 09:30,2021-11-24 12:30,34992,35100,109,1.779,1.7737,0.296,0,5.75,18.77,DOWN,1,1,34999,2021-11-23 11:15,7,34999,2021-11-23 11:15,1.7747,0.189,7,-1,0.6,true,35000,2021-11-23 11:30,1.7684,0.46,0.46,true,true,BELOW,false
133,2021-11-24 12:45,2021-11-27 02:45,35101,35349,249,1.681,1.6776,0.204,0,4.501,16.44,DOWN,1,2,35151,2021-11-25 01:15,50,35152,2021-11-25 01:30,1.6786,0.294,51,-1,0.51,true,35153,2021-11-25 01:45,1.6652,1.34,2.08,true,true,BELOW,false
134,2021-11-27 03:00,2021-11-27 20:15,35350,35419,70,1.574,1.5676,0.411,0,2.39,15,DOWN,1,1,35372,2021-11-27 08:30,22,35372,2021-11-27 08:30,1.5686,0.156,22,-1,1.79,true,35373,2021-11-27 08:45,1.5618,1.19,1.29,true,true,OVERLAP,false
135,2021-11-27 20:30,2021-11-29 09:15,35420,35567,148,1.574,1.5652,0.568,1,3.702,13.27,DOWN,1,1,35522,2021-11-28 22:00,102,35522,2021-11-28 22:00,1.5702,0.568,102,-1,1.49,true,35523,2021-11-28 22:15,1.5623,0.95,0.95,true,true,ABOVE,false
136,2021-11-29 09:30,2021-12-02 09:15,35568,35855,288,1.5844,1.5794,0.321,0,3.643,12.39,DOWN,1,1,35574,2021-11-29 11:00,6,35574,2021-11-29 11:00,1.5804,0.2,6,1,0.83,true,35575,2021-11-29 11:15,1.5737,1.1,1.37,false,true,BELOW,false
137,2021-12-02 09:30,2021-12-04 04:30,35856,36028,173,1.558,1.5481,0.624,0,4.386,12.52,UP,1,1,35994,2021-12-03 20:00,138,35994,2021-12-03 20:00,1.5509,0.283,138,-1,2.22,true,35995,2021-12-03 20:15,1.5588,0.12,3.46,true,true,BELOW,false
138,2021-12-04 04:45,2021-12-05 13:45,36029,36161,133,1.5109,1.48,2.174,0,10.611,14.55,BYPASS,0,0,,,,,,,,,,,,,,,,,,,BELOW,false
139,2021-12-05 14:00,2021-12-06 07:45,36162,36233,72,1.3808,1.3741,0.498,0,9.99,18.37,DOWN,1,1,36201,2021-12-05 23:45,39,36201,2021-12-05 23:45,1.378,0.582,39,-1,0.82,true,36202,2021-12-06 00:00,1.3501,3.68,3.68,false,false,BELOW,false
140,2021-12-06 08:00,2021-12-06 19:45,36234,36281,48,1.312,1.2928,1.454,0,3.124,11.77,UP,1,2,36235,2021-12-06 08:15,1,36236,2021-12-06 08:30,1.3117,0.984,2,-1,1.56,true,36237,2021-12-06 08:45,1.3131,2.38,2.95,true,true,ABOVE,false
141,2021-12-06 20:00,2021-12-07 18:45,36282,36373,92,1.3532,1.3442,0.66,0,3.317,12.09,UP,1,2,36285,2021-12-06 20:45,3,36286,2021-12-06 21:00,1.3522,0.889,4,-1,0.6,true,36287,2021-12-06 21:15,1.3605,0,0,true,true,ABOVE,false
142,2021-12-07 19:00,2021-12-08 14:00,36374,36450,77,1.4125,1.4051,0.529,0,1.858,10.65,BYPASS,0,0,,,,,,,,,,,,,,,,,,,BELOW,false
143,2021-12-08 14:15,2021-12-10 21:30,36451,36672,222,1.3801,1.3654,1.051,0,1.462,10.21,UP,1,1,36485,2021-12-08 22:45,34,36485,2021-12-08 22:45,1.3787,0.905,34,1,1.26,true,36486,2021-12-08 23:00,1.3871,0,0.31,true,true,BELOW,false
144,2021-12-10 21:45,2021-12-12 22:30,36673,36868,196,1.2656,1.2596,0.48,0,1.796,10.41,DOWN,1,3,36715,2021-12-11 08:15,42,36717,2021-12-11 08:45,1.2602,0.1,44,-1,1.38,true,36718,2021-12-11 09:00,1.2557,0.35,0.35,true,true,ABOVE,false
145,2021-12-12 22:45,2021-12-16 06:45,36869,37189,321,1.3598,1.355,0.356,0,3.061,10.81,BYPASS,0,0,,,,,,,,,,,,,,,,,,,BELOW,false
146,2021-12-16 07:00,2021-12-18 18:45,37190,37429,240,1.2976,1.2916,0.457,0,3.945,12.2,UP,1,1,37194,2021-12-16 08:00,4,37194,2021-12-16 08:00,1.2967,0.85,4,1,1.39,true,37195,2021-12-16 08:15,1.2984,0,0,true,true,BELOW,false
147,2021-12-18 19:00,2021-12-23 10:30,37430,37876,447,1.2443,1.2415,0.227,0,3.188,10.23,DOWN,1,1,37433,2021-12-18 19:45,3,37433,2021-12-18 19:45,1.2432,0.607,3,1,0.82,true,37434,2021-12-18 20:00,1.241,0.23,0.27,true,true,ABOVE,false
148,2021-12-23 10:45,2021-12-23 19:30,37877,37912,36,1.3458,1.34,0.425,0,5.613,15.98,UP,1,1,37880,2021-12-23 11:30,3,37880,2021-12-23 11:30,1.343,0.517,3,1,0.83,true,37881,2021-12-23 11:45,1.3475,0.45,0.45,true,true,ABOVE,false
149,2021-12-23 19:45,2021-12-24 22:30,37913,38020,108,1.4565,1.445,0.786,0,2.27,10.22,DOWN,1,1,37914,2021-12-23 20:00,1,37914,2021-12-23 20:00,1.4477,0.235,1,1,1.26,true,37915,2021-12-23 20:15,1.4449,0.15,0.15,true,true,BELOW,false
150,2021-12-24 22:45,2021-12-28 04:00,38021,38330,310,1.4119,1.4022,0.695,0,3.804,11.05,DOWN,1,5,38027,2021-12-25 00:15,6,38031,2021-12-25 01:15,1.4077,0.567,10,-1,0.54,true,38032,2021-12-25 01:30,1.4013,0.29,0.46,true,true,ABOVE,false
151,2021-12-28 04:15,2021-12-29 11:45,38331,38457,127,1.4861,1.4733,0.885,0,5.066,10.62,DOWN,1,1,38346,2021-12-28 08:00,15,38346,2021-12-28 08:00,1.4775,0.328,15,-1,1.26,true,38347,2021-12-28 08:15,1.4708,1.53,1.53,false,true,BELOW,false
152,2021-12-29 12:00,2021-12-31 05:45,38458,38625,168,1.4138,1.4032,0.766,0,4.512,10.47,BYPASS,0,0,,,,,,,,,,,,,,,,,,,BELOW,false
153,2021-12-31 06:00,2022-01-01 03:45,38626,38713,88,1.3384,1.3341,0.324,0,4.468,14.08,BYPASS,0,0,,,,,,,,,,,,,,,,,,,BELOW,false
154,2022-01-01 04:00,2022-01-02 03:45,38714,38809,96,1.3288,1.3243,0.342,0,2.294,10.9,UP,1,1,38719,2022-01-01 05:15,5,38719,2022-01-01 05:15,1.3283,0.889,5,-1,2.09,true,38720,2022-01-01 05:30,1.3332,0.85,1.08,true,true,ABOVE,false
155,2022-01-02 04:00,2022-01-07 13:15,38810,39327,518,1.358,1.3523,0.417,0,3.002,10.8,DOWN,1,2,38816,2022-01-02 05:30,6,38817,2022-01-02 05:45,1.3555,0.561,7,1,0.62,true,38818,2022-01-02 06:00,1.3515,0.34,0.34,true,true,BELOW,false
156,2022-01-07 13:30,2022-01-08 17:15,39328,39439,112,1.2354,1.2292,0.513,0,10.848,44.82,UP,1,1,39340,2022-01-07 16:30,12,39340,2022-01-07 16:30,1.2301,0.145,12,-1,1.06,true,39341,2022-01-07 16:45,1.2357,1.46,1.94,true,true,BELOW,false
157,2022-01-08 17:30,2022-01-12 03:15,39440,39767,328,1.2047,1.197,0.654,0,10.693,14.06,UP,1,1,39458,2022-01-08 22:00,18,39458,2022-01-08 22:00,1.2005,0.455,18,-1,0.65,true,39459,2022-01-08 22:15,1.2296,2.09,2.09,true,true,BELOW,false
158,2022-01-12 03:30,2022-01-12 19:30,39768,39832,65,1.1963,1.1917,0.383,0,3.595,10.05,BYPASS,0,0,,,,,,,,,,,,,,,,,,,ABOVE,false
159,2022-01-12 19:45,2022-01-17 02:15,39833,40243,411,1.2784,1.275,0.264,0,6.694,11.5,DOWN,1,1,39969,2022-01-14 05:45,136,39969,2022-01-14 05:45,1.2784,1,136,-1,2.55,true,39970,2022-01-14 06:00,1.2745,1.29,4.38,true,true,ABOVE,false
160,2022-01-17 02:30,2022-01-20 05:30,40244,40544,301,1.4172,1.3908,1.797,0,6.32,13.02,UP,1,1,40412,2022-01-18 20:30,168,40412,2022-01-18 20:30,1.4155,0.936,168,-1,0.54,true,40413,2022-01-18 20:45,1.4307,0,0,true,true,BELOW,false
161,2022-01-20 05:45,2022-01-23 22:45,40545,40901,357,1.3475,1.339,0.626,0,5.111,14.18,UP,1,1,40556,2022-01-20 08:30,11,40556,2022-01-20 08:30,1.3467,0.906,11,-1,1.52,true,40557,2022-01-20 08:45,1.3487,0.51,0.51,true,true,BELOW,false
162,2022-01-23 23:00,2022-01-26 04:30,40902,41116,215,1.0816,1.0671,1.285,0,5.139,11.3,DOWN,1,4,40913,2022-01-24 01:45,11,40916,2022-01-24 02:30,1.069,0.131,14,-1,0.76,true,40917,2022-01-24 02:45,1.0655,0.62,3.94,true,true,BELOW,false
163,2022-01-26 04:45,2022-01-29 11:45,41117,41433,317,1.0495,1.0457,0.358,0,2.716,11.83,UP,1,1,41130,2022-01-26 08:00,13,41130,2022-01-26 08:00,1.0461,0.105,13,1,1.22,true,41131,2022-01-26 08:15,1.0526,0.19,0.19,true,true,ABOVE,false
164,2022-01-29 12:00,2022-01-30 18:45,41434,41557,124,1.0651,1.0623,0.264,0,1.919,12.8,UP,1,1,41469,2022-01-29 20:45,35,41469,2022-01-29 20:45,1.0646,0.821,35,1,1.34,true,41470,2022-01-29 21:00,1.0685,0.46,1.3,true,true,BELOW,false
165,2022-01-30 19:00,2022-02-03 23:30,41558,41960,403,1.046,1.0419,0.399,0,5.268,20.64,DOWN,1,1,41575,2022-01-30 23:15,17,41575,2022-01-30 23:15,1.0433,0.341,17,-1,0.92,true,41576,2022-01-30 23:30,1.037,3.06,3.39,false,false,ABOVE,false
166,2022-02-03 23:45,2022-02-08 14:45,41961,42405,445,1.0518,1.048,0.358,0,3.564,17.78,UP,1,1,41964,2022-02-04 00:30,3,41964,2022-02-04 00:30,1.0513,0.868,3,1,0.51,true,41965,2022-02-04 00:45,1.0526,0.33,0.33,true,true,ABOVE,false
167,2022-02-08 15:00,2022-02-09 04:30,42406,42460,55,1.1831,1.1746,0.736,0,2.931,12.13,DOWN,1,3,42438,2022-02-08 23:00,32,42440,2022-02-08 23:30,1.1763,0.2,34,-1,0.81,true,42441,2022-02-08 23:45,1.1741,0.68,2.01,true,true,BELOW,false
168,2022-02-09 04:45,2022-02-10 13:15,42461,42591,131,1.1605,1.1561,0.377,0,5.892,19.33,BYPASS,0,0,,,,,,,,,,,,,,,,,,,ABOVE,false
169,2022-02-10 13:30,2022-02-12 10:15,42592,42771,180,1.2119,1.2039,0.688,0,6.759,10.23,BYPASS,0,0,,,,,,,,,,,,,,,,,,,BELOW,false
170,2022-02-12 10:30,2022-02-13 14:00,42772,42882,111,1.0724,1.0691,0.311,0,3.013,10.17,DOWN,1,1,42777,2022-02-12 11:45,5,42777,2022-02-12 11:45,1.072,0.879,5,-1,0.79,true,42778,2022-02-12 12:00,1.0642,3.38,3.84,true,true,BELOW,false
171,2022-02-13 14:15,2022-02-18 14:15,42883,43363,481,1.0672,1.0643,0.272,0,4.368,16.52,DOWN,1,1,42883,2022-02-13 14:15,0,42883,2022-02-13 14:15,1.0645,0.069,0,-1,4.07,true,42884,2022-02-13 14:30,1.0617,2.02,3.06,true,true,BELOW,false
172,2022-02-18 14:30,2022-02-20 14:00,43364,43554,191,1.0245,1.0196,0.494,0,11.45,17.12,BYPASS,0,0,,,,,,,,,,,,,,,,,,,BELOW,false
173,2022-02-20 14:15,2022-02-20 22:30,43555,43588,34,0.9353,0.928,0.783,0,6.782,12.13,UP,1,5,43555,2022-02-20 14:15,0,43559,2022-02-20 15:15,0.9327,0.644,4,-1,0.5,true,43560,2022-02-20 15:30,0.9375,0,0.17,true,true,OVERLAP,false
174,2022-02-20 22:45,2022-02-21 04:30,43589,43612,24,0.9373,0.928,0.979,1,6.957,10.82,UP,1,4,43593,2022-02-20 23:45,4,43596,2022-02-21 00:30,0.9347,0.72,7,-1,0.69,true,43597,2022-02-21 00:45,0.9446,0,0,true,true,ABOVE,false
175,2022-02-21 04:45,2022-02-22 02:45,43613,43701,89,0.966,0.9616,0.448,0,9.705,29.43,DOWN,1,1,43634,2022-02-21 10:00,21,43634,2022-02-21 10:00,0.9623,0.159,21,1,1.02,true,43635,2022-02-21 10:15,0.9544,5.13,7.17,false,false,BELOW,false
176,2022-02-22 03:00,2022-02-23 01:45,43702,43793,92,0.8502,0.8422,0.982,0,5.325,20.53,DOWN,1,2,43725,2022-02-22 08:45,23,43726,2022-02-22 09:00,0.8452,0.375,24,-1,0.93,true,43727,2022-02-22 09:15,0.8404,0.59,0.59,true,true,ABOVE,false
177,2022-02-23 02:00,2022-02-24 02:30,43794,43892,99,0.8827,0.8757,0.771,0,3.59,11.76,UP,1,2,43874,2022-02-23 22:00,80,43875,2022-02-23 22:15,0.8822,0.929,81,-1,0.98,true,43876,2022-02-23 22:30,0.888,2.38,10.65,true,true,BELOW,false
178,2022-02-24 02:45,2022-02-25 22:30,43893,44068,176,0.8608,0.8555,0.639,0,4.011,12.11,DOWN,1,1,43963,2022-02-24 20:15,70,43963,2022-02-24 20:15,0.8583,0.528,70,1,1.59,true,43964,2022-02-24 20:30,0.8515,2.75,3.07,true,true,ABOVE,false
179,2022-02-25 22:45,2022-02-28 05:45,44069,44289,221,0.889,0.8816,0.819,0,5.261,12.79,UP,1,1,44110,2022-02-26 09:00,41,44110,2022-02-26 09:00,0.8837,0.284,41,1,1.82,true,44111,2022-02-26 09:15,0.892,0,0,true,true,BELOW,false
180,2022-02-28 06:00,2022-02-28 22:15,44290,44355,66,0.8734,0.866,0.857,0,2.813,10.68,UP,1,2,44293,2022-02-28 06:45,3,44294,2022-02-28 07:00,0.8703,0.581,4,-1,0.9,true,44295,2022-02-28 07:15,0.8779,0,0,true,true,ABOVE,false
181,2022-02-28 22:30,2022-03-03 03:15,44356,44567,212,0.9367,0.9325,0.434,0,5.912,12.07,UP,1,1,44512,2022-03-02 13:30,156,44512,2022-03-02 13:30,0.9354,0.69,156,1,3.63,true,44513,2022-03-02 13:45,0.9391,0,0.66,true,true,BELOW,false
182,2022-03-03 03:30,2022-03-10 13:15,44568,45279,712,0.9281,0.9257,0.261,0,5.261,12.32,DOWN,1,2,44582,2022-03-03 07:00,14,44583,2022-03-03 07:15,0.9257,0,15,-1,0.95,true,44584,2022-03-03 07:30,0.9237,1.7,2.05,true,true,BELOW,false
183,2022-03-10 13:30,2022-03-13 12:00,45280,45562,283,0.809,0.8066,0.305,0,13.958,52.38,DOWN,1,1,45305,2022-03-10 19:45,25,45305,2022-03-10 19:45,0.8072,0.25,25,-1,0.79,true,45306,2022-03-10 20:00,0.8061,0.64,2.62,true,true,BELOW,false
184,2022-03-13 12:15,2022-03-13 22:30,45563,45604,42,0.7894,0.7874,0.255,0,5.624,12.99,UP,1,1,45564,2022-03-13 12:30,1,45564,2022-03-13 12:30,0.7885,0.55,1,-1,2.84,true,45565,2022-03-13 12:45,0.7918,0,0,true,true,ABOVE,false
185,2022-03-13 22:45,2022-03-14 03:45,45605,45625,21,0.8018,0.7986,0.407,0,7.719,16.23,BYPASS,0,0,,,,,,,,,,,,,,,,,,,BELOW,false
186,2022-03-14 04:00,2022-03-16 23:00,45626,45894,269,0.7906,0.7886,0.249,0,3.197,17.22,UP,1,1,45679,2022-03-14 17:15,53,45679,2022-03-14 17:15,0.7895,0.45,53,1,1.04,true,45680,2022-03-14 17:30,0.7907,0.72,0.72,true,true,ABOVE,false
187,2022-03-16 23:15,2022-03-19 00:45,45895,46093,199,0.8272,0.8229,0.513,0,2.504,10.72,UP,1,1,45997,2022-03-18 00:45,102,45997,2022-03-18 00:45,0.8266,0.86,102,-1,3.18,true,45998,2022-03-18 01:00,0.8317,0,0,true,true,ABOVE,false
188,2022-03-19 01:00,2022-03-20 09:00,46094,46222,129,0.8612,0.857,0.481,0,4.702,11.08,UP,1,2,46130,2022-03-19 10:00,36,46131,2022-03-19 10:15,0.8608,0.905,37,1,1.14,true,46132,2022-03-19 10:30,0.8615,0,0,true,true,ABOVE,false
189,2022-03-20 09:15,2022-03-22 01:45,46223,46385,163,0.9027,0.8988,0.439,0,2.408,12.01,DOWN,1,1,46331,2022-03-21 12:15,108,46331,2022-03-21 12:15,0.8998,0.256,108,1,1.19,true,46332,2022-03-21 12:30,0.8901,1.05,1.05,true,true,ABOVE,false
190,2022-03-22 02:00,2022-03-22 19:30,46386,46456,71,0.9122,0.9083,0.424,0,4.365,10.99,BYPASS,0,0,,,,,,,,,,,,,,,,,,,ABOVE,false
191,2022-03-22 19:45,2022-03-26 04:15,46457,46779,323,0.9715,0.9685,0.313,0,3.658,14.62,UP,1,2,46462,2022-03-22 21:00,5,46463,2022-03-22 21:15,0.9686,0.033,6,1,0.46,true,46464,2022-03-22 21:30,0.9773,0.35,0.84,true,true,ABOVE,false
192,2022-03-26 04:30,2022-03-27 12:30,46780,46908,129,1.111,1.1035,0.667,0,3.802,16.13,BYPASS,0,0,,,,,,,,,,,,,,,,,,,ABOVE,false
193,2022-03-27 12:45,2022-04-02 17:45,46909,47505,597,1.125,1.1221,0.262,0,6.143,14.62,UP,1,1,46912,2022-03-27 13:30,3,46912,2022-03-27 13:30,1.1227,0.207,3,-1,1.06,true,46913,2022-03-27 13:45,1.1257,0.36,0.36,true,true,ABOVE,false
194,2022-04-02 18:00,2022-04-04 05:15,47506,47647,142,1.17,1.1653,0.408,0,4.557,13.44,UP,1,4,47520,2022-04-02 21:30,14,47523,2022-04-02 22:15,1.1654,0.021,17,-1,0.65,true,47524,2022-04-02 22:30,1.1729,1.19,2,true,true,ABOVE,false
195,2022-04-04 05:30,2022-04-04 13:15,47648,47679,32,1.1847,1.1827,0.167,0,4.114,14.36,BYPASS,0,0,,,,,,,,,,,,,,,,,,,ABOVE,false
196,2022-04-04 13:30,2022-04-09 23:15,47680,48199,520,1.2087,1.2012,0.616,0,1.979,11.99,UP,1,1,47686,2022-04-04 15:00,6,47686,2022-04-04 15:00,1.2043,0.413,6,1,2.7,true,47687,2022-04-04 15:15,1.2098,1.31,3.35,true,true,BELOW,false
197,2022-04-09 23:30,2022-04-15 19:45,48200,48761,562,1.0356,1.0331,0.24,0,8.498,16.8,UP,1,1,48233,2022-04-10 07:45,33,48233,2022-04-10 07:45,1.0355,0.96,33,1,0.51,true,48234,2022-04-10 08:00,1.0377,0.5,0.61,true,true,BELOW,false
198,2022-04-15 20:00,2022-04-18 03:45,48762,48985,224,0.9505,0.9486,0.199,0,5.438,14.18,UP,1,1,48775,2022-04-15 23:15,13,48775,2022-04-15 23:15,0.9502,0.842,13,1,1.35,true,48776,2022-04-15 23:30,0.9533,0,0,true,true,BELOW,false
199,2022-04-18 04:00,2022-04-20 10:00,48986,49202,217,0.9235,0.9218,0.186,0,3.909,10.15,BYPASS,0,0,,,,,,,,,,,,,,,,,,,ABOVE,false
200,2022-04-20 10:15,2022-04-22 07:00,49203,49382,180,0.9536,0.9508,0.291,0,3.084,10.96,UP,1,1,49300,2022-04-21 10:30,97,49300,2022-04-21 10:30,0.9524,0.571,97,-1,1.29,true,49301,2022-04-21 10:45,0.9547,0,0.45,true,true,BELOW,false
201,2022-04-22 07:15,2022-04-23 23:15,49383,49543,161,0.921,0.9179,0.34,0,4.574,11.24,DOWN,1,1,49384,2022-04-22 07:30,1,49384,2022-04-22 07:30,0.9185,0.194,1,-1,3.06,true,49385,2022-04-22 07:45,0.9177,0.87,1.34,false,true,BELOW,false
202,2022-04-23 23:30,2022-04-27 20:00,49544,49914,371,0.8969,0.8956,0.146,0,7.151,19.24,DOWN,1,2,49563,2022-04-24 04:15,19,49564,2022-04-24 04:30,0.8956,0,20,-1,0.46,true,49565,2022-04-24 04:45,0.8947,0.16,0.82,true,true,BELOW,false
203,2022-04-27 20:15,2022-04-30 21:45,49915,50209,295,0.8353,0.8282,0.845,0,3.718,17.47,UP,1,3,49952,2022-04-28 05:30,37,49954,2022-04-28 06:00,0.8329,0.662,39,-1,1.36,true,49955,2022-04-28 06:15,0.838,0,0,true,true,BELOW,false
204,2022-04-30 22:00,2022-05-01 15:00,50210,50278,69,0.7806,0.7789,0.22,0,14.115,31.36,BYPASS,0,0,,,,,,,,,,,,,,,,,,,BELOW,false
205,2022-05-01 15:15,2022-05-02 01:30,50279,50320,42,0.7726,0.7701,0.319,0,3.579,10.88,UP,1,1,50295,2022-05-01 19:15,16,50295,2022-05-01 19:15,0.7702,0.04,16,1,0.9,true,50296,2022-05-01 19:30,0.7728,0.31,0.31,true,true,ABOVE,false
206,2022-05-02 01:45,2022-05-04 21:30,50321,50592,272,0.7929,0.7891,0.487,0,4.024,11.13,DOWN,1,1,50334,2022-05-02 05:00,13,50334,2022-05-02 05:00,0.7904,0.342,13,1,1.12,true,50335,2022-05-02 05:15,0.7886,0.16,2.28,true,true,ABOVE,false
207,2022-05-04 21:45,2022-05-05 11:30,50593,50648,56,0.8798,0.872,0.883,0,5.798,14.03,DOWN,1,5,50618,2022-05-05 04:00,25,50622,2022-05-05 05:00,0.8759,0.5,29,1,0.94,true,50623,2022-05-05 05:15,0.8718,1.35,1.35,false,true,BELOW,false
208,2022-05-05 11:45,2022-05-06 13:15,50649,50751,103,0.8682,0.8658,0.28,0,2.478,12.06,BYPASS,0,0,,,,,,,,,,,,,,,,,,,BELOW,false
209,2022-05-06 13:30,2022-05-08 16:45,50752,50957,206,0.7857,0.7804,0.689,0,7.08,14.13,UP,1,1,50757,2022-05-06 14:45,5,50757,2022-05-06 14:45,0.7829,0.472,5,-1,0.92,true,50758,2022-05-06 15:00,0.7877,0.42,0.69,true,true,BELOW,false
210,2022-05-08 17:00,2022-05-11 12:15,50958,51227,270,0.7452,0.741,0.573,0,12.462,31.07,DOWN,1,1,50961,2022-05-08 17:45,3,50961,2022-05-08 17:45,0.7431,0.5,3,-1,1.13,true,50962,2022-05-08 18:00,0.7386,0.55,0.67,true,true,BELOW,false
211,2022-05-11 12:30,2022-05-16 05:45,51228,51681,454,0.6363,0.6222,2.386,0,5.293,13.88,BYPASS,0,0,,,,,,,,,,,,,,,,,,,BELOW,false
212,2022-05-16 06:00,2022-05-18 12:30,51682,51900,219,0.5747,0.5684,1.114,0,3.041,11.17,UP,1,2,51699,2022-05-16 10:15,17,51700,2022-05-16 10:30,0.5714,0.476,18,-1,0.96,true,51701,2022-05-16 10:45,0.5759,1.78,4.4,true,true,BELOW,false
213,2022-05-18 12:45,2022-05-18 23:00,51901,51942,42,0.5546,0.5497,0.909,0,4.034,12.76,BYPASS,0,0,,,,,,,,,,,,,,,,,,,BELOW,false
214,2022-05-18 23:15,2022-05-21 18:15,51943,52211,269,0.525,0.5202,0.945,0,4.378,10.43,DOWN,1,1,51962,2022-05-19 04:00,19,51962,2022-05-19 04:00,0.5206,0.083,19,-1,0.59,true,51963,2022-05-19 04:15,0.5175,2.96,3.17,false,true,ABOVE,false
215,2022-05-21 18:30,2022-05-22 09:15,52212,52271,60,0.5324,0.5304,0.377,0,4.877,13.74,DOWN,1,3,52212,2022-05-21 18:30,0,52214,2022-05-21 19:00,0.5323,0.95,2,1,0.76,true,52215,2022-05-21 19:15,0.5287,1,1.79,false,false,OVERLAP,false
216,2022-05-22 09:30,2022-05-22 20:15,52272,52315,44,0.5351,0.5304,0.869,1,5.066,13.06,UP,1,7,52295,2022-05-22 15:15,23,52301,2022-05-22 16:45,0.5345,0.872,29,1,0.44,true,52302,2022-05-22 17:00,0.5361,0,0,true,true,OVERLAP,false
217,2022-05-22 20:30,2022-05-23 21:45,52316,52417,102,0.536,0.5304,1.04,2,2.389,13.58,UP,1,2,52317,2022-05-22 20:45,1,52318,2022-05-22 21:00,0.5354,0.893,2,1,0.95,true,52319,2022-05-22 21:15,0.5362,0,0,true,true,BELOW,false
218,2022-05-23 22:00,2022-05-25 17:45,52418,52593,176,0.527,0.5216,1.041,0,3.951,12.66,DOWN,1,1,52444,2022-05-24 04:30,26,52444,2022-05-24 04:30,0.522,0.074,26,-1,0.86,true,52445,2022-05-24 04:45,0.5206,1.15,2.42,false,false,BELOW,false
219,2022-05-25 18:00,2022-06-02 12:45,52594,53341,748,0.5133,0.5098,0.679,0,3.866,24.23,UP,1,1,52601,2022-05-25 19:45,7,52601,2022-05-25 19:45,0.5128,0.857,7,-1,0.62,true,52602,2022-05-25 20:00,0.5143,0,0,true,true,ABOVE,false
220,2022-06-02 13:00,2022-06-10 02:45,53342,54069,728,0.5785,0.5737,0.853,0,3.724,12.3,DOWN,1,1,53344,2022-06-02 13:30,2,53344,2022-06-02 13:30,0.5746,0.188,2,1,3.86,true,53345,2022-06-02 13:45,0.5634,2.13,2.13,true,true,ABOVE,false
221,2022-06-10 03:00,2022-06-10 12:15,54070,54107,38,0.627,0.6255,0.237,0,4.133,15.03,DOWN,1,1,54083,2022-06-10 06:15,13,54083,2022-06-10 06:15,0.6263,0.533,13,-1,1.55,true,54084,2022-06-10 06:30,0.6231,1.49,6.06,false,false,BELOW,false
222,2022-06-10 12:30,2022-06-11 18:15,54108,54227,120,0.6189,0.6148,0.685,0,9.634,19.67,BYPASS,0,0,,,,,,,,,,,,,,,,,,,BELOW,false
223,2022-06-11 18:30,2022-06-12 19:00,54228,54326,99,0.5611,0.5575,0.636,0,2.446,11.33,DOWN,1,3,54233,2022-06-11 19:45,5,54235,2022-06-11 20:15,0.5599,0.667,7,-1,0.38,true,54236,2022-06-11 20:30,0.5554,1.24,8.66,true,true,BELOW,false
224,2022-06-12 19:15,2022-06-16 19:15,54327,54711,385,0.5275,0.5235,0.773,0,2.583,11.85,UP,1,2,54624,2022-06-15 21:30,297,54625,2022-06-15 21:45,0.5266,0.775,298,1,0.83,true,54626,2022-06-15 22:00,0.537,0,1.17,true,true,BELOW,false
225,2022-06-16 19:30,2022-06-18 06:30,54712,54852,141,0.4984,0.4947,0.765,0,3.784,13.94,DOWN,1,2,54751,2022-06-17 05:15,39,54752,2022-06-17 05:30,0.4956,0.243,40,-1,1.17,true,54753,2022-06-17 05:45,0.4941,0.63,1.86,true,true,BELOW,false
226,2022-06-18 06:45,2022-06-19 15:15,54853,54983,131,0.4858,0.484,0.386,0,18.559,59.14,BYPASS,0,0,,,,,,,,,,,,,,,,,,,BELOW,false
227,2022-06-19 15:30,2022-06-24 00:45,54984,55405,422,0.4617,0.4578,0.836,0,3.307,11.48,UP,1,5,54990,2022-06-19 17:00,6,54994,2022-06-19 18:00,0.4613,0.897,10,1,0.86,true,54995,2022-06-19 18:15,0.4632,0,0,true,true,ABOVE,false
228,2022-06-24 01:00,2022-06-27 13:15,55406,55743,338,0.4787,0.4756,0.625,0,6.885,10.9,BYPASS,0,0,,,,,,,,,,,,,,,,,,,ABOVE,false
229,2022-06-27 13:30,2022-07-02 17:45,55744,56241,498,0.5011,0.4992,0.386,0,3.876,15.54,BYPASS,0,0,,,,,,,,,,,,,,,,,,,BELOW,false
230,2022-07-02 18:00,2022-07-03 04:30,56242,56284,43,0.4523,0.4507,0.353,0,4.36,15.32,UP,1,1,56247,2022-07-02 19:15,5,56247,2022-07-02 19:15,0.4522,0.938,5,1,1.29,true,56248,2022-07-02 19:30,0.4608,0,0,true,true,ABOVE,false
231,2022-07-03 04:45,2022-07-06 21:45,56285,56641,357,0.4534,0.4524,0.221,0,12.515,39.09,UP,1,4,56365,2022-07-04 00:45,80,56368,2022-07-04 01:30,0.4526,0.2,83,1,0.72,true,56369,2022-07-04 01:45,0.4536,1.86,1.86,true,true,ABOVE,false
232,2022-07-06 22:00,2022-07-08 01:00,56642,56750,109,0.4608,0.4593,0.324,0,16.155,34.57,BYPASS,0,0,,,,,,,,,,,,,,,,,,,ABOVE,false
233,2022-07-08 01:15,2022-07-08 23:30,56751,56840,90,0.4817,0.4782,0.711,0,4.502,10.71,UP,1,3,56765,2022-07-08 04:45,14,56767,2022-07-08 05:15,0.4807,0.714,16,1,0.55,true,56768,2022-07-08 05:30,0.4819,0.94,2.97,false,false,BELOW,false
234,2022-07-08 23:45,2022-07-09 09:45,56841,56881,41,0.4716,0.4706,0.215,0,3.553,10.14,DOWN,1,1,56853,2022-07-09 02:45,12,56853,2022-07-09 02:45,0.471,0.4,12,-1,0.79,true,56854,2022-07-09 03:00,0.4705,0.49,0.49,true,true,ABOVE,false
235,2022-07-09 10:00,2022-07-10 21:45,56882,57025,144,0.4794,0.478,0.293,0,2.764,13.12,UP,1,2,56899,2022-07-09 14:15,17,56900,2022-07-09 14:30,0.4788,0.571,18,1,0.59,true,56901,2022-07-09 14:45,0.48,0.21,0.21,true,true,BELOW,false
236,2022-07-10 22:00,2022-07-12 23:30,57026,57224,199,0.4671,0.4658,0.281,0,5.283,12.38,BYPASS,0,0,,,,,,,,,,,,,,,,,,,BELOW,false
237,2022-07-12 23:45,2022-07-13 05:15,57225,57247,23,0.4227,0.421,0.408,0,4.85,10.25,DOWN,1,4,57235,2022-07-13 02:15,10,57238,2022-07-13 03:00,0.4219,0.529,13,-1,0.52,true,57239,2022-07-13 03:15,0.4208,0.64,0.64,true,true,OVERLAP,false
238,2022-07-13 05:30,2022-07-16 12:30,57248,57564,317,0.4227,0.4183,1.038,1,4.544,12.08,DOWN,1,4,57284,2022-07-13 14:30,36,57287,2022-07-13 15:15,0.4189,0.136,39,-1,0.42,true,57288,2022-07-13 15:30,0.417,1.12,1.12,true,true,ABOVE,false
239,2022-07-16 12:45,2022-07-16 15:45,57565,57577,13,0.4355,0.4343,0.274,0,5.249,15.11,BYPASS,0,0,,,,,,,,,,,,,,,,,,,ABOVE,false
240,2022-07-16 16:00,2022-07-20 01:15,57578,57903,326,0.4458,0.4435,0.506,0,4.99,11.66,DOWN,1,1,57681,2022-07-17 17:45,103,57681,2022-07-17 17:45,0.4441,0.261,103,-1,3.06,true,57682,2022-07-17 18:00,0.4432,0.05,0.05,true,true,ABOVE,false
241,2022-07-20 01:30,2022-07-20 19:45,57904,57977,74,0.518,0.5123,1.077,0,4.535,12.61,DOWN,1,1,57963,2022-07-20 16:15,59,57963,2022-07-20 16:15,0.517,0.825,59,1,1.42,true,57964,2022-07-20 16:30,0.5088,1.33,4.72,true,true,BELOW,false
242,2022-07-20 20:00,2022-07-22 19:15,57978,58167,190,0.5065,0.5032,0.672,0,3.88,16.64,UP,1,2,58133,2022-07-22 10:45,155,58134,2022-07-22 11:00,0.5057,0.758,156,1,0.51,true,58135,2022-07-22 11:15,0.5078,0.81,2.94,true,true,BELOW,false
243,2022-07-22 19:30,2022-07-25 18:45,58168,58453,286,0.4944,0.4925,0.394,0,7.227,23.68,DOWN,1,1,58194,2022-07-23 02:00,26,58194,2022-07-23 02:00,0.4927,0.105,26,-1,0.99,true,58195,2022-07-23 02:15,0.4924,0.97,0.97,false,true,BELOW,false
244,2022-07-25 19:00,2022-07-26 11:30,58454,58520,67,0.4919,0.4902,0.352,0,6.341,24.88,DOWN,1,1,58466,2022-07-25 22:00,12,58466,2022-07-25 22:00,0.4905,0.176,12,-1,1.37,true,58467,2022-07-25 22:15,0.4863,4.41,5.71,false,false,BELOW,false
245,2022-07-26 11:45,2022-07-27 11:30,58521,58616,96,0.4685,0.4668,0.364,0,5.073,25.98,DOWN,1,1,58522,2022-07-26 12:00,1,58522,2022-07-26 12:00,0.4679,0.647,1,-1,2.15,true,58523,2022-07-26 12:15,0.4652,3.13,3.49,false,false,BELOW,false
246,2022-07-27 11:45,2022-07-27 17:45,58617,58641,25,0.4659,0.465,0.194,0,4.893,20.05,BYPASS,0,0,,,,,,,,,,,,,,,,,,,ABOVE,false
247,2022-07-27 18:00,2022-07-28 02:30,58642,58676,35,0.4694,0.4666,0.582,0,14.372,31.35,BYPASS,0,0,,,,,,,,,,,,,,,,,,,ABOVE,false
248,2022-07-28 02:45,2022-07-30 01:30,58677,58864,188,0.5111,0.5062,0.951,0,4.216,10.14,DOWN,1,5,58680,2022-07-28 03:30,3,58684,2022-07-28 04:30,0.5063,0.02,7,1,0.5,true,58685,2022-07-28 04:45,0.5048,0.41,2.07,true,true,ABOVE,false
249,2022-07-30 01:45,2022-07-30 21:45,58865,58945,81,0.5257,0.5218,0.746,0,3.801,10.02,DOWN,1,1,58865,2022-07-30 01:45,0,58865,2022-07-30 01:45,0.5231,0.333,0,1,3.42,true,58866,2022-07-30 02:00,0.5199,1.17,2.61,false,false,ABOVE,false
250,2022-07-30 22:00,2022-07-31 17:45,58946,59025,80,0.5313,0.5263,0.958,0,4.953,11.39,DOWN,1,2,58948,2022-07-30 22:30,2,58949,2022-07-30 22:45,0.5263,0,3,1,0.49,true,58950,2022-07-30 23:00,0.5242,1.2,1.2,true,true,ABOVE,false
251,2022-07-31 18:00,2022-08-04 06:00,59026,59362,337,0.5364,0.5339,0.461,0,5.513,12.13,DOWN,1,3,59030,2022-07-31 19:00,4,59032,2022-07-31 19:30,0.5356,0.68,6,-1,0.47,true,59033,2022-07-31 19:45,0.533,1.59,4.03,false,false,BELOW,false
252,2022-08-04 06:15,2022-08-10 23:45,59363,60009,647,0.5102,0.5085,0.34,0,6.238,10.18,UP,1,7,59443,2022-08-05 02:15,80,59449,2022-08-05 03:45,0.5096,0.647,86,1,0.62,true,59450,2022-08-05 04:00,0.5108,0.26,0.26,true,true,ABOVE,false
253,2022-08-11 00:00,2022-08-11 03:30,60010,60024,15,0.5374,0.5359,0.278,0,3.219,12.46,BYPASS,0,0,,,,,,,,,,,,,,,,,,,ABOVE,false
254,2022-08-11 03:45,2022-08-14 00:00,60025,60298,274,0.5417,0.5402,0.276,0,9.122,15.55,DOWN,1,1,60040,2022-08-11 07:30,15,60040,2022-08-11 07:30,0.5403,0.067,15,1,2.57,true,60041,2022-08-11 07:45,0.5385,1.28,1.28,false,true,ABOVE,false
255,2022-08-14 00:15,2022-08-17 09:45,60299,60625,327,0.5596,0.5565,0.542,0,4.849,14.26,DOWN,1,1,60419,2022-08-15 06:15,120,60419,2022-08-15 06:15,0.5575,0.323,120,-1,2.9,true,60420,2022-08-15 06:30,0.556,2.16,2.16,false,true,OVERLAP,false
256,2022-08-17 10:00,2022-08-19 06:15,60626,60803,178,0.5601,0.5565,0.652,1,2.822,13.69,BYPASS,0,0,,,,,,,,,,,,,,,,,,,BELOW,false
257,2022-08-19 06:30,2022-08-19 21:30,60804,60864,61,0.4942,0.4913,0.619,0,17.458,34.96,BYPASS,0,0,,,,,,,,,,,,,,,,,,,BELOW,false
258,2022-08-19 21:45,2022-08-21 20:30,60865,61052,188,0.4606,0.4592,0.31,0,9.207,20.88,DOWN,1,1,60884,2022-08-20 02:30,19,60884,2022-08-20 02:30,0.4596,0.286,19,-1,0.69,true,60885,2022-08-20 02:45,0.4588,0.72,0.72,true,true,ABOVE,false
259,2022-08-21 20:45,2022-08-24 21:30,61053,61344,292,0.4646,0.4629,0.365,0,4.675,11.18,DOWN,1,3,61060,2022-08-21 22:30,7,61062,2022-08-21 23:00,0.4645,0.941,9,1,0.95,true,61063,2022-08-21 23:15,0.4626,1.21,2.07,true,true,ABOVE,false
260,2022-08-24 21:45,2022-08-25 20:15,61345,61435,91,0.4658,0.465,0.173,0,5.915,16.31,DOWN,1,1,61380,2022-08-25 06:30,35,61380,2022-08-25 06:30,0.4652,0.25,35,1,1.93,true,61381,2022-08-25 06:45,0.4649,0.17,0.77,true,true,OVERLAP,false
261,2022-08-25 20:30,2022-08-26 22:15,61436,61539,104,0.4683,0.465,0.699,1,2.64,11.61,DOWN,1,3,61442,2022-08-25 22:00,6,61444,2022-08-25 22:30,0.4667,0.515,8,1,0.78,true,61445,2022-08-25 22:45,0.4641,1.01,1.01,true,true,BELOW,false
262,2022-08-26 22:30,2022-08-28 21:30,61540,61728,189,0.445,0.4436,0.32,0,6.663,15.77,DOWN,1,1,61594,2022-08-27 12:00,54,61594,2022-08-27 12:00,0.445,1,54,-1,1.57,true,61595,2022-08-27 12:15,0.4435,0.23,1.49,true,true,OVERLAP,false
263,2022-08-28 21:45,2022-08-30 18:45,61729,61909,181,0.445,0.4421,0.659,1,4.149,10.23,DOWN,1,1,61792,2022-08-29 13:30,63,61792,2022-08-29 13:30,0.4426,0.172,63,-1,2.63,true,61793,2022-08-29 13:45,0.4414,0.2,0.2,true,true,OVERLAP,false
264,2022-08-30 19:00,2022-09-01 08:15,61910,62059,150,0.445,0.441,0.892,2,3.309,10.45,UP,1,1,62024,2022-08-31 23:30,114,62024,2022-08-31 23:30,0.4448,0.95,114,-1,1.92,true,62025,2022-08-31 23:45,0.4457,0.02,0.02,true,true,OVERLAP,false
265,2022-09-01 08:30,2022-09-02 02:45,62060,62133,74,0.4468,0.441,1.312,3,5.643,16.36,UP,1,9,62060,2022-09-01 08:30,0,62068,2022-09-01 10:30,0.4459,0.845,8,-1,0.92,true,62069,2022-09-01 10:45,0.4473,0,0,true,true,ABOVE,false
266,2022-09-02 03:00,2022-09-05 04:45,62134,62429,296,0.4547,0.4537,0.218,0,6.561,15.67,UP,1,3,62166,2022-09-02 11:00,32,62168,2022-09-02 11:30,0.454,0.3,34,1,1.51,true,62169,2022-09-02 11:45,0.4554,0.13,0.13,true,true,ABOVE,false
267,2022-09-05 05:00,2022-09-06 16:45,62430,62573,144,0.4984,0.497,0.283,0,4.618,10.31,DOWN,1,1,62501,2022-09-05 22:45,71,62501,2022-09-05 22:45,0.4971,0.071,71,-1,0.8,true,62502,2022-09-05 23:00,0.4956,0.28,2.05,true,true,BELOW,false
268,2022-09-06 17:00,2022-09-07 20:00,62574,62682,109,0.4961,0.4947,0.295,0,20.072,113.05,BYPASS,0,0,,,,,,,,,,,,,,,,,,,BELOW,false
269,2022-09-07 20:15,2022-09-09 03:00,62683,62806,124,0.4733,0.4706,0.563,0,5.78,15.29,DOWN,1,3,62733,2022-09-08 08:45,50,62735,2022-09-08 09:15,0.4709,0.111,52,1,0.7,true,62736,2022-09-08 09:30,0.4697,0.49,1.74,true,true,ABOVE,false
270,2022-09-09 03:15,2022-09-10 21:30,62807,62976,170,0.4826,0.4812,0.288,0,4.698,10.39,BYPASS,0,0,,,,,,,,,,,,,,,,,,,ABOVE,false
271,2022-09-10 21:45,2022-09-11 06:15,62977,63011,35,0.5112,0.5105,0.137,0,4.21,12.22,UP,1,1,62977,2022-09-10 21:45,0,62977,2022-09-10 21:45,0.5106,0.143,0,1,1.45,true,62978,2022-09-10 22:00,0.5137,0.06,0.18,true,true,OVERLAP,false
272,2022-09-11 06:30,2022-09-13 18:30,63012,63252,241,0.515,0.5105,0.894,1,5.207,11.89,UP,1,3,63016,2022-09-11 07:30,4,63018,2022-09-11 08:00,0.5143,0.844,6,1,1.38,true,63019,2022-09-11 08:15,0.5162,0,0.55,true,true,BELOW,false
273,2022-09-13 18:45,2022-09-16 13:15,63253,63519,267,0.4741,0.4722,0.407,0,3.049,12.7,DOWN,1,1,63260,2022-09-13 20:30,7,63260,2022-09-13 20:30,0.4734,0.632,7,-1,0.83,true,63261,2022-09-13 20:45,0.4705,1.61,2.44,false,false,BELOW,false
274,2022-09-16 13:30,2022-09-19 02:00,63520,63762,243,0.4624,0.461,0.305,0,3.101,10.14,DOWN,1,1,63522,2022-09-16 14:00,2,63522,2022-09-16 14:00,0.461,0,2,-1,2.79,true,63523,2022-09-16 14:15,0.4591,1.34,1.52,true,true,BELOW,false
275,2022-09-19 02:15,2022-09-19 05:30,63763,63776,14,0.448,0.445,0.685,0,11.136,35.4,BYPASS,0,0,,,,,,,,,,,,,,,,,,,BELOW,false
276,2022-09-19 05:45,2022-09-20 03:00,63777,63862,86,0.4434,0.4411,0.525,0,2.536,10.27,DOWN,1,2,63796,2022-09-19 10:30,19,63797,2022-09-19 10:45,0.4428,0.739,20,-1,1.3,true,63798,2022-09-19 11:00,0.44,0.88,0.88,true,true,ABOVE,false
277,2022-09-20 03:15,2022-09-21 17:15,63863,64015,153,0.4505,0.4498,0.157,0,6.344,22.62,DOWN,1,1,63878,2022-09-20 07:00,15,63878,2022-09-20 07:00,0.4498,0,15,1,2.28,true,63879,2022-09-20 07:15,0.4491,1.67,2.91,false,false,BELOW,false
278,2022-09-21 17:30,2022-09-25 16:30,64016,64396,381,0.445,0.4426,0.536,0,3.413,15.43,UP,1,1,64028,2022-09-21 20:30,12,64028,2022-09-21 20:30,0.444,0.583,12,-1,0.43,true,64029,2022-09-21 20:45,0.4459,2.85,2.85,false,false,ABOVE,false
279,2022-09-25 16:45,2022-09-26 02:30,64397,64436,40,0.4528,0.4518,0.223,0,4.363,14.05,BYPASS,0,0,,,,,,,,,,,,,,,,,,,BELOW,false
280,2022-09-26 02:45,2022-09-26 20:45,64437,64509,73,0.4486,0.4475,0.249,0,7.574,26.65,DOWN,1,1,64462,2022-09-26 09:00,25,64462,2022-09-26 09:00,0.4486,1,25,-1,1.36,true,64463,2022-09-26 09:15,0.446,2.01,2.28,false,false,BELOW,false
281,2022-09-26 21:00,2022-09-28 01:00,64510,64622,113,0.4441,0.4435,0.135,0,8.62,14.04,BYPASS,0,0,,,,,,,,,,,,,,,,,,,BELOW,false
282,2022-09-28 01:15,2022-09-29 04:15,64623,64731,109,0.4408,0.4397,0.254,0,5.78,11.88,DOWN,1,1,64698,2022-09-28 20:00,75,64698,2022-09-28 20:00,0.4399,0.182,75,1,0.9,true,64699,2022-09-28 20:15,0.4391,0.71,1.5,false,false,BELOW,false
283,2022-09-29 04:30,2022-10-01 08:00,64732,64938,207,0.4364,0.4351,0.297,0,7.893,13.61,UP,1,1,64734,2022-09-29 05:00,2,64734,2022-09-29 05:00,0.4357,0.462,2,1,1.09,true,64735,2022-09-29 05:15,0.4366,1.4,1.4,false,true,BELOW,false
284,2022-10-01 08:15,2022-10-02 18:45,64939,65077,139,0.4336,0.4329,0.161,0,7.888,33.07,DOWN,1,1,64940,2022-10-01 08:30,1,64940,2022-10-01 08:30,0.4331,0.286,1,-1,1.24,true,64941,2022-10-01 08:45,0.4325,0.23,0.74,true,true,BELOW,false
285,2022-10-02 19:00,2022-10-04 18:30,65078,65268,191,0.4256,0.4248,0.187,0,8.195,41.08,DOWN,1,1,65086,2022-10-02 21:00,8,65086,2022-10-02 21:00,0.4254,0.75,8,-1,0.78,true,65087,2022-10-02 21:15,0.4243,1.93,2.31,true,true,ABOVE,false
286,2022-10-04 18:45,2022-10-05 07:45,65269,65321,53,0.4328,0.4316,0.277,0,1.431,11.07,UP,1,2,65301,2022-10-05 02:45,32,65302,2022-10-05 03:00,0.4323,0.583,33,1,1.11,true,65303,2022-10-05 03:15,0.4329,0.28,1.18,true,true,OVERLAP,false
287,2022-10-05 08:00,2022-10-05 16:30,65322,65356,35,0.4328,0.4315,0.303,1,3.076,10.56,BYPASS,0,0,,,,,,,,,,,,,,,,,,,BELOW,false
288,2022-10-05 16:45,2022-10-06 10:30,65357,65428,72,0.4287,0.4275,0.279,0,3.851,17.39,UP,1,3,65373,2022-10-05 20:45,16,65375,2022-10-05 21:15,0.4286,0.917,18,-1,0.24,true,65376,2022-10-05 21:30,0.4294,0,0,true,true,ABOVE,false
289,2022-10-06 10:45,2022-10-07 12:00,65429,65530,102,0.4314,0.4305,0.21,0,6.168,11.47,DOWN,1,2,65437,2022-10-06 12:45,8,65438,2022-10-06 13:00,0.4311,0.667,9,1,1.81,true,65439,2022-10-06 13:15,0.4295,0.98,0.98,true,true,BELOW,false
290,2022-10-07 12:15,2022-10-08 07:15,65531,65607,77,0.4279,0.4275,0.094,0,4.802,14.17,BYPASS,0,0,,,,,,,,,,,,,,,,,,,BELOW,false
291,2022-10-08 07:30,2022-10-09 03:15,65608,65687,80,0.4254,0.4248,0.141,0,5.001,14.09,UP,1,1,65611,2022-10-08 08:15,3,65611,2022-10-08 08:15,0.4254,1,3,-1,0.93,true,65612,2022-10-08 08:30,0.4257,0.05,0.35,true,true,BELOW,false
292,2022-10-09 03:30,2022-10-10 07:45,65688,65801,114,0.421,0.4205,0.119,0,6.945,12.3,UP,1,1,65692,2022-10-09 04:30,4,65692,2022-10-09 04:30,0.4208,0.6,4,-1,0.72,true,65693,2022-10-09 04:45,0.4213,0,0,true,true,ABOVE,false
293,2022-10-10 08:00,2022-10-10 11:30,65802,65816,15,0.4219,0.4211,0.191,0,9.408,13.18,BYPASS,0,0,,,,,,,,,,,,,,,,,,,BELOW,false
294,2022-10-10 11:45,2022-10-10 20:15,65817,65851,35,0.4183,0.4175,0.192,0,2.701,12.45,BYPASS,0,0,,,,,,,,,,,,,,,,,,,BELOW,false
295,2022-10-10 20:30,2022-10-11 16:30,65852,65932,81,0.4144,0.4137,0.17,0,6.732,23.74,BYPASS,0,0,,,,,,,,,,,,,,,,,,,BELOW,false
296,2022-10-11 16:45,2022-10-12 21:30,65933,66048,116,0.3989,0.3978,0.274,0,3.571,14.3,DOWN,1,3,65937,2022-10-11 17:45,4,65939,2022-10-11 18:15,0.3978,0,6,-1,0.92,true,65940,2022-10-11 18:30,0.3957,1.76,2.49,false,false,BELOW,false
297,2022-10-12 21:45,2022-10-13 06:15,66049,66083,35,0.3866,0.385,0.424,0,12.106,14.23,BYPASS,0,0,,,,,,,,,,,,,,,,,,,BELOW,false
298,2022-10-13 06:30,2022-10-13 10:00,66084,66098,15,0.3724,0.3708,0.437,0,12.739,19.83,BYPASS,0,0,,,,,,,,,,,,,,,,,,,BELOW,false
299,2022-10-13 10:15,2022-10-14 01:00,66099,66158,60,0.3619,0.3597,0.622,0,4.756,12.09,UP,1,3,66104,2022-10-13 11:30,5,66106,2022-10-13 12:00,0.3612,0.682,7,-1,0.51,true,66107,2022-10-13 12:15,0.3675,3.42,3.42,true,true,ABOVE,false
300,2022-10-14 01:15,2022-10-16 19:15,66159,66423,265,0.3796,0.3786,0.261,0,4.36,13.21,DOWN,1,2,66200,2022-10-14 11:30,41,66201,2022-10-14 11:45,0.3789,0.3,42,1,1.55,true,66202,2022-10-14 12:00,0.3777,1.08,2.88,true,true,BELOW,false
301,2022-10-16 19:30,2022-10-18 18:15,66424,66611,188,0.3656,0.3647,0.242,0,12.301,40.75,UP,1,1,66574,2022-10-18 09:00,150,66574,2022-10-18 09:00,0.3654,0.778,150,1,6.09,true,66575,2022-10-18 09:15,0.3661,0.11,0.66,true,true,OVERLAP,false
302,2022-10-18 18:30,2022-10-19 05:15,66612,66655,44,0.3657,0.3647,0.277,1,9.046,34.26,DOWN,1,1,66620,2022-10-18 20:30,8,66620,2022-10-18 20:30,0.365,0.3,8,-1,0.93,true,66621,2022-10-18 20:45,0.3638,2.25,2.25,false,false,BELOW,false
303,2022-10-19 05:30,2022-10-22 05:00,66656,66942,287,0.3596,0.3589,0.197,0,3.769,13.69,BYPASS,0,0,,,,,,,,,,,,,,,,,,,BELOW,false
304,2022-10-22 05:15,2022-10-22 20:30,66943,67004,62,0.3465,0.3458,0.204,0,10.103,17.26,UP,1,4,66946,2022-10-22 06:00,3,66949,2022-10-22 06:45,0.3461,0.429,6,1,0.31,true,66950,2022-10-22 07:00,0.3472,0.06,0.06,true,true,ABOVE,false
305,2022-10-22 20:45,2022-10-23 17:30,67005,67088,84,0.3503,0.3495,0.227,0,6.767,12.47,UP,1,2,67023,2022-10-23 01:15,18,67024,2022-10-23 01:30,0.3502,0.875,19,1,0.63,true,67025,2022-10-23 01:45,0.3516,0,0,true,true,ABOVE,false
306,2022-10-23 17:45,2022-10-23 21:45,67089,67105,17,0.3519,0.3505,0.395,0,3.18,10.45,BYPASS,0,0,,,,,,,,,,,,,,,,,,,ABOVE,false
307,2022-10-23 22:00,2022-10-25 13:15,67106,67263,158,0.3538,0.3529,0.252,0,8.511,16.06,BYPASS,0,0,,,,,,,,,,,,,,,,,,,ABOVE,false
308,2022-10-25 13:30,2022-10-27 19:45,67264,67481,218,0.3644,0.363,0.381,0,4.271,12.68,BYPASS,0,0,,,,,,,,,,,,,,,,,,,ABOVE,false
309,2022-10-27 20:00,2022-10-28 15:45,67482,67561,80,0.4027,0.4007,0.507,0,8.258,16.32,BYPASS,0,0,,,,,,,,,,,,,,,,,,,BELOW,false
310,2022-10-28 16:00,2022-10-29 16:00,67562,67658,97,0.3964,0.3948,0.398,0,3.63,10,BYPASS,0,0,,,,,,,,,,,,,,,,,,,ABOVE,false
311,2022-10-29 16:15,2022-11-01 23:45,67659,67977,319,0.4113,0.4066,1.096,0,5.152,10.25,UP,1,1,67735,2022-10-30 11:15,76,67735,2022-10-30 11:15,0.411,0.936,76,1,1.03,true,67736,2022-10-30 11:30,0.4125,0.27,1.45,true,true,BELOW,false
312,2022-11-02 00:00,2022-11-02 04:45,67978,67997,20,0.401,0.3996,0.352,0,8.008,27.79,DOWN,1,1,67981,2022-11-02 00:45,3,67981,2022-11-02 00:45,0.3997,0.071,3,-1,1.06,true,67982,2022-11-02 01:00,0.3994,1.08,1.08,true,true,BELOW,false
313,2022-11-02 05:00,2022-11-04 23:45,67998,68265,268,0.3989,0.3974,0.374,0,3.776,10.1,UP,1,1,67999,2022-11-02 05:15,1,67999,2022-11-02 05:15,0.3984,0.667,1,-1,1.05,true,68000,2022-11-02 05:30,0.399,1.76,2.77,true,true,ABOVE,false
314,2022-11-05 00:00,2022-11-07 05:15,68266,68479,214,0.4215,0.4206,0.214,0,3.507,12.78,UP,1,1,68324,2022-11-05 14:30,58,68324,2022-11-05 14:30,0.4214,0.889,58,1,1.15,true,68325,2022-11-05 14:45,0.423,0,0,true,true,BELOW,false
315,2022-11-07 05:30,2022-11-08 02:30,68480,68564,85,0.4076,0.4066,0.244,0,2.89,10.25,DOWN,1,1,68481,2022-11-07 05:45,1,68481,2022-11-07 05:45,0.4072,0.6,1,-1,0.99,true,68482,2022-11-07 06:00,0.4064,2.34,2.34,true,true,BELOW,false
316,2022-11-08 02:45,2022-11-10 13:15,68565,68799,235,0.4049,0.4033,0.406,0,9.541,27.34,DOWN,1,2,68621,2022-11-08 16:45,56,68622,2022-11-08 17:00,0.4041,0.5,57,1,1.02,true,68623,2022-11-08 17:15,0.3996,12.94,15.99,false,false,BELOW,false
317,2022-11-10 13:30,2022-11-12 21:00,68800,69022,223,0.3584,0.3531,1.434,0,4.6,12.53,UP,1,3,68855,2022-11-11 03:15,55,68857,2022-11-11 03:45,0.3582,0.962,57,1,0.42,true,68858,2022-11-11 04:00,0.3604,0,0,true,true,BELOW,false
318,2022-11-12 21:15,2022-11-18 09:45,69023,69553,531,0.3437,0.3423,0.411,0,1.713,11.63,DOWN,1,2,69027,2022-11-12 22:15,4,69028,2022-11-12 22:30,0.3426,0.214,5,-1,0.6,true,69029,2022-11-12 22:45,0.3421,1.49,1.49,true,true,BELOW,false
319,2022-11-18 10:00,2022-11-18 14:15,69554,69571,18,0.3281,0.3273,0.242,0,14.826,13.82,BYPASS,0,0,,,,,,,,,,,,,,,,,,,ABOVE,false
320,2022-11-18 14:30,2022-11-19 21:45,69572,69697,126,0.3304,0.3296,0.245,0,6.323,11.24,BYPASS,0,0,,,,,,,,,,,,,,,,,,,BELOW,false
321,2022-11-19 22:00,2022-11-20 08:15,69698,69739,42,0.3287,0.3282,0.152,0,5.834,35.89,DOWN,1,1,69704,2022-11-19 23:30,6,69704,2022-11-19 23:30,0.3282,0,6,1,1.47,true,69705,2022-11-19 23:45,0.3279,0.34,0.34,true,true,OVERLAP,false
322,2022-11-20 08:30,2022-11-20 15:45,69740,69769,30,0.3287,0.3273,0.432,1,6.64,17,BYPASS,0,0,,,,,,,,,,,,,,,,,,,BELOW,false
323,2022-11-20 16:00,2022-11-21 07:15,69770,69831,62,0.3196,0.3188,0.252,0,2.835,10.75,DOWN,1,1,69773,2022-11-20 16:45,3,69773,2022-11-20 16:45,0.3189,0.125,3,-1,0.63,true,69774,2022-11-20 17:00,0.3186,1.13,2.95,false,true,BELOW,false
324,2022-11-21 07:30,2022-11-23 02:00,69832,70002,171,0.3065,0.3054,0.364,0,4.91,11.02,DOWN,1,1,69841,2022-11-21 09:45,9,69841,2022-11-21 09:45,0.3057,0.273,9,-1,1.57,true,69842,2022-11-21 10:00,0.3044,0.46,0.46,true,true,ABOVE,false
325,2022-11-23 02:15,2022-11-23 18:45,70003,70069,67,0.3107,0.3096,0.348,0,7.205,20.91,UP,1,1,70049,2022-11-23 13:45,46,70049,2022-11-23 13:45,0.3104,0.727,46,1,1.8,true,70050,2022-11-23 14:00,0.312,0,0,true,true,ABOVE,false
326,2022-11-23 19:00,2022-11-26 00:15,70070,70283,214,0.3172,0.3149,0.724,0,3.175,10.25,UP,1,2,70071,2022-11-23 19:15,1,70072,2022-11-23 19:30,0.3172,1,2,1,0.9,true,70073,2022-11-23 19:45,0.3174,0,0,true,true,OVERLAP,false
327,2022-11-26 00:30,2022-11-26 14:15,70284,70339,56,0.3172,0.3146,0.816,1,5.75,10.13,UP,1,2,70306,2022-11-26 06:00,22,70307,2022-11-26 06:15,0.3168,0.846,23,1,0.78,true,70308,2022-11-26 06:30,0.3173,0,0,true,true,ABOVE,false
328,2022-11-26 14:30,2022-11-27 22:45,70340,70469,130,0.3201,0.3196,0.156,0,5.522,10.98,BYPASS,0,0,,,,,,,,,,,,,,,,,,,BELOW,false
329,2022-11-27 23:00,2022-11-28 23:45,70470,70569,100,0.3192,0.3184,0.253,0,15.879,45.52,BYPASS,0,0,,,,,,,,,,,,,,,,,,,BELOW,false
330,2022-11-29 00:00,2022-11-29 12:45,70570,70621,52,0.3067,0.3061,0.197,0,7.314,12.46,BYPASS,0,0,,,,,,,,,,,,,,,,,,,ABOVE,false
331,2022-11-29 13:00,2022-11-30 17:00,70622,70734,113,0.3114,0.311,0.129,0,3.307,12.3,BYPASS,0,0,,,,,,,,,,,,,,,,,,,ABOVE,false
332,2022-11-30 17:15,2022-12-01 17:45,70735,70833,99,0.3142,0.3132,0.322,0,12.092,13.31,UP,1,2,70744,2022-11-30 19:30,9,70745,2022-11-30 19:45,0.3141,0.9,10,1,0.57,true,70746,2022-11-30 20:00,0.3148,0,0,true,true,ABOVE,false
333,2022-12-01 18:00,2022-12-01 20:30,70834,70844,11,0.3157,0.3152,0.158,0,5.227,19.53,DOWN,1,2,70835,2022-12-01 18:15,1,70836,2022-12-01 18:30,0.3156,0.8,2,1,0.41,true,70837,2022-12-01 18:45,0.315,0.41,0.79,true,true,OVERLAP,false
334,2022-12-01 20:45,2022-12-02 23:45,70845,70953,109,0.3157,0.3147,0.318,1,3.5,12.44,DOWN,1,3,70852,2022-12-01 22:30,7,70854,2022-12-01 23:00,0.3148,0.1,9,-1,0.81,true,70855,2022-12-01 23:15,0.3137,0.44,1.4,true,true,ABOVE,false
335,2022-12-03 00:00,2022-12-03 20:45,70954,71037,84,0.3193,0.3187,0.188,0,5.52,10.32,DOWN,1,1,70956,2022-12-03 00:30,2,70956,2022-12-03 00:30,0.319,0.5,2,1,1.17,true,70957,2022-12-03 00:45,0.3183,0.5,0.88,true,true,ABOVE,false
336,2022-12-03 21:00,2022-12-05 19:00,71038,71222,185,0.323,0.322,0.31,0,2.995,11.93,DOWN,1,1,71038,2022-12-03 21:00,0,71038,2022-12-03 21:00,0.3221,0.1,0,1,2.45,true,71039,2022-12-03 21:15,0.3218,1.8,1.8,true,true,BELOW,false
337,2022-12-05 19:15,2022-12-06 11:00,71223,71286,64,0.321,0.32,0.315,0,6.658,23.39,DOWN,1,1,71242,2022-12-06 00:00,19,71242,2022-12-06 00:00,0.3201,0.1,19,-1,1.4,true,71243,2022-12-06 00:15,0.3199,0.19,0.75,true,true,BELOW,false
338,2022-12-06 11:15,2022-12-06 17:45,71287,71313,27,0.3171,0.3162,0.285,0,6.328,11.26,DOWN,1,2,71287,2022-12-06 11:15,0,71288,2022-12-06 11:30,0.3162,0,1,-1,0.87,true,71289,2022-12-06 11:45,0.316,0.16,0.57,true,true,BELOW,false
339,2022-12-06 18:00,2022-12-07 03:45,71314,71353,40,0.3158,0.3151,0.223,0,2.566,11.72,DOWN,1,1,71317,2022-12-06 18:45,3,71317,2022-12-06 18:45,0.3151,0,3,-1,0.96,true,71318,2022-12-06 19:00,0.3144,0.44,0.44,true,true,ABOVE,false
340,2022-12-07 04:00,2022-12-07 06:30,71354,71364,11,0.3173,0.317,0.095,0,5.349,10.51,DOWN,1,1,71355,2022-12-07 04:15,1,71355,2022-12-07 04:15,0.3171,0.333,1,-1,0.5,true,71356,2022-12-07 04:30,0.3167,0.54,3.38,true,true,BELOW,false
341,2022-12-07 06:45,2022-12-07 19:45,71365,71417,53,0.3159,0.3153,0.191,0,5.725,11.26,BYPASS,0,0,,,,,,,,,,,,,,,,,,,BELOW,false
342,2022-12-07 20:00,2022-12-09 13:15,71418,71583,166,0.3089,0.3083,0.195,0,4.916,12.76,DOWN,1,1,71422,2022-12-07 21:00,4,71422,2022-12-07 21:00,0.3083,0,4,-1,0.78,true,71423,2022-12-07 21:15,0.3079,0.36,0.45,true,true,ABOVE,false
343,2022-12-09 13:30,2022-12-09 17:45,71584,71601,18,0.3149,0.3143,0.192,0,9.569,13.97,BYPASS,0,0,,,,,,,,,,,,,,,,,,,BELOW,false
344,2022-12-09 18:00,2022-12-11 15:30,71602,71784,183,0.3118,0.3113,0.161,0,6.732,16.29,UP,1,4,71622,2022-12-09 23:00,20,71625,2022-12-09 23:45,0.3116,0.6,23,-1,0.75,true,71626,2022-12-10 00:00,0.3124,0,0.16,true,true,ABOVE,false
345,2022-12-11 15:45,2022-12-12 02:30,71785,71828,44,0.3123,0.3121,0.064,0,4.54,10.16,UP,1,1,71786,2022-12-11 16:00,1,71786,2022-12-11 16:00,0.3122,0.5,1,-1,0.94,true,71787,2022-12-11 16:15,0.3126,0,1.44,true,true,BELOW,false
346,2022-12-12 02:45,2022-12-15 18:30,71829,72180,352,0.3071,0.3064,0.231,0,20.816,49.95,UP,1,1,71903,2022-12-12 21:15,74,71903,2022-12-12 21:15,0.3071,1,74,-1,2.84,true,71904,2022-12-12 21:30,0.3074,0.62,0.72,true,true,BELOW,false
347,2022-12-15 18:45,2022-12-16 08:30,72181,72236,56,0.301,0.3,0.334,0,9.544,22.37,UP,1,1,72183,2022-12-15 19:15,2,72183,2022-12-15 19:15,0.301,1,2,-1,2.46,true,72184,2022-12-15 19:30,0.3016,0.43,0.73,true,true,BELOW,false
348,2022-12-16 08:45,2022-12-16 22:15,72237,72291,55,0.2996,0.2988,0.274,0,12.189,15.18,BYPASS,0,0,,,,,,,,,,,,,,,,,,,BELOW,false
349,2022-12-16 22:30,2022-12-18 03:15,72292,72407,116,0.2824,0.2817,0.265,0,75.368,176.08,BYPASS,0,0,,,,,,,,,,,,,,,,,,,BELOW,false
350,2022-12-18 03:30,2022-12-18 08:00,72408,72426,19,0.2679,0.2678,0.037,0,8.432,35.01,UP,1,1,72408,2022-12-18 03:30,0,72408,2022-12-18 03:30,0.2679,1,0,1,1.23,true,72409,2022-12-18 03:45,0.2685,0.11,1.98,true,true,BELOW,false
351,2022-12-18 08:15,2022-12-19 13:45,72427,72545,119,0.2675,0.2672,0.113,0,14.419,19.33,DOWN,1,1,72466,2022-12-18 18:00,39,72466,2022-12-18 18:00,0.2672,0,39,-1,5.77,true,72467,2022-12-18 18:15,0.2666,0.71,0.79,true,true,BELOW,false
352,2022-12-19 14:00,2022-12-19 22:15,72546,72579,34,0.264,0.2632,0.305,0,5.729,14,UP,1,1,72547,2022-12-19 14:15,1,72547,2022-12-19 14:15,0.2635,0.375,1,-1,1.49,true,72548,2022-12-19 14:30,0.2641,1.44,5.02,true,true,BELOW,false
353,2022-12-19 22:30,2022-12-22 20:00,72580,72858,279,0.2548,0.2524,0.954,0,4.59,10.86,DOWN,1,3,72583,2022-12-19 23:15,3,72585,2022-12-19 23:45,0.2528,0.167,5,-1,0.41,true,72586,2022-12-20 00:00,0.2516,0.32,0.32,true,true,BELOW,false
354,2022-12-22 20:15,2022-12-23 01:15,72859,72879,21,0.2514,0.2505,0.354,0,5.759,11.54,BYPASS,0,0,,,,,,,,,,,,,,,,,,,ABOVE,false
355,2022-12-23 01:30,2022-12-24 16:45,72880,73037,158,0.2563,0.2558,0.194,0,6.687,12.22,BYPASS,0,0,,,,,,,,,,,,,,,,,,,ABOVE,false
356,2022-12-24 17:00,2022-12-25 05:00,73038,73086,49,0.2579,0.2578,0.039,0,4.79,12.4,BYPASS,0,0,,,,,,,,,,,,,,,,,,,ABOVE,false
357,2022-12-25 05:15,2022-12-25 14:15,73087,73123,37,0.2592,0.2588,0.155,0,4.796,11.9,UP,1,2,73089,2022-12-25 05:45,2,73090,2022-12-25 06:00,0.2592,1,3,1,1.1,true,73091,2022-12-25 06:15,0.2596,0.19,0.66,true,true,BELOW,false
358,2022-12-25 14:30,2022-12-25 18:45,73124,73141,18,0.2577,0.257,0.273,0,14.627,14.94,UP,1,2,73125,2022-12-25 14:45,1,73126,2022-12-25 15:00,0.2576,0.857,2,-1,2.37,true,73127,2022-12-25 15:15,0.2578,0.74,1.09,false,false,BELOW,false
359,2022-12-25 19:00,2022-12-27 14:15,73142,73315,174,0.2559,0.2553,0.235,0,5.742,18.11,UP,1,3,73142,2022-12-25 19:00,0,73144,2022-12-25 19:30,0.2558,0.833,2,-1,0.89,true,73145,2022-12-25 19:45,0.2568,0,0,true,true,ABOVE,false
360,2022-12-27 14:30,2023-01-04 10:45,73316,74069,754,0.2623,0.2617,0.23,0,11.714,14.03,BYPASS,0,0,,,,,,,,,,,,,,,,,,,ABOVE,false
361,2023-01-04 11:00,2023-01-04 14:45,74070,74085,16,0.2652,0.2646,0.227,0,6.201,19.56,DOWN,1,1,74075,2023-01-04 12:15,5,74075,2023-01-04 12:15,0.2648,0.333,5,1,0.52,true,74076,2023-01-04 12:30,0.2642,0.57,0.57,true,true,OVERLAP,false
362,2023-01-04 15:00,2023-01-08 05:15,74086,74431,346,0.2657,0.2646,0.416,1,2.343,10.23,UP,1,1,74087,2023-01-04 15:15,1,74087,2023-01-04 15:15,0.2653,0.636,1,1,1.47,true,74088,2023-01-04 15:30,0.2682,0,1.13,true,true,ABOVE,false
363,2023-01-08 05:30,2023-01-08 16:45,74432,74477,46,0.2757,0.2753,0.145,0,3.099,10.27,UP,1,2,74432,2023-01-08 05:30,0,74433,2023-01-08 05:45,0.2756,0.75,1,1,0.56,true,74434,2023-01-08 06:00,0.2763,0,0,true,true,ABOVE,false
364,2023-01-08 17:00,2023-01-08 19:45,74478,74489,12,0.2874,0.2866,0.276,0,6.193,15.71,BYPASS,0,0,,,,,,,,,,,,,,,,,,,ABOVE,false
365,2023-01-08 20:00,2023-01-08 22:45,74490,74501,12,0.2903,0.2895,0.274,0,6.124,10.65,UP,1,1,74498,2023-01-08 22:00,8,74498,2023-01-08 22:00,0.2903,1,8,1,0.49,true,74499,2023-01-08 22:15,0.2907,0,0,true,true,OVERLAP,false
366,2023-01-08 23:00,2023-01-09 13:30,74502,74560,59,0.2909,0.2895,0.476,1,13.696,25.43,BYPASS,0,0,,,,,,,,,,,,,,,,,,,ABOVE,false
367,2023-01-09 13:45,2023-01-10 02:15,74561,74611,51,0.3258,0.3239,0.595,0,4.156,12.88,DOWN,1,1,74572,2023-01-09 16:30,11,74572,2023-01-09 16:30,0.3244,0.263,11,1,0.73,true,74573,2023-01-09 16:45,0.3224,3.12,4.17,false,false,BELOW,false
368,2023-01-10 02:30,2023-01-12 09:45,74612,74833,222,0.3195,0.3153,1.361,0,4.999,13.28,DOWN,1,1,74621,2023-01-10 04:45,9,74621,2023-01-10 04:45,0.3157,0.095,9,-1,0.62,true,74622,2023-01-10 05:00,0.3148,0.29,0.41,true,true,ABOVE,false
369,2023-01-12 10:00,2023-01-14 14:15,74834,75043,210,0.3234,0.3223,0.343,0,3.123,12.78,DOWN,1,2,74836,2023-01-12 10:30,2,74837,2023-01-12 10:45,0.3227,0.364,3,1,0.49,true,74838,2023-01-12 11:00,0.3216,0.87,2.51,true,true,ABOVE,false
370,2023-01-14 14:30,2023-01-16 07:45,75044,75209,166,0.3538,0.3516,0.633,0,5.467,15.64,DOWN,1,3,75049,2023-01-14 15:45,5,75051,2023-01-14 16:15,0.3517,0.045,7,-1,0.83,true,75052,2023-01-14 16:30,0.3508,1.05,1.65,true,true,ABOVE,false
371,2023-01-16 08:00,2023-01-17 22:15,75210,75363,154,0.3579,0.357,0.258,0,18.714,35.84,BYPASS,0,0,,,,,,,,,,,,,,,,,,,BELOW,false
372,2023-01-17 22:30,2023-01-19 08:15,75364,75499,136,0.3509,0.3502,0.2,0,6.663,21.82,UP,1,2,75380,2023-01-18 02:30,16,75381,2023-01-18 02:45,0.3509,1,17,-1,0.94,true,75382,2023-01-18 03:00,0.3521,0.4,2,true,true,BELOW,false
373,2023-01-19 08:30,2023-01-19 21:30,75500,75552,53,0.3323,0.3309,0.418,0,8.397,24.93,UP,1,1,75503,2023-01-19 09:15,3,75503,2023-01-19 09:15,0.3321,0.857,3,-1,0.63,true,75504,2023-01-19 09:30,0.3334,0.42,1.12,true,true,ABOVE,false
374,2023-01-19 21:45,2023-01-20 21:45,75553,75649,97,0.3405,0.3386,0.564,0,5.016,11.3,DOWN,1,2,75559,2023-01-19 23:15,6,75560,2023-01-19 23:30,0.3392,0.316,7,1,0.52,true,75561,2023-01-19 23:45,0.338,0.92,0.92,true,true,ABOVE,false
375,2023-01-20 22:00,2023-01-21 03:45,75650,75673,24,0.3615,0.3598,0.474,0,10.849,11.69,UP,1,2,75654,2023-01-20 23:00,4,75655,2023-01-20 23:15,0.3615,1,5,1,0.59,true,75656,2023-01-20 23:30,0.3616,0,0.67,true,true,OVERLAP,false
376,2023-01-21 04:00,2023-01-21 09:15,75674,75695,22,0.3615,0.3595,0.552,1,5.599,11.81,UP,1,1,75681,2023-01-21 05:45,7,75681,2023-01-21 05:45,0.361,0.75,7,1,0.8,true,75682,2023-01-21 06:00,0.3619,0,0.7,true,true,ABOVE,false
377,2023-01-21 09:30,2023-01-21 13:30,75696,75712,17,0.3644,0.3628,0.434,0,6.805,19.08,UP,1,2,75704,2023-01-21 11:30,8,75705,2023-01-21 11:45,0.3639,0.687,9,1,0.48,true,75706,2023-01-21 12:00,0.3668,0,0,true,true,ABOVE,false
378,2023-01-21 13:45,2023-01-22 17:45,75713,75825,113,0.3675,0.3656,0.51,0,5.715,23.47,UP,1,1,75717,2023-01-21 14:45,4,75717,2023-01-21 14:45,0.3664,0.421,4,1,2.23,true,75718,2023-01-21 15:00,0.3678,0,0,true,true,ABOVE,false
379,2023-01-22 18:00,2023-01-24 08:45,75826,75981,156,0.3838,0.3815,0.605,0,5.585,16.33,DOWN,1,1,75828,2023-01-22 18:30,2,75828,2023-01-22 18:30,0.3815,0,2,1,0.94,true,75829,2023-01-22 18:45,0.3813,2.25,2.67,true,true,OVERLAP,false
380,2023-01-24 09:00,2023-01-24 21:30,75982,76032,51,0.3838,0.3812,0.686,1,7.898,14.43,BYPASS,0,0,,,,,,,,,,,,,,,,,,,BELOW,false
381,2023-01-24 21:45,2023-01-26 13:15,76033,76191,159,0.3803,0.3786,0.457,0,5.075,15.32,UP,1,1,76143,2023-01-26 01:15,110,76143,2023-01-26 01:15,0.379,0.235,110,1,0.68,true,76144,2023-01-26 01:30,0.381,0.55,0.74,true,true,BELOW,false
382,2023-01-26 13:30,2023-01-27 19:45,76192,76313,122,0.378,0.3763,0.451,0,4.342,12.22,UP,1,1,76192,2023-01-26 13:30,0,76192,2023-01-26 13:30,0.3773,0.588,0,1,4.34,true,76193,2023-01-26 13:45,0.382,0.45,0.96,true,true,ABOVE,false
383,2023-01-27 20:00,2023-01-30 08:45,76314,76557,244,0.3834,0.3828,0.156,0,5.783,22.11,DOWN,1,1,76390,2023-01-28 15:00,76,76390,2023-01-28 15:00,0.3828,0,76,-1,1.52,true,76391,2023-01-28 15:15,0.3822,0.26,1.1,true,true,ABOVE,false
384,2023-01-30 09:00,2023-01-30 18:45,76558,76597,40,0.3888,0.3866,0.58,0,12.86,16.12,BYPASS,0,0,,,,,,,,,,,,,,,,,,,BELOW,false
385,2023-01-30 19:00,2023-01-31 21:00,76598,76702,105,0.3804,0.379,0.378,0,8.778,11.02,UP,1,1,76675,2023-01-31 14:15,77,76675,2023-01-31 14:15,0.38,0.714,77,-1,5.27,true,76676,2023-01-31 14:30,0.3806,0,0,true,true,ABOVE,false
386,2023-01-31 21:15,2023-02-02 20:45,76703,76893,191,0.3903,0.3876,0.698,0,4.299,12.46,UP,1,3,76709,2023-01-31 22:45,6,76711,2023-01-31 23:15,0.3901,0.926,8,1,0.59,true,76712,2023-01-31 23:30,0.3911,0.64,0.77,true,true,ABOVE,false
387,2023-02-02 21:00,2023-02-03 03:00,76894,76918,25,0.4063,0.4039,0.594,0,3.539,14.26,DOWN,1,1,76894,2023-02-02 21:00,0,76894,2023-02-02 21:00,0.4041,0.083,0,1,1.46,true,76895,2023-02-02 21:15,0.4028,3,3,false,false,BELOW,false
388,2023-02-03 03:15,2023-02-03 13:15,76919,76959,41,0.3992,0.3972,0.504,0,5.899,30.08,UP,1,1,76935,2023-02-03 07:15,16,76935,2023-02-03 07:15,0.3988,0.8,16,1,0.95,true,76936,2023-02-03 07:30,0.3994,0,0.28,true,true,ABOVE,false
389,2023-02-03 13:30,2023-02-06 05:00,76960,77214,255,0.4033,0.3999,0.853,0,4.849,10.95,UP,1,3,76964,2023-02-03 14:30,4,76966,2023-02-03 15:00,0.402,0.618,6,-1,1.53,true,76967,2023-02-03 15:15,0.404,0,0,true,true,BELOW,false
390,2023-02-06 05:15,2023-02-06 18:15,77215,77267,53,0.3921,0.3912,0.232,0,8.908,10.56,UP,1,1,77219,2023-02-06 06:15,4,77219,2023-02-06 06:15,0.3918,0.667,4,1,0.6,true,77220,2023-02-06 06:30,0.3923,0.26,0.74,true,true,ABOVE,false
391,2023-02-06 18:30,2023-02-06 22:45,77268,77285,18,0.3954,0.3936,0.46,0,3.294,15.11,DOWN,1,1,77270,2023-02-06 19:00,2,77270,2023-02-06 19:00,0.3936,0,2,1,0.52,true,77271,2023-02-06 19:15,0.3935,0.94,3.66,false,false,BELOW,false
392,2023-02-06 23:00,2023-02-13 20:15,77286,77947,662,0.3875,0.3862,0.34,0,10.394,18.28,DOWN,1,5,77301,2023-02-07 02:45,15,77305,2023-02-07 03:45,0.3862,0,19,-1,0.46,true,77306,2023-02-07 04:00,0.3861,0.28,0.73,true,true,BELOW,false
393,2023-02-13 20:30,2023-02-14 22:45,77948,78053,106,0.3538,0.3526,0.338,0,3.788,10.74,BYPASS,0,0,,,,,,,,,,,,,,,,,,,ABOVE,false
394,2023-02-14 23:00,2023-02-15 03:00,78054,78070,17,0.3864,0.385,0.362,0,3.8,13.06,UP,1,1,78056,2023-02-14 23:30,2,78056,2023-02-14 23:30,0.386,0.714,2,1,0.38,true,78057,2023-02-14 23:45,0.3867,0.68,0.68,true,true,OVERLAP,false
395,2023-02-15 03:15,2023-02-15 23:30,78071,78152,82,0.3864,0.3831,0.855,1,2.882,10.91,UP,1,11,78071,2023-02-15 03:15,0,78081,2023-02-15 05:45,0.3847,0.485,10,1,0.8,true,78082,2023-02-15 06:00,0.3865,0.39,0.39,true,true,ABOVE,false
396,2023-02-15 23:45,2023-02-20 21:45,78153,78625,473,0.4099,0.4086,0.31,0,4.527,10.66,UP,1,1,78160,2023-02-16 01:30,7,78160,2023-02-16 01:30,0.4099,1,7,1,0.67,true,78161,2023-02-16 01:45,0.4118,0,0.86,true,true,BELOW,false
397,2023-02-20 22:00,2023-02-22 18:45,78626,78805,180,0.4052,0.4035,0.419,0,8.326,27.84,DOWN,1,4,78630,2023-02-20 23:00,4,78633,2023-02-20 23:45,0.404,0.294,7,1,0.64,true,78634,2023-02-21 00:00,0.4033,0.74,0.82,true,true,BELOW,false
398,2023-02-22 19:00,2023-02-23 11:00,78806,78870,65,0.3826,0.3807,0.495,0,5.133,21.95,UP,1,1,78812,2023-02-22 20:30,6,78812,2023-02-22 20:30,0.3823,0.842,6,-1,0.43,true,78813,2023-02-22 20:45,0.3833,0,0,true,true,ABOVE,false
399,2023-02-23 11:15,2023-02-24 03:30,78871,78936,66,0.3934,0.3926,0.207,0,5.622,22.91,BYPASS,0,0,,,,,,,,,,,,,,,,,,,BELOW,false
400,2023-02-24 03:45,2023-02-26 18:15,78937,79187,251,0.3821,0.3812,0.237,0,7.713,11.61,DOWN,1,1,78938,2023-02-24 04:00,1,78938,2023-02-24 04:00,0.3815,0.333,1,-1,2.34,true,78939,2023-02-24 04:15,0.3806,0.84,0.84,false,true,BELOW,false
401,2023-02-26 18:30,2023-03-01 19:30,79188,79480,293,0.362,0.3615,0.137,0,6.694,11.16,DOWN,1,1,79244,2023-02-27 08:30,56,79244,2023-02-27 08:30,0.362,1,56,-1,1.24,true,79245,2023-02-27 08:45,0.3603,0.64,0.64,true,true,BELOW,false
402,2023-03-01 19:45,2023-03-03 01:00,79481,79598,118,0.3603,0.3592,0.308,0,7.82,16.21,DOWN,1,3,79488,2023-03-01 21:30,7,79490,2023-03-01 22:00,0.3595,0.273,9,1,0.77,true,79491,2023-03-01 22:15,0.3584,0.33,1.64,true,true,BELOW,false
403,2023-03-03 01:15,2023-03-03 03:45,79599,79609,11,0.3485,0.3472,0.389,0,24.761,26.07,BYPASS,0,0,,,,,,,,,,,,,,,,,,,BELOW,false
404,2023-03-03 04:00,2023-03-05 22:45,79610,79877,268,0.3308,0.3296,0.36,0,2.948,12.31,BYPASS,0,0,,,,,,,,,,,,,,,,,,,ABOVE,false
405,2023-03-05 23:00,2023-03-07 06:00,79878,80002,125,0.3381,0.3373,0.238,0,6.255,15.68,DOWN,1,1,79885,2023-03-06 00:45,7,79885,2023-03-06 00:45,0.3376,0.375,7,-1,0.58,true,79886,2023-03-06 01:00,0.3362,2.1,2.1,false,false,BELOW,false
406,2023-03-07 06:15,2023-03-07 10:30,80003,80020,18,0.3327,0.3322,0.151,0,4.089,14.97,BYPASS,0,0,,,,,,,,,,,,,,,,,,,BELOW,false
407,2023-03-07 10:45,2023-03-07 14:45,80021,80037,17,0.3301,0.3293,0.245,0,6.142,11.62,BYPASS,0,0,,,,,,,,,,,,,,,,,,,BELOW,false
408,2023-03-07 15:00,2023-03-10 13:15,80038,80319,282,0.3272,0.3256,0.495,0,9.866,13.54,UP,1,2,80039,2023-03-07 15:15,1,80040,2023-03-07 15:30,0.3272,1,2,-1,1.84,true,80041,2023-03-07 15:45,0.3274,0.34,0.34,true,true,BELOW,false
409,2023-03-10 13:30,2023-03-11 06:15,80320,80387,68,0.3078,0.3065,0.412,0,6.007,15.36,BYPASS,0,0,,,,,,,,,,,,,,,,,,,ABOVE,false
410,2023-03-11 06:30,2023-03-14 04:45,80388,80669,282,0.3175,0.3164,0.349,0,2.857,10.75,DOWN,1,1,80389,2023-03-11 06:45,1,80389,2023-03-11 06:45,0.3165,0.091,1,1,1.07,true,80390,2023-03-11 07:00,0.3161,3.1,3.73,false,false,ABOVE,false
411,2023-03-14 05:00,2023-03-14 12:15,80670,80699,30,0.3443,0.3427,0.461,0,7.147,29.37,DOWN,1,3,80671,2023-03-14 05:15,1,80673,2023-03-14 05:45,0.3438,0.687,3,1,0.87,true,80674,2023-03-14 06:00,0.3424,1.6,1.6,true,true,BELOW,false
412,2023-03-14 12:30,2023-03-19 14:45,80700,81189,490,0.3415,0.3399,0.453,0,6.035,13.3,DOWN,1,1,80734,2023-03-14 21:00,34,80734,2023-03-14 21:00,0.3411,0.75,34,1,3.3,true,80735,2023-03-14 21:15,0.3393,0.32,0.32,true,true,ABOVE,false
413,2023-03-19 15:00,2023-03-21 06:45,81190,81349,160,0.3459,0.3446,0.375,0,3.548,12.04,UP,1,3,81192,2023-03-19 15:30,2,81194,2023-03-19 16:00,0.3453,0.538,4,-1,1.2,true,81195,2023-03-19 16:15,0.3465,0,0.41,true,true,BELOW,false
414,2023-03-21 07:00,2023-03-21 19:45,81350,81401,52,0.337,0.3352,0.546,0,7.228,11.86,UP,1,2,81358,2023-03-21 09:00,8,81359,2023-03-21 09:15,0.3353,0.056,9,-1,0.54,true,81360,2023-03-21 09:30,0.338,0,0,true,true,ABOVE,false
415,2023-03-21 20:00,2023-03-23 14:30,81402,81572,171,0.3639,0.3613,0.694,0,3.956,14.87,DOWN,1,2,81494,2023-03-22 19:00,92,81495,2023-03-22 19:15,0.3622,0.346,93,1,0.97,true,81496,2023-03-22 19:30,0.3549,3.46,3.46,false,true,ABOVE,false
416,2023-03-23 14:45,2023-03-24 11:30,81573,81656,84,0.3695,0.3682,0.344,0,4.047,10.21,UP,1,5,81599,2023-03-23 21:15,26,81603,2023-03-23 22:15,0.3693,0.846,30,1,0.57,true,81604,2023-03-23 22:30,0.3702,0,1.11,true,true,BELOW,false
417,2023-03-24 11:45,2023-03-25 23:45,81657,81801,145,0.3628,0.3621,0.195,0,9.234,30.05,DOWN,1,2,81659,2023-03-24 12:15,2,81660,2023-03-24 12:30,0.3623,0.286,3,-1,0.82,true,81661,2023-03-24 12:45,0.3616,1.63,1.63,false,true,BELOW,false
418,2023-03-26 00:00,2023-03-26 08:15,81802,81835,34,0.3515,0.351,0.143,0,3.82,11.71,UP,1,4,81804,2023-03-26 00:30,2,81807,2023-03-26 01:15,0.3515,1,5,-1,0.85,true,81808,2023-03-26 01:30,0.3527,0,0,true,true,ABOVE,false
419,2023-03-26 08:30,2023-03-27 05:30,81836,81920,85,0.3556,0.3548,0.224,0,5.803,13.21,DOWN,1,2,81864,2023-03-26 15:30,28,81865,2023-03-26 15:45,0.3556,1,29,1,0.91,true,81866,2023-03-26 16:00,0.3547,1.04,1.04,true,true,BELOW,false
420,2023-03-27 05:45,2023-03-29 01:45,81921,82097,177,0.3507,0.3497,0.288,0,8.611,15.71,UP,1,3,81935,2023-03-27 09:15,14,81937,2023-03-27 09:45,0.3505,0.8,16,-1,0.63,true,81938,2023-03-27 10:00,0.3509,0,3.97,true,true,ABOVE,false
421,2023-03-29 02:00,2023-04-02 00:30,82098,82476,379,0.3692,0.3683,0.242,0,3.699,10.99,BYPASS,0,0,,,,,,,,,,,,,,,,,,,ABOVE,false
422,2023-04-02 00:45,2023-04-02 14:45,82477,82533,57,0.3917,0.39,0.439,0,3.048,10.77,BYPASS,0,0,,,,,,,,,,,,,,,,,,,BELOW,false
423,2023-04-02 15:00,2023-04-02 19:15,82534,82551,18,0.3843,0.3825,0.474,0,7.609,22.43,DOWN,1,1,82544,2023-04-02 17:30,10,82544,2023-04-02 17:30,0.3834,0.5,10,-1,0.78,true,82545,2023-04-02 17:45,0.3821,1.96,1.96,false,false,BELOW,false
424,2023-04-02 19:30,2023-04-03 01:15,82552,82575,24,0.3811,0.3795,0.425,0,4.202,13.6,DOWN,1,4,82558,2023-04-02 21:00,6,82561,2023-04-02 21:45,0.38,0.313,9,-1,0.46,true,82562,2023-04-02 22:00,0.3777,0.79,2.45,true,true,BELOW,false
425,2023-04-03 01:30,2023-04-04 10:45,82576,82709,134,0.3793,0.3773,0.537,0,6.106,14.12,DOWN,1,3,82585,2023-04-03 03:45,9,82587,2023-04-03 04:15,0.3774,0.05,11,-1,1.05,true,82588,2023-04-03 04:30,0.377,0.16,0.16,true,true,ABOVE,false
426,2023-04-04 11:00,2023-04-07 02:15,82710,82963,254,0.3934,0.3917,0.429,0,4.004,13.67,UP,1,2,82720,2023-04-04 13:30,10,82721,2023-04-04 13:45,0.3929,0.706,11,1,1.38,true,82722,2023-04-04 14:00,0.3943,0.84,1.02,true,true,BELOW,false
427,2023-04-07 02:30,2023-04-08 16:15,82964,83115,152,0.3819,0.3809,0.263,0,2.458,11.44,DOWN,1,2,82968,2023-04-07 03:30,4,82969,2023-04-07 03:45,0.381,0.1,5,-1,0.43,true,82970,2023-04-07 04:00,0.3808,0.45,1.47,true,true,ABOVE,false
428,2023-04-08 16:30,2023-04-09 10:00,83116,83186,71,0.3876,0.3869,0.181,0,12.272,11.13,DOWN,1,2,83117,2023-04-08 16:45,1,83118,2023-04-08 17:00,0.3871,0.286,2,1,0.5,true,83119,2023-04-08 17:15,0.3866,0.85,1.27,true,true,BELOW,false
429,2023-04-09 10:15,2023-04-10 21:45,83187,83329,143,0.3856,0.3852,0.104,0,4.929,15.55,UP,1,1,83190,2023-04-09 11:00,3,83190,2023-04-09 11:00,0.3855,0.75,3,1,1.83,true,83191,2023-04-09 11:15,0.3859,0,0,true,true,ABOVE,false
430,2023-04-10 22:00,2023-04-12 12:15,83330,83483,154,0.3916,0.3906,0.253,0,11.322,23.08,UP,1,1,83443,2023-04-12 02:15,113,83443,2023-04-12 02:15,0.3912,0.6,113,-1,4.34,true,83444,2023-04-12 02:30,0.3922,0.59,0.59,true,true,ABOVE,false
431,2023-04-12 12:30,2023-04-13 07:15,83484,83559,76,0.3947,0.3939,0.2,0,7.417,12.58,BYPASS,0,0,,,,,,,,,,,,,,,,,,,ABOVE,false
432,2023-04-13 07:30,2023-04-13 13:45,83560,83585,26,0.4056,0.4045,0.274,0,14.371,21.14,BYPASS,0,0,,,,,,,,,,,,,,,,,,,ABOVE,false
433,2023-04-13 14:00,2023-04-13 15:45,83586,83593,8,0.4149,0.413,0.462,0,4.271,11.2,DOWN,1,1,83589,2023-04-13 14:45,3,83589,2023-04-13 14:45,0.4133,0.158,3,1,0.57,true,83590,2023-04-13 15:00,0.4116,0.77,0.77,true,true,OVERLAP,false
434,2023-04-13 16:00,2023-04-13 18:30,83594,83604,11,0.4149,0.4123,0.631,1,19.127,14.05,DOWN,1,1,83595,2023-04-13 16:15,1,83595,2023-04-13 16:15,0.4125,0.077,1,1,0.88,true,83596,2023-04-13 16:30,0.4117,0.17,0.17,true,true,OVERLAP,false
435,2023-04-13 18:45,2023-04-14 11:45,83605,83673,69,0.4157,0.4123,0.81,2,15.04,22.99,BYPASS,0,0,,,,,,,,,,,,,,,,,,,ABOVE,false
436,2023-04-14 12:00,2023-04-19 07:45,83674,84137,464,0.4437,0.4407,0.688,0,5.69,13.88,DOWN,1,1,83746,2023-04-15 06:00,72,83746,2023-04-15 06:00,0.4413,0.2,72,-1,3.02,true,83747,2023-04-15 06:15,0.44,0.52,0.52,true,true,BELOW,false
437,2023-04-19 08:00,2023-04-20 19:45,84138,84281,144,0.4345,0.4332,0.308,0,13.6,21.87,BYPASS,0,0,,,,,,,,,,,,,,,,,,,BELOW,false
438,2023-04-20 20:00,2023-04-21 17:00,84282,84366,85,0.3988,0.3973,0.374,0,2.342,12.4,UP,1,1,84346,2023-04-21 12:00,64,84346,2023-04-21 12:00,0.3986,0.867,64,-1,3.05,true,84347,2023-04-21 12:15,0.4008,0,1.86,true,true,OVERLAP,false
439,2023-04-21 17:15,2023-04-22 21:45,84367,84481,115,0.3988,0.3951,0.943,1,3.265,13.05,DOWN,1,8,84453,2023-04-22 14:45,86,84460,2023-04-22 16:30,0.3975,0.649,93,1,0.88,true,84461,2023-04-22 16:45,0.395,0.28,0.68,true,true,OVERLAP,false
440,2023-04-22 22:00,2023-04-25 03:30,84482,84696,215,0.3988,0.3937,1.283,2,5.046,16.73,DOWN,1,9,84482,2023-04-22 22:00,0,84490,2023-04-23 00:00,0.3937,0,8,1,1.66,true,84491,2023-04-23 00:15,0.393,1.42,1.42,false,false,BELOW,false
441,2023-04-25 03:45,2023-04-29 17:15,84697,85135,439,0.3809,0.3797,0.317,0,6.613,15.57,UP,1,1,84699,2023-04-25 04:15,2,84699,2023-04-25 04:15,0.3801,0.333,2,-1,1.03,true,84700,2023-04-25 04:30,0.3813,0.16,0.79,true,true,ABOVE,false
442,2023-04-29 17:30,2023-05-01 01:15,85136,85263,128,0.4043,0.4033,0.249,0,9.883,18.14,DOWN,1,7,85143,2023-04-29 19:15,7,85149,2023-04-29 20:45,0.4033,0,13,-1,0.48,true,85150,2023-04-29 21:00,0.403,0.69,1.31,true,true,BELOW,false
443,2023-05-01 01:30,2023-05-03 21:00,85264,85534,271,0.3964,0.3955,0.232,0,11.457,19.8,BYPASS,0,0,,,,,,,,,,,,,,,,,,,BELOW,false
444,2023-05-03 21:15,2023-05-05 12:15,85535,85691,157,0.3854,0.384,0.361,0,2.777,12.99,UP,1,1,85631,2023-05-04 21:15,96,85631,2023-05-04 21:15,0.3851,0.786,96,-1,1,true,85632,2023-05-04 21:30,0.3855,0,0,true,true,ABOVE,false
445,2023-05-05 12:30,2023-05-07 23:30,85692,85928,237,0.3893,0.3884,0.233,0,8.426,19.63,UP,1,2,85696,2023-05-05 13:30,4,85697,2023-05-05 13:45,0.3886,0.222,5,1,1.03,true,85698,2023-05-05 14:00,0.3897,0,0,true,true,BELOW,false
446,2023-05-07 23:45,2023-05-10 10:00,85929,86162,234,0.379,0.3778,0.319,0,8.535,11.97,UP,1,1,85932,2023-05-08 00:30,3,85932,2023-05-08 00:30,0.3784,0.5,3,-1,1.16,true,85933,2023-05-08 00:45,0.3792,4.63,4.63,true,true,BELOW,false
447,2023-05-10 10:15,2023-05-15 04:45,86163,86621,459,0.3606,0.3593,0.367,0,7.9,13.37,UP,1,1,86257,2023-05-11 09:45,94,86257,2023-05-11 09:45,0.3601,0.615,94,-1,0.83,true,86258,2023-05-11 10:00,0.3607,0.25,2.48,true,true,ABOVE,false
448,2023-05-15 05:00,2023-05-16 12:15,86622,86747,126,0.3715,0.3707,0.215,0,4.233,18.72,UP,1,1,86622,2023-05-15 05:00,0,86622,2023-05-15 05:00,0.3714,0.875,0,1,1.38,true,86623,2023-05-15 05:15,0.3723,0,0.24,true,true,BELOW,false
449,2023-05-16 12:30,2023-05-17 01:15,86748,86799,52,0.3669,0.3652,0.464,0,3.851,13.87,DOWN,1,5,86748,2023-05-16 12:30,0,86752,2023-05-16 13:30,0.3663,0.647,4,-1,0.69,true,86753,2023-05-16 13:45,0.3651,0.49,0.49,true,true,ABOVE,false
450,2023-05-17 01:30,2023-05-19 11:45,86800,87033,234,0.3718,0.3696,0.585,0,4.863,10.34,DOWN,1,3,86814,2023-05-17 05:00,14,86816,2023-05-17 05:30,0.3705,0.409,16,1,0.63,true,86817,2023-05-17 05:45,0.3695,1.03,1.46,false,false,BELOW,false
451,2023-05-19 12:00,2023-05-20 07:15,87034,87111,78,0.369,0.3684,0.162,0,3.036,13.61,UP,1,1,87044,2023-05-19 14:30,10,87044,2023-05-19 14:30,0.3684,0,10,-1,0.78,true,87045,2023-05-19 14:45,0.3694,0.38,0.76,true,true,BELOW,false
452,2023-05-20 07:30,2023-05-21 15:15,87112,87239,128,0.3645,0.3638,0.192,0,16.558,38.38,UP,1,4,87112,2023-05-20 07:30,0,87115,2023-05-20 08:15,0.3643,0.714,3,-1,0.56,true,87116,2023-05-20 08:30,0.3646,0,0,true,true,BELOW,false
453,2023-05-21 15:30,2023-05-22 20:30,87240,87356,117,0.363,0.3625,0.14,0,16.24,33.76,DOWN,1,1,87292,2023-05-22 04:30,52,87292,2023-05-22 04:30,0.3626,0.2,52,-1,1.23,true,87293,2023-05-22 04:45,0.3622,0.33,0.33,true,true,ABOVE,false
454,2023-05-22 20:45,2023-05-24 06:30,87357,87492,136,0.3688,0.3682,0.162,0,5.399,10.23,DOWN,1,1,87364,2023-05-22 22:30,7,87364,2023-05-22 22:30,0.3683,0.167,7,1,1.83,true,87365,2023-05-22 22:45,0.3676,0.71,0.71,false,true,BELOW,false
455,2023-05-24 06:45,2023-05-25 18:45,87493,87637,145,0.365,0.3641,0.246,0,5.961,14.77,UP,1,1,87494,2023-05-24 07:00,1,87494,2023-05-24 07:00,0.3648,0.778,1,-1,2.25,true,87495,2023-05-24 07:15,0.368,0,0.03,true,true,BELOW,false
456,2023-05-25 19:00,2023-05-26 18:00,87638,87730,93,0.3568,0.3562,0.166,0,15.52,46.32,UP,1,1,87660,2023-05-26 00:30,22,87660,2023-05-26 00:30,0.3568,1,22,-1,0.99,true,87661,2023-05-26 00:45,0.357,0.81,0.81,true,true,ABOVE,false
457,2023-05-26 18:15,2023-06-02 07:30,87731,88360,630,0.3589,0.3581,0.221,0,11.93,24.34,BYPASS,0,0,,,,,,,,,,,,,,,,,,,ABOVE,false
458,2023-06-02 07:45,2023-06-04 18:15,88361,88595,235,0.372,0.3713,0.188,0,4.839,11.34,UP,1,1,88361,2023-06-02 07:45,0,88361,2023-06-02 07:45,0.3719,0.857,0,1,1.93,true,88362,2023-06-02 08:00,0.3723,0,0,true,true,ABOVE,false
459,2023-06-04 18:30,2023-06-05 14:45,88596,88677,82,0.3807,0.3802,0.131,0,4.517,11.82,DOWN,1,2,88600,2023-06-04 19:30,4,88601,2023-06-04 19:45,0.3805,0.6,5,1,0.69,true,88602,2023-06-04 20:00,0.3801,0.16,1.32,true,true,BELOW,false
460,2023-06-05 15:00,2023-06-06 11:45,88678,88761,84,0.3735,0.373,0.135,0,9.443,13.9,BYPASS,0,0,,,,,,,,,,,,,,,,,,,BELOW,false
461,2023-06-06 12:00,2023-06-07 09:30,88762,88848,87,0.353,0.3519,0.317,0,8.005,33.08,UP,1,2,88781,2023-06-06 16:45,19,88782,2023-06-06 17:00,0.3526,0.636,20,-1,0.6,true,88783,2023-06-06 17:15,0.3543,0,0.2,true,true,BELOW,false
462,2023-06-07 09:45,2023-06-08 12:15,88849,88955,107,0.3416,0.34,0.475,0,3.378,10.49,BYPASS,0,0,,,,,,,,,,,,,,,,,,,BELOW,false
463,2023-06-08 12:30,2023-06-13 17:45,88956,89457,502,0.3272,0.326,0.366,0,3.805,13.03,UP,1,2,88958,2023-06-08 13:00,2,88959,2023-06-08 13:15,0.3264,0.333,3,-1,0.9,true,88960,2023-06-08 13:30,0.3273,0,1.93,true,true,BELOW,false
464,2023-06-13 18:00,2023-06-14 17:45,89458,89553,96,0.2731,0.2724,0.255,0,2.336,10.28,UP,1,1,89460,2023-06-13 18:30,2,89460,2023-06-13 18:30,0.2727,0.429,2,-1,0.46,true,89461,2023-06-13 18:45,0.2735,0,0,true,true,OVERLAP,false
465,2023-06-14 18:00,2023-06-16 14:30,89554,89732,179,0.2739,0.2717,0.813,1,4.802,11.04,DOWN,1,3,89556,2023-06-14 18:30,2,89558,2023-06-14 19:00,0.273,0.591,4,-1,1.28,true,89559,2023-06-14 19:15,0.2714,5.78,5.78,false,false,BELOW,false
466,2023-06-16 14:45,2023-06-17 05:15,89733,89791,59,0.2578,0.2563,0.58,0,9.363,38.39,UP,1,1,89736,2023-06-16 15:30,3,89736,2023-06-16 15:30,0.2576,0.867,3,-1,0.71,true,89737,2023-06-16 15:45,0.2597,0,0,true,true,ABOVE,false
467,2023-06-17 05:30,2023-06-17 09:15,89792,89807,16,0.2643,0.2634,0.332,0,13.952,41.73,BYPASS,0,0,,,,,,,,,,,,,,,,,,,ABOVE,false
468,2023-06-17 09:30,2023-06-18 19:45,89808,89945,138,0.2698,0.269,0.295,0,3.386,11.27,DOWN,1,6,89809,2023-06-17 09:45,1,89814,2023-06-17 11:00,0.2696,0.75,6,1,0.41,true,89815,2023-06-17 11:15,0.2685,0.93,1.78,false,false,BELOW,false
469,2023-06-18 20:00,2023-06-19 16:15,89946,90027,82,0.2678,0.267,0.301,0,4.598,10.8,BYPASS,0,0,,,,,,,,,,,,,,,,,,,BELOW,false
470,2023-06-19 16:30,2023-06-22 10:45,90028,90293,266,0.2589,0.2583,0.232,0,9.497,10.23,UP,1,2,90028,2023-06-19 16:30,0,90029,2023-06-19 16:45,0.2587,0.667,1,-1,1.3,true,90030,2023-06-19 17:00,0.2604,0.58,0.58,true,true,ABOVE,false
471,2023-06-22 11:00,2023-06-24 18:45,90294,90517,224,0.3028,0.3006,0.744,0,5.334,14.32,DOWN,1,1,90410,2023-06-23 16:00,116,90410,2023-06-23 16:00,0.3018,0.545,116,-1,2.59,true,90411,2023-06-23 16:15,0.2985,1.03,2.66,true,true,BELOW,false
472,2023-06-24 19:00,2023-06-25 07:45,90518,90569,52,0.2893,0.2886,0.239,0,5.618,11.78,DOWN,1,1,90525,2023-06-24 20:45,7,90525,2023-06-24 20:45,0.2891,0.714,7,-1,1.01,true,90526,2023-06-24 21:00,0.2872,0.52,0.52,true,true,ABOVE,false
473,2023-06-25 08:00,2023-06-27 13:45,90570,90785,216,0.2976,0.2959,0.567,0,3.782,12.07,UP,1,4,90581,2023-06-25 10:45,11,90584,2023-06-25 11:30,0.2967,0.471,14,1,0.39,true,90585,2023-06-25 11:45,0.2978,1.35,1.59,true,true,BELOW,false
474,2023-06-27 14:00,2023-06-28 02:30,90786,90836,51,0.2831,0.2821,0.352,0,3.836,11.8,DOWN,1,1,90790,2023-06-27 15:00,4,90790,2023-06-27 15:00,0.2825,0.4,4,-1,1.47,true,90791,2023-06-27 15:15,0.2816,1.24,1.24,true,true,BELOW,false
475,2023-06-28 02:45,2023-06-30 09:45,90837,91057,221,0.2809,0.2797,0.431,0,3.489,12.51,DOWN,1,3,90839,2023-06-28 03:15,2,90841,2023-06-28 03:45,0.2801,0.333,4,-1,0.47,true,90842,2023-06-28 04:00,0.2785,1.04,3.04,true,true,ABOVE,false
476,2023-06-30 10:00,2023-06-30 13:15,91058,91071,14,0.2895,0.2881,0.479,0,2.872,11.43,BYPASS,0,0,,,,,,,,,,,,,,,,,,,ABOVE,false
477,2023-06-30 13:30,2023-06-30 21:45,91072,91105,34,0.2987,0.2969,0.637,0,9.888,12.8,BYPASS,0,0,,,,,,,,,,,,,,,,,,,BELOW,false
478,2023-06-30 22:00,2023-07-01 04:00,91106,91130,25,0.2876,0.2868,0.278,0,7.582,18.73,UP,1,2,91106,2023-06-30 22:00,0,91107,2023-06-30 22:15,0.2873,0.625,1,-1,0.35,true,91108,2023-06-30 22:30,0.2881,0.31,2.09,true,true,BELOW,false
479,2023-07-01 04:15,2023-07-01 14:30,91131,91172,42,0.2863,0.2851,0.425,0,5.343,16.47,DOWN,1,1,91138,2023-07-01 06:00,7,91138,2023-07-01 06:00,0.2853,0.167,7,-1,0.39,true,91139,2023-07-01 06:15,0.2847,0.39,0.39,true,true,ABOVE,false
480,2023-07-01 14:45,2023-07-02 15:00,91173,91270,98,0.2909,0.2894,0.516,0,3.339,12.05,DOWN,1,3,91173,2023-07-01 14:45,0,91175,2023-07-01 15:15,0.2895,0.067,2,1,0.78,true,91176,2023-07-01 15:30,0.2891,0.97,0.97,false,true,OVERLAP,false
481,2023-07-02 15:15,2023-07-05 10:15,91271,91539,269,0.2917,0.2894,0.798,1,4.708,14.14,DOWN,1,6,91274,2023-07-02 16:00,3,91279,2023-07-02 17:15,0.2894,0,8,1,1.42,true,91280,2023-07-02 17:30,0.2891,0.9,0.9,false,true,OVERLAP,false
482,2023-07-05 10:30,2023-07-13 15:00,91540,92326,787,0.2923,0.2894,1.013,2,9.523,14.44,DOWN,1,1,91621,2023-07-06 06:45,81,91621,2023-07-06 06:45,0.2906,0.414,81,-1,7.37,true,91622,2023-07-06 07:00,0.2886,0.76,2.25,true,true,BELOW,false
483,2023-07-13 15:15,2023-07-15 03:00,92327,92470,144,0.2891,0.2878,0.443,0,9.064,18.27,BYPASS,0,0,,,,,,,,,,,,,,,,,,,ABOVE,false
484,2023-07-15 03:15,2023-07-16 09:45,92471,92593,123,0.3279,0.3263,0.492,0,2.191,11.63,DOWN,1,1,92472,2023-07-15 03:30,1,92472,2023-07-15 03:30,0.3276,0.812,1,-1,1.39,true,92473,2023-07-15 03:45,0.3262,0.06,0.06,true,true,BELOW,false
485,2023-07-16 10:00,2023-07-18 16:30,92594,92812,219,0.3204,0.3196,0.246,0,11.521,34.29,DOWN,1,1,92606,2023-07-16 13:00,12,92606,2023-07-16 13:00,0.3197,0.125,12,-1,0.97,true,92607,2023-07-16 13:15,0.3195,0.22,0.53,true,true,BELOW,false
486,2023-07-18 16:45,2023-07-19 23:45,92813,92937,125,0.3053,0.3031,0.728,0,3.485,12.11,UP,1,2,92816,2023-07-18 17:30,3,92817,2023-07-18 17:45,0.3042,0.5,4,-1,0.6,true,92818,2023-07-18 18:00,0.3057,0,0.49,true,true,ABOVE,false
487,2023-07-20 00:00,2023-07-20 23:45,92938,93033,96,0.3245,0.3221,0.728,0,8.131,24.69,UP,1,2,92939,2023-07-20 00:15,1,92940,2023-07-20 00:30,0.324,0.792,2,1,1.68,true,92941,2023-07-20 00:45,0.3252,0,0,true,true,BELOW,false
488,2023-07-21 00:00,2023-07-22 09:30,93034,93168,135,0.3164,0.3155,0.285,0,1.539,12.79,UP,1,4,93039,2023-07-21 01:15,5,93042,2023-07-21 02:00,0.3164,1,8,-1,1.24,true,93043,2023-07-21 02:15,0.3179,0.1,1.33,true,true,BELOW,false
489,2023-07-22 09:45,2023-07-22 23:00,93169,93222,54,0.3129,0.3125,0.128,0,7.79,14.4,DOWN,1,1,93186,2023-07-22 14:00,17,93186,2023-07-22 14:00,0.3125,0,17,-1,0.72,true,93187,2023-07-22 14:15,0.3118,0.35,0.93,true,true,BELOW,false
490,2023-07-22 23:15,2023-07-24 09:30,93223,93360,138,0.3117,0.3102,0.488,0,6.42,10.43,UP,1,1,93230,2023-07-23 01:00,7,93230,2023-07-23 01:00,0.3106,0.267,7,-1,1.07,true,93231,2023-07-23 01:15,0.3128,0,0,true,true,ABOVE,false
491,2023-07-24 09:45,2023-07-26 17:45,93361,93585,225,0.3142,0.3137,0.164,0,20.377,41.06,BYPASS,0,0,,,,,,,,,,,,,,,,,,,BELOW,false
492,2023-07-26 18:00,2023-07-29 04:15,93586,93819,234,0.3048,0.3028,0.651,0,8.053,23.3,UP,1,1,93590,2023-07-26 19:00,4,93590,2023-07-26 19:00,0.3047,0.95,4,1,2.21,true,93591,2023-07-26 19:15,0.3067,0,0,true,true,ABOVE,false
493,2023-07-29 04:30,2023-07-29 19:45,93820,93881,62,0.312,0.3114,0.193,0,12.282,50.45,DOWN,1,4,93821,2023-07-29 04:45,1,93824,2023-07-29 05:30,0.3114,0,4,1,0.44,true,93825,2023-07-29 05:45,0.3113,0.39,0.9,false,false,ABOVE,false
494,2023-07-29 20:00,2023-07-30 04:00,93882,93914,33,0.313,0.3124,0.191,0,4.128,11.26,DOWN,1,4,93885,2023-07-29 20:45,3,93888,2023-07-29 21:30,0.3126,0.333,6,1,0.63,true,93889,2023-07-29 21:45,0.3121,0.19,0.19,true,true,ABOVE,false
495,2023-07-30 04:15,2023-07-30 09:45,93915,93937,23,0.3139,0.3133,0.19,0,3.665,11.33,BYPASS,0,0,,,,,,,,,,,,,,,,,,,ABOVE,false
496,2023-07-30 10:00,2023-07-30 19:30,93938,93976,39,0.3148,0.3144,0.127,0,6.024,12.57,UP,1,2,93940,2023-07-30 10:30,2,93941,2023-07-30 10:45,0.3145,0.25,3,1,1.22,true,93942,2023-07-30 11:00,0.3155,0.32,0.8,false,true,BELOW,false
497,2023-07-30 19:45,2023-08-01 05:15,93977,94111,135,0.3134,0.3126,0.259,0,31.728,72.81,UP,1,1,93991,2023-07-30 23:15,14,93991,2023-07-30 23:15,0.3131,0.625,14,-1,0.65,true,93992,2023-07-30 23:30,0.3143,0,0,true,true,BELOW,false
498,2023-08-01 05:30,2023-08-01 15:15,94112,94151,40,0.302,0.3011,0.296,0,9.301,30.2,BYPASS,0,0,,,,,,,,,,,,,,,,,,,ABOVE,false
499,2023-08-01 15:30,2023-08-03 11:45,94152,94329,178,0.3036,0.3028,0.262,0,7.97,18.04,DOWN,1,3,94248,2023-08-02 15:30,96,94250,2023-08-02 16:00,0.3028,0,98,-1,0.76,true,94251,2023-08-02 16:15,0.3025,2.15,2.15,true,true,BELOW,false
500,2023-08-03 12:00,2023-08-04 12:15,94330,94427,98,0.2961,0.2953,0.271,0,14.866,33.49,UP,1,3,94337,2023-08-03 13:45,7,94339,2023-08-03 14:15,0.2956,0.375,9,-1,0.46,true,94340,2023-08-03 14:30,0.2965,0,0.3,true,true,BELOW,false
501,2023-08-04 12:30,2023-08-04 20:15,94428,94459,32,0.2937,0.2926,0.374,0,6.929,18.72,UP,1,7,94452,2023-08-04 18:30,24,94458,2023-08-04 20:00,0.2937,1,30,1,0.89,true,94459,2023-08-04 20:15,0.2944,0.92,0.92,true,true,OVERLAP,false
502,2023-08-04 20:30,2023-08-06 20:30,94460,94652,193,0.2944,0.2926,0.616,1,12.783,21.22,DOWN,1,17,94462,2023-08-04 21:00,2,94478,2023-08-05 01:00,0.2935,0.5,18,1,0.41,true,94479,2023-08-05 01:15,0.2923,0.79,0.79,false,true,BELOW,false
503,2023-08-06 20:45,2023-08-08 07:00,94653,94790,138,0.292,0.2919,0.034,0,6.276,14.37,UP,1,1,94657,2023-08-06 21:45,4,94657,2023-08-06 21:45,0.292,1,4,-1,2.66,true,94658,2023-08-06 22:00,0.2928,0.07,0.41,true,true,OVERLAP,false
504,2023-08-08 07:15,2023-08-12 01:15,94791,95151,361,0.2923,0.2918,0.171,1,6.2,14.41,UP,1,1,95136,2023-08-11 21:30,345,95136,2023-08-11 21:30,0.2923,1,345,-1,1.33,true,95137,2023-08-11 21:45,0.2928,0,0,true,true,ABOVE,false
505,2023-08-12 01:30,2023-08-12 16:30,95152,95212,61,0.2937,0.2934,0.102,0,5.052,11.35,DOWN,1,2,95152,2023-08-12 01:30,0,95153,2023-08-12 01:45,0.2936,0.667,1,-1,2.51,true,95154,2023-08-12 02:00,0.2931,0.41,0.41,true,true,OVERLAP,false
506,2023-08-12 16:45,2023-08-15 09:45,95213,95473,261,0.2937,0.2932,0.171,1,2.469,18.52,DOWN,1,1,95318,2023-08-13 19:00,105,95318,2023-08-13 19:00,0.2932,0,105,1,0.93,true,95319,2023-08-13 19:15,0.2929,0.61,2.35,true,true,BELOW,false
507,2023-08-15 10:00,2023-08-15 17:45,95474,95505,32,0.2898,0.2893,0.173,0,5.096,11.96,DOWN,1,1,95474,2023-08-15 10:00,0,95474,2023-08-15 10:00,0.2893,0,0,-1,2.56,true,95475,2023-08-15 10:15,0.2892,0.48,0.59,true,true,BELOW,false
508,2023-08-15 18:00,2023-08-15 18:45,95506,95509,4,0.2887,0.2883,0.139,0,7.875,17.58,BYPASS,0,0,,,,,,,,,,,,,,,,,,,BELOW,false
509,2023-08-15 19:00,2023-08-16 01:45,95510,95537,28,0.2877,0.2868,0.325,0,41.34,17.02,BYPASS,0,0,,,,,,,,,,,,,,,,,,,BELOW,false
510,2023-08-16 02:00,2023-08-16 20:00,95538,95610,73,0.2818,0.2813,0.178,0,6.189,19.7,DOWN,1,5,95538,2023-08-16 02:00,0,95542,2023-08-16 03:00,0.2817,0.8,4,-1,0.67,true,95543,2023-08-16 03:15,0.2811,0.57,1.46,true,true,BELOW,false
511,2023-08-16 20:15,2023-08-17 15:15,95611,95687,77,0.2755,0.2744,0.409,0,9.778,19.38,DOWN,1,1,95625,2023-08-16 23:45,14,95625,2023-08-16 23:45,0.2746,0.182,14,-1,0.3,true,95626,2023-08-17 00:00,0.2742,1.93,1.93,true,true,BELOW,false
512,2023-08-17 15:30,2023-08-17 21:15,95688,95711,24,0.2742,0.2725,0.631,0,8.601,12.41,DOWN,1,1,95698,2023-08-17 18:00,10,95698,2023-08-17 18:00,0.2726,0.059,10,-1,1.02,true,95699,2023-08-17 18:15,0.2724,0.37,14.9,true,true,BELOW,false
513,2023-08-17 21:30,2023-08-18 11:15,95712,95767,56,0.2696,0.2667,1.23,0,6.595,10.14,BYPASS,0,0,,,,,,,,,,,,,,,,,,,BELOW,false
514,2023-08-18 11:30,2023-08-19 20:00,95768,95898,131,0.2648,0.2634,0.527,0,2.683,11.26,UP,1,1,95771,2023-08-18 12:15,3,95771,2023-08-18 12:15,0.2644,0.714,3,-1,1.1,true,95772,2023-08-18 12:30,0.2654,0,2.09,true,true,ABOVE,false
515,2023-08-19 20:15,2023-08-21 15:00,95899,96070,172,0.2681,0.2676,0.187,0,5.619,20.23,UP,1,1,95901,2023-08-19 20:45,2,95901,2023-08-19 20:45,0.2678,0.4,2,1,0.71,true,95902,2023-08-19 21:00,0.2689,0.3,0.3,true,true,BELOW,false
516,2023-08-21 15:15,2023-08-22 21:00,96071,96190,120,0.2668,0.2652,0.614,0,11.399,26.35,BYPASS,0,0,,,,,,,,,,,,,,,,,,,BELOW,false
517,2023-08-22 21:15,2023-08-23 19:15,96191,96279,89,0.2561,0.255,0.435,0,6.45,20.04,UP,1,3,96195,2023-08-22 22:15,4,96197,2023-08-22 22:45,0.2558,0.727,6,-1,0.45,true,96198,2023-08-22 23:00,0.2582,0,0,true,true,ABOVE,false
518,2023-08-23 19:30,2023-08-24 17:15,96280,96367,88,0.2674,0.2666,0.298,0,2.635,10.01,DOWN,1,4,96285,2023-08-23 20:45,5,96288,2023-08-23 21:30,0.267,0.5,8,1,0.6,true,96289,2023-08-23 21:45,0.2659,0.41,0.41,true,true,BELOW,false
519,2023-08-24 17:30,2023-08-24 20:30,96368,96380,13,0.2653,0.2646,0.263,0,4.101,16.29,DOWN,1,2,96370,2023-08-24 18:00,2,96371,2023-08-24 18:15,0.2649,0.429,3,-1,0.46,true,96372,2023-08-24 18:30,0.2641,0.26,0.79,true,true,OVERLAP,false
520,2023-08-24 20:45,2023-08-25 11:45,96381,96441,61,0.2653,0.2641,0.455,1,8.466,22.06,UP,1,10,96383,2023-08-24 21:15,2,96392,2023-08-24 23:30,0.2653,1,11,-1,0.54,true,96393,2023-08-24 23:45,0.2656,0.08,1.78,true,true,BELOW,false
521,2023-08-25 12:00,2023-08-26 07:45,96442,96521,80,0.263,0.2625,0.19,0,5.246,14.36,DOWN,1,1,96443,2023-08-25 12:15,1,96443,2023-08-25 12:15,0.2625,0,1,-1,0.59,true,96444,2023-08-25 12:30,0.2624,0.5,1.41,true,true,BELOW,false
522,2023-08-26 08:00,2023-08-26 13:45,96522,96545,24,0.2603,0.2599,0.154,0,5.968,15.9,BYPASS,0,0,,,,,,,,,,,,,,,,,,,BELOW,false
523,2023-08-26 14:00,2023-08-27 01:15,96546,96591,46,0.2595,0.259,0.193,0,4.482,27.18,UP,1,1,96547,2023-08-26 14:15,1,96547,2023-08-26 14:15,0.2594,0.8,1,-1,1.02,true,96548,2023-08-26 14:30,0.2601,0,0,true,true,ABOVE,false
524,2023-08-27 01:30,2023-08-27 06:00,96592,96610,19,0.2604,0.2598,0.231,0,4.864,10.03,UP,1,1,96592,2023-08-27 01:30,0,96592,2023-08-27 01:30,0.2603,0.833,0,1,9.38,true,96593,2023-08-27 01:45,0.2607,0,0,true,true,ABOVE,false
525,2023-08-27 06:15,2023-08-28 05:15,96611,96703,93,0.2616,0.2612,0.153,0,4.35,11.86,UP,1,2,96611,2023-08-27 06:15,0,96612,2023-08-27 06:30,0.2616,1,1,1,13.39,true,96613,2023-08-27 06:45,0.2618,0,0,true,true,BELOW,false
526,2023-08-28 05:30,2023-08-28 11:45,96704,96729,26,0.2606,0.26,0.231,0,11.08,14.71,DOWN,1,1,96706,2023-08-28 06:00,2,96706,2023-08-28 06:00,0.2603,0.5,2,-1,1.41,true,96707,2023-08-28 06:15,0.2599,0.38,1.04,true,true,OVERLAP,false
527,2023-08-28 12:00,2023-08-29 14:00,96730,96834,105,0.2606,0.2595,0.42,1,5.489,14.03,UP,1,1,96819,2023-08-29 10:15,89,96819,2023-08-29 10:15,0.2605,0.909,89,-1,2.8,true,96820,2023-08-29 10:30,0.2611,0,0,true,true,ABOVE,false
528,2023-08-29 14:15,2023-08-30 13:15,96835,96927,93,0.2631,0.2612,0.706,0,8.6,13.87,BYPASS,0,0,,,,,,,,,,,,,,,,,,,ABOVE,false
529,2023-08-30 13:30,2023-08-31 02:45,96928,96981,54,0.2652,0.2645,0.266,0,4.728,10.57,UP,1,7,96955,2023-08-30 20:15,27,96961,2023-08-30 21:45,0.2651,0.857,33,-1,0.58,true,96962,2023-08-30 22:00,0.2654,0,0.38,true,true,OVERLAP,false
530,2023-08-31 03:00,2023-09-04 06:45,96982,97381,400,0.2652,0.2641,0.416,1,5.203,10.75,UP,1,17,96982,2023-08-31 03:00,0,96998,2023-08-31 07:00,0.2647,0.545,16,-1,0.82,true,96999,2023-08-31 07:15,0.2655,0,0.72,true,true,BELOW,false
531,2023-09-04 07:00,2023-09-05 01:30,97382,97456,75,0.2572,0.2568,0.155,0,5.675,10.49,UP,1,2,97384,2023-09-04 07:30,2,97385,2023-09-04 07:45,0.2568,0,3,1,0.41,true,97386,2023-09-04 08:00,0.2576,0.39,0.74,true,true,BELOW,false
532,2023-09-05 01:45,2023-09-05 06:00,97457,97474,18,0.2556,0.2551,0.196,0,9.135,15.21,UP,1,2,97464,2023-09-05 03:30,7,97465,2023-09-05 03:45,0.2553,0.4,8,-1,0.47,true,97466,2023-09-05 04:00,0.2565,0,0,true,true,ABOVE,false
533,2023-09-05 06:15,2023-09-06 01:45,97475,97553,79,0.2574,0.2571,0.117,0,6.791,14.96,DOWN,1,1,97491,2023-09-05 10:15,16,97491,2023-09-05 10:15,0.2571,0,16,-1,0.78,true,97492,2023-09-05 10:30,0.2568,0.54,0.82,false,true,ABOVE,false
534,2023-09-06 02:00,2023-09-06 05:45,97554,97569,16,0.2584,0.2579,0.194,0,10.852,19.61,UP,1,1,97554,2023-09-06 02:00,0,97554,2023-09-06 02:00,0.2583,0.8,0,1,10.4,true,97555,2023-09-06 02:15,0.2586,0.19,1.05,true,true,BELOW,false
535,2023-09-06 06:00,2023-09-06 16:45,97570,97613,44,0.2561,0.2557,0.156,0,9.278,13.87,UP,1,3,97573,2023-09-06 06:45,3,97575,2023-09-06 07:15,0.2561,1,5,1,0.39,true,97576,2023-09-06 07:30,0.2562,0.16,0.16,true,true,BELOW,false
536,2023-09-06 17:00,2023-09-07 01:30,97614,97648,35,0.2554,0.2545,0.354,0,16.99,27.21,BYPASS,0,0,,,,,,,,,,,,,,,,,,,ABOVE,false
537,2023-09-07 01:45,2023-09-07 20:45,97649,97725,77,0.2579,0.2574,0.194,0,20.619,52.69,DOWN,1,2,97649,2023-09-07 01:45,0,97650,2023-09-07 02:00,0.2575,0.2,1,1,2.01,true,97651,2023-09-07 02:15,0.2573,0.51,0.74,false,false,BELOW,false
538,2023-09-07 21:00,2023-09-08 02:45,97726,97749,24,0.2565,0.2558,0.271,0,4.979,14.85,BYPASS,0,0,,,,,,,,,,,,,,,,,,,OVERLAP,false
539,2023-09-08 03:00,2023-09-10 03:45,97750,97945,196,0.257,0.2558,0.467,1,15.685,40.43,UP,1,1,97750,2023-09-08 03:00,0,97750,2023-09-08 03:00,0.2569,0.917,0,1,10.89,true,97751,2023-09-08 03:15,0.2571,0,0,true,true,BELOW,false
540,2023-09-10 04:00,2023-09-11 02:00,97946,98034,89,0.2508,0.2505,0.12,0,7.004,11.53,DOWN,1,1,97976,2023-09-10 11:30,30,97976,2023-09-10 11:30,0.2507,0.667,30,-1,1.9,true,97977,2023-09-10 11:45,0.25,0.36,2.71,true,true,BELOW,false
541,2023-09-11 02:15,2023-09-11 13:45,98035,98081,47,0.2476,0.2469,0.283,0,6.629,10.18,UP,1,6,98042,2023-09-11 04:00,7,98047,2023-09-11 05:15,0.2471,0.286,12,-1,0.39,true,98048,2023-09-11 05:30,0.2479,0.41,3.77,true,true,BELOW,false
542,2023-09-11 14:00,2023-09-13 02:30,98082,98228,147,0.2451,0.2439,0.494,0,6.474,20.97,DOWN,1,1,98083,2023-09-11 14:15,1,98083,2023-09-11 14:15,0.2441,0.167,1,-1,1.25,true,98084,2023-09-11 14:30,0.2434,1.23,3.03,false,false,ABOVE,false
543,2023-09-13 02:45,2023-09-13 07:15,98229,98247,19,0.2462,0.2456,0.245,0,3.174,11.18,BYPASS,0,0,,,,,,,,,,,,,,,,,,,OVERLAP,false
544,2023-09-13 07:30,2023-09-15 01:45,98248,98417,170,0.2462,0.2454,0.325,1,19.626,59.31,DOWN,1,1,98248,2023-09-13 07:30,0,98248,2023-09-13 07:30,0.2458,0.5,0,-1,14.29,true,98249,2023-09-13 07:45,0.2452,0.24,0.24,true,true,ABOVE,false
545,2023-09-15 02:00,2023-09-17 15:45,98418,98665,248,0.2524,0.2517,0.276,0,7.025,14.01,DOWN,1,1,98435,2023-09-15 06:15,17,98435,2023-09-15 06:15,0.2524,1,17,1,0.57,true,98436,2023-09-15 06:30,0.2513,0.48,1.39,true,true,BELOW,false
546,2023-09-17 16:00,2023-09-17 20:15,98666,98683,18,0.25,0.2495,0.201,0,4.263,15.07,BYPASS,0,0,,,,,,,,,,,,,,,,,,,BELOW,false
547,2023-09-17 20:30,2023-09-20 09:30,98684,98928,245,0.2476,0.247,0.244,0,14.618,30.85,BYPASS,0,0,,,,,,,,,,,,,,,,,,,ABOVE,false
548,2023-09-20 09:45,2023-09-21 19:45,98929,99065,137,0.2534,0.2527,0.278,0,7.197,15.76,UP,1,2,98945,2023-09-20 13:45,16,98946,2023-09-20 14:00,0.2531,0.571,17,-1,1.46,true,98947,2023-09-20 14:15,0.2546,0,1.15,true,true,BELOW,false
549,2023-09-21 20:00,2023-09-24 23:00,99066,99366,301,0.2475,0.2468,0.284,0,6.097,17.34,BYPASS,0,0,,,,,,,,,,,,,,,,,,,BELOW,false
550,2023-09-24 23:15,2023-09-27 17:45,99367,99633,267,0.2446,0.2439,0.288,0,18.69,45.73,UP,1,1,99373,2023-09-25 00:45,6,99373,2023-09-25 00:45,0.244,0.143,6,-1,0.9,true,99374,2023-09-25 01:00,0.2451,0.12,0.33,true,true,OVERLAP,false
551,2023-09-27 18:00,2023-09-29 07:15,99634,99783,150,0.2446,0.2436,0.411,1,6.44,16.24,UP,1,4,99635,2023-09-27 18:15,1,99638,2023-09-27 19:00,0.2444,0.8,4,-1,0.39,true,99639,2023-09-27 19:15,0.2447,0,0.08,true,true,ABOVE,false
552,2023-09-29 07:30,2023-09-29 11:45,99784,99801,18,0.2515,0.2507,0.317,0,4.641,14.31,UP,1,8,99792,2023-09-29 09:30,8,99799,2023-09-29 11:15,0.2512,0.625,15,1,0.58,true,99800,2023-09-29 11:30,0.2516,0,0.04,true,true,OVERLAP,false
553,2023-09-29 12:00,2023-09-30 15:30,99802,99912,111,0.2518,0.2507,0.436,1,7.005,19.28,DOWN,1,2,99823,2023-09-29 17:15,21,99824,2023-09-29 17:30,0.2512,0.455,22,1,0.68,true,99825,2023-09-29 17:45,0.2504,0.96,1.32,false,false,OVERLAP,false
554,2023-09-30 15:45,2023-10-01 14:15,99913,100003,91,0.2524,0.2507,0.673,2,1.93,10.71,BYPASS,0,0,,,,,,,,,,,,,,,,,,,ABOVE,false
555,2023-10-01 14:30,2023-10-01 19:45,100004,100025,22,0.2622,0.2618,0.154,0,3.793,10.32,BYPASS,0,0,,,,,,,,,,,,,,,,,,,BELOW,false
556,2023-10-01 20:00,2023-10-01 22:00,100026,100034,9,0.2601,0.2596,0.192,0,4.031,11.15,BYPASS,0,0,,,,,,,,,,,,,,,,,,,ABOVE,false
557,2023-10-01 22:15,2023-10-02 18:15,100035,100115,81,0.2625,0.2617,0.301,0,15.273,11.97,BYPASS,0,0,,,,,,,,,,,,,,,,,,,ABOVE,false
558,2023-10-02 18:30,2023-10-04 18:45,100116,100309,194,0.2645,0.2633,0.462,0,10.665,25.21,DOWN,1,1,100154,2023-10-03 04:00,38,100154,2023-10-03 04:00,0.2638,0.417,38,-1,1.59,true,100155,2023-10-03 04:15,0.2627,1.03,1.03,false,true,BELOW,false
559,2023-10-04 19:00,2023-10-06 12:15,100310,100475,166,0.2564,0.2551,0.504,0,4.696,12.1,BYPASS,0,0,,,,,,,,,,,,,,,,,,,ABOVE,false
560,2023-10-06 12:30,2023-10-08 05:15,100476,100639,164,0.2638,0.2627,0.42,0,3.105,10.34,UP,1,2,100486,2023-10-06 15:00,10,100487,2023-10-06 15:15,0.2638,1,11,1,0.85,true,100488,2023-10-06 15:30,0.2645,0,0,true,true,BELOW,false
561,2023-10-08 05:30,2023-10-09 07:00,100640,100742,103,0.258,0.2577,0.117,0,3.409,11.44,DOWN,1,1,100731,2023-10-09 04:15,91,100731,2023-10-09 04:15,0.2577,0,91,-1,0.78,true,100732,2023-10-09 04:30,0.2576,0.31,3.38,true,true,OVERLAP,false
562,2023-10-09 07:15,2023-10-09 15:45,100743,100777,35,0.258,0.2573,0.273,1,3.182,10.81,BYPASS,0,0,,,,,,,,,,,,,,,,,,,BELOW,false
563,2023-10-09 16:00,2023-10-10 10:00,100778,100850,73,0.251,0.2501,0.36,0,4.01,11.28,UP,1,1,100783,2023-10-09 17:15,5,100783,2023-10-09 17:15,0.2501,0,5,-1,0.67,true,100784,2023-10-09 17:30,0.2512,0,0,true,true,ABOVE,false
564,2023-10-10 10:15,2023-10-11 02:15,100851,100915,65,0.2521,0.2518,0.119,0,13.181,15.48,DOWN,1,1,100851,2023-10-10 10:15,0,100851,2023-10-10 10:15,0.2519,0.333,0,-1,12.06,true,100852,2023-10-10 10:30,0.2513,1.07,1.91,false,false,BELOW,false
565,2023-10-11 02:30,2023-10-11 15:00,100916,100966,51,0.2488,0.2482,0.243,0,14.193,18.91,DOWN,1,1,100948,2023-10-11 10:30,32,100948,2023-10-11 10:30,0.2482,0,32,-1,0.73,true,100949,2023-10-11 10:45,0.2479,0.56,1.33,true,true,OVERLAP,false
566,2023-10-11 15:15,2023-10-12 05:45,100967,101025,59,0.2488,0.248,0.325,1,7.083,11.42,BYPASS,0,0,,,,,,,,,,,,,,,,,,,BELOW,false
567,2023-10-12 06:00,2023-10-12 16:00,101026,101066,41,0.2466,0.2459,0.284,0,6.11,11.97,UP,1,1,101026,2023-10-12 06:00,0,101026,2023-10-12 06:00,0.2465,0.857,0,-1,4.06,true,101027,2023-10-12 06:15,0.2467,0.37,1.34,true,true,BELOW,false
568,2023-10-12 16:15,2023-10-13 20:30,101067,101180,114,0.2449,0.2443,0.246,0,11.847,49.08,UP,1,2,101085,2023-10-12 20:45,18,101086,2023-10-12 21:00,0.2449,1,19,-1,0.53,true,101087,2023-10-12 21:15,0.2452,0,0,true,true,ABOVE,false
569,2023-10-13 20:45,2023-10-15 01:15,101181,101295,115,0.2462,0.2458,0.161,0,13.998,47.68,DOWN,1,1,101189,2023-10-13 22:45,8,101189,2023-10-13 22:45,0.2458,0,8,1,1.16,true,101190,2023-10-13 23:00,0.2455,0.16,0.16,true,true,ABOVE,false
570,2023-10-15 01:30,2023-10-16 05:00,101296,101406,111,0.247,0.2464,0.242,0,7.951,11.12,UP,1,1,101306,2023-10-15 04:00,10,101306,2023-10-15 04:00,0.247,1,10,1,0.48,true,101307,2023-10-15 04:15,0.2471,0,0,true,true,ABOVE,false
571,2023-10-16 05:15,2023-10-16 13:00,101407,101438,32,0.2491,0.2486,0.198,0,21.527,26.99,BYPASS,0,0,,,,,,,,,,,,,,,,,,,ABOVE,false
572,2023-10-16 13:15,2023-10-17 18:30,101439,101556,118,0.2527,0.252,0.272,0,16.029,21.42,DOWN,1,3,101461,2023-10-16 18:45,22,101463,2023-10-16 19:15,0.2524,0.571,24,1,0.94,true,101464,2023-10-16 19:30,0.2515,0.87,0.87,false,false,BELOW,false
573,2023-10-17 18:45,2023-10-18 04:30,101557,101596,40,0.2469,0.2466,0.122,0,6.967,15.26,DOWN,1,1,101575,2023-10-17 23:15,18,101575,2023-10-17 23:15,0.2466,0,18,-1,0.59,true,101576,2023-10-17 23:30,0.2464,0.65,0.85,false,true,BELOW,false
574,2023-10-18 04:45,2023-10-19 01:15,101597,101679,83,0.246,0.2455,0.203,0,15.028,29.98,DOWN,1,7,101610,2023-10-18 08:00,13,101616,2023-10-18 09:30,0.246,1,19,-1,0.78,true,101617,2023-10-18 09:45,0.2444,0.45,0.49,true,true,BELOW,false
575,2023-10-19 01:30,2023-10-20 17:15,101680,101839,160,0.2438,0.2434,0.167,0,20.25,15.33,DOWN,1,1,101730,2023-10-19 14:00,50,101730,2023-10-19 14:00,0.2434,0,50,-1,1.37,true,101731,2023-10-19 14:15,0.2426,0.41,0.41,true,true,ABOVE,false
576,2023-10-20 17:30,2023-10-21 17:15,101840,101935,96,0.2504,0.2496,0.319,0,7.457,15.35,UP,1,1,101840,2023-10-20 17:30,0,101840,2023-10-20 17:30,0.2504,1,0,1,3.5,true,101841,2023-10-20 17:45,0.2505,0,0,true,true,ABOVE,false
577,2023-10-21 17:30,2023-10-26 21:45,101936,102433,498,0.2594,0.2585,0.344,0,3.348,13.83,UP,1,1,101947,2023-10-21 20:15,11,101947,2023-10-21 20:15,0.2592,0.778,11,1,0.95,true,101948,2023-10-21 20:30,0.26,0.15,0.39,true,true,ABOVE,false
578,2023-10-26 22:00,2023-10-29 17:15,102434,102703,270,0.2864,0.2844,0.696,0,1.689,10.36,DOWN,1,4,102443,2023-10-27 00:15,9,102446,2023-10-27 01:00,0.2845,0.05,12,-1,2.84,true,102447,2023-10-27 01:15,0.2829,1.41,1.41,true,true,ABOVE,false
579,2023-10-29 17:30,2023-10-30 05:00,102704,102750,47,0.2974,0.2964,0.336,0,3.302,18.27,UP,1,1,102705,2023-10-29 17:45,1,102705,2023-10-29 17:45,0.2971,0.7,1,1,2,true,102706,2023-10-29 18:00,0.2976,0.3,0.74,true,true,BELOW,false
580,2023-10-30 05:15,2023-10-31 10:45,102751,102869,119,0.2944,0.294,0.136,0,3.769,11.12,DOWN,1,1,102752,2023-10-30 05:30,1,102752,2023-10-30 05:30,0.2942,0.5,1,1,0.6,true,102753,2023-10-30 05:45,0.2931,0.71,0.71,true,true,ABOVE,false
581,2023-10-31 11:00,2023-11-02 23:45,102870,103113,244,0.2987,0.2976,0.365,0,5.096,12.66,DOWN,1,1,102876,2023-10-31 12:30,6,102876,2023-10-31 12:30,0.2981,0.455,6,-1,1.74,true,102877,2023-10-31 12:45,0.2971,2.12,4.6,false,false,ABOVE,false
582,2023-11-03 00:00,2023-11-06 05:00,103114,103422,309,0.3243,0.3225,0.553,0,3.967,11.04,UP,1,1,103115,2023-11-03 00:15,1,103115,2023-11-03 00:15,0.324,0.833,1,1,0.96,true,103116,2023-11-03 00:30,0.3267,2.6,3.41,false,false,ABOVE,false
583,2023-11-06 05:15,2023-11-11 19:30,103423,103960,538,0.3434,0.3421,0.383,0,8.583,31.83,UP,1,4,103428,2023-11-06 06:30,5,103431,2023-11-06 07:15,0.3426,0.385,8,1,0.76,true,103432,2023-11-06 07:30,0.3437,0.18,0.18,true,true,ABOVE,false
584,2023-11-11 19:45,2023-11-13 20:30,103961,104156,196,0.3937,0.3924,0.332,0,4.592,12.38,BYPASS,0,0,,,,,,,,,,,,,,,,,,,BELOW,false
585,2023-11-13 20:45,2023-11-14 13:15,104157,104223,67,0.367,0.3651,0.517,0,9.89,40.8,UP,1,1,104200,2023-11-14 07:30,43,104200,2023-11-14 07:30,0.3662,0.579,43,-1,0.8,true,104201,2023-11-14 07:45,0.3677,0.52,2.85,true,true,BELOW,false
586,2023-11-14 13:30,2023-11-16 02:00,104224,104370,147,0.3619,0.359,0.792,0,4.603,10.32,DOWN,1,1,104241,2023-11-14 17:45,17,104241,2023-11-14 17:45,0.3595,0.172,17,1,0.6,true,104242,2023-11-14 18:00,0.3564,6.13,6.13,false,true,ABOVE,false
587,2023-11-16 02:15,2023-11-18 23:45,104371,104649,279,0.3802,0.3779,0.603,0,3.225,12.16,UP,1,1,104427,2023-11-16 16:15,56,104427,2023-11-16 16:15,0.3801,0.957,56,1,0.82,true,104428,2023-11-16 16:30,0.3829,0.56,5.08,true,true,BELOW,false
588,2023-11-19 00:00,2023-11-19 22:45,104650,104741,92,0.3778,0.3771,0.186,0,4.635,13.96,DOWN,1,1,104682,2023-11-19 08:00,32,104682,2023-11-19 08:00,0.3777,0.857,32,1,1.5,true,104683,2023-11-19 08:15,0.3764,1.35,1.59,true,true,ABOVE,false
589,2023-11-19 23:00,2023-11-20 20:45,104742,104829,88,0.3806,0.3794,0.312,0,4.763,14.49,BYPASS,0,0,,,,,,,,,,,,,,,,,,,ABOVE,false
590,2023-11-20 21:00,2023-11-22 18:00,104830,105010,181,0.3865,0.385,0.392,0,2.927,14.15,DOWN,1,1,104835,2023-11-20 22:15,5,104835,2023-11-20 22:15,0.3852,0.133,5,1,0.33,true,104836,2023-11-20 22:30,0.3828,1.79,1.79,false,true,BELOW,false
591,2023-11-22 18:15,2023-11-23 23:30,105011,105128,118,0.3714,0.3698,0.425,0,4.395,12.54,BYPASS,0,0,,,,,,,,,,,,,,,,,,,ABOVE,false
592,2023-11-23 23:45,2023-11-24 21:45,105129,105217,89,0.3828,0.3819,0.232,0,13.872,74.96,BYPASS,0,0,,,,,,,,,,,,,,,,,,,ABOVE,false
593,2023-11-24 22:00,2023-11-29 15:45,105218,105673,456,0.3878,0.3865,0.338,0,4.039,11.8,UP,1,4,105227,2023-11-25 00:15,9,105230,2023-11-25 01:00,0.3874,0.692,12,-1,0.75,true,105231,2023-11-25 01:15,0.3879,0,0,true,true,BELOW,false
594,2023-11-29 16:00,2023-12-02 14:30,105674,105956,283,0.3804,0.3791,0.337,0,13.731,23.43,UP,1,7,105710,2023-11-30 01:00,36,105716,2023-11-30 02:30,0.3803,0.923,42,-1,0.89,true,105717,2023-11-30 02:45,0.3808,0,1.85,true,true,ABOVE,false
595,2023-12-02 14:45,2023-12-04 10:45,105957,106133,177,0.39,0.3894,0.155,0,4.541,11.23,DOWN,1,1,105961,2023-12-02 15:45,4,105961,2023-12-02 15:45,0.3895,0.167,4,1,1.35,true,105962,2023-12-02 16:00,0.389,0.56,0.56,true,true,ABOVE,false
596,2023-12-04 11:00,2023-12-09 14:15,106134,106627,494,0.4117,0.4094,0.577,0,11.55,21.34,DOWN,1,2,106188,2023-12-05 00:30,54,106189,2023-12-05 00:45,0.4109,0.652,55,-1,1.53,true,106190,2023-12-05 01:00,0.409,1.78,2.44,false,false,ABOVE,false
597,2023-12-09 14:30,2023-12-11 01:45,106628,106769,142,0.6218,0.6171,0.776,0,4.05,10.37,BYPASS,0,0,,,,,,,,,,,,,,,,,,,BELOW,false
598,2023-12-11 02:00,2023-12-13 06:30,106770,106980,211,0.5892,0.5861,0.577,0,12.065,20.01,UP,1,2,106890,2023-12-12 08:00,120,106891,2023-12-12 08:15,0.5861,0,121,1,0.95,true,106892,2023-12-12 08:30,0.5898,0,0,true,true,BELOW,false
599,2023-12-13 06:45,2023-12-13 18:45,106981,107029,49,0.5604,0.5545,1.077,0,3.216,16.48,UP,1,3,106983,2023-12-13 07:15,2,106985,2023-12-13 07:45,0.558,0.593,4,-1,0.66,true,106986,2023-12-13 08:00,0.5679,0,0,true,true,ABOVE,false
600,2023-12-13 19:00,2023-12-14 12:45,107030,107101,72,0.6179,0.6135,0.707,0,2.879,10.14,BYPASS,0,0,,,,,,,,,,,,,,,,,,,ABOVE,false
601,2023-12-14 13:00,2023-12-20 22:45,107102,107717,616,0.6561,0.6521,0.63,0,7.491,16.07,DOWN,1,1,107147,2023-12-15 00:15,45,107147,2023-12-15 00:15,0.6537,0.4,45,-1,3.12,true,107148,2023-12-15 00:30,0.6426,2.45,3.07,false,false,BELOW,false
602,2023-12-20 23:00,2023-12-24 05:15,107718,108031,314,0.5902,0.5876,0.443,0,1.848,10.08,DOWN,1,3,107719,2023-12-20 23:15,1,107721,2023-12-20 23:45,0.5899,0.885,3,1,0.57,true,107722,2023-12-21 00:00,0.5874,0.94,0.94,true,true,ABOVE,false
603,2023-12-24 05:30,2023-12-26 09:30,108032,108240,209,0.623,0.6207,0.376,0,6.347,18.15,DOWN,1,1,108066,2023-12-24 14:00,34,108066,2023-12-24 14:00,0.6209,0.087,34,1,0.68,true,108067,2023-12-24 14:15,0.6202,1.68,1.68,false,false,BELOW,false
604,2023-12-26 09:45,2023-12-28 12:00,108241,108442,202,0.6081,0.6033,0.794,0,2.552,12.47,UP,1,2,108241,2023-12-26 09:45,0,108242,2023-12-26 10:00,0.6079,0.958,1,-1,0.71,true,108243,2023-12-26 10:15,0.6097,0,0,true,true,ABOVE,false
605,2023-12-28 12:15,2023-12-28 19:45,108443,108473,31,0.6504,0.6447,0.893,0,4.342,14.61,BYPASS,0,0,,,,,,,,,,,,,,,,,,,BELOW,false
606,2023-12-28 20:00,2023-12-29 22:00,108474,108578,105,0.6293,0.6261,0.516,0,2.496,12.11,BYPASS,0,0,,,,,,,,,,,,,,,,,,,BELOW,false
607,2023-12-29 22:15,2023-12-31 22:30,108579,108772,194,0.6026,0.5996,0.5,0,3.782,15.25,UP,1,1,108579,2023-12-29 22:15,0,108579,2023-12-29 22:15,0.5998,0.067,0,-1,4.2,true,108580,2023-12-29 22:30,0.6037,0,0,true,true,OVERLAP,false
608,2023-12-31 22:45,2024-01-04 20:15,108773,109147,375,0.6026,0.5977,0.832,1,8.723,28.31,UP,1,4,108781,2024-01-01 00:45,8,108784,2024-01-01 01:30,0.6015,0.776,11,-1,0.82,true,108785,2024-01-01 01:45,0.6027,1,1.22,true,true,BELOW,false
609,2024-01-04 20:30,2024-01-05 08:45,109148,109197,50,0.5749,0.5718,0.538,0,4.049,11.68,DOWN,1,3,109149,2024-01-04 20:45,1,109151,2024-01-04 21:15,0.5724,0.194,3,1,1.31,true,109152,2024-01-04 21:30,0.5685,0.68,6.28,true,true,BELOW,false
610,2024-01-05 09:00,2024-01-06 05:00,109198,109278,81,0.552,0.5502,0.325,0,4.695,14.51,UP,1,1,109202,2024-01-05 10:00,4,109202,2024-01-05 10:00,0.5518,0.889,4,-1,0.85,true,109203,2024-01-05 10:15,0.5525,2.34,4.67,false,false,BELOW,false
611,2024-01-06 05:15,2024-01-08 06:00,109279,109474,196,0.5299,0.5275,0.461,0,6.029,23.26,DOWN,1,1,109315,2024-01-06 14:15,36,109315,2024-01-06 14:15,0.5275,0,36,-1,1.79,true,109316,2024-01-06 14:30,0.5274,1,1.52,false,true,BELOW,false
612,2024-01-08 06:15,2024-01-08 15:15,109475,109511,37,0.485,0.4823,0.55,0,6.555,16.96,BYPASS,0,0,,,,,,,,,,,,,,,,,,,ABOVE,false
613,2024-01-08 15:30,2024-01-09 12:30,109512,109596,85,0.5102,0.5071,0.606,0,3.177,11.2,UP,1,3,109515,2024-01-08 16:15,3,109517,2024-01-08 16:45,0.5087,0.516,5,1,0.32,true,109518,2024-01-08 17:00,0.5111,0,0,true,true,ABOVE,false
614,2024-01-09 12:45,2024-01-09 23:45,109597,109641,45,0.5236,0.52,0.705,0,11.195,15.49,BYPASS,0,0,,,,,,,,,,,,,,,,,,,BELOW,false
615,2024-01-10 00:00,2024-01-16 14:15,109642,110275,634,0.5123,0.5089,0.657,0,3.708,17.61,UP,1,2,109652,2024-01-10 02:30,10,109653,2024-01-10 02:45,0.511,0.618,11,-1,0.45,true,109654,2024-01-10 03:00,0.5124,0,1.95,true,true,ABOVE,false
616,2024-01-16 14:30,2024-01-18 15:15,110276,110471,196,0.5381,0.5354,0.513,0,4.827,17.21,UP,1,1,110292,2024-01-16 18:30,16,110292,2024-01-16 18:30,0.5368,0.519,16,1,0.55,true,110293,2024-01-16 18:45,0.5395,0,0.34,true,true,BELOW,false
617,2024-01-18 15:30,2024-01-18 19:30,110472,110488,17,0.5175,0.5153,0.422,0,7.466,24.26,BYPASS,0,0,,,,,,,,,,,,,,,,,,,BELOW,false
618,2024-01-18 19:45,2024-01-19 23:30,110489,110600,112,0.5094,0.5063,0.621,0,9.756,16.19,BYPASS,0,0,,,,,,,,,,,,,,,,,,,BELOW,false
619,2024-01-19 23:45,2024-01-20 06:30,110601,110628,28,0.5016,0.4999,0.337,0,4.73,13.63,DOWN,1,1,110604,2024-01-20 00:30,3,110604,2024-01-20 00:30,0.5016,1,3,1,1.28,true,110605,2024-01-20 00:45,0.4993,0.18,0.18,true,true,ABOVE,false
620,2024-01-20 06:45,2024-01-22 18:30,110629,110868,240,0.5089,0.5061,0.548,0,2.297,22.98,UP,1,1,110672,2024-01-20 17:30,43,110672,2024-01-20 17:30,0.5073,0.429,43,1,1.84,true,110673,2024-01-20 17:45,0.5096,0,0,true,true,BELOW,false
621,2024-01-22 18:45,2024-01-25 11:15,110869,111127,259,0.4926,0.4891,0.715,0,4.274,12.5,DOWN,1,1,110869,2024-01-22 18:45,0,110869,2024-01-22 18:45,0.4896,0.143,0,-1,3.08,true,110870,2024-01-22 19:00,0.4872,2.56,2.56,false,false,BELOW,false
622,2024-01-25 11:30,2024-01-28 06:45,111128,111397,270,0.4754,0.4729,0.519,0,5.49,21.27,DOWN,1,1,111134,2024-01-25 13:00,6,111134,2024-01-25 13:00,0.4739,0.4,6,1,0.91,true,111135,2024-01-25 13:15,0.4715,1.76,3.07,true,true,ABOVE,false
623,2024-01-28 07:00,2024-01-30 21:30,111398,111648,251,0.4949,0.4936,0.262,0,6.684,11.5,DOWN,1,1,111400,2024-01-28 07:30,2,111400,2024-01-28 07:30,0.4947,0.846,2,1,0.32,true,111401,2024-01-28 07:45,0.4927,0.57,0.57,true,true,ABOVE,false
624,2024-01-30 21:45,2024-02-02 07:45,111649,111881,233,0.5215,0.5191,0.456,0,5.802,14.29,DOWN,1,1,111652,2024-01-30 22:30,3,111652,2024-01-30 22:30,0.5208,0.708,3,-1,0.71,true,111653,2024-01-30 22:45,0.5171,2.64,2.64,true,true,BELOW,false
625,2024-02-02 08:00,2024-02-07 03:15,111882,112343,462,0.5108,0.5099,0.177,0,3.098,11.68,DOWN,1,1,111904,2024-02-02 13:30,22,111904,2024-02-02 13:30,0.51,0.111,22,1,2.51,true,111905,2024-02-02 13:45,0.5085,0.51,0.51,true,true,BELOW,false
626,2024-02-07 03:30,2024-02-07 07:15,112344,112359,16,0.4978,0.4963,0.304,0,8.267,20.89,BYPASS,0,0,,,,,,,,,,,,,,,,,,,BELOW,false
627,2024-02-07 07:30,2024-02-07 14:30,112360,112388,29,0.4903,0.4891,0.247,0,3.808,17.77,BYPASS,0,0,,,,,,,,,,,,,,,,,,,BELOW,false
628,2024-02-07 14:45,2024-02-07 23:45,112389,112425,37,0.4823,0.4808,0.312,0,3.485,14.97,UP,1,2,112389,2024-02-07 14:45,0,112390,2024-02-07 15:00,0.4817,0.6,1,-1,1.09,true,112391,2024-02-07 15:15,0.484,0,0,true,true,ABOVE,false
629,2024-02-08 00:00,2024-02-13 13:15,112426,112959,534,0.5023,0.5013,0.199,0,8.751,27.02,BYPASS,0,0,,,,,,,,,,,,,,,,,,,ABOVE,false
630,2024-02-13 13:30,2024-02-17 14:15,112960,113347,388,0.5533,0.5501,0.587,0,9.921,16.09,DOWN,1,1,113023,2024-02-14 05:15,63,113023,2024-02-14 05:15,0.5501,0,63,-1,1.99,true,113024,2024-02-14 05:30,0.5498,0.27,0.27,true,true,ABOVE,false
631,2024-02-17 14:30,2024-02-17 20:15,113348,113371,24,0.5819,0.5779,0.698,0,6.499,10.22,DOWN,1,3,113351,2024-02-17 15:15,3,113353,2024-02-17 15:45,0.5792,0.325,5,-1,0.51,true,113354,2024-02-17 16:00,0.5773,0.26,0.26,true,true,ABOVE,false
632,2024-02-17 20:30,2024-02-18 19:15,113372,113463,92,0.5891,0.5871,0.336,0,4.978,13.84,BYPASS,0,0,,,,,,,,,,,,,,,,,,,ABOVE,false
633,2024-02-18 19:30,2024-02-26 09:00,113464,114190,727,0.6213,0.6188,0.402,0,2.259,14.56,DOWN,1,1,113465,2024-02-18 19:45,1,113465,2024-02-18 19:45,0.6207,0.76,1,1,0.52,true,113466,2024-02-18 20:00,0.6178,0.82,0.82,true,true,BELOW,false
634,2024-02-26 09:15,2024-02-27 23:45,114191,114345,155,0.5853,0.5828,0.432,0,4.444,10.69,UP,1,1,114205,2024-02-26 12:45,14,114205,2024-02-26 12:45,0.5844,0.64,14,-1,0.94,true,114206,2024-02-26 13:00,0.5862,0.05,0.05,true,true,ABOVE,false
635,2024-02-28 00:00,2024-02-29 20:45,114346,114525,180,0.6251,0.6237,0.223,0,3.732,10.87,UP,1,1,114376,2024-02-28 07:30,30,114376,2024-02-28 07:30,0.6251,1,30,1,2.31,true,114377,2024-02-28 07:45,0.6288,0,0.61,true,true,ABOVE,false
636,2024-02-29 21:00,2024-03-04 05:15,114526,114847,322,0.6798,0.6763,0.523,0,2.835,10.77,UP,1,1,114549,2024-03-01 02:45,23,114549,2024-03-01 02:45,0.6772,0.257,23,-1,0.83,true,114550,2024-03-01 03:00,0.6841,0.96,2.03,false,true,ABOVE,false
637,2024-03-04 05:30,2024-03-10 09:00,114848,115438,591,0.7529,0.7429,1.302,0,3.654,12.6,UP,1,1,115050,2024-03-06 08:00,202,115050,2024-03-06 08:00,0.7497,0.68,202,1,1.84,true,115051,2024-03-06 08:15,0.7533,2.54,5.44,true,true,BELOW,false
638,2024-03-10 09:15,2024-03-10 12:15,115439,115451,13,0.739,0.7366,0.328,0,4.091,17.4,BYPASS,0,0,,,,,,,,,,,,,,,,,,,BELOW,false
639,2024-03-10 12:30,2024-03-10 21:45,115452,115489,38,0.7308,0.7276,0.442,0,5.67,26.65,DOWN,1,1,115454,2024-03-10 13:00,2,115454,2024-03-10 13:00,0.7283,0.219,2,-1,0.82,true,115455,2024-03-10 13:15,0.7272,2.78,2.78,true,true,BELOW,false
640,2024-03-10 22:00,2024-03-13 22:45,115490,115781,292,0.7194,0.7168,0.365,0,4.638,11.07,DOWN,1,2,115497,2024-03-10 23:45,7,115498,2024-03-11 00:00,0.7178,0.385,8,-1,1.66,true,115499,2024-03-11 00:15,0.7119,4.62,4.62,false,false,ABOVE,false
641,2024-03-13 23:00,2024-03-14 06:45,115782,115813,32,0.758,0.755,0.392,0,3.044,11.96,UP,1,2,115789,2024-03-14 00:45,7,115790,2024-03-14 01:00,0.7575,0.833,8,-1,1.27,true,115791,2024-03-14 01:15,0.7587,0.17,1.35,true,true,OVERLAP,false
642,2024-03-14 07:00,2024-03-14 18:30,115814,115860,47,0.7618,0.755,0.887,1,4.244,16.07,UP,1,1,115844,2024-03-14 14:30,30,115844,2024-03-14 14:30,0.7609,0.868,30,1,0.83,true,115845,2024-03-14 14:45,0.7619,2.37,5.43,true,true,BELOW,false
643,2024-03-14 18:45,2024-03-20 11:00,115861,116406,546,0.7482,0.742,0.84,0,3.569,20.22,DOWN,1,4,115867,2024-03-14 20:15,6,115870,2024-03-14 21:00,0.7442,0.355,9,-1,0.53,true,115871,2024-03-14 21:15,0.7414,0.15,6.56,true,true,BELOW,false
644,2024-03-20 11:15,2024-03-23 06:15,116407,116675,269,0.6088,0.6035,0.865,0,1.578,10.04,UP,1,4,116415,2024-03-20 13:15,8,116418,2024-03-20 14:00,0.6075,0.755,11,1,1.18,true,116419,2024-03-20 14:15,0.611,3.68,4.61,true,true,ABOVE,false
645,2024-03-23 06:30,2024-03-26 11:45,116676,116985,310,0.6244,0.6208,0.575,0,4.498,10.44,UP,1,1,116745,2024-03-23 23:45,69,116745,2024-03-23 23:45,0.6235,0.75,69,1,3.23,true,116746,2024-03-24 00:00,0.6256,0,0,true,true,ABOVE,false
646,2024-03-26 12:00,2024-03-30 18:45,116986,117397,412,0.6798,0.6766,0.476,0,5.19,10.84,DOWN,1,1,116988,2024-03-26 12:30,2,116988,2024-03-26 12:30,0.6774,0.25,2,1,0.58,true,116989,2024-03-26 12:45,0.6758,3.49,3.59,false,false,BELOW,false
647,2024-03-30 19:00,2024-04-01 05:15,117398,117535,138,0.6498,0.6482,0.247,0,6.667,18.33,UP,1,2,117399,2024-03-30 19:15,1,117400,2024-03-30 19:30,0.6498,1,2,-1,0.8,true,117401,2024-03-30 19:45,0.651,0.79,0.97,true,true,BELOW,false
648,2024-04-01 05:30,2024-04-01 11:45,117536,117561,26,0.647,0.6442,0.438,0,4.238,10.3,BYPASS,0,0,,,,,,,,,,,,,,,,,,,BELOW,false
649,2024-04-01 12:00,2024-04-05 05:00,117562,117918,357,0.63,0.6277,0.368,0,5.41,20.73,DOWN,1,1,117565,2024-04-01 12:45,3,117565,2024-04-01 12:45,0.6286,0.391,3,-1,0.41,true,117566,2024-04-01 13:00,0.6276,3.57,3.57,true,true,BELOW,false
650,2024-04-05 05:15,2024-04-06 17:30,117919,118064,146,0.5742,0.5691,0.901,0,3.164,11.08,UP,1,10,117920,2024-04-05 05:30,1,117929,2024-04-05 07:45,0.5722,0.608,10,-1,0.55,true,117930,2024-04-05 08:00,0.5748,0.65,1.69,true,true,ABOVE,false
651,2024-04-06 17:45,2024-04-09 11:45,118065,118329,265,0.5856,0.5841,0.257,0,5.298,12.13,DOWN,1,1,118083,2024-04-06 22:15,18,118083,2024-04-06 22:15,0.5841,0,18,1,1.21,true,118084,2024-04-06 22:30,0.5833,0.34,0.34,true,true,ABOVE,false
652,2024-04-09 12:00,2024-04-11 11:15,118330,118519,190,0.6124,0.609,0.55,0,4.926,13.5,BYPASS,0,0,,,,,,,,,,,,,,,,,,,BELOW,false
653,2024-04-11 11:30,2024-04-12 06:30,118520,118596,77,0.5874,0.5863,0.188,0,5.2,14.03,UP,1,1,118525,2024-04-11 12:45,5,118525,2024-04-11 12:45,0.5865,0.182,5,1,1.52,true,118526,2024-04-11 13:00,0.5884,1.72,1.76,true,true,OVERLAP,false
654,2024-04-12 06:45,2024-04-12 15:45,118597,118633,37,0.5874,0.5855,0.326,1,6.002,10.7,UP,1,2,118604,2024-04-12 08:30,7,118605,2024-04-12 08:45,0.5863,0.421,8,1,1.3,true,118606,2024-04-12 09:00,0.5877,0.39,4.08,true,true,BELOW,false
655,2024-04-12 16:00,2024-04-12 17:00,118634,118638,5,0.5655,0.5639,0.285,0,2.757,12.28,BYPASS,0,0,,,,,,,,,,,,,,,,,,,BELOW,false
656,2024-04-12 17:15,2024-04-13 15:45,118639,118729,91,0.56,0.556,0.766,0,13.697,14.78,BYPASS,0,0,,,,,,,,,,,,,,,,,,,BELOW,false
657,2024-04-13 16:00,2024-04-13 19:30,118730,118744,15,0.5073,0.5024,0.982,0,5.338,10.07,BYPASS,0,0,,,,,,,,,,,,,,,,,,,BELOW,false
658,2024-04-13 19:45,2024-04-14 21:45,118745,118849,105,0.4804,0.4726,1.731,0,7.455,25.07,DOWN,1,3,118794,2024-04-14 08:00,49,118796,2024-04-14 08:30,0.4744,0.231,51,-1,0.62,true,118797,2024-04-14 08:45,0.472,1.59,5.16,false,false,BELOW,false
659,2024-04-14 22:00,2024-04-16 10:00,118850,118994,145,0.4463,0.4423,0.865,0,13.371,32.97,UP,1,1,118933,2024-04-15 18:45,83,118933,2024-04-15 18:45,0.4438,0.375,83,-1,0.96,true,118934,2024-04-15 19:00,0.4482,0,0,true,true,ABOVE,false
660,2024-04-16 10:15,2024-04-19 22:45,118995,119333,339,0.4686,0.4646,0.881,0,3.14,13.01,DOWN,1,1,119001,2024-04-16 11:45,6,119001,2024-04-16 11:45,0.4646,0,6,-1,1.14,true,119002,2024-04-16 12:00,0.4607,3.27,5.51,false,false,ABOVE,false
661,2024-04-19 23:00,2024-04-24 12:45,119334,119773,440,0.4733,0.4707,0.558,0,9.109,10.17,DOWN,1,1,119338,2024-04-20 00:00,4,119338,2024-04-20 00:00,0.4713,0.231,4,1,1.61,true,119339,2024-04-20 00:15,0.4702,1.42,1.42,true,true,ABOVE,false
662,2024-04-24 13:00,2024-04-24 18:30,119774,119796,23,0.4979,0.4963,0.323,0,3.017,12.6,BYPASS,0,0,,,,,,,,,,,,,,,,,,,BELOW,false
663,2024-04-24 18:45,2024-04-25 07:15,119797,119847,51,0.4804,0.4785,0.399,0,2.747,10.44,DOWN,1,1,119799,2024-04-24 19:15,2,119799,2024-04-24 19:15,0.48,0.789,2,-1,0.47,true,119800,2024-04-24 19:30,0.4779,0.88,2.19,true,true,BELOW,false
664,2024-04-25 07:30,2024-05-01 06:45,119848,120421,574,0.4774,0.4753,0.445,0,1.599,14.03,DOWN,1,1,119900,2024-04-25 20:30,52,119900,2024-04-25 20:30,0.4758,0.238,52,-1,0.51,true,119901,2024-04-25 20:45,0.4748,0.95,2.99,true,true,BELOW,false
665,2024-05-01 07:00,2024-05-08 14:15,120422,121123,702,0.44,0.4363,0.861,0,8.542,18.52,UP,1,2,120443,2024-05-01 12:15,21,120444,2024-05-01 12:30,0.4396,0.892,22,-1,0.54,true,120445,2024-05-01 12:45,0.4418,0.3,1.7,true,true,ABOVE,false
666,2024-05-08 14:30,2024-05-09 21:45,121124,121249,126,0.4451,0.443,0.466,0,6.374,10.67,BYPASS,0,0,,,,,,,,,,,,,,,,,,,ABOVE,false
667,2024-05-09 22:00,2024-05-13 11:45,121250,121593,344,0.4588,0.4572,0.348,0,3.12,10.09,DOWN,1,1,121315,2024-05-10 14:15,65,121315,2024-05-10 14:15,0.4574,0.125,65,1,4.04,true,121316,2024-05-10 14:30,0.4543,3.15,3.15,false,false,BELOW,false
668,2024-05-13 12:00,2024-05-15 12:15,121594,121787,194,0.4486,0.4474,0.271,0,6.376,11.19,DOWN,1,1,121613,2024-05-13 16:45,19,121613,2024-05-13 16:45,0.4474,0,19,1,0.51,true,121614,2024-05-13 17:00,0.444,2.01,2.73,false,false,BELOW,false
669,2024-05-15 12:30,2024-05-17 04:15,121788,121947,160,0.432,0.4298,0.501,0,14.208,26.78,BYPASS,0,0,,,,,,,,,,,,,,,,,,,ABOVE,false
670,2024-05-17 04:30,2024-05-20 19:00,121948,122294,347,0.4619,0.4606,0.28,0,6.82,13.09,BYPASS,0,0,,,,,,,,,,,,,,,,,,,ABOVE,false
671,2024-05-20 19:15,2024-05-22 07:45,122295,122441,147,0.4708,0.4687,0.436,0,5.863,14.62,BYPASS,0,0,,,,,,,,,,,,,,,,,,,ABOVE,false
672,2024-05-22 08:00,2024-05-22 23:45,122442,122505,64,0.4914,0.4903,0.225,0,5.005,12.77,BYPASS,0,0,,,,,,,,,,,,,,,,,,,BELOW,false
673,2024-05-23 00:00,2024-05-23 12:30,122506,122556,51,0.4838,0.4831,0.144,0,3.893,14.62,UP,1,1,122507,2024-05-23 00:15,1,122507,2024-05-23 00:15,0.4836,0.714,1,-1,0.78,true,122508,2024-05-23 00:30,0.485,0.37,0.37,true,true,ABOVE,false
674,2024-05-23 12:45,2024-05-23 19:45,122557,122585,29,0.489,0.4861,0.607,0,5.921,10.07,BYPASS,0,0,,,,,,,,,,,,,,,,,,,BELOW,false
675,2024-05-23 20:00,2024-05-27 19:30,122586,122968,383,0.4614,0.4593,0.465,0,24.297,23.33,UP,1,1,122591,2024-05-23 21:15,5,122591,2024-05-23 21:15,0.4613,0.952,5,-1,1.89,true,122592,2024-05-23 21:30,0.466,0,0,true,true,ABOVE,false
676,2024-05-27 19:45,2024-05-28 18:15,122969,123059,91,0.4702,0.4688,0.301,0,8.656,19.83,DOWN,1,1,122974,2024-05-27 21:00,5,122974,2024-05-27 21:00,0.4689,0.071,5,1,0.47,true,122975,2024-05-27 21:15,0.4674,0.73,2.03,true,true,BELOW,false
677,2024-05-28 18:30,2024-05-30 05:45,123060,123201,142,0.4587,0.4571,0.353,0,3.042,11,UP,1,10,123062,2024-05-28 19:00,2,123071,2024-05-28 21:15,0.4584,0.812,11,-1,0.37,true,123072,2024-05-28 21:30,0.459,0.11,0.11,true,true,BELOW,false
678,2024-05-30 06:00,2024-05-30 11:15,123202,123223,22,0.4527,0.452,0.156,0,10.33,13.06,DOWN,1,2,123220,2024-05-30 10:30,18,123221,2024-05-30 10:45,0.4523,0.429,19,-1,0.33,true,123222,2024-05-30 11:00,0.4519,1.04,1.17,true,true,OVERLAP,false
679,2024-05-30 11:30,2024-06-04 03:45,123224,123673,450,0.453,0.4514,0.356,1,5.963,22.82,DOWN,1,1,123230,2024-05-30 13:00,6,123230,2024-05-30 13:00,0.4515,0.062,6,-1,0.51,true,123231,2024-05-30 13:15,0.451,1.04,1.04,false,true,ABOVE,false
680,2024-06-04 04:00,2024-06-06 18:45,123674,123925,252,0.4614,0.4607,0.152,0,6.287,23.8,DOWN,1,1,123674,2024-06-04 04:00,0,123674,2024-06-04 04:00,0.4607,0,0,1,2.24,true,123675,2024-06-04 04:15,0.4594,1.11,1.71,false,false,BELOW,false
681,2024-06-06 19:00,2024-06-06 23:00,123926,123942,17,0.4587,0.4581,0.131,0,10.718,15.62,BYPASS,0,0,,,,,,,,,,,,,,,,,,,BELOW,false
682,2024-06-06 23:15,2024-06-07 17:45,123943,124017,75,0.4576,0.4567,0.196,0,4.49,15.71,UP,1,1,123956,2024-06-07 02:30,13,123956,2024-06-07 02:30,0.4574,0.778,13,-1,0.82,true,123957,2024-06-07 02:45,0.4588,0,0,true,true,ABOVE,false
683,2024-06-07 18:00,2024-06-09 23:45,124018,124233,216,0.4737,0.4676,1.42,0,16.743,26.96,BYPASS,0,0,,,,,,,,,,,,,,,,,,,BELOW,false
684,2024-06-10 00:00,2024-06-10 13:15,124234,124287,54,0.4443,0.4437,0.136,0,7.181,12.63,DOWN,1,1,124240,2024-06-10 01:30,6,124240,2024-06-10 01:30,0.444,0.5,6,1,1.1,true,124241,2024-06-10 01:45,0.4436,0.74,1.98,true,true,OVERLAP,false
685,2024-06-10 13:30,2024-06-11 01:30,124288,124336,49,0.4447,0.4432,0.34,1,4.282,19.56,UP,1,1,124294,2024-06-10 15:00,6,124294,2024-06-10 15:00,0.4443,0.733,6,1,0.79,true,124295,2024-06-10 15:15,0.4453,0.14,1.33,true,true,BELOW,false
686,2024-06-11 01:45,2024-06-11 06:30,124337,124356,20,0.4421,0.4407,0.323,0,19.027,23.72,BYPASS,0,0,,,,,,,,,,,,,,,,,,,BELOW,false
687,2024-06-11 06:45,2024-06-11 12:45,124357,124381,25,0.432,0.4305,0.349,0,7.07,11.68,DOWN,1,2,124358,2024-06-11 07:00,1,124359,2024-06-11 07:15,0.4316,0.733,2,-1,0.58,true,124360,2024-06-11 07:30,0.4303,0.44,1.63,true,true,BELOW,false
688,2024-06-11 13:00,2024-06-12 12:15,124382,124475,94,0.4298,0.4281,0.396,0,4.724,16.12,DOWN,1,2,124382,2024-06-11 13:00,0,124383,2024-06-11 13:15,0.429,0.529,1,-1,1.55,true,124384,2024-06-11 13:30,0.4249,3.92,3.92,false,false,BELOW,false
689,2024-06-12 12:30,2024-06-12 17:45,124476,124497,22,0.4276,0.4255,0.481,0,15.724,30.61,BYPASS,0,0,,,,,,,,,,,,,,,,,,,ABOVE,false
690,2024-06-12 18:00,2024-06-15 14:15,124498,124771,274,0.4445,0.4417,0.637,0,12.992,31.36,DOWN,1,1,124499,2024-06-12 18:15,1,124499,2024-06-12 18:15,0.4421,0.143,1,1,1.64,true,124500,2024-06-12 18:30,0.4414,2.38,2.38,true,true,BELOW,false
691,2024-06-15 14:30,2024-06-16 21:45,124772,124897,126,0.4118,0.4104,0.34,0,5.618,20.63,UP,1,2,124772,2024-06-15 14:30,0,124773,2024-06-15 14:45,0.4113,0.643,1,-1,1.05,true,124774,2024-06-15 15:00,0.4122,0,0,true,true,ABOVE,false
692,2024-06-16 22:00,2024-06-17 21:45,124898,124993,96,0.4161,0.4154,0.167,0,7.105,18.2,UP,1,2,124903,2024-06-16 23:15,5,124904,2024-06-16 23:30,0.416,0.857,6,1,0.6,true,124905,2024-06-16 23:45,0.4166,0.51,1.23,true,true,BELOW,false
693,2024-06-17 22:00,2024-06-18 01:00,124994,125006,13,0.4086,0.4077,0.222,0,7.196,10.57,BYPASS,0,0,,,,,,,,,,,,,,,,,,,BELOW,false
694,2024-06-18 01:15,2024-06-20 19:30,125007,125272,266,0.4003,0.3966,0.951,0,5.89,12.37,DOWN,1,1,125238,2024-06-20 11:00,231,125238,2024-06-20 11:00,0.3968,0.054,231,1,2.03,true,125239,2024-06-20 11:15,0.3963,2.6,4.99,false,false,BELOW,false
695,2024-06-20 19:45,2024-06-21 07:30,125273,125320,48,0.3875,0.3866,0.232,0,9.065,17.11,DOWN,1,2,125273,2024-06-20 19:45,0,125274,2024-06-20 20:00,0.387,0.444,1,-1,0.4,true,125275,2024-06-20 20:15,0.386,0.54,1.45,true,true,OVERLAP,false
696,2024-06-21 07:45,2024-06-22 13:15,125321,125439,119,0.3887,0.3866,0.544,1,2.847,10.99,BYPASS,0,0,,,,,,,,,,,,,,,,,,,BELOW,false
697,2024-06-22 13:30,2024-06-23 03:30,125440,125496,57,0.3798,0.3787,0.285,0,12.6,25.05,BYPASS,0,0,,,,,,,,,,,,,,,,,,,ABOVE,false
698,2024-06-23 03:45,2024-06-24 09:15,125497,125615,119,0.3876,0.3862,0.36,0,6.985,27.43,DOWN,1,8,125527,2024-06-23 11:15,30,125534,2024-06-23 13:00,0.387,0.571,37,1,0.72,true,125535,2024-06-23 13:15,0.3857,0.41,0.88,true,true,BELOW,false
699,2024-06-24 09:30,2024-06-26 11:45,125616,125817,202,0.3753,0.3728,0.679,0,11.822,30,DOWN,1,5,125617,2024-06-24 09:45,1,125621,2024-06-24 10:45,0.3741,0.52,5,-1,0.55,true,125622,2024-06-24 11:00,0.3727,0.48,1.45,true,true,ABOVE,false
700,2024-06-26 12:00,2024-06-28 07:00,125818,125990,173,0.3883,0.3874,0.229,0,16.931,11.16,UP,1,1,125831,2024-06-26 15:15,13,125831,2024-06-26 15:15,0.388,0.667,13,-1,3.38,true,125832,2024-06-26 15:30,0.3887,1.5,1.5,true,true,OVERLAP,false
701,2024-06-28 07:15,2024-06-28 12:15,125991,126011,21,0.3884,0.3874,0.259,1,8.951,14.79,UP,1,2,126001,2024-06-28 09:45,10,126002,2024-06-28 10:00,0.388,0.6,11,-1,0.85,true,126003,2024-06-28 10:15,0.3893,0,0.54,true,true,ABOVE,false
702,2024-06-28 12:30,2024-06-29 11:15,126012,126103,92,0.3921,0.3907,0.358,0,4.14,11.83,DOWN,1,1,126012,2024-06-28 12:30,0,126012,2024-06-28 12:30,0.3911,0.286,0,-1,4.51,true,126013,2024-06-28 12:45,0.39,1.38,1.38,true,true,ABOVE,false
703,2024-06-29 11:30,2024-07-01 00:45,126104,126253,150,0.396,0.3954,0.151,0,4.403,13.57,BYPASS,0,0,,,,,,,,,,,,,,,,,,,BELOW,false
704,2024-07-01 01:00,2024-07-04 21:45,126254,126625,372,0.3938,0.3927,0.277,0,5.893,14.19,UP,1,1,126546,2024-07-04 02:00,292,126546,2024-07-04 02:00,0.3934,0.636,292,-1,4.29,true,126547,2024-07-04 02:15,0.3959,0,0.94,true,true,BELOW,false
705,2024-07-04 22:00,2024-07-07 20:45,126626,126909,284,0.3787,0.3776,0.292,0,3.751,12.89,BYPASS,0,0,,,,,,,,,,,,,,,,,,,BELOW,false
706,2024-07-07 21:00,2024-07-10 03:45,126910,127129,220,0.3572,0.3554,0.512,0,3.061,12.42,BYPASS,0,0,,,,,,,,,,,,,,,,,,,ABOVE,false
707,2024-07-10 04:00,2024-07-12 12:15,127130,127355,226,0.3782,0.3773,0.236,0,8.569,22.43,BYPASS,0,0,,,,,,,,,,,,,,,,,,,ABOVE,false
708,2024-07-12 12:30,2024-07-15 21:45,127356,127681,326,0.402,0.3986,0.849,0,2.473,12.55,UP,1,1,127356,2024-07-12 12:30,0,127356,2024-07-12 12:30,0.4006,0.588,0,1,3.81,false,127357,2024-07-12 12:45,0.4034,0,0,true,true,ABOVE,false
709,2024-07-15 22:00,2024-07-16 06:30,127682,127716,35,0.4384,0.4364,0.455,0,3.129,11.12,UP,1,2,127713,2024-07-16 05:45,31,127714,2024-07-16 06:00,0.4381,0.85,32,1,0.69,true,127715,2024-07-16 06:15,0.4396,2.34,2.34,false,false,OVERLAP,false
710,2024-07-16 06:45,2024-07-16 13:15,127717,127743,27,0.4397,0.4362,0.813,1,5.833,12.57,BYPASS,0,0,,,,,,,,,,,,,,,,,,,BELOW,false
711,2024-07-16 13:30,2024-07-17 20:45,127744,127869,126,0.4331,0.4303,0.644,0,6.161,17.69,BYPASS,0,0,,,,,,,,,,,,,,,,,,,ABOVE,false
712,2024-07-17 21:00,2024-07-17 23:30,127870,127880,11,0.4435,0.4417,0.41,0,2.453,12.07,BYPASS,0,0,,,,,,,,,,,,,,,,,,,BELOW,false
713,2024-07-17 23:45,2024-07-19 18:45,127881,128053,173,0.439,0.4377,0.298,0,3.03,11.96,UP,1,1,127883,2024-07-18 00:15,2,127883,2024-07-18 00:15,0.439,1,2,-1,0.98,true,127884,2024-07-18 00:30,0.4413,0.14,0.78,true,true,BELOW,false
714,2024-07-19 19:00,2024-07-20 20:45,128054,128157,104,0.4359,0.4346,0.297,0,5.225,19.94,UP,1,2,128076,2024-07-20 00:30,22,128077,2024-07-20 00:45,0.4353,0.538,23,1,0.99,true,128078,2024-07-20 01:00,0.4362,0.09,0.09,true,true,ABOVE,false
715,2024-07-20 21:00,2024-07-21 16:30,128158,128236,79,0.4377,0.4365,0.276,0,4.24,20.39,UP,1,1,128161,2024-07-20 21:45,3,128161,2024-07-20 21:45,0.4372,0.583,3,-1,0.54,true,128162,2024-07-20 22:00,0.4381,0.34,0.66,true,true,BELOW,false
716,2024-07-21 16:45,2024-07-21 17:30,128237,128240,4,0.4301,0.4288,0.3,0,4.412,13.39,BYPASS,0,0,,,,,,,,,,,,,,,,,,,ABOVE,false
717,2024-07-21 17:45,2024-07-24 15:00,128241,128518,278,0.4323,0.4314,0.211,0,15.576,10.94,UP,1,1,128288,2024-07-22 05:30,47,128288,2024-07-22 05:30,0.4322,0.889,47,1,1.62,true,128289,2024-07-22 05:45,0.4324,0.63,0.63,true,true,BELOW,false
718,2024-07-24 15:15,2024-07-25 00:45,128519,128557,39,0.4183,0.4164,0.458,0,3.251,11.86,BYPASS,0,0,,,,,,,,,,,,,,,,,,,BELOW,false
719,2024-07-25 01:00,2024-07-26 18:45,128558,128725,168,0.4077,0.4059,0.454,0,20.842,35.73,UP,1,1,128662,2024-07-26 03:00,104,128662,2024-07-26 03:00,0.4075,0.889,104,1,1.46,true,128663,2024-07-26 03:15,0.4085,0.15,0.15,true,true,ABOVE,false
720,2024-07-26 19:00,2024-07-28 23:45,128726,128937,212,0.4158,0.4145,0.311,0,3.615,10.61,UP,1,3,128732,2024-07-26 20:30,6,128734,2024-07-26 21:00,0.4153,0.615,8,1,0.84,true,128735,2024-07-26 21:15,0.4164,0,0.36,true,true,BELOW,false
721,2024-07-29 00:00,2024-08-02 09:45,128938,129361,424,0.4072,0.4066,0.147,0,6.569,10.85,UP,1,1,129005,2024-07-29 16:45,67,129005,2024-07-29 16:45,0.4071,0.833,67,-1,0.82,true,129006,2024-07-29 17:00,0.4122,0,0.74,true,true,BELOW,false
722,2024-08-02 10:00,2024-08-04 13:45,129362,129569,208,0.388,0.3862,0.469,0,2.48,12.43,BYPASS,0,0,,,,,,,,,,,,,,,,,,,BELOW,false
723,2024-08-04 14:00,2024-08-05 04:45,129570,129629,60,0.3582,0.357,0.339,0,4.178,11.64,BYPASS,0,0,,,,,,,,,,,,,,,,,,,BELOW,false
724,2024-08-05 05:00,2024-08-08 12:15,129630,129947,318,0.3103,0.3066,1.219,0,3.777,12.84,DOWN,1,2,129631,2024-08-05 05:15,1,129632,2024-08-05 05:30,0.3083,0.459,2,-1,0.59,true,129633,2024-08-05 05:45,0.3034,10.31,10.31,true,true,ABOVE,false
725,2024-08-08 12:30,2024-08-14 12:15,129948,130523,576,0.3321,0.331,0.327,0,5.629,13.17,UP,1,1,129953,2024-08-08 13:45,5,129953,2024-08-08 13:45,0.331,0,5,1,3.27,true,129954,2024-08-08 14:00,0.3331,0,0,true,true,ABOVE,false
726,2024-08-14 12:30,2024-08-14 21:45,130524,130561,38,0.3438,0.3407,0.899,0,8.343,19.33,DOWN,1,3,130525,2024-08-14 12:45,1,130527,2024-08-14 13:15,0.3414,0.226,3,1,0.74,true,130528,2024-08-14 13:30,0.337,2.99,2.99,false,false,BELOW,false
727,2024-08-14 22:00,2024-08-16 07:00,130562,130694,133,0.3349,0.3338,0.33,0,5.199,23.94,UP,1,1,130564,2024-08-14 22:30,2,130564,2024-08-14 22:30,0.3346,0.727,2,-1,1.11,true,130565,2024-08-14 22:45,0.3354,0,0,true,true,BELOW,false
728,2024-08-16 07:15,2024-08-17 20:45,130695,130845,151,0.3283,0.3266,0.511,0,8.383,15.93,UP,1,1,130717,2024-08-16 12:45,22,130717,2024-08-16 12:45,0.3282,0.941,22,1,0.88,true,130718,2024-08-16 13:00,0.3284,1.29,1.93,true,true,ABOVE,false
729,2024-08-17 21:00,2024-08-18 12:15,130846,130907,62,0.3342,0.3333,0.269,0,6.174,15.18,UP,1,1,130866,2024-08-18 02:00,20,130866,2024-08-18 02:00,0.3342,1,20,1,1.44,true,130867,2024-08-18 02:15,0.3348,0.21,0.24,true,true,ABOVE,false
730,2024-08-18 12:30,2024-08-19 09:30,130908,130992,85,0.3382,0.3368,0.413,0,4.577,12.61,UP,1,6,130913,2024-08-18 13:45,5,130918,2024-08-18 15:00,0.3377,0.643,10,1,0.91,true,130919,2024-08-18 15:15,0.3386,0.36,0.36,true,true,BELOW,false
731,2024-08-19 09:45,2024-08-21 16:30,130993,131212,220,0.3341,0.3331,0.303,0,4.101,13.31,UP,1,1,131023,2024-08-19 17:15,30,131023,2024-08-19 17:15,0.3336,0.5,30,-1,1.02,true,131024,2024-08-19 17:30,0.3352,0,0,true,true,ABOVE,false
732,2024-08-21 16:45,2024-08-22 02:30,131213,131252,40,0.3597,0.3584,0.358,0,3.249,14.15,BYPASS,0,0,,,,,,,,,,,,,,,,,,,ABOVE,false
733,2024-08-22 02:45,2024-08-23 06:30,131253,131364,112,0.3711,0.369,0.57,0,4.388,11.95,DOWN,1,2,131257,2024-08-22 03:45,4,131258,2024-08-22 04:00,0.3695,0.238,5,1,0.45,true,131259,2024-08-22 04:15,0.368,1.22,1.36,false,true,ABOVE,false
734,2024-08-23 06:45,2024-08-23 12:15,131365,131387,23,0.3751,0.3736,0.393,0,10.577,19.53,BYPASS,0,0,,,,,,,,,,,,,,,,,,,ABOVE,false
735,2024-08-23 12:30,2024-08-26 05:45,131388,131649,262,0.382,0.3805,0.398,0,7.274,10.54,DOWN,1,1,131395,2024-08-23 14:15,7,131395,2024-08-23 14:15,0.3815,0.667,7,1,4.34,true,131396,2024-08-23 14:30,0.38,1.76,1.76,true,true,ABOVE,false
736,2024-08-26 06:00,2024-08-27 01:45,131650,131729,80,0.3842,0.3833,0.237,0,10.812,17.88,BYPASS,0,0,,,,,,,,,,,,,,,,,,,BELOW,false
737,2024-08-27 02:00,2024-08-30 10:45,131730,132053,324,0.3701,0.3688,0.353,0,6.706,12.76,UP,1,1,131742,2024-08-27 05:00,12,131742,2024-08-27 05:00,0.3697,0.692,12,-1,0.72,true,131743,2024-08-27 05:15,0.3704,0.38,2.39,true,true,BELOW,false
738,2024-08-30 11:00,2024-08-31 08:30,132054,132140,87,0.3585,0.3576,0.255,0,17.031,62.69,BYPASS,0,0,,,,,,,,,,,,,,,,,,,BELOW,false
739,2024-08-31 08:45,2024-09-03 13:15,132141,132447,307,0.348,0.3475,0.145,0,3.604,12.29,UP,1,1,132149,2024-08-31 10:45,8,132149,2024-08-31 10:45,0.3475,0,8,-1,0.75,true,132150,2024-08-31 11:00,0.3481,0.06,0.17,true,true,BELOW,false
740,2024-09-03 13:30,2024-09-03 23:30,132448,132488,41,0.3312,0.3292,0.615,0,9.101,32.36,BYPASS,0,0,,,,,,,,,,,,,,,,,,,BELOW,false
741,2024-09-03 23:45,2024-09-04 07:00,132489,132518,30,0.3208,0.3199,0.283,0,9.125,16.39,BYPASS,0,0,,,,,,,,,,,,,,,,,,,BELOW,false
742,2024-09-04 07:15,2024-09-05 05:45,132519,132609,91,0.3164,0.3144,0.627,0,4.805,12.61,UP,1,1,132535,2024-09-04 11:15,16,132535,2024-09-04 11:15,0.3163,0.95,16,-1,4.91,true,132536,2024-09-04 11:30,0.3184,0,0,true,true,ABOVE,false
743,2024-09-05 06:00,2024-09-06 07:00,132610,132710,101,0.3219,0.321,0.279,0,3.861,15.04,UP,1,3,132611,2024-09-05 06:15,1,132613,2024-09-05 06:45,0.3219,1,3,1,0.82,true,132614,2024-09-05 07:00,0.3229,0,0,true,true,ABOVE,false
744,2024-09-06 07:15,2024-09-06 12:15,132711,132731,21,0.3251,0.3232,0.594,0,5.917,12.5,BYPASS,0,0,,,,,,,,,,,,,,,,,,,BELOW,false
745,2024-09-06 12:30,2024-09-11 12:15,132732,133211,480,0.3215,0.3191,0.741,0,6.146,11.11,DOWN,1,2,132736,2024-09-06 13:30,4,132737,2024-09-06 13:45,0.3203,0.5,5,-1,1.93,true,132738,2024-09-06 14:00,0.3159,1.85,2.6,false,false,ABOVE,false
746,2024-09-11 12:30,2024-09-14 17:45,133212,133521,310,0.3371,0.3355,0.477,0,2.877,11.52,DOWN,1,1,133216,2024-09-11 13:30,4,133216,2024-09-11 13:30,0.3357,0.125,4,-1,3.7,true,133217,2024-09-11 13:45,0.331,1.73,1.73,true,true,ABOVE,false
747,2024-09-14 18:00,2024-09-15 10:45,133522,133589,68,0.3537,0.3531,0.17,0,10.649,18.23,DOWN,1,4,133525,2024-09-14 18:45,3,133528,2024-09-14 19:30,0.3534,0.5,6,-1,0.39,true,133529,2024-09-14 19:45,0.3526,0.23,0.37,true,true,BELOW,false
748,2024-09-15 11:00,2024-09-21 14:45,133590,134181,592,0.3518,0.3506,0.344,0,4.809,12.22,DOWN,1,2,133982,2024-09-19 13:00,392,133983,2024-09-19 13:15,0.3507,0.083,393,1,1.58,true,133984,2024-09-19 13:30,0.3492,0.51,0.51,true,true,ABOVE,false
749,2024-09-21 15:00,2024-09-28 05:00,134182,134814,633,0.3574,0.3567,0.198,0,5.122,13.2,DOWN,1,1,134192,2024-09-21 17:30,10,134192,2024-09-21 17:30,0.3569,0.286,10,1,1.35,true,134193,2024-09-21 17:45,0.3566,0.17,0.34,true,true,ABOVE,false
750,2024-09-28 05:15,2024-10-04 12:15,134815,135419,605,0.4031,0.402,0.275,0,3.26,13.84,UP,1,1,134851,2024-09-28 14:15,36,134851,2024-09-28 14:15,0.4025,0.455,36,-1,1.86,true,134852,2024-09-28 14:30,0.4032,0.25,0.45,true,true,BELOW,false
751,2024-10-04 12:30,2024-10-07 21:45,135420,135745,326,0.3544,0.3523,0.598,0,3.208,18.71,DOWN,1,1,135422,2024-10-04 13:00,2,135422,2024-10-04 13:00,0.3541,0.857,2,1,1.67,true,135423,2024-10-04 13:15,0.352,1.33,1.33,true,true,ABOVE,false
752,2024-10-07 22:00,2024-10-10 12:15,135746,135995,250,0.3568,0.356,0.225,0,3.52,13.69,DOWN,1,2,135746,2024-10-07 22:00,0,135747,2024-10-07 22:15,0.3566,0.75,1,-1,0.38,true,135748,2024-10-07 22:30,0.3552,1.69,1.69,false,true,BELOW,false
753,2024-10-10 12:30,2024-10-12 21:45,135996,136225,230,0.3386,0.3375,0.328,0,4.739,14.27,DOWN,1,1,136026,2024-10-10 20:00,30,136026,2024-10-10 20:00,0.3375,0,30,-1,0.63,true,136027,2024-10-10 20:15,0.3357,0.56,0.56,true,true,ABOVE,false
754,2024-10-12 22:00,2024-10-19 11:15,136226,136855,630,0.3532,0.3526,0.17,0,4.623,10.49,UP,1,3,136226,2024-10-12 22:00,0,136228,2024-10-12 22:30,0.3531,0.833,2,1,0.59,true,136229,2024-10-12 22:45,0.3534,0,0.37,true,true,ABOVE,false
755,2024-10-19 11:30,2024-10-21 19:30,136856,137080,225,0.3546,0.3541,0.142,0,12.573,16.08,UP,1,1,137067,2024-10-21 16:15,211,137067,2024-10-21 16:15,0.3543,0.4,211,-1,1.22,true,137068,2024-10-21 16:30,0.3553,0,0,true,true,ABOVE,false
756,2024-10-21 19:45,2024-10-25 21:30,137081,137472,392,0.3594,0.3582,0.334,0,2.038,12.27,UP,1,1,137100,2024-10-22 00:30,19,137100,2024-10-22 00:30,0.359,0.667,19,-1,4.27,true,137101,2024-10-22 00:45,0.3615,0,0,true,true,BELOW,false
757,2024-10-25 21:45,2024-10-28 21:45,137473,137761,289,0.3398,0.3379,0.553,0,4.083,11.84,DOWN,1,1,137477,2024-10-25 22:45,4,137477,2024-10-25 22:45,0.338,0.053,4,-1,0.71,true,137478,2024-10-25 23:00,0.3286,7.66,7.66,false,false,ABOVE,false
758,2024-10-28 22:00,2024-10-29 08:15,137762,137803,42,0.3456,0.3448,0.231,0,5.983,10.86,DOWN,1,2,137763,2024-10-28 22:15,1,137764,2024-10-28 22:30,0.3448,0,2,1,0.92,true,137765,2024-10-28 22:45,0.3442,0.64,0.64,true,true,ABOVE,false
759,2024-10-29 08:30,2024-11-05 14:00,137804,138498,695,0.3481,0.3472,0.259,0,6.07,17.5,DOWN,1,1,137804,2024-10-29 08:30,0,137804,2024-10-29 08:30,0.3475,0.333,0,1,3.13,true,137805,2024-10-29 08:45,0.3462,0.55,0.55,true,true,BELOW,false
760,2024-11-05 14:15,2024-11-05 19:30,138499,138520,22,0.3325,0.3317,0.24,0,10.725,28.62,BYPASS,0,0,,,,,,,,,,,,,,,,,,,ABOVE,false
761,2024-11-05 19:45,2024-11-07 05:15,138521,138655,135,0.3357,0.3346,0.334,0,10.581,21.93,DOWN,1,3,138524,2024-11-05 20:30,3,138526,2024-11-05 21:00,0.3354,0.727,5,1,0.52,true,138527,2024-11-05 21:15,0.3342,0.9,0.9,true,true,ABOVE,false
762,2024-11-07 05:30,2024-11-13 13:15,138656,139263,608,0.3729,0.3707,0.595,0,4.545,13.06,DOWN,1,1,138657,2024-11-07 05:45,1,138657,2024-11-07 05:45,0.3711,0.182,1,1,2.85,true,138658,2024-11-07 06:00,0.3705,1.32,1.32,true,true,ABOVE,false
763,2024-11-13 13:30,2024-11-13 18:45,139264,139285,22,0.5448,0.5332,2.066,0,4.485,10.12,BYPASS,0,0,,,,,,,,,,,,,,,,,,,ABOVE,false
764,2024-11-13 19:00,2024-11-14 14:15,139286,139363,78,0.5925,0.5869,0.966,0,2.811,11.89,DOWN,1,1,139331,2024-11-14 06:15,45,139331,2024-11-14 06:15,0.5911,0.75,45,1,4.6,true,139332,2024-11-14 06:30,0.5837,3.53,5.18,false,false,BELOW,false
765,2024-11-14 14:30,2024-11-16 14:45,139364,139557,194,0.5692,0.5632,1.086,0,6.272,10.07,DOWN,1,2,139384,2024-11-14 19:30,20,139385,2024-11-14 19:45,0.5653,0.35,21,-1,0.45,true,139386,2024-11-14 20:00,0.5589,1.3,1.3,true,true,ABOVE,false
766,2024-11-16 15:00,2024-11-19 23:45,139558,139881,324,0.7791,0.7609,2.362,0,6.173,13.26,DOWN,1,2,139558,2024-11-16 15:00,0,139559,2024-11-16 15:15,0.7737,0.703,1,1,1.91,true,139560,2024-11-16 15:30,0.751,3.3,3.3,true,true,BELOW,false
767,2024-11-20 00:00,2024-11-22 21:45,139882,140161,280,0.7402,0.7377,0.331,0,7.173,21.52,BYPASS,0,0,,,,,,,,,,,,,,,,,,,ABOVE,false
768,2024-11-22 22:00,2024-11-24 12:15,140162,140315,154,0.9898,0.9796,1.003,0,5.784,14.98,BYPASS,0,0,,,,,,,,,,,,,,,,,,,ABOVE,false
769,2024-11-24 12:30,2024-11-28 15:00,140316,140710,395,1.0202,1.0061,1.474,0,9.118,12.6,DOWN,1,1,140319,2024-11-24 13:15,3,140319,2024-11-24 13:15,1.0131,0.496,3,-1,1.26,true,140320,2024-11-24 13:30,0.9979,5.42,6.27,false,false,BELOW,false
770,2024-11-28 15:15,2024-11-29 22:45,140711,140837,127,0.9995,0.9901,0.958,0,3.168,10.43,DOWN,1,1,140716,2024-11-28 16:30,5,140716,2024-11-28 16:30,0.9915,0.149,5,-1,0.49,true,140717,2024-11-28 16:45,0.9891,0.09,0.09,true,true,ABOVE,false
771,2024-11-29 23:00,2024-12-03 18:45,140838,141205,368,1.06,1.0546,0.506,0,2.63,13.57,UP,1,2,140844,2024-11-30 00:30,6,140845,2024-11-30 00:45,1.0591,0.833,7,1,1.26,true,140846,2024-11-30 01:00,1.0642,0,0,true,true,ABOVE,false
772,2024-12-03 19:00,2024-12-08 14:30,141206,141668,463,1.2045,1.1979,0.561,0,3.175,20.47,UP,1,3,141211,2024-12-03 20:15,5,141213,2024-12-03 20:45,1.2043,0.97,7,-1,0.58,true,141214,2024-12-03 21:00,1.2202,0.36,1.41,true,true,OVERLAP,false
773,2024-12-08 14:45,2024-12-14 15:45,141669,142249,581,1.2083,1.1979,0.874,1,6.792,21.15,BYPASS,0,0,,,,,,,,,,,,,,,,,,,BELOW,false
774,2024-12-14 16:00,2024-12-15 04:00,142250,142298,49,1.0802,1.0761,0.384,0,3.712,13.46,BYPASS,0,0,,,,,,,,,,,,,,,,,,,BELOW,false
775,2024-12-15 04:15,2024-12-21 15:45,142299,142921,623,1.0666,1.0614,0.484,0,2.71,10.57,DOWN,1,2,142308,2024-12-15 06:30,9,142309,2024-12-15 06:45,1.0615,0.019,10,-1,1.03,true,142310,2024-12-15 07:00,1.0582,2.17,2.17,true,true,BELOW,false
776,2024-12-21 16:00,2024-12-23 13:15,142922,143103,182,0.9246,0.9171,0.818,0,1.674,12.17,DOWN,1,2,142922,2024-12-21 16:00,0,142923,2024-12-21 16:15,0.919,0.253,1,-1,0.62,true,142924,2024-12-21 16:30,0.9044,1.98,3.36,false,false,BELOW,false
777,2024-12-23 13:30,2024-12-27 08:45,143104,143469,366,0.893,0.8889,0.467,0,2.514,10.13,DOWN,1,1,143107,2024-12-23 14:15,3,143107,2024-12-23 14:15,0.8909,0.488,3,-1,0.94,true,143108,2024-12-23 14:30,0.8707,2.92,2.92,false,true,BELOW,false
778,2024-12-27 09:00,2024-12-31 17:15,143470,143887,418,0.8764,0.8711,0.586,0,11.853,17.54,DOWN,1,1,143495,2024-12-27 15:15,25,143495,2024-12-27 15:15,0.8757,0.868,25,1,1.89,true,143496,2024-12-27 15:30,0.8705,0.79,0.79,true,true,BELOW,false
779,2024-12-31 17:30,2025-01-01 03:45,143888,143929,42,0.8663,0.8615,0.566,0,6.307,14.11,BYPASS,0,0,,,,,,,,,,,,,,,,,,,BELOW,false
780,2025-01-01 04:00,2025-01-01 07:15,143930,143943,14,0.853,0.8509,0.246,0,5.466,19.91,DOWN,1,3,143930,2025-01-01 04:00,0,143932,2025-01-01 04:30,0.8513,0.19,2,-1,0.85,true,143933,2025-01-01 04:45,0.8489,0.33,1.55,true,true,ABOVE,false
781,2025-01-01 07:30,2025-01-02 10:15,143944,144051,108,0.8589,0.8563,0.304,0,4.552,14.25,BYPASS,0,0,,,,,,,,,,,,,,,,,,,ABOVE,false
782,2025-01-02 10:30,2025-01-09 10:00,144052,144722,671,0.9525,0.9479,0.478,0,5.069,13.97,UP,1,1,144072,2025-01-02 15:30,20,144072,2025-01-02 15:30,0.9522,0.935,20,1,0.75,true,144073,2025-01-02 15:45,0.955,0.28,0.28,true,true,BELOW,false
783,2025-01-09 10:15,2025-01-09 13:15,144723,144735,13,0.9206,0.9146,0.664,0,3.816,10.64,DOWN,1,1,144727,2025-01-09 11:15,4,144727,2025-01-09 11:15,0.9156,0.167,4,-1,0.74,true,144728,2025-01-09 11:30,0.9101,2.68,3.87,true,true,BELOW,false
784,2025-01-09 13:30,2025-01-10 13:15,144736,144831,96,0.9091,0.9028,0.706,0,2.606,10.03,DOWN,1,1,144759,2025-01-09 19:15,23,144759,2025-01-09 19:15,0.9079,0.81,23,-1,0.43,true,144760,2025-01-09 19:30,0.9014,2.22,2.22,false,true,ABOVE,false
785,2025-01-10 13:30,2025-01-13 14:15,144832,145123,292,0.9597,0.9501,1.044,0,14.884,36.03,DOWN,1,1,144849,2025-01-10 17:45,17,144849,2025-01-10 17:45,0.9551,0.521,17,1,1.01,true,144850,2025-01-10 18:00,0.9479,1.98,2.68,false,false,BELOW,false
786,2025-01-13 14:30,2025-01-13 20:15,145124,145147,24,0.9047,0.8981,0.723,0,11.326,25.4,UP,1,1,145139,2025-01-13 18:15,15,145139,2025-01-13 18:15,0.9016,0.53,15,-1,0.61,true,145140,2025-01-13 18:30,0.9048,0,0,true,true,ABOVE,false
787,2025-01-13 20:30,2025-01-14 13:15,145148,145215,68,0.9145,0.9071,0.801,0,3.104,12.83,BYPASS,0,0,,,,,,,,,,,,,,,,,,,ABOVE,false
788,2025-01-14 13:30,2025-01-20 16:45,145216,145805,590,0.9605,0.9551,0.558,0,4.721,12.89,BYPASS,0,0,,,,,,,,,,,,,,,,,,,ABOVE,false
789,2025-01-20 17:00,2025-01-22 06:45,145806,145957,152,1.0612,1.0513,0.96,0,7.115,17.11,BYPASS,0,0,,,,,,,,,,,,,,,,,,,BELOW,false
790,2025-01-22 07:00,2025-01-22 18:30,145958,146004,47,1.0004,0.9949,0.552,0,6.584,17.34,DOWN,1,1,145958,2025-01-22 07:00,0,145958,2025-01-22 07:00,0.9962,0.236,0,1,6.59,true,145959,2025-01-22 07:15,0.9939,1.72,1.72,false,true,OVERLAP,false
791,2025-01-22 18:45,2025-01-25 22:45,146005,146309,305,1.0004,0.9912,0.938,1,2.782,10.63,UP,1,4,146007,2025-01-22 19:15,2,146010,2025-01-22 20:00,0.9985,0.793,5,1,0.83,true,146011,2025-01-22 20:15,1.003,0.75,3.11,true,true,BELOW,false
792,2025-01-25 23:00,2025-01-27 06:15,146310,146435,126,0.9833,0.9807,0.265,0,3.513,10.56,DOWN,1,1,146310,2025-01-25 23:00,0,146310,2025-01-25 23:00,0.9809,0.077,0,-1,1.79,true,146311,2025-01-25 23:15,0.9806,0.67,0.74,false,true,BELOW,false
793,2025-01-27 06:30,2025-01-27 23:45,146436,146505,70,0.9079,0.9018,0.685,0,2.48,12.28,UP,1,3,146465,2025-01-27 13:45,29,146467,2025-01-27 14:15,0.9057,0.639,31,-1,0.6,true,146468,2025-01-27 14:30,0.9145,0,0.91,true,true,ABOVE,false
794,2025-01-28 00:00,2025-01-29 08:45,146506,146637,132,0.9349,0.9303,0.49,0,3.081,10.22,DOWN,1,2,146507,2025-01-28 00:15,1,146508,2025-01-28 00:30,0.9328,0.543,2,1,0.76,true,146509,2025-01-28 00:45,0.9296,0.67,0.67,true,true,ABOVE,false
795,2025-01-29 09:00,2025-02-02 22:15,146638,147075,438,0.9398,0.9366,0.344,0,4.112,13.98,UP,1,3,146697,2025-01-29 23:45,59,146699,2025-01-30 00:15,0.9388,0.687,61,1,0.27,true,146700,2025-01-30 00:30,0.9421,0,0,true,true,BELOW,false
796,2025-02-02 22:30,2025-02-03 01:30,147076,147088,13,0.8094,0.796,1.729,0,4.415,13.5,DOWN,1,2,147081,2025-02-02 23:45,5,147082,2025-02-03 00:00,0.7968,0.06,6,-1,1.54,true,147083,2025-02-03 00:15,0.7817,36.03,36.03,false,false,BELOW,false
797,2025-02-03 01:45,2025-02-07 19:45,147089,147545,457,0.7494,0.7256,3.798,0,4.13,11.2,UP,1,3,147199,2025-02-04 05:15,110,147201,2025-02-04 05:45,0.7454,0.832,112,1,2,true,147202,2025-02-04 06:00,0.7546,1.5,1.5,true,true,BELOW,false
798,2025-02-07 20:00,2025-02-10 13:30,147546,147808,263,0.7179,0.714,0.555,0,6.815,24.9,BYPASS,0,0,,,,,,,,,,,,,,,,,,,BELOW,false
799,2025-02-10 13:45,2025-02-10 22:00,147809,147842,34,0.701,0.6956,0.758,0,4.329,13.55,UP,1,3,147815,2025-02-10 15:15,6,147817,2025-02-10 15:45,0.6987,0.574,8,1,0.61,true,147818,2025-02-10 16:00,0.7033,0,0,true,true,OVERLAP,false
800,2025-02-10 22:15,2025-02-12 02:30,147843,147956,114,0.7018,0.6956,0.871,1,18.114,48.14,BYPASS,0,0,,,,,,,,,,,,,,,,,,,ABOVE,false
801,2025-02-12 02:45,2025-02-12 13:15,147957,147999,43,0.7698,0.765,0.633,0,3.494,10.5,DOWN,1,1,147960,2025-02-12 03:30,3,147960,2025-02-12 03:30,0.7662,0.25,3,-1,0.76,true,147961,2025-02-12 03:45,0.7633,1.56,1.56,true,true,ABOVE,false
802,2025-02-12 13:30,2025-02-19 14:15,148000,148675,676,0.7988,0.7857,1.714,0,7.351,17.02,DOWN,1,2,148014,2025-02-12 17:00,14,148015,2025-02-12 17:15,0.7922,0.496,15,1,0.49,true,148016,2025-02-12 17:30,0.7838,1.5,1.5,true,true,BELOW,false
803,2025-02-19 14:30,2025-02-21 12:45,148676,148861,186,0.7664,0.7612,0.687,0,4.436,11.72,DOWN,1,1,148680,2025-02-19 15:30,4,148680,2025-02-19 15:30,0.7614,0.038,4,1,1.54,true,148681,2025-02-19 15:45,0.7587,0.37,1.31,true,true,ABOVE,false
804,2025-02-21 13:00,2025-02-24 21:15,148862,149183,322,0.8017,0.7996,0.259,0,4.284,13.84,UP,1,1,148873,2025-02-21 15:45,11,148873,2025-02-21 15:45,0.7999,0.143,11,1,3.61,true,148874,2025-02-21 16:00,0.81,4.39,6.28,true,true,BELOW,false
805,2025-02-24 21:30,2025-02-25 06:45,149184,149221,38,0.7175,0.7125,0.691,0,8.812,17.18,DOWN,1,1,149185,2025-02-24 21:45,1,149185,2025-02-24 21:45,0.7133,0.16,1,-1,1.56,true,149186,2025-02-24 22:00,0.6964,6.68,6.68,false,false,BELOW,false
806,2025-02-25 07:00,2025-02-26 12:30,149222,149340,119,0.6822,0.6737,1.283,0,4.36,10.89,DOWN,1,1,149273,2025-02-25 19:45,51,149273,2025-02-25 19:45,0.6747,0.118,51,-1,1.28,true,149274,2025-02-25 20:00,0.6731,0.37,0.37,true,true,OVERLAP,false
807,2025-02-26 12:45,2025-03-02 15:00,149341,149734,394,0.6822,0.6719,1.542,1,2.945,10.2,UP,1,1,149349,2025-02-26 14:45,8,149349,2025-02-26 14:45,0.6767,0.466,8,1,2.06,true,149350,2025-02-26 15:00,0.6834,1.15,6.13,true,true,BELOW,false
808,2025-03-02 15:15,2025-03-03 21:30,149735,149856,122,0.6492,0.6455,0.501,0,46.69,77.94,BYPASS,0,0,,,,,,,,,,,,,,,,,,,ABOVE,false
809,2025-03-03 21:45,2025-03-04 14:15,149857,149923,67,0.8703,0.8579,1.483,0,2.146,10.39,DOWN,1,4,149861,2025-03-03 22:45,4,149864,2025-03-03 23:30,0.8655,0.613,7,-1,0.22,true,149865,2025-03-03 23:45,0.857,9.94,11.82,false,false,BELOW,false
810,2025-03-04 14:30,2025-03-12 23:15,149924,150727,804,0.8117,0.7972,1.708,0,7.941,24.81,UP,1,1,150242,2025-03-07 22:00,318,150242,2025-03-07 22:00,0.8102,0.897,318,-1,0.88,true,150243,2025-03-07 22:15,0.8135,0,0,true,true,BELOW,false
811,2025-03-12 23:30,2025-03-14 23:15,150728,150919,192,0.7323,0.729,0.45,0,3.041,14.29,UP,1,1,150730,2025-03-13 00:00,2,150730,2025-03-13 00:00,0.7316,0.788,2,1,1.28,true,150731,2025-03-13 00:15,0.7324,0.6,1.89,true,true,ABOVE,false
812,2025-03-14 23:30,2025-03-18 13:15,150920,151263,344,0.7425,0.7399,0.352,0,3.64,12.35,UP,1,3,150922,2025-03-15 00:00,2,150924,2025-03-15 00:30,0.7415,0.615,4,1,0.96,true,150925,2025-03-15 00:45,0.7432,0.36,0.36,true,true,BELOW,false
813,2025-03-18 13:30,2025-03-21 01:30,151264,151504,241,0.7034,0.6991,0.626,0,9.615,14.9,UP,1,5,151302,2025-03-18 23:00,38,151306,2025-03-19 00:00,0.7023,0.744,42,-1,1.28,true,151307,2025-03-19 00:15,0.7065,0,0,true,true,ABOVE,false
814,2025-03-21 01:45,2025-03-28 04:15,151505,152187,683,0.7217,0.7184,0.455,0,4.895,11.92,UP,1,1,151508,2025-03-21 02:30,3,151508,2025-03-21 02:30,0.721,0.788,3,-1,0.46,true,151509,2025-03-21 02:45,0.7223,0.54,1.6,true,true,ABOVE,false
815,2025-03-28 04:30,2025-03-28 16:30,152188,152236,49,0.7312,0.7282,0.42,0,10.682,23.53,BYPASS,0,0,,,,,,,,,,,,,,,,,,,BELOW,false
816,2025-03-28 16:45,2025-03-29 05:45,152237,152289,53,0.6979,0.6952,0.39,0,6.355,14.27,DOWN,1,2,152241,2025-03-28 17:45,4,152242,2025-03-28 18:00,0.6974,0.815,5,-1,0.73,true,152243,2025-03-28 18:15,0.695,0.24,0.24,true,true,BELOW,false
817,2025-03-29 06:00,2025-03-30 13:15,152290,152415,126,0.6948,0.6927,0.306,0,5.275,10.46,BYPASS,0,0,,,,,,,,,,,,,,,,,,,BELOW,false
818,2025-03-30 13:30,2025-04-02 19:45,152416,152729,314,0.6764,0.6727,0.55,0,5.721,13.22,DOWN,1,1,152437,2025-03-30 18:45,21,152437,2025-03-30 18:45,0.673,0.081,21,-1,0.65,true,152438,2025-03-30 19:00,0.6707,1.52,3.95,false,false,ABOVE,false
819,2025-04-02 20:00,2025-04-06 20:15,152730,153115,386,0.6909,0.6859,0.717,0,5.306,10.26,BYPASS,0,0,,,,,,,,,,,,,,,,,,,BELOW,false
820,2025-04-06 20:30,2025-04-09 17:00,153116,153390,275,0.5887,0.5848,0.671,0,5.578,13.14,UP,1,1,153211,2025-04-07 20:15,95,153211,2025-04-07 20:15,0.5869,0.538,95,1,0.58,true,153212,2025-04-07 20:30,0.5915,0.68,0.92,true,true,OVERLAP,false
821,2025-04-09 17:15,2025-04-09 20:15,153391,153403,13,0.5887,0.5773,1.865,1,5.096,13.5,BYPASS,0,0,,,,,,,,,,,,,,,,,,,ABOVE,false
822,2025-04-09 20:30,2025-04-10 10:30,153404,153460,57,0.6345,0.6302,0.678,0,2.363,10.88,UP,1,1,153404,2025-04-09 20:30,0,153404,2025-04-09 20:30,0.6342,0.93,0,1,0.98,true,153405,2025-04-09 20:45,0.6403,0,2.11,true,true,BELOW,false
823,2025-04-10 10:45,2025-04-10 21:45,153461,153505,45,0.6234,0.6204,0.481,0,7.855,16.08,UP,1,1,153466,2025-04-10 12:00,5,153466,2025-04-10 12:00,0.6205,0.033,5,1,1.41,true,153467,2025-04-10 12:15,0.6273,1.87,5.67,true,true,BELOW,false
824,2025-04-10 22:00,2025-04-11 07:45,153506,153545,40,0.6033,0.6008,0.413,0,6.744,11.12,BYPASS,0,0,,,,,,,,,,,,,,,,,,,ABOVE,false
825,2025-04-11 08:00,2025-04-15 13:15,153546,153951,406,0.6296,0.6265,0.495,0,4.282,10.68,DOWN,1,3,153546,2025-04-11 08:00,0,153548,2025-04-11 08:30,0.6279,0.452,2,1,0.98,true,153549,2025-04-11 08:45,0.6263,0.48,1.88,true,true,ABOVE,false
826,2025-04-15 13:30,2025-04-21 21:45,153952,154561,610,0.6364,0.633,0.533,0,4.891,15.93,DOWN,1,1,154299,2025-04-19 04:15,347,154299,2025-04-19 04:15,0.6331,0.029,347,1,0.95,true,154300,2025-04-19 04:30,0.6327,0.81,1.01,true,true,BELOW,false
827,2025-04-21 22:00,2025-04-23 13:15,154562,154719,158,0.6222,0.6201,0.339,0,2.716,11.12,DOWN,1,2,154564,2025-04-21 22:30,2,154565,2025-04-21 22:45,0.6204,0.143,3,-1,0.66,true,154566,2025-04-21 23:00,0.6194,0.85,0.85,true,true,ABOVE,false
828,2025-04-23 13:30,2025-04-23 21:45,154720,154753,34,0.7129,0.7089,0.567,0,4.008,11.38,BYPASS,0,0,,,,,,,,,,,,,,,,,,,BELOW,false
829,2025-04-23 22:00,2025-04-25 05:45,154754,154881,128,0.6977,0.6949,0.403,0,2.611,10.86,UP,1,1,154755,2025-04-23 22:15,1,154755,2025-04-23 22:15,0.6967,0.643,1,1,0.52,true,154756,2025-04-23 22:30,0.6995,0.55,2.24,true,true,ABOVE,false
830,2025-04-25 06:00,2025-04-25 18:15,154882,154931,50,0.7147,0.7127,0.28,0,7.104,17.17,DOWN,1,1,154899,2025-04-25 10:15,17,154899,2025-04-25 10:15,0.7147,1,17,1,1.36,true,154900,2025-04-25 10:30,0.7124,0.29,1.15,true,true,ABOVE,false
831,2025-04-25 18:30,2025-04-25 23:30,154932,154952,21,0.7196,0.7167,0.403,0,22.208,21.33,DOWN,1,1,154933,2025-04-25 18:45,1,154933,2025-04-25 18:45,0.7171,0.138,1,1,0.54,true,154934,2025-04-25 19:00,0.7128,1,1.45,true,true,BELOW,false
832,2025-04-25 23:45,2025-05-04 21:45,154953,155809,857,0.7134,0.7108,0.365,0,5.67,11.48,UP,1,1,154953,2025-04-25 23:45,0,154953,2025-04-25 23:45,0.7131,0.885,0,1,3.17,true,154954,2025-04-26 00:00,0.7164,0,0,true,true,BELOW,false
833,2025-05-04 22:00,2025-05-05 01:15,155810,155823,14,0.6882,0.687,0.176,0,10.199,39.52,BYPASS,0,0,,,,,,,,,,,,,,,,,,,BELOW,false
834,2025-05-05 01:30,2025-05-05 23:45,155824,155913,90,0.6786,0.6748,0.567,0,2.314,11.31,DOWN,1,3,155827,2025-05-05 02:15,3,155829,2025-05-05 02:45,0.676,0.316,5,-1,0.45,true,155830,2025-05-05 03:00,0.6731,0.41,0.41,true,true,BELOW,false
835,2025-05-06 00:00,2025-05-06 06:45,155914,155941,28,0.6639,0.6616,0.348,0,4.592,24.81,DOWN,1,2,155914,2025-05-06 00:00,0,155915,2025-05-06 00:15,0.663,0.609,1,-1,0.78,true,155916,2025-05-06 00:30,0.6588,1.41,1.41,true,true,OVERLAP,false
836,2025-05-06 07:00,2025-05-07 21:45,155942,156097,156,0.6639,0.6608,0.466,1,5.871,14.73,DOWN,1,3,155943,2025-05-06 07:15,1,155945,2025-05-06 07:45,0.6613,0.161,3,-1,1.03,true,155946,2025-05-06 08:00,0.658,1.23,2.83,false,false,ABOVE,false
837,2025-05-07 22:00,2025-05-11 18:15,156098,156467,370,0.6668,0.6645,0.343,0,1.941,11.28,BYPASS,0,0,,,,,,,,,,,,,,,,,,,ABOVE,false
838,2025-05-11 18:30,2025-05-12 06:45,156468,156517,50,0.8027,0.7968,0.73,0,2.875,10.26,UP,1,1,156484,2025-05-11 22:30,16,156484,2025-05-11 22:30,0.8006,0.644,16,-1,0.76,true,156485,2025-05-11 22:45,0.8052,0,0.13,true,true,ABOVE,false
839,2025-05-12 07:00,2025-05-13 12:15,156518,156635,118,0.8188,0.816,0.336,0,11.883,29.94,UP,1,1,156522,2025-05-12 08:00,4,156522,2025-05-12 08:00,0.8176,0.571,4,1,1.82,true,156523,2025-05-12 08:15,0.8192,0,0,true,true,BELOW,false
840,2025-05-13 12:30,2025-05-24 20:45,156636,157725,1090,0.7978,0.7931,0.584,0,3.297,12.82,UP,1,1,156642,2025-05-13 14:00,6,156642,2025-05-13 14:00,0.796,0.617,6,-1,1.81,true,156643,2025-05-13 14:15,0.7995,0.35,0.35,true,true,BELOW,false
841,2025-05-24 21:00,2025-05-25 21:45,157726,157825,100,0.7526,0.7505,0.28,0,3.37,11.47,DOWN,1,1,157729,2025-05-24 21:45,3,157729,2025-05-24 21:45,0.7505,0,3,-1,0.67,true,157730,2025-05-24 22:00,0.7473,1.33,2.64,false,false,BELOW,false
842,2025-05-25 22:00,2025-05-26 10:30,157826,157876,51,0.7466,0.7428,0.506,0,4.413,10.29,BYPASS,0,0,,,,,,,,,,,,,,,,,,,ABOVE,false
843,2025-05-26 10:45,2025-05-30 00:30,157877,158220,344,0.7682,0.7663,0.249,0,3.886,17.1,DOWN,1,2,157880,2025-05-26 11:30,3,157881,2025-05-26 11:45,0.7666,0.158,4,1,0.33,true,157882,2025-05-26 12:00,0.7656,0.93,1.98,true,true,BELOW,false
844,2025-05-30 00:45,2025-06-04 16:45,158221,158765,545,0.7245,0.7191,0.781,0,13.147,11.13,BYPASS,0,0,,,,,,,,,,,,,,,,,,,BELOW,false
845,2025-06-04 17:00,2025-06-06 21:45,158766,158977,212,0.6878,0.6856,0.323,0,5.845,10.45,DOWN,1,5,158843,2025-06-05 12:15,77,158847,2025-06-05 13:15,0.6859,0.136,81,1,0.51,true,158848,2025-06-05 13:30,0.6822,2.55,7.56,false,false,BELOW,false
846,2025-06-06 22:00,2025-06-08 09:00,158978,159118,141,0.6622,0.6611,0.167,0,9.09,10.74,DOWN,1,2,159000,2025-06-07 03:30,22,159001,2025-06-07 03:45,0.6616,0.455,23,1,1,true,159002,2025-06-07 04:00,0.6581,0.68,0.68,true,true,BELOW,false
847,2025-06-08 09:15,2025-06-08 13:15,159119,159135,17,0.6605,0.6572,0.506,0,3.558,10.66,UP,1,2,159126,2025-06-08 11:00,7,159127,2025-06-08 11:15,0.6596,0.727,8,-1,1.74,true,159128,2025-06-08 11:30,0.662,0,0,true,true,ABOVE,false
848,2025-06-08 13:30,2025-06-09 13:15,159136,159231,96,0.6683,0.6651,0.473,0,7.844,15.04,DOWN,1,1,159138,2025-06-08 14:00,2,159138,2025-06-08 14:00,0.6677,0.812,2,-1,1.15,true,159139,2025-06-08 14:15,0.665,0.15,0.15,true,true,ABOVE,false
849,2025-06-09 13:30,2025-06-09 20:45,159232,159261,30,0.6729,0.6712,0.254,0,2.868,10.37,BYPASS,0,0,,,,,,,,,,,,,,,,,,,ABOVE,false
850,2025-06-09 21:00,2025-06-10 21:45,159262,159361,100,0.6864,0.6844,0.289,0,6.247,12.62,BYPASS,0,0,,,,,,,,,,,,,,,,,,,ABOVE,false
851,2025-06-10 22:00,2025-06-12 23:45,159362,159561,200,0.7102,0.7073,0.405,0,11.145,15.13,UP,1,3,159441,2025-06-11 17:45,79,159443,2025-06-11 18:15,0.7078,0.172,81,1,1.25,true,159444,2025-06-11 18:30,0.7113,1.22,2.35,true,true,BELOW,false
852,2025-06-13 00:00,2025-06-15 21:45,159562,159841,280,0.6656,0.6609,0.73,0,17.901,41.91,BYPASS,0,0,,,,,,,,,,,,,,,,,,,BELOW,false
853,2025-06-15 22:00,2025-06-16 06:45,159842,159877,36,0.6265,0.625,0.238,0,7.665,15.03,UP,1,1,159855,2025-06-16 01:15,13,159855,2025-06-16 01:15,0.6258,0.533,13,1,1.02,true,159856,2025-06-16 01:30,0.6311,0,0,true,true,ABOVE,false
854,2025-06-16 07:00,2025-06-16 22:15,159878,159939,62,0.6445,0.6423,0.34,0,4.992,10.18,UP,1,1,159889,2025-06-16 09:45,11,159889,2025-06-16 09:45,0.6444,0.955,11,1,0.76,true,159890,2025-06-16 10:00,0.6454,0.58,0.58,true,true,ABOVE,false
855,2025-06-16 22:30,2025-06-19 03:45,159940,160153,214,0.6554,0.6533,0.329,0,10.361,13.15,BYPASS,0,0,,,,,,,,,,,,,,,,,,,BELOW,false
856,2025-06-19 04:00,2025-06-20 21:45,160154,160321,168,0.6031,0.6008,0.38,0,2.139,10.15,UP,1,2,160155,2025-06-19 04:15,1,160156,2025-06-19 04:30,0.6016,0.348,2,-1,1.03,true,160157,2025-06-19 04:45,0.6042,0.73,0.73,true,true,BELOW,false
857,2025-06-20 22:00,2025-06-23 13:15,160322,160575,254,0.5801,0.5764,0.644,0,2.67,10.38,UP,1,3,160328,2025-06-20 23:30,6,160330,2025-06-21 00:00,0.5781,0.459,8,-1,1.05,true,160331,2025-06-21 00:15,0.5809,0,0,true,true,BELOW,false
858,2025-06-23 13:30,2025-06-27 16:15,160576,160971,396,0.5426,0.5401,0.453,0,7.509,31,DOWN,1,1,160585,2025-06-23 15:45,9,160585,2025-06-23 15:45,0.5421,0.8,9,1,0.69,true,160586,2025-06-23 16:00,0.5372,2.17,2.17,true,true,ABOVE,false
859,2025-06-27 16:30,2025-06-28 17:30,160972,161072,101,0.556,0.5532,0.503,0,4.712,16.38,DOWN,1,1,160974,2025-06-27 17:00,2,160974,2025-06-27 17:00,0.5534,0.071,2,-1,1.09,true,160975,2025-06-27 17:15,0.5516,1.55,1.55,false,true,ABOVE,false
860,2025-06-28 17:45,2025-07-01 02:15,161073,161299,227,0.5648,0.5629,0.335,0,5.244,12.18,UP,1,1,161076,2025-06-28 18:30,3,161076,2025-06-28 18:30,0.5645,0.842,3,1,0.51,true,161077,2025-06-28 18:45,0.5661,0.14,0.14,true,true,ABOVE,false
861,2025-07-01 02:30,2025-07-01 16:30,161300,161356,57,0.5728,0.5704,0.423,0,3.72,13.52,BYPASS,0,0,,,,,,,,,,,,,,,,,,,BELOW,false
862,2025-07-01 16:45,2025-07-03 12:15,161357,161531,175,0.5463,0.5445,0.327,0,7.577,10.97,DOWN,1,4,161358,2025-07-01 17:00,1,161361,2025-07-01 17:45,0.5454,0.5,4,-1,0.45,true,161362,2025-07-01 18:00,0.5444,1.54,1.54,false,false,ABOVE,false
863,2025-07-03 12:30,2025-07-04 15:45,161532,161641,110,0.6086,0.6045,0.685,0,5.038,11.7,BYPASS,0,0,,,,,,,,,,,,,,,,,,,BELOW,false
864,2025-07-04 16:00,2025-07-09 05:15,161642,162079,438,0.5722,0.5702,0.354,0,6.073,15.95,DOWN,1,1,161649,2025-07-04 17:45,7,161649,2025-07-04 17:45,0.5716,0.7,7,-1,0.52,true,161650,2025-07-04 18:00,0.5699,0.89,0.89,true,true,ABOVE,false
865,2025-07-09 05:30,2025-07-17 11:45,162080,162873,794,0.5894,0.588,0.234,0,11.953,26.33,BYPASS,0,0,,,,,,,,,,,,,,,,,,,ABOVE,false
866,2025-07-17 12:00,2025-07-24 17:45,162874,163569,696,0.8202,0.814,0.77,0,3.88,16.2,DOWN,1,1,162901,2025-07-17 18:45,27,162901,2025-07-17 18:45,0.814,0,27,1,1.25,true,162902,2025-07-17 19:00,0.8116,3.23,3.23,false,true,ABOVE,false
867,2025-07-24 18:00,2025-07-24 21:45,163570,163585,16,0.8278,0.8224,0.654,0,4.92,11.19,DOWN,1,2,163570,2025-07-24 18:00,0,163571,2025-07-24 18:15,0.8246,0.407,1,-1,0.35,true,163572,2025-07-24 18:30,0.8199,0.9,3.33,true,true,BELOW,false
868,2025-07-24 22:00,2025-07-25 03:15,163586,163607,22,0.8181,0.8136,0.556,0,4.766,11.15,DOWN,1,2,163587,2025-07-24 22:15,1,163588,2025-07-24 22:30,0.8174,0.844,2,1,0.88,true,163589,2025-07-24 22:45,0.8128,2.29,3.88,false,false,BELOW,false
869,2025-07-25 03:30,2025-07-27 21:45,163608,163873,266,0.8014,0.794,0.936,0,3.526,10.65,DOWN,1,1,163609,2025-07-25 03:45,1,163609,2025-07-25 03:45,0.7949,0.122,1,1,1.29,true,163610,2025-07-25 04:00,0.7917,0.55,1.11,true,true,ABOVE,false
870,2025-07-27 22:00,2025-07-28 17:00,163874,163950,77,0.8317,0.8274,0.513,0,4.945,10.11,UP,1,4,163878,2025-07-27 23:00,4,163881,2025-07-27 23:45,0.8317,1,7,1,0.65,true,163882,2025-07-28 00:00,0.833,0.45,0.45,true,true,BELOW,false
871,2025-07-28 17:15,2025-08-01 07:45,163951,164297,347,0.8063,0.8022,0.509,0,1.964,11.41,DOWN,1,1,163951,2025-07-28 17:15,0,163951,2025-07-28 17:15,0.8059,0.902,0,-1,1.28,true,163952,2025-07-28 17:30,0.8017,1.41,2.12,false,false,BELOW,false
872,2025-08-01 08:00,2025-08-04 16:45,164298,164621,324,0.725,0.7208,0.587,0,5.318,10.64,DOWN,1,3,164302,2025-08-01 09:00,4,164304,2025-08-01 09:30,0.7235,0.643,6,-1,0.55,true,164305,2025-08-01 09:45,0.7183,0.49,1.75,true,true,ABOVE,false
873,2025-08-04 17:00,2025-08-06 10:00,164622,164786,165,0.7532,0.7504,0.369,0,3.344,12.87,DOWN,1,2,164624,2025-08-04 17:30,2,164625,2025-08-04 17:45,0.7505,0.036,3,1,0.86,true,164626,2025-08-04 18:00,0.7474,1.24,1.24,false,true,BELOW,false
874,2025-08-06 10:15,2025-08-07 09:45,164787,164881,95,0.7275,0.7239,0.497,0,2.513,10.48,DOWN,1,2,164787,2025-08-06 10:15,0,164788,2025-08-06 10:30,0.7255,0.444,1,-1,0.39,true,164789,2025-08-06 10:45,0.7236,0.66,0.66,true,true,ABOVE,false
875,2025-08-07 10:00,2025-08-07 16:30,164882,164908,27,0.743,0.7408,0.292,0,15.303,38.78,BYPASS,0,0,,,,,,,,,,,,,,,,,,,ABOVE,false
876,2025-08-07 16:45,2025-08-10 07:15,164909,165159,251,0.7619,0.7546,0.97,0,5.733,13.33,UP,1,4,164917,2025-08-07 18:45,8,164920,2025-08-07 19:30,0.7613,0.918,11,1,1.14,true,164921,2025-08-07 19:45,0.7654,0,0,true,true,ABOVE,false
877,2025-08-10 07:30,2025-08-10 19:45,165160,165209,50,0.8102,0.8052,0.632,0,5.147,10.29,DOWN,1,2,165205,2025-08-10 18:45,45,165206,2025-08-10 19:00,0.8078,0.52,46,-1,0.71,true,165207,2025-08-10 19:15,0.8047,1.48,1.79,true,true,OVERLAP,false
878,2025-08-10 20:00,2025-08-14 12:15,165210,165563,354,0.8102,0.805,0.649,1,3.461,10.86,UP,1,1,165231,2025-08-11 01:15,21,165231,2025-08-11 01:15,0.8067,0.327,21,-1,1.25,true,165232,2025-08-11 01:30,0.8111,0,0,true,true,ABOVE,false
879,2025-08-14 12:30,2025-08-16 06:30,165564,165732,169,0.9759,0.9634,1.333,0,12.484,13.4,DOWN,1,4,165708,2025-08-16 00:30,144,165711,2025-08-16 01:15,0.965,0.128,147,1,0.66,true,165712,2025-08-16 01:30,0.963,0.98,2.27,true,true,BELOW,false
880,2025-08-16 06:45,2025-08-16 09:30,165733,165744,12,0.9557,0.9482,0.787,0,6.157,12.18,UP,1,2,165733,2025-08-16 06:45,0,165734,2025-08-16 07:00,0.9518,0.48,1,1,1.34,true,165735,2025-08-16 07:15,0.96,0,5.04,true,true,OVERLAP,false
881,2025-08-16 09:45,2025-08-17 09:30,165745,165840,96,0.9557,0.9476,0.88,1,7.581,17.33,DOWN,1,10,165818,2025-08-17 04:00,73,165827,2025-08-17 06:15,0.9478,0.025,82,1,0.53,true,165828,2025-08-17 06:30,0.9433,1.11,1.11,true,true,OVERLAP,false
882,2025-08-17 09:45,2025-08-17 18:30,165841,165876,36,0.9559,0.9476,0.849,2,6.473,18.13,BYPASS,0,0,,,,,,,,,,,,,,,,,,,ABOVE,false
883,2025-08-17 18:45,2025-08-18 11:30,165877,165944,68,0.9601,0.9573,0.294,0,12.13,24.7,UP,1,1,165891,2025-08-17 22:15,14,165891,2025-08-17 22:15,0.9587,0.5,14,1,1.23,true,165892,2025-08-17 22:30,0.9646,0.27,4.64,true,true,BELOW,false
884,2025-08-18 11:45,2025-08-22 21:45,165945,166369,425,0.9099,0.9067,0.357,0,6.932,17.54,UP,1,1,165948,2025-08-18 12:30,3,165948,2025-08-18 12:30,0.9082,0.469,3,-1,1.09,true,165949,2025-08-18 12:45,0.9126,1.04,1.04,true,true,ABOVE,false
885,2025-08-22 22:00,2025-08-25 23:45,166370,166665,296,0.9391,0.9354,0.397,0,6.653,11.43,DOWN,1,1,166400,2025-08-23 05:30,30,166400,2025-08-23 05:30,0.9355,0.027,30,1,3.68,true,166401,2025-08-23 05:45,0.9298,1.17,2.7,false,false,BELOW,false
886,2025-08-26 00:00,2025-08-26 07:15,166666,166695,30,0.8389,0.8353,0.431,0,1.918,10.93,DOWN,1,2,166666,2025-08-26 00:00,0,166667,2025-08-26 00:15,0.8354,0.028,1,-1,0.72,true,166668,2025-08-26 00:30,0.8307,1.13,1.13,true,true,OVERLAP,false
887,2025-08-26 07:30,2025-08-26 12:15,166696,166715,20,0.84,0.835,0.593,1,3.141,15.07,UP,1,1,166697,2025-08-26 07:45,1,166697,2025-08-26 07:45,0.8399,0.98,1,-1,1.23,true,166698,2025-08-26 08:00,0.8401,0,0.46,true,true,OVERLAP,false
888,2025-08-26 12:30,2025-08-27 03:30,166716,166776,61,0.84,0.8312,1.033,2,6.128,10.18,BYPASS,0,0,,,,,,,,,,,,,,,,,,,ABOVE,false
889,2025-08-27 03:45,2025-08-30 01:30,166777,167056,280,0.8645,0.8595,0.576,0,2.832,11.13,DOWN,1,3,166786,2025-08-27 06:00,9,166788,2025-08-27 06:30,0.8627,0.64,11,1,0.54,true,166789,2025-08-27 06:45,0.8592,0.81,0.81,true,true,BELOW,false
890,2025-08-30 01:45,2025-09-01 07:00,167057,167270,214,0.8269,0.8242,0.332,0,6.294,20.57,UP,1,1,167096,2025-08-30 11:30,39,167096,2025-08-30 11:30,0.8257,0.556,39,1,1.46,true,167097,2025-08-30 11:45,0.827,2.35,2.35,false,false,BELOW,false
891,2025-09-01 07:15,2025-09-01 20:15,167271,167323,53,0.8042,0.7992,0.608,0,15.547,21.86,UP,1,3,167311,2025-09-01 17:15,40,167313,2025-09-01 17:45,0.8027,0.7,42,1,0.59,true,167314,2025-09-01 18:00,0.8055,0,2.29,true,true,ABOVE,false
892,2025-09-01 20:30,2025-09-05 12:15,167324,167675,352,0.8086,0.8051,0.444,0,8.089,26.07,DOWN,1,1,167344,2025-09-02 01:30,20,167344,2025-09-02 01:30,0.8079,0.8,20,-1,0.65,true,167345,2025-09-02 01:45,0.8047,0.25,0.25,true,true,ABOVE,false
893,2025-09-05 12:30,2025-09-08 09:45,167676,167953,278,0.8378,0.8299,0.939,0,8.266,13.61,DOWN,1,1,167682,2025-09-05 14:00,6,167682,2025-09-05 14:00,0.8375,0.962,6,1,1.61,true,167683,2025-09-05 14:15,0.8273,1.45,1.45,false,true,ABOVE,false
894,2025-09-08 10:00,2025-09-10 12:15,167954,168155,202,0.8486,0.8462,0.282,0,4.509,10.54,BYPASS,0,0,,,,,,,,,,,,,,,,,,,ABOVE,false
895,2025-09-10 12:30,2025-09-13 13:30,168156,168448,293,0.8789,0.876,0.327,0,9.187,18.12,DOWN,1,1,168182,2025-09-10 19:00,26,168182,2025-09-10 19:00,0.8779,0.655,26,1,1.15,true,168183,2025-09-10 19:15,0.8748,0.46,0.46,true,true,ABOVE,false
896,2025-09-13 13:45,2025-09-15 21:45,168449,168673,225,0.952,0.9482,0.405,0,7.338,16.23,BYPASS,0,0,,,,,,,,,,,,,,,,,,,BELOW,false
897,2025-09-15 22:00,2025-09-22 05:45,168674,169281,608,0.8649,0.8642,0.081,0,6.183,13.84,DOWN,1,1,168706,2025-09-16 06:00,32,168706,2025-09-16 06:00,0.8644,0.286,32,-1,1.05,true,168707,2025-09-16 06:15,0.8611,0.66,0.66,true,true,BELOW,false
898,2025-09-22 06:00,2025-09-24 10:45,169282,169493,212,0.8482,0.833,1.868,0,9.148,14.68,BYPASS,0,0,,,,,,,,,,,,,,,,,,,BELOW,false
899,2025-09-24 11:00,2025-09-25 03:00,169494,169558,65,0.8175,0.8152,0.28,0,4.707,15.65,UP,1,1,169505,2025-09-24 13:45,11,169505,2025-09-24 13:45,0.8168,0.696,11,-1,2.77,true,169506,2025-09-24 14:00,0.8222,0,0,true,true,BELOW,false
900,2025-09-25 03:15,2025-09-27 07:15,169559,169767,209,0.8069,0.8026,0.541,0,6.556,12.37,BYPASS,0,0,,,,,,,,,,,,,,,,,,,BELOW,false
901,2025-09-27 07:30,2025-09-28 15:45,169768,169897,130,0.7893,0.787,0.294,0,8.323,38.37,DOWN,1,1,169827,2025-09-27 22:15,59,169827,2025-09-27 22:15,0.7876,0.261,59,-1,1.71,true,169828,2025-09-27 22:30,0.7854,1.31,1.97,false,false,BELOW,false
902,2025-09-28 16:00,2025-09-28 21:45,169898,169921,24,0.7813,0.778,0.419,0,4.663,11.12,BYPASS,0,0,,,,,,,,,,,,,,,,,,,ABOVE,false
903,2025-09-28 22:00,2025-10-05 02:15,169922,170515,594,0.7943,0.7928,0.187,0,18.665,30.34,DOWN,1,1,169973,2025-09-29 10:45,51,169973,2025-09-29 10:45,0.7933,0.333,51,1,1.1,true,169974,2025-09-29 11:00,0.7898,0.68,0.68,true,true,ABOVE,false
904,2025-10-05 02:30,2025-10-05 18:45,170516,170581,66,0.843,0.8397,0.388,0,12.012,14.21,UP,1,2,170578,2025-10-05 18:00,62,170579,2025-10-05 18:15,0.8416,0.576,63,-1,2.02,true,170580,2025-10-05 18:30,0.8435,1.6,1.6,true,true,OVERLAP,false
905,2025-10-05 19:00,2025-10-08 17:00,170582,170862,281,0.8448,0.8397,0.613,1,15.296,13.06,DOWN,1,2,170607,2025-10-06 01:15,25,170608,2025-10-06 01:30,0.84,0.059,26,-1,1.43,true,170609,2025-10-06 01:45,0.8394,0.64,0.64,true,true,BELOW,false
906,2025-10-08 17:15,2025-10-10 20:30,170863,171068,206,0.834,0.8268,0.854,0,4.461,15.64,DOWN,1,2,170894,2025-10-09 01:00,31,170895,2025-10-09 01:15,0.8283,0.208,32,1,2.22,true,170896,2025-10-09 01:30,0.8251,1.77,1.77,false,false,BELOW,false
907,2025-10-10 20:45,2025-10-11 08:00,171069,171114,46,0.7746,0.7718,0.39,0,30.284,40.6,BYPASS,0,0,,,,,,,,,,,,,,,,,,,BELOW,false
908,2025-10-11 08:15,2025-10-12 14:30,171115,171236,122,0.6537,0.6481,0.842,0,1.959,11.99,DOWN,1,6,171133,2025-10-11 12:45,18,171138,2025-10-11 14:00,0.6502,0.375,23,-1,0.76,true,171139,2025-10-11 14:15,0.648,0.17,4.07,true,true,BELOW,false
909,2025-10-12 14:45,2025-10-13 05:45,171237,171297,61,0.6451,0.6392,0.894,0,15.073,36.6,BYPASS,0,0,,,,,,,,,,,,,,,,,,,ABOVE,false
910,2025-10-13 06:00,2025-10-13 10:45,171298,171317,20,0.7023,0.7,0.328,0,2.076,11.9,UP,1,1,171298,2025-10-13 06:00,0,171298,2025-10-13 06:00,0.7014,0.609,0,1,1.51,true,171299,2025-10-13 06:15,0.7079,0,1.43,true,true,ABOVE,false
911,2025-10-13 11:00,2025-10-13 20:30,171318,171356,39,0.7189,0.7146,0.604,0,9.125,13.93,DOWN,1,1,171330,2025-10-13 14:00,12,171330,2025-10-13 14:00,0.7167,0.488,12,1,0.9,true,171331,2025-10-13 14:15,0.7104,1.74,1.74,true,true,ABOVE,false
912,2025-10-13 20:45,2025-10-14 19:15,171357,171447,91,0.7279,0.7233,0.628,0,2.858,11.65,DOWN,1,4,171373,2025-10-14 00:45,16,171376,2025-10-14 01:30,0.7244,0.239,19,1,0.54,true,171377,2025-10-14 01:45,0.7217,1.84,7.58,false,false,BELOW,false
913,2025-10-14 19:30,2025-10-15 20:15,171448,171547,100,0.7062,0.7025,0.536,0,6.694,14.89,DOWN,1,1,171475,2025-10-15 02:15,27,171475,2025-10-15 02:15,0.7031,0.162,27,1,1.88,true,171476,2025-10-15 02:30,0.6991,2.22,2.22,false,true,BELOW,false
914,2025-10-15 20:30,2025-10-18 06:45,171548,171781,234,0.6725,0.6663,0.927,0,4.655,15.26,DOWN,1,1,171548,2025-10-15 20:30,0,171548,2025-10-15 20:30,0.6688,0.403,0,-1,3.74,true,171549,2025-10-15 20:45,0.6644,1.34,1.34,true,true,BELOW,false
915,2025-10-18 07:00,2025-10-18 23:45,171782,171849,68,0.6298,0.6265,0.519,0,7.899,28.83,UP,1,1,171810,2025-10-18 14:00,28,171810,2025-10-18 14:00,0.6279,0.424,28,1,1.93,true,171811,2025-10-18 14:15,0.6303,0,0.14,true,true,ABOVE,false
916,2025-10-19 00:00,2025-10-19 08:00,171850,171882,33,0.6342,0.633,0.19,0,4.049,10.81,DOWN,1,1,171871,2025-10-19 05:15,21,171871,2025-10-19 05:15,0.6332,0.167,21,1,1.71,true,171872,2025-10-19 05:30,0.6323,1.09,1.72,false,true,BELOW,false
917,2025-10-19 08:15,2025-10-22 10:45,171883,172181,299,0.632,0.6298,0.349,0,5.372,10.66,DOWN,1,1,171883,2025-10-19 08:15,0,171883,2025-10-19 08:15,0.6306,0.364,0,1,9.85,true,171884,2025-10-19 08:30,0.6269,1.22,1.22,true,true,OVERLAP,false
918,2025-10-22 11:00,2025-10-24 12:15,172182,172379,198,0.632,0.629,0.473,1,8.643,17.71,UP,1,2,172195,2025-10-22 14:15,13,172196,2025-10-22 14:30,0.6304,0.467,14,-1,1.65,true,172197,2025-10-22 14:45,0.6396,0.1,1.34,true,true,ABOVE,false
919,2025-10-24 12:30,2025-10-26 21:45,172380,172609,230,0.6533,0.6502,0.472,0,5.593,10.67,UP,1,1,172384,2025-10-24 13:30,4,172384,2025-10-24 13:30,0.6509,0.226,4,1,1.7,true,172385,2025-10-24 13:45,0.6534,1.12,1.25,false,true,ABOVE,false
920,2025-10-26 22:00,2025-10-27 13:15,172610,172671,62,0.6741,0.672,0.308,0,28.328,51.99,UP,1,2,172668,2025-10-27 12:30,58,172669,2025-10-27 12:45,0.6726,0.286,59,1,0.5,true,172670,2025-10-27 13:00,0.6748,0.97,0.97,true,true,OVERLAP,false
921,2025-10-27 13:30,2025-10-28 05:30,172672,172736,65,0.6765,0.672,0.672,1,5.599,11.43,DOWN,1,1,172673,2025-10-27 13:45,1,172673,2025-10-27 13:45,0.6735,0.333,1,-1,2.26,true,172674,2025-10-27 14:00,0.6697,0.82,0.82,true,true,BELOW,false
922,2025-10-28 05:45,2025-10-29 18:15,172737,172883,147,0.6664,0.662,0.669,0,5.087,11.17,UP,1,6,172742,2025-10-28 07:00,5,172747,2025-10-28 08:15,0.6654,0.773,10,-1,0.54,true,172748,2025-10-28 08:30,0.6665,0.03,0.47,true,true,BELOW,false
923,2025-10-29 18:30,2025-10-31 22:45,172884,173093,210,0.6553,0.649,0.994,0,21.901,16.76,DOWN,1,2,172886,2025-10-29 19:00,2,172887,2025-10-29 19:15,0.6528,0.603,3,-1,0.76,true,172888,2025-10-29 19:30,0.6473,0.46,2.11,true,true,BELOW,false
924,2025-10-31 23:00,2025-11-03 15:00,173094,173350,257,0.6098,0.608,0.296,0,3.936,13.02,DOWN,1,4,173094,2025-10-31 23:00,0,173097,2025-10-31 23:45,0.6087,0.389,3,1,0.4,true,173098,2025-11-01 00:00,0.6076,0.82,0.82,true,true,BELOW,false
925,2025-11-03 15:15,2025-11-09 07:15,173351,173895,545,0.5792,0.5715,1.397,0,7.578,11.28,UP,1,3,173743,2025-11-07 17:15,392,173745,2025-11-07 17:45,0.5781,0.857,394,1,0.78,true,173746,2025-11-07 18:00,0.5831,0,0,true,true,BELOW,false
926,2025-11-09 07:30,2025-11-12 04:45,173896,174173,278,0.5588,0.5569,0.338,0,6.468,20.28,UP,1,1,173909,2025-11-09 10:45,13,173909,2025-11-09 10:45,0.5586,0.895,13,-1,0.76,true,173910,2025-11-09 11:00,0.5629,0,0,true,true,OVERLAP,false
927,2025-11-12 05:00,2025-11-14 04:15,174174,174363,190,0.5612,0.5569,0.769,1,5.714,18.36,UP,1,1,174174,2025-11-12 05:00,0,174174,2025-11-12 05:00,0.5589,0.465,0,-1,4.31,true,174175,2025-11-12 05:15,0.5615,0,0.22,true,true,BELOW,false
928,2025-11-14 04:30,2025-11-15 15:45,174364,174505,142,0.525,0.5221,0.565,0,20.912,40.13,DOWN,1,4,174374,2025-11-14 07:00,10,174377,2025-11-14 07:45,0.5238,0.586,13,-1,0.56,true,174378,2025-11-14 08:00,0.5201,1.53,4.35,false,false,BELOW,false
929,2025-11-15 16:00,2025-11-16 20:45,174506,174621,116,0.508,0.5063,0.337,0,3.433,13.2,UP,1,4,174509,2025-11-15 16:45,3,174512,2025-11-15 17:30,0.508,1,6,-1,1.22,true,174513,2025-11-15 17:45,0.5097,0.06,1.54,true,true,BELOW,false
930,2025-11-16 21:00,2025-11-19 09:45,174622,174865,244,0.4837,0.4816,0.438,0,3.17,10.85,DOWN,1,1,174629,2025-11-16 22:45,7,174629,2025-11-16 22:45,0.4831,0.714,7,-1,1.28,true,174630,2025-11-16 23:00,0.4799,0.6,0.6,true,true,BELOW,false
931,2025-11-19 10:00,2025-11-19 22:45,174866,174917,52,0.4673,0.464,0.704,0,2.388,11.99,UP,1,1,174869,2025-11-19 10:45,3,174869,2025-11-19 10:45,0.4662,0.667,3,-1,0.41,true,174870,2025-11-19 11:00,0.4676,0,4.48,true,true,BELOW,false
932,2025-11-19 23:00,2025-11-21 07:15,174918,175047,130,0.4583,0.4564,0.41,0,5.315,12.25,BYPASS,0,0,,,,,,,,,,,,,,,,,,,BELOW,false
933,2025-11-21 07:30,2025-11-21 22:00,175048,175106,59,0.4205,0.417,0.855,0,7.609,12.26,BYPASS,0,0,,,,,,,,,,,,,,,,,,,BELOW,false
934,2025-11-21 22:15,2025-11-23 11:45,175107,175257,151,0.4133,0.4107,0.638,0,3.488,10.79,DOWN,1,1,175119,2025-11-22 01:15,12,175119,2025-11-22 01:15,0.4107,0,12,-1,0.4,true,175120,2025-11-22 01:30,0.4093,1.46,3.17,true,true,BELOW,false
935,2025-11-23 12:00,2025-11-24 14:15,175258,175363,106,0.4099,0.4081,0.436,0,10.792,10.65,UP,1,2,175281,2025-11-23 17:45,23,175282,2025-11-23 18:00,0.4096,0.833,24,1,0.64,true,175283,2025-11-23 18:15,0.4103,0,1.08,true,true,BELOW,false
936,2025-11-24 14:30,2025-11-25 11:45,175364,175449,86,0.4066,0.4049,0.42,0,6.686,11.97,BYPASS,0,0,,,,,,,,,,,,,,,,,,,ABOVE,false
937,2025-11-25 12:00,2025-11-28 00:45,175450,175693,244,0.4159,0.4143,0.384,0,3.715,10.8,UP,1,1,175451,2025-11-25 12:15,1,175451,2025-11-25 12:15,0.4159,1,1,-1,1.45,true,175452,2025-11-25 12:30,0.416,1.45,2.39,true,true,ABOVE,false
938,2025-11-28 01:00,2025-11-28 04:45,175694,175709,16,0.4311,0.4299,0.281,0,5.81,13.08,BYPASS,0,0,,,,,,,,,,,,,,,,,,,BELOW,false
939,2025-11-28 05:00,2025-11-30 07:30,175710,175912,203,0.4258,0.4246,0.281,0,3.737,15.28,UP,1,1,175712,2025-11-28 05:30,2,175712,2025-11-28 05:30,0.4257,0.917,2,-1,0.99,true,175713,2025-11-28 05:45,0.4264,0.57,0.57,true,true,BELOW,false
940,2025-11-30 07:45,2025-12-01 19:45,175913,176057,145,0.4183,0.4172,0.263,0,2.001,10.25,UP,1,2,175913,2025-11-30 07:45,0,175914,2025-11-30 08:00,0.4178,0.545,1,-1,1.45,true,175915,2025-11-30 08:15,0.4184,0.05,0.1,true,true,BELOW,false
941,2025-12-01 20:00,2025-12-03 13:45,176058,176225,168,0.3768,0.3751,0.449,0,4.209,13.82,UP,1,1,176059,2025-12-01 20:15,1,176059,2025-12-01 20:15,0.3764,0.765,1,-1,0.52,true,176060,2025-12-01 20:30,0.3781,0,0,true,true,ABOVE,false
942,2025-12-03 14:00,2025-12-05 22:45,176226,176453,228,0.4369,0.4354,0.349,0,14.524,25.56,UP,1,1,176237,2025-12-03 16:45,11,176237,2025-12-03 16:45,0.4368,0.933,11,1,0.45,true,176238,2025-12-03 17:00,0.4387,0,0,true,true,BELOW,false
943,2025-12-05 23:00,2025-12-07 04:45,176454,176573,120,0.4168,0.4155,0.313,0,4.097,10.72,DOWN,1,1,176455,2025-12-05 23:15,1,176455,2025-12-05 23:15,0.4158,0.231,1,-1,0.43,true,176456,2025-12-05 23:30,0.4154,0.89,0.89,true,true,ABOVE,false
944,2025-12-07 05:00,2025-12-09 04:15,176574,176763,190,0.4178,0.417,0.193,0,9.848,16.77,DOWN,1,2,176584,2025-12-07 07:30,10,176585,2025-12-07 07:45,0.4171,0.125,11,1,3.68,true,176586,2025-12-07 08:00,0.4165,0.65,1.1,true,true,ABOVE,false
945,2025-12-09 04:30,2025-12-09 14:45,176764,176805,42,0.4309,0.4298,0.257,0,2.865,10.07,UP,1,1,176791,2025-12-09 11:15,27,176791,2025-12-09 11:15,0.4302,0.364,27,-1,1.7,true,176792,2025-12-09 11:30,0.432,0,0,true,true,ABOVE,false
946,2025-12-09 15:00,2025-12-11 11:30,176806,176984,179,0.4535,0.45,0.77,0,3.803,10.04,DOWN,1,3,176937,2025-12-10 23:45,131,176939,2025-12-11 00:15,0.4518,0.514,133,-1,0.63,true,176940,2025-12-11 00:30,0.4468,3.42,5.02,false,false,BELOW,false
947,2025-12-11 11:45,2025-12-12 04:00,176985,177050,66,0.4237,0.4225,0.286,0,2.686,13.44,DOWN,1,3,177027,2025-12-11 22:15,42,177029,2025-12-11 22:45,0.4228,0.25,44,-1,0.26,true,177030,2025-12-11 23:00,0.4218,1.18,1.18,true,true,OVERLAP,false
948,2025-12-12 04:15,2025-12-13 06:15,177051,177155,105,0.4237,0.4213,0.571,1,2.816,10.17,UP,1,1,177056,2025-12-12 05:30,5,177056,2025-12-12 05:30,0.4214,0.042,5,-1,0.49,true,177057,2025-12-12 05:45,0.4249,0,0.07,true,true,BELOW,false
949,2025-12-13 06:30,2025-12-14 19:30,177156,177304,149,0.4093,0.4085,0.195,0,3.512,11.91,UP,1,1,177199,2025-12-13 17:15,43,177199,2025-12-13 17:15,0.4091,0.75,43,-1,2.2,true,177200,2025-12-13 17:30,0.4112,0,0.71,true,true,BELOW,false
950,2025-12-14 19:45,2025-12-16 13:00,177305,177470,166,0.3984,0.396,0.603,0,4.709,14.93,UP,1,1,177305,2025-12-14 19:45,0,177305,2025-12-14 19:45,0.3983,0.958,0,-1,3.04,true,177306,2025-12-14 20:00,0.4,0.48,1.24,true,true,BELOW,false
951,2025-12-16 13:15,2025-12-18 16:45,177471,177677,207,0.387,0.3847,0.594,0,3.27,11.71,UP,1,4,177477,2025-12-16 14:45,6,177480,2025-12-16 15:30,0.3867,0.87,9,-1,0.55,true,177481,2025-12-16 15:45,0.3899,0.13,0.26,true,true,BELOW,false
952,2025-12-18 17:00,2025-12-23 05:15,177678,178111,434,0.3726,0.3709,0.473,0,19.923,40.71,DOWN,1,1,177764,2025-12-19 14:30,86,177764,2025-12-19 14:30,0.3721,0.706,86,1,5.85,true,177765,2025-12-19 14:45,0.3706,0.43,0.51,true,true,BELOW,false
953,2025-12-23 05:30,2025-12-24 14:15,178112,178243,132,0.3665,0.3657,0.219,0,8.044,11.76,DOWN,1,2,178112,2025-12-23 05:30,0,178113,2025-12-23 05:45,0.3658,0.125,1,-1,0.95,true,178114,2025-12-23 06:00,0.3652,0.74,1.01,false,true,BELOW,false
954,2025-12-24 14:30,2025-12-25 21:45,178244,178369,126,0.3578,0.3559,0.533,0,9.585,15.8,DOWN,1,1,178244,2025-12-24 14:30,0,178244,2025-12-24 14:30,0.3565,0.316,0,-1,7.47,true,178245,2025-12-24 14:45,0.3535,1.1,1.1,true,true,ABOVE,false
955,2025-12-25 22:00,2025-12-25 22:30,178370,178372,3,0.3585,0.3579,0.17,0,4.712,10.91,BYPASS,0,0,,,,,,,,,,,,,,,,,,,BELOW,false
956,2025-12-25 22:45,2025-12-26 11:45,178373,178425,53,0.3549,0.3528,0.606,0,16.722,11.17,UP,1,1,178387,2025-12-26 02:15,14,178387,2025-12-26 02:15,0.3547,0.905,14,-1,3.44,true,178388,2025-12-26 02:30,0.3555,0.54,0.54,true,true,OVERLAP,false
957,2025-12-26 12:00,2025-12-27 19:45,178426,178553,128,0.3553,0.3528,0.702,1,7.944,11.09,DOWN,1,1,178436,2025-12-26 14:30,10,178436,2025-12-26 14:30,0.3538,0.4,10,1,3.73,true,178437,2025-12-26 14:45,0.3492,2.52,2.52,false,false,ABOVE,false
958,2025-12-27 20:00,2025-12-30 07:45,178554,178793,240,0.3581,0.3574,0.193,0,42.938,98.59,BYPASS,0,0,,,,,,,,,,,,,,,,,,,BELOW,false
959,2025-12-30 08:00,2025-12-30 17:15,178794,178831,38,0.352,0.3512,0.225,0,7.411,15.51,UP,1,1,178819,2025-12-30 14:15,25,178819,2025-12-30 14:15,0.3517,0.625,25,-1,1.48,true,178820,2025-12-30 14:30,0.353,0.03,0.57,true,true,ABOVE,false
960,2025-12-30 17:30,2025-12-31 16:15,178832,178923,92,0.3536,0.3527,0.255,0,3.741,13.55,DOWN,1,1,178835,2025-12-30 18:15,3,178835,2025-12-30 18:15,0.3528,0.111,3,-1,0.47,true,178836,2025-12-30 18:30,0.3521,0.99,1.25,false,false,BELOW,false
961,2025-12-31 16:30,2026-01-03 23:45,178924,179241,318,0.3424,0.3403,0.629,0,10.354,12.39,DOWN,1,1,179001,2026-01-01 11:45,77,179001,2026-01-01 11:45,0.3405,0.095,77,1,0.9,true,179002,2026-01-01 12:00,0.3401,0.35,0.35,true,true,ABOVE,false
962,2026-01-04 00:00,2026-01-04 18:45,179242,179317,76,0.3898,0.3891,0.178,0,11.373,24.06,BYPASS,0,0,,,,,,,,,,,,,,,,,,,ABOVE,false
963,2026-01-04 19:00,2026-01-07 13:45,179318,179585,268,0.4008,0.3993,0.378,0,5.965,17.57,DOWN,1,1,179324,2026-01-04 20:30,6,179324,2026-01-04 20:30,0.4,0.467,6,1,0.35,true,179325,2026-01-04 20:45,0.3991,0.65,0.65,true,true,ABOVE,false
964,2026-01-07 14:00,2026-01-08 17:30,179586,179696,111,0.4113,0.4092,0.518,0,5.632,12.16,BYPASS,0,0,,,,,,,,,,,,,,,,,,,BELOW,false
965,2026-01-08 17:45,2026-01-10 02:45,179697,179829,133,0.3945,0.3923,0.554,0,2.974,13.21,UP,1,2,179700,2026-01-08 18:30,3,179701,2026-01-08 18:45,0.3942,0.864,4,-1,0.53,true,179702,2026-01-08 19:00,0.3949,0.76,0.76,true,true,BELOW,false
966,2026-01-10 03:00,2026-01-10 06:00,179830,179842,13,0.3894,0.3889,0.129,0,7.914,17.06,DOWN,1,1,179833,2026-01-10 03:45,3,179833,2026-01-10 03:45,0.3889,0,3,-1,0.68,true,179834,2026-01-10 04:00,0.3875,0.49,1.21,false,true,BELOW,false
967,2026-01-10 06:15,2026-01-11 12:30,179843,179964,122,0.3878,0.3872,0.155,0,7.483,20.91,DOWN,1,1,179847,2026-01-10 07:15,4,179847,2026-01-10 07:15,0.3876,0.667,4,-1,0.61,true,179848,2026-01-10 07:30,0.3869,0.13,0.13,true,true,ABOVE,false
968,2026-01-11 12:45,2026-01-11 22:45,179965,180005,41,0.3928,0.3915,0.329,0,9.976,22.76,UP,1,1,179974,2026-01-11 15:00,9,179974,2026-01-11 15:00,0.3928,1,9,1,1.54,true,179975,2026-01-11 15:15,0.3929,0.74,1.33,true,true,BELOW,false
969,2026-01-11 23:00,2026-01-12 12:45,180006,180061,56,0.3895,0.3875,0.515,0,11.421,16.3,UP,1,1,180006,2026-01-11 23:00,0,180006,2026-01-11 23:00,0.3887,0.6,0,1,4.25,true,180007,2026-01-11 23:15,0.3898,0.52,0.52,true,true,BELOW,false
970,2026-01-12 13:00,2026-01-13 13:15,180062,180159,98,0.3871,0.3857,0.365,0,5.201,13.83,DOWN,1,1,180096,2026-01-12 21:30,34,180096,2026-01-12 21:30,0.3859,0.143,34,1,0.64,true,180097,2026-01-12 21:45,0.3852,0.23,0.23,true,true,ABOVE,false
971,2026-01-13 13:30,2026-01-13 21:45,180160,180193,34,0.3938,0.3923,0.379,0,6.659,13.22,BYPASS,0,0,,,,,,,,,,,,,,,,,,,ABOVE,false
972,2026-01-13 22:00,2026-01-17 14:15,180194,180547,354,0.4107,0.4092,0.357,0,16.345,35.62,UP,1,1,180276,2026-01-14 18:30,82,180276,2026-01-14 18:30,0.4105,0.867,82,-1,1.16,true,180277,2026-01-14 18:45,0.4133,0,0,true,true,BELOW,false
973,2026-01-17 14:30,2026-01-18 22:45,180548,180677,130,0.3979,0.3964,0.375,0,4.328,10.77,UP,1,1,180574,2026-01-17 21:00,26,180574,2026-01-17 21:00,0.3978,0.933,26,1,0.76,true,180575,2026-01-17 21:15,0.3987,0.4,0.98,true,true,BELOW,false
974,2026-01-18 23:00,2026-01-19 19:00,180678,180758,81,0.3959,0.3953,0.154,0,17.196,25.9,BYPASS,0,0,,,,,,,,,,,,,,,,,,,BELOW,false
975,2026-01-19 19:15,2026-01-20 22:15,180759,180867,109,0.3703,0.369,0.35,0,3.486,10.21,DOWN,1,3,180767,2026-01-19 21:15,8,180769,2026-01-19 21:45,0.3697,0.538,10,-1,0.68,true,180770,2026-01-19 22:00,0.3685,0.62,1.03,true,true,BELOW,false
976,2026-01-20 22:30,2026-01-25 15:45,180868,181321,454,0.3526,0.3511,0.428,0,11.366,20.58,DOWN,1,1,180872,2026-01-20 23:30,4,180872,2026-01-20 23:30,0.3513,0.133,4,-1,0.56,true,180873,2026-01-20 23:45,0.3505,0.26,0.26,true,true,OVERLAP,false
977,2026-01-25 16:00,2026-01-27 15:45,181322,181513,192,0.353,0.3511,0.552,1,18.995,21.19,UP,1,1,181412,2026-01-26 14:30,90,181412,2026-01-26 14:30,0.3528,0.895,90,1,8.21,true,181413,2026-01-26 14:45,0.3539,0.2,0.54,true,true,OVERLAP,false
978,2026-01-27 16:00,2026-01-29 18:00,181514,181714,201,0.353,0.3499,0.871,2,3.55,10.34,DOWN,1,2,181518,2026-01-27 17:00,4,181519,2026-01-27 17:15,0.3526,0.871,5,-1,4.18,true,181520,2026-01-27 17:30,0.3494,0.26,0.26,true,true,BELOW,false
979,2026-01-29 18:15,2026-01-30 01:15,181715,181743,29,0.3352,0.3335,0.514,0,2.901,11.39,UP,1,5,181726,2026-01-29 21:00,11,181730,2026-01-29 22:00,0.3346,0.647,15,-1,0.53,true,181731,2026-01-29 22:15,0.3354,0.21,4.86,true,true,OVERLAP,false
980,2026-01-30 01:30,2026-01-30 22:45,181744,181829,86,0.3352,0.3322,0.929,1,10.013,11.09,BYPASS,0,0,,,,,,,,,,,,,,,,,,,BELOW,false
981,2026-01-30 23:00,2026-01-31 13:45,181830,181889,60,0.3241,0.3228,0.405,0,2.943,11.62,BYPASS,0,0,,,,,,,,,,,,,,,,,,,BELOW,false
982,2026-01-31 14:00,2026-02-01 17:45,181890,182001,112,0.3082,0.3073,0.295,0,4.48,12.92,BYPASS,0,0,,,,,,,,,,,,,,,,,,,BELOW,false
983,2026-02-01 18:00,2026-02-01 22:45,182002,182021,20,0.2871,0.2845,0.891,0,2.965,12.58,DOWN,1,2,182009,2026-02-01 19:45,7,182010,2026-02-01 20:00,0.2862,0.654,8,-1,0.58,true,182011,2026-02-01 20:15,0.2843,0.07,2.04,true,true,ABOVE,false
984,2026-02-01 23:00,2026-02-04 10:45,182022,182261,240,0.2893,0.2872,0.738,0,13.513,30.76,DOWN,1,1,182024,2026-02-01 23:30,2,182024,2026-02-01 23:30,0.2882,0.476,2,-1,1.57,true,182025,2026-02-01 23:45,0.2856,1.46,3.97,true,true,ABOVE,false
985,2026-02-04 11:00,2026-02-04 14:15,182262,182275,14,0.2998,0.2991,0.237,0,16.035,18.39,BYPASS,0,0,,,,,,,,,,,,,,,,,,,BELOW,false
986,2026-02-04 14:30,2026-02-05 20:00,182276,182394,119,0.2925,0.2911,0.482,0,4.767,11.56,DOWN,1,1,182297,2026-02-04 19:45,21,182297,2026-02-04 19:45,0.2923,0.857,21,-1,1.14,true,182298,2026-02-04 20:00,0.2901,3.85,3.85,false,false,BELOW,false
987,2026-02-05 20:15,2026-02-05 23:45,182395,182409,15,0.256,0.2529,1.257,0,5.014,14.33,DOWN,1,1,182406,2026-02-05 23:00,11,182406,2026-02-05 23:00,0.2537,0.258,11,-1,0.72,true,182407,2026-02-05 23:15,0.2511,12.85,12.85,false,true,BELOW,false
988,2026-02-06 00:00,2026-02-07 15:45,182410,182569,160,0.2477,0.2442,1.528,0,6.621,10.73,UP,1,2,182414,2026-02-06 01:00,4,182415,2026-02-06 01:15,0.2459,0.486,5,-1,0.45,true,182416,2026-02-06 01:30,0.248,0,0,true,true,ABOVE,false
989,2026-02-07 16:00,2026-02-08 22:45,182570,182693,124,0.2728,0.2717,0.399,0,41.592,38.16,UP,1,1,182594,2026-02-07 22:00,24,182594,2026-02-07 22:00,0.2727,0.909,24,1,0.82,true,182595,2026-02-07 22:15,0.2729,0.59,1.21,true,true,BELOW,false
990,2026-02-08 23:00,2026-02-09 02:15,182694,182707,14,0.2713,0.2701,0.441,0,14.723,18.1,DOWN,1,1,182698,2026-02-09 00:00,4,182698,2026-02-09 00:00,0.2705,0.333,4,1,1.47,true,182699,2026-02-09 00:15,0.2692,0.81,0.81,true,true,BELOW,false
991,2026-02-09 02:30,2026-02-09 21:15,182708,182783,76,0.2697,0.2689,0.293,0,4.861,14.17,UP,1,1,182723,2026-02-09 06:15,15,182723,2026-02-09 06:15,0.2694,0.625,15,1,1.42,true,182724,2026-02-09 06:30,0.2704,1.56,3.53,true,true,OVERLAP,false
992,2026-02-09 21:30,2026-02-16 23:45,182784,183465,682,0.2706,0.2689,0.633,1,3.568,10.39,UP,1,1,182785,2026-02-09 21:45,1,182785,2026-02-09 21:45,0.2702,0.765,1,1,1.09,true,182786,2026-02-09 22:00,0.2716,0,1.75,true,true,ABOVE,false
993,2026-02-17 00:00,2026-02-23 00:45,183466,184045,580,0.286,0.285,0.35,0,6.25,14.04,DOWN,1,3,183466,2026-02-17 00:00,0,183468,2026-02-17 00:30,0.2853,0.3,2,1,0.65,true,183469,2026-02-17 00:45,0.2848,0.81,0.81,true,true,BELOW,false
994,2026-02-23 01:00,2026-02-25 00:45,184046,184237,192,0.27,0.2679,0.803,0,9.414,17.83,DOWN,1,1,184102,2026-02-23 15:00,56,184102,2026-02-23 15:00,0.2686,0.333,56,1,1.57,true,184103,2026-02-23 15:15,0.2675,1.9,2.91,true,true,BELOW,false
995,2026-02-25 01:00,2026-02-26 08:30,184238,184364,127,0.2594,0.2587,0.263,0,11.65,13.2,BYPASS,0,0,,,,,,,,,,,,,,,,,,,ABOVE,false
996,2026-02-26 08:45,2026-02-28 06:00,184365,184546,182,0.2943,0.2928,0.514,0,3.922,14.37,UP,1,1,184367,2026-02-26 09:15,2,184367,2026-02-26 09:15,0.2942,0.933,2,1,0.94,true,184368,2026-02-26 09:30,0.2945,1.02,1.43,true,true,BELOW,false
997,2026-02-28 06:15,2026-02-28 10:15,184547,184563,17,0.2755,0.2741,0.52,0,19.106,21.4,BYPASS,0,0,,,,,,,,,,,,,,,,,,,BELOW,false
998,2026-02-28 10:30,2026-02-28 13:30,184564,184576,13,0.2617,0.2598,0.721,0,4.639,11.21,BYPASS,0,0,,,,,,,,,,,,,,,,,,,ABOVE,false
999,2026-02-28 13:45,2026-02-28 18:15,184577,184595,19,0.264,0.2624,0.593,0,8.028,23.6,BYPASS,0,0,,,,,,,,,,,,,,,,,,,ABOVE,false
1000,2026-02-28 18:30,2026-03-01 13:30,184596,184672,77,0.2686,0.2679,0.258,0,6.98,11,BYPASS,0,0,,,,,,,,,,,,,,,,,,,ABOVE,false
1001,2026-03-01 13:45,2026-03-01 16:30,184673,184684,12,0.276,0.2752,0.285,0,13.19,13.45,BYPASS,0,0,,,,,,,,,,,,,,,,,,,ABOVE,false
1002,2026-03-01 16:45,2026-03-05 14:15,184685,185059,375,0.2815,0.2805,0.361,0,11.503,24.09,DOWN,1,2,184787,2026-03-02 18:15,102,184788,2026-03-02 18:30,0.2815,1,103,1,0.47,true,184789,2026-03-02 18:45,0.2804,0.75,2.39,false,true,BELOW,false
1003,2026-03-05 14:30,2026-03-07 11:45,185060,185241,182,0.2748,0.2733,0.549,0,2.839,11.48,UP,1,1,185060,2026-03-05 14:30,0,185060,2026-03-05 14:30,0.2734,0.067,0,-1,2.34,true,185061,2026-03-05 14:45,0.2756,3.07,3.07,false,false,BELOW,false
1004,2026-03-07 12:00,2026-03-07 13:45,185242,185249,8,0.259,0.2586,0.155,0,4.163,13.68,BYPASS,0,0,,,,,,,,,,,,,,,,,,,BELOW,false
1005,2026-03-07 14:00,2026-03-07 17:45,185250,185265,16,0.258,0.2574,0.238,0,64.059,48.19,BYPASS,0,0,,,,,,,,,,,,,,,,,,,BELOW,false
1006,2026-03-07 18:00,2026-03-08 21:45,185266,185377,112,0.2571,0.2566,0.196,0,6.45,14.66,BYPASS,0,0,,,,,,,,,,,,,,,,,,,BELOW,false
1007,2026-03-08 22:00,2026-03-09 19:00,185378,185462,85,0.2523,0.2517,0.241,0,23.128,22.17,DOWN,1,1,185388,2026-03-09 00:30,10,185388,2026-03-09 00:30,0.2519,0.333,10,-1,1.42,true,185389,2026-03-09 00:45,0.2512,1.19,1.19,true,true,ABOVE,false
1008,2026-03-09 19:15,2026-03-10 02:15,185463,185491,29,0.2565,0.2551,0.536,0,13.574,30.68,DOWN,1,5,185476,2026-03-09 22:30,13,185480,2026-03-09 23:30,0.2553,0.143,17,1,0.36,true,185481,2026-03-09 23:45,0.255,0.12,0.12,true,true,ABOVE,false
1009,2026-03-10 02:30,2026-03-11 21:45,185492,185665,174,0.2586,0.2576,0.381,0,6.674,12.12,UP,1,1,185497,2026-03-10 03:45,5,185497,2026-03-10 03:45,0.2586,1,5,1,1.46,true,185498,2026-03-10 04:00,0.2594,0,0,true,true,ABOVE,false
1010,2026-03-11 22:00,2026-03-12 13:00,185666,185726,61,0.2651,0.2637,0.528,0,2.46,10.82,DOWN,1,1,185667,2026-03-11 22:15,1,185667,2026-03-11 22:15,0.2638,0.071,1,1,0.82,true,185668,2026-03-11 22:30,0.2632,0.95,2.05,true,true,BELOW,false
1011,2026-03-12 13:15,2026-03-13 21:45,185727,185857,131,0.2634,0.2625,0.344,0,5.005,12.1,DOWN,1,3,185740,2026-03-12 16:30,13,185742,2026-03-12 17:00,0.2628,0.333,15,1,0.45,true,185743,2026-03-12 17:15,0.2621,0.95,0.95,true,true,ABOVE,false
1012,2026-03-13 22:00,2026-03-17 13:15,185858,186207,350,0.2674,0.2666,0.301,0,9.645,20.01,DOWN,1,1,186048,2026-03-15 21:30,190,186048,2026-03-15 21:30,0.2666,0,190,1,2.94,true,186049,2026-03-15 21:45,0.2665,0.79,0.79,true,true,ABOVE,false
1013,2026-03-17 13:30,2026-03-18 04:45,186208,186269,62,0.2849,0.2842,0.245,0,4.844,11.19,BYPASS,0,0,,,,,,,,,,,,,,,,,,,ABOVE,false
1014,2026-03-18 05:00,2026-03-21 23:30,186270,186632,363,0.2908,0.2902,0.204,0,9.504,14.15,DOWN,1,1,186272,2026-03-18 05:30,2,186272,2026-03-18 05:30,0.2908,1,2,1,0.95,true,186273,2026-03-18 05:45,0.2896,1.1,4.14,true,true,BELOW,false
1015,2026-03-21 23:45,2026-03-22 16:15,186633,186699,67,0.2646,0.264,0.233,0,41.708,49.05,BYPASS,0,0,,,,,,,,,,,,,,,,,,,BELOW,false
1016,2026-03-22 16:30,2026-03-23 10:45,186700,186773,74,0.2557,0.255,0.275,0,13.211,30.38,BYPASS,0,0,,,,,,,,,,,,,,,,,,,BELOW,false
1017,2026-03-23 11:00,2026-03-24 06:45,186774,186853,80,0.2505,0.2495,0.382,0,84.944,255.33,BYPASS,0,0,,,,,,,,,,,,,,,,,,,ABOVE,false
1018,2026-03-24 07:00,2026-03-24 20:00,186854,186906,53,0.2613,0.2603,0.38,0,6.859,17.92,DOWN,1,4,186880,2026-03-24 13:30,26,186883,2026-03-24 14:15,0.2606,0.3,29,1,1.21,true,186884,2026-03-24 14:30,0.2601,0.54,0.96,true,true,OVERLAP,false
1019,2026-03-24 20:15,2026-03-25 04:45,186907,186941,35,0.2613,0.2597,0.606,1,6.536,14.78,BYPASS,0,0,,,,,,,,,,,,,,,,,,,ABOVE,false
1020,2026-03-25 05:00,2026-03-26 09:15,186942,187055,114,0.2681,0.2668,0.484,0,5.301,25.25,UP,1,1,186945,2026-03-25 05:45,3,186945,2026-03-25 05:45,0.2681,1,3,1,0.29,true,186946,2026-03-25 06:00,0.2683,0,0,true,true,BELOW,false
1021,2026-03-26 09:30,2026-03-26 17:30,187056,187088,33,0.2603,0.2595,0.311,0,13.14,17.21,BYPASS,0,0,,,,,,,,,,,,,,,,,,,BELOW,false
1022,2026-03-26 17:45,2026-03-27 03:45,187089,187129,41,0.2561,0.2557,0.157,0,7.122,28.99,DOWN,1,1,187100,2026-03-26 20:30,11,187100,2026-03-26 20:30,0.2559,0.5,11,-1,0.62,true,187101,2026-03-26 20:45,0.2548,0.74,0.94,true,true,BELOW,false
1023,2026-03-27 04:00,2026-03-27 10:15,187130,187155,26,0.2546,0.2542,0.158,0,10.054,13.26,DOWN,1,1,187132,2026-03-27 04:30,2,187132,2026-03-27 04:30,0.2542,0,2,-1,0.79,true,187133,2026-03-27 04:45,0.254,0.47,3.58,true,true,BELOW,false
1024,2026-03-27 10:30,2026-03-28 13:15,187156,187263,108,0.2514,0.2507,0.282,0,12.49,10.86,BYPASS,0,0,,,,,,,,,,,,,,,,,,,BELOW,false
1025,2026-03-28 13:30,2026-03-28 22:45,187264,187301,38,0.2481,0.2476,0.2,0,6.921,12.81,UP,1,1,187298,2026-03-28 22:00,34,187298,2026-03-28 22:00,0.2481,1,34,1,1.24,true,187299,2026-03-28 22:15,0.2487,1.17,1.17,true,true,OVERLAP,false
1026,2026-03-28 23:00,2026-03-29 12:45,187302,187357,56,0.2485,0.2476,0.366,1,13.3,10.82,BYPASS,0,0,,,,,,,,,,,,,,,,,,,BELOW,false
1027,2026-03-29 13:00,2026-03-29 21:45,187358,187393,36,0.2429,0.2418,0.456,0,8.922,17.39,DOWN,1,1,187364,2026-03-29 14:30,6,187364,2026-03-29 14:30,0.2418,0,6,-1,0.45,true,187365,2026-03-29 14:45,0.2417,0.58,1.03,false,false,BELOW,false
1028,2026-03-29 22:00,2026-04-01 12:15,187394,187643,250,0.2417,0.2412,0.209,0,13.304,17.3,UP,1,1,187404,2026-03-30 00:30,10,187404,2026-03-30 00:30,0.2413,0.2,10,-1,0.52,true,187405,2026-03-30 00:45,0.2419,0,0,true,true,ABOVE,false
1029,2026-04-01 12:30,2026-04-04 08:30,187644,187916,273,0.2488,0.2478,0.4,0,3.446,11.56,DOWN,1,3,187645,2026-04-01 12:45,1,187647,2026-04-01 13:15,0.2483,0.5,3,1,0.82,true,187648,2026-04-01 13:30,0.2461,0.89,0.89,true,true,BELOW,false
1030,2026-04-04 08:45,2026-04-04 18:45,187917,187957,41,0.2456,0.245,0.246,0,7.512,13.67,UP,1,4,187943,2026-04-04 15:15,26,187946,2026-04-04 16:00,0.245,0,29,-1,0.85,true,187947,2026-04-04 16:15,0.2464,0,0,true,true,ABOVE,false
1031,2026-04-04 19:00,2026-04-05 03:45,187958,187993,36,0.2471,0.2467,0.16,0,8.785,17.67,UP,1,1,187966,2026-04-04 21:00,8,187966,2026-04-04 21:00,0.2471,1,8,1,0.93,true,187967,2026-04-04 21:15,0.2479,0.2,0.2,true,true,OVERLAP,false
1032,2026-04-05 04:00,2026-04-07 07:45,187994,188201,208,0.2471,0.2465,0.244,1,4.088,19.15,DOWN,1,1,187995,2026-04-05 04:15,1,187995,2026-04-05 04:15,0.2467,0.333,1,1,1.09,true,187996,2026-04-05 04:30,0.2463,1.99,2.11,false,false,BELOW,false
1033,2026-04-07 08:00,2026-04-07 11:45,188202,188217,16,0.2438,0.2432,0.247,0,3.297,10.95,UP,1,2,188202,2026-04-07 08:00,0,188203,2026-04-07 08:15,0.2434,0.333,1,-1,1.38,true,188204,2026-04-07 08:30,0.2439,0.7,1.44,true,true,BELOW,false
1034,2026-04-07 12:00,2026-04-10 18:45,188218,188533,316,0.2423,0.2418,0.207,0,6.106,10.84,UP,1,1,188221,2026-04-07 12:45,3,188221,2026-04-07 12:45,0.2423,1,3,-1,1.47,true,188222,2026-04-07 13:00,0.2427,0.45,0.45,true,true,ABOVE,false
1035,2026-04-10 19:00,2026-04-11 12:45,188534,188605,72,0.2559,0.2548,0.427,0,4.318,13.81,DOWN,1,6,188542,2026-04-10 21:00,8,188547,2026-04-10 22:15,0.2553,0.455,13,1,0.63,true,188548,2026-04-10 22:30,0.2545,0.55,1.02,false,false,BELOW,false
1036,2026-04-11 13:00,2026-04-12 01:15,188606,188655,50,0.2502,0.2498,0.161,0,4.474,15.56,DOWN,1,2,188620,2026-04-11 16:30,14,188621,2026-04-11 16:45,0.2501,0.75,15,-1,1.65,true,188622,2026-04-11 17:00,0.2493,0.72,0.72,true,true,OVERLAP,false
1037,2026-04-12 01:30,2026-04-13 11:45,188656,188793,138,0.2502,0.2495,0.286,1,22.724,16.6,BYPASS,0,0,,,,,,,,,,,,,,,,,,,BELOW,false
1038,2026-04-13 12:00,2026-04-15 19:15,188794,189015,222,0.2386,0.238,0.251,0,8.147,19.64,UP,1,2,188795,2026-04-13 12:15,1,188796,2026-04-13 12:30,0.2386,1,2,-1,0.78,true,188797,2026-04-13 12:45,0.2411,0,0.29,true,true,ABOVE,false
1039,2026-04-15 19:30,2026-04-18 03:30,189016,189240,225,0.2473,0.2459,0.561,0,5.373,14.85,UP,1,1,189020,2026-04-15 20:30,4,189020,2026-04-15 20:30,0.2472,0.929,4,1,0.97,true,189021,2026-04-15 20:45,0.2475,0,0.98,true,true,ABOVE,false
1040,2026-04-18 03:45,2026-04-19 02:00,189241,189330,90,0.2576,0.257,0.234,0,3.497,10.55,DOWN,1,1,189242,2026-04-18 04:00,1,189242,2026-04-18 04:00,0.2575,0.833,1,-1,0.67,true,189243,2026-04-18 04:15,0.2564,0.47,2.14,true,true,BELOW,false
1041,2026-04-19 02:15,2026-04-23 19:30,189331,189784,454,0.2484,0.2478,0.243,0,4.257,10.33,UP,1,3,189333,2026-04-19 02:45,2,189335,2026-04-19 03:15,0.2484,1,4,-1,0.87,true,189336,2026-04-19 03:30,0.2488,0.81,1.49,true,true,BELOW,false
1042,2026-04-23 19:45,2026-04-28 19:30,189785,190264,480,0.2467,0.2457,0.406,0,3.362,10.1,UP,1,1,189785,2026-04-23 19:45,0,189785,2026-04-23 19:45,0.2466,0.9,0,1,1.19,true,189786,2026-04-23 20:00,0.2475,0,0,true,true,OVERLAP,false
1043,2026-04-28 19:45,2026-04-29 03:00,190265,190294,30,0.2474,0.2457,0.688,1,3.846,10.23,UP,1,5,190265,2026-04-28 19:45,0,190269,2026-04-28 20:45,0.2473,0.941,4,1,0.46,true,190270,2026-04-28 21:00,0.2476,0,0,true,true,OVERLAP,false
1044,2026-04-29 03:15,2026-04-29 17:45,190295,190353,59,0.2478,0.2457,0.845,2,6.569,12.64,DOWN,1,7,190335,2026-04-29 13:15,40,190341,2026-04-29 14:45,0.246,0.143,46,1,0.81,true,190342,2026-04-29 15:00,0.2449,1.42,3.09,false,false,BELOW,false
1045,2026-04-29 18:00,2026-05-01 03:00,190354,190486,133,0.2449,0.2439,0.418,0,11.629,23.85,DOWN,1,8,190367,2026-04-29 21:15,13,190374,2026-04-29 23:00,0.2443,0.4,20,-1,0.35,true,190375,2026-04-29 23:15,0.2437,0.08,0.08,true,true,ABOVE,false
1046,2026-05-01 03:15,2026-05-05 06:30,190487,190884,398,0.2474,0.2467,0.281,0,12.788,25.2,UP,1,1,190514,2026-05-01 10:00,27,190514,2026-05-01 10:00,0.2473,0.857,27,1,1.65,true,190515,2026-05-01 10:15,0.2476,0,0,true,true,ABOVE,false
1047,2026-05-05 06:45,2026-05-08 01:45,190885,191153,269,0.2529,0.2525,0.157,0,4.541,14.09,BYPASS,0,0,,,,,,,,,,,,,,,,,,,ABOVE,false
1048,2026-05-08 02:00,2026-05-08 21:15,191154,191231,78,0.262,0.2616,0.153,0,5.258,10.63,DOWN,1,1,191156,2026-05-08 02:30,2,191156,2026-05-08 02:30,0.2618,0.5,2,-1,1.11,true,191157,2026-05-08 02:45,0.2611,0.65,0.65,true,true,ABOVE,false
1049,2026-05-08 21:30,2026-05-11 13:15,191232,191487,256,0.2728,0.2717,0.397,0,16.299,43.7,UP,1,1,191240,2026-05-08 23:30,8,191240,2026-05-08 23:30,0.2727,0.909,8,1,0.81,true,191241,2026-05-08 23:45,0.2734,0,0,true,true,ABOVE,false
1050,2026-05-11 13:30,2026-05-12 16:30,191488,191596,109,0.2803,0.2795,0.285,0,2.824,10.38,UP,1,1,191488,2026-05-11 13:30,0,191488,2026-05-11 13:30,0.2803,1,0,-1,2.62,true,191489,2026-05-11 13:45,0.2804,0.72,0.72,true,true,BELOW,false
1051,2026-05-12 16:45,2026-05-15 05:15,191597,191839,243,0.2702,0.2689,0.486,0,8.456,15.41,UP,1,5,191598,2026-05-12 17:00,1,191602,2026-05-12 18:00,0.2702,1,5,-1,0.32,true,191603,2026-05-12 18:15,0.2703,0,0,true,true,BELOW,false
1052,2026-05-15 05:30,2026-05-15 23:45,191840,191913,74,0.2678,0.267,0.301,0,5.912,11.54,UP,1,3,191844,2026-05-15 06:30,4,191846,2026-05-15 07:00,0.2675,0.625,6,-1,0.87,true,191847,2026-05-15 07:15,0.2685,0.26,1.12,true,true,BELOW,false
1053,2026-05-16 00:00,2026-05-18 05:45,191914,192129,216,0.2616,0.2612,0.153,0,2.609,13.47,DOWN,1,3,191916,2026-05-16 00:30,2,191918,2026-05-16 01:00,0.2615,0.75,4,-1,0.83,true,191919,2026-05-16 01:15,0.2608,0.27,3.18,true,true,BELOW,false
1054,2026-05-18 06:00,2026-05-19 09:00,192130,192238,109,0.2505,0.2496,0.361,0,6.612,23.16,DOWN,1,2,192138,2026-05-18 08:00,8,192139,2026-05-18 08:15,0.2498,0.222,9,-1,0.21,true,192140,2026-05-18 08:30,0.2492,0.72,1.12,true,true,ABOVE,false
1055,2026-05-19 09:15,2026-05-21 02:00,192239,192402,164,0.2518,0.2512,0.24,0,5.406,14.07,DOWN,1,1,192398,2026-05-21 01:00,159,192398,2026-05-21 01:00,0.2515,0.5,159,1,2.12,true,192399,2026-05-21 01:15,0.2507,0.36,1.51,true,true,BELOW,false
1056,2026-05-21 02:15,2026-05-21 10:00,192403,192434,32,0.2511,0.2505,0.238,0,9.019,12.92,UP,1,1,192406,2026-05-21 03:00,3,192406,2026-05-21 03:00,0.251,0.833,3,1,0.83,true,192407,2026-05-21 03:15,0.2514,0.08,1.24,true,true,BELOW,false
1057,2026-05-21 10:15,2026-05-22 23:30,192435,192584,150,0.2491,0.2485,0.243,0,11.662,19.44,DOWN,1,1,192455,2026-05-21 15:15,20,192455,2026-05-21 15:15,0.2489,0.667,20,-1,1.1,true,192456,2026-05-21 15:30,0.248,0.4,0.4,true,true,BELOW,false
1058,2026-05-22 23:45,2026-05-23 07:30,192585,192616,32,0.245,0.2437,0.537,0,8.618,10.41,DOWN,1,1,192600,2026-05-23 03:30,15,192600,2026-05-23 03:30,0.2437,0,15,-1,0.26,true,192601,2026-05-23 03:45,0.2435,1.07,3.28,false,false,BELOW,false
1059,2026-05-23 07:45,2026-05-23 20:15,192617,192667,51,0.2416,0.2405,0.463,0,11.18,13.52,DOWN,1,1,192639,2026-05-23 13:15,22,192639,2026-05-23 13:15,0.2407,0.182,22,-1,5.78,true,192640,2026-05-23 13:30,0.24,0.17,0.17,true,true,ABOVE,false
1060,2026-05-23 20:30,2026-05-27 04:15,192668,192987,320,0.2444,0.2437,0.281,0,9.618,12.85,UP,1,1,192731,2026-05-24 12:15,63,192731,2026-05-24 12:15,0.2442,0.714,63,1,2.06,true,192732,2026-05-24 12:30,0.2449,1.19,1.19,true,true,BELOW,false
1061,2026-05-27 04:30,2026-05-27 21:15,192988,193055,68,0.2401,0.239,0.461,0,6.069,18.86,UP,1,7,192989,2026-05-27 04:45,1,192995,2026-05-27 06:15,0.24,0.909,7,-1,0.45,true,192996,2026-05-27 06:30,0.2404,0,0.29,true,true,OVERLAP,false
1062,2026-05-27 21:30,2026-05-28 03:00,193056,193078,23,0.2405,0.239,0.632,1,13.703,23.14,BYPASS,0,0,,,,,,,,,,,,,,,,,,,BELOW,false
1063,2026-05-28 03:15,2026-05-29 22:45,193079,193253,175,0.2371,0.2359,0.512,0,9.421,11.76,DOWN,1,4,193138,2026-05-28 18:00,59,193141,2026-05-28 18:45,0.2361,0.167,62,1,0.25,true,193142,2026-05-28 19:00,0.2354,1.02,1.02,true,true,BELOW,false
1064,2026-05-29 23:00,2026-05-31 06:45,193254,193381,128,0.2333,0.2326,0.302,0,9.238,12.51,UP,1,2,193257,2026-05-29 23:45,3,193258,2026-05-30 00:00,0.2332,0.857,4,-1,1.9,true,193259,2026-05-30 00:15,0.2336,0,0,true,true,ABOVE,false
1065,2026-05-31 07:00,2026-06-07 00:45,193382,194029,648,0.2379,0.2374,0.211,0,2.901,10.39,DOWN,1,1,193392,2026-05-31 09:30,10,193392,2026-05-31 09:30,0.2377,0.6,10,1,1.06,true,193393,2026-05-31 09:45,0.2371,0.84,1.9,false,true,BELOW,false
1066,2026-06-07 01:00,2026-06-07 11:45,194030,194073,44,0.1576,0.1568,0.499,0,9.991,28.85,BYPASS,0,0,,,,,,,,,,,,,,,,,,,ABOVE,false
1067,2026-06-07 12:00,2026-06-09 04:15,194074,194235,162,0.1655,0.1643,0.743,0,2.88,10.91,UP,1,3,194116,2026-06-07 22:30,42,194118,2026-06-07 23:00,0.1654,0.917,44,1,0.64,true,194119,2026-06-07 23:15,0.1658,1.64,2.68,true,true,OVERLAP,false
1068,2026-06-09 04:30,2026-06-13 02:45,194236,194613,378,0.1663,0.1643,1.19,1,3.712,15.28,UP,1,3,194275,2026-06-09 14:15,39,194277,2026-06-09 14:45,0.1663,1,41,-1,1.79,true,194278,2026-06-09 15:00,0.1664,2.19,2.19,false,true,ABOVE,false
1069,2026-06-13 03:00,2026-06-14 21:00,194614,194782,169,0.1723,0.1714,0.526,0,4.885,12.81,UP,1,2,194629,2026-06-13 06:45,15,194630,2026-06-13 07:00,0.1719,0.556,16,1,1.76,true,194631,2026-06-13 07:15,0.1735,0,0,true,true,BELOW,false
1070,2026-06-14 21:15,2026-06-17 17:45,194783,195057,275,0.1675,0.1666,0.526,0,9.37,22.16,BYPASS,0,0,,,,,,,,,,,,,,,,,,,ABOVE,false
1071,2026-06-17 18:00,2026-06-19 07:15,195058,195207,150,0.1724,0.1702,1.301,0,8.489,15.17,DOWN,1,1,195060,2026-06-17 18:30,2,195060,2026-06-17 18:30,0.1716,0.636,2,-1,2.14,true,195061,2026-06-17 18:45,0.1695,3.29,3.94,false,false,BELOW,false
1072,2026-06-19 07:30,2026-06-20 04:45,195208,195293,86,0.1603,0.1598,0.314,0,6.468,20.47,UP,1,3,195210,2026-06-19 08:00,2,195212,2026-06-19 08:30,0.1603,1,4,-1,1.06,true,195213,2026-06-19 08:45,0.1604,0.56,0.75,true,true,ABOVE,false
1073,2026-06-20 05:00,2026-06-20 20:45,195294,195357,64,0.163,0.1624,0.365,0,5.666,12.93,UP,1,5,195305,2026-06-20 07:45,11,195309,2026-06-20 08:45,0.1628,0.667,15,1,0.58,true,195310,2026-06-20 09:00,0.1631,0.06,1.6,true,true,BELOW,false
1074,2026-06-20 21:00,2026-06-23 05:45,195358,195585,228,0.1616,0.1612,0.247,0,8.064,23.53,DOWN,1,2,195387,2026-06-21 04:15,29,195388,2026-06-21 04:30,0.1614,0.5,30,-1,1.41,true,195389,2026-06-21 04:45,0.1608,0.81,0.93,true,true,BELOW,false
1075,2026-06-23 06:00,2026-06-24 09:45,195586,195697,112,0.1577,0.1572,0.319,0,2.281,11.17,BYPASS,0,0,,,,,,,,,,,,,,,,,,,BELOW,false
1076,2026-06-24 10:00,2026-06-25 13:15,195698,195807,110,0.1504,0.15,0.271,0,29.325,61.22,DOWN,1,2,195774,2026-06-25 05:00,76,195775,2026-06-25 05:15,0.1502,0.5,77,1,1.42,true,195776,2026-06-25 05:30,0.1499,0.73,1.8,true,true,BELOW,false
1077,2026-06-25 13:30,2026-06-26 01:45,195808,195857,50,0.1483,0.1479,0.276,0,9.252,11.19,BYPASS,0,0,,,,,,,,,,,,,,,,,,,BELOW,false
1078,2026-06-26 02:00,2026-06-27 16:45,195858,196013,156,0.1422,0.1417,0.359,0,6.441,15.15,UP,1,2,195869,2026-06-26 04:45,11,195870,2026-06-26 05:00,0.1422,1,12,-1,1.11,true,195871,2026-06-26 05:15,0.1425,0,0,true,true,ABOVE,false
1079,2026-06-27 17:00,2026-06-28 12:45,196014,196093,80,0.1485,0.1481,0.271,0,12.842,24.37,BYPASS,0,0,,,,,,,,,,,,,,,,,,,BELOW,false
1080,2026-06-28 13:00,2026-06-29 11:45,196094,196185,92,0.1449,0.1447,0.139,0,5.584,13.97,DOWN,1,2,196099,2026-06-28 14:15,5,196100,2026-06-28 14:30,0.1447,0,6,-1,0.55,true,196101,2026-06-28 14:45,0.1444,1.24,1.87,true,true,OVERLAP,false
1081,2026-06-29 12:00,2026-07-01 00:45,196186,196333,148,0.145,0.1445,0.341,1,11.403,13.63,UP,1,2,196188,2026-06-29 12:30,2,196189,2026-06-29 12:45,0.1448,0.6,3,-1,1.06,true,196190,2026-06-29 13:00,0.1457,1.04,1.04,true,true,OVERLAP,false
1082,2026-07-01 01:00,2026-07-02 15:45,196334,196489,156,0.145,0.1441,0.63,2,5.079,11.47,UP,1,2,196336,2026-07-01 01:30,2,196337,2026-07-01 01:45,0.1448,0.778,3,-1,1.73,true,196338,2026-07-01 02:00,0.1452,0,0,true,true,ABOVE,false
1083,2026-07-02 16:00,2026-07-02 18:30,196490,196500,11,0.1609,0.1603,0.372,0,4.798,12.59,BYPASS,0,0,,,,,,,,,,,,,,,,,,,BELOW,false
1084,2026-07-02 18:45,2026-07-06 18:30,196501,196884,384,0.1599,0.1594,0.313,0,2.867,11.34,DOWN,1,2,196501,2026-07-02 18:45,0,196502,2026-07-02 19:00,0.1594,0,1,1,0.43,true,196503,2026-07-02 19:15,0.1591,0.25,0.25,true,true,ABOVE,false
1085,2026-07-06 18:45,2026-07-12 21:45,196885,197473,589,0.1833,0.1827,0.327,0,2.506,11.49,UP,1,4,196890,2026-07-06 20:00,5,196893,2026-07-06 20:45,0.183,0.5,8,-1,0.37,true,196894,2026-07-06 21:00,0.1854,0,0.99,true,true,BELOW,false
1086,2026-07-12 22:00,2026-07-13 12:45,197474,197533,60,0.1635,0.1631,0.247,0,23.183,34.77,DOWN,1,1,197483,2026-07-13 00:15,9,197483,2026-07-13 00:15,0.1635,1,9,-1,1.56,true,197484,2026-07-13 00:30,0.1619,2.33,3.68,false,false,BELOW,false
1087,2026-07-13 13:00,2026-07-13 17:15,197534,197551,18,0.1592,0.1588,0.253,0,7.256,11.02,UP,1,2,197538,2026-07-13 14:00,4,197539,2026-07-13 14:15,0.1591,0.75,5,-1,2.44,true,197540,2026-07-13 14:30,0.1597,0.69,1.57,true,true,BELOW,false
1088,2026-07-13 17:30,2026-07-13 21:15,197552,197567,16,0.1581,0.1576,0.318,0,4.991,16.74,DOWN,1,5,197560,2026-07-13 19:30,8,197564,2026-07-13 20:30,0.1576,0,12,-1,0.25,true,197565,2026-07-13 20:45,0.1574,1.46,1.46,false,true,BELOW,false
1089,2026-07-13 21:30,2026-07-14 04:45,197568,197597,30,0.1573,0.1568,0.321,0,5.93,11.77,DOWN,1,1,197575,2026-07-13 23:15,7,197575,2026-07-13 23:15,0.1568,0,7,-1,0.55,true,197576,2026-07-13 23:30,0.1566,0.19,0.51,true,true,ABOVE,false
1090,2026-07-14 05:00,2026-07-14 12:15,197598,197627,30,0.1581,0.1576,0.315,0,14.417,18.19,BYPASS,0,0,,,,,,,,,,,,,,,,,,,ABOVE,false
1091,2026-07-14 12:30,2026-07-15 12:15,197628,197723,96,0.1595,0.1584,0.685,0,7.086,12.91,BYPASS,0,0,,,,,,,,,,,,,,,,,,,ABOVE,false
1092,2026-07-15 12:30,2026-07-15 20:45,197724,197757,34,0.1646,0.1642,0.242,0,4.478,10.03,DOWN,1,1,197739,2026-07-15 16:15,15,197739,2026-07-15 16:15,0.1642,0,15,1,0.95,true,197740,2026-07-15 16:30,0.1633,0.73,0.79,true,true,OVERLAP,false
1093,2026-07-15 21:00,2026-07-19 01:45,197758,198065,308,0.1647,0.1642,0.304,1,5.254,13.44,UP,1,5,197758,2026-07-15 21:00,0,197762,2026-07-15 22:00,0.1646,0.8,4,1,0.95,true,197763,2026-07-15 22:15,0.1651,0,0.37,true,true,ABOVE,false
1094,2026-07-19 02:00,2026-07-20 04:45,198066,198173,108,0.167,0.1665,0.298,0,8.803,10.9,DOWN,1,5,198071,2026-07-19 03:15,5,198075,2026-07-19 04:15,0.1665,0,9,1,0.64,true,198076,2026-07-19 04:30,0.1664,0.54,1.26,true,true,BELOW,false
1095,2026-07-20 05:00,2026-07-20 11:15,198174,198199,26,0.1651,0.1641,0.613,0,6.958,12.32,BYPASS,0,0,,,,,,,,,,,,,,,,,,,BELOW,false
1096,2026-07-20 11:30,2026-07-21 04:45,198200,198269,70,0.1633,0.1629,0.243,0,10.709,23.34,BYPASS,0,0,,,,,,,,,,,,,,,,,,,ABOVE,false
1097,2026-07-21 05:00,2026-07-23 06:45,198270,198469,200,0.1726,0.172,0.342,0,10.159,15.45,UP,1,2,198342,2026-07-21 23:00,72,198343,2026-07-21 23:15,0.1726,1,73,1,0.49,true,198344,2026-07-21 23:30,0.1733,0,0.52,true,true,ABOVE,false
1098,2026-07-23 07:00,2026-07-23 23:45,198470,198537,68,0.1742,0.1738,0.231,0,5.286,16.43,DOWN,1,5,198476,2026-07-23 08:30,6,198480,2026-07-23 09:30,0.1738,0,10,1,0.56,true,198481,2026-07-23 09:45,0.1733,0.35,3.39,true,true,BELOW,false
1099,2026-07-24 00:00,2026-07-25 05:00,198538,198654,117,0.1687,0.1682,0.298,0,7.755,10.97,DOWN,1,1,198566,2026-07-24 07:00,28,198566,2026-07-24 07:00,0.1683,0.2,28,-1,3.06,true,198567,2026-07-24 07:15,0.1679,1.37,2.5,false,false,BELOW,false
1100,2026-07-25 05:15,2026-07-27 05:45,198655,198849,195,0.1638,0.1635,0.184,0,4.588,10.7,UP,1,1,198687,2026-07-25 13:15,32,198687,2026-07-25 13:15,0.1635,0,32,-1,1.51,true,198688,2026-07-25 13:30,0.1639,0.31,0.31,true,true,ABOVE,false
1101,2026-07-27 06:00,2026-07-27 12:00,198850,198874,25,0.166,0.1654,0.36,0,6.071,21.92,UP,1,1,198851,2026-07-27 06:15,1,198851,2026-07-27 06:15,0.166,1,1,1,1.64,true,198852,2026-07-27 06:30,0.1668,0.54,1.81,true,true,BELOW,false
1102,2026-07-27 12:15,2026-07-27 22:15,198875,198915,41,0.1649,0.1642,0.429,0,7.033,15.79,DOWN,1,2,198881,2026-07-27 13:45,6,198882,2026-07-27 14:00,0.1643,0.143,7,1,1.02,true,198883,2026-07-27 14:15,0.1622,4.45,4.45,false,false,BELOW,false
1103,2026-07-27 22:30,2026-08-05 02:45,198916,199701,786,0.1585,0.1577,0.51,0,9.392,11.08,DOWN,1,1,198960,2026-07-28 09:30,44,198960,2026-07-28 09:30,0.1577,0,44,-1,1.11,true,198961,2026-07-28 09:45,0.1572,0.89,1.65,false,true,ABOVE,false
1104,2026-08-05 03:00,2026-08-06 03:15,199702,199799,98,0.1927,0.192,0.367,0,8.644,18.05,DOWN,1,1,199718,2026-08-05 07:00,16,199718,2026-08-05 07:00,0.1926,0.857,16,-1,2,true,199719,2026-08-05 07:15,0.1918,0.1,0.16,true,true,BELOW,false
1105,2026-08-06 03:30,2026-08-06 09:45,199800,199825,26,0.1905,0.1897,0.428,0,9.08,24.43,BYPASS,0,0,,,,,,,,,,,,,,,,,,,BELOW,false
1106,2026-08-06 10:00,2026-08-08 05:15,199826,199999,174,0.1892,0.1884,0.424,0,5.248,13.55,UP,1,1,199826,2026-08-06 10:00,0,199826,2026-08-06 10:00,0.1886,0.25,0,-1,4.81,true,199827,2026-08-06 10:15,0.1895,0,0,true,true,,true