zoneId,startTime,endTime,startIndex,endIndex,duration,upper,lower,widthPct,merges,triggerChange,triggerSignal,outcome,insideRuns,insideBars,firstEntryIdx,firstEntryTime,entryLag,decisionIdx,decisionTime,decisionClose,pos,age,trendAt,volRatio,wickPoked,exitIdx,exitTime,exitClose,extShort,extLong,revertedShort,revertedLong,nextZoneSide,truncated
0,2023-05-04 06:00,2023-05-04 11:15,56,77,22,1.4032,1.3912,0.876,0,2.855,12.08,BYPASS,0,0,,,,,,,,,,,,,,,,,,,BELOW,false
1,2023-05-04 11:30,2023-05-04 23:15,78,125,48,1.3615,1.3564,0.381,0,6.202,16.71,BYPASS,0,0,,,,,,,,,,,,,,,,,,,BELOW,false
2,2023-05-04 23:30,2023-05-05 09:15,126,165,40,1.3223,1.3173,0.378,0,3.678,12.97,BYPASS,0,0,,,,,,,,,,,,,,,,,,,BELOW,false
3,2023-05-05 09:30,2023-05-07 23:30,166,414,249,1.2818,1.2709,0.838,0,5.399,17.01,UP,1,4,396,2023-05-07 19:00,230,399,2023-05-07 19:45,1.2795,0.789,233,-1,0.75,true,400,2023-05-07 20:00,1.2833,0,13.45,true,true,OVERLAP,false
4,2023-05-07 23:45,2023-05-12 05:30,415,822,408,1.2867,1.2709,1.272,1,19.109,42.45,BYPASS,0,0,,,,,,,,,,,,,,,,,,,BELOW,false
5,2023-05-12 05:45,2023-05-17 15:30,823,1342,520,1.039,1.0271,1.164,0,2.78,14.06,UP,1,3,826,2023-05-12 06:30,3,828,2023-05-12 07:00,1.0335,0.538,5,-1,1.35,true,829,2023-05-12 07:15,1.0399,0,0,true,true,ABOVE,false
6,2023-05-17 15:45,2023-05-18 17:15,1343,1445,103,1.1384,1.131,0.632,0,19.574,36.82,BYPASS,0,0,,,,,,,,,,,,,,,,,,,ABOVE,false
7,2023-05-18 17:30,2023-05-21 15:15,1446,1725,280,1.1596,1.1523,0.638,0,2.279,11.02,DOWN,1,1,1462,2023-05-18 21:30,16,1462,2023-05-18 21:30,1.1561,0.521,16,-1,1.76,true,1463,2023-05-18 21:45,1.1504,1.16,2.07,true,true,BELOW,false
8,2023-05-21 15:30,2023-05-23 18:00,1726,1928,203,1.1218,1.1186,0.301,0,21.278,29.35,BYPASS,0,0,,,,,,,,,,,,,,,,,,,BELOW,false
9,2023-05-23 18:15,2023-05-23 23:45,1929,1951,23,1.0588,1.056,0.266,0,2.299,10.36,DOWN,1,1,1930,2023-05-23 18:30,1,1930,2023-05-23 18:30,1.057,0.357,1,-1,0.63,true,1931,2023-05-23 18:45,1.0549,3.19,3.19,true,true,BELOW,false
10,2023-05-24 00:00,2023-05-24 13:30,1952,2006,55,1.0529,1.05,0.278,0,6.789,10.33,BYPASS,0,0,,,,,,,,,,,,,,,,,,,BELOW,false
11,2023-05-24 13:45,2023-05-25 15:00,2007,2108,102,0.98,0.97,1.039,0,4.71,10.58,DOWN,1,1,2015,2023-05-24 15:45,8,2015,2023-05-24 15:45,0.9737,0.37,8,-1,0.49,true,2016,2023-05-24 16:00,0.968,1.36,1.36,true,true,ABOVE,false
12,2023-05-25 15:15,2023-05-26 12:15,2109,2193,85,0.9869,0.9831,0.39,0,2.26,10.08,UP,1,3,2121,2023-05-25 18:15,12,2123,2023-05-25 18:45,0.9851,0.526,14,1,0.37,true,2124,2023-05-25 19:00,0.9888,0.41,0.51,true,true,OVERLAP,false
13,2023-05-26 12:30,2023-05-27 04:45,2194,2259,66,0.9871,0.9831,0.408,1,5.562,12.93,UP,1,2,2196,2023-05-26 13:00,2,2197,2023-05-26 13:15,0.9847,0.4,3,1,0.52,true,2198,2023-05-26 13:30,0.9964,0,0.24,true,true,ABOVE,false
14,2023-05-27 05:00,2023-05-28 05:15,2260,2357,98,0.9971,0.9945,0.258,0,9.251,17.78,UP,1,1,2265,2023-05-27 06:15,5,2265,2023-05-27 06:15,0.9967,0.846,5,1,0.48,true,2266,2023-05-27 06:30,1,0,0.16,true,true,ABOVE,false
15,2023-05-28 05:30,2023-05-30 07:45,2358,2559,202,1.0062,1.0049,0.13,0,6.221,16.02,UP,1,3,2364,2023-05-28 07:00,6,2366,2023-05-28 07:30,1.0049,0,8,1,0.35,true,2367,2023-05-28 07:45,1.0073,0.49,0.49,true,true,ABOVE,false
16,2023-05-30 08:00,2023-05-31 04:30,2560,2642,83,1.0349,1.0292,0.559,0,4.955,13.2,UP,1,4,2562,2023-05-30 08:30,2,2565,2023-05-30 09:15,1.0337,0.789,5,-1,0.98,true,2566,2023-05-30 09:30,1.0369,0,3.9,true,true,BELOW,false
17,2023-05-31 04:45,2023-06-01 02:30,2643,2730,88,0.9903,0.986,0.444,0,7.104,19.52,BYPASS,0,0,,,,,,,,,,,,,,,,,,,BELOW,false
18,2023-06-01 02:45,2023-06-01 06:30,2731,2746,16,0.9709,0.9654,0.578,0,5.655,12.74,BYPASS,0,0,,,,,,,,,,,,,,,,,,,BELOW,false
19,2023-06-01 06:45,2023-06-01 13:15,2747,2773,27,0.9593,0.9561,0.337,0,3.389,12.47,DOWN,1,3,2757,2023-06-01 09:15,10,2759,2023-06-01 09:45,0.958,0.594,12,-1,0.69,true,2760,2023-06-01 10:00,0.9548,0.41,0.53,true,true,ABOVE,false
20,2023-06-01 13:30,2023-06-03 05:30,2774,2934,161,0.9661,0.9621,0.412,0,6.717,22.02,DOWN,1,1,2785,2023-06-01 16:15,11,2785,2023-06-01 16:15,0.9635,0.35,11,-1,0.48,true,2786,2023-06-01 16:30,0.9588,0.38,1.26,true,true,BELOW,false
21,2023-06-03 05:45,2023-06-05 12:45,2935,3155,221,0.9272,0.923,0.459,0,6.48,15.56,UP,1,2,2938,2023-06-03 06:30,3,2939,2023-06-03 06:45,0.9248,0.429,4,-1,0.55,true,2940,2023-06-03 07:00,0.9291,0,0,true,true,BELOW,false
22,2023-06-05 13:00,2023-06-06 11:45,3156,3247,92,0.9119,0.9058,0.694,0,14.391,45.82,BYPASS,0,0,,,,,,,,,,,,,,,,,,,BELOW,false
23,2023-06-06 12:00,2023-06-08 09:15,3248,3429,182,0.8007,0.7965,0.543,0,8.541,43.32,DOWN,1,1,3303,2023-06-07 01:45,55,3303,2023-06-07 01:45,0.7984,0.452,55,1,1.21,true,3304,2023-06-07 02:00,0.7936,1.92,2,false,false,BELOW,false
24,2023-06-08 09:30,2023-06-10 04:00,3430,3600,171,0.7539,0.7497,0.568,0,8.498,22.54,DOWN,1,1,3446,2023-06-08 13:30,16,3446,2023-06-08 13:30,0.7521,0.571,16,-1,1.29,true,3447,2023-06-08 13:45,0.7486,1.09,4.95,true,true,BELOW,false
25,2023-06-10 04:15,2023-06-10 10:30,3601,3626,26,0.6732,0.6655,1.337,0,10.337,11.91,BYPASS,0,0,,,,,,,,,,,,,,,,,,,BELOW,false
26,2023-06-10 10:45,2023-06-12 02:00,3627,3784,158,0.5984,0.5913,1.159,0,3.143,10.4,DOWN,1,2,3633,2023-06-10 12:15,6,3634,2023-06-10 12:30,0.5942,0.408,7,-1,0.78,true,3635,2023-06-10 12:45,0.5885,1.05,1.05,true,true,OVERLAP,false
27,2023-06-12 02:15,2023-06-12 23:45,3785,3871,87,0.6009,0.5913,1.659,1,9.577,19.65,UP,1,3,3789,2023-06-12 03:15,4,3791,2023-06-12 03:45,0.5942,0.302,6,-1,0.64,true,3792,2023-06-12 04:00,0.601,0,0,true,true,ABOVE,false
28,2023-06-13 00:00,2023-06-13 15:00,3872,3932,61,0.6653,0.6603,0.734,0,4.395,23.54,BYPASS,0,0,,,,,,,,,,,,,,,,,,,ABOVE,false
29,2023-06-13 15:15,2023-06-13 23:45,3933,3967,35,0.7083,0.7013,1.029,0,4.171,10.28,BYPASS,0,0,,,,,,,,,,,,,,,,,,,BELOW,false
30,2023-06-14 00:00,2023-06-14 17:45,3968,4039,72,0.6986,0.6944,0.604,0,3.836,10.36,DOWN,1,1,3968,2023-06-14 00:00,0,3968,2023-06-14 00:00,0.6951,0.167,0,1,4.59,true,3969,2023-06-14 00:15,0.6839,1.51,1.51,true,true,BELOW,false
31,2023-06-14 18:00,2023-06-16 14:30,4040,4218,179,0.6844,0.6756,1.322,0,6.114,19.36,DOWN,1,3,4042,2023-06-14 18:30,2,4044,2023-06-14 19:00,0.6809,0.602,4,-1,1.37,true,4045,2023-06-14 19:15,0.674,7.49,7.49,false,false,BELOW,false
32,2023-06-16 14:45,2023-06-17 05:15,4219,4277,59,0.6348,0.6304,0.688,0,5.403,15.73,UP,1,1,4222,2023-06-16 15:30,3,4222,2023-06-16 15:30,0.6342,0.864,3,-1,0.76,true,4223,2023-06-16 15:45,0.6419,0,0,true,true,ABOVE,false
33,2023-06-17 05:30,2023-06-18 01:30,4278,4358,81,0.7323,0.7256,0.89,0,5.415,16.47,BYPASS,0,0,,,,,,,,,,,,,,,,,,,ABOVE,false
34,2023-06-18 01:45,2023-06-18 19:45,4359,4431,73,0.7494,0.745,0.579,0,3.401,10.34,UP,1,1,4408,2023-06-18 14:00,49,4408,2023-06-18 14:00,0.7485,0.795,49,1,2.09,true,4409,2023-06-18 14:15,0.751,0,4.63,true,true,OVERLAP,false
35,2023-06-18 20:00,2023-06-20 21:45,4432,4631,200,0.7494,0.7409,1.17,1,11.757,40.67,UP,1,2,4469,2023-06-19 05:15,37,4470,2023-06-19 05:30,0.7449,0.471,38,-1,1.12,true,4471,2023-06-19 05:45,0.7532,0,0,true,true,ABOVE,false
36,2023-06-20 22:00,2023-06-22 10:45,4632,4779,148,0.7947,0.79,0.581,0,3.133,10.54,UP,1,4,4677,2023-06-21 09:15,45,4680,2023-06-21 10:00,0.793,0.638,48,1,0.86,true,4681,2023-06-21 10:15,0.7954,1.16,3.1,true,true,ABOVE,false
37,2023-06-22 11:00,2023-06-28 02:30,4780,5322,543,0.8416,0.8381,0.428,0,12.192,18.32,DOWN,1,1,4792,2023-06-22 14:00,12,4792,2023-06-22 14:00,0.8386,0.143,12,1,0.92,true,4793,2023-06-22 14:15,0.8293,4.28,4.28,false,false,BELOW,false
38,2023-06-28 02:45,2023-06-28 05:45,5323,5335,13,0.7116,0.7077,0.554,0,3,10.09,UP,1,2,5324,2023-06-28 03:00,1,5325,2023-06-28 03:15,0.7096,0.487,2,-1,0.67,true,5326,2023-06-28 03:30,0.7117,0.66,5.41,true,true,OVERLAP,false
39,2023-06-28 06:00,2023-06-29 12:00,5336,5456,121,0.7116,0.7074,0.603,1,13.336,31.93,BYPASS,0,0,,,,,,,,,,,,,,,,,,,BELOW,false
40,2023-06-29 12:15,2023-06-30 01:45,5457,5511,55,0.684,0.6808,0.451,0,6.676,15,UP,1,1,5469,2023-06-29 15:15,12,5469,2023-06-29 15:15,0.6822,0.438,12,1,0.26,true,5470,2023-06-29 15:30,0.6845,0.81,2.03,true,true,BELOW,false
41,2023-06-30 02:00,2023-06-30 13:15,5512,5557,46,0.6748,0.6714,0.498,0,3.133,11.31,BYPASS,0,0,,,,,,,,,,,,,,,,,,,ABOVE,false
42,2023-06-30 13:30,2023-07-04 15:15,5558,5949,392,0.7064,0.7009,0.82,0,13.403,12.09,UP,1,2,5793,2023-07-03 00:15,235,5794,2023-07-03 00:30,0.7046,0.673,236,1,1.67,true,5795,2023-07-03 00:45,0.7119,1.16,1.84,true,true,ABOVE,false
43,2023-07-04 15:30,2023-07-04 18:45,5950,5963,14,0.7125,0.7066,0.843,0,3.243,10.43,BYPASS,0,0,,,,,,,,,,,,,,,,,,,BELOW,false
44,2023-07-04 19:00,2023-07-06 01:45,5964,6087,124,0.6966,0.6923,0.629,0,9.368,13.48,DOWN,1,1,5977,2023-07-04 22:15,13,5977,2023-07-04 22:15,0.6934,0.256,13,-1,0.27,true,5978,2023-07-04 22:30,0.6918,1.27,2.3,true,true,BELOW,false
45,2023-07-06 02:00,2023-07-06 11:30,6088,6126,39,0.664,0.6613,0.405,0,4.161,23.26,UP,1,1,6090,2023-07-06 02:30,2,6090,2023-07-06 02:30,0.6638,0.926,2,-1,0.79,true,6091,2023-07-06 02:45,0.6642,0.03,0.27,true,true,ABOVE,false
46,2023-07-06 11:45,2023-07-06 17:45,6127,6151,25,0.6723,0.6695,0.422,0,7.074,19.13,BYPASS,0,0,,,,,,,,,,,,,,,,,,,BELOW,false
47,2023-07-06 18:00,2023-07-07 12:15,6152,6225,74,0.6514,0.6475,0.585,0,6.031,12.12,UP,1,2,6174,2023-07-06 23:30,22,6175,2023-07-06 23:45,0.6484,0.231,23,-1,1.07,true,6176,2023-07-07 00:00,0.6521,0.74,0.74,true,true,OVERLAP,false
48,2023-07-07 12:30,2023-07-09 12:15,6226,6417,192,0.6535,0.6474,0.935,1,4.315,12.26,UP,1,2,6226,2023-07-07 12:30,0,6227,2023-07-07 12:45,0.6535,1,1,-1,1.38,true,6228,2023-07-07 13:00,0.6536,0,0.26,true,true,ABOVE,false
49,2023-07-09 12:30,2023-07-09 23:45,6418,6463,46,0.6579,0.6546,0.501,0,3.49,10.04,DOWN,1,1,6423,2023-07-09 13:45,5,6423,2023-07-09 13:45,0.6557,0.333,5,1,1.89,true,6424,2023-07-09 14:00,0.6539,0.38,0.38,true,true,OVERLAP,false
50,2023-07-10 00:00,2023-07-10 13:15,6464,6517,54,0.6591,0.6546,0.696,1,12.17,15.09,BYPASS,0,0,,,,,,,,,,,,,,,,,,,BELOW,false
51,2023-07-10 13:30,2023-07-12 19:00,6518,6732,215,0.6389,0.636,0.447,0,12.693,22.84,BYPASS,0,0,,,,,,,,,,,,,,,,,,,ABOVE,false
52,2023-07-12 19:15,2023-07-13 15:00,6733,6812,80,0.66,0.6586,0.214,0,11.815,33.83,DOWN,1,2,6781,2023-07-13 07:15,48,6782,2023-07-13 07:30,0.6591,0.357,49,-1,1.33,true,6783,2023-07-13 07:45,0.6562,0.55,0.71,true,true,OVERLAP,false
53,2023-07-13 15:15,2023-07-16 23:15,6813,7133,321,0.66,0.6585,0.224,1,8.507,18.44,BYPASS,0,0,,,,,,,,,,,,,,,,,,,ABOVE,false
54,2023-07-16 23:30,2023-07-18 08:45,7134,7267,134,0.6797,0.6746,0.758,0,5.701,12,DOWN,1,5,7142,2023-07-17 01:30,8,7146,2023-07-17 02:30,0.6769,0.451,12,-1,0.51,true,7147,2023-07-17 02:45,0.6738,0.27,0.27,true,true,ABOVE,false
55,2023-07-18 09:00,2023-07-18 15:45,7268,7295,28,0.7347,0.7286,0.826,0,4.583,12.58,UP,1,1,7271,2023-07-18 09:45,3,7271,2023-07-18 09:45,0.7326,0.656,3,1,1.14,true,7272,2023-07-18 10:00,0.7373,1,1.72,true,true,OVERLAP,false
56,2023-07-18 16:00,2023-07-20 18:00,7296,7496,201,0.7365,0.7286,1.044,1,5.322,11.61,UP,1,3,7326,2023-07-18 23:30,30,7328,2023-07-19 00:00,0.7349,0.797,32,1,1.85,true,7329,2023-07-19 00:15,0.7398,0,0,true,true,BELOW,false
57,2023-07-20 18:15,2023-07-22 21:00,7497,7700,204,0.6911,0.6894,0.249,0,2.709,25.82,DOWN,1,1,7501,2023-07-20 19:15,4,7501,2023-07-20 19:15,0.6902,0.471,4,-1,0.25,true,7502,2023-07-20 19:30,0.6882,1.36,1.36,true,true,ABOVE,false
58,2023-07-22 21:15,2023-07-24 09:30,7701,7846,146,0.6949,0.6928,0.301,0,2.651,11.19,DOWN,1,1,7708,2023-07-22 23:00,7,7708,2023-07-22 23:00,0.6948,0.952,7,1,0.98,true,7709,2023-07-22 23:15,0.6896,0.91,0.91,true,true,BELOW,false
59,2023-07-24 09:45,2023-07-24 23:45,7847,7903,57,0.6608,0.657,0.607,0,13.903,26.69,BYPASS,0,0,,,,,,,,,,,,,,,,,,,BELOW,false
60,2023-07-25 00:00,2023-07-30 19:30,7904,8462,559,0.637,0.6357,0.202,0,11.806,14.55,DOWN,1,1,7921,2023-07-25 04:15,17,7921,2023-07-25 04:15,0.6357,0,17,1,0.95,true,7922,2023-07-25 04:30,0.6348,0.42,1.05,true,true,BELOW,false
61,2023-07-30 19:45,2023-08-02 16:30,8463,8738,276,0.6283,0.6277,0.097,0,54.263,176.67,UP,1,2,8567,2023-07-31 21:45,104,8568,2023-07-31 22:00,0.6283,1,105,1,0.7,true,8569,2023-07-31 22:15,0.6291,0.14,3.46,true,true,BELOW,false
62,2023-08-02 16:45,2023-08-06 01:45,8739,9063,325,0.6206,0.6181,0.409,0,7.502,16.61,DOWN,1,1,8775,2023-08-03 01:45,36,8775,2023-08-03 01:45,0.6189,0.32,36,-1,1.45,true,8776,2023-08-03 02:00,0.6169,1.46,3.46,false,false,BELOW,false
63,2023-08-06 02:00,2023-08-09 12:15,9064,9393,330,0.5918,0.5899,0.318,0,10.046,29.42,UP,1,2,9130,2023-08-06 18:30,66,9131,2023-08-06 18:45,0.5913,0.737,67,1,0.72,true,9132,2023-08-06 19:00,0.5925,0,0.32,true,true,ABOVE,false
64,2023-08-09 12:30,2023-08-09 20:45,9394,9427,34,0.6012,0.5995,0.275,0,30.883,40.83,UP,1,2,9404,2023-08-09 15:00,10,9405,2023-08-09 15:15,0.6002,0.412,11,1,0.44,true,9406,2023-08-09 15:30,0.6018,0.73,2.02,true,true,BELOW,false
65,2023-08-09 21:00,2023-08-13 10:15,9428,9769,342,0.5958,0.5943,0.255,0,5.651,15.89,DOWN,1,4,9436,2023-08-09 23:00,8,9439,2023-08-09 23:45,0.5948,0.333,11,-1,0.52,true,9440,2023-08-10 00:00,0.5942,0.2,0.3,true,true,ABOVE,false
66,2023-08-13 10:30,2023-08-13 21:45,9770,9815,46,0.6073,0.6064,0.148,0,7.606,26.97,DOWN,1,3,9774,2023-08-13 11:30,4,9776,2023-08-13 12:00,0.6067,0.333,6,-1,0.65,true,9777,2023-08-13 12:15,0.6056,0.13,0.56,true,true,OVERLAP,false
67,2023-08-13 22:00,2023-08-15 05:30,9816,9942,127,0.6076,0.6057,0.315,1,8.43,16,BYPASS,0,0,,,,,,,,,,,,,,,,,,,BELOW,false
68,2023-08-15 05:45,2023-08-15 17:45,9943,9991,49,0.5918,0.5902,0.272,0,12.293,12.57,DOWN,1,2,9947,2023-08-15 06:45,4,9948,2023-08-15 07:00,0.5906,0.25,5,-1,0.42,true,9949,2023-08-15 07:15,0.5899,0.14,1.03,true,true,BELOW,false
69,2023-08-15 18:00,2023-08-15 18:45,9992,9995,4,0.5874,0.5862,0.206,0,4.285,11.49,BYPASS,0,0,,,,,,,,,,,,,,,,,,,OVERLAP,false
70,2023-08-15 19:00,2023-08-15 23:30,9996,10014,19,0.5874,0.5841,0.597,1,63.641,46.78,BYPASS,0,0,,,,,,,,,,,,,,,,,,,BELOW,false
71,2023-08-15 23:45,2023-08-16 20:00,10015,10096,82,0.5642,0.5621,0.375,0,6.552,20.53,DOWN,1,2,10016,2023-08-16 00:00,1,10017,2023-08-16 00:15,0.5631,0.476,2,-1,0.51,true,10018,2023-08-16 00:30,0.5596,0.91,0.91,true,true,BELOW,false
72,2023-08-16 20:15,2023-08-17 15:15,10097,10173,77,0.5402,0.5383,0.363,0,17.102,22.71,BYPASS,0,0,,,,,,,,,,,,,,,,,,,BELOW,false
73,2023-08-17 15:30,2023-08-17 21:15,10174,10197,24,0.5294,0.5249,0.863,0,11.007,10.33,BYPASS,0,0,,,,,,,,,,,,,,,,,,,BELOW,false
74,2023-08-17 21:30,2023-08-19 18:45,10198,10379,182,0.5166,0.512,1.064,0,9.741,14.39,BYPASS,0,0,,,,,,,,,,,,,,,,,,,ABOVE,false
75,2023-08-19 19:00,2023-08-21 15:00,10380,10556,177,0.539,0.534,0.9,0,5.947,11.09,UP,1,1,10484,2023-08-20 21:00,104,10484,2023-08-20 21:00,0.5385,0.9,104,1,2.61,true,10485,2023-08-20 21:15,0.5412,0,1.31,true,true,BELOW,false
76,2023-08-21 15:15,2023-08-24 20:30,10557,10866,310,0.5303,0.5252,0.996,0,8.978,15.1,DOWN,1,1,10622,2023-08-22 07:30,65,10622,2023-08-22 07:30,0.5261,0.176,65,-1,3.88,true,10623,2023-08-22 07:45,0.5239,0.29,0.29,true,true,ABOVE,false
77,2023-08-24 20:45,2023-08-27 02:30,10867,11082,216,0.5662,0.5641,0.375,0,7.436,13,DOWN,1,2,10874,2023-08-24 22:30,7,10875,2023-08-24 22:45,0.5647,0.286,8,-1,0.64,true,10876,2023-08-24 23:00,0.5637,1.54,5.5,true,true,ABOVE,false
78,2023-08-27 02:45,2023-08-29 02:45,11083,11275,193,0.58,0.5781,0.331,0,3.743,25.46,DOWN,1,3,11087,2023-08-27 03:45,4,11089,2023-08-27 04:15,0.579,0.474,6,1,0.41,true,11090,2023-08-27 04:30,0.5769,0.52,0.52,true,true,BELOW,false
79,2023-08-29 03:00,2023-08-29 10:00,11276,11304,29,0.5418,0.5391,0.513,0,19.208,32.49,BYPASS,0,0,,,,,,,,,,,,,,,,,,,BELOW,false
80,2023-08-29 10:15,2023-08-29 14:00,11305,11320,16,0.5177,0.5162,0.293,0,4.608,16.69,NONE,1,1,11320,2023-08-29 14:00,15,11320,2023-08-29 14:00,0.5165,0.2,15,-1,2.18,true,,,,,,,,OVERLAP,false
81,2023-08-29 14:15,2023-09-03 16:15,11321,11809,489,0.519,0.5132,1.088,1,6.123,11.68,UP,1,2,11418,2023-08-30 14:30,97,11419,2023-08-30 14:45,0.5187,0.948,98,-1,4.21,true,11420,2023-08-30 15:00,0.5194,0,0,true,true,BELOW,false
82,2023-09-03 16:30,2023-09-04 04:15,11810,11857,48,0.4792,0.4774,0.379,0,6.88,14.08,UP,1,1,11815,2023-09-03 17:45,5,11815,2023-09-03 17:45,0.478,0.333,5,-1,0.32,true,11816,2023-09-03 18:00,0.4795,0,0,true,true,ABOVE,false
83,2023-09-04 04:30,2023-09-04 07:45,11858,11871,14,0.4876,0.4858,0.369,0,6.468,14.62,DOWN,1,2,11858,2023-09-04 04:30,0,11859,2023-09-04 04:45,0.4869,0.611,1,1,0.47,true,11860,2023-09-04 05:00,0.4845,0.76,0.76,true,true,OVERLAP,false
84,2023-09-04 08:00,2023-09-05 06:30,11872,11962,91,0.4881,0.4858,0.47,1,9.356,10.45,DOWN,1,4,11873,2023-09-04 08:15,1,11876,2023-09-04 09:00,0.4872,0.609,4,1,2.04,true,11877,2023-09-04 09:15,0.4857,1.15,1.98,false,false,BELOW,false
85,2023-09-05 06:45,2023-09-06 02:15,11963,12041,79,0.4731,0.4714,0.36,0,7.121,17.5,UP,1,2,11963,2023-09-05 06:45,0,11964,2023-09-05 07:00,0.4729,0.882,1,-1,0.74,true,11965,2023-09-05 07:15,0.4733,0.04,0.04,true,true,ABOVE,false
86,2023-09-06 02:30,2023-09-06 09:30,12042,12070,29,0.4898,0.4876,0.45,0,7.583,14.15,UP,1,1,12042,2023-09-06 02:30,0,12042,2023-09-06 02:30,0.4884,0.364,0,1,4.39,true,12043,2023-09-06 02:45,0.4899,1.03,1.85,true,true,BELOW,false
87,2023-09-06 09:45,2023-09-07 20:45,12071,12211,141,0.4835,0.4817,0.372,0,7.402,15.17,UP,1,2,12089,2023-09-06 14:15,18,12090,2023-09-06 14:30,0.4825,0.444,19,1,1.33,true,12091,2023-09-06 14:45,0.4839,0.08,1.74,true,true,OVERLAP,false
88,2023-09-07 21:00,2023-09-08 03:00,12212,12236,25,0.4835,0.4812,0.475,1,5.394,14.51,UP,1,3,12213,2023-09-07 21:15,1,12215,2023-09-07 21:45,0.4825,0.565,3,-1,0.65,true,12216,2023-09-07 22:00,0.4845,0,0,true,true,OVERLAP,false
89,2023-09-08 03:15,2023-09-08 05:45,12237,12247,11,0.4856,0.4812,0.906,2,9.787,18.25,UP,1,1,12237,2023-09-08 03:15,0,12237,2023-09-08 03:15,0.4855,0.977,0,1,8.05,true,12238,2023-09-08 03:30,0.4871,0,0.17,true,true,OVERLAP,false
90,2023-09-08 06:00,2023-09-08 09:45,12248,12263,16,0.4875,0.4812,1.305,3,7.78,14.2,NONE,1,16,12248,2023-09-08 06:00,0,12263,2023-09-08 09:45,0.4812,0,15,1,1.08,true,,,,,,,,OVERLAP,false
91,2023-09-08 10:00,2023-09-08 22:30,12264,12314,51,0.4875,0.4809,1.382,4,5.969,12.49,DOWN,1,1,12281,2023-09-08 14:15,17,12281,2023-09-08 14:15,0.481,0.015,17,-1,0.31,true,12282,2023-09-08 14:30,0.48,0.85,0.85,false,true,OVERLAP,false
92,2023-09-08 22:45,2023-09-10 04:00,12315,12432,118,0.4875,0.4804,1.476,5,6.484,13.89,DOWN,1,5,12315,2023-09-08 22:45,0,12319,2023-09-08 23:45,0.4812,0.113,4,-1,0.7,true,12320,2023-09-09 00:00,0.4799,0.69,0.69,true,true,BELOW,false
93,2023-09-10 04:15,2023-09-10 19:15,12433,12493,61,0.4775,0.4746,0.636,0,11.326,12.8,BYPASS,0,0,,,,,,,,,,,,,,,,,,,BELOW,false
94,2023-09-10 19:30,2023-09-11 13:45,12494,12567,74,0.4494,0.4483,0.245,0,7.591,13.47,UP,1,1,12495,2023-09-10 19:45,1,12495,2023-09-10 19:45,0.4494,1,1,-1,0.83,true,12496,2023-09-10 20:00,0.451,0,0.89,true,true,BELOW,false
95,2023-09-11 14:00,2023-09-12 10:00,12568,12648,81,0.4336,0.4304,0.747,0,7.267,12.27,UP,1,4,12573,2023-09-11 15:15,5,12576,2023-09-11 16:00,0.4319,0.469,8,-1,1.07,true,12577,2023-09-11 16:15,0.4344,0.56,3.07,true,true,ABOVE,false
96,2023-09-12 10:15,2023-09-13 07:15,12649,12733,85,0.4467,0.4443,0.528,0,12.639,17.59,UP,1,2,12653,2023-09-12 11:15,4,12654,2023-09-12 11:30,0.4451,0.333,5,1,0.75,true,12655,2023-09-12 11:45,0.4474,0.5,4.88,true,true,BELOW,false
97,2023-09-13 07:30,2023-09-13 12:15,12734,12753,20,0.4265,0.4247,0.418,0,22.876,49.7,BYPASS,0,0,,,,,,,,,,,,,,,,,,,ABOVE,false
98,2023-09-13 12:30,2023-09-13 22:00,12754,12792,39,0.4377,0.4359,0.416,0,3.629,12.04,DOWN,1,1,12765,2023-09-13 15:15,11,12765,2023-09-13 15:15,0.4364,0.278,11,1,0.76,true,12766,2023-09-13 15:30,0.4358,1.15,1.4,false,false,OVERLAP,false
99,2023-09-13 22:15,2023-09-14 21:45,12793,12887,95,0.4377,0.4347,0.679,1,5.681,18.3,UP,1,2,12822,2023-09-14 05:30,29,12823,2023-09-14 05:45,0.4371,0.8,30,1,0.58,true,12824,2023-09-14 06:00,0.4399,0,0,true,true,ABOVE,false
100,2023-09-14 22:00,2023-09-15 20:45,12888,12979,92,0.4421,0.4403,0.403,0,8.951,26.74,UP,1,2,12896,2023-09-15 00:00,8,12897,2023-09-15 00:15,0.4418,0.833,9,1,0.81,true,12898,2023-09-15 00:30,0.4429,0.68,0.68,true,true,BELOW,false
101,2023-09-15 21:00,2023-09-17 15:45,12980,13151,172,0.4402,0.4392,0.226,0,3.806,11.42,BYPASS,0,0,,,,,,,,,,,,,,,,,,,ABOVE,false
102,2023-09-17 16:00,2023-09-17 20:15,13152,13169,18,0.4437,0.4426,0.25,0,7.866,16.64,BYPASS,0,0,,,,,,,,,,,,,,,,,,,BELOW,false
103,2023-09-17 20:30,2023-09-17 23:45,13170,13183,14,0.4398,0.4389,0.209,0,23.54,55.78,BYPASS,0,0,,,,,,,,,,,,,,,,,,,BELOW,false
104,2023-09-18 00:00,2023-09-19 13:30,13184,13334,151,0.4352,0.4335,0.393,0,4.688,12.02,UP,1,1,13193,2023-09-18 02:15,9,13193,2023-09-18 02:15,0.4351,0.941,9,-1,1.5,true,13194,2023-09-18 02:30,0.4364,0,0,true,true,ABOVE,false
105,2023-09-19 13:45,2023-09-20 19:00,13335,13452,118,0.4533,0.4517,0.357,0,13.672,29.53,DOWN,1,1,13344,2023-09-19 16:00,9,13344,2023-09-19 16:00,0.4524,0.438,9,1,1.45,true,13345,2023-09-19 16:15,0.45,0.89,1,false,true,BELOW,false
106,2023-09-20 19:15,2023-09-20 23:45,13453,13471,19,0.4462,0.4442,0.455,0,19.761,15.58,UP,1,1,13460,2023-09-20 21:00,7,13460,2023-09-20 21:00,0.4447,0.25,7,-1,1.07,true,13461,2023-09-20 21:15,0.4463,0.14,0.14,true,true,OVERLAP,false
107,2023-09-21 00:00,2023-09-24 11:45,13472,13807,336,0.4472,0.4442,0.663,1,7.76,15.76,UP,1,1,13493,2023-09-21 05:15,21,13493,2023-09-21 05:15,0.4468,0.867,21,1,1.63,true,13494,2023-09-21 05:30,0.4476,0.45,2.25,true,true,OVERLAP,false
108,2023-09-24 12:00,2023-09-28 14:15,13808,14201,394,0.4472,0.4398,1.632,2,8.263,10.86,UP,1,12,13816,2023-09-24 14:00,8,13827,2023-09-24 16:45,0.4457,0.797,19,1,0.13,true,13828,2023-09-24 17:00,0.448,0,0,true,true,BELOW,false
109,2023-09-28 14:30,2023-09-29 04:30,14202,14258,57,0.4392,0.4377,0.338,0,5.712,11.69,BYPASS,0,0,,,,,,,,,,,,,,,,,,,ABOVE,false
110,2023-09-29 04:45,2023-09-30 21:15,14259,14421,163,0.4494,0.4472,0.486,0,3.779,12.3,BYPASS,0,0,,,,,,,,,,,,,,,,,,,ABOVE,false
111,2023-09-30 21:30,2023-10-02 10:45,14422,14571,150,0.4758,0.4741,0.36,0,3.01,10.25,DOWN,1,1,14425,2023-09-30 22:15,3,14425,2023-09-30 22:15,0.4742,0.059,3,1,0.65,true,14426,2023-09-30 22:30,0.4731,1.9,2.13,false,false,ABOVE,false
112,2023-10-02 11:00,2023-10-02 18:15,14572,14601,30,0.4947,0.4929,0.366,0,5.74,15.36,BYPASS,0,0,,,,,,,,,,,,,,,,,,,BELOW,false
113,2023-10-02 18:30,2023-10-05 12:45,14602,14867,266,0.4794,0.4765,0.622,0,12.85,41.22,BYPASS,0,0,,,,,,,,,,,,,,,,,,,BELOW,false
114,2023-10-05 13:00,2023-10-06 11:30,14868,14958,91,0.4396,0.4385,0.247,0,22.68,24.11,DOWN,1,1,14942,2023-10-06 07:30,74,14942,2023-10-06 07:30,0.4387,0.182,74,-1,1.72,true,14943,2023-10-06 07:45,0.4381,0.25,1.28,true,true,BELOW,false
115,2023-10-06 11:45,2023-10-06 21:15,14959,14997,39,0.4365,0.4356,0.207,0,5.808,15.11,UP,1,3,14960,2023-10-06 12:00,1,14962,2023-10-06 12:30,0.436,0.444,3,-1,4.51,true,14963,2023-10-06 12:45,0.4381,0,0,true,true,ABOVE,false
116,2023-10-06 21:30,2023-10-08 18:45,14998,15179,182,0.4449,0.4442,0.157,0,4.737,10.79,DOWN,1,1,15050,2023-10-07 10:30,52,15050,2023-10-07 10:30,0.4442,0,52,1,1.43,true,15051,2023-10-07 10:45,0.4432,0.81,1.06,true,true,BELOW,false
117,2023-10-08 19:00,2023-10-09 07:00,15180,15228,49,0.4377,0.4367,0.228,0,7.53,10.04,UP,1,2,15184,2023-10-08 20:00,4,15185,2023-10-08 20:15,0.4374,0.7,5,-1,0.36,true,15186,2023-10-08 20:30,0.4384,0.3,0.55,true,true,OVERLAP,false
118,2023-10-09 07:15,2023-10-09 15:45,15229,15263,35,0.4377,0.4355,0.507,1,14.257,10.93,BYPASS,0,0,,,,,,,,,,,,,,,,,,,BELOW,false
119,2023-10-09 16:00,2023-10-10 12:30,15264,15346,83,0.4129,0.4115,0.341,0,6.008,20.4,UP,1,2,15270,2023-10-09 17:30,6,15271,2023-10-09 17:45,0.4128,0.929,7,-1,0.43,true,15272,2023-10-09 18:00,0.4136,0.17,0.61,true,true,ABOVE,false
120,2023-10-10 12:45,2023-10-11 02:15,15347,15401,55,0.4148,0.4137,0.267,0,4.869,10.17,UP,1,1,15351,2023-10-10 13:45,4,15351,2023-10-10 13:45,0.4143,0.545,4,1,0.88,true,15352,2023-10-10 14:00,0.4176,0.46,0.46,true,true,OVERLAP,false
121,2023-10-11 02:30,2023-10-11 21:00,15402,15476,75,0.4148,0.4125,0.564,1,10.928,20.86,DOWN,1,1,15431,2023-10-11 09:45,29,15431,2023-10-11 09:45,0.4128,0.13,29,-1,1.4,true,15432,2023-10-11 10:00,0.4124,0.32,2.96,true,true,BELOW,false
122,2023-10-11 21:15,2023-10-13 13:30,15477,15638,162,0.4078,0.4067,0.269,0,4.959,11.65,DOWN,1,2,15490,2023-10-12 00:30,13,15491,2023-10-12 00:45,0.4072,0.455,14,-1,0.61,true,15492,2023-10-12 01:00,0.4061,0.59,0.59,true,true,ABOVE,false
123,2023-10-13 13:45,2023-10-14 03:45,15639,15695,57,0.4114,0.4099,0.364,0,10.603,16.54,UP,1,1,15660,2023-10-13 19:00,21,15660,2023-10-13 19:00,0.4114,1,21,1,0.3,true,15661,2023-10-13 19:15,0.4116,0.1,0.1,true,true,ABOVE,false
124,2023-10-14 04:00,2023-10-15 20:15,15696,15857,162,0.4162,0.4156,0.144,0,5.394,19.41,DOWN,1,1,15701,2023-10-14 05:15,5,15701,2023-10-14 05:15,0.4162,1,5,1,0.3,true,15702,2023-10-14 05:30,0.4153,0.26,0.26,true,true,BELOW,false
125,2023-10-15 20:30,2023-10-16 05:00,15858,15892,35,0.4097,0.4093,0.097,0,17.623,23.91,UP,1,2,15869,2023-10-15 23:15,11,15870,2023-10-15 23:30,0.4095,0.5,12,-1,0.36,true,15871,2023-10-15 23:45,0.4104,0,0,true,true,ABOVE,false
126,2023-10-16 05:15,2023-10-17 16:30,15893,16034,142,0.4143,0.4119,0.573,0,8.544,17.72,DOWN,1,1,15929,2023-10-16 14:15,36,15929,2023-10-16 14:15,0.4123,0.167,36,1,0.62,true,15930,2023-10-16 14:30,0.411,1.41,1.41,false,false,BELOW,false
127,2023-10-17 16:45,2023-10-17 23:45,16035,16063,29,0.3831,0.3823,0.21,0,5.372,10.24,BYPASS,0,0,,,,,,,,,,,,,,,,,,,BELOW,false
128,2023-10-18 00:00,2023-10-19 01:15,16064,16165,102,0.3813,0.3802,0.29,0,5.259,12.31,DOWN,1,1,16065,2023-10-18 00:15,1,16065,2023-10-18 00:15,0.3809,0.636,1,-1,1.75,true,16066,2023-10-18 00:30,0.378,4.39,4.39,false,false,OVERLAP,false
129,2023-10-19 01:30,2023-10-21 06:15,16166,16377,212,0.3813,0.3796,0.458,1,12.556,29.75,UP,1,1,16291,2023-10-20 08:45,125,16291,2023-10-20 08:45,0.3813,1,125,1,1.4,true,16292,2023-10-20 09:00,0.3814,0.32,1.55,true,true,ABOVE,false
130,2023-10-21 06:30,2023-10-21 09:30,16378,16390,13,0.3846,0.3833,0.336,0,7.626,17.96,BYPASS,0,0,,,,,,,,,,,,,,,,,,,ABOVE,false
131,2023-10-21 09:45,2023-10-22 22:15,16391,16537,147,0.3886,0.3877,0.231,0,4.751,20.82,DOWN,1,1,16392,2023-10-21 10:00,1,16392,2023-10-21 10:00,0.3881,0.444,1,1,1.29,true,16393,2023-10-21 10:15,0.3874,0.28,1.19,true,true,ABOVE,false
132,2023-10-22 22:30,2023-10-24 08:45,16538,16675,138,0.4,0.3989,0.273,0,5.235,13.37,UP,1,3,16576,2023-10-23 08:00,38,16578,2023-10-23 08:30,0.3995,0.545,40,1,0.35,true,16579,2023-10-23 08:45,0.4007,1.7,1.7,true,true,ABOVE,false
133,2023-10-24 09:00,2023-10-26 23:45,16676,16927,252,0.4331,0.431,0.471,0,39.348,59.72,DOWN,1,1,16706,2023-10-24 16:30,30,16706,2023-10-24 16:30,0.4316,0.286,30,1,0.71,true,16707,2023-10-24 16:45,0.4308,1.69,1.69,true,true,ABOVE,false
134,2023-10-27 00:00,2023-10-30 05:45,16928,17239,312,0.4411,0.4391,0.445,0,12.865,19.55,DOWN,1,1,16932,2023-10-27 01:00,4,16932,2023-10-27 01:00,0.441,0.95,4,1,4.57,true,16933,2023-10-27 01:15,0.4387,2.21,2.21,true,true,ABOVE,false
135,2023-10-30 06:00,2023-10-30 16:45,17240,17283,44,0.4548,0.4521,0.602,0,4.915,11.64,DOWN,1,2,17243,2023-10-30 06:45,3,17244,2023-10-30 07:00,0.4531,0.37,4,-1,0.78,true,17245,2023-10-30 07:15,0.4495,1,1,true,true,ABOVE,false
136,2023-10-30 17:00,2023-11-01 09:30,17284,17446,163,0.4596,0.4572,0.531,0,7.179,15.77,DOWN,1,4,17292,2023-10-30 19:00,8,17295,2023-10-30 19:45,0.458,0.333,11,1,0.28,true,17296,2023-10-30 20:00,0.457,0.44,0.44,true,true,BELOW,false
137,2023-11-01 09:45,2023-11-04 16:15,17447,17761,315,0.4379,0.436,0.435,0,2.911,11.69,DOWN,1,1,17447,2023-11-01 09:45,0,17447,2023-11-01 09:45,0.4371,0.579,0,-1,2.23,true,17448,2023-11-01 10:00,0.4353,1.81,1.81,false,true,ABOVE,false
138,2023-11-04 16:30,2023-11-05 13:30,17762,17846,85,0.459,0.4562,0.591,0,11.921,17.42,BYPASS,0,0,,,,,,,,,,,,,,,,,,,ABOVE,false
139,2023-11-05 13:45,2023-11-06 05:00,17847,17908,62,0.5086,0.5046,0.821,0,5.849,13.21,BYPASS,0,0,,,,,,,,,,,,,,,,,,,BELOW,false
140,2023-11-06 05:15,2023-11-06 08:45,17909,17923,15,0.5005,0.4981,0.49,0,8.457,12.18,DOWN,1,3,17914,2023-11-06 06:30,5,17916,2023-11-06 07:00,0.4982,0.042,7,-1,0.73,true,17917,2023-11-06 07:15,0.495,1.14,1.14,true,true,OVERLAP,false
141,2023-11-06 09:00,2023-11-10 20:00,17924,18352,429,0.5005,0.4949,1.107,1,2.995,11.82,UP,1,1,18046,2023-11-07 15:30,122,18046,2023-11-07 15:30,0.4978,0.518,122,1,4.69,true,18047,2023-11-07 15:45,0.5054,0.67,0.67,true,true,ABOVE,false
142,2023-11-10 20:15,2023-11-12 05:30,18353,18486,134,0.5616,0.5574,0.7,0,15.426,36.76,BYPASS,0,0,,,,,,,,,,,,,,,,,,,ABOVE,false
143,2023-11-12 05:45,2023-11-18 18:15,18487,19113,627,0.5777,0.5749,0.481,0,4.924,17.19,UP,1,1,18701,2023-11-14 11:15,214,18701,2023-11-14 11:15,0.5759,0.357,214,-1,3.46,true,18702,2023-11-14 11:30,0.5786,0.5,0.5,true,true,BELOW,false
144,2023-11-18 18:30,2023-11-20 13:45,19114,19287,174,0.546,0.5437,0.418,0,5.36,11.02,UP,1,3,19121,2023-11-18 20:15,7,19123,2023-11-18 20:45,0.5447,0.435,9,1,0.29,true,19124,2023-11-18 21:00,0.5466,0.68,2.85,true,true,ABOVE,false
145,2023-11-20 14:00,2023-11-20 23:45,19288,19327,40,0.5623,0.5582,0.742,0,6.042,13.74,UP,1,1,19289,2023-11-20 14:15,1,19289,2023-11-20 14:15,0.5616,0.829,1,1,1.72,true,19290,2023-11-20 14:30,0.5644,0,0.82,true,true,BELOW,false
146,2023-11-21 00:00,2023-11-24 23:45,19328,19711,384,0.5564,0.5542,0.395,0,6.79,18.79,DOWN,1,2,19337,2023-11-21 02:15,9,19338,2023-11-21 02:30,0.5544,0.091,10,1,1.43,true,19339,2023-11-21 02:45,0.5488,1.15,1.15,true,true,ABOVE,false
147,2023-11-25 00:00,2023-11-29 22:45,19712,20187,476,0.6291,0.6258,0.514,0,5.446,10.42,UP,1,1,19858,2023-11-26 12:30,146,19858,2023-11-26 12:30,0.6274,0.485,146,-1,1.28,true,19859,2023-11-26 12:45,0.6303,0.83,2.99,true,true,BELOW,false
148,2023-11-29 23:00,2023-11-30 18:15,20188,20265,78,0.5964,0.5948,0.266,0,5.003,14.1,UP,1,2,20235,2023-11-30 10:45,47,20236,2023-11-30 11:00,0.5962,0.875,48,1,0.3,true,20237,2023-11-30 11:15,0.6004,0,0.87,true,true,OVERLAP,false
149,2023-11-30 18:30,2023-11-30 23:45,20266,20287,22,0.5964,0.5929,0.582,1,6.315,14.48,UP,1,6,20271,2023-11-30 19:45,5,20276,2023-11-30 21:00,0.5944,0.429,10,1,0.55,true,20277,2023-11-30 21:15,0.5972,0.42,0.42,true,true,OVERLAP,false
150,2023-12-01 00:00,2023-12-02 08:30,20288,20418,131,0.5982,0.5929,0.883,2,7.653,13.95,UP,1,2,20291,2023-12-01 00:45,3,20292,2023-12-01 01:00,0.5978,0.925,4,-1,1.84,true,20293,2023-12-01 01:15,0.6069,0,0,true,true,ABOVE,false
151,2023-12-02 08:45,2023-12-04 10:45,20419,20619,201,0.6149,0.6134,0.243,0,5.662,21.23,UP,1,1,20492,2023-12-03 03:00,73,20492,2023-12-03 03:00,0.614,0.4,73,1,1.45,true,20493,2023-12-03 03:15,0.6166,0.33,0.33,true,true,ABOVE,false
152,2023-12-04 11:00,2023-12-07 23:45,20620,20959,340,0.6247,0.6196,0.877,0,13.437,19.29,DOWN,1,1,20643,2023-12-04 16:45,23,20643,2023-12-04 16:45,0.6203,0.137,23,-1,1.54,true,20644,2023-12-04 17:00,0.6187,1.18,1.18,true,true,ABOVE,false
153,2023-12-08 00:00,2023-12-09 23:00,20960,21148,189,0.6738,0.6701,0.548,0,3.554,10.18,UP,1,1,20993,2023-12-08 08:15,33,20993,2023-12-08 08:15,0.6726,0.676,33,1,0.76,true,20994,2023-12-08 08:30,0.6747,0.13,0.13,true,true,ABOVE,false
154,2023-12-09 23:15,2023-12-11 11:00,21149,21292,144,0.6914,0.6884,0.442,0,4.11,10.32,DOWN,1,2,21157,2023-12-10 01:15,8,21158,2023-12-10 01:30,0.6885,0.033,9,-1,0.44,true,21159,2023-12-10 01:45,0.6877,0.96,0.96,true,true,BELOW,false
155,2023-12-11 11:15,2023-12-11 17:45,21293,21319,27,0.6568,0.6527,0.625,0,3.111,10.77,UP,1,3,21293,2023-12-11 11:15,0,21295,2023-12-11 11:45,0.6568,1,2,-1,0.54,true,21296,2023-12-11 12:00,0.6585,2.99,5.96,true,true,BELOW,false
156,2023-12-11 18:00,2023-12-13 14:45,21320,21499,180,0.6291,0.6234,0.924,0,7.151,15.32,UP,1,5,21332,2023-12-11 21:00,12,21336,2023-12-11 22:00,0.6265,0.544,16,-1,0.34,true,21337,2023-12-11 22:15,0.6308,0,0,true,true,ABOVE,false
157,2023-12-13 15:00,2023-12-13 18:45,21500,21515,16,0.6347,0.6307,0.625,0,3.898,10.48,BYPASS,0,0,,,,,,,,,,,,,,,,,,,ABOVE,false
158,2023-12-13 19:00,2023-12-13 22:45,21516,21531,16,0.6424,0.6385,0.599,0,5.443,16.95,BYPASS,0,0,,,,,,,,,,,,,,,,,,,ABOVE,false
159,2023-12-13 23:00,2023-12-14 09:00,21532,21572,41,0.6609,0.6571,0.578,0,5.998,14.25,DOWN,1,1,21532,2023-12-13 23:00,0,21532,2023-12-13 23:00,0.6571,0,0,1,4.19,true,21533,2023-12-13 23:15,0.6549,1.78,2.3,false,false,BELOW,false
160,2023-12-14 09:15,2023-12-15 19:00,21573,21708,136,0.6488,0.6452,0.549,0,7.304,12.18,UP,1,2,21589,2023-12-14 13:15,16,21590,2023-12-14 13:30,0.6469,0.472,17,1,6.07,true,21591,2023-12-14 13:45,0.6549,0,0,true,true,BELOW,false
161,2023-12-15 19:15,2023-12-16 14:45,21709,21787,79,0.6356,0.6337,0.295,0,9.038,36.46,DOWN,1,1,21718,2023-12-15 21:30,9,21718,2023-12-15 21:30,0.6346,0.474,9,-1,1.31,true,21719,2023-12-15 21:45,0.6323,2.92,5.27,false,false,OVERLAP,false
162,2023-12-16 15:00,2023-12-18 01:15,21788,21925,138,0.6364,0.6337,0.423,1,2.959,10.58,UP,1,1,21807,2023-12-16 19:45,19,21807,2023-12-16 19:45,0.6338,0.037,19,1,0.71,true,21808,2023-12-16 20:00,0.6372,1.28,1.28,true,true,BELOW,false
163,2023-12-18 01:30,2023-12-18 09:00,21926,21956,31,0.617,0.6112,0.968,0,11.822,18.73,BYPASS,0,0,,,,,,,,,,,,,,,,,,,BELOW,false
164,2023-12-18 09:15,2023-12-19 05:15,21957,22037,81,0.5961,0.5867,1.62,0,5.579,10.69,UP,1,21,21974,2023-12-18 13:30,17,21994,2023-12-18 18:30,0.5935,0.723,37,-1,0.68,true,21995,2023-12-18 18:45,0.5977,0,0,true,true,ABOVE,false
165,2023-12-19 05:30,2023-12-20 23:45,22038,22207,170,0.6209,0.6174,0.559,0,8,11.13,BYPASS,0,0,,,,,,,,,,,,,,,,,,,ABOVE,false
166,2023-12-21 00:00,2023-12-22 21:45,22208,22391,184,0.6889,0.6844,0.649,0,2.98,10.63,DOWN,1,1,22211,2023-12-21 00:45,3,22211,2023-12-21 00:45,0.6846,0.044,3,1,1.51,true,22212,2023-12-21 01:00,0.6783,1.39,1.39,true,true,BELOW,false
167,2023-12-22 22:00,2023-12-23 16:00,22392,22464,73,0.6841,0.6826,0.216,0,14.118,32.05,BYPASS,0,0,,,,,,,,,,,,,,,,,,,ABOVE,false
168,2023-12-23 16:15,2023-12-25 03:15,22465,22605,141,0.7122,0.7078,0.618,0,10.194,27.89,UP,1,1,22465,2023-12-23 16:15,0,22465,2023-12-23 16:15,0.7122,1,0,1,6.81,true,22466,2023-12-23 16:30,0.7154,0,0,true,true,ABOVE,false
169,2023-12-25 03:30,2023-12-27 23:45,22606,22879,274,0.7218,0.719,0.39,0,3.464,11.87,BYPASS,0,0,,,,,,,,,,,,,,,,,,,ABOVE,false
170,2023-12-28 00:00,2023-12-28 11:15,22880,22925,46,0.8328,0.8281,0.559,0,4.47,16.14,UP,1,1,22894,2023-12-28 03:30,14,22894,2023-12-28 03:30,0.8314,0.702,14,-1,1.13,true,22895,2023-12-28 03:45,0.8378,0.4,4.23,true,true,OVERLAP,false
171,2023-12-28 11:30,2023-12-30 11:45,22926,23119,194,0.8387,0.8281,1.237,1,7.344,10.46,DOWN,1,1,22933,2023-12-28 13:15,7,22933,2023-12-28 13:15,0.8299,0.17,7,-1,0.64,true,22934,2023-12-28 13:30,0.8222,6.09,6.09,false,false,BELOW,false
172,2023-12-30 12:00,2024-01-03 23:45,23120,23551,432,0.7775,0.7746,0.37,0,4.693,11.82,DOWN,1,1,23122,2023-12-30 12:30,2,23122,2023-12-30 12:30,0.7775,1,2,-1,0.8,true,23123,2023-12-30 12:45,0.7742,0.59,0.59,true,true,ABOVE,false
173,2024-01-04 00:00,2024-01-05 01:30,23552,23654,103,0.8443,0.8373,0.817,0,3.804,10.58,DOWN,1,4,23561,2024-01-04 02:15,9,23564,2024-01-04 03:00,0.8415,0.6,12,-1,0.56,true,23565,2024-01-04 03:15,0.8347,0.33,3.26,true,true,OVERLAP,false
174,2024-01-05 01:45,2024-01-06 22:45,23655,23835,181,0.8446,0.8363,1.015,1,15.081,25,DOWN,1,1,23714,2024-01-05 16:30,59,23714,2024-01-05 16:30,0.8423,0.723,59,-1,2.08,true,23715,2024-01-05 16:45,0.8292,2.75,2.75,true,true,BELOW,false
175,2024-01-06 23:00,2024-01-08 06:00,23836,23960,125,0.8262,0.8193,0.839,0,6.394,16.28,UP,1,1,23836,2024-01-06 23:00,0,23836,2024-01-06 23:00,0.8225,0.464,0,-1,4.03,true,23837,2024-01-06 23:15,0.8282,0,0,true,true,BELOW,false
176,2024-01-08 06:15,2024-01-09 12:30,23961,24082,122,0.7723,0.7662,0.778,0,5.213,14.79,UP,1,1,23963,2024-01-08 06:45,2,23963,2024-01-08 06:45,0.7687,0.41,2,-1,0.81,true,23964,2024-01-08 07:00,0.773,0.78,1.71,true,true,ABOVE,false
177,2024-01-09 12:45,2024-01-12 14:00,24083,24376,294,0.8231,0.8183,0.597,0,6.395,13.94,UP,1,2,24084,2024-01-09 13:00,1,24085,2024-01-09 13:15,0.8228,0.937,2,-1,1.25,true,24086,2024-01-09 13:30,0.8281,0,3.54,true,true,ABOVE,false
178,2024-01-12 14:15,2024-01-13 12:45,24377,24467,91,1.1492,1.139,0.866,0,3.242,20.41,UP,1,1,24391,2024-01-12 17:45,14,24391,2024-01-12 17:45,1.1439,0.48,14,1,0.56,true,24392,2024-01-12 18:00,1.1528,0,3.42,true,true,ABOVE,false
179,2024-01-13 13:00,2024-01-16 05:15,24468,24725,258,1.3103,1.2986,0.923,0,2.659,11.97,UP,1,2,24490,2024-01-13 18:30,22,24491,2024-01-13 18:45,1.2994,0.068,23,1,0.55,true,24492,2024-01-13 19:00,1.3174,0,2.31,true,true,ABOVE,false
180,2024-01-16 05:30,2024-01-18 23:45,24726,24991,266,1.3512,1.3441,0.531,0,1.289,11.15,BYPASS,0,0,,,,,,,,,,,,,,,,,,,BELOW,false
181,2024-01-19 00:00,2024-01-23 14:45,24992,25435,444,1.1604,1.1548,0.486,0,5.167,17.03,UP,1,3,25034,2024-01-19 10:30,42,25036,2024-01-19 11:00,1.1549,0.018,44,-1,0.89,true,25037,2024-01-19 11:15,1.1618,0.22,6.19,true,true,BELOW,false
182,2024-01-23 15:00,2024-01-25 11:30,25436,25614,179,1.0973,1.0836,1.214,0,4.077,10.76,BYPASS,0,0,,,,,,,,,,,,,,,,,,,ABOVE,false
183,2024-01-25 11:45,2024-01-26 07:15,25615,25693,79,1.2471,1.2335,1.124,0,4.222,10.72,BYPASS,0,0,,,,,,,,,,,,,,,,,,,BELOW,false
184,2024-01-26 07:30,2024-01-29 11:00,25694,25996,303,1.1907,1.1841,0.546,0,2.666,19.7,BYPASS,0,0,,,,,,,,,,,,,,,,,,,ABOVE,false
185,2024-01-29 11:15,2024-01-31 18:45,25997,26219,223,1.4491,1.4378,0.772,0,2.13,15.7,DOWN,1,1,26004,2024-01-29 13:00,7,26004,2024-01-29 13:00,1.4472,0.832,7,1,1.16,true,26005,2024-01-29 13:15,1.4315,2.46,2.46,true,true,ABOVE,false
186,2024-01-31 19:00,2024-02-03 21:45,26220,26519,300,1.5937,1.5866,0.444,0,3.296,12.59,BYPASS,0,0,,,,,,,,,,,,,,,,,,,BELOW,false
187,2024-02-03 22:00,2024-02-07 07:45,26520,26847,328,1.4471,1.4414,0.398,0,1.714,16.66,UP,1,1,26530,2024-02-04 00:30,10,26530,2024-02-04 00:30,1.4461,0.825,10,1,3.79,true,26531,2024-02-04 00:45,1.4544,0,0,true,true,ABOVE,false
188,2024-02-07 08:00,2024-02-10 13:15,26848,27157,310,1.5176,1.5112,0.429,0,5.426,13.53,DOWN,1,3,26873,2024-02-07 14:15,25,26875,2024-02-07 14:45,1.5173,0.953,27,-1,1.36,true,26876,2024-02-07 15:00,1.5109,1.2,1.2,true,true,ABOVE,false
189,2024-02-10 13:30,2024-02-10 23:45,27158,27199,42,1.7221,1.7172,0.283,0,3.244,10.86,UP,1,1,27173,2024-02-10 17:15,15,27173,2024-02-10 17:15,1.7216,0.898,15,-1,0.81,true,27174,2024-02-10 17:30,1.7228,0.56,0.56,true,true,ABOVE,false
190,2024-02-11 00:00,2024-02-11 06:45,27200,27227,28,1.7361,1.7301,0.343,0,6.689,17.58,UP,1,2,27205,2024-02-11 01:15,5,27206,2024-02-11 01:30,1.7317,0.267,6,-1,1.36,true,27207,2024-02-11 01:45,1.7472,0.01,0.01,true,true,ABOVE,false
191,2024-02-11 07:00,2024-02-17 14:15,27228,27833,606,1.7599,1.7482,0.656,0,6.71,12.12,UP,1,3,27229,2024-02-11 07:15,1,27231,2024-02-11 07:45,1.756,0.667,3,1,1.07,true,27232,2024-02-11 08:00,1.7641,1.38,4.2,true,true,BELOW,false
192,2024-02-17 14:30,2024-02-25 06:45,27834,28571,738,1.7442,1.7333,0.634,0,6.293,11.07,DOWN,1,2,27837,2024-02-17 15:15,3,27838,2024-02-17 15:30,1.7354,0.193,4,-1,1.4,true,27839,2024-02-17 15:45,1.732,0.47,0.47,true,true,BELOW,false
193,2024-02-25 07:00,2024-02-29 20:45,28572,29011,440,1.6367,1.631,0.349,0,2.66,10.7,DOWN,1,4,28572,2024-02-25 07:00,0,28575,2024-02-25 07:45,1.6317,0.123,3,-1,0.47,true,28576,2024-02-25 08:00,1.6304,0.72,0.75,true,true,ABOVE,false
194,2024-02-29 21:00,2024-03-01 13:45,29012,29079,68,1.6911,1.6814,0.581,0,3.596,10.01,UP,1,1,29026,2024-03-01 00:30,14,29026,2024-03-01 00:30,1.6872,0.598,14,1,0.52,true,29027,2024-03-01 00:45,1.7101,0.9,1.53,true,true,OVERLAP,false
195,2024-03-01 14:00,2024-03-03 05:45,29080,29239,160,1.6957,1.6814,0.836,1,5.051,20,UP,1,1,29087,2024-03-01 15:45,7,29087,2024-03-01 15:45,1.6938,0.867,7,1,1.39,true,29088,2024-03-01 16:00,1.696,0.49,0.49,true,true,BELOW,false
196,2024-03-03 06:00,2024-03-04 13:30,29240,29366,127,1.6274,1.6211,0.393,0,4.296,11.26,BYPASS,0,0,,,,,,,,,,,,,,,,,,,BELOW,false
197,2024-03-04 13:45,2024-03-11 17:30,29367,30054,688,1.5134,1.5053,0.543,0,2.645,13.72,DOWN,1,1,29375,2024-03-04 15:45,8,29375,2024-03-04 15:45,1.5134,1,8,-1,0.8,true,29376,2024-03-04 16:00,1.5032,4.27,4.67,false,false,ABOVE,false
198,2024-03-11 17:45,2024-03-12 05:45,30055,30103,49,1.5455,1.5382,0.471,0,8.635,13.14,BYPASS,0,0,,,,,,,,,,,,,,,,,,,ABOVE,false
199,2024-03-12 06:00,2024-03-14 18:30,30104,30346,243,1.5971,1.5927,0.279,0,3.187,11.06,UP,1,2,30173,2024-03-12 23:15,69,30174,2024-03-12 23:30,1.5944,0.386,70,1,0.7,true,30175,2024-03-12 23:45,1.601,0.13,0.13,true,true,BELOW,false
200,2024-03-14 18:45,2024-03-15 02:00,30347,30376,30,1.5344,1.5231,0.744,0,5.341,15.92,UP,1,6,30352,2024-03-14 20:00,5,30357,2024-03-14 21:15,1.5262,0.274,10,-1,0.38,true,30358,2024-03-14 21:30,1.5366,0,8.74,true,true,ABOVE,false
201,2024-03-15 02:15,2024-03-15 12:45,30377,30419,43,1.5624,1.5538,0.561,0,4.61,23.04,BYPASS,0,0,,,,,,,,,,,,,,,,,,,BELOW,false
202,2024-03-15 13:00,2024-03-22 03:15,30420,31053,634,1.4202,1.4125,0.552,0,9.674,24.16,UP,1,1,30433,2024-03-15 16:15,13,30433,2024-03-15 16:15,1.4198,0.948,13,-1,0.67,true,30434,2024-03-15 16:30,1.4301,0.33,1.47,true,true,ABOVE,false
203,2024-03-22 03:30,2024-03-25 21:00,31054,31412,359,1.7974,1.7862,0.624,0,3.331,10.79,UP,1,1,31054,2024-03-22 03:30,0,31054,2024-03-22 03:30,1.7946,0.75,0,-1,2.39,true,31055,2024-03-22 03:45,1.7981,0,0.82,true,true,BELOW,false
204,2024-03-25 21:15,2024-03-28 09:45,31413,31655,243,1.7373,1.7278,0.554,0,3.31,11.02,UP,1,1,31433,2024-03-26 02:15,20,31433,2024-03-26 02:15,1.7313,0.368,20,1,1.88,true,31434,2024-03-26 02:30,1.7421,0,0,true,true,ABOVE,false
205,2024-03-28 10:00,2024-03-28 13:45,31656,31671,16,2.0082,1.996,0.599,0,7.721,32.15,UP,1,2,31658,2024-03-28 10:30,2,31659,2024-03-28 10:45,1.9983,0.189,3,-1,1.15,true,31660,2024-03-28 11:00,2.0085,1.78,1.78,true,true,OVERLAP,false
206,2024-03-28 14:00,2024-04-01 03:00,31672,32012,341,2.0082,1.9845,1.168,1,6.296,11.09,DOWN,1,1,31678,2024-03-28 15:30,6,31678,2024-03-28 15:30,2.0068,0.941,6,-1,0.72,true,31679,2024-03-28 15:45,1.9842,0.26,0.26,true,true,BELOW,false
207,2024-04-01 03:15,2024-04-06 14:45,32013,32539,527,1.945,1.9386,0.332,0,3.149,12.18,DOWN,1,1,32016,2024-04-01 04:00,3,32016,2024-04-01 04:00,1.9407,0.328,3,1,2.62,true,32017,2024-04-01 04:15,1.9324,7.15,7.15,false,true,BELOW,false
208,2024-04-06 15:00,2024-04-07 05:30,32540,32598,59,1.6204,1.6173,0.19,0,3.26,11.36,DOWN,1,4,32554,2024-04-06 18:30,14,32557,2024-04-06 19:15,1.6175,0.065,17,1,0.72,true,32558,2024-04-06 19:30,1.6124,0.49,0.49,true,true,ABOVE,false
209,2024-04-07 05:45,2024-04-09 14:15,32599,32825,227,1.6636,1.6563,0.444,0,6.938,11.07,DOWN,1,1,32628,2024-04-07 13:00,29,32628,2024-04-07 13:00,1.6607,0.603,29,1,1.84,true,32629,2024-04-07 13:15,1.6562,1,1.71,true,true,BELOW,false
210,2024-04-09 14:30,2024-04-11 02:30,32826,32970,145,1.6185,1.6048,0.862,0,5.612,11.72,DOWN,1,6,32838,2024-04-09 17:30,12,32843,2024-04-09 18:45,1.6075,0.197,17,-1,0.11,true,32844,2024-04-09 19:00,1.6004,0.33,2.3,true,true,BELOW,false
211,2024-04-11 02:45,2024-04-12 17:00,32971,33124,154,1.5177,1.511,0.44,0,2.284,10.43,DOWN,1,1,32976,2024-04-11 04:00,5,32976,2024-04-11 04:00,1.5143,0.493,5,-1,1.31,true,32977,2024-04-11 04:15,1.5109,0.32,0.32,true,true,BELOW,false
212,2024-04-12 17:15,2024-04-13 12:15,33125,33201,77,1.3952,1.3829,0.946,0,9.676,13.22,BYPASS,0,0,,,,,,,,,,,,,,,,,,,BELOW,false
213,2024-04-13 12:30,2024-04-13 19:30,33202,33230,29,1.2265,1.2211,0.438,0,2.842,13.63,DOWN,1,2,33208,2024-04-13 14:00,6,33209,2024-04-13 14:15,1.2251,0.741,7,-1,0.74,true,33210,2024-04-13 14:30,1.2173,3.19,28.26,true,true,BELOW,false
214,2024-04-13 19:45,2024-04-14 21:45,33231,33335,105,1.1251,1.103,2.12,0,6.506,15.05,UP,1,6,33268,2024-04-14 05:00,37,33273,2024-04-14 06:15,1.1251,1,42,-1,0.62,true,33274,2024-04-14 06:30,1.1349,0,0,true,true,OVERLAP,false
215,2024-04-14 22:00,2024-04-15 09:45,33336,33383,48,1.1319,1.103,2.472,1,6.841,17.9,BYPASS,0,0,,,,,,,,,,,,,,,,,,,ABOVE,false
216,2024-04-15 10:00,2024-04-17 06:45,33384,33563,180,1.2362,1.2261,0.8,0,5.214,11.22,DOWN,1,1,33534,2024-04-16 23:30,150,33534,2024-04-16 23:30,1.2314,0.525,150,1,0.97,true,33535,2024-04-16 23:45,1.223,1.54,1.97,true,true,BELOW,false
217,2024-04-17 07:00,2024-04-17 12:45,33564,33587,24,1.22,1.2143,0.471,0,4.187,11.03,UP,1,2,33571,2024-04-17 08:45,7,33572,2024-04-17 09:00,1.2196,0.93,8,1,0.56,true,33573,2024-04-17 09:15,1.221,0.97,3.14,true,true,BELOW,false
218,2024-04-17 13:00,2024-04-22 21:45,33588,34103,516,1.1899,1.1776,1.028,0,6.846,10.21,DOWN,1,1,33734,2024-04-19 01:30,146,33734,2024-04-19 01:30,1.1805,0.236,146,-1,8.05,true,33735,2024-04-19 01:45,1.1755,3.88,3.88,true,true,ABOVE,false
219,2024-04-22 22:00,2024-04-23 21:45,34104,34199,96,1.3923,1.3891,0.23,0,3.056,12.77,UP,1,1,34106,2024-04-22 22:30,2,34106,2024-04-22 22:30,1.3899,0.25,2,1,0.83,true,34107,2024-04-22 22:45,1.3969,0.29,2.15,true,true,BELOW,false
220,2024-04-23 22:00,2024-04-24 12:30,34200,34258,59,1.3223,1.3182,0.309,0,2.124,12.39,UP,1,1,34205,2024-04-23 23:15,5,34205,2024-04-23 23:15,1.3215,0.805,5,-1,0.64,true,34206,2024-04-23 23:30,1.3239,0.44,0.44,true,true,OVERLAP,false
221,2024-04-24 12:45,2024-04-28 21:45,34259,34679,421,1.3281,1.3182,0.741,1,4.857,14.38,DOWN,1,1,34260,2024-04-24 13:00,1,34260,2024-04-24 13:00,1.3238,0.566,1,-1,2.05,true,34261,2024-04-24 13:15,1.315,3.8,5.17,true,true,BELOW,false
222,2024-04-28 22:00,2024-04-30 11:45,34680,34831,152,1.2504,1.2452,0.42,0,4.659,21.05,BYPASS,0,0,,,,,,,,,,,,,,,,,,,BELOW,false
223,2024-04-30 12:00,2024-05-04 01:30,34832,35174,343,1.127,1.12,0.611,0,10.353,26.31,DOWN,1,1,34843,2024-04-30 14:45,11,34843,2024-04-30 14:45,1.1232,0.457,11,-1,0.96,true,34844,2024-04-30 15:00,1.1153,4.37,4.37,false,true,BELOW,false
224,2024-05-04 01:45,2024-05-05 03:45,35175,35279,105,1.1116,1.1051,0.591,0,4.101,10.09,UP,1,1,35210,2024-05-04 10:30,35,35210,2024-05-04 10:30,1.1078,0.415,35,-1,1.98,true,35211,2024-05-04 10:45,1.1229,0.9,2.25,true,true,BELOW,false
225,2024-05-05 04:00,2024-05-05 10:45,35280,35307,28,1.07,1.0662,0.36,0,7.005,10.99,UP,1,1,35292,2024-05-05 07:00,12,35292,2024-05-05 07:00,1.0663,0.026,12,-1,0.96,true,35293,2024-05-05 07:15,1.0701,0,0.12,true,true,ABOVE,false
226,2024-05-05 11:00,2024-05-06 22:15,35308,35449,142,1.076,1.0722,0.355,0,4.885,20.64,UP,1,1,35309,2024-05-05 11:15,1,35309,2024-05-05 11:15,1.0731,0.237,1,-1,0.72,true,35310,2024-05-05 11:30,1.0781,0.51,0.51,true,true,ABOVE,false
227,2024-05-06 22:30,2024-05-14 05:45,35450,36151,702,1.0964,1.0937,0.246,0,7.318,10.91,UP,1,1,35452,2024-05-06 23:00,2,35452,2024-05-06 23:00,1.0964,1,2,-1,0.85,true,35453,2024-05-06 23:15,1.0986,1.1,1.1,true,true,BELOW,false
228,2024-05-14 06:00,2024-05-15 12:15,36152,36273,122,0.9641,0.9554,0.929,0,5.971,17.09,BYPASS,0,0,,,,,,,,,,,,,,,,,,,BELOW,false
229,2024-05-15 12:30,2024-05-23 09:15,36274,37029,756,0.9053,0.8971,0.874,0,10.227,36.2,BYPASS,0,0,,,,,,,,,,,,,,,,,,,ABOVE,false
230,2024-05-23 09:30,2024-05-23 12:30,37030,37042,13,1.1115,1.1082,0.297,0,8.37,24.21,DOWN,1,4,37030,2024-05-23 09:30,0,37033,2024-05-23 10:15,1.1082,0,3,-1,1.05,true,37034,2024-05-23 10:30,1.1046,1.01,6.17,true,true,ABOVE,false
231,2024-05-23 12:45,2024-05-27 19:30,37043,37454,412,1.1311,1.1225,0.775,0,5.758,11.6,BYPASS,0,0,,,,,,,,,,,,,,,,,,,BELOW,false
232,2024-05-27 19:45,2024-05-28 01:30,37455,37478,24,1.0726,1.0679,0.444,0,7.095,10.2,DOWN,1,1,37457,2024-05-27 20:15,2,37457,2024-05-27 20:15,1.0684,0.106,2,1,0.49,true,37458,2024-05-27 20:30,1.0658,0.28,2.8,true,true,OVERLAP,false
233,2024-05-28 01:45,2024-05-29 07:45,37479,37599,121,1.0726,1.0631,0.907,1,5.687,18.11,BYPASS,0,0,,,,,,,,,,,,,,,,,,,BELOW,false
234,2024-05-29 08:00,2024-05-30 15:45,37600,37727,128,1.0389,1.0339,0.486,0,5.92,16.75,UP,1,3,37601,2024-05-29 08:15,1,37603,2024-05-29 08:45,1.0389,1,3,-1,0.64,true,37604,2024-05-29 09:00,1.04,0,0.57,true,true,BELOW,false
235,2024-05-30 16:00,2024-06-01 21:00,37728,37940,213,1.0232,1.0185,0.459,0,2.422,14.85,UP,1,2,37729,2024-05-30 16:15,1,37730,2024-05-30 16:30,1.0222,0.787,2,-1,0.41,true,37731,2024-05-30 16:45,1.0256,0,0.91,true,true,ABOVE,false
236,2024-06-01 21:15,2024-06-03 17:15,37941,38117,177,1.0273,1.0261,0.117,0,3.354,15.41,UP,1,1,37941,2024-06-01 21:15,0,37941,2024-06-01 21:15,1.0269,0.667,0,1,2.53,true,37942,2024-06-01 21:30,1.0274,0.36,0.68,true,true,ABOVE,false
237,2024-06-03 17:30,2024-06-04 05:45,38118,38167,50,1.0365,1.0339,0.25,0,5.838,11.26,UP,1,1,38120,2024-06-03 18:00,2,38120,2024-06-03 18:00,1.0361,0.846,2,1,0.23,true,38121,2024-06-03 18:15,1.0392,0,0,true,true,ABOVE,false
238,2024-06-04 06:00,2024-06-04 11:15,38168,38189,22,1.0413,1.0396,0.164,0,8.053,24.63,DOWN,1,1,38173,2024-06-04 07:15,5,38173,2024-06-04 07:15,1.0405,0.529,5,1,0.87,true,38174,2024-06-04 07:30,1.0348,0.76,2.62,true,true,BELOW,false
239,2024-06-04 11:30,2024-06-07 12:15,38190,38481,292,1.0296,1.0262,0.334,0,8.337,15.21,DOWN,1,1,38201,2024-06-04 14:15,11,38201,2024-06-04 14:15,1.0282,0.588,11,-1,1.97,true,38202,2024-06-04 14:30,1.025,0.41,0.41,true,true,ABOVE,false
240,2024-06-07 12:30,2024-06-07 17:45,38482,38503,22,1.1549,1.1492,0.503,0,8.452,20.32,UP,1,1,38485,2024-06-07 13:15,3,38485,2024-06-07 13:15,1.1531,0.684,3,1,0.65,true,38486,2024-06-07 13:30,1.1585,0,14.72,true,true,BELOW,false
241,2024-06-07 18:00,2024-06-08 16:45,38504,38595,92,1.1426,1.1182,2.468,0,12.309,20.68,DOWN,1,2,38540,2024-06-08 03:00,36,38541,2024-06-08 03:15,1.1195,0.053,37,-1,1.53,true,38542,2024-06-08 03:30,1.1165,0.71,0.71,true,true,OVERLAP,false
242,2024-06-08 17:00,2024-06-11 01:30,38596,38822,227,1.1426,1.114,2.509,1,2.804,17.49,DOWN,1,15,38596,2024-06-08 17:00,0,38610,2024-06-08 20:30,1.1153,0.045,14,-1,0.42,true,38611,2024-06-08 20:45,1.1107,2.09,4.4,false,false,BELOW,false
243,2024-06-11 01:45,2024-06-12 06:00,38823,38936,114,1.0319,1.0276,0.424,0,21.952,20.72,DOWN,1,1,38854,2024-06-11 09:30,31,38854,2024-06-11 09:30,1.0283,0.163,31,-1,1.1,true,38855,2024-06-11 09:45,1.0269,0.2,5.61,true,true,BELOW,false
244,2024-06-12 06:15,2024-06-12 12:15,38937,38961,25,1.0016,0.9979,0.369,0,4.163,10.19,UP,1,1,38937,2024-06-12 06:15,0,38937,2024-06-12 06:15,1.0015,0.973,0,-1,2.61,true,38938,2024-06-12 06:30,1.0032,0.56,1.28,true,true,BELOW,false
245,2024-06-12 12:30,2024-06-12 17:45,38962,38983,22,0.9969,0.9882,0.846,0,17.815,21.98,BYPASS,0,0,,,,,,,,,,,,,,,,,,,ABOVE,false
246,2024-06-12 18:00,2024-06-15 05:45,38984,39223,240,1.0545,1.0444,0.974,0,8.3,19.53,BYPASS,0,0,,,,,,,,,,,,,,,,,,,BELOW,false
247,2024-06-15 06:00,2024-06-15 23:45,39224,39295,72,0.9492,0.9452,0.418,0,8.966,12.9,DOWN,1,2,39236,2024-06-15 09:00,12,39237,2024-06-15 09:15,0.9454,0.05,13,1,0.61,true,39238,2024-06-15 09:30,0.9439,0.34,0.92,true,true,BELOW,false
248,2024-06-16 00:00,2024-06-16 21:45,39296,39383,88,0.9441,0.9423,0.191,0,4.217,11.35,UP,1,1,39323,2024-06-16 06:45,27,39323,2024-06-16 06:45,0.9432,0.5,27,-1,1.13,true,39324,2024-06-16 07:00,0.945,0.45,0.46,true,true,ABOVE,false
249,2024-06-16 22:00,2024-06-17 16:00,39384,39456,73,0.9545,0.9519,0.27,0,9.017,24.65,DOWN,1,2,39404,2024-06-17 03:00,20,39405,2024-06-17 03:15,0.9526,0.269,21,1,1.24,true,39406,2024-06-17 03:30,0.9513,1.68,5.46,false,false,BELOW,false
250,2024-06-17 16:15,2024-06-18 01:00,39457,39492,36,0.8993,0.8903,1.014,0,6.589,11.81,DOWN,1,3,39483,2024-06-17 22:45,26,39485,2024-06-17 23:15,0.8911,0.089,28,-1,1.11,true,39486,2024-06-17 23:30,0.8879,16.22,16.22,false,false,BELOW,false
251,2024-06-18 01:15,2024-06-24 09:15,39493,40101,609,0.8826,0.87,1.494,0,7.486,13.09,DOWN,1,1,39673,2024-06-19 22:15,180,39673,2024-06-19 22:15,0.8711,0.087,180,1,1.08,true,39674,2024-06-19 22:30,0.8694,1.3,1.38,true,true,BELOW,false
252,2024-06-24 09:30,2024-06-26 12:45,40102,40307,206,0.8374,0.8319,0.664,0,10.831,12.79,UP,1,1,40145,2024-06-24 20:15,43,40145,2024-06-24 20:15,0.8352,0.6,43,-1,0.97,true,40146,2024-06-24 20:30,0.8405,0,0,true,true,ABOVE,false
253,2024-06-26 13:00,2024-07-01 00:45,40308,40739,432,0.8471,0.8433,0.448,0,6.224,21.62,DOWN,1,3,40313,2024-06-26 14:15,5,40315,2024-06-26 14:45,0.8436,0.079,7,-1,0.76,true,40316,2024-06-26 15:00,0.8395,2.77,2.77,false,false,BELOW,false
254,2024-07-01 01:00,2024-07-04 08:15,40740,41057,318,0.8219,0.8186,0.397,0,12.432,29.07,UP,1,2,40770,2024-07-01 08:30,30,40771,2024-07-01 08:45,0.8219,1,31,1,0.9,true,40772,2024-07-01 09:00,0.822,0.27,1.65,true,true,BELOW,false
255,2024-07-04 08:30,2024-07-05 08:30,41058,41154,97,0.7463,0.7418,0.604,0,4.382,10.07,DOWN,1,2,41058,2024-07-04 08:30,0,41059,2024-07-04 08:45,0.7451,0.733,1,-1,1.67,true,41060,2024-07-04 09:00,0.7398,2.57,7.06,false,false,BELOW,false
256,2024-07-05 08:45,2024-07-10 03:15,41155,41613,459,0.6003,0.5911,1.566,0,3.753,11.13,BYPASS,0,0,,,,,,,,,,,,,,,,,,,ABOVE,false
257,2024-07-10 03:30,2024-07-10 11:15,41614,41645,32,0.729,0.7256,0.461,0,5.251,16.39,BYPASS,0,0,,,,,,,,,,,,,,,,,,,ABOVE,false
258,2024-07-10 11:30,2024-07-14 04:00,41646,42000,355,0.7523,0.7459,0.861,0,4.327,12.05,DOWN,1,6,41702,2024-07-11 01:30,56,41707,2024-07-11 02:45,0.746,0.016,61,1,0.47,true,41708,2024-07-11 03:00,0.7383,2.75,2.75,false,true,ABOVE,false
259,2024-07-14 04:15,2024-07-15 14:45,42001,42139,139,0.7725,0.767,0.708,0,6.049,12.58,BYPASS,0,0,,,,,,,,,,,,,,,,,,,ABOVE,false
260,2024-07-15 15:00,2024-07-15 21:45,42140,42167,28,0.8047,0.8008,0.486,0,7.486,17.31,UP,1,3,42140,2024-07-15 15:00,0,42142,2024-07-15 15:30,0.8024,0.41,2,1,0.88,true,42143,2024-07-15 15:45,0.8058,0,0,true,true,ABOVE,false
261,2024-07-15 22:00,2024-07-18 01:45,42168,42375,208,0.8286,0.8237,0.588,0,5.47,10.15,UP,1,1,42203,2024-07-16 06:45,35,42203,2024-07-16 06:45,0.8285,0.98,35,1,2.25,true,42204,2024-07-16 07:00,0.8348,1.04,1.04,true,true,ABOVE,false
262,2024-07-18 02:00,2024-07-18 23:45,42376,42463,88,0.8487,0.8459,0.331,0,2.304,10.09,UP,1,2,42378,2024-07-18 02:30,2,42379,2024-07-18 02:45,0.846,0.036,3,-1,0.45,true,42380,2024-07-18 03:00,0.8495,0.91,1.24,true,true,BELOW,false
263,2024-07-19 00:00,2024-07-21 17:30,42464,42726,263,0.8114,0.8098,0.197,0,3.69,10.64,DOWN,1,1,42466,2024-07-19 00:30,2,42466,2024-07-19 00:30,0.8099,0.062,2,-1,2.43,true,42467,2024-07-19 00:45,0.8066,1.73,1.73,true,true,ABOVE,false
264,2024-07-21 17:45,2024-07-24 11:45,42727,42991,265,0.8482,0.846,0.263,0,11.071,15.93,DOWN,1,1,42738,2024-07-21 20:30,11,42738,2024-07-21 20:30,0.8461,0.045,11,-1,1.67,true,42739,2024-07-21 20:45,0.8457,0.17,0.17,true,true,BELOW,false
265,2024-07-24 12:00,2024-07-24 20:45,42992,43027,36,0.8132,0.8098,0.418,0,2.4,12.76,UP,1,1,42993,2024-07-24 12:15,1,42993,2024-07-24 12:15,0.811,0.353,1,-1,0.74,true,42994,2024-07-24 12:30,0.8144,0.11,1.37,true,true,BELOW,false
266,2024-07-24 21:00,2024-07-25 00:45,43028,43043,16,0.7995,0.7974,0.267,0,15.659,20.89,BYPASS,0,0,,,,,,,,,,,,,,,,,,,BELOW,false
267,2024-07-25 01:00,2024-07-28 20:45,43044,43411,368,0.771,0.7676,0.453,0,19.569,33.11,DOWN,1,1,43160,2024-07-26 06:00,116,43160,2024-07-26 06:00,0.7702,0.765,116,1,1.93,true,43161,2024-07-26 06:15,0.7673,0.35,0.35,true,true,BELOW,false
268,2024-07-28 21:00,2024-07-30 19:45,43412,43599,188,0.7539,0.7522,0.227,0,10.129,20.86,UP,1,1,43486,2024-07-29 15:30,74,43486,2024-07-29 15:30,0.7539,1,74,1,1.02,true,43487,2024-07-29 15:45,0.7547,1.49,1.5,true,true,BELOW,false
269,2024-07-30 20:00,2024-08-02 12:15,43600,43857,258,0.7057,0.7018,0.559,0,9.824,10.7,DOWN,1,3,43601,2024-07-30 20:15,1,43603,2024-07-30 20:45,0.7023,0.128,3,-1,0.54,true,43604,2024-07-30 21:00,0.6966,1.2,1.2,true,true,BELOW,false
270,2024-08-02 12:30,2024-08-05 04:45,43858,44115,258,0.678,0.6739,0.613,0,4.26,13.51,DOWN,1,1,43859,2024-08-02 12:45,1,43859,2024-08-02 12:45,0.6763,0.585,1,-1,1.59,true,43860,2024-08-02 13:00,0.6731,4.17,4.96,true,true,BELOW,false
271,2024-08-05 05:00,2024-08-07 12:15,44116,44337,222,0.5319,0.5251,1.309,0,2.87,13.16,DOWN,1,3,44117,2024-08-05 05:15,1,44119,2024-08-05 05:45,0.5252,0.015,3,-1,0.43,true,44120,2024-08-05 06:00,0.519,10.11,11.33,false,false,ABOVE,false
272,2024-08-07 12:30,2024-08-10 11:30,44338,44622,285,0.6261,0.6191,1.087,0,6.883,16.95,DOWN,1,3,44345,2024-08-07 14:15,7,44347,2024-08-07 14:45,0.6229,0.543,9,1,1.34,true,44348,2024-08-07 15:00,0.6171,1.36,1.36,true,true,ABOVE,false
273,2024-08-10 11:45,2024-08-12 18:30,44623,44842,220,0.8882,0.8811,0.796,0,3.852,16.22,UP,1,2,44627,2024-08-10 12:45,4,44628,2024-08-10 13:00,0.8851,0.563,5,1,0.74,true,44629,2024-08-10 13:15,0.8949,0,0,true,true,ABOVE,false
274,2024-08-12 18:45,2024-08-14 21:45,44843,45047,205,1.0414,1.0317,0.956,0,2.504,11.89,BYPASS,0,0,,,,,,,,,,,,,,,,,,,BELOW,false
275,2024-08-14 22:00,2024-08-17 19:15,45048,45325,278,0.8994,0.8967,0.299,0,9.438,16.81,UP,1,1,45079,2024-08-15 05:45,31,45079,2024-08-15 05:45,0.8988,0.778,31,1,1.26,true,45080,2024-08-15 06:00,0.903,1.59,2.61,true,true,BELOW,false
276,2024-08-17 19:30,2024-08-19 09:30,45326,45478,153,0.8255,0.8205,0.616,0,3.503,14.91,UP,1,3,45336,2024-08-17 22:00,10,45338,2024-08-17 22:30,0.8246,0.82,12,1,0.46,true,45339,2024-08-17 22:45,0.8265,0,0,true,true,ABOVE,false
277,2024-08-19 09:45,2024-08-19 13:00,45479,45492,14,0.8382,0.8328,0.653,0,3.976,10.72,DOWN,1,1,45482,2024-08-19 10:30,3,45482,2024-08-19 10:30,0.8329,0.019,3,1,0.83,true,45483,2024-08-19 10:45,0.8241,1.56,1.56,false,true,BELOW,false
278,2024-08-19 13:15,2024-08-21 13:15,45493,45685,193,0.8313,0.8228,0.996,0,4.425,18.81,BYPASS,0,0,,,,,,,,,,,,,,,,,,,ABOVE,false
279,2024-08-21 13:30,2024-08-26 09:00,45686,46148,463,0.8519,0.8493,0.311,0,15.96,28.09,UP,1,1,45704,2024-08-21 18:00,18,45704,2024-08-21 18:00,0.8507,0.538,18,-1,0.56,true,45705,2024-08-21 18:15,0.8581,0,0.44,true,true,ABOVE,false
280,2024-08-26 09:15,2024-08-29 17:45,46149,46471,323,0.9731,0.9693,0.393,0,3.363,12.64,UP,1,1,46150,2024-08-26 09:30,1,46150,2024-08-26 09:30,0.9729,0.947,1,-1,1.95,true,46151,2024-08-26 09:45,0.9786,0.14,2.64,true,true,BELOW,false
281,2024-08-29 18:00,2024-08-29 21:45,46472,46487,16,0.836,0.8302,0.708,0,2.84,10.11,BYPASS,0,0,,,,,,,,,,,,,,,,,,,BELOW,false
282,2024-08-29 22:00,2024-09-02 20:30,46488,46866,379,0.8083,0.805,0.411,0,3.384,10.22,DOWN,1,1,46490,2024-08-29 22:30,2,46490,2024-08-29 22:30,0.805,0,2,-1,0.34,true,46491,2024-08-29 22:45,0.802,1.53,1.53,true,true,BELOW,false
283,2024-09-02 20:45,2024-09-09 23:30,46867,47550,684,0.7775,0.7708,0.845,0,5.199,14.02,DOWN,1,1,46979,2024-09-04 00:45,112,46979,2024-09-04 00:45,0.7728,0.299,112,-1,2.18,true,46980,2024-09-04 01:00,0.7609,2.01,2.01,true,true,ABOVE,false
284,2024-09-09 23:45,2024-09-12 03:45,47551,47759,209,0.9591,0.9531,0.626,0,7.132,12.44,DOWN,1,1,47551,2024-09-09 23:45,0,47551,2024-09-09 23:45,0.9578,0.783,0,1,4.21,true,47552,2024-09-10 00:00,0.9495,1.76,3.2,true,true,ABOVE,false
285,2024-09-12 04:00,2024-09-14 00:30,47760,47938,179,1.0088,1.004,0.467,0,7.257,21.23,UP,1,1,47870,2024-09-13 07:30,110,47870,2024-09-13 07:30,1.0086,0.958,110,1,2.12,true,47871,2024-09-13 07:45,1.0118,0.52,1.19,true,true,ABOVE,false
286,2024-09-14 00:45,2024-09-14 20:30,47939,48018,80,1.0269,1.02,0.664,0,3.553,22.27,UP,1,1,47943,2024-09-14 01:45,4,47943,2024-09-14 01:45,1.025,0.725,4,1,0.54,true,47944,2024-09-14 02:00,1.0342,0,0,true,true,BELOW,false
287,2024-09-14 20:45,2024-09-15 15:45,48019,48095,77,1.0118,1.0072,0.452,0,5.235,11.12,BYPASS,0,0,,,,,,,,,,,,,,,,,,,ABOVE,false
288,2024-09-15 16:00,2024-09-18 17:45,48096,48391,296,1.0862,1.0811,0.467,0,2.761,12.22,DOWN,1,1,48099,2024-09-15 16:45,3,48099,2024-09-15 16:45,1.0849,0.745,3,1,1.15,true,48100,2024-09-15 17:00,1.0741,1.4,1.4,true,true,ABOVE,false
289,2024-09-18 18:00,2024-09-22 16:00,48392,48768,377,1.1827,1.1696,1.095,0,8.049,44.63,BYPASS,0,0,,,,,,,,,,,,,,,,,,,ABOVE,false
290,2024-09-22 16:15,2024-09-26 23:00,48769,49180,412,1.5138,1.4983,0.992,0,4.082,12.19,UP,1,5,48915,2024-09-24 04:45,146,48919,2024-09-24 05:45,1.506,0.497,150,-1,0.42,true,48920,2024-09-24 06:00,1.5178,0,0,true,true,ABOVE,false
291,2024-09-26 23:15,2024-09-27 17:00,49181,49252,72,1.697,1.6764,1.249,0,13.557,21.26,DOWN,1,1,49200,2024-09-27 04:00,19,49200,2024-09-27 04:00,1.6777,0.063,19,-1,0.59,true,49201,2024-09-27 04:15,1.6761,0.02,0.02,true,true,OVERLAP,false
292,2024-09-27 17:15,2024-10-05 02:30,49253,49962,710,1.697,1.6732,1.459,1,10.029,25.6,DOWN,1,2,49270,2024-09-27 21:30,17,49271,2024-09-27 21:45,1.6789,0.239,18,-1,0.81,true,49272,2024-09-27 22:00,1.6618,1.17,2.55,false,false,ABOVE,false
293,2024-10-05 02:45,2024-10-05 10:00,49963,49992,30,1.7451,1.7345,0.618,0,3.616,10.67,BYPASS,0,0,,,,,,,,,,,,,,,,,,,BELOW,false
294,2024-10-05 10:15,2024-10-13 10:30,49993,50762,770,1.7255,1.7196,0.346,0,3.543,10.14,UP,1,1,50003,2024-10-05 12:45,10,50003,2024-10-05 12:45,1.7225,0.492,10,-1,1.01,true,50004,2024-10-05 13:00,1.7258,1.25,1.58,true,true,ABOVE,false
295,2024-10-13 10:45,2024-10-19 08:15,50763,51329,567,2.2132,2.2002,0.598,0,5.423,11.97,DOWN,1,1,50786,2024-10-13 16:30,23,50786,2024-10-13 16:30,2.2047,0.346,23,-1,2.9,true,50787,2024-10-13 16:45,2.1928,1.35,1.35,true,true,BELOW,false
296,2024-10-19 08:30,2024-10-20 21:45,51330,51479,150,2.0591,2.0512,0.382,0,6.501,12.61,UP,1,1,51337,2024-10-19 10:15,7,51337,2024-10-19 10:15,2.0561,0.62,7,-1,0.76,true,51338,2024-10-19 10:30,2.0616,0.61,0.61,true,true,ABOVE,false
297,2024-10-20 22:00,2024-10-25 09:30,51480,51910,431,2.1205,2.1102,0.487,0,6.59,14.65,UP,1,1,51480,2024-10-20 22:00,0,51480,2024-10-20 22:00,2.1147,0.437,0,1,4.68,true,51481,2024-10-20 22:15,2.1446,0.16,0.16,true,true,BELOW,false
298,2024-10-25 09:45,2024-10-26 11:15,51911,52013,103,1.9193,1.9115,0.405,0,3.146,14.83,UP,1,1,51912,2024-10-25 10:00,1,51912,2024-10-25 10:00,1.9192,0.987,1,-1,1.84,true,51913,2024-10-25 10:15,1.9254,0,3.13,true,true,BELOW,false
299,2024-10-26 11:30,2024-10-28 20:15,52014,52241,228,1.7922,1.7869,0.289,0,6.1,20.04,DOWN,1,1,52026,2024-10-26 14:30,12,52026,2024-10-26 14:30,1.7917,0.906,12,1,1.44,true,52027,2024-10-26 14:45,1.7758,1.21,1.21,true,true,BELOW,false
300,2024-10-28 20:30,2024-10-31 12:00,52242,52496,255,1.6897,1.6853,0.257,0,10.071,16.5,BYPASS,0,0,,,,,,,,,,,,,,,,,,,ABOVE,false
301,2024-10-31 12:15,2024-11-05 14:00,52497,52984,488,2.0387,2.0284,0.511,0,3.077,11.02,BYPASS,0,0,,,,,,,,,,,,,,,,,,,BELOW,false
302,2024-11-05 14:15,2024-11-05 19:30,52985,53006,22,1.9455,1.9354,0.507,0,9.031,40.63,BYPASS,0,0,,,,,,,,,,,,,,,,,,,ABOVE,false
303,2024-11-05 19:45,2024-11-08 16:15,53007,53281,275,2.0045,1.992,0.638,0,9.713,19.23,UP,1,1,53021,2024-11-05 23:15,14,53021,2024-11-05 23:15,2.0044,0.992,14,1,1.03,true,53022,2024-11-05 23:30,2.005,0,0,true,true,ABOVE,false
304,2024-11-08 16:30,2024-11-12 08:45,53282,53635,354,2.3047,2.2885,0.725,0,12.213,36.01,DOWN,1,6,53305,2024-11-08 22:15,23,53310,2024-11-08 23:30,2.293,0.278,28,-1,0.93,true,53311,2024-11-08 23:45,2.2874,1.55,2.57,true,true,ABOVE,false
305,2024-11-12 09:00,2024-11-16 01:15,53636,53989,354,3.1564,3.1262,0.988,0,4.902,14.19,DOWN,1,1,53675,2024-11-12 18:45,39,53675,2024-11-12 18:45,3.1264,0.007,39,-1,0.38,true,53676,2024-11-12 19:00,3.1195,2.4,2.4,true,true,ABOVE,false
306,2024-11-16 01:30,2024-11-17 03:45,53990,54095,106,3.6595,3.6315,0.747,0,4.045,11.9,DOWN,1,2,54046,2024-11-16 15:30,56,54047,2024-11-16 15:45,3.6361,0.164,57,1,0.9,true,54048,2024-11-16 16:00,3.6148,0.5,0.5,true,true,ABOVE,false
307,2024-11-17 04:00,2024-11-23 16:00,54096,54720,625,3.699,3.6695,0.817,0,6.203,11.43,DOWN,1,1,54100,2024-11-17 05:00,4,54100,2024-11-17 05:00,3.688,0.627,4,1,0.55,true,54101,2024-11-17 05:15,3.6684,0.71,0.71,true,true,BELOW,false
308,2024-11-23 16:15,2024-11-30 15:45,54721,55391,671,3.6134,3.5732,1.157,0,3.656,11.86,UP,1,2,55161,2024-11-28 06:15,440,55162,2024-11-28 06:30,3.6073,0.848,441,1,1.58,true,55163,2024-11-28 06:45,3.6169,0,2,true,true,BELOW,false
309,2024-11-30 16:00,2024-12-04 11:15,55392,55757,366,3.4784,3.4536,0.709,0,2.268,12.96,UP,1,1,55421,2024-11-30 23:15,29,55421,2024-11-30 23:15,3.4774,0.96,29,1,0.98,true,55422,2024-11-30 23:30,3.498,1.15,3.42,true,true,ABOVE,false
310,2024-12-04 11:30,2024-12-12 12:15,55758,56529,772,3.7581,3.74,0.481,0,5.563,10.23,UP,1,1,55818,2024-12-05 02:30,60,55818,2024-12-05 02:30,3.7563,0.901,60,-1,2.83,true,55819,2024-12-05 02:45,3.7991,0.9,1.04,true,true,ABOVE,false
311,2024-12-12 12:30,2024-12-14 15:45,56530,56735,206,4.7298,4.6967,0.709,0,1.888,15.62,DOWN,1,1,56534,2024-12-12 13:30,4,56534,2024-12-12 13:30,4.6978,0.033,4,1,2.06,true,56535,2024-12-12 13:45,4.6942,3.23,3.26,true,true,BELOW,false
312,2024-12-14 16:00,2024-12-19 22:30,56736,57242,507,4.5754,4.5584,0.377,0,5.499,14.18,UP,1,1,56962,2024-12-17 00:30,226,56962,2024-12-17 00:30,4.5744,0.941,226,-1,1.02,true,56963,2024-12-17 00:45,4.584,0,0,true,true,BELOW,false
313,2024-12-19 22:45,2024-12-21 23:45,57243,57439,197,4.082,4.0438,0.917,0,2.184,11.29,DOWN,1,1,57247,2024-12-19 23:45,4,57247,2024-12-19 23:45,4.0699,0.683,4,-1,0.46,true,57248,2024-12-20 00:00,4.0324,0.81,1.57,true,true,ABOVE,false
314,2024-12-22 00:00,2024-12-26 20:00,57440,57904,465,4.3649,4.3204,1.015,0,3.805,13.65,UP,1,1,57462,2024-12-22 05:30,22,57462,2024-12-22 05:30,4.3629,0.955,22,-1,1.27,true,57463,2024-12-22 05:45,4.3938,0,0,true,true,BELOW,false
315,2024-12-26 20:15,2024-12-27 08:45,57905,57955,51,4.2107,4.1936,0.409,0,2.698,10.94,UP,1,1,57909,2024-12-26 21:15,4,57909,2024-12-26 21:15,4.1971,0.205,4,-1,0.84,true,57910,2024-12-26 21:30,4.2179,0.67,0.76,true,true,ABOVE,false
316,2024-12-27 09:00,2024-12-27 19:45,57956,57999,44,4.2686,4.2442,0.558,0,6.079,16.93,DOWN,1,2,57976,2024-12-27 14:00,20,57977,2024-12-27 14:15,4.2605,0.668,21,1,0.49,true,57978,2024-12-27 14:30,4.1845,4.26,4.26,false,false,BELOW,false
317,2024-12-27 20:00,2024-12-28 07:30,58000,58046,47,4.2009,4.191,0.239,0,4.852,14.72,BYPASS,0,0,,,,,,,,,,,,,,,,,,,BELOW,false
318,2024-12-28 07:45,2024-12-30 21:15,58047,58293,247,4.0511,4.0208,0.761,0,6.6,16.86,UP,1,2,58051,2024-12-28 08:45,4,58052,2024-12-28 09:00,4.0419,0.696,5,-1,1.54,true,58053,2024-12-28 09:15,4.0537,0,0,true,true,ABOVE,false
319,2024-12-30 21:30,2024-12-31 17:15,58294,58373,80,4.2675,4.2501,0.417,0,4.91,12.14,DOWN,1,1,58338,2024-12-31 08:30,44,58338,2024-12-31 08:30,4.2518,0.098,44,-1,5.28,true,58339,2024-12-31 08:45,4.2491,1.29,1.64,true,true,OVERLAP,false
320,2024-12-31 17:30,2025-01-02 07:00,58374,58524,151,4.2858,4.2501,0.851,1,4.36,12.92,DOWN,1,2,58475,2025-01-01 18:45,101,58476,2025-01-01 19:00,4.2514,0.036,102,1,1.41,true,58477,2025-01-01 19:15,4.2362,0.54,0.54,true,true,ABOVE,false
321,2025-01-02 07:15,2025-01-09 01:45,58525,59175,651,4.3325,4.3197,0.293,0,4.456,13.44,UP,1,1,58584,2025-01-02 22:00,59,58584,2025-01-02 22:00,4.3297,0.781,59,1,1.03,true,58585,2025-01-02 22:15,4.3354,0,0.35,true,true,ABOVE,false
322,2025-01-09 02:00,2025-01-10 05:15,59176,59285,110,4.8517,4.8262,0.529,0,3.393,10.48,DOWN,1,2,59178,2025-01-09 02:30,2,59179,2025-01-09 02:45,4.8263,0.004,3,1,0.51,true,59180,2025-01-09 03:00,4.7832,1.61,4.71,false,false,OVERLAP,false
323,2025-01-10 05:30,2025-01-10 12:00,59286,59312,27,4.8736,4.8262,0.967,1,3.586,14.3,BYPASS,0,0,,,,,,,,,,,,,,,,,,,ABOVE,false
324,2025-01-10 12:15,2025-01-12 06:30,59313,59482,170,5.0835,5.0404,0.866,0,3.49,10.09,UP,1,1,59334,2025-01-10 17:30,21,59334,2025-01-10 17:30,5.0465,0.142,21,1,0.85,true,59335,2025-01-10 17:45,5.1903,0,0,true,true,BELOW,false
325,2025-01-12 06:45,2025-01-13 11:15,59483,59597,115,4.8768,4.8634,0.277,0,4.723,16.74,BYPASS,0,0,,,,,,,,,,,,,,,,,,,BELOW,false
326,2025-01-13 11:30,2025-01-13 14:15,59598,59609,12,4.433,4.4014,0.728,0,4.552,10.39,DOWN,1,1,59605,2025-01-13 13:15,7,59605,2025-01-13 13:15,4.4055,0.13,7,-1,1.72,true,59606,2025-01-13 13:30,4.3688,3.44,3.44,true,true,BELOW,false
327,2025-01-13 14:30,2025-01-14 13:15,59610,59701,92,4.3868,4.348,0.867,0,9.584,16.56,BYPASS,0,0,,,,,,,,,,,,,,,,,,,ABOVE,false
328,2025-01-14 13:30,2025-01-18 13:15,59702,60085,384,4.5757,4.5523,0.509,0,5.897,19.76,UP,1,2,59713,2025-01-14 16:15,11,59714,2025-01-14 16:30,4.5585,0.265,12,1,0.54,true,59715,2025-01-14 16:45,4.5826,0.03,0.03,true,true,ABOVE,false
329,2025-01-18 13:30,2025-01-20 04:30,60086,60242,157,4.6899,4.6532,0.778,0,3.275,10.27,UP,1,2,60090,2025-01-18 14:30,4,60091,2025-01-18 14:45,4.6839,0.837,5,-1,0.72,true,60092,2025-01-18 15:00,4.7129,0,0,true,true,BELOW,false
330,2025-01-20 04:45,2025-01-20 11:45,60243,60271,29,4.5163,4.4655,1.127,0,2.024,10.87,UP,1,1,60243,2025-01-20 04:45,0,60243,2025-01-20 04:45,4.5068,0.813,0,-1,0.87,true,60244,2025-01-20 05:00,4.5629,0,0,true,true,ABOVE,false
331,2025-01-20 12:00,2025-01-20 16:45,60272,60291,20,4.7545,4.7104,0.951,0,4.128,13.61,BYPASS,0,0,,,,,,,,,,,,,,,,,,,BELOW,false
332,2025-01-20 17:00,2025-01-24 14:15,60292,60665,374,4.6442,4.6107,0.742,0,5.617,11.16,DOWN,1,4,60416,2025-01-22 00:00,124,60419,2025-01-22 00:45,4.6402,0.881,127,1,0.6,true,60420,2025-01-22 01:00,4.6032,1.01,1.01,true,true,BELOW,false
333,2025-01-24 14:30,2025-02-02 22:15,60666,61561,896,4.4359,4.4168,0.429,0,7.108,10.35,UP,1,1,60667,2025-01-24 14:45,1,60667,2025-01-24 14:45,4.4262,0.492,1,1,1.05,true,60668,2025-01-24 15:00,4.4369,0.83,4.71,true,true,BELOW,false
334,2025-02-02 22:30,2025-02-03 01:30,61562,61574,13,3.3526,3.293,1.868,0,5.156,17.62,DOWN,1,1,61567,2025-02-02 23:45,5,61567,2025-02-02 23:45,3.3051,0.203,5,-1,0.68,true,61568,2025-02-03 00:00,3.2692,27.57,27.57,false,false,BELOW,false
335,2025-02-03 01:45,2025-02-03 13:45,61575,61623,49,3.1346,3.0612,2.687,0,6.68,14.17,UP,1,1,61597,2025-02-03 07:15,22,61597,2025-02-03 07:15,3.0954,0.466,22,-1,0.46,true,61598,2025-02-03 07:30,3.1523,0.46,0.46,true,true,OVERLAP,false
336,2025-02-03 14:00,2025-02-07 13:15,61624,62005,382,3.1365,3.0612,2.503,1,2.602,10.12,UP,1,2,61930,2025-02-06 18:30,306,61931,2025-02-06 18:45,3.1342,0.969,307,-1,0.33,true,61932,2025-02-06 19:00,3.1595,0,0,true,true,ABOVE,false
337,2025-02-07 13:30,2025-02-07 19:45,62006,62031,26,3.2293,3.2024,0.824,0,7.038,13.95,DOWN,1,2,62017,2025-02-07 16:15,11,62018,2025-02-07 16:30,3.2215,0.71,12,1,0.44,true,62019,2025-02-07 16:45,3.1798,3.26,9.32,false,false,BELOW,false
338,2025-02-07 20:00,2025-02-09 13:00,62032,62196,165,3.1285,3.0876,1.373,0,7.362,23.7,DOWN,1,1,62149,2025-02-09 01:15,117,62149,2025-02-09 01:15,3.1041,0.403,117,1,2,true,62150,2025-02-09 01:30,3.0867,1.4,1.4,true,true,BELOW,false
339,2025-02-09 13:15,2025-02-11 19:00,62197,62412,216,3.0835,3.067,0.541,0,2.411,10.2,UP,1,3,62208,2025-02-09 16:00,11,62210,2025-02-09 16:30,3.0806,0.824,13,1,0.41,true,62211,2025-02-09 16:45,3.0931,1.33,6.47,true,true,ABOVE,false
340,2025-02-11 19:15,2025-02-14 03:15,62413,62637,225,3.3476,3.3214,0.802,0,4.42,11.75,DOWN,1,1,62425,2025-02-11 22:15,12,62425,2025-02-11 22:15,3.3461,0.943,12,-1,0.45,true,62426,2025-02-11 22:30,3.3091,1.45,3.42,true,true,ABOVE,false
341,2025-02-14 03:30,2025-02-15 04:15,62638,62737,100,3.4897,3.4756,0.401,0,3.964,10.85,DOWN,1,2,62644,2025-02-14 05:00,6,62645,2025-02-14 05:15,3.4851,0.674,7,-1,0.59,true,62646,2025-02-14 05:30,3.4689,0.55,0.55,true,true,ABOVE,false
342,2025-02-15 04:30,2025-02-22 18:15,62738,63465,728,3.5631,3.5485,0.417,0,16.291,31.59,DOWN,1,1,63316,2025-02-21 05:00,578,63316,2025-02-21 05:00,3.5507,0.151,578,1,1.33,true,63317,2025-02-21 05:15,3.5413,1.68,2.7,false,false,BELOW,false
343,2025-02-22 18:30,2025-02-25 06:45,63466,63707,242,3.437,3.4143,0.662,0,8.849,35.83,DOWN,1,2,63466,2025-02-22 18:30,0,63467,2025-02-22 18:45,3.4254,0.489,1,1,0.66,true,63468,2025-02-22 19:00,3.4119,0.82,0.82,true,true,BELOW,false
344,2025-02-25 07:00,2025-02-26 11:15,63708,63821,114,2.8309,2.7827,1.769,0,9.06,25.5,DOWN,1,2,63713,2025-02-25 08:15,5,63714,2025-02-25 08:30,2.8078,0.521,6,-1,0.78,true,63715,2025-02-25 08:45,2.7825,5.37,5.37,false,true,ABOVE,false
345,2025-02-26 11:30,2025-03-01 22:45,63822,64155,334,3.0238,2.9925,1.057,0,2.002,10.43,UP,1,1,63835,2025-02-26 14:45,13,63835,2025-02-26 14:45,2.9936,0.035,13,1,2.18,true,63836,2025-02-26 15:00,3.0313,1.56,8.42,true,true,BELOW,false
346,2025-03-01 23:00,2025-03-02 15:00,64156,64220,65,2.8505,2.8335,0.608,0,7.628,13.76,DOWN,1,1,64162,2025-03-02 00:30,6,64162,2025-03-02 00:30,2.8341,0.035,6,1,1.08,true,64163,2025-03-02 00:45,2.8176,0.72,0.72,true,true,BELOW,false
347,2025-03-02 15:15,2025-03-04 18:30,64221,64426,206,2.8116,2.7923,0.663,0,7.837,11.1,BYPASS,0,0,,,,,,,,,,,,,,,,,,,BELOW,false
348,2025-03-04 18:45,2025-03-04 23:45,64427,64447,21,2.4539,2.425,1.151,0,3.844,10.13,BYPASS,0,0,,,,,,,,,,,,,,,,,,,ABOVE,false
349,2025-03-05 00:00,2025-03-06 01:30,64448,64550,103,2.5395,2.5234,0.638,0,4.392,18.88,DOWN,1,1,64482,2025-03-05 08:30,34,64482,2025-03-05 08:30,2.5279,0.28,34,1,1.78,true,64483,2025-03-05 08:45,2.5185,0.39,2.81,true,true,ABOVE,false
350,2025-03-06 01:45,2025-03-06 13:45,64551,64599,49,2.6358,2.6004,1.339,0,4.125,12.87,NONE,1,1,64599,2025-03-06 13:45,48,64599,2025-03-06 13:45,2.634,0.949,48,1,1.11,true,,,,,,,,OVERLAP,false
351,2025-03-06 14:00,2025-03-07 05:00,64600,64660,61,2.6688,2.6004,2.383,1,39.381,96.24,DOWN,1,2,64641,2025-03-07 00:15,41,64642,2025-03-07 00:30,2.6019,0.022,42,1,3.87,true,64643,2025-03-07 00:45,2.5766,1.52,1.52,true,true,ABOVE,false
352,2025-03-07 05:15,2025-03-11 17:45,64661,65095,435,2.705,2.6823,0.828,0,4.868,17.96,UP,1,3,64709,2025-03-07 17:15,48,64711,2025-03-07 17:45,2.6872,0.216,50,1,0.9,true,64712,2025-03-07 18:00,2.7097,0,4.42,true,true,BELOW,false
353,2025-03-11 18:00,2025-03-13 20:30,65096,65298,203,2.1834,2.1576,1.146,0,3.401,15.67,UP,1,1,65138,2025-03-12 04:30,42,65138,2025-03-12 04:30,2.177,0.752,42,1,1.11,true,65139,2025-03-12 04:45,2.1938,0,0,true,true,BELOW,false
354,2025-03-13 20:45,2025-03-16 15:45,65299,65567,269,2.1455,2.1248,0.975,0,1.6,10.52,UP,1,3,65301,2025-03-13 21:15,2,65303,2025-03-13 21:45,2.1363,0.556,4,-1,0.64,true,65304,2025-03-13 22:00,2.1598,0,0,true,true,ABOVE,false
355,2025-03-16 16:00,2025-03-17 04:30,65568,65618,51,2.2446,2.234,0.466,0,7.328,14.21,UP,1,4,65580,2025-03-16 19:00,12,65583,2025-03-16 19:45,2.2348,0.075,15,-1,0.39,true,65584,2025-03-16 20:00,2.2492,1.24,1.38,true,true,ABOVE,false
356,2025-03-17 04:45,2025-03-17 15:30,65619,65662,44,2.3069,2.2948,0.53,0,3.647,10.29,DOWN,1,1,65631,2025-03-17 07:45,12,65631,2025-03-17 07:45,2.2952,0.033,12,1,0.77,true,65632,2025-03-17 08:00,2.2861,0.73,1.89,true,true,BELOW,false
357,2025-03-17 15:45,2025-03-19 10:15,65663,65833,171,2.2904,2.2742,0.696,0,19.096,22.32,UP,1,1,65666,2025-03-17 16:30,3,65666,2025-03-17 16:30,2.29,0.975,3,1,1.63,true,65667,2025-03-17 16:45,2.2956,0,0,true,true,ABOVE,false
358,2025-03-19 10:30,2025-03-19 17:15,65834,65861,28,2.3253,2.3165,0.377,0,4.359,10,BYPASS,0,0,,,,,,,,,,,,,,,,,,,ABOVE,false
359,2025-03-19 17:30,2025-03-22 19:45,65862,66159,298,2.3989,2.3825,0.694,0,4.258,10.94,UP,1,2,65875,2025-03-19 20:45,13,65876,2025-03-19 21:00,2.3988,0.994,14,1,0.5,true,65877,2025-03-19 21:15,2.4017,0,0,true,true,BELOW,false
360,2025-03-22 20:00,2025-03-24 02:45,66160,66283,124,2.2945,2.2874,0.309,0,7.549,21.22,DOWN,1,1,66161,2025-03-22 20:15,1,66161,2025-03-22 20:15,2.2928,0.761,1,1,0.52,true,66162,2025-03-22 20:30,2.2872,0.9,1.77,false,false,BELOW,false
361,2025-03-24 03:00,2025-03-26 10:00,66284,66504,221,2.284,2.276,0.346,0,3.486,11,BYPASS,0,0,,,,,,,,,,,,,,,,,,,ABOVE,false
362,2025-03-26 10:15,2025-03-27 06:30,66505,66586,82,2.5628,2.5497,0.507,0,3.102,10.75,UP,1,1,66522,2025-03-26 14:30,17,66522,2025-03-26 14:30,2.5556,0.45,17,1,0.88,true,66523,2025-03-26 14:45,2.5808,0.06,1.38,true,true,ABOVE,false
363,2025-03-27 06:45,2025-03-30 16:15,66587,66913,327,2.6874,2.67,0.644,0,2.245,10.28,UP,1,2,66613,2025-03-27 13:15,26,66614,2025-03-27 13:30,2.673,0.172,27,1,1.82,true,66615,2025-03-27 13:45,2.7263,0,0,true,true,BELOW,false
364,2025-03-30 16:30,2025-04-01 17:45,66914,67111,198,2.3718,2.3526,0.821,0,4.01,10.2,DOWN,1,1,66921,2025-03-30 18:15,7,66921,2025-03-30 18:15,2.3579,0.276,7,1,0.47,true,66922,2025-03-30 18:30,2.3523,0.76,3.51,true,true,ABOVE,false
365,2025-04-01 18:00,2025-04-01 22:45,67112,67131,20,2.4661,2.4515,0.599,0,2.434,11.44,BYPASS,0,0,,,,,,,,,,,,,,,,,,,BELOW,false
366,2025-04-01 23:00,2025-04-07 06:00,67132,67640,509,2.4314,2.4185,0.539,0,3.097,12.79,UP,1,1,67173,2025-04-02 09:15,41,67173,2025-04-02 09:15,2.4299,0.884,41,-1,2.13,true,67174,2025-04-02 09:30,2.4334,0,0.24,true,true,BELOW,false
367,2025-04-07 06:15,2025-04-08 11:15,67641,67757,117,1.8802,1.8525,1.536,0,2.624,15.39,DOWN,1,1,67665,2025-04-07 12:15,24,67665,2025-04-07 12:15,1.8574,0.177,24,-1,0.94,true,67666,2025-04-07 12:30,1.8422,1.75,1.75,true,true,ABOVE,false
368,2025-04-08 11:30,2025-04-08 18:45,67758,67787,30,2.0532,2.0346,0.902,0,2.535,10.02,UP,1,2,67762,2025-04-08 12:30,4,67763,2025-04-08 12:45,2.049,0.774,5,1,1.05,true,67764,2025-04-08 13:00,2.0635,1.54,5.41,true,true,BELOW,false
369,2025-04-08 19:00,2025-04-10 00:15,67788,67905,118,1.97,1.9589,0.559,0,4.537,19.3,DOWN,1,1,67796,2025-04-08 21:00,8,67796,2025-04-08 21:00,1.9658,0.622,8,-1,0.43,true,67797,2025-04-08 21:15,1.9578,1.63,4.98,true,true,ABOVE,false
370,2025-04-10 00:30,2025-04-11 12:00,67906,68048,143,2.2258,2.2176,0.376,0,3.764,11.47,BYPASS,0,0,,,,,,,,,,,,,,,,,,,BELOW,false
371,2025-04-11 12:15,2025-04-12 07:00,68049,68124,76,2.183,2.166,0.778,0,4.124,17.97,UP,1,3,68051,2025-04-11 12:45,2,68053,2025-04-11 13:15,2.1771,0.653,4,1,1.63,true,68054,2025-04-11 13:30,2.1979,0.5,0.5,true,true,ABOVE,false
372,2025-04-12 07:15,2025-04-16 07:45,68125,68511,387,2.1923,2.1832,0.413,0,2.711,12.79,UP,1,1,68139,2025-04-12 10:45,14,68139,2025-04-12 10:45,2.192,0.967,14,-1,1.19,true,68140,2025-04-12 11:00,2.2077,0,0,true,true,BELOW,false
373,2025-04-16 08:00,2025-04-18 10:15,68512,68713,202,2.0871,2.079,0.392,0,2.731,13.94,DOWN,1,1,68518,2025-04-16 09:30,6,68518,2025-04-16 09:30,2.0819,0.358,6,-1,0.45,true,68519,2025-04-16 09:45,2.0693,0.59,1.01,true,true,ABOVE,false
374,2025-04-18 10:30,2025-04-22 21:00,68714,69140,427,2.1286,2.121,0.359,0,4.308,12,DOWN,1,1,68716,2025-04-18 11:00,2,68716,2025-04-18 11:00,2.123,0.263,2,1,0.89,true,68717,2025-04-18 11:15,2.1153,0.47,1.31,true,true,ABOVE,false
375,2025-04-22 21:15,2025-04-25 21:30,69141,69430,290,2.4591,2.4507,0.339,0,5.819,11.56,BYPASS,0,0,,,,,,,,,,,,,,,,,,,ABOVE,false
376,2025-04-25 21:45,2025-04-29 04:15,69431,69745,315,3.5773,3.5421,1.012,0,3.78,11.57,UP,1,1,69440,2025-04-26 00:00,9,69440,2025-04-26 00:00,3.5672,0.713,9,1,1.72,true,69441,2025-04-26 00:15,3.5876,0,0,true,true,BELOW,false
377,2025-04-29 04:30,2025-05-01 10:00,69746,69960,215,3.5409,3.5254,0.446,0,5.062,14.35,DOWN,1,1,69750,2025-04-29 05:30,4,69750,2025-04-29 05:30,3.5389,0.871,4,-1,0.77,true,69751,2025-04-29 05:45,3.524,0.25,0.25,true,true,ABOVE,false
378,2025-05-01 10:15,2025-05-04 11:45,69961,70255,295,3.5734,3.5552,0.493,0,9.22,22.63,DOWN,1,1,70013,2025-05-01 23:15,52,70013,2025-05-01 23:15,3.5582,0.165,52,1,3.04,true,70014,2025-05-01 23:30,3.5318,1.74,2.85,true,true,BELOW,false
379,2025-05-04 12:00,2025-05-06 08:00,70256,70432,177,3.2349,3.2257,0.283,0,6.703,20.56,UP,1,1,70311,2025-05-05 01:45,55,70311,2025-05-05 01:45,3.2339,0.891,55,1,0.86,true,70312,2025-05-05 02:00,3.2489,0,0,true,true,ABOVE,false
380,2025-05-06 08:15,2025-05-10 16:00,70433,70848,416,3.3689,3.3358,1.012,0,5.432,13.21,DOWN,1,1,70491,2025-05-06 22:45,58,70491,2025-05-06 22:45,3.3529,0.517,58,-1,2.28,true,70492,2025-05-06 23:00,3.3179,0.57,0.57,true,true,ABOVE,false
381,2025-05-10 16:15,2025-05-17 20:30,70849,71538,690,3.9788,3.9541,0.616,0,5.871,15.87,UP,1,1,70858,2025-05-10 18:30,9,70858,2025-05-10 18:30,3.976,0.887,9,1,0.5,true,70859,2025-05-10 18:45,3.9828,0,0,true,true,BELOW,false
382,2025-05-17 20:45,2025-05-19 11:45,71539,71695,157,3.7917,3.7806,0.288,0,4.678,10.85,UP,1,1,71547,2025-05-17 22:45,8,71547,2025-05-17 22:45,3.7915,0.982,8,-1,0.76,true,71548,2025-05-17 23:00,3.8014,0.63,1.28,true,true,BELOW,false
383,2025-05-19 12:00,2025-05-20 19:30,71696,71822,127,3.6719,3.655,0.466,0,7.215,13,BYPASS,0,0,,,,,,,,,,,,,,,,,,,ABOVE,false
384,2025-05-20 19:45,2025-05-22 10:30,71823,71978,156,3.8629,3.8491,0.355,0,3.605,11.12,UP,1,1,71839,2025-05-20 23:45,16,71839,2025-05-20 23:45,3.853,0.283,16,1,0.58,true,71840,2025-05-21 00:00,3.8744,1.36,1.41,true,true,ABOVE,false
385,2025-05-22 10:45,2025-05-23 23:15,71979,72125,147,4.1998,4.1755,0.598,0,4.765,10.82,BYPASS,0,0,,,,,,,,,,,,,,,,,,,BELOW,false
386,2025-05-23 23:30,2025-05-25 11:45,72126,72271,146,3.6336,3.6046,0.815,0,3.415,11,UP,1,5,72128,2025-05-24 00:00,2,72132,2025-05-24 01:00,3.6138,0.317,6,-1,0.66,true,72133,2025-05-24 01:15,3.6395,0,0,true,true,BELOW,false
387,2025-05-25 12:00,2025-05-25 17:45,72272,72295,24,3.5036,3.4852,0.528,0,2.648,11.96,UP,1,2,72272,2025-05-25 12:00,0,72273,2025-05-25 12:15,3.5013,0.875,1,-1,0.73,true,72274,2025-05-25 12:30,3.5375,0,1.29,true,true,OVERLAP,false
388,2025-05-25 18:00,2025-05-25 21:45,72296,72311,16,3.5135,3.4852,0.805,1,2.341,10.49,BYPASS,0,0,,,,,,,,,,,,,,,,,,,ABOVE,false
389,2025-05-25 22:00,2025-05-27 00:45,72312,72419,108,3.532,3.5151,0.477,0,9.72,29.73,UP,1,2,72377,2025-05-26 14:15,65,72378,2025-05-26 14:30,3.5257,0.627,66,-1,1.27,true,72379,2025-05-26 14:45,3.5348,0.86,1.81,true,true,BELOW,false
390,2025-05-27 01:00,2025-05-29 11:00,72420,72652,233,3.484,3.4675,0.479,0,4.519,13.68,DOWN,1,1,72425,2025-05-27 02:15,5,72425,2025-05-27 02:15,3.4696,0.127,5,-1,1.05,true,72426,2025-05-27 02:30,3.4604,0.69,1.64,true,true,ABOVE,false
391,2025-05-29 11:15,2025-05-30 09:15,72653,72741,89,3.6689,3.6587,0.274,0,8.447,20.77,UP,1,1,72658,2025-05-29 12:30,5,72658,2025-05-29 12:30,3.6645,0.569,5,1,1.57,true,72659,2025-05-29 12:45,3.6738,3.56,3.56,true,true,BELOW,false
392,2025-05-30 09:30,2025-05-30 16:15,72742,72769,28,3.4553,3.4385,0.492,0,4.178,20.22,DOWN,1,1,72743,2025-05-30 09:45,1,72743,2025-05-30 09:45,3.4415,0.179,1,-1,1.41,true,72744,2025-05-30 10:00,3.4209,0.64,0.65,true,true,BELOW,false
393,2025-05-30 16:30,2025-06-01 21:45,72770,72983,214,3.426,3.3861,1.212,0,5.553,10.69,BYPASS,0,0,,,,,,,,,,,,,,,,,,,BELOW,false
394,2025-06-01 22:00,2025-06-05 19:00,72984,73356,373,3.306,3.2882,0.534,0,6.525,14.76,DOWN,1,4,72999,2025-06-02 01:45,15,73002,2025-06-02 02:30,3.2908,0.146,18,1,1.24,true,73003,2025-06-02 02:45,3.2822,1.07,1.07,true,true,BELOW,false
395,2025-06-05 19:15,2025-06-06 22:30,73357,73466,110,3.0714,3.0402,1.04,0,11.422,23.44,UP,1,7,73409,2025-06-06 08:15,52,73415,2025-06-06 09:45,3.0564,0.519,58,1,0.5,true,73416,2025-06-06 10:00,3.0724,0,0,true,true,ABOVE,false
396,2025-06-06 22:45,2025-06-11 05:45,73467,73879,413,3.1893,3.181,0.258,0,8.16,17.3,DOWN,1,1,73607,2025-06-08 09:45,140,73607,2025-06-08 09:45,3.1857,0.566,140,-1,0.59,true,73608,2025-06-08 10:00,3.1807,0.03,0.03,true,true,ABOVE,false
397,2025-06-11 06:00,2025-06-12 23:45,73880,74047,168,3.4818,3.4686,0.376,0,5.914,28.1,DOWN,1,3,73897,2025-06-11 10:15,17,73899,2025-06-11 10:45,3.4785,0.75,19,1,0.42,true,73900,2025-06-11 11:00,3.4664,0.76,0.76,true,true,BELOW,false
398,2025-06-13 00:00,2025-06-15 06:45,74048,74267,220,3.2295,3.206,0.774,0,31.053,129.94,BYPASS,0,0,,,,,,,,,,,,,,,,,,,BELOW,false
399,2025-06-15 07:00,2025-06-16 22:15,74268,74425,158,3.0109,3.0029,0.266,0,4.791,14.03,DOWN,1,1,74268,2025-06-15 07:00,0,74268,2025-06-15 07:00,3.004,0.138,0,1,3.1,true,74269,2025-06-15 07:15,2.989,1.81,1.81,false,false,ABOVE,false
400,2025-06-16 22:30,2025-06-23 05:30,74426,75030,605,3.1299,3.1202,0.32,0,18.58,26.51,BYPASS,0,0,,,,,,,,,,,,,,,,,,,BELOW,false
401,2025-06-23 05:45,2025-06-23 18:45,75031,75083,53,2.4973,2.4906,0.266,0,5.37,15.14,DOWN,1,1,75049,2025-06-23 10:15,18,75049,2025-06-23 10:15,2.4965,0.881,18,1,0.74,true,75050,2025-06-23 10:30,2.4869,0.67,3.89,true,true,ABOVE,false
402,2025-06-23 19:00,2025-06-23 21:45,75084,75095,12,2.5833,2.5682,0.578,0,4.498,11.44,BYPASS,0,0,,,,,,,,,,,,,,,,,,,ABOVE,false
403,2025-06-23 22:00,2025-07-06 12:15,75096,76305,1210,2.704,2.6905,0.482,0,8.329,18.91,DOWN,1,1,75331,2025-06-26 08:45,235,75331,2025-06-26 08:45,2.6991,0.637,235,-1,2.04,true,75332,2025-06-26 09:00,2.673,0.96,2.9,false,false,ABOVE,false
404,2025-07-06 12:30,2025-07-07 11:00,76306,76396,91,2.8853,2.8795,0.2,0,7.525,14.16,UP,1,1,76331,2025-07-06 18:45,25,76331,2025-07-06 18:45,2.8809,0.241,25,1,1.01,true,76332,2025-07-06 19:00,2.889,0.13,0.13,true,true,ABOVE,false
405,2025-07-07 11:15,2025-07-07 18:00,76397,76424,28,2.9085,2.9021,0.22,0,2.409,10.96,DOWN,1,2,76397,2025-07-07 11:15,0,76398,2025-07-07 11:30,2.9057,0.562,1,1,1.02,true,76399,2025-07-07 11:45,2.8985,0.87,1.68,true,true,BELOW,false
406,2025-07-07 18:15,2025-07-09 05:15,76425,76565,141,2.8701,2.8603,0.346,0,7.917,11.27,DOWN,1,1,76431,2025-07-07 19:45,6,76431,2025-07-07 19:45,2.8654,0.52,6,-1,0.66,true,76432,2025-07-07 20:00,2.8444,1.06,1.15,false,true,ABOVE,false
407,2025-07-09 05:30,2025-07-13 14:00,76566,76984,419,2.9165,2.9088,0.262,0,7.713,18.8,UP,1,1,76574,2025-07-09 07:30,8,76574,2025-07-09 07:30,2.9161,0.948,8,1,1.08,true,76575,2025-07-09 07:45,2.9238,0,0,true,true,ABOVE,false
408,2025-07-13 14:15,2025-07-13 21:15,76985,77013,29,3.461,3.4466,0.409,0,11.481,18.75,BYPASS,0,0,,,,,,,,,,,,,,,,,,,ABOVE,false
409,2025-07-13 21:30,2025-07-15 12:15,77014,77169,156,3.4825,3.4732,0.27,0,8.513,10.05,UP,1,1,77022,2025-07-13 23:30,8,77022,2025-07-13 23:30,3.4809,0.828,8,1,0.71,true,77023,2025-07-13 23:45,3.4887,0,0,true,true,ABOVE,false
410,2025-07-15 12:30,2025-07-18 04:15,77170,77425,256,3.9506,3.9284,0.569,0,9.538,13.35,DOWN,1,1,77178,2025-07-15 14:30,8,77178,2025-07-15 14:30,3.9504,0.991,8,1,1.19,true,77179,2025-07-15 14:45,3.9103,0.95,0.95,true,true,ABOVE,false
411,2025-07-18 04:30,2025-07-18 11:00,77426,77452,27,4.024,4.001,0.558,0,5.802,12.08,UP,1,1,77442,2025-07-18 08:30,16,77442,2025-07-18 08:30,4.0079,0.3,16,1,1.87,true,77443,2025-07-18 08:45,4.0281,0,4.41,true,true,OVERLAP,false
412,2025-07-18 11:15,2025-07-18 14:00,77453,77464,12,4.0529,4.001,1.304,1,5.578,10.47,DOWN,1,2,77458,2025-07-18 12:30,5,77459,2025-07-18 12:45,4.032,0.597,6,1,0.85,true,77460,2025-07-18 13:00,3.9887,4.41,6.27,true,true,OVERLAP,false
413,2025-07-18 14:15,2025-07-18 18:45,77465,77483,19,4.0529,3.9842,1.759,2,7.084,25.84,BYPASS,0,0,,,,,,,,,,,,,,,,,,,BELOW,false
414,2025-07-18 19:00,2025-07-20 20:45,77484,77683,200,3.8792,3.8566,0.594,0,8.238,15.53,DOWN,1,3,77604,2025-07-20 01:00,120,77606,2025-07-20 01:30,3.862,0.239,122,1,1.21,true,77607,2025-07-20 01:45,3.8426,0.69,0.69,true,true,ABOVE,false
415,2025-07-20 21:00,2025-07-31 06:30,77684,78682,999,3.9519,3.9279,0.616,0,4.091,10.67,UP,1,3,77704,2025-07-21 02:00,20,77706,2025-07-21 02:30,3.939,0.462,22,-1,0.81,true,77707,2025-07-21 02:45,3.9595,0,0,true,true,BELOW,false
416,2025-07-31 06:45,2025-08-01 07:45,78683,78783,101,3.87,3.8493,0.529,0,5.945,24.25,DOWN,1,1,78706,2025-07-31 12:30,23,78706,2025-07-31 12:30,3.8512,0.092,23,1,1.62,true,78707,2025-07-31 12:45,3.8394,3.02,3.73,false,false,BELOW,false
417,2025-08-01 08:00,2025-08-04 09:30,78784,79078,295,3.5272,3.4955,0.918,0,3.93,10.69,DOWN,1,2,78789,2025-08-01 09:15,5,78790,2025-08-01 09:30,3.5042,0.274,6,-1,0.77,true,78791,2025-08-01 09:45,3.4807,0.8,2.36,true,true,BELOW,false
418,2025-08-04 09:45,2025-08-07 16:30,79079,79394,316,3.4677,3.4506,0.498,0,2.442,12.37,DOWN,1,2,79091,2025-08-04 12:45,12,79092,2025-08-04 13:00,3.4628,0.713,13,1,1.39,true,79093,2025-08-04 13:15,3.4474,0.15,0.15,true,true,ABOVE,false
419,2025-08-07 16:45,2025-08-08 21:45,79395,79511,117,3.7496,3.7138,0.975,0,5.683,16.57,UP,1,6,79407,2025-08-07 19:45,12,79412,2025-08-07 21:00,3.7463,0.908,17,1,0.42,true,79413,2025-08-07 21:15,3.7534,0,0,true,true,ABOVE,false
420,2025-08-08 22:00,2025-08-10 15:45,79512,79679,168,3.8634,3.8551,0.215,0,4.248,11.57,DOWN,1,1,79513,2025-08-08 22:15,1,79513,2025-08-08 22:15,3.86,0.59,1,1,0.45,true,79514,2025-08-08 22:30,3.8489,0.52,0.73,true,true,OVERLAP,false
421,2025-08-10 16:00,2025-08-11 07:00,79680,79740,61,3.8676,3.8508,0.433,1,2.056,10.23,UP,1,5,79683,2025-08-10 16:45,3,79687,2025-08-10 17:45,3.8596,0.524,7,-1,0.28,true,79688,2025-08-10 18:00,3.8749,0,0.88,true,true,ABOVE,false
422,2025-08-11 07:15,2025-08-14 12:15,79741,80049,309,3.9411,3.9233,0.458,0,3.309,14.55,UP,1,1,79936,2025-08-13 08:00,195,79936,2025-08-13 08:00,3.9364,0.736,195,1,2.17,true,79937,2025-08-13 08:15,3.9578,0,0,true,true,ABOVE,false
423,2025-08-14 12:30,2025-08-17 18:30,80050,80362,313,3.9799,3.9512,0.751,0,16.292,16.55,BYPASS,0,0,,,,,,,,,,,,,,,,,,,BELOW,false
424,2025-08-17 18:45,2025-08-17 23:30,80363,80382,20,3.8366,3.8276,0.236,0,9.506,25.51,BYPASS,0,0,,,,,,,,,,,,,,,,,,,BELOW,false
425,2025-08-17 23:45,2025-08-19 11:30,80383,80526,144,3.7962,3.785,0.298,0,4.169,14.14,BYPASS,0,0,,,,,,,,,,,,,,,,,,,BELOW,false
426,2025-08-19 11:45,2025-08-19 21:45,80527,80567,41,3.5912,3.5746,0.455,0,9.516,12.5,DOWN,1,1,80531,2025-08-19 12:45,4,80531,2025-08-19 12:45,3.5874,0.771,4,-1,1.07,true,80532,2025-08-19 13:00,3.5659,2.51,4.38,true,true,BELOW,false
427,2025-08-19 22:00,2025-08-26 12:15,80568,81201,634,3.4693,3.4638,0.159,0,4.363,12.22,DOWN,1,1,80570,2025-08-19 22:30,2,80570,2025-08-19 22:30,3.466,0.4,2,-1,0.62,true,80571,2025-08-19 22:45,3.4577,1.47,1.47,false,true,BELOW,false
428,2025-08-26 12:30,2025-08-27 03:30,81202,81262,61,3.3663,3.3514,0.435,0,5.169,13.5,BYPASS,0,0,,,,,,,,,,,,,,,,,,,ABOVE,false
429,2025-08-27 03:45,2025-08-27 13:15,81263,81301,39,3.4516,3.4336,0.519,0,3.511,10.21,DOWN,1,3,81274,2025-08-27 06:30,11,81276,2025-08-27 07:00,3.4364,0.156,13,1,0.6,true,81277,2025-08-27 07:15,3.421,0.65,0.65,true,true,OVERLAP,false
430,2025-08-27 13:30,2025-08-28 16:30,81302,81410,109,3.4528,3.4336,0.555,1,4.103,11.01,UP,1,2,81336,2025-08-27 22:00,34,81337,2025-08-27 22:15,3.4406,0.365,35,1,0.44,true,81338,2025-08-27 22:30,3.4657,0.49,0.49,true,true,ABOVE,false
431,2025-08-28 16:45,2025-08-29 12:15,81411,81489,79,3.477,3.465,0.351,0,4.706,14.43,UP,1,1,81432,2025-08-28 22:00,21,81432,2025-08-28 22:00,3.4695,0.375,21,-1,0.94,true,81433,2025-08-28 22:15,3.484,0,1.32,true,true,BELOW,false
432,2025-08-29 12:30,2025-08-30 01:30,81490,81542,53,3.3229,3.3106,0.367,0,7.538,14.71,DOWN,1,2,81494,2025-08-29 13:30,4,81495,2025-08-29 13:45,3.316,0.439,5,-1,2.04,true,81496,2025-08-29 14:00,3.3073,0.88,3.05,true,true,BELOW,false
433,2025-08-30 01:45,2025-09-01 20:15,81543,81809,267,3.2587,3.2506,0.251,0,4.591,11.36,UP,1,1,81588,2025-08-30 13:00,45,81588,2025-08-30 13:00,3.254,0.42,45,1,3.58,true,81589,2025-08-30 13:15,3.2664,0.16,0.16,true,true,BELOW,false
434,2025-09-01 20:30,2025-09-05 12:15,81810,82161,352,3.2112,3.2004,0.343,0,5.482,22.23,DOWN,1,1,81823,2025-09-01 23:45,13,81823,2025-09-01 23:45,3.2025,0.194,13,-1,0.87,true,81824,2025-09-02 00:00,3.1976,0.09,0.09,true,true,ABOVE,false
435,2025-09-05 12:30,2025-09-09 05:45,82162,82519,358,3.4098,3.3891,0.607,0,5.311,15.69,DOWN,1,1,82174,2025-09-05 15:30,12,82174,2025-09-05 15:30,3.3904,0.063,12,1,0.53,true,82175,2025-09-05 15:45,3.3791,0.98,0.98,true,true,ABOVE,false
436,2025-09-09 06:00,2025-09-15 00:45,82520,83075,556,3.483,3.4686,0.409,0,4.145,10.21,DOWN,1,1,82554,2025-09-09 14:30,34,82554,2025-09-09 14:30,3.4723,0.257,34,1,4.16,true,82555,2025-09-09 14:45,3.4638,1.21,1.21,false,true,ABOVE,false
437,2025-09-15 01:00,2025-09-19 03:15,83076,83469,394,3.6968,3.6812,0.426,0,2.858,10.57,UP,1,2,83078,2025-09-15 01:30,2,83079,2025-09-15 01:45,3.6887,0.481,3,-1,0.67,true,83080,2025-09-15 02:00,3.7008,0.04,4.6,true,true,ABOVE,false
438,2025-09-19 03:30,2025-09-22 05:45,83470,83767,298,3.8936,3.8686,0.65,0,4.068,13.59,BYPASS,0,0,,,,,,,,,,,,,,,,,,,BELOW,false
439,2025-09-22 06:00,2025-09-24 03:00,83768,83948,181,3.4828,3.4049,2.33,0,7.421,11.55,DOWN,1,1,83907,2025-09-23 16:45,139,83907,2025-09-23 16:45,3.4149,0.128,139,-1,1.65,true,83908,2025-09-23 17:00,3.3937,2.46,2.72,false,false,BELOW,false
440,2025-09-24 03:15,2025-09-25 11:15,83949,84077,129,3.3422,3.3214,0.634,0,6.379,12.29,DOWN,1,1,83954,2025-09-24 04:30,5,83954,2025-09-24 04:30,3.3281,0.322,5,-1,2.24,true,83955,2025-09-24 04:45,3.3174,0.2,0.2,true,true,BELOW,false
441,2025-09-25 11:30,2025-09-27 21:45,84078,84311,234,3.2223,3.2062,0.503,0,5.905,11.7,DOWN,1,2,84091,2025-09-25 14:45,13,84092,2025-09-25 15:00,3.2102,0.248,14,-1,0.43,true,84093,2025-09-25 15:15,3.196,2.81,4.32,true,true,BELOW,false
442,2025-09-27 22:00,2025-09-28 21:45,84312,84407,96,3.1906,3.1819,0.272,0,2.211,11.18,DOWN,1,3,84314,2025-09-27 22:30,2,84316,2025-09-27 23:00,3.1867,0.552,4,-1,1.09,true,84317,2025-09-27 23:15,3.1767,0.69,1.46,true,true,ABOVE,false
443,2025-09-28 22:00,2025-10-05 14:15,84408,85049,642,3.2283,3.2202,0.249,0,8.983,17.51,UP,1,1,84460,2025-09-29 11:00,52,84460,2025-09-29 11:00,3.2246,0.543,52,1,2.57,true,84461,2025-09-29 11:15,3.2307,0.52,0.52,true,true,ABOVE,false
444,2025-10-05 14:30,2025-10-09 07:45,85050,85407,358,3.6198,3.6093,0.293,0,4.591,14.69,UP,1,1,85114,2025-10-06 06:30,64,85114,2025-10-06 06:30,3.616,0.638,64,-1,3.74,true,85115,2025-10-06 06:45,3.6413,0.24,0.24,true,true,BELOW,false
445,2025-10-09 08:00,2025-10-10 14:30,85408,85530,123,3.453,3.438,0.439,0,4.32,12.7,UP,1,1,85485,2025-10-10 03:15,77,85485,2025-10-10 03:15,3.4488,0.72,77,-1,1.85,true,85486,2025-10-10 03:30,3.4639,0.32,0.77,true,true,OVERLAP,false
446,2025-10-10 14:45,2025-10-10 20:30,85531,85554,24,3.465,3.438,0.785,1,3.647,10.1,DOWN,1,1,85531,2025-10-10 14:45,0,85531,2025-10-10 14:45,3.4394,0.052,0,1,4.86,true,85532,2025-10-10 15:00,3.422,4.75,23.06,false,false,BELOW,false
447,2025-10-10 20:45,2025-10-11 18:45,85555,85643,89,3.2614,3.25,0.371,0,17.323,49.08,BYPASS,0,0,,,,,,,,,,,,,,,,,,,BELOW,false
448,2025-10-11 19:00,2025-10-12 08:15,85644,85697,54,2.6723,2.6511,0.809,0,2.393,12.82,BYPASS,0,0,,,,,,,,,,,,,,,,,,,BELOW,false
449,2025-10-12 08:30,2025-10-12 14:30,85698,85722,25,2.5378,2.5295,0.331,0,1.45,11.21,DOWN,1,2,85715,2025-10-12 12:45,17,85716,2025-10-12 13:00,2.5371,0.916,18,-1,1.06,true,85717,2025-10-12 13:15,2.5205,1.81,1.81,true,true,BELOW,false
450,2025-10-12 14:45,2025-10-13 08:45,85723,85795,73,2.5268,2.4913,1.365,0,8.454,27.64,BYPASS,0,0,,,,,,,,,,,,,,,,,,,ABOVE,false
451,2025-10-13 09:00,2025-10-14 19:15,85796,85933,138,2.8736,2.8502,0.821,0,5.576,22.56,DOWN,1,5,85800,2025-10-13 10:00,4,85804,2025-10-13 11:00,2.8535,0.141,8,1,2.29,true,85805,2025-10-13 11:15,2.7732,2.72,2.72,false,true,OVERLAP,false
452,2025-10-14 19:30,2025-10-15 20:15,85934,86033,100,2.8736,2.8351,1.389,1,5.244,11.27,DOWN,1,2,85961,2025-10-15 02:15,27,85962,2025-10-15 02:30,2.8374,0.06,28,1,1.19,true,85963,2025-10-15 02:45,2.8326,1.84,1.84,false,true,BELOW,false
453,2025-10-15 20:30,2025-10-16 09:15,86034,86085,52,2.7105,2.6843,0.971,0,6.261,32.7,DOWN,1,1,86034,2025-10-15 20:30,0,86034,2025-10-15 20:30,2.6977,0.511,0,-1,4.82,true,86035,2025-10-15 20:45,2.6823,1.21,1.21,true,true,BELOW,false
454,2025-10-16 09:30,2025-10-19 08:00,86086,86368,283,2.672,2.6532,0.707,0,11.962,20.7,UP,1,1,86086,2025-10-16 09:30,0,86086,2025-10-16 09:30,2.6589,0.303,0,-1,13.1,true,86087,2025-10-16 09:45,2.6839,0,2.93,true,true,BELOW,false
455,2025-10-19 08:15,2025-10-22 05:00,86369,86644,276,2.4935,2.4791,0.58,0,4.788,13.24,DOWN,1,1,86369,2025-10-19 08:15,0,86369,2025-10-19 08:15,2.4818,0.187,0,1,8.64,true,86370,2025-10-19 08:30,2.4667,1.56,1.56,true,true,OVERLAP,false
456,2025-10-22 05:15,2025-10-26 09:00,86645,87044,400,2.4935,2.4699,0.98,1,12.851,12.34,DOWN,1,1,86787,2025-10-23 16:45,142,86787,2025-10-23 16:45,2.4837,0.585,142,1,1.11,true,86788,2025-10-23 17:00,2.4653,0.88,2.65,true,true,ABOVE,false
457,2025-10-26 09:15,2025-10-26 21:45,87045,87095,51,2.545,2.5365,0.33,0,5.13,19.17,BYPASS,0,0,,,,,,,,,,,,,,,,,,,ABOVE,false
458,2025-10-26 22:00,2025-10-28 05:30,87096,87222,127,2.6311,2.6208,0.387,0,19.779,35.52,DOWN,1,9,87140,2025-10-27 09:00,44,87148,2025-10-27 11:00,2.6295,0.845,52,-1,0.65,true,87149,2025-10-27 11:15,2.6173,0.71,1.76,true,true,BELOW,false
459,2025-10-28 05:45,2025-10-29 02:45,87223,87307,85,2.6056,2.5865,0.744,0,4.436,18.15,UP,1,1,87249,2025-10-28 12:15,26,87249,2025-10-28 12:15,2.6053,0.984,26,-1,1.1,true,87250,2025-10-28 12:30,2.6207,0,1.14,true,true,BELOW,false
460,2025-10-29 03:00,2025-10-29 17:15,87308,87365,58,2.5104,2.5037,0.268,0,3.722,10.19,UP,1,1,87339,2025-10-29 10:45,31,87339,2025-10-29 10:45,2.5102,0.97,31,-1,1,true,87340,2025-10-29 11:00,2.5229,0,0.88,true,true,OVERLAP,false
461,2025-10-29 17:30,2025-10-29 18:15,87366,87369,4,2.5119,2.5017,0.4,1,3.236,10.64,BYPASS,0,0,,,,,,,,,,,,,,,,,,,ABOVE,false
462,2025-10-29 18:30,2025-10-30 03:45,87370,87407,38,2.5583,2.5346,0.959,0,13.967,11.97,UP,1,2,87375,2025-10-29 19:45,5,87376,2025-10-29 20:00,2.5424,0.329,6,1,0.85,true,87377,2025-10-29 20:15,2.5878,0,2.07,true,true,BELOW,false
463,2025-10-30 04:00,2025-11-01 13:15,87408,87637,230,2.5175,2.5044,0.531,0,2.559,12.09,UP,1,2,87420,2025-10-30 07:00,12,87421,2025-10-30 07:15,2.5119,0.573,13,-1,0.89,true,87422,2025-10-30 07:30,2.5196,1.85,7.08,true,true,BELOW,false
464,2025-11-01 13:30,2025-11-03 15:00,87638,87836,199,2.3796,2.3716,0.338,0,4.151,13.27,DOWN,1,1,87647,2025-11-01 15:45,9,87647,2025-11-01 15:45,2.3745,0.362,9,1,0.72,true,87648,2025-11-01 16:00,2.3698,0.1,0.43,true,true,BELOW,false
465,2025-11-03 15:15,2025-11-04 14:15,87837,87929,93,2.1847,2.157,1.334,0,5.368,11.82,BYPASS,0,0,,,,,,,,,,,,,,,,,,,BELOW,false
466,2025-11-04 14:30,2025-11-04 20:00,87930,87952,23,2.0208,2.01,0.526,0,2.836,14,BYPASS,0,0,,,,,,,,,,,,,,,,,,,BELOW,false
467,2025-11-04 20:15,2025-11-08 23:45,87953,88351,399,1.9343,1.9066,1.456,0,6.202,16.28,DOWN,1,2,87954,2025-11-04 20:30,1,87955,2025-11-04 20:45,1.9164,0.354,2,-1,0.89,true,87956,2025-11-04 21:00,1.9056,3.36,3.36,true,true,ABOVE,false
468,2025-11-09 00:00,2025-11-11 06:30,88352,88570,219,2.123,2.1182,0.227,0,6.646,24.52,DOWN,1,1,88410,2025-11-09 14:30,58,88410,2025-11-09 14:30,2.1188,0.125,58,-1,2.78,true,88411,2025-11-09 14:45,2.1002,0.85,0.85,true,true,OVERLAP,false
469,2025-11-11 06:45,2025-11-14 04:15,88571,88849,279,2.1266,2.1182,0.397,1,6.331,17.63,BYPASS,0,0,,,,,,,,,,,,,,,,,,,BELOW,false
470,2025-11-14 04:30,2025-11-14 20:15,88850,88913,64,1.8391,1.8269,0.681,0,19.598,55.34,UP,1,2,88860,2025-11-14 07:00,10,88861,2025-11-14 07:15,1.838,0.91,11,-1,0.63,true,88862,2025-11-14 07:30,1.8397,1.79,4.69,true,true,BELOW,false
471,2025-11-14 20:30,2025-11-16 09:30,88914,89062,149,1.799,1.7758,1.327,0,2.792,10.51,DOWN,1,1,88916,2025-11-14 21:00,2,88916,2025-11-14 21:00,1.7793,0.151,2,-1,1.58,true,88917,2025-11-14 21:15,1.769,3.89,3.89,false,true,BELOW,false
472,2025-11-16 09:45,2025-11-16 15:30,89063,89086,24,1.7599,1.7539,0.337,0,2.973,12,BYPASS,0,0,,,,,,,,,,,,,,,,,,,BELOW,false
473,2025-11-16 15:45,2025-11-16 20:45,89087,89107,21,1.6956,1.6878,0.467,0,4.536,10.73,DOWN,1,1,89096,2025-11-16 18:00,9,89096,2025-11-16 18:00,1.6924,0.59,9,-1,1.63,true,89097,2025-11-16 18:15,1.6776,2.12,2.75,false,true,BELOW,false
474,2025-11-16 21:00,2025-11-20 12:30,89108,89458,351,1.6675,1.6596,0.478,0,2.449,11.25,DOWN,1,3,89111,2025-11-16 21:45,3,89113,2025-11-16 22:15,1.6633,0.468,5,-1,0.87,true,89114,2025-11-16 22:30,1.6521,1.1,1.1,true,true,BELOW,false
475,2025-11-20 12:45,2025-11-21 07:15,89459,89533,75,1.6373,1.6282,0.552,0,3.019,11.28,DOWN,1,2,89462,2025-11-20 13:30,3,89463,2025-11-20 13:45,1.6311,0.319,4,1,1.35,true,89464,2025-11-20 14:00,1.6092,5.52,9.08,true,true,BELOW,false
476,2025-11-21 07:30,2025-11-24 14:15,89534,89849,316,1.48,1.4647,1.083,0,7.692,17.66,BYPASS,0,0,,,,,,,,,,,,,,,,,,,BELOW,false
477,2025-11-24 14:30,2025-11-26 09:30,89850,90022,173,1.3714,1.3613,0.74,0,6.145,14.23,UP,1,1,89850,2025-11-24 14:30,0,89850,2025-11-24 14:30,1.364,0.267,0,1,6.14,true,89851,2025-11-24 14:45,1.3806,0,0,true,true,ABOVE,false
478,2025-11-26 09:45,2025-11-26 16:30,90023,90050,28,1.5203,1.5135,0.45,0,4.436,12.32,DOWN,1,1,90024,2025-11-26 10:00,1,90024,2025-11-26 10:00,1.5136,0.015,1,1,1.74,true,90025,2025-11-26 10:15,1.5102,2.48,2.97,false,false,BELOW,false
479,2025-11-26 16:45,2025-12-01 11:15,90051,90509,459,1.5066,1.4933,0.886,0,6.902,26.02,UP,1,2,90051,2025-11-26 16:45,0,90052,2025-11-26 17:00,1.5004,0.534,1,-1,0.71,true,90053,2025-11-26 17:15,1.5149,0,0,true,true,BELOW,false
480,2025-12-01 11:30,2025-12-02 10:30,90510,90602,93,1.3649,1.361,0.289,0,6.333,11.99,BYPASS,0,0,,,,,,,,,,,,,,,,,,,BELOW,false
481,2025-12-02 10:45,2025-12-03 02:45,90603,90667,65,1.3555,1.3498,0.416,0,4.921,10.32,BYPASS,0,0,,,,,,,,,,,,,,,,,,,ABOVE,false
482,2025-12-03 03:00,2025-12-03 09:15,90668,90693,26,1.6372,1.6312,0.362,0,14.592,39.28,UP,1,2,90670,2025-12-03 03:30,2,90671,2025-12-03 03:45,1.6346,0.567,3,1,0.58,true,90672,2025-12-03 04:00,1.6543,0,0,true,true,ABOVE,false
483,2025-12-03 09:30,2025-12-03 13:45,90694,90711,18,1.7739,1.7564,1.026,0,5.712,12.02,BYPASS,0,0,,,,,,,,,,,,,,,,,,,BELOW,false
484,2025-12-03 14:00,2025-12-03 22:30,90712,90746,35,1.714,1.702,0.713,0,7.288,31.97,DOWN,1,1,90722,2025-12-03 16:30,10,90722,2025-12-03 16:30,1.7033,0.108,10,1,0.74,true,90723,2025-12-03 16:45,1.6933,2.71,2.71,false,true,BELOW,false
485,2025-12-03 22:45,2025-12-06 02:45,90747,90955,209,1.6838,1.6705,0.781,0,8.128,15.88,UP,1,1,90752,2025-12-04 00:00,5,90752,2025-12-04 00:00,1.6811,0.797,5,1,1.09,true,90753,2025-12-04 00:15,1.6848,0,1.05,true,true,BELOW,false
486,2025-12-06 03:00,2025-12-09 09:45,90956,91271,316,1.5484,1.5438,0.297,0,3.216,10.78,DOWN,1,1,90960,2025-12-06 04:00,4,90960,2025-12-06 04:00,1.5441,0.065,4,-1,0.77,true,90961,2025-12-06 04:15,1.5392,0.7,2.22,true,true,ABOVE,false
487,2025-12-09 10:00,2025-12-09 14:45,91272,91291,20,1.6094,1.5988,0.661,0,2.419,11.92,UP,1,1,91272,2025-12-09 10:00,0,91272,2025-12-09 10:00,1.6029,0.387,0,-1,1.73,true,91273,2025-12-09 10:15,1.6099,0.44,0.66,true,true,OVERLAP,false
488,2025-12-09 15:00,2025-12-13 07:00,91292,91644,353,1.6094,1.5952,0.884,1,5.801,15.94,UP,1,1,91292,2025-12-09 15:00,0,91292,2025-12-09 15:00,1.6058,0.746,0,-1,5.14,true,91293,2025-12-09 15:15,1.6202,0,0,true,true,BELOW,false
489,2025-12-13 07:15,2025-12-13 21:15,91645,91701,57,1.5793,1.5762,0.195,0,5.641,16.37,BYPASS,0,0,,,,,,,,,,,,,,,,,,,ABOVE,false
490,2025-12-13 21:30,2025-12-16 20:15,91702,91985,284,1.603,1.5983,0.295,0,4.662,10.18,DOWN,1,1,91703,2025-12-13 21:45,1,91703,2025-12-13 21:45,1.5994,0.234,1,1,1.38,true,91704,2025-12-13 22:00,1.5934,0.31,0.31,true,true,BELOW,false
491,2025-12-16 20:30,2025-12-17 03:15,91986,92013,28,1.5091,1.5015,0.501,0,7.431,10.09,UP,1,1,91992,2025-12-16 22:00,6,91992,2025-12-16 22:00,1.5089,0.974,6,1,0.4,true,91993,2025-12-16 22:15,1.5129,0.13,1.47,true,true,BELOW,false
492,2025-12-17 03:30,2025-12-18 16:45,92014,92163,150,1.5006,1.4958,0.323,0,7.818,19.54,DOWN,1,1,92062,2025-12-17 15:30,48,92062,2025-12-17 15:30,1.4964,0.125,48,-1,2.54,true,92063,2025-12-17 15:45,1.4731,4.85,6.32,false,false,BELOW,false
493,2025-12-18 17:00,2025-12-20 03:15,92164,92301,138,1.4289,1.4192,0.705,0,9.278,17.51,UP,1,2,92224,2025-12-19 08:00,60,92225,2025-12-19 08:15,1.4245,0.546,61,1,0.49,true,92226,2025-12-19 08:30,1.4302,0.27,0.27,true,true,ABOVE,false
494,2025-12-20 03:30,2025-12-24 13:15,92302,92725,424,1.468,1.4631,0.333,0,1.993,13.31,DOWN,1,1,92304,2025-12-20 04:00,2,92304,2025-12-20 04:00,1.4635,0.082,2,1,2.09,true,92305,2025-12-20 04:15,1.4626,0.42,0.42,true,true,BELOW,false
495,2025-12-24 13:30,2025-12-25 15:00,92726,92828,103,1.414,1.4101,0.278,0,3.245,13.97,UP,1,1,92737,2025-12-24 16:15,11,92737,2025-12-24 16:15,1.4102,0.026,11,-1,0.76,true,92738,2025-12-24 16:30,1.4211,0.24,0.24,true,true,BELOW,false
496,2025-12-25 15:15,2025-12-29 09:15,92829,93189,361,1.4014,1.3954,0.426,0,2.481,11.51,DOWN,1,2,92856,2025-12-25 22:00,27,92857,2025-12-25 22:15,1.3973,0.317,28,-1,1.11,true,92858,2025-12-25 22:30,1.379,3.1,3.1,false,true,ABOVE,false
497,2025-12-29 09:30,2025-12-30 07:45,93190,93279,90,1.4832,1.4781,0.35,0,6.648,10.03,BYPASS,0,0,,,,,,,,,,,,,,,,,,,BELOW,false
498,2025-12-30 08:00,2026-01-03 19:45,93280,93711,432,1.4273,1.4256,0.118,0,6.585,11.92,UP,1,2,93328,2025-12-30 20:00,48,93329,2025-12-30 20:15,1.4273,1,49,-1,0.88,true,93330,2025-12-30 20:30,1.4289,0,0,true,true,ABOVE,false
499,2026-01-03 20:00,2026-01-03 23:45,93712,93727,16,1.6542,1.6498,0.268,0,4.646,10.43,DOWN,1,1,93714,2026-01-03 20:30,2,93714,2026-01-03 20:30,1.6502,0.091,2,1,0.75,true,93715,2026-01-03 20:45,1.6454,0.54,0.54,true,true,ABOVE,false
500,2026-01-04 00:00,2026-01-04 22:45,93728,93819,92,1.669,1.6632,0.344,0,7.279,13.69,BYPASS,0,0,,,,,,,,,,,,,,,,,,,ABOVE,false
501,2026-01-04 23:00,2026-01-05 13:45,93820,93879,60,1.7106,1.703,0.451,0,28.442,61.77,UP,1,1,93827,2026-01-05 00:45,7,93827,2026-01-05 00:45,1.7066,0.474,7,1,1.44,true,93828,2026-01-05 01:00,1.7229,0.28,2.56,true,true,BELOW,false
502,2026-01-05 14:00,2026-01-09 01:00,93880,94212,333,1.6801,1.6743,0.347,0,5.334,11.72,BYPASS,0,0,,,,,,,,,,,,,,,,,,,ABOVE,false
503,2026-01-09 01:15,2026-01-11 22:45,94213,94491,279,1.8273,1.8202,0.388,0,6.566,13.08,DOWN,1,1,94216,2026-01-09 02:00,3,94216,2026-01-09 02:00,1.8225,0.324,3,1,1.37,true,94217,2026-01-09 02:15,1.8137,1.04,2.4,true,true,BELOW,false
504,2026-01-11 23:00,2026-01-13 13:15,94492,94645,154,1.7905,1.7823,0.459,0,9.328,11.53,UP,1,3,94492,2026-01-11 23:00,0,94494,2026-01-11 23:30,1.7879,0.683,2,-1,1.18,true,94495,2026-01-11 23:45,1.7953,1.13,1.13,true,true,ABOVE,false
505,2026-01-13 13:30,2026-01-13 21:45,94646,94679,34,1.798,1.7906,0.41,0,9.109,11.22,BYPASS,0,0,,,,,,,,,,,,,,,,,,,ABOVE,false
506,2026-01-13 22:00,2026-01-15 19:45,94680,94863,184,1.8429,1.8367,0.327,0,43.607,30.51,DOWN,1,3,94710,2026-01-14 05:30,30,94712,2026-01-14 06:00,1.8376,0.145,32,1,1.28,true,94713,2026-01-14 06:15,1.8332,0.59,1.52,true,true,BELOW,false
507,2026-01-15 20:00,2026-01-18 22:45,94864,95163,300,1.7769,1.7662,0.602,0,6.472,10.81,UP,1,2,94865,2026-01-15 20:15,1,94866,2026-01-15 20:30,1.7757,0.888,2,-1,1.14,true,94867,2026-01-15 20:45,1.7784,0,0,true,true,ABOVE,false
508,2026-01-18 23:00,2026-01-20 22:15,95164,95353,190,1.7859,1.7832,0.154,0,21.258,29.38,BYPASS,0,0,,,,,,,,,,,,,,,,,,,BELOW,false
509,2026-01-20 22:30,2026-01-23 14:15,95354,95609,256,1.4968,1.4885,0.561,0,23.497,58.74,UP,1,1,95362,2026-01-21 00:30,8,95362,2026-01-21 00:30,1.4924,0.47,8,-1,1.61,true,95363,2026-01-21 00:45,1.5046,0,0,true,true,OVERLAP,false
510,2026-01-23 14:30,2026-01-24 19:30,95610,95726,117,1.4968,1.4852,0.79,1,6.108,12.68,UP,1,1,95614,2026-01-23 15:30,4,95614,2026-01-23 15:30,1.49,0.414,4,-1,1.71,true,95615,2026-01-23 15:45,1.5018,0,0.79,true,true,BELOW,false
511,2026-01-24 19:45,2026-01-25 14:00,95727,95800,74,1.4829,1.4815,0.095,0,11.832,15.4,DOWN,1,2,95730,2026-01-24 20:30,3,95731,2026-01-24 20:45,1.4828,0.929,4,-1,0.29,true,95732,2026-01-24 21:00,1.4808,0.22,0.22,true,true,BELOW,false
512,2026-01-25 14:15,2026-01-26 21:15,95801,95925,125,1.4712,1.4645,0.459,0,4.517,12.22,DOWN,1,1,95805,2026-01-25 15:15,4,95805,2026-01-25 15:15,1.4685,0.597,4,-1,1,true,95806,2026-01-25 15:30,1.4597,4.05,6.56,false,false,BELOW,false
513,2026-01-26 21:30,2026-01-28 11:15,95926,96077,152,1.4455,1.4387,0.467,0,3.531,10.41,UP,1,1,95932,2026-01-26 23:00,6,95932,2026-01-26 23:00,1.4442,0.809,6,1,0.77,true,95933,2026-01-26 23:15,1.4465,0.1,0.21,true,true,BELOW,false
514,2026-01-28 11:30,2026-01-29 02:15,96078,96137,60,1.4305,1.4262,0.3,0,3.501,11.88,UP,1,4,96082,2026-01-28 12:30,4,96085,2026-01-28 13:15,1.4297,0.814,7,-1,0.85,true,96086,2026-01-28 13:30,1.435,2.32,2.32,true,true,BELOW,false
515,2026-01-29 02:30,2026-01-30 18:00,96138,96296,159,1.3898,1.3842,0.41,0,23.914,36.85,BYPASS,0,0,,,,,,,,,,,,,,,,,,,BELOW,false
516,2026-01-30 18:15,2026-02-01 17:45,96297,96487,191,1.2845,1.2686,1.265,0,4.453,10.54,UP,1,1,96298,2026-01-30 18:30,1,96298,2026-01-30 18:30,1.2829,0.899,1,-1,1.51,true,96299,2026-01-30 18:45,1.3006,0.32,0.32,true,true,BELOW,false
517,2026-02-01 18:00,2026-02-01 22:45,96488,96507,20,1.1083,1.0964,1.055,0,3.128,12.04,UP,1,2,96496,2026-02-01 20:00,8,96497,2026-02-01 20:15,1.1,0.303,9,-1,0.67,true,96498,2026-02-01 20:30,1.1197,0,2.2,true,true,OVERLAP,false
518,2026-02-01 23:00,2026-02-04 10:45,96508,96747,240,1.1157,1.0964,1.761,1,10.218,21.95,UP,1,4,96509,2026-02-01 23:15,1,96512,2026-02-02 00:00,1.1115,0.782,4,-1,1.36,true,96513,2026-02-02 00:15,1.1197,0,3.29,true,true,ABOVE,false
519,2026-02-04 11:00,2026-02-05 23:45,96748,96895,148,1.1239,1.1219,0.181,0,11.982,10.97,BYPASS,0,0,,,,,,,,,,,,,,,,,,,BELOW,false
520,2026-02-06 00:00,2026-02-06 12:45,96896,96947,52,0.893,0.8777,1.862,0,5.703,20.04,UP,1,2,96900,2026-02-06 01:00,4,96901,2026-02-06 01:15,0.8871,0.614,5,-1,0.51,true,96902,2026-02-06 01:30,0.8953,0,0.13,true,true,ABOVE,false
521,2026-02-06 13:00,2026-02-07 06:30,96948,97018,71,0.9488,0.9437,0.533,0,2.6,10.16,UP,1,1,96951,2026-02-06 13:45,3,96951,2026-02-06 13:45,0.9469,0.627,3,1,1.22,true,96952,2026-02-06 14:00,0.952,0,0,true,true,ABOVE,false
522,2026-02-07 06:45,2026-02-07 15:45,97019,97055,37,1.0094,1.0019,0.762,0,4.592,12.77,BYPASS,0,0,,,,,,,,,,,,,,,,,,,BELOW,false
523,2026-02-07 16:00,2026-02-08 21:15,97056,97173,118,0.9952,0.991,0.416,0,42.506,50.79,UP,1,1,97060,2026-02-07 17:00,4,97060,2026-02-07 17:00,0.995,0.952,4,-1,0.46,true,97061,2026-02-07 17:15,1.001,0,0,true,true,BELOW,false
524,2026-02-08 21:30,2026-02-11 13:15,97174,97429,256,0.9803,0.9778,0.258,0,4.894,12.74,DOWN,1,1,97189,2026-02-09 01:15,15,97189,2026-02-09 01:15,0.9797,0.76,15,-1,1.02,true,97190,2026-02-09 01:30,0.9696,1.06,1.06,true,true,BELOW,false
525,2026-02-11 13:30,2026-02-16 08:45,97430,97891,462,0.8967,0.8919,0.532,0,4.506,11.81,DOWN,1,1,97440,2026-02-11 16:00,10,97440,2026-02-11 16:00,0.8953,0.708,10,-1,1.02,true,97441,2026-02-11 16:15,0.888,1.95,1.95,true,true,ABOVE,false
526,2026-02-16 09:00,2026-02-19 12:45,97892,98195,304,0.9642,0.9616,0.269,0,4.549,11.08,UP,1,1,97904,2026-02-16 12:00,12,97904,2026-02-16 12:00,0.963,0.538,12,-1,1.06,true,97905,2026-02-16 12:15,0.9749,0.32,0.87,true,true,BELOW,false
527,2026-02-19 13:00,2026-02-19 21:45,98196,98231,36,0.915,0.9124,0.287,0,14.814,26.64,DOWN,1,1,98220,2026-02-19 19:00,24,98220,2026-02-19 19:00,0.9129,0.192,24,-1,0.82,true,98221,2026-02-19 19:15,0.9113,0.42,0.42,true,true,ABOVE,false
528,2026-02-19 22:00,2026-02-21 02:45,98232,98347,116,0.9193,0.916,0.358,0,6.099,15.8,UP,1,2,98233,2026-02-19 22:15,1,98234,2026-02-19 22:30,0.9174,0.424,2,-1,0.64,true,98235,2026-02-19 22:45,0.92,0,0,true,true,ABOVE,false
529,2026-02-21 03:00,2026-02-22 11:45,98348,98479,132,0.954,0.9521,0.2,0,3.355,10.24,UP,1,1,98355,2026-02-21 04:45,7,98355,2026-02-21 04:45,0.9528,0.368,7,1,0.61,true,98356,2026-02-21 05:00,0.9549,0.82,0.82,true,true,BELOW,false
530,2026-02-22 12:00,2026-02-23 00:45,98480,98531,52,0.9367,0.9354,0.14,0,5.82,14.37,BYPASS,0,0,,,,,,,,,,,,,,,,,,,BELOW,false
531,2026-02-23 01:00,2026-02-23 09:15,98532,98565,34,0.9178,0.9074,1.18,0,5.648,10.19,BYPASS,0,0,,,,,,,,,,,,,,,,,,,BELOW,false
532,2026-02-23 09:30,2026-02-24 21:45,98566,98711,146,0.8922,0.888,0.465,0,6.81,10,DOWN,1,2,98589,2026-02-23 15:15,23,98590,2026-02-23 15:30,0.8889,0.214,24,1,0.8,true,98591,2026-02-23 15:45,0.8858,2.64,2.64,true,true,BELOW,false
533,2026-02-24 22:00,2026-02-25 21:15,98712,98805,94,0.8605,0.8573,0.371,0,3.977,14.82,DOWN,1,2,98719,2026-02-24 23:45,7,98720,2026-02-25 00:00,0.8573,0,8,-1,1.46,true,98721,2026-02-25 00:15,0.857,0.02,0.02,true,true,ABOVE,false
534,2026-02-25 21:30,2026-02-27 22:00,98806,99000,195,1.0081,1.0013,0.671,0,7.569,13.22,DOWN,1,1,98809,2026-02-25 22:15,3,98809,2026-02-25 22:15,1.0048,0.515,3,1,0.43,true,98810,2026-02-25 22:30,0.9922,4.35,5.24,false,false,BELOW,false
535,2026-02-27 22:15,2026-02-28 13:30,99001,99062,62,0.8972,0.8942,0.337,0,9.543,19.05,UP,1,2,99003,2026-02-27 22:45,2,99004,2026-02-27 23:00,0.8968,0.867,3,-1,0.74,true,99005,2026-02-27 23:15,0.8992,0,1.19,true,true,BELOW,false
536,2026-02-28 13:45,2026-03-01 13:30,99063,99158,96,0.8385,0.8337,0.555,0,11.397,40.77,BYPASS,0,0,,,,,,,,,,,,,,,,,,,ABOVE,false
537,2026-03-01 13:45,2026-03-01 16:30,99159,99170,12,0.8933,0.8898,0.384,0,10.194,19.61,BYPASS,0,0,,,,,,,,,,,,,,,,,,,ABOVE,false
538,2026-03-01 16:45,2026-03-02 19:45,99171,99279,109,0.916,0.9104,0.624,0,5.49,18.93,DOWN,1,1,99204,2026-03-02 01:00,33,99204,2026-03-02 01:00,0.9125,0.375,33,-1,1.76,true,99205,2026-03-02 01:15,0.9039,2.11,3.31,true,true,ABOVE,false
539,2026-03-02 20:00,2026-03-04 14:15,99280,99449,170,0.9386,0.9337,0.525,0,2.564,10.14,DOWN,1,1,99286,2026-03-02 21:30,6,99286,2026-03-02 21:30,0.9339,0.041,6,1,0.43,true,99287,2026-03-02 21:45,0.9307,1.56,2.26,true,true,ABOVE,false
540,2026-03-04 14:30,2026-03-08 21:45,99450,99863,414,0.9493,0.9414,0.838,0,3.267,15.01,DOWN,1,1,99450,2026-03-04 14:30,0,99450,2026-03-04 14:30,0.9429,0.19,0,1,4.28,true,99451,2026-03-04 14:45,0.9399,0.19,0.19,true,true,BELOW,false
541,2026-03-08 22:00,2026-03-10 11:45,99864,100015,152,0.889,0.8864,0.296,0,50.675,85.99,DOWN,1,1,99872,2026-03-09 00:00,8,99872,2026-03-09 00:00,0.8877,0.5,8,-1,1.1,true,99873,2026-03-09 00:15,0.8859,0.79,0.79,true,true,ABOVE,false
542,2026-03-10 12:00,2026-03-13 21:45,100016,100343,328,0.973,0.9692,0.393,0,2.682,13.82,UP,1,1,100019,2026-03-10 12:45,3,100019,2026-03-10 12:45,0.9707,0.395,3,1,0.6,true,100020,2026-03-10 13:00,0.9817,1.19,1.19,true,true,ABOVE,false
543,2026-03-13 22:00,2026-03-14 22:45,100344,100443,100,0.9999,0.997,0.292,0,6.323,11.97,UP,1,4,100366,2026-03-14 03:30,22,100369,2026-03-14 04:15,0.9986,0.552,25,-1,1.65,true,100370,2026-03-14 04:30,1.0013,1.64,1.88,false,false,BELOW,false
544,2026-03-14 23:00,2026-03-15 12:45,100444,100499,56,0.9933,0.9915,0.18,0,5.743,14.06,BYPASS,0,0,,,,,,,,,,,,,,,,,,,ABOVE,false
545,2026-03-15 13:00,2026-03-15 17:30,100500,100518,19,1.0044,1.0022,0.221,0,6.462,15.41,DOWN,1,1,100504,2026-03-15 14:00,4,100504,2026-03-15 14:00,1.0028,0.273,4,1,1.5,true,100505,2026-03-15 14:15,1.0002,0.73,0.73,true,true,BELOW,false
546,2026-03-15 17:45,2026-03-17 19:30,100519,100718,200,1.0005,0.9988,0.168,0,5.896,13.56,BYPASS,0,0,,,,,,,,,,,,,,,,,,,ABOVE,false
547,2026-03-17 19:45,2026-03-18 11:15,100719,100781,63,1.0372,1.0327,0.438,0,2.649,10.21,UP,1,3,100721,2026-03-17 20:15,2,100723,2026-03-17 20:45,1.0332,0.111,4,-1,0.4,true,100724,2026-03-17 21:00,1.0379,0.22,1.3,true,true,BELOW,false
548,2026-03-18 11:30,2026-03-19 18:45,100782,100907,126,1.0281,1.0162,1.185,0,7.39,21.79,BYPASS,0,0,,,,,,,,,,,,,,,,,,,BELOW,false
549,2026-03-19 19:00,2026-03-21 16:45,100908,101091,184,0.9503,0.9456,0.49,0,5.28,10.21,BYPASS,0,0,,,,,,,,,,,,,,,,,,,ABOVE,false
550,2026-03-21 17:00,2026-03-21 23:30,101092,101118,27,0.9619,0.9593,0.271,0,2.795,11.92,DOWN,1,2,101093,2026-03-21 17:15,1,101094,2026-03-21 17:30,0.9604,0.423,2,-1,0.33,true,101095,2026-03-21 17:45,0.9592,0.02,3.64,true,true,BELOW,false
551,2026-03-21 23:45,2026-03-23 06:15,101119,101241,123,0.9592,0.957,0.236,0,24.756,18.01,BYPASS,0,0,,,,,,,,,,,,,,,,,,,BELOW,false
552,2026-03-23 06:30,2026-03-23 10:45,101242,101259,18,0.9102,0.9078,0.266,0,4.068,12.75,BYPASS,0,0,,,,,,,,,,,,,,,,,,,BELOW,false
553,2026-03-23 11:00,2026-03-24 20:00,101260,101392,133,0.9029,0.899,0.41,0,65.068,110.9,BYPASS,0,0,,,,,,,,,,,,,,,,,,,ABOVE,false
554,2026-03-24 20:15,2026-03-25 04:45,101393,101427,35,0.934,0.9307,0.348,0,6.418,21.73,BYPASS,0,0,,,,,,,,,,,,,,,,,,,ABOVE,false
555,2026-03-25 05:00,2026-03-26 09:15,101428,101541,114,0.9573,0.9515,0.608,0,8.655,11.65,UP,1,5,101428,2026-03-25 05:00,0,101432,2026-03-25 06:00,0.9525,0.172,4,1,0.52,true,101433,2026-03-25 06:15,0.9578,0,0,true,true,BELOW,false
556,2026-03-26 09:30,2026-03-28 13:15,101542,101749,208,0.9374,0.9349,0.27,0,7.139,14.94,BYPASS,0,0,,,,,,,,,,,,,,,,,,,BELOW,false
557,2026-03-28 13:30,2026-03-28 22:45,101750,101787,38,0.8857,0.8836,0.235,0,10.847,15.12,UP,1,2,101752,2026-03-28 14:00,2,101753,2026-03-28 14:15,0.8855,0.905,3,1,0.87,true,101754,2026-03-28 14:30,0.887,0.16,0.33,true,true,BELOW,false
558,2026-03-28 23:00,2026-03-29 12:45,101788,101843,56,0.8778,0.8762,0.187,0,71.363,53.28,BYPASS,0,0,,,,,,,,,,,,,,,,,,,BELOW,false
559,2026-03-29 13:00,2026-03-29 21:45,101844,101879,36,0.8572,0.8542,0.356,0,16.09,39.05,BYPASS,0,0,,,,,,,,,,,,,,,,,,,BELOW,false
560,2026-03-29 22:00,2026-03-30 09:45,101880,101927,48,0.8472,0.8456,0.19,0,5.595,14.9,UP,1,1,101887,2026-03-29 23:45,7,101887,2026-03-29 23:45,0.8464,0.5,7,-1,0.49,true,101888,2026-03-30 00:00,0.8482,0,0,true,true,ABOVE,false
561,2026-03-30 10:00,2026-03-30 20:45,101928,101971,44,0.878,0.8763,0.194,0,6.237,12.25,UP,1,1,101930,2026-03-30 10:30,2,101930,2026-03-30 10:30,0.8778,0.882,2,1,0.33,true,101931,2026-03-30 10:45,0.8809,0,0.11,true,true,BELOW,false
562,2026-03-30 21:00,2026-04-01 12:15,101972,102129,158,0.8629,0.8604,0.288,0,9.062,12.53,UP,1,1,101980,2026-03-30 23:00,8,101980,2026-03-30 23:00,0.8611,0.28,8,-1,1.47,true,101981,2026-03-30 23:15,0.8635,0,0,true,true,ABOVE,false
563,2026-04-01 12:30,2026-04-04 06:30,102130,102394,265,0.8933,0.8901,0.356,0,8.515,24.92,UP,1,1,102155,2026-04-01 18:45,25,102155,2026-04-01 18:45,0.8931,0.938,25,1,0.75,true,102156,2026-04-01 19:00,0.8943,0.6,1.43,true,true,BELOW,false
564,2026-04-04 06:45,2026-04-04 18:45,102395,102443,49,0.8708,0.8698,0.114,0,4.523,15.82,UP,1,1,102398,2026-04-04 07:30,3,102398,2026-04-04 07:30,0.8706,0.8,3,1,0.47,true,102399,2026-04-04 07:45,0.8711,0.57,0.59,true,true,BELOW,false
565,2026-04-04 19:00,2026-04-08 17:00,102444,102820,377,0.8694,0.8682,0.137,0,5.892,19.53,UP,1,1,102446,2026-04-04 19:30,2,102446,2026-04-04 19:30,0.8694,1,2,-1,0.49,true,102447,2026-04-04 19:45,0.8699,0.1,0.3,true,true,ABOVE,false
566,2026-04-08 17:15,2026-04-08 20:45,102821,102835,15,0.934,0.9304,0.388,0,3.027,12.51,UP,1,1,102822,2026-04-08 17:30,1,102822,2026-04-08 17:30,0.9339,0.972,1,-1,0.58,true,102823,2026-04-08 17:45,0.9349,1.54,2.14,true,true,BELOW,false
567,2026-04-08 21:00,2026-04-10 05:45,102836,102967,132,0.9206,0.919,0.173,0,6.652,13.27,UP,1,1,102841,2026-04-08 22:15,5,102841,2026-04-08 22:15,0.9194,0.25,5,-1,1.58,true,102842,2026-04-08 22:30,0.9223,1.49,2.15,false,false,ABOVE,false
568,2026-04-10 06:00,2026-04-11 06:30,102968,103066,99,0.9387,0.9358,0.307,0,5.426,10.53,DOWN,1,1,102969,2026-04-10 06:15,1,102969,2026-04-10 06:15,0.9382,0.828,1,1,0.88,true,102970,2026-04-10 06:30,0.9321,1.33,1.33,false,true,BELOW,false
569,2026-04-11 06:45,2026-04-12 01:15,103067,103141,75,0.933,0.9308,0.236,0,8.358,22.57,UP,1,5,103067,2026-04-11 06:45,0,103071,2026-04-11 07:45,0.9327,0.864,4,-1,0.25,true,103072,2026-04-11 08:00,0.9354,0,0.47,true,true,ABOVE,false
570,2026-04-12 01:30,2026-04-12 10:30,103142,103178,37,0.9411,0.9385,0.284,0,31.016,27.72,BYPASS,0,0,,,,,,,,,,,,,,,,,,,BELOW,false
571,2026-04-12 10:45,2026-04-12 21:45,103179,103223,45,0.9123,0.9106,0.187,0,4.643,10.04,DOWN,1,1,103218,2026-04-12 20:30,39,103218,2026-04-12 20:30,0.9108,0.118,39,-1,1.75,true,103219,2026-04-12 20:45,0.9103,1.24,1.38,false,false,BELOW,false
572,2026-04-12 22:00,2026-04-13 21:45,103224,103319,96,0.9094,0.9075,0.21,0,7.263,11.93,UP,1,1,103238,2026-04-13 01:30,14,103238,2026-04-13 01:30,0.9084,0.474,14,-1,0.5,true,103239,2026-04-13 01:45,0.91,0.39,0.91,true,true,ABOVE,false
573,2026-04-13 22:00,2026-04-18 03:30,103320,103726,407,0.9307,0.928,0.288,0,7.607,17.74,UP,1,3,103404,2026-04-14 19:00,84,103406,2026-04-14 19:30,0.929,0.37,86,-1,0.7,true,103407,2026-04-14 19:45,0.9313,0.1,0.1,true,true,ABOVE,false
574,2026-04-18 03:45,2026-04-18 18:15,103727,103785,59,0.9983,0.9951,0.321,0,3.382,10.32,UP,1,1,103727,2026-04-18 03:45,0,103727,2026-04-18 03:45,0.9966,0.469,0,-1,1.23,true,103728,2026-04-18 04:00,0.9996,0.09,2.06,true,true,BELOW,false
575,2026-04-18 18:30,2026-04-20 07:00,103786,103932,147,0.9604,0.9569,0.367,0,6.855,10.06,DOWN,1,1,103788,2026-04-18 19:00,2,103788,2026-04-18 19:00,0.9583,0.4,2,-1,1.45,true,103789,2026-04-18 19:15,0.9549,0.48,0.67,true,true,BELOW,false
576,2026-04-20 07:15,2026-04-23 08:45,103933,104227,295,0.9395,0.9366,0.305,0,9.457,12.66,UP,1,1,103936,2026-04-20 08:00,3,103936,2026-04-20 08:00,0.9387,0.724,3,-1,1.44,true,103937,2026-04-20 08:15,0.9404,0.33,0.33,true,true,OVERLAP,false
577,2026-04-23 09:00,2026-04-24 22:15,104228,104377,150,0.9395,0.9362,0.353,1,5.932,16.86,UP,1,3,104237,2026-04-23 11:15,9,104239,2026-04-23 11:45,0.9379,0.515,11,-1,0.97,true,104240,2026-04-23 12:00,0.9396,0.06,1.43,true,true,ABOVE,false
578,2026-04-24 22:30,2026-04-29 14:45,104378,104827,450,0.9479,0.9468,0.117,0,7.845,15.66,UP,1,2,104388,2026-04-25 01:00,10,104389,2026-04-25 01:15,0.9475,0.636,11,1,1.4,true,104390,2026-04-25 01:30,0.9483,0.12,0.57,true,true,BELOW,false
579,2026-04-29 15:00,2026-04-29 17:45,104828,104839,12,0.9187,0.915,0.408,0,6.057,11.35,BYPASS,0,0,,,,,,,,,,,,,,,,,,,BELOW,false
580,2026-04-29 18:00,2026-05-01 03:00,104840,104972,133,0.9087,0.9046,0.461,0,19.826,39.5,DOWN,1,4,104853,2026-04-29 21:15,13,104856,2026-04-29 22:00,0.9071,0.61,16,-1,0.22,true,104857,2026-04-29 22:15,0.9039,0.15,0.15,true,true,ABOVE,false
581,2026-05-01 03:15,2026-05-01 22:30,104973,105050,78,0.9132,0.9099,0.36,0,8.789,13.6,UP,1,2,104988,2026-05-01 07:00,15,104989,2026-05-01 07:15,0.9127,0.848,16,1,0.59,true,104990,2026-05-01 07:30,0.9135,0,0.14,true,true,ABOVE,false
582,2026-05-01 22:45,2026-05-02 21:15,105051,105141,91,0.9223,0.9206,0.185,0,6.294,10.79,DOWN,1,1,105062,2026-05-02 01:30,11,105062,2026-05-02 01:30,0.9206,0,11,1,0.68,true,105063,2026-05-02 01:45,0.92,0.66,0.74,false,false,ABOVE,false
583,2026-05-02 21:30,2026-05-03 06:00,105142,105176,35,0.9268,0.9256,0.129,0,13.62,22.07,UP,1,1,105148,2026-05-02 23:00,6,105148,2026-05-02 23:00,0.9268,1,6,1,6.11,true,105149,2026-05-02 23:15,0.928,0.92,1.39,true,true,BELOW,false
584,2026-05-03 06:15,2026-05-04 20:15,105177,105329,153,0.9158,0.914,0.197,0,4.693,15.35,UP,1,1,105179,2026-05-03 06:45,2,105179,2026-05-03 06:45,0.9155,0.833,2,-1,1.19,true,105180,2026-05-03 07:00,0.9162,0,0,true,true,ABOVE,false
585,2026-05-04 20:30,2026-05-07 04:45,105330,105555,226,0.9352,0.9309,0.463,0,3.608,11.65,UP,1,2,105332,2026-05-04 21:00,2,105333,2026-05-04 21:15,0.9347,0.884,3,-1,1.17,true,105334,2026-05-04 21:30,0.9357,0.41,0.41,true,true,ABOVE,false
586,2026-05-07 05:00,2026-05-07 17:00,105556,105604,49,0.979,0.9743,0.478,0,3.502,12.74,UP,1,1,105560,2026-05-07 06:00,4,105560,2026-05-07 06:00,0.9788,0.957,4,-1,1.26,true,105561,2026-05-07 06:15,0.9824,0,0,true,true,OVERLAP,false
587,2026-05-07 17:15,2026-05-09 23:45,105605,105823,219,0.979,0.9712,0.809,1,6.541,10.27,DOWN,1,6,105607,2026-05-07 17:45,2,105612,2026-05-07 19:00,0.9716,0.051,7,-1,0.34,true,105613,2026-05-07 19:15,0.9676,1.54,1.54,true,true,ABOVE,false
588,2026-05-10 00:00,2026-05-10 06:45,105824,105851,28,1.07,1.0647,0.491,0,4.256,14.18,UP,1,1,105830,2026-05-10 01:30,6,105830,2026-05-10 01:30,1.0695,0.906,6,1,0.79,true,105831,2026-05-10 01:45,1.0723,0,0,true,true,ABOVE,false
589,2026-05-10 07:00,2026-05-12 09:45,105852,106055,204,1.0772,1.0744,0.259,0,3.72,12.15,BYPASS,0,0,,,,,,,,,,,,,,,,,,,ABOVE,false
590,2026-05-12 10:00,2026-05-16 09:00,106056,106436,381,1.2795,1.2701,0.746,0,4.389,10.37,DOWN,1,1,106068,2026-05-12 13:00,12,106068,2026-05-12 13:00,1.2707,0.064,12,-1,0.89,true,106069,2026-05-12 13:15,1.2689,4.45,4.51,false,false,BELOW,false
591,2026-05-16 09:15,2026-05-17 23:15,106437,106589,153,1.0696,1.0641,0.522,0,7.307,14.96,DOWN,1,4,106462,2026-05-16 15:30,25,106465,2026-05-16 16:15,1.0684,0.782,28,-1,0.9,true,106466,2026-05-16 16:30,1.0623,0.3,0.31,true,true,BELOW,false
592,2026-05-17 23:30,2026-05-22 10:45,106590,107019,430,1.0593,1.0535,0.563,0,9.084,11.88,DOWN,1,1,106600,2026-05-18 02:00,10,106600,2026-05-18 02:00,1.0547,0.207,10,-1,1.14,true,106601,2026-05-18 02:15,1.0502,1.26,2.61,false,false,ABOVE,false
593,2026-05-22 11:00,2026-05-22 23:30,107020,107070,51,1.1098,1.1052,0.414,0,5.154,11.92,UP,1,1,107023,2026-05-22 11:45,3,107023,2026-05-22 11:45,1.1094,0.913,3,-1,2.59,true,107024,2026-05-22 12:00,1.118,0,2.42,true,true,BELOW,false
594,2026-05-22 23:45,2026-05-23 12:45,107071,107123,53,1.0595,1.0535,0.573,0,10.762,12.93,BYPASS,0,0,,,,,,,,,,,,,,,,,,,BELOW,false
595,2026-05-23 13:00,2026-05-23 20:15,107124,107153,30,1.0057,1.0016,0.404,0,5.531,14.41,BYPASS,0,0,,,,,,,,,,,,,,,,,,,ABOVE,false
596,2026-05-23 20:30,2026-05-26 10:00,107154,107400,247,1.0564,1.0511,0.49,0,10.4,17.41,UP,1,1,107190,2026-05-24 05:30,36,107190,2026-05-24 05:30,1.0537,0.491,36,1,1.18,true,107191,2026-05-24 05:45,1.0574,0,0,true,true,BELOW,false
597,2026-05-26 10:15,2026-05-26 17:00,107401,107428,28,1.0355,1.0299,0.534,0,3.883,14.71,UP,1,1,107413,2026-05-26 13:15,12,107413,2026-05-26 13:15,1.0349,0.893,12,-1,1.62,true,107414,2026-05-26 13:30,1.0386,0.66,2.76,true,true,BELOW,false
598,2026-05-26 17:15,2026-05-27 16:45,107429,107523,95,1.0267,1.0215,0.516,0,6.139,10.61,BYPASS,0,0,,,,,,,,,,,,,,,,,,,BELOW,false
599,2026-05-27 17:00,2026-05-27 21:15,107524,107541,18,0.999,0.996,0.306,0,7.734,14.73,BYPASS,0,0,,,,,,,,,,,,,,,,,,,BELOW,false
600,2026-05-27 21:30,2026-05-28 10:00,107542,107592,51,0.9848,0.9806,0.434,0,8.706,10.24,BYPASS,0,0,,,,,,,,,,,,,,,,,,,BELOW,false
601,2026-05-28 10:15,2026-05-29 11:30,107593,107694,102,0.9238,0.9206,0.349,0,3.155,18.54,UP,1,1,107618,2026-05-28 16:30,25,107618,2026-05-28 16:30,0.9237,0.969,25,-1,0.88,true,107619,2026-05-28 16:45,0.926,0,0,true,true,BELOW,false
602,2026-05-29 11:45,2026-05-31 13:45,107695,107895,201,0.9167,0.9122,0.495,0,8.996,19.79,UP,1,1,107708,2026-05-29 15:00,13,107708,2026-05-29 15:00,0.9163,0.911,13,-1,1.89,true,107709,2026-05-29 15:15,0.9269,0,1.97,true,true,BELOW,false
603,2026-05-31 14:00,2026-06-06 12:30,107896,108466,571,0.9037,0.9003,0.383,0,6.784,11.4,DOWN,1,1,107949,2026-06-01 03:15,53,107949,2026-06-01 03:15,0.9003,0,53,1,1.39,true,107950,2026-06-01 03:30,0.8984,2.01,3.23,false,false,BELOW,false
604,2026-06-06 12:45,2026-06-07 11:45,108467,108559,93,0.703,0.6966,0.891,0,6.807,12.95,BYPASS,0,0,,,,,,,,,,,,,,,,,,,ABOVE,false
605,2026-06-07 12:00,2026-06-07 21:45,108560,108599,40,0.7541,0.7501,0.544,0,5.4,19.56,DOWN,1,1,108569,2026-06-07 14:15,9,108569,2026-06-07 14:15,0.7531,0.75,9,1,1.03,true,108570,2026-06-07 14:30,0.7468,1.28,3.03,false,true,BELOW,false
606,2026-06-07 22:00,2026-06-11 22:45,108600,108987,388,0.7398,0.7342,0.727,0,5.842,18.54,DOWN,1,4,108626,2026-06-08 04:30,26,108629,2026-06-08 05:15,0.7387,0.804,29,1,1.08,true,108630,2026-06-08 05:30,0.7312,0.53,0.53,true,true,ABOVE,false
607,2026-06-11 23:00,2026-06-13 07:00,108988,109116,129,0.7622,0.7595,0.358,0,4.099,12.24,DOWN,1,2,109029,2026-06-12 09:15,41,109030,2026-06-12 09:30,0.7604,0.333,42,1,1.46,true,109031,2026-06-12 09:45,0.7584,0.97,1.7,false,true,BELOW,false
608,2026-06-13 07:15,2026-06-14 21:00,109117,109268,152,0.7557,0.7523,0.445,0,2.261,10.02,DOWN,1,3,109237,2026-06-14 13:15,120,109239,2026-06-14 13:45,0.7544,0.618,122,-1,0.72,true,109240,2026-06-14 14:00,0.7521,1.06,1.06,false,false,OVERLAP,false
609,2026-06-14 21:15,2026-06-15 10:30,109269,109322,54,0.7557,0.7509,0.626,1,14.49,19.01,BYPASS,0,0,,,,,,,,,,,,,,,,,,,ABOVE,false
610,2026-06-15 10:45,2026-06-15 22:00,109323,109368,46,0.7947,0.7908,0.485,0,6.422,14.25,BYPASS,0,0,,,,,,,,,,,,,,,,,,,ABOVE,false
611,2026-06-15 22:15,2026-06-17 21:45,109369,109559,191,0.8009,0.7977,0.405,0,4.953,11.38,UP,1,2,109408,2026-06-16 08:00,39,109409,2026-06-16 08:15,0.8005,0.875,40,-1,4.16,true,109410,2026-06-16 08:30,0.8044,0.19,3.27,true,true,BELOW,false
612,2026-06-17 22:00,2026-06-18 13:15,109560,109621,62,0.7739,0.7706,0.431,0,7.389,19.47,DOWN,1,1,109561,2026-06-17 22:15,1,109561,2026-06-17 22:15,0.7709,0.091,1,-1,0.31,true,109562,2026-06-17 22:30,0.7689,1.08,3.04,true,true,BELOW,false
613,2026-06-18 13:30,2026-06-19 12:00,109622,109712,91,0.7513,0.7482,0.423,0,5.545,15.93,BYPASS,0,0,,,,,,,,,,,,,,,,,,,BELOW,false
614,2026-06-19 12:15,2026-06-20 13:45,109713,109815,103,0.7124,0.7099,0.355,0,4.313,17.43,UP,1,3,109715,2026-06-19 12:45,2,109717,2026-06-19 13:15,0.7106,0.28,4,-1,0.75,true,109718,2026-06-19 13:30,0.7153,0,0.54,true,true,OVERLAP,false
615,2026-06-20 14:00,2026-06-21 13:15,109816,109909,94,0.7127,0.7093,0.485,1,4.373,10.64,DOWN,1,3,109819,2026-06-20 14:45,3,109821,2026-06-20 15:15,0.7116,0.676,5,1,1.46,true,109822,2026-06-20 15:30,0.708,1.51,1.51,true,true,OVERLAP,false
616,2026-06-21 13:30,2026-06-22 18:30,109910,110026,117,0.7127,0.7082,0.633,2,6.356,15.19,UP,1,1,109910,2026-06-21 13:30,0,109910,2026-06-21 13:30,0.7105,0.511,0,-1,3.76,true,109911,2026-06-21 13:45,0.7129,0,0.44,true,true,ABOVE,false
617,2026-06-22 18:45,2026-06-23 01:15,110027,110053,27,0.7224,0.7208,0.224,0,5.489,12.67,DOWN,1,1,110037,2026-06-22 21:15,10,110037,2026-06-22 21:15,0.7211,0.187,10,1,0.36,true,110038,2026-06-22 21:30,0.7184,1.15,1.26,true,true,OVERLAP,false
618,2026-06-23 01:30,2026-06-24 16:30,110054,110210,157,0.7239,0.7208,0.432,1,3.671,13.14,UP,1,1,110058,2026-06-23 02:30,4,110058,2026-06-23 02:30,0.7234,0.839,4,1,1.54,true,110059,2026-06-23 02:45,0.7251,0.26,6.71,true,true,BELOW,false
619,2026-06-24 16:45,2026-06-26 01:45,110211,110343,133,0.6801,0.6742,0.888,0,7.243,14.64,UP,1,16,110242,2026-06-25 00:30,31,110257,2026-06-25 04:15,0.6801,1,46,-1,0.71,true,110258,2026-06-25 04:30,0.6832,0,0,true,true,OVERLAP,false
620,2026-06-26 02:00,2026-06-26 09:30,110344,110374,31,0.6801,0.6723,1.18,1,6.76,11.65,UP,1,8,110351,2026-06-26 03:45,7,110358,2026-06-26 05:30,0.6798,0.962,14,-1,0.5,true,110359,2026-06-26 05:45,0.6805,0,0.03,true,true,ABOVE,false
621,2026-06-26 09:45,2026-06-28 12:45,110375,110579,205,0.6898,0.6872,0.385,0,6.664,14.3,UP,1,1,110392,2026-06-26 14:00,17,110392,2026-06-26 14:00,0.688,0.308,17,-1,1.84,true,110393,2026-06-26 14:15,0.6899,1.08,1.08,true,true,OVERLAP,false
622,2026-06-28 13:00,2026-07-01 00:45,110580,110819,240,0.6898,0.6866,0.467,1,7.917,10.79,DOWN,1,1,110582,2026-06-28 13:30,2,110582,2026-06-28 13:30,0.6871,0.156,2,-1,0.67,true,110583,2026-06-28 13:45,0.6854,0.47,1.63,true,true,ABOVE,false
623,2026-07-01 01:00,2026-07-02 09:15,110820,110949,130,0.6916,0.6901,0.219,0,13.804,25.32,BYPASS,0,0,,,,,,,,,,,,,,,,,,,ABOVE,false
624,2026-07-02 09:30,2026-07-06 11:45,110950,111343,394,0.7316,0.7288,0.38,0,5.429,15.76,UP,1,2,111001,2026-07-02 22:15,51,111002,2026-07-02 22:30,0.7305,0.607,52,1,1.72,true,111003,2026-07-02 22:45,0.7323,0.01,0.01,true,true,ABOVE,false
625,2026-07-06 12:00,2026-07-06 20:45,111344,111379,36,0.7433,0.7372,0.832,0,7.458,12.13,UP,1,1,111358,2026-07-06 15:30,14,111358,2026-07-06 15:30,0.7395,0.377,14,-1,0.84,true,111359,2026-07-06 15:45,0.7438,0,0,true,true,ABOVE,false
626,2026-07-06 21:00,2026-07-07 09:45,111380,111431,52,0.7493,0.7462,0.408,0,13.015,34.32,DOWN,1,1,111396,2026-07-07 01:00,16,111396,2026-07-07 01:00,0.7476,0.452,16,1,1.65,true,111397,2026-07-07 01:15,0.7445,1.86,2.35,false,false,BELOW,false
627,2026-07-07 10:00,2026-07-08 01:15,111432,111493,62,0.7406,0.7386,0.269,0,4.205,14.77,DOWN,1,2,111434,2026-07-07 10:30,2,111435,2026-07-07 10:45,0.7388,0.1,3,-1,0.58,true,111436,2026-07-07 11:00,0.7371,0.22,1.33,true,true,BELOW,false
628,2026-07-08 01:30,2026-07-08 08:00,111494,111520,27,0.7329,0.7287,0.581,0,5.596,13.61,BYPASS,0,0,,,,,,,,,,,,,,,,,,,BELOW,false
629,2026-07-08 08:15,2026-07-09 00:45,111521,111587,67,0.7193,0.717,0.326,0,7.454,20.03,BYPASS,0,0,,,,,,,,,,,,,,,,,,,BELOW,false
630,2026-07-09 01:00,2026-07-10 01:30,111588,111686,99,0.7112,0.7094,0.251,0,5.423,21.56,BYPASS,0,0,,,,,,,,,,,,,,,,,,,ABOVE,false
631,2026-07-10 01:45,2026-07-10 10:00,111687,111720,34,0.7198,0.7177,0.29,0,10.776,12.13,BYPASS,0,0,,,,,,,,,,,,,,,,,,,ABOVE,false
632,2026-07-10 10:15,2026-07-12 14:30,111721,111930,210,0.7309,0.7287,0.296,0,16.796,12.71,DOWN,1,4,111878,2026-07-12 01:30,157,111881,2026-07-12 02:15,0.7288,0.045,160,-1,0.3,true,111882,2026-07-12 02:30,0.7282,0.48,0.48,true,true,ABOVE,false
633,2026-07-12 14:45,2026-07-13 02:45,111931,111979,49,0.7431,0.7406,0.335,0,6.333,17.48,UP,1,1,111936,2026-07-12 16:00,5,111936,2026-07-12 16:00,0.7424,0.72,5,1,1.34,true,111937,2026-07-12 16:15,0.7435,0.62,1.03,true,true,BELOW,false
634,2026-07-13 03:00,2026-07-13 17:15,111980,112037,58,0.7321,0.7297,0.331,0,9.794,25.05,DOWN,1,1,111985,2026-07-13 04:15,5,111985,2026-07-13 04:15,0.73,0.125,5,-1,0.6,true,111986,2026-07-13 04:30,0.7279,0.69,0.69,true,true,BELOW,false
635,2026-07-13 17:30,2026-07-13 21:15,112038,112053,16,0.7248,0.7229,0.264,0,10.548,12.68,BYPASS,0,0,,,,,,,,,,,,,,,,,,,BELOW,false
636,2026-07-13 21:30,2026-07-17 08:00,112054,112384,331,0.7168,0.715,0.253,0,5.639,12.32,DOWN,1,1,112058,2026-07-13 22:30,4,112058,2026-07-13 22:30,0.7162,0.667,4,-1,0.34,true,112059,2026-07-13 22:45,0.7143,0.31,0.31,true,true,ABOVE,false
637,2026-07-17 08:15,2026-07-18 16:30,112385,112514,130,0.7326,0.7307,0.261,0,11.211,22.21,UP,1,1,112388,2026-07-17 09:00,3,112388,2026-07-17 09:00,0.7313,0.316,3,-1,0.41,true,112389,2026-07-17 09:15,0.7333,0,1.42,true,true,ABOVE,false
638,2026-07-18 16:45,2026-07-18 20:45,112515,112531,17,0.7356,0.7342,0.19,0,3.078,10.93,BYPASS,0,0,,,,,,,,,,,,,,,,,,,ABOVE,false
639,2026-07-18 21:00,2026-07-19 16:45,112532,112611,80,0.743,0.741,0.269,0,6.166,13.21,DOWN,1,1,112533,2026-07-18 21:15,1,112533,2026-07-18 21:15,0.7429,0.95,1,1,1.28,true,112534,2026-07-18 21:30,0.7396,0.28,0.28,true,true,ABOVE,false
640,2026-07-19 17:00,2026-07-20 04:45,112612,112659,48,0.7509,0.7487,0.294,0,14.966,30.51,UP,1,4,112623,2026-07-19 19:45,11,112626,2026-07-19 20:30,0.7492,0.227,14,1,0.3,true,112627,2026-07-19 20:45,0.7514,0.53,0.53,true,true,OVERLAP,false
641,2026-07-20 05:00,2026-07-20 11:15,112660,112685,26,0.7509,0.7469,0.538,1,4.031,11.49,DOWN,1,2,112671,2026-07-20 07:45,11,112672,2026-07-20 08:00,0.7486,0.425,12,1,1.25,true,112673,2026-07-20 08:15,0.746,1.11,1.11,false,true,OVERLAP,false
642,2026-07-20 11:30,2026-07-23 17:30,112686,112998,313,0.7509,0.7449,0.797,2,6.058,11.53,UP,1,1,112696,2026-07-20 14:00,10,112696,2026-07-20 14:00,0.7501,0.867,10,-1,0.82,true,112697,2026-07-20 14:15,0.7543,0,0,true,true,OVERLAP,false
643,2026-07-23 17:45,2026-08-01 01:30,112999,113798,800,0.7509,0.7446,0.851,3,5.669,11.1,DOWN,1,18,113005,2026-07-23 19:15,6,113022,2026-07-23 23:30,0.7459,0.206,23,-1,0.95,true,113023,2026-07-23 23:45,0.744,1.02,1.02,false,true,BELOW,false
644,2026-08-01 01:45,2026-08-01 09:45,113799,113831,33,0.685,0.6844,0.087,0,7.266,15.17,UP,1,2,113805,2026-08-01 03:15,6,113806,2026-08-01 03:30,0.685,1,7,-1,0.71,true,113807,2026-08-01 03:45,0.6859,0.23,0.23,true,true,OVERLAP,false
645,2026-08-01 10:00,2026-08-03 20:30,113832,114066,235,0.685,0.6837,0.19,1,3.664,12.15,UP,1,6,113838,2026-08-01 11:30,6,113843,2026-08-01 12:45,0.6846,0.692,11,-1,1.04,true,113844,2026-08-01 13:00,0.6851,0.07,3.16,true,true,ABOVE,false
646,2026-08-03 20:45,2026-08-05 17:15,114067,114245,179,0.6946,0.6938,0.115,0,4.299,10.28,DOWN,1,1,114068,2026-08-03 21:00,1,114068,2026-08-03 21:00,0.6945,0.875,1,1,1.07,true,114069,2026-08-03 21:15,0.6933,0.78,0.91,true,true,BELOW,false
647,2026-08-05 17:30,2026-08-06 12:45,114246,114323,78,0.6926,0.6912,0.202,0,2.455,11.45,UP,1,5,114251,2026-08-05 18:45,5,114255,2026-08-05 19:45,0.6917,0.357,9,-1,0.48,true,114256,2026-08-05 20:00,0.6927,0.35,0.91,true,true,BELOW,false
648,2026-08-06 13:00,2026-08-08 05:30,114324,114486,163,0.6763,0.6743,0.297,0,6.066,19.28,DOWN,1,1,114327,2026-08-06 13:45,3,114327,2026-08-06 13:45,0.6746,0.15,3,-1,0.68,true,114328,2026-08-06 14:00,0.6731,0.46,0.46,true,true,,true