zoneId,startTime,endTime,startIndex,endIndex,duration,upper,lower,widthPct,merges,triggerChange,triggerSignal,outcome,insideRuns,insideBars,firstEntryIdx,firstEntryTime,entryLag,decisionIdx,decisionTime,decisionClose,pos,age,trendAt,volRatio,wickPoked,exitIdx,exitTime,exitClose,extShort,extLong,revertedShort,revertedLong,nextZoneSide,truncated
0,2020-11-24 06:00,2020-11-24 19:45,34,89,56,616.89,614.2,0.442,0,13.398,49.13,UP,1,1,43,2020-11-24 08:15,9,43,2020-11-24 08:15,614.76,0.208,9,1,0.7,true,44,2020-11-24 08:30,619.37,3.62,3.62,true,true,BELOW,false
1,2020-11-24 20:00,2020-11-27 19:45,90,377,288,611.09,607.09,0.653,0,2.215,11.26,DOWN,1,1,91,2020-11-24 20:15,1,91,2020-11-24 20:15,607.69,0.15,1,1,1.69,true,92,2020-11-24 20:30,606.65,1.47,2.17,true,true,BELOW,false
2,2020-11-27 20:00,2020-11-30 07:45,378,617,240,507.07,505.35,0.336,0,3.821,18.57,BYPASS,0,0,,,,,,,,,,,,,,,,,,,ABOVE,false
3,2020-11-30 08:00,2020-12-04 09:45,618,1009,392,587.06,585.28,0.309,0,11.065,17.55,UP,1,1,630,2020-11-30 11:00,12,630,2020-11-30 11:00,586.42,0.64,12,1,1.78,true,631,2020-11-30 11:15,588.99,0,0,true,true,ABOVE,false
4,2020-12-04 10:00,2020-12-05 05:15,1010,1087,78,609.9,608.33,0.261,0,10.037,18.45,BYPASS,0,0,,,,,,,,,,,,,,,,,,,BELOW,false
5,2020-12-05 05:30,2020-12-06 13:15,1088,1215,128,580.65,578.9,0.299,0,5.263,14.22,BYPASS,0,0,,,,,,,,,,,,,,,,,,,ABOVE,false
6,2020-12-06 13:30,2020-12-09 07:30,1216,1480,265,590.39,589.43,0.164,0,5.67,11.36,UP,1,2,1347,2020-12-07 22:15,131,1348,2020-12-07 22:30,590.02,0.615,132,-1,0.24,true,1349,2020-12-07 22:45,591.32,0.11,0.41,true,true,BELOW,false
7,2020-12-09 07:45,2020-12-13 15:45,1481,1897,417,548.26,546.01,0.418,0,5.592,18.42,DOWN,1,1,1487,2020-12-09 09:15,6,1487,2020-12-09 09:15,546.21,0.089,6,-1,0.93,true,1488,2020-12-09 09:30,545.12,0.51,0.51,true,true,ABOVE,false
8,2020-12-13 16:00,2020-12-14 04:00,1898,1946,49,585.71,583.13,0.435,0,5.14,11.82,UP,1,1,1923,2020-12-13 22:15,25,1923,2020-12-13 22:15,584.76,0.632,25,1,3.51,true,1924,2020-12-13 22:30,586.68,0,0.22,true,true,ABOVE,false
9,2020-12-14 04:15,2020-12-14 10:30,1947,1972,26,591.29,589.52,0.302,0,5.621,14.59,BYPASS,0,0,,,,,,,,,,,,,,,,,,,BELOW,false
10,2020-12-14 10:45,2020-12-15 21:00,1973,2110,138,586.89,583.23,0.633,0,4.172,13.05,DOWN,1,3,1991,2020-12-14 15:15,18,1993,2020-12-14 15:45,583.91,0.186,20,-1,0.7,true,1994,2020-12-14 16:00,583.15,0.55,0.55,false,true,ABOVE,false
11,2020-12-15 21:15,2020-12-16 21:30,2111,2208,98,592.11,590.74,0.233,0,7.389,18.48,BYPASS,0,0,,,,,,,,,,,,,,,,,,,ABOVE,false
12,2020-12-16 21:45,2020-12-18 13:30,2209,2368,160,628.01,623.04,0.789,0,3.291,11.12,BYPASS,0,0,,,,,,,,,,,,,,,,,,,ABOVE,false
13,2020-12-18 13:45,2020-12-21 03:15,2369,2615,247,651.44,648.44,0.47,0,6.351,10.87,UP,1,1,2397,2020-12-18 20:45,28,2397,2020-12-18 20:45,649.19,0.25,28,-1,0.69,true,2398,2020-12-18 21:00,651.69,0.34,0.34,true,true,BELOW,false
14,2020-12-21 03:30,2020-12-31 00:45,2616,3565,950,644.43,642.26,0.335,0,6.176,25.19,DOWN,1,3,2623,2020-12-21 05:15,7,2625,2020-12-21 05:45,642.58,0.147,9,-1,0.57,true,2626,2020-12-21 06:00,639.83,0.82,7.27,true,true,ABOVE,false
15,2020-12-31 01:00,2020-12-31 06:45,3566,3589,24,751.58,746.01,0.758,0,4.009,16.82,BYPASS,0,0,,,,,,,,,,,,,,,,,,,BELOW,false
16,2020-12-31 07:00,2021-01-01 23:45,3590,3753,164,743.32,741.26,0.273,0,6.05,19.25,UP,1,1,3598,2020-12-31 09:00,8,3598,2020-12-31 09:00,741.63,0.18,8,1,1.15,true,3599,2020-12-31 09:15,746.97,0,2.63,true,true,BELOW,false
17,2021-01-02 00:00,2021-01-02 12:00,3754,3802,49,730.07,728.41,0.228,0,2.828,11.22,DOWN,1,1,3754,2021-01-02 00:00,0,3754,2021-01-02 00:00,728.5,0.054,0,-1,2.55,true,3755,2021-01-02 00:15,718.52,1.76,1.76,true,true,OVERLAP,false
18,2021-01-02 12:15,2021-01-06 10:45,3803,4181,379,731.72,728.41,0.447,1,13.943,14.5,BYPASS,0,0,,,,,,,,,,,,,,,,,,,ABOVE,false
19,2021-01-06 11:00,2021-01-07 15:15,4182,4295,114,1122.43,1116.17,0.542,0,4.702,10.14,BYPASS,0,0,,,,,,,,,,,,,,,,,,,ABOVE,false
20,2021-01-07 15:30,2021-01-08 02:00,4296,4338,43,1225.69,1219.02,0.534,0,3.111,10.54,DOWN,1,1,4309,2021-01-07 18:45,13,4309,2021-01-07 18:45,1224.92,0.885,13,1,4.62,true,4310,2021-01-07 19:00,1198.47,2.36,3.61,true,true,BELOW,false
21,2021-01-08 02:15,2021-01-12 13:00,4339,4766,428,1188.34,1165,2.065,0,6.746,11.26,DOWN,1,3,4347,2021-01-08 04:15,8,4349,2021-01-08 04:45,1169.35,0.186,10,-1,0.41,true,4350,2021-01-08 05:00,1164.25,3.37,3.37,true,true,BELOW,false
22,2021-01-12 13:15,2021-01-16 15:15,4767,5159,393,1098.56,1088,0.985,0,2.698,15.25,UP,1,1,4780,2021-01-12 16:30,13,4780,2021-01-12 16:30,1088.27,0.026,13,-1,0.59,true,4781,2021-01-12 16:45,1107.47,0,4.32,true,true,ABOVE,false
23,2021-01-16 15:30,2021-01-17 13:15,5160,5247,88,1242.21,1233.08,0.719,0,3.53,11.9,UP,1,3,5173,2021-01-16 18:45,13,5175,2021-01-16 19:15,1239.46,0.699,15,1,0.84,true,5176,2021-01-16 19:30,1250.35,0,2.68,true,true,BELOW,false
24,2021-01-17 13:30,2021-01-19 07:30,5248,5416,169,1225.66,1220.84,0.398,0,3.042,11.02,UP,1,1,5301,2021-01-18 02:45,53,5301,2021-01-18 02:45,1223.16,0.481,53,1,1.59,true,5302,2021-01-18 03:00,1226,3.08,3.08,false,true,ABOVE,false
25,2021-01-19 07:45,2021-01-20 09:15,5417,5519,103,1344.88,1329.41,1.119,0,5.49,11.28,UP,1,1,5498,2021-01-20 04:00,81,5498,2021-01-20 04:00,1342.32,0.835,81,1,1.89,true,5499,2021-01-20 04:15,1354.5,0,3.59,true,true,OVERLAP,false
26,2021-01-20 09:30,2021-01-21 11:45,5520,5625,106,1353.56,1329.41,1.828,1,5.87,13.69,DOWN,1,6,5560,2021-01-20 19:30,40,5565,2021-01-20 20:45,1333.39,0.165,45,-1,0.51,true,5566,2021-01-20 21:00,1315.2,1.73,1.73,true,true,BELOW,false
27,2021-01-21 12:00,2021-01-26 03:00,5626,6070,445,1259.99,1235.1,2.074,0,3.49,10.46,DOWN,1,6,5628,2021-01-21 12:30,2,5633,2021-01-21 13:45,1238.6,0.141,7,-1,0.52,true,5634,2021-01-21 14:00,1223.07,5.58,5.58,false,true,ABOVE,false
28,2021-01-26 03:15,2021-01-29 08:30,6071,6380,310,1360,1350.6,0.709,0,2.895,11.41,DOWN,1,1,6138,2021-01-26 20:00,67,6138,2021-01-26 20:00,1359.6,0.957,67,-1,1.14,true,6139,2021-01-26 20:15,1349.65,1.89,2.54,true,true,BELOW,false
29,2021-01-29 08:45,2021-01-29 14:15,6381,6403,23,1322.41,1296.26,1.892,0,3.432,17.55,BYPASS,0,0,,,,,,,,,,,,,,,,,,,ABOVE,false
30,2021-01-29 14:30,2021-01-31 23:45,6404,6633,230,1423.13,1410.45,0.918,0,4.501,11.34,BYPASS,0,0,,,,,,,,,,,,,,,,,,,BELOW,false
31,2021-02-01 00:00,2021-02-03 15:00,6634,6886,253,1319.03,1312.21,0.529,0,4.841,11.59,UP,1,3,6642,2021-02-01 02:00,8,6644,2021-02-01 02:30,1312.82,0.089,10,-1,0.64,true,6645,2021-02-01 02:45,1320,0.01,0.72,true,true,ABOVE,false
32,2021-02-03 15:15,2021-02-08 10:45,6887,7349,463,1564.58,1553.29,0.711,0,4.888,12.99,DOWN,1,1,7270,2021-02-07 15:00,383,7270,2021-02-07 15:00,1562,0.771,383,-1,1.44,true,7271,2021-02-07 15:15,1538.55,4.04,4.04,true,true,ABOVE,false
33,2021-02-08 11:00,2021-02-10 11:45,7350,7545,196,1650.68,1640.3,0.625,0,2.02,11.72,BYPASS,0,0,,,,,,,,,,,,,,,,,,,ABOVE,false
34,2021-02-10 12:00,2021-02-19 23:45,7546,8457,912,1797.56,1790.79,0.383,0,5.693,11.88,DOWN,1,1,7642,2021-02-11 12:00,96,7642,2021-02-11 12:00,1791.66,0.129,96,1,1.6,true,7643,2021-02-11 12:15,1786.58,0.81,0.81,true,true,ABOVE,false
35,2021-02-20 00:00,2021-02-23 07:45,8458,8777,320,1963.84,1956.99,0.354,0,5.134,12.72,UP,1,1,8467,2021-02-20 02:15,9,8467,2021-02-20 02:15,1963.32,0.924,9,1,0.77,true,8468,2021-02-20 02:30,1975.23,0,0,true,true,BELOW,false
36,2021-02-23 08:00,2021-02-26 03:45,8778,9049,272,1623,1584.23,2.531,0,3.039,16.76,DOWN,1,1,8808,2021-02-23 15:30,30,8808,2021-02-23 15:30,1587,0.071,30,-1,0.7,true,8809,2021-02-23 15:45,1574.35,4.27,9.36,true,true,BELOW,false
37,2021-02-26 04:00,2021-02-26 07:00,9050,9062,13,1495,1483.12,0.783,0,2.96,16.99,DOWN,1,2,9054,2021-02-26 05:00,4,9055,2021-02-26 05:15,1488.74,0.473,5,-1,0.6,true,9056,2021-02-26 05:30,1471.8,5.4,5.54,false,true,BELOW,false
38,2021-02-26 07:15,2021-03-11 23:45,9063,10377,1315,1473.33,1457.43,1.11,0,4.631,14.41,DOWN,1,1,9067,2021-02-26 08:15,4,9067,2021-02-26 08:15,1458.45,0.064,4,-1,1.13,true,9068,2021-02-26 08:30,1455.93,0.94,0.94,true,true,ABOVE,false
39,2021-03-12 00:00,2021-03-12 12:45,10378,10429,52,1831.24,1823.11,0.444,0,2.615,10.61,DOWN,1,1,10378,2021-03-12 00:00,0,10378,2021-03-12 00:00,1830.17,0.868,0,1,1.68,true,10379,2021-03-12 00:15,1806.31,1.47,1.47,true,true,BELOW,false
40,2021-03-12 13:00,2021-03-16 14:45,10430,10821,392,1778.8,1769.15,0.554,0,7.686,20.1,UP,1,2,10441,2021-03-12 15:45,11,10442,2021-03-12 16:00,1777.41,0.856,12,-1,1.31,true,10443,2021-03-12 16:15,1783.39,0.51,2.53,true,true,ABOVE,false
41,2021-03-16 15:00,2021-03-20 19:45,10822,11225,404,1797.23,1789.44,0.432,0,3.117,13.37,UP,1,2,10823,2021-03-16 15:15,1,10824,2021-03-16 15:30,1794.21,0.612,2,1,0.46,true,10825,2021-03-16 15:45,1805.54,1.46,1.46,true,true,ABOVE,false
42,2021-03-20 20:00,2021-03-21 09:15,11226,11279,54,1852,1846.17,0.319,0,6.365,40.3,BYPASS,0,0,,,,,,,,,,,,,,,,,,,BELOW,false
43,2021-03-21 09:30,2021-03-24 11:45,11280,11577,298,1783,1776.28,0.382,0,5.735,16.56,UP,1,1,11294,2021-03-21 13:00,14,11294,2021-03-21 13:00,1778.49,0.329,14,-1,1.63,true,11295,2021-03-21 13:15,1783.39,0,0,true,true,BELOW,false
44,2021-03-24 12:00,2021-03-26 15:45,11578,11785,208,1717.8,1711.22,0.379,0,6.041,20.35,UP,1,1,11592,2021-03-24 15:30,14,11592,2021-03-24 15:30,1715.51,0.652,14,1,1.37,true,11593,2021-03-24 15:45,1723.74,0.87,7.67,true,true,BELOW,false
45,2021-03-26 16:00,2021-03-27 20:15,11786,11899,114,1642.75,1637.81,0.3,0,4.546,10.75,BYPASS,0,0,,,,,,,,,,,,,,,,,,,ABOVE,false
46,2021-03-27 20:30,2021-03-31 07:30,11900,12232,333,1708.89,1706.12,0.161,0,3.125,11.01,UP,1,1,11916,2021-03-28 00:30,16,11916,2021-03-28 00:30,1706.96,0.303,16,1,1.13,true,11917,2021-03-28 00:45,1711.11,0,0,true,true,ABOVE,false
47,2021-03-31 07:45,2021-04-03 20:30,12233,12572,340,1854.16,1848,0.339,0,8.094,13.6,UP,1,2,12265,2021-03-31 15:45,32,12266,2021-03-31 16:00,1849.78,0.289,33,-1,2.44,true,12267,2021-03-31 16:15,1857.26,0.43,0.43,true,true,ABOVE,false
48,2021-04-03 20:45,2021-04-04 19:00,12573,12662,90,2091.86,2073.63,0.884,0,4.537,16.09,DOWN,1,13,12638,2021-04-04 13:00,65,12650,2021-04-04 16:00,2081.92,0.455,77,1,1.3,true,12651,2021-04-04 16:15,2068.99,0.22,0.95,true,true,OVERLAP,false
49,2021-04-04 19:15,2021-04-06 13:45,12663,12833,171,2091.86,2072.17,0.955,1,4.107,16.14,DOWN,1,1,12673,2021-04-04 21:45,10,12673,2021-04-04 21:45,2080.01,0.398,10,1,1.09,true,12674,2021-04-04 22:00,2060,0.59,2.37,true,true,ABOVE,false
50,2021-04-06 14:00,2021-04-11 19:00,12834,13334,501,2112.85,2100.4,0.598,0,4.149,11.24,UP,1,4,12844,2021-04-06 16:30,10,12847,2021-04-06 17:15,2109.44,0.726,13,-1,0.44,true,12848,2021-04-06 17:30,2123.92,0,0.73,true,true,ABOVE,false
51,2021-04-11 19:15,2021-04-12 09:15,13335,13391,57,2160,2151.22,0.407,0,3.471,17.79,DOWN,1,2,13335,2021-04-11 19:15,0,13336,2021-04-11 19:30,2155,0.431,1,-1,2.79,true,13337,2021-04-11 19:45,2147.07,0.94,1.16,false,true,ABOVE,false
52,2021-04-12 09:30,2021-04-14 02:45,13392,13557,166,2190.13,2183.76,0.295,0,4.194,10.25,UP,1,1,13474,2021-04-13 06:00,82,13474,2021-04-13 06:00,2189.5,0.901,82,1,2.91,true,13475,2021-04-13 06:15,2192.99,1.43,1.43,true,true,ABOVE,false
53,2021-04-14 03:00,2021-04-16 04:15,13558,13755,198,2300.75,2293.24,0.323,0,2.893,10.34,BYPASS,0,0,,,,,,,,,,,,,,,,,,,ABOVE,false
54,2021-04-16 04:30,2021-04-18 11:15,13756,13975,220,2494.67,2484.75,0.405,0,6.316,13.14,DOWN,1,1,13840,2021-04-17 01:30,84,13840,2021-04-17 01:30,2489.2,0.449,84,-1,0.91,true,13841,2021-04-17 01:45,2481.58,0.71,1.23,true,true,BELOW,false
55,2021-04-18 11:30,2021-04-26 15:45,13976,14761,786,2135.25,2103.03,1.566,0,2.583,14.83,UP,1,6,13981,2021-04-18 12:45,5,13986,2021-04-18 14:00,2133,0.93,10,-1,0.44,true,13987,2021-04-18 14:15,2147.59,0,0,true,true,ABOVE,false
56,2021-04-26 16:00,2021-04-27 13:15,14762,14847,86,2512,2493.88,0.729,0,4.878,11.74,UP,1,1,14766,2021-04-26 17:00,4,14766,2021-04-26 17:00,2503.03,0.505,4,1,0.92,true,14767,2021-04-26 17:15,2523.24,0.7,2.52,true,true,ABOVE,false
57,2021-04-27 13:30,2021-04-29 08:45,14848,15021,174,2565.5,2553.24,0.482,0,4.596,15.09,DOWN,1,1,14849,2021-04-27 13:45,1,14849,2021-04-27 13:45,2555.75,0.205,1,1,1.21,true,14850,2021-04-27 14:00,2551.04,0.4,0.4,true,true,ABOVE,false
58,2021-04-29 09:00,2021-05-05 13:45,15022,15617,596,2722,2715.22,0.246,0,5.41,10.41,DOWN,1,1,15059,2021-04-29 18:15,37,15059,2021-04-29 18:15,2719.6,0.646,37,1,0.96,true,15060,2021-04-29 18:30,2709.96,1.16,1.16,true,true,ABOVE,false
59,2021-05-05 14:00,2021-05-05 22:00,15618,15650,33,3385,3370.51,0.432,0,3.406,13.93,BYPASS,0,0,,,,,,,,,,,,,,,,,,,ABOVE,false
60,2021-05-05 22:15,2021-05-12 21:45,15651,16321,671,3444,3430.14,0.394,0,3.937,15.48,DOWN,1,1,15682,2021-05-06 06:00,31,15682,2021-05-06 06:00,3438,0.567,31,1,0.87,true,15683,2021-05-06 06:15,3426.15,1.45,1.45,true,true,ABOVE,false
61,2021-05-12 22:00,2021-05-15 15:45,16322,16585,264,4129.72,4090.25,0.984,0,4.42,14.7,UP,1,2,16323,2021-05-12 22:15,1,16324,2021-05-12 22:30,4094.37,0.104,2,-1,1.68,true,16325,2021-05-12 22:45,4238.76,14.64,14.64,true,true,BELOW,false
62,2021-05-15 16:00,2021-05-15 22:15,16586,16611,26,3886.68,3861.48,0.66,0,4.039,10.66,BYPASS,0,0,,,,,,,,,,,,,,,,,,,BELOW,false
63,2021-05-15 22:30,2021-05-18 03:45,16612,16825,214,3832.83,3812.74,0.535,0,1.807,10.44,UP,1,1,16623,2021-05-16 01:15,11,16623,2021-05-16 01:15,3824.83,0.602,11,-1,0.69,true,16624,2021-05-16 01:30,3836.68,0.94,0.96,true,true,BELOW,false
64,2021-05-18 04:00,2021-05-23 15:45,16826,17353,528,3396.94,3378.45,0.534,0,2.737,16.49,UP,1,2,16862,2021-05-18 13:00,36,16863,2021-05-18 13:15,3390,0.625,37,1,2.94,true,16864,2021-05-18 13:30,3417.34,3.51,3.51,true,true,BELOW,false
65,2021-05-23 16:00,2021-06-01 07:45,17354,18185,832,1928.82,1894.25,1.879,0,2.116,12.77,DOWN,1,2,17360,2021-05-23 17:30,6,17361,2021-05-23 17:45,1912.89,0.539,7,-1,0.37,true,17362,2021-05-23 18:00,1869.43,2.33,2.33,true,true,ABOVE,false
66,2021-06-01 08:00,2021-06-04 11:45,18186,18489,304,2654.84,2640.5,0.553,0,5.314,14.71,DOWN,1,1,18208,2021-06-01 13:30,22,18208,2021-06-01 13:30,2652.39,0.829,22,-1,2.91,true,18209,2021-06-01 13:45,2634.89,3.65,4.3,false,false,BELOW,false
67,2021-06-04 12:00,2021-06-07 20:30,18490,18812,323,2627.77,2614.18,0.529,0,4.697,18.35,UP,1,2,18498,2021-06-04 14:00,8,18499,2021-06-04 14:15,2622.68,0.625,9,-1,0.85,true,18500,2021-06-04 14:30,2638.44,0,0,true,true,ABOVE,false
68,2021-06-07 20:45,2021-06-13 19:45,18813,19385,573,2721.81,2705,0.632,0,8.101,18.7,BYPASS,0,0,,,,,,,,,,,,,,,,,,,BELOW,false
69,2021-06-13 20:00,2021-06-14 12:45,19386,19453,68,2435,2425.72,0.374,0,6.579,22.81,BYPASS,0,0,,,,,,,,,,,,,,,,,,,ABOVE,false
70,2021-06-14 13:00,2021-06-15 11:15,19454,19543,90,2498,2483.03,0.591,0,2.85,13.16,BYPASS,0,0,,,,,,,,,,,,,,,,,,,ABOVE,false
71,2021-06-15 11:30,2021-06-16 10:15,19544,19635,92,2589.53,2576,0.525,0,1.976,13.02,UP,1,1,19545,2021-06-15 11:45,1,19545,2021-06-15 11:45,2576.96,0.071,1,1,0.63,true,19546,2021-06-15 12:00,2595.88,0.45,1.86,true,true,BELOW,false
72,2021-06-16 10:30,2021-06-16 14:30,19636,19652,17,2517.37,2502.09,0.614,0,2.884,10.78,BYPASS,0,0,,,,,,,,,,,,,,,,,,,BELOW,false
73,2021-06-16 14:45,2021-06-16 22:45,19653,19685,33,2453.26,2445.14,0.335,0,4.733,14.08,BYPASS,0,0,,,,,,,,,,,,,,,,,,,BELOW,false
74,2021-06-16 23:00,2021-06-19 17:45,19686,19953,268,2394.34,2383,0.48,0,4.256,10.51,UP,1,2,19690,2021-06-17 00:00,4,19691,2021-06-17 00:15,2391.28,0.73,5,-1,1.5,true,19692,2021-06-17 00:30,2398.11,0,0,true,true,BELOW,false
75,2021-06-19 18:00,2021-06-20 19:15,19954,20055,102,2229.07,2218.79,0.466,0,4.353,11.2,DOWN,1,1,19961,2021-06-19 19:45,7,19961,2021-06-19 19:45,2220.53,0.169,7,-1,0.39,true,19962,2021-06-19 20:00,2218.12,1.41,3.51,true,true,BELOW,false
76,2021-06-20 19:30,2021-06-24 14:45,20056,20421,366,2172.66,2161.86,0.484,0,5.848,11.62,DOWN,1,1,20088,2021-06-21 03:30,32,20088,2021-06-21 03:30,2169.06,0.667,32,1,1.39,true,20089,2021-06-21 03:45,2156.7,4.71,10.26,false,false,BELOW,false
77,2021-06-24 15:00,2021-06-27 21:45,20422,20737,316,1967.83,1960.03,0.391,0,3.236,13.63,DOWN,1,5,20481,2021-06-25 05:45,59,20485,2021-06-25 06:45,1965.98,0.763,63,1,0.95,true,20486,2021-06-25 07:00,1951.83,2.4,6.12,false,false,BELOW,false
78,2021-06-27 22:00,2021-06-29 03:45,20738,20857,120,1837.08,1820,0.909,0,4.428,10.2,BYPASS,0,0,,,,,,,,,,,,,,,,,,,ABOVE,false
79,2021-06-29 04:00,2021-07-03 21:30,20858,21312,455,2109.07,2096,0.617,0,2.283,11.23,UP,1,3,20862,2021-06-29 05:00,4,20864,2021-06-29 05:30,2102.31,0.483,6,1,0.67,true,20865,2021-06-29 05:45,2117.02,0,0,true,true,ABOVE,false
80,2021-07-03 21:45,2021-07-04 15:45,21313,21385,73,2223.99,2214.17,0.448,0,5.37,16.14,UP,1,1,21320,2021-07-03 23:30,7,21320,2021-07-03 23:30,2219.26,0.518,7,1,2.34,true,21321,2021-07-03 23:45,2226.63,1.18,1.18,true,true,ABOVE,false
81,2021-07-04 16:00,2021-07-06 03:45,21386,21529,144,2331.69,2322.28,0.4,0,4.197,11.75,DOWN,1,3,21413,2021-07-04 22:45,27,21415,2021-07-04 23:15,2326.34,0.431,29,1,1.65,true,21416,2021-07-04 23:30,2320.55,2.68,3.46,false,false,BELOW,false
82,2021-07-06 04:00,2021-07-06 21:30,21530,21600,71,2236.99,2223.26,0.6,0,9.269,25.15,BYPASS,0,0,,,,,,,,,,,,,,,,,,,ABOVE,false
83,2021-07-06 21:45,2021-07-07 07:30,21601,21640,40,2302.55,2295.97,0.288,0,5.275,11.24,UP,1,1,21603,2021-07-06 22:15,2,21603,2021-07-06 22:15,2299.41,0.523,2,1,0.43,true,21604,2021-07-06 22:30,2311.59,0.13,0.13,true,true,ABOVE,false
84,2021-07-07 07:45,2021-07-08 02:45,21641,21717,77,2394.96,2385.15,0.413,0,5.75,19.14,DOWN,1,1,21642,2021-07-07 08:00,1,21642,2021-07-07 08:00,2388.93,0.385,1,1,1.58,true,21643,2021-07-07 08:15,2381.04,0.99,0.99,false,true,BELOW,false
85,2021-07-08 03:00,2021-07-08 07:15,21718,21735,18,2281.61,2272.57,0.402,0,5.162,18.46,BYPASS,0,0,,,,,,,,,,,,,,,,,,,BELOW,false
86,2021-07-08 07:30,2021-07-09 21:15,21736,21887,152,2225.1,2208.32,0.767,0,3.638,10.99,BYPASS,0,0,,,,,,,,,,,,,,,,,,,BELOW,false
87,2021-07-09 21:30,2021-07-12 14:45,21888,22149,262,2135.06,2127,0.373,0,3.216,10.18,UP,1,1,21908,2021-07-10 02:30,20,21908,2021-07-10 02:30,2133.27,0.778,20,1,0.86,true,21909,2021-07-10 02:45,2135.76,1.14,1.52,true,true,BELOW,false
88,2021-07-12 15:00,2021-07-13 04:45,22150,22205,56,2103.33,2096.4,0.331,0,3.283,15.93,BYPASS,0,0,,,,,,,,,,,,,,,,,,,BELOW,false
89,2021-07-13 05:00,2021-07-14 03:00,22206,22294,89,2030.73,2021.41,0.465,0,2.859,16.62,DOWN,1,8,22214,2021-07-13 07:00,8,22221,2021-07-13 08:45,2027.02,0.602,15,-1,0.46,true,22222,2021-07-13 09:00,2019.46,0.95,3.04,true,true,BELOW,false
90,2021-07-14 03:15,2021-07-14 12:45,22295,22333,39,1916.5,1904.8,0.623,0,5.292,24.8,BYPASS,0,0,,,,,,,,,,,,,,,,,,,ABOVE,false
91,2021-07-14 13:00,2021-07-15 03:45,22334,22393,60,1945.19,1937.42,0.392,0,3.934,12.92,BYPASS,0,0,,,,,,,,,,,,,,,,,,,ABOVE,false
92,2021-07-15 04:00,2021-07-18 00:15,22394,22667,274,1986.81,1977.77,0.461,0,4.627,17.91,BYPASS,0,0,,,,,,,,,,,,,,,,,,,BELOW,false
93,2021-07-18 00:30,2021-07-18 14:15,22668,22723,56,1911.98,1901.16,0.558,0,5.99,11.06,BYPASS,0,0,,,,,,,,,,,,,,,,,,,ABOVE,false
94,2021-07-18 14:30,2021-07-22 12:00,22724,23098,375,1957.97,1949,0.469,0,7.128,10.13,UP,1,1,23017,2021-07-21 15:45,293,23017,2021-07-21 15:45,1953.65,0.518,293,1,1.38,true,23018,2021-07-21 16:00,1968.86,0,0.9,true,true,ABOVE,false
95,2021-07-22 12:15,2021-07-24 03:30,23099,23256,158,1982.84,1972,0.555,0,3.745,12.19,BYPASS,0,0,,,,,,,,,,,,,,,,,,,ABOVE,false
96,2021-07-24 03:45,2021-07-29 21:45,23257,23809,553,2120.15,2112.43,0.361,0,4.464,12.72,UP,1,1,23274,2021-07-24 08:00,17,23274,2021-07-24 08:00,2117.89,0.707,17,1,1.85,true,23275,2021-07-24 08:15,2123.14,0,0,true,true,ABOVE,false
97,2021-07-29 22:00,2021-07-30 08:15,23810,23851,42,2311.27,2306,0.227,0,3.664,12.46,BYPASS,0,0,,,,,,,,,,,,,,,,,,,ABOVE,false
98,2021-07-30 08:30,2021-07-30 19:00,23852,23894,43,2403,2395,0.339,0,11.017,21.6,BYPASS,0,0,,,,,,,,,,,,,,,,,,,BELOW,false
99,2021-07-30 19:15,2021-08-04 21:45,23895,24385,491,2353.77,2345.99,0.329,0,5.002,15.41,BYPASS,0,0,,,,,,,,,,,,,,,,,,,ABOVE,false
100,2021-08-04 22:00,2021-08-05 08:30,24386,24428,43,2721.33,2712.53,0.32,0,4.627,10.51,UP,1,1,24390,2021-08-04 23:00,4,24390,2021-08-04 23:00,2720.21,0.873,4,1,1.2,true,24391,2021-08-04 23:15,2737.21,1.74,1.74,true,true,BELOW,false
101,2021-08-05 08:45,2021-08-07 20:45,24429,24669,241,2691.26,2677.48,0.523,0,5.957,11.86,UP,1,1,24449,2021-08-05 13:45,20,24449,2021-08-05 13:45,2686.24,0.636,20,-1,1.59,true,24450,2021-08-05 14:00,2791.91,0,0,true,true,ABOVE,false
102,2021-08-07 21:00,2021-08-09 23:45,24670,24873,204,3086.5,3077.31,0.295,0,3.877,10.86,DOWN,1,1,24739,2021-08-08 14:15,69,24739,2021-08-08 14:15,3081.01,0.403,69,1,2.23,true,24740,2021-08-08 14:30,3045.44,2.1,4.12,false,false,ABOVE,false
103,2021-08-10 00:00,2021-08-10 13:15,24874,24927,54,3172.97,3141.48,1.003,0,5.124,13.82,DOWN,1,1,24875,2021-08-10 00:15,1,24875,2021-08-10 00:15,3157.11,0.496,1,1,0.76,true,24876,2021-08-10 00:30,3122.31,1.5,1.64,false,true,ABOVE,false
104,2021-08-10 13:30,2021-08-13 19:45,24928,25241,314,3202.79,3184.2,0.588,0,3.449,18.78,DOWN,1,1,24962,2021-08-10 22:00,34,24962,2021-08-10 22:00,3190.8,0.355,34,1,0.66,true,24963,2021-08-10 22:15,3165.46,1.9,1.99,false,false,ABOVE,false
105,2021-08-13 20:00,2021-08-15 11:45,25242,25401,160,3228.05,3218.6,0.288,0,24.312,41.55,UP,1,1,25304,2021-08-14 11:30,62,25304,2021-08-14 11:30,3225.4,0.72,62,1,0.79,true,25305,2021-08-14 11:45,3248,0.17,0.17,true,true,BELOW,false
106,2021-08-15 12:00,2021-08-15 23:45,25402,25449,48,3163.24,3151.18,0.381,0,3.35,15.68,DOWN,1,5,25403,2021-08-15 12:15,1,25407,2021-08-15 13:15,3157.45,0.52,5,-1,0.4,true,25408,2021-08-15 13:30,3138.63,0.51,1.34,true,true,ABOVE,false
107,2021-08-16 00:00,2021-08-16 19:30,25450,25528,79,3318.57,3308.44,0.303,0,3.393,13.09,UP,1,1,25451,2021-08-16 00:15,1,25451,2021-08-16 00:15,3315.75,0.722,1,1,1.95,true,25452,2021-08-16 00:30,3323.33,0.19,1.46,true,true,BELOW,false
108,2021-08-16 19:45,2021-08-18 15:30,25529,25704,176,3217,3201.28,0.495,0,3.826,14.13,DOWN,1,1,25560,2021-08-17 03:30,31,25560,2021-08-17 03:30,3202.18,0.057,31,-1,1.09,true,25561,2021-08-17 03:45,3194.2,1.08,2.07,true,true,BELOW,false
109,2021-08-18 15:45,2021-08-19 02:45,25705,25749,45,3074.55,3053,0.693,0,4.058,11.1,DOWN,1,3,25715,2021-08-18 18:15,10,25717,2021-08-18 18:45,3056.5,0.162,12,-1,0.81,true,25718,2021-08-18 19:00,3049.5,1.73,1.84,false,false,BELOW,false
110,2021-08-19 03:00,2021-08-21 04:45,25750,25949,200,3018.85,3007.64,0.376,0,5.101,15.94,DOWN,1,2,25760,2021-08-19 05:30,10,25761,2021-08-19 05:45,3007.73,0.008,11,-1,0.53,true,25762,2021-08-19 06:00,2992.79,1.14,1.5,true,true,ABOVE,false
111,2021-08-21 05:00,2021-08-21 10:30,25950,25972,23,3283.79,3271.63,0.369,0,3.235,13.91,UP,1,3,25956,2021-08-21 06:30,6,25958,2021-08-21 07:00,3277.18,0.456,8,1,0.77,true,25959,2021-08-21 07:15,3287.29,0,0.93,true,true,ABOVE,false
112,2021-08-21 10:45,2021-08-25 07:15,25973,26343,371,3295,3284.7,0.312,0,4.611,13.41,DOWN,1,1,25981,2021-08-21 12:45,8,25981,2021-08-21 12:45,3292.99,0.805,8,1,2.25,true,25982,2021-08-21 13:00,3282.98,0.87,1.31,true,true,BELOW,false
113,2021-08-25 07:30,2021-08-26 02:45,26344,26421,78,3214,3205,0.283,0,2.895,11.4,UP,1,3,26378,2021-08-25 16:00,34,26380,2021-08-25 16:30,3208.5,0.389,36,-1,0.36,true,26381,2021-08-25 16:45,3215.24,0.11,0.16,true,true,OVERLAP,false
114,2021-08-26 03:00,2021-08-26 11:45,26422,26457,36,3222.59,3205,0.555,1,8.015,17.93,BYPASS,0,0,,,,,,,,,,,,,,,,,,,BELOW,false
115,2021-08-26 12:00,2021-08-27 19:45,26458,26585,128,3105.02,3086.66,0.598,0,3.771,12.49,UP,1,2,26461,2021-08-26 12:45,3,26462,2021-08-26 13:00,3095.51,0.482,4,-1,1.15,true,26463,2021-08-26 13:15,3109.75,0,0.33,true,true,ABOVE,false
116,2021-08-27 20:00,2021-08-29 07:45,26586,26729,144,3235.9,3229.52,0.196,0,10.808,25.61,UP,1,1,26626,2021-08-28 06:00,40,26626,2021-08-28 06:00,3233.83,0.676,40,1,2.6,true,26627,2021-08-28 06:15,3254.2,0,0.61,true,true,BELOW,false
117,2021-08-29 08:00,2021-08-30 15:15,26730,26855,126,3209.57,3201.19,0.261,0,2.028,11.78,DOWN,1,2,26733,2021-08-29 08:45,3,26734,2021-08-29 09:00,3202.74,0.185,4,-1,1.02,true,26735,2021-08-29 09:15,3198.87,0.25,1.13,true,true,BELOW,false
118,2021-08-30 15:30,2021-08-31 13:45,26856,26945,90,3182.83,3174.01,0.275,0,4.554,16.59,BYPASS,0,0,,,,,,,,,,,,,,,,,,,ABOVE,false
119,2021-08-31 14:00,2021-09-03 08:30,26946,27212,267,3433.83,3415.43,0.538,0,6.526,18.34,DOWN,1,1,26946,2021-08-31 14:00,0,26946,2021-08-31 14:00,3423.13,0.418,0,1,2.7,true,26947,2021-08-31 14:15,3411.03,1.48,2.21,true,true,ABOVE,false
120,2021-09-03 08:45,2021-09-05 20:30,27213,27452,240,3823.74,3801.81,0.563,0,9.105,20.39,BYPASS,0,0,,,,,,,,,,,,,,,,,,,ABOVE,false
121,2021-09-05 20:45,2021-09-05 23:45,27453,27465,13,3938.72,3930.01,0.219,0,9,14.65,BYPASS,0,0,,,,,,,,,,,,,,,,,,,ABOVE,false
122,2021-09-06 00:00,2021-09-06 03:15,27466,27479,14,3960,3951.01,0.227,0,2.27,10.55,BYPASS,0,0,,,,,,,,,,,,,,,,,,,BELOW,false
123,2021-09-06 03:30,2021-09-08 19:45,27480,27737,258,3933.97,3924.2,0.25,0,10.375,30.02,DOWN,1,1,27485,2021-09-06 04:45,5,27485,2021-09-06 04:45,3925.5,0.133,5,1,0.77,true,27486,2021-09-06 05:00,3915.53,0.23,0.23,true,true,BELOW,false
124,2021-09-08 20:00,2021-09-10 20:15,27738,27931,194,3527.39,3511.49,0.458,0,2.163,12.41,DOWN,1,2,27750,2021-09-08 23:00,12,27751,2021-09-08 23:15,3526.35,0.935,13,1,0.64,true,27752,2021-09-08 23:30,3510.21,1.41,2.44,true,true,BELOW,false
125,2021-09-10 20:30,2021-09-12 19:00,27932,28118,187,3331.48,3315.7,0.481,0,3.563,17.72,UP,1,1,27995,2021-09-11 12:15,63,27995,2021-09-11 12:15,3326.62,0.692,63,-1,2.14,true,27996,2021-09-11 12:30,3333.55,0.5,0.99,true,true,ABOVE,false
126,2021-09-12 19:15,2021-09-13 07:00,28119,28166,48,3415,3400.11,0.438,0,2.261,10.63,UP,1,2,28120,2021-09-12 19:30,1,28121,2021-09-12 19:45,3407.14,0.472,2,1,0.38,true,28122,2021-09-12 20:00,3431.24,2.84,2.84,true,true,BELOW,false
127,2021-09-13 07:15,2021-09-13 13:15,28167,28191,25,3285,3268.37,0.518,0,6.687,10.38,BYPASS,0,0,,,,,,,,,,,,,,,,,,,BELOW,false
128,2021-09-13 13:30,2021-09-13 23:45,28192,28233,42,3239.46,3215.25,0.719,0,13.71,19.91,DOWN,1,1,28209,2021-09-13 17:45,17,28209,2021-09-13 17:45,3219.63,0.181,17,-1,0.26,true,28210,2021-09-13 18:00,3209.48,0.21,0.21,true,true,ABOVE,false
129,2021-09-14 00:00,2021-09-15 14:45,28234,28389,156,3296.36,3281.3,0.455,0,3.013,15.04,UP,1,1,28235,2021-09-14 00:15,1,28235,2021-09-14 00:15,3289.34,0.534,1,-1,4.39,true,28236,2021-09-14 00:30,3304.55,0,0.25,true,true,ABOVE,false
130,2021-09-15 15:00,2021-09-15 19:45,28390,28409,20,3438.65,3420.5,0.52,0,6.331,11.11,BYPASS,0,0,,,,,,,,,,,,,,,,,,,ABOVE,false
131,2021-09-15 20:00,2021-09-16 07:45,28410,28457,48,3539.79,3531.25,0.24,0,9.667,17.82,UP,1,1,28439,2021-09-16 03:15,29,28439,2021-09-16 03:15,3537.79,0.766,29,1,6.03,true,28440,2021-09-16 03:30,3540,0,0,true,true,ABOVE,false
132,2021-09-16 08:00,2021-09-20 07:15,28458,28839,382,3641.23,3631.6,0.266,0,1.789,12.1,DOWN,1,1,28476,2021-09-16 12:30,18,28476,2021-09-16 12:30,3637.49,0.612,18,1,0.86,true,28477,2021-09-16 12:45,3629.02,2.68,2.68,true,true,BELOW,false
133,2021-09-20 07:30,2021-09-23 03:00,28840,29110,271,3184.65,3162.6,0.706,0,3.043,10.9,BYPASS,0,0,,,,,,,,,,,,,,,,,,,BELOW,false
134,2021-09-23 03:15,2021-09-26 07:15,29111,29415,305,3081.46,3065.03,0.528,0,3.76,19.55,UP,1,2,29139,2021-09-23 10:15,28,29140,2021-09-23 10:30,3081.43,0.998,29,1,1.3,true,29141,2021-09-23 10:45,3085.9,0.8,0.8,true,true,BELOW,false
135,2021-09-26 07:30,2021-09-27 19:45,29416,29561,146,2834.64,2806.73,1.013,0,3.783,12.38,BYPASS,0,0,,,,,,,,,,,,,,,,,,,ABOVE,false
136,2021-09-27 20:00,2021-09-28 23:15,29562,29671,110,3005.77,2992,0.465,0,5.263,16.62,UP,1,2,29569,2021-09-27 21:45,7,29570,2021-09-27 22:00,2994,0.145,8,-1,0.74,true,29571,2021-09-27 22:15,3019.12,3.03,3.37,true,true,BELOW,false
137,2021-09-28 23:30,2021-09-29 15:15,29672,29735,64,2844.64,2830.11,0.519,0,5.041,10.23,UP,1,3,29675,2021-09-29 00:15,3,29677,2021-09-29 00:45,2843.49,0.921,5,-1,0.92,true,29678,2021-09-29 01:00,2867.5,0.05,0.05,true,true,ABOVE,false
138,2021-09-29 15:30,2021-10-01 07:00,29736,29894,159,2930.85,2913.38,0.608,0,5.883,30.48,BYPASS,0,0,,,,,,,,,,,,,,,,,,,ABOVE,false
139,2021-10-01 07:15,2021-10-03 08:45,29895,30093,199,3030,3013,0.553,0,4.734,11,BYPASS,0,0,,,,,,,,,,,,,,,,,,,ABOVE,false
140,2021-10-03 09:00,2021-10-03 17:30,30094,30128,35,3402.67,3391.1,0.343,0,2.785,11.88,UP,1,5,30097,2021-10-03 09:45,3,30101,2021-10-03 10:45,3391.15,0.004,7,1,0.87,true,30102,2021-10-03 11:00,3405,0,0,true,true,ABOVE,false
141,2021-10-03 17:45,2021-10-05 23:45,30129,30345,217,3419.66,3403.58,0.464,0,6.929,12.03,UP,1,1,30146,2021-10-03 22:00,17,30146,2021-10-03 22:00,3410.98,0.46,17,1,0.87,true,30147,2021-10-03 22:15,3422.4,0.13,2.46,true,true,ABOVE,false
142,2021-10-06 00:00,2021-10-08 20:30,30346,30620,275,3525.57,3515.1,0.297,0,2.986,10.26,UP,1,2,30347,2021-10-06 00:15,1,30348,2021-10-06 00:30,3525.13,0.958,2,1,0.59,true,30349,2021-10-06 00:45,3526.26,1.17,1.68,false,false,ABOVE,false
143,2021-10-08 20:45,2021-10-09 05:45,30621,30657,37,3616.09,3594.05,0.62,0,6.053,14.62,BYPASS,0,0,,,,,,,,,,,,,,,,,,,BELOW,false
144,2021-10-09 06:00,2021-10-12 19:30,30658,31000,343,3588.26,3573.43,0.411,0,7.805,22.48,UP,1,5,30668,2021-10-09 08:30,10,30672,2021-10-09 09:30,3583.19,0.658,14,-1,0.5,true,30673,2021-10-09 09:45,3597.69,0,0,true,true,BELOW,false
145,2021-10-12 19:45,2021-10-15 20:00,31001,31290,290,3504.79,3491.42,0.386,0,3.156,17.14,UP,1,2,31012,2021-10-12 22:30,11,31013,2021-10-12 22:45,3502.78,0.85,12,-1,0.6,true,31014,2021-10-12 23:00,3510.88,0.18,0.18,true,true,ABOVE,false
146,2021-10-15 20:15,2021-10-16 11:30,31291,31352,62,3860.18,3840.78,0.499,0,7.859,14.6,UP,1,1,31295,2021-10-15 21:15,4,31295,2021-10-15 21:15,3853.3,0.645,4,1,0.74,true,31296,2021-10-15 21:30,3869.26,0.53,0.53,true,true,ABOVE,false
147,2021-10-16 11:45,2021-10-16 16:45,31353,31373,21,3948,3932.61,0.388,0,3.087,16.85,DOWN,1,1,31355,2021-10-16 12:15,2,31355,2021-10-16 12:15,3943.98,0.739,2,1,0.72,true,31356,2021-10-16 12:30,3924.7,1.28,2.61,false,false,BELOW,false
148,2021-10-16 17:00,2021-10-17 14:45,31374,31461,88,3905.59,3892,0.352,0,12.085,42.88,DOWN,1,1,31419,2021-10-17 04:15,45,31419,2021-10-17 04:15,3894.1,0.155,45,-1,0.99,true,31420,2021-10-17 04:30,3886.7,0.93,0.93,false,true,BELOW,false
149,2021-10-17 15:00,2021-10-18 09:30,31462,31536,75,3861.72,3849,0.331,0,3.142,15.37,UP,1,2,31497,2021-10-17 23:45,35,31498,2021-10-18 00:00,3853.03,0.317,36,-1,0.84,true,31499,2021-10-18 00:15,3867.22,0,0.33,true,true,BELOW,false
150,2021-10-18 09:45,2021-10-18 18:45,31537,31573,37,3845.89,3827.47,0.485,0,7.967,10.84,BYPASS,0,0,,,,,,,,,,,,,,,,,,,BELOW,false
151,2021-10-18 19:00,2021-10-20 11:45,31574,31737,164,3742.89,3731.76,0.3,0,3.995,15.96,UP,1,2,31581,2021-10-18 20:45,7,31582,2021-10-18 21:00,3735.34,0.322,8,-1,0.64,true,31583,2021-10-18 21:15,3754.1,0.38,0.38,true,true,ABOVE,false
152,2021-10-20 12:00,2021-10-23 15:00,31738,32038,301,3869.24,3861.8,0.192,0,3.501,12.89,BYPASS,0,0,,,,,,,,,,,,,,,,,,,ABOVE,false
153,2021-10-23 15:15,2021-10-26 13:45,32039,32321,283,4039.85,4025.82,0.343,0,5.369,12.07,UP,1,5,32120,2021-10-24 11:30,81,32124,2021-10-24 12:30,4035.37,0.681,85,-1,1.36,true,32125,2021-10-24 12:45,4042.71,0.14,1.56,true,true,ABOVE,false
154,2021-10-26 14:00,2021-10-27 02:30,32322,32372,51,4203.39,4188,0.37,0,8.384,21.78,DOWN,1,2,32328,2021-10-26 15:30,6,32329,2021-10-26 15:45,4189.47,0.096,7,-1,1.27,true,32330,2021-10-26 16:00,4180.89,0.62,0.62,true,true,BELOW,false
155,2021-10-27 02:45,2021-11-01 02:00,32373,32850,478,4177.2,4165.11,0.289,0,3.555,15.92,UP,1,2,32509,2021-10-28 12:45,136,32510,2021-10-28 13:00,4175.45,0.855,137,1,0.57,true,32511,2021-10-28 13:15,4196.78,0.08,1.25,true,true,ABOVE,false
156,2021-11-01 02:15,2021-11-01 06:45,32851,32869,19,4309.54,4295,0.345,0,12.534,10.62,BYPASS,0,0,,,,,,,,,,,,,,,,,,,BELOW,false
157,2021-11-01 07:00,2021-11-01 10:45,32870,32885,16,4250.48,4234.37,0.374,0,5.563,18.66,BYPASS,0,0,,,,,,,,,,,,,,,,,,,ABOVE,false
158,2021-11-01 11:00,2021-11-03 17:45,32886,33105,220,4334.76,4322,0.294,0,3.446,16.29,DOWN,1,1,32888,2021-11-01 11:30,2,32888,2021-11-01 11:30,4329.48,0.586,2,1,0.93,true,32889,2021-11-01 11:45,4319.04,0.07,1.16,true,true,ABOVE,false
159,2021-11-03 18:00,2021-11-13 13:45,33106,34049,944,4558.88,4540.05,0.41,0,5.798,11.4,UP,1,2,33143,2021-11-04 03:15,37,33144,2021-11-04 03:30,4554.93,0.79,38,1,0.82,true,33145,2021-11-04 03:45,4559.78,0.18,1.23,true,true,ABOVE,false
160,2021-11-13 14:00,2021-11-14 21:15,34050,34175,126,4617.86,4603.77,0.302,0,10.948,17.65,DOWN,1,1,34127,2021-11-14 09:15,77,34127,2021-11-14 09:15,4604.77,0.071,77,-1,1.02,true,34128,2021-11-14 09:30,4599.29,0.4,0.62,true,true,BELOW,false
161,2021-11-14 21:30,2021-11-15 23:45,34176,34281,106,4568.4,4555.12,0.289,0,6.844,12.74,UP,1,3,34267,2021-11-15 20:15,91,34269,2021-11-15 20:45,4566.12,0.828,93,-1,0.63,true,34270,2021-11-15 21:00,4574.89,0.3,7.38,true,true,OVERLAP,false
162,2021-11-16 00:00,2021-11-17 10:15,34282,34419,138,4578.01,4555.12,0.508,1,9.471,13,BYPASS,0,0,,,,,,,,,,,,,,,,,,,BELOW,false
163,2021-11-17 10:30,2021-11-20 03:15,34420,34679,260,4158.06,4140,0.432,0,5.984,22.3,UP,1,1,34439,2021-11-17 15:15,19,34439,2021-11-17 15:15,4152.42,0.688,19,-1,1.16,true,34440,2021-11-17 15:30,4175.93,0,0,true,true,ABOVE,false
164,2021-11-20 03:30,2021-11-20 14:45,34680,34725,46,4313.84,4300.84,0.303,0,3.022,10.43,DOWN,1,1,34691,2021-11-20 06:15,11,34691,2021-11-20 06:15,4306.7,0.451,11,1,1.91,true,34692,2021-11-20 06:30,4295.19,0.69,0.69,true,true,OVERLAP,false
165,2021-11-20 15:00,2021-11-20 18:00,34726,34738,13,4313.84,4285.23,0.675,1,6.245,16.98,BYPASS,0,0,,,,,,,,,,,,,,,,,,,BELOW,false
166,2021-11-20 18:15,2021-11-21 10:15,34739,34803,65,4271.87,4246.12,0.588,0,5.096,11.57,BYPASS,0,0,,,,,,,,,,,,,,,,,,,ABOVE,false
167,2021-11-21 10:30,2021-11-21 16:30,34804,34828,25,4358.39,4347.02,0.264,0,4.107,16.1,NONE,1,1,34828,2021-11-21 16:30,24,34828,2021-11-21 16:30,4353.92,0.607,24,-1,0.6,true,,,,,,,,OVERLAP,false
168,2021-11-21 16:45,2021-11-21 23:30,34829,34856,28,4358.39,4340,0.417,1,7.584,16.75,UP,1,5,34838,2021-11-21 19:00,9,34842,2021-11-21 20:00,4354.12,0.768,13,-1,0.41,true,34843,2021-11-21 20:15,4361.08,0.18,4.15,true,true,BELOW,false
169,2021-11-21 23:45,2021-11-23 07:00,34857,34982,126,4335.41,4316.46,0.445,0,8.028,19.41,BYPASS,0,0,,,,,,,,,,,,,,,,,,,BELOW,false
170,2021-11-23 07:15,2021-11-23 23:45,34983,35049,67,4145.76,4122.43,0.569,0,3.451,10.77,UP,1,3,34989,2021-11-23 08:45,6,34991,2021-11-23 09:15,4125.68,0.139,8,-1,0.94,true,34992,2021-11-23 09:30,4167.36,0.2,0.2,true,true,ABOVE,false
171,2021-11-24 00:00,2021-11-25 22:45,35050,35237,188,4357.45,4338.21,0.441,0,5.299,17.96,UP,1,1,35051,2021-11-24 00:15,1,35051,2021-11-24 00:15,4354.38,0.84,1,1,0.85,true,35052,2021-11-24 00:30,4366.05,2.14,2.73,true,true,ABOVE,false
172,2021-11-25 23:00,2021-11-26 07:15,35238,35271,34,4521.25,4500.6,0.456,0,4.012,12.49,UP,1,1,35240,2021-11-25 23:30,2,35240,2021-11-25 23:30,4515.01,0.698,2,1,1.28,true,35241,2021-11-25 23:45,4527.86,0.23,2.29,true,true,BELOW,false
173,2021-11-26 07:30,2021-11-30 18:15,35272,35699,428,4414.99,4400.72,0.328,0,5.603,13.33,UP,1,1,35597,2021-11-29 16:45,325,35597,2021-11-29 16:45,4410.59,0.692,325,1,3.38,true,35598,2021-11-29 17:00,4437.76,0,0.41,true,true,ABOVE,false
174,2021-11-30 18:30,2021-12-02 02:45,35700,35829,130,4619.4,4590.19,0.627,0,2.201,10.18,UP,1,1,35712,2021-11-30 21:30,12,35712,2021-11-30 21:30,4607.69,0.599,12,1,0.89,true,35713,2021-11-30 21:45,4630.35,0,0,true,true,OVERLAP,false
175,2021-12-02 03:00,2021-12-05 13:45,35830,36161,332,4619.4,4576.63,0.954,1,8.268,14.31,DOWN,1,5,35850,2021-12-02 08:00,20,35854,2021-12-02 09:00,4597.72,0.493,24,-1,0.84,true,35855,2021-12-02 09:15,4569.49,1.72,2.06,true,true,BELOW,false
176,2021-12-05 14:00,2021-12-06 14:15,36162,36259,98,4222.71,4200,0.548,0,6.303,14.31,DOWN,1,1,36198,2021-12-05 23:00,36,36198,2021-12-05 23:00,4202.99,0.132,36,-1,2.72,true,36199,2021-12-05 23:15,4174.08,2.29,2.3,false,false,BELOW,false
177,2021-12-06 14:30,2021-12-08 10:15,36260,36435,176,4062.1,4041.56,0.51,0,3.762,11.69,BYPASS,0,0,,,,,,,,,,,,,,,,,,,ABOVE,false
178,2021-12-08 10:30,2021-12-10 06:30,36436,36612,177,4344.43,4327.57,0.393,0,5.78,12.53,DOWN,1,2,36524,2021-12-09 08:30,88,36525,2021-12-09 08:45,4343.15,0.924,89,1,0.63,true,36526,2021-12-09 09:00,4319.37,1.37,2.76,false,false,BELOW,false
179,2021-12-10 06:45,2021-12-10 21:30,36613,36672,60,4125.1,4107.15,0.442,0,4.324,11.75,DOWN,1,1,36630,2021-12-10 11:00,17,36630,2021-12-10 11:00,4112.58,0.303,17,-1,1,true,36631,2021-12-10 11:15,4103.17,0.19,4.24,true,true,BELOW,false
180,2021-12-10 21:45,2021-12-12 16:45,36673,36845,173,4045.67,4025.44,0.507,0,3.421,10.62,DOWN,1,1,36698,2021-12-11 04:00,25,36698,2021-12-11 04:00,4033.98,0.422,25,-1,0.77,true,36699,2021-12-11 04:15,4022.66,0.75,2.37,true,true,OVERLAP,false
181,2021-12-12 17:00,2021-12-13 05:30,36846,36896,51,4045.67,4025.02,0.507,1,5.818,20.69,BYPASS,0,0,,,,,,,,,,,,,,,,,,,BELOW,false
182,2021-12-13 05:45,2021-12-16 21:45,36897,37249,353,4004.24,3987.25,0.421,0,4.101,11.7,DOWN,1,3,36899,2021-12-13 06:15,2,36901,2021-12-13 06:45,3987.57,0.019,4,-1,0.52,true,36902,2021-12-13 07:00,3985,1.01,1.01,true,true,ABOVE,false
183,2021-12-16 22:00,2021-12-17 18:30,37250,37332,83,4032,4019.69,0.308,0,14.02,36.84,BYPASS,0,0,,,,,,,,,,,,,,,,,,,BELOW,false
184,2021-12-17 18:45,2021-12-18 03:15,37333,37367,35,3867.91,3855.53,0.317,0,3.702,10.99,UP,1,1,37342,2021-12-17 21:00,9,37342,2021-12-17 21:00,3867.57,0.973,9,-1,0.61,true,37343,2021-12-17 21:15,3876.82,0.9,2.35,true,true,BELOW,false
185,2021-12-18 03:30,2021-12-18 18:45,37368,37429,62,3820,3803.44,0.425,0,9.351,14.64,BYPASS,0,0,,,,,,,,,,,,,,,,,,,ABOVE,false
186,2021-12-18 19:00,2021-12-19 22:30,37430,37540,111,3945.58,3936.9,0.221,0,7.792,40.84,DOWN,1,1,37433,2021-12-18 19:45,3,37433,2021-12-18 19:45,3941.84,0.569,3,1,1.24,true,37434,2021-12-18 20:00,3935.26,0.29,1.4,true,true,OVERLAP,false
187,2021-12-19 22:45,2021-12-21 07:45,37541,37673,133,3945.58,3932.13,0.338,1,8.656,11.41,DOWN,1,1,37544,2021-12-19 23:30,3,37544,2021-12-19 23:30,3939.52,0.549,3,-1,1.61,true,37545,2021-12-19 23:45,3922.51,1.04,2.5,true,true,ABOVE,false
188,2021-12-21 08:00,2021-12-25 05:45,37674,38049,376,4010.85,3995.65,0.378,0,3.703,13.1,UP,1,1,37694,2021-12-21 13:00,20,37694,2021-12-21 13:00,4010.2,0.957,20,1,1.36,true,37695,2021-12-21 13:15,4011.73,0.39,0.86,true,true,ABOVE,false
189,2021-12-25 06:00,2021-12-27 21:30,38050,38304,255,4048.41,4043.57,0.12,0,3.114,10.33,UP,1,2,38058,2021-12-25 08:00,8,38059,2021-12-25 08:15,4044.14,0.118,9,-1,0.81,true,38060,2021-12-25 08:30,4048.44,0.15,0.56,true,true,ABOVE,false
190,2021-12-27 21:45,2021-12-28 07:45,38305,38345,41,4085.9,4074.81,0.273,0,3.197,10.08,BYPASS,0,0,,,,,,,,,,,,,,,,,,,BELOW,false
191,2021-12-28 08:00,2021-12-29 09:00,38346,38446,101,3918.65,3905.53,0.334,0,2.506,10.21,DOWN,1,3,38349,2021-12-28 08:45,3,38351,2021-12-28 09:15,3909.55,0.306,5,-1,1.05,true,38352,2021-12-28 09:30,3896.99,0.65,1.62,true,true,BELOW,false
192,2021-12-29 09:15,2021-12-29 23:00,38447,38502,56,3801.55,3792.37,0.243,0,5.523,23.45,DOWN,1,1,38452,2021-12-29 10:30,5,38452,2021-12-29 10:30,3796.58,0.459,5,-1,2.08,true,38453,2021-12-29 10:45,3792.29,1.88,2.6,false,true,BELOW,false
193,2021-12-29 23:15,2022-01-01 15:15,38503,38759,257,3735.37,3702.25,0.911,0,6.004,12.55,DOWN,1,6,38534,2021-12-30 07:00,31,38539,2021-12-30 08:15,3704.83,0.078,36,-1,1.47,true,38540,2021-12-30 08:30,3697.13,0.69,0.69,false,true,OVERLAP,false
194,2022-01-01 15:30,2022-01-01 20:15,38760,38779,20,3735.37,3701.88,0.897,1,6.874,12.54,UP,1,2,38760,2022-01-01 15:30,0,38761,2022-01-01 15:45,3723.98,0.66,1,-1,2.14,true,38762,2022-01-01 16:00,3735.41,0,0,true,true,ABOVE,false
195,2022-01-01 20:30,2022-01-05 17:45,38780,39153,374,3751,3738,0.346,0,3.343,12.85,UP,1,2,38785,2022-01-01 21:45,5,38786,2022-01-01 22:00,3740.94,0.226,6,1,1.09,true,38787,2022-01-01 22:15,3751.99,0,0,true,true,ABOVE,false
196,2022-01-05 18:00,2022-01-07 13:15,39154,39327,174,3791.21,3770,0.567,0,3.761,12.78,BYPASS,0,0,,,,,,,,,,,,,,,,,,,BELOW,false
197,2022-01-07 13:30,2022-01-10 04:00,39328,39578,251,3229.35,3212.05,0.548,0,8.481,17.89,DOWN,1,2,39331,2022-01-07 14:15,3,39332,2022-01-07 14:30,3219.38,0.424,4,-1,1.49,true,39333,2022-01-07 14:45,3207.52,5.33,5.33,true,true,BELOW,false
198,2022-01-10 04:15,2022-01-12 06:15,39579,39779,201,3154.71,3149.95,0.15,0,4.229,24.99,DOWN,1,2,39599,2022-01-10 09:15,20,39600,2022-01-10 09:30,3150.12,0.036,21,1,0.57,true,39601,2022-01-10 09:45,3145.1,1.84,7.15,true,true,ABOVE,false
199,2022-01-12 06:30,2022-01-12 11:15,39780,39799,20,3233.3,3224.12,0.283,0,7.087,16.24,UP,1,4,39786,2022-01-12 08:00,6,39789,2022-01-12 08:45,3229.75,0.613,9,1,0.96,true,39790,2022-01-12 09:00,3239.91,0,0,true,true,ABOVE,false
200,2022-01-12 11:30,2022-01-14 10:30,39800,39988,189,3256,3246.36,0.295,0,7.406,12.93,DOWN,1,1,39940,2022-01-13 22:30,140,39940,2022-01-13 22:30,3255.11,0.908,140,-1,0.48,true,39941,2022-01-13 22:45,3246.3,0.75,0.75,true,true,OVERLAP,false
201,2022-01-14 10:45,2022-01-15 12:15,39989,40091,103,3260.69,3245.31,0.477,1,3.691,13.59,BYPASS,0,0,,,,,,,,,,,,,,,,,,,ABOVE,false
202,2022-01-15 12:30,2022-01-19 03:15,40092,40439,348,3318.01,3305.08,0.395,0,6.497,18.54,UP,1,1,40099,2022-01-15 14:15,7,40099,2022-01-15 14:15,3305.2,0.009,7,1,0.68,true,40100,2022-01-15 14:30,3340.17,0,0,true,true,BELOW,false
203,2022-01-19 03:30,2022-01-19 06:45,40440,40453,14,3156.95,3147.62,0.301,0,8.582,18.19,BYPASS,0,0,,,,,,,,,,,,,,,,,,,BELOW,false
204,2022-01-19 07:00,2022-01-19 23:30,40454,40520,67,3108.6,3097.37,0.366,0,7.666,14.37,UP,1,1,40471,2022-01-19 11:15,17,40471,2022-01-19 11:15,3107.17,0.873,17,-1,1.54,true,40472,2022-01-19 11:30,3111.41,0,0.58,true,true,OVERLAP,false
205,2022-01-19 23:45,2022-01-22 03:15,40521,40727,207,3118.43,3097.37,0.683,1,5.914,13.65,DOWN,1,5,40522,2022-01-20 00:00,1,40526,2022-01-20 01:00,3108.37,0.522,5,1,0.84,true,40527,2022-01-20 01:15,3097.36,0.14,0.14,true,true,BELOW,false
206,2022-01-22 03:30,2022-01-23 22:45,40728,40901,174,2606.72,2586.9,0.777,0,2.372,10.45,BYPASS,0,0,,,,,,,,,,,,,,,,,,,BELOW,false
207,2022-01-23 23:00,2022-01-31 22:00,40902,41666,765,2446.99,2423.93,0.909,0,6.43,26.27,UP,1,2,40917,2022-01-24 02:45,15,40918,2022-01-24 03:00,2440.51,0.719,16,-1,0.54,true,40919,2022-01-24 03:15,2447.69,0.26,4.05,true,true,ABOVE,false
208,2022-01-31 22:15,2022-02-02 11:45,41667,41817,151,2685.9,2676.5,0.349,0,3.353,14.36,UP,1,5,41669,2022-01-31 22:45,2,41673,2022-01-31 23:45,2685.34,0.94,6,1,0.47,true,41674,2022-02-01 00:00,2694.57,0,0,true,true,ABOVE,false
209,2022-02-02 12:00,2022-02-03 23:30,41818,41960,143,2768.51,2760.38,0.292,0,8.202,29.6,BYPASS,0,0,,,,,,,,,,,,,,,,,,,BELOW,false
210,2022-02-03 23:45,2022-02-05 14:30,41961,42116,156,2664.9,2654.66,0.38,0,3.629,12,BYPASS,0,0,,,,,,,,,,,,,,,,,,,ABOVE,false
211,2022-02-05 14:45,2022-02-10 02:30,42117,42548,432,3019.81,3007.82,0.397,0,5.838,11.98,UP,1,1,42117,2022-02-05 14:45,0,42117,2022-02-05 14:45,3019.32,0.959,0,1,4.64,true,42118,2022-02-05 15:00,3031.66,1.36,1.53,true,true,ABOVE,false
212,2022-02-10 02:45,2022-02-10 13:15,42549,42591,43,3227.18,3218,0.288,0,6.552,13.88,BYPASS,0,0,,,,,,,,,,,,,,,,,,,ABOVE,false
213,2022-02-10 13:30,2022-02-14 21:30,42592,43008,417,3263.99,3246,0.573,0,12.452,34.76,DOWN,1,1,42600,2022-02-10 15:30,8,42600,2022-02-10 15:30,3247.57,0.087,8,1,1.38,true,42601,2022-02-10 15:45,3208.22,1.97,5.05,false,false,BELOW,false
214,2022-02-14 21:45,2022-02-16 18:45,43009,43189,181,2897,2891.49,0.189,0,4.156,10.78,BYPASS,0,0,,,,,,,,,,,,,,,,,,,ABOVE,false
215,2022-02-16 19:00,2022-02-19 15:45,43190,43465,276,3096.88,3081.2,0.502,0,5.494,11.2,DOWN,1,2,43224,2022-02-17 03:30,34,43225,2022-02-17 03:45,3082.44,0.079,35,1,2.09,true,43226,2022-02-17 04:00,3071.3,0.97,1.65,false,true,BELOW,false
216,2022-02-19 16:00,2022-02-22 02:45,43466,43701,236,2749.33,2740.65,0.313,0,3.824,13.76,UP,1,1,43469,2022-02-19 16:45,3,43469,2022-02-19 16:45,2747.68,0.81,3,-1,1.69,true,43470,2022-02-19 17:00,2757.15,0.16,0.57,true,true,BELOW,false
217,2022-02-22 03:00,2022-02-23 22:45,43702,43877,176,2579.99,2566.21,0.546,0,4.186,12.93,BYPASS,0,0,,,,,,,,,,,,,,,,,,,ABOVE,false
218,2022-02-23 23:00,2022-02-24 02:30,43878,43892,15,2636.89,2621,0.616,0,4.288,11.22,BYPASS,0,0,,,,,,,,,,,,,,,,,,,BELOW,false
219,2022-02-24 02:45,2022-02-24 14:15,43893,43939,47,2571.58,2562,0.384,0,9.408,24.36,BYPASS,0,0,,,,,,,,,,,,,,,,,,,BELOW,false
220,2022-02-24 14:30,2022-02-24 18:15,43940,43955,16,2393.36,2374.06,0.808,0,3.371,19.72,UP,1,1,43940,2022-02-24 14:30,0,43940,2022-02-24 14:30,2390,0.826,0,-1,3.34,true,43941,2022-02-24 14:45,2434.81,0,0,true,true,ABOVE,false
221,2022-02-24 18:30,2022-02-25 22:30,43956,44068,113,2456,2435,0.85,0,1.602,10.43,BYPASS,0,0,,,,,,,,,,,,,,,,,,,ABOVE,false
222,2022-02-25 22:45,2022-02-27 17:45,44069,44241,173,2728,2703.5,0.878,0,8.106,24.26,DOWN,1,1,44174,2022-02-27 01:00,105,44174,2022-02-27 01:00,2713.7,0.416,105,1,3.84,true,44175,2022-02-27 01:15,2699.86,1.01,1.01,true,true,ABOVE,false
223,2022-02-27 18:00,2022-02-28 11:45,44242,44313,72,2770.59,2762.14,0.307,0,4.247,16.34,BYPASS,0,0,,,,,,,,,,,,,,,,,,,BELOW,false
224,2022-02-28 12:00,2022-03-02 21:30,44314,44544,231,2645,2633.6,0.433,0,1.272,11.96,UP,1,1,44314,2022-02-28 12:00,0,44314,2022-02-28 12:00,2635.11,0.132,0,-1,1.57,true,44315,2022-02-28 12:15,2653.51,1.07,1.07,true,true,ABOVE,false
225,2022-03-02 21:45,2022-03-03 03:15,44545,44567,23,2945,2940,0.168,0,5.593,12.96,UP,1,1,44558,2022-03-03 01:00,13,44558,2022-03-03 01:00,2944.89,0.978,13,1,1.13,true,44559,2022-03-03 01:15,2949.55,0.79,2.38,true,true,BELOW,false
226,2022-03-03 03:30,2022-03-04 18:45,44568,44725,158,2926.53,2919.3,0.249,0,5.193,10.17,DOWN,1,1,44600,2022-03-03 11:30,32,44600,2022-03-03 11:30,2920.79,0.206,32,-1,1.05,true,44601,2022-03-03 11:45,2912.03,0.54,4.71,true,true,BELOW,false
227,2022-03-04 19:00,2022-03-06 15:45,44726,44905,180,2678,2667.24,0.409,0,4.243,11.61,DOWN,1,1,44812,2022-03-05 16:30,86,44812,2022-03-05 16:30,2672.69,0.507,86,1,1.9,true,44813,2022-03-05 16:45,2658,0.5,0.7,true,true,BELOW,false
228,2022-03-06 16:00,2022-03-10 13:15,44906,45279,374,2628.6,2623.37,0.198,0,5.223,11.17,DOWN,1,1,44919,2022-03-06 19:15,13,44919,2022-03-06 19:15,2624.31,0.18,13,-1,0.46,true,44920,2022-03-06 19:30,2613.2,0.81,4.28,true,true,BELOW,false
229,2022-03-10 13:30,2022-03-13 12:00,45280,45562,283,2604.39,2596,0.329,0,13.795,48.18,DOWN,1,2,45286,2022-03-10 15:00,6,45287,2022-03-10 15:15,2599.26,0.389,7,-1,1.78,true,45288,2022-03-10 15:30,2592.91,0.53,0.53,true,true,BELOW,false
230,2022-03-13 12:15,2022-03-13 22:30,45563,45604,42,2574.84,2567.41,0.292,0,5.14,10,DOWN,1,1,45572,2022-03-13 14:30,9,45572,2022-03-13 14:30,2567.55,0.019,9,-1,0.57,true,45573,2022-03-13 14:45,2564.78,0.13,0.97,true,true,OVERLAP,false
231,2022-03-13 22:45,2022-03-14 03:45,45605,45625,21,2574.84,2561.24,0.543,1,7.34,15.63,BYPASS,0,0,,,,,,,,,,,,,,,,,,,BELOW,false
232,2022-03-14 04:00,2022-03-15 06:45,45626,45733,108,2536.63,2527.61,0.348,0,14.418,97.15,UP,1,1,45681,2022-03-14 17:45,55,45681,2022-03-14 17:45,2535.74,0.901,55,1,1.17,true,45682,2022-03-14 18:00,2537.22,0.57,0.57,true,true,ABOVE,false
233,2022-03-15 07:00,2022-03-17 11:45,45734,45945,212,2548.78,2541.18,0.302,0,5.672,11.78,DOWN,1,3,45756,2022-03-15 12:30,22,45758,2022-03-15 13:00,2543.13,0.257,24,-1,0.93,true,45759,2022-03-15 13:15,2535.08,0.9,0.9,true,true,ABOVE,false
234,2022-03-17 12:00,2022-03-17 23:45,45946,45993,48,2774.86,2767.38,0.267,0,7.284,10.05,BYPASS,0,0,,,,,,,,,,,,,,,,,,,ABOVE,false
235,2022-03-18 00:00,2022-03-18 04:45,45994,46013,20,2815.12,2809.59,0.197,0,6.297,20.39,BYPASS,0,0,,,,,,,,,,,,,,,,,,,BELOW,false
236,2022-03-18 05:00,2022-03-19 12:00,46014,46138,125,2780.47,2776.17,0.154,0,5.573,10.92,BYPASS,0,0,,,,,,,,,,,,,,,,,,,ABOVE,false
237,2022-03-19 12:15,2022-03-22 01:45,46139,46385,247,2945.94,2941.47,0.151,0,5.048,23.09,UP,1,1,46170,2022-03-19 20:00,31,46170,2022-03-19 20:00,2943.87,0.537,31,1,0.61,true,46171,2022-03-19 20:15,2947.99,1.73,1.73,true,true,BELOW,false
238,2022-03-22 02:00,2022-03-23 00:45,46386,46477,92,2897.97,2888.54,0.322,0,12.293,16.5,BYPASS,0,0,,,,,,,,,,,,,,,,,,,ABOVE,false
239,2022-03-23 01:00,2022-03-25 01:15,46478,46671,194,2976.04,2966.34,0.329,0,7.891,11.49,DOWN,1,2,46485,2022-03-23 02:45,7,46486,2022-03-23 03:00,2967.53,0.123,8,-1,0.65,true,46487,2022-03-23 03:15,2965.97,1.71,1.71,true,true,ABOVE,false
240,2022-03-25 01:30,2022-03-26 19:45,46672,46841,170,3112.68,3105.14,0.241,0,6.214,10.32,DOWN,1,1,46732,2022-03-25 16:30,60,46732,2022-03-25 16:30,3106.9,0.233,60,1,0.7,true,46733,2022-03-25 16:45,3094.97,0.97,0.97,true,true,ABOVE,false
241,2022-03-26 20:00,2022-03-27 20:15,46842,46939,98,3121.95,3116.9,0.161,0,4.795,21.36,BYPASS,0,0,,,,,,,,,,,,,,,,,,,ABOVE,false
242,2022-03-27 20:30,2022-03-28 00:15,46940,46955,16,3173.28,3162.16,0.344,0,8.444,10.22,BYPASS,0,0,,,,,,,,,,,,,,,,,,,ABOVE,false
243,2022-03-28 00:30,2022-04-02 09:30,46956,47472,517,3284.38,3274.54,0.299,0,7.882,14.77,UP,1,2,47310,2022-03-31 17:00,354,47311,2022-03-31 17:15,3281.71,0.729,355,-1,0.51,true,47312,2022-03-31 17:30,3292.41,0.42,0.42,true,true,ABOVE,false
244,2022-04-02 09:45,2022-04-02 17:45,47473,47505,33,3477.09,3471.86,0.15,0,5.053,16.42,UP,1,1,47475,2022-04-02 10:15,2,47475,2022-04-02 10:15,3475.7,0.734,2,1,0.88,true,47476,2022-04-02 10:30,3485.75,0.29,0.8,true,true,OVERLAP,false
245,2022-04-02 18:00,2022-04-03 18:30,47506,47604,99,3485.73,3471.86,0.402,1,6.63,11.66,DOWN,1,1,47512,2022-04-02 19:30,6,47512,2022-04-02 19:30,3478.8,0.5,6,1,0.52,true,47513,2022-04-02 19:45,3469.89,0.63,1.73,true,true,ABOVE,false
246,2022-04-03 18:45,2022-04-04 09:30,47605,47664,60,3495.46,3486.7,0.25,0,4.582,11.4,DOWN,1,1,47608,2022-04-03 19:30,3,47608,2022-04-03 19:30,3489.18,0.283,3,1,0.98,true,47609,2022-04-03 19:45,3486.33,0.05,0.57,true,true,OVERLAP,false
247,2022-04-04 09:45,2022-04-05 23:30,47665,47816,152,3495.46,3484.08,0.328,1,5.357,14.29,DOWN,1,2,47674,2022-04-04 12:00,9,47675,2022-04-04 12:15,3485.71,0.143,10,1,0.94,true,47676,2022-04-04 12:30,3472.93,1.03,2.27,false,false,BELOW,false
248,2022-04-05 23:45,2022-04-06 03:45,47817,47833,17,3441.75,3425,0.492,0,7.577,15.41,BYPASS,0,0,,,,,,,,,,,,,,,,,,,BELOW,false
249,2022-04-06 04:00,2022-04-07 10:45,47834,47957,124,3345.11,3336,0.272,0,3.721,11.49,UP,1,1,47834,2022-04-06 04:00,0,47834,2022-04-06 04:00,3344.84,0.97,0,-1,1.24,true,47835,2022-04-06 04:15,3345.17,0,0.63,true,true,BELOW,false
250,2022-04-07 11:00,2022-04-09 17:15,47958,48175,218,3224.44,3216.46,0.247,0,7.782,14.73,UP,1,1,47981,2022-04-07 16:45,23,47981,2022-04-07 16:45,3220.27,0.477,23,-1,0.64,true,47982,2022-04-07 17:00,3230.69,0.16,0.64,true,true,ABOVE,false
251,2022-04-09 17:30,2022-04-16 20:30,48176,48860,685,3229.61,3225,0.142,0,5.711,13.17,UP,1,2,48179,2022-04-09 18:15,3,48180,2022-04-09 18:30,3228.63,0.787,4,-1,0.4,true,48181,2022-04-09 18:45,3232.14,0.08,0.15,true,true,BELOW,false
252,2022-04-16 20:45,2022-04-18 03:45,48861,48985,125,3026.31,3023.32,0.099,0,5.519,11.68,UP,1,1,48886,2022-04-17 03:00,25,48886,2022-04-17 03:00,3026.11,0.933,25,1,2.04,true,48887,2022-04-17 03:15,3030.24,0,0,true,true,BELOW,false
253,2022-04-18 04:00,2022-04-20 06:45,48986,49189,204,2998,2992.73,0.178,0,8.015,25.53,UP,1,1,49048,2022-04-18 19:30,62,49048,2022-04-18 19:30,2994.32,0.302,62,1,0.5,true,49049,2022-04-18 19:45,3004.56,0,0,true,true,ABOVE,false
254,2022-04-20 07:00,2022-04-21 15:15,49190,49319,130,3099.14,3094.25,0.158,0,5.044,11.79,UP,1,2,49195,2022-04-20 08:15,5,49196,2022-04-20 08:30,3098.63,0.896,6,1,0.81,true,49197,2022-04-20 08:45,3099.19,0.02,0.27,true,true,ABOVE,false
255,2022-04-21 15:30,2022-04-22 07:00,49320,49382,63,3150.32,3140.4,0.318,0,5.565,20.03,BYPASS,0,0,,,,,,,,,,,,,,,,,,,BELOW,false
256,2022-04-22 07:15,2022-04-22 21:45,49383,49441,59,3014.53,3006.27,0.276,0,4.973,13.01,DOWN,1,1,49386,2022-04-22 08:00,3,49386,2022-04-22 08:00,3014.09,0.947,3,-1,1.84,true,49387,2022-04-22 08:15,3002.1,1.04,1.61,true,true,BELOW,false
257,2022-04-22 22:00,2022-04-23 23:15,49442,49543,102,2966.85,2959.33,0.254,0,4.937,21.41,DOWN,1,5,49447,2022-04-22 23:15,5,49451,2022-04-23 00:15,2959.54,0.028,9,-1,0.38,true,49452,2022-04-23 00:30,2959.06,0.23,1.86,true,true,BELOW,false
258,2022-04-23 23:30,2022-04-26 10:45,49544,49781,238,2952.15,2947.61,0.155,0,10.374,16.48,UP,1,1,49559,2022-04-24 03:15,15,49559,2022-04-24 03:15,2951.51,0.859,15,-1,1.56,true,49560,2022-04-24 03:30,2954.22,0.15,0.32,true,true,ABOVE,false
259,2022-04-26 11:00,2022-04-28 07:30,49782,49960,179,2997.04,2992.18,0.162,0,2.815,11.54,DOWN,1,1,49788,2022-04-26 12:30,6,49788,2022-04-26 12:30,2994.51,0.479,6,1,2.38,true,49789,2022-04-26 12:45,2977.2,3.38,5.34,false,false,BELOW,false
260,2022-04-28 07:45,2022-04-30 19:30,49961,50200,240,2897,2889.94,0.243,0,9.763,18.87,DOWN,1,1,50063,2022-04-29 09:15,102,50063,2022-04-29 09:15,2890.88,0.133,102,1,1.71,true,50064,2022-04-29 09:30,2886.95,2,2.07,false,false,BELOW,false
261,2022-04-30 19:45,2022-04-30 22:45,50201,50213,13,2792.16,2788.41,0.134,0,6.159,11.37,DOWN,1,1,50204,2022-04-30 20:30,3,50204,2022-04-30 20:30,2789.66,0.333,3,-1,0.32,true,50205,2022-04-30 20:45,2788.36,0.38,2.75,true,true,OVERLAP,false
262,2022-04-30 23:00,2022-05-01 04:45,50214,50237,24,2793.63,2777.85,0.576,1,13.494,17.74,BYPASS,0,0,,,,,,,,,,,,,,,,,,,BELOW,false
263,2022-05-01 05:00,2022-05-01 15:00,50238,50278,41,2771.52,2763.85,0.275,0,3.533,12.18,UP,1,3,50247,2022-05-01 07:15,9,50249,2022-05-01 07:45,2765.13,0.167,11,-1,0.78,true,50250,2022-05-01 08:00,2776.15,0.3,0.47,true,true,OVERLAP,false
264,2022-05-01 15:15,2022-05-02 04:30,50279,50332,54,2771.52,2758.51,0.465,1,3.397,13.38,DOWN,1,1,50294,2022-05-01 19:00,15,50294,2022-05-01 19:00,2764.2,0.437,15,1,1.77,true,50295,2022-05-01 19:15,2757.17,0.19,0.19,true,true,ABOVE,false
265,2022-05-02 04:45,2022-05-02 09:30,50333,50352,20,2839.66,2833.96,0.2,0,7.755,13.06,UP,1,2,50349,2022-05-02 08:45,16,50350,2022-05-02 09:00,2836.4,0.428,17,1,0.76,true,50351,2022-05-02 09:15,2840,1.46,2.08,true,true,OVERLAP,false
266,2022-05-02 09:45,2022-05-02 13:15,50353,50367,15,2847,2833.96,0.464,1,4.77,11.79,BYPASS,0,0,,,,,,,,,,,,,,,,,,,BELOW,false
267,2022-05-02 13:30,2022-05-05 07:45,50368,50633,266,2822.32,2808.55,0.487,0,5.471,12.82,UP,1,1,50370,2022-05-02 14:00,2,50370,2022-05-02 14:00,2812.2,0.265,2,-1,1.77,true,50371,2022-05-02 14:15,2830.24,0,1.16,true,true,ABOVE,false
268,2022-05-05 08:00,2022-05-06 07:15,50634,50727,94,2938,2933.32,0.16,0,7.666,18.33,DOWN,1,1,50644,2022-05-05 10:30,10,50644,2022-05-05 10:30,2934.12,0.171,10,1,1.07,true,50645,2022-05-05 10:45,2928.07,0.42,7.31,false,false,BELOW,false
269,2022-05-06 07:30,2022-05-06 13:15,50728,50751,24,2745.33,2737.26,0.299,0,7.254,16.91,BYPASS,0,0,,,,,,,,,,,,,,,,,,,BELOW,false
270,2022-05-06 13:30,2022-05-08 10:30,50752,50932,181,2696.38,2683.74,0.478,0,7.594,12.25,UP,1,1,50757,2022-05-06 14:45,5,50757,2022-05-06 14:45,2695.65,0.942,5,-1,1.23,true,50758,2022-05-06 15:00,2706.81,0.09,0.57,true,true,BELOW,false
271,2022-05-08 10:45,2022-05-08 16:45,50933,50957,25,2562.8,2556.28,0.254,0,3.766,13,DOWN,1,2,50939,2022-05-08 12:15,6,50940,2022-05-08 12:30,2562.13,0.897,7,-1,1.3,true,50941,2022-05-08 12:45,2555.47,1.77,2.98,false,true,BELOW,false
272,2022-05-08 17:00,2022-05-08 21:45,50958,50977,20,2535.77,2518.47,0.686,0,11.607,35.36,DOWN,1,2,50958,2022-05-08 17:00,0,50959,2022-05-08 17:15,2521.31,0.164,1,-1,1.86,true,50960,2022-05-08 17:30,2509.99,0.54,0.54,true,true,ABOVE,false
273,2022-05-08 22:00,2022-05-09 13:15,50978,51039,62,2556.27,2551.88,0.173,0,12.871,21.8,BYPASS,0,0,,,,,,,,,,,,,,,,,,,BELOW,false
274,2022-05-09 13:30,2022-05-12 13:15,51040,51327,288,2398.98,2383.91,0.621,0,4.967,15.61,DOWN,1,4,51043,2022-05-09 14:15,3,51046,2022-05-09 15:00,2395.71,0.783,6,-1,0.74,true,51047,2022-05-09 15:15,2375.99,6.25,6.77,true,true,BELOW,false
275,2022-05-12 13:30,2022-05-17 17:45,51328,51825,498,1963.28,1933.92,1.529,0,3.024,11.01,UP,1,3,51330,2022-05-12 14:00,2,51332,2022-05-12 14:30,1960.51,0.906,4,-1,1.01,true,51333,2022-05-12 14:45,2025.2,0,1.88,true,true,ABOVE,false
276,2022-05-17 18:00,2022-05-18 06:30,51826,51876,51,2065.52,2056.5,0.442,0,3.598,13,DOWN,1,1,51836,2022-05-17 20:30,10,51836,2022-05-17 20:30,2061.32,0.534,10,-1,0.26,true,51837,2022-05-17 20:45,2053.1,0.38,0.38,true,true,BELOW,false
277,2022-05-18 06:45,2022-05-18 12:30,51877,51900,24,2044.13,2037.37,0.335,0,4.289,12.56,DOWN,1,1,51881,2022-05-18 07:45,4,51881,2022-05-18 07:45,2037.73,0.053,4,-1,0.91,true,51882,2022-05-18 08:00,2033.85,0.83,2.81,true,true,BELOW,false
278,2022-05-18 12:45,2022-05-18 18:45,51901,51925,25,2033.53,2023,0.527,0,5.452,12.19,BYPASS,0,0,,,,,,,,,,,,,,,,,,,BELOW,false
279,2022-05-18 19:00,2022-05-22 21:45,51926,52321,396,1972.9,1961.53,0.575,0,2.492,13.24,UP,1,1,51927,2022-05-18 19:15,1,51927,2022-05-18 19:15,1971.69,0.894,1,-1,0.52,true,51928,2022-05-18 19:30,1978.87,0.83,2.8,true,true,ABOVE,false
280,2022-05-22 22:00,2022-05-25 13:15,52322,52575,254,2019.83,2012.55,0.358,0,5.812,16.71,DOWN,1,1,52406,2022-05-23 19:00,84,52406,2022-05-23 19:00,2015.19,0.363,84,1,2.39,true,52407,2022-05-23 19:15,1994.01,1.83,2.86,false,false,BELOW,false
281,2022-05-25 13:30,2022-05-25 17:45,52576,52593,18,1959.07,1949.17,0.501,0,6.384,10.39,UP,1,5,52587,2022-05-25 16:15,11,52591,2022-05-25 17:15,1957.99,0.891,15,-1,0.33,true,52592,2022-05-25 17:30,1963.97,0.16,0.39,true,true,OVERLAP,false
282,2022-05-25 18:00,2022-05-26 08:00,52594,52650,57,1965.68,1949.17,0.838,1,7.446,13.35,UP,1,10,52599,2022-05-25 19:15,5,52608,2022-05-25 21:30,1963.21,0.85,14,-1,0.57,true,52609,2022-05-25 21:45,1967.14,0.51,0.87,true,true,BELOW,false
283,2022-05-26 08:15,2022-05-26 10:45,52651,52661,11,1926.42,1912.99,0.725,0,7.441,18.95,BYPASS,0,0,,,,,,,,,,,,,,,,,,,BELOW,false
284,2022-05-26 11:00,2022-06-02 12:45,52662,53341,680,1837.72,1830,0.424,0,4.752,15.9,UP,1,1,52674,2022-05-26 14:00,12,52674,2022-05-26 14:00,1835.13,0.665,12,-1,2.24,true,52675,2022-05-26 14:15,1843.54,0,1.03,true,true,OVERLAP,false
285,2022-06-02 13:00,2022-06-02 18:30,53342,53364,23,1837.72,1825.2,0.695,1,7.263,11.41,DOWN,1,1,53344,2022-06-02 13:30,2,53344,2022-06-02 13:30,1825.35,0.012,2,-1,5.48,true,53345,2022-06-02 13:45,1798.34,2.31,2.31,false,true,BELOW,false
286,2022-06-02 18:45,2022-06-02 21:45,53365,53377,13,1820.94,1814.41,0.361,0,2.748,13.6,BYPASS,0,0,,,,,,,,,,,,,,,,,,,ABOVE,false
287,2022-06-02 22:00,2022-06-03 01:15,53378,53391,14,1830,1824.3,0.31,0,8.568,32.24,UP,1,1,53386,2022-06-03 00:00,8,53386,2022-06-03 00:00,1830,1,8,-1,0.91,true,53387,2022-06-03 00:15,1832.99,0.18,0.48,true,true,OVERLAP,false
288,2022-06-03 01:30,2022-06-06 13:15,53392,53727,336,1832.06,1824.3,0.422,1,3.532,11.6,DOWN,1,6,53397,2022-06-03 02:45,5,53402,2022-06-03 04:00,1824.82,0.067,10,-1,1.17,true,53403,2022-06-03 04:15,1823,0.48,2.85,true,true,ABOVE,false
289,2022-06-06 13:30,2022-06-07 22:30,53728,53860,133,1912.91,1903.18,0.51,0,3.543,12.18,DOWN,1,4,53728,2022-06-06 13:30,0,53731,2022-06-06 14:15,1908.93,0.591,3,1,1.25,true,53732,2022-06-06 14:30,1902.75,2.74,3.16,false,false,BELOW,false
290,2022-06-07 22:45,2022-06-08 16:00,53861,53930,70,1843.02,1824.35,1.033,0,5.887,15.59,DOWN,1,3,53874,2022-06-08 02:00,13,53876,2022-06-08 02:30,1828.13,0.202,15,1,0.5,true,53877,2022-06-08 02:45,1823.75,3.32,3.32,false,false,BELOW,false
291,2022-06-08 16:15,2022-06-09 04:45,53931,53981,51,1821.79,1811.54,0.568,0,2.073,10.32,BYPASS,0,0,,,,,,,,,,,,,,,,,,,BELOW,false
292,2022-06-09 05:00,2022-06-09 23:45,53982,54057,76,1798.61,1794.7,0.217,0,4.236,12.95,UP,1,3,53987,2022-06-09 06:15,5,53989,2022-06-09 06:45,1798.23,0.903,7,1,0.59,true,53990,2022-06-09 07:00,1800.26,0,0.23,true,true,BELOW,false
293,2022-06-10 00:00,2022-06-10 02:45,54058,54069,12,1790.47,1786.65,0.215,0,7.748,11.53,BYPASS,0,0,,,,,,,,,,,,,,,,,,,BELOW,false
294,2022-06-10 03:00,2022-06-10 12:15,54070,54107,38,1786.12,1783.1,0.168,0,9.764,16.46,DOWN,1,2,54092,2022-06-10 08:30,22,54093,2022-06-10 08:45,1785.56,0.815,23,-1,1.06,true,54094,2022-06-10 09:00,1779.9,1.17,4.3,false,false,BELOW,false
295,2022-06-10 12:30,2022-06-10 23:00,54108,54150,43,1781.22,1773,0.473,0,13.284,18.36,BYPASS,0,0,,,,,,,,,,,,,,,,,,,BELOW,false
296,2022-06-10 23:15,2022-06-11 08:15,54151,54187,37,1675.98,1670.1,0.353,0,3.503,18.4,UP,1,1,54155,2022-06-11 00:15,4,54155,2022-06-11 00:15,1671.01,0.155,4,-1,0.67,true,54156,2022-06-11 00:30,1679.15,0.25,0.47,true,true,BELOW,false
297,2022-06-11 08:30,2022-06-12 19:00,54188,54326,139,1666.14,1659.64,0.401,0,8.842,13.83,BYPASS,0,0,,,,,,,,,,,,,,,,,,,BELOW,false
298,2022-06-12 19:15,2022-06-14 20:00,54327,54522,196,1516.52,1504.44,0.815,0,4.785,13.7,BYPASS,0,0,,,,,,,,,,,,,,,,,,,BELOW,false
299,2022-06-14 20:15,2022-06-15 16:15,54523,54603,81,1209.86,1202.64,0.612,0,3.941,10.56,DOWN,1,1,54537,2022-06-14 23:45,14,54537,2022-06-14 23:45,1208.32,0.787,14,-1,0.86,true,54538,2022-06-15 00:00,1197.61,1.2,9.53,true,true,BELOW,false
300,2022-06-15 16:30,2022-06-18 06:30,54604,54852,249,1120.9,1104.27,1.543,0,2.473,10.56,DOWN,1,1,54609,2022-06-15 17:45,5,54609,2022-06-15 17:45,1113.8,0.573,5,-1,2.06,true,54610,2022-06-15 18:00,1063,4.37,4.37,true,true,BELOW,false
301,2022-06-18 06:45,2022-06-19 15:15,54853,54983,131,1077.5,1074,0.344,0,27.861,60.03,BYPASS,0,0,,,,,,,,,,,,,,,,,,,BELOW,false
302,2022-06-19 15:30,2022-06-21 17:15,54984,55183,200,1036.77,1027.12,0.916,0,3.335,10.23,BYPASS,0,0,,,,,,,,,,,,,,,,,,,ABOVE,false
303,2022-06-21 17:30,2022-06-26 11:15,55184,55639,456,1169.83,1164.83,0.432,0,2.86,11.34,BYPASS,0,0,,,,,,,,,,,,,,,,,,,ABOVE,false
304,2022-06-26 11:30,2022-06-26 14:45,55640,55653,14,1247.97,1243.48,0.355,0,8.246,17.06,BYPASS,0,0,,,,,,,,,,,,,,,,,,,BELOW,false
305,2022-06-26 15:00,2022-06-27 13:15,55654,55743,90,1231.49,1227.29,0.345,0,6.539,19.01,DOWN,1,2,55659,2022-06-26 16:15,5,55660,2022-06-26 16:30,1230.58,0.783,6,1,0.32,true,55661,2022-06-26 16:45,1224.87,1.47,1.89,false,true,BELOW,false
306,2022-06-27 13:30,2022-06-27 17:45,55744,55761,18,1217.72,1212.76,0.416,0,6.249,15.84,BYPASS,0,0,,,,,,,,,,,,,,,,,,,BELOW,false
307,2022-06-27 18:00,2022-06-27 21:45,55762,55777,16,1189.56,1183.53,0.506,0,5.775,32.4,BYPASS,0,0,,,,,,,,,,,,,,,,,,,ABOVE,false
308,2022-06-27 22:00,2022-06-30 23:30,55778,56072,295,1200.08,1195.17,0.405,0,3.287,10.17,DOWN,1,2,55786,2022-06-28 00:00,8,55787,2022-06-28 00:15,1197.92,0.56,9,-1,0.98,true,55788,2022-06-28 00:30,1178.6,2.94,2.94,false,true,BELOW,false
309,2022-06-30 23:45,2022-07-01 23:30,56073,56168,96,1032.3,1019.98,1.15,0,4.766,14.01,BYPASS,0,0,,,,,,,,,,,,,,,,,,,ABOVE,false
310,2022-07-01 23:45,2022-07-02 18:30,56169,56244,76,1071.65,1069.84,0.171,0,6.888,10.74,BYPASS,0,0,,,,,,,,,,,,,,,,,,,BELOW,false
311,2022-07-02 18:45,2022-07-03 04:30,56245,56284,40,1064.46,1063.07,0.13,0,10.331,29.32,UP,1,1,56248,2022-07-02 19:30,3,56248,2022-07-02 19:30,1063.78,0.511,3,1,1.07,true,56249,2022-07-02 19:45,1065.56,0.35,0.9,true,true,OVERLAP,false
312,2022-07-03 04:45,2022-07-04 02:30,56285,56372,88,1066.55,1063.07,0.325,1,12.546,26.48,DOWN,1,1,56287,2022-07-03 05:15,2,56287,2022-07-03 05:15,1064.96,0.543,2,1,2.23,true,56288,2022-07-03 05:30,1063.05,0.66,1.34,true,true,OVERLAP,false
313,2022-07-04 02:45,2022-07-04 06:30,56373,56388,16,1071.06,1062.97,0.771,2,4.544,16.77,BYPASS,0,0,,,,,,,,,,,,,,,,,,,BELOW,false
314,2022-07-04 06:45,2022-07-06 17:45,56389,56625,237,1055.66,1053.85,0.173,0,4.584,14.26,UP,1,1,56399,2022-07-04 09:15,10,56399,2022-07-04 09:15,1054.64,0.436,10,-1,2.11,true,56400,2022-07-04 09:30,1057.96,0,0,true,true,ABOVE,false
315,2022-07-06 18:00,2022-07-06 21:45,56626,56641,16,1143.11,1137.17,0.52,0,6.527,18,UP,1,1,56626,2022-07-06 18:00,0,56626,2022-07-06 18:00,1141.97,0.808,0,1,3.57,true,56627,2022-07-06 18:15,1148.91,0,0,true,true,ABOVE,false
316,2022-07-06 22:00,2022-07-08 01:00,56642,56750,109,1162.6,1154.74,0.661,0,7.925,17.53,BYPASS,0,0,,,,,,,,,,,,,,,,,,,ABOVE,false
317,2022-07-08 01:15,2022-07-08 23:30,56751,56840,90,1244.95,1239.1,0.459,0,5.113,22.04,DOWN,1,11,56769,2022-07-08 05:45,18,56779,2022-07-08 08:15,1240.56,0.25,28,1,0.83,true,56780,2022-07-08 08:30,1232.68,2.83,3.8,false,false,OVERLAP,false
318,2022-07-08 23:45,2022-07-09 17:15,56841,56911,71,1244.95,1236.36,0.708,1,5.366,13.19,BYPASS,0,0,,,,,,,,,,,,,,,,,,,BELOW,false
319,2022-07-09 17:30,2022-07-11 13:15,56912,57087,176,1222.87,1220.52,0.192,0,4.948,13.81,DOWN,1,1,56917,2022-07-09 18:45,5,56917,2022-07-09 18:45,1222.78,0.962,5,-1,0.75,true,56918,2022-07-09 19:00,1210.08,0.94,1.03,false,true,BELOW,false
320,2022-07-11 13:30,2022-07-12 09:15,57088,57167,80,1152.23,1148.55,0.321,0,4.195,12.12,UP,1,1,57102,2022-07-11 17:00,14,57102,2022-07-11 17:00,1150.44,0.514,14,-1,0.88,true,57103,2022-07-11 17:15,1152.41,1.12,5,true,true,BELOW,false
321,2022-07-12 09:30,2022-07-16 03:45,57168,57529,362,1067.55,1064.28,0.31,0,5.123,10.36,UP,1,4,57175,2022-07-12 11:15,7,57178,2022-07-12 12:00,1066.42,0.654,10,-1,0.58,true,57179,2022-07-12 12:15,1070.69,0.28,0.28,true,true,ABOVE,false
322,2022-07-16 04:00,2022-07-17 17:00,57530,57678,149,1223.56,1220.64,0.24,0,4.489,13.99,DOWN,1,2,57533,2022-07-16 04:45,3,57534,2022-07-16 05:00,1222.23,0.545,4,1,0.42,true,57535,2022-07-16 05:15,1220.11,2.35,2.39,false,false,ABOVE,false
323,2022-07-17 17:15,2022-07-20 10:00,57679,57938,260,1351.42,1343.69,0.564,0,5.893,10.45,DOWN,1,2,57688,2022-07-17 19:30,9,57689,2022-07-17 19:45,1347.02,0.431,10,1,0.27,true,57690,2022-07-17 20:00,1343.1,0.39,0.69,true,true,ABOVE,false
324,2022-07-20 10:15,2022-07-20 16:00,57939,57962,24,1561.96,1547.22,0.924,0,5.42,11.15,BYPASS,0,0,,,,,,,,,,,,,,,,,,,ABOVE,false
325,2022-07-20 16:15,2022-07-20 19:45,57963,57977,15,1596.8,1587.1,0.618,0,2.073,11.72,BYPASS,0,0,,,,,,,,,,,,,,,,,,,BELOW,false
326,2022-07-20 20:00,2022-07-22 19:15,57978,58167,190,1555.8,1546.38,0.624,0,6.949,16.47,DOWN,1,1,57984,2022-07-20 21:30,6,57984,2022-07-20 21:30,1549.8,0.363,6,-1,0.62,true,57985,2022-07-20 21:45,1544.68,2.6,4.16,false,false,ABOVE,false
327,2022-07-22 19:30,2022-07-23 08:30,58168,58220,53,1578.4,1573.72,0.305,0,10.618,20.71,DOWN,1,1,58200,2022-07-23 03:30,32,58200,2022-07-23 03:30,1575.13,0.301,32,-1,1.56,true,58201,2022-07-23 03:45,1570.37,0.65,1.81,true,true,ABOVE,false
328,2022-07-23 08:45,2022-07-24 10:15,58221,58323,103,1584.71,1578.45,0.404,0,7.127,12.71,BYPASS,0,0,,,,,,,,,,,,,,,,,,,ABOVE,false
329,2022-07-24 10:30,2022-07-25 18:45,58324,58453,130,1604.49,1597.86,0.419,0,2.885,12.76,UP,1,1,58350,2022-07-24 17:00,26,58350,2022-07-24 17:00,1602.06,0.633,26,1,0.82,true,58351,2022-07-24 17:15,1607.08,0.46,0.67,true,true,BELOW,false
330,2022-07-25 19:00,2022-07-26 02:45,58454,58485,32,1519.48,1508.53,0.739,0,6.077,21,UP,1,1,58459,2022-07-25 20:15,5,58459,2022-07-25 20:15,1518.36,0.898,5,-1,1.38,true,58460,2022-07-25 20:30,1530.35,2.81,6.48,true,true,BELOW,false
331,2022-07-26 03:00,2022-07-26 11:30,58486,58520,35,1423.47,1417.01,0.457,0,3.372,24.59,UP,1,1,58494,2022-07-26 05:00,8,58494,2022-07-26 05:00,1423.27,0.969,8,-1,0.59,true,58495,2022-07-26 05:15,1425.29,0.35,0.97,true,true,BELOW,false
332,2022-07-26 11:45,2022-07-27 17:45,58521,58641,121,1415.3,1409.35,0.423,0,7.283,21.84,DOWN,1,1,58522,2022-07-26 12:00,1,58522,2022-07-26 12:00,1413.73,0.736,1,-1,3.6,true,58523,2022-07-26 12:15,1399.88,2.86,3.28,false,false,ABOVE,false
333,2022-07-27 18:00,2022-07-28 02:15,58642,58675,34,1506.65,1496,0.693,0,6.298,10.26,BYPASS,0,0,,,,,,,,,,,,,,,,,,,ABOVE,false
334,2022-07-28 02:30,2022-07-28 20:15,58676,58747,72,1613.92,1609.59,0.264,0,5.77,24.15,UP,1,1,58703,2022-07-28 09:15,27,58703,2022-07-28 09:15,1610.78,0.275,27,1,2.34,true,58704,2022-07-28 09:30,1618.42,0,0.91,true,true,ABOVE,false
335,2022-07-28 20:30,2022-07-29 15:45,58748,58825,78,1738.63,1733.4,0.299,0,11.365,25.57,UP,1,1,58754,2022-07-28 22:00,6,58754,2022-07-28 22:00,1734.51,0.212,6,1,0.91,true,58755,2022-07-28 22:15,1748.35,2.2,2.2,true,true,BELOW,false
336,2022-07-29 16:00,2022-07-30 01:30,58826,58864,39,1724.56,1716.95,0.454,0,6.822,14.36,DOWN,1,4,58835,2022-07-29 18:15,9,58838,2022-07-29 19:00,1719.93,0.392,12,-1,0.45,true,58839,2022-07-29 19:15,1716.83,0.49,0.88,true,true,OVERLAP,false
337,2022-07-30 01:45,2022-07-31 10:30,58865,58996,132,1729.4,1716.95,0.723,1,5.866,11.76,DOWN,1,1,58865,2022-07-30 01:45,0,58865,2022-07-30 01:45,1722.79,0.469,0,-1,3.45,true,58866,2022-07-30 02:00,1710.23,1.16,1.65,false,false,BELOW,false
338,2022-07-31 10:45,2022-07-31 17:45,58997,59025,29,1704.5,1699.95,0.265,0,3.068,10.38,UP,1,2,59013,2022-07-31 14:45,16,59014,2022-07-31 15:00,1701.2,0.275,17,-1,0.67,true,59015,2022-07-31 15:15,1707.95,0,0.84,true,true,OVERLAP,false
339,2022-07-31 18:00,2022-08-04 16:30,59026,59404,379,1708.45,1699.95,0.487,1,10.386,33.65,UP,1,2,59028,2022-07-31 18:30,2,59029,2022-07-31 18:45,1706.66,0.789,3,-1,1.07,true,59030,2022-07-31 19:00,1718.72,0,2,true,true,BELOW,false
340,2022-08-04 16:45,2022-08-07 11:30,59405,59672,268,1618.3,1607.11,0.705,0,4.491,14.67,DOWN,1,1,59414,2022-08-04 19:00,9,59414,2022-08-04 19:00,1607.16,0.004,9,-1,0.52,true,59415,2022-08-04 19:15,1604.72,1.38,1.67,false,true,ABOVE,false
341,2022-08-07 11:45,2022-08-08 11:15,59673,59767,95,1683.76,1681.67,0.124,0,9.358,30.57,BYPASS,0,0,,,,,,,,,,,,,,,,,,,ABOVE,false
342,2022-08-08 11:30,2022-08-09 05:45,59768,59841,74,1772.96,1768.09,0.273,0,5.163,22.08,DOWN,1,1,59786,2022-08-08 16:00,18,59786,2022-08-08 16:00,1770.69,0.534,18,1,1.17,true,59787,2022-08-08 16:15,1758.38,0.6,0.6,true,true,ABOVE,false
343,2022-08-09 06:00,2022-08-11 11:30,59842,60056,215,1779.69,1775.65,0.228,0,3.668,15.57,UP,1,1,59845,2022-08-09 06:45,3,59845,2022-08-09 06:45,1778.95,0.817,3,1,1.66,true,59846,2022-08-09 07:00,1784.43,0.46,4.79,true,true,ABOVE,false
344,2022-08-11 11:45,2022-08-12 13:15,60057,60159,103,1897.77,1891.85,0.311,0,3.289,12.59,UP,1,1,60068,2022-08-11 14:30,11,60068,2022-08-11 14:30,1891.89,0.007,11,1,1.66,true,60069,2022-08-11 14:45,1901.54,0.49,0.92,true,true,BELOW,false
345,2022-08-12 13:30,2022-08-12 18:15,60160,60179,20,1884,1877.23,0.359,0,4.912,10.31,UP,1,6,60161,2022-08-12 13:45,1,60166,2022-08-12 15:00,1882.55,0.786,6,1,0.51,true,60167,2022-08-12 15:15,1897.55,0,0,true,true,ABOVE,false
346,2022-08-12 18:30,2022-08-14 11:15,60180,60343,164,1902.58,1897,0.291,0,6.813,16.79,BYPASS,0,0,,,,,,,,,,,,,,,,,,,ABOVE,false
347,2022-08-14 11:30,2022-08-19 06:15,60344,60803,460,2001.3,1997.2,0.207,0,4.625,19.51,UP,1,2,60404,2022-08-15 02:30,60,60405,2022-08-15 02:45,1999.52,0.566,61,-1,1.36,true,60406,2022-08-15 03:00,2010.21,1.18,6.23,true,true,BELOW,false
348,2022-08-19 06:30,2022-08-19 21:30,60804,60864,61,1812,1805.01,0.398,0,10.05,17.1,BYPASS,0,0,,,,,,,,,,,,,,,,,,,BELOW,false
349,2022-08-19 21:45,2022-08-20 04:30,60865,60892,28,1687.48,1683.81,0.223,0,22.685,59.39,BYPASS,0,0,,,,,,,,,,,,,,,,,,,BELOW,false
350,2022-08-20 04:45,2022-08-21 20:30,60893,61052,160,1629.05,1624.75,0.261,0,4.259,14.06,DOWN,1,1,60915,2022-08-20 10:15,22,60915,2022-08-20 10:15,1626.53,0.414,22,-1,0.79,true,60916,2022-08-20 10:30,1623,0.13,0.44,true,true,BELOW,false
351,2022-08-21 20:45,2022-08-23 18:00,61053,61234,182,1618,1612.3,0.353,0,7.386,16.41,UP,1,1,61053,2022-08-21 20:45,0,61053,2022-08-21 20:45,1615.48,0.558,0,1,4.15,true,61054,2022-08-21 21:00,1629.98,2.09,2.09,true,true,ABOVE,false
352,2022-08-23 18:15,2022-08-23 21:45,61235,61249,15,1636.77,1628.95,0.471,0,4.109,12.16,BYPASS,0,0,,,,,,,,,,,,,,,,,,,ABOVE,false
353,2022-08-23 22:00,2022-08-24 21:30,61250,61344,95,1649.1,1642.75,0.383,0,3.175,10.67,DOWN,1,1,61259,2022-08-24 00:15,9,61259,2022-08-24 00:15,1647.5,0.748,9,1,2.05,true,61260,2022-08-24 00:30,1633.92,1.91,2.3,false,false,ABOVE,false
354,2022-08-24 21:45,2022-08-30 18:45,61345,61909,565,1683.24,1675.82,0.444,0,3.095,11,DOWN,1,1,61360,2022-08-25 01:30,15,61360,2022-08-25 01:30,1682.73,0.931,15,1,2.05,true,61361,2022-08-25 01:45,1674.51,0.76,0.76,true,true,BELOW,false
355,2022-08-30 19:00,2022-09-02 02:45,61910,62133,224,1508.91,1496.89,0.775,0,5.941,13.05,BYPASS,0,0,,,,,,,,,,,,,,,,,,,ABOVE,false
356,2022-09-02 03:00,2022-09-02 19:00,62134,62198,65,1578.42,1573.02,0.338,0,6.558,10.13,UP,1,1,62194,2022-09-02 18:00,60,62194,2022-09-02 18:00,1574.44,0.263,60,1,1.49,true,62195,2022-09-02 18:15,1580.61,1.78,1.78,true,true,OVERLAP,false
357,2022-09-02 19:15,2022-09-05 23:15,62199,62503,305,1580.68,1573.02,0.492,1,3.717,10.14,DOWN,1,1,62206,2022-09-02 21:00,7,62206,2022-09-02 21:00,1573.61,0.077,7,-1,0.62,true,62207,2022-09-02 21:15,1571.61,0.35,1.23,true,true,ABOVE,false
358,2022-09-05 23:30,2022-09-06 16:45,62504,62573,70,1603.28,1598.46,0.297,0,6.215,13.21,BYPASS,0,0,,,,,,,,,,,,,,,,,,,ABOVE,false
359,2022-09-06 17:00,2022-09-07 20:00,62574,62682,109,1666.64,1660.16,0.402,0,9.765,33.03,BYPASS,0,0,,,,,,,,,,,,,,,,,,,BELOW,false
360,2022-09-07 20:15,2022-09-08 19:30,62683,62776,94,1573.25,1567.81,0.332,0,12.929,22.05,BYPASS,0,0,,,,,,,,,,,,,,,,,,,ABOVE,false
361,2022-09-08 19:45,2022-09-09 03:00,62777,62806,30,1633.12,1628.23,0.297,0,4.713,21.12,UP,1,4,62787,2022-09-08 22:15,10,62790,2022-09-08 23:00,1631.88,0.746,13,1,0.45,true,62791,2022-09-08 23:15,1634.71,0.2,0.2,true,true,ABOVE,false
362,2022-09-09 03:15,2022-09-09 12:15,62807,62843,37,1640.76,1636.98,0.229,0,7.72,18.33,BYPASS,0,0,,,,,,,,,,,,,,,,,,,ABOVE,false
363,2022-09-09 12:30,2022-09-10 21:30,62844,62976,133,1713.49,1703.64,0.567,0,4.307,11.43,UP,1,2,62847,2022-09-09 13:15,3,62848,2022-09-09 13:30,1713.1,0.96,4,1,1.02,true,62849,2022-09-09 13:45,1720.45,0,0.54,true,true,ABOVE,false
364,2022-09-10 21:45,2022-09-13 00:00,62977,63178,202,1739.4,1733.68,0.327,0,24.462,65.45,UP,1,2,63085,2022-09-12 00:45,108,63086,2022-09-12 01:00,1736.51,0.495,109,1,1.27,true,63087,2022-09-12 01:15,1755.39,0.82,1.48,true,true,BELOW,false
365,2022-09-13 00:15,2022-09-14 11:30,63179,63320,142,1717.14,1706.22,0.651,0,3.492,12.12,DOWN,1,1,63189,2022-09-13 02:45,10,63189,2022-09-13 02:45,1706.81,0.054,10,-1,1.61,true,63190,2022-09-13 03:00,1705.49,0.36,0.52,true,true,BELOW,false
366,2022-09-14 11:45,2022-09-18 02:45,63321,63669,349,1600.4,1594.76,0.354,0,3.324,12.78,DOWN,1,1,63330,2022-09-14 14:00,9,63330,2022-09-14 14:00,1599.53,0.846,9,-1,0.77,true,63331,2022-09-14 14:15,1584.33,1.28,2.74,true,true,BELOW,false
367,2022-09-18 03:00,2022-09-19 02:00,63670,63762,93,1455.99,1453.19,0.193,0,1.837,10.03,DOWN,1,2,63675,2022-09-18 04:15,5,63676,2022-09-18 04:30,1453.43,0.086,6,1,0.58,true,63677,2022-09-18 04:45,1452.7,0.22,2.56,true,true,BELOW,false
368,2022-09-19 02:15,2022-09-19 13:15,63763,63807,45,1341.54,1329.78,0.899,0,6.556,14.35,BYPASS,0,0,,,,,,,,,,,,,,,,,,,BELOW,false
369,2022-09-19 13:30,2022-09-19 21:00,63808,63838,31,1316.56,1310.48,0.457,0,3.413,10.82,BYPASS,0,0,,,,,,,,,,,,,,,,,,,ABOVE,false
370,2022-09-19 21:15,2022-09-20 03:00,63839,63862,24,1361.28,1356.23,0.367,0,8.735,16.35,UP,1,2,63854,2022-09-20 01:00,15,63855,2022-09-20 01:15,1360.2,0.786,16,1,0.99,true,63856,2022-09-20 01:30,1362.87,1.1,1.1,true,true,ABOVE,false
371,2022-09-20 03:15,2022-09-20 13:00,63863,63902,40,1366.59,1363,0.267,0,6.717,18.49,DOWN,1,2,63870,2022-09-20 05:00,7,63871,2022-09-20 05:15,1364.42,0.396,8,1,0.53,true,63872,2022-09-20 05:30,1361.11,0.88,1.45,true,true,BELOW,false
372,2022-09-20 13:15,2022-09-21 17:15,63903,64015,113,1351.77,1346.29,0.41,0,6.519,11.51,UP,1,2,63926,2022-09-20 19:00,23,63927,2022-09-20 19:15,1351.07,0.872,24,1,0.42,true,63928,2022-09-20 19:30,1353.02,1.06,2.62,true,true,OVERLAP,false
373,2022-09-21 17:30,2022-09-21 20:45,64016,64029,14,1351.77,1341.62,0.739,1,6.103,15.69,DOWN,1,1,64023,2022-09-21 19:15,7,64023,2022-09-21 19:15,1345.38,0.37,7,1,1.26,true,64024,2022-09-21 19:30,1328.82,7.05,9.21,false,false,BELOW,false
374,2022-09-21 21:00,2022-09-23 17:45,64030,64209,180,1314.97,1307.38,0.597,0,4.619,13.44,DOWN,1,2,64089,2022-09-22 11:45,59,64090,2022-09-22 12:00,1312.35,0.655,60,1,1.51,true,64091,2022-09-22 12:15,1305.63,3,4.31,true,true,BELOW,false
375,2022-09-23 18:00,2022-09-24 11:00,64210,64278,69,1296.5,1286.19,0.805,0,2.835,16.7,DOWN,1,2,64211,2022-09-23 18:15,1,64212,2022-09-23 18:30,1295.18,0.872,2,-1,0.63,true,64213,2022-09-23 18:45,1281.81,1.05,1.05,true,true,ABOVE,false
376,2022-09-24 11:15,2022-09-28 09:45,64279,64657,379,1326.55,1323.72,0.213,0,3.759,12.29,UP,1,1,64281,2022-09-24 11:45,2,64281,2022-09-24 11:45,1326.21,0.88,2,1,0.73,true,64282,2022-09-24 12:00,1327.24,0,0,true,true,BELOW,false
377,2022-09-28 10:00,2022-09-29 06:45,64658,64741,84,1275.84,1269.19,0.52,0,5.578,11.22,BYPASS,0,0,,,,,,,,,,,,,,,,,,,ABOVE,false
378,2022-09-29 07:00,2022-09-30 00:15,64742,64811,70,1330.29,1326.71,0.271,0,6.42,11.62,UP,1,1,64750,2022-09-29 09:00,8,64750,2022-09-29 09:00,1328.66,0.545,8,1,1.27,true,64751,2022-09-29 09:15,1330.72,0,2.98,true,true,OVERLAP,false
379,2022-09-30 00:30,2022-10-02 18:45,64812,65077,266,1334.28,1326.71,0.57,1,6.512,10.4,UP,1,1,64812,2022-09-30 00:30,0,64812,2022-09-30 00:30,1328.57,0.246,0,-1,7.36,true,64813,2022-09-30 00:45,1336.82,0.18,0.6,true,true,BELOW,false
380,2022-10-02 19:00,2022-10-05 11:15,65078,65335,258,1295.88,1292.46,0.261,0,9.577,19.85,UP,1,1,65086,2022-10-02 21:00,8,65086,2022-10-02 21:00,1295.34,0.842,8,-1,1.98,true,65087,2022-10-02 21:15,1296.59,2,2.47,true,true,ABOVE,false
381,2022-10-05 11:30,2022-10-07 12:00,65336,65530,195,1344.58,1342.8,0.134,0,9.136,21.11,UP,1,1,65373,2022-10-05 20:45,37,65373,2022-10-05 20:45,1344.48,0.944,37,1,0.38,true,65374,2022-10-05 21:00,1346.04,0,0,true,true,ABOVE,false
382,2022-10-07 12:15,2022-10-08 04:15,65531,65595,65,1355.76,1353.65,0.156,0,7.555,16.99,DOWN,1,1,65531,2022-10-07 12:15,0,65531,2022-10-07 12:15,1354.61,0.455,0,-1,7.37,true,65532,2022-10-07 12:30,1336.49,2.21,2.77,false,false,BELOW,false
383,2022-10-08 04:30,2022-10-08 21:15,65596,65663,68,1331.72,1330.24,0.111,0,5.821,24.65,DOWN,1,1,65605,2022-10-08 06:45,9,65605,2022-10-08 06:45,1331.42,0.797,9,-1,2.07,true,65606,2022-10-08 07:00,1327.91,0.56,0.56,false,false,BELOW,false
384,2022-10-08 21:30,2022-10-09 10:15,65664,65715,52,1324.76,1323.59,0.089,0,26.014,65.72,BYPASS,0,0,,,,,,,,,,,,,,,,,,,BELOW,false
385,2022-10-09 10:30,2022-10-10 21:45,65716,65857,142,1317.47,1315.18,0.173,0,6.303,11.43,UP,1,2,65750,2022-10-09 19:00,34,65751,2022-10-09 19:15,1317.16,0.865,35,1,2.33,true,65752,2022-10-09 19:30,1318.17,0,0.14,true,true,BELOW,false
386,2022-10-10 22:00,2022-10-12 12:15,65858,66011,154,1306.62,1303,0.281,0,12.235,13.03,DOWN,1,2,65999,2022-10-12 09:15,141,66000,2022-10-12 09:30,1303.11,0.03,142,1,2.56,true,66001,2022-10-12 09:45,1302.39,0.49,1.53,false,false,BELOW,false
387,2022-10-12 12:30,2022-10-13 10:00,66012,66098,87,1301,1295.35,0.435,0,6.064,24.79,DOWN,1,1,66012,2022-10-12 12:30,0,66012,2022-10-12 12:30,1299.33,0.704,0,1,8.33,true,66013,2022-10-12 12:45,1293.82,0.41,0.67,true,true,BELOW,false
388,2022-10-13 10:15,2022-10-15 18:45,66099,66325,227,1274.85,1270.26,0.37,0,9.437,18.86,UP,1,1,66127,2022-10-13 17:15,28,66127,2022-10-13 17:15,1271.08,0.179,28,-1,0.66,true,66128,2022-10-13 17:30,1274.89,0.02,0.02,true,true,ABOVE,false
389,2022-10-15 19:00,2022-10-18 18:15,66326,66611,286,1285.02,1282.55,0.193,0,3.268,19.7,DOWN,1,1,66352,2022-10-16 01:30,26,66352,2022-10-16 01:30,1282.69,0.057,26,-1,1.58,true,66353,2022-10-16 01:45,1281.88,0.23,0.23,true,true,ABOVE,false
390,2022-10-18 18:30,2022-10-19 00:30,66612,66636,25,1309.16,1306.92,0.173,0,8.026,37.81,UP,1,1,66623,2022-10-18 21:15,11,66623,2022-10-18 21:15,1308.3,0.616,11,-1,0.38,true,66624,2022-10-18 21:30,1310.01,0.06,0.76,true,true,OVERLAP,false
391,2022-10-19 00:45,2022-10-20 04:00,66637,66746,110,1310.4,1306.92,0.268,1,6.028,12.36,BYPASS,0,0,,,,,,,,,,,,,,,,,,,BELOW,false
392,2022-10-20 04:15,2022-10-21 11:45,66747,66873,127,1281.49,1279.23,0.176,0,5.749,13.63,UP,1,2,66819,2022-10-20 22:15,72,66820,2022-10-20 22:30,1279.37,0.062,73,-1,0.48,true,66821,2022-10-20 22:45,1282.41,0.14,0.14,true,true,OVERLAP,false
393,2022-10-21 12:00,2022-10-23 10:45,66874,67061,188,1281.49,1274.22,0.576,1,7.598,13.47,UP,1,3,66878,2022-10-21 13:00,4,66880,2022-10-21 13:30,1279.51,0.728,6,-1,1.87,true,66881,2022-10-21 13:45,1284.89,0,0,true,true,ABOVE,false
394,2022-10-23 11:00,2022-10-23 17:30,67062,67088,27,1309,1308.16,0.064,0,20.402,38.82,BYPASS,0,0,,,,,,,,,,,,,,,,,,,ABOVE,false
395,2022-10-23 17:45,2022-10-25 12:30,67089,67260,172,1318.62,1314.46,0.313,0,4.541,10.81,BYPASS,0,0,,,,,,,,,,,,,,,,,,,ABOVE,false
396,2022-10-25 12:45,2022-10-26 19:45,67261,67385,125,1348.74,1345.61,0.231,0,7.192,17.14,BYPASS,0,0,,,,,,,,,,,,,,,,,,,ABOVE,false
397,2022-10-26 20:00,2022-10-27 19:45,67386,67481,96,1566.37,1560.46,0.379,0,6.655,18.48,DOWN,1,1,67386,2022-10-26 20:00,0,67386,2022-10-26 20:00,1560.93,0.08,0,1,2.61,true,67387,2022-10-26 20:15,1547.05,1.18,1.18,true,true,OVERLAP,false
398,2022-10-27 20:00,2022-10-28 12:15,67482,67547,66,1566.37,1557.64,0.57,1,9.169,15.46,BYPASS,0,0,,,,,,,,,,,,,,,,,,,BELOW,false
399,2022-10-28 12:30,2022-10-29 21:45,67548,67681,134,1500.97,1490.06,0.722,0,6.361,14.72,BYPASS,0,0,,,,,,,,,,,,,,,,,,,ABOVE,false
400,2022-10-29 22:00,2022-10-31 21:45,67682,67873,192,1627,1624.4,0.16,0,4.94,12.44,UP,1,1,67713,2022-10-30 05:45,31,67713,2022-10-30 05:45,1624.61,0.081,31,1,1.34,true,67714,2022-10-30 06:00,1634.29,0.08,2.08,true,true,BELOW,false
401,2022-10-31 22:00,2022-11-01 21:30,67874,67968,95,1563.93,1556.43,0.48,0,5.698,15.32,UP,1,1,67874,2022-10-31 22:00,0,67874,2022-10-31 22:00,1562.99,0.875,0,-1,2.46,true,67875,2022-10-31 22:15,1565.33,0,0,true,true,ABOVE,false
402,2022-11-01 21:45,2022-11-02 04:45,67969,67997,29,1578.6,1574.68,0.249,0,2.57,11.2,UP,1,2,67973,2022-11-01 22:45,4,67974,2022-11-01 23:00,1578.34,0.934,5,-1,1.37,true,67975,2022-11-01 23:15,1581.01,0.21,0.21,true,true,ABOVE,false
403,2022-11-02 05:00,2022-11-03 21:45,67998,68161,164,1590.65,1586.75,0.245,0,5.583,14.55,DOWN,1,2,67999,2022-11-02 05:15,1,68000,2022-11-02 05:30,1588.96,0.567,2,-1,0.84,true,68001,2022-11-02 05:45,1585.5,2.19,3.47,true,true,BELOW,false
404,2022-11-03 22:00,2022-11-04 05:30,68162,68192,31,1543.53,1541.06,0.161,0,3.652,14.73,DOWN,1,2,68178,2022-11-04 02:00,16,68179,2022-11-04 02:15,1542.29,0.498,17,-1,0.92,true,68180,2022-11-04 02:30,1539.61,0.26,0.26,true,true,ABOVE,false
405,2022-11-04 05:45,2022-11-06 01:30,68193,68368,176,1552.35,1548.12,0.271,0,5.125,13.26,BYPASS,0,0,,,,,,,,,,,,,,,,,,,ABOVE,false
406,2022-11-06 01:45,2022-11-06 15:45,68369,68425,57,1630.22,1625.91,0.267,0,7.365,15.39,UP,1,2,68398,2022-11-06 09:00,29,68399,2022-11-06 09:15,1629.47,0.826,30,-1,0.68,true,68400,2022-11-06 09:30,1632.01,1.17,1.17,true,true,OVERLAP,false
407,2022-11-06 16:00,2022-11-07 19:00,68426,68534,109,1630.32,1622.31,0.495,1,5.049,12.34,DOWN,1,1,68428,2022-11-06 16:30,2,68428,2022-11-06 16:30,1624.08,0.221,2,-1,1.03,true,68429,2022-11-06 16:45,1620.88,1.27,2.05,false,false,BELOW,false
408,2022-11-07 19:15,2022-11-08 02:30,68535,68564,30,1590.76,1587.63,0.196,0,2.669,10.78,BYPASS,0,0,,,,,,,,,,,,,,,,,,,BELOW,false
409,2022-11-08 02:45,2022-11-09 15:15,68565,68711,147,1574.11,1570.21,0.254,0,14.838,34.45,BYPASS,0,0,,,,,,,,,,,,,,,,,,,BELOW,false
410,2022-11-09 15:30,2022-11-10 17:15,68712,68815,104,1237.75,1220.76,1.455,0,3.8,12.38,BYPASS,0,0,,,,,,,,,,,,,,,,,,,ABOVE,false
411,2022-11-10 17:30,2022-11-15 13:15,68816,69279,464,1319.8,1306.2,1.086,0,5.166,13.47,UP,1,2,68834,2022-11-10 22:00,18,68835,2022-11-10 22:15,1314.44,0.606,19,1,0.22,true,68836,2022-11-10 22:30,1321.35,1.84,6.68,true,true,BELOW,false
412,2022-11-15 13:30,2022-11-18 13:00,69280,69566,287,1272.96,1267.29,0.444,0,8.004,16.98,DOWN,1,2,69282,2022-11-15 14:00,2,69283,2022-11-15 14:15,1272.87,0.984,3,1,1.09,true,69284,2022-11-15 14:30,1263.2,0.74,2.74,true,true,BELOW,false
413,2022-11-18 13:15,2022-11-19 21:45,69567,69697,131,1219.23,1216.77,0.201,0,3.023,10.71,UP,1,2,69569,2022-11-18 13:45,2,69570,2022-11-18 14:00,1219.04,0.923,3,1,0.65,true,69571,2022-11-18 14:15,1220.91,0.89,1.41,false,false,BELOW,false
414,2022-11-19 22:00,2022-11-20 08:15,69698,69739,42,1211.2,1210.22,0.08,0,12.758,15.18,BYPASS,0,0,,,,,,,,,,,,,,,,,,,ABOVE,false
415,2022-11-20 08:30,2022-11-20 19:30,69740,69784,45,1220,1218.06,0.161,0,14.069,35.89,BYPASS,0,0,,,,,,,,,,,,,,,,,,,BELOW,false
416,2022-11-20 19:45,2022-11-21 07:15,69785,69831,47,1175.83,1174.65,0.1,0,7.688,16.88,BYPASS,0,0,,,,,,,,,,,,,,,,,,,BELOW,false
417,2022-11-21 07:30,2022-11-23 02:00,69832,70002,171,1131.84,1128.5,0.299,0,3.852,10.88,DOWN,1,2,69864,2022-11-21 15:30,32,69865,2022-11-21 15:45,1129.8,0.389,33,-1,0.57,true,69866,2022-11-21 16:00,1124.53,3.32,4.54,false,false,OVERLAP,false
418,2022-11-23 02:15,2022-11-23 22:45,70003,70085,83,1134.58,1128.5,0.525,1,6.767,16.67,BYPASS,0,0,,,,,,,,,,,,,,,,,,,ABOVE,false
419,2022-11-23 23:00,2022-11-25 13:45,70086,70241,156,1174.87,1168.51,0.54,0,2.606,12.3,UP,1,2,70206,2022-11-25 05:00,120,70207,2022-11-25 05:15,1174.46,0.936,121,-1,0.89,true,70208,2022-11-25 05:30,1175.29,0,0,true,true,ABOVE,false
420,2022-11-25 14:00,2022-11-26 04:30,70242,70300,59,1190.79,1188.02,0.234,0,4.579,13.81,DOWN,1,2,70246,2022-11-25 15:00,4,70247,2022-11-25 15:15,1190.17,0.776,5,-1,0.5,true,70248,2022-11-25 15:30,1187.45,0.51,0.51,true,true,ABOVE,false
421,2022-11-26 04:45,2022-11-26 14:15,70301,70339,39,1219.41,1214.81,0.376,0,2.331,10.14,UP,1,14,70306,2022-11-26 06:00,5,70319,2022-11-26 09:15,1218.86,0.88,18,1,0.57,true,70320,2022-11-26 09:30,1220.6,0,0.81,true,true,ABOVE,false
422,2022-11-26 14:30,2022-11-27 22:45,70340,70469,130,1222.39,1220.59,0.147,0,7.379,17.75,DOWN,1,1,70340,2022-11-26 14:30,0,70340,2022-11-26 14:30,1222.23,0.911,0,1,6.96,true,70341,2022-11-26 14:45,1213.36,1.28,1.61,false,false,BELOW,false
423,2022-11-27 23:00,2022-11-28 14:15,70470,70531,62,1217.1,1214.82,0.189,0,8.344,12.33,BYPASS,0,0,,,,,,,,,,,,,,,,,,,BELOW,false
424,2022-11-28 14:30,2022-11-28 23:45,70532,70569,38,1170.77,1168.13,0.225,0,8.521,14.93,UP,1,1,70540,2022-11-28 16:30,8,70540,2022-11-28 16:30,1168.61,0.182,8,-1,1.77,true,70541,2022-11-28 16:45,1176.64,0.1,0.29,true,true,OVERLAP,false
425,2022-11-29 00:00,2022-11-29 18:30,70570,70644,75,1170.77,1167.03,0.322,1,8.406,10.99,BYPASS,0,0,,,,,,,,,,,,,,,,,,,ABOVE,false
426,2022-11-29 18:45,2022-11-30 00:15,70645,70667,23,1208.44,1206.41,0.167,0,5.109,17.2,BYPASS,0,0,,,,,,,,,,,,,,,,,,,ABOVE,false
427,2022-11-30 00:30,2022-12-01 13:15,70668,70815,148,1219.9,1212.36,0.592,0,11.263,21.22,BYPASS,0,0,,,,,,,,,,,,,,,,,,,ABOVE,false
428,2022-12-01 13:30,2022-12-02 23:45,70816,70953,138,1288.65,1285.09,0.277,0,7.53,10.52,UP,1,1,70903,2022-12-02 11:15,87,70903,2022-12-02 11:15,1285.62,0.149,87,-1,3.58,true,70904,2022-12-02 11:30,1291.23,1.49,1.49,true,true,ABOVE,false
429,2022-12-03 00:00,2022-12-03 05:45,70954,70977,24,1296,1290.18,0.45,0,3.844,12.1,DOWN,1,4,70954,2022-12-03 00:00,0,70957,2022-12-03 00:45,1290.91,0.125,3,1,0.54,true,70958,2022-12-03 01:00,1287.5,0.52,0.77,false,false,BELOW,false
430,2022-12-03 06:00,2022-12-04 08:00,70978,71082,105,1289.3,1287.01,0.179,0,3.551,10.05,BYPASS,0,0,,,,,,,,,,,,,,,,,,,BELOW,false
431,2022-12-04 08:15,2022-12-04 17:30,71083,71120,38,1257.21,1254.41,0.222,0,3.709,11.09,UP,1,3,71089,2022-12-04 09:45,6,71091,2022-12-04 10:15,1256.89,0.886,8,-1,0.63,true,71092,2022-12-04 10:30,1258.17,0.46,0.46,true,true,OVERLAP,false
432,2022-12-04 17:45,2022-12-05 14:45,71121,71205,85,1258.43,1254.41,0.317,1,6.614,10.96,BYPASS,0,0,,,,,,,,,,,,,,,,,,,ABOVE,false
433,2022-12-05 15:00,2022-12-06 22:45,71206,71333,128,1286.97,1283.18,0.299,0,10.358,16.3,BYPASS,0,0,,,,,,,,,,,,,,,,,,,BELOW,false
434,2022-12-06 23:00,2022-12-07 03:00,71334,71350,17,1254.06,1251.43,0.208,0,8.294,21.64,BYPASS,0,0,,,,,,,,,,,,,,,,,,,ABOVE,false
435,2022-12-07 03:15,2022-12-09 17:45,71351,71601,251,1265,1263.1,0.151,0,2.35,12.89,DOWN,1,1,71355,2022-12-07 04:15,4,71355,2022-12-07 04:15,1263.45,0.184,4,1,0.66,true,71356,2022-12-07 04:30,1261.77,0.74,3.65,false,false,ABOVE,false
436,2022-12-09 18:00,2022-12-10 23:15,71602,71719,118,1273.96,1272.65,0.103,0,8.265,16.23,DOWN,1,1,71684,2022-12-10 14:30,82,71684,2022-12-10 14:30,1272.76,0.084,82,-1,3.24,true,71685,2022-12-10 14:45,1271.05,0.19,0.56,true,true,BELOW,false
437,2022-12-10 23:30,2022-12-11 18:30,71720,71796,77,1270.06,1267.53,0.2,0,4.22,13.34,DOWN,1,1,71723,2022-12-11 00:15,3,71723,2022-12-11 00:15,1268.13,0.237,3,1,1.25,true,71724,2022-12-11 00:30,1266.6,0.11,0.11,true,true,ABOVE,false
438,2022-12-11 18:45,2022-12-12 02:30,71797,71828,32,1274.41,1273.35,0.083,0,7.617,20.19,DOWN,1,2,71800,2022-12-11 19:30,3,71801,2022-12-11 19:45,1273.79,0.415,4,1,1.25,true,71802,2022-12-11 20:00,1270.24,0.93,1.83,false,false,BELOW,false
439,2022-12-12 02:45,2022-12-12 20:30,71829,71900,72,1257.19,1255.13,0.166,0,14.82,50.12,DOWN,1,1,71860,2022-12-12 10:30,31,71860,2022-12-12 10:30,1255.71,0.282,31,-1,1.52,true,71861,2022-12-12 10:45,1254.49,0.99,0.99,true,true,BELOW,false
440,2022-12-12 20:45,2022-12-13 09:30,71901,71952,52,1255.08,1253.73,0.107,0,8.331,13.54,BYPASS,0,0,,,,,,,,,,,,,,,,,,,ABOVE,false
441,2022-12-13 09:45,2022-12-16 06:45,71953,72229,277,1268.11,1265.77,0.183,0,4.608,15.45,UP,1,1,72201,2022-12-15 23:45,248,72201,2022-12-15 23:45,1266.26,0.209,248,-1,0.84,true,72202,2022-12-16 00:00,1268.21,0,0,true,true,ABOVE,false
442,2022-12-16 07:00,2022-12-16 22:15,72230,72291,62,1270.98,1269.18,0.141,0,5.145,15.79,BYPASS,0,0,,,,,,,,,,,,,,,,,,,BELOW,false
443,2022-12-16 22:30,2022-12-17 17:15,72292,72367,76,1197.44,1191.7,0.486,0,6.713,11.06,BYPASS,0,0,,,,,,,,,,,,,,,,,,,BELOW,false
444,2022-12-17 17:30,2022-12-18 09:00,72368,72430,63,1177.33,1175.32,0.171,0,3.789,12.6,UP,1,1,72371,2022-12-17 18:15,3,72371,2022-12-17 18:15,1176.36,0.517,3,-1,1.18,true,72372,2022-12-17 18:30,1177.54,0.07,0.07,true,true,ABOVE,false
445,2022-12-18 09:15,2022-12-18 17:45,72431,72465,35,1186.82,1185.17,0.14,0,7.669,13.61,BYPASS,0,0,,,,,,,,,,,,,,,,,,,BELOW,false
446,2022-12-18 18:00,2022-12-19 22:15,72466,72579,114,1177.95,1176,0.165,0,16.889,65.67,UP,1,1,72504,2022-12-19 03:30,38,72504,2022-12-19 03:30,1176.51,0.262,38,1,1.33,true,72505,2022-12-19 03:45,1178.58,0,0,true,true,BELOW,false
447,2022-12-19 22:30,2022-12-20 11:00,72580,72630,51,1175.83,1171.13,0.405,0,9.656,13.93,UP,1,3,72588,2022-12-20 00:30,8,72590,2022-12-20 01:00,1172.46,0.283,10,-1,0.8,true,72591,2022-12-20 01:15,1176.69,0,0,true,true,ABOVE,false
448,2022-12-20 11:15,2022-12-21 22:45,72631,72773,143,1209.69,1206.92,0.229,0,6.672,18.93,UP,1,2,72642,2022-12-20 14:00,11,72643,2022-12-20 14:15,1209.14,0.801,12,1,0.9,true,72644,2022-12-20 14:30,1209.9,0.43,0.43,true,true,OVERLAP,false
449,2022-12-21 23:00,2022-12-22 20:00,72774,72858,85,1211,1206.92,0.336,1,5.873,18.31,UP,1,2,72798,2022-12-22 05:00,24,72799,2022-12-22 05:15,1210.75,0.939,25,1,0.95,true,72800,2022-12-22 05:30,1211.43,0,0,true,true,BELOW,false
450,2022-12-22 20:15,2022-12-23 02:30,72859,72884,26,1196.58,1193.36,0.264,0,10.716,24.47,BYPASS,0,0,,,,,,,,,,,,,,,,,,,ABOVE,false
451,2022-12-23 02:45,2022-12-23 07:45,72885,72905,21,1218.62,1217.18,0.118,0,3.904,11.93,BYPASS,0,0,,,,,,,,,,,,,,,,,,,ABOVE,false
452,2022-12-23 08:00,2022-12-25 05:00,72906,73086,181,1221.96,1221.21,0.062,0,8.04,20.39,UP,1,1,72915,2022-12-23 10:15,9,72915,2022-12-23 10:15,1221.37,0.213,9,1,1.99,true,72916,2022-12-23 10:30,1222.29,0.06,1.05,true,true,BELOW,false
453,2022-12-25 05:15,2022-12-25 14:15,73087,73123,37,1218.66,1218.17,0.04,0,11.077,13.27,DOWN,1,1,73089,2022-12-25 05:45,2,73089,2022-12-25 05:45,1218.49,0.653,2,1,0.9,true,73090,2022-12-25 06:00,1218.04,0.08,0.18,true,true,BELOW,false
454,2022-12-25 14:30,2022-12-25 18:45,73124,73141,18,1217.89,1217.12,0.064,0,59.468,96.75,BYPASS,0,0,,,,,,,,,,,,,,,,,,,BELOW,false
455,2022-12-25 19:00,2022-12-26 10:15,73142,73203,62,1209.9,1208.08,0.151,0,16.761,57,DOWN,1,1,73145,2022-12-25 19:45,3,73145,2022-12-25 19:45,1209.03,0.522,3,-1,1.09,true,73146,2022-12-25 20:00,1206.84,0.4,0.4,true,true,ABOVE,false
456,2022-12-26 10:30,2022-12-27 07:15,73204,73287,84,1219.78,1219.26,0.043,0,7.819,11.42,DOWN,1,1,73210,2022-12-26 12:00,6,73210,2022-12-26 12:00,1219.29,0.058,6,1,0.73,true,73211,2022-12-26 12:15,1218.86,0.76,0.76,true,true,ABOVE,false
457,2022-12-27 07:30,2022-12-27 14:15,73288,73315,28,1223.5,1222.14,0.111,0,2.997,13.2,BYPASS,0,0,,,,,,,,,,,,,,,,,,,BELOW,false
458,2022-12-27 14:30,2022-12-27 21:30,73316,73344,29,1218.35,1216.82,0.126,0,17.246,36.7,BYPASS,0,0,,,,,,,,,,,,,,,,,,,BELOW,false
459,2022-12-27 21:45,2022-12-28 02:45,73345,73365,21,1209.31,1208.23,0.089,0,2.991,11.42,DOWN,1,2,73361,2022-12-28 01:45,16,73362,2022-12-28 02:00,1208.23,0,17,-1,1.05,true,73363,2022-12-28 02:15,1206.89,2.01,2.01,false,false,BELOW,false
460,2022-12-28 03:00,2022-12-28 21:00,73366,73438,73,1207.87,1205.55,0.195,0,18.232,22.6,BYPASS,0,0,,,,,,,,,,,,,,,,,,,BELOW,false
461,2022-12-28 21:15,2022-12-29 09:00,73439,73486,48,1194.3,1191.62,0.225,0,7.235,22.83,DOWN,1,4,73453,2022-12-29 00:45,14,73456,2022-12-29 01:30,1192.74,0.418,17,-1,0.42,true,73457,2022-12-29 01:45,1190.99,0.45,0.45,true,true,OVERLAP,false
462,2022-12-29 09:15,2022-12-30 14:15,73487,73603,117,1194.3,1191.16,0.262,1,5.62,16.29,UP,1,1,73532,2022-12-29 20:30,45,73532,2022-12-29 20:30,1194.23,0.978,45,1,3.22,true,73533,2022-12-29 20:45,1196.2,0,0,true,true,OVERLAP,false
463,2022-12-30 14:30,2022-12-30 20:45,73604,73629,26,1194.3,1190.82,0.292,2,6.098,10.27,DOWN,1,1,73604,2022-12-30 14:30,0,73604,2022-12-30 14:30,1191.86,0.299,0,-1,4.17,true,73605,2022-12-30 14:45,1189.09,0.32,0.32,true,true,ABOVE,false
464,2022-12-30 21:00,2023-01-01 17:00,73630,73806,177,1197.11,1195.26,0.154,0,5.046,16.8,DOWN,1,11,73645,2022-12-31 00:45,15,73655,2022-12-31 03:15,1195.79,0.286,25,1,1.29,true,73656,2022-12-31 03:30,1194.94,0.15,0.42,true,true,OVERLAP,false
465,2023-01-01 17:15,2023-01-02 06:45,73807,73861,55,1198.7,1195.26,0.287,1,4.577,10.55,DOWN,1,6,73835,2023-01-02 00:15,28,73840,2023-01-02 01:30,1195.59,0.096,33,1,0.84,true,73841,2023-01-02 01:45,1194.55,0.13,0.13,true,true,ABOVE,false
466,2023-01-02 07:00,2023-01-07 05:45,73862,74337,476,1200.95,1199.98,0.08,0,5.344,10.93,BYPASS,0,0,,,,,,,,,,,,,,,,,,,ABOVE,false
467,2023-01-07 06:00,2023-01-08 00:15,74338,74411,74,1264,1263.52,0.038,0,6.072,11.29,UP,1,1,74339,2023-01-07 06:15,1,74339,2023-01-07 06:15,1263.52,0,1,1,1.12,true,74340,2023-01-07 06:30,1264.1,0,0.24,true,true,OVERLAP,false
468,2023-01-08 00:30,2023-01-08 15:30,74412,74472,61,1264,1262.6,0.111,1,7.563,10.03,DOWN,1,3,74432,2023-01-08 05:30,20,74434,2023-01-08 06:00,1262.64,0.029,22,-1,0.96,true,74435,2023-01-08 06:15,1262.39,0.08,0.17,true,true,ABOVE,false
469,2023-01-08 15:45,2023-01-08 22:45,74473,74501,29,1267.68,1265.67,0.158,0,8.892,13.89,DOWN,1,2,74478,2023-01-08 17:00,5,74479,2023-01-08 17:15,1265.97,0.149,6,1,0.92,true,74480,2023-01-08 17:30,1264.92,0.24,0.24,false,true,OVERLAP,false
470,2023-01-08 23:00,2023-01-11 15:15,74502,74759,258,1270.28,1265.67,0.359,1,16.584,57.3,BYPASS,0,0,,,,,,,,,,,,,,,,,,,ABOVE,false
471,2023-01-11 15:30,2023-01-11 21:45,74760,74785,26,1333.87,1331,0.217,0,7.274,16.42,BYPASS,0,0,,,,,,,,,,,,,,,,,,,ABOVE,false
472,2023-01-11 22:00,2023-01-12 17:00,74786,74862,77,1342.5,1340.02,0.185,0,12.123,24.43,UP,1,1,74786,2023-01-11 22:00,0,74786,2023-01-11 22:00,1342.11,0.843,0,1,6.5,true,74787,2023-01-11 22:15,1347.5,0,0,true,true,ABOVE,false
473,2023-01-12 17:15,2023-01-14 14:15,74863,75043,181,1388.4,1384.72,0.263,0,4.189,21.21,BYPASS,0,0,,,,,,,,,,,,,,,,,,,ABOVE,false
474,2023-01-14 14:30,2023-01-14 22:15,75044,75075,32,1535.45,1532.15,0.217,0,11.989,22.48,DOWN,1,3,75054,2023-01-14 17:00,10,75056,2023-01-14 17:30,1532.72,0.173,12,1,0.6,true,75057,2023-01-14 17:45,1530.18,0.39,0.39,true,true,ABOVE,false
475,2023-01-14 22:30,2023-01-16 07:45,75076,75209,134,1543.34,1539.42,0.253,0,6.057,10.42,UP,1,1,75141,2023-01-15 14:45,65,75141,2023-01-15 14:45,1540.9,0.378,65,-1,2.14,true,75142,2023-01-15 15:00,1547.62,0,0.42,true,true,ABOVE,false
476,2023-01-16 08:00,2023-01-17 13:45,75210,75329,120,1566.9,1562.71,0.272,0,9.347,26.12,UP,1,1,75252,2023-01-16 18:30,42,75252,2023-01-16 18:30,1563.22,0.122,42,-1,0.84,true,75253,2023-01-16 18:45,1573.39,0,0.39,true,true,ABOVE,false
477,2023-01-17 14:00,2023-01-18 02:15,75330,75379,50,1572.16,1569,0.199,0,10.475,19.75,DOWN,1,1,75337,2023-01-17 15:45,7,75337,2023-01-17 15:45,1571.38,0.753,7,1,0.99,true,75338,2023-01-17 16:00,1566.15,0.23,0.23,true,true,ABOVE,false
478,2023-01-18 02:30,2023-01-18 13:15,75380,75423,44,1580.3,1575,0.335,0,4.781,11.9,UP,1,1,75400,2023-01-18 07:30,20,75400,2023-01-18 07:30,1579.91,0.926,20,1,0.87,true,75401,2023-01-18 07:45,1583.24,0.27,0.27,true,true,OVERLAP,false
479,2023-01-18 13:30,2023-01-20 14:15,75424,75619,196,1583.22,1575,0.518,1,9.786,18.63,DOWN,1,1,75432,2023-01-18 15:30,8,75432,2023-01-18 15:30,1578.22,0.392,8,1,2.31,true,75433,2023-01-18 15:45,1550.09,4.69,4.69,false,false,BELOW,false
480,2023-01-20 14:30,2023-01-22 07:45,75620,75785,166,1556.54,1552.87,0.235,0,5.312,15.5,BYPASS,0,0,,,,,,,,,,,,,,,,,,,ABOVE,false
481,2023-01-22 08:00,2023-01-24 08:45,75786,75981,196,1628.91,1627.25,0.102,0,3.175,14.49,DOWN,1,1,75796,2023-01-22 10:30,10,75796,2023-01-22 10:30,1627.41,0.096,10,-1,1.06,true,75797,2023-01-22 10:45,1626,0.52,0.66,true,true,ABOVE,false
482,2023-01-24 09:00,2023-01-24 13:15,75982,75999,18,1637.5,1635.1,0.147,0,12.062,30.91,BYPASS,0,0,,,,,,,,,,,,,,,,,,,BELOW,false
483,2023-01-24 13:30,2023-01-24 21:30,76000,76032,33,1631.17,1627.5,0.227,0,5.871,14.35,BYPASS,0,0,,,,,,,,,,,,,,,,,,,BELOW,false
484,2023-01-24 21:45,2023-01-25 19:45,76033,76121,89,1616.4,1614.37,0.127,0,16.882,36.13,BYPASS,0,0,,,,,,,,,,,,,,,,,,,BELOW,false
485,2023-01-25 20:00,2023-01-26 10:30,76122,76180,59,1562.28,1558.67,0.228,0,6.716,16.14,BYPASS,0,0,,,,,,,,,,,,,,,,,,,ABOVE,false
486,2023-01-26 10:45,2023-01-26 13:15,76181,76191,11,1608.01,1602.45,0.347,0,5.448,11.91,DOWN,1,1,76181,2023-01-26 10:45,0,76181,2023-01-26 10:45,1602.76,0.056,0,1,2.98,true,76182,2023-01-26 11:00,1600.11,0.15,1.67,true,true,ABOVE,false
487,2023-01-26 13:30,2023-01-28 12:45,76192,76381,190,1613.11,1608.88,0.263,0,6.03,10.03,UP,1,1,76192,2023-01-26 13:30,0,76192,2023-01-26 13:30,1610.78,0.449,0,1,6.81,true,76193,2023-01-26 13:45,1618,1.64,2.06,true,true,BELOW,false
488,2023-01-28 13:00,2023-01-29 18:15,76382,76499,118,1584.81,1581.06,0.239,0,7.863,15.7,UP,1,2,76428,2023-01-29 00:30,46,76429,2023-01-29 00:45,1584.31,0.867,47,-1,1.72,true,76430,2023-01-29 01:00,1608.38,0,0,true,true,ABOVE,false
489,2023-01-29 18:30,2023-01-30 06:15,76500,76547,48,1618.05,1613.8,0.261,0,11.754,10.5,BYPASS,0,0,,,,,,,,,,,,,,,,,,,ABOVE,false
490,2023-01-30 06:30,2023-01-30 18:45,76548,76597,50,1637.2,1634.48,0.167,0,5.998,12.36,BYPASS,0,0,,,,,,,,,,,,,,,,,,,BELOW,false
491,2023-01-30 19:00,2023-02-04 12:45,76598,77053,456,1579.51,1574.57,0.319,0,12.396,22.44,DOWN,1,1,76626,2023-01-31 02:00,28,76626,2023-01-31 02:00,1575.71,0.231,28,-1,0.85,true,76627,2023-01-31 02:15,1574.04,0.54,0.86,false,true,ABOVE,false
492,2023-02-04 13:00,2023-02-06 05:00,77054,77214,161,1667.73,1661.39,0.376,0,7.421,15.14,UP,1,2,77096,2023-02-04 23:30,42,77097,2023-02-04 23:45,1666.44,0.797,43,1,2.28,true,77098,2023-02-05 00:00,1668.82,0.24,0.28,true,true,BELOW,false
493,2023-02-06 05:15,2023-02-06 22:45,77215,77285,71,1625.53,1624.3,0.076,0,5.9,10.27,UP,1,1,77221,2023-02-06 06:45,6,77221,2023-02-06 06:45,1624.97,0.545,6,-1,0.67,true,77222,2023-02-06 07:00,1627.78,0,0.12,true,true,ABOVE,false
494,2023-02-06 23:00,2023-02-10 19:15,77286,77655,370,1636.82,1632,0.298,0,10.766,14.55,DOWN,1,5,77303,2023-02-07 03:15,17,77307,2023-02-07 04:15,1635.08,0.639,21,-1,0.87,true,77308,2023-02-07 04:30,1631.53,0.09,0.25,true,true,BELOW,false
495,2023-02-10 19:30,2023-02-15 11:15,77656,78103,448,1526.77,1523.04,0.243,0,4.679,13.27,DOWN,1,1,77708,2023-02-11 08:30,52,77708,2023-02-11 08:30,1524.07,0.276,52,-1,4.25,true,77709,2023-02-11 08:45,1522.06,0.53,0.64,true,true,ABOVE,false
496,2023-02-15 11:30,2023-02-16 06:30,78104,78180,77,1556.65,1552.97,0.234,0,11.216,14.44,BYPASS,0,0,,,,,,,,,,,,,,,,,,,ABOVE,false
497,2023-02-16 06:45,2023-02-16 13:15,78181,78207,27,1697.3,1694.5,0.166,0,3.703,11.16,BYPASS,0,0,,,,,,,,,,,,,,,,,,,BELOW,false
498,2023-02-16 13:30,2023-02-17 06:45,78208,78277,70,1689.48,1684.56,0.292,0,4.752,12.2,UP,1,2,78214,2023-02-16 15:00,6,78215,2023-02-16 15:15,1688.05,0.709,7,1,1.61,true,78216,2023-02-16 15:30,1712.77,0,1,true,true,BELOW,false
499,2023-02-17 07:00,2023-02-18 06:30,78278,78372,95,1657.39,1653.3,0.246,0,2.487,10.66,UP,1,4,78281,2023-02-17 07:45,3,78284,2023-02-17 08:30,1654.92,0.396,6,-1,2.42,true,78285,2023-02-17 08:45,1664.91,0,0.47,true,true,ABOVE,false
500,2023-02-18 06:45,2023-02-21 21:00,78373,78718,346,1699.69,1697.83,0.11,0,4.708,12.12,DOWN,1,1,78397,2023-02-18 12:45,24,78397,2023-02-18 12:45,1698.39,0.301,24,1,1.72,true,78398,2023-02-18 13:00,1696.83,0.44,0.62,false,true,BELOW,false
501,2023-02-21 21:15,2023-02-22 13:45,78719,78785,67,1670.64,1660.8,0.601,0,6.419,10.33,DOWN,1,2,78730,2023-02-22 00:00,11,78731,2023-02-22 00:15,1661.95,0.117,12,-1,0.67,true,78732,2023-02-22 00:30,1656.25,2.46,2.46,false,false,BELOW,false
502,2023-02-22 14:00,2023-02-22 18:45,78786,78805,20,1648.5,1645.18,0.203,0,6.455,14.58,BYPASS,0,0,,,,,,,,,,,,,,,,,,,BELOW,false
503,2023-02-22 19:00,2023-02-23 11:00,78806,78870,65,1616.14,1609.29,0.423,0,7.832,17.07,UP,1,2,78808,2023-02-22 19:30,2,78809,2023-02-22 19:45,1615.16,0.857,3,-1,0.55,true,78810,2023-02-22 20:00,1616.92,0.02,0.02,true,true,ABOVE,false
504,2023-02-23 11:15,2023-02-24 19:15,78871,78999,129,1667.45,1664.04,0.208,0,9.138,17.45,DOWN,1,1,78883,2023-02-23 14:15,12,78883,2023-02-23 14:15,1664.1,0.018,12,1,0.77,true,78884,2023-02-23 14:30,1655.09,1.17,1.99,false,false,BELOW,false
505,2023-02-24 19:30,2023-02-25 05:00,79000,79038,39,1595.66,1592.16,0.219,0,6.123,15.05,UP,1,1,79000,2023-02-24 19:30,0,79000,2023-02-24 19:30,1595.24,0.88,0,-1,1.18,true,79001,2023-02-24 19:45,1610.08,0,0,true,true,ABOVE,false
506,2023-02-25 05:15,2023-03-01 19:30,79039,79480,442,1600.93,1598.52,0.151,0,3.205,12.92,DOWN,1,1,79043,2023-02-25 06:15,4,79043,2023-02-25 06:15,1598.88,0.149,4,-1,0.61,true,79044,2023-02-25 06:30,1598.43,0.02,0.27,true,true,ABOVE,false
507,2023-03-01 19:45,2023-03-02 18:15,79481,79571,91,1652.37,1649.32,0.187,0,6.92,11.21,UP,1,1,79491,2023-03-01 22:15,10,79491,2023-03-01 22:15,1649.99,0.22,10,1,1.16,true,79492,2023-03-01 22:30,1654.43,0,0.36,true,true,BELOW,false
508,2023-03-02 18:30,2023-03-02 22:00,79572,79586,15,1626.37,1623.89,0.152,0,3.952,18.45,BYPASS,0,0,,,,,,,,,,,,,,,,,,,ABOVE,false
509,2023-03-02 22:15,2023-03-03 18:15,79587,79667,81,1643.64,1639.2,0.269,0,3.588,12.38,DOWN,1,4,79595,2023-03-03 00:15,8,79598,2023-03-03 01:00,1641.5,0.518,11,1,0.62,true,79599,2023-03-03 01:15,1598.76,6.37,6.37,false,false,BELOW,false
510,2023-03-03 18:30,2023-03-06 19:00,79668,79958,291,1571.75,1566.51,0.336,0,5.708,13.37,UP,1,5,79686,2023-03-03 23:00,18,79690,2023-03-04 00:00,1569.5,0.571,22,-1,1.03,true,79691,2023-03-04 00:15,1572.49,0,0.3,true,true,ABOVE,false
511,2023-03-06 19:15,2023-03-07 14:45,79959,80037,79,1574,1572.3,0.109,0,12.054,38.64,DOWN,1,1,79985,2023-03-07 01:45,26,79985,2023-03-07 01:45,1573.29,0.582,26,1,1.48,true,79986,2023-03-07 02:00,1571.85,0.09,0.34,true,true,BELOW,false
512,2023-03-07 15:00,2023-03-12 17:00,80038,80526,489,1564.34,1561.28,0.198,0,17.093,19.81,DOWN,1,1,80048,2023-03-07 17:30,10,80048,2023-03-07 17:30,1561.71,0.141,10,-1,0.44,true,80049,2023-03-07 17:45,1560.93,0.89,1.23,false,true,BELOW,false
513,2023-03-12 17:15,2023-03-14 04:45,80527,80669,143,1463.69,1460.59,0.206,0,19.54,26.71,BYPASS,0,0,,,,,,,,,,,,,,,,,,,ABOVE,false
514,2023-03-14 05:00,2023-03-15 21:45,80670,80833,164,1675,1670.1,0.29,0,12.591,24.46,DOWN,1,1,80671,2023-03-14 05:15,1,80671,2023-03-14 05:15,1671.91,0.369,1,1,3.99,true,80672,2023-03-14 05:30,1668.21,0.31,0.9,true,true,BELOW,false
515,2023-03-15 22:00,2023-03-19 14:45,80834,81189,356,1654.47,1649.71,0.286,0,3.51,11.72,DOWN,1,1,80836,2023-03-15 22:30,2,80836,2023-03-15 22:30,1650.34,0.132,2,-1,1.01,true,80837,2023-03-15 22:45,1647.89,0.69,1.07,true,true,ABOVE,false
516,2023-03-19 15:00,2023-03-20 02:15,81190,81235,46,1787.8,1783.11,0.262,0,13.011,18.35,BYPASS,0,0,,,,,,,,,,,,,,,,,,,BELOW,false
517,2023-03-20 02:30,2023-03-20 13:15,81236,81279,44,1779.19,1772.33,0.391,0,7.434,14.11,UP,1,1,81264,2023-03-20 09:30,28,81264,2023-03-20 09:30,1776.58,0.62,28,-1,1.31,true,81265,2023-03-20 09:45,1779.32,0.4,1.2,true,true,OVERLAP,false
518,2023-03-20 13:30,2023-03-23 14:30,81280,81572,293,1779.19,1771.44,0.44,1,6.158,12.05,DOWN,1,1,81285,2023-03-20 14:45,5,81285,2023-03-20 14:45,1772.92,0.191,5,-1,0.89,true,81286,2023-03-20 15:00,1765.75,1.49,1.77,false,false,BELOW,false
519,2023-03-23 14:45,2023-03-24 11:30,81573,81656,84,1751.82,1745.94,0.326,0,12.321,26.05,BYPASS,0,0,,,,,,,,,,,,,,,,,,,ABOVE,false
520,2023-03-24 11:45,2023-03-26 08:15,81657,81835,179,1788.58,1784.62,0.227,0,17.324,49.53,BYPASS,0,0,,,,,,,,,,,,,,,,,,,BELOW,false
521,2023-03-26 08:30,2023-03-26 13:15,81836,81855,20,1752.55,1750.06,0.14,0,38.196,90.46,BYPASS,0,0,,,,,,,,,,,,,,,,,,,ABOVE,false
522,2023-03-26 13:30,2023-03-27 05:30,81856,81920,65,1776.25,1772.25,0.224,0,10.574,23.99,UP,1,3,81891,2023-03-26 22:15,35,81893,2023-03-26 22:45,1775.42,0.793,37,1,1.08,true,81894,2023-03-26 23:00,1776.78,0.08,0.84,true,true,BELOW,false
523,2023-03-27 05:45,2023-03-27 09:00,81921,81934,14,1761.14,1759.03,0.121,0,9.354,26.58,BYPASS,0,0,,,,,,,,,,,,,,,,,,,BELOW,false
524,2023-03-27 09:15,2023-03-28 18:30,81935,82068,134,1756,1753.77,0.127,0,3.618,11.49,DOWN,1,1,81949,2023-03-27 12:45,14,81949,2023-03-27 12:45,1755.58,0.812,14,-1,2.66,true,81950,2023-03-27 13:00,1753.64,3.98,3.98,true,true,BELOW,false
525,2023-03-28 18:45,2023-03-30 07:15,82069,82215,147,1749.85,1738.94,0.614,0,7.243,10.66,BYPASS,0,0,,,,,,,,,,,,,,,,,,,ABOVE,false
526,2023-03-30 07:30,2023-03-31 12:15,82216,82331,116,1799.6,1794.51,0.282,0,4.913,13.03,UP,1,5,82220,2023-03-30 08:30,4,82224,2023-03-30 09:30,1797.72,0.631,8,1,0.7,true,82225,2023-03-30 09:45,1799.77,0,0.69,true,true,OVERLAP,false
527,2023-03-31 12:30,2023-04-02 14:45,82332,82533,202,1799.6,1790.52,0.502,1,14.732,26,BYPASS,0,0,,,,,,,,,,,,,,,,,,,ABOVE,false
528,2023-04-02 15:00,2023-04-02 19:15,82534,82551,18,1815.34,1812,0.186,0,18.407,25.73,BYPASS,0,0,,,,,,,,,,,,,,,,,,,BELOW,false
529,2023-04-02 19:30,2023-04-03 01:15,82552,82575,24,1795.23,1792.13,0.174,0,7.382,12.8,DOWN,1,3,82565,2023-04-02 22:45,13,82567,2023-04-02 23:15,1792.13,0,15,-1,0.48,true,82568,2023-04-02 23:30,1791.77,1.61,1.72,true,true,BELOW,false
530,2023-04-03 01:30,2023-04-03 07:45,82576,82601,26,1788.39,1783.92,0.253,0,6.945,19.38,UP,1,2,82597,2023-04-03 06:45,21,82598,2023-04-03 07:00,1787.2,0.734,22,-1,2.18,true,82599,2023-04-03 07:15,1791.11,0,0,true,true,ABOVE,false
531,2023-04-03 08:00,2023-04-03 17:15,82602,82639,38,1794.92,1789,0.328,0,4.409,12.06,UP,1,2,82629,2023-04-03 14:45,27,82630,2023-04-03 15:00,1789.77,0.13,28,1,1.38,true,82631,2023-04-03 15:15,1796,0,1.22,true,true,OVERLAP,false
532,2023-04-03 17:30,2023-04-04 10:45,82640,82709,70,1796.77,1789,0.432,1,4.525,14.46,DOWN,1,2,82651,2023-04-03 20:15,11,82652,2023-04-03 20:30,1790.79,0.23,12,1,0.93,true,82653,2023-04-03 20:45,1779.16,1.22,1.22,true,true,ABOVE,false
533,2023-04-04 11:00,2023-04-06 05:15,82710,82879,170,1834.42,1829.24,0.278,0,13.417,16.04,BYPASS,0,0,,,,,,,,,,,,,,,,,,,ABOVE,false
534,2023-04-06 05:30,2023-04-07 22:15,82880,83043,164,1893.62,1891.6,0.107,0,8.145,27.18,BYPASS,0,0,,,,,,,,,,,,,,,,,,,BELOW,false
535,2023-04-07 22:30,2023-04-08 17:30,83044,83120,77,1856.67,1853.76,0.156,0,15.008,27.88,UP,1,4,83052,2023-04-08 00:30,8,83055,2023-04-08 01:15,1856.56,0.962,11,-1,0.5,true,83056,2023-04-08 01:30,1859.69,0,0,true,true,ABOVE,false
536,2023-04-08 17:45,2023-04-09 18:30,83121,83220,100,1867.33,1864.5,0.152,0,6.697,14.18,BYPASS,0,0,,,,,,,,,,,,,,,,,,,BELOW,false
537,2023-04-09 18:45,2023-04-10 21:45,83221,83329,109,1844,1840.03,0.214,0,8.357,12.4,BYPASS,0,0,,,,,,,,,,,,,,,,,,,ABOVE,false
538,2023-04-10 22:00,2023-04-11 19:00,83330,83414,85,1888.44,1886.12,0.122,0,19.522,21.94,BYPASS,0,0,,,,,,,,,,,,,,,,,,,ABOVE,false
539,2023-04-11 19:15,2023-04-12 12:15,83415,83483,69,1905.92,1901.13,0.251,0,4.266,12.7,BYPASS,0,0,,,,,,,,,,,,,,,,,,,BELOW,false
540,2023-04-12 12:30,2023-04-13 08:15,83484,83563,80,1873.54,1865.49,0.426,0,6.064,12.63,BYPASS,0,0,,,,,,,,,,,,,,,,,,,ABOVE,false
541,2023-04-13 08:30,2023-04-16 18:30,83564,83892,329,1925.93,1918.77,0.368,0,12.699,19.62,BYPASS,0,0,,,,,,,,,,,,,,,,,,,ABOVE,false
542,2023-04-16 18:45,2023-04-18 11:15,83893,84055,163,2105.12,2102.44,0.126,0,13.397,19.4,DOWN,1,1,83924,2023-04-17 02:30,31,83924,2023-04-17 02:30,2104.4,0.731,31,1,1.16,true,83925,2023-04-17 02:45,2099.31,0.54,0.77,false,false,OVERLAP,false
543,2023-04-18 11:30,2023-04-19 06:00,84056,84130,75,2106.04,2102,0.191,1,7.023,16.2,DOWN,1,1,84066,2023-04-18 14:00,10,84066,2023-04-18 14:00,2104.18,0.54,10,1,1.78,true,84067,2023-04-18 14:15,2095.59,0.71,1.6,false,false,BELOW,false
544,2023-04-19 06:15,2023-04-19 07:45,84131,84137,7,2090.07,2084.15,0.285,0,3.869,10.14,BYPASS,0,0,,,,,,,,,,,,,,,,,,,BELOW,false
545,2023-04-19 08:00,2023-04-19 19:45,84138,84185,48,2073.49,2068.43,0.25,0,17.905,13.86,BYPASS,0,0,,,,,,,,,,,,,,,,,,,BELOW,false
546,2023-04-19 20:00,2023-04-19 21:00,84186,84190,5,1980.21,1976.39,0.193,0,1.846,10.1,DOWN,1,3,84187,2023-04-19 20:15,1,84189,2023-04-19 20:45,1978.81,0.634,3,-1,0.23,true,84190,2023-04-19 21:00,1975.02,1.56,2.8,false,false,OVERLAP,false
547,2023-04-19 21:15,2023-04-21 05:30,84191,84320,130,1980.21,1972.67,0.385,1,10.152,13.7,DOWN,1,1,84193,2023-04-19 21:45,2,84193,2023-04-19 21:45,1974.2,0.203,2,-1,1.18,true,84194,2023-04-19 22:00,1972.2,2.62,2.62,false,false,BELOW,false
548,2023-04-21 05:45,2023-04-21 17:00,84321,84366,46,1939.34,1935.1,0.22,0,4.162,10.06,BYPASS,0,0,,,,,,,,,,,,,,,,,,,BELOW,false
549,2023-04-21 17:15,2023-04-22 14:30,84367,84452,86,1901.5,1896.01,0.292,0,10.367,16.33,BYPASS,0,0,,,,,,,,,,,,,,,,,,,BELOW,false
550,2023-04-22 14:45,2023-04-24 13:15,84453,84639,187,1855.7,1851.93,0.202,0,6.729,11.83,UP,1,1,84492,2023-04-23 00:30,39,84492,2023-04-23 00:30,1853.75,0.483,39,1,7.37,true,84493,2023-04-23 00:45,1856.34,0.18,0.18,true,true,BELOW,false
551,2023-04-24 13:30,2023-04-24 16:30,84640,84652,13,1851.86,1847.2,0.25,0,8.397,13.82,DOWN,1,1,84646,2023-04-24 15:00,6,84646,2023-04-24 15:00,1850.7,0.751,6,-1,0.68,true,84647,2023-04-24 15:15,1839.41,2.23,2.23,false,false,BELOW,false
552,2023-04-24 16:45,2023-04-26 02:45,84653,84789,137,1842.23,1835.9,0.349,0,8.092,11.27,DOWN,1,2,84666,2023-04-24 20:00,13,84667,2023-04-24 20:15,1836.99,0.172,14,-1,0.5,true,84668,2023-04-24 20:30,1834.65,0.51,0.51,true,true,ABOVE,false
553,2023-04-26 03:00,2023-04-26 05:45,84790,84801,12,1868,1865.73,0.122,0,3.127,13.49,DOWN,1,1,84790,2023-04-26 03:00,0,84790,2023-04-26 03:00,1865.75,0.009,0,1,0.97,true,84791,2023-04-26 03:15,1862.29,0.25,0.45,true,true,OVERLAP,false
554,2023-04-26 06:00,2023-04-26 12:00,84802,84826,25,1869,1865.73,0.175,1,5.749,11.24,DOWN,1,1,84802,2023-04-26 06:00,0,84802,2023-04-26 06:00,1867.68,0.596,0,1,3.22,true,84803,2023-04-26 06:15,1863.56,0.45,0.45,true,true,ABOVE,false
555,2023-04-26 12:15,2023-04-29 13:00,84827,85118,292,1916.48,1913.36,0.161,0,7.315,18.21,DOWN,1,1,84878,2023-04-27 01:00,51,84878,2023-04-27 01:00,1913.69,0.106,51,-1,0.75,true,84879,2023-04-27 01:15,1904.98,1.28,2.17,false,false,BELOW,false
556,2023-04-29 13:15,2023-04-29 17:15,85119,85135,17,1897.96,1895.52,0.128,0,5.347,12.04,BYPASS,0,0,,,,,,,,,,,,,,,,,,,ABOVE,false
557,2023-04-29 17:30,2023-05-04 10:00,85136,85586,451,1904.32,1901.5,0.149,0,11.809,11.09,DOWN,1,14,85144,2023-04-29 19:30,8,85157,2023-04-29 22:45,1902.85,0.479,21,1,0.49,true,85158,2023-04-29 23:00,1900.71,0.24,0.52,true,true,OVERLAP,false
558,2023-05-04 10:15,2023-05-05 01:15,85587,85647,61,1904.32,1901.18,0.165,1,1.911,11.42,UP,1,3,85592,2023-05-04 11:30,5,85594,2023-05-04 12:00,1903.52,0.745,7,1,1,true,85595,2023-05-04 12:15,1904.36,1.28,1.64,false,false,BELOW,false
559,2023-05-05 01:30,2023-05-06 07:45,85648,85769,122,1879.45,1876.04,0.179,0,14.782,19.11,BYPASS,0,0,,,,,,,,,,,,,,,,,,,ABOVE,false
560,2023-05-06 08:00,2023-05-07 00:30,85770,85836,67,1960.1,1955.91,0.216,0,11.801,22.98,BYPASS,0,0,,,,,,,,,,,,,,,,,,,BELOW,false
561,2023-05-07 00:45,2023-05-07 23:30,85837,85928,92,1896.62,1893.12,0.184,0,5.206,15.43,DOWN,1,1,85843,2023-05-07 02:15,6,85843,2023-05-07 02:15,1895.81,0.769,6,-1,2,true,85844,2023-05-07 02:30,1892.62,0.36,0.36,true,true,ABOVE,false
562,2023-05-07 23:45,2023-05-09 00:45,85929,86029,101,1911.95,1902,0.532,0,8.732,14.07,BYPASS,0,0,,,,,,,,,,,,,,,,,,,BELOW,false
563,2023-05-09 01:00,2023-05-10 05:45,86030,86145,116,1842.2,1840.01,0.119,0,4.9,18.85,UP,1,1,86035,2023-05-09 02:15,5,86035,2023-05-09 02:15,1841.41,0.639,5,-1,1.63,true,86036,2023-05-09 02:30,1842.3,0.05,0.54,true,true,ABOVE,false
564,2023-05-10 06:00,2023-05-10 16:45,86146,86189,44,1843.79,1842.23,0.085,0,7.531,13.34,BYPASS,0,0,,,,,,,,,,,,,,,,,,,ABOVE,false
565,2023-05-10 17:00,2023-05-11 02:45,86190,86229,40,1874.3,1871.4,0.156,0,8.553,23.37,BYPASS,0,0,,,,,,,,,,,,,,,,,,,BELOW,false
566,2023-05-11 03:00,2023-05-12 05:30,86230,86336,107,1832.48,1830.31,0.119,0,6.823,15.17,DOWN,1,1,86241,2023-05-11 05:45,11,86241,2023-05-11 05:45,1831.39,0.498,11,-1,1.25,true,86242,2023-05-11 06:00,1829.68,1.34,1.34,true,true,BELOW,false
567,2023-05-12 05:45,2023-05-14 05:45,86337,86529,193,1766,1761.07,0.282,0,11.441,17.96,DOWN,1,1,86348,2023-05-12 08:30,11,86348,2023-05-12 08:30,1762.02,0.193,11,-1,0.78,true,86349,2023-05-12 08:45,1759.75,0.08,0.08,true,true,ABOVE,false
568,2023-05-14 06:00,2023-05-14 14:45,86530,86565,36,1803.4,1801.07,0.129,0,6.232,20.91,DOWN,1,10,86538,2023-05-14 08:00,8,86547,2023-05-14 10:15,1801.71,0.275,17,-1,0.79,true,86548,2023-05-14 10:30,1800.96,0.26,0.26,true,true,ABOVE,false
569,2023-05-14 15:00,2023-05-14 18:00,86566,86578,13,1808.85,1804.23,0.255,0,7.071,18.73,DOWN,1,1,86573,2023-05-14 16:45,7,86573,2023-05-14 16:45,1806.61,0.515,7,1,0.91,true,86574,2023-05-14 17:00,1803.96,0.6,0.76,true,true,OVERLAP,false
570,2023-05-14 18:15,2023-05-17 07:30,86579,86824,246,1808.85,1803.45,0.3,1,7.179,14.67,UP,1,1,86607,2023-05-15 01:15,28,86607,2023-05-15 01:15,1807.6,0.769,28,-1,5.7,true,86608,2023-05-15 01:30,1818.46,0,0,true,true,ABOVE,false
571,2023-05-17 07:45,2023-05-17 11:00,86825,86838,14,1819.26,1814,0.291,0,7.295,12.39,BYPASS,0,0,,,,,,,,,,,,,,,,,,,BELOW,false
572,2023-05-17 11:15,2023-05-18 17:15,86839,86959,121,1805,1801.07,0.219,0,7.772,13.91,UP,1,3,86861,2023-05-17 16:45,22,86863,2023-05-17 17:15,1804.2,0.796,24,-1,0.42,true,86864,2023-05-17 17:30,1806.39,0,0,true,true,ABOVE,false
573,2023-05-18 17:30,2023-05-21 15:15,86960,87239,280,1810.35,1806.84,0.196,0,5.377,11.17,DOWN,1,3,86979,2023-05-18 22:15,19,86981,2023-05-18 22:45,1807.94,0.313,21,-1,0.2,true,86982,2023-05-18 23:00,1806.01,0.53,0.62,false,false,ABOVE,false
574,2023-05-21 15:30,2023-05-21 20:45,87240,87261,22,1813.33,1811.87,0.081,0,8.457,13.31,BYPASS,0,0,,,,,,,,,,,,,,,,,,,BELOW,false
575,2023-05-21 21:00,2023-05-22 00:15,87262,87275,14,1808.84,1804.03,0.267,0,5.825,12.15,DOWN,1,5,87268,2023-05-21 22:30,6,87272,2023-05-21 23:30,1805.33,0.27,10,-1,0.61,true,87273,2023-05-21 23:45,1803.89,0.72,0.74,true,true,OVERLAP,false
576,2023-05-22 00:30,2023-05-22 13:15,87276,87327,52,1808.84,1800.57,0.46,1,3.655,11.41,DOWN,1,5,87284,2023-05-22 02:30,8,87288,2023-05-22 03:30,1802.22,0.2,12,-1,0.71,true,87289,2023-05-22 03:45,1800.2,0.04,0.04,true,true,ABOVE,false
577,2023-05-22 13:30,2023-05-24 02:45,87328,87477,150,1813.86,1811.92,0.106,0,12.486,20.06,UP,1,1,87335,2023-05-22 15:15,7,87335,2023-05-22 15:15,1813.59,0.861,7,1,0.77,true,87336,2023-05-22 15:30,1816.32,0,0,true,true,ABOVE,false
578,2023-05-24 03:00,2023-05-25 18:45,87478,87637,160,1846,1844.66,0.073,0,6.626,11.35,BYPASS,0,0,,,,,,,,,,,,,,,,,,,BELOW,false
579,2023-05-25 19:00,2023-05-26 12:15,87638,87707,70,1805.4,1802.51,0.159,0,5.576,10.86,UP,1,3,87656,2023-05-25 23:30,18,87658,2023-05-26 00:00,1804.54,0.702,20,1,0.82,true,87659,2023-05-26 00:15,1806.85,0.36,0.36,true,true,ABOVE,false
580,2023-05-26 12:30,2023-05-28 11:00,87708,87894,187,1815.97,1812.75,0.178,0,8.735,10.34,UP,1,1,87709,2023-05-26 12:45,1,87709,2023-05-26 12:45,1813.79,0.323,1,1,1.22,true,87710,2023-05-26 13:00,1817.99,0,0,true,true,ABOVE,false
581,2023-05-28 11:15,2023-05-28 21:30,87895,87936,42,1846.2,1844.75,0.079,0,4.032,14.12,DOWN,1,1,87895,2023-05-28 11:15,0,87895,2023-05-28 11:15,1845.39,0.441,0,1,4.11,true,87896,2023-05-28 11:30,1843.07,0.45,0.49,false,true,ABOVE,false
582,2023-05-28 21:45,2023-05-29 10:30,87937,87988,52,1857.85,1853.83,0.215,0,6.588,14.49,BYPASS,0,0,,,,,,,,,,,,,,,,,,,ABOVE,false
583,2023-05-29 10:45,2023-05-29 22:45,87989,88037,49,1903.12,1901.22,0.1,0,7.669,12.67,DOWN,1,3,87991,2023-05-29 11:15,2,87993,2023-05-29 11:45,1902.87,0.868,4,1,0.62,true,87994,2023-05-29 12:00,1900.53,0.33,1.54,false,false,BELOW,false
584,2023-05-29 23:00,2023-05-30 03:00,88038,88054,17,1891.66,1890.11,0.082,0,7.672,15.13,DOWN,1,2,88041,2023-05-29 23:45,3,88042,2023-05-30 00:00,1891,0.574,4,-1,1.17,true,88043,2023-05-30 00:15,1888.23,0.53,0.53,true,true,ABOVE,false
585,2023-05-30 03:15,2023-05-31 01:45,88055,88145,91,1900,1896.75,0.171,0,9.835,14.39,DOWN,1,3,88057,2023-05-30 03:45,2,88059,2023-05-30 04:15,1898.95,0.677,4,-1,0.86,true,88060,2023-05-30 04:30,1895.79,0.26,0.26,true,true,ABOVE,false
586,2023-05-31 02:00,2023-06-01 02:30,88146,88244,99,1905.83,1901.74,0.216,0,12.896,25.66,BYPASS,0,0,,,,,,,,,,,,,,,,,,,BELOW,false
587,2023-06-01 02:45,2023-06-02 18:30,88245,88404,160,1874.28,1868.94,0.288,0,12.233,38.97,DOWN,1,10,88302,2023-06-01 17:00,57,88311,2023-06-01 19:15,1869,0.011,66,1,0.46,true,88312,2023-06-01 19:30,1865.09,0.23,1.23,true,true,ABOVE,false
588,2023-06-02 18:45,2023-06-03 19:30,88405,88504,100,1895.58,1889.32,0.328,0,6.646,10.74,DOWN,1,9,88494,2023-06-03 17:00,89,88502,2023-06-03 19:00,1891.06,0.278,97,-1,0.34,true,88503,2023-06-03 19:15,1889.11,0.57,0.57,true,true,OVERLAP,false
589,2023-06-03 19:45,2023-06-06 04:30,88505,88732,228,1895.58,1888.5,0.376,1,9.162,13.79,DOWN,1,1,88513,2023-06-03 21:45,8,88513,2023-06-03 21:45,1888.98,0.068,8,-1,0.19,true,88514,2023-06-03 22:00,1888.39,0.01,0.28,true,true,BELOW,false
590,2023-06-06 04:45,2023-06-07 08:45,88733,88845,113,1813.73,1812.15,0.087,0,2.992,10.19,UP,1,3,88740,2023-06-06 06:30,7,88742,2023-06-06 07:00,1813.31,0.734,9,-1,0.6,true,88743,2023-06-06 07:15,1814.75,0.09,0.89,true,true,ABOVE,false
591,2023-06-07 09:00,2023-06-09 02:00,88846,89010,165,1876.07,1873.21,0.153,0,5.032,14.66,BYPASS,0,0,,,,,,,,,,,,,,,,,,,BELOW,false
592,2023-06-09 02:15,2023-06-10 16:45,89011,89165,155,1843.81,1840.12,0.201,0,4.311,11.88,UP,1,13,89037,2023-06-09 08:45,26,89049,2023-06-09 11:45,1843.11,0.81,38,-1,1.09,true,89050,2023-06-09 12:00,1844.24,0,0.21,true,true,BELOW,false
593,2023-06-10 17:00,2023-06-11 13:30,89166,89248,83,1736.99,1731.46,0.318,0,4.757,16.03,UP,1,1,89171,2023-06-10 18:15,5,89171,2023-06-10 18:15,1735,0.64,5,-1,3.04,true,89172,2023-06-10 18:30,1742.66,0.01,0.01,true,true,ABOVE,false
594,2023-06-11 13:45,2023-06-12 02:00,89249,89298,50,1748.04,1746,0.117,0,5.221,13.87,UP,1,1,89259,2023-06-11 16:15,10,89259,2023-06-11 16:15,1747.19,0.583,10,-1,4.54,true,89260,2023-06-11 16:30,1755.27,0,0.33,true,true,OVERLAP,false
595,2023-06-12 02:15,2023-06-12 08:45,89299,89325,27,1748.04,1743.58,0.258,1,12.884,38.27,DOWN,1,1,89315,2023-06-12 06:15,16,89315,2023-06-12 06:15,1744.02,0.099,16,-1,1.03,true,89316,2023-06-12 06:30,1742.13,0.68,0.68,true,true,OVERLAP,false
596,2023-06-12 09:00,2023-06-13 08:30,89326,89420,95,1748.04,1740.39,0.437,2,5.067,10.21,UP,1,1,89329,2023-06-12 09:45,3,89329,2023-06-12 09:45,1747.46,0.924,3,-1,0.93,true,89330,2023-06-12 10:00,1751.96,0,0.84,true,true,ABOVE,false
597,2023-06-13 08:45,2023-06-13 17:45,89421,89457,37,1752.95,1749.72,0.184,0,3.129,10.05,DOWN,1,3,89421,2023-06-13 08:45,0,89423,2023-06-13 09:15,1750.82,0.341,2,1,1.04,true,89424,2023-06-13 09:30,1747.32,0.21,1.55,true,true,BELOW,false
598,2023-06-13 18:00,2023-06-14 19:45,89458,89561,104,1736.7,1734.98,0.099,0,8.013,19.05,DOWN,1,1,89474,2023-06-13 22:00,16,89474,2023-06-13 22:00,1736.33,0.785,16,-1,0.6,true,89475,2023-06-13 22:15,1733.42,0.15,0.15,true,true,BELOW,false
599,2023-06-14 20:00,2023-06-16 14:30,89562,89732,171,1730.6,1726.81,0.225,0,19.44,15.15,BYPASS,0,0,,,,,,,,,,,,,,,,,,,BELOW,false
600,2023-06-16 14:45,2023-06-17 05:15,89733,89791,59,1665.78,1661.62,0.249,0,12.769,25.87,BYPASS,0,0,,,,,,,,,,,,,,,,,,,ABOVE,false
601,2023-06-17 05:30,2023-06-17 11:00,89792,89814,23,1726.53,1725.16,0.078,0,16.58,26.87,BYPASS,0,0,,,,,,,,,,,,,,,,,,,ABOVE,false
602,2023-06-17 11:15,2023-06-17 15:00,89815,89830,16,1744,1742,0.115,0,4.948,13.62,BYPASS,0,0,,,,,,,,,,,,,,,,,,,BELOW,false
603,2023-06-17 15:15,2023-06-18 19:45,89831,89945,115,1735.66,1731.89,0.218,0,7.539,11.15,DOWN,1,1,89831,2023-06-17 15:15,0,89831,2023-06-17 15:15,1732.19,0.08,0,1,7.09,true,89832,2023-06-17 15:30,1727.46,0.57,0.64,false,false,ABOVE,false
604,2023-06-18 20:00,2023-06-18 22:45,89946,89957,12,1740.76,1738.72,0.118,0,20.35,53.63,BYPASS,0,0,,,,,,,,,,,,,,,,,,,BELOW,false
605,2023-06-18 23:00,2023-06-19 16:15,89958,90027,70,1725.31,1721.37,0.229,0,9.468,13.67,DOWN,1,2,89962,2023-06-19 00:00,4,89963,2023-06-19 00:15,1723.72,0.596,5,-1,0.63,true,89964,2023-06-19 00:30,1720.68,0.47,0.47,true,true,BELOW,false
606,2023-06-19 16:30,2023-06-22 10:45,90028,90293,266,1718.15,1716.22,0.113,0,20.192,29.91,UP,1,1,90029,2023-06-19 16:45,1,90029,2023-06-19 16:45,1716.78,0.29,1,-1,1.16,true,90030,2023-06-19 17:00,1725.11,0.84,0.84,true,true,ABOVE,false
607,2023-06-22 11:00,2023-06-23 01:45,90294,90353,60,1908.42,1904.2,0.223,0,8.501,11.89,BYPASS,0,0,,,,,,,,,,,,,,,,,,,BELOW,false
608,2023-06-23 02:00,2023-06-23 19:15,90354,90423,70,1878.99,1875,0.214,0,6.241,16.14,UP,1,3,90356,2023-06-23 02:30,2,90358,2023-06-23 03:00,1878.07,0.769,4,-1,0.4,true,90359,2023-06-23 03:15,1880.76,0,0.06,true,true,ABOVE,false
609,2023-06-23 19:30,2023-06-26 05:00,90424,90654,231,1912.43,1906.14,0.332,0,6.966,16.53,DOWN,1,2,90555,2023-06-25 04:15,131,90556,2023-06-25 04:30,1906.88,0.118,132,-1,2.68,true,90557,2023-06-25 04:45,1906.06,0.16,0.16,true,true,BELOW,false
610,2023-06-26 05:15,2023-06-27 13:45,90655,90785,131,1876.96,1874.85,0.113,0,3.054,19.65,UP,1,1,90657,2023-06-26 05:45,2,90657,2023-06-26 05:45,1876.85,0.948,2,-1,0.35,true,90658,2023-06-26 06:00,1877.01,0,0.19,true,true,OVERLAP,false
611,2023-06-27 14:00,2023-06-28 02:30,90786,90836,51,1879.73,1874.04,0.303,1,8.919,21.72,DOWN,1,1,90790,2023-06-27 15:00,4,90790,2023-06-27 15:00,1875.74,0.299,4,1,1.45,true,90791,2023-06-27 15:15,1871.33,0.8,0.8,true,true,BELOW,false
612,2023-06-28 02:45,2023-06-29 06:45,90837,90949,113,1871.57,1868.46,0.167,0,10.843,35.11,DOWN,1,1,90848,2023-06-28 05:30,11,90848,2023-06-28 05:30,1868.66,0.064,11,-1,0.49,true,90849,2023-06-28 05:45,1866.8,1.15,1.15,false,false,BELOW,false
613,2023-06-29 07:00,2023-06-30 13:15,90950,91071,122,1838.81,1837,0.098,0,5.261,12.74,BYPASS,0,0,,,,,,,,,,,,,,,,,,,ABOVE,false
614,2023-06-30 13:30,2023-07-02 11:30,91072,91256,185,1907.19,1901.7,0.295,0,13.462,19.99,BYPASS,0,0,,,,,,,,,,,,,,,,,,,ABOVE,false
615,2023-07-02 11:45,2023-07-04 01:00,91257,91406,150,1918.57,1916.59,0.103,0,2.904,10.01,DOWN,1,4,91258,2023-07-02 12:00,1,91261,2023-07-02 12:45,1917.42,0.419,4,-1,0.45,true,91262,2023-07-02 13:00,1916.33,0.2,1.72,true,true,ABOVE,false
616,2023-07-04 01:15,2023-07-06 05:15,91407,91615,209,1953.43,1950.33,0.159,0,5.972,10.65,UP,1,6,91420,2023-07-04 04:30,13,91425,2023-07-04 05:45,1951.79,0.471,18,1,0.64,true,91426,2023-07-04 06:00,1954.43,0.12,0.22,true,true,BELOW,false
617,2023-07-06 05:30,2023-07-06 11:30,91616,91640,25,1913.05,1909.78,0.17,0,8.142,22.64,BYPASS,0,0,,,,,,,,,,,,,,,,,,,ABOVE,false
618,2023-07-06 11:45,2023-07-06 22:30,91641,91684,44,1940.41,1936.17,0.221,0,14.238,32.65,BYPASS,0,0,,,,,,,,,,,,,,,,,,,BELOW,false
619,2023-07-06 22:45,2023-07-08 19:00,91685,91862,178,1874.86,1872.34,0.135,0,7.834,10.88,DOWN,1,1,91749,2023-07-07 14:45,64,91749,2023-07-07 14:45,1873.5,0.46,64,-1,0.66,true,91750,2023-07-07 15:00,1870.42,0.3,0.93,true,true,BELOW,false
620,2023-07-08 19:15,2023-07-09 12:00,91863,91930,68,1858.8,1857.24,0.084,0,23.389,32.85,UP,1,1,91876,2023-07-08 22:30,13,91876,2023-07-08 22:30,1857.76,0.333,13,-1,0.95,true,91877,2023-07-08 22:45,1860,0,0,true,true,ABOVE,false
621,2023-07-09 12:15,2023-07-10 18:15,91931,92051,121,1868.25,1867,0.067,0,3.478,10.33,DOWN,1,1,91941,2023-07-09 14:45,10,91941,2023-07-09 14:45,1867.11,0.088,10,1,1.01,true,91942,2023-07-09 15:00,1864.79,0.32,0.32,false,true,ABOVE,false
622,2023-07-10 18:30,2023-07-12 06:00,92052,92194,143,1874.29,1868.58,0.303,0,7.718,11.92,UP,1,1,92066,2023-07-10 22:00,14,92066,2023-07-10 22:00,1873.19,0.807,14,1,2.8,true,92067,2023-07-10 22:15,1875.99,0,0,true,true,ABOVE,false
623,2023-07-12 06:15,2023-07-12 12:15,92195,92219,25,1883.31,1881.4,0.101,0,9.659,18.66,BYPASS,0,0,,,,,,,,,,,,,,,,,,,ABOVE,false
624,2023-07-12 12:30,2023-07-13 08:45,92220,92301,82,1890.82,1886.24,0.242,0,6.262,14.45,UP,1,2,92220,2023-07-12 12:30,0,92221,2023-07-12 12:45,1886.35,0.024,1,1,4.35,true,92222,2023-07-12 13:00,1891.45,0.52,0.52,true,true,BELOW,false
625,2023-07-13 09:00,2023-07-13 15:00,92302,92326,25,1873.4,1871.32,0.111,0,3.892,11.02,BYPASS,0,0,,,,,,,,,,,,,,,,,,,ABOVE,false
626,2023-07-13 15:15,2023-07-16 02:00,92327,92562,236,1882.3,1880.33,0.104,0,15.958,18.16,BYPASS,0,0,,,,,,,,,,,,,,,,,,,ABOVE,false
627,2023-07-16 02:15,2023-07-16 21:45,92563,92641,79,1933.98,1932.4,0.082,0,24.527,38.28,DOWN,1,1,92600,2023-07-16 11:30,37,92600,2023-07-16 11:30,1932.48,0.051,37,-1,0.97,true,92601,2023-07-16 11:45,1932.04,0.25,0.25,true,true,BELOW,false
628,2023-07-16 22:00,2023-07-17 09:30,92642,92688,47,1930.16,1929.02,0.059,0,6.012,11.34,UP,1,1,92664,2023-07-17 03:30,22,92664,2023-07-17 03:30,1929.75,0.64,22,-1,0.57,true,92665,2023-07-17 03:45,1930.3,0.05,0.99,true,true,BELOW,false
629,2023-07-17 09:45,2023-07-18 16:30,92689,92812,124,1923.76,1921.16,0.136,0,6.38,18.16,BYPASS,0,0,,,,,,,,,,,,,,,,,,,BELOW,false
630,2023-07-18 16:45,2023-07-19 20:45,92813,92925,113,1899,1890.36,0.459,0,5.078,12.26,UP,1,2,92817,2023-07-18 17:45,4,92818,2023-07-18 18:00,1894.93,0.529,5,-1,1.04,true,92819,2023-07-18 18:15,1901.9,0.07,0.09,true,true,OVERLAP,false
631,2023-07-19 21:00,2023-07-22 23:00,92926,93222,297,1903.77,1890.36,0.711,1,4.979,12.23,DOWN,1,2,92928,2023-07-19 21:30,2,92929,2023-07-19 21:45,1892.75,0.178,3,-1,0.37,true,92930,2023-07-19 22:00,1889.87,0.35,0.46,true,true,BELOW,false
632,2023-07-22 23:15,2023-07-24 09:30,93223,93360,138,1883.51,1881.67,0.099,0,34.356,57.56,UP,1,2,93292,2023-07-23 16:30,69,93293,2023-07-23 16:45,1882.67,0.543,70,-1,3.64,true,93294,2023-07-23 17:00,1883.67,0.01,0.41,true,true,BELOW,false
633,2023-07-24 09:45,2023-07-25 13:15,93361,93471,111,1870.17,1867.08,0.168,0,20.41,43.93,BYPASS,0,0,,,,,,,,,,,,,,,,,,,BELOW,false
634,2023-07-25 13:30,2023-07-27 07:30,93472,93640,169,1855.98,1852.42,0.191,0,4.997,12.25,UP,1,4,93476,2023-07-25 14:30,4,93479,2023-07-25 15:15,1855.7,0.921,7,1,0.54,true,93480,2023-07-25 15:30,1857.86,0.04,0.04,true,true,ABOVE,false
635,2023-07-27 07:45,2023-07-28 16:45,93641,93773,133,1876.51,1875.16,0.072,0,6.866,10.43,DOWN,1,1,93657,2023-07-27 11:45,16,93657,2023-07-27 11:45,1876,0.622,16,1,0.39,true,93658,2023-07-27 12:00,1874.92,0.21,0.72,true,true,OVERLAP,false
636,2023-07-28 17:00,2023-07-30 19:30,93774,93976,203,1877.72,1875.16,0.137,1,6.207,13.76,DOWN,1,1,93780,2023-07-28 18:30,6,93780,2023-07-28 18:30,1875.5,0.133,6,1,0.59,true,93781,2023-07-28 18:45,1875.12,0.18,0.18,true,true,OVERLAP,false
637,2023-07-30 19:45,2023-08-01 01:45,93977,94097,121,1878.05,1875.16,0.155,2,26.158,62.23,BYPASS,0,0,,,,,,,,,,,,,,,,,,,BELOW,false
638,2023-08-01 02:00,2023-08-01 15:15,94098,94151,54,1856.57,1850.51,0.333,0,10.754,29.68,BYPASS,0,0,,,,,,,,,,,,,,,,,,,BELOW,false
639,2023-08-01 15:30,2023-08-01 22:45,94152,94181,30,1829.64,1826.26,0.184,0,9.184,34.09,BYPASS,0,0,,,,,,,,,,,,,,,,,,,ABOVE,false
640,2023-08-01 23:00,2023-08-03 04:15,94182,94299,118,1851.18,1848.74,0.131,0,10.194,15.55,BYPASS,0,0,,,,,,,,,,,,,,,,,,,BELOW,false
641,2023-08-03 04:30,2023-08-04 12:15,94300,94427,128,1839.61,1837.94,0.091,0,3.294,13.29,DOWN,1,2,94305,2023-08-03 05:45,5,94306,2023-08-03 06:00,1838.21,0.162,6,-1,0.86,true,94307,2023-08-03 06:15,1837.86,0.7,0.7,false,false,BELOW,false
642,2023-08-04 12:30,2023-08-06 20:30,94428,94652,225,1836.62,1833.45,0.172,0,6.965,18.6,DOWN,1,1,94451,2023-08-04 18:15,23,94451,2023-08-04 18:15,1833.54,0.028,23,1,2.43,true,94452,2023-08-04 18:30,1831.3,0.43,1.35,false,false,BELOW,false
643,2023-08-06 20:45,2023-08-08 16:15,94653,94827,175,1830.42,1830.24,0.01,0,4.065,10.17,DOWN,1,1,94668,2023-08-07 00:30,15,94668,2023-08-07 00:30,1830.41,0.944,15,-1,3.03,true,94669,2023-08-07 00:45,1829.37,0.06,0.06,true,true,ABOVE,false
644,2023-08-08 16:30,2023-08-09 10:15,94828,94899,72,1846.3,1842.75,0.192,0,3.529,10.33,BYPASS,0,0,,,,,,,,,,,,,,,,,,,ABOVE,false
645,2023-08-09 10:30,2023-08-12 20:45,94900,95229,330,1859.99,1858.77,0.066,0,2.173,10.42,UP,1,1,94903,2023-08-09 11:15,3,94903,2023-08-09 11:15,1859.51,0.607,3,1,0.65,true,94904,2023-08-09 11:30,1860.3,0,0.69,true,true,BELOW,false
646,2023-08-12 21:00,2023-08-14 17:45,95230,95409,180,1846.87,1846.62,0.014,0,4.082,12.72,UP,1,1,95230,2023-08-12 21:00,0,95230,2023-08-12 21:00,1846.82,0.8,0,-1,2.14,true,95231,2023-08-12 21:15,1847.72,0,0,true,true,OVERLAP,false
647,2023-08-14 18:00,2023-08-15 11:15,95410,95479,70,1849.08,1846.05,0.164,1,5.959,11.24,DOWN,1,2,95437,2023-08-15 00:45,27,95438,2023-08-15 01:00,1846.55,0.165,28,-1,0.86,true,95439,2023-08-15 01:15,1845.83,0.19,0.31,false,false,BELOW,false
648,2023-08-15 11:30,2023-08-15 18:45,95480,95509,30,1842.4,1841.95,0.024,0,22.296,73.57,DOWN,1,1,95484,2023-08-15 12:30,4,95484,2023-08-15 12:30,1842,0.111,4,-1,1.36,true,95485,2023-08-15 12:45,1841.61,0.27,0.29,true,true,BELOW,false
649,2023-08-15 19:00,2023-08-16 20:00,95510,95610,101,1841.07,1839.38,0.093,0,48.967,47.21,BYPASS,0,0,,,,,,,,,,,,,,,,,,,BELOW,false
650,2023-08-16 20:15,2023-08-17 21:15,95611,95711,101,1822.4,1820.01,0.132,0,14.795,22.9,BYPASS,0,0,,,,,,,,,,,,,,,,,,,BELOW,false
651,2023-08-17 21:30,2023-08-18 04:00,95712,95738,27,1720.96,1710.61,0.691,0,14.663,11.99,BYPASS,0,0,,,,,,,,,,,,,,,,,,,BELOW,false
652,2023-08-18 04:15,2023-08-19 20:00,95739,95898,160,1678.78,1675.75,0.182,0,3.189,11.95,UP,1,1,95745,2023-08-18 05:45,6,95745,2023-08-18 05:45,1678.62,0.947,6,-1,0.49,true,95746,2023-08-18 06:00,1694.03,0,0,true,true,OVERLAP,false
653,2023-08-19 20:15,2023-08-21 09:45,95899,96049,151,1678.78,1674.48,0.258,1,6.186,15.3,DOWN,1,5,95964,2023-08-20 12:30,65,95968,2023-08-20 13:30,1675.99,0.351,69,1,2.37,true,95969,2023-08-20 13:45,1674.32,0.68,0.68,false,true,BELOW,false
654,2023-08-21 10:00,2023-08-21 15:00,96050,96070,21,1670.75,1668.53,0.133,0,6.767,14.42,UP,1,1,96055,2023-08-21 11:15,5,96055,2023-08-21 11:15,1669.18,0.293,5,-1,0.77,true,96056,2023-08-21 11:30,1671.06,0.13,1.28,true,true,OVERLAP,false
655,2023-08-21 15:15,2023-08-22 21:00,96071,96190,120,1674.56,1666.94,0.462,1,6.362,10.12,DOWN,1,1,96086,2023-08-21 19:00,15,96086,2023-08-21 19:00,1666.97,0.004,15,-1,0.31,true,96087,2023-08-21 19:15,1665.44,0.09,0.21,true,true,BELOW,false
656,2023-08-22 21:15,2023-08-23 06:30,96191,96228,38,1631.56,1625.12,0.402,0,16.625,46.65,UP,1,1,96199,2023-08-22 23:15,8,96199,2023-08-22 23:15,1628.69,0.554,8,-1,0.88,true,96200,2023-08-22 23:30,1633.47,0,0,true,true,ABOVE,false
657,2023-08-23 06:45,2023-08-23 19:15,96229,96279,51,1639.26,1636.49,0.168,0,10.125,22.22,DOWN,1,2,96252,2023-08-23 12:30,23,96253,2023-08-23 12:45,1637.33,0.303,24,-1,1.52,true,96254,2023-08-23 13:00,1635.66,0.1,0.1,true,true,ABOVE,false
658,2023-08-23 19:30,2023-08-25 03:00,96280,96406,127,1681.77,1678.68,0.183,0,4.844,14.99,DOWN,1,2,96287,2023-08-23 21:15,7,96288,2023-08-23 21:30,1679.54,0.278,8,1,0.44,true,96289,2023-08-23 21:45,1664.4,0.92,0.92,true,true,BELOW,false
659,2023-08-25 03:15,2023-08-25 12:45,96407,96445,39,1658.6,1656.44,0.131,0,5.098,21.02,DOWN,1,1,96427,2023-08-25 08:15,20,96427,2023-08-25 08:15,1656.93,0.227,20,-1,1.62,true,96428,2023-08-25 08:30,1654.7,0.29,0.58,false,true,BELOW,false
660,2023-08-25 13:00,2023-08-26 08:15,96446,96523,78,1654.35,1653.19,0.07,0,10.464,16.2,UP,1,1,96449,2023-08-25 13:45,3,96449,2023-08-25 13:45,1653.9,0.612,3,-1,2.8,true,96450,2023-08-25 14:00,1657.23,1.1,1.13,true,true,BELOW,false
661,2023-08-26 08:30,2023-08-26 22:45,96524,96581,58,1652.87,1651.63,0.075,0,22.3,30.05,BYPASS,0,0,,,,,,,,,,,,,,,,,,,BELOW,false
662,2023-08-26 23:00,2023-08-28 05:15,96582,96703,122,1647.98,1647.34,0.039,0,4.923,13,DOWN,1,1,96590,2023-08-27 01:00,8,96590,2023-08-27 01:00,1647.36,0.031,8,-1,1.08,true,96591,2023-08-27 01:15,1647.02,0.12,0.12,true,true,OVERLAP,false
663,2023-08-28 05:30,2023-08-28 09:00,96704,96718,15,1650.94,1647.34,0.219,1,9.41,11.94,BYPASS,0,0,,,,,,,,,,,,,,,,,,,BELOW,false
664,2023-08-28 09:15,2023-08-28 19:00,96719,96758,40,1641.42,1637.35,0.249,0,12.388,23.94,UP,1,1,96729,2023-08-28 11:45,10,96729,2023-08-28 11:45,1639.54,0.538,10,-1,0.71,true,96730,2023-08-28 12:00,1649,0,0,true,true,ABOVE,false
665,2023-08-28 19:15,2023-08-31 15:15,96759,97031,273,1652.2,1649.48,0.166,0,9.05,17.02,UP,1,3,96772,2023-08-28 22:30,13,96774,2023-08-28 23:00,1651.09,0.592,15,1,0.83,true,96775,2023-08-28 23:15,1654.3,0,0.04,true,true,ABOVE,false
666,2023-08-31 15:30,2023-09-01 03:15,97032,97079,48,1703.79,1698.68,0.303,0,9.881,13.93,BYPASS,0,0,,,,,,,,,,,,,,,,,,,BELOW,false
667,2023-09-01 03:30,2023-09-02 21:00,97080,97246,167,1649.48,1648.51,0.059,0,2.911,12.62,DOWN,1,3,97085,2023-09-01 04:45,5,97087,2023-09-01 05:15,1648.66,0.155,7,-1,0.52,true,97088,2023-09-01 05:30,1648.14,0.39,0.5,true,true,BELOW,false
668,2023-09-02 21:15,2023-09-03 16:15,97247,97323,77,1634.1,1632.83,0.078,0,4.701,14.32,DOWN,1,2,97263,2023-09-03 01:15,16,97264,2023-09-03 01:30,1632.94,0.087,17,1,0.47,true,97265,2023-09-03 01:45,1632.74,0.14,0.14,true,true,OVERLAP,false
669,2023-09-03 16:30,2023-09-05 20:15,97324,97531,208,1634.1,1632.03,0.127,1,6.14,10.88,DOWN,1,3,97359,2023-09-04 01:15,35,97361,2023-09-04 01:45,1632.38,0.169,37,-1,0.91,true,97362,2023-09-04 02:00,1632,0.01,0.01,true,true,OVERLAP,false
670,2023-09-05 20:30,2023-09-06 13:45,97532,97601,70,1634.1,1629.69,0.271,2,4.347,10.16,UP,1,16,97534,2023-09-05 21:00,2,97549,2023-09-06 00:45,1632.97,0.744,17,1,0.71,true,97550,2023-09-06 01:00,1634.79,0,0.17,true,true,OVERLAP,false
671,2023-09-06 14:00,2023-09-06 16:45,97602,97613,12,1634.91,1629.69,0.321,3,5.593,12.15,BYPASS,0,0,,,,,,,,,,,,,,,,,,,BELOW,false
672,2023-09-06 17:00,2023-09-07 01:45,97614,97649,36,1625.45,1622.03,0.212,0,13.078,26.26,UP,1,1,97616,2023-09-06 17:30,2,97616,2023-09-06 17:30,1624.46,0.711,2,-1,1.19,true,97617,2023-09-06 17:45,1645.79,0,0,true,true,ABOVE,false
673,2023-09-07 02:00,2023-09-07 07:45,97650,97673,24,1633.48,1631.52,0.12,0,7.627,16.01,UP,1,1,97653,2023-09-07 02:45,3,97653,2023-09-07 02:45,1633.27,0.893,3,-1,0.99,true,97654,2023-09-07 03:00,1633.81,0,0.03,true,true,ABOVE,false
674,2023-09-07 08:00,2023-09-07 20:45,97674,97725,52,1636.92,1634.7,0.136,0,5.729,10.34,DOWN,1,1,97708,2023-09-07 16:30,34,97708,2023-09-07 16:30,1636.64,0.874,34,-1,1.81,true,97709,2023-09-07 16:45,1633.6,0.24,0.24,true,true,OVERLAP,false
675,2023-09-07 21:00,2023-09-10 04:00,97726,97946,221,1638.81,1634.7,0.249,1,7.106,15.57,DOWN,1,1,97777,2023-09-08 09:45,51,97777,2023-09-08 09:45,1634.76,0.015,51,1,3.24,true,97778,2023-09-08 10:00,1620.15,1.2,1.2,false,false,BELOW,false
676,2023-09-10 04:15,2023-09-10 19:15,97947,98007,61,1630.38,1629.13,0.077,0,13.269,15.99,BYPASS,0,0,,,,,,,,,,,,,,,,,,,BELOW,false
677,2023-09-10 19:30,2023-09-11 03:45,98008,98041,34,1611.58,1610,0.098,0,7.336,29.07,UP,1,1,98008,2023-09-10 19:30,0,98008,2023-09-10 19:30,1610.81,0.513,0,-1,1.42,true,98009,2023-09-10 19:45,1616.47,0,0.49,true,true,OVERLAP,false
678,2023-09-11 04:00,2023-09-11 09:00,98042,98062,21,1612.68,1610,0.167,1,5.927,13,UP,1,3,98045,2023-09-11 04:45,3,98047,2023-09-11 05:15,1610.78,0.291,5,-1,0.28,true,98048,2023-09-11 05:30,1613.87,0,2.25,true,true,BELOW,false
679,2023-09-11 09:15,2023-09-11 19:00,98063,98102,40,1607.54,1604.87,0.168,0,15.862,16.89,BYPASS,0,0,,,,,,,,,,,,,,,,,,,BELOW,false
680,2023-09-11 19:15,2023-09-13 05:00,98103,98238,136,1556.43,1553.01,0.221,0,8.067,11.47,DOWN,1,1,98126,2023-09-12 01:00,23,98126,2023-09-12 01:00,1555.06,0.599,23,-1,0.71,true,98127,2023-09-12 01:15,1552.58,0.13,0.13,true,true,ABOVE,false
681,2023-09-13 05:15,2023-09-15 10:45,98239,98453,215,1590.3,1587.86,0.154,0,3.838,12.02,DOWN,1,1,98246,2023-09-13 07:00,7,98246,2023-09-13 07:00,1588.61,0.307,7,1,1.19,true,98247,2023-09-13 07:15,1587.75,0.37,0.37,true,true,ABOVE,false
682,2023-09-15 11:00,2023-09-15 20:45,98454,98493,40,1629.57,1627.7,0.115,0,3.209,13.12,BYPASS,0,0,,,,,,,,,,,,,,,,,,,BELOW,false
683,2023-09-15 21:00,2023-09-16 18:45,98494,98581,88,1622.22,1620.43,0.11,0,21.873,61.63,BYPASS,0,0,,,,,,,,,,,,,,,,,,,ABOVE,false
684,2023-09-16 19:00,2023-09-16 23:45,98582,98601,20,1636.49,1634.61,0.115,0,8.22,28.73,DOWN,1,1,98588,2023-09-16 20:30,6,98588,2023-09-16 20:30,1634.93,0.17,6,1,0.73,true,98589,2023-09-16 20:45,1633.95,0.06,1.02,true,true,BELOW,false
685,2023-09-17 00:00,2023-09-18 00:15,98602,98699,98,1634,1633.55,0.028,0,32.664,50.39,DOWN,1,1,98644,2023-09-17 10:30,42,98644,2023-09-17 10:30,1633.69,0.311,42,-1,0.73,true,98645,2023-09-17 10:45,1633.15,0.32,0.67,false,false,BELOW,false
686,2023-09-18 00:30,2023-09-18 17:00,98700,98766,67,1622.22,1617.51,0.292,0,9.359,12.47,BYPASS,0,0,,,,,,,,,,,,,,,,,,,ABOVE,false
687,2023-09-18 17:15,2023-09-20 09:30,98767,98928,162,1656.68,1652.39,0.261,0,7.688,20.66,DOWN,1,2,98832,2023-09-19 09:30,65,98833,2023-09-19 09:45,1652.78,0.091,66,-1,2.16,true,98834,2023-09-19 10:00,1649.19,0.73,1.16,false,true,BELOW,false
688,2023-09-20 09:45,2023-09-20 19:00,98929,98966,38,1634.42,1631.54,0.177,0,7.967,10.76,DOWN,1,2,98963,2023-09-20 18:15,34,98964,2023-09-20 18:30,1632.7,0.403,35,-1,3.59,true,98965,2023-09-20 18:45,1631.44,1.81,1.81,false,false,OVERLAP,false
689,2023-09-20 19:15,2023-09-24 17:30,98967,99344,378,1634.42,1627.03,0.457,1,11.965,10.98,DOWN,1,1,98975,2023-09-20 21:15,8,98975,2023-09-20 21:15,1627.7,0.091,8,-1,1.07,true,98976,2023-09-20 21:30,1626.33,0.51,0.89,false,false,BELOW,false
690,2023-09-24 17:45,2023-09-24 23:00,99345,99366,22,1592.22,1589.55,0.167,0,13.858,34.61,DOWN,1,1,99348,2023-09-24 18:30,3,99348,2023-09-24 18:30,1589.64,0.034,3,1,2.69,true,99349,2023-09-24 18:45,1588.95,0.7,1.73,true,true,BELOW,false
691,2023-09-24 23:15,2023-09-27 03:30,99367,99576,210,1588.53,1584.67,0.245,0,9.406,14.24,DOWN,1,1,99432,2023-09-25 15:30,65,99432,2023-09-25 15:30,1586.65,0.513,65,-1,1.49,true,99433,2023-09-25 15:45,1583.88,0.05,0.08,true,true,ABOVE,false
692,2023-09-27 03:45,2023-09-28 10:15,99577,99699,123,1592.63,1591.23,0.088,0,4.658,10.18,DOWN,1,2,99581,2023-09-27 04:45,4,99582,2023-09-27 05:00,1591.35,0.086,5,1,1.4,true,99583,2023-09-27 05:15,1590.4,0.07,0.12,true,true,ABOVE,false
693,2023-09-28 10:30,2023-09-29 07:15,99700,99783,84,1623.97,1618.3,0.347,0,6.266,15.97,UP,1,2,99705,2023-09-28 11:45,5,99706,2023-09-28 12:00,1623.9,0.988,6,1,0.68,true,99707,2023-09-28 12:15,1624.48,0,0,true,true,ABOVE,false
694,2023-09-29 07:30,2023-09-30 21:15,99784,99935,152,1663.2,1658.88,0.257,0,10.727,24.54,UP,1,1,99811,2023-09-29 14:15,27,99811,2023-09-29 14:15,1663.01,0.956,27,1,1.73,true,99812,2023-09-29 14:30,1676.84,0,0.17,true,true,ABOVE,false
695,2023-09-30 21:30,2023-10-01 09:00,99936,99982,47,1680.95,1679.5,0.087,0,13.466,14.29,NONE,1,1,99982,2023-10-01 09:00,46,99982,2023-10-01 09:00,1680.15,0.448,46,1,0.65,true,,,,,,,,OVERLAP,false
696,2023-10-01 09:15,2023-10-01 19:45,99983,100025,43,1680.95,1678.11,0.169,1,5.287,12.2,UP,1,2,100004,2023-10-01 14:30,21,100005,2023-10-01 14:45,1680.78,0.94,22,1,1,true,100006,2023-10-01 15:00,1682.13,0.07,0.68,true,true,BELOW,false
697,2023-10-01 20:00,2023-10-02 18:15,100026,100115,90,1676.11,1674.5,0.096,0,17.158,27.86,DOWN,1,1,100026,2023-10-01 20:00,0,100026,2023-10-01 20:00,1675.11,0.379,0,1,5.19,true,100027,2023-10-01 20:15,1671.68,0.35,0.35,true,true,ABOVE,false
698,2023-10-02 18:30,2023-10-05 14:45,100116,100389,274,1691.29,1683.25,0.487,0,11.501,28.13,BYPASS,0,0,,,,,,,,,,,,,,,,,,,BELOW,false
699,2023-10-05 15:00,2023-10-07 15:15,100390,100583,194,1642.69,1640.03,0.163,0,11.52,11.15,UP,1,1,100487,2023-10-06 15:15,97,100487,2023-10-06 15:15,1640.19,0.06,97,1,1.35,true,100488,2023-10-06 15:30,1645.26,0.4,0.4,true,true,OVERLAP,false
700,2023-10-07 15:30,2023-10-09 15:30,100584,100776,193,1642.69,1639.85,0.174,1,7.543,13.71,BYPASS,0,0,,,,,,,,,,,,,,,,,,,BELOW,false
701,2023-10-09 15:45,2023-10-10 02:30,100777,100820,44,1591.81,1589.44,0.149,0,6.399,19.97,BYPASS,0,0,,,,,,,,,,,,,,,,,,,BELOW,false
702,2023-10-10 02:45,2023-10-10 10:15,100821,100851,31,1581.56,1577.35,0.265,0,5.426,24.5,BYPASS,0,0,,,,,,,,,,,,,,,,,,,ABOVE,false
703,2023-10-10 10:30,2023-10-11 02:15,100852,100915,64,1589.23,1587.86,0.086,0,7.191,13.82,BYPASS,0,0,,,,,,,,,,,,,,,,,,,BELOW,false
704,2023-10-11 02:30,2023-10-11 12:15,100916,100955,40,1571.04,1566.11,0.317,0,8.246,12.98,UP,1,2,100942,2023-10-11 09:00,26,100943,2023-10-11 09:15,1569.44,0.675,27,-1,2.36,true,100944,2023-10-11 09:30,1573.87,0,0.83,true,true,ABOVE,false
705,2023-10-11 12:30,2023-10-11 15:00,100956,100966,11,1575.5,1572.1,0.217,0,5.408,10.73,DOWN,1,1,100961,2023-10-11 13:45,5,100961,2023-10-11 13:45,1573.07,0.285,5,1,0.58,true,100962,2023-10-11 14:00,1570.23,1.29,1.53,false,false,OVERLAP,false
706,2023-10-11 15:15,2023-10-12 16:00,100967,101066,100,1575.5,1568.39,0.456,1,7.407,14.07,BYPASS,0,0,,,,,,,,,,,,,,,,,,,BELOW,false
707,2023-10-12 16:15,2023-10-13 20:30,101067,101180,114,1543.89,1539.69,0.273,0,9.088,17.88,DOWN,1,14,101098,2023-10-13 00:00,31,101111,2023-10-13 03:15,1540.39,0.167,44,-1,0.61,true,101112,2023-10-13 03:30,1538.33,0.16,0.16,true,true,OVERLAP,false
708,2023-10-13 20:45,2023-10-15 01:15,101181,101295,115,1545.07,1539.69,0.345,1,23.468,81.63,UP,1,1,101222,2023-10-14 07:00,41,101222,2023-10-14 07:00,1544.96,0.98,41,1,1.82,true,101223,2023-10-14 07:15,1546.63,0,0,true,true,ABOVE,false
709,2023-10-15 01:30,2023-10-16 05:00,101296,101406,111,1552.63,1551.52,0.071,0,8.452,10.38,UP,1,1,101306,2023-10-15 04:00,10,101306,2023-10-15 04:00,1552.52,0.901,10,1,0.8,true,101307,2023-10-15 04:15,1553.23,0,0,true,true,ABOVE,false
710,2023-10-16 05:15,2023-10-16 07:45,101407,101417,11,1563.86,1561.5,0.149,0,33.012,109.09,BYPASS,0,0,,,,,,,,,,,,,,,,,,,ABOVE,false
711,2023-10-16 08:00,2023-10-16 13:00,101418,101438,21,1579.7,1577.85,0.117,0,2.028,10.08,UP,1,1,101424,2023-10-16 09:30,6,101424,2023-10-16 09:30,1579.23,0.746,6,1,0.3,true,101425,2023-10-16 09:45,1583.29,0,0.81,true,true,ABOVE,false
712,2023-10-16 13:15,2023-10-17 18:30,101439,101556,118,1587.77,1582.88,0.301,0,9.436,12.92,DOWN,1,4,101443,2023-10-16 14:15,4,101446,2023-10-16 15:00,1584.03,0.235,7,1,0.28,true,101447,2023-10-16 15:15,1581.79,0.54,0.67,false,true,BELOW,false
713,2023-10-17 18:45,2023-10-18 04:30,101557,101596,40,1569.3,1565.71,0.231,0,13.315,21.66,DOWN,1,1,101579,2023-10-18 00:15,22,101579,2023-10-18 00:15,1566.27,0.156,22,-1,1.06,true,101580,2023-10-18 00:30,1562.61,0.28,0.28,true,true,OVERLAP,false
714,2023-10-18 04:45,2023-10-19 01:15,101597,101679,83,1570.17,1565.71,0.284,1,7.657,11.84,UP,1,1,101598,2023-10-18 05:00,1,101598,2023-10-18 05:00,1570,0.962,1,-1,3.76,true,101599,2023-10-18 05:15,1574.07,0.02,0.02,true,true,BELOW,false
715,2023-10-19 01:30,2023-10-20 16:45,101680,101837,158,1565,1563.56,0.093,0,16.861,13.74,UP,1,1,101738,2023-10-19 16:00,58,101738,2023-10-19 16:00,1564.3,0.514,58,-1,2.46,true,101739,2023-10-19 16:15,1566.67,0.29,0.29,true,true,ABOVE,false
716,2023-10-20 17:00,2023-10-21 17:15,101838,101935,98,1606.69,1602.41,0.267,0,2.016,10.17,UP,1,1,101845,2023-10-20 18:45,7,101845,2023-10-20 18:45,1605.42,0.703,7,1,0.24,true,101846,2023-10-20 19:00,1606.84,0.07,0.11,true,true,ABOVE,false
717,2023-10-21 17:30,2023-10-22 11:15,101936,102007,72,1625.3,1621.09,0.257,0,5.889,12.47,UP,1,3,101972,2023-10-22 02:30,36,101974,2023-10-22 03:00,1624.88,0.9,38,1,0.44,true,101975,2023-10-22 03:15,1625.97,0,0,true,true,ABOVE,false
718,2023-10-22 11:30,2023-10-22 22:15,102008,102051,44,1632.26,1629.61,0.163,0,4.067,13.16,DOWN,1,2,102010,2023-10-22 12:00,2,102011,2023-10-22 12:15,1632.1,0.94,3,1,0.53,true,102012,2023-10-22 12:30,1629.3,0.18,0.59,true,true,ABOVE,false
719,2023-10-22 22:30,2023-10-27 01:30,102052,102448,397,1640.53,1637.2,0.201,0,7.661,17.24,BYPASS,0,0,,,,,,,,,,,,,,,,,,,ABOVE,false
720,2023-10-27 01:45,2023-10-28 02:30,102449,102548,100,1793.37,1788.4,0.28,0,4.098,10.73,DOWN,1,3,102451,2023-10-27 02:15,2,102453,2023-10-27 02:45,1789.89,0.3,4,-1,0.46,true,102454,2023-10-27 03:00,1788.37,0.25,0.7,true,true,BELOW,false
721,2023-10-28 02:45,2023-10-28 10:45,102549,102581,33,1784.37,1782.4,0.11,0,10.966,35.95,BYPASS,0,0,,,,,,,,,,,,,,,,,,,ABOVE,false
722,2023-10-28 11:00,2023-10-30 16:45,102582,102797,216,1791.56,1789.54,0.113,0,3.911,17.15,DOWN,1,1,102594,2023-10-28 14:00,12,102594,2023-10-28 14:00,1790.09,0.272,12,1,1.05,true,102595,2023-10-28 14:15,1787.83,0.27,0.72,true,true,ABOVE,false
723,2023-10-30 17:00,2023-10-31 11:15,102798,102871,74,1814.1,1810.12,0.222,0,6.04,13.4,DOWN,1,1,102817,2023-10-30 21:45,19,102817,2023-10-30 21:45,1812.83,0.681,19,1,0.48,true,102818,2023-10-30 22:00,1809.71,0.13,0.92,true,true,BELOW,false
724,2023-10-31 11:30,2023-11-01 14:30,102872,102980,109,1803.85,1800.65,0.177,0,3.23,10.12,DOWN,1,1,102876,2023-10-31 12:30,4,102876,2023-10-31 12:30,1803.81,0.988,4,-1,1.21,true,102877,2023-10-31 12:45,1799.63,0.73,1.09,true,true,OVERLAP,false
725,2023-11-01 14:45,2023-11-04 05:45,102981,103233,253,1808.39,1800.65,0.433,1,10.69,10.75,DOWN,1,1,102990,2023-11-01 17:00,9,102990,2023-11-01 17:00,1801.54,0.115,9,-1,0.22,true,102991,2023-11-01 17:15,1798.53,0.31,0.31,true,true,ABOVE,false
726,2023-11-04 06:00,2023-11-09 21:00,103234,103774,541,1831,1826.93,0.222,0,3.497,10.29,UP,1,1,103270,2023-11-04 15:00,36,103270,2023-11-04 15:00,1829.81,0.708,36,1,1.47,true,103271,2023-11-04 15:15,1831.02,0,0,true,true,ABOVE,false
727,2023-11-09 21:15,2023-11-11 01:00,103775,103886,112,2048.45,2034.55,0.672,0,3.405,10.28,BYPASS,0,0,,,,,,,,,,,,,,,,,,,ABOVE,false
728,2023-11-11 01:15,2023-11-16 00:30,103887,104364,478,2080.62,2073.33,0.354,0,7.156,30.63,UP,1,2,103939,2023-11-11 14:15,52,103940,2023-11-11 14:30,2076.9,0.49,53,-1,2.23,true,103941,2023-11-11 14:45,2083,0.3,0.86,true,true,BELOW,false
729,2023-11-16 00:45,2023-11-16 10:45,104365,104405,41,2059.55,2054.28,0.254,0,5.019,20.15,DOWN,1,4,104371,2023-11-16 02:15,6,104374,2023-11-16 03:00,2057.62,0.634,9,1,0.66,true,104375,2023-11-16 03:15,2053.72,0.25,0.84,true,true,BELOW,false
730,2023-11-16 11:00,2023-11-17 05:00,104406,104478,73,2044.45,2039.38,0.245,0,17.025,38.57,DOWN,1,1,104414,2023-11-16 13:00,8,104414,2023-11-16 13:00,2041.39,0.396,8,1,1.04,true,104415,2023-11-16 13:15,2036.03,1.54,4.87,false,false,BELOW,false
731,2023-11-17 05:15,2023-11-17 22:00,104479,104546,68,1984.47,1979.54,0.249,0,3.893,13.69,DOWN,1,1,104479,2023-11-17 05:15,0,104479,2023-11-17 05:15,1982.45,0.59,0,-1,2.39,true,104480,2023-11-17 05:30,1976.63,0.31,1.24,true,true,BELOW,false
732,2023-11-17 22:15,2023-11-19 10:45,104547,104693,147,1951.44,1946.13,0.272,0,6.597,20.21,UP,1,1,104561,2023-11-18 01:45,14,104561,2023-11-18 01:45,1950.37,0.798,14,-1,1.15,true,104562,2023-11-18 02:00,1953.2,0.29,1.55,true,true,ABOVE,false
733,2023-11-19 11:00,2023-11-19 22:45,104694,104741,48,1961.29,1957.73,0.182,0,6.653,20.43,BYPASS,0,0,,,,,,,,,,,,,,,,,,,ABOVE,false
734,2023-11-19 23:00,2023-11-21 13:45,104742,104897,156,1981.46,1976.87,0.229,0,16.864,25.99,BYPASS,0,0,,,,,,,,,,,,,,,,,,,ABOVE,false
735,2023-11-21 14:00,2023-11-26 06:30,104898,105348,451,2008.18,2003.16,0.251,0,2.648,10.49,UP,1,1,104909,2023-11-21 16:45,11,104909,2023-11-21 16:45,2005.69,0.504,11,-1,2.31,true,104910,2023-11-21 17:00,2010.91,2.13,3.66,true,true,ABOVE,false
736,2023-11-26 06:45,2023-11-26 22:45,105349,105413,65,2080.31,2077.3,0.144,0,18.44,28.76,UP,1,2,105371,2023-11-26 12:15,22,105372,2023-11-26 12:30,2080.02,0.904,23,1,2.49,true,105373,2023-11-26 12:45,2089.63,0.83,2.04,true,true,OVERLAP,false
737,2023-11-26 23:00,2023-11-27 19:15,105414,105495,82,2080.31,2075.76,0.22,1,12.93,24.78,BYPASS,0,0,,,,,,,,,,,,,,,,,,,BELOW,false
738,2023-11-27 19:30,2023-12-02 17:45,105496,105969,474,2009.7,2004.81,0.246,0,6.568,11.23,UP,1,1,105502,2023-11-27 21:00,6,105502,2023-11-27 21:00,2006.32,0.309,6,-1,1.17,true,105503,2023-11-27 21:15,2010.75,0,0,true,true,ABOVE,false
739,2023-12-02 18:00,2023-12-07 07:45,105970,106409,440,2106,2103.77,0.105,0,14.358,27.67,BYPASS,0,0,,,,,,,,,,,,,,,,,,,ABOVE,false
740,2023-12-07 08:00,2023-12-08 13:15,106410,106527,118,2262.63,2261.4,0.054,0,5.844,12.01,BYPASS,0,0,,,,,,,,,,,,,,,,,,,ABOVE,false
741,2023-12-08 13:30,2023-12-09 05:45,106528,106593,66,2362.24,2358.69,0.151,0,7.272,15.78,DOWN,1,2,106535,2023-12-08 15:15,7,106536,2023-12-08 15:30,2361.41,0.766,8,1,0.65,true,106537,2023-12-08 15:45,2347.44,0.77,0.77,true,true,ABOVE,false
742,2023-12-09 06:00,2023-12-11 01:45,106594,106769,176,2369.86,2367.23,0.111,0,4.828,12.05,DOWN,1,2,106626,2023-12-09 14:00,32,106627,2023-12-09 14:15,2368.61,0.525,33,1,1.14,true,106628,2023-12-09 14:30,2350.17,1.28,1.28,false,false,BELOW,false
743,2023-12-11 02:00,2023-12-13 18:45,106770,107029,260,2338.34,2331.16,0.326,0,28.603,17.01,BYPASS,0,0,,,,,,,,,,,,,,,,,,,BELOW,false
744,2023-12-13 19:00,2023-12-17 05:15,107030,107359,330,2222.91,2216.47,0.288,0,4.042,12.11,UP,1,3,107239,2023-12-15 23:15,209,107241,2023-12-15 23:45,2221.71,0.814,211,-1,0.99,true,107242,2023-12-16 00:00,2230.57,0.24,0.24,true,true,OVERLAP,false
745,2023-12-17 05:30,2023-12-18 06:30,107360,107460,101,2224.63,2216.47,0.369,1,4.474,15.84,DOWN,1,1,107366,2023-12-17 07:00,6,107366,2023-12-17 07:00,2218.12,0.202,6,-1,1.17,true,107367,2023-12-17 07:15,2212.34,0.47,0.47,true,true,BELOW,false
746,2023-12-18 06:45,2023-12-19 13:45,107461,107585,125,2177.61,2174.42,0.146,0,2.643,13.19,DOWN,1,1,107464,2023-12-18 07:30,3,107464,2023-12-18 07:30,2176.03,0.505,3,-1,1.14,true,107465,2023-12-18 07:45,2170.05,1.31,2.66,true,true,ABOVE,false
747,2023-12-19 14:00,2023-12-20 04:00,107586,107642,57,2232.89,2226.23,0.302,0,3.718,10.46,BYPASS,0,0,,,,,,,,,,,,,,,,,,,BELOW,false
748,2023-12-20 04:15,2023-12-20 12:45,107643,107677,35,2187.89,2184.57,0.151,0,5.56,23.97,BYPASS,0,0,,,,,,,,,,,,,,,,,,,ABOVE,false
749,2023-12-20 13:00,2023-12-20 16:30,107678,107692,15,2214.27,2208.99,0.236,0,6.153,16.49,BYPASS,0,0,,,,,,,,,,,,,,,,,,,ABOVE,false
750,2023-12-20 16:45,2023-12-20 19:15,107693,107703,11,2246.86,2240.13,0.303,0,4.704,11.42,BYPASS,0,0,,,,,,,,,,,,,,,,,,,BELOW,false
751,2023-12-20 19:30,2023-12-24 05:15,107704,108031,328,2224.53,2217.85,0.303,0,6.497,19.77,DOWN,1,1,107750,2023-12-21 07:00,46,107750,2023-12-21 07:00,2219.01,0.174,46,-1,2.14,true,107751,2023-12-21 07:15,2215.42,0.58,0.58,true,true,ABOVE,false
752,2023-12-24 05:30,2023-12-25 12:30,108032,108156,125,2308.44,2303.15,0.231,0,7.397,17.81,DOWN,1,2,108066,2023-12-24 14:00,34,108067,2023-12-24 14:15,2304.11,0.181,35,-1,1.39,true,108068,2023-12-24 14:30,2298,0.76,1.4,false,false,BELOW,false
753,2023-12-25 12:45,2023-12-30 22:30,108157,108676,520,2283.38,2275.61,0.338,0,6.609,12.24,UP,1,2,108173,2023-12-25 16:45,16,108174,2023-12-25 17:00,2282.13,0.839,17,-1,0.58,true,108175,2023-12-25 17:15,2284.21,0.1,0.77,true,true,ABOVE,false
754,2023-12-30 22:45,2023-12-31 22:30,108677,108772,96,2300.33,2295.08,0.229,0,8.834,19.81,DOWN,1,1,108679,2023-12-30 23:15,2,108679,2023-12-30 23:15,2297,0.366,2,-1,0.9,true,108680,2023-12-30 23:30,2295.03,0.17,0.71,true,true,OVERLAP,false
755,2023-12-31 22:45,2024-01-05 01:30,108773,109168,396,2300.33,2289.28,0.486,1,8.401,16.75,UP,1,5,108778,2024-01-01 00:00,5,108782,2024-01-01 01:00,2298.53,0.837,9,-1,0.53,true,108783,2024-01-01 01:15,2301.04,0.31,0.99,true,true,BELOW,false
756,2024-01-05 01:45,2024-01-05 08:45,109169,109197,29,2259.14,2252.01,0.318,0,9.141,14.26,UP,1,1,109189,2024-01-05 06:45,20,109189,2024-01-05 06:45,2255.29,0.46,20,-1,0.93,true,109190,2024-01-05 07:00,2264.28,0.09,0.83,true,true,OVERLAP,false
757,2024-01-05 09:00,2024-01-05 20:30,109198,109244,47,2259.14,2250.6,0.378,1,4.889,12.06,DOWN,1,3,109202,2024-01-05 10:00,4,109204,2024-01-05 10:30,2255.38,0.56,6,-1,1,true,109205,2024-01-05 10:45,2240.42,0.71,1.8,false,false,BELOW,false
758,2024-01-05 20:45,2024-01-08 06:00,109245,109474,230,2241.12,2235.6,0.246,0,6.688,12.47,UP,1,1,109246,2024-01-05 21:00,1,109246,2024-01-05 21:00,2239.06,0.627,1,-1,1.67,true,109247,2024-01-05 21:15,2242.06,0,0,true,true,BELOW,false
759,2024-01-08 06:15,2024-01-08 15:15,109475,109511,37,2196.76,2194.18,0.116,0,10.091,20.27,BYPASS,0,0,,,,,,,,,,,,,,,,,,,ABOVE,false
760,2024-01-08 15:30,2024-01-08 22:45,109512,109541,30,2264.3,2258.09,0.273,0,4.095,11.86,UP,1,2,109516,2024-01-08 16:30,4,109517,2024-01-08 16:45,2263.27,0.834,5,1,0.38,true,109518,2024-01-08 17:00,2267.1,0,0,true,true,ABOVE,false
761,2024-01-08 23:00,2024-01-09 12:30,109542,109596,55,2338.24,2335.39,0.122,0,10.851,21.73,DOWN,1,1,109546,2024-01-09 00:00,4,109546,2024-01-09 00:00,2335.72,0.116,4,1,0.82,true,109547,2024-01-09 00:15,2321.7,2.03,2.03,false,false,BELOW,false
762,2024-01-09 12:45,2024-01-10 09:00,109597,109678,82,2299.5,2292.5,0.309,0,10.71,22.3,DOWN,1,1,109630,2024-01-09 21:00,33,109630,2024-01-09 21:00,2298.89,0.913,33,-1,6.92,true,109631,2024-01-09 21:15,2290.83,0.75,0.75,true,true,ABOVE,false
763,2024-01-10 09:15,2024-01-10 14:45,109679,109701,23,2381.19,2365.23,0.661,0,3.237,10.09,DOWN,1,2,109691,2024-01-10 12:15,12,109692,2024-01-10 12:30,2373.27,0.504,13,1,1.7,true,109693,2024-01-10 12:45,2360.51,0.61,0.61,true,true,ABOVE,false
764,2024-01-10 15:00,2024-01-10 18:45,109702,109717,16,2390.08,2381.36,0.357,0,4.996,11.07,BYPASS,0,0,,,,,,,,,,,,,,,,,,,ABOVE,false
765,2024-01-10 19:00,2024-01-15 04:45,109718,110141,424,2439.36,2420.79,0.759,0,4.761,11.82,BYPASS,0,0,,,,,,,,,,,,,,,,,,,ABOVE,false
766,2024-01-15 05:00,2024-01-16 14:15,110142,110275,134,2511.34,2506.33,0.199,0,3.712,10.42,UP,1,2,110151,2024-01-15 07:15,9,110152,2024-01-15 07:30,2510.9,0.912,10,-1,1.04,true,110153,2024-01-15 07:45,2514.32,0,0,true,true,ABOVE,false
767,2024-01-16 14:30,2024-01-17 17:45,110276,110385,110,2531.95,2526.14,0.232,0,8.731,17.27,UP,1,1,110278,2024-01-16 15:00,2,110278,2024-01-16 15:00,2529.69,0.611,2,1,1.69,true,110279,2024-01-16 15:15,2563.51,0,0,true,true,OVERLAP,false
768,2024-01-17 18:00,2024-01-18 19:30,110386,110488,103,2534.66,2526.14,0.337,1,2.923,10.37,UP,1,4,110387,2024-01-17 18:15,1,110390,2024-01-17 19:00,2533.23,0.832,4,-1,0.37,true,110391,2024-01-17 19:15,2537,0,0.81,true,true,BELOW,false
769,2024-01-18 19:45,2024-01-22 18:30,110489,110868,380,2474.96,2462.46,0.512,0,7.351,10.05,DOWN,1,13,110498,2024-01-18 22:00,9,110510,2024-01-19 01:00,2468.73,0.502,21,-1,0.42,true,110511,2024-01-19 01:15,2459.95,0.65,0.79,true,true,BELOW,false
770,2024-01-22 18:45,2024-01-27 04:45,110869,111293,425,2376.67,2366.61,0.425,0,4.214,10.87,DOWN,1,1,110869,2024-01-22 18:45,0,110869,2024-01-22 18:45,2367.75,0.113,0,-1,2.26,true,110870,2024-01-22 19:00,2353.95,2.67,2.72,false,false,BELOW,false
771,2024-01-27 05:00,2024-01-28 18:00,111294,111442,149,2275.56,2272.43,0.138,0,3.079,10.63,DOWN,1,1,111332,2024-01-27 14:30,38,111332,2024-01-27 14:30,2274.29,0.594,38,1,1.26,true,111333,2024-01-27 14:45,2268.36,0.48,0.54,false,true,BELOW,false
772,2024-01-28 18:15,2024-01-28 22:15,111443,111459,17,2269.75,2266.95,0.124,0,5.245,10.13,BYPASS,0,0,,,,,,,,,,,,,,,,,,,BELOW,false
773,2024-01-28 22:30,2024-01-31 08:45,111460,111693,234,2258.64,2254.42,0.188,0,6.338,33.02,DOWN,1,2,111464,2024-01-28 23:30,4,111465,2024-01-28 23:45,2256,0.374,5,-1,0.47,true,111466,2024-01-29 00:00,2252.27,0.16,0.16,true,true,ABOVE,false
774,2024-01-31 09:00,2024-02-01 01:00,111694,111758,65,2338.88,2335.34,0.152,0,6.303,17.48,UP,1,2,111726,2024-01-31 17:00,32,111727,2024-01-31 17:15,2337.98,0.746,33,-1,0.4,true,111728,2024-01-31 17:30,2340.05,1.16,3.15,true,true,BELOW,false
775,2024-02-01 01:15,2024-02-01 04:15,111759,111771,13,2283.4,2269.08,0.635,0,6.264,12.43,BYPASS,0,0,,,,,,,,,,,,,,,,,,,BELOW,false
776,2024-02-01 04:30,2024-02-02 05:30,111772,111872,101,2259.92,2256.75,0.14,0,3.022,17.61,BYPASS,0,0,,,,,,,,,,,,,,,,,,,ABOVE,false
777,2024-02-02 05:45,2024-02-02 13:15,111873,111903,31,2298.84,2296.56,0.099,0,3.198,12.17,BYPASS,0,0,,,,,,,,,,,,,,,,,,,ABOVE,false
778,2024-02-02 13:30,2024-02-03 14:45,111904,112005,102,2314.22,2310.76,0.15,0,8.833,11.38,DOWN,1,2,111913,2024-02-02 15:45,9,111914,2024-02-02 16:00,2314,0.936,10,1,1.78,true,111915,2024-02-02 16:15,2305.05,1.1,1.1,false,false,BELOW,false
779,2024-02-03 15:00,2024-02-06 10:15,112006,112275,270,2302.98,2300.13,0.124,0,5.483,11.66,UP,1,1,112009,2024-02-03 15:45,3,112009,2024-02-03 15:45,2302.83,0.947,3,-1,0.96,true,112010,2024-02-03 16:00,2309.4,0,0.21,true,true,ABOVE,false
780,2024-02-06 10:30,2024-02-07 14:30,112276,112388,113,2331.46,2327.52,0.17,0,6.086,10.03,DOWN,1,1,112284,2024-02-06 12:30,8,112284,2024-02-06 12:30,2329.08,0.396,8,1,0.56,true,112285,2024-02-06 12:45,2325.35,0.37,0.37,true,true,ABOVE,false
781,2024-02-07 14:45,2024-02-10 10:30,112389,112660,272,2373.55,2369.15,0.186,0,5.511,14.69,DOWN,1,1,112391,2024-02-07 15:15,2,112391,2024-02-07 15:15,2373.51,0.991,2,1,1.09,true,112392,2024-02-07 15:30,2367.82,0.14,0.14,true,true,ABOVE,false
782,2024-02-10 10:45,2024-02-12 06:15,112661,112835,175,2490.79,2483.33,0.302,0,6.881,11.62,DOWN,1,5,112666,2024-02-10 12:00,5,112670,2024-02-10 13:00,2485.25,0.257,9,-1,0.64,true,112671,2024-02-10 13:15,2482.4,0.15,0.15,true,true,ABOVE,false
783,2024-02-12 06:30,2024-02-13 13:15,112836,112959,124,2497.73,2495.19,0.102,0,3.465,13.57,UP,1,1,112838,2024-02-12 07:00,2,112838,2024-02-12 07:00,2495.43,0.094,2,-1,1.42,true,112839,2024-02-12 07:15,2500.5,0.54,1.01,true,true,ABOVE,false
784,2024-02-13 13:30,2024-02-14 08:30,112960,113036,77,2678.4,2661.86,0.627,0,6.776,10.12,NONE,1,1,113036,2024-02-14 08:30,76,113036,2024-02-14 08:30,2662.76,0.054,76,-1,1.02,true,,,,,,,,OVERLAP,false
785,2024-02-14 08:45,2024-02-18 08:45,113037,113421,385,2678.4,2657.15,0.784,1,10.89,16.08,BYPASS,0,0,,,,,,,,,,,,,,,,,,,ABOVE,false
786,2024-02-18 09:00,2024-02-20 09:00,113422,113614,193,2807.64,2800.83,0.242,0,5.167,16.47,UP,1,4,113430,2024-02-18 11:00,8,113433,2024-02-18 11:45,2804.97,0.608,11,1,0.66,true,113434,2024-02-18 12:00,2807.66,0.51,0.51,true,true,ABOVE,false
787,2024-02-20 09:15,2024-02-21 04:15,113615,113691,77,2923.57,2912.99,0.365,0,4.493,11.88,UP,1,4,113618,2024-02-20 10:00,3,113621,2024-02-20 10:45,2921.81,0.834,6,1,0.5,true,113622,2024-02-20 11:00,2932.94,0,0.96,true,true,ABOVE,false
788,2024-02-21 04:30,2024-02-22 20:00,113692,113850,159,3011.78,3005.35,0.215,0,5.353,10.01,DOWN,1,1,113694,2024-02-21 05:00,2,113694,2024-02-21 05:00,3007.34,0.309,2,1,1.21,true,113695,2024-02-21 05:15,3000.97,2.75,3.9,false,false,BELOW,false
789,2024-02-22 20:15,2024-02-23 02:30,113851,113876,26,2989.88,2982.08,0.258,0,6.849,10.37,DOWN,1,2,113857,2024-02-22 21:45,6,113858,2024-02-22 22:00,2984.66,0.331,7,1,0.84,true,113859,2024-02-22 22:15,2970.37,0.4,1.59,true,true,BELOW,false
790,2024-02-23 02:45,2024-02-24 16:45,113877,114029,153,2978.63,2973.06,0.189,0,4.572,25.42,BYPASS,0,0,,,,,,,,,,,,,,,,,,,BELOW,false
791,2024-02-24 17:00,2024-02-27 01:30,114030,114256,227,2965,2961.7,0.111,0,6.588,14.73,BYPASS,0,0,,,,,,,,,,,,,,,,,,,ABOVE,false
792,2024-02-27 01:45,2024-02-27 22:00,114257,114338,82,3198.95,3180,0.587,0,4.7,19.24,BYPASS,0,0,,,,,,,,,,,,,,,,,,,ABOVE,false
793,2024-02-27 22:15,2024-02-29 07:45,114339,114473,135,3253.65,3246.48,0.22,0,5.267,16.25,DOWN,1,1,114341,2024-02-27 22:45,2,114341,2024-02-27 22:45,3250.68,0.586,2,1,0.69,true,114342,2024-02-27 23:00,3245.8,0.26,0.41,true,true,ABOVE,false
794,2024-02-29 08:00,2024-03-02 19:45,114474,114713,240,3476.71,3462.94,0.394,0,3.14,14.64,UP,1,2,114475,2024-02-29 08:15,1,114476,2024-02-29 08:30,3472.42,0.688,2,1,0.98,true,114477,2024-02-29 08:45,3483.71,0.49,0.49,true,true,BELOW,false
795,2024-03-02 20:00,2024-03-03 07:00,114714,114758,45,3432.5,3427.23,0.154,0,7.571,13.72,UP,1,1,114733,2024-03-03 00:45,19,114733,2024-03-03 00:45,3431.15,0.744,19,1,1.17,true,114734,2024-03-03 01:00,3435.34,0.4,0.56,true,true,BELOW,false
796,2024-03-03 07:15,2024-03-03 22:00,114759,114818,60,3418.25,3408.04,0.302,0,7.179,10.18,DOWN,1,4,114766,2024-03-03 09:00,7,114769,2024-03-03 09:45,3410.11,0.203,10,-1,0.35,true,114770,2024-03-03 10:00,3402.6,0.28,0.28,true,true,ABOVE,false
797,2024-03-03 22:15,2024-03-08 06:30,114819,115236,418,3480.89,3474.5,0.183,0,3.929,10.49,DOWN,1,1,114821,2024-03-03 22:45,2,114821,2024-03-03 22:45,3476.58,0.326,2,1,2.99,true,114822,2024-03-03 23:00,3473.23,1.56,1.56,true,true,ABOVE,false
798,2024-03-08 06:45,2024-03-09 13:15,115237,115359,123,3908.2,3897.44,0.273,0,2.595,10.62,DOWN,1,1,115273,2024-03-08 15:45,36,115273,2024-03-08 15:45,3904.01,0.611,36,1,2.03,true,115274,2024-03-08 16:00,3831.26,1.79,1.79,true,true,ABOVE,false
799,2024-03-09 13:30,2024-03-10 13:30,115360,115456,97,3922.32,3913.36,0.228,0,3.274,11.82,UP,1,1,115361,2024-03-09 13:45,1,115361,2024-03-09 13:45,3919.52,0.687,1,-1,0.5,true,115362,2024-03-09 14:00,3928.54,0.25,1.07,true,true,ABOVE,false
800,2024-03-10 13:45,2024-03-11 18:00,115457,115570,114,3930,3923,0.179,0,7.783,11.51,BYPASS,0,0,,,,,,,,,,,,,,,,,,,ABOVE,false
801,2024-03-11 18:15,2024-03-14 18:30,115571,115860,290,4044.8,4038.26,0.16,0,7.003,12.78,DOWN,1,1,115578,2024-03-11 20:00,7,115578,2024-03-11 20:00,4039.23,0.148,7,1,0.62,true,115579,2024-03-11 20:15,4037.42,0.12,0.12,true,true,BELOW,false
802,2024-03-14 18:45,2024-03-17 05:15,115861,116095,235,3852.52,3831.27,0.557,0,9.353,28.38,UP,1,1,115867,2024-03-14 20:15,6,115867,2024-03-14 20:15,3843.16,0.56,6,-1,0.59,true,115868,2024-03-14 20:30,3854.17,0.19,1.7,true,true,BELOW,false
803,2024-03-17 05:30,2024-03-17 15:15,116096,116135,40,3570.57,3561,0.27,0,2.9,14.35,DOWN,1,2,116110,2024-03-17 09:00,14,116111,2024-03-17 09:15,3567.46,0.675,15,-1,0.69,true,116112,2024-03-17 09:30,3555.87,0.42,0.82,true,true,ABOVE,false
804,2024-03-17 15:30,2024-03-26 13:15,116136,116991,856,3595.85,3583,0.354,0,4.854,12.43,DOWN,1,1,116172,2024-03-18 00:30,36,116172,2024-03-18 00:30,3595.46,0.97,36,1,3.46,true,116173,2024-03-18 00:45,3580.87,0.64,0.64,true,true,ABOVE,false
805,2024-03-26 13:30,2024-03-26 18:45,116992,117013,22,3641.6,3630.17,0.316,0,6.483,16.09,BYPASS,0,0,,,,,,,,,,,,,,,,,,,BELOW,false
806,2024-03-26 19:00,2024-03-27 12:45,117014,117085,72,3594,3573.83,0.565,0,1.453,10.15,UP,1,6,117018,2024-03-26 20:00,4,117023,2024-03-26 21:15,3590.42,0.823,9,-1,0.57,true,117024,2024-03-26 21:30,3594.34,0.04,0.04,true,true,OVERLAP,false
807,2024-03-27 13:00,2024-03-28 05:00,117086,117150,65,3594,3570,0.657,1,8.206,34.1,BYPASS,0,0,,,,,,,,,,,,,,,,,,,BELOW,false
808,2024-03-28 05:15,2024-03-29 07:15,117151,117255,105,3522.44,3517.44,0.142,0,3.001,10.02,BYPASS,0,0,,,,,,,,,,,,,,,,,,,ABOVE,false
809,2024-03-29 07:30,2024-03-30 18:45,117256,117397,142,3577.14,3568.09,0.256,0,6.098,11.57,BYPASS,0,0,,,,,,,,,,,,,,,,,,,BELOW,false
810,2024-03-30 19:00,2024-03-31 04:45,117398,117437,40,3530.83,3526.66,0.119,0,8.346,21.09,DOWN,1,1,117422,2024-03-31 01:00,24,117422,2024-03-31 01:00,3527.59,0.223,24,-1,2.5,true,117423,2024-03-31 01:15,3522.49,0.2,0.2,true,true,ABOVE,false
811,2024-03-31 05:00,2024-03-31 18:15,117438,117491,54,3549.79,3542.42,0.206,0,5.64,14.14,BYPASS,0,0,,,,,,,,,,,,,,,,,,,ABOVE,false
812,2024-03-31 18:30,2024-04-04 19:45,117492,117881,390,3631.81,3626.92,0.134,0,9.127,14.59,UP,1,2,117504,2024-03-31 21:30,12,117505,2024-03-31 21:45,3629.16,0.458,13,1,0.77,true,117506,2024-03-31 22:00,3635.97,0,0.63,true,true,BELOW,false
813,2024-04-04 20:00,2024-04-05 05:00,117882,117918,37,3376.93,3361.78,0.458,0,9.803,10.39,BYPASS,0,0,,,,,,,,,,,,,,,,,,,BELOW,false
814,2024-04-05 05:15,2024-04-06 14:45,117919,118053,135,3299.84,3277.75,0.678,0,3.329,10.56,UP,1,9,117922,2024-04-05 06:00,3,117930,2024-04-05 08:00,3295.98,0.825,11,-1,0.85,true,117931,2024-04-05 08:15,3302.26,0.72,2.13,true,true,ABOVE,false
815,2024-04-06 15:00,2024-04-07 12:15,118054,118139,86,3336.53,3331.3,0.156,0,7.025,11.61,UP,1,2,118058,2024-04-06 16:00,4,118059,2024-04-06 16:15,3335.19,0.744,5,1,0.88,true,118060,2024-04-06 16:30,3337.05,0,0,true,true,ABOVE,false
816,2024-04-07 12:30,2024-04-08 07:15,118140,118215,76,3390.18,3386.2,0.117,0,3.747,15.18,DOWN,1,2,118158,2024-04-07 17:00,18,118159,2024-04-07 17:15,3387.43,0.309,19,1,0.51,true,118160,2024-04-07 17:30,3383.61,0.53,0.53,true,true,ABOVE,false
817,2024-04-08 07:30,2024-04-08 11:45,118216,118233,18,3441.58,3433.15,0.243,0,7.999,26.68,BYPASS,0,0,,,,,,,,,,,,,,,,,,,ABOVE,false
818,2024-04-08 12:00,2024-04-10 12:15,118234,118427,194,3637.41,3626.13,0.308,0,4.944,15.86,UP,1,1,118241,2024-04-08 13:45,7,118241,2024-04-08 13:45,3630.81,0.415,7,1,1.79,true,118242,2024-04-08 14:00,3641.39,0.03,0.03,true,true,BELOW,false
819,2024-04-10 12:30,2024-04-12 07:15,118428,118599,172,3521.32,3495.79,0.741,0,8.196,12.27,DOWN,1,1,118436,2024-04-10 14:30,8,118436,2024-04-10 14:30,3499.71,0.154,8,-1,1.39,true,118437,2024-04-10 14:45,3488.41,0.93,0.93,true,true,ABOVE,false
820,2024-04-12 07:30,2024-04-13 19:30,118600,118744,145,3536.63,3529.01,0.217,0,3.705,10.22,UP,1,1,118613,2024-04-12 10:45,13,118613,2024-04-12 10:45,3532.7,0.484,13,-1,2.49,true,118614,2024-04-12 11:00,3536.99,1.47,3.37,true,true,BELOW,false
821,2024-04-13 19:45,2024-04-14 21:45,118745,118849,105,3221.64,3192.1,0.958,0,14.74,52.02,BYPASS,0,0,,,,,,,,,,,,,,,,,,,BELOW,false
822,2024-04-14 22:00,2024-04-16 10:00,118850,118994,145,3070,3048.63,0.68,0,13.458,17.31,UP,1,2,118933,2024-04-15 18:45,83,118934,2024-04-15 19:00,3069.56,0.979,84,-1,1.99,true,118935,2024-04-15 19:15,3083.49,0,0,true,true,ABOVE,false
823,2024-04-16 10:15,2024-04-19 06:15,118995,119267,273,3089.76,3070.76,0.63,0,5.934,15.82,DOWN,1,6,119002,2024-04-16 12:00,7,119007,2024-04-16 13:15,3087.21,0.866,12,-1,0.92,true,119008,2024-04-16 13:30,3064.5,1.92,2.59,true,true,BELOW,false
824,2024-04-19 06:30,2024-04-20 15:15,119268,119399,132,2996.7,2988.07,0.282,0,8.751,13.48,BYPASS,0,0,,,,,,,,,,,,,,,,,,,ABOVE,false
825,2024-04-20 15:30,2024-04-22 13:15,119400,119583,184,3063.38,3058.62,0.154,0,9.552,22.52,BYPASS,0,0,,,,,,,,,,,,,,,,,,,ABOVE,false
826,2024-04-22 13:30,2024-04-24 04:30,119584,119740,157,3203.57,3194,0.3,0,4.435,13.27,DOWN,1,3,119586,2024-04-22 14:00,2,119588,2024-04-22 14:30,3195.2,0.125,4,1,1.98,true,119589,2024-04-22 14:45,3181.78,0.93,0.93,false,true,ABOVE,false
827,2024-04-24 04:45,2024-04-24 18:30,119741,119796,56,3246.1,3239.28,0.209,0,6.107,10.04,DOWN,1,1,119778,2024-04-24 14:00,37,119778,2024-04-24 14:00,3244.2,0.721,37,1,0.61,true,119779,2024-04-24 14:15,3223.95,2.61,4.22,false,false,BELOW,false
828,2024-04-24 18:45,2024-04-25 09:45,119797,119857,61,3170.04,3160.15,0.316,0,10.786,21.3,DOWN,1,2,119823,2024-04-25 01:15,26,119824,2024-04-25 01:30,3161.28,0.114,27,-1,1.01,true,119825,2024-04-25 01:45,3141.32,1.11,1.14,true,true,BELOW,false
829,2024-04-25 10:00,2024-04-26 22:00,119858,120002,145,3136.65,3128.42,0.265,0,9.494,19.17,DOWN,1,2,119874,2024-04-25 14:00,16,119875,2024-04-25 14:15,3132.81,0.533,17,-1,0.6,true,119876,2024-04-25 14:30,3121.2,0.81,0.81,true,true,ABOVE,false
830,2024-04-26 22:15,2024-04-28 05:30,120003,120128,126,3151.69,3144.06,0.244,0,5.267,17.11,UP,1,2,120064,2024-04-27 13:30,61,120065,2024-04-27 13:45,3149.61,0.727,62,-1,1.95,true,120066,2024-04-27 14:00,3157.14,0.26,0.26,true,true,ABOVE,false
831,2024-04-28 05:45,2024-04-28 18:30,120129,120180,52,3308.99,3304.73,0.129,0,4.49,11.59,UP,1,1,120131,2024-04-28 06:15,2,120131,2024-04-28 06:15,3308.51,0.887,2,1,0.5,true,120132,2024-04-28 06:30,3312.86,0,0.97,true,true,ABOVE,false
832,2024-04-28 18:45,2024-04-30 19:00,120181,120374,194,3328.16,3319.2,0.268,0,6.765,15.96,DOWN,1,1,120183,2024-04-28 19:15,2,120183,2024-04-28 19:15,3322.15,0.329,2,1,1.15,true,120184,2024-04-28 19:30,3318.26,0.68,2.05,false,false,BELOW,false
833,2024-04-30 19:15,2024-05-02 01:15,120375,120495,121,2984.96,2950.49,1.172,0,2.747,12.06,DOWN,1,1,120376,2024-04-30 19:30,1,120376,2024-04-30 19:30,2958.22,0.224,1,-1,0.73,true,120377,2024-04-30 19:45,2927.6,0.82,0.82,true,true,OVERLAP,false
834,2024-05-02 01:30,2024-05-02 10:30,120496,120532,37,2984.96,2941.15,1.508,1,6.453,10.98,NONE,1,4,120529,2024-05-02 09:45,33,120532,2024-05-02 10:30,2949.18,0.183,36,1,1.07,true,,,,,,,,OVERLAP,false
835,2024-05-02 10:45,2024-05-03 07:15,120533,120615,83,2984.96,2935.88,1.656,2,3.489,10.17,UP,1,2,120533,2024-05-02 10:45,0,120534,2024-05-02 11:00,2983.79,0.976,1,1,8.1,true,120535,2024-05-02 11:15,2990.46,0,0,true,true,ABOVE,false
836,2024-05-03 07:30,2024-05-03 20:00,120616,120666,51,2989.73,2985.83,0.131,0,4.877,11,BYPASS,0,0,,,,,,,,,,,,,,,,,,,ABOVE,false
837,2024-05-03 20:15,2024-05-04 10:15,120667,120723,57,3077.21,3066.91,0.332,0,4.699,19.71,BYPASS,0,0,,,,,,,,,,,,,,,,,,,ABOVE,false
838,2024-05-04 10:30,2024-05-06 08:00,120724,120906,183,3109.31,3100.2,0.291,0,3.861,10.53,UP,1,2,120772,2024-05-04 22:30,48,120773,2024-05-04 22:45,3106.23,0.662,49,1,0.55,true,120774,2024-05-04 23:00,3112.49,0.57,0.94,true,true,ABOVE,false
839,2024-05-06 08:15,2024-05-07 03:00,120907,120982,76,3184,3174.3,0.302,0,5.901,15.93,BYPASS,0,0,,,,,,,,,,,,,,,,,,,BELOW,false
840,2024-05-07 03:15,2024-05-07 08:00,120983,121002,20,3086.73,3076.24,0.346,0,6.982,21.67,DOWN,1,2,120999,2024-05-07 07:15,16,121000,2024-05-07 07:30,3079.69,0.329,17,-1,0.58,true,121001,2024-05-07 07:45,3076.19,0.11,0.96,true,true,OVERLAP,false
841,2024-05-07 08:15,2024-05-08 20:00,121003,121146,144,3086.73,3072.78,0.448,1,5.475,14.11,DOWN,1,3,121020,2024-05-07 12:30,17,121022,2024-05-07 13:00,3076.82,0.29,19,-1,0.63,true,121023,2024-05-07 13:15,3069.55,0.94,1.55,true,true,BELOW,false
842,2024-05-08 20:15,2024-05-11 00:45,121147,121357,211,3002.82,2982.21,0.698,0,7.009,10.31,UP,1,20,121164,2024-05-09 00:30,17,121183,2024-05-09 05:15,3001.72,0.947,36,-1,2.93,true,121184,2024-05-09 05:30,3008.96,0,1.11,true,true,BELOW,false
843,2024-05-11 01:00,2024-05-12 07:00,121358,121478,121,2916.66,2909.36,0.249,0,3.305,10.51,UP,1,2,121362,2024-05-11 02:00,4,121363,2024-05-11 02:15,2913.73,0.599,5,-1,0.6,true,121364,2024-05-11 02:30,2921.01,0.22,0.22,true,true,ABOVE,false
844,2024-05-12 07:15,2024-05-12 09:45,121479,121489,11,2921.45,2917.03,0.152,0,7.761,19.35,BYPASS,0,0,,,,,,,,,,,,,,,,,,,BELOW,false
845,2024-05-12 10:00,2024-05-13 23:45,121490,121641,152,2915.16,2910.41,0.162,0,12.426,16.61,DOWN,1,1,121554,2024-05-13 02:00,64,121554,2024-05-13 02:00,2912.2,0.377,64,1,1.08,true,121555,2024-05-13 02:15,2897.19,1.6,1.6,false,true,ABOVE,false
846,2024-05-14 00:00,2024-05-14 05:45,121642,121665,24,2950.11,2945.9,0.143,0,3.905,10.63,DOWN,1,3,121642,2024-05-14 00:00,0,121644,2024-05-14 00:30,2946.53,0.15,2,1,2.2,true,121645,2024-05-14 00:45,2944.63,0.33,2.24,true,true,OVERLAP,false
847,2024-05-14 06:00,2024-05-14 17:15,121666,121711,46,2950.11,2940.78,0.322,1,18.992,28.72,BYPASS,0,0,,,,,,,,,,,,,,,,,,,BELOW,false
848,2024-05-14 17:30,2024-05-15 12:15,121712,121787,76,2893.71,2882.37,0.395,0,4.829,16.18,DOWN,1,1,121714,2024-05-14 18:00,2,121714,2024-05-14 18:00,2882.75,0.034,2,-1,0.5,true,121715,2024-05-14 18:15,2877.65,0.21,0.21,true,true,OVERLAP,false
849,2024-05-15 12:30,2024-05-15 18:00,121788,121810,23,2903.34,2882.37,0.712,1,12.414,31.49,BYPASS,0,0,,,,,,,,,,,,,,,,,,,ABOVE,false
850,2024-05-15 18:15,2024-05-16 10:00,121811,121874,64,2989.9,2981.26,0.288,0,2.915,12.02,BYPASS,0,0,,,,,,,,,,,,,,,,,,,ABOVE,false
851,2024-05-16 10:15,2024-05-19 18:45,121875,122197,323,3008.9,3000.22,0.289,0,5.39,14.87,DOWN,1,1,121875,2024-05-16 10:15,0,121875,2024-05-16 10:15,3003.14,0.336,0,1,4.27,true,121876,2024-05-16 10:30,2998.51,0.95,2.37,true,true,ABOVE,false
852,2024-05-19 19:00,2024-05-20 04:15,122198,122235,38,3071.29,3066.89,0.143,0,5.083,12.66,DOWN,1,1,122207,2024-05-19 21:15,9,122207,2024-05-19 21:15,3067.98,0.248,9,-1,0.43,true,122208,2024-05-19 21:30,3064.57,0.19,0.71,true,true,ABOVE,false
853,2024-05-20 04:30,2024-05-20 19:00,122236,122294,59,3093,3084.73,0.265,0,10.292,24.91,UP,1,1,122247,2024-05-20 07:15,11,122247,2024-05-20 07:15,3091.52,0.821,11,1,1,true,122248,2024-05-20 07:30,3094.47,0,0.32,true,true,ABOVE,false
854,2024-05-20 19:15,2024-05-22 17:00,122295,122478,184,3148.56,3140.07,0.253,0,33.399,109.69,BYPASS,0,0,,,,,,,,,,,,,,,,,,,ABOVE,false
855,2024-05-22 17:15,2024-05-23 17:45,122479,122577,99,3765.55,3748.84,0.443,0,3.356,13.25,DOWN,1,1,122490,2024-05-22 20:00,11,122490,2024-05-22 20:00,3753.37,0.271,11,-1,0.52,true,122491,2024-05-22 20:15,3747.51,0.63,0.63,true,true,ABOVE,false
856,2024-05-23 18:00,2024-05-27 19:30,122578,122968,391,3818,3782,0.963,0,4.764,10.22,DOWN,1,3,122583,2024-05-23 19:15,5,122585,2024-05-23 19:45,3793.56,0.321,7,1,0.84,true,122586,2024-05-23 20:00,3675.2,3.07,3.07,true,true,ABOVE,false
857,2024-05-27 19:45,2024-05-28 18:15,122969,123059,91,3923.66,3913.1,0.273,0,13.53,17.88,DOWN,1,2,123026,2024-05-28 10:00,57,123027,2024-05-28 10:15,3915.09,0.188,58,-1,2.52,true,123028,2024-05-28 10:30,3896.67,0.54,2.32,false,false,BELOW,false
858,2024-05-28 18:30,2024-05-29 21:00,123060,123166,107,3844.14,3836.1,0.212,0,13.724,28.62,UP,1,1,123065,2024-05-28 19:45,5,123065,2024-05-28 19:45,3844.02,0.985,5,-1,1.1,true,123066,2024-05-28 20:00,3848.57,0.29,0.29,true,true,BELOW,false
859,2024-05-29 21:15,2024-06-04 08:30,123167,123692,526,3758.46,3751.69,0.18,0,2.639,10.34,DOWN,1,1,123208,2024-05-30 07:30,41,123208,2024-05-30 07:30,3754.62,0.433,41,-1,0.72,true,123209,2024-05-30 07:45,3722.15,1.25,1.25,false,true,ABOVE,false
860,2024-06-04 08:45,2024-06-05 04:45,123693,123773,81,3777.66,3771.53,0.163,0,4.101,11.08,UP,1,1,123710,2024-06-04 13:00,17,123710,2024-06-04 13:00,3777.28,0.938,17,-1,1.7,true,123711,2024-06-04 13:15,3780.58,0.04,0.04,true,true,ABOVE,false
861,2024-06-05 05:00,2024-06-09 04:30,123774,124156,383,3814.53,3806.59,0.21,0,6.789,19.16,UP,1,1,123780,2024-06-05 06:30,6,123780,2024-06-05 06:30,3809.23,0.332,6,1,0.75,true,123781,2024-06-05 06:45,3816.97,0.14,0.44,true,true,BELOW,false
862,2024-06-09 04:45,2024-06-09 16:15,124157,124203,47,3674.75,3672.8,0.053,0,8.016,11.67,BYPASS,0,0,,,,,,,,,,,,,,,,,,,ABOVE,false
863,2024-06-09 16:30,2024-06-09 21:30,124204,124224,21,3696,3691.8,0.114,0,2.341,10.75,BYPASS,0,0,,,,,,,,,,,,,,,,,,,ABOVE,false
864,2024-06-09 21:45,2024-06-11 01:30,124225,124336,112,3703.59,3697.3,0.169,0,14.898,17.12,DOWN,1,3,124234,2024-06-10 00:00,9,124236,2024-06-10 00:30,3698.1,0.127,11,1,0.52,true,124237,2024-06-10 00:45,3695.48,0.29,0.71,true,true,BELOW,false
865,2024-06-11 01:45,2024-06-11 14:45,124337,124389,53,3672,3665.96,0.167,0,25.547,21.74,BYPASS,0,0,,,,,,,,,,,,,,,,,,,BELOW,false
866,2024-06-11 15:00,2024-06-12 12:15,124390,124475,86,3521.87,3512.2,0.274,0,4.286,10.9,DOWN,1,1,124391,2024-06-11 15:15,1,124391,2024-06-11 15:15,3513.5,0.134,1,-1,1.03,true,124392,2024-06-11 15:30,3443.11,2.27,2.27,false,false,ABOVE,false
867,2024-06-12 12:30,2024-06-13 12:15,124476,124571,96,3546.55,3533.99,0.346,0,13.467,23.28,DOWN,1,1,124504,2024-06-12 19:30,28,124504,2024-06-12 19:30,3545.28,0.899,28,1,1.45,true,124505,2024-06-12 19:45,3528.55,0.36,0.36,true,true,BELOW,false
868,2024-06-13 12:30,2024-06-14 13:45,124572,124673,102,3504.44,3495.84,0.246,0,8.425,15.71,UP,1,1,124574,2024-06-13 13:00,2,124574,2024-06-13 13:00,3496.56,0.084,2,-1,0.9,true,124575,2024-06-13 13:15,3509.53,0.68,2,true,true,ABOVE,false
869,2024-06-14 14:00,2024-06-14 21:00,124674,124702,29,3514.2,3507.12,0.203,0,4.557,12.57,BYPASS,0,0,,,,,,,,,,,,,,,,,,,BELOW,false
870,2024-06-14 21:15,2024-06-16 21:45,124703,124897,195,3417.15,3409.9,0.208,0,10.402,27.76,BYPASS,0,0,,,,,,,,,,,,,,,,,,,ABOVE,false
871,2024-06-16 22:00,2024-06-17 19:45,124898,124985,88,3596.5,3589,0.206,0,22.777,13.44,DOWN,1,4,124915,2024-06-17 02:15,17,124918,2024-06-17 03:00,3593.62,0.616,20,1,0.33,true,124919,2024-06-17 03:15,3587.32,0.41,1.56,true,true,BELOW,false
872,2024-06-17 20:00,2024-06-20 07:00,124986,125222,237,3556.29,3546.75,0.272,0,4.829,10.58,UP,1,1,125111,2024-06-19 03:15,125,125111,2024-06-19 03:15,3548.78,0.213,125,1,1.4,true,125112,2024-06-19 03:30,3559,0,0.73,true,true,ABOVE,false
873,2024-06-20 07:15,2024-06-21 07:30,125223,125320,98,3589.47,3578.16,0.314,0,4.402,10.94,DOWN,1,4,125228,2024-06-20 08:30,5,125231,2024-06-20 09:15,3583.99,0.515,8,1,0.61,true,125232,2024-06-20 09:30,3576.41,0.23,2.48,true,true,BELOW,false
874,2024-06-21 07:45,2024-06-23 20:15,125321,125563,243,3514.34,3495.68,0.537,0,5.292,12.64,DOWN,1,5,125328,2024-06-21 09:30,7,125332,2024-06-21 10:30,3500.92,0.281,11,-1,1.04,true,125333,2024-06-21 10:45,3495.21,0.77,1.21,true,true,BELOW,false
875,2024-06-23 20:30,2024-06-24 09:15,125564,125615,52,3476.15,3465.92,0.298,0,12.216,17.6,BYPASS,0,0,,,,,,,,,,,,,,,,,,,BELOW,false
876,2024-06-24 09:30,2024-06-25 02:45,125616,125685,70,3375.51,3353.39,0.675,0,9.352,23.68,DOWN,1,1,125672,2024-06-24 23:30,56,125672,2024-06-24 23:30,3354.8,0.064,56,-1,0.81,true,125673,2024-06-24 23:45,3352,0.53,0.53,false,true,BELOW,false
877,2024-06-25 03:00,2024-06-27 11:45,125686,125913,228,3351.91,3343.5,0.249,0,5.296,19.39,UP,1,1,125708,2024-06-25 08:30,22,125708,2024-06-25 08:30,3349.2,0.678,22,1,1.2,true,125709,2024-06-25 08:45,3353.82,0,0,true,true,ABOVE,false
878,2024-06-27 12:00,2024-06-29 19:15,125914,126135,222,3408.61,3402.02,0.192,0,12.805,11.39,UP,1,1,126022,2024-06-28 15:00,108,126022,2024-06-28 15:00,3406.84,0.731,108,1,1.06,true,126023,2024-06-28 15:15,3415,0.93,1.18,true,true,BELOW,false
879,2024-06-29 19:30,2024-06-30 06:45,126136,126181,46,3391.42,3386.83,0.136,0,4.134,16.9,DOWN,1,1,126145,2024-06-29 21:45,9,126145,2024-06-29 21:45,3387,0.037,9,-1,0.4,true,126146,2024-06-29 22:00,3383.2,0.52,1.13,false,true,BELOW,false
880,2024-06-30 07:00,2024-06-30 17:00,126182,126222,41,3376.78,3370.13,0.196,0,5.068,10.26,BYPASS,0,0,,,,,,,,,,,,,,,,,,,ABOVE,false
881,2024-06-30 17:15,2024-07-01 00:45,126223,126253,31,3396.77,3391.61,0.151,0,10.844,19.19,BYPASS,0,0,,,,,,,,,,,,,,,,,,,ABOVE,false
882,2024-07-01 01:00,2024-07-03 01:30,126254,126448,195,3444.54,3438.07,0.185,0,9.71,29.44,DOWN,1,2,126341,2024-07-01 22:45,87,126342,2024-07-01 23:00,3441.44,0.521,88,-1,0.8,true,126343,2024-07-01 23:15,3437.05,0.16,0.16,true,true,BELOW,false
883,2024-07-03 01:45,2024-07-03 09:45,126449,126481,33,3420.41,3410,0.307,0,11.778,14.3,BYPASS,0,0,,,,,,,,,,,,,,,,,,,BELOW,false
884,2024-07-03 10:00,2024-07-06 13:30,126482,126784,303,3346.65,3339.39,0.219,0,14.492,19.84,BYPASS,0,0,,,,,,,,,,,,,,,,,,,BELOW,false
885,2024-07-06 13:45,2024-07-08 07:45,126785,126953,169,3005.65,2999.52,0.204,0,4.072,13.48,UP,1,1,126787,2024-07-06 14:15,2,126787,2024-07-06 14:15,3000.15,0.103,2,1,0.72,true,126788,2024-07-06 14:30,3007.51,0,0,true,true,BELOW,false
886,2024-07-08 08:00,2024-07-09 21:45,126954,127105,152,2927.31,2916.46,0.367,0,5.541,11.07,BYPASS,0,0,,,,,,,,,,,,,,,,,,,ABOVE,false
887,2024-07-09 22:00,2024-07-11 12:15,127106,127259,154,3062.08,3056,0.199,0,3.768,10.44,DOWN,1,2,127108,2024-07-09 22:30,2,127109,2024-07-09 22:45,3058.35,0.387,3,1,2.15,true,127110,2024-07-09 23:00,3055.01,1.09,1.09,true,true,ABOVE,false
888,2024-07-11 12:30,2024-07-14 04:00,127260,127514,255,3156.64,3125.35,0.982,0,4.436,11.64,DOWN,1,6,127267,2024-07-11 14:15,7,127272,2024-07-11 15:30,3127.27,0.061,12,1,1.14,true,127273,2024-07-11 15:45,3116.66,0.95,1.19,true,true,ABOVE,false
889,2024-07-14 04:15,2024-07-15 19:00,127515,127670,156,3178,3169.82,0.257,0,4.475,10.19,UP,1,1,127555,2024-07-14 14:15,40,127555,2024-07-14 14:15,3175.5,0.694,40,1,0.91,true,127556,2024-07-14 14:30,3183.07,0,0,true,true,ABOVE,false
890,2024-07-15 19:15,2024-07-15 21:45,127671,127681,11,3397.95,3387.33,0.314,0,8.973,13.57,BYPASS,0,0,,,,,,,,,,,,,,,,,,,ABOVE,false
891,2024-07-15 22:00,2024-07-18 06:30,127682,127908,227,3429.56,3418.04,0.334,0,5.145,16.3,UP,1,1,127714,2024-07-16 06:00,32,127714,2024-07-16 06:00,3420.39,0.204,32,1,1.56,true,127715,2024-07-16 06:15,3433,1.88,2.14,false,true,OVERLAP,false
892,2024-07-18 06:45,2024-07-20 06:45,127909,128101,193,3438.8,3418.04,0.603,1,4.455,10.24,UP,1,3,127911,2024-07-18 07:15,2,127913,2024-07-18 07:45,3431.9,0.668,4,-1,0.61,true,127914,2024-07-18 08:00,3442.03,0,0,true,true,ABOVE,false
893,2024-07-20 07:00,2024-07-20 20:45,128102,128157,56,3502.81,3499.27,0.101,0,4.094,12.08,UP,1,2,128137,2024-07-20 15:45,35,128138,2024-07-20 16:00,3500.35,0.305,36,1,1,true,128139,2024-07-20 16:15,3504.18,0.29,0.29,true,true,ABOVE,false
894,2024-07-20 21:00,2024-07-21 17:30,128158,128240,83,3524.43,3520.35,0.116,0,7.02,11.48,DOWN,1,2,128170,2024-07-21 00:00,12,128171,2024-07-21 00:15,3521.86,0.37,13,1,1.26,true,128172,2024-07-21 00:30,3509.68,0.52,1.1,true,true,BELOW,false
895,2024-07-21 17:45,2024-07-25 00:45,128241,128557,317,3506.73,3500.84,0.17,0,17.217,16.89,UP,1,1,128255,2024-07-21 21:15,14,128255,2024-07-21 21:15,3504.15,0.562,14,-1,0.49,true,128256,2024-07-21 21:30,3510,0,0,true,true,BELOW,false
896,2024-07-25 01:00,2024-07-27 11:45,128558,128793,236,3334.73,3318.79,0.494,0,17.112,26.41,BYPASS,0,0,,,,,,,,,,,,,,,,,,,BELOW,false
897,2024-07-27 12:00,2024-07-28 23:45,128794,128937,144,3277.85,3272.01,0.177,0,9.182,12.1,DOWN,1,1,128837,2024-07-27 22:45,43,128837,2024-07-27 22:45,3273.95,0.332,43,-1,0.11,true,128838,2024-07-27 23:00,3254.78,1.47,2.33,false,false,BELOW,false
898,2024-07-29 00:00,2024-08-02 02:00,128938,129330,393,3272,3268.02,0.121,0,9.346,14.22,UP,1,1,129005,2024-07-29 16:45,67,129005,2024-07-29 16:45,3270.16,0.538,67,-1,0.91,true,129006,2024-07-29 17:00,3304.04,0,0,true,true,BELOW,false
899,2024-08-02 02:15,2024-08-02 12:15,129331,129371,41,3182.68,3171.76,0.347,0,7.189,10.47,BYPASS,0,0,,,,,,,,,,,,,,,,,,,BELOW,false
900,2024-08-02 12:30,2024-08-03 15:00,129372,129478,107,3151.7,3141.41,0.328,0,5.175,10.74,UP,1,2,129374,2024-08-02 13:00,2,129375,2024-08-02 13:15,3147.8,0.621,3,1,1.38,true,129376,2024-08-02 13:30,3175,5.02,5.02,true,true,BELOW,false
901,2024-08-03 15:15,2024-08-04 16:45,129479,129581,103,3004,2998,0.202,0,5.897,12.08,BYPASS,0,0,,,,,,,,,,,,,,,,,,,BELOW,false
902,2024-08-04 17:00,2024-08-08 12:15,129582,129947,366,2833.91,2804.08,1.086,0,4.46,10.36,BYPASS,0,0,,,,,,,,,,,,,,,,,,,BELOW,false
903,2024-08-08 12:30,2024-08-08 15:45,129948,129961,14,2447.7,2437.8,0.397,0,9.072,38.73,DOWN,1,1,129952,2024-08-08 13:30,4,129952,2024-08-08 13:30,2445.77,0.805,4,1,1.97,true,129953,2024-08-08 13:45,2432.86,0.38,0.38,true,true,ABOVE,false
904,2024-08-08 16:00,2024-08-08 21:15,129962,129983,22,2509.84,2485.53,0.946,0,4.131,12.65,BYPASS,0,0,,,,,,,,,,,,,,,,,,,ABOVE,false
905,2024-08-08 21:30,2024-08-11 02:45,129984,130197,214,2582.62,2575.02,0.291,0,10.428,23.4,DOWN,1,1,130055,2024-08-09 15:15,71,130055,2024-08-09 15:15,2579.61,0.604,71,-1,0.42,true,130056,2024-08-09 15:30,2569,0.92,0.92,true,true,ABOVE,false
906,2024-08-11 03:00,2024-08-11 19:45,130198,130265,68,2627,2622.46,0.172,0,4.065,16.93,UP,1,1,130234,2024-08-11 12:00,36,130234,2024-08-11 12:00,2625.48,0.665,36,1,1.77,true,130235,2024-08-11 12:15,2640.41,0.27,1.14,true,true,BELOW,false
907,2024-08-11 20:00,2024-08-13 02:45,130266,130389,124,2608.98,2597.94,0.43,0,10.736,15.58,BYPASS,0,0,,,,,,,,,,,,,,,,,,,ABOVE,false
908,2024-08-13 03:00,2024-08-14 21:45,130390,130561,172,2714.44,2706.53,0.297,0,22.008,40.13,UP,1,3,130445,2024-08-13 16:45,55,130447,2024-08-13 17:15,2710.99,0.564,57,-1,0.8,true,130448,2024-08-13 17:30,2723.01,1.23,1.23,true,true,BELOW,false
909,2024-08-14 22:00,2024-08-15 12:15,130562,130619,58,2671.71,2661.49,0.385,0,4.525,15.45,DOWN,1,1,130563,2024-08-14 22:15,1,130563,2024-08-14 22:15,2664.87,0.331,1,-1,0.87,true,130564,2024-08-14 22:30,2661.35,0.31,1.1,true,true,BELOW,false
910,2024-08-15 12:30,2024-08-17 21:00,130620,130846,227,2643.02,2633.17,0.37,0,5.009,10.22,UP,1,1,130621,2024-08-15 12:45,1,130621,2024-08-15 12:45,2640.56,0.75,1,-1,3.13,true,130622,2024-08-15 13:00,2648.52,0,3.93,true,true,BELOW,false
911,2024-08-17 21:15,2024-08-18 09:30,130847,130896,50,2616,2611.59,0.169,0,5.547,20.22,DOWN,1,1,130857,2024-08-17 23:45,10,130857,2024-08-17 23:45,2613.18,0.361,10,1,0.53,true,130858,2024-08-18 00:00,2611.19,0.32,0.71,true,true,ABOVE,false
912,2024-08-18 09:45,2024-08-19 09:30,130897,130992,96,2624.76,2617.7,0.267,0,8.743,17.25,UP,1,2,130958,2024-08-19 01:00,61,130959,2024-08-19 01:15,2619.58,0.266,62,-1,0.59,true,130960,2024-08-19 01:30,2633.26,0,0.3,true,true,OVERLAP,false
913,2024-08-19 09:45,2024-08-21 01:00,130993,131150,158,2624.76,2611.84,0.501,1,12.416,15.12,DOWN,1,2,131036,2024-08-19 20:30,43,131037,2024-08-19 20:45,2614.18,0.181,44,-1,0.79,true,131038,2024-08-19 21:00,2611.6,0.01,0.01,true,true,BELOW,false
914,2024-08-21 01:15,2024-08-21 13:15,131151,131199,49,2580.2,2572.45,0.302,0,4.254,10.61,UP,1,1,131152,2024-08-21 01:30,1,131152,2024-08-21 01:30,2575.85,0.439,1,-1,0.92,true,131153,2024-08-21 01:45,2583.61,0,0,true,true,OVERLAP,false
915,2024-08-21 13:30,2024-08-23 04:45,131200,131357,158,2580.71,2572.45,0.324,1,19.885,42.54,BYPASS,0,0,,,,,,,,,,,,,,,,,,,ABOVE,false
916,2024-08-23 05:00,2024-08-23 10:45,131358,131381,24,2637.39,2632.8,0.173,0,6.092,11.31,BYPASS,0,0,,,,,,,,,,,,,,,,,,,ABOVE,false
917,2024-08-23 11:00,2024-08-24 04:45,131382,131453,72,2669.83,2663.44,0.24,0,6.14,14.09,DOWN,1,1,131389,2024-08-23 12:45,7,131389,2024-08-23 12:45,2667.67,0.662,7,1,2.08,true,131390,2024-08-23 13:00,2660.1,1.22,1.22,true,true,ABOVE,false
918,2024-08-24 05:00,2024-08-24 16:00,131454,131498,45,2747.86,2744.21,0.133,0,3.834,15.49,UP,1,1,131454,2024-08-24 05:00,0,131454,2024-08-24 05:00,2747,0.764,0,1,1.81,true,131455,2024-08-24 05:15,2750,0,0,true,true,ABOVE,false
919,2024-08-24 16:15,2024-08-24 20:00,131499,131514,16,2766.76,2758.64,0.289,0,9.137,21.02,BYPASS,0,0,,,,,,,,,,,,,,,,,,,ABOVE,false
920,2024-08-24 20:15,2024-08-26 02:00,131515,131634,120,2793,2787.82,0.185,0,6.772,12.36,DOWN,1,1,131517,2024-08-24 20:45,2,131517,2024-08-24 20:45,2789.81,0.384,2,1,0.15,true,131518,2024-08-24 21:00,2783.22,2.1,2.1,false,false,BELOW,false
921,2024-08-26 02:15,2024-08-26 09:00,131635,131662,28,2747.23,2738,0.337,0,3.124,10.97,UP,1,6,131637,2024-08-26 02:45,2,131642,2024-08-26 04:00,2742.6,0.498,7,-1,0.56,true,131643,2024-08-26 04:15,2748.11,0.22,1.19,true,true,BELOW,false
922,2024-08-26 09:15,2024-08-27 20:45,131663,131805,143,2735.83,2731.05,0.175,0,4.291,11.75,UP,1,1,131669,2024-08-26 10:45,6,131669,2024-08-26 10:45,2735.55,0.941,6,-1,0.71,true,131670,2024-08-26 11:00,2742.06,0.52,1.11,true,true,BELOW,false
923,2024-08-27 21:00,2024-08-29 17:45,131806,131985,180,2585.39,2579.07,0.247,0,13.156,36.77,DOWN,1,1,131975,2024-08-29 15:15,169,131975,2024-08-29 15:15,2581.93,0.453,169,1,1.21,true,131976,2024-08-29 15:30,2578.91,0.72,2.72,true,true,BELOW,false
924,2024-08-29 18:00,2024-08-29 21:45,131986,132001,16,2578.35,2570.67,0.301,0,6.742,13.44,BYPASS,0,0,,,,,,,,,,,,,,,,,,,BELOW,false
925,2024-08-29 22:00,2024-08-30 21:45,132002,132097,96,2534.22,2528,0.247,0,7.712,22.5,DOWN,1,1,132006,2024-08-29 23:00,4,132006,2024-08-29 23:00,2529.01,0.162,4,-1,0.35,true,132007,2024-08-29 23:15,2526.91,0.47,1,false,false,BELOW,false
926,2024-08-30 22:00,2024-08-31 16:30,132098,132172,75,2518.46,2514.85,0.143,0,6.87,12.62,UP,1,1,132135,2024-08-31 07:15,37,132135,2024-08-31 07:15,2518.01,0.875,37,1,2.21,true,132136,2024-08-31 07:30,2521.06,0.19,0.19,true,true,OVERLAP,false
927,2024-08-31 16:45,2024-09-01 13:15,132173,132255,83,2518.46,2513.47,0.199,1,7.701,21.59,UP,1,2,132192,2024-08-31 21:30,19,132193,2024-08-31 21:45,2516.46,0.599,20,-1,2.24,true,132194,2024-08-31 22:00,2520.99,0.17,1.53,true,true,BELOW,false
928,2024-09-01 13:30,2024-09-03 01:45,132256,132401,146,2471.83,2463.37,0.344,0,2.881,14,DOWN,1,1,132257,2024-09-01 13:45,1,132257,2024-09-01 13:45,2471.48,0.959,1,-1,2.8,true,132258,2024-09-01 14:00,2446,0.8,0.8,true,true,ABOVE,false
929,2024-09-03 02:00,2024-09-03 08:15,132402,132427,26,2534.85,2526.57,0.325,0,5.503,11.03,DOWN,1,3,132403,2024-09-03 02:15,1,132405,2024-09-03 02:45,2527.84,0.153,3,1,0.68,true,132406,2024-09-03 03:00,2525.35,0.58,1.37,false,false,BELOW,false
930,2024-09-03 08:30,2024-09-03 13:15,132428,132447,20,2517.15,2513.13,0.161,0,10.073,13.15,DOWN,1,1,132444,2024-09-03 12:30,16,132444,2024-09-03 12:30,2515.92,0.694,16,-1,1.27,true,132445,2024-09-03 12:45,2509.45,2.83,3.13,true,true,OVERLAP,false
931,2024-09-03 13:30,2024-09-05 02:45,132448,132597,150,2517.15,2503.09,0.567,1,10.531,23.1,BYPASS,0,0,,,,,,,,,,,,,,,,,,,BELOW,false
932,2024-09-05 03:00,2024-09-06 07:00,132598,132710,113,2449.76,2443.77,0.247,0,9.505,14.73,BYPASS,0,0,,,,,,,,,,,,,,,,,,,BELOW,false
933,2024-09-06 07:15,2024-09-09 15:45,132711,133033,323,2379,2365.14,0.593,0,12.308,42.23,UP,1,9,132723,2024-09-06 10:15,12,132731,2024-09-06 12:15,2370.09,0.357,20,-1,1.27,true,132732,2024-09-06 12:30,2391.33,1.84,6.38,true,true,BELOW,false
934,2024-09-09 16:00,2024-09-09 20:45,133034,133053,20,2296.08,2286.28,0.421,0,6.564,14.46,BYPASS,0,0,,,,,,,,,,,,,,,,,,,ABOVE,false
935,2024-09-09 21:00,2024-09-10 07:00,133054,133094,41,2342.47,2337.38,0.216,0,4.77,12.38,UP,1,1,133067,2024-09-10 00:15,13,133067,2024-09-10 00:15,2337.91,0.104,13,1,2.08,true,133068,2024-09-10 00:30,2346.2,0.19,0.49,true,true,OVERLAP,false
936,2024-09-10 07:15,2024-09-11 10:00,133095,133202,108,2344.86,2337.38,0.317,1,6.784,17.33,UP,1,1,133106,2024-09-10 10:00,11,133106,2024-09-10 10:00,2339.56,0.291,11,1,1.37,true,133107,2024-09-10 10:15,2347.19,0,0.78,true,true,BELOW,false
937,2024-09-11 10:15,2024-09-14 17:45,133203,133521,319,2329.25,2322.6,0.287,0,4.962,12.57,UP,1,3,133208,2024-09-11 11:30,5,133210,2024-09-11 12:00,2328.75,0.925,7,-1,0.69,true,133211,2024-09-11 12:15,2332.78,1.77,2.01,true,true,ABOVE,false
938,2024-09-14 18:00,2024-09-19 11:45,133522,133977,456,2413.5,2412,0.063,0,69.34,89.96,UP,1,2,133538,2024-09-14 22:00,16,133539,2024-09-14 22:15,2412.72,0.48,17,-1,0.23,true,133540,2024-09-14 22:30,2416.51,0,0,true,true,ABOVE,false
939,2024-09-19 12:00,2024-09-20 12:45,133978,134077,100,2436.43,2428.48,0.326,0,3.769,14.69,UP,1,3,133979,2024-09-19 12:15,1,133981,2024-09-19 12:45,2434.5,0.757,3,1,1.22,true,133982,2024-09-19 13:00,2440.65,0.37,0.37,true,true,ABOVE,false
940,2024-09-20 13:00,2024-09-20 20:45,134078,134109,32,2557.44,2550.5,0.274,0,4.979,11.83,DOWN,1,1,134084,2024-09-20 14:30,6,134084,2024-09-20 14:30,2553.34,0.409,6,1,2.8,true,134085,2024-09-20 14:45,2545.49,1.17,1.17,true,true,BELOW,false
941,2024-09-20 21:00,2024-09-21 00:00,134110,134122,13,2546.4,2539,0.29,0,3.302,17.41,UP,1,2,134112,2024-09-20 21:30,2,134113,2024-09-20 21:45,2544.53,0.747,3,1,0.34,true,134114,2024-09-20 22:00,2549.17,0,0.27,true,true,ABOVE,false
942,2024-09-21 00:15,2024-09-21 18:45,134123,134197,75,2561,2553.11,0.307,0,7.412,12.44,DOWN,1,2,134126,2024-09-21 01:00,3,134127,2024-09-21 01:15,2558.84,0.726,4,1,1.65,true,134128,2024-09-21 01:30,2549.52,0.82,1,false,false,ABOVE,false
943,2024-09-21 19:00,2024-09-23 21:00,134198,134398,201,2569,2566.33,0.104,0,3.746,11.74,DOWN,1,3,134202,2024-09-21 20:00,4,134204,2024-09-21 20:30,2567.48,0.431,6,1,0.29,true,134205,2024-09-21 20:45,2564.35,0.3,0.3,true,true,ABOVE,false
944,2024-09-23 21:15,2024-09-24 00:15,134399,134411,13,2661.94,2656.88,0.19,0,5.003,11.18,DOWN,1,1,134399,2024-09-23 21:15,0,134399,2024-09-23 21:15,2657.29,0.081,0,1,2.9,true,134400,2024-09-23 21:30,2651.08,0.73,1.85,false,false,BELOW,false
945,2024-09-24 00:30,2024-09-25 09:45,134412,134545,134,2648.87,2640.23,0.327,0,5.308,12.33,DOWN,1,1,134412,2024-09-24 00:30,0,134412,2024-09-24 00:30,2643.66,0.397,0,1,4.62,true,134413,2024-09-24 00:45,2627.03,1.23,1.23,false,true,BELOW,false
946,2024-09-25 10:00,2024-10-01 04:15,134546,135099,554,2623.71,2619.04,0.178,0,3.325,12.32,UP,1,3,134549,2024-09-25 10:45,3,134551,2024-09-25 11:15,2620.42,0.296,5,-1,1.7,true,134552,2024-09-25 11:30,2624.29,0.69,2.21,true,true,ABOVE,false
947,2024-10-01 04:30,2024-10-02 21:45,135100,135265,166,2634.88,2627.5,0.279,0,5.526,12.07,UP,1,3,135121,2024-10-01 09:45,21,135123,2024-10-01 10:15,2634.65,0.969,23,1,0.42,true,135124,2024-10-01 10:30,2635.91,0.3,5.61,true,true,BELOW,false
948,2024-10-02 22:00,2024-10-04 12:15,135266,135419,154,2382.36,2370.64,0.497,0,2.794,13.26,DOWN,1,3,135268,2024-10-02 22:30,2,135270,2024-10-02 23:00,2374.55,0.334,4,-1,0.29,true,135271,2024-10-02 23:15,2370.51,0.8,0.8,true,true,OVERLAP,false
949,2024-10-04 12:30,2024-10-05 02:30,135420,135476,57,2387.67,2370.64,0.717,1,5.727,10.23,UP,1,1,135420,2024-10-04 12:30,0,135420,2024-10-04 12:30,2374.56,0.23,0,1,7.96,true,135421,2024-10-04 12:45,2396.1,0.82,0.82,true,true,ABOVE,false
950,2024-10-05 02:45,2024-10-05 17:45,135477,135537,61,2415.77,2410.16,0.234,0,6.24,13.75,UP,1,3,135486,2024-10-05 05:00,9,135488,2024-10-05 05:30,2414.15,0.711,11,1,0.51,true,135489,2024-10-05 05:45,2416.79,0,0,true,true,BELOW,false
951,2024-10-05 18:00,2024-10-06 08:00,135538,135594,57,2409.44,2406.82,0.109,0,10.109,19.04,UP,1,1,135554,2024-10-05 22:00,16,135554,2024-10-05 22:00,2408.72,0.725,16,-1,1.56,true,135555,2024-10-05 22:15,2411.46,0,0.04,true,true,ABOVE,false
952,2024-10-06 08:15,2024-10-07 22:30,135595,135748,154,2417.47,2414.36,0.128,0,10.948,25.35,UP,1,1,135649,2024-10-06 21:45,54,135649,2024-10-06 21:45,2416.69,0.749,54,1,4.43,true,135650,2024-10-06 22:00,2424.79,0,0,true,true,ABOVE,false
953,2024-10-07 22:45,2024-10-09 20:30,135749,135932,184,2454.1,2444.67,0.39,0,5.388,12.19,DOWN,1,1,135809,2024-10-08 13:45,60,135809,2024-10-08 13:45,2447,0.247,60,-1,3.38,true,135810,2024-10-08 14:00,2433.73,1.83,1.83,false,true,BELOW,false
954,2024-10-09 20:45,2024-10-10 05:30,135933,135968,36,2415.58,2409.24,0.269,0,17.505,17.71,BYPASS,0,0,,,,,,,,,,,,,,,,,,,BELOW,false
955,2024-10-10 05:45,2024-10-10 12:15,135969,135995,27,2398.8,2393,0.241,0,5.249,16.88,DOWN,1,3,135975,2024-10-10 07:15,6,135977,2024-10-10 07:45,2394.56,0.269,8,-1,0.78,true,135978,2024-10-10 08:00,2390.56,1.11,1.11,true,true,OVERLAP,false
956,2024-10-10 12:30,2024-10-11 01:30,135996,136048,53,2405.96,2393,0.543,1,4.826,10.23,DOWN,1,4,136009,2024-10-10 15:45,13,136012,2024-10-10 16:30,2401.41,0.649,16,-1,0.77,true,136013,2024-10-10 16:45,2392.2,2.66,2.66,false,false,BELOW,false
957,2024-10-11 01:45,2024-10-12 14:15,136049,136195,147,2385,2381.36,0.151,0,7.363,12.11,BYPASS,0,0,,,,,,,,,,,,,,,,,,,ABOVE,false
958,2024-10-12 14:30,2024-10-14 03:00,136196,136342,147,2463.18,2458.05,0.208,0,6.508,18.64,DOWN,1,1,136247,2024-10-13 03:15,51,136247,2024-10-13 03:15,2459.86,0.353,51,1,5.89,true,136248,2024-10-13 03:30,2457.16,0.12,0.12,true,true,BELOW,false
959,2024-10-14 03:15,2024-10-17 01:15,136343,136623,281,2455.1,2450.02,0.205,0,7.058,14.91,BYPASS,0,0,,,,,,,,,,,,,,,,,,,ABOVE,false
960,2024-10-17 01:30,2024-10-17 21:45,136624,136705,82,2620,2617,0.115,0,3.798,13.72,UP,1,1,136624,2024-10-17 01:30,0,136624,2024-10-17 01:30,2619.92,0.973,0,1,2.61,true,136625,2024-10-17 01:45,2642,0.03,0.03,true,true,BELOW,false
961,2024-10-17 22:00,2024-10-20 06:30,136706,136932,227,2604.92,2598.32,0.253,0,4.422,13.16,UP,1,3,136710,2024-10-17 23:00,4,136712,2024-10-17 23:30,2604.1,0.876,6,-1,0.48,true,136713,2024-10-17 23:45,2605.01,0.1,0.1,true,true,ABOVE,false
962,2024-10-20 06:45,2024-10-20 11:45,136933,136953,21,2643.37,2641.14,0.084,0,9.697,17.52,BYPASS,0,0,,,,,,,,,,,,,,,,,,,ABOVE,false
963,2024-10-20 12:00,2024-10-21 12:15,136954,137051,98,2649.97,2647.34,0.099,0,3.553,11.11,BYPASS,0,0,,,,,,,,,,,,,,,,,,,ABOVE,false
964,2024-10-21 12:30,2024-10-25 04:00,137052,137402,351,2710.7,2705,0.212,0,6.096,10.3,BYPASS,0,0,,,,,,,,,,,,,,,,,,,BELOW,false
965,2024-10-25 04:15,2024-10-25 22:30,137403,137476,74,2522.13,2513.52,0.345,0,5.101,11.37,UP,1,1,137421,2024-10-25 08:45,18,137421,2024-10-25 08:45,2516.79,0.38,18,-1,1.35,true,137422,2024-10-25 09:00,2526.54,0,0,true,true,BELOW,false
966,2024-10-25 22:45,2024-10-28 09:30,137477,137712,236,2491.32,2485.09,0.253,0,7.35,19.51,UP,1,2,137561,2024-10-26 19:45,84,137562,2024-10-26 20:00,2490.12,0.807,85,-1,1.54,true,137563,2024-10-26 20:15,2505.23,0,0.6,true,true,ABOVE,false
967,2024-10-28 09:45,2024-10-30 17:15,137713,137935,223,2510.53,2504.22,0.248,0,5.802,21.6,DOWN,1,1,137736,2024-10-28 15:30,23,137736,2024-10-28 15:30,2508.55,0.686,23,1,1.05,true,137737,2024-10-28 15:45,2500.3,0.77,0.77,true,true,ABOVE,false
968,2024-10-30 17:30,2024-10-31 01:15,137936,137967,32,2685.45,2679.65,0.217,0,6.149,10.26,DOWN,1,1,137938,2024-10-30 18:00,2,137938,2024-10-30 18:00,2680.79,0.197,2,1,0.35,true,137939,2024-10-30 18:15,2679.46,1.7,1.7,false,true,BELOW,false
969,2024-10-31 01:30,2024-10-31 13:00,137968,138014,47,2665.64,2661,0.175,0,7.522,23.83,DOWN,1,1,137969,2024-10-31 01:45,1,137969,2024-10-31 01:45,2663.27,0.489,1,1,1.55,true,137970,2024-10-31 02:00,2653.57,0.44,1.1,true,true,BELOW,false
970,2024-10-31 13:15,2024-10-31 17:15,138015,138031,17,2639.8,2632.5,0.278,0,4.1,10.8,BYPASS,0,0,,,,,,,,,,,,,,,,,,,BELOW,false
971,2024-10-31 17:30,2024-11-01 12:15,138032,138107,76,2560.89,2546.51,0.566,0,5.685,11.52,BYPASS,0,0,,,,,,,,,,,,,,,,,,,BELOW,false
972,2024-11-01 12:30,2024-11-03 08:00,138108,138282,175,2523.83,2518.51,0.21,0,9.768,11.97,UP,1,1,138122,2024-11-01 16:00,14,138122,2024-11-01 16:00,2522.62,0.773,14,1,1.33,true,138123,2024-11-01 16:15,2523.96,0.51,1.29,true,true,BELOW,false
973,2024-11-03 08:15,2024-11-04 21:00,138283,138430,148,2451.4,2445.78,0.229,0,4.807,14.14,UP,1,1,138283,2024-11-03 08:15,0,138283,2024-11-03 08:15,2448.98,0.569,0,-1,4,true,138284,2024-11-03 08:30,2452.69,0,0.97,true,true,BELOW,false
974,2024-11-04 21:15,2024-11-05 14:00,138431,138498,68,2429.34,2421.25,0.335,0,7.841,15.03,UP,1,7,138458,2024-11-05 04:00,27,138464,2024-11-05 05:30,2427.12,0.726,33,-1,0.43,true,138465,2024-11-05 05:45,2431.37,0.01,0.01,true,true,ABOVE,false
975,2024-11-05 14:15,2024-11-05 19:30,138499,138520,22,2444.11,2437.75,0.259,0,7.038,18.38,UP,1,1,138505,2024-11-05 15:45,6,138505,2024-11-05 15:45,2440.22,0.388,6,1,0.92,true,138506,2024-11-05 16:00,2445.24,0,1.54,true,true,OVERLAP,false
976,2024-11-05 19:45,2024-11-06 02:00,138521,138546,26,2446.67,2437.75,0.371,1,16.396,26.75,BYPASS,0,0,,,,,,,,,,,,,,,,,,,ABOVE,false
977,2024-11-06 02:15,2024-11-07 05:45,138547,138657,111,2495.98,2475.86,0.792,0,4.53,10.81,BYPASS,0,0,,,,,,,,,,,,,,,,,,,ABOVE,false
978,2024-11-07 06:00,2024-11-09 04:15,138658,138843,186,2849.62,2837.11,0.445,0,2.824,14.78,DOWN,1,1,138697,2024-11-07 15:45,39,138697,2024-11-07 15:45,2848.14,0.882,39,1,1.87,true,138698,2024-11-07 16:00,2835.89,0.44,0.44,true,true,ABOVE,false
979,2024-11-09 04:30,2024-11-09 16:45,138844,138893,50,2968.75,2962.05,0.226,0,6.624,29.79,BYPASS,0,0,,,,,,,,,,,,,,,,,,,ABOVE,false
980,2024-11-09 17:00,2024-11-09 22:30,138894,138916,23,3034.2,3026.4,0.26,0,10.74,11.12,BYPASS,0,0,,,,,,,,,,,,,,,,,,,ABOVE,false
981,2024-11-09 22:45,2024-11-10 14:15,138917,138979,63,3092.87,3078.26,0.466,0,5.265,12.21,BYPASS,0,0,,,,,,,,,,,,,,,,,,,ABOVE,false
982,2024-11-10 14:30,2024-11-10 17:15,138980,138991,12,3211.73,3202.38,0.294,0,3.321,12.52,DOWN,1,1,138982,2024-11-10 15:00,2,138982,2024-11-10 15:00,3205.81,0.367,2,1,0.91,true,138983,2024-11-10 15:15,3200.01,0.28,4.01,true,true,OVERLAP,false
983,2024-11-10 17:30,2024-11-11 12:00,138992,139066,75,3215.34,3202.38,0.402,1,5.306,15.05,UP,1,1,138993,2024-11-10 17:45,1,138993,2024-11-10 17:45,3212.81,0.805,1,1,2.56,true,138994,2024-11-10 18:00,3224.35,1.88,4.01,true,true,OVERLAP,false
984,2024-11-11 12:15,2024-11-17 01:15,139067,139599,533,3215.34,3197.58,0.559,2,5.501,12.36,UP,1,1,139078,2024-11-11 15:00,11,139078,2024-11-11 15:00,3201.93,0.245,11,-1,1.41,true,139079,2024-11-11 15:15,3225.13,0,0,true,true,BELOW,false
985,2024-11-17 01:30,2024-11-17 10:45,139600,139637,38,3148.74,3138.23,0.339,0,9.029,19.38,UP,1,3,139623,2024-11-17 07:15,23,139625,2024-11-17 07:45,3139.22,0.094,25,-1,0.53,true,139626,2024-11-17 08:00,3150.83,0.2,1.89,true,true,OVERLAP,false
986,2024-11-17 11:00,2024-11-18 15:15,139638,139751,114,3149,3136.23,0.41,1,3.572,12.65,UP,1,1,139716,2024-11-18 06:30,78,139716,2024-11-18 06:30,3142.44,0.486,78,-1,2.86,true,139717,2024-11-18 06:45,3149.57,0.57,2.7,true,true,BELOW,false
987,2024-11-18 15:30,2024-11-19 04:30,139752,139804,53,3099.85,3086.52,0.424,0,5.909,10.64,BYPASS,0,0,,,,,,,,,,,,,,,,,,,ABOVE,false
988,2024-11-19 04:45,2024-11-20 13:45,139805,139937,133,3161.55,3152.25,0.297,0,4.747,18.18,BYPASS,0,0,,,,,,,,,,,,,,,,,,,BELOW,false
989,2024-11-20 14:00,2024-11-21 10:45,139938,140021,84,3115.69,3103.59,0.384,0,6.632,12.66,UP,1,1,139940,2024-11-20 14:30,2,139940,2024-11-20 14:30,3109.46,0.485,2,-1,3.59,true,139941,2024-11-20 14:45,3116.19,0.87,2.36,true,true,ABOVE,false
990,2024-11-21 11:00,2024-11-22 03:00,140022,140086,65,3140.69,3133.03,0.244,0,3.111,11.91,BYPASS,0,0,,,,,,,,,,,,,,,,,,,ABOVE,false
991,2024-11-22 03:15,2024-11-22 13:00,140087,140126,40,3337.8,3323.45,0.428,0,4.995,17.58,UP,1,4,140115,2024-11-22 10:15,28,140118,2024-11-22 11:00,3334.9,0.798,31,1,1.79,true,140119,2024-11-22 11:15,3340.99,1.9,1.9,true,true,OVERLAP,false
992,2024-11-22 13:15,2024-11-23 12:15,140127,140219,93,3350.96,3323.45,0.842,1,4.669,13.23,UP,1,3,140168,2024-11-22 23:30,41,140170,2024-11-23 00:00,3330.1,0.242,43,-1,1.02,true,140171,2024-11-23 00:15,3356.05,0,0.25,true,true,ABOVE,false
993,2024-11-23 12:30,2024-11-24 10:15,140220,140307,88,3371.04,3356.74,0.419,0,5.723,10.63,BYPASS,0,0,,,,,,,,,,,,,,,,,,,ABOVE,false
994,2024-11-24 10:30,2024-11-25 07:15,140308,140391,84,3407.15,3397.69,0.28,0,6.188,12.96,BYPASS,0,0,,,,,,,,,,,,,,,,,,,BELOW,false
995,2024-11-25 07:30,2024-11-30 19:15,140392,140919,528,3387.7,3371.42,0.477,0,4.073,10.28,DOWN,1,1,140490,2024-11-26 08:00,98,140490,2024-11-26 08:00,3382.23,0.664,98,1,1.71,true,140491,2024-11-26 08:15,3361.64,1.04,2.65,true,true,ABOVE,false
996,2024-11-30 19:30,2024-12-02 08:00,140920,141066,147,3680.66,3668.07,0.34,0,3.571,10.48,DOWN,1,1,140948,2024-12-01 02:30,28,140948,2024-12-01 02:30,3670.04,0.156,28,1,1.94,true,140949,2024-12-01 02:45,3666.63,0.06,0.06,true,true,OVERLAP,false
997,2024-12-02 08:15,2024-12-05 22:00,141067,141410,344,3680.66,3660.26,0.563,1,8.524,10.8,DOWN,1,4,141095,2024-12-02 15:15,28,141098,2024-12-02 16:00,3674.63,0.704,31,-1,1.07,true,141099,2024-12-02 16:15,3641.57,2.8,2.8,false,false,ABOVE,false
998,2024-12-05 22:15,2024-12-07 13:45,141411,141569,159,3864.6,3838.06,0.708,0,7.072,20.87,UP,1,1,141420,2024-12-06 00:30,9,141420,2024-12-06 00:30,3859.59,0.811,9,-1,1.13,true,141421,2024-12-06 00:45,3865.61,0,0,true,true,ABOVE,false
999,2024-12-07 14:00,2024-12-09 06:45,141570,141733,164,4000.75,3993.6,0.179,0,2.467,10.89,UP,1,1,141573,2024-12-07 14:45,3,141573,2024-12-07 14:45,4000.68,0.99,3,1,1.41,true,141574,2024-12-07 15:00,4000.88,0.11,0.11,true,true,BELOW,false
1000,2024-12-09 07:00,2024-12-12 18:15,141734,142067,334,3932.24,3918.39,0.356,0,8.116,15.73,DOWN,1,3,141736,2024-12-09 07:30,2,141738,2024-12-09 08:00,3920.27,0.136,4,-1,0.94,true,141739,2024-12-09 08:15,3902.93,1.67,2.03,false,false,ABOVE,false
1001,2024-12-12 18:30,2024-12-14 09:45,142068,142225,158,3949.94,3940.28,0.246,0,4.496,11.47,UP,1,1,142149,2024-12-13 14:45,81,142149,2024-12-13 14:45,3949.77,0.982,81,-1,1.57,true,142150,2024-12-13 15:00,3960.92,1.6,1.6,true,true,BELOW,false
1002,2024-12-14 10:00,2024-12-14 22:45,142226,142277,52,3918.58,3910.2,0.215,0,8.833,17.87,BYPASS,0,0,,,,,,,,,,,,,,,,,,,BELOW,false
1003,2024-12-14 23:00,2024-12-15 04:00,142278,142298,21,3865.34,3859.26,0.157,0,3.572,10.43,UP,1,2,142284,2024-12-15 00:30,6,142285,2024-12-15 00:45,3862.98,0.612,7,-1,0.5,true,142286,2024-12-15 01:00,3872.28,0,0,true,true,ABOVE,false
1004,2024-12-15 04:15,2024-12-17 22:00,142299,142562,264,3885,3871.37,0.35,0,6.77,13.81,DOWN,1,2,142308,2024-12-15 06:30,9,142309,2024-12-15 06:45,3876.76,0.395,10,-1,1.29,true,142310,2024-12-15 07:00,3868.01,1.09,1.09,false,true,ABOVE,false
1005,2024-12-17 22:15,2024-12-18 01:30,142563,142576,14,3936.11,3922.4,0.351,0,6.383,20.22,BYPASS,0,0,,,,,,,,,,,,,,,,,,,BELOW,false
1006,2024-12-18 01:45,2024-12-18 22:45,142577,142661,85,3889.6,3867.55,0.574,0,3.949,12.44,DOWN,1,3,142579,2024-12-18 02:15,2,142581,2024-12-18 02:45,3869.45,0.086,4,-1,0.32,true,142582,2024-12-18 03:00,3854.4,1.41,1.69,false,false,BELOW,false
1007,2024-12-18 23:00,2024-12-19 14:15,142662,142723,62,3686.86,3669.16,0.487,0,5.729,14.18,DOWN,1,3,142688,2024-12-19 05:30,26,142690,2024-12-19 06:00,3669.99,0.047,28,-1,0.3,true,142691,2024-12-19 06:15,3667.73,0.04,0.17,true,true,OVERLAP,false
1008,2024-12-19 14:30,2024-12-21 15:45,142724,142921,198,3693.98,3669.16,0.677,1,6.216,20.74,BYPASS,0,0,,,,,,,,,,,,,,,,,,,BELOW,false
1009,2024-12-21 16:00,2024-12-21 18:45,142922,142933,12,3401,3386,0.443,0,2.815,16.48,DOWN,1,2,142922,2024-12-21 16:00,0,142923,2024-12-21 16:15,3391.64,0.376,1,-1,0.83,true,142924,2024-12-21 16:30,3362.7,1.13,2.8,false,false,BELOW,false
1010,2024-12-21 19:00,2024-12-25 06:00,142934,143266,333,3368.39,3350.65,0.53,0,1.973,10.78,UP,1,1,142937,2024-12-21 19:45,3,142937,2024-12-21 19:45,3359.41,0.494,3,-1,0.74,true,142938,2024-12-21 20:00,3379.14,1.78,1.78,true,true,ABOVE,false
1011,2024-12-25 06:15,2024-12-25 09:45,143267,143281,15,3496.66,3489.18,0.214,0,5.162,15.09,DOWN,1,1,143267,2024-12-25 06:15,0,143267,2024-12-25 06:15,3489.67,0.066,0,1,2.57,true,143268,2024-12-25 06:30,3488.88,0.32,0.98,true,true,OVERLAP,false
1012,2024-12-25 10:00,2024-12-27 08:45,143282,143469,188,3498.63,3488.01,0.302,1,2.339,11.72,DOWN,1,1,143288,2024-12-25 11:30,6,143288,2024-12-25 11:30,3493.99,0.563,6,1,1.31,true,143289,2024-12-25 11:45,3469.63,0.94,1.41,false,true,BELOW,false
1013,2024-12-27 09:00,2024-12-30 17:15,143470,143791,322,3367.76,3351.82,0.464,0,11.38,10.96,DOWN,1,1,143493,2024-12-27 14:45,23,143493,2024-12-27 14:45,3357.65,0.366,23,1,2.19,true,143494,2024-12-27 15:00,3340.81,1.37,1.37,false,true,OVERLAP,false
1014,2024-12-30 17:30,2025-01-02 04:15,143792,144027,236,3367.76,3334.01,0.994,1,4.809,11.06,DOWN,1,11,143810,2024-12-30 22:00,18,143820,2024-12-31 00:30,3351.78,0.527,28,-1,0.85,true,143821,2024-12-31 00:45,3327.29,0.6,0.6,true,true,ABOVE,false
1015,2025-01-02 04:30,2025-01-02 12:45,144028,144061,34,3394.9,3387.4,0.219,0,11.039,30.2,BYPASS,0,0,,,,,,,,,,,,,,,,,,,ABOVE,false
1016,2025-01-02 13:00,2025-01-04 15:00,144062,144262,201,3480.35,3472.67,0.222,0,3.708,10.63,UP,1,1,144068,2025-01-02 14:30,6,144068,2025-01-02 14:30,3478.97,0.82,6,1,6.12,true,144069,2025-01-02 14:45,3494.53,0.73,1.29,true,true,ABOVE,false
1017,2025-01-04 15:15,2025-01-05 07:45,144263,144329,67,3641.36,3632.14,0.254,0,8.049,15.32,DOWN,1,1,144263,2025-01-04 15:15,0,144263,2025-01-04 15:15,3635.39,0.352,0,1,3.9,true,144264,2025-01-04 15:30,3602.08,1.17,1.17,false,true,OVERLAP,false
1018,2025-01-05 08:00,2025-01-07 11:15,144330,144535,206,3641.36,3628.98,0.342,1,11.704,43.1,DOWN,1,1,144360,2025-01-05 15:30,30,144360,2025-01-05 15:30,3630.13,0.093,30,-1,1.34,true,144361,2025-01-05 15:45,3628.45,0.22,0.49,true,true,ABOVE,false
1019,2025-01-07 11:30,2025-01-07 14:15,144536,144547,12,3657,3651.04,0.164,0,10.579,23.81,BYPASS,0,0,,,,,,,,,,,,,,,,,,,BELOW,false
1020,2025-01-07 14:30,2025-01-08 02:45,144548,144597,50,3639.6,3628.5,0.306,0,5.652,16.19,BYPASS,0,0,,,,,,,,,,,,,,,,,,,BELOW,false
1021,2025-01-08 03:00,2025-01-09 01:45,144598,144689,92,3392.17,3381.21,0.325,0,5.503,15.08,BYPASS,0,0,,,,,,,,,,,,,,,,,,,BELOW,false
1022,2025-01-09 02:00,2025-01-10 13:15,144690,144831,142,3351.92,3343.63,0.249,0,10.333,19.88,BYPASS,0,0,,,,,,,,,,,,,,,,,,,BELOW,false
1023,2025-01-10 13:30,2025-01-12 21:00,144832,145054,223,3308.7,3298.97,0.3,0,15.305,51.06,DOWN,1,1,144850,2025-01-10 18:00,18,144850,2025-01-10 18:00,3299.53,0.058,18,-1,0.91,true,144851,2025-01-10 18:15,3292.6,0.92,1.33,false,false,BELOW,false
1024,2025-01-12 21:15,2025-01-13 14:15,145055,145123,69,3281.93,3272.6,0.285,0,3.817,10.09,DOWN,1,1,145055,2025-01-12 21:15,0,145055,2025-01-12 21:15,3275.92,0.356,0,1,2.58,true,145056,2025-01-12 21:30,3270.7,1.22,1.22,false,true,BELOW,false
1025,2025-01-13 14:30,2025-01-14 13:15,145124,145215,92,3057.12,3035,0.733,0,14.847,23.62,UP,1,2,145126,2025-01-13 15:00,2,145127,2025-01-13 15:15,3048.01,0.588,3,-1,1.22,true,145128,2025-01-13 15:30,3066.51,1.07,1.65,true,true,ABOVE,false
1026,2025-01-14 13:30,2025-01-15 17:30,145216,145328,113,3186.66,3177.23,0.294,0,8.361,10.02,UP,1,1,145226,2025-01-14 16:00,10,145226,2025-01-14 16:00,3186.01,0.931,10,1,1.77,true,145227,2025-01-14 16:15,3191.4,0,0,true,true,ABOVE,false
1027,2025-01-15 17:45,2025-01-19 13:30,145329,145696,368,3357.46,3347.77,0.291,0,2.143,11.01,UP,1,1,145332,2025-01-15 18:30,3,145332,2025-01-15 18:30,3356.18,0.868,3,1,0.27,true,145333,2025-01-15 18:45,3370.9,0,0,true,true,BELOW,false
1028,2025-01-19 13:45,2025-01-24 12:45,145697,146173,477,3220.89,3204.33,0.505,0,5.965,14.67,DOWN,1,3,145736,2025-01-19 23:30,39,145738,2025-01-20 00:00,3213.03,0.525,41,-1,1.16,true,145739,2025-01-20 00:15,3184.91,1.97,1.97,true,true,ABOVE,false
1029,2025-01-24 13:00,2025-01-24 22:45,146174,146213,40,3404.86,3392.16,0.373,0,3.907,10.61,DOWN,1,4,146174,2025-01-24 13:00,0,146177,2025-01-24 13:45,3394.44,0.18,3,1,1.35,true,146178,2025-01-24 14:00,3387,1.14,1.14,true,true,BELOW,false
1030,2025-01-24 23:00,2025-01-25 22:45,146214,146309,96,3335.84,3321.03,0.448,0,3.334,10.49,UP,1,4,146278,2025-01-25 15:00,64,146281,2025-01-25 15:45,3332.87,0.799,67,-1,1.17,true,146282,2025-01-25 16:00,3339.61,0,0,true,true,OVERLAP,false
1031,2025-01-25 23:00,2025-01-30 20:15,146310,146779,470,3336.45,3321.03,0.463,1,6.643,11.04,DOWN,1,3,146310,2025-01-25 23:00,0,146312,2025-01-25 23:30,3322.81,0.115,2,1,1.59,true,146313,2025-01-25 23:45,3317.91,0.26,0.26,true,true,BELOW,false
1032,2025-01-30 20:30,2025-02-02 02:45,146780,146997,218,3269.96,3255.77,0.439,0,4.094,12.23,DOWN,1,4,146788,2025-01-30 22:30,8,146791,2025-01-30 23:15,3260.94,0.364,11,1,0.23,true,146792,2025-01-30 23:30,3254.79,0.61,1.33,true,true,BELOW,false
1033,2025-02-02 03:00,2025-02-02 22:15,146998,147075,78,3125.51,3112,0.437,0,4.117,13.14,UP,1,3,147008,2025-02-02 05:30,10,147010,2025-02-02 06:00,3124.01,0.889,12,-1,0.89,true,147011,2025-02-02 06:15,3133.39,0.98,1.99,true,true,BELOW,false
1034,2025-02-02 22:30,2025-02-05 05:30,147076,147296,221,2934.81,2897.55,1.311,0,11.104,19.84,DOWN,1,1,147171,2025-02-03 22:15,95,147171,2025-02-03 22:15,2910.47,0.347,95,1,2.25,true,147172,2025-02-03 22:30,2883.3,1.63,3.68,false,false,BELOW,false
1035,2025-02-05 05:45,2025-02-10 23:45,147297,147849,553,2726.6,2710.51,0.578,0,7.935,22.03,UP,1,1,147349,2025-02-05 18:45,52,147349,2025-02-05 18:45,2721.73,0.697,52,1,1.22,true,147350,2025-02-05 19:00,2734.93,0,0,true,true,BELOW,false
1036,2025-02-11 00:00,2025-02-12 22:00,147850,148034,185,2660,2655.69,0.162,0,3.378,13.48,UP,1,1,147908,2025-02-11 14:30,58,147908,2025-02-11 14:30,2659.73,0.937,58,1,1.04,true,147909,2025-02-11 14:45,2661.94,0.55,2.82,true,true,ABOVE,false
1037,2025-02-12 22:15,2025-02-13 06:15,148035,148067,33,2684.97,2677.11,0.284,0,27.87,72.56,BYPASS,0,0,,,,,,,,,,,,,,,,,,,ABOVE,false
1038,2025-02-13 06:30,2025-02-16 22:45,148068,148421,354,2719.1,2710.62,0.314,0,4.91,10.99,DOWN,1,1,148153,2025-02-14 03:45,85,148153,2025-02-14 03:45,2714,0.399,85,1,2.86,true,148154,2025-02-14 04:00,2705.11,0.83,0.83,false,true,BELOW,false
1039,2025-02-16 23:00,2025-02-17 04:45,148422,148445,24,2679.71,2669.5,0.384,0,11.507,23.24,DOWN,1,2,148429,2025-02-17 00:45,7,148430,2025-02-17 01:00,2672.43,0.287,8,-1,0.56,true,148431,2025-02-17 01:15,2665.82,0.51,1.37,true,true,BELOW,false
1040,2025-02-17 05:00,2025-02-20 13:15,148446,148767,322,2665.97,2660,0.224,0,8.794,13.76,DOWN,1,1,148446,2025-02-17 05:00,0,148446,2025-02-17 05:00,2664.26,0.714,0,-1,7.95,true,148447,2025-02-17 05:15,2657.21,0.28,0.28,true,true,ABOVE,false
1041,2025-02-20 13:30,2025-02-21 09:00,148768,148846,79,2738.88,2732.18,0.245,0,4.527,12.23,UP,1,1,148768,2025-02-20 13:30,0,148768,2025-02-20 13:30,2738.39,0.927,0,1,5.63,true,148769,2025-02-20 13:45,2744.61,0.96,0.97,true,true,ABOVE,false
1042,2025-02-21 09:15,2025-02-21 12:45,148847,148861,15,2758.98,2748.6,0.372,0,17.442,39.35,BYPASS,0,0,,,,,,,,,,,,,,,,,,,ABOVE,false
1043,2025-02-21 13:00,2025-02-22 23:45,148862,149001,140,2805.7,2796.96,0.308,0,7.432,20.01,BYPASS,0,0,,,,,,,,,,,,,,,,,,,BELOW,false
1044,2025-02-23 00:00,2025-02-23 22:45,149002,149093,92,2765,2761.24,0.136,0,4.748,11.69,DOWN,1,1,149007,2025-02-23 01:15,5,149007,2025-02-23 01:15,2762.55,0.348,5,1,0.93,true,149008,2025-02-23 01:30,2760.58,0.64,0.64,true,true,ABOVE,false
1045,2025-02-23 23:00,2025-02-24 21:45,149094,149185,92,2810,2800.97,0.318,0,5.918,10.47,DOWN,1,2,149100,2025-02-24 00:30,6,149101,2025-02-24 00:45,2803.63,0.295,7,1,0.83,true,149102,2025-02-24 01:00,2797.01,1.61,3.92,false,false,BELOW,false
1046,2025-02-24 22:00,2025-02-26 06:00,149186,149314,129,2650.09,2634.84,0.595,0,18.638,26.64,BYPASS,0,0,,,,,,,,,,,,,,,,,,,BELOW,false
1047,2025-02-26 06:15,2025-02-27 13:15,149315,149439,125,2482.98,2474.13,0.355,0,2.967,11.67,DOWN,1,2,149320,2025-02-26 07:30,5,149321,2025-02-26 07:45,2482.67,0.965,6,1,0.99,true,149322,2025-02-26 08:00,2466.52,0.59,3.75,true,true,BELOW,false
1048,2025-02-27 13:30,2025-03-04 14:15,149440,149923,484,2358.3,2346.42,0.505,0,4.537,21.58,DOWN,1,1,149440,2025-02-27 13:30,0,149440,2025-02-27 13:30,2353.15,0.566,0,-1,2.9,true,149441,2025-02-27 13:45,2335.58,2.42,2.96,false,false,BELOW,false
1049,2025-03-04 14:30,2025-03-10 16:45,149924,150509,586,2076.29,2056.24,0.948,0,7.845,14.74,DOWN,1,1,149926,2025-03-04 15:00,2,149926,2025-03-04 15:00,2069.61,0.667,2,-1,1.98,true,149927,2025-03-04 15:15,2052.7,3.71,3.71,true,true,BELOW,false
1050,2025-03-10 17:00,2025-03-11 04:45,150510,150557,48,2016.33,2001.22,0.777,0,7.248,21.89,BYPASS,0,0,,,,,,,,,,,,,,,,,,,BELOW,false
1051,2025-03-11 05:00,2025-03-11 22:45,150558,150629,72,1874.36,1863.53,0.57,0,4.607,10.3,UP,1,1,150590,2025-03-11 13:00,32,150590,2025-03-11 13:00,1871.81,0.765,32,-1,2.94,true,150591,2025-03-11 13:15,1919.87,1.29,1.29,true,true,ABOVE,false
1052,2025-03-11 23:00,2025-03-14 13:15,150630,150879,250,1947.01,1937.64,0.485,0,3.344,10.44,BYPASS,0,0,,,,,,,,,,,,,,,,,,,BELOW,false
1053,2025-03-14 13:30,2025-03-15 04:15,150880,150939,60,1901.46,1896.37,0.269,0,5.663,14.42,UP,1,1,150882,2025-03-14 14:00,2,150882,2025-03-14 14:00,1901.19,0.947,2,1,5.95,true,150883,2025-03-14 14:15,1906.99,0,0,true,true,ABOVE,false
1054,2025-03-15 04:30,2025-03-16 15:45,150940,151081,142,1919.74,1915.03,0.244,0,4.947,10.08,UP,1,6,150951,2025-03-15 07:15,11,150956,2025-03-15 08:30,1918.75,0.79,16,1,0.66,true,150957,2025-03-15 08:45,1920.85,0.1,0.1,true,true,BELOW,false
1055,2025-03-16 16:00,2025-03-18 13:15,151082,151263,182,1896.53,1892,0.237,0,10.621,24.41,DOWN,1,1,151093,2025-03-16 18:45,11,151093,2025-03-16 18:45,1895,0.662,11,-1,0.59,true,151094,2025-03-16 19:00,1882.22,1.85,1.85,true,true,OVERLAP,false
1056,2025-03-18 13:30,2025-03-19 10:15,151264,151347,84,1900.56,1892,0.456,1,6.782,21.96,DOWN,1,1,151269,2025-03-18 14:45,5,151269,2025-03-18 14:45,1894,0.234,5,-1,1.26,true,151270,2025-03-18 15:00,1890.18,0.9,1.04,true,true,ABOVE,false
1057,2025-03-19 10:30,2025-03-20 23:45,151348,151497,150,1946.3,1942.7,0.183,0,31.165,42.78,BYPASS,0,0,,,,,,,,,,,,,,,,,,,ABOVE,false
1058,2025-03-21 00:00,2025-03-22 22:45,151498,151685,188,1983.47,1976.04,0.373,0,2.312,10.29,UP,1,1,151499,2025-03-21 00:15,1,151499,2025-03-21 00:15,1982.39,0.855,1,-1,1.15,true,151500,2025-03-21 00:30,1986.3,0,0.47,true,true,OVERLAP,false
1059,2025-03-22 23:00,2025-03-26 05:15,151686,151999,314,1985.89,1976.04,0.498,1,5.534,10.77,UP,1,8,151686,2025-03-22 23:00,0,151693,2025-03-23 00:45,1984.57,0.866,7,1,0.57,true,151694,2025-03-23 01:00,1986.11,0,0,true,true,ABOVE,false
1060,2025-03-26 05:30,2025-03-26 18:30,152000,152052,53,2052,2048.51,0.169,0,7.52,14.64,BYPASS,0,0,,,,,,,,,,,,,,,,,,,BELOW,false
1061,2025-03-26 18:45,2025-03-27 07:45,152053,152105,53,2012.89,2003.9,0.451,0,4.767,11.33,DOWN,1,6,152058,2025-03-26 20:00,5,152063,2025-03-26 21:15,2006.14,0.249,10,-1,0.34,true,152064,2025-03-26 21:30,2001.66,0.49,0.49,true,true,ABOVE,false
1062,2025-03-27 08:00,2025-03-28 04:15,152106,152187,82,2026.99,2022.9,0.202,0,4.536,26.63,UP,1,6,152107,2025-03-27 08:15,1,152112,2025-03-27 09:30,2026.51,0.883,6,-1,2.2,true,152113,2025-03-27 09:45,2027.85,0.59,1.84,true,true,BELOW,false
1063,2025-03-28 04:30,2025-03-28 11:00,152188,152214,27,2003.33,1996.52,0.352,0,32.548,31.09,BYPASS,0,0,,,,,,,,,,,,,,,,,,,BELOW,false
1064,2025-03-28 11:15,2025-03-29 09:15,152215,152303,89,1909.75,1904.6,0.271,0,12.934,27.08,DOWN,1,2,152267,2025-03-29 00:15,52,152268,2025-03-29 00:30,1908.8,0.816,53,-1,1.43,true,152269,2025-03-29 00:45,1902.5,0.62,1.52,true,true,BELOW,false
1065,2025-03-29 09:30,2025-03-29 16:30,152304,152332,29,1882.49,1878,0.241,0,5.352,16.15,BYPASS,0,0,,,,,,,,,,,,,,,,,,,BELOW,false
1066,2025-03-29 16:45,2025-03-30 21:45,152333,152449,117,1841.97,1835.01,0.382,0,9.084,14.1,DOWN,1,2,152366,2025-03-30 01:00,33,152367,2025-03-30 01:15,1835.37,0.052,34,-1,0.87,true,152368,2025-03-30 01:30,1832.5,0.15,0.21,true,true,BELOW,false
1067,2025-03-30 22:00,2025-04-01 00:30,152450,152556,107,1810.61,1800.16,0.586,0,6.18,10.71,DOWN,1,3,152452,2025-03-30 22:30,2,152454,2025-03-30 23:00,1801.64,0.142,4,-1,0.87,true,152455,2025-03-30 23:15,1793.01,1.35,1.35,true,true,ABOVE,false
1068,2025-04-01 00:45,2025-04-02 04:45,152557,152669,113,1828.8,1822.33,0.353,0,7.453,11.18,DOWN,1,2,152558,2025-04-01 01:00,1,152559,2025-04-01 01:15,1827.4,0.784,2,1,0.44,true,152560,2025-04-01 01:30,1821.5,0.05,0.05,true,true,ABOVE,false
1069,2025-04-02 05:00,2025-04-02 08:45,152670,152685,16,1879.81,1874.72,0.273,0,4.64,19.46,BYPASS,0,0,,,,,,,,,,,,,,,,,,,BELOW,false
1070,2025-04-02 09:00,2025-04-03 04:15,152686,152763,78,1872.6,1865.88,0.357,0,6.434,14.15,UP,1,1,152693,2025-04-02 10:45,7,152693,2025-04-02 10:45,1871.92,0.899,7,-1,0.58,true,152694,2025-04-02 11:00,1874.59,0.47,0.68,true,true,BELOW,false
1071,2025-04-03 04:30,2025-04-04 01:30,152764,152848,85,1827.37,1823.52,0.209,0,4.995,17.13,DOWN,1,1,152771,2025-04-03 06:15,7,152771,2025-04-03 06:15,1825.69,0.564,7,-1,0.6,true,152772,2025-04-03 06:30,1822.65,0.98,3.49,false,false,BELOW,false
1072,2025-04-04 01:45,2025-04-05 20:15,152849,153019,171,1812.37,1808.23,0.232,0,10.981,39.63,DOWN,1,1,152902,2025-04-04 15:00,53,152902,2025-04-04 15:00,1812.32,0.988,53,-1,1.82,true,152903,2025-04-04 15:15,1802.28,1.44,1.44,false,true,BELOW,false
1073,2025-04-05 20:30,2025-04-06 20:15,153020,153115,96,1788.78,1785.08,0.207,0,29.532,58.37,UP,1,1,153067,2025-04-06 08:15,47,153067,2025-04-06 08:15,1785.36,0.076,47,1,3.98,true,153068,2025-04-06 08:30,1789.53,0.05,2.8,true,true,BELOW,false
1074,2025-04-06 20:30,2025-04-07 06:00,153116,153154,39,1623.84,1615.32,0.536,0,8.408,14.14,BYPASS,0,0,,,,,,,,,,,,,,,,,,,BELOW,false
1075,2025-04-07 06:15,2025-04-08 21:45,153155,153313,159,1552.15,1538.21,0.925,0,3.886,15.38,UP,1,1,153185,2025-04-07 13:45,30,153185,2025-04-07 13:45,1549.52,0.811,30,-1,3.58,true,153186,2025-04-07 14:00,1587.34,0.32,0.85,true,true,BELOW,false
1076,2025-04-08 22:00,2025-04-09 10:45,153314,153365,52,1477.86,1472.01,0.399,0,3.91,11.79,UP,1,1,153321,2025-04-08 23:45,7,153321,2025-04-08 23:45,1472.67,0.113,7,-1,0.38,true,153322,2025-04-09 00:00,1478.84,5.98,5.98,true,true,ABOVE,false
1077,2025-04-09 11:00,2025-04-09 17:00,153366,153390,25,1496,1478.26,1.215,0,3.537,10.18,DOWN,1,1,153377,2025-04-09 13:45,11,153377,2025-04-09 13:45,1486.7,0.476,11,-1,1.71,true,153378,2025-04-09 14:00,1475.99,0.66,0.66,true,true,ABOVE,false
1078,2025-04-09 17:15,2025-04-10 07:15,153391,153447,57,1518,1497.55,1.301,0,4.52,11.15,BYPASS,0,0,,,,,,,,,,,,,,,,,,,ABOVE,false
1079,2025-04-10 07:30,2025-04-13 11:00,153448,153750,303,1616.47,1607.28,0.578,0,5.292,23.31,DOWN,1,1,153467,2025-04-10 12:15,19,153467,2025-04-10 12:15,1612.71,0.591,19,-1,2.23,true,153468,2025-04-10 12:30,1598.24,3.25,8.49,false,false,OVERLAP,false
1080,2025-04-13 11:15,2025-04-13 17:00,153751,153774,24,1617.9,1607.28,0.663,1,7.853,27.18,BYPASS,0,0,,,,,,,,,,,,,,,,,,,BELOW,false
1081,2025-04-13 17:15,2025-04-14 05:15,153775,153823,49,1599.83,1593.5,0.392,0,9.373,14.54,DOWN,1,1,153799,2025-04-13 23:15,24,153799,2025-04-13 23:15,1595.21,0.27,24,-1,0.31,true,153800,2025-04-13 23:30,1589.64,0.3,0.3,true,true,ABOVE,false
1082,2025-04-14 05:30,2025-04-14 21:15,153824,153887,64,1637,1632.42,0.282,0,2.277,14.26,DOWN,1,1,153833,2025-04-14 07:45,9,153833,2025-04-14 07:45,1634.92,0.546,9,1,1.36,true,153834,2025-04-14 08:00,1630.11,0.2,0.2,true,true,OVERLAP,false
1083,2025-04-14 21:30,2025-04-16 05:00,153888,154014,127,1637,1628.48,0.527,1,6.912,19.08,DOWN,1,2,153900,2025-04-15 00:30,12,153901,2025-04-15 00:45,1630.4,0.225,13,-1,0.87,true,153902,2025-04-15 01:00,1619.62,0.76,0.76,true,true,BELOW,false
1084,2025-04-16 05:15,2025-04-17 18:30,154015,154164,150,1592,1585.34,0.425,0,7.721,13.82,DOWN,1,1,154043,2025-04-16 12:15,28,154043,2025-04-16 12:15,1585.38,0.006,28,-1,1.05,true,154044,2025-04-16 12:30,1579.01,1.28,3.01,true,true,ABOVE,false
1085,2025-04-17 18:45,2025-04-19 17:15,154165,154351,187,1611.24,1608.49,0.172,0,4.964,16.79,DOWN,1,1,154299,2025-04-19 04:15,134,154299,2025-04-19 04:15,1610.43,0.705,134,1,6.18,true,154300,2025-04-19 04:30,1606.24,0.88,0.95,false,false,BELOW,false
1086,2025-04-19 17:30,2025-04-20 10:15,154352,154419,68,1606,1601.99,0.248,0,6.585,13.58,DOWN,1,2,154405,2025-04-20 06:45,53,154406,2025-04-20 07:00,1602.48,0.122,54,1,2.47,true,154407,2025-04-20 07:15,1593,1.02,2.33,false,false,BELOW,false
1087,2025-04-20 10:30,2025-04-21 05:30,154420,154496,77,1592,1588.46,0.224,0,5.444,10.02,UP,1,1,154458,2025-04-20 20:00,38,154458,2025-04-20 20:00,1591.76,0.932,38,-1,3.94,true,154459,2025-04-20 20:15,1592.85,0.95,0.95,true,true,ABOVE,false
1088,2025-04-21 05:45,2025-04-21 16:30,154497,154540,44,1640.5,1636.77,0.226,0,12.867,39.97,DOWN,1,1,154514,2025-04-21 10:00,17,154514,2025-04-21 10:00,1638.97,0.59,17,1,0.71,true,154515,2025-04-21 10:15,1632.29,1.21,1.78,false,false,BELOW,false
1089,2025-04-21 16:45,2025-04-22 00:15,154541,154571,31,1616.43,1610.37,0.381,0,3.207,10.77,BYPASS,0,0,,,,,,,,,,,,,,,,,,,BELOW,false
1090,2025-04-22 00:30,2025-04-22 07:15,154572,154599,28,1576.65,1573,0.234,0,15.088,31.3,UP,1,3,154581,2025-04-22 02:45,9,154583,2025-04-22 03:15,1576.63,0.995,11,-1,0.43,true,154584,2025-04-22 03:30,1578.5,0,0,true,true,ABOVE,false
1091,2025-04-22 07:30,2025-04-22 21:00,154600,154654,55,1590.56,1581.96,0.534,0,6.882,11.83,BYPASS,0,0,,,,,,,,,,,,,,,,,,,ABOVE,false
1092,2025-04-22 21:15,2025-04-24 13:15,154655,154815,161,1704.49,1693.49,0.642,0,8.905,18.94,BYPASS,0,0,,,,,,,,,,,,,,,,,,,ABOVE,false
1093,2025-04-24 13:30,2025-04-26 19:30,154816,155032,217,1755.79,1752.54,0.185,0,3.87,11.96,UP,1,2,154816,2025-04-24 13:30,0,154817,2025-04-24 13:45,1752.83,0.089,1,-1,1.6,true,154818,2025-04-24 14:00,1759.24,0,0.43,true,true,ABOVE,false
1094,2025-04-26 19:45,2025-04-27 04:15,155033,155067,35,1807.22,1803.78,0.19,0,3.657,14.92,UP,1,1,155037,2025-04-26 20:45,4,155037,2025-04-26 20:45,1805.03,0.363,4,1,0.67,true,155038,2025-04-26 21:00,1813.33,0,0.21,true,true,OVERLAP,false
1095,2025-04-27 04:30,2025-04-27 21:45,155068,155137,70,1810.2,1803.78,0.356,1,4.627,11.93,DOWN,1,1,155080,2025-04-27 07:30,12,155080,2025-04-27 07:30,1804.46,0.106,12,1,0.52,true,155081,2025-04-27 07:45,1802.98,0.18,1.3,true,true,OVERLAP,false
1096,2025-04-27 22:00,2025-05-01 10:00,155138,155474,337,1810.2,1801.27,0.499,2,6.439,13.5,DOWN,1,2,155172,2025-04-28 06:30,34,155173,2025-04-28 06:45,1803.8,0.283,35,-1,0.73,true,155174,2025-04-28 07:00,1799.99,0.07,0.79,true,true,ABOVE,false
1097,2025-05-01 10:15,2025-05-02 15:45,155475,155593,119,1821.3,1816.61,0.255,0,9.666,15.42,UP,1,1,155558,2025-05-02 07:00,83,155558,2025-05-02 07:00,1820.88,0.91,83,1,4.41,true,155559,2025-05-02 07:15,1821.87,0.25,0.25,true,true,ABOVE,false
1098,2025-05-02 16:00,2025-05-03 05:45,155594,155649,56,1841.39,1837.08,0.232,0,12.565,19,UP,1,2,155608,2025-05-02 19:30,14,155609,2025-05-02 19:45,1838.78,0.394,15,1,0.83,true,155610,2025-05-02 20:00,1842.78,0.26,0.63,true,true,BELOW,false
1099,2025-05-03 06:00,2025-05-04 20:00,155650,155802,153,1835.5,1832.13,0.184,0,3.531,10.1,DOWN,1,3,155679,2025-05-03 13:15,29,155681,2025-05-03 13:45,1834.15,0.599,31,-1,0.61,true,155682,2025-05-03 14:00,1831.84,0.15,1.33,true,true,BELOW,false
1100,2025-05-04 20:15,2025-05-05 05:30,155803,155840,38,1830.24,1827.3,0.16,0,7.667,22.75,BYPASS,0,0,,,,,,,,,,,,,,,,,,,BELOW,false
1101,2025-05-05 05:45,2025-05-05 13:15,155841,155871,31,1806.65,1802.55,0.226,0,3.826,11.85,UP,1,2,155860,2025-05-05 10:30,19,155861,2025-05-05 10:45,1803.93,0.337,20,1,3.08,true,155862,2025-05-05 11:00,1808.49,0.25,0.51,true,true,OVERLAP,false
1102,2025-05-05 13:30,2025-05-05 18:15,155872,155891,20,1806.65,1799.61,0.391,1,3.114,11.18,DOWN,1,6,155874,2025-05-05 14:00,2,155879,2025-05-05 15:15,1803.52,0.555,7,1,0.36,true,155880,2025-05-05 15:30,1798.02,0.3,0.3,true,true,ABOVE,false
1103,2025-05-05 18:30,2025-05-06 21:45,155892,156001,110,1816.74,1814.14,0.142,0,7.173,13.71,DOWN,1,1,155897,2025-05-05 19:45,5,155897,2025-05-05 19:45,1815.65,0.581,5,-1,0.69,true,155898,2025-05-05 20:00,1812.54,0.9,0.9,true,true,BELOW,false
1104,2025-05-06 22:00,2025-05-07 21:45,156002,156097,96,1776.28,1770.22,0.339,0,9.181,26.96,BYPASS,0,0,,,,,,,,,,,,,,,,,,,ABOVE,false
1105,2025-05-07 22:00,2025-05-08 07:15,156098,156135,38,1804.99,1800,0.275,0,6.902,11.66,BYPASS,0,0,,,,,,,,,,,,,,,,,,,ABOVE,false
1106,2025-05-08 07:30,2025-05-09 23:45,156136,156297,162,1915,1907.84,0.371,0,3.085,12.24,BYPASS,0,0,,,,,,,,,,,,,,,,,,,ABOVE,false
1107,2025-05-10 00:00,2025-05-11 18:15,156298,156467,170,2346.03,2338.1,0.338,0,3.166,11.36,DOWN,1,1,156300,2025-05-10 00:30,2,156300,2025-05-10 00:30,2343.08,0.628,2,1,2.38,true,156301,2025-05-10 00:45,2325.76,0.56,0.56,true,true,ABOVE,false
1108,2025-05-11 18:30,2025-05-12 06:45,156468,156517,50,2488.94,2477.27,0.467,0,3.085,14.35,UP,1,1,156484,2025-05-11 22:30,16,156484,2025-05-11 22:30,2483.48,0.532,16,-1,1.24,true,156485,2025-05-11 22:45,2502.16,0,0,true,true,ABOVE,false
1109,2025-05-12 07:00,2025-05-18 23:30,156518,157160,643,2521.05,2507.22,0.538,0,7.776,18.5,UP,1,1,156547,2025-05-12 14:15,29,156547,2025-05-12 14:15,2509.2,0.143,29,1,4.26,true,156548,2025-05-12 14:30,2529.57,1.51,4.02,false,false,BELOW,false
1110,2025-05-18 23:45,2025-05-19 13:15,157161,157215,55,2456.61,2446.4,0.409,0,3.478,12.26,DOWN,1,1,157163,2025-05-19 00:15,2,157163,2025-05-19 00:15,2450.75,0.426,2,-1,0.99,true,157164,2025-05-19 00:30,2442.59,2.25,3.9,false,false,BELOW,false
1111,2025-05-19 13:30,2025-05-19 16:30,157216,157228,13,2406.11,2393.63,0.513,0,6.736,16.53,BYPASS,0,0,,,,,,,,,,,,,,,,,,,ABOVE,false
1112,2025-05-19 16:45,2025-05-20 09:45,157229,157297,69,2476.8,2462.27,0.579,0,2.728,15.13,BYPASS,0,0,,,,,,,,,,,,,,,,,,,ABOVE,false
1113,2025-05-20 10:00,2025-05-24 10:15,157298,157683,386,2533.57,2523.56,0.397,0,1.758,10.82,DOWN,1,2,157350,2025-05-20 23:00,52,157351,2025-05-20 23:15,2527.7,0.414,53,-1,0.92,true,157352,2025-05-20 23:30,2517.01,0.41,0.68,true,true,ABOVE,false
1114,2025-05-24 10:30,2025-05-25 00:15,157684,157739,56,2558.79,2551.64,0.278,0,3.328,13.77,DOWN,1,6,157690,2025-05-24 12:00,6,157695,2025-05-24 13:15,2555.95,0.603,11,-1,0.89,true,157696,2025-05-24 13:30,2551.47,0.36,0.37,true,true,BELOW,false
1115,2025-05-25 00:30,2025-05-25 21:45,157740,157825,86,2535.61,2526.08,0.382,0,8.89,25.75,DOWN,1,1,157822,2025-05-25 21:00,82,157822,2025-05-25 21:00,2529.9,0.401,82,-1,0.81,true,157823,2025-05-25 21:15,2520.42,0.79,0.79,true,true,BELOW,false
1116,2025-05-25 22:00,2025-05-26 06:30,157826,157860,35,2519.97,2512.55,0.293,0,11.007,16.72,BYPASS,0,0,,,,,,,,,,,,,,,,,,,ABOVE,false
1117,2025-05-26 06:45,2025-05-27 12:45,157861,157981,121,2570.73,2565.88,0.188,0,4.7,10.24,UP,1,2,157868,2025-05-26 08:30,7,157869,2025-05-26 08:45,2567.19,0.27,8,1,1.04,true,157870,2025-05-26 09:00,2571.86,0.52,1.1,true,true,ABOVE,false
1118,2025-05-27 13:00,2025-05-28 16:45,157982,158093,112,2648.27,2637,0.423,0,4.429,11.49,DOWN,1,3,158030,2025-05-28 01:00,48,158032,2025-05-28 01:30,2639.34,0.208,50,1,0.9,true,158033,2025-05-28 01:45,2633.64,0.76,0.76,true,true,OVERLAP,false
1119,2025-05-28 17:00,2025-05-29 02:00,158094,158130,37,2648.27,2634.4,0.523,1,4.742,11.11,UP,1,1,158096,2025-05-28 17:30,2,158096,2025-05-28 17:30,2646.5,0.872,2,-1,0.42,true,158097,2025-05-28 17:45,2651.56,0.73,0.93,true,true,ABOVE,false
1120,2025-05-29 02:15,2025-05-30 09:15,158131,158255,125,2713.93,2705.01,0.325,0,6.605,12.44,DOWN,1,1,158171,2025-05-29 12:15,40,158171,2025-05-29 12:15,2707.59,0.289,40,1,1.34,true,158172,2025-05-29 12:30,2687.18,3.13,3.13,false,false,BELOW,false
1121,2025-05-30 09:30,2025-05-31 17:30,158256,158384,129,2620.38,2611.61,0.337,0,4.059,12.04,DOWN,1,1,158257,2025-05-30 09:45,1,158257,2025-05-30 09:45,2613.98,0.27,1,-1,1.46,true,158258,2025-05-30 10:00,2603.58,0.92,1.55,true,true,BELOW,false
1122,2025-05-31 17:45,2025-05-31 20:45,158385,158397,13,2536.91,2531.48,0.215,0,3.475,16.68,UP,1,3,158386,2025-05-31 18:00,1,158388,2025-05-31 18:30,2535.69,0.775,3,-1,0.39,true,158389,2025-05-31 18:45,2538.82,0.04,0.68,true,true,ABOVE,false
1123,2025-05-31 21:00,2025-06-01 12:15,158398,158459,62,2541.35,2537.75,0.142,0,4.028,10.18,UP,1,1,158398,2025-05-31 21:00,0,158398,2025-05-31 21:00,2539.83,0.578,0,-1,2.77,true,158399,2025-05-31 21:15,2543.06,0.57,1.94,true,true,BELOW,false
1124,2025-06-01 12:30,2025-06-04 13:45,158460,158753,294,2498.75,2488.41,0.417,0,5.262,13.9,UP,1,4,158462,2025-06-01 13:00,2,158465,2025-06-01 13:45,2492.79,0.424,5,-1,0.44,true,158466,2025-06-01 14:00,2501.93,0,0,true,true,ABOVE,false
1125,2025-06-04 14:00,2025-06-05 19:00,158754,158870,117,2625.5,2611.7,0.53,0,4.676,10.21,UP,1,2,158755,2025-06-04 14:15,1,158756,2025-06-04 14:30,2617.51,0.421,2,1,0.64,true,158757,2025-06-04 14:45,2639.31,0,0.56,true,true,BELOW,false
1126,2025-06-05 19:15,2025-06-06 09:00,158871,158926,56,2577.5,2562.19,0.603,0,7.791,15.6,BYPASS,0,0,,,,,,,,,,,,,,,,,,,BELOW,false
1127,2025-06-06 09:15,2025-06-07 22:15,158927,159075,149,2463.7,2458.53,0.209,0,4.308,11.3,UP,1,1,158986,2025-06-07 00:00,59,158986,2025-06-07 00:00,2462.92,0.849,59,1,2.8,true,158987,2025-06-07 00:15,2466.32,0,0,true,true,ABOVE,false
1128,2025-06-07 22:30,2025-06-08 13:15,159076,159135,60,2522.79,2518.68,0.162,0,16.368,30.65,DOWN,1,2,159083,2025-06-08 00:15,7,159084,2025-06-08 00:30,2519.19,0.124,8,1,0.91,true,159085,2025-06-08 00:45,2516.57,0.34,0.45,false,false,BELOW,false
1129,2025-06-08 13:30,2025-06-08 21:30,159136,159168,33,2508.72,2504.73,0.159,0,4.091,10.36,UP,1,1,159137,2025-06-08 13:45,1,159137,2025-06-08 13:45,2507.7,0.744,1,1,2.58,true,159138,2025-06-08 14:00,2509.96,0,0,true,true,ABOVE,false
1130,2025-06-08 21:45,2025-06-09 16:00,159169,159242,74,2534.12,2530.71,0.134,0,7.818,20.82,UP,1,3,159219,2025-06-09 10:15,50,159221,2025-06-09 10:45,2534.07,0.985,52,-1,1.49,true,159222,2025-06-09 11:00,2535.79,0,0.9,true,true,OVERLAP,false
1131,2025-06-09 16:15,2025-06-09 20:45,159243,159261,19,2541.59,2530.71,0.424,1,6.489,21.7,BYPASS,0,0,,,,,,,,,,,,,,,,,,,ABOVE,false
1132,2025-06-09 21:00,2025-06-10 05:00,159262,159294,33,2592.99,2579.53,0.514,0,5.466,10.85,BYPASS,0,0,,,,,,,,,,,,,,,,,,,ABOVE,false
1133,2025-06-10 05:15,2025-06-10 21:45,159295,159361,67,2691.59,2685.64,0.222,0,5.167,11.41,UP,1,1,159312,2025-06-10 09:30,17,159312,2025-06-10 09:30,2686.06,0.071,17,1,1.27,true,159313,2025-06-10 09:45,2691.72,0.2,0.2,true,true,ABOVE,false
1134,2025-06-10 22:00,2025-06-12 19:30,159362,159544,183,2779.21,2765.25,0.498,0,8.648,12.39,DOWN,1,3,159403,2025-06-11 08:15,41,159405,2025-06-11 08:45,2768.25,0.215,43,1,2.31,true,159406,2025-06-11 09:00,2764.69,0.44,0.44,true,true,BELOW,false
1135,2025-06-12 19:45,2025-06-12 23:45,159545,159561,17,2737.17,2719.34,0.662,0,4.405,10.27,BYPASS,0,0,,,,,,,,,,,,,,,,,,,BELOW,false
1136,2025-06-13 00:00,2025-06-16 05:00,159562,159870,309,2655.51,2640.79,0.574,0,14.118,32.11,BYPASS,0,0,,,,,,,,,,,,,,,,,,,BELOW,false
1137,2025-06-16 05:15,2025-06-16 22:15,159871,159939,69,2577.58,2572.02,0.214,0,5.02,10.68,BYPASS,0,0,,,,,,,,,,,,,,,,,,,ABOVE,false
1138,2025-06-16 22:30,2025-06-20 17:00,159940,160302,363,2654.77,2649.36,0.212,0,27.567,45.22,BYPASS,0,0,,,,,,,,,,,,,,,,,,,BELOW,false
1139,2025-06-20 17:15,2025-06-20 21:45,160303,160321,19,2486.58,2474.7,0.492,0,9.914,21.42,BYPASS,0,0,,,,,,,,,,,,,,,,,,,BELOW,false
1140,2025-06-20 22:00,2025-06-21 21:00,160322,160414,93,2426,2413.72,0.51,0,2.794,13.27,DOWN,1,1,160332,2025-06-21 00:30,10,160332,2025-06-21 00:30,2415.26,0.125,10,-1,0.91,true,160333,2025-06-21 00:45,2409.82,0.2,0.2,true,true,BELOW,false
1141,2025-06-21 21:15,2025-06-22 19:45,160415,160505,91,2404.99,2393.6,0.487,0,11.255,13.79,BYPASS,0,0,,,,,,,,,,,,,,,,,,,BELOW,false
1142,2025-06-22 20:00,2025-06-23 13:15,160506,160575,70,2186.12,2176.48,0.451,0,8.748,10.46,UP,1,1,160511,2025-06-22 21:15,5,160511,2025-06-22 21:15,2178.38,0.197,5,-1,0.46,true,160512,2025-06-22 21:30,2186.16,0.18,0.18,true,true,ABOVE,false
1143,2025-06-23 13:30,2025-06-23 21:45,160576,160609,34,2255,2245.5,0.415,0,7.463,10.55,DOWN,1,1,160585,2025-06-23 15:45,9,160585,2025-06-23 15:45,2247.17,0.176,9,1,1.42,true,160586,2025-06-23 16:00,2228.5,2.6,2.6,true,true,ABOVE,false
1144,2025-06-23 22:00,2025-06-25 09:15,160610,160751,142,2345.41,2331,0.6,0,9.67,10.41,BYPASS,0,0,,,,,,,,,,,,,,,,,,,ABOVE,false
1145,2025-06-25 09:30,2025-06-25 17:00,160752,160782,31,2445.53,2439.5,0.25,0,5.609,15.13,DOWN,1,1,160767,2025-06-25 13:15,15,160767,2025-06-25 13:15,2439.52,0.003,15,1,1.8,true,160768,2025-06-25 13:30,2434.13,2.1,2.1,false,false,BELOW,false
1146,2025-06-25 17:15,2025-06-26 01:00,160783,160814,32,2418.18,2407,0.461,0,1.813,12.03,UP,1,1,160784,2025-06-25 17:30,1,160784,2025-06-25 17:30,2409.51,0.225,1,-1,0.61,true,160785,2025-06-25 17:45,2421.49,0,0.01,true,true,ABOVE,false
1147,2025-06-26 01:15,2025-06-28 04:45,160815,161021,207,2425.8,2421.25,0.186,0,4.931,18.45,UP,1,1,160872,2025-06-26 15:30,57,160872,2025-06-26 15:30,2423.98,0.6,57,-1,4.15,true,160873,2025-06-26 15:45,2432,0.18,1.2,true,true,BELOW,false
1148,2025-06-28 05:00,2025-06-28 15:30,161022,161064,43,2420.33,2417.88,0.101,0,3.986,12.5,UP,1,1,161024,2025-06-28 05:30,2,161024,2025-06-28 05:30,2417.99,0.045,2,-1,1.8,true,161025,2025-06-28 05:45,2420.99,0,0,true,true,ABOVE,false
1149,2025-06-28 15:45,2025-06-29 20:45,161065,161181,117,2426.49,2423.93,0.105,0,15.815,30.04,UP,1,1,161106,2025-06-29 02:00,41,161106,2025-06-29 02:00,2426,0.809,41,1,2.75,true,161107,2025-06-29 02:15,2427.88,0,0,true,true,ABOVE,false
1150,2025-06-29 21:00,2025-06-30 09:15,161182,161231,50,2434.97,2431.08,0.161,0,10.448,28.85,BYPASS,0,0,,,,,,,,,,,,,,,,,,,ABOVE,false
1151,2025-06-30 09:30,2025-07-01 18:30,161232,161364,133,2475.97,2469.54,0.262,0,4.17,12.94,DOWN,1,1,161247,2025-06-30 13:15,15,161247,2025-06-30 13:15,2471.76,0.345,15,-1,1.63,true,161248,2025-06-30 13:30,2462.15,1.53,1.53,false,true,BELOW,false
1152,2025-07-01 18:45,2025-07-02 01:00,161365,161390,26,2423.44,2419.87,0.148,0,10.179,20.81,BYPASS,0,0,,,,,,,,,,,,,,,,,,,BELOW,false
1153,2025-07-02 01:15,2025-07-02 19:30,161391,161464,74,2400.99,2397.4,0.149,0,10.852,10.38,BYPASS,0,0,,,,,,,,,,,,,,,,,,,ABOVE,false
1154,2025-07-02 19:45,2025-07-02 22:15,161465,161475,11,2582.15,2577.75,0.169,0,5.94,14.59,BYPASS,0,0,,,,,,,,,,,,,,,,,,,ABOVE,false
1155,2025-07-02 22:30,2025-07-04 15:45,161476,161641,166,2596.88,2591.42,0.21,0,6.86,20.37,DOWN,1,1,161477,2025-07-02 22:45,1,161477,2025-07-02 22:45,2593.79,0.434,1,1,0.81,true,161478,2025-07-02 23:00,2591.29,1.13,1.4,false,false,BELOW,false
1156,2025-07-04 16:00,2025-07-05 06:00,161642,161698,57,2504,2498.04,0.24,0,5.522,10.05,UP,1,1,161666,2025-07-04 22:00,24,161666,2025-07-04 22:00,2501.87,0.643,24,-1,2.43,true,161667,2025-07-04 22:15,2510.01,0,0.05,true,true,ABOVE,false
1157,2025-07-05 06:15,2025-07-06 06:00,161699,161794,96,2519.21,2515.85,0.133,0,3.957,17.07,DOWN,1,1,161707,2025-07-05 08:15,8,161707,2025-07-05 08:15,2518.5,0.789,8,1,0.67,true,161708,2025-07-05 08:30,2513.28,0.33,0.33,true,true,BELOW,false
1158,2025-07-06 06:15,2025-07-08 16:45,161795,162029,235,2514.37,2508.2,0.245,0,7.784,13.91,DOWN,1,7,161802,2025-07-06 08:00,7,161808,2025-07-06 09:30,2513.27,0.822,13,-1,0.74,true,161809,2025-07-06 09:45,2506.12,0.24,0.24,true,true,ABOVE,false
1159,2025-07-08 17:00,2025-07-09 05:15,162030,162079,50,2576.43,2570.77,0.217,0,15.117,22.17,BYPASS,0,0,,,,,,,,,,,,,,,,,,,ABOVE,false
1160,2025-07-09 05:30,2025-07-09 17:45,162080,162129,50,2609.83,2603.9,0.225,0,13.266,14.1,UP,1,1,162094,2025-07-09 09:00,14,162094,2025-07-09 09:00,2605.44,0.26,14,1,1.57,true,162095,2025-07-09 09:15,2609.89,0,0,true,true,ABOVE,false
1161,2025-07-09 18:00,2025-07-10 21:00,162130,162238,109,2661.43,2653.91,0.277,0,16.102,69.23,BYPASS,0,0,,,,,,,,,,,,,,,,,,,ABOVE,false
1162,2025-07-10 21:15,2025-07-12 04:30,162239,162364,126,2824.31,2815.7,0.296,0,30.909,89.34,BYPASS,0,0,,,,,,,,,,,,,,,,,,,ABOVE,false
1163,2025-07-12 04:45,2025-07-13 21:15,162365,162527,163,2966.58,2957.05,0.323,0,7.239,23.34,UP,1,2,162372,2025-07-12 06:30,7,162373,2025-07-12 06:45,2958.01,0.101,8,1,0.61,true,162374,2025-07-12 07:00,2968.28,0.03,1.49,true,true,ABOVE,false
1164,2025-07-13 21:30,2025-07-15 05:45,162528,162657,130,2985.17,2980.69,0.151,0,15.459,25.26,DOWN,1,1,162540,2025-07-14 00:30,12,162540,2025-07-14 00:30,2984.39,0.826,12,1,0.64,true,162541,2025-07-14 00:45,2973.95,0.65,0.65,true,true,BELOW,false
1165,2025-07-15 06:00,2025-07-15 22:45,162658,162725,68,2973.69,2961.54,0.407,0,4.223,14.8,UP,1,1,162666,2025-07-15 08:00,8,162666,2025-07-15 08:00,2968,0.532,8,-1,0.65,true,162667,2025-07-15 08:15,2974.15,0,0.03,true,true,ABOVE,false
1166,2025-07-15 23:00,2025-07-20 11:00,162726,163158,433,3094.5,3081.92,0.403,0,5.32,11.06,BYPASS,0,0,,,,,,,,,,,,,,,,,,,ABOVE,false
1167,2025-07-20 11:15,2025-07-22 13:15,163159,163359,201,3702.51,3695,0.202,0,3.452,10.22,UP,1,1,163330,2025-07-22 06:00,171,163330,2025-07-22 06:00,3702.42,0.988,171,-1,0.82,true,163331,2025-07-22 06:15,3705.77,2.02,2.12,true,true,OVERLAP,false
1168,2025-07-22 13:30,2025-07-25 13:15,163360,163647,288,3702.7,3691.45,0.305,1,5.631,12.47,DOWN,1,1,163360,2025-07-22 13:30,0,163360,2025-07-22 13:30,3692.68,0.109,0,-1,2.78,true,163361,2025-07-22 13:45,3648.44,1.77,1.77,true,true,OVERLAP,false
1169,2025-07-25 13:30,2025-07-26 08:00,163648,163722,75,3708.89,3691.45,0.473,2,5.454,11.61,DOWN,1,1,163649,2025-07-25 13:45,1,163649,2025-07-25 13:45,3705.12,0.784,1,1,0.98,true,163650,2025-07-25 14:00,3679.82,2.48,2.48,false,false,ABOVE,false
1170,2025-07-26 08:15,2025-07-26 18:00,163723,163762,40,3745.53,3741.03,0.12,0,6.445,14.5,DOWN,1,2,163739,2025-07-26 12:15,16,163740,2025-07-26 12:30,3744.1,0.682,17,1,0.52,true,163741,2025-07-26 12:45,3740.89,0.51,0.94,true,true,BELOW,false
1171,2025-07-26 18:15,2025-08-01 07:45,163763,164297,535,3728.05,3720.75,0.196,0,6.538,11.33,UP,1,1,164250,2025-07-31 20:00,487,164250,2025-07-31 20:00,3725.17,0.605,487,-1,2.33,true,164251,2025-07-31 20:15,3737.37,0.37,2.88,true,true,BELOW,false
1172,2025-08-01 08:00,2025-08-03 21:45,164298,164545,248,3650.04,3632.35,0.49,0,3.079,12.82,DOWN,1,2,164303,2025-08-01 09:15,5,164304,2025-08-01 09:30,3633.16,0.046,6,-1,0.35,true,164305,2025-08-01 09:45,3616.9,0.76,1.94,true,true,BELOW,false
1173,2025-08-03 22:00,2025-08-04 13:15,164546,164607,62,3504.79,3494.18,0.304,0,4.237,11.98,UP,1,2,164548,2025-08-03 22:30,2,164549,2025-08-03 22:45,3501.42,0.682,3,1,0.71,true,164550,2025-08-03 23:00,3510.41,0.14,0.14,true,true,ABOVE,false
1174,2025-08-04 13:30,2025-08-06 21:15,164608,164831,224,3571.78,3558.62,0.365,0,5.765,10.75,UP,1,1,164708,2025-08-05 14:30,100,164708,2025-08-05 14:30,3569.05,0.793,100,-1,1.67,true,164709,2025-08-05 14:45,3576.34,0.1,0.1,true,true,ABOVE,false
1175,2025-08-06 21:30,2025-08-07 01:00,164832,164846,15,3680.64,3672.63,0.219,0,5.665,13.28,UP,1,3,164834,2025-08-06 22:00,2,164836,2025-08-06 22:30,3675.26,0.328,4,1,0.39,true,164837,2025-08-06 22:45,3680.87,0.28,0.73,true,true,OVERLAP,false
1176,2025-08-07 01:15,2025-08-08 03:00,164847,164950,104,3680.64,3669.73,0.294,1,5.907,15.16,DOWN,1,1,164850,2025-08-07 02:00,3,164850,2025-08-07 02:00,3672.37,0.242,3,1,2.17,true,164851,2025-08-07 02:15,3669.5,0.65,0.65,false,true,ABOVE,false
1177,2025-08-08 03:15,2025-08-08 21:45,164951,165025,75,3903,3890.58,0.314,0,6.754,17.4,UP,1,1,164959,2025-08-08 05:15,8,164959,2025-08-08 05:15,3898.8,0.662,8,1,0.69,true,164960,2025-08-08 05:30,3903.67,0,0.19,true,true,ABOVE,false
1178,2025-08-08 22:00,2025-08-09 09:30,165026,165072,47,4045.86,4037.31,0.212,0,4.975,14.81,UP,1,3,165046,2025-08-09 03:00,20,165048,2025-08-09 03:30,4043.95,0.777,22,1,1.06,true,165049,2025-08-09 03:45,4049.33,0,0,true,true,ABOVE,false
1179,2025-08-09 09:45,2025-08-11 13:15,165073,165279,207,4196.2,4184.12,0.286,0,7.691,21.18,UP,1,1,165081,2025-08-09 11:45,8,165081,2025-08-09 11:45,4189.39,0.436,8,1,0.64,true,165082,2025-08-09 12:00,4196.8,0.75,0.75,true,true,OVERLAP,false
1180,2025-08-11 13:30,2025-08-12 12:15,165280,165371,92,4196.2,4170.01,0.616,1,6.615,11.74,BYPASS,0,0,,,,,,,,,,,,,,,,,,,ABOVE,false
1181,2025-08-12 12:30,2025-08-13 20:45,165372,165501,130,4314,4276.1,0.86,0,6.358,10.06,BYPASS,0,0,,,,,,,,,,,,,,,,,,,ABOVE,false
1182,2025-08-13 21:00,2025-08-14 10:15,165502,165555,54,4730.4,4712.01,0.387,0,3.985,10.15,UP,1,1,165505,2025-08-13 21:45,3,165505,2025-08-13 21:45,4720.41,0.457,3,1,0.97,true,165506,2025-08-13 22:00,4737.09,0,0.13,true,true,ABOVE,false
1183,2025-08-14 10:30,2025-08-16 09:30,165556,165744,189,4764.79,4743.13,0.46,0,8.471,24.56,BYPASS,0,0,,,,,,,,,,,,,,,,,,,BELOW,false
1184,2025-08-16 09:45,2025-08-17 18:30,165745,165876,132,4456.87,4447.7,0.209,0,10.474,43.51,UP,1,3,165816,2025-08-17 03:30,71,165818,2025-08-17 04:00,4453.4,0.622,73,-1,1.95,true,165819,2025-08-17 04:15,4470.51,0,0.14,true,true,ABOVE,false
1185,2025-08-17 18:45,2025-08-20 11:00,165877,166134,258,4517.06,4505.49,0.259,0,16.774,54.96,UP,1,1,165891,2025-08-17 22:15,14,165891,2025-08-17 22:15,4510.8,0.459,14,-1,1.85,true,165892,2025-08-17 22:30,4528.94,1.56,5.07,true,true,BELOW,false
1186,2025-08-20 11:15,2025-08-23 11:30,166135,166424,290,4230.44,4210.49,0.475,0,1.756,10.07,UP,1,1,166149,2025-08-20 14:45,14,166149,2025-08-20 14:45,4211.67,0.059,14,1,1.35,true,166150,2025-08-20 15:00,4264.75,0,0,true,true,ABOVE,false
1187,2025-08-23 11:45,2025-08-25 00:15,166425,166571,147,4719.1,4711,0.172,0,2.588,10.29,UP,1,2,166426,2025-08-23 12:00,1,166427,2025-08-23 12:15,4717.82,0.842,2,-1,1.14,true,166428,2025-08-23 12:30,4725.74,0.11,0.11,true,true,ABOVE,false
1188,2025-08-25 00:30,2025-08-25 10:00,166572,166610,39,4794.06,4757.43,0.781,0,4.512,13.73,DOWN,1,1,166579,2025-08-25 02:15,7,166579,2025-08-25 02:15,4760.81,0.092,7,-1,1.01,true,166580,2025-08-25 02:30,4756.04,1.39,4.26,true,true,BELOW,false
1189,2025-08-25 10:15,2025-08-26 12:15,166611,166715,105,4611.14,4590,0.464,0,4.932,10.12,UP,1,2,166617,2025-08-25 11:45,6,166618,2025-08-25 12:00,4604.54,0.688,7,-1,1.03,true,166619,2025-08-25 12:15,4619.91,0,0.6,true,true,BELOW,false
1190,2025-08-26 12:30,2025-08-27 13:15,166716,166815,100,4421,4407.28,0.304,0,20.882,48.19,BYPASS,0,0,,,,,,,,,,,,,,,,,,,ABOVE,false
1191,2025-08-27 13:30,2025-08-28 02:45,166816,166869,54,4609,4587.81,0.458,0,8.368,13.92,UP,1,2,166817,2025-08-27 13:45,1,166818,2025-08-27 14:00,4603.18,0.725,2,1,1.15,true,166819,2025-08-27 14:15,4630.5,0,1.78,true,true,BELOW,false
1192,2025-08-28 03:00,2025-08-29 12:15,166870,167003,134,4517.26,4507.19,0.222,0,2.61,10.07,DOWN,1,2,166919,2025-08-28 15:15,49,166920,2025-08-28 15:30,4516.58,0.932,50,1,1.14,true,166921,2025-08-28 15:45,4502.04,1.14,1.82,true,true,BELOW,false
1193,2025-08-29 12:30,2025-08-30 01:30,167004,167056,53,4370.45,4355.5,0.341,0,7.507,11.61,DOWN,1,1,167041,2025-08-29 21:45,37,167041,2025-08-29 21:45,4363.21,0.516,37,-1,0.91,true,167042,2025-08-29 22:00,4344.98,0.24,2.31,true,true,BELOW,false
1194,2025-08-30 01:45,2025-09-01 16:45,167057,167309,253,4330.74,4317.85,0.302,0,13.932,19.58,UP,1,1,167062,2025-08-30 03:00,5,167062,2025-08-30 03:00,4322.1,0.33,5,-1,1.21,true,167063,2025-08-30 03:15,4357.19,0,0,true,true,ABOVE,false
1195,2025-09-01 17:00,2025-09-01 20:15,167310,167323,14,4365.87,4344.44,0.496,0,3.833,10.07,UP,1,4,167317,2025-09-01 18:45,7,167320,2025-09-01 19:30,4363.94,0.91,10,-1,0.52,true,167321,2025-09-01 19:45,4366.18,3.2,3.2,true,true,OVERLAP,false
1196,2025-09-01 20:30,2025-09-02 18:30,167324,167412,89,4365.87,4342.3,0.552,1,5.243,12.01,UP,1,1,167349,2025-09-02 02:45,25,167349,2025-09-02 02:45,4358.86,0.703,25,-1,1.5,true,167350,2025-09-02 03:00,4381.1,0,0,true,true,BELOW,false
1197,2025-09-02 18:45,2025-09-04 07:45,167413,167561,149,4298.21,4277.44,0.484,0,2.532,10.31,DOWN,1,1,167413,2025-09-02 18:45,0,167413,2025-09-02 18:45,4294.58,0.825,0,-1,1.54,true,167414,2025-09-02 19:00,4271.13,0.54,0.54,true,true,ABOVE,false
1198,2025-09-04 08:00,2025-09-05 06:45,167562,167653,92,4372.86,4364.27,0.196,0,2.93,12.15,UP,1,1,167565,2025-09-04 08:45,3,167565,2025-09-04 08:45,4366.82,0.297,3,-1,0.62,true,167566,2025-09-04 09:00,4380.99,0,1.4,true,true,BELOW,false
1199,2025-09-05 07:00,2025-09-06 14:45,167654,167781,128,4332.71,4321.48,0.258,0,4.483,10.8,DOWN,1,1,167703,2025-09-05 19:15,49,167703,2025-09-05 19:15,4326.11,0.412,49,-1,0.63,true,167704,2025-09-05 19:30,4317.32,0.84,0.84,true,true,BELOW,false
1200,2025-09-06 15:00,2025-09-08 12:45,167782,167965,184,4299,4291.46,0.177,0,8.991,13.84,UP,1,7,167824,2025-09-07 01:30,42,167830,2025-09-07 03:00,4293.71,0.298,48,-1,0.49,true,167831,2025-09-07 03:15,4300.8,0.02,0.34,true,true,ABOVE,false
1201,2025-09-08 13:00,2025-09-11 11:45,167966,168249,284,4321.48,4314.31,0.165,0,7.772,15.76,UP,1,1,167969,2025-09-08 13:45,3,167969,2025-09-08 13:45,4318.15,0.536,3,1,1.21,true,167970,2025-09-08 14:00,4325.32,0,0.75,true,true,ABOVE,false
1202,2025-09-11 12:00,2025-09-13 13:30,168250,168448,199,4437,4426.63,0.233,0,8,16.76,DOWN,1,1,168257,2025-09-11 13:45,7,168257,2025-09-11 13:45,4435.77,0.881,7,1,1.44,true,168258,2025-09-11 14:00,4409.53,0.74,0.74,true,true,ABOVE,false
1203,2025-09-13 13:45,2025-09-15 13:15,168449,168639,191,4722.78,4710,0.273,0,12.09,15.4,BYPASS,0,0,,,,,,,,,,,,,,,,,,,BELOW,false
1204,2025-09-15 13:30,2025-09-16 13:15,168640,168735,96,4528.58,4515.36,0.294,0,8.286,35.87,DOWN,1,2,168643,2025-09-15 14:15,3,168644,2025-09-15 14:30,4523.64,0.626,4,-1,0.7,true,168645,2025-09-15 14:45,4508.82,1.16,1.16,false,false,BELOW,false
1205,2025-09-16 13:30,2025-09-16 16:45,168736,168749,14,4509.13,4495,0.317,0,9.372,23.24,BYPASS,0,0,,,,,,,,,,,,,,,,,,,BELOW,false
1206,2025-09-16 17:00,2025-09-18 05:45,168750,168897,148,4462.47,4452.2,0.229,0,8.704,16.17,UP,1,1,168850,2025-09-17 18:00,100,168850,2025-09-17 18:00,4455.08,0.28,100,-1,14.43,true,168851,2025-09-17 18:15,4495.28,0.67,0.67,true,true,ABOVE,false
1207,2025-09-18 06:00,2025-09-19 14:30,168898,169028,131,4589.81,4583.91,0.129,0,4.908,10.67,DOWN,1,1,168914,2025-09-18 10:00,16,168914,2025-09-18 10:00,4585.79,0.319,16,1,1.05,true,168915,2025-09-18 10:15,4570.01,0.39,0.63,false,true,BELOW,false
1208,2025-09-19 14:45,2025-09-20 14:15,169029,169123,95,4539.05,4519.55,0.434,0,6.843,10.85,BYPASS,0,0,,,,,,,,,,,,,,,,,,,BELOW,false
1209,2025-09-20 14:30,2025-09-21 02:00,169124,169170,47,4466.29,4463.63,0.059,0,3.895,13.04,BYPASS,0,0,,,,,,,,,,,,,,,,,,,ABOVE,false
1210,2025-09-21 02:15,2025-09-21 21:45,169171,169249,79,4485,4477.83,0.16,0,13.305,47.26,UP,1,2,169186,2025-09-21 06:00,15,169187,2025-09-21 06:15,4480.62,0.389,16,1,0.83,true,169188,2025-09-21 06:30,4489.64,0.3,0.84,true,true,BELOW,false
1211,2025-09-21 22:00,2025-09-22 05:45,169250,169281,32,4474.18,4468.03,0.138,0,5.356,13.21,BYPASS,0,0,,,,,,,,,,,,,,,,,,,BELOW,false
1212,2025-09-22 06:00,2025-09-24 21:30,169282,169536,255,4285,4210,1.806,0,8.239,13.01,DOWN,1,1,169315,2025-09-22 14:15,33,169315,2025-09-22 14:15,4214.49,0.06,33,-1,1.23,true,169316,2025-09-22 14:30,4196.76,1.28,2.16,false,false,BELOW,false
1213,2025-09-24 21:45,2025-09-26 05:30,169537,169664,128,4168.43,4159.93,0.205,0,5.64,11.79,BYPASS,0,0,,,,,,,,,,,,,,,,,,,BELOW,false
1214,2025-09-26 05:45,2025-09-27 07:45,169665,169769,105,3956.31,3942.02,0.365,0,7.281,20.92,DOWN,1,1,169668,2025-09-26 06:30,3,169668,2025-09-26 06:30,3942.17,0.01,3,-1,0.47,true,169669,2025-09-26 06:45,3919,0.94,1.8,false,true,ABOVE,false
1215,2025-09-27 08:00,2025-09-28 21:45,169770,169921,152,4009.59,4004.01,0.14,0,5.42,12.3,UP,1,2,169781,2025-09-27 10:45,11,169782,2025-09-27 11:00,4005.03,0.183,12,1,0.64,true,169783,2025-09-27 11:15,4011.09,0.28,0.61,true,true,ABOVE,false
1216,2025-09-28 22:00,2025-09-29 20:15,169922,170011,90,4048.3,4041.3,0.171,0,33.041,38.7,BYPASS,0,0,,,,,,,,,,,,,,,,,,,ABOVE,false
1217,2025-09-29 20:30,2025-10-01 08:15,170012,170155,144,4196.01,4185,0.26,0,6.197,10.18,UP,1,1,170035,2025-09-30 02:15,23,170035,2025-09-30 02:15,4195.19,0.926,23,1,0.46,true,170036,2025-09-30 02:30,4201.68,0,0.55,true,true,BELOW,false
1218,2025-10-01 08:30,2025-10-03 12:45,170156,170365,210,4165.89,4144.87,0.492,0,7.37,10.18,BYPASS,0,0,,,,,,,,,,,,,,,,,,,ABOVE,false
1219,2025-10-03 13:00,2025-10-05 02:15,170366,170515,150,4484.63,4476.82,0.175,0,5.484,10.2,DOWN,1,1,170373,2025-10-03 14:45,7,170373,2025-10-03 14:45,4480.92,0.525,7,1,1.21,true,170374,2025-10-03 15:00,4465.98,0.37,0.67,true,true,OVERLAP,false
1220,2025-10-05 02:30,2025-10-05 07:30,170516,170536,21,4490.71,4476.82,0.307,1,17.093,21.01,BYPASS,0,0,,,,,,,,,,,,,,,,,,,ABOVE,false
1221,2025-10-05 07:45,2025-10-05 16:30,170537,170572,36,4577.92,4567.01,0.237,0,6.174,16.71,DOWN,1,1,170543,2025-10-05 09:15,6,170543,2025-10-05 09:15,4573.73,0.616,6,1,1.07,true,170544,2025-10-05 09:30,4550.47,0.99,0.99,false,false,BELOW,false
1222,2025-10-05 16:45,2025-10-10 20:30,170573,171068,496,4537.32,4526,0.25,0,8.715,16.96,DOWN,1,1,170573,2025-10-05 16:45,0,170573,2025-10-05 16:45,4526.87,0.077,0,1,9.26,true,170574,2025-10-05 17:00,4523.74,0.75,1.22,false,false,BELOW,false
1223,2025-10-10 20:45,2025-10-11 18:45,171069,171157,89,4022.18,4005.06,0.443,0,17.078,29.69,BYPASS,0,0,,,,,,,,,,,,,,,,,,,BELOW,false
1224,2025-10-11 19:00,2025-10-12 09:30,171158,171216,59,3821,3811.69,0.246,0,7.734,22.2,UP,1,1,171202,2025-10-12 06:00,44,171202,2025-10-12 06:00,3818.23,0.702,44,-1,0.68,true,171203,2025-10-12 06:15,3828.93,0,0.22,true,true,OVERLAP,false
1225,2025-10-12 09:45,2025-10-12 14:30,171217,171236,20,3829.72,3811.69,0.469,1,3.31,10.4,UP,1,8,171218,2025-10-12 10:00,1,171225,2025-10-12 11:45,3818.14,0.358,8,1,0.54,true,171226,2025-10-12 12:00,3836.36,0.52,0.52,true,true,OVERLAP,false
1226,2025-10-12 14:45,2025-10-14 19:15,171237,171447,211,3842.8,3811.69,0.783,2,4.262,17.58,BYPASS,0,0,,,,,,,,,,,,,,,,,,,ABOVE,false
1227,2025-10-14 19:30,2025-10-16 09:15,171448,171599,152,4146.56,4125.11,0.529,0,5.616,12.71,DOWN,1,1,171458,2025-10-14 22:00,10,171458,2025-10-14 22:00,4128.65,0.165,10,1,0.55,true,171459,2025-10-14 22:15,4119.83,0.71,1.6,true,true,BELOW,false
1228,2025-10-16 09:30,2025-10-18 06:45,171600,171781,182,4002.52,3986.07,0.409,0,10.991,15.48,UP,1,1,171619,2025-10-16 14:15,19,171619,2025-10-16 14:15,3993.91,0.477,19,1,2.04,true,171620,2025-10-16 14:30,4053.3,3.29,4.1,true,true,BELOW,false
1229,2025-10-18 07:00,2025-10-19 08:00,171782,171882,101,3872.97,3861.37,0.297,0,10.873,35.77,UP,1,1,171790,2025-10-18 09:00,8,171790,2025-10-18 09:00,3872.3,0.942,8,1,0.73,true,171791,2025-10-18 09:15,3883.43,0.03,0.4,true,true,ABOVE,false
1230,2025-10-19 08:15,2025-10-22 20:45,171883,172221,339,3895.51,3883.18,0.318,0,15.088,17.48,UP,1,1,171888,2025-10-19 09:30,5,171888,2025-10-19 09:30,3895.14,0.97,5,1,1.84,true,171889,2025-10-19 09:45,3911.26,0,0,true,true,BELOW,false
1231,2025-10-22 21:00,2025-10-24 11:15,172222,172375,154,3799.39,3768.27,0.832,0,6.884,13.94,UP,1,3,172230,2025-10-22 23:00,8,172232,2025-10-22 23:30,3794.49,0.843,10,-1,1.33,true,172233,2025-10-22 23:45,3803.93,0,0,true,true,ABOVE,false
1232,2025-10-24 11:30,2025-10-26 01:30,172376,172528,153,3962.68,3951.09,0.294,0,3.745,14.29,UP,1,2,172378,2025-10-24 12:00,2,172379,2025-10-24 12:15,3953.53,0.211,3,1,1.25,true,172380,2025-10-24 12:30,3975.62,1.49,2.2,true,true,OVERLAP,false
1233,2025-10-26 01:45,2025-10-26 21:45,172529,172609,81,3962.68,3946.79,0.404,1,20.926,85.11,UP,1,7,172552,2025-10-26 07:30,23,172558,2025-10-26 09:00,3956.92,0.638,29,1,1.43,true,172559,2025-10-26 09:15,4002.21,0,0,true,true,ABOVE,false
1234,2025-10-26 22:00,2025-10-27 11:00,172610,172662,53,4088.41,4075,0.325,0,12.298,12.23,BYPASS,0,0,,,,,,,,,,,,,,,,,,,ABOVE,false
1235,2025-10-27 11:15,2025-10-28 02:30,172663,172724,62,4174.33,4164.63,0.234,0,3.033,17.25,DOWN,1,1,172678,2025-10-27 15:00,15,172678,2025-10-27 15:00,4168.49,0.398,15,-1,0.96,true,172679,2025-10-27 15:15,4164.24,0.13,1.78,true,true,BELOW,false
1236,2025-10-28 02:45,2025-10-28 05:30,172725,172736,12,4119.99,4110.99,0.22,0,9.018,27.6,BYPASS,0,0,,,,,,,,,,,,,,,,,,,BELOW,false
1237,2025-10-28 05:45,2025-10-28 19:00,172737,172790,54,4096.63,4080.35,0.4,0,3.405,12.44,UP,1,1,172739,2025-10-28 06:15,2,172739,2025-10-28 06:15,4083.39,0.187,2,-1,0.65,true,172740,2025-10-28 06:30,4097.14,0,0,true,true,ABOVE,false
1238,2025-10-28 19:15,2025-10-29 17:15,172791,172879,89,4117.28,4101.26,0.395,0,8.243,16.23,BYPASS,0,0,,,,,,,,,,,,,,,,,,,BELOW,false
1239,2025-10-29 17:30,2025-10-29 18:15,172880,172883,4,3970,3957.77,0.306,0,4.347,12.06,BYPASS,0,0,,,,,,,,,,,,,,,,,,,ABOVE,false
1240,2025-10-29 18:30,2025-10-31 11:30,172884,173048,165,3998.88,3980.43,0.478,0,16.814,10.75,BYPASS,0,0,,,,,,,,,,,,,,,,,,,BELOW,false
1241,2025-10-31 11:45,2025-10-31 16:30,173049,173068,20,3842.17,3832.46,0.251,0,8.031,23.8,UP,1,1,173053,2025-10-31 12:45,4,173053,2025-10-31 12:45,3834.79,0.24,4,1,1.22,true,173054,2025-10-31 13:00,3850.11,0.06,0.78,true,true,ABOVE,false
1242,2025-10-31 16:45,2025-11-02 07:30,173069,173224,156,3863.37,3846.01,0.454,0,4.546,15.79,UP,1,3,173076,2025-10-31 18:30,7,173078,2025-10-31 19:00,3847.56,0.089,9,1,0.59,true,173079,2025-10-31 19:15,3872.84,0.19,0.45,true,true,ABOVE,false
1243,2025-11-02 07:45,2025-11-03 10:30,173225,173332,108,3897.76,3890.34,0.19,0,4.064,10.94,UP,1,3,173227,2025-11-02 08:15,2,173229,2025-11-02 08:45,3893.22,0.388,4,1,0.8,true,173230,2025-11-02 09:00,3897.79,1.01,1.37,true,true,BELOW,false
1244,2025-11-03 10:45,2025-11-04 05:00,173333,173406,74,3715.91,3701,0.406,0,6.131,12.36,UP,1,3,173335,2025-11-03 11:15,2,173337,2025-11-03 11:45,3710,0.604,4,-1,0.56,true,173338,2025-11-03 12:00,3720.95,0.26,3.75,true,true,BELOW,false
1245,2025-11-04 05:15,2025-11-07 14:15,173407,173731,325,3630.62,3618.05,0.353,0,8.954,39.83,BYPASS,0,0,,,,,,,,,,,,,,,,,,,BELOW,false
1246,2025-11-07 14:30,2025-11-09 08:45,173732,173901,170,3238.67,3223.5,0.463,0,4.649,19.92,BYPASS,0,0,,,,,,,,,,,,,,,,,,,ABOVE,false
1247,2025-11-09 09:00,2025-11-10 19:15,173902,174039,138,3420.19,3411.11,0.265,0,4.211,10.69,DOWN,1,1,173904,2025-11-09 09:30,2,173904,2025-11-09 09:30,3413.1,0.219,2,-1,1.02,true,173905,2025-11-09 09:45,3399.64,0.89,0.89,true,true,ABOVE,false
1248,2025-11-10 19:30,2025-11-14 04:15,174040,174363,324,3549.89,3538.87,0.309,0,4.257,10.56,DOWN,1,1,174046,2025-11-10 21:00,6,174046,2025-11-10 21:00,3545.88,0.636,6,-1,1.26,true,174047,2025-11-10 21:15,3538.32,0.33,0.33,true,true,BELOW,false
1249,2025-11-14 04:30,2025-11-16 09:30,174364,174576,213,3221.13,3206.35,0.469,0,13.355,26.22,DOWN,1,5,174373,2025-11-14 06:45,9,174377,2025-11-14 07:45,3213.82,0.505,13,-1,1.22,true,174378,2025-11-14 08:00,3197.86,1.83,4.31,false,false,OVERLAP,false
1250,2025-11-16 09:45,2025-11-16 15:30,174577,174600,24,3221.54,3206.35,0.468,1,6.776,12.49,BYPASS,0,0,,,,,,,,,,,,,,,,,,,BELOW,false
1251,2025-11-16 15:45,2025-11-16 20:45,174601,174621,21,3174.02,3165,0.291,0,14.192,15.47,BYPASS,0,0,,,,,,,,,,,,,,,,,,,BELOW,false
1252,2025-11-16 21:00,2025-11-20 22:45,174622,175013,392,3100.59,3087.73,0.419,0,3.311,13.61,DOWN,1,1,174629,2025-11-16 22:45,7,174629,2025-11-16 22:45,3090.89,0.246,7,-1,0.69,true,174630,2025-11-16 23:00,3063.87,0.86,0.86,true,true,BELOW,false
1253,2025-11-20 23:00,2025-11-24 14:15,175014,175363,350,2893.99,2883.9,0.352,0,5.482,13.34,BYPASS,0,0,,,,,,,,,,,,,,,,,,,BELOW,false
1254,2025-11-24 14:30,2025-11-24 17:00,175364,175374,11,2808,2795.18,0.457,0,10.224,14.21,UP,1,1,175364,2025-11-24 14:30,0,175364,2025-11-24 14:30,2802.35,0.559,0,1,8.67,true,175365,2025-11-24 14:45,2831.16,0,0,true,true,ABOVE,false
1255,2025-11-24 17:15,2025-11-25 07:30,175375,175432,58,2865,2856.49,0.292,0,5.028,11.26,BYPASS,0,0,,,,,,,,,,,,,,,,,,,ABOVE,false
1256,2025-11-25 07:45,2025-11-26 11:45,175433,175545,113,2920.27,2913.71,0.226,0,4.297,10.27,UP,1,1,175451,2025-11-25 12:15,18,175451,2025-11-25 12:15,2919.53,0.887,18,-1,1.94,true,175452,2025-11-25 12:30,2926.11,1.29,2.01,true,true,OVERLAP,false
1257,2025-11-26 12:00,2025-11-28 03:45,175546,175705,160,2920.27,2908.61,0.403,1,6.283,12.84,UP,1,1,175551,2025-11-26 13:15,5,175551,2025-11-26 13:15,2912.06,0.296,5,-1,1.11,true,175552,2025-11-26 13:30,2922.17,0.19,0.19,true,true,ABOVE,false
1258,2025-11-28 04:00,2025-11-28 08:30,175706,175724,19,3008.67,3005.13,0.117,0,4.172,15.43,UP,1,1,175717,2025-11-28 06:45,11,175717,2025-11-28 06:45,3008.34,0.907,11,-1,0.52,true,175718,2025-11-28 07:00,3014.24,0.22,0.22,true,true,ABOVE,false
1259,2025-11-28 08:45,2025-11-29 06:00,175725,175810,86,3027.73,3013.85,0.453,0,4.463,10.88,UP,1,4,175757,2025-11-28 16:45,32,175760,2025-11-28 17:30,3021.41,0.545,35,1,0.68,true,175761,2025-11-28 17:45,3033.6,0,0,true,true,ABOVE,false
1260,2025-11-29 06:15,2025-11-30 00:45,175811,175885,75,3037.45,3030.78,0.221,0,11.724,23.99,BYPASS,0,0,,,,,,,,,,,,,,,,,,,BELOW,false
1261,2025-11-30 01:00,2025-11-30 08:00,175886,175914,29,2996.78,2992.71,0.135,0,4.996,11.81,DOWN,1,1,175892,2025-11-30 02:30,6,175892,2025-11-30 02:30,2995.75,0.747,6,-1,2.03,true,175893,2025-11-30 02:45,2989.99,0.63,0.63,true,true,ABOVE,false
1262,2025-11-30 08:15,2025-12-02 00:45,175915,176077,163,3005.49,3001.59,0.13,0,3.666,10.95,UP,1,3,175927,2025-11-30 11:15,12,175929,2025-11-30 11:45,3001.76,0.044,14,-1,1.17,true,175930,2025-11-30 12:00,3006.23,0,0,true,true,BELOW,false
1263,2025-12-02 01:00,2025-12-03 13:45,176078,176225,148,2797.14,2785.82,0.404,0,3.426,10.04,UP,1,3,176080,2025-12-02 01:30,2,176082,2025-12-02 02:00,2797.12,0.998,4,-1,0.73,true,176083,2025-12-02 02:15,2805,0.07,0.07,true,true,ABOVE,false
1264,2025-12-03 14:00,2025-12-05 12:45,176226,176413,188,3093,3086.5,0.213,0,12.752,32.29,UP,1,1,176237,2025-12-03 16:45,11,176237,2025-12-03 16:45,3086.99,0.075,11,1,0.47,true,176238,2025-12-03 17:00,3106.25,0,0,true,true,ABOVE,false
1265,2025-12-05 13:00,2025-12-05 22:45,176414,176453,40,3128.96,3122.76,0.199,0,5.164,16.91,DOWN,1,1,176414,2025-12-05 13:00,0,176414,2025-12-05 13:00,3123.18,0.068,0,-1,1.27,true,176415,2025-12-05 13:15,3119.43,1.33,4.64,true,true,BELOW,false
1266,2025-12-05 23:00,2025-12-06 14:00,176454,176514,61,3031.39,3024.01,0.245,0,2.644,11.3,DOWN,1,4,176460,2025-12-06 00:30,6,176463,2025-12-06 01:15,3026.52,0.34,9,-1,0.87,true,176464,2025-12-06 01:30,3021.05,0.23,0.23,true,true,ABOVE,false
1267,2025-12-06 14:15,2025-12-07 14:00,176515,176610,96,3037.48,3032.9,0.15,0,22.931,35.72,UP,1,1,176519,2025-12-06 15:15,4,176519,2025-12-06 15:15,3033.59,0.151,4,-1,3.43,true,176520,2025-12-06 15:30,3046.04,0,0.33,true,true,OVERLAP,false
1268,2025-12-07 14:15,2025-12-09 14:45,176611,176805,195,3037.48,3021.06,0.559,1,9.364,10.98,DOWN,1,1,176617,2025-12-07 15:45,6,176617,2025-12-07 15:45,3025.82,0.29,6,-1,3.85,true,176618,2025-12-07 16:00,3004.66,0.72,0.72,true,true,ABOVE,false
1269,2025-12-09 15:00,2025-12-10 09:30,176806,176880,75,3116.67,3103.5,0.422,0,6.421,10.98,BYPASS,0,0,,,,,,,,,,,,,,,,,,,ABOVE,false
1270,2025-12-10 09:45,2025-12-11 14:15,176881,176995,115,3320.67,3315.15,0.165,0,7.108,14.89,DOWN,1,1,176884,2025-12-10 10:30,3,176884,2025-12-10 10:30,3318.16,0.545,3,1,2.3,true,176885,2025-12-10 10:45,3310.78,0.59,0.59,true,true,BELOW,false
1271,2025-12-11 14:30,2025-12-13 21:15,176996,177215,220,3194.49,3181,0.423,0,8.796,18,DOWN,1,1,176996,2025-12-11 14:30,0,176996,2025-12-11 14:30,3186.78,0.428,0,-1,11.9,true,176997,2025-12-11 14:45,3158.16,0.87,0.87,true,true,BELOW,false
1272,2025-12-13 21:30,2025-12-14 07:30,177216,177256,41,3102.9,3098.75,0.134,0,12.807,19.91,BYPASS,0,0,,,,,,,,,,,,,,,,,,,ABOVE,false
1273,2025-12-14 07:45,2025-12-14 19:45,177257,177305,49,3109.82,3107.35,0.079,0,2.988,10.35,UP,1,1,177261,2025-12-14 08:45,4,177261,2025-12-14 08:45,3109.7,0.951,4,1,1.78,true,177262,2025-12-14 09:00,3110.18,0.49,1.9,true,true,BELOW,false
1274,2025-12-14 20:00,2025-12-15 06:15,177306,177347,42,3093.83,3083.9,0.321,0,5.643,14.33,DOWN,1,2,177307,2025-12-14 20:15,1,177308,2025-12-14 20:30,3091.33,0.748,2,-1,0.76,true,177309,2025-12-14 20:45,3081.22,1.03,1.99,true,true,ABOVE,false
1275,2025-12-15 06:30,2025-12-16 10:15,177348,177459,112,3120.45,3115.41,0.161,0,2.538,12.98,BYPASS,0,0,,,,,,,,,,,,,,,,,,,BELOW,false
1276,2025-12-16 10:30,2025-12-17 13:30,177460,177568,109,2932.51,2925.19,0.248,0,3.807,12.22,DOWN,1,1,177472,2025-12-16 13:30,12,177472,2025-12-16 13:30,2931.23,0.825,12,-1,7.49,true,177473,2025-12-16 13:45,2909.08,1.36,1.36,true,true,OVERLAP,false
1277,2025-12-17 13:45,2025-12-18 16:45,177569,177677,109,2933,2923.33,0.329,1,5.798,16.17,UP,1,1,177572,2025-12-17 14:30,3,177572,2025-12-17 14:30,2925.86,0.262,3,-1,3.19,true,177573,2025-12-17 14:45,2993.94,3.1,4.58,true,true,ABOVE,false
1278,2025-12-18 17:00,2025-12-20 12:45,177678,177853,176,2953.84,2940.52,0.466,0,9.41,20.67,UP,1,1,177733,2025-12-19 06:45,55,177733,2025-12-19 06:45,2946.6,0.456,55,1,1.18,true,177734,2025-12-19 07:00,2966.63,0.13,0.13,true,true,ABOVE,false
1279,2025-12-20 13:00,2025-12-21 01:15,177854,177903,50,2988.67,2986.52,0.072,0,15.908,12.54,BYPASS,0,0,,,,,,,,,,,,,,,,,,,BELOW,false
1280,2025-12-21 01:30,2025-12-21 23:45,177904,177993,90,2975.39,2972.68,0.091,0,7.423,13.1,UP,1,1,177914,2025-12-21 04:00,10,177914,2025-12-21 04:00,2974.56,0.694,10,-1,1.04,true,177915,2025-12-21 04:15,2976.22,0.04,0.04,true,true,ABOVE,false
1281,2025-12-22 00:00,2025-12-22 08:00,177994,178026,33,3004,2998.84,0.169,0,15.219,13.29,BYPASS,0,0,,,,,,,,,,,,,,,,,,,ABOVE,false
1282,2025-12-22 08:15,2025-12-23 13:15,178027,178143,117,3034.1,3027.21,0.226,0,6.256,12.29,UP,1,1,178030,2025-12-22 09:00,3,178030,2025-12-22 09:00,3029,0.26,3,1,0.86,true,178031,2025-12-22 09:15,3035.31,0,0.07,true,true,BELOW,false
1283,2025-12-23 13:30,2025-12-24 14:15,178144,178243,100,2960.68,2952.3,0.284,0,7.403,13.86,DOWN,1,1,178155,2025-12-23 16:15,11,178155,2025-12-23 16:15,2955.02,0.325,11,-1,1.7,true,178156,2025-12-23 16:30,2951.69,1.52,1.52,true,true,BELOW,false
1284,2025-12-24 14:30,2025-12-25 08:00,178244,178314,71,2934.29,2925.5,0.302,0,18.983,49.13,DOWN,1,1,178250,2025-12-24 16:00,6,178250,2025-12-24 16:00,2930.59,0.579,6,-1,1.19,true,178251,2025-12-24 16:15,2921.09,0.15,0.15,true,true,ABOVE,false
1285,2025-12-25 08:15,2025-12-27 21:45,178315,178561,247,2946,2937,0.308,0,7.032,14.06,UP,1,1,178363,2025-12-25 20:15,48,178363,2025-12-25 20:15,2945.58,0.953,48,1,0.54,true,178364,2025-12-25 20:30,2947.19,0.37,1.64,true,true,BELOW,false
1286,2025-12-27 22:00,2025-12-30 07:45,178562,178793,232,2933.68,2930.99,0.091,0,8.963,21.61,UP,1,1,178565,2025-12-27 22:45,3,178565,2025-12-27 22:45,2932,0.375,3,-1,1,true,178566,2025-12-27 23:00,2933.79,0,0,true,true,ABOVE,false
1287,2025-12-30 08:00,2025-12-31 13:45,178794,178913,120,2951.27,2949,0.076,0,32.141,81.75,BYPASS,0,0,,,,,,,,,,,,,,,,,,,ABOVE,false
1288,2025-12-31 14:00,2026-01-03 18:00,178914,179218,305,2998.88,2989.11,0.324,0,5.03,10.41,DOWN,1,2,178916,2025-12-31 14:30,2,178917,2025-12-31 14:45,2992.5,0.347,3,1,2.6,true,178918,2025-12-31 15:00,2978.51,1.05,1.05,false,false,ABOVE,false
1289,2026-01-03 18:15,2026-01-03 23:45,179219,179241,23,3107.78,3103.8,0.128,0,5.329,12.7,UP,1,1,179226,2026-01-03 20:00,7,179226,2026-01-03 20:00,3106.98,0.799,7,-1,1.13,true,179227,2026-01-03 20:15,3109.3,0,0,true,true,ABOVE,false
1290,2026-01-04 00:00,2026-01-04 05:45,179242,179265,24,3126.33,3123.45,0.092,0,19.535,36.59,BYPASS,0,0,,,,,,,,,,,,,,,,,,,ABOVE,false
1291,2026-01-04 06:00,2026-01-05 14:15,179266,179395,130,3149.8,3145.5,0.136,0,5.022,10.47,DOWN,1,1,179267,2026-01-04 06:15,1,179267,2026-01-04 06:15,3147.96,0.572,1,1,3.47,true,179268,2026-01-04 06:30,3140.25,0.73,0.73,false,false,OVERLAP,false
1292,2026-01-05 14:30,2026-01-06 06:15,179396,179459,64,3154.99,3145.5,0.3,1,9.788,13.59,BYPASS,0,0,,,,,,,,,,,,,,,,,,,ABOVE,false
1293,2026-01-06 06:30,2026-01-06 13:45,179460,179489,30,3223.26,3216.45,0.21,0,7.053,18.95,UP,1,8,179463,2026-01-06 07:15,3,179470,2026-01-06 09:00,3221.43,0.731,10,1,0.53,true,179471,2026-01-06 09:15,3223.92,0,0,true,true,ABOVE,false
1294,2026-01-06 14:00,2026-01-07 08:45,179490,179565,76,3238.19,3229,0.281,0,14.768,14.59,UP,1,1,179514,2026-01-06 20:00,24,179514,2026-01-06 20:00,3234.91,0.643,24,1,0.45,true,179515,2026-01-06 20:15,3238.85,0,0,true,true,ABOVE,false
1295,2026-01-07 09:00,2026-01-09 01:00,179566,179726,161,3259.9,3251.52,0.259,0,8.203,13.37,BYPASS,0,0,,,,,,,,,,,,,,,,,,,BELOW,false
1296,2026-01-09 01:15,2026-01-10 09:30,179727,179856,130,3116.44,3112.48,0.126,0,9.43,21.41,DOWN,1,1,179732,2026-01-09 02:30,5,179732,2026-01-09 02:30,3114.79,0.583,5,-1,0.39,true,179733,2026-01-09 02:45,3107.95,0.37,1.49,true,true,BELOW,false
1297,2026-01-10 09:45,2026-01-11 16:15,179857,179979,123,3092.17,3089.69,0.08,0,4.078,12.06,UP,1,2,179876,2026-01-10 14:30,19,179877,2026-01-10 14:45,3090.51,0.331,20,-1,0.42,true,179878,2026-01-10 15:00,3093.11,0,0.22,true,true,ABOVE,false
1298,2026-01-11 16:30,2026-01-11 22:45,179980,180005,26,3123.79,3114.72,0.289,0,9.924,10.63,UP,1,1,179986,2026-01-11 18:00,6,179986,2026-01-11 18:00,3120.93,0.685,6,1,0.33,true,179987,2026-01-11 18:15,3124.69,0.47,0.77,true,true,OVERLAP,false
1299,2026-01-11 23:00,2026-01-12 14:00,180006,180066,61,3123.79,3108.01,0.507,1,14.824,33.55,DOWN,1,6,180006,2026-01-11 23:00,0,180011,2026-01-12 00:15,3118.93,0.692,5,1,1.38,true,180012,2026-01-12 00:30,3104.79,0.41,0.41,true,true,OVERLAP,false
1300,2026-01-12 14:15,2026-01-12 21:30,180067,180096,30,3123.79,3104.13,0.639,2,15.914,14.51,UP,1,1,180071,2026-01-12 15:15,4,180071,2026-01-12 15:15,3118.94,0.753,4,-1,2.51,true,180072,2026-01-12 15:30,3126.02,0.68,0.68,true,true,BELOW,false
1301,2026-01-12 21:45,2026-01-13 13:15,180097,180159,63,3099.86,3094.35,0.178,0,4.754,11.22,UP,1,1,180099,2026-01-12 22:15,2,180099,2026-01-12 22:15,3095.42,0.194,2,-1,0.26,true,180100,2026-01-12 22:30,3101.3,0.24,0.24,true,true,ABOVE,false
1302,2026-01-13 13:30,2026-01-13 21:45,180160,180193,34,3140.98,3133.72,0.231,0,11.592,12.01,UP,1,1,180162,2026-01-13 14:00,2,180162,2026-01-13 14:00,3138.94,0.719,2,1,1.71,true,180163,2026-01-13 14:15,3154.52,0.09,0.09,true,true,ABOVE,false
1303,2026-01-13 22:00,2026-01-17 22:15,180194,180579,386,3211.48,3206.46,0.151,0,29.576,30.56,BYPASS,0,0,,,,,,,,,,,,,,,,,,,ABOVE,false
1304,2026-01-17 22:30,2026-01-18 14:00,180580,180642,63,3310.56,3306.3,0.129,0,8.464,10.78,UP,1,2,180584,2026-01-17 23:30,4,180585,2026-01-17 23:45,3308.87,0.603,5,1,0.75,true,180586,2026-01-18 00:00,3310.82,0.36,0.36,true,true,ABOVE,false
1305,2026-01-18 14:15,2026-01-18 22:45,180643,180677,35,3329.8,3322.03,0.233,0,6.189,11.66,UP,1,3,180644,2026-01-18 14:30,1,180646,2026-01-18 15:00,3324.74,0.349,3,1,1.34,true,180647,2026-01-18 15:15,3330.38,0,0,true,true,ABOVE,false
1306,2026-01-18 23:00,2026-01-19 21:45,180678,180769,92,3349.69,3345.73,0.119,0,16.846,22.7,BYPASS,0,0,,,,,,,,,,,,,,,,,,,BELOW,false
1307,2026-01-19 22:00,2026-01-20 22:15,180770,180867,98,3215.5,3210,0.172,0,10.969,16.41,BYPASS,0,0,,,,,,,,,,,,,,,,,,,BELOW,false
1308,2026-01-20 22:30,2026-01-21 05:15,180868,180895,28,2996.14,2980,0.548,0,11.867,15.24,DOWN,1,2,180888,2026-01-21 03:30,20,180889,2026-01-21 03:45,2980.27,0.017,21,-1,0.5,true,180890,2026-01-21 04:00,2975,0.23,1.11,true,true,OVERLAP,false
1309,2026-01-21 05:30,2026-01-21 11:30,180896,180920,25,2996.14,2979,0.572,1,8.321,13.69,DOWN,1,6,180896,2026-01-21 05:30,0,180901,2026-01-21 06:45,2979.01,0.001,5,-1,1.25,true,180902,2026-01-21 07:00,2973.24,0.83,2.64,true,true,BELOW,false
1310,2026-01-21 11:45,2026-01-23 14:15,180921,181123,203,2968.5,2960.77,0.263,0,10.8,17.63,UP,1,1,181024,2026-01-22 13:30,103,181024,2026-01-22 13:30,2967,0.806,103,1,6.43,true,181025,2026-01-22 13:45,2971.34,1.91,1.91,true,true,BELOW,false
1311,2026-01-23 14:30,2026-01-25 08:15,181124,181291,168,2940.1,2930.7,0.323,0,8.588,16.57,UP,1,1,181128,2026-01-23 15:30,4,181128,2026-01-23 15:30,2933.58,0.306,4,-1,1.26,true,181129,2026-01-23 15:45,2951.08,0,0.06,true,true,ABOVE,false
1312,2026-01-25 08:30,2026-01-26 13:45,181292,181409,118,2943.97,2940.67,0.113,0,20.304,19.63,DOWN,1,2,181300,2026-01-25 10:30,8,181301,2026-01-25 10:45,2943.73,0.927,9,-1,0.48,true,181302,2026-01-25 11:00,2940.22,0.33,2.26,true,true,BELOW,false
1313,2026-01-26 14:00,2026-01-26 21:15,181410,181439,30,2909,2903.92,0.176,0,10.801,13.48,DOWN,1,1,181419,2026-01-26 16:15,9,181419,2026-01-26 16:15,2905.43,0.297,9,1,0.9,true,181420,2026-01-26 16:30,2900.84,0.65,0.65,true,true,OVERLAP,false
1314,2026-01-26 21:30,2026-01-28 17:15,181440,181615,176,2910.27,2902.38,0.269,1,10.755,18.32,UP,1,1,181487,2026-01-27 09:15,47,181487,2026-01-27 09:15,2910.01,0.967,47,1,1.61,true,181488,2026-01-27 09:30,2913.48,0.12,0.12,true,true,ABOVE,false
1315,2026-01-28 17:30,2026-01-29 02:15,181616,181651,36,3007.66,2999.51,0.271,0,3.791,16.96,DOWN,1,2,181642,2026-01-29 00:00,26,181643,2026-01-29 00:15,3004.68,0.634,27,1,0.52,true,181644,2026-01-29 00:30,2998.11,1.32,2.1,true,true,BELOW,false
1316,2026-01-29 02:30,2026-01-30 01:15,181652,181743,92,2998,2988.5,0.32,0,8.753,10.65,BYPASS,0,0,,,,,,,,,,,,,,,,,,,BELOW,false
1317,2026-01-30 01:30,2026-01-30 22:45,181744,181829,86,2812.13,2788.38,0.872,0,6.821,11.4,BYPASS,0,0,,,,,,,,,,,,,,,,,,,BELOW,false
1318,2026-01-30 23:00,2026-01-31 06:00,181830,181858,29,2708.64,2699.24,0.348,0,3.714,10.11,UP,1,4,181832,2026-01-30 23:30,2,181835,2026-01-31 00:15,2708.6,0.996,5,-1,0.21,true,181836,2026-01-31 00:30,2712.31,0.6,0.61,true,true,OVERLAP,false
1319,2026-01-31 06:15,2026-02-01 10:15,181859,181971,113,2708.64,2692.25,0.61,1,3.821,10.42,BYPASS,0,0,,,,,,,,,,,,,,,,,,,BELOW,false
1320,2026-02-01 10:30,2026-02-01 22:45,181972,182021,50,2436.31,2425.46,0.455,0,7.242,18.35,BYPASS,0,0,,,,,,,,,,,,,,,,,,,BELOW,false
1321,2026-02-01 23:00,2026-02-04 10:45,182022,182261,240,2325.31,2309.29,0.71,0,12.133,18.64,DOWN,1,2,182027,2026-02-02 00:15,5,182028,2026-02-02 00:30,2309.94,0.041,6,-1,0.63,true,182029,2026-02-02 00:45,2291.44,2.67,6.64,true,true,BELOW,false
1322,2026-02-04 11:00,2026-02-07 15:45,182262,182569,308,2263.77,2257.65,0.274,0,11.522,28.96,BYPASS,0,0,,,,,,,,,,,,,,,,,,,BELOW,false
1323,2026-02-07 16:00,2026-02-10 03:00,182570,182806,237,2053.51,2041.42,0.588,0,46.263,36.81,UP,1,1,182571,2026-02-07 16:15,1,182571,2026-02-07 16:15,2052.37,0.906,1,-1,9.39,true,182572,2026-02-07 16:30,2055.71,0.48,0.48,true,true,ABOVE,false
1324,2026-02-10 03:15,2026-02-13 03:15,182807,183095,289,2109.93,2095,0.721,0,4.06,11.35,BYPASS,0,0,,,,,,,,,,,,,,,,,,,BELOW,false
1325,2026-02-13 03:30,2026-02-14 10:45,183096,183221,126,1950.6,1943.58,0.359,0,2.014,11.28,DOWN,1,3,183099,2026-02-13 04:15,3,183101,2026-02-13 04:45,1943.72,0.02,5,-1,1.37,true,183102,2026-02-13 05:00,1936.37,1.04,1.04,true,true,ABOVE,false
1326,2026-02-14 11:00,2026-02-15 12:30,183222,183324,103,2076.59,2073.17,0.163,0,5.797,21.78,UP,1,1,183236,2026-02-14 14:30,14,183236,2026-02-14 14:30,2074.99,0.532,14,1,0.43,true,183237,2026-02-14 14:45,2084.01,0.32,0.32,true,true,BELOW,false
1327,2026-02-15 12:45,2026-02-16 15:15,183325,183431,107,2067.8,2057,0.537,0,9.117,16.69,BYPASS,0,0,,,,,,,,,,,,,,,,,,,BELOW,false
1328,2026-02-16 15:30,2026-02-18 18:00,183432,183634,203,1972.38,1961.6,0.553,0,3.361,11.25,UP,1,2,183434,2026-02-16 16:00,2,183435,2026-02-16 16:15,1970.45,0.821,3,1,0.49,true,183436,2026-02-16 16:30,1973.2,0,0,true,true,OVERLAP,false
1329,2026-02-18 18:15,2026-02-19 17:00,183635,183726,92,1976.83,1961.6,0.774,1,5.441,10.48,DOWN,1,1,183635,2026-02-18 18:15,0,183635,2026-02-18 18:15,1967.56,0.391,0,-1,1.41,true,183636,2026-02-18 18:30,1951.15,2.04,2.04,false,false,BELOW,false
1330,2026-02-19 17:15,2026-02-20 03:45,183727,183769,43,1931,1918.05,0.672,0,2.945,10.69,UP,1,3,183727,2026-02-19 17:15,0,183729,2026-02-19 17:45,1919.59,0.119,2,-1,0.86,true,183730,2026-02-19 18:00,1932.86,0,0,true,true,ABOVE,false
1331,2026-02-20 04:00,2026-02-20 08:45,183770,183789,20,1955.59,1953.56,0.104,0,5.955,10.72,UP,1,1,183777,2026-02-20 05:45,7,183777,2026-02-20 05:45,1954.33,0.379,7,-1,0.98,true,183778,2026-02-20 06:00,1957.6,0.27,0.73,true,true,ABOVE,false
1332,2026-02-20 09:00,2026-02-23 09:15,183790,184079,290,1961.98,1956.7,0.268,0,3.71,10.55,DOWN,1,1,183796,2026-02-20 10:30,6,183796,2026-02-20 10:30,1961.25,0.862,6,1,1.09,true,183797,2026-02-20 10:45,1956.5,0.89,1.8,false,true,BELOW,false
1333,2026-02-23 09:30,2026-02-23 12:15,184080,184091,12,1888.85,1881,0.411,0,6.424,13.47,BYPASS,0,0,,,,,,,,,,,,,,,,,,,ABOVE,false
1334,2026-02-23 12:30,2026-02-25 00:45,184092,184237,146,1915.72,1911.9,0.199,0,3.687,12,BYPASS,0,0,,,,,,,,,,,,,,,,,,,BELOW,false
1335,2026-02-25 01:00,2026-02-25 21:15,184238,184319,82,1855.25,1850.23,0.264,0,28.647,39.62,BYPASS,0,0,,,,,,,,,,,,,,,,,,,ABOVE,false
1336,2026-02-25 21:30,2026-02-26 14:15,184320,184387,68,2076.28,2066.4,0.468,0,22.049,38.6,DOWN,1,1,184327,2026-02-25 23:15,7,184327,2026-02-25 23:15,2068.63,0.226,7,1,0.86,true,184328,2026-02-25 23:30,2041.14,1.42,1.42,false,true,OVERLAP,false
1337,2026-02-26 14:30,2026-02-28 13:30,184388,184576,189,2076.28,2061.51,0.717,1,4.248,10.85,BYPASS,0,0,,,,,,,,,,,,,,,,,,,BELOW,false
1338,2026-02-28 13:45,2026-03-01 13:30,184577,184672,96,1871.48,1864,0.393,0,13.077,33.27,BYPASS,0,0,,,,,,,,,,,,,,,,,,,ABOVE,false
1339,2026-03-01 13:45,2026-03-01 16:30,184673,184684,12,1979.6,1972.47,0.355,0,9.544,12.73,BYPASS,0,0,,,,,,,,,,,,,,,,,,,ABOVE,false
1340,2026-03-01 16:45,2026-03-02 10:45,184685,184757,73,2006.24,1998.79,0.378,0,10.532,13.8,BYPASS,0,0,,,,,,,,,,,,,,,,,,,BELOW,false
1341,2026-03-02 11:00,2026-03-04 18:45,184758,184981,224,1951.52,1945.69,0.301,0,2.792,10.13,DOWN,1,1,184761,2026-03-02 11:45,3,184761,2026-03-02 11:45,1946.56,0.149,3,-1,0.78,true,184762,2026-03-02 12:00,1945.44,1.31,1.33,false,true,ABOVE,false
1342,2026-03-04 19:00,2026-03-05 14:15,184982,185059,78,2163.93,2150.77,0.603,0,2.797,10.85,DOWN,1,2,184994,2026-03-04 22:00,12,184995,2026-03-04 22:15,2151.55,0.059,13,1,0.24,true,184996,2026-03-04 22:30,2135.58,1.65,2.07,false,false,BELOW,false
1343,2026-03-05 14:30,2026-03-06 04:15,185060,185115,56,2121.83,2112.16,0.461,0,5.566,13.15,DOWN,1,1,185061,2026-03-05 14:45,1,185061,2026-03-05 14:45,2118.15,0.619,1,1,2.05,true,185062,2026-03-05 15:00,2088.4,2.68,2.79,false,false,BELOW,false
1344,2026-03-06 04:30,2026-03-07 03:45,185116,185209,94,2079.74,2074.2,0.268,0,3.122,11.48,DOWN,1,1,185124,2026-03-06 06:30,8,185124,2026-03-06 06:30,2074.42,0.04,8,-1,1.12,true,185125,2026-03-06 06:45,2073.12,0.34,1.81,true,true,BELOW,false
1345,2026-03-07 04:00,2026-03-07 10:45,185210,185237,28,1983.3,1978.7,0.234,0,7.708,12.85,UP,1,2,185225,2026-03-07 07:45,15,185226,2026-03-07 08:00,1982.3,0.783,16,-1,0.98,true,185227,2026-03-07 08:15,1984.6,0.25,0.48,true,true,OVERLAP,false
1346,2026-03-07 11:00,2026-03-08 02:30,185238,185300,63,1984.94,1978.7,0.313,1,4.246,12.96,DOWN,1,6,185244,2026-03-07 12:30,6,185249,2026-03-07 13:45,1980.81,0.338,11,-1,0.51,true,185250,2026-03-07 14:00,1973.61,0.31,1.61,true,true,BELOW,false
1347,2026-03-08 02:45,2026-03-08 21:45,185301,185377,77,1969,1960.11,0.458,0,7.107,13.13,UP,1,5,185326,2026-03-08 09:00,25,185330,2026-03-08 10:00,1965.3,0.584,29,-1,0.76,true,185331,2026-03-08 10:15,1974.71,1.87,1.9,true,true,BELOW,false
1348,2026-03-08 22:00,2026-03-09 02:45,185378,185397,20,1955.72,1950.23,0.285,0,33.391,77.1,DOWN,1,1,185388,2026-03-09 00:30,10,185388,2026-03-09 00:30,1955.08,0.883,10,-1,1.7,true,185389,2026-03-09 00:45,1949.88,0.68,0.68,true,true,ABOVE,false
1349,2026-03-09 03:00,2026-03-09 19:00,185398,185462,65,1962.44,1955.81,0.332,0,6.624,12.16,BYPASS,0,0,,,,,,,,,,,,,,,,,,,ABOVE,false
1350,2026-03-09 19:15,2026-03-10 02:15,185463,185491,29,2014.15,2008.8,0.261,0,6.634,10.85,DOWN,1,1,185476,2026-03-09 22:30,13,185476,2026-03-09 22:30,2010.1,0.243,13,1,1.64,true,185477,2026-03-09 22:45,2002.01,1.03,1.03,true,true,ABOVE,false
1351,2026-03-10 02:30,2026-03-10 13:15,185492,185535,44,2021.39,2014.75,0.324,0,10.757,17.03,BYPASS,0,0,,,,,,,,,,,,,,,,,,,ABOVE,false
1352,2026-03-10 13:30,2026-03-13 21:45,185536,185857,322,2059.58,2051.54,0.396,0,6.094,12.71,UP,1,2,185642,2026-03-11 16:00,106,185643,2026-03-11 16:15,2055.23,0.459,107,1,0.52,true,185644,2026-03-11 16:30,2067.52,0,0,true,true,ABOVE,false
1353,2026-03-13 22:00,2026-03-15 05:00,185858,185982,125,2107.93,2102,0.284,0,5.694,16.61,DOWN,1,3,185882,2026-03-14 04:00,24,185884,2026-03-14 04:30,2102.53,0.089,26,-1,0.89,true,185885,2026-03-14 04:45,2089.31,1.66,1.99,false,false,OVERLAP,false
1354,2026-03-15 05:15,2026-03-15 17:30,185983,186032,50,2107.93,2100.88,0.334,1,6.61,11.61,UP,1,1,185985,2026-03-15 05:45,2,185985,2026-03-15 05:45,2106.89,0.852,2,1,1.99,true,185986,2026-03-15 06:00,2108.3,0,0,true,true,BELOW,false
1355,2026-03-15 17:45,2026-03-16 03:00,186033,186070,38,2096.51,2093.33,0.151,0,11.745,14.78,BYPASS,0,0,,,,,,,,,,,,,,,,,,,ABOVE,false
1356,2026-03-16 03:15,2026-03-16 11:45,186071,186105,35,2183.38,2176.37,0.319,0,6.501,12.77,BYPASS,0,0,,,,,,,,,,,,,,,,,,,ABOVE,false
1357,2026-03-16 12:00,2026-03-18 10:15,186106,186291,186,2275,2268.58,0.282,0,6.113,11.14,UP,1,1,186121,2026-03-16 15:45,15,186121,2026-03-16 15:45,2272.42,0.598,15,1,0.54,true,186122,2026-03-16 16:00,2276.37,0,0,true,true,ABOVE,false
1358,2026-03-18 10:30,2026-03-19 03:00,186292,186358,67,2329.85,2325.87,0.172,0,3.619,10.63,BYPASS,0,0,,,,,,,,,,,,,,,,,,,BELOW,false
1359,2026-03-19 03:15,2026-03-19 18:45,186359,186421,63,2206,2195.6,0.467,0,4.815,11.3,DOWN,1,1,186362,2026-03-19 04:00,3,186362,2026-03-19 04:00,2200,0.423,3,-1,1.53,true,186363,2026-03-19 04:15,2193.84,0.66,2.45,false,false,BELOW,false
1360,2026-03-19 19:00,2026-03-21 03:45,186422,186553,132,2125.24,2113.34,0.556,0,5.762,13.48,UP,1,1,186498,2026-03-20 14:00,76,186498,2026-03-20 14:00,2123.88,0.886,76,-1,3.16,true,186499,2026-03-20 14:15,2134.45,0,0,true,true,ABOVE,false
1361,2026-03-21 04:00,2026-03-21 13:45,186554,186593,40,2153.33,2150.91,0.112,0,2.909,10.42,DOWN,1,1,186556,2026-03-21 04:30,2,186556,2026-03-21 04:30,2151.17,0.107,2,-1,2,true,186557,2026-03-21 04:45,2150.82,0,0.11,true,true,ABOVE,false
1362,2026-03-21 14:00,2026-03-21 23:30,186594,186632,39,2155.49,2153.83,0.077,0,6.468,20.74,DOWN,1,1,186601,2026-03-21 15:45,7,186601,2026-03-21 15:45,2154.25,0.253,7,1,0.55,true,186602,2026-03-21 16:00,2151.21,0.64,0.64,false,true,BELOW,false
1363,2026-03-21 23:45,2026-03-22 07:15,186633,186663,31,2146.98,2143,0.191,0,42.031,78.26,BYPASS,0,0,,,,,,,,,,,,,,,,,,,BELOW,false
1364,2026-03-22 07:30,2026-03-22 18:15,186664,186707,44,2111.28,2108.41,0.137,0,9.344,25.04,BYPASS,0,0,,,,,,,,,,,,,,,,,,,BELOW,false
1365,2026-03-22 18:30,2026-03-23 06:15,186708,186755,48,2079,2075.61,0.164,0,11.689,30.08,BYPASS,0,0,,,,,,,,,,,,,,,,,,,BELOW,false
1366,2026-03-23 06:30,2026-03-23 10:45,186756,186773,18,2060.63,2053.92,0.33,0,5.468,15.7,DOWN,1,1,186762,2026-03-23 08:00,6,186762,2026-03-23 08:00,2055.81,0.282,6,-1,1.18,true,186763,2026-03-23 08:15,2052.19,1.28,1.28,false,true,BELOW,false
1367,2026-03-23 11:00,2026-03-24 20:00,186774,186906,133,2049.22,2040,0.425,0,46.321,52.68,BYPASS,0,0,,,,,,,,,,,,,,,,,,,ABOVE,false
1368,2026-03-24 20:15,2026-03-25 22:15,186907,187011,105,2119.79,2114.7,0.238,0,9.618,31.22,BYPASS,0,0,,,,,,,,,,,,,,,,,,,ABOVE,false
1369,2026-03-25 22:30,2026-03-26 04:45,187012,187037,26,2165.22,2160.72,0.207,0,8.467,20.66,UP,1,1,187016,2026-03-25 23:30,4,187016,2026-03-25 23:30,2165,0.951,4,1,1.05,true,187017,2026-03-25 23:45,2168,0.08,2.27,true,true,BELOW,false
1370,2026-03-26 05:00,2026-03-26 09:15,187038,187055,18,2153.52,2147.2,0.295,0,4.746,10.18,BYPASS,0,0,,,,,,,,,,,,,,,,,,,BELOW,false
1371,2026-03-26 09:30,2026-03-26 17:30,187056,187088,33,2117.82,2113.88,0.189,0,27.533,73.54,BYPASS,0,0,,,,,,,,,,,,,,,,,,,BELOW,false
1372,2026-03-26 17:45,2026-03-27 03:45,187089,187129,41,2070,2065.25,0.232,0,6.506,12.94,UP,1,1,187099,2026-03-26 20:15,10,187099,2026-03-26 20:15,2067.66,0.507,10,-1,1.61,true,187100,2026-03-26 20:30,2070.57,0.57,0.57,true,true,BELOW,false
1373,2026-03-27 04:00,2026-03-27 10:15,187130,187155,26,2062.56,2059.25,0.162,0,11.716,14.09,DOWN,1,1,187134,2026-03-27 05:00,4,187134,2026-03-27 05:00,2061.92,0.807,4,-1,1.37,true,187135,2026-03-27 05:15,2057.96,0.2,3.83,true,true,BELOW,false
1374,2026-03-27 10:30,2026-03-28 13:15,187156,187263,108,2043.72,2038.18,0.276,0,17.192,18.58,BYPASS,0,0,,,,,,,,,,,,,,,,,,,BELOW,false
1375,2026-03-28 13:30,2026-03-29 12:45,187264,187357,94,2002.58,1999.68,0.143,0,8.663,20.7,UP,1,1,187312,2026-03-29 01:30,48,187312,2026-03-29 01:30,2001.28,0.552,48,-1,0.64,true,187313,2026-03-29 01:45,2003.97,0,0.17,true,true,OVERLAP,false
1376,2026-03-29 13:00,2026-03-29 20:00,187358,187386,29,2002.58,1997.43,0.259,1,11.66,10.64,DOWN,1,1,187371,2026-03-29 16:15,13,187371,2026-03-29 16:15,1999.82,0.464,13,-1,2.08,true,187372,2026-03-29 16:30,1995.95,0.55,1.75,true,true,OVERLAP,false
1377,2026-03-29 20:15,2026-03-30 07:30,187387,187432,46,2002.58,1994.79,0.388,2,4.87,10.54,UP,1,3,187388,2026-03-29 20:30,1,187390,2026-03-29 21:00,2001.35,0.842,3,-1,0.48,true,187391,2026-03-29 21:15,2003.26,2.92,2.92,true,true,ABOVE,false
1378,2026-03-30 07:45,2026-03-30 17:00,187433,187470,38,2045.7,2040.5,0.253,0,7.936,25.08,BYPASS,0,0,,,,,,,,,,,,,,,,,,,ABOVE,false
1379,2026-03-30 17:15,2026-04-01 12:15,187471,187643,173,2071.47,2058.43,0.639,0,4.187,10.01,UP,1,1,187503,2026-03-31 01:15,32,187503,2026-03-31 01:15,2060.58,0.165,32,-1,3.78,true,187504,2026-03-31 01:30,2072.9,0,0.85,true,true,ABOVE,false
1380,2026-04-01 12:30,2026-04-03 12:15,187644,187835,192,2135.67,2130.26,0.253,0,6.089,15.35,DOWN,1,1,187647,2026-04-01 13:15,3,187647,2026-04-01 13:15,2132.21,0.36,3,1,1.27,true,187648,2026-04-01 13:30,2115.37,0.93,0.93,true,true,BELOW,false
1381,2026-04-03 12:30,2026-04-04 18:45,187836,187957,122,2067.26,2057.54,0.472,0,5.134,10.86,DOWN,1,1,187836,2026-04-03 12:30,0,187836,2026-04-03 12:30,2057.61,0.007,0,1,7.75,true,187837,2026-04-03 12:45,2049.05,0.84,0.84,false,false,BELOW,false
1382,2026-04-04 19:00,2026-04-05 12:15,187958,188027,70,2055.42,2053.75,0.08,0,27.953,90.63,DOWN,1,2,187996,2026-04-05 04:30,38,187997,2026-04-05 04:45,2054.25,0.299,39,1,0.57,true,187998,2026-04-05 05:00,2053.55,1.34,1.34,false,false,BELOW,false
1383,2026-04-05 12:30,2026-04-07 17:15,188028,188239,212,2039,2036.2,0.138,0,18.405,12.53,UP,1,1,188035,2026-04-05 14:15,7,188035,2026-04-05 14:15,2038.89,0.961,7,-1,0.43,true,188036,2026-04-05 14:30,2039.66,0.15,0.15,true,true,ABOVE,false
1384,2026-04-07 17:30,2026-04-09 22:00,188240,188450,211,2085.3,2078.6,0.32,0,6.826,12.83,BYPASS,0,0,,,,,,,,,,,,,,,,,,,ABOVE,false
1385,2026-04-09 22:15,2026-04-11 03:30,188451,188568,118,2218,2208.67,0.42,0,9.114,12.65,DOWN,1,1,188452,2026-04-09 22:30,1,188452,2026-04-09 22:30,2210.83,0.232,1,1,1.27,true,188453,2026-04-09 22:45,2196.57,1.28,1.58,false,false,ABOVE,false
1386,2026-04-11 03:45,2026-04-11 09:00,188569,188590,22,2246.88,2243,0.174,0,5.088,11.96,BYPASS,0,0,,,,,,,,,,,,,,,,,,,BELOW,false
1387,2026-04-11 09:15,2026-04-12 01:15,188591,188655,65,2234,2230.69,0.147,0,13.379,44.34,BYPASS,0,0,,,,,,,,,,,,,,,,,,,ABOVE,false
1388,2026-04-12 01:30,2026-04-12 10:30,188656,188692,37,2285.3,2281.45,0.173,0,38.525,21.67,BYPASS,0,0,,,,,,,,,,,,,,,,,,,BELOW,false
1389,2026-04-12 10:45,2026-04-13 21:45,188693,188833,141,2213.6,2211,0.118,0,15.037,29.43,DOWN,1,2,188732,2026-04-12 20:30,39,188733,2026-04-12 20:45,2212.26,0.485,40,-1,1.31,true,188734,2026-04-12 21:00,2206.73,1.28,1.28,false,false,ABOVE,false
1390,2026-04-13 22:00,2026-04-15 11:30,188834,188984,151,2264.04,2256,0.35,0,8.377,24.02,BYPASS,0,0,,,,,,,,,,,,,,,,,,,ABOVE,false
1391,2026-04-15 11:45,2026-04-17 01:00,188985,189134,150,2328.01,2323.1,0.21,0,6.794,11.55,UP,1,1,188993,2026-04-15 13:45,8,188993,2026-04-15 13:45,2325.73,0.536,8,-1,1.47,true,188994,2026-04-15 14:00,2332.17,0.17,0.17,true,true,ABOVE,false
1392,2026-04-17 01:15,2026-04-17 12:30,189135,189180,46,2348,2340.43,0.325,0,4.155,10.69,DOWN,1,1,189171,2026-04-17 10:15,36,189171,2026-04-17 10:15,2340.93,0.066,36,-1,1.35,true,189172,2026-04-17 10:30,2337.73,0.23,0.23,true,true,ABOVE,false
1393,2026-04-17 12:45,2026-04-18 03:30,189181,189240,60,2363,2352.92,0.425,0,5.327,12.36,BYPASS,0,0,,,,,,,,,,,,,,,,,,,ABOVE,false
1394,2026-04-18 03:45,2026-04-18 08:00,189241,189258,18,2416.87,2413.28,0.149,0,8.523,27,BYPASS,0,0,,,,,,,,,,,,,,,,,,,BELOW,false
1395,2026-04-18 08:15,2026-04-19 02:00,189259,189330,72,2403.84,2397,0.287,0,6.387,12.21,BYPASS,0,0,,,,,,,,,,,,,,,,,,,BELOW,false
1396,2026-04-19 02:15,2026-04-20 20:30,189331,189500,170,2346.75,2343.39,0.144,0,5.847,11.86,BYPASS,0,0,,,,,,,,,,,,,,,,,,,BELOW,false
1397,2026-04-20 20:45,2026-04-22 05:00,189501,189630,130,2330.43,2326.53,0.167,0,4.299,10.19,UP,1,2,189554,2026-04-21 10:00,53,189555,2026-04-21 10:15,2326.69,0.041,54,1,0.81,true,189556,2026-04-21 10:30,2331.98,1.46,1.62,true,true,ABOVE,false
1398,2026-04-22 05:15,2026-04-25 15:30,189631,189960,330,2367.16,2360.73,0.269,0,13.2,42.5,DOWN,1,4,189710,2026-04-23 01:00,79,189713,2026-04-23 01:45,2365.94,0.81,82,1,0.4,true,189714,2026-04-23 02:00,2359.68,1.3,1.3,false,false,BELOW,false
1399,2026-04-25 15:45,2026-04-26 03:15,189961,190007,47,2317.33,2315.27,0.089,0,10.485,14.51,UP,1,1,189987,2026-04-25 22:15,26,189987,2026-04-25 22:15,2315.47,0.097,26,-1,0.45,true,189988,2026-04-25 22:30,2317.71,0.09,0.44,true,true,OVERLAP,false
1400,2026-04-26 03:30,2026-04-26 17:45,190008,190065,58,2317.33,2310.72,0.286,1,5.882,17.29,UP,1,2,190012,2026-04-26 04:30,4,190013,2026-04-26 04:45,2316.22,0.832,5,-1,4.68,true,190014,2026-04-26 05:00,2327.21,0,0,true,true,ABOVE,false
1401,2026-04-26 18:00,2026-04-28 12:45,190066,190237,172,2348.7,2345.41,0.139,0,7.597,13.97,BYPASS,0,0,,,,,,,,,,,,,,,,,,,BELOW,false
1402,2026-04-28 13:00,2026-04-29 17:45,190238,190353,116,2278.76,2275.3,0.153,0,5.911,25.58,DOWN,1,2,190240,2026-04-28 13:30,2,190241,2026-04-28 13:45,2275.34,0.012,3,-1,2.6,true,190242,2026-04-28 14:00,2271.52,0.71,0.71,true,true,OVERLAP,false
1403,2026-04-29 18:00,2026-05-01 03:00,190354,190486,133,2282.61,2271.05,0.516,1,9.765,14.14,DOWN,1,2,190383,2026-04-30 01:15,29,190384,2026-04-30 01:30,2271.99,0.081,30,-1,0.93,true,190385,2026-04-30 01:45,2268.09,1.62,1.8,false,false,BELOW,false
1404,2026-05-01 03:15,2026-05-01 11:00,190487,190518,32,2269.55,2264.79,0.208,0,13.182,11.52,BYPASS,0,0,,,,,,,,,,,,,,,,,,,ABOVE,false
1405,2026-05-01 11:15,2026-05-02 12:45,190519,190621,103,2282.77,2280.5,0.099,0,4.116,12.3,BYPASS,0,0,,,,,,,,,,,,,,,,,,,ABOVE,false
1406,2026-05-02 13:00,2026-05-02 21:15,190622,190655,34,2303.43,2301.76,0.072,0,12.358,25.49,BYPASS,0,0,,,,,,,,,,,,,,,,,,,ABOVE,false
1407,2026-05-02 21:30,2026-05-03 11:15,190656,190711,56,2312.41,2309.53,0.124,0,31.693,73.11,DOWN,1,1,190695,2026-05-03 07:15,39,190695,2026-05-03 07:15,2310.05,0.181,39,-1,1.2,true,190696,2026-05-03 07:30,2309.29,0.14,0.14,true,true,OVERLAP,false
1408,2026-05-03 11:30,2026-05-04 09:45,190712,190801,90,2314.3,2309.53,0.206,1,16.058,15.17,UP,1,2,190763,2026-05-04 00:15,51,190764,2026-05-04 00:30,2311.31,0.373,52,1,0.55,true,190765,2026-05-04 00:45,2318.01,0,0,true,true,ABOVE,false
1409,2026-05-04 10:00,2026-05-05 22:15,190802,190947,146,2369.82,2364.7,0.22,0,19.412,29.94,DOWN,1,1,190822,2026-05-04 15:00,20,190822,2026-05-04 15:00,2365.09,0.076,20,-1,1.83,true,190823,2026-05-04 15:15,2347.36,1.28,1.28,true,true,ABOVE,false
1410,2026-05-05 22:30,2026-05-09 14:00,190948,191298,351,2378.55,2371.43,0.302,0,9.408,11.34,DOWN,1,1,190961,2026-05-06 01:45,13,190961,2026-05-06 01:45,2371.84,0.058,13,1,0.7,true,190962,2026-05-06 02:00,2370.24,0.56,0.8,true,true,BELOW,false
1411,2026-05-09 14:15,2026-05-10 03:15,191299,191351,53,2314.43,2311.66,0.12,0,5.208,10.75,UP,1,1,191304,2026-05-09 15:30,5,191304,2026-05-09 15:30,2312.63,0.35,5,1,3.13,true,191305,2026-05-09 15:45,2316.52,0,0,true,true,ABOVE,false
1412,2026-05-10 03:30,2026-05-11 02:45,191352,191445,94,2327.3,2324.41,0.124,0,4.277,15.93,UP,1,2,191353,2026-05-10 03:45,1,191354,2026-05-10 04:00,2326.55,0.74,2,1,0.78,true,191355,2026-05-10 04:15,2328.17,0,0.1,true,true,ABOVE,false
1413,2026-05-11 03:00,2026-05-14 02:30,191446,191732,287,2346.1,2342.18,0.169,0,5.074,11.74,BYPASS,0,0,,,,,,,,,,,,,,,,,,,BELOW,false
1414,2026-05-14 02:45,2026-05-14 23:30,191733,191816,84,2262.69,2258,0.208,0,5.949,18.24,UP,1,1,191743,2026-05-14 05:15,10,191743,2026-05-14 05:15,2260.36,0.503,10,-1,0.93,true,191744,2026-05-14 05:30,2263.02,0,0.3,true,true,ABOVE,false
1415,2026-05-14 23:45,2026-05-15 05:15,191817,191839,23,2295.35,2290.55,0.21,0,9.335,17.06,DOWN,1,1,191819,2026-05-15 00:15,2,191819,2026-05-15 00:15,2291.88,0.277,2,1,0.82,true,191820,2026-05-15 00:30,2286,1.35,2.37,true,true,BELOW,false
1416,2026-05-15 05:30,2026-05-16 04:15,191840,191931,92,2266.05,2261.38,0.208,0,13.512,24.08,DOWN,1,3,191847,2026-05-15 07:15,7,191849,2026-05-15 07:45,2263.9,0.54,9,-1,0.47,true,191850,2026-05-15 08:00,2259.26,0.57,2.56,false,false,BELOW,false
1417,2026-05-16 04:30,2026-05-17 21:45,191932,192097,166,2226,2223.95,0.092,0,5.958,18.01,DOWN,1,5,191933,2026-05-16 04:45,1,191937,2026-05-16 05:45,2224.43,0.234,5,-1,0.37,true,191938,2026-05-16 06:00,2221.79,1.97,2.85,false,false,BELOW,false
1418,2026-05-17 22:00,2026-05-18 11:15,192098,192151,54,2192.39,2190.74,0.076,0,8.521,16.11,BYPASS,0,0,,,,,,,,,,,,,,,,,,,BELOW,false
1419,2026-05-18 11:30,2026-05-18 18:00,192152,192178,27,2115.46,2111.77,0.173,0,11.798,14.51,DOWN,1,1,192164,2026-05-18 14:30,12,192164,2026-05-18 14:30,2112.73,0.26,12,-1,3.54,true,192165,2026-05-18 14:45,2109.49,1.08,1.78,false,true,BELOW,false
1420,2026-05-18 18:15,2026-05-19 09:00,192179,192238,60,2108.22,2099.34,0.425,0,8.288,24.76,UP,1,2,192182,2026-05-18 19:00,3,192183,2026-05-18 19:15,2104.99,0.636,4,-1,0.42,true,192184,2026-05-18 19:30,2115.88,0,0,true,true,ABOVE,false
1421,2026-05-19 09:15,2026-05-20 04:45,192239,192317,79,2133.65,2130.06,0.17,0,8.868,13.01,BYPASS,0,0,,,,,,,,,,,,,,,,,,,BELOW,false
1422,2026-05-20 05:00,2026-05-21 13:15,192318,192447,130,2112.39,2109.68,0.128,0,14.053,19.25,UP,1,1,192443,2026-05-21 12:15,125,192443,2026-05-21 12:15,2112.27,0.956,125,-1,0.46,true,192444,2026-05-21 12:30,2116.49,0.29,0.29,true,true,ABOVE,false
1423,2026-05-21 13:30,2026-05-22 18:15,192448,192563,116,2118.41,2114.09,0.205,0,8.838,21.11,UP,1,1,192452,2026-05-21 14:30,4,192452,2026-05-21 14:30,2118.18,0.947,4,-1,0.92,true,192453,2026-05-21 14:45,2120.98,0,0,true,true,OVERLAP,false
1424,2026-05-22 18:30,2026-05-23 07:30,192564,192616,53,2120.88,2114.09,0.322,1,10.061,18.03,BYPASS,0,0,,,,,,,,,,,,,,,,,,,BELOW,false
1425,2026-05-23 07:45,2026-05-23 12:45,192617,192637,21,2059.27,2052.53,0.332,0,14.641,20.89,BYPASS,0,0,,,,,,,,,,,,,,,,,,,BELOW,false
1426,2026-05-23 13:00,2026-05-24 19:45,192638,192761,124,2030.65,2028.74,0.094,0,6.994,10.56,BYPASS,0,0,,,,,,,,,,,,,,,,,,,ABOVE,false
1427,2026-05-24 20:00,2026-05-25 13:45,192762,192833,72,2101,2096.85,0.198,0,4.7,12.03,DOWN,1,1,192766,2026-05-24 21:00,4,192766,2026-05-24 21:00,2097.77,0.222,4,-1,0.57,true,192767,2026-05-24 21:15,2087.8,1.7,1.7,true,true,ABOVE,false
1428,2026-05-25 14:00,2026-05-26 10:00,192834,192914,81,2116.09,2114.09,0.094,0,3.374,15.81,BYPASS,0,0,,,,,,,,,,,,,,,,,,,BELOW,false
1429,2026-05-26 10:15,2026-05-27 21:15,192915,193055,141,2099.88,2093,0.324,0,11.02,14.31,DOWN,1,1,192935,2026-05-26 15:15,20,192935,2026-05-26 15:15,2097.65,0.676,20,1,0.93,true,192936,2026-05-26 15:30,2090.88,1.91,1.91,false,false,BELOW,false
1430,2026-05-27 21:30,2026-05-28 01:00,193056,193070,15,2059.65,2055.33,0.213,0,16.021,30.73,BYPASS,0,0,,,,,,,,,,,,,,,,,,,BELOW,false
1431,2026-05-28 01:15,2026-05-30 10:00,193071,193298,228,2028.26,2023.78,0.222,0,4.307,11.93,DOWN,1,1,193141,2026-05-28 18:45,70,193141,2026-05-28 18:45,2024.17,0.087,70,1,0.49,true,193142,2026-05-28 19:00,2019.36,0.91,0.96,false,false,BELOW,false
1432,2026-05-30 10:15,2026-05-30 13:45,193299,193313,15,2017.01,2015.47,0.076,0,7.88,25.82,UP,1,2,193302,2026-05-30 11:00,3,193303,2026-05-30 11:15,2015.78,0.201,4,1,0.65,true,193304,2026-05-30 11:30,2017.76,0,0,true,true,ABOVE,false
1433,2026-05-30 14:00,2026-05-31 09:30,193314,193392,79,2019.82,2017.69,0.105,0,6.003,11.75,UP,1,1,193352,2026-05-30 23:30,38,193352,2026-05-30 23:30,2019.72,0.953,38,1,0.9,true,193353,2026-05-30 23:45,2021.58,0,0,true,true,ABOVE,false
1434,2026-05-31 09:45,2026-06-07 00:45,193393,194029,637,2027.61,2025.1,0.124,0,11.661,14.98,BYPASS,0,0,,,,,,,,,,,,,,,,,,,BELOW,false
1435,2026-06-07 01:00,2026-06-07 06:00,194030,194050,21,1566.48,1563.88,0.164,0,11.911,15.39,BYPASS,0,0,,,,,,,,,,,,,,,,,,,ABOVE,false
1436,2026-06-07 06:15,2026-06-07 11:45,194051,194073,23,1603.54,1597.33,0.384,0,5.905,10.39,BYPASS,0,0,,,,,,,,,,,,,,,,,,,ABOVE,false
1437,2026-06-07 12:00,2026-06-07 18:45,194074,194101,28,1633.36,1628.4,0.308,0,5.986,12.73,DOWN,1,1,194083,2026-06-07 14:15,9,194083,2026-06-07 14:15,1629.85,0.292,9,1,1.63,true,194084,2026-06-07 14:30,1625.55,0.52,1.62,true,true,OVERLAP,false
1438,2026-06-07 19:00,2026-06-07 21:45,194102,194113,12,1634.79,1628.27,0.404,1,7.07,20.61,DOWN,1,1,194110,2026-06-07 21:00,8,194110,2026-06-07 21:00,1629.98,0.262,8,1,0.51,true,194111,2026-06-07 21:15,1627.22,0.27,0.27,true,true,OVERLAP,false
1439,2026-06-07 22:00,2026-06-08 03:45,194114,194137,24,1634.79,1624.62,0.597,2,15.204,29.39,BYPASS,0,0,,,,,,,,,,,,,,,,,,,ABOVE,false
1440,2026-06-08 04:00,2026-06-08 20:45,194138,194205,68,1679.48,1675.82,0.219,0,4.879,11.41,UP,1,1,194171,2026-06-08 12:15,33,194171,2026-06-08 12:15,1678.58,0.754,33,1,1.18,true,194172,2026-06-08 12:30,1691.69,0.02,0.11,true,true,ABOVE,false
1441,2026-06-08 21:00,2026-06-09 04:15,194206,194235,30,1688.66,1684.73,0.23,0,11.759,29.35,DOWN,1,1,194218,2026-06-09 00:00,12,194218,2026-06-09 00:00,1684.78,0.013,12,1,1.18,true,194219,2026-06-09 00:15,1674.53,1.64,1.88,false,true,BELOW,false
1442,2026-06-09 04:30,2026-06-09 07:00,194236,194246,11,1669.48,1665.08,0.261,0,10.759,16.36,BYPASS,0,0,,,,,,,,,,,,,,,,,,,ABOVE,false
1443,2026-06-09 07:15,2026-06-10 20:45,194247,194397,151,1690.9,1685.35,0.331,0,4.368,12.32,BYPASS,0,0,,,,,,,,,,,,,,,,,,,BELOW,false
1444,2026-06-10 21:00,2026-06-13 21:15,194398,194687,290,1630.5,1624.54,0.368,0,3.309,10,UP,1,4,194410,2026-06-11 00:00,12,194413,2026-06-11 00:45,1627.62,0.517,15,-1,0.33,true,194414,2026-06-11 01:00,1637.4,0,0,true,true,ABOVE,false
1445,2026-06-13 21:30,2026-06-14 09:00,194688,194734,47,1676.6,1674.24,0.14,0,15.528,38.21,UP,1,1,194716,2026-06-14 04:30,28,194716,2026-06-14 04:30,1676.53,0.97,28,1,1.92,true,194717,2026-06-14 04:45,1677.05,0.07,0.4,true,true,OVERLAP,false
1446,2026-06-14 09:15,2026-06-14 12:15,194735,194747,13,1676.6,1673.5,0.186,1,6.178,11.58,DOWN,1,3,194738,2026-06-14 10:00,3,194740,2026-06-14 10:30,1675.44,0.626,5,1,0.5,true,194741,2026-06-14 10:45,1672.2,0.56,1.2,true,true,OVERLAP,false
1447,2026-06-14 12:30,2026-06-14 21:00,194748,194782,35,1676.6,1672.23,0.262,2,6.17,17.78,BYPASS,0,0,,,,,,,,,,,,,,,,,,,BELOW,false
1448,2026-06-14 21:15,2026-06-15 09:00,194783,194830,48,1671.86,1669.08,0.163,0,30.071,41.02,BYPASS,0,0,,,,,,,,,,,,,,,,,,,ABOVE,false
1449,2026-06-15 09:15,2026-06-15 22:00,194831,194882,52,1720.5,1718.53,0.114,0,7.219,11.15,BYPASS,0,0,,,,,,,,,,,,,,,,,,,ABOVE,false
1450,2026-06-15 22:15,2026-06-16 17:30,194883,194960,78,1812.8,1808.02,0.267,0,6.812,13.72,UP,1,1,194938,2026-06-16 12:00,55,194938,2026-06-16 12:00,1808.59,0.119,55,1,1.95,true,194939,2026-06-16 12:15,1820.05,2.12,2.54,true,true,BELOW,false
1451,2026-06-16 17:45,2026-06-17 01:00,194961,194990,30,1784.95,1778.79,0.343,0,6.44,17.76,BYPASS,0,0,,,,,,,,,,,,,,,,,,,ABOVE,false
1452,2026-06-17 01:15,2026-06-18 13:15,194991,195135,145,1796.23,1791.84,0.246,0,6.41,14.62,DOWN,1,2,194996,2026-06-17 02:30,5,194997,2026-06-17 02:45,1794.63,0.636,6,1,0.9,true,194998,2026-06-17 03:00,1790.48,0.3,1.82,true,true,BELOW,false
1453,2026-06-18 13:30,2026-06-19 23:30,195136,195272,137,1751.47,1747.45,0.232,0,6.524,10.65,BYPASS,0,0,,,,,,,,,,,,,,,,,,,BELOW,false
1454,2026-06-19 23:45,2026-06-20 04:45,195273,195293,21,1708,1706.26,0.102,0,5.15,10.44,UP,1,1,195278,2026-06-20 01:00,5,195278,2026-06-20 01:00,1707.5,0.713,5,1,1.05,true,195279,2026-06-20 01:15,1708.41,0.18,0.18,true,true,ABOVE,false
1455,2026-06-20 05:00,2026-06-20 13:00,195294,195326,33,1714.2,1711.78,0.14,0,10.761,16.03,BYPASS,0,0,,,,,,,,,,,,,,,,,,,ABOVE,false
1456,2026-06-20 13:15,2026-06-21 11:00,195327,195414,88,1726.26,1723.32,0.172,0,13.026,17.06,UP,1,2,195344,2026-06-20 17:30,17,195345,2026-06-20 17:45,1726.1,0.946,18,1,0.21,true,195346,2026-06-20 18:00,1726.83,0,0,true,true,ABOVE,false
1457,2026-06-21 11:15,2026-06-22 18:30,195415,195540,126,1733.94,1728.68,0.305,0,5.297,11.29,DOWN,1,3,195431,2026-06-21 15:15,16,195433,2026-06-21 15:45,1729.85,0.222,18,-1,0.42,true,195434,2026-06-21 16:00,1726.73,0.45,1.64,true,true,ABOVE,false
1458,2026-06-22 18:45,2026-06-25 04:30,195541,195772,232,1742.3,1738.76,0.204,0,6.113,14.73,BYPASS,0,0,,,,,,,,,,,,,,,,,,,BELOW,false
1459,2026-06-25 04:45,2026-06-26 01:45,195773,195857,85,1622.28,1616.22,0.371,0,6.379,22.49,BYPASS,0,0,,,,,,,,,,,,,,,,,,,BELOW,false
1460,2026-06-26 02:00,2026-06-30 11:00,195858,196278,421,1561.71,1556.88,0.317,0,12.49,34.03,DOWN,1,1,195865,2026-06-26 03:45,7,195865,2026-06-26 03:45,1557.07,0.039,7,-1,3.1,true,195866,2026-06-26 04:00,1554.29,0.94,0.94,false,true,ABOVE,false
1461,2026-06-30 11:15,2026-07-03 00:45,196279,196525,247,1585.53,1583.12,0.153,0,4.788,11.37,UP,1,2,196342,2026-07-01 03:00,63,196343,2026-07-01 03:15,1583.83,0.295,64,-1,0.73,true,196344,2026-07-01 03:30,1588.55,0,0.99,true,true,ABOVE,false
1462,2026-07-03 01:00,2026-07-03 19:00,196526,196598,73,1698.98,1695.11,0.226,0,8.286,23.35,BYPASS,0,0,,,,,,,,,,,,,,,,,,,ABOVE,false
1463,2026-07-03 19:15,2026-07-04 13:00,196599,196670,72,1740.2,1736.55,0.209,0,8.415,14.66,BYPASS,0,0,,,,,,,,,,,,,,,,,,,ABOVE,false
1464,2026-07-04 13:15,2026-07-05 20:45,196671,196797,127,1763.79,1760.67,0.176,0,7.662,11.79,UP,1,2,196672,2026-07-04 13:30,1,196673,2026-07-04 13:45,1763.17,0.801,2,1,1.18,true,196674,2026-07-04 14:00,1770.38,0,0,true,true,ABOVE,false
1465,2026-07-05 21:00,2026-07-06 03:00,196798,196822,25,1777.54,1776.35,0.067,0,13.15,12.01,UP,1,1,196811,2026-07-06 00:15,13,196811,2026-07-06 00:15,1777.07,0.605,13,1,1.06,true,196812,2026-07-06 00:30,1787.46,0,0.71,true,true,ABOVE,false
1466,2026-07-06 03:15,2026-07-06 20:45,196823,196893,71,1784.48,1780.67,0.214,0,2.558,10.2,DOWN,1,1,196828,2026-07-06 04:30,5,196828,2026-07-06 04:30,1781.61,0.247,5,1,0.88,true,196829,2026-07-06 04:45,1777.03,0.96,1.44,false,false,ABOVE,false
1467,2026-07-06 21:00,2026-07-07 00:45,196894,196909,16,1795.7,1791.02,0.257,0,19.261,60.9,BYPASS,0,0,,,,,,,,,,,,,,,,,,,ABOVE,false
1468,2026-07-07 01:00,2026-07-08 01:15,196910,197007,98,1805.87,1799.76,0.34,0,6.327,16.24,UP,1,5,196971,2026-07-07 16:15,61,196975,2026-07-07 17:15,1805.32,0.91,65,1,0.49,true,196976,2026-07-07 17:30,1807.58,1.6,1.96,true,true,BELOW,false
1469,2026-07-08 01:30,2026-07-08 08:00,197008,197034,27,1778.96,1772.01,0.395,0,12.758,36.7,BYPASS,0,0,,,,,,,,,,,,,,,,,,,BELOW,false
1470,2026-07-08 08:15,2026-07-09 00:45,197035,197101,67,1757.96,1753.77,0.242,0,7.371,18.96,BYPASS,0,0,,,,,,,,,,,,,,,,,,,BELOW,false
1471,2026-07-09 01:00,2026-07-09 10:30,197102,197140,39,1741.15,1736.17,0.285,0,4.897,23.75,DOWN,1,1,197106,2026-07-09 02:00,4,197106,2026-07-09 02:00,1737.33,0.233,4,-1,2.22,true,197107,2026-07-09 02:15,1734.62,0.9,0.9,false,true,ABOVE,false
1472,2026-07-09 10:45,2026-07-10 08:00,197141,197226,86,1753.91,1751,0.167,0,4.508,19.67,DOWN,1,1,197172,2026-07-09 18:30,31,197172,2026-07-09 18:30,1753.6,0.893,31,1,1.02,true,197173,2026-07-09 18:45,1750.7,0.4,0.82,true,true,ABOVE,false
1473,2026-07-10 08:15,2026-07-11 22:00,197227,197378,152,1775.45,1771.66,0.212,0,6.6,12.73,BYPASS,0,0,,,,,,,,,,,,,,,,,,,ABOVE,false
1474,2026-07-11 22:15,2026-07-12 14:30,197379,197444,66,1823.41,1820.76,0.146,0,5.191,10.6,BYPASS,0,0,,,,,,,,,,,,,,,,,,,BELOW,false
1475,2026-07-12 14:45,2026-07-12 23:45,197445,197481,37,1809.63,1804.79,0.266,0,5.968,10.27,NONE,1,2,197480,2026-07-12 23:30,35,197481,2026-07-12 23:45,1805.92,0.233,36,1,0.78,true,,,,,,,,OVERLAP,false
1476,2026-07-13 00:00,2026-07-13 02:45,197482,197493,12,1809.63,1803.18,0.351,1,18.293,11.03,UP,1,3,197489,2026-07-13 01:45,7,197491,2026-07-13 02:15,1809.33,0.953,9,1,0.8,true,197492,2026-07-13 02:30,1810.85,1.65,1.73,true,true,OVERLAP,false
1477,2026-07-13 03:00,2026-07-17 12:45,197494,197917,424,1811,1803.18,0.437,2,8.262,19.15,BYPASS,0,0,,,,,,,,,,,,,,,,,,,ABOVE,false
1478,2026-07-17 13:00,2026-07-19 01:45,197918,198065,148,1830.22,1826.49,0.206,0,6.988,11.14,DOWN,1,1,197922,2026-07-17 14:00,4,197922,2026-07-17 14:00,1828.62,0.571,4,-1,2.38,true,197923,2026-07-17 14:15,1822.76,0.94,0.94,true,true,ABOVE,false
1479,2026-07-19 02:00,2026-07-20 11:15,198066,198199,134,1859.49,1857.94,0.083,0,11.282,25.61,UP,1,1,198132,2026-07-19 18:30,66,198132,2026-07-19 18:30,1859.03,0.703,66,1,0.73,true,198133,2026-07-19 18:45,1860.31,0.22,0.22,true,true,ABOVE,false
1480,2026-07-20 11:30,2026-07-20 17:30,198200,198224,25,1875.12,1871.4,0.197,0,14.942,14.99,DOWN,1,3,198204,2026-07-20 12:30,4,198206,2026-07-20 13:00,1871.77,0.099,6,1,0.75,true,198207,2026-07-20 13:15,1869.24,1,1,true,true,ABOVE,false
1481,2026-07-20 17:45,2026-07-21 02:30,198225,198260,36,1899.61,1895.28,0.227,0,5.914,12.04,DOWN,1,1,198229,2026-07-20 18:45,4,198229,2026-07-20 18:45,1898.53,0.751,4,1,0.76,true,198230,2026-07-20 19:00,1890.75,0.35,0.35,true,true,ABOVE,false
1482,2026-07-21 02:45,2026-07-21 17:30,198261,198320,60,1912.78,1906.51,0.327,0,3.665,11.72,BYPASS,0,0,,,,,,,,,,,,,,,,,,,ABOVE,false
1483,2026-07-21 17:45,2026-07-23 17:30,198321,198512,192,1926.93,1922.61,0.225,0,3.715,11.63,DOWN,1,2,198327,2026-07-21 19:15,6,198328,2026-07-21 19:30,1922.73,0.028,7,1,0.52,true,198329,2026-07-21 19:45,1922.4,0.21,0.37,true,true,BELOW,false
1484,2026-07-23 17:45,2026-07-25 20:45,198513,198717,205,1891.34,1887.07,0.227,0,7.964,11.79,UP,1,1,198565,2026-07-24 06:45,52,198565,2026-07-24 06:45,1887.28,0.049,52,-1,0.84,true,198566,2026-07-24 07:00,1907.94,0.32,1.65,true,true,BELOW,false
1485,2026-07-25 21:00,2026-07-26 11:45,198718,198777,60,1871.26,1870.1,0.062,0,4.518,12.05,UP,1,1,198720,2026-07-25 21:30,2,198720,2026-07-25 21:30,1871.04,0.81,2,1,0.58,true,198721,2026-07-25 21:45,1871.7,0,0,true,true,ABOVE,false
1486,2026-07-26 12:00,2026-07-30 23:15,198778,199207,430,1886,1883.76,0.119,0,6.116,13.19,DOWN,1,1,198781,2026-07-26 12:45,3,198781,2026-07-26 12:45,1885.49,0.772,3,1,0.95,true,198782,2026-07-26 13:00,1882,0.09,0.09,true,true,ABOVE,false
1487,2026-07-30 23:30,2026-08-02 01:45,199208,199409,202,1928.2,1925.54,0.138,0,17.096,20.39,BYPASS,0,0,,,,,,,,,,,,,,,,,,,BELOW,false
1488,2026-08-02 02:00,2026-08-02 18:15,199410,199475,66,1857.29,1855.58,0.091,0,13.939,16.43,UP,1,1,199450,2026-08-02 12:00,40,199450,2026-08-02 12:00,1856.15,0.333,40,1,1.79,true,199451,2026-08-02 12:15,1857.38,0.23,0.23,true,true,ABOVE,false
1489,2026-08-02 18:30,2026-08-03 03:30,199476,199512,37,1869.46,1867.56,0.101,0,15.57,10.47,DOWN,1,1,199504,2026-08-03 01:30,28,199504,2026-08-03 01:30,1868.48,0.484,28,1,0.78,true,199505,2026-08-03 01:45,1866.38,0.94,1.55,false,false,BELOW,false
1490,2026-08-03 03:45,2026-08-03 06:15,199513,199523,11,1862.3,1860.22,0.112,0,6.033,19.07,DOWN,1,2,199515,2026-08-03 04:15,2,199516,2026-08-03 04:30,1861.27,0.505,3,1,0.75,true,199517,2026-08-03 04:45,1854.01,0.8,1.78,false,false,BELOW,false
1491,2026-08-03 06:30,2026-08-05 16:00,199524,199754,231,1859.24,1856.01,0.175,0,4.351,12.15,DOWN,1,1,199553,2026-08-03 13:45,29,199553,2026-08-03 13:45,1858.27,0.7,29,-1,2.84,true,199554,2026-08-03 14:00,1854.43,0.3,0.3,true,true,ABOVE,false
1492,2026-08-05 16:15,2026-08-06 04:45,199755,199805,51,1881.85,1872.4,0.499,0,4.261,11.02,BYPASS,0,0,,,,,,,,,,,,,,,,,,,ABOVE,false
1493,2026-08-06 05:00,2026-08-06 08:30,199806,199820,15,1907.34,1903.65,0.193,0,4.817,10.23,BYPASS,0,0,,,,,,,,,,,,,,,,,,,ABOVE,false
1494,2026-08-06 08:45,2026-08-07 11:45,199821,199929,109,1914,1911.11,0.151,0,3.158,11.75,DOWN,1,1,199848,2026-08-06 15:30,27,199848,2026-08-06 15:30,1912.62,0.522,27,1,1.18,true,199849,2026-08-06 15:45,1909.88,0.2,0.42,true,true,OVERLAP,false
1495,2026-08-07 12:00,2026-08-08 05:15,199930,199999,70,1915.81,1911.11,0.243,1,17.516,22.31,UP,1,1,199938,2026-08-07 14:00,8,199938,2026-08-07 14:00,1911.51,0.085,8,1,3.18,true,199939,2026-08-07 14:15,1922.95,0.03,0.4,true,true,,true