symbol,zoneId,startTime,endTime,startIndex,upper,lower,widthPct,merges,triggerSignal,firstMove,ctx,truncated,touchIdx,touchTime,approach,ageAtTest,distAwayPct,volRatio,testSpreadPct,trendAt,outcome8,resolvedIdx8,ext8Pct,outcome24,resolvedIdx24,ext24Pct,dist10,last10,closeVsEma,emaSlope,closeVsVwap
BTCUSDT,0,2021-04-25 20:45,2021-05-12 21:45,14685,49591.1,49333.1,0.536,0,27,DOWN,BOTTOM,false,14698,2021-04-26 00:00,BELOW,13,4.47,2.01,2.459,-1,THROUGH,14698,5.896,THROUGH,14698,6.631,OVERLAP,NONE,ABOVE,RISING,ABOVE
BTCUSDT,2,2021-07-06 04:00,2021-07-09 21:15,21530,33906.92,33830,0.223,0,28.78,UP,MIDDLE,false,21554,2021-07-06 10:00,ABOVE,24,3.1,2.28,1.475,1,THROUGH,21559,0.375,THROUGH,21559,0.973,OVERLAP,NONE,BELOW,FALLING,BELOW
BTCUSDT,3,2021-07-09 21:30,2021-07-18 14:15,21888,33509.79,33433,0.226,0,23.21,UP,MIDDLE,false,21918,2021-07-10 05:00,ABOVE,30,2,2.34,0.702,1,BOUNCE,21919,1.024,BOUNCE,21919,1.37,OVERLAP,NONE,BELOW,FALLING,BELOW
BTCUSDT,4,2021-07-18 14:30,2021-08-13 19:45,22724,31730,31651.09,0.252,0,30.41,DOWN,MIDDLE,false,22737,2021-07-18 17:45,BELOW,13,1.13,2.22,0.776,-1,BOUNCE,22738,0.351,BOUNCE,22738,0.79,OVERLAP,NONE,ABOVE,RISING,BELOW
BTCUSDT,5,2021-08-13 20:00,2021-09-09 20:00,25242,46472.58,46295.05,0.373,0,35.14,UP,MIDDLE,false,25301,2021-08-14 10:45,ABOVE,59,3.4,2.96,1.32,1,BOUNCE,25305,0.241,BOUNCE,25305,1.12,OVERLAP,NONE,BELOW,FALLING,BELOW
BTCUSDT,6,2021-09-09 20:15,2021-09-13 13:15,27835,46659.17,46560.07,0.214,0,24.4,DOWN,BOTTOM,false,27842,2021-09-09 22:00,BELOW,7,0.68,0.7,0.464,1,BOUNCE,27843,0.623,BOUNCE,27843,0.623,OVERLAP,NONE,BELOW,FALLING,ABOVE
BTCUSDT,7,2021-09-13 13:30,2021-10-02 13:30,28192,44790,44651.69,0.299,0,40.87,UP,MIDDLE,false,28194,2021-09-13 14:00,ABOVE,2,3.41,7.99,5.144,-1,THROUGH,28194,2.964,THROUGH,28194,2.964,OVERLAP,NONE,BELOW,RISING,BELOW
BTCUSDT,8,2021-10-02 13:45,2021-10-03 17:30,30017,47760.58,47637.74,0.257,0,30.25,UP,MIDDLE,false,30026,2021-10-02 16:00,ABOVE,9,0.49,1.08,0.519,1,BOUNCE,30028,0.592,BOUNCE,30028,1.067,OVERLAP,NONE,BELOW,FALLING,BELOW
BTCUSDT,9,2021-10-03 17:45,2021-10-15 20:00,30129,48042,47922.33,0.245,0,24.28,UP,MIDDLE,false,30142,2021-10-03 21:00,ABOVE,13,1.94,3.14,1.461,1,THROUGH,30144,0.653,THROUGH,30144,1.327,OVERLAP,NONE,BELOW,FALLING,BELOW
BTCUSDT,10,2021-10-15 20:15,2021-10-25 07:00,31291,61542.22,61343.1,0.318,0,48.5,UP,TOP,false,31295,2021-10-15 21:15,ABOVE,4,1.75,1.11,1.247,1,BOUNCE,31296,0.743,BOUNCE,31296,0.743,OVERLAP,NONE,BELOW,RISING,ABOVE
BTCUSDT,11,2021-10-25 07:15,2021-10-28 18:15,32199,62161.96,61985.21,0.281,0,21.89,UP,MIDDLE,false,32320,2021-10-26 13:30,ABOVE,121,2.45,2.54,0.625,-1,BOUNCE,32321,1.067,BOUNCE,32321,1.067,OVERLAP,NONE,BELOW,FALLING,BELOW
BTCUSDT,12,2021-10-28 18:30,2021-11-10 13:15,32532,61197.59,61008.14,0.32,0,51.88,DOWN,BOTTOM,false,32537,2021-10-28 19:45,BELOW,5,3,2.03,2.09,1,THROUGH,32537,2.366,THROUGH,32537,2.366,OVERLAP,NONE,ABOVE,FALLING,ABOVE
BTCUSDT,13,2021-11-10 13:30,2021-12-08 10:15,33760,66600,66421,0.265,0,20.26,UP,BOTTOM,false,33786,2021-11-10 20:00,ABOVE,26,3.31,4.43,1.187,1,BOUNCE,33787,0.734,BOUNCE,33787,0.734,OVERLAP,NONE,BELOW,FALLING,BELOW
BTCUSDT,14,2021-12-08 10:30,2021-12-29 23:00,36436,50328,50181.95,0.295,0,23.15,DOWN,BOTTOM,false,36451,2021-12-08 14:15,BELOW,15,2.68,3.61,2.24,-1,BOUNCE,36452,0.66,BOUNCE,36452,0.66,OVERLAP,NONE,ABOVE,RISING,ABOVE
BTCUSDT,15,2021-12-29 23:15,2022-01-07 13:15,38503,47377.24,47125,0.544,0,21.57,DOWN,BOTTOM,false,38538,2021-12-30 08:00,BELOW,35,1.86,1.87,0.524,-1,BOUNCE,38539,1.008,BOUNCE,38539,1.008,OVERLAP,NONE,ABOVE,RISING,ABOVE
BTCUSDT,16,2022-01-07 13:30,2022-03-10 13:15,39328,42334.37,42170.04,0.397,0,20.92,DOWN,MIDDLE,false,39341,2022-01-07 16:45,BELOW,13,2.33,1.27,1.7,-1,BOUNCE,39342,1.565,BOUNCE,39342,2.011,OVERLAP,NONE,ABOVE,RISING,ABOVE
BTCUSDT,17,2022-03-10 13:30,2022-03-22 01:45,45280,39331.5,39200,0.341,0,33.6,DOWN,TOP,false,45284,2022-03-10 14:30,BELOW,4,1.72,1.36,1.175,-1,BOUNCE,45287,0.844,BOUNCE,45287,0.844,OVERLAP,NONE,ABOVE,FALLING,BELOW
BTCUSDT,19,2022-03-25 01:30,2022-03-27 20:15,46672,44078,43977.9,0.227,0,21.99,UP,TOP,false,46673,2022-03-25 01:45,ABOVE,1,0.2,1.81,0.38,1,THROUGH,46674,0.305,THROUGH,46674,0.914,OVERLAP,NONE,ABOVE,RISING,ABOVE
BTCUSDT,20,2022-03-27 20:30,2022-04-07 10:45,46940,44791,44700,0.197,0,26.7,UP,BOTTOM,false,47347,2022-04-01 02:15,ABOVE,407,7.37,3.7,1.21,-1,THROUGH,47347,1.102,THROUGH,47347,1.102,OVERLAP,NONE,BELOW,FALLING,BELOW
BTCUSDT,21,2022-04-07 11:00,2022-04-23 23:15,47958,43435.3,43339.9,0.219,0,21.34,UP,MIDDLE,false,47966,2022-04-07 13:00,ABOVE,8,0.86,1.74,0.592,-1,BOUNCE,47968,0.764,BOUNCE,47968,0.877,OVERLAP,NONE,BELOW,FALLING,ABOVE
BTCUSDT,22,2022-04-23 23:30,2022-05-06 07:15,49544,39793,39754.8,0.097,0,29.57,DOWN,MIDDLE,false,49559,2022-04-24 03:15,BELOW,15,0.85,1.05,0.309,1,BOUNCE,49561,0.382,BOUNCE,49561,0.382,OVERLAP,NONE,ABOVE,RISING,ABOVE
BTCUSDT,23,2022-05-06 07:30,2022-05-08 16:45,50728,36437,36339.9,0.27,0,26.78,DOWN,MIDDLE,false,50729,2022-05-06 07:45,BELOW,1,1.22,7.3,1.668,-1,BOUNCE,50730,0.528,BOUNCE,50730,3.137,OVERLAP,NONE,ABOVE,FALLING,ABOVE
BTCUSDT,24,2022-05-08 17:00,2022-06-18 06:30,50958,34545.3,34353.8,0.563,0,23.19,DOWN,BOTTOM,false,50963,2022-05-08 18:15,BELOW,5,1.27,1.69,1.605,-1,THROUGH,50964,0.64,THROUGH,50964,0.64,OVERLAP,NONE,BELOW,FALLING,BELOW
BTCUSDT,25,2022-06-18 06:45,2022-07-03 04:30,54853,20420,20380,0.206,0,97.35,DOWN,MIDDLE,false,55002,2022-06-19 20:00,BELOW,149,13.1,1.45,1.8,1,BOUNCE,55003,1.254,BOUNCE,55003,3.68,OVERLAP,NONE,ABOVE,RISING,ABOVE
BTCUSDT,26,2022-07-03 04:45,2022-07-08 01:00,56285,19276,19245.4,0.159,0,44.62,DOWN,MIDDLE,false,56286,2022-07-03 05:00,BELOW,1,0.06,5.59,1.259,-1,BOUNCE,56287,1.182,BOUNCE,56287,1.681,OVERLAP,NONE,BELOW,FALLING,ABOVE
BTCUSDT,27,2022-07-08 01:15,2022-07-28 20:15,56751,21729.4,21658.5,0.316,0,22.52,UP,TOP,false,56769,2022-07-08 05:45,ABOVE,18,3.2,1.91,1.491,1,BOUNCE,56770,0.626,BOUNCE,56770,0.626,OVERLAP,NONE,BELOW,FALLING,BELOW
BTCUSDT,28,2022-07-28 20:30,2022-07-31 17:45,58748,23878.4,23828,0.211,0,20.58,UP,MIDDLE,false,58749,2022-07-28 20:45,ABOVE,1,0.14,1.73,1.56,1,BOUNCE,58750,1.158,BOUNCE,58750,1.158,OVERLAP,NONE,ABOVE,RISING,ABOVE
BTCUSDT,29,2022-07-31 18:00,2022-08-19 06:15,59026,23738.4,23701.1,0.155,0,25.1,UP,MIDDLE,false,59027,2022-07-31 18:15,ABOVE,1,1.59,5.87,2.375,-1,THROUGH,59027,1.521,THROUGH,59027,2.018,OVERLAP,NONE,BELOW,RISING,BELOW
BTCUSDT,31,2022-09-06 17:00,2022-09-09 23:00,62574,19785.5,19735.8,0.259,0,27.05,DOWN,MIDDLE,false,62807,2022-09-09 03:15,BELOW,233,5.74,14.55,2.065,1,THROUGH,62808,4.826,THROUGH,62808,6.093,OVERLAP,NONE,ABOVE,RISING,ABOVE
BTCUSDT,32,2022-09-09 23:15,2022-09-10 21:30,62887,21390,21328,0.292,0,22.65,DOWN,TOP,false,62888,2022-09-09 23:30,BELOW,1,0.31,1.35,0.693,1,BOUNCE,62890,0.818,BOUNCE,62890,0.818,OVERLAP,NONE,ABOVE,RISING,ABOVE
BTCUSDT,33,2022-09-10 21:45,2022-09-19 02:00,62977,21511,21437.6,0.34,0,22.78,UP,MIDDLE,false,62996,2022-09-11 02:30,ABOVE,19,1.11,1,0.47,1,BOUNCE,62998,0.563,BOUNCE,62998,0.999,OVERLAP,NONE,BELOW,FALLING,BELOW
BTCUSDT,34,2022-09-19 02:15,2022-09-24 21:00,63763,19467,19384.8,0.437,0,38.39,DOWN,MIDDLE,false,63812,2022-09-19 14:30,BELOW,49,5.67,2.8,1.134,1,BOUNCE,63813,1.754,BOUNCE,63813,2.665,OVERLAP,NONE,ABOVE,RISING,ABOVE
BTCUSDT,35,2022-09-24 21:15,2022-10-01 11:00,64319,19140.7,19090.4,0.265,0,26.85,DOWN,TOP,false,64359,2022-09-25 07:15,BELOW,40,1.13,3.74,0.468,-1,BOUNCE,64360,0.321,BOUNCE,64360,1.239,OVERLAP,NONE,ABOVE,RISING,ABOVE
BTCUSDT,36,2022-10-01 11:15,2022-10-08 21:15,64951,19340,19311.9,0.146,0,20.51,DOWN,TOP,false,64953,2022-10-01 11:45,BELOW,2,0.58,1.64,0.407,-1,BOUNCE,64954,0.423,BOUNCE,64954,0.579,OVERLAP,NONE,BELOW,FALLING,BELOW
BTCUSDT,37,2022-10-08 21:30,2022-10-10 21:45,65664,19433.1,19415.4,0.092,0,22.13,DOWN,BOTTOM,false,65672,2022-10-08 23:30,BELOW,8,0.68,0.88,0.216,-1,BOUNCE,65673,0.306,BOUNCE,65673,0.543,OVERLAP,NONE,ABOVE,RISING,BELOW
BTCUSDT,38,2022-10-10 22:00,2022-11-17 23:45,65858,19240.4,19222.6,0.093,0,48.52,DOWN,MIDDLE,false,65914,2022-10-11 12:00,BELOW,56,1.27,4.03,0.48,-1,BOUNCE,65916,1.938,BOUNCE,65916,1.938,OVERLAP,NONE,ABOVE,RISING,ABOVE
BTCUSDT,39,2022-11-18 00:00,2022-11-20 08:15,69514,16695,16676.6,0.109,0,25.81,UP,MIDDLE,false,69546,2022-11-18 08:00,ABOVE,32,1.51,3.38,0.459,1,BOUNCE,69547,0.625,BOUNCE,69547,0.898,OVERLAP,NONE,BELOW,FALLING,BELOW
BTCUSDT,40,2022-11-20 08:30,2022-11-27 22:45,69740,16711.8,16696.2,0.094,0,32.76,DOWN,MIDDLE,false,70070,2022-11-23 19:00,BELOW,330,6.34,6.02,1.431,1,BOUNCE,70071,1.836,BOUNCE,70071,1.836,OVERLAP,NONE,ABOVE,RISING,ABOVE
BTCUSDT,41,2022-11-27 23:00,2022-12-03 05:45,70470,16583.9,16565.4,0.112,0,22.22,DOWN,TOP,false,70668,2022-11-30 00:30,BELOW,198,3.03,21.27,2.682,1,THROUGH,70668,3.008,THROUGH,70668,3.008,OVERLAP,NONE,ABOVE,RISING,ABOVE
BTCUSDT,42,2022-12-03 06:00,2022-12-19 22:15,70978,17016.4,17001.1,0.09,0,23.99,DOWN,BOTTOM,false,71055,2022-12-04 01:15,BELOW,77,0.74,4.61,0.683,-1,BOUNCE,71056,0.371,BOUNCE,71056,0.371,OVERLAP,NONE,ABOVE,RISING,ABOVE
BTCUSDT,43,2022-12-19 22:30,2022-12-25 14:15,72580,16591.4,16551.8,0.242,0,20.69,DOWN,MIDDLE,false,72592,2022-12-20 01:30,BELOW,12,1.09,3.02,0.765,-1,THROUGH,72596,1.745,THROUGH,72596,1.745,OVERLAP,NONE,ABOVE,RISING,ABOVE
BTCUSDT,44,2022-12-25 14:30,2022-12-28 02:45,73124,16801.3,16797.6,0.022,0,22,DOWN,BOTTOM,false,73125,2022-12-25 14:45,BELOW,1,0.04,4.22,0.41,-1,THROUGH,73125,0.29,THROUGH,73125,0.29,OVERLAP,NONE,ABOVE,FALLING,ABOVE
BTCUSDT,45,2022-12-28 03:00,2023-01-08 22:45,73366,16690.9,16673.2,0.107,0,25.39,DOWN,MIDDLE,false,73394,2022-12-28 10:00,BELOW,28,0.53,1,0.166,-1,BOUNCE,73395,0.203,BOUNCE,73395,0.704,OVERLAP,NONE,ABOVE,RISING,ABOVE
BTCUSDT,47,2023-01-14 14:30,2023-01-16 07:45,75044,20934.9,20884.2,0.244,0,21.64,DOWN,TOP,false,75046,2023-01-14 15:00,BELOW,2,0.63,0.82,0.777,1,BOUNCE,75047,1.26,BOUNCE,75047,1.26,OVERLAP,NONE,BELOW,FALLING,ABOVE
BTCUSDT,48,2023-01-16 08:00,2023-01-17 13:45,75210,21125.4,21073.2,0.251,0,36.77,DOWN,BOTTOM,false,75240,2023-01-16 15:30,BELOW,30,1.9,2.88,0.884,-1,BOUNCE,75241,0.722,BOUNCE,75241,0.722,OVERLAP,NONE,ABOVE,FALLING,BELOW
BTCUSDT,49,2023-01-17 14:00,2023-01-30 18:45,75330,21239.9,21205.4,0.161,0,20.69,UP,MIDDLE,false,75332,2023-01-17 14:30,ABOVE,2,0.72,6.14,1.274,1,THROUGH,75332,0.853,THROUGH,75332,0.853,OVERLAP,NONE,BELOW,RISING,BELOW
BTCUSDT,50,2023-01-30 19:00,2023-02-06 05:00,76598,23154.3,23100,0.238,0,24.12,DOWN,MIDDLE,false,76673,2023-01-31 13:45,BELOW,75,1.85,2.86,0.386,-1,BOUNCE,76674,0.252,BOUNCE,76674,0.252,OVERLAP,NONE,ABOVE,RISING,ABOVE
BTCUSDT,51,2023-02-06 05:15,2023-02-15 11:15,77215,22883.3,22864.7,0.082,0,21.51,DOWN,BOTTOM,false,77225,2023-02-06 07:45,BELOW,10,0.72,0.83,0.198,-1,THROUGH,77226,0.226,THROUGH,77226,0.226,OVERLAP,NONE,ABOVE,RISING,ABOVE
BTCUSDT,53,2023-03-03 01:15,2023-03-14 04:45,79599,23411.6,23390,0.095,0,43.92,DOWN,BOTTOM,false,80611,2023-03-13 14:15,BELOW,1012,16.14,4.22,2.854,1,THROUGH,80612,4.727,THROUGH,80612,4.727,OVERLAP,NONE,ABOVE,RISING,ABOVE
BTCUSDT,54,2023-03-14 05:00,2023-03-24 11:30,80670,24431.5,24327.7,0.42,0,23.48,UP,TOP,false,80671,2023-03-14 05:15,ABOVE,1,1.07,4.77,2.052,1,THROUGH,80672,0.666,THROUGH,80672,0.843,OVERLAP,BOUNCE,ABOVE,RISING,BELOW
BTCUSDT,55,2023-03-24 11:45,2023-03-26 08:15,81657,28080.1,28000,0.291,0,20.96,DOWN,MIDDLE,false,81659,2023-03-24 12:15,BELOW,2,1.58,2.58,1.52,-1,BOUNCE,81661,1.289,BOUNCE,81661,1.782,OVERLAP,NONE,BELOW,FALLING,BELOW
BTCUSDT,56,2023-03-26 08:30,2023-04-10 21:45,81836,27510,27492,0.065,0,39.99,UP,MIDDLE,false,81954,2023-03-27 14:00,ABOVE,118,2.29,2.32,0.791,1,THROUGH,81955,3.679,THROUGH,81955,3.679,OVERLAP,NONE,BELOW,FALLING,BELOW
BTCUSDT,57,2023-04-10 22:00,2023-04-19 07:45,83330,29232.4,29194.6,0.128,0,46.29,UP,MIDDLE,false,83968,2023-04-17 13:30,ABOVE,638,5.84,2.81,0.785,-1,BOUNCE,83969,0.809,BOUNCE,83969,1.138,OVERLAP,NONE,BELOW,FALLING,BELOW
BTCUSDT,59,2023-04-19 21:15,2023-05-05 01:15,84191,29231.4,29150.1,0.28,0,23.49,DOWN,MIDDLE,false,84193,2023-04-19 21:45,BELOW,2,0.75,1.59,0.823,-1,BOUNCE,84195,2.034,BOUNCE,84195,2.161,OVERLAP,NONE,BELOW,FALLING,BELOW
BTCUSDT,60,2023-05-05 01:30,2023-05-25 18:45,85648,28910.2,28863.4,0.16,0,23.03,UP,TOP,false,85692,2023-05-05 12:30,ABOVE,44,1.4,12.71,2.273,1,BOUNCE,85693,1.824,BOUNCE,85693,2.708,OVERLAP,NONE,BELOW,FALLING,BELOW
BTCUSDT,61,2023-05-25 19:00,2023-05-28 11:00,87638,26369.9,26340,0.113,0,21.01,UP,TOP,false,87661,2023-05-26 00:45,ABOVE,23,0.58,3.07,0.382,1,BOUNCE,87662,0.615,BOUNCE,87662,0.615,OVERLAP,NONE,ABOVE,RISING,ABOVE
BTCUSDT,62,2023-05-28 11:15,2023-06-03 19:30,87895,27229.6,27203.8,0.095,0,21.68,DOWN,TOP,false,87896,2023-05-28 11:30,BELOW,1,0.04,1.65,0.227,1,BOUNCE,87897,0.449,BOUNCE,87897,0.449,OVERLAP,NONE,BELOW,RISING,ABOVE
BTCUSDT,63,2023-06-03 19:45,2023-06-10 16:45,88505,27153.6,27137.9,0.058,0,20.76,DOWN,BOTTOM,false,88550,2023-06-04 07:00,BELOW,45,0.66,3.12,0.103,-1,BOUNCE,88551,0.103,BOUNCE,88551,0.103,OVERLAP,NONE,ABOVE,RISING,ABOVE
BTCUSDT,64,2023-06-10 17:00,2023-06-16 14:30,89166,25607.4,25573.7,0.131,0,23.09,UP,BOTTOM,false,89171,2023-06-10 18:15,ABOVE,5,2.03,5.11,2.501,-1,BOUNCE,89172,1.052,BOUNCE,89172,1.219,OVERLAP,NONE,BELOW,RISING,BELOW
BTCUSDT,66,2023-06-30 13:30,2023-07-22 23:00,91072,31083.5,30953.3,0.43,0,32.37,DOWN,TOP,false,91368,2023-07-03 15:30,BELOW,296,3.06,6.45,0.506,1,BOUNCE,91370,0.462,BOUNCE,91370,0.462,OVERLAP,NONE,ABOVE,RISING,ABOVE
BTCUSDT,67,2023-07-22 23:15,2023-07-24 09:30,93223,29799,29779,0.067,0,22.44,DOWN,BOTTOM,false,93225,2023-07-22 23:45,BELOW,2,0.32,4.23,0.433,-1,BOUNCE,93226,0.202,BOUNCE,93226,0.202,OVERLAP,NONE,BELOW,FALLING,BELOW
BTCUSDT,69,2023-07-30 19:45,2023-08-06 20:30,93977,29341.1,29330.1,0.038,0,26.44,DOWN,MIDDLE,false,93996,2023-07-31 00:30,BELOW,19,0.68,2.25,0.752,-1,THROUGH,93996,0.63,THROUGH,93996,0.63,OVERLAP,BOUNCE,ABOVE,RISING,ABOVE
BTCUSDT,70,2023-08-06 20:45,2023-08-15 18:45,94653,29074.7,29067.8,0.024,0,32.03,UP,TOP,false,94657,2023-08-06 21:45,ABOVE,4,0.37,2.36,0.369,1,BOUNCE,94658,0.279,BOUNCE,94658,0.502,OVERLAP,NONE,BELOW,RISING,ABOVE
BTCUSDT,72,2023-08-22 21:15,2023-08-23 06:30,96191,25874.1,25824.6,0.193,0,28.69,DOWN,MIDDLE,false,96196,2023-08-22 22:30,BELOW,5,0.79,0.97,0.417,-1,BOUNCE,96197,0.208,BOUNCE,96197,0.208,OVERLAP,NONE,ABOVE,FALLING,BELOW
BTCUSDT,73,2023-08-23 06:45,2023-08-28 19:00,96229,26062,26020,0.161,0,21.44,IN,TOP,false,96232,2023-08-23 07:30,ABOVE,3,0.12,1.91,0.362,-1,THROUGH,96232,0.075,THROUGH,96232,0.844,OVERLAP,NONE,BELOW,RISING,BELOW
BTCUSDT,74,2023-08-28 19:15,2023-09-24 17:30,96759,26144.8,26110.4,0.133,0,23.3,DOWN,MIDDLE,false,96775,2023-08-28 23:15,BELOW,16,0.57,3.58,0.431,1,BOUNCE,96776,0.156,BOUNCE,96776,0.329,OVERLAP,NONE,ABOVE,RISING,ABOVE
BTCUSDT,75,2023-09-24 17:45,2023-09-28 10:15,99345,26586,26558.2,0.104,0,38.81,UP,BOTTOM,false,99347,2023-09-24 18:15,ABOVE,2,0.35,15.41,1.083,1,THROUGH,99347,0.971,THROUGH,99347,2.231,OVERLAP,NONE,BELOW,RISING,BELOW
BTCUSDT,76,2023-09-28 10:30,2023-10-06 21:15,99700,26434.5,26400.4,0.128,0,34.42,UP,MIDDLE,false,99705,2023-09-28 11:45,ABOVE,5,0.45,0.93,0.17,1,BOUNCE,99706,0.689,BOUNCE,99706,3.307,OVERLAP,NONE,ABOVE,RISING,ABOVE
BTCUSDT,77,2023-10-06 21:30,2023-10-11 15:00,100512,27986.6,27915.1,0.254,0,29.62,UP,TOP,false,100516,2023-10-06 22:30,ABOVE,4,0.48,0.71,0.163,1,THROUGH,100518,0.332,THROUGH,100518,0.332,OVERLAP,NONE,ABOVE,RISING,ABOVE
BTCUSDT,79,2023-10-13 20:45,2023-10-15 20:15,101181,26765,26734.9,0.112,0,91.26,UP,MIDDLE,false,101189,2023-10-13 22:45,ABOVE,8,0.94,1.9,0.628,1,BOUNCE,101190,0.465,BOUNCE,101190,0.827,OVERLAP,NONE,BELOW,RISING,BELOW
BTCUSDT,80,2023-10-15 20:30,2023-10-16 05:00,101372,27053.5,27009.9,0.16,0,20.49,UP,TOP,false,101382,2023-10-15 23:00,ABOVE,10,0.72,1.19,0.272,1,BOUNCE,101384,0.782,BOUNCE,101384,4.122,OVERLAP,NONE,BELOW,RISING,ABOVE
BTCUSDT,82,2023-10-18 04:45,2023-11-04 21:00,101597,28504.2,28428.3,0.264,0,35.12,UP,TOP,false,101609,2023-10-18 07:45,ABOVE,12,0.8,1.01,0.348,1,BOUNCE,101611,0.283,BOUNCE,101611,0.283,OVERLAP,NONE,BELOW,FALLING,BELOW
BTCUSDT,84,2023-11-05 13:45,2023-11-19 05:45,103361,35099.1,35060,0.112,0,25.45,DOWN,MIDDLE,false,103374,2023-11-05 17:00,BELOW,13,0.63,4.13,0.955,1,THROUGH,103374,0.396,THROUGH,103374,1.016,OVERLAP,NONE,ABOVE,RISING,ABOVE
BTCUSDT,85,2023-11-19 06:00,2023-11-19 22:45,104674,36536,36514.1,0.06,0,22.51,UP,TOP,false,104693,2023-11-19 10:45,ABOVE,19,0.41,0.6,0.118,1,THROUGH,104694,0.367,THROUGH,104694,0.367,OVERLAP,NONE,BELOW,FALLING,BELOW
BTCUSDT,86,2023-11-19 23:00,2023-12-24 21:45,104742,36998.9,36946.2,0.141,0,24.28,UP,MIDDLE,false,104802,2023-11-20 14:00,ABOVE,60,1.32,5.9,1.437,1,THROUGH,104802,0.176,THROUGH,104802,0.449,OVERLAP,NONE,BELOW,FALLING,BELOW
BTCUSDT,89,2023-12-26 05:00,2024-01-05 01:30,108222,43505,43467.6,0.086,0,25.04,DOWN,MIDDLE,false,108380,2023-12-27 20:30,BELOW,158,3.56,2.63,0.543,1,BOUNCE,108382,0.452,BOUNCE,108382,0.452,OVERLAP,NONE,ABOVE,RISING,ABOVE
BTCUSDT,90,2024-01-05 01:45,2024-01-05 08:45,109169,43958.4,43852.5,0.244,0,33.79,DOWN,BOTTOM,false,109170,2024-01-05 02:00,BELOW,1,1.09,2.7,1.439,1,BOUNCE,109171,1.503,BOUNCE,109171,1.503,OVERLAP,BOUNCE,BELOW,FALLING,ABOVE
BTCUSDT,91,2024-01-05 09:00,2024-01-09 12:30,109198,43958.4,43813,0.33,1,23.4,UP,TOP,false,109199,2024-01-05 09:15,ABOVE,1,0.21,1.27,0.375,1,BOUNCE,109200,0.522,BOUNCE,109200,0.522,OVERLAP,NONE,ABOVE,RISING,ABOVE
BTCUSDT,92,2024-01-09 12:45,2024-01-09 20:45,109597,46755.7,46604.1,0.328,0,24.06,DOWN,MIDDLE,false,109598,2024-01-09 13:00,BELOW,1,0.92,4.54,1.58,1,THROUGH,109601,0.739,THROUGH,109601,0.739,OVERLAP,NONE,BELOW,FALLING,BELOW
BTCUSDT,93,2024-01-09 21:00,2024-01-16 14:15,109630,46782.7,46585.4,0.411,1,30.77,UP,BOTTOM,false,109631,2024-01-09 21:15,ABOVE,1,2.57,22.46,8.024,1,THROUGH,109631,2.82,THROUGH,109631,2.82,OVERLAP,NONE,BELOW,RISING,BELOW
BTCUSDT,94,2024-01-16 14:30,2024-02-12 06:30,110276,42881.1,42786.1,0.226,0,23.9,DOWN,BOTTOM,false,110277,2024-01-16 14:45,BELOW,1,1.59,7.54,1.692,1,BOUNCE,110278,0.562,BOUNCE,110278,0.562,OVERLAP,NONE,BELOW,FALLING,BELOW
BTCUSDT,95,2024-02-12 06:45,2024-02-14 08:30,112837,48132.6,48051,0.169,0,36.12,UP,BOTTOM,false,112838,2024-02-12 07:00,ABOVE,1,0.03,1.82,0.326,1,BOUNCE,112839,0.534,BOUNCE,112839,0.534,OVERLAP,NONE,ABOVE,FALLING,BELOW
BTCUSDT,97,2024-03-27 13:00,2024-04-13 19:30,117086,70255.4,70055.5,0.28,0,22.77,UP,TOP,false,117089,2024-03-27 13:45,ABOVE,3,2.1,5.33,1.593,-1,THROUGH,117089,2.141,THROUGH,117089,2.407,OVERLAP,NONE,BELOW,RISING,BELOW
BTCUSDT,98,2024-04-13 19:45,2024-04-20 15:15,118745,67267.2,66805.6,0.713,0,26.43,DOWN,MIDDLE,false,118895,2024-04-15 09:15,BELOW,150,7.48,2.2,0.991,1,BOUNCE,118896,1.468,BOUNCE,118896,4.499,OVERLAP,NONE,ABOVE,RISING,ABOVE
BTCUSDT,100,2024-04-21 16:00,2024-05-05 13:00,119498,65090,64965.7,0.193,0,24.11,DOWN,MIDDLE,false,119518,2024-04-21 21:00,BELOW,20,0.82,2.93,0.956,1,BOUNCE,119519,0.686,BOUNCE,119519,0.762,OVERLAP,NONE,ABOVE,FALLING,ABOVE
BTCUSDT,101,2024-05-05 13:15,2024-05-12 07:00,120831,63757.6,63588.7,0.264,0,20.47,UP,MIDDLE,false,120832,2024-05-05 13:30,ABOVE,1,0.35,3.58,0.711,-1,BOUNCE,120833,1.391,BOUNCE,120833,1.391,OVERLAP,NONE,ABOVE,RISING,ABOVE
BTCUSDT,102,2024-05-12 07:15,2024-05-14 05:45,121479,60973,60916.3,0.093,0,22.01,DOWN,MIDDLE,false,121482,2024-05-12 08:00,BELOW,3,0.27,2.77,0.265,1,BOUNCE,121483,0.26,BOUNCE,121483,0.26,OVERLAP,NONE,BELOW,FALLING,BELOW
BTCUSDT,103,2024-05-14 06:00,2024-05-25 22:45,121666,62739.2,62646.2,0.151,0,23.45,DOWN,MIDDLE,false,121777,2024-05-15 09:45,BELOW,111,2.28,7.76,0.76,1,BOUNCE,121778,0.687,BOUNCE,121778,0.687,OVERLAP,NONE,ABOVE,RISING,ABOVE
BTCUSDT,104,2024-05-25 23:00,2024-05-26 07:15,122790,69160.4,69128.9,0.045,0,31.61,UP,MIDDLE,false,122802,2024-05-26 02:00,ABOVE,12,0.3,0.77,0.11,1,THROUGH,122803,0.432,THROUGH,122803,0.432,OVERLAP,NONE,BELOW,FALLING,BELOW
BTCUSDT,105,2024-05-26 07:30,2024-06-11 01:30,122824,69185,69128.9,0.081,1,22.06,UP,TOP,false,122828,2024-05-26 08:30,ABOVE,4,0.44,2.61,0.248,1,BOUNCE,122830,0.127,BOUNCE,122830,0.347,OVERLAP,THROUGH,ABOVE,RISING,ABOVE
BTCUSDT,106,2024-06-11 01:45,2024-07-10 12:15,124337,69520.4,69408.5,0.163,0,32.16,DOWN,BOTTOM,false,124476,2024-06-12 12:30,BELOW,139,4.75,24.15,2.099,1,BOUNCE,124477,0.539,BOUNCE,124477,1.193,OVERLAP,NONE,ABOVE,RISING,ABOVE
BTCUSDT,107,2024-07-10 12:30,2024-07-15 21:45,127164,58519.8,58380,0.241,0,23.66,DOWN,BOTTOM,false,127218,2024-07-11 02:00,BELOW,54,1.92,1.8,0.705,-1,BOUNCE,127219,2.312,BOUNCE,127219,2.312,OVERLAP,NONE,ABOVE,RISING,ABOVE
BTCUSDT,108,2024-07-15 22:00,2024-08-08 21:15,127682,63616.2,63468.3,0.231,0,30.68,UP,TOP,false,127712,2024-07-16 05:30,ABOVE,30,1.88,4.39,0.912,1,BOUNCE,127713,0.385,BOUNCE,127713,0.385,OVERLAP,NONE,BELOW,FALLING,BELOW
BTCUSDT,109,2024-08-08 21:30,2024-08-19 09:30,129984,59695.4,59556.3,0.23,0,34.47,UP,MIDDLE,false,130052,2024-08-09 14:30,ABOVE,68,4.41,3.44,1.446,1,BOUNCE,130053,1.437,BOUNCE,130053,2.121,OVERLAP,NONE,BELOW,FALLING,BELOW
BTCUSDT,110,2024-08-19 09:45,2024-09-14 17:45,130993,58648.7,58520.6,0.221,0,45.8,DOWN,TOP,false,131006,2024-08-19 13:00,BELOW,13,0.96,1.27,0.338,-1,THROUGH,131007,0.507,THROUGH,131007,1.05,OVERLAP,NONE,ABOVE,RISING,ABOVE
BTCUSDT,111,2024-09-14 18:00,2024-10-20 21:45,133522,59859.9,59813.2,0.078,0,23.05,DOWN,MIDDLE,false,133527,2024-09-14 19:15,BELOW,5,0.36,0.57,0.209,-1,BOUNCE,133528,0.122,BOUNCE,133528,0.122,OVERLAP,NONE,ABOVE,FALLING,BELOW
BTCUSDT,112,2024-10-20 22:00,2024-10-28 20:45,136994,68767.9,68659.1,0.158,0,20.61,IN,MIDDLE,false,137013,2024-10-21 02:45,ABOVE,19,0.95,1.32,0.431,1,THROUGH,137014,0.1,THROUGH,137014,0.591,OVERLAP,NONE,BELOW,FALLING,BELOW
BTCUSDT,113,2024-10-28 21:00,2024-11-05 19:30,137758,69509.3,69500,0.013,0,100.49,UP,MIDDLE,false,137759,2024-10-28 21:15,ABOVE,1,0.2,0.36,0.359,1,BOUNCE,137760,1.182,BOUNCE,137760,3.018,OVERLAP,NONE,ABOVE,RISING,ABOVE
BTCUSDT,114,2024-11-05 19:45,2024-11-10 17:15,138521,70008.4,69857,0.22,0,29.77,DOWN,MIDDLE,false,138536,2024-11-05 23:30,BELOW,15,1.29,0.87,0.674,1,BOUNCE,138537,0.86,BOUNCE,138537,0.86,OVERLAP,NONE,BELOW,RISING,ABOVE
BTCUSDT,115,2024-11-10 17:30,2024-12-14 00:45,138992,79870,79696,0.217,0,23.11,UP,MIDDLE,false,139000,2024-11-10 19:30,ABOVE,8,1.31,1.29,0.774,1,THROUGH,139002,1.436,THROUGH,139002,1.436,OVERLAP,BOUNCE,BELOW,RISING,ABOVE
BTCUSDT,116,2024-12-14 01:00,2025-01-09 01:45,142190,101271.4,101106.1,0.162,0,24.44,UP,BOTTOM,false,142236,2024-12-14 12:30,ABOVE,46,1.27,3.57,0.232,1,THROUGH,142239,0.325,THROUGH,142239,0.325,OVERLAP,NONE,BELOW,FALLING,BELOW
BTCUSDT,117,2025-01-09 02:00,2025-01-10 13:15,144690,95083.5,94930.9,0.162,0,29.65,DOWN,TOP,false,144809,2025-01-10 07:45,BELOW,119,3.88,3.34,0.609,1,BOUNCE,144810,0.618,BOUNCE,144810,2.348,OVERLAP,NONE,ABOVE,RISING,ABOVE
BTCUSDT,118,2025-01-10 13:30,2025-02-21 09:00,144832,95083.5,94683.6,0.428,1,30.74,DOWN,TOP,false,144849,2025-01-10 17:45,BELOW,17,2.5,1.98,1.736,-1,THROUGH,144849,0.714,THROUGH,144849,0.714,OVERLAP,BOUNCE,ABOVE,RISING,ABOVE
BTCUSDT,119,2025-02-21 09:15,2025-03-06 01:30,148847,98316.2,98166.9,0.152,0,20.58,IN,BOTTOM,false,148849,2025-02-21 09:45,BELOW,2,0,1,0.187,1,THROUGH,148850,0.46,THROUGH,148850,1.136,OVERLAP,NONE,ABOVE,RISING,ABOVE
BTCUSDT,120,2025-03-06 01:45,2025-04-27 23:45,150065,90674.8,90110.2,0.62,0,29.88,UP,MIDDLE,false,150094,2025-03-06 09:00,ABOVE,29,2.24,1.82,0.538,1,BOUNCE,150095,1.067,BOUNCE,150095,1.067,OVERLAP,NONE,BELOW,FALLING,BELOW
BTCUSDT,121,2025-04-28 00:00,2025-05-04 21:45,155146,93762.1,93638.1,0.133,0,21.24,DOWN,BOTTOM,false,155148,2025-04-28 00:30,BELOW,2,0.29,1.89,0.284,-1,BOUNCE,155149,1.002,BOUNCE,155149,1.002,OVERLAP,NONE,BELOW,FALLING,ABOVE
BTCUSDT,124,2025-05-12 07:00,2025-05-18 13:15,156518,104375,104237.5,0.13,0,47.88,UP,TOP,false,156521,2025-05-12 07:45,ABOVE,3,1.15,2.57,0.589,1,BOUNCE,156524,0.296,BOUNCE,156524,0.296,OVERLAP,THROUGH,ABOVE,RISING,BELOW
BTCUSDT,125,2025-05-18 13:30,2025-05-21 04:15,157120,103890.3,103850.3,0.038,0,42.28,UP,MIDDLE,false,157138,2025-05-18 18:00,ABOVE,18,1.83,4.52,0.969,1,BOUNCE,157139,0.795,BOUNCE,157139,3.103,OVERLAP,NONE,BELOW,FALLING,BELOW
BTCUSDT,126,2025-05-21 04:30,2025-05-25 21:45,157372,106888.1,106749.4,0.129,0,23.58,UP,MIDDLE,false,157383,2025-05-21 07:15,ABOVE,11,0.94,2.71,0.649,1,THROUGH,157384,0.608,THROUGH,157384,0.666,OVERLAP,NONE,BELOW,RISING,BELOW
BTCUSDT,127,2025-05-25 22:00,2025-06-09 20:45,157826,107627.4,107341.5,0.264,0,26.36,UP,MIDDLE,false,157935,2025-05-27 01:15,ABOVE,109,2.25,17.8,1.176,1,BOUNCE,157936,1.54,BOUNCE,157936,1.701,OVERLAP,BOUNCE,BELOW,FALLING,BELOW
BTCUSDT,128,2025-06-09 21:00,2025-06-23 21:45,159262,108665.6,108547.9,0.108,0,25.75,UP,TOP,false,159331,2025-06-10 14:15,ABOVE,69,1.72,1.45,0.408,1,BOUNCE,159334,0.501,BOUNCE,159334,1.566,OVERLAP,NONE,BELOW,FALLING,BELOW
BTCUSDT,130,2025-06-29 08:30,2025-07-06 09:30,161132,107414.2,107380,0.032,0,25.66,UP,TOP,false,161163,2025-06-29 16:15,ABOVE,31,0.96,1.9,0.286,1,BOUNCE,161164,0.17,BOUNCE,161164,0.732,OVERLAP,NONE,BELOW,FALLING,BELOW
BTCUSDT,131,2025-07-06 09:45,2025-07-20 21:45,161809,107971,107960,0.01,0,28.76,DOWN,BOTTOM,false,161812,2025-07-06 10:30,BELOW,3,0.16,2.56,0.17,-1,THROUGH,161812,0.168,THROUGH,161812,1.026,OVERLAP,NONE,ABOVE,FALLING,BELOW
BTCUSDT,132,2025-07-20 22:00,2025-08-17 04:30,163202,118036.3,117982.8,0.046,0,27.48,DOWN,MIDDLE,false,163218,2025-07-21 02:00,BELOW,16,0.99,1.49,0.616,-1,BOUNCE,163220,0.274,BOUNCE,163220,0.274,OVERLAP,BOUNCE,ABOVE,FALLING,ABOVE
BTCUSDT,133,2025-08-17 04:45,2025-08-24 19:15,165821,117739.5,117722.1,0.015,0,20.73,UP,TOP,false,165869,2025-08-17 16:45,ABOVE,48,0.55,5.77,0.262,1,THROUGH,165870,0.405,THROUGH,165870,0.405,OVERLAP,NONE,BELOW,FALLING,BELOW
BTCUSDT,134,2025-08-24 19:30,2025-09-28 21:45,166552,114704.1,114476.5,0.201,0,72.85,DOWN,MIDDLE,false,168252,2025-09-11 12:30,BELOW,1700,6.29,12.45,0.922,1,BOUNCE,168253,0.992,BOUNCE,168253,0.992,OVERLAP,NONE,BELOW,RISING,BELOW
BTCUSDT,136,2025-10-05 02:15,2025-10-10 20:30,170515,122355.5,122290.5,0.053,0,20.98,UP,TOP,false,170573,2025-10-05 16:45,ABOVE,58,2.46,7.99,0.921,-1,BOUNCE,170574,0.872,BOUNCE,170574,0.884,OVERLAP,NONE,ABOVE,FALLING,BELOW
BTCUSDT,138,2025-10-16 09:30,2025-10-26 09:00,171600,110884.9,110615,0.243,0,33.31,UP,MIDDLE,false,171615,2025-10-16 13:15,ABOVE,15,0.54,0.88,0.452,-1,BOUNCE,171616,0.512,BOUNCE,171616,0.512,OVERLAP,NONE,BELOW,RISING,ABOVE
BTCUSDT,140,2025-10-27 13:30,2025-11-02 22:15,172672,115225.1,115047.2,0.155,0,20.6,DOWN,MIDDLE,false,172673,2025-10-27 13:45,BELOW,1,0.18,2.81,0.532,1,BOUNCE,172674,0.534,BOUNCE,172674,0.534,OVERLAP,NONE,ABOVE,FALLING,BELOW
BTCUSDT,141,2025-11-02 22:30,2025-11-04 14:15,173284,109982.4,109909.8,0.066,0,27.01,DOWN,BOTTOM,false,173286,2025-11-02 23:00,BELOW,2,0.29,5.07,0.553,-1,THROUGH,173286,0.663,THROUGH,173286,0.663,OVERLAP,NONE,ABOVE,FALLING,ABOVE
BTCUSDT,142,2025-11-04 14:30,2025-11-09 18:30,173444,103930.6,103653.6,0.267,0,21.6,IN,BOTTOM,false,173448,2025-11-04 15:30,ABOVE,4,0.51,0.92,0.479,-1,THROUGH,173449,2.818,THROUGH,173449,4.585,OVERLAP,NONE,BELOW,RISING,BELOW
BTCUSDT,143,2025-11-09 18:45,2025-11-14 04:15,173941,103930.6,103570,0.345,1,28.21,UP,TOP,false,174117,2025-11-11 14:45,ABOVE,176,2.8,4.3,0.806,-1,BOUNCE,174118,0.565,BOUNCE,174118,0.565,OVERLAP,NONE,BELOW,FALLING,BELOW
BTCUSDT,145,2025-11-21 07:30,2025-12-29 09:15,175048,85495.1,85101,0.467,0,21.33,DOWN,BOTTOM,false,175076,2025-11-21 14:30,BELOW,28,4.91,2.14,2.012,-1,BOUNCE,175077,3.291,BOUNCE,175077,3.291,OVERLAP,NONE,ABOVE,RISING,ABOVE
BTCUSDT,146,2025-12-29 09:30,2026-01-03 12:30,178704,89471.9,89255.4,0.245,0,21.44,DOWN,BOTTOM,false,178827,2025-12-30 16:15,BELOW,123,2.65,2.18,0.505,1,BOUNCE,178828,1.328,BOUNCE,178828,1.593,OVERLAP,NONE,ABOVE,RISING,ABOVE
BTCUSDT,147,2026-01-03 12:45,2026-01-13 21:45,179197,89764,89705,0.066,0,20.3,UP,MIDDLE,false,179654,2026-01-08 07:00,ABOVE,457,5.48,4.7,0.552,-1,BOUNCE,179655,1.089,BOUNCE,179655,1.089,OVERLAP,NONE,BELOW,FALLING,BELOW
BTCUSDT,150,2026-01-20 22:30,2026-02-07 22:45,180868,89617.8,89430.3,0.212,0,31.84,DOWN,BOTTOM,false,180888,2026-01-21 03:30,BELOW,20,1.51,1.12,0.423,-1,BOUNCE,180889,0.142,BOUNCE,180889,0.567,OVERLAP,NONE,ABOVE,RISING,ABOVE
BTCUSDT,151,2026-02-07 23:00,2026-02-08 22:45,182598,69449.6,69273.5,0.255,0,20.3,DOWN,MIDDLE,false,182601,2026-02-07 23:45,BELOW,3,0.4,1,0.327,-1,BOUNCE,182603,0.62,BOUNCE,182603,0.62,OVERLAP,NONE,BELOW,FALLING,ABOVE
BTCUSDT,152,2026-02-08 23:00,2026-02-25 00:45,182694,71076.4,70798.1,0.39,0,23.58,UP,MIDDLE,false,182695,2026-02-08 23:15,ABOVE,1,0.34,5.04,1.701,1,THROUGH,182695,1.245,THROUGH,182695,1.245,OVERLAP,NONE,BELOW,RISING,BELOW
BTCUSDT,154,2026-02-27 22:30,2026-02-28 06:00,184516,65589.6,65414.1,0.268,0,36.02,IN,MIDDLE,false,184518,2026-02-27 23:00,ABOVE,2,0.03,1.32,0.488,-1,BOUNCE,184519,0.61,BOUNCE,184519,0.618,OVERLAP,NONE,ABOVE,RISING,BELOW
BTCUSDT,157,2026-03-08 22:00,2026-03-09 19:00,185378,67013.8,66880.6,0.202,0,51.37,DOWN,MIDDLE,false,185398,2026-03-09 03:00,BELOW,20,1.51,2.36,1.411,-1,THROUGH,185398,0.945,THROUGH,185398,1.532,OVERLAP,NONE,ABOVE,RISING,ABOVE
BTCUSDT,158,2026-03-09 19:15,2026-03-13 21:45,185463,68484.2,68327.5,0.226,0,20.08,UP,BOTTOM,false,185480,2026-03-09 23:30,ABOVE,17,1.22,0.41,0.181,1,BOUNCE,185483,1.283,BOUNCE,185483,3.024,OVERLAP,NONE,BELOW,FALLING,ABOVE
BTCUSDT,159,2026-03-13 22:00,2026-03-14 22:45,185858,71211.6,71060.4,0.214,0,20.07,DOWN,BOTTOM,false,185879,2026-03-14 03:15,BELOW,21,0.74,1.41,0.257,-1,BOUNCE,185881,0.266,BOUNCE,185881,1.132,OVERLAP,NONE,ABOVE,RISING,ABOVE
BTCUSDT,160,2026-03-14 23:00,2026-03-21 23:30,185958,70717,70661.9,0.078,0,27.78,UP,MIDDLE,false,186330,2026-03-18 20:00,ABOVE,372,7.33,2.13,0.812,-1,BOUNCE,186331,1.02,BOUNCE,186331,1.02,OVERLAP,NONE,BELOW,FALLING,BELOW
BTCUSDT,162,2026-03-22 18:30,2026-03-23 10:45,186708,68698,68625,0.107,0,23.56,DOWN,MIDDLE,false,186750,2026-03-23 05:00,BELOW,42,1.43,2.12,0.397,-1,THROUGH,186750,0.254,THROUGH,186750,4.036,OVERLAP,NONE,ABOVE,RISING,ABOVE
BTCUSDT,163,2026-03-23 11:00,2026-03-27 10:15,186774,68547,68331.8,0.303,0,43.13,UP,MIDDLE,false,187089,2026-03-26 17:45,ABOVE,315,4.79,2.47,0.885,-1,THROUGH,187091,0.315,THROUGH,187091,0.315,OVERLAP,THROUGH,BELOW,FALLING,BELOW
BTCUSDT,165,2026-03-28 13:30,2026-04-12 01:15,187264,66465.8,66363.6,0.153,0,24.97,UP,TOP,false,187302,2026-03-28 23:00,ABOVE,38,0.86,4.77,0.747,1,THROUGH,187302,0.193,THROUGH,187302,0.193,OVERLAP,NONE,BELOW,FALLING,BELOW
BTCUSDT,166,2026-04-12 01:30,2026-04-25 15:30,188656,73046.1,72950,0.134,0,65.3,DOWN,BOTTOM,false,188824,2026-04-13 19:30,BELOW,168,3.27,3.17,0.486,1,THROUGH,188825,0.542,THROUGH,188825,2.5,OVERLAP,NONE,ABOVE,RISING,ABOVE
BTCUSDT,167,2026-04-25 15:45,2026-05-01 03:00,189961,77691.1,77621.3,0.09,0,34.07,DOWN,MIDDLE,false,190013,2026-04-26 04:45,BELOW,52,0.6,7.34,0.391,-1,THROUGH,190013,0.61,THROUGH,190013,0.633,OVERLAP,NONE,ABOVE,RISING,ABOVE
BTCUSDT,169,2026-05-02 21:30,2026-06-15 10:30,190656,78458.1,78401.5,0.072,0,85.21,UP,TOP,false,190667,2026-05-03 00:15,ABOVE,11,0.43,1.11,0.195,1,BOUNCE,190668,0.232,BOUNCE,190668,0.232,OVERLAP,NONE,ABOVE,RISING,ABOVE
BTCUSDT,170,2026-06-15 10:45,2026-07-01 00:45,194837,65722.6,65666.9,0.085,0,24.77,UP,MIDDLE,false,194899,2026-06-16 02:15,ABOVE,62,2.32,3.93,0.616,1,BOUNCE,194900,0.806,BOUNCE,194900,1.373,OVERLAP,NONE,BELOW,FALLING,BELOW
BTCUSDT,171,2026-07-01 01:00,2026-07-04 14:45,196334,58598.2,58439.5,0.273,0,24.32,DOWN,MIDDLE,false,196336,2026-07-01 01:30,BELOW,2,0.52,5.88,1.157,-1,THROUGH,196336,0.948,THROUGH,196336,1.448,OVERLAP,NONE,ABOVE,FALLING,ABOVE
BTCUSDT,172,2026-07-04 15:00,2026-07-06 20:45,196678,62692,62627.6,0.103,0,21.79,UP,TOP,false,196723,2026-07-05 02:15,ABOVE,45,1.15,2.03,0.223,1,THROUGH,196724,0.124,THROUGH,196724,0.124,OVERLAP,NONE,BELOW,FALLING,BELOW
BTCUSDT,173,2026-07-06 21:00,2026-07-08 01:15,196894,63868,63752,0.18,0,32.44,UP,TOP,false,196910,2026-07-07 01:00,ABOVE,16,0.95,1.41,0.503,1,BOUNCE,196911,0.253,BOUNCE,196911,0.253,OVERLAP,THROUGH,BELOW,RISING,BELOW
BTCUSDT,174,2026-07-08 01:30,2026-08-08 05:15,197008,63607.6,63394,0.338,0,22.5,DOWN,MIDDLE,true,197170,2026-07-09 18:00,BELOW,162,2.85,2.95,0.699,1,BOUNCE,197171,0.416,BOUNCE,197171,0.571,OVERLAP,NONE,ABOVE,RISING,ABOVE
ETHUSDT,0,2020-11-24 06:00,2020-11-30 07:45,34,616.89,614.2,0.442,0,34.03,DOWN,MIDDLE,false,35,2020-11-24 06:15,BELOW,1,0.83,2.4,1.714,1,BOUNCE,36,2.371,BOUNCE,36,3.616,OVERLAP,NONE,BELOW,FALLING,BELOW
ETHUSDT,1,2020-11-30 08:00,2021-08-13 19:45,618,587.06,585.28,0.309,0,21.78,DOWN,MIDDLE,false,630,2020-11-30 11:00,BELOW,12,1.94,1.78,1.192,1,THROUGH,631,1.931,THROUGH,631,5.015,OVERLAP,NONE,ABOVE,RISING,ABOVE
ETHUSDT,2,2021-08-13 20:00,2021-09-13 13:15,25242,3228.05,3218.6,0.288,0,44.13,UP,MIDDLE,false,25301,2021-08-14 10:45,ABOVE,59,2.98,2.25,1.26,1,BOUNCE,25302,0.954,BOUNCE,25302,1.594,OVERLAP,NONE,BELOW,FALLING,BELOW
ETHUSDT,3,2021-09-13 13:30,2021-11-13 13:45,28192,3239.46,3215.25,0.719,1,22.45,UP,MIDDLE,false,28194,2021-09-13 14:00,ABOVE,2,3.89,6.79,5.608,-1,THROUGH,28194,3.341,THROUGH,28194,3.341,OVERLAP,NONE,BELOW,RISING,BELOW
ETHUSDT,4,2021-11-13 14:00,2021-12-18 18:45,34050,4617.86,4603.77,0.302,0,21.84,UP,MIDDLE,false,34070,2021-11-13 19:00,ABOVE,20,1.56,1.74,0.883,1,BOUNCE,34071,1.014,BOUNCE,34071,1.779,OVERLAP,NONE,BELOW,FALLING,BELOW
ETHUSDT,5,2021-12-18 19:00,2022-02-02 11:45,37430,3945.58,3936.9,0.221,0,22.56,DOWN,MIDDLE,false,37433,2021-12-18 19:45,BELOW,3,0.44,1.24,0.424,1,BOUNCE,37434,0.286,BOUNCE,37434,1.397,OVERLAP,NONE,ABOVE,FALLING,ABOVE
ETHUSDT,6,2022-02-02 12:00,2022-02-06 14:15,41818,2768.51,2760.38,0.292,0,27.61,UP,TOP,false,41826,2022-02-02 14:00,ABOVE,8,1.12,1.29,0.39,1,BOUNCE,41827,0.271,BOUNCE,41827,0.271,OVERLAP,NONE,BELOW,RISING,ABOVE
ETHUSDT,7,2022-02-06 14:30,2022-02-25 22:30,42212,3018.65,3012,0.222,0,25.69,DOWN,TOP,false,42246,2022-02-06 23:00,BELOW,34,1.39,7.4,1.397,-1,THROUGH,42247,1.871,THROUGH,42247,3.098,OVERLAP,NONE,ABOVE,RISING,ABOVE
ETHUSDT,8,2022-02-25 22:45,2022-03-10 13:15,44069,2728,2703.5,0.878,0,21.97,UP,TOP,false,44111,2022-02-26 09:15,ABOVE,42,3.88,2.27,1.22,1,BOUNCE,44112,1.876,BOUNCE,44112,3.028,OVERLAP,NONE,BELOW,FALLING,BELOW
ETHUSDT,9,2022-03-10 13:30,2022-04-28 07:30,45280,2604.39,2596,0.329,0,32.52,DOWN,TOP,false,45285,2022-03-10 14:45,BELOW,5,1.65,0.97,0.73,-1,BOUNCE,45288,0.547,BOUNCE,45288,0.547,OVERLAP,NONE,ABOVE,FALLING,BELOW
ETHUSDT,10,2022-04-28 07:45,2022-06-10 12:15,49961,2897,2889.94,0.243,0,20.59,UP,TOP,false,49983,2022-04-28 13:15,ABOVE,22,1.46,1.98,0.705,1,THROUGH,49984,1.267,THROUGH,49984,1.267,OVERLAP,NONE,BELOW,FALLING,BELOW
ETHUSDT,12,2022-06-18 06:45,2022-07-02 18:30,54853,1077.5,1074,0.344,0,65.9,DOWN,MIDDLE,false,54963,2022-06-19 10:15,BELOW,110,16.41,5.87,7.272,-1,BOUNCE,54964,4.097,BOUNCE,54964,5.261,OVERLAP,NONE,ABOVE,RISING,ABOVE
ETHUSDT,13,2022-07-02 18:45,2022-07-03 04:30,56245,1064.46,1063.07,0.13,0,27.38,UP,MIDDLE,false,56247,2022-07-02 19:15,ABOVE,2,0.66,1.17,0.863,1,BOUNCE,56249,0.912,BOUNCE,56249,0.99,OVERLAP,BOUNCE,ABOVE,RISING,ABOVE
ETHUSDT,14,2022-07-03 04:45,2022-07-22 19:15,56285,1066.55,1063.07,0.325,1,20.08,UP,MIDDLE,false,56287,2022-07-03 05:15,ABOVE,2,0.47,2.23,1.055,1,THROUGH,56288,0.662,THROUGH,56288,1.338,OVERLAP,NONE,ABOVE,RISING,BELOW
ETHUSDT,15,2022-07-22 19:30,2022-07-28 20:15,58168,1578.4,1573.72,0.305,0,20.9,DOWN,MIDDLE,false,58196,2022-07-23 02:30,BELOW,28,3.21,1.6,0.477,-1,BOUNCE,58197,0.723,BOUNCE,58197,1.806,OVERLAP,NONE,ABOVE,RISING,ABOVE
ETHUSDT,16,2022-07-28 20:30,2022-08-19 21:30,58748,1738.63,1733.4,0.299,0,27.89,UP,MIDDLE,false,58749,2022-07-28 20:45,ABOVE,1,0.54,1.6,1.808,1,BOUNCE,58750,1.911,BOUNCE,58750,1.911,OVERLAP,NONE,ABOVE,RISING,ABOVE
ETHUSDT,17,2022-08-19 21:45,2022-09-07 20:00,60865,1687.48,1683.81,0.223,0,35.78,DOWN,BOTTOM,false,61321,2022-08-24 15:45,BELOW,456,9.01,2.43,1.218,1,BOUNCE,61322,1.244,BOUNCE,61322,1.244,OVERLAP,NONE,ABOVE,RISING,ABOVE
ETHUSDT,19,2022-09-10 21:45,2022-10-02 18:45,62977,1739.4,1733.68,0.327,0,27.71,UP,TOP,false,63073,2022-09-11 21:45,ABOVE,96,2.49,3.93,2.212,1,THROUGH,63073,0.14,THROUGH,63073,1.476,OVERLAP,NONE,BELOW,FALLING,BELOW
ETHUSDT,20,2022-10-02 19:00,2022-10-08 21:15,65078,1295.88,1292.46,0.261,0,20.46,UP,MIDDLE,false,65086,2022-10-02 21:00,ABOVE,8,0.96,1.98,0.862,-1,BOUNCE,65087,0.708,BOUNCE,65087,0.708,OVERLAP,NONE,BELOW,RISING,BELOW
ETHUSDT,21,2022-10-08 21:30,2022-10-23 10:45,65664,1324.76,1323.59,0.089,0,27.34,DOWN,MIDDLE,false,65716,2022-10-09 10:30,BELOW,52,1.3,4.51,0.721,-1,THROUGH,65716,0.299,THROUGH,65716,0.299,OVERLAP,NONE,ABOVE,RISING,ABOVE
ETHUSDT,22,2022-10-23 11:00,2022-11-08 02:30,67062,1309,1308.16,0.064,0,43.14,DOWN,MIDDLE,false,67068,2022-10-23 12:30,BELOW,6,0.37,2.99,0.51,-1,BOUNCE,67069,0.378,BOUNCE,67069,0.378,OVERLAP,NONE,BELOW,FALLING,BELOW
ETHUSDT,23,2022-11-08 02:45,2022-11-20 08:15,68565,1574.11,1570.21,0.254,0,26.71,DOWN,TOP,false,68620,2022-11-08 16:30,BELOW,55,8.99,2.8,2.852,-1,BOUNCE,68621,14.852,BOUNCE,68621,23.882,OVERLAP,THROUGH,ABOVE,RISING,ABOVE
ETHUSDT,24,2022-11-20 08:30,2022-12-18 17:45,69740,1220,1218.06,0.161,0,38.02,DOWN,MIDDLE,false,70287,2022-11-26 01:15,BELOW,547,11.27,5.74,1.495,1,THROUGH,70287,0.391,THROUGH,70287,0.41,OVERLAP,NONE,ABOVE,RISING,ABOVE
ETHUSDT,25,2022-12-18 18:00,2022-12-22 20:00,72466,1177.95,1176,0.165,0,21.11,UP,MIDDLE,false,72469,2022-12-18 18:45,ABOVE,3,0.42,2.68,0.56,-1,BOUNCE,72470,0.754,BOUNCE,72470,1.47,OVERLAP,NONE,ABOVE,RISING,BELOW
ETHUSDT,27,2022-12-25 14:30,2022-12-28 02:45,73124,1217.89,1217.12,0.064,0,96.75,DOWN,BOTTOM,false,73126,2022-12-25 15:00,BELOW,2,0.49,3.36,0.502,-1,BOUNCE,73127,0.914,BOUNCE,73127,2.192,OVERLAP,NONE,BELOW,FALLING,ABOVE
ETHUSDT,28,2022-12-28 03:00,2023-01-16 07:45,73366,1207.87,1205.55,0.195,0,27.15,DOWN,BOTTOM,false,73412,2022-12-28 14:30,BELOW,46,1.31,15.67,1.761,-1,BOUNCE,73413,1.705,BOUNCE,73413,1.705,OVERLAP,BOUNCE,ABOVE,RISING,ABOVE
ETHUSDT,29,2023-01-16 08:00,2023-01-17 13:45,75210,1566.9,1562.71,0.272,0,27.13,DOWN,BOTTOM,false,75248,2023-01-16 17:30,BELOW,38,2.41,1.39,0.941,-1,BOUNCE,75249,0.365,BOUNCE,75249,0.365,OVERLAP,NONE,ABOVE,RISING,ABOVE
ETHUSDT,30,2023-01-17 14:00,2023-01-24 08:45,75330,1572.16,1569,0.199,0,22.75,UP,MIDDLE,false,75332,2023-01-17 14:30,ABOVE,2,1.1,5.15,1.572,1,BOUNCE,75333,1.041,BOUNCE,75333,1.745,OVERLAP,NONE,ABOVE,RISING,ABOVE
ETHUSDT,32,2023-01-24 21:45,2023-03-03 01:00,76033,1616.4,1614.37,0.127,0,32.07,DOWN,MIDDLE,false,76129,2023-01-25 21:45,BELOW,96,5.38,3.02,1.291,1,THROUGH,76129,1.535,THROUGH,76129,1.535,OVERLAP,NONE,ABOVE,RISING,ABOVE
ETHUSDT,34,2023-03-07 15:00,2023-03-12 17:00,80038,1564.34,1561.28,0.198,0,23.63,DOWN,MIDDLE,false,80039,2023-03-07 15:15,BELOW,1,1.26,6.48,2.12,-1,BOUNCE,80040,0.967,BOUNCE,80040,1.235,OVERLAP,NONE,BELOW,FALLING,BELOW
ETHUSDT,36,2023-03-14 05:00,2023-03-23 14:30,80670,1675,1670.1,0.29,0,23.29,UP,MIDDLE,false,80671,2023-03-14 05:15,ABOVE,1,0.84,3.99,1.56,1,THROUGH,80672,0.304,THROUGH,80672,0.901,OVERLAP,NONE,BELOW,RISING,BELOW
ETHUSDT,38,2023-03-24 11:45,2023-03-26 08:15,81657,1788.58,1784.62,0.227,0,23.42,DOWN,MIDDLE,false,81659,2023-03-24 12:15,BELOW,2,2.25,2.43,1.539,-1,BOUNCE,81660,2.267,BOUNCE,81660,3.341,OVERLAP,NONE,BELOW,FALLING,BELOW
ETHUSDT,39,2023-03-26 08:30,2023-03-27 05:30,81836,1752.55,1750.06,0.14,0,92.07,UP,MIDDLE,false,81861,2023-03-26 14:45,ABOVE,25,2.46,3.94,1.258,1,BOUNCE,81862,0.939,BOUNCE,81862,1.053,OVERLAP,NONE,BELOW,FALLING,BELOW
ETHUSDT,40,2023-03-27 05:45,2023-03-31 12:15,81921,1761.14,1759.03,0.121,0,22.17,DOWN,BOTTOM,false,81935,2023-03-27 09:15,BELOW,14,0.55,2.49,0.653,-1,THROUGH,81937,0.485,THROUGH,81937,0.485,OVERLAP,NONE,ABOVE,RISING,ABOVE
ETHUSDT,42,2023-04-02 15:00,2023-04-07 22:15,82534,1815.34,1812,0.186,0,20.87,DOWN,MIDDLE,false,82603,2023-04-03 08:15,BELOW,69,2.38,6.47,0.795,-1,BOUNCE,82604,0.31,BOUNCE,82604,1.115,OVERLAP,NONE,ABOVE,RISING,ABOVE
ETHUSDT,43,2023-04-07 22:30,2023-04-10 21:45,83044,1856.67,1853.76,0.156,0,37.35,UP,MIDDLE,false,83052,2023-04-08 00:30,ABOVE,8,0.56,1.66,0.424,-1,BOUNCE,83056,0.824,BOUNCE,83056,1.192,OVERLAP,NONE,BELOW,FALLING,BELOW
ETHUSDT,44,2023-04-10 22:00,2023-04-13 08:15,83330,1888.44,1886.12,0.122,0,24.65,UP,MIDDLE,false,83418,2023-04-11 20:00,ABOVE,88,2.31,1.9,0.498,-1,BOUNCE,83419,0.398,BOUNCE,83419,0.426,OVERLAP,NONE,BELOW,FALLING,BELOW
ETHUSDT,45,2023-04-13 08:30,2023-05-06 07:45,83564,1925.93,1918.77,0.368,0,20.41,UP,TOP,false,84199,2023-04-19 23:15,ABOVE,635,10.81,7.71,1.846,-1,BOUNCE,84200,1.446,BOUNCE,84200,1.711,OVERLAP,NONE,BELOW,FALLING,BELOW
ETHUSDT,47,2023-05-14 06:00,2023-06-17 05:15,86530,1803.4,1801.07,0.129,0,22.53,UP,TOP,false,86537,2023-05-14 07:45,ABOVE,7,0.24,0.51,0.088,-1,HELD,,0.136,THROUGH,86548,0.257,OVERLAP,NONE,ABOVE,RISING,ABOVE
ETHUSDT,48,2023-06-17 05:30,2023-06-18 19:45,89792,1726.53,1725.16,0.078,0,20.2,UP,TOP,false,89831,2023-06-17 15:15,ABOVE,39,1.88,7.09,1.14,1,BOUNCE,89832,0.436,BOUNCE,89832,0.436,OVERLAP,NONE,BELOW,FALLING,BELOW
ETHUSDT,49,2023-06-18 20:00,2023-06-30 13:15,89946,1740.76,1738.72,0.118,0,24.68,DOWN,MIDDLE,false,90034,2023-06-19 18:00,BELOW,88,1.47,3.78,1.044,-1,THROUGH,90034,0.704,THROUGH,90034,0.704,OVERLAP,NONE,ABOVE,RISING,ABOVE
ETHUSDT,50,2023-06-30 13:30,2023-07-08 19:00,91072,1907.19,1901.7,0.295,0,26.12,DOWN,MIDDLE,false,91085,2023-06-30 16:45,BELOW,13,3.01,1.77,1.325,-1,THROUGH,91086,2.11,THROUGH,91086,2.11,OVERLAP,NONE,ABOVE,RISING,ABOVE
ETHUSDT,51,2023-07-08 19:15,2023-07-12 06:00,91863,1858.8,1857.24,0.084,0,28.37,DOWN,BOTTOM,false,91874,2023-07-08 22:00,BELOW,11,0.66,1.11,0.232,-1,BOUNCE,91875,0.113,BOUNCE,91875,0.113,OVERLAP,NONE,ABOVE,RISING,BELOW
ETHUSDT,52,2023-07-12 06:15,2023-07-13 15:00,92195,1883.31,1881.4,0.101,0,20.87,UP,MIDDLE,false,92221,2023-07-12 12:45,ABOVE,26,0.54,4.35,0.592,1,BOUNCE,92222,0.956,BOUNCE,92222,0.956,OVERLAP,NONE,BELOW,RISING,BELOW
ETHUSDT,54,2023-07-16 02:15,2023-07-22 23:00,92563,1933.98,1932.4,0.082,0,32.47,DOWN,MIDDLE,false,92564,2023-07-16 02:30,BELOW,1,0.61,3.66,0.673,-1,BOUNCE,92565,0.59,BOUNCE,92565,0.676,OVERLAP,NONE,ABOVE,FALLING,ABOVE
ETHUSDT,55,2023-07-22 23:15,2023-07-24 09:30,93223,1883.51,1881.67,0.099,0,65.29,DOWN,BOTTOM,false,93292,2023-07-23 16:30,BELOW,69,1.41,6.63,0.436,-1,THROUGH,93294,1.119,THROUGH,93294,1.119,OVERLAP,NONE,ABOVE,RISING,ABOVE
ETHUSDT,56,2023-07-24 09:45,2023-07-30 19:30,93361,1870.17,1867.08,0.168,0,34.61,DOWN,BOTTOM,false,93472,2023-07-25 13:30,BELOW,111,1.62,7.05,0.695,1,BOUNCE,93473,0.798,BOUNCE,93473,0.827,OVERLAP,NONE,ABOVE,RISING,ABOVE
ETHUSDT,57,2023-07-30 19:45,2023-08-01 01:45,93977,1878.05,1875.61,0.131,0,20.95,DOWN,MIDDLE,false,93997,2023-07-31 00:45,BELOW,20,1.21,2.28,0.5,-1,BOUNCE,93998,0.458,BOUNCE,93998,0.744,OVERLAP,NONE,ABOVE,RISING,ABOVE
ETHUSDT,58,2023-08-01 02:00,2023-08-15 11:15,94098,1856.57,1850.51,0.333,0,25.08,DOWN,BOTTOM,false,94165,2023-08-01 18:45,BELOW,67,1.55,2.31,0.416,-1,BOUNCE,94167,0.174,BOUNCE,94167,0.232,OVERLAP,NONE,ABOVE,RISING,ABOVE
ETHUSDT,59,2023-08-15 11:30,2023-08-15 18:45,95480,1842.4,1841.95,0.024,0,47.98,DOWN,MIDDLE,false,95484,2023-08-15 12:30,BELOW,4,0.13,1.36,0.101,-1,BOUNCE,95485,0.267,BOUNCE,95485,0.287,OVERLAP,NONE,ABOVE,FALLING,BELOW
ETHUSDT,61,2023-08-23 06:45,2023-08-26 08:15,96229,1639.26,1636.49,0.168,0,28.28,UP,MIDDLE,false,96246,2023-08-23 11:00,ABOVE,17,0.62,1.47,0.251,-1,BOUNCE,96247,0.351,BOUNCE,96247,3.3,OVERLAP,NONE,BELOW,RISING,ABOVE
ETHUSDT,62,2023-08-26 08:30,2023-09-15 20:45,96524,1652.87,1651.63,0.075,0,38.19,DOWN,MIDDLE,false,96549,2023-08-26 14:45,BELOW,25,0.31,1.52,0.107,-1,BOUNCE,96550,0.332,BOUNCE,96550,0.522,OVERLAP,NONE,ABOVE,RISING,ABOVE
ETHUSDT,64,2023-09-16 19:00,2023-09-18 17:00,98582,1636.49,1634.61,0.115,0,21.97,DOWN,MIDDLE,false,98588,2023-09-16 20:30,BELOW,6,0.19,0.73,0.103,1,BOUNCE,98589,0.065,BOUNCE,98589,1.016,OVERLAP,NONE,ABOVE,FALLING,BELOW
ETHUSDT,65,2023-09-18 17:15,2023-09-29 07:15,98767,1656.68,1652.39,0.261,0,20.12,DOWN,BOTTOM,false,98831,2023-09-19 09:15,BELOW,64,1.43,4.24,0.508,-1,BOUNCE,98834,0.73,BOUNCE,98834,1.157,OVERLAP,NONE,ABOVE,RISING,ABOVE
ETHUSDT,66,2023-09-29 07:30,2023-10-01 19:45,99784,1663.2,1658.88,0.257,0,23.9,UP,TOP,false,99810,2023-09-29 14:00,ABOVE,26,1.35,6,0.849,1,BOUNCE,99812,1.25,BOUNCE,99812,1.25,OVERLAP,NONE,BELOW,FALLING,BELOW
ETHUSDT,67,2023-10-01 20:00,2023-10-13 20:30,100026,1676.11,1674.5,0.096,0,21.53,IN,MIDDLE,false,100030,2023-10-01 21:00,BELOW,4,0.17,0.48,0.168,-1,THROUGH,100032,6.204,THROUGH,100032,6.204,OVERLAP,NONE,BELOW,FALLING,BELOW
ETHUSDT,68,2023-10-13 20:45,2023-10-16 05:00,101181,1545.07,1542.74,0.149,0,38.48,UP,MIDDLE,false,101189,2023-10-13 22:45,ABOVE,8,1.07,1.28,0.498,1,BOUNCE,101190,0.568,BOUNCE,101190,0.704,OVERLAP,NONE,BELOW,RISING,BELOW
ETHUSDT,69,2023-10-16 05:15,2023-10-28 02:30,101407,1563.86,1561.5,0.149,0,70.24,UP,MIDDLE,false,101537,2023-10-17 13:45,ABOVE,130,3.95,3.38,0.692,-1,BOUNCE,101538,0.936,BOUNCE,101538,1.013,OVERLAP,NONE,BELOW,FALLING,BELOW
ETHUSDT,70,2023-10-28 02:45,2023-11-16 10:45,102549,1784.37,1782.4,0.11,0,26.91,UP,TOP,false,102587,2023-10-28 12:15,ABOVE,38,0.66,2.59,0.275,1,BOUNCE,102588,0.428,BOUNCE,102588,0.463,OVERLAP,NONE,BELOW,FALLING,BELOW
ETHUSDT,71,2023-11-16 11:00,2023-11-19 22:45,104406,2044.45,2039.38,0.245,0,34.08,UP,BOTTOM,false,104411,2023-11-16 12:15,ABOVE,5,1.66,2.2,0.966,1,BOUNCE,104412,0.687,BOUNCE,104412,0.687,OVERLAP,NONE,BELOW,RISING,BELOW
ETHUSDT,72,2023-11-19 23:00,2023-11-26 06:30,104742,1981.46,1976.87,0.229,0,24.96,UP,MIDDLE,false,104902,2023-11-21 15:00,ABOVE,160,3.87,11.61,1.997,-1,THROUGH,104902,1.144,THROUGH,104902,1.144,OVERLAP,NONE,BELOW,FALLING,BELOW
ETHUSDT,73,2023-11-26 06:45,2024-01-09 12:30,105349,2080.31,2077.3,0.144,0,31.69,UP,MIDDLE,false,105371,2023-11-26 12:15,ABOVE,22,0.63,5.18,0.571,1,BOUNCE,105373,0.503,BOUNCE,105373,0.503,OVERLAP,NONE,BELOW,FALLING,BELOW
ETHUSDT,74,2024-01-09 12:45,2024-04-08 07:15,109597,2299.5,2292.5,0.309,0,21.47,DOWN,MIDDLE,false,109630,2024-01-09 21:00,BELOW,33,1.96,6.92,2.193,-1,BOUNCE,109631,2.148,BOUNCE,109631,2.148,OVERLAP,NONE,ABOVE,RISING,ABOVE
ETHUSDT,75,2024-04-08 07:30,2024-04-13 19:30,118216,3441.58,3433.15,0.243,0,21.48,UP,TOP,false,118428,2024-04-10 12:30,ABOVE,212,8.21,14.63,3.103,-1,BOUNCE,118429,1.84,BOUNCE,118429,3.168,OVERLAP,NONE,BELOW,FALLING,BELOW
ETHUSDT,76,2024-04-13 19:45,2024-04-20 15:15,118745,3221.64,3192.1,0.958,0,21.21,DOWN,BOTTOM,false,118882,2024-04-15 06:00,BELOW,137,10.27,3.66,1.22,1,THROUGH,118883,1.352,THROUGH,118883,1.757,OVERLAP,NONE,ABOVE,RISING,ABOVE
ETHUSDT,78,2024-04-25 10:00,2024-05-14 05:45,119858,3136.65,3128.42,0.265,0,21.45,DOWN,BOTTOM,false,119866,2024-04-25 12:00,BELOW,8,1.54,1.91,1.169,-1,BOUNCE,119867,1.546,BOUNCE,119867,1.546,OVERLAP,NONE,ABOVE,FALLING,BELOW
ETHUSDT,79,2024-05-14 06:00,2024-05-20 19:00,121666,2946.2,2940.78,0.187,0,33.2,DOWN,MIDDLE,false,121788,2024-05-15 12:30,BELOW,122,2.47,13.03,2,1,THROUGH,121791,1.383,THROUGH,121791,2.217,OVERLAP,THROUGH,ABOVE,RISING,ABOVE
ETHUSDT,81,2024-05-27 19:45,2024-05-28 18:15,122969,3923.66,3913.1,0.273,0,21.89,DOWN,BOTTOM,false,122992,2024-05-28 01:30,BELOW,23,0.98,2.45,0.768,-1,BOUNCE,122993,2.124,BOUNCE,122993,2.303,OVERLAP,NONE,BELOW,FALLING,ABOVE
ETHUSDT,82,2024-05-28 18:30,2024-06-09 21:30,123060,3844.14,3836.1,0.212,0,30.49,DOWN,BOTTOM,false,123064,2024-05-28 19:30,BELOW,4,1.36,1.05,0.519,-1,THROUGH,123066,0.52,THROUGH,123066,0.804,OVERLAP,NONE,BELOW,FALLING,BELOW
ETHUSDT,83,2024-06-09 21:45,2024-06-11 01:30,124225,3703.59,3697.3,0.169,0,20.25,UP,BOTTOM,false,124234,2024-06-10 00:00,ABOVE,9,0.35,1.49,0.191,1,THROUGH,124237,0.288,THROUGH,124237,0.709,OVERLAP,BOUNCE,BELOW,FALLING,BELOW
ETHUSDT,85,2024-06-14 21:15,2024-07-03 09:45,124703,3417.15,3409.9,0.208,0,22.05,UP,TOP,false,125008,2024-06-18 01:30,ABOVE,305,6.67,7.87,3.236,-1,THROUGH,125008,1.438,THROUGH,125008,1.438,OVERLAP,NONE,BELOW,FALLING,BELOW
ETHUSDT,86,2024-07-03 10:00,2024-08-08 21:15,126482,3346.65,3339.39,0.219,0,21.73,DOWN,BOTTOM,false,127606,2024-07-15 03:00,BELOW,1124,15.12,1.06,0.677,1,BOUNCE,127607,0.71,BOUNCE,127607,0.71,OVERLAP,NONE,ABOVE,RISING,ABOVE
ETHUSDT,87,2024-08-08 21:30,2024-08-13 02:45,129984,2582.62,2575.02,0.291,0,25.9,UP,MIDDLE,false,130048,2024-08-09 13:30,ABOVE,64,4.79,4.26,1.643,1,BOUNCE,130049,3.123,BOUNCE,130049,3.123,OVERLAP,NONE,BELOW,FALLING,BELOW
ETHUSDT,88,2024-08-13 03:00,2024-08-21 13:15,130390,2714.44,2706.53,0.297,0,23.17,DOWN,MIDDLE,false,130445,2024-08-13 16:45,BELOW,55,3.03,2.26,0.844,-1,THROUGH,130448,0.54,THROUGH,130448,0.698,OVERLAP,NONE,ABOVE,RISING,ABOVE
ETHUSDT,89,2024-08-21 13:30,2024-08-27 20:45,131200,2580.71,2575.24,0.215,0,30.36,DOWN,MIDDLE,false,131201,2024-08-21 13:45,BELOW,1,1.03,5.73,2.135,-1,THROUGH,131201,1.405,THROUGH,131201,2.665,OVERLAP,NONE,ABOVE,FALLING,ABOVE
ETHUSDT,90,2024-08-27 21:00,2024-09-06 07:00,131806,2585.39,2575.24,0.397,1,25.11,DOWN,TOP,false,131964,2024-08-29 12:30,BELOW,158,6.17,4.68,0.886,1,BOUNCE,131965,0.773,BOUNCE,131965,2.578,OVERLAP,NONE,ABOVE,RISING,ABOVE
ETHUSDT,91,2024-09-06 07:15,2024-09-14 17:45,132711,2379,2365.14,0.593,0,32.92,DOWN,BOTTOM,false,132723,2024-09-06 10:15,BELOW,12,1.25,1.51,0.665,-1,HELD,,0.035,THROUGH,132732,1.283,OVERLAP,NONE,ABOVE,RISING,ABOVE
ETHUSDT,92,2024-09-14 18:00,2024-10-06 08:00,133522,2413.5,2412,0.063,0,90.53,DOWN,BOTTOM,false,133531,2024-09-14 20:15,BELOW,9,0.61,1.65,0.659,-1,BOUNCE,133532,0.117,BOUNCE,133532,0.117,OVERLAP,NONE,ABOVE,FALLING,BELOW
ETHUSDT,93,2024-10-06 08:15,2024-10-20 06:30,135595,2417.47,2414.36,0.128,0,21.59,UP,MIDDLE,false,135649,2024-10-06 21:45,ABOVE,54,1.42,4.43,0.601,1,BOUNCE,135650,1.169,BOUNCE,135650,3.931,OVERLAP,NONE,BELOW,FALLING,BELOW
ETHUSDT,94,2024-10-20 06:45,2024-11-05 19:30,136933,2643.37,2641.14,0.084,0,21.17,UP,MIDDLE,false,136941,2024-10-20 08:45,ABOVE,8,0.25,0.79,0.151,1,BOUNCE,136942,0.262,BOUNCE,136942,2.899,OVERLAP,NONE,ABOVE,RISING,ABOVE
ETHUSDT,95,2024-11-05 19:45,2025-01-05 07:45,138521,2446.67,2441.15,0.229,0,24.63,DOWN,MIDDLE,false,138539,2024-11-06 00:15,BELOW,18,1.39,2.18,1.302,1,THROUGH,138539,3.967,THROUGH,138539,7.81,OVERLAP,THROUGH,ABOVE,RISING,ABOVE
ETHUSDT,96,2025-01-05 08:00,2025-01-07 11:15,144330,3633.62,3628.98,0.128,0,41.41,DOWN,BOTTOM,false,144358,2025-01-05 15:00,BELOW,28,0.69,2.24,0.505,-1,BOUNCE,144359,0.303,BOUNCE,144359,0.489,OVERLAP,NONE,ABOVE,RISING,ABOVE
ETHUSDT,98,2025-01-09 02:00,2025-01-10 13:15,144690,3351.92,3343.63,0.249,0,24.61,DOWN,TOP,false,144693,2025-01-09 02:45,BELOW,3,0.44,0.54,0.286,-1,BOUNCE,144694,0.976,BOUNCE,144694,2.359,OVERLAP,NONE,ABOVE,RISING,ABOVE
ETHUSDT,99,2025-01-10 13:30,2025-02-02 22:15,144832,3308.7,3298.97,0.3,0,42.58,DOWN,MIDDLE,false,144849,2025-01-10 17:45,BELOW,17,3.11,1.26,1.382,-1,THROUGH,144849,0.142,THROUGH,144849,0.142,OVERLAP,NONE,ABOVE,RISING,ABOVE
ETHUSDT,100,2025-02-02 22:30,2025-02-12 22:00,147076,2934.81,2897.55,1.311,0,21.86,DOWN,BOTTOM,false,147171,2025-02-03 22:15,BELOW,95,15.39,2.25,3.14,1,BOUNCE,147172,1.635,BOUNCE,147172,3.676,OVERLAP,NONE,ABOVE,RISING,ABOVE
ETHUSDT,101,2025-02-12 22:15,2025-02-21 09:00,148035,2684.97,2677.11,0.284,0,83.32,UP,MIDDLE,false,148069,2025-02-13 06:45,ABOVE,34,3.15,2.23,0.708,1,THROUGH,148074,0.823,THROUGH,148074,2.328,OVERLAP,NONE,BELOW,FALLING,BELOW
ETHUSDT,102,2025-02-21 09:15,2025-02-24 21:45,148847,2758.98,2748.6,0.372,0,39.87,UP,MIDDLE,false,148871,2025-02-21 15:15,ABOVE,24,2.83,5.35,2.647,1,THROUGH,148872,3.537,THROUGH,148872,4.851,OVERLAP,NONE,BELOW,RISING,BELOW
ETHUSDT,104,2025-03-19 10:30,2025-03-28 04:15,151348,1946.3,1942.7,0.183,0,53.76,UP,TOP,false,151548,2025-03-21 12:30,ABOVE,200,6,6.21,1.999,-1,BOUNCE,151550,0.467,BOUNCE,151550,1.526,OVERLAP,NONE,BELOW,FALLING,BELOW
ETHUSDT,106,2025-03-28 11:15,2025-04-05 20:15,152215,1909.75,1904.6,0.271,0,21.41,DOWN,BOTTOM,false,152220,2025-03-28 12:30,BELOW,5,0.61,2.16,1.493,-1,BOUNCE,152221,1.541,BOUNCE,152221,2.286,OVERLAP,NONE,BELOW,FALLING,BELOW
ETHUSDT,107,2025-04-05 20:30,2025-04-13 11:00,153020,1788.78,1785.08,0.207,0,49.23,UP,MIDDLE,false,153021,2025-04-05 20:45,ABOVE,1,0.15,1.47,0.641,-1,BOUNCE,153022,0.683,BOUNCE,153022,1.543,OVERLAP,NONE,ABOVE,RISING,BELOW
ETHUSDT,108,2025-04-13 11:15,2025-04-21 05:30,153751,1617.9,1613.5,0.275,0,22.96,DOWN,MIDDLE,false,153775,2025-04-13 17:15,BELOW,24,2.48,3.86,2.471,-1,THROUGH,153776,1.911,THROUGH,153776,1.911,OVERLAP,NONE,ABOVE,RISING,ABOVE
ETHUSDT,109,2025-04-21 05:45,2025-04-22 00:15,154497,1640.5,1636.77,0.226,0,22.18,UP,TOP,false,154512,2025-04-21 09:30,ABOVE,15,0.6,1.21,0.339,1,BOUNCE,154513,0.184,BOUNCE,154513,0.184,OVERLAP,NONE,BELOW,RISING,ABOVE
ETHUSDT,110,2025-04-22 00:30,2025-04-22 21:00,154572,1576.65,1573,0.234,0,35.46,DOWN,MIDDLE,false,154575,2025-04-22 01:15,BELOW,3,0.81,3.97,1.217,-1,THROUGH,154575,1.054,THROUGH,154575,1.054,OVERLAP,NONE,ABOVE,FALLING,ABOVE
ETHUSDT,112,2025-05-12 07:00,2025-06-07 22:15,156518,2521.05,2507.22,0.538,0,20.47,UP,MIDDLE,false,156537,2025-05-12 11:45,ABOVE,19,3.04,1.11,1.107,1,BOUNCE,156538,2.164,BOUNCE,156538,2.164,OVERLAP,NONE,BELOW,FALLING,BELOW
ETHUSDT,113,2025-06-07 22:30,2025-06-16 22:15,159076,2522.79,2507.22,0.614,1,37.69,UP,MIDDLE,false,159080,2025-06-07 23:30,ABOVE,4,0.46,1.26,0.293,1,BOUNCE,159081,0.103,BOUNCE,159081,0.103,OVERLAP,NONE,ABOVE,RISING,ABOVE
ETHUSDT,115,2025-06-28 15:45,2025-07-01 18:30,161065,2426.49,2423.93,0.105,0,29.85,UP,TOP,false,161083,2025-06-28 20:15,ABOVE,18,0.69,1.01,0.228,1,BOUNCE,161084,0.576,BOUNCE,161084,0.626,OVERLAP,NONE,BELOW,FALLING,ABOVE
ETHUSDT,116,2025-07-01 18:45,2025-07-09 17:45,161365,2423.44,2419.87,0.148,0,22.12,DOWN,MIDDLE,false,161367,2025-07-01 19:15,BELOW,2,0.44,0.46,0.267,-1,BOUNCE,161368,1.106,BOUNCE,161368,2.163,OVERLAP,NONE,BELOW,FALLING,BELOW
ETHUSDT,119,2025-07-13 21:30,2025-08-16 09:30,162528,2985.17,2980.69,0.151,0,22.31,DOWN,MIDDLE,false,162539,2025-07-14 00:15,BELOW,11,0.87,0.94,0.523,1,BOUNCE,162541,0.646,BOUNCE,162541,0.646,OVERLAP,NONE,ABOVE,RISING,ABOVE
ETHUSDT,120,2025-08-16 09:45,2025-08-17 18:30,165745,4456.87,4447.7,0.209,0,29.19,DOWN,TOP,false,165816,2025-08-17 03:30,BELOW,71,1.39,2.35,0.645,-1,THROUGH,165819,0.718,THROUGH,165819,2.266,OVERLAP,NONE,ABOVE,RISING,ABOVE
ETHUSDT,121,2025-08-17 18:45,2025-08-26 12:15,165877,4517.06,4505.49,0.259,0,26.65,DOWN,BOTTOM,false,165891,2025-08-17 22:15,BELOW,14,1.11,1.85,0.805,-1,THROUGH,165892,0.335,THROUGH,165892,0.335,OVERLAP,NONE,ABOVE,RISING,ABOVE
ETHUSDT,122,2025-08-26 12:30,2025-09-16 13:15,166716,4421,4407.28,0.304,0,38.18,UP,BOTTOM,false,166982,2025-08-29 07:00,ABOVE,266,5.3,8.08,1.528,-1,THROUGH,166982,2.06,THROUGH,166982,2.06,OVERLAP,NONE,BELOW,FALLING,BELOW
ETHUSDT,123,2025-09-16 13:30,2025-09-21 02:00,168736,4509.13,4495,0.317,0,20.87,DOWN,BOTTOM,false,168751,2025-09-16 17:15,BELOW,15,1.41,1.09,0.433,-1,BOUNCE,168752,0.693,BOUNCE,168752,0.693,OVERLAP,NONE,ABOVE,RISING,ABOVE
ETHUSDT,124,2025-09-21 02:15,2025-09-28 21:45,169171,4485,4477.83,0.16,0,31.63,DOWN,MIDDLE,false,169173,2025-09-21 02:45,BELOW,2,0.1,0.52,0.101,1,BOUNCE,169174,0.301,BOUNCE,169174,0.331,OVERLAP,NONE,BELOW,FALLING,ABOVE
ETHUSDT,126,2025-10-05 02:30,2025-10-10 20:30,170516,4490.71,4477.71,0.288,0,26.08,UP,TOP,false,170573,2025-10-05 16:45,ABOVE,57,2.54,9.26,0.918,1,BOUNCE,170574,1.019,BOUNCE,170574,1.019,OVERLAP,NONE,BELOW,FALLING,BELOW
ETHUSDT,127,2025-10-10 20:45,2025-10-26 01:30,171069,4022.18,4005.06,0.443,0,33.79,DOWN,MIDDLE,false,171237,2025-10-12 14:45,BELOW,168,9.68,8.85,4.821,1,THROUGH,171238,3.838,THROUGH,171238,4.44,OVERLAP,NONE,ABOVE,RISING,ABOVE
ETHUSDT,128,2025-10-26 01:45,2025-10-28 02:30,172529,3952.34,3946.79,0.141,0,46.81,DOWN,MIDDLE,false,172552,2025-10-26 07:30,BELOW,23,0.57,2.07,0.244,1,THROUGH,172554,1.486,THROUGH,172554,3.691,OVERLAP,NONE,ABOVE,RISING,ABOVE
ETHUSDT,129,2025-10-28 02:45,2025-11-14 04:15,172725,4119.99,4110.99,0.22,0,23.54,DOWN,MIDDLE,false,172741,2025-10-28 06:45,BELOW,16,1.07,1.73,0.403,-1,THROUGH,172744,0.352,THROUGH,172744,0.84,OVERLAP,NONE,ABOVE,RISING,ABOVE
ETHUSDT,130,2025-11-14 04:30,2025-11-29 06:00,174364,3221.13,3206.35,0.469,0,34.67,DOWN,MIDDLE,false,174373,2025-11-14 06:45,BELOW,9,1.74,3.16,2.856,-1,BOUNCE,174378,1.83,BOUNCE,174378,4.315,OVERLAP,NONE,ABOVE,FALLING,ABOVE
ETHUSDT,131,2025-11-29 06:15,2025-12-06 14:00,175811,3037.45,3030.78,0.221,0,20.5,DOWN,MIDDLE,false,175933,2025-11-30 12:45,BELOW,122,2.05,3.82,0.375,-1,BOUNCE,175934,0.32,BOUNCE,175934,0.32,OVERLAP,NONE,ABOVE,RISING,ABOVE
ETHUSDT,132,2025-12-06 14:15,2025-12-13 21:15,176515,3037.48,3030.78,0.22,1,40.78,UP,MIDDLE,false,176519,2025-12-06 15:15,ABOVE,4,0.53,3.43,0.7,-1,BOUNCE,176520,0.925,BOUNCE,176520,0.925,OVERLAP,NONE,BELOW,RISING,BELOW
ETHUSDT,133,2025-12-13 21:30,2025-12-24 14:15,177216,3102.9,3098.75,0.134,0,22.61,UP,MIDDLE,false,177217,2025-12-13 21:45,ABOVE,1,0.07,1.27,0.464,1,BOUNCE,177218,0.519,BOUNCE,177218,0.83,OVERLAP,NONE,ABOVE,RISING,ABOVE
ETHUSDT,134,2025-12-24 14:30,2025-12-30 07:45,178244,2934.29,2925.5,0.302,0,37.78,DOWN,TOP,false,178245,2025-12-24 14:45,BELOW,1,0.57,3.21,0.94,-1,BOUNCE,178246,0.827,BOUNCE,178246,0.827,OVERLAP,NONE,BELOW,FALLING,BELOW
ETHUSDT,135,2025-12-30 08:00,2026-01-13 21:45,178794,2951.27,2949,0.076,0,22.12,UP,TOP,false,178838,2025-12-30 19:00,ABOVE,44,1.49,2.32,0.99,1,BOUNCE,178839,0.77,BOUNCE,178839,1.092,OVERLAP,NONE,BELOW,FALLING,BELOW
ETHUSDT,138,2026-01-19 22:00,2026-01-21 11:30,180770,3215.5,3210,0.172,0,20.15,DOWN,BOTTOM,false,180771,2026-01-19 22:15,BELOW,1,0.39,2.24,0.404,-1,BOUNCE,180772,1.402,BOUNCE,180772,1.402,OVERLAP,NONE,BELOW,FALLING,BELOW
ETHUSDT,139,2026-01-21 11:45,2026-01-25 08:15,180921,2968.5,2960.77,0.263,0,21.95,DOWN,MIDDLE,false,180930,2026-01-21 14:00,BELOW,9,1.72,3.77,1.891,-1,THROUGH,180930,1.944,THROUGH,180930,3.406,OVERLAP,BOUNCE,ABOVE,FALLING,ABOVE
ETHUSDT,140,2026-01-25 08:30,2026-02-04 10:45,181292,2943.97,2940.67,0.113,0,21.55,DOWN,MIDDLE,false,181299,2026-01-25 10:15,BELOW,7,0.43,1.46,0.338,-1,THROUGH,181299,0.103,THROUGH,181299,0.103,OVERLAP,NONE,ABOVE,RISING,ABOVE
ETHUSDT,141,2026-02-04 11:00,2026-02-07 15:45,182262,2263.77,2257.65,0.274,0,32.49,DOWN,BOTTOM,false,182264,2026-02-04 11:30,BELOW,2,1.1,2.24,1.349,-1,BOUNCE,182265,2.744,BOUNCE,182265,7.357,OVERLAP,NONE,BELOW,FALLING,BELOW
ETHUSDT,142,2026-02-07 16:00,2026-02-25 00:45,182570,2053.51,2041.42,0.588,0,40.68,UP,MIDDLE,false,182571,2026-02-07 16:15,ABOVE,1,0.12,9.39,1.608,-1,BOUNCE,182572,2.6,BOUNCE,182572,3.082,OVERLAP,NONE,ABOVE,RISING,ABOVE
ETHUSDT,144,2026-02-25 21:30,2026-02-28 13:30,184320,2076.28,2066.4,0.468,0,37.1,UP,TOP,false,184325,2026-02-25 22:45,ABOVE,5,1.65,0.9,1.004,1,BOUNCE,184326,0.483,BOUNCE,184326,0.483,OVERLAP,NONE,ABOVE,RISING,ABOVE
ETHUSDT,146,2026-03-08 22:00,2026-03-21 23:30,185378,1955.72,1950.23,0.285,0,35.57,DOWN,MIDDLE,false,185382,2026-03-08 23:00,BELOW,4,1.15,0.94,0.621,-1,BOUNCE,185383,1.13,BOUNCE,185383,1.13,OVERLAP,NONE,ABOVE,FALLING,ABOVE
ETHUSDT,151,2026-03-27 10:30,2026-04-04 18:45,187156,2043.72,2038.18,0.276,0,23.04,DOWN,BOTTOM,false,187264,2026-03-28 13:30,BELOW,108,3.21,15.77,2.355,1,BOUNCE,187265,1.127,BOUNCE,187265,1.158,OVERLAP,BOUNCE,ABOVE,RISING,ABOVE
ETHUSDT,152,2026-04-04 19:00,2026-04-12 01:15,187958,2055.42,2053.75,0.08,0,22.96,UP,MIDDLE,false,187986,2026-04-05 02:00,ABOVE,28,1.08,2.16,0.182,1,THROUGH,187986,0.036,THROUGH,187986,1.335,OVERLAP,NONE,BELOW,FALLING,BELOW
ETHUSDT,154,2026-04-12 10:45,2026-05-02 12:45,188693,2213.6,2211,0.118,0,30.02,DOWN,BOTTOM,false,188732,2026-04-12 20:30,BELOW,39,1.41,2.8,0.965,-1,BOUNCE,188734,1.282,BOUNCE,188734,1.282,OVERLAP,NONE,ABOVE,RISING,BELOW
ETHUSDT,155,2026-05-02 13:00,2026-05-02 21:15,190622,2303.43,2301.76,0.072,0,27.38,UP,MIDDLE,false,190642,2026-05-02 18:00,ABOVE,20,0.3,1.41,0.111,1,BOUNCE,190643,0.356,BOUNCE,190643,1.674,OVERLAP,NONE,BELOW,FALLING,ABOVE
ETHUSDT,156,2026-05-02 21:30,2026-05-04 09:45,190656,2312.41,2309.53,0.124,0,66.85,UP,TOP,false,190666,2026-05-03 00:00,ABOVE,10,0.65,1.45,0.24,1,BOUNCE,190667,0.161,BOUNCE,190667,0.161,OVERLAP,BOUNCE,BELOW,FALLING,BELOW
ETHUSDT,157,2026-05-04 10:00,2026-05-20 04:45,190802,2369.82,2364.7,0.22,0,25.91,DOWN,MIDDLE,false,190821,2026-05-04 14:45,BELOW,19,1.76,2.98,1.282,-1,THROUGH,190821,0.137,THROUGH,190821,0.382,OVERLAP,NONE,ABOVE,RISING,ABOVE
ETHUSDT,158,2026-05-20 05:00,2026-05-23 07:30,192318,2112.39,2109.68,0.128,0,22.69,UP,MIDDLE,false,192435,2026-05-21 10:15,ABOVE,117,1.67,5.77,0.914,1,BOUNCE,192436,0.306,BOUNCE,192436,1.186,OVERLAP,NONE,BELOW,FALLING,BELOW
ETHUSDT,159,2026-05-23 07:45,2026-05-27 21:15,192617,2059.27,2052.53,0.332,0,26.83,DOWN,BOTTOM,false,192644,2026-05-23 14:30,BELOW,27,1.44,2.9,0.399,-1,THROUGH,192645,0.418,THROUGH,192645,4.274,OVERLAP,NONE,ABOVE,RISING,ABOVE
ETHUSDT,161,2026-06-08 21:00,2026-06-14 21:00,194206,1688.66,1684.73,0.23,0,24.07,UP,MIDDLE,false,194211,2026-06-08 22:15,ABOVE,5,1.45,1.25,0.531,1,BOUNCE,194212,1.514,BOUNCE,194212,1.514,OVERLAP,NONE,ABOVE,RISING,ABOVE
ETHUSDT,162,2026-06-14 21:15,2026-06-26 01:45,194783,1671.86,1669.08,0.163,0,42.09,UP,TOP,false,195151,2026-06-18 17:15,ABOVE,368,10.33,1.58,0.896,-1,BOUNCE,195152,1.87,BOUNCE,195152,2.678,OVERLAP,BOUNCE,BELOW,FALLING,BELOW
ETHUSDT,163,2026-06-26 02:00,2026-07-06 20:45,195858,1561.71,1556.88,0.317,0,24.67,DOWN,BOTTOM,false,195865,2026-06-26 03:45,BELOW,7,2.27,3.1,1.559,-1,BOUNCE,195866,0.938,BOUNCE,195866,0.938,OVERLAP,NONE,ABOVE,FALLING,ABOVE
ETHUSDT,164,2026-07-06 21:00,2026-07-30 23:15,196894,1795.7,1791.02,0.257,0,60.2,UP,MIDDLE,false,196907,2026-07-07 00:15,ABOVE,13,1.29,1.23,0.881,1,BOUNCE,196908,0.633,BOUNCE,196908,0.633,OVERLAP,NONE,ABOVE,FALLING,ABOVE
ETHUSDT,165,2026-07-30 23:30,2026-08-02 01:45,199208,1928.2,1925.54,0.138,0,24.09,DOWN,MIDDLE,false,199209,2026-07-30 23:45,BELOW,1,0.1,3.03,0.48,1,BOUNCE,199210,1.045,BOUNCE,199210,1.422,OVERLAP,NONE,BELOW,FALLING,ABOVE
ETHUSDT,166,2026-08-02 02:00,2026-08-08 05:15,199410,1857.29,1855.58,0.091,0,21.37,UP,TOP,true,199448,2026-08-02 11:30,ABOVE,38,1.24,5.77,0.645,1,THROUGH,199448,0.398,THROUGH,199448,0.398,OVERLAP,NONE,BELOW,FALLING,BELOW
SOLUSDT,0,2021-01-12 16:00,2021-02-28 19:30,4778,3.3332,3.2989,0.987,0,22.82,UP,MIDDLE,false,4830,2021-01-13 05:00,ABOVE,52,15.61,0.94,1.501,1,THROUGH,4831,0.69,THROUGH,4831,1.551,OVERLAP,NONE,BELOW,FALLING,BELOW
SOLUSDT,1,2021-02-28 19:45,2021-03-06 03:15,9305,12.3927,12.2145,1.342,0,23.91,UP,TOP,false,9714,2021-03-05 02:00,ABOVE,409,24.93,1.08,0.923,-1,BOUNCE,9715,1.603,BOUNCE,9715,1.603,OVERLAP,NONE,BELOW,FALLING,BELOW
SOLUSDT,2,2021-03-06 03:30,2021-03-17 16:00,9816,12.503,12.4474,0.45,0,30.59,DOWN,BOTTOM,false,9826,2021-03-06 06:00,BELOW,10,1.34,1.8,1,-1,THROUGH,9827,0.17,THROUGH,9827,0.17,OVERLAP,NONE,ABOVE,FALLING,ABOVE
SOLUSDT,3,2021-03-17 16:15,2021-05-07 15:30,10923,13.5595,13.4647,0.68,0,21.8,UP,TOP,false,11626,2021-03-25 00:00,ABOVE,703,21.68,1.18,1.228,-1,BOUNCE,11627,1.048,BOUNCE,11627,1.048,OVERLAP,NONE,BELOW,FALLING,ABOVE
SOLUSDT,4,2021-05-07 15:45,2021-10-15 03:45,15817,42.9599,42.4679,1.093,0,30.3,UP,BOTTOM,false,15841,2021-05-07 21:45,ABOVE,24,7.15,0.82,2.207,1,BOUNCE,15846,0.951,BOUNCE,15846,1.775,OVERLAP,NONE,BELOW,FALLING,BELOW
SOLUSDT,6,2021-10-26 14:00,2022-02-10 02:30,32322,208.125,206.813,0.642,0,24.03,DOWN,BOTTOM,false,32329,2021-10-26 15:45,BELOW,7,1.13,1.25,0.711,-1,BOUNCE,32330,1.175,BOUNCE,32330,2.811,OVERLAP,NONE,ABOVE,FALLING,BELOW
SOLUSDT,7,2022-02-10 02:45,2022-02-10 13:15,42549,113.48,113.03,0.405,0,23.56,DOWN,MIDDLE,false,42574,2022-02-10 09:00,BELOW,25,1.96,1.78,0.658,-1,BOUNCE,42575,0.549,BOUNCE,42575,6.591,OVERLAP,NONE,ABOVE,RISING,ABOVE
SOLUSDT,8,2022-02-10 13:30,2022-03-10 13:15,42592,113.97,113.03,0.868,1,22.16,DOWN,MIDDLE,false,42600,2022-02-10 15:30,BELOW,8,5.74,1.87,2.741,-1,BOUNCE,42601,2.123,BOUNCE,42601,4.937,OVERLAP,BOUNCE,ABOVE,RISING,ABOVE
SOLUSDT,9,2022-03-10 13:30,2022-04-16 10:00,45280,82.61,82.07,0.669,0,25.23,DOWN,BOTTOM,false,45284,2022-03-10 14:30,BELOW,4,1.66,1.28,1.272,-1,BOUNCE,45288,0.695,BOUNCE,45288,0.695,OVERLAP,NONE,BELOW,FALLING,BELOW
SOLUSDT,10,2022-04-16 10:15,2022-05-08 16:45,48819,101.54,101.4,0.137,0,30.37,UP,MIDDLE,false,48839,2022-04-16 15:15,ABOVE,20,1.3,2.42,0.472,1,THROUGH,48840,0.768,THROUGH,48840,0.768,OVERLAP,NONE,BELOW,FALLING,BELOW
SOLUSDT,12,2022-06-18 06:45,2022-08-02 23:30,54853,30.09,29.93,0.554,0,35.12,DOWN,MIDDLE,false,54867,2022-06-18 10:15,BELOW,14,5.58,2.69,3.417,-1,BOUNCE,54868,1.771,BOUNCE,54868,1.771,OVERLAP,NONE,ABOVE,RISING,ABOVE
SOLUSDT,13,2022-08-02 23:45,2022-08-19 06:15,59241,41.14,40.9,0.604,0,23.63,DOWN,BOTTOM,false,59295,2022-08-03 13:15,BELOW,54,7.68,2.99,2.625,-1,BOUNCE,59296,2.665,BOUNCE,59296,2.812,OVERLAP,NONE,ABOVE,RISING,ABOVE
SOLUSDT,14,2022-08-19 06:30,2022-10-10 21:45,60804,38.17,37.86,0.854,0,22.67,DOWN,BOTTOM,false,63123,2022-09-12 10:15,BELOW,2319,20.63,5.53,1.214,1,BOUNCE,63124,1.4,BOUNCE,63124,2.853,OVERLAP,NONE,ABOVE,RISING,ABOVE
SOLUSDT,15,2022-10-10 22:00,2022-11-05 15:00,65858,32.42,32.36,0.187,0,20.01,DOWN,MIDDLE,false,67579,2022-10-28 20:15,BELOW,1721,16.25,1.82,1.086,1,BOUNCE,67581,1.112,BOUNCE,67581,1.607,OVERLAP,NONE,ABOVE,RISING,ABOVE
SOLUSDT,16,2022-11-05 15:15,2022-11-17 11:45,68327,34.62,34.41,0.569,0,38.05,UP,BOTTOM,false,68426,2022-11-06 16:00,ABOVE,99,11.03,6.9,2.747,-1,BOUNCE,68427,1.964,BOUNCE,68427,1.964,OVERLAP,NONE,BELOW,FALLING,BELOW
SOLUSDT,17,2022-11-17 12:00,2022-12-04 14:30,69466,14.215,14.161,0.387,0,37.25,DOWN,MIDDLE,false,70070,2022-11-23 19:00,BELOW,604,22.36,6.59,10.977,1,BOUNCE,70071,4.576,BOUNCE,70071,4.576,OVERLAP,NONE,ABOVE,RISING,ABOVE
SOLUSDT,18,2022-12-04 14:45,2022-12-09 08:45,71109,13.405,13.359,0.341,0,26.4,UP,TOP,false,71370,2022-12-07 08:00,ABOVE,261,6.53,4.69,1.738,-1,BOUNCE,71371,1.813,BOUNCE,71371,2.402,OVERLAP,NONE,BELOW,FALLING,BELOW
SOLUSDT,19,2022-12-09 09:00,2022-12-11 12:30,71566,13.669,13.65,0.138,0,54.68,UP,BOTTOM,false,71584,2022-12-09 13:30,ABOVE,18,2.17,3.6,1.399,1,BOUNCE,71585,1.544,BOUNCE,71585,1.544,OVERLAP,NONE,BELOW,FALLING,BELOW
SOLUSDT,20,2022-12-11 12:45,2022-12-16 22:15,71773,13.62,13.611,0.066,0,56.27,UP,MIDDLE,false,71777,2022-12-11 13:45,ABOVE,4,0.26,1.16,0.205,-1,BOUNCE,71778,0.991,BOUNCE,71778,1.211,OVERLAP,NONE,ABOVE,RISING,ABOVE
SOLUSDT,24,2023-01-01 11:00,2023-01-02 06:45,73782,9.799,9.764,0.352,0,22.77,UP,MIDDLE,false,73799,2023-01-01 15:15,ABOVE,17,1.35,0.77,0.703,-1,BOUNCE,73800,1.49,BOUNCE,73800,2.459,OVERLAP,NONE,BELOW,FALLING,BELOW
SOLUSDT,26,2023-01-02 19:45,2023-01-08 08:30,73913,11.15,11.113,0.329,0,42.16,UP,MIDDLE,false,73930,2023-01-03 00:00,ABOVE,17,1.78,2.3,1.233,1,BOUNCE,73931,1.561,BOUNCE,73931,6.726,OVERLAP,NONE,ABOVE,RISING,ABOVE
SOLUSDT,28,2023-03-03 01:15,2023-03-28 18:30,79599,21.851,21.784,0.319,0,29.95,DOWN,BOTTOM,false,80702,2023-03-14 13:00,BELOW,1103,26.22,3.85,2.895,1,THROUGH,80702,1.382,THROUGH,80702,1.382,OVERLAP,THROUGH,ABOVE,RISING,ABOVE
SOLUSDT,29,2023-03-28 18:45,2023-04-08 13:15,82069,20.24,20.081,0.77,0,21.66,UP,MIDDLE,false,82081,2023-03-28 21:45,ABOVE,12,2.22,1.09,0.928,1,BOUNCE,82082,1.561,BOUNCE,82082,3.039,OVERLAP,NONE,BELOW,FALLING,ABOVE
SOLUSDT,30,2023-04-08 13:30,2023-05-20 05:15,83104,20.534,20.506,0.137,0,38.36,DOWN,BOTTOM,false,83108,2023-04-08 14:30,BELOW,4,0.26,0.91,0.181,1,BOUNCE,83109,0.751,BOUNCE,83109,2.224,OVERLAP,NONE,BELOW,FALLING,BELOW
SOLUSDT,31,2023-05-20 05:30,2023-06-04 06:30,87104,20.223,20.206,0.084,0,39.8,DOWN,MIDDLE,false,87115,2023-05-20 08:15,BELOW,11,0.41,0.89,0.124,-1,BOUNCE,87116,0.148,BOUNCE,87116,0.218,OVERLAP,NONE,ABOVE,FALLING,BELOW
SOLUSDT,32,2023-06-04 06:45,2023-07-22 23:00,88549,21.347,21.28,0.309,0,28.75,UP,TOP,false,88678,2023-06-05 15:00,ABOVE,129,4.21,5.71,1.626,-1,THROUGH,88678,10.147,THROUGH,88678,10.147,OVERLAP,NONE,BELOW,FALLING,BELOW
SOLUSDT,33,2023-07-22 23:15,2023-07-24 09:30,93223,25.189,25.068,0.498,0,24.19,DOWN,BOTTOM,false,93297,2023-07-23 17:45,BELOW,74,3.17,3.1,1.24,-1,BOUNCE,93298,1.261,BOUNCE,93298,2.222,OVERLAP,NONE,ABOVE,RISING,ABOVE
SOLUSDT,34,2023-07-24 09:45,2023-08-12 21:45,93361,24.567,24.418,0.637,0,32.09,DOWN,MIDDLE,false,93564,2023-07-26 12:30,BELOW,203,6.44,2.42,0.926,1,BOUNCE,93565,0.532,BOUNCE,93565,0.532,OVERLAP,NONE,ABOVE,RISING,ABOVE
SOLUSDT,35,2023-08-12 22:00,2023-08-15 18:45,95234,24.808,24.726,0.327,0,30.53,UP,TOP,false,95243,2023-08-13 00:15,ABOVE,9,1.01,1.11,0.58,1,BOUNCE,95244,0.403,BOUNCE,95244,0.484,OVERLAP,NONE,BELOW,RISING,BELOW
SOLUSDT,37,2023-08-21 15:15,2023-09-13 07:15,96071,21.296,21.141,0.752,0,28.83,DOWN,MIDDLE,false,96086,2023-08-21 19:00,BELOW,15,2.55,0.58,0.631,-1,BOUNCE,96087,0.501,BOUNCE,96087,0.501,OVERLAP,THROUGH,ABOVE,RISING,BELOW
SOLUSDT,38,2023-09-13 07:30,2023-09-26 21:00,98248,17.916,17.871,0.25,0,46.96,UP,MIDDLE,false,98249,2023-09-13 07:45,ABOVE,1,0.39,3.91,0.973,-1,BOUNCE,98250,2.032,BOUNCE,98250,2.032,OVERLAP,NONE,ABOVE,RISING,BELOW
SOLUSDT,39,2023-09-26 21:15,2023-09-29 07:15,99551,19.179,19.142,0.195,0,30.49,DOWN,BOTTOM,false,99601,2023-09-27 09:45,BELOW,50,1.34,6.09,0.939,-1,THROUGH,99604,1.541,THROUGH,99604,1.541,OVERLAP,NONE,ABOVE,RISING,ABOVE
SOLUSDT,40,2023-09-29 07:30,2023-10-13 20:30,99784,20.152,20.112,0.197,0,30.36,UP,MIDDLE,false,99789,2023-09-29 08:45,ABOVE,5,0.65,1.13,0.572,1,BOUNCE,99790,0.308,BOUNCE,99790,1.513,OVERLAP,NONE,BELOW,RISING,BELOW
SOLUSDT,44,2023-12-04 09:45,2023-12-11 01:45,106129,64.35,64.154,0.31,0,22.05,DOWN,MIDDLE,false,106283,2023-12-06 00:15,BELOW,154,7.61,7.04,3.49,1,BOUNCE,106284,2.58,BOUNCE,106284,2.58,OVERLAP,NONE,ABOVE,RISING,ABOVE
SOLUSDT,45,2023-12-11 02:00,2024-01-05 01:30,106770,73.535,73,0.789,0,20.41,DOWN,MIDDLE,false,107097,2023-12-14 11:45,BELOW,327,11.91,2.78,1.496,1,BOUNCE,107098,8.219,BOUNCE,107098,8.219,OVERLAP,NONE,ABOVE,RISING,ABOVE
SOLUSDT,46,2024-01-05 01:45,2024-05-23 19:45,109169,103.739,102.904,0.827,0,23.01,DOWN,BOTTOM,false,109198,2024-01-05 09:00,BELOW,29,2.29,3.01,1.772,-1,BOUNCE,109199,3.742,BOUNCE,109199,5.854,OVERLAP,NONE,ABOVE,RISING,ABOVE
SOLUSDT,47,2024-05-23 20:00,2024-05-27 19:30,122586,171.385,170.6,0.467,0,22.83,DOWN,BOTTOM,false,122587,2024-05-23 20:15,BELOW,1,1.37,1.98,2.077,-1,THROUGH,122588,5.85,THROUGH,122588,5.85,OVERLAP,NONE,BELOW,FALLING,BELOW
SOLUSDT,48,2024-05-27 19:45,2024-06-11 01:30,122969,170.465,169.836,0.373,0,24.13,DOWN,MIDDLE,false,122971,2024-05-27 20:15,BELOW,2,0.63,0.76,1.059,1,THROUGH,122971,0.696,THROUGH,122971,1.066,OVERLAP,NONE,ABOVE,FALLING,ABOVE
SOLUSDT,50,2024-06-12 12:30,2024-06-27 12:45,124476,152.822,151.987,0.526,0,20.12,UP,MIDDLE,false,124505,2024-06-12 19:45,ABOVE,29,5.1,3.39,1.882,1,BOUNCE,124506,1.73,BOUNCE,124506,1.824,OVERLAP,NONE,BELOW,FALLING,BELOW
SOLUSDT,51,2024-06-27 13:00,2024-09-23 21:00,125918,139.726,138.79,0.638,0,28.92,UP,TOP,false,126045,2024-06-28 20:45,ABOVE,127,7.5,0.75,0.866,-1,BOUNCE,126046,0.696,BOUNCE,126046,1.98,OVERLAP,NONE,BELOW,FALLING,BELOW
SOLUSDT,52,2024-09-23 21:15,2024-10-20 20:15,134399,143.745,143.234,0.356,0,21.79,IN,MIDDLE,false,134402,2024-09-23 22:00,ABOVE,3,0.23,0.9,0.378,-1,BOUNCE,134403,1.021,BOUNCE,134403,2.191,OVERLAP,NONE,ABOVE,RISING,BELOW
SOLUSDT,53,2024-10-20 20:30,2024-10-28 20:45,136988,160.8,160.15,0.401,0,25.22,UP,TOP,false,137479,2024-10-25 23:15,ABOVE,491,11.13,5.02,2.754,-1,BOUNCE,137480,3.147,BOUNCE,137480,4.279,OVERLAP,NONE,BELOW,FALLING,BELOW
SOLUSDT,54,2024-10-28 21:00,2024-10-30 18:30,137758,176.35,176.3,0.028,0,116.97,UP,MIDDLE,false,137759,2024-10-28 21:15,ABOVE,1,0.11,0.27,0.312,-1,BOUNCE,137760,1.956,BOUNCE,137760,3.351,OVERLAP,NONE,ABOVE,RISING,ABOVE
SOLUSDT,55,2024-10-30 18:45,2025-01-13 14:15,137941,175.5,175.14,0.207,0,38.84,DOWN,MIDDLE,false,137946,2024-10-30 20:00,BELOW,5,0.68,1.84,1.232,-1,BOUNCE,137947,0.687,BOUNCE,137947,0.687,OVERLAP,NONE,BELOW,FALLING,BELOW
SOLUSDT,56,2025-01-13 14:30,2025-01-15 13:15,145124,176.31,174.85,0.836,1,26.86,DOWN,BOTTOM,false,145125,2025-01-13 14:45,BELOW,1,0.12,2.13,1.409,-1,THROUGH,145126,2.236,THROUGH,145126,3.443,OVERLAP,NONE,BELOW,FALLING,BELOW
SOLUSDT,59,2025-01-22 19:30,2025-02-12 13:15,146008,256.51,254.66,0.704,0,30.05,UP,BOTTOM,false,146022,2025-01-22 23:00,ABOVE,14,4.9,1.37,1.868,1,BOUNCE,146023,0.955,BOUNCE,146023,0.955,OVERLAP,NONE,BELOW,FALLING,BELOW
SOLUSDT,60,2025-02-12 13:30,2025-03-21 18:15,148000,198.49,196.58,0.997,0,22.26,DOWN,TOP,false,148015,2025-02-12 17:15,BELOW,15,3.41,0.88,1.084,-1,BOUNCE,148016,2.783,BOUNCE,148016,2.783,OVERLAP,BOUNCE,ABOVE,RISING,ABOVE
SOLUSDT,61,2025-03-21 18:30,2025-04-28 09:45,151572,126.46,126.1,0.279,0,23.14,UP,MIDDLE,false,152278,2025-03-29 03:00,ABOVE,706,16.16,4.46,0.951,-1,BOUNCE,152279,2.111,BOUNCE,152279,2.111,OVERLAP,NONE,BELOW,FALLING,BELOW
SOLUSDT,62,2025-04-28 10:00,2025-05-12 06:45,155186,151.83,151.39,0.291,0,20.15,DOWN,TOP,false,155187,2025-04-28 10:15,BELOW,1,0.04,4.6,1.748,1,THROUGH,155188,1.004,THROUGH,155188,1.004,OVERLAP,NONE,ABOVE,RISING,ABOVE
SOLUSDT,63,2025-05-12 07:00,2025-06-10 18:30,156518,175.92,175.46,0.257,0,25.07,UP,MIDDLE,false,156521,2025-05-12 07:45,ABOVE,3,1.92,2.51,1.92,1,THROUGH,156522,1.086,THROUGH,156522,1.086,OVERLAP,NONE,ABOVE,RISING,ABOVE
SOLUSDT,64,2025-06-10 18:45,2025-06-12 23:45,159349,159.07,158.09,0.598,0,38.46,UP,TOP,false,159486,2025-06-12 05:00,ABOVE,137,5.41,2.33,0.792,-1,BOUNCE,159487,0.61,BOUNCE,159487,0.61,OVERLAP,NONE,BELOW,FALLING,BELOW
SOLUSDT,65,2025-06-13 00:00,2025-06-16 22:15,159562,152.84,152.23,0.412,0,28.36,DOWN,BOTTOM,false,159813,2025-06-15 14:45,BELOW,251,7.21,6.9,2.299,1,BOUNCE,159814,1.379,BOUNCE,159814,2.733,OVERLAP,NONE,ABOVE,RISING,ABOVE
SOLUSDT,66,2025-06-16 22:30,2025-07-01 07:00,159940,156.8,156.48,0.209,0,23.37,DOWN,BOTTOM,false,161256,2025-06-30 15:30,BELOW,1316,19.02,11.05,2.512,-1,THROUGH,161256,2.045,THROUGH,161256,2.045,OVERLAP,NONE,ABOVE,RISING,ABOVE
SOLUSDT,67,2025-07-01 07:15,2025-07-19 20:30,161319,151.44,151.02,0.28,0,27.81,DOWN,BOTTOM,false,161446,2025-07-02 15:00,BELOW,127,3.73,2.65,0.954,1,BOUNCE,161447,0.596,BOUNCE,161447,0.596,OVERLAP,NONE,ABOVE,RISING,ABOVE
SOLUSDT,68,2025-07-19 20:45,2025-07-27 21:45,163101,177.95,177.65,0.169,0,36.37,DOWN,TOP,false,163102,2025-07-19 21:00,BELOW,1,0.13,1.71,1.165,-1,BOUNCE,163103,1.464,BOUNCE,163103,1.464,OVERLAP,NONE,BELOW,FALLING,BELOW
SOLUSDT,69,2025-07-27 22:00,2025-09-21 21:45,163874,187.9,186.6,0.684,0,41,UP,MIDDLE,false,163878,2025-07-27 23:00,ABOVE,4,1.19,2.42,1.029,1,BOUNCE,163879,1.698,BOUNCE,163879,3.257,OVERLAP,NONE,BELOW,RISING,ABOVE
SOLUSDT,70,2025-09-21 22:00,2025-10-05 02:15,169250,237.45,237.11,0.144,0,29.66,DOWN,MIDDLE,false,169253,2025-09-21 22:45,BELOW,3,0.61,2.66,0.576,-1,THROUGH,169253,0.148,THROUGH,169253,0.148,OVERLAP,NONE,ABOVE,FALLING,BELOW
SOLUSDT,71,2025-10-05 02:30,2025-10-10 20:30,170516,228.01,227.42,0.257,0,27.8,UP,TOP,false,170578,2025-10-05 18:00,ABOVE,62,3.71,4.39,1.135,-1,BOUNCE,170579,0.5,BOUNCE,170579,0.965,OVERLAP,NONE,BELOW,FALLING,BELOW
SOLUSDT,72,2025-10-10 20:45,2025-10-22 10:45,171069,207.61,206.63,0.498,0,29.29,DOWN,MIDDLE,false,171350,2025-10-13 19:00,BELOW,281,16.31,0.65,0.754,1,THROUGH,171352,0.673,THROUGH,171352,1.781,OVERLAP,NONE,ABOVE,RISING,ABOVE
SOLUSDT,73,2025-10-22 11:00,2025-10-24 12:15,172182,183.74,183.08,0.357,0,20.63,UP,BOTTOM,false,172195,2025-10-22 14:15,ABOVE,13,1.49,3.3,1.683,-1,THROUGH,172195,1.061,THROUGH,172195,3.309,OVERLAP,BOUNCE,BELOW,FALLING,BELOW
SOLUSDT,74,2025-10-24 12:30,2025-10-26 21:45,172380,192.98,192.35,0.325,0,20.49,UP,TOP,false,172381,2025-10-24 12:45,ABOVE,1,0.5,1.87,0.594,1,BOUNCE,172382,0.648,BOUNCE,172382,0.648,OVERLAP,NONE,ABOVE,RISING,ABOVE
SOLUSDT,75,2025-10-26 22:00,2025-11-03 15:00,172610,198.43,197.73,0.351,0,23.21,UP,MIDDLE,false,172654,2025-10-27 09:00,ABOVE,44,3.34,3.36,1.228,1,BOUNCE,172655,1.235,BOUNCE,172655,1.235,OVERLAP,NONE,BELOW,FALLING,BELOW
SOLUSDT,77,2025-11-14 04:30,2025-12-03 13:45,174364,143.76,143.12,0.454,0,69.42,DOWN,BOTTOM,false,174369,2025-11-14 05:45,BELOW,5,1.43,0.67,0.888,-1,BOUNCE,174370,2.264,BOUNCE,174370,3.011,OVERLAP,NONE,BELOW,FALLING,ABOVE
SOLUSDT,78,2025-12-03 14:00,2025-12-06 14:00,176226,141.92,141.6,0.229,0,39.42,DOWN,MIDDLE,false,176228,2025-12-03 14:30,BELOW,2,1.16,4.75,2.461,1,THROUGH,176228,0.819,THROUGH,176228,0.819,OVERLAP,NONE,ABOVE,FALLING,ABOVE
SOLUSDT,79,2025-12-06 14:15,2025-12-21 23:45,176515,133.06,132.75,0.233,0,23.36,UP,TOP,false,176518,2025-12-06 15:00,ABOVE,3,0.45,2.81,0.685,-1,THROUGH,176519,0.466,THROUGH,176519,0.812,OVERLAP,NONE,BELOW,RISING,BELOW
SOLUSDT,80,2025-12-22 00:00,2026-01-13 21:45,177994,126.1,125.81,0.227,0,23.59,UP,TOP,false,178001,2025-12-22 01:45,ABOVE,7,1.14,1.6,1.048,1,THROUGH,178002,1.118,THROUGH,178002,1.118,OVERLAP,NONE,BELOW,RISING,BELOW
SOLUSDT,81,2026-01-13 22:00,2026-01-18 22:45,180194,143.6,143.3,0.204,0,68.36,UP,MIDDLE,false,180249,2026-01-14 11:45,ABOVE,55,2.44,1.82,0.397,1,BOUNCE,180250,1.156,BOUNCE,180250,3.343,OVERLAP,NONE,BELOW,FALLING,BELOW
SOLUSDT,83,2026-01-20 22:30,2026-01-30 01:15,180868,127.37,126.89,0.381,0,28.92,DOWN,MIDDLE,false,180876,2026-01-21 00:30,BELOW,8,0.92,1.31,0.773,-1,THROUGH,180878,0.355,THROUGH,180878,1.032,OVERLAP,NONE,ABOVE,FALLING,ABOVE
SOLUSDT,84,2026-01-30 01:30,2026-02-01 22:45,181744,117.83,117.01,0.721,0,24.04,DOWN,TOP,false,181785,2026-01-30 11:45,BELOW,41,3.16,2.31,1.316,-1,BOUNCE,181786,1.624,BOUNCE,181786,2.145,OVERLAP,NONE,ABOVE,RISING,ABOVE
SOLUSDT,85,2026-02-01 23:00,2026-02-07 15:45,182022,102.22,101.6,0.62,0,25.03,DOWN,MIDDLE,false,182024,2026-02-01 23:30,BELOW,2,1.64,1.34,1.821,-1,BOUNCE,182025,1.998,BOUNCE,182025,5.679,OVERLAP,THROUGH,ABOVE,FALLING,BELOW
SOLUSDT,86,2026-02-07 16:00,2026-02-28 13:30,182570,86.52,86.07,0.516,0,43.86,UP,MIDDLE,false,182574,2026-02-07 17:00,ABOVE,4,0.75,0.39,0.89,-1,BOUNCE,182575,3.04,BOUNCE,182575,3.04,OVERLAP,NONE,ABOVE,RISING,ABOVE
SOLUSDT,88,2026-03-08 22:00,2026-03-21 23:30,185378,82.2,82.03,0.209,0,27.64,DOWN,MIDDLE,false,185381,2026-03-08 22:45,BELOW,3,0.99,2.19,0.854,-1,BOUNCE,185384,0.731,BOUNCE,185384,0.731,OVERLAP,NONE,ABOVE,FALLING,BELOW
SOLUSDT,91,2026-03-26 05:00,2026-06-07 21:45,187038,90.93,90.72,0.234,0,31.82,DOWN,BOTTOM,false,191216,2026-05-08 17:30,BELOW,4178,15.23,7.14,1.826,1,THROUGH,191216,2.039,THROUGH,191216,2.039,OVERLAP,NONE,ABOVE,RISING,ABOVE
SOLUSDT,92,2026-06-07 22:00,2026-06-14 21:00,194114,64.57,64.27,0.446,0,22.17,UP,MIDDLE,false,194276,2026-06-09 14:30,ABOVE,162,5.14,2.75,0.806,-1,BOUNCE,194277,1.115,BOUNCE,194277,1.719,OVERLAP,NONE,BELOW,FALLING,BELOW
SOLUSDT,94,2026-06-15 10:45,2026-07-06 20:45,194837,71.48,71.35,0.181,0,23.24,UP,TOP,false,195064,2026-06-17 19:30,ABOVE,227,6.18,1.58,1.3,1,BOUNCE,195065,1.021,BOUNCE,195065,1.553,OVERLAP,NONE,BELOW,FALLING,BELOW
SOLUSDT,95,2026-07-06 21:00,2026-08-08 05:15,196894,82.21,81.87,0.41,0,20.32,UP,TOP,true,196901,2026-07-06 22:45,ABOVE,7,0.86,0.59,0.304,1,BOUNCE,196902,0.292,BOUNCE,196902,0.292,OVERLAP,NONE,ABOVE,RISING,ABOVE
XRPUSDT,0,2020-12-04 16:00,2021-01-25 14:00,1034,0.5959,0.5918,0.716,0,22.51,DOWN,MIDDLE,false,1099,2020-12-05 08:15,BELOW,65,8.08,2.45,1.908,-1,BOUNCE,1102,0.693,BOUNCE,1102,3.008,OVERLAP,NONE,ABOVE,RISING,ABOVE
XRPUSDT,1,2021-01-25 14:15,2021-03-03 10:45,6019,0.2789,0.2769,0.715,0,20.52,UP,TOP,false,6021,2021-01-25 14:45,ABOVE,2,0.32,1.67,0.971,1,BOUNCE,6022,0.681,BOUNCE,6022,0.681,OVERLAP,NONE,ABOVE,RISING,ABOVE
XRPUSDT,2,2021-03-03 11:00,2021-03-12 12:45,9558,0.4502,0.4482,0.435,0,29.26,UP,MIDDLE,false,9568,2021-03-03 13:30,ABOVE,10,3.89,1.46,1.889,1,BOUNCE,9569,0.422,BOUNCE,9569,0.822,OVERLAP,NONE,BELOW,FALLING,BELOW
XRPUSDT,3,2021-03-12 13:00,2021-03-31 02:45,10430,0.4478,0.4452,0.595,0,22.28,DOWN,BOTTOM,false,10441,2021-03-12 15:45,BELOW,11,3.55,0.87,1.095,-1,BOUNCE,10444,1.078,BOUNCE,10444,2.65,OVERLAP,NONE,ABOVE,RISING,ABOVE
XRPUSDT,4,2021-03-31 03:00,2021-07-11 15:45,12214,0.5645,0.562,0.457,0,49.37,DOWN,BOTTOM,false,12228,2021-03-31 06:30,BELOW,14,3.26,0.81,0.838,-1,BOUNCE,12232,5.214,BOUNCE,12232,5.214,OVERLAP,NONE,ABOVE,RISING,ABOVE
XRPUSDT,5,2021-07-11 16:00,2021-07-14 03:00,22058,0.6299,0.6281,0.282,0,21.55,UP,MIDDLE,false,22077,2021-07-11 20:45,ABOVE,19,1.29,0.72,0.667,1,BOUNCE,22078,2.096,BOUNCE,22078,2.81,OVERLAP,NONE,BELOW,FALLING,ABOVE
XRPUSDT,6,2021-07-14 03:15,2021-07-18 14:15,22295,0.6109,0.6085,0.406,0,26.22,DOWN,MIDDLE,false,22319,2021-07-14 09:15,BELOW,24,2.81,2.23,1.336,-1,BOUNCE,22320,1.348,BOUNCE,22320,1.348,OVERLAP,NONE,ABOVE,RISING,ABOVE
XRPUSDT,7,2021-07-18 14:30,2021-08-02 06:15,22724,0.5872,0.5849,0.399,0,24.53,DOWN,BOTTOM,false,22728,2021-07-18 15:30,BELOW,4,1.49,1.85,0.705,-1,BOUNCE,22729,0.992,BOUNCE,22729,0.992,OVERLAP,NONE,BELOW,FALLING,BELOW
XRPUSDT,8,2021-08-02 06:30,2021-08-16 19:45,24132,0.7374,0.7331,0.558,0,25.57,UP,TOP,false,24156,2021-08-02 12:30,ABOVE,24,4.48,1.48,1.091,1,BOUNCE,24157,2.156,BOUNCE,24157,2.631,OVERLAP,NONE,BELOW,FALLING,BELOW
XRPUSDT,9,2021-08-16 20:00,2021-09-06 09:15,25530,1.2309,1.2156,1.306,0,22.32,DOWN,BOTTOM,false,25536,2021-08-16 21:30,BELOW,6,4.43,1.26,2.648,-1,BOUNCE,25537,2.92,BOUNCE,25537,7.98,OVERLAP,NONE,ABOVE,FALLING,BELOW
XRPUSDT,10,2021-09-06 09:30,2021-09-10 01:00,27504,1.3283,1.3226,0.421,0,20.87,UP,MIDDLE,false,27514,2021-09-06 12:00,ABOVE,10,4.95,3.29,3.558,1,BOUNCE,27515,3.44,BOUNCE,27515,5.571,OVERLAP,NONE,BELOW,FALLING,BELOW
XRPUSDT,11,2021-09-10 01:15,2021-09-13 13:15,27855,1.1064,1.1004,0.505,0,21.51,UP,TOP,false,27879,2021-09-10 07:15,ABOVE,24,11.89,1.8,2.391,1,THROUGH,27881,5.215,THROUGH,27881,5.215,OVERLAP,NONE,BELOW,FALLING,BELOW
XRPUSDT,12,2021-09-13 13:30,2021-09-29 12:45,28192,1.0593,1.0531,0.568,0,27.43,UP,MIDDLE,false,28194,2021-09-13 14:00,ABOVE,2,3.06,6.74,4.633,-1,THROUGH,28194,2.766,THROUGH,28194,2.766,OVERLAP,NONE,BELOW,RISING,BELOW
XRPUSDT,13,2021-09-29 13:00,2021-10-14 14:00,29726,0.9233,0.9187,0.473,0,30.78,UP,BOTTOM,false,29745,2021-09-29 17:45,ABOVE,19,5.25,0.39,0.89,1,BOUNCE,29746,0.693,BOUNCE,29746,0.693,OVERLAP,NONE,BELOW,FALLING,BELOW
XRPUSDT,14,2021-10-14 14:15,2021-10-28 18:15,31171,1.14,1.1354,0.398,0,20.13,UP,MIDDLE,false,31174,2021-10-14 15:00,ABOVE,3,1.45,3.81,1.893,1,BOUNCE,31175,0.289,BOUNCE,31175,0.289,OVERLAP,NONE,BELOW,RISING,ABOVE
XRPUSDT,15,2021-10-28 18:30,2021-11-06 07:00,32532,1.0625,1.0555,0.675,0,25.2,DOWN,BOTTOM,false,32533,2021-10-28 18:45,BELOW,1,1.75,5.28,2.085,1,BOUNCE,32534,1.298,BOUNCE,32534,1.298,OVERLAP,NONE,BELOW,FALLING,ABOVE
XRPUSDT,16,2021-11-06 07:15,2021-11-07 11:30,33351,1.168,1.1631,0.425,0,21.81,DOWN,MIDDLE,false,33440,2021-11-07 05:30,BELOW,89,3.66,2.53,1.005,1,THROUGH,33441,0.98,THROUGH,33441,1.934,OVERLAP,NONE,ABOVE,RISING,ABOVE
XRPUSDT,17,2021-11-07 11:45,2021-11-15 23:45,33465,1.171,1.1687,0.194,0,22.41,UP,MIDDLE,false,33791,2021-11-10 21:15,ABOVE,326,14.47,5.54,11.908,1,BOUNCE,33792,3.535,BOUNCE,33792,3.535,OVERLAP,NONE,BELOW,FALLING,BELOW
XRPUSDT,19,2021-11-18 01:30,2021-11-23 09:15,34480,1.1043,1.0983,0.526,0,22.49,UP,TOP,false,34503,2021-11-18 07:15,ABOVE,23,3.37,0.54,0.517,1,BOUNCE,34504,0.552,BOUNCE,34504,0.552,OVERLAP,NONE,BELOW,FALLING,BELOW
XRPUSDT,20,2021-11-23 09:30,2021-12-04 04:30,34992,1.0394,1.0367,0.259,0,21.26,UP,MIDDLE,false,34993,2021-11-23 09:45,ABOVE,1,0.4,3.02,1.138,-1,BOUNCE,34994,2.203,BOUNCE,34994,2.203,OVERLAP,NONE,BELOW,FALLING,BELOW
XRPUSDT,22,2021-12-05 14:00,2021-12-17 05:00,36162,0.8252,0.8205,0.59,0,20.76,DOWN,MIDDLE,false,36166,2021-12-05 15:00,BELOW,4,2.85,4.61,4.36,-1,BOUNCE,36167,6.472,BOUNCE,36167,6.472,OVERLAP,NONE,BELOW,FALLING,BELOW
XRPUSDT,23,2021-12-17 05:15,2021-12-21 05:00,37279,0.8144,0.8125,0.23,0,25.34,UP,TOP,false,37286,2021-12-17 07:00,ABOVE,7,1.62,2.7,1.128,-1,BOUNCE,37287,0.614,BOUNCE,37287,0.614,OVERLAP,NONE,BELOW,RISING,ABOVE
XRPUSDT,24,2021-12-21 05:15,2022-01-04 05:30,37663,0.8842,0.8793,0.547,0,45.97,UP,TOP,false,37676,2021-12-21 08:30,ABOVE,13,1.61,0.45,0.61,1,BOUNCE,37677,0.803,BOUNCE,37677,2.285,OVERLAP,NONE,BELOW,RISING,ABOVE
XRPUSDT,25,2022-01-04 05:45,2022-01-07 21:15,39009,0.8301,0.8275,0.314,0,30.68,DOWN,MIDDLE,false,39010,2022-01-04 06:00,BELOW,1,0.05,1.15,0.423,-1,BOUNCE,39011,0.423,BOUNCE,39011,0.423,OVERLAP,NONE,BELOW,FALLING,BELOW
XRPUSDT,26,2022-01-07 21:30,2022-01-19 03:15,39360,0.7637,0.7608,0.376,0,21.6,UP,MIDDLE,false,39362,2022-01-07 22:00,ABOVE,2,1.03,0.97,0.708,-1,BOUNCE,39363,0.812,BOUNCE,39363,1.493,OVERLAP,NONE,BELOW,RISING,ABOVE
XRPUSDT,27,2022-01-19 03:30,2022-03-10 13:15,40440,0.7472,0.7453,0.257,0,20.07,DOWN,BOTTOM,false,40441,2022-01-19 03:45,BELOW,1,0.79,5.07,1.633,-1,BOUNCE,40442,0.872,BOUNCE,40442,3.006,OVERLAP,NONE,BELOW,FALLING,BELOW
XRPUSDT,28,2022-03-10 13:30,2022-03-28 12:45,45280,0.7345,0.732,0.346,0,32.36,DOWN,MIDDLE,false,45287,2022-03-10 15:15,BELOW,7,1.34,1.28,0.589,-1,BOUNCE,45288,0.806,BOUNCE,45288,0.806,OVERLAP,NONE,BELOW,FALLING,BELOW
XRPUSDT,29,2022-03-28 13:00,2022-03-31 13:45,47006,0.8723,0.8692,0.347,0,21.81,UP,TOP,false,47019,2022-03-28 16:15,ABOVE,13,3,1,1.404,1,BOUNCE,47020,4.414,BOUNCE,47020,4.597,OVERLAP,NONE,BELOW,FALLING,BELOW
XRPUSDT,30,2022-03-31 14:00,2022-04-13 09:00,47298,0.8583,0.8515,0.83,0,24.38,DOWN,BOTTOM,false,47619,2022-04-03 22:15,BELOW,321,5.93,3.38,0.635,1,BOUNCE,47620,2.349,BOUNCE,47620,2.83,OVERLAP,NONE,ABOVE,RISING,ABOVE
XRPUSDT,31,2022-04-13 09:15,2022-04-30 22:45,48527,0.7157,0.7139,0.251,0,20.66,UP,MIDDLE,false,48528,2022-04-13 09:30,ABOVE,1,0.24,0.82,0.364,1,THROUGH,48530,1.439,THROUGH,48530,1.747,OVERLAP,NONE,ABOVE,RISING,ABOVE
XRPUSDT,32,2022-04-30 23:00,2022-05-16 19:30,50214,0.6089,0.6035,0.927,0,22.53,DOWN,BOTTOM,false,50281,2022-05-01 15:45,BELOW,67,3.94,2.52,1.325,-1,BOUNCE,50282,0.265,BOUNCE,50282,1.756,OVERLAP,NONE,ABOVE,RISING,ABOVE
XRPUSDT,33,2022-05-16 19:45,2022-05-25 12:45,51737,0.4205,0.4192,0.308,0,54.09,UP,TOP,false,51738,2022-05-16 20:00,ABOVE,1,0.48,1.08,0.897,-1,BOUNCE,51739,2.473,BOUNCE,51739,2.616,OVERLAP,NONE,ABOVE,RISING,ABOVE
XRPUSDT,34,2022-05-25 13:00,2022-05-31 05:00,52574,0.4007,0.3991,0.398,0,38.79,UP,MIDDLE,false,52584,2022-05-25 15:30,ABOVE,10,1.22,0.61,0.996,-1,BOUNCE,52585,1.148,BOUNCE,52585,2.021,OVERLAP,NONE,BELOW,FALLING,BELOW
XRPUSDT,35,2022-05-31 05:15,2022-06-10 12:15,53119,0.4188,0.4165,0.536,0,26.34,UP,MIDDLE,false,53123,2022-05-31 06:15,ABOVE,4,2.51,1.61,1.072,1,THROUGH,53127,0.573,THROUGH,53127,0.573,OVERLAP,NONE,BELOW,RISING,BELOW
XRPUSDT,37,2022-06-18 06:45,2022-07-11 21:15,54853,0.3204,0.3192,0.386,0,54.83,DOWN,TOP,false,54995,2022-06-19 18:15,BELOW,142,8.21,1.31,0.911,1,BOUNCE,54996,1.19,BOUNCE,54996,1.19,OVERLAP,NONE,ABOVE,RISING,ABOVE
XRPUSDT,38,2022-07-11 21:30,2022-07-16 15:45,57120,0.3229,0.322,0.281,0,24.52,DOWN,BOTTOM,false,57313,2022-07-13 21:45,BELOW,193,5.5,3.54,1.522,-1,BOUNCE,57314,1.025,BOUNCE,57314,1.025,OVERLAP,NONE,ABOVE,RISING,ABOVE
XRPUSDT,39,2022-07-16 16:00,2022-07-22 19:15,57578,0.3441,0.343,0.313,0,23.74,UP,TOP,false,57681,2022-07-17 17:45,ABOVE,103,4.59,4.74,3.605,-1,BOUNCE,57682,1.598,BOUNCE,57682,2.092,OVERLAP,BOUNCE,BELOW,FALLING,BELOW
XRPUSDT,40,2022-07-22 19:30,2022-08-19 06:15,58168,0.3616,0.3608,0.225,0,21.15,DOWN,MIDDLE,false,58204,2022-07-23 04:30,BELOW,36,1.52,1.99,0.692,-1,THROUGH,58206,0.277,THROUGH,58206,0.277,OVERLAP,NONE,ABOVE,RISING,ABOVE
XRPUSDT,42,2022-08-25 20:30,2022-08-29 10:30,61436,0.3488,0.3478,0.285,0,21.58,UP,TOP,false,61442,2022-08-25 22:00,ABOVE,6,0.6,1.01,0.43,1,THROUGH,61446,0.688,THROUGH,61446,0.688,OVERLAP,BOUNCE,ABOVE,RISING,ABOVE
XRPUSDT,43,2022-08-29 10:45,2022-09-06 16:45,61781,0.3205,0.3195,0.31,0,26.86,UP,MIDDLE,false,61901,2022-08-30 16:45,ABOVE,120,4.43,1.87,0.78,-1,BOUNCE,61902,1.872,BOUNCE,61902,3.089,OVERLAP,NONE,BELOW,FALLING,BELOW
XRPUSDT,44,2022-09-06 17:00,2022-09-10 21:30,62574,0.3344,0.3332,0.368,0,24.69,DOWN,MIDDLE,false,62677,2022-09-07 18:45,BELOW,103,5.52,2.87,0.664,1,BOUNCE,62678,0.57,BOUNCE,62678,0.57,OVERLAP,NONE,ABOVE,RISING,ABOVE
XRPUSDT,45,2022-09-10 21:45,2022-10-02 09:45,62977,0.3564,0.356,0.112,0,37.3,UP,MIDDLE,false,62991,2022-09-11 01:15,ABOVE,14,0.81,1.78,0.729,1,BOUNCE,62992,0.421,BOUNCE,62992,0.421,OVERLAP,NONE,BELOW,RISING,BELOW
XRPUSDT,46,2022-10-02 10:00,2022-11-04 05:30,65042,0.4746,0.4731,0.326,0,20.52,DOWN,BOTTOM,false,65232,2022-10-04 09:30,BELOW,190,7.31,4.56,1.826,1,BOUNCE,65233,1.437,BOUNCE,65233,1.437,OVERLAP,NONE,ABOVE,RISING,ABOVE
XRPUSDT,48,2022-11-05 18:00,2022-11-10 04:45,68338,0.4993,0.4982,0.218,0,32.49,UP,MIDDLE,false,68339,2022-11-05 18:15,ABOVE,1,1.14,3.01,1.764,1,BOUNCE,68340,0.661,BOUNCE,68340,0.661,OVERLAP,NONE,ABOVE,RISING,ABOVE
XRPUSDT,49,2022-11-10 05:00,2022-11-27 22:45,68766,0.359,0.3528,1.661,0,23.89,UP,TOP,false,68778,2022-11-10 08:00,ABOVE,12,3.96,1.48,3.123,1,BOUNCE,68780,2.591,BOUNCE,68780,8.997,OVERLAP,NONE,BELOW,RISING,ABOVE
XRPUSDT,50,2022-11-27 23:00,2022-12-11 20:00,70470,0.4043,0.4031,0.3,0,20.46,DOWN,TOP,false,70654,2022-11-29 21:00,BELOW,184,7.37,1.6,0.722,1,BOUNCE,70655,1.935,BOUNCE,70655,1.935,OVERLAP,BOUNCE,ABOVE,RISING,ABOVE
XRPUSDT,51,2022-12-11 20:15,2022-12-16 08:30,71803,0.3863,0.3852,0.287,0,20.99,DOWN,BOTTOM,false,71905,2022-12-12 21:45,BELOW,102,3.48,0.93,0.416,1,BOUNCE,71906,0.649,BOUNCE,71906,1.791,OVERLAP,NONE,ABOVE,RISING,ABOVE
XRPUSDT,54,2022-12-25 14:30,2023-01-02 00:45,73124,0.3469,0.3465,0.116,0,30.23,DOWN,MIDDLE,false,73125,2022-12-25 14:45,BELOW,1,0.26,2.54,0.606,-1,BOUNCE,73128,0.548,BOUNCE,73128,0.722,OVERLAP,NONE,BELOW,FALLING,BELOW
XRPUSDT,55,2023-01-02 01:00,2023-01-14 14:15,73838,0.3385,0.3361,0.747,0,21.76,DOWN,BOTTOM,false,73862,2023-01-02 07:00,BELOW,24,4.4,2.52,1.663,-1,BOUNCE,73863,0.387,BOUNCE,73863,0.387,OVERLAP,NONE,ABOVE,RISING,ABOVE
XRPUSDT,56,2023-01-14 14:30,2023-01-16 07:45,75044,0.3946,0.3935,0.282,0,26.81,DOWN,TOP,false,75048,2023-01-14 15:30,BELOW,4,0.89,1.05,0.611,-1,THROUGH,75050,0.33,THROUGH,75050,0.33,OVERLAP,BOUNCE,BELOW,FALLING,BELOW
XRPUSDT,57,2023-01-16 08:00,2023-01-30 18:45,75210,0.3946,0.3927,0.494,1,28.45,DOWN,BOTTOM,false,75255,2023-01-16 19:15,BELOW,45,3.57,1.06,0.537,-1,BOUNCE,75256,1.732,BOUNCE,75256,3.743,OVERLAP,NONE,ABOVE,RISING,ABOVE
XRPUSDT,58,2023-01-30 19:00,2023-02-04 23:15,76598,0.401,0.399,0.511,0,25.06,DOWN,MIDDLE,false,76653,2023-01-31 08:45,BELOW,55,2.43,3.97,1.13,-1,BOUNCE,76654,0.602,BOUNCE,76654,0.602,OVERLAP,NONE,ABOVE,RISING,ABOVE
XRPUSDT,60,2023-02-06 23:00,2023-02-19 01:30,77286,0.3972,0.3961,0.28,0,36.57,DOWN,BOTTOM,false,77313,2023-02-07 05:45,BELOW,27,1.36,0.53,0.126,-1,BOUNCE,77314,0.53,BOUNCE,77314,0.732,OVERLAP,NONE,ABOVE,RISING,ABOVE
XRPUSDT,61,2023-02-19 01:45,2023-02-23 11:00,78449,0.3936,0.3928,0.204,0,26.76,DOWN,MIDDLE,false,78463,2023-02-19 05:15,BELOW,14,0.51,1.39,0.508,-1,THROUGH,78463,0.127,THROUGH,78463,0.127,OVERLAP,NONE,ABOVE,RISING,ABOVE
XRPUSDT,63,2023-03-03 01:15,2023-03-17 08:45,79599,0.378,0.3769,0.3,0,36.58,DOWN,BOTTOM,false,79688,2023-03-03 23:30,BELOW,89,4.72,3.42,1.29,1,THROUGH,79688,0.531,THROUGH,79688,0.531,OVERLAP,BOUNCE,ABOVE,RISING,ABOVE
XRPUSDT,64,2023-03-17 09:00,2023-03-24 11:30,80974,0.3675,0.3669,0.163,0,22.33,UP,BOTTOM,false,80975,2023-03-17 09:15,ABOVE,1,0.05,0.6,0.19,1,BOUNCE,80976,2.612,BOUNCE,80976,4.082,OVERLAP,NONE,ABOVE,FALLING,ABOVE
XRPUSDT,65,2023-03-24 11:45,2023-04-01 06:00,81657,0.4291,0.4283,0.19,0,23.04,DOWN,MIDDLE,false,81659,2023-03-24 12:15,BELOW,2,1.49,0.93,0.842,-1,BOUNCE,81660,1.681,BOUNCE,81660,3.502,OVERLAP,NONE,BELOW,FALLING,BELOW
XRPUSDT,66,2023-04-01 06:15,2023-04-20 21:45,82403,0.531,0.5293,0.334,0,24.83,DOWN,BOTTOM,false,83649,2023-04-14 05:45,BELOW,1246,7.65,5.95,2.364,1,THROUGH,83649,3.061,THROUGH,83649,3.061,OVERLAP,NONE,ABOVE,RISING,ABOVE
XRPUSDT,67,2023-04-20 22:00,2023-04-24 00:30,84290,0.4721,0.4708,0.275,0,25.07,UP,TOP,false,84291,2023-04-20 22:15,ABOVE,1,0.04,0.52,0.254,-1,BOUNCE,84293,1.059,BOUNCE,84293,1.44,OVERLAP,NONE,BELOW,FALLING,BELOW
XRPUSDT,68,2023-04-24 00:45,2023-05-05 12:15,84589,0.4655,0.4622,0.686,0,24.25,UP,TOP,false,84613,2023-04-24 06:45,ABOVE,24,3.39,3.33,1.416,1,THROUGH,84616,1.461,THROUGH,84616,1.461,OVERLAP,NONE,BELOW,FALLING,BELOW
XRPUSDT,69,2023-05-05 12:30,2023-05-16 21:15,85692,0.4615,0.4601,0.305,0,27.92,DOWN,TOP,false,85693,2023-05-05 12:45,BELOW,1,0.37,1.78,0.523,1,BOUNCE,85694,0.587,BOUNCE,85694,0.587,OVERLAP,NONE,BELOW,FALLING,BELOW
XRPUSDT,72,2023-05-24 13:45,2023-05-27 03:30,87521,0.455,0.4533,0.378,0,29.95,DOWN,BOTTOM,false,87544,2023-05-24 19:30,BELOW,23,1.72,0.71,0.42,-1,BOUNCE,87545,0.419,BOUNCE,87545,2.383,OVERLAP,NONE,ABOVE,RISING,BELOW
XRPUSDT,73,2023-05-27 03:45,2023-05-27 13:30,87769,0.4693,0.4686,0.148,0,23.47,UP,TOP,false,87771,2023-05-27 04:15,ABOVE,2,1.51,10.54,2.651,1,THROUGH,87771,0.362,THROUGH,87771,0.362,OVERLAP,NONE,BELOW,RISING,BELOW
XRPUSDT,74,2023-05-27 13:45,2023-05-30 21:00,87809,0.4728,0.472,0.171,0,20.23,DOWN,TOP,false,87813,2023-05-27 14:45,BELOW,4,0.64,0.91,0.297,1,BOUNCE,87814,0.805,BOUNCE,87814,0.805,OVERLAP,NONE,BELOW,FALLING,BELOW
XRPUSDT,75,2023-05-30 21:15,2023-06-02 12:15,88127,0.5244,0.5212,0.619,0,31.73,DOWN,TOP,false,88129,2023-05-30 21:45,BELOW,2,0.96,2.79,3.29,1,BOUNCE,88130,0.767,BOUNCE,88130,0.979,OVERLAP,THROUGH,ABOVE,FALLING,ABOVE
XRPUSDT,76,2023-06-02 12:30,2023-06-03 06:45,88380,0.5158,0.5148,0.194,0,36.49,IN,TOP,false,88382,2023-06-02 13:00,BELOW,2,0.14,1.1,0.369,1,BOUNCE,88385,0.486,BOUNCE,88385,0.486,OVERLAP,NONE,BELOW,FALLING,ABOVE
XRPUSDT,77,2023-06-03 07:00,2023-06-14 05:15,88454,0.5269,0.5256,0.248,0,35.93,DOWN,TOP,false,88455,2023-06-03 07:15,BELOW,1,0.15,1.65,0.476,1,BOUNCE,88456,0.818,BOUNCE,88456,1.636,OVERLAP,NONE,ABOVE,RISING,ABOVE
XRPUSDT,79,2023-06-20 10:45,2023-06-22 10:45,90101,0.4845,0.4838,0.146,0,26.84,DOWN,MIDDLE,false,90106,2023-06-20 12:00,BELOW,5,0.64,1.23,0.413,-1,BOUNCE,90107,2.625,BOUNCE,90107,2.625,OVERLAP,NONE,BELOW,FALLING,BELOW
XRPUSDT,81,2023-06-28 17:00,2023-06-30 13:15,90894,0.4733,0.4721,0.256,0,26.62,DOWN,MIDDLE,false,90965,2023-06-29 10:45,BELOW,71,3.5,2.3,0.572,-1,BOUNCE,90966,0.551,BOUNCE,90966,1.038,OVERLAP,NONE,ABOVE,RISING,ABOVE
XRPUSDT,82,2023-06-30 13:30,2023-07-09 23:45,91072,0.4813,0.4798,0.321,0,38.98,DOWN,TOP,false,91218,2023-07-02 02:00,BELOW,146,3.65,4.52,1.768,1,THROUGH,91219,3.022,THROUGH,91219,3.022,OVERLAP,NONE,ABOVE,RISING,ABOVE
XRPUSDT,83,2023-07-10 00:00,2023-07-13 15:00,91978,0.468,0.4673,0.15,0,28.51,DOWN,BOTTOM,false,91980,2023-07-10 00:30,BELOW,2,0.41,1.88,0.537,-1,BOUNCE,91981,0.792,BOUNCE,91981,0.792,OVERLAP,NONE,BELOW,FALLING,ABOVE
XRPUSDT,85,2023-07-16 10:00,2023-07-24 09:30,92594,0.7213,0.7185,0.372,0,45.41,UP,TOP,false,92632,2023-07-16 19:30,ABOVE,38,9.18,2.44,6.459,1,BOUNCE,92633,5.241,BOUNCE,92633,5.615,OVERLAP,NONE,BELOW,FALLING,BELOW
XRPUSDT,86,2023-07-24 09:45,2023-07-30 09:45,93361,0.7179,0.7142,0.534,0,22.58,DOWN,BOTTOM,false,93509,2023-07-25 22:45,BELOW,148,4.83,2.17,0.83,1,BOUNCE,93510,1.47,BOUNCE,93510,1.876,OVERLAP,NONE,ABOVE,RISING,ABOVE
XRPUSDT,87,2023-07-30 10:00,2023-07-30 19:30,93938,0.713,0.7114,0.219,0,44.54,UP,TOP,false,93961,2023-07-30 15:45,ABOVE,23,2.4,2.23,1.022,1,BOUNCE,93962,0.617,BOUNCE,93962,0.617,OVERLAP,NONE,BELOW,FALLING,BELOW
XRPUSDT,88,2023-07-30 19:45,2023-08-04 20:15,93977,0.716,0.714,0.284,0,22.6,DOWN,MIDDLE,false,94073,2023-07-31 19:45,BELOW,96,2.68,8.71,1.651,-1,BOUNCE,94074,4.356,BOUNCE,94074,6.022,OVERLAP,BOUNCE,ABOVE,RISING,ABOVE
XRPUSDT,89,2023-08-04 20:30,2023-08-16 20:00,94460,0.655,0.6536,0.22,0,43.6,DOWN,MIDDLE,false,94910,2023-08-09 13:00,BELOW,450,7.24,7.74,1.795,1,THROUGH,94911,1.683,THROUGH,94911,1.683,OVERLAP,THROUGH,ABOVE,RISING,ABOVE
XRPUSDT,91,2023-08-19 15:00,2023-08-28 18:30,95878,0.5057,0.5047,0.194,0,52.19,UP,TOP,false,96071,2023-08-21 15:15,ABOVE,193,9.06,9.07,4.817,-1,BOUNCE,96072,2.294,BOUNCE,96072,4.252,OVERLAP,NONE,BELOW,FALLING,BELOW
XRPUSDT,92,2023-08-28 18:45,2023-09-03 15:45,96757,0.5205,0.52,0.096,0,20.5,UP,MIDDLE,false,96759,2023-08-28 19:15,ABOVE,2,0.46,4.4,0.808,1,THROUGH,96759,0.134,THROUGH,96759,0.134,OVERLAP,NONE,BELOW,RISING,ABOVE
XRPUSDT,93,2023-09-03 16:00,2023-09-06 02:45,97322,0.5016,0.5004,0.238,0,30.36,UP,MIDDLE,false,97383,2023-09-04 07:15,ABOVE,61,2.05,2.68,0.897,1,BOUNCE,97384,0.917,BOUNCE,97384,0.917,OVERLAP,NONE,BELOW,FALLING,BELOW
XRPUSDT,94,2023-09-06 03:00,2023-09-12 08:30,97558,0.5052,0.5047,0.099,0,20.92,DOWN,MIDDLE,false,97559,2023-09-06 03:15,BELOW,1,0.04,0.45,0.119,-1,BOUNCE,97560,0.277,BOUNCE,97560,0.991,OVERLAP,NONE,BELOW,RISING,BELOW
XRPUSDT,95,2023-09-12 08:45,2023-09-13 07:15,98157,0.4736,0.4733,0.064,0,20.35,DOWN,MIDDLE,false,98159,2023-09-12 09:15,BELOW,2,0.34,0.79,0.275,1,BOUNCE,98160,0.486,BOUNCE,98160,0.486,OVERLAP,BOUNCE,BELOW,FALLING,BELOW
XRPUSDT,96,2023-09-13 07:30,2023-09-15 01:45,98248,0.4774,0.4763,0.231,0,53.53,DOWN,MIDDLE,false,98249,2023-09-13 07:45,BELOW,1,0.06,4.02,0.801,-1,BOUNCE,98250,0.462,BOUNCE,98250,0.462,OVERLAP,NONE,BELOW,FALLING,BELOW
XRPUSDT,97,2023-09-15 02:00,2023-09-29 11:45,98418,0.4925,0.4916,0.182,0,26.99,UP,TOP,false,98460,2023-09-15 12:30,ABOVE,42,2.31,1.59,0.568,1,BOUNCE,98462,0.365,BOUNCE,98462,0.975,OVERLAP,NONE,BELOW,FALLING,BELOW
XRPUSDT,99,2023-10-01 22:15,2023-10-11 15:00,100035,0.5184,0.5174,0.191,0,25.84,UP,TOP,false,100105,2023-10-02 15:45,ABOVE,70,1.33,7.53,1.257,1,THROUGH,100105,0.424,THROUGH,100105,4.225,OVERLAP,NONE,BELOW,FALLING,BELOW
XRPUSDT,100,2023-10-11 15:15,2023-10-13 20:30,100967,0.4875,0.4864,0.227,0,21.01,DOWN,MIDDLE,false,100975,2023-10-11 17:15,BELOW,8,1.15,2.54,1.092,-1,BOUNCE,100976,0.473,BOUNCE,100976,0.473,OVERLAP,NONE,ABOVE,FALLING,BELOW
XRPUSDT,101,2023-10-13 20:45,2023-10-19 20:15,101181,0.484,0.4833,0.144,0,53.59,UP,TOP,false,101195,2023-10-14 00:15,ABOVE,14,0.89,0.29,0.206,1,BOUNCE,101196,0.475,BOUNCE,101196,0.475,OVERLAP,BOUNCE,BELOW,FALLING,ABOVE
XRPUSDT,103,2023-10-23 15:15,2023-11-02 09:45,102119,0.53,0.5281,0.355,0,21.49,UP,MIDDLE,false,102127,2023-10-23 17:15,ABOVE,8,1.11,1.39,1.093,1,BOUNCE,102128,1.094,BOUNCE,102128,4.528,OVERLAP,NONE,BELOW,RISING,ABOVE
XRPUSDT,104,2023-11-02 10:00,2023-11-09 12:15,103058,0.6088,0.6075,0.211,0,34.72,UP,TOP,false,103072,2023-11-02 13:30,ABOVE,14,2.23,1.33,1.679,1,BOUNCE,103073,1.15,BOUNCE,103073,1.15,OVERLAP,BOUNCE,BELOW,RISING,BELOW
XRPUSDT,105,2023-11-09 12:30,2023-11-13 20:30,103740,0.6983,0.6952,0.452,0,24.51,DOWN,MIDDLE,false,103749,2023-11-09 14:45,BELOW,9,2.1,1.35,1.429,1,THROUGH,103749,0.964,THROUGH,103749,0.964,OVERLAP,NONE,ABOVE,RISING,ABOVE
XRPUSDT,106,2023-11-13 20:45,2023-11-26 10:30,104157,0.6523,0.6502,0.295,0,571.84,UP,MIDDLE,false,104159,2023-11-13 21:15,ABOVE,2,9.27,5.69,8.761,1,BOUNCE,104161,4.017,BOUNCE,104161,4.017,OVERLAP,BOUNCE,BELOW,RISING,BELOW
XRPUSDT,107,2023-11-26 10:45,2023-12-11 01:45,105365,0.6236,0.6216,0.316,0,33.36,UP,TOP,false,105379,2023-11-26 14:15,ABOVE,14,1.99,1.54,0.898,1,BOUNCE,105381,0.465,BOUNCE,105381,0.465,OVERLAP,NONE,BELOW,FALLING,BELOW
XRPUSDT,110,2023-12-20 20:00,2024-01-09 17:45,107706,0.6228,0.6208,0.325,0,22.59,DOWN,MIDDLE,false,107765,2023-12-21 10:45,BELOW,59,1.51,2.13,0.403,-1,BOUNCE,107766,0.483,BOUNCE,107766,1.707,OVERLAP,NONE,ABOVE,RISING,ABOVE
XRPUSDT,111,2024-01-09 18:00,2024-01-26 17:45,109618,0.5611,0.5593,0.318,0,50.86,UP,MIDDLE,false,109675,2024-01-10 08:15,ABOVE,57,3.08,1.4,0.499,1,BOUNCE,109679,1.248,BOUNCE,109679,1.248,OVERLAP,NONE,BELOW,FALLING,BELOW
XRPUSDT,112,2024-01-26 18:00,2024-01-31 13:45,111250,0.5257,0.5246,0.207,0,31.04,UP,TOP,false,111446,2024-01-28 19:00,ABOVE,196,1.67,1.95,0.456,-1,BOUNCE,111447,0.247,BOUNCE,111447,0.247,OVERLAP,NONE,BELOW,FALLING,BELOW
XRPUSDT,113,2024-01-31 14:00,2024-02-03 10:00,111714,0.5068,0.5045,0.461,0,30.84,DOWN,MIDDLE,false,111716,2024-01-31 14:30,BELOW,2,1.21,3.51,1.908,-1,BOUNCE,111718,1.031,BOUNCE,111718,1.031,OVERLAP,BOUNCE,BELOW,FALLING,BELOW
XRPUSDT,114,2024-02-03 10:15,2024-03-25 18:45,111987,0.5094,0.5088,0.115,0,61.28,UP,TOP,false,112071,2024-02-04 07:15,ABOVE,84,3.14,3.77,0.627,-1,BOUNCE,112073,0.824,BOUNCE,112073,0.923,OVERLAP,NONE,BELOW,FALLING,BELOW
XRPUSDT,115,2024-03-25 19:00,2024-03-28 16:30,116918,0.6507,0.6484,0.358,0,26.26,DOWN,TOP,false,116919,2024-03-25 19:15,BELOW,1,1.05,3.63,1.78,1,THROUGH,116919,1.99,THROUGH,116919,1.99,OVERLAP,NONE,ABOVE,RISING,ABOVE
XRPUSDT,116,2024-03-28 16:45,2024-04-04 12:45,117197,0.6224,0.6208,0.254,0,47.47,UP,MIDDLE,false,117226,2024-03-29 00:00,ABOVE,29,2.01,1.93,0.61,1,BOUNCE,117227,0.611,BOUNCE,117227,0.611,OVERLAP,NONE,BELOW,FALLING,BELOW
XRPUSDT,117,2024-04-04 13:00,2024-05-01 06:45,117854,0.5798,0.5781,0.28,0,76.03,UP,TOP,false,117909,2024-04-05 02:45,ABOVE,55,4.71,2.6,0.755,1,BOUNCE,117910,1.501,BOUNCE,117910,1.501,OVERLAP,NONE,BELOW,FALLING,BELOW
XRPUSDT,118,2024-05-01 07:00,2024-05-27 19:30,120422,0.5005,0.4989,0.326,0,20.28,DOWN,MIDDLE,false,120457,2024-05-01 15:45,BELOW,35,3.55,1.18,0.481,-1,THROUGH,120458,2.385,THROUGH,120458,4.169,OVERLAP,NONE,ABOVE,RISING,ABOVE
XRPUSDT,119,2024-05-27 19:45,2024-06-11 01:30,122969,0.5374,0.5364,0.188,0,22.9,DOWN,MIDDLE,false,122971,2024-05-27 20:15,BELOW,2,0.86,0.63,0.336,1,BOUNCE,122972,0.522,BOUNCE,122972,1.92,OVERLAP,NONE,BELOW,FALLING,ABOVE
XRPUSDT,120,2024-06-11 01:45,2024-06-21 21:45,124337,0.4954,0.4937,0.349,0,25.51,DOWN,BOTTOM,false,124477,2024-06-12 12:45,BELOW,140,4.17,1.77,0.75,1,BOUNCE,124478,0.466,BOUNCE,124478,1.762,OVERLAP,NONE,ABOVE,RISING,ABOVE
XRPUSDT,121,2024-06-21 22:00,2024-07-30 09:15,125378,0.486,0.4853,0.143,0,27.2,UP,MIDDLE,false,125418,2024-06-22 08:00,ABOVE,40,0.82,2.46,0.226,-1,THROUGH,125419,0.309,THROUGH,125419,0.309,OVERLAP,NONE,BELOW,FALLING,BELOW
XRPUSDT,122,2024-07-30 09:30,2024-08-07 19:30,129072,0.5985,0.5974,0.183,0,50.11,UP,BOTTOM,false,129245,2024-08-01 04:45,ABOVE,173,9.91,2.52,1.483,-1,BOUNCE,129246,2.155,BOUNCE,129246,2.155,OVERLAP,NONE,BELOW,FALLING,BELOW
XRPUSDT,124,2024-09-06 07:15,2024-09-12 12:30,132711,0.5432,0.5409,0.429,0,22.05,DOWN,BOTTOM,false,132732,2024-09-06 12:30,BELOW,21,1.16,5.06,1.53,-1,THROUGH,132733,0.296,THROUGH,132733,0.296,OVERLAP,NONE,ABOVE,RISING,ABOVE
XRPUSDT,126,2024-09-19 10:00,2024-10-01 07:15,133970,0.5826,0.5815,0.188,0,22.08,UP,BOTTOM,false,133971,2024-09-19 10:15,ABOVE,1,0.24,1.65,0.274,1,BOUNCE,133972,1.064,BOUNCE,133972,1.734,OVERLAP,NONE,ABOVE,FALLING,BELOW
XRPUSDT,127,2024-10-01 07:30,2024-10-13 08:30,135112,0.6223,0.6203,0.319,0,21.4,UP,MIDDLE,false,135136,2024-10-01 13:30,ABOVE,24,1.83,10.41,3.034,1,THROUGH,135136,4.516,THROUGH,135136,6.99,OVERLAP,NONE,BELOW,FALLING,BELOW
XRPUSDT,128,2024-10-13 08:45,2024-10-16 13:15,136269,0.5368,0.5363,0.094,0,21.51,DOWN,MIDDLE,false,136344,2024-10-14 03:30,BELOW,75,2.09,7.65,1.04,-1,THROUGH,136344,0.522,THROUGH,136344,0.764,OVERLAP,NONE,ABOVE,RISING,ABOVE
XRPUSDT,129,2024-10-16 13:30,2024-10-20 21:45,136576,0.545,0.5438,0.219,0,50.54,UP,TOP,false,136581,2024-10-16 14:45,ABOVE,5,0.59,0.85,0.658,1,BOUNCE,136582,1.009,BOUNCE,136582,1.633,OVERLAP,NONE,ABOVE,RISING,ABOVE
XRPUSDT,130,2024-10-20 22:00,2024-10-23 16:30,136994,0.545,0.5435,0.275,1,23.41,IN,TOP,false,137056,2024-10-21 13:30,ABOVE,62,2.73,1.45,1.008,1,BOUNCE,137059,0.477,BOUNCE,137059,0.606,OVERLAP,NONE,BELOW,FALLING,BELOW
XRPUSDT,131,2024-10-23 16:45,2024-11-05 19:30,137261,0.5231,0.5213,0.348,0,20.16,DOWN,BOTTOM,false,137265,2024-10-23 17:45,BELOW,4,0.79,3.96,0.965,-1,BOUNCE,137266,1.918,BOUNCE,137266,1.918,OVERLAP,NONE,BELOW,FALLING,BELOW
XRPUSDT,132,2024-11-05 19:45,2024-11-11 19:45,138521,0.5132,0.5123,0.177,0,40.65,DOWN,TOP,false,138524,2024-11-05 20:30,BELOW,3,0.9,0.7,0.468,1,THROUGH,138525,0.156,THROUGH,138525,3.494,OVERLAP,NONE,ABOVE,RISING,ABOVE
XRPUSDT,133,2024-11-11 20:00,2024-12-16 15:45,139098,0.5994,0.5937,0.927,0,35.63,UP,TOP,false,139115,2024-11-12 00:15,ABOVE,17,5.06,1.77,2.381,1,BOUNCE,139116,2.503,BOUNCE,139116,2.503,OVERLAP,NONE,BELOW,RISING,BELOW
XRPUSDT,134,2024-12-16 16:00,2025-01-10 13:15,142442,2.3765,2.3651,0.465,0,22.67,UP,MIDDLE,false,142650,2024-12-18 20:00,ABOVE,208,14.21,9.98,7.983,-1,THROUGH,142650,2.647,THROUGH,142650,6.947,OVERLAP,NONE,BELOW,FALLING,BELOW
XRPUSDT,135,2025-01-10 13:30,2025-01-22 19:15,144832,2.3186,2.305,0.599,0,24.64,DOWN,TOP,false,144835,2025-01-10 14:15,BELOW,3,1.5,1.09,0.618,-1,BOUNCE,144836,2.469,BOUNCE,144836,2.469,OVERLAP,NONE,BELOW,FALLING,ABOVE
XRPUSDT,136,2025-01-22 19:30,2025-02-03 13:45,146008,3.1769,3.1583,0.58,0,20.16,UP,MIDDLE,false,146015,2025-01-22 21:15,ABOVE,7,2.81,0.82,0.796,1,BOUNCE,146016,0.592,BOUNCE,146016,0.592,OVERLAP,BOUNCE,BELOW,RISING,BELOW
XRPUSDT,137,2025-02-03 14:00,2025-03-02 15:00,147138,2.3756,2.3288,2.075,0,23.25,DOWN,BOTTOM,false,147140,2025-02-03 14:30,BELOW,2,3.68,5.03,7.387,-1,THROUGH,147142,12.341,THROUGH,147142,17.335,OVERLAP,NONE,ABOVE,FALLING,ABOVE
XRPUSDT,138,2025-03-02 15:15,2025-03-04 14:15,149735,2.2374,2.222,0.646,0,21.85,UP,BOTTOM,false,149874,2025-03-04 02:00,ABOVE,139,31.33,2.42,3.881,-1,BOUNCE,149875,3.969,BOUNCE,149875,6.159,OVERLAP,NONE,BELOW,FALLING,BELOW
XRPUSDT,139,2025-03-04 14:30,2025-04-24 13:15,149924,2.3342,2.3033,1.283,0,27.09,UP,BOTTOM,false,149926,2025-03-04 15:00,ABOVE,2,3.21,2.31,2.39,-1,BOUNCE,149928,6.992,BOUNCE,149928,8.714,OVERLAP,NONE,ABOVE,RISING,ABOVE
XRPUSDT,140,2025-04-24 13:30,2025-04-27 12:15,154816,2.1698,2.1632,0.302,0,63.82,UP,TOP,false,154817,2025-04-24 13:45,ABOVE,1,0.74,1.35,0.775,-1,BOUNCE,154818,3,BOUNCE,154818,3,OVERLAP,NONE,ABOVE,RISING,ABOVE
XRPUSDT,141,2025-04-27 12:30,2025-05-25 21:45,155100,2.1812,2.1724,0.393,0,24.58,UP,TOP,false,155389,2025-04-30 12:45,ABOVE,289,7.81,3.05,1.063,-1,THROUGH,155390,2.329,THROUGH,155390,2.329,OVERLAP,NONE,BELOW,FALLING,BELOW
XRPUSDT,142,2025-05-25 22:00,2025-07-20 21:45,157826,2.3088,2.3016,0.311,0,24.05,UP,TOP,false,157902,2025-05-26 17:00,ABOVE,76,1.84,1.13,0.455,-1,THROUGH,157904,0.329,THROUGH,157904,0.329,OVERLAP,NONE,BELOW,FALLING,BELOW
XRPUSDT,143,2025-07-20 22:00,2025-09-10 12:15,163202,3.5066,3.4972,0.272,0,30.98,DOWN,BOTTOM,false,163227,2025-07-21 04:15,BELOW,25,2.12,1.31,0.877,-1,BOUNCE,163231,0.234,BOUNCE,163231,0.234,OVERLAP,NONE,ABOVE,RISING,ABOVE
XRPUSDT,144,2025-09-10 12:30,2025-09-28 21:45,168156,2.9763,2.9707,0.187,0,22.63,UP,MIDDLE,false,168183,2025-09-10 19:15,ABOVE,27,1.21,2.32,0.642,1,BOUNCE,168184,0.323,BOUNCE,168184,0.682,OVERLAP,NONE,BELOW,FALLING,BELOW
XRPUSDT,145,2025-09-28 22:00,2025-10-10 20:30,169922,2.8383,2.8322,0.214,0,20.07,UP,MIDDLE,false,170065,2025-09-30 09:45,ABOVE,143,2.55,2.41,0.37,1,BOUNCE,170066,0.395,BOUNCE,170066,0.814,OVERLAP,NONE,BELOW,FALLING,BELOW
XRPUSDT,147,2025-10-17 01:00,2025-10-19 08:00,171662,2.3376,2.3276,0.422,0,29.86,UP,TOP,false,171667,2025-10-17 02:15,ABOVE,5,1.42,0.62,0.522,-1,BOUNCE,171668,1.232,BOUNCE,171668,1.232,OVERLAP,NONE,ABOVE,RISING,BELOW
XRPUSDT,148,2025-10-19 08:15,2025-11-14 04:15,171883,2.3509,2.346,0.209,0,21.63,IN,MIDDLE,false,171888,2025-10-19 09:30,BELOW,5,1.16,2.81,1.41,-1,THROUGH,171889,1.969,THROUGH,171889,2.677,OVERLAP,THROUGH,ABOVE,FALLING,ABOVE
XRPUSDT,149,2025-11-14 04:30,2025-12-03 13:45,174364,2.3058,2.2963,0.418,0,35.85,DOWN,BOTTOM,false,174365,2025-11-14 04:45,BELOW,1,1.04,2.37,1.092,-1,BOUNCE,174366,1.302,BOUNCE,174366,1.302,OVERLAP,NONE,BELOW,FALLING,BELOW
XRPUSDT,150,2025-12-03 14:00,2025-12-08 08:45,176226,2.1785,2.1737,0.223,0,24.96,DOWN,MIDDLE,false,176228,2025-12-03 14:30,BELOW,2,0.85,3.75,2.126,1,THROUGH,176228,0.653,THROUGH,176228,0.653,OVERLAP,NONE,ABOVE,FALLING,ABOVE
XRPUSDT,151,2025-12-08 09:00,2026-01-13 13:15,176686,2.0943,2.088,0.299,0,24.77,UP,TOP,false,176694,2025-12-08 11:00,ABOVE,8,0.74,0.92,0.367,1,HELD,,0.325,BOUNCE,176703,0.807,OVERLAP,NONE,ABOVE,RISING,ABOVE
XRPUSDT,152,2026-01-13 13:30,2026-01-18 22:45,180160,2.0639,2.0584,0.266,0,27.37,UP,BOTTOM,false,180162,2026-01-13 14:00,ABOVE,2,0.3,1.47,0.527,1,BOUNCE,180163,2.127,BOUNCE,180163,4.114,OVERLAP,NONE,ABOVE,RISING,ABOVE
XRPUSDT,154,2026-01-25 16:00,2026-02-01 22:45,181322,1.889,1.883,0.324,0,31.86,DOWN,BOTTOM,false,181358,2026-01-26 01:00,BELOW,36,3.64,2.75,1.676,-1,BOUNCE,181359,0.643,BOUNCE,181359,1.009,OVERLAP,NONE,ABOVE,RISING,ABOVE
XRPUSDT,155,2026-02-01 23:00,2026-02-07 15:45,182022,1.6061,1.596,0.639,0,26.45,DOWN,MIDDLE,false,182023,2026-02-01 23:15,BELOW,1,0.94,4.44,1.888,-1,BOUNCE,182025,1.172,BOUNCE,182025,4.154,OVERLAP,THROUGH,BELOW,FALLING,BELOW
XRPUSDT,156,2026-02-07 16:00,2026-02-28 06:00,182570,1.412,1.4053,0.472,0,33.06,UP,MIDDLE,false,182572,2026-02-07 16:30,ABOVE,2,0.61,0.33,1.07,-1,BOUNCE,182573,2.5,BOUNCE,182573,2.5,OVERLAP,THROUGH,ABOVE,RISING,BELOW
XRPUSDT,159,2026-03-08 22:00,2026-03-17 13:15,185378,1.3483,1.3458,0.187,0,51.46,DOWN,MIDDLE,false,185380,2026-03-08 22:30,BELOW,2,0.91,1.84,1.006,-1,BOUNCE,185381,0.602,BOUNCE,185381,0.684,OVERLAP,NONE,BELOW,FALLING,BELOW
XRPUSDT,160,2026-03-17 13:30,2026-03-21 23:30,186208,1.5094,1.5048,0.306,0,30.65,DOWN,BOTTOM,false,186209,2026-03-17 13:45,BELOW,1,0.02,4.39,1.218,-1,BOUNCE,186210,0.764,BOUNCE,186210,0.764,OVERLAP,NONE,BELOW,FALLING,BELOW
XRPUSDT,162,2026-03-23 11:00,2026-03-27 10:15,186774,1.3744,1.3684,0.42,0,63.84,UP,MIDDLE,false,187056,2026-03-26 09:30,ABOVE,282,6.29,3.92,0.919,-1,BOUNCE,187059,0.138,BOUNCE,187059,0.56,OVERLAP,NONE,BELOW,FALLING,BELOW
XRPUSDT,163,2026-03-27 10:30,2026-04-25 15:30,187156,1.3468,1.345,0.135,0,32.32,DOWN,MIDDLE,false,187264,2026-03-28 13:30,BELOW,108,1.97,11.85,1.281,1,THROUGH,187264,0.81,THROUGH,187264,0.81,OVERLAP,NONE,ABOVE,RISING,ABOVE
XRPUSDT,164,2026-04-25 15:45,2026-06-14 21:00,189961,1.4303,1.4292,0.077,0,27.37,DOWN,MIDDLE,false,190039,2026-04-26 11:15,BELOW,78,0.79,2.39,0.245,1,THROUGH,190039,0.049,THROUGH,190039,0.049,OVERLAP,NONE,ABOVE,RISING,ABOVE
XRPUSDT,165,2026-06-14 21:15,2026-06-24 10:00,194783,1.1398,1.1372,0.225,0,30.21,UP,TOP,false,195144,2026-06-18 15:30,ABOVE,361,13.09,3.73,1.161,-1,BOUNCE,195146,0.737,BOUNCE,195146,1.281,OVERLAP,NONE,BELOW,FALLING,BELOW
XRPUSDT,166,2026-06-24 10:15,2026-08-08 05:15,195699,1.0982,1.0953,0.267,0,23.51,DOWN,BOTTOM,true,195705,2026-06-24 11:45,BELOW,6,1.09,2.8,1.169,-1,BOUNCE,195706,2.018,BOUNCE,195706,4.583,OVERLAP,NONE,ABOVE,FALLING,BELOW
BNBUSDT,0,2020-12-13 22:15,2021-03-12 12:45,1923,29.1,29.07,0.104,0,20.59,DOWN,MIDDLE,false,1926,2020-12-13 23:00,BELOW,3,0.94,2.51,0.53,1,BOUNCE,1927,0.691,BOUNCE,1927,0.757,OVERLAP,NONE,ABOVE,FALLING,ABOVE
BNBUSDT,1,2021-03-12 13:00,2021-05-13 16:30,10430,277.546,274.901,1.035,0,29.88,DOWN,BOTTOM,false,10443,2021-03-12 16:15,BELOW,13,7.01,0.53,1.154,-1,BOUNCE,10444,5.26,BOUNCE,10444,6.956,OVERLAP,BOUNCE,ABOVE,RISING,ABOVE
BNBUSDT,2,2021-05-13 16:45,2021-06-01 07:45,16397,607.17,595.48,2.061,0,34.93,DOWN,MIDDLE,false,16455,2021-05-14 07:15,BELOW,58,8.16,2.1,1.243,-1,BOUNCE,16456,0.455,BOUNCE,16456,0.455,OVERLAP,NONE,ABOVE,RISING,ABOVE
BNBUSDT,3,2021-06-01 08:00,2021-07-06 03:45,18186,349.3,346.4,0.836,0,32.19,IN,BOTTOM,false,18188,2021-06-01 08:30,BELOW,2,0.34,2.16,2.118,1,BOUNCE,18189,2.107,BOUNCE,18189,2.107,OVERLAP,NONE,BELOW,FALLING,BELOW
BNBUSDT,4,2021-07-06 04:00,2021-07-15 07:45,21530,305.23,304.25,0.316,0,20.15,UP,MIDDLE,false,21795,2021-07-08 22:15,ABOVE,265,10.75,2.86,1.332,-1,BOUNCE,21798,1.864,BOUNCE,21798,2.215,OVERLAP,NONE,BELOW,FALLING,BELOW
BNBUSDT,5,2021-07-15 08:00,2021-08-13 19:45,22410,303.1,301.89,0.388,0,20.16,UP,BOTTOM,false,22515,2021-07-16 10:15,ABOVE,105,6.36,1.99,0.919,-1,BOUNCE,22516,1.778,BOUNCE,22516,2.87,OVERLAP,NONE,BELOW,FALLING,BELOW
BNBUSDT,6,2021-08-13 20:00,2021-09-13 13:15,25242,396.66,395.53,0.279,0,27.56,UP,MIDDLE,false,25385,2021-08-15 07:45,ABOVE,143,5.4,5.01,1.215,-1,BOUNCE,25386,2.163,BOUNCE,25386,2.662,OVERLAP,NONE,BELOW,FALLING,BELOW
BNBUSDT,7,2021-09-13 13:30,2021-09-16 03:00,28192,399.45,396.69,0.675,0,23.65,UP,TOP,false,28194,2021-09-13 14:00,ABOVE,2,2.31,6.73,3.63,-1,THROUGH,28194,3.838,THROUGH,28194,3.838,OVERLAP,NONE,BELOW,RISING,BELOW
BNBUSDT,8,2021-09-16 03:15,2021-09-29 09:45,28439,428.36,426.77,0.376,0,22.85,DOWN,BOTTOM,false,28442,2021-09-16 04:00,BELOW,3,0.88,2.33,0.925,1,THROUGH,28443,1.136,THROUGH,28443,1.136,OVERLAP,NONE,ABOVE,FALLING,ABOVE
BNBUSDT,10,2021-11-16 00:00,2021-12-31 00:45,34282,634.6,632.28,0.371,0,22.16,DOWN,MIDDLE,false,34284,2021-11-16 00:30,BELOW,2,1.08,1.96,0.991,-1,BOUNCE,34285,3.263,BOUNCE,34285,5.736,OVERLAP,NONE,BELOW,FALLING,ABOVE
BNBUSDT,11,2021-12-31 01:00,2022-01-07 13:15,38606,518.73,516.15,0.505,0,25.92,DOWN,MIDDLE,false,38608,2021-12-31 01:30,BELOW,2,1.11,1.04,0.711,1,BOUNCE,38609,1.271,BOUNCE,38609,1.345,OVERLAP,NONE,BELOW,FALLING,ABOVE
BNBUSDT,12,2022-01-07 13:30,2022-01-15 19:30,39328,452.76,450.69,0.467,0,27.69,DOWN,BOTTOM,false,39333,2022-01-07 14:45,BELOW,5,1.58,0.74,0.442,-1,BOUNCE,39334,2.762,BOUNCE,39334,2.762,OVERLAP,NONE,BELOW,FALLING,BELOW
BNBUSDT,13,2022-01-15 19:45,2022-03-13 22:30,40121,498.95,498.17,0.157,0,30.09,DOWN,MIDDLE,false,40122,2022-01-15 20:00,BELOW,1,0.25,0.94,0.433,1,BOUNCE,40124,1.038,BOUNCE,40124,1.819,OVERLAP,NONE,ABOVE,RISING,ABOVE
BNBUSDT,14,2022-03-13 22:45,2022-03-22 01:45,45605,370.62,369.21,0.39,0,24.71,DOWN,BOTTOM,false,45626,2022-03-14 04:00,BELOW,21,2.61,2.52,1.464,-1,BOUNCE,45628,0.577,BOUNCE,45628,0.577,OVERLAP,NONE,ABOVE,RISING,ABOVE
BNBUSDT,15,2022-03-22 02:00,2022-04-30 21:45,46386,397.33,396.29,0.26,0,29.11,UP,TOP,false,48376,2022-04-11 19:30,ABOVE,1990,15.71,1.71,0.622,-1,BOUNCE,48377,0.596,BOUNCE,48377,0.596,OVERLAP,NONE,BELOW,FALLING,BELOW
BNBUSDT,16,2022-04-30 22:00,2022-05-06 13:15,50210,389.27,388.52,0.194,0,28.04,DOWN,BOTTOM,false,50281,2022-05-01 15:45,BELOW,71,3.09,2.72,0.86,-1,THROUGH,50281,0.381,THROUGH,50281,0.381,OVERLAP,NONE,ABOVE,RISING,ABOVE
BNBUSDT,17,2022-05-06 13:30,2022-05-18 20:15,50752,377.52,376.28,0.333,0,23.36,DOWN,MIDDLE,false,50754,2022-05-06 14:00,BELOW,2,0.95,1.84,0.946,-1,BOUNCE,50755,0.627,BOUNCE,50755,0.627,OVERLAP,NONE,BELOW,FALLING,BELOW
BNBUSDT,18,2022-05-18 20:30,2022-06-06 19:45,51932,294.86,293.55,0.449,0,22.13,DOWN,MIDDLE,false,51934,2022-05-18 21:00,BELOW,2,0.5,0.36,0.419,-1,BOUNCE,51939,2.483,BOUNCE,51939,2.483,OVERLAP,NONE,BELOW,FALLING,BELOW
BNBUSDT,20,2022-06-18 06:45,2022-07-10 13:15,54853,211.29,210.52,0.378,0,35.82,DOWN,BOTTOM,false,54997,2022-06-19 18:45,BELOW,144,11.77,2.21,3.026,1,THROUGH,54997,2.503,THROUGH,54997,2.617,OVERLAP,NONE,ABOVE,RISING,ABOVE
BNBUSDT,21,2022-07-10 13:30,2022-07-25 18:45,56992,236.48,236.11,0.158,0,20.42,DOWN,MIDDLE,false,57385,2022-07-14 15:45,BELOW,393,8.17,4.15,1.02,1,BOUNCE,57387,0.627,BOUNCE,57387,0.627,OVERLAP,NONE,ABOVE,RISING,ABOVE
BNBUSDT,22,2022-07-25 19:00,2022-08-02 22:45,58454,255.56,254.72,0.335,0,20.5,DOWN,MIDDLE,false,58459,2022-07-25 20:15,BELOW,5,1.64,1.13,0.615,-1,BOUNCE,58461,2.096,BOUNCE,58461,5.111,OVERLAP,NONE,BELOW,FALLING,BELOW
BNBUSDT,23,2022-08-02 23:00,2022-08-19 06:15,59238,285.32,284.09,0.433,0,33.8,DOWN,BOTTOM,false,59239,2022-08-02 23:15,BELOW,1,0.02,2.81,0.903,1,THROUGH,59240,0.162,THROUGH,59240,0.162,OVERLAP,NONE,BELOW,FALLING,ABOVE
BNBUSDT,24,2022-08-19 06:30,2022-08-27 21:30,60804,291.6,290.58,0.361,0,67.75,DOWN,BOTTOM,false,60994,2022-08-21 06:00,BELOW,190,4.34,2.21,0.561,1,BOUNCE,60996,0.406,BOUNCE,60996,0.406,OVERLAP,NONE,ABOVE,RISING,ABOVE
BNBUSDT,25,2022-08-27 21:45,2022-09-06 16:45,61633,277.34,276.61,0.266,0,32.66,DOWN,BOTTOM,false,61636,2022-08-27 22:30,BELOW,3,0.79,2.28,1.186,-1,BOUNCE,61637,0.354,BOUNCE,61637,0.354,OVERLAP,NONE,BELOW,FALLING,BELOW
BNBUSDT,26,2022-09-06 17:00,2022-10-06 20:00,62574,280.33,279.67,0.244,0,52.54,DOWN,MIDDLE,false,62686,2022-09-07 21:00,BELOW,112,7.06,3.28,1.35,1,BOUNCE,62687,0.844,BOUNCE,62687,0.844,OVERLAP,NONE,ABOVE,RISING,ABOVE
BNBUSDT,28,2022-10-10 22:00,2022-10-31 09:15,65858,274.99,274.69,0.11,0,21.75,DOWN,TOP,false,66160,2022-10-14 01:30,BELOW,302,5.98,5.73,0.941,1,THROUGH,66160,0.604,THROUGH,66160,0.604,OVERLAP,NONE,ABOVE,RISING,ABOVE
BNBUSDT,29,2022-10-31 09:30,2022-11-08 15:45,67824,312.2,311.14,0.325,0,55.33,UP,TOP,false,68571,2022-11-08 04:15,ABOVE,747,15.32,6.09,6.249,1,BOUNCE,68572,4.35,BOUNCE,68572,7.687,OVERLAP,NONE,BELOW,FALLING,BELOW
BNBUSDT,30,2022-11-08 16:00,2022-11-10 13:15,68618,327.15,323,1.134,0,20.26,UP,TOP,false,68627,2022-11-08 18:15,ABOVE,9,18.61,1.52,6.581,1,BOUNCE,68628,4.915,BOUNCE,68628,4.915,OVERLAP,NONE,BELOW,FALLING,BELOW
BNBUSDT,31,2022-11-10 13:30,2022-11-23 02:00,68800,280.43,277.9,0.869,0,20.05,UP,MIDDLE,false,68899,2022-11-11 14:15,ABOVE,99,11.15,6.4,4.35,-1,BOUNCE,68900,4.957,BOUNCE,68900,4.957,OVERLAP,NONE,BELOW,FALLING,BELOW
BNBUSDT,34,2022-11-29 00:00,2022-12-12 12:00,70570,293.49,293,0.169,0,24.51,DOWN,MIDDLE,false,70576,2022-11-29 01:30,BELOW,6,1.1,1.61,0.672,-1,THROUGH,70577,1.372,THROUGH,70577,3.724,OVERLAP,NONE,ABOVE,FALLING,ABOVE
BNBUSDT,36,2022-12-19 13:00,2022-12-27 14:15,72542,248.18,247.52,0.265,0,21.88,UP,TOP,false,72543,2022-12-19 13:15,ABOVE,1,0.41,1.48,0.657,1,BOUNCE,72544,0.645,BOUNCE,72544,0.645,OVERLAP,NONE,ABOVE,RISING,BELOW
BNBUSDT,37,2022-12-27 14:30,2023-01-02 00:45,73316,243.6,243.39,0.086,0,22.47,DOWN,MIDDLE,false,73318,2022-12-27 15:00,BELOW,2,0.19,1.77,0.464,1,THROUGH,73319,2.63,THROUGH,73319,2.63,OVERLAP,NONE,BELOW,FALLING,BELOW
BNBUSDT,38,2023-01-02 01:00,2023-01-07 00:30,73838,243.83,243.39,0.182,1,24.69,DOWN,BOTTOM,false,73849,2023-01-02 03:45,BELOW,11,0.65,1.44,0.406,-1,BOUNCE,73851,0.234,BOUNCE,73851,0.234,OVERLAP,NONE,ABOVE,FALLING,ABOVE
BNBUSDT,39,2023-01-07 00:45,2023-01-30 18:45,74317,259.98,259.39,0.224,0,24.95,UP,MIDDLE,false,74364,2023-01-07 12:30,ABOVE,47,1.2,2.5,0.269,1,BOUNCE,74365,0.327,BOUNCE,74365,0.596,OVERLAP,NONE,BELOW,FALLING,BELOW
BNBUSDT,40,2023-01-30 19:00,2023-03-03 01:00,76598,308.97,308.26,0.234,0,20.26,DOWN,MIDDLE,false,76622,2023-01-31 01:00,BELOW,24,1.55,2.34,0.952,-1,THROUGH,76622,0.597,THROUGH,76622,1.784,OVERLAP,NONE,ABOVE,RISING,ABOVE
BNBUSDT,43,2023-03-16 14:15,2023-04-03 19:45,80899,311.22,309.33,0.581,0,26.85,UP,BOTTOM,false,81958,2023-03-27 15:00,ABOVE,1059,10.92,13.71,1.754,-1,BOUNCE,81959,2.799,BOUNCE,81959,2.799,OVERLAP,NONE,BELOW,FALLING,BELOW
BNBUSDT,44,2023-04-03 20:00,2023-04-21 07:30,82650,311.79,309.33,0.817,1,42.33,DOWN,TOP,false,82662,2023-04-03 23:00,BELOW,12,2.67,0.85,0.877,-1,BOUNCE,82663,0.491,BOUNCE,82663,0.491,OVERLAP,NONE,ABOVE,RISING,ABOVE
BNBUSDT,45,2023-04-21 07:45,2023-05-26 06:30,84329,318.96,316.56,0.728,0,20.16,UP,MIDDLE,false,84374,2023-04-21 19:00,ABOVE,45,3.57,6.1,2.022,1,BOUNCE,84376,1.097,BOUNCE,84376,1.141,OVERLAP,NONE,BELOW,FALLING,BELOW
BNBUSDT,47,2023-05-29 11:45,2023-06-05 14:45,87993,314.01,313.74,0.086,0,41.38,UP,BOTTOM,false,88008,2023-05-29 15:30,ABOVE,15,1.01,1.32,0.242,1,THROUGH,88009,0.627,THROUGH,88009,0.866,OVERLAP,NONE,BELOW,FALLING,BELOW
BNBUSDT,49,2023-06-13 20:30,2023-06-30 13:15,89468,237.45,236.85,0.251,0,52.5,UP,MIDDLE,false,89562,2023-06-14 20:00,ABOVE,94,5.97,4.5,3.15,1,BOUNCE,89563,1.339,BOUNCE,89563,1.39,OVERLAP,BOUNCE,BELOW,FALLING,BELOW
BNBUSDT,50,2023-06-30 13:30,2023-07-03 09:45,91072,241.47,240.59,0.373,0,20.6,DOWN,TOP,false,91087,2023-06-30 17:15,BELOW,15,2.44,0.83,0.513,-1,BOUNCE,91090,0.919,BOUNCE,91090,0.919,OVERLAP,NONE,ABOVE,RISING,ABOVE
BNBUSDT,51,2023-07-03 10:00,2023-07-06 20:45,91346,248.93,248.13,0.321,0,29.21,UP,MIDDLE,false,91353,2023-07-03 11:45,ABOVE,7,0.51,0.6,0.386,1,THROUGH,91354,0.289,THROUGH,91354,0.856,OVERLAP,NONE,BELOW,RISING,BELOW
BNBUSDT,52,2023-07-06 21:00,2023-07-08 19:00,91678,238,237.33,0.284,0,47.82,DOWN,MIDDLE,false,91791,2023-07-08 01:15,BELOW,113,2.44,3.61,0.625,1,BOUNCE,91792,0.978,BOUNCE,91792,1.087,OVERLAP,NONE,ABOVE,RISING,ABOVE
BNBUSDT,53,2023-07-08 19:15,2023-07-10 09:00,91863,235.7,235.52,0.077,0,23.93,DOWN,BOTTOM,false,91874,2023-07-08 22:00,BELOW,11,0.44,0.84,0.174,1,THROUGH,91877,0.382,THROUGH,91877,0.548,OVERLAP,NONE,ABOVE,RISING,BELOW
BNBUSDT,55,2023-07-22 23:15,2023-07-24 09:30,93223,241.95,241.75,0.083,0,23.08,DOWN,BOTTOM,false,93230,2023-07-23 01:00,BELOW,7,0.46,1.28,0.19,-1,THROUGH,93231,0.17,THROUGH,93231,0.381,OVERLAP,THROUGH,BELOW,FALLING,ABOVE
BNBUSDT,57,2023-07-27 05:00,2023-07-30 14:30,93630,240.63,240.36,0.111,0,84.01,UP,TOP,false,93668,2023-07-27 14:30,ABOVE,38,1.05,1.62,0.282,1,BOUNCE,93669,0.337,BOUNCE,93669,0.337,OVERLAP,NONE,BELOW,FALLING,BELOW
BNBUSDT,58,2023-07-30 14:45,2023-08-02 16:30,93957,242.89,242.5,0.16,0,25.86,UP,TOP,false,93961,2023-07-30 15:45,ABOVE,4,0.3,1.07,0.341,1,BOUNCE,93962,0.482,BOUNCE,93962,0.482,OVERLAP,NONE,ABOVE,RISING,ABOVE
BNBUSDT,59,2023-08-02 16:45,2023-08-11 23:00,94253,243.73,243.04,0.291,0,75.88,DOWN,BOTTOM,false,94402,2023-08-04 06:00,BELOW,149,2.3,5.7,0.358,1,BOUNCE,94403,0.551,BOUNCE,94403,0.671,OVERLAP,NONE,ABOVE,RISING,ABOVE
BNBUSDT,60,2023-08-11 23:15,2023-08-15 18:45,95143,239.11,238.96,0.063,0,31.6,UP,TOP,false,95453,2023-08-15 04:45,ABOVE,310,0.98,1.62,0.104,-1,BOUNCE,95454,0.184,BOUNCE,95454,0.322,OVERLAP,NONE,BELOW,FALLING,BELOW
BNBUSDT,61,2023-08-15 19:00,2023-09-07 11:00,95510,239.25,238.75,0.213,1,50.38,DOWN,MIDDLE,false,96835,2023-08-29 14:15,BELOW,1325,14.4,58.78,8.724,1,BOUNCE,96836,4.758,BOUNCE,96836,5.173,OVERLAP,NONE,ABOVE,RISING,ABOVE
BNBUSDT,62,2023-09-07 11:15,2023-09-26 01:30,97687,215.24,214.95,0.135,0,21.68,DOWN,BOTTOM,false,97703,2023-09-07 15:15,BELOW,16,0.55,1,0.252,-1,BOUNCE,97704,0.274,BOUNCE,97704,0.274,OVERLAP,NONE,BELOW,RISING,BELOW
BNBUSDT,65,2023-10-06 12:30,2023-10-08 10:30,100476,212.14,211.91,0.109,0,29.03,DOWN,BOTTOM,false,100480,2023-10-06 13:30,BELOW,4,0.62,3.9,0.671,1,BOUNCE,100481,0.472,BOUNCE,100481,0.472,OVERLAP,NONE,BELOW,FALLING,BELOW
BNBUSDT,66,2023-10-08 10:45,2023-10-09 23:00,100661,211.11,210.85,0.124,0,25.63,DOWN,BOTTOM,false,100671,2023-10-08 13:15,BELOW,10,0.54,0.99,0.521,-1,THROUGH,100673,0.896,THROUGH,100673,0.896,OVERLAP,NONE,ABOVE,FALLING,ABOVE
BNBUSDT,67,2023-10-09 23:15,2023-10-10 05:15,100807,206.39,205.92,0.229,0,21.69,DOWN,MIDDLE,false,100810,2023-10-10 00:00,BELOW,3,0.33,1.77,0.369,-1,THROUGH,100815,0.636,THROUGH,100815,1.18,OVERLAP,NONE,BELOW,FALLING,ABOVE
BNBUSDT,68,2023-10-10 05:30,2023-10-13 20:30,100832,206.85,206.67,0.087,0,27.71,UP,MIDDLE,false,100857,2023-10-10 11:45,ABOVE,25,1.76,0.76,0.328,1,BOUNCE,100858,0.817,BOUNCE,100858,0.948,OVERLAP,THROUGH,BELOW,FALLING,BELOW
BNBUSDT,69,2023-10-13 20:45,2023-10-16 05:00,101181,205.78,205.6,0.087,0,33.82,UP,MIDDLE,false,101241,2023-10-14 11:45,ABOVE,60,0.88,1.41,0.073,1,BOUNCE,101242,0.379,BOUNCE,101242,0.544,OVERLAP,NONE,BELOW,FALLING,BELOW
BNBUSDT,70,2023-10-16 05:15,2023-10-22 22:15,101407,211.02,210.75,0.127,0,52.97,UP,TOP,false,101536,2023-10-17 13:30,ABOVE,129,3,1.16,0.332,-1,THROUGH,101537,0.948,THROUGH,101537,0.948,OVERLAP,NONE,BELOW,FALLING,BELOW
BNBUSDT,72,2023-11-06 13:00,2023-12-03 12:15,103454,247.32,246.37,0.378,0,24.92,UP,TOP,false,103538,2023-11-07 10:00,ABOVE,84,3.21,2.85,0.729,1,BOUNCE,103539,0.598,BOUNCE,103539,0.598,OVERLAP,NONE,BELOW,FALLING,BELOW
BNBUSDT,73,2023-12-03 12:30,2023-12-08 11:00,106044,228.32,228.12,0.088,0,24.5,DOWN,BOTTOM,false,106046,2023-12-03 13:00,BELOW,2,0.54,2.74,0.698,1,BOUNCE,106047,0.693,BOUNCE,106047,0.894,OVERLAP,NONE,BELOW,FALLING,BELOW
BNBUSDT,74,2023-12-08 11:15,2023-12-19 10:15,106519,234.86,234.6,0.11,0,33.6,UP,MIDDLE,false,106520,2023-12-08 11:30,ABOVE,1,0.24,1.98,0.599,1,BOUNCE,106521,0.443,BOUNCE,106521,0.792,OVERLAP,NONE,ABOVE,RISING,ABOVE
BNBUSDT,76,2023-12-20 20:00,2024-01-15 12:00,107706,259.9,259.2,0.272,0,20.39,DOWN,MIDDLE,false,107715,2023-12-20 22:15,BELOW,9,1.07,0.46,0.313,1,BOUNCE,107716,0.532,BOUNCE,107716,1.157,OVERLAP,NONE,ABOVE,RISING,ABOVE
BNBUSDT,77,2024-01-15 12:15,2024-01-17 11:15,110171,313.6,312.54,0.333,0,32.59,UP,BOTTOM,false,110181,2024-01-15 14:45,ABOVE,10,1.61,1.23,1.024,1,BOUNCE,110182,1.285,BOUNCE,110182,1.62,OVERLAP,NONE,BELOW,FALLING,BELOW
BNBUSDT,78,2024-01-17 11:30,2024-02-04 13:45,110360,308.44,308,0.141,0,30.9,UP,BOTTOM,false,110387,2024-01-17 18:15,ABOVE,27,1.66,1.06,0.418,-1,BOUNCE,110388,0.337,BOUNCE,110388,0.668,OVERLAP,NONE,BELOW,FALLING,BELOW
BNBUSDT,79,2024-02-04 14:00,2024-02-08 02:15,112098,300.12,299.94,0.059,0,34.59,UP,MIDDLE,false,112203,2024-02-05 16:15,ABOVE,105,2.37,1.06,0.373,-1,BOUNCE,112204,0.43,BOUNCE,112204,0.596,OVERLAP,NONE,BELOW,FALLING,BELOW
BNBUSDT,82,2024-02-23 19:30,2024-02-25 10:45,113944,375.08,373.69,0.369,0,34.18,UP,MIDDLE,false,113950,2024-02-23 21:00,ABOVE,6,0.54,0.42,0.432,-1,BOUNCE,113951,0.235,BOUNCE,113951,0.568,OVERLAP,BOUNCE,ABOVE,RISING,BELOW
BNBUSDT,83,2024-02-25 11:00,2024-03-29 04:00,114102,379.44,379.05,0.102,0,24.88,UP,MIDDLE,false,115001,2024-03-05 19:45,ABOVE,899,12.49,4.81,11.407,-1,THROUGH,115001,1.834,THROUGH,115001,1.834,OVERLAP,NONE,BELOW,FALLING,BELOW
BNBUSDT,84,2024-03-29 04:15,2024-04-12 05:30,117243,589.3,587.41,0.312,0,21.26,UP,TOP,false,117536,2024-04-01 05:30,ABOVE,293,5.2,3.67,1.072,-1,THROUGH,117537,2.954,THROUGH,117537,2.954,OVERLAP,NONE,BELOW,FALLING,BELOW
BNBUSDT,85,2024-04-12 05:45,2024-04-13 19:30,118593,619.22,617.5,0.275,0,21.47,UP,TOP,false,118601,2024-04-12 07:45,ABOVE,8,1.13,0.93,0.439,1,BOUNCE,118602,1.004,BOUNCE,118602,1.04,OVERLAP,NONE,ABOVE,RISING,ABOVE
BNBUSDT,86,2024-04-13 19:45,2024-04-23 10:00,118745,578.66,573.71,0.909,0,40.94,DOWN,BOTTOM,false,118883,2024-04-15 06:15,BELOW,138,9.9,3.37,1.467,1,HELD,,0.176,THROUGH,118895,1.105,OVERLAP,NONE,ABOVE,RISING,ABOVE
BNBUSDT,87,2024-04-23 10:15,2024-05-14 05:45,119667,605.89,604.37,0.249,0,21.49,UP,MIDDLE,false,119670,2024-04-23 11:00,ABOVE,3,0.79,2.22,1.072,1,THROUGH,119671,0.556,THROUGH,119671,0.556,OVERLAP,NONE,BELOW,RISING,BELOW
BNBUSDT,88,2024-05-14 06:00,2024-05-27 19:30,121666,591.03,590.03,0.171,0,25.74,DOWN,TOP,false,122297,2024-05-20 19:45,BELOW,631,4.85,2.51,0.755,1,BOUNCE,122298,0.876,BOUNCE,122298,0.876,OVERLAP,NONE,ABOVE,RISING,ABOVE
BNBUSDT,89,2024-05-27 19:45,2024-06-06 04:15,122969,609.54,608,0.256,0,21.1,DOWN,MIDDLE,false,123454,2024-06-01 21:00,BELOW,485,3.47,6.09,0.713,1,BOUNCE,123456,1.22,BOUNCE,123456,1.22,OVERLAP,NONE,ABOVE,RISING,ABOVE
BNBUSDT,90,2024-06-06 04:30,2024-06-10 19:45,123868,698.99,697.2,0.255,0,27.57,UP,BOTTOM,false,123870,2024-06-06 05:00,ABOVE,2,0.39,2.99,0.995,1,THROUGH,123870,0.777,THROUGH,123870,0.777,OVERLAP,NONE,BELOW,RISING,BELOW
BNBUSDT,93,2024-07-16 22:00,2024-07-27 03:15,127778,575.6,574.31,0.225,0,21.65,DOWN,BOTTOM,false,127783,2024-07-16 23:15,BELOW,5,0.6,1.05,0.498,-1,THROUGH,127783,1.466,THROUGH,127783,1.466,OVERLAP,NONE,ABOVE,RISING,ABOVE
BNBUSDT,94,2024-07-27 03:30,2024-08-08 12:15,128760,579.35,578.39,0.165,0,21.39,UP,BOTTOM,false,128827,2024-07-27 20:15,ABOVE,67,2.14,5.99,1.634,-1,THROUGH,128827,0.62,THROUGH,128827,0.62,OVERLAP,NONE,BELOW,FALLING,BELOW
BNBUSDT,95,2024-08-08 12:30,2024-08-31 04:00,129948,488.31,486.79,0.309,0,23.21,UP,MIDDLE,false,129953,2024-08-08 13:45,ABOVE,5,0.89,3.18,1.265,1,BOUNCE,129954,5.198,BOUNCE,129954,5.198,OVERLAP,BOUNCE,BELOW,RISING,ABOVE
BNBUSDT,96,2024-08-31 04:15,2024-09-06 12:15,132123,537.36,537.05,0.057,0,34.98,UP,TOP,false,132129,2024-08-31 05:45,ABOVE,6,0.6,2.21,0.445,1,THROUGH,132129,0.37,THROUGH,132129,0.543,OVERLAP,NONE,BELOW,RISING,BELOW
BNBUSDT,97,2024-09-06 12:30,2024-09-14 17:45,132732,504.68,502.24,0.482,0,24.53,UP,MIDDLE,false,132736,2024-09-06 13:30,ABOVE,4,0.83,3.36,1.389,1,THROUGH,132738,2.752,THROUGH,132738,4.831,OVERLAP,NONE,BELOW,RISING,ABOVE
BNBUSDT,98,2024-09-14 18:00,2024-09-19 11:45,133522,551.7,551.25,0.082,0,47.2,DOWN,MIDDLE,false,133523,2024-09-14 18:15,BELOW,1,0.26,1.83,0.36,-1,BOUNCE,133524,0.267,BOUNCE,133524,0.267,OVERLAP,NONE,BELOW,FALLING,BELOW
BNBUSDT,99,2024-09-19 12:00,2024-10-12 07:30,133978,558.27,557.53,0.131,0,23.91,UP,TOP,false,135142,2024-10-01 15:00,ABOVE,1164,10.42,9.8,2.72,-1,THROUGH,135142,1.317,THROUGH,135142,3.837,OVERLAP,NONE,BELOW,FALLING,BELOW
BNBUSDT,100,2024-10-12 07:45,2024-10-18 21:30,136169,578.1,577.52,0.101,0,20.66,DOWN,MIDDLE,false,136179,2024-10-12 10:15,BELOW,10,0.39,0.75,0.17,1,THROUGH,136180,0.185,THROUGH,136180,0.185,OVERLAP,NONE,ABOVE,RISING,ABOVE
BNBUSDT,101,2024-10-18 21:45,2024-10-20 02:30,136801,600.31,599.67,0.107,0,28.23,DOWN,MIDDLE,false,136806,2024-10-18 23:00,BELOW,5,0.18,0.5,0.215,1,BOUNCE,136808,0.168,BOUNCE,136808,0.42,OVERLAP,NONE,ABOVE,FALLING,ABOVE
BNBUSDT,102,2024-10-20 02:45,2024-10-20 21:45,136917,596.38,596,0.064,0,30.76,DOWN,BOTTOM,false,136923,2024-10-20 04:15,BELOW,6,0.32,0.7,0.243,-1,BOUNCE,136924,0.151,BOUNCE,136924,0.151,OVERLAP,NONE,ABOVE,FALLING,ABOVE
BNBUSDT,103,2024-10-20 22:00,2024-11-14 07:15,136994,600.28,599.52,0.126,0,27.46,UP,TOP,false,137056,2024-10-21 13:30,ABOVE,62,2,3.92,1.125,1,THROUGH,137056,0.983,THROUGH,137056,1.348,OVERLAP,NONE,BELOW,FALLING,BELOW
BNBUSDT,104,2024-11-14 07:30,2024-11-18 18:15,139336,625.35,621.28,0.63,0,32.45,UP,MIDDLE,false,139350,2024-11-14 11:00,ABOVE,14,5.58,1.28,1.607,1,BOUNCE,139351,1.978,BOUNCE,139351,1.978,OVERLAP,THROUGH,BELOW,FALLING,BELOW
BNBUSDT,105,2024-11-18 18:30,2025-01-10 13:15,139764,625.35,620.5,0.779,1,31.3,IN,TOP,false,139771,2024-11-18 20:15,BELOW,7,0.99,1.25,1.018,-1,BOUNCE,139772,0.832,BOUNCE,139772,0.875,OVERLAP,NONE,ABOVE,FALLING,BELOW
BNBUSDT,106,2025-01-10 13:30,2025-01-13 14:15,144832,696.82,695.55,0.184,0,40.88,DOWN,MIDDLE,false,144835,2025-01-10 14:15,BELOW,3,0.73,0.98,0.4,1,BOUNCE,144836,1.442,BOUNCE,144836,1.442,OVERLAP,NONE,ABOVE,FALLING,ABOVE
BNBUSDT,107,2025-01-13 14:30,2025-01-14 13:15,145124,669.7,667.02,0.399,0,20.13,UP,MIDDLE,false,145125,2025-01-13 14:45,ABOVE,1,0.18,1.75,0.891,-1,BOUNCE,145126,1.341,BOUNCE,145126,1.911,OVERLAP,NONE,ABOVE,RISING,BELOW
BNBUSDT,108,2025-01-14 13:30,2025-02-13 12:45,145216,694.08,693.21,0.125,0,21.97,UP,MIDDLE,false,145226,2025-01-14 16:00,ABOVE,10,0.44,1.33,0.285,1,BOUNCE,145227,0.666,BOUNCE,145227,0.853,OVERLAP,NONE,BELOW,RISING,ABOVE
BNBUSDT,109,2025-02-13 13:00,2025-02-19 13:15,148094,704.66,700.78,0.546,0,23.15,UP,MIDDLE,false,148098,2025-02-13 14:00,ABOVE,4,2.99,4.05,2.888,1,THROUGH,148100,4.081,THROUGH,148100,5.887,OVERLAP,NONE,BELOW,RISING,BELOW
BNBUSDT,110,2025-02-19 13:30,2025-02-24 19:15,148672,656.73,654.9,0.278,0,30,UP,MIDDLE,false,148674,2025-02-19 14:00,ABOVE,2,0.32,0.55,0.361,1,THROUGH,148676,0.975,THROUGH,148676,1.128,OVERLAP,NONE,ABOVE,RISING,ABOVE
BNBUSDT,111,2025-02-24 19:30,2025-03-12 14:15,149176,633.9,631.95,0.313,0,22.15,DOWN,BOTTOM,false,149179,2025-02-24 20:15,BELOW,3,1.5,0.88,0.419,-1,BOUNCE,149181,3.473,BOUNCE,149181,4.416,OVERLAP,NONE,BELOW,FALLING,BELOW
BNBUSDT,112,2025-03-12 14:30,2025-03-13 12:45,150692,556.8,554.22,0.461,0,31.22,UP,BOTTOM,false,150694,2025-03-12 15:00,ABOVE,2,0.58,2.63,1.655,1,THROUGH,150694,1.103,THROUGH,150694,1.103,OVERLAP,NONE,BELOW,RISING,BELOW
BNBUSDT,113,2025-03-13 13:00,2025-03-20 08:45,150782,578.99,576.5,0.416,0,44.93,UP,MIDDLE,false,150788,2025-03-13 14:30,ABOVE,6,3.49,2.76,3.097,1,BOUNCE,150789,0.945,BOUNCE,150789,0.945,OVERLAP,NONE,BELOW,RISING,BELOW
BNBUSDT,114,2025-03-20 09:00,2025-04-01 22:15,151438,622.86,620.96,0.3,0,25.85,UP,BOTTOM,false,151464,2025-03-20 15:30,ABOVE,26,2.14,1.06,0.584,1,BOUNCE,151465,0.294,BOUNCE,151465,1.466,OVERLAP,NONE,BELOW,FALLING,BELOW
BNBUSDT,115,2025-04-01 22:30,2025-04-12 00:45,152644,610.35,609.72,0.103,0,23.95,UP,TOP,false,152645,2025-04-01 22:45,ABOVE,1,0.23,0.69,0.346,1,THROUGH,152646,0.557,THROUGH,152646,1.92,OVERLAP,NONE,ABOVE,RISING,BELOW
BNBUSDT,116,2025-04-12 01:00,2025-05-11 13:00,153614,586.42,584.5,0.328,0,23.18,IN,BOTTOM,false,153622,2025-04-12 03:00,BELOW,8,0.01,0.68,0.219,1,BOUNCE,153623,0.161,BOUNCE,153623,0.161,OVERLAP,NONE,BELOW,FALLING,BELOW
BNBUSDT,117,2025-05-11 13:15,2025-05-28 16:45,156447,658.8,657.84,0.147,0,35.91,DOWN,MIDDLE,false,156515,2025-05-12 06:15,BELOW,68,1.2,0.72,0.43,-1,BOUNCE,156516,0.605,BOUNCE,156516,0.605,OVERLAP,NONE,ABOVE,RISING,ABOVE
BNBUSDT,118,2025-05-28 17:00,2025-05-29 20:30,158094,684.22,683.43,0.115,0,20.36,UP,MIDDLE,false,158104,2025-05-28 19:30,ABOVE,10,0.51,0.79,0.506,-1,THROUGH,158105,0.031,THROUGH,158105,0.031,OVERLAP,NONE,BELOW,RISING,BELOW
BNBUSDT,119,2025-05-29 20:45,2025-06-06 21:45,158205,676.4,674.85,0.229,0,41.11,UP,BOTTOM,false,158206,2025-05-29 21:00,ABOVE,1,0.09,10.97,0.925,-1,BOUNCE,158208,0.733,BOUNCE,158208,0.733,OVERLAP,NONE,BELOW,FALLING,BELOW
BNBUSDT,120,2025-06-06 22:00,2025-06-20 03:45,158978,646.28,645.72,0.087,0,25.48,DOWN,TOP,false,158998,2025-06-07 03:00,BELOW,20,0.84,0.64,0.22,1,THROUGH,158999,0.122,THROUGH,158999,0.511,OVERLAP,NONE,ABOVE,RISING,ABOVE
BNBUSDT,121,2025-06-20 04:00,2025-06-21 06:45,160250,644.8,644.35,0.07,0,22.83,DOWN,MIDDLE,false,160258,2025-06-20 06:00,BELOW,8,0.42,1.69,0.144,1,THROUGH,160260,0.703,THROUGH,160260,0.703,OVERLAP,NONE,ABOVE,RISING,ABOVE
BNBUSDT,122,2025-06-21 07:00,2025-07-22 23:00,160358,643.53,643.23,0.047,0,44.42,DOWN,MIDDLE,false,160360,2025-06-21 07:30,BELOW,2,0.39,6.71,0.622,-1,BOUNCE,160361,0.673,BOUNCE,160361,1.174,OVERLAP,NONE,BELOW,FALLING,BELOW
BNBUSDT,123,2025-07-22 23:15,2025-08-14 12:15,163399,778.78,777.2,0.201,0,30.08,UP,TOP,false,163456,2025-07-23 13:30,ABOVE,57,3.88,2.85,1.99,1,BOUNCE,163457,1.529,BOUNCE,163457,1.529,OVERLAP,NONE,BELOW,FALLING,BELOW
BNBUSDT,124,2025-08-14 12:30,2025-08-26 12:15,165564,866,861.25,0.561,0,25.37,DOWN,MIDDLE,false,165839,2025-08-17 09:15,BELOW,275,5.28,4.39,0.584,1,BOUNCE,165840,0.197,BOUNCE,165840,0.649,OVERLAP,NONE,ABOVE,RISING,ABOVE
BNBUSDT,125,2025-08-26 12:30,2025-09-10 12:45,166716,840.73,839.39,0.158,0,30.72,UP,BOTTOM,false,167324,2025-09-01 20:30,ABOVE,608,4.58,3.3,0.93,-1,BOUNCE,167325,0.685,BOUNCE,167325,1.601,OVERLAP,NONE,BELOW,FALLING,BELOW
BNBUSDT,126,2025-09-10 13:00,2025-09-16 16:45,168158,889.99,887.76,0.248,0,21.21,UP,TOP,false,168184,2025-09-10 19:30,ABOVE,26,1.6,1.37,0.387,1,BOUNCE,168185,0.271,BOUNCE,168185,0.649,OVERLAP,NONE,BELOW,FALLING,BELOW
BNBUSDT,127,2025-09-16 17:00,2025-10-10 20:30,168750,936.14,934.62,0.16,0,35.35,UP,TOP,false,169685,2025-09-26 10:45,ABOVE,935,15.36,0.87,0.374,-1,THROUGH,169686,0.208,THROUGH,169686,0.208,OVERLAP,THROUGH,BELOW,FALLING,BELOW
BNBUSDT,128,2025-10-10 20:45,2025-10-23 14:45,171069,1236.09,1229.6,0.541,0,23.36,DOWN,MIDDLE,false,171225,2025-10-12 11:45,BELOW,156,19.99,0.99,1.095,1,THROUGH,171226,1.88,THROUGH,171226,6.244,OVERLAP,NONE,ABOVE,RISING,ABOVE
BNBUSDT,129,2025-10-23 15:00,2025-11-11 17:15,172294,1086.98,1083.3,0.324,0,37.3,UP,MIDDLE,false,172797,2025-10-28 20:45,ABOVE,503,8.56,5.07,2.701,-1,BOUNCE,172798,1.766,BOUNCE,172798,1.946,OVERLAP,NONE,BELOW,FALLING,BELOW
BNBUSDT,130,2025-11-11 17:30,2025-11-14 04:15,174128,977.19,973.43,0.39,0,20.74,DOWN,BOTTOM,false,174198,2025-11-12 11:00,BELOW,70,2.12,1.42,0.365,-1,BOUNCE,174199,0.565,BOUNCE,174199,3.722,OVERLAP,NONE,ABOVE,RISING,ABOVE
BNBUSDT,131,2025-11-14 04:30,2025-12-03 13:45,174364,922.91,919.72,0.351,0,50.25,DOWN,BOTTOM,false,174369,2025-11-14 05:45,BELOW,5,1.14,0.61,0.614,-1,BOUNCE,174370,1.398,BOUNCE,174370,1.943,OVERLAP,NONE,BELOW,FALLING,BELOW
BNBUSDT,132,2025-12-03 14:00,2025-12-31 13:45,176226,904.33,900.96,0.376,0,33.84,DOWN,TOP,false,176228,2025-12-03 14:30,BELOW,2,0.65,3.8,1.562,1,THROUGH,176228,0.119,THROUGH,176228,0.598,OVERLAP,NONE,ABOVE,FALLING,ABOVE
BNBUSDT,133,2025-12-31 14:00,2026-01-03 23:45,178914,869.57,868.65,0.105,0,21.09,UP,TOP,false,178916,2025-12-31 14:30,ABOVE,2,0.74,2.87,0.699,1,THROUGH,178917,1.225,THROUGH,178917,1.225,OVERLAP,NONE,ABOVE,RISING,ABOVE
BNBUSDT,134,2026-01-04 00:00,2026-01-18 22:45,179242,879.63,879.02,0.069,0,25.82,UP,TOP,false,179245,2026-01-04 00:45,ABOVE,3,0.39,0.89,0.341,1,BOUNCE,179246,0.531,BOUNCE,179246,1.359,OVERLAP,NONE,ABOVE,RISING,ABOVE
BNBUSDT,136,2026-01-25 16:00,2026-02-04 10:45,181322,878.94,877.18,0.202,0,21.11,DOWN,BOTTOM,false,181387,2026-01-26 08:15,BELOW,65,2.15,4.49,0.573,-1,BOUNCE,181388,0.844,BOUNCE,181388,0.844,OVERLAP,NONE,ABOVE,RISING,ABOVE
BNBUSDT,138,2026-02-07 16:00,2026-02-25 00:45,182570,642.48,639.99,0.386,0,34.53,UP,MIDDLE,false,182571,2026-02-07 16:15,ABOVE,1,0.43,4.19,1.391,-1,BOUNCE,182572,1.914,BOUNCE,182572,2.031,OVERLAP,NONE,ABOVE,RISING,BELOW
BNBUSDT,140,2026-03-06 04:30,2026-03-08 21:45,185116,648.63,647.84,0.123,0,27.32,DOWN,MIDDLE,false,185129,2026-03-06 07:45,BELOW,13,0.74,0.75,0.221,-1,BOUNCE,185130,1.357,BOUNCE,185130,2.834,OVERLAP,NONE,ABOVE,RISING,BELOW
BNBUSDT,141,2026-03-08 22:00,2026-03-11 10:45,185378,617.47,616.89,0.095,0,62.88,DOWN,MIDDLE,false,185388,2026-03-09 00:30,BELOW,10,0.84,1.46,0.702,-1,BOUNCE,185389,0.585,BOUNCE,185389,0.585,OVERLAP,NONE,ABOVE,RISING,ABOVE
BNBUSDT,142,2026-03-11 11:00,2026-03-21 23:30,185622,643.95,643.38,0.089,0,48.81,DOWN,TOP,false,185630,2026-03-11 13:00,BELOW,8,1.02,1.07,0.719,-1,THROUGH,185630,1.296,THROUGH,185630,1.859,OVERLAP,NONE,ABOVE,RISING,ABOVE
BNBUSDT,144,2026-03-23 11:00,2026-03-28 13:15,186774,626.46,624.63,0.283,0,67.59,UP,MIDDLE,false,187078,2026-03-26 15:00,ABOVE,304,3.97,1.44,0.559,-1,BOUNCE,187079,0.326,BOUNCE,187079,0.766,OVERLAP,NONE,BELOW,FALLING,BELOW
BNBUSDT,145,2026-03-28 13:30,2026-04-12 01:15,187264,612.86,612.19,0.109,0,21.07,UP,MIDDLE,false,187302,2026-03-28 23:00,ABOVE,38,0.79,11.24,0.861,1,THROUGH,187302,0.418,THROUGH,187302,0.418,OVERLAP,NONE,BELOW,FALLING,BELOW
BNBUSDT,146,2026-04-12 01:30,2026-04-22 19:45,188656,607.14,606.39,0.126,0,25.54,DOWN,BOTTOM,false,188811,2026-04-13 16:15,BELOW,155,2.76,1.59,0.467,1,THROUGH,188811,0.211,THROUGH,188811,1.456,OVERLAP,NONE,ABOVE,RISING,ABOVE
BNBUSDT,148,2026-05-04 04:00,2026-05-07 21:45,190778,627,624.82,0.343,0,21.21,UP,TOP,false,190802,2026-05-04 10:00,ABOVE,24,1.51,7.15,1.548,1,THROUGH,190802,0.724,THROUGH,190802,0.724,OVERLAP,NONE,BELOW,FALLING,BELOW
BNBUSDT,149,2026-05-07 22:00,2026-05-11 22:30,191138,643.61,642.8,0.128,0,66.8,DOWN,MIDDLE,false,191205,2026-05-08 14:45,BELOW,67,1.33,1.16,0.177,-1,BOUNCE,191206,0.488,BOUNCE,191206,0.488,OVERLAP,NONE,ABOVE,RISING,ABOVE
BNBUSDT,150,2026-05-11 22:45,2026-05-13 00:45,191525,664.78,663.95,0.124,0,22.14,UP,TOP,false,191536,2026-05-12 01:30,ABOVE,11,1.2,4.85,1.03,1,THROUGH,191536,0.338,THROUGH,191536,0.752,OVERLAP,NONE,BELOW,FALLING,BELOW
BNBUSDT,151,2026-05-13 01:00,2026-05-16 15:15,191630,668.45,667.21,0.184,0,27.14,UP,TOP,false,191681,2026-05-13 13:45,ABOVE,51,2.55,3.12,0.855,1,BOUNCE,191682,0.868,BOUNCE,191682,0.975,OVERLAP,NONE,BELOW,FALLING,BELOW
BNBUSDT,152,2026-05-16 15:30,2026-05-20 04:45,191976,654.56,653.47,0.166,0,22.41,UP,MIDDLE,false,192011,2026-05-17 00:15,ABOVE,35,0.54,6.28,0.395,-1,THROUGH,192011,0.487,THROUGH,192011,0.487,OVERLAP,NONE,BELOW,FALLING,BELOW
BNBUSDT,153,2026-05-20 05:00,2026-07-01 00:45,192318,640.24,639.27,0.151,0,24.03,UP,MIDDLE,false,192617,2026-05-23 07:45,ABOVE,299,3.77,15.89,1.659,-1,THROUGH,192617,0.534,THROUGH,192617,0.534,OVERLAP,NONE,BELOW,FALLING,BELOW
BNBUSDT,154,2026-07-01 01:00,2026-07-06 20:45,196334,548.59,547.63,0.177,0,32.97,DOWN,TOP,false,196336,2026-07-01 01:30,BELOW,2,0.7,4.55,0.977,-1,THROUGH,196336,0.685,THROUGH,196336,0.871,OVERLAP,NONE,ABOVE,FALLING,ABOVE
BNBUSDT,155,2026-07-06 21:00,2026-07-24 18:45,196894,586.5,585.45,0.178,0,29.02,UP,TOP,false,196905,2026-07-06 23:45,ABOVE,11,0.7,1.69,0.288,1,BOUNCE,196907,0.288,BOUNCE,196907,0.288,OVERLAP,NONE,BELOW,FALLING,ABOVE
BNBUSDT,156,2026-07-24 19:00,2026-08-05 00:15,198614,562.96,561.89,0.189,0,40.6,UP,TOP,false,198926,2026-07-28 01:00,ABOVE,312,2.5,4.22,0.733,-1,BOUNCE,198927,0.689,BOUNCE,198927,0.769,OVERLAP,NONE,BELOW,FALLING,BELOW
BNBUSDT,157,2026-08-05 00:30,2026-08-08 05:15,199692,595.49,594,0.25,0,26.39,UP,TOP,true,199693,2026-08-05 00:45,ABOVE,1,0.04,1.83,0.303,1,BOUNCE,199694,1.778,BOUNCE,199694,1.778,OVERLAP,NONE,ABOVE,RISING,BELOW
DOGEUSDT,0,2020-11-24 23:00,2020-12-08 14:45,102,0.003953,0.003928,0.615,0,32.5,UP,BOTTOM,false,115,2020-11-25 02:15,ABOVE,13,8.1,1.58,4.691,1,BOUNCE,116,2.15,BOUNCE,116,4.073,OVERLAP,NONE,BELOW,FALLING,BELOW
DOGEUSDT,1,2020-12-08 15:00,2020-12-10 07:45,1414,0.00328,0.003275,0.153,0,28.21,DOWN,TOP,false,1420,2020-12-08 16:30,BELOW,6,1.01,0.53,0.769,-1,BOUNCE,1421,1.282,BOUNCE,1421,4.519,OVERLAP,NONE,BELOW,FALLING,BELOW
DOGEUSDT,2,2020-12-10 08:00,2020-12-15 18:15,1578,0.003131,0.003123,0.255,0,27.3,UP,MIDDLE,false,1580,2020-12-10 08:30,ABOVE,2,0.26,0.33,0.287,1,BOUNCE,1581,1.118,BOUNCE,1581,1.118,OVERLAP,NONE,ABOVE,RISING,BELOW
DOGEUSDT,3,2020-12-15 18:30,2020-12-19 03:30,2100,0.003222,0.003218,0.124,0,21.97,UP,MIDDLE,false,2101,2020-12-15 18:45,ABOVE,1,0.03,0.29,0.217,-1,THROUGH,2102,0.093,THROUGH,2102,1.179,OVERLAP,NONE,ABOVE,RISING,ABOVE
DOGEUSDT,4,2020-12-19 03:45,2020-12-20 09:15,2425,0.003884,0.003863,0.528,0,51.93,UP,MIDDLE,false,2430,2020-12-19 05:00,ABOVE,5,2.32,0.65,1.111,1,BOUNCE,2433,1.648,BOUNCE,2433,4.274,OVERLAP,NONE,BELOW,RISING,BELOW
DOGEUSDT,5,2020-12-20 09:30,2021-01-14 19:00,2544,0.003972,0.003954,0.403,0,242.59,UP,TOP,false,2877,2020-12-23 20:45,ABOVE,333,35.37,2.77,0.755,-1,THROUGH,2878,9.391,THROUGH,2878,9.391,OVERLAP,NONE,BELOW,FALLING,BELOW
DOGEUSDT,6,2021-01-14 19:15,2021-02-04 07:15,4983,0.009381,0.0093,0.84,0,21.25,UP,MIDDLE,false,4989,2021-01-14 20:45,ABOVE,6,3.24,0.82,2.131,1,THROUGH,4990,3.656,THROUGH,4990,3.656,OVERLAP,NONE,BELOW,RISING,ABOVE
DOGEUSDT,8,2021-02-06 04:00,2021-02-19 20:15,7130,0.046291,0.046027,0.542,0,34.86,UP,MIDDLE,false,7987,2021-02-15 02:15,ABOVE,857,84.33,6.21,18.145,-1,BOUNCE,7988,17.826,BOUNCE,7988,21.281,OVERLAP,NONE,BELOW,FALLING,BELOW
DOGEUSDT,9,2021-02-19 20:30,2021-02-21 21:00,8444,0.054854,0.05453,0.581,0,39.08,UP,MIDDLE,false,8450,2021-02-19 22:00,ABOVE,6,2.28,0.83,1.285,-1,BOUNCE,8451,1.426,BOUNCE,8451,1.426,OVERLAP,NONE,BELOW,RISING,BELOW
DOGEUSDT,10,2021-02-21 21:15,2021-02-24 05:45,8639,0.054854,0.054355,0.835,1,33.2,UP,MIDDLE,false,8654,2021-02-22 01:00,ABOVE,15,8.96,0.46,1.214,1,BOUNCE,8655,7.558,BOUNCE,8655,7.558,OVERLAP,NONE,BELOW,FALLING,BELOW
DOGEUSDT,12,2021-02-24 13:00,2021-03-04 09:00,8894,0.053453,0.052211,2.2,0,37.64,UP,BOTTOM,false,8927,2021-02-24 21:15,ABOVE,33,10.1,1.54,1.744,1,BOUNCE,8928,6.284,BOUNCE,8928,8.688,OVERLAP,NONE,BELOW,FALLING,BELOW
DOGEUSDT,13,2021-03-04 09:15,2021-03-06 04:15,9647,0.050416,0.050183,0.466,0,20.57,DOWN,MIDDLE,false,9648,2021-03-04 09:30,BELOW,1,0.34,1.46,0.612,-1,BOUNCE,9649,0.763,BOUNCE,9649,1.54,OVERLAP,NONE,BELOW,FALLING,BELOW
DOGEUSDT,14,2021-03-06 04:30,2021-04-01 10:00,9820,0.04989,0.049567,0.626,0,37.34,UP,MIDDLE,false,9850,2021-03-06 12:00,ABOVE,30,4.39,2.25,2.179,1,BOUNCE,9851,0.978,BOUNCE,9851,2.139,OVERLAP,NONE,BELOW,FALLING,BELOW
DOGEUSDT,16,2021-04-09 07:30,2021-04-10 07:00,13096,0.060865,0.060633,0.371,0,121.11,UP,BOTTOM,false,13131,2021-04-09 16:15,ABOVE,35,3.82,0.94,0.847,1,BOUNCE,13132,2.062,BOUNCE,13132,2.512,OVERLAP,NONE,BELOW,FALLING,BELOW
DOGEUSDT,19,2021-04-29 15:00,2021-05-08 15:15,15046,0.307811,0.306217,0.504,0,23.7,UP,MIDDLE,false,15052,2021-04-29 16:30,ABOVE,6,2.75,0.57,0.945,1,THROUGH,15053,3.521,THROUGH,15053,3.521,OVERLAP,NONE,BELOW,FALLING,BELOW
DOGEUSDT,21,2021-05-13 22:45,2021-05-20 10:15,16421,0.43486,0.42582,1.87,0,24.61,UP,TOP,false,16913,2021-05-19 01:45,ABOVE,492,32.93,6.63,5.098,-1,BOUNCE,16914,4.397,BOUNCE,16914,4.397,OVERLAP,NONE,BELOW,FALLING,BELOW
DOGEUSDT,22,2021-05-20 10:30,2021-06-20 09:30,17044,0.37188,0.3617,2.505,0,21.95,UP,MIDDLE,false,17069,2021-05-20 16:45,ABOVE,25,15.76,1.14,5.269,1,BOUNCE,17070,12.864,BOUNCE,17070,12.864,OVERLAP,NONE,BELOW,FALLING,ABOVE
DOGEUSDT,23,2021-06-20 09:45,2021-07-06 03:45,20017,0.282,0.28105,0.342,0,27.61,DOWN,BOTTOM,false,20058,2021-06-20 20:00,BELOW,41,8.72,1.5,1.542,-1,THROUGH,20059,2.701,THROUGH,20059,2.701,OVERLAP,NONE,ABOVE,RISING,ABOVE
DOGEUSDT,24,2021-07-06 04:00,2021-07-09 07:00,21530,0.235,0.23435,0.271,0,30,UP,TOP,false,21551,2021-07-06 09:15,ABOVE,21,2.96,4.1,1.735,1,THROUGH,21551,1.051,THROUGH,21551,1.051,OVERLAP,NONE,BELOW,FALLING,BELOW
DOGEUSDT,25,2021-07-09 07:15,2021-10-17 10:45,21831,0.20485,0.20336,0.7,0,52.29,UP,MIDDLE,false,22165,2021-07-12 18:45,ABOVE,334,11.55,1.22,1.411,-1,BOUNCE,22166,1.211,BOUNCE,22166,4.066,OVERLAP,NONE,BELOW,FALLING,BELOW
DOGEUSDT,26,2021-10-17 11:00,2021-10-31 18:00,31446,0.2378,0.23694,0.357,0,21.53,UP,TOP,false,31451,2021-10-17 12:15,ABOVE,5,1.3,1.07,0.601,1,BOUNCE,31452,1.127,BOUNCE,31452,1.127,OVERLAP,NONE,ABOVE,RISING,ABOVE
DOGEUSDT,27,2021-10-31 18:15,2021-11-03 17:45,32819,0.26139,0.25869,0.976,0,32.28,UP,MIDDLE,false,33085,2021-11-03 12:45,ABOVE,266,8.53,4.38,2.753,1,BOUNCE,33086,2.697,BOUNCE,33086,4.365,OVERLAP,NONE,BELOW,FALLING,BELOW
DOGEUSDT,28,2021-11-03 18:00,2021-11-21 23:30,33106,0.26832,0.26679,0.563,0,22.23,UP,TOP,false,33124,2021-11-03 22:30,ABOVE,18,1.3,0.63,0.694,-1,BOUNCE,33127,1.126,BOUNCE,33127,1.126,OVERLAP,BOUNCE,BELOW,FALLING,BELOW
DOGEUSDT,29,2021-11-21 23:45,2021-11-29 13:00,34857,0.22866,0.22766,0.443,0,21.65,DOWN,MIDDLE,false,34994,2021-11-23 10:00,BELOW,137,4.66,25.71,7.744,-1,THROUGH,34994,3.786,THROUGH,34994,3.786,OVERLAP,NONE,ABOVE,RISING,ABOVE
DOGEUSDT,31,2021-12-02 03:00,2021-12-02 08:15,35830,0.20806,0.20686,0.59,0,30.06,DOWN,BOTTOM,false,35847,2021-12-02 07:15,BELOW,17,2.1,0.6,0.406,-1,BOUNCE,35848,0.619,BOUNCE,35848,0.619,OVERLAP,NONE,ABOVE,RISING,ABOVE
DOGEUSDT,32,2021-12-02 08:30,2021-12-04 04:30,35852,0.20806,0.20605,0.92,1,58.45,UP,TOP,false,35884,2021-12-02 16:30,ABOVE,32,5.94,0.81,0.74,1,BOUNCE,35885,1.168,BOUNCE,35885,2.297,OVERLAP,BOUNCE,BELOW,FALLING,BELOW
DOGEUSDT,34,2021-12-12 16:15,2021-12-14 10:15,36843,0.16757,0.1667,0.513,0,22.14,UP,BOTTOM,false,36878,2021-12-13 01:00,ABOVE,35,2.74,3.18,1.732,1,THROUGH,36878,2.208,THROUGH,36878,2.208,OVERLAP,NONE,BELOW,FALLING,BELOW
DOGEUSDT,36,2021-12-23 07:00,2021-12-25 21:30,37862,0.17498,0.1739,0.607,0,55.66,UP,MIDDLE,false,37865,2021-12-23 07:45,ABOVE,3,1.75,1.79,1.002,1,BOUNCE,37866,1.863,BOUNCE,37866,1.863,OVERLAP,NONE,BELOW,RISING,BELOW
DOGEUSDT,37,2021-12-25 21:45,2022-01-07 13:15,38113,0.19145,0.19068,0.399,0,34.34,UP,TOP,false,38115,2021-12-25 22:15,ABOVE,2,0.75,1.22,0.742,1,BOUNCE,38118,0.392,BOUNCE,38118,0.392,OVERLAP,NONE,ABOVE,RISING,ABOVE
DOGEUSDT,38,2022-01-07 13:30,2022-01-17 19:45,39328,0.15548,0.15484,0.422,0,28.2,DOWN,BOTTOM,false,39339,2022-01-07 16:15,BELOW,11,2.18,2.52,3.391,-1,BOUNCE,39340,0.943,BOUNCE,39340,1.414,OVERLAP,NONE,ABOVE,FALLING,ABOVE
DOGEUSDT,39,2022-01-17 20:00,2022-01-25 12:15,40314,0.1697,0.1691,0.348,0,39.87,UP,TOP,false,40318,2022-01-17 21:00,ABOVE,4,2.09,1.42,1.483,-1,THROUGH,40319,2.204,THROUGH,40319,2.204,OVERLAP,NONE,BELOW,RISING,BELOW
DOGEUSDT,40,2022-01-25 12:30,2022-02-04 21:30,41052,0.13631,0.13471,1.134,0,119.94,UP,MIDDLE,false,41062,2022-01-25 15:00,ABOVE,10,3.57,1.03,2.166,1,BOUNCE,41063,5.495,BOUNCE,41063,8.532,OVERLAP,NONE,ABOVE,RISING,BELOW
DOGEUSDT,42,2022-02-06 12:45,2022-02-06 19:30,42205,0.14747,0.14725,0.15,0,27.29,DOWN,MIDDLE,false,42206,2022-02-06 13:00,BELOW,1,0.17,2.14,0.736,-1,THROUGH,42208,0.862,THROUGH,42208,0.862,OVERLAP,NONE,BELOW,FALLING,BELOW
DOGEUSDT,45,2022-02-13 10:00,2022-02-19 00:45,42866,0.14526,0.14492,0.229,0,39.51,UP,MIDDLE,false,42928,2022-02-14 01:30,ABOVE,62,7.87,1.93,2.451,1,BOUNCE,42929,0.998,BOUNCE,42929,1.053,OVERLAP,NONE,BELOW,FALLING,BELOW
DOGEUSDT,47,2022-02-19 06:15,2022-02-22 02:45,43427,0.14142,0.14112,0.207,0,37.09,UP,MIDDLE,false,43438,2022-02-19 09:00,ABOVE,11,2.5,1.55,1.051,1,BOUNCE,43439,1.287,BOUNCE,43439,1.287,OVERLAP,BOUNCE,BELOW,FALLING,BELOW
DOGEUSDT,48,2022-02-22 03:00,2022-02-28 22:15,43702,0.12905,0.12831,0.596,0,24.28,DOWN,MIDDLE,false,43725,2022-02-22 08:45,BELOW,23,3.2,1.09,1.068,-1,BOUNCE,43726,0.717,BOUNCE,43726,0.717,OVERLAP,NONE,ABOVE,RISING,ABOVE
DOGEUSDT,49,2022-02-28 22:30,2022-03-10 13:15,44356,0.12982,0.12908,0.549,0,21.44,UP,TOP,false,44402,2022-03-01 10:00,ABOVE,46,3.81,4.89,1.877,1,BOUNCE,44403,3.073,BOUNCE,44403,7.002,OVERLAP,NONE,BELOW,FALLING,BELOW
DOGEUSDT,50,2022-03-10 13:30,2022-03-14 03:45,45280,0.11666,0.11638,0.245,0,51.3,DOWN,MIDDLE,false,45282,2022-03-10 14:00,BELOW,2,1.68,2.64,1.887,-1,THROUGH,45282,1.134,THROUGH,45282,1.134,OVERLAP,NONE,ABOVE,FALLING,ABOVE
DOGEUSDT,51,2022-03-14 04:00,2022-03-22 19:30,45626,0.11136,0.111,0.313,0,43.02,UP,MIDDLE,false,45683,2022-03-14 18:15,ABOVE,57,5.48,1.19,1.139,1,BOUNCE,45684,1.185,BOUNCE,45684,2.811,OVERLAP,NONE,BELOW,FALLING,BELOW
DOGEUSDT,52,2022-03-22 19:45,2022-03-27 03:15,46457,0.12339,0.12318,0.172,0,22.11,DOWN,MIDDLE,false,46463,2022-03-22 21:15,BELOW,6,0.83,1.03,0.348,1,THROUGH,46463,0.114,THROUGH,46463,0.114,OVERLAP,NONE,ABOVE,RISING,ABOVE
DOGEUSDT,53,2022-03-27 03:30,2022-03-27 15:45,46872,0.13748,0.13721,0.191,0,30.17,UP,MIDDLE,false,46908,2022-03-27 12:30,ABOVE,36,3.32,2.11,1.666,1,THROUGH,46909,0.815,THROUGH,46909,0.815,OVERLAP,NONE,BELOW,FALLING,BELOW
DOGEUSDT,54,2022-03-27 16:00,2022-04-08 02:00,46922,0.13952,0.13893,0.414,0,20.09,UP,MIDDLE,false,46927,2022-03-27 17:15,ABOVE,5,2.06,0.77,1.068,1,BOUNCE,46928,1.39,BOUNCE,46928,4.394,OVERLAP,THROUGH,ABOVE,RISING,ABOVE
DOGEUSDT,55,2022-04-08 02:15,2022-04-10 00:30,48019,0.1467,0.14604,0.437,0,21.4,UP,MIDDLE,false,48054,2022-04-08 11:00,ABOVE,35,3.93,1.57,1.359,1,THROUGH,48056,2.038,THROUGH,48056,2.038,OVERLAP,NONE,BELOW,FALLING,BELOW
DOGEUSDT,56,2022-04-10 00:45,2022-04-12 11:00,48205,0.14419,0.14372,0.32,0,27.46,UP,TOP,false,48334,2022-04-11 09:00,ABOVE,129,8.81,1.78,1.106,-1,THROUGH,48336,3.78,THROUGH,48336,3.78,OVERLAP,NONE,BELOW,FALLING,BELOW
DOGEUSDT,57,2022-04-12 11:15,2022-05-06 22:00,48439,0.13949,0.13886,0.443,0,25.72,UP,TOP,false,48451,2022-04-12 14:15,ABOVE,12,3.36,2.67,2.387,1,THROUGH,48451,0.839,THROUGH,48451,3.097,OVERLAP,NONE,BELOW,FALLING,BELOW
DOGEUSDT,58,2022-05-06 22:15,2022-05-08 16:45,50787,0.12726,0.12629,0.757,0,21.34,UP,TOP,false,50794,2022-05-07 00:00,ABOVE,7,0.98,3.2,1.611,-1,BOUNCE,50798,1.21,BOUNCE,50798,1.21,OVERLAP,NONE,BELOW,RISING,ABOVE
DOGEUSDT,59,2022-05-08 17:00,2022-05-12 20:45,50958,0.12602,0.12542,0.482,0,26.98,DOWN,TOP,false,50964,2022-05-08 18:30,BELOW,6,1.21,0.86,0.924,-1,BOUNCE,50971,0.598,BOUNCE,50971,3.628,OVERLAP,NONE,ABOVE,FALLING,ABOVE
DOGEUSDT,60,2022-05-12 21:00,2022-05-13 09:30,51358,0.08194,0.0807,1.47,0,26.9,UP,BOTTOM,false,51359,2022-05-12 21:15,ABOVE,1,2.97,1.43,3.242,-1,THROUGH,51363,2.575,THROUGH,51363,2.575,OVERLAP,NONE,ABOVE,RISING,ABOVE
DOGEUSDT,61,2022-05-13 09:45,2022-05-26 22:45,51409,0.093,0.0919,1.253,0,28.77,DOWN,MIDDLE,false,51417,2022-05-13 11:45,BELOW,8,4.5,4.59,6.508,1,THROUGH,51417,0.544,THROUGH,51417,1.415,OVERLAP,NONE,ABOVE,RISING,ABOVE
DOGEUSDT,62,2022-05-26 23:00,2022-05-27 15:00,52710,0.07903,0.07874,0.369,0,41.44,DOWN,MIDDLE,false,52711,2022-05-26 23:15,BELOW,1,0.08,2.44,0.712,-1,BOUNCE,52712,2.35,BOUNCE,52712,3.493,OVERLAP,NONE,BELOW,FALLING,BELOW
DOGEUSDT,64,2022-06-06 12:45,2022-06-10 12:15,53725,0.08383,0.08358,0.299,0,21.89,DOWN,MIDDLE,false,53726,2022-06-06 13:00,BELOW,1,0.05,1.58,0.659,1,BOUNCE,53727,1.711,BOUNCE,53727,2.453,OVERLAP,NONE,BELOW,FALLING,ABOVE
DOGEUSDT,68,2022-07-06 16:15,2022-07-20 19:45,56619,0.06702,0.0668,0.321,0,42.57,UP,BOTTOM,false,56994,2022-07-10 14:00,ABOVE,375,9.4,4.74,1.03,-1,THROUGH,56996,0.895,THROUGH,56996,0.895,OVERLAP,NONE,BELOW,FALLING,BELOW
DOGEUSDT,69,2022-07-20 20:00,2022-07-22 19:15,57978,0.07139,0.0709,0.716,0,20.85,DOWN,BOTTOM,false,57984,2022-07-20 21:30,BELOW,6,4.41,4.17,6.813,-1,THROUGH,57984,3.512,THROUGH,57984,3.512,OVERLAP,NONE,ABOVE,RISING,ABOVE
DOGEUSDT,70,2022-07-22 19:30,2022-08-13 04:45,58168,0.06875,0.06856,0.283,0,33.21,DOWN,MIDDLE,false,58196,2022-07-23 02:30,BELOW,28,2.45,0.62,0.41,-1,BOUNCE,58197,0.861,BOUNCE,58197,0.861,OVERLAP,NONE,ABOVE,RISING,ABOVE
DOGEUSDT,71,2022-08-13 05:00,2022-08-22 13:00,60222,0.07281,0.07254,0.366,0,26.29,UP,MIDDLE,false,60237,2022-08-13 08:45,ABOVE,15,2.64,1.41,0.906,1,BOUNCE,60238,0.852,BOUNCE,60238,1.14,OVERLAP,NONE,BELOW,FALLING,BELOW
DOGEUSDT,72,2022-08-22 13:15,2022-09-03 05:15,61119,0.06651,0.06621,0.453,0,25.22,DOWN,MIDDLE,false,61120,2022-08-22 13:30,BELOW,1,0.03,6.66,1.853,-1,THROUGH,61120,1.118,THROUGH,61120,1.797,OVERLAP,NONE,ABOVE,FALLING,BELOW
DOGEUSDT,73,2022-09-03 05:30,2022-09-06 16:45,62240,0.06191,0.06176,0.236,0,52.48,UP,TOP,false,62248,2022-09-03 07:30,ABOVE,8,2.57,0.86,0.694,1,THROUGH,62249,1.115,THROUGH,62249,1.115,OVERLAP,NONE,BELOW,RISING,BELOW
DOGEUSDT,74,2022-09-06 17:00,2022-09-30 21:15,62574,0.06244,0.06222,0.365,0,30.5,DOWN,MIDDLE,false,62807,2022-09-09 03:15,BELOW,233,7.31,4.57,0.95,1,BOUNCE,62809,0.321,BOUNCE,62809,0.321,OVERLAP,NONE,ABOVE,RISING,ABOVE
DOGEUSDT,75,2022-09-30 21:30,2022-10-04 15:45,64896,0.06023,0.0601,0.211,0,21.29,UP,BOTTOM,false,64972,2022-10-01 16:30,ABOVE,76,4.03,2.97,1.419,1,BOUNCE,64973,0.78,BOUNCE,64973,0.913,OVERLAP,NONE,BELOW,FALLING,BELOW
DOGEUSDT,76,2022-10-04 16:00,2022-10-11 22:45,65258,0.06069,0.06043,0.407,0,84.35,UP,BOTTOM,false,65803,2022-10-10 08:15,ABOVE,545,9.84,8.4,1.467,-1,THROUGH,65804,0.709,THROUGH,65804,0.709,OVERLAP,NONE,BELOW,FALLING,BELOW
DOGEUSDT,77,2022-10-11 23:00,2022-10-14 21:30,65958,0.06004,0.05993,0.182,0,60.2,UP,MIDDLE,false,65960,2022-10-11 23:30,ABOVE,2,0.77,1.1,0.416,1,BOUNCE,65961,0.799,BOUNCE,65961,1.566,OVERLAP,NONE,BELOW,RISING,ABOVE
DOGEUSDT,78,2022-10-14 21:45,2022-10-18 17:15,66241,0.05865,0.05859,0.103,0,24.45,DOWN,MIDDLE,false,66246,2022-10-14 23:00,BELOW,5,0.65,0.9,0.324,-1,BOUNCE,66247,0.324,BOUNCE,66247,0.324,OVERLAP,NONE,BELOW,FALLING,BELOW
DOGEUSDT,79,2022-10-18 17:30,2022-10-23 10:45,66608,0.05895,0.05882,0.214,0,35.12,UP,MIDDLE,false,66614,2022-10-18 19:00,ABOVE,6,3.07,1.61,0.938,-1,THROUGH,66614,0.39,THROUGH,66614,0.39,OVERLAP,NONE,BELOW,FALLING,BELOW
DOGEUSDT,80,2022-10-23 11:00,2022-11-05 22:45,67062,0.05936,0.05929,0.119,0,29.08,DOWN,MIDDLE,false,67073,2022-10-23 13:45,BELOW,11,0.64,0.65,0.219,-1,BOUNCE,67074,0.27,BOUNCE,67074,0.388,OVERLAP,NONE,ABOVE,RISING,ABOVE
DOGEUSDT,81,2022-11-05 23:00,2022-11-23 02:00,68358,0.12701,0.12645,0.454,0,27.44,DOWN,MIDDLE,false,68419,2022-11-06 14:15,BELOW,61,3.57,7.14,3.22,-1,BOUNCE,68420,3.859,BOUNCE,68420,6.888,OVERLAP,NONE,ABOVE,RISING,ABOVE
DOGEUSDT,84,2022-12-08 02:30,2022-12-16 22:15,71444,0.0957,0.09543,0.277,0,25.82,UP,MIDDLE,false,71454,2022-12-08 05:00,ABOVE,10,1.82,1.24,0.605,-1,BOUNCE,71455,1.285,BOUNCE,71455,1.923,OVERLAP,BOUNCE,BELOW,FALLING,BELOW
DOGEUSDT,86,2022-12-25 14:30,2022-12-26 21:30,73124,0.0764,0.07623,0.226,0,35.16,DOWN,BOTTOM,false,73143,2022-12-25 19:15,BELOW,19,2.91,2.81,3.609,-1,BOUNCE,73144,2.506,BOUNCE,73144,2.506,OVERLAP,NONE,ABOVE,FALLING,BELOW
DOGEUSDT,87,2022-12-26 21:45,2023-01-16 07:45,73249,0.07541,0.07527,0.187,0,22.03,DOWN,MIDDLE,false,73255,2022-12-26 23:15,BELOW,6,0.84,2.18,0.638,-1,THROUGH,73256,0.97,THROUGH,73256,0.97,OVERLAP,NONE,ABOVE,FALLING,BELOW
DOGEUSDT,88,2023-01-16 08:00,2023-01-24 08:45,75210,0.08643,0.08622,0.249,0,25.1,DOWN,BOTTOM,false,75378,2023-01-18 02:00,BELOW,168,5.14,4.51,2.497,-1,THROUGH,75378,2.343,THROUGH,75378,3.224,OVERLAP,NONE,ABOVE,RISING,ABOVE
DOGEUSDT,89,2023-01-24 09:00,2023-01-30 17:00,75982,0.09019,0.08976,0.483,0,26.51,DOWN,MIDDLE,false,76349,2023-01-28 04:45,BELOW,367,8.41,7.28,2.48,1,THROUGH,76349,4.2,THROUGH,76349,4.2,OVERLAP,NONE,ABOVE,RISING,ABOVE
DOGEUSDT,90,2023-01-30 17:15,2023-02-06 22:45,76591,0.08724,0.08652,0.796,0,27.6,UP,MIDDLE,false,76598,2023-01-30 19:00,ABOVE,7,3.66,2.6,5.275,-1,THROUGH,76598,1.135,THROUGH,76598,1.135,OVERLAP,BOUNCE,BELOW,RISING,BELOW
DOGEUSDT,91,2023-02-06 23:00,2023-02-12 08:45,77286,0.09108,0.09058,0.56,0,26.53,DOWN,BOTTOM,false,77301,2023-02-07 02:45,BELOW,15,1.6,0.42,0.495,-1,BOUNCE,77302,0.11,BOUNCE,77302,0.254,OVERLAP,NONE,ABOVE,RISING,ABOVE
DOGEUSDT,92,2023-02-12 09:00,2023-02-13 04:00,77806,0.08198,0.08172,0.311,0,56.99,UP,TOP,false,77858,2023-02-12 22:00,ABOVE,52,4.29,5.76,1.946,1,BOUNCE,77859,0.768,BOUNCE,77859,5.416,OVERLAP,NONE,BELOW,FALLING,BELOW
DOGEUSDT,93,2023-02-13 04:15,2023-02-15 03:00,77883,0.08198,0.0816,0.44,1,59.94,UP,MIDDLE,false,77900,2023-02-13 08:30,ABOVE,17,5.37,1.19,1.244,1,THROUGH,77902,2.684,THROUGH,77902,2.684,OVERLAP,NONE,BELOW,FALLING,BELOW
DOGEUSDT,94,2023-02-15 03:15,2023-02-23 11:00,78071,0.08287,0.08264,0.267,0,92.15,UP,BOTTOM,false,78764,2023-02-22 08:30,ABOVE,693,10.49,5.23,1.158,-1,BOUNCE,78765,9.521,BOUNCE,78765,9.521,OVERLAP,NONE,BELOW,FALLING,BELOW
DOGEUSDT,96,2023-03-01 19:45,2023-03-03 01:00,79481,0.08181,0.08169,0.148,0,31.22,DOWN,MIDDLE,false,79487,2023-03-01 21:15,BELOW,6,0.67,1.03,0.415,1,THROUGH,79487,0.441,THROUGH,79487,0.575,OVERLAP,NONE,ABOVE,FALLING,ABOVE
DOGEUSDT,98,2023-03-23 09:15,2023-04-03 17:15,81551,0.07521,0.07492,0.38,0,20.58,UP,TOP,false,81645,2023-03-24 08:45,ABOVE,94,4.11,2.37,0.838,1,BOUNCE,81647,0.612,BOUNCE,81647,0.612,OVERLAP,NONE,BELOW,FALLING,BELOW
DOGEUSDT,100,2023-04-10 22:00,2023-04-12 21:45,83330,0.08403,0.08384,0.225,0,22.67,UP,MIDDLE,false,83407,2023-04-11 17:15,ABOVE,77,1.67,1.04,0.627,1,BOUNCE,83408,1.511,BOUNCE,83408,1.511,OVERLAP,NONE,BELOW,FALLING,BELOW
DOGEUSDT,101,2023-04-12 22:00,2023-04-13 07:45,83522,0.08288,0.08271,0.204,0,21.17,UP,MIDDLE,false,83525,2023-04-12 22:45,ABOVE,3,0.56,0.69,0.676,1,BOUNCE,83526,0.941,BOUNCE,83526,0.941,OVERLAP,THROUGH,ABOVE,RISING,ABOVE
DOGEUSDT,102,2023-04-13 08:00,2023-05-01 01:15,83562,0.08321,0.08307,0.168,0,21.41,UP,MIDDLE,false,84270,2023-04-20 17:00,ABOVE,708,13.71,1.05,1.695,-1,BOUNCE,84271,1.719,BOUNCE,84271,1.719,OVERLAP,NONE,BELOW,FALLING,BELOW
DOGEUSDT,103,2023-05-01 01:30,2023-05-04 17:45,85264,0.07999,0.07984,0.192,0,37.13,DOWN,TOP,false,85538,2023-05-03 22:00,BELOW,274,3.32,1.73,1.004,-1,THROUGH,85539,0.889,THROUGH,85539,0.889,OVERLAP,NONE,ABOVE,RISING,ABOVE
DOGEUSDT,104,2023-05-04 18:00,2023-05-05 12:15,85618,0.07825,0.07811,0.179,0,20.92,UP,MIDDLE,false,85619,2023-05-04 18:15,ABOVE,1,0.23,1.03,0.447,-1,BOUNCE,85620,0.447,BOUNCE,85620,0.447,OVERLAP,NONE,BELOW,FALLING,BELOW
DOGEUSDT,105,2023-05-05 12:30,2023-05-06 07:45,85692,0.07867,0.07847,0.257,0,50.58,DOWN,BOTTOM,false,85696,2023-05-05 13:30,BELOW,4,0.78,2.16,0.65,-1,THROUGH,85700,1.045,THROUGH,85700,1.045,OVERLAP,NONE,ABOVE,FALLING,ABOVE
DOGEUSDT,107,2023-05-21 15:30,2023-05-24 13:30,87240,0.07333,0.07326,0.097,0,36.91,DOWN,MIDDLE,false,87314,2023-05-22 10:00,BELOW,74,3.03,9.2,1.077,-1,THROUGH,87314,0.915,THROUGH,87314,0.915,OVERLAP,NONE,ABOVE,RISING,ABOVE
DOGEUSDT,108,2023-05-24 13:45,2023-05-25 18:45,87521,0.07106,0.07085,0.299,0,34.46,DOWN,BOTTOM,false,87547,2023-05-24 20:15,BELOW,26,1.13,1.59,0.451,-1,BOUNCE,87552,0.409,BOUNCE,87552,3.627,OVERLAP,NONE,ABOVE,RISING,BELOW
DOGEUSDT,110,2023-05-27 13:45,2023-05-28 08:00,87809,0.07143,0.07138,0.07,0,30.09,DOWN,MIDDLE,false,87815,2023-05-27 15:15,BELOW,6,0.56,0.62,0.21,1,BOUNCE,87816,0.462,BOUNCE,87816,0.462,OVERLAP,NONE,BELOW,FALLING,BELOW
DOGEUSDT,111,2023-05-28 08:15,2023-05-30 03:45,87883,0.07276,0.07267,0.125,0,23.55,DOWN,MIDDLE,false,87885,2023-05-28 08:45,BELOW,2,0.72,5.88,0.855,1,BOUNCE,87886,0.523,BOUNCE,87886,0.881,OVERLAP,NONE,BELOW,FALLING,BELOW
DOGEUSDT,112,2023-05-30 04:00,2023-06-09 12:00,88058,0.0733,0.07317,0.179,0,26.9,DOWN,TOP,false,88084,2023-05-30 10:30,BELOW,26,1.09,4.71,0.614,-1,THROUGH,88084,0.205,THROUGH,88084,0.205,OVERLAP,THROUGH,ABOVE,RISING,ABOVE
DOGEUSDT,114,2023-06-10 00:15,2023-06-22 10:45,89099,0.06952,0.06915,0.525,0,23.05,UP,TOP,false,89105,2023-06-10 01:45,ABOVE,6,1.45,1.95,1.42,1,BOUNCE,89106,0.964,BOUNCE,89106,0.964,OVERLAP,NONE,ABOVE,RISING,BELOW
DOGEUSDT,115,2023-06-22 11:00,2023-06-29 08:45,90294,0.06826,0.06797,0.436,0,20.35,DOWN,MIDDLE,false,90409,2023-06-23 15:45,BELOW,115,3.68,5.56,1.946,-1,THROUGH,90410,2.751,THROUGH,90410,2.751,OVERLAP,NONE,ABOVE,RISING,ABOVE
DOGEUSDT,116,2023-06-29 09:00,2023-07-09 23:45,90958,0.06292,0.06279,0.206,0,25.11,UP,TOP,false,90990,2023-06-29 17:00,ABOVE,32,1.64,1.93,0.872,1,BOUNCE,90991,0.858,BOUNCE,90991,0.938,OVERLAP,NONE,BELOW,FALLING,BELOW
DOGEUSDT,117,2023-07-10 00:00,2023-07-12 19:00,91978,0.06535,0.0652,0.234,0,30.52,DOWN,MIDDLE,false,92052,2023-07-10 18:30,BELOW,74,1.67,11.17,1.332,-1,THROUGH,92053,1.258,THROUGH,92053,1.258,OVERLAP,NONE,ABOVE,RISING,ABOVE
DOGEUSDT,118,2023-07-12 19:15,2023-07-16 02:00,92247,0.0648,0.06465,0.233,0,31.6,DOWN,MIDDLE,false,92264,2023-07-12 23:30,BELOW,17,0.94,6.84,1.339,-1,THROUGH,92264,0.495,THROUGH,92264,0.495,OVERLAP,NONE,ABOVE,RISING,ABOVE
DOGEUSDT,119,2023-07-16 02:15,2023-07-17 05:15,92563,0.07195,0.07159,0.515,0,28.58,DOWN,MIDDLE,false,92602,2023-07-16 12:00,BELOW,39,2.3,1.62,0.699,-1,BOUNCE,92603,1.229,BOUNCE,92603,1.704,OVERLAP,NONE,ABOVE,RISING,ABOVE
DOGEUSDT,120,2023-07-17 05:30,2023-07-19 15:30,92672,0.07051,0.07025,0.358,0,30.63,UP,TOP,false,92686,2023-07-17 09:00,ABOVE,14,3.09,2.24,2.029,1,THROUGH,92686,4.34,THROUGH,92686,4.34,OVERLAP,NONE,BELOW,FALLING,BELOW
DOGEUSDT,122,2023-07-20 09:30,2023-07-24 07:15,92976,0.07097,0.07073,0.329,0,30.89,UP,MIDDLE,false,92996,2023-07-20 14:30,ABOVE,20,3,2.09,2.144,1,THROUGH,92996,1.381,THROUGH,92996,2.17,OVERLAP,NONE,BELOW,FALLING,BELOW
DOGEUSDT,123,2023-07-24 07:30,2023-07-25 16:15,93352,0.07151,0.07124,0.355,0,47.73,UP,TOP,false,93361,2023-07-24 09:45,ABOVE,9,7.24,3.18,5.621,1,BOUNCE,93362,8.796,BOUNCE,93362,8.796,OVERLAP,NONE,BELOW,RISING,BELOW
DOGEUSDT,124,2023-07-25 16:30,2023-08-01 21:45,93484,0.07786,0.0772,0.832,0,23.9,UP,MIDDLE,false,93582,2023-07-26 17:00,ABOVE,98,6.92,3.46,2.01,-1,BOUNCE,93586,2.569,BOUNCE,93586,2.569,OVERLAP,NONE,BELOW,FALLING,BELOW
DOGEUSDT,125,2023-08-01 22:00,2023-08-14 19:45,94178,0.07786,0.07712,0.954,1,25.41,IN,TOP,false,94182,2023-08-01 23:00,BELOW,4,0.01,1.82,0.799,-1,THROUGH,94184,0.596,THROUGH,94184,0.596,OVERLAP,NONE,ABOVE,RISING,ABOVE
DOGEUSDT,126,2023-08-14 20:00,2023-08-16 20:00,95418,0.07422,0.07406,0.213,0,126.54,UP,MIDDLE,false,95419,2023-08-14 20:15,ABOVE,1,1.25,2.24,1.369,-1,BOUNCE,95421,0.997,BOUNCE,95421,0.997,OVERLAP,NONE,ABOVE,RISING,BELOW
DOGEUSDT,128,2023-08-22 06:00,2023-08-23 07:30,96130,0.06269,0.06249,0.318,0,27.11,UP,MIDDLE,false,96133,2023-08-22 06:45,ABOVE,3,0.4,1.76,0.697,-1,BOUNCE,96134,0.766,BOUNCE,96134,0.877,OVERLAP,NONE,ABOVE,RISING,ABOVE
DOGEUSDT,129,2023-08-23 07:45,2023-08-25 03:00,96233,0.0631,0.06279,0.485,0,29.17,UP,TOP,false,96252,2023-08-23 12:30,ABOVE,19,1.2,0.78,0.412,1,BOUNCE,96257,1.173,BOUNCE,96257,2.583,OVERLAP,NONE,BELOW,FALLING,BELOW
DOGEUSDT,130,2023-08-25 03:15,2023-09-06 13:45,96407,0.06271,0.06258,0.209,0,23.63,DOWN,BOTTOM,false,96446,2023-08-25 13:00,BELOW,39,1.2,4.15,0.528,-1,BOUNCE,96447,1.358,BOUNCE,96447,1.358,OVERLAP,NONE,ABOVE,RISING,ABOVE
DOGEUSDT,131,2023-09-06 14:00,2023-09-11 03:00,97602,0.06395,0.06378,0.268,0,23.34,DOWN,MIDDLE,false,97612,2023-09-06 16:30,BELOW,10,1.03,3.91,1.076,-1,BOUNCE,97613,2.195,BOUNCE,97613,2.195,OVERLAP,NONE,BELOW,FALLING,BELOW
DOGEUSDT,132,2023-09-11 03:15,2023-09-13 07:15,98039,0.06128,0.06119,0.147,0,26.02,DOWN,MIDDLE,false,98040,2023-09-11 03:30,BELOW,1,0.03,0.28,0.163,-1,BOUNCE,98042,0.261,BOUNCE,98042,1.291,OVERLAP,NONE,ABOVE,RISING,ABOVE
DOGEUSDT,133,2023-09-13 07:30,2023-09-26 21:00,98248,0.06095,0.06087,0.131,0,23.75,UP,TOP,false,98249,2023-09-13 07:45,ABOVE,1,0.05,3.32,0.625,-1,THROUGH,98249,0.263,THROUGH,98249,0.263,OVERLAP,NONE,BELOW,RISING,BELOW
DOGEUSDT,134,2023-09-26 21:15,2023-10-11 15:00,99551,0.06032,0.06025,0.117,0,45.07,DOWN,MIDDLE,false,99552,2023-09-26 21:30,BELOW,1,0.58,2.49,0.698,-1,THROUGH,99553,0.747,THROUGH,99553,0.846,OVERLAP,NONE,BELOW,FALLING,BELOW
DOGEUSDT,135,2023-10-11 15:15,2023-10-13 11:15,100967,0.05856,0.05849,0.121,0,22.98,DOWN,BOTTOM,false,100999,2023-10-11 23:15,BELOW,32,1.15,5.68,0.531,-1,BOUNCE,101000,0.804,BOUNCE,101000,1.009,OVERLAP,NONE,ABOVE,RISING,BELOW
DOGEUSDT,136,2023-10-13 11:30,2023-10-14 11:30,101144,0.05799,0.05792,0.12,0,37.4,UP,MIDDLE,false,101165,2023-10-13 16:45,ABOVE,21,1.29,3.2,1.082,1,BOUNCE,101166,0.638,BOUNCE,101166,1.483,OVERLAP,NONE,BELOW,RISING,BELOW
DOGEUSDT,138,2023-10-16 05:15,2023-10-18 04:30,101407,0.05936,0.05931,0.083,0,44.69,UP,MIDDLE,false,101441,2023-10-16 13:45,ABOVE,34,2.98,3.81,2.004,1,BOUNCE,101442,1.584,BOUNCE,101442,1.584,OVERLAP,NONE,BELOW,RISING,BELOW
DOGEUSDT,139,2023-10-18 04:45,2023-10-18 22:30,101597,0.05887,0.05883,0.068,0,24.58,UP,MIDDLE,false,101610,2023-10-18 08:00,ABOVE,13,0.53,0.95,0.187,-1,BOUNCE,101611,0.357,BOUNCE,101611,0.357,OVERLAP,NONE,BELOW,FALLING,BELOW
DOGEUSDT,140,2023-10-18 22:45,2023-10-30 23:45,101669,0.0585,0.05845,0.085,0,28.27,UP,MIDDLE,false,101674,2023-10-19 00:00,ABOVE,5,0.43,1.24,0.205,-1,BOUNCE,101675,0.325,BOUNCE,101675,0.325,OVERLAP,NONE,ABOVE,RISING,ABOVE
DOGEUSDT,141,2023-10-31 00:00,2023-11-08 17:30,102826,0.06968,0.06959,0.129,0,21.29,UP,TOP,false,102827,2023-10-31 00:15,ABOVE,1,0.22,4.81,0.587,1,BOUNCE,102828,0.574,BOUNCE,102828,0.574,OVERLAP,NONE,ABOVE,RISING,ABOVE
DOGEUSDT,142,2023-11-08 17:45,2023-11-13 20:30,103665,0.07483,0.07447,0.478,0,34.98,UP,TOP,false,103679,2023-11-08 21:15,ABOVE,14,1.44,0.65,1.068,1,BOUNCE,103680,1.43,BOUNCE,103680,2.446,OVERLAP,NONE,BELOW,RISING,ABOVE
DOGEUSDT,143,2023-11-13 20:45,2023-11-16 07:30,104157,0.07659,0.07619,0.524,0,21.42,IN,MIDDLE,false,104356,2023-11-15 22:30,BELOW,199,7.35,0.77,0.89,1,BOUNCE,104357,0.683,BOUNCE,104357,0.683,OVERLAP,NONE,ABOVE,RISING,ABOVE
DOGEUSDT,144,2023-11-16 07:45,2023-11-19 22:45,104393,0.0777,0.07684,1.082,0,21.29,UP,TOP,false,104395,2023-11-16 08:15,ABOVE,2,2.28,3.98,2.096,1,THROUGH,104395,0.257,THROUGH,104395,0.257,OVERLAP,NONE,BELOW,RISING,BELOW
DOGEUSDT,145,2023-11-19 23:00,2023-11-29 11:30,104742,0.07962,0.07932,0.373,0,23.19,UP,MIDDLE,false,104802,2023-11-20 14:00,ABOVE,60,2.71,4.43,2.165,1,BOUNCE,104803,1.846,BOUNCE,104803,2.273,OVERLAP,NONE,BELOW,FALLING,BELOW
DOGEUSDT,146,2023-11-29 11:45,2023-12-04 10:45,105657,0.08015,0.07996,0.233,0,29.27,UP,MIDDLE,false,105670,2023-11-29 15:00,ABOVE,13,3.23,1.15,1.058,1,BOUNCE,105671,1.323,BOUNCE,105671,1.647,OVERLAP,NONE,BELOW,FALLING,BELOW
DOGEUSDT,147,2023-12-04 11:00,2023-12-24 05:15,106134,0.08997,0.08943,0.62,0,26.68,DOWN,MIDDLE,false,106153,2023-12-04 15:45,BELOW,19,2.96,1.01,0.839,1,BOUNCE,106154,1.319,BOUNCE,106154,1.319,OVERLAP,NONE,ABOVE,RISING,ABOVE
DOGEUSDT,148,2023-12-24 05:30,2023-12-29 22:00,108032,0.09421,0.094,0.226,0,34.85,DOWN,MIDDLE,false,108047,2023-12-24 09:15,BELOW,15,1.26,2.6,0.853,1,THROUGH,108048,0.819,THROUGH,108048,0.819,OVERLAP,NONE,ABOVE,RISING,ABOVE
DOGEUSDT,149,2023-12-29 22:15,2024-01-02 07:15,108579,0.09048,0.09008,0.444,0,28.03,IN,BOTTOM,false,108597,2023-12-30 02:45,ABOVE,18,1.08,1,0.463,-1,BOUNCE,108598,0.575,BOUNCE,108598,0.641,OVERLAP,NONE,BELOW,FALLING,BELOW
DOGEUSDT,150,2024-01-02 07:30,2024-01-05 01:30,108904,0.09327,0.09299,0.298,0,20.08,UP,TOP,false,108914,2024-01-02 10:00,ABOVE,10,1.15,1.73,0.439,1,BOUNCE,108915,0.365,BOUNCE,108915,0.365,OVERLAP,NONE,BELOW,RISING,ABOVE
DOGEUSDT,151,2024-01-05 01:45,2024-01-29 09:15,109169,0.08388,0.08345,0.521,0,23.23,DOWN,BOTTOM,false,109198,2024-01-05 09:00,BELOW,29,1.27,3.53,0.779,-1,THROUGH,109201,0.18,THROUGH,109201,0.18,OVERLAP,NONE,ABOVE,RISING,ABOVE
DOGEUSDT,152,2024-01-29 09:30,2024-02-02 13:15,111504,0.0787,0.0784,0.372,0,106.58,UP,MIDDLE,false,111700,2024-01-31 10:30,ABOVE,196,4.85,1.78,0.598,-1,BOUNCE,111703,0.801,BOUNCE,111703,1.652,OVERLAP,NONE,BELOW,FALLING,BELOW
DOGEUSDT,153,2024-02-02 13:30,2024-02-26 09:00,111904,0.07933,0.0792,0.165,0,20.22,DOWN,BOTTOM,false,111911,2024-02-02 15:15,BELOW,7,0.61,0.72,0.253,1,THROUGH,111913,0.341,THROUGH,111913,0.341,OVERLAP,NONE,BELOW,FALLING,BELOW
DOGEUSDT,154,2024-02-26 09:15,2024-03-27 22:15,114191,0.08571,0.0855,0.248,0,23.22,DOWN,MIDDLE,false,114212,2024-02-26 14:30,BELOW,21,1.45,0.82,0.351,-1,THROUGH,114213,2.094,THROUGH,114213,4.105,OVERLAP,NONE,ABOVE,RISING,ABOVE
DOGEUSDT,155,2024-03-27 22:30,2024-04-20 15:15,117124,0.18634,0.18403,1.217,0,25.51,UP,MIDDLE,false,117623,2024-04-02 03:15,ABOVE,499,22.02,3.07,2.604,-1,BOUNCE,117624,2.345,BOUNCE,117624,2.93,OVERLAP,NONE,BELOW,FALLING,BELOW
DOGEUSDT,156,2024-04-20 15:30,2024-05-12 07:00,119400,0.15373,0.15305,0.435,0,21.72,UP,TOP,false,119783,2024-04-24 15:15,ABOVE,383,7.3,1.14,0.943,-1,THROUGH,119784,1.32,THROUGH,119784,1.32,OVERLAP,NONE,BELOW,FALLING,BELOW
DOGEUSDT,157,2024-05-12 07:15,2024-05-24 05:30,121479,0.14359,0.14321,0.269,0,102.11,DOWN,BOTTOM,false,121491,2024-05-12 10:15,BELOW,12,2.14,2.17,1.356,-1,BOUNCE,121493,0.754,BOUNCE,121493,0.845,OVERLAP,NONE,ABOVE,RISING,ABOVE
DOGEUSDT,158,2024-05-24 05:45,2024-05-27 19:30,122625,0.15794,0.1561,1.102,0,47.29,UP,BOTTOM,false,122629,2024-05-24 06:45,ABOVE,4,5.71,2.28,3.498,-1,BOUNCE,122630,1.076,BOUNCE,122630,5.242,OVERLAP,NONE,BELOW,FALLING,BELOW
DOGEUSDT,159,2024-05-27 19:45,2024-06-06 10:45,122969,0.16991,0.16944,0.281,0,34.61,DOWN,BOTTOM,false,122979,2024-05-27 22:15,BELOW,10,1.38,0.43,0.437,1,BOUNCE,122980,1.086,BOUNCE,122980,3.795,OVERLAP,NONE,ABOVE,FALLING,ABOVE
DOGEUSDT,160,2024-06-06 11:00,2024-06-11 01:30,123894,0.16241,0.16209,0.196,0,20.75,UP,TOP,false,123903,2024-06-06 13:15,ABOVE,9,1.6,1.04,0.485,-1,BOUNCE,123904,1.121,BOUNCE,123904,1.121,OVERLAP,NONE,BELOW,RISING,BELOW
DOGEUSDT,161,2024-06-11 01:45,2024-06-12 17:45,124337,0.1449,0.14447,0.303,0,28.39,DOWN,TOP,false,124477,2024-06-12 12:45,BELOW,140,6.89,3.41,1.044,1,THROUGH,124478,3.509,THROUGH,124478,4.084,OVERLAP,NONE,ABOVE,RISING,ABOVE
DOGEUSDT,162,2024-06-12 18:00,2024-06-17 15:30,124498,0.15028,0.14932,0.648,0,27.03,DOWN,TOP,false,124499,2024-06-12 18:15,BELOW,1,0.76,1.21,1.651,1,BOUNCE,124500,4.092,BOUNCE,124500,4.092,OVERLAP,NONE,ABOVE,RISING,ABOVE
DOGEUSDT,163,2024-06-17 15:45,2024-08-08 12:15,124969,0.13298,0.13239,0.456,0,21.94,DOWN,BOTTOM,false,124978,2024-06-17 18:00,BELOW,9,3.15,0.81,1.119,-1,THROUGH,124981,0.695,THROUGH,124981,0.695,OVERLAP,NONE,ABOVE,RISING,ABOVE
DOGEUSDT,164,2024-08-08 12:30,2024-08-23 12:30,129948,0.09966,0.0993,0.354,0,20.19,UP,MIDDLE,false,129953,2024-08-08 13:45,ABOVE,5,2.02,2.85,1.878,1,BOUNCE,129954,5.308,BOUNCE,129954,5.308,OVERLAP,NONE,BELOW,RISING,ABOVE
DOGEUSDT,165,2024-08-23 12:45,2024-09-06 07:00,131389,0.10669,0.10641,0.259,0,44.16,UP,MIDDLE,false,131397,2024-08-23 14:45,ABOVE,8,2.89,5.73,3.368,1,BOUNCE,131398,5.736,BOUNCE,131398,6.327,OVERLAP,BOUNCE,BELOW,RISING,BELOW
DOGEUSDT,166,2024-09-06 07:15,2024-09-13 04:45,132711,0.09871,0.09824,0.482,0,23.53,DOWN,BOTTOM,false,133006,2024-09-09 09:00,BELOW,295,9,8.11,1.419,1,BOUNCE,133007,0.448,BOUNCE,133007,1.364,OVERLAP,NONE,ABOVE,RISING,ABOVE
DOGEUSDT,167,2024-09-13 05:00,2024-09-26 23:00,133374,0.1022,0.10191,0.28,0,27.56,UP,BOTTOM,false,133638,2024-09-15 23:00,ABOVE,264,5.62,3.97,1.677,-1,BOUNCE,133639,0.969,BOUNCE,133639,0.969,OVERLAP,NONE,BELOW,FALLING,BELOW
DOGEUSDT,168,2024-09-26 23:15,2024-10-28 20:45,134695,0.11794,0.11743,0.434,0,21.97,IN,MIDDLE,false,134697,2024-09-26 23:45,ABOVE,2,0.21,0.8,0.305,1,BOUNCE,134698,1.272,BOUNCE,134698,4.655,OVERLAP,NONE,ABOVE,RISING,ABOVE
DOGEUSDT,169,2024-10-28 21:00,2025-01-21 11:00,137758,0.15702,0.15693,0.056,0,111.58,UP,MIDDLE,false,138045,2024-10-31 20:45,ABOVE,287,13.83,2.59,1.902,-1,BOUNCE,138046,3.694,BOUNCE,138046,4.649,OVERLAP,NONE,BELOW,FALLING,BELOW
DOGEUSDT,171,2025-01-22 22:30,2025-01-25 14:45,146020,0.35975,0.35695,0.77,0,44.44,UP,MIDDLE,false,146021,2025-01-22 22:45,ABOVE,1,1.09,2.51,1.986,-1,BOUNCE,146022,1.276,BOUNCE,146022,1.276,OVERLAP,NONE,BELOW,RISING,BELOW
DOGEUSDT,172,2025-01-25 15:00,2025-02-13 21:15,146278,0.35075,0.34882,0.545,0,52.58,UP,TOP,false,146352,2025-01-26 09:30,ABOVE,74,2.35,2.53,0.459,1,BOUNCE,146354,0.291,BOUNCE,146354,0.527,OVERLAP,NONE,BELOW,FALLING,BELOW
DOGEUSDT,173,2025-02-13 21:30,2025-02-19 22:30,148128,0.25853,0.25796,0.219,0,21.43,UP,TOP,false,148446,2025-02-17 05:00,ABOVE,318,9.35,7.15,1.957,-1,BOUNCE,148447,2.22,BOUNCE,148447,2.696,OVERLAP,NONE,BELOW,FALLING,BELOW
DOGEUSDT,174,2025-02-19 22:45,2025-05-04 21:45,148709,0.25196,0.25131,0.256,0,23.09,UP,MIDDLE,false,148774,2025-02-20 15:00,ABOVE,65,1.81,2.52,0.812,1,BOUNCE,148775,0.5,BOUNCE,148775,1.508,OVERLAP,NONE,BELOW,FALLING,BELOW
DOGEUSDT,175,2025-05-04 22:00,2025-05-25 21:45,155810,0.17288,0.17242,0.269,0,22.09,DOWN,TOP,false,155838,2025-05-05 05:00,BELOW,28,1.68,1.06,0.337,-1,BOUNCE,155840,0.29,BOUNCE,155840,1.357,OVERLAP,NONE,ABOVE,RISING,ABOVE
DOGEUSDT,176,2025-05-25 22:00,2025-06-05 16:00,157826,0.21951,0.21872,0.357,0,31.61,UP,MIDDLE,false,158083,2025-05-28 14:15,ABOVE,257,5.15,2.56,0.695,-1,BOUNCE,158084,0.374,BOUNCE,158084,0.702,OVERLAP,NONE,BELOW,FALLING,BELOW
DOGEUSDT,177,2025-06-05 16:15,2025-06-09 20:45,158859,0.18937,0.18814,0.671,0,20.97,DOWN,MIDDLE,false,159040,2025-06-07 13:30,BELOW,181,10.33,2.02,0.6,1,BOUNCE,159041,1.021,BOUNCE,159041,3.37,OVERLAP,NONE,ABOVE,RISING,ABOVE
DOGEUSDT,178,2025-06-09 21:00,2025-06-23 21:45,159262,0.18713,0.18671,0.22,0,27.31,UP,MIDDLE,false,159511,2025-06-12 11:15,ABOVE,249,8.67,2.69,0.996,-1,BOUNCE,159512,0.818,BOUNCE,159512,1.507,OVERLAP,NONE,BELOW,FALLING,BELOW
DOGEUSDT,179,2025-06-23 22:00,2025-07-03 12:15,160610,0.15872,0.15836,0.221,0,25.05,UP,TOP,false,160865,2025-06-26 13:45,ABOVE,255,5.37,2.4,1.217,-1,BOUNCE,160866,1.329,BOUNCE,160866,1.865,OVERLAP,NONE,BELOW,FALLING,BELOW
DOGEUSDT,180,2025-07-03 12:30,2025-07-09 20:15,161532,0.17422,0.17368,0.314,0,21.63,DOWN,MIDDLE,false,161536,2025-07-03 13:30,BELOW,4,1.21,3,1.558,1,THROUGH,161537,0.535,THROUGH,161537,0.535,OVERLAP,NONE,ABOVE,FALLING,ABOVE
DOGEUSDT,182,2025-08-07 10:00,2025-09-22 05:45,164882,0.2062,0.20555,0.31,0,21.66,UP,MIDDLE,false,166656,2025-08-25 21:30,ABOVE,1774,23.62,1.11,1.327,-1,BOUNCE,166657,1.906,BOUNCE,166657,2.779,OVERLAP,NONE,BELOW,FALLING,BELOW
DOGEUSDT,183,2025-09-22 06:00,2025-09-28 21:45,169282,0.24769,0.2436,1.713,0,21.83,DOWN,BOTTOM,false,169421,2025-09-23 16:45,BELOW,139,3.26,2.75,1.678,-1,BOUNCE,169422,2.894,BOUNCE,169422,3.021,OVERLAP,NONE,ABOVE,RISING,ABOVE
DOGEUSDT,184,2025-09-28 22:00,2025-10-10 20:30,169922,0.23326,0.23263,0.267,0,26.84,UP,TOP,false,169950,2025-09-29 05:00,ABOVE,28,1.7,1.32,0.651,1,BOUNCE,169951,0.313,BOUNCE,169951,0.313,OVERLAP,NONE,BELOW,FALLING,BELOW
DOGEUSDT,186,2025-10-22 11:00,2025-10-26 09:00,172182,0.1904,0.18967,0.382,0,21.28,UP,BOTTOM,false,172183,2025-10-22 11:15,ABOVE,1,0.3,2.65,0.776,-1,BOUNCE,172184,0.94,BOUNCE,172184,1.544,OVERLAP,NONE,BELOW,FALLING,BELOW
DOGEUSDT,188,2025-10-26 22:00,2025-11-14 04:15,172610,0.20234,0.20173,0.298,0,28.2,UP,MIDDLE,false,172654,2025-10-27 09:00,ABOVE,44,3.27,1.94,0.866,1,BOUNCE,172655,0.642,BOUNCE,172655,0.707,OVERLAP,NONE,BELOW,FALLING,BELOW
DOGEUSDT,189,2025-11-14 04:30,2025-12-03 13:45,174364,0.164,0.16332,0.42,0,85.94,DOWN,MIDDLE,false,174366,2025-11-14 05:00,BELOW,2,0.96,2.02,0.886,-1,BOUNCE,174367,1.329,BOUNCE,174367,1.329,OVERLAP,NONE,BELOW,FALLING,BELOW
DOGEUSDT,190,2025-12-03 14:00,2025-12-11 14:15,176226,0.14972,0.14907,0.44,0,21.66,DOWN,BOTTOM,false,176228,2025-12-03 14:30,BELOW,2,0.81,4.18,2.417,1,THROUGH,176228,0.523,THROUGH,176228,1.442,OVERLAP,NONE,ABOVE,FALLING,ABOVE
DOGEUSDT,191,2025-12-11 14:30,2026-01-13 13:15,176996,0.1379,0.13749,0.298,0,27.46,IN,BOTTOM,false,176998,2025-12-11 15:00,BELOW,2,0.27,2.39,0.793,-1,BOUNCE,176999,0.975,BOUNCE,176999,0.975,OVERLAP,NONE,BELOW,FALLING,BELOW
DOGEUSDT,192,2026-01-13 13:30,2026-01-13 21:45,180160,0.13958,0.13913,0.322,0,26.5,UP,MIDDLE,false,180161,2026-01-13 13:45,ABOVE,1,0.21,0.87,0.487,1,BOUNCE,180162,2.515,BOUNCE,180162,3.869,OVERLAP,NONE,ABOVE,RISING,ABOVE
DOGEUSDT,193,2026-01-13 22:00,2026-01-18 22:45,180194,0.14479,0.14438,0.276,0,35.44,UP,TOP,false,180304,2026-01-15 01:30,ABOVE,110,3.84,3.3,0.78,1,THROUGH,180306,1.423,THROUGH,180306,1.423,OVERLAP,NONE,BELOW,FALLING,BELOW
DOGEUSDT,195,2026-01-20 22:30,2026-02-01 22:45,180868,0.12427,0.12373,0.436,0,22.48,IN,TOP,false,180874,2026-01-21 00:00,BELOW,6,0.39,1.09,0.437,-1,THROUGH,180876,1.754,THROUGH,180876,1.754,OVERLAP,NONE,BELOW,FALLING,BELOW
DOGEUSDT,196,2026-02-01 23:00,2026-02-07 15:45,182022,0.10514,0.10448,0.639,0,20.19,DOWN,MIDDLE,false,182023,2026-02-01 23:15,BELOW,1,1.19,2.45,2.005,-1,BOUNCE,182025,1.254,BOUNCE,182025,4.527,OVERLAP,THROUGH,BELOW,FALLING,BELOW
DOGEUSDT,197,2026-02-07 16:00,2026-02-28 13:30,182570,0.09678,0.09639,0.4,0,33.52,UP,MIDDLE,false,182618,2026-02-08 04:00,ABOVE,48,2.3,0.9,0.424,1,BOUNCE,182619,0.816,BOUNCE,182619,2.046,OVERLAP,NONE,BELOW,FALLING,BELOW
DOGEUSDT,198,2026-02-28 13:45,2026-03-04 22:15,184577,0.08917,0.08883,0.372,0,31.51,UP,TOP,false,184852,2026-03-03 10:30,ABOVE,275,9.17,0.8,0.48,-1,BOUNCE,184853,2.097,BOUNCE,184853,3.566,OVERLAP,NONE,BELOW,FALLING,BELOW
DOGEUSDT,200,2026-03-08 22:00,2026-03-21 23:30,185378,0.08952,0.08928,0.272,0,45.43,DOWN,MIDDLE,false,185380,2026-03-08 22:30,BELOW,2,1.23,1.73,1.155,-1,THROUGH,185383,1.064,THROUGH,185383,2.386,OVERLAP,NONE,ABOVE,FALLING,ABOVE
DOGEUSDT,203,2026-03-26 20:00,2026-04-12 01:15,187098,0.09121,0.09101,0.218,0,20.22,UP,MIDDLE,false,187148,2026-03-27 08:30,ABOVE,50,1.46,6.19,1.214,1,BOUNCE,187149,0.866,BOUNCE,187149,0.866,OVERLAP,NONE,BELOW,FALLING,BELOW
DOGEUSDT,204,2026-04-12 01:30,2026-05-04 09:45,188656,0.09313,0.09295,0.198,0,28.83,DOWN,MIDDLE,false,188825,2026-04-13 19:45,BELOW,169,2.79,2.61,0.806,1,BOUNCE,188826,0.581,BOUNCE,188826,0.581,OVERLAP,NONE,ABOVE,RISING,ABOVE
DOGEUSDT,205,2026-05-04 10:00,2026-05-18 11:15,190802,0.11206,0.11171,0.319,0,25.61,DOWN,MIDDLE,false,190820,2026-05-04 14:30,BELOW,18,2.09,0.62,0.493,1,BOUNCE,190822,1.934,BOUNCE,190822,1.934,OVERLAP,NONE,ABOVE,RISING,ABOVE
DOGEUSDT,206,2026-05-18 11:30,2026-05-23 07:30,192152,0.10415,0.10386,0.275,0,23.85,UP,BOTTOM,false,192160,2026-05-18 13:30,ABOVE,8,2.06,3.7,1.769,-1,BOUNCE,192161,1.133,BOUNCE,192161,1.133,OVERLAP,NONE,BELOW,RISING,BELOW
DOGEUSDT,207,2026-05-23 07:45,2026-05-27 21:15,192617,0.10095,0.10053,0.425,0,32.71,DOWN,BOTTOM,false,192641,2026-05-23 13:45,BELOW,24,1.65,1.99,0.507,-1,BOUNCE,192642,0.418,BOUNCE,192642,0.418,OVERLAP,NONE,ABOVE,RISING,ABOVE
DOGEUSDT,208,2026-05-27 21:30,2026-06-14 21:00,193056,0.10203,0.10173,0.298,0,21.32,DOWN,MIDDLE,false,193270,2026-05-30 03:00,BELOW,214,4.46,2.12,0.305,1,BOUNCE,193271,1.573,BOUNCE,193271,1.573,OVERLAP,NONE,ABOVE,RISING,ABOVE
DOGEUSDT,209,2026-06-14 21:15,2026-07-06 20:45,194783,0.08678,0.08655,0.261,0,38.73,UP,TOP,false,194899,2026-06-16 02:15,ABOVE,116,4.56,4.78,0.91,-1,BOUNCE,194900,0.864,BOUNCE,194900,1.821,OVERLAP,NONE,BELOW,FALLING,BELOW
DOGEUSDT,210,2026-07-06 21:00,2026-07-15 09:30,196894,0.07701,0.07682,0.244,0,42.31,UP,TOP,false,196900,2026-07-06 22:30,ABOVE,6,1.05,0.77,0.169,-1,BOUNCE,196901,0.182,BOUNCE,196901,0.182,OVERLAP,BOUNCE,ABOVE,RISING,ABOVE
DOGEUSDT,211,2026-07-15 09:45,2026-07-24 06:45,197713,0.0744,0.07425,0.204,0,26.42,DOWN,MIDDLE,false,197725,2026-07-15 12:45,BELOW,12,0.82,3.9,1.031,1,THROUGH,197725,1.131,THROUGH,197725,1.131,OVERLAP,NONE,ABOVE,RISING,ABOVE
DOGEUSDT,212,2026-07-24 07:00,2026-08-08 05:15,198566,0.0693,0.06916,0.2,0,29.59,UP,MIDDLE,true,198585,2026-07-24 11:45,ABOVE,19,1.1,2.31,0.446,-1,BOUNCE,198586,0.462,BOUNCE,198586,0.462,OVERLAP,NONE,BELOW,FALLING,BELOW
ADAUSDT,1,2021-03-19 18:00,2021-04-25 20:30,11122,1.27229,1.2642,0.618,0,29.63,UP,MIDDLE,false,11152,2021-03-20 01:30,ABOVE,30,5.19,2.09,2.206,1,BOUNCE,11153,1.558,BOUNCE,11153,1.558,OVERLAP,THROUGH,BELOW,FALLING,BELOW
ADAUSDT,2,2021-04-25 20:45,2021-05-06 18:15,14685,1.11209,1.10417,0.743,0,27.23,DOWN,BOTTOM,false,14698,2021-04-26 00:00,BELOW,13,6.6,1.68,3.182,-1,THROUGH,14699,6.883,THROUGH,14699,8.331,OVERLAP,NONE,ABOVE,RISING,ABOVE
ADAUSDT,3,2021-05-06 18:30,2021-08-11 20:45,15732,1.63668,1.61291,1.564,0,22.38,DOWN,BOTTOM,false,15740,2021-05-06 20:30,BELOW,8,5.79,0.88,2.217,1,BOUNCE,15741,1.327,BOUNCE,15741,3.496,OVERLAP,NONE,BELOW,FALLING,ABOVE
ADAUSDT,4,2021-08-11 21:00,2021-09-07 06:30,25054,1.869,1.85,1.049,0,20.97,DOWN,MIDDLE,false,25075,2021-08-12 02:15,BELOW,21,3.69,0.72,1.071,1,BOUNCE,25081,6.811,BOUNCE,25081,6.811,OVERLAP,NONE,ABOVE,RISING,ABOVE
ADAUSDT,6,2021-09-13 13:30,2021-09-15 09:00,28192,2.42,2.4063,0.55,0,24.57,UP,TOP,false,28194,2021-09-13 14:00,ABOVE,2,2.85,4.5,5.24,-1,THROUGH,28194,3.888,THROUGH,28194,3.888,OVERLAP,NONE,BELOW,RISING,BELOW
ADAUSDT,7,2021-09-15 09:15,2021-10-08 20:30,28367,2.3885,2.3798,0.365,0,20.97,IN,MIDDLE,false,28369,2021-09-15 09:45,ABOVE,2,0.13,0.76,0.667,-1,BOUNCE,28370,0.946,BOUNCE,28370,8.106,OVERLAP,NONE,BELOW,RISING,BELOW
ADAUSDT,8,2021-10-08 20:45,2021-11-15 23:45,30621,2.2699,2.2598,0.452,0,21.84,DOWN,BOTTOM,false,30658,2021-10-09 06:00,BELOW,37,1.62,1.93,0.671,-1,BOUNCE,30660,0.434,BOUNCE,30660,0.434,OVERLAP,NONE,ABOVE,RISING,ABOVE
ADAUSDT,10,2021-11-16 10:00,2022-01-07 13:15,34322,1.9406,1.916,1.389,0,23.9,DOWN,BOTTOM,false,34338,2021-11-16 14:00,BELOW,16,7.58,0.5,1.445,-1,THROUGH,34340,0.6,THROUGH,34340,0.6,OVERLAP,NONE,ABOVE,RISING,ABOVE
ADAUSDT,11,2022-01-07 13:30,2022-03-10 13:15,39328,1.2354,1.2292,0.513,0,37.52,DOWN,MIDDLE,false,39332,2022-01-07 14:30,BELOW,4,1.69,1.39,1.279,-1,BOUNCE,39333,3.336,BOUNCE,39333,3.336,OVERLAP,NONE,ABOVE,FALLING,ABOVE
ADAUSDT,12,2022-03-10 13:30,2022-04-30 21:45,45280,0.809,0.8066,0.305,0,48.75,DOWN,MIDDLE,false,45287,2022-03-10 15:15,BELOW,7,2.47,1.26,0.998,-1,BOUNCE,45288,1.438,BOUNCE,45288,1.438,OVERLAP,NONE,BELOW,FALLING,BELOW
ADAUSDT,13,2022-04-30 22:00,2022-05-08 16:45,50210,0.7806,0.7789,0.22,0,30.74,DOWN,BOTTOM,false,50279,2022-05-01 15:15,BELOW,69,4.08,4.12,1.673,-1,THROUGH,50279,2.439,THROUGH,50279,2.439,OVERLAP,NONE,ABOVE,RISING,ABOVE
ADAUSDT,14,2022-05-08 17:00,2022-06-18 06:30,50958,0.7452,0.741,0.573,0,29.9,DOWN,MIDDLE,false,50961,2022-05-08 17:45,BELOW,3,1.08,1.13,1.628,-1,BOUNCE,50962,0.783,BOUNCE,50962,0.783,OVERLAP,NONE,ABOVE,FALLING,ABOVE
ADAUSDT,15,2022-06-18 06:45,2022-07-03 04:30,54853,0.4858,0.484,0.386,0,54.11,DOWN,MIDDLE,false,55004,2022-06-19 20:30,BELOW,151,11.69,2.64,1.694,1,BOUNCE,55006,1.674,BOUNCE,55006,4.587,OVERLAP,NONE,ABOVE,RISING,ABOVE
ADAUSDT,16,2022-07-03 04:45,2022-07-25 18:45,56285,0.4534,0.4524,0.221,0,23.66,DOWN,MIDDLE,false,56286,2022-07-03 05:00,BELOW,1,0.2,4.1,0.953,1,BOUNCE,56287,1.481,BOUNCE,56287,1.503,OVERLAP,NONE,BELOW,FALLING,BELOW
ADAUSDT,17,2022-07-25 19:00,2022-07-26 11:30,58454,0.4919,0.4902,0.352,0,21.65,DOWN,MIDDLE,false,58458,2022-07-25 20:00,BELOW,4,1.71,2.63,1.34,-1,THROUGH,58458,1.122,THROUGH,58458,1.122,OVERLAP,NONE,ABOVE,FALLING,BELOW
ADAUSDT,18,2022-07-26 11:45,2022-07-27 17:45,58521,0.4685,0.4668,0.364,0,22.07,DOWN,MIDDLE,false,58522,2022-07-26 12:00,BELOW,1,0.09,2.15,1.09,-1,BOUNCE,58523,3.128,BOUNCE,58523,3.492,OVERLAP,NONE,BELOW,FALLING,BELOW
ADAUSDT,20,2022-08-19 06:30,2022-09-06 16:45,60804,0.4942,0.4913,0.619,0,44.99,DOWN,MIDDLE,false,62320,2022-09-04 01:30,BELOW,1516,13.35,3,1.531,1,BOUNCE,62321,1.201,BOUNCE,62321,1.201,OVERLAP,NONE,ABOVE,RISING,ABOVE
ADAUSDT,21,2022-09-06 17:00,2022-09-19 02:00,62574,0.4961,0.4947,0.295,0,44.43,DOWN,MIDDLE,false,62822,2022-09-09 07:00,BELOW,248,8.07,0.75,0.505,1,BOUNCE,62823,0.869,BOUNCE,62823,0.869,OVERLAP,NONE,ABOVE,RISING,ABOVE
ADAUSDT,22,2022-09-19 02:15,2022-10-16 19:15,63763,0.448,0.445,0.685,0,21.21,DOWN,MIDDLE,false,63808,2022-09-19 13:30,BELOW,45,2.7,2.19,1.26,-1,THROUGH,63811,1.011,THROUGH,63811,1.978,OVERLAP,NONE,ABOVE,RISING,ABOVE
ADAUSDT,23,2022-10-16 19:30,2022-10-22 05:00,66424,0.3656,0.3647,0.242,0,23.08,UP,MIDDLE,false,66433,2022-10-16 21:45,ABOVE,9,2.11,1.67,1.418,1,BOUNCE,66434,1.641,BOUNCE,66434,1.641,OVERLAP,NONE,BELOW,RISING,BELOW
ADAUSDT,24,2022-10-22 05:15,2022-11-01 23:45,66943,0.3465,0.3458,0.204,0,21.92,DOWN,BOTTOM,false,66946,2022-10-22 06:00,BELOW,3,0.81,1.29,0.549,1,THROUGH,66950,0.607,THROUGH,66950,2.053,OVERLAP,NONE,BELOW,FALLING,BELOW
ADAUSDT,25,2022-11-02 00:00,2022-11-08 02:30,67978,0.401,0.3996,0.352,0,23.21,DOWN,BOTTOM,false,67980,2022-11-02 00:30,BELOW,2,0.55,1.51,0.376,-1,BOUNCE,67982,1.076,BOUNCE,67982,1.076,OVERLAP,NONE,BELOW,FALLING,ABOVE
ADAUSDT,26,2022-11-08 02:45,2022-11-20 08:15,68565,0.4049,0.4033,0.406,0,21.98,DOWN,MIDDLE,false,68618,2022-11-08 16:00,BELOW,53,6.72,4.56,4.13,-1,THROUGH,68618,2.554,THROUGH,68618,2.554,OVERLAP,NONE,ABOVE,RISING,ABOVE
ADAUSDT,28,2022-11-27 23:00,2022-12-15 18:30,70470,0.3192,0.3184,0.253,0,21.82,DOWN,TOP,false,70669,2022-11-30 00:45,BELOW,199,5.53,4.05,0.88,-1,BOUNCE,70670,1.036,BOUNCE,70670,1.884,OVERLAP,NONE,ABOVE,RISING,ABOVE
ADAUSDT,29,2022-12-15 18:45,2022-12-16 22:15,72181,0.301,0.3,0.334,0,20.32,DOWN,BOTTOM,false,72183,2022-12-15 19:15,BELOW,2,0.17,2.46,0.698,-1,THROUGH,72184,0.3,THROUGH,72184,0.3,OVERLAP,NONE,BELOW,FALLING,BELOW
ADAUSDT,30,2022-12-16 22:30,2023-01-16 07:45,72292,0.2824,0.2817,0.265,0,126.6,DOWN,BOTTOM,false,74448,2023-01-08 09:30,BELOW,2156,14.8,22.39,2.664,1,THROUGH,74452,2.556,THROUGH,74452,2.556,OVERLAP,NONE,ABOVE,RISING,ABOVE
ADAUSDT,31,2023-01-16 08:00,2023-01-17 22:15,75210,0.3579,0.357,0.258,0,40.85,DOWN,BOTTOM,false,75331,2023-01-17 14:15,BELOW,121,5.18,4.29,1.273,1,BOUNCE,75332,1.849,BOUNCE,75332,1.961,OVERLAP,NONE,ABOVE,RISING,ABOVE
ADAUSDT,32,2023-01-17 22:30,2023-01-19 08:15,75364,0.3509,0.3502,0.2,0,20.27,DOWN,BOTTOM,false,75379,2023-01-18 02:15,BELOW,15,1.54,0.88,0.544,-1,THROUGH,75382,0.543,THROUGH,75382,0.543,OVERLAP,NONE,ABOVE,RISING,ABOVE
ADAUSDT,33,2023-01-19 08:30,2023-02-20 21:45,75500,0.3323,0.3309,0.418,0,24.21,UP,MIDDLE,false,75503,2023-01-19 09:15,ABOVE,3,0.81,0.63,0.361,-1,BOUNCE,75504,0.512,BOUNCE,75504,1.144,OVERLAP,NONE,BELOW,RISING,ABOVE
ADAUSDT,34,2023-02-20 22:00,2023-03-03 01:00,78626,0.4052,0.4035,0.419,0,25.99,UP,BOTTOM,false,78627,2023-02-20 22:15,ABOVE,1,0.15,2.54,0.913,1,THROUGH,78628,0.518,THROUGH,78628,0.814,OVERLAP,NONE,ABOVE,RISING,ABOVE
ADAUSDT,35,2023-03-03 01:15,2023-03-14 04:45,79599,0.3485,0.3472,0.389,0,34.28,DOWN,BOTTOM,false,80614,2023-03-13 15:00,BELOW,1015,14.37,2.79,1.906,1,THROUGH,80615,0.72,THROUGH,80615,0.72,OVERLAP,NONE,ABOVE,RISING,ABOVE
ADAUSDT,36,2023-03-14 05:00,2023-04-10 21:45,80670,0.3443,0.3427,0.461,0,21.21,UP,TOP,false,80671,2023-03-14 05:15,ABOVE,1,0.81,3.59,1.954,1,THROUGH,80674,1.597,THROUGH,80674,1.597,OVERLAP,NONE,BELOW,RISING,BELOW
ADAUSDT,37,2023-04-10 22:00,2023-04-13 07:15,83330,0.3916,0.3906,0.253,0,26.51,UP,MIDDLE,false,83443,2023-04-12 02:15,ABOVE,113,5.11,4.34,1.125,-1,BOUNCE,83444,0.46,BOUNCE,83444,0.996,OVERLAP,NONE,BELOW,FALLING,BELOW
ADAUSDT,38,2023-04-13 07:30,2023-04-19 07:45,83560,0.4056,0.4045,0.274,0,27.9,DOWN,BOTTOM,false,83564,2023-04-13 08:30,BELOW,4,0.62,2.81,0.886,1,THROUGH,83564,1.78,THROUGH,83564,2.794,OVERLAP,NONE,ABOVE,FALLING,ABOVE
ADAUSDT,40,2023-05-20 07:30,2023-05-25 18:45,87112,0.3645,0.3638,0.192,0,41.55,IN,BOTTOM,false,87118,2023-05-20 09:00,ABOVE,6,0.22,0.61,0.247,-1,BOUNCE,87120,0.329,BOUNCE,87120,0.412,OVERLAP,NONE,ABOVE,RISING,ABOVE
ADAUSDT,41,2023-05-25 19:00,2023-06-06 11:45,87638,0.3568,0.3562,0.166,0,47.99,UP,MIDDLE,false,87659,2023-05-26 00:15,ABOVE,21,1.01,0.92,0.252,-1,BOUNCE,87661,0.448,BOUNCE,87661,0.448,OVERLAP,NONE,BELOW,FALLING,BELOW
ADAUSDT,42,2023-06-06 12:00,2023-06-16 14:30,88762,0.353,0.3519,0.317,0,22.23,DOWN,BOTTOM,false,88763,2023-06-06 12:15,BELOW,1,1.25,6.44,1.349,-1,BOUNCE,88764,4.461,BOUNCE,88764,4.461,OVERLAP,NONE,BELOW,FALLING,BELOW
ADAUSDT,43,2023-06-16 14:45,2023-06-17 05:15,89733,0.2578,0.2563,0.58,0,22.88,UP,BOTTOM,false,89734,2023-06-16 15:00,ABOVE,1,0.23,2.57,1.241,-1,BOUNCE,89735,2.211,BOUNCE,89735,3.763,OVERLAP,NONE,BELOW,FALLING,BELOW
ADAUSDT,44,2023-06-17 05:30,2023-07-19 23:45,89792,0.2643,0.2634,0.332,0,27.02,UP,TOP,false,89831,2023-06-17 15:15,ABOVE,39,3.14,3.32,1.273,1,BOUNCE,89832,1.627,BOUNCE,89832,1.93,OVERLAP,NONE,BELOW,FALLING,BELOW
ADAUSDT,45,2023-07-20 00:00,2023-07-24 09:30,92938,0.3245,0.3221,0.728,0,20.56,UP,MIDDLE,false,92939,2023-07-20 00:15,ABOVE,1,1.6,3.79,2.357,1,BOUNCE,92941,2.219,BOUNCE,92941,2.28,OVERLAP,NONE,ABOVE,RISING,BELOW
ADAUSDT,47,2023-07-29 04:30,2023-07-30 19:30,93820,0.312,0.3114,0.193,0,24.81,DOWN,TOP,false,93821,2023-07-29 04:45,BELOW,1,0.06,2.14,0.417,1,BOUNCE,93825,0.385,BOUNCE,93825,0.899,OVERLAP,NONE,ABOVE,RISING,ABOVE
ADAUSDT,48,2023-07-30 19:45,2023-08-04 20:15,93977,0.3134,0.3126,0.259,0,37.95,DOWN,BOTTOM,false,93991,2023-07-30 23:15,BELOW,14,1.63,0.65,0.543,-1,THROUGH,93992,1.791,THROUGH,93992,1.791,OVERLAP,NONE,ABOVE,RISING,ABOVE
ADAUSDT,49,2023-08-04 20:30,2023-08-15 18:45,94460,0.2944,0.2937,0.24,0,24.87,DOWN,MIDDLE,false,94464,2023-08-04 21:30,BELOW,4,0.82,0.48,0.478,1,BOUNCE,94465,0.34,BOUNCE,94465,1.158,OVERLAP,BOUNCE,BELOW,FALLING,BELOW
ADAUSDT,51,2023-08-21 15:15,2023-08-26 13:45,96071,0.2668,0.2652,0.614,0,25.68,DOWN,BOTTOM,false,96088,2023-08-21 19:30,BELOW,17,1.73,0.41,0.453,-1,BOUNCE,96089,0.641,BOUNCE,96089,1.357,OVERLAP,NONE,ABOVE,RISING,BELOW
ADAUSDT,52,2023-08-26 14:00,2023-09-07 01:30,96546,0.2595,0.259,0.193,0,21.19,UP,TOP,false,96547,2023-08-26 14:15,ABOVE,1,0.04,1.02,0.193,-1,BOUNCE,96548,0.539,BOUNCE,96548,0.694,OVERLAP,NONE,ABOVE,RISING,ABOVE
ADAUSDT,53,2023-09-07 01:45,2023-09-08 02:45,97649,0.2579,0.2574,0.194,0,53.81,IN,TOP,false,97652,2023-09-07 02:30,BELOW,3,0.04,0.88,0.233,1,BOUNCE,97653,0.505,BOUNCE,97653,0.738,OVERLAP,NONE,BELOW,FALLING,BELOW
ADAUSDT,54,2023-09-08 03:00,2023-09-13 07:15,97750,0.257,0.2565,0.195,0,25.1,IN,BOTTOM,false,97761,2023-09-08 05:45,ABOVE,11,0.43,0.75,0.233,1,BOUNCE,97762,0.506,BOUNCE,97762,0.506,OVERLAP,BOUNCE,BELOW,FALLING,BELOW
ADAUSDT,55,2023-09-13 07:30,2023-09-24 23:00,98248,0.2459,0.2454,0.203,0,25.25,IN,TOP,false,98250,2023-09-13 08:00,BELOW,2,0.08,0.99,0.61,-1,THROUGH,98251,1.019,THROUGH,98251,1.345,OVERLAP,BOUNCE,ABOVE,RISING,ABOVE
ADAUSDT,56,2023-09-24 23:15,2023-10-10 10:00,99367,0.2446,0.2439,0.288,0,21.57,DOWN,MIDDLE,false,99373,2023-09-25 00:45,BELOW,6,0.7,0.9,0.656,-1,THROUGH,99374,0.328,THROUGH,99374,0.328,OVERLAP,NONE,ABOVE,FALLING,ABOVE
ADAUSDT,58,2023-10-11 02:30,2023-10-13 20:30,100916,0.2488,0.2482,0.243,0,20.53,DOWN,BOTTOM,false,100945,2023-10-11 09:45,BELOW,29,1.29,1.97,0.403,-1,BOUNCE,100946,0.524,BOUNCE,100946,1.33,OVERLAP,NONE,ABOVE,RISING,ABOVE
ADAUSDT,59,2023-10-13 20:45,2023-10-16 05:00,101181,0.2462,0.2458,0.161,0,29.6,UP,BOTTOM,false,101188,2023-10-13 22:30,ABOVE,7,0.77,1.15,0.447,1,THROUGH,101190,0.203,THROUGH,101190,0.203,OVERLAP,NONE,BELOW,RISING,BELOW
ADAUSDT,60,2023-10-16 05:15,2023-11-06 05:00,101407,0.2491,0.2486,0.198,0,31.32,UP,TOP,false,101441,2023-10-16 13:45,ABOVE,34,3.41,3.36,1.988,1,BOUNCE,101442,1.325,BOUNCE,101442,1.525,OVERLAP,NONE,BELOW,RISING,BELOW
ADAUSDT,61,2023-11-06 05:15,2023-11-13 20:30,103423,0.3434,0.3421,0.383,0,22.41,DOWN,BOTTOM,false,103428,2023-11-06 06:30,BELOW,5,0.73,0.57,0.438,1,THROUGH,103432,1.812,THROUGH,103432,3.742,OVERLAP,NONE,BELOW,FALLING,BELOW
ADAUSDT,62,2023-11-13 20:45,2023-11-23 23:30,104157,0.367,0.3651,0.517,0,30.38,UP,MIDDLE,false,104158,2023-11-13 21:00,ABOVE,1,0.19,4.55,2.683,-1,THROUGH,104158,3.351,THROUGH,104158,4.114,OVERLAP,NONE,BELOW,FALLING,BELOW
ADAUSDT,63,2023-11-23 23:45,2023-11-29 15:45,105129,0.3828,0.3819,0.232,0,52.09,UP,MIDDLE,false,105387,2023-11-26 16:15,ABOVE,258,3.79,7.54,2.362,-1,THROUGH,105387,0.549,THROUGH,105387,0.549,OVERLAP,NONE,BELOW,FALLING,BELOW
ADAUSDT,64,2023-11-29 16:00,2023-12-04 10:45,105674,0.3804,0.3791,0.337,0,29.42,UP,BOTTOM,false,105676,2023-11-29 16:30,ABOVE,2,1.37,1.12,0.68,1,BOUNCE,105677,1.919,BOUNCE,105677,1.919,OVERLAP,NONE,BELOW,RISING,BELOW
ADAUSDT,65,2023-12-04 11:00,2023-12-24 05:15,106134,0.4117,0.4094,0.577,0,26.95,DOWN,MIDDLE,false,106188,2023-12-05 00:30,BELOW,54,2.81,2.18,0.512,-1,BOUNCE,106190,1.783,BOUNCE,106190,2.443,OVERLAP,NONE,ABOVE,RISING,ABOVE
ADAUSDT,66,2023-12-24 05:30,2024-01-06 05:00,108032,0.623,0.6207,0.376,0,20.96,DOWN,MIDDLE,false,108045,2023-12-24 08:45,BELOW,13,2.01,0.58,0.565,1,BOUNCE,108046,2.642,BOUNCE,108046,2.642,OVERLAP,NONE,ABOVE,RISING,ABOVE
ADAUSDT,67,2024-01-06 05:15,2024-04-14 21:45,109279,0.5299,0.5275,0.461,0,22.76,DOWN,BOTTOM,false,109315,2024-01-06 14:15,BELOW,36,3.45,1.79,0.645,-1,BOUNCE,109316,1.005,BOUNCE,109316,1.517,OVERLAP,NONE,ABOVE,RISING,ABOVE
ADAUSDT,68,2024-04-14 22:00,2024-05-23 19:45,118850,0.4463,0.4423,0.865,0,21.18,UP,BOTTOM,false,118931,2024-04-15 18:15,ABOVE,81,10.64,1.83,2.402,-1,BOUNCE,118932,3.07,BOUNCE,118932,3.652,OVERLAP,NONE,BELOW,FALLING,BELOW
ADAUSDT,69,2024-05-23 20:00,2024-05-27 19:30,122586,0.4614,0.4593,0.465,0,23.6,DOWN,MIDDLE,false,122588,2024-05-23 20:30,BELOW,2,1.76,0.53,0.765,-1,BOUNCE,122589,0.588,BOUNCE,122589,0.588,OVERLAP,NONE,BELOW,FALLING,BELOW
ADAUSDT,70,2024-05-27 19:45,2024-06-07 17:45,122969,0.4702,0.4688,0.301,0,22.82,DOWN,MIDDLE,false,122972,2024-05-27 20:30,BELOW,3,0.83,0.43,0.278,1,BOUNCE,122973,0.725,BOUNCE,122973,2.026,OVERLAP,NONE,BELOW,FALLING,ABOVE
ADAUSDT,73,2024-06-12 18:00,2024-06-22 13:15,124498,0.4445,0.4417,0.637,0,36.87,DOWN,TOP,false,124499,2024-06-12 18:15,BELOW,1,0.5,1.64,0.86,1,BOUNCE,124500,2.377,BOUNCE,124500,2.377,OVERLAP,NONE,ABOVE,RISING,ABOVE
ADAUSDT,74,2024-06-22 13:30,2024-08-23 06:30,125440,0.3798,0.3787,0.285,0,27.52,UP,TOP,false,125564,2024-06-23 20:30,ABOVE,124,3.32,6.94,2.015,-1,BOUNCE,125565,1.422,BOUNCE,125565,1.422,OVERLAP,NONE,BELOW,FALLING,BELOW
ADAUSDT,75,2024-08-23 06:45,2024-08-30 10:45,131365,0.3751,0.3736,0.393,0,22.79,UP,BOTTOM,false,131392,2024-08-23 13:30,ABOVE,27,3.12,1.6,0.745,1,BOUNCE,131393,2.426,BOUNCE,131393,4.026,OVERLAP,NONE,BELOW,FALLING,BELOW
ADAUSDT,76,2024-08-30 11:00,2024-09-14 17:45,132054,0.3585,0.3576,0.255,0,59.02,DOWN,TOP,false,133258,2024-09-12 00:00,BELOW,1204,14.65,2.13,1.35,1,BOUNCE,133259,1.063,BOUNCE,133259,1.286,OVERLAP,NONE,ABOVE,RISING,ABOVE
ADAUSDT,77,2024-09-14 18:00,2024-11-05 14:00,133522,0.3537,0.3531,0.17,0,20.15,DOWN,BOTTOM,false,133523,2024-09-14 18:15,BELOW,1,0.2,1.21,0.482,-1,THROUGH,133524,0.142,THROUGH,133524,0.283,OVERLAP,NONE,BELOW,FALLING,BELOW
ADAUSDT,78,2024-11-05 14:15,2024-11-19 23:45,138499,0.3325,0.3317,0.24,0,23.23,UP,TOP,false,138504,2024-11-05 15:30,ABOVE,5,0.9,1.71,0.897,1,BOUNCE,138505,1.684,BOUNCE,138505,1.684,OVERLAP,NONE,ABOVE,RISING,ABOVE
ADAUSDT,80,2024-12-27 09:00,2025-01-10 13:15,143470,0.8764,0.8711,0.586,0,21.41,UP,MIDDLE,false,143492,2024-12-27 14:30,ABOVE,22,3.81,3.46,1.928,1,BOUNCE,143493,0.764,BOUNCE,143493,2.487,OVERLAP,NONE,BELOW,FALLING,BELOW
ADAUSDT,81,2025-01-10 13:30,2025-02-10 22:00,144832,0.9597,0.9501,1.044,0,38.51,DOWN,MIDDLE,false,144849,2025-01-10 17:45,BELOW,17,4.05,1.01,2.649,1,BOUNCE,144850,1.979,BOUNCE,144850,2.684,OVERLAP,NONE,ABOVE,RISING,ABOVE
ADAUSDT,82,2025-02-10 22:15,2025-03-02 15:00,147843,0.7018,0.6987,0.436,0,47.24,UP,BOTTOM,false,149186,2025-02-24 22:00,ABOVE,1343,17.57,13.56,5.155,-1,THROUGH,149186,4.816,THROUGH,149186,4.816,OVERLAP,NONE,BELOW,FALLING,BELOW
ADAUSDT,84,2025-03-04 14:30,2025-04-25 18:15,149924,0.8117,0.7972,1.708,0,28.58,UP,MIDDLE,false,149926,2025-03-04 15:00,ABOVE,2,4.57,2.37,2.839,-1,BOUNCE,149927,12.234,BOUNCE,149927,17.691,OVERLAP,NONE,ABOVE,RISING,ABOVE
ADAUSDT,85,2025-04-25 18:30,2025-05-04 21:45,154932,0.7196,0.7167,0.403,0,26.61,UP,MIDDLE,false,154933,2025-04-25 18:45,ABOVE,1,0.1,0.54,0.906,1,THROUGH,154934,1.001,THROUGH,154934,1.445,OVERLAP,NONE,BELOW,FALLING,BELOW
ADAUSDT,86,2025-05-04 22:00,2025-07-09 05:15,155810,0.6882,0.687,0.176,0,21.37,DOWN,TOP,false,155841,2025-05-05 05:45,BELOW,31,2.37,1.53,0.9,-1,THROUGH,155841,0.495,THROUGH,155841,0.495,OVERLAP,NONE,ABOVE,RISING,ABOVE
ADAUSDT,88,2025-08-07 10:00,2025-08-17 18:30,164882,0.743,0.7408,0.292,0,31.96,UP,TOP,false,164909,2025-08-07 16:45,ABOVE,27,3.71,5.68,2.632,1,BOUNCE,164910,1.736,BOUNCE,164910,6.083,OVERLAP,NONE,BELOW,FALLING,BELOW
ADAUSDT,89,2025-08-17 18:45,2025-09-01 07:00,165877,0.9601,0.9573,0.294,0,25.38,DOWN,BOTTOM,false,165879,2025-08-17 19:15,BELOW,2,0.37,0.46,0.501,1,BOUNCE,165880,0.825,BOUNCE,165880,2.11,OVERLAP,NONE,BELOW,FALLING,ABOVE
ADAUSDT,90,2025-09-01 07:15,2025-09-27 07:15,167271,0.8042,0.7992,0.608,0,22.85,UP,MIDDLE,false,167310,2025-09-01 17:00,ABOVE,39,4.76,1.66,0.782,1,BOUNCE,167314,0.908,BOUNCE,167314,0.908,OVERLAP,NONE,BELOW,FALLING,BELOW
ADAUSDT,91,2025-09-27 07:30,2025-09-28 21:45,169768,0.7893,0.787,0.294,0,25.74,DOWN,BOTTOM,false,169827,2025-09-27 22:15,BELOW,59,1.35,1.71,0.368,-1,BOUNCE,169828,1.309,BOUNCE,169828,1.97,OVERLAP,NONE,ABOVE,RISING,ABOVE
ADAUSDT,92,2025-09-28 22:00,2025-10-10 20:30,169922,0.7943,0.7928,0.187,0,38.75,UP,MIDDLE,false,169958,2025-09-29 07:00,ABOVE,36,1.89,1.02,0.252,1,BOUNCE,169959,1.209,BOUNCE,169959,1.209,OVERLAP,NONE,BELOW,FALLING,BELOW
ADAUSDT,95,2025-10-16 09:30,2025-10-26 21:45,171600,0.6715,0.6669,0.688,0,23.05,IN,MIDDLE,false,171617,2025-10-16 13:45,ABOVE,17,1.33,1.02,1.249,-1,THROUGH,171619,3.172,THROUGH,171619,4.393,OVERLAP,NONE,BELOW,FALLING,ABOVE
ADAUSDT,96,2025-10-26 22:00,2025-11-14 04:15,172610,0.6741,0.672,0.308,0,34.29,UP,MIDDLE,false,172657,2025-10-27 09:45,ABOVE,47,2.48,0.69,0.533,1,BOUNCE,172658,0.668,BOUNCE,172658,0.668,OVERLAP,NONE,BELOW,FALLING,BELOW
ADAUSDT,97,2025-11-14 04:30,2025-12-03 13:45,174364,0.525,0.5221,0.565,0,49.74,DOWN,BOTTOM,false,174369,2025-11-14 05:45,BELOW,5,1.63,0.92,0.863,-1,BOUNCE,174370,1.934,BOUNCE,174370,2.892,OVERLAP,NONE,BELOW,FALLING,ABOVE
ADAUSDT,98,2025-12-03 14:00,2025-12-07 04:45,176226,0.4369,0.4354,0.349,0,23.93,DOWN,BOTTOM,false,176228,2025-12-03 14:30,BELOW,2,1.42,2.72,2.572,1,THROUGH,176228,0.62,THROUGH,176228,2.021,OVERLAP,NONE,ABOVE,FALLING,ABOVE
ADAUSDT,99,2025-12-07 05:00,2025-12-27 19:45,176574,0.4178,0.417,0.193,0,20.27,DOWN,MIDDLE,false,176579,2025-12-07 06:15,BELOW,5,0.58,5.74,0.956,1,THROUGH,176579,0.671,THROUGH,176579,0.671,OVERLAP,NONE,ABOVE,RISING,ABOVE
ADAUSDT,100,2025-12-27 20:00,2026-01-13 21:45,178554,0.3581,0.3574,0.193,0,77.43,UP,TOP,false,178735,2025-12-29 17:15,ABOVE,181,6.84,1.35,0.864,-1,BOUNCE,178736,0.642,BOUNCE,178736,0.642,OVERLAP,NONE,BELOW,FALLING,BELOW
ADAUSDT,101,2026-01-13 22:00,2026-01-18 22:45,180194,0.4107,0.4092,0.357,0,38.25,UP,TOP,false,180276,2026-01-14 18:30,ABOVE,82,3.77,1.16,1.705,-1,BOUNCE,180277,2.313,BOUNCE,180277,2.313,OVERLAP,NONE,BELOW,FALLING,BELOW
ADAUSDT,103,2026-01-25 16:00,2026-02-04 10:45,181322,0.353,0.3513,0.494,0,24.56,DOWN,BOTTOM,false,181387,2026-01-26 08:15,BELOW,65,5.07,2.78,1.257,1,BOUNCE,181388,1.879,BOUNCE,181388,1.879,OVERLAP,NONE,ABOVE,RISING,ABOVE
ADAUSDT,105,2026-02-07 16:00,2026-03-07 13:45,182570,0.2728,0.2717,0.399,0,44.46,UP,TOP,false,182573,2026-02-07 16:45,ABOVE,3,1.17,0.3,0.623,-1,THROUGH,182574,0.293,THROUGH,182574,0.403,OVERLAP,NONE,ABOVE,RISING,ABOVE
ADAUSDT,107,2026-03-08 22:00,2026-03-09 19:00,185378,0.2523,0.2517,0.241,0,24.99,DOWN,MIDDLE,false,185388,2026-03-09 00:30,BELOW,10,1.11,1.42,1.112,-1,BOUNCE,185389,1.192,BOUNCE,185389,1.192,OVERLAP,NONE,ABOVE,RISING,ABOVE
ADAUSDT,108,2026-03-09 19:15,2026-03-21 23:30,185463,0.2565,0.2551,0.536,0,38.79,UP,BOTTOM,false,185476,2026-03-09 22:30,ABOVE,13,1.87,0.89,0.703,1,THROUGH,185481,0.234,THROUGH,185481,0.234,OVERLAP,NONE,BELOW,FALLING,ABOVE
ADAUSDT,111,2026-03-23 11:00,2026-03-29 21:45,186774,0.2505,0.2495,0.382,0,184.99,UP,MIDDLE,false,187148,2026-03-27 08:30,ABOVE,374,10.26,5.62,1.314,-1,BOUNCE,187149,0.798,BOUNCE,187149,0.798,OVERLAP,NONE,BELOW,FALLING,BELOW
ADAUSDT,112,2026-03-29 22:00,2026-04-12 01:15,187394,0.2417,0.2412,0.209,0,20.48,DOWN,TOP,false,187403,2026-03-30 00:15,BELOW,9,1.91,2.69,2.063,-1,THROUGH,187403,1.658,THROUGH,187403,2.695,OVERLAP,NONE,ABOVE,RISING,ABOVE
ADAUSDT,113,2026-04-12 01:30,2026-04-29 17:45,188656,0.2499,0.2495,0.163,0,21.56,DOWN,MIDDLE,false,188898,2026-04-14 14:00,BELOW,242,5.45,4.82,1.334,1,BOUNCE,188899,2.565,BOUNCE,188899,4.369,OVERLAP,NONE,ABOVE,RISING,ABOVE
ADAUSDT,114,2026-04-29 18:00,2026-05-08 21:15,190354,0.2449,0.2439,0.418,0,20.99,DOWN,MIDDLE,false,190367,2026-04-29 21:15,BELOW,13,1.8,0.42,0.492,-1,BOUNCE,190375,0.246,BOUNCE,190375,0.246,OVERLAP,THROUGH,ABOVE,RISING,BELOW
ADAUSDT,115,2026-05-08 21:30,2026-05-18 05:45,191232,0.2728,0.2717,0.397,0,34.2,UP,TOP,false,191240,2026-05-08 23:30,ABOVE,8,1.61,0.81,0.477,1,BOUNCE,191241,2.016,BOUNCE,191241,2.016,OVERLAP,NONE,BELOW,RISING,ABOVE
ADAUSDT,116,2026-05-18 06:00,2026-06-07 00:45,192130,0.2505,0.2496,0.361,0,20.09,DOWN,MIDDLE,false,192133,2026-05-18 06:45,BELOW,3,0.68,0.61,0.401,-1,BOUNCE,192134,0.641,BOUNCE,192134,0.721,OVERLAP,NONE,BELOW,FALLING,BELOW
ADAUSDT,118,2026-06-14 21:15,2026-06-24 09:45,194783,0.1675,0.1666,0.526,0,24.8,UP,TOP,false,195036,2026-06-17 12:30,ABOVE,253,12.96,1.06,1.007,-1,BOUNCE,195037,1.254,BOUNCE,195037,3.164,OVERLAP,NONE,BELOW,FALLING,BELOW
ADAUSDT,119,2026-06-24 10:00,2026-06-27 16:45,195698,0.1504,0.15,0.271,0,54.67,DOWN,BOTTOM,false,195774,2026-06-25 05:00,BELOW,76,6.67,4.06,1.133,1,BOUNCE,195776,0.733,BOUNCE,195776,1.8,OVERLAP,NONE,ABOVE,RISING,ABOVE
ADAUSDT,120,2026-06-27 17:00,2026-07-12 21:45,196014,0.1485,0.1481,0.271,0,24.37,DOWN,MIDDLE,false,196207,2026-06-29 17:15,BELOW,193,4.19,2.57,0.809,1,BOUNCE,196209,0.945,BOUNCE,196209,1.891,OVERLAP,NONE,ABOVE,RISING,ABOVE
ADAUSDT,121,2026-07-12 22:00,2026-07-14 04:45,197474,0.1635,0.1631,0.247,0,29.44,DOWN,BOTTOM,false,197482,2026-07-13 00:00,BELOW,8,1.04,3.82,1.768,-1,THROUGH,197482,0.552,THROUGH,197482,0.552,OVERLAP,NONE,ABOVE,FALLING,ABOVE
ADAUSDT,122,2026-07-14 05:00,2026-08-08 05:15,197598,0.1581,0.1576,0.315,0,20.76,UP,TOP,true,197616,2026-07-14 09:30,ABOVE,18,0.82,0.72,0.316,-1,BOUNCE,197617,0.696,BOUNCE,197617,6.325,OVERLAP,NONE,BELOW,FALLING,BELOW
LINKUSDT,0,2021-02-01 00:00,2021-03-17 12:45,6634,22.652,22.593,0.268,0,21.21,DOWN,TOP,false,6671,2021-02-01 09:15,BELOW,37,3.14,1.6,0.947,-1,BOUNCE,6672,1.691,BOUNCE,6672,4.174,OVERLAP,NONE,ABOVE,RISING,ABOVE
LINKUSDT,1,2021-03-17 13:00,2021-05-12 21:45,10910,27.802,27.653,0.507,0,34.52,UP,MIDDLE,false,11420,2021-03-22 20:30,ABOVE,510,13.02,5.87,3.182,-1,THROUGH,11421,2.101,THROUGH,11421,2.144,OVERLAP,NONE,BELOW,FALLING,BELOW
LINKUSDT,2,2021-05-12 22:00,2021-07-19 05:30,16322,46.369,46.001,0.829,0,22.99,DOWN,TOP,false,16482,2021-05-14 14:00,BELOW,160,12.49,1.28,1.31,1,BOUNCE,16483,0.828,BOUNCE,16483,0.828,OVERLAP,NONE,ABOVE,RISING,ABOVE
LINKUSDT,3,2021-07-19 05:45,2021-08-26 02:45,22785,15.369,15.323,0.296,0,23.17,UP,MIDDLE,false,22797,2021-07-19 08:45,ABOVE,12,1.09,5.84,1.485,-1,THROUGH,22797,1.685,THROUGH,22797,6.058,OVERLAP,NONE,BELOW,FALLING,BELOW
LINKUSDT,4,2021-08-26 03:00,2021-11-17 22:30,26422,26.565,26.401,0.634,0,20.58,DOWN,MIDDLE,false,26703,2021-08-29 01:15,BELOW,281,8.7,1.1,0.523,1,BOUNCE,26704,3.242,BOUNCE,26704,4.352,OVERLAP,NONE,ABOVE,RISING,ABOVE
LINKUSDT,5,2021-11-17 22:45,2021-11-20 14:45,34469,28.969,28.784,0.639,0,26.84,IN,BOTTOM,false,34490,2021-11-18 04:00,ABOVE,21,1.96,1.48,0.66,-1,THROUGH,34493,1.101,THROUGH,34493,3.518,OVERLAP,NONE,BELOW,FALLING,BELOW
LINKUSDT,6,2021-11-20 15:00,2021-11-23 09:15,34726,28.505,28.315,0.682,0,28.51,DOWN,MIDDLE,false,34741,2021-11-20 18:45,BELOW,15,3.33,1.5,0.797,-1,BOUNCE,34742,1.483,BOUNCE,34742,1.483,OVERLAP,NONE,ABOVE,RISING,ABOVE
LINKUSDT,7,2021-11-23 09:30,2022-01-27 07:00,34992,26.737,26.608,0.479,0,25.07,UP,MIDDLE,false,34993,2021-11-23 09:45,ABOVE,1,0.78,4.73,1.96,-1,BOUNCE,34994,1.915,BOUNCE,34994,2.786,OVERLAP,NONE,ABOVE,RISING,BELOW
LINKUSDT,8,2022-01-27 07:15,2022-02-10 13:15,41223,14.833,14.708,0.839,0,20.91,UP,TOP,false,41226,2022-01-27 08:00,ABOVE,3,0.75,0.61,0.758,-1,BOUNCE,41229,1.625,BOUNCE,41229,5.845,OVERLAP,NONE,ABOVE,RISING,ABOVE
LINKUSDT,10,2022-03-17 04:00,2022-05-08 16:45,45914,14.693,14.637,0.386,0,30.82,DOWN,MIDDLE,false,45917,2022-03-17 04:45,BELOW,3,0.87,1.46,0.997,1,BOUNCE,45918,2.623,BOUNCE,45918,2.883,OVERLAP,NONE,ABOVE,FALLING,ABOVE
LINKUSDT,11,2022-05-08 17:00,2022-06-02 21:45,50958,10.184,10.088,0.965,0,23.3,DOWN,MIDDLE,false,50963,2022-05-08 18:15,BELOW,5,1.64,0.82,1.413,-1,THROUGH,50966,0.803,THROUGH,50966,0.803,OVERLAP,NONE,BELOW,FALLING,BELOW
LINKUSDT,12,2022-06-02 22:00,2022-06-18 06:30,53378,7.102,7.075,0.378,0,21.53,UP,TOP,false,53400,2022-06-03 03:30,ABOVE,22,1.9,2.78,0.765,1,THROUGH,53400,1.155,THROUGH,53400,2.746,OVERLAP,NONE,BELOW,FALLING,BELOW
LINKUSDT,13,2022-06-18 06:45,2022-07-22 19:15,54853,6.116,6.084,0.544,0,33.89,DOWN,MIDDLE,false,54922,2022-06-19 00:00,BELOW,69,9.71,2.08,4.229,-1,THROUGH,54923,1.759,THROUGH,54923,1.759,OVERLAP,NONE,ABOVE,RISING,ABOVE
LINKUSDT,14,2022-07-22 19:30,2022-08-07 19:00,58168,7.015,7.002,0.191,0,30.57,DOWN,MIDDLE,false,58218,2022-07-23 08:00,BELOW,50,3.33,1.6,0.743,-1,BOUNCE,58221,3.056,BOUNCE,58221,5.441,OVERLAP,NONE,ABOVE,RISING,ABOVE
LINKUSDT,15,2022-08-07 19:15,2022-08-19 06:15,59703,7.976,7.962,0.172,0,40.24,UP,TOP,false,60683,2022-08-18 00:15,ABOVE,980,18.42,2.39,1.819,-1,BOUNCE,60684,1.981,BOUNCE,60684,2.645,OVERLAP,NONE,BELOW,FALLING,BELOW
LINKUSDT,16,2022-08-19 06:30,2022-09-06 16:45,60804,7.45,7.39,0.846,0,39.9,DOWN,BOTTOM,false,62473,2022-09-05 15:45,BELOW,1669,15.86,2.97,1.538,1,BOUNCE,62474,2.801,BOUNCE,62474,2.842,OVERLAP,NONE,ABOVE,RISING,ABOVE
LINKUSDT,17,2022-09-06 17:00,2022-10-02 09:45,62574,7.178,7.155,0.333,0,33.52,DOWN,MIDDLE,false,62723,2022-09-08 06:15,BELOW,149,7.73,2.47,0.59,1,BOUNCE,62724,2.166,BOUNCE,62724,2.166,OVERLAP,NONE,ABOVE,RISING,ABOVE
LINKUSDT,18,2022-10-02 10:00,2022-11-27 22:45,65042,7.48,7.461,0.259,0,29.6,DOWN,MIDDLE,false,65201,2022-10-04 01:45,BELOW,159,5.92,1.42,0.619,1,BOUNCE,65202,0.737,BOUNCE,65202,0.737,OVERLAP,NONE,ABOVE,RISING,ABOVE
LINKUSDT,19,2022-11-27 23:00,2022-12-25 14:15,70470,7.102,7.058,0.629,0,28.25,DOWN,BOTTOM,false,70543,2022-11-28 17:15,BELOW,73,6.84,1.66,2.003,-1,BOUNCE,70544,1.799,BOUNCE,70544,1.799,OVERLAP,NONE,ABOVE,RISING,ABOVE
LINKUSDT,20,2022-12-25 14:30,2023-01-04 13:30,73124,5.944,5.935,0.152,0,23.37,DOWN,MIDDLE,false,73125,2022-12-25 14:45,BELOW,1,0.29,3.74,0.706,1,THROUGH,73125,0.438,THROUGH,73125,0.438,OVERLAP,NONE,ABOVE,FALLING,ABOVE
LINKUSDT,21,2023-01-04 13:45,2023-01-05 22:15,74081,5.782,5.774,0.138,0,21.6,UP,MIDDLE,false,74082,2023-01-04 14:00,ABOVE,1,0.36,1.57,0.415,1,BOUNCE,74083,0.865,BOUNCE,74083,1.366,OVERLAP,NONE,ABOVE,RISING,ABOVE
LINKUSDT,22,2023-01-05 22:30,2023-01-16 07:45,74212,5.734,5.729,0.088,0,43.25,DOWN,MIDDLE,false,74317,2023-01-07 00:45,BELOW,105,3.28,2.51,0.715,1,THROUGH,74318,1.204,THROUGH,74318,1.204,OVERLAP,NONE,ABOVE,RISING,ABOVE
LINKUSDT,23,2023-01-16 08:00,2023-02-04 23:15,75210,6.852,6.823,0.437,0,37.16,DOWN,MIDDLE,false,75255,2023-01-16 19:15,BELOW,45,5.88,1.87,1.26,-1,BOUNCE,75256,2.36,BOUNCE,75256,4.148,OVERLAP,NONE,ABOVE,RISING,ABOVE
LINKUSDT,24,2023-02-04 23:30,2023-03-03 01:00,77096,7.318,7.298,0.277,0,27.34,DOWN,MIDDLE,false,77443,2023-02-08 14:15,BELOW,347,6.84,3.87,1.214,1,BOUNCE,77444,4.768,BOUNCE,77444,4.768,OVERLAP,BOUNCE,ABOVE,RISING,ABOVE
LINKUSDT,25,2023-03-03 01:15,2023-04-12 12:15,79599,7.234,7.197,0.534,0,28.6,DOWN,BOTTOM,false,80710,2023-03-14 15:00,BELOW,1111,17.52,1.18,1.663,1,BOUNCE,80711,2.376,BOUNCE,80711,6.266,OVERLAP,NONE,ABOVE,RISING,ABOVE
LINKUSDT,26,2023-04-12 12:30,2023-04-16 13:30,83484,7.171,7.137,0.469,0,22.7,UP,BOTTOM,false,83510,2023-04-12 19:00,ABOVE,26,2.41,1.75,0.809,1,BOUNCE,83513,0.879,BOUNCE,83513,1.241,OVERLAP,NONE,BELOW,FALLING,BELOW
LINKUSDT,27,2023-04-16 13:45,2023-04-19 21:00,83873,7.986,7.972,0.176,0,23.54,DOWN,MIDDLE,false,83874,2023-04-16 14:00,BELOW,1,0.1,1.61,0.479,1,BOUNCE,83875,0.903,BOUNCE,83875,0.903,OVERLAP,NONE,BELOW,FALLING,BELOW
LINKUSDT,28,2023-04-19 21:15,2023-05-01 01:15,84191,7.986,7.919,0.858,1,26.49,DOWN,BOTTOM,false,84252,2023-04-20 12:30,BELOW,61,2.45,3.32,1.116,-1,BOUNCE,84253,0.758,BOUNCE,84253,5.683,OVERLAP,NONE,ABOVE,RISING,ABOVE
LINKUSDT,29,2023-05-01 01:30,2023-05-05 12:15,85264,7.067,7.046,0.304,0,26.65,DOWN,MIDDLE,false,85524,2023-05-03 18:30,BELOW,260,3.36,4.25,1.581,-1,BOUNCE,85526,0.993,BOUNCE,85526,0.993,OVERLAP,NONE,ABOVE,RISING,ABOVE
LINKUSDT,30,2023-05-05 12:30,2023-06-06 11:45,85692,7.067,7.031,0.516,1,29.98,DOWN,TOP,false,85696,2023-05-05 13:30,BELOW,4,0.85,1.93,0.907,1,THROUGH,85697,1.166,THROUGH,85697,2.717,OVERLAP,NONE,ABOVE,FALLING,ABOVE
LINKUSDT,31,2023-06-06 12:00,2023-06-30 13:15,88762,6.109,6.089,0.331,0,20.8,DOWN,MIDDLE,false,88763,2023-06-06 12:15,BELOW,1,0.76,4.16,1.264,1,BOUNCE,88765,0.838,BOUNCE,88765,0.838,OVERLAP,NONE,BELOW,FALLING,ABOVE
LINKUSDT,32,2023-06-30 13:30,2023-07-16 02:00,91072,6.268,6.23,0.629,0,22.96,DOWN,TOP,false,91084,2023-06-30 16:30,BELOW,12,4.38,1.02,1.786,1,THROUGH,91085,2.905,THROUGH,91085,2.905,OVERLAP,NONE,ABOVE,RISING,ABOVE
LINKUSDT,33,2023-07-16 02:15,2023-07-22 08:15,92563,6.885,6.856,0.427,0,20.39,DOWN,BOTTOM,false,92577,2023-07-16 05:45,BELOW,14,1.12,0.59,0.307,-1,BOUNCE,92578,0.744,BOUNCE,92578,0.846,OVERLAP,NONE,ABOVE,RISING,ABOVE
LINKUSDT,34,2023-07-22 08:30,2023-07-22 23:00,93164,8.176,8.155,0.254,0,24.53,UP,TOP,false,93165,2023-07-22 08:45,ABOVE,1,0.98,10.53,2.455,1,THROUGH,93165,3.706,THROUGH,93165,3.706,OVERLAP,NONE,BELOW,RISING,BELOW
LINKUSDT,35,2023-07-22 23:15,2023-07-24 09:30,93223,7.975,7.94,0.446,0,23,DOWN,BOTTOM,false,93231,2023-07-23 01:15,BELOW,8,1.21,1.08,0.442,-1,BOUNCE,93232,0.504,BOUNCE,93232,0.642,OVERLAP,NONE,BELOW,FALLING,ABOVE
LINKUSDT,36,2023-07-24 09:45,2023-07-30 19:30,93361,7.712,7.684,0.371,0,37.65,DOWN,MIDDLE,false,93591,2023-07-26 19:15,BELOW,230,4.83,3.74,2.058,1,THROUGH,93591,1.549,THROUGH,93591,1.549,OVERLAP,NONE,ABOVE,RISING,ABOVE
LINKUSDT,37,2023-07-30 19:45,2023-08-15 09:45,93977,7.657,7.646,0.146,0,27.5,DOWN,MIDDLE,false,93997,2023-07-31 00:45,BELOW,20,2.71,1.69,1.299,-1,THROUGH,93997,0.706,THROUGH,93997,0.706,OVERLAP,NONE,ABOVE,RISING,ABOVE
LINKUSDT,38,2023-08-15 10:00,2023-08-15 18:45,95474,7.342,7.327,0.206,0,21.66,DOWN,MIDDLE,false,95487,2023-08-15 13:15,BELOW,13,0.64,0.51,0.328,-1,BOUNCE,95488,1.01,BOUNCE,95488,8.052,OVERLAP,NONE,BELOW,RISING,BELOW
LINKUSDT,40,2023-08-16 20:15,2023-09-12 08:30,95611,6.819,6.796,0.345,0,26.66,DOWN,MIDDLE,false,95631,2023-08-17 01:15,BELOW,20,2.13,0.36,0.5,-1,BOUNCE,95632,0.383,BOUNCE,95632,0.383,OVERLAP,NONE,ABOVE,RISING,ABOVE
LINKUSDT,41,2023-09-12 08:45,2023-09-13 07:15,98157,5.919,5.91,0.153,0,22.24,DOWN,MIDDLE,false,98159,2023-09-12 09:15,BELOW,2,0.25,0.56,0.355,1,THROUGH,98160,2.724,THROUGH,98160,2.724,OVERLAP,NONE,ABOVE,RISING,ABOVE
LINKUSDT,42,2023-09-13 07:30,2023-09-17 20:15,98248,5.989,5.975,0.234,0,28.1,IN,TOP,false,98250,2023-09-13 08:00,BELOW,2,0.33,1.38,0.869,1,THROUGH,98251,0.887,THROUGH,98251,0.887,OVERLAP,NONE,ABOVE,RISING,ABOVE
LINKUSDT,43,2023-09-17 20:30,2023-10-06 12:15,98684,6.133,6.122,0.181,0,21.81,DOWN,MIDDLE,false,98691,2023-09-17 22:15,BELOW,7,0.91,0.86,0.506,-1,BOUNCE,98692,0.506,BOUNCE,98692,0.506,OVERLAP,NONE,ABOVE,FALLING,BELOW
LINKUSDT,44,2023-10-06 12:30,2023-10-13 20:30,100476,7.579,7.553,0.346,0,22.39,DOWN,MIDDLE,false,100480,2023-10-06 13:30,BELOW,4,1.22,2.52,0.916,-1,BOUNCE,100481,0.702,BOUNCE,100481,0.702,OVERLAP,NONE,BELOW,FALLING,BELOW
LINKUSDT,46,2023-10-16 05:15,2024-01-09 12:30,101407,7.462,7.437,0.329,0,24.25,UP,MIDDLE,false,101441,2023-10-16 13:45,ABOVE,34,4.21,3.4,2.454,1,BOUNCE,101442,1.193,BOUNCE,101442,1.595,OVERLAP,NONE,BELOW,RISING,BELOW
LINKUSDT,47,2024-01-09 12:45,2024-02-02 13:15,109597,13.839,13.78,0.437,0,25.9,DOWN,MIDDLE,false,109602,2024-01-09 14:00,BELOW,5,2.08,0.71,0.737,-1,BOUNCE,109603,2.961,BOUNCE,109603,2.961,OVERLAP,NONE,BELOW,FALLING,BELOW
LINKUSDT,48,2024-02-02 13:30,2024-02-11 23:45,111904,17.922,17.84,0.455,0,24.07,UP,BOTTOM,false,111905,2024-02-02 13:45,ABOVE,1,0.62,2.93,1.53,1,BOUNCE,111906,5.384,BOUNCE,111906,5.384,OVERLAP,NONE,ABOVE,RISING,ABOVE
LINKUSDT,49,2024-02-12 00:00,2024-02-13 13:15,112810,20.155,20.068,0.426,0,20.03,UP,BOTTOM,false,112816,2024-02-12 01:30,ABOVE,6,1.95,1.22,1.051,1,THROUGH,112818,1.548,THROUGH,112818,1.548,OVERLAP,NONE,BELOW,RISING,BELOW
LINKUSDT,50,2024-02-13 13:30,2024-02-28 13:45,112960,20.155,20.02,0.674,1,27.47,DOWN,BOTTOM,false,112961,2024-02-13 13:45,BELOW,1,0.01,2.35,1.006,-1,BOUNCE,112962,2.537,BOUNCE,112962,2.537,OVERLAP,NONE,BELOW,FALLING,BELOW
LINKUSDT,51,2024-02-28 14:00,2024-03-10 21:15,114402,19.448,19.34,0.538,0,64.68,UP,MIDDLE,false,114404,2024-02-28 14:30,ABOVE,2,3.18,1.42,1.603,1,BOUNCE,114405,4.15,BOUNCE,114405,4.551,OVERLAP,NONE,ABOVE,RISING,ABOVE
LINKUSDT,52,2024-03-10 21:30,2024-05-01 06:45,115488,19.811,19.704,0.531,0,24.2,UP,BOTTOM,false,115663,2024-03-12 17:15,ABOVE,175,11.04,3.74,2.92,-1,BOUNCE,115664,4.689,BOUNCE,115664,4.76,OVERLAP,NONE,BELOW,FALLING,BELOW
LINKUSDT,53,2024-05-01 07:00,2024-05-07 22:45,120422,13.114,13.01,0.812,0,23.49,DOWN,BOTTOM,false,120442,2024-05-01 12:00,BELOW,20,4.19,0.63,1.197,-1,BOUNCE,120444,1.284,BOUNCE,120444,2.683,OVERLAP,NONE,ABOVE,RISING,ABOVE
LINKUSDT,54,2024-05-07 23:00,2024-05-14 05:45,121062,14.216,14.131,0.607,0,21.58,DOWN,BOTTOM,false,121196,2024-05-09 08:30,BELOW,134,2.82,2.08,0.89,1,BOUNCE,121200,1.649,BOUNCE,121200,2.102,OVERLAP,NONE,ABOVE,RISING,ABOVE
LINKUSDT,55,2024-05-14 06:00,2024-05-23 19:45,121666,13.513,13.461,0.395,0,22.08,DOWN,TOP,false,121673,2024-05-14 07:45,BELOW,7,2.11,1.36,0.784,1,THROUGH,121673,0.594,THROUGH,121673,0.594,OVERLAP,NONE,ABOVE,RISING,ABOVE
LINKUSDT,56,2024-05-23 20:00,2024-06-11 01:30,122586,16.022,15.917,0.668,0,26.68,DOWN,BOTTOM,false,122587,2024-05-23 20:15,BELOW,1,1.28,2.01,2.371,-1,THROUGH,122587,4.209,THROUGH,122587,6.672,OVERLAP,NONE,BELOW,FALLING,BELOW
LINKUSDT,57,2024-06-11 01:45,2024-06-12 17:45,124337,15.859,15.812,0.302,0,40.74,DOWN,BOTTOM,false,124477,2024-06-12 12:45,BELOW,140,7.01,1.99,1.225,1,THROUGH,124478,1.752,THROUGH,124478,2.365,OVERLAP,NONE,ABOVE,RISING,ABOVE
LINKUSDT,58,2024-06-12 18:00,2024-06-24 09:15,124498,16.233,16.134,0.617,0,22.52,DOWN,TOP,false,124499,2024-06-12 18:15,BELOW,1,0.55,1.16,0.844,1,BOUNCE,124501,3.304,BOUNCE,124501,3.304,OVERLAP,THROUGH,ABOVE,RISING,ABOVE
LINKUSDT,59,2024-06-24 09:30,2024-08-08 12:15,125616,13.089,13.002,0.676,0,20.41,DOWN,MIDDLE,false,125617,2024-06-24 09:45,BELOW,1,1.01,1.94,1.978,-1,THROUGH,125617,1.146,THROUGH,125617,4.53,OVERLAP,NONE,ABOVE,FALLING,ABOVE
LINKUSDT,60,2024-08-08 12:30,2024-08-18 15:15,129948,10.033,9.985,0.472,0,24.58,UP,MIDDLE,false,129952,2024-08-08 13:30,ABOVE,4,1.36,2.15,0.946,1,BOUNCE,129954,3.189,BOUNCE,129954,4.156,OVERLAP,NONE,ABOVE,RISING,ABOVE
LINKUSDT,61,2024-08-18 15:30,2024-09-07 07:00,130920,10.252,10.22,0.308,0,23.06,UP,MIDDLE,false,130945,2024-08-18 21:45,ABOVE,25,1.88,0.85,0.536,1,BOUNCE,130946,0.663,BOUNCE,130946,0.663,OVERLAP,NONE,BELOW,FALLING,ABOVE
LINKUSDT,63,2024-11-09 13:15,2025-01-08 02:45,138879,13.523,13.458,0.479,0,51.83,UP,BOTTOM,false,138881,2024-11-09 13:45,ABOVE,2,0.45,0.68,0.614,1,THROUGH,138884,0.481,THROUGH,138884,1.168,OVERLAP,NONE,BELOW,RISING,ABOVE
LINKUSDT,64,2025-01-08 03:00,2025-03-04 14:15,144598,21.429,21.286,0.676,0,24.46,DOWN,MIDDLE,false,144599,2025-01-08 03:15,BELOW,1,0.65,1.47,0.826,-1,BOUNCE,144600,1.851,BOUNCE,144600,3.646,OVERLAP,NONE,BELOW,FALLING,BELOW
LINKUSDT,65,2025-03-04 14:30,2025-03-14 08:00,149924,13.582,13.403,1.285,0,20.91,UP,BOTTOM,false,149926,2025-03-04 15:00,ABOVE,2,2.56,2.82,1.856,-1,BOUNCE,149928,4.454,BOUNCE,149928,12.98,OVERLAP,NONE,BELOW,RISING,BELOW
LINKUSDT,66,2025-03-14 08:15,2025-03-21 10:00,150859,13.381,13.305,0.536,0,69.99,UP,MIDDLE,false,151073,2025-03-16 13:45,ABOVE,214,9.25,2.03,1.108,-1,BOUNCE,151074,3.027,BOUNCE,151074,3.034,OVERLAP,NONE,BELOW,FALLING,BELOW
LINKUSDT,67,2025-03-21 10:15,2025-04-02 07:15,151539,14.17,14.116,0.385,0,21.97,DOWN,MIDDLE,false,151546,2025-03-21 12:00,BELOW,7,1.01,1.04,0.688,-1,BOUNCE,151547,1.92,BOUNCE,151547,2.168,OVERLAP,NONE,ABOVE,FALLING,BELOW
LINKUSDT,68,2025-04-02 07:30,2025-04-02 14:45,152680,13.469,13.396,0.545,0,30.45,DOWN,BOTTOM,false,152681,2025-04-02 07:45,BELOW,1,0.07,1.78,0.695,-1,THROUGH,152683,1.657,THROUGH,152683,1.717,OVERLAP,NONE,BELOW,FALLING,BELOW
LINKUSDT,69,2025-04-02 15:00,2025-05-25 21:45,152710,13.661,13.55,0.801,0,21.38,UP,TOP,false,152732,2025-04-02 20:30,ABOVE,22,4.08,2.05,2.316,1,BOUNCE,152733,0.827,BOUNCE,152733,0.827,OVERLAP,NONE,BELOW,FALLING,BELOW
LINKUSDT,70,2025-05-25 22:00,2025-06-10 11:00,157826,15.096,15.044,0.341,0,27.11,UP,MIDDLE,false,158215,2025-05-29 23:15,ABOVE,389,7.06,1.07,0.549,-1,THROUGH,158217,6.028,THROUGH,158217,6.028,OVERLAP,NONE,BELOW,FALLING,BELOW
LINKUSDT,71,2025-06-10 11:15,2025-06-23 21:45,159319,14.616,14.518,0.657,0,20.52,UP,TOP,false,159479,2025-06-12 03:15,ABOVE,160,6.81,2.3,0.725,-1,BOUNCE,159480,0.753,BOUNCE,159480,0.753,OVERLAP,NONE,BELOW,FALLING,BELOW
LINKUSDT,73,2025-07-14 21:45,2025-08-03 21:45,162625,15.848,15.784,0.405,0,21,IN,MIDDLE,false,162627,2025-07-14 22:15,BELOW,2,0.16,1.78,0.798,-1,BOUNCE,162631,1.97,BOUNCE,162631,4.074,OVERLAP,NONE,BELOW,FALLING,BELOW
LINKUSDT,74,2025-08-03 22:00,2025-08-14 12:15,164546,16.313,16.275,0.234,0,21.04,DOWN,TOP,false,164548,2025-08-03 22:30,BELOW,2,0.21,0.79,0.331,1,THROUGH,164550,2.058,THROUGH,164550,2.108,OVERLAP,NONE,ABOVE,RISING,ABOVE
LINKUSDT,75,2025-08-14 12:30,2025-08-24 19:15,165564,23.57,23.344,0.995,0,36.4,DOWN,MIDDLE,false,165817,2025-08-17 03:45,BELOW,253,8.15,2.94,0.697,1,THROUGH,165818,4.215,THROUGH,165818,4.995,OVERLAP,NONE,ABOVE,RISING,ABOVE
LINKUSDT,76,2025-08-24 19:30,2025-08-29 06:15,166552,26.583,26.449,0.512,0,27.14,DOWN,TOP,false,166578,2025-08-25 02:00,BELOW,26,4,2.08,1.203,1,BOUNCE,166579,2.779,BOUNCE,166579,6.628,OVERLAP,NONE,ABOVE,RISING,ABOVE
LINKUSDT,77,2025-08-29 06:30,2025-09-11 11:45,166980,24.049,24.008,0.171,0,27.55,DOWN,BOTTOM,false,167004,2025-08-29 12:30,BELOW,24,3.01,6.41,2.435,-1,BOUNCE,167005,3.778,BOUNCE,167005,3.778,OVERLAP,NONE,ABOVE,RISING,BELOW
LINKUSDT,78,2025-09-11 12:00,2025-09-28 21:45,168250,23.821,23.737,0.349,0,25.9,UP,MIDDLE,false,168252,2025-09-11 12:30,ABOVE,2,1.62,14.87,4.137,1,THROUGH,168252,1.276,THROUGH,168252,1.276,OVERLAP,NONE,BELOW,RISING,BELOW
LINKUSDT,79,2025-09-28 22:00,2025-10-10 20:30,169922,21.292,21.245,0.219,0,36.31,UP,TOP,false,169950,2025-09-29 05:00,ABOVE,28,1.78,1.26,0.484,1,BOUNCE,169953,0.188,BOUNCE,169953,0.474,OVERLAP,NONE,BELOW,FALLING,BELOW
LINKUSDT,81,2025-10-16 09:30,2025-10-22 10:45,171600,18.068,17.956,0.622,0,27.48,IN,BOTTOM,false,171619,2025-10-16 14:15,ABOVE,19,2.35,1.91,1.229,1,BOUNCE,171620,1.893,BOUNCE,171620,1.893,OVERLAP,NONE,BELOW,FALLING,BELOW
LINKUSDT,82,2025-10-22 11:00,2025-10-26 21:45,172182,17.442,17.371,0.406,0,25,UP,BOTTOM,false,172183,2025-10-22 11:15,ABOVE,1,0.28,2.61,0.734,-1,BOUNCE,172187,0.854,BOUNCE,172187,0.854,OVERLAP,NONE,BELOW,FALLING,BELOW
LINKUSDT,83,2025-10-26 22:00,2025-11-14 04:15,172610,18.247,18.195,0.282,0,36.26,UP,TOP,false,172672,2025-10-27 13:30,ABOVE,62,4.24,3.35,1.554,-1,BOUNCE,172673,1.052,BOUNCE,172673,3.601,OVERLAP,NONE,BELOW,FALLING,BELOW
LINKUSDT,84,2025-11-14 04:30,2025-12-11 14:15,174364,14.385,14.31,0.531,0,40.16,DOWN,BOTTOM,false,174367,2025-11-14 05:15,BELOW,3,1.33,0.85,0.952,-1,BOUNCE,174371,1.558,BOUNCE,174371,2.376,OVERLAP,NONE,BELOW,FALLING,BELOW
LINKUSDT,85,2025-12-11 14:30,2025-12-30 07:45,176996,13.638,13.574,0.471,0,25.73,IN,TOP,false,176998,2025-12-11 15:00,BELOW,2,0.71,3.03,1.32,-1,BOUNCE,177000,1.414,BOUNCE,177000,1.414,OVERLAP,NONE,BELOW,FALLING,BELOW
LINKUSDT,86,2025-12-30 08:00,2026-01-13 13:15,178794,12.373,12.361,0.096,0,22.42,UP,MIDDLE,false,178820,2025-12-30 14:30,ABOVE,26,1.25,2.22,0.858,1,BOUNCE,178821,1.818,BOUNCE,178821,1.818,OVERLAP,NONE,ABOVE,FALLING,ABOVE
LINKUSDT,87,2026-01-13 13:30,2026-01-13 21:45,180160,13.31,13.266,0.33,0,21.18,UP,TOP,false,180161,2026-01-13 13:45,ABOVE,1,0.24,0.81,0.345,1,BOUNCE,180162,2.509,BOUNCE,180162,3.524,OVERLAP,NONE,ABOVE,RISING,ABOVE
LINKUSDT,88,2026-01-13 22:00,2026-01-18 22:45,180194,13.735,13.709,0.185,0,52.03,UP,TOP,false,180312,2026-01-15 03:30,ABOVE,118,4.61,2.51,0.56,1,BOUNCE,180313,1.114,BOUNCE,180313,2.526,OVERLAP,NONE,BELOW,FALLING,BELOW
LINKUSDT,90,2026-02-05 20:15,2026-02-07 15:45,182395,8.32,8.231,1.112,0,21.85,DOWN,BOTTOM,false,182418,2026-02-06 02:00,BELOW,23,10.14,0.61,2.206,-1,BOUNCE,182419,3.171,BOUNCE,182419,3.171,OVERLAP,NONE,ABOVE,RISING,ABOVE
LINKUSDT,91,2026-02-07 16:00,2026-02-28 06:00,182570,8.82,8.77,0.56,0,27.44,UP,MIDDLE,false,182574,2026-02-07 17:00,ABOVE,4,1.25,0.37,0.887,-1,BOUNCE,182575,2.381,BOUNCE,182575,2.381,OVERLAP,BOUNCE,ABOVE,RISING,BELOW
LINKUSDT,92,2026-02-28 06:15,2026-03-03 22:15,184547,8.645,8.603,0.496,0,33.97,DOWN,BOTTOM,false,184597,2026-02-28 18:45,BELOW,50,4.41,2.03,1.161,-1,BOUNCE,184598,0.523,BOUNCE,184598,0.523,OVERLAP,NONE,ABOVE,RISING,ABOVE
LINKUSDT,93,2026-03-03 22:30,2026-03-08 21:45,184900,8.805,8.764,0.465,0,23.46,UP,MIDDLE,false,184901,2026-03-03 22:45,ABOVE,1,0.15,0.51,0.352,-1,BOUNCE,184902,0.886,BOUNCE,184902,1.011,OVERLAP,NONE,ABOVE,RISING,ABOVE
LINKUSDT,94,2026-03-08 22:00,2026-03-21 23:30,185378,8.601,8.58,0.247,0,22.35,DOWN,MIDDLE,false,185381,2026-03-08 22:45,BELOW,3,0.94,0.99,0.585,-1,BOUNCE,185382,1.026,BOUNCE,185382,1.026,OVERLAP,NONE,BELOW,FALLING,BELOW
LINKUSDT,96,2026-03-23 11:00,2026-03-28 22:45,186774,8.666,8.62,0.504,0,34.63,UP,MIDDLE,false,187156,2026-03-27 10:30,ABOVE,382,9.07,8.51,2.012,-1,THROUGH,187157,0.958,THROUGH,187157,1.177,OVERLAP,NONE,BELOW,FALLING,BELOW
LINKUSDT,97,2026-03-28 23:00,2026-05-01 03:00,187302,8.57,8.554,0.19,0,42.13,DOWN,MIDDLE,false,187319,2026-03-29 03:15,BELOW,17,1.51,3.62,1.216,-1,BOUNCE,187320,0.701,BOUNCE,187320,0.772,OVERLAP,BOUNCE,ABOVE,RISING,ABOVE
LINKUSDT,98,2026-05-01 03:15,2026-05-02 21:15,190487,9.131,9.106,0.273,0,22.75,UP,TOP,false,190501,2026-05-01 06:45,ABOVE,14,0.45,1.04,0.339,-1,BOUNCE,190502,0.613,BOUNCE,190502,1.227,OVERLAP,NONE,BELOW,RISING,BELOW
LINKUSDT,99,2026-05-02 21:30,2026-05-22 23:30,190656,9.177,9.158,0.206,0,22.48,UP,TOP,false,190663,2026-05-02 23:15,ABOVE,7,0.39,0.49,0.12,1,BOUNCE,190664,0.153,BOUNCE,190664,0.153,OVERLAP,BOUNCE,ABOVE,RISING,ABOVE
LINKUSDT,101,2026-05-23 20:30,2026-05-26 17:00,192668,9.422,9.396,0.269,0,34.7,UP,TOP,false,192738,2026-05-24 14:00,ABOVE,70,3.5,3.93,0.976,1,BOUNCE,192740,0.563,BOUNCE,192740,0.647,OVERLAP,NONE,BELOW,FALLING,BELOW
LINKUSDT,102,2026-05-26 17:15,2026-07-01 00:45,192943,9.463,9.423,0.425,0,21.26,DOWN,BOTTOM,false,192944,2026-05-26 17:30,BELOW,1,0.19,2.92,0.636,1,BOUNCE,192945,0.934,BOUNCE,192945,0.934,OVERLAP,NONE,BELOW,FALLING,BELOW
LINKUSDT,103,2026-07-01 01:00,2026-07-06 20:45,196334,7.206,7.186,0.281,0,23.1,DOWN,TOP,false,196336,2026-07-01 01:30,BELOW,2,0.81,2.37,1.095,-1,THROUGH,196336,1.127,THROUGH,196336,1.865,OVERLAP,NONE,ABOVE,FALLING,ABOVE
LINKUSDT,104,2026-07-06 21:00,2026-07-26 21:45,196894,8.006,7.986,0.247,0,51.98,UP,BOTTOM,false,196910,2026-07-07 01:00,ABOVE,16,1.16,2.01,0.763,1,THROUGH,196911,1.287,THROUGH,196911,2.236,OVERLAP,NONE,BELOW,FALLING,BELOW
LINKUSDT,105,2026-07-26 22:00,2026-08-08 05:15,198818,8.636,8.616,0.23,0,35.12,UP,TOP,true,198884,2026-07-27 14:30,ABOVE,66,2.52,7.92,1.546,1,THROUGH,198884,0.996,THROUGH,198884,0.996,OVERLAP,NONE,BELOW,FALLING,BELOW
SUIUSDT,1,2023-05-17 15:45,2023-05-21 15:15,1343,1.1384,1.131,0.632,0,25.13,UP,TOP,false,1446,2023-05-18 17:30,ABOVE,103,6.6,2.36,1.679,-1,BOUNCE,1454,2.003,BOUNCE,1454,2.003,OVERLAP,NONE,BELOW,FALLING,BELOW
SUIUSDT,3,2023-06-01 13:30,2023-06-05 12:45,2774,0.9661,0.9621,0.412,0,21.02,UP,TOP,false,2775,2023-06-01 13:45,ABOVE,1,0.42,1.29,0.506,-1,THROUGH,2776,1.076,THROUGH,2776,1.252,OVERLAP,BOUNCE,ABOVE,RISING,ABOVE
SUIUSDT,5,2023-06-06 12:00,2023-06-18 19:45,3248,0.8007,0.7965,0.543,0,28.85,DOWN,BOTTOM,false,3256,2023-06-06 14:00,BELOW,8,4.39,4.09,3.33,-1,THROUGH,3256,3.038,THROUGH,3256,6.19,OVERLAP,NONE,ABOVE,RISING,ABOVE
SUIUSDT,6,2023-06-18 20:00,2023-07-24 09:30,4432,0.7452,0.7409,0.592,0,28.57,DOWN,BOTTOM,false,4468,2023-06-19 05:00,BELOW,36,3.24,4.23,2.571,-1,THROUGH,4469,2.942,THROUGH,4469,3.698,OVERLAP,NONE,ABOVE,RISING,ABOVE
SUIUSDT,8,2023-07-30 19:45,2023-08-09 12:15,8463,0.6283,0.6277,0.097,0,59.33,DOWN,BOTTOM,false,8532,2023-07-31 13:00,BELOW,69,3.07,4.62,0.718,-1,BOUNCE,8533,0.892,BOUNCE,8533,0.892,OVERLAP,NONE,ABOVE,RISING,ABOVE
SUIUSDT,9,2023-08-09 12:30,2023-08-15 18:45,9394,0.6012,0.5995,0.275,0,26.91,UP,MIDDLE,false,9404,2023-08-09 15:00,ABOVE,10,2.73,1.26,0.982,1,BOUNCE,9406,0.449,BOUNCE,9406,0.449,OVERLAP,NONE,BELOW,FALLING,BELOW
SUIUSDT,11,2023-08-16 20:15,2023-08-29 02:45,10097,0.5402,0.5383,0.363,0,24.8,DOWN,MIDDLE,false,10370,2023-08-19 16:30,BELOW,273,19.65,17.66,3.372,1,BOUNCE,10372,2.657,BOUNCE,10372,2.657,OVERLAP,NONE,ABOVE,RISING,ABOVE
SUIUSDT,12,2023-08-29 03:00,2023-09-13 07:15,11276,0.5418,0.5383,0.665,1,29.94,DOWN,BOTTOM,false,11321,2023-08-29 14:15,BELOW,45,5.15,14.32,4.463,-1,BOUNCE,11323,2.471,BOUNCE,11323,2.471,OVERLAP,NONE,ABOVE,RISING,ABOVE
SUIUSDT,13,2023-09-13 07:30,2023-09-19 13:30,12734,0.4265,0.4247,0.418,0,52.18,UP,MIDDLE,false,12735,2023-09-13 07:45,ABOVE,1,0.89,4.06,1.189,-1,BOUNCE,12736,2.579,BOUNCE,12736,2.626,OVERLAP,NONE,ABOVE,RISING,ABOVE
SUIUSDT,14,2023-09-19 13:45,2023-09-20 19:00,13335,0.4533,0.4517,0.357,0,31.12,DOWN,MIDDLE,false,13342,2023-09-19 15:30,BELOW,7,0.84,1.57,0.667,1,BOUNCE,13343,0.886,BOUNCE,13343,0.996,OVERLAP,NONE,BELOW,FALLING,BELOW
SUIUSDT,15,2023-09-20 19:15,2023-10-05 12:45,13453,0.4462,0.4442,0.455,0,20.66,DOWN,TOP,false,13460,2023-09-20 21:00,BELOW,7,1.08,1.07,0.585,-1,THROUGH,13461,0.135,THROUGH,13461,2.634,OVERLAP,NONE,ABOVE,RISING,ABOVE
SUIUSDT,16,2023-10-05 13:00,2023-10-15 20:15,14868,0.4396,0.4385,0.247,0,29.25,UP,MIDDLE,false,14877,2023-10-05 15:15,ABOVE,9,1.64,0.99,0.819,-1,THROUGH,14878,1.388,THROUGH,14878,1.388,OVERLAP,NONE,BELOW,RISING,BELOW
SUIUSDT,17,2023-10-15 20:30,2023-10-19 01:15,15858,0.4097,0.4093,0.097,0,23.32,UP,TOP,false,15862,2023-10-15 21:30,ABOVE,4,0.71,0.38,0.415,-1,BOUNCE,15863,0.586,BOUNCE,15863,2.172,OVERLAP,NONE,ABOVE,RISING,ABOVE
SUIUSDT,18,2023-10-19 01:30,2023-10-24 08:45,16166,0.3812,0.3796,0.431,0,28.94,DOWN,MIDDLE,false,16286,2023-10-20 07:30,BELOW,120,4.19,0.45,0.237,1,BOUNCE,16287,0.764,BOUNCE,16287,1.554,OVERLAP,NONE,ABOVE,RISING,ABOVE
SUIUSDT,19,2023-10-24 09:00,2023-11-10 20:00,16676,0.4331,0.431,0.471,0,48.19,UP,MIDDLE,false,16701,2023-10-24 15:15,ABOVE,25,5.03,3.57,4.264,1,THROUGH,16701,3.879,THROUGH,16701,3.879,OVERLAP,NONE,BELOW,FALLING,BELOW
SUIUSDT,20,2023-11-10 20:15,2023-12-04 10:45,18353,0.5616,0.5574,0.7,0,42.38,UP,TOP,false,18467,2023-11-12 00:45,ABOVE,114,10.79,2.2,2.454,1,BOUNCE,18468,3.454,BOUNCE,18468,6.838,OVERLAP,NONE,BELOW,FALLING,BELOW
SUIUSDT,21,2023-12-04 11:00,2023-12-23 16:00,20620,0.6247,0.6196,0.877,0,25.02,DOWN,BOTTOM,false,20628,2023-12-04 13:00,BELOW,8,6.1,1.83,2.261,-1,BOUNCE,20629,4.148,BOUNCE,20629,4.148,OVERLAP,NONE,BELOW,FALLING,BELOW
SUIUSDT,22,2023-12-23 16:15,2024-01-05 01:30,22465,0.7122,0.7078,0.618,0,20.13,IN,BOTTOM,false,22467,2023-12-23 16:45,ABOVE,2,0.45,0.23,0.589,1,BOUNCE,22468,1.502,BOUNCE,22468,4.297,OVERLAP,NONE,BELOW,FALLING,BELOW
SUIUSDT,23,2024-01-05 01:45,2024-03-28 09:45,23655,0.8446,0.8363,1.015,0,23.77,DOWN,BOTTOM,false,23712,2024-01-05 16:00,BELOW,57,7.53,2.98,2.046,-1,THROUGH,23713,0.741,THROUGH,23713,3.779,OVERLAP,NONE,ABOVE,RISING,ABOVE
SUIUSDT,24,2024-03-28 10:00,2024-06-07 17:45,31656,2.0082,1.996,0.599,0,23.13,UP,BOTTOM,false,31658,2024-03-28 10:30,ABOVE,2,1.67,1.57,2.3,-1,BOUNCE,31660,0.364,BOUNCE,31660,1.758,OVERLAP,NONE,BELOW,RISING,BELOW
SUIUSDT,25,2024-06-07 18:00,2024-06-11 01:30,38504,1.1426,1.1182,2.468,0,24.07,DOWN,BOTTOM,false,38540,2024-06-08 03:00,BELOW,36,11.58,1.83,1.073,-1,BOUNCE,38542,0.706,BOUNCE,38542,0.706,OVERLAP,THROUGH,ABOVE,RISING,ABOVE
SUIUSDT,26,2024-06-11 01:45,2024-06-12 12:15,38823,1.0319,1.0276,0.424,0,21.19,DOWN,BOTTOM,false,38851,2024-06-11 08:45,BELOW,28,1.99,1.09,0.683,-1,BOUNCE,38852,0.662,BOUNCE,38852,2.297,OVERLAP,NONE,ABOVE,RISING,ABOVE
SUIUSDT,28,2024-06-12 18:00,2024-06-16 21:45,38984,1.0545,1.0444,0.974,0,22.81,DOWN,TOP,false,38985,2024-06-12 18:15,BELOW,1,0.71,0.93,0.992,1,BOUNCE,38986,4.012,BOUNCE,38986,4.012,OVERLAP,NONE,ABOVE,RISING,ABOVE
SUIUSDT,29,2024-06-16 22:00,2024-07-24 20:45,39384,0.9545,0.9519,0.27,0,21.55,UP,MIDDLE,false,39401,2024-06-17 02:15,ABOVE,17,3.13,2.05,1.286,1,BOUNCE,39402,0.828,BOUNCE,39402,0.828,OVERLAP,NONE,BELOW,FALLING,BELOW
SUIUSDT,30,2024-07-24 21:00,2024-07-28 20:45,43028,0.7995,0.7974,0.267,0,24.92,DOWN,BOTTOM,false,43316,2024-07-27 21:00,BELOW,288,10.47,2.11,1.737,1,BOUNCE,43317,1.141,BOUNCE,43317,3.06,OVERLAP,NONE,ABOVE,RISING,ABOVE
SUIUSDT,31,2024-07-28 21:00,2024-08-21 13:15,43412,0.7539,0.7522,0.227,0,22.72,DOWN,BOTTOM,false,43424,2024-07-29 00:00,BELOW,12,1.12,3.43,1.038,-1,THROUGH,43425,1.622,THROUGH,43425,3.855,OVERLAP,NONE,ABOVE,FALLING,ABOVE
SUIUSDT,32,2024-08-21 13:30,2024-09-27 17:00,45686,0.8519,0.8493,0.311,0,24.01,DOWN,BOTTOM,false,45687,2024-08-21 13:45,BELOW,1,1.46,3.5,2.413,-1,THROUGH,45687,0.671,THROUGH,45687,1.189,OVERLAP,NONE,ABOVE,FALLING,BELOW
SUIUSDT,33,2024-09-27 17:15,2025-02-15 04:15,49253,1.6876,1.6732,0.883,0,20.71,DOWN,MIDDLE,false,49270,2024-09-27 21:30,BELOW,17,2.8,1.7,1.466,-1,BOUNCE,49272,1.171,BOUNCE,49272,2.546,OVERLAP,NONE,ABOVE,RISING,BELOW
SUIUSDT,34,2025-02-15 04:30,2025-03-06 13:45,62738,3.5631,3.5485,0.417,0,30.66,DOWN,MIDDLE,false,63314,2025-02-21 04:30,BELOW,576,17.19,3.56,2.089,1,BOUNCE,63315,1.682,BOUNCE,63315,2.703,OVERLAP,NONE,ABOVE,RISING,ABOVE
SUIUSDT,35,2025-03-06 14:00,2025-03-17 15:30,64600,2.6688,2.6333,1.237,0,87.64,UP,BOTTOM,false,64641,2025-03-07 00:15,ABOVE,41,11.17,8.13,5.204,1,THROUGH,64642,2.747,THROUGH,64642,2.747,OVERLAP,NONE,BELOW,FALLING,BELOW
SUIUSDT,36,2025-03-17 15:45,2025-05-29 11:00,65663,2.2904,2.2742,0.696,0,23.42,UP,MIDDLE,false,65666,2025-03-17 16:30,ABOVE,3,2.41,1.63,2.45,1,BOUNCE,65667,3.755,BOUNCE,65667,3.921,OVERLAP,NONE,BELOW,RISING,BELOW
SUIUSDT,37,2025-05-29 11:15,2025-06-12 23:45,72653,3.6689,3.6587,0.274,0,23.28,UP,TOP,false,72658,2025-05-29 12:30,ABOVE,5,1.38,1.57,1.291,1,BOUNCE,72659,0.531,BOUNCE,72659,0.531,OVERLAP,NONE,BELOW,RISING,ABOVE
SUIUSDT,40,2025-07-09 05:30,2025-08-14 12:15,76566,2.9165,2.9088,0.262,0,21.74,UP,TOP,false,76570,2025-07-09 06:30,ABOVE,4,0.86,1.14,0.23,1,BOUNCE,76571,0.569,BOUNCE,76571,2.023,OVERLAP,NONE,ABOVE,RISING,ABOVE
SUIUSDT,41,2025-08-14 12:30,2025-10-10 20:30,80050,3.9799,3.9512,0.751,0,20.29,DOWN,MIDDLE,false,83422,2025-09-18 15:30,BELOW,3372,21,1.4,1.178,1,BOUNCE,83424,0.504,BOUNCE,83424,1.539,OVERLAP,NONE,ABOVE,RISING,ABOVE
SUIUSDT,43,2025-10-13 09:00,2025-10-16 09:15,85796,2.8736,2.8502,0.821,0,20.81,DOWN,TOP,false,85797,2025-10-13 09:15,BELOW,1,0.04,1.36,0.771,1,THROUGH,85798,1.161,THROUGH,85798,1.695,OVERLAP,NONE,ABOVE,RISING,ABOVE
SUIUSDT,44,2025-10-16 09:30,2025-10-26 21:45,86086,2.672,2.6532,0.707,0,20.86,IN,BOTTOM,false,86103,2025-10-16 13:45,ABOVE,17,1.66,1.4,1.516,-1,THROUGH,86104,3.451,THROUGH,86104,4.832,OVERLAP,NONE,BELOW,FALLING,BELOW
SUIUSDT,45,2025-10-26 22:00,2025-11-14 04:15,87096,2.6311,2.6208,0.387,0,39.12,UP,MIDDLE,false,87140,2025-10-27 09:00,ABOVE,44,3.2,1.87,0.879,1,HELD,,0.239,THROUGH,87149,1.756,OVERLAP,NONE,BELOW,FALLING,BELOW
SUIUSDT,46,2025-11-14 04:30,2026-01-04 22:45,88850,1.8391,1.8269,0.681,0,53.66,DOWN,BOTTOM,false,88855,2025-11-14 05:45,BELOW,5,1.94,1.06,0.928,-1,BOUNCE,88856,1.773,BOUNCE,88856,3.438,OVERLAP,NONE,BELOW,FALLING,BELOW
SUIUSDT,47,2026-01-04 23:00,2026-01-13 21:45,93820,1.7106,1.703,0.451,0,45.7,DOWN,MIDDLE,false,93827,2026-01-05 00:45,BELOW,7,1.12,1.44,0.955,1,THROUGH,93828,1.961,THROUGH,93828,1.961,OVERLAP,NONE,ABOVE,FALLING,ABOVE
SUIUSDT,48,2026-01-13 22:00,2026-01-18 22:45,94680,1.8429,1.8367,0.327,0,40.49,UP,MIDDLE,false,94709,2026-01-14 05:15,ABOVE,29,3.73,1.5,0.705,1,THROUGH,94713,0.586,THROUGH,94713,1.519,OVERLAP,NONE,BELOW,FALLING,BELOW
SUIUSDT,50,2026-01-20 22:30,2026-01-29 02:15,95354,1.4968,1.4885,0.561,0,56.11,DOWN,BOTTOM,false,95362,2026-01-21 00:30,BELOW,8,1.31,1.61,1.213,-1,THROUGH,95363,1.619,THROUGH,95363,1.895,OVERLAP,NONE,ABOVE,FALLING,ABOVE
SUIUSDT,52,2026-02-07 16:00,2026-02-28 13:30,97056,0.9952,0.991,0.416,0,44.08,UP,MIDDLE,false,97059,2026-02-07 16:45,ABOVE,3,1.39,0.24,0.611,-1,BOUNCE,97061,2.643,BOUNCE,97061,2.643,OVERLAP,BOUNCE,ABOVE,RISING,ABOVE
SUIUSDT,54,2026-03-08 22:00,2026-03-21 23:30,99864,0.889,0.8864,0.296,0,82.11,DOWN,MIDDLE,false,99867,2026-03-08 22:45,BELOW,3,1.02,0.72,0.645,-1,BOUNCE,99868,1.027,BOUNCE,99868,1.027,OVERLAP,NONE,BELOW,FALLING,BELOW
SUIUSDT,56,2026-03-23 11:00,2026-03-28 22:45,101260,0.9029,0.899,0.41,0,64.49,UP,MIDDLE,false,101642,2026-03-27 10:30,ABOVE,382,7.59,7.66,2.102,-1,THROUGH,101643,1.473,THROUGH,101643,1.794,OVERLAP,NONE,BELOW,FALLING,BELOW
SUIUSDT,57,2026-03-28 23:00,2026-04-12 01:15,101788,0.8778,0.8762,0.187,0,63.7,DOWN,BOTTOM,false,101899,2026-03-30 02:45,BELOW,111,4.93,1.62,1.208,1,BOUNCE,101900,1.29,BOUNCE,101900,1.29,OVERLAP,NONE,ABOVE,RISING,ABOVE
SUIUSDT,58,2026-04-12 01:30,2026-05-02 21:15,103142,0.9411,0.9385,0.284,0,32.19,DOWN,BOTTOM,false,103320,2026-04-13 22:00,BELOW,178,4.29,1.87,1.407,1,THROUGH,103321,2.174,THROUGH,103321,2.174,OVERLAP,NONE,ABOVE,RISING,ABOVE
SUIUSDT,59,2026-05-02 21:30,2026-06-14 21:00,105142,0.9268,0.9256,0.129,0,24.05,UP,TOP,false,105145,2026-05-02 22:15,ABOVE,3,0.32,0.9,0.27,1,BOUNCE,105146,0.378,BOUNCE,105146,0.378,OVERLAP,NONE,ABOVE,RISING,ABOVE
SUIUSDT,60,2026-06-14 21:15,2026-06-22 10:45,109269,0.7531,0.7509,0.287,0,23.22,UP,MIDDLE,false,109584,2026-06-18 04:00,ABOVE,315,9.63,4,1.742,-1,THROUGH,109585,1.713,THROUGH,109585,1.713,OVERLAP,NONE,BELOW,FALLING,BELOW
SUIUSDT,61,2026-06-22 11:00,2026-07-06 20:45,109996,0.7121,0.7097,0.332,0,25.09,UP,TOP,false,110028,2026-06-22 19:00,ABOVE,32,4.33,1.2,0.546,1,BOUNCE,110029,2.415,BOUNCE,110029,2.415,OVERLAP,NONE,BELOW,FALLING,BELOW
SUIUSDT,62,2026-07-06 21:00,2026-07-17 08:00,111380,0.7493,0.7462,0.408,0,20.27,UP,TOP,false,111389,2026-07-06 23:15,ABOVE,9,1.49,1.57,0.773,1,BOUNCE,111390,0.681,BOUNCE,111390,0.681,OVERLAP,BOUNCE,BELOW,RISING,ABOVE
SUIUSDT,63,2026-07-17 08:15,2026-07-19 16:45,112385,0.7326,0.7307,0.261,0,20.08,DOWN,BOTTOM,false,112388,2026-07-17 09:00,BELOW,3,0.49,0.41,0.383,-1,THROUGH,112389,0.52,THROUGH,112389,0.931,OVERLAP,NONE,BELOW,FALLING,BELOW
SUIUSDT,64,2026-07-19 17:00,2026-08-08 05:45,112612,0.7509,0.7487,0.294,0,23.55,DOWN,BOTTOM,true,112613,2026-07-19 17:15,BELOW,1,0.01,0.83,0.335,1,BOUNCE,112614,1.162,BOUNCE,112614,1.162,OVERLAP,NONE,BELOW,FALLING,BELOW
1000PEPEUSDT,0,2023-05-28 05:30,2023-05-30 04:45,2164,0.001515,0.001511,0.242,0,30.23,DOWN,MIDDLE,false,2234,2023-05-28 23:00,BELOW,70,4.23,2.26,1.447,-1,BOUNCE,2235,1.277,BOUNCE,2235,5.321,OVERLAP,NONE,ABOVE,RISING,ABOVE
1000PEPEUSDT,2,2023-05-30 19:15,2023-07-24 09:30,2411,0.001358,0.001353,0.334,0,24.78,DOWN,MIDDLE,false,4517,2023-06-21 17:45,BELOW,2106,37.87,1.67,7.493,1,THROUGH,4517,8.224,THROUGH,4517,8.224,OVERLAP,NONE,ABOVE,RISING,ABOVE
1000PEPEUSDT,4,2023-07-30 19:45,2023-08-17 21:15,8269,0.001316,0.001312,0.328,0,71.13,DOWN,BOTTOM,false,8288,2023-07-31 00:30,BELOW,19,3.35,0.7,1.139,-1,THROUGH,8288,0.472,THROUGH,8288,0.472,OVERLAP,NONE,ABOVE,RISING,ABOVE
1000PEPEUSDT,6,2023-08-20 05:45,2023-08-25 22:00,10229,0.001126,0.001122,0.296,0,20.89,DOWN,BOTTOM,false,10237,2023-08-20 07:45,BELOW,8,1.16,1.32,0.831,1,BOUNCE,10238,1.114,BOUNCE,10238,1.114,OVERLAP,NONE,BELOW,FALLING,BELOW
1000PEPEUSDT,7,2023-08-25 22:15,2023-08-27 06:30,10775,0.000887,0.000883,0.394,0,39.1,DOWN,MIDDLE,false,10780,2023-08-25 23:30,BELOW,5,2.18,1.47,1.363,-1,BOUNCE,10781,3.555,BOUNCE,10781,3.555,OVERLAP,NONE,ABOVE,FALLING,ABOVE
1000PEPEUSDT,8,2023-08-27 06:45,2023-09-04 07:45,10905,0.000887,0.000883,0.458,1,26.7,UP,TOP,false,10906,2023-08-27 07:00,ABOVE,1,1.03,2.48,1.133,-1,BOUNCE,10907,3.665,BOUNCE,10907,3.665,OVERLAP,NONE,ABOVE,RISING,ABOVE
1000PEPEUSDT,9,2023-09-04 08:00,2023-09-08 16:15,11678,0.000808,0.000806,0.268,0,24.85,UP,BOTTOM,false,11687,2023-09-04 10:15,ABOVE,9,1.77,1.31,0.83,1,THROUGH,11688,0.47,THROUGH,11688,3.033,OVERLAP,NONE,BELOW,FALLING,BELOW
1000PEPEUSDT,10,2023-09-08 16:30,2023-09-09 23:45,12096,0.000785,0.000782,0.296,0,23.26,DOWN,BOTTOM,false,12101,2023-09-08 17:45,BELOW,5,0.69,1.69,0.791,-1,THROUGH,12103,0.524,THROUGH,12103,3.195,OVERLAP,NONE,BELOW,FALLING,BELOW
1000PEPEUSDT,12,2023-09-13 07:30,2023-09-23 21:45,12540,0.000663,0.000661,0.33,0,39.56,UP,MIDDLE,false,12541,2023-09-13 07:45,ABOVE,1,0.56,2.88,1.023,-1,BOUNCE,12542,2.941,BOUNCE,12542,2.941,OVERLAP,NONE,ABOVE,FALLING,BELOW
1000PEPEUSDT,13,2023-09-23 22:00,2023-10-16 05:00,13558,0.000678,0.000675,0.412,0,21.9,UP,TOP,false,13560,2023-09-23 22:30,ABOVE,2,0.25,1.2,0.664,-1,BOUNCE,13562,1.12,BOUNCE,13562,1.12,OVERLAP,NONE,ABOVE,RISING,BELOW
1000PEPEUSDT,14,2023-10-16 05:15,2023-12-09 08:15,15699,0.000678,0.000673,0.799,1,40.42,UP,TOP,false,15714,2023-10-16 09:00,ABOVE,15,2.65,1.43,1.345,1,BOUNCE,15716,0.885,BOUNCE,15716,6.959,OVERLAP,NONE,BELOW,FALLING,BELOW
1000PEPEUSDT,15,2023-12-09 08:30,2023-12-11 01:45,20896,0.001609,0.001589,1.298,0,20.57,DOWN,TOP,false,20897,2023-12-09 08:45,BELOW,1,1.57,5.06,6.257,1,THROUGH,20897,9.373,THROUGH,20897,9.373,OVERLAP,NONE,ABOVE,RISING,ABOVE
1000PEPEUSDT,16,2023-12-11 02:00,2024-02-03 23:45,21062,0.001609,0.001587,1.575,1,35.38,DOWN,MIDDLE,false,22163,2023-12-22 13:15,BELOW,1101,22.87,1.93,6.037,1,BOUNCE,22164,5.206,BOUNCE,22164,9.057,OVERLAP,THROUGH,ABOVE,RISING,ABOVE
1000PEPEUSDT,17,2024-02-04 00:00,2024-02-05 11:30,26334,0.000924,0.000922,0.242,0,41.97,DOWN,MIDDLE,false,26472,2024-02-05 10:30,BELOW,138,5.31,3.33,1.134,1,THROUGH,26472,5.997,THROUGH,26472,5.997,OVERLAP,NONE,ABOVE,RISING,ABOVE
1000PEPEUSDT,18,2024-02-05 11:45,2024-02-08 04:15,26477,0.000925,0.000922,0.388,1,22.3,UP,TOP,false,26497,2024-02-05 16:45,ABOVE,20,4.59,0.39,0.88,1,BOUNCE,26498,0.821,BOUNCE,26498,0.843,OVERLAP,THROUGH,BELOW,FALLING,ABOVE
1000PEPEUSDT,19,2024-02-08 04:30,2024-02-09 06:30,26736,0.000968,0.000964,0.367,0,29.72,DOWN,BOTTOM,false,26748,2024-02-08 07:30,BELOW,12,1.08,1.02,0.737,1,BOUNCE,26749,0.311,BOUNCE,26749,0.964,OVERLAP,NONE,ABOVE,FALLING,ABOVE
1000PEPEUSDT,21,2024-03-03 07:15,2024-04-11 15:45,29051,0.004099,0.004056,1.121,0,34,DOWN,BOTTOM,false,29055,2024-03-03 08:15,BELOW,4,5.45,2.28,5.415,1,THROUGH,29056,31.45,THROUGH,29056,41.841,OVERLAP,NONE,ABOVE,FALLING,BELOW
1000PEPEUSDT,22,2024-04-11 16:00,2024-05-07 03:00,32830,0.00691,0.006848,0.835,0,32.97,UP,BOTTOM,false,32916,2024-04-12 13:30,ABOVE,86,9.14,2.04,1.743,-1,BOUNCE,32917,1.972,BOUNCE,32917,1.972,OVERLAP,NONE,BELOW,FALLING,BELOW
1000PEPEUSDT,23,2024-05-07 03:15,2024-07-09 10:30,35275,0.008566,0.008455,1.367,0,20.19,DOWN,MIDDLE,false,35295,2024-05-07 08:15,BELOW,20,3.69,1.97,2.053,-1,BOUNCE,35296,1.093,BOUNCE,35296,3.602,OVERLAP,NONE,ABOVE,RISING,ABOVE
1000PEPEUSDT,24,2024-07-09 10:45,2024-07-15 16:00,41353,0.009286,0.009209,0.848,0,22.69,DOWN,BOTTOM,false,41366,2024-07-09 14:00,BELOW,13,2.1,2.23,3.049,1,BOUNCE,41367,3.525,BOUNCE,41367,3.525,OVERLAP,NONE,ABOVE,FALLING,ABOVE
1000PEPEUSDT,25,2024-07-15 16:15,2024-08-20 07:15,41951,0.009737,0.009626,1.085,0,23.53,UP,TOP,false,43590,2024-08-01 18:00,ABOVE,1639,34.26,1.85,3.596,-1,BOUNCE,43591,4.029,BOUNCE,43591,9.211,OVERLAP,BOUNCE,BELOW,FALLING,BELOW
1000PEPEUSDT,26,2024-08-20 07:30,2024-09-14 17:45,45372,0.007844,0.007802,0.514,0,27.93,UP,MIDDLE,false,45399,2024-08-20 14:15,ABOVE,27,4.09,3.13,1.698,1,THROUGH,45400,1.812,THROUGH,45400,1.812,OVERLAP,NONE,BELOW,FALLING,BELOW
1000PEPEUSDT,27,2024-09-14 18:00,2024-09-23 21:00,47814,0.007744,0.007722,0.281,0,21.99,DOWN,BOTTOM,false,47823,2024-09-14 20:15,BELOW,9,1.03,1.66,1.209,-1,THROUGH,47825,0.44,THROUGH,47825,1.102,OVERLAP,NONE,ABOVE,FALLING,BELOW
1000PEPEUSDT,28,2024-09-23 21:15,2024-10-28 20:45,48691,0.00805,0.008031,0.244,0,20.79,UP,BOTTOM,false,48704,2024-09-24 00:30,ABOVE,13,1.03,3.33,1.761,1,THROUGH,48705,1.363,THROUGH,48705,1.363,OVERLAP,NONE,BELOW,RISING,BELOW
1000PEPEUSDT,29,2024-10-28 21:00,2024-11-05 19:30,52050,0.008969,0.008964,0.058,0,88.48,UP,TOP,false,52358,2024-11-01 02:00,ABOVE,308,11.88,5.63,2.265,-1,BOUNCE,52359,1.525,BOUNCE,52359,1.525,OVERLAP,NONE,BELOW,FALLING,BELOW
1000PEPEUSDT,30,2024-11-05 19:45,2024-11-16 05:45,52813,0.00857,0.008526,0.521,0,20.14,DOWN,MIDDLE,false,52825,2024-11-05 22:45,BELOW,12,1.4,0.41,0.753,1,THROUGH,52830,6.37,THROUGH,52830,12.987,OVERLAP,NONE,ABOVE,RISING,ABOVE
1000PEPEUSDT,31,2024-11-16 06:00,2024-12-31 05:45,53814,0.022656,0.022478,0.815,0,22.72,DOWN,BOTTOM,false,53954,2024-11-17 17:00,BELOW,140,12.65,3.17,2.685,-1,BOUNCE,53955,7.68,BOUNCE,53955,7.8,OVERLAP,NONE,ABOVE,RISING,ABOVE
1000PEPEUSDT,32,2024-12-31 06:00,2025-01-10 13:15,58134,0.017936,0.017816,0.641,0,71,UP,MIDDLE,false,58905,2025-01-08 06:45,ABOVE,771,21.29,3.07,1.889,-1,BOUNCE,58906,3.84,BOUNCE,58906,3.84,OVERLAP,NONE,BELOW,FALLING,BELOW
1000PEPEUSDT,33,2025-01-10 13:30,2025-03-19 17:15,59124,0.017936,0.017708,1.32,1,31.96,DOWN,TOP,false,59127,2025-01-10 14:15,BELOW,3,2.48,1.46,0.991,1,BOUNCE,59128,4.04,BOUNCE,59128,4.04,OVERLAP,NONE,BELOW,FALLING,ABOVE
1000PEPEUSDT,34,2025-03-19 17:30,2025-06-16 22:15,65668,0.007367,0.007322,0.616,0,30.87,DOWN,BOTTOM,false,65670,2025-03-19 18:00,BELOW,2,1.6,2.94,2.993,1,BOUNCE,65671,1.748,BOUNCE,65671,1.748,OVERLAP,NONE,BELOW,FALLING,BELOW
1000PEPEUSDT,35,2025-06-16 22:30,2025-08-14 12:15,74232,0.011246,0.011218,0.259,0,57.45,DOWN,BOTTOM,false,76434,2025-07-09 21:00,BELOW,2202,25.27,3.48,3.836,1,THROUGH,76434,0.335,THROUGH,76434,0.335,OVERLAP,NONE,ABOVE,RISING,ABOVE
1000PEPEUSDT,37,2025-08-29 12:30,2025-10-26 21:45,81296,0.00985,0.0098,0.5,0,31.56,UP,MIDDLE,false,81300,2025-08-29 13:30,ABOVE,4,0.95,2.14,1.558,-1,THROUGH,81301,2.134,THROUGH,81301,3.233,OVERLAP,NONE,BELOW,RISING,BELOW
1000PEPEUSDT,38,2025-10-26 22:00,2025-11-14 04:15,86902,0.007282,0.007254,0.377,0,22.2,UP,MIDDLE,false,86940,2025-10-27 07:30,ABOVE,38,1.83,2.56,1.246,1,THROUGH,86940,1.663,THROUGH,86940,1.929,OVERLAP,NONE,BELOW,FALLING,BELOW
1000PEPEUSDT,39,2025-11-14 04:30,2025-11-21 07:15,88656,0.005332,0.005301,0.585,0,75.14,DOWN,BOTTOM,false,88658,2025-11-14 05:00,BELOW,2,1.9,1.44,1.108,-1,BOUNCE,88659,1.449,BOUNCE,88659,1.449,OVERLAP,NONE,BELOW,FALLING,BELOW
1000PEPEUSDT,40,2025-11-21 07:30,2025-12-27 15:45,89340,0.004449,0.004405,1.013,0,22.23,DOWN,BOTTOM,false,89667,2025-11-24 17:15,BELOW,327,9.62,2.98,2.197,1,THROUGH,89668,2.701,THROUGH,89668,4.78,OVERLAP,NONE,ABOVE,RISING,ABOVE
1000PEPEUSDT,41,2025-12-27 16:00,2025-12-30 03:00,92830,0.004088,0.004077,0.271,0,22.1,UP,TOP,false,93006,2025-12-29 12:00,ABOVE,176,5.12,5.02,2.435,-1,THROUGH,93006,0.656,THROUGH,93006,0.656,OVERLAP,NONE,BELOW,FALLING,BELOW
1000PEPEUSDT,42,2025-12-30 03:15,2026-01-13 21:45,93067,0.004065,0.004054,0.267,0,28.53,DOWN,BOTTOM,false,93069,2025-12-30 03:45,BELOW,2,0.28,1.21,0.56,-1,BOUNCE,93070,0.481,BOUNCE,93070,0.481,OVERLAP,NONE,BELOW,FALLING,ABOVE
1000PEPEUSDT,43,2026-01-13 22:00,2026-01-18 22:45,94486,0.006171,0.006134,0.585,0,46.55,UP,MIDDLE,false,94569,2026-01-14 18:45,ABOVE,83,11.19,0.98,1.53,-1,BOUNCE,94570,2.401,BOUNCE,94570,2.401,OVERLAP,NONE,BELOW,FALLING,BELOW
1000PEPEUSDT,45,2026-02-07 16:00,2026-03-07 13:45,96862,0.003808,0.003792,0.414,0,40.71,UP,MIDDLE,false,96907,2026-02-08 03:15,ABOVE,45,3.07,1.31,0.435,1,BOUNCE,96908,0.57,BOUNCE,96908,1.72,OVERLAP,THROUGH,BELOW,FALLING,BELOW
1000PEPEUSDT,47,2026-03-08 22:00,2026-03-19 11:45,99670,0.003195,0.003184,0.351,0,23.59,DOWN,MIDDLE,false,99671,2026-03-08 22:15,BELOW,1,0.72,1.77,1.508,-1,THROUGH,99673,1.577,THROUGH,99673,2.978,OVERLAP,NONE,ABOVE,FALLING,BELOW
1000PEPEUSDT,48,2026-03-19 12:00,2026-03-21 23:30,100686,0.003447,0.003441,0.184,0,95.77,DOWN,MIDDLE,false,100738,2026-03-20 01:00,BELOW,52,2.95,2.62,0.551,-1,BOUNCE,100739,0.944,BOUNCE,100739,0.944,OVERLAP,NONE,ABOVE,RISING,ABOVE
1000PEPEUSDT,51,2026-03-27 10:30,2026-04-26 21:15,101448,0.003356,0.003346,0.3,0,21.09,DOWN,BOTTOM,false,101542,2026-03-28 10:00,BELOW,94,2.73,3.17,0.988,1,BOUNCE,101543,1.154,BOUNCE,101543,1.157,OVERLAP,NONE,ABOVE,RISING,ABOVE
1000PEPEUSDT,52,2026-04-26 21:30,2026-04-29 17:45,104372,0.003928,0.003913,0.385,0,24.03,DOWN,TOP,false,104375,2026-04-26 22:15,BELOW,3,0.98,1.06,0.662,1,BOUNCE,104376,1.153,BOUNCE,104376,1.153,OVERLAP,NONE,BELOW,FALLING,ABOVE
1000PEPEUSDT,53,2026-04-29 18:00,2026-05-15 13:15,104646,0.003876,0.003854,0.559,0,26.26,DOWN,MIDDLE,false,104659,2026-04-29 21:15,BELOW,13,2.2,0.46,0.662,-1,BOUNCE,104661,0.584,BOUNCE,104661,1.126,OVERLAP,NONE,ABOVE,RISING,BELOW
1000PEPEUSDT,55,2026-05-24 20:00,2026-05-27 21:15,107054,0.00358,0.003574,0.188,0,32.87,DOWN,BOTTOM,false,107058,2026-05-24 21:00,BELOW,4,0.42,13.77,0.568,-1,BOUNCE,107059,1.665,BOUNCE,107059,1.665,OVERLAP,NONE,BELOW,FALLING,BELOW
1000PEPEUSDT,57,2026-06-07 22:00,2026-06-20 04:45,108406,0.002733,0.002718,0.526,0,22.15,UP,MIDDLE,false,108567,2026-06-09 14:15,ABOVE,161,4.77,4.29,1.634,-1,BOUNCE,108568,1.346,BOUNCE,108568,2.963,OVERLAP,NONE,BELOW,FALLING,BELOW
1000PEPEUSDT,58,2026-06-20 05:00,2026-07-01 00:45,109586,0.002835,0.002828,0.259,0,23.5,UP,MIDDLE,false,109598,2026-06-20 08:00,ABOVE,12,0.86,1.66,0.457,1,BOUNCE,109599,0.578,BOUNCE,109599,0.578,OVERLAP,NONE,BELOW,RISING,ABOVE
1000PEPEUSDT,59,2026-07-01 01:00,2026-07-16 07:15,110626,0.002326,0.002321,0.245,0,26.55,DOWN,MIDDLE,false,110628,2026-07-01 01:30,BELOW,2,1.42,4.36,1.728,-1,THROUGH,110628,0.53,THROUGH,110628,0.892,OVERLAP,BOUNCE,ABOVE,FALLING,ABOVE
1000PEPEUSDT,60,2026-07-16 07:30,2026-08-06 03:45,112092,0.002767,0.002757,0.342,0,21.68,DOWN,BOTTOM,false,112118,2026-07-16 14:00,BELOW,26,2.19,1.86,0.566,-1,BOUNCE,112119,1.037,BOUNCE,112119,1.647,OVERLAP,NONE,ABOVE,RISING,ABOVE
1000PEPEUSDT,61,2026-08-06 04:00,2026-08-08 05:45,114094,0.002847,0.002839,0.276,0,20.66,DOWN,BOTTOM,true,114095,2026-08-06 04:15,BELOW,1,0.58,1.65,0.883,-1,THROUGH,114098,0.645,THROUGH,114098,0.645,OVERLAP,NONE,BELOW,FALLING,BELOW