symbol,zoneId,eps,sides,firstApproach,firstOutcome,zoneOutcome,score,firstOldThrough,firstOldThroughFake,lag,trendFlip
BTCUSDT,0,4,2,BELOW,XUYEN_THAT,XUYEN_THAT,1,true,false,2,false
BTCUSDT,2,4,2,ABOVE,PHA_GIA,XUYEN_THAT,2,true,true,1,false
BTCUSDT,3,9,2,ABOVE,PHA_GIA,XUYEN_THAT,0,true,true,0,false
BTCUSDT,4,8,2,BELOW,PHA_GIA,XUYEN_THAT,0,true,true,1,false
BTCUSDT,5,6,2,BELOW,GIU,CHAN,1,false,false,,
BTCUSDT,7,15,2,BELOW,GIU,XUYEN_THAT,1,false,false,,
BTCUSDT,8,5,2,BELOW,XUYEN_THAT,XUYEN_THAT,1,true,false,0,false
BTCUSDT,9,2,2,ABOVE,XUYEN_THAT,XUYEN_THAT,0,true,false,0,false
BTCUSDT,11,18,2,BELOW,PHA_GIA,XUYEN_THAT,1,true,true,2,false
BTCUSDT,12,1,1,ABOVE,GIU,CHAN,1,false,false,,
BTCUSDT,13,3,1,BELOW,GIU,XUYEN_THAT,0,false,false,,
BTCUSDT,14,12,2,BELOW,GIU,XUYEN_THAT,1,false,false,,
BTCUSDT,16,2,1,BELOW,XUYEN_THAT,XUYEN_THAT,1,true,false,2,false
BTCUSDT,18,15,2,ABOVE,GIU,XUYEN_THAT,1,false,false,,
BTCUSDT,19,10,2,ABOVE,GIU,XUYEN_THAT,3,false,false,,
BTCUSDT,20,11,2,ABOVE,XUYEN_THAT,XUYEN_THAT,0,true,false,1,false
BTCUSDT,21,17,2,ABOVE,GIU,XUYEN_THAT,1,false,false,,
BTCUSDT,23,1,1,ABOVE,GIU,CHAN,1,false,false,,
BTCUSDT,24,35,2,ABOVE,GIU,XUYEN_THAT,2,false,false,,
BTCUSDT,25,15,2,BELOW,XUYEN_THAT,XUYEN_THAT,1,true,false,5,false
BTCUSDT,26,2,1,BELOW,GIU,CHAN,2,false,false,,
BTCUSDT,27,4,1,BELOW,GIU,CHAN,2,false,false,,
BTCUSDT,28,9,1,BELOW,GIU,CHAN,2,false,false,,
BTCUSDT,29,4,1,BELOW,GIU,CHAN,4,false,false,,
BTCUSDT,30,11,2,BELOW,XUYEN_THAT,XUYEN_THAT,2,true,false,6,false
BTCUSDT,31,9,2,BELOW,GIU,XUYEN_THAT,2,false,false,,
BTCUSDT,32,14,2,BELOW,XUYEN_THAT,XUYEN_THAT,1,true,false,4,true
BTCUSDT,33,6,2,ABOVE,GIU,XUYEN_THAT,1,false,false,,
BTCUSDT,34,8,2,ABOVE,XUYEN_THAT,XUYEN_THAT,2,true,false,1,false
BTCUSDT,35,15,2,ABOVE,PHA_GIA,XUYEN_THAT,3,true,true,6,false
BTCUSDT,37,19,2,ABOVE,PHA_GIA,XUYEN_THAT,2,true,true,5,false
BTCUSDT,38,10,2,ABOVE,PHA_GIA,XUYEN_THAT,3,true,true,6,false
BTCUSDT,40,2,1,BELOW,GIU,XUYEN_THAT,2,false,false,,
BTCUSDT,41,18,2,BELOW,XUYEN_THAT,XUYEN_THAT,1,true,false,2,false
BTCUSDT,42,24,2,BELOW,GIU,XUYEN_THAT,2,false,false,,
BTCUSDT,43,16,2,ABOVE,XUYEN_THAT,XUYEN_THAT,0,true,false,0,false
BTCUSDT,44,10,2,ABOVE,XUYEN_THAT,XUYEN_THAT,0,true,false,0,false
BTCUSDT,45,3,1,BELOW,GIU,CHAN,1,false,false,,
BTCUSDT,46,13,2,ABOVE,GIU,XUYEN_THAT,3,false,false,,
BTCUSDT,48,20,2,BELOW,XUYEN_THAT,XUYEN_THAT,1,true,false,3,false
BTCUSDT,49,10,2,BELOW,XUYEN_THAT,XUYEN_THAT,1,true,false,3,false
BTCUSDT,50,19,2,ABOVE,XUYEN_THAT,XUYEN_THAT,1,true,false,8,false
BTCUSDT,51,6,2,ABOVE,GIU,CHAN,1,false,false,,
BTCUSDT,54,6,2,ABOVE,PHA_GIA,CHAN,1,true,true,6,false
BTCUSDT,55,6,2,ABOVE,PHA_GIA,CHAN,2,true,true,7,false
BTCUSDT,56,1,1,ABOVE,GIU,CHAN,2,false,false,,
BTCUSDT,58,18,2,BELOW,GIU,XUYEN_THAT,1,false,false,,
BTCUSDT,59,3,1,BELOW,GIU,CHAN,3,false,false,,
BTCUSDT,60,4,2,BELOW,XUYEN_THAT,XUYEN_THAT,2,true,false,3,false
BTCUSDT,61,11,2,ABOVE,PHA_GIA,XUYEN_THAT,0,true,true,0,false
BTCUSDT,62,5,2,BELOW,GIU,XUYEN_THAT,2,false,false,,
BTCUSDT,63,13,2,BELOW,GIU,XUYEN_THAT,2,false,false,,
BTCUSDT,64,3,1,ABOVE,GIU,CHAN,1,false,false,,
BTCUSDT,65,5,2,BELOW,XUYEN_THAT,XUYEN_THAT,1,true,false,5,false
BTCUSDT,66,9,2,ABOVE,GIU,XUYEN_THAT,3,false,false,,
BTCUSDT,67,3,1,BELOW,XUYEN_THAT,XUYEN_THAT,0,true,false,2,false
BTCUSDT,68,3,2,BELOW,PHA_GIA,XUYEN_THAT,3,true,true,3,false
BTCUSDT,69,31,2,BELOW,PHA_GIA,XUYEN_THAT,3,true,true,2,false
BTCUSDT,71,12,2,ABOVE,XUYEN_THAT,XUYEN_THAT,2,true,false,8,false
BTCUSDT,72,1,1,BELOW,PHA_GIA,CHAN,1,true,true,0,false
BTCUSDT,74,17,2,BELOW,XUYEN_THAT,XUYEN_THAT,0,true,false,0,false
BTCUSDT,75,2,1,BELOW,PHA_GIA,CHAN,2,true,true,0,false
BTCUSDT,77,2,1,BELOW,GIU,CHAN,2,false,false,,
BTCUSDT,78,17,2,BELOW,XUYEN_THAT,XUYEN_THAT,3,true,false,3,false
BTCUSDT,79,12,2,BELOW,GIU,XUYEN_THAT,3,false,false,,
BTCUSDT,80,4,1,ABOVE,GIU,CHAN,3,false,false,,
BTCUSDT,82,5,1,ABOVE,GIU,XUYEN_THAT,1,false,false,,
BTCUSDT,83,17,2,ABOVE,PHA_GIA,XUYEN_THAT,3,true,true,0,false
BTCUSDT,84,16,2,ABOVE,GIU,XUYEN_THAT,3,false,false,,
BTCUSDT,85,29,2,BELOW,GIU,XUYEN_THAT,3,false,false,,
BTCUSDT,86,4,2,BELOW,GIU,XUYEN_THAT,2,false,false,,
BTCUSDT,87,2,1,ABOVE,PHA_GIA,CHAN,1,true,true,3,false
BTCUSDT,88,22,2,BELOW,PHA_GIA,XUYEN_THAT,0,true,true,5,false
BTCUSDT,89,2,1,BELOW,GIU,XUYEN_THAT,1,false,false,,
BTCUSDT,91,10,2,BELOW,XUYEN_THAT,XUYEN_THAT,1,true,false,5,false
BTCUSDT,92,6,1,ABOVE,GIU,CHAN,2,false,false,,
BTCUSDT,93,3,1,ABOVE,GIU,CHAN,1,false,false,,
BTCUSDT,94,12,2,ABOVE,PHA_GIA,XUYEN_THAT,1,true,true,0,false
BTCUSDT,96,2,2,BELOW,XUYEN_THAT,XUYEN_THAT,1,true,false,0,false
BTCUSDT,98,12,2,BELOW,XUYEN_THAT,XUYEN_THAT,1,true,false,8,false
BTCUSDT,99,8,2,ABOVE,PHA_GIA,XUYEN_THAT,1,true,true,5,false
BTCUSDT,100,6,2,ABOVE,XUYEN_THAT,XUYEN_THAT,2,true,false,7,false
BTCUSDT,101,9,2,BELOW,GIU,CHAN,3,false,false,,
BTCUSDT,102,1,1,ABOVE,GIU,CHAN,1,false,false,,
BTCUSDT,103,18,2,ABOVE,PHA_GIA,CHAN,0,true,true,0,false
BTCUSDT,104,9,2,BELOW,PHA_GIA,XUYEN_THAT,2,true,true,0,false
BTCUSDT,105,7,2,BELOW,PHA_GIA,XUYEN_THAT,1,true,true,0,false
BTCUSDT,109,22,2,BELOW,GIU,XUYEN_THAT,2,false,false,,
BTCUSDT,110,2,1,BELOW,XUYEN_THAT,XUYEN_THAT,2,true,false,4,false
BTCUSDT,113,8,2,ABOVE,GIU,XUYEN_THAT,1,false,false,,
BTCUSDT,114,16,2,BELOW,PHA_GIA,XUYEN_THAT,2,true,true,5,false
BTCUSDT,117,7,1,BELOW,GIU,CHAN,3,false,false,,
BTCUSDT,118,18,2,BELOW,GIU,XUYEN_THAT,1,false,false,,
BTCUSDT,119,4,2,ABOVE,XUYEN_THAT,XUYEN_THAT,1,true,false,8,true
BTCUSDT,120,14,2,ABOVE,XUYEN_THAT,XUYEN_THAT,0,true,false,0,false
BTCUSDT,121,2,2,ABOVE,XUYEN_THAT,XUYEN_THAT,1,true,false,2,false
BTCUSDT,122,6,2,BELOW,PHA_GIA,XUYEN_THAT,1,true,true,2,false
BTCUSDT,124,17,2,ABOVE,PHA_GIA,XUYEN_THAT,0,true,true,0,false
BTCUSDT,125,6,2,BELOW,XUYEN_THAT,XUYEN_THAT,0,true,false,6,false
BTCUSDT,127,15,2,BELOW,PHA_GIA,XUYEN_THAT,1,true,true,0,false
BTCUSDT,128,5,1,ABOVE,GIU,CHAN,1,false,false,,
BTCUSDT,129,16,2,BELOW,XUYEN_THAT,XUYEN_THAT,0,true,false,0,false
BTCUSDT,130,4,2,ABOVE,XUYEN_THAT,XUYEN_THAT,3,true,false,4,false
BTCUSDT,131,5,1,BELOW,GIU,CHAN,1,false,false,,
BTCUSDT,133,1,1,ABOVE,PHA_GIA,CHAN,1,true,true,0,false
BTCUSDT,135,14,2,BELOW,GIU,XUYEN_THAT,0,false,false,,
BTCUSDT,136,5,2,BELOW,XUYEN_THAT,XUYEN_THAT,1,true,false,7,false
BTCUSDT,137,8,2,BELOW,PHA_GIA,XUYEN_THAT,1,true,true,2,false
BTCUSDT,138,5,2,BELOW,GIU,XUYEN_THAT,2,false,false,,
BTCUSDT,139,1,1,BELOW,GIU,CHAN,4,false,false,,
BTCUSDT,140,14,2,BELOW,GIU,XUYEN_THAT,2,false,false,,
BTCUSDT,141,3,1,BELOW,GIU,CHAN,2,false,false,,
BTCUSDT,142,4,2,ABOVE,XUYEN_THAT,XUYEN_THAT,0,true,false,0,false
BTCUSDT,143,15,2,BELOW,GIU,XUYEN_THAT,1,false,false,,
BTCUSDT,146,6,1,ABOVE,GIU,CHAN,2,false,false,,
BTCUSDT,147,9,2,ABOVE,GIU,XUYEN_THAT,2,false,false,,
BTCUSDT,148,1,1,ABOVE,PHA_GIA,CHAN,2,true,true,0,false
BTCUSDT,149,21,2,ABOVE,XUYEN_THAT,XUYEN_THAT,1,true,false,1,false
BTCUSDT,150,3,2,BELOW,PHA_GIA,XUYEN_THAT,2,true,true,2,false
BTCUSDT,151,5,2,ABOVE,XUYEN_THAT,XUYEN_THAT,0,true,false,1,false
BTCUSDT,152,2,2,BELOW,PHA_GIA,XUYEN_THAT,1,true,true,1,false
BTCUSDT,153,1,1,BELOW,PHA_GIA,CHAN,1,true,true,0,false
BTCUSDT,156,6,2,ABOVE,GIU,CHAN,0,false,false,,
BTCUSDT,157,3,1,ABOVE,GIU,CHAN,2,false,false,,
BTCUSDT,158,8,2,ABOVE,PHA_GIA,XUYEN_THAT,1,true,true,2,false
BTCUSDT,159,48,2,ABOVE,PHA_GIA,XUYEN_THAT,2,true,true,3,false
BTCUSDT,161,22,2,ABOVE,PHA_GIA,XUYEN_THAT,1,true,true,2,false
BTCUSDT,162,8,2,BELOW,XUYEN_THAT,XUYEN_THAT,1,true,false,4,false
BTCUSDT,163,10,1,ABOVE,GIU,CHAN,2,false,false,,
BTCUSDT,165,1,1,ABOVE,GIU,CHAN,3,false,false,,
BTCUSDT,166,6,1,ABOVE,GIU,XUYEN_THAT,1,false,false,,
BTCUSDT,167,5,2,BELOW,PHA_GIA,XUYEN_THAT,2,true,true,0,false
BTCUSDT,168,24,2,BELOW,XUYEN_THAT,XUYEN_THAT,0,true,false,0,false
BTCUSDT,169,10,2,ABOVE,PHA_GIA,XUYEN_THAT,1,true,true,5,false
BTCUSDT,170,9,2,BELOW,PHA_GIA,CHAN,1,true,true,0,false
BTCUSDT,173,2,1,ABOVE,GIU,CHAN,3,false,false,,
BTCUSDT,174,1,1,ABOVE,GIU,CHAN,2,false,false,,
BTCUSDT,175,2,1,ABOVE,PHA_GIA,CHAN,1,true,true,3,false
BTCUSDT,177,2,2,ABOVE,XUYEN_THAT,XUYEN_THAT,0,true,false,0,false
BTCUSDT,178,6,2,ABOVE,GIU,XUYEN_THAT,1,false,false,,
BTCUSDT,179,12,1,BELOW,GIU,CHAN,3,false,false,,
BTCUSDT,182,4,2,ABOVE,GIU,CHAN,3,false,false,,
BTCUSDT,183,16,2,BELOW,PHA_GIA,XUYEN_THAT,2,true,true,3,false
BTCUSDT,185,33,2,BELOW,GIU,XUYEN_THAT,2,false,false,,
BTCUSDT,186,6,2,BELOW,GIU,XUYEN_THAT,1,false,false,,
BTCUSDT,187,30,2,BELOW,GIU,XUYEN_THAT,3,false,false,,
BTCUSDT,188,9,1,BELOW,GIU,CHAN,4,false,false,,
BTCUSDT,189,1,1,ABOVE,GIU,CHAN,1,false,false,,
BTCUSDT,190,1,1,ABOVE,XUYEN_THAT,XUYEN_THAT,1,true,false,1,false
BTCUSDT,191,3,1,BELOW,GIU,CHAN,1,false,false,,
BTCUSDT,192,4,1,BELOW,GIU,CHAN,2,false,false,,
BTCUSDT,193,1,1,BELOW,PHA_GIA,CHAN,3,true,true,1,false
BTCUSDT,194,17,2,BELOW,XUYEN_THAT,XUYEN_THAT,2,true,false,2,false
BTCUSDT,196,5,1,ABOVE,GIU,XUYEN_THAT,2,false,false,,
BTCUSDT,197,29,2,BELOW,GIU,XUYEN_THAT,2,false,false,,
BTCUSDT,198,8,2,BELOW,GIU,XUYEN_THAT,0,false,false,,
BTCUSDT,199,3,1,ABOVE,GIU,CHAN,2,false,false,,
BTCUSDT,200,15,2,BELOW,GIU,XUYEN_THAT,1,false,false,,
BTCUSDT,201,5,2,BELOW,PHA_GIA,XUYEN_THAT,1,true,true,1,false
BTCUSDT,203,1,1,BELOW,GIU,CHAN,1,false,false,,
BTCUSDT,204,20,2,BELOW,PHA_GIA,XUYEN_THAT,2,true,true,4,false
BTCUSDT,205,11,2,ABOVE,PHA_GIA,XUYEN_THAT,2,true,true,3,false
BTCUSDT,206,8,2,BELOW,GIU,XUYEN_THAT,0,false,false,,
BTCUSDT,207,9,2,BELOW,XUYEN_THAT,XUYEN_THAT,2,true,false,1,false
BTCUSDT,208,7,2,ABOVE,XUYEN_THAT,XUYEN_THAT,1,true,false,6,false
BTCUSDT,209,3,1,ABOVE,GIU,XUYEN_THAT,4,false,false,,
BTCUSDT,211,8,2,ABOVE,XUYEN_THAT,XUYEN_THAT,1,true,false,4,false
BTCUSDT,212,6,2,BELOW,PHA_GIA,CHAN,1,true,true,3,false
BTCUSDT,213,13,2,BELOW,GIU,XUYEN_THAT,1,false,false,,
BTCUSDT,214,2,1,ABOVE,GIU,CHAN,2,false,false,,
BTCUSDT,215,21,2,ABOVE,PHA_GIA,XUYEN_THAT,1,true,true,0,false
BTCUSDT,216,22,2,BELOW,PHA_GIA,XUYEN_THAT,1,true,true,6,false
BTCUSDT,217,2,1,ABOVE,XUYEN_THAT,XUYEN_THAT,4,true,false,7,false
BTCUSDT,218,2,1,BELOW,GIU,CHAN,2,false,false,,
BTCUSDT,219,4,2,ABOVE,GIU,XUYEN_THAT,2,false,false,,
BTCUSDT,220,2,1,BELOW,GIU,CHAN,1,false,false,,
BTCUSDT,221,29,2,ABOVE,GIU,XUYEN_THAT,2,false,false,,
BTCUSDT,222,20,2,ABOVE,GIU,XUYEN_THAT,2,false,false,,
BTCUSDT,223,11,2,ABOVE,XUYEN_THAT,XUYEN_THAT,1,true,false,6,true
BTCUSDT,224,3,2,BELOW,PHA_GIA,CHAN,2,true,true,3,false
BTCUSDT,225,11,2,BELOW,XUYEN_THAT,XUYEN_THAT,1,true,false,5,false
BTCUSDT,226,13,2,BELOW,PHA_GIA,XUYEN_THAT,3,true,true,3,false
BTCUSDT,228,12,2,BELOW,PHA_GIA,XUYEN_THAT,1,true,true,0,false
BTCUSDT,230,7,2,ABOVE,PHA_GIA,CHAN,2,true,true,2,false
BTCUSDT,231,2,2,ABOVE,PHA_GIA,XUYEN_THAT,2,true,true,2,false
BTCUSDT,232,2,1,BELOW,XUYEN_THAT,XUYEN_THAT,1,true,false,2,false
BTCUSDT,234,4,2,BELOW,PHA_GIA,XUYEN_THAT,2,true,true,1,false
BTCUSDT,235,23,2,ABOVE,PHA_GIA,XUYEN_THAT,0,true,true,0,false
BTCUSDT,237,1,1,BELOW,XUYEN_THAT,XUYEN_THAT,0,true,false,2,false
BTCUSDT,238,3,1,ABOVE,GIU,CHAN,1,false,false,,
BTCUSDT,239,1,1,BELOW,XUYEN_THAT,XUYEN_THAT,1,true,false,5,false
BTCUSDT,240,4,2,BELOW,XUYEN_THAT,XUYEN_THAT,0,true,false,2,false
BTCUSDT,241,5,1,ABOVE,GIU,CHAN,1,false,false,,
BTCUSDT,243,4,2,BELOW,PHA_GIA,XUYEN_THAT,0,true,true,1,false
BTCUSDT,244,2,1,ABOVE,GIU,CHAN,3,false,false,,
BTCUSDT,246,7,2,BELOW,GIU,XUYEN_THAT,0,false,false,,
BTCUSDT,247,13,2,BELOW,XUYEN_THAT,XUYEN_THAT,0,true,false,0,false
BTCUSDT,248,10,1,BELOW,PHA_GIA,CHAN,0,true,true,0,false
BTCUSDT,249,11,2,ABOVE,GIU,XUYEN_THAT,0,false,false,,
BTCUSDT,250,10,2,BELOW,GIU,XUYEN_THAT,2,false,false,,
BTCUSDT,252,1,1,ABOVE,GIU,CHAN,2,false,false,,
BTCUSDT,255,7,2,ABOVE,PHA_GIA,XUYEN_THAT,0,true,true,0,false
BTCUSDT,257,2,1,ABOVE,XUYEN_THAT,XUYEN_THAT,0,true,false,0,false
BTCUSDT,258,4,2,BELOW,PHA_GIA,XUYEN_THAT,0,true,true,0,false
BTCUSDT,259,28,2,ABOVE,XUYEN_THAT,XUYEN_THAT,0,true,false,4,false
BTCUSDT,260,23,2,BELOW,GIU,XUYEN_THAT,1,false,false,,
BTCUSDT,261,18,2,BELOW,XUYEN_THAT,XUYEN_THAT,0,true,false,3,false
BTCUSDT,262,6,1,BELOW,GIU,CHAN,3,false,false,,
BTCUSDT,265,4,1,ABOVE,GIU,CHAN,2,false,false,,
BTCUSDT,266,5,2,BELOW,GIU,XUYEN_THAT,1,false,false,,
BTCUSDT,267,10,2,ABOVE,PHA_GIA,XUYEN_THAT,1,true,true,6,false
BTCUSDT,268,6,2,ABOVE,PHA_GIA,XUYEN_THAT,0,true,true,0,false
BTCUSDT,269,3,2,ABOVE,PHA_GIA,CHAN,2,true,true,2,false
BTCUSDT,270,3,1,ABOVE,GIU,CHAN,1,false,false,,
BTCUSDT,271,9,2,BELOW,GIU,XUYEN_THAT,2,false,false,,
BTCUSDT,272,8,2,ABOVE,PHA_GIA,XUYEN_THAT,0,true,true,0,false
BTCUSDT,273,3,1,BELOW,GIU,CHAN,2,false,false,,
BTCUSDT,274,10,2,BELOW,GIU,XUYEN_THAT,3,false,false,,
BTCUSDT,276,2,2,BELOW,XUYEN_THAT,XUYEN_THAT,0,true,false,1,false
BTCUSDT,277,12,2,BELOW,XUYEN_THAT,XUYEN_THAT,2,true,false,2,false
BTCUSDT,278,9,2,ABOVE,PHA_GIA,XUYEN_THAT,2,true,true,1,false
BTCUSDT,279,7,1,ABOVE,GIU,CHAN,2,false,false,,
BTCUSDT,280,2,1,ABOVE,PHA_GIA,CHAN,1,true,true,1,false
BTCUSDT,282,4,1,ABOVE,GIU,CHAN,1,false,false,,
BTCUSDT,283,17,2,ABOVE,PHA_GIA,XUYEN_THAT,2,true,true,7,false
BTCUSDT,284,12,2,BELOW,XUYEN_THAT,XUYEN_THAT,1,true,false,4,false
BTCUSDT,285,11,2,ABOVE,XUYEN_THAT,XUYEN_THAT,1,true,false,2,false
BTCUSDT,286,1,1,BELOW,GIU,CHAN,1,false,false,,
BTCUSDT,288,4,1,ABOVE,GIU,CHAN,2,false,false,,
BTCUSDT,289,4,2,BELOW,GIU,XUYEN_THAT,0,false,false,,
BTCUSDT,290,11,2,ABOVE,PHA_GIA,XUYEN_THAT,2,true,true,3,false
BTCUSDT,292,12,2,ABOVE,XUYEN_THAT,XUYEN_THAT,1,true,false,8,false
BTCUSDT,293,4,2,BELOW,PHA_GIA,XUYEN_THAT,1,true,true,2,false
BTCUSDT,295,6,2,ABOVE,GIU,XUYEN_THAT,2,false,false,,
BTCUSDT,296,3,1,ABOVE,GIU,CHAN,0,false,false,,
BTCUSDT,298,5,2,ABOVE,XUYEN_THAT,XUYEN_THAT,1,true,false,0,false
BTCUSDT,299,4,2,BELOW,GIU,XUYEN_THAT,0,false,false,,
BTCUSDT,300,1,1,BELOW,XUYEN_THAT,XUYEN_THAT,0,true,false,0,false
BTCUSDT,301,20,2,BELOW,XUYEN_THAT,XUYEN_THAT,1,true,false,1,false
BTCUSDT,302,1,1,BELOW,GIU,CHAN,0,false,false,,
BTCUSDT,304,14,2,ABOVE,XUYEN_THAT,XUYEN_THAT,1,true,false,7,false
BTCUSDT,306,19,2,ABOVE,XUYEN_THAT,XUYEN_THAT,1,true,false,1,true
BTCUSDT,307,1,1,BELOW,GIU,CHAN,2,false,false,,
BTCUSDT,309,4,2,ABOVE,XUYEN_THAT,XUYEN_THAT,1,true,false,3,false
BTCUSDT,311,10,2,ABOVE,PHA_GIA,XUYEN_THAT,1,true,true,0,false
BTCUSDT,312,5,2,BELOW,GIU,XUYEN_THAT,1,false,false,,
BTCUSDT,313,1,1,BELOW,GIU,CHAN,4,false,false,,
BTCUSDT,314,3,1,BELOW,GIU,CHAN,0,false,false,,
BTCUSDT,315,17,2,BELOW,PHA_GIA,XUYEN_THAT,2,true,true,3,false
BTCUSDT,317,4,2,BELOW,PHA_GIA,XUYEN_THAT,2,true,true,1,false
BTCUSDT,318,2,2,ABOVE,XUYEN_THAT,XUYEN_THAT,0,true,false,3,false
BTCUSDT,319,1,1,BELOW,PHA_GIA,CHAN,1,true,true,3,false
BTCUSDT,320,3,1,BELOW,GIU,CHAN,3,false,false,,
BTCUSDT,321,32,2,ABOVE,GIU,XUYEN_THAT,1,false,false,,
BTCUSDT,322,4,1,ABOVE,GIU,XUYEN_THAT,1,false,false,,
BTCUSDT,323,11,2,ABOVE,GIU,XUYEN_THAT,1,false,false,,
BTCUSDT,324,6,2,ABOVE,GIU,XUYEN_THAT,2,false,false,,
BTCUSDT,326,8,1,ABOVE,GIU,CHAN,1,false,false,,
BTCUSDT,327,8,1,BELOW,GIU,CHAN,1,false,false,,
BTCUSDT,328,15,2,BELOW,PHA_GIA,XUYEN_THAT,1,true,true,0,false
BTCUSDT,329,1,1,ABOVE,GIU,CHAN,2,false,false,,
BTCUSDT,330,6,2,ABOVE,XUYEN_THAT,XUYEN_THAT,1,true,false,0,false
BTCUSDT,331,3,2,BELOW,PHA_GIA,CHAN,2,true,true,2,false
BTCUSDT,332,1,1,ABOVE,GIU,CHAN,0,false,false,,
BTCUSDT,333,7,2,ABOVE,PHA_GIA,XUYEN_THAT,1,true,true,6,false
BTCUSDT,334,11,2,ABOVE,PHA_GIA,XUYEN_THAT,2,true,true,1,false
BTCUSDT,335,2,1,BELOW,PHA_GIA,CHAN,1,true,true,3,false
BTCUSDT,337,3,1,BELOW,GIU,CHAN,2,false,false,,
BTCUSDT,338,4,2,ABOVE,XUYEN_THAT,XUYEN_THAT,2,true,false,6,false
BTCUSDT,344,2,1,ABOVE,GIU,CHAN,2,false,false,,
BTCUSDT,345,34,2,ABOVE,GIU,XUYEN_THAT,2,false,false,,
BTCUSDT,346,4,2,BELOW,XUYEN_THAT,XUYEN_THAT,3,true,false,6,false
BTCUSDT,347,11,2,ABOVE,PHA_GIA,XUYEN_THAT,1,true,true,0,false
BTCUSDT,348,3,2,ABOVE,PHA_GIA,CHAN,1,true,true,1,false
BTCUSDT,349,5,2,BELOW,GIU,CHAN,3,false,false,,
BTCUSDT,351,11,2,ABOVE,GIU,XUYEN_THAT,1,false,false,,
BTCUSDT,354,12,2,BELOW,GIU,XUYEN_THAT,1,false,false,,
BTCUSDT,355,6,2,ABOVE,XUYEN_THAT,XUYEN_THAT,1,true,false,0,false
BTCUSDT,356,8,2,BELOW,GIU,CHAN,2,false,false,,
BTCUSDT,358,3,1,ABOVE,GIU,CHAN,2,false,false,,
BTCUSDT,359,21,2,ABOVE,GIU,XUYEN_THAT,1,false,false,,
BTCUSDT,361,5,2,BELOW,PHA_GIA,XUYEN_THAT,2,true,true,3,false
BTCUSDT,362,5,2,ABOVE,PHA_GIA,XUYEN_THAT,1,true,true,0,false
BTCUSDT,364,3,1,BELOW,GIU,CHAN,2,false,false,,
BTCUSDT,365,13,2,BELOW,XUYEN_THAT,XUYEN_THAT,3,true,false,1,false
BTCUSDT,367,7,1,BELOW,GIU,XUYEN_THAT,1,false,false,,
BTCUSDT,368,2,2,BELOW,PHA_GIA,XUYEN_THAT,1,true,true,1,false
BTCUSDT,369,7,2,BELOW,PHA_GIA,XUYEN_THAT,1,true,true,0,false
BTCUSDT,370,8,2,ABOVE,XUYEN_THAT,XUYEN_THAT,3,true,false,2,false
BTCUSDT,371,3,2,BELOW,XUYEN_THAT,XUYEN_THAT,1,true,false,2,false
BTCUSDT,373,2,1,ABOVE,GIU,CHAN,1,false,false,,
BTCUSDT,374,26,2,ABOVE,GIU,XUYEN_THAT,2,false,false,,
BTCUSDT,375,6,2,BELOW,GIU,XUYEN_THAT,3,false,false,,
BTCUSDT,377,3,1,ABOVE,XUYEN_THAT,XUYEN_THAT,0,true,false,0,false
BTCUSDT,378,22,2,BELOW,GIU,XUYEN_THAT,1,false,false,,
BTCUSDT,379,11,2,BELOW,PHA_GIA,XUYEN_THAT,1,true,true,2,false
BTCUSDT,380,13,2,ABOVE,GIU,XUYEN_THAT,2,false,false,,
BTCUSDT,381,2,1,BELOW,GIU,CHAN,2,false,false,,
BTCUSDT,383,5,2,ABOVE,PHA_GIA,XUYEN_THAT,1,true,true,0,false
BTCUSDT,384,2,2,BELOW,PHA_GIA,CHAN,1,true,true,1,false
BTCUSDT,385,25,2,ABOVE,XUYEN_THAT,XUYEN_THAT,1,true,false,4,false
BTCUSDT,386,5,1,ABOVE,XUYEN_THAT,XUYEN_THAT,0,true,false,0,false
BTCUSDT,387,1,1,ABOVE,PHA_GIA,CHAN,0,true,true,0,false
BTCUSDT,388,18,2,ABOVE,XUYEN_THAT,XUYEN_THAT,2,true,false,3,false
BTCUSDT,390,1,1,BELOW,GIU,CHAN,3,false,false,,
BTCUSDT,391,22,2,BELOW,PHA_GIA,XUYEN_THAT,2,true,true,0,false
BTCUSDT,392,29,2,BELOW,XUYEN_THAT,XUYEN_THAT,0,true,false,0,false
BTCUSDT,394,9,2,ABOVE,GIU,XUYEN_THAT,2,false,false,,
BTCUSDT,395,4,1,BELOW,GIU,CHAN,2,false,false,,
BTCUSDT,396,2,2,BELOW,PHA_GIA,XUYEN_THAT,0,true,true,0,false
BTCUSDT,398,2,1,ABOVE,GIU,CHAN,1,false,false,,
BTCUSDT,399,7,2,ABOVE,PHA_GIA,XUYEN_THAT,1,true,true,0,false
BTCUSDT,400,9,2,ABOVE,GIU,CHAN,2,false,false,,
BTCUSDT,401,17,2,BELOW,GIU,XUYEN_THAT,2,false,false,,
BTCUSDT,402,6,2,ABOVE,XUYEN_THAT,XUYEN_THAT,1,true,false,1,false
BTCUSDT,403,19,2,BELOW,GIU,XUYEN_THAT,3,false,false,,
BTCUSDT,406,14,2,BELOW,GIU,XUYEN_THAT,0,false,false,,
BTCUSDT,407,4,1,ABOVE,GIU,CHAN,2,false,false,,
BTCUSDT,408,7,2,BELOW,XUYEN_THAT,XUYEN_THAT,4,true,false,6,false
BTCUSDT,409,10,1,ABOVE,GIU,CHAN,5,false,false,,
BTCUSDT,410,3,2,BELOW,GIU,CHAN,3,false,false,,
BTCUSDT,411,8,2,BELOW,PHA_GIA,XUYEN_THAT,0,true,true,2,false
BTCUSDT,417,2,1,BELOW,XUYEN_THAT,XUYEN_THAT,1,true,false,0,false
BTCUSDT,418,18,2,ABOVE,PHA_GIA,XUYEN_THAT,0,true,true,0,false
BTCUSDT,419,4,2,BELOW,XUYEN_THAT,XUYEN_THAT,2,true,false,2,false
BTCUSDT,420,11,2,BELOW,GIU,XUYEN_THAT,2,false,false,,
BTCUSDT,421,24,2,BELOW,GIU,XUYEN_THAT,2,false,false,,
BTCUSDT,422,2,2,BELOW,PHA_GIA,XUYEN_THAT,3,true,true,0,false
BTCUSDT,423,1,1,BELOW,PHA_GIA,CHAN,0,true,true,0,false
BTCUSDT,425,12,2,BELOW,PHA_GIA,XUYEN_THAT,2,true,true,6,true
BTCUSDT,426,17,2,ABOVE,XUYEN_THAT,XUYEN_THAT,0,true,false,1,false
BTCUSDT,427,19,2,BELOW,PHA_GIA,XUYEN_THAT,1,true,true,0,false
BTCUSDT,428,7,2,BELOW,PHA_GIA,XUYEN_THAT,3,true,true,3,false
BTCUSDT,429,1,1,ABOVE,XUYEN_THAT,XUYEN_THAT,1,true,false,0,false
BTCUSDT,430,7,1,BELOW,GIU,CHAN,3,false,false,,
BTCUSDT,431,8,1,BELOW,GIU,CHAN,2,false,false,,
BTCUSDT,432,11,2,ABOVE,GIU,XUYEN_THAT,2,false,false,,
BTCUSDT,433,1,1,BELOW,GIU,CHAN,1,false,false,,
BTCUSDT,435,3,1,BELOW,GIU,CHAN,2,false,false,,
BTCUSDT,436,3,2,ABOVE,XUYEN_THAT,XUYEN_THAT,3,true,false,1,false
BTCUSDT,437,2,1,BELOW,GIU,CHAN,2,false,false,,
BTCUSDT,439,3,2,ABOVE,PHA_GIA,CHAN,1,true,true,2,false
BTCUSDT,440,19,2,BELOW,GIU,CHAN,2,false,false,,
BTCUSDT,441,4,1,ABOVE,GIU,CHAN,0,false,false,,
BTCUSDT,442,12,2,ABOVE,GIU,XUYEN_THAT,1,false,false,,
BTCUSDT,443,1,1,BELOW,GIU,CHAN,1,false,false,,
BTCUSDT,444,3,2,BELOW,PHA_GIA,CHAN,0,true,true,3,false
BTCUSDT,445,2,1,BELOW,XUYEN_THAT,XUYEN_THAT,0,true,false,0,false
BTCUSDT,446,14,2,BELOW,GIU,XUYEN_THAT,2,false,false,,
BTCUSDT,447,1,1,ABOVE,GIU,CHAN,2,false,false,,
BTCUSDT,448,16,2,BELOW,XUYEN_THAT,XUYEN_THAT,1,true,false,7,false
BTCUSDT,450,13,2,ABOVE,GIU,XUYEN_THAT,3,false,false,,
BTCUSDT,451,10,2,ABOVE,PHA_GIA,XUYEN_THAT,0,true,true,4,false
BTCUSDT,452,5,2,ABOVE,GIU,XUYEN_THAT,4,false,false,,
BTCUSDT,453,6,2,BELOW,XUYEN_THAT,XUYEN_THAT,1,true,false,0,false
BTCUSDT,454,2,1,BELOW,GIU,CHAN,0,false,false,,
BTCUSDT,455,1,1,BELOW,GIU,CHAN,1,false,false,,
BTCUSDT,458,7,2,ABOVE,GIU,CHAN,1,false,false,,
BTCUSDT,459,2,2,ABOVE,XUYEN_THAT,XUYEN_THAT,3,true,false,1,false
BTCUSDT,460,1,1,BELOW,PHA_GIA,CHAN,0,true,true,0,false
BTCUSDT,461,5,1,ABOVE,GIU,CHAN,1,false,false,,
BTCUSDT,463,1,1,ABOVE,GIU,CHAN,0,false,false,,
BTCUSDT,464,6,2,ABOVE,GIU,XUYEN_THAT,1,false,false,,
BTCUSDT,465,12,2,ABOVE,XUYEN_THAT,XUYEN_THAT,1,true,false,2,false
BTCUSDT,468,1,1,ABOVE,GIU,CHAN,2,false,false,,
BTCUSDT,469,29,2,ABOVE,PHA_GIA,XUYEN_THAT,2,true,true,6,false
BTCUSDT,470,24,2,ABOVE,XUYEN_THAT,XUYEN_THAT,2,true,false,3,false
BTCUSDT,472,6,2,ABOVE,XUYEN_THAT,XUYEN_THAT,0,true,false,1,false
BTCUSDT,473,1,1,BELOW,PHA_GIA,CHAN,0,true,true,0,false
BTCUSDT,475,1,1,BELOW,XUYEN_THAT,XUYEN_THAT,0,true,false,1,false
BTCUSDT,476,2,1,BELOW,GIU,CHAN,2,false,false,,
BTCUSDT,478,11,2,BELOW,GIU,XUYEN_THAT,3,false,false,,
BTCUSDT,479,4,1,ABOVE,GIU,CHAN,3,false,false,,
BTCUSDT,480,2,2,BELOW,PHA_GIA,XUYEN_THAT,1,true,true,1,false
BTCUSDT,483,2,1,ABOVE,GIU,CHAN,0,false,false,,
BTCUSDT,484,2,1,BELOW,XUYEN_THAT,XUYEN_THAT,0,true,false,0,false
BTCUSDT,485,17,2,ABOVE,GIU,XUYEN_THAT,1,false,false,,
BTCUSDT,486,2,1,ABOVE,PHA_GIA,CHAN,0,true,true,2,false
BTCUSDT,487,5,2,BELOW,GIU,CHAN,3,false,false,,
BTCUSDT,490,11,2,ABOVE,GIU,XUYEN_THAT,2,false,false,,
BTCUSDT,493,9,2,ABOVE,XUYEN_THAT,XUYEN_THAT,1,true,false,2,false
BTCUSDT,494,1,1,ABOVE,XUYEN_THAT,XUYEN_THAT,0,true,false,0,false
BTCUSDT,496,17,2,ABOVE,GIU,XUYEN_THAT,3,false,false,,
BTCUSDT,498,5,2,ABOVE,XUYEN_THAT,XUYEN_THAT,2,true,false,0,false
BTCUSDT,499,12,2,BELOW,GIU,XUYEN_THAT,2,false,false,,
BTCUSDT,503,3,1,ABOVE,GIU,CHAN,1,false,false,,
BTCUSDT,506,3,1,ABOVE,GIU,CHAN,2,false,false,,
BTCUSDT,507,10,2,ABOVE,PHA_GIA,CHAN,0,true,true,1,false
BTCUSDT,508,10,1,ABOVE,GIU,CHAN,1,false,false,,
BTCUSDT,509,6,2,BELOW,XUYEN_THAT,XUYEN_THAT,0,true,false,0,false
BTCUSDT,510,2,1,ABOVE,GIU,CHAN,1,false,false,,
BTCUSDT,512,2,1,BELOW,GIU,CHAN,1,false,false,,
BTCUSDT,513,3,1,BELOW,GIU,CHAN,2,false,false,,
BTCUSDT,514,11,2,ABOVE,XUYEN_THAT,XUYEN_THAT,0,true,false,1,false
BTCUSDT,516,17,2,ABOVE,GIU,CHAN,2,false,false,,
BTCUSDT,517,6,2,BELOW,GIU,CHAN,1,false,false,,
BTCUSDT,518,6,2,ABOVE,PHA_GIA,XUYEN_THAT,1,true,true,8,false
BTCUSDT,519,13,2,BELOW,XUYEN_THAT,XUYEN_THAT,2,true,false,5,false
BTCUSDT,520,4,2,ABOVE,PHA_GIA,XUYEN_THAT,2,true,true,1,false
BTCUSDT,522,3,1,ABOVE,GIU,CHAN,1,false,false,,
BTCUSDT,524,15,2,BELOW,GIU,XUYEN_THAT,2,false,false,,
BTCUSDT,525,13,2,BELOW,GIU,XUYEN_THAT,2,false,false,,
BTCUSDT,526,11,2,ABOVE,PHA_GIA,XUYEN_THAT,0,true,true,0,false
BTCUSDT,527,6,2,ABOVE,GIU,XUYEN_THAT,4,false,false,,
BTCUSDT,528,5,2,ABOVE,PHA_GIA,XUYEN_THAT,0,true,true,1,false
BTCUSDT,529,1,1,ABOVE,GIU,CHAN,2,false,false,,
BTCUSDT,530,8,1,ABOVE,PHA_GIA,CHAN,1,true,true,3,false
BTCUSDT,531,3,2,BELOW,XUYEN_THAT,XUYEN_THAT,0,true,false,1,false
BTCUSDT,532,2,2,ABOVE,PHA_GIA,CHAN,0,true,true,0,false
BTCUSDT,533,4,2,BELOW,PHA_GIA,CHAN,0,true,true,5,false
BTCUSDT,534,2,1,ABOVE,XUYEN_THAT,XUYEN_THAT,2,true,false,1,false
BTCUSDT,535,4,2,ABOVE,PHA_GIA,XUYEN_THAT,2,true,true,2,false
BTCUSDT,536,8,2,BELOW,GIU,XUYEN_THAT,1,false,false,,
BTCUSDT,537,1,1,BELOW,GIU,CHAN,1,false,false,,
BTCUSDT,538,9,2,ABOVE,PHA_GIA,XUYEN_THAT,0,true,true,5,false
BTCUSDT,540,5,1,ABOVE,GIU,CHAN,2,false,false,,
BTCUSDT,541,6,2,BELOW,GIU,CHAN,1,false,false,,
BTCUSDT,542,8,2,BELOW,XUYEN_THAT,XUYEN_THAT,1,true,false,0,false
BTCUSDT,543,16,2,ABOVE,GIU,XUYEN_THAT,1,false,false,,
BTCUSDT,544,6,1,BELOW,GIU,CHAN,1,false,false,,
BTCUSDT,545,11,2,BELOW,PHA_GIA,XUYEN_THAT,1,true,true,1,false
BTCUSDT,546,20,2,BELOW,GIU,XUYEN_THAT,1,false,false,,
BTCUSDT,547,5,2,ABOVE,GIU,XUYEN_THAT,2,false,false,,
BTCUSDT,548,6,2,ABOVE,GIU,XUYEN_THAT,2,false,false,,
BTCUSDT,549,17,2,ABOVE,GIU,XUYEN_THAT,2,false,false,,
BTCUSDT,550,2,2,ABOVE,PHA_GIA,XUYEN_THAT,2,true,true,2,false
BTCUSDT,552,35,2,ABOVE,PHA_GIA,XUYEN_THAT,2,true,true,0,false
BTCUSDT,553,2,1,ABOVE,GIU,CHAN,1,false,false,,
BTCUSDT,554,2,1,BELOW,GIU,CHAN,0,false,false,,
BTCUSDT,555,1,1,BELOW,GIU,CHAN,0,false,false,,
BTCUSDT,556,12,2,ABOVE,GIU,XUYEN_THAT,1,false,false,,
BTCUSDT,557,22,2,BELOW,PHA_GIA,XUYEN_THAT,3,true,true,0,false
BTCUSDT,558,3,1,ABOVE,GIU,CHAN,2,false,false,,
BTCUSDT,559,3,1,BELOW,PHA_GIA,CHAN,1,true,true,6,false
BTCUSDT,560,8,2,ABOVE,GIU,CHAN,3,false,false,,
BTCUSDT,563,24,2,ABOVE,GIU,XUYEN_THAT,1,false,false,,
BTCUSDT,564,16,1,ABOVE,GIU,CHAN,2,false,false,,
BTCUSDT,565,4,1,BELOW,GIU,CHAN,1,false,false,,
BTCUSDT,566,5,1,BELOW,GIU,CHAN,2,false,false,,
BTCUSDT,567,5,2,BELOW,PHA_GIA,XUYEN_THAT,2,true,true,2,false
BTCUSDT,568,4,1,ABOVE,GIU,XUYEN_THAT,2,false,false,,
BTCUSDT,570,3,2,BELOW,XUYEN_THAT,XUYEN_THAT,2,true,false,5,false
BTCUSDT,571,9,2,ABOVE,PHA_GIA,XUYEN_THAT,1,true,true,1,false
BTCUSDT,572,9,2,BELOW,GIU,XUYEN_THAT,1,false,false,,
BTCUSDT,573,6,2,ABOVE,XUYEN_THAT,XUYEN_THAT,2,true,false,2,false
BTCUSDT,575,11,2,ABOVE,PHA_GIA,XUYEN_THAT,2,true,true,2,false
BTCUSDT,576,5,1,ABOVE,GIU,CHAN,3,false,false,,
BTCUSDT,577,11,2,ABOVE,PHA_GIA,XUYEN_THAT,2,true,true,3,false
BTCUSDT,578,5,2,BELOW,GIU,XUYEN_THAT,0,false,false,,
BTCUSDT,580,3,1,BELOW,XUYEN_THAT,XUYEN_THAT,2,true,false,7,false
BTCUSDT,582,4,1,ABOVE,GIU,CHAN,1,false,false,,
BTCUSDT,583,2,1,BELOW,GIU,CHAN,3,false,false,,
BTCUSDT,584,3,2,ABOVE,PHA_GIA,XUYEN_THAT,3,true,true,4,false
BTCUSDT,585,2,1,ABOVE,GIU,CHAN,0,false,false,,
BTCUSDT,586,9,2,ABOVE,PHA_GIA,XUYEN_THAT,3,true,true,4,false
BTCUSDT,589,9,2,ABOVE,GIU,CHAN,1,false,false,,
BTCUSDT,590,3,1,ABOVE,GIU,CHAN,1,false,false,,
BTCUSDT,591,6,2,ABOVE,PHA_GIA,CHAN,0,true,true,0,false
BTCUSDT,594,21,2,ABOVE,GIU,CHAN,1,false,false,,
BTCUSDT,595,2,1,BELOW,GIU,CHAN,1,false,false,,
BTCUSDT,596,9,2,ABOVE,PHA_GIA,XUYEN_THAT,0,true,true,7,false
BTCUSDT,597,3,2,BELOW,XUYEN_THAT,XUYEN_THAT,2,true,false,5,false
BTCUSDT,598,3,1,BELOW,GIU,CHAN,1,false,false,,
BTCUSDT,600,10,2,BELOW,GIU,XUYEN_THAT,1,false,false,,
BTCUSDT,602,6,2,ABOVE,PHA_GIA,XUYEN_THAT,1,true,true,0,false
BTCUSDT,603,14,2,ABOVE,PHA_GIA,XUYEN_THAT,0,true,true,5,false
BTCUSDT,604,1,1,ABOVE,GIU,CHAN,2,false,false,,
BTCUSDT,605,20,2,ABOVE,PHA_GIA,CHAN,1,true,true,1,false
BTCUSDT,606,4,1,BELOW,GIU,CHAN,3,false,false,,
BTCUSDT,607,12,2,BELOW,GIU,XUYEN_THAT,4,false,false,,
BTCUSDT,610,2,1,BELOW,GIU,CHAN,2,false,false,,
BTCUSDT,613,20,2,ABOVE,PHA_GIA,XUYEN_THAT,0,true,true,0,false
BTCUSDT,614,24,2,ABOVE,XUYEN_THAT,XUYEN_THAT,0,true,false,0,false
BTCUSDT,615,8,2,ABOVE,PHA_GIA,XUYEN_THAT,1,true,true,0,false
BTCUSDT,616,4,1,ABOVE,XUYEN_THAT,XUYEN_THAT,0,true,false,0,false
BTCUSDT,617,5,2,ABOVE,PHA_GIA,CHAN,1,true,true,3,false
BTCUSDT,618,2,2,ABOVE,XUYEN_THAT,XUYEN_THAT,2,true,false,2,false
BTCUSDT,619,4,1,ABOVE,GIU,CHAN,1,false,false,,
BTCUSDT,620,5,2,ABOVE,PHA_GIA,CHAN,2,true,true,5,false
BTCUSDT,621,2,1,ABOVE,PHA_GIA,CHAN,4,true,true,3,false
BTCUSDT,624,2,2,BELOW,XUYEN_THAT,XUYEN_THAT,0,true,false,4,false
BTCUSDT,625,1,1,BELOW,GIU,CHAN,3,false,false,,
BTCUSDT,627,2,1,BELOW,GIU,CHAN,2,false,false,,
BTCUSDT,628,1,1,BELOW,PHA_GIA,CHAN,0,true,true,0,false
BTCUSDT,629,10,2,BELOW,PHA_GIA,XUYEN_THAT,2,true,true,1,false
BTCUSDT,630,4,2,BELOW,PHA_GIA,CHAN,2,true,true,8,false
BTCUSDT,631,2,1,BELOW,GIU,CHAN,2,false,false,,
BTCUSDT,632,2,1,ABOVE,GIU,CHAN,1,false,false,,
BTCUSDT,634,10,2,ABOVE,PHA_GIA,XUYEN_THAT,2,true,true,7,false
BTCUSDT,636,6,1,ABOVE,GIU,CHAN,3,false,false,,
BTCUSDT,637,4,2,ABOVE,PHA_GIA,XUYEN_THAT,0,true,true,0,false
BTCUSDT,638,7,2,BELOW,GIU,XUYEN_THAT,1,false,false,,
BTCUSDT,639,13,2,ABOVE,XUYEN_THAT,XUYEN_THAT,3,true,false,1,false
BTCUSDT,642,12,2,BELOW,PHA_GIA,XUYEN_THAT,1,true,true,0,false
BTCUSDT,643,23,2,BELOW,GIU,XUYEN_THAT,2,false,false,,
BTCUSDT,644,2,1,BELOW,PHA_GIA,CHAN,2,true,true,6,false
BTCUSDT,646,1,1,ABOVE,XUYEN_THAT,XUYEN_THAT,0,true,false,2,false
BTCUSDT,647,5,2,BELOW,XUYEN_THAT,XUYEN_THAT,1,true,false,3,false
BTCUSDT,648,11,2,BELOW,XUYEN_THAT,XUYEN_THAT,0,true,false,0,false
BTCUSDT,649,3,1,ABOVE,XUYEN_THAT,XUYEN_THAT,1,true,false,0,false
BTCUSDT,651,3,1,ABOVE,GIU,CHAN,1,false,false,,
BTCUSDT,652,2,1,ABOVE,GIU,CHAN,1,false,false,,
BTCUSDT,653,17,2,ABOVE,PHA_GIA,XUYEN_THAT,3,true,true,7,false
BTCUSDT,655,13,2,BELOW,PHA_GIA,XUYEN_THAT,3,true,true,6,false
BTCUSDT,656,6,2,BELOW,XUYEN_THAT,XUYEN_THAT,0,true,false,1,false
BTCUSDT,657,5,1,ABOVE,GIU,CHAN,2,false,false,,
BTCUSDT,659,9,2,ABOVE,PHA_GIA,XUYEN_THAT,1,true,true,2,false
BTCUSDT,662,7,2,BELOW,XUYEN_THAT,XUYEN_THAT,0,true,false,0,false
BTCUSDT,663,13,2,BELOW,GIU,XUYEN_THAT,1,false,false,,
BTCUSDT,664,3,2,ABOVE,PHA_GIA,CHAN,2,true,true,1,false
BTCUSDT,665,2,1,ABOVE,GIU,CHAN,2,false,false,,
BTCUSDT,666,15,2,ABOVE,GIU,XUYEN_THAT,3,false,false,,
BTCUSDT,667,4,2,BELOW,PHA_GIA,CHAN,2,true,true,6,false
BTCUSDT,668,1,1,BELOW,GIU,CHAN,3,false,false,,
BTCUSDT,669,8,2,ABOVE,XUYEN_THAT,XUYEN_THAT,2,true,false,7,false
BTCUSDT,671,2,2,BELOW,XUYEN_THAT,XUYEN_THAT,1,true,false,0,false
BTCUSDT,673,1,1,ABOVE,XUYEN_THAT,XUYEN_THAT,1,true,false,0,false
BTCUSDT,674,22,2,BELOW,PHA_GIA,XUYEN_THAT,0,true,true,0,false
BTCUSDT,675,11,2,BELOW,PHA_GIA,XUYEN_THAT,2,true,true,1,false
BTCUSDT,676,16,2,BELOW,PHA_GIA,XUYEN_THAT,3,true,true,2,false
BTCUSDT,677,10,2,ABOVE,PHA_GIA,XUYEN_THAT,1,true,true,0,false
BTCUSDT,679,4,2,BELOW,PHA_GIA,CHAN,2,true,true,5,false
BTCUSDT,680,1,1,ABOVE,PHA_GIA,CHAN,1,true,true,0,false
BTCUSDT,682,5,2,ABOVE,XUYEN_THAT,XUYEN_THAT,3,true,false,0,false
BTCUSDT,683,38,2,BELOW,PHA_GIA,XUYEN_THAT,2,true,true,2,false
BTCUSDT,684,1,1,ABOVE,GIU,CHAN,2,false,false,,
BTCUSDT,685,7,2,BELOW,PHA_GIA,CHAN,1,true,true,0,false
BTCUSDT,688,1,1,BELOW,GIU,CHAN,3,false,false,,
BTCUSDT,689,17,2,BELOW,GIU,XUYEN_THAT,3,false,false,,
BTCUSDT,690,3,1,ABOVE,GIU,XUYEN_THAT,2,false,false,,
BTCUSDT,691,34,2,ABOVE,GIU,XUYEN_THAT,1,false,false,,
BTCUSDT,692,12,2,ABOVE,GIU,XUYEN_THAT,1,false,false,,
BTCUSDT,694,4,2,ABOVE,GIU,CHAN,2,false,false,,
BTCUSDT,695,8,2,BELOW,PHA_GIA,CHAN,3,true,true,7,false
BTCUSDT,696,10,2,ABOVE,XUYEN_THAT,XUYEN_THAT,3,true,false,4,false
BTCUSDT,698,6,2,BELOW,PHA_GIA,XUYEN_THAT,2,true,true,1,false
BTCUSDT,699,1,1,BELOW,GIU,CHAN,2,false,false,,
BTCUSDT,700,4,2,BELOW,XUYEN_THAT,XUYEN_THAT,2,true,false,2,false
BTCUSDT,702,3,2,BELOW,PHA_GIA,XUYEN_THAT,0,true,true,2,false
BTCUSDT,704,3,2,BELOW,PHA_GIA,CHAN,3,true,true,0,false
BTCUSDT,705,2,1,ABOVE,GIU,XUYEN_THAT,2,false,false,,
BTCUSDT,706,7,2,ABOVE,PHA_GIA,CHAN,3,true,true,7,false
BTCUSDT,707,2,1,BELOW,PHA_GIA,CHAN,2,true,true,2,false
BTCUSDT,708,5,2,ABOVE,XUYEN_THAT,XUYEN_THAT,0,true,false,0,false
BTCUSDT,709,10,2,ABOVE,PHA_GIA,XUYEN_THAT,2,true,true,1,false
BTCUSDT,710,19,2,BELOW,PHA_GIA,XUYEN_THAT,3,true,true,6,false
BTCUSDT,711,1,1,ABOVE,XUYEN_THAT,XUYEN_THAT,0,true,false,0,false
BTCUSDT,712,9,2,ABOVE,GIU,XUYEN_THAT,3,false,false,,
BTCUSDT,713,3,2,BELOW,GIU,CHAN,2,false,false,,
BTCUSDT,715,2,1,BELOW,GIU,CHAN,0,false,false,,
BTCUSDT,716,3,2,ABOVE,XUYEN_THAT,XUYEN_THAT,1,true,false,0,false
BTCUSDT,717,4,1,BELOW,GIU,CHAN,1,false,false,,
BTCUSDT,720,14,2,ABOVE,PHA_GIA,XUYEN_THAT,2,true,true,3,false
BTCUSDT,721,1,1,BELOW,GIU,CHAN,2,false,false,,
BTCUSDT,722,12,2,BELOW,XUYEN_THAT,XUYEN_THAT,2,true,false,7,false
BTCUSDT,723,5,2,BELOW,PHA_GIA,CHAN,2,true,true,1,false
BTCUSDT,724,26,2,BELOW,PHA_GIA,XUYEN_THAT,3,true,true,8,false
BTCUSDT,725,6,2,ABOVE,XUYEN_THAT,XUYEN_THAT,1,true,false,0,false
BTCUSDT,727,1,1,BELOW,GIU,CHAN,3,false,false,,
BTCUSDT,729,2,2,BELOW,XUYEN_THAT,XUYEN_THAT,1,true,false,2,false
BTCUSDT,730,11,2,BELOW,GIU,XUYEN_THAT,1,false,false,,
BTCUSDT,731,3,1,BELOW,GIU,CHAN,1,false,false,,
BTCUSDT,733,12,2,ABOVE,PHA_GIA,XUYEN_THAT,1,true,true,1,false
BTCUSDT,734,18,2,ABOVE,GIU,XUYEN_THAT,0,false,false,,
BTCUSDT,735,5,2,BELOW,GIU,XUYEN_THAT,2,false,false,,
BTCUSDT,736,12,2,BELOW,XUYEN_THAT,XUYEN_THAT,1,true,false,1,true
BTCUSDT,737,12,2,BELOW,GIU,CHAN,2,false,false,,
BTCUSDT,738,1,1,ABOVE,XUYEN_THAT,XUYEN_THAT,0,true,false,0,false
BTCUSDT,739,1,1,BELOW,GIU,CHAN,2,false,false,,
BTCUSDT,740,26,2,BELOW,XUYEN_THAT,XUYEN_THAT,2,true,false,1,false
BTCUSDT,741,1,1,ABOVE,GIU,CHAN,3,false,false,,
BTCUSDT,742,6,2,ABOVE,PHA_GIA,XUYEN_THAT,2,true,true,1,false
BTCUSDT,743,4,2,BELOW,XUYEN_THAT,XUYEN_THAT,3,true,false,1,false
BTCUSDT,744,9,2,ABOVE,GIU,XUYEN_THAT,1,false,false,,
BTCUSDT,746,4,1,ABOVE,GIU,CHAN,1,false,false,,
BTCUSDT,747,1,1,BELOW,GIU,CHAN,4,false,false,,
BTCUSDT,750,1,1,ABOVE,PHA_GIA,CHAN,0,true,true,0,false
BTCUSDT,751,4,2,BELOW,GIU,CHAN,3,false,false,,
BTCUSDT,752,3,1,BELOW,XUYEN_THAT,XUYEN_THAT,2,true,false,7,false
BTCUSDT,753,7,2,ABOVE,PHA_GIA,CHAN,3,true,true,2,false
BTCUSDT,754,8,2,ABOVE,GIU,XUYEN_THAT,1,false,false,,
BTCUSDT,755,12,2,ABOVE,PHA_GIA,CHAN,0,true,true,3,false
BTCUSDT,759,1,1,ABOVE,GIU,CHAN,0,false,false,,
BTCUSDT,760,1,1,ABOVE,GIU,CHAN,1,false,false,,
BTCUSDT,762,2,2,BELOW,XUYEN_THAT,XUYEN_THAT,1,true,false,2,false
BTCUSDT,763,4,2,BELOW,XUYEN_THAT,XUYEN_THAT,1,true,false,2,false
BTCUSDT,764,10,2,ABOVE,PHA_GIA,CHAN,0,true,true,8,false
BTCUSDT,765,19,2,ABOVE,GIU,XUYEN_THAT,1,false,false,,
BTCUSDT,767,2,1,ABOVE,GIU,CHAN,0,false,false,,
BTCUSDT,768,9,2,BELOW,XUYEN_THAT,XUYEN_THAT,2,true,false,2,false
BTCUSDT,769,13,1,BELOW,GIU,CHAN,2,false,false,,
BTCUSDT,772,15,2,ABOVE,PHA_GIA,XUYEN_THAT,2,true,true,2,false
BTCUSDT,773,9,2,ABOVE,PHA_GIA,XUYEN_THAT,1,true,true,5,false
BTCUSDT,774,15,2,BELOW,GIU,XUYEN_THAT,3,false,false,,
BTCUSDT,775,3,1,ABOVE,GIU,CHAN,3,false,false,,
BTCUSDT,778,5,2,ABOVE,PHA_GIA,XUYEN_THAT,1,true,true,0,false
BTCUSDT,779,19,2,BELOW,GIU,XUYEN_THAT,3,false,false,,
BTCUSDT,781,3,2,BELOW,XUYEN_THAT,XUYEN_THAT,1,true,false,1,false
BTCUSDT,782,16,2,ABOVE,PHA_GIA,CHAN,2,true,true,8,false
BTCUSDT,783,3,1,BELOW,GIU,CHAN,1,false,false,,
BTCUSDT,784,2,1,BELOW,GIU,CHAN,1,false,false,,
BTCUSDT,785,18,2,ABOVE,GIU,XUYEN_THAT,1,false,false,,
BTCUSDT,787,10,2,BELOW,GIU,CHAN,3,false,false,,
BTCUSDT,788,3,2,ABOVE,PHA_GIA,CHAN,2,true,true,1,false
BTCUSDT,789,1,1,BELOW,XUYEN_THAT,XUYEN_THAT,0,true,false,0,false
BTCUSDT,791,12,2,BELOW,GIU,XUYEN_THAT,2,false,false,,
BTCUSDT,792,1,1,BELOW,GIU,CHAN,2,false,false,,
BTCUSDT,794,10,2,ABOVE,GIU,XUYEN_THAT,1,false,false,,
BTCUSDT,795,11,2,ABOVE,XUYEN_THAT,XUYEN_THAT,3,true,false,7,false
BTCUSDT,796,24,2,BELOW,GIU,XUYEN_THAT,2,false,false,,
BTCUSDT,797,1,1,ABOVE,GIU,CHAN,2,false,false,,
BTCUSDT,798,1,1,BELOW,GIU,CHAN,1,false,false,,
BTCUSDT,799,3,2,BELOW,XUYEN_THAT,XUYEN_THAT,1,true,false,3,true
BTCUSDT,800,7,2,BELOW,GIU,XUYEN_THAT,2,false,false,,
BTCUSDT,801,2,1,BELOW,GIU,CHAN,2,false,false,,
BTCUSDT,803,2,2,BELOW,XUYEN_THAT,XUYEN_THAT,0,true,false,1,false
BTCUSDT,806,25,2,ABOVE,PHA_GIA,XUYEN_THAT,2,true,true,8,false
BTCUSDT,807,7,2,BELOW,XUYEN_THAT,XUYEN_THAT,2,true,false,3,false
BTCUSDT,809,16,2,BELOW,XUYEN_THAT,XUYEN_THAT,1,true,false,3,false
BTCUSDT,810,2,1,BELOW,GIU,CHAN,2,false,false,,
BTCUSDT,811,16,2,BELOW,PHA_GIA,XUYEN_THAT,0,true,true,1,false
BTCUSDT,815,31,2,BELOW,PHA_GIA,XUYEN_THAT,3,true,true,6,false
BTCUSDT,816,1,1,ABOVE,XUYEN_THAT,XUYEN_THAT,2,true,false,1,false
BTCUSDT,817,10,2,BELOW,PHA_GIA,XUYEN_THAT,3,true,true,3,false
BTCUSDT,818,1,1,BELOW,GIU,CHAN,2,false,false,,
BTCUSDT,819,5,2,BELOW,XUYEN_THAT,XUYEN_THAT,3,true,false,2,false
BTCUSDT,820,8,2,BELOW,XUYEN_THAT,XUYEN_THAT,0,true,false,6,false
BTCUSDT,822,13,2,BELOW,GIU,XUYEN_THAT,3,false,false,,
BTCUSDT,823,2,1,ABOVE,XUYEN_THAT,XUYEN_THAT,1,true,false,1,false
BTCUSDT,824,4,2,BELOW,GIU,CHAN,2,false,false,,
BTCUSDT,825,3,1,ABOVE,PHA_GIA,CHAN,3,true,true,6,false
BTCUSDT,826,4,1,BELOW,GIU,CHAN,2,false,false,,
BTCUSDT,827,3,2,ABOVE,PHA_GIA,CHAN,4,true,true,3,false
BTCUSDT,828,19,2,ABOVE,GIU,XUYEN_THAT,3,false,false,,
BTCUSDT,829,1,1,ABOVE,GIU,CHAN,2,false,false,,
BTCUSDT,830,2,1,ABOVE,GIU,CHAN,3,false,false,,
BTCUSDT,831,9,2,BELOW,XUYEN_THAT,XUYEN_THAT,2,true,false,3,false
BTCUSDT,832,1,1,ABOVE,PHA_GIA,CHAN,1,true,true,0,false
BTCUSDT,833,6,2,ABOVE,XUYEN_THAT,XUYEN_THAT,0,true,false,1,false
BTCUSDT,834,8,2,BELOW,GIU,XUYEN_THAT,3,false,false,,
BTCUSDT,835,8,2,ABOVE,PHA_GIA,XUYEN_THAT,1,true,true,1,false
BTCUSDT,837,2,1,BELOW,GIU,CHAN,2,false,false,,
BTCUSDT,838,13,2,ABOVE,XUYEN_THAT,XUYEN_THAT,1,true,false,0,false
BTCUSDT,839,21,2,BELOW,XUYEN_THAT,XUYEN_THAT,2,true,false,2,false
BTCUSDT,841,3,1,BELOW,GIU,XUYEN_THAT,2,false,false,,
BTCUSDT,842,3,2,ABOVE,PHA_GIA,CHAN,1,true,true,0,false
BTCUSDT,843,8,2,BELOW,PHA_GIA,CHAN,2,true,true,1,false
BTCUSDT,845,5,2,ABOVE,GIU,CHAN,1,false,false,,
BTCUSDT,847,10,2,ABOVE,GIU,XUYEN_THAT,0,false,false,,
BTCUSDT,848,14,2,BELOW,XUYEN_THAT,XUYEN_THAT,1,true,false,0,false
BTCUSDT,849,10,2,BELOW,GIU,CHAN,2,false,false,,
BTCUSDT,851,16,2,ABOVE,PHA_GIA,XUYEN_THAT,1,true,true,1,false
BTCUSDT,852,3,2,ABOVE,PHA_GIA,XUYEN_THAT,0,true,true,0,false
BTCUSDT,854,3,1,BELOW,GIU,CHAN,1,false,false,,
BTCUSDT,855,6,2,BELOW,XUYEN_THAT,XUYEN_THAT,2,true,false,2,false
BTCUSDT,856,16,2,ABOVE,GIU,XUYEN_THAT,2,false,false,,
BTCUSDT,857,6,2,ABOVE,GIU,XUYEN_THAT,2,false,false,,
BTCUSDT,858,3,1,BELOW,GIU,XUYEN_THAT,2,false,false,,
BTCUSDT,859,8,2,ABOVE,PHA_GIA,XUYEN_THAT,2,true,true,1,false
BTCUSDT,860,16,2,ABOVE,GIU,XUYEN_THAT,1,false,false,,
BTCUSDT,861,60,2,ABOVE,GIU,XUYEN_THAT,4,false,false,,
BTCUSDT,862,9,2,ABOVE,PHA_GIA,XUYEN_THAT,0,true,true,0,false
BTCUSDT,864,3,2,BELOW,XUYEN_THAT,XUYEN_THAT,2,true,false,1,false
BTCUSDT,865,3,1,BELOW,GIU,CHAN,0,false,false,,
BTCUSDT,868,37,2,ABOVE,PHA_GIA,XUYEN_THAT,2,true,true,1,false
BTCUSDT,869,19,2,BELOW,XUYEN_THAT,XUYEN_THAT,0,true,false,8,false
BTCUSDT,870,20,2,BELOW,GIU,XUYEN_THAT,1,false,false,,
BTCUSDT,871,6,2,BELOW,PHA_GIA,XUYEN_THAT,2,true,true,6,false
BTCUSDT,872,5,2,BELOW,PHA_GIA,XUYEN_THAT,1,true,true,0,false
BTCUSDT,873,5,2,BELOW,GIU,XUYEN_THAT,3,false,false,,
BTCUSDT,874,1,1,BELOW,PHA_GIA,CHAN,2,true,true,2,false
BTCUSDT,875,7,2,ABOVE,XUYEN_THAT,XUYEN_THAT,1,true,false,3,false
BTCUSDT,877,8,2,ABOVE,GIU,XUYEN_THAT,2,false,false,,
BTCUSDT,878,2,1,BELOW,GIU,CHAN,2,false,false,,
BTCUSDT,879,5,2,ABOVE,PHA_GIA,CHAN,0,true,true,0,false
BTCUSDT,880,1,1,BELOW,GIU,CHAN,1,false,false,,
BTCUSDT,881,14,2,ABOVE,GIU,XUYEN_THAT,3,false,false,,
BTCUSDT,883,2,1,ABOVE,PHA_GIA,CHAN,1,true,true,8,false
BTCUSDT,884,12,2,ABOVE,GIU,XUYEN_THAT,0,false,false,,
BTCUSDT,885,18,2,BELOW,GIU,XUYEN_THAT,1,false,false,,
BTCUSDT,886,11,2,BELOW,XUYEN_THAT,XUYEN_THAT,0,true,false,0,false
BTCUSDT,887,7,2,ABOVE,XUYEN_THAT,XUYEN_THAT,2,true,false,2,false
BTCUSDT,890,3,2,ABOVE,PHA_GIA,CHAN,1,true,true,2,false
BTCUSDT,891,21,2,BELOW,GIU,XUYEN_THAT,0,false,false,,
BTCUSDT,894,8,1,BELOW,GIU,CHAN,1,false,false,,
BTCUSDT,896,5,1,BELOW,GIU,CHAN,1,false,false,,
BTCUSDT,897,1,1,BELOW,XUYEN_THAT,XUYEN_THAT,2,true,false,4,false
BTCUSDT,898,4,2,ABOVE,PHA_GIA,XUYEN_THAT,2,true,true,3,false
BTCUSDT,899,11,2,BELOW,GIU,XUYEN_THAT,1,false,false,,
BTCUSDT,900,4,2,ABOVE,GIU,XUYEN_THAT,1,false,false,,
BTCUSDT,903,5,2,ABOVE,XUYEN_THAT,XUYEN_THAT,1,true,false,3,false
BTCUSDT,904,6,1,BELOW,GIU,CHAN,1,false,false,,
BTCUSDT,905,2,1,BELOW,XUYEN_THAT,XUYEN_THAT,1,true,false,3,false
BTCUSDT,906,9,2,ABOVE,GIU,XUYEN_THAT,1,false,false,,
BTCUSDT,907,8,1,ABOVE,GIU,CHAN,3,false,false,,
BTCUSDT,908,1,1,ABOVE,PHA_GIA,CHAN,0,true,true,0,false
BTCUSDT,909,8,2,BELOW,GIU,XUYEN_THAT,3,false,false,,
BTCUSDT,910,10,2,BELOW,PHA_GIA,XUYEN_THAT,0,true,true,7,false
BTCUSDT,911,19,2,BELOW,GIU,XUYEN_THAT,2,false,false,,
BTCUSDT,912,2,1,BELOW,GIU,CHAN,1,false,false,,
BTCUSDT,913,8,2,BELOW,PHA_GIA,XUYEN_THAT,2,true,true,2,false
BTCUSDT,915,3,1,BELOW,XUYEN_THAT,XUYEN_THAT,1,true,false,2,true
BTCUSDT,917,11,2,ABOVE,PHA_GIA,XUYEN_THAT,2,true,true,2,false
BTCUSDT,918,25,2,ABOVE,GIU,XUYEN_THAT,0,false,false,,
BTCUSDT,919,5,2,BELOW,PHA_GIA,CHAN,1,true,true,5,false
BTCUSDT,920,2,1,ABOVE,XUYEN_THAT,XUYEN_THAT,1,true,false,0,false
BTCUSDT,921,5,2,ABOVE,PHA_GIA,XUYEN_THAT,3,true,true,3,false
BTCUSDT,922,6,1,BELOW,GIU,CHAN,3,false,false,,
BTCUSDT,923,4,2,ABOVE,GIU,XUYEN_THAT,2,false,false,,
BTCUSDT,924,3,2,ABOVE,PHA_GIA,XUYEN_THAT,1,true,true,1,false
BTCUSDT,925,7,2,ABOVE,PHA_GIA,XUYEN_THAT,3,true,true,3,false
BTCUSDT,927,1,1,BELOW,PHA_GIA,CHAN,1,true,true,1,false
BTCUSDT,928,1,1,ABOVE,XUYEN_THAT,XUYEN_THAT,0,true,false,4,false
BTCUSDT,929,2,1,BELOW,GIU,CHAN,4,false,false,,
BTCUSDT,930,1,1,BELOW,GIU,CHAN,2,false,false,,
BTCUSDT,931,29,2,BELOW,PHA_GIA,XUYEN_THAT,2,true,true,1,false
BTCUSDT,932,11,2,ABOVE,GIU,XUYEN_THAT,2,false,false,,
BTCUSDT,933,20,2,BELOW,GIU,XUYEN_THAT,2,false,false,,
BTCUSDT,934,4,2,ABOVE,PHA_GIA,CHAN,1,true,true,0,false
BTCUSDT,936,11,2,ABOVE,XUYEN_THAT,XUYEN_THAT,2,true,false,2,false
BTCUSDT,939,3,2,BELOW,PHA_GIA,XUYEN_THAT,0,true,true,2,false
BTCUSDT,940,6,2,ABOVE,GIU,XUYEN_THAT,3,false,false,,
BTCUSDT,941,4,2,BELOW,XUYEN_THAT,XUYEN_THAT,2,true,false,2,false
BTCUSDT,942,8,2,ABOVE,PHA_GIA,XUYEN_THAT,0,true,true,2,false
BTCUSDT,943,1,1,ABOVE,PHA_GIA,CHAN,1,true,true,1,false
BTCUSDT,945,2,2,BELOW,PHA_GIA,CHAN,0,true,true,0,false
BTCUSDT,946,1,1,BELOW,GIU,CHAN,2,false,false,,
BTCUSDT,949,29,2,BELOW,PHA_GIA,XUYEN_THAT,1,true,true,1,false
BTCUSDT,950,2,1,ABOVE,GIU,CHAN,3,false,false,,
BTCUSDT,951,9,2,ABOVE,GIU,XUYEN_THAT,1,false,false,,
BTCUSDT,952,3,2,BELOW,PHA_GIA,CHAN,1,true,true,3,false
BTCUSDT,953,19,2,ABOVE,GIU,XUYEN_THAT,2,false,false,,
BTCUSDT,955,1,1,ABOVE,GIU,CHAN,3,false,false,,
BTCUSDT,956,15,2,ABOVE,GIU,XUYEN_THAT,1,false,false,,
BTCUSDT,958,2,1,BELOW,GIU,CHAN,3,false,false,,
BTCUSDT,959,1,1,ABOVE,XUYEN_THAT,XUYEN_THAT,3,true,false,1,false
BTCUSDT,960,1,1,ABOVE,GIU,CHAN,2,false,false,,
BTCUSDT,962,4,1,ABOVE,PHA_GIA,CHAN,1,true,true,0,false
BTCUSDT,964,13,2,BELOW,GIU,XUYEN_THAT,1,false,false,,
BTCUSDT,965,1,1,BELOW,XUYEN_THAT,XUYEN_THAT,0,true,false,0,false
BTCUSDT,966,7,2,ABOVE,PHA_GIA,XUYEN_THAT,1,true,true,4,false
BTCUSDT,967,5,2,BELOW,XUYEN_THAT,XUYEN_THAT,1,true,false,1,false
BTCUSDT,968,3,2,ABOVE,XUYEN_THAT,XUYEN_THAT,3,true,false,6,true
BTCUSDT,969,12,2,ABOVE,GIU,XUYEN_THAT,4,false,false,,
BTCUSDT,970,5,1,BELOW,GIU,CHAN,1,false,false,,
BTCUSDT,971,19,2,BELOW,XUYEN_THAT,XUYEN_THAT,1,true,false,1,false
BTCUSDT,972,2,2,BELOW,PHA_GIA,CHAN,1,true,true,1,false
BTCUSDT,973,9,2,ABOVE,PHA_GIA,XUYEN_THAT,1,true,true,2,false
BTCUSDT,974,3,2,BELOW,PHA_GIA,CHAN,1,true,true,2,false
BTCUSDT,977,2,1,BELOW,GIU,CHAN,1,false,false,,
BTCUSDT,978,3,2,ABOVE,PHA_GIA,XUYEN_THAT,1,true,true,1,false
BTCUSDT,980,7,2,ABOVE,PHA_GIA,XUYEN_THAT,1,true,true,0,false
BTCUSDT,981,1,1,ABOVE,GIU,CHAN,1,false,false,,
BTCUSDT,982,22,2,BELOW,XUYEN_THAT,XUYEN_THAT,0,true,false,2,false
BTCUSDT,983,3,2,BELOW,PHA_GIA,XUYEN_THAT,1,true,true,1,false
BTCUSDT,984,5,2,BELOW,GIU,CHAN,2,false,false,,
BTCUSDT,985,12,2,BELOW,XUYEN_THAT,XUYEN_THAT,1,true,false,2,false
BTCUSDT,986,4,1,BELOW,GIU,CHAN,3,false,false,,
BTCUSDT,987,11,2,BELOW,PHA_GIA,XUYEN_THAT,2,true,true,5,false
BTCUSDT,988,5,2,BELOW,PHA_GIA,XUYEN_THAT,1,true,true,1,false
BTCUSDT,989,4,1,ABOVE,PHA_GIA,CHAN,1,true,true,2,false
BTCUSDT,990,3,2,BELOW,PHA_GIA,XUYEN_THAT,0,true,true,0,false
BTCUSDT,992,3,1,BELOW,GIU,CHAN,0,false,false,,
BTCUSDT,993,1,1,ABOVE,GIU,CHAN,1,false,false,,
BTCUSDT,994,1,1,ABOVE,GIU,CHAN,2,false,false,,
BTCUSDT,995,21,2,BELOW,GIU,XUYEN_THAT,2,false,false,,
BTCUSDT,996,1,1,BELOW,GIU,CHAN,3,false,false,,
BTCUSDT,997,8,2,BELOW,GIU,XUYEN_THAT,1,false,false,,
BTCUSDT,998,15,2,ABOVE,GIU,XUYEN_THAT,3,false,false,,
BTCUSDT,1001,5,2,BELOW,GIU,XUYEN_THAT,2,false,false,,
BTCUSDT,1004,6,2,BELOW,GIU,XUYEN_THAT,3,false,false,,
BTCUSDT,1005,2,1,BELOW,GIU,CHAN,1,false,false,,
BTCUSDT,1006,1,1,ABOVE,XUYEN_THAT,XUYEN_THAT,0,true,false,2,false
BTCUSDT,1007,1,1,ABOVE,GIU,CHAN,2,false,false,,
BTCUSDT,1008,5,2,ABOVE,PHA_GIA,CHAN,3,true,true,4,false
BTCUSDT,1009,12,2,ABOVE,GIU,XUYEN_THAT,2,false,false,,
BTCUSDT,1010,20,2,BELOW,XUYEN_THAT,XUYEN_THAT,0,true,false,0,false
BTCUSDT,1011,23,2,ABOVE,GIU,XUYEN_THAT,1,false,false,,
BTCUSDT,1012,3,1,BELOW,XUYEN_THAT,XUYEN_THAT,1,true,false,5,false
BTCUSDT,1013,3,1,BELOW,GIU,CHAN,1,false,false,,
BTCUSDT,1014,4,2,ABOVE,PHA_GIA,CHAN,0,true,true,1,false
BTCUSDT,1015,22,2,ABOVE,GIU,XUYEN_THAT,1,false,false,,
BTCUSDT,1016,5,2,ABOVE,PHA_GIA,CHAN,2,true,true,3,false
BTCUSDT,1017,3,1,BELOW,XUYEN_THAT,XUYEN_THAT,2,true,false,0,false
BTCUSDT,1018,16,2,BELOW,GIU,XUYEN_THAT,3,false,false,,
BTCUSDT,1019,9,2,ABOVE,PHA_GIA,XUYEN_THAT,3,true,true,4,false
BTCUSDT,1020,5,2,BELOW,XUYEN_THAT,XUYEN_THAT,1,true,false,1,false
BTCUSDT,1021,2,1,BELOW,GIU,CHAN,2,false,false,,
BTCUSDT,1022,3,1,ABOVE,GIU,CHAN,0,false,false,,
BTCUSDT,1023,10,2,BELOW,PHA_GIA,XUYEN_THAT,1,true,true,6,false
BTCUSDT,1024,4,2,ABOVE,XUYEN_THAT,XUYEN_THAT,1,true,false,1,false
BTCUSDT,1026,10,2,ABOVE,GIU,XUYEN_THAT,2,false,false,,
BTCUSDT,1027,6,2,BELOW,XUYEN_THAT,XUYEN_THAT,0,true,false,0,false
BTCUSDT,1029,4,2,ABOVE,PHA_GIA,XUYEN_THAT,2,true,true,1,false
BTCUSDT,1030,10,2,BELOW,GIU,XUYEN_THAT,1,false,false,,
BTCUSDT,1031,9,2,BELOW,PHA_GIA,XUYEN_THAT,1,true,true,4,false
BTCUSDT,1033,1,1,ABOVE,GIU,CHAN,3,false,false,,
BTCUSDT,1034,13,2,BELOW,GIU,XUYEN_THAT,2,false,false,,
BTCUSDT,1036,4,2,BELOW,XUYEN_THAT,XUYEN_THAT,2,true,false,4,false
BTCUSDT,1037,3,1,ABOVE,GIU,CHAN,2,false,false,,
BTCUSDT,1038,8,2,ABOVE,PHA_GIA,XUYEN_THAT,0,true,true,2,false
BTCUSDT,1039,16,2,ABOVE,PHA_GIA,XUYEN_THAT,2,true,true,3,false
BTCUSDT,1040,4,2,ABOVE,PHA_GIA,XUYEN_THAT,1,true,true,1,false
BTCUSDT,1041,18,2,ABOVE,XUYEN_THAT,XUYEN_THAT,2,true,false,5,false
BTCUSDT,1042,3,2,ABOVE,XUYEN_THAT,XUYEN_THAT,3,true,false,6,false
BTCUSDT,1043,2,2,BELOW,PHA_GIA,CHAN,3,true,true,1,false
BTCUSDT,1044,2,1,ABOVE,GIU,CHAN,1,false,false,,
BTCUSDT,1045,12,2,ABOVE,PHA_GIA,XUYEN_THAT,2,true,true,8,false
BTCUSDT,1046,2,1,BELOW,GIU,CHAN,2,false,false,,
BTCUSDT,1047,23,2,ABOVE,XUYEN_THAT,XUYEN_THAT,3,true,false,1,false
BTCUSDT,1049,1,1,ABOVE,GIU,CHAN,3,false,false,,
BTCUSDT,1051,3,2,ABOVE,PHA_GIA,XUYEN_THAT,2,true,true,0,false
BTCUSDT,1052,3,1,ABOVE,GIU,XUYEN_THAT,2,false,false,,
BTCUSDT,1053,1,1,BELOW,GIU,CHAN,1,false,false,,
BTCUSDT,1055,2,1,BELOW,XUYEN_THAT,XUYEN_THAT,3,true,false,3,false
BTCUSDT,1056,3,1,ABOVE,GIU,CHAN,2,false,false,,
BTCUSDT,1057,2,2,ABOVE,PHA_GIA,XUYEN_THAT,1,true,true,2,false
BTCUSDT,1058,14,2,BELOW,PHA_GIA,XUYEN_THAT,1,true,true,1,false
BTCUSDT,1059,14,2,ABOVE,PHA_GIA,XUYEN_THAT,0,true,true,0,false
BTCUSDT,1060,14,2,BELOW,GIU,XUYEN_THAT,2,false,false,,
BTCUSDT,1062,11,2,ABOVE,GIU,XUYEN_THAT,2,false,false,,
BTCUSDT,1064,15,2,BELOW,PHA_GIA,XUYEN_THAT,1,true,true,1,false
BTCUSDT,1065,2,1,BELOW,GIU,CHAN,2,false,false,,
BTCUSDT,1067,9,1,ABOVE,GIU,CHAN,2,false,false,,
BTCUSDT,1068,8,2,ABOVE,GIU,XUYEN_THAT,2,false,false,,
BTCUSDT,1069,6,2,ABOVE,PHA_GIA,XUYEN_THAT,2,true,true,5,false
BTCUSDT,1070,1,1,ABOVE,GIU,CHAN,2,false,false,,
BTCUSDT,1071,11,2,ABOVE,PHA_GIA,XUYEN_THAT,1,true,true,3,false
BTCUSDT,1072,4,2,ABOVE,GIU,XUYEN_THAT,2,false,false,,
BTCUSDT,1073,1,1,ABOVE,GIU,CHAN,1,false,false,,
BTCUSDT,1075,5,2,BELOW,PHA_GIA,XUYEN_THAT,0,true,true,0,false
BTCUSDT,1077,5,2,BELOW,PHA_GIA,CHAN,3,true,true,2,false
BTCUSDT,1079,16,2,BELOW,XUYEN_THAT,XUYEN_THAT,0,true,false,1,false
BTCUSDT,1080,2,1,BELOW,GIU,CHAN,1,false,false,,
BTCUSDT,1081,2,1,ABOVE,GIU,XUYEN_THAT,1,false,false,,
BTCUSDT,1084,3,1,BELOW,GIU,CHAN,2,false,false,,
BTCUSDT,1085,7,1,BELOW,GIU,XUYEN_THAT,1,false,false,,
BTCUSDT,1086,8,2,BELOW,XUYEN_THAT,XUYEN_THAT,2,true,false,0,false
BTCUSDT,1087,23,2,BELOW,XUYEN_THAT,XUYEN_THAT,3,true,false,3,false
BTCUSDT,1088,1,1,ABOVE,GIU,CHAN,1,false,false,,
BTCUSDT,1090,11,2,BELOW,XUYEN_THAT,XUYEN_THAT,1,true,false,2,false
BTCUSDT,1092,2,1,ABOVE,GIU,CHAN,1,false,false,,
BTCUSDT,1093,9,2,ABOVE,XUYEN_THAT,XUYEN_THAT,1,true,false,3,false
BTCUSDT,1094,2,1,BELOW,GIU,CHAN,0,false,false,,
BTCUSDT,1095,4,2,BELOW,XUYEN_THAT,XUYEN_THAT,2,true,false,4,false
BTCUSDT,1096,1,1,ABOVE,GIU,CHAN,2,false,false,,
BTCUSDT,1097,3,2,BELOW,XUYEN_THAT,XUYEN_THAT,3,true,false,2,false
BTCUSDT,1098,2,2,BELOW,XUYEN_THAT,XUYEN_THAT,2,true,false,0,false
BTCUSDT,1099,6,1,ABOVE,GIU,CHAN,1,false,false,,
BTCUSDT,1100,9,2,ABOVE,PHA_GIA,CHAN,2,true,true,3,false
BTCUSDT,1101,4,2,ABOVE,PHA_GIA,CHAN,4,true,true,7,false
BTCUSDT,1102,29,2,BELOW,XUYEN_THAT,XUYEN_THAT,1,true,false,3,false
BTCUSDT,1103,1,1,BELOW,GIU,CHAN,1,false,false,,
BTCUSDT,1104,2,1,ABOVE,GIU,CHAN,1,false,false,,
BTCUSDT,1105,6,2,ABOVE,PHA_GIA,XUYEN_THAT,2,true,true,8,false
BTCUSDT,1106,12,2,BELOW,GIU,XUYEN_THAT,2,false,false,,
BTCUSDT,1107,2,2,ABOVE,PHA_GIA,CHAN,1,true,true,0,false
BTCUSDT,1108,27,2,BELOW,PHA_GIA,XUYEN_THAT,2,true,true,7,false
BTCUSDT,1109,12,2,ABOVE,XUYEN_THAT,XUYEN_THAT,2,true,false,3,false
BTCUSDT,1110,14,2,ABOVE,PHA_GIA,XUYEN_THAT,2,true,true,2,false
BTCUSDT,1111,2,1,BELOW,GIU,CHAN,2,false,false,,
BTCUSDT,1112,7,1,ABOVE,GIU,XUYEN_THAT,0,false,false,,
BTCUSDT,1113,17,2,ABOVE,XUYEN_THAT,XUYEN_THAT,0,true,false,0,false
BTCUSDT,1114,2,1,ABOVE,GIU,CHAN,2,false,false,,
BTCUSDT,1115,2,2,ABOVE,PHA_GIA,XUYEN_THAT,0,true,true,0,false
BTCUSDT,1116,5,2,BELOW,XUYEN_THAT,XUYEN_THAT,0,true,false,1,false
BTCUSDT,1117,18,2,BELOW,GIU,XUYEN_THAT,2,false,false,,
BTCUSDT,1119,2,1,BELOW,GIU,XUYEN_THAT,1,false,false,,
BTCUSDT,1120,4,2,BELOW,XUYEN_THAT,XUYEN_THAT,1,true,false,4,false
BTCUSDT,1122,3,2,ABOVE,XUYEN_THAT,XUYEN_THAT,1,true,false,2,false
BTCUSDT,1123,7,2,BELOW,GIU,XUYEN_THAT,2,false,false,,
BTCUSDT,1124,11,2,ABOVE,GIU,XUYEN_THAT,1,false,false,,
BTCUSDT,1125,7,2,BELOW,PHA_GIA,XUYEN_THAT,0,true,true,8,false
BTCUSDT,1126,4,1,BELOW,GIU,CHAN,1,false,false,,
BTCUSDT,1127,16,2,ABOVE,GIU,XUYEN_THAT,1,false,false,,
BTCUSDT,1128,14,2,BELOW,XUYEN_THAT,XUYEN_THAT,1,true,false,2,false
BTCUSDT,1129,14,2,ABOVE,GIU,XUYEN_THAT,3,false,false,,
BTCUSDT,1130,7,2,BELOW,GIU,XUYEN_THAT,2,false,false,,
BTCUSDT,1131,2,1,BELOW,GIU,CHAN,2,false,false,,
BTCUSDT,1132,6,2,BELOW,PHA_GIA,XUYEN_THAT,1,true,true,0,false
BTCUSDT,1133,37,2,ABOVE,PHA_GIA,XUYEN_THAT,2,true,true,4,false
BTCUSDT,1135,3,2,BELOW,PHA_GIA,XUYEN_THAT,0,true,true,2,false
BTCUSDT,1137,18,2,BELOW,GIU,XUYEN_THAT,2,false,false,,
BTCUSDT,1138,11,2,ABOVE,PHA_GIA,XUYEN_THAT,3,true,true,3,false
BTCUSDT,1140,4,2,BELOW,PHA_GIA,CHAN,1,true,true,0,false
BTCUSDT,1141,5,2,BELOW,PHA_GIA,XUYEN_THAT,3,true,true,4,false
BTCUSDT,1142,3,1,ABOVE,GIU,CHAN,2,false,false,,
BTCUSDT,1144,4,2,BELOW,XUYEN_THAT,XUYEN_THAT,0,true,false,3,false
BTCUSDT,1145,6,2,ABOVE,GIU,XUYEN_THAT,3,false,false,,
BTCUSDT,1146,4,2,BELOW,GIU,XUYEN_THAT,2,false,false,,
BTCUSDT,1147,23,2,BELOW,GIU,XUYEN_THAT,2,false,false,,
BTCUSDT,1148,1,1,ABOVE,PHA_GIA,CHAN,1,true,true,0,false
BTCUSDT,1149,23,2,BELOW,XUYEN_THAT,XUYEN_THAT,2,true,false,2,false
BTCUSDT,1150,1,1,ABOVE,GIU,CHAN,2,false,false,,
BTCUSDT,1151,4,1,ABOVE,GIU,CHAN,3,false,false,,
BTCUSDT,1152,8,2,BELOW,GIU,XUYEN_THAT,1,false,false,,
BTCUSDT,1154,4,1,BELOW,GIU,CHAN,2,false,false,,
BTCUSDT,1155,1,1,ABOVE,GIU,CHAN,2,false,false,,
BTCUSDT,1156,8,2,ABOVE,PHA_GIA,XUYEN_THAT,1,true,true,8,false
BTCUSDT,1157,9,2,BELOW,GIU,XUYEN_THAT,1,false,false,,
BTCUSDT,1158,11,2,BELOW,PHA_GIA,XUYEN_THAT,2,true,true,5,false
BTCUSDT,1162,3,2,ABOVE,PHA_GIA,XUYEN_THAT,1,true,true,6,false
BTCUSDT,1163,2,2,ABOVE,PHA_GIA,CHAN,1,true,true,0,false
BTCUSDT,1164,3,2,ABOVE,GIU,CHAN,2,false,false,,
BTCUSDT,1165,25,2,BELOW,GIU,XUYEN_THAT,2,false,false,,
BTCUSDT,1166,18,2,ABOVE,GIU,XUYEN_THAT,3,false,false,,
BTCUSDT,1168,5,2,ABOVE,PHA_GIA,XUYEN_THAT,1,true,true,7,false
BTCUSDT,1169,2,2,ABOVE,PHA_GIA,CHAN,0,true,true,0,false
BTCUSDT,1170,1,1,ABOVE,GIU,CHAN,0,false,false,,
BTCUSDT,1171,5,2,ABOVE,PHA_GIA,XUYEN_THAT,0,true,true,1,false
BTCUSDT,1172,2,1,ABOVE,GIU,CHAN,0,false,false,,
BTCUSDT,1173,12,2,ABOVE,PHA_GIA,XUYEN_THAT,3,true,true,8,false
BTCUSDT,1174,11,2,BELOW,PHA_GIA,XUYEN_THAT,1,true,true,5,false
BTCUSDT,1175,2,1,BELOW,GIU,CHAN,2,false,false,,
BTCUSDT,1177,9,2,ABOVE,PHA_GIA,CHAN,0,true,true,0,false
BTCUSDT,1178,5,1,ABOVE,PHA_GIA,CHAN,1,true,true,2,false
BTCUSDT,1179,1,1,ABOVE,PHA_GIA,CHAN,2,true,true,5,false
BTCUSDT,1180,26,2,ABOVE,PHA_GIA,XUYEN_THAT,2,true,true,1,false
BTCUSDT,1181,12,2,ABOVE,XUYEN_THAT,XUYEN_THAT,0,true,false,0,false
BTCUSDT,1182,5,2,ABOVE,PHA_GIA,XUYEN_THAT,3,true,true,7,false
BTCUSDT,1183,11,2,ABOVE,GIU,XUYEN_THAT,1,false,false,,
BTCUSDT,1184,2,2,ABOVE,PHA_GIA,CHAN,1,true,true,0,false
BTCUSDT,1185,4,1,ABOVE,GIU,CHAN,1,false,false,,
BTCUSDT,1186,13,2,ABOVE,GIU,XUYEN_THAT,3,false,false,,
BTCUSDT,1190,9,2,BELOW,GIU,XUYEN_THAT,2,false,false,,
BTCUSDT,1191,8,2,BELOW,XUYEN_THAT,XUYEN_THAT,1,true,false,0,false
BTCUSDT,1192,4,2,ABOVE,GIU,CHAN,1,false,false,,
BTCUSDT,1196,4,1,ABOVE,GIU,CHAN,1,false,false,,
BTCUSDT,1197,4,2,ABOVE,PHA_GIA,XUYEN_THAT,1,true,true,4,false
BTCUSDT,1198,3,1,BELOW,GIU,XUYEN_THAT,3,false,false,,
BTCUSDT,1199,8,2,BELOW,XUYEN_THAT,XUYEN_THAT,0,true,false,0,false
BTCUSDT,1200,4,2,BELOW,PHA_GIA,CHAN,1,true,true,0,false
BTCUSDT,1201,9,2,BELOW,GIU,XUYEN_THAT,3,false,false,,
BTCUSDT,1202,1,1,ABOVE,GIU,CHAN,2,false,false,,
BTCUSDT,1203,19,2,ABOVE,PHA_GIA,XUYEN_THAT,2,true,true,1,false
BTCUSDT,1207,24,2,ABOVE,PHA_GIA,XUYEN_THAT,3,true,true,3,false
BTCUSDT,1209,39,2,ABOVE,GIU,XUYEN_THAT,2,false,false,,
BTCUSDT,1210,2,1,BELOW,GIU,CHAN,4,false,false,,
BTCUSDT,1211,2,1,BELOW,PHA_GIA,CHAN,1,true,true,3,false
BTCUSDT,1212,13,2,ABOVE,PHA_GIA,XUYEN_THAT,3,true,true,5,false
BTCUSDT,1213,10,2,ABOVE,GIU,CHAN,3,false,false,,
BTCUSDT,1215,10,2,ABOVE,PHA_GIA,XUYEN_THAT,2,true,true,0,false
BTCUSDT,1217,6,1,ABOVE,GIU,CHAN,2,false,false,,
BTCUSDT,1219,4,2,BELOW,PHA_GIA,XUYEN_THAT,2,true,true,1,false
BTCUSDT,1220,5,2,ABOVE,XUYEN_THAT,XUYEN_THAT,0,true,false,0,false
BTCUSDT,1221,6,1,BELOW,GIU,CHAN,1,false,false,,
BTCUSDT,1222,4,2,BELOW,PHA_GIA,CHAN,1,true,true,4,false
BTCUSDT,1223,21,2,BELOW,XUYEN_THAT,XUYEN_THAT,1,true,false,7,false
BTCUSDT,1224,8,2,BELOW,PHA_GIA,XUYEN_THAT,1,true,true,0,false
BTCUSDT,1225,2,1,BELOW,XUYEN_THAT,XUYEN_THAT,0,true,false,6,false
BTCUSDT,1226,4,2,ABOVE,GIU,CHAN,3,false,false,,
BTCUSDT,1227,1,1,ABOVE,GIU,CHAN,1,false,false,,
BTCUSDT,1228,3,2,BELOW,XUYEN_THAT,XUYEN_THAT,1,true,false,3,false
BTCUSDT,1229,18,2,ABOVE,XUYEN_THAT,XUYEN_THAT,0,true,false,6,false
BTCUSDT,1230,4,2,BELOW,GIU,CHAN,2,false,false,,
BTCUSDT,1231,2,1,ABOVE,PHA_GIA,CHAN,1,true,true,1,false
BTCUSDT,1232,3,2,BELOW,XUYEN_THAT,XUYEN_THAT,4,true,false,3,false
BTCUSDT,1234,21,2,BELOW,GIU,XUYEN_THAT,1,false,false,,
BTCUSDT,1236,8,2,BELOW,PHA_GIA,XUYEN_THAT,2,true,true,6,false
BTCUSDT,1237,5,2,ABOVE,XUYEN_THAT,XUYEN_THAT,1,true,false,8,false
BTCUSDT,1238,6,2,ABOVE,XUYEN_THAT,XUYEN_THAT,1,true,false,5,true
BTCUSDT,1239,1,1,ABOVE,XUYEN_THAT,XUYEN_THAT,0,true,false,0,false
BTCUSDT,1240,7,2,BELOW,PHA_GIA,XUYEN_THAT,1,true,true,1,false
BTCUSDT,1241,7,2,BELOW,XUYEN_THAT,XUYEN_THAT,0,true,false,1,false
BTCUSDT,1242,1,1,BELOW,GIU,CHAN,1,false,false,,
BTCUSDT,1243,2,2,ABOVE,PHA_GIA,CHAN,2,true,true,0,false
BTCUSDT,1244,15,2,ABOVE,XUYEN_THAT,XUYEN_THAT,0,true,false,7,false
BTCUSDT,1245,11,2,ABOVE,PHA_GIA,XUYEN_THAT,2,true,true,1,false
BTCUSDT,1247,18,2,ABOVE,PHA_GIA,XUYEN_THAT,1,true,true,2,false
BTCUSDT,1248,8,2,ABOVE,PHA_GIA,XUYEN_THAT,0,true,true,5,false
BTCUSDT,1250,3,2,BELOW,XUYEN_THAT,XUYEN_THAT,0,true,false,1,false
BTCUSDT,1254,7,2,BELOW,GIU,XUYEN_THAT,2,false,false,,
BTCUSDT,1258,8,2,BELOW,GIU,CHAN,1,false,false,,
BTCUSDT,1259,3,2,ABOVE,PHA_GIA,CHAN,3,true,true,4,false
BTCUSDT,1261,4,2,BELOW,PHA_GIA,XUYEN_THAT,0,true,true,1,false
BTCUSDT,1262,5,1,BELOW,GIU,CHAN,1,false,false,,
BTCUSDT,1263,4,1,ABOVE,GIU,XUYEN_THAT,1,false,false,,
BTCUSDT,1265,8,2,BELOW,PHA_GIA,XUYEN_THAT,2,true,true,4,false
BTCUSDT,1266,9,1,BELOW,GIU,CHAN,1,false,false,,
BTCUSDT,1268,16,2,ABOVE,GIU,XUYEN_THAT,2,false,false,,
BTCUSDT,1269,4,1,BELOW,GIU,CHAN,1,false,false,,
BTCUSDT,1270,3,2,ABOVE,XUYEN_THAT,XUYEN_THAT,3,true,false,3,false
BTCUSDT,1271,16,2,ABOVE,XUYEN_THAT,XUYEN_THAT,0,true,false,0,false
BTCUSDT,1272,2,1,ABOVE,XUYEN_THAT,XUYEN_THAT,1,true,false,3,true
BTCUSDT,1273,4,1,ABOVE,GIU,CHAN,2,false,false,,
BTCUSDT,1274,12,2,ABOVE,XUYEN_THAT,XUYEN_THAT,1,true,false,2,false
BTCUSDT,1275,12,2,BELOW,XUYEN_THAT,XUYEN_THAT,2,true,false,3,false
BTCUSDT,1276,17,2,ABOVE,PHA_GIA,XUYEN_THAT,3,true,true,1,false
BTCUSDT,1279,5,2,BELOW,GIU,XUYEN_THAT,1,false,false,,
BTCUSDT,1280,1,1,BELOW,PHA_GIA,CHAN,3,true,true,2,false
BTCUSDT,1282,5,2,BELOW,GIU,XUYEN_THAT,2,false,false,,
BTCUSDT,1284,2,2,BELOW,XUYEN_THAT,XUYEN_THAT,0,true,false,0,false
BTCUSDT,1285,1,1,ABOVE,XUYEN_THAT,XUYEN_THAT,1,true,false,1,false
BTCUSDT,1286,14,2,ABOVE,PHA_GIA,XUYEN_THAT,1,true,true,3,false
BTCUSDT,1287,2,1,BELOW,GIU,CHAN,2,false,false,,
BTCUSDT,1289,3,2,ABOVE,GIU,CHAN,1,false,false,,
BTCUSDT,1290,10,2,BELOW,GIU,CHAN,3,false,false,,
BTCUSDT,1291,4,1,ABOVE,XUYEN_THAT,XUYEN_THAT,1,true,false,7,false
BTCUSDT,1294,1,1,ABOVE,XUYEN_THAT,XUYEN_THAT,1,true,false,0,false
BTCUSDT,1295,1,1,BELOW,GIU,CHAN,1,false,false,,
BTCUSDT,1296,6,2,BELOW,PHA_GIA,XUYEN_THAT,1,true,true,3,false
BTCUSDT,1297,12,2,BELOW,GIU,CHAN,1,false,false,,
BTCUSDT,1298,2,2,BELOW,XUYEN_THAT,XUYEN_THAT,2,true,false,0,false
BTCUSDT,1299,7,2,ABOVE,XUYEN_THAT,XUYEN_THAT,3,true,false,4,false
BTCUSDT,1301,3,1,BELOW,GIU,CHAN,3,false,false,,
BTCUSDT,1302,5,1,BELOW,GIU,CHAN,2,false,false,,
BTCUSDT,1303,12,2,ABOVE,XUYEN_THAT,XUYEN_THAT,1,true,false,2,false
BTCUSDT,1304,2,1,ABOVE,GIU,CHAN,2,false,false,,
BTCUSDT,1305,7,2,ABOVE,PHA_GIA,XUYEN_THAT,3,true,true,1,false
BTCUSDT,1307,4,1,ABOVE,GIU,CHAN,3,false,false,,
BTCUSDT,1308,16,2,BELOW,XUYEN_THAT,XUYEN_THAT,0,true,false,0,false
BTCUSDT,1309,3,2,BELOW,GIU,XUYEN_THAT,2,false,false,,
BTCUSDT,1310,7,2,ABOVE,XUYEN_THAT,XUYEN_THAT,1,true,false,0,false
BTCUSDT,1311,3,2,ABOVE,XUYEN_THAT,XUYEN_THAT,1,true,false,1,false
BTCUSDT,1312,48,2,BELOW,PHA_GIA,XUYEN_THAT,1,true,true,4,false
BTCUSDT,1313,9,2,ABOVE,GIU,XUYEN_THAT,1,false,false,,
BTCUSDT,1314,8,2,BELOW,GIU,XUYEN_THAT,4,false,false,,
BTCUSDT,1315,9,2,ABOVE,PHA_GIA,XUYEN_THAT,1,true,true,0,false
BTCUSDT,1316,3,1,ABOVE,GIU,CHAN,3,false,false,,
BTCUSDT,1317,22,2,BELOW,XUYEN_THAT,XUYEN_THAT,1,true,false,0,false
BTCUSDT,1318,8,2,BELOW,GIU,CHAN,3,false,false,,
BTCUSDT,1319,6,2,BELOW,PHA_GIA,CHAN,3,true,true,7,false
BTCUSDT,1320,6,2,BELOW,XUYEN_THAT,XUYEN_THAT,1,true,false,1,false
BTCUSDT,1321,1,1,ABOVE,XUYEN_THAT,XUYEN_THAT,1,true,false,0,false
BTCUSDT,1322,8,2,ABOVE,PHA_GIA,XUYEN_THAT,2,true,true,2,false
BTCUSDT,1324,4,2,ABOVE,GIU,XUYEN_THAT,1,false,false,,
BTCUSDT,1325,1,1,ABOVE,GIU,CHAN,3,false,false,,
BTCUSDT,1327,1,1,BELOW,XUYEN_THAT,XUYEN_THAT,1,true,false,1,false
BTCUSDT,1329,13,2,ABOVE,PHA_GIA,XUYEN_THAT,0,true,true,0,false
BTCUSDT,1330,1,1,ABOVE,GIU,CHAN,2,false,false,,
BTCUSDT,1331,10,2,ABOVE,PHA_GIA,XUYEN_THAT,1,true,true,1,false
BTCUSDT,1332,2,1,BELOW,GIU,CHAN,2,false,false,,
BTCUSDT,1333,2,1,ABOVE,GIU,CHAN,1,false,false,,
BTCUSDT,1334,10,2,BELOW,PHA_GIA,XUYEN_THAT,1,true,true,1,false
BTCUSDT,1335,3,2,ABOVE,PHA_GIA,XUYEN_THAT,2,true,true,1,false
BTCUSDT,1337,6,2,ABOVE,XUYEN_THAT,XUYEN_THAT,3,true,false,1,false
BTCUSDT,1338,7,2,BELOW,PHA_GIA,XUYEN_THAT,3,true,true,5,false
BTCUSDT,1339,6,2,BELOW,GIU,CHAN,2,false,false,,
BTCUSDT,1342,6,2,BELOW,PHA_GIA,XUYEN_THAT,1,true,true,8,false
BTCUSDT,1343,22,2,BELOW,PHA_GIA,XUYEN_THAT,0,true,true,0,false
BTCUSDT,1345,21,2,BELOW,PHA_GIA,XUYEN_THAT,2,true,true,1,false
BTCUSDT,1348,10,2,BELOW,PHA_GIA,XUYEN_THAT,1,true,true,3,false
BTCUSDT,1349,2,1,BELOW,GIU,CHAN,2,false,false,,
BTCUSDT,1350,7,1,BELOW,GIU,CHAN,2,false,false,,
BTCUSDT,1351,11,2,ABOVE,PHA_GIA,XUYEN_THAT,0,true,true,0,false
BTCUSDT,1352,15,2,ABOVE,PHA_GIA,XUYEN_THAT,1,true,true,2,false
BTCUSDT,1353,5,2,ABOVE,PHA_GIA,XUYEN_THAT,1,true,true,6,false
BTCUSDT,1355,9,2,BELOW,GIU,XUYEN_THAT,3,false,false,,
BTCUSDT,1356,5,2,BELOW,GIU,CHAN,2,false,false,,
BTCUSDT,1357,6,1,BELOW,GIU,CHAN,4,false,false,,
BTCUSDT,1358,6,2,BELOW,GIU,XUYEN_THAT,1,false,false,,
BTCUSDT,1359,1,1,BELOW,PHA_GIA,CHAN,1,true,true,0,false
BTCUSDT,1360,1,1,ABOVE,XUYEN_THAT,XUYEN_THAT,2,true,false,3,false
BTCUSDT,1361,13,2,ABOVE,PHA_GIA,XUYEN_THAT,2,true,true,3,false
BTCUSDT,1362,3,2,BELOW,XUYEN_THAT,XUYEN_THAT,2,true,false,3,false
BTCUSDT,1363,9,2,ABOVE,GIU,CHAN,1,false,false,,
BTCUSDT,1364,6,2,BELOW,PHA_GIA,XUYEN_THAT,3,true,true,5,false
BTCUSDT,1365,4,2,ABOVE,XUYEN_THAT,XUYEN_THAT,2,true,false,5,false
BTCUSDT,1367,3,1,ABOVE,GIU,CHAN,1,false,false,,
BTCUSDT,1371,6,1,BELOW,GIU,CHAN,2,false,false,,
BTCUSDT,1373,1,1,BELOW,GIU,CHAN,2,false,false,,
BTCUSDT,1374,3,2,BELOW,PHA_GIA,XUYEN_THAT,3,true,true,3,false
BTCUSDT,1375,4,2,BELOW,PHA_GIA,XUYEN_THAT,0,true,true,0,false
BTCUSDT,1376,4,2,BELOW,PHA_GIA,XUYEN_THAT,2,true,true,5,false
BTCUSDT,1377,3,2,BELOW,PHA_GIA,CHAN,1,true,true,0,false
BTCUSDT,1378,1,1,ABOVE,GIU,CHAN,3,false,false,,
BTCUSDT,1379,6,1,ABOVE,GIU,CHAN,1,false,false,,
BTCUSDT,1380,4,2,BELOW,PHA_GIA,CHAN,1,true,true,4,false
BTCUSDT,1381,10,2,BELOW,GIU,XUYEN_THAT,1,false,false,,
BTCUSDT,1382,3,2,BELOW,PHA_GIA,XUYEN_THAT,1,true,true,5,false
BTCUSDT,1384,4,1,BELOW,GIU,CHAN,1,false,false,,
BTCUSDT,1385,2,1,ABOVE,PHA_GIA,CHAN,0,true,true,0,false
BTCUSDT,1386,1,1,ABOVE,GIU,CHAN,1,false,false,,
BTCUSDT,1387,6,2,BELOW,XUYEN_THAT,XUYEN_THAT,3,true,false,1,false
BTCUSDT,1389,1,1,ABOVE,XUYEN_THAT,XUYEN_THAT,2,true,false,2,false
BTCUSDT,1391,13,2,BELOW,PHA_GIA,XUYEN_THAT,0,true,true,2,false
BTCUSDT,1392,2,2,ABOVE,XUYEN_THAT,XUYEN_THAT,0,true,false,0,false
BTCUSDT,1394,4,1,BELOW,PHA_GIA,CHAN,1,true,true,0,false
BTCUSDT,1397,8,2,ABOVE,GIU,XUYEN_THAT,2,false,false,,
BTCUSDT,1398,2,2,ABOVE,PHA_GIA,CHAN,2,true,true,5,false
BTCUSDT,1399,1,1,BELOW,GIU,CHAN,2,false,false,,
BTCUSDT,1401,6,1,BELOW,GIU,CHAN,2,false,false,,
BTCUSDT,1402,18,2,ABOVE,GIU,CHAN,4,false,false,,
BTCUSDT,1403,6,2,ABOVE,GIU,XUYEN_THAT,2,false,false,,
BTCUSDT,1404,10,2,BELOW,PHA_GIA,XUYEN_THAT,1,true,true,2,false
BTCUSDT,1405,9,2,ABOVE,PHA_GIA,XUYEN_THAT,0,true,true,0,false
BTCUSDT,1406,22,2,BELOW,GIU,CHAN,0,false,false,,
BTCUSDT,1408,8,2,ABOVE,GIU,CHAN,1,false,false,,
BTCUSDT,1409,5,2,BELOW,XUYEN_THAT,XUYEN_THAT,2,true,false,1,false
BTCUSDT,1411,5,2,BELOW,GIU,CHAN,1,false,false,,
BTCUSDT,1413,18,2,BELOW,XUYEN_THAT,XUYEN_THAT,1,true,false,4,false
BTCUSDT,1415,4,1,ABOVE,GIU,CHAN,2,false,false,,
BTCUSDT,1416,33,2,BELOW,PHA_GIA,XUYEN_THAT,4,true,true,6,false
BTCUSDT,1417,13,2,ABOVE,GIU,XUYEN_THAT,1,false,false,,
BTCUSDT,1418,1,1,ABOVE,PHA_GIA,CHAN,0,true,true,4,false
BTCUSDT,1419,15,2,BELOW,GIU,XUYEN_THAT,3,false,false,,
BTCUSDT,1421,5,1,BELOW,XUYEN_THAT,XUYEN_THAT,2,true,false,4,false
BTCUSDT,1423,8,2,ABOVE,PHA_GIA,XUYEN_THAT,2,true,true,3,false
BTCUSDT,1425,2,2,BELOW,PHA_GIA,XUYEN_THAT,1,true,true,0,false
BTCUSDT,1426,4,2,BELOW,GIU,XUYEN_THAT,2,false,false,,
BTCUSDT,1427,4,1,ABOVE,GIU,CHAN,3,false,false,,
BTCUSDT,1428,11,2,ABOVE,PHA_GIA,XUYEN_THAT,1,true,true,1,false
BTCUSDT,1429,12,2,ABOVE,PHA_GIA,XUYEN_THAT,2,true,true,6,false
BTCUSDT,1430,5,2,BELOW,XUYEN_THAT,XUYEN_THAT,0,true,false,0,false
BTCUSDT,1431,11,2,BELOW,XUYEN_THAT,XUYEN_THAT,1,true,false,8,false
BTCUSDT,1432,6,2,BELOW,PHA_GIA,CHAN,3,true,true,1,false
BTCUSDT,1433,1,1,BELOW,GIU,CHAN,3,false,false,,
BTCUSDT,1434,7,2,ABOVE,XUYEN_THAT,XUYEN_THAT,1,true,false,0,false
BTCUSDT,1435,29,2,BELOW,PHA_GIA,XUYEN_THAT,0,true,true,0,false
BTCUSDT,1436,4,1,BELOW,GIU,CHAN,2,false,false,,
BTCUSDT,1438,12,2,ABOVE,PHA_GIA,XUYEN_THAT,3,true,true,0,false
BTCUSDT,1439,10,2,BELOW,GIU,XUYEN_THAT,2,false,false,,
BTCUSDT,1440,1,1,BELOW,PHA_GIA,CHAN,1,true,true,3,false
BTCUSDT,1441,1,1,ABOVE,GIU,CHAN,0,false,false,,
BTCUSDT,1442,8,2,ABOVE,PHA_GIA,CHAN,2,true,true,3,false
BTCUSDT,1443,14,2,BELOW,GIU,XUYEN_THAT,1,false,false,,
BTCUSDT,1447,5,2,ABOVE,XUYEN_THAT,XUYEN_THAT,1,true,false,8,false
BTCUSDT,1448,1,1,BELOW,GIU,CHAN,2,false,false,,
BTCUSDT,1449,4,2,BELOW,PHA_GIA,XUYEN_THAT,2,true,true,4,false
BTCUSDT,1450,2,2,ABOVE,XUYEN_THAT,XUYEN_THAT,1,true,false,3,false
BTCUSDT,1454,11,2,BELOW,XUYEN_THAT,XUYEN_THAT,0,true,false,1,false
BTCUSDT,1455,5,2,ABOVE,PHA_GIA,CHAN,1,true,true,6,false
BTCUSDT,1456,10,2,BELOW,PHA_GIA,XUYEN_THAT,2,true,true,3,false
BTCUSDT,1458,6,2,ABOVE,PHA_GIA,XUYEN_THAT,1,true,true,0,false
BTCUSDT,1459,14,2,ABOVE,PHA_GIA,XUYEN_THAT,0,true,true,0,false
BTCUSDT,1460,3,2,ABOVE,PHA_GIA,CHAN,1,true,true,1,false
BTCUSDT,1463,6,2,BELOW,XUYEN_THAT,XUYEN_THAT,1,true,false,2,false
BTCUSDT,1464,17,2,ABOVE,XUYEN_THAT,XUYEN_THAT,1,true,false,2,false
BTCUSDT,1465,9,2,BELOW,GIU,CHAN,3,false,false,,
BTCUSDT,1466,1,1,ABOVE,GIU,CHAN,1,false,false,,
BTCUSDT,1467,8,2,ABOVE,GIU,XUYEN_THAT,3,false,false,,
BTCUSDT,1468,1,1,BELOW,XUYEN_THAT,XUYEN_THAT,3,true,false,1,false
BTCUSDT,1469,5,2,ABOVE,PHA_GIA,XUYEN_THAT,2,true,true,0,false
BTCUSDT,1470,19,2,BELOW,GIU,XUYEN_THAT,3,false,false,,
BTCUSDT,1471,6,2,ABOVE,PHA_GIA,XUYEN_THAT,1,true,true,3,false
BTCUSDT,1474,1,1,ABOVE,PHA_GIA,CHAN,1,true,true,0,false
BTCUSDT,1475,7,2,BELOW,PHA_GIA,XUYEN_THAT,0,true,true,0,false
BTCUSDT,1476,4,1,BELOW,GIU,CHAN,2,false,false,,
BTCUSDT,1477,9,2,ABOVE,XUYEN_THAT,XUYEN_THAT,0,true,false,4,false
BTCUSDT,1478,9,2,BELOW,PHA_GIA,XUYEN_THAT,0,true,true,0,false
BTCUSDT,1479,15,2,BELOW,XUYEN_THAT,XUYEN_THAT,1,true,false,1,false
BTCUSDT,1481,11,2,ABOVE,PHA_GIA,XUYEN_THAT,2,true,true,2,false
BTCUSDT,1482,17,1,ABOVE,GIU,CHAN,2,false,false,,
BTCUSDT,1483,1,1,BELOW,GIU,CHAN,3,false,false,,
BTCUSDT,1484,1,1,BELOW,PHA_GIA,CHAN,1,true,true,1,false
BTCUSDT,1485,8,2,ABOVE,PHA_GIA,CHAN,1,true,true,5,false
BTCUSDT,1486,3,1,BELOW,GIU,XUYEN_THAT,1,false,false,,
BTCUSDT,1488,3,2,ABOVE,PHA_GIA,XUYEN_THAT,3,true,true,1,false
BTCUSDT,1489,10,2,ABOVE,PHA_GIA,XUYEN_THAT,0,true,true,0,false
BTCUSDT,1490,1,1,BELOW,XUYEN_THAT,XUYEN_THAT,1,true,false,0,true
BTCUSDT,1491,19,2,ABOVE,PHA_GIA,XUYEN_THAT,2,true,true,5,false
BTCUSDT,1493,4,2,ABOVE,PHA_GIA,XUYEN_THAT,2,true,true,2,false
BTCUSDT,1494,4,2,ABOVE,PHA_GIA,XUYEN_THAT,0,true,true,0,false
BTCUSDT,1495,2,2,ABOVE,XUYEN_THAT,XUYEN_THAT,0,true,false,1,false
BTCUSDT,1496,8,2,BELOW,GIU,XUYEN_THAT,2,false,false,,
BTCUSDT,1497,5,1,BELOW,GIU,CHAN,3,false,false,,
BTCUSDT,1498,3,1,BELOW,GIU,CHAN,2,false,false,,
BTCUSDT,1499,2,2,BELOW,PHA_GIA,CHAN,3,true,true,1,false
BTCUSDT,1500,2,2,ABOVE,PHA_GIA,XUYEN_THAT,2,true,true,2,false
BTCUSDT,1501,1,1,ABOVE,GIU,CHAN,1,false,false,,
BTCUSDT,1502,5,2,ABOVE,PHA_GIA,XUYEN_THAT,2,true,true,5,false
BTCUSDT,1503,2,1,ABOVE,GIU,CHAN,1,false,false,,
BTCUSDT,1505,11,2,ABOVE,PHA_GIA,XUYEN_THAT,2,true,true,4,false
BTCUSDT,1506,13,2,ABOVE,PHA_GIA,XUYEN_THAT,1,true,true,2,false
BTCUSDT,1507,14,2,ABOVE,PHA_GIA,XUYEN_THAT,1,true,true,3,false
ETHUSDT,0,5,2,BELOW,GIU,XUYEN_THAT,2,false,false,,
ETHUSDT,1,3,2,ABOVE,PHA_GIA,CHAN,0,true,true,1,false
ETHUSDT,2,1,1,ABOVE,GIU,CHAN,1,false,false,,
ETHUSDT,3,18,2,BELOW,XUYEN_THAT,XUYEN_THAT,0,true,false,1,false
ETHUSDT,6,13,2,BELOW,XUYEN_THAT,XUYEN_THAT,1,true,false,0,false
ETHUSDT,7,22,2,BELOW,PHA_GIA,XUYEN_THAT,1,true,true,2,false
ETHUSDT,8,6,1,ABOVE,GIU,CHAN,3,false,false,,
ETHUSDT,9,1,1,BELOW,GIU,CHAN,1,false,false,,
ETHUSDT,10,16,2,BELOW,XUYEN_THAT,XUYEN_THAT,1,true,false,6,false
ETHUSDT,11,2,2,BELOW,XUYEN_THAT,XUYEN_THAT,1,true,false,1,false
ETHUSDT,12,3,1,ABOVE,GIU,CHAN,3,false,false,,
ETHUSDT,13,30,2,BELOW,GIU,XUYEN_THAT,2,false,false,,
ETHUSDT,14,20,2,ABOVE,XUYEN_THAT,XUYEN_THAT,3,true,false,8,false
ETHUSDT,15,1,1,BELOW,GIU,CHAN,3,false,false,,
ETHUSDT,16,17,2,ABOVE,GIU,XUYEN_THAT,1,false,false,,
ETHUSDT,17,9,2,BELOW,PHA_GIA,XUYEN_THAT,0,true,true,1,false
ETHUSDT,19,1,1,ABOVE,GIU,CHAN,1,false,false,,
ETHUSDT,20,5,2,ABOVE,PHA_GIA,XUYEN_THAT,0,true,true,0,false
ETHUSDT,21,19,2,BELOW,GIU,XUYEN_THAT,3,false,false,,
ETHUSDT,22,13,2,BELOW,XUYEN_THAT,XUYEN_THAT,1,true,false,3,false
ETHUSDT,23,9,2,ABOVE,GIU,XUYEN_THAT,4,false,false,,
ETHUSDT,24,17,2,BELOW,XUYEN_THAT,XUYEN_THAT,0,true,false,0,false
ETHUSDT,25,4,1,ABOVE,GIU,CHAN,2,false,false,,
ETHUSDT,26,5,2,BELOW,GIU,XUYEN_THAT,4,false,false,,
ETHUSDT,27,30,2,BELOW,GIU,XUYEN_THAT,3,false,false,,
ETHUSDT,28,19,2,BELOW,GIU,XUYEN_THAT,2,false,false,,
ETHUSDT,30,2,1,BELOW,GIU,CHAN,2,false,false,,
ETHUSDT,31,11,2,BELOW,PHA_GIA,XUYEN_THAT,0,true,true,0,false
ETHUSDT,32,7,2,ABOVE,GIU,XUYEN_THAT,2,false,false,,
ETHUSDT,33,1,1,ABOVE,GIU,CHAN,2,false,false,,
ETHUSDT,34,51,2,BELOW,GIU,XUYEN_THAT,1,false,false,,
ETHUSDT,35,18,2,BELOW,XUYEN_THAT,XUYEN_THAT,1,true,false,1,false
ETHUSDT,36,25,2,BELOW,GIU,XUYEN_THAT,3,false,false,,
ETHUSDT,37,1,1,ABOVE,XUYEN_THAT,XUYEN_THAT,3,true,false,2,false
ETHUSDT,38,42,2,BELOW,PHA_GIA,XUYEN_THAT,3,true,true,3,false
ETHUSDT,39,3,1,BELOW,GIU,CHAN,1,false,false,,
ETHUSDT,40,27,2,BELOW,PHA_GIA,XUYEN_THAT,1,true,true,2,false
ETHUSDT,41,24,2,ABOVE,PHA_GIA,XUYEN_THAT,3,true,true,8,true
ETHUSDT,43,18,2,BELOW,PHA_GIA,XUYEN_THAT,2,true,true,1,false
ETHUSDT,44,3,1,ABOVE,GIU,CHAN,2,false,false,,
ETHUSDT,46,14,2,ABOVE,GIU,XUYEN_THAT,1,false,false,,
ETHUSDT,47,4,2,BELOW,PHA_GIA,XUYEN_THAT,1,true,true,5,false
ETHUSDT,48,4,1,BELOW,GIU,CHAN,4,false,false,,
ETHUSDT,49,9,2,BELOW,GIU,XUYEN_THAT,2,false,false,,
ETHUSDT,50,20,2,BELOW,XUYEN_THAT,XUYEN_THAT,2,true,false,6,false
ETHUSDT,51,7,2,BELOW,GIU,XUYEN_THAT,2,false,false,,
ETHUSDT,52,3,2,BELOW,PHA_GIA,XUYEN_THAT,1,true,true,1,false
ETHUSDT,53,1,1,ABOVE,GIU,CHAN,1,false,false,,
ETHUSDT,54,6,1,BELOW,GIU,CHAN,1,false,false,,
ETHUSDT,55,16,2,BELOW,PHA_GIA,XUYEN_THAT,4,true,true,7,false
ETHUSDT,56,12,2,BELOW,XUYEN_THAT,XUYEN_THAT,2,true,false,1,false
ETHUSDT,57,3,2,BELOW,XUYEN_THAT,XUYEN_THAT,0,true,false,2,false
ETHUSDT,58,7,2,ABOVE,PHA_GIA,XUYEN_THAT,1,true,true,4,false
ETHUSDT,59,1,1,BELOW,XUYEN_THAT,XUYEN_THAT,0,true,false,0,false
ETHUSDT,60,21,2,ABOVE,PHA_GIA,XUYEN_THAT,1,true,true,6,false
ETHUSDT,61,13,2,BELOW,PHA_GIA,XUYEN_THAT,3,true,true,2,false
ETHUSDT,63,13,2,BELOW,PHA_GIA,XUYEN_THAT,0,true,true,3,false
ETHUSDT,64,12,2,ABOVE,PHA_GIA,XUYEN_THAT,1,true,true,4,false
ETHUSDT,65,3,2,BELOW,PHA_GIA,CHAN,2,true,true,0,false
ETHUSDT,66,15,2,BELOW,GIU,XUYEN_THAT,2,false,false,,
ETHUSDT,67,15,2,BELOW,PHA_GIA,XUYEN_THAT,1,true,true,0,false
ETHUSDT,71,6,2,BELOW,XUYEN_THAT,XUYEN_THAT,3,true,false,1,false
ETHUSDT,73,1,1,BELOW,GIU,CHAN,3,false,false,,
ETHUSDT,74,7,2,BELOW,PHA_GIA,XUYEN_THAT,1,true,true,2,false
ETHUSDT,75,4,1,BELOW,GIU,CHAN,2,false,false,,
ETHUSDT,76,2,2,ABOVE,PHA_GIA,CHAN,2,true,true,2,false
ETHUSDT,77,2,1,ABOVE,GIU,CHAN,1,false,false,,
ETHUSDT,79,38,2,ABOVE,GIU,XUYEN_THAT,3,false,false,,
ETHUSDT,80,5,2,BELOW,XUYEN_THAT,XUYEN_THAT,0,true,false,1,false
ETHUSDT,81,3,2,ABOVE,PHA_GIA,CHAN,2,true,true,3,false
ETHUSDT,83,5,2,BELOW,XUYEN_THAT,XUYEN_THAT,2,true,false,0,false
ETHUSDT,84,6,1,BELOW,GIU,CHAN,0,false,false,,
ETHUSDT,87,25,2,ABOVE,PHA_GIA,XUYEN_THAT,2,true,true,8,false
ETHUSDT,88,1,1,BELOW,GIU,CHAN,3,false,false,,
ETHUSDT,89,4,1,BELOW,GIU,CHAN,0,false,false,,
ETHUSDT,90,2,1,BELOW,PHA_GIA,CHAN,1,true,true,5,false
ETHUSDT,92,1,1,BELOW,GIU,CHAN,2,false,false,,
ETHUSDT,94,9,2,BELOW,XUYEN_THAT,XUYEN_THAT,1,true,false,2,false
ETHUSDT,95,3,2,BELOW,XUYEN_THAT,XUYEN_THAT,0,true,false,0,false
ETHUSDT,96,5,1,ABOVE,GIU,CHAN,1,false,false,,
ETHUSDT,100,6,2,ABOVE,PHA_GIA,CHAN,2,true,true,8,false
ETHUSDT,101,1,1,BELOW,PHA_GIA,CHAN,1,true,true,1,false
ETHUSDT,102,11,2,ABOVE,PHA_GIA,XUYEN_THAT,1,true,true,0,false
ETHUSDT,103,8,2,BELOW,GIU,XUYEN_THAT,3,false,false,,
ETHUSDT,104,15,2,BELOW,GIU,XUYEN_THAT,1,false,false,,
ETHUSDT,105,9,2,ABOVE,GIU,XUYEN_THAT,1,false,false,,
ETHUSDT,106,7,2,ABOVE,XUYEN_THAT,XUYEN_THAT,1,true,false,5,false
ETHUSDT,107,6,2,ABOVE,PHA_GIA,XUYEN_THAT,1,true,true,3,false
ETHUSDT,108,8,2,BELOW,GIU,CHAN,2,false,false,,
ETHUSDT,109,4,2,ABOVE,XUYEN_THAT,XUYEN_THAT,2,true,false,4,false
ETHUSDT,110,8,1,BELOW,GIU,CHAN,1,false,false,,
ETHUSDT,111,3,1,ABOVE,GIU,CHAN,2,false,false,,
ETHUSDT,112,11,2,ABOVE,PHA_GIA,XUYEN_THAT,0,true,true,0,false
ETHUSDT,113,10,2,BELOW,PHA_GIA,CHAN,1,true,true,0,false
ETHUSDT,115,18,2,BELOW,PHA_GIA,XUYEN_THAT,0,true,true,0,false
ETHUSDT,116,14,2,ABOVE,GIU,XUYEN_THAT,1,false,false,,
ETHUSDT,117,15,2,ABOVE,XUYEN_THAT,XUYEN_THAT,2,true,false,3,false
ETHUSDT,119,11,2,BELOW,GIU,XUYEN_THAT,1,false,false,,
ETHUSDT,121,1,1,ABOVE,GIU,CHAN,2,false,false,,
ETHUSDT,122,1,1,ABOVE,PHA_GIA,CHAN,0,true,true,0,false
ETHUSDT,123,17,2,BELOW,XUYEN_THAT,XUYEN_THAT,3,true,false,6,false
ETHUSDT,124,17,2,BELOW,PHA_GIA,XUYEN_THAT,0,true,true,0,false
ETHUSDT,125,13,2,BELOW,GIU,XUYEN_THAT,1,false,false,,
ETHUSDT,126,6,2,BELOW,XUYEN_THAT,XUYEN_THAT,2,true,false,2,false
ETHUSDT,128,6,2,ABOVE,XUYEN_THAT,XUYEN_THAT,1,true,false,0,false
ETHUSDT,129,8,2,ABOVE,GIU,XUYEN_THAT,1,false,false,,
ETHUSDT,131,2,1,ABOVE,GIU,CHAN,1,false,false,,
ETHUSDT,132,6,1,BELOW,GIU,CHAN,1,false,false,,
ETHUSDT,133,2,1,BELOW,GIU,CHAN,2,false,false,,
ETHUSDT,134,13,2,ABOVE,PHA_GIA,XUYEN_THAT,1,true,true,3,false
ETHUSDT,135,1,1,BELOW,PHA_GIA,CHAN,1,true,true,0,false
ETHUSDT,136,2,2,BELOW,PHA_GIA,XUYEN_THAT,2,true,true,2,false
ETHUSDT,137,2,2,BELOW,PHA_GIA,CHAN,1,true,true,3,false
ETHUSDT,138,1,1,BELOW,PHA_GIA,CHAN,1,true,true,0,false
ETHUSDT,140,6,2,BELOW,XUYEN_THAT,XUYEN_THAT,2,true,false,6,false
ETHUSDT,141,17,2,ABOVE,PHA_GIA,XUYEN_THAT,1,true,true,0,false
ETHUSDT,142,10,2,ABOVE,PHA_GIA,XUYEN_THAT,2,true,true,3,false
ETHUSDT,143,1,1,BELOW,GIU,CHAN,3,false,false,,
ETHUSDT,144,30,2,ABOVE,GIU,XUYEN_THAT,0,false,false,,
ETHUSDT,145,13,2,BELOW,GIU,XUYEN_THAT,1,false,false,,
ETHUSDT,146,8,2,ABOVE,GIU,XUYEN_THAT,2,false,false,,
ETHUSDT,147,2,2,ABOVE,PHA_GIA,CHAN,2,true,true,2,false
ETHUSDT,148,7,2,BELOW,PHA_GIA,XUYEN_THAT,1,true,true,2,false
ETHUSDT,149,6,2,BELOW,PHA_GIA,CHAN,2,true,true,2,false
ETHUSDT,151,5,2,BELOW,PHA_GIA,XUYEN_THAT,3,true,true,1,false
ETHUSDT,153,8,2,ABOVE,GIU,XUYEN_THAT,2,false,false,,
ETHUSDT,154,4,2,BELOW,XUYEN_THAT,XUYEN_THAT,1,true,false,8,false
ETHUSDT,155,11,2,ABOVE,GIU,XUYEN_THAT,3,false,false,,
ETHUSDT,158,17,2,ABOVE,PHA_GIA,XUYEN_THAT,3,true,true,1,false
ETHUSDT,159,29,2,ABOVE,GIU,XUYEN_THAT,1,false,false,,
ETHUSDT,160,8,2,ABOVE,GIU,XUYEN_THAT,1,false,false,,
ETHUSDT,161,6,1,ABOVE,GIU,XUYEN_THAT,1,false,false,,
ETHUSDT,163,13,2,ABOVE,GIU,XUYEN_THAT,1,false,false,,
ETHUSDT,164,9,2,BELOW,GIU,XUYEN_THAT,0,false,false,,
ETHUSDT,167,4,2,BELOW,GIU,XUYEN_THAT,2,false,false,,
ETHUSDT,168,4,1,ABOVE,GIU,CHAN,3,false,false,,
ETHUSDT,169,1,1,BELOW,GIU,CHAN,1,false,false,,
ETHUSDT,170,5,2,BELOW,PHA_GIA,CHAN,2,true,true,8,false
ETHUSDT,171,6,2,ABOVE,PHA_GIA,CHAN,2,true,true,4,false
ETHUSDT,172,4,2,ABOVE,PHA_GIA,CHAN,2,true,true,8,false
ETHUSDT,173,9,2,BELOW,XUYEN_THAT,XUYEN_THAT,1,true,false,1,false
ETHUSDT,174,10,2,ABOVE,GIU,CHAN,2,false,false,,
ETHUSDT,175,12,2,BELOW,GIU,CHAN,3,false,false,,
ETHUSDT,176,2,1,BELOW,GIU,CHAN,1,false,false,,
ETHUSDT,177,1,1,BELOW,PHA_GIA,CHAN,1,true,true,0,false
ETHUSDT,178,4,2,BELOW,PHA_GIA,CHAN,2,true,true,1,false
ETHUSDT,179,4,2,BELOW,PHA_GIA,XUYEN_THAT,2,true,true,6,false
ETHUSDT,180,33,2,BELOW,GIU,XUYEN_THAT,1,false,false,,
ETHUSDT,181,1,1,ABOVE,PHA_GIA,CHAN,2,true,true,0,false
ETHUSDT,182,19,2,ABOVE,XUYEN_THAT,XUYEN_THAT,0,true,false,3,false
ETHUSDT,183,1,1,BELOW,GIU,CHAN,3,false,false,,
ETHUSDT,184,6,1,ABOVE,XUYEN_THAT,XUYEN_THAT,1,true,false,0,false
ETHUSDT,186,15,2,BELOW,XUYEN_THAT,XUYEN_THAT,0,true,false,4,false
ETHUSDT,187,12,2,ABOVE,XUYEN_THAT,XUYEN_THAT,4,true,false,2,false
ETHUSDT,188,24,2,ABOVE,GIU,XUYEN_THAT,3,false,false,,
ETHUSDT,189,20,2,BELOW,XUYEN_THAT,XUYEN_THAT,0,true,false,0,false
ETHUSDT,191,8,2,ABOVE,XUYEN_THAT,XUYEN_THAT,0,true,false,5,false
ETHUSDT,192,5,2,BELOW,PHA_GIA,XUYEN_THAT,0,true,true,0,false
ETHUSDT,193,28,2,BELOW,GIU,XUYEN_THAT,2,false,false,,
ETHUSDT,194,2,1,ABOVE,GIU,CHAN,4,false,false,,
ETHUSDT,195,27,2,ABOVE,GIU,XUYEN_THAT,2,false,false,,
ETHUSDT,197,17,2,BELOW,GIU,XUYEN_THAT,2,false,false,,
ETHUSDT,198,8,2,ABOVE,PHA_GIA,XUYEN_THAT,1,true,true,8,false
ETHUSDT,199,2,2,ABOVE,PHA_GIA,XUYEN_THAT,1,true,true,1,false
ETHUSDT,200,11,2,ABOVE,GIU,XUYEN_THAT,1,false,false,,
ETHUSDT,201,2,2,BELOW,PHA_GIA,CHAN,2,true,true,1,false
ETHUSDT,202,15,2,BELOW,XUYEN_THAT,XUYEN_THAT,2,true,false,3,false
ETHUSDT,204,6,2,BELOW,PHA_GIA,XUYEN_THAT,1,true,true,0,false
ETHUSDT,205,8,2,BELOW,PHA_GIA,CHAN,2,true,true,8,false
ETHUSDT,207,51,2,ABOVE,GIU,XUYEN_THAT,2,false,false,,
ETHUSDT,208,4,1,ABOVE,GIU,CHAN,3,false,false,,
ETHUSDT,209,1,1,ABOVE,PHA_GIA,CHAN,1,true,true,2,false
ETHUSDT,211,26,2,ABOVE,PHA_GIA,XUYEN_THAT,0,true,true,0,false
ETHUSDT,212,1,1,BELOW,PHA_GIA,CHAN,1,true,true,0,false
ETHUSDT,213,3,1,BELOW,GIU,CHAN,0,false,false,,
ETHUSDT,215,6,2,ABOVE,PHA_GIA,XUYEN_THAT,1,true,true,2,false
ETHUSDT,216,17,2,ABOVE,GIU,XUYEN_THAT,0,false,false,,
ETHUSDT,217,6,2,BELOW,PHA_GIA,CHAN,1,true,true,0,false
ETHUSDT,222,8,2,ABOVE,GIU,CHAN,2,false,false,,
ETHUSDT,223,1,1,BELOW,GIU,CHAN,3,false,false,,
ETHUSDT,224,2,2,ABOVE,XUYEN_THAT,XUYEN_THAT,2,true,false,1,false
ETHUSDT,225,3,1,ABOVE,PHA_GIA,CHAN,0,true,true,0,false
ETHUSDT,226,6,2,BELOW,GIU,XUYEN_THAT,3,false,false,,
ETHUSDT,227,11,1,BELOW,GIU,CHAN,1,false,false,,
ETHUSDT,228,11,2,ABOVE,XUYEN_THAT,XUYEN_THAT,1,true,false,6,false
ETHUSDT,229,23,2,BELOW,GIU,XUYEN_THAT,2,false,false,,
ETHUSDT,230,6,2,BELOW,PHA_GIA,XUYEN_THAT,2,true,true,7,false
ETHUSDT,232,6,1,ABOVE,PHA_GIA,XUYEN_THAT,1,true,true,3,false
ETHUSDT,233,4,1,BELOW,GIU,CHAN,3,false,false,,
ETHUSDT,234,1,1,ABOVE,GIU,CHAN,1,false,false,,
ETHUSDT,235,1,1,BELOW,GIU,CHAN,2,false,false,,
ETHUSDT,236,1,1,ABOVE,GIU,CHAN,1,false,false,,
ETHUSDT,237,11,2,ABOVE,GIU,XUYEN_THAT,1,false,false,,
ETHUSDT,239,10,2,BELOW,XUYEN_THAT,XUYEN_THAT,0,true,false,0,false
ETHUSDT,240,19,2,ABOVE,GIU,XUYEN_THAT,1,false,false,,
ETHUSDT,243,16,2,ABOVE,GIU,XUYEN_THAT,2,false,false,,
ETHUSDT,244,5,2,ABOVE,GIU,XUYEN_THAT,1,false,false,,
ETHUSDT,245,19,2,BELOW,GIU,XUYEN_THAT,3,false,false,,
ETHUSDT,246,12,2,ABOVE,PHA_GIA,XUYEN_THAT,2,true,true,1,false
ETHUSDT,247,6,2,BELOW,GIU,CHAN,1,false,false,,
ETHUSDT,249,3,1,ABOVE,GIU,XUYEN_THAT,2,false,false,,
ETHUSDT,250,29,2,ABOVE,XUYEN_THAT,XUYEN_THAT,3,true,false,7,false
ETHUSDT,251,6,2,ABOVE,GIU,XUYEN_THAT,3,false,false,,
ETHUSDT,252,6,1,ABOVE,GIU,CHAN,1,false,false,,
ETHUSDT,253,3,2,BELOW,PHA_GIA,CHAN,1,true,true,1,false
ETHUSDT,254,12,2,ABOVE,PHA_GIA,XUYEN_THAT,1,true,true,0,false
ETHUSDT,256,4,1,BELOW,PHA_GIA,CHAN,0,true,true,0,false
ETHUSDT,257,13,2,BELOW,GIU,XUYEN_THAT,3,false,false,,
ETHUSDT,258,14,2,BELOW,PHA_GIA,XUYEN_THAT,1,true,true,1,false
ETHUSDT,259,1,1,ABOVE,PHA_GIA,CHAN,0,true,true,1,false
ETHUSDT,260,3,2,ABOVE,PHA_GIA,XUYEN_THAT,1,true,true,1,false
ETHUSDT,261,3,2,ABOVE,XUYEN_THAT,XUYEN_THAT,1,true,false,2,false
ETHUSDT,262,2,1,BELOW,GIU,CHAN,3,false,false,,
ETHUSDT,263,9,2,ABOVE,GIU,XUYEN_THAT,1,false,false,,
ETHUSDT,264,3,2,ABOVE,PHA_GIA,XUYEN_THAT,2,true,true,2,false
ETHUSDT,265,2,1,ABOVE,GIU,CHAN,1,false,false,,
ETHUSDT,267,14,2,ABOVE,GIU,XUYEN_THAT,1,false,false,,
ETHUSDT,268,4,1,BELOW,GIU,CHAN,3,false,false,,
ETHUSDT,269,1,1,BELOW,GIU,CHAN,2,false,false,,
ETHUSDT,270,17,2,BELOW,PHA_GIA,XUYEN_THAT,2,true,true,4,false
ETHUSDT,271,3,2,ABOVE,XUYEN_THAT,XUYEN_THAT,3,true,false,4,false
ETHUSDT,272,2,1,BELOW,PHA_GIA,CHAN,3,true,true,2,false
ETHUSDT,274,27,2,ABOVE,XUYEN_THAT,XUYEN_THAT,0,true,false,5,false
ETHUSDT,275,11,2,BELOW,PHA_GIA,XUYEN_THAT,3,true,true,4,false
ETHUSDT,276,4,2,BELOW,GIU,XUYEN_THAT,2,false,false,,
ETHUSDT,277,5,2,BELOW,GIU,XUYEN_THAT,3,false,false,,
ETHUSDT,279,37,2,ABOVE,XUYEN_THAT,XUYEN_THAT,2,true,false,4,false
ETHUSDT,280,5,2,ABOVE,GIU,CHAN,1,false,false,,
ETHUSDT,281,2,1,ABOVE,GIU,CHAN,1,false,false,,
ETHUSDT,282,7,2,ABOVE,GIU,XUYEN_THAT,4,false,false,,
ETHUSDT,284,20,2,BELOW,GIU,XUYEN_THAT,2,false,false,,
ETHUSDT,285,4,1,BELOW,GIU,CHAN,1,false,false,,
ETHUSDT,286,1,1,BELOW,PHA_GIA,CHAN,3,true,true,1,false
ETHUSDT,287,3,1,ABOVE,XUYEN_THAT,XUYEN_THAT,1,true,false,2,false
ETHUSDT,288,7,2,ABOVE,XUYEN_THAT,XUYEN_THAT,4,true,false,7,false
ETHUSDT,289,1,1,BELOW,GIU,CHAN,1,false,false,,
ETHUSDT,290,6,1,BELOW,GIU,CHAN,2,false,false,,
ETHUSDT,291,1,1,BELOW,GIU,CHAN,2,false,false,,
ETHUSDT,292,10,2,ABOVE,GIU,XUYEN_THAT,3,false,false,,
ETHUSDT,293,1,1,BELOW,GIU,CHAN,1,false,false,,
ETHUSDT,294,3,2,ABOVE,XUYEN_THAT,XUYEN_THAT,3,true,false,8,false
ETHUSDT,296,7,2,BELOW,PHA_GIA,XUYEN_THAT,2,true,true,1,false
ETHUSDT,299,5,2,BELOW,PHA_GIA,XUYEN_THAT,0,true,true,1,false
ETHUSDT,300,22,2,BELOW,PHA_GIA,XUYEN_THAT,1,true,true,3,false
ETHUSDT,301,2,1,BELOW,GIU,CHAN,1,false,false,,
ETHUSDT,303,3,1,BELOW,GIU,XUYEN_THAT,1,false,false,,
ETHUSDT,304,1,1,ABOVE,PHA_GIA,CHAN,0,true,true,0,false
ETHUSDT,305,11,2,BELOW,GIU,XUYEN_THAT,3,false,false,,
ETHUSDT,307,1,1,ABOVE,GIU,CHAN,0,false,false,,
ETHUSDT,308,3,2,ABOVE,XUYEN_THAT,XUYEN_THAT,0,true,false,0,false
ETHUSDT,310,1,1,BELOW,GIU,CHAN,1,false,false,,
ETHUSDT,311,5,2,ABOVE,XUYEN_THAT,XUYEN_THAT,2,true,false,3,false
ETHUSDT,312,8,2,ABOVE,PHA_GIA,XUYEN_THAT,2,true,true,1,false
ETHUSDT,314,1,1,BELOW,PHA_GIA,CHAN,1,true,true,1,false
ETHUSDT,317,7,2,ABOVE,GIU,XUYEN_THAT,1,false,false,,
ETHUSDT,319,4,2,ABOVE,XUYEN_THAT,XUYEN_THAT,2,true,false,4,false
ETHUSDT,320,3,2,BELOW,PHA_GIA,XUYEN_THAT,2,true,true,1,false
ETHUSDT,321,12,2,BELOW,PHA_GIA,XUYEN_THAT,3,true,true,6,false
ETHUSDT,322,2,1,BELOW,GIU,CHAN,2,false,false,,
ETHUSDT,323,7,2,ABOVE,PHA_GIA,XUYEN_THAT,0,true,true,0,false
ETHUSDT,326,11,2,BELOW,GIU,XUYEN_THAT,2,false,false,,
ETHUSDT,327,8,2,BELOW,PHA_GIA,CHAN,1,true,true,8,false
ETHUSDT,328,1,1,BELOW,XUYEN_THAT,XUYEN_THAT,1,true,false,1,false
ETHUSDT,329,14,2,BELOW,XUYEN_THAT,XUYEN_THAT,0,true,false,0,false
ETHUSDT,330,2,2,BELOW,PHA_GIA,XUYEN_THAT,2,true,true,0,false
ETHUSDT,331,8,2,BELOW,PHA_GIA,XUYEN_THAT,1,true,true,0,false
ETHUSDT,332,3,2,BELOW,GIU,CHAN,2,false,false,,
ETHUSDT,334,3,1,ABOVE,GIU,CHAN,1,false,false,,
ETHUSDT,335,9,2,ABOVE,GIU,XUYEN_THAT,2,false,false,,
ETHUSDT,336,8,2,BELOW,XUYEN_THAT,XUYEN_THAT,0,true,false,0,false
ETHUSDT,337,11,2,BELOW,GIU,XUYEN_THAT,5,false,false,,
ETHUSDT,338,4,1,ABOVE,PHA_GIA,CHAN,1,true,true,5,false
ETHUSDT,339,4,2,ABOVE,GIU,CHAN,1,false,false,,
ETHUSDT,340,4,1,BELOW,GIU,CHAN,3,false,false,,
ETHUSDT,342,14,2,ABOVE,PHA_GIA,XUYEN_THAT,2,true,true,3,false
ETHUSDT,343,5,2,BELOW,XUYEN_THAT,XUYEN_THAT,0,true,false,1,false
ETHUSDT,344,20,2,ABOVE,GIU,XUYEN_THAT,2,false,false,,
ETHUSDT,345,1,1,ABOVE,GIU,CHAN,1,false,false,,
ETHUSDT,347,2,2,BELOW,XUYEN_THAT,XUYEN_THAT,1,true,false,2,true
ETHUSDT,350,20,2,ABOVE,GIU,XUYEN_THAT,1,false,false,,
ETHUSDT,351,15,2,ABOVE,PHA_GIA,XUYEN_THAT,1,true,true,2,false
ETHUSDT,353,10,2,ABOVE,PHA_GIA,XUYEN_THAT,0,true,true,1,false
ETHUSDT,354,16,2,BELOW,GIU,XUYEN_THAT,1,false,false,,
ETHUSDT,355,1,1,ABOVE,GIU,CHAN,2,false,false,,
ETHUSDT,356,3,1,ABOVE,GIU,CHAN,0,false,false,,
ETHUSDT,357,23,2,BELOW,PHA_GIA,XUYEN_THAT,4,true,true,4,false
ETHUSDT,361,5,1,ABOVE,GIU,CHAN,2,false,false,,
ETHUSDT,363,15,2,ABOVE,GIU,XUYEN_THAT,2,false,false,,
ETHUSDT,364,11,2,ABOVE,PHA_GIA,XUYEN_THAT,1,true,true,0,false
ETHUSDT,365,7,2,BELOW,PHA_GIA,XUYEN_THAT,0,true,true,6,false
ETHUSDT,366,19,2,BELOW,PHA_GIA,XUYEN_THAT,0,true,true,0,false
ETHUSDT,367,5,2,BELOW,XUYEN_THAT,XUYEN_THAT,1,true,false,6,false
ETHUSDT,370,3,1,ABOVE,GIU,CHAN,2,false,false,,
ETHUSDT,371,5,1,BELOW,XUYEN_THAT,XUYEN_THAT,0,true,false,8,false
ETHUSDT,372,15,2,BELOW,XUYEN_THAT,XUYEN_THAT,2,true,false,4,false
ETHUSDT,373,2,1,ABOVE,PHA_GIA,CHAN,2,true,true,0,false
ETHUSDT,374,13,2,BELOW,GIU,XUYEN_THAT,1,false,false,,
ETHUSDT,375,3,1,BELOW,PHA_GIA,CHAN,2,true,true,7,false
ETHUSDT,376,29,2,ABOVE,GIU,XUYEN_THAT,3,false,false,,
ETHUSDT,378,11,2,BELOW,XUYEN_THAT,XUYEN_THAT,1,true,false,1,false
ETHUSDT,379,18,2,ABOVE,PHA_GIA,XUYEN_THAT,3,true,true,5,false
ETHUSDT,380,17,2,ABOVE,XUYEN_THAT,XUYEN_THAT,0,true,false,7,false
ETHUSDT,381,6,2,BELOW,PHA_GIA,CHAN,2,true,true,2,false
ETHUSDT,383,2,1,BELOW,GIU,CHAN,3,false,false,,
ETHUSDT,385,13,2,ABOVE,GIU,XUYEN_THAT,1,false,false,,
ETHUSDT,386,3,1,BELOW,GIU,CHAN,1,false,false,,
ETHUSDT,387,5,1,BELOW,GIU,CHAN,1,false,false,,
ETHUSDT,388,3,2,BELOW,GIU,CHAN,2,false,false,,
ETHUSDT,389,18,2,BELOW,GIU,XUYEN_THAT,3,false,false,,
ETHUSDT,390,6,2,BELOW,PHA_GIA,CHAN,2,true,true,2,false
ETHUSDT,391,4,1,BELOW,GIU,CHAN,3,false,false,,
ETHUSDT,392,11,2,ABOVE,XUYEN_THAT,XUYEN_THAT,1,true,false,0,false
ETHUSDT,393,3,2,BELOW,PHA_GIA,CHAN,3,true,true,3,false
ETHUSDT,394,4,2,BELOW,XUYEN_THAT,XUYEN_THAT,2,true,false,6,false
ETHUSDT,397,13,2,BELOW,XUYEN_THAT,XUYEN_THAT,0,true,false,1,false
ETHUSDT,400,9,2,BELOW,XUYEN_THAT,XUYEN_THAT,2,true,false,8,false
ETHUSDT,401,3,1,ABOVE,GIU,CHAN,0,false,false,,
ETHUSDT,402,4,2,BELOW,PHA_GIA,CHAN,2,true,true,5,false
ETHUSDT,403,4,2,ABOVE,XUYEN_THAT,XUYEN_THAT,3,true,false,2,false
ETHUSDT,404,3,1,BELOW,GIU,CHAN,0,false,false,,
ETHUSDT,406,4,2,BELOW,PHA_GIA,XUYEN_THAT,1,true,true,0,false
ETHUSDT,407,1,1,BELOW,GIU,CHAN,1,false,false,,
ETHUSDT,408,1,1,ABOVE,XUYEN_THAT,XUYEN_THAT,0,true,false,0,false
ETHUSDT,409,1,1,BELOW,GIU,CHAN,1,false,false,,
ETHUSDT,410,3,1,BELOW,PHA_GIA,CHAN,2,true,true,5,false
ETHUSDT,411,6,2,BELOW,XUYEN_THAT,XUYEN_THAT,2,true,false,2,false
ETHUSDT,412,4,2,ABOVE,PHA_GIA,XUYEN_THAT,2,true,true,3,false
ETHUSDT,413,2,1,ABOVE,XUYEN_THAT,XUYEN_THAT,2,true,false,3,false
ETHUSDT,416,1,1,ABOVE,XUYEN_THAT,XUYEN_THAT,0,true,false,0,false
ETHUSDT,417,14,2,BELOW,GIU,XUYEN_THAT,1,false,false,,
ETHUSDT,419,3,1,ABOVE,GIU,CHAN,1,false,false,,
ETHUSDT,420,4,2,BELOW,PHA_GIA,CHAN,0,true,true,0,false
ETHUSDT,421,6,1,ABOVE,GIU,CHAN,3,false,false,,
ETHUSDT,422,4,1,BELOW,GIU,CHAN,1,false,false,,
ETHUSDT,424,11,2,ABOVE,XUYEN_THAT,XUYEN_THAT,0,true,false,0,false
ETHUSDT,425,1,1,BELOW,PHA_GIA,CHAN,2,true,true,4,false
ETHUSDT,428,7,2,BELOW,PHA_GIA,XUYEN_THAT,1,true,true,1,false
ETHUSDT,431,7,2,ABOVE,GIU,XUYEN_THAT,2,false,false,,
ETHUSDT,435,5,2,BELOW,GIU,XUYEN_THAT,2,false,false,,
ETHUSDT,436,8,2,BELOW,PHA_GIA,CHAN,3,true,true,8,false
ETHUSDT,437,5,2,BELOW,XUYEN_THAT,XUYEN_THAT,1,true,false,6,false
ETHUSDT,438,1,1,ABOVE,PHA_GIA,CHAN,1,true,true,2,false
ETHUSDT,439,4,1,BELOW,GIU,CHAN,1,false,false,,
ETHUSDT,440,1,1,ABOVE,GIU,CHAN,1,false,false,,
ETHUSDT,441,13,2,ABOVE,GIU,XUYEN_THAT,1,false,false,,
ETHUSDT,442,1,1,ABOVE,XUYEN_THAT,XUYEN_THAT,0,true,false,0,false
ETHUSDT,444,6,2,BELOW,PHA_GIA,XUYEN_THAT,3,true,true,3,false
ETHUSDT,446,11,2,ABOVE,GIU,CHAN,1,false,false,,
ETHUSDT,447,1,1,BELOW,PHA_GIA,CHAN,1,true,true,4,false
ETHUSDT,448,22,2,ABOVE,GIU,XUYEN_THAT,2,false,false,,
ETHUSDT,449,8,1,ABOVE,GIU,CHAN,2,false,false,,
ETHUSDT,452,16,2,BELOW,XUYEN_THAT,XUYEN_THAT,0,true,false,1,false
ETHUSDT,453,7,2,BELOW,XUYEN_THAT,XUYEN_THAT,3,true,false,8,false
ETHUSDT,454,1,1,BELOW,GIU,CHAN,1,false,false,,
ETHUSDT,455,2,1,BELOW,PHA_GIA,CHAN,2,true,true,6,false
ETHUSDT,456,6,2,ABOVE,XUYEN_THAT,XUYEN_THAT,0,true,false,0,false
ETHUSDT,457,1,1,BELOW,GIU,CHAN,1,false,false,,
ETHUSDT,458,1,1,BELOW,GIU,CHAN,2,false,false,,
ETHUSDT,459,2,1,ABOVE,XUYEN_THAT,XUYEN_THAT,0,true,false,2,false
ETHUSDT,460,1,1,BELOW,GIU,CHAN,1,false,false,,
ETHUSDT,461,10,2,BELOW,GIU,XUYEN_THAT,2,false,false,,
ETHUSDT,462,11,2,ABOVE,GIU,CHAN,3,false,false,,
ETHUSDT,463,5,2,BELOW,PHA_GIA,CHAN,1,true,true,1,false
ETHUSDT,464,23,2,ABOVE,GIU,XUYEN_THAT,3,false,false,,
ETHUSDT,465,2,2,ABOVE,PHA_GIA,XUYEN_THAT,2,true,true,6,false
ETHUSDT,467,18,2,BELOW,XUYEN_THAT,XUYEN_THAT,2,true,false,1,false
ETHUSDT,468,8,2,BELOW,GIU,XUYEN_THAT,3,false,false,,
ETHUSDT,469,5,2,ABOVE,PHA_GIA,XUYEN_THAT,0,true,true,0,false
ETHUSDT,471,1,1,BELOW,XUYEN_THAT,XUYEN_THAT,0,true,false,0,false
ETHUSDT,474,7,2,BELOW,GIU,XUYEN_THAT,1,false,false,,
ETHUSDT,475,10,2,ABOVE,PHA_GIA,XUYEN_THAT,1,true,true,1,false
ETHUSDT,476,16,2,BELOW,XUYEN_THAT,XUYEN_THAT,1,true,false,5,false
ETHUSDT,477,8,2,ABOVE,PHA_GIA,XUYEN_THAT,2,true,true,4,false
ETHUSDT,478,8,2,ABOVE,GIU,XUYEN_THAT,2,false,false,,
ETHUSDT,479,1,1,ABOVE,PHA_GIA,CHAN,1,true,true,1,false
ETHUSDT,481,21,2,BELOW,PHA_GIA,XUYEN_THAT,0,true,true,0,false
ETHUSDT,486,1,1,BELOW,XUYEN_THAT,XUYEN_THAT,3,true,false,4,false
ETHUSDT,487,6,2,ABOVE,PHA_GIA,XUYEN_THAT,2,true,true,1,false
ETHUSDT,488,3,2,BELOW,PHA_GIA,CHAN,1,true,true,2,false
ETHUSDT,491,27,2,BELOW,GIU,XUYEN_THAT,1,false,false,,
ETHUSDT,492,12,2,ABOVE,GIU,CHAN,1,false,false,,
ETHUSDT,493,5,2,BELOW,PHA_GIA,XUYEN_THAT,0,true,true,0,false
ETHUSDT,494,28,2,BELOW,GIU,XUYEN_THAT,2,false,false,,
ETHUSDT,495,17,2,ABOVE,XUYEN_THAT,XUYEN_THAT,0,true,false,0,false
ETHUSDT,498,5,2,BELOW,XUYEN_THAT,XUYEN_THAT,2,true,false,6,false
ETHUSDT,499,3,1,ABOVE,GIU,CHAN,0,false,false,,
ETHUSDT,500,34,2,BELOW,GIU,XUYEN_THAT,1,false,false,,
ETHUSDT,501,2,1,BELOW,GIU,CHAN,0,false,false,,
ETHUSDT,503,4,1,ABOVE,GIU,CHAN,2,false,false,,
ETHUSDT,504,4,1,BELOW,GIU,CHAN,0,false,false,,
ETHUSDT,505,2,1,ABOVE,GIU,CHAN,1,false,false,,
ETHUSDT,506,28,2,BELOW,PHA_GIA,XUYEN_THAT,3,true,true,6,false
ETHUSDT,507,8,2,BELOW,XUYEN_THAT,XUYEN_THAT,0,true,false,0,false
ETHUSDT,509,2,1,ABOVE,XUYEN_THAT,XUYEN_THAT,3,true,false,7,false
ETHUSDT,510,23,2,BELOW,GIU,XUYEN_THAT,3,false,false,,
ETHUSDT,511,9,2,BELOW,PHA_GIA,CHAN,1,true,true,6,false
ETHUSDT,512,13,2,BELOW,GIU,XUYEN_THAT,2,false,false,,
ETHUSDT,514,11,2,ABOVE,PHA_GIA,XUYEN_THAT,0,true,true,1,false
ETHUSDT,515,19,2,ABOVE,XUYEN_THAT,XUYEN_THAT,2,true,false,2,false
ETHUSDT,516,5,2,ABOVE,GIU,CHAN,2,false,false,,
ETHUSDT,517,5,2,BELOW,PHA_GIA,CHAN,1,true,true,2,false
ETHUSDT,518,8,2,BELOW,GIU,CHAN,3,false,false,,
ETHUSDT,520,1,1,BELOW,GIU,CHAN,2,false,false,,
ETHUSDT,522,5,2,ABOVE,PHA_GIA,XUYEN_THAT,0,true,true,0,false
ETHUSDT,524,4,2,ABOVE,PHA_GIA,XUYEN_THAT,1,true,true,1,false
ETHUSDT,526,18,2,ABOVE,GIU,XUYEN_THAT,1,false,false,,
ETHUSDT,529,3,1,BELOW,GIU,CHAN,3,false,false,,
ETHUSDT,530,1,1,BELOW,PHA_GIA,CHAN,1,true,true,2,false
ETHUSDT,531,4,1,ABOVE,GIU,CHAN,2,false,false,,
ETHUSDT,532,4,2,ABOVE,GIU,XUYEN_THAT,4,false,false,,
ETHUSDT,534,1,1,BELOW,GIU,CHAN,3,false,false,,
ETHUSDT,535,1,1,ABOVE,GIU,CHAN,0,false,false,,
ETHUSDT,539,1,1,ABOVE,PHA_GIA,CHAN,0,true,true,0,false
ETHUSDT,542,9,2,ABOVE,GIU,XUYEN_THAT,2,false,false,,
ETHUSDT,543,2,2,ABOVE,PHA_GIA,CHAN,2,true,true,1,false
ETHUSDT,546,1,1,ABOVE,XUYEN_THAT,XUYEN_THAT,0,true,false,3,false
ETHUSDT,547,5,1,BELOW,GIU,CHAN,3,false,false,,
ETHUSDT,550,18,2,ABOVE,PHA_GIA,XUYEN_THAT,1,true,true,4,false
ETHUSDT,551,1,1,ABOVE,XUYEN_THAT,XUYEN_THAT,0,true,false,0,false
ETHUSDT,552,14,2,BELOW,GIU,XUYEN_THAT,3,false,false,,
ETHUSDT,553,3,2,BELOW,XUYEN_THAT,XUYEN_THAT,1,true,false,5,false
ETHUSDT,554,2,1,BELOW,XUYEN_THAT,XUYEN_THAT,4,true,false,6,false
ETHUSDT,555,19,2,ABOVE,PHA_GIA,XUYEN_THAT,1,true,true,0,false
ETHUSDT,557,24,2,BELOW,GIU,XUYEN_THAT,2,false,false,,
ETHUSDT,558,2,1,ABOVE,PHA_GIA,CHAN,3,true,true,4,false
ETHUSDT,561,8,2,ABOVE,XUYEN_THAT,XUYEN_THAT,1,true,false,6,false
ETHUSDT,563,24,2,ABOVE,GIU,XUYEN_THAT,0,false,false,,
ETHUSDT,564,2,1,BELOW,GIU,CHAN,2,false,false,,
ETHUSDT,566,4,2,BELOW,PHA_GIA,XUYEN_THAT,0,true,true,5,false
ETHUSDT,567,9,2,BELOW,GIU,XUYEN_THAT,2,false,false,,
ETHUSDT,568,5,2,ABOVE,GIU,XUYEN_THAT,3,false,false,,
ETHUSDT,569,2,2,ABOVE,PHA_GIA,CHAN,2,true,true,1,false
ETHUSDT,570,4,2,BELOW,XUYEN_THAT,XUYEN_THAT,2,true,false,1,false
ETHUSDT,572,2,2,BELOW,PHA_GIA,CHAN,2,true,true,4,false
ETHUSDT,573,21,2,BELOW,PHA_GIA,XUYEN_THAT,1,true,true,0,false
ETHUSDT,575,2,1,BELOW,GIU,CHAN,3,false,false,,
ETHUSDT,576,6,2,BELOW,GIU,CHAN,3,false,false,,
ETHUSDT,577,6,1,ABOVE,GIU,CHAN,2,false,false,,
ETHUSDT,579,10,2,ABOVE,GIU,XUYEN_THAT,3,false,false,,
ETHUSDT,580,4,2,BELOW,XUYEN_THAT,XUYEN_THAT,0,true,false,1,false
ETHUSDT,581,4,2,BELOW,XUYEN_THAT,XUYEN_THAT,2,true,false,6,false
ETHUSDT,583,4,1,BELOW,XUYEN_THAT,XUYEN_THAT,1,true,false,0,false
ETHUSDT,584,2,2,ABOVE,PHA_GIA,XUYEN_THAT,1,true,true,2,false
ETHUSDT,585,14,2,ABOVE,PHA_GIA,XUYEN_THAT,3,true,true,3,false
ETHUSDT,587,6,1,BELOW,PHA_GIA,CHAN,1,true,true,0,false
ETHUSDT,588,3,2,ABOVE,GIU,CHAN,3,false,false,,
ETHUSDT,589,8,2,BELOW,GIU,CHAN,4,false,false,,
ETHUSDT,590,5,2,ABOVE,XUYEN_THAT,XUYEN_THAT,3,true,false,7,false
ETHUSDT,591,1,1,BELOW,GIU,CHAN,1,false,false,,
ETHUSDT,592,11,2,BELOW,GIU,XUYEN_THAT,3,false,false,,
ETHUSDT,593,3,1,ABOVE,GIU,CHAN,1,false,false,,
ETHUSDT,594,7,2,BELOW,GIU,XUYEN_THAT,2,false,false,,
ETHUSDT,595,3,1,BELOW,GIU,CHAN,2,false,false,,
ETHUSDT,596,15,2,ABOVE,GIU,CHAN,4,false,false,,
ETHUSDT,597,2,1,BELOW,PHA_GIA,CHAN,2,true,true,7,false
ETHUSDT,598,9,2,ABOVE,GIU,XUYEN_THAT,1,false,false,,
ETHUSDT,600,2,1,ABOVE,GIU,CHAN,2,false,false,,
ETHUSDT,603,9,2,BELOW,GIU,CHAN,2,false,false,,
ETHUSDT,605,11,2,BELOW,GIU,XUYEN_THAT,3,false,false,,
ETHUSDT,606,4,2,BELOW,PHA_GIA,XUYEN_THAT,2,true,true,1,false
ETHUSDT,607,1,1,BELOW,GIU,CHAN,1,false,false,,
ETHUSDT,608,8,2,BELOW,PHA_GIA,XUYEN_THAT,1,true,true,3,false
ETHUSDT,609,11,2,BELOW,GIU,XUYEN_THAT,1,false,false,,
ETHUSDT,610,16,2,BELOW,PHA_GIA,XUYEN_THAT,3,true,true,0,false
ETHUSDT,611,5,2,ABOVE,PHA_GIA,XUYEN_THAT,3,true,true,4,false
ETHUSDT,612,3,1,BELOW,GIU,CHAN,3,false,false,,
ETHUSDT,614,1,1,BELOW,PHA_GIA,CHAN,1,true,true,1,false
ETHUSDT,615,7,2,ABOVE,PHA_GIA,XUYEN_THAT,2,true,true,4,false
ETHUSDT,616,14,2,ABOVE,GIU,XUYEN_THAT,0,false,false,,
ETHUSDT,619,7,1,BELOW,GIU,CHAN,1,false,false,,
ETHUSDT,620,2,1,BELOW,PHA_GIA,CHAN,1,true,true,3,false
ETHUSDT,621,16,2,ABOVE,PHA_GIA,XUYEN_THAT,2,true,true,1,false
ETHUSDT,622,12,2,ABOVE,GIU,XUYEN_THAT,2,false,false,,
ETHUSDT,624,7,2,ABOVE,PHA_GIA,CHAN,0,true,true,0,false
ETHUSDT,627,9,2,BELOW,GIU,XUYEN_THAT,0,false,false,,
ETHUSDT,628,8,2,ABOVE,XUYEN_THAT,XUYEN_THAT,0,true,false,0,false
ETHUSDT,630,7,2,BELOW,PHA_GIA,CHAN,3,true,true,2,false
ETHUSDT,631,21,2,BELOW,GIU,CHAN,4,false,false,,
ETHUSDT,632,7,2,BELOW,PHA_GIA,XUYEN_THAT,1,true,true,2,false
ETHUSDT,634,15,2,ABOVE,GIU,XUYEN_THAT,1,false,false,,
ETHUSDT,635,7,2,BELOW,XUYEN_THAT,XUYEN_THAT,0,true,false,0,false
ETHUSDT,636,28,2,BELOW,GIU,XUYEN_THAT,2,false,false,,
ETHUSDT,637,1,1,BELOW,GIU,CHAN,2,false,false,,
ETHUSDT,639,1,1,ABOVE,GIU,CHAN,1,false,false,,
ETHUSDT,640,1,1,ABOVE,PHA_GIA,CHAN,1,true,true,4,false
ETHUSDT,641,12,2,BELOW,GIU,CHAN,3,false,false,,
ETHUSDT,642,21,2,ABOVE,GIU,CHAN,2,false,false,,
ETHUSDT,643,14,2,ABOVE,XUYEN_THAT,XUYEN_THAT,0,true,false,0,false
ETHUSDT,645,9,2,ABOVE,GIU,XUYEN_THAT,2,false,false,,
ETHUSDT,646,12,2,ABOVE,GIU,XUYEN_THAT,1,false,false,,
ETHUSDT,647,1,1,BELOW,GIU,CHAN,2,false,false,,
ETHUSDT,648,6,2,BELOW,PHA_GIA,XUYEN_THAT,1,true,true,2,false
ETHUSDT,651,1,1,BELOW,GIU,CHAN,1,false,false,,
ETHUSDT,652,11,2,BELOW,PHA_GIA,XUYEN_THAT,1,true,true,0,false
ETHUSDT,653,11,2,BELOW,GIU,XUYEN_THAT,2,false,false,,
ETHUSDT,654,6,2,BELOW,XUYEN_THAT,XUYEN_THAT,2,true,false,5,false
ETHUSDT,655,7,1,BELOW,GIU,CHAN,5,false,false,,
ETHUSDT,656,4,2,BELOW,PHA_GIA,CHAN,1,true,true,0,false
ETHUSDT,657,3,2,ABOVE,XUYEN_THAT,XUYEN_THAT,2,true,false,8,false
ETHUSDT,658,4,2,ABOVE,PHA_GIA,CHAN,3,true,true,7,false
ETHUSDT,659,1,1,BELOW,GIU,CHAN,1,false,false,,
ETHUSDT,660,14,2,ABOVE,XUYEN_THAT,XUYEN_THAT,0,true,false,3,false
ETHUSDT,661,1,1,BELOW,GIU,CHAN,1,false,false,,
ETHUSDT,662,13,2,BELOW,PHA_GIA,XUYEN_THAT,0,true,true,0,false
ETHUSDT,664,2,1,BELOW,GIU,CHAN,2,false,false,,
ETHUSDT,665,8,2,BELOW,PHA_GIA,CHAN,2,true,true,3,false
ETHUSDT,667,3,2,ABOVE,XUYEN_THAT,XUYEN_THAT,1,true,false,3,false
ETHUSDT,668,14,2,ABOVE,PHA_GIA,XUYEN_THAT,1,true,true,0,false
ETHUSDT,669,30,2,BELOW,XUYEN_THAT,XUYEN_THAT,3,true,false,1,false
ETHUSDT,670,7,2,BELOW,GIU,CHAN,3,false,false,,
ETHUSDT,672,3,2,BELOW,PHA_GIA,CHAN,2,true,true,2,false
ETHUSDT,673,2,1,ABOVE,GIU,CHAN,2,false,false,,
ETHUSDT,674,6,2,BELOW,PHA_GIA,XUYEN_THAT,2,true,true,6,false
ETHUSDT,675,16,2,ABOVE,PHA_GIA,CHAN,2,true,true,2,false
ETHUSDT,677,6,2,ABOVE,XUYEN_THAT,XUYEN_THAT,1,true,false,0,false
ETHUSDT,678,2,2,BELOW,PHA_GIA,XUYEN_THAT,4,true,true,4,false
ETHUSDT,680,2,1,BELOW,PHA_GIA,CHAN,2,true,true,1,false
ETHUSDT,681,4,2,BELOW,XUYEN_THAT,XUYEN_THAT,2,true,false,6,false
ETHUSDT,684,4,1,BELOW,GIU,CHAN,2,false,false,,
ETHUSDT,685,2,1,BELOW,GIU,CHAN,1,false,false,,
ETHUSDT,686,1,1,BELOW,PHA_GIA,CHAN,0,true,true,0,false
ETHUSDT,687,3,2,BELOW,GIU,XUYEN_THAT,1,false,false,,
ETHUSDT,688,6,1,BELOW,GIU,CHAN,2,false,false,,
ETHUSDT,689,1,1,BELOW,GIU,CHAN,2,false,false,,
ETHUSDT,690,3,2,ABOVE,XUYEN_THAT,XUYEN_THAT,0,true,false,0,false
ETHUSDT,691,25,2,BELOW,GIU,XUYEN_THAT,0,false,false,,
ETHUSDT,692,9,2,ABOVE,PHA_GIA,XUYEN_THAT,2,true,true,3,false
ETHUSDT,693,3,1,ABOVE,GIU,CHAN,2,false,false,,
ETHUSDT,694,6,2,ABOVE,GIU,XUYEN_THAT,1,false,false,,
ETHUSDT,695,3,1,BELOW,GIU,CHAN,1,false,false,,
ETHUSDT,696,5,2,ABOVE,GIU,CHAN,3,false,false,,
ETHUSDT,697,2,2,BELOW,XUYEN_THAT,XUYEN_THAT,3,true,false,2,false
ETHUSDT,699,15,2,BELOW,XUYEN_THAT,XUYEN_THAT,1,true,false,1,false
ETHUSDT,700,1,1,BELOW,GIU,CHAN,2,false,false,,
ETHUSDT,703,1,1,BELOW,GIU,CHAN,2,false,false,,
ETHUSDT,704,2,2,BELOW,PHA_GIA,CHAN,1,true,true,2,false
ETHUSDT,705,3,1,BELOW,GIU,CHAN,2,false,false,,
ETHUSDT,706,1,1,BELOW,GIU,CHAN,3,false,false,,
ETHUSDT,707,16,2,BELOW,GIU,XUYEN_THAT,2,false,false,,
ETHUSDT,708,4,1,ABOVE,GIU,CHAN,1,false,false,,
ETHUSDT,709,10,1,ABOVE,GIU,CHAN,1,false,false,,
ETHUSDT,711,2,1,ABOVE,PHA_GIA,CHAN,2,true,true,0,false
ETHUSDT,712,11,2,ABOVE,PHA_GIA,XUYEN_THAT,1,true,true,1,false
ETHUSDT,713,4,1,BELOW,GIU,CHAN,3,false,false,,
ETHUSDT,714,13,2,ABOVE,GIU,XUYEN_THAT,3,false,false,,
ETHUSDT,715,13,2,BELOW,PHA_GIA,XUYEN_THAT,1,true,true,5,false
ETHUSDT,716,11,2,BELOW,XUYEN_THAT,XUYEN_THAT,1,true,false,0,false
ETHUSDT,717,5,1,ABOVE,GIU,CHAN,3,false,false,,
ETHUSDT,718,6,2,BELOW,XUYEN_THAT,XUYEN_THAT,2,true,false,5,false
ETHUSDT,720,11,2,BELOW,GIU,XUYEN_THAT,1,false,false,,
ETHUSDT,722,17,2,ABOVE,XUYEN_THAT,XUYEN_THAT,0,true,false,0,false
ETHUSDT,723,5,2,BELOW,XUYEN_THAT,XUYEN_THAT,1,true,false,0,false
ETHUSDT,724,19,2,ABOVE,PHA_GIA,XUYEN_THAT,2,true,true,1,false
ETHUSDT,725,24,2,BELOW,XUYEN_THAT,XUYEN_THAT,3,true,false,6,false
ETHUSDT,726,6,1,ABOVE,GIU,CHAN,2,false,false,,
ETHUSDT,728,13,2,BELOW,PHA_GIA,XUYEN_THAT,1,true,true,2,false
ETHUSDT,729,7,2,ABOVE,PHA_GIA,XUYEN_THAT,1,true,true,5,false
ETHUSDT,730,3,2,ABOVE,PHA_GIA,CHAN,0,true,true,4,false
ETHUSDT,731,3,2,BELOW,PHA_GIA,XUYEN_THAT,3,true,true,2,false
ETHUSDT,732,8,2,ABOVE,XUYEN_THAT,XUYEN_THAT,1,true,false,7,false
ETHUSDT,733,1,1,BELOW,XUYEN_THAT,XUYEN_THAT,1,true,false,0,false
ETHUSDT,735,5,2,BELOW,PHA_GIA,XUYEN_THAT,0,true,true,1,false
ETHUSDT,736,5,2,ABOVE,XUYEN_THAT,XUYEN_THAT,1,true,false,5,false
ETHUSDT,738,7,2,BELOW,PHA_GIA,XUYEN_THAT,1,true,true,1,false
ETHUSDT,740,1,1,BELOW,PHA_GIA,CHAN,1,true,true,1,false
ETHUSDT,741,9,2,BELOW,XUYEN_THAT,XUYEN_THAT,1,true,false,0,false
ETHUSDT,742,7,2,ABOVE,PHA_GIA,XUYEN_THAT,2,true,true,6,false
ETHUSDT,744,9,1,ABOVE,GIU,XUYEN_THAT,2,false,false,,
ETHUSDT,745,14,2,BELOW,GIU,XUYEN_THAT,4,false,false,,
ETHUSDT,746,6,2,ABOVE,XUYEN_THAT,XUYEN_THAT,0,true,false,1,false
ETHUSDT,750,1,1,BELOW,GIU,CHAN,2,false,false,,
ETHUSDT,751,8,2,BELOW,GIU,CHAN,1,false,false,,
ETHUSDT,752,1,1,BELOW,GIU,CHAN,1,false,false,,
ETHUSDT,753,22,2,ABOVE,GIU,XUYEN_THAT,2,false,false,,
ETHUSDT,754,14,2,BELOW,PHA_GIA,XUYEN_THAT,2,true,true,6,false
ETHUSDT,755,13,2,BELOW,XUYEN_THAT,XUYEN_THAT,1,true,false,5,false
ETHUSDT,756,3,2,BELOW,GIU,XUYEN_THAT,1,false,false,,
ETHUSDT,757,5,2,ABOVE,PHA_GIA,CHAN,3,true,true,6,false
ETHUSDT,758,30,2,ABOVE,GIU,XUYEN_THAT,1,false,false,,
ETHUSDT,760,2,1,ABOVE,GIU,CHAN,3,false,false,,
ETHUSDT,761,2,1,BELOW,GIU,CHAN,2,false,false,,
ETHUSDT,762,2,1,BELOW,PHA_GIA,CHAN,1,true,true,2,false
ETHUSDT,763,3,2,ABOVE,PHA_GIA,XUYEN_THAT,2,true,true,4,false
ETHUSDT,765,1,1,ABOVE,GIU,CHAN,3,false,false,,
ETHUSDT,766,11,1,ABOVE,GIU,CHAN,3,false,false,,
ETHUSDT,767,4,2,BELOW,PHA_GIA,CHAN,0,true,true,0,false
ETHUSDT,768,14,2,BELOW,PHA_GIA,XUYEN_THAT,4,true,true,4,false
ETHUSDT,769,28,2,BELOW,GIU,XUYEN_THAT,3,false,false,,
ETHUSDT,771,14,2,BELOW,GIU,XUYEN_THAT,1,false,false,,
ETHUSDT,773,7,2,BELOW,PHA_GIA,XUYEN_THAT,1,true,true,4,false
ETHUSDT,774,4,2,BELOW,PHA_GIA,XUYEN_THAT,1,true,true,0,false
ETHUSDT,778,8,2,BELOW,XUYEN_THAT,XUYEN_THAT,0,true,false,0,false
ETHUSDT,779,31,2,BELOW,XUYEN_THAT,XUYEN_THAT,2,true,false,0,false
ETHUSDT,780,6,2,BELOW,GIU,XUYEN_THAT,0,false,false,,
ETHUSDT,781,2,1,BELOW,XUYEN_THAT,XUYEN_THAT,0,true,false,3,false
ETHUSDT,782,7,2,BELOW,XUYEN_THAT,XUYEN_THAT,1,true,false,8,false
ETHUSDT,783,5,2,BELOW,PHA_GIA,XUYEN_THAT,2,true,true,1,false
ETHUSDT,784,1,1,BELOW,GIU,CHAN,1,false,false,,
ETHUSDT,786,7,2,ABOVE,GIU,XUYEN_THAT,3,false,false,,
ETHUSDT,787,6,2,BELOW,XUYEN_THAT,XUYEN_THAT,2,true,false,4,false
ETHUSDT,788,7,2,BELOW,GIU,XUYEN_THAT,0,false,false,,
ETHUSDT,789,6,2,ABOVE,PHA_GIA,XUYEN_THAT,2,true,true,2,false
ETHUSDT,793,10,2,ABOVE,PHA_GIA,XUYEN_THAT,2,true,true,1,false
ETHUSDT,794,11,2,ABOVE,PHA_GIA,XUYEN_THAT,2,true,true,4,false
ETHUSDT,795,7,2,BELOW,XUYEN_THAT,XUYEN_THAT,1,true,false,0,false
ETHUSDT,796,5,2,BELOW,GIU,XUYEN_THAT,1,false,false,,
ETHUSDT,797,12,2,ABOVE,PHA_GIA,XUYEN_THAT,2,true,true,1,false
ETHUSDT,798,11,2,ABOVE,PHA_GIA,XUYEN_THAT,2,true,true,2,false
ETHUSDT,799,11,2,ABOVE,PHA_GIA,CHAN,3,true,true,4,false
ETHUSDT,800,2,1,BELOW,GIU,CHAN,2,false,false,,
ETHUSDT,801,16,2,ABOVE,PHA_GIA,XUYEN_THAT,2,true,true,1,false
ETHUSDT,802,5,2,BELOW,PHA_GIA,XUYEN_THAT,3,true,true,6,false
ETHUSDT,803,5,2,BELOW,PHA_GIA,XUYEN_THAT,1,true,true,6,false
ETHUSDT,804,16,2,ABOVE,PHA_GIA,XUYEN_THAT,1,true,true,1,false
ETHUSDT,805,1,1,BELOW,GIU,CHAN,2,false,false,,
ETHUSDT,806,10,2,BELOW,GIU,XUYEN_THAT,3,false,false,,
ETHUSDT,807,1,1,ABOVE,XUYEN_THAT,XUYEN_THAT,1,true,false,1,false
ETHUSDT,808,1,1,ABOVE,GIU,CHAN,3,false,false,,
ETHUSDT,809,1,1,BELOW,GIU,CHAN,1,false,false,,
ETHUSDT,810,3,2,BELOW,XUYEN_THAT,XUYEN_THAT,1,true,false,4,false
ETHUSDT,812,4,1,ABOVE,GIU,CHAN,2,false,false,,
ETHUSDT,814,6,2,BELOW,GIU,XUYEN_THAT,3,false,false,,
ETHUSDT,815,2,1,ABOVE,GIU,CHAN,3,false,false,,
ETHUSDT,816,7,2,ABOVE,PHA_GIA,XUYEN_THAT,1,true,true,8,false
ETHUSDT,818,12,2,ABOVE,GIU,XUYEN_THAT,2,false,false,,
ETHUSDT,819,14,2,BELOW,GIU,CHAN,1,false,false,,
ETHUSDT,820,5,2,BELOW,GIU,XUYEN_THAT,2,false,false,,
ETHUSDT,822,9,2,ABOVE,GIU,XUYEN_THAT,1,false,false,,
ETHUSDT,823,28,2,BELOW,PHA_GIA,CHAN,2,true,true,3,false
ETHUSDT,826,16,2,BELOW,GIU,XUYEN_THAT,1,false,false,,
ETHUSDT,827,4,1,ABOVE,GIU,CHAN,2,false,false,,
ETHUSDT,828,4,1,BELOW,GIU,CHAN,2,false,false,,
ETHUSDT,829,19,2,BELOW,GIU,XUYEN_THAT,1,false,false,,
ETHUSDT,830,4,2,BELOW,PHA_GIA,XUYEN_THAT,1,true,true,3,false
ETHUSDT,831,6,2,ABOVE,GIU,XUYEN_THAT,3,false,false,,
ETHUSDT,832,2,2,ABOVE,PHA_GIA,CHAN,2,true,true,1,false
ETHUSDT,833,12,2,BELOW,PHA_GIA,XUYEN_THAT,4,true,true,7,false
ETHUSDT,834,1,1,BELOW,GIU,CHAN,3,false,false,,
ETHUSDT,835,14,1,ABOVE,GIU,CHAN,4,false,false,,
ETHUSDT,836,2,1,BELOW,GIU,XUYEN_THAT,2,false,false,,
ETHUSDT,838,7,2,ABOVE,GIU,CHAN,1,false,false,,
ETHUSDT,839,1,1,ABOVE,PHA_GIA,CHAN,1,true,true,1,false
ETHUSDT,840,3,1,BELOW,GIU,CHAN,0,false,false,,
ETHUSDT,841,5,2,ABOVE,XUYEN_THAT,XUYEN_THAT,2,true,false,0,false
ETHUSDT,842,15,2,BELOW,GIU,XUYEN_THAT,2,false,false,,
ETHUSDT,843,28,2,ABOVE,GIU,XUYEN_THAT,1,false,false,,
ETHUSDT,844,2,1,BELOW,GIU,CHAN,2,false,false,,
ETHUSDT,845,4,2,ABOVE,GIU,CHAN,1,false,false,,
ETHUSDT,846,5,2,BELOW,XUYEN_THAT,XUYEN_THAT,0,true,false,0,false
ETHUSDT,848,12,2,BELOW,PHA_GIA,XUYEN_THAT,3,true,true,5,false
ETHUSDT,850,2,1,ABOVE,GIU,CHAN,2,false,false,,
ETHUSDT,851,3,1,BELOW,GIU,CHAN,3,false,false,,
ETHUSDT,852,7,2,BELOW,PHA_GIA,XUYEN_THAT,1,true,true,0,false
ETHUSDT,853,9,2,ABOVE,PHA_GIA,XUYEN_THAT,0,true,true,0,false
ETHUSDT,855,14,2,ABOVE,XUYEN_THAT,XUYEN_THAT,1,true,false,0,false
ETHUSDT,856,10,2,BELOW,GIU,XUYEN_THAT,4,false,false,,
ETHUSDT,857,6,1,BELOW,GIU,CHAN,2,false,false,,
ETHUSDT,858,6,2,BELOW,PHA_GIA,XUYEN_THAT,2,true,true,2,false
ETHUSDT,859,26,2,ABOVE,GIU,XUYEN_THAT,1,false,false,,
ETHUSDT,860,5,2,BELOW,GIU,CHAN,0,false,false,,
ETHUSDT,861,29,2,BELOW,XUYEN_THAT,XUYEN_THAT,1,true,false,1,false
ETHUSDT,862,1,1,ABOVE,GIU,CHAN,1,false,false,,
ETHUSDT,863,3,1,ABOVE,GIU,CHAN,3,false,false,,
ETHUSDT,864,6,2,ABOVE,PHA_GIA,CHAN,0,true,true,3,false
ETHUSDT,866,8,2,ABOVE,XUYEN_THAT,XUYEN_THAT,0,true,false,1,false
ETHUSDT,867,5,2,ABOVE,PHA_GIA,XUYEN_THAT,1,true,true,2,false
ETHUSDT,868,8,2,BELOW,PHA_GIA,XUYEN_THAT,2,true,true,2,false
ETHUSDT,871,3,2,ABOVE,PHA_GIA,CHAN,2,true,true,5,false
ETHUSDT,872,23,2,BELOW,GIU,XUYEN_THAT,1,false,false,,
ETHUSDT,873,4,2,ABOVE,PHA_GIA,XUYEN_THAT,2,true,true,4,false
ETHUSDT,874,26,2,BELOW,GIU,XUYEN_THAT,2,false,false,,
ETHUSDT,876,4,1,BELOW,GIU,CHAN,2,false,false,,
ETHUSDT,877,5,2,ABOVE,GIU,CHAN,1,false,false,,
ETHUSDT,878,5,2,ABOVE,PHA_GIA,CHAN,1,true,true,7,false
ETHUSDT,879,4,1,BELOW,GIU,CHAN,2,false,false,,
ETHUSDT,882,11,2,ABOVE,PHA_GIA,XUYEN_THAT,1,true,true,0,false
ETHUSDT,885,8,2,ABOVE,PHA_GIA,CHAN,1,true,true,0,false
ETHUSDT,886,1,1,ABOVE,GIU,CHAN,2,false,false,,
ETHUSDT,887,7,2,BELOW,XUYEN_THAT,XUYEN_THAT,3,true,false,4,false
ETHUSDT,888,20,2,ABOVE,GIU,CHAN,4,false,false,,
ETHUSDT,889,1,1,ABOVE,GIU,CHAN,1,false,false,,
ETHUSDT,890,1,1,BELOW,XUYEN_THAT,XUYEN_THAT,0,true,false,0,false
ETHUSDT,891,22,2,ABOVE,PHA_GIA,XUYEN_THAT,1,true,true,0,false
ETHUSDT,892,16,2,ABOVE,GIU,XUYEN_THAT,3,false,false,,
ETHUSDT,893,4,2,BELOW,GIU,XUYEN_THAT,2,false,false,,
ETHUSDT,894,5,1,BELOW,GIU,CHAN,1,false,false,,
ETHUSDT,895,13,2,BELOW,PHA_GIA,XUYEN_THAT,0,true,true,0,false
ETHUSDT,897,12,2,ABOVE,PHA_GIA,XUYEN_THAT,2,true,true,2,false
ETHUSDT,898,13,2,ABOVE,GIU,XUYEN_THAT,2,false,false,,
ETHUSDT,899,1,1,BELOW,GIU,CHAN,3,false,false,,
ETHUSDT,900,2,2,BELOW,XUYEN_THAT,XUYEN_THAT,1,true,false,0,false
ETHUSDT,903,2,2,ABOVE,PHA_GIA,XUYEN_THAT,1,true,true,1,false
ETHUSDT,905,9,2,ABOVE,PHA_GIA,XUYEN_THAT,1,true,true,4,false
ETHUSDT,906,8,2,ABOVE,GIU,XUYEN_THAT,1,false,false,,
ETHUSDT,907,2,2,BELOW,PHA_GIA,CHAN,1,true,true,2,false
ETHUSDT,908,17,2,BELOW,XUYEN_THAT,XUYEN_THAT,1,true,false,3,false
ETHUSDT,909,6,1,BELOW,GIU,CHAN,3,false,false,,
ETHUSDT,910,2,1,ABOVE,GIU,XUYEN_THAT,2,false,false,,
ETHUSDT,911,8,2,BELOW,GIU,XUYEN_THAT,1,false,false,,
ETHUSDT,912,7,2,ABOVE,PHA_GIA,XUYEN_THAT,1,true,true,2,false
ETHUSDT,913,9,2,BELOW,GIU,CHAN,2,false,false,,
ETHUSDT,914,5,2,BELOW,PHA_GIA,CHAN,2,true,true,1,false
ETHUSDT,915,2,2,BELOW,PHA_GIA,CHAN,1,true,true,0,false
ETHUSDT,917,6,2,BELOW,XUYEN_THAT,XUYEN_THAT,0,true,false,5,false
ETHUSDT,918,1,1,ABOVE,GIU,CHAN,1,false,false,,
ETHUSDT,920,3,2,ABOVE,PHA_GIA,CHAN,3,true,true,1,false
ETHUSDT,921,7,2,BELOW,XUYEN_THAT,XUYEN_THAT,3,true,false,7,false
ETHUSDT,922,6,2,BELOW,PHA_GIA,XUYEN_THAT,2,true,true,1,false
ETHUSDT,923,3,1,BELOW,GIU,CHAN,1,false,false,,
ETHUSDT,925,11,2,BELOW,GIU,XUYEN_THAT,3,false,false,,
ETHUSDT,926,11,2,ABOVE,GIU,CHAN,3,false,false,,
ETHUSDT,927,4,2,BELOW,PHA_GIA,XUYEN_THAT,3,true,true,2,false
ETHUSDT,928,8,2,BELOW,PHA_GIA,XUYEN_THAT,1,true,true,8,false
ETHUSDT,929,2,2,ABOVE,PHA_GIA,CHAN,0,true,true,3,false
ETHUSDT,930,2,1,BELOW,GIU,CHAN,2,false,false,,
ETHUSDT,933,3,2,BELOW,GIU,XUYEN_THAT,0,false,false,,
ETHUSDT,935,6,2,ABOVE,GIU,XUYEN_THAT,1,false,false,,
ETHUSDT,936,14,2,ABOVE,GIU,XUYEN_THAT,1,false,false,,
ETHUSDT,937,9,2,BELOW,PHA_GIA,XUYEN_THAT,2,true,true,5,false
ETHUSDT,938,15,2,BELOW,XUYEN_THAT,XUYEN_THAT,1,true,false,2,false
ETHUSDT,939,5,2,ABOVE,PHA_GIA,XUYEN_THAT,2,true,true,5,false
ETHUSDT,940,2,1,BELOW,XUYEN_THAT,XUYEN_THAT,0,true,false,6,false
ETHUSDT,941,3,1,ABOVE,GIU,CHAN,3,false,false,,
ETHUSDT,942,11,2,ABOVE,PHA_GIA,XUYEN_THAT,1,true,true,2,false
ETHUSDT,943,10,2,ABOVE,PHA_GIA,XUYEN_THAT,3,true,true,4,false
ETHUSDT,944,1,1,BELOW,GIU,CHAN,2,false,false,,
ETHUSDT,945,19,2,BELOW,GIU,XUYEN_THAT,2,false,false,,
ETHUSDT,946,30,2,ABOVE,GIU,XUYEN_THAT,2,false,false,,
ETHUSDT,947,3,1,ABOVE,GIU,CHAN,3,false,false,,
ETHUSDT,948,18,2,BELOW,GIU,XUYEN_THAT,3,false,false,,
ETHUSDT,949,3,2,ABOVE,PHA_GIA,XUYEN_THAT,4,true,true,5,false
ETHUSDT,950,9,2,BELOW,XUYEN_THAT,XUYEN_THAT,0,true,false,3,false
ETHUSDT,951,4,2,BELOW,XUYEN_THAT,XUYEN_THAT,2,true,false,4,false
ETHUSDT,952,1,1,ABOVE,GIU,CHAN,1,false,false,,
ETHUSDT,953,17,2,BELOW,GIU,XUYEN_THAT,2,false,false,,
ETHUSDT,955,4,2,ABOVE,XUYEN_THAT,XUYEN_THAT,1,true,false,3,false
ETHUSDT,956,4,1,BELOW,GIU,CHAN,3,false,false,,
ETHUSDT,958,22,2,ABOVE,GIU,XUYEN_THAT,1,false,false,,
ETHUSDT,960,9,2,ABOVE,GIU,XUYEN_THAT,1,false,false,,
ETHUSDT,961,4,2,ABOVE,GIU,XUYEN_THAT,2,false,false,,
ETHUSDT,962,1,1,ABOVE,GIU,CHAN,3,false,false,,
ETHUSDT,963,2,2,ABOVE,PHA_GIA,XUYEN_THAT,2,true,true,1,false
ETHUSDT,965,5,2,BELOW,PHA_GIA,CHAN,1,true,true,2,false
ETHUSDT,966,18,2,BELOW,GIU,XUYEN_THAT,1,false,false,,
ETHUSDT,967,8,2,ABOVE,PHA_GIA,XUYEN_THAT,3,true,true,7,false
ETHUSDT,968,3,1,BELOW,GIU,CHAN,2,false,false,,
ETHUSDT,969,3,1,BELOW,GIU,CHAN,0,false,false,,
ETHUSDT,972,9,2,ABOVE,PHA_GIA,XUYEN_THAT,0,true,true,0,false
ETHUSDT,973,16,2,ABOVE,GIU,XUYEN_THAT,0,false,false,,
ETHUSDT,974,4,2,BELOW,PHA_GIA,CHAN,2,true,true,7,false
ETHUSDT,975,3,1,ABOVE,XUYEN_THAT,XUYEN_THAT,2,true,false,1,false
ETHUSDT,976,2,1,BELOW,XUYEN_THAT,XUYEN_THAT,5,true,false,3,false
ETHUSDT,978,3,2,BELOW,XUYEN_THAT,XUYEN_THAT,1,true,false,5,false
ETHUSDT,979,1,1,ABOVE,GIU,CHAN,2,false,false,,
ETHUSDT,980,1,1,BELOW,XUYEN_THAT,XUYEN_THAT,0,true,false,0,false
ETHUSDT,982,4,2,BELOW,XUYEN_THAT,XUYEN_THAT,0,true,false,4,false
ETHUSDT,983,9,2,ABOVE,PHA_GIA,XUYEN_THAT,3,true,true,7,false
ETHUSDT,984,26,2,BELOW,XUYEN_THAT,XUYEN_THAT,1,true,false,1,false
ETHUSDT,985,6,2,BELOW,GIU,CHAN,1,false,false,,
ETHUSDT,986,3,2,BELOW,PHA_GIA,XUYEN_THAT,2,true,true,2,false
ETHUSDT,987,1,1,ABOVE,GIU,CHAN,1,false,false,,
ETHUSDT,988,1,1,BELOW,GIU,CHAN,2,false,false,,
ETHUSDT,989,6,2,ABOVE,XUYEN_THAT,XUYEN_THAT,0,true,false,2,false
ETHUSDT,990,1,1,ABOVE,GIU,CHAN,2,false,false,,
ETHUSDT,991,4,1,ABOVE,GIU,CHAN,1,false,false,,
ETHUSDT,992,8,2,BELOW,GIU,CHAN,4,false,false,,
ETHUSDT,995,8,2,ABOVE,GIU,XUYEN_THAT,1,false,false,,
ETHUSDT,996,9,2,ABOVE,PHA_GIA,XUYEN_THAT,1,true,true,7,false
ETHUSDT,997,11,2,BELOW,GIU,CHAN,3,false,false,,
ETHUSDT,998,9,2,BELOW,PHA_GIA,CHAN,0,true,true,1,false
ETHUSDT,999,23,2,BELOW,XUYEN_THAT,XUYEN_THAT,2,true,false,1,false
ETHUSDT,1000,16,2,BELOW,GIU,XUYEN_THAT,2,false,false,,
ETHUSDT,1001,4,2,BELOW,XUYEN_THAT,XUYEN_THAT,1,true,false,2,false
ETHUSDT,1003,1,1,ABOVE,GIU,CHAN,2,false,false,,
ETHUSDT,1004,12,2,ABOVE,XUYEN_THAT,XUYEN_THAT,2,true,false,4,false
ETHUSDT,1006,10,2,BELOW,GIU,XUYEN_THAT,2,false,false,,
ETHUSDT,1007,10,2,BELOW,GIU,XUYEN_THAT,2,false,false,,
ETHUSDT,1009,1,1,BELOW,GIU,CHAN,3,false,false,,
ETHUSDT,1010,23,2,BELOW,PHA_GIA,XUYEN_THAT,2,true,true,3,false
ETHUSDT,1011,3,1,BELOW,XUYEN_THAT,XUYEN_THAT,1,true,false,6,false
ETHUSDT,1012,8,2,ABOVE,PHA_GIA,XUYEN_THAT,1,true,true,1,false
ETHUSDT,1013,23,2,ABOVE,XUYEN_THAT,XUYEN_THAT,1,true,false,0,false
ETHUSDT,1014,9,2,ABOVE,XUYEN_THAT,XUYEN_THAT,3,true,false,0,false
ETHUSDT,1016,10,2,BELOW,XUYEN_THAT,XUYEN_THAT,1,true,false,5,false
ETHUSDT,1017,10,2,BELOW,GIU,XUYEN_THAT,1,false,false,,
ETHUSDT,1018,16,2,BELOW,GIU,XUYEN_THAT,2,false,false,,
ETHUSDT,1020,1,1,BELOW,GIU,CHAN,2,false,false,,
ETHUSDT,1021,2,1,BELOW,GIU,CHAN,2,false,false,,
ETHUSDT,1022,1,1,BELOW,GIU,CHAN,1,false,false,,
ETHUSDT,1023,4,2,BELOW,XUYEN_THAT,XUYEN_THAT,1,true,false,0,false
ETHUSDT,1024,2,2,BELOW,PHA_GIA,XUYEN_THAT,0,true,true,1,false
ETHUSDT,1025,6,2,BELOW,PHA_GIA,XUYEN_THAT,3,true,true,3,false
ETHUSDT,1026,6,1,ABOVE,GIU,CHAN,0,false,false,,
ETHUSDT,1027,17,2,BELOW,XUYEN_THAT,XUYEN_THAT,1,true,false,2,false
ETHUSDT,1028,26,2,ABOVE,XUYEN_THAT,XUYEN_THAT,1,true,false,7,true
ETHUSDT,1029,7,2,BELOW,XUYEN_THAT,XUYEN_THAT,1,true,false,1,false
ETHUSDT,1030,10,2,BELOW,GIU,CHAN,2,false,false,,
ETHUSDT,1031,9,2,BELOW,GIU,XUYEN_THAT,2,false,false,,
ETHUSDT,1032,12,2,BELOW,GIU,XUYEN_THAT,0,false,false,,
ETHUSDT,1033,3,2,BELOW,PHA_GIA,XUYEN_THAT,1,true,true,3,false
ETHUSDT,1034,1,1,BELOW,GIU,CHAN,2,false,false,,
ETHUSDT,1035,21,2,ABOVE,GIU,XUYEN_THAT,1,false,false,,
ETHUSDT,1036,6,2,ABOVE,PHA_GIA,XUYEN_THAT,1,true,true,0,false
ETHUSDT,1038,23,2,BELOW,GIU,XUYEN_THAT,1,false,false,,
ETHUSDT,1039,3,1,BELOW,GIU,CHAN,2,false,false,,
ETHUSDT,1040,12,2,BELOW,PHA_GIA,XUYEN_THAT,2,true,true,1,false
ETHUSDT,1041,11,2,ABOVE,PHA_GIA,XUYEN_THAT,0,true,true,0,false
ETHUSDT,1043,3,2,ABOVE,PHA_GIA,CHAN,1,true,true,0,false
ETHUSDT,1044,4,2,BELOW,XUYEN_THAT,XUYEN_THAT,2,true,false,2,false
ETHUSDT,1045,2,2,ABOVE,PHA_GIA,CHAN,0,true,true,2,false
ETHUSDT,1047,4,2,ABOVE,PHA_GIA,XUYEN_THAT,0,true,true,2,false
ETHUSDT,1048,8,2,BELOW,GIU,XUYEN_THAT,2,false,false,,
ETHUSDT,1049,10,2,ABOVE,XUYEN_THAT,XUYEN_THAT,1,true,false,2,false
ETHUSDT,1051,3,2,ABOVE,XUYEN_THAT,XUYEN_THAT,2,true,false,6,false
ETHUSDT,1052,2,1,BELOW,GIU,CHAN,1,false,false,,
ETHUSDT,1053,1,1,BELOW,XUYEN_THAT,XUYEN_THAT,0,true,false,0,false
ETHUSDT,1054,8,1,ABOVE,GIU,CHAN,0,false,false,,
ETHUSDT,1055,18,2,ABOVE,XUYEN_THAT,XUYEN_THAT,1,true,false,2,false
ETHUSDT,1056,5,2,BELOW,GIU,CHAN,3,false,false,,
ETHUSDT,1058,20,2,ABOVE,GIU,XUYEN_THAT,1,false,false,,
ETHUSDT,1059,4,1,ABOVE,GIU,CHAN,2,false,false,,
ETHUSDT,1060,1,1,ABOVE,XUYEN_THAT,XUYEN_THAT,1,true,false,2,false
ETHUSDT,1061,6,2,BELOW,GIU,CHAN,2,false,false,,
ETHUSDT,1062,4,2,BELOW,PHA_GIA,XUYEN_THAT,0,true,true,6,false
ETHUSDT,1064,6,2,BELOW,GIU,XUYEN_THAT,2,false,false,,
ETHUSDT,1065,1,1,BELOW,GIU,CHAN,3,false,false,,
ETHUSDT,1066,10,2,BELOW,GIU,XUYEN_THAT,1,false,false,,
ETHUSDT,1067,13,2,BELOW,GIU,XUYEN_THAT,2,false,false,,
ETHUSDT,1068,3,2,ABOVE,PHA_GIA,XUYEN_THAT,0,true,true,2,false
ETHUSDT,1069,1,1,BELOW,GIU,CHAN,2,false,false,,
ETHUSDT,1070,7,2,ABOVE,XUYEN_THAT,XUYEN_THAT,3,true,false,6,false
ETHUSDT,1071,2,2,ABOVE,XUYEN_THAT,XUYEN_THAT,1,true,false,1,false
ETHUSDT,1072,19,2,BELOW,PHA_GIA,XUYEN_THAT,1,true,true,0,false
ETHUSDT,1073,4,1,ABOVE,GIU,CHAN,1,false,false,,
ETHUSDT,1075,12,2,BELOW,PHA_GIA,XUYEN_THAT,2,true,true,1,false
ETHUSDT,1076,10,2,BELOW,PHA_GIA,XUYEN_THAT,3,true,true,3,false
ETHUSDT,1077,4,2,BELOW,GIU,CHAN,1,false,false,,
ETHUSDT,1079,12,2,BELOW,GIU,XUYEN_THAT,3,false,false,,
ETHUSDT,1080,2,1,BELOW,GIU,CHAN,3,false,false,,
ETHUSDT,1081,7,2,ABOVE,XUYEN_THAT,XUYEN_THAT,0,true,false,0,false
ETHUSDT,1082,10,2,BELOW,XUYEN_THAT,XUYEN_THAT,0,true,false,3,false
ETHUSDT,1083,14,2,BELOW,GIU,XUYEN_THAT,4,false,false,,
ETHUSDT,1084,21,2,BELOW,GIU,XUYEN_THAT,1,false,false,,
ETHUSDT,1085,3,1,BELOW,GIU,CHAN,1,false,false,,
ETHUSDT,1086,1,1,ABOVE,PHA_GIA,CHAN,1,true,true,3,false
ETHUSDT,1087,4,2,BELOW,PHA_GIA,XUYEN_THAT,1,true,true,1,false
ETHUSDT,1088,3,2,ABOVE,PHA_GIA,CHAN,2,true,true,3,false
ETHUSDT,1090,4,2,BELOW,PHA_GIA,XUYEN_THAT,0,true,true,0,false
ETHUSDT,1093,9,2,ABOVE,GIU,XUYEN_THAT,1,false,false,,
ETHUSDT,1094,6,1,ABOVE,GIU,CHAN,3,false,false,,
ETHUSDT,1095,15,2,BELOW,GIU,XUYEN_THAT,4,false,false,,
ETHUSDT,1096,36,2,BELOW,GIU,XUYEN_THAT,2,false,false,,
ETHUSDT,1097,6,2,ABOVE,PHA_GIA,XUYEN_THAT,1,true,true,3,false
ETHUSDT,1098,9,2,ABOVE,GIU,XUYEN_THAT,2,false,false,,
ETHUSDT,1099,20,2,BELOW,PHA_GIA,XUYEN_THAT,2,true,true,7,false
ETHUSDT,1100,1,1,ABOVE,XUYEN_THAT,XUYEN_THAT,0,true,false,0,false
ETHUSDT,1101,4,2,ABOVE,XUYEN_THAT,XUYEN_THAT,1,true,false,3,false
ETHUSDT,1102,3,2,BELOW,PHA_GIA,CHAN,1,true,true,0,false
ETHUSDT,1103,7,2,ABOVE,XUYEN_THAT,XUYEN_THAT,3,true,false,2,false
ETHUSDT,1107,5,2,ABOVE,PHA_GIA,XUYEN_THAT,1,true,true,1,false
ETHUSDT,1108,2,1,ABOVE,GIU,CHAN,1,false,false,,
ETHUSDT,1109,29,2,ABOVE,GIU,XUYEN_THAT,1,false,false,,
ETHUSDT,1110,2,2,ABOVE,XUYEN_THAT,XUYEN_THAT,2,true,false,1,false
ETHUSDT,1112,1,1,ABOVE,GIU,CHAN,2,false,false,,
ETHUSDT,1113,23,2,BELOW,GIU,XUYEN_THAT,2,false,false,,
ETHUSDT,1114,12,2,ABOVE,XUYEN_THAT,XUYEN_THAT,1,true,false,6,false
ETHUSDT,1115,2,1,BELOW,GIU,CHAN,1,false,false,,
ETHUSDT,1117,14,2,ABOVE,PHA_GIA,XUYEN_THAT,1,true,true,4,false
ETHUSDT,1118,16,2,ABOVE,GIU,XUYEN_THAT,2,false,false,,
ETHUSDT,1119,5,2,ABOVE,GIU,XUYEN_THAT,4,false,false,,
ETHUSDT,1120,4,1,ABOVE,GIU,CHAN,0,false,false,,
ETHUSDT,1121,7,2,BELOW,PHA_GIA,XUYEN_THAT,1,true,true,4,false
ETHUSDT,1122,3,2,BELOW,PHA_GIA,CHAN,2,true,true,3,false
ETHUSDT,1123,3,2,ABOVE,XUYEN_THAT,XUYEN_THAT,3,true,false,3,false
ETHUSDT,1124,10,2,BELOW,PHA_GIA,XUYEN_THAT,3,true,true,4,false
ETHUSDT,1125,20,2,BELOW,XUYEN_THAT,XUYEN_THAT,2,true,false,2,false
ETHUSDT,1127,1,1,ABOVE,GIU,CHAN,1,false,false,,
ETHUSDT,1128,4,2,ABOVE,PHA_GIA,CHAN,2,true,true,2,false
ETHUSDT,1129,2,1,ABOVE,GIU,CHAN,0,false,false,,
ETHUSDT,1130,6,2,ABOVE,PHA_GIA,XUYEN_THAT,1,true,true,0,false
ETHUSDT,1133,4,2,BELOW,XUYEN_THAT,XUYEN_THAT,2,true,false,1,false
ETHUSDT,1134,19,2,ABOVE,GIU,XUYEN_THAT,2,false,false,,
ETHUSDT,1140,7,2,BELOW,PHA_GIA,XUYEN_THAT,1,true,true,4,false
ETHUSDT,1142,2,2,BELOW,PHA_GIA,CHAN,1,true,true,0,false
ETHUSDT,1143,2,2,ABOVE,PHA_GIA,XUYEN_THAT,0,true,true,1,false
ETHUSDT,1145,3,1,BELOW,GIU,CHAN,1,false,false,,
ETHUSDT,1146,4,1,ABOVE,GIU,CHAN,1,false,false,,
ETHUSDT,1147,21,2,ABOVE,GIU,XUYEN_THAT,1,false,false,,
ETHUSDT,1148,4,1,ABOVE,GIU,CHAN,1,false,false,,
ETHUSDT,1149,5,1,ABOVE,GIU,CHAN,2,false,false,,
ETHUSDT,1150,1,1,BELOW,XUYEN_THAT,XUYEN_THAT,2,true,false,1,false
ETHUSDT,1151,5,2,BELOW,GIU,XUYEN_THAT,2,false,false,,
ETHUSDT,1152,1,1,BELOW,GIU,CHAN,3,false,false,,
ETHUSDT,1155,21,2,ABOVE,PHA_GIA,XUYEN_THAT,3,true,true,1,false
ETHUSDT,1156,3,2,BELOW,PHA_GIA,CHAN,2,true,true,1,false
ETHUSDT,1157,15,2,ABOVE,XUYEN_THAT,XUYEN_THAT,3,true,false,3,false
ETHUSDT,1158,5,2,ABOVE,XUYEN_THAT,XUYEN_THAT,0,true,false,7,false
ETHUSDT,1160,3,1,ABOVE,GIU,CHAN,1,false,false,,
ETHUSDT,1163,13,2,BELOW,XUYEN_THAT,XUYEN_THAT,0,true,false,2,false
ETHUSDT,1164,7,2,BELOW,XUYEN_THAT,XUYEN_THAT,1,true,false,8,false
ETHUSDT,1165,7,1,ABOVE,GIU,CHAN,3,false,false,,
ETHUSDT,1167,12,2,ABOVE,GIU,XUYEN_THAT,2,false,false,,
ETHUSDT,1168,17,2,BELOW,PHA_GIA,XUYEN_THAT,1,true,true,0,false
ETHUSDT,1169,4,2,BELOW,GIU,CHAN,2,false,false,,
ETHUSDT,1170,6,2,ABOVE,PHA_GIA,XUYEN_THAT,1,true,true,1,false
ETHUSDT,1171,9,2,ABOVE,GIU,XUYEN_THAT,1,false,false,,
ETHUSDT,1172,8,2,BELOW,GIU,XUYEN_THAT,2,false,false,,
ETHUSDT,1173,2,2,BELOW,XUYEN_THAT,XUYEN_THAT,1,true,false,2,false
ETHUSDT,1174,11,1,ABOVE,GIU,CHAN,1,false,false,,
ETHUSDT,1175,4,2,BELOW,XUYEN_THAT,XUYEN_THAT,1,true,false,3,false
ETHUSDT,1176,3,2,ABOVE,PHA_GIA,XUYEN_THAT,1,true,true,0,false
ETHUSDT,1177,7,2,ABOVE,GIU,XUYEN_THAT,1,false,false,,
ETHUSDT,1178,4,2,BELOW,GIU,XUYEN_THAT,2,false,false,,
ETHUSDT,1179,14,2,ABOVE,PHA_GIA,XUYEN_THAT,3,true,true,7,false
ETHUSDT,1180,1,1,ABOVE,GIU,CHAN,2,false,false,,
ETHUSDT,1182,9,1,ABOVE,GIU,CHAN,2,false,false,,
ETHUSDT,1184,4,2,BELOW,PHA_GIA,CHAN,1,true,true,3,false
ETHUSDT,1185,2,2,BELOW,XUYEN_THAT,XUYEN_THAT,1,true,false,1,false
ETHUSDT,1186,12,2,BELOW,GIU,CHAN,1,false,false,,
ETHUSDT,1187,6,2,BELOW,XUYEN_THAT,XUYEN_THAT,2,true,false,2,false
ETHUSDT,1188,3,1,BELOW,GIU,CHAN,1,false,false,,
ETHUSDT,1189,7,2,BELOW,PHA_GIA,XUYEN_THAT,3,true,true,3,false
ETHUSDT,1191,6,2,ABOVE,GIU,CHAN,0,false,false,,
ETHUSDT,1192,5,2,ABOVE,XUYEN_THAT,XUYEN_THAT,1,true,false,2,false
ETHUSDT,1193,8,2,ABOVE,XUYEN_THAT,XUYEN_THAT,0,true,false,0,false
ETHUSDT,1194,2,2,BELOW,PHA_GIA,CHAN,1,true,true,1,false
ETHUSDT,1195,2,2,BELOW,PHA_GIA,CHAN,3,true,true,6,false
ETHUSDT,1196,5,2,BELOW,PHA_GIA,XUYEN_THAT,3,true,true,2,false
ETHUSDT,1197,5,2,BELOW,PHA_GIA,CHAN,3,true,true,4,false
ETHUSDT,1198,2,1,ABOVE,GIU,XUYEN_THAT,1,false,false,,
ETHUSDT,1199,8,2,ABOVE,PHA_GIA,XUYEN_THAT,1,true,true,0,false
ETHUSDT,1200,32,2,BELOW,GIU,XUYEN_THAT,0,false,false,,
ETHUSDT,1201,26,2,ABOVE,GIU,XUYEN_THAT,2,false,false,,
ETHUSDT,1202,9,2,ABOVE,PHA_GIA,XUYEN_THAT,2,true,true,1,false
ETHUSDT,1204,11,2,BELOW,GIU,XUYEN_THAT,2,false,false,,
ETHUSDT,1206,3,1,ABOVE,GIU,XUYEN_THAT,1,false,false,,
ETHUSDT,1207,16,2,BELOW,XUYEN_THAT,XUYEN_THAT,1,true,false,0,false
ETHUSDT,1210,12,2,BELOW,GIU,XUYEN_THAT,2,false,false,,
ETHUSDT,1212,8,1,BELOW,GIU,CHAN,3,false,false,,
ETHUSDT,1213,2,1,BELOW,GIU,CHAN,1,false,false,,
ETHUSDT,1214,6,1,BELOW,GIU,CHAN,1,false,false,,
ETHUSDT,1215,16,2,BELOW,XUYEN_THAT,XUYEN_THAT,0,true,false,0,false
ETHUSDT,1217,10,2,ABOVE,GIU,XUYEN_THAT,1,false,false,,
ETHUSDT,1219,22,2,BELOW,XUYEN_THAT,XUYEN_THAT,0,true,false,0,false
ETHUSDT,1221,1,1,ABOVE,PHA_GIA,CHAN,2,true,true,1,false
ETHUSDT,1222,19,2,BELOW,GIU,XUYEN_THAT,3,false,false,,
ETHUSDT,1224,8,2,BELOW,GIU,XUYEN_THAT,1,false,false,,
ETHUSDT,1225,4,2,ABOVE,GIU,XUYEN_THAT,3,false,false,,
ETHUSDT,1227,9,2,BELOW,GIU,XUYEN_THAT,1,false,false,,
ETHUSDT,1228,2,1,ABOVE,XUYEN_THAT,XUYEN_THAT,1,true,false,1,false
ETHUSDT,1229,14,2,ABOVE,GIU,XUYEN_THAT,1,false,false,,
ETHUSDT,1230,13,2,BELOW,XUYEN_THAT,XUYEN_THAT,0,true,false,1,false
ETHUSDT,1231,2,2,BELOW,PHA_GIA,CHAN,3,true,true,3,false
ETHUSDT,1232,14,2,BELOW,XUYEN_THAT,XUYEN_THAT,1,true,false,2,false
ETHUSDT,1233,1,1,BELOW,XUYEN_THAT,XUYEN_THAT,2,true,false,7,false
ETHUSDT,1235,5,2,BELOW,XUYEN_THAT,XUYEN_THAT,3,true,false,7,false
ETHUSDT,1237,5,2,BELOW,PHA_GIA,CHAN,3,true,true,1,false
ETHUSDT,1239,1,1,ABOVE,GIU,CHAN,0,false,false,,
ETHUSDT,1241,4,1,ABOVE,GIU,CHAN,1,false,false,,
ETHUSDT,1242,15,2,BELOW,XUYEN_THAT,XUYEN_THAT,0,true,false,3,false
ETHUSDT,1243,6,2,ABOVE,PHA_GIA,XUYEN_THAT,3,true,true,5,false
ETHUSDT,1244,5,2,BELOW,PHA_GIA,XUYEN_THAT,2,true,true,4,false
ETHUSDT,1247,2,2,ABOVE,XUYEN_THAT,XUYEN_THAT,2,true,false,1,false
ETHUSDT,1248,19,2,ABOVE,XUYEN_THAT,XUYEN_THAT,0,true,false,1,false
ETHUSDT,1249,16,2,BELOW,GIU,XUYEN_THAT,0,false,false,,
ETHUSDT,1250,1,1,ABOVE,PHA_GIA,CHAN,2,true,true,0,false
ETHUSDT,1252,18,2,BELOW,PHA_GIA,XUYEN_THAT,2,true,true,6,false
ETHUSDT,1253,2,1,BELOW,GIU,CHAN,0,false,false,,
ETHUSDT,1256,15,2,BELOW,PHA_GIA,XUYEN_THAT,1,true,true,0,false
ETHUSDT,1257,4,2,BELOW,XUYEN_THAT,XUYEN_THAT,2,true,false,1,false
ETHUSDT,1258,2,1,ABOVE,PHA_GIA,CHAN,1,true,true,6,false
ETHUSDT,1259,7,1,ABOVE,GIU,CHAN,1,false,false,,
ETHUSDT,1261,6,2,ABOVE,XUYEN_THAT,XUYEN_THAT,0,true,false,1,false
ETHUSDT,1262,4,1,ABOVE,GIU,CHAN,2,false,false,,
ETHUSDT,1263,7,1,ABOVE,GIU,CHAN,3,false,false,,
ETHUSDT,1264,5,2,BELOW,XUYEN_THAT,XUYEN_THAT,0,true,false,0,false
ETHUSDT,1265,1,1,BELOW,PHA_GIA,CHAN,0,true,true,0,false
ETHUSDT,1266,11,2,BELOW,GIU,XUYEN_THAT,3,false,false,,
ETHUSDT,1267,19,2,ABOVE,GIU,XUYEN_THAT,0,false,false,,
ETHUSDT,1268,5,2,BELOW,PHA_GIA,CHAN,1,true,true,4,false
ETHUSDT,1270,9,2,ABOVE,PHA_GIA,XUYEN_THAT,2,true,true,2,false
ETHUSDT,1271,8,2,BELOW,GIU,XUYEN_THAT,2,false,false,,
ETHUSDT,1272,2,1,ABOVE,GIU,CHAN,2,false,false,,
ETHUSDT,1273,4,2,ABOVE,PHA_GIA,CHAN,0,true,true,5,false
ETHUSDT,1274,6,2,ABOVE,XUYEN_THAT,XUYEN_THAT,0,true,false,2,false
ETHUSDT,1275,1,1,ABOVE,PHA_GIA,CHAN,1,true,true,1,false
ETHUSDT,1276,16,2,ABOVE,XUYEN_THAT,XUYEN_THAT,0,true,false,1,false
ETHUSDT,1277,6,2,ABOVE,XUYEN_THAT,XUYEN_THAT,1,true,false,5,false
ETHUSDT,1278,12,2,BELOW,XUYEN_THAT,XUYEN_THAT,1,true,false,1,false
ETHUSDT,1280,12,2,BELOW,GIU,XUYEN_THAT,2,false,false,,
ETHUSDT,1281,2,1,ABOVE,PHA_GIA,CHAN,0,true,true,0,false
ETHUSDT,1282,7,2,ABOVE,PHA_GIA,CHAN,1,true,true,0,false
ETHUSDT,1283,12,2,BELOW,GIU,XUYEN_THAT,2,false,false,,
ETHUSDT,1284,4,2,BELOW,PHA_GIA,CHAN,2,true,true,7,false
ETHUSDT,1285,9,2,BELOW,PHA_GIA,CHAN,1,true,true,5,false
ETHUSDT,1286,24,2,ABOVE,XUYEN_THAT,XUYEN_THAT,1,true,false,0,false
ETHUSDT,1287,1,1,ABOVE,GIU,CHAN,1,false,false,,
ETHUSDT,1288,14,2,ABOVE,PHA_GIA,XUYEN_THAT,2,true,true,2,false
ETHUSDT,1289,1,1,ABOVE,GIU,CHAN,1,false,false,,
ETHUSDT,1291,12,2,ABOVE,PHA_GIA,XUYEN_THAT,2,true,true,1,false
ETHUSDT,1292,1,1,ABOVE,GIU,CHAN,2,false,false,,
ETHUSDT,1293,2,1,ABOVE,GIU,CHAN,0,false,false,,
ETHUSDT,1294,6,2,ABOVE,PHA_GIA,XUYEN_THAT,0,true,true,5,false
ETHUSDT,1296,13,2,ABOVE,XUYEN_THAT,XUYEN_THAT,0,true,false,0,false
ETHUSDT,1297,13,2,ABOVE,GIU,XUYEN_THAT,2,false,false,,
ETHUSDT,1298,6,2,ABOVE,GIU,CHAN,2,false,false,,
ETHUSDT,1299,6,2,BELOW,XUYEN_THAT,XUYEN_THAT,1,true,false,1,false
ETHUSDT,1300,6,2,BELOW,PHA_GIA,XUYEN_THAT,3,true,true,4,false
ETHUSDT,1301,7,2,BELOW,PHA_GIA,XUYEN_THAT,3,true,true,0,false
ETHUSDT,1302,2,1,ABOVE,GIU,CHAN,2,false,false,,
ETHUSDT,1304,8,2,BELOW,XUYEN_THAT,XUYEN_THAT,2,true,false,4,false
ETHUSDT,1305,3,1,ABOVE,GIU,CHAN,2,false,false,,
ETHUSDT,1307,1,1,BELOW,GIU,CHAN,2,false,false,,
ETHUSDT,1308,3,1,BELOW,GIU,CHAN,2,false,false,,
ETHUSDT,1309,1,1,BELOW,GIU,CHAN,1,false,false,,
ETHUSDT,1310,14,2,BELOW,PHA_GIA,XUYEN_THAT,0,true,true,0,false
ETHUSDT,1311,8,2,BELOW,PHA_GIA,CHAN,2,true,true,2,false
ETHUSDT,1312,5,1,BELOW,PHA_GIA,CHAN,0,true,true,0,false
ETHUSDT,1313,4,2,BELOW,XUYEN_THAT,XUYEN_THAT,0,true,false,0,false
ETHUSDT,1314,6,1,ABOVE,GIU,CHAN,2,false,false,,
ETHUSDT,1315,8,2,ABOVE,PHA_GIA,XUYEN_THAT,2,true,true,6,false
ETHUSDT,1318,7,2,BELOW,PHA_GIA,XUYEN_THAT,3,true,true,5,false
ETHUSDT,1319,1,1,BELOW,GIU,CHAN,4,false,false,,
ETHUSDT,1321,20,2,BELOW,GIU,XUYEN_THAT,0,false,false,,
ETHUSDT,1322,1,1,BELOW,GIU,CHAN,2,false,false,,
ETHUSDT,1323,10,2,ABOVE,PHA_GIA,XUYEN_THAT,2,true,true,3,false
ETHUSDT,1325,5,2,ABOVE,XUYEN_THAT,XUYEN_THAT,3,true,false,5,false
ETHUSDT,1326,7,2,ABOVE,PHA_GIA,XUYEN_THAT,1,true,true,1,false
ETHUSDT,1328,21,2,BELOW,PHA_GIA,XUYEN_THAT,2,true,true,2,false
ETHUSDT,1329,3,2,BELOW,GIU,CHAN,3,false,false,,
ETHUSDT,1330,2,1,ABOVE,GIU,CHAN,2,false,false,,
ETHUSDT,1331,2,2,BELOW,PHA_GIA,XUYEN_THAT,0,true,true,0,false
ETHUSDT,1332,17,2,ABOVE,XUYEN_THAT,XUYEN_THAT,2,true,false,1,false
ETHUSDT,1334,2,2,ABOVE,PHA_GIA,CHAN,3,true,true,1,false
ETHUSDT,1336,13,2,ABOVE,PHA_GIA,CHAN,3,true,true,3,false
ETHUSDT,1337,1,1,BELOW,GIU,CHAN,3,false,false,,
ETHUSDT,1341,9,2,BELOW,GIU,XUYEN_THAT,3,false,false,,
ETHUSDT,1342,4,2,ABOVE,PHA_GIA,CHAN,3,true,true,3,false
ETHUSDT,1343,1,1,BELOW,GIU,CHAN,2,false,false,,
ETHUSDT,1344,3,2,BELOW,PHA_GIA,XUYEN_THAT,0,true,true,3,false
ETHUSDT,1345,5,2,BELOW,GIU,XUYEN_THAT,3,false,false,,
ETHUSDT,1346,5,2,ABOVE,XUYEN_THAT,XUYEN_THAT,3,true,false,6,false
ETHUSDT,1347,5,2,BELOW,PHA_GIA,XUYEN_THAT,1,true,true,5,false
ETHUSDT,1348,6,2,BELOW,GIU,XUYEN_THAT,1,false,false,,
ETHUSDT,1349,1,1,ABOVE,GIU,CHAN,1,false,false,,
ETHUSDT,1350,4,2,ABOVE,PHA_GIA,XUYEN_THAT,2,true,true,1,false
ETHUSDT,1352,25,2,BELOW,XUYEN_THAT,XUYEN_THAT,0,true,false,0,false
ETHUSDT,1353,6,1,BELOW,GIU,CHAN,1,false,false,,
ETHUSDT,1354,5,1,ABOVE,GIU,CHAN,3,false,false,,
ETHUSDT,1355,1,1,ABOVE,GIU,CHAN,0,false,false,,
ETHUSDT,1357,3,1,ABOVE,PHA_GIA,CHAN,3,true,true,6,false
ETHUSDT,1359,3,2,ABOVE,XUYEN_THAT,XUYEN_THAT,2,true,false,2,false
ETHUSDT,1360,7,1,ABOVE,GIU,CHAN,1,false,false,,
ETHUSDT,1361,9,2,ABOVE,XUYEN_THAT,XUYEN_THAT,1,true,false,1,false
ETHUSDT,1362,5,2,ABOVE,XUYEN_THAT,XUYEN_THAT,0,true,false,0,false
ETHUSDT,1366,2,1,BELOW,GIU,CHAN,0,false,false,,
ETHUSDT,1369,4,1,ABOVE,GIU,CHAN,0,false,false,,
ETHUSDT,1372,7,2,BELOW,PHA_GIA,XUYEN_THAT,1,true,true,0,false
ETHUSDT,1373,5,2,BELOW,PHA_GIA,XUYEN_THAT,0,true,true,4,false
ETHUSDT,1375,13,2,ABOVE,PHA_GIA,XUYEN_THAT,1,true,true,0,false
ETHUSDT,1376,7,1,BELOW,GIU,CHAN,3,false,false,,
ETHUSDT,1377,4,2,ABOVE,XUYEN_THAT,XUYEN_THAT,4,true,false,6,false
ETHUSDT,1378,1,1,ABOVE,GIU,CHAN,2,false,false,,
ETHUSDT,1379,13,2,BELOW,XUYEN_THAT,XUYEN_THAT,1,true,false,1,false
ETHUSDT,1380,9,2,ABOVE,PHA_GIA,XUYEN_THAT,1,true,true,0,false
ETHUSDT,1381,4,1,BELOW,GIU,CHAN,1,false,false,,
ETHUSDT,1382,3,2,ABOVE,PHA_GIA,CHAN,1,true,true,0,false
ETHUSDT,1383,2,2,BELOW,PHA_GIA,CHAN,1,true,true,3,false
ETHUSDT,1384,1,1,ABOVE,GIU,CHAN,1,false,false,,
ETHUSDT,1385,4,2,ABOVE,PHA_GIA,XUYEN_THAT,1,true,true,1,false
ETHUSDT,1387,1,1,ABOVE,GIU,CHAN,1,false,false,,
ETHUSDT,1389,5,2,BELOW,GIU,XUYEN_THAT,2,false,false,,
ETHUSDT,1391,10,2,ABOVE,XUYEN_THAT,XUYEN_THAT,2,true,false,2,false
ETHUSDT,1392,6,2,BELOW,PHA_GIA,XUYEN_THAT,1,true,true,6,false
ETHUSDT,1396,3,1,BELOW,GIU,CHAN,2,false,false,,
ETHUSDT,1397,13,2,ABOVE,PHA_GIA,XUYEN_THAT,1,true,true,0,false
ETHUSDT,1398,2,2,ABOVE,PHA_GIA,CHAN,1,true,true,0,false
ETHUSDT,1399,7,2,BELOW,PHA_GIA,XUYEN_THAT,1,true,true,6,false
ETHUSDT,1400,1,1,BELOW,PHA_GIA,CHAN,3,true,true,4,false
ETHUSDT,1401,2,1,ABOVE,GIU,CHAN,3,false,false,,
ETHUSDT,1402,9,2,BELOW,GIU,XUYEN_THAT,2,false,false,,
ETHUSDT,1403,5,1,BELOW,GIU,CHAN,2,false,false,,
ETHUSDT,1405,2,1,ABOVE,GIU,CHAN,3,false,false,,
ETHUSDT,1406,1,1,ABOVE,GIU,CHAN,2,false,false,,
ETHUSDT,1407,8,2,ABOVE,PHA_GIA,XUYEN_THAT,0,true,true,4,false
ETHUSDT,1408,3,1,ABOVE,GIU,CHAN,3,false,false,,
ETHUSDT,1409,15,2,BELOW,XUYEN_THAT,XUYEN_THAT,1,true,false,0,false
ETHUSDT,1410,8,2,BELOW,GIU,XUYEN_THAT,2,false,false,,
ETHUSDT,1411,2,2,BELOW,XUYEN_THAT,XUYEN_THAT,0,true,false,1,false
ETHUSDT,1412,16,2,ABOVE,GIU,XUYEN_THAT,3,false,false,,
ETHUSDT,1413,7,1,BELOW,GIU,CHAN,3,false,false,,
ETHUSDT,1414,8,2,BELOW,PHA_GIA,XUYEN_THAT,1,true,true,1,false
ETHUSDT,1415,2,1,BELOW,GIU,CHAN,2,false,false,,
ETHUSDT,1416,2,1,BELOW,GIU,CHAN,0,false,false,,
ETHUSDT,1417,1,1,BELOW,GIU,CHAN,3,false,false,,
ETHUSDT,1419,1,1,ABOVE,XUYEN_THAT,XUYEN_THAT,0,true,false,2,false
ETHUSDT,1420,1,1,BELOW,PHA_GIA,CHAN,1,true,true,2,false
ETHUSDT,1422,2,1,ABOVE,GIU,CHAN,1,false,false,,
ETHUSDT,1423,9,2,BELOW,PHA_GIA,CHAN,1,true,true,0,false
ETHUSDT,1427,7,2,BELOW,GIU,XUYEN_THAT,3,false,false,,
ETHUSDT,1428,3,2,ABOVE,PHA_GIA,CHAN,2,true,true,4,false
ETHUSDT,1429,3,2,ABOVE,PHA_GIA,CHAN,1,true,true,2,false
ETHUSDT,1431,6,2,BELOW,GIU,XUYEN_THAT,1,false,false,,
ETHUSDT,1432,4,1,ABOVE,GIU,CHAN,2,false,false,,
ETHUSDT,1433,3,1,ABOVE,GIU,CHAN,2,false,false,,
ETHUSDT,1434,1,1,BELOW,GIU,CHAN,3,false,false,,
ETHUSDT,1437,5,2,BELOW,GIU,XUYEN_THAT,0,false,false,,
ETHUSDT,1438,3,1,BELOW,GIU,CHAN,1,false,false,,
ETHUSDT,1440,9,2,BELOW,GIU,XUYEN_THAT,3,false,false,,
ETHUSDT,1441,2,1,ABOVE,PHA_GIA,CHAN,2,true,true,8,false
ETHUSDT,1444,2,2,BELOW,PHA_GIA,CHAN,1,true,true,4,false
ETHUSDT,1445,6,2,ABOVE,GIU,XUYEN_THAT,1,false,false,,
ETHUSDT,1446,3,1,BELOW,XUYEN_THAT,XUYEN_THAT,2,true,false,0,false
ETHUSDT,1447,1,1,BELOW,GIU,CHAN,2,false,false,,
ETHUSDT,1449,2,2,ABOVE,PHA_GIA,XUYEN_THAT,0,true,true,0,false
ETHUSDT,1450,2,2,BELOW,PHA_GIA,CHAN,1,true,true,1,false
ETHUSDT,1452,4,1,BELOW,XUYEN_THAT,XUYEN_THAT,1,true,false,1,false
ETHUSDT,1454,4,2,ABOVE,GIU,XUYEN_THAT,1,false,false,,
ETHUSDT,1456,7,2,BELOW,XUYEN_THAT,XUYEN_THAT,0,true,false,0,false
ETHUSDT,1457,14,2,BELOW,GIU,XUYEN_THAT,2,false,false,,
ETHUSDT,1458,1,1,BELOW,GIU,CHAN,3,false,false,,
ETHUSDT,1459,1,1,ABOVE,XUYEN_THAT,XUYEN_THAT,1,true,false,0,true
ETHUSDT,1460,20,2,BELOW,GIU,XUYEN_THAT,0,false,false,,
ETHUSDT,1461,5,2,BELOW,PHA_GIA,XUYEN_THAT,1,true,true,4,false
ETHUSDT,1462,1,1,ABOVE,GIU,CHAN,0,false,false,,
ETHUSDT,1464,13,2,ABOVE,GIU,XUYEN_THAT,2,false,false,,
ETHUSDT,1465,2,2,BELOW,PHA_GIA,CHAN,0,true,true,0,false
ETHUSDT,1466,2,1,BELOW,GIU,CHAN,3,false,false,,
ETHUSDT,1467,1,1,ABOVE,GIU,CHAN,3,false,false,,
ETHUSDT,1468,3,2,BELOW,XUYEN_THAT,XUYEN_THAT,1,true,false,7,true
ETHUSDT,1471,3,2,ABOVE,XUYEN_THAT,XUYEN_THAT,0,true,false,0,false
ETHUSDT,1472,6,1,BELOW,GIU,CHAN,0,false,false,,
ETHUSDT,1473,1,1,ABOVE,GIU,CHAN,2,false,false,,
ETHUSDT,1475,3,2,ABOVE,PHA_GIA,CHAN,1,true,true,0,false
ETHUSDT,1476,3,1,ABOVE,GIU,CHAN,1,false,false,,
ETHUSDT,1477,2,1,BELOW,XUYEN_THAT,XUYEN_THAT,2,true,false,7,true
ETHUSDT,1478,4,2,BELOW,GIU,CHAN,2,false,false,,
ETHUSDT,1479,10,2,ABOVE,PHA_GIA,XUYEN_THAT,3,true,true,5,false
ETHUSDT,1480,3,2,ABOVE,PHA_GIA,XUYEN_THAT,3,true,true,4,false
ETHUSDT,1481,6,2,ABOVE,PHA_GIA,XUYEN_THAT,3,true,true,1,false
ETHUSDT,1483,33,2,BELOW,GIU,XUYEN_THAT,3,false,false,,
ETHUSDT,1484,7,2,BELOW,GIU,XUYEN_THAT,2,false,false,,
ETHUSDT,1485,1,1,BELOW,XUYEN_THAT,XUYEN_THAT,1,true,false,1,false
ETHUSDT,1486,18,2,ABOVE,PHA_GIA,XUYEN_THAT,2,true,true,3,false
ETHUSDT,1487,2,1,BELOW,XUYEN_THAT,XUYEN_THAT,1,true,false,5,false
ETHUSDT,1488,6,2,ABOVE,PHA_GIA,XUYEN_THAT,1,true,true,0,false
ETHUSDT,1489,2,2,ABOVE,PHA_GIA,CHAN,1,true,true,3,false
ETHUSDT,1490,1,1,BELOW,GIU,CHAN,3,false,false,,
ETHUSDT,1491,15,2,BELOW,PHA_GIA,XUYEN_THAT,1,true,true,2,false
ETHUSDT,1493,1,1,ABOVE,GIU,CHAN,2,false,false,,
ETHUSDT,1494,10,2,ABOVE,PHA_GIA,XUYEN_THAT,0,true,true,0,false
ETHUSDT,1495,11,2,ABOVE,GIU,XUYEN_THAT,1,false,false,,
SOLUSDT,0,5,2,BELOW,GIU,CHAN,2,false,false,,
SOLUSDT,1,7,2,BELOW,GIU,XUYEN_THAT,4,false,false,,
SOLUSDT,2,9,2,BELOW,XUYEN_THAT,XUYEN_THAT,2,true,false,1,false
SOLUSDT,3,7,2,ABOVE,PHA_GIA,CHAN,4,true,true,3,false
SOLUSDT,4,1,1,BELOW,GIU,CHAN,1,false,false,,
SOLUSDT,5,1,1,BELOW,GIU,CHAN,0,false,false,,
SOLUSDT,6,19,2,BELOW,PHA_GIA,XUYEN_THAT,3,true,true,3,false
SOLUSDT,7,1,1,BELOW,GIU,CHAN,2,false,false,,
SOLUSDT,8,1,1,BELOW,PHA_GIA,CHAN,3,true,true,6,false
SOLUSDT,9,4,2,BELOW,XUYEN_THAT,XUYEN_THAT,1,true,false,4,false
SOLUSDT,10,4,2,ABOVE,PHA_GIA,CHAN,0,true,true,0,false
SOLUSDT,12,33,2,ABOVE,GIU,XUYEN_THAT,3,false,false,,
SOLUSDT,13,1,1,ABOVE,XUYEN_THAT,XUYEN_THAT,2,true,false,1,false
SOLUSDT,14,1,1,BELOW,XUYEN_THAT,XUYEN_THAT,2,true,false,4,true
SOLUSDT,15,15,2,ABOVE,PHA_GIA,XUYEN_THAT,3,true,true,3,false
SOLUSDT,16,3,2,ABOVE,PHA_GIA,XUYEN_THAT,2,true,true,1,false
SOLUSDT,17,5,2,BELOW,PHA_GIA,CHAN,1,true,true,0,false
SOLUSDT,18,11,2,BELOW,GIU,XUYEN_THAT,3,false,false,,
SOLUSDT,19,4,1,ABOVE,PHA_GIA,CHAN,3,true,true,1,false
SOLUSDT,20,10,2,ABOVE,XUYEN_THAT,XUYEN_THAT,2,true,false,3,false
SOLUSDT,21,5,2,ABOVE,XUYEN_THAT,XUYEN_THAT,1,true,false,0,false
SOLUSDT,22,16,2,BELOW,XUYEN_THAT,XUYEN_THAT,2,true,false,4,false
SOLUSDT,23,11,2,BELOW,XUYEN_THAT,XUYEN_THAT,1,true,false,1,false
SOLUSDT,24,33,2,BELOW,XUYEN_THAT,XUYEN_THAT,1,true,false,0,false
SOLUSDT,25,3,1,ABOVE,GIU,CHAN,2,false,false,,
SOLUSDT,26,5,2,ABOVE,PHA_GIA,XUYEN_THAT,1,true,true,3,false
SOLUSDT,27,6,2,BELOW,PHA_GIA,XUYEN_THAT,0,true,true,8,false
SOLUSDT,28,11,2,ABOVE,GIU,XUYEN_THAT,2,false,false,,
SOLUSDT,29,9,2,ABOVE,GIU,XUYEN_THAT,3,false,false,,
SOLUSDT,34,1,1,BELOW,GIU,CHAN,3,false,false,,
SOLUSDT,35,6,2,BELOW,PHA_GIA,XUYEN_THAT,0,true,true,1,false
SOLUSDT,36,7,2,BELOW,PHA_GIA,XUYEN_THAT,0,true,true,0,false
SOLUSDT,37,2,2,BELOW,PHA_GIA,CHAN,2,true,true,2,false
SOLUSDT,39,20,2,BELOW,PHA_GIA,XUYEN_THAT,2,true,true,4,false
SOLUSDT,41,8,2,BELOW,GIU,XUYEN_THAT,2,false,false,,
SOLUSDT,42,1,1,BELOW,PHA_GIA,CHAN,1,true,true,1,false
SOLUSDT,43,3,1,BELOW,XUYEN_THAT,XUYEN_THAT,1,true,false,5,false
SOLUSDT,44,2,1,ABOVE,GIU,CHAN,2,false,false,,
SOLUSDT,45,5,2,BELOW,XUYEN_THAT,XUYEN_THAT,1,true,false,1,false
SOLUSDT,47,27,2,BELOW,PHA_GIA,XUYEN_THAT,4,true,true,5,false
SOLUSDT,48,1,1,ABOVE,GIU,CHAN,1,false,false,,
SOLUSDT,49,3,2,BELOW,PHA_GIA,XUYEN_THAT,2,true,true,2,false
SOLUSDT,50,26,2,BELOW,PHA_GIA,XUYEN_THAT,4,true,true,3,false
SOLUSDT,51,8,2,ABOVE,XUYEN_THAT,XUYEN_THAT,1,true,false,1,false
SOLUSDT,52,2,1,BELOW,GIU,CHAN,2,false,false,,
SOLUSDT,53,5,1,ABOVE,GIU,CHAN,3,false,false,,
SOLUSDT,54,61,2,ABOVE,PHA_GIA,XUYEN_THAT,2,true,true,1,false
SOLUSDT,55,8,2,ABOVE,GIU,CHAN,4,false,false,,
SOLUSDT,56,16,2,BELOW,PHA_GIA,XUYEN_THAT,3,true,true,1,false
SOLUSDT,57,8,2,BELOW,PHA_GIA,XUYEN_THAT,2,true,true,7,false
SOLUSDT,59,68,2,ABOVE,PHA_GIA,XUYEN_THAT,3,true,true,5,false
SOLUSDT,60,4,2,ABOVE,GIU,XUYEN_THAT,2,false,false,,
SOLUSDT,61,20,2,BELOW,XUYEN_THAT,XUYEN_THAT,1,true,false,1,false
SOLUSDT,62,6,2,ABOVE,GIU,CHAN,0,false,false,,
SOLUSDT,63,2,2,BELOW,PHA_GIA,CHAN,2,true,true,1,false
SOLUSDT,64,11,2,ABOVE,XUYEN_THAT,XUYEN_THAT,2,true,false,0,true
SOLUSDT,65,2,2,ABOVE,PHA_GIA,CHAN,0,true,true,0,false
SOLUSDT,66,15,2,ABOVE,GIU,XUYEN_THAT,1,false,false,,
SOLUSDT,67,5,1,BELOW,GIU,XUYEN_THAT,2,false,false,,
SOLUSDT,68,5,2,BELOW,PHA_GIA,CHAN,1,true,true,6,false
SOLUSDT,69,3,2,ABOVE,PHA_GIA,XUYEN_THAT,3,true,true,2,false
SOLUSDT,70,13,2,BELOW,PHA_GIA,XUYEN_THAT,1,true,true,1,false
SOLUSDT,71,10,2,BELOW,XUYEN_THAT,XUYEN_THAT,0,true,false,4,false
SOLUSDT,72,2,1,BELOW,GIU,CHAN,2,false,false,,
SOLUSDT,73,1,1,ABOVE,GIU,CHAN,3,false,false,,
SOLUSDT,74,14,2,ABOVE,PHA_GIA,XUYEN_THAT,2,true,true,8,false
SOLUSDT,75,3,1,BELOW,XUYEN_THAT,XUYEN_THAT,2,true,false,5,false
SOLUSDT,77,10,2,BELOW,XUYEN_THAT,XUYEN_THAT,1,true,false,4,false
SOLUSDT,78,2,1,ABOVE,GIU,CHAN,4,false,false,,
SOLUSDT,79,6,1,ABOVE,GIU,CHAN,2,false,false,,
SOLUSDT,81,6,1,ABOVE,GIU,CHAN,2,false,false,,
SOLUSDT,82,24,2,BELOW,GIU,XUYEN_THAT,2,false,false,,
SOLUSDT,83,8,2,BELOW,XUYEN_THAT,XUYEN_THAT,1,true,false,4,false
SOLUSDT,85,10,2,ABOVE,PHA_GIA,CHAN,1,true,true,3,false
SOLUSDT,86,2,1,ABOVE,GIU,CHAN,4,false,false,,
SOLUSDT,87,1,1,ABOVE,PHA_GIA,CHAN,2,true,true,0,false
SOLUSDT,88,27,2,BELOW,PHA_GIA,XUYEN_THAT,3,true,true,1,false
SOLUSDT,89,12,2,ABOVE,GIU,XUYEN_THAT,3,false,false,,
SOLUSDT,90,1,1,ABOVE,GIU,CHAN,4,false,false,,
SOLUSDT,91,16,2,BELOW,PHA_GIA,XUYEN_THAT,4,true,true,4,false
SOLUSDT,92,11,2,BELOW,PHA_GIA,XUYEN_THAT,2,true,true,3,false
SOLUSDT,93,33,2,ABOVE,PHA_GIA,XUYEN_THAT,3,true,true,5,false
SOLUSDT,94,2,1,ABOVE,GIU,CHAN,1,false,false,,
SOLUSDT,96,10,2,BELOW,GIU,XUYEN_THAT,3,false,false,,
SOLUSDT,97,2,1,ABOVE,GIU,CHAN,4,false,false,,
SOLUSDT,98,7,1,BELOW,GIU,CHAN,4,false,false,,
SOLUSDT,99,9,2,ABOVE,XUYEN_THAT,XUYEN_THAT,4,true,false,6,false
SOLUSDT,100,13,2,ABOVE,GIU,XUYEN_THAT,4,false,false,,
SOLUSDT,101,12,2,BELOW,PHA_GIA,XUYEN_THAT,2,true,true,3,false
SOLUSDT,103,3,1,BELOW,XUYEN_THAT,XUYEN_THAT,2,true,false,8,false
SOLUSDT,104,4,2,ABOVE,GIU,CHAN,1,false,false,,
SOLUSDT,105,11,2,BELOW,GIU,XUYEN_THAT,2,false,false,,
SOLUSDT,106,3,2,BELOW,PHA_GIA,CHAN,3,true,true,3,false
SOLUSDT,107,2,1,BELOW,GIU,XUYEN_THAT,2,false,false,,
SOLUSDT,108,14,2,ABOVE,GIU,XUYEN_THAT,2,false,false,,
SOLUSDT,109,3,2,BELOW,PHA_GIA,CHAN,1,true,true,8,true
SOLUSDT,110,9,2,BELOW,GIU,CHAN,3,false,false,,
SOLUSDT,111,25,2,BELOW,XUYEN_THAT,XUYEN_THAT,3,true,false,4,false
SOLUSDT,112,16,2,BELOW,GIU,XUYEN_THAT,2,false,false,,
SOLUSDT,116,33,2,ABOVE,XUYEN_THAT,XUYEN_THAT,0,true,false,0,false
SOLUSDT,118,21,2,ABOVE,GIU,XUYEN_THAT,1,false,false,,
SOLUSDT,119,15,2,BELOW,PHA_GIA,XUYEN_THAT,3,true,true,6,false
SOLUSDT,120,1,1,ABOVE,PHA_GIA,CHAN,2,true,true,3,false
SOLUSDT,121,14,2,BELOW,PHA_GIA,XUYEN_THAT,3,true,true,2,false
SOLUSDT,122,3,1,BELOW,GIU,CHAN,1,false,false,,
SOLUSDT,123,19,2,ABOVE,GIU,XUYEN_THAT,3,false,false,,
SOLUSDT,124,10,2,BELOW,PHA_GIA,XUYEN_THAT,2,true,true,2,false
SOLUSDT,125,21,2,ABOVE,PHA_GIA,XUYEN_THAT,3,true,true,1,false
SOLUSDT,126,12,2,BELOW,XUYEN_THAT,XUYEN_THAT,1,true,false,1,false
SOLUSDT,127,5,2,BELOW,GIU,XUYEN_THAT,1,false,false,,
SOLUSDT,128,31,2,BELOW,GIU,XUYEN_THAT,2,false,false,,
SOLUSDT,130,21,2,BELOW,XUYEN_THAT,XUYEN_THAT,2,true,false,5,false
SOLUSDT,131,58,2,BELOW,GIU,XUYEN_THAT,4,false,false,,
SOLUSDT,132,2,2,ABOVE,XUYEN_THAT,XUYEN_THAT,1,true,false,0,false
SOLUSDT,133,3,2,ABOVE,XUYEN_THAT,XUYEN_THAT,1,true,false,1,false
SOLUSDT,134,31,2,ABOVE,PHA_GIA,XUYEN_THAT,4,true,true,5,false
SOLUSDT,135,4,2,BELOW,GIU,CHAN,2,false,false,,
SOLUSDT,136,1,1,ABOVE,GIU,CHAN,2,false,false,,
SOLUSDT,137,15,2,ABOVE,PHA_GIA,XUYEN_THAT,2,true,true,6,false
SOLUSDT,138,4,2,BELOW,GIU,XUYEN_THAT,2,false,false,,
SOLUSDT,140,4,2,BELOW,PHA_GIA,XUYEN_THAT,1,true,true,4,false
SOLUSDT,141,1,1,BELOW,GIU,CHAN,2,false,false,,
SOLUSDT,142,6,2,BELOW,PHA_GIA,CHAN,2,true,true,4,false
SOLUSDT,143,17,2,BELOW,PHA_GIA,XUYEN_THAT,0,true,true,0,false
SOLUSDT,144,8,2,BELOW,GIU,XUYEN_THAT,2,false,false,,
SOLUSDT,145,4,2,BELOW,GIU,CHAN,3,false,false,,
SOLUSDT,146,2,1,BELOW,GIU,CHAN,3,false,false,,
SOLUSDT,147,12,2,BELOW,GIU,XUYEN_THAT,1,false,false,,
SOLUSDT,148,2,2,BELOW,PHA_GIA,CHAN,2,true,true,2,false
SOLUSDT,149,1,1,BELOW,GIU,CHAN,1,false,false,,
SOLUSDT,150,19,2,ABOVE,XUYEN_THAT,XUYEN_THAT,3,true,false,3,false
SOLUSDT,151,34,2,BELOW,GIU,XUYEN_THAT,2,false,false,,
SOLUSDT,153,1,1,BELOW,PHA_GIA,CHAN,1,true,true,2,false
SOLUSDT,154,8,2,BELOW,PHA_GIA,XUYEN_THAT,1,true,true,1,false
SOLUSDT,155,1,1,BELOW,XUYEN_THAT,XUYEN_THAT,0,true,false,0,false
SOLUSDT,156,4,1,BELOW,GIU,XUYEN_THAT,3,false,false,,
SOLUSDT,157,12,2,ABOVE,GIU,XUYEN_THAT,2,false,false,,
SOLUSDT,159,8,2,ABOVE,GIU,CHAN,3,false,false,,
SOLUSDT,160,18,2,ABOVE,GIU,XUYEN_THAT,1,false,false,,
SOLUSDT,161,12,2,ABOVE,GIU,XUYEN_THAT,3,false,false,,
SOLUSDT,162,3,2,ABOVE,PHA_GIA,CHAN,2,true,true,6,false
SOLUSDT,163,18,2,ABOVE,PHA_GIA,XUYEN_THAT,2,true,true,2,false
SOLUSDT,164,21,2,ABOVE,XUYEN_THAT,XUYEN_THAT,1,true,false,1,false
SOLUSDT,165,3,1,BELOW,GIU,CHAN,2,false,false,,
SOLUSDT,166,2,1,BELOW,GIU,CHAN,1,false,false,,
SOLUSDT,167,3,2,ABOVE,PHA_GIA,CHAN,1,true,true,4,false
SOLUSDT,169,9,2,ABOVE,PHA_GIA,XUYEN_THAT,1,true,true,1,false
SOLUSDT,170,26,2,ABOVE,PHA_GIA,XUYEN_THAT,0,true,true,0,false
SOLUSDT,171,4,2,BELOW,PHA_GIA,XUYEN_THAT,2,true,true,8,false
SOLUSDT,172,14,2,BELOW,PHA_GIA,XUYEN_THAT,3,true,true,3,false
SOLUSDT,173,8,2,BELOW,GIU,XUYEN_THAT,1,false,false,,
SOLUSDT,175,3,2,BELOW,PHA_GIA,XUYEN_THAT,0,true,true,0,false
SOLUSDT,176,12,2,ABOVE,XUYEN_THAT,XUYEN_THAT,1,true,false,6,false
SOLUSDT,178,29,2,ABOVE,PHA_GIA,XUYEN_THAT,4,true,true,5,false
SOLUSDT,179,15,2,ABOVE,PHA_GIA,XUYEN_THAT,4,true,true,4,false
SOLUSDT,181,10,2,ABOVE,GIU,XUYEN_THAT,2,false,false,,
SOLUSDT,182,16,2,BELOW,GIU,XUYEN_THAT,4,false,false,,
SOLUSDT,183,4,2,ABOVE,GIU,XUYEN_THAT,2,false,false,,
SOLUSDT,184,4,2,ABOVE,GIU,XUYEN_THAT,1,false,false,,
SOLUSDT,185,12,2,ABOVE,PHA_GIA,XUYEN_THAT,4,true,true,7,false
SOLUSDT,186,4,1,BELOW,GIU,CHAN,3,false,false,,
SOLUSDT,187,28,2,ABOVE,GIU,XUYEN_THAT,4,false,false,,
SOLUSDT,189,6,2,ABOVE,XUYEN_THAT,XUYEN_THAT,2,true,false,4,false
SOLUSDT,191,6,1,BELOW,GIU,CHAN,2,false,false,,
SOLUSDT,192,1,1,BELOW,GIU,CHAN,1,false,false,,
SOLUSDT,193,17,2,BELOW,PHA_GIA,XUYEN_THAT,1,true,true,4,false
SOLUSDT,194,7,2,ABOVE,PHA_GIA,XUYEN_THAT,2,true,true,5,false
SOLUSDT,196,16,2,BELOW,GIU,XUYEN_THAT,4,false,false,,
SOLUSDT,197,2,1,ABOVE,GIU,CHAN,4,false,false,,
SOLUSDT,198,27,2,ABOVE,GIU,XUYEN_THAT,3,false,false,,
SOLUSDT,200,12,2,ABOVE,XUYEN_THAT,XUYEN_THAT,1,true,false,1,false
SOLUSDT,201,4,2,ABOVE,PHA_GIA,CHAN,1,true,true,5,true
SOLUSDT,202,11,2,BELOW,XUYEN_THAT,XUYEN_THAT,2,true,false,1,false
SOLUSDT,203,8,2,ABOVE,GIU,XUYEN_THAT,1,false,false,,
SOLUSDT,205,24,2,BELOW,PHA_GIA,XUYEN_THAT,2,true,true,2,false
SOLUSDT,206,5,2,BELOW,PHA_GIA,XUYEN_THAT,2,true,true,8,false
SOLUSDT,207,5,2,ABOVE,GIU,XUYEN_THAT,3,false,false,,
SOLUSDT,209,6,1,BELOW,XUYEN_THAT,XUYEN_THAT,1,true,false,0,false
SOLUSDT,210,16,2,BELOW,GIU,XUYEN_THAT,3,false,false,,
SOLUSDT,211,1,1,BELOW,GIU,CHAN,2,false,false,,
SOLUSDT,212,1,1,ABOVE,GIU,CHAN,2,false,false,,
SOLUSDT,213,4,2,BELOW,GIU,XUYEN_THAT,1,false,false,,
SOLUSDT,214,2,2,BELOW,PHA_GIA,CHAN,1,true,true,0,false
SOLUSDT,217,3,2,ABOVE,GIU,CHAN,3,false,false,,
SOLUSDT,219,6,2,BELOW,XUYEN_THAT,XUYEN_THAT,1,true,false,7,false
SOLUSDT,220,1,1,BELOW,GIU,CHAN,1,false,false,,
SOLUSDT,221,3,2,ABOVE,XUYEN_THAT,XUYEN_THAT,0,true,false,0,false
SOLUSDT,222,1,1,BELOW,GIU,CHAN,1,false,false,,
SOLUSDT,223,1,1,BELOW,GIU,CHAN,1,false,false,,
SOLUSDT,224,8,2,BELOW,GIU,CHAN,1,false,false,,
SOLUSDT,225,4,2,BELOW,XUYEN_THAT,XUYEN_THAT,2,true,false,5,false
SOLUSDT,227,25,2,BELOW,GIU,XUYEN_THAT,2,false,false,,
SOLUSDT,228,1,1,ABOVE,GIU,CHAN,1,false,false,,
SOLUSDT,229,21,2,BELOW,PHA_GIA,XUYEN_THAT,2,true,true,1,false
SOLUSDT,230,4,2,ABOVE,XUYEN_THAT,XUYEN_THAT,3,true,false,3,false
SOLUSDT,232,13,2,BELOW,GIU,XUYEN_THAT,2,false,false,,
SOLUSDT,233,21,2,ABOVE,GIU,XUYEN_THAT,1,false,false,,
SOLUSDT,234,1,1,BELOW,GIU,CHAN,3,false,false,,
SOLUSDT,235,2,2,BELOW,PHA_GIA,XUYEN_THAT,0,true,true,0,false
SOLUSDT,236,4,1,BELOW,GIU,CHAN,1,false,false,,
SOLUSDT,237,16,2,ABOVE,GIU,XUYEN_THAT,1,false,false,,
SOLUSDT,238,5,1,ABOVE,GIU,XUYEN_THAT,3,false,false,,
SOLUSDT,239,1,1,ABOVE,GIU,CHAN,1,false,false,,
SOLUSDT,240,2,1,ABOVE,GIU,CHAN,3,false,false,,
SOLUSDT,241,7,2,BELOW,GIU,XUYEN_THAT,2,false,false,,
SOLUSDT,242,3,1,ABOVE,GIU,CHAN,3,false,false,,
SOLUSDT,243,3,1,ABOVE,GIU,XUYEN_THAT,2,false,false,,
SOLUSDT,244,17,2,BELOW,GIU,XUYEN_THAT,0,false,false,,
SOLUSDT,245,2,1,ABOVE,GIU,CHAN,2,false,false,,
SOLUSDT,247,1,1,ABOVE,GIU,CHAN,1,false,false,,
SOLUSDT,248,28,2,BELOW,XUYEN_THAT,XUYEN_THAT,2,true,false,8,false
SOLUSDT,249,4,2,ABOVE,XUYEN_THAT,XUYEN_THAT,1,true,false,8,false
SOLUSDT,250,2,1,BELOW,GIU,CHAN,2,false,false,,
SOLUSDT,252,5,2,BELOW,XUYEN_THAT,XUYEN_THAT,3,true,false,2,false
SOLUSDT,254,5,1,BELOW,GIU,CHAN,2,false,false,,
SOLUSDT,255,23,2,BELOW,XUYEN_THAT,XUYEN_THAT,1,true,false,5,false
SOLUSDT,256,37,2,ABOVE,PHA_GIA,XUYEN_THAT,3,true,true,2,false
SOLUSDT,257,4,1,ABOVE,GIU,CHAN,1,false,false,,
SOLUSDT,258,8,2,ABOVE,PHA_GIA,XUYEN_THAT,2,true,true,6,false
SOLUSDT,260,17,2,BELOW,PHA_GIA,XUYEN_THAT,3,true,true,2,false
SOLUSDT,261,2,1,ABOVE,GIU,CHAN,2,false,false,,
SOLUSDT,262,6,2,BELOW,GIU,XUYEN_THAT,2,false,false,,
SOLUSDT,264,1,1,ABOVE,XUYEN_THAT,XUYEN_THAT,0,true,false,0,false
SOLUSDT,266,16,2,BELOW,GIU,XUYEN_THAT,3,false,false,,
SOLUSDT,268,3,2,BELOW,XUYEN_THAT,XUYEN_THAT,2,true,false,6,false
SOLUSDT,269,10,2,ABOVE,GIU,CHAN,4,false,false,,
SOLUSDT,270,9,2,BELOW,PHA_GIA,XUYEN_THAT,2,true,true,4,false
SOLUSDT,271,1,1,BELOW,XUYEN_THAT,XUYEN_THAT,1,true,false,0,false
SOLUSDT,272,8,2,ABOVE,PHA_GIA,XUYEN_THAT,2,true,true,5,false
SOLUSDT,273,18,2,BELOW,XUYEN_THAT,XUYEN_THAT,2,true,false,7,false
SOLUSDT,274,1,1,BELOW,GIU,CHAN,1,false,false,,
SOLUSDT,275,26,2,BELOW,XUYEN_THAT,XUYEN_THAT,1,true,false,1,false
SOLUSDT,276,2,1,ABOVE,GIU,CHAN,1,false,false,,
SOLUSDT,277,3,2,ABOVE,PHA_GIA,XUYEN_THAT,3,true,true,1,false
SOLUSDT,279,2,1,BELOW,GIU,CHAN,2,false,false,,
SOLUSDT,280,1,1,BELOW,GIU,CHAN,3,false,false,,
SOLUSDT,281,3,2,BELOW,PHA_GIA,XUYEN_THAT,2,true,true,8,false
SOLUSDT,284,9,2,ABOVE,GIU,XUYEN_THAT,2,false,false,,
SOLUSDT,285,8,2,ABOVE,PHA_GIA,XUYEN_THAT,1,true,true,8,false
SOLUSDT,286,17,2,BELOW,PHA_GIA,XUYEN_THAT,2,true,true,3,false
SOLUSDT,287,2,2,BELOW,PHA_GIA,CHAN,2,true,true,0,false
SOLUSDT,289,5,1,ABOVE,GIU,CHAN,1,false,false,,
SOLUSDT,291,11,2,BELOW,PHA_GIA,XUYEN_THAT,0,true,true,0,false
SOLUSDT,292,1,1,BELOW,GIU,CHAN,1,false,false,,
SOLUSDT,293,1,1,BELOW,GIU,CHAN,2,false,false,,
SOLUSDT,294,2,2,BELOW,XUYEN_THAT,XUYEN_THAT,2,true,false,1,false
SOLUSDT,295,5,2,ABOVE,GIU,XUYEN_THAT,1,false,false,,
SOLUSDT,297,5,2,BELOW,XUYEN_THAT,XUYEN_THAT,0,true,false,0,false
SOLUSDT,298,15,2,ABOVE,GIU,XUYEN_THAT,2,false,false,,
SOLUSDT,299,2,1,ABOVE,GIU,CHAN,3,false,false,,
SOLUSDT,301,3,2,BELOW,XUYEN_THAT,XUYEN_THAT,2,true,false,8,false
SOLUSDT,302,16,2,ABOVE,XUYEN_THAT,XUYEN_THAT,2,true,false,1,false
SOLUSDT,303,5,1,ABOVE,XUYEN_THAT,XUYEN_THAT,2,true,false,2,false
SOLUSDT,304,5,2,ABOVE,PHA_GIA,XUYEN_THAT,2,true,true,2,false
SOLUSDT,305,2,1,ABOVE,XUYEN_THAT,XUYEN_THAT,1,true,false,2,false
SOLUSDT,307,5,2,BELOW,PHA_GIA,CHAN,0,true,true,0,false
SOLUSDT,308,18,2,BELOW,GIU,XUYEN_THAT,3,false,false,,
SOLUSDT,309,1,1,BELOW,GIU,CHAN,2,false,false,,
SOLUSDT,310,2,2,BELOW,PHA_GIA,CHAN,1,true,true,0,false
SOLUSDT,311,6,2,BELOW,PHA_GIA,XUYEN_THAT,2,true,true,4,false
SOLUSDT,312,4,2,BELOW,GIU,XUYEN_THAT,1,false,false,,
SOLUSDT,314,14,2,BELOW,PHA_GIA,XUYEN_THAT,1,true,true,0,false
SOLUSDT,315,8,2,BELOW,GIU,XUYEN_THAT,2,false,false,,
SOLUSDT,316,1,1,BELOW,GIU,CHAN,2,false,false,,
SOLUSDT,317,3,2,ABOVE,GIU,XUYEN_THAT,2,false,false,,
SOLUSDT,320,2,1,ABOVE,GIU,CHAN,2,false,false,,
SOLUSDT,321,5,2,ABOVE,PHA_GIA,CHAN,1,true,true,3,false
SOLUSDT,323,5,2,ABOVE,PHA_GIA,XUYEN_THAT,3,true,true,5,false
SOLUSDT,324,2,1,BELOW,PHA_GIA,CHAN,2,true,true,7,false
SOLUSDT,326,4,2,BELOW,PHA_GIA,CHAN,2,true,true,5,false
SOLUSDT,327,4,1,ABOVE,PHA_GIA,CHAN,3,true,true,4,false
SOLUSDT,328,25,2,BELOW,XUYEN_THAT,XUYEN_THAT,3,true,false,8,false
SOLUSDT,329,5,1,BELOW,GIU,XUYEN_THAT,4,false,false,,
SOLUSDT,330,2,1,BELOW,GIU,CHAN,1,false,false,,
SOLUSDT,331,8,2,ABOVE,XUYEN_THAT,XUYEN_THAT,1,true,false,1,false
SOLUSDT,332,4,1,BELOW,GIU,CHAN,2,false,false,,
SOLUSDT,334,2,2,ABOVE,PHA_GIA,XUYEN_THAT,0,true,true,1,false
SOLUSDT,335,8,2,ABOVE,PHA_GIA,XUYEN_THAT,1,true,true,4,false
SOLUSDT,336,4,2,BELOW,GIU,CHAN,1,false,false,,
SOLUSDT,337,6,2,ABOVE,PHA_GIA,XUYEN_THAT,2,true,true,0,false
SOLUSDT,338,11,2,ABOVE,PHA_GIA,XUYEN_THAT,2,true,true,2,false
SOLUSDT,339,10,2,ABOVE,XUYEN_THAT,XUYEN_THAT,2,true,false,8,false
SOLUSDT,340,15,2,BELOW,PHA_GIA,CHAN,3,true,true,2,false
SOLUSDT,341,8,1,BELOW,GIU,CHAN,4,false,false,,
SOLUSDT,342,22,2,BELOW,GIU,XUYEN_THAT,2,false,false,,
SOLUSDT,344,2,2,ABOVE,PHA_GIA,CHAN,2,true,true,1,false
SOLUSDT,345,2,1,ABOVE,GIU,CHAN,2,false,false,,
SOLUSDT,346,12,2,ABOVE,GIU,XUYEN_THAT,1,false,false,,
SOLUSDT,347,1,1,BELOW,GIU,CHAN,1,false,false,,
SOLUSDT,348,5,2,BELOW,XUYEN_THAT,XUYEN_THAT,2,true,false,1,false
SOLUSDT,349,13,2,ABOVE,GIU,XUYEN_THAT,3,false,false,,
SOLUSDT,350,2,1,BELOW,GIU,CHAN,1,false,false,,
SOLUSDT,351,11,2,BELOW,PHA_GIA,XUYEN_THAT,2,true,true,2,false
SOLUSDT,352,1,1,BELOW,GIU,CHAN,0,false,false,,
SOLUSDT,353,18,2,BELOW,PHA_GIA,XUYEN_THAT,2,true,true,0,false
SOLUSDT,354,13,2,ABOVE,PHA_GIA,XUYEN_THAT,2,true,true,5,false
SOLUSDT,355,4,2,BELOW,XUYEN_THAT,XUYEN_THAT,1,true,false,0,false
SOLUSDT,356,1,1,ABOVE,GIU,CHAN,1,false,false,,
SOLUSDT,358,16,2,BELOW,GIU,XUYEN_THAT,2,false,false,,
SOLUSDT,359,3,2,BELOW,XUYEN_THAT,XUYEN_THAT,3,true,false,3,false
SOLUSDT,360,3,1,BELOW,GIU,CHAN,2,false,false,,
SOLUSDT,361,1,1,BELOW,GIU,CHAN,1,false,false,,
SOLUSDT,362,5,2,BELOW,PHA_GIA,XUYEN_THAT,2,true,true,1,false
SOLUSDT,363,3,2,BELOW,PHA_GIA,XUYEN_THAT,3,true,true,2,false
SOLUSDT,364,6,2,ABOVE,PHA_GIA,CHAN,3,true,true,4,false
SOLUSDT,366,19,2,ABOVE,GIU,XUYEN_THAT,2,false,false,,
SOLUSDT,367,5,1,ABOVE,GIU,CHAN,2,false,false,,
SOLUSDT,368,29,2,BELOW,PHA_GIA,XUYEN_THAT,2,true,true,3,false
SOLUSDT,369,3,1,BELOW,GIU,CHAN,2,false,false,,
SOLUSDT,370,5,1,ABOVE,GIU,CHAN,1,false,false,,
SOLUSDT,371,10,2,ABOVE,PHA_GIA,XUYEN_THAT,1,true,true,1,false
SOLUSDT,372,4,2,BELOW,GIU,XUYEN_THAT,3,false,false,,
SOLUSDT,374,2,2,BELOW,PHA_GIA,CHAN,0,true,true,1,false
SOLUSDT,375,3,1,ABOVE,GIU,CHAN,2,false,false,,
SOLUSDT,376,12,2,ABOVE,XUYEN_THAT,XUYEN_THAT,2,true,false,5,false
SOLUSDT,378,20,2,BELOW,GIU,XUYEN_THAT,3,false,false,,
SOLUSDT,379,3,2,BELOW,PHA_GIA,XUYEN_THAT,3,true,true,4,false
SOLUSDT,380,7,1,ABOVE,GIU,XUYEN_THAT,3,false,false,,
SOLUSDT,381,1,1,BELOW,GIU,CHAN,3,false,false,,
SOLUSDT,382,12,2,ABOVE,XUYEN_THAT,XUYEN_THAT,2,true,false,1,false
SOLUSDT,384,3,1,ABOVE,GIU,CHAN,1,false,false,,
SOLUSDT,385,4,1,ABOVE,GIU,CHAN,3,false,false,,
SOLUSDT,386,2,1,ABOVE,GIU,CHAN,0,false,false,,
SOLUSDT,387,1,1,BELOW,GIU,CHAN,1,false,false,,
SOLUSDT,388,1,1,ABOVE,GIU,CHAN,3,false,false,,
SOLUSDT,389,13,2,BELOW,GIU,CHAN,3,false,false,,
SOLUSDT,391,7,1,BELOW,GIU,CHAN,3,false,false,,
SOLUSDT,392,9,2,BELOW,GIU,XUYEN_THAT,3,false,false,,
SOLUSDT,393,4,2,ABOVE,GIU,CHAN,1,false,false,,
SOLUSDT,394,20,2,ABOVE,XUYEN_THAT,XUYEN_THAT,1,true,false,6,false
SOLUSDT,395,10,2,BELOW,GIU,XUYEN_THAT,3,false,false,,
SOLUSDT,397,7,2,BELOW,GIU,CHAN,2,false,false,,
SOLUSDT,398,3,1,ABOVE,GIU,CHAN,1,false,false,,
SOLUSDT,399,2,1,BELOW,PHA_GIA,CHAN,2,true,true,3,false
SOLUSDT,400,6,2,ABOVE,PHA_GIA,CHAN,1,true,true,0,false
SOLUSDT,401,4,2,BELOW,XUYEN_THAT,XUYEN_THAT,0,true,false,5,false
SOLUSDT,402,4,2,BELOW,GIU,XUYEN_THAT,2,false,false,,
SOLUSDT,403,4,2,BELOW,PHA_GIA,CHAN,1,true,true,5,false
SOLUSDT,404,7,2,ABOVE,XUYEN_THAT,XUYEN_THAT,2,true,false,2,false
SOLUSDT,405,16,2,ABOVE,PHA_GIA,XUYEN_THAT,2,true,true,2,false
SOLUSDT,406,15,2,BELOW,PHA_GIA,XUYEN_THAT,2,true,true,1,false
SOLUSDT,407,3,1,BELOW,GIU,CHAN,1,false,false,,
SOLUSDT,408,20,2,BELOW,GIU,XUYEN_THAT,2,false,false,,
SOLUSDT,411,12,2,ABOVE,XUYEN_THAT,XUYEN_THAT,1,true,false,0,false
SOLUSDT,412,6,2,BELOW,PHA_GIA,XUYEN_THAT,0,true,true,2,false
SOLUSDT,413,10,2,ABOVE,GIU,XUYEN_THAT,2,false,false,,
SOLUSDT,414,1,1,ABOVE,GIU,CHAN,1,false,false,,
SOLUSDT,416,17,2,BELOW,GIU,XUYEN_THAT,0,false,false,,
SOLUSDT,417,3,2,BELOW,XUYEN_THAT,XUYEN_THAT,2,true,false,5,false
SOLUSDT,420,6,2,BELOW,PHA_GIA,XUYEN_THAT,0,true,true,3,false
SOLUSDT,421,12,2,ABOVE,GIU,XUYEN_THAT,2,false,false,,
SOLUSDT,424,26,2,ABOVE,GIU,XUYEN_THAT,2,false,false,,
SOLUSDT,426,21,2,ABOVE,PHA_GIA,XUYEN_THAT,1,true,true,1,false
SOLUSDT,427,2,2,BELOW,PHA_GIA,CHAN,0,true,true,1,false
SOLUSDT,430,28,2,BELOW,PHA_GIA,XUYEN_THAT,2,true,true,1,false
SOLUSDT,431,10,2,ABOVE,XUYEN_THAT,XUYEN_THAT,4,true,false,3,false
SOLUSDT,433,20,2,BELOW,XUYEN_THAT,XUYEN_THAT,2,true,false,0,false
SOLUSDT,434,17,2,ABOVE,GIU,XUYEN_THAT,3,false,false,,
SOLUSDT,435,17,2,BELOW,XUYEN_THAT,XUYEN_THAT,2,true,false,8,false
SOLUSDT,436,1,1,BELOW,PHA_GIA,CHAN,2,true,true,2,false
SOLUSDT,437,12,2,BELOW,XUYEN_THAT,XUYEN_THAT,2,true,false,3,false
SOLUSDT,439,10,2,BELOW,GIU,XUYEN_THAT,4,false,false,,
SOLUSDT,440,7,2,BELOW,XUYEN_THAT,XUYEN_THAT,2,true,false,8,false
SOLUSDT,441,2,1,BELOW,GIU,CHAN,0,false,false,,
SOLUSDT,442,7,2,BELOW,GIU,CHAN,2,false,false,,
SOLUSDT,445,1,1,BELOW,PHA_GIA,CHAN,3,true,true,3,false
SOLUSDT,446,1,1,ABOVE,GIU,CHAN,3,false,false,,
SOLUSDT,448,9,2,ABOVE,XUYEN_THAT,XUYEN_THAT,2,true,false,7,true
SOLUSDT,449,3,2,BELOW,GIU,XUYEN_THAT,3,false,false,,
SOLUSDT,450,4,2,BELOW,PHA_GIA,CHAN,5,true,true,4,false
SOLUSDT,451,9,2,BELOW,XUYEN_THAT,XUYEN_THAT,2,true,false,2,false
SOLUSDT,452,3,1,BELOW,GIU,CHAN,1,false,false,,
SOLUSDT,454,4,2,BELOW,PHA_GIA,CHAN,2,true,true,1,false
SOLUSDT,455,1,1,BELOW,GIU,CHAN,1,false,false,,
SOLUSDT,456,13,2,BELOW,GIU,CHAN,3,false,false,,
SOLUSDT,457,18,2,BELOW,PHA_GIA,XUYEN_THAT,2,true,true,3,false
SOLUSDT,458,6,2,BELOW,GIU,CHAN,2,false,false,,
SOLUSDT,460,21,2,ABOVE,PHA_GIA,XUYEN_THAT,3,true,true,2,false
SOLUSDT,461,28,2,ABOVE,GIU,XUYEN_THAT,0,false,false,,
SOLUSDT,464,5,2,BELOW,GIU,XUYEN_THAT,2,false,false,,
SOLUSDT,465,11,1,BELOW,GIU,CHAN,3,false,false,,
SOLUSDT,467,4,2,BELOW,PHA_GIA,XUYEN_THAT,2,true,true,2,false
SOLUSDT,468,5,2,BELOW,GIU,CHAN,5,false,false,,
SOLUSDT,469,1,1,BELOW,PHA_GIA,CHAN,3,true,true,1,false
SOLUSDT,470,4,2,BELOW,GIU,XUYEN_THAT,3,false,false,,
SOLUSDT,472,1,1,ABOVE,XUYEN_THAT,XUYEN_THAT,0,true,false,0,false
SOLUSDT,473,32,2,ABOVE,XUYEN_THAT,XUYEN_THAT,1,true,false,8,false
SOLUSDT,474,1,1,BELOW,GIU,CHAN,4,false,false,,
SOLUSDT,475,18,2,BELOW,PHA_GIA,XUYEN_THAT,1,true,true,8,false
SOLUSDT,476,4,2,ABOVE,XUYEN_THAT,XUYEN_THAT,2,true,false,8,false
SOLUSDT,477,25,2,ABOVE,GIU,XUYEN_THAT,2,false,false,,
SOLUSDT,478,7,1,BELOW,GIU,CHAN,3,false,false,,
SOLUSDT,479,3,2,BELOW,PHA_GIA,CHAN,3,true,true,2,false
SOLUSDT,480,6,2,ABOVE,GIU,XUYEN_THAT,0,false,false,,
SOLUSDT,481,2,2,ABOVE,XUYEN_THAT,XUYEN_THAT,2,true,false,3,false
SOLUSDT,483,4,2,ABOVE,GIU,XUYEN_THAT,1,false,false,,
SOLUSDT,484,13,2,ABOVE,XUYEN_THAT,XUYEN_THAT,0,true,false,0,false
SOLUSDT,485,1,1,ABOVE,GIU,CHAN,1,false,false,,
SOLUSDT,486,5,2,BELOW,XUYEN_THAT,XUYEN_THAT,1,true,false,8,false
SOLUSDT,488,5,2,ABOVE,PHA_GIA,XUYEN_THAT,0,true,true,1,false
SOLUSDT,489,6,2,BELOW,GIU,CHAN,3,false,false,,
SOLUSDT,490,1,1,BELOW,PHA_GIA,CHAN,1,true,true,0,false
SOLUSDT,492,21,2,BELOW,XUYEN_THAT,XUYEN_THAT,0,true,false,1,false
SOLUSDT,493,4,2,BELOW,PHA_GIA,XUYEN_THAT,1,true,true,0,false
SOLUSDT,494,3,2,BELOW,PHA_GIA,CHAN,1,true,true,3,false
SOLUSDT,495,3,2,BELOW,PHA_GIA,XUYEN_THAT,3,true,true,2,false
SOLUSDT,497,10,2,ABOVE,PHA_GIA,XUYEN_THAT,0,true,true,8,false
SOLUSDT,499,13,2,ABOVE,GIU,XUYEN_THAT,2,false,false,,
SOLUSDT,500,4,2,ABOVE,GIU,XUYEN_THAT,1,false,false,,
SOLUSDT,501,2,1,BELOW,GIU,CHAN,2,false,false,,
SOLUSDT,504,13,2,BELOW,PHA_GIA,XUYEN_THAT,2,true,true,7,false
SOLUSDT,506,4,1,ABOVE,GIU,CHAN,1,false,false,,
SOLUSDT,507,3,1,BELOW,GIU,CHAN,3,false,false,,
SOLUSDT,508,1,1,ABOVE,GIU,CHAN,0,false,false,,
SOLUSDT,511,1,1,ABOVE,PHA_GIA,CHAN,1,true,true,1,false
SOLUSDT,512,1,1,BELOW,PHA_GIA,CHAN,2,true,true,3,false
SOLUSDT,514,5,2,BELOW,PHA_GIA,CHAN,2,true,true,8,false
SOLUSDT,515,11,2,BELOW,GIU,XUYEN_THAT,0,false,false,,
SOLUSDT,516,39,2,BELOW,PHA_GIA,XUYEN_THAT,2,true,true,2,false
SOLUSDT,517,2,1,BELOW,XUYEN_THAT,XUYEN_THAT,1,true,false,4,false
SOLUSDT,519,9,1,ABOVE,PHA_GIA,XUYEN_THAT,2,true,true,1,false
SOLUSDT,520,14,2,BELOW,XUYEN_THAT,XUYEN_THAT,0,true,false,0,false
SOLUSDT,521,25,2,BELOW,GIU,XUYEN_THAT,2,false,false,,
SOLUSDT,522,2,1,ABOVE,XUYEN_THAT,XUYEN_THAT,3,true,false,3,false
SOLUSDT,524,11,2,BELOW,PHA_GIA,XUYEN_THAT,2,true,true,6,false
SOLUSDT,525,12,2,ABOVE,GIU,XUYEN_THAT,1,false,false,,
SOLUSDT,526,10,2,ABOVE,XUYEN_THAT,XUYEN_THAT,3,true,false,4,false
SOLUSDT,527,10,2,ABOVE,PHA_GIA,XUYEN_THAT,0,true,true,1,false
SOLUSDT,529,5,2,BELOW,PHA_GIA,XUYEN_THAT,1,true,true,0,false
SOLUSDT,531,1,1,BELOW,XUYEN_THAT,XUYEN_THAT,0,true,false,3,false
SOLUSDT,532,12,2,ABOVE,PHA_GIA,XUYEN_THAT,1,true,true,6,false
SOLUSDT,533,15,2,BELOW,GIU,XUYEN_THAT,1,false,false,,
SOLUSDT,535,5,2,BELOW,PHA_GIA,CHAN,3,true,true,7,false
SOLUSDT,536,1,1,ABOVE,GIU,CHAN,1,false,false,,
SOLUSDT,537,14,2,BELOW,XUYEN_THAT,XUYEN_THAT,1,true,false,1,false
SOLUSDT,538,6,2,BELOW,PHA_GIA,XUYEN_THAT,1,true,true,1,false
SOLUSDT,539,2,2,BELOW,XUYEN_THAT,XUYEN_THAT,3,true,false,1,true
SOLUSDT,540,5,2,BELOW,XUYEN_THAT,XUYEN_THAT,1,true,false,0,false
SOLUSDT,541,11,2,BELOW,GIU,XUYEN_THAT,2,false,false,,
SOLUSDT,544,23,2,BELOW,GIU,XUYEN_THAT,4,false,false,,
SOLUSDT,545,13,2,ABOVE,XUYEN_THAT,XUYEN_THAT,3,true,false,6,false
SOLUSDT,546,1,1,BELOW,GIU,CHAN,2,false,false,,
SOLUSDT,547,8,2,ABOVE,XUYEN_THAT,XUYEN_THAT,1,true,false,1,false
SOLUSDT,549,3,1,ABOVE,GIU,CHAN,3,false,false,,
SOLUSDT,550,20,2,BELOW,GIU,XUYEN_THAT,2,false,false,,
SOLUSDT,551,4,2,BELOW,XUYEN_THAT,XUYEN_THAT,2,true,false,2,false
SOLUSDT,552,14,2,BELOW,GIU,XUYEN_THAT,1,false,false,,
SOLUSDT,553,7,2,BELOW,GIU,XUYEN_THAT,1,false,false,,
SOLUSDT,554,6,1,ABOVE,GIU,CHAN,1,false,false,,
SOLUSDT,555,5,1,ABOVE,GIU,CHAN,2,false,false,,
SOLUSDT,556,2,1,BELOW,GIU,CHAN,0,false,false,,
SOLUSDT,557,3,1,BELOW,GIU,CHAN,2,false,false,,
SOLUSDT,559,29,2,BELOW,PHA_GIA,XUYEN_THAT,2,true,true,6,false
SOLUSDT,561,8,2,ABOVE,GIU,XUYEN_THAT,1,false,false,,
SOLUSDT,562,6,1,BELOW,GIU,CHAN,3,false,false,,
SOLUSDT,564,7,2,ABOVE,GIU,CHAN,3,false,false,,
SOLUSDT,565,4,1,BELOW,GIU,CHAN,3,false,false,,
SOLUSDT,566,6,1,BELOW,GIU,CHAN,3,false,false,,
SOLUSDT,567,28,2,BELOW,GIU,XUYEN_THAT,4,false,false,,
SOLUSDT,568,4,2,ABOVE,PHA_GIA,XUYEN_THAT,2,true,true,1,false
SOLUSDT,569,38,2,BELOW,GIU,XUYEN_THAT,2,false,false,,
SOLUSDT,570,7,2,BELOW,GIU,CHAN,3,false,false,,
SOLUSDT,571,1,1,ABOVE,GIU,CHAN,1,false,false,,
SOLUSDT,572,7,2,ABOVE,PHA_GIA,XUYEN_THAT,2,true,true,1,false
SOLUSDT,573,15,2,ABOVE,GIU,XUYEN_THAT,2,false,false,,
SOLUSDT,574,30,2,ABOVE,XUYEN_THAT,XUYEN_THAT,0,true,false,0,false
SOLUSDT,575,16,2,ABOVE,GIU,XUYEN_THAT,3,false,false,,
SOLUSDT,576,25,2,BELOW,PHA_GIA,XUYEN_THAT,3,true,true,1,false
SOLUSDT,577,3,1,ABOVE,GIU,CHAN,1,false,false,,
SOLUSDT,578,1,1,BELOW,XUYEN_THAT,XUYEN_THAT,1,true,false,0,false
SOLUSDT,579,7,2,BELOW,XUYEN_THAT,XUYEN_THAT,3,true,false,1,false
SOLUSDT,580,10,2,ABOVE,PHA_GIA,CHAN,2,true,true,5,false
SOLUSDT,581,8,2,ABOVE,GIU,XUYEN_THAT,3,false,false,,
SOLUSDT,582,79,2,BELOW,GIU,XUYEN_THAT,1,false,false,,
SOLUSDT,584,9,2,BELOW,XUYEN_THAT,XUYEN_THAT,0,true,false,1,false
SOLUSDT,588,3,2,ABOVE,PHA_GIA,XUYEN_THAT,1,true,true,4,false
SOLUSDT,589,25,2,BELOW,PHA_GIA,XUYEN_THAT,2,true,true,1,false
SOLUSDT,590,4,2,BELOW,PHA_GIA,XUYEN_THAT,2,true,true,1,false
SOLUSDT,591,27,2,BELOW,GIU,XUYEN_THAT,3,false,false,,
SOLUSDT,592,55,2,BELOW,XUYEN_THAT,XUYEN_THAT,1,true,false,0,false
SOLUSDT,593,7,2,BELOW,PHA_GIA,XUYEN_THAT,2,true,true,1,false
SOLUSDT,594,7,2,BELOW,GIU,CHAN,2,false,false,,
SOLUSDT,595,12,2,ABOVE,GIU,XUYEN_THAT,1,false,false,,
SOLUSDT,597,6,2,ABOVE,GIU,CHAN,1,false,false,,
SOLUSDT,598,3,2,BELOW,PHA_GIA,XUYEN_THAT,2,true,true,0,false
SOLUSDT,599,2,1,ABOVE,GIU,XUYEN_THAT,1,false,false,,
SOLUSDT,601,2,2,ABOVE,PHA_GIA,CHAN,1,true,true,1,false
SOLUSDT,602,2,2,BELOW,PHA_GIA,CHAN,0,true,true,0,false
SOLUSDT,604,10,2,ABOVE,XUYEN_THAT,XUYEN_THAT,0,true,false,6,false
SOLUSDT,605,2,2,BELOW,PHA_GIA,CHAN,2,true,true,2,false
SOLUSDT,606,15,2,BELOW,GIU,XUYEN_THAT,3,false,false,,
SOLUSDT,607,10,2,BELOW,PHA_GIA,XUYEN_THAT,2,true,true,3,false
SOLUSDT,608,3,1,BELOW,GIU,CHAN,4,false,false,,
SOLUSDT,610,4,2,ABOVE,GIU,XUYEN_THAT,3,false,false,,
SOLUSDT,611,17,2,ABOVE,PHA_GIA,XUYEN_THAT,1,true,true,0,false
SOLUSDT,612,18,2,BELOW,GIU,XUYEN_THAT,1,false,false,,
SOLUSDT,613,7,2,BELOW,GIU,XUYEN_THAT,1,false,false,,
SOLUSDT,614,3,1,BELOW,GIU,CHAN,1,false,false,,
SOLUSDT,615,4,1,BELOW,GIU,CHAN,4,false,false,,
SOLUSDT,616,24,2,ABOVE,GIU,XUYEN_THAT,2,false,false,,
SOLUSDT,617,5,1,BELOW,GIU,CHAN,3,false,false,,
SOLUSDT,618,2,1,BELOW,PHA_GIA,CHAN,2,true,true,4,false
SOLUSDT,619,4,1,ABOVE,PHA_GIA,CHAN,1,true,true,0,false
SOLUSDT,621,2,1,BELOW,XUYEN_THAT,XUYEN_THAT,1,true,false,4,false
SOLUSDT,622,3,1,ABOVE,PHA_GIA,CHAN,2,true,true,1,false
SOLUSDT,624,8,2,ABOVE,XUYEN_THAT,XUYEN_THAT,1,true,false,1,false
SOLUSDT,625,17,2,BELOW,PHA_GIA,XUYEN_THAT,3,true,true,1,false
SOLUSDT,626,8,2,BELOW,PHA_GIA,XUYEN_THAT,1,true,true,0,false
SOLUSDT,627,24,2,ABOVE,GIU,XUYEN_THAT,2,false,false,,
SOLUSDT,628,5,2,BELOW,PHA_GIA,XUYEN_THAT,3,true,true,2,false
SOLUSDT,629,18,2,ABOVE,PHA_GIA,XUYEN_THAT,1,true,true,5,false
SOLUSDT,630,29,2,ABOVE,PHA_GIA,XUYEN_THAT,1,true,true,1,false
SOLUSDT,631,14,2,ABOVE,GIU,XUYEN_THAT,0,false,false,,
SOLUSDT,632,17,2,ABOVE,XUYEN_THAT,XUYEN_THAT,1,true,false,4,false
SOLUSDT,633,2,1,BELOW,GIU,CHAN,3,false,false,,
SOLUSDT,634,2,2,ABOVE,XUYEN_THAT,XUYEN_THAT,2,true,false,3,false
SOLUSDT,636,26,2,ABOVE,GIU,XUYEN_THAT,2,false,false,,
SOLUSDT,637,1,1,ABOVE,GIU,CHAN,2,false,false,,
SOLUSDT,638,4,2,ABOVE,XUYEN_THAT,XUYEN_THAT,0,true,false,0,false
SOLUSDT,640,12,2,BELOW,GIU,CHAN,2,false,false,,
SOLUSDT,641,6,2,ABOVE,XUYEN_THAT,XUYEN_THAT,2,true,false,3,false
SOLUSDT,642,1,1,BELOW,GIU,CHAN,2,false,false,,
SOLUSDT,643,3,2,BELOW,PHA_GIA,XUYEN_THAT,2,true,true,1,false
SOLUSDT,644,1,1,ABOVE,GIU,CHAN,2,false,false,,
SOLUSDT,645,10,2,BELOW,GIU,XUYEN_THAT,1,false,false,,
SOLUSDT,647,26,2,ABOVE,XUYEN_THAT,XUYEN_THAT,2,true,false,3,false
SOLUSDT,648,9,2,ABOVE,GIU,XUYEN_THAT,4,false,false,,
SOLUSDT,650,4,2,ABOVE,GIU,CHAN,3,false,false,,
SOLUSDT,651,17,2,BELOW,PHA_GIA,XUYEN_THAT,2,true,true,3,false
SOLUSDT,652,26,2,BELOW,PHA_GIA,XUYEN_THAT,2,true,true,2,false
SOLUSDT,653,4,2,BELOW,XUYEN_THAT,XUYEN_THAT,2,true,false,8,false
SOLUSDT,654,8,2,ABOVE,PHA_GIA,XUYEN_THAT,3,true,true,5,false
SOLUSDT,655,6,1,BELOW,GIU,XUYEN_THAT,5,false,false,,
SOLUSDT,656,11,2,ABOVE,PHA_GIA,XUYEN_THAT,4,true,true,5,false
SOLUSDT,657,21,2,BELOW,PHA_GIA,XUYEN_THAT,1,true,true,0,false
SOLUSDT,658,7,2,ABOVE,GIU,XUYEN_THAT,3,false,false,,
SOLUSDT,659,36,2,ABOVE,PHA_GIA,XUYEN_THAT,3,true,true,1,false
SOLUSDT,660,4,2,ABOVE,GIU,XUYEN_THAT,3,false,false,,
SOLUSDT,661,21,2,ABOVE,GIU,XUYEN_THAT,1,false,false,,
SOLUSDT,662,4,1,BELOW,GIU,CHAN,2,false,false,,
SOLUSDT,663,47,2,BELOW,GIU,XUYEN_THAT,1,false,false,,
SOLUSDT,664,3,2,BELOW,PHA_GIA,XUYEN_THAT,2,true,true,1,false
SOLUSDT,665,24,2,BELOW,GIU,XUYEN_THAT,3,false,false,,
SOLUSDT,666,22,2,ABOVE,XUYEN_THAT,XUYEN_THAT,1,true,false,8,false
SOLUSDT,667,8,2,BELOW,XUYEN_THAT,XUYEN_THAT,1,true,false,3,true
SOLUSDT,668,5,1,ABOVE,GIU,CHAN,2,false,false,,
SOLUSDT,671,14,2,BELOW,GIU,CHAN,1,false,false,,
SOLUSDT,673,1,1,BELOW,GIU,CHAN,2,false,false,,
SOLUSDT,674,2,1,ABOVE,GIU,CHAN,2,false,false,,
SOLUSDT,675,11,2,BELOW,PHA_GIA,XUYEN_THAT,1,true,true,0,false
SOLUSDT,676,5,2,BELOW,PHA_GIA,XUYEN_THAT,3,true,true,1,false
SOLUSDT,679,5,2,ABOVE,GIU,CHAN,3,false,false,,
SOLUSDT,680,4,1,ABOVE,GIU,CHAN,5,false,false,,
SOLUSDT,681,29,2,BELOW,GIU,CHAN,4,false,false,,
SOLUSDT,682,9,2,ABOVE,XUYEN_THAT,XUYEN_THAT,1,true,false,4,false
SOLUSDT,683,31,2,ABOVE,PHA_GIA,XUYEN_THAT,1,true,true,3,false
SOLUSDT,684,5,1,BELOW,GIU,CHAN,3,false,false,,
SOLUSDT,685,7,1,BELOW,GIU,CHAN,4,false,false,,
SOLUSDT,686,1,1,ABOVE,GIU,CHAN,2,false,false,,
SOLUSDT,687,10,2,BELOW,GIU,XUYEN_THAT,2,false,false,,
SOLUSDT,688,12,2,ABOVE,PHA_GIA,XUYEN_THAT,2,true,true,3,false
SOLUSDT,689,1,1,ABOVE,PHA_GIA,CHAN,1,true,true,3,false
SOLUSDT,690,3,1,BELOW,GIU,CHAN,3,false,false,,
SOLUSDT,693,2,1,ABOVE,GIU,XUYEN_THAT,2,false,false,,
SOLUSDT,694,14,2,ABOVE,XUYEN_THAT,XUYEN_THAT,2,true,false,6,false
SOLUSDT,695,7,2,ABOVE,GIU,XUYEN_THAT,2,false,false,,
SOLUSDT,696,11,2,BELOW,GIU,CHAN,3,false,false,,
SOLUSDT,697,21,2,ABOVE,PHA_GIA,XUYEN_THAT,2,true,true,0,false
SOLUSDT,699,15,2,ABOVE,GIU,XUYEN_THAT,1,false,false,,
SOLUSDT,700,7,2,BELOW,GIU,XUYEN_THAT,2,false,false,,
SOLUSDT,701,10,2,ABOVE,GIU,XUYEN_THAT,2,false,false,,
SOLUSDT,703,3,2,ABOVE,PHA_GIA,XUYEN_THAT,1,true,true,0,false
SOLUSDT,704,14,2,ABOVE,PHA_GIA,XUYEN_THAT,2,true,true,3,false
SOLUSDT,706,18,2,BELOW,PHA_GIA,XUYEN_THAT,2,true,true,3,false
SOLUSDT,707,20,2,BELOW,GIU,XUYEN_THAT,1,false,false,,
SOLUSDT,708,9,2,BELOW,GIU,XUYEN_THAT,2,false,false,,
SOLUSDT,709,2,1,BELOW,GIU,CHAN,1,false,false,,
SOLUSDT,710,3,1,ABOVE,GIU,CHAN,2,false,false,,
SOLUSDT,711,1,1,ABOVE,GIU,CHAN,2,false,false,,
SOLUSDT,712,33,2,ABOVE,GIU,XUYEN_THAT,2,false,false,,
SOLUSDT,714,25,2,ABOVE,PHA_GIA,XUYEN_THAT,1,true,true,0,false
SOLUSDT,715,2,1,BELOW,GIU,CHAN,1,false,false,,
SOLUSDT,716,3,2,BELOW,XUYEN_THAT,XUYEN_THAT,0,true,false,1,false
SOLUSDT,717,7,2,ABOVE,GIU,XUYEN_THAT,1,false,false,,
SOLUSDT,718,15,2,ABOVE,XUYEN_THAT,XUYEN_THAT,3,true,false,2,false
SOLUSDT,719,1,1,ABOVE,XUYEN_THAT,XUYEN_THAT,3,true,false,3,false
SOLUSDT,720,7,2,ABOVE,XUYEN_THAT,XUYEN_THAT,1,true,false,0,false
SOLUSDT,722,5,2,BELOW,GIU,XUYEN_THAT,2,false,false,,
SOLUSDT,723,32,2,ABOVE,PHA_GIA,XUYEN_THAT,2,true,true,1,false
SOLUSDT,724,1,1,BELOW,GIU,CHAN,1,false,false,,
SOLUSDT,725,6,1,ABOVE,GIU,XUYEN_THAT,3,false,false,,
SOLUSDT,726,18,2,ABOVE,GIU,XUYEN_THAT,1,false,false,,
SOLUSDT,728,4,1,BELOW,GIU,CHAN,3,false,false,,
SOLUSDT,730,2,2,BELOW,PHA_GIA,CHAN,1,true,true,8,false
SOLUSDT,731,15,2,BELOW,XUYEN_THAT,XUYEN_THAT,1,true,false,6,false
SOLUSDT,733,5,2,BELOW,GIU,XUYEN_THAT,2,false,false,,
SOLUSDT,735,4,2,ABOVE,PHA_GIA,XUYEN_THAT,1,true,true,7,false
SOLUSDT,736,10,2,BELOW,GIU,XUYEN_THAT,1,false,false,,
SOLUSDT,740,7,2,ABOVE,XUYEN_THAT,XUYEN_THAT,1,true,false,6,false
SOLUSDT,741,3,2,ABOVE,GIU,XUYEN_THAT,1,false,false,,
SOLUSDT,742,4,2,ABOVE,PHA_GIA,XUYEN_THAT,2,true,true,6,false
SOLUSDT,743,19,2,ABOVE,PHA_GIA,XUYEN_THAT,1,true,true,1,false
SOLUSDT,744,1,1,ABOVE,GIU,CHAN,1,false,false,,
SOLUSDT,745,13,2,BELOW,XUYEN_THAT,XUYEN_THAT,1,true,false,4,false
SOLUSDT,746,3,2,BELOW,PHA_GIA,CHAN,1,true,true,5,false
SOLUSDT,749,8,2,BELOW,XUYEN_THAT,XUYEN_THAT,3,true,false,3,false
SOLUSDT,751,13,2,ABOVE,XUYEN_THAT,XUYEN_THAT,2,true,false,5,false
SOLUSDT,752,3,2,BELOW,PHA_GIA,XUYEN_THAT,1,true,true,0,false
SOLUSDT,753,5,2,ABOVE,PHA_GIA,XUYEN_THAT,1,true,true,1,false
SOLUSDT,754,2,1,BELOW,GIU,CHAN,2,false,false,,
SOLUSDT,755,5,2,ABOVE,XUYEN_THAT,XUYEN_THAT,2,true,false,2,false
SOLUSDT,756,22,2,BELOW,XUYEN_THAT,XUYEN_THAT,1,true,false,1,false
SOLUSDT,757,8,2,ABOVE,GIU,CHAN,1,false,false,,
SOLUSDT,758,7,2,BELOW,GIU,XUYEN_THAT,3,false,false,,
SOLUSDT,761,2,2,BELOW,XUYEN_THAT,XUYEN_THAT,2,true,false,2,false
SOLUSDT,762,2,1,BELOW,GIU,CHAN,1,false,false,,
SOLUSDT,763,5,2,ABOVE,PHA_GIA,XUYEN_THAT,2,true,true,6,false
SOLUSDT,766,2,1,BELOW,GIU,CHAN,1,false,false,,
SOLUSDT,767,5,2,BELOW,GIU,XUYEN_THAT,2,false,false,,
SOLUSDT,768,1,1,BELOW,PHA_GIA,CHAN,2,true,true,2,false
SOLUSDT,769,3,2,BELOW,XUYEN_THAT,XUYEN_THAT,2,true,false,1,false
SOLUSDT,770,1,1,ABOVE,GIU,CHAN,2,false,false,,
SOLUSDT,771,35,2,ABOVE,GIU,XUYEN_THAT,2,false,false,,
SOLUSDT,772,10,2,BELOW,PHA_GIA,XUYEN_THAT,1,true,true,3,false
SOLUSDT,773,20,2,ABOVE,PHA_GIA,XUYEN_THAT,3,true,true,1,false
SOLUSDT,774,1,1,BELOW,XUYEN_THAT,XUYEN_THAT,0,true,false,0,false
SOLUSDT,775,2,1,ABOVE,PHA_GIA,CHAN,2,true,true,2,false
SOLUSDT,776,16,2,BELOW,GIU,XUYEN_THAT,2,false,false,,
SOLUSDT,777,24,2,BELOW,GIU,XUYEN_THAT,0,false,false,,
SOLUSDT,778,1,1,BELOW,GIU,CHAN,2,false,false,,
SOLUSDT,779,1,1,BELOW,PHA_GIA,CHAN,1,true,true,0,false
SOLUSDT,782,19,2,BELOW,XUYEN_THAT,XUYEN_THAT,1,true,false,0,false
SOLUSDT,783,9,2,BELOW,XUYEN_THAT,XUYEN_THAT,1,true,false,3,false
SOLUSDT,784,13,2,BELOW,XUYEN_THAT,XUYEN_THAT,1,true,false,2,false
SOLUSDT,786,11,2,BELOW,PHA_GIA,CHAN,3,true,true,4,false
SOLUSDT,788,21,2,BELOW,GIU,XUYEN_THAT,0,false,false,,
SOLUSDT,791,15,2,BELOW,XUYEN_THAT,XUYEN_THAT,2,true,false,7,true
SOLUSDT,792,3,2,BELOW,PHA_GIA,XUYEN_THAT,1,true,true,1,false
SOLUSDT,793,7,2,BELOW,XUYEN_THAT,XUYEN_THAT,0,true,false,1,false
SOLUSDT,794,2,1,ABOVE,GIU,CHAN,1,false,false,,
SOLUSDT,795,2,1,BELOW,GIU,CHAN,2,false,false,,
SOLUSDT,796,4,2,ABOVE,XUYEN_THAT,XUYEN_THAT,1,true,false,0,false
SOLUSDT,797,6,2,BELOW,GIU,CHAN,2,false,false,,
SOLUSDT,798,15,2,ABOVE,PHA_GIA,XUYEN_THAT,2,true,true,3,false
SOLUSDT,799,1,1,ABOVE,GIU,CHAN,2,false,false,,
SOLUSDT,800,19,2,ABOVE,GIU,XUYEN_THAT,1,false,false,,
SOLUSDT,801,33,2,ABOVE,GIU,XUYEN_THAT,1,false,false,,
SOLUSDT,803,1,1,BELOW,GIU,CHAN,1,false,false,,
SOLUSDT,805,2,1,ABOVE,GIU,CHAN,1,false,false,,
SOLUSDT,806,14,2,BELOW,PHA_GIA,XUYEN_THAT,2,true,true,4,false
SOLUSDT,807,1,1,BELOW,GIU,CHAN,1,false,false,,
SOLUSDT,808,17,2,ABOVE,PHA_GIA,XUYEN_THAT,1,true,true,1,false
SOLUSDT,810,2,1,BELOW,GIU,CHAN,3,false,false,,
SOLUSDT,811,10,2,ABOVE,PHA_GIA,XUYEN_THAT,3,true,true,4,false
SOLUSDT,813,13,2,ABOVE,GIU,XUYEN_THAT,1,false,false,,
SOLUSDT,814,6,2,ABOVE,PHA_GIA,XUYEN_THAT,1,true,true,4,false
SOLUSDT,815,4,2,BELOW,PHA_GIA,CHAN,2,true,true,7,true
SOLUSDT,816,4,2,ABOVE,GIU,XUYEN_THAT,1,false,false,,
SOLUSDT,817,3,1,BELOW,PHA_GIA,CHAN,1,true,true,0,false
SOLUSDT,820,10,2,BELOW,XUYEN_THAT,XUYEN_THAT,0,true,false,0,false
SOLUSDT,821,17,2,ABOVE,XUYEN_THAT,XUYEN_THAT,0,true,false,1,false
SOLUSDT,822,1,1,BELOW,GIU,CHAN,2,false,false,,
SOLUSDT,823,7,2,BELOW,GIU,XUYEN_THAT,3,false,false,,
SOLUSDT,824,3,2,ABOVE,XUYEN_THAT,XUYEN_THAT,1,true,false,1,false
SOLUSDT,825,6,2,BELOW,PHA_GIA,XUYEN_THAT,1,true,true,1,false
SOLUSDT,826,11,2,BELOW,GIU,XUYEN_THAT,2,false,false,,
SOLUSDT,827,1,1,ABOVE,XUYEN_THAT,XUYEN_THAT,2,true,false,1,false
SOLUSDT,829,9,2,ABOVE,XUYEN_THAT,XUYEN_THAT,0,true,false,2,false
SOLUSDT,830,3,1,ABOVE,GIU,CHAN,3,false,false,,
SOLUSDT,831,11,2,ABOVE,GIU,XUYEN_THAT,2,false,false,,
SOLUSDT,832,7,1,BELOW,GIU,CHAN,1,false,false,,
SOLUSDT,833,14,2,BELOW,XUYEN_THAT,XUYEN_THAT,3,true,false,7,false
SOLUSDT,834,16,2,ABOVE,XUYEN_THAT,XUYEN_THAT,2,true,false,5,false
SOLUSDT,835,16,2,BELOW,PHA_GIA,XUYEN_THAT,2,true,true,3,false
SOLUSDT,836,1,1,ABOVE,PHA_GIA,CHAN,1,true,true,0,false
SOLUSDT,838,10,2,BELOW,GIU,XUYEN_THAT,2,false,false,,
SOLUSDT,839,6,2,BELOW,XUYEN_THAT,XUYEN_THAT,3,true,false,3,false
SOLUSDT,842,3,1,ABOVE,GIU,CHAN,2,false,false,,
SOLUSDT,843,19,2,ABOVE,GIU,XUYEN_THAT,1,false,false,,
SOLUSDT,844,16,2,ABOVE,PHA_GIA,XUYEN_THAT,3,true,true,8,false
SOLUSDT,845,1,1,ABOVE,GIU,CHAN,2,false,false,,
SOLUSDT,846,22,2,BELOW,XUYEN_THAT,XUYEN_THAT,1,true,false,3,false
SOLUSDT,847,4,2,ABOVE,XUYEN_THAT,XUYEN_THAT,2,true,false,1,false
SOLUSDT,848,7,2,BELOW,XUYEN_THAT,XUYEN_THAT,1,true,false,0,false
SOLUSDT,849,3,2,ABOVE,PHA_GIA,XUYEN_THAT,2,true,true,5,false
SOLUSDT,850,22,2,ABOVE,GIU,XUYEN_THAT,1,false,false,,
SOLUSDT,851,3,1,BELOW,GIU,CHAN,1,false,false,,
SOLUSDT,853,39,2,BELOW,PHA_GIA,XUYEN_THAT,0,true,true,2,false
SOLUSDT,855,7,2,ABOVE,GIU,XUYEN_THAT,1,false,false,,
SOLUSDT,856,16,2,BELOW,GIU,XUYEN_THAT,2,false,false,,
SOLUSDT,857,1,1,BELOW,PHA_GIA,CHAN,0,true,true,0,false
SOLUSDT,858,21,2,ABOVE,XUYEN_THAT,XUYEN_THAT,2,true,false,3,false
SOLUSDT,859,1,1,BELOW,GIU,CHAN,2,false,false,,
SOLUSDT,860,1,1,ABOVE,GIU,CHAN,2,false,false,,
SOLUSDT,862,7,1,ABOVE,GIU,CHAN,3,false,false,,
SOLUSDT,863,16,2,ABOVE,PHA_GIA,XUYEN_THAT,0,true,true,0,false
SOLUSDT,864,1,1,BELOW,PHA_GIA,CHAN,2,true,true,2,false
SOLUSDT,865,6,2,ABOVE,GIU,XUYEN_THAT,2,false,false,,
SOLUSDT,867,3,1,BELOW,GIU,CHAN,3,false,false,,
SOLUSDT,868,23,2,BELOW,PHA_GIA,XUYEN_THAT,2,true,true,4,false
SOLUSDT,869,9,2,ABOVE,GIU,CHAN,1,false,false,,
SOLUSDT,872,2,2,ABOVE,PHA_GIA,CHAN,1,true,true,3,false
SOLUSDT,873,7,2,BELOW,GIU,CHAN,1,false,false,,
SOLUSDT,875,2,1,ABOVE,PHA_GIA,CHAN,3,true,true,3,false
SOLUSDT,877,1,1,ABOVE,XUYEN_THAT,XUYEN_THAT,1,true,false,0,false
SOLUSDT,882,16,2,BELOW,GIU,XUYEN_THAT,1,false,false,,
SOLUSDT,884,2,1,BELOW,GIU,CHAN,2,false,false,,
SOLUSDT,885,5,2,BELOW,PHA_GIA,XUYEN_THAT,1,true,true,7,false
SOLUSDT,886,23,2,ABOVE,GIU,XUYEN_THAT,0,false,false,,
SOLUSDT,887,15,2,BELOW,PHA_GIA,XUYEN_THAT,1,true,true,3,false
SOLUSDT,888,7,2,ABOVE,GIU,CHAN,3,false,false,,
SOLUSDT,889,1,1,ABOVE,GIU,CHAN,0,false,false,,
SOLUSDT,890,7,1,ABOVE,GIU,CHAN,0,false,false,,
SOLUSDT,891,7,2,ABOVE,XUYEN_THAT,XUYEN_THAT,0,true,false,4,false
SOLUSDT,892,2,1,ABOVE,GIU,CHAN,1,false,false,,
SOLUSDT,893,3,2,ABOVE,PHA_GIA,CHAN,1,true,true,8,false
SOLUSDT,895,4,1,BELOW,GIU,CHAN,3,false,false,,
SOLUSDT,899,2,1,BELOW,PHA_GIA,CHAN,0,true,true,0,false
SOLUSDT,901,9,2,BELOW,PHA_GIA,XUYEN_THAT,3,true,true,6,false
SOLUSDT,902,19,2,ABOVE,XUYEN_THAT,XUYEN_THAT,1,true,false,2,false
SOLUSDT,903,2,2,BELOW,PHA_GIA,XUYEN_THAT,2,true,true,1,false
SOLUSDT,904,3,2,ABOVE,PHA_GIA,CHAN,2,true,true,2,false
SOLUSDT,906,1,1,BELOW,XUYEN_THAT,XUYEN_THAT,0,true,false,0,false
SOLUSDT,907,8,2,BELOW,XUYEN_THAT,XUYEN_THAT,1,true,false,3,false
SOLUSDT,909,31,2,ABOVE,PHA_GIA,XUYEN_THAT,1,true,true,4,false
SOLUSDT,911,1,1,ABOVE,PHA_GIA,CHAN,1,true,true,0,false
SOLUSDT,913,13,2,ABOVE,XUYEN_THAT,XUYEN_THAT,0,true,false,1,false
SOLUSDT,915,4,2,ABOVE,GIU,CHAN,1,false,false,,
SOLUSDT,916,18,2,BELOW,GIU,XUYEN_THAT,1,false,false,,
SOLUSDT,917,12,2,BELOW,GIU,XUYEN_THAT,3,false,false,,
SOLUSDT,918,16,2,ABOVE,PHA_GIA,XUYEN_THAT,1,true,true,7,false
SOLUSDT,919,6,2,BELOW,GIU,XUYEN_THAT,1,false,false,,
SOLUSDT,920,4,1,ABOVE,GIU,CHAN,2,false,false,,
SOLUSDT,921,20,2,BELOW,PHA_GIA,XUYEN_THAT,3,true,true,5,true
SOLUSDT,922,4,1,ABOVE,GIU,CHAN,1,false,false,,
SOLUSDT,923,7,2,ABOVE,GIU,XUYEN_THAT,3,false,false,,
SOLUSDT,924,13,2,BELOW,PHA_GIA,XUYEN_THAT,0,true,true,1,false
SOLUSDT,925,7,2,BELOW,PHA_GIA,XUYEN_THAT,0,true,true,0,false
SOLUSDT,926,1,1,BELOW,GIU,CHAN,2,false,false,,
SOLUSDT,927,2,1,BELOW,GIU,CHAN,1,false,false,,
SOLUSDT,928,13,2,BELOW,PHA_GIA,XUYEN_THAT,1,true,true,4,false
SOLUSDT,929,17,2,BELOW,PHA_GIA,XUYEN_THAT,2,true,true,4,false
SOLUSDT,930,17,2,ABOVE,PHA_GIA,XUYEN_THAT,2,true,true,3,false
SOLUSDT,931,1,1,ABOVE,PHA_GIA,CHAN,2,true,true,0,false
SOLUSDT,932,2,1,BELOW,GIU,CHAN,2,false,false,,
SOLUSDT,936,20,2,BELOW,GIU,XUYEN_THAT,1,false,false,,
SOLUSDT,937,4,2,ABOVE,GIU,XUYEN_THAT,3,false,false,,
SOLUSDT,938,13,1,BELOW,GIU,CHAN,5,false,false,,
SOLUSDT,940,28,2,BELOW,XUYEN_THAT,XUYEN_THAT,1,true,false,3,true
SOLUSDT,941,10,2,BELOW,GIU,XUYEN_THAT,3,false,false,,
SOLUSDT,942,13,2,BELOW,GIU,XUYEN_THAT,2,false,false,,
SOLUSDT,944,3,2,ABOVE,PHA_GIA,CHAN,3,true,true,1,false
SOLUSDT,945,5,2,ABOVE,GIU,CHAN,1,false,false,,
SOLUSDT,946,8,2,ABOVE,PHA_GIA,XUYEN_THAT,2,true,true,1,false
SOLUSDT,947,10,2,BELOW,XUYEN_THAT,XUYEN_THAT,2,true,false,2,false
SOLUSDT,950,12,2,BELOW,GIU,XUYEN_THAT,1,false,false,,
SOLUSDT,951,1,1,BELOW,GIU,CHAN,2,false,false,,
SOLUSDT,952,7,2,BELOW,PHA_GIA,XUYEN_THAT,3,true,true,3,false
SOLUSDT,953,4,2,BELOW,XUYEN_THAT,XUYEN_THAT,0,true,false,0,false
SOLUSDT,956,3,2,ABOVE,XUYEN_THAT,XUYEN_THAT,0,true,false,3,false
SOLUSDT,957,2,1,BELOW,GIU,CHAN,2,false,false,,
SOLUSDT,958,12,2,BELOW,GIU,XUYEN_THAT,3,false,false,,
SOLUSDT,959,1,1,BELOW,PHA_GIA,CHAN,1,true,true,0,false
SOLUSDT,960,10,2,ABOVE,PHA_GIA,XUYEN_THAT,3,true,true,3,false
SOLUSDT,961,2,2,BELOW,PHA_GIA,CHAN,2,true,true,3,false
SOLUSDT,962,6,2,BELOW,PHA_GIA,CHAN,0,true,true,0,false
SOLUSDT,963,4,2,BELOW,GIU,CHAN,4,false,false,,
SOLUSDT,964,10,2,ABOVE,PHA_GIA,XUYEN_THAT,3,true,true,5,false
SOLUSDT,966,27,2,BELOW,GIU,XUYEN_THAT,1,false,false,,
SOLUSDT,967,6,2,BELOW,GIU,XUYEN_THAT,2,false,false,,
SOLUSDT,968,21,2,BELOW,GIU,XUYEN_THAT,3,false,false,,
SOLUSDT,969,3,2,BELOW,PHA_GIA,CHAN,0,true,true,0,false
SOLUSDT,970,3,2,ABOVE,PHA_GIA,XUYEN_THAT,3,true,true,2,false
SOLUSDT,971,18,2,BELOW,GIU,XUYEN_THAT,3,false,false,,
SOLUSDT,972,5,2,ABOVE,XUYEN_THAT,XUYEN_THAT,0,true,false,5,false
SOLUSDT,973,9,2,ABOVE,PHA_GIA,XUYEN_THAT,2,true,true,1,false
SOLUSDT,974,3,2,BELOW,XUYEN_THAT,XUYEN_THAT,1,true,false,4,false
SOLUSDT,975,7,2,BELOW,XUYEN_THAT,XUYEN_THAT,1,true,false,0,true
SOLUSDT,976,1,1,ABOVE,PHA_GIA,CHAN,1,true,true,1,false
SOLUSDT,977,3,1,BELOW,PHA_GIA,CHAN,3,true,true,2,true
SOLUSDT,978,2,2,BELOW,PHA_GIA,CHAN,2,true,true,1,false
SOLUSDT,979,5,2,ABOVE,PHA_GIA,CHAN,2,true,true,5,false
SOLUSDT,980,11,2,ABOVE,GIU,XUYEN_THAT,3,false,false,,
XRPUSDT,0,1,1,ABOVE,GIU,CHAN,2,false,false,,
XRPUSDT,1,8,1,ABOVE,GIU,XUYEN_THAT,2,false,false,,
XRPUSDT,2,22,2,BELOW,GIU,XUYEN_THAT,2,false,false,,
XRPUSDT,3,5,1,ABOVE,GIU,CHAN,4,false,false,,
XRPUSDT,4,2,1,BELOW,GIU,CHAN,2,false,false,,
XRPUSDT,5,11,2,ABOVE,GIU,XUYEN_THAT,2,false,false,,
XRPUSDT,6,1,1,BELOW,GIU,CHAN,1,false,false,,
XRPUSDT,7,25,2,BELOW,GIU,XUYEN_THAT,1,false,false,,
XRPUSDT,9,5,1,BELOW,PHA_GIA,CHAN,1,true,true,7,false
XRPUSDT,10,18,2,ABOVE,GIU,XUYEN_THAT,1,false,false,,
XRPUSDT,12,18,2,ABOVE,XUYEN_THAT,XUYEN_THAT,0,true,false,1,false
XRPUSDT,13,1,1,BELOW,PHA_GIA,CHAN,1,true,true,0,false
XRPUSDT,14,20,2,ABOVE,PHA_GIA,XUYEN_THAT,1,true,true,4,false
XRPUSDT,15,1,1,ABOVE,XUYEN_THAT,XUYEN_THAT,1,true,false,0,false
XRPUSDT,16,6,2,BELOW,PHA_GIA,XUYEN_THAT,2,true,true,0,false
XRPUSDT,18,3,2,BELOW,PHA_GIA,CHAN,2,true,true,1,false
XRPUSDT,19,3,1,ABOVE,GIU,CHAN,1,false,false,,
XRPUSDT,20,11,2,BELOW,XUYEN_THAT,XUYEN_THAT,2,true,false,2,false
XRPUSDT,21,8,2,ABOVE,PHA_GIA,XUYEN_THAT,1,true,true,0,false
XRPUSDT,22,26,2,BELOW,GIU,XUYEN_THAT,2,false,false,,
XRPUSDT,23,3,2,BELOW,XUYEN_THAT,XUYEN_THAT,2,true,false,1,true
XRPUSDT,24,3,2,ABOVE,PHA_GIA,CHAN,2,true,true,0,false
XRPUSDT,26,28,2,BELOW,GIU,XUYEN_THAT,1,false,false,,
XRPUSDT,27,7,2,BELOW,GIU,XUYEN_THAT,3,false,false,,
XRPUSDT,28,4,1,BELOW,GIU,XUYEN_THAT,1,false,false,,
XRPUSDT,29,10,2,BELOW,XUYEN_THAT,XUYEN_THAT,4,true,false,5,false
XRPUSDT,30,5,2,ABOVE,XUYEN_THAT,XUYEN_THAT,2,true,false,1,false
XRPUSDT,31,2,1,ABOVE,GIU,CHAN,3,false,false,,
XRPUSDT,32,2,1,ABOVE,GIU,XUYEN_THAT,2,false,false,,
XRPUSDT,33,3,1,BELOW,GIU,CHAN,4,false,false,,
XRPUSDT,34,3,2,ABOVE,PHA_GIA,CHAN,3,true,true,5,false
XRPUSDT,35,7,2,ABOVE,GIU,XUYEN_THAT,2,false,false,,
XRPUSDT,36,3,2,ABOVE,XUYEN_THAT,XUYEN_THAT,0,true,false,0,false
XRPUSDT,37,9,2,BELOW,PHA_GIA,XUYEN_THAT,3,true,true,4,false
XRPUSDT,38,3,2,BELOW,PHA_GIA,XUYEN_THAT,2,true,true,1,false
XRPUSDT,40,6,2,BELOW,XUYEN_THAT,XUYEN_THAT,4,true,false,7,false
XRPUSDT,41,2,1,ABOVE,PHA_GIA,CHAN,2,true,true,0,false
XRPUSDT,42,8,2,BELOW,PHA_GIA,XUYEN_THAT,2,true,true,5,false
XRPUSDT,43,9,1,BELOW,GIU,CHAN,4,false,false,,
XRPUSDT,44,32,2,ABOVE,PHA_GIA,XUYEN_THAT,1,true,true,0,false
XRPUSDT,45,10,2,BELOW,GIU,XUYEN_THAT,2,false,false,,
XRPUSDT,46,11,2,ABOVE,PHA_GIA,XUYEN_THAT,2,true,true,0,false
XRPUSDT,47,3,2,BELOW,GIU,XUYEN_THAT,2,false,false,,
XRPUSDT,48,8,2,BELOW,XUYEN_THAT,XUYEN_THAT,1,true,false,8,false
XRPUSDT,49,6,2,BELOW,GIU,XUYEN_THAT,3,false,false,,
XRPUSDT,51,20,2,ABOVE,GIU,XUYEN_THAT,3,false,false,,
XRPUSDT,52,3,1,ABOVE,GIU,CHAN,1,false,false,,
XRPUSDT,53,16,2,BELOW,GIU,XUYEN_THAT,2,false,false,,
XRPUSDT,55,3,2,ABOVE,PHA_GIA,CHAN,1,true,true,1,false
XRPUSDT,56,10,2,BELOW,XUYEN_THAT,XUYEN_THAT,4,true,false,3,false
XRPUSDT,57,29,2,ABOVE,PHA_GIA,XUYEN_THAT,0,true,true,2,false
XRPUSDT,58,11,2,BELOW,GIU,XUYEN_THAT,1,false,false,,
XRPUSDT,59,14,2,BELOW,PHA_GIA,XUYEN_THAT,4,true,true,8,false
XRPUSDT,60,9,2,BELOW,GIU,CHAN,1,false,false,,
XRPUSDT,61,14,2,ABOVE,PHA_GIA,XUYEN_THAT,3,true,true,3,false
XRPUSDT,63,9,2,ABOVE,PHA_GIA,XUYEN_THAT,2,true,true,4,false
XRPUSDT,66,19,2,BELOW,GIU,XUYEN_THAT,0,false,false,,
XRPUSDT,68,8,2,BELOW,GIU,XUYEN_THAT,1,false,false,,
XRPUSDT,70,1,1,BELOW,GIU,CHAN,2,false,false,,
XRPUSDT,71,3,2,BELOW,PHA_GIA,CHAN,3,true,true,1,false
XRPUSDT,72,36,2,ABOVE,PHA_GIA,XUYEN_THAT,3,true,true,7,false
XRPUSDT,73,8,1,ABOVE,GIU,CHAN,1,false,false,,
XRPUSDT,74,1,1,BELOW,GIU,CHAN,4,false,false,,
XRPUSDT,75,18,2,BELOW,GIU,XUYEN_THAT,3,false,false,,
XRPUSDT,76,8,2,BELOW,GIU,XUYEN_THAT,1,false,false,,
XRPUSDT,77,1,1,ABOVE,GIU,CHAN,2,false,false,,
XRPUSDT,79,9,2,ABOVE,PHA_GIA,XUYEN_THAT,1,true,true,3,false
XRPUSDT,80,15,2,ABOVE,GIU,XUYEN_THAT,2,false,false,,
XRPUSDT,81,1,1,BELOW,PHA_GIA,CHAN,2,true,true,1,false
XRPUSDT,82,2,1,ABOVE,XUYEN_THAT,XUYEN_THAT,0,true,false,1,false
XRPUSDT,83,2,2,BELOW,PHA_GIA,CHAN,2,true,true,2,false
XRPUSDT,84,3,1,ABOVE,PHA_GIA,CHAN,3,true,true,0,false
XRPUSDT,85,9,2,BELOW,GIU,XUYEN_THAT,1,false,false,,
XRPUSDT,89,1,1,BELOW,GIU,CHAN,2,false,false,,
XRPUSDT,90,14,2,BELOW,PHA_GIA,XUYEN_THAT,1,true,true,0,false
XRPUSDT,91,2,1,BELOW,GIU,CHAN,2,false,false,,
XRPUSDT,92,6,1,BELOW,GIU,CHAN,3,false,false,,
XRPUSDT,93,6,2,BELOW,PHA_GIA,CHAN,1,true,true,0,false
XRPUSDT,94,9,2,ABOVE,GIU,XUYEN_THAT,4,false,false,,
XRPUSDT,96,9,2,BELOW,PHA_GIA,CHAN,3,true,true,6,false
XRPUSDT,97,13,2,ABOVE,PHA_GIA,XUYEN_THAT,1,true,true,3,false
XRPUSDT,98,13,2,ABOVE,GIU,XUYEN_THAT,4,false,false,,
XRPUSDT,100,11,2,ABOVE,XUYEN_THAT,XUYEN_THAT,3,true,false,0,false
XRPUSDT,102,33,2,BELOW,PHA_GIA,XUYEN_THAT,2,true,true,7,false
XRPUSDT,103,7,2,BELOW,GIU,XUYEN_THAT,2,false,false,,
XRPUSDT,104,3,1,BELOW,GIU,CHAN,3,false,false,,
XRPUSDT,105,9,2,BELOW,XUYEN_THAT,XUYEN_THAT,2,true,false,4,false
XRPUSDT,106,11,2,BELOW,GIU,CHAN,0,false,false,,
XRPUSDT,107,11,2,BELOW,GIU,XUYEN_THAT,1,false,false,,
XRPUSDT,108,11,2,ABOVE,GIU,XUYEN_THAT,3,false,false,,
XRPUSDT,109,20,2,BELOW,GIU,XUYEN_THAT,2,false,false,,
XRPUSDT,110,12,2,BELOW,GIU,XUYEN_THAT,2,false,false,,
XRPUSDT,111,16,2,ABOVE,PHA_GIA,XUYEN_THAT,1,true,true,2,false
XRPUSDT,115,3,2,ABOVE,PHA_GIA,XUYEN_THAT,1,true,true,0,false
XRPUSDT,116,3,2,ABOVE,GIU,CHAN,1,false,false,,
XRPUSDT,117,20,2,ABOVE,PHA_GIA,XUYEN_THAT,1,true,true,3,false
XRPUSDT,118,5,1,BELOW,GIU,CHAN,0,false,false,,
XRPUSDT,119,10,2,BELOW,GIU,CHAN,1,false,false,,
XRPUSDT,120,9,2,ABOVE,PHA_GIA,XUYEN_THAT,2,true,true,1,false
XRPUSDT,121,9,2,ABOVE,GIU,XUYEN_THAT,3,false,false,,
XRPUSDT,122,6,2,BELOW,PHA_GIA,XUYEN_THAT,1,true,true,0,false
XRPUSDT,123,3,1,BELOW,GIU,CHAN,1,false,false,,
XRPUSDT,124,10,2,ABOVE,GIU,XUYEN_THAT,1,false,false,,
XRPUSDT,125,4,1,BELOW,GIU,CHAN,2,false,false,,
XRPUSDT,126,8,2,ABOVE,XUYEN_THAT,XUYEN_THAT,3,true,false,1,false
XRPUSDT,129,5,2,BELOW,XUYEN_THAT,XUYEN_THAT,1,true,false,5,false
XRPUSDT,130,16,2,ABOVE,PHA_GIA,XUYEN_THAT,1,true,true,3,false
XRPUSDT,131,29,2,ABOVE,GIU,XUYEN_THAT,2,false,false,,
XRPUSDT,132,6,2,ABOVE,GIU,XUYEN_THAT,1,false,false,,
XRPUSDT,133,3,1,BELOW,GIU,CHAN,3,false,false,,
XRPUSDT,134,1,1,ABOVE,GIU,CHAN,2,false,false,,
XRPUSDT,135,14,2,ABOVE,PHA_GIA,XUYEN_THAT,1,true,true,4,false
XRPUSDT,137,1,1,ABOVE,GIU,CHAN,1,false,false,,
XRPUSDT,138,3,1,ABOVE,GIU,CHAN,4,false,false,,
XRPUSDT,140,9,2,ABOVE,GIU,XUYEN_THAT,2,false,false,,
XRPUSDT,141,4,2,BELOW,PHA_GIA,CHAN,3,true,true,6,false
XRPUSDT,143,8,1,BELOW,GIU,CHAN,2,false,false,,
XRPUSDT,144,7,1,ABOVE,GIU,CHAN,3,false,false,,
XRPUSDT,146,7,2,BELOW,PHA_GIA,XUYEN_THAT,3,true,true,7,false
XRPUSDT,147,2,1,ABOVE,GIU,CHAN,2,false,false,,
XRPUSDT,148,7,2,ABOVE,XUYEN_THAT,XUYEN_THAT,2,true,false,2,false
XRPUSDT,149,6,2,ABOVE,PHA_GIA,XUYEN_THAT,0,true,true,0,false
XRPUSDT,150,4,2,BELOW,GIU,CHAN,0,false,false,,
XRPUSDT,151,1,1,ABOVE,GIU,CHAN,0,false,false,,
XRPUSDT,152,3,2,ABOVE,PHA_GIA,CHAN,3,true,true,3,false
XRPUSDT,154,21,2,BELOW,PHA_GIA,XUYEN_THAT,1,true,true,0,false
XRPUSDT,157,16,2,BELOW,GIU,XUYEN_THAT,3,false,false,,
XRPUSDT,159,14,2,ABOVE,XUYEN_THAT,XUYEN_THAT,0,true,false,0,false
XRPUSDT,160,8,2,BELOW,GIU,XUYEN_THAT,3,false,false,,
XRPUSDT,161,7,2,BELOW,GIU,XUYEN_THAT,4,false,false,,
XRPUSDT,162,8,1,ABOVE,GIU,CHAN,4,false,false,,
XRPUSDT,163,4,1,ABOVE,GIU,CHAN,3,false,false,,
XRPUSDT,164,6,2,ABOVE,PHA_GIA,XUYEN_THAT,2,true,true,1,false
XRPUSDT,165,17,2,BELOW,PHA_GIA,XUYEN_THAT,2,true,true,5,false
XRPUSDT,166,4,2,BELOW,PHA_GIA,CHAN,1,true,true,2,false
XRPUSDT,167,6,2,ABOVE,PHA_GIA,XUYEN_THAT,2,true,true,8,false
XRPUSDT,169,16,2,ABOVE,GIU,XUYEN_THAT,3,false,false,,
XRPUSDT,170,4,2,ABOVE,PHA_GIA,CHAN,2,true,true,1,false
XRPUSDT,171,4,1,ABOVE,GIU,CHAN,2,false,false,,
XRPUSDT,172,39,2,ABOVE,GIU,XUYEN_THAT,3,false,false,,
XRPUSDT,174,1,1,BELOW,GIU,CHAN,2,false,false,,
XRPUSDT,175,11,2,BELOW,GIU,CHAN,3,false,false,,
XRPUSDT,176,4,2,BELOW,GIU,CHAN,3,false,false,,
XRPUSDT,177,18,2,ABOVE,PHA_GIA,XUYEN_THAT,1,true,true,4,false
XRPUSDT,178,19,2,ABOVE,PHA_GIA,XUYEN_THAT,2,true,true,3,false
XRPUSDT,179,10,1,BELOW,GIU,CHAN,2,false,false,,
XRPUSDT,180,11,2,BELOW,PHA_GIA,XUYEN_THAT,3,true,true,4,false
XRPUSDT,181,26,2,ABOVE,GIU,XUYEN_THAT,3,false,false,,
XRPUSDT,182,17,2,ABOVE,XUYEN_THAT,XUYEN_THAT,3,true,false,7,false
XRPUSDT,183,5,2,BELOW,PHA_GIA,XUYEN_THAT,3,true,true,4,false
XRPUSDT,184,12,2,BELOW,GIU,XUYEN_THAT,3,false,false,,
XRPUSDT,185,1,1,ABOVE,GIU,CHAN,3,false,false,,
XRPUSDT,186,17,2,BELOW,XUYEN_THAT,XUYEN_THAT,1,true,false,4,false
XRPUSDT,189,7,2,BELOW,XUYEN_THAT,XUYEN_THAT,3,true,false,8,false
XRPUSDT,194,13,2,BELOW,GIU,XUYEN_THAT,1,false,false,,
XRPUSDT,195,15,2,BELOW,XUYEN_THAT,XUYEN_THAT,1,true,false,0,false
XRPUSDT,197,10,2,BELOW,PHA_GIA,XUYEN_THAT,0,true,true,5,false
XRPUSDT,199,11,1,BELOW,GIU,CHAN,4,false,false,,
XRPUSDT,200,7,2,ABOVE,GIU,CHAN,3,false,false,,
XRPUSDT,201,2,1,ABOVE,GIU,CHAN,3,false,false,,
XRPUSDT,202,7,2,BELOW,PHA_GIA,CHAN,2,true,true,0,false
XRPUSDT,203,23,2,ABOVE,XUYEN_THAT,XUYEN_THAT,0,true,false,7,false
XRPUSDT,205,8,2,ABOVE,GIU,XUYEN_THAT,3,false,false,,
XRPUSDT,206,18,2,BELOW,GIU,XUYEN_THAT,1,false,false,,
XRPUSDT,208,2,2,BELOW,XUYEN_THAT,XUYEN_THAT,3,true,false,5,false
XRPUSDT,210,1,1,BELOW,GIU,CHAN,2,false,false,,
XRPUSDT,211,10,2,BELOW,GIU,XUYEN_THAT,2,false,false,,
XRPUSDT,212,6,2,ABOVE,XUYEN_THAT,XUYEN_THAT,1,true,false,5,false
XRPUSDT,213,1,1,BELOW,XUYEN_THAT,XUYEN_THAT,2,true,false,0,false
XRPUSDT,214,19,2,ABOVE,GIU,XUYEN_THAT,3,false,false,,
XRPUSDT,215,9,2,BELOW,GIU,XUYEN_THAT,3,false,false,,
XRPUSDT,216,13,2,ABOVE,PHA_GIA,XUYEN_THAT,2,true,true,2,false
XRPUSDT,217,15,2,BELOW,GIU,XUYEN_THAT,3,false,false,,
XRPUSDT,218,4,1,BELOW,GIU,CHAN,3,false,false,,
XRPUSDT,219,11,2,ABOVE,GIU,XUYEN_THAT,3,false,false,,
XRPUSDT,220,3,1,ABOVE,GIU,CHAN,3,false,false,,
XRPUSDT,221,6,2,BELOW,PHA_GIA,XUYEN_THAT,2,true,true,7,false
XRPUSDT,222,8,2,ABOVE,GIU,XUYEN_THAT,1,false,false,,
XRPUSDT,223,3,1,ABOVE,GIU,CHAN,3,false,false,,
XRPUSDT,224,1,1,BELOW,GIU,CHAN,2,false,false,,
XRPUSDT,225,2,1,BELOW,GIU,CHAN,2,false,false,,
XRPUSDT,226,7,2,BELOW,GIU,XUYEN_THAT,2,false,false,,
XRPUSDT,227,10,2,ABOVE,GIU,CHAN,2,false,false,,
XRPUSDT,228,3,2,ABOVE,PHA_GIA,XUYEN_THAT,2,true,true,1,false
XRPUSDT,230,2,2,BELOW,PHA_GIA,CHAN,2,true,true,2,false
XRPUSDT,231,6,2,ABOVE,GIU,CHAN,1,false,false,,
XRPUSDT,232,31,2,BELOW,GIU,XUYEN_THAT,2,false,false,,
XRPUSDT,233,5,2,BELOW,PHA_GIA,CHAN,1,true,true,7,false
XRPUSDT,234,24,2,ABOVE,XUYEN_THAT,XUYEN_THAT,2,true,false,2,false
XRPUSDT,235,12,2,ABOVE,GIU,XUYEN_THAT,1,false,false,,
XRPUSDT,236,8,2,ABOVE,GIU,XUYEN_THAT,1,false,false,,
XRPUSDT,237,4,2,ABOVE,PHA_GIA,CHAN,3,true,true,5,false
XRPUSDT,238,18,2,BELOW,GIU,XUYEN_THAT,3,false,false,,
XRPUSDT,239,1,1,BELOW,GIU,CHAN,2,false,false,,
XRPUSDT,240,14,2,BELOW,GIU,XUYEN_THAT,1,false,false,,
XRPUSDT,242,9,2,BELOW,GIU,XUYEN_THAT,3,false,false,,
XRPUSDT,244,6,2,ABOVE,GIU,XUYEN_THAT,3,false,false,,
XRPUSDT,245,13,2,BELOW,PHA_GIA,XUYEN_THAT,2,true,true,7,false
XRPUSDT,246,1,1,ABOVE,GIU,CHAN,1,false,false,,
XRPUSDT,247,2,2,BELOW,XUYEN_THAT,XUYEN_THAT,1,true,false,2,false
XRPUSDT,248,1,1,ABOVE,GIU,CHAN,0,false,false,,
XRPUSDT,249,15,2,ABOVE,GIU,XUYEN_THAT,2,false,false,,
XRPUSDT,250,7,2,ABOVE,GIU,XUYEN_THAT,1,false,false,,
XRPUSDT,251,1,1,ABOVE,GIU,CHAN,2,false,false,,
XRPUSDT,252,2,1,ABOVE,GIU,CHAN,2,false,false,,
XRPUSDT,253,1,1,ABOVE,GIU,CHAN,3,false,false,,
XRPUSDT,254,1,1,BELOW,GIU,CHAN,1,false,false,,
XRPUSDT,255,1,1,BELOW,GIU,CHAN,1,false,false,,
XRPUSDT,256,15,2,ABOVE,XUYEN_THAT,XUYEN_THAT,2,true,false,8,false
XRPUSDT,257,15,2,ABOVE,XUYEN_THAT,XUYEN_THAT,1,true,false,6,false
XRPUSDT,258,16,2,BELOW,PHA_GIA,XUYEN_THAT,2,true,true,1,false
XRPUSDT,262,1,1,ABOVE,GIU,CHAN,1,false,false,,
XRPUSDT,263,4,2,BELOW,PHA_GIA,CHAN,2,true,true,2,false
XRPUSDT,264,46,2,ABOVE,PHA_GIA,XUYEN_THAT,1,true,true,1,false
XRPUSDT,265,7,2,ABOVE,XUYEN_THAT,XUYEN_THAT,2,true,false,7,false
XRPUSDT,266,6,2,ABOVE,GIU,XUYEN_THAT,2,false,false,,
XRPUSDT,267,7,1,ABOVE,GIU,CHAN,1,false,false,,
XRPUSDT,268,14,2,BELOW,GIU,XUYEN_THAT,2,false,false,,
XRPUSDT,270,7,2,ABOVE,XUYEN_THAT,XUYEN_THAT,0,true,false,2,false
XRPUSDT,272,13,2,ABOVE,GIU,XUYEN_THAT,3,false,false,,
XRPUSDT,273,3,2,BELOW,PHA_GIA,CHAN,1,true,true,4,false
XRPUSDT,274,1,1,ABOVE,GIU,CHAN,1,false,false,,
XRPUSDT,276,11,2,BELOW,XUYEN_THAT,XUYEN_THAT,1,true,false,6,false
XRPUSDT,279,9,1,ABOVE,GIU,CHAN,2,false,false,,
XRPUSDT,280,33,2,BELOW,GIU,XUYEN_THAT,3,false,false,,
XRPUSDT,282,7,2,ABOVE,XUYEN_THAT,XUYEN_THAT,0,true,false,2,false
XRPUSDT,283,5,2,ABOVE,PHA_GIA,CHAN,2,true,true,4,false
XRPUSDT,285,2,1,BELOW,GIU,CHAN,1,false,false,,
XRPUSDT,286,4,2,BELOW,PHA_GIA,XUYEN_THAT,1,true,true,1,false
XRPUSDT,287,10,2,ABOVE,PHA_GIA,XUYEN_THAT,2,true,true,4,true
XRPUSDT,288,7,2,ABOVE,GIU,XUYEN_THAT,2,false,false,,
XRPUSDT,289,2,2,ABOVE,PHA_GIA,CHAN,3,true,true,2,false
XRPUSDT,291,12,2,ABOVE,PHA_GIA,XUYEN_THAT,3,true,true,2,false
XRPUSDT,292,4,2,BELOW,PHA_GIA,CHAN,1,true,true,5,false
XRPUSDT,293,1,1,ABOVE,GIU,CHAN,1,false,false,,
XRPUSDT,294,4,2,BELOW,XUYEN_THAT,XUYEN_THAT,1,true,false,1,false
XRPUSDT,296,14,2,BELOW,PHA_GIA,XUYEN_THAT,2,true,true,4,false
XRPUSDT,298,2,1,BELOW,GIU,CHAN,2,false,false,,
XRPUSDT,299,3,1,BELOW,GIU,CHAN,1,false,false,,
XRPUSDT,301,3,1,ABOVE,GIU,XUYEN_THAT,1,false,false,,
XRPUSDT,302,3,1,ABOVE,GIU,XUYEN_THAT,3,false,false,,
XRPUSDT,304,3,1,ABOVE,GIU,CHAN,3,false,false,,
XRPUSDT,305,1,1,ABOVE,GIU,CHAN,2,false,false,,
XRPUSDT,306,16,2,ABOVE,GIU,XUYEN_THAT,2,false,false,,
XRPUSDT,307,5,2,BELOW,GIU,XUYEN_THAT,1,false,false,,
XRPUSDT,308,17,2,BELOW,PHA_GIA,XUYEN_THAT,2,true,true,3,false
XRPUSDT,309,1,1,BELOW,GIU,CHAN,1,false,false,,
XRPUSDT,310,5,2,ABOVE,XUYEN_THAT,XUYEN_THAT,2,true,false,3,false
XRPUSDT,311,11,2,ABOVE,GIU,XUYEN_THAT,2,false,false,,
XRPUSDT,312,17,2,BELOW,XUYEN_THAT,XUYEN_THAT,0,true,false,3,false
XRPUSDT,313,4,1,ABOVE,GIU,CHAN,2,false,false,,
XRPUSDT,314,5,2,ABOVE,GIU,XUYEN_THAT,1,false,false,,
XRPUSDT,316,15,2,ABOVE,XUYEN_THAT,XUYEN_THAT,1,true,false,3,false
XRPUSDT,317,8,2,BELOW,PHA_GIA,XUYEN_THAT,2,true,true,4,false
XRPUSDT,318,10,2,ABOVE,XUYEN_THAT,XUYEN_THAT,2,true,false,7,false
XRPUSDT,319,7,2,ABOVE,PHA_GIA,XUYEN_THAT,0,true,true,4,false
XRPUSDT,320,12,2,BELOW,GIU,CHAN,3,false,false,,
XRPUSDT,321,1,1,BELOW,GIU,CHAN,3,false,false,,
XRPUSDT,322,6,2,BELOW,GIU,CHAN,1,false,false,,
XRPUSDT,323,11,2,ABOVE,GIU,XUYEN_THAT,2,false,false,,
XRPUSDT,326,6,2,ABOVE,GIU,XUYEN_THAT,1,false,false,,
XRPUSDT,327,4,2,BELOW,PHA_GIA,XUYEN_THAT,0,true,true,2,false
XRPUSDT,328,18,2,BELOW,GIU,XUYEN_THAT,3,false,false,,
XRPUSDT,329,29,2,BELOW,XUYEN_THAT,XUYEN_THAT,1,true,false,2,false
XRPUSDT,330,1,1,ABOVE,GIU,CHAN,3,false,false,,
XRPUSDT,331,3,1,BELOW,GIU,XUYEN_THAT,3,false,false,,
XRPUSDT,333,7,2,ABOVE,XUYEN_THAT,XUYEN_THAT,1,true,false,0,false
XRPUSDT,334,10,2,ABOVE,PHA_GIA,XUYEN_THAT,1,true,true,1,false
XRPUSDT,335,16,2,ABOVE,GIU,XUYEN_THAT,2,false,false,,
XRPUSDT,336,20,2,ABOVE,GIU,XUYEN_THAT,2,false,false,,
XRPUSDT,338,5,2,ABOVE,GIU,CHAN,2,false,false,,
XRPUSDT,339,1,1,ABOVE,GIU,CHAN,2,false,false,,
XRPUSDT,340,2,1,ABOVE,GIU,CHAN,1,false,false,,
XRPUSDT,341,6,1,BELOW,GIU,CHAN,2,false,false,,
XRPUSDT,342,2,2,ABOVE,PHA_GIA,CHAN,4,true,true,4,false
XRPUSDT,343,7,2,BELOW,PHA_GIA,XUYEN_THAT,1,true,true,2,false
XRPUSDT,344,21,2,BELOW,PHA_GIA,XUYEN_THAT,2,true,true,5,false
XRPUSDT,345,3,2,BELOW,PHA_GIA,XUYEN_THAT,1,true,true,2,false
XRPUSDT,346,4,2,BELOW,XUYEN_THAT,XUYEN_THAT,2,true,false,2,false
XRPUSDT,348,13,2,BELOW,GIU,XUYEN_THAT,3,false,false,,
XRPUSDT,349,13,2,ABOVE,GIU,XUYEN_THAT,2,false,false,,
XRPUSDT,350,12,2,ABOVE,XUYEN_THAT,XUYEN_THAT,2,true,false,3,false
XRPUSDT,351,32,2,BELOW,PHA_GIA,XUYEN_THAT,1,true,true,5,false
XRPUSDT,352,9,2,BELOW,GIU,CHAN,2,false,false,,
XRPUSDT,353,1,1,BELOW,GIU,CHAN,1,false,false,,
XRPUSDT,355,25,2,ABOVE,PHA_GIA,XUYEN_THAT,0,true,true,4,false
XRPUSDT,356,2,1,ABOVE,GIU,CHAN,3,false,false,,
XRPUSDT,357,21,2,ABOVE,XUYEN_THAT,XUYEN_THAT,2,true,false,3,false
XRPUSDT,360,28,2,BELOW,GIU,CHAN,0,false,false,,
XRPUSDT,361,11,2,ABOVE,PHA_GIA,CHAN,3,true,true,6,false
XRPUSDT,362,12,2,ABOVE,GIU,XUYEN_THAT,4,false,false,,
XRPUSDT,363,2,2,BELOW,XUYEN_THAT,XUYEN_THAT,1,true,false,6,false
XRPUSDT,364,8,2,ABOVE,PHA_GIA,XUYEN_THAT,3,true,true,8,false
XRPUSDT,365,1,1,ABOVE,PHA_GIA,CHAN,3,true,true,1,false
XRPUSDT,366,33,2,BELOW,PHA_GIA,XUYEN_THAT,2,true,true,5,false
XRPUSDT,367,2,1,ABOVE,GIU,CHAN,1,false,false,,
XRPUSDT,368,33,2,BELOW,GIU,XUYEN_THAT,3,false,false,,
XRPUSDT,369,13,2,ABOVE,PHA_GIA,XUYEN_THAT,0,true,true,1,false
XRPUSDT,371,12,2,BELOW,PHA_GIA,XUYEN_THAT,3,true,true,1,false
XRPUSDT,372,36,2,ABOVE,PHA_GIA,XUYEN_THAT,1,true,true,5,false
XRPUSDT,374,11,2,BELOW,PHA_GIA,XUYEN_THAT,0,true,true,0,false
XRPUSDT,375,7,2,BELOW,XUYEN_THAT,XUYEN_THAT,1,true,false,4,false
XRPUSDT,377,4,2,BELOW,GIU,XUYEN_THAT,3,false,false,,
XRPUSDT,378,5,2,BELOW,GIU,CHAN,2,false,false,,
XRPUSDT,380,3,1,ABOVE,PHA_GIA,CHAN,1,true,true,0,false
XRPUSDT,381,8,1,ABOVE,GIU,CHAN,0,false,false,,
XRPUSDT,382,11,2,BELOW,GIU,XUYEN_THAT,3,false,false,,
XRPUSDT,383,9,2,ABOVE,PHA_GIA,CHAN,1,true,true,7,false
XRPUSDT,384,22,2,BELOW,XUYEN_THAT,XUYEN_THAT,2,true,false,4,false
XRPUSDT,386,6,2,ABOVE,PHA_GIA,XUYEN_THAT,1,true,true,5,false
XRPUSDT,387,5,2,ABOVE,PHA_GIA,XUYEN_THAT,2,true,true,3,false
XRPUSDT,388,14,2,ABOVE,PHA_GIA,XUYEN_THAT,3,true,true,2,false
XRPUSDT,390,6,2,ABOVE,GIU,CHAN,3,false,false,,
XRPUSDT,392,11,2,ABOVE,XUYEN_THAT,XUYEN_THAT,2,true,false,7,false
XRPUSDT,393,1,1,BELOW,PHA_GIA,CHAN,1,true,true,0,false
XRPUSDT,394,3,2,ABOVE,PHA_GIA,CHAN,0,true,true,0,false
XRPUSDT,395,4,1,BELOW,PHA_GIA,XUYEN_THAT,2,true,true,1,false
XRPUSDT,396,1,1,BELOW,GIU,CHAN,2,false,false,,
XRPUSDT,397,13,2,BELOW,PHA_GIA,XUYEN_THAT,0,true,true,1,false
XRPUSDT,398,2,2,BELOW,PHA_GIA,CHAN,2,true,true,2,false
XRPUSDT,400,3,1,BELOW,GIU,CHAN,3,false,false,,
XRPUSDT,401,28,2,ABOVE,GIU,CHAN,2,false,false,,
XRPUSDT,402,2,1,ABOVE,GIU,CHAN,0,false,false,,
XRPUSDT,403,3,1,BELOW,XUYEN_THAT,XUYEN_THAT,1,true,false,0,false
XRPUSDT,404,19,2,ABOVE,GIU,XUYEN_THAT,1,false,false,,
XRPUSDT,405,23,2,ABOVE,GIU,XUYEN_THAT,1,false,false,,
XRPUSDT,406,4,1,BELOW,GIU,CHAN,0,false,false,,
XRPUSDT,409,4,2,BELOW,GIU,XUYEN_THAT,3,false,false,,
XRPUSDT,410,3,1,ABOVE,GIU,CHAN,3,false,false,,
XRPUSDT,411,2,1,BELOW,GIU,CHAN,4,false,false,,
XRPUSDT,412,1,1,BELOW,GIU,CHAN,3,false,false,,
XRPUSDT,414,6,2,ABOVE,GIU,XUYEN_THAT,1,false,false,,
XRPUSDT,416,5,1,ABOVE,GIU,CHAN,2,false,false,,
XRPUSDT,417,22,2,ABOVE,GIU,XUYEN_THAT,2,false,false,,
XRPUSDT,418,9,2,ABOVE,GIU,XUYEN_THAT,1,false,false,,
XRPUSDT,419,17,2,ABOVE,GIU,XUYEN_THAT,2,false,false,,
XRPUSDT,420,1,1,BELOW,GIU,CHAN,3,false,false,,
XRPUSDT,421,14,2,BELOW,XUYEN_THAT,XUYEN_THAT,1,true,false,3,false
XRPUSDT,422,5,2,BELOW,XUYEN_THAT,XUYEN_THAT,2,true,false,4,false
XRPUSDT,423,7,2,ABOVE,GIU,CHAN,2,false,false,,
XRPUSDT,424,1,1,ABOVE,PHA_GIA,CHAN,1,true,true,3,false
XRPUSDT,425,12,2,BELOW,GIU,XUYEN_THAT,1,false,false,,
XRPUSDT,426,5,2,BELOW,PHA_GIA,XUYEN_THAT,2,true,true,3,false
XRPUSDT,427,2,1,BELOW,GIU,CHAN,2,false,false,,
XRPUSDT,428,1,1,ABOVE,GIU,CHAN,1,false,false,,
XRPUSDT,429,23,2,BELOW,PHA_GIA,XUYEN_THAT,2,true,true,8,false
XRPUSDT,430,3,1,BELOW,GIU,CHAN,2,false,false,,
XRPUSDT,431,6,1,BELOW,GIU,XUYEN_THAT,1,false,false,,
XRPUSDT,433,4,2,BELOW,PHA_GIA,XUYEN_THAT,3,true,true,3,false
XRPUSDT,434,4,2,BELOW,PHA_GIA,CHAN,0,true,true,0,false
XRPUSDT,435,3,1,ABOVE,GIU,CHAN,3,false,false,,
XRPUSDT,437,12,2,ABOVE,GIU,XUYEN_THAT,3,false,false,,
XRPUSDT,438,19,2,ABOVE,GIU,XUYEN_THAT,0,false,false,,
XRPUSDT,440,6,2,BELOW,PHA_GIA,CHAN,1,true,true,5,false
XRPUSDT,446,15,2,ABOVE,XUYEN_THAT,XUYEN_THAT,0,true,false,2,false
XRPUSDT,447,12,2,BELOW,GIU,CHAN,3,false,false,,
XRPUSDT,448,17,2,ABOVE,PHA_GIA,XUYEN_THAT,2,true,true,4,false
XRPUSDT,449,2,2,ABOVE,GIU,CHAN,1,false,false,,
XRPUSDT,450,4,1,BELOW,GIU,CHAN,2,false,false,,
XRPUSDT,451,6,2,ABOVE,XUYEN_THAT,XUYEN_THAT,0,true,false,2,false
XRPUSDT,452,18,2,BELOW,GIU,XUYEN_THAT,2,false,false,,
XRPUSDT,453,2,1,BELOW,PHA_GIA,CHAN,2,true,true,4,false
XRPUSDT,454,17,2,ABOVE,PHA_GIA,XUYEN_THAT,1,true,true,4,false
XRPUSDT,455,8,2,BELOW,GIU,XUYEN_THAT,3,false,false,,
XRPUSDT,458,3,2,BELOW,GIU,CHAN,2,false,false,,
XRPUSDT,459,8,2,ABOVE,XUYEN_THAT,XUYEN_THAT,3,true,false,2,false
XRPUSDT,461,6,2,BELOW,XUYEN_THAT,XUYEN_THAT,0,true,false,3,false
XRPUSDT,462,4,2,BELOW,XUYEN_THAT,XUYEN_THAT,3,true,false,2,false
XRPUSDT,463,10,2,BELOW,GIU,CHAN,5,false,false,,
XRPUSDT,464,1,1,ABOVE,GIU,CHAN,1,false,false,,
XRPUSDT,465,1,1,ABOVE,GIU,CHAN,1,false,false,,
XRPUSDT,466,12,2,BELOW,XUYEN_THAT,XUYEN_THAT,2,true,false,2,false
XRPUSDT,467,2,1,BELOW,GIU,CHAN,2,false,false,,
XRPUSDT,468,35,2,ABOVE,XUYEN_THAT,XUYEN_THAT,1,true,false,1,false
XRPUSDT,469,9,2,BELOW,XUYEN_THAT,XUYEN_THAT,1,true,false,7,false
XRPUSDT,471,2,2,ABOVE,PHA_GIA,CHAN,2,true,true,2,false
XRPUSDT,472,4,1,BELOW,GIU,CHAN,3,false,false,,
XRPUSDT,473,29,2,ABOVE,PHA_GIA,XUYEN_THAT,2,true,true,6,false
XRPUSDT,474,2,1,BELOW,GIU,CHAN,3,false,false,,
XRPUSDT,475,8,2,BELOW,XUYEN_THAT,XUYEN_THAT,1,true,false,0,false
XRPUSDT,477,20,2,BELOW,GIU,CHAN,1,false,false,,
XRPUSDT,478,3,1,BELOW,GIU,CHAN,1,false,false,,
XRPUSDT,479,17,2,BELOW,GIU,XUYEN_THAT,2,false,false,,
XRPUSDT,481,5,2,BELOW,GIU,XUYEN_THAT,3,false,false,,
XRPUSDT,483,2,1,BELOW,GIU,CHAN,1,false,false,,
XRPUSDT,484,13,2,BELOW,PHA_GIA,XUYEN_THAT,2,true,true,3,false
XRPUSDT,485,21,2,BELOW,GIU,XUYEN_THAT,2,false,false,,
XRPUSDT,486,8,2,BELOW,GIU,CHAN,5,false,false,,
XRPUSDT,487,33,2,ABOVE,XUYEN_THAT,XUYEN_THAT,3,true,false,4,false
XRPUSDT,488,2,1,BELOW,XUYEN_THAT,XUYEN_THAT,1,true,false,3,true
XRPUSDT,489,26,2,BELOW,XUYEN_THAT,XUYEN_THAT,1,true,false,0,false
XRPUSDT,490,4,1,ABOVE,GIU,CHAN,3,false,false,,
XRPUSDT,492,34,2,ABOVE,GIU,XUYEN_THAT,1,false,false,,
XRPUSDT,493,1,1,BELOW,GIU,CHAN,3,false,false,,
XRPUSDT,494,3,2,BELOW,XUYEN_THAT,XUYEN_THAT,1,true,false,0,false
XRPUSDT,495,3,2,ABOVE,PHA_GIA,XUYEN_THAT,0,true,true,5,false
XRPUSDT,496,4,2,BELOW,PHA_GIA,XUYEN_THAT,0,true,true,1,false
XRPUSDT,497,18,2,BELOW,GIU,XUYEN_THAT,2,false,false,,
XRPUSDT,498,15,2,BELOW,PHA_GIA,XUYEN_THAT,1,true,true,0,false
XRPUSDT,499,1,1,BELOW,GIU,CHAN,2,false,false,,
XRPUSDT,500,9,2,BELOW,GIU,XUYEN_THAT,2,false,false,,
XRPUSDT,501,12,2,ABOVE,PHA_GIA,XUYEN_THAT,0,true,true,0,false
XRPUSDT,502,8,2,ABOVE,XUYEN_THAT,XUYEN_THAT,2,true,false,5,false
XRPUSDT,503,1,1,ABOVE,GIU,CHAN,3,false,false,,
XRPUSDT,504,10,2,ABOVE,PHA_GIA,XUYEN_THAT,2,true,true,1,false
XRPUSDT,505,4,2,ABOVE,XUYEN_THAT,XUYEN_THAT,1,true,false,3,false
XRPUSDT,506,2,1,BELOW,GIU,CHAN,1,false,false,,
XRPUSDT,507,7,2,BELOW,GIU,XUYEN_THAT,2,false,false,,
XRPUSDT,509,12,2,BELOW,XUYEN_THAT,XUYEN_THAT,1,true,false,1,false
XRPUSDT,511,5,1,BELOW,GIU,CHAN,3,false,false,,
XRPUSDT,512,14,2,ABOVE,PHA_GIA,XUYEN_THAT,1,true,true,1,false
XRPUSDT,514,6,1,BELOW,GIU,CHAN,3,false,false,,
XRPUSDT,515,3,2,ABOVE,GIU,CHAN,2,false,false,,
XRPUSDT,517,2,1,BELOW,GIU,CHAN,1,false,false,,
XRPUSDT,518,29,2,ABOVE,GIU,XUYEN_THAT,1,false,false,,
XRPUSDT,519,3,1,BELOW,GIU,CHAN,1,false,false,,
XRPUSDT,520,1,1,BELOW,GIU,CHAN,2,false,false,,
XRPUSDT,521,12,2,BELOW,GIU,XUYEN_THAT,2,false,false,,
XRPUSDT,522,1,1,ABOVE,GIU,CHAN,1,false,false,,
XRPUSDT,523,7,2,ABOVE,PHA_GIA,CHAN,1,true,true,7,false
XRPUSDT,524,10,2,ABOVE,XUYEN_THAT,XUYEN_THAT,0,true,false,5,false
XRPUSDT,525,9,2,ABOVE,XUYEN_THAT,XUYEN_THAT,1,true,false,0,false
XRPUSDT,526,3,2,ABOVE,PHA_GIA,CHAN,2,true,true,6,false
XRPUSDT,528,25,2,ABOVE,GIU,XUYEN_THAT,1,false,false,,
XRPUSDT,529,10,2,BELOW,PHA_GIA,XUYEN_THAT,2,true,true,0,false
XRPUSDT,530,9,2,ABOVE,GIU,XUYEN_THAT,1,false,false,,
XRPUSDT,531,3,2,BELOW,XUYEN_THAT,XUYEN_THAT,1,true,false,5,true
XRPUSDT,532,5,2,BELOW,GIU,XUYEN_THAT,0,false,false,,
XRPUSDT,533,12,2,ABOVE,PHA_GIA,XUYEN_THAT,2,true,true,3,false
XRPUSDT,537,3,1,BELOW,GIU,CHAN,2,false,false,,
XRPUSDT,538,2,1,ABOVE,GIU,CHAN,2,false,false,,
XRPUSDT,539,7,2,BELOW,GIU,XUYEN_THAT,2,false,false,,
XRPUSDT,540,3,1,ABOVE,PHA_GIA,CHAN,1,true,true,2,false
XRPUSDT,541,4,2,BELOW,XUYEN_THAT,XUYEN_THAT,3,true,false,2,false
XRPUSDT,542,7,2,BELOW,GIU,CHAN,3,false,false,,
XRPUSDT,543,6,2,ABOVE,GIU,CHAN,1,false,false,,
XRPUSDT,544,1,1,BELOW,GIU,CHAN,1,false,false,,
XRPUSDT,545,7,2,BELOW,XUYEN_THAT,XUYEN_THAT,2,true,false,3,false
XRPUSDT,546,2,1,BELOW,GIU,CHAN,3,false,false,,
XRPUSDT,548,7,2,ABOVE,XUYEN_THAT,XUYEN_THAT,1,true,false,4,false
XRPUSDT,549,7,2,BELOW,XUYEN_THAT,XUYEN_THAT,1,true,false,4,false
XRPUSDT,551,6,2,ABOVE,XUYEN_THAT,XUYEN_THAT,2,true,false,2,false
XRPUSDT,552,4,2,BELOW,PHA_GIA,CHAN,0,true,true,1,false
XRPUSDT,553,1,1,ABOVE,GIU,CHAN,2,false,false,,
XRPUSDT,554,10,2,BELOW,GIU,XUYEN_THAT,3,false,false,,
XRPUSDT,555,10,2,BELOW,GIU,XUYEN_THAT,2,false,false,,
XRPUSDT,556,3,2,BELOW,GIU,CHAN,2,false,false,,
XRPUSDT,559,16,2,BELOW,XUYEN_THAT,XUYEN_THAT,2,true,false,2,false
XRPUSDT,560,5,1,ABOVE,GIU,CHAN,3,false,false,,
XRPUSDT,561,3,1,ABOVE,GIU,CHAN,3,false,false,,
XRPUSDT,562,5,1,ABOVE,GIU,CHAN,0,false,false,,
XRPUSDT,564,10,2,BELOW,GIU,XUYEN_THAT,1,false,false,,
XRPUSDT,565,5,1,BELOW,GIU,CHAN,3,false,false,,
XRPUSDT,566,10,2,BELOW,PHA_GIA,XUYEN_THAT,1,true,true,4,false
XRPUSDT,567,1,1,ABOVE,PHA_GIA,CHAN,0,true,true,0,false
XRPUSDT,568,19,2,BELOW,GIU,XUYEN_THAT,3,false,false,,
XRPUSDT,570,1,1,BELOW,XUYEN_THAT,XUYEN_THAT,1,true,false,1,false
XRPUSDT,571,7,2,BELOW,GIU,XUYEN_THAT,0,false,false,,
XRPUSDT,572,3,1,BELOW,XUYEN_THAT,XUYEN_THAT,1,true,false,7,false
XRPUSDT,574,1,1,BELOW,GIU,CHAN,0,false,false,,
XRPUSDT,575,2,1,ABOVE,GIU,CHAN,3,false,false,,
XRPUSDT,576,4,2,BELOW,PHA_GIA,CHAN,2,true,true,7,false
XRPUSDT,577,17,2,ABOVE,PHA_GIA,XUYEN_THAT,2,true,true,2,false
XRPUSDT,578,1,1,ABOVE,GIU,CHAN,1,false,false,,
XRPUSDT,580,9,2,BELOW,XUYEN_THAT,XUYEN_THAT,1,true,false,6,false
XRPUSDT,581,2,1,BELOW,GIU,CHAN,4,false,false,,
XRPUSDT,583,2,1,BELOW,GIU,CHAN,1,false,false,,
XRPUSDT,584,2,1,ABOVE,GIU,CHAN,1,false,false,,
XRPUSDT,585,2,1,ABOVE,GIU,CHAN,2,false,false,,
XRPUSDT,586,10,2,ABOVE,PHA_GIA,XUYEN_THAT,1,true,true,4,false
XRPUSDT,587,3,1,BELOW,GIU,CHAN,2,false,false,,
XRPUSDT,588,4,1,ABOVE,GIU,CHAN,1,false,false,,
XRPUSDT,590,8,2,ABOVE,XUYEN_THAT,XUYEN_THAT,2,true,false,8,false
XRPUSDT,591,6,2,BELOW,PHA_GIA,XUYEN_THAT,2,true,true,3,false
XRPUSDT,592,12,2,BELOW,GIU,XUYEN_THAT,2,false,false,,
XRPUSDT,593,15,2,BELOW,GIU,XUYEN_THAT,1,false,false,,
XRPUSDT,594,30,2,BELOW,XUYEN_THAT,XUYEN_THAT,1,true,false,1,true
XRPUSDT,595,1,1,BELOW,GIU,CHAN,1,false,false,,
XRPUSDT,597,17,2,ABOVE,GIU,XUYEN_THAT,3,false,false,,
XRPUSDT,598,10,1,BELOW,GIU,CHAN,0,false,false,,
XRPUSDT,599,8,2,BELOW,GIU,XUYEN_THAT,1,false,false,,
XRPUSDT,600,1,1,BELOW,GIU,CHAN,2,false,false,,
XRPUSDT,601,1,1,ABOVE,GIU,CHAN,0,false,false,,
XRPUSDT,602,5,2,BELOW,GIU,XUYEN_THAT,0,false,false,,
XRPUSDT,603,10,1,BELOW,GIU,CHAN,3,false,false,,
XRPUSDT,605,1,1,BELOW,GIU,CHAN,1,false,false,,
XRPUSDT,606,3,1,ABOVE,GIU,CHAN,4,false,false,,
XRPUSDT,607,9,2,BELOW,PHA_GIA,XUYEN_THAT,0,true,true,0,false
XRPUSDT,610,15,2,ABOVE,PHA_GIA,XUYEN_THAT,1,true,true,1,false
XRPUSDT,611,14,2,ABOVE,PHA_GIA,XUYEN_THAT,0,true,true,0,false
XRPUSDT,612,3,2,BELOW,XUYEN_THAT,XUYEN_THAT,2,true,false,4,false
XRPUSDT,613,9,2,BELOW,PHA_GIA,XUYEN_THAT,1,true,true,1,false
XRPUSDT,618,3,2,ABOVE,PHA_GIA,CHAN,2,true,true,4,false
XRPUSDT,619,14,2,BELOW,PHA_GIA,XUYEN_THAT,2,true,true,8,false
XRPUSDT,620,1,1,ABOVE,GIU,CHAN,2,false,false,,
XRPUSDT,622,2,2,ABOVE,XUYEN_THAT,XUYEN_THAT,0,true,false,1,false
XRPUSDT,623,2,1,BELOW,GIU,CHAN,1,false,false,,
XRPUSDT,624,11,2,BELOW,PHA_GIA,XUYEN_THAT,3,true,true,7,false
XRPUSDT,626,9,2,BELOW,GIU,XUYEN_THAT,3,false,false,,
XRPUSDT,627,2,2,BELOW,PHA_GIA,XUYEN_THAT,3,true,true,1,false
XRPUSDT,628,1,1,ABOVE,XUYEN_THAT,XUYEN_THAT,1,true,false,2,false
XRPUSDT,630,4,2,ABOVE,GIU,XUYEN_THAT,2,false,false,,
XRPUSDT,631,22,2,ABOVE,GIU,XUYEN_THAT,2,false,false,,
XRPUSDT,632,9,2,ABOVE,GIU,XUYEN_THAT,2,false,false,,
XRPUSDT,634,9,2,ABOVE,GIU,XUYEN_THAT,2,false,false,,
XRPUSDT,635,2,2,ABOVE,XUYEN_THAT,XUYEN_THAT,2,true,false,4,false
XRPUSDT,636,14,2,BELOW,PHA_GIA,XUYEN_THAT,2,true,true,4,false
XRPUSDT,637,17,2,ABOVE,PHA_GIA,XUYEN_THAT,1,true,true,1,false
XRPUSDT,638,4,2,BELOW,XUYEN_THAT,XUYEN_THAT,3,true,false,4,false
XRPUSDT,641,1,1,ABOVE,XUYEN_THAT,XUYEN_THAT,2,true,false,4,false
XRPUSDT,644,7,2,BELOW,XUYEN_THAT,XUYEN_THAT,1,true,false,1,false
XRPUSDT,645,8,1,BELOW,GIU,CHAN,4,false,false,,
XRPUSDT,646,8,2,BELOW,PHA_GIA,XUYEN_THAT,1,true,true,0,false
XRPUSDT,647,6,2,BELOW,GIU,CHAN,4,false,false,,
XRPUSDT,648,2,1,BELOW,GIU,CHAN,0,false,false,,
XRPUSDT,649,4,1,ABOVE,GIU,CHAN,3,false,false,,
XRPUSDT,651,21,2,BELOW,GIU,CHAN,1,false,false,,
XRPUSDT,652,1,1,BELOW,GIU,CHAN,3,false,false,,
XRPUSDT,653,6,1,ABOVE,GIU,CHAN,1,false,false,,
XRPUSDT,654,5,2,BELOW,PHA_GIA,CHAN,3,true,true,6,true
XRPUSDT,655,8,2,ABOVE,GIU,CHAN,3,false,false,,
XRPUSDT,656,2,1,BELOW,GIU,CHAN,3,false,false,,
XRPUSDT,657,13,2,BELOW,GIU,XUYEN_THAT,1,false,false,,
XRPUSDT,658,9,2,ABOVE,GIU,CHAN,1,false,false,,
XRPUSDT,662,6,2,ABOVE,XUYEN_THAT,XUYEN_THAT,2,true,false,3,false
XRPUSDT,664,1,1,ABOVE,XUYEN_THAT,XUYEN_THAT,2,true,false,2,false
XRPUSDT,665,2,1,BELOW,PHA_GIA,CHAN,3,true,true,3,false
XRPUSDT,667,2,1,BELOW,XUYEN_THAT,XUYEN_THAT,2,true,false,4,false
XRPUSDT,668,21,2,BELOW,GIU,XUYEN_THAT,1,false,false,,
XRPUSDT,669,4,2,ABOVE,PHA_GIA,XUYEN_THAT,1,true,true,8,false
XRPUSDT,670,5,2,BELOW,PHA_GIA,XUYEN_THAT,1,true,true,2,false
XRPUSDT,671,5,2,BELOW,PHA_GIA,XUYEN_THAT,1,true,true,5,false
XRPUSDT,672,5,2,ABOVE,PHA_GIA,XUYEN_THAT,1,true,true,4,false
XRPUSDT,673,19,2,ABOVE,GIU,XUYEN_THAT,1,false,false,,
XRPUSDT,674,2,1,ABOVE,GIU,CHAN,2,false,false,,
XRPUSDT,676,3,1,BELOW,GIU,CHAN,1,false,false,,
XRPUSDT,677,12,1,BELOW,GIU,CHAN,1,false,false,,
XRPUSDT,679,15,2,ABOVE,GIU,XUYEN_THAT,0,false,false,,
XRPUSDT,682,1,1,BELOW,GIU,CHAN,0,false,false,,
XRPUSDT,684,5,1,ABOVE,GIU,CHAN,0,false,false,,
XRPUSDT,686,5,2,ABOVE,XUYEN_THAT,XUYEN_THAT,2,true,false,4,false
XRPUSDT,687,12,2,BELOW,PHA_GIA,XUYEN_THAT,2,true,true,4,false
XRPUSDT,688,4,2,BELOW,PHA_GIA,XUYEN_THAT,2,true,true,1,false
XRPUSDT,691,8,2,BELOW,GIU,XUYEN_THAT,1,false,false,,
XRPUSDT,692,1,1,ABOVE,GIU,CHAN,2,false,false,,
XRPUSDT,693,1,1,ABOVE,GIU,CHAN,1,false,false,,
XRPUSDT,694,6,1,ABOVE,GIU,CHAN,3,false,false,,
XRPUSDT,695,26,2,BELOW,XUYEN_THAT,XUYEN_THAT,2,true,false,3,false
XRPUSDT,696,1,1,BELOW,XUYEN_THAT,XUYEN_THAT,2,true,false,2,false
XRPUSDT,697,4,1,BELOW,GIU,CHAN,1,false,false,,
XRPUSDT,698,5,2,BELOW,PHA_GIA,XUYEN_THAT,3,true,true,4,false
XRPUSDT,699,6,2,BELOW,PHA_GIA,XUYEN_THAT,1,true,true,3,false
XRPUSDT,700,8,2,ABOVE,GIU,XUYEN_THAT,0,false,false,,
XRPUSDT,701,6,2,ABOVE,GIU,XUYEN_THAT,3,false,false,,
XRPUSDT,702,3,1,BELOW,GIU,CHAN,2,false,false,,
XRPUSDT,703,7,2,ABOVE,PHA_GIA,XUYEN_THAT,2,true,true,3,false
XRPUSDT,704,1,1,BELOW,XUYEN_THAT,XUYEN_THAT,0,true,false,0,false
XRPUSDT,705,1,1,ABOVE,GIU,CHAN,2,false,false,,
XRPUSDT,706,2,1,BELOW,XUYEN_THAT,XUYEN_THAT,0,true,false,0,false
XRPUSDT,707,9,2,BELOW,XUYEN_THAT,XUYEN_THAT,1,true,false,1,false
XRPUSDT,708,4,1,ABOVE,GIU,CHAN,0,false,false,,
XRPUSDT,709,2,1,ABOVE,GIU,CHAN,1,false,false,,
XRPUSDT,712,2,1,BELOW,GIU,CHAN,4,false,false,,
XRPUSDT,713,18,2,ABOVE,PHA_GIA,XUYEN_THAT,2,true,true,6,false
XRPUSDT,714,2,1,BELOW,XUYEN_THAT,XUYEN_THAT,1,true,false,4,false
XRPUSDT,717,2,1,BELOW,GIU,CHAN,2,false,false,,
XRPUSDT,718,18,2,ABOVE,PHA_GIA,XUYEN_THAT,1,true,true,6,false
XRPUSDT,719,5,2,ABOVE,GIU,CHAN,3,false,false,,
XRPUSDT,721,3,2,BELOW,XUYEN_THAT,XUYEN_THAT,1,true,false,1,false
XRPUSDT,723,16,2,BELOW,PHA_GIA,XUYEN_THAT,3,true,true,5,false
XRPUSDT,724,9,1,ABOVE,GIU,CHAN,4,false,false,,
XRPUSDT,725,1,1,BELOW,XUYEN_THAT,XUYEN_THAT,0,true,false,0,false
XRPUSDT,726,6,2,BELOW,PHA_GIA,XUYEN_THAT,2,true,true,5,false
XRPUSDT,727,9,2,ABOVE,GIU,XUYEN_THAT,1,false,false,,
XRPUSDT,728,7,2,ABOVE,XUYEN_THAT,XUYEN_THAT,1,true,false,4,false
XRPUSDT,730,8,1,BELOW,GIU,CHAN,4,false,false,,
XRPUSDT,731,1,1,BELOW,XUYEN_THAT,XUYEN_THAT,1,true,false,1,false
XRPUSDT,732,15,2,ABOVE,GIU,XUYEN_THAT,2,false,false,,
XRPUSDT,734,12,2,BELOW,PHA_GIA,XUYEN_THAT,1,true,true,8,false
XRPUSDT,735,9,2,BELOW,XUYEN_THAT,XUYEN_THAT,1,true,false,4,false
XRPUSDT,736,3,1,ABOVE,PHA_GIA,CHAN,1,true,true,8,false
XRPUSDT,737,6,2,BELOW,GIU,CHAN,2,false,false,,
XRPUSDT,738,3,1,ABOVE,GIU,CHAN,3,false,false,,
XRPUSDT,739,22,2,BELOW,XUYEN_THAT,XUYEN_THAT,0,true,false,0,false
XRPUSDT,740,1,1,ABOVE,GIU,CHAN,1,false,false,,
XRPUSDT,742,11,2,BELOW,GIU,XUYEN_THAT,1,false,false,,
XRPUSDT,743,17,2,BELOW,GIU,XUYEN_THAT,2,false,false,,
XRPUSDT,744,9,1,ABOVE,GIU,CHAN,2,false,false,,
XRPUSDT,746,1,1,BELOW,GIU,CHAN,1,false,false,,
XRPUSDT,748,1,1,ABOVE,GIU,CHAN,1,false,false,,
XRPUSDT,749,3,1,ABOVE,GIU,CHAN,3,false,false,,
XRPUSDT,750,9,2,ABOVE,GIU,XUYEN_THAT,1,false,false,,
XRPUSDT,751,6,2,ABOVE,GIU,XUYEN_THAT,2,false,false,,
XRPUSDT,753,3,1,BELOW,GIU,CHAN,2,false,false,,
XRPUSDT,754,4,1,BELOW,GIU,CHAN,1,false,false,,
XRPUSDT,757,15,2,BELOW,GIU,XUYEN_THAT,1,false,false,,
XRPUSDT,758,30,2,ABOVE,GIU,XUYEN_THAT,1,false,false,,
XRPUSDT,759,37,2,ABOVE,GIU,XUYEN_THAT,2,false,false,,
XRPUSDT,760,24,2,ABOVE,GIU,XUYEN_THAT,3,false,false,,
XRPUSDT,763,2,2,ABOVE,PHA_GIA,CHAN,1,true,true,2,false
XRPUSDT,765,2,1,ABOVE,GIU,CHAN,2,false,false,,
XRPUSDT,767,18,2,BELOW,PHA_GIA,XUYEN_THAT,1,true,true,8,false
XRPUSDT,768,5,2,BELOW,GIU,XUYEN_THAT,4,false,false,,
XRPUSDT,769,6,2,ABOVE,XUYEN_THAT,XUYEN_THAT,1,true,false,3,false
XRPUSDT,770,2,1,BELOW,GIU,CHAN,2,false,false,,
XRPUSDT,772,3,2,ABOVE,GIU,XUYEN_THAT,1,false,false,,
XRPUSDT,773,2,1,ABOVE,GIU,CHAN,3,false,false,,
XRPUSDT,774,2,2,ABOVE,PHA_GIA,XUYEN_THAT,2,true,true,3,false
XRPUSDT,775,2,2,ABOVE,PHA_GIA,CHAN,0,true,true,1,false
XRPUSDT,776,13,2,BELOW,PHA_GIA,XUYEN_THAT,3,true,true,2,false
XRPUSDT,778,33,2,BELOW,GIU,XUYEN_THAT,2,false,false,,
XRPUSDT,780,1,1,BELOW,PHA_GIA,CHAN,3,true,true,3,false
XRPUSDT,781,8,2,BELOW,GIU,XUYEN_THAT,1,false,false,,
XRPUSDT,782,9,2,BELOW,PHA_GIA,XUYEN_THAT,2,true,true,4,false
XRPUSDT,784,28,2,BELOW,GIU,CHAN,3,false,false,,
XRPUSDT,785,1,1,BELOW,GIU,CHAN,2,false,false,,
XRPUSDT,786,16,2,BELOW,PHA_GIA,XUYEN_THAT,2,true,true,4,false
XRPUSDT,787,4,2,BELOW,XUYEN_THAT,XUYEN_THAT,2,true,false,1,false
XRPUSDT,788,5,2,ABOVE,GIU,XUYEN_THAT,1,false,false,,
XRPUSDT,789,8,1,BELOW,GIU,CHAN,2,false,false,,
XRPUSDT,790,3,2,ABOVE,GIU,CHAN,4,false,false,,
XRPUSDT,791,20,2,BELOW,GIU,CHAN,5,false,false,,
XRPUSDT,792,7,2,ABOVE,GIU,CHAN,0,false,false,,
XRPUSDT,793,5,2,BELOW,XUYEN_THAT,XUYEN_THAT,2,true,false,1,false
XRPUSDT,794,16,2,ABOVE,PHA_GIA,XUYEN_THAT,3,true,true,3,false
XRPUSDT,795,15,2,BELOW,GIU,CHAN,0,false,false,,
XRPUSDT,797,4,2,ABOVE,XUYEN_THAT,XUYEN_THAT,1,true,false,2,false
XRPUSDT,798,9,2,BELOW,GIU,CHAN,1,false,false,,
XRPUSDT,799,4,2,ABOVE,XUYEN_THAT,XUYEN_THAT,0,true,false,0,false
XRPUSDT,800,16,2,BELOW,XUYEN_THAT,XUYEN_THAT,2,true,false,1,false
XRPUSDT,801,11,2,BELOW,GIU,XUYEN_THAT,3,false,false,,
XRPUSDT,802,17,2,BELOW,XUYEN_THAT,XUYEN_THAT,0,true,false,1,false
XRPUSDT,803,6,2,ABOVE,GIU,CHAN,1,false,false,,
XRPUSDT,804,11,2,BELOW,GIU,XUYEN_THAT,2,false,false,,
XRPUSDT,805,3,2,ABOVE,PHA_GIA,CHAN,0,true,true,5,false
XRPUSDT,806,9,2,ABOVE,GIU,CHAN,2,false,false,,
XRPUSDT,807,6,2,BELOW,PHA_GIA,CHAN,1,true,true,1,false
XRPUSDT,808,8,1,BELOW,GIU,CHAN,2,false,false,,
XRPUSDT,809,6,2,ABOVE,GIU,XUYEN_THAT,3,false,false,,
XRPUSDT,810,4,2,BELOW,GIU,XUYEN_THAT,3,false,false,,
XRPUSDT,811,8,2,BELOW,PHA_GIA,XUYEN_THAT,1,true,true,6,false
XRPUSDT,812,9,2,ABOVE,GIU,XUYEN_THAT,2,false,false,,
XRPUSDT,813,12,2,BELOW,PHA_GIA,XUYEN_THAT,2,true,true,1,false
XRPUSDT,814,8,2,BELOW,XUYEN_THAT,XUYEN_THAT,0,true,false,0,false
XRPUSDT,815,4,2,BELOW,PHA_GIA,CHAN,1,true,true,1,false
XRPUSDT,817,6,2,ABOVE,GIU,XUYEN_THAT,1,false,false,,
XRPUSDT,818,7,2,ABOVE,PHA_GIA,CHAN,3,true,true,2,false
XRPUSDT,819,16,2,ABOVE,GIU,XUYEN_THAT,3,false,false,,
XRPUSDT,820,4,2,ABOVE,PHA_GIA,CHAN,0,true,true,8,false
XRPUSDT,821,2,2,BELOW,PHA_GIA,XUYEN_THAT,0,true,true,0,false
XRPUSDT,822,9,2,ABOVE,GIU,CHAN,1,false,false,,
XRPUSDT,825,10,2,BELOW,XUYEN_THAT,XUYEN_THAT,1,true,false,6,false
XRPUSDT,826,5,1,ABOVE,GIU,XUYEN_THAT,2,false,false,,
XRPUSDT,829,9,2,ABOVE,GIU,XUYEN_THAT,1,false,false,,
XRPUSDT,830,42,2,ABOVE,XUYEN_THAT,XUYEN_THAT,3,true,false,6,false
XRPUSDT,831,10,2,ABOVE,GIU,XUYEN_THAT,1,false,false,,
XRPUSDT,832,9,2,BELOW,GIU,XUYEN_THAT,2,false,false,,
XRPUSDT,833,4,1,BELOW,GIU,CHAN,3,false,false,,
XRPUSDT,834,1,1,BELOW,XUYEN_THAT,XUYEN_THAT,1,true,false,0,false
XRPUSDT,835,2,2,BELOW,PHA_GIA,CHAN,1,true,true,1,false
XRPUSDT,836,8,2,ABOVE,GIU,XUYEN_THAT,1,false,false,,
XRPUSDT,837,5,1,BELOW,GIU,CHAN,1,false,false,,
XRPUSDT,838,5,2,BELOW,GIU,XUYEN_THAT,0,false,false,,
XRPUSDT,839,6,2,BELOW,XUYEN_THAT,XUYEN_THAT,1,true,false,8,false
XRPUSDT,842,8,2,BELOW,GIU,XUYEN_THAT,3,false,false,,
XRPUSDT,843,4,1,BELOW,GIU,CHAN,1,false,false,,
XRPUSDT,844,1,1,BELOW,GIU,CHAN,3,false,false,,
XRPUSDT,845,2,2,BELOW,PHA_GIA,XUYEN_THAT,0,true,true,0,false
XRPUSDT,846,8,2,BELOW,PHA_GIA,XUYEN_THAT,2,true,true,0,false
XRPUSDT,847,9,2,BELOW,GIU,XUYEN_THAT,2,false,false,,
XRPUSDT,848,2,1,BELOW,GIU,CHAN,2,false,false,,
XRPUSDT,849,2,1,BELOW,GIU,CHAN,1,false,false,,
XRPUSDT,850,20,2,BELOW,GIU,XUYEN_THAT,3,false,false,,
XRPUSDT,851,2,1,ABOVE,GIU,CHAN,2,false,false,,
XRPUSDT,852,12,2,ABOVE,PHA_GIA,XUYEN_THAT,3,true,true,4,false
XRPUSDT,853,11,1,ABOVE,GIU,CHAN,1,false,false,,
XRPUSDT,854,14,2,BELOW,GIU,XUYEN_THAT,3,false,false,,
XRPUSDT,855,2,1,BELOW,GIU,CHAN,2,false,false,,
XRPUSDT,857,8,2,BELOW,PHA_GIA,XUYEN_THAT,2,true,true,4,false
XRPUSDT,858,7,2,BELOW,PHA_GIA,XUYEN_THAT,2,true,true,1,false
XRPUSDT,862,1,1,BELOW,GIU,CHAN,2,false,false,,
XRPUSDT,863,6,2,ABOVE,XUYEN_THAT,XUYEN_THAT,0,true,false,1,false
XRPUSDT,866,18,2,BELOW,XUYEN_THAT,XUYEN_THAT,3,true,false,6,false
XRPUSDT,867,11,2,ABOVE,GIU,CHAN,4,false,false,,
XRPUSDT,869,16,2,BELOW,XUYEN_THAT,XUYEN_THAT,3,true,false,1,false
XRPUSDT,870,9,2,ABOVE,XUYEN_THAT,XUYEN_THAT,1,true,false,1,false
XRPUSDT,872,4,1,BELOW,GIU,CHAN,2,false,false,,
XRPUSDT,873,13,2,ABOVE,XUYEN_THAT,XUYEN_THAT,0,true,false,4,false
XRPUSDT,874,1,1,ABOVE,GIU,CHAN,4,false,false,,
XRPUSDT,875,25,2,BELOW,XUYEN_THAT,XUYEN_THAT,1,true,false,3,false
XRPUSDT,876,2,1,ABOVE,GIU,CHAN,3,false,false,,
XRPUSDT,877,14,2,ABOVE,GIU,XUYEN_THAT,0,false,false,,
XRPUSDT,878,11,2,ABOVE,PHA_GIA,XUYEN_THAT,2,true,true,4,false
XRPUSDT,879,2,1,ABOVE,GIU,CHAN,1,false,false,,
XRPUSDT,880,2,2,ABOVE,PHA_GIA,XUYEN_THAT,2,true,true,3,false
XRPUSDT,881,10,2,BELOW,XUYEN_THAT,XUYEN_THAT,1,true,false,3,false
XRPUSDT,882,5,2,BELOW,PHA_GIA,CHAN,1,true,true,8,false
XRPUSDT,883,8,2,BELOW,GIU,XUYEN_THAT,2,false,false,,
XRPUSDT,884,13,2,ABOVE,PHA_GIA,XUYEN_THAT,1,true,true,1,false
XRPUSDT,885,3,1,BELOW,GIU,CHAN,1,false,false,,
XRPUSDT,886,25,2,BELOW,GIU,XUYEN_THAT,2,false,false,,
XRPUSDT,887,3,2,BELOW,PHA_GIA,XUYEN_THAT,2,true,true,6,false
XRPUSDT,888,20,2,BELOW,PHA_GIA,XUYEN_THAT,2,true,true,5,false
XRPUSDT,889,6,2,ABOVE,GIU,XUYEN_THAT,2,false,false,,
XRPUSDT,890,8,2,BELOW,GIU,CHAN,3,false,false,,
XRPUSDT,891,11,2,BELOW,GIU,XUYEN_THAT,2,false,false,,
XRPUSDT,894,43,2,BELOW,PHA_GIA,XUYEN_THAT,1,true,true,4,false
XRPUSDT,895,7,2,ABOVE,GIU,XUYEN_THAT,2,false,false,,
XRPUSDT,896,23,2,BELOW,GIU,XUYEN_THAT,3,false,false,,
XRPUSDT,897,8,2,ABOVE,GIU,CHAN,3,false,false,,
XRPUSDT,898,1,1,ABOVE,GIU,CHAN,4,false,false,,
XRPUSDT,899,3,2,BELOW,XUYEN_THAT,XUYEN_THAT,1,true,false,2,false
XRPUSDT,900,7,2,BELOW,PHA_GIA,XUYEN_THAT,2,true,true,1,false
XRPUSDT,901,16,2,BELOW,GIU,CHAN,2,false,false,,
XRPUSDT,903,18,2,BELOW,GIU,XUYEN_THAT,3,false,false,,
XRPUSDT,906,2,2,BELOW,PHA_GIA,XUYEN_THAT,1,true,true,1,false
XRPUSDT,907,26,2,ABOVE,PHA_GIA,XUYEN_THAT,2,true,true,6,false
XRPUSDT,908,15,2,ABOVE,PHA_GIA,XUYEN_THAT,0,true,true,0,false
XRPUSDT,909,9,1,BELOW,GIU,CHAN,3,false,false,,
XRPUSDT,910,1,1,BELOW,GIU,CHAN,3,false,false,,
XRPUSDT,912,5,1,ABOVE,GIU,CHAN,2,false,false,,
XRPUSDT,913,5,1,BELOW,GIU,CHAN,3,false,false,,
XRPUSDT,914,29,2,BELOW,GIU,XUYEN_THAT,3,false,false,,
XRPUSDT,915,20,2,ABOVE,GIU,XUYEN_THAT,1,false,false,,
XRPUSDT,916,10,2,BELOW,PHA_GIA,XUYEN_THAT,3,true,true,1,false
XRPUSDT,917,39,2,BELOW,PHA_GIA,XUYEN_THAT,2,true,true,8,false
XRPUSDT,919,3,1,BELOW,GIU,CHAN,1,false,false,,
XRPUSDT,921,1,1,BELOW,GIU,CHAN,2,false,false,,
XRPUSDT,922,1,1,BELOW,GIU,CHAN,2,false,false,,
XRPUSDT,923,44,2,ABOVE,GIU,XUYEN_THAT,3,false,false,,
XRPUSDT,924,17,2,ABOVE,GIU,XUYEN_THAT,2,false,false,,
XRPUSDT,925,12,2,ABOVE,PHA_GIA,XUYEN_THAT,3,true,true,7,false
XRPUSDT,928,3,2,BELOW,GIU,CHAN,2,false,false,,
XRPUSDT,929,1,1,ABOVE,GIU,CHAN,3,false,false,,
XRPUSDT,930,9,2,ABOVE,GIU,XUYEN_THAT,2,false,false,,
XRPUSDT,931,6,1,BELOW,GIU,CHAN,2,false,false,,
XRPUSDT,932,16,2,BELOW,GIU,XUYEN_THAT,3,false,false,,
XRPUSDT,935,3,1,ABOVE,GIU,XUYEN_THAT,2,false,false,,
XRPUSDT,937,5,2,ABOVE,XUYEN_THAT,XUYEN_THAT,2,true,false,2,false
XRPUSDT,938,3,2,ABOVE,XUYEN_THAT,XUYEN_THAT,3,true,false,6,false
XRPUSDT,939,1,1,BELOW,GIU,CHAN,2,false,false,,
XRPUSDT,940,4,2,BELOW,GIU,CHAN,2,false,false,,
XRPUSDT,942,12,2,ABOVE,PHA_GIA,XUYEN_THAT,2,true,true,2,false
XRPUSDT,943,13,2,BELOW,GIU,XUYEN_THAT,1,false,false,,
XRPUSDT,944,5,2,ABOVE,PHA_GIA,XUYEN_THAT,2,true,true,2,false
XRPUSDT,945,5,1,ABOVE,GIU,CHAN,2,false,false,,
XRPUSDT,946,12,2,BELOW,XUYEN_THAT,XUYEN_THAT,0,true,false,0,false
XRPUSDT,947,5,1,BELOW,GIU,CHAN,2,false,false,,
XRPUSDT,948,36,2,ABOVE,XUYEN_THAT,XUYEN_THAT,0,true,false,4,false
XRPUSDT,950,5,2,BELOW,XUYEN_THAT,XUYEN_THAT,1,true,false,1,false
XRPUSDT,951,4,2,BELOW,GIU,CHAN,3,false,false,,
XRPUSDT,952,4,1,ABOVE,GIU,CHAN,2,false,false,,
XRPUSDT,953,3,2,ABOVE,PHA_GIA,CHAN,2,true,true,5,false
XRPUSDT,955,11,2,ABOVE,PHA_GIA,XUYEN_THAT,4,true,true,2,false
XRPUSDT,957,36,2,ABOVE,GIU,XUYEN_THAT,3,false,false,,
XRPUSDT,958,4,2,ABOVE,GIU,XUYEN_THAT,1,false,false,,
XRPUSDT,959,1,1,ABOVE,GIU,CHAN,2,false,false,,
XRPUSDT,960,13,2,ABOVE,GIU,XUYEN_THAT,2,false,false,,
XRPUSDT,961,30,2,BELOW,GIU,XUYEN_THAT,3,false,false,,
XRPUSDT,963,28,2,BELOW,GIU,XUYEN_THAT,3,false,false,,
XRPUSDT,964,23,2,ABOVE,PHA_GIA,XUYEN_THAT,2,true,true,0,false
XRPUSDT,965,3,2,ABOVE,PHA_GIA,CHAN,1,true,true,2,false
XRPUSDT,966,15,2,ABOVE,XUYEN_THAT,XUYEN_THAT,1,true,false,0,false
XRPUSDT,967,37,2,BELOW,GIU,XUYEN_THAT,4,false,false,,
XRPUSDT,968,30,2,ABOVE,GIU,XUYEN_THAT,2,false,false,,
XRPUSDT,969,4,1,ABOVE,GIU,CHAN,2,false,false,,
XRPUSDT,970,6,2,BELOW,GIU,XUYEN_THAT,1,false,false,,
XRPUSDT,971,19,2,BELOW,XUYEN_THAT,XUYEN_THAT,3,true,false,6,false
XRPUSDT,972,12,2,BELOW,GIU,XUYEN_THAT,1,false,false,,
XRPUSDT,974,2,1,BELOW,GIU,CHAN,1,false,false,,
XRPUSDT,975,3,1,BELOW,GIU,XUYEN_THAT,3,false,false,,
XRPUSDT,976,5,2,ABOVE,GIU,XUYEN_THAT,2,false,false,,
XRPUSDT,978,1,1,ABOVE,GIU,CHAN,2,false,false,,
XRPUSDT,979,2,1,ABOVE,GIU,CHAN,4,false,false,,
XRPUSDT,980,1,1,ABOVE,GIU,CHAN,3,false,false,,
XRPUSDT,981,3,1,BELOW,GIU,CHAN,2,false,false,,
XRPUSDT,982,3,2,BELOW,PHA_GIA,CHAN,3,true,true,6,false
XRPUSDT,985,7,2,ABOVE,PHA_GIA,XUYEN_THAT,0,true,true,7,false
XRPUSDT,986,21,2,ABOVE,GIU,XUYEN_THAT,2,false,false,,
XRPUSDT,987,12,2,ABOVE,XUYEN_THAT,XUYEN_THAT,1,true,false,1,false
XRPUSDT,988,9,2,BELOW,PHA_GIA,XUYEN_THAT,3,true,true,1,false
XRPUSDT,989,1,1,BELOW,XUYEN_THAT,XUYEN_THAT,1,true,false,2,false
XRPUSDT,990,18,2,ABOVE,PHA_GIA,CHAN,2,true,true,2,false
XRPUSDT,991,4,2,ABOVE,XUYEN_THAT,XUYEN_THAT,2,true,false,4,false
XRPUSDT,992,1,1,BELOW,PHA_GIA,CHAN,1,true,true,2,false
XRPUSDT,993,3,2,BELOW,GIU,XUYEN_THAT,2,false,false,,
XRPUSDT,994,10,2,ABOVE,XUYEN_THAT,XUYEN_THAT,3,true,false,4,false
XRPUSDT,995,1,1,BELOW,GIU,CHAN,3,false,false,,
XRPUSDT,996,4,2,BELOW,PHA_GIA,CHAN,3,true,true,2,false
XRPUSDT,997,11,2,ABOVE,GIU,XUYEN_THAT,2,false,false,,
XRPUSDT,998,25,2,BELOW,GIU,XUYEN_THAT,2,false,false,,
XRPUSDT,999,5,2,BELOW,XUYEN_THAT,XUYEN_THAT,0,true,false,3,false
XRPUSDT,1000,7,2,BELOW,PHA_GIA,XUYEN_THAT,2,true,true,4,false
XRPUSDT,1001,5,1,BELOW,GIU,CHAN,3,false,false,,
XRPUSDT,1002,1,1,BELOW,GIU,CHAN,3,false,false,,
XRPUSDT,1006,6,1,ABOVE,GIU,CHAN,4,false,false,,
XRPUSDT,1007,2,1,ABOVE,GIU,CHAN,4,false,false,,
XRPUSDT,1008,14,2,ABOVE,GIU,XUYEN_THAT,3,false,false,,
XRPUSDT,1010,17,2,ABOVE,PHA_GIA,XUYEN_THAT,3,true,true,3,false
XRPUSDT,1011,3,1,BELOW,GIU,CHAN,1,false,false,,
XRPUSDT,1013,6,1,ABOVE,GIU,XUYEN_THAT,1,false,false,,
XRPUSDT,1014,8,2,ABOVE,XUYEN_THAT,XUYEN_THAT,2,true,false,2,false
XRPUSDT,1015,6,2,BELOW,GIU,CHAN,2,false,false,,
XRPUSDT,1017,10,2,BELOW,GIU,XUYEN_THAT,1,false,false,,
XRPUSDT,1018,8,2,BELOW,XUYEN_THAT,XUYEN_THAT,1,true,false,1,false
XRPUSDT,1019,5,2,ABOVE,GIU,XUYEN_THAT,2,false,false,,
XRPUSDT,1020,7,2,ABOVE,PHA_GIA,XUYEN_THAT,1,true,true,2,false
XRPUSDT,1022,1,1,ABOVE,GIU,CHAN,1,false,false,,
XRPUSDT,1023,15,2,ABOVE,PHA_GIA,XUYEN_THAT,1,true,true,1,false
XRPUSDT,1024,2,1,BELOW,GIU,CHAN,2,false,false,,
XRPUSDT,1026,4,2,BELOW,GIU,CHAN,1,false,false,,
XRPUSDT,1027,3,1,BELOW,GIU,CHAN,3,false,false,,
XRPUSDT,1028,4,1,BELOW,GIU,CHAN,1,false,false,,
XRPUSDT,1029,1,1,ABOVE,GIU,CHAN,0,false,false,,
XRPUSDT,1030,8,2,ABOVE,PHA_GIA,XUYEN_THAT,3,true,true,3,false
XRPUSDT,1031,4,2,BELOW,GIU,XUYEN_THAT,1,false,false,,
XRPUSDT,1032,1,1,BELOW,GIU,CHAN,4,false,false,,
XRPUSDT,1033,9,1,ABOVE,GIU,XUYEN_THAT,2,false,false,,
XRPUSDT,1037,13,2,BELOW,PHA_GIA,XUYEN_THAT,1,true,true,6,false
XRPUSDT,1038,21,2,ABOVE,GIU,XUYEN_THAT,3,false,false,,
XRPUSDT,1039,4,2,BELOW,GIU,XUYEN_THAT,1,false,false,,
XRPUSDT,1040,11,2,ABOVE,GIU,CHAN,1,false,false,,
XRPUSDT,1041,13,2,ABOVE,GIU,XUYEN_THAT,2,false,false,,
XRPUSDT,1043,14,2,BELOW,PHA_GIA,XUYEN_THAT,0,true,true,3,false
XRPUSDT,1044,15,2,BELOW,GIU,XUYEN_THAT,3,false,false,,
XRPUSDT,1045,18,2,ABOVE,GIU,XUYEN_THAT,3,false,false,,
XRPUSDT,1047,31,2,ABOVE,PHA_GIA,XUYEN_THAT,1,true,true,2,false
XRPUSDT,1048,28,2,BELOW,PHA_GIA,XUYEN_THAT,0,true,true,0,false
XRPUSDT,1049,5,1,ABOVE,GIU,CHAN,3,false,false,,
XRPUSDT,1051,5,2,BELOW,XUYEN_THAT,XUYEN_THAT,2,true,false,2,false
XRPUSDT,1052,2,2,BELOW,PHA_GIA,CHAN,2,true,true,1,false
XRPUSDT,1053,8,2,BELOW,PHA_GIA,XUYEN_THAT,1,true,true,8,false
XRPUSDT,1054,3,2,ABOVE,PHA_GIA,XUYEN_THAT,1,true,true,7,false
XRPUSDT,1057,5,2,BELOW,PHA_GIA,XUYEN_THAT,1,true,true,0,false
XRPUSDT,1060,1,1,ABOVE,GIU,CHAN,2,false,false,,
XRPUSDT,1061,3,2,ABOVE,XUYEN_THAT,XUYEN_THAT,1,true,false,2,false
XRPUSDT,1063,6,2,BELOW,GIU,XUYEN_THAT,2,false,false,,
XRPUSDT,1064,10,2,BELOW,PHA_GIA,XUYEN_THAT,2,true,true,2,false
XRPUSDT,1065,3,1,ABOVE,PHA_GIA,CHAN,1,true,true,7,false
XRPUSDT,1069,6,2,BELOW,XUYEN_THAT,XUYEN_THAT,1,true,false,6,false
XRPUSDT,1070,2,1,ABOVE,GIU,CHAN,1,false,false,,
XRPUSDT,1071,1,1,ABOVE,PHA_GIA,CHAN,0,true,true,0,false
XRPUSDT,1073,2,1,BELOW,XUYEN_THAT,XUYEN_THAT,1,true,false,6,false
XRPUSDT,1074,23,2,BELOW,XUYEN_THAT,XUYEN_THAT,1,true,false,5,false
XRPUSDT,1075,6,2,ABOVE,GIU,CHAN,1,false,false,,
XRPUSDT,1076,10,2,BELOW,GIU,XUYEN_THAT,3,false,false,,
XRPUSDT,1077,14,2,BELOW,GIU,XUYEN_THAT,1,false,false,,
XRPUSDT,1078,4,2,BELOW,GIU,CHAN,3,false,false,,
XRPUSDT,1079,16,2,BELOW,PHA_GIA,XUYEN_THAT,2,true,true,1,false
XRPUSDT,1080,4,2,BELOW,XUYEN_THAT,XUYEN_THAT,2,true,false,3,false
XRPUSDT,1082,4,1,ABOVE,GIU,CHAN,0,false,false,,
XRPUSDT,1084,5,2,BELOW,PHA_GIA,CHAN,1,true,true,0,false
XRPUSDT,1085,6,2,BELOW,GIU,CHAN,0,false,false,,
XRPUSDT,1086,13,2,ABOVE,PHA_GIA,XUYEN_THAT,1,true,true,3,false
XRPUSDT,1087,1,1,BELOW,GIU,CHAN,3,false,false,,
XRPUSDT,1088,37,2,BELOW,GIU,XUYEN_THAT,3,false,false,,
XRPUSDT,1089,20,2,BELOW,XUYEN_THAT,XUYEN_THAT,1,true,false,1,false
XRPUSDT,1091,2,1,ABOVE,GIU,CHAN,2,false,false,,
XRPUSDT,1092,21,2,ABOVE,GIU,XUYEN_THAT,1,false,false,,
XRPUSDT,1093,1,1,ABOVE,XUYEN_THAT,XUYEN_THAT,2,true,false,2,false
XRPUSDT,1094,46,2,BELOW,PHA_GIA,XUYEN_THAT,0,true,true,4,false
XRPUSDT,1096,4,2,ABOVE,PHA_GIA,XUYEN_THAT,0,true,true,0,false
XRPUSDT,1098,6,1,ABOVE,GIU,CHAN,1,false,false,,
XRPUSDT,1099,12,2,BELOW,XUYEN_THAT,XUYEN_THAT,1,true,false,5,false
XRPUSDT,1101,7,2,ABOVE,GIU,XUYEN_THAT,1,false,false,,
XRPUSDT,1103,20,2,ABOVE,GIU,XUYEN_THAT,2,false,false,,
XRPUSDT,1104,6,2,ABOVE,XUYEN_THAT,XUYEN_THAT,0,true,false,1,false
XRPUSDT,1105,9,2,ABOVE,PHA_GIA,XUYEN_THAT,3,true,true,4,false
XRPUSDT,1106,6,2,BELOW,GIU,XUYEN_THAT,2,false,false,,
XRPUSDT,1107,3,2,BELOW,PHA_GIA,XUYEN_THAT,2,true,true,1,false
XRPUSDT,1108,19,2,BELOW,GIU,XUYEN_THAT,4,false,false,,
XRPUSDT,1109,23,2,BELOW,GIU,CHAN,2,false,false,,
XRPUSDT,1110,16,2,ABOVE,GIU,XUYEN_THAT,1,false,false,,
XRPUSDT,1111,15,2,ABOVE,XUYEN_THAT,XUYEN_THAT,1,true,false,3,true
XRPUSDT,1112,8,2,BELOW,PHA_GIA,XUYEN_THAT,3,true,true,7,false
XRPUSDT,1116,16,2,BELOW,GIU,XUYEN_THAT,2,false,false,,
XRPUSDT,1117,8,2,BELOW,PHA_GIA,XUYEN_THAT,1,true,true,3,false
XRPUSDT,1118,4,2,ABOVE,XUYEN_THAT,XUYEN_THAT,1,true,false,0,false
XRPUSDT,1119,10,2,ABOVE,GIU,XUYEN_THAT,2,false,false,,
XRPUSDT,1120,2,1,BELOW,XUYEN_THAT,XUYEN_THAT,1,true,false,0,false
XRPUSDT,1121,1,1,BELOW,XUYEN_THAT,XUYEN_THAT,0,true,false,1,false
XRPUSDT,1123,14,2,ABOVE,XUYEN_THAT,XUYEN_THAT,0,true,false,1,false
XRPUSDT,1124,27,2,ABOVE,GIU,XUYEN_THAT,1,false,false,,
XRPUSDT,1126,4,2,BELOW,PHA_GIA,XUYEN_THAT,1,true,true,3,false
XRPUSDT,1127,21,2,ABOVE,GIU,XUYEN_THAT,1,false,false,,
XRPUSDT,1128,20,2,BELOW,XUYEN_THAT,XUYEN_THAT,1,true,false,0,false
XRPUSDT,1129,1,1,ABOVE,PHA_GIA,CHAN,2,true,true,1,false
XRPUSDT,1130,7,2,ABOVE,PHA_GIA,XUYEN_THAT,1,true,true,1,false
XRPUSDT,1131,17,2,BELOW,PHA_GIA,XUYEN_THAT,2,true,true,4,false
XRPUSDT,1132,5,2,BELOW,PHA_GIA,XUYEN_THAT,3,true,true,3,false
XRPUSDT,1133,18,2,BELOW,GIU,XUYEN_THAT,2,false,false,,
XRPUSDT,1134,1,1,BELOW,GIU,CHAN,1,false,false,,
XRPUSDT,1135,20,2,BELOW,GIU,XUYEN_THAT,4,false,false,,
XRPUSDT,1136,1,1,ABOVE,GIU,CHAN,2,false,false,,
XRPUSDT,1137,14,2,BELOW,PHA_GIA,XUYEN_THAT,1,true,true,5,false
XRPUSDT,1138,9,2,BELOW,XUYEN_THAT,XUYEN_THAT,1,true,false,1,false
XRPUSDT,1139,1,1,ABOVE,GIU,CHAN,1,false,false,,
XRPUSDT,1141,11,2,BELOW,XUYEN_THAT,XUYEN_THAT,0,true,false,0,false
XRPUSDT,1142,20,2,ABOVE,XUYEN_THAT,XUYEN_THAT,2,true,false,1,false
XRPUSDT,1143,3,1,ABOVE,GIU,CHAN,3,false,false,,
XRPUSDT,1144,15,2,ABOVE,PHA_GIA,CHAN,1,true,true,0,false
XRPUSDT,1145,9,2,BELOW,PHA_GIA,XUYEN_THAT,1,true,true,0,false
XRPUSDT,1146,8,2,ABOVE,XUYEN_THAT,XUYEN_THAT,2,true,false,2,false
XRPUSDT,1147,4,1,ABOVE,GIU,CHAN,2,false,false,,
XRPUSDT,1148,4,2,BELOW,PHA_GIA,XUYEN_THAT,3,true,true,7,false
XRPUSDT,1150,18,2,ABOVE,PHA_GIA,XUYEN_THAT,1,true,true,6,false
XRPUSDT,1151,5,2,BELOW,XUYEN_THAT,XUYEN_THAT,0,true,false,0,false
XRPUSDT,1152,3,2,ABOVE,PHA_GIA,CHAN,1,true,true,2,false
XRPUSDT,1153,14,2,ABOVE,XUYEN_THAT,XUYEN_THAT,2,true,false,6,false
XRPUSDT,1154,8,2,ABOVE,XUYEN_THAT,XUYEN_THAT,0,true,false,0,false
XRPUSDT,1155,1,1,ABOVE,GIU,CHAN,0,false,false,,
XRPUSDT,1156,5,2,BELOW,XUYEN_THAT,XUYEN_THAT,2,true,false,7,false
XRPUSDT,1158,14,2,ABOVE,GIU,XUYEN_THAT,2,false,false,,
XRPUSDT,1159,3,2,BELOW,XUYEN_THAT,XUYEN_THAT,1,true,false,1,false
XRPUSDT,1161,50,2,BELOW,XUYEN_THAT,XUYEN_THAT,2,true,false,5,false
XRPUSDT,1162,8,2,BELOW,PHA_GIA,XUYEN_THAT,2,true,true,1,false
XRPUSDT,1163,1,1,ABOVE,GIU,CHAN,2,false,false,,
XRPUSDT,1164,13,2,ABOVE,PHA_GIA,XUYEN_THAT,1,true,true,5,false
XRPUSDT,1165,2,2,ABOVE,PHA_GIA,CHAN,2,true,true,7,false
XRPUSDT,1166,1,1,ABOVE,GIU,CHAN,3,false,false,,
XRPUSDT,1169,13,2,BELOW,PHA_GIA,XUYEN_THAT,3,true,true,6,false
XRPUSDT,1170,13,2,BELOW,GIU,CHAN,3,false,false,,
XRPUSDT,1171,11,2,BELOW,GIU,XUYEN_THAT,1,false,false,,
XRPUSDT,1172,17,2,ABOVE,GIU,XUYEN_THAT,2,false,false,,
XRPUSDT,1175,5,2,BELOW,PHA_GIA,XUYEN_THAT,1,true,true,3,false
XRPUSDT,1177,5,2,ABOVE,XUYEN_THAT,XUYEN_THAT,1,true,false,2,false
XRPUSDT,1178,33,2,BELOW,PHA_GIA,XUYEN_THAT,4,true,true,4,false
XRPUSDT,1180,43,2,BELOW,PHA_GIA,XUYEN_THAT,1,true,true,1,false
XRPUSDT,1181,6,2,BELOW,PHA_GIA,CHAN,2,true,true,2,false
XRPUSDT,1182,7,2,ABOVE,XUYEN_THAT,XUYEN_THAT,1,true,false,1,false
XRPUSDT,1183,2,1,BELOW,GIU,CHAN,2,false,false,,
XRPUSDT,1184,1,1,BELOW,GIU,CHAN,1,false,false,,
XRPUSDT,1186,2,2,ABOVE,PHA_GIA,CHAN,1,true,true,0,false
XRPUSDT,1190,6,2,BELOW,GIU,CHAN,1,false,false,,
XRPUSDT,1191,12,2,ABOVE,XUYEN_THAT,XUYEN_THAT,0,true,false,0,false
XRPUSDT,1193,18,2,ABOVE,GIU,XUYEN_THAT,1,false,false,,
XRPUSDT,1194,15,2,BELOW,PHA_GIA,XUYEN_THAT,2,true,true,6,false
XRPUSDT,1195,6,1,ABOVE,GIU,CHAN,0,false,false,,
XRPUSDT,1196,8,2,BELOW,PHA_GIA,XUYEN_THAT,1,true,true,0,false
XRPUSDT,1197,1,1,ABOVE,GIU,CHAN,1,false,false,,
XRPUSDT,1198,4,2,BELOW,XUYEN_THAT,XUYEN_THAT,2,true,false,4,false
XRPUSDT,1199,5,1,ABOVE,GIU,CHAN,1,false,false,,
XRPUSDT,1201,15,2,ABOVE,GIU,XUYEN_THAT,1,false,false,,
XRPUSDT,1202,8,2,ABOVE,XUYEN_THAT,XUYEN_THAT,1,true,false,2,false
XRPUSDT,1204,4,2,BELOW,XUYEN_THAT,XUYEN_THAT,3,true,false,2,false
XRPUSDT,1206,9,2,ABOVE,PHA_GIA,CHAN,2,true,true,5,false
XRPUSDT,1207,15,2,BELOW,PHA_GIA,XUYEN_THAT,1,true,true,5,false
XRPUSDT,1209,12,2,ABOVE,PHA_GIA,XUYEN_THAT,2,true,true,3,false
XRPUSDT,1210,17,2,ABOVE,GIU,XUYEN_THAT,1,false,false,,
XRPUSDT,1211,1,1,ABOVE,GIU,CHAN,1,false,false,,
XRPUSDT,1212,4,2,ABOVE,GIU,CHAN,1,false,false,,
XRPUSDT,1213,1,1,BELOW,GIU,CHAN,1,false,false,,
XRPUSDT,1215,16,2,BELOW,XUYEN_THAT,XUYEN_THAT,3,true,false,3,false
XRPUSDT,1216,4,2,ABOVE,PHA_GIA,XUYEN_THAT,3,true,true,3,false
XRPUSDT,1217,14,2,BELOW,GIU,CHAN,2,false,false,,
XRPUSDT,1218,3,1,ABOVE,GIU,CHAN,1,false,false,,
XRPUSDT,1219,1,1,BELOW,GIU,CHAN,1,false,false,,
XRPUSDT,1220,12,2,BELOW,PHA_GIA,XUYEN_THAT,1,true,true,0,false
XRPUSDT,1221,3,1,BELOW,GIU,CHAN,0,false,false,,
XRPUSDT,1222,6,2,ABOVE,GIU,XUYEN_THAT,1,false,false,,
XRPUSDT,1223,4,2,ABOVE,PHA_GIA,CHAN,2,true,true,4,false
XRPUSDT,1224,2,1,ABOVE,GIU,CHAN,2,false,false,,
XRPUSDT,1225,11,2,ABOVE,PHA_GIA,XUYEN_THAT,2,true,true,4,false
XRPUSDT,1228,20,2,ABOVE,GIU,XUYEN_THAT,0,false,false,,
XRPUSDT,1229,4,2,BELOW,XUYEN_THAT,XUYEN_THAT,1,true,false,6,true
XRPUSDT,1230,2,2,ABOVE,XUYEN_THAT,XUYEN_THAT,3,true,false,6,false
XRPUSDT,1231,7,2,BELOW,PHA_GIA,CHAN,2,true,true,8,false
XRPUSDT,1232,11,2,BELOW,PHA_GIA,XUYEN_THAT,3,true,true,1,false
XRPUSDT,1233,5,2,BELOW,PHA_GIA,CHAN,2,true,true,5,false
XRPUSDT,1234,24,2,ABOVE,GIU,XUYEN_THAT,1,false,false,,
XRPUSDT,1235,26,2,BELOW,GIU,XUYEN_THAT,1,false,false,,
XRPUSDT,1236,11,2,BELOW,PHA_GIA,XUYEN_THAT,0,true,true,2,false
XRPUSDT,1237,14,2,ABOVE,GIU,XUYEN_THAT,1,false,false,,
XRPUSDT,1239,5,1,ABOVE,GIU,CHAN,2,false,false,,
XRPUSDT,1240,6,2,ABOVE,XUYEN_THAT,XUYEN_THAT,2,true,false,5,false
XRPUSDT,1244,1,1,ABOVE,GIU,CHAN,0,false,false,,
XRPUSDT,1245,4,2,BELOW,PHA_GIA,XUYEN_THAT,3,true,true,4,false
XRPUSDT,1246,2,1,BELOW,GIU,CHAN,1,false,false,,
XRPUSDT,1247,1,1,BELOW,GIU,CHAN,2,false,false,,
XRPUSDT,1249,11,2,BELOW,GIU,CHAN,3,false,false,,
XRPUSDT,1250,30,2,BELOW,XUYEN_THAT,XUYEN_THAT,0,true,false,1,false
XRPUSDT,1251,5,2,ABOVE,XUYEN_THAT,XUYEN_THAT,1,true,false,3,false
XRPUSDT,1252,1,1,BELOW,GIU,CHAN,1,false,false,,
XRPUSDT,1253,3,1,BELOW,PHA_GIA,CHAN,2,true,true,5,false
XRPUSDT,1254,3,2,ABOVE,PHA_GIA,XUYEN_THAT,1,true,true,5,false
XRPUSDT,1255,10,2,BELOW,PHA_GIA,XUYEN_THAT,0,true,true,0,false
XRPUSDT,1256,3,1,BELOW,GIU,CHAN,2,false,false,,
XRPUSDT,1257,5,2,BELOW,PHA_GIA,CHAN,0,true,true,0,false
XRPUSDT,1258,3,2,ABOVE,PHA_GIA,XUYEN_THAT,1,true,true,2,false
XRPUSDT,1260,4,1,BELOW,GIU,CHAN,1,false,false,,
XRPUSDT,1261,6,2,ABOVE,XUYEN_THAT,XUYEN_THAT,0,true,false,0,false
XRPUSDT,1262,25,2,ABOVE,PHA_GIA,XUYEN_THAT,2,true,true,6,false
XRPUSDT,1263,12,2,BELOW,GIU,CHAN,1,false,false,,
XRPUSDT,1264,17,2,ABOVE,GIU,XUYEN_THAT,2,false,false,,
XRPUSDT,1265,12,2,ABOVE,PHA_GIA,XUYEN_THAT,0,true,true,8,false
XRPUSDT,1266,5,2,BELOW,XUYEN_THAT,XUYEN_THAT,3,true,false,5,false
XRPUSDT,1267,11,2,BELOW,GIU,XUYEN_THAT,2,false,false,,
XRPUSDT,1268,3,1,BELOW,GIU,CHAN,1,false,false,,
XRPUSDT,1269,6,2,ABOVE,XUYEN_THAT,XUYEN_THAT,1,true,false,0,false
XRPUSDT,1270,1,1,ABOVE,PHA_GIA,CHAN,0,true,true,0,false
XRPUSDT,1271,7,2,BELOW,GIU,XUYEN_THAT,2,false,false,,
XRPUSDT,1272,8,2,BELOW,PHA_GIA,XUYEN_THAT,0,true,true,0,false
XRPUSDT,1273,7,2,ABOVE,XUYEN_THAT,XUYEN_THAT,0,true,false,1,false
BNBUSDT,0,8,2,BELOW,XUYEN_THAT,XUYEN_THAT,2,true,false,3,false
BNBUSDT,1,4,2,ABOVE,GIU,XUYEN_THAT,3,false,false,,
BNBUSDT,2,3,2,ABOVE,PHA_GIA,CHAN,1,true,true,3,false
BNBUSDT,3,2,1,BELOW,GIU,CHAN,2,false,false,,
BNBUSDT,5,20,2,BELOW,GIU,XUYEN_THAT,2,false,false,,
BNBUSDT,6,9,1,ABOVE,GIU,XUYEN_THAT,1,false,false,,
BNBUSDT,8,9,1,ABOVE,GIU,XUYEN_THAT,1,false,false,,
BNBUSDT,10,18,2,BELOW,PHA_GIA,XUYEN_THAT,2,true,true,2,false
BNBUSDT,11,4,1,BELOW,GIU,XUYEN_THAT,2,false,false,,
BNBUSDT,12,2,1,ABOVE,PHA_GIA,CHAN,0,true,true,0,false
BNBUSDT,13,6,2,BELOW,XUYEN_THAT,XUYEN_THAT,0,true,false,3,false
BNBUSDT,14,3,2,ABOVE,XUYEN_THAT,XUYEN_THAT,1,true,false,1,false
BNBUSDT,15,5,2,BELOW,XUYEN_THAT,XUYEN_THAT,0,true,false,1,false
BNBUSDT,16,11,2,BELOW,PHA_GIA,XUYEN_THAT,2,true,true,1,false
BNBUSDT,17,10,2,BELOW,PHA_GIA,XUYEN_THAT,4,true,true,5,false
BNBUSDT,18,4,2,BELOW,PHA_GIA,CHAN,0,true,true,5,false
BNBUSDT,21,18,2,BELOW,XUYEN_THAT,XUYEN_THAT,1,true,false,8,false
BNBUSDT,22,3,2,ABOVE,PHA_GIA,CHAN,0,true,true,6,false
BNBUSDT,23,43,2,BELOW,XUYEN_THAT,XUYEN_THAT,2,true,false,1,false
BNBUSDT,24,4,2,BELOW,PHA_GIA,XUYEN_THAT,1,true,true,4,false
BNBUSDT,25,8,2,BELOW,PHA_GIA,XUYEN_THAT,2,true,true,4,false
BNBUSDT,27,8,2,BELOW,GIU,XUYEN_THAT,1,false,false,,
BNBUSDT,28,1,1,ABOVE,PHA_GIA,CHAN,1,true,true,1,false
BNBUSDT,29,30,2,BELOW,PHA_GIA,XUYEN_THAT,3,true,true,5,false
BNBUSDT,30,14,2,BELOW,GIU,XUYEN_THAT,0,false,false,,
BNBUSDT,31,25,2,BELOW,GIU,XUYEN_THAT,3,false,false,,
BNBUSDT,32,28,2,BELOW,GIU,XUYEN_THAT,3,false,false,,
BNBUSDT,34,12,2,ABOVE,PHA_GIA,XUYEN_THAT,4,true,true,2,false
BNBUSDT,35,1,1,BELOW,GIU,CHAN,2,false,false,,
BNBUSDT,36,1,1,BELOW,GIU,CHAN,3,false,false,,
BNBUSDT,37,3,1,ABOVE,GIU,CHAN,1,false,false,,
BNBUSDT,38,6,2,ABOVE,XUYEN_THAT,XUYEN_THAT,3,true,false,5,false
BNBUSDT,39,2,1,BELOW,PHA_GIA,CHAN,3,true,true,3,false
BNBUSDT,40,5,2,BELOW,GIU,XUYEN_THAT,2,false,false,,
BNBUSDT,41,4,2,BELOW,PHA_GIA,CHAN,0,true,true,1,false
BNBUSDT,43,19,2,BELOW,GIU,XUYEN_THAT,1,false,false,,
BNBUSDT,44,10,2,ABOVE,PHA_GIA,XUYEN_THAT,1,true,true,3,false
BNBUSDT,45,4,1,BELOW,GIU,CHAN,1,false,false,,
BNBUSDT,46,3,2,BELOW,XUYEN_THAT,XUYEN_THAT,3,true,false,7,false
BNBUSDT,47,1,1,ABOVE,GIU,CHAN,2,false,false,,
BNBUSDT,48,24,2,BELOW,XUYEN_THAT,XUYEN_THAT,2,true,false,7,false
BNBUSDT,50,21,2,ABOVE,XUYEN_THAT,XUYEN_THAT,2,true,false,1,false
BNBUSDT,52,8,2,BELOW,PHA_GIA,XUYEN_THAT,0,true,true,0,false
BNBUSDT,53,6,2,BELOW,PHA_GIA,CHAN,3,true,true,7,false
BNBUSDT,54,3,2,BELOW,XUYEN_THAT,XUYEN_THAT,2,true,false,3,false
BNBUSDT,55,18,2,BELOW,GIU,XUYEN_THAT,1,false,false,,
BNBUSDT,56,11,2,BELOW,GIU,XUYEN_THAT,3,false,false,,
BNBUSDT,57,31,2,BELOW,GIU,XUYEN_THAT,4,false,false,,
BNBUSDT,58,4,2,BELOW,GIU,CHAN,1,false,false,,
BNBUSDT,59,5,2,ABOVE,PHA_GIA,CHAN,1,true,true,2,false
BNBUSDT,61,12,2,BELOW,GIU,CHAN,2,false,false,,
BNBUSDT,62,6,2,BELOW,PHA_GIA,XUYEN_THAT,2,true,true,1,false
BNBUSDT,63,1,1,BELOW,GIU,CHAN,2,false,false,,
BNBUSDT,64,4,1,BELOW,GIU,CHAN,3,false,false,,
BNBUSDT,65,13,2,BELOW,XUYEN_THAT,XUYEN_THAT,3,true,false,7,false
BNBUSDT,67,8,2,BELOW,XUYEN_THAT,XUYEN_THAT,2,true,false,2,false
BNBUSDT,69,8,2,ABOVE,XUYEN_THAT,XUYEN_THAT,1,true,false,5,false
BNBUSDT,72,1,1,BELOW,GIU,CHAN,2,false,false,,
BNBUSDT,73,11,2,ABOVE,XUYEN_THAT,XUYEN_THAT,1,true,false,5,false
BNBUSDT,74,4,2,ABOVE,GIU,XUYEN_THAT,1,false,false,,
BNBUSDT,75,36,2,ABOVE,PHA_GIA,XUYEN_THAT,1,true,true,1,false
BNBUSDT,77,10,2,ABOVE,PHA_GIA,XUYEN_THAT,1,true,true,0,false
BNBUSDT,78,22,2,ABOVE,GIU,XUYEN_THAT,1,false,false,,
BNBUSDT,79,6,2,BELOW,XUYEN_THAT,XUYEN_THAT,2,true,false,3,false
BNBUSDT,80,1,1,ABOVE,PHA_GIA,CHAN,3,true,true,1,false
BNBUSDT,81,2,1,ABOVE,XUYEN_THAT,XUYEN_THAT,0,true,false,4,false
BNBUSDT,82,5,2,ABOVE,GIU,XUYEN_THAT,3,false,false,,
BNBUSDT,83,19,2,ABOVE,PHA_GIA,XUYEN_THAT,1,true,true,0,false
BNBUSDT,84,3,1,BELOW,GIU,XUYEN_THAT,2,false,false,,
BNBUSDT,85,20,2,BELOW,GIU,XUYEN_THAT,3,false,false,,
BNBUSDT,86,13,1,ABOVE,GIU,CHAN,3,false,false,,
BNBUSDT,87,9,2,BELOW,XUYEN_THAT,XUYEN_THAT,2,true,false,4,false
BNBUSDT,88,8,2,BELOW,GIU,XUYEN_THAT,1,false,false,,
BNBUSDT,89,12,2,ABOVE,PHA_GIA,XUYEN_THAT,1,true,true,0,false
BNBUSDT,90,1,1,ABOVE,GIU,CHAN,1,false,false,,
BNBUSDT,91,4,2,ABOVE,GIU,XUYEN_THAT,2,false,false,,
BNBUSDT,92,18,2,ABOVE,GIU,XUYEN_THAT,1,false,false,,
BNBUSDT,93,11,2,ABOVE,GIU,XUYEN_THAT,3,false,false,,
BNBUSDT,94,9,2,BELOW,PHA_GIA,CHAN,0,true,true,5,false
BNBUSDT,97,14,2,ABOVE,XUYEN_THAT,XUYEN_THAT,0,true,false,0,false
BNBUSDT,98,12,2,BELOW,XUYEN_THAT,XUYEN_THAT,0,true,false,1,false
BNBUSDT,99,1,1,BELOW,GIU,CHAN,3,false,false,,
BNBUSDT,100,8,1,ABOVE,GIU,CHAN,3,false,false,,
BNBUSDT,101,10,2,BELOW,XUYEN_THAT,XUYEN_THAT,0,true,false,0,false
BNBUSDT,102,10,2,BELOW,PHA_GIA,XUYEN_THAT,2,true,true,7,false
BNBUSDT,103,6,2,ABOVE,GIU,XUYEN_THAT,1,false,false,,
BNBUSDT,105,3,1,ABOVE,GIU,CHAN,1,false,false,,
BNBUSDT,106,5,2,BELOW,GIU,CHAN,1,false,false,,
BNBUSDT,107,24,2,ABOVE,PHA_GIA,XUYEN_THAT,3,true,true,3,false
BNBUSDT,108,11,2,ABOVE,GIU,CHAN,2,false,false,,
BNBUSDT,110,22,2,BELOW,GIU,XUYEN_THAT,3,false,false,,
BNBUSDT,111,10,2,BELOW,PHA_GIA,CHAN,1,true,true,2,false
BNBUSDT,114,13,2,ABOVE,PHA_GIA,XUYEN_THAT,2,true,true,3,false
BNBUSDT,116,13,2,BELOW,GIU,XUYEN_THAT,3,false,false,,
BNBUSDT,117,17,2,BELOW,GIU,CHAN,5,false,false,,
BNBUSDT,118,3,1,ABOVE,GIU,CHAN,2,false,false,,
BNBUSDT,119,5,2,BELOW,XUYEN_THAT,XUYEN_THAT,1,true,false,0,false
BNBUSDT,120,8,2,BELOW,GIU,XUYEN_THAT,1,false,false,,
BNBUSDT,122,2,1,ABOVE,GIU,CHAN,1,false,false,,
BNBUSDT,124,10,2,ABOVE,PHA_GIA,XUYEN_THAT,1,true,true,0,false
BNBUSDT,125,14,2,BELOW,GIU,XUYEN_THAT,2,false,false,,
BNBUSDT,126,5,2,BELOW,PHA_GIA,XUYEN_THAT,1,true,true,8,false
BNBUSDT,127,12,1,BELOW,GIU,CHAN,3,false,false,,
BNBUSDT,130,2,1,BELOW,GIU,CHAN,1,false,false,,
BNBUSDT,132,9,2,ABOVE,GIU,XUYEN_THAT,1,false,false,,
BNBUSDT,133,1,1,ABOVE,GIU,CHAN,2,false,false,,
BNBUSDT,134,2,2,ABOVE,PHA_GIA,XUYEN_THAT,2,true,true,1,false
BNBUSDT,136,2,2,BELOW,XUYEN_THAT,XUYEN_THAT,2,true,false,3,false
BNBUSDT,137,20,2,ABOVE,PHA_GIA,XUYEN_THAT,3,true,true,3,false
BNBUSDT,138,18,2,BELOW,PHA_GIA,XUYEN_THAT,2,true,true,4,false
BNBUSDT,140,1,1,ABOVE,GIU,CHAN,1,false,false,,
BNBUSDT,141,15,2,ABOVE,XUYEN_THAT,XUYEN_THAT,2,true,false,3,true
BNBUSDT,142,44,2,BELOW,GIU,XUYEN_THAT,3,false,false,,
BNBUSDT,143,7,2,ABOVE,PHA_GIA,XUYEN_THAT,2,true,true,1,false
BNBUSDT,144,30,2,BELOW,XUYEN_THAT,XUYEN_THAT,3,true,false,4,false
BNBUSDT,145,29,2,BELOW,GIU,XUYEN_THAT,1,false,false,,
BNBUSDT,146,25,2,BELOW,PHA_GIA,XUYEN_THAT,3,true,true,8,false
BNBUSDT,148,5,2,ABOVE,PHA_GIA,XUYEN_THAT,2,true,true,3,false
BNBUSDT,149,1,1,BELOW,GIU,CHAN,1,false,false,,
BNBUSDT,150,4,1,ABOVE,GIU,CHAN,2,false,false,,
BNBUSDT,151,7,2,BELOW,PHA_GIA,XUYEN_THAT,3,true,true,1,false
BNBUSDT,153,2,2,ABOVE,PHA_GIA,CHAN,0,true,true,1,false
BNBUSDT,154,7,2,BELOW,PHA_GIA,XUYEN_THAT,1,true,true,4,false
BNBUSDT,155,27,2,BELOW,PHA_GIA,XUYEN_THAT,1,true,true,1,false
BNBUSDT,156,11,2,ABOVE,PHA_GIA,XUYEN_THAT,1,true,true,5,false
BNBUSDT,157,4,2,ABOVE,PHA_GIA,CHAN,2,true,true,7,false
BNBUSDT,158,43,2,ABOVE,GIU,XUYEN_THAT,2,false,false,,
BNBUSDT,160,2,1,ABOVE,GIU,CHAN,2,false,false,,
BNBUSDT,162,6,2,BELOW,PHA_GIA,CHAN,1,true,true,8,false
BNBUSDT,163,4,2,ABOVE,PHA_GIA,XUYEN_THAT,3,true,true,1,false
BNBUSDT,164,2,1,BELOW,XUYEN_THAT,XUYEN_THAT,1,true,false,0,false
BNBUSDT,165,7,2,BELOW,GIU,XUYEN_THAT,2,false,false,,
BNBUSDT,166,12,2,BELOW,GIU,XUYEN_THAT,2,false,false,,
BNBUSDT,168,4,2,ABOVE,XUYEN_THAT,XUYEN_THAT,0,true,false,2,false
BNBUSDT,169,10,2,BELOW,GIU,XUYEN_THAT,1,false,false,,
BNBUSDT,170,14,2,ABOVE,XUYEN_THAT,XUYEN_THAT,1,true,false,3,true
BNBUSDT,171,13,2,ABOVE,GIU,XUYEN_THAT,1,false,false,,
BNBUSDT,172,3,2,BELOW,PHA_GIA,CHAN,2,true,true,4,false
BNBUSDT,173,3,1,ABOVE,XUYEN_THAT,XUYEN_THAT,3,true,false,8,false
BNBUSDT,174,4,2,ABOVE,GIU,CHAN,1,false,false,,
BNBUSDT,175,19,2,BELOW,GIU,CHAN,2,false,false,,
BNBUSDT,176,13,2,BELOW,GIU,XUYEN_THAT,3,false,false,,
BNBUSDT,178,11,2,ABOVE,XUYEN_THAT,XUYEN_THAT,1,true,false,5,false
BNBUSDT,179,2,1,BELOW,XUYEN_THAT,XUYEN_THAT,1,true,false,2,false
BNBUSDT,180,6,2,ABOVE,PHA_GIA,XUYEN_THAT,3,true,true,7,false
BNBUSDT,181,13,2,BELOW,XUYEN_THAT,XUYEN_THAT,0,true,false,0,false
BNBUSDT,182,10,2,BELOW,PHA_GIA,XUYEN_THAT,2,true,true,8,false
BNBUSDT,184,13,2,BELOW,XUYEN_THAT,XUYEN_THAT,2,true,false,2,false
BNBUSDT,186,1,1,BELOW,GIU,CHAN,1,false,false,,
BNBUSDT,188,7,2,BELOW,XUYEN_THAT,XUYEN_THAT,1,true,false,1,false
BNBUSDT,189,9,2,BELOW,XUYEN_THAT,XUYEN_THAT,1,true,false,2,false
BNBUSDT,190,4,2,BELOW,XUYEN_THAT,XUYEN_THAT,1,true,false,1,false
BNBUSDT,192,28,2,BELOW,GIU,XUYEN_THAT,1,false,false,,
BNBUSDT,193,17,2,ABOVE,XUYEN_THAT,XUYEN_THAT,0,true,false,0,false
BNBUSDT,194,10,2,ABOVE,XUYEN_THAT,XUYEN_THAT,2,true,false,5,false
BNBUSDT,195,16,2,ABOVE,GIU,XUYEN_THAT,3,false,false,,
BNBUSDT,196,7,2,BELOW,PHA_GIA,XUYEN_THAT,2,true,true,3,false
BNBUSDT,197,10,2,ABOVE,GIU,XUYEN_THAT,1,false,false,,
BNBUSDT,198,4,1,ABOVE,GIU,CHAN,1,false,false,,
BNBUSDT,199,3,2,BELOW,PHA_GIA,XUYEN_THAT,3,true,true,1,false
BNBUSDT,200,2,1,BELOW,GIU,CHAN,3,false,false,,
BNBUSDT,201,11,2,BELOW,GIU,XUYEN_THAT,1,false,false,,
BNBUSDT,202,1,1,ABOVE,GIU,CHAN,2,false,false,,
BNBUSDT,203,12,2,ABOVE,GIU,XUYEN_THAT,3,false,false,,
BNBUSDT,204,1,1,ABOVE,XUYEN_THAT,XUYEN_THAT,1,true,false,0,false
BNBUSDT,205,34,2,BELOW,PHA_GIA,XUYEN_THAT,1,true,true,0,false
BNBUSDT,206,7,1,BELOW,PHA_GIA,CHAN,2,true,true,5,false
BNBUSDT,208,5,2,ABOVE,GIU,CHAN,2,false,false,,
BNBUSDT,209,1,1,ABOVE,PHA_GIA,CHAN,1,true,true,0,false
BNBUSDT,210,1,1,BELOW,PHA_GIA,CHAN,2,true,true,3,false
BNBUSDT,211,6,2,BELOW,PHA_GIA,XUYEN_THAT,2,true,true,3,false
BNBUSDT,212,3,2,BELOW,PHA_GIA,XUYEN_THAT,1,true,true,2,false
BNBUSDT,213,1,1,BELOW,GIU,CHAN,3,false,false,,
BNBUSDT,214,2,2,ABOVE,XUYEN_THAT,XUYEN_THAT,3,true,false,4,false
BNBUSDT,217,3,2,BELOW,PHA_GIA,CHAN,2,true,true,6,false
BNBUSDT,218,2,1,BELOW,GIU,CHAN,5,false,false,,
BNBUSDT,219,6,2,ABOVE,XUYEN_THAT,XUYEN_THAT,1,true,false,2,false
BNBUSDT,220,7,2,BELOW,XUYEN_THAT,XUYEN_THAT,1,true,false,3,false
BNBUSDT,221,27,2,BELOW,GIU,XUYEN_THAT,1,false,false,,
BNBUSDT,222,9,2,BELOW,GIU,CHAN,3,false,false,,
BNBUSDT,223,7,2,ABOVE,GIU,XUYEN_THAT,2,false,false,,
BNBUSDT,224,5,2,ABOVE,GIU,XUYEN_THAT,1,false,false,,
BNBUSDT,225,8,2,ABOVE,GIU,CHAN,2,false,false,,
BNBUSDT,226,1,1,ABOVE,GIU,CHAN,1,false,false,,
BNBUSDT,227,8,2,BELOW,XUYEN_THAT,XUYEN_THAT,1,true,false,5,true
BNBUSDT,228,8,2,ABOVE,GIU,XUYEN_THAT,1,false,false,,
BNBUSDT,230,12,2,BELOW,GIU,XUYEN_THAT,3,false,false,,
BNBUSDT,231,22,2,BELOW,GIU,XUYEN_THAT,1,false,false,,
BNBUSDT,232,19,2,ABOVE,GIU,XUYEN_THAT,2,false,false,,
BNBUSDT,234,11,2,ABOVE,PHA_GIA,XUYEN_THAT,2,true,true,4,false
BNBUSDT,238,2,1,ABOVE,GIU,CHAN,2,false,false,,
BNBUSDT,239,7,2,ABOVE,PHA_GIA,XUYEN_THAT,1,true,true,2,false
BNBUSDT,240,15,2,BELOW,PHA_GIA,XUYEN_THAT,2,true,true,2,false
BNBUSDT,242,1,1,ABOVE,GIU,CHAN,1,false,false,,
BNBUSDT,243,1,1,BELOW,GIU,CHAN,1,false,false,,
BNBUSDT,245,16,2,ABOVE,GIU,XUYEN_THAT,1,false,false,,
BNBUSDT,248,4,1,ABOVE,GIU,CHAN,2,false,false,,
BNBUSDT,249,12,2,BELOW,GIU,XUYEN_THAT,0,false,false,,
BNBUSDT,251,10,2,ABOVE,GIU,XUYEN_THAT,2,false,false,,
BNBUSDT,252,5,2,ABOVE,GIU,CHAN,3,false,false,,
BNBUSDT,253,3,2,ABOVE,GIU,XUYEN_THAT,3,false,false,,
BNBUSDT,254,17,2,ABOVE,GIU,XUYEN_THAT,0,false,false,,
BNBUSDT,255,4,2,BELOW,XUYEN_THAT,XUYEN_THAT,1,true,false,0,false
BNBUSDT,257,4,2,BELOW,PHA_GIA,XUYEN_THAT,2,true,true,6,false
BNBUSDT,258,10,2,BELOW,GIU,XUYEN_THAT,3,false,false,,
BNBUSDT,259,5,1,BELOW,GIU,XUYEN_THAT,1,false,false,,
BNBUSDT,260,18,2,BELOW,XUYEN_THAT,XUYEN_THAT,3,true,false,3,false
BNBUSDT,261,7,2,BELOW,GIU,XUYEN_THAT,2,false,false,,
BNBUSDT,262,1,1,BELOW,GIU,CHAN,2,false,false,,
BNBUSDT,263,18,2,BELOW,PHA_GIA,XUYEN_THAT,2,true,true,2,false
BNBUSDT,266,10,2,ABOVE,PHA_GIA,XUYEN_THAT,1,true,true,8,false
BNBUSDT,267,1,1,ABOVE,XUYEN_THAT,XUYEN_THAT,0,true,false,0,false
BNBUSDT,268,3,2,BELOW,XUYEN_THAT,XUYEN_THAT,1,true,false,1,false
BNBUSDT,269,2,1,ABOVE,GIU,CHAN,2,false,false,,
BNBUSDT,270,7,2,ABOVE,GIU,XUYEN_THAT,1,false,false,,
BNBUSDT,271,4,2,BELOW,XUYEN_THAT,XUYEN_THAT,1,true,false,5,false
BNBUSDT,272,16,2,ABOVE,PHA_GIA,XUYEN_THAT,2,true,true,1,false
BNBUSDT,273,2,1,ABOVE,GIU,CHAN,1,false,false,,
BNBUSDT,274,3,2,BELOW,XUYEN_THAT,XUYEN_THAT,3,true,false,6,false
BNBUSDT,277,2,1,ABOVE,GIU,XUYEN_THAT,0,false,false,,
BNBUSDT,278,8,2,BELOW,GIU,XUYEN_THAT,1,false,false,,
BNBUSDT,280,5,1,BELOW,GIU,CHAN,2,false,false,,
BNBUSDT,281,1,1,ABOVE,XUYEN_THAT,XUYEN_THAT,3,true,false,2,false
BNBUSDT,282,10,2,BELOW,PHA_GIA,XUYEN_THAT,0,true,true,0,false
BNBUSDT,283,33,2,ABOVE,PHA_GIA,XUYEN_THAT,1,true,true,0,false
BNBUSDT,284,14,2,BELOW,GIU,XUYEN_THAT,2,false,false,,
BNBUSDT,285,1,1,BELOW,GIU,CHAN,1,false,false,,
BNBUSDT,286,1,1,BELOW,GIU,CHAN,1,false,false,,
BNBUSDT,287,2,2,BELOW,PHA_GIA,XUYEN_THAT,0,true,true,0,false
BNBUSDT,288,2,1,BELOW,GIU,CHAN,1,false,false,,
BNBUSDT,289,13,2,BELOW,PHA_GIA,XUYEN_THAT,2,true,true,4,false
BNBUSDT,290,5,2,ABOVE,XUYEN_THAT,XUYEN_THAT,3,true,false,7,false
BNBUSDT,291,2,1,ABOVE,GIU,CHAN,2,false,false,,
BNBUSDT,292,10,2,ABOVE,GIU,XUYEN_THAT,1,false,false,,
BNBUSDT,294,1,1,ABOVE,GIU,CHAN,2,false,false,,
BNBUSDT,295,1,1,ABOVE,GIU,CHAN,1,false,false,,
BNBUSDT,296,3,2,ABOVE,PHA_GIA,CHAN,1,true,true,3,false
BNBUSDT,297,10,2,BELOW,GIU,XUYEN_THAT,2,false,false,,
BNBUSDT,298,18,2,ABOVE,XUYEN_THAT,XUYEN_THAT,2,true,false,2,false
BNBUSDT,299,9,2,ABOVE,PHA_GIA,CHAN,1,true,true,6,false
BNBUSDT,300,19,2,BELOW,GIU,XUYEN_THAT,1,false,false,,
BNBUSDT,302,2,1,ABOVE,PHA_GIA,CHAN,2,true,true,0,false
BNBUSDT,303,2,1,ABOVE,GIU,CHAN,1,false,false,,
BNBUSDT,304,11,2,BELOW,XUYEN_THAT,XUYEN_THAT,3,true,false,2,false
BNBUSDT,305,11,2,BELOW,GIU,XUYEN_THAT,4,false,false,,
BNBUSDT,306,4,2,BELOW,PHA_GIA,XUYEN_THAT,0,true,true,2,false
BNBUSDT,307,2,2,ABOVE,XUYEN_THAT,XUYEN_THAT,2,true,false,1,false
BNBUSDT,308,31,2,ABOVE,XUYEN_THAT,XUYEN_THAT,0,true,false,2,false
BNBUSDT,309,5,2,BELOW,PHA_GIA,XUYEN_THAT,1,true,true,2,false
BNBUSDT,310,18,2,BELOW,XUYEN_THAT,XUYEN_THAT,3,true,false,5,false
BNBUSDT,311,6,2,BELOW,PHA_GIA,XUYEN_THAT,1,true,true,0,false
BNBUSDT,312,17,2,BELOW,PHA_GIA,XUYEN_THAT,2,true,true,0,false
BNBUSDT,314,25,2,ABOVE,PHA_GIA,XUYEN_THAT,1,true,true,1,false
BNBUSDT,317,2,1,BELOW,GIU,CHAN,1,false,false,,
BNBUSDT,319,2,1,BELOW,GIU,CHAN,2,false,false,,
BNBUSDT,320,47,2,BELOW,PHA_GIA,XUYEN_THAT,2,true,true,1,false
BNBUSDT,321,1,1,ABOVE,XUYEN_THAT,XUYEN_THAT,1,true,false,4,false
BNBUSDT,322,2,2,BELOW,PHA_GIA,CHAN,2,true,true,2,false
BNBUSDT,323,7,2,ABOVE,PHA_GIA,XUYEN_THAT,1,true,true,1,false
BNBUSDT,324,3,2,BELOW,XUYEN_THAT,XUYEN_THAT,3,true,false,5,false
BNBUSDT,325,27,2,ABOVE,PHA_GIA,XUYEN_THAT,2,true,true,2,false
BNBUSDT,326,10,2,BELOW,XUYEN_THAT,XUYEN_THAT,2,true,false,5,false
BNBUSDT,327,12,2,ABOVE,PHA_GIA,XUYEN_THAT,3,true,true,0,false
BNBUSDT,328,2,2,BELOW,XUYEN_THAT,XUYEN_THAT,1,true,false,2,false
BNBUSDT,330,5,1,ABOVE,GIU,CHAN,2,false,false,,
BNBUSDT,331,1,1,BELOW,GIU,CHAN,2,false,false,,
BNBUSDT,332,6,2,ABOVE,PHA_GIA,XUYEN_THAT,1,true,true,3,false
BNBUSDT,334,3,1,ABOVE,GIU,XUYEN_THAT,2,false,false,,
BNBUSDT,335,21,2,ABOVE,GIU,XUYEN_THAT,2,false,false,,
BNBUSDT,340,18,2,BELOW,XUYEN_THAT,XUYEN_THAT,3,true,false,3,false
BNBUSDT,341,4,2,ABOVE,PHA_GIA,CHAN,1,true,true,0,false
BNBUSDT,342,13,2,BELOW,XUYEN_THAT,XUYEN_THAT,1,true,false,2,false
BNBUSDT,344,1,1,BELOW,PHA_GIA,CHAN,0,true,true,1,false
BNBUSDT,345,13,2,BELOW,XUYEN_THAT,XUYEN_THAT,1,true,false,0,false
BNBUSDT,346,5,2,ABOVE,XUYEN_THAT,XUYEN_THAT,1,true,false,2,false
BNBUSDT,347,18,2,BELOW,PHA_GIA,XUYEN_THAT,4,true,true,2,false
BNBUSDT,348,3,1,ABOVE,GIU,CHAN,3,false,false,,
BNBUSDT,349,16,2,ABOVE,GIU,XUYEN_THAT,2,false,false,,
BNBUSDT,351,2,2,BELOW,XUYEN_THAT,XUYEN_THAT,1,true,false,1,false
BNBUSDT,356,2,1,ABOVE,GIU,CHAN,2,false,false,,
BNBUSDT,358,1,1,ABOVE,XUYEN_THAT,XUYEN_THAT,0,true,false,0,false
BNBUSDT,359,5,1,BELOW,GIU,XUYEN_THAT,2,false,false,,
BNBUSDT,360,9,1,ABOVE,GIU,CHAN,2,false,false,,
BNBUSDT,361,4,2,ABOVE,PHA_GIA,CHAN,1,true,true,7,false
BNBUSDT,362,4,2,BELOW,PHA_GIA,CHAN,2,true,true,6,false
BNBUSDT,363,2,2,ABOVE,PHA_GIA,CHAN,2,true,true,2,false
BNBUSDT,364,9,2,BELOW,GIU,XUYEN_THAT,3,false,false,,
BNBUSDT,366,23,2,ABOVE,GIU,XUYEN_THAT,1,false,false,,
BNBUSDT,367,16,2,BELOW,GIU,XUYEN_THAT,1,false,false,,
BNBUSDT,368,5,1,BELOW,GIU,CHAN,3,false,false,,
BNBUSDT,369,20,2,BELOW,PHA_GIA,XUYEN_THAT,2,true,true,1,false
BNBUSDT,370,12,2,ABOVE,GIU,CHAN,1,false,false,,
BNBUSDT,371,3,1,ABOVE,GIU,CHAN,3,false,false,,
BNBUSDT,372,7,2,ABOVE,GIU,CHAN,3,false,false,,
BNBUSDT,373,3,2,BELOW,PHA_GIA,CHAN,0,true,true,7,false
BNBUSDT,376,4,1,ABOVE,GIU,CHAN,1,false,false,,
BNBUSDT,377,12,2,ABOVE,GIU,XUYEN_THAT,0,false,false,,
BNBUSDT,378,8,2,BELOW,GIU,XUYEN_THAT,2,false,false,,
BNBUSDT,380,16,2,BELOW,GIU,XUYEN_THAT,3,false,false,,
BNBUSDT,382,10,2,BELOW,XUYEN_THAT,XUYEN_THAT,0,true,false,3,false
BNBUSDT,384,18,2,BELOW,PHA_GIA,XUYEN_THAT,2,true,true,3,false
BNBUSDT,385,47,2,BELOW,GIU,XUYEN_THAT,0,false,false,,
BNBUSDT,386,2,1,ABOVE,GIU,CHAN,3,false,false,,
BNBUSDT,388,2,1,BELOW,GIU,CHAN,3,false,false,,
BNBUSDT,391,15,2,ABOVE,PHA_GIA,XUYEN_THAT,2,true,true,5,false
BNBUSDT,392,11,2,BELOW,XUYEN_THAT,XUYEN_THAT,2,true,false,4,false
BNBUSDT,393,8,2,BELOW,XUYEN_THAT,XUYEN_THAT,1,true,false,4,false
BNBUSDT,394,4,2,BELOW,PHA_GIA,CHAN,1,true,true,0,false
BNBUSDT,395,6,2,BELOW,XUYEN_THAT,XUYEN_THAT,0,true,false,7,false
BNBUSDT,396,2,2,BELOW,PHA_GIA,CHAN,1,true,true,2,false
BNBUSDT,397,2,1,ABOVE,PHA_GIA,CHAN,1,true,true,4,false
BNBUSDT,398,6,2,BELOW,PHA_GIA,XUYEN_THAT,2,true,true,2,false
BNBUSDT,399,18,2,BELOW,PHA_GIA,XUYEN_THAT,1,true,true,6,false
BNBUSDT,400,15,2,ABOVE,PHA_GIA,XUYEN_THAT,0,true,true,5,false
BNBUSDT,402,11,2,BELOW,GIU,XUYEN_THAT,1,false,false,,
BNBUSDT,403,7,2,ABOVE,GIU,XUYEN_THAT,0,false,false,,
BNBUSDT,404,7,2,BELOW,PHA_GIA,XUYEN_THAT,1,true,true,0,false
BNBUSDT,405,5,2,ABOVE,XUYEN_THAT,XUYEN_THAT,2,true,false,8,false
BNBUSDT,406,2,1,ABOVE,GIU,CHAN,3,false,false,,
BNBUSDT,407,3,1,BELOW,GIU,CHAN,1,false,false,,
BNBUSDT,408,9,2,BELOW,PHA_GIA,XUYEN_THAT,2,true,true,0,false
BNBUSDT,409,28,2,BELOW,GIU,XUYEN_THAT,2,false,false,,
BNBUSDT,410,4,2,ABOVE,PHA_GIA,CHAN,2,true,true,8,false
BNBUSDT,411,4,2,BELOW,GIU,XUYEN_THAT,2,false,false,,
BNBUSDT,413,23,2,BELOW,PHA_GIA,XUYEN_THAT,2,true,true,1,false
BNBUSDT,414,15,2,BELOW,PHA_GIA,XUYEN_THAT,1,true,true,1,false
BNBUSDT,417,14,2,ABOVE,GIU,XUYEN_THAT,1,false,false,,
BNBUSDT,419,21,2,ABOVE,XUYEN_THAT,XUYEN_THAT,1,true,false,1,false
BNBUSDT,420,13,2,BELOW,GIU,XUYEN_THAT,1,false,false,,
BNBUSDT,422,5,2,BELOW,XUYEN_THAT,XUYEN_THAT,0,true,false,2,false
BNBUSDT,423,4,2,BELOW,GIU,XUYEN_THAT,1,false,false,,
BNBUSDT,425,4,1,ABOVE,PHA_GIA,CHAN,2,true,true,2,false
BNBUSDT,426,4,2,BELOW,XUYEN_THAT,XUYEN_THAT,1,true,false,7,false
BNBUSDT,428,5,2,ABOVE,GIU,XUYEN_THAT,2,false,false,,
BNBUSDT,429,3,1,ABOVE,GIU,CHAN,3,false,false,,
BNBUSDT,430,3,2,ABOVE,XUYEN_THAT,XUYEN_THAT,1,true,false,0,false
BNBUSDT,431,15,2,BELOW,GIU,XUYEN_THAT,2,false,false,,
BNBUSDT,432,10,2,BELOW,PHA_GIA,XUYEN_THAT,2,true,true,5,false
BNBUSDT,433,2,1,BELOW,GIU,CHAN,3,false,false,,
BNBUSDT,434,5,2,BELOW,PHA_GIA,XUYEN_THAT,3,true,true,1,false
BNBUSDT,435,5,1,BELOW,GIU,CHAN,2,false,false,,
BNBUSDT,437,3,2,ABOVE,XUYEN_THAT,XUYEN_THAT,3,true,false,7,false
BNBUSDT,438,3,1,ABOVE,XUYEN_THAT,XUYEN_THAT,1,true,false,3,false
BNBUSDT,439,1,1,ABOVE,GIU,CHAN,2,false,false,,
BNBUSDT,440,2,1,BELOW,GIU,CHAN,2,false,false,,
BNBUSDT,441,18,2,BELOW,PHA_GIA,XUYEN_THAT,3,true,true,6,false
BNBUSDT,442,2,1,BELOW,GIU,CHAN,1,false,false,,
BNBUSDT,444,9,2,ABOVE,PHA_GIA,XUYEN_THAT,2,true,true,4,false
BNBUSDT,446,5,1,ABOVE,GIU,CHAN,0,false,false,,
BNBUSDT,447,2,1,ABOVE,GIU,CHAN,1,false,false,,
BNBUSDT,448,10,2,ABOVE,GIU,XUYEN_THAT,2,false,false,,
BNBUSDT,449,8,2,BELOW,PHA_GIA,XUYEN_THAT,1,true,true,4,false
BNBUSDT,451,5,2,BELOW,GIU,XUYEN_THAT,3,false,false,,
BNBUSDT,452,5,1,ABOVE,GIU,CHAN,2,false,false,,
BNBUSDT,453,16,2,ABOVE,PHA_GIA,XUYEN_THAT,1,true,true,1,false
BNBUSDT,454,1,1,ABOVE,PHA_GIA,CHAN,1,true,true,0,false
BNBUSDT,455,5,2,BELOW,GIU,CHAN,2,false,false,,
BNBUSDT,456,3,2,BELOW,GIU,CHAN,2,false,false,,
BNBUSDT,458,32,2,ABOVE,XUYEN_THAT,XUYEN_THAT,1,true,false,1,false
BNBUSDT,459,4,1,ABOVE,GIU,CHAN,2,false,false,,
BNBUSDT,460,2,1,BELOW,PHA_GIA,CHAN,2,true,true,4,false
BNBUSDT,461,5,1,BELOW,GIU,XUYEN_THAT,2,false,false,,
BNBUSDT,463,10,2,BELOW,GIU,XUYEN_THAT,2,false,false,,
BNBUSDT,464,17,2,BELOW,XUYEN_THAT,XUYEN_THAT,0,true,false,4,false
BNBUSDT,465,1,1,BELOW,GIU,CHAN,1,false,false,,
BNBUSDT,466,1,1,ABOVE,XUYEN_THAT,XUYEN_THAT,1,true,false,1,false
BNBUSDT,467,1,1,BELOW,GIU,CHAN,1,false,false,,
BNBUSDT,468,8,2,ABOVE,GIU,XUYEN_THAT,0,false,false,,
BNBUSDT,469,12,2,BELOW,PHA_GIA,XUYEN_THAT,3,true,true,5,false
BNBUSDT,472,5,2,BELOW,GIU,CHAN,1,false,false,,
BNBUSDT,473,11,2,ABOVE,XUYEN_THAT,XUYEN_THAT,1,true,false,2,true
BNBUSDT,475,4,2,ABOVE,XUYEN_THAT,XUYEN_THAT,2,true,false,6,false
BNBUSDT,476,3,1,ABOVE,GIU,XUYEN_THAT,1,false,false,,
BNBUSDT,478,4,2,ABOVE,PHA_GIA,XUYEN_THAT,1,true,true,1,false
BNBUSDT,480,2,1,ABOVE,GIU,CHAN,3,false,false,,
BNBUSDT,481,6,2,BELOW,PHA_GIA,XUYEN_THAT,4,true,true,3,false
BNBUSDT,482,17,2,BELOW,PHA_GIA,XUYEN_THAT,2,true,true,3,false
BNBUSDT,485,12,2,BELOW,GIU,XUYEN_THAT,0,false,false,,
BNBUSDT,486,1,1,BELOW,GIU,CHAN,3,false,false,,
BNBUSDT,487,8,2,BELOW,PHA_GIA,XUYEN_THAT,2,true,true,8,false
BNBUSDT,488,7,2,BELOW,PHA_GIA,XUYEN_THAT,1,true,true,5,false
BNBUSDT,489,5,1,ABOVE,PHA_GIA,CHAN,1,true,true,2,false
BNBUSDT,490,9,2,ABOVE,XUYEN_THAT,XUYEN_THAT,2,true,false,3,true
BNBUSDT,491,5,1,ABOVE,GIU,CHAN,3,false,false,,
BNBUSDT,492,26,2,ABOVE,XUYEN_THAT,XUYEN_THAT,1,true,false,6,false
BNBUSDT,494,3,2,BELOW,PHA_GIA,XUYEN_THAT,1,true,true,3,false
BNBUSDT,495,11,2,ABOVE,PHA_GIA,XUYEN_THAT,3,true,true,5,false
BNBUSDT,496,16,2,BELOW,PHA_GIA,XUYEN_THAT,2,true,true,4,false
BNBUSDT,497,17,2,BELOW,GIU,XUYEN_THAT,2,false,false,,
BNBUSDT,498,6,2,BELOW,GIU,XUYEN_THAT,2,false,false,,
BNBUSDT,499,4,1,ABOVE,GIU,CHAN,2,false,false,,
BNBUSDT,500,9,2,BELOW,XUYEN_THAT,XUYEN_THAT,2,true,false,2,false
BNBUSDT,501,8,2,ABOVE,PHA_GIA,XUYEN_THAT,1,true,true,1,false
BNBUSDT,502,6,1,BELOW,GIU,CHAN,1,false,false,,
BNBUSDT,504,5,2,BELOW,PHA_GIA,XUYEN_THAT,1,true,true,1,false
BNBUSDT,505,2,1,ABOVE,GIU,CHAN,2,false,false,,
BNBUSDT,508,1,1,ABOVE,GIU,CHAN,2,false,false,,
BNBUSDT,509,8,2,BELOW,XUYEN_THAT,XUYEN_THAT,2,true,false,3,false
BNBUSDT,510,10,1,BELOW,GIU,CHAN,2,false,false,,
BNBUSDT,511,3,2,BELOW,PHA_GIA,XUYEN_THAT,1,true,true,2,false
BNBUSDT,513,9,2,ABOVE,GIU,CHAN,1,false,false,,
BNBUSDT,514,4,2,ABOVE,XUYEN_THAT,XUYEN_THAT,1,true,false,0,false
BNBUSDT,516,15,2,ABOVE,PHA_GIA,XUYEN_THAT,1,true,true,1,false
BNBUSDT,517,5,2,ABOVE,GIU,CHAN,2,false,false,,
BNBUSDT,519,3,2,BELOW,PHA_GIA,XUYEN_THAT,1,true,true,0,false
BNBUSDT,520,9,2,BELOW,PHA_GIA,XUYEN_THAT,1,true,true,1,false
BNBUSDT,522,20,2,BELOW,GIU,XUYEN_THAT,2,false,false,,
BNBUSDT,523,19,2,ABOVE,GIU,XUYEN_THAT,1,false,false,,
BNBUSDT,525,1,1,ABOVE,GIU,CHAN,2,false,false,,
BNBUSDT,527,5,2,ABOVE,PHA_GIA,XUYEN_THAT,1,true,true,1,false
BNBUSDT,528,2,1,BELOW,GIU,CHAN,1,false,false,,
BNBUSDT,530,2,1,ABOVE,GIU,CHAN,2,false,false,,
BNBUSDT,534,25,2,BELOW,PHA_GIA,XUYEN_THAT,1,true,true,3,false
BNBUSDT,535,2,1,ABOVE,GIU,CHAN,3,false,false,,
BNBUSDT,536,1,1,BELOW,GIU,CHAN,3,false,false,,
BNBUSDT,537,1,1,ABOVE,GIU,CHAN,1,false,false,,
BNBUSDT,538,3,2,BELOW,XUYEN_THAT,XUYEN_THAT,1,true,false,1,false
BNBUSDT,539,4,2,ABOVE,XUYEN_THAT,XUYEN_THAT,2,true,false,6,false
BNBUSDT,542,30,2,BELOW,XUYEN_THAT,XUYEN_THAT,1,true,false,1,false
BNBUSDT,547,5,2,BELOW,PHA_GIA,XUYEN_THAT,1,true,true,0,false
BNBUSDT,548,5,1,ABOVE,GIU,CHAN,1,false,false,,
BNBUSDT,549,4,2,ABOVE,PHA_GIA,CHAN,2,true,true,6,false
BNBUSDT,550,5,2,ABOVE,XUYEN_THAT,XUYEN_THAT,3,true,false,4,false
BNBUSDT,551,1,1,BELOW,PHA_GIA,CHAN,0,true,true,2,false
BNBUSDT,552,5,1,ABOVE,GIU,CHAN,1,false,false,,
BNBUSDT,553,15,2,BELOW,GIU,CHAN,4,false,false,,
BNBUSDT,556,57,2,ABOVE,GIU,XUYEN_THAT,2,false,false,,
BNBUSDT,557,6,2,BELOW,PHA_GIA,XUYEN_THAT,3,true,true,5,false
BNBUSDT,559,3,2,ABOVE,PHA_GIA,CHAN,1,true,true,1,false
BNBUSDT,562,9,2,ABOVE,GIU,XUYEN_THAT,1,false,false,,
BNBUSDT,563,6,2,BELOW,PHA_GIA,XUYEN_THAT,2,true,true,0,false
BNBUSDT,565,5,2,BELOW,XUYEN_THAT,XUYEN_THAT,1,true,false,1,false
BNBUSDT,566,2,1,ABOVE,PHA_GIA,CHAN,0,true,true,0,false
BNBUSDT,568,27,2,ABOVE,PHA_GIA,XUYEN_THAT,1,true,true,1,false
BNBUSDT,569,1,1,BELOW,GIU,CHAN,3,false,false,,
BNBUSDT,570,15,2,BELOW,GIU,CHAN,0,false,false,,
BNBUSDT,574,16,2,ABOVE,PHA_GIA,XUYEN_THAT,2,true,true,2,false
BNBUSDT,575,6,2,ABOVE,GIU,CHAN,1,false,false,,
BNBUSDT,578,6,2,ABOVE,XUYEN_THAT,XUYEN_THAT,3,true,false,2,false
BNBUSDT,579,16,2,ABOVE,GIU,XUYEN_THAT,3,false,false,,
BNBUSDT,580,3,2,BELOW,PHA_GIA,CHAN,2,true,true,7,false
BNBUSDT,581,8,2,ABOVE,GIU,CHAN,3,false,false,,
BNBUSDT,582,1,1,BELOW,GIU,CHAN,1,false,false,,
BNBUSDT,583,7,2,ABOVE,GIU,XUYEN_THAT,4,false,false,,
BNBUSDT,584,2,2,BELOW,PHA_GIA,CHAN,1,true,true,5,false
BNBUSDT,586,10,2,ABOVE,PHA_GIA,XUYEN_THAT,2,true,true,2,false
BNBUSDT,587,1,1,BELOW,GIU,CHAN,1,false,false,,
BNBUSDT,588,3,1,BELOW,GIU,CHAN,2,false,false,,
BNBUSDT,589,16,2,BELOW,GIU,XUYEN_THAT,1,false,false,,
BNBUSDT,590,5,1,ABOVE,GIU,CHAN,2,false,false,,
BNBUSDT,591,3,1,ABOVE,GIU,CHAN,1,false,false,,
BNBUSDT,592,3,1,ABOVE,GIU,CHAN,1,false,false,,
BNBUSDT,594,18,2,ABOVE,PHA_GIA,XUYEN_THAT,1,true,true,2,false
BNBUSDT,597,6,2,BELOW,XUYEN_THAT,XUYEN_THAT,2,true,false,3,false
BNBUSDT,598,3,2,BELOW,PHA_GIA,CHAN,1,true,true,2,false
BNBUSDT,599,1,1,BELOW,GIU,CHAN,2,false,false,,
BNBUSDT,600,18,2,ABOVE,PHA_GIA,XUYEN_THAT,0,true,true,0,false
BNBUSDT,601,30,2,BELOW,GIU,XUYEN_THAT,1,false,false,,
BNBUSDT,602,3,1,ABOVE,PHA_GIA,CHAN,3,true,true,3,false
BNBUSDT,603,3,1,ABOVE,GIU,CHAN,1,false,false,,
BNBUSDT,604,68,2,BELOW,GIU,XUYEN_THAT,3,false,false,,
BNBUSDT,605,1,1,BELOW,XUYEN_THAT,XUYEN_THAT,1,true,false,0,false
BNBUSDT,606,6,2,BELOW,XUYEN_THAT,XUYEN_THAT,1,true,false,7,false
BNBUSDT,607,2,2,BELOW,XUYEN_THAT,XUYEN_THAT,2,true,false,0,false
BNBUSDT,608,25,2,ABOVE,XUYEN_THAT,XUYEN_THAT,1,true,false,7,false
BNBUSDT,609,7,1,ABOVE,GIU,XUYEN_THAT,1,false,false,,
BNBUSDT,610,6,2,ABOVE,XUYEN_THAT,XUYEN_THAT,0,true,false,2,false
BNBUSDT,611,2,2,BELOW,PHA_GIA,CHAN,3,true,true,2,false
BNBUSDT,612,18,2,BELOW,GIU,XUYEN_THAT,3,false,false,,
BNBUSDT,613,19,2,ABOVE,GIU,XUYEN_THAT,2,false,false,,
BNBUSDT,615,3,1,ABOVE,GIU,CHAN,1,false,false,,
BNBUSDT,616,6,2,BELOW,GIU,XUYEN_THAT,2,false,false,,
BNBUSDT,617,4,1,BELOW,GIU,CHAN,1,false,false,,
BNBUSDT,618,4,2,BELOW,XUYEN_THAT,XUYEN_THAT,3,true,false,6,false
BNBUSDT,619,11,2,ABOVE,PHA_GIA,XUYEN_THAT,1,true,true,5,false
BNBUSDT,620,5,1,ABOVE,PHA_GIA,CHAN,2,true,true,2,false
BNBUSDT,621,3,1,ABOVE,PHA_GIA,CHAN,2,true,true,8,false
BNBUSDT,622,3,1,ABOVE,GIU,CHAN,1,false,false,,
BNBUSDT,623,2,1,ABOVE,GIU,CHAN,2,false,false,,
BNBUSDT,624,14,2,ABOVE,PHA_GIA,XUYEN_THAT,1,true,true,4,false
BNBUSDT,625,13,2,BELOW,PHA_GIA,XUYEN_THAT,2,true,true,4,false
BNBUSDT,626,6,2,BELOW,PHA_GIA,CHAN,3,true,true,5,false
BNBUSDT,628,4,2,BELOW,XUYEN_THAT,XUYEN_THAT,1,true,false,6,false
BNBUSDT,629,8,2,ABOVE,PHA_GIA,CHAN,0,true,true,1,false
BNBUSDT,630,19,2,BELOW,GIU,XUYEN_THAT,1,false,false,,
BNBUSDT,631,5,1,BELOW,GIU,XUYEN_THAT,1,false,false,,
BNBUSDT,632,2,2,BELOW,PHA_GIA,CHAN,2,true,true,4,false
BNBUSDT,634,9,2,BELOW,GIU,CHAN,1,false,false,,
BNBUSDT,635,15,2,ABOVE,PHA_GIA,XUYEN_THAT,0,true,true,1,false
BNBUSDT,636,3,1,ABOVE,GIU,CHAN,5,false,false,,
BNBUSDT,640,10,2,BELOW,GIU,XUYEN_THAT,1,false,false,,
BNBUSDT,641,6,2,ABOVE,XUYEN_THAT,XUYEN_THAT,3,true,false,5,false
BNBUSDT,642,4,2,ABOVE,GIU,XUYEN_THAT,2,false,false,,
BNBUSDT,643,4,1,ABOVE,GIU,CHAN,0,false,false,,
BNBUSDT,644,4,2,BELOW,XUYEN_THAT,XUYEN_THAT,2,true,false,2,false
BNBUSDT,645,5,1,BELOW,GIU,CHAN,4,false,false,,
BNBUSDT,646,19,2,ABOVE,XUYEN_THAT,XUYEN_THAT,1,true,false,7,false
BNBUSDT,647,3,2,ABOVE,PHA_GIA,XUYEN_THAT,3,true,true,2,false
BNBUSDT,648,4,2,ABOVE,XUYEN_THAT,XUYEN_THAT,0,true,false,3,false
BNBUSDT,649,18,2,BELOW,GIU,XUYEN_THAT,3,false,false,,
BNBUSDT,650,13,2,BELOW,XUYEN_THAT,XUYEN_THAT,1,true,false,1,false
BNBUSDT,651,12,2,ABOVE,GIU,XUYEN_THAT,1,false,false,,
BNBUSDT,652,12,2,BELOW,PHA_GIA,XUYEN_THAT,2,true,true,7,false
BNBUSDT,653,13,2,BELOW,XUYEN_THAT,XUYEN_THAT,1,true,false,0,false
BNBUSDT,655,5,2,BELOW,XUYEN_THAT,XUYEN_THAT,0,true,false,0,false
BNBUSDT,656,13,2,BELOW,PHA_GIA,XUYEN_THAT,2,true,true,0,false
BNBUSDT,659,10,2,BELOW,GIU,XUYEN_THAT,1,false,false,,
BNBUSDT,660,2,1,BELOW,GIU,CHAN,1,false,false,,
BNBUSDT,662,17,2,ABOVE,PHA_GIA,XUYEN_THAT,1,true,true,4,false
BNBUSDT,663,2,2,ABOVE,PHA_GIA,CHAN,3,true,true,1,false
BNBUSDT,665,2,1,BELOW,PHA_GIA,CHAN,3,true,true,3,false
BNBUSDT,666,8,2,ABOVE,XUYEN_THAT,XUYEN_THAT,2,true,false,6,false
BNBUSDT,668,1,1,ABOVE,GIU,CHAN,2,false,false,,
BNBUSDT,669,22,2,BELOW,PHA_GIA,XUYEN_THAT,2,true,true,7,false
BNBUSDT,670,8,2,BELOW,XUYEN_THAT,XUYEN_THAT,2,true,false,5,false
BNBUSDT,672,12,2,ABOVE,PHA_GIA,XUYEN_THAT,2,true,true,0,false
BNBUSDT,673,1,1,ABOVE,GIU,CHAN,1,false,false,,
BNBUSDT,674,11,2,ABOVE,PHA_GIA,XUYEN_THAT,0,true,true,7,false
BNBUSDT,676,1,1,ABOVE,GIU,CHAN,1,false,false,,
BNBUSDT,677,9,2,BELOW,PHA_GIA,XUYEN_THAT,1,true,true,0,false
BNBUSDT,678,7,2,ABOVE,GIU,XUYEN_THAT,3,false,false,,
BNBUSDT,679,41,2,ABOVE,XUYEN_THAT,XUYEN_THAT,2,true,false,3,false
BNBUSDT,680,5,2,ABOVE,XUYEN_THAT,XUYEN_THAT,1,true,false,1,false
BNBUSDT,681,18,2,BELOW,PHA_GIA,XUYEN_THAT,1,true,true,7,false
BNBUSDT,684,25,2,BELOW,PHA_GIA,XUYEN_THAT,3,true,true,1,false
BNBUSDT,685,2,1,ABOVE,GIU,CHAN,3,false,false,,
BNBUSDT,687,16,2,ABOVE,GIU,XUYEN_THAT,1,false,false,,
BNBUSDT,688,8,2,ABOVE,PHA_GIA,XUYEN_THAT,1,true,true,3,false
BNBUSDT,690,6,2,BELOW,XUYEN_THAT,XUYEN_THAT,2,true,false,8,false
BNBUSDT,691,8,2,ABOVE,PHA_GIA,XUYEN_THAT,0,true,true,1,false
BNBUSDT,692,36,2,ABOVE,GIU,XUYEN_THAT,4,false,false,,
BNBUSDT,693,9,2,ABOVE,GIU,CHAN,3,false,false,,
BNBUSDT,694,2,1,ABOVE,GIU,CHAN,0,false,false,,
BNBUSDT,695,1,1,BELOW,GIU,CHAN,2,false,false,,
BNBUSDT,696,17,2,BELOW,PHA_GIA,XUYEN_THAT,1,true,true,0,false
BNBUSDT,697,17,2,BELOW,GIU,XUYEN_THAT,1,false,false,,
BNBUSDT,699,7,1,ABOVE,GIU,CHAN,1,false,false,,
BNBUSDT,700,12,2,ABOVE,GIU,XUYEN_THAT,2,false,false,,
BNBUSDT,701,2,2,BELOW,PHA_GIA,CHAN,1,true,true,1,false
BNBUSDT,703,5,1,BELOW,GIU,CHAN,4,false,false,,
BNBUSDT,704,13,2,BELOW,PHA_GIA,XUYEN_THAT,3,true,true,6,false
BNBUSDT,705,16,2,ABOVE,PHA_GIA,XUYEN_THAT,1,true,true,3,false
BNBUSDT,706,4,2,BELOW,XUYEN_THAT,XUYEN_THAT,4,true,false,5,false
BNBUSDT,708,22,2,BELOW,PHA_GIA,XUYEN_THAT,1,true,true,2,false
BNBUSDT,709,4,2,ABOVE,PHA_GIA,XUYEN_THAT,0,true,true,0,false
BNBUSDT,710,3,1,BELOW,GIU,CHAN,2,false,false,,
BNBUSDT,711,3,2,BELOW,XUYEN_THAT,XUYEN_THAT,1,true,false,0,false
BNBUSDT,713,21,2,BELOW,PHA_GIA,XUYEN_THAT,2,true,true,5,false
BNBUSDT,715,2,1,BELOW,PHA_GIA,CHAN,0,true,true,0,false
BNBUSDT,716,2,1,BELOW,GIU,CHAN,2,false,false,,
BNBUSDT,717,8,2,BELOW,GIU,CHAN,2,false,false,,
BNBUSDT,720,1,1,BELOW,GIU,CHAN,2,false,false,,
BNBUSDT,721,18,2,BELOW,GIU,XUYEN_THAT,0,false,false,,
BNBUSDT,722,12,2,ABOVE,GIU,XUYEN_THAT,4,false,false,,
BNBUSDT,723,11,2,ABOVE,PHA_GIA,XUYEN_THAT,0,true,true,2,false
BNBUSDT,724,1,1,ABOVE,PHA_GIA,CHAN,1,true,true,4,false
BNBUSDT,726,18,2,BELOW,GIU,XUYEN_THAT,0,false,false,,
BNBUSDT,727,1,1,BELOW,GIU,CHAN,2,false,false,,
BNBUSDT,728,1,1,BELOW,GIU,CHAN,2,false,false,,
BNBUSDT,729,1,1,BELOW,GIU,CHAN,2,false,false,,
BNBUSDT,730,5,1,BELOW,GIU,CHAN,3,false,false,,
BNBUSDT,731,1,1,ABOVE,GIU,CHAN,1,false,false,,
BNBUSDT,732,1,1,BELOW,GIU,CHAN,2,false,false,,
BNBUSDT,733,2,1,BELOW,GIU,CHAN,3,false,false,,
BNBUSDT,734,9,2,BELOW,GIU,XUYEN_THAT,1,false,false,,
BNBUSDT,735,23,2,ABOVE,PHA_GIA,XUYEN_THAT,2,true,true,5,false
BNBUSDT,738,1,1,ABOVE,GIU,CHAN,1,false,false,,
BNBUSDT,740,1,1,ABOVE,GIU,CHAN,2,false,false,,
BNBUSDT,741,9,2,BELOW,XUYEN_THAT,XUYEN_THAT,2,true,false,1,false
BNBUSDT,742,10,2,BELOW,PHA_GIA,CHAN,0,true,true,0,false
BNBUSDT,743,15,2,BELOW,GIU,XUYEN_THAT,1,false,false,,
BNBUSDT,745,6,2,BELOW,GIU,XUYEN_THAT,1,false,false,,
BNBUSDT,746,11,2,BELOW,XUYEN_THAT,XUYEN_THAT,0,true,false,0,false
BNBUSDT,748,7,2,BELOW,XUYEN_THAT,XUYEN_THAT,1,true,false,7,false
BNBUSDT,749,4,1,ABOVE,GIU,CHAN,1,false,false,,
BNBUSDT,750,9,2,ABOVE,PHA_GIA,XUYEN_THAT,2,true,true,1,false
BNBUSDT,751,8,2,ABOVE,PHA_GIA,XUYEN_THAT,1,true,true,1,false
BNBUSDT,753,6,2,BELOW,GIU,XUYEN_THAT,4,false,false,,
BNBUSDT,754,5,1,BELOW,GIU,CHAN,0,false,false,,
BNBUSDT,755,1,1,ABOVE,GIU,CHAN,1,false,false,,
BNBUSDT,757,6,1,BELOW,GIU,XUYEN_THAT,2,false,false,,
BNBUSDT,758,9,2,BELOW,XUYEN_THAT,XUYEN_THAT,4,true,false,4,false
BNBUSDT,759,14,2,BELOW,GIU,XUYEN_THAT,1,false,false,,
BNBUSDT,760,25,2,ABOVE,PHA_GIA,XUYEN_THAT,0,true,true,0,false
BNBUSDT,762,10,2,BELOW,PHA_GIA,XUYEN_THAT,3,true,true,4,false
BNBUSDT,763,4,2,ABOVE,XUYEN_THAT,XUYEN_THAT,1,true,false,3,true
BNBUSDT,764,8,2,BELOW,GIU,XUYEN_THAT,1,false,false,,
BNBUSDT,765,8,2,ABOVE,PHA_GIA,XUYEN_THAT,1,true,true,0,false
BNBUSDT,766,6,2,BELOW,XUYEN_THAT,XUYEN_THAT,3,true,false,7,false
BNBUSDT,767,6,2,ABOVE,PHA_GIA,CHAN,1,true,true,4,false
BNBUSDT,768,3,1,ABOVE,GIU,CHAN,0,false,false,,
BNBUSDT,769,13,2,BELOW,GIU,XUYEN_THAT,4,false,false,,
BNBUSDT,771,2,1,BELOW,GIU,CHAN,1,false,false,,
BNBUSDT,773,8,2,BELOW,XUYEN_THAT,XUYEN_THAT,3,true,false,3,false
BNBUSDT,775,15,2,ABOVE,XUYEN_THAT,XUYEN_THAT,0,true,false,0,false
BNBUSDT,777,1,1,BELOW,GIU,CHAN,1,false,false,,
BNBUSDT,778,1,1,BELOW,GIU,CHAN,1,false,false,,
BNBUSDT,779,1,1,ABOVE,XUYEN_THAT,XUYEN_THAT,1,true,false,2,false
BNBUSDT,780,6,2,ABOVE,PHA_GIA,XUYEN_THAT,2,true,true,7,false
BNBUSDT,781,2,1,BELOW,PHA_GIA,CHAN,1,true,true,0,false
BNBUSDT,783,11,2,BELOW,XUYEN_THAT,XUYEN_THAT,0,true,false,4,false
BNBUSDT,784,9,2,BELOW,XUYEN_THAT,XUYEN_THAT,2,true,false,8,false
BNBUSDT,785,1,1,BELOW,PHA_GIA,CHAN,1,true,true,5,false
BNBUSDT,787,7,2,ABOVE,GIU,XUYEN_THAT,1,false,false,,
BNBUSDT,788,17,2,ABOVE,PHA_GIA,XUYEN_THAT,3,true,true,8,false
BNBUSDT,789,26,2,ABOVE,GIU,XUYEN_THAT,1,false,false,,
BNBUSDT,790,2,1,ABOVE,GIU,CHAN,1,false,false,,
BNBUSDT,791,1,1,ABOVE,PHA_GIA,CHAN,1,true,true,2,false
BNBUSDT,792,6,2,BELOW,GIU,XUYEN_THAT,3,false,false,,
BNBUSDT,793,11,2,BELOW,PHA_GIA,XUYEN_THAT,2,true,true,6,false
BNBUSDT,794,5,2,BELOW,PHA_GIA,XUYEN_THAT,3,true,true,2,false
BNBUSDT,796,12,2,ABOVE,PHA_GIA,XUYEN_THAT,2,true,true,1,false
BNBUSDT,797,6,2,BELOW,GIU,XUYEN_THAT,3,false,false,,
BNBUSDT,798,11,2,BELOW,XUYEN_THAT,XUYEN_THAT,1,true,false,1,false
BNBUSDT,799,5,2,ABOVE,XUYEN_THAT,XUYEN_THAT,1,true,false,3,false
BNBUSDT,800,5,1,BELOW,GIU,CHAN,1,false,false,,
BNBUSDT,801,1,1,ABOVE,GIU,CHAN,2,false,false,,
BNBUSDT,802,4,2,ABOVE,GIU,XUYEN_THAT,0,false,false,,
BNBUSDT,803,8,2,ABOVE,GIU,XUYEN_THAT,2,false,false,,
BNBUSDT,805,6,2,BELOW,GIU,XUYEN_THAT,1,false,false,,
BNBUSDT,806,13,2,BELOW,XUYEN_THAT,XUYEN_THAT,2,true,false,0,false
BNBUSDT,807,3,1,BELOW,GIU,CHAN,1,false,false,,
BNBUSDT,808,3,1,ABOVE,GIU,XUYEN_THAT,4,false,false,,
BNBUSDT,809,8,2,ABOVE,PHA_GIA,XUYEN_THAT,1,true,true,0,false
BNBUSDT,810,5,2,ABOVE,XUYEN_THAT,XUYEN_THAT,3,true,false,5,false
BNBUSDT,811,2,1,ABOVE,XUYEN_THAT,XUYEN_THAT,2,true,false,3,false
BNBUSDT,812,1,1,BELOW,PHA_GIA,CHAN,3,true,true,3,false
BNBUSDT,813,2,2,BELOW,PHA_GIA,CHAN,1,true,true,0,false
BNBUSDT,814,23,2,ABOVE,GIU,XUYEN_THAT,2,false,false,,
BNBUSDT,815,4,2,ABOVE,PHA_GIA,XUYEN_THAT,1,true,true,2,false
BNBUSDT,817,7,2,ABOVE,XUYEN_THAT,XUYEN_THAT,1,true,false,2,false
BNBUSDT,818,4,2,BELOW,PHA_GIA,XUYEN_THAT,3,true,true,2,false
BNBUSDT,820,5,2,BELOW,XUYEN_THAT,XUYEN_THAT,1,true,false,2,false
BNBUSDT,821,1,1,BELOW,GIU,CHAN,1,false,false,,
BNBUSDT,822,33,2,ABOVE,GIU,XUYEN_THAT,3,false,false,,
BNBUSDT,823,4,2,BELOW,XUYEN_THAT,XUYEN_THAT,2,true,false,4,false
BNBUSDT,824,3,1,ABOVE,GIU,CHAN,1,false,false,,
BNBUSDT,825,4,1,BELOW,GIU,CHAN,2,false,false,,
BNBUSDT,826,1,1,ABOVE,GIU,CHAN,2,false,false,,
BNBUSDT,827,16,2,BELOW,PHA_GIA,XUYEN_THAT,0,true,true,0,false
BNBUSDT,828,7,1,BELOW,GIU,CHAN,1,false,false,,
BNBUSDT,829,17,2,ABOVE,XUYEN_THAT,XUYEN_THAT,3,true,false,1,false
BNBUSDT,830,12,2,ABOVE,GIU,XUYEN_THAT,1,false,false,,
BNBUSDT,831,18,2,BELOW,GIU,XUYEN_THAT,4,false,false,,
BNBUSDT,832,3,2,ABOVE,XUYEN_THAT,XUYEN_THAT,0,true,false,0,false
BNBUSDT,833,8,2,BELOW,XUYEN_THAT,XUYEN_THAT,0,true,false,8,false
BNBUSDT,834,6,2,ABOVE,PHA_GIA,XUYEN_THAT,0,true,true,0,false
BNBUSDT,835,19,2,ABOVE,PHA_GIA,XUYEN_THAT,1,true,true,4,false
BNBUSDT,836,3,2,ABOVE,PHA_GIA,XUYEN_THAT,1,true,true,1,false
BNBUSDT,837,10,2,BELOW,GIU,XUYEN_THAT,2,false,false,,
BNBUSDT,838,8,2,ABOVE,GIU,CHAN,2,false,false,,
BNBUSDT,839,2,1,ABOVE,XUYEN_THAT,XUYEN_THAT,1,true,false,3,false
BNBUSDT,840,6,2,BELOW,XUYEN_THAT,XUYEN_THAT,1,true,false,5,false
BNBUSDT,841,8,1,BELOW,GIU,CHAN,3,false,false,,
BNBUSDT,842,3,2,BELOW,GIU,CHAN,3,false,false,,
BNBUSDT,843,2,1,ABOVE,GIU,CHAN,3,false,false,,
BNBUSDT,844,22,2,BELOW,GIU,XUYEN_THAT,3,false,false,,
BNBUSDT,845,9,2,ABOVE,GIU,XUYEN_THAT,1,false,false,,
BNBUSDT,846,4,1,ABOVE,PHA_GIA,CHAN,2,true,true,1,false
BNBUSDT,847,5,1,BELOW,GIU,CHAN,1,false,false,,
BNBUSDT,848,12,2,BELOW,GIU,XUYEN_THAT,1,false,false,,
BNBUSDT,849,18,2,BELOW,XUYEN_THAT,XUYEN_THAT,1,true,false,2,false
BNBUSDT,850,8,2,BELOW,GIU,XUYEN_THAT,2,false,false,,
BNBUSDT,851,3,2,BELOW,GIU,XUYEN_THAT,3,false,false,,
BNBUSDT,852,22,2,BELOW,PHA_GIA,XUYEN_THAT,3,true,true,1,false
BNBUSDT,853,3,2,BELOW,PHA_GIA,CHAN,1,true,true,7,false
BNBUSDT,854,2,1,BELOW,GIU,CHAN,1,false,false,,
BNBUSDT,855,22,2,ABOVE,PHA_GIA,XUYEN_THAT,4,true,true,2,false
BNBUSDT,856,3,1,ABOVE,GIU,XUYEN_THAT,1,false,false,,
BNBUSDT,857,15,2,ABOVE,GIU,XUYEN_THAT,1,false,false,,
BNBUSDT,858,6,2,BELOW,GIU,XUYEN_THAT,2,false,false,,
BNBUSDT,859,17,2,BELOW,GIU,XUYEN_THAT,1,false,false,,
BNBUSDT,860,2,2,ABOVE,PHA_GIA,CHAN,0,true,true,0,false
BNBUSDT,861,10,2,BELOW,GIU,XUYEN_THAT,2,false,false,,
BNBUSDT,862,25,2,ABOVE,GIU,XUYEN_THAT,3,false,false,,
BNBUSDT,863,6,1,BELOW,GIU,CHAN,3,false,false,,
BNBUSDT,864,13,2,ABOVE,GIU,XUYEN_THAT,2,false,false,,
BNBUSDT,865,8,2,ABOVE,XUYEN_THAT,XUYEN_THAT,1,true,false,7,true
BNBUSDT,867,3,2,ABOVE,PHA_GIA,XUYEN_THAT,0,true,true,2,false
BNBUSDT,868,7,2,ABOVE,PHA_GIA,XUYEN_THAT,1,true,true,1,false
BNBUSDT,869,4,2,ABOVE,PHA_GIA,CHAN,3,true,true,2,false
BNBUSDT,870,29,2,BELOW,GIU,XUYEN_THAT,2,false,false,,
BNBUSDT,871,2,1,BELOW,GIU,CHAN,3,false,false,,
BNBUSDT,872,16,2,BELOW,GIU,XUYEN_THAT,3,false,false,,
BNBUSDT,873,36,2,BELOW,GIU,XUYEN_THAT,4,false,false,,
BNBUSDT,874,4,2,ABOVE,XUYEN_THAT,XUYEN_THAT,1,true,false,6,false
BNBUSDT,875,30,2,BELOW,XUYEN_THAT,XUYEN_THAT,2,true,false,2,false
BNBUSDT,876,3,2,ABOVE,PHA_GIA,XUYEN_THAT,0,true,true,0,false
BNBUSDT,877,14,2,ABOVE,GIU,XUYEN_THAT,0,false,false,,
BNBUSDT,878,2,1,ABOVE,GIU,CHAN,2,false,false,,
BNBUSDT,879,7,2,BELOW,PHA_GIA,XUYEN_THAT,1,true,true,0,false
BNBUSDT,880,1,1,ABOVE,XUYEN_THAT,XUYEN_THAT,0,true,false,0,false
BNBUSDT,881,2,2,ABOVE,PHA_GIA,XUYEN_THAT,1,true,true,3,false
BNBUSDT,882,17,2,ABOVE,GIU,XUYEN_THAT,2,false,false,,
BNBUSDT,883,14,2,BELOW,GIU,XUYEN_THAT,3,false,false,,
BNBUSDT,884,1,1,BELOW,GIU,CHAN,1,false,false,,
BNBUSDT,885,5,2,ABOVE,PHA_GIA,XUYEN_THAT,2,true,true,1,false
BNBUSDT,886,3,2,ABOVE,XUYEN_THAT,XUYEN_THAT,0,true,false,0,false
BNBUSDT,887,1,1,ABOVE,XUYEN_THAT,XUYEN_THAT,3,true,false,4,false
BNBUSDT,888,2,2,BELOW,PHA_GIA,CHAN,0,true,true,0,false
BNBUSDT,889,17,2,BELOW,GIU,XUYEN_THAT,2,false,false,,
BNBUSDT,890,12,2,BELOW,XUYEN_THAT,XUYEN_THAT,3,true,false,8,false
BNBUSDT,891,12,2,BELOW,GIU,XUYEN_THAT,3,false,false,,
BNBUSDT,892,1,1,ABOVE,XUYEN_THAT,XUYEN_THAT,0,true,false,0,false
BNBUSDT,893,4,2,BELOW,PHA_GIA,XUYEN_THAT,2,true,true,1,false
BNBUSDT,895,24,2,ABOVE,GIU,CHAN,3,false,false,,
BNBUSDT,896,4,2,ABOVE,PHA_GIA,CHAN,1,true,true,4,false
BNBUSDT,898,2,1,ABOVE,GIU,CHAN,1,false,false,,
BNBUSDT,899,6,2,ABOVE,PHA_GIA,XUYEN_THAT,2,true,true,0,false
BNBUSDT,900,10,2,BELOW,PHA_GIA,XUYEN_THAT,3,true,true,4,false
BNBUSDT,901,5,1,BELOW,GIU,CHAN,1,false,false,,
BNBUSDT,902,4,2,BELOW,GIU,XUYEN_THAT,1,false,false,,
BNBUSDT,903,4,2,BELOW,XUYEN_THAT,XUYEN_THAT,1,true,false,1,false
BNBUSDT,904,1,1,ABOVE,GIU,CHAN,1,false,false,,
BNBUSDT,905,2,2,ABOVE,PHA_GIA,CHAN,1,true,true,0,false
BNBUSDT,906,27,2,BELOW,PHA_GIA,XUYEN_THAT,2,true,true,2,false
BNBUSDT,907,17,2,ABOVE,PHA_GIA,XUYEN_THAT,1,true,true,0,false
BNBUSDT,908,9,2,ABOVE,PHA_GIA,XUYEN_THAT,1,true,true,1,false
BNBUSDT,909,4,2,ABOVE,GIU,XUYEN_THAT,0,false,false,,
BNBUSDT,910,16,2,ABOVE,PHA_GIA,XUYEN_THAT,1,true,true,1,false
BNBUSDT,911,3,2,ABOVE,GIU,XUYEN_THAT,0,false,false,,
BNBUSDT,912,6,2,BELOW,XUYEN_THAT,XUYEN_THAT,2,true,false,1,false
BNBUSDT,914,14,2,BELOW,XUYEN_THAT,XUYEN_THAT,3,true,false,4,false
BNBUSDT,915,18,2,BELOW,PHA_GIA,XUYEN_THAT,2,true,true,1,false
BNBUSDT,916,5,2,BELOW,PHA_GIA,XUYEN_THAT,1,true,true,1,false
BNBUSDT,917,2,2,BELOW,PHA_GIA,CHAN,0,true,true,2,false
BNBUSDT,918,1,1,BELOW,GIU,CHAN,1,false,false,,
BNBUSDT,919,1,1,BELOW,GIU,CHAN,2,false,false,,
BNBUSDT,921,1,1,ABOVE,GIU,CHAN,0,false,false,,
BNBUSDT,923,4,2,BELOW,XUYEN_THAT,XUYEN_THAT,1,true,false,1,false
BNBUSDT,924,7,2,BELOW,PHA_GIA,XUYEN_THAT,3,true,true,0,false
BNBUSDT,925,1,1,ABOVE,GIU,CHAN,1,false,false,,
BNBUSDT,926,12,2,BELOW,PHA_GIA,XUYEN_THAT,1,true,true,4,false
BNBUSDT,927,25,2,ABOVE,PHA_GIA,XUYEN_THAT,1,true,true,2,false
BNBUSDT,928,2,1,BELOW,GIU,CHAN,2,false,false,,
BNBUSDT,929,1,1,ABOVE,GIU,CHAN,0,false,false,,
BNBUSDT,930,11,2,ABOVE,XUYEN_THAT,XUYEN_THAT,1,true,false,1,false
BNBUSDT,931,12,2,BELOW,XUYEN_THAT,XUYEN_THAT,3,true,false,7,false
BNBUSDT,932,21,2,ABOVE,GIU,XUYEN_THAT,1,false,false,,
BNBUSDT,933,14,2,BELOW,XUYEN_THAT,XUYEN_THAT,2,true,false,6,false
BNBUSDT,934,19,2,ABOVE,GIU,XUYEN_THAT,2,false,false,,
BNBUSDT,935,5,2,BELOW,PHA_GIA,XUYEN_THAT,3,true,true,1,false
BNBUSDT,936,7,2,BELOW,XUYEN_THAT,XUYEN_THAT,1,true,false,2,false
BNBUSDT,937,4,2,BELOW,XUYEN_THAT,XUYEN_THAT,2,true,false,3,false
BNBUSDT,938,7,2,BELOW,PHA_GIA,XUYEN_THAT,2,true,true,7,false
BNBUSDT,940,9,2,BELOW,GIU,CHAN,1,false,false,,
BNBUSDT,941,9,2,BELOW,PHA_GIA,XUYEN_THAT,2,true,true,4,false
BNBUSDT,945,13,2,ABOVE,GIU,XUYEN_THAT,2,false,false,,
BNBUSDT,946,27,2,ABOVE,PHA_GIA,XUYEN_THAT,3,true,true,6,false
BNBUSDT,948,9,2,BELOW,XUYEN_THAT,XUYEN_THAT,0,true,false,1,false
BNBUSDT,949,4,2,BELOW,GIU,XUYEN_THAT,2,false,false,,
BNBUSDT,950,6,2,BELOW,XUYEN_THAT,XUYEN_THAT,0,true,false,0,false
BNBUSDT,952,34,2,ABOVE,GIU,XUYEN_THAT,0,false,false,,
BNBUSDT,953,1,1,BELOW,GIU,CHAN,3,false,false,,
BNBUSDT,954,11,2,BELOW,PHA_GIA,XUYEN_THAT,2,true,true,7,false
BNBUSDT,955,2,1,ABOVE,PHA_GIA,CHAN,2,true,true,4,false
BNBUSDT,956,8,2,BELOW,PHA_GIA,CHAN,2,true,true,5,false
BNBUSDT,957,1,1,ABOVE,GIU,CHAN,2,false,false,,
BNBUSDT,961,9,2,BELOW,GIU,XUYEN_THAT,1,false,false,,
BNBUSDT,962,5,1,ABOVE,GIU,CHAN,1,false,false,,
BNBUSDT,963,3,1,ABOVE,GIU,CHAN,2,false,false,,
BNBUSDT,966,15,2,BELOW,GIU,XUYEN_THAT,3,false,false,,
BNBUSDT,967,1,1,BELOW,XUYEN_THAT,XUYEN_THAT,0,true,false,1,false
BNBUSDT,969,1,1,BELOW,XUYEN_THAT,XUYEN_THAT,1,true,false,0,false
BNBUSDT,972,32,2,ABOVE,GIU,XUYEN_THAT,1,false,false,,
BNBUSDT,973,19,2,BELOW,GIU,XUYEN_THAT,4,false,false,,
BNBUSDT,975,20,2,BELOW,XUYEN_THAT,XUYEN_THAT,2,true,false,0,false
BNBUSDT,976,3,2,BELOW,XUYEN_THAT,XUYEN_THAT,1,true,false,2,false
BNBUSDT,977,2,1,ABOVE,XUYEN_THAT,XUYEN_THAT,0,true,false,4,false
BNBUSDT,978,3,2,BELOW,XUYEN_THAT,XUYEN_THAT,2,true,false,1,false
BNBUSDT,980,10,2,ABOVE,PHA_GIA,XUYEN_THAT,1,true,true,1,false
BNBUSDT,981,4,2,ABOVE,XUYEN_THAT,XUYEN_THAT,0,true,false,0,false
BNBUSDT,982,9,2,BELOW,GIU,XUYEN_THAT,5,false,false,,
BNBUSDT,983,14,2,ABOVE,PHA_GIA,XUYEN_THAT,1,true,true,4,false
BNBUSDT,984,5,2,ABOVE,GIU,XUYEN_THAT,2,false,false,,
BNBUSDT,986,7,2,BELOW,GIU,XUYEN_THAT,1,false,false,,
BNBUSDT,987,7,2,BELOW,PHA_GIA,XUYEN_THAT,2,true,true,6,false
BNBUSDT,989,7,1,ABOVE,XUYEN_THAT,XUYEN_THAT,3,true,false,5,false
BNBUSDT,990,12,2,BELOW,PHA_GIA,XUYEN_THAT,1,true,true,1,false
BNBUSDT,991,13,2,BELOW,XUYEN_THAT,XUYEN_THAT,3,true,false,5,false
BNBUSDT,992,3,2,BELOW,PHA_GIA,XUYEN_THAT,3,true,true,3,false
BNBUSDT,995,1,1,ABOVE,GIU,CHAN,1,false,false,,
BNBUSDT,996,17,2,ABOVE,PHA_GIA,XUYEN_THAT,1,true,true,4,false
BNBUSDT,997,11,2,BELOW,GIU,XUYEN_THAT,1,false,false,,
BNBUSDT,998,1,1,BELOW,GIU,CHAN,1,false,false,,
BNBUSDT,999,7,2,BELOW,XUYEN_THAT,XUYEN_THAT,2,true,false,3,false
BNBUSDT,1000,5,1,BELOW,GIU,CHAN,1,false,false,,
BNBUSDT,1001,15,2,BELOW,PHA_GIA,XUYEN_THAT,3,true,true,4,false
BNBUSDT,1002,28,2,BELOW,PHA_GIA,XUYEN_THAT,1,true,true,1,false
BNBUSDT,1003,2,1,BELOW,GIU,CHAN,2,false,false,,
BNBUSDT,1004,20,2,BELOW,GIU,XUYEN_THAT,1,false,false,,
BNBUSDT,1005,18,2,BELOW,XUYEN_THAT,XUYEN_THAT,1,true,false,6,false
BNBUSDT,1008,5,2,BELOW,XUYEN_THAT,XUYEN_THAT,0,true,false,0,false
BNBUSDT,1009,3,2,BELOW,XUYEN_THAT,XUYEN_THAT,1,true,false,0,false
BNBUSDT,1010,7,1,BELOW,GIU,CHAN,3,false,false,,
BNBUSDT,1011,22,2,BELOW,PHA_GIA,XUYEN_THAT,2,true,true,6,false
BNBUSDT,1012,13,2,BELOW,PHA_GIA,XUYEN_THAT,2,true,true,3,false
BNBUSDT,1013,7,2,BELOW,GIU,CHAN,0,false,false,,
BNBUSDT,1014,5,2,BELOW,GIU,CHAN,2,false,false,,
BNBUSDT,1015,6,2,ABOVE,XUYEN_THAT,XUYEN_THAT,0,true,false,2,false
BNBUSDT,1016,13,2,BELOW,PHA_GIA,XUYEN_THAT,1,true,true,0,false
BNBUSDT,1017,10,2,BELOW,XUYEN_THAT,XUYEN_THAT,2,true,false,8,false
BNBUSDT,1018,2,2,ABOVE,PHA_GIA,CHAN,2,true,true,2,false
BNBUSDT,1019,6,2,ABOVE,PHA_GIA,XUYEN_THAT,1,true,true,0,false
BNBUSDT,1020,14,2,ABOVE,GIU,XUYEN_THAT,2,false,false,,
BNBUSDT,1021,5,1,ABOVE,GIU,CHAN,2,false,false,,
BNBUSDT,1025,1,1,ABOVE,PHA_GIA,CHAN,2,true,true,1,false
BNBUSDT,1026,10,2,ABOVE,PHA_GIA,XUYEN_THAT,1,true,true,0,false
BNBUSDT,1027,7,1,BELOW,GIU,CHAN,3,false,false,,
BNBUSDT,1028,4,1,ABOVE,GIU,CHAN,2,false,false,,
BNBUSDT,1029,9,2,BELOW,PHA_GIA,CHAN,3,true,true,4,false
BNBUSDT,1030,4,2,ABOVE,GIU,XUYEN_THAT,1,false,false,,
BNBUSDT,1031,8,2,BELOW,PHA_GIA,XUYEN_THAT,2,true,true,4,false
BNBUSDT,1032,2,2,BELOW,PHA_GIA,CHAN,2,true,true,3,false
BNBUSDT,1034,2,1,ABOVE,GIU,CHAN,3,false,false,,
BNBUSDT,1036,7,2,BELOW,XUYEN_THAT,XUYEN_THAT,1,true,false,1,false
BNBUSDT,1038,17,2,BELOW,GIU,XUYEN_THAT,3,false,false,,
BNBUSDT,1039,10,2,ABOVE,GIU,XUYEN_THAT,2,false,false,,
BNBUSDT,1042,3,1,BELOW,GIU,CHAN,1,false,false,,
BNBUSDT,1043,19,2,BELOW,GIU,XUYEN_THAT,1,false,false,,
BNBUSDT,1044,3,1,BELOW,GIU,CHAN,1,false,false,,
BNBUSDT,1045,10,2,BELOW,GIU,CHAN,1,false,false,,
BNBUSDT,1046,1,1,ABOVE,GIU,CHAN,2,false,false,,
BNBUSDT,1047,4,2,BELOW,GIU,XUYEN_THAT,1,false,false,,
BNBUSDT,1048,6,1,BELOW,GIU,CHAN,1,false,false,,
BNBUSDT,1049,6,1,BELOW,GIU,CHAN,2,false,false,,
BNBUSDT,1050,2,1,ABOVE,GIU,CHAN,2,false,false,,
BNBUSDT,1051,24,2,BELOW,PHA_GIA,XUYEN_THAT,1,true,true,4,false
BNBUSDT,1054,2,1,BELOW,GIU,CHAN,2,false,false,,
BNBUSDT,1057,18,2,ABOVE,GIU,XUYEN_THAT,1,false,false,,
BNBUSDT,1058,12,2,ABOVE,XUYEN_THAT,XUYEN_THAT,1,true,false,1,false
BNBUSDT,1059,23,2,BELOW,PHA_GIA,XUYEN_THAT,3,true,true,3,false
BNBUSDT,1060,1,1,BELOW,XUYEN_THAT,XUYEN_THAT,1,true,false,3,false
BNBUSDT,1061,2,1,BELOW,GIU,CHAN,1,false,false,,
BNBUSDT,1062,2,2,BELOW,PHA_GIA,CHAN,3,true,true,2,false
BNBUSDT,1063,5,1,BELOW,GIU,CHAN,1,false,false,,
BNBUSDT,1064,10,2,ABOVE,GIU,XUYEN_THAT,2,false,false,,
BNBUSDT,1066,14,2,ABOVE,PHA_GIA,XUYEN_THAT,1,true,true,4,false
BNBUSDT,1067,11,2,BELOW,PHA_GIA,XUYEN_THAT,3,true,true,1,false
BNBUSDT,1071,12,2,BELOW,PHA_GIA,XUYEN_THAT,1,true,true,1,false
BNBUSDT,1072,4,1,BELOW,GIU,CHAN,3,false,false,,
BNBUSDT,1073,1,1,BELOW,GIU,CHAN,3,false,false,,
BNBUSDT,1074,1,1,BELOW,GIU,CHAN,2,false,false,,
BNBUSDT,1075,7,2,BELOW,PHA_GIA,XUYEN_THAT,3,true,true,2,false
BNBUSDT,1076,1,1,BELOW,GIU,CHAN,2,false,false,,
BNBUSDT,1077,3,1,BELOW,PHA_GIA,CHAN,0,true,true,4,false
BNBUSDT,1078,1,1,ABOVE,GIU,CHAN,2,false,false,,
BNBUSDT,1079,3,1,BELOW,XUYEN_THAT,XUYEN_THAT,0,true,false,1,false
BNBUSDT,1080,4,1,ABOVE,GIU,CHAN,1,false,false,,
BNBUSDT,1081,11,2,ABOVE,PHA_GIA,XUYEN_THAT,1,true,true,8,false
BNBUSDT,1082,2,2,BELOW,XUYEN_THAT,XUYEN_THAT,0,true,false,0,false
BNBUSDT,1084,3,2,BELOW,XUYEN_THAT,XUYEN_THAT,3,true,false,2,false
BNBUSDT,1085,1,1,ABOVE,GIU,CHAN,0,false,false,,
BNBUSDT,1086,6,1,BELOW,GIU,XUYEN_THAT,3,false,false,,
BNBUSDT,1087,4,2,BELOW,PHA_GIA,XUYEN_THAT,3,true,true,1,false
BNBUSDT,1088,4,2,BELOW,PHA_GIA,CHAN,3,true,true,1,false
BNBUSDT,1089,3,1,BELOW,GIU,CHAN,3,false,false,,
BNBUSDT,1090,2,2,BELOW,PHA_GIA,CHAN,3,true,true,0,false
BNBUSDT,1092,10,2,ABOVE,XUYEN_THAT,XUYEN_THAT,1,true,false,6,false
BNBUSDT,1094,1,1,BELOW,GIU,CHAN,2,false,false,,
BNBUSDT,1096,3,1,BELOW,PHA_GIA,CHAN,0,true,true,0,false
BNBUSDT,1098,1,1,ABOVE,PHA_GIA,CHAN,2,true,true,1,false
BNBUSDT,1099,5,2,BELOW,PHA_GIA,XUYEN_THAT,2,true,true,3,false
BNBUSDT,1100,6,2,BELOW,XUYEN_THAT,XUYEN_THAT,1,true,false,2,false
BNBUSDT,1101,5,2,BELOW,PHA_GIA,CHAN,2,true,true,5,false
BNBUSDT,1103,16,2,ABOVE,GIU,XUYEN_THAT,3,false,false,,
BNBUSDT,1104,3,2,ABOVE,GIU,XUYEN_THAT,2,false,false,,
BNBUSDT,1105,1,1,BELOW,GIU,CHAN,1,false,false,,
BNBUSDT,1106,18,2,ABOVE,GIU,XUYEN_THAT,3,false,false,,
BNBUSDT,1107,1,1,ABOVE,GIU,CHAN,1,false,false,,
BNBUSDT,1109,2,1,ABOVE,XUYEN_THAT,XUYEN_THAT,0,true,false,1,false
BNBUSDT,1110,3,2,ABOVE,PHA_GIA,XUYEN_THAT,1,true,true,1,false
BNBUSDT,1112,15,2,ABOVE,GIU,XUYEN_THAT,2,false,false,,
BNBUSDT,1115,4,1,ABOVE,GIU,CHAN,2,false,false,,
BNBUSDT,1118,4,2,BELOW,PHA_GIA,CHAN,2,true,true,1,false
BNBUSDT,1119,3,1,ABOVE,GIU,XUYEN_THAT,1,false,false,,
BNBUSDT,1120,4,2,ABOVE,GIU,CHAN,2,false,false,,
BNBUSDT,1121,7,2,BELOW,PHA_GIA,XUYEN_THAT,1,true,true,1,false
BNBUSDT,1122,12,2,ABOVE,GIU,XUYEN_THAT,0,false,false,,
BNBUSDT,1123,15,2,ABOVE,PHA_GIA,XUYEN_THAT,3,true,true,1,false
BNBUSDT,1125,1,1,BELOW,GIU,CHAN,1,false,false,,
BNBUSDT,1126,11,2,ABOVE,PHA_GIA,XUYEN_THAT,3,true,true,4,false
BNBUSDT,1127,4,2,BELOW,XUYEN_THAT,XUYEN_THAT,0,true,false,2,false
BNBUSDT,1128,14,2,ABOVE,GIU,XUYEN_THAT,3,false,false,,
BNBUSDT,1129,3,2,BELOW,PHA_GIA,CHAN,1,true,true,4,false
BNBUSDT,1130,8,2,ABOVE,PHA_GIA,CHAN,0,true,true,0,false
BNBUSDT,1131,6,2,ABOVE,XUYEN_THAT,XUYEN_THAT,1,true,false,8,true
BNBUSDT,1132,1,1,ABOVE,GIU,CHAN,2,false,false,,
BNBUSDT,1133,1,1,BELOW,XUYEN_THAT,XUYEN_THAT,1,true,false,0,false
BNBUSDT,1134,2,2,ABOVE,PHA_GIA,CHAN,3,true,true,2,false
BNBUSDT,1136,16,2,ABOVE,XUYEN_THAT,XUYEN_THAT,1,true,false,0,false
BNBUSDT,1137,2,1,ABOVE,XUYEN_THAT,XUYEN_THAT,3,true,false,4,false
BNBUSDT,1138,21,2,BELOW,GIU,XUYEN_THAT,3,false,false,,
BNBUSDT,1140,4,2,BELOW,XUYEN_THAT,XUYEN_THAT,2,true,false,5,false
BNBUSDT,1141,8,2,ABOVE,PHA_GIA,CHAN,1,true,true,3,false
BNBUSDT,1144,1,1,ABOVE,GIU,CHAN,1,false,false,,
BNBUSDT,1145,8,2,ABOVE,PHA_GIA,CHAN,1,true,true,4,false
BNBUSDT,1146,10,2,ABOVE,PHA_GIA,XUYEN_THAT,1,true,true,2,false
BNBUSDT,1147,13,2,ABOVE,XUYEN_THAT,XUYEN_THAT,1,true,false,6,false
BNBUSDT,1149,7,2,BELOW,GIU,XUYEN_THAT,3,false,false,,
BNBUSDT,1150,1,1,BELOW,GIU,CHAN,2,false,false,,
BNBUSDT,1152,10,2,BELOW,GIU,XUYEN_THAT,2,false,false,,
BNBUSDT,1154,1,1,BELOW,GIU,CHAN,1,false,false,,
BNBUSDT,1156,1,1,BELOW,GIU,CHAN,1,false,false,,
BNBUSDT,1158,8,2,BELOW,GIU,XUYEN_THAT,1,false,false,,
BNBUSDT,1159,2,1,ABOVE,PHA_GIA,CHAN,1,true,true,0,false
BNBUSDT,1160,6,2,ABOVE,XUYEN_THAT,XUYEN_THAT,1,true,false,5,false
BNBUSDT,1161,2,2,BELOW,PHA_GIA,CHAN,3,true,true,2,false
BNBUSDT,1162,2,1,BELOW,GIU,CHAN,3,false,false,,
BNBUSDT,1163,9,2,ABOVE,GIU,XUYEN_THAT,2,false,false,,
BNBUSDT,1164,4,1,ABOVE,GIU,CHAN,1,false,false,,
BNBUSDT,1167,13,2,ABOVE,GIU,XUYEN_THAT,1,false,false,,
BNBUSDT,1169,14,2,ABOVE,XUYEN_THAT,XUYEN_THAT,1,true,false,0,false
BNBUSDT,1170,2,2,BELOW,PHA_GIA,XUYEN_THAT,3,true,true,4,false
BNBUSDT,1171,1,1,ABOVE,GIU,CHAN,3,false,false,,
BNBUSDT,1172,20,2,BELOW,XUYEN_THAT,XUYEN_THAT,0,true,false,2,false
BNBUSDT,1173,9,2,ABOVE,XUYEN_THAT,XUYEN_THAT,1,true,false,0,false
BNBUSDT,1174,2,1,BELOW,GIU,XUYEN_THAT,3,false,false,,
BNBUSDT,1176,3,2,BELOW,PHA_GIA,CHAN,3,true,true,1,false
BNBUSDT,1177,11,2,ABOVE,XUYEN_THAT,XUYEN_THAT,3,true,false,3,false
BNBUSDT,1178,9,2,BELOW,PHA_GIA,XUYEN_THAT,0,true,true,0,false
BNBUSDT,1179,2,1,BELOW,GIU,XUYEN_THAT,0,false,false,,
BNBUSDT,1181,3,1,ABOVE,GIU,CHAN,1,false,false,,
BNBUSDT,1182,3,2,BELOW,XUYEN_THAT,XUYEN_THAT,1,true,false,0,false
BNBUSDT,1183,3,1,BELOW,GIU,CHAN,3,false,false,,
BNBUSDT,1184,3,1,ABOVE,PHA_GIA,CHAN,1,true,true,5,false
BNBUSDT,1185,9,2,BELOW,PHA_GIA,XUYEN_THAT,3,true,true,8,false
BNBUSDT,1187,9,2,ABOVE,GIU,CHAN,1,false,false,,
BNBUSDT,1189,33,2,ABOVE,PHA_GIA,XUYEN_THAT,2,true,true,6,false
BNBUSDT,1190,15,2,BELOW,XUYEN_THAT,XUYEN_THAT,3,true,false,3,false
BNBUSDT,1191,5,2,ABOVE,PHA_GIA,CHAN,4,true,true,6,false
BNBUSDT,1192,3,2,BELOW,PHA_GIA,CHAN,2,true,true,0,false
BNBUSDT,1193,3,1,ABOVE,XUYEN_THAT,XUYEN_THAT,0,true,false,0,false
BNBUSDT,1194,6,2,BELOW,PHA_GIA,XUYEN_THAT,3,true,true,1,false
BNBUSDT,1195,3,2,ABOVE,XUYEN_THAT,XUYEN_THAT,0,true,false,2,false
BNBUSDT,1197,22,2,ABOVE,GIU,XUYEN_THAT,2,false,false,,
BNBUSDT,1198,17,2,ABOVE,XUYEN_THAT,XUYEN_THAT,1,true,false,0,false
BNBUSDT,1199,14,2,ABOVE,GIU,XUYEN_THAT,1,false,false,,
BNBUSDT,1200,19,1,BELOW,GIU,CHAN,3,false,false,,
DOGEUSDT,0,4,1,ABOVE,PHA_GIA,CHAN,1,true,true,5,false
DOGEUSDT,1,14,2,ABOVE,PHA_GIA,XUYEN_THAT,2,true,true,1,false
DOGEUSDT,2,11,2,ABOVE,GIU,XUYEN_THAT,2,false,false,,
DOGEUSDT,3,14,2,BELOW,PHA_GIA,XUYEN_THAT,0,true,true,1,false
DOGEUSDT,4,20,2,ABOVE,GIU,XUYEN_THAT,2,false,false,,
DOGEUSDT,6,11,2,BELOW,GIU,XUYEN_THAT,3,false,false,,
DOGEUSDT,7,1,1,ABOVE,GIU,CHAN,4,false,false,,
DOGEUSDT,8,10,2,BELOW,XUYEN_THAT,XUYEN_THAT,1,true,false,0,false
DOGEUSDT,9,3,1,BELOW,GIU,CHAN,2,false,false,,
DOGEUSDT,10,8,2,ABOVE,PHA_GIA,XUYEN_THAT,2,true,true,3,false
DOGEUSDT,11,6,2,ABOVE,GIU,XUYEN_THAT,1,false,false,,
DOGEUSDT,12,1,1,BELOW,GIU,CHAN,3,false,false,,
DOGEUSDT,13,3,2,BELOW,PHA_GIA,CHAN,2,true,true,4,false
DOGEUSDT,14,5,2,ABOVE,XUYEN_THAT,XUYEN_THAT,2,true,false,8,false
DOGEUSDT,15,18,2,ABOVE,XUYEN_THAT,XUYEN_THAT,0,true,false,4,false
DOGEUSDT,16,10,2,ABOVE,GIU,XUYEN_THAT,3,false,false,,
DOGEUSDT,17,3,1,ABOVE,GIU,CHAN,2,false,false,,
DOGEUSDT,18,13,2,BELOW,XUYEN_THAT,XUYEN_THAT,2,true,false,2,false
DOGEUSDT,20,3,2,ABOVE,XUYEN_THAT,XUYEN_THAT,3,true,false,1,false
DOGEUSDT,22,4,2,BELOW,GIU,CHAN,2,false,false,,
DOGEUSDT,23,2,1,ABOVE,PHA_GIA,CHAN,2,true,true,6,false
DOGEUSDT,24,8,1,ABOVE,GIU,CHAN,1,false,false,,
DOGEUSDT,26,17,2,BELOW,XUYEN_THAT,XUYEN_THAT,4,true,false,1,false
DOGEUSDT,27,52,2,ABOVE,XUYEN_THAT,XUYEN_THAT,3,true,false,1,false
DOGEUSDT,28,2,2,ABOVE,PHA_GIA,CHAN,1,true,true,2,false
DOGEUSDT,29,14,2,BELOW,XUYEN_THAT,XUYEN_THAT,0,true,false,0,false
DOGEUSDT,30,23,2,BELOW,GIU,XUYEN_THAT,3,false,false,,
DOGEUSDT,31,8,2,BELOW,GIU,XUYEN_THAT,4,false,false,,
DOGEUSDT,32,5,2,BELOW,XUYEN_THAT,XUYEN_THAT,3,true,false,1,false
DOGEUSDT,33,16,2,ABOVE,XUYEN_THAT,XUYEN_THAT,3,true,false,0,false
DOGEUSDT,36,53,2,ABOVE,PHA_GIA,XUYEN_THAT,3,true,true,1,false
DOGEUSDT,37,6,1,BELOW,GIU,CHAN,3,false,false,,
DOGEUSDT,38,1,1,BELOW,XUYEN_THAT,XUYEN_THAT,1,true,false,0,false
DOGEUSDT,39,1,1,BELOW,GIU,CHAN,3,false,false,,
DOGEUSDT,40,5,2,ABOVE,PHA_GIA,XUYEN_THAT,3,true,true,2,false
DOGEUSDT,43,13,2,ABOVE,PHA_GIA,XUYEN_THAT,2,true,true,8,false
DOGEUSDT,45,4,1,ABOVE,GIU,CHAN,2,false,false,,
DOGEUSDT,46,11,2,BELOW,GIU,XUYEN_THAT,4,false,false,,
DOGEUSDT,47,7,2,ABOVE,PHA_GIA,XUYEN_THAT,4,true,true,3,false
DOGEUSDT,49,8,2,ABOVE,GIU,XUYEN_THAT,3,false,false,,
DOGEUSDT,50,24,2,ABOVE,XUYEN_THAT,XUYEN_THAT,2,true,false,1,false
DOGEUSDT,51,14,2,BELOW,PHA_GIA,XUYEN_THAT,1,true,true,0,false
DOGEUSDT,52,13,2,ABOVE,GIU,XUYEN_THAT,1,false,false,,
DOGEUSDT,53,12,2,ABOVE,PHA_GIA,CHAN,2,true,true,6,false
DOGEUSDT,54,5,2,ABOVE,PHA_GIA,CHAN,1,true,true,6,false
DOGEUSDT,56,10,2,ABOVE,GIU,CHAN,2,false,false,,
DOGEUSDT,57,5,2,ABOVE,GIU,XUYEN_THAT,3,false,false,,
DOGEUSDT,58,1,1,ABOVE,GIU,CHAN,2,false,false,,
DOGEUSDT,59,8,1,ABOVE,GIU,CHAN,3,false,false,,
DOGEUSDT,60,16,2,BELOW,GIU,XUYEN_THAT,2,false,false,,
DOGEUSDT,61,4,2,ABOVE,PHA_GIA,XUYEN_THAT,1,true,true,5,false
DOGEUSDT,62,1,1,ABOVE,GIU,CHAN,1,false,false,,
DOGEUSDT,63,12,2,BELOW,XUYEN_THAT,XUYEN_THAT,1,true,false,0,false
DOGEUSDT,64,9,2,BELOW,PHA_GIA,XUYEN_THAT,1,true,true,0,false
DOGEUSDT,65,1,1,ABOVE,GIU,CHAN,1,false,false,,
DOGEUSDT,66,23,2,ABOVE,GIU,CHAN,2,false,false,,
DOGEUSDT,67,28,2,BELOW,GIU,XUYEN_THAT,5,false,false,,
DOGEUSDT,68,11,2,ABOVE,GIU,XUYEN_THAT,1,false,false,,
DOGEUSDT,69,10,2,BELOW,GIU,CHAN,2,false,false,,
DOGEUSDT,70,12,2,ABOVE,GIU,XUYEN_THAT,3,false,false,,
DOGEUSDT,71,6,2,ABOVE,PHA_GIA,CHAN,2,true,true,4,false
DOGEUSDT,72,4,2,BELOW,PHA_GIA,XUYEN_THAT,0,true,true,3,false
DOGEUSDT,74,7,2,BELOW,PHA_GIA,CHAN,1,true,true,1,false
DOGEUSDT,76,11,2,BELOW,GIU,XUYEN_THAT,3,false,false,,
DOGEUSDT,80,7,2,ABOVE,GIU,XUYEN_THAT,3,false,false,,
DOGEUSDT,81,13,2,BELOW,PHA_GIA,XUYEN_THAT,2,true,true,1,false
DOGEUSDT,82,18,2,BELOW,GIU,XUYEN_THAT,1,false,false,,
DOGEUSDT,83,34,2,BELOW,GIU,XUYEN_THAT,3,false,false,,
DOGEUSDT,84,8,2,ABOVE,PHA_GIA,XUYEN_THAT,1,true,true,1,false
DOGEUSDT,85,3,1,BELOW,GIU,XUYEN_THAT,3,false,false,,
DOGEUSDT,86,2,1,BELOW,GIU,CHAN,1,false,false,,
DOGEUSDT,87,5,2,BELOW,GIU,XUYEN_THAT,2,false,false,,
DOGEUSDT,89,22,2,BELOW,PHA_GIA,XUYEN_THAT,3,true,true,3,false
DOGEUSDT,90,4,2,ABOVE,XUYEN_THAT,XUYEN_THAT,1,true,false,0,false
DOGEUSDT,91,1,1,BELOW,GIU,CHAN,3,false,false,,
DOGEUSDT,94,14,2,ABOVE,GIU,XUYEN_THAT,2,false,false,,
DOGEUSDT,96,1,1,ABOVE,GIU,CHAN,3,false,false,,
DOGEUSDT,97,1,1,BELOW,GIU,CHAN,2,false,false,,
DOGEUSDT,98,9,2,ABOVE,GIU,XUYEN_THAT,3,false,false,,
DOGEUSDT,99,3,1,ABOVE,GIU,CHAN,3,false,false,,
DOGEUSDT,100,17,2,ABOVE,GIU,CHAN,4,false,false,,
DOGEUSDT,101,28,2,BELOW,PHA_GIA,XUYEN_THAT,2,true,true,0,false
DOGEUSDT,102,9,2,ABOVE,GIU,XUYEN_THAT,2,false,false,,
DOGEUSDT,103,4,2,ABOVE,PHA_GIA,CHAN,3,true,true,5,false
DOGEUSDT,105,12,2,BELOW,PHA_GIA,XUYEN_THAT,3,true,true,1,false
DOGEUSDT,106,3,2,ABOVE,PHA_GIA,XUYEN_THAT,1,true,true,1,false
DOGEUSDT,107,5,2,ABOVE,PHA_GIA,CHAN,1,true,true,0,false
DOGEUSDT,108,20,2,BELOW,PHA_GIA,XUYEN_THAT,1,true,true,0,false
DOGEUSDT,109,6,2,BELOW,PHA_GIA,XUYEN_THAT,1,true,true,1,false
DOGEUSDT,110,1,1,BELOW,PHA_GIA,CHAN,1,true,true,0,false
DOGEUSDT,111,12,2,BELOW,PHA_GIA,XUYEN_THAT,1,true,true,0,false
DOGEUSDT,112,7,2,BELOW,GIU,XUYEN_THAT,3,false,false,,
DOGEUSDT,113,8,1,ABOVE,GIU,CHAN,5,false,false,,
DOGEUSDT,116,4,2,ABOVE,PHA_GIA,CHAN,1,true,true,5,false
DOGEUSDT,117,18,2,ABOVE,PHA_GIA,XUYEN_THAT,1,true,true,0,false
DOGEUSDT,119,1,1,BELOW,GIU,CHAN,3,false,false,,
DOGEUSDT,121,9,2,ABOVE,GIU,XUYEN_THAT,3,false,false,,
DOGEUSDT,122,12,2,ABOVE,XUYEN_THAT,XUYEN_THAT,1,true,false,3,false
DOGEUSDT,124,5,2,ABOVE,XUYEN_THAT,XUYEN_THAT,0,true,false,1,false
DOGEUSDT,125,21,2,BELOW,GIU,XUYEN_THAT,2,false,false,,
DOGEUSDT,127,11,2,BELOW,PHA_GIA,CHAN,1,true,true,1,false
DOGEUSDT,129,19,2,BELOW,PHA_GIA,XUYEN_THAT,2,true,true,3,false
DOGEUSDT,131,4,1,ABOVE,GIU,CHAN,4,false,false,,
DOGEUSDT,133,10,2,ABOVE,GIU,XUYEN_THAT,1,false,false,,
DOGEUSDT,134,10,2,ABOVE,XUYEN_THAT,XUYEN_THAT,4,true,false,3,false
DOGEUSDT,135,2,1,ABOVE,GIU,CHAN,3,false,false,,
DOGEUSDT,136,15,2,ABOVE,PHA_GIA,XUYEN_THAT,2,true,true,2,false
DOGEUSDT,137,22,2,BELOW,XUYEN_THAT,XUYEN_THAT,1,true,false,3,false
DOGEUSDT,138,1,1,ABOVE,PHA_GIA,CHAN,0,true,true,2,false
DOGEUSDT,139,3,2,BELOW,PHA_GIA,XUYEN_THAT,1,true,true,3,false
DOGEUSDT,140,12,2,ABOVE,GIU,XUYEN_THAT,1,false,false,,
DOGEUSDT,141,2,1,BELOW,GIU,CHAN,2,false,false,,
DOGEUSDT,142,20,2,BELOW,GIU,XUYEN_THAT,4,false,false,,
DOGEUSDT,143,4,1,BELOW,GIU,CHAN,4,false,false,,
DOGEUSDT,144,21,2,BELOW,GIU,XUYEN_THAT,3,false,false,,
DOGEUSDT,146,17,2,ABOVE,XUYEN_THAT,XUYEN_THAT,0,true,false,0,false
DOGEUSDT,147,8,2,BELOW,XUYEN_THAT,XUYEN_THAT,2,true,false,7,false
DOGEUSDT,148,19,2,ABOVE,XUYEN_THAT,XUYEN_THAT,2,true,false,2,false
DOGEUSDT,149,7,1,BELOW,GIU,CHAN,5,false,false,,
DOGEUSDT,150,4,2,ABOVE,XUYEN_THAT,XUYEN_THAT,1,true,false,2,false
DOGEUSDT,152,2,2,BELOW,PHA_GIA,CHAN,2,true,true,5,false
DOGEUSDT,153,1,1,ABOVE,GIU,CHAN,3,false,false,,
DOGEUSDT,154,22,2,ABOVE,PHA_GIA,XUYEN_THAT,4,true,true,8,false
DOGEUSDT,155,9,2,BELOW,GIU,XUYEN_THAT,2,false,false,,
DOGEUSDT,156,35,2,BELOW,PHA_GIA,XUYEN_THAT,1,true,true,0,false
DOGEUSDT,158,3,2,ABOVE,PHA_GIA,XUYEN_THAT,1,true,true,1,false
DOGEUSDT,159,5,2,ABOVE,PHA_GIA,CHAN,2,true,true,4,false
DOGEUSDT,161,7,2,BELOW,GIU,CHAN,4,false,false,,
DOGEUSDT,162,38,2,ABOVE,XUYEN_THAT,XUYEN_THAT,3,true,false,1,false
DOGEUSDT,164,12,2,ABOVE,XUYEN_THAT,XUYEN_THAT,0,true,false,1,false
DOGEUSDT,165,1,1,ABOVE,GIU,CHAN,1,false,false,,
DOGEUSDT,166,8,2,ABOVE,GIU,CHAN,2,false,false,,
DOGEUSDT,167,6,2,BELOW,GIU,CHAN,2,false,false,,
DOGEUSDT,168,5,2,BELOW,PHA_GIA,XUYEN_THAT,2,true,true,1,false
DOGEUSDT,169,11,2,ABOVE,GIU,XUYEN_THAT,2,false,false,,
DOGEUSDT,171,2,1,ABOVE,GIU,CHAN,0,false,false,,
DOGEUSDT,172,2,1,BELOW,GIU,CHAN,1,false,false,,
DOGEUSDT,174,1,1,ABOVE,GIU,CHAN,1,false,false,,
DOGEUSDT,175,6,2,BELOW,XUYEN_THAT,XUYEN_THAT,1,true,false,0,false
DOGEUSDT,176,5,2,ABOVE,XUYEN_THAT,XUYEN_THAT,4,true,false,1,false
DOGEUSDT,177,1,1,ABOVE,GIU,CHAN,2,false,false,,
DOGEUSDT,178,4,1,ABOVE,GIU,CHAN,2,false,false,,
DOGEUSDT,179,23,2,BELOW,PHA_GIA,XUYEN_THAT,2,true,true,4,false
DOGEUSDT,180,14,2,ABOVE,GIU,XUYEN_THAT,4,false,false,,
DOGEUSDT,181,2,1,BELOW,XUYEN_THAT,XUYEN_THAT,1,true,false,0,false
DOGEUSDT,182,6,2,ABOVE,PHA_GIA,CHAN,2,true,true,8,false
DOGEUSDT,183,10,2,BELOW,XUYEN_THAT,XUYEN_THAT,3,true,false,8,false
DOGEUSDT,184,2,1,BELOW,GIU,CHAN,1,false,false,,
DOGEUSDT,185,9,2,BELOW,GIU,XUYEN_THAT,1,false,false,,
DOGEUSDT,186,15,2,ABOVE,GIU,CHAN,1,false,false,,
DOGEUSDT,189,1,1,ABOVE,GIU,CHAN,1,false,false,,
DOGEUSDT,191,2,2,ABOVE,XUYEN_THAT,XUYEN_THAT,1,true,false,0,false
DOGEUSDT,192,1,1,BELOW,PHA_GIA,CHAN,0,true,true,0,false
DOGEUSDT,193,1,1,ABOVE,PHA_GIA,CHAN,0,true,true,0,false
DOGEUSDT,194,7,1,ABOVE,GIU,CHAN,1,false,false,,
DOGEUSDT,196,8,2,BELOW,GIU,XUYEN_THAT,3,false,false,,
DOGEUSDT,197,23,2,ABOVE,GIU,XUYEN_THAT,5,false,false,,
DOGEUSDT,198,2,1,BELOW,GIU,XUYEN_THAT,4,false,false,,
DOGEUSDT,199,23,2,ABOVE,PHA_GIA,XUYEN_THAT,1,true,true,2,false
DOGEUSDT,200,2,1,BELOW,GIU,CHAN,2,false,false,,
DOGEUSDT,201,9,2,ABOVE,GIU,CHAN,4,false,false,,
DOGEUSDT,204,17,2,BELOW,GIU,XUYEN_THAT,4,false,false,,
DOGEUSDT,206,7,2,BELOW,XUYEN_THAT,XUYEN_THAT,4,true,false,5,false
DOGEUSDT,207,13,2,BELOW,GIU,XUYEN_THAT,3,false,false,,
DOGEUSDT,208,12,1,BELOW,GIU,CHAN,3,false,false,,
DOGEUSDT,209,11,2,BELOW,PHA_GIA,XUYEN_THAT,2,true,true,8,false
DOGEUSDT,210,17,2,ABOVE,GIU,XUYEN_THAT,0,false,false,,
DOGEUSDT,212,3,2,ABOVE,PHA_GIA,CHAN,2,true,true,2,false
DOGEUSDT,214,31,2,BELOW,GIU,XUYEN_THAT,3,false,false,,
DOGEUSDT,215,17,2,ABOVE,GIU,XUYEN_THAT,2,false,false,,
DOGEUSDT,216,1,1,ABOVE,GIU,CHAN,0,false,false,,
DOGEUSDT,217,12,2,BELOW,GIU,XUYEN_THAT,3,false,false,,
DOGEUSDT,218,5,2,ABOVE,GIU,XUYEN_THAT,2,false,false,,
DOGEUSDT,219,13,2,BELOW,XUYEN_THAT,XUYEN_THAT,1,true,false,4,false
DOGEUSDT,220,1,1,BELOW,GIU,CHAN,2,false,false,,
DOGEUSDT,221,16,2,BELOW,GIU,XUYEN_THAT,3,false,false,,
DOGEUSDT,222,12,2,ABOVE,PHA_GIA,CHAN,3,true,true,2,false
DOGEUSDT,223,24,2,ABOVE,GIU,XUYEN_THAT,3,false,false,,
DOGEUSDT,224,2,1,BELOW,GIU,CHAN,2,false,false,,
DOGEUSDT,225,4,1,ABOVE,GIU,XUYEN_THAT,2,false,false,,
DOGEUSDT,226,11,2,BELOW,PHA_GIA,XUYEN_THAT,0,true,true,2,false
DOGEUSDT,229,4,1,BELOW,GIU,XUYEN_THAT,0,false,false,,
DOGEUSDT,231,1,1,ABOVE,GIU,CHAN,3,false,false,,
DOGEUSDT,232,7,2,ABOVE,PHA_GIA,XUYEN_THAT,2,true,true,6,false
DOGEUSDT,234,3,1,ABOVE,GIU,XUYEN_THAT,1,false,false,,
DOGEUSDT,235,9,2,ABOVE,XUYEN_THAT,XUYEN_THAT,0,true,false,1,false
DOGEUSDT,236,9,2,ABOVE,XUYEN_THAT,XUYEN_THAT,0,true,false,2,false
DOGEUSDT,237,5,1,ABOVE,GIU,CHAN,1,false,false,,
DOGEUSDT,238,9,2,ABOVE,GIU,XUYEN_THAT,3,false,false,,
DOGEUSDT,239,1,1,ABOVE,GIU,CHAN,2,false,false,,
DOGEUSDT,240,2,1,BELOW,XUYEN_THAT,XUYEN_THAT,1,true,false,2,false
DOGEUSDT,241,1,1,BELOW,GIU,CHAN,2,false,false,,
DOGEUSDT,243,24,2,ABOVE,GIU,XUYEN_THAT,3,false,false,,
DOGEUSDT,245,6,2,BELOW,XUYEN_THAT,XUYEN_THAT,2,true,false,2,false
DOGEUSDT,247,3,2,BELOW,XUYEN_THAT,XUYEN_THAT,1,true,false,0,false
DOGEUSDT,248,7,2,BELOW,XUYEN_THAT,XUYEN_THAT,2,true,false,7,false
DOGEUSDT,250,19,2,BELOW,GIU,XUYEN_THAT,4,false,false,,
DOGEUSDT,253,13,2,BELOW,GIU,XUYEN_THAT,3,false,false,,
DOGEUSDT,254,22,2,ABOVE,PHA_GIA,XUYEN_THAT,2,true,true,4,false
DOGEUSDT,255,17,2,BELOW,GIU,XUYEN_THAT,3,false,false,,
DOGEUSDT,257,4,1,BELOW,GIU,CHAN,2,false,false,,
DOGEUSDT,258,1,1,ABOVE,GIU,CHAN,3,false,false,,
DOGEUSDT,259,10,2,ABOVE,GIU,XUYEN_THAT,0,false,false,,
DOGEUSDT,260,3,2,BELOW,XUYEN_THAT,XUYEN_THAT,3,true,false,3,false
DOGEUSDT,261,7,2,ABOVE,GIU,XUYEN_THAT,0,false,false,,
DOGEUSDT,262,32,2,BELOW,PHA_GIA,XUYEN_THAT,1,true,true,7,false
DOGEUSDT,263,1,1,ABOVE,GIU,CHAN,1,false,false,,
DOGEUSDT,264,10,2,ABOVE,PHA_GIA,XUYEN_THAT,0,true,true,4,false
DOGEUSDT,265,7,2,ABOVE,PHA_GIA,XUYEN_THAT,1,true,true,2,false
DOGEUSDT,266,1,1,BELOW,GIU,CHAN,3,false,false,,
DOGEUSDT,267,7,2,ABOVE,XUYEN_THAT,XUYEN_THAT,1,true,false,1,false
DOGEUSDT,268,4,1,ABOVE,GIU,CHAN,1,false,false,,
DOGEUSDT,270,35,2,BELOW,PHA_GIA,XUYEN_THAT,0,true,true,0,false
DOGEUSDT,271,5,1,BELOW,PHA_GIA,CHAN,0,true,true,0,false
DOGEUSDT,274,4,2,ABOVE,PHA_GIA,CHAN,2,true,true,4,false
DOGEUSDT,275,16,2,BELOW,GIU,CHAN,2,false,false,,
DOGEUSDT,276,1,1,BELOW,XUYEN_THAT,XUYEN_THAT,2,true,false,2,false
DOGEUSDT,277,5,2,BELOW,XUYEN_THAT,XUYEN_THAT,0,true,false,0,false
DOGEUSDT,278,4,2,ABOVE,PHA_GIA,CHAN,1,true,true,2,false
DOGEUSDT,282,7,2,BELOW,PHA_GIA,XUYEN_THAT,3,true,true,4,false
DOGEUSDT,283,9,2,ABOVE,GIU,XUYEN_THAT,3,false,false,,
DOGEUSDT,285,4,1,BELOW,XUYEN_THAT,XUYEN_THAT,0,true,false,0,false
DOGEUSDT,286,7,2,BELOW,PHA_GIA,XUYEN_THAT,3,true,true,2,false
DOGEUSDT,289,2,2,ABOVE,PHA_GIA,XUYEN_THAT,1,true,true,1,false
DOGEUSDT,290,13,2,ABOVE,GIU,XUYEN_THAT,3,false,false,,
DOGEUSDT,291,1,1,BELOW,PHA_GIA,CHAN,0,true,true,2,false
DOGEUSDT,292,3,2,BELOW,XUYEN_THAT,XUYEN_THAT,0,true,false,4,false
DOGEUSDT,293,8,2,BELOW,PHA_GIA,XUYEN_THAT,1,true,true,7,false
DOGEUSDT,294,6,2,BELOW,XUYEN_THAT,XUYEN_THAT,2,true,false,2,false
DOGEUSDT,295,1,1,ABOVE,GIU,CHAN,2,false,false,,
DOGEUSDT,297,11,2,ABOVE,GIU,XUYEN_THAT,3,false,false,,
DOGEUSDT,298,9,2,ABOVE,PHA_GIA,XUYEN_THAT,3,true,true,3,false
DOGEUSDT,299,1,1,BELOW,GIU,CHAN,3,false,false,,
DOGEUSDT,301,2,2,ABOVE,XUYEN_THAT,XUYEN_THAT,1,true,false,2,false
DOGEUSDT,302,24,2,ABOVE,PHA_GIA,XUYEN_THAT,0,true,true,0,false
DOGEUSDT,303,10,2,BELOW,XUYEN_THAT,XUYEN_THAT,3,true,false,2,false
DOGEUSDT,304,12,2,BELOW,GIU,XUYEN_THAT,2,false,false,,
DOGEUSDT,306,2,1,ABOVE,XUYEN_THAT,XUYEN_THAT,1,true,false,4,false
DOGEUSDT,307,15,2,BELOW,GIU,CHAN,2,false,false,,
DOGEUSDT,308,16,2,ABOVE,PHA_GIA,XUYEN_THAT,1,true,true,5,false
DOGEUSDT,309,13,2,BELOW,PHA_GIA,CHAN,1,true,true,6,false
DOGEUSDT,310,6,2,BELOW,GIU,XUYEN_THAT,3,false,false,,
DOGEUSDT,311,15,2,BELOW,PHA_GIA,XUYEN_THAT,3,true,true,8,false
DOGEUSDT,312,13,2,BELOW,GIU,XUYEN_THAT,2,false,false,,
DOGEUSDT,313,1,1,ABOVE,GIU,CHAN,2,false,false,,
DOGEUSDT,314,35,2,BELOW,XUYEN_THAT,XUYEN_THAT,4,true,false,5,false
DOGEUSDT,315,1,1,ABOVE,PHA_GIA,CHAN,0,true,true,1,false
DOGEUSDT,317,3,1,BELOW,GIU,CHAN,2,false,false,,
DOGEUSDT,318,7,2,BELOW,PHA_GIA,XUYEN_THAT,2,true,true,2,false
DOGEUSDT,319,10,1,ABOVE,GIU,CHAN,3,false,false,,
DOGEUSDT,320,2,1,ABOVE,GIU,CHAN,2,false,false,,
DOGEUSDT,321,3,1,BELOW,GIU,CHAN,1,false,false,,
DOGEUSDT,322,3,2,ABOVE,XUYEN_THAT,XUYEN_THAT,1,true,false,2,false
DOGEUSDT,323,2,2,ABOVE,XUYEN_THAT,XUYEN_THAT,3,true,false,4,false
DOGEUSDT,324,8,2,BELOW,XUYEN_THAT,XUYEN_THAT,1,true,false,0,false
DOGEUSDT,325,15,2,BELOW,PHA_GIA,XUYEN_THAT,2,true,true,1,false
DOGEUSDT,327,8,2,BELOW,GIU,XUYEN_THAT,1,false,false,,
DOGEUSDT,328,3,2,BELOW,GIU,CHAN,1,false,false,,
DOGEUSDT,329,6,2,ABOVE,PHA_GIA,XUYEN_THAT,3,true,true,7,false
DOGEUSDT,330,7,2,ABOVE,GIU,XUYEN_THAT,2,false,false,,
DOGEUSDT,332,1,1,BELOW,GIU,CHAN,1,false,false,,
DOGEUSDT,333,5,2,BELOW,GIU,XUYEN_THAT,2,false,false,,
DOGEUSDT,335,2,1,BELOW,GIU,CHAN,2,false,false,,
DOGEUSDT,336,13,2,ABOVE,GIU,XUYEN_THAT,5,false,false,,
DOGEUSDT,337,8,2,ABOVE,PHA_GIA,XUYEN_THAT,2,true,true,8,true
DOGEUSDT,338,17,2,BELOW,GIU,XUYEN_THAT,2,false,false,,
DOGEUSDT,339,3,1,BELOW,GIU,CHAN,1,false,false,,
DOGEUSDT,340,2,1,BELOW,GIU,CHAN,1,false,false,,
DOGEUSDT,342,2,1,BELOW,GIU,CHAN,1,false,false,,
DOGEUSDT,343,4,2,BELOW,PHA_GIA,XUYEN_THAT,2,true,true,1,false
DOGEUSDT,344,2,1,BELOW,PHA_GIA,CHAN,1,true,true,0,false
DOGEUSDT,345,2,2,ABOVE,XUYEN_THAT,XUYEN_THAT,3,true,false,3,false
DOGEUSDT,346,14,2,BELOW,PHA_GIA,XUYEN_THAT,1,true,true,0,false
DOGEUSDT,347,6,2,BELOW,PHA_GIA,XUYEN_THAT,1,true,true,1,false
DOGEUSDT,350,1,1,ABOVE,GIU,CHAN,4,false,false,,
DOGEUSDT,351,8,2,ABOVE,PHA_GIA,XUYEN_THAT,3,true,true,3,false
DOGEUSDT,353,16,2,ABOVE,PHA_GIA,XUYEN_THAT,2,true,true,0,false
DOGEUSDT,355,2,2,ABOVE,PHA_GIA,CHAN,2,true,true,2,false
DOGEUSDT,357,13,2,ABOVE,XUYEN_THAT,XUYEN_THAT,1,true,false,1,false
DOGEUSDT,358,22,2,BELOW,PHA_GIA,XUYEN_THAT,1,true,true,2,false
DOGEUSDT,359,14,2,BELOW,GIU,XUYEN_THAT,2,false,false,,
DOGEUSDT,360,6,2,BELOW,GIU,CHAN,5,false,false,,
DOGEUSDT,361,5,2,ABOVE,PHA_GIA,XUYEN_THAT,1,true,true,0,false
DOGEUSDT,363,8,2,ABOVE,GIU,XUYEN_THAT,1,false,false,,
DOGEUSDT,365,9,2,ABOVE,GIU,XUYEN_THAT,2,false,false,,
DOGEUSDT,366,17,2,BELOW,PHA_GIA,XUYEN_THAT,2,true,true,0,false
DOGEUSDT,368,1,1,BELOW,GIU,CHAN,3,false,false,,
DOGEUSDT,370,2,1,ABOVE,GIU,CHAN,1,false,false,,
DOGEUSDT,371,6,1,BELOW,PHA_GIA,CHAN,0,true,true,0,false
DOGEUSDT,372,4,2,BELOW,PHA_GIA,CHAN,2,true,true,8,false
DOGEUSDT,375,6,1,BELOW,GIU,XUYEN_THAT,1,false,false,,
DOGEUSDT,376,4,2,ABOVE,XUYEN_THAT,XUYEN_THAT,2,true,false,1,false
DOGEUSDT,377,3,2,BELOW,XUYEN_THAT,XUYEN_THAT,2,true,false,2,false
DOGEUSDT,379,5,2,ABOVE,PHA_GIA,XUYEN_THAT,3,true,true,1,false
DOGEUSDT,380,10,2,ABOVE,GIU,XUYEN_THAT,1,false,false,,
DOGEUSDT,381,4,2,BELOW,GIU,CHAN,4,false,false,,
DOGEUSDT,382,25,2,ABOVE,GIU,XUYEN_THAT,3,false,false,,
DOGEUSDT,383,27,2,BELOW,PHA_GIA,XUYEN_THAT,1,true,true,6,false
DOGEUSDT,384,6,2,BELOW,GIU,CHAN,3,false,false,,
DOGEUSDT,385,35,2,ABOVE,PHA_GIA,XUYEN_THAT,1,true,true,7,false
DOGEUSDT,386,3,1,ABOVE,GIU,CHAN,6,false,false,,
DOGEUSDT,387,4,1,ABOVE,GIU,CHAN,1,false,false,,
DOGEUSDT,388,8,2,ABOVE,GIU,XUYEN_THAT,0,false,false,,
DOGEUSDT,390,14,2,BELOW,XUYEN_THAT,XUYEN_THAT,2,true,false,4,false
DOGEUSDT,392,29,2,BELOW,GIU,XUYEN_THAT,2,false,false,,
DOGEUSDT,393,3,2,ABOVE,XUYEN_THAT,XUYEN_THAT,1,true,false,0,false
DOGEUSDT,395,4,2,BELOW,PHA_GIA,XUYEN_THAT,1,true,true,0,false
DOGEUSDT,397,6,2,BELOW,XUYEN_THAT,XUYEN_THAT,1,true,false,1,false
DOGEUSDT,398,3,1,BELOW,GIU,CHAN,3,false,false,,
DOGEUSDT,399,6,1,BELOW,GIU,CHAN,2,false,false,,
DOGEUSDT,401,13,2,BELOW,GIU,XUYEN_THAT,1,false,false,,
DOGEUSDT,402,21,2,BELOW,PHA_GIA,XUYEN_THAT,1,true,true,3,false
DOGEUSDT,403,4,2,ABOVE,PHA_GIA,CHAN,1,true,true,4,false
DOGEUSDT,404,5,2,ABOVE,GIU,CHAN,3,false,false,,
DOGEUSDT,405,4,1,ABOVE,GIU,CHAN,3,false,false,,
DOGEUSDT,406,4,1,ABOVE,GIU,CHAN,3,false,false,,
DOGEUSDT,407,12,2,BELOW,GIU,CHAN,3,false,false,,
DOGEUSDT,409,4,2,ABOVE,PHA_GIA,XUYEN_THAT,1,true,true,1,false
DOGEUSDT,410,11,2,ABOVE,PHA_GIA,XUYEN_THAT,3,true,true,5,false
DOGEUSDT,411,15,2,ABOVE,GIU,XUYEN_THAT,2,false,false,,
DOGEUSDT,412,28,2,ABOVE,PHA_GIA,XUYEN_THAT,1,true,true,6,false
DOGEUSDT,414,2,2,BELOW,PHA_GIA,CHAN,1,true,true,7,false
DOGEUSDT,415,32,2,ABOVE,XUYEN_THAT,XUYEN_THAT,0,true,false,1,false
DOGEUSDT,421,30,2,BELOW,XUYEN_THAT,XUYEN_THAT,1,true,false,5,false
DOGEUSDT,422,4,2,BELOW,GIU,XUYEN_THAT,0,false,false,,
DOGEUSDT,423,40,2,ABOVE,GIU,XUYEN_THAT,2,false,false,,
DOGEUSDT,424,3,1,ABOVE,GIU,CHAN,1,false,false,,
DOGEUSDT,426,18,2,ABOVE,XUYEN_THAT,XUYEN_THAT,1,true,false,7,false
DOGEUSDT,428,12,2,ABOVE,GIU,XUYEN_THAT,1,false,false,,
DOGEUSDT,429,32,2,BELOW,GIU,XUYEN_THAT,3,false,false,,
DOGEUSDT,430,4,1,BELOW,PHA_GIA,XUYEN_THAT,1,true,true,0,false
DOGEUSDT,431,13,2,ABOVE,GIU,XUYEN_THAT,1,false,false,,
DOGEUSDT,432,3,1,BELOW,GIU,CHAN,1,false,false,,
DOGEUSDT,433,11,2,BELOW,PHA_GIA,XUYEN_THAT,3,true,true,4,false
DOGEUSDT,434,18,2,ABOVE,XUYEN_THAT,XUYEN_THAT,2,true,false,2,false
DOGEUSDT,435,9,2,ABOVE,XUYEN_THAT,XUYEN_THAT,0,true,false,0,false
DOGEUSDT,436,7,1,ABOVE,XUYEN_THAT,XUYEN_THAT,0,true,false,0,false
DOGEUSDT,437,23,2,BELOW,PHA_GIA,XUYEN_THAT,3,true,true,1,false
DOGEUSDT,438,13,2,ABOVE,PHA_GIA,CHAN,3,true,true,5,false
DOGEUSDT,439,3,1,BELOW,PHA_GIA,CHAN,1,true,true,7,false
DOGEUSDT,440,8,2,ABOVE,GIU,CHAN,1,false,false,,
DOGEUSDT,441,3,1,ABOVE,GIU,CHAN,2,false,false,,
DOGEUSDT,442,1,1,ABOVE,GIU,CHAN,1,false,false,,
DOGEUSDT,443,5,2,ABOVE,GIU,CHAN,2,false,false,,
DOGEUSDT,445,6,2,ABOVE,PHA_GIA,XUYEN_THAT,2,true,true,3,false
DOGEUSDT,446,5,1,ABOVE,GIU,CHAN,3,false,false,,
DOGEUSDT,448,6,2,ABOVE,PHA_GIA,XUYEN_THAT,3,true,true,2,false
DOGEUSDT,449,2,1,BELOW,GIU,CHAN,3,false,false,,
DOGEUSDT,450,6,1,BELOW,GIU,CHAN,3,false,false,,
DOGEUSDT,451,1,1,BELOW,GIU,CHAN,1,false,false,,
DOGEUSDT,452,5,1,BELOW,GIU,CHAN,2,false,false,,
DOGEUSDT,454,1,1,BELOW,GIU,CHAN,1,false,false,,
DOGEUSDT,455,10,2,ABOVE,GIU,XUYEN_THAT,2,false,false,,
DOGEUSDT,456,7,2,ABOVE,XUYEN_THAT,XUYEN_THAT,2,true,false,7,false
DOGEUSDT,457,50,2,ABOVE,GIU,XUYEN_THAT,4,false,false,,
DOGEUSDT,459,22,2,ABOVE,GIU,XUYEN_THAT,0,false,false,,
DOGEUSDT,461,2,1,BELOW,GIU,CHAN,2,false,false,,
DOGEUSDT,463,16,2,BELOW,PHA_GIA,XUYEN_THAT,3,true,true,4,false
DOGEUSDT,464,10,2,BELOW,XUYEN_THAT,XUYEN_THAT,0,true,false,0,false
DOGEUSDT,465,18,2,BELOW,PHA_GIA,XUYEN_THAT,1,true,true,0,false
DOGEUSDT,466,12,2,ABOVE,PHA_GIA,CHAN,4,true,true,8,false
DOGEUSDT,469,4,1,BELOW,GIU,CHAN,2,false,false,,
DOGEUSDT,470,7,2,BELOW,PHA_GIA,XUYEN_THAT,2,true,true,5,false
DOGEUSDT,471,6,1,ABOVE,GIU,CHAN,2,false,false,,
DOGEUSDT,472,6,1,ABOVE,GIU,XUYEN_THAT,1,false,false,,
DOGEUSDT,474,33,2,BELOW,GIU,XUYEN_THAT,3,false,false,,
DOGEUSDT,475,1,1,BELOW,PHA_GIA,CHAN,2,true,true,0,false
DOGEUSDT,476,1,1,ABOVE,GIU,CHAN,1,false,false,,
DOGEUSDT,478,5,2,BELOW,GIU,XUYEN_THAT,2,false,false,,
DOGEUSDT,479,3,1,ABOVE,GIU,CHAN,1,false,false,,
DOGEUSDT,483,9,2,ABOVE,GIU,CHAN,1,false,false,,
DOGEUSDT,485,1,1,BELOW,PHA_GIA,CHAN,1,true,true,4,false
DOGEUSDT,486,11,2,ABOVE,XUYEN_THAT,XUYEN_THAT,2,true,false,3,false
DOGEUSDT,487,6,1,ABOVE,GIU,CHAN,2,false,false,,
DOGEUSDT,489,17,1,BELOW,GIU,CHAN,3,false,false,,
DOGEUSDT,490,4,1,BELOW,GIU,CHAN,4,false,false,,
DOGEUSDT,491,4,1,BELOW,GIU,CHAN,2,false,false,,
DOGEUSDT,492,5,2,BELOW,PHA_GIA,XUYEN_THAT,1,true,true,1,false
DOGEUSDT,494,6,1,ABOVE,GIU,CHAN,2,false,false,,
DOGEUSDT,495,15,1,BELOW,GIU,CHAN,4,false,false,,
DOGEUSDT,497,3,2,ABOVE,GIU,XUYEN_THAT,3,false,false,,
DOGEUSDT,498,8,2,ABOVE,XUYEN_THAT,XUYEN_THAT,1,true,false,2,true
DOGEUSDT,499,8,2,BELOW,GIU,XUYEN_THAT,1,false,false,,
DOGEUSDT,500,4,2,BELOW,XUYEN_THAT,XUYEN_THAT,2,true,false,2,false
DOGEUSDT,502,23,2,BELOW,GIU,XUYEN_THAT,2,false,false,,
DOGEUSDT,503,4,2,BELOW,PHA_GIA,CHAN,2,true,true,2,false
DOGEUSDT,504,12,2,BELOW,GIU,CHAN,2,false,false,,
DOGEUSDT,505,17,2,BELOW,GIU,XUYEN_THAT,1,false,false,,
DOGEUSDT,506,2,2,BELOW,XUYEN_THAT,XUYEN_THAT,0,true,false,0,false
DOGEUSDT,510,16,2,ABOVE,PHA_GIA,XUYEN_THAT,2,true,true,5,false
DOGEUSDT,511,1,1,ABOVE,GIU,CHAN,3,false,false,,
DOGEUSDT,512,12,2,BELOW,GIU,CHAN,1,false,false,,
DOGEUSDT,513,1,1,BELOW,GIU,CHAN,2,false,false,,
DOGEUSDT,514,4,2,ABOVE,XUYEN_THAT,XUYEN_THAT,1,true,false,0,false
DOGEUSDT,515,6,2,ABOVE,GIU,CHAN,3,false,false,,
DOGEUSDT,516,27,2,BELOW,GIU,XUYEN_THAT,2,false,false,,
DOGEUSDT,517,3,1,ABOVE,GIU,CHAN,0,false,false,,
DOGEUSDT,519,12,2,BELOW,PHA_GIA,XUYEN_THAT,3,true,true,3,false
DOGEUSDT,522,11,2,BELOW,PHA_GIA,XUYEN_THAT,0,true,true,2,false
DOGEUSDT,523,5,1,ABOVE,GIU,CHAN,1,false,false,,
DOGEUSDT,524,5,2,ABOVE,GIU,XUYEN_THAT,2,false,false,,
DOGEUSDT,525,17,2,ABOVE,XUYEN_THAT,XUYEN_THAT,2,true,false,2,false
DOGEUSDT,526,2,1,ABOVE,XUYEN_THAT,XUYEN_THAT,1,true,false,0,false
DOGEUSDT,529,16,2,BELOW,GIU,XUYEN_THAT,3,false,false,,
DOGEUSDT,531,4,2,BELOW,PHA_GIA,XUYEN_THAT,3,true,true,0,false
DOGEUSDT,532,21,2,BELOW,GIU,XUYEN_THAT,2,false,false,,
DOGEUSDT,533,23,2,BELOW,GIU,XUYEN_THAT,4,false,false,,
DOGEUSDT,534,4,2,BELOW,XUYEN_THAT,XUYEN_THAT,3,true,false,4,false
DOGEUSDT,536,4,2,BELOW,XUYEN_THAT,XUYEN_THAT,3,true,false,1,false
DOGEUSDT,537,12,1,BELOW,GIU,CHAN,1,false,false,,
DOGEUSDT,538,3,2,ABOVE,PHA_GIA,CHAN,1,true,true,6,false
DOGEUSDT,539,7,1,BELOW,GIU,CHAN,2,false,false,,
DOGEUSDT,540,6,2,ABOVE,XUYEN_THAT,XUYEN_THAT,2,true,false,1,false
DOGEUSDT,541,3,1,BELOW,GIU,XUYEN_THAT,1,false,false,,
DOGEUSDT,542,9,2,ABOVE,PHA_GIA,XUYEN_THAT,0,true,true,0,false
DOGEUSDT,544,2,1,BELOW,GIU,CHAN,0,false,false,,
DOGEUSDT,545,9,1,BELOW,GIU,CHAN,2,false,false,,
DOGEUSDT,546,11,2,ABOVE,GIU,XUYEN_THAT,2,false,false,,
DOGEUSDT,547,3,1,BELOW,GIU,CHAN,2,false,false,,
DOGEUSDT,548,4,2,BELOW,PHA_GIA,CHAN,1,true,true,3,false
DOGEUSDT,550,5,2,BELOW,XUYEN_THAT,XUYEN_THAT,2,true,false,4,false
DOGEUSDT,551,15,2,BELOW,GIU,XUYEN_THAT,2,false,false,,
DOGEUSDT,552,5,2,BELOW,PHA_GIA,XUYEN_THAT,1,true,true,7,false
DOGEUSDT,553,13,2,ABOVE,PHA_GIA,XUYEN_THAT,1,true,true,4,false
DOGEUSDT,554,12,2,ABOVE,GIU,XUYEN_THAT,2,false,false,,
DOGEUSDT,555,10,2,BELOW,GIU,XUYEN_THAT,0,false,false,,
DOGEUSDT,556,5,2,BELOW,XUYEN_THAT,XUYEN_THAT,4,true,false,2,false
DOGEUSDT,557,2,1,BELOW,GIU,CHAN,0,false,false,,
DOGEUSDT,559,2,1,BELOW,GIU,CHAN,2,false,false,,
DOGEUSDT,561,11,2,ABOVE,PHA_GIA,CHAN,2,true,true,7,false
DOGEUSDT,562,3,1,BELOW,GIU,CHAN,3,false,false,,
DOGEUSDT,564,4,1,BELOW,GIU,CHAN,2,false,false,,
DOGEUSDT,566,1,1,ABOVE,GIU,CHAN,1,false,false,,
DOGEUSDT,567,2,1,ABOVE,PHA_GIA,CHAN,0,true,true,2,false
DOGEUSDT,568,3,2,ABOVE,XUYEN_THAT,XUYEN_THAT,3,true,false,2,false
DOGEUSDT,569,4,1,ABOVE,GIU,CHAN,3,false,false,,
DOGEUSDT,571,8,2,ABOVE,PHA_GIA,XUYEN_THAT,1,true,true,1,false
DOGEUSDT,573,8,2,BELOW,PHA_GIA,XUYEN_THAT,1,true,true,0,false
DOGEUSDT,574,1,1,BELOW,GIU,CHAN,3,false,false,,
DOGEUSDT,576,3,2,ABOVE,XUYEN_THAT,XUYEN_THAT,0,true,false,0,false
DOGEUSDT,577,7,2,BELOW,PHA_GIA,XUYEN_THAT,0,true,true,0,false
DOGEUSDT,578,15,2,BELOW,GIU,XUYEN_THAT,2,false,false,,
DOGEUSDT,579,9,2,ABOVE,XUYEN_THAT,XUYEN_THAT,2,true,false,0,false
DOGEUSDT,581,14,2,BELOW,GIU,CHAN,2,false,false,,
DOGEUSDT,582,5,2,BELOW,GIU,CHAN,3,false,false,,
DOGEUSDT,583,5,1,ABOVE,GIU,CHAN,0,false,false,,
DOGEUSDT,584,3,2,BELOW,PHA_GIA,XUYEN_THAT,0,true,true,4,false
DOGEUSDT,586,11,2,ABOVE,XUYEN_THAT,XUYEN_THAT,3,true,false,7,false
DOGEUSDT,587,11,2,BELOW,GIU,XUYEN_THAT,2,false,false,,
DOGEUSDT,588,3,1,BELOW,GIU,CHAN,1,false,false,,
DOGEUSDT,589,3,2,BELOW,GIU,XUYEN_THAT,3,false,false,,
DOGEUSDT,590,9,2,BELOW,PHA_GIA,XUYEN_THAT,1,true,true,0,false
DOGEUSDT,591,1,1,BELOW,PHA_GIA,CHAN,0,true,true,0,false
DOGEUSDT,592,18,2,BELOW,GIU,XUYEN_THAT,2,false,false,,
DOGEUSDT,593,3,2,ABOVE,PHA_GIA,XUYEN_THAT,2,true,true,5,false
DOGEUSDT,594,4,1,BELOW,GIU,XUYEN_THAT,2,false,false,,
DOGEUSDT,595,13,2,ABOVE,XUYEN_THAT,XUYEN_THAT,2,true,false,4,false
DOGEUSDT,596,7,2,BELOW,PHA_GIA,CHAN,1,true,true,2,false
DOGEUSDT,597,10,2,BELOW,PHA_GIA,XUYEN_THAT,1,true,true,0,false
DOGEUSDT,598,1,1,ABOVE,PHA_GIA,CHAN,1,true,true,1,false
DOGEUSDT,599,2,1,BELOW,GIU,CHAN,2,false,false,,
DOGEUSDT,600,11,2,BELOW,PHA_GIA,XUYEN_THAT,2,true,true,8,false
DOGEUSDT,602,21,2,ABOVE,XUYEN_THAT,XUYEN_THAT,3,true,false,7,false
DOGEUSDT,603,3,1,BELOW,GIU,XUYEN_THAT,3,false,false,,
DOGEUSDT,605,8,2,BELOW,GIU,XUYEN_THAT,2,false,false,,
DOGEUSDT,606,5,2,BELOW,XUYEN_THAT,XUYEN_THAT,2,true,false,2,false
DOGEUSDT,607,2,2,BELOW,PHA_GIA,XUYEN_THAT,2,true,true,0,false
DOGEUSDT,608,1,1,BELOW,GIU,CHAN,1,false,false,,
DOGEUSDT,610,22,2,BELOW,PHA_GIA,XUYEN_THAT,2,true,true,3,false
DOGEUSDT,611,3,2,BELOW,XUYEN_THAT,XUYEN_THAT,2,true,false,0,false
DOGEUSDT,612,7,2,BELOW,XUYEN_THAT,XUYEN_THAT,3,true,false,0,false
DOGEUSDT,614,2,1,ABOVE,PHA_GIA,CHAN,1,true,true,3,false
DOGEUSDT,616,5,2,BELOW,PHA_GIA,XUYEN_THAT,1,true,true,1,false
DOGEUSDT,617,4,2,ABOVE,XUYEN_THAT,XUYEN_THAT,2,true,false,3,false
DOGEUSDT,618,20,2,ABOVE,XUYEN_THAT,XUYEN_THAT,3,true,false,4,false
DOGEUSDT,619,2,1,ABOVE,GIU,CHAN,2,false,false,,
DOGEUSDT,620,6,2,ABOVE,GIU,CHAN,3,false,false,,
DOGEUSDT,621,2,1,ABOVE,GIU,CHAN,1,false,false,,
DOGEUSDT,622,6,1,ABOVE,GIU,CHAN,1,false,false,,
DOGEUSDT,623,9,2,ABOVE,PHA_GIA,XUYEN_THAT,1,true,true,4,false
DOGEUSDT,624,25,2,ABOVE,GIU,XUYEN_THAT,1,false,false,,
DOGEUSDT,625,15,2,BELOW,PHA_GIA,XUYEN_THAT,1,true,true,1,false
DOGEUSDT,626,3,1,BELOW,GIU,CHAN,2,false,false,,
DOGEUSDT,627,2,1,ABOVE,XUYEN_THAT,XUYEN_THAT,3,true,false,5,false
DOGEUSDT,629,5,1,ABOVE,GIU,CHAN,1,false,false,,
DOGEUSDT,632,1,1,ABOVE,GIU,CHAN,1,false,false,,
DOGEUSDT,633,5,2,ABOVE,GIU,CHAN,1,false,false,,
DOGEUSDT,634,3,2,ABOVE,XUYEN_THAT,XUYEN_THAT,0,true,false,5,false
DOGEUSDT,635,2,1,BELOW,PHA_GIA,CHAN,2,true,true,5,false
DOGEUSDT,636,13,2,BELOW,GIU,XUYEN_THAT,3,false,false,,
DOGEUSDT,637,4,1,ABOVE,GIU,CHAN,0,false,false,,
DOGEUSDT,638,5,2,BELOW,GIU,CHAN,1,false,false,,
DOGEUSDT,639,19,2,BELOW,GIU,XUYEN_THAT,2,false,false,,
DOGEUSDT,640,2,1,ABOVE,GIU,CHAN,3,false,false,,
DOGEUSDT,641,4,2,BELOW,XUYEN_THAT,XUYEN_THAT,0,true,false,1,false
DOGEUSDT,643,19,2,ABOVE,GIU,XUYEN_THAT,1,false,false,,
DOGEUSDT,645,2,1,ABOVE,GIU,CHAN,2,false,false,,
DOGEUSDT,649,2,1,BELOW,XUYEN_THAT,XUYEN_THAT,1,true,false,5,false
DOGEUSDT,650,2,1,ABOVE,PHA_GIA,CHAN,3,true,true,3,false
DOGEUSDT,652,2,1,BELOW,GIU,CHAN,1,false,false,,
DOGEUSDT,655,3,1,BELOW,GIU,CHAN,2,false,false,,
DOGEUSDT,657,1,1,ABOVE,GIU,CHAN,1,false,false,,
DOGEUSDT,659,3,2,ABOVE,PHA_GIA,CHAN,1,true,true,0,false
DOGEUSDT,660,3,2,BELOW,XUYEN_THAT,XUYEN_THAT,2,true,false,2,false
DOGEUSDT,661,1,1,ABOVE,PHA_GIA,CHAN,1,true,true,0,false
DOGEUSDT,663,5,2,BELOW,GIU,CHAN,2,false,false,,
DOGEUSDT,664,1,1,ABOVE,GIU,CHAN,0,false,false,,
DOGEUSDT,665,8,2,ABOVE,GIU,XUYEN_THAT,2,false,false,,
DOGEUSDT,666,8,2,ABOVE,GIU,XUYEN_THAT,2,false,false,,
DOGEUSDT,667,3,1,BELOW,GIU,CHAN,2,false,false,,
DOGEUSDT,668,5,2,BELOW,GIU,XUYEN_THAT,1,false,false,,
DOGEUSDT,669,4,2,ABOVE,XUYEN_THAT,XUYEN_THAT,2,true,false,2,false
DOGEUSDT,670,4,2,ABOVE,XUYEN_THAT,XUYEN_THAT,2,true,false,1,false
DOGEUSDT,671,13,2,BELOW,GIU,XUYEN_THAT,2,false,false,,
DOGEUSDT,672,3,1,BELOW,GIU,CHAN,2,false,false,,
DOGEUSDT,673,17,2,ABOVE,XUYEN_THAT,XUYEN_THAT,0,true,false,5,false
DOGEUSDT,674,10,2,BELOW,XUYEN_THAT,XUYEN_THAT,3,true,false,2,false
DOGEUSDT,675,5,2,BELOW,XUYEN_THAT,XUYEN_THAT,3,true,false,2,false
DOGEUSDT,676,1,1,ABOVE,PHA_GIA,CHAN,3,true,true,4,false
DOGEUSDT,677,8,2,ABOVE,PHA_GIA,XUYEN_THAT,1,true,true,1,false
DOGEUSDT,678,2,1,BELOW,GIU,CHAN,3,false,false,,
DOGEUSDT,679,2,1,BELOW,GIU,CHAN,2,false,false,,
DOGEUSDT,680,5,1,ABOVE,GIU,CHAN,1,false,false,,
DOGEUSDT,681,3,1,BELOW,GIU,CHAN,3,false,false,,
DOGEUSDT,683,2,1,BELOW,GIU,CHAN,2,false,false,,
DOGEUSDT,686,1,1,BELOW,GIU,CHAN,2,false,false,,
DOGEUSDT,687,5,2,BELOW,PHA_GIA,CHAN,3,true,true,4,false
DOGEUSDT,688,3,2,ABOVE,GIU,CHAN,3,false,false,,
DOGEUSDT,689,1,1,BELOW,PHA_GIA,CHAN,0,true,true,0,false
DOGEUSDT,690,8,2,ABOVE,GIU,XUYEN_THAT,2,false,false,,
DOGEUSDT,691,5,2,BELOW,PHA_GIA,CHAN,2,true,true,4,false
DOGEUSDT,693,5,2,ABOVE,XUYEN_THAT,XUYEN_THAT,0,true,false,3,false
DOGEUSDT,694,10,2,ABOVE,GIU,CHAN,2,false,false,,
DOGEUSDT,695,12,2,ABOVE,GIU,XUYEN_THAT,3,false,false,,
DOGEUSDT,696,6,1,BELOW,GIU,CHAN,2,false,false,,
DOGEUSDT,698,8,2,BELOW,XUYEN_THAT,XUYEN_THAT,2,true,false,2,false
DOGEUSDT,699,1,1,BELOW,GIU,CHAN,2,false,false,,
DOGEUSDT,701,18,2,ABOVE,PHA_GIA,XUYEN_THAT,2,true,true,2,false
DOGEUSDT,702,39,2,BELOW,PHA_GIA,XUYEN_THAT,2,true,true,5,false
DOGEUSDT,703,16,2,BELOW,GIU,XUYEN_THAT,4,false,false,,
DOGEUSDT,704,3,1,BELOW,GIU,CHAN,2,false,false,,
DOGEUSDT,705,11,2,ABOVE,XUYEN_THAT,XUYEN_THAT,3,true,false,2,false
DOGEUSDT,707,13,2,BELOW,GIU,XUYEN_THAT,3,false,false,,
DOGEUSDT,709,5,2,BELOW,PHA_GIA,XUYEN_THAT,1,true,true,8,false
DOGEUSDT,710,1,1,BELOW,PHA_GIA,CHAN,2,true,true,2,false
DOGEUSDT,711,5,2,BELOW,XUYEN_THAT,XUYEN_THAT,2,true,false,1,false
DOGEUSDT,713,7,2,ABOVE,XUYEN_THAT,XUYEN_THAT,0,true,false,0,false
DOGEUSDT,714,11,2,ABOVE,GIU,XUYEN_THAT,2,false,false,,
DOGEUSDT,715,9,2,ABOVE,GIU,CHAN,3,false,false,,
DOGEUSDT,716,5,2,ABOVE,GIU,CHAN,4,false,false,,
DOGEUSDT,717,4,1,ABOVE,GIU,CHAN,3,false,false,,
DOGEUSDT,718,8,2,ABOVE,PHA_GIA,XUYEN_THAT,1,true,true,1,false
DOGEUSDT,719,3,2,BELOW,GIU,CHAN,2,false,false,,
DOGEUSDT,720,1,1,ABOVE,GIU,CHAN,4,false,false,,
DOGEUSDT,721,9,2,BELOW,PHA_GIA,CHAN,4,true,true,4,false
DOGEUSDT,722,17,2,BELOW,GIU,XUYEN_THAT,0,false,false,,
DOGEUSDT,723,2,2,ABOVE,XUYEN_THAT,XUYEN_THAT,0,true,false,0,false
DOGEUSDT,724,3,2,BELOW,PHA_GIA,CHAN,2,true,true,1,false
DOGEUSDT,725,11,2,BELOW,XUYEN_THAT,XUYEN_THAT,3,true,false,3,false
DOGEUSDT,726,3,1,ABOVE,GIU,CHAN,3,false,false,,
DOGEUSDT,729,15,2,ABOVE,GIU,XUYEN_THAT,2,false,false,,
DOGEUSDT,730,7,2,BELOW,GIU,CHAN,3,false,false,,
DOGEUSDT,731,7,2,BELOW,XUYEN_THAT,XUYEN_THAT,2,true,false,4,false
DOGEUSDT,732,7,2,BELOW,PHA_GIA,CHAN,3,true,true,1,false
DOGEUSDT,735,1,1,BELOW,GIU,CHAN,3,false,false,,
DOGEUSDT,736,2,1,BELOW,GIU,CHAN,2,false,false,,
DOGEUSDT,737,10,2,BELOW,GIU,CHAN,2,false,false,,
DOGEUSDT,738,2,1,ABOVE,GIU,CHAN,1,false,false,,
DOGEUSDT,742,13,2,ABOVE,GIU,XUYEN_THAT,0,false,false,,
DOGEUSDT,743,3,1,ABOVE,XUYEN_THAT,XUYEN_THAT,2,true,false,7,false
DOGEUSDT,744,8,2,ABOVE,XUYEN_THAT,XUYEN_THAT,2,true,false,5,false
DOGEUSDT,746,1,1,ABOVE,GIU,CHAN,1,false,false,,
DOGEUSDT,747,8,2,BELOW,GIU,CHAN,3,false,false,,
DOGEUSDT,748,13,2,ABOVE,GIU,XUYEN_THAT,2,false,false,,
DOGEUSDT,749,18,2,ABOVE,XUYEN_THAT,XUYEN_THAT,1,true,false,0,false
DOGEUSDT,750,6,2,ABOVE,GIU,XUYEN_THAT,2,false,false,,
DOGEUSDT,751,3,1,BELOW,GIU,CHAN,3,false,false,,
DOGEUSDT,752,1,1,BELOW,PHA_GIA,CHAN,1,true,true,0,false
DOGEUSDT,753,5,2,ABOVE,GIU,CHAN,2,false,false,,
DOGEUSDT,754,1,1,BELOW,XUYEN_THAT,XUYEN_THAT,1,true,false,4,false
DOGEUSDT,755,4,1,ABOVE,PHA_GIA,CHAN,0,true,true,0,false
DOGEUSDT,756,1,1,ABOVE,GIU,CHAN,3,false,false,,
DOGEUSDT,757,15,2,BELOW,XUYEN_THAT,XUYEN_THAT,1,true,false,1,false
DOGEUSDT,758,6,2,ABOVE,XUYEN_THAT,XUYEN_THAT,0,true,false,0,false
DOGEUSDT,760,4,1,ABOVE,GIU,CHAN,2,false,false,,
DOGEUSDT,761,5,1,ABOVE,PHA_GIA,CHAN,1,true,true,0,false
DOGEUSDT,762,19,2,BELOW,XUYEN_THAT,XUYEN_THAT,1,true,false,0,false
DOGEUSDT,763,5,2,ABOVE,GIU,CHAN,3,false,false,,
DOGEUSDT,764,4,1,ABOVE,GIU,CHAN,3,false,false,,
DOGEUSDT,766,6,2,BELOW,XUYEN_THAT,XUYEN_THAT,1,true,false,1,false
DOGEUSDT,767,3,1,ABOVE,GIU,CHAN,1,false,false,,
DOGEUSDT,768,2,1,ABOVE,GIU,CHAN,2,false,false,,
DOGEUSDT,769,8,1,ABOVE,GIU,CHAN,3,false,false,,
DOGEUSDT,770,12,2,BELOW,GIU,XUYEN_THAT,1,false,false,,
DOGEUSDT,772,4,1,ABOVE,GIU,CHAN,3,false,false,,
DOGEUSDT,773,10,2,ABOVE,XUYEN_THAT,XUYEN_THAT,2,true,false,1,false
DOGEUSDT,774,19,2,ABOVE,XUYEN_THAT,XUYEN_THAT,1,true,false,7,false
DOGEUSDT,775,19,2,ABOVE,GIU,XUYEN_THAT,3,false,false,,
DOGEUSDT,777,41,2,BELOW,PHA_GIA,XUYEN_THAT,3,true,true,7,false
DOGEUSDT,778,4,2,BELOW,XUYEN_THAT,XUYEN_THAT,0,true,false,0,false
DOGEUSDT,779,12,2,ABOVE,PHA_GIA,XUYEN_THAT,2,true,true,1,false
DOGEUSDT,781,2,1,ABOVE,GIU,CHAN,2,false,false,,
DOGEUSDT,782,13,2,BELOW,GIU,XUYEN_THAT,1,false,false,,
DOGEUSDT,783,12,2,BELOW,GIU,CHAN,4,false,false,,
DOGEUSDT,785,5,2,ABOVE,GIU,XUYEN_THAT,2,false,false,,
DOGEUSDT,786,30,2,ABOVE,GIU,XUYEN_THAT,1,false,false,,
DOGEUSDT,787,6,2,BELOW,GIU,CHAN,2,false,false,,
DOGEUSDT,788,4,2,ABOVE,PHA_GIA,CHAN,1,true,true,6,false
DOGEUSDT,789,2,2,BELOW,PHA_GIA,XUYEN_THAT,1,true,true,3,false
DOGEUSDT,790,8,2,ABOVE,XUYEN_THAT,XUYEN_THAT,2,true,false,0,false
DOGEUSDT,791,5,2,ABOVE,GIU,XUYEN_THAT,4,false,false,,
DOGEUSDT,792,1,1,BELOW,GIU,CHAN,2,false,false,,
DOGEUSDT,793,2,1,ABOVE,GIU,CHAN,2,false,false,,
DOGEUSDT,794,13,2,ABOVE,GIU,XUYEN_THAT,3,false,false,,
DOGEUSDT,795,2,1,BELOW,GIU,CHAN,3,false,false,,
DOGEUSDT,796,17,2,BELOW,XUYEN_THAT,XUYEN_THAT,1,true,false,7,false
DOGEUSDT,797,14,2,ABOVE,GIU,XUYEN_THAT,1,false,false,,
DOGEUSDT,798,1,1,BELOW,GIU,CHAN,2,false,false,,
DOGEUSDT,799,16,2,BELOW,PHA_GIA,XUYEN_THAT,3,true,true,4,false
DOGEUSDT,800,23,2,BELOW,GIU,XUYEN_THAT,3,false,false,,
DOGEUSDT,801,11,2,BELOW,PHA_GIA,XUYEN_THAT,3,true,true,3,false
DOGEUSDT,802,7,2,BELOW,GIU,XUYEN_THAT,0,false,false,,
DOGEUSDT,803,1,1,ABOVE,GIU,CHAN,2,false,false,,
DOGEUSDT,804,6,2,ABOVE,PHA_GIA,XUYEN_THAT,0,true,true,4,false
DOGEUSDT,806,8,2,BELOW,PHA_GIA,XUYEN_THAT,2,true,true,7,false
DOGEUSDT,807,10,1,ABOVE,GIU,XUYEN_THAT,1,false,false,,
DOGEUSDT,808,8,2,BELOW,GIU,CHAN,4,false,false,,
DOGEUSDT,809,13,2,BELOW,XUYEN_THAT,XUYEN_THAT,3,true,false,2,false
DOGEUSDT,810,13,2,BELOW,PHA_GIA,XUYEN_THAT,2,true,true,1,false
DOGEUSDT,811,15,2,ABOVE,PHA_GIA,XUYEN_THAT,3,true,true,3,false
DOGEUSDT,812,3,1,BELOW,GIU,CHAN,1,false,false,,
DOGEUSDT,813,3,1,BELOW,GIU,CHAN,2,false,false,,
DOGEUSDT,815,5,2,ABOVE,GIU,CHAN,3,false,false,,
DOGEUSDT,816,3,1,ABOVE,GIU,CHAN,1,false,false,,
DOGEUSDT,817,4,2,ABOVE,XUYEN_THAT,XUYEN_THAT,1,true,false,3,false
DOGEUSDT,818,1,1,BELOW,XUYEN_THAT,XUYEN_THAT,2,true,false,1,false
DOGEUSDT,820,6,2,ABOVE,PHA_GIA,XUYEN_THAT,0,true,true,0,false
DOGEUSDT,821,1,1,BELOW,GIU,CHAN,2,false,false,,
DOGEUSDT,822,2,2,BELOW,PHA_GIA,CHAN,2,true,true,1,false
DOGEUSDT,823,12,2,ABOVE,GIU,XUYEN_THAT,3,false,false,,
DOGEUSDT,824,8,2,BELOW,PHA_GIA,XUYEN_THAT,3,true,true,1,false
DOGEUSDT,825,11,2,BELOW,GIU,XUYEN_THAT,4,false,false,,
DOGEUSDT,826,30,2,BELOW,GIU,CHAN,3,false,false,,
DOGEUSDT,827,9,2,ABOVE,PHA_GIA,XUYEN_THAT,3,true,true,4,false
DOGEUSDT,828,12,2,BELOW,GIU,XUYEN_THAT,2,false,false,,
DOGEUSDT,830,11,2,ABOVE,XUYEN_THAT,XUYEN_THAT,4,true,false,1,false
DOGEUSDT,831,10,2,ABOVE,GIU,XUYEN_THAT,2,false,false,,
DOGEUSDT,833,19,2,BELOW,XUYEN_THAT,XUYEN_THAT,2,true,false,5,false
DOGEUSDT,834,4,1,BELOW,GIU,CHAN,2,false,false,,
DOGEUSDT,835,24,2,ABOVE,GIU,CHAN,4,false,false,,
DOGEUSDT,836,1,1,BELOW,PHA_GIA,CHAN,1,true,true,0,false
DOGEUSDT,837,12,2,ABOVE,PHA_GIA,XUYEN_THAT,1,true,true,2,false
DOGEUSDT,839,3,2,BELOW,PHA_GIA,CHAN,4,true,true,1,false
DOGEUSDT,840,2,1,ABOVE,GIU,CHAN,2,false,false,,
DOGEUSDT,841,2,1,BELOW,GIU,CHAN,4,false,false,,
DOGEUSDT,842,15,2,BELOW,GIU,XUYEN_THAT,4,false,false,,
DOGEUSDT,844,45,2,BELOW,GIU,XUYEN_THAT,2,false,false,,
DOGEUSDT,845,3,2,ABOVE,GIU,XUYEN_THAT,3,false,false,,
DOGEUSDT,846,6,2,BELOW,GIU,XUYEN_THAT,2,false,false,,
DOGEUSDT,847,2,1,ABOVE,GIU,CHAN,3,false,false,,
DOGEUSDT,850,1,1,ABOVE,GIU,CHAN,3,false,false,,
DOGEUSDT,851,1,1,BELOW,XUYEN_THAT,XUYEN_THAT,1,true,false,0,false
DOGEUSDT,852,21,2,ABOVE,PHA_GIA,XUYEN_THAT,0,true,true,0,false
DOGEUSDT,853,8,2,ABOVE,GIU,XUYEN_THAT,3,false,false,,
DOGEUSDT,854,1,1,BELOW,GIU,CHAN,1,false,false,,
DOGEUSDT,856,6,2,BELOW,GIU,XUYEN_THAT,0,false,false,,
DOGEUSDT,857,4,2,BELOW,PHA_GIA,XUYEN_THAT,3,true,true,5,false
DOGEUSDT,859,13,2,BELOW,XUYEN_THAT,XUYEN_THAT,1,true,false,0,false
DOGEUSDT,861,1,1,BELOW,GIU,CHAN,3,false,false,,
DOGEUSDT,862,7,2,BELOW,GIU,CHAN,1,false,false,,
DOGEUSDT,863,1,1,BELOW,GIU,CHAN,1,false,false,,
DOGEUSDT,864,10,2,ABOVE,XUYEN_THAT,XUYEN_THAT,2,true,false,1,false
DOGEUSDT,866,7,2,BELOW,GIU,XUYEN_THAT,1,false,false,,
DOGEUSDT,867,7,2,BELOW,PHA_GIA,XUYEN_THAT,3,true,true,4,false
DOGEUSDT,868,2,1,ABOVE,GIU,CHAN,2,false,false,,
DOGEUSDT,869,16,2,ABOVE,PHA_GIA,XUYEN_THAT,2,true,true,0,false
DOGEUSDT,870,6,2,BELOW,XUYEN_THAT,XUYEN_THAT,0,true,false,0,false
DOGEUSDT,872,4,1,BELOW,GIU,CHAN,1,false,false,,
DOGEUSDT,873,13,2,BELOW,PHA_GIA,XUYEN_THAT,1,true,true,1,false
DOGEUSDT,875,18,2,ABOVE,GIU,XUYEN_THAT,2,false,false,,
DOGEUSDT,876,18,2,ABOVE,GIU,XUYEN_THAT,1,false,false,,
DOGEUSDT,877,5,2,BELOW,GIU,CHAN,2,false,false,,
DOGEUSDT,878,20,2,ABOVE,PHA_GIA,XUYEN_THAT,1,true,true,6,false
DOGEUSDT,879,2,1,ABOVE,GIU,CHAN,0,false,false,,
DOGEUSDT,881,3,1,BELOW,GIU,CHAN,3,false,false,,
DOGEUSDT,883,9,2,BELOW,PHA_GIA,XUYEN_THAT,3,true,true,1,false
DOGEUSDT,885,1,1,BELOW,GIU,CHAN,0,false,false,,
DOGEUSDT,886,2,1,ABOVE,PHA_GIA,CHAN,1,true,true,3,false
DOGEUSDT,887,3,2,BELOW,PHA_GIA,XUYEN_THAT,1,true,true,3,false
DOGEUSDT,888,11,2,BELOW,GIU,XUYEN_THAT,3,false,false,,
DOGEUSDT,889,6,2,BELOW,PHA_GIA,XUYEN_THAT,0,true,true,0,false
DOGEUSDT,890,10,2,BELOW,GIU,XUYEN_THAT,4,false,false,,
DOGEUSDT,891,5,1,ABOVE,GIU,XUYEN_THAT,2,false,false,,
DOGEUSDT,893,6,2,BELOW,PHA_GIA,CHAN,1,true,true,0,false
DOGEUSDT,895,2,1,BELOW,GIU,CHAN,0,false,false,,
DOGEUSDT,896,1,1,BELOW,GIU,CHAN,2,false,false,,
DOGEUSDT,898,10,2,BELOW,XUYEN_THAT,XUYEN_THAT,1,true,false,2,false
DOGEUSDT,900,4,2,BELOW,GIU,CHAN,1,false,false,,
DOGEUSDT,901,7,2,ABOVE,PHA_GIA,CHAN,3,true,true,5,false
DOGEUSDT,903,21,2,BELOW,PHA_GIA,XUYEN_THAT,1,true,true,1,false
DOGEUSDT,905,10,2,BELOW,PHA_GIA,XUYEN_THAT,3,true,true,4,false
DOGEUSDT,906,18,2,BELOW,PHA_GIA,XUYEN_THAT,1,true,true,1,false
DOGEUSDT,910,2,1,ABOVE,GIU,CHAN,3,false,false,,
DOGEUSDT,911,6,2,ABOVE,PHA_GIA,XUYEN_THAT,1,true,true,2,false
DOGEUSDT,912,4,2,BELOW,GIU,CHAN,1,false,false,,
DOGEUSDT,913,4,2,ABOVE,GIU,XUYEN_THAT,1,false,false,,
DOGEUSDT,914,15,2,BELOW,PHA_GIA,XUYEN_THAT,2,true,true,1,false
DOGEUSDT,915,3,2,BELOW,PHA_GIA,XUYEN_THAT,0,true,true,0,false
DOGEUSDT,918,2,1,BELOW,GIU,CHAN,4,false,false,,
DOGEUSDT,919,1,1,ABOVE,GIU,CHAN,1,false,false,,
DOGEUSDT,920,24,2,BELOW,GIU,CHAN,3,false,false,,
DOGEUSDT,921,31,2,ABOVE,GIU,XUYEN_THAT,3,false,false,,
DOGEUSDT,922,14,2,ABOVE,XUYEN_THAT,XUYEN_THAT,1,true,false,8,false
DOGEUSDT,923,3,1,ABOVE,GIU,CHAN,2,false,false,,
DOGEUSDT,924,11,2,BELOW,PHA_GIA,XUYEN_THAT,0,true,true,5,false
DOGEUSDT,925,1,1,ABOVE,GIU,CHAN,1,false,false,,
DOGEUSDT,926,1,1,BELOW,GIU,CHAN,1,false,false,,
DOGEUSDT,927,9,2,BELOW,XUYEN_THAT,XUYEN_THAT,1,true,false,5,false
DOGEUSDT,928,1,1,ABOVE,GIU,CHAN,1,false,false,,
DOGEUSDT,929,9,2,ABOVE,GIU,XUYEN_THAT,0,false,false,,
DOGEUSDT,931,12,2,BELOW,GIU,XUYEN_THAT,1,false,false,,
DOGEUSDT,932,11,2,BELOW,GIU,XUYEN_THAT,3,false,false,,
DOGEUSDT,933,12,2,BELOW,PHA_GIA,XUYEN_THAT,1,true,true,0,false
DOGEUSDT,935,5,1,ABOVE,GIU,CHAN,0,false,false,,
DOGEUSDT,936,4,1,BELOW,GIU,XUYEN_THAT,1,false,false,,
DOGEUSDT,937,2,2,ABOVE,XUYEN_THAT,XUYEN_THAT,3,true,false,3,false
DOGEUSDT,938,9,2,ABOVE,PHA_GIA,XUYEN_THAT,2,true,true,2,false
DOGEUSDT,940,16,2,BELOW,PHA_GIA,XUYEN_THAT,3,true,true,7,false
DOGEUSDT,942,9,2,BELOW,GIU,XUYEN_THAT,3,false,false,,
DOGEUSDT,943,10,2,BELOW,XUYEN_THAT,XUYEN_THAT,1,true,false,4,false
DOGEUSDT,944,6,1,BELOW,GIU,XUYEN_THAT,1,false,false,,
DOGEUSDT,945,3,2,ABOVE,PHA_GIA,CHAN,1,true,true,2,false
DOGEUSDT,946,13,2,BELOW,XUYEN_THAT,XUYEN_THAT,2,true,false,7,false
DOGEUSDT,947,15,2,ABOVE,GIU,XUYEN_THAT,2,false,false,,
DOGEUSDT,948,4,2,ABOVE,GIU,XUYEN_THAT,3,false,false,,
DOGEUSDT,949,11,2,ABOVE,GIU,XUYEN_THAT,3,false,false,,
DOGEUSDT,950,9,2,ABOVE,GIU,XUYEN_THAT,5,false,false,,
DOGEUSDT,951,1,1,BELOW,GIU,CHAN,3,false,false,,
DOGEUSDT,952,8,2,BELOW,PHA_GIA,XUYEN_THAT,2,true,true,4,false
DOGEUSDT,953,1,1,BELOW,GIU,CHAN,1,false,false,,
DOGEUSDT,954,5,2,BELOW,GIU,CHAN,3,false,false,,
DOGEUSDT,955,9,2,ABOVE,PHA_GIA,XUYEN_THAT,1,true,true,1,false
DOGEUSDT,957,1,1,ABOVE,GIU,CHAN,1,false,false,,
DOGEUSDT,958,35,2,BELOW,XUYEN_THAT,XUYEN_THAT,2,true,false,4,false
DOGEUSDT,959,3,1,ABOVE,GIU,CHAN,2,false,false,,
DOGEUSDT,960,23,2,ABOVE,GIU,XUYEN_THAT,1,false,false,,
DOGEUSDT,961,8,2,ABOVE,GIU,XUYEN_THAT,2,false,false,,
DOGEUSDT,963,5,1,BELOW,GIU,XUYEN_THAT,2,false,false,,
DOGEUSDT,964,42,2,ABOVE,XUYEN_THAT,XUYEN_THAT,4,true,false,3,false
DOGEUSDT,965,16,2,BELOW,GIU,XUYEN_THAT,3,false,false,,
DOGEUSDT,966,7,1,ABOVE,PHA_GIA,CHAN,2,true,true,0,false
DOGEUSDT,967,18,2,ABOVE,GIU,XUYEN_THAT,3,false,false,,
DOGEUSDT,968,6,2,ABOVE,GIU,XUYEN_THAT,3,false,false,,
DOGEUSDT,969,4,2,BELOW,XUYEN_THAT,XUYEN_THAT,1,true,false,0,false
DOGEUSDT,970,3,1,BELOW,GIU,CHAN,1,false,false,,
DOGEUSDT,971,3,2,ABOVE,PHA_GIA,XUYEN_THAT,0,true,true,2,false
DOGEUSDT,972,18,2,BELOW,GIU,XUYEN_THAT,3,false,false,,
DOGEUSDT,973,1,1,ABOVE,XUYEN_THAT,XUYEN_THAT,0,true,false,0,false
DOGEUSDT,974,55,2,BELOW,GIU,XUYEN_THAT,1,false,false,,
DOGEUSDT,975,18,2,ABOVE,XUYEN_THAT,XUYEN_THAT,1,true,false,4,false
DOGEUSDT,976,10,2,BELOW,XUYEN_THAT,XUYEN_THAT,1,true,false,1,false
DOGEUSDT,978,3,2,ABOVE,XUYEN_THAT,XUYEN_THAT,3,true,false,1,false
DOGEUSDT,979,10,2,BELOW,GIU,XUYEN_THAT,4,false,false,,
DOGEUSDT,980,12,2,ABOVE,PHA_GIA,XUYEN_THAT,0,true,true,0,false
DOGEUSDT,981,15,2,ABOVE,XUYEN_THAT,XUYEN_THAT,2,true,false,2,false
DOGEUSDT,982,11,2,ABOVE,PHA_GIA,XUYEN_THAT,2,true,true,8,false
DOGEUSDT,984,3,1,BELOW,GIU,CHAN,3,false,false,,
DOGEUSDT,986,6,2,BELOW,GIU,XUYEN_THAT,3,false,false,,
DOGEUSDT,987,27,2,BELOW,GIU,XUYEN_THAT,3,false,false,,
DOGEUSDT,988,2,1,ABOVE,GIU,CHAN,2,false,false,,
DOGEUSDT,992,1,1,ABOVE,PHA_GIA,CHAN,1,true,true,1,false
DOGEUSDT,993,15,2,ABOVE,GIU,XUYEN_THAT,2,false,false,,
DOGEUSDT,994,1,1,BELOW,GIU,CHAN,2,false,false,,
DOGEUSDT,997,17,2,ABOVE,GIU,XUYEN_THAT,1,false,false,,
DOGEUSDT,998,7,1,ABOVE,GIU,CHAN,1,false,false,,
DOGEUSDT,1000,7,2,BELOW,PHA_GIA,XUYEN_THAT,2,true,true,1,false
DOGEUSDT,1001,4,2,BELOW,PHA_GIA,XUYEN_THAT,1,true,true,0,false
DOGEUSDT,1002,3,2,BELOW,PHA_GIA,XUYEN_THAT,1,true,true,3,false
DOGEUSDT,1003,17,2,BELOW,GIU,XUYEN_THAT,4,false,false,,
DOGEUSDT,1004,9,2,BELOW,GIU,CHAN,1,false,false,,
DOGEUSDT,1005,27,2,ABOVE,GIU,XUYEN_THAT,0,false,false,,
DOGEUSDT,1006,9,2,BELOW,GIU,CHAN,1,false,false,,
DOGEUSDT,1007,10,2,BELOW,PHA_GIA,CHAN,2,true,true,2,false
DOGEUSDT,1008,1,1,ABOVE,GIU,CHAN,4,false,false,,
DOGEUSDT,1009,3,2,ABOVE,XUYEN_THAT,XUYEN_THAT,2,true,false,5,false
DOGEUSDT,1010,1,1,BELOW,GIU,CHAN,1,false,false,,
DOGEUSDT,1012,13,2,ABOVE,PHA_GIA,XUYEN_THAT,0,true,true,0,false
DOGEUSDT,1013,6,2,ABOVE,GIU,CHAN,3,false,false,,
DOGEUSDT,1014,5,2,ABOVE,PHA_GIA,XUYEN_THAT,3,true,true,2,false
DOGEUSDT,1015,1,1,BELOW,GIU,CHAN,3,false,false,,
DOGEUSDT,1016,20,2,BELOW,PHA_GIA,XUYEN_THAT,0,true,true,0,false
DOGEUSDT,1017,12,2,ABOVE,GIU,XUYEN_THAT,1,false,false,,
DOGEUSDT,1018,3,2,ABOVE,XUYEN_THAT,XUYEN_THAT,1,true,false,5,false
DOGEUSDT,1019,10,2,BELOW,XUYEN_THAT,XUYEN_THAT,2,true,false,2,false
DOGEUSDT,1020,3,2,ABOVE,GIU,XUYEN_THAT,2,false,false,,
DOGEUSDT,1021,30,2,BELOW,GIU,XUYEN_THAT,5,false,false,,
DOGEUSDT,1022,6,2,BELOW,GIU,XUYEN_THAT,1,false,false,,
DOGEUSDT,1023,3,2,BELOW,PHA_GIA,CHAN,2,true,true,6,false
DOGEUSDT,1024,1,1,ABOVE,GIU,CHAN,2,false,false,,
DOGEUSDT,1025,2,1,BELOW,XUYEN_THAT,XUYEN_THAT,1,true,false,3,false
DOGEUSDT,1026,4,2,ABOVE,PHA_GIA,XUYEN_THAT,2,true,true,7,false
DOGEUSDT,1027,10,2,ABOVE,GIU,XUYEN_THAT,3,false,false,,
DOGEUSDT,1029,1,1,ABOVE,PHA_GIA,CHAN,1,true,true,0,false
DOGEUSDT,1030,1,1,BELOW,GIU,CHAN,3,false,false,,
DOGEUSDT,1032,15,2,BELOW,XUYEN_THAT,XUYEN_THAT,1,true,false,4,false
DOGEUSDT,1033,5,1,BELOW,GIU,CHAN,2,false,false,,
DOGEUSDT,1034,8,2,BELOW,XUYEN_THAT,XUYEN_THAT,2,true,false,4,false
DOGEUSDT,1035,3,2,ABOVE,GIU,CHAN,3,false,false,,
DOGEUSDT,1036,10,2,ABOVE,PHA_GIA,CHAN,1,true,true,4,false
DOGEUSDT,1037,11,2,ABOVE,GIU,XUYEN_THAT,2,false,false,,
DOGEUSDT,1039,1,1,ABOVE,XUYEN_THAT,XUYEN_THAT,0,true,false,0,false
DOGEUSDT,1040,8,2,ABOVE,GIU,XUYEN_THAT,1,false,false,,
DOGEUSDT,1041,1,1,ABOVE,GIU,CHAN,3,false,false,,
DOGEUSDT,1042,6,2,BELOW,PHA_GIA,CHAN,2,true,true,4,false
DOGEUSDT,1043,48,2,BELOW,PHA_GIA,XUYEN_THAT,4,true,true,8,false
DOGEUSDT,1044,9,2,ABOVE,PHA_GIA,CHAN,3,true,true,6,false
DOGEUSDT,1045,20,2,BELOW,PHA_GIA,XUYEN_THAT,1,true,true,3,false
DOGEUSDT,1047,3,1,ABOVE,PHA_GIA,CHAN,0,true,true,0,false
DOGEUSDT,1048,13,2,ABOVE,GIU,XUYEN_THAT,2,false,false,,
DOGEUSDT,1049,39,2,BELOW,GIU,XUYEN_THAT,3,false,false,,
DOGEUSDT,1050,1,1,BELOW,GIU,CHAN,2,false,false,,
DOGEUSDT,1053,11,2,ABOVE,PHA_GIA,XUYEN_THAT,2,true,true,2,false
DOGEUSDT,1054,11,2,BELOW,PHA_GIA,XUYEN_THAT,1,true,true,1,false
DOGEUSDT,1055,5,2,BELOW,PHA_GIA,XUYEN_THAT,2,true,true,4,false
DOGEUSDT,1056,1,1,ABOVE,GIU,CHAN,1,false,false,,
DOGEUSDT,1057,1,1,BELOW,GIU,CHAN,1,false,false,,
DOGEUSDT,1058,1,1,ABOVE,GIU,CHAN,1,false,false,,
DOGEUSDT,1061,4,2,ABOVE,GIU,CHAN,3,false,false,,
DOGEUSDT,1064,2,2,ABOVE,PHA_GIA,CHAN,1,true,true,2,false
DOGEUSDT,1065,1,1,BELOW,GIU,CHAN,1,false,false,,
DOGEUSDT,1066,10,2,BELOW,GIU,XUYEN_THAT,1,false,false,,
DOGEUSDT,1068,5,2,ABOVE,XUYEN_THAT,XUYEN_THAT,1,true,false,2,false
DOGEUSDT,1069,1,1,BELOW,GIU,CHAN,0,false,false,,
DOGEUSDT,1071,3,2,BELOW,PHA_GIA,XUYEN_THAT,1,true,true,0,false
DOGEUSDT,1073,42,2,ABOVE,PHA_GIA,XUYEN_THAT,0,true,true,2,false
DOGEUSDT,1074,9,2,BELOW,XUYEN_THAT,XUYEN_THAT,2,true,false,1,false
DOGEUSDT,1075,2,2,BELOW,XUYEN_THAT,XUYEN_THAT,0,true,false,1,false
DOGEUSDT,1076,23,2,BELOW,GIU,XUYEN_THAT,3,false,false,,
DOGEUSDT,1077,24,2,ABOVE,GIU,XUYEN_THAT,2,false,false,,
DOGEUSDT,1078,2,1,ABOVE,GIU,CHAN,3,false,false,,
DOGEUSDT,1080,14,2,ABOVE,XUYEN_THAT,XUYEN_THAT,2,true,false,4,false
DOGEUSDT,1081,3,2,BELOW,PHA_GIA,XUYEN_THAT,0,true,true,0,false
DOGEUSDT,1083,23,2,BELOW,XUYEN_THAT,XUYEN_THAT,4,true,false,6,false
DOGEUSDT,1084,5,2,ABOVE,GIU,XUYEN_THAT,2,false,false,,
DOGEUSDT,1085,2,1,ABOVE,PHA_GIA,CHAN,4,true,true,3,false
DOGEUSDT,1086,9,2,BELOW,GIU,XUYEN_THAT,2,false,false,,
DOGEUSDT,1087,24,2,BELOW,GIU,XUYEN_THAT,3,false,false,,
DOGEUSDT,1088,4,1,BELOW,GIU,XUYEN_THAT,2,false,false,,
DOGEUSDT,1089,16,2,BELOW,XUYEN_THAT,XUYEN_THAT,1,true,false,1,false
DOGEUSDT,1090,3,2,BELOW,XUYEN_THAT,XUYEN_THAT,2,true,false,2,false
DOGEUSDT,1091,3,2,BELOW,XUYEN_THAT,XUYEN_THAT,3,true,false,1,false
DOGEUSDT,1092,11,2,BELOW,GIU,XUYEN_THAT,2,false,false,,
DOGEUSDT,1093,8,2,BELOW,XUYEN_THAT,XUYEN_THAT,0,true,false,5,false
DOGEUSDT,1095,1,1,ABOVE,GIU,CHAN,2,false,false,,
DOGEUSDT,1096,13,2,ABOVE,PHA_GIA,XUYEN_THAT,2,true,true,4,false
DOGEUSDT,1098,1,1,ABOVE,XUYEN_THAT,XUYEN_THAT,0,true,false,1,false
DOGEUSDT,1099,11,2,BELOW,PHA_GIA,XUYEN_THAT,0,true,true,2,false
DOGEUSDT,1100,21,2,BELOW,GIU,XUYEN_THAT,3,false,false,,
DOGEUSDT,1102,13,2,ABOVE,PHA_GIA,XUYEN_THAT,0,true,true,0,false
DOGEUSDT,1103,2,1,ABOVE,PHA_GIA,CHAN,1,true,true,2,false
DOGEUSDT,1105,6,2,BELOW,PHA_GIA,XUYEN_THAT,2,true,true,3,false
DOGEUSDT,1106,31,2,ABOVE,XUYEN_THAT,XUYEN_THAT,0,true,false,0,false
DOGEUSDT,1107,6,2,BELOW,GIU,XUYEN_THAT,2,false,false,,
DOGEUSDT,1108,29,2,ABOVE,PHA_GIA,XUYEN_THAT,1,true,true,7,false
DOGEUSDT,1109,2,1,BELOW,GIU,CHAN,3,false,false,,
DOGEUSDT,1110,28,2,ABOVE,XUYEN_THAT,XUYEN_THAT,2,true,false,3,true
DOGEUSDT,1114,3,1,BELOW,GIU,CHAN,1,false,false,,
DOGEUSDT,1115,5,1,BELOW,GIU,CHAN,3,false,false,,
DOGEUSDT,1116,9,1,BELOW,GIU,CHAN,5,false,false,,
DOGEUSDT,1117,4,2,ABOVE,GIU,XUYEN_THAT,4,false,false,,
DOGEUSDT,1118,11,2,ABOVE,GIU,XUYEN_THAT,2,false,false,,
DOGEUSDT,1119,2,2,BELOW,XUYEN_THAT,XUYEN_THAT,0,true,false,1,false
DOGEUSDT,1120,12,2,ABOVE,PHA_GIA,CHAN,2,true,true,6,false
DOGEUSDT,1122,9,1,ABOVE,GIU,XUYEN_THAT,0,false,false,,
DOGEUSDT,1123,4,2,BELOW,PHA_GIA,CHAN,4,true,true,7,false
DOGEUSDT,1124,2,1,ABOVE,GIU,CHAN,1,false,false,,
DOGEUSDT,1125,9,2,ABOVE,GIU,CHAN,1,false,false,,
DOGEUSDT,1127,14,2,ABOVE,GIU,XUYEN_THAT,1,false,false,,
DOGEUSDT,1128,7,2,BELOW,PHA_GIA,XUYEN_THAT,3,true,true,6,false
DOGEUSDT,1129,1,1,BELOW,GIU,CHAN,2,false,false,,
DOGEUSDT,1131,9,2,BELOW,XUYEN_THAT,XUYEN_THAT,3,true,false,3,false
DOGEUSDT,1132,2,2,ABOVE,PHA_GIA,CHAN,2,true,true,3,false
DOGEUSDT,1135,35,2,BELOW,XUYEN_THAT,XUYEN_THAT,0,true,false,7,false
DOGEUSDT,1136,13,2,BELOW,PHA_GIA,XUYEN_THAT,2,true,true,3,false
DOGEUSDT,1137,12,2,BELOW,PHA_GIA,XUYEN_THAT,3,true,true,6,false
DOGEUSDT,1138,1,1,ABOVE,PHA_GIA,CHAN,1,true,true,0,false
DOGEUSDT,1139,22,2,BELOW,GIU,XUYEN_THAT,1,false,false,,
DOGEUSDT,1140,4,2,ABOVE,PHA_GIA,CHAN,2,true,true,3,false
DOGEUSDT,1143,2,1,ABOVE,GIU,CHAN,2,false,false,,
DOGEUSDT,1144,15,2,BELOW,PHA_GIA,XUYEN_THAT,3,true,true,3,false
DOGEUSDT,1145,8,2,ABOVE,XUYEN_THAT,XUYEN_THAT,3,true,false,7,false
DOGEUSDT,1146,5,2,ABOVE,GIU,XUYEN_THAT,4,false,false,,
DOGEUSDT,1148,15,2,BELOW,XUYEN_THAT,XUYEN_THAT,0,true,false,0,false
DOGEUSDT,1149,5,2,ABOVE,XUYEN_THAT,XUYEN_THAT,3,true,false,7,false
DOGEUSDT,1150,2,2,ABOVE,XUYEN_THAT,XUYEN_THAT,0,true,false,0,false
DOGEUSDT,1151,5,2,BELOW,GIU,XUYEN_THAT,1,false,false,,
DOGEUSDT,1152,17,2,ABOVE,GIU,XUYEN_THAT,1,false,false,,
DOGEUSDT,1153,4,1,BELOW,GIU,CHAN,2,false,false,,
DOGEUSDT,1154,12,2,BELOW,XUYEN_THAT,XUYEN_THAT,1,true,false,3,false
DOGEUSDT,1155,4,1,BELOW,GIU,CHAN,2,false,false,,
DOGEUSDT,1157,15,2,BELOW,XUYEN_THAT,XUYEN_THAT,1,true,false,6,false
DOGEUSDT,1159,2,1,BELOW,PHA_GIA,CHAN,2,true,true,0,false
DOGEUSDT,1160,10,2,BELOW,XUYEN_THAT,XUYEN_THAT,2,true,false,2,false
DOGEUSDT,1161,4,1,ABOVE,PHA_GIA,CHAN,1,true,true,8,false
DOGEUSDT,1162,21,2,BELOW,PHA_GIA,XUYEN_THAT,1,true,true,3,false
DOGEUSDT,1163,13,2,BELOW,PHA_GIA,XUYEN_THAT,0,true,true,2,false
DOGEUSDT,1164,8,2,BELOW,PHA_GIA,XUYEN_THAT,2,true,true,1,false
DOGEUSDT,1165,4,2,ABOVE,XUYEN_THAT,XUYEN_THAT,3,true,false,4,false
DOGEUSDT,1166,6,2,BELOW,XUYEN_THAT,XUYEN_THAT,1,true,false,0,false
DOGEUSDT,1167,10,2,BELOW,XUYEN_THAT,XUYEN_THAT,1,true,false,0,false
DOGEUSDT,1169,1,1,BELOW,XUYEN_THAT,XUYEN_THAT,3,true,false,1,false
DOGEUSDT,1171,22,2,BELOW,XUYEN_THAT,XUYEN_THAT,1,true,false,3,false
DOGEUSDT,1172,6,2,ABOVE,XUYEN_THAT,XUYEN_THAT,0,true,false,1,false
DOGEUSDT,1173,16,2,BELOW,GIU,XUYEN_THAT,4,false,false,,
DOGEUSDT,1174,5,2,ABOVE,GIU,XUYEN_THAT,0,false,false,,
DOGEUSDT,1175,8,2,BELOW,PHA_GIA,XUYEN_THAT,2,true,true,3,false
DOGEUSDT,1177,2,1,ABOVE,GIU,CHAN,3,false,false,,
DOGEUSDT,1178,7,2,ABOVE,PHA_GIA,CHAN,1,true,true,2,false
DOGEUSDT,1179,4,1,BELOW,PHA_GIA,CHAN,1,true,true,0,false
DOGEUSDT,1181,1,1,BELOW,PHA_GIA,CHAN,1,true,true,0,false
DOGEUSDT,1182,5,2,BELOW,PHA_GIA,CHAN,2,true,true,2,false
DOGEUSDT,1183,35,2,BELOW,PHA_GIA,XUYEN_THAT,1,true,true,0,false
DOGEUSDT,1184,30,2,BELOW,GIU,XUYEN_THAT,1,false,false,,
DOGEUSDT,1185,2,2,ABOVE,PHA_GIA,CHAN,1,true,true,1,false
DOGEUSDT,1186,7,2,ABOVE,GIU,CHAN,0,false,false,,
DOGEUSDT,1187,7,2,BELOW,PHA_GIA,XUYEN_THAT,1,true,true,0,false
DOGEUSDT,1189,5,1,BELOW,PHA_GIA,CHAN,0,true,true,6,false
DOGEUSDT,1190,4,2,ABOVE,XUYEN_THAT,XUYEN_THAT,1,true,false,2,false
DOGEUSDT,1191,10,2,BELOW,PHA_GIA,XUYEN_THAT,2,true,true,4,false
DOGEUSDT,1192,2,1,BELOW,GIU,CHAN,2,false,false,,
DOGEUSDT,1193,5,2,BELOW,PHA_GIA,CHAN,3,true,true,3,false
DOGEUSDT,1194,5,1,ABOVE,GIU,CHAN,2,false,false,,
DOGEUSDT,1196,19,2,ABOVE,PHA_GIA,XUYEN_THAT,0,true,true,0,false
DOGEUSDT,1197,8,1,BELOW,GIU,CHAN,1,false,false,,
DOGEUSDT,1198,13,2,BELOW,PHA_GIA,XUYEN_THAT,1,true,true,3,false
DOGEUSDT,1199,9,2,BELOW,PHA_GIA,XUYEN_THAT,0,true,true,0,false
DOGEUSDT,1202,2,2,ABOVE,PHA_GIA,XUYEN_THAT,2,true,true,1,false
DOGEUSDT,1203,1,1,ABOVE,GIU,CHAN,1,false,false,,
DOGEUSDT,1204,2,2,ABOVE,XUYEN_THAT,XUYEN_THAT,2,true,false,2,false
DOGEUSDT,1205,2,1,BELOW,GIU,CHAN,2,false,false,,
DOGEUSDT,1209,5,2,BELOW,GIU,CHAN,1,false,false,,
DOGEUSDT,1210,17,2,ABOVE,XUYEN_THAT,XUYEN_THAT,1,true,false,2,false
DOGEUSDT,1212,5,2,BELOW,PHA_GIA,XUYEN_THAT,2,true,true,2,false
DOGEUSDT,1214,4,2,BELOW,GIU,XUYEN_THAT,2,false,false,,
DOGEUSDT,1215,7,2,BELOW,GIU,XUYEN_THAT,3,false,false,,
DOGEUSDT,1216,5,2,BELOW,PHA_GIA,XUYEN_THAT,0,true,true,3,false
DOGEUSDT,1217,5,1,ABOVE,GIU,CHAN,1,false,false,,
DOGEUSDT,1218,1,1,ABOVE,GIU,CHAN,0,false,false,,
DOGEUSDT,1219,18,2,ABOVE,GIU,XUYEN_THAT,2,false,false,,
DOGEUSDT,1220,7,2,ABOVE,PHA_GIA,XUYEN_THAT,2,true,true,1,false
DOGEUSDT,1222,3,1,ABOVE,GIU,CHAN,1,false,false,,
DOGEUSDT,1223,3,2,BELOW,XUYEN_THAT,XUYEN_THAT,2,true,false,2,false
DOGEUSDT,1225,5,2,ABOVE,XUYEN_THAT,XUYEN_THAT,1,true,false,6,false
DOGEUSDT,1226,3,1,BELOW,GIU,CHAN,1,false,false,,
DOGEUSDT,1228,8,2,BELOW,GIU,XUYEN_THAT,2,false,false,,
DOGEUSDT,1229,1,1,ABOVE,XUYEN_THAT,XUYEN_THAT,1,true,false,1,false
DOGEUSDT,1230,6,2,ABOVE,XUYEN_THAT,XUYEN_THAT,1,true,false,5,false
DOGEUSDT,1231,2,1,ABOVE,GIU,CHAN,3,false,false,,
DOGEUSDT,1234,6,2,BELOW,GIU,CHAN,1,false,false,,
DOGEUSDT,1235,9,2,BELOW,XUYEN_THAT,XUYEN_THAT,1,true,false,2,false
DOGEUSDT,1237,13,2,ABOVE,PHA_GIA,CHAN,0,true,true,3,false
DOGEUSDT,1238,4,1,BELOW,GIU,XUYEN_THAT,2,false,false,,
DOGEUSDT,1239,9,2,BELOW,PHA_GIA,CHAN,1,true,true,1,false
DOGEUSDT,1240,4,1,BELOW,GIU,CHAN,2,false,false,,
DOGEUSDT,1241,7,2,ABOVE,GIU,XUYEN_THAT,2,false,false,,
DOGEUSDT,1242,4,2,ABOVE,PHA_GIA,XUYEN_THAT,3,true,true,0,false
DOGEUSDT,1243,11,2,ABOVE,PHA_GIA,CHAN,2,true,true,8,false
DOGEUSDT,1245,18,2,BELOW,PHA_GIA,XUYEN_THAT,2,true,true,0,false
DOGEUSDT,1246,8,1,ABOVE,GIU,CHAN,1,false,false,,
DOGEUSDT,1247,9,2,ABOVE,PHA_GIA,XUYEN_THAT,3,true,true,2,false
DOGEUSDT,1248,4,2,BELOW,GIU,XUYEN_THAT,3,false,false,,
DOGEUSDT,1249,10,2,BELOW,PHA_GIA,XUYEN_THAT,1,true,true,1,false
DOGEUSDT,1250,11,2,BELOW,GIU,XUYEN_THAT,0,false,false,,
DOGEUSDT,1251,16,2,ABOVE,GIU,XUYEN_THAT,1,false,false,,
DOGEUSDT,1252,5,1,ABOVE,GIU,CHAN,1,false,false,,
DOGEUSDT,1253,22,2,ABOVE,GIU,XUYEN_THAT,3,false,false,,
DOGEUSDT,1255,15,2,ABOVE,PHA_GIA,XUYEN_THAT,3,true,true,7,false
DOGEUSDT,1256,9,2,BELOW,GIU,XUYEN_THAT,2,false,false,,
DOGEUSDT,1257,1,1,ABOVE,GIU,CHAN,4,false,false,,
DOGEUSDT,1259,2,1,BELOW,GIU,CHAN,3,false,false,,
DOGEUSDT,1260,12,2,BELOW,GIU,XUYEN_THAT,1,false,false,,
DOGEUSDT,1261,8,2,ABOVE,GIU,XUYEN_THAT,2,false,false,,
DOGEUSDT,1262,11,2,ABOVE,PHA_GIA,XUYEN_THAT,3,true,true,3,false
DOGEUSDT,1263,2,1,BELOW,GIU,CHAN,3,false,false,,
DOGEUSDT,1264,1,1,BELOW,GIU,CHAN,3,false,false,,
DOGEUSDT,1265,23,2,ABOVE,XUYEN_THAT,XUYEN_THAT,0,true,false,7,false
DOGEUSDT,1266,1,1,BELOW,PHA_GIA,CHAN,0,true,true,0,false
DOGEUSDT,1267,7,2,ABOVE,XUYEN_THAT,XUYEN_THAT,2,true,false,2,false
DOGEUSDT,1268,5,2,BELOW,PHA_GIA,CHAN,2,true,true,3,false
DOGEUSDT,1269,5,2,ABOVE,PHA_GIA,XUYEN_THAT,1,true,true,1,false
DOGEUSDT,1271,11,2,BELOW,PHA_GIA,XUYEN_THAT,1,true,true,4,false
DOGEUSDT,1272,17,2,ABOVE,PHA_GIA,XUYEN_THAT,1,true,true,5,false
DOGEUSDT,1274,10,2,BELOW,XUYEN_THAT,XUYEN_THAT,1,true,false,4,false
DOGEUSDT,1275,12,2,ABOVE,PHA_GIA,XUYEN_THAT,1,true,true,0,false
DOGEUSDT,1276,1,1,BELOW,GIU,CHAN,2,false,false,,
DOGEUSDT,1277,11,2,BELOW,PHA_GIA,XUYEN_THAT,0,true,true,7,false
DOGEUSDT,1278,3,1,ABOVE,GIU,CHAN,5,false,false,,
DOGEUSDT,1281,24,2,ABOVE,GIU,XUYEN_THAT,1,false,false,,
DOGEUSDT,1282,22,2,ABOVE,PHA_GIA,XUYEN_THAT,2,true,true,4,false
DOGEUSDT,1284,11,2,ABOVE,GIU,XUYEN_THAT,1,false,false,,
DOGEUSDT,1285,3,2,BELOW,PHA_GIA,XUYEN_THAT,3,true,true,0,false
DOGEUSDT,1286,12,2,BELOW,GIU,XUYEN_THAT,1,false,false,,
DOGEUSDT,1287,14,2,BELOW,GIU,CHAN,5,false,false,,
DOGEUSDT,1290,7,2,ABOVE,XUYEN_THAT,XUYEN_THAT,1,true,false,8,false
DOGEUSDT,1292,18,2,BELOW,PHA_GIA,XUYEN_THAT,0,true,true,0,false
DOGEUSDT,1293,9,2,ABOVE,XUYEN_THAT,XUYEN_THAT,1,true,false,3,false
DOGEUSDT,1294,6,2,ABOVE,XUYEN_THAT,XUYEN_THAT,1,true,false,0,false
DOGEUSDT,1295,6,2,BELOW,GIU,CHAN,2,false,false,,
DOGEUSDT,1297,7,1,ABOVE,GIU,CHAN,0,false,false,,
DOGEUSDT,1299,3,1,ABOVE,GIU,CHAN,3,false,false,,
DOGEUSDT,1300,3,1,BELOW,PHA_GIA,CHAN,0,true,true,0,false
DOGEUSDT,1301,1,1,BELOW,PHA_GIA,CHAN,1,true,true,0,false
DOGEUSDT,1302,8,2,BELOW,XUYEN_THAT,XUYEN_THAT,0,true,false,0,false
DOGEUSDT,1303,2,1,BELOW,GIU,CHAN,1,false,false,,
DOGEUSDT,1304,3,2,BELOW,PHA_GIA,XUYEN_THAT,0,true,true,0,false
DOGEUSDT,1305,33,2,BELOW,GIU,XUYEN_THAT,3,false,false,,
DOGEUSDT,1306,2,1,BELOW,GIU,CHAN,3,false,false,,
DOGEUSDT,1307,12,2,ABOVE,XUYEN_THAT,XUYEN_THAT,3,true,false,7,false
DOGEUSDT,1308,14,2,ABOVE,GIU,XUYEN_THAT,3,false,false,,
DOGEUSDT,1311,11,2,ABOVE,XUYEN_THAT,XUYEN_THAT,1,true,false,4,false
DOGEUSDT,1312,14,2,BELOW,GIU,XUYEN_THAT,1,false,false,,
DOGEUSDT,1313,1,1,ABOVE,PHA_GIA,CHAN,2,true,true,2,false
DOGEUSDT,1314,13,2,BELOW,PHA_GIA,XUYEN_THAT,2,true,true,4,false
ADAUSDT,0,9,2,ABOVE,GIU,XUYEN_THAT,2,false,false,,
ADAUSDT,2,14,2,BELOW,XUYEN_THAT,XUYEN_THAT,1,true,false,0,false
ADAUSDT,5,18,2,ABOVE,PHA_GIA,CHAN,2,true,true,0,false
ADAUSDT,6,1,1,BELOW,GIU,CHAN,4,false,false,,
ADAUSDT,7,2,2,BELOW,PHA_GIA,CHAN,0,true,true,2,false
ADAUSDT,8,10,2,BELOW,PHA_GIA,XUYEN_THAT,3,true,true,1,false
ADAUSDT,9,7,2,BELOW,XUYEN_THAT,XUYEN_THAT,1,true,false,3,false
ADAUSDT,10,9,2,ABOVE,GIU,XUYEN_THAT,1,false,false,,
ADAUSDT,11,1,1,BELOW,PHA_GIA,CHAN,1,true,true,0,false
ADAUSDT,12,10,2,BELOW,PHA_GIA,XUYEN_THAT,2,true,true,6,false
ADAUSDT,13,5,2,BELOW,GIU,CHAN,2,false,false,,
ADAUSDT,14,8,2,ABOVE,PHA_GIA,XUYEN_THAT,4,true,true,3,false
ADAUSDT,15,1,1,ABOVE,GIU,CHAN,2,false,false,,
ADAUSDT,16,10,2,BELOW,GIU,XUYEN_THAT,1,false,false,,
ADAUSDT,18,8,2,BELOW,PHA_GIA,XUYEN_THAT,1,true,true,0,false
ADAUSDT,19,19,2,BELOW,XUYEN_THAT,XUYEN_THAT,2,true,false,2,false
ADAUSDT,21,9,2,BELOW,GIU,XUYEN_THAT,3,false,false,,
ADAUSDT,22,38,2,ABOVE,GIU,XUYEN_THAT,1,false,false,,
ADAUSDT,23,10,2,BELOW,GIU,XUYEN_THAT,2,false,false,,
ADAUSDT,24,8,2,BELOW,GIU,XUYEN_THAT,2,false,false,,
ADAUSDT,25,6,2,BELOW,XUYEN_THAT,XUYEN_THAT,2,true,false,2,false
ADAUSDT,26,26,2,ABOVE,PHA_GIA,XUYEN_THAT,1,true,true,0,false
ADAUSDT,27,10,1,ABOVE,GIU,XUYEN_THAT,3,false,false,,
ADAUSDT,28,2,1,BELOW,GIU,CHAN,3,false,false,,
ADAUSDT,29,3,1,ABOVE,GIU,CHAN,2,false,false,,
ADAUSDT,30,7,2,ABOVE,GIU,XUYEN_THAT,1,false,false,,
ADAUSDT,32,11,2,BELOW,GIU,XUYEN_THAT,1,false,false,,
ADAUSDT,33,3,1,BELOW,GIU,CHAN,2,false,false,,
ADAUSDT,34,1,1,BELOW,PHA_GIA,CHAN,1,true,true,2,false
ADAUSDT,35,5,2,ABOVE,XUYEN_THAT,XUYEN_THAT,3,true,false,6,false
ADAUSDT,37,9,2,ABOVE,GIU,XUYEN_THAT,2,false,false,,
ADAUSDT,38,2,2,ABOVE,XUYEN_THAT,XUYEN_THAT,2,true,false,1,false
ADAUSDT,39,10,2,ABOVE,GIU,XUYEN_THAT,1,false,false,,
ADAUSDT,40,4,1,BELOW,GIU,CHAN,1,false,false,,
ADAUSDT,41,12,2,BELOW,PHA_GIA,XUYEN_THAT,1,true,true,4,false
ADAUSDT,42,34,2,BELOW,XUYEN_THAT,XUYEN_THAT,3,true,false,1,false
ADAUSDT,43,1,1,BELOW,GIU,CHAN,3,false,false,,
ADAUSDT,44,51,2,ABOVE,XUYEN_THAT,XUYEN_THAT,3,true,false,3,false
ADAUSDT,45,1,1,ABOVE,GIU,CHAN,0,false,false,,
ADAUSDT,46,15,2,BELOW,XUYEN_THAT,XUYEN_THAT,3,true,false,3,false
ADAUSDT,47,6,2,BELOW,XUYEN_THAT,XUYEN_THAT,2,true,false,6,false
ADAUSDT,48,6,2,BELOW,GIU,XUYEN_THAT,1,false,false,,
ADAUSDT,49,2,2,BELOW,PHA_GIA,CHAN,2,true,true,1,false
ADAUSDT,50,10,2,BELOW,PHA_GIA,XUYEN_THAT,2,true,true,6,false
ADAUSDT,51,7,2,ABOVE,GIU,XUYEN_THAT,2,false,false,,
ADAUSDT,52,1,1,BELOW,XUYEN_THAT,XUYEN_THAT,1,true,false,0,true
ADAUSDT,53,21,2,BELOW,XUYEN_THAT,XUYEN_THAT,3,true,false,3,false
ADAUSDT,54,54,2,BELOW,GIU,XUYEN_THAT,5,false,false,,
ADAUSDT,55,29,2,ABOVE,GIU,XUYEN_THAT,2,false,false,,
ADAUSDT,56,12,2,BELOW,GIU,XUYEN_THAT,3,false,false,,
ADAUSDT,57,23,2,ABOVE,GIU,XUYEN_THAT,3,false,false,,
ADAUSDT,58,6,1,BELOW,GIU,CHAN,4,false,false,,
ADAUSDT,60,32,2,BELOW,XUYEN_THAT,XUYEN_THAT,1,true,false,1,false
ADAUSDT,61,13,2,BELOW,PHA_GIA,XUYEN_THAT,4,true,true,2,false
ADAUSDT,62,5,2,BELOW,XUYEN_THAT,XUYEN_THAT,1,true,false,5,false
ADAUSDT,63,9,2,ABOVE,PHA_GIA,XUYEN_THAT,1,true,true,1,false
ADAUSDT,65,12,2,ABOVE,PHA_GIA,XUYEN_THAT,3,true,true,2,false
ADAUSDT,66,1,1,BELOW,GIU,CHAN,1,false,false,,
ADAUSDT,67,4,2,ABOVE,PHA_GIA,XUYEN_THAT,3,true,true,6,false
ADAUSDT,68,2,2,BELOW,PHA_GIA,CHAN,1,true,true,0,false
ADAUSDT,69,16,2,ABOVE,PHA_GIA,XUYEN_THAT,1,true,true,0,false
ADAUSDT,70,3,1,BELOW,GIU,CHAN,4,false,false,,
ADAUSDT,71,8,1,BELOW,GIU,CHAN,2,false,false,,
ADAUSDT,72,5,1,BELOW,GIU,CHAN,4,false,false,,
ADAUSDT,73,13,2,ABOVE,XUYEN_THAT,XUYEN_THAT,3,true,false,4,false
ADAUSDT,74,2,1,ABOVE,PHA_GIA,CHAN,2,true,true,8,false
ADAUSDT,76,3,1,BELOW,GIU,CHAN,2,false,false,,
ADAUSDT,77,4,2,BELOW,PHA_GIA,CHAN,1,true,true,7,false
ADAUSDT,78,5,2,ABOVE,PHA_GIA,XUYEN_THAT,1,true,true,0,false
ADAUSDT,79,18,2,ABOVE,XUYEN_THAT,XUYEN_THAT,0,true,false,8,true
ADAUSDT,80,5,1,BELOW,GIU,CHAN,2,false,false,,
ADAUSDT,81,2,2,ABOVE,XUYEN_THAT,XUYEN_THAT,2,true,false,1,false
ADAUSDT,83,9,2,BELOW,XUYEN_THAT,XUYEN_THAT,0,true,false,8,false
ADAUSDT,84,17,2,BELOW,PHA_GIA,XUYEN_THAT,1,true,true,1,false
ADAUSDT,85,26,2,BELOW,GIU,XUYEN_THAT,2,false,false,,
ADAUSDT,88,5,2,BELOW,GIU,CHAN,3,false,false,,
ADAUSDT,91,2,1,BELOW,GIU,CHAN,3,false,false,,
ADAUSDT,93,12,2,ABOVE,PHA_GIA,XUYEN_THAT,1,true,true,1,false
ADAUSDT,94,29,2,BELOW,GIU,XUYEN_THAT,5,false,false,,
ADAUSDT,95,60,2,BELOW,GIU,XUYEN_THAT,3,false,false,,
ADAUSDT,98,12,2,ABOVE,GIU,XUYEN_THAT,2,false,false,,
ADAUSDT,99,9,2,ABOVE,GIU,XUYEN_THAT,3,false,false,,
ADAUSDT,101,19,2,BELOW,PHA_GIA,XUYEN_THAT,2,true,true,2,false
ADAUSDT,103,1,1,ABOVE,PHA_GIA,CHAN,1,true,true,2,false
ADAUSDT,104,24,2,ABOVE,XUYEN_THAT,XUYEN_THAT,0,true,false,0,false
ADAUSDT,105,13,2,ABOVE,GIU,XUYEN_THAT,1,false,false,,
ADAUSDT,106,6,2,ABOVE,XUYEN_THAT,XUYEN_THAT,1,true,false,0,false
ADAUSDT,107,29,2,ABOVE,GIU,XUYEN_THAT,3,false,false,,
ADAUSDT,108,21,2,BELOW,GIU,XUYEN_THAT,1,false,false,,
ADAUSDT,109,19,2,BELOW,GIU,XUYEN_THAT,1,false,false,,
ADAUSDT,110,7,2,BELOW,GIU,XUYEN_THAT,1,false,false,,
ADAUSDT,111,6,2,BELOW,PHA_GIA,CHAN,1,true,true,1,false
ADAUSDT,112,3,2,BELOW,PHA_GIA,XUYEN_THAT,3,true,true,6,false
ADAUSDT,114,5,2,BELOW,GIU,XUYEN_THAT,1,false,false,,
ADAUSDT,116,27,2,BELOW,PHA_GIA,XUYEN_THAT,2,true,true,2,false
ADAUSDT,117,3,1,ABOVE,GIU,CHAN,0,false,false,,
ADAUSDT,118,20,2,ABOVE,GIU,XUYEN_THAT,1,false,false,,
ADAUSDT,120,27,2,BELOW,XUYEN_THAT,XUYEN_THAT,1,true,false,1,false
ADAUSDT,121,15,2,ABOVE,PHA_GIA,XUYEN_THAT,1,true,true,7,false
ADAUSDT,122,1,1,ABOVE,GIU,CHAN,1,false,false,,
ADAUSDT,123,18,2,ABOVE,GIU,CHAN,2,false,false,,
ADAUSDT,124,14,2,BELOW,GIU,XUYEN_THAT,2,false,false,,
ADAUSDT,126,4,2,BELOW,PHA_GIA,XUYEN_THAT,3,true,true,2,false
ADAUSDT,127,2,1,BELOW,GIU,CHAN,3,false,false,,
ADAUSDT,128,16,2,ABOVE,GIU,XUYEN_THAT,2,false,false,,
ADAUSDT,131,18,2,ABOVE,GIU,XUYEN_THAT,1,false,false,,
ADAUSDT,132,8,2,ABOVE,XUYEN_THAT,XUYEN_THAT,0,true,false,7,false
ADAUSDT,133,10,2,BELOW,PHA_GIA,XUYEN_THAT,1,true,true,0,false
ADAUSDT,134,11,2,BELOW,GIU,XUYEN_THAT,0,false,false,,
ADAUSDT,135,3,2,BELOW,PHA_GIA,XUYEN_THAT,2,true,true,1,false
ADAUSDT,136,29,2,BELOW,GIU,XUYEN_THAT,2,false,false,,
ADAUSDT,137,4,1,ABOVE,GIU,XUYEN_THAT,1,false,false,,
ADAUSDT,139,3,1,BELOW,PHA_GIA,CHAN,1,true,true,0,false
ADAUSDT,140,4,2,ABOVE,XUYEN_THAT,XUYEN_THAT,1,true,false,5,false
ADAUSDT,141,1,1,ABOVE,GIU,CHAN,3,false,false,,
ADAUSDT,142,1,1,BELOW,GIU,CHAN,3,false,false,,
ADAUSDT,143,9,2,ABOVE,GIU,XUYEN_THAT,2,false,false,,
ADAUSDT,144,2,1,BELOW,PHA_GIA,CHAN,1,true,true,5,false
ADAUSDT,145,2,1,BELOW,GIU,CHAN,3,false,false,,
ADAUSDT,146,6,2,ABOVE,GIU,CHAN,0,false,false,,
ADAUSDT,147,23,2,BELOW,PHA_GIA,XUYEN_THAT,2,true,true,5,false
ADAUSDT,148,2,1,ABOVE,GIU,CHAN,2,false,false,,
ADAUSDT,149,11,2,ABOVE,PHA_GIA,XUYEN_THAT,3,true,true,1,false
ADAUSDT,150,7,2,BELOW,GIU,CHAN,1,false,false,,
ADAUSDT,151,5,2,BELOW,GIU,XUYEN_THAT,2,false,false,,
ADAUSDT,153,4,2,BELOW,PHA_GIA,XUYEN_THAT,2,true,true,7,false
ADAUSDT,154,11,2,BELOW,PHA_GIA,XUYEN_THAT,0,true,true,1,false
ADAUSDT,155,23,2,ABOVE,PHA_GIA,XUYEN_THAT,0,true,true,0,false
ADAUSDT,156,14,2,BELOW,GIU,XUYEN_THAT,0,false,false,,
ADAUSDT,157,9,2,BELOW,PHA_GIA,XUYEN_THAT,2,true,true,1,false
ADAUSDT,159,19,2,ABOVE,GIU,XUYEN_THAT,1,false,false,,
ADAUSDT,160,14,2,ABOVE,GIU,XUYEN_THAT,3,false,false,,
ADAUSDT,161,7,1,ABOVE,GIU,CHAN,1,false,false,,
ADAUSDT,162,10,2,ABOVE,PHA_GIA,XUYEN_THAT,1,true,true,4,false
ADAUSDT,163,33,2,ABOVE,PHA_GIA,XUYEN_THAT,1,true,true,0,false
ADAUSDT,164,17,2,BELOW,XUYEN_THAT,XUYEN_THAT,0,true,false,0,false
ADAUSDT,165,29,2,BELOW,PHA_GIA,XUYEN_THAT,2,true,true,0,false
ADAUSDT,166,8,2,ABOVE,PHA_GIA,XUYEN_THAT,2,true,true,4,false
ADAUSDT,167,2,1,BELOW,GIU,CHAN,3,false,false,,
ADAUSDT,168,1,1,ABOVE,GIU,CHAN,1,false,false,,
ADAUSDT,169,3,1,BELOW,GIU,CHAN,0,false,false,,
ADAUSDT,170,11,2,BELOW,GIU,XUYEN_THAT,1,false,false,,
ADAUSDT,171,17,2,BELOW,GIU,XUYEN_THAT,0,false,false,,
ADAUSDT,172,1,1,BELOW,GIU,CHAN,2,false,false,,
ADAUSDT,173,5,2,ABOVE,GIU,XUYEN_THAT,2,false,false,,
ADAUSDT,174,1,1,ABOVE,GIU,CHAN,2,false,false,,
ADAUSDT,175,3,2,ABOVE,PHA_GIA,CHAN,2,true,true,3,false
ADAUSDT,176,3,1,BELOW,GIU,CHAN,3,false,false,,
ADAUSDT,177,2,1,ABOVE,PHA_GIA,CHAN,3,true,true,4,false
ADAUSDT,178,9,2,BELOW,PHA_GIA,XUYEN_THAT,1,true,true,0,false
ADAUSDT,179,15,2,ABOVE,GIU,CHAN,2,false,false,,
ADAUSDT,180,3,2,BELOW,PHA_GIA,CHAN,3,true,true,4,false
ADAUSDT,181,7,2,ABOVE,GIU,XUYEN_THAT,1,false,false,,
ADAUSDT,182,4,2,BELOW,GIU,XUYEN_THAT,3,false,false,,
ADAUSDT,183,14,2,BELOW,GIU,CHAN,2,false,false,,
ADAUSDT,184,1,1,BELOW,PHA_GIA,CHAN,2,true,true,1,false
ADAUSDT,186,16,2,ABOVE,PHA_GIA,XUYEN_THAT,1,true,true,5,false
ADAUSDT,187,11,2,ABOVE,GIU,XUYEN_THAT,1,false,false,,
ADAUSDT,188,5,1,ABOVE,GIU,CHAN,1,false,false,,
ADAUSDT,189,11,2,BELOW,GIU,XUYEN_THAT,1,false,false,,
ADAUSDT,191,14,2,BELOW,XUYEN_THAT,XUYEN_THAT,2,true,false,3,false
ADAUSDT,193,11,2,BELOW,XUYEN_THAT,XUYEN_THAT,2,true,false,2,false
ADAUSDT,194,16,2,BELOW,XUYEN_THAT,XUYEN_THAT,3,true,false,4,false
ADAUSDT,196,20,2,ABOVE,PHA_GIA,XUYEN_THAT,0,true,true,7,false
ADAUSDT,197,8,2,ABOVE,GIU,XUYEN_THAT,1,false,false,,
ADAUSDT,198,14,2,ABOVE,GIU,XUYEN_THAT,2,false,false,,
ADAUSDT,199,2,2,BELOW,PHA_GIA,CHAN,2,true,true,1,false
ADAUSDT,200,9,2,ABOVE,PHA_GIA,CHAN,1,true,true,0,false
ADAUSDT,201,5,1,BELOW,GIU,CHAN,0,false,false,,
ADAUSDT,202,10,2,BELOW,PHA_GIA,XUYEN_THAT,1,true,true,0,false
ADAUSDT,203,13,2,ABOVE,GIU,XUYEN_THAT,3,false,false,,
ADAUSDT,205,3,1,ABOVE,GIU,CHAN,2,false,false,,
ADAUSDT,206,22,2,BELOW,GIU,XUYEN_THAT,0,false,false,,
ADAUSDT,207,4,2,ABOVE,PHA_GIA,CHAN,2,true,true,5,false
ADAUSDT,209,22,2,BELOW,PHA_GIA,XUYEN_THAT,2,true,true,3,false
ADAUSDT,210,6,2,BELOW,PHA_GIA,XUYEN_THAT,0,true,true,3,false
ADAUSDT,211,1,1,BELOW,GIU,CHAN,1,false,false,,
ADAUSDT,212,26,2,BELOW,XUYEN_THAT,XUYEN_THAT,4,true,false,8,false
ADAUSDT,214,25,2,BELOW,GIU,CHAN,2,false,false,,
ADAUSDT,215,8,2,BELOW,GIU,XUYEN_THAT,2,false,false,,
ADAUSDT,216,5,1,ABOVE,GIU,CHAN,3,false,false,,
ADAUSDT,217,4,1,ABOVE,GIU,CHAN,3,false,false,,
ADAUSDT,218,10,2,BELOW,GIU,CHAN,3,false,false,,
ADAUSDT,219,12,2,ABOVE,GIU,XUYEN_THAT,1,false,false,,
ADAUSDT,220,18,2,BELOW,PHA_GIA,XUYEN_THAT,1,true,true,6,false
ADAUSDT,221,3,2,ABOVE,GIU,XUYEN_THAT,2,false,false,,
ADAUSDT,222,1,1,BELOW,GIU,CHAN,1,false,false,,
ADAUSDT,223,5,2,ABOVE,XUYEN_THAT,XUYEN_THAT,1,true,false,3,false
ADAUSDT,224,9,2,BELOW,GIU,XUYEN_THAT,2,false,false,,
ADAUSDT,225,8,2,BELOW,GIU,XUYEN_THAT,2,false,false,,
ADAUSDT,227,9,1,ABOVE,GIU,CHAN,2,false,false,,
ADAUSDT,228,1,1,ABOVE,GIU,CHAN,1,false,false,,
ADAUSDT,230,6,1,ABOVE,GIU,CHAN,2,false,false,,
ADAUSDT,231,19,2,BELOW,GIU,XUYEN_THAT,2,false,false,,
ADAUSDT,232,2,1,ABOVE,GIU,CHAN,2,false,false,,
ADAUSDT,233,3,1,ABOVE,PHA_GIA,CHAN,2,true,true,8,false
ADAUSDT,234,2,1,BELOW,PHA_GIA,CHAN,1,true,true,6,false
ADAUSDT,235,13,2,BELOW,XUYEN_THAT,XUYEN_THAT,1,true,false,0,false
ADAUSDT,237,4,1,BELOW,GIU,CHAN,1,false,false,,
ADAUSDT,238,13,2,ABOVE,GIU,XUYEN_THAT,4,false,false,,
ADAUSDT,240,8,2,ABOVE,GIU,XUYEN_THAT,1,false,false,,
ADAUSDT,241,5,2,ABOVE,GIU,CHAN,2,false,false,,
ADAUSDT,242,7,2,BELOW,GIU,XUYEN_THAT,3,false,false,,
ADAUSDT,243,25,2,BELOW,GIU,XUYEN_THAT,2,false,false,,
ADAUSDT,244,2,2,BELOW,PHA_GIA,XUYEN_THAT,1,true,true,0,false
ADAUSDT,245,9,2,BELOW,GIU,XUYEN_THAT,2,false,false,,
ADAUSDT,246,3,2,BELOW,XUYEN_THAT,XUYEN_THAT,2,true,false,2,false
ADAUSDT,248,9,2,ABOVE,PHA_GIA,XUYEN_THAT,3,true,true,5,false
ADAUSDT,249,3,2,BELOW,XUYEN_THAT,XUYEN_THAT,2,true,false,8,false
ADAUSDT,250,15,2,BELOW,GIU,XUYEN_THAT,4,false,false,,
ADAUSDT,251,4,2,ABOVE,PHA_GIA,CHAN,1,true,true,0,false
ADAUSDT,252,34,2,BELOW,XUYEN_THAT,XUYEN_THAT,1,true,false,8,true
ADAUSDT,254,14,2,ABOVE,PHA_GIA,XUYEN_THAT,2,true,true,8,false
ADAUSDT,255,32,2,ABOVE,XUYEN_THAT,XUYEN_THAT,1,true,false,1,false
ADAUSDT,258,14,2,BELOW,GIU,XUYEN_THAT,2,false,false,,
ADAUSDT,259,19,2,ABOVE,PHA_GIA,XUYEN_THAT,0,true,true,0,false
ADAUSDT,260,15,2,BELOW,XUYEN_THAT,XUYEN_THAT,1,true,false,5,false
ADAUSDT,261,12,2,ABOVE,PHA_GIA,XUYEN_THAT,5,true,true,3,false
ADAUSDT,262,24,2,BELOW,PHA_GIA,XUYEN_THAT,1,true,true,0,false
ADAUSDT,263,11,2,BELOW,PHA_GIA,XUYEN_THAT,2,true,true,6,false
ADAUSDT,264,7,1,ABOVE,GIU,CHAN,3,false,false,,
ADAUSDT,265,7,1,ABOVE,GIU,CHAN,5,false,false,,
ADAUSDT,266,10,2,ABOVE,GIU,XUYEN_THAT,0,false,false,,
ADAUSDT,267,11,2,BELOW,GIU,XUYEN_THAT,1,false,false,,
ADAUSDT,269,11,2,ABOVE,PHA_GIA,XUYEN_THAT,1,true,true,8,false
ADAUSDT,271,8,2,ABOVE,GIU,XUYEN_THAT,1,false,false,,
ADAUSDT,272,16,2,BELOW,XUYEN_THAT,XUYEN_THAT,2,true,false,3,false
ADAUSDT,273,24,2,BELOW,GIU,XUYEN_THAT,3,false,false,,
ADAUSDT,274,8,2,BELOW,GIU,XUYEN_THAT,2,false,false,,
ADAUSDT,276,4,2,BELOW,GIU,CHAN,1,false,false,,
ADAUSDT,277,8,2,BELOW,GIU,XUYEN_THAT,1,false,false,,
ADAUSDT,278,9,2,ABOVE,PHA_GIA,CHAN,0,true,true,0,false
ADAUSDT,279,1,1,BELOW,GIU,CHAN,2,false,false,,
ADAUSDT,280,4,1,BELOW,PHA_GIA,CHAN,1,true,true,2,false
ADAUSDT,281,3,1,ABOVE,XUYEN_THAT,XUYEN_THAT,2,true,false,2,false
ADAUSDT,282,6,1,BELOW,GIU,CHAN,1,false,false,,
ADAUSDT,283,29,2,ABOVE,XUYEN_THAT,XUYEN_THAT,0,true,false,2,false
ADAUSDT,284,4,2,ABOVE,XUYEN_THAT,XUYEN_THAT,1,true,false,1,false
ADAUSDT,285,12,2,ABOVE,XUYEN_THAT,XUYEN_THAT,1,true,false,1,false
ADAUSDT,286,10,2,ABOVE,GIU,XUYEN_THAT,3,false,false,,
ADAUSDT,288,3,1,ABOVE,GIU,CHAN,1,false,false,,
ADAUSDT,289,5,1,BELOW,XUYEN_THAT,XUYEN_THAT,1,true,false,0,false
ADAUSDT,291,14,2,ABOVE,GIU,XUYEN_THAT,3,false,false,,
ADAUSDT,292,9,2,BELOW,PHA_GIA,CHAN,2,true,true,3,false
ADAUSDT,294,2,1,BELOW,GIU,CHAN,3,false,false,,
ADAUSDT,296,1,1,ABOVE,XUYEN_THAT,XUYEN_THAT,2,true,false,4,false
ADAUSDT,299,2,2,BELOW,PHA_GIA,XUYEN_THAT,2,true,true,3,false
ADAUSDT,300,3,2,ABOVE,PHA_GIA,XUYEN_THAT,1,true,true,2,false
ADAUSDT,301,9,2,ABOVE,GIU,CHAN,0,false,false,,
ADAUSDT,302,1,1,BELOW,GIU,CHAN,3,false,false,,
ADAUSDT,303,2,1,BELOW,GIU,CHAN,1,false,false,,
ADAUSDT,304,3,2,BELOW,XUYEN_THAT,XUYEN_THAT,2,true,false,4,false
ADAUSDT,305,10,2,ABOVE,GIU,XUYEN_THAT,3,false,false,,
ADAUSDT,307,1,1,ABOVE,GIU,CHAN,1,false,false,,
ADAUSDT,311,26,2,ABOVE,GIU,XUYEN_THAT,2,false,false,,
ADAUSDT,312,5,1,BELOW,GIU,CHAN,1,false,false,,
ADAUSDT,313,15,2,ABOVE,XUYEN_THAT,XUYEN_THAT,0,true,false,3,false
ADAUSDT,314,12,2,BELOW,XUYEN_THAT,XUYEN_THAT,0,true,false,0,false
ADAUSDT,315,10,2,ABOVE,XUYEN_THAT,XUYEN_THAT,2,true,false,1,false
ADAUSDT,316,3,2,BELOW,PHA_GIA,XUYEN_THAT,1,true,true,0,false
ADAUSDT,317,10,2,ABOVE,GIU,CHAN,3,false,false,,
ADAUSDT,318,13,2,BELOW,GIU,XUYEN_THAT,3,false,false,,
ADAUSDT,321,9,2,ABOVE,PHA_GIA,XUYEN_THAT,3,true,true,4,false
ADAUSDT,323,4,1,BELOW,GIU,CHAN,3,false,false,,
ADAUSDT,324,13,2,BELOW,GIU,XUYEN_THAT,2,false,false,,
ADAUSDT,325,3,1,ABOVE,GIU,CHAN,1,false,false,,
ADAUSDT,326,24,2,ABOVE,GIU,CHAN,3,false,false,,
ADAUSDT,327,2,1,ABOVE,GIU,CHAN,3,false,false,,
ADAUSDT,328,1,1,ABOVE,PHA_GIA,CHAN,0,true,true,0,false
ADAUSDT,330,3,2,BELOW,PHA_GIA,CHAN,2,true,true,5,false
ADAUSDT,331,3,1,BELOW,GIU,XUYEN_THAT,1,false,false,,
ADAUSDT,332,9,2,BELOW,XUYEN_THAT,XUYEN_THAT,1,true,false,2,false
ADAUSDT,333,3,2,ABOVE,PHA_GIA,CHAN,2,true,true,2,false
ADAUSDT,334,9,2,BELOW,GIU,XUYEN_THAT,4,false,false,,
ADAUSDT,335,11,2,ABOVE,PHA_GIA,XUYEN_THAT,1,true,true,2,false
ADAUSDT,336,19,2,BELOW,GIU,XUYEN_THAT,2,false,false,,
ADAUSDT,337,4,1,BELOW,GIU,CHAN,1,false,false,,
ADAUSDT,338,3,1,BELOW,GIU,CHAN,3,false,false,,
ADAUSDT,339,7,2,BELOW,GIU,CHAN,2,false,false,,
ADAUSDT,340,3,2,BELOW,PHA_GIA,XUYEN_THAT,3,true,true,3,false
ADAUSDT,342,11,2,BELOW,GIU,XUYEN_THAT,3,false,false,,
ADAUSDT,344,22,2,BELOW,PHA_GIA,XUYEN_THAT,3,true,true,4,false
ADAUSDT,345,2,1,ABOVE,GIU,CHAN,2,false,false,,
ADAUSDT,346,19,2,BELOW,GIU,XUYEN_THAT,1,false,false,,
ADAUSDT,347,13,2,BELOW,PHA_GIA,XUYEN_THAT,2,true,true,1,false
ADAUSDT,350,3,2,ABOVE,PHA_GIA,CHAN,1,true,true,1,false
ADAUSDT,351,8,2,BELOW,PHA_GIA,XUYEN_THAT,1,true,true,8,false
ADAUSDT,352,4,2,BELOW,XUYEN_THAT,XUYEN_THAT,2,true,false,1,false
ADAUSDT,353,17,2,BELOW,GIU,XUYEN_THAT,3,false,false,,
ADAUSDT,355,2,1,ABOVE,GIU,CHAN,1,false,false,,
ADAUSDT,356,2,1,ABOVE,XUYEN_THAT,XUYEN_THAT,1,true,false,0,false
ADAUSDT,357,6,2,BELOW,PHA_GIA,XUYEN_THAT,1,true,true,2,false
ADAUSDT,358,2,2,BELOW,PHA_GIA,XUYEN_THAT,2,true,true,2,false
ADAUSDT,359,1,1,ABOVE,GIU,CHAN,2,false,false,,
ADAUSDT,360,2,2,BELOW,XUYEN_THAT,XUYEN_THAT,1,true,false,0,false
ADAUSDT,361,5,2,BELOW,XUYEN_THAT,XUYEN_THAT,2,true,false,8,false
ADAUSDT,362,21,2,BELOW,XUYEN_THAT,XUYEN_THAT,1,true,false,1,false
ADAUSDT,365,2,1,ABOVE,GIU,CHAN,3,false,false,,
ADAUSDT,367,2,1,BELOW,GIU,CHAN,0,false,false,,
ADAUSDT,368,21,2,BELOW,GIU,XUYEN_THAT,2,false,false,,
ADAUSDT,369,8,2,BELOW,GIU,XUYEN_THAT,2,false,false,,
ADAUSDT,370,14,2,BELOW,GIU,CHAN,2,false,false,,
ADAUSDT,371,1,1,BELOW,GIU,CHAN,1,false,false,,
ADAUSDT,372,8,2,BELOW,PHA_GIA,XUYEN_THAT,2,true,true,3,false
ADAUSDT,373,6,2,ABOVE,XUYEN_THAT,XUYEN_THAT,2,true,false,8,false
ADAUSDT,374,8,2,BELOW,GIU,XUYEN_THAT,2,false,false,,
ADAUSDT,375,7,2,BELOW,XUYEN_THAT,XUYEN_THAT,1,true,false,5,false
ADAUSDT,376,2,1,ABOVE,GIU,CHAN,2,false,false,,
ADAUSDT,377,2,2,ABOVE,PHA_GIA,XUYEN_THAT,0,true,true,0,false
ADAUSDT,378,7,2,ABOVE,GIU,XUYEN_THAT,1,false,false,,
ADAUSDT,379,10,1,BELOW,XUYEN_THAT,XUYEN_THAT,0,true,false,0,false
ADAUSDT,381,8,2,BELOW,GIU,XUYEN_THAT,1,false,false,,
ADAUSDT,382,20,2,ABOVE,PHA_GIA,XUYEN_THAT,1,true,true,5,false
ADAUSDT,383,16,2,ABOVE,PHA_GIA,XUYEN_THAT,1,true,true,0,false
ADAUSDT,385,2,2,BELOW,PHA_GIA,CHAN,1,true,true,2,false
ADAUSDT,386,10,2,BELOW,XUYEN_THAT,XUYEN_THAT,2,true,false,6,false
ADAUSDT,387,1,1,BELOW,GIU,CHAN,0,false,false,,
ADAUSDT,388,6,2,BELOW,XUYEN_THAT,XUYEN_THAT,2,true,false,0,false
ADAUSDT,389,29,2,BELOW,XUYEN_THAT,XUYEN_THAT,3,true,false,4,false
ADAUSDT,390,11,2,BELOW,PHA_GIA,XUYEN_THAT,3,true,true,2,false
ADAUSDT,391,2,1,BELOW,GIU,CHAN,1,false,false,,
ADAUSDT,392,27,2,BELOW,GIU,XUYEN_THAT,2,false,false,,
ADAUSDT,394,4,2,ABOVE,PHA_GIA,CHAN,3,true,true,5,false
ADAUSDT,395,3,2,ABOVE,PHA_GIA,CHAN,5,true,true,7,false
ADAUSDT,396,25,2,ABOVE,GIU,XUYEN_THAT,2,false,false,,
ADAUSDT,397,5,2,ABOVE,PHA_GIA,XUYEN_THAT,2,true,true,1,false
ADAUSDT,398,5,1,ABOVE,GIU,CHAN,2,false,false,,
ADAUSDT,400,11,2,BELOW,GIU,XUYEN_THAT,2,false,false,,
ADAUSDT,401,40,2,ABOVE,GIU,XUYEN_THAT,1,false,false,,
ADAUSDT,402,3,1,BELOW,GIU,CHAN,0,false,false,,
ADAUSDT,404,1,1,ABOVE,GIU,CHAN,1,false,false,,
ADAUSDT,405,2,1,BELOW,PHA_GIA,CHAN,0,true,true,0,false
ADAUSDT,408,11,2,BELOW,PHA_GIA,XUYEN_THAT,2,true,true,2,false
ADAUSDT,409,1,1,ABOVE,GIU,CHAN,2,false,false,,
ADAUSDT,410,6,2,BELOW,GIU,XUYEN_THAT,1,false,false,,
ADAUSDT,411,4,2,ABOVE,PHA_GIA,CHAN,0,true,true,3,false
ADAUSDT,412,35,2,ABOVE,PHA_GIA,XUYEN_THAT,1,true,true,1,false
ADAUSDT,413,11,2,ABOVE,GIU,XUYEN_THAT,3,false,false,,
ADAUSDT,414,2,2,BELOW,PHA_GIA,CHAN,2,true,true,3,false
ADAUSDT,415,4,2,ABOVE,PHA_GIA,CHAN,2,true,true,2,false
ADAUSDT,416,6,2,ABOVE,GIU,CHAN,2,false,false,,
ADAUSDT,417,7,1,BELOW,GIU,CHAN,1,false,false,,
ADAUSDT,418,1,1,BELOW,PHA_GIA,CHAN,1,true,true,4,false
ADAUSDT,419,9,2,ABOVE,PHA_GIA,XUYEN_THAT,1,true,true,5,false
ADAUSDT,420,11,2,BELOW,PHA_GIA,XUYEN_THAT,2,true,true,5,false
ADAUSDT,423,1,1,BELOW,GIU,CHAN,2,false,false,,
ADAUSDT,424,6,2,BELOW,GIU,XUYEN_THAT,3,false,false,,
ADAUSDT,425,3,2,BELOW,PHA_GIA,CHAN,1,true,true,6,false
ADAUSDT,426,19,2,ABOVE,PHA_GIA,XUYEN_THAT,1,true,true,6,false
ADAUSDT,427,13,2,BELOW,PHA_GIA,XUYEN_THAT,3,true,true,3,false
ADAUSDT,428,6,2,BELOW,GIU,XUYEN_THAT,2,false,false,,
ADAUSDT,429,7,2,ABOVE,PHA_GIA,XUYEN_THAT,1,true,true,0,false
ADAUSDT,430,3,1,ABOVE,XUYEN_THAT,XUYEN_THAT,1,true,false,2,false
ADAUSDT,432,1,1,BELOW,XUYEN_THAT,XUYEN_THAT,0,true,false,0,false
ADAUSDT,433,2,1,BELOW,GIU,CHAN,1,false,false,,
ADAUSDT,434,4,2,BELOW,XUYEN_THAT,XUYEN_THAT,2,true,false,3,false
ADAUSDT,436,27,2,BELOW,XUYEN_THAT,XUYEN_THAT,1,true,false,7,false
ADAUSDT,438,7,2,ABOVE,GIU,XUYEN_THAT,2,false,false,,
ADAUSDT,439,6,1,BELOW,GIU,CHAN,3,false,false,,
ADAUSDT,440,8,1,BELOW,GIU,CHAN,4,false,false,,
ADAUSDT,441,13,2,BELOW,PHA_GIA,XUYEN_THAT,2,true,true,1,false
ADAUSDT,442,6,2,BELOW,GIU,CHAN,3,false,false,,
ADAUSDT,444,3,1,ABOVE,GIU,CHAN,1,false,false,,
ADAUSDT,445,6,2,BELOW,PHA_GIA,CHAN,1,true,true,2,false
ADAUSDT,446,3,2,BELOW,PHA_GIA,XUYEN_THAT,0,true,true,1,false
ADAUSDT,447,24,2,BELOW,PHA_GIA,XUYEN_THAT,0,true,true,0,false
ADAUSDT,448,8,2,ABOVE,GIU,XUYEN_THAT,3,false,false,,
ADAUSDT,449,8,2,BELOW,PHA_GIA,XUYEN_THAT,2,true,true,5,false
ADAUSDT,450,15,2,ABOVE,GIU,XUYEN_THAT,2,false,false,,
ADAUSDT,451,6,2,ABOVE,XUYEN_THAT,XUYEN_THAT,0,true,false,1,false
ADAUSDT,452,14,2,ABOVE,GIU,CHAN,3,false,false,,
ADAUSDT,453,4,2,BELOW,PHA_GIA,CHAN,1,true,true,7,false
ADAUSDT,454,17,2,ABOVE,PHA_GIA,XUYEN_THAT,3,true,true,5,false
ADAUSDT,455,13,2,ABOVE,GIU,XUYEN_THAT,0,false,false,,
ADAUSDT,456,10,2,ABOVE,XUYEN_THAT,XUYEN_THAT,2,true,false,4,false
ADAUSDT,459,5,2,ABOVE,PHA_GIA,XUYEN_THAT,2,true,true,2,false
ADAUSDT,461,12,2,BELOW,GIU,XUYEN_THAT,2,false,false,,
ADAUSDT,462,1,1,BELOW,GIU,CHAN,2,false,false,,
ADAUSDT,463,3,1,ABOVE,GIU,XUYEN_THAT,2,false,false,,
ADAUSDT,464,11,2,ABOVE,GIU,XUYEN_THAT,1,false,false,,
ADAUSDT,465,2,1,BELOW,GIU,CHAN,3,false,false,,
ADAUSDT,466,1,1,ABOVE,GIU,CHAN,0,false,false,,
ADAUSDT,468,3,2,ABOVE,PHA_GIA,CHAN,3,true,true,6,false
ADAUSDT,470,9,2,ABOVE,GIU,XUYEN_THAT,0,false,false,,
ADAUSDT,471,3,1,BELOW,GIU,CHAN,2,false,false,,
ADAUSDT,472,7,2,ABOVE,XUYEN_THAT,XUYEN_THAT,1,true,false,3,false
ADAUSDT,473,4,2,ABOVE,GIU,CHAN,3,false,false,,
ADAUSDT,474,5,2,ABOVE,XUYEN_THAT,XUYEN_THAT,1,true,false,1,false
ADAUSDT,475,7,2,BELOW,GIU,XUYEN_THAT,3,false,false,,
ADAUSDT,478,4,1,ABOVE,XUYEN_THAT,XUYEN_THAT,3,true,false,8,false
ADAUSDT,479,5,2,BELOW,GIU,CHAN,2,false,false,,
ADAUSDT,480,15,2,BELOW,GIU,XUYEN_THAT,2,false,false,,
ADAUSDT,481,23,2,BELOW,GIU,XUYEN_THAT,4,false,false,,
ADAUSDT,482,36,2,BELOW,GIU,CHAN,3,false,false,,
ADAUSDT,484,9,2,BELOW,PHA_GIA,CHAN,0,true,true,3,false
ADAUSDT,485,10,2,ABOVE,GIU,XUYEN_THAT,0,false,false,,
ADAUSDT,486,6,2,BELOW,PHA_GIA,XUYEN_THAT,4,true,true,4,false
ADAUSDT,487,9,1,ABOVE,GIU,CHAN,2,false,false,,
ADAUSDT,488,7,2,BELOW,PHA_GIA,XUYEN_THAT,2,true,true,8,false
ADAUSDT,489,11,2,BELOW,PHA_GIA,XUYEN_THAT,2,true,true,7,false
ADAUSDT,490,4,2,BELOW,PHA_GIA,CHAN,0,true,true,1,false
ADAUSDT,492,1,1,ABOVE,GIU,CHAN,1,false,false,,
ADAUSDT,493,5,2,BELOW,GIU,XUYEN_THAT,0,false,false,,
ADAUSDT,494,6,2,ABOVE,PHA_GIA,XUYEN_THAT,3,true,true,4,false
ADAUSDT,496,6,2,ABOVE,PHA_GIA,XUYEN_THAT,1,true,true,3,false
ADAUSDT,497,12,2,BELOW,PHA_GIA,XUYEN_THAT,2,true,true,1,false
ADAUSDT,499,5,2,ABOVE,GIU,CHAN,1,false,false,,
ADAUSDT,500,9,2,BELOW,GIU,XUYEN_THAT,3,false,false,,
ADAUSDT,501,1,1,ABOVE,GIU,CHAN,2,false,false,,
ADAUSDT,502,17,2,BELOW,GIU,CHAN,3,false,false,,
ADAUSDT,503,12,2,ABOVE,GIU,XUYEN_THAT,0,false,false,,
ADAUSDT,504,5,2,ABOVE,XUYEN_THAT,XUYEN_THAT,1,true,false,0,false
ADAUSDT,505,8,2,BELOW,GIU,XUYEN_THAT,2,false,false,,
ADAUSDT,506,4,1,BELOW,GIU,CHAN,4,false,false,,
ADAUSDT,507,4,1,BELOW,GIU,CHAN,3,false,false,,
ADAUSDT,510,3,2,BELOW,PHA_GIA,XUYEN_THAT,3,true,true,3,false
ADAUSDT,511,9,2,BELOW,PHA_GIA,XUYEN_THAT,3,true,true,7,false
ADAUSDT,512,2,1,BELOW,GIU,CHAN,1,false,false,,
ADAUSDT,514,15,2,ABOVE,GIU,XUYEN_THAT,2,false,false,,
ADAUSDT,515,22,2,BELOW,XUYEN_THAT,XUYEN_THAT,1,true,false,2,false
ADAUSDT,516,2,1,BELOW,GIU,CHAN,3,false,false,,
ADAUSDT,517,1,1,BELOW,PHA_GIA,CHAN,2,true,true,3,false
ADAUSDT,518,7,2,ABOVE,PHA_GIA,XUYEN_THAT,3,true,true,6,false
ADAUSDT,519,2,2,ABOVE,XUYEN_THAT,XUYEN_THAT,1,true,false,3,false
ADAUSDT,520,5,2,BELOW,GIU,XUYEN_THAT,4,false,false,,
ADAUSDT,521,4,2,ABOVE,XUYEN_THAT,XUYEN_THAT,1,true,false,1,false
ADAUSDT,523,1,1,ABOVE,GIU,CHAN,2,false,false,,
ADAUSDT,524,1,1,ABOVE,GIU,CHAN,1,false,false,,
ADAUSDT,525,7,2,ABOVE,GIU,CHAN,3,false,false,,
ADAUSDT,526,5,1,BELOW,GIU,CHAN,2,false,false,,
ADAUSDT,527,5,1,ABOVE,GIU,CHAN,2,false,false,,
ADAUSDT,528,1,1,ABOVE,GIU,CHAN,2,false,false,,
ADAUSDT,529,7,2,BELOW,GIU,XUYEN_THAT,2,false,false,,
ADAUSDT,530,4,2,ABOVE,GIU,XUYEN_THAT,5,false,false,,
ADAUSDT,531,6,2,ABOVE,PHA_GIA,XUYEN_THAT,0,true,true,0,false
ADAUSDT,532,3,1,BELOW,XUYEN_THAT,XUYEN_THAT,3,true,false,8,false
ADAUSDT,533,13,2,BELOW,GIU,XUYEN_THAT,1,false,false,,
ADAUSDT,534,3,1,ABOVE,PHA_GIA,CHAN,3,true,true,8,false
ADAUSDT,535,11,2,BELOW,XUYEN_THAT,XUYEN_THAT,3,true,false,0,false
ADAUSDT,536,1,1,BELOW,PHA_GIA,CHAN,1,true,true,0,false
ADAUSDT,537,2,1,BELOW,GIU,CHAN,3,false,false,,
ADAUSDT,538,2,1,ABOVE,GIU,CHAN,3,false,false,,
ADAUSDT,539,2,1,ABOVE,GIU,CHAN,2,false,false,,
ADAUSDT,540,3,1,BELOW,GIU,CHAN,1,false,false,,
ADAUSDT,541,4,2,ABOVE,GIU,XUYEN_THAT,3,false,false,,
ADAUSDT,542,10,2,BELOW,GIU,CHAN,2,false,false,,
ADAUSDT,543,1,1,BELOW,GIU,CHAN,2,false,false,,
ADAUSDT,544,3,2,BELOW,XUYEN_THAT,XUYEN_THAT,2,true,false,1,false
ADAUSDT,545,9,2,ABOVE,PHA_GIA,XUYEN_THAT,2,true,true,3,false
ADAUSDT,547,3,2,BELOW,GIU,CHAN,3,false,false,,
ADAUSDT,548,7,2,BELOW,GIU,XUYEN_THAT,3,false,false,,
ADAUSDT,549,1,1,BELOW,GIU,CHAN,1,false,false,,
ADAUSDT,550,35,2,BELOW,PHA_GIA,XUYEN_THAT,1,true,true,1,false
ADAUSDT,551,14,2,BELOW,XUYEN_THAT,XUYEN_THAT,4,true,false,4,false
ADAUSDT,552,2,1,ABOVE,GIU,CHAN,3,false,false,,
ADAUSDT,553,10,2,ABOVE,GIU,CHAN,3,false,false,,
ADAUSDT,554,1,1,ABOVE,GIU,CHAN,3,false,false,,
ADAUSDT,556,1,1,ABOVE,GIU,CHAN,2,false,false,,
ADAUSDT,557,1,1,ABOVE,GIU,CHAN,1,false,false,,
ADAUSDT,558,6,1,BELOW,GIU,CHAN,1,false,false,,
ADAUSDT,559,2,1,ABOVE,GIU,CHAN,1,false,false,,
ADAUSDT,560,6,2,BELOW,XUYEN_THAT,XUYEN_THAT,2,true,false,8,false
ADAUSDT,561,5,2,BELOW,GIU,XUYEN_THAT,3,false,false,,
ADAUSDT,563,9,2,BELOW,PHA_GIA,CHAN,2,true,true,5,false
ADAUSDT,565,4,1,BELOW,GIU,CHAN,1,false,false,,
ADAUSDT,566,1,1,BELOW,GIU,CHAN,2,false,false,,
ADAUSDT,567,4,2,ABOVE,XUYEN_THAT,XUYEN_THAT,2,true,false,5,false
ADAUSDT,568,6,2,BELOW,GIU,CHAN,2,false,false,,
ADAUSDT,569,15,2,ABOVE,PHA_GIA,XUYEN_THAT,0,true,true,2,false
ADAUSDT,570,13,2,ABOVE,GIU,XUYEN_THAT,2,false,false,,
ADAUSDT,572,4,2,ABOVE,PHA_GIA,CHAN,1,true,true,1,false
ADAUSDT,573,3,1,BELOW,GIU,CHAN,3,false,false,,
ADAUSDT,574,7,2,ABOVE,GIU,XUYEN_THAT,3,false,false,,
ADAUSDT,575,6,2,BELOW,PHA_GIA,XUYEN_THAT,1,true,true,6,false
ADAUSDT,576,5,1,ABOVE,GIU,CHAN,3,false,false,,
ADAUSDT,577,18,2,ABOVE,GIU,XUYEN_THAT,3,false,false,,
ADAUSDT,578,13,2,ABOVE,PHA_GIA,XUYEN_THAT,1,true,true,5,false
ADAUSDT,579,9,2,ABOVE,PHA_GIA,CHAN,2,true,true,6,false
ADAUSDT,580,4,2,BELOW,XUYEN_THAT,XUYEN_THAT,3,true,false,6,false
ADAUSDT,581,5,2,ABOVE,PHA_GIA,XUYEN_THAT,0,true,true,1,false
ADAUSDT,582,16,2,ABOVE,PHA_GIA,XUYEN_THAT,2,true,true,2,false
ADAUSDT,583,9,2,BELOW,XUYEN_THAT,XUYEN_THAT,3,true,false,4,false
ADAUSDT,585,4,2,ABOVE,XUYEN_THAT,XUYEN_THAT,0,true,false,0,false
ADAUSDT,586,10,2,ABOVE,GIU,CHAN,2,false,false,,
ADAUSDT,587,7,2,ABOVE,GIU,CHAN,3,false,false,,
ADAUSDT,588,9,1,BELOW,GIU,XUYEN_THAT,1,false,false,,
ADAUSDT,589,3,1,ABOVE,GIU,CHAN,1,false,false,,
ADAUSDT,590,6,2,BELOW,GIU,XUYEN_THAT,3,false,false,,
ADAUSDT,593,24,2,BELOW,GIU,XUYEN_THAT,3,false,false,,
ADAUSDT,594,15,2,ABOVE,GIU,XUYEN_THAT,0,false,false,,
ADAUSDT,595,11,2,BELOW,GIU,XUYEN_THAT,0,false,false,,
ADAUSDT,596,4,1,BELOW,GIU,XUYEN_THAT,1,false,false,,
ADAUSDT,598,8,2,BELOW,XUYEN_THAT,XUYEN_THAT,1,true,false,0,false
ADAUSDT,599,1,1,BELOW,PHA_GIA,CHAN,3,true,true,4,false
ADAUSDT,601,1,1,BELOW,GIU,CHAN,1,false,false,,
ADAUSDT,602,7,2,BELOW,GIU,XUYEN_THAT,3,false,false,,
ADAUSDT,603,19,2,BELOW,GIU,XUYEN_THAT,2,false,false,,
ADAUSDT,604,7,2,ABOVE,XUYEN_THAT,XUYEN_THAT,2,true,false,6,false
ADAUSDT,606,2,1,BELOW,GIU,CHAN,2,false,false,,
ADAUSDT,607,21,2,ABOVE,GIU,XUYEN_THAT,1,false,false,,
ADAUSDT,608,14,2,BELOW,PHA_GIA,XUYEN_THAT,3,true,true,7,false
ADAUSDT,609,4,2,ABOVE,XUYEN_THAT,XUYEN_THAT,2,true,false,3,false
ADAUSDT,610,3,1,ABOVE,XUYEN_THAT,XUYEN_THAT,1,true,false,5,false
ADAUSDT,611,16,1,BELOW,GIU,CHAN,1,false,false,,
ADAUSDT,612,1,1,ABOVE,GIU,CHAN,2,false,false,,
ADAUSDT,613,3,1,ABOVE,GIU,CHAN,2,false,false,,
ADAUSDT,614,1,1,BELOW,GIU,CHAN,2,false,false,,
ADAUSDT,615,14,2,ABOVE,GIU,XUYEN_THAT,1,false,false,,
ADAUSDT,616,8,2,BELOW,PHA_GIA,XUYEN_THAT,2,true,true,1,false
ADAUSDT,617,1,1,ABOVE,XUYEN_THAT,XUYEN_THAT,0,true,false,0,false
ADAUSDT,619,2,2,ABOVE,XUYEN_THAT,XUYEN_THAT,1,true,false,1,false
ADAUSDT,620,9,2,ABOVE,GIU,XUYEN_THAT,1,false,false,,
ADAUSDT,621,1,1,BELOW,GIU,CHAN,3,false,false,,
ADAUSDT,622,7,2,ABOVE,PHA_GIA,CHAN,2,true,true,1,false
ADAUSDT,623,15,2,ABOVE,PHA_GIA,XUYEN_THAT,2,true,true,1,false
ADAUSDT,624,3,2,ABOVE,XUYEN_THAT,XUYEN_THAT,1,true,false,1,false
ADAUSDT,625,12,2,BELOW,XUYEN_THAT,XUYEN_THAT,0,true,false,0,false
ADAUSDT,628,2,1,ABOVE,GIU,CHAN,2,false,false,,
ADAUSDT,630,3,1,BELOW,GIU,XUYEN_THAT,1,false,false,,
ADAUSDT,631,3,2,BELOW,PHA_GIA,CHAN,2,true,true,7,false
ADAUSDT,633,21,2,ABOVE,PHA_GIA,XUYEN_THAT,1,true,true,1,false
ADAUSDT,634,2,2,BELOW,PHA_GIA,CHAN,2,true,true,1,false
ADAUSDT,635,8,2,ABOVE,PHA_GIA,XUYEN_THAT,1,true,true,1,false
ADAUSDT,636,10,2,BELOW,PHA_GIA,XUYEN_THAT,1,true,true,5,false
ADAUSDT,637,31,2,ABOVE,GIU,XUYEN_THAT,2,false,false,,
ADAUSDT,639,3,1,BELOW,GIU,CHAN,2,false,false,,
ADAUSDT,640,4,2,BELOW,GIU,XUYEN_THAT,2,false,false,,
ADAUSDT,641,7,2,ABOVE,GIU,XUYEN_THAT,1,false,false,,
ADAUSDT,642,5,2,ABOVE,PHA_GIA,CHAN,3,true,true,6,false
ADAUSDT,643,5,2,BELOW,GIU,XUYEN_THAT,4,false,false,,
ADAUSDT,644,13,2,ABOVE,GIU,XUYEN_THAT,4,false,false,,
ADAUSDT,645,2,1,ABOVE,GIU,CHAN,3,false,false,,
ADAUSDT,646,2,1,BELOW,GIU,CHAN,1,false,false,,
ADAUSDT,647,23,2,BELOW,PHA_GIA,XUYEN_THAT,2,true,true,2,false
ADAUSDT,649,3,2,BELOW,PHA_GIA,XUYEN_THAT,3,true,true,3,false
ADAUSDT,650,12,2,BELOW,GIU,XUYEN_THAT,3,false,false,,
ADAUSDT,651,16,2,BELOW,XUYEN_THAT,XUYEN_THAT,1,true,false,2,false
ADAUSDT,652,1,1,ABOVE,PHA_GIA,CHAN,0,true,true,0,false
ADAUSDT,653,12,2,BELOW,XUYEN_THAT,XUYEN_THAT,2,true,false,2,false
ADAUSDT,654,3,2,BELOW,XUYEN_THAT,XUYEN_THAT,1,true,false,2,false
ADAUSDT,658,2,1,BELOW,GIU,CHAN,3,false,false,,
ADAUSDT,659,2,1,ABOVE,GIU,CHAN,2,false,false,,
ADAUSDT,660,15,2,BELOW,GIU,XUYEN_THAT,2,false,false,,
ADAUSDT,661,3,1,BELOW,XUYEN_THAT,XUYEN_THAT,1,true,false,7,false
ADAUSDT,663,8,2,BELOW,GIU,XUYEN_THAT,3,false,false,,
ADAUSDT,664,14,2,BELOW,PHA_GIA,XUYEN_THAT,1,true,true,6,false
ADAUSDT,665,20,2,BELOW,PHA_GIA,XUYEN_THAT,3,true,true,0,false
ADAUSDT,667,1,1,ABOVE,PHA_GIA,CHAN,1,true,true,1,false
ADAUSDT,668,2,1,BELOW,GIU,CHAN,1,false,false,,
ADAUSDT,670,2,1,ABOVE,GIU,CHAN,1,false,false,,
ADAUSDT,672,1,1,BELOW,GIU,CHAN,3,false,false,,
ADAUSDT,673,7,2,ABOVE,XUYEN_THAT,XUYEN_THAT,2,true,false,3,false
ADAUSDT,675,63,2,BELOW,PHA_GIA,XUYEN_THAT,3,true,true,2,false
ADAUSDT,676,5,1,BELOW,GIU,CHAN,2,false,false,,
ADAUSDT,677,10,2,BELOW,GIU,XUYEN_THAT,3,false,false,,
ADAUSDT,678,3,1,BELOW,GIU,CHAN,0,false,false,,
ADAUSDT,679,34,2,BELOW,GIU,XUYEN_THAT,2,false,false,,
ADAUSDT,680,34,2,BELOW,XUYEN_THAT,XUYEN_THAT,2,true,false,5,false
ADAUSDT,681,1,1,BELOW,GIU,CHAN,2,false,false,,
ADAUSDT,682,1,1,ABOVE,GIU,CHAN,2,false,false,,
ADAUSDT,684,6,2,BELOW,XUYEN_THAT,XUYEN_THAT,0,true,false,3,false
ADAUSDT,685,5,2,BELOW,PHA_GIA,XUYEN_THAT,2,true,true,1,false
ADAUSDT,687,5,2,BELOW,GIU,XUYEN_THAT,3,false,false,,
ADAUSDT,688,1,1,BELOW,GIU,CHAN,1,false,false,,
ADAUSDT,690,2,1,BELOW,GIU,CHAN,0,false,false,,
ADAUSDT,691,13,2,ABOVE,GIU,XUYEN_THAT,2,false,false,,
ADAUSDT,692,6,2,ABOVE,GIU,CHAN,2,false,false,,
ADAUSDT,694,5,1,BELOW,GIU,CHAN,2,false,false,,
ADAUSDT,695,8,2,BELOW,GIU,CHAN,2,false,false,,
ADAUSDT,696,3,1,BELOW,GIU,CHAN,3,false,false,,
ADAUSDT,698,7,2,ABOVE,GIU,CHAN,3,false,false,,
ADAUSDT,699,10,2,BELOW,GIU,XUYEN_THAT,1,false,false,,
ADAUSDT,700,13,2,ABOVE,PHA_GIA,XUYEN_THAT,1,true,true,6,false
ADAUSDT,701,1,1,BELOW,XUYEN_THAT,XUYEN_THAT,3,true,false,2,false
ADAUSDT,702,9,2,BELOW,XUYEN_THAT,XUYEN_THAT,0,true,false,0,false
ADAUSDT,703,1,1,ABOVE,PHA_GIA,CHAN,2,true,true,3,false
ADAUSDT,704,12,2,ABOVE,XUYEN_THAT,XUYEN_THAT,1,true,false,1,false
ADAUSDT,706,2,2,BELOW,PHA_GIA,CHAN,1,true,true,0,false
ADAUSDT,709,2,1,ABOVE,PHA_GIA,CHAN,1,true,true,4,false
ADAUSDT,711,1,1,ABOVE,GIU,CHAN,1,false,false,,
ADAUSDT,713,12,2,BELOW,XUYEN_THAT,XUYEN_THAT,2,true,false,1,false
ADAUSDT,714,12,2,ABOVE,GIU,XUYEN_THAT,1,false,false,,
ADAUSDT,715,8,2,BELOW,PHA_GIA,XUYEN_THAT,1,true,true,1,false
ADAUSDT,717,11,2,BELOW,PHA_GIA,XUYEN_THAT,0,true,true,0,false
ADAUSDT,719,3,2,BELOW,XUYEN_THAT,XUYEN_THAT,1,true,false,2,false
ADAUSDT,720,12,2,ABOVE,GIU,XUYEN_THAT,1,false,false,,
ADAUSDT,721,12,2,ABOVE,XUYEN_THAT,XUYEN_THAT,1,true,false,5,true
ADAUSDT,722,2,1,BELOW,GIU,CHAN,1,false,false,,
ADAUSDT,724,6,2,BELOW,GIU,CHAN,3,false,false,,
ADAUSDT,725,17,2,ABOVE,GIU,XUYEN_THAT,0,false,false,,
ADAUSDT,726,1,1,ABOVE,PHA_GIA,CHAN,3,true,true,3,false
ADAUSDT,727,10,2,BELOW,PHA_GIA,XUYEN_THAT,1,true,true,0,false
ADAUSDT,728,11,2,ABOVE,PHA_GIA,XUYEN_THAT,1,true,true,7,false
ADAUSDT,729,8,2,ABOVE,GIU,XUYEN_THAT,1,false,false,,
ADAUSDT,730,7,1,ABOVE,GIU,CHAN,2,false,false,,
ADAUSDT,731,5,2,BELOW,GIU,CHAN,1,false,false,,
ADAUSDT,733,12,2,BELOW,GIU,XUYEN_THAT,3,false,false,,
ADAUSDT,735,14,2,BELOW,XUYEN_THAT,XUYEN_THAT,0,true,false,0,false
ADAUSDT,737,4,2,BELOW,PHA_GIA,XUYEN_THAT,1,true,true,2,false
ADAUSDT,739,12,2,BELOW,PHA_GIA,XUYEN_THAT,1,true,true,1,false
ADAUSDT,741,1,1,BELOW,GIU,CHAN,1,false,false,,
ADAUSDT,742,4,1,ABOVE,GIU,CHAN,2,false,false,,
ADAUSDT,743,6,1,ABOVE,GIU,CHAN,0,false,false,,
ADAUSDT,745,4,2,ABOVE,XUYEN_THAT,XUYEN_THAT,1,true,false,2,false
ADAUSDT,746,4,2,BELOW,PHA_GIA,XUYEN_THAT,1,true,true,0,false
ADAUSDT,747,14,2,BELOW,PHA_GIA,XUYEN_THAT,2,true,true,1,false
ADAUSDT,748,23,2,BELOW,GIU,XUYEN_THAT,1,false,false,,
ADAUSDT,749,21,2,BELOW,PHA_GIA,XUYEN_THAT,0,true,true,0,false
ADAUSDT,750,14,2,BELOW,GIU,XUYEN_THAT,1,false,false,,
ADAUSDT,751,30,2,BELOW,XUYEN_THAT,XUYEN_THAT,0,true,false,0,false
ADAUSDT,752,3,1,BELOW,GIU,CHAN,2,false,false,,
ADAUSDT,753,7,2,BELOW,GIU,CHAN,3,false,false,,
ADAUSDT,754,47,2,ABOVE,PHA_GIA,XUYEN_THAT,1,true,true,8,false
ADAUSDT,755,4,2,BELOW,PHA_GIA,CHAN,1,true,true,6,false
ADAUSDT,756,9,2,ABOVE,GIU,XUYEN_THAT,1,false,false,,
ADAUSDT,757,16,2,ABOVE,XUYEN_THAT,XUYEN_THAT,1,true,false,1,false
ADAUSDT,758,6,2,ABOVE,PHA_GIA,XUYEN_THAT,3,true,true,2,false
ADAUSDT,759,15,2,BELOW,GIU,XUYEN_THAT,2,false,false,,
ADAUSDT,760,1,1,ABOVE,GIU,CHAN,2,false,false,,
ADAUSDT,761,5,1,BELOW,GIU,XUYEN_THAT,0,false,false,,
ADAUSDT,762,8,2,BELOW,GIU,XUYEN_THAT,1,false,false,,
ADAUSDT,764,1,1,BELOW,GIU,CHAN,2,false,false,,
ADAUSDT,765,4,2,BELOW,PHA_GIA,CHAN,4,true,true,8,false
ADAUSDT,766,15,2,BELOW,GIU,XUYEN_THAT,2,false,false,,
ADAUSDT,769,38,2,BELOW,GIU,XUYEN_THAT,3,false,false,,
ADAUSDT,770,4,2,BELOW,XUYEN_THAT,XUYEN_THAT,4,true,false,4,false
ADAUSDT,771,15,2,ABOVE,GIU,CHAN,2,false,false,,
ADAUSDT,772,53,2,BELOW,XUYEN_THAT,XUYEN_THAT,3,true,false,4,false
ADAUSDT,773,1,1,BELOW,GIU,CHAN,4,false,false,,
ADAUSDT,774,2,1,BELOW,GIU,CHAN,3,false,false,,
ADAUSDT,775,23,2,ABOVE,XUYEN_THAT,XUYEN_THAT,1,true,false,2,false
ADAUSDT,776,5,1,BELOW,GIU,CHAN,4,false,false,,
ADAUSDT,777,10,2,BELOW,GIU,XUYEN_THAT,2,false,false,,
ADAUSDT,778,43,2,ABOVE,PHA_GIA,XUYEN_THAT,1,true,true,4,false
ADAUSDT,780,2,2,BELOW,PHA_GIA,CHAN,2,true,true,1,false
ADAUSDT,781,2,2,BELOW,PHA_GIA,CHAN,1,true,true,2,false
ADAUSDT,782,13,2,ABOVE,GIU,XUYEN_THAT,2,false,false,,
ADAUSDT,783,2,1,BELOW,GIU,CHAN,3,false,false,,
ADAUSDT,784,10,2,BELOW,PHA_GIA,XUYEN_THAT,0,true,true,0,false
ADAUSDT,785,7,2,BELOW,GIU,XUYEN_THAT,2,false,false,,
ADAUSDT,786,3,1,ABOVE,GIU,CHAN,3,false,false,,
ADAUSDT,788,1,1,ABOVE,GIU,CHAN,1,false,false,,
ADAUSDT,790,11,2,BELOW,GIU,XUYEN_THAT,2,false,false,,
ADAUSDT,791,28,2,BELOW,PHA_GIA,XUYEN_THAT,5,true,true,4,false
ADAUSDT,792,8,2,BELOW,GIU,XUYEN_THAT,1,false,false,,
ADAUSDT,793,5,2,BELOW,PHA_GIA,XUYEN_THAT,1,true,true,0,false
ADAUSDT,794,8,2,ABOVE,PHA_GIA,XUYEN_THAT,2,true,true,2,false
ADAUSDT,795,11,2,BELOW,GIU,XUYEN_THAT,1,false,false,,
ADAUSDT,796,1,1,BELOW,GIU,CHAN,2,false,false,,
ADAUSDT,797,39,2,BELOW,GIU,XUYEN_THAT,2,false,false,,
ADAUSDT,798,2,1,BELOW,GIU,CHAN,2,false,false,,
ADAUSDT,799,9,1,ABOVE,GIU,CHAN,3,false,false,,
ADAUSDT,801,6,2,BELOW,GIU,XUYEN_THAT,3,false,false,,
ADAUSDT,802,56,2,BELOW,GIU,XUYEN_THAT,2,false,false,,
ADAUSDT,803,11,2,BELOW,PHA_GIA,XUYEN_THAT,0,true,true,3,false
ADAUSDT,804,3,1,ABOVE,PHA_GIA,CHAN,1,true,true,4,false
ADAUSDT,805,1,1,ABOVE,XUYEN_THAT,XUYEN_THAT,1,true,false,1,false
ADAUSDT,806,9,2,BELOW,PHA_GIA,CHAN,2,true,true,8,false
ADAUSDT,807,10,2,BELOW,XUYEN_THAT,XUYEN_THAT,4,true,false,2,false
ADAUSDT,809,3,1,BELOW,GIU,CHAN,4,false,false,,
ADAUSDT,810,17,2,ABOVE,GIU,XUYEN_THAT,3,false,false,,
ADAUSDT,811,16,2,ABOVE,PHA_GIA,XUYEN_THAT,2,true,true,4,false
ADAUSDT,812,16,2,BELOW,XUYEN_THAT,XUYEN_THAT,1,true,false,4,false
ADAUSDT,813,4,2,BELOW,PHA_GIA,CHAN,1,true,true,6,false
ADAUSDT,814,15,2,ABOVE,XUYEN_THAT,XUYEN_THAT,2,true,false,3,false
ADAUSDT,816,9,2,BELOW,PHA_GIA,XUYEN_THAT,3,true,true,6,false
ADAUSDT,818,27,2,BELOW,GIU,XUYEN_THAT,2,false,false,,
ADAUSDT,819,1,1,ABOVE,PHA_GIA,CHAN,1,true,true,0,false
ADAUSDT,820,17,2,BELOW,GIU,XUYEN_THAT,3,false,false,,
ADAUSDT,822,2,2,ABOVE,PHA_GIA,CHAN,3,true,true,3,false
ADAUSDT,823,5,2,ABOVE,PHA_GIA,XUYEN_THAT,0,true,true,0,false
ADAUSDT,825,15,2,BELOW,XUYEN_THAT,XUYEN_THAT,2,true,false,2,false
ADAUSDT,826,15,2,ABOVE,XUYEN_THAT,XUYEN_THAT,0,true,false,2,false
ADAUSDT,827,8,2,BELOW,PHA_GIA,XUYEN_THAT,3,true,true,5,false
ADAUSDT,828,3,1,BELOW,GIU,CHAN,1,false,false,,
ADAUSDT,829,7,2,BELOW,XUYEN_THAT,XUYEN_THAT,3,true,false,1,false
ADAUSDT,830,8,2,ABOVE,GIU,XUYEN_THAT,3,false,false,,
ADAUSDT,831,3,2,ABOVE,PHA_GIA,CHAN,1,true,true,1,false
ADAUSDT,832,52,2,ABOVE,GIU,XUYEN_THAT,2,false,false,,
ADAUSDT,834,5,2,BELOW,GIU,XUYEN_THAT,1,false,false,,
ADAUSDT,835,4,1,BELOW,GIU,CHAN,1,false,false,,
ADAUSDT,836,14,2,ABOVE,XUYEN_THAT,XUYEN_THAT,4,true,false,3,false
ADAUSDT,838,4,1,ABOVE,GIU,CHAN,2,false,false,,
ADAUSDT,839,11,2,ABOVE,GIU,XUYEN_THAT,2,false,false,,
ADAUSDT,840,21,2,ABOVE,GIU,XUYEN_THAT,1,false,false,,
ADAUSDT,841,3,1,BELOW,GIU,CHAN,3,false,false,,
ADAUSDT,843,17,2,BELOW,XUYEN_THAT,XUYEN_THAT,1,true,false,4,false
ADAUSDT,845,1,1,BELOW,GIU,CHAN,1,false,false,,
ADAUSDT,846,14,2,BELOW,XUYEN_THAT,XUYEN_THAT,1,true,false,8,false
ADAUSDT,847,1,1,BELOW,PHA_GIA,CHAN,3,true,true,2,false
ADAUSDT,848,9,2,ABOVE,XUYEN_THAT,XUYEN_THAT,2,true,false,1,false
ADAUSDT,849,1,1,BELOW,XUYEN_THAT,XUYEN_THAT,2,true,false,2,false
ADAUSDT,850,1,1,ABOVE,GIU,CHAN,1,false,false,,
ADAUSDT,851,5,2,ABOVE,GIU,CHAN,2,false,false,,
ADAUSDT,853,1,1,ABOVE,GIU,CHAN,1,false,false,,
ADAUSDT,854,6,2,ABOVE,PHA_GIA,XUYEN_THAT,3,true,true,6,false
ADAUSDT,856,20,2,ABOVE,XUYEN_THAT,XUYEN_THAT,2,true,false,7,false
ADAUSDT,857,9,2,BELOW,PHA_GIA,XUYEN_THAT,3,true,true,3,false
ADAUSDT,858,2,2,ABOVE,XUYEN_THAT,XUYEN_THAT,1,true,false,1,false
ADAUSDT,859,6,2,ABOVE,XUYEN_THAT,XUYEN_THAT,0,true,false,1,false
ADAUSDT,860,29,2,ABOVE,PHA_GIA,XUYEN_THAT,3,true,true,6,false
ADAUSDT,862,7,2,ABOVE,XUYEN_THAT,XUYEN_THAT,0,true,false,4,false
ADAUSDT,863,1,1,BELOW,GIU,CHAN,0,false,false,,
ADAUSDT,864,24,2,BELOW,GIU,XUYEN_THAT,3,false,false,,
ADAUSDT,866,46,2,BELOW,GIU,XUYEN_THAT,2,false,false,,
ADAUSDT,867,3,1,BELOW,GIU,CHAN,1,false,false,,
ADAUSDT,868,1,1,BELOW,GIU,CHAN,2,false,false,,
ADAUSDT,869,14,2,BELOW,PHA_GIA,XUYEN_THAT,3,true,true,3,false
ADAUSDT,870,8,2,ABOVE,GIU,XUYEN_THAT,1,false,false,,
ADAUSDT,871,8,2,BELOW,GIU,XUYEN_THAT,3,false,false,,
ADAUSDT,872,32,2,BELOW,GIU,XUYEN_THAT,2,false,false,,
ADAUSDT,873,12,2,ABOVE,PHA_GIA,XUYEN_THAT,2,true,true,2,false
ADAUSDT,874,4,2,BELOW,PHA_GIA,XUYEN_THAT,0,true,true,1,false
ADAUSDT,876,3,2,BELOW,XUYEN_THAT,XUYEN_THAT,4,true,false,8,false
ADAUSDT,877,5,1,BELOW,GIU,CHAN,2,false,false,,
ADAUSDT,878,7,2,BELOW,PHA_GIA,XUYEN_THAT,3,true,true,4,false
ADAUSDT,879,4,1,BELOW,GIU,CHAN,2,false,false,,
ADAUSDT,880,2,1,ABOVE,GIU,CHAN,3,false,false,,
ADAUSDT,881,5,2,BELOW,GIU,XUYEN_THAT,3,false,false,,
ADAUSDT,883,5,2,BELOW,GIU,XUYEN_THAT,2,false,false,,
ADAUSDT,884,15,2,BELOW,PHA_GIA,XUYEN_THAT,2,true,true,1,false
ADAUSDT,885,5,2,BELOW,GIU,XUYEN_THAT,1,false,false,,
ADAUSDT,886,5,2,BELOW,PHA_GIA,XUYEN_THAT,2,true,true,2,false
ADAUSDT,887,6,2,ABOVE,GIU,XUYEN_THAT,3,false,false,,
ADAUSDT,888,2,1,ABOVE,GIU,CHAN,4,false,false,,
ADAUSDT,889,23,2,ABOVE,PHA_GIA,XUYEN_THAT,0,true,true,3,false
ADAUSDT,890,16,2,BELOW,PHA_GIA,XUYEN_THAT,0,true,true,0,false
ADAUSDT,891,2,1,ABOVE,GIU,CHAN,1,false,false,,
ADAUSDT,892,17,2,BELOW,PHA_GIA,XUYEN_THAT,2,true,true,4,false
ADAUSDT,893,18,2,ABOVE,PHA_GIA,XUYEN_THAT,3,true,true,1,false
ADAUSDT,894,1,1,ABOVE,GIU,CHAN,3,false,false,,
ADAUSDT,895,10,2,ABOVE,PHA_GIA,XUYEN_THAT,1,true,true,1,false
ADAUSDT,896,1,1,BELOW,GIU,CHAN,0,false,false,,
ADAUSDT,897,13,2,BELOW,GIU,XUYEN_THAT,0,false,false,,
ADAUSDT,899,4,2,ABOVE,GIU,XUYEN_THAT,1,false,false,,
ADAUSDT,900,1,1,BELOW,GIU,CHAN,2,false,false,,
ADAUSDT,901,1,1,BELOW,GIU,CHAN,1,false,false,,
ADAUSDT,903,10,2,ABOVE,GIU,XUYEN_THAT,1,false,false,,
ADAUSDT,904,2,1,ABOVE,GIU,CHAN,1,false,false,,
ADAUSDT,905,15,2,BELOW,GIU,XUYEN_THAT,4,false,false,,
ADAUSDT,906,3,2,ABOVE,PHA_GIA,CHAN,2,true,true,4,false
ADAUSDT,908,12,2,ABOVE,XUYEN_THAT,XUYEN_THAT,3,true,false,7,false
ADAUSDT,911,6,2,BELOW,XUYEN_THAT,XUYEN_THAT,1,true,false,4,false
ADAUSDT,912,1,1,ABOVE,PHA_GIA,CHAN,1,true,true,8,false
ADAUSDT,913,5,2,BELOW,GIU,XUYEN_THAT,1,false,false,,
ADAUSDT,914,12,2,BELOW,GIU,XUYEN_THAT,4,false,false,,
ADAUSDT,915,5,1,ABOVE,GIU,CHAN,3,false,false,,
ADAUSDT,916,1,1,BELOW,XUYEN_THAT,XUYEN_THAT,1,true,false,0,false
ADAUSDT,917,4,2,BELOW,XUYEN_THAT,XUYEN_THAT,0,true,false,1,false
ADAUSDT,918,10,2,ABOVE,GIU,XUYEN_THAT,2,false,false,,
ADAUSDT,919,26,2,ABOVE,PHA_GIA,XUYEN_THAT,2,true,true,5,false
ADAUSDT,920,4,1,ABOVE,GIU,CHAN,2,false,false,,
ADAUSDT,921,8,2,BELOW,GIU,XUYEN_THAT,3,false,false,,
ADAUSDT,922,8,2,BELOW,PHA_GIA,XUYEN_THAT,2,true,true,1,false
ADAUSDT,923,4,2,BELOW,PHA_GIA,XUYEN_THAT,1,true,true,6,false
ADAUSDT,924,25,2,BELOW,GIU,XUYEN_THAT,3,false,false,,
ADAUSDT,925,8,2,BELOW,XUYEN_THAT,XUYEN_THAT,2,true,false,4,false
ADAUSDT,926,10,2,ABOVE,XUYEN_THAT,XUYEN_THAT,2,true,false,5,false
ADAUSDT,927,8,2,ABOVE,GIU,XUYEN_THAT,5,false,false,,
ADAUSDT,928,4,1,BELOW,PHA_GIA,CHAN,2,true,true,4,false
ADAUSDT,929,5,2,BELOW,PHA_GIA,XUYEN_THAT,2,true,true,4,false
ADAUSDT,930,10,2,BELOW,PHA_GIA,XUYEN_THAT,2,true,true,4,false
ADAUSDT,931,5,2,ABOVE,GIU,XUYEN_THAT,4,false,false,,
ADAUSDT,932,2,1,ABOVE,PHA_GIA,CHAN,1,true,true,3,false
ADAUSDT,933,3,1,BELOW,GIU,CHAN,3,false,false,,
ADAUSDT,934,8,1,BELOW,GIU,CHAN,2,false,false,,
ADAUSDT,935,15,2,ABOVE,GIU,XUYEN_THAT,1,false,false,,
ADAUSDT,936,1,1,BELOW,XUYEN_THAT,XUYEN_THAT,1,true,false,0,false
ADAUSDT,937,14,2,ABOVE,XUYEN_THAT,XUYEN_THAT,0,true,false,5,false
ADAUSDT,939,7,2,ABOVE,XUYEN_THAT,XUYEN_THAT,1,true,false,3,false
ADAUSDT,940,6,1,ABOVE,GIU,CHAN,2,false,false,,
ADAUSDT,941,1,1,ABOVE,GIU,CHAN,1,false,false,,
ADAUSDT,942,7,2,BELOW,XUYEN_THAT,XUYEN_THAT,0,true,false,0,false
ADAUSDT,943,20,2,BELOW,GIU,XUYEN_THAT,2,false,false,,
ADAUSDT,944,13,2,BELOW,PHA_GIA,XUYEN_THAT,0,true,true,0,false
ADAUSDT,945,1,1,BELOW,XUYEN_THAT,XUYEN_THAT,1,true,false,2,false
ADAUSDT,946,2,1,ABOVE,GIU,XUYEN_THAT,3,false,false,,
ADAUSDT,947,8,2,BELOW,PHA_GIA,XUYEN_THAT,3,true,true,2,false
ADAUSDT,948,6,2,BELOW,PHA_GIA,XUYEN_THAT,4,true,true,4,false
ADAUSDT,949,15,2,ABOVE,GIU,XUYEN_THAT,1,false,false,,
ADAUSDT,950,6,2,ABOVE,XUYEN_THAT,XUYEN_THAT,1,true,false,4,false
ADAUSDT,951,12,2,ABOVE,XUYEN_THAT,XUYEN_THAT,0,true,false,0,false
ADAUSDT,952,31,2,BELOW,XUYEN_THAT,XUYEN_THAT,1,true,false,2,false
ADAUSDT,953,6,2,BELOW,GIU,XUYEN_THAT,2,false,false,,
ADAUSDT,954,15,2,BELOW,GIU,XUYEN_THAT,2,false,false,,
ADAUSDT,956,12,2,BELOW,PHA_GIA,XUYEN_THAT,1,true,true,1,false
ADAUSDT,957,7,2,ABOVE,GIU,CHAN,5,false,false,,
ADAUSDT,958,3,2,ABOVE,XUYEN_THAT,XUYEN_THAT,1,true,false,4,false
ADAUSDT,959,6,1,ABOVE,GIU,CHAN,1,false,false,,
ADAUSDT,960,4,1,BELOW,GIU,CHAN,3,false,false,,
ADAUSDT,961,4,2,BELOW,GIU,XUYEN_THAT,1,false,false,,
ADAUSDT,963,22,2,BELOW,XUYEN_THAT,XUYEN_THAT,3,true,false,2,false
ADAUSDT,965,23,2,ABOVE,XUYEN_THAT,XUYEN_THAT,3,true,false,7,false
ADAUSDT,966,1,1,BELOW,GIU,CHAN,3,false,false,,
ADAUSDT,967,7,2,BELOW,PHA_GIA,XUYEN_THAT,3,true,true,1,false
ADAUSDT,968,8,2,ABOVE,PHA_GIA,XUYEN_THAT,1,true,true,2,false
ADAUSDT,969,6,2,ABOVE,PHA_GIA,CHAN,1,true,true,4,false
ADAUSDT,970,12,2,BELOW,PHA_GIA,XUYEN_THAT,1,true,true,0,false
ADAUSDT,971,1,1,ABOVE,GIU,CHAN,3,false,false,,
ADAUSDT,972,6,2,ABOVE,GIU,CHAN,1,false,false,,
ADAUSDT,973,8,2,ABOVE,PHA_GIA,CHAN,2,true,true,6,false
ADAUSDT,975,7,2,ABOVE,GIU,XUYEN_THAT,3,false,false,,
ADAUSDT,976,11,2,BELOW,PHA_GIA,XUYEN_THAT,3,true,true,7,false
ADAUSDT,977,20,2,BELOW,GIU,XUYEN_THAT,2,false,false,,
ADAUSDT,978,8,2,ABOVE,PHA_GIA,XUYEN_THAT,4,true,true,2,false
ADAUSDT,979,3,2,BELOW,PHA_GIA,XUYEN_THAT,2,true,true,6,false
ADAUSDT,983,3,2,ABOVE,XUYEN_THAT,XUYEN_THAT,2,true,false,2,false
ADAUSDT,984,15,2,BELOW,PHA_GIA,XUYEN_THAT,3,true,true,4,false
ADAUSDT,986,4,1,BELOW,GIU,CHAN,2,false,false,,
ADAUSDT,987,3,1,BELOW,GIU,CHAN,3,false,false,,
ADAUSDT,988,3,2,BELOW,PHA_GIA,CHAN,2,true,true,4,false
ADAUSDT,989,16,2,ABOVE,PHA_GIA,XUYEN_THAT,3,true,true,1,false
ADAUSDT,990,3,2,ABOVE,PHA_GIA,CHAN,0,true,true,0,false
ADAUSDT,991,8,2,ABOVE,PHA_GIA,XUYEN_THAT,1,true,true,8,false
ADAUSDT,992,9,2,BELOW,XUYEN_THAT,XUYEN_THAT,1,true,false,1,false
ADAUSDT,993,24,2,BELOW,PHA_GIA,XUYEN_THAT,2,true,true,5,false
ADAUSDT,994,6,2,BELOW,PHA_GIA,CHAN,2,true,true,0,false
ADAUSDT,996,13,2,BELOW,XUYEN_THAT,XUYEN_THAT,2,true,false,0,false
ADAUSDT,1002,13,2,BELOW,PHA_GIA,XUYEN_THAT,1,true,true,0,false
ADAUSDT,1003,1,1,ABOVE,PHA_GIA,CHAN,0,true,true,0,false
ADAUSDT,1004,1,1,BELOW,GIU,CHAN,2,false,false,,
ADAUSDT,1006,1,1,BELOW,GIU,CHAN,1,false,false,,
ADAUSDT,1007,4,1,BELOW,GIU,CHAN,0,false,false,,
ADAUSDT,1008,3,2,ABOVE,PHA_GIA,XUYEN_THAT,3,true,true,5,false
ADAUSDT,1009,11,2,ABOVE,GIU,CHAN,0,false,false,,
ADAUSDT,1010,4,2,ABOVE,PHA_GIA,CHAN,2,true,true,1,false
ADAUSDT,1011,10,2,BELOW,GIU,XUYEN_THAT,1,false,false,,
ADAUSDT,1012,5,1,BELOW,GIU,XUYEN_THAT,1,false,false,,
ADAUSDT,1013,2,1,ABOVE,GIU,CHAN,0,false,false,,
ADAUSDT,1014,4,2,ABOVE,PHA_GIA,XUYEN_THAT,3,true,true,1,false
ADAUSDT,1018,7,2,ABOVE,PHA_GIA,XUYEN_THAT,1,true,true,4,false
ADAUSDT,1020,5,2,ABOVE,GIU,CHAN,3,false,false,,
ADAUSDT,1021,1,1,BELOW,GIU,CHAN,3,false,false,,
ADAUSDT,1022,5,2,BELOW,PHA_GIA,XUYEN_THAT,1,true,true,5,false
ADAUSDT,1023,5,2,BELOW,PHA_GIA,XUYEN_THAT,3,true,true,2,false
ADAUSDT,1025,2,1,ABOVE,GIU,CHAN,2,false,false,,
ADAUSDT,1027,5,1,BELOW,GIU,CHAN,2,false,false,,
ADAUSDT,1028,15,2,BELOW,PHA_GIA,XUYEN_THAT,0,true,true,0,false
ADAUSDT,1029,22,2,ABOVE,PHA_GIA,XUYEN_THAT,1,true,true,3,false
ADAUSDT,1030,4,2,BELOW,GIU,XUYEN_THAT,2,false,false,,
ADAUSDT,1031,5,1,ABOVE,GIU,CHAN,2,false,false,,
ADAUSDT,1032,4,2,BELOW,GIU,XUYEN_THAT,3,false,false,,
ADAUSDT,1033,2,1,ABOVE,XUYEN_THAT,XUYEN_THAT,2,true,false,6,false
ADAUSDT,1034,6,2,BELOW,PHA_GIA,XUYEN_THAT,3,true,true,3,false
ADAUSDT,1035,2,2,ABOVE,PHA_GIA,CHAN,1,true,true,6,false
ADAUSDT,1036,6,2,BELOW,PHA_GIA,CHAN,2,true,true,8,false
ADAUSDT,1038,10,2,ABOVE,GIU,XUYEN_THAT,3,false,false,,
ADAUSDT,1039,12,2,ABOVE,GIU,XUYEN_THAT,2,false,false,,
ADAUSDT,1040,7,2,BELOW,XUYEN_THAT,XUYEN_THAT,3,true,false,4,false
ADAUSDT,1041,49,2,BELOW,PHA_GIA,XUYEN_THAT,1,true,true,0,false
ADAUSDT,1042,27,2,ABOVE,GIU,XUYEN_THAT,1,false,false,,
ADAUSDT,1043,2,1,ABOVE,GIU,CHAN,4,false,false,,
ADAUSDT,1044,2,2,ABOVE,XUYEN_THAT,XUYEN_THAT,3,true,false,7,true
ADAUSDT,1045,8,2,BELOW,GIU,CHAN,3,false,false,,
ADAUSDT,1046,17,1,ABOVE,GIU,CHAN,1,false,false,,
ADAUSDT,1048,7,2,BELOW,PHA_GIA,XUYEN_THAT,1,true,true,4,false
ADAUSDT,1049,14,2,ABOVE,GIU,XUYEN_THAT,2,false,false,,
ADAUSDT,1050,11,2,ABOVE,XUYEN_THAT,XUYEN_THAT,2,true,false,0,false
ADAUSDT,1051,13,2,BELOW,PHA_GIA,XUYEN_THAT,2,true,true,5,false
ADAUSDT,1052,5,2,BELOW,PHA_GIA,XUYEN_THAT,3,true,true,3,true
ADAUSDT,1053,4,2,ABOVE,XUYEN_THAT,XUYEN_THAT,2,true,false,4,false
ADAUSDT,1054,15,2,BELOW,GIU,XUYEN_THAT,3,false,false,,
ADAUSDT,1055,4,1,BELOW,GIU,CHAN,1,false,false,,
ADAUSDT,1056,3,1,ABOVE,GIU,XUYEN_THAT,3,false,false,,
ADAUSDT,1057,12,2,BELOW,PHA_GIA,CHAN,1,true,true,7,false
ADAUSDT,1058,3,1,BELOW,GIU,CHAN,2,false,false,,
ADAUSDT,1059,5,2,BELOW,PHA_GIA,CHAN,1,true,true,6,false
ADAUSDT,1060,17,2,ABOVE,PHA_GIA,CHAN,1,true,true,7,false
ADAUSDT,1061,13,2,BELOW,PHA_GIA,XUYEN_THAT,2,true,true,7,false
ADAUSDT,1063,10,1,BELOW,GIU,CHAN,1,false,false,,
ADAUSDT,1064,2,1,BELOW,PHA_GIA,CHAN,3,true,true,4,false
ADAUSDT,1065,8,1,BELOW,GIU,CHAN,2,false,false,,
ADAUSDT,1067,12,2,BELOW,XUYEN_THAT,XUYEN_THAT,2,true,false,0,false
ADAUSDT,1068,15,2,ABOVE,PHA_GIA,CHAN,3,true,true,4,false
ADAUSDT,1069,15,2,BELOW,GIU,XUYEN_THAT,2,false,false,,
ADAUSDT,1070,3,1,ABOVE,GIU,CHAN,1,false,false,,
ADAUSDT,1071,1,1,BELOW,GIU,CHAN,1,false,false,,
ADAUSDT,1072,11,2,BELOW,PHA_GIA,XUYEN_THAT,3,true,true,3,false
ADAUSDT,1073,8,2,ABOVE,GIU,CHAN,2,false,false,,
ADAUSDT,1074,21,2,ABOVE,PHA_GIA,XUYEN_THAT,1,true,true,3,false
ADAUSDT,1076,4,1,BELOW,GIU,CHAN,1,false,false,,
ADAUSDT,1078,3,2,BELOW,PHA_GIA,CHAN,0,true,true,0,false
ADAUSDT,1080,11,2,BELOW,GIU,XUYEN_THAT,3,false,false,,
ADAUSDT,1081,25,2,ABOVE,XUYEN_THAT,XUYEN_THAT,2,true,false,4,false
ADAUSDT,1082,1,1,BELOW,PHA_GIA,CHAN,1,true,true,2,false
ADAUSDT,1083,2,2,ABOVE,PHA_GIA,CHAN,1,true,true,0,false
ADAUSDT,1084,1,1,BELOW,XUYEN_THAT,XUYEN_THAT,2,true,false,2,false
ADAUSDT,1085,4,1,ABOVE,GIU,XUYEN_THAT,3,false,false,,
ADAUSDT,1086,1,1,BELOW,PHA_GIA,CHAN,0,true,true,0,false
ADAUSDT,1087,3,2,BELOW,PHA_GIA,XUYEN_THAT,2,true,true,4,false
ADAUSDT,1088,3,1,BELOW,GIU,CHAN,2,false,false,,
ADAUSDT,1089,7,2,BELOW,PHA_GIA,CHAN,3,true,true,8,false
ADAUSDT,1090,2,1,ABOVE,GIU,CHAN,2,false,false,,
ADAUSDT,1092,5,2,ABOVE,PHA_GIA,XUYEN_THAT,1,true,true,0,false
ADAUSDT,1093,13,2,ABOVE,PHA_GIA,XUYEN_THAT,3,true,true,7,false
ADAUSDT,1094,11,2,ABOVE,PHA_GIA,XUYEN_THAT,0,true,true,5,false
ADAUSDT,1096,2,2,ABOVE,XUYEN_THAT,XUYEN_THAT,1,true,false,1,false
ADAUSDT,1097,10,2,ABOVE,GIU,CHAN,1,false,false,,
ADAUSDT,1098,4,2,BELOW,XUYEN_THAT,XUYEN_THAT,2,true,false,8,false
ADAUSDT,1099,2,1,BELOW,GIU,CHAN,1,false,false,,
ADAUSDT,1100,4,2,BELOW,PHA_GIA,XUYEN_THAT,1,true,true,2,false
ADAUSDT,1101,6,2,ABOVE,PHA_GIA,CHAN,2,true,true,5,false
ADAUSDT,1102,1,1,BELOW,XUYEN_THAT,XUYEN_THAT,0,true,false,0,false
ADAUSDT,1103,9,2,BELOW,GIU,CHAN,1,false,false,,
ADAUSDT,1104,9,2,BELOW,XUYEN_THAT,XUYEN_THAT,1,true,false,2,false
ADAUSDT,1106,1,1,ABOVE,GIU,CHAN,0,false,false,,
LINKUSDT,0,3,2,ABOVE,PHA_GIA,CHAN,2,true,true,1,false
LINKUSDT,1,10,1,BELOW,GIU,CHAN,3,false,false,,
LINKUSDT,2,14,2,BELOW,GIU,XUYEN_THAT,3,false,false,,
LINKUSDT,3,1,1,BELOW,GIU,CHAN,1,false,false,,
LINKUSDT,4,44,2,ABOVE,GIU,XUYEN_THAT,2,false,false,,
LINKUSDT,6,23,2,BELOW,GIU,XUYEN_THAT,2,false,false,,
LINKUSDT,7,3,2,ABOVE,XUYEN_THAT,XUYEN_THAT,0,true,false,0,false
LINKUSDT,9,17,2,BELOW,PHA_GIA,XUYEN_THAT,1,true,true,0,false
LINKUSDT,10,7,2,ABOVE,GIU,CHAN,3,false,false,,
LINKUSDT,11,2,1,ABOVE,GIU,CHAN,1,false,false,,
LINKUSDT,12,3,1,BELOW,GIU,CHAN,2,false,false,,
LINKUSDT,13,5,2,BELOW,GIU,XUYEN_THAT,3,false,false,,
LINKUSDT,14,44,2,BELOW,GIU,XUYEN_THAT,4,false,false,,
LINKUSDT,15,22,2,BELOW,PHA_GIA,CHAN,4,true,true,7,false
LINKUSDT,16,5,2,ABOVE,PHA_GIA,XUYEN_THAT,1,true,true,7,false
LINKUSDT,17,2,2,ABOVE,XUYEN_THAT,XUYEN_THAT,1,true,false,3,true
LINKUSDT,18,6,2,BELOW,GIU,CHAN,3,false,false,,
LINKUSDT,19,1,1,ABOVE,GIU,CHAN,2,false,false,,
LINKUSDT,20,14,2,ABOVE,XUYEN_THAT,XUYEN_THAT,1,true,false,1,false
LINKUSDT,21,16,2,BELOW,XUYEN_THAT,XUYEN_THAT,3,true,false,4,false
LINKUSDT,22,3,2,BELOW,GIU,CHAN,1,false,false,,
LINKUSDT,23,7,2,BELOW,GIU,XUYEN_THAT,2,false,false,,
LINKUSDT,24,23,2,ABOVE,GIU,XUYEN_THAT,2,false,false,,
LINKUSDT,25,8,2,ABOVE,PHA_GIA,XUYEN_THAT,0,true,true,0,false
LINKUSDT,26,9,2,BELOW,GIU,XUYEN_THAT,1,false,false,,
LINKUSDT,27,9,2,ABOVE,GIU,XUYEN_THAT,3,false,false,,
LINKUSDT,28,2,1,ABOVE,GIU,CHAN,4,false,false,,
LINKUSDT,29,31,2,BELOW,XUYEN_THAT,XUYEN_THAT,2,true,false,1,false
LINKUSDT,30,29,2,BELOW,GIU,XUYEN_THAT,3,false,false,,
LINKUSDT,31,11,2,BELOW,XUYEN_THAT,XUYEN_THAT,4,true,false,6,false
LINKUSDT,32,2,1,ABOVE,GIU,CHAN,1,false,false,,
LINKUSDT,33,5,2,BELOW,PHA_GIA,CHAN,2,true,true,5,false
LINKUSDT,34,5,2,ABOVE,GIU,CHAN,2,false,false,,
LINKUSDT,35,6,2,BELOW,XUYEN_THAT,XUYEN_THAT,0,true,false,1,false
LINKUSDT,36,3,1,BELOW,PHA_GIA,CHAN,3,true,true,7,false
LINKUSDT,37,4,1,ABOVE,GIU,XUYEN_THAT,1,false,false,,
LINKUSDT,38,15,2,BELOW,PHA_GIA,XUYEN_THAT,2,true,true,4,false
LINKUSDT,40,9,2,ABOVE,GIU,XUYEN_THAT,3,false,false,,
LINKUSDT,41,8,2,ABOVE,GIU,XUYEN_THAT,2,false,false,,
LINKUSDT,42,1,1,ABOVE,PHA_GIA,CHAN,1,true,true,1,false
LINKUSDT,43,2,1,ABOVE,PHA_GIA,CHAN,2,true,true,7,false
LINKUSDT,44,8,2,BELOW,PHA_GIA,CHAN,2,true,true,3,false
LINKUSDT,45,6,2,ABOVE,PHA_GIA,XUYEN_THAT,1,true,true,4,false
LINKUSDT,46,8,2,ABOVE,GIU,XUYEN_THAT,1,false,false,,
LINKUSDT,47,3,2,BELOW,GIU,CHAN,2,false,false,,
LINKUSDT,48,3,1,BELOW,GIU,CHAN,2,false,false,,
LINKUSDT,49,8,2,BELOW,GIU,CHAN,2,false,false,,
LINKUSDT,50,9,2,BELOW,GIU,CHAN,2,false,false,,
LINKUSDT,51,10,2,BELOW,PHA_GIA,XUYEN_THAT,4,true,true,3,false
LINKUSDT,52,13,2,ABOVE,GIU,XUYEN_THAT,3,false,false,,
LINKUSDT,53,2,2,BELOW,PHA_GIA,XUYEN_THAT,4,true,true,3,false
LINKUSDT,54,4,2,ABOVE,XUYEN_THAT,XUYEN_THAT,0,true,false,0,false
LINKUSDT,55,2,1,BELOW,PHA_GIA,CHAN,3,true,true,3,false
LINKUSDT,56,6,2,BELOW,PHA_GIA,XUYEN_THAT,2,true,true,1,false
LINKUSDT,57,58,2,BELOW,XUYEN_THAT,XUYEN_THAT,4,true,false,4,false
LINKUSDT,58,10,2,ABOVE,GIU,XUYEN_THAT,2,false,false,,
LINKUSDT,60,10,2,BELOW,GIU,XUYEN_THAT,2,false,false,,
LINKUSDT,62,6,2,ABOVE,PHA_GIA,XUYEN_THAT,3,true,true,2,false
LINKUSDT,64,23,2,BELOW,GIU,XUYEN_THAT,2,false,false,,
LINKUSDT,65,14,2,ABOVE,PHA_GIA,XUYEN_THAT,4,true,true,1,false
LINKUSDT,66,3,2,BELOW,PHA_GIA,XUYEN_THAT,0,true,true,1,false
LINKUSDT,68,5,2,BELOW,PHA_GIA,XUYEN_THAT,1,true,true,1,false
LINKUSDT,69,3,2,ABOVE,GIU,XUYEN_THAT,2,false,false,,
LINKUSDT,70,10,2,ABOVE,XUYEN_THAT,XUYEN_THAT,3,true,false,3,false
LINKUSDT,71,21,2,BELOW,XUYEN_THAT,XUYEN_THAT,1,true,false,4,false
LINKUSDT,74,3,1,BELOW,GIU,CHAN,1,false,false,,
LINKUSDT,75,16,2,ABOVE,PHA_GIA,XUYEN_THAT,1,true,true,2,false
LINKUSDT,76,5,2,BELOW,PHA_GIA,CHAN,2,true,true,1,false
LINKUSDT,77,3,2,ABOVE,PHA_GIA,XUYEN_THAT,1,true,true,0,false
LINKUSDT,78,1,1,BELOW,GIU,CHAN,2,false,false,,
LINKUSDT,79,4,2,ABOVE,XUYEN_THAT,XUYEN_THAT,0,true,false,0,false
LINKUSDT,81,20,2,BELOW,XUYEN_THAT,XUYEN_THAT,2,true,false,3,false
LINKUSDT,82,21,2,BELOW,GIU,XUYEN_THAT,2,false,false,,
LINKUSDT,83,1,1,BELOW,PHA_GIA,CHAN,1,true,true,0,false
LINKUSDT,84,2,2,ABOVE,XUYEN_THAT,XUYEN_THAT,1,true,false,1,true
LINKUSDT,85,1,1,ABOVE,GIU,CHAN,0,false,false,,
LINKUSDT,86,21,2,BELOW,PHA_GIA,XUYEN_THAT,1,true,true,0,false
LINKUSDT,87,18,2,BELOW,GIU,XUYEN_THAT,1,false,false,,
LINKUSDT,88,14,2,ABOVE,GIU,XUYEN_THAT,2,false,false,,
LINKUSDT,89,23,2,BELOW,PHA_GIA,XUYEN_THAT,2,true,true,1,false
LINKUSDT,90,9,2,BELOW,XUYEN_THAT,XUYEN_THAT,3,true,false,6,false
LINKUSDT,91,28,2,ABOVE,PHA_GIA,XUYEN_THAT,2,true,true,4,false
LINKUSDT,92,3,2,BELOW,PHA_GIA,XUYEN_THAT,3,true,true,2,false
LINKUSDT,93,5,1,BELOW,GIU,CHAN,4,false,false,,
LINKUSDT,95,2,1,BELOW,XUYEN_THAT,XUYEN_THAT,2,true,false,7,false
LINKUSDT,96,17,2,ABOVE,PHA_GIA,XUYEN_THAT,3,true,true,1,false
LINKUSDT,97,12,2,ABOVE,GIU,XUYEN_THAT,2,false,false,,
LINKUSDT,98,1,1,ABOVE,GIU,CHAN,1,false,false,,
LINKUSDT,99,9,2,BELOW,GIU,XUYEN_THAT,1,false,false,,
LINKUSDT,100,9,2,BELOW,PHA_GIA,XUYEN_THAT,3,true,true,8,false
LINKUSDT,101,18,2,ABOVE,GIU,XUYEN_THAT,3,false,false,,
LINKUSDT,102,1,1,BELOW,GIU,CHAN,4,false,false,,
LINKUSDT,103,6,2,ABOVE,XUYEN_THAT,XUYEN_THAT,1,true,false,0,false
LINKUSDT,104,2,1,ABOVE,GIU,CHAN,4,false,false,,
LINKUSDT,106,7,1,BELOW,GIU,CHAN,2,false,false,,
LINKUSDT,107,6,2,BELOW,GIU,XUYEN_THAT,2,false,false,,
LINKUSDT,108,3,1,BELOW,GIU,CHAN,4,false,false,,
LINKUSDT,109,1,1,ABOVE,GIU,CHAN,3,false,false,,
LINKUSDT,110,13,2,ABOVE,GIU,XUYEN_THAT,3,false,false,,
LINKUSDT,111,7,2,BELOW,GIU,XUYEN_THAT,1,false,false,,
LINKUSDT,112,11,2,ABOVE,PHA_GIA,XUYEN_THAT,3,true,true,1,false
LINKUSDT,114,20,2,BELOW,GIU,XUYEN_THAT,1,false,false,,
LINKUSDT,115,28,2,ABOVE,XUYEN_THAT,XUYEN_THAT,4,true,false,2,false
LINKUSDT,116,35,2,ABOVE,GIU,XUYEN_THAT,4,false,false,,
LINKUSDT,117,12,2,BELOW,GIU,XUYEN_THAT,3,false,false,,
LINKUSDT,118,4,2,BELOW,GIU,XUYEN_THAT,4,false,false,,
LINKUSDT,120,3,1,ABOVE,GIU,CHAN,4,false,false,,
LINKUSDT,121,19,2,BELOW,PHA_GIA,XUYEN_THAT,2,true,true,1,false
LINKUSDT,122,13,2,BELOW,GIU,CHAN,2,false,false,,
LINKUSDT,124,6,2,ABOVE,PHA_GIA,CHAN,1,true,true,1,false
LINKUSDT,125,7,2,ABOVE,GIU,XUYEN_THAT,3,false,false,,
LINKUSDT,126,7,2,ABOVE,XUYEN_THAT,XUYEN_THAT,1,true,false,5,false
LINKUSDT,128,21,2,BELOW,GIU,XUYEN_THAT,0,false,false,,
LINKUSDT,130,8,2,BELOW,GIU,XUYEN_THAT,3,false,false,,
LINKUSDT,131,3,1,BELOW,GIU,CHAN,3,false,false,,
LINKUSDT,132,1,1,ABOVE,GIU,CHAN,3,false,false,,
LINKUSDT,133,2,2,ABOVE,XUYEN_THAT,XUYEN_THAT,1,true,false,3,false
LINKUSDT,134,27,2,BELOW,PHA_GIA,XUYEN_THAT,1,true,true,1,false
LINKUSDT,135,17,2,BELOW,GIU,CHAN,3,false,false,,
LINKUSDT,136,10,2,ABOVE,XUYEN_THAT,XUYEN_THAT,1,true,false,7,false
LINKUSDT,137,17,2,BELOW,GIU,XUYEN_THAT,2,false,false,,
LINKUSDT,138,22,2,BELOW,XUYEN_THAT,XUYEN_THAT,2,true,false,1,false
LINKUSDT,139,1,1,BELOW,GIU,CHAN,4,false,false,,
LINKUSDT,140,18,2,BELOW,GIU,XUYEN_THAT,2,false,false,,
LINKUSDT,141,22,2,BELOW,GIU,XUYEN_THAT,2,false,false,,
LINKUSDT,142,6,2,ABOVE,XUYEN_THAT,XUYEN_THAT,2,true,false,0,false
LINKUSDT,143,4,1,ABOVE,GIU,XUYEN_THAT,1,false,false,,
LINKUSDT,144,8,2,ABOVE,GIU,XUYEN_THAT,2,false,false,,
LINKUSDT,145,1,1,BELOW,PHA_GIA,CHAN,1,true,true,0,false
LINKUSDT,146,5,2,ABOVE,PHA_GIA,XUYEN_THAT,0,true,true,8,false
LINKUSDT,148,7,2,BELOW,GIU,CHAN,2,false,false,,
LINKUSDT,149,16,2,BELOW,XUYEN_THAT,XUYEN_THAT,1,true,false,4,false
LINKUSDT,150,19,2,BELOW,XUYEN_THAT,XUYEN_THAT,0,true,false,0,false
LINKUSDT,151,27,2,BELOW,PHA_GIA,XUYEN_THAT,1,true,true,3,false
LINKUSDT,152,15,2,ABOVE,GIU,XUYEN_THAT,1,false,false,,
LINKUSDT,153,5,1,BELOW,GIU,CHAN,3,false,false,,
LINKUSDT,154,1,1,BELOW,GIU,CHAN,1,false,false,,
LINKUSDT,155,10,2,BELOW,GIU,XUYEN_THAT,3,false,false,,
LINKUSDT,158,16,2,ABOVE,XUYEN_THAT,XUYEN_THAT,1,true,false,1,false
LINKUSDT,159,11,1,ABOVE,GIU,CHAN,2,false,false,,
LINKUSDT,160,26,2,ABOVE,GIU,CHAN,4,false,false,,
LINKUSDT,161,12,2,ABOVE,GIU,CHAN,4,false,false,,
LINKUSDT,162,22,2,ABOVE,PHA_GIA,XUYEN_THAT,1,true,true,2,false
LINKUSDT,163,5,2,BELOW,GIU,XUYEN_THAT,1,false,false,,
LINKUSDT,164,4,2,BELOW,PHA_GIA,XUYEN_THAT,1,true,true,0,false
LINKUSDT,165,2,2,BELOW,PHA_GIA,XUYEN_THAT,2,true,true,1,false
LINKUSDT,166,2,2,BELOW,XUYEN_THAT,XUYEN_THAT,1,true,false,1,false
LINKUSDT,167,9,2,ABOVE,GIU,XUYEN_THAT,4,false,false,,
LINKUSDT,169,7,2,BELOW,PHA_GIA,CHAN,2,true,true,6,false
LINKUSDT,170,2,2,BELOW,GIU,CHAN,4,false,false,,
LINKUSDT,173,12,2,BELOW,GIU,XUYEN_THAT,1,false,false,,
LINKUSDT,174,10,2,BELOW,XUYEN_THAT,XUYEN_THAT,2,true,false,1,false
LINKUSDT,175,5,2,ABOVE,GIU,XUYEN_THAT,0,false,false,,
LINKUSDT,176,6,2,BELOW,PHA_GIA,XUYEN_THAT,2,true,true,3,false
LINKUSDT,180,12,2,ABOVE,PHA_GIA,XUYEN_THAT,3,true,true,6,false
LINKUSDT,181,30,2,BELOW,XUYEN_THAT,XUYEN_THAT,2,true,false,5,false
LINKUSDT,182,9,2,ABOVE,XUYEN_THAT,XUYEN_THAT,0,true,false,4,false
LINKUSDT,183,45,2,BELOW,PHA_GIA,XUYEN_THAT,2,true,true,4,false
LINKUSDT,185,4,2,BELOW,PHA_GIA,XUYEN_THAT,2,true,true,1,false
LINKUSDT,186,1,1,BELOW,XUYEN_THAT,XUYEN_THAT,1,true,false,2,false
LINKUSDT,187,27,2,BELOW,GIU,XUYEN_THAT,0,false,false,,
LINKUSDT,189,1,1,BELOW,XUYEN_THAT,XUYEN_THAT,1,true,false,1,false
LINKUSDT,191,5,2,BELOW,GIU,XUYEN_THAT,2,false,false,,
LINKUSDT,192,25,2,BELOW,XUYEN_THAT,XUYEN_THAT,2,true,false,5,false
LINKUSDT,193,25,2,ABOVE,XUYEN_THAT,XUYEN_THAT,1,true,false,7,false
LINKUSDT,194,19,2,BELOW,GIU,XUYEN_THAT,2,false,false,,
LINKUSDT,195,29,2,ABOVE,GIU,XUYEN_THAT,2,false,false,,
LINKUSDT,196,6,2,BELOW,XUYEN_THAT,XUYEN_THAT,1,true,false,8,false
LINKUSDT,197,5,2,BELOW,PHA_GIA,XUYEN_THAT,1,true,true,6,false
LINKUSDT,199,3,2,BELOW,XUYEN_THAT,XUYEN_THAT,2,true,false,2,false
LINKUSDT,200,15,2,BELOW,PHA_GIA,XUYEN_THAT,1,true,true,0,false
LINKUSDT,201,8,1,BELOW,GIU,CHAN,1,false,false,,
LINKUSDT,202,1,1,BELOW,GIU,CHAN,2,false,false,,
LINKUSDT,203,10,2,BELOW,GIU,CHAN,2,false,false,,
LINKUSDT,205,21,2,BELOW,PHA_GIA,XUYEN_THAT,2,true,true,5,false
LINKUSDT,206,9,2,ABOVE,GIU,XUYEN_THAT,1,false,false,,
LINKUSDT,207,2,2,BELOW,XUYEN_THAT,XUYEN_THAT,1,true,false,0,false
LINKUSDT,208,3,2,ABOVE,XUYEN_THAT,XUYEN_THAT,2,true,false,3,false
LINKUSDT,209,24,2,BELOW,PHA_GIA,XUYEN_THAT,2,true,true,2,false
LINKUSDT,210,6,2,BELOW,PHA_GIA,XUYEN_THAT,4,true,true,3,false
LINKUSDT,211,3,1,BELOW,GIU,CHAN,3,false,false,,
LINKUSDT,212,2,1,BELOW,GIU,CHAN,3,false,false,,
LINKUSDT,213,4,2,BELOW,PHA_GIA,CHAN,3,true,true,2,false
LINKUSDT,214,18,2,BELOW,GIU,XUYEN_THAT,2,false,false,,
LINKUSDT,216,31,2,BELOW,PHA_GIA,XUYEN_THAT,1,true,true,1,false
LINKUSDT,217,5,2,BELOW,PHA_GIA,XUYEN_THAT,3,true,true,2,false
LINKUSDT,218,23,2,BELOW,PHA_GIA,XUYEN_THAT,2,true,true,8,false
LINKUSDT,219,6,2,BELOW,PHA_GIA,XUYEN_THAT,0,true,true,1,false
LINKUSDT,220,2,2,ABOVE,PHA_GIA,CHAN,1,true,true,0,false
LINKUSDT,221,10,2,BELOW,GIU,XUYEN_THAT,4,false,false,,
LINKUSDT,222,1,1,ABOVE,GIU,CHAN,2,false,false,,
LINKUSDT,223,8,2,ABOVE,PHA_GIA,CHAN,2,true,true,1,false
LINKUSDT,224,4,2,BELOW,GIU,CHAN,4,false,false,,
LINKUSDT,225,5,2,ABOVE,GIU,CHAN,3,false,false,,
LINKUSDT,226,15,2,BELOW,GIU,XUYEN_THAT,2,false,false,,
LINKUSDT,227,7,2,BELOW,PHA_GIA,XUYEN_THAT,3,true,true,5,false
LINKUSDT,230,4,2,ABOVE,XUYEN_THAT,XUYEN_THAT,3,true,false,4,false
LINKUSDT,231,3,2,ABOVE,PHA_GIA,XUYEN_THAT,0,true,true,2,false
LINKUSDT,232,2,1,BELOW,GIU,CHAN,3,false,false,,
LINKUSDT,234,2,1,ABOVE,PHA_GIA,CHAN,1,true,true,3,false
LINKUSDT,235,9,2,ABOVE,XUYEN_THAT,XUYEN_THAT,3,true,false,2,false
LINKUSDT,236,15,2,BELOW,GIU,XUYEN_THAT,1,false,false,,
LINKUSDT,237,6,2,BELOW,PHA_GIA,CHAN,4,true,true,4,false
LINKUSDT,238,4,1,BELOW,GIU,CHAN,2,false,false,,
LINKUSDT,239,7,2,ABOVE,GIU,XUYEN_THAT,2,false,false,,
LINKUSDT,240,1,1,BELOW,GIU,CHAN,1,false,false,,
LINKUSDT,241,54,2,ABOVE,GIU,XUYEN_THAT,2,false,false,,
LINKUSDT,242,2,1,ABOVE,GIU,CHAN,2,false,false,,
LINKUSDT,243,28,2,BELOW,PHA_GIA,XUYEN_THAT,0,true,true,4,false
LINKUSDT,244,2,1,BELOW,PHA_GIA,CHAN,1,true,true,2,false
LINKUSDT,245,17,2,BELOW,PHA_GIA,XUYEN_THAT,1,true,true,0,false
LINKUSDT,248,5,2,ABOVE,GIU,XUYEN_THAT,2,false,false,,
LINKUSDT,249,28,2,BELOW,GIU,XUYEN_THAT,2,false,false,,
LINKUSDT,250,7,2,BELOW,PHA_GIA,XUYEN_THAT,2,true,true,6,false
LINKUSDT,253,2,2,BELOW,PHA_GIA,CHAN,2,true,true,4,false
LINKUSDT,255,22,2,ABOVE,PHA_GIA,XUYEN_THAT,3,true,true,1,false
LINKUSDT,257,17,2,BELOW,GIU,XUYEN_THAT,0,false,false,,
LINKUSDT,258,17,2,ABOVE,PHA_GIA,XUYEN_THAT,0,true,true,0,false
LINKUSDT,259,10,2,ABOVE,GIU,XUYEN_THAT,2,false,false,,
LINKUSDT,260,3,1,BELOW,GIU,CHAN,1,false,false,,
LINKUSDT,261,5,2,ABOVE,PHA_GIA,CHAN,2,true,true,6,false
LINKUSDT,262,5,1,BELOW,GIU,CHAN,1,false,false,,
LINKUSDT,263,6,2,BELOW,GIU,XUYEN_THAT,1,false,false,,
LINKUSDT,264,21,2,ABOVE,PHA_GIA,XUYEN_THAT,2,true,true,6,false
LINKUSDT,265,3,1,BELOW,GIU,CHAN,2,false,false,,
LINKUSDT,266,2,1,ABOVE,GIU,CHAN,2,false,false,,
LINKUSDT,270,19,2,BELOW,XUYEN_THAT,XUYEN_THAT,0,true,false,0,false
LINKUSDT,271,5,2,BELOW,PHA_GIA,XUYEN_THAT,0,true,true,2,false
LINKUSDT,272,16,2,ABOVE,XUYEN_THAT,XUYEN_THAT,0,true,false,0,false
LINKUSDT,274,6,2,BELOW,XUYEN_THAT,XUYEN_THAT,1,true,false,0,false
LINKUSDT,275,4,2,BELOW,GIU,XUYEN_THAT,2,false,false,,
LINKUSDT,279,6,2,ABOVE,XUYEN_THAT,XUYEN_THAT,0,true,false,7,false
LINKUSDT,280,23,2,BELOW,GIU,XUYEN_THAT,3,false,false,,
LINKUSDT,281,10,2,ABOVE,PHA_GIA,XUYEN_THAT,1,true,true,2,false
LINKUSDT,282,2,1,ABOVE,GIU,CHAN,2,false,false,,
LINKUSDT,283,27,2,BELOW,XUYEN_THAT,XUYEN_THAT,3,true,false,2,false
LINKUSDT,284,1,1,BELOW,GIU,CHAN,4,false,false,,
LINKUSDT,286,3,2,ABOVE,XUYEN_THAT,XUYEN_THAT,1,true,false,8,false
LINKUSDT,287,1,1,BELOW,GIU,CHAN,3,false,false,,
LINKUSDT,288,6,2,BELOW,PHA_GIA,CHAN,1,true,true,8,false
LINKUSDT,289,7,1,ABOVE,GIU,XUYEN_THAT,1,false,false,,
LINKUSDT,290,8,2,ABOVE,XUYEN_THAT,XUYEN_THAT,1,true,false,3,false
LINKUSDT,291,6,2,BELOW,GIU,CHAN,1,false,false,,
LINKUSDT,293,2,2,BELOW,PHA_GIA,CHAN,1,true,true,0,false
LINKUSDT,294,6,1,BELOW,GIU,CHAN,2,false,false,,
LINKUSDT,295,28,2,BELOW,XUYEN_THAT,XUYEN_THAT,1,true,false,1,false
LINKUSDT,296,2,2,BELOW,PHA_GIA,CHAN,2,true,true,1,false
LINKUSDT,297,7,2,ABOVE,GIU,XUYEN_THAT,3,false,false,,
LINKUSDT,299,7,2,ABOVE,GIU,CHAN,1,false,false,,
LINKUSDT,300,11,2,ABOVE,XUYEN_THAT,XUYEN_THAT,1,true,false,6,false
LINKUSDT,302,7,2,ABOVE,GIU,XUYEN_THAT,3,false,false,,
LINKUSDT,303,6,1,BELOW,GIU,CHAN,3,false,false,,
LINKUSDT,304,6,2,ABOVE,PHA_GIA,XUYEN_THAT,2,true,true,0,false
LINKUSDT,305,28,2,BELOW,PHA_GIA,XUYEN_THAT,2,true,true,2,false
LINKUSDT,306,10,2,BELOW,GIU,XUYEN_THAT,2,false,false,,
LINKUSDT,307,9,1,BELOW,GIU,XUYEN_THAT,1,false,false,,
LINKUSDT,308,4,1,ABOVE,GIU,CHAN,1,false,false,,
LINKUSDT,309,8,2,ABOVE,GIU,XUYEN_THAT,2,false,false,,
LINKUSDT,310,4,1,BELOW,GIU,XUYEN_THAT,1,false,false,,
LINKUSDT,311,6,2,BELOW,XUYEN_THAT,XUYEN_THAT,1,true,false,1,false
LINKUSDT,312,10,2,BELOW,GIU,CHAN,4,false,false,,
LINKUSDT,314,12,2,BELOW,GIU,XUYEN_THAT,3,false,false,,
LINKUSDT,316,5,2,ABOVE,GIU,CHAN,1,false,false,,
LINKUSDT,317,10,2,BELOW,GIU,XUYEN_THAT,2,false,false,,
LINKUSDT,319,10,2,BELOW,GIU,XUYEN_THAT,1,false,false,,
LINKUSDT,320,12,2,ABOVE,GIU,XUYEN_THAT,0,false,false,,
LINKUSDT,321,1,1,BELOW,GIU,CHAN,2,false,false,,
LINKUSDT,324,5,1,BELOW,GIU,CHAN,2,false,false,,
LINKUSDT,325,15,2,ABOVE,GIU,XUYEN_THAT,2,false,false,,
LINKUSDT,326,4,1,ABOVE,GIU,CHAN,1,false,false,,
LINKUSDT,327,4,2,ABOVE,GIU,XUYEN_THAT,2,false,false,,
LINKUSDT,329,5,2,ABOVE,PHA_GIA,CHAN,2,true,true,2,false
LINKUSDT,330,11,1,BELOW,GIU,CHAN,1,false,false,,
LINKUSDT,331,3,1,BELOW,GIU,CHAN,1,false,false,,
LINKUSDT,332,2,2,BELOW,PHA_GIA,CHAN,2,true,true,2,false
LINKUSDT,333,3,1,ABOVE,GIU,CHAN,1,false,false,,
LINKUSDT,334,1,1,BELOW,GIU,CHAN,3,false,false,,
LINKUSDT,335,8,2,ABOVE,XUYEN_THAT,XUYEN_THAT,0,true,false,6,false
LINKUSDT,336,11,2,BELOW,PHA_GIA,XUYEN_THAT,1,true,true,1,false
LINKUSDT,337,13,2,ABOVE,PHA_GIA,XUYEN_THAT,0,true,true,1,false
LINKUSDT,338,4,2,ABOVE,PHA_GIA,XUYEN_THAT,2,true,true,4,false
LINKUSDT,339,5,2,ABOVE,GIU,XUYEN_THAT,0,false,false,,
LINKUSDT,340,5,2,BELOW,PHA_GIA,CHAN,2,true,true,6,true
LINKUSDT,341,3,2,BELOW,XUYEN_THAT,XUYEN_THAT,1,true,false,1,true
LINKUSDT,342,7,2,ABOVE,PHA_GIA,CHAN,3,true,true,1,false
LINKUSDT,343,9,2,ABOVE,PHA_GIA,XUYEN_THAT,1,true,true,3,false
LINKUSDT,345,8,2,BELOW,XUYEN_THAT,XUYEN_THAT,0,true,false,5,false
LINKUSDT,346,11,2,ABOVE,PHA_GIA,CHAN,4,true,true,6,false
LINKUSDT,348,1,1,BELOW,GIU,CHAN,2,false,false,,
LINKUSDT,349,10,2,ABOVE,XUYEN_THAT,XUYEN_THAT,0,true,false,2,false
LINKUSDT,350,1,1,ABOVE,PHA_GIA,CHAN,0,true,true,1,false
LINKUSDT,352,13,2,BELOW,PHA_GIA,XUYEN_THAT,2,true,true,6,false
LINKUSDT,354,2,1,ABOVE,GIU,CHAN,2,false,false,,
LINKUSDT,355,1,1,ABOVE,GIU,CHAN,0,false,false,,
LINKUSDT,356,14,2,ABOVE,PHA_GIA,XUYEN_THAT,0,true,true,1,false
LINKUSDT,357,6,2,BELOW,PHA_GIA,CHAN,1,true,true,5,false
LINKUSDT,358,4,2,BELOW,GIU,XUYEN_THAT,1,false,false,,
LINKUSDT,359,2,1,BELOW,PHA_GIA,CHAN,1,true,true,2,false
LINKUSDT,360,1,1,ABOVE,GIU,CHAN,2,false,false,,
LINKUSDT,363,43,2,BELOW,PHA_GIA,XUYEN_THAT,1,true,true,3,false
LINKUSDT,364,24,2,ABOVE,XUYEN_THAT,XUYEN_THAT,4,true,false,5,false
LINKUSDT,365,3,1,ABOVE,GIU,CHAN,2,false,false,,
LINKUSDT,367,8,2,BELOW,XUYEN_THAT,XUYEN_THAT,0,true,false,0,false
LINKUSDT,368,14,2,BELOW,GIU,XUYEN_THAT,2,false,false,,
LINKUSDT,370,4,1,BELOW,GIU,CHAN,2,false,false,,
LINKUSDT,371,6,2,ABOVE,XUYEN_THAT,XUYEN_THAT,1,true,false,0,false
LINKUSDT,372,18,2,ABOVE,PHA_GIA,XUYEN_THAT,3,true,true,6,false
LINKUSDT,374,36,2,BELOW,PHA_GIA,XUYEN_THAT,3,true,true,1,false
LINKUSDT,375,8,2,ABOVE,GIU,CHAN,2,false,false,,
LINKUSDT,376,6,2,BELOW,XUYEN_THAT,XUYEN_THAT,1,true,false,0,false
LINKUSDT,378,2,1,BELOW,GIU,CHAN,1,false,false,,
LINKUSDT,379,5,2,BELOW,PHA_GIA,XUYEN_THAT,1,true,true,2,false
LINKUSDT,380,4,1,BELOW,GIU,CHAN,2,false,false,,
LINKUSDT,381,7,2,BELOW,PHA_GIA,XUYEN_THAT,1,true,true,1,false
LINKUSDT,382,11,2,BELOW,PHA_GIA,XUYEN_THAT,2,true,true,1,false
LINKUSDT,383,1,1,BELOW,GIU,CHAN,0,false,false,,
LINKUSDT,385,6,2,ABOVE,PHA_GIA,CHAN,0,true,true,0,false
LINKUSDT,386,2,1,ABOVE,XUYEN_THAT,XUYEN_THAT,1,true,false,4,false
LINKUSDT,387,18,2,BELOW,GIU,XUYEN_THAT,2,false,false,,
LINKUSDT,388,5,2,BELOW,PHA_GIA,XUYEN_THAT,2,true,true,1,false
LINKUSDT,389,5,1,ABOVE,GIU,CHAN,2,false,false,,
LINKUSDT,390,6,2,BELOW,GIU,XUYEN_THAT,3,false,false,,
LINKUSDT,391,14,2,BELOW,PHA_GIA,XUYEN_THAT,1,true,true,0,false
LINKUSDT,394,17,2,ABOVE,PHA_GIA,XUYEN_THAT,3,true,true,5,false
LINKUSDT,395,32,2,BELOW,PHA_GIA,XUYEN_THAT,2,true,true,5,false
LINKUSDT,396,12,2,ABOVE,GIU,XUYEN_THAT,2,false,false,,
LINKUSDT,397,7,2,BELOW,GIU,CHAN,1,false,false,,
LINKUSDT,398,3,1,ABOVE,GIU,CHAN,1,false,false,,
LINKUSDT,400,8,2,BELOW,GIU,XUYEN_THAT,2,false,false,,
LINKUSDT,401,4,2,ABOVE,GIU,XUYEN_THAT,2,false,false,,
LINKUSDT,402,3,1,BELOW,GIU,CHAN,1,false,false,,
LINKUSDT,403,3,2,ABOVE,XUYEN_THAT,XUYEN_THAT,0,true,false,0,false
LINKUSDT,404,10,2,BELOW,GIU,XUYEN_THAT,3,false,false,,
LINKUSDT,405,5,1,BELOW,GIU,CHAN,3,false,false,,
LINKUSDT,406,19,2,BELOW,GIU,CHAN,3,false,false,,
LINKUSDT,407,14,2,BELOW,XUYEN_THAT,XUYEN_THAT,1,true,false,1,false
LINKUSDT,408,18,2,BELOW,GIU,XUYEN_THAT,1,false,false,,
LINKUSDT,409,2,2,BELOW,XUYEN_THAT,XUYEN_THAT,1,true,false,1,false
LINKUSDT,410,5,1,ABOVE,GIU,CHAN,2,false,false,,
LINKUSDT,411,3,2,BELOW,XUYEN_THAT,XUYEN_THAT,1,true,false,1,false
LINKUSDT,412,25,2,BELOW,GIU,XUYEN_THAT,2,false,false,,
LINKUSDT,413,27,2,ABOVE,GIU,XUYEN_THAT,2,false,false,,
LINKUSDT,414,7,2,BELOW,PHA_GIA,XUYEN_THAT,1,true,true,3,false
LINKUSDT,415,5,1,BELOW,GIU,CHAN,1,false,false,,
LINKUSDT,416,4,2,BELOW,XUYEN_THAT,XUYEN_THAT,3,true,false,4,false
LINKUSDT,418,21,2,BELOW,GIU,XUYEN_THAT,2,false,false,,
LINKUSDT,419,2,2,BELOW,PHA_GIA,CHAN,0,true,true,0,false
LINKUSDT,420,18,2,ABOVE,PHA_GIA,XUYEN_THAT,3,true,true,1,false
LINKUSDT,424,29,2,BELOW,GIU,XUYEN_THAT,2,false,false,,
LINKUSDT,426,4,2,BELOW,PHA_GIA,XUYEN_THAT,1,true,true,5,false
LINKUSDT,429,15,2,BELOW,GIU,XUYEN_THAT,2,false,false,,
LINKUSDT,430,3,2,ABOVE,PHA_GIA,CHAN,1,true,true,8,false
LINKUSDT,431,15,2,ABOVE,GIU,XUYEN_THAT,1,false,false,,
LINKUSDT,432,3,2,BELOW,XUYEN_THAT,XUYEN_THAT,1,true,false,1,true
LINKUSDT,433,3,1,ABOVE,GIU,CHAN,2,false,false,,
LINKUSDT,434,14,2,BELOW,GIU,XUYEN_THAT,1,false,false,,
LINKUSDT,435,13,2,BELOW,XUYEN_THAT,XUYEN_THAT,2,true,false,1,false
LINKUSDT,436,2,2,BELOW,PHA_GIA,CHAN,2,true,true,3,false
LINKUSDT,437,1,1,BELOW,GIU,CHAN,2,false,false,,
LINKUSDT,439,15,2,BELOW,GIU,XUYEN_THAT,1,false,false,,
LINKUSDT,440,6,2,ABOVE,PHA_GIA,CHAN,2,true,true,6,false
LINKUSDT,441,1,1,ABOVE,GIU,CHAN,2,false,false,,
LINKUSDT,443,28,2,BELOW,GIU,XUYEN_THAT,2,false,false,,
LINKUSDT,444,2,2,ABOVE,PHA_GIA,CHAN,0,true,true,0,false
LINKUSDT,445,9,2,BELOW,GIU,XUYEN_THAT,1,false,false,,
LINKUSDT,446,1,1,BELOW,GIU,CHAN,2,false,false,,
LINKUSDT,448,8,2,BELOW,GIU,XUYEN_THAT,2,false,false,,
LINKUSDT,449,5,2,ABOVE,PHA_GIA,XUYEN_THAT,1,true,true,0,false
LINKUSDT,450,11,2,BELOW,PHA_GIA,XUYEN_THAT,1,true,true,0,false
LINKUSDT,454,11,2,BELOW,GIU,CHAN,4,false,false,,
LINKUSDT,455,11,2,ABOVE,GIU,XUYEN_THAT,3,false,false,,
LINKUSDT,456,4,2,ABOVE,GIU,CHAN,1,false,false,,
LINKUSDT,457,9,2,ABOVE,GIU,CHAN,2,false,false,,
LINKUSDT,458,26,2,BELOW,GIU,XUYEN_THAT,0,false,false,,
LINKUSDT,459,1,1,BELOW,GIU,CHAN,4,false,false,,
LINKUSDT,462,7,2,BELOW,PHA_GIA,XUYEN_THAT,2,true,true,4,false
LINKUSDT,463,19,2,BELOW,GIU,XUYEN_THAT,2,false,false,,
LINKUSDT,464,1,1,BELOW,PHA_GIA,CHAN,2,true,true,2,false
LINKUSDT,465,2,2,ABOVE,XUYEN_THAT,XUYEN_THAT,1,true,false,3,false
LINKUSDT,466,3,1,BELOW,GIU,CHAN,3,false,false,,
LINKUSDT,467,9,2,ABOVE,XUYEN_THAT,XUYEN_THAT,0,true,false,3,false
LINKUSDT,468,7,2,BELOW,PHA_GIA,XUYEN_THAT,3,true,true,3,false
LINKUSDT,469,6,2,ABOVE,GIU,XUYEN_THAT,2,false,false,,
LINKUSDT,471,5,1,BELOW,GIU,CHAN,3,false,false,,
LINKUSDT,472,22,2,ABOVE,GIU,XUYEN_THAT,2,false,false,,
LINKUSDT,473,40,2,ABOVE,PHA_GIA,XUYEN_THAT,2,true,true,4,false
LINKUSDT,474,2,1,ABOVE,GIU,CHAN,3,false,false,,
LINKUSDT,475,2,1,ABOVE,GIU,CHAN,2,false,false,,
LINKUSDT,476,2,1,ABOVE,GIU,CHAN,2,false,false,,
LINKUSDT,477,4,1,ABOVE,GIU,CHAN,2,false,false,,
LINKUSDT,479,3,1,ABOVE,GIU,CHAN,1,false,false,,
LINKUSDT,480,12,2,BELOW,GIU,XUYEN_THAT,3,false,false,,
LINKUSDT,481,4,2,ABOVE,XUYEN_THAT,XUYEN_THAT,1,true,false,7,false
LINKUSDT,482,4,1,BELOW,GIU,CHAN,1,false,false,,
LINKUSDT,483,7,2,ABOVE,GIU,XUYEN_THAT,2,false,false,,
LINKUSDT,484,1,1,BELOW,GIU,CHAN,4,false,false,,
LINKUSDT,485,2,1,BELOW,GIU,CHAN,2,false,false,,
LINKUSDT,486,5,2,BELOW,GIU,XUYEN_THAT,2,false,false,,
LINKUSDT,487,3,2,BELOW,PHA_GIA,CHAN,1,true,true,1,false
LINKUSDT,488,1,1,BELOW,XUYEN_THAT,XUYEN_THAT,0,true,false,1,false
LINKUSDT,489,13,2,BELOW,GIU,XUYEN_THAT,2,false,false,,
LINKUSDT,490,3,1,ABOVE,GIU,CHAN,4,false,false,,
LINKUSDT,491,8,2,ABOVE,PHA_GIA,XUYEN_THAT,1,true,true,7,false
LINKUSDT,493,5,2,BELOW,PHA_GIA,XUYEN_THAT,2,true,true,6,false
LINKUSDT,494,14,2,ABOVE,PHA_GIA,XUYEN_THAT,2,true,true,2,false
LINKUSDT,495,4,1,ABOVE,GIU,CHAN,3,false,false,,
LINKUSDT,496,6,2,ABOVE,GIU,XUYEN_THAT,2,false,false,,
LINKUSDT,498,8,2,ABOVE,PHA_GIA,XUYEN_THAT,3,true,true,2,false
LINKUSDT,499,8,2,BELOW,GIU,XUYEN_THAT,1,false,false,,
LINKUSDT,500,6,1,ABOVE,GIU,XUYEN_THAT,2,false,false,,
LINKUSDT,501,19,2,BELOW,PHA_GIA,XUYEN_THAT,3,true,true,2,false
LINKUSDT,502,7,2,ABOVE,XUYEN_THAT,XUYEN_THAT,0,true,false,0,false
LINKUSDT,503,11,2,BELOW,PHA_GIA,CHAN,2,true,true,6,false
LINKUSDT,504,4,2,BELOW,PHA_GIA,CHAN,1,true,true,0,false
LINKUSDT,505,11,2,BELOW,XUYEN_THAT,XUYEN_THAT,3,true,false,4,false
LINKUSDT,506,3,2,BELOW,PHA_GIA,CHAN,2,true,true,5,false
LINKUSDT,509,6,2,BELOW,XUYEN_THAT,XUYEN_THAT,1,true,false,0,false
LINKUSDT,510,5,2,ABOVE,PHA_GIA,CHAN,1,true,true,1,false
LINKUSDT,511,9,2,BELOW,GIU,XUYEN_THAT,3,false,false,,
LINKUSDT,512,11,2,ABOVE,XUYEN_THAT,XUYEN_THAT,2,true,false,1,false
LINKUSDT,513,21,2,BELOW,GIU,XUYEN_THAT,3,false,false,,
LINKUSDT,515,3,2,BELOW,PHA_GIA,CHAN,3,true,true,5,false
LINKUSDT,516,4,1,BELOW,GIU,CHAN,3,false,false,,
LINKUSDT,517,22,2,ABOVE,GIU,XUYEN_THAT,4,false,false,,
LINKUSDT,519,24,2,ABOVE,GIU,XUYEN_THAT,1,false,false,,
LINKUSDT,520,5,2,BELOW,XUYEN_THAT,XUYEN_THAT,2,true,false,3,false
LINKUSDT,521,29,2,BELOW,GIU,XUYEN_THAT,2,false,false,,
LINKUSDT,522,4,2,BELOW,PHA_GIA,XUYEN_THAT,1,true,true,0,false
LINKUSDT,523,53,2,ABOVE,XUYEN_THAT,XUYEN_THAT,4,true,false,5,false
LINKUSDT,524,18,2,ABOVE,GIU,XUYEN_THAT,5,false,false,,
LINKUSDT,525,3,2,BELOW,PHA_GIA,XUYEN_THAT,1,true,true,1,false
LINKUSDT,526,7,1,BELOW,GIU,CHAN,2,false,false,,
LINKUSDT,527,30,2,BELOW,XUYEN_THAT,XUYEN_THAT,2,true,false,7,false
LINKUSDT,528,4,2,BELOW,XUYEN_THAT,XUYEN_THAT,2,true,false,7,false
LINKUSDT,529,4,2,ABOVE,GIU,XUYEN_THAT,1,false,false,,
LINKUSDT,531,3,1,BELOW,GIU,CHAN,1,false,false,,
LINKUSDT,532,13,2,ABOVE,GIU,XUYEN_THAT,1,false,false,,
LINKUSDT,533,7,2,BELOW,GIU,XUYEN_THAT,0,false,false,,
LINKUSDT,534,9,2,BELOW,GIU,XUYEN_THAT,1,false,false,,
LINKUSDT,536,6,2,ABOVE,GIU,XUYEN_THAT,1,false,false,,
LINKUSDT,538,9,2,BELOW,PHA_GIA,XUYEN_THAT,1,true,true,1,false
LINKUSDT,539,9,2,BELOW,PHA_GIA,XUYEN_THAT,1,true,true,6,false
LINKUSDT,541,7,2,BELOW,XUYEN_THAT,XUYEN_THAT,1,true,false,2,false
LINKUSDT,542,15,2,BELOW,XUYEN_THAT,XUYEN_THAT,3,true,false,3,false
LINKUSDT,543,7,2,ABOVE,XUYEN_THAT,XUYEN_THAT,1,true,false,7,false
LINKUSDT,544,16,2,BELOW,PHA_GIA,XUYEN_THAT,2,true,true,6,false
LINKUSDT,546,5,2,ABOVE,XUYEN_THAT,XUYEN_THAT,3,true,false,5,false
LINKUSDT,547,33,2,ABOVE,GIU,XUYEN_THAT,3,false,false,,
LINKUSDT,548,1,1,BELOW,GIU,CHAN,3,false,false,,
LINKUSDT,549,1,1,ABOVE,GIU,CHAN,1,false,false,,
LINKUSDT,550,9,2,ABOVE,XUYEN_THAT,XUYEN_THAT,1,true,false,4,false
LINKUSDT,551,1,1,ABOVE,GIU,CHAN,3,false,false,,
LINKUSDT,552,22,2,BELOW,PHA_GIA,XUYEN_THAT,2,true,true,2,false
LINKUSDT,553,1,1,ABOVE,GIU,CHAN,2,false,false,,
LINKUSDT,555,1,1,ABOVE,PHA_GIA,CHAN,2,true,true,2,false
LINKUSDT,556,2,1,BELOW,GIU,CHAN,1,false,false,,
LINKUSDT,558,9,2,BELOW,PHA_GIA,XUYEN_THAT,0,true,true,0,false
LINKUSDT,559,21,2,ABOVE,GIU,XUYEN_THAT,1,false,false,,
LINKUSDT,560,25,2,BELOW,PHA_GIA,XUYEN_THAT,1,true,true,1,false
LINKUSDT,561,7,2,ABOVE,PHA_GIA,XUYEN_THAT,0,true,true,2,false
LINKUSDT,562,7,2,ABOVE,PHA_GIA,XUYEN_THAT,2,true,true,2,false
LINKUSDT,563,43,2,BELOW,GIU,XUYEN_THAT,2,false,false,,
LINKUSDT,564,19,2,BELOW,PHA_GIA,XUYEN_THAT,3,true,true,4,false
LINKUSDT,565,21,2,ABOVE,GIU,XUYEN_THAT,4,false,false,,
LINKUSDT,566,14,2,BELOW,GIU,XUYEN_THAT,3,false,false,,
LINKUSDT,569,11,2,ABOVE,GIU,XUYEN_THAT,2,false,false,,
LINKUSDT,570,36,2,ABOVE,GIU,XUYEN_THAT,2,false,false,,
LINKUSDT,571,10,2,ABOVE,PHA_GIA,CHAN,3,true,true,4,false
LINKUSDT,572,7,2,BELOW,XUYEN_THAT,XUYEN_THAT,3,true,false,3,false
LINKUSDT,573,7,2,ABOVE,GIU,XUYEN_THAT,1,false,false,,
LINKUSDT,574,16,2,BELOW,XUYEN_THAT,XUYEN_THAT,2,true,false,7,false
LINKUSDT,575,17,2,ABOVE,GIU,CHAN,3,false,false,,
LINKUSDT,576,10,1,ABOVE,GIU,CHAN,1,false,false,,
LINKUSDT,578,28,2,BELOW,PHA_GIA,XUYEN_THAT,3,true,true,2,false
LINKUSDT,583,14,2,ABOVE,XUYEN_THAT,XUYEN_THAT,1,true,false,2,true
LINKUSDT,584,22,2,ABOVE,GIU,XUYEN_THAT,1,false,false,,
LINKUSDT,586,11,2,BELOW,XUYEN_THAT,XUYEN_THAT,1,true,false,7,false
LINKUSDT,587,13,2,BELOW,XUYEN_THAT,XUYEN_THAT,2,true,false,2,false
LINKUSDT,590,20,2,BELOW,PHA_GIA,XUYEN_THAT,1,true,true,2,false
LINKUSDT,591,6,2,BELOW,GIU,XUYEN_THAT,3,false,false,,
LINKUSDT,592,4,2,ABOVE,PHA_GIA,XUYEN_THAT,0,true,true,1,false
LINKUSDT,594,12,2,BELOW,GIU,CHAN,1,false,false,,
LINKUSDT,595,14,2,BELOW,PHA_GIA,XUYEN_THAT,1,true,true,3,false
LINKUSDT,596,2,1,BELOW,PHA_GIA,CHAN,0,true,true,0,false
LINKUSDT,598,8,2,BELOW,XUYEN_THAT,XUYEN_THAT,1,true,false,0,false
LINKUSDT,599,14,2,ABOVE,GIU,XUYEN_THAT,1,false,false,,
LINKUSDT,601,1,1,BELOW,PHA_GIA,CHAN,2,true,true,0,false
LINKUSDT,602,21,2,ABOVE,PHA_GIA,XUYEN_THAT,2,true,true,8,false
LINKUSDT,604,2,2,BELOW,PHA_GIA,CHAN,0,true,true,0,false
LINKUSDT,605,6,1,BELOW,GIU,CHAN,1,false,false,,
LINKUSDT,606,2,2,ABOVE,XUYEN_THAT,XUYEN_THAT,0,true,false,1,false
LINKUSDT,607,7,2,ABOVE,GIU,XUYEN_THAT,2,false,false,,
LINKUSDT,608,17,2,BELOW,GIU,XUYEN_THAT,3,false,false,,
LINKUSDT,609,9,2,BELOW,PHA_GIA,XUYEN_THAT,1,true,true,0,false
LINKUSDT,613,2,1,ABOVE,GIU,CHAN,2,false,false,,
LINKUSDT,614,1,1,BELOW,XUYEN_THAT,XUYEN_THAT,0,true,false,0,false
LINKUSDT,615,2,1,BELOW,GIU,CHAN,0,false,false,,
LINKUSDT,616,3,1,ABOVE,PHA_GIA,CHAN,2,true,true,6,false
LINKUSDT,617,24,2,BELOW,GIU,CHAN,2,false,false,,
LINKUSDT,618,8,2,BELOW,PHA_GIA,XUYEN_THAT,1,true,true,5,false
LINKUSDT,619,1,1,ABOVE,XUYEN_THAT,XUYEN_THAT,1,true,false,1,false
LINKUSDT,620,2,1,BELOW,GIU,CHAN,2,false,false,,
LINKUSDT,621,2,1,BELOW,GIU,CHAN,2,false,false,,
LINKUSDT,622,4,2,BELOW,PHA_GIA,CHAN,0,true,true,0,false
LINKUSDT,624,12,2,BELOW,XUYEN_THAT,XUYEN_THAT,3,true,false,3,false
LINKUSDT,625,4,1,BELOW,GIU,CHAN,2,false,false,,
LINKUSDT,626,36,2,BELOW,PHA_GIA,XUYEN_THAT,4,true,true,7,false
LINKUSDT,627,2,1,BELOW,GIU,CHAN,2,false,false,,
LINKUSDT,628,18,2,BELOW,GIU,XUYEN_THAT,2,false,false,,
LINKUSDT,629,12,2,BELOW,GIU,XUYEN_THAT,0,false,false,,
LINKUSDT,630,4,2,ABOVE,GIU,XUYEN_THAT,5,false,false,,
LINKUSDT,631,1,1,ABOVE,GIU,CHAN,1,false,false,,
LINKUSDT,632,9,2,BELOW,GIU,XUYEN_THAT,2,false,false,,
LINKUSDT,634,6,2,BELOW,XUYEN_THAT,XUYEN_THAT,2,true,false,5,false
LINKUSDT,635,19,2,ABOVE,PHA_GIA,XUYEN_THAT,3,true,true,2,false
LINKUSDT,639,1,1,BELOW,PHA_GIA,CHAN,3,true,true,1,false
LINKUSDT,640,1,1,ABOVE,GIU,CHAN,2,false,false,,
LINKUSDT,641,32,2,BELOW,PHA_GIA,XUYEN_THAT,1,true,true,2,false
LINKUSDT,644,1,1,BELOW,GIU,CHAN,1,false,false,,
LINKUSDT,645,9,2,BELOW,GIU,CHAN,2,false,false,,
LINKUSDT,646,2,2,BELOW,XUYEN_THAT,XUYEN_THAT,0,true,false,0,false
LINKUSDT,647,14,2,ABOVE,PHA_GIA,XUYEN_THAT,2,true,true,2,false
LINKUSDT,648,3,2,BELOW,XUYEN_THAT,XUYEN_THAT,4,true,false,3,true
LINKUSDT,649,11,2,BELOW,PHA_GIA,XUYEN_THAT,3,true,true,6,false
LINKUSDT,650,17,2,ABOVE,XUYEN_THAT,XUYEN_THAT,2,true,false,6,false
LINKUSDT,651,2,1,BELOW,GIU,CHAN,3,false,false,,
LINKUSDT,652,2,1,BELOW,GIU,CHAN,2,false,false,,
LINKUSDT,653,1,1,ABOVE,XUYEN_THAT,XUYEN_THAT,1,true,false,1,false
LINKUSDT,655,2,1,ABOVE,GIU,CHAN,3,false,false,,
LINKUSDT,656,21,2,ABOVE,GIU,XUYEN_THAT,1,false,false,,
LINKUSDT,657,13,2,BELOW,XUYEN_THAT,XUYEN_THAT,2,true,false,1,false
LINKUSDT,658,2,1,BELOW,GIU,CHAN,2,false,false,,
LINKUSDT,659,1,1,ABOVE,GIU,CHAN,0,false,false,,
LINKUSDT,660,10,2,BELOW,GIU,XUYEN_THAT,3,false,false,,
LINKUSDT,662,9,2,BELOW,GIU,XUYEN_THAT,1,false,false,,
LINKUSDT,663,5,2,ABOVE,XUYEN_THAT,XUYEN_THAT,3,true,false,0,false
LINKUSDT,664,5,2,BELOW,XUYEN_THAT,XUYEN_THAT,0,true,false,0,false
LINKUSDT,665,2,1,BELOW,GIU,CHAN,2,false,false,,
LINKUSDT,666,4,1,BELOW,GIU,CHAN,2,false,false,,
LINKUSDT,668,26,2,BELOW,XUYEN_THAT,XUYEN_THAT,0,true,false,0,false
LINKUSDT,669,20,2,BELOW,GIU,XUYEN_THAT,3,false,false,,
LINKUSDT,670,16,2,ABOVE,PHA_GIA,XUYEN_THAT,1,true,true,0,false
LINKUSDT,671,10,2,BELOW,GIU,XUYEN_THAT,3,false,false,,
LINKUSDT,672,4,2,BELOW,GIU,XUYEN_THAT,2,false,false,,
LINKUSDT,673,3,1,ABOVE,GIU,CHAN,3,false,false,,
LINKUSDT,674,7,2,ABOVE,PHA_GIA,XUYEN_THAT,2,true,true,3,false
LINKUSDT,675,10,2,ABOVE,PHA_GIA,XUYEN_THAT,1,true,true,0,false
LINKUSDT,676,28,2,BELOW,XUYEN_THAT,XUYEN_THAT,3,true,false,1,false
LINKUSDT,677,24,2,ABOVE,GIU,XUYEN_THAT,2,false,false,,
LINKUSDT,678,3,1,BELOW,GIU,XUYEN_THAT,4,false,false,,
LINKUSDT,679,12,2,ABOVE,PHA_GIA,XUYEN_THAT,2,true,true,7,false
LINKUSDT,680,2,1,ABOVE,GIU,CHAN,2,false,false,,
LINKUSDT,681,10,2,BELOW,PHA_GIA,XUYEN_THAT,2,true,true,4,false
LINKUSDT,682,2,2,ABOVE,PHA_GIA,CHAN,2,true,true,1,false
LINKUSDT,683,16,2,ABOVE,XUYEN_THAT,XUYEN_THAT,1,true,false,0,false
LINKUSDT,684,21,2,BELOW,GIU,XUYEN_THAT,3,false,false,,
LINKUSDT,685,4,2,BELOW,XUYEN_THAT,XUYEN_THAT,1,true,false,4,true
LINKUSDT,686,2,1,BELOW,GIU,CHAN,1,false,false,,
LINKUSDT,687,1,1,BELOW,GIU,CHAN,2,false,false,,
LINKUSDT,688,1,1,ABOVE,GIU,CHAN,3,false,false,,
LINKUSDT,689,14,2,BELOW,XUYEN_THAT,XUYEN_THAT,2,true,false,0,false
LINKUSDT,690,12,2,BELOW,GIU,XUYEN_THAT,2,false,false,,
LINKUSDT,691,3,2,ABOVE,XUYEN_THAT,XUYEN_THAT,3,true,false,2,false
LINKUSDT,694,39,2,ABOVE,GIU,XUYEN_THAT,3,false,false,,
LINKUSDT,695,7,2,BELOW,PHA_GIA,XUYEN_THAT,1,true,true,0,false
LINKUSDT,696,11,2,ABOVE,PHA_GIA,XUYEN_THAT,3,true,true,3,false
LINKUSDT,697,10,2,BELOW,GIU,XUYEN_THAT,3,false,false,,
LINKUSDT,698,8,2,BELOW,PHA_GIA,XUYEN_THAT,4,true,true,3,false
LINKUSDT,699,14,2,BELOW,GIU,XUYEN_THAT,4,false,false,,
LINKUSDT,700,29,2,ABOVE,PHA_GIA,XUYEN_THAT,1,true,true,3,false
LINKUSDT,701,45,2,ABOVE,GIU,XUYEN_THAT,1,false,false,,
LINKUSDT,702,12,2,BELOW,PHA_GIA,XUYEN_THAT,2,true,true,1,false
LINKUSDT,703,4,2,BELOW,XUYEN_THAT,XUYEN_THAT,2,true,false,0,false
LINKUSDT,704,5,2,ABOVE,GIU,XUYEN_THAT,1,false,false,,
LINKUSDT,705,3,2,ABOVE,XUYEN_THAT,XUYEN_THAT,1,true,false,5,false
LINKUSDT,707,3,2,ABOVE,PHA_GIA,XUYEN_THAT,1,true,true,2,false
LINKUSDT,708,6,2,ABOVE,PHA_GIA,CHAN,1,true,true,8,false
LINKUSDT,709,4,2,ABOVE,GIU,XUYEN_THAT,2,false,false,,
LINKUSDT,710,33,2,ABOVE,GIU,XUYEN_THAT,4,false,false,,
LINKUSDT,711,2,1,ABOVE,GIU,CHAN,1,false,false,,
LINKUSDT,712,4,2,ABOVE,XUYEN_THAT,XUYEN_THAT,0,true,false,2,false
LINKUSDT,713,4,2,BELOW,PHA_GIA,CHAN,3,true,true,8,false
LINKUSDT,714,13,2,BELOW,GIU,CHAN,1,false,false,,
LINKUSDT,715,13,2,BELOW,XUYEN_THAT,XUYEN_THAT,3,true,false,2,false
LINKUSDT,716,20,2,ABOVE,PHA_GIA,XUYEN_THAT,1,true,true,1,false
LINKUSDT,718,14,2,ABOVE,GIU,XUYEN_THAT,1,false,false,,
LINKUSDT,719,1,1,BELOW,GIU,CHAN,2,false,false,,
LINKUSDT,720,10,2,BELOW,GIU,CHAN,2,false,false,,
LINKUSDT,721,4,1,BELOW,GIU,CHAN,4,false,false,,
LINKUSDT,722,21,2,BELOW,GIU,XUYEN_THAT,3,false,false,,
LINKUSDT,723,2,1,ABOVE,PHA_GIA,CHAN,2,true,true,2,false
LINKUSDT,724,1,1,BELOW,GIU,CHAN,2,false,false,,
LINKUSDT,725,8,2,ABOVE,XUYEN_THAT,XUYEN_THAT,2,true,false,4,false
LINKUSDT,726,19,2,BELOW,GIU,XUYEN_THAT,2,false,false,,
LINKUSDT,728,5,2,BELOW,GIU,XUYEN_THAT,1,false,false,,
LINKUSDT,729,1,1,BELOW,GIU,CHAN,2,false,false,,
LINKUSDT,730,9,2,BELOW,PHA_GIA,XUYEN_THAT,0,true,true,7,false
LINKUSDT,731,14,2,BELOW,XUYEN_THAT,XUYEN_THAT,2,true,false,5,false
LINKUSDT,732,7,2,ABOVE,PHA_GIA,XUYEN_THAT,3,true,true,6,false
LINKUSDT,733,16,2,ABOVE,GIU,XUYEN_THAT,2,false,false,,
LINKUSDT,734,10,2,BELOW,XUYEN_THAT,XUYEN_THAT,0,true,false,0,false
LINKUSDT,735,14,2,BELOW,PHA_GIA,XUYEN_THAT,1,true,true,1,false
LINKUSDT,736,8,2,BELOW,XUYEN_THAT,XUYEN_THAT,3,true,false,1,false
LINKUSDT,737,26,2,ABOVE,GIU,XUYEN_THAT,3,false,false,,
LINKUSDT,738,24,2,BELOW,XUYEN_THAT,XUYEN_THAT,0,true,false,4,false
LINKUSDT,741,35,2,ABOVE,GIU,XUYEN_THAT,2,false,false,,
LINKUSDT,742,4,2,ABOVE,XUYEN_THAT,XUYEN_THAT,2,true,false,1,false
LINKUSDT,743,14,2,ABOVE,XUYEN_THAT,XUYEN_THAT,2,true,false,8,false
LINKUSDT,745,3,1,ABOVE,GIU,CHAN,2,false,false,,
LINKUSDT,748,5,2,ABOVE,PHA_GIA,XUYEN_THAT,0,true,true,1,false
LINKUSDT,749,6,2,BELOW,GIU,XUYEN_THAT,3,false,false,,
LINKUSDT,750,4,2,BELOW,XUYEN_THAT,XUYEN_THAT,1,true,false,4,false
LINKUSDT,752,1,1,BELOW,GIU,CHAN,2,false,false,,
LINKUSDT,753,5,1,BELOW,GIU,CHAN,2,false,false,,
LINKUSDT,754,3,2,ABOVE,PHA_GIA,XUYEN_THAT,4,true,true,8,false
LINKUSDT,756,23,2,ABOVE,GIU,XUYEN_THAT,1,false,false,,
LINKUSDT,757,13,2,BELOW,GIU,CHAN,5,false,false,,
LINKUSDT,758,15,2,BELOW,XUYEN_THAT,XUYEN_THAT,2,true,false,0,false
LINKUSDT,759,5,2,BELOW,PHA_GIA,XUYEN_THAT,2,true,true,3,true
LINKUSDT,760,20,2,ABOVE,XUYEN_THAT,XUYEN_THAT,2,true,false,1,false
LINKUSDT,761,5,1,ABOVE,GIU,CHAN,1,false,false,,
LINKUSDT,762,3,1,BELOW,GIU,CHAN,2,false,false,,
LINKUSDT,763,3,2,BELOW,PHA_GIA,XUYEN_THAT,0,true,true,0,false
LINKUSDT,764,14,2,BELOW,GIU,CHAN,4,false,false,,
LINKUSDT,765,1,1,ABOVE,GIU,CHAN,2,false,false,,
LINKUSDT,766,7,2,ABOVE,GIU,XUYEN_THAT,1,false,false,,
LINKUSDT,767,18,2,BELOW,GIU,XUYEN_THAT,1,false,false,,
LINKUSDT,768,10,2,ABOVE,GIU,XUYEN_THAT,2,false,false,,
LINKUSDT,769,13,2,BELOW,PHA_GIA,XUYEN_THAT,2,true,true,8,false
LINKUSDT,770,10,2,BELOW,PHA_GIA,XUYEN_THAT,1,true,true,0,false
LINKUSDT,771,9,2,BELOW,GIU,XUYEN_THAT,2,false,false,,
LINKUSDT,772,6,1,BELOW,GIU,CHAN,2,false,false,,
LINKUSDT,773,17,2,ABOVE,GIU,XUYEN_THAT,4,false,false,,
LINKUSDT,774,7,2,BELOW,XUYEN_THAT,XUYEN_THAT,2,true,false,8,false
LINKUSDT,777,3,2,ABOVE,PHA_GIA,XUYEN_THAT,3,true,true,3,false
LINKUSDT,778,3,2,BELOW,XUYEN_THAT,XUYEN_THAT,2,true,false,1,false
LINKUSDT,779,4,1,BELOW,GIU,CHAN,3,false,false,,
LINKUSDT,781,1,1,BELOW,GIU,CHAN,1,false,false,,
LINKUSDT,782,11,2,ABOVE,PHA_GIA,XUYEN_THAT,0,true,true,5,false
LINKUSDT,783,11,2,BELOW,XUYEN_THAT,XUYEN_THAT,3,true,false,0,false
LINKUSDT,785,6,2,ABOVE,XUYEN_THAT,XUYEN_THAT,1,true,false,1,false
LINKUSDT,786,14,2,BELOW,PHA_GIA,XUYEN_THAT,1,true,true,2,false
LINKUSDT,787,4,2,BELOW,PHA_GIA,XUYEN_THAT,2,true,true,2,false
LINKUSDT,788,2,2,ABOVE,PHA_GIA,CHAN,1,true,true,0,false
LINKUSDT,789,2,1,BELOW,PHA_GIA,CHAN,3,true,true,4,false
LINKUSDT,790,10,2,ABOVE,PHA_GIA,CHAN,3,true,true,4,false
LINKUSDT,791,5,2,BELOW,XUYEN_THAT,XUYEN_THAT,3,true,false,8,false
LINKUSDT,792,3,2,ABOVE,PHA_GIA,XUYEN_THAT,0,true,true,0,false
LINKUSDT,793,2,1,ABOVE,GIU,CHAN,0,false,false,,
LINKUSDT,795,6,2,ABOVE,GIU,XUYEN_THAT,1,false,false,,
LINKUSDT,796,10,2,BELOW,PHA_GIA,XUYEN_THAT,2,true,true,1,false
LINKUSDT,797,42,2,ABOVE,GIU,XUYEN_THAT,1,false,false,,
LINKUSDT,798,3,2,BELOW,PHA_GIA,XUYEN_THAT,3,true,true,1,false
LINKUSDT,799,11,1,BELOW,GIU,CHAN,3,false,false,,
LINKUSDT,800,5,1,BELOW,GIU,CHAN,3,false,false,,
LINKUSDT,802,17,2,ABOVE,PHA_GIA,XUYEN_THAT,1,true,true,7,false
LINKUSDT,803,3,2,BELOW,PHA_GIA,CHAN,3,true,true,0,false
LINKUSDT,804,9,2,ABOVE,XUYEN_THAT,XUYEN_THAT,1,true,false,3,true
LINKUSDT,806,19,2,BELOW,GIU,CHAN,3,false,false,,
LINKUSDT,810,9,2,BELOW,GIU,XUYEN_THAT,1,false,false,,
LINKUSDT,811,10,2,BELOW,GIU,XUYEN_THAT,1,false,false,,
LINKUSDT,812,9,2,BELOW,GIU,XUYEN_THAT,4,false,false,,
LINKUSDT,813,9,1,ABOVE,GIU,CHAN,2,false,false,,
LINKUSDT,814,9,2,ABOVE,PHA_GIA,XUYEN_THAT,2,true,true,1,false
LINKUSDT,815,8,2,ABOVE,GIU,XUYEN_THAT,0,false,false,,
LINKUSDT,816,6,2,BELOW,PHA_GIA,CHAN,3,true,true,4,false
LINKUSDT,818,18,2,ABOVE,GIU,XUYEN_THAT,1,false,false,,
LINKUSDT,819,12,2,BELOW,PHA_GIA,XUYEN_THAT,2,true,true,1,false
LINKUSDT,820,5,2,ABOVE,PHA_GIA,XUYEN_THAT,1,true,true,4,false
LINKUSDT,821,32,2,BELOW,XUYEN_THAT,XUYEN_THAT,1,true,false,0,false
LINKUSDT,822,14,2,BELOW,GIU,XUYEN_THAT,2,false,false,,
LINKUSDT,823,3,2,ABOVE,XUYEN_THAT,XUYEN_THAT,4,true,false,5,false
LINKUSDT,824,6,2,BELOW,GIU,XUYEN_THAT,1,false,false,,
LINKUSDT,825,11,2,BELOW,PHA_GIA,XUYEN_THAT,3,true,true,6,false
LINKUSDT,826,25,2,BELOW,PHA_GIA,XUYEN_THAT,4,true,true,7,false
LINKUSDT,827,10,2,BELOW,GIU,CHAN,1,false,false,,
LINKUSDT,828,2,2,ABOVE,PHA_GIA,CHAN,1,true,true,0,false
LINKUSDT,830,8,1,ABOVE,GIU,CHAN,3,false,false,,
LINKUSDT,831,5,2,ABOVE,GIU,XUYEN_THAT,1,false,false,,
LINKUSDT,832,40,2,BELOW,XUYEN_THAT,XUYEN_THAT,1,true,false,6,false
LINKUSDT,833,6,2,ABOVE,XUYEN_THAT,XUYEN_THAT,4,true,false,5,false
LINKUSDT,834,8,2,ABOVE,GIU,XUYEN_THAT,2,false,false,,
LINKUSDT,835,6,1,ABOVE,GIU,CHAN,3,false,false,,
LINKUSDT,836,17,2,ABOVE,PHA_GIA,XUYEN_THAT,0,true,true,1,false
LINKUSDT,837,10,2,BELOW,PHA_GIA,XUYEN_THAT,3,true,true,3,false
LINKUSDT,838,2,1,ABOVE,XUYEN_THAT,XUYEN_THAT,2,true,false,3,true
LINKUSDT,839,5,2,BELOW,GIU,CHAN,2,false,false,,
LINKUSDT,840,10,2,BELOW,GIU,XUYEN_THAT,1,false,false,,
LINKUSDT,841,6,2,ABOVE,XUYEN_THAT,XUYEN_THAT,1,true,false,2,false
LINKUSDT,843,25,2,BELOW,GIU,XUYEN_THAT,1,false,false,,
LINKUSDT,844,17,2,ABOVE,XUYEN_THAT,XUYEN_THAT,1,true,false,2,false
LINKUSDT,845,3,1,BELOW,PHA_GIA,CHAN,1,true,true,4,false
LINKUSDT,846,18,2,BELOW,GIU,XUYEN_THAT,1,false,false,,
LINKUSDT,847,11,2,BELOW,XUYEN_THAT,XUYEN_THAT,1,true,false,3,false
LINKUSDT,848,15,2,ABOVE,GIU,XUYEN_THAT,3,false,false,,
LINKUSDT,849,2,1,BELOW,GIU,CHAN,3,false,false,,
LINKUSDT,851,9,2,BELOW,XUYEN_THAT,XUYEN_THAT,2,true,false,4,false
LINKUSDT,852,17,2,BELOW,XUYEN_THAT,XUYEN_THAT,1,true,false,2,false
LINKUSDT,853,15,2,ABOVE,XUYEN_THAT,XUYEN_THAT,1,true,false,2,false
LINKUSDT,854,6,2,ABOVE,XUYEN_THAT,XUYEN_THAT,3,true,false,3,false
LINKUSDT,855,7,2,ABOVE,GIU,CHAN,1,false,false,,
LINKUSDT,856,10,2,BELOW,PHA_GIA,XUYEN_THAT,2,true,true,1,false
LINKUSDT,857,1,1,ABOVE,GIU,CHAN,3,false,false,,
LINKUSDT,858,21,2,ABOVE,GIU,XUYEN_THAT,1,false,false,,
LINKUSDT,859,25,2,BELOW,GIU,XUYEN_THAT,4,false,false,,
LINKUSDT,861,6,2,BELOW,PHA_GIA,XUYEN_THAT,1,true,true,3,false
LINKUSDT,862,15,2,BELOW,GIU,XUYEN_THAT,2,false,false,,
LINKUSDT,864,3,2,BELOW,PHA_GIA,XUYEN_THAT,2,true,true,2,false
LINKUSDT,865,2,2,BELOW,PHA_GIA,CHAN,2,true,true,1,false
LINKUSDT,867,19,2,BELOW,PHA_GIA,XUYEN_THAT,3,true,true,7,false
LINKUSDT,868,1,1,BELOW,GIU,CHAN,4,false,false,,
LINKUSDT,869,4,2,BELOW,GIU,CHAN,3,false,false,,
LINKUSDT,870,1,1,BELOW,GIU,CHAN,1,false,false,,
LINKUSDT,871,2,1,ABOVE,GIU,CHAN,2,false,false,,
LINKUSDT,872,13,2,BELOW,GIU,XUYEN_THAT,2,false,false,,
LINKUSDT,873,27,2,ABOVE,PHA_GIA,XUYEN_THAT,0,true,true,0,false
LINKUSDT,874,4,1,ABOVE,GIU,CHAN,3,false,false,,
LINKUSDT,875,5,2,BELOW,XUYEN_THAT,XUYEN_THAT,0,true,false,1,false
LINKUSDT,876,1,1,BELOW,GIU,CHAN,3,false,false,,
LINKUSDT,877,10,2,BELOW,PHA_GIA,XUYEN_THAT,2,true,true,3,false
LINKUSDT,879,3,2,ABOVE,PHA_GIA,CHAN,1,true,true,2,false
LINKUSDT,884,10,2,BELOW,PHA_GIA,CHAN,1,true,true,0,false
LINKUSDT,885,4,2,ABOVE,XUYEN_THAT,XUYEN_THAT,0,true,false,0,false
LINKUSDT,886,9,2,ABOVE,XUYEN_THAT,XUYEN_THAT,3,true,false,7,false
LINKUSDT,887,12,2,BELOW,XUYEN_THAT,XUYEN_THAT,3,true,false,6,false
LINKUSDT,888,2,1,BELOW,GIU,CHAN,1,false,false,,
LINKUSDT,889,5,2,BELOW,GIU,CHAN,3,false,false,,
LINKUSDT,890,3,2,ABOVE,PHA_GIA,XUYEN_THAT,3,true,true,6,false
LINKUSDT,891,24,2,ABOVE,GIU,CHAN,2,false,false,,
LINKUSDT,892,1,1,ABOVE,PHA_GIA,CHAN,1,true,true,0,false
LINKUSDT,893,6,2,BELOW,GIU,XUYEN_THAT,1,false,false,,
LINKUSDT,896,3,1,ABOVE,GIU,CHAN,1,false,false,,
LINKUSDT,897,7,2,ABOVE,XUYEN_THAT,XUYEN_THAT,2,true,false,5,false
LINKUSDT,898,23,2,ABOVE,XUYEN_THAT,XUYEN_THAT,1,true,false,1,false
LINKUSDT,901,3,2,ABOVE,PHA_GIA,CHAN,1,true,true,3,false
LINKUSDT,903,2,1,ABOVE,GIU,XUYEN_THAT,1,false,false,,
LINKUSDT,905,1,1,ABOVE,GIU,CHAN,1,false,false,,
LINKUSDT,907,9,2,ABOVE,GIU,XUYEN_THAT,2,false,false,,
LINKUSDT,908,7,2,BELOW,GIU,CHAN,3,false,false,,
LINKUSDT,909,22,2,ABOVE,GIU,XUYEN_THAT,2,false,false,,
LINKUSDT,911,9,1,BELOW,GIU,CHAN,2,false,false,,
LINKUSDT,912,5,1,ABOVE,GIU,CHAN,3,false,false,,
LINKUSDT,913,13,2,ABOVE,XUYEN_THAT,XUYEN_THAT,2,true,false,1,false
LINKUSDT,914,21,2,ABOVE,PHA_GIA,XUYEN_THAT,2,true,true,0,false
LINKUSDT,915,14,2,BELOW,PHA_GIA,XUYEN_THAT,2,true,true,6,false
LINKUSDT,916,8,2,ABOVE,PHA_GIA,XUYEN_THAT,2,true,true,1,false
LINKUSDT,917,1,1,ABOVE,GIU,CHAN,1,false,false,,
LINKUSDT,919,12,2,ABOVE,GIU,CHAN,2,false,false,,
LINKUSDT,920,4,2,BELOW,PHA_GIA,CHAN,1,true,true,0,false
LINKUSDT,921,5,2,ABOVE,PHA_GIA,XUYEN_THAT,3,true,true,5,false
LINKUSDT,922,28,2,BELOW,GIU,XUYEN_THAT,3,false,false,,
LINKUSDT,923,1,1,ABOVE,GIU,CHAN,4,false,false,,
LINKUSDT,924,2,2,ABOVE,PHA_GIA,CHAN,3,true,true,3,false
LINKUSDT,925,8,2,ABOVE,GIU,XUYEN_THAT,1,false,false,,
LINKUSDT,926,6,2,BELOW,PHA_GIA,XUYEN_THAT,1,true,true,3,false
LINKUSDT,927,8,2,BELOW,PHA_GIA,XUYEN_THAT,1,true,true,0,false
LINKUSDT,928,5,2,ABOVE,XUYEN_THAT,XUYEN_THAT,2,true,false,4,false
LINKUSDT,929,9,2,ABOVE,XUYEN_THAT,XUYEN_THAT,2,true,false,6,false
LINKUSDT,930,13,2,BELOW,GIU,CHAN,3,false,false,,
LINKUSDT,931,22,2,BELOW,GIU,XUYEN_THAT,2,false,false,,
LINKUSDT,932,3,1,ABOVE,GIU,CHAN,3,false,false,,
LINKUSDT,933,5,2,BELOW,PHA_GIA,CHAN,2,true,true,7,false
LINKUSDT,934,5,2,ABOVE,PHA_GIA,XUYEN_THAT,0,true,true,1,false
LINKUSDT,936,16,2,ABOVE,GIU,XUYEN_THAT,1,false,false,,
LINKUSDT,937,13,1,BELOW,GIU,CHAN,2,false,false,,
LINKUSDT,938,2,1,BELOW,GIU,CHAN,1,false,false,,
LINKUSDT,940,14,2,BELOW,PHA_GIA,XUYEN_THAT,3,true,true,1,false
LINKUSDT,941,8,2,ABOVE,XUYEN_THAT,XUYEN_THAT,1,true,false,0,false
LINKUSDT,942,6,1,BELOW,GIU,CHAN,0,false,false,,
LINKUSDT,943,1,1,BELOW,GIU,CHAN,1,false,false,,
LINKUSDT,946,3,2,ABOVE,PHA_GIA,XUYEN_THAT,1,true,true,1,false
LINKUSDT,947,33,2,ABOVE,PHA_GIA,XUYEN_THAT,1,true,true,6,false
LINKUSDT,948,14,2,BELOW,XUYEN_THAT,XUYEN_THAT,3,true,false,3,false
LINKUSDT,949,7,2,ABOVE,GIU,XUYEN_THAT,2,false,false,,
LINKUSDT,952,6,2,BELOW,PHA_GIA,XUYEN_THAT,2,true,true,1,false
LINKUSDT,953,12,2,ABOVE,GIU,XUYEN_THAT,3,false,false,,
LINKUSDT,954,1,1,BELOW,GIU,CHAN,1,false,false,,
LINKUSDT,955,23,2,ABOVE,GIU,XUYEN_THAT,1,false,false,,
LINKUSDT,956,12,2,ABOVE,GIU,XUYEN_THAT,1,false,false,,
LINKUSDT,958,13,2,ABOVE,XUYEN_THAT,XUYEN_THAT,1,true,false,4,false
LINKUSDT,959,7,2,BELOW,PHA_GIA,XUYEN_THAT,0,true,true,0,false
LINKUSDT,961,17,2,BELOW,GIU,XUYEN_THAT,1,false,false,,
LINKUSDT,962,6,2,ABOVE,PHA_GIA,XUYEN_THAT,1,true,true,1,false
LINKUSDT,964,5,2,BELOW,PHA_GIA,CHAN,2,true,true,3,false
LINKUSDT,965,8,2,ABOVE,GIU,XUYEN_THAT,2,false,false,,
LINKUSDT,966,6,1,BELOW,GIU,CHAN,3,false,false,,
LINKUSDT,968,2,1,BELOW,PHA_GIA,CHAN,1,true,true,8,false
LINKUSDT,969,18,2,BELOW,XUYEN_THAT,XUYEN_THAT,1,true,false,5,false
LINKUSDT,970,15,2,BELOW,XUYEN_THAT,XUYEN_THAT,1,true,false,0,false
LINKUSDT,971,10,2,BELOW,XUYEN_THAT,XUYEN_THAT,1,true,false,6,false
LINKUSDT,972,8,2,ABOVE,GIU,XUYEN_THAT,1,false,false,,
LINKUSDT,973,2,2,BELOW,PHA_GIA,XUYEN_THAT,3,true,true,1,false
LINKUSDT,974,2,2,ABOVE,XUYEN_THAT,XUYEN_THAT,3,true,false,5,false
LINKUSDT,975,8,2,ABOVE,XUYEN_THAT,XUYEN_THAT,0,true,false,0,false
LINKUSDT,976,8,2,ABOVE,PHA_GIA,XUYEN_THAT,1,true,true,0,false
LINKUSDT,977,1,1,BELOW,GIU,CHAN,2,false,false,,
LINKUSDT,978,32,2,ABOVE,XUYEN_THAT,XUYEN_THAT,1,true,false,4,false
LINKUSDT,979,9,2,BELOW,XUYEN_THAT,XUYEN_THAT,2,true,false,0,false
LINKUSDT,980,33,2,ABOVE,XUYEN_THAT,XUYEN_THAT,2,true,false,5,false
LINKUSDT,981,22,2,BELOW,GIU,XUYEN_THAT,1,false,false,,
SUIUSDT,0,1,1,BELOW,GIU,CHAN,2,false,false,,
SUIUSDT,2,2,1,ABOVE,XUYEN_THAT,XUYEN_THAT,0,true,false,3,false
SUIUSDT,3,12,1,ABOVE,GIU,CHAN,2,false,false,,
SUIUSDT,5,5,2,BELOW,PHA_GIA,CHAN,3,true,true,5,false
SUIUSDT,7,3,1,BELOW,GIU,CHAN,2,false,false,,
SUIUSDT,9,2,1,BELOW,XUYEN_THAT,XUYEN_THAT,3,true,false,2,false
SUIUSDT,11,17,2,BELOW,GIU,XUYEN_THAT,3,false,false,,
SUIUSDT,12,13,2,BELOW,XUYEN_THAT,XUYEN_THAT,1,true,false,5,false
SUIUSDT,13,8,2,BELOW,XUYEN_THAT,XUYEN_THAT,4,true,false,3,false
SUIUSDT,14,14,2,ABOVE,GIU,XUYEN_THAT,1,false,false,,
SUIUSDT,15,2,2,BELOW,XUYEN_THAT,XUYEN_THAT,1,true,false,0,false
SUIUSDT,16,5,2,BELOW,XUYEN_THAT,XUYEN_THAT,3,true,false,4,false
SUIUSDT,19,5,1,BELOW,GIU,CHAN,0,false,false,,
SUIUSDT,20,7,2,ABOVE,XUYEN_THAT,XUYEN_THAT,2,true,false,1,false
SUIUSDT,21,12,2,BELOW,PHA_GIA,XUYEN_THAT,2,true,true,3,false
SUIUSDT,23,6,2,BELOW,PHA_GIA,CHAN,0,true,true,0,false
SUIUSDT,24,14,2,BELOW,GIU,XUYEN_THAT,1,false,false,,
SUIUSDT,26,15,2,ABOVE,XUYEN_THAT,XUYEN_THAT,2,true,false,2,false
SUIUSDT,27,1,1,BELOW,PHA_GIA,CHAN,4,true,true,3,false
SUIUSDT,30,6,2,BELOW,XUYEN_THAT,XUYEN_THAT,1,true,false,2,false
SUIUSDT,31,2,1,BELOW,GIU,CHAN,2,false,false,,
SUIUSDT,32,1,1,ABOVE,GIU,CHAN,1,false,false,,
SUIUSDT,34,7,2,ABOVE,GIU,CHAN,1,false,false,,
SUIUSDT,35,6,2,BELOW,PHA_GIA,CHAN,3,true,true,3,false
SUIUSDT,36,6,2,ABOVE,PHA_GIA,XUYEN_THAT,1,true,true,1,false
SUIUSDT,37,1,1,BELOW,XUYEN_THAT,XUYEN_THAT,0,true,false,0,false
SUIUSDT,38,4,2,BELOW,PHA_GIA,XUYEN_THAT,1,true,true,2,false
SUIUSDT,40,9,2,ABOVE,PHA_GIA,XUYEN_THAT,1,true,true,3,false
SUIUSDT,42,20,2,BELOW,XUYEN_THAT,XUYEN_THAT,2,true,false,0,true
SUIUSDT,44,2,1,BELOW,GIU,CHAN,3,false,false,,
SUIUSDT,45,5,2,ABOVE,GIU,XUYEN_THAT,2,false,false,,
SUIUSDT,47,11,2,ABOVE,XUYEN_THAT,XUYEN_THAT,1,true,false,4,false
SUIUSDT,48,16,2,ABOVE,GIU,CHAN,5,false,false,,
SUIUSDT,49,9,2,ABOVE,PHA_GIA,XUYEN_THAT,2,true,true,2,false
SUIUSDT,52,6,2,BELOW,GIU,XUYEN_THAT,1,false,false,,
SUIUSDT,53,3,1,ABOVE,GIU,CHAN,2,false,false,,
SUIUSDT,54,8,2,BELOW,GIU,CHAN,2,false,false,,
SUIUSDT,55,6,2,ABOVE,GIU,XUYEN_THAT,1,false,false,,
SUIUSDT,56,6,2,ABOVE,GIU,CHAN,2,false,false,,
SUIUSDT,57,35,2,BELOW,GIU,XUYEN_THAT,2,false,false,,
SUIUSDT,58,8,2,ABOVE,PHA_GIA,XUYEN_THAT,2,true,true,2,false
SUIUSDT,60,44,2,ABOVE,GIU,XUYEN_THAT,1,false,false,,
SUIUSDT,61,13,2,BELOW,PHA_GIA,XUYEN_THAT,1,true,true,5,false
SUIUSDT,62,1,1,BELOW,GIU,CHAN,1,false,false,,
SUIUSDT,63,29,2,ABOVE,GIU,XUYEN_THAT,1,false,false,,
SUIUSDT,64,2,1,ABOVE,PHA_GIA,CHAN,0,true,true,6,false
SUIUSDT,65,9,2,BELOW,XUYEN_THAT,XUYEN_THAT,2,true,false,5,false
SUIUSDT,66,7,2,ABOVE,XUYEN_THAT,XUYEN_THAT,2,true,false,3,false
SUIUSDT,68,6,2,BELOW,PHA_GIA,XUYEN_THAT,3,true,true,5,false
SUIUSDT,69,1,1,BELOW,GIU,CHAN,3,false,false,,
SUIUSDT,71,5,2,BELOW,PHA_GIA,XUYEN_THAT,1,true,true,5,false
SUIUSDT,73,1,1,BELOW,GIU,CHAN,4,false,false,,
SUIUSDT,74,1,1,BELOW,XUYEN_THAT,XUYEN_THAT,2,true,false,0,false
SUIUSDT,75,9,2,ABOVE,GIU,CHAN,3,false,false,,
SUIUSDT,76,10,2,BELOW,PHA_GIA,XUYEN_THAT,2,true,true,3,false
SUIUSDT,77,6,2,BELOW,PHA_GIA,XUYEN_THAT,3,true,true,1,false
SUIUSDT,78,21,2,BELOW,GIU,XUYEN_THAT,3,false,false,,
SUIUSDT,80,1,1,BELOW,GIU,CHAN,3,false,false,,
SUIUSDT,81,13,2,ABOVE,GIU,XUYEN_THAT,3,false,false,,
SUIUSDT,82,2,2,BELOW,PHA_GIA,CHAN,3,true,true,1,false
SUIUSDT,83,4,2,BELOW,PHA_GIA,CHAN,3,true,true,7,false
SUIUSDT,84,7,2,ABOVE,XUYEN_THAT,XUYEN_THAT,3,true,false,4,false
SUIUSDT,85,3,1,ABOVE,GIU,CHAN,1,false,false,,
SUIUSDT,86,1,1,ABOVE,PHA_GIA,CHAN,3,true,true,1,false
SUIUSDT,87,26,2,ABOVE,GIU,XUYEN_THAT,1,false,false,,
SUIUSDT,88,5,1,ABOVE,GIU,CHAN,3,false,false,,
SUIUSDT,89,1,1,ABOVE,GIU,CHAN,3,false,false,,
SUIUSDT,91,8,1,BELOW,GIU,CHAN,5,false,false,,
SUIUSDT,92,13,1,BELOW,GIU,CHAN,3,false,false,,
SUIUSDT,94,10,2,BELOW,PHA_GIA,XUYEN_THAT,3,true,true,1,false
SUIUSDT,95,6,2,BELOW,PHA_GIA,XUYEN_THAT,3,true,true,8,false
SUIUSDT,96,4,2,ABOVE,PHA_GIA,XUYEN_THAT,3,true,true,8,false
SUIUSDT,97,1,1,ABOVE,GIU,CHAN,2,false,false,,
SUIUSDT,98,4,1,BELOW,GIU,CHAN,0,false,false,,
SUIUSDT,99,7,1,ABOVE,GIU,CHAN,3,false,false,,
SUIUSDT,100,4,2,ABOVE,PHA_GIA,CHAN,0,true,true,3,false
SUIUSDT,101,1,1,ABOVE,GIU,CHAN,3,false,false,,
SUIUSDT,104,2,2,BELOW,PHA_GIA,CHAN,0,true,true,1,false
SUIUSDT,105,7,2,BELOW,GIU,XUYEN_THAT,2,false,false,,
SUIUSDT,106,3,2,BELOW,PHA_GIA,XUYEN_THAT,0,true,true,1,false
SUIUSDT,107,24,2,ABOVE,PHA_GIA,CHAN,2,true,true,4,false
SUIUSDT,108,26,2,ABOVE,GIU,CHAN,3,false,false,,
SUIUSDT,111,6,2,BELOW,GIU,XUYEN_THAT,1,false,false,,
SUIUSDT,112,1,1,BELOW,GIU,CHAN,3,false,false,,
SUIUSDT,114,5,2,ABOVE,XUYEN_THAT,XUYEN_THAT,1,true,false,1,false
SUIUSDT,115,2,2,BELOW,PHA_GIA,CHAN,2,true,true,3,false
SUIUSDT,116,7,2,ABOVE,PHA_GIA,XUYEN_THAT,3,true,true,3,false
SUIUSDT,117,12,2,ABOVE,GIU,XUYEN_THAT,1,false,false,,
SUIUSDT,119,9,2,BELOW,PHA_GIA,XUYEN_THAT,2,true,true,7,false
SUIUSDT,120,12,2,BELOW,PHA_GIA,XUYEN_THAT,2,true,true,2,false
SUIUSDT,121,4,1,BELOW,GIU,CHAN,2,false,false,,
SUIUSDT,122,27,2,ABOVE,XUYEN_THAT,XUYEN_THAT,1,true,false,3,false
SUIUSDT,123,4,1,ABOVE,GIU,CHAN,0,false,false,,
SUIUSDT,124,19,2,ABOVE,PHA_GIA,XUYEN_THAT,3,true,true,2,false
SUIUSDT,125,4,2,ABOVE,XUYEN_THAT,XUYEN_THAT,3,true,false,5,false
SUIUSDT,126,5,2,ABOVE,GIU,CHAN,1,false,false,,
SUIUSDT,128,8,2,BELOW,GIU,XUYEN_THAT,0,false,false,,
SUIUSDT,129,15,2,BELOW,XUYEN_THAT,XUYEN_THAT,3,true,false,3,false
SUIUSDT,131,9,2,ABOVE,PHA_GIA,XUYEN_THAT,2,true,true,1,false
SUIUSDT,132,13,2,ABOVE,PHA_GIA,XUYEN_THAT,1,true,true,3,false
SUIUSDT,133,37,2,ABOVE,PHA_GIA,XUYEN_THAT,1,true,true,0,false
SUIUSDT,134,19,2,ABOVE,XUYEN_THAT,XUYEN_THAT,0,true,false,1,false
SUIUSDT,135,2,1,BELOW,PHA_GIA,CHAN,3,true,true,7,false
SUIUSDT,136,13,2,BELOW,GIU,XUYEN_THAT,3,false,false,,
SUIUSDT,137,13,2,BELOW,PHA_GIA,XUYEN_THAT,0,true,true,0,false
SUIUSDT,139,3,1,BELOW,GIU,CHAN,2,false,false,,
SUIUSDT,140,3,1,BELOW,GIU,CHAN,0,false,false,,
SUIUSDT,141,3,1,ABOVE,GIU,CHAN,3,false,false,,
SUIUSDT,142,1,1,ABOVE,GIU,CHAN,2,false,false,,
SUIUSDT,143,23,2,ABOVE,GIU,XUYEN_THAT,1,false,false,,
SUIUSDT,144,14,2,ABOVE,XUYEN_THAT,XUYEN_THAT,2,true,false,7,false
SUIUSDT,145,9,2,BELOW,XUYEN_THAT,XUYEN_THAT,3,true,false,1,false
SUIUSDT,146,13,2,ABOVE,GIU,XUYEN_THAT,3,false,false,,
SUIUSDT,147,12,2,ABOVE,XUYEN_THAT,XUYEN_THAT,1,true,false,4,false
SUIUSDT,148,10,2,ABOVE,GIU,XUYEN_THAT,2,false,false,,
SUIUSDT,149,4,2,ABOVE,GIU,XUYEN_THAT,2,false,false,,
SUIUSDT,150,1,1,ABOVE,GIU,CHAN,2,false,false,,
SUIUSDT,151,17,2,ABOVE,GIU,XUYEN_THAT,2,false,false,,
SUIUSDT,152,39,2,BELOW,GIU,XUYEN_THAT,3,false,false,,
SUIUSDT,153,6,1,ABOVE,GIU,CHAN,2,false,false,,
SUIUSDT,154,15,2,BELOW,XUYEN_THAT,XUYEN_THAT,1,true,false,4,false
SUIUSDT,155,2,2,ABOVE,XUYEN_THAT,XUYEN_THAT,0,true,false,1,false
SUIUSDT,156,18,2,BELOW,PHA_GIA,XUYEN_THAT,3,true,true,5,false
SUIUSDT,160,13,2,ABOVE,GIU,XUYEN_THAT,1,false,false,,
SUIUSDT,161,6,2,ABOVE,XUYEN_THAT,XUYEN_THAT,2,true,false,7,false
SUIUSDT,162,8,2,ABOVE,GIU,CHAN,3,false,false,,
SUIUSDT,164,3,2,BELOW,GIU,CHAN,3,false,false,,
SUIUSDT,165,3,1,ABOVE,GIU,CHAN,2,false,false,,
SUIUSDT,166,23,2,ABOVE,PHA_GIA,XUYEN_THAT,0,true,true,1,false
SUIUSDT,168,5,1,ABOVE,GIU,CHAN,1,false,false,,
SUIUSDT,169,1,1,BELOW,XUYEN_THAT,XUYEN_THAT,0,true,false,0,false
SUIUSDT,170,5,2,ABOVE,GIU,XUYEN_THAT,1,false,false,,
SUIUSDT,171,7,2,ABOVE,XUYEN_THAT,XUYEN_THAT,4,true,false,1,false
SUIUSDT,172,14,2,ABOVE,XUYEN_THAT,XUYEN_THAT,1,true,false,1,false
SUIUSDT,173,14,2,ABOVE,XUYEN_THAT,XUYEN_THAT,2,true,false,1,false
SUIUSDT,174,17,2,BELOW,PHA_GIA,XUYEN_THAT,3,true,true,1,false
SUIUSDT,175,9,2,ABOVE,GIU,XUYEN_THAT,2,false,false,,
SUIUSDT,176,6,2,ABOVE,XUYEN_THAT,XUYEN_THAT,3,true,false,7,false
SUIUSDT,177,8,2,BELOW,XUYEN_THAT,XUYEN_THAT,2,true,false,2,false
SUIUSDT,178,9,2,ABOVE,PHA_GIA,XUYEN_THAT,2,true,true,0,false
SUIUSDT,179,21,2,BELOW,XUYEN_THAT,XUYEN_THAT,3,true,false,1,false
SUIUSDT,180,1,1,BELOW,GIU,CHAN,1,false,false,,
SUIUSDT,181,6,2,BELOW,PHA_GIA,XUYEN_THAT,1,true,true,5,false
SUIUSDT,185,4,2,ABOVE,PHA_GIA,XUYEN_THAT,4,true,true,3,false
SUIUSDT,186,1,1,ABOVE,PHA_GIA,CHAN,0,true,true,0,false
SUIUSDT,187,6,2,BELOW,XUYEN_THAT,XUYEN_THAT,2,true,false,7,false
SUIUSDT,188,16,2,BELOW,PHA_GIA,XUYEN_THAT,2,true,true,1,false
SUIUSDT,189,4,2,ABOVE,PHA_GIA,CHAN,2,true,true,3,false
SUIUSDT,190,2,1,ABOVE,GIU,CHAN,1,false,false,,
SUIUSDT,191,25,2,ABOVE,XUYEN_THAT,XUYEN_THAT,2,true,false,5,false
SUIUSDT,192,30,2,BELOW,PHA_GIA,XUYEN_THAT,2,true,true,7,false
SUIUSDT,193,35,2,BELOW,GIU,XUYEN_THAT,1,false,false,,
SUIUSDT,194,9,2,BELOW,XUYEN_THAT,XUYEN_THAT,0,true,false,0,false
SUIUSDT,195,13,2,ABOVE,GIU,XUYEN_THAT,2,false,false,,
SUIUSDT,197,23,2,BELOW,PHA_GIA,XUYEN_THAT,1,true,true,0,false
SUIUSDT,198,2,1,ABOVE,GIU,CHAN,3,false,false,,
SUIUSDT,199,11,2,BELOW,PHA_GIA,XUYEN_THAT,2,true,true,0,false
SUIUSDT,200,3,2,BELOW,GIU,CHAN,4,false,false,,
SUIUSDT,202,6,2,BELOW,PHA_GIA,XUYEN_THAT,2,true,true,0,false
SUIUSDT,203,11,2,ABOVE,GIU,XUYEN_THAT,2,false,false,,
SUIUSDT,204,3,2,BELOW,XUYEN_THAT,XUYEN_THAT,1,true,false,1,false
SUIUSDT,205,4,2,ABOVE,XUYEN_THAT,XUYEN_THAT,0,true,false,4,true
SUIUSDT,206,6,2,ABOVE,XUYEN_THAT,XUYEN_THAT,3,true,false,1,false
SUIUSDT,207,12,2,BELOW,GIU,XUYEN_THAT,0,false,false,,
SUIUSDT,208,5,2,ABOVE,PHA_GIA,XUYEN_THAT,2,true,true,5,false
SUIUSDT,209,11,2,BELOW,GIU,XUYEN_THAT,1,false,false,,
SUIUSDT,210,5,1,BELOW,GIU,CHAN,3,false,false,,
SUIUSDT,211,8,2,ABOVE,XUYEN_THAT,XUYEN_THAT,3,true,false,3,false
SUIUSDT,213,3,2,ABOVE,XUYEN_THAT,XUYEN_THAT,2,true,false,2,false
SUIUSDT,214,6,2,BELOW,PHA_GIA,CHAN,2,true,true,8,false
SUIUSDT,216,7,2,ABOVE,PHA_GIA,CHAN,3,true,true,1,false
SUIUSDT,217,4,2,BELOW,XUYEN_THAT,XUYEN_THAT,0,true,false,0,false
SUIUSDT,218,3,2,ABOVE,XUYEN_THAT,XUYEN_THAT,2,true,false,1,false
SUIUSDT,219,4,2,BELOW,XUYEN_THAT,XUYEN_THAT,2,true,false,2,false
SUIUSDT,220,14,2,ABOVE,XUYEN_THAT,XUYEN_THAT,1,true,false,2,false
SUIUSDT,221,2,2,ABOVE,XUYEN_THAT,XUYEN_THAT,2,true,false,1,false
SUIUSDT,223,38,2,ABOVE,XUYEN_THAT,XUYEN_THAT,0,true,false,0,false
SUIUSDT,224,4,2,BELOW,XUYEN_THAT,XUYEN_THAT,1,true,false,1,false
SUIUSDT,225,3,2,BELOW,PHA_GIA,CHAN,2,true,true,1,false
SUIUSDT,226,3,2,BELOW,PHA_GIA,XUYEN_THAT,1,true,true,1,false
SUIUSDT,227,11,2,ABOVE,XUYEN_THAT,XUYEN_THAT,1,true,false,3,false
SUIUSDT,230,1,1,BELOW,PHA_GIA,CHAN,3,true,true,1,false
SUIUSDT,232,6,2,BELOW,XUYEN_THAT,XUYEN_THAT,2,true,false,4,false
SUIUSDT,234,9,2,BELOW,PHA_GIA,XUYEN_THAT,1,true,true,3,false
SUIUSDT,235,22,2,ABOVE,GIU,XUYEN_THAT,2,false,false,,
SUIUSDT,236,15,2,ABOVE,PHA_GIA,XUYEN_THAT,2,true,true,0,false
SUIUSDT,237,1,1,ABOVE,GIU,CHAN,1,false,false,,
SUIUSDT,238,3,2,BELOW,XUYEN_THAT,XUYEN_THAT,3,true,false,4,false
SUIUSDT,239,2,1,BELOW,PHA_GIA,CHAN,1,true,true,6,false
SUIUSDT,240,4,2,BELOW,XUYEN_THAT,XUYEN_THAT,1,true,false,2,false
SUIUSDT,241,10,2,BELOW,GIU,XUYEN_THAT,2,false,false,,
SUIUSDT,242,4,1,BELOW,GIU,CHAN,3,false,false,,
SUIUSDT,243,6,2,BELOW,PHA_GIA,XUYEN_THAT,1,true,true,6,false
SUIUSDT,244,7,2,ABOVE,XUYEN_THAT,XUYEN_THAT,2,true,false,0,false
SUIUSDT,246,1,1,BELOW,GIU,CHAN,2,false,false,,
SUIUSDT,247,15,2,ABOVE,GIU,XUYEN_THAT,2,false,false,,
SUIUSDT,248,11,2,BELOW,GIU,XUYEN_THAT,2,false,false,,
SUIUSDT,249,3,2,ABOVE,PHA_GIA,CHAN,1,true,true,5,false
SUIUSDT,250,4,2,BELOW,PHA_GIA,XUYEN_THAT,2,true,true,0,false
SUIUSDT,251,22,2,BELOW,GIU,XUYEN_THAT,2,false,false,,
SUIUSDT,252,2,2,BELOW,PHA_GIA,CHAN,0,true,true,0,false
SUIUSDT,253,7,2,ABOVE,XUYEN_THAT,XUYEN_THAT,0,true,false,3,false
SUIUSDT,254,22,2,ABOVE,PHA_GIA,XUYEN_THAT,1,true,true,7,false
SUIUSDT,256,1,1,BELOW,PHA_GIA,CHAN,3,true,true,0,false
SUIUSDT,258,31,2,BELOW,GIU,XUYEN_THAT,2,false,false,,
SUIUSDT,260,1,1,ABOVE,GIU,CHAN,1,false,false,,
SUIUSDT,261,8,1,ABOVE,PHA_GIA,CHAN,1,true,true,6,false
SUIUSDT,262,11,2,BELOW,PHA_GIA,XUYEN_THAT,1,true,true,3,false
SUIUSDT,263,11,2,ABOVE,XUYEN_THAT,XUYEN_THAT,0,true,false,0,false
SUIUSDT,264,13,2,BELOW,PHA_GIA,XUYEN_THAT,0,true,true,0,false
SUIUSDT,265,5,2,ABOVE,XUYEN_THAT,XUYEN_THAT,3,true,false,2,false
SUIUSDT,267,15,2,BELOW,XUYEN_THAT,XUYEN_THAT,1,true,false,2,false
SUIUSDT,268,4,2,BELOW,PHA_GIA,CHAN,0,true,true,1,false
SUIUSDT,269,26,2,BELOW,GIU,XUYEN_THAT,3,false,false,,
SUIUSDT,270,4,2,BELOW,PHA_GIA,XUYEN_THAT,1,true,true,3,false
SUIUSDT,271,7,2,BELOW,GIU,CHAN,3,false,false,,
SUIUSDT,272,11,2,ABOVE,PHA_GIA,XUYEN_THAT,1,true,true,3,false
SUIUSDT,273,18,2,ABOVE,GIU,XUYEN_THAT,4,false,false,,
SUIUSDT,274,1,1,BELOW,GIU,CHAN,2,false,false,,
SUIUSDT,275,5,2,ABOVE,XUYEN_THAT,XUYEN_THAT,1,true,false,3,false
SUIUSDT,276,15,2,BELOW,XUYEN_THAT,XUYEN_THAT,0,true,false,3,false
SUIUSDT,277,2,1,BELOW,GIU,CHAN,3,false,false,,
SUIUSDT,279,25,2,BELOW,PHA_GIA,XUYEN_THAT,1,true,true,0,false
SUIUSDT,280,6,2,BELOW,PHA_GIA,XUYEN_THAT,2,true,true,1,false
SUIUSDT,282,32,2,BELOW,GIU,XUYEN_THAT,3,false,false,,
SUIUSDT,283,5,2,ABOVE,XUYEN_THAT,XUYEN_THAT,2,true,false,1,true
SUIUSDT,284,4,2,BELOW,XUYEN_THAT,XUYEN_THAT,0,true,false,0,false
SUIUSDT,285,9,2,ABOVE,GIU,CHAN,3,false,false,,
SUIUSDT,286,6,2,ABOVE,GIU,XUYEN_THAT,1,false,false,,
SUIUSDT,288,14,2,ABOVE,PHA_GIA,XUYEN_THAT,2,true,true,3,false
SUIUSDT,290,5,1,ABOVE,GIU,CHAN,2,false,false,,
SUIUSDT,291,10,2,BELOW,GIU,XUYEN_THAT,3,false,false,,
SUIUSDT,292,28,2,BELOW,GIU,XUYEN_THAT,4,false,false,,
SUIUSDT,293,2,1,BELOW,GIU,CHAN,1,false,false,,
SUIUSDT,294,15,2,BELOW,PHA_GIA,XUYEN_THAT,1,true,true,1,false
SUIUSDT,295,16,2,BELOW,PHA_GIA,XUYEN_THAT,2,true,true,2,false
SUIUSDT,296,19,2,ABOVE,PHA_GIA,XUYEN_THAT,1,true,true,6,false
SUIUSDT,297,4,1,ABOVE,GIU,CHAN,1,false,false,,
SUIUSDT,298,5,2,ABOVE,GIU,XUYEN_THAT,2,false,false,,
SUIUSDT,299,22,2,ABOVE,XUYEN_THAT,XUYEN_THAT,2,true,false,2,false
SUIUSDT,301,5,2,BELOW,GIU,CHAN,2,false,false,,
SUIUSDT,303,2,2,BELOW,XUYEN_THAT,XUYEN_THAT,1,true,false,1,false
SUIUSDT,304,9,2,BELOW,GIU,XUYEN_THAT,3,false,false,,
SUIUSDT,305,13,2,BELOW,GIU,XUYEN_THAT,3,false,false,,
SUIUSDT,306,4,2,ABOVE,PHA_GIA,XUYEN_THAT,2,true,true,3,false
SUIUSDT,307,39,2,BELOW,XUYEN_THAT,XUYEN_THAT,1,true,false,0,false
SUIUSDT,308,8,2,BELOW,GIU,XUYEN_THAT,2,false,false,,
SUIUSDT,309,20,2,ABOVE,PHA_GIA,XUYEN_THAT,3,true,true,8,false
SUIUSDT,310,33,2,ABOVE,PHA_GIA,XUYEN_THAT,2,true,true,0,false
SUIUSDT,311,17,2,BELOW,XUYEN_THAT,XUYEN_THAT,4,true,false,1,false
SUIUSDT,312,16,2,BELOW,GIU,XUYEN_THAT,3,false,false,,
SUIUSDT,313,7,2,ABOVE,XUYEN_THAT,XUYEN_THAT,2,true,false,3,false
SUIUSDT,314,27,2,ABOVE,GIU,XUYEN_THAT,4,false,false,,
SUIUSDT,315,10,2,BELOW,PHA_GIA,XUYEN_THAT,3,true,true,3,false
SUIUSDT,316,2,2,ABOVE,PHA_GIA,CHAN,1,true,true,4,false
SUIUSDT,318,8,2,BELOW,PHA_GIA,XUYEN_THAT,4,true,true,3,false
SUIUSDT,319,8,2,BELOW,PHA_GIA,XUYEN_THAT,1,true,true,0,false
SUIUSDT,320,6,2,BELOW,XUYEN_THAT,XUYEN_THAT,3,true,false,8,true
SUIUSDT,321,12,2,ABOVE,GIU,XUYEN_THAT,1,false,false,,
SUIUSDT,322,9,2,BELOW,GIU,XUYEN_THAT,2,false,false,,
SUIUSDT,324,10,2,BELOW,XUYEN_THAT,XUYEN_THAT,3,true,false,1,false
SUIUSDT,325,2,1,BELOW,GIU,CHAN,2,false,false,,
SUIUSDT,326,1,1,BELOW,GIU,CHAN,3,false,false,,
SUIUSDT,328,20,2,ABOVE,GIU,XUYEN_THAT,0,false,false,,
SUIUSDT,329,4,1,ABOVE,GIU,XUYEN_THAT,1,false,false,,
SUIUSDT,330,2,1,ABOVE,GIU,CHAN,4,false,false,,
SUIUSDT,332,9,2,BELOW,PHA_GIA,XUYEN_THAT,2,true,true,0,false
SUIUSDT,333,6,2,ABOVE,PHA_GIA,XUYEN_THAT,2,true,true,3,false
SUIUSDT,334,1,1,BELOW,GIU,CHAN,4,false,false,,
SUIUSDT,335,7,2,BELOW,PHA_GIA,CHAN,3,true,true,7,false
SUIUSDT,336,11,2,BELOW,PHA_GIA,CHAN,2,true,true,0,false
SUIUSDT,337,1,1,ABOVE,XUYEN_THAT,XUYEN_THAT,2,true,false,3,false
SUIUSDT,338,9,2,BELOW,GIU,XUYEN_THAT,2,false,false,,
SUIUSDT,339,9,2,BELOW,XUYEN_THAT,XUYEN_THAT,3,true,false,6,false
SUIUSDT,340,13,2,BELOW,PHA_GIA,CHAN,3,true,true,6,false
SUIUSDT,341,5,2,ABOVE,PHA_GIA,XUYEN_THAT,3,true,true,3,false
SUIUSDT,342,5,1,BELOW,GIU,CHAN,1,false,false,,
SUIUSDT,343,12,2,BELOW,GIU,XUYEN_THAT,1,false,false,,
SUIUSDT,344,7,2,BELOW,GIU,XUYEN_THAT,3,false,false,,
SUIUSDT,345,3,2,BELOW,XUYEN_THAT,XUYEN_THAT,2,true,false,1,false
SUIUSDT,346,11,2,BELOW,GIU,XUYEN_THAT,0,false,false,,
SUIUSDT,347,1,1,ABOVE,XUYEN_THAT,XUYEN_THAT,1,true,false,0,false
SUIUSDT,349,12,2,BELOW,GIU,XUYEN_THAT,0,false,false,,
SUIUSDT,350,2,1,ABOVE,GIU,CHAN,4,false,false,,
SUIUSDT,351,2,2,ABOVE,PHA_GIA,XUYEN_THAT,3,true,true,2,false
SUIUSDT,352,4,2,ABOVE,PHA_GIA,CHAN,2,true,true,0,false
SUIUSDT,353,5,2,ABOVE,GIU,XUYEN_THAT,2,false,false,,
SUIUSDT,354,1,1,BELOW,PHA_GIA,CHAN,4,true,true,4,false
SUIUSDT,355,4,2,ABOVE,GIU,XUYEN_THAT,0,false,false,,
SUIUSDT,356,7,2,BELOW,PHA_GIA,CHAN,1,true,true,6,false
SUIUSDT,357,13,2,ABOVE,GIU,CHAN,1,false,false,,
SUIUSDT,358,1,1,ABOVE,GIU,CHAN,2,false,false,,
SUIUSDT,359,12,2,BELOW,XUYEN_THAT,XUYEN_THAT,1,true,false,3,false
SUIUSDT,360,7,2,ABOVE,XUYEN_THAT,XUYEN_THAT,3,true,false,1,false
SUIUSDT,362,5,2,ABOVE,GIU,XUYEN_THAT,2,false,false,,
SUIUSDT,363,5,2,ABOVE,GIU,XUYEN_THAT,2,false,false,,
SUIUSDT,364,16,2,BELOW,XUYEN_THAT,XUYEN_THAT,3,true,false,3,false
SUIUSDT,366,12,2,BELOW,GIU,CHAN,2,false,false,,
SUIUSDT,367,4,1,BELOW,GIU,CHAN,2,false,false,,
SUIUSDT,368,3,1,ABOVE,GIU,CHAN,3,false,false,,
SUIUSDT,369,14,2,ABOVE,XUYEN_THAT,XUYEN_THAT,2,true,false,5,false
SUIUSDT,370,1,1,BELOW,GIU,CHAN,1,false,false,,
SUIUSDT,371,13,2,ABOVE,PHA_GIA,XUYEN_THAT,1,true,true,6,false
SUIUSDT,372,21,2,ABOVE,GIU,XUYEN_THAT,1,false,false,,
SUIUSDT,373,22,2,BELOW,PHA_GIA,XUYEN_THAT,2,true,true,1,false
SUIUSDT,374,19,2,BELOW,XUYEN_THAT,XUYEN_THAT,1,true,false,5,false
SUIUSDT,376,35,2,BELOW,XUYEN_THAT,XUYEN_THAT,3,true,false,5,false
SUIUSDT,377,26,2,BELOW,PHA_GIA,XUYEN_THAT,3,true,true,8,false
SUIUSDT,378,3,2,ABOVE,PHA_GIA,CHAN,1,true,true,1,false
SUIUSDT,379,2,1,ABOVE,XUYEN_THAT,XUYEN_THAT,3,true,false,1,false
SUIUSDT,380,17,2,BELOW,PHA_GIA,CHAN,2,true,true,6,false
SUIUSDT,381,47,2,ABOVE,GIU,XUYEN_THAT,2,false,false,,
SUIUSDT,382,16,2,ABOVE,XUYEN_THAT,XUYEN_THAT,1,true,false,0,false
SUIUSDT,383,1,1,BELOW,PHA_GIA,CHAN,1,true,true,0,false
SUIUSDT,384,16,2,ABOVE,GIU,XUYEN_THAT,2,false,false,,
SUIUSDT,386,24,2,BELOW,PHA_GIA,XUYEN_THAT,2,true,true,5,false
SUIUSDT,387,6,2,ABOVE,XUYEN_THAT,XUYEN_THAT,1,true,false,4,false
SUIUSDT,388,2,1,ABOVE,GIU,CHAN,4,false,false,,
SUIUSDT,389,3,1,ABOVE,GIU,CHAN,1,false,false,,
SUIUSDT,390,7,2,BELOW,GIU,CHAN,0,false,false,,
SUIUSDT,391,2,1,ABOVE,PHA_GIA,CHAN,1,true,true,4,false
SUIUSDT,392,8,2,BELOW,PHA_GIA,XUYEN_THAT,2,true,true,2,false
SUIUSDT,394,33,2,ABOVE,PHA_GIA,XUYEN_THAT,2,true,true,4,false
SUIUSDT,395,2,2,BELOW,XUYEN_THAT,XUYEN_THAT,2,true,false,7,true
SUIUSDT,396,12,2,ABOVE,PHA_GIA,XUYEN_THAT,2,true,true,4,false
SUIUSDT,397,7,2,ABOVE,PHA_GIA,XUYEN_THAT,1,true,true,1,false
SUIUSDT,399,11,2,BELOW,XUYEN_THAT,XUYEN_THAT,1,true,false,3,false
SUIUSDT,401,9,2,ABOVE,GIU,XUYEN_THAT,2,false,false,,
SUIUSDT,403,33,2,ABOVE,GIU,XUYEN_THAT,2,false,false,,
SUIUSDT,404,3,1,ABOVE,PHA_GIA,CHAN,1,true,true,0,false
SUIUSDT,405,4,1,BELOW,XUYEN_THAT,XUYEN_THAT,1,true,false,2,false
SUIUSDT,406,13,2,BELOW,PHA_GIA,XUYEN_THAT,3,true,true,0,false
SUIUSDT,407,2,1,ABOVE,GIU,CHAN,2,false,false,,
SUIUSDT,409,1,1,BELOW,XUYEN_THAT,XUYEN_THAT,2,true,false,2,false
SUIUSDT,410,21,2,BELOW,XUYEN_THAT,XUYEN_THAT,0,true,false,0,false
SUIUSDT,411,4,1,ABOVE,GIU,CHAN,1,false,false,,
SUIUSDT,412,2,1,BELOW,GIU,CHAN,5,false,false,,
SUIUSDT,414,4,2,BELOW,GIU,XUYEN_THAT,1,false,false,,
SUIUSDT,415,50,2,BELOW,XUYEN_THAT,XUYEN_THAT,1,true,false,3,false
SUIUSDT,416,1,1,ABOVE,PHA_GIA,CHAN,2,true,true,2,false
SUIUSDT,417,24,2,BELOW,GIU,XUYEN_THAT,3,false,false,,
SUIUSDT,418,17,2,BELOW,XUYEN_THAT,XUYEN_THAT,2,true,false,5,false
SUIUSDT,419,9,2,BELOW,XUYEN_THAT,XUYEN_THAT,1,true,false,6,false
SUIUSDT,420,8,2,BELOW,GIU,XUYEN_THAT,1,false,false,,
SUIUSDT,421,9,2,ABOVE,GIU,XUYEN_THAT,2,false,false,,
SUIUSDT,422,11,2,BELOW,GIU,XUYEN_THAT,1,false,false,,
SUIUSDT,426,3,2,ABOVE,XUYEN_THAT,XUYEN_THAT,2,true,false,2,false
SUIUSDT,427,29,2,BELOW,GIU,XUYEN_THAT,3,false,false,,
SUIUSDT,428,1,1,ABOVE,GIU,CHAN,2,false,false,,
SUIUSDT,429,7,2,ABOVE,PHA_GIA,CHAN,2,true,true,6,false
SUIUSDT,430,9,2,ABOVE,GIU,XUYEN_THAT,3,false,false,,
SUIUSDT,431,6,2,BELOW,XUYEN_THAT,XUYEN_THAT,3,true,false,1,false
SUIUSDT,432,4,2,ABOVE,XUYEN_THAT,XUYEN_THAT,0,true,false,2,false
SUIUSDT,433,14,2,BELOW,PHA_GIA,CHAN,1,true,true,0,false
SUIUSDT,434,6,2,BELOW,PHA_GIA,CHAN,3,true,true,4,false
SUIUSDT,435,36,2,ABOVE,PHA_GIA,XUYEN_THAT,2,true,true,6,false
SUIUSDT,436,10,2,ABOVE,PHA_GIA,XUYEN_THAT,1,true,true,1,false
SUIUSDT,437,9,2,BELOW,PHA_GIA,XUYEN_THAT,1,true,true,2,false
SUIUSDT,439,2,1,BELOW,GIU,CHAN,3,false,false,,
SUIUSDT,440,7,2,BELOW,PHA_GIA,CHAN,0,true,true,4,false
SUIUSDT,441,19,2,BELOW,PHA_GIA,XUYEN_THAT,3,true,true,3,false
SUIUSDT,442,8,2,ABOVE,PHA_GIA,CHAN,1,true,true,3,false
SUIUSDT,443,15,2,ABOVE,PHA_GIA,XUYEN_THAT,1,true,true,7,false
SUIUSDT,444,16,2,BELOW,PHA_GIA,XUYEN_THAT,1,true,true,1,false
SUIUSDT,445,10,2,BELOW,PHA_GIA,XUYEN_THAT,1,true,true,1,false
SUIUSDT,449,1,1,BELOW,PHA_GIA,CHAN,1,true,true,0,false
SUIUSDT,451,13,2,BELOW,XUYEN_THAT,XUYEN_THAT,1,true,false,1,false
SUIUSDT,452,5,1,BELOW,GIU,CHAN,3,false,false,,
SUIUSDT,453,9,1,BELOW,GIU,CHAN,3,false,false,,
SUIUSDT,454,2,2,ABOVE,XUYEN_THAT,XUYEN_THAT,2,true,false,1,false
SUIUSDT,455,16,2,BELOW,XUYEN_THAT,XUYEN_THAT,1,true,false,1,false
SUIUSDT,456,28,2,BELOW,GIU,XUYEN_THAT,3,false,false,,
SUIUSDT,458,8,2,ABOVE,GIU,XUYEN_THAT,1,false,false,,
SUIUSDT,459,8,2,BELOW,PHA_GIA,XUYEN_THAT,1,true,true,0,false
SUIUSDT,460,10,2,BELOW,GIU,XUYEN_THAT,3,false,false,,
SUIUSDT,462,4,2,BELOW,PHA_GIA,XUYEN_THAT,1,true,true,1,false
SUIUSDT,463,2,2,BELOW,PHA_GIA,XUYEN_THAT,1,true,true,2,false
SUIUSDT,464,14,2,BELOW,GIU,XUYEN_THAT,1,false,false,,
SUIUSDT,466,2,1,ABOVE,XUYEN_THAT,XUYEN_THAT,0,true,false,3,false
SUIUSDT,467,10,2,BELOW,PHA_GIA,XUYEN_THAT,3,true,true,6,false
SUIUSDT,468,10,2,BELOW,PHA_GIA,XUYEN_THAT,1,true,true,0,false
SUIUSDT,469,1,1,BELOW,GIU,CHAN,4,false,false,,
SUIUSDT,470,3,2,BELOW,PHA_GIA,XUYEN_THAT,2,true,true,4,false
SUIUSDT,471,9,2,BELOW,GIU,XUYEN_THAT,3,false,false,,
SUIUSDT,472,1,1,ABOVE,XUYEN_THAT,XUYEN_THAT,0,true,false,0,false
SUIUSDT,473,1,1,BELOW,GIU,CHAN,1,false,false,,
SUIUSDT,474,21,2,BELOW,PHA_GIA,XUYEN_THAT,3,true,true,4,false
SUIUSDT,475,2,2,ABOVE,PHA_GIA,CHAN,2,true,true,3,false
SUIUSDT,478,2,1,BELOW,GIU,CHAN,2,false,false,,
SUIUSDT,479,16,2,ABOVE,GIU,XUYEN_THAT,2,false,false,,
SUIUSDT,480,4,1,BELOW,GIU,CHAN,2,false,false,,
SUIUSDT,482,1,1,ABOVE,GIU,CHAN,2,false,false,,
SUIUSDT,484,2,1,BELOW,XUYEN_THAT,XUYEN_THAT,0,true,false,0,false
SUIUSDT,485,17,2,ABOVE,GIU,XUYEN_THAT,1,false,false,,
SUIUSDT,486,12,2,ABOVE,XUYEN_THAT,XUYEN_THAT,0,true,false,4,false
SUIUSDT,487,5,2,ABOVE,XUYEN_THAT,XUYEN_THAT,1,true,false,2,false
SUIUSDT,488,13,2,ABOVE,GIU,CHAN,3,false,false,,
SUIUSDT,490,18,2,BELOW,XUYEN_THAT,XUYEN_THAT,1,true,false,8,false
SUIUSDT,491,6,2,ABOVE,GIU,CHAN,3,false,false,,
SUIUSDT,492,3,2,BELOW,XUYEN_THAT,XUYEN_THAT,1,true,false,4,false
SUIUSDT,493,5,2,BELOW,XUYEN_THAT,XUYEN_THAT,1,true,false,0,true
SUIUSDT,494,31,2,ABOVE,PHA_GIA,XUYEN_THAT,0,true,true,1,false
SUIUSDT,495,15,2,BELOW,PHA_GIA,XUYEN_THAT,2,true,true,6,false
SUIUSDT,496,16,2,ABOVE,XUYEN_THAT,XUYEN_THAT,1,true,false,2,false
SUIUSDT,498,11,2,ABOVE,GIU,XUYEN_THAT,1,false,false,,
SUIUSDT,499,3,1,BELOW,XUYEN_THAT,XUYEN_THAT,2,true,false,8,false
SUIUSDT,500,1,1,ABOVE,GIU,CHAN,1,false,false,,
SUIUSDT,501,4,2,BELOW,XUYEN_THAT,XUYEN_THAT,0,true,false,1,false
SUIUSDT,502,1,1,BELOW,XUYEN_THAT,XUYEN_THAT,2,true,false,1,false
SUIUSDT,503,23,2,ABOVE,XUYEN_THAT,XUYEN_THAT,0,true,false,0,false
SUIUSDT,504,21,2,ABOVE,XUYEN_THAT,XUYEN_THAT,0,true,false,2,false
SUIUSDT,505,2,1,ABOVE,GIU,CHAN,2,false,false,,
SUIUSDT,506,21,2,ABOVE,PHA_GIA,XUYEN_THAT,1,true,true,4,false
SUIUSDT,507,29,2,ABOVE,GIU,XUYEN_THAT,1,false,false,,
SUIUSDT,509,23,2,BELOW,PHA_GIA,XUYEN_THAT,0,true,true,1,false
SUIUSDT,510,18,2,BELOW,PHA_GIA,XUYEN_THAT,4,true,true,2,false
SUIUSDT,511,11,2,BELOW,PHA_GIA,XUYEN_THAT,2,true,true,0,false
SUIUSDT,512,2,1,BELOW,GIU,CHAN,3,false,false,,
SUIUSDT,513,27,2,ABOVE,GIU,XUYEN_THAT,3,false,false,,
SUIUSDT,514,3,2,ABOVE,PHA_GIA,CHAN,1,true,true,7,false
SUIUSDT,516,5,2,BELOW,PHA_GIA,XUYEN_THAT,2,true,true,1,false
SUIUSDT,517,4,1,ABOVE,GIU,CHAN,2,false,false,,
SUIUSDT,518,15,2,BELOW,PHA_GIA,XUYEN_THAT,4,true,true,4,false
SUIUSDT,519,2,1,BELOW,GIU,CHAN,2,false,false,,
SUIUSDT,520,3,2,BELOW,PHA_GIA,CHAN,2,true,true,4,false
SUIUSDT,521,2,1,ABOVE,GIU,CHAN,2,false,false,,
SUIUSDT,522,1,1,BELOW,GIU,CHAN,2,false,false,,
SUIUSDT,523,12,2,ABOVE,GIU,XUYEN_THAT,3,false,false,,
SUIUSDT,524,7,2,BELOW,PHA_GIA,XUYEN_THAT,1,true,true,0,false
SUIUSDT,525,13,2,ABOVE,XUYEN_THAT,XUYEN_THAT,2,true,false,4,false
SUIUSDT,526,25,2,ABOVE,XUYEN_THAT,XUYEN_THAT,0,true,false,3,false
SUIUSDT,527,5,1,BELOW,GIU,CHAN,2,false,false,,
SUIUSDT,528,3,1,ABOVE,GIU,CHAN,3,false,false,,
SUIUSDT,529,12,2,BELOW,XUYEN_THAT,XUYEN_THAT,2,true,false,2,false
SUIUSDT,532,6,2,ABOVE,PHA_GIA,CHAN,2,true,true,5,false
SUIUSDT,533,3,2,ABOVE,XUYEN_THAT,XUYEN_THAT,0,true,false,5,false
SUIUSDT,534,1,1,ABOVE,PHA_GIA,CHAN,3,true,true,3,false
SUIUSDT,535,5,2,BELOW,PHA_GIA,XUYEN_THAT,2,true,true,3,false
SUIUSDT,538,5,1,BELOW,GIU,CHAN,1,false,false,,
SUIUSDT,539,10,2,BELOW,GIU,XUYEN_THAT,2,false,false,,
SUIUSDT,540,17,2,BELOW,XUYEN_THAT,XUYEN_THAT,1,true,false,1,false
SUIUSDT,541,7,2,BELOW,PHA_GIA,XUYEN_THAT,3,true,true,7,false
SUIUSDT,542,24,2,BELOW,XUYEN_THAT,XUYEN_THAT,0,true,false,2,false
SUIUSDT,543,3,2,BELOW,GIU,XUYEN_THAT,2,false,false,,
SUIUSDT,545,5,1,BELOW,GIU,CHAN,1,false,false,,
SUIUSDT,546,1,1,ABOVE,GIU,CHAN,0,false,false,,
SUIUSDT,547,10,2,BELOW,PHA_GIA,XUYEN_THAT,1,true,true,3,false
SUIUSDT,549,2,1,ABOVE,GIU,CHAN,1,false,false,,
SUIUSDT,550,6,2,BELOW,XUYEN_THAT,XUYEN_THAT,3,true,false,5,false
SUIUSDT,555,7,2,ABOVE,GIU,CHAN,3,false,false,,
SUIUSDT,556,1,1,BELOW,GIU,CHAN,2,false,false,,
SUIUSDT,557,8,2,ABOVE,GIU,XUYEN_THAT,2,false,false,,
SUIUSDT,560,3,2,BELOW,PHA_GIA,CHAN,2,true,true,5,false
SUIUSDT,561,4,1,ABOVE,GIU,CHAN,3,false,false,,
SUIUSDT,562,11,2,ABOVE,GIU,XUYEN_THAT,0,false,false,,
SUIUSDT,563,6,2,ABOVE,PHA_GIA,XUYEN_THAT,2,true,true,3,false
SUIUSDT,564,8,2,ABOVE,PHA_GIA,XUYEN_THAT,2,true,true,2,false
SUIUSDT,565,19,2,ABOVE,PHA_GIA,XUYEN_THAT,3,true,true,4,false
SUIUSDT,566,2,2,BELOW,PHA_GIA,XUYEN_THAT,3,true,true,1,false
SUIUSDT,567,3,2,ABOVE,XUYEN_THAT,XUYEN_THAT,0,true,false,2,false
SUIUSDT,568,12,2,ABOVE,PHA_GIA,XUYEN_THAT,3,true,true,1,false
SUIUSDT,569,9,2,ABOVE,GIU,XUYEN_THAT,1,false,false,,
SUIUSDT,571,6,1,BELOW,PHA_GIA,CHAN,2,true,true,6,false
SUIUSDT,572,8,2,BELOW,PHA_GIA,XUYEN_THAT,1,true,true,4,false
SUIUSDT,573,9,2,ABOVE,PHA_GIA,XUYEN_THAT,2,true,true,1,false
SUIUSDT,574,3,1,ABOVE,GIU,XUYEN_THAT,1,false,false,,
SUIUSDT,575,11,2,BELOW,GIU,XUYEN_THAT,2,false,false,,
SUIUSDT,576,26,2,ABOVE,XUYEN_THAT,XUYEN_THAT,2,true,false,7,false
SUIUSDT,577,15,2,BELOW,GIU,XUYEN_THAT,4,false,false,,
SUIUSDT,578,22,2,BELOW,XUYEN_THAT,XUYEN_THAT,2,true,false,6,false
SUIUSDT,580,20,2,BELOW,GIU,XUYEN_THAT,3,false,false,,
SUIUSDT,581,3,1,ABOVE,GIU,CHAN,3,false,false,,
SUIUSDT,582,8,2,BELOW,GIU,XUYEN_THAT,1,false,false,,
SUIUSDT,583,4,2,ABOVE,PHA_GIA,CHAN,3,true,true,7,false
SUIUSDT,584,4,2,BELOW,PHA_GIA,CHAN,3,true,true,2,false
SUIUSDT,585,7,2,BELOW,XUYEN_THAT,XUYEN_THAT,3,true,false,2,false
SUIUSDT,586,5,2,ABOVE,GIU,CHAN,2,false,false,,
SUIUSDT,587,6,2,BELOW,GIU,CHAN,5,false,false,,
SUIUSDT,588,2,1,ABOVE,GIU,CHAN,0,false,false,,
SUIUSDT,590,3,1,BELOW,GIU,CHAN,2,false,false,,
SUIUSDT,591,26,2,BELOW,GIU,XUYEN_THAT,1,false,false,,
SUIUSDT,592,39,2,BELOW,GIU,XUYEN_THAT,0,false,false,,
SUIUSDT,593,4,2,ABOVE,PHA_GIA,XUYEN_THAT,0,true,true,0,false
SUIUSDT,596,15,2,ABOVE,GIU,XUYEN_THAT,1,false,false,,
SUIUSDT,597,2,1,ABOVE,XUYEN_THAT,XUYEN_THAT,0,true,false,8,false
SUIUSDT,601,13,2,BELOW,GIU,XUYEN_THAT,2,false,false,,
SUIUSDT,602,17,2,BELOW,PHA_GIA,XUYEN_THAT,1,true,true,1,false
SUIUSDT,603,5,1,BELOW,GIU,CHAN,1,false,false,,
SUIUSDT,604,2,1,ABOVE,GIU,CHAN,4,false,false,,
SUIUSDT,605,4,1,BELOW,GIU,CHAN,0,false,false,,
SUIUSDT,606,23,2,ABOVE,PHA_GIA,XUYEN_THAT,2,true,true,4,false
SUIUSDT,607,5,1,BELOW,GIU,XUYEN_THAT,1,false,false,,
SUIUSDT,608,6,2,ABOVE,GIU,XUYEN_THAT,1,false,false,,
SUIUSDT,611,19,2,BELOW,PHA_GIA,XUYEN_THAT,1,true,true,2,false
SUIUSDT,612,5,1,BELOW,GIU,CHAN,3,false,false,,
SUIUSDT,614,18,2,BELOW,PHA_GIA,XUYEN_THAT,1,true,true,3,false
SUIUSDT,615,12,2,BELOW,GIU,CHAN,3,false,false,,
SUIUSDT,616,7,2,ABOVE,GIU,XUYEN_THAT,4,false,false,,
SUIUSDT,617,5,2,BELOW,XUYEN_THAT,XUYEN_THAT,1,true,false,0,false
SUIUSDT,618,3,2,BELOW,XUYEN_THAT,XUYEN_THAT,2,true,false,2,false
SUIUSDT,619,14,2,BELOW,PHA_GIA,XUYEN_THAT,3,true,true,7,false
SUIUSDT,620,2,2,BELOW,PHA_GIA,CHAN,2,true,true,8,false
SUIUSDT,621,14,2,BELOW,PHA_GIA,XUYEN_THAT,1,true,true,0,false
SUIUSDT,622,29,2,BELOW,GIU,XUYEN_THAT,3,false,false,,
SUIUSDT,623,2,2,BELOW,PHA_GIA,CHAN,1,true,true,3,false
SUIUSDT,624,3,1,ABOVE,GIU,CHAN,1,false,false,,
SUIUSDT,625,4,2,BELOW,PHA_GIA,CHAN,2,true,true,3,false
SUIUSDT,626,3,2,ABOVE,PHA_GIA,CHAN,1,true,true,8,false
SUIUSDT,627,8,2,ABOVE,XUYEN_THAT,XUYEN_THAT,2,true,false,2,false
SUIUSDT,630,2,1,ABOVE,XUYEN_THAT,XUYEN_THAT,1,true,false,1,false
SUIUSDT,632,9,2,ABOVE,GIU,XUYEN_THAT,3,false,false,,
SUIUSDT,633,6,2,ABOVE,GIU,XUYEN_THAT,2,false,false,,
SUIUSDT,634,12,2,BELOW,PHA_GIA,XUYEN_THAT,3,true,true,8,true
SUIUSDT,636,2,1,BELOW,PHA_GIA,CHAN,3,true,true,4,false
SUIUSDT,637,9,2,BELOW,PHA_GIA,XUYEN_THAT,3,true,true,1,false
SUIUSDT,638,1,1,ABOVE,GIU,CHAN,3,false,false,,
SUIUSDT,639,9,2,ABOVE,PHA_GIA,XUYEN_THAT,2,true,true,1,true
SUIUSDT,640,10,2,BELOW,GIU,XUYEN_THAT,3,false,false,,
SUIUSDT,641,3,1,BELOW,GIU,CHAN,2,false,false,,
SUIUSDT,642,5,2,ABOVE,GIU,XUYEN_THAT,4,false,false,,
SUIUSDT,643,9,1,BELOW,GIU,CHAN,5,false,false,,
SUIUSDT,644,7,2,ABOVE,GIU,XUYEN_THAT,2,false,false,,
SUIUSDT,645,16,2,BELOW,GIU,XUYEN_THAT,4,false,false,,
SUIUSDT,646,23,2,ABOVE,PHA_GIA,XUYEN_THAT,2,true,true,1,false
SUIUSDT,647,6,2,ABOVE,GIU,XUYEN_THAT,3,false,false,,
SUIUSDT,648,23,2,BELOW,GIU,XUYEN_THAT,3,false,false,,
SUIUSDT,649,2,1,ABOVE,GIU,CHAN,3,false,false,,
1000PEPEUSDT,2,6,2,BELOW,GIU,XUYEN_THAT,2,false,false,,
1000PEPEUSDT,3,9,1,BELOW,GIU,CHAN,1,false,false,,
1000PEPEUSDT,5,2,1,BELOW,GIU,CHAN,3,false,false,,
1000PEPEUSDT,6,5,2,BELOW,PHA_GIA,XUYEN_THAT,1,true,true,3,false
1000PEPEUSDT,7,1,1,ABOVE,GIU,CHAN,3,false,false,,
1000PEPEUSDT,8,9,2,BELOW,GIU,XUYEN_THAT,2,false,false,,
1000PEPEUSDT,9,3,2,ABOVE,PHA_GIA,CHAN,2,true,true,3,false
1000PEPEUSDT,10,9,2,ABOVE,XUYEN_THAT,XUYEN_THAT,1,true,false,0,false
1000PEPEUSDT,11,5,1,ABOVE,XUYEN_THAT,XUYEN_THAT,1,true,false,4,false
1000PEPEUSDT,14,8,2,BELOW,GIU,CHAN,2,false,false,,
1000PEPEUSDT,19,3,2,BELOW,GIU,XUYEN_THAT,2,false,false,,
1000PEPEUSDT,20,1,1,ABOVE,GIU,CHAN,1,false,false,,
1000PEPEUSDT,21,2,1,BELOW,PHA_GIA,CHAN,2,true,true,0,false
1000PEPEUSDT,22,6,1,BELOW,PHA_GIA,CHAN,1,true,true,7,false
1000PEPEUSDT,23,6,1,ABOVE,GIU,XUYEN_THAT,3,false,false,,
1000PEPEUSDT,24,5,1,BELOW,GIU,CHAN,4,false,false,,
1000PEPEUSDT,25,3,2,BELOW,PHA_GIA,CHAN,1,true,true,2,false
1000PEPEUSDT,26,2,1,BELOW,PHA_GIA,CHAN,4,true,true,7,false
1000PEPEUSDT,27,15,2,ABOVE,GIU,XUYEN_THAT,3,false,false,,
1000PEPEUSDT,28,23,2,ABOVE,GIU,XUYEN_THAT,1,false,false,,
1000PEPEUSDT,29,22,2,ABOVE,PHA_GIA,XUYEN_THAT,1,true,true,0,false
1000PEPEUSDT,30,4,2,BELOW,GIU,CHAN,2,false,false,,
1000PEPEUSDT,33,18,2,BELOW,PHA_GIA,XUYEN_THAT,0,true,true,1,false
1000PEPEUSDT,35,23,2,BELOW,GIU,XUYEN_THAT,4,false,false,,
1000PEPEUSDT,36,7,2,BELOW,GIU,CHAN,3,false,false,,
1000PEPEUSDT,39,5,2,ABOVE,PHA_GIA,XUYEN_THAT,1,true,true,0,false
1000PEPEUSDT,40,9,2,BELOW,GIU,XUYEN_THAT,1,false,false,,
1000PEPEUSDT,41,13,1,ABOVE,GIU,CHAN,2,false,false,,
1000PEPEUSDT,42,6,2,BELOW,GIU,XUYEN_THAT,4,false,false,,
1000PEPEUSDT,43,4,1,ABOVE,GIU,CHAN,3,false,false,,
1000PEPEUSDT,44,3,1,BELOW,GIU,CHAN,4,false,false,,
1000PEPEUSDT,45,8,1,BELOW,GIU,CHAN,2,false,false,,
1000PEPEUSDT,46,16,2,BELOW,PHA_GIA,XUYEN_THAT,1,true,true,1,false
1000PEPEUSDT,47,2,1,ABOVE,PHA_GIA,CHAN,2,true,true,3,false
1000PEPEUSDT,48,7,2,ABOVE,GIU,XUYEN_THAT,1,false,false,,
1000PEPEUSDT,49,40,2,BELOW,GIU,XUYEN_THAT,2,false,false,,
1000PEPEUSDT,50,2,1,ABOVE,GIU,CHAN,2,false,false,,
1000PEPEUSDT,54,11,2,ABOVE,GIU,XUYEN_THAT,1,false,false,,
1000PEPEUSDT,55,3,1,BELOW,PHA_GIA,CHAN,2,true,true,0,false
1000PEPEUSDT,57,9,2,ABOVE,XUYEN_THAT,XUYEN_THAT,1,true,false,7,false
1000PEPEUSDT,58,5,1,ABOVE,GIU,CHAN,2,false,false,,
1000PEPEUSDT,59,4,1,BELOW,GIU,CHAN,3,false,false,,
1000PEPEUSDT,61,14,2,BELOW,GIU,XUYEN_THAT,2,false,false,,
1000PEPEUSDT,62,1,1,ABOVE,XUYEN_THAT,XUYEN_THAT,1,true,false,1,false
1000PEPEUSDT,63,2,1,ABOVE,XUYEN_THAT,XUYEN_THAT,0,true,false,7,false
1000PEPEUSDT,64,6,2,ABOVE,PHA_GIA,CHAN,2,true,true,4,false
1000PEPEUSDT,65,2,2,ABOVE,PHA_GIA,CHAN,0,true,true,1,false
1000PEPEUSDT,66,5,1,BELOW,XUYEN_THAT,XUYEN_THAT,3,true,false,3,false
1000PEPEUSDT,67,11,2,ABOVE,GIU,XUYEN_THAT,2,false,false,,
1000PEPEUSDT,68,3,2,ABOVE,XUYEN_THAT,XUYEN_THAT,1,true,false,1,false
1000PEPEUSDT,70,1,1,BELOW,GIU,CHAN,3,false,false,,
1000PEPEUSDT,71,8,2,ABOVE,XUYEN_THAT,XUYEN_THAT,3,true,false,4,false
1000PEPEUSDT,73,18,2,BELOW,GIU,XUYEN_THAT,2,false,false,,
1000PEPEUSDT,74,5,2,BELOW,PHA_GIA,CHAN,2,true,true,2,false
1000PEPEUSDT,75,9,2,ABOVE,PHA_GIA,CHAN,3,true,true,3,false
1000PEPEUSDT,76,2,1,BELOW,GIU,CHAN,3,false,false,,
1000PEPEUSDT,78,2,1,ABOVE,GIU,CHAN,3,false,false,,
1000PEPEUSDT,79,1,1,BELOW,GIU,CHAN,0,false,false,,
1000PEPEUSDT,80,12,2,ABOVE,GIU,XUYEN_THAT,1,false,false,,
1000PEPEUSDT,81,1,1,ABOVE,GIU,CHAN,1,false,false,,
1000PEPEUSDT,82,2,2,BELOW,XUYEN_THAT,XUYEN_THAT,1,true,false,5,false
1000PEPEUSDT,83,9,2,BELOW,GIU,XUYEN_THAT,2,false,false,,
1000PEPEUSDT,85,2,1,BELOW,PHA_GIA,CHAN,1,true,true,2,false
1000PEPEUSDT,86,3,2,BELOW,GIU,XUYEN_THAT,1,false,false,,
1000PEPEUSDT,87,13,2,ABOVE,PHA_GIA,XUYEN_THAT,0,true,true,1,false
1000PEPEUSDT,88,3,2,BELOW,PHA_GIA,CHAN,2,true,true,1,false
1000PEPEUSDT,89,1,1,ABOVE,GIU,CHAN,1,false,false,,
1000PEPEUSDT,91,3,2,BELOW,PHA_GIA,CHAN,2,true,true,2,false
1000PEPEUSDT,92,14,2,ABOVE,GIU,XUYEN_THAT,1,false,false,,
1000PEPEUSDT,94,4,2,BELOW,PHA_GIA,XUYEN_THAT,1,true,true,4,false
1000PEPEUSDT,95,4,2,BELOW,PHA_GIA,CHAN,0,true,true,1,false
1000PEPEUSDT,96,5,1,ABOVE,GIU,CHAN,1,false,false,,
1000PEPEUSDT,97,1,1,ABOVE,PHA_GIA,CHAN,2,true,true,1,false
1000PEPEUSDT,98,6,1,BELOW,GIU,CHAN,3,false,false,,
1000PEPEUSDT,102,28,2,BELOW,PHA_GIA,XUYEN_THAT,1,true,true,4,false
1000PEPEUSDT,103,3,1,BELOW,GIU,CHAN,3,false,false,,
1000PEPEUSDT,104,1,1,BELOW,GIU,CHAN,1,false,false,,
1000PEPEUSDT,105,9,2,BELOW,GIU,XUYEN_THAT,2,false,false,,
1000PEPEUSDT,106,1,1,BELOW,GIU,CHAN,2,false,false,,
1000PEPEUSDT,107,7,2,BELOW,PHA_GIA,XUYEN_THAT,0,true,true,1,false
1000PEPEUSDT,109,23,2,ABOVE,XUYEN_THAT,XUYEN_THAT,1,true,false,8,false
1000PEPEUSDT,110,1,1,ABOVE,GIU,CHAN,2,false,false,,
1000PEPEUSDT,111,2,1,ABOVE,GIU,CHAN,3,false,false,,
1000PEPEUSDT,112,1,1,BELOW,GIU,CHAN,2,false,false,,
1000PEPEUSDT,113,2,2,BELOW,PHA_GIA,CHAN,3,true,true,1,false
1000PEPEUSDT,114,3,1,ABOVE,GIU,CHAN,0,false,false,,
1000PEPEUSDT,115,5,2,BELOW,GIU,CHAN,2,false,false,,
1000PEPEUSDT,117,7,2,ABOVE,GIU,CHAN,3,false,false,,
1000PEPEUSDT,118,1,1,BELOW,GIU,CHAN,4,false,false,,
1000PEPEUSDT,120,2,1,BELOW,GIU,CHAN,1,false,false,,
1000PEPEUSDT,122,13,2,BELOW,GIU,XUYEN_THAT,3,false,false,,
1000PEPEUSDT,123,10,2,BELOW,GIU,XUYEN_THAT,1,false,false,,
1000PEPEUSDT,124,3,2,BELOW,PHA_GIA,CHAN,1,true,true,6,false
1000PEPEUSDT,125,4,2,ABOVE,PHA_GIA,CHAN,2,true,true,4,false
1000PEPEUSDT,126,7,2,BELOW,GIU,XUYEN_THAT,2,false,false,,
1000PEPEUSDT,127,3,1,ABOVE,GIU,CHAN,1,false,false,,
1000PEPEUSDT,128,6,2,BELOW,GIU,XUYEN_THAT,4,false,false,,
1000PEPEUSDT,130,5,2,ABOVE,GIU,XUYEN_THAT,1,false,false,,
1000PEPEUSDT,131,9,2,BELOW,GIU,CHAN,2,false,false,,
1000PEPEUSDT,133,1,1,BELOW,XUYEN_THAT,XUYEN_THAT,0,true,false,2,false
1000PEPEUSDT,134,4,1,ABOVE,GIU,CHAN,1,false,false,,
1000PEPEUSDT,135,3,1,ABOVE,GIU,CHAN,3,false,false,,
1000PEPEUSDT,136,1,1,ABOVE,GIU,CHAN,1,false,false,,
1000PEPEUSDT,137,5,2,ABOVE,PHA_GIA,CHAN,0,true,true,0,false
1000PEPEUSDT,138,1,1,BELOW,GIU,CHAN,3,false,false,,
1000PEPEUSDT,139,13,2,BELOW,GIU,XUYEN_THAT,1,false,false,,
1000PEPEUSDT,140,9,2,BELOW,GIU,XUYEN_THAT,2,false,false,,
1000PEPEUSDT,142,1,1,BELOW,XUYEN_THAT,XUYEN_THAT,1,true,false,0,false
1000PEPEUSDT,144,2,2,ABOVE,PHA_GIA,CHAN,0,true,true,0,false
1000PEPEUSDT,145,12,2,BELOW,GIU,XUYEN_THAT,1,false,false,,
1000PEPEUSDT,146,5,2,BELOW,XUYEN_THAT,XUYEN_THAT,1,true,false,8,false
1000PEPEUSDT,147,17,2,BELOW,XUYEN_THAT,XUYEN_THAT,0,true,false,0,false
1000PEPEUSDT,148,3,2,ABOVE,XUYEN_THAT,XUYEN_THAT,1,true,false,2,false
1000PEPEUSDT,149,7,2,ABOVE,GIU,XUYEN_THAT,1,false,false,,
1000PEPEUSDT,150,11,2,BELOW,XUYEN_THAT,XUYEN_THAT,4,true,false,3,false
1000PEPEUSDT,151,22,2,BELOW,XUYEN_THAT,XUYEN_THAT,2,true,false,5,false
1000PEPEUSDT,152,8,2,BELOW,PHA_GIA,XUYEN_THAT,4,true,true,5,false
1000PEPEUSDT,154,40,2,BELOW,GIU,XUYEN_THAT,3,false,false,,
1000PEPEUSDT,155,13,2,BELOW,XUYEN_THAT,XUYEN_THAT,4,true,false,0,false
1000PEPEUSDT,156,1,1,BELOW,GIU,CHAN,3,false,false,,
1000PEPEUSDT,157,19,2,BELOW,GIU,XUYEN_THAT,0,false,false,,
1000PEPEUSDT,158,3,1,ABOVE,GIU,CHAN,2,false,false,,
1000PEPEUSDT,159,2,2,ABOVE,PHA_GIA,XUYEN_THAT,3,true,true,2,false
1000PEPEUSDT,160,10,2,BELOW,XUYEN_THAT,XUYEN_THAT,1,true,false,0,false
1000PEPEUSDT,161,13,2,BELOW,GIU,XUYEN_THAT,2,false,false,,
1000PEPEUSDT,162,13,2,BELOW,PHA_GIA,XUYEN_THAT,1,true,true,0,false
1000PEPEUSDT,163,9,2,BELOW,XUYEN_THAT,XUYEN_THAT,1,true,false,0,false
1000PEPEUSDT,164,5,2,BELOW,PHA_GIA,CHAN,3,true,true,4,false
1000PEPEUSDT,165,3,1,ABOVE,GIU,CHAN,1,false,false,,
1000PEPEUSDT,166,9,2,ABOVE,PHA_GIA,XUYEN_THAT,1,true,true,2,false
1000PEPEUSDT,167,35,2,BELOW,GIU,XUYEN_THAT,2,false,false,,
1000PEPEUSDT,168,2,1,BELOW,GIU,CHAN,2,false,false,,
1000PEPEUSDT,170,8,2,BELOW,PHA_GIA,CHAN,1,true,true,4,false
1000PEPEUSDT,171,23,2,ABOVE,GIU,XUYEN_THAT,1,false,false,,
1000PEPEUSDT,172,5,1,ABOVE,XUYEN_THAT,XUYEN_THAT,1,true,false,0,false
1000PEPEUSDT,173,6,2,BELOW,GIU,CHAN,3,false,false,,
1000PEPEUSDT,175,3,2,BELOW,XUYEN_THAT,XUYEN_THAT,0,true,false,0,false
1000PEPEUSDT,176,7,2,BELOW,XUYEN_THAT,XUYEN_THAT,3,true,false,2,false
1000PEPEUSDT,177,20,2,ABOVE,XUYEN_THAT,XUYEN_THAT,3,true,false,8,false
1000PEPEUSDT,178,2,1,BELOW,GIU,CHAN,3,false,false,,
1000PEPEUSDT,179,3,2,ABOVE,PHA_GIA,CHAN,3,true,true,1,false
1000PEPEUSDT,180,1,1,BELOW,GIU,CHAN,2,false,false,,
1000PEPEUSDT,181,4,2,BELOW,PHA_GIA,CHAN,2,true,true,1,false
1000PEPEUSDT,182,10,2,ABOVE,GIU,XUYEN_THAT,2,false,false,,
1000PEPEUSDT,184,2,2,BELOW,XUYEN_THAT,XUYEN_THAT,1,true,false,1,false
1000PEPEUSDT,185,13,2,BELOW,PHA_GIA,XUYEN_THAT,1,true,true,7,false
1000PEPEUSDT,186,2,1,ABOVE,XUYEN_THAT,XUYEN_THAT,2,true,false,7,false
1000PEPEUSDT,187,19,2,BELOW,GIU,XUYEN_THAT,1,false,false,,
1000PEPEUSDT,188,5,2,BELOW,PHA_GIA,XUYEN_THAT,1,true,true,1,false
1000PEPEUSDT,189,4,2,BELOW,PHA_GIA,XUYEN_THAT,2,true,true,7,false
1000PEPEUSDT,190,13,2,BELOW,GIU,XUYEN_THAT,2,false,false,,
1000PEPEUSDT,191,1,1,BELOW,GIU,CHAN,1,false,false,,
1000PEPEUSDT,192,1,1,BELOW,PHA_GIA,CHAN,1,true,true,0,false
1000PEPEUSDT,193,4,2,ABOVE,PHA_GIA,XUYEN_THAT,4,true,true,4,false
1000PEPEUSDT,195,6,2,ABOVE,GIU,XUYEN_THAT,2,false,false,,
1000PEPEUSDT,196,12,2,BELOW,GIU,XUYEN_THAT,0,false,false,,
1000PEPEUSDT,197,8,2,BELOW,GIU,XUYEN_THAT,3,false,false,,
1000PEPEUSDT,199,19,2,ABOVE,GIU,XUYEN_THAT,2,false,false,,
1000PEPEUSDT,200,8,2,BELOW,PHA_GIA,XUYEN_THAT,2,true,true,2,false
1000PEPEUSDT,201,16,2,ABOVE,GIU,CHAN,1,false,false,,
1000PEPEUSDT,202,7,2,ABOVE,GIU,XUYEN_THAT,2,false,false,,
1000PEPEUSDT,204,8,2,ABOVE,PHA_GIA,XUYEN_THAT,1,true,true,0,false
1000PEPEUSDT,205,6,2,BELOW,GIU,XUYEN_THAT,1,false,false,,
1000PEPEUSDT,206,2,1,ABOVE,XUYEN_THAT,XUYEN_THAT,3,true,false,4,false
1000PEPEUSDT,207,8,2,BELOW,PHA_GIA,XUYEN_THAT,1,true,true,1,false
1000PEPEUSDT,208,2,1,ABOVE,GIU,CHAN,1,false,false,,
1000PEPEUSDT,209,1,1,BELOW,PHA_GIA,CHAN,2,true,true,1,false
1000PEPEUSDT,210,3,1,BELOW,GIU,CHAN,2,false,false,,
1000PEPEUSDT,211,1,1,BELOW,XUYEN_THAT,XUYEN_THAT,2,true,false,1,false
1000PEPEUSDT,212,24,2,ABOVE,GIU,XUYEN_THAT,2,false,false,,
1000PEPEUSDT,213,6,2,BELOW,GIU,XUYEN_THAT,2,false,false,,
1000PEPEUSDT,214,5,2,BELOW,GIU,CHAN,2,false,false,,
1000PEPEUSDT,215,7,2,ABOVE,PHA_GIA,XUYEN_THAT,4,true,true,5,false
1000PEPEUSDT,216,2,1,ABOVE,GIU,CHAN,2,false,false,,
1000PEPEUSDT,217,7,2,BELOW,XUYEN_THAT,XUYEN_THAT,4,true,false,4,false
1000PEPEUSDT,218,25,2,ABOVE,GIU,XUYEN_THAT,1,false,false,,
1000PEPEUSDT,220,6,2,ABOVE,XUYEN_THAT,XUYEN_THAT,1,true,false,0,false
1000PEPEUSDT,221,17,2,ABOVE,XUYEN_THAT,XUYEN_THAT,1,true,false,2,false
1000PEPEUSDT,222,12,2,BELOW,GIU,XUYEN_THAT,3,false,false,,
1000PEPEUSDT,223,3,2,ABOVE,XUYEN_THAT,XUYEN_THAT,3,true,false,8,true
1000PEPEUSDT,224,15,2,BELOW,GIU,XUYEN_THAT,4,false,false,,
1000PEPEUSDT,225,28,2,ABOVE,GIU,CHAN,3,false,false,,
1000PEPEUSDT,226,8,2,ABOVE,XUYEN_THAT,XUYEN_THAT,1,true,false,2,false
1000PEPEUSDT,228,7,2,ABOVE,GIU,XUYEN_THAT,2,false,false,,
1000PEPEUSDT,229,8,2,ABOVE,XUYEN_THAT,XUYEN_THAT,3,true,false,3,false
1000PEPEUSDT,230,12,2,BELOW,GIU,XUYEN_THAT,4,false,false,,
1000PEPEUSDT,231,3,1,ABOVE,GIU,CHAN,2,false,false,,
1000PEPEUSDT,232,19,2,BELOW,GIU,XUYEN_THAT,5,false,false,,
1000PEPEUSDT,233,30,2,BELOW,GIU,XUYEN_THAT,3,false,false,,
1000PEPEUSDT,234,8,2,BELOW,XUYEN_THAT,XUYEN_THAT,2,true,false,5,false
1000PEPEUSDT,236,13,2,BELOW,XUYEN_THAT,XUYEN_THAT,2,true,false,1,false
1000PEPEUSDT,239,9,2,BELOW,GIU,XUYEN_THAT,1,false,false,,
1000PEPEUSDT,240,21,2,BELOW,PHA_GIA,XUYEN_THAT,1,true,true,2,false
1000PEPEUSDT,241,8,2,ABOVE,GIU,CHAN,1,false,false,,
1000PEPEUSDT,242,2,2,ABOVE,XUYEN_THAT,XUYEN_THAT,3,true,false,5,false
1000PEPEUSDT,243,1,1,BELOW,GIU,CHAN,2,false,false,,
1000PEPEUSDT,245,11,2,BELOW,PHA_GIA,XUYEN_THAT,2,true,true,1,false
1000PEPEUSDT,246,2,1,ABOVE,GIU,CHAN,3,false,false,,
1000PEPEUSDT,247,7,2,ABOVE,PHA_GIA,XUYEN_THAT,4,true,true,6,false
1000PEPEUSDT,248,1,1,BELOW,GIU,CHAN,2,false,false,,
1000PEPEUSDT,250,7,2,ABOVE,PHA_GIA,XUYEN_THAT,2,true,true,7,false
1000PEPEUSDT,251,23,2,BELOW,GIU,XUYEN_THAT,3,false,false,,
1000PEPEUSDT,252,3,2,BELOW,PHA_GIA,CHAN,1,true,true,1,false
1000PEPEUSDT,253,7,2,BELOW,XUYEN_THAT,XUYEN_THAT,1,true,false,1,false
1000PEPEUSDT,254,2,1,ABOVE,PHA_GIA,CHAN,1,true,true,4,false
1000PEPEUSDT,255,24,2,BELOW,XUYEN_THAT,XUYEN_THAT,2,true,false,8,false
1000PEPEUSDT,256,11,2,BELOW,PHA_GIA,XUYEN_THAT,2,true,true,5,false
1000PEPEUSDT,257,1,1,BELOW,GIU,CHAN,3,false,false,,
1000PEPEUSDT,258,6,2,BELOW,GIU,XUYEN_THAT,3,false,false,,
1000PEPEUSDT,260,8,2,BELOW,PHA_GIA,XUYEN_THAT,2,true,true,2,false
1000PEPEUSDT,261,28,2,BELOW,GIU,XUYEN_THAT,2,false,false,,
1000PEPEUSDT,262,2,2,BELOW,PHA_GIA,CHAN,2,true,true,1,false
1000PEPEUSDT,263,4,1,BELOW,GIU,CHAN,1,false,false,,
1000PEPEUSDT,266,2,1,ABOVE,PHA_GIA,CHAN,2,true,true,0,false
1000PEPEUSDT,267,2,1,BELOW,XUYEN_THAT,XUYEN_THAT,0,true,false,5,false
1000PEPEUSDT,268,16,2,ABOVE,PHA_GIA,XUYEN_THAT,3,true,true,4,false
1000PEPEUSDT,269,3,2,ABOVE,XUYEN_THAT,XUYEN_THAT,1,true,false,0,false
1000PEPEUSDT,270,17,2,BELOW,GIU,CHAN,1,false,false,,
1000PEPEUSDT,271,9,2,ABOVE,GIU,XUYEN_THAT,1,false,false,,
1000PEPEUSDT,272,15,2,BELOW,GIU,XUYEN_THAT,3,false,false,,
1000PEPEUSDT,273,4,1,ABOVE,GIU,CHAN,3,false,false,,
1000PEPEUSDT,275,1,1,BELOW,PHA_GIA,CHAN,2,true,true,0,false
1000PEPEUSDT,276,1,1,BELOW,GIU,CHAN,1,false,false,,
1000PEPEUSDT,277,2,2,ABOVE,XUYEN_THAT,XUYEN_THAT,2,true,false,1,false
1000PEPEUSDT,278,8,2,BELOW,GIU,CHAN,3,false,false,,
1000PEPEUSDT,279,13,2,ABOVE,GIU,XUYEN_THAT,1,false,false,,
1000PEPEUSDT,280,10,2,BELOW,XUYEN_THAT,XUYEN_THAT,2,true,false,2,false
1000PEPEUSDT,281,3,1,ABOVE,GIU,XUYEN_THAT,2,false,false,,
1000PEPEUSDT,283,13,2,ABOVE,GIU,XUYEN_THAT,1,false,false,,
1000PEPEUSDT,284,11,2,ABOVE,PHA_GIA,CHAN,1,true,true,1,false
1000PEPEUSDT,285,3,2,BELOW,PHA_GIA,XUYEN_THAT,0,true,true,0,false
1000PEPEUSDT,287,12,2,BELOW,GIU,XUYEN_THAT,3,false,false,,
1000PEPEUSDT,288,10,2,ABOVE,XUYEN_THAT,XUYEN_THAT,3,true,false,6,false
1000PEPEUSDT,289,15,2,BELOW,PHA_GIA,XUYEN_THAT,1,true,true,0,false
1000PEPEUSDT,290,6,1,ABOVE,GIU,CHAN,5,false,false,,
1000PEPEUSDT,293,22,2,ABOVE,GIU,XUYEN_THAT,1,false,false,,
1000PEPEUSDT,294,12,2,BELOW,PHA_GIA,XUYEN_THAT,1,true,true,2,false
1000PEPEUSDT,295,12,2,BELOW,PHA_GIA,XUYEN_THAT,1,true,true,1,false
1000PEPEUSDT,296,4,2,ABOVE,PHA_GIA,XUYEN_THAT,1,true,true,1,false
1000PEPEUSDT,298,3,1,ABOVE,GIU,CHAN,1,false,false,,
1000PEPEUSDT,299,2,1,BELOW,XUYEN_THAT,XUYEN_THAT,1,true,false,4,false
1000PEPEUSDT,300,6,2,BELOW,XUYEN_THAT,XUYEN_THAT,0,true,false,2,false
1000PEPEUSDT,301,30,2,BELOW,XUYEN_THAT,XUYEN_THAT,1,true,false,2,false
1000PEPEUSDT,302,7,2,BELOW,PHA_GIA,CHAN,1,true,true,0,false
1000PEPEUSDT,303,6,1,BELOW,GIU,CHAN,3,false,false,,
1000PEPEUSDT,305,5,2,BELOW,PHA_GIA,XUYEN_THAT,0,true,true,0,false
1000PEPEUSDT,306,32,2,BELOW,PHA_GIA,XUYEN_THAT,2,true,true,3,false
1000PEPEUSDT,307,22,2,BELOW,GIU,CHAN,5,false,false,,
1000PEPEUSDT,308,4,2,ABOVE,XUYEN_THAT,XUYEN_THAT,2,true,false,7,false
1000PEPEUSDT,309,16,2,BELOW,PHA_GIA,XUYEN_THAT,3,true,true,1,false
1000PEPEUSDT,313,6,2,BELOW,PHA_GIA,XUYEN_THAT,2,true,true,6,false
1000PEPEUSDT,315,1,1,BELOW,XUYEN_THAT,XUYEN_THAT,1,true,false,5,false
1000PEPEUSDT,316,7,2,BELOW,XUYEN_THAT,XUYEN_THAT,2,true,false,3,false
1000PEPEUSDT,317,8,2,ABOVE,PHA_GIA,XUYEN_THAT,3,true,true,6,false
1000PEPEUSDT,320,1,1,BELOW,GIU,CHAN,2,false,false,,
1000PEPEUSDT,321,10,2,ABOVE,PHA_GIA,XUYEN_THAT,1,true,true,6,false
1000PEPEUSDT,323,5,2,BELOW,XUYEN_THAT,XUYEN_THAT,3,true,false,6,false
1000PEPEUSDT,324,2,1,BELOW,PHA_GIA,CHAN,2,true,true,6,false
1000PEPEUSDT,326,15,2,BELOW,PHA_GIA,XUYEN_THAT,2,true,true,5,false
1000PEPEUSDT,327,6,2,BELOW,PHA_GIA,CHAN,2,true,true,1,false
1000PEPEUSDT,328,4,1,ABOVE,GIU,CHAN,2,false,false,,
1000PEPEUSDT,329,12,2,ABOVE,PHA_GIA,XUYEN_THAT,2,true,true,2,false
1000PEPEUSDT,330,13,2,BELOW,XUYEN_THAT,XUYEN_THAT,3,true,false,4,false
1000PEPEUSDT,331,13,2,ABOVE,XUYEN_THAT,XUYEN_THAT,2,true,false,1,false
1000PEPEUSDT,332,13,2,ABOVE,PHA_GIA,XUYEN_THAT,2,true,true,6,false
1000PEPEUSDT,333,24,2,ABOVE,XUYEN_THAT,XUYEN_THAT,1,true,false,1,false
1000PEPEUSDT,334,7,2,ABOVE,PHA_GIA,XUYEN_THAT,2,true,true,3,false
1000PEPEUSDT,335,8,2,ABOVE,GIU,CHAN,3,false,false,,
1000PEPEUSDT,336,7,2,ABOVE,GIU,XUYEN_THAT,3,false,false,,
1000PEPEUSDT,337,1,1,ABOVE,GIU,CHAN,1,false,false,,
1000PEPEUSDT,338,5,2,BELOW,GIU,XUYEN_THAT,2,false,false,,
1000PEPEUSDT,339,5,1,BELOW,GIU,CHAN,0,false,false,,
1000PEPEUSDT,340,3,2,BELOW,PHA_GIA,XUYEN_THAT,0,true,true,0,false
1000PEPEUSDT,342,29,2,BELOW,GIU,XUYEN_THAT,2,false,false,,
1000PEPEUSDT,343,2,2,BELOW,PHA_GIA,XUYEN_THAT,0,true,true,0,false
1000PEPEUSDT,344,6,2,ABOVE,GIU,XUYEN_THAT,2,false,false,,
1000PEPEUSDT,346,15,2,ABOVE,GIU,XUYEN_THAT,2,false,false,,
1000PEPEUSDT,347,1,1,BELOW,GIU,CHAN,2,false,false,,
1000PEPEUSDT,348,1,1,BELOW,GIU,CHAN,3,false,false,,
1000PEPEUSDT,349,7,2,BELOW,GIU,XUYEN_THAT,3,false,false,,
1000PEPEUSDT,350,13,2,ABOVE,GIU,XUYEN_THAT,3,false,false,,
1000PEPEUSDT,351,4,2,ABOVE,XUYEN_THAT,XUYEN_THAT,1,true,false,3,false
1000PEPEUSDT,352,13,2,BELOW,GIU,XUYEN_THAT,2,false,false,,
1000PEPEUSDT,353,2,2,ABOVE,PHA_GIA,CHAN,3,true,true,1,false
1000PEPEUSDT,354,33,2,ABOVE,PHA_GIA,XUYEN_THAT,1,true,true,6,false
1000PEPEUSDT,355,12,2,BELOW,PHA_GIA,XUYEN_THAT,2,true,true,1,false
1000PEPEUSDT,356,31,2,ABOVE,XUYEN_THAT,XUYEN_THAT,3,true,false,2,false
1000PEPEUSDT,357,1,1,BELOW,GIU,CHAN,1,false,false,,
1000PEPEUSDT,358,4,2,BELOW,PHA_GIA,XUYEN_THAT,3,true,true,4,false
1000PEPEUSDT,359,25,2,BELOW,GIU,XUYEN_THAT,0,false,false,,
1000PEPEUSDT,360,39,2,ABOVE,XUYEN_THAT,XUYEN_THAT,1,true,false,2,false
1000PEPEUSDT,361,9,2,ABOVE,XUYEN_THAT,XUYEN_THAT,4,true,false,8,false
1000PEPEUSDT,362,12,2,BELOW,XUYEN_THAT,XUYEN_THAT,2,true,false,3,false
1000PEPEUSDT,363,14,2,ABOVE,PHA_GIA,XUYEN_THAT,4,true,true,3,false
1000PEPEUSDT,364,7,2,BELOW,PHA_GIA,CHAN,2,true,true,2,false
1000PEPEUSDT,365,20,2,ABOVE,GIU,XUYEN_THAT,2,false,false,,
1000PEPEUSDT,366,9,2,ABOVE,PHA_GIA,XUYEN_THAT,3,true,true,7,false
1000PEPEUSDT,368,14,2,BELOW,GIU,XUYEN_THAT,2,false,false,,
1000PEPEUSDT,369,8,2,ABOVE,GIU,XUYEN_THAT,0,false,false,,
1000PEPEUSDT,370,2,1,BELOW,GIU,CHAN,3,false,false,,
1000PEPEUSDT,373,1,1,BELOW,GIU,CHAN,1,false,false,,
1000PEPEUSDT,374,9,2,ABOVE,PHA_GIA,XUYEN_THAT,0,true,true,3,false
1000PEPEUSDT,375,8,2,ABOVE,GIU,XUYEN_THAT,2,false,false,,
1000PEPEUSDT,376,39,2,BELOW,GIU,XUYEN_THAT,4,false,false,,
1000PEPEUSDT,377,6,2,ABOVE,PHA_GIA,CHAN,1,true,true,3,false
1000PEPEUSDT,378,13,2,ABOVE,PHA_GIA,CHAN,2,true,true,5,false
1000PEPEUSDT,379,15,2,ABOVE,GIU,XUYEN_THAT,2,false,false,,
1000PEPEUSDT,380,19,2,ABOVE,XUYEN_THAT,XUYEN_THAT,1,true,false,2,false
1000PEPEUSDT,381,1,1,ABOVE,GIU,CHAN,1,false,false,,
1000PEPEUSDT,382,5,2,BELOW,PHA_GIA,XUYEN_THAT,2,true,true,6,false
1000PEPEUSDT,383,6,2,ABOVE,PHA_GIA,XUYEN_THAT,1,true,true,0,false
1000PEPEUSDT,385,19,2,ABOVE,XUYEN_THAT,XUYEN_THAT,2,true,false,7,false
1000PEPEUSDT,387,14,2,ABOVE,GIU,XUYEN_THAT,1,false,false,,
1000PEPEUSDT,388,16,2,ABOVE,PHA_GIA,XUYEN_THAT,2,true,true,1,false
1000PEPEUSDT,390,5,2,BELOW,PHA_GIA,XUYEN_THAT,1,true,true,0,false
1000PEPEUSDT,391,4,1,BELOW,GIU,CHAN,5,false,false,,
1000PEPEUSDT,392,5,2,BELOW,XUYEN_THAT,XUYEN_THAT,1,true,false,5,false
1000PEPEUSDT,393,5,1,ABOVE,PHA_GIA,CHAN,4,true,true,2,false
1000PEPEUSDT,394,1,1,BELOW,GIU,CHAN,3,false,false,,
1000PEPEUSDT,395,7,2,BELOW,XUYEN_THAT,XUYEN_THAT,2,true,false,8,true
1000PEPEUSDT,396,4,2,BELOW,XUYEN_THAT,XUYEN_THAT,1,true,false,8,false
1000PEPEUSDT,397,13,2,ABOVE,PHA_GIA,XUYEN_THAT,1,true,true,0,false
1000PEPEUSDT,398,5,2,ABOVE,PHA_GIA,XUYEN_THAT,1,true,true,1,false
1000PEPEUSDT,399,15,2,ABOVE,PHA_GIA,XUYEN_THAT,0,true,true,3,false
1000PEPEUSDT,401,2,1,BELOW,GIU,CHAN,1,false,false,,
1000PEPEUSDT,403,1,1,ABOVE,PHA_GIA,CHAN,1,true,true,0,false
1000PEPEUSDT,404,5,2,BELOW,PHA_GIA,XUYEN_THAT,3,true,true,1,false
1000PEPEUSDT,406,9,2,ABOVE,GIU,XUYEN_THAT,2,false,false,,
1000PEPEUSDT,407,42,2,ABOVE,GIU,XUYEN_THAT,1,false,false,,
1000PEPEUSDT,408,5,1,BELOW,GIU,XUYEN_THAT,1,false,false,,
1000PEPEUSDT,409,14,2,BELOW,GIU,CHAN,3,false,false,,
1000PEPEUSDT,410,39,2,BELOW,XUYEN_THAT,XUYEN_THAT,0,true,false,1,false
1000PEPEUSDT,411,2,1,ABOVE,GIU,CHAN,0,false,false,,
1000PEPEUSDT,412,13,2,ABOVE,GIU,XUYEN_THAT,4,false,false,,
1000PEPEUSDT,413,17,2,BELOW,GIU,XUYEN_THAT,3,false,false,,
1000PEPEUSDT,414,12,2,BELOW,GIU,XUYEN_THAT,3,false,false,,
1000PEPEUSDT,415,27,2,BELOW,XUYEN_THAT,XUYEN_THAT,1,true,false,2,false
1000PEPEUSDT,416,2,1,BELOW,XUYEN_THAT,XUYEN_THAT,3,true,false,7,false
1000PEPEUSDT,417,18,2,BELOW,XUYEN_THAT,XUYEN_THAT,1,true,false,5,false
1000PEPEUSDT,418,3,2,BELOW,PHA_GIA,XUYEN_THAT,1,true,true,0,false
1000PEPEUSDT,420,2,1,ABOVE,GIU,CHAN,2,false,false,,
1000PEPEUSDT,421,3,2,BELOW,XUYEN_THAT,XUYEN_THAT,3,true,false,1,false
1000PEPEUSDT,422,4,2,BELOW,PHA_GIA,XUYEN_THAT,2,true,true,4,false
1000PEPEUSDT,423,31,2,BELOW,GIU,XUYEN_THAT,3,false,false,,
1000PEPEUSDT,425,4,2,BELOW,XUYEN_THAT,XUYEN_THAT,2,true,false,4,false
1000PEPEUSDT,426,5,1,BELOW,GIU,CHAN,4,false,false,,
1000PEPEUSDT,427,4,1,ABOVE,GIU,CHAN,2,false,false,,
1000PEPEUSDT,428,8,2,BELOW,GIU,XUYEN_THAT,3,false,false,,
1000PEPEUSDT,429,28,2,ABOVE,XUYEN_THAT,XUYEN_THAT,0,true,false,1,false
1000PEPEUSDT,430,17,2,BELOW,PHA_GIA,XUYEN_THAT,1,true,true,0,false
1000PEPEUSDT,431,9,2,ABOVE,GIU,XUYEN_THAT,1,false,false,,
1000PEPEUSDT,432,2,1,ABOVE,GIU,CHAN,2,false,false,,
1000PEPEUSDT,433,2,1,ABOVE,GIU,CHAN,2,false,false,,
1000PEPEUSDT,434,6,2,BELOW,GIU,CHAN,3,false,false,,
1000PEPEUSDT,435,15,2,ABOVE,PHA_GIA,XUYEN_THAT,2,true,true,4,false
1000PEPEUSDT,437,5,1,BELOW,GIU,CHAN,2,false,false,,
1000PEPEUSDT,438,16,2,BELOW,PHA_GIA,XUYEN_THAT,2,true,true,1,false
1000PEPEUSDT,439,4,1,BELOW,GIU,CHAN,0,false,false,,
1000PEPEUSDT,440,2,1,BELOW,GIU,CHAN,3,false,false,,
1000PEPEUSDT,442,5,2,BELOW,GIU,CHAN,1,false,false,,
1000PEPEUSDT,443,22,2,ABOVE,GIU,XUYEN_THAT,1,false,false,,
1000PEPEUSDT,444,4,2,ABOVE,XUYEN_THAT,XUYEN_THAT,0,true,false,5,false
1000PEPEUSDT,446,10,2,ABOVE,GIU,XUYEN_THAT,1,false,false,,
1000PEPEUSDT,447,3,1,ABOVE,GIU,XUYEN_THAT,2,false,false,,
1000PEPEUSDT,451,5,2,BELOW,XUYEN_THAT,XUYEN_THAT,0,true,false,4,false
1000PEPEUSDT,452,15,2,BELOW,GIU,XUYEN_THAT,2,false,false,,
1000PEPEUSDT,453,9,2,BELOW,GIU,XUYEN_THAT,4,false,false,,
1000PEPEUSDT,454,3,2,ABOVE,XUYEN_THAT,XUYEN_THAT,1,true,false,5,false
1000PEPEUSDT,455,3,1,BELOW,GIU,CHAN,2,false,false,,
1000PEPEUSDT,456,12,2,ABOVE,PHA_GIA,XUYEN_THAT,2,true,true,5,false
1000PEPEUSDT,457,7,1,BELOW,GIU,XUYEN_THAT,1,false,false,,
1000PEPEUSDT,459,11,2,ABOVE,GIU,XUYEN_THAT,0,false,false,,
1000PEPEUSDT,460,4,2,BELOW,PHA_GIA,CHAN,2,true,true,7,false
1000PEPEUSDT,461,1,1,ABOVE,GIU,CHAN,1,false,false,,
1000PEPEUSDT,463,10,2,ABOVE,PHA_GIA,XUYEN_THAT,1,true,true,0,false
1000PEPEUSDT,464,5,2,BELOW,XUYEN_THAT,XUYEN_THAT,1,true,false,5,false
1000PEPEUSDT,466,5,2,BELOW,GIU,XUYEN_THAT,2,false,false,,
1000PEPEUSDT,467,14,2,BELOW,PHA_GIA,XUYEN_THAT,3,true,true,0,false
1000PEPEUSDT,468,1,1,ABOVE,GIU,CHAN,3,false,false,,
1000PEPEUSDT,469,14,2,BELOW,XUYEN_THAT,XUYEN_THAT,0,true,false,1,false
1000PEPEUSDT,471,5,2,BELOW,PHA_GIA,XUYEN_THAT,2,true,true,7,false
1000PEPEUSDT,472,9,2,BELOW,GIU,CHAN,4,false,false,,
1000PEPEUSDT,473,4,2,BELOW,GIU,XUYEN_THAT,3,false,false,,
1000PEPEUSDT,474,26,2,BELOW,GIU,XUYEN_THAT,1,false,false,,
1000PEPEUSDT,475,2,1,BELOW,PHA_GIA,CHAN,4,true,true,4,false
1000PEPEUSDT,476,4,1,ABOVE,GIU,CHAN,3,false,false,,
1000PEPEUSDT,478,7,2,ABOVE,XUYEN_THAT,XUYEN_THAT,3,true,false,5,false
1000PEPEUSDT,479,2,2,BELOW,XUYEN_THAT,XUYEN_THAT,0,true,false,0,false
1000PEPEUSDT,480,1,1,ABOVE,GIU,CHAN,1,false,false,,
1000PEPEUSDT,481,2,2,ABOVE,PHA_GIA,CHAN,3,true,true,1,false
1000PEPEUSDT,483,2,1,ABOVE,GIU,CHAN,2,false,false,,
1000PEPEUSDT,484,17,2,BELOW,XUYEN_THAT,XUYEN_THAT,2,true,false,8,false
1000PEPEUSDT,485,2,1,ABOVE,GIU,CHAN,2,false,false,,
1000PEPEUSDT,486,7,2,ABOVE,PHA_GIA,XUYEN_THAT,1,true,true,3,false
1000PEPEUSDT,488,11,2,ABOVE,PHA_GIA,CHAN,2,true,true,7,false
1000PEPEUSDT,489,2,1,ABOVE,GIU,CHAN,2,false,false,,
1000PEPEUSDT,490,8,2,BELOW,GIU,CHAN,2,false,false,,
1000PEPEUSDT,491,1,1,BELOW,GIU,CHAN,2,false,false,,
1000PEPEUSDT,492,6,2,ABOVE,XUYEN_THAT,XUYEN_THAT,1,true,false,2,false
1000PEPEUSDT,493,3,1,BELOW,PHA_GIA,CHAN,2,true,true,8,false
1000PEPEUSDT,494,2,1,ABOVE,PHA_GIA,CHAN,1,true,true,5,true
1000PEPEUSDT,495,1,1,BELOW,XUYEN_THAT,XUYEN_THAT,1,true,false,1,false
1000PEPEUSDT,496,44,2,ABOVE,GIU,XUYEN_THAT,4,false,false,,
1000PEPEUSDT,497,8,2,BELOW,GIU,XUYEN_THAT,2,false,false,,
1000PEPEUSDT,499,4,2,BELOW,XUYEN_THAT,XUYEN_THAT,1,true,false,0,false
1000PEPEUSDT,501,5,2,BELOW,PHA_GIA,XUYEN_THAT,1,true,true,2,false
1000PEPEUSDT,503,15,2,ABOVE,GIU,XUYEN_THAT,2,false,false,,
1000PEPEUSDT,506,15,2,BELOW,XUYEN_THAT,XUYEN_THAT,0,true,false,4,false
1000PEPEUSDT,507,26,2,BELOW,GIU,XUYEN_THAT,3,false,false,,
1000PEPEUSDT,508,6,1,BELOW,GIU,CHAN,2,false,false,,
1000PEPEUSDT,509,6,1,ABOVE,XUYEN_THAT,XUYEN_THAT,0,true,false,0,false
1000PEPEUSDT,510,17,2,BELOW,PHA_GIA,XUYEN_THAT,0,true,true,1,false
1000PEPEUSDT,511,3,2,ABOVE,PHA_GIA,XUYEN_THAT,2,true,true,5,false
1000PEPEUSDT,514,1,1,BELOW,GIU,CHAN,1,false,false,,
1000PEPEUSDT,516,2,1,BELOW,GIU,CHAN,2,false,false,,
1000PEPEUSDT,517,17,2,BELOW,PHA_GIA,XUYEN_THAT,1,true,true,2,false
1000PEPEUSDT,518,28,2,BELOW,PHA_GIA,XUYEN_THAT,0,true,true,0,false
1000PEPEUSDT,519,3,1,ABOVE,GIU,CHAN,3,false,false,,
1000PEPEUSDT,521,3,1,ABOVE,GIU,CHAN,1,false,false,,
1000PEPEUSDT,522,7,2,BELOW,PHA_GIA,XUYEN_THAT,1,true,true,0,false
1000PEPEUSDT,523,2,1,ABOVE,GIU,CHAN,1,false,false,,
1000PEPEUSDT,524,38,2,BELOW,PHA_GIA,XUYEN_THAT,3,true,true,8,false
1000PEPEUSDT,525,8,2,BELOW,GIU,XUYEN_THAT,4,false,false,,
1000PEPEUSDT,526,7,2,BELOW,GIU,XUYEN_THAT,3,false,false,,
1000PEPEUSDT,527,2,2,ABOVE,XUYEN_THAT,XUYEN_THAT,0,true,false,1,false
1000PEPEUSDT,528,7,2,ABOVE,XUYEN_THAT,XUYEN_THAT,1,true,false,3,false
1000PEPEUSDT,530,10,2,ABOVE,XUYEN_THAT,XUYEN_THAT,0,true,false,0,false
1000PEPEUSDT,531,18,2,BELOW,XUYEN_THAT,XUYEN_THAT,0,true,false,0,false
1000PEPEUSDT,532,1,1,ABOVE,GIU,CHAN,3,false,false,,
1000PEPEUSDT,533,26,2,ABOVE,XUYEN_THAT,XUYEN_THAT,1,true,false,3,false
1000PEPEUSDT,534,12,2,BELOW,PHA_GIA,XUYEN_THAT,1,true,true,1,false
1000PEPEUSDT,535,23,2,BELOW,PHA_GIA,XUYEN_THAT,2,true,true,6,false
1000PEPEUSDT,536,3,1,ABOVE,GIU,XUYEN_THAT,2,false,false,,
1000PEPEUSDT,538,1,1,ABOVE,GIU,CHAN,0,false,false,,
1000PEPEUSDT,541,1,1,ABOVE,GIU,CHAN,0,false,false,,
1000PEPEUSDT,542,22,2,BELOW,GIU,XUYEN_THAT,2,false,false,,
1000PEPEUSDT,543,6,2,ABOVE,XUYEN_THAT,XUYEN_THAT,2,true,false,6,false
1000PEPEUSDT,545,4,2,ABOVE,XUYEN_THAT,XUYEN_THAT,2,true,false,4,false
1000PEPEUSDT,546,5,2,BELOW,PHA_GIA,XUYEN_THAT,1,true,true,2,false
1000PEPEUSDT,547,6,1,ABOVE,GIU,CHAN,3,false,false,,
1000PEPEUSDT,548,11,1,ABOVE,GIU,CHAN,0,false,false,,
1000PEPEUSDT,549,15,2,BELOW,GIU,XUYEN_THAT,4,false,false,,
1000PEPEUSDT,550,4,1,ABOVE,GIU,CHAN,2,false,false,,
1000PEPEUSDT,551,6,2,BELOW,GIU,XUYEN_THAT,2,false,false,,
1000PEPEUSDT,552,3,2,ABOVE,XUYEN_THAT,XUYEN_THAT,0,true,false,4,false
1000PEPEUSDT,553,2,2,BELOW,PHA_GIA,CHAN,3,true,true,4,false
1000PEPEUSDT,554,5,1,ABOVE,GIU,CHAN,2,false,false,,
1000PEPEUSDT,555,5,2,BELOW,XUYEN_THAT,XUYEN_THAT,3,true,false,5,false
1000PEPEUSDT,556,2,1,BELOW,GIU,CHAN,3,false,false,,
1000PEPEUSDT,557,16,2,BELOW,PHA_GIA,XUYEN_THAT,1,true,true,2,false
1000PEPEUSDT,561,17,2,ABOVE,GIU,XUYEN_THAT,2,false,false,,
1000PEPEUSDT,562,2,1,BELOW,GIU,CHAN,2,false,false,,
1000PEPEUSDT,563,3,1,ABOVE,GIU,XUYEN_THAT,1,false,false,,
1000PEPEUSDT,564,1,1,BELOW,GIU,CHAN,1,false,false,,
1000PEPEUSDT,565,2,2,ABOVE,PHA_GIA,XUYEN_THAT,1,true,true,1,false
1000PEPEUSDT,566,9,2,ABOVE,XUYEN_THAT,XUYEN_THAT,2,true,false,8,false
1000PEPEUSDT,567,36,2,BELOW,XUYEN_THAT,XUYEN_THAT,2,true,false,1,false
1000PEPEUSDT,568,6,2,ABOVE,XUYEN_THAT,XUYEN_THAT,3,true,false,5,false
1000PEPEUSDT,569,2,1,BELOW,GIU,XUYEN_THAT,3,false,false,,
1000PEPEUSDT,570,3,1,BELOW,XUYEN_THAT,XUYEN_THAT,3,true,false,5,false
1000PEPEUSDT,571,16,2,ABOVE,XUYEN_THAT,XUYEN_THAT,2,true,false,4,false
1000PEPEUSDT,572,11,2,ABOVE,GIU,XUYEN_THAT,1,false,false,,
1000PEPEUSDT,573,2,1,BELOW,GIU,CHAN,1,false,false,,
1000PEPEUSDT,574,7,2,BELOW,PHA_GIA,XUYEN_THAT,1,true,true,0,false
1000PEPEUSDT,575,8,2,BELOW,GIU,XUYEN_THAT,1,false,false,,
1000PEPEUSDT,576,9,2,ABOVE,PHA_GIA,XUYEN_THAT,1,true,true,1,false
1000PEPEUSDT,577,6,1,ABOVE,GIU,XUYEN_THAT,1,false,false,,
1000PEPEUSDT,578,8,2,BELOW,GIU,XUYEN_THAT,1,false,false,,
1000PEPEUSDT,581,16,2,BELOW,GIU,XUYEN_THAT,3,false,false,,
1000PEPEUSDT,582,32,2,ABOVE,PHA_GIA,XUYEN_THAT,1,true,true,3,false
1000PEPEUSDT,583,4,2,BELOW,PHA_GIA,XUYEN_THAT,1,true,true,0,false
1000PEPEUSDT,584,9,2,BELOW,XUYEN_THAT,XUYEN_THAT,2,true,false,4,false
1000PEPEUSDT,585,15,2,ABOVE,PHA_GIA,XUYEN_THAT,3,true,true,1,false
1000PEPEUSDT,586,9,2,ABOVE,XUYEN_THAT,XUYEN_THAT,2,true,false,2,false
1000PEPEUSDT,588,9,2,ABOVE,XUYEN_THAT,XUYEN_THAT,0,true,false,4,false
1000PEPEUSDT,589,8,2,BELOW,XUYEN_THAT,XUYEN_THAT,2,true,false,5,false
1000PEPEUSDT,590,1,1,ABOVE,PHA_GIA,CHAN,2,true,true,1,false
1000PEPEUSDT,591,10,2,BELOW,XUYEN_THAT,XUYEN_THAT,1,true,false,8,false
1000PEPEUSDT,592,17,2,BELOW,GIU,XUYEN_THAT,2,false,false,,
1000PEPEUSDT,595,4,1,BELOW,GIU,CHAN,2,false,false,,
1000PEPEUSDT,597,6,2,BELOW,GIU,XUYEN_THAT,0,false,false,,
1000PEPEUSDT,599,2,1,ABOVE,PHA_GIA,CHAN,1,true,true,0,false
1000PEPEUSDT,600,11,2,ABOVE,GIU,XUYEN_THAT,1,false,false,,
1000PEPEUSDT,601,23,2,BELOW,GIU,XUYEN_THAT,3,false,false,,
1000PEPEUSDT,602,2,2,BELOW,XUYEN_THAT,XUYEN_THAT,0,true,false,0,false
1000PEPEUSDT,606,28,2,BELOW,XUYEN_THAT,XUYEN_THAT,2,true,false,2,false
1000PEPEUSDT,607,5,1,BELOW,GIU,CHAN,2,false,false,,
1000PEPEUSDT,608,5,1,BELOW,GIU,CHAN,2,false,false,,
1000PEPEUSDT,609,40,2,ABOVE,GIU,XUYEN_THAT,1,false,false,,
1000PEPEUSDT,610,2,1,BELOW,GIU,CHAN,4,false,false,,
1000PEPEUSDT,611,2,1,BELOW,GIU,CHAN,1,false,false,,
1000PEPEUSDT,612,1,1,BELOW,GIU,CHAN,1,false,false,,
1000PEPEUSDT,613,1,1,BELOW,GIU,CHAN,1,false,false,,
1000PEPEUSDT,614,1,1,ABOVE,XUYEN_THAT,XUYEN_THAT,1,true,false,2,false
1000PEPEUSDT,615,6,2,BELOW,PHA_GIA,XUYEN_THAT,0,true,true,0,false
1000PEPEUSDT,616,3,2,BELOW,PHA_GIA,XUYEN_THAT,3,true,true,1,false
1000PEPEUSDT,617,8,2,ABOVE,GIU,XUYEN_THAT,3,false,false,,
1000PEPEUSDT,618,3,2,BELOW,PHA_GIA,XUYEN_THAT,0,true,true,2,false
1000PEPEUSDT,619,5,2,BELOW,PHA_GIA,XUYEN_THAT,0,true,true,1,false
1000PEPEUSDT,620,9,2,BELOW,GIU,XUYEN_THAT,3,false,false,,
1000PEPEUSDT,621,17,2,ABOVE,XUYEN_THAT,XUYEN_THAT,0,true,false,4,false
1000PEPEUSDT,622,3,1,ABOVE,GIU,CHAN,2,false,false,,
1000PEPEUSDT,623,3,2,BELOW,PHA_GIA,XUYEN_THAT,1,true,true,0,false
1000PEPEUSDT,624,2,2,BELOW,PHA_GIA,CHAN,3,true,true,3,false
1000PEPEUSDT,626,18,2,ABOVE,GIU,CHAN,1,false,false,,
1000PEPEUSDT,627,4,2,BELOW,PHA_GIA,CHAN,3,true,true,5,false
1000PEPEUSDT,628,7,2,ABOVE,PHA_GIA,XUYEN_THAT,2,true,true,5,false
1000PEPEUSDT,629,14,2,BELOW,GIU,XUYEN_THAT,1,false,false,,
1000PEPEUSDT,631,4,2,BELOW,XUYEN_THAT,XUYEN_THAT,0,true,false,0,false
1000PEPEUSDT,633,15,2,BELOW,PHA_GIA,XUYEN_THAT,3,true,true,4,false
1000PEPEUSDT,635,5,2,BELOW,XUYEN_THAT,XUYEN_THAT,2,true,false,1,false
1000PEPEUSDT,637,7,2,BELOW,GIU,XUYEN_THAT,1,false,false,,
1000PEPEUSDT,638,21,2,BELOW,GIU,XUYEN_THAT,2,false,false,,
1000PEPEUSDT,639,11,2,BELOW,GIU,XUYEN_THAT,2,false,false,,
1000PEPEUSDT,640,4,2,ABOVE,PHA_GIA,XUYEN_THAT,1,true,true,0,false
1000PEPEUSDT,641,1,1,BELOW,GIU,CHAN,1,false,false,,
1000PEPEUSDT,642,8,2,ABOVE,XUYEN_THAT,XUYEN_THAT,1,true,false,6,false
1000PEPEUSDT,644,4,2,ABOVE,PHA_GIA,XUYEN_THAT,1,true,true,0,false
1000PEPEUSDT,645,3,2,ABOVE,PHA_GIA,CHAN,0,true,true,0,false
1000PEPEUSDT,646,5,2,ABOVE,PHA_GIA,XUYEN_THAT,3,true,true,4,false
1000PEPEUSDT,647,4,1,BELOW,GIU,CHAN,3,false,false,,
1000PEPEUSDT,648,1,1,ABOVE,PHA_GIA,CHAN,1,true,true,0,false
1000PEPEUSDT,649,2,1,BELOW,GIU,CHAN,2,false,false,,
1000PEPEUSDT,650,9,2,ABOVE,PHA_GIA,XUYEN_THAT,1,true,true,1,false
1000PEPEUSDT,651,9,2,BELOW,PHA_GIA,XUYEN_THAT,2,true,true,3,false
1000PEPEUSDT,652,3,2,BELOW,XUYEN_THAT,XUYEN_THAT,1,true,false,5,false
AVAXUSDT,0,47,2,BELOW,GIU,XUYEN_THAT,2,false,false,,
AVAXUSDT,1,5,2,BELOW,GIU,XUYEN_THAT,2,false,false,,
AVAXUSDT,2,6,2,BELOW,XUYEN_THAT,XUYEN_THAT,0,true,false,0,false
AVAXUSDT,3,18,2,BELOW,GIU,XUYEN_THAT,2,false,false,,
AVAXUSDT,4,3,2,ABOVE,PHA_GIA,CHAN,0,true,true,3,false
AVAXUSDT,5,13,2,BELOW,XUYEN_THAT,XUYEN_THAT,1,true,false,1,false
AVAXUSDT,6,4,2,ABOVE,PHA_GIA,XUYEN_THAT,1,true,true,1,false
AVAXUSDT,7,3,2,ABOVE,XUYEN_THAT,XUYEN_THAT,1,true,false,2,false
AVAXUSDT,8,12,2,ABOVE,GIU,XUYEN_THAT,2,false,false,,
AVAXUSDT,9,17,2,ABOVE,PHA_GIA,XUYEN_THAT,2,true,true,0,false
AVAXUSDT,10,2,2,ABOVE,PHA_GIA,CHAN,3,true,true,3,false
AVAXUSDT,11,66,2,ABOVE,GIU,XUYEN_THAT,4,false,false,,
AVAXUSDT,13,17,2,ABOVE,GIU,XUYEN_THAT,1,false,false,,
AVAXUSDT,14,10,2,BELOW,XUYEN_THAT,XUYEN_THAT,2,true,false,3,false
AVAXUSDT,15,29,2,BELOW,XUYEN_THAT,XUYEN_THAT,2,true,false,6,true
AVAXUSDT,16,1,1,ABOVE,GIU,CHAN,2,false,false,,
AVAXUSDT,19,18,2,ABOVE,GIU,XUYEN_THAT,3,false,false,,
AVAXUSDT,20,32,2,BELOW,PHA_GIA,XUYEN_THAT,2,true,true,0,false
AVAXUSDT,24,16,2,ABOVE,PHA_GIA,XUYEN_THAT,3,true,true,5,false
AVAXUSDT,25,6,2,BELOW,PHA_GIA,XUYEN_THAT,0,true,true,0,false
AVAXUSDT,27,33,2,BELOW,GIU,XUYEN_THAT,4,false,false,,
AVAXUSDT,28,22,2,BELOW,GIU,XUYEN_THAT,2,false,false,,
AVAXUSDT,29,9,2,ABOVE,PHA_GIA,XUYEN_THAT,3,true,true,8,false
AVAXUSDT,30,1,1,BELOW,PHA_GIA,CHAN,2,true,true,1,false
AVAXUSDT,31,37,2,BELOW,GIU,XUYEN_THAT,2,false,false,,
AVAXUSDT,34,5,1,ABOVE,GIU,XUYEN_THAT,1,false,false,,
AVAXUSDT,35,19,2,BELOW,PHA_GIA,XUYEN_THAT,2,true,true,7,false
AVAXUSDT,36,5,2,ABOVE,XUYEN_THAT,XUYEN_THAT,1,true,false,0,false
AVAXUSDT,38,17,2,BELOW,XUYEN_THAT,XUYEN_THAT,2,true,false,4,false
AVAXUSDT,39,9,1,ABOVE,GIU,XUYEN_THAT,2,false,false,,
AVAXUSDT,40,15,2,BELOW,GIU,CHAN,5,false,false,,
AVAXUSDT,42,15,2,BELOW,GIU,XUYEN_THAT,5,false,false,,
AVAXUSDT,43,12,2,ABOVE,GIU,XUYEN_THAT,4,false,false,,
AVAXUSDT,44,1,1,ABOVE,GIU,CHAN,3,false,false,,
AVAXUSDT,45,16,2,ABOVE,XUYEN_THAT,XUYEN_THAT,3,true,false,3,false
AVAXUSDT,48,35,2,ABOVE,GIU,XUYEN_THAT,4,false,false,,
AVAXUSDT,49,3,2,BELOW,PHA_GIA,CHAN,0,true,true,0,false
AVAXUSDT,52,9,2,ABOVE,PHA_GIA,XUYEN_THAT,2,true,true,3,false
AVAXUSDT,53,55,2,BELOW,GIU,XUYEN_THAT,3,false,false,,
AVAXUSDT,54,30,2,ABOVE,PHA_GIA,XUYEN_THAT,1,true,true,5,false
AVAXUSDT,55,1,1,ABOVE,XUYEN_THAT,XUYEN_THAT,1,true,false,0,false
AVAXUSDT,56,10,2,BELOW,GIU,XUYEN_THAT,2,false,false,,
AVAXUSDT,57,3,2,ABOVE,GIU,CHAN,3,false,false,,
AVAXUSDT,58,11,2,BELOW,GIU,XUYEN_THAT,1,false,false,,
AVAXUSDT,60,7,1,ABOVE,GIU,CHAN,2,false,false,,
AVAXUSDT,61,2,2,ABOVE,XUYEN_THAT,XUYEN_THAT,1,true,false,0,false
AVAXUSDT,63,1,1,BELOW,GIU,CHAN,2,false,false,,
AVAXUSDT,64,2,1,ABOVE,GIU,CHAN,1,false,false,,
AVAXUSDT,65,13,2,BELOW,XUYEN_THAT,XUYEN_THAT,0,true,false,2,false
AVAXUSDT,66,17,2,ABOVE,PHA_GIA,XUYEN_THAT,0,true,true,0,false
AVAXUSDT,67,9,2,ABOVE,XUYEN_THAT,XUYEN_THAT,1,true,false,0,false
AVAXUSDT,68,1,1,BELOW,GIU,CHAN,4,false,false,,
AVAXUSDT,69,12,2,BELOW,PHA_GIA,XUYEN_THAT,2,true,true,4,false
AVAXUSDT,70,2,2,BELOW,XUYEN_THAT,XUYEN_THAT,1,true,false,1,false
AVAXUSDT,72,5,2,BELOW,XUYEN_THAT,XUYEN_THAT,2,true,false,4,false
AVAXUSDT,73,11,2,ABOVE,GIU,XUYEN_THAT,1,false,false,,
AVAXUSDT,76,7,2,BELOW,GIU,XUYEN_THAT,1,false,false,,
AVAXUSDT,77,8,2,ABOVE,XUYEN_THAT,XUYEN_THAT,3,true,false,8,false
AVAXUSDT,78,12,2,BELOW,PHA_GIA,XUYEN_THAT,2,true,true,8,false
AVAXUSDT,79,7,2,ABOVE,PHA_GIA,XUYEN_THAT,3,true,true,3,false
AVAXUSDT,80,5,2,BELOW,PHA_GIA,XUYEN_THAT,2,true,true,3,false
AVAXUSDT,81,3,2,BELOW,XUYEN_THAT,XUYEN_THAT,2,true,false,4,false
AVAXUSDT,82,2,1,BELOW,PHA_GIA,CHAN,2,true,true,2,false
AVAXUSDT,83,10,2,BELOW,GIU,XUYEN_THAT,4,false,false,,
AVAXUSDT,86,25,2,BELOW,GIU,XUYEN_THAT,2,false,false,,
AVAXUSDT,87,19,2,ABOVE,PHA_GIA,XUYEN_THAT,2,true,true,0,false
AVAXUSDT,88,4,1,BELOW,GIU,CHAN,3,false,false,,
AVAXUSDT,89,15,2,ABOVE,GIU,XUYEN_THAT,4,false,false,,
AVAXUSDT,90,2,1,BELOW,GIU,CHAN,2,false,false,,
AVAXUSDT,91,4,2,ABOVE,XUYEN_THAT,XUYEN_THAT,3,true,false,4,false
AVAXUSDT,92,2,1,BELOW,GIU,CHAN,2,false,false,,
AVAXUSDT,93,1,1,ABOVE,GIU,CHAN,3,false,false,,
AVAXUSDT,94,2,1,BELOW,PHA_GIA,CHAN,3,true,true,2,false
AVAXUSDT,95,22,2,ABOVE,PHA_GIA,XUYEN_THAT,3,true,true,7,false
AVAXUSDT,96,7,2,BELOW,PHA_GIA,XUYEN_THAT,0,true,true,0,false
AVAXUSDT,97,11,2,ABOVE,GIU,XUYEN_THAT,1,false,false,,
AVAXUSDT,98,11,2,BELOW,GIU,XUYEN_THAT,5,false,false,,
AVAXUSDT,99,17,2,BELOW,PHA_GIA,XUYEN_THAT,2,true,true,5,false
AVAXUSDT,100,7,2,BELOW,PHA_GIA,XUYEN_THAT,1,true,true,3,false
AVAXUSDT,101,19,2,ABOVE,XUYEN_THAT,XUYEN_THAT,2,true,false,2,false
AVAXUSDT,102,6,1,BELOW,GIU,CHAN,3,false,false,,
AVAXUSDT,103,2,1,ABOVE,GIU,CHAN,2,false,false,,
AVAXUSDT,105,14,2,BELOW,PHA_GIA,XUYEN_THAT,2,true,true,1,false
AVAXUSDT,106,13,2,BELOW,GIU,XUYEN_THAT,2,false,false,,
AVAXUSDT,107,5,1,ABOVE,GIU,CHAN,4,false,false,,
AVAXUSDT,109,3,2,ABOVE,GIU,XUYEN_THAT,3,false,false,,
AVAXUSDT,110,6,1,BELOW,GIU,CHAN,1,false,false,,
AVAXUSDT,111,20,2,BELOW,GIU,XUYEN_THAT,4,false,false,,
AVAXUSDT,112,15,2,BELOW,XUYEN_THAT,XUYEN_THAT,1,true,false,3,true
AVAXUSDT,113,7,2,ABOVE,GIU,XUYEN_THAT,3,false,false,,
AVAXUSDT,114,1,1,ABOVE,GIU,CHAN,2,false,false,,
AVAXUSDT,115,13,2,ABOVE,PHA_GIA,XUYEN_THAT,4,true,true,1,false
AVAXUSDT,117,4,2,BELOW,XUYEN_THAT,XUYEN_THAT,1,true,false,2,true
AVAXUSDT,118,16,2,BELOW,GIU,XUYEN_THAT,1,false,false,,
AVAXUSDT,119,17,2,BELOW,PHA_GIA,CHAN,2,true,true,0,false
AVAXUSDT,120,5,2,ABOVE,XUYEN_THAT,XUYEN_THAT,2,true,false,1,false
AVAXUSDT,121,12,2,ABOVE,XUYEN_THAT,XUYEN_THAT,4,true,false,5,false
AVAXUSDT,123,16,2,BELOW,GIU,XUYEN_THAT,2,false,false,,
AVAXUSDT,124,8,2,ABOVE,GIU,CHAN,1,false,false,,
AVAXUSDT,125,38,2,BELOW,PHA_GIA,XUYEN_THAT,2,true,true,5,false
AVAXUSDT,127,1,1,BELOW,GIU,CHAN,0,false,false,,
AVAXUSDT,128,20,2,BELOW,GIU,XUYEN_THAT,3,false,false,,
AVAXUSDT,129,12,2,BELOW,GIU,XUYEN_THAT,2,false,false,,
AVAXUSDT,131,18,2,BELOW,PHA_GIA,XUYEN_THAT,1,true,true,6,false
AVAXUSDT,132,13,2,ABOVE,GIU,XUYEN_THAT,2,false,false,,
AVAXUSDT,133,2,2,BELOW,XUYEN_THAT,XUYEN_THAT,0,true,false,1,false
AVAXUSDT,135,2,2,ABOVE,XUYEN_THAT,XUYEN_THAT,2,true,false,4,false
AVAXUSDT,137,5,2,ABOVE,XUYEN_THAT,XUYEN_THAT,0,true,false,0,false
AVAXUSDT,138,10,2,BELOW,PHA_GIA,XUYEN_THAT,2,true,true,1,false
AVAXUSDT,139,4,2,ABOVE,PHA_GIA,XUYEN_THAT,2,true,true,1,false
AVAXUSDT,140,2,2,BELOW,PHA_GIA,CHAN,1,true,true,1,false
AVAXUSDT,141,3,2,ABOVE,PHA_GIA,XUYEN_THAT,1,true,true,0,false
AVAXUSDT,142,19,2,BELOW,PHA_GIA,XUYEN_THAT,1,true,true,0,false
AVAXUSDT,143,15,2,BELOW,PHA_GIA,XUYEN_THAT,2,true,true,2,false
AVAXUSDT,144,17,2,ABOVE,PHA_GIA,XUYEN_THAT,2,true,true,3,false
AVAXUSDT,145,7,1,BELOW,GIU,CHAN,3,false,false,,
AVAXUSDT,146,2,1,BELOW,GIU,CHAN,3,false,false,,
AVAXUSDT,148,6,2,BELOW,PHA_GIA,CHAN,2,true,true,1,false
AVAXUSDT,149,16,2,BELOW,GIU,XUYEN_THAT,4,false,false,,
AVAXUSDT,150,7,2,ABOVE,PHA_GIA,CHAN,3,true,true,2,false
AVAXUSDT,151,6,2,BELOW,PHA_GIA,XUYEN_THAT,2,true,true,1,false
AVAXUSDT,152,2,2,BELOW,XUYEN_THAT,XUYEN_THAT,0,true,false,1,false
AVAXUSDT,153,1,1,BELOW,GIU,CHAN,2,false,false,,
AVAXUSDT,154,14,2,ABOVE,PHA_GIA,XUYEN_THAT,1,true,true,1,false
AVAXUSDT,155,2,1,ABOVE,GIU,CHAN,2,false,false,,
AVAXUSDT,156,15,2,ABOVE,GIU,XUYEN_THAT,3,false,false,,
AVAXUSDT,157,10,2,BELOW,GIU,XUYEN_THAT,3,false,false,,
AVAXUSDT,158,51,2,BELOW,PHA_GIA,XUYEN_THAT,2,true,true,1,false
AVAXUSDT,160,1,1,BELOW,GIU,CHAN,1,false,false,,
AVAXUSDT,161,8,2,BELOW,GIU,XUYEN_THAT,2,false,false,,
AVAXUSDT,162,1,1,BELOW,PHA_GIA,CHAN,3,true,true,1,false
AVAXUSDT,163,3,2,BELOW,XUYEN_THAT,XUYEN_THAT,1,true,false,3,false
AVAXUSDT,164,3,2,BELOW,PHA_GIA,XUYEN_THAT,0,true,true,1,false
AVAXUSDT,165,23,2,ABOVE,XUYEN_THAT,XUYEN_THAT,3,true,false,1,false
AVAXUSDT,166,7,1,BELOW,GIU,CHAN,4,false,false,,
AVAXUSDT,167,16,2,ABOVE,GIU,XUYEN_THAT,4,false,false,,
AVAXUSDT,168,4,2,BELOW,PHA_GIA,XUYEN_THAT,0,true,true,1,false
AVAXUSDT,169,20,2,BELOW,GIU,XUYEN_THAT,2,false,false,,
AVAXUSDT,170,10,2,BELOW,GIU,CHAN,4,false,false,,
AVAXUSDT,171,2,2,BELOW,PHA_GIA,CHAN,1,true,true,0,false
AVAXUSDT,172,8,2,BELOW,XUYEN_THAT,XUYEN_THAT,1,true,false,7,false
AVAXUSDT,173,12,2,BELOW,GIU,XUYEN_THAT,2,false,false,,
AVAXUSDT,174,2,1,BELOW,GIU,CHAN,1,false,false,,
AVAXUSDT,175,7,2,ABOVE,XUYEN_THAT,XUYEN_THAT,2,true,false,7,false
AVAXUSDT,176,10,2,ABOVE,GIU,XUYEN_THAT,3,false,false,,
AVAXUSDT,177,1,1,ABOVE,XUYEN_THAT,XUYEN_THAT,2,true,false,2,false
AVAXUSDT,178,2,2,BELOW,XUYEN_THAT,XUYEN_THAT,1,true,false,2,false
AVAXUSDT,179,5,2,ABOVE,GIU,XUYEN_THAT,2,false,false,,
AVAXUSDT,180,22,2,BELOW,PHA_GIA,XUYEN_THAT,1,true,true,0,false
AVAXUSDT,181,2,2,BELOW,PHA_GIA,CHAN,4,true,true,1,false
AVAXUSDT,182,1,1,BELOW,PHA_GIA,CHAN,0,true,true,0,false
AVAXUSDT,183,7,2,ABOVE,XUYEN_THAT,XUYEN_THAT,2,true,false,4,false
AVAXUSDT,184,28,2,BELOW,XUYEN_THAT,XUYEN_THAT,3,true,false,1,false
AVAXUSDT,185,5,1,ABOVE,GIU,CHAN,3,false,false,,
AVAXUSDT,186,7,2,ABOVE,XUYEN_THAT,XUYEN_THAT,3,true,false,4,false
AVAXUSDT,187,6,2,BELOW,GIU,XUYEN_THAT,4,false,false,,
AVAXUSDT,188,3,1,BELOW,GIU,CHAN,3,false,false,,
AVAXUSDT,189,4,1,BELOW,GIU,CHAN,2,false,false,,
AVAXUSDT,190,8,2,BELOW,GIU,XUYEN_THAT,4,false,false,,
AVAXUSDT,191,4,2,ABOVE,GIU,CHAN,2,false,false,,
AVAXUSDT,192,6,2,BELOW,XUYEN_THAT,XUYEN_THAT,1,true,false,2,false
AVAXUSDT,193,32,2,ABOVE,GIU,XUYEN_THAT,2,false,false,,
AVAXUSDT,194,3,2,ABOVE,GIU,CHAN,2,false,false,,
AVAXUSDT,198,5,2,BELOW,XUYEN_THAT,XUYEN_THAT,3,true,false,8,false
AVAXUSDT,199,11,2,BELOW,XUYEN_THAT,XUYEN_THAT,1,true,false,6,false
AVAXUSDT,200,7,2,BELOW,PHA_GIA,XUYEN_THAT,1,true,true,1,false
AVAXUSDT,203,5,2,ABOVE,PHA_GIA,XUYEN_THAT,2,true,true,1,false
AVAXUSDT,204,5,2,BELOW,XUYEN_THAT,XUYEN_THAT,1,true,false,3,true
AVAXUSDT,206,11,2,ABOVE,XUYEN_THAT,XUYEN_THAT,2,true,false,1,false
AVAXUSDT,207,7,2,ABOVE,XUYEN_THAT,XUYEN_THAT,3,true,false,2,false
AVAXUSDT,208,6,2,BELOW,PHA_GIA,CHAN,3,true,true,1,false
AVAXUSDT,209,3,2,ABOVE,PHA_GIA,CHAN,1,true,true,1,false
AVAXUSDT,211,4,1,ABOVE,GIU,CHAN,2,false,false,,
AVAXUSDT,212,2,1,BELOW,GIU,CHAN,2,false,false,,
AVAXUSDT,213,4,1,BELOW,GIU,CHAN,3,false,false,,
AVAXUSDT,215,7,2,BELOW,GIU,XUYEN_THAT,0,false,false,,
AVAXUSDT,216,19,2,ABOVE,PHA_GIA,XUYEN_THAT,3,true,true,8,false
AVAXUSDT,217,13,2,BELOW,XUYEN_THAT,XUYEN_THAT,3,true,false,0,false
AVAXUSDT,218,2,2,BELOW,PHA_GIA,XUYEN_THAT,1,true,true,0,false
AVAXUSDT,219,9,2,BELOW,PHA_GIA,XUYEN_THAT,2,true,true,0,false
AVAXUSDT,220,7,2,ABOVE,XUYEN_THAT,XUYEN_THAT,3,true,false,1,false
AVAXUSDT,222,10,2,ABOVE,PHA_GIA,XUYEN_THAT,0,true,true,3,false
AVAXUSDT,223,3,2,ABOVE,XUYEN_THAT,XUYEN_THAT,0,true,false,0,false
AVAXUSDT,225,5,1,BELOW,GIU,CHAN,4,false,false,,
AVAXUSDT,227,4,2,ABOVE,PHA_GIA,XUYEN_THAT,1,true,true,0,false
AVAXUSDT,228,1,1,ABOVE,PHA_GIA,CHAN,2,true,true,3,false
AVAXUSDT,229,4,2,ABOVE,XUYEN_THAT,XUYEN_THAT,0,true,false,0,false
AVAXUSDT,230,9,2,ABOVE,GIU,XUYEN_THAT,1,false,false,,
AVAXUSDT,231,5,2,ABOVE,XUYEN_THAT,XUYEN_THAT,3,true,false,3,false
AVAXUSDT,232,1,1,BELOW,GIU,CHAN,2,false,false,,
AVAXUSDT,233,2,1,ABOVE,GIU,CHAN,4,false,false,,
AVAXUSDT,234,18,2,BELOW,GIU,XUYEN_THAT,2,false,false,,
AVAXUSDT,235,14,2,ABOVE,PHA_GIA,XUYEN_THAT,0,true,true,0,false
AVAXUSDT,236,5,2,BELOW,XUYEN_THAT,XUYEN_THAT,1,true,false,0,false
AVAXUSDT,237,4,1,BELOW,GIU,CHAN,1,false,false,,
AVAXUSDT,238,2,2,BELOW,PHA_GIA,XUYEN_THAT,0,true,true,0,false
AVAXUSDT,240,10,2,ABOVE,GIU,XUYEN_THAT,3,false,false,,
AVAXUSDT,241,13,2,ABOVE,GIU,XUYEN_THAT,2,false,false,,
AVAXUSDT,243,13,2,BELOW,GIU,XUYEN_THAT,2,false,false,,
AVAXUSDT,244,8,2,ABOVE,GIU,CHAN,1,false,false,,
AVAXUSDT,245,35,2,BELOW,GIU,XUYEN_THAT,2,false,false,,
AVAXUSDT,248,12,2,ABOVE,PHA_GIA,XUYEN_THAT,1,true,true,0,false
AVAXUSDT,249,10,1,ABOVE,GIU,CHAN,1,false,false,,
AVAXUSDT,250,4,1,ABOVE,GIU,CHAN,1,false,false,,
AVAXUSDT,251,12,2,BELOW,GIU,XUYEN_THAT,4,false,false,,
AVAXUSDT,252,8,2,BELOW,PHA_GIA,XUYEN_THAT,0,true,true,0,false
AVAXUSDT,253,15,2,BELOW,GIU,XUYEN_THAT,2,false,false,,
AVAXUSDT,254,12,2,BELOW,GIU,XUYEN_THAT,1,false,false,,
AVAXUSDT,255,6,2,ABOVE,GIU,CHAN,2,false,false,,
AVAXUSDT,257,13,2,BELOW,GIU,CHAN,2,false,false,,
AVAXUSDT,258,4,2,ABOVE,PHA_GIA,CHAN,2,true,true,8,false
AVAXUSDT,259,17,2,BELOW,XUYEN_THAT,XUYEN_THAT,2,true,false,4,false
AVAXUSDT,260,6,2,ABOVE,GIU,XUYEN_THAT,1,false,false,,
AVAXUSDT,261,14,2,ABOVE,PHA_GIA,XUYEN_THAT,1,true,true,0,false
AVAXUSDT,262,11,2,ABOVE,PHA_GIA,CHAN,3,true,true,1,false
AVAXUSDT,263,1,1,ABOVE,XUYEN_THAT,XUYEN_THAT,1,true,false,0,false
AVAXUSDT,264,1,1,ABOVE,GIU,CHAN,1,false,false,,
AVAXUSDT,265,12,2,BELOW,GIU,XUYEN_THAT,3,false,false,,
AVAXUSDT,266,7,2,ABOVE,XUYEN_THAT,XUYEN_THAT,2,true,false,7,false
AVAXUSDT,267,5,2,ABOVE,PHA_GIA,XUYEN_THAT,1,true,true,0,false
AVAXUSDT,268,18,2,BELOW,GIU,XUYEN_THAT,3,false,false,,
AVAXUSDT,269,1,1,ABOVE,GIU,CHAN,1,false,false,,
AVAXUSDT,270,4,2,BELOW,XUYEN_THAT,XUYEN_THAT,1,true,false,4,false
AVAXUSDT,271,3,1,BELOW,GIU,CHAN,3,false,false,,
AVAXUSDT,273,4,2,BELOW,XUYEN_THAT,XUYEN_THAT,1,true,false,0,false
AVAXUSDT,274,21,2,BELOW,PHA_GIA,XUYEN_THAT,3,true,true,4,false
AVAXUSDT,275,1,1,ABOVE,GIU,CHAN,1,false,false,,
AVAXUSDT,276,1,1,ABOVE,GIU,CHAN,3,false,false,,
AVAXUSDT,277,6,2,BELOW,GIU,XUYEN_THAT,2,false,false,,
AVAXUSDT,278,3,1,ABOVE,GIU,CHAN,2,false,false,,
AVAXUSDT,279,3,1,BELOW,GIU,CHAN,2,false,false,,
AVAXUSDT,280,12,1,BELOW,GIU,CHAN,3,false,false,,
AVAXUSDT,282,9,2,ABOVE,GIU,XUYEN_THAT,3,false,false,,
AVAXUSDT,283,6,2,ABOVE,XUYEN_THAT,XUYEN_THAT,2,true,false,3,false
AVAXUSDT,284,4,1,BELOW,GIU,XUYEN_THAT,0,false,false,,
AVAXUSDT,285,9,2,ABOVE,GIU,XUYEN_THAT,2,false,false,,
AVAXUSDT,286,11,2,ABOVE,XUYEN_THAT,XUYEN_THAT,0,true,false,2,false
AVAXUSDT,287,9,2,ABOVE,PHA_GIA,XUYEN_THAT,3,true,true,5,false
AVAXUSDT,288,27,2,BELOW,XUYEN_THAT,XUYEN_THAT,4,true,false,7,false
AVAXUSDT,289,2,2,ABOVE,PHA_GIA,XUYEN_THAT,2,true,true,2,false
AVAXUSDT,290,9,2,BELOW,GIU,XUYEN_THAT,1,false,false,,
AVAXUSDT,291,4,2,BELOW,PHA_GIA,CHAN,2,true,true,7,false
AVAXUSDT,292,3,1,ABOVE,GIU,CHAN,2,false,false,,
AVAXUSDT,294,12,2,ABOVE,GIU,XUYEN_THAT,1,false,false,,
AVAXUSDT,295,2,1,BELOW,GIU,CHAN,4,false,false,,
AVAXUSDT,296,1,1,BELOW,GIU,CHAN,1,false,false,,
AVAXUSDT,297,18,2,ABOVE,XUYEN_THAT,XUYEN_THAT,3,true,false,2,false
AVAXUSDT,298,3,2,ABOVE,PHA_GIA,CHAN,3,true,true,4,false
AVAXUSDT,299,1,1,ABOVE,GIU,CHAN,2,false,false,,
AVAXUSDT,300,13,2,ABOVE,XUYEN_THAT,XUYEN_THAT,1,true,false,0,false
AVAXUSDT,301,1,1,BELOW,GIU,CHAN,2,false,false,,
AVAXUSDT,302,2,1,BELOW,GIU,CHAN,2,false,false,,
AVAXUSDT,303,18,2,BELOW,GIU,XUYEN_THAT,1,false,false,,
AVAXUSDT,305,4,1,ABOVE,XUYEN_THAT,XUYEN_THAT,1,true,false,2,false
AVAXUSDT,306,1,1,ABOVE,XUYEN_THAT,XUYEN_THAT,0,true,false,0,false
AVAXUSDT,307,1,1,BELOW,GIU,CHAN,1,false,false,,
AVAXUSDT,308,5,2,BELOW,GIU,XUYEN_THAT,3,false,false,,
AVAXUSDT,309,18,2,ABOVE,PHA_GIA,XUYEN_THAT,3,true,true,8,false
AVAXUSDT,310,11,2,BELOW,GIU,XUYEN_THAT,3,false,false,,
AVAXUSDT,311,13,2,ABOVE,PHA_GIA,XUYEN_THAT,2,true,true,4,false
AVAXUSDT,313,1,1,BELOW,GIU,CHAN,1,false,false,,
AVAXUSDT,314,5,2,BELOW,GIU,XUYEN_THAT,2,false,false,,
AVAXUSDT,315,17,2,ABOVE,GIU,XUYEN_THAT,4,false,false,,
AVAXUSDT,317,4,2,ABOVE,PHA_GIA,XUYEN_THAT,1,true,true,0,false
AVAXUSDT,320,3,1,BELOW,GIU,CHAN,2,false,false,,
AVAXUSDT,323,14,2,BELOW,GIU,XUYEN_THAT,3,false,false,,
AVAXUSDT,324,4,2,ABOVE,PHA_GIA,CHAN,1,true,true,3,false
AVAXUSDT,325,12,2,ABOVE,PHA_GIA,XUYEN_THAT,2,true,true,3,false
AVAXUSDT,326,2,1,BELOW,GIU,CHAN,2,false,false,,
AVAXUSDT,328,9,1,BELOW,GIU,CHAN,2,false,false,,
AVAXUSDT,329,1,1,ABOVE,XUYEN_THAT,XUYEN_THAT,0,true,false,0,false
AVAXUSDT,330,8,2,BELOW,PHA_GIA,XUYEN_THAT,1,true,true,1,false
AVAXUSDT,331,14,2,ABOVE,PHA_GIA,XUYEN_THAT,3,true,true,8,false
AVAXUSDT,332,3,2,BELOW,XUYEN_THAT,XUYEN_THAT,0,true,false,1,false
AVAXUSDT,333,4,2,ABOVE,GIU,CHAN,0,false,false,,
AVAXUSDT,334,9,2,BELOW,PHA_GIA,XUYEN_THAT,2,true,true,8,false
AVAXUSDT,335,1,1,ABOVE,GIU,CHAN,2,false,false,,
AVAXUSDT,339,32,2,BELOW,XUYEN_THAT,XUYEN_THAT,1,true,false,6,false
AVAXUSDT,341,1,1,ABOVE,PHA_GIA,CHAN,2,true,true,0,false
AVAXUSDT,342,1,1,ABOVE,GIU,CHAN,1,false,false,,
AVAXUSDT,343,3,1,BELOW,GIU,CHAN,1,false,false,,
AVAXUSDT,344,8,1,ABOVE,GIU,XUYEN_THAT,0,false,false,,
AVAXUSDT,346,17,2,ABOVE,XUYEN_THAT,XUYEN_THAT,0,true,false,5,false
AVAXUSDT,347,6,1,ABOVE,GIU,CHAN,2,false,false,,
AVAXUSDT,349,3,1,BELOW,GIU,CHAN,2,false,false,,
AVAXUSDT,351,6,1,ABOVE,GIU,XUYEN_THAT,1,false,false,,
AVAXUSDT,352,14,2,ABOVE,GIU,XUYEN_THAT,0,false,false,,
AVAXUSDT,353,4,1,BELOW,GIU,XUYEN_THAT,3,false,false,,
AVAXUSDT,355,20,2,BELOW,XUYEN_THAT,XUYEN_THAT,0,true,false,4,false
AVAXUSDT,356,7,2,ABOVE,GIU,XUYEN_THAT,1,false,false,,
AVAXUSDT,357,3,1,BELOW,GIU,CHAN,2,false,false,,
AVAXUSDT,358,7,2,ABOVE,GIU,XUYEN_THAT,3,false,false,,
AVAXUSDT,360,3,2,BELOW,PHA_GIA,CHAN,2,true,true,2,false
AVAXUSDT,361,17,2,ABOVE,XUYEN_THAT,XUYEN_THAT,4,true,false,3,false
AVAXUSDT,362,6,2,ABOVE,GIU,CHAN,3,false,false,,
AVAXUSDT,363,3,1,ABOVE,PHA_GIA,CHAN,0,true,true,8,false
AVAXUSDT,364,3,1,ABOVE,GIU,XUYEN_THAT,3,false,false,,
AVAXUSDT,365,4,1,BELOW,GIU,CHAN,1,false,false,,
AVAXUSDT,366,28,2,ABOVE,XUYEN_THAT,XUYEN_THAT,3,true,false,4,false
AVAXUSDT,368,28,2,BELOW,GIU,XUYEN_THAT,1,false,false,,
AVAXUSDT,369,8,2,ABOVE,XUYEN_THAT,XUYEN_THAT,2,true,false,5,false
AVAXUSDT,370,13,2,ABOVE,XUYEN_THAT,XUYEN_THAT,0,true,false,0,false
AVAXUSDT,371,1,1,BELOW,GIU,CHAN,3,false,false,,
AVAXUSDT,372,4,2,BELOW,PHA_GIA,CHAN,1,true,true,6,false
AVAXUSDT,373,9,2,BELOW,XUYEN_THAT,XUYEN_THAT,4,true,false,3,false
AVAXUSDT,375,1,1,BELOW,PHA_GIA,CHAN,1,true,true,2,false
AVAXUSDT,376,2,1,BELOW,GIU,CHAN,0,false,false,,
AVAXUSDT,377,7,2,ABOVE,PHA_GIA,XUYEN_THAT,4,true,true,1,false
AVAXUSDT,378,4,2,BELOW,GIU,XUYEN_THAT,2,false,false,,
AVAXUSDT,379,2,1,BELOW,GIU,CHAN,2,false,false,,
AVAXUSDT,380,19,2,BELOW,GIU,CHAN,1,false,false,,
AVAXUSDT,382,25,2,ABOVE,PHA_GIA,XUYEN_THAT,3,true,true,2,false
AVAXUSDT,383,2,1,BELOW,PHA_GIA,CHAN,0,true,true,2,false
AVAXUSDT,384,7,2,ABOVE,GIU,CHAN,2,false,false,,
AVAXUSDT,385,6,2,ABOVE,PHA_GIA,CHAN,1,true,true,3,false
AVAXUSDT,387,3,1,ABOVE,GIU,CHAN,1,false,false,,
AVAXUSDT,388,9,1,ABOVE,GIU,CHAN,3,false,false,,
AVAXUSDT,389,2,1,BELOW,GIU,CHAN,2,false,false,,
AVAXUSDT,390,13,2,ABOVE,GIU,XUYEN_THAT,2,false,false,,
AVAXUSDT,391,1,1,ABOVE,GIU,CHAN,3,false,false,,
AVAXUSDT,393,30,2,BELOW,XUYEN_THAT,XUYEN_THAT,0,true,false,0,false
AVAXUSDT,394,5,1,BELOW,GIU,CHAN,4,false,false,,
AVAXUSDT,395,18,2,BELOW,PHA_GIA,XUYEN_THAT,1,true,true,2,false
AVAXUSDT,396,6,2,BELOW,GIU,CHAN,1,false,false,,
AVAXUSDT,397,7,2,BELOW,GIU,CHAN,1,false,false,,
AVAXUSDT,398,3,2,ABOVE,PHA_GIA,XUYEN_THAT,0,true,true,0,false
AVAXUSDT,399,5,2,ABOVE,GIU,XUYEN_THAT,0,false,false,,
AVAXUSDT,400,18,2,BELOW,XUYEN_THAT,XUYEN_THAT,0,true,false,1,false
AVAXUSDT,401,3,2,BELOW,XUYEN_THAT,XUYEN_THAT,1,true,false,1,false
AVAXUSDT,403,1,1,BELOW,XUYEN_THAT,XUYEN_THAT,2,true,false,2,false
AVAXUSDT,405,8,2,BELOW,PHA_GIA,XUYEN_THAT,3,true,true,7,false
AVAXUSDT,406,4,1,BELOW,GIU,CHAN,4,false,false,,
AVAXUSDT,408,21,2,ABOVE,XUYEN_THAT,XUYEN_THAT,2,true,false,3,false
AVAXUSDT,409,6,1,BELOW,GIU,CHAN,2,false,false,,
AVAXUSDT,410,23,2,ABOVE,GIU,CHAN,4,false,false,,
AVAXUSDT,411,6,2,BELOW,PHA_GIA,CHAN,1,true,true,1,false
AVAXUSDT,412,1,1,BELOW,GIU,CHAN,2,false,false,,
AVAXUSDT,413,9,1,BELOW,GIU,CHAN,2,false,false,,
AVAXUSDT,414,4,2,BELOW,PHA_GIA,CHAN,1,true,true,2,false
AVAXUSDT,415,6,1,ABOVE,GIU,CHAN,2,false,false,,
AVAXUSDT,416,1,1,ABOVE,GIU,CHAN,2,false,false,,
AVAXUSDT,417,7,2,BELOW,PHA_GIA,XUYEN_THAT,2,true,true,3,false
AVAXUSDT,419,14,2,ABOVE,GIU,XUYEN_THAT,1,false,false,,
AVAXUSDT,420,1,1,BELOW,GIU,CHAN,3,false,false,,
AVAXUSDT,422,5,2,BELOW,XUYEN_THAT,XUYEN_THAT,0,true,false,5,false
AVAXUSDT,423,7,1,BELOW,GIU,CHAN,3,false,false,,
AVAXUSDT,424,4,2,BELOW,PHA_GIA,CHAN,1,true,true,3,false
AVAXUSDT,425,35,2,ABOVE,GIU,XUYEN_THAT,3,false,false,,
AVAXUSDT,426,9,1,ABOVE,GIU,CHAN,3,false,false,,
AVAXUSDT,427,1,1,BELOW,GIU,CHAN,2,false,false,,
AVAXUSDT,428,3,1,BELOW,GIU,CHAN,2,false,false,,
AVAXUSDT,429,17,2,BELOW,PHA_GIA,XUYEN_THAT,3,true,true,4,false
AVAXUSDT,431,1,1,ABOVE,GIU,CHAN,3,false,false,,
AVAXUSDT,432,1,1,ABOVE,GIU,CHAN,1,false,false,,
AVAXUSDT,434,9,2,ABOVE,XUYEN_THAT,XUYEN_THAT,3,true,false,4,false
AVAXUSDT,437,12,2,ABOVE,XUYEN_THAT,XUYEN_THAT,1,true,false,3,true
AVAXUSDT,439,8,2,BELOW,PHA_GIA,XUYEN_THAT,1,true,true,5,false
AVAXUSDT,440,18,2,BELOW,GIU,XUYEN_THAT,0,false,false,,
AVAXUSDT,441,2,1,BELOW,PHA_GIA,CHAN,2,true,true,7,false
AVAXUSDT,442,5,2,BELOW,XUYEN_THAT,XUYEN_THAT,1,true,false,1,false
AVAXUSDT,443,2,1,ABOVE,GIU,CHAN,3,false,false,,
AVAXUSDT,445,9,2,BELOW,GIU,XUYEN_THAT,2,false,false,,
AVAXUSDT,446,19,2,BELOW,GIU,XUYEN_THAT,2,false,false,,
AVAXUSDT,447,7,2,BELOW,XUYEN_THAT,XUYEN_THAT,3,true,false,2,false
AVAXUSDT,448,2,1,ABOVE,GIU,CHAN,2,false,false,,
AVAXUSDT,449,8,1,ABOVE,GIU,CHAN,1,false,false,,
AVAXUSDT,451,13,2,BELOW,GIU,XUYEN_THAT,2,false,false,,
AVAXUSDT,452,9,2,BELOW,GIU,XUYEN_THAT,1,false,false,,
AVAXUSDT,453,4,2,ABOVE,XUYEN_THAT,XUYEN_THAT,2,true,false,5,false
AVAXUSDT,454,19,2,ABOVE,GIU,XUYEN_THAT,1,false,false,,
AVAXUSDT,456,20,2,BELOW,GIU,XUYEN_THAT,3,false,false,,
AVAXUSDT,457,10,2,ABOVE,PHA_GIA,XUYEN_THAT,3,true,true,4,false
AVAXUSDT,458,18,2,ABOVE,PHA_GIA,XUYEN_THAT,1,true,true,0,false
AVAXUSDT,459,3,2,BELOW,XUYEN_THAT,XUYEN_THAT,1,true,false,8,true
AVAXUSDT,461,3,1,ABOVE,GIU,CHAN,2,false,false,,
AVAXUSDT,462,9,2,BELOW,PHA_GIA,XUYEN_THAT,1,true,true,0,false
AVAXUSDT,463,5,2,BELOW,GIU,XUYEN_THAT,3,false,false,,
AVAXUSDT,464,4,2,BELOW,PHA_GIA,CHAN,3,true,true,2,false
AVAXUSDT,465,3,1,ABOVE,GIU,XUYEN_THAT,2,false,false,,
AVAXUSDT,466,5,2,BELOW,GIU,CHAN,3,false,false,,
AVAXUSDT,470,3,1,BELOW,GIU,CHAN,1,false,false,,
AVAXUSDT,471,6,2,BELOW,PHA_GIA,XUYEN_THAT,3,true,true,5,false
AVAXUSDT,472,29,2,BELOW,GIU,XUYEN_THAT,4,false,false,,
AVAXUSDT,473,7,2,BELOW,GIU,XUYEN_THAT,2,false,false,,
AVAXUSDT,475,3,1,ABOVE,GIU,CHAN,0,false,false,,
AVAXUSDT,476,47,2,ABOVE,GIU,XUYEN_THAT,3,false,false,,
AVAXUSDT,478,2,1,BELOW,GIU,CHAN,3,false,false,,
AVAXUSDT,479,5,1,BELOW,GIU,CHAN,2,false,false,,
AVAXUSDT,480,7,2,ABOVE,GIU,CHAN,2,false,false,,
AVAXUSDT,481,11,1,BELOW,GIU,CHAN,3,false,false,,
AVAXUSDT,482,4,2,ABOVE,GIU,XUYEN_THAT,3,false,false,,
AVAXUSDT,483,6,2,BELOW,GIU,CHAN,5,false,false,,
AVAXUSDT,484,15,2,ABOVE,GIU,XUYEN_THAT,0,false,false,,
AVAXUSDT,485,3,1,BELOW,GIU,CHAN,3,false,false,,
AVAXUSDT,489,1,1,BELOW,PHA_GIA,CHAN,2,true,true,1,false
AVAXUSDT,490,4,1,BELOW,GIU,CHAN,3,false,false,,
AVAXUSDT,491,13,2,BELOW,GIU,XUYEN_THAT,2,false,false,,
AVAXUSDT,492,4,1,ABOVE,GIU,CHAN,1,false,false,,
AVAXUSDT,493,2,2,ABOVE,PHA_GIA,CHAN,1,true,true,1,false
AVAXUSDT,494,1,1,ABOVE,GIU,CHAN,2,false,false,,
AVAXUSDT,495,12,2,ABOVE,GIU,XUYEN_THAT,2,false,false,,
AVAXUSDT,497,3,1,BELOW,PHA_GIA,CHAN,2,true,true,6,false
AVAXUSDT,498,1,1,BELOW,PHA_GIA,CHAN,3,true,true,2,false
AVAXUSDT,499,4,2,BELOW,XUYEN_THAT,XUYEN_THAT,3,true,false,2,false
AVAXUSDT,500,12,2,ABOVE,PHA_GIA,XUYEN_THAT,3,true,true,4,false
AVAXUSDT,501,6,2,ABOVE,PHA_GIA,XUYEN_THAT,2,true,true,6,false
AVAXUSDT,502,15,2,BELOW,PHA_GIA,XUYEN_THAT,3,true,true,3,false
AVAXUSDT,504,13,2,ABOVE,GIU,XUYEN_THAT,3,false,false,,
AVAXUSDT,506,18,2,BELOW,GIU,CHAN,2,false,false,,
AVAXUSDT,507,2,1,ABOVE,XUYEN_THAT,XUYEN_THAT,0,true,false,0,false
AVAXUSDT,508,5,2,ABOVE,PHA_GIA,CHAN,2,true,true,3,false
AVAXUSDT,509,11,2,BELOW,PHA_GIA,CHAN,1,true,true,1,false
AVAXUSDT,511,1,1,BELOW,GIU,CHAN,2,false,false,,
AVAXUSDT,512,30,2,BELOW,GIU,XUYEN_THAT,2,false,false,,
AVAXUSDT,513,2,1,BELOW,GIU,CHAN,2,false,false,,
AVAXUSDT,514,6,2,ABOVE,XUYEN_THAT,XUYEN_THAT,3,true,false,5,false
AVAXUSDT,515,8,2,ABOVE,XUYEN_THAT,XUYEN_THAT,1,true,false,1,false
AVAXUSDT,516,3,1,ABOVE,GIU,CHAN,3,false,false,,
AVAXUSDT,517,6,2,BELOW,GIU,CHAN,1,false,false,,
AVAXUSDT,518,1,1,BELOW,XUYEN_THAT,XUYEN_THAT,2,true,false,2,false
AVAXUSDT,519,2,1,BELOW,XUYEN_THAT,XUYEN_THAT,2,true,false,3,false
AVAXUSDT,520,3,2,BELOW,XUYEN_THAT,XUYEN_THAT,1,true,false,3,true
AVAXUSDT,521,6,2,ABOVE,PHA_GIA,XUYEN_THAT,0,true,true,2,false
AVAXUSDT,522,5,2,ABOVE,PHA_GIA,XUYEN_THAT,1,true,true,7,false
AVAXUSDT,525,5,2,BELOW,PHA_GIA,XUYEN_THAT,0,true,true,5,false
AVAXUSDT,526,8,2,BELOW,PHA_GIA,XUYEN_THAT,1,true,true,0,false
AVAXUSDT,527,6,2,ABOVE,GIU,XUYEN_THAT,3,false,false,,
AVAXUSDT,530,2,1,BELOW,GIU,XUYEN_THAT,3,false,false,,
AVAXUSDT,532,4,1,BELOW,GIU,CHAN,2,false,false,,
AVAXUSDT,533,3,2,ABOVE,PHA_GIA,XUYEN_THAT,1,true,true,3,false
AVAXUSDT,534,23,2,ABOVE,GIU,XUYEN_THAT,2,false,false,,
AVAXUSDT,535,4,1,ABOVE,GIU,CHAN,2,false,false,,
AVAXUSDT,536,1,1,ABOVE,PHA_GIA,CHAN,1,true,true,1,false
AVAXUSDT,537,1,1,BELOW,GIU,CHAN,3,false,false,,
AVAXUSDT,539,8,2,BELOW,PHA_GIA,XUYEN_THAT,3,true,true,1,false
AVAXUSDT,540,4,2,ABOVE,GIU,XUYEN_THAT,1,false,false,,
AVAXUSDT,541,1,1,ABOVE,XUYEN_THAT,XUYEN_THAT,0,true,false,5,false
AVAXUSDT,544,2,1,ABOVE,XUYEN_THAT,XUYEN_THAT,2,true,false,3,false
AVAXUSDT,545,2,2,ABOVE,PHA_GIA,XUYEN_THAT,1,true,true,0,false
AVAXUSDT,546,1,1,BELOW,XUYEN_THAT,XUYEN_THAT,3,true,false,2,false
AVAXUSDT,547,6,2,ABOVE,GIU,XUYEN_THAT,0,false,false,,
AVAXUSDT,549,2,2,BELOW,XUYEN_THAT,XUYEN_THAT,2,true,false,5,false
AVAXUSDT,550,3,1,ABOVE,GIU,CHAN,1,false,false,,
AVAXUSDT,551,18,2,BELOW,XUYEN_THAT,XUYEN_THAT,1,true,false,4,false
AVAXUSDT,552,9,2,ABOVE,XUYEN_THAT,XUYEN_THAT,2,true,false,4,false
AVAXUSDT,553,1,1,ABOVE,GIU,CHAN,0,false,false,,
AVAXUSDT,554,4,1,ABOVE,GIU,CHAN,2,false,false,,
AVAXUSDT,555,3,1,ABOVE,GIU,CHAN,1,false,false,,
AVAXUSDT,556,2,2,ABOVE,PHA_GIA,XUYEN_THAT,1,true,true,0,false
AVAXUSDT,557,38,2,ABOVE,PHA_GIA,XUYEN_THAT,0,true,true,0,false
AVAXUSDT,558,4,1,BELOW,PHA_GIA,CHAN,0,true,true,7,false
AVAXUSDT,559,14,2,ABOVE,GIU,XUYEN_THAT,2,false,false,,
AVAXUSDT,560,7,2,ABOVE,PHA_GIA,XUYEN_THAT,2,true,true,1,false
AVAXUSDT,561,8,2,ABOVE,GIU,XUYEN_THAT,2,false,false,,
AVAXUSDT,562,4,2,ABOVE,XUYEN_THAT,XUYEN_THAT,2,true,false,4,false
AVAXUSDT,563,7,2,ABOVE,GIU,CHAN,2,false,false,,
AVAXUSDT,566,45,2,BELOW,XUYEN_THAT,XUYEN_THAT,1,true,false,0,false
AVAXUSDT,567,6,2,ABOVE,PHA_GIA,XUYEN_THAT,2,true,true,2,false
AVAXUSDT,569,20,2,ABOVE,PHA_GIA,XUYEN_THAT,1,true,true,4,false
AVAXUSDT,570,4,2,BELOW,XUYEN_THAT,XUYEN_THAT,2,true,false,7,false
AVAXUSDT,572,11,2,ABOVE,GIU,XUYEN_THAT,3,false,false,,
AVAXUSDT,573,1,1,ABOVE,GIU,CHAN,1,false,false,,
AVAXUSDT,574,8,2,ABOVE,XUYEN_THAT,XUYEN_THAT,1,true,false,4,true
AVAXUSDT,575,4,2,ABOVE,XUYEN_THAT,XUYEN_THAT,1,true,false,6,false
AVAXUSDT,576,30,2,BELOW,GIU,XUYEN_THAT,3,false,false,,
AVAXUSDT,578,1,1,ABOVE,PHA_GIA,CHAN,3,true,true,0,false
AVAXUSDT,579,3,2,BELOW,GIU,XUYEN_THAT,3,false,false,,
AVAXUSDT,581,25,2,ABOVE,XUYEN_THAT,XUYEN_THAT,3,true,false,1,false
AVAXUSDT,582,16,2,BELOW,PHA_GIA,XUYEN_THAT,2,true,true,2,false
AVAXUSDT,584,2,1,ABOVE,GIU,CHAN,1,false,false,,
AVAXUSDT,585,18,2,BELOW,GIU,XUYEN_THAT,2,false,false,,
AVAXUSDT,586,7,2,ABOVE,PHA_GIA,XUYEN_THAT,1,true,true,3,false
AVAXUSDT,587,9,2,BELOW,GIU,XUYEN_THAT,1,false,false,,
AVAXUSDT,588,1,1,ABOVE,GIU,CHAN,4,false,false,,
AVAXUSDT,589,2,1,ABOVE,GIU,CHAN,1,false,false,,
AVAXUSDT,590,1,1,BELOW,PHA_GIA,CHAN,1,true,true,0,false
AVAXUSDT,592,4,1,ABOVE,GIU,CHAN,0,false,false,,
AVAXUSDT,593,11,2,ABOVE,GIU,XUYEN_THAT,1,false,false,,
AVAXUSDT,594,15,2,BELOW,XUYEN_THAT,XUYEN_THAT,1,true,false,2,true
AVAXUSDT,595,9,2,BELOW,GIU,XUYEN_THAT,3,false,false,,
AVAXUSDT,596,69,2,BELOW,PHA_GIA,XUYEN_THAT,1,true,true,2,false
AVAXUSDT,597,2,1,BELOW,GIU,CHAN,4,false,false,,
AVAXUSDT,598,10,2,ABOVE,GIU,XUYEN_THAT,2,false,false,,
AVAXUSDT,599,2,2,BELOW,PHA_GIA,CHAN,4,true,true,5,false
AVAXUSDT,600,21,2,ABOVE,XUYEN_THAT,XUYEN_THAT,1,true,false,0,false
AVAXUSDT,601,10,2,ABOVE,GIU,XUYEN_THAT,3,false,false,,
AVAXUSDT,602,32,2,ABOVE,XUYEN_THAT,XUYEN_THAT,3,true,false,7,true
AVAXUSDT,603,3,2,BELOW,PHA_GIA,CHAN,2,true,true,3,false
AVAXUSDT,604,1,1,ABOVE,GIU,CHAN,3,false,false,,
AVAXUSDT,605,3,1,BELOW,GIU,CHAN,3,false,false,,
AVAXUSDT,606,31,2,ABOVE,XUYEN_THAT,XUYEN_THAT,2,true,false,7,false
AVAXUSDT,607,4,1,ABOVE,GIU,CHAN,1,false,false,,
AVAXUSDT,609,5,2,ABOVE,XUYEN_THAT,XUYEN_THAT,1,true,false,2,false
AVAXUSDT,610,15,2,BELOW,GIU,XUYEN_THAT,3,false,false,,
AVAXUSDT,611,9,2,ABOVE,XUYEN_THAT,XUYEN_THAT,2,true,false,1,false
AVAXUSDT,613,13,2,BELOW,PHA_GIA,XUYEN_THAT,3,true,true,6,false
AVAXUSDT,614,36,2,ABOVE,GIU,XUYEN_THAT,3,false,false,,
AVAXUSDT,615,8,2,BELOW,GIU,XUYEN_THAT,1,false,false,,
AVAXUSDT,617,6,2,BELOW,PHA_GIA,CHAN,1,true,true,1,false
AVAXUSDT,618,8,2,BELOW,GIU,XUYEN_THAT,3,false,false,,
AVAXUSDT,619,9,2,BELOW,GIU,XUYEN_THAT,1,false,false,,
AVAXUSDT,620,15,2,ABOVE,GIU,XUYEN_THAT,2,false,false,,
AVAXUSDT,621,7,1,BELOW,GIU,CHAN,2,false,false,,
AVAXUSDT,622,10,2,BELOW,PHA_GIA,XUYEN_THAT,3,true,true,2,false
AVAXUSDT,623,5,1,BELOW,GIU,XUYEN_THAT,3,false,false,,
AVAXUSDT,624,1,1,BELOW,XUYEN_THAT,XUYEN_THAT,0,true,false,0,false
AVAXUSDT,625,1,1,ABOVE,GIU,CHAN,1,false,false,,
AVAXUSDT,626,1,1,BELOW,GIU,CHAN,1,false,false,,
AVAXUSDT,628,2,1,ABOVE,GIU,CHAN,1,false,false,,
AVAXUSDT,629,9,2,BELOW,GIU,CHAN,1,false,false,,
AVAXUSDT,630,1,1,BELOW,GIU,CHAN,2,false,false,,
AVAXUSDT,631,11,2,BELOW,PHA_GIA,XUYEN_THAT,1,true,true,2,false
AVAXUSDT,634,9,2,BELOW,GIU,XUYEN_THAT,2,false,false,,
AVAXUSDT,635,4,2,BELOW,XUYEN_THAT,XUYEN_THAT,1,true,false,8,true
AVAXUSDT,636,1,1,ABOVE,XUYEN_THAT,XUYEN_THAT,2,true,false,0,false
AVAXUSDT,637,2,1,BELOW,GIU,CHAN,1,false,false,,
AVAXUSDT,638,7,2,BELOW,PHA_GIA,XUYEN_THAT,2,true,true,0,false
AVAXUSDT,639,5,1,BELOW,GIU,CHAN,1,false,false,,
AVAXUSDT,640,10,2,BELOW,PHA_GIA,XUYEN_THAT,2,true,true,2,false
AVAXUSDT,641,18,2,BELOW,GIU,XUYEN_THAT,4,false,false,,
AVAXUSDT,642,10,2,BELOW,PHA_GIA,CHAN,1,true,true,0,false
AVAXUSDT,644,7,2,BELOW,PHA_GIA,XUYEN_THAT,2,true,true,4,false
AVAXUSDT,645,7,1,BELOW,GIU,CHAN,2,false,false,,
AVAXUSDT,647,11,2,ABOVE,XUYEN_THAT,XUYEN_THAT,1,true,false,1,false
AVAXUSDT,649,14,2,ABOVE,GIU,XUYEN_THAT,1,false,false,,
AVAXUSDT,650,1,1,ABOVE,XUYEN_THAT,XUYEN_THAT,1,true,false,1,false
AVAXUSDT,651,6,2,BELOW,XUYEN_THAT,XUYEN_THAT,3,true,false,4,false
AVAXUSDT,653,20,2,BELOW,GIU,XUYEN_THAT,1,false,false,,
AVAXUSDT,654,9,2,ABOVE,GIU,XUYEN_THAT,2,false,false,,
AVAXUSDT,655,12,2,BELOW,GIU,XUYEN_THAT,1,false,false,,
AVAXUSDT,656,6,2,BELOW,XUYEN_THAT,XUYEN_THAT,2,true,false,2,false
AVAXUSDT,657,26,2,ABOVE,PHA_GIA,XUYEN_THAT,0,true,true,1,false
AVAXUSDT,658,25,2,BELOW,GIU,XUYEN_THAT,1,false,false,,
AVAXUSDT,659,3,1,ABOVE,GIU,CHAN,3,false,false,,
AVAXUSDT,661,18,2,BELOW,GIU,XUYEN_THAT,1,false,false,,
AVAXUSDT,662,4,2,ABOVE,PHA_GIA,CHAN,1,true,true,6,false
AVAXUSDT,663,7,2,ABOVE,XUYEN_THAT,XUYEN_THAT,1,true,false,4,true
AVAXUSDT,664,7,2,ABOVE,XUYEN_THAT,XUYEN_THAT,3,true,false,4,false
AVAXUSDT,665,11,2,BELOW,GIU,XUYEN_THAT,0,false,false,,
AVAXUSDT,666,7,2,ABOVE,XUYEN_THAT,XUYEN_THAT,2,true,false,3,false
AVAXUSDT,667,1,1,ABOVE,XUYEN_THAT,XUYEN_THAT,1,true,false,0,false
AVAXUSDT,668,1,1,ABOVE,XUYEN_THAT,XUYEN_THAT,3,true,false,2,false
AVAXUSDT,669,9,2,ABOVE,PHA_GIA,XUYEN_THAT,1,true,true,0,false
AVAXUSDT,670,1,1,ABOVE,GIU,CHAN,1,false,false,,
AVAXUSDT,671,16,1,BELOW,GIU,CHAN,3,false,false,,
AVAXUSDT,672,4,2,ABOVE,GIU,CHAN,5,false,false,,
AVAXUSDT,673,27,2,BELOW,GIU,XUYEN_THAT,2,false,false,,
AVAXUSDT,675,6,2,BELOW,GIU,CHAN,1,false,false,,
AVAXUSDT,678,7,1,ABOVE,GIU,CHAN,1,false,false,,
AVAXUSDT,679,10,2,BELOW,GIU,XUYEN_THAT,0,false,false,,
AVAXUSDT,680,20,2,BELOW,GIU,XUYEN_THAT,1,false,false,,
AVAXUSDT,681,8,1,BELOW,GIU,CHAN,0,false,false,,
AVAXUSDT,684,7,2,ABOVE,GIU,XUYEN_THAT,0,false,false,,
AVAXUSDT,685,9,2,ABOVE,XUYEN_THAT,XUYEN_THAT,1,true,false,1,false
AVAXUSDT,686,5,2,ABOVE,GIU,XUYEN_THAT,2,false,false,,
AVAXUSDT,687,9,2,BELOW,XUYEN_THAT,XUYEN_THAT,1,true,false,1,false
AVAXUSDT,688,13,2,BELOW,XUYEN_THAT,XUYEN_THAT,4,true,false,7,false
AVAXUSDT,689,10,2,ABOVE,XUYEN_THAT,XUYEN_THAT,1,true,false,1,false
AVAXUSDT,690,16,2,ABOVE,GIU,CHAN,4,false,false,,
AVAXUSDT,691,4,2,BELOW,GIU,XUYEN_THAT,2,false,false,,
AVAXUSDT,694,4,1,BELOW,GIU,XUYEN_THAT,2,false,false,,
AVAXUSDT,695,2,1,ABOVE,GIU,CHAN,3,false,false,,
AVAXUSDT,697,34,2,BELOW,GIU,XUYEN_THAT,2,false,false,,
AVAXUSDT,698,6,2,ABOVE,PHA_GIA,XUYEN_THAT,2,true,true,5,false
AVAXUSDT,699,19,2,BELOW,GIU,XUYEN_THAT,1,false,false,,
AVAXUSDT,700,6,1,BELOW,GIU,CHAN,2,false,false,,
AVAXUSDT,701,7,2,ABOVE,XUYEN_THAT,XUYEN_THAT,0,true,false,0,false
AVAXUSDT,702,12,2,BELOW,PHA_GIA,XUYEN_THAT,2,true,true,1,false
AVAXUSDT,703,5,1,BELOW,GIU,CHAN,2,false,false,,
AVAXUSDT,704,3,2,BELOW,PHA_GIA,CHAN,3,true,true,4,false
AVAXUSDT,705,15,2,BELOW,XUYEN_THAT,XUYEN_THAT,0,true,false,0,false
AVAXUSDT,706,11,2,ABOVE,XUYEN_THAT,XUYEN_THAT,0,true,false,1,false
AVAXUSDT,708,22,2,ABOVE,PHA_GIA,XUYEN_THAT,3,true,true,1,false
AVAXUSDT,709,40,2,BELOW,GIU,XUYEN_THAT,2,false,false,,
AVAXUSDT,710,1,1,ABOVE,XUYEN_THAT,XUYEN_THAT,1,true,false,4,false
AVAXUSDT,711,5,1,BELOW,GIU,CHAN,1,false,false,,
AVAXUSDT,712,1,1,ABOVE,GIU,CHAN,1,false,false,,
AVAXUSDT,713,1,1,BELOW,XUYEN_THAT,XUYEN_THAT,1,true,false,1,false
AVAXUSDT,714,3,2,ABOVE,PHA_GIA,CHAN,2,true,true,4,false
AVAXUSDT,715,3,1,BELOW,GIU,CHAN,2,false,false,,
AVAXUSDT,716,3,1,BELOW,GIU,CHAN,3,false,false,,
AVAXUSDT,717,13,2,BELOW,PHA_GIA,XUYEN_THAT,0,true,true,5,false
AVAXUSDT,718,3,1,BELOW,GIU,XUYEN_THAT,4,false,false,,
AVAXUSDT,719,4,1,ABOVE,GIU,CHAN,1,false,false,,
AVAXUSDT,720,4,2,ABOVE,GIU,CHAN,1,false,false,,
AVAXUSDT,721,24,2,BELOW,XUYEN_THAT,XUYEN_THAT,3,true,false,5,false
AVAXUSDT,722,9,2,BELOW,GIU,XUYEN_THAT,4,false,false,,
AVAXUSDT,723,3,2,BELOW,PHA_GIA,XUYEN_THAT,1,true,true,2,false
AVAXUSDT,724,2,2,ABOVE,PHA_GIA,CHAN,2,true,true,2,false
AVAXUSDT,725,9,2,BELOW,PHA_GIA,XUYEN_THAT,2,true,true,1,true
AVAXUSDT,726,1,1,BELOW,PHA_GIA,CHAN,2,true,true,0,false
AVAXUSDT,728,7,2,ABOVE,XUYEN_THAT,XUYEN_THAT,1,true,false,3,false
AVAXUSDT,729,19,2,ABOVE,GIU,XUYEN_THAT,2,false,false,,
AVAXUSDT,730,4,2,ABOVE,GIU,XUYEN_THAT,2,false,false,,
AVAXUSDT,731,27,2,BELOW,PHA_GIA,XUYEN_THAT,3,true,true,6,false
AVAXUSDT,732,4,2,BELOW,GIU,XUYEN_THAT,1,false,false,,
AVAXUSDT,733,6,2,ABOVE,PHA_GIA,XUYEN_THAT,2,true,true,6,false
AVAXUSDT,734,1,1,ABOVE,GIU,CHAN,2,false,false,,
AVAXUSDT,735,30,2,BELOW,GIU,XUYEN_THAT,1,false,false,,
AVAXUSDT,736,2,1,BELOW,GIU,CHAN,2,false,false,,
AVAXUSDT,737,4,1,BELOW,GIU,CHAN,3,false,false,,
AVAXUSDT,738,9,2,BELOW,PHA_GIA,XUYEN_THAT,0,true,true,0,false
AVAXUSDT,740,18,2,BELOW,GIU,XUYEN_THAT,2,false,false,,
AVAXUSDT,741,3,2,ABOVE,GIU,CHAN,2,false,false,,
AVAXUSDT,742,6,2,ABOVE,XUYEN_THAT,XUYEN_THAT,2,true,false,7,false
AVAXUSDT,744,27,2,BELOW,GIU,XUYEN_THAT,3,false,false,,
AVAXUSDT,746,6,2,BELOW,GIU,CHAN,3,false,false,,
AVAXUSDT,747,15,2,ABOVE,XUYEN_THAT,XUYEN_THAT,3,true,false,0,false
AVAXUSDT,748,12,2,ABOVE,GIU,XUYEN_THAT,3,false,false,,
AVAXUSDT,749,12,2,ABOVE,GIU,XUYEN_THAT,2,false,false,,
AVAXUSDT,750,6,2,ABOVE,GIU,XUYEN_THAT,1,false,false,,
AVAXUSDT,752,21,2,BELOW,GIU,XUYEN_THAT,3,false,false,,
AVAXUSDT,753,1,1,BELOW,GIU,CHAN,1,false,false,,
AVAXUSDT,754,10,2,ABOVE,PHA_GIA,XUYEN_THAT,1,true,true,1,false
AVAXUSDT,755,4,1,BELOW,XUYEN_THAT,XUYEN_THAT,2,true,false,7,false
AVAXUSDT,756,5,1,BELOW,GIU,CHAN,3,false,false,,
AVAXUSDT,757,4,2,BELOW,PHA_GIA,CHAN,2,true,true,7,false
AVAXUSDT,758,5,2,ABOVE,GIU,CHAN,3,false,false,,
AVAXUSDT,759,8,2,ABOVE,XUYEN_THAT,XUYEN_THAT,1,true,false,2,false
AVAXUSDT,761,12,2,BELOW,PHA_GIA,XUYEN_THAT,2,true,true,2,false
AVAXUSDT,762,8,2,BELOW,PHA_GIA,XUYEN_THAT,2,true,true,2,false
AVAXUSDT,763,18,2,BELOW,GIU,XUYEN_THAT,4,false,false,,
AVAXUSDT,764,2,2,BELOW,XUYEN_THAT,XUYEN_THAT,2,true,false,1,false
AVAXUSDT,765,7,2,ABOVE,XUYEN_THAT,XUYEN_THAT,0,true,false,6,false
AVAXUSDT,766,2,1,ABOVE,GIU,CHAN,4,false,false,,
AVAXUSDT,767,4,1,ABOVE,GIU,CHAN,1,false,false,,
AVAXUSDT,768,3,2,ABOVE,XUYEN_THAT,XUYEN_THAT,3,true,false,2,true
AVAXUSDT,769,15,2,BELOW,PHA_GIA,XUYEN_THAT,5,true,true,7,false
AVAXUSDT,770,20,2,BELOW,GIU,XUYEN_THAT,4,false,false,,
AVAXUSDT,771,6,2,ABOVE,XUYEN_THAT,XUYEN_THAT,1,true,false,5,false
AVAXUSDT,772,1,1,ABOVE,GIU,CHAN,3,false,false,,
AVAXUSDT,773,28,2,BELOW,PHA_GIA,XUYEN_THAT,2,true,true,4,false
AVAXUSDT,775,4,2,ABOVE,XUYEN_THAT,XUYEN_THAT,1,true,false,3,false
AVAXUSDT,776,4,2,ABOVE,GIU,XUYEN_THAT,0,false,false,,
AVAXUSDT,777,5,1,ABOVE,GIU,CHAN,1,false,false,,
AVAXUSDT,779,21,2,BELOW,GIU,XUYEN_THAT,4,false,false,,
AVAXUSDT,780,8,2,ABOVE,GIU,XUYEN_THAT,2,false,false,,
AVAXUSDT,781,5,2,ABOVE,GIU,XUYEN_THAT,1,false,false,,
AVAXUSDT,782,34,2,BELOW,PHA_GIA,XUYEN_THAT,1,true,true,1,false
AVAXUSDT,783,4,2,BELOW,PHA_GIA,XUYEN_THAT,1,true,true,1,false
AVAXUSDT,784,16,2,BELOW,XUYEN_THAT,XUYEN_THAT,2,true,false,3,false
AVAXUSDT,787,33,2,ABOVE,GIU,XUYEN_THAT,2,false,false,,
AVAXUSDT,788,15,2,BELOW,PHA_GIA,XUYEN_THAT,2,true,true,4,false
AVAXUSDT,790,5,2,ABOVE,GIU,CHAN,2,false,false,,
AVAXUSDT,791,8,2,BELOW,PHA_GIA,XUYEN_THAT,2,true,true,2,false
AVAXUSDT,792,13,2,BELOW,GIU,XUYEN_THAT,1,false,false,,
AVAXUSDT,793,1,1,BELOW,GIU,CHAN,3,false,false,,
AVAXUSDT,794,1,1,ABOVE,GIU,CHAN,1,false,false,,
AVAXUSDT,795,1,1,ABOVE,GIU,CHAN,2,false,false,,
AVAXUSDT,796,3,1,ABOVE,GIU,CHAN,3,false,false,,
AVAXUSDT,797,4,2,ABOVE,GIU,CHAN,4,false,false,,
AVAXUSDT,798,21,2,BELOW,PHA_GIA,XUYEN_THAT,2,true,true,0,false
AVAXUSDT,799,7,2,ABOVE,PHA_GIA,XUYEN_THAT,1,true,true,1,false
AVAXUSDT,800,4,2,ABOVE,GIU,XUYEN_THAT,1,false,false,,
AVAXUSDT,801,19,2,ABOVE,XUYEN_THAT,XUYEN_THAT,3,true,false,4,false
AVAXUSDT,802,12,2,BELOW,XUYEN_THAT,XUYEN_THAT,1,true,false,6,false
AVAXUSDT,804,2,1,ABOVE,GIU,CHAN,3,false,false,,
AVAXUSDT,805,4,2,ABOVE,XUYEN_THAT,XUYEN_THAT,2,true,false,7,false
AVAXUSDT,806,1,1,ABOVE,XUYEN_THAT,XUYEN_THAT,3,true,false,1,false
AVAXUSDT,809,4,2,ABOVE,PHA_GIA,XUYEN_THAT,3,true,true,3,false
AVAXUSDT,810,26,2,ABOVE,PHA_GIA,XUYEN_THAT,0,true,true,2,false
AVAXUSDT,811,10,2,ABOVE,XUYEN_THAT,XUYEN_THAT,1,true,false,0,false
AVAXUSDT,812,12,2,ABOVE,GIU,XUYEN_THAT,1,false,false,,
AVAXUSDT,813,7,2,BELOW,XUYEN_THAT,XUYEN_THAT,0,true,false,1,false
AVAXUSDT,815,20,2,BELOW,GIU,XUYEN_THAT,4,false,false,,
AVAXUSDT,816,3,2,BELOW,XUYEN_THAT,XUYEN_THAT,1,true,false,6,false
AVAXUSDT,817,20,2,ABOVE,GIU,XUYEN_THAT,2,false,false,,
AVAXUSDT,818,1,1,BELOW,GIU,CHAN,1,false,false,,
AVAXUSDT,820,2,1,ABOVE,GIU,CHAN,3,false,false,,
AVAXUSDT,821,5,2,ABOVE,XUYEN_THAT,XUYEN_THAT,1,true,false,6,false
AVAXUSDT,822,16,2,BELOW,GIU,XUYEN_THAT,5,false,false,,
AVAXUSDT,823,4,2,BELOW,PHA_GIA,XUYEN_THAT,1,true,true,1,false
AVAXUSDT,824,3,2,BELOW,PHA_GIA,XUYEN_THAT,2,true,true,2,false
AVAXUSDT,825,11,2,ABOVE,PHA_GIA,XUYEN_THAT,1,true,true,2,false
AVAXUSDT,827,3,1,BELOW,GIU,XUYEN_THAT,4,false,false,,
AVAXUSDT,828,4,1,BELOW,PHA_GIA,CHAN,1,true,true,3,false
AVAXUSDT,829,7,2,BELOW,PHA_GIA,CHAN,2,true,true,5,false
AVAXUSDT,830,6,2,ABOVE,GIU,XUYEN_THAT,2,false,false,,
AVAXUSDT,831,6,2,ABOVE,XUYEN_THAT,XUYEN_THAT,2,true,false,1,false
AVAXUSDT,832,1,1,BELOW,GIU,CHAN,3,false,false,,
AVAXUSDT,833,10,2,BELOW,GIU,XUYEN_THAT,3,false,false,,
AVAXUSDT,834,4,2,ABOVE,GIU,XUYEN_THAT,1,false,false,,
AVAXUSDT,837,1,1,ABOVE,GIU,CHAN,2,false,false,,
AVAXUSDT,838,2,2,ABOVE,XUYEN_THAT,XUYEN_THAT,0,true,false,0,false
AVAXUSDT,839,6,2,BELOW,PHA_GIA,XUYEN_THAT,1,true,true,4,false
AVAXUSDT,840,1,1,BELOW,PHA_GIA,CHAN,2,true,true,1,false
AVAXUSDT,841,1,1,ABOVE,GIU,CHAN,3,false,false,,
AVAXUSDT,842,10,2,ABOVE,PHA_GIA,XUYEN_THAT,2,true,true,3,false
AVAXUSDT,843,9,2,ABOVE,PHA_GIA,XUYEN_THAT,3,true,true,1,false
AVAXUSDT,844,4,2,BELOW,XUYEN_THAT,XUYEN_THAT,2,true,false,1,false
AVAXUSDT,846,13,2,BELOW,GIU,XUYEN_THAT,2,false,false,,
AVAXUSDT,847,12,2,ABOVE,PHA_GIA,XUYEN_THAT,2,true,true,1,false
AVAXUSDT,848,2,1,ABOVE,GIU,CHAN,0,false,false,,
AVAXUSDT,850,11,2,BELOW,GIU,XUYEN_THAT,1,false,false,,
AVAXUSDT,852,6,2,BELOW,GIU,CHAN,4,false,false,,
AVAXUSDT,853,9,2,BELOW,XUYEN_THAT,XUYEN_THAT,2,true,false,5,false
AVAXUSDT,856,3,1,BELOW,GIU,CHAN,3,false,false,,
AVAXUSDT,857,16,2,BELOW,GIU,XUYEN_THAT,2,false,false,,
AVAXUSDT,858,1,1,BELOW,GIU,CHAN,2,false,false,,
AVAXUSDT,859,6,2,ABOVE,GIU,XUYEN_THAT,1,false,false,,
AVAXUSDT,864,16,2,BELOW,GIU,XUYEN_THAT,1,false,false,,
AVAXUSDT,865,3,2,BELOW,PHA_GIA,XUYEN_THAT,0,true,true,0,false
AVAXUSDT,866,11,2,BELOW,PHA_GIA,CHAN,2,true,true,5,false
AVAXUSDT,867,13,2,ABOVE,PHA_GIA,XUYEN_THAT,2,true,true,6,false
AVAXUSDT,869,19,2,ABOVE,GIU,XUYEN_THAT,1,false,false,,
AVAXUSDT,870,17,2,ABOVE,GIU,XUYEN_THAT,0,false,false,,
AVAXUSDT,871,1,1,ABOVE,PHA_GIA,CHAN,1,true,true,3,false
AVAXUSDT,872,3,2,BELOW,PHA_GIA,XUYEN_THAT,3,true,true,0,false
AVAXUSDT,873,13,2,BELOW,GIU,XUYEN_THAT,2,false,false,,
AVAXUSDT,874,6,2,BELOW,PHA_GIA,XUYEN_THAT,3,true,true,6,false
AVAXUSDT,875,5,2,BELOW,PHA_GIA,XUYEN_THAT,2,true,true,4,false
AVAXUSDT,876,5,2,ABOVE,XUYEN_THAT,XUYEN_THAT,1,true,false,2,false
AVAXUSDT,877,9,1,ABOVE,GIU,XUYEN_THAT,6,false,false,,
AVAXUSDT,878,3,1,BELOW,GIU,CHAN,2,false,false,,
AVAXUSDT,880,27,2,BELOW,GIU,XUYEN_THAT,2,false,false,,
AVAXUSDT,881,11,2,BELOW,XUYEN_THAT,XUYEN_THAT,0,true,false,0,false
AVAXUSDT,883,1,1,BELOW,XUYEN_THAT,XUYEN_THAT,1,true,false,4,false
AVAXUSDT,884,7,2,BELOW,PHA_GIA,XUYEN_THAT,1,true,true,3,false
AVAXUSDT,885,1,1,ABOVE,XUYEN_THAT,XUYEN_THAT,1,true,false,0,false
AVAXUSDT,887,2,1,BELOW,XUYEN_THAT,XUYEN_THAT,0,true,false,0,false
AVAXUSDT,889,4,2,BELOW,PHA_GIA,CHAN,0,true,true,0,false
AVAXUSDT,890,15,2,ABOVE,PHA_GIA,XUYEN_THAT,1,true,true,4,false
AVAXUSDT,891,8,2,BELOW,GIU,XUYEN_THAT,2,false,false,,
AVAXUSDT,892,26,2,BELOW,PHA_GIA,XUYEN_THAT,2,true,true,4,false
AVAXUSDT,893,7,2,ABOVE,XUYEN_THAT,XUYEN_THAT,1,true,false,3,false
AVAXUSDT,894,12,2,BELOW,GIU,XUYEN_THAT,4,false,false,,
AVAXUSDT,899,2,1,ABOVE,GIU,CHAN,2,false,false,,
AVAXUSDT,900,40,2,BELOW,GIU,XUYEN_THAT,3,false,false,,
AVAXUSDT,902,3,2,BELOW,XUYEN_THAT,XUYEN_THAT,1,true,false,2,true
AVAXUSDT,903,5,2,ABOVE,GIU,XUYEN_THAT,2,false,false,,
AVAXUSDT,904,18,2,ABOVE,PHA_GIA,XUYEN_THAT,3,true,true,4,false
AVAXUSDT,905,11,2,ABOVE,PHA_GIA,XUYEN_THAT,1,true,true,1,false
AVAXUSDT,906,2,2,BELOW,XUYEN_THAT,XUYEN_THAT,3,true,false,1,false
AVAXUSDT,908,16,2,ABOVE,XUYEN_THAT,XUYEN_THAT,1,true,false,3,false
AVAXUSDT,909,8,2,BELOW,PHA_GIA,XUYEN_THAT,2,true,true,1,false
AVAXUSDT,911,10,2,ABOVE,GIU,XUYEN_THAT,1,false,false,,
AVAXUSDT,912,1,1,BELOW,PHA_GIA,CHAN,2,true,true,0,false
AVAXUSDT,914,1,1,BELOW,GIU,CHAN,1,false,false,,
AVAXUSDT,915,16,2,BELOW,PHA_GIA,XUYEN_THAT,1,true,true,0,false
AVAXUSDT,916,3,1,ABOVE,XUYEN_THAT,XUYEN_THAT,2,true,false,4,false
AVAXUSDT,917,3,2,BELOW,PHA_GIA,XUYEN_THAT,2,true,true,1,false
AVAXUSDT,918,3,1,BELOW,GIU,CHAN,2,false,false,,
AVAXUSDT,919,10,2,BELOW,XUYEN_THAT,XUYEN_THAT,1,true,false,2,true
AVAXUSDT,923,3,1,ABOVE,GIU,CHAN,2,false,false,,
AVAXUSDT,924,21,2,BELOW,PHA_GIA,XUYEN_THAT,1,true,true,3,false
AVAXUSDT,925,1,1,BELOW,GIU,CHAN,3,false,false,,
AVAXUSDT,926,2,1,BELOW,GIU,CHAN,2,false,false,,
AVAXUSDT,927,3,2,BELOW,GIU,CHAN,3,false,false,,
AVAXUSDT,928,4,2,ABOVE,PHA_GIA,CHAN,1,true,true,0,false
AVAXUSDT,929,1,1,ABOVE,GIU,CHAN,2,false,false,,
AVAXUSDT,930,30,2,BELOW,GIU,XUYEN_THAT,2,false,false,,
AVAXUSDT,931,18,2,BELOW,PHA_GIA,XUYEN_THAT,3,true,true,2,false
AVAXUSDT,932,11,2,BELOW,PHA_GIA,XUYEN_THAT,1,true,true,0,false
AVAXUSDT,934,1,1,BELOW,PHA_GIA,CHAN,1,true,true,0,false
AVAXUSDT,935,1,1,BELOW,GIU,CHAN,2,false,false,,
AVAXUSDT,936,11,2,BELOW,PHA_GIA,XUYEN_THAT,3,true,true,4,false
AVAXUSDT,938,2,1,ABOVE,PHA_GIA,CHAN,3,true,true,3,false
AVAXUSDT,943,24,2,BELOW,PHA_GIA,XUYEN_THAT,1,true,true,1,false
AVAXUSDT,944,20,2,ABOVE,GIU,XUYEN_THAT,1,false,false,,
AVAXUSDT,945,1,1,ABOVE,GIU,CHAN,1,false,false,,
AVAXUSDT,946,7,2,BELOW,GIU,XUYEN_THAT,2,false,false,,
AVAXUSDT,947,3,1,BELOW,PHA_GIA,CHAN,0,true,true,0,false
AVAXUSDT,949,2,1,ABOVE,GIU,CHAN,3,false,false,,
AVAXUSDT,950,4,1,ABOVE,GIU,CHAN,0,false,false,,
AVAXUSDT,951,1,1,ABOVE,PHA_GIA,CHAN,0,true,true,0,false
AVAXUSDT,952,13,2,BELOW,GIU,XUYEN_THAT,2,false,false,,
AVAXUSDT,953,3,2,BELOW,PHA_GIA,XUYEN_THAT,3,true,true,4,false
AVAXUSDT,954,12,1,ABOVE,GIU,CHAN,1,false,false,,
AVAXUSDT,956,1,1,BELOW,GIU,CHAN,1,false,false,,
AVAXUSDT,958,15,1,ABOVE,GIU,CHAN,3,false,false,,
AVAXUSDT,960,5,1,BELOW,GIU,CHAN,1,false,false,,
AVAXUSDT,962,6,2,ABOVE,PHA_GIA,CHAN,1,true,true,0,false
AVAXUSDT,963,8,2,BELOW,GIU,CHAN,3,false,false,,
AVAXUSDT,964,12,2,ABOVE,PHA_GIA,XUYEN_THAT,1,true,true,4,false
AVAXUSDT,966,13,2,BELOW,XUYEN_THAT,XUYEN_THAT,1,true,false,1,false
AVAXUSDT,967,10,2,ABOVE,GIU,XUYEN_THAT,3,false,false,,
AVAXUSDT,969,13,2,BELOW,PHA_GIA,XUYEN_THAT,2,true,true,6,false
AVAXUSDT,971,19,2,ABOVE,XUYEN_THAT,XUYEN_THAT,2,true,false,5,false
AVAXUSDT,972,5,1,ABOVE,GIU,CHAN,1,false,false,,
AVAXUSDT,973,2,1,BELOW,GIU,CHAN,3,false,false,,
AVAXUSDT,974,5,2,BELOW,PHA_GIA,XUYEN_THAT,3,true,true,4,false
AVAXUSDT,975,17,2,BELOW,PHA_GIA,XUYEN_THAT,3,true,true,6,false
AVAXUSDT,977,4,2,ABOVE,PHA_GIA,CHAN,1,true,true,6,false
AVAXUSDT,978,15,2,BELOW,GIU,XUYEN_THAT,4,false,false,,
AVAXUSDT,979,20,2,ABOVE,XUYEN_THAT,XUYEN_THAT,1,true,false,8,false
AVAXUSDT,980,1,1,BELOW,XUYEN_THAT,XUYEN_THAT,1,true,false,3,true
AVAXUSDT,981,4,2,ABOVE,PHA_GIA,CHAN,2,true,true,7,false
AVAXUSDT,982,10,2,ABOVE,XUYEN_THAT,XUYEN_THAT,1,true,false,0,false
AVAXUSDT,983,4,1,BELOW,PHA_GIA,CHAN,0,true,true,0,false
AVAXUSDT,984,12,2,BELOW,XUYEN_THAT,XUYEN_THAT,1,true,false,7,true
AVAXUSDT,985,5,2,ABOVE,PHA_GIA,XUYEN_THAT,1,true,true,6,false
AVAXUSDT,986,3,1,BELOW,GIU,CHAN,2,false,false,,
AVAXUSDT,987,1,1,BELOW,PHA_GIA,CHAN,1,true,true,0,false
AVAXUSDT,988,3,2,ABOVE,PHA_GIA,CHAN,1,true,true,7,false
AVAXUSDT,989,8,2,BELOW,GIU,XUYEN_THAT,2,false,false,,
AVAXUSDT,990,4,2,ABOVE,PHA_GIA,CHAN,2,true,true,4,false
AVAXUSDT,992,11,2,BELOW,XUYEN_THAT,XUYEN_THAT,2,true,false,3,false
AVAXUSDT,993,16,2,BELOW,PHA_GIA,XUYEN_THAT,1,true,true,0,false
AVAXUSDT,995,2,1,ABOVE,XUYEN_THAT,XUYEN_THAT,2,true,false,4,false
AVAXUSDT,997,11,2,ABOVE,GIU,XUYEN_THAT,1,false,false,,
AVAXUSDT,998,22,2,BELOW,PHA_GIA,XUYEN_THAT,1,true,true,0,false
AVAXUSDT,999,1,1,BELOW,PHA_GIA,CHAN,1,true,true,1,false
AVAXUSDT,1001,22,2,BELOW,GIU,XUYEN_THAT,2,false,false,,
AVAXUSDT,1002,5,2,BELOW,PHA_GIA,XUYEN_THAT,3,true,true,0,false
AVAXUSDT,1005,2,2,BELOW,PHA_GIA,CHAN,1,true,true,0,false
AVAXUSDT,1006,3,1,BELOW,GIU,XUYEN_THAT,1,false,false,,
AVAXUSDT,1007,9,2,ABOVE,GIU,CHAN,2,false,false,,
AVAXUSDT,1008,20,2,BELOW,GIU,XUYEN_THAT,0,false,false,,
AVAXUSDT,1010,5,2,BELOW,GIU,XUYEN_THAT,3,false,false,,
AVAXUSDT,1011,9,2,BELOW,GIU,XUYEN_THAT,3,false,false,,
AVAXUSDT,1013,13,2,BELOW,GIU,XUYEN_THAT,1,false,false,,
AVAXUSDT,1014,3,2,ABOVE,PHA_GIA,XUYEN_THAT,1,true,true,1,false
AVAXUSDT,1015,9,2,ABOVE,PHA_GIA,XUYEN_THAT,3,true,true,2,false
AVAXUSDT,1016,11,2,BELOW,XUYEN_THAT,XUYEN_THAT,2,true,false,6,false
AVAXUSDT,1017,1,1,ABOVE,GIU,CHAN,1,false,false,,
AVAXUSDT,1018,2,1,ABOVE,PHA_GIA,CHAN,2,true,true,4,false
AVAXUSDT,1019,4,2,BELOW,PHA_GIA,XUYEN_THAT,0,true,true,0,false
AVAXUSDT,1020,8,1,BELOW,GIU,CHAN,1,false,false,,
AVAXUSDT,1021,15,2,ABOVE,GIU,XUYEN_THAT,4,false,false,,
AVAXUSDT,1022,16,2,BELOW,PHA_GIA,XUYEN_THAT,0,true,true,1,false
AVAXUSDT,1023,25,2,ABOVE,PHA_GIA,XUYEN_THAT,2,true,true,5,false
AVAXUSDT,1025,5,2,BELOW,GIU,CHAN,3,false,false,,
AVAXUSDT,1026,11,2,ABOVE,XUYEN_THAT,XUYEN_THAT,1,true,false,1,false
AVAXUSDT,1027,34,2,ABOVE,XUYEN_THAT,XUYEN_THAT,2,true,false,4,false
AVAXUSDT,1028,8,2,BELOW,XUYEN_THAT,XUYEN_THAT,2,true,false,0,false
AVAXUSDT,1029,8,2,BELOW,XUYEN_THAT,XUYEN_THAT,3,true,false,1,false
AVAXUSDT,1030,17,2,BELOW,PHA_GIA,XUYEN_THAT,2,true,true,6,false
AVAXUSDT,1031,6,2,BELOW,PHA_GIA,CHAN,3,true,true,7,false
TONUSDT,0,43,2,ABOVE,GIU,XUYEN_THAT,2,false,false,,
TONUSDT,1,9,2,ABOVE,GIU,XUYEN_THAT,4,false,false,,
TONUSDT,2,13,1,ABOVE,GIU,CHAN,4,false,false,,
TONUSDT,3,4,2,ABOVE,PHA_GIA,XUYEN_THAT,1,true,true,0,false
TONUSDT,4,2,1,BELOW,GIU,CHAN,1,false,false,,
TONUSDT,5,5,2,ABOVE,GIU,CHAN,3,false,false,,
TONUSDT,6,2,1,ABOVE,GIU,CHAN,1,false,false,,
TONUSDT,7,5,1,BELOW,GIU,CHAN,4,false,false,,
TONUSDT,8,4,2,BELOW,GIU,CHAN,3,false,false,,
TONUSDT,10,6,2,BELOW,GIU,XUYEN_THAT,1,false,false,,
TONUSDT,11,3,1,BELOW,GIU,CHAN,4,false,false,,
TONUSDT,12,7,2,ABOVE,GIU,XUYEN_THAT,2,false,false,,
TONUSDT,13,15,2,ABOVE,XUYEN_THAT,XUYEN_THAT,1,true,false,1,false
TONUSDT,14,17,2,ABOVE,GIU,XUYEN_THAT,2,false,false,,
TONUSDT,15,11,2,ABOVE,GIU,XUYEN_THAT,3,false,false,,
TONUSDT,16,4,1,ABOVE,GIU,CHAN,4,false,false,,
TONUSDT,17,6,2,ABOVE,XUYEN_THAT,XUYEN_THAT,3,true,false,2,false
TONUSDT,18,28,2,BELOW,GIU,XUYEN_THAT,4,false,false,,
TONUSDT,19,9,2,ABOVE,GIU,XUYEN_THAT,1,false,false,,
TONUSDT,20,6,2,BELOW,XUYEN_THAT,XUYEN_THAT,1,true,false,3,false
TONUSDT,23,6,2,BELOW,GIU,CHAN,3,false,false,,
TONUSDT,25,3,2,ABOVE,PHA_GIA,CHAN,2,true,true,1,false
TONUSDT,26,11,2,ABOVE,XUYEN_THAT,XUYEN_THAT,3,true,false,7,false
TONUSDT,27,23,2,BELOW,XUYEN_THAT,XUYEN_THAT,2,true,false,1,false
TONUSDT,28,4,2,BELOW,PHA_GIA,XUYEN_THAT,2,true,true,8,false
TONUSDT,29,3,1,BELOW,GIU,CHAN,4,false,false,,
TONUSDT,30,8,2,BELOW,PHA_GIA,CHAN,2,true,true,6,false
TONUSDT,31,15,2,ABOVE,GIU,XUYEN_THAT,1,false,false,,
TONUSDT,32,7,2,ABOVE,GIU,XUYEN_THAT,3,false,false,,
TONUSDT,33,2,2,BELOW,XUYEN_THAT,XUYEN_THAT,0,true,false,1,false
TONUSDT,34,5,2,ABOVE,XUYEN_THAT,XUYEN_THAT,2,true,false,0,false
TONUSDT,36,15,2,BELOW,PHA_GIA,XUYEN_THAT,1,true,true,1,false
TONUSDT,37,3,1,ABOVE,GIU,CHAN,2,false,false,,
TONUSDT,39,10,1,ABOVE,GIU,CHAN,3,false,false,,
TONUSDT,41,9,2,BELOW,PHA_GIA,XUYEN_THAT,2,true,true,1,false
TONUSDT,42,33,2,ABOVE,GIU,XUYEN_THAT,1,false,false,,
TONUSDT,44,22,2,BELOW,PHA_GIA,XUYEN_THAT,2,true,true,2,false
TONUSDT,45,1,1,ABOVE,GIU,CHAN,2,false,false,,
TONUSDT,46,6,1,BELOW,GIU,XUYEN_THAT,3,false,false,,
TONUSDT,47,2,1,ABOVE,GIU,CHAN,2,false,false,,
TONUSDT,48,5,2,BELOW,GIU,CHAN,2,false,false,,
TONUSDT,49,8,2,ABOVE,GIU,XUYEN_THAT,3,false,false,,
TONUSDT,51,16,2,ABOVE,GIU,XUYEN_THAT,1,false,false,,
TONUSDT,52,3,2,BELOW,XUYEN_THAT,XUYEN_THAT,1,true,false,2,false
TONUSDT,53,25,2,ABOVE,GIU,XUYEN_THAT,2,false,false,,
TONUSDT,54,4,2,BELOW,PHA_GIA,XUYEN_THAT,0,true,true,2,false
TONUSDT,55,4,2,ABOVE,XUYEN_THAT,XUYEN_THAT,2,true,false,2,false
TONUSDT,56,4,2,BELOW,GIU,CHAN,1,false,false,,
TONUSDT,57,15,2,ABOVE,PHA_GIA,XUYEN_THAT,0,true,true,1,false
TONUSDT,59,3,2,BELOW,PHA_GIA,XUYEN_THAT,1,true,true,8,false
TONUSDT,60,8,2,BELOW,PHA_GIA,XUYEN_THAT,1,true,true,1,false
TONUSDT,61,9,2,ABOVE,PHA_GIA,XUYEN_THAT,2,true,true,4,false
TONUSDT,62,3,2,ABOVE,PHA_GIA,XUYEN_THAT,2,true,true,2,false
TONUSDT,64,16,2,ABOVE,GIU,XUYEN_THAT,1,false,false,,
TONUSDT,65,44,2,ABOVE,PHA_GIA,XUYEN_THAT,1,true,true,5,false
TONUSDT,66,8,2,BELOW,GIU,CHAN,4,false,false,,
TONUSDT,67,2,2,ABOVE,PHA_GIA,CHAN,1,true,true,0,false
TONUSDT,68,18,2,BELOW,GIU,XUYEN_THAT,0,false,false,,
TONUSDT,69,5,2,ABOVE,GIU,XUYEN_THAT,2,false,false,,
TONUSDT,71,4,2,ABOVE,PHA_GIA,CHAN,3,true,true,2,false
TONUSDT,72,9,2,BELOW,PHA_GIA,XUYEN_THAT,1,true,true,0,false
TONUSDT,73,5,2,ABOVE,PHA_GIA,CHAN,2,true,true,0,false
TONUSDT,74,23,2,ABOVE,XUYEN_THAT,XUYEN_THAT,2,true,false,1,false
TONUSDT,75,5,2,ABOVE,PHA_GIA,XUYEN_THAT,1,true,true,1,false
TONUSDT,77,11,2,ABOVE,GIU,XUYEN_THAT,1,false,false,,
TONUSDT,78,3,1,ABOVE,GIU,CHAN,1,false,false,,
TONUSDT,79,6,2,BELOW,GIU,CHAN,1,false,false,,
TONUSDT,81,1,1,ABOVE,GIU,CHAN,1,false,false,,
TONUSDT,82,9,2,BELOW,GIU,CHAN,1,false,false,,
TONUSDT,84,21,2,BELOW,GIU,XUYEN_THAT,3,false,false,,
TONUSDT,85,14,2,BELOW,PHA_GIA,XUYEN_THAT,3,true,true,1,false
TONUSDT,86,13,2,BELOW,GIU,CHAN,3,false,false,,
TONUSDT,88,3,2,ABOVE,GIU,XUYEN_THAT,1,false,false,,
TONUSDT,89,13,2,ABOVE,GIU,XUYEN_THAT,0,false,false,,
TONUSDT,91,3,2,BELOW,GIU,CHAN,1,false,false,,
TONUSDT,92,6,2,BELOW,GIU,XUYEN_THAT,1,false,false,,
TONUSDT,93,9,2,BELOW,GIU,XUYEN_THAT,1,false,false,,
TONUSDT,94,7,2,ABOVE,XUYEN_THAT,XUYEN_THAT,1,true,false,2,false
TONUSDT,95,27,2,BELOW,GIU,XUYEN_THAT,2,false,false,,
TONUSDT,97,12,2,BELOW,PHA_GIA,XUYEN_THAT,1,true,true,6,false
TONUSDT,98,26,2,ABOVE,XUYEN_THAT,XUYEN_THAT,2,true,false,3,false
TONUSDT,99,37,2,ABOVE,GIU,XUYEN_THAT,2,false,false,,
TONUSDT,100,5,2,ABOVE,XUYEN_THAT,XUYEN_THAT,3,true,false,3,false
TONUSDT,101,1,1,BELOW,GIU,CHAN,1,false,false,,
TONUSDT,102,4,1,ABOVE,GIU,CHAN,3,false,false,,
TONUSDT,103,5,2,BELOW,PHA_GIA,CHAN,3,true,true,2,false
TONUSDT,104,12,2,BELOW,XUYEN_THAT,XUYEN_THAT,0,true,false,0,false
TONUSDT,105,3,2,ABOVE,XUYEN_THAT,XUYEN_THAT,2,true,false,2,false
TONUSDT,106,2,1,BELOW,GIU,CHAN,1,false,false,,
TONUSDT,107,6,2,BELOW,GIU,CHAN,3,false,false,,
TONUSDT,108,7,2,BELOW,XUYEN_THAT,XUYEN_THAT,1,true,false,2,false
TONUSDT,109,3,2,BELOW,XUYEN_THAT,XUYEN_THAT,0,true,false,2,false
TONUSDT,110,5,2,BELOW,XUYEN_THAT,XUYEN_THAT,2,true,false,8,false
TONUSDT,111,28,2,BELOW,PHA_GIA,XUYEN_THAT,1,true,true,1,false
TONUSDT,112,9,1,ABOVE,GIU,CHAN,2,false,false,,
TONUSDT,113,2,2,ABOVE,PHA_GIA,CHAN,1,true,true,0,false
TONUSDT,114,9,2,ABOVE,GIU,XUYEN_THAT,1,false,false,,
TONUSDT,115,2,2,ABOVE,PHA_GIA,CHAN,1,true,true,2,false
TONUSDT,116,6,2,ABOVE,GIU,XUYEN_THAT,2,false,false,,
TONUSDT,117,9,2,ABOVE,GIU,XUYEN_THAT,3,false,false,,
TONUSDT,118,2,1,BELOW,GIU,CHAN,2,false,false,,
TONUSDT,119,5,2,BELOW,PHA_GIA,XUYEN_THAT,2,true,true,1,false
TONUSDT,120,1,1,ABOVE,PHA_GIA,CHAN,0,true,true,0,false
TONUSDT,121,16,2,BELOW,XUYEN_THAT,XUYEN_THAT,2,true,false,0,false
TONUSDT,122,8,2,ABOVE,GIU,XUYEN_THAT,2,false,false,,
TONUSDT,123,15,2,ABOVE,GIU,XUYEN_THAT,0,false,false,,
TONUSDT,124,1,1,BELOW,GIU,CHAN,2,false,false,,
TONUSDT,126,2,2,BELOW,XUYEN_THAT,XUYEN_THAT,1,true,false,1,false
TONUSDT,127,2,1,ABOVE,GIU,CHAN,4,false,false,,
TONUSDT,128,8,2,BELOW,XUYEN_THAT,XUYEN_THAT,2,true,false,1,false
TONUSDT,129,14,2,ABOVE,GIU,XUYEN_THAT,2,false,false,,
TONUSDT,131,2,1,ABOVE,GIU,CHAN,2,false,false,,
TONUSDT,132,18,2,BELOW,GIU,XUYEN_THAT,2,false,false,,
TONUSDT,133,1,1,ABOVE,GIU,CHAN,3,false,false,,
TONUSDT,134,6,2,ABOVE,GIU,CHAN,3,false,false,,
TONUSDT,135,14,2,ABOVE,PHA_GIA,XUYEN_THAT,1,true,true,4,false
TONUSDT,136,9,2,ABOVE,XUYEN_THAT,XUYEN_THAT,3,true,false,0,false
TONUSDT,137,15,2,BELOW,XUYEN_THAT,XUYEN_THAT,2,true,false,8,false
TONUSDT,138,16,2,BELOW,GIU,XUYEN_THAT,2,false,false,,
TONUSDT,139,11,2,BELOW,PHA_GIA,XUYEN_THAT,3,true,true,4,false
TONUSDT,142,9,2,ABOVE,GIU,XUYEN_THAT,4,false,false,,
TONUSDT,143,6,2,ABOVE,GIU,XUYEN_THAT,1,false,false,,
TONUSDT,144,4,2,ABOVE,PHA_GIA,XUYEN_THAT,1,true,true,2,false
TONUSDT,145,2,2,BELOW,PHA_GIA,XUYEN_THAT,1,true,true,2,false
TONUSDT,146,4,2,ABOVE,XUYEN_THAT,XUYEN_THAT,1,true,false,4,false
TONUSDT,147,12,2,BELOW,XUYEN_THAT,XUYEN_THAT,1,true,false,3,true
TONUSDT,148,6,2,BELOW,PHA_GIA,XUYEN_THAT,0,true,true,4,false
TONUSDT,149,3,1,BELOW,GIU,CHAN,1,false,false,,
TONUSDT,150,5,2,ABOVE,XUYEN_THAT,XUYEN_THAT,2,true,false,4,false
TONUSDT,151,5,2,BELOW,PHA_GIA,CHAN,2,true,true,2,false
TONUSDT,153,1,1,BELOW,GIU,CHAN,3,false,false,,
TONUSDT,154,31,2,ABOVE,XUYEN_THAT,XUYEN_THAT,4,true,false,6,false
TONUSDT,157,23,2,BELOW,PHA_GIA,XUYEN_THAT,0,true,true,0,false
TONUSDT,158,2,1,BELOW,XUYEN_THAT,XUYEN_THAT,3,true,false,3,false
TONUSDT,159,4,1,BELOW,GIU,CHAN,1,false,false,,
TONUSDT,161,2,1,BELOW,XUYEN_THAT,XUYEN_THAT,1,true,false,2,false
TONUSDT,162,4,1,ABOVE,GIU,CHAN,2,false,false,,
TONUSDT,163,1,1,ABOVE,GIU,CHAN,2,false,false,,
TONUSDT,164,25,2,ABOVE,PHA_GIA,XUYEN_THAT,3,true,true,5,false
TONUSDT,165,2,1,ABOVE,GIU,CHAN,3,false,false,,
TONUSDT,166,10,2,BELOW,GIU,XUYEN_THAT,2,false,false,,
TONUSDT,167,26,2,BELOW,XUYEN_THAT,XUYEN_THAT,2,true,false,7,false
TONUSDT,168,7,1,BELOW,GIU,CHAN,3,false,false,,
TONUSDT,169,6,2,BELOW,PHA_GIA,XUYEN_THAT,0,true,true,3,false
TONUSDT,170,2,2,BELOW,XUYEN_THAT,XUYEN_THAT,0,true,false,2,false
TONUSDT,171,1,1,ABOVE,GIU,CHAN,2,false,false,,
TONUSDT,172,19,2,BELOW,PHA_GIA,XUYEN_THAT,0,true,true,1,false
TONUSDT,175,5,2,BELOW,PHA_GIA,XUYEN_THAT,2,true,true,5,false
TONUSDT,176,5,2,ABOVE,XUYEN_THAT,XUYEN_THAT,2,true,false,8,false
TONUSDT,177,20,2,BELOW,GIU,XUYEN_THAT,3,false,false,,
TONUSDT,178,8,2,ABOVE,GIU,XUYEN_THAT,4,false,false,,
TONUSDT,179,28,2,ABOVE,PHA_GIA,XUYEN_THAT,4,true,true,8,false
TONUSDT,180,5,2,BELOW,GIU,CHAN,4,false,false,,
TONUSDT,181,5,2,BELOW,PHA_GIA,CHAN,2,true,true,3,false
TONUSDT,182,23,2,ABOVE,XUYEN_THAT,XUYEN_THAT,1,true,false,7,false
TONUSDT,183,13,2,ABOVE,XUYEN_THAT,XUYEN_THAT,0,true,false,0,false
TONUSDT,184,2,2,ABOVE,PHA_GIA,CHAN,3,true,true,1,false
TONUSDT,185,15,2,ABOVE,GIU,CHAN,3,false,false,,
TONUSDT,186,4,2,BELOW,PHA_GIA,CHAN,3,true,true,1,false
TONUSDT,187,1,1,BELOW,XUYEN_THAT,XUYEN_THAT,1,true,false,5,false
TONUSDT,188,11,2,ABOVE,PHA_GIA,XUYEN_THAT,3,true,true,2,false
TONUSDT,189,6,2,BELOW,GIU,XUYEN_THAT,2,false,false,,
TONUSDT,190,6,2,BELOW,XUYEN_THAT,XUYEN_THAT,0,true,false,7,false
TONUSDT,191,6,2,BELOW,XUYEN_THAT,XUYEN_THAT,2,true,false,4,false
TONUSDT,192,3,1,BELOW,GIU,CHAN,2,false,false,,
TONUSDT,193,13,2,ABOVE,XUYEN_THAT,XUYEN_THAT,2,true,false,8,false
TONUSDT,197,7,1,BELOW,GIU,XUYEN_THAT,1,false,false,,
TONUSDT,198,5,2,BELOW,GIU,XUYEN_THAT,1,false,false,,
TONUSDT,199,5,2,BELOW,GIU,XUYEN_THAT,1,false,false,,
TONUSDT,200,9,2,ABOVE,GIU,XUYEN_THAT,4,false,false,,
TONUSDT,201,11,2,BELOW,GIU,XUYEN_THAT,0,false,false,,
TONUSDT,202,7,2,ABOVE,PHA_GIA,XUYEN_THAT,0,true,true,0,false
TONUSDT,203,2,1,ABOVE,GIU,CHAN,2,false,false,,
TONUSDT,205,5,1,ABOVE,GIU,CHAN,0,false,false,,
TONUSDT,208,7,1,ABOVE,GIU,CHAN,2,false,false,,
TONUSDT,209,1,1,BELOW,GIU,CHAN,1,false,false,,
TONUSDT,210,8,2,ABOVE,GIU,XUYEN_THAT,0,false,false,,
TONUSDT,211,1,1,ABOVE,GIU,CHAN,2,false,false,,
TONUSDT,213,5,2,ABOVE,XUYEN_THAT,XUYEN_THAT,1,true,false,0,false
TONUSDT,214,5,2,BELOW,PHA_GIA,XUYEN_THAT,2,true,true,1,false
TONUSDT,215,13,2,BELOW,PHA_GIA,XUYEN_THAT,1,true,true,6,false
TONUSDT,216,2,1,BELOW,XUYEN_THAT,XUYEN_THAT,1,true,false,3,false
TONUSDT,217,6,2,BELOW,XUYEN_THAT,XUYEN_THAT,1,true,false,1,false
TONUSDT,218,4,2,BELOW,PHA_GIA,XUYEN_THAT,1,true,true,0,false
TONUSDT,219,21,2,ABOVE,XUYEN_THAT,XUYEN_THAT,4,true,false,1,false
TONUSDT,220,11,2,ABOVE,GIU,XUYEN_THAT,2,false,false,,
TONUSDT,221,2,1,ABOVE,GIU,CHAN,3,false,false,,
TONUSDT,222,9,2,BELOW,GIU,CHAN,1,false,false,,
TONUSDT,223,15,2,ABOVE,XUYEN_THAT,XUYEN_THAT,2,true,false,7,false
TONUSDT,224,2,1,BELOW,PHA_GIA,CHAN,3,true,true,5,false
TONUSDT,225,21,2,BELOW,GIU,XUYEN_THAT,3,false,false,,
TONUSDT,226,5,2,BELOW,GIU,XUYEN_THAT,2,false,false,,
TONUSDT,227,9,1,ABOVE,GIU,CHAN,4,false,false,,
TONUSDT,228,2,1,BELOW,XUYEN_THAT,XUYEN_THAT,3,true,false,2,false
TONUSDT,229,3,1,BELOW,GIU,CHAN,3,false,false,,
TONUSDT,230,20,2,ABOVE,PHA_GIA,XUYEN_THAT,2,true,true,2,false
TONUSDT,231,17,2,BELOW,GIU,XUYEN_THAT,2,false,false,,
TONUSDT,232,16,2,BELOW,PHA_GIA,XUYEN_THAT,1,true,true,3,false
TONUSDT,233,7,2,BELOW,GIU,XUYEN_THAT,3,false,false,,
TONUSDT,235,1,1,BELOW,GIU,CHAN,2,false,false,,
TONUSDT,237,2,1,BELOW,GIU,CHAN,2,false,false,,
TONUSDT,240,22,2,BELOW,GIU,XUYEN_THAT,1,false,false,,
TONUSDT,243,2,2,BELOW,XUYEN_THAT,XUYEN_THAT,3,true,false,5,false
TONUSDT,244,13,2,ABOVE,PHA_GIA,XUYEN_THAT,2,true,true,8,false
TONUSDT,245,6,1,BELOW,GIU,CHAN,2,false,false,,
TONUSDT,246,11,2,BELOW,PHA_GIA,XUYEN_THAT,3,true,true,6,false
TONUSDT,247,5,1,ABOVE,GIU,CHAN,1,false,false,,
TONUSDT,249,1,1,ABOVE,GIU,CHAN,2,false,false,,
TONUSDT,250,14,2,BELOW,XUYEN_THAT,XUYEN_THAT,2,true,false,7,false
TONUSDT,251,1,1,BELOW,GIU,CHAN,2,false,false,,
TONUSDT,252,5,2,BELOW,GIU,XUYEN_THAT,4,false,false,,
TONUSDT,253,2,1,BELOW,GIU,XUYEN_THAT,0,false,false,,
TONUSDT,254,7,2,ABOVE,PHA_GIA,XUYEN_THAT,1,true,true,3,false
TONUSDT,256,7,1,ABOVE,GIU,CHAN,1,false,false,,
TONUSDT,257,8,2,ABOVE,GIU,XUYEN_THAT,3,false,false,,
TONUSDT,258,18,2,BELOW,GIU,XUYEN_THAT,2,false,false,,
TONUSDT,259,1,1,BELOW,GIU,CHAN,0,false,false,,
TONUSDT,260,11,2,BELOW,GIU,XUYEN_THAT,1,false,false,,
TONUSDT,261,18,2,ABOVE,GIU,XUYEN_THAT,1,false,false,,
TONUSDT,262,23,2,BELOW,XUYEN_THAT,XUYEN_THAT,2,true,false,2,true
TONUSDT,263,6,2,BELOW,GIU,CHAN,5,false,false,,
TONUSDT,264,4,2,BELOW,XUYEN_THAT,XUYEN_THAT,3,true,false,3,false
TONUSDT,265,3,1,BELOW,GIU,CHAN,1,false,false,,
TONUSDT,268,1,1,ABOVE,GIU,CHAN,1,false,false,,
TONUSDT,270,7,1,BELOW,GIU,CHAN,0,false,false,,
TONUSDT,271,41,2,ABOVE,GIU,XUYEN_THAT,4,false,false,,
TONUSDT,273,6,1,ABOVE,GIU,CHAN,1,false,false,,
TONUSDT,274,10,2,BELOW,GIU,XUYEN_THAT,1,false,false,,
TONUSDT,275,10,2,BELOW,XUYEN_THAT,XUYEN_THAT,2,true,false,1,false
TONUSDT,278,11,2,ABOVE,GIU,XUYEN_THAT,1,false,false,,
TONUSDT,279,7,2,ABOVE,PHA_GIA,XUYEN_THAT,1,true,true,4,false
TONUSDT,280,2,1,ABOVE,GIU,CHAN,1,false,false,,
TONUSDT,281,4,2,BELOW,PHA_GIA,XUYEN_THAT,3,true,true,6,false
TONUSDT,282,3,2,BELOW,XUYEN_THAT,XUYEN_THAT,1,true,false,1,false
TONUSDT,283,1,1,ABOVE,GIU,CHAN,2,false,false,,
TONUSDT,284,2,2,BELOW,GIU,CHAN,4,false,false,,
TONUSDT,285,10,2,BELOW,GIU,XUYEN_THAT,2,false,false,,
TONUSDT,286,2,1,BELOW,GIU,CHAN,3,false,false,,
TONUSDT,287,4,1,BELOW,GIU,CHAN,1,false,false,,
TONUSDT,288,9,2,ABOVE,GIU,XUYEN_THAT,3,false,false,,
TONUSDT,289,3,2,ABOVE,XUYEN_THAT,XUYEN_THAT,0,true,false,0,false
TONUSDT,290,12,2,ABOVE,XUYEN_THAT,XUYEN_THAT,2,true,false,1,false
TONUSDT,292,1,1,BELOW,PHA_GIA,CHAN,2,true,true,2,false
TONUSDT,294,5,1,ABOVE,GIU,XUYEN_THAT,1,false,false,,
TONUSDT,295,10,2,ABOVE,XUYEN_THAT,XUYEN_THAT,0,true,false,6,false
TONUSDT,296,3,2,ABOVE,XUYEN_THAT,XUYEN_THAT,0,true,false,0,false
TONUSDT,297,30,2,ABOVE,PHA_GIA,XUYEN_THAT,3,true,true,3,false
TONUSDT,298,1,1,BELOW,GIU,CHAN,3,false,false,,
TONUSDT,299,3,1,ABOVE,GIU,CHAN,2,false,false,,
TONUSDT,301,3,1,ABOVE,XUYEN_THAT,XUYEN_THAT,3,true,false,4,false
TONUSDT,302,1,1,BELOW,GIU,CHAN,0,false,false,,
TONUSDT,303,4,2,BELOW,PHA_GIA,XUYEN_THAT,1,true,true,0,false
TONUSDT,304,32,2,BELOW,GIU,XUYEN_THAT,2,false,false,,
TONUSDT,305,12,2,ABOVE,PHA_GIA,XUYEN_THAT,2,true,true,3,false
TONUSDT,306,6,2,ABOVE,GIU,XUYEN_THAT,2,false,false,,
TONUSDT,308,9,2,ABOVE,PHA_GIA,XUYEN_THAT,3,true,true,7,false
TONUSDT,310,15,2,ABOVE,GIU,XUYEN_THAT,1,false,false,,
TONUSDT,311,7,1,BELOW,GIU,CHAN,2,false,false,,
TONUSDT,313,23,2,BELOW,GIU,XUYEN_THAT,1,false,false,,
TONUSDT,314,1,1,BELOW,GIU,CHAN,1,false,false,,
TONUSDT,315,12,2,BELOW,PHA_GIA,XUYEN_THAT,1,true,true,0,false
TONUSDT,316,3,1,ABOVE,GIU,CHAN,3,false,false,,
TONUSDT,318,4,2,BELOW,PHA_GIA,XUYEN_THAT,2,true,true,8,false
TONUSDT,319,12,2,ABOVE,GIU,XUYEN_THAT,3,false,false,,
TONUSDT,320,1,1,BELOW,PHA_GIA,CHAN,3,true,true,2,false
TONUSDT,321,2,1,ABOVE,GIU,CHAN,1,false,false,,
TONUSDT,322,5,2,ABOVE,PHA_GIA,XUYEN_THAT,3,true,true,2,false
TONUSDT,323,14,2,BELOW,XUYEN_THAT,XUYEN_THAT,1,true,false,6,false
TONUSDT,324,11,1,BELOW,GIU,CHAN,3,false,false,,
TONUSDT,325,16,2,ABOVE,GIU,CHAN,4,false,false,,
TONUSDT,326,3,2,BELOW,XUYEN_THAT,XUYEN_THAT,3,true,false,3,false
TONUSDT,328,26,2,BELOW,GIU,XUYEN_THAT,0,false,false,,
TONUSDT,329,11,2,BELOW,GIU,CHAN,3,false,false,,
TONUSDT,330,4,2,ABOVE,GIU,XUYEN_THAT,2,false,false,,
TONUSDT,331,7,2,ABOVE,XUYEN_THAT,XUYEN_THAT,1,true,false,6,false
TONUSDT,332,1,1,ABOVE,GIU,CHAN,2,false,false,,
TONUSDT,333,1,1,BELOW,XUYEN_THAT,XUYEN_THAT,0,true,false,1,false
TONUSDT,334,7,2,BELOW,GIU,CHAN,2,false,false,,
TONUSDT,335,8,2,ABOVE,GIU,XUYEN_THAT,1,false,false,,
TONUSDT,336,18,2,BELOW,GIU,XUYEN_THAT,2,false,false,,
TONUSDT,337,4,1,BELOW,GIU,XUYEN_THAT,2,false,false,,
TONUSDT,338,5,2,ABOVE,PHA_GIA,XUYEN_THAT,1,true,true,6,false
TONUSDT,339,2,1,ABOVE,GIU,CHAN,3,false,false,,
TONUSDT,340,11,2,ABOVE,GIU,XUYEN_THAT,2,false,false,,
TONUSDT,341,4,2,BELOW,PHA_GIA,XUYEN_THAT,2,true,true,6,false
TONUSDT,343,16,2,ABOVE,GIU,XUYEN_THAT,3,false,false,,
TONUSDT,345,2,1,BELOW,GIU,CHAN,2,false,false,,
TONUSDT,346,13,2,BELOW,GIU,XUYEN_THAT,3,false,false,,
TONUSDT,347,4,2,ABOVE,PHA_GIA,XUYEN_THAT,0,true,true,0,false
TONUSDT,348,5,2,BELOW,PHA_GIA,CHAN,3,true,true,4,false
TONUSDT,351,7,2,BELOW,PHA_GIA,XUYEN_THAT,3,true,true,4,false
TONUSDT,352,1,1,BELOW,GIU,CHAN,1,false,false,,
TONUSDT,353,11,2,ABOVE,GIU,XUYEN_THAT,1,false,false,,
TONUSDT,354,20,2,BELOW,GIU,XUYEN_THAT,2,false,false,,
TONUSDT,355,3,1,BELOW,GIU,CHAN,0,false,false,,
TONUSDT,356,3,2,BELOW,PHA_GIA,XUYEN_THAT,3,true,true,7,false
TONUSDT,357,8,2,BELOW,GIU,CHAN,3,false,false,,
TONUSDT,359,3,2,BELOW,XUYEN_THAT,XUYEN_THAT,0,true,false,0,false
TONUSDT,360,6,2,BELOW,XUYEN_THAT,XUYEN_THAT,0,true,false,8,false
TONUSDT,362,3,1,BELOW,PHA_GIA,CHAN,0,true,true,6,false
TONUSDT,363,30,2,ABOVE,GIU,XUYEN_THAT,2,false,false,,
TONUSDT,364,2,2,ABOVE,XUYEN_THAT,XUYEN_THAT,3,true,false,1,false
TONUSDT,365,11,2,BELOW,PHA_GIA,XUYEN_THAT,0,true,true,8,false
TONUSDT,366,8,2,BELOW,GIU,XUYEN_THAT,1,false,false,,
TONUSDT,368,11,2,ABOVE,GIU,XUYEN_THAT,2,false,false,,
TONUSDT,369,9,2,ABOVE,XUYEN_THAT,XUYEN_THAT,1,true,false,2,false
TONUSDT,370,4,1,BELOW,GIU,CHAN,4,false,false,,
TONUSDT,371,5,2,BELOW,PHA_GIA,CHAN,2,true,true,8,false
TONUSDT,372,4,1,ABOVE,GIU,CHAN,1,false,false,,
TONUSDT,373,3,2,ABOVE,PHA_GIA,XUYEN_THAT,2,true,true,6,false
TONUSDT,374,5,1,ABOVE,GIU,CHAN,3,false,false,,
TONUSDT,375,1,1,ABOVE,GIU,CHAN,1,false,false,,
TONUSDT,377,5,2,BELOW,GIU,CHAN,3,false,false,,
TONUSDT,379,5,2,ABOVE,GIU,XUYEN_THAT,2,false,false,,
TONUSDT,380,3,2,ABOVE,PHA_GIA,XUYEN_THAT,2,true,true,1,false
TONUSDT,381,5,2,ABOVE,GIU,XUYEN_THAT,3,false,false,,
TONUSDT,383,4,2,BELOW,XUYEN_THAT,XUYEN_THAT,1,true,false,0,false
TONUSDT,384,4,1,ABOVE,GIU,CHAN,2,false,false,,
TONUSDT,385,24,2,ABOVE,PHA_GIA,XUYEN_THAT,0,true,true,1,false
TONUSDT,386,3,2,BELOW,XUYEN_THAT,XUYEN_THAT,0,true,false,0,false
TONUSDT,387,9,2,ABOVE,PHA_GIA,XUYEN_THAT,2,true,true,7,false
TONUSDT,388,19,2,BELOW,PHA_GIA,XUYEN_THAT,3,true,true,1,false
TONUSDT,389,12,2,BELOW,GIU,XUYEN_THAT,4,false,false,,
TONUSDT,390,33,2,BELOW,PHA_GIA,XUYEN_THAT,1,true,true,2,false
TONUSDT,391,4,1,ABOVE,GIU,CHAN,0,false,false,,
TONUSDT,392,20,2,BELOW,GIU,XUYEN_THAT,3,false,false,,
TONUSDT,394,1,1,ABOVE,GIU,CHAN,3,false,false,,
TONUSDT,395,18,2,BELOW,GIU,XUYEN_THAT,1,false,false,,
TONUSDT,396,7,2,ABOVE,XUYEN_THAT,XUYEN_THAT,2,true,false,1,false
TONUSDT,397,14,2,BELOW,GIU,XUYEN_THAT,3,false,false,,
TONUSDT,398,5,2,BELOW,GIU,XUYEN_THAT,4,false,false,,
TONUSDT,400,7,2,ABOVE,PHA_GIA,XUYEN_THAT,3,true,true,3,false
TONUSDT,401,48,2,BELOW,PHA_GIA,XUYEN_THAT,2,true,true,3,false
TONUSDT,403,14,2,BELOW,PHA_GIA,XUYEN_THAT,1,true,true,1,false
TONUSDT,404,12,2,ABOVE,PHA_GIA,XUYEN_THAT,3,true,true,5,false
TONUSDT,405,9,2,BELOW,GIU,XUYEN_THAT,2,false,false,,
TONUSDT,407,20,2,ABOVE,GIU,CHAN,2,false,false,,
TONUSDT,408,15,2,BELOW,GIU,XUYEN_THAT,2,false,false,,
TONUSDT,409,3,2,BELOW,XUYEN_THAT,XUYEN_THAT,3,true,false,3,false
TONUSDT,410,4,2,BELOW,XUYEN_THAT,XUYEN_THAT,3,true,false,1,false
TONUSDT,411,4,2,BELOW,GIU,XUYEN_THAT,0,false,false,,
TONUSDT,412,5,2,ABOVE,XUYEN_THAT,XUYEN_THAT,1,true,false,5,false
TONUSDT,413,17,2,ABOVE,XUYEN_THAT,XUYEN_THAT,1,true,false,0,false
TONUSDT,414,7,1,BELOW,GIU,CHAN,3,false,false,,
TONUSDT,415,21,2,BELOW,PHA_GIA,XUYEN_THAT,0,true,true,0,false
TONUSDT,416,19,2,ABOVE,GIU,XUYEN_THAT,2,false,false,,
TONUSDT,418,6,2,ABOVE,GIU,XUYEN_THAT,1,false,false,,
TONUSDT,419,16,2,BELOW,PHA_GIA,XUYEN_THAT,2,true,true,2,false
TONUSDT,420,9,2,BELOW,XUYEN_THAT,XUYEN_THAT,3,true,false,1,false
TONUSDT,421,11,2,BELOW,GIU,XUYEN_THAT,1,false,false,,
TONUSDT,422,8,1,ABOVE,GIU,CHAN,3,false,false,,
TONUSDT,423,8,2,ABOVE,XUYEN_THAT,XUYEN_THAT,0,true,false,2,false
TONUSDT,424,1,1,ABOVE,GIU,CHAN,0,false,false,,
TONUSDT,426,15,2,BELOW,PHA_GIA,XUYEN_THAT,0,true,true,3,false
TONUSDT,427,1,1,ABOVE,GIU,CHAN,2,false,false,,
TONUSDT,428,11,2,BELOW,XUYEN_THAT,XUYEN_THAT,2,true,false,2,false
TONUSDT,429,17,2,BELOW,XUYEN_THAT,XUYEN_THAT,1,true,false,3,false
TONUSDT,430,3,1,ABOVE,GIU,CHAN,3,false,false,,
TONUSDT,431,8,2,BELOW,XUYEN_THAT,XUYEN_THAT,0,true,false,0,false
TONUSDT,434,7,2,ABOVE,PHA_GIA,CHAN,2,true,true,4,false
TONUSDT,435,1,1,BELOW,PHA_GIA,CHAN,3,true,true,1,false
TONUSDT,436,3,2,ABOVE,PHA_GIA,CHAN,1,true,true,6,false
TONUSDT,437,22,2,ABOVE,GIU,XUYEN_THAT,2,false,false,,
TONUSDT,438,30,2,ABOVE,PHA_GIA,XUYEN_THAT,3,true,true,1,false
TONUSDT,440,8,2,BELOW,GIU,XUYEN_THAT,3,false,false,,
TONUSDT,444,1,1,ABOVE,GIU,CHAN,3,false,false,,
TONUSDT,445,19,2,ABOVE,PHA_GIA,XUYEN_THAT,2,true,true,2,false
TONUSDT,446,3,2,ABOVE,XUYEN_THAT,XUYEN_THAT,1,true,false,0,false
TONUSDT,447,1,1,BELOW,PHA_GIA,CHAN,1,true,true,1,false
TONUSDT,449,1,1,BELOW,GIU,CHAN,3,false,false,,
TONUSDT,450,5,2,BELOW,PHA_GIA,CHAN,3,true,true,4,false
TONUSDT,451,5,2,BELOW,PHA_GIA,XUYEN_THAT,3,true,true,2,false
TONUSDT,452,4,2,ABOVE,PHA_GIA,CHAN,2,true,true,4,false
TONUSDT,453,25,2,BELOW,PHA_GIA,XUYEN_THAT,1,true,true,2,false
TONUSDT,454,13,2,BELOW,PHA_GIA,XUYEN_THAT,1,true,true,5,false
TONUSDT,455,3,2,BELOW,PHA_GIA,CHAN,2,true,true,3,false
TONUSDT,456,1,1,BELOW,GIU,CHAN,3,false,false,,
TONUSDT,457,10,2,ABOVE,PHA_GIA,XUYEN_THAT,2,true,true,5,false
TONUSDT,458,7,2,ABOVE,GIU,XUYEN_THAT,2,false,false,,
TONUSDT,459,1,1,ABOVE,GIU,CHAN,3,false,false,,
TONUSDT,460,1,1,BELOW,GIU,CHAN,0,false,false,,
TONUSDT,461,7,2,ABOVE,PHA_GIA,XUYEN_THAT,0,true,true,1,false
TONUSDT,464,14,2,ABOVE,PHA_GIA,XUYEN_THAT,2,true,true,4,false
TONUSDT,465,20,2,BELOW,GIU,XUYEN_THAT,2,false,false,,
TONUSDT,466,6,1,BELOW,GIU,CHAN,2,false,false,,
TONUSDT,467,28,2,BELOW,GIU,XUYEN_THAT,1,false,false,,
TONUSDT,468,15,2,ABOVE,GIU,XUYEN_THAT,5,false,false,,
TONUSDT,470,4,1,BELOW,GIU,CHAN,2,false,false,,
TONUSDT,471,4,2,ABOVE,XUYEN_THAT,XUYEN_THAT,0,true,false,1,false
TONUSDT,472,6,2,ABOVE,PHA_GIA,XUYEN_THAT,2,true,true,3,false
TONUSDT,475,17,2,BELOW,PHA_GIA,XUYEN_THAT,3,true,true,2,false
TONUSDT,476,2,1,BELOW,GIU,XUYEN_THAT,4,false,false,,
TONUSDT,477,3,2,BELOW,XUYEN_THAT,XUYEN_THAT,2,true,false,1,false
TONUSDT,479,19,2,BELOW,XUYEN_THAT,XUYEN_THAT,2,true,false,1,false
TONUSDT,480,1,1,BELOW,GIU,CHAN,4,false,false,,
TONUSDT,481,2,2,BELOW,PHA_GIA,CHAN,1,true,true,3,false
TONUSDT,483,38,2,BELOW,GIU,XUYEN_THAT,2,false,false,,
TONUSDT,484,3,2,ABOVE,XUYEN_THAT,XUYEN_THAT,1,true,false,0,false
TONUSDT,485,2,2,BELOW,PHA_GIA,CHAN,0,true,true,0,false
TONUSDT,486,6,2,ABOVE,GIU,XUYEN_THAT,1,false,false,,
TONUSDT,487,8,2,BELOW,GIU,XUYEN_THAT,3,false,false,,
TONUSDT,489,10,2,BELOW,GIU,CHAN,2,false,false,,
TONUSDT,492,4,2,BELOW,XUYEN_THAT,XUYEN_THAT,3,true,false,7,false
TONUSDT,493,3,1,BELOW,GIU,CHAN,1,false,false,,
TONUSDT,494,1,1,BELOW,GIU,CHAN,2,false,false,,
TONUSDT,495,6,2,BELOW,GIU,XUYEN_THAT,2,false,false,,
TONUSDT,496,6,2,BELOW,XUYEN_THAT,XUYEN_THAT,1,true,false,7,false
TONUSDT,498,5,2,BELOW,XUYEN_THAT,XUYEN_THAT,1,true,false,1,false
TONUSDT,499,4,2,BELOW,XUYEN_THAT,XUYEN_THAT,0,true,false,1,false
TRXUSDT,0,16,2,BELOW,GIU,XUYEN_THAT,3,false,false,,
TRXUSDT,1,1,1,ABOVE,XUYEN_THAT,XUYEN_THAT,1,true,false,1,false
TRXUSDT,2,10,2,BELOW,XUYEN_THAT,XUYEN_THAT,1,true,false,1,false
TRXUSDT,3,5,2,BELOW,GIU,XUYEN_THAT,4,false,false,,
TRXUSDT,4,1,1,BELOW,XUYEN_THAT,XUYEN_THAT,1,true,false,0,false
TRXUSDT,5,2,2,ABOVE,PHA_GIA,CHAN,2,true,true,0,false
TRXUSDT,6,6,2,BELOW,PHA_GIA,XUYEN_THAT,1,true,true,1,false
TRXUSDT,7,3,2,BELOW,PHA_GIA,XUYEN_THAT,1,true,true,2,false
TRXUSDT,8,15,2,BELOW,XUYEN_THAT,XUYEN_THAT,1,true,false,5,false
TRXUSDT,9,8,2,BELOW,XUYEN_THAT,XUYEN_THAT,2,true,false,1,false
TRXUSDT,12,5,2,BELOW,PHA_GIA,XUYEN_THAT,1,true,true,2,false
TRXUSDT,13,6,1,ABOVE,GIU,CHAN,2,false,false,,
TRXUSDT,14,1,1,ABOVE,PHA_GIA,CHAN,3,true,true,2,false
TRXUSDT,16,23,2,ABOVE,PHA_GIA,XUYEN_THAT,3,true,true,2,false
TRXUSDT,19,25,2,ABOVE,GIU,XUYEN_THAT,1,false,false,,
TRXUSDT,20,6,2,BELOW,GIU,XUYEN_THAT,2,false,false,,
TRXUSDT,21,2,1,BELOW,GIU,CHAN,1,false,false,,
TRXUSDT,23,36,2,BELOW,GIU,XUYEN_THAT,2,false,false,,
TRXUSDT,24,6,2,ABOVE,PHA_GIA,XUYEN_THAT,1,true,true,2,false
TRXUSDT,27,3,2,BELOW,XUYEN_THAT,XUYEN_THAT,3,true,false,6,false
TRXUSDT,28,6,2,ABOVE,GIU,XUYEN_THAT,2,false,false,,
TRXUSDT,29,8,2,BELOW,PHA_GIA,XUYEN_THAT,1,true,true,0,false
TRXUSDT,30,9,2,ABOVE,GIU,XUYEN_THAT,1,false,false,,
TRXUSDT,31,1,1,BELOW,GIU,CHAN,0,false,false,,
TRXUSDT,32,6,1,BELOW,GIU,CHAN,2,false,false,,
TRXUSDT,33,3,1,ABOVE,GIU,CHAN,3,false,false,,
TRXUSDT,34,6,2,BELOW,PHA_GIA,XUYEN_THAT,0,true,true,7,false
TRXUSDT,35,6,2,BELOW,PHA_GIA,XUYEN_THAT,4,true,true,2,false
TRXUSDT,36,6,2,ABOVE,PHA_GIA,CHAN,2,true,true,8,false
TRXUSDT,37,11,2,BELOW,PHA_GIA,XUYEN_THAT,4,true,true,1,false
TRXUSDT,38,14,2,BELOW,GIU,XUYEN_THAT,4,false,false,,
TRXUSDT,39,11,2,BELOW,GIU,CHAN,2,false,false,,
TRXUSDT,40,15,2,BELOW,XUYEN_THAT,XUYEN_THAT,2,true,false,5,false
TRXUSDT,41,4,2,ABOVE,XUYEN_THAT,XUYEN_THAT,2,true,false,2,false
TRXUSDT,42,19,2,BELOW,GIU,XUYEN_THAT,3,false,false,,
TRXUSDT,44,9,2,BELOW,GIU,XUYEN_THAT,3,false,false,,
TRXUSDT,45,15,2,BELOW,GIU,XUYEN_THAT,2,false,false,,
TRXUSDT,46,4,2,ABOVE,GIU,CHAN,2,false,false,,
TRXUSDT,48,8,2,BELOW,PHA_GIA,CHAN,1,true,true,0,false
TRXUSDT,49,36,2,ABOVE,PHA_GIA,XUYEN_THAT,0,true,true,1,false
TRXUSDT,50,2,2,ABOVE,PHA_GIA,CHAN,2,true,true,3,false
TRXUSDT,52,12,2,ABOVE,XUYEN_THAT,XUYEN_THAT,1,true,false,6,false
TRXUSDT,53,14,2,BELOW,GIU,XUYEN_THAT,5,false,false,,
TRXUSDT,55,14,2,BELOW,PHA_GIA,XUYEN_THAT,0,true,true,0,false
TRXUSDT,56,4,2,BELOW,GIU,XUYEN_THAT,3,false,false,,
TRXUSDT,57,6,2,ABOVE,PHA_GIA,XUYEN_THAT,0,true,true,8,false
TRXUSDT,58,6,2,ABOVE,GIU,XUYEN_THAT,2,false,false,,
TRXUSDT,59,3,2,BELOW,PHA_GIA,XUYEN_THAT,1,true,true,0,false
TRXUSDT,60,1,1,ABOVE,GIU,CHAN,2,false,false,,
TRXUSDT,61,6,2,ABOVE,PHA_GIA,XUYEN_THAT,3,true,true,5,false
TRXUSDT,62,5,2,ABOVE,PHA_GIA,CHAN,4,true,true,8,false
TRXUSDT,63,21,2,BELOW,PHA_GIA,XUYEN_THAT,3,true,true,4,false
TRXUSDT,64,20,2,BELOW,XUYEN_THAT,XUYEN_THAT,1,true,false,0,false
TRXUSDT,66,19,2,BELOW,GIU,XUYEN_THAT,2,false,false,,
TRXUSDT,67,2,2,BELOW,PHA_GIA,CHAN,2,true,true,1,false
TRXUSDT,68,22,2,BELOW,XUYEN_THAT,XUYEN_THAT,2,true,false,3,false
TRXUSDT,69,9,2,BELOW,GIU,XUYEN_THAT,3,false,false,,
TRXUSDT,70,23,2,BELOW,PHA_GIA,XUYEN_THAT,2,true,true,6,false
TRXUSDT,72,6,1,ABOVE,XUYEN_THAT,XUYEN_THAT,2,true,false,0,false
TRXUSDT,73,5,1,ABOVE,GIU,CHAN,2,false,false,,
TRXUSDT,74,1,1,ABOVE,PHA_GIA,CHAN,0,true,true,1,false
TRXUSDT,75,4,1,BELOW,GIU,CHAN,2,false,false,,
TRXUSDT,77,20,2,BELOW,XUYEN_THAT,XUYEN_THAT,0,true,false,0,false
TRXUSDT,79,4,1,ABOVE,GIU,CHAN,1,false,false,,
TRXUSDT,80,3,2,ABOVE,XUYEN_THAT,XUYEN_THAT,1,true,false,3,true
TRXUSDT,81,8,2,BELOW,PHA_GIA,XUYEN_THAT,5,true,true,1,false
TRXUSDT,82,7,2,ABOVE,PHA_GIA,XUYEN_THAT,1,true,true,1,false
TRXUSDT,83,6,2,ABOVE,PHA_GIA,CHAN,0,true,true,0,false
TRXUSDT,84,4,2,ABOVE,PHA_GIA,XUYEN_THAT,3,true,true,4,false
TRXUSDT,85,2,1,BELOW,GIU,CHAN,1,false,false,,
TRXUSDT,87,7,2,ABOVE,XUYEN_THAT,XUYEN_THAT,1,true,false,1,false
TRXUSDT,88,9,2,BELOW,XUYEN_THAT,XUYEN_THAT,0,true,false,1,false
TRXUSDT,89,16,2,ABOVE,PHA_GIA,XUYEN_THAT,1,true,true,0,false
TRXUSDT,90,8,2,BELOW,PHA_GIA,XUYEN_THAT,1,true,true,2,false
TRXUSDT,91,1,1,BELOW,GIU,CHAN,2,false,false,,
TRXUSDT,92,36,2,BELOW,PHA_GIA,XUYEN_THAT,2,true,true,0,false
TRXUSDT,94,2,2,ABOVE,PHA_GIA,CHAN,1,true,true,6,false
TRXUSDT,95,14,2,BELOW,PHA_GIA,XUYEN_THAT,1,true,true,1,false
TRXUSDT,97,5,1,ABOVE,GIU,CHAN,1,false,false,,
TRXUSDT,98,1,1,BELOW,GIU,CHAN,2,false,false,,
TRXUSDT,100,11,2,BELOW,XUYEN_THAT,XUYEN_THAT,0,true,false,1,false
TRXUSDT,101,12,2,ABOVE,PHA_GIA,XUYEN_THAT,1,true,true,5,false
TRXUSDT,102,2,2,ABOVE,PHA_GIA,XUYEN_THAT,1,true,true,1,false
TRXUSDT,103,14,2,BELOW,GIU,XUYEN_THAT,2,false,false,,
TRXUSDT,104,3,2,BELOW,XUYEN_THAT,XUYEN_THAT,1,true,false,1,true
TRXUSDT,105,1,1,BELOW,GIU,CHAN,0,false,false,,
TRXUSDT,107,8,2,BELOW,XUYEN_THAT,XUYEN_THAT,2,true,false,2,false
TRXUSDT,108,11,2,BELOW,PHA_GIA,XUYEN_THAT,3,true,true,1,false
TRXUSDT,109,5,2,BELOW,XUYEN_THAT,XUYEN_THAT,3,true,false,4,false
TRXUSDT,111,10,2,ABOVE,XUYEN_THAT,XUYEN_THAT,1,true,false,8,true
TRXUSDT,112,16,2,ABOVE,PHA_GIA,XUYEN_THAT,0,true,true,2,false
TRXUSDT,114,18,2,BELOW,XUYEN_THAT,XUYEN_THAT,3,true,false,3,false
TRXUSDT,115,41,2,BELOW,XUYEN_THAT,XUYEN_THAT,2,true,false,4,false
TRXUSDT,116,2,2,BELOW,PHA_GIA,CHAN,1,true,true,1,false
TRXUSDT,117,38,2,BELOW,GIU,XUYEN_THAT,1,false,false,,
TRXUSDT,118,6,2,ABOVE,GIU,CHAN,2,false,false,,
TRXUSDT,119,7,1,ABOVE,GIU,CHAN,5,false,false,,
TRXUSDT,120,26,2,BELOW,XUYEN_THAT,XUYEN_THAT,3,true,false,1,false
TRXUSDT,122,28,2,BELOW,XUYEN_THAT,XUYEN_THAT,0,true,false,1,false
TRXUSDT,124,6,1,ABOVE,GIU,XUYEN_THAT,3,false,false,,
TRXUSDT,125,3,2,ABOVE,XUYEN_THAT,XUYEN_THAT,1,true,false,5,false
TRXUSDT,126,5,2,BELOW,XUYEN_THAT,XUYEN_THAT,0,true,false,0,false
TRXUSDT,127,3,1,ABOVE,GIU,CHAN,2,false,false,,
TRXUSDT,128,4,2,ABOVE,PHA_GIA,XUYEN_THAT,1,true,true,2,false
TRXUSDT,130,18,2,BELOW,GIU,XUYEN_THAT,1,false,false,,
TRXUSDT,131,24,2,ABOVE,PHA_GIA,XUYEN_THAT,1,true,true,5,false
TRXUSDT,132,3,1,BELOW,GIU,CHAN,2,false,false,,
TRXUSDT,133,2,2,BELOW,PHA_GIA,CHAN,3,true,true,2,false
TRXUSDT,134,1,1,ABOVE,GIU,CHAN,1,false,false,,
TRXUSDT,135,9,2,BELOW,XUYEN_THAT,XUYEN_THAT,2,true,false,1,false
TRXUSDT,139,1,1,BELOW,GIU,CHAN,2,false,false,,
TRXUSDT,140,12,2,BELOW,PHA_GIA,XUYEN_THAT,3,true,true,1,false
TRXUSDT,143,3,1,ABOVE,GIU,CHAN,3,false,false,,
TRXUSDT,144,6,2,BELOW,XUYEN_THAT,XUYEN_THAT,1,true,false,1,false
TRXUSDT,145,29,2,ABOVE,GIU,XUYEN_THAT,1,false,false,,
TRXUSDT,146,4,1,ABOVE,PHA_GIA,CHAN,1,true,true,5,false
TRXUSDT,147,21,2,ABOVE,XUYEN_THAT,XUYEN_THAT,0,true,false,2,false
TRXUSDT,148,21,2,ABOVE,GIU,XUYEN_THAT,3,false,false,,
TRXUSDT,149,6,2,ABOVE,GIU,XUYEN_THAT,4,false,false,,
TRXUSDT,151,6,2,BELOW,XUYEN_THAT,XUYEN_THAT,1,true,false,1,false
TRXUSDT,154,4,1,BELOW,GIU,CHAN,2,false,false,,
TRXUSDT,155,9,1,ABOVE,GIU,CHAN,1,false,false,,
TRXUSDT,159,12,2,BELOW,GIU,CHAN,3,false,false,,
TRXUSDT,160,6,2,ABOVE,XUYEN_THAT,XUYEN_THAT,0,true,false,6,false
TRXUSDT,162,4,1,BELOW,GIU,CHAN,1,false,false,,
TRXUSDT,163,10,2,ABOVE,PHA_GIA,XUYEN_THAT,2,true,true,3,false
TRXUSDT,164,27,2,BELOW,XUYEN_THAT,XUYEN_THAT,2,true,false,3,false
TRXUSDT,165,11,2,BELOW,GIU,CHAN,5,false,false,,
TRXUSDT,166,4,1,BELOW,GIU,CHAN,1,false,false,,
TRXUSDT,167,4,1,ABOVE,GIU,XUYEN_THAT,0,false,false,,
TRXUSDT,168,24,2,BELOW,XUYEN_THAT,XUYEN_THAT,0,true,false,0,false
TRXUSDT,171,7,2,ABOVE,XUYEN_THAT,XUYEN_THAT,0,true,false,0,false
TRXUSDT,172,3,2,ABOVE,XUYEN_THAT,XUYEN_THAT,1,true,false,2,false
TRXUSDT,173,15,2,ABOVE,GIU,XUYEN_THAT,2,false,false,,
TRXUSDT,174,27,2,ABOVE,XUYEN_THAT,XUYEN_THAT,2,true,false,4,false
TRXUSDT,175,6,2,ABOVE,GIU,CHAN,3,false,false,,
TRXUSDT,176,2,1,BELOW,GIU,CHAN,1,false,false,,
TRXUSDT,177,11,2,ABOVE,GIU,XUYEN_THAT,2,false,false,,
TRXUSDT,178,16,2,BELOW,GIU,XUYEN_THAT,2,false,false,,
TRXUSDT,179,16,2,BELOW,GIU,XUYEN_THAT,2,false,false,,
TRXUSDT,181,15,2,BELOW,GIU,XUYEN_THAT,1,false,false,,
TRXUSDT,183,5,2,BELOW,PHA_GIA,CHAN,1,true,true,1,false
TRXUSDT,184,10,2,ABOVE,XUYEN_THAT,XUYEN_THAT,1,true,false,1,false
TRXUSDT,185,9,2,BELOW,GIU,XUYEN_THAT,2,false,false,,
TRXUSDT,187,35,2,ABOVE,XUYEN_THAT,XUYEN_THAT,0,true,false,1,false
TRXUSDT,188,36,2,ABOVE,GIU,XUYEN_THAT,2,false,false,,
TRXUSDT,189,2,1,BELOW,GIU,CHAN,1,false,false,,
TRXUSDT,190,2,1,ABOVE,PHA_GIA,CHAN,2,true,true,1,false
TRXUSDT,191,4,2,ABOVE,PHA_GIA,XUYEN_THAT,1,true,true,0,false
TRXUSDT,192,1,1,BELOW,GIU,CHAN,0,false,false,,
TRXUSDT,193,26,2,BELOW,PHA_GIA,XUYEN_THAT,0,true,true,5,false
TRXUSDT,194,2,1,BELOW,GIU,CHAN,2,false,false,,
TRXUSDT,195,18,2,BELOW,PHA_GIA,XUYEN_THAT,1,true,true,3,false
TRXUSDT,196,15,2,BELOW,GIU,XUYEN_THAT,1,false,false,,
TRXUSDT,197,2,1,BELOW,GIU,CHAN,1,false,false,,
TRXUSDT,198,12,2,ABOVE,GIU,XUYEN_THAT,1,false,false,,
TRXUSDT,199,8,2,ABOVE,GIU,XUYEN_THAT,2,false,false,,
TRXUSDT,200,5,2,ABOVE,GIU,CHAN,1,false,false,,
TRXUSDT,201,7,2,ABOVE,PHA_GIA,CHAN,2,true,true,7,false
TRXUSDT,202,1,1,BELOW,GIU,CHAN,2,false,false,,
TRXUSDT,203,4,2,BELOW,XUYEN_THAT,XUYEN_THAT,1,true,false,3,false
TRXUSDT,204,27,2,BELOW,GIU,XUYEN_THAT,1,false,false,,
TRXUSDT,205,4,1,ABOVE,GIU,CHAN,0,false,false,,
TRXUSDT,206,5,2,BELOW,GIU,CHAN,3,false,false,,
TRXUSDT,207,3,1,BELOW,GIU,CHAN,1,false,false,,
TRXUSDT,208,10,2,BELOW,GIU,XUYEN_THAT,1,false,false,,
TRXUSDT,210,3,2,ABOVE,PHA_GIA,XUYEN_THAT,3,true,true,1,false
TRXUSDT,211,10,2,ABOVE,PHA_GIA,XUYEN_THAT,2,true,true,2,false
TRXUSDT,214,4,2,ABOVE,PHA_GIA,XUYEN_THAT,3,true,true,1,false
TRXUSDT,215,10,2,ABOVE,GIU,XUYEN_THAT,3,false,false,,
TRXUSDT,216,3,2,BELOW,GIU,CHAN,4,false,false,,
TRXUSDT,217,5,2,ABOVE,GIU,XUYEN_THAT,2,false,false,,
TRXUSDT,219,8,2,BELOW,PHA_GIA,XUYEN_THAT,2,true,true,2,false
TRXUSDT,220,12,2,ABOVE,XUYEN_THAT,XUYEN_THAT,2,true,false,3,false
TRXUSDT,221,2,2,ABOVE,PHA_GIA,CHAN,0,true,true,0,false
TRXUSDT,222,11,2,BELOW,XUYEN_THAT,XUYEN_THAT,1,true,false,1,false
TRXUSDT,223,9,2,ABOVE,PHA_GIA,XUYEN_THAT,0,true,true,0,false
TRXUSDT,224,12,2,BELOW,PHA_GIA,XUYEN_THAT,1,true,true,0,false
TRXUSDT,225,4,1,BELOW,GIU,CHAN,2,false,false,,
TRXUSDT,227,3,2,ABOVE,XUYEN_THAT,XUYEN_THAT,2,true,false,3,false
TRXUSDT,229,4,2,BELOW,GIU,XUYEN_THAT,2,false,false,,
TRXUSDT,230,7,2,BELOW,PHA_GIA,XUYEN_THAT,0,true,true,4,false
TRXUSDT,231,12,2,ABOVE,XUYEN_THAT,XUYEN_THAT,0,true,false,0,false
TRXUSDT,232,12,2,ABOVE,XUYEN_THAT,XUYEN_THAT,2,true,false,1,true
TRXUSDT,233,7,2,ABOVE,XUYEN_THAT,XUYEN_THAT,0,true,false,3,false
TRXUSDT,234,4,2,BELOW,XUYEN_THAT,XUYEN_THAT,1,true,false,2,false
TRXUSDT,235,29,2,BELOW,XUYEN_THAT,XUYEN_THAT,1,true,false,0,false
TRXUSDT,236,45,2,ABOVE,GIU,XUYEN_THAT,3,false,false,,
TRXUSDT,237,6,2,ABOVE,XUYEN_THAT,XUYEN_THAT,0,true,false,0,false
TRXUSDT,239,2,1,ABOVE,GIU,CHAN,1,false,false,,
TRXUSDT,240,1,1,ABOVE,PHA_GIA,CHAN,2,true,true,0,false
TRXUSDT,241,1,1,BELOW,PHA_GIA,CHAN,0,true,true,0,false
TRXUSDT,242,10,2,ABOVE,GIU,XUYEN_THAT,3,false,false,,
TRXUSDT,243,7,2,ABOVE,GIU,XUYEN_THAT,4,false,false,,
TRXUSDT,244,9,2,ABOVE,GIU,XUYEN_THAT,1,false,false,,
TRXUSDT,245,17,2,ABOVE,GIU,XUYEN_THAT,1,false,false,,
TRXUSDT,246,9,2,ABOVE,GIU,XUYEN_THAT,2,false,false,,
TRXUSDT,247,2,1,ABOVE,GIU,CHAN,2,false,false,,
TRXUSDT,248,1,1,BELOW,GIU,CHAN,1,false,false,,
TRXUSDT,250,10,2,ABOVE,XUYEN_THAT,XUYEN_THAT,1,true,false,3,false
TRXUSDT,251,2,2,ABOVE,XUYEN_THAT,XUYEN_THAT,4,true,false,1,false
TRXUSDT,253,1,1,BELOW,XUYEN_THAT,XUYEN_THAT,2,true,false,2,false
TRXUSDT,254,22,2,BELOW,PHA_GIA,XUYEN_THAT,0,true,true,0,false
TRXUSDT,255,5,1,BELOW,GIU,CHAN,3,false,false,,
TRXUSDT,258,2,2,BELOW,XUYEN_THAT,XUYEN_THAT,1,true,false,1,false
TRXUSDT,260,6,2,BELOW,GIU,CHAN,3,false,false,,
TRXUSDT,261,3,2,ABOVE,XUYEN_THAT,XUYEN_THAT,0,true,false,1,false
TRXUSDT,262,3,2,BELOW,PHA_GIA,CHAN,3,true,true,1,false
TRXUSDT,265,12,1,BELOW,GIU,CHAN,2,false,false,,
TRXUSDT,266,2,1,BELOW,GIU,CHAN,2,false,false,,
TRXUSDT,268,10,2,BELOW,PHA_GIA,CHAN,1,true,true,0,false
TRXUSDT,269,9,2,ABOVE,GIU,XUYEN_THAT,2,false,false,,
TRXUSDT,270,8,2,ABOVE,GIU,CHAN,1,false,false,,
TRXUSDT,271,1,1,ABOVE,GIU,CHAN,3,false,false,,
TRXUSDT,272,9,2,ABOVE,GIU,XUYEN_THAT,2,false,false,,
TRXUSDT,274,27,2,BELOW,PHA_GIA,XUYEN_THAT,2,true,true,2,false
TRXUSDT,275,28,2,ABOVE,GIU,XUYEN_THAT,3,false,false,,
TRXUSDT,276,1,1,BELOW,GIU,CHAN,2,false,false,,
TRXUSDT,277,27,2,BELOW,PHA_GIA,XUYEN_THAT,3,true,true,3,false
TRXUSDT,280,3,2,ABOVE,PHA_GIA,XUYEN_THAT,2,true,true,2,false
TRXUSDT,281,4,2,ABOVE,XUYEN_THAT,XUYEN_THAT,0,true,false,0,false
TRXUSDT,282,16,2,ABOVE,GIU,CHAN,3,false,false,,
TRXUSDT,283,3,2,ABOVE,XUYEN_THAT,XUYEN_THAT,1,true,false,0,false
TRXUSDT,284,2,2,ABOVE,PHA_GIA,XUYEN_THAT,1,true,true,1,false
TRXUSDT,285,9,2,ABOVE,GIU,XUYEN_THAT,1,false,false,,
TRXUSDT,286,8,2,BELOW,PHA_GIA,CHAN,1,true,true,3,false
TRXUSDT,287,6,1,ABOVE,GIU,CHAN,1,false,false,,
TRXUSDT,288,2,1,BELOW,GIU,CHAN,0,false,false,,
TRXUSDT,289,22,2,ABOVE,GIU,XUYEN_THAT,0,false,false,,
TRXUSDT,290,12,2,ABOVE,GIU,XUYEN_THAT,4,false,false,,
TRXUSDT,292,7,2,BELOW,PHA_GIA,XUYEN_THAT,1,true,true,1,false
TRXUSDT,295,10,2,ABOVE,PHA_GIA,XUYEN_THAT,2,true,true,7,false
TRXUSDT,296,3,1,BELOW,GIU,CHAN,3,false,false,,
TRXUSDT,297,4,2,BELOW,XUYEN_THAT,XUYEN_THAT,3,true,false,4,false
TRXUSDT,298,13,2,ABOVE,GIU,XUYEN_THAT,0,false,false,,
TRXUSDT,299,12,2,ABOVE,XUYEN_THAT,XUYEN_THAT,1,true,false,1,false
TRXUSDT,300,5,2,ABOVE,PHA_GIA,CHAN,1,true,true,0,false
TRXUSDT,301,12,2,ABOVE,PHA_GIA,XUYEN_THAT,1,true,true,1,false
TRXUSDT,303,2,2,BELOW,PHA_GIA,CHAN,0,true,true,0,false
TRXUSDT,304,10,2,ABOVE,PHA_GIA,XUYEN_THAT,2,true,true,2,false
TRXUSDT,305,9,2,BELOW,GIU,CHAN,2,false,false,,
TRXUSDT,306,5,1,ABOVE,XUYEN_THAT,XUYEN_THAT,2,true,false,1,false
TRXUSDT,307,1,1,BELOW,GIU,CHAN,3,false,false,,
TRXUSDT,309,8,1,BELOW,GIU,CHAN,2,false,false,,
TRXUSDT,310,6,2,BELOW,GIU,XUYEN_THAT,3,false,false,,
TRXUSDT,313,3,2,ABOVE,PHA_GIA,XUYEN_THAT,1,true,true,5,false
TRXUSDT,314,8,2,ABOVE,PHA_GIA,XUYEN_THAT,2,true,true,2,false
TRXUSDT,315,8,1,ABOVE,PHA_GIA,CHAN,2,true,true,3,false
TRXUSDT,319,8,2,ABOVE,GIU,XUYEN_THAT,3,false,false,,
TRXUSDT,320,1,1,ABOVE,GIU,CHAN,2,false,false,,
TRXUSDT,321,13,2,ABOVE,PHA_GIA,XUYEN_THAT,3,true,true,3,false
TRXUSDT,322,13,2,ABOVE,PHA_GIA,XUYEN_THAT,1,true,true,4,false
TRXUSDT,323,12,2,BELOW,PHA_GIA,XUYEN_THAT,4,true,true,5,false
TRXUSDT,324,20,2,BELOW,PHA_GIA,XUYEN_THAT,0,true,true,1,false
TRXUSDT,325,2,1,ABOVE,GIU,CHAN,1,false,false,,
TRXUSDT,326,7,2,BELOW,GIU,XUYEN_THAT,2,false,false,,
TRXUSDT,329,22,2,ABOVE,XUYEN_THAT,XUYEN_THAT,1,true,false,7,false
TRXUSDT,330,7,2,ABOVE,GIU,CHAN,2,false,false,,
TRXUSDT,331,2,2,BELOW,PHA_GIA,CHAN,2,true,true,3,false
TRXUSDT,332,4,1,BELOW,GIU,CHAN,2,false,false,,
TRXUSDT,333,3,2,ABOVE,XUYEN_THAT,XUYEN_THAT,2,true,false,3,false
TRXUSDT,334,12,2,BELOW,PHA_GIA,CHAN,2,true,true,1,false
TRXUSDT,335,8,2,ABOVE,GIU,XUYEN_THAT,1,false,false,,
TRXUSDT,336,32,2,ABOVE,PHA_GIA,XUYEN_THAT,1,true,true,6,false
TRXUSDT,338,3,1,ABOVE,PHA_GIA,CHAN,3,true,true,7,false
TRXUSDT,340,10,2,ABOVE,PHA_GIA,XUYEN_THAT,2,true,true,5,false
TRXUSDT,341,2,1,BELOW,GIU,CHAN,2,false,false,,
TRXUSDT,342,42,2,ABOVE,XUYEN_THAT,XUYEN_THAT,3,true,false,3,false
TRXUSDT,343,11,2,BELOW,XUYEN_THAT,XUYEN_THAT,1,true,false,2,true
TRXUSDT,344,11,2,ABOVE,GIU,CHAN,1,false,false,,
TRXUSDT,345,6,2,ABOVE,XUYEN_THAT,XUYEN_THAT,1,true,false,2,false
TRXUSDT,347,11,2,ABOVE,XUYEN_THAT,XUYEN_THAT,1,true,false,1,false
TRXUSDT,348,3,1,BELOW,GIU,CHAN,2,false,false,,
TRXUSDT,352,1,1,ABOVE,XUYEN_THAT,XUYEN_THAT,0,true,false,0,false
TRXUSDT,353,8,2,ABOVE,GIU,XUYEN_THAT,0,false,false,,
TRXUSDT,355,7,2,ABOVE,GIU,XUYEN_THAT,2,false,false,,
TRXUSDT,356,4,1,BELOW,GIU,CHAN,2,false,false,,
TRXUSDT,357,3,2,ABOVE,PHA_GIA,XUYEN_THAT,2,true,true,3,false
TRXUSDT,358,5,1,ABOVE,GIU,XUYEN_THAT,2,false,false,,
TRXUSDT,359,2,2,ABOVE,PHA_GIA,CHAN,0,true,true,0,false
TRXUSDT,361,7,2,BELOW,PHA_GIA,XUYEN_THAT,1,true,true,0,false
TRXUSDT,362,27,2,BELOW,XUYEN_THAT,XUYEN_THAT,1,true,false,0,false
TRXUSDT,366,4,2,BELOW,XUYEN_THAT,XUYEN_THAT,1,true,false,1,false
TRXUSDT,371,1,1,ABOVE,GIU,CHAN,3,false,false,,
TRXUSDT,375,3,2,ABOVE,XUYEN_THAT,XUYEN_THAT,2,true,false,3,false
TRXUSDT,376,9,2,ABOVE,GIU,XUYEN_THAT,3,false,false,,
TRXUSDT,377,6,2,BELOW,XUYEN_THAT,XUYEN_THAT,0,true,false,2,false
TRXUSDT,378,20,2,BELOW,GIU,XUYEN_THAT,3,false,false,,
TRXUSDT,379,11,2,BELOW,GIU,XUYEN_THAT,3,false,false,,
TRXUSDT,381,7,1,BELOW,GIU,CHAN,2,false,false,,
TRXUSDT,383,6,2,ABOVE,GIU,CHAN,2,false,false,,
TRXUSDT,384,5,1,ABOVE,GIU,CHAN,3,false,false,,
TRXUSDT,386,8,2,ABOVE,GIU,CHAN,0,false,false,,
TRXUSDT,389,8,2,BELOW,GIU,XUYEN_THAT,0,false,false,,
TRXUSDT,390,15,2,ABOVE,PHA_GIA,XUYEN_THAT,1,true,true,3,false
TRXUSDT,392,1,1,ABOVE,PHA_GIA,CHAN,0,true,true,0,false
TRXUSDT,394,11,2,ABOVE,PHA_GIA,XUYEN_THAT,3,true,true,1,false
TRXUSDT,395,18,2,BELOW,GIU,XUYEN_THAT,3,false,false,,
TRXUSDT,396,5,2,ABOVE,GIU,XUYEN_THAT,4,false,false,,
TRXUSDT,397,2,2,BELOW,PHA_GIA,CHAN,2,true,true,1,false
TRXUSDT,398,2,1,BELOW,GIU,CHAN,2,false,false,,
TRXUSDT,399,7,2,BELOW,PHA_GIA,CHAN,1,true,true,1,false
TRXUSDT,400,9,2,BELOW,XUYEN_THAT,XUYEN_THAT,2,true,false,0,false
TRXUSDT,401,3,1,BELOW,GIU,CHAN,3,false,false,,
TRXUSDT,402,10,2,BELOW,PHA_GIA,XUYEN_THAT,1,true,true,3,false
TRXUSDT,404,2,1,BELOW,GIU,CHAN,1,false,false,,
TRXUSDT,406,3,1,ABOVE,GIU,CHAN,0,false,false,,
TRXUSDT,407,10,2,ABOVE,PHA_GIA,XUYEN_THAT,2,true,true,5,false
TRXUSDT,408,5,2,ABOVE,PHA_GIA,XUYEN_THAT,3,true,true,4,false
TRXUSDT,410,11,2,ABOVE,GIU,XUYEN_THAT,3,false,false,,
TRXUSDT,411,7,2,BELOW,GIU,XUYEN_THAT,3,false,false,,
TRXUSDT,412,1,1,ABOVE,GIU,CHAN,2,false,false,,
TRXUSDT,413,10,2,BELOW,GIU,XUYEN_THAT,1,false,false,,
TRXUSDT,415,13,2,BELOW,XUYEN_THAT,XUYEN_THAT,2,true,false,5,false
TRXUSDT,417,7,2,BELOW,XUYEN_THAT,XUYEN_THAT,3,true,false,6,false
TRXUSDT,420,7,2,BELOW,PHA_GIA,XUYEN_THAT,2,true,true,2,false
TRXUSDT,421,11,2,ABOVE,XUYEN_THAT,XUYEN_THAT,3,true,false,3,false
TRXUSDT,422,4,2,ABOVE,GIU,XUYEN_THAT,3,false,false,,
TRXUSDT,423,3,1,BELOW,GIU,CHAN,3,false,false,,
TRXUSDT,424,8,2,ABOVE,GIU,XUYEN_THAT,3,false,false,,
TRXUSDT,425,1,1,ABOVE,GIU,CHAN,1,false,false,,
TRXUSDT,426,6,1,BELOW,GIU,CHAN,3,false,false,,
TRXUSDT,427,11,2,BELOW,GIU,XUYEN_THAT,2,false,false,,
TRXUSDT,429,13,2,BELOW,XUYEN_THAT,XUYEN_THAT,1,true,false,0,false
TRXUSDT,430,12,2,BELOW,XUYEN_THAT,XUYEN_THAT,1,true,false,1,false
TRXUSDT,431,6,1,ABOVE,GIU,CHAN,2,false,false,,
TRXUSDT,432,8,2,ABOVE,GIU,XUYEN_THAT,2,false,false,,
TRXUSDT,434,4,2,BELOW,PHA_GIA,CHAN,0,true,true,3,false
TRXUSDT,435,9,2,ABOVE,PHA_GIA,XUYEN_THAT,1,true,true,1,false
TRXUSDT,436,4,1,ABOVE,GIU,CHAN,1,false,false,,
TRXUSDT,437,33,2,ABOVE,XUYEN_THAT,XUYEN_THAT,1,true,false,5,false
TRXUSDT,438,22,2,ABOVE,GIU,XUYEN_THAT,3,false,false,,
TRXUSDT,439,10,2,ABOVE,GIU,XUYEN_THAT,1,false,false,,
TRXUSDT,440,14,2,BELOW,PHA_GIA,XUYEN_THAT,3,true,true,5,false
TRXUSDT,441,3,2,ABOVE,PHA_GIA,XUYEN_THAT,2,true,true,2,false
TRXUSDT,442,8,1,ABOVE,GIU,CHAN,1,false,false,,
TRXUSDT,444,4,2,BELOW,PHA_GIA,CHAN,3,true,true,2,false
TRXUSDT,445,2,2,ABOVE,XUYEN_THAT,XUYEN_THAT,2,true,false,1,false
TRXUSDT,446,6,2,ABOVE,PHA_GIA,XUYEN_THAT,2,true,true,1,false
TRXUSDT,447,7,2,ABOVE,PHA_GIA,CHAN,3,true,true,7,true
TRXUSDT,448,3,1,BELOW,GIU,CHAN,1,false,false,,
TRXUSDT,449,16,2,BELOW,GIU,XUYEN_THAT,1,false,false,,
TRXUSDT,451,2,1,ABOVE,GIU,CHAN,3,false,false,,
TRXUSDT,452,2,1,BELOW,GIU,CHAN,1,false,false,,
TRXUSDT,453,6,2,BELOW,GIU,CHAN,3,false,false,,
TRXUSDT,454,1,1,ABOVE,GIU,CHAN,2,false,false,,
TRXUSDT,455,32,2,ABOVE,GIU,XUYEN_THAT,2,false,false,,
TRXUSDT,456,3,2,ABOVE,PHA_GIA,CHAN,1,true,true,0,false
TRXUSDT,458,26,2,BELOW,GIU,XUYEN_THAT,1,false,false,,
TRXUSDT,459,18,2,BELOW,XUYEN_THAT,XUYEN_THAT,3,true,false,7,false
TRXUSDT,460,5,2,BELOW,GIU,XUYEN_THAT,2,false,false,,
TRXUSDT,461,1,1,BELOW,GIU,CHAN,2,false,false,,
TRXUSDT,462,8,2,ABOVE,GIU,XUYEN_THAT,1,false,false,,
TRXUSDT,464,12,2,BELOW,XUYEN_THAT,XUYEN_THAT,1,true,false,3,false
TRXUSDT,465,29,2,BELOW,PHA_GIA,XUYEN_THAT,0,true,true,0,false
TRXUSDT,467,3,2,BELOW,PHA_GIA,CHAN,1,true,true,2,false
TRXUSDT,468,13,2,ABOVE,PHA_GIA,CHAN,4,true,true,7,true
TRXUSDT,469,13,2,BELOW,GIU,XUYEN_THAT,2,false,false,,
TRXUSDT,470,9,2,BELOW,GIU,CHAN,2,false,false,,
TRXUSDT,471,3,2,ABOVE,GIU,CHAN,5,false,false,,
TRXUSDT,472,8,2,ABOVE,GIU,XUYEN_THAT,1,false,false,,
TRXUSDT,473,12,2,BELOW,PHA_GIA,XUYEN_THAT,3,true,true,7,false
TRXUSDT,474,5,2,ABOVE,PHA_GIA,CHAN,1,true,true,0,false
TRXUSDT,475,5,2,BELOW,PHA_GIA,CHAN,0,true,true,2,false
TRXUSDT,476,22,2,ABOVE,GIU,XUYEN_THAT,1,false,false,,
TRXUSDT,477,2,1,BELOW,GIU,CHAN,2,false,false,,
TRXUSDT,478,1,1,BELOW,GIU,CHAN,2,false,false,,
TRXUSDT,479,6,2,BELOW,PHA_GIA,XUYEN_THAT,2,true,true,2,false
TRXUSDT,480,7,2,ABOVE,XUYEN_THAT,XUYEN_THAT,2,true,false,7,false
TRXUSDT,481,2,2,BELOW,PHA_GIA,CHAN,3,true,true,2,false
TRXUSDT,482,5,2,BELOW,PHA_GIA,XUYEN_THAT,3,true,true,3,false
TRXUSDT,484,3,1,BELOW,GIU,CHAN,2,false,false,,
TRXUSDT,485,7,2,BELOW,XUYEN_THAT,XUYEN_THAT,1,true,false,3,false
TRXUSDT,486,26,2,ABOVE,PHA_GIA,XUYEN_THAT,1,true,true,1,false
TRXUSDT,487,8,2,BELOW,XUYEN_THAT,XUYEN_THAT,1,true,false,6,true
TRXUSDT,489,7,2,BELOW,PHA_GIA,XUYEN_THAT,1,true,true,1,false
TRXUSDT,490,34,2,BELOW,GIU,XUYEN_THAT,1,false,false,,
TRXUSDT,491,4,1,ABOVE,GIU,CHAN,0,false,false,,
TRXUSDT,492,4,2,BELOW,XUYEN_THAT,XUYEN_THAT,0,true,false,5,false
TRXUSDT,493,2,2,ABOVE,PHA_GIA,XUYEN_THAT,0,true,true,1,false
TRXUSDT,494,7,2,BELOW,XUYEN_THAT,XUYEN_THAT,0,true,false,5,false
TRXUSDT,495,11,2,BELOW,GIU,XUYEN_THAT,2,false,false,,
TRXUSDT,496,10,2,ABOVE,GIU,XUYEN_THAT,2,false,false,,
TRXUSDT,497,8,2,BELOW,GIU,XUYEN_THAT,1,false,false,,
TRXUSDT,498,2,1,BELOW,GIU,CHAN,1,false,false,,
TRXUSDT,499,7,2,BELOW,XUYEN_THAT,XUYEN_THAT,1,true,false,5,false
TRXUSDT,500,33,2,ABOVE,GIU,XUYEN_THAT,2,false,false,,
TRXUSDT,501,6,2,BELOW,XUYEN_THAT,XUYEN_THAT,1,true,false,6,false
TRXUSDT,502,6,2,ABOVE,GIU,CHAN,2,false,false,,
TRXUSDT,503,7,2,ABOVE,GIU,XUYEN_THAT,1,false,false,,
TRXUSDT,504,33,2,ABOVE,XUYEN_THAT,XUYEN_THAT,1,true,false,1,false
TRXUSDT,505,3,1,ABOVE,GIU,XUYEN_THAT,3,false,false,,
TRXUSDT,506,4,2,ABOVE,XUYEN_THAT,XUYEN_THAT,4,true,false,7,false
TRXUSDT,507,6,1,BELOW,GIU,CHAN,3,false,false,,
TRXUSDT,508,3,1,BELOW,GIU,CHAN,2,false,false,,
TRXUSDT,511,6,2,BELOW,PHA_GIA,XUYEN_THAT,1,true,true,3,false
TRXUSDT,513,5,1,ABOVE,GIU,CHAN,2,false,false,,
TRXUSDT,514,7,2,BELOW,GIU,XUYEN_THAT,2,false,false,,
TRXUSDT,515,3,1,ABOVE,GIU,CHAN,1,false,false,,
TRXUSDT,516,3,1,ABOVE,GIU,CHAN,1,false,false,,
TRXUSDT,517,2,1,BELOW,GIU,CHAN,1,false,false,,
TRXUSDT,518,5,2,ABOVE,XUYEN_THAT,XUYEN_THAT,1,true,false,7,true
TRXUSDT,519,7,2,BELOW,GIU,XUYEN_THAT,1,false,false,,
TRXUSDT,520,3,2,ABOVE,PHA_GIA,XUYEN_THAT,1,true,true,4,false
TRXUSDT,522,16,2,BELOW,PHA_GIA,XUYEN_THAT,1,true,true,2,false
TRXUSDT,523,7,1,BELOW,GIU,CHAN,3,false,false,,
TRXUSDT,524,3,1,ABOVE,GIU,CHAN,1,false,false,,
TRXUSDT,525,9,2,BELOW,GIU,XUYEN_THAT,1,false,false,,
TRXUSDT,526,25,2,BELOW,GIU,XUYEN_THAT,2,false,false,,
TRXUSDT,527,14,2,BELOW,GIU,XUYEN_THAT,2,false,false,,
TRXUSDT,528,5,2,ABOVE,XUYEN_THAT,XUYEN_THAT,2,true,false,6,false
TRXUSDT,529,1,1,ABOVE,GIU,CHAN,1,false,false,,
TRXUSDT,530,2,1,BELOW,GIU,CHAN,1,false,false,,
TRXUSDT,532,6,2,ABOVE,GIU,XUYEN_THAT,3,false,false,,
TRXUSDT,533,7,2,BELOW,GIU,XUYEN_THAT,1,false,false,,
TRXUSDT,534,11,2,BELOW,PHA_GIA,XUYEN_THAT,2,true,true,8,false
TRXUSDT,536,4,1,ABOVE,GIU,CHAN,3,false,false,,
TRXUSDT,537,18,2,ABOVE,XUYEN_THAT,XUYEN_THAT,1,true,false,1,false
TRXUSDT,538,5,2,BELOW,PHA_GIA,XUYEN_THAT,3,true,true,3,false
TRXUSDT,539,5,2,ABOVE,GIU,XUYEN_THAT,2,false,false,,
TRXUSDT,540,18,2,BELOW,GIU,XUYEN_THAT,2,false,false,,
TRXUSDT,542,4,1,BELOW,GIU,CHAN,1,false,false,,
TRXUSDT,543,27,2,BELOW,GIU,XUYEN_THAT,1,false,false,,
TRXUSDT,545,5,2,ABOVE,PHA_GIA,XUYEN_THAT,2,true,true,4,false
TRXUSDT,546,3,1,BELOW,GIU,CHAN,3,false,false,,
TRXUSDT,548,21,2,BELOW,PHA_GIA,CHAN,2,true,true,2,false
TRXUSDT,550,7,2,BELOW,GIU,CHAN,3,false,false,,
TRXUSDT,551,2,1,ABOVE,GIU,CHAN,2,false,false,,
TRXUSDT,552,6,2,BELOW,GIU,XUYEN_THAT,3,false,false,,
TRXUSDT,554,58,2,ABOVE,GIU,XUYEN_THAT,1,false,false,,
TRXUSDT,555,8,2,ABOVE,PHA_GIA,CHAN,0,true,true,5,false
TRXUSDT,558,2,2,BELOW,PHA_GIA,XUYEN_THAT,1,true,true,1,false
TRXUSDT,560,5,2,BELOW,XUYEN_THAT,XUYEN_THAT,0,true,false,1,false
TRXUSDT,561,11,2,BELOW,PHA_GIA,XUYEN_THAT,2,true,true,7,false
TRXUSDT,562,14,2,ABOVE,PHA_GIA,XUYEN_THAT,2,true,true,3,false
TRXUSDT,563,12,2,BELOW,GIU,XUYEN_THAT,3,false,false,,
TRXUSDT,564,1,1,BELOW,GIU,CHAN,1,false,false,,
TRXUSDT,565,9,2,BELOW,PHA_GIA,XUYEN_THAT,2,true,true,0,false
TRXUSDT,567,5,2,ABOVE,XUYEN_THAT,XUYEN_THAT,1,true,false,2,true
TRXUSDT,568,10,2,ABOVE,XUYEN_THAT,XUYEN_THAT,1,true,false,5,false
TRXUSDT,569,1,1,ABOVE,GIU,CHAN,2,false,false,,
TRXUSDT,570,20,2,BELOW,GIU,XUYEN_THAT,2,false,false,,
TRXUSDT,571,6,2,BELOW,GIU,CHAN,4,false,false,,
TRXUSDT,572,9,2,BELOW,XUYEN_THAT,XUYEN_THAT,3,true,false,3,false
TRXUSDT,573,6,2,ABOVE,PHA_GIA,XUYEN_THAT,2,true,true,1,false
TRXUSDT,574,1,1,ABOVE,GIU,CHAN,3,false,false,,
TRXUSDT,575,1,1,ABOVE,GIU,CHAN,3,false,false,,
TRXUSDT,576,4,2,ABOVE,PHA_GIA,XUYEN_THAT,3,true,true,3,false
TRXUSDT,577,19,2,BELOW,GIU,CHAN,3,false,false,,
TRXUSDT,578,5,1,BELOW,GIU,CHAN,2,false,false,,
TRXUSDT,579,4,2,BELOW,PHA_GIA,XUYEN_THAT,2,true,true,3,false
TRXUSDT,580,1,1,BELOW,XUYEN_THAT,XUYEN_THAT,0,true,false,0,false
TRXUSDT,582,4,1,ABOVE,GIU,CHAN,0,false,false,,
TRXUSDT,583,11,2,ABOVE,PHA_GIA,XUYEN_THAT,2,true,true,0,false
TRXUSDT,585,6,1,ABOVE,GIU,CHAN,3,false,false,,
TRXUSDT,586,11,2,BELOW,XUYEN_THAT,XUYEN_THAT,2,true,false,2,false
TRXUSDT,587,17,2,BELOW,XUYEN_THAT,XUYEN_THAT,0,true,false,3,false
TRXUSDT,588,18,2,BELOW,GIU,XUYEN_THAT,3,false,false,,
TRXUSDT,589,9,1,ABOVE,GIU,CHAN,1,false,false,,
TRXUSDT,590,1,1,ABOVE,GIU,CHAN,3,false,false,,
TRXUSDT,591,18,2,BELOW,XUYEN_THAT,XUYEN_THAT,0,true,false,2,false
TRXUSDT,592,6,2,ABOVE,PHA_GIA,XUYEN_THAT,2,true,true,0,false
TRXUSDT,593,2,1,BELOW,XUYEN_THAT,XUYEN_THAT,3,true,false,4,false
TRXUSDT,594,6,2,BELOW,XUYEN_THAT,XUYEN_THAT,0,true,false,8,false
TRXUSDT,595,10,2,BELOW,XUYEN_THAT,XUYEN_THAT,2,true,false,4,false
TRXUSDT,597,2,2,ABOVE,PHA_GIA,CHAN,1,true,true,3,false
TRXUSDT,598,1,1,BELOW,GIU,CHAN,1,false,false,,
TRXUSDT,600,11,2,ABOVE,GIU,XUYEN_THAT,2,false,false,,
TRXUSDT,601,5,2,ABOVE,PHA_GIA,CHAN,0,true,true,2,false
TRXUSDT,603,12,1,BELOW,GIU,CHAN,3,false,false,,
TRXUSDT,604,2,1,ABOVE,GIU,CHAN,2,false,false,,
TRXUSDT,605,1,1,BELOW,GIU,CHAN,1,false,false,,
TRXUSDT,607,9,2,BELOW,PHA_GIA,XUYEN_THAT,2,true,true,0,false
TRXUSDT,609,8,2,ABOVE,GIU,CHAN,1,false,false,,
TRXUSDT,610,5,2,ABOVE,XUYEN_THAT,XUYEN_THAT,0,true,false,7,false
TRXUSDT,612,1,1,ABOVE,GIU,CHAN,2,false,false,,
TRXUSDT,613,3,2,BELOW,XUYEN_THAT,XUYEN_THAT,1,true,false,3,false
TRXUSDT,614,4,2,BELOW,GIU,CHAN,2,false,false,,
TRXUSDT,615,1,1,ABOVE,GIU,CHAN,3,false,false,,
TRXUSDT,616,11,2,ABOVE,GIU,XUYEN_THAT,2,false,false,,
TRXUSDT,617,2,1,ABOVE,GIU,CHAN,2,false,false,,
TRXUSDT,618,7,1,ABOVE,GIU,CHAN,1,false,false,,
TRXUSDT,621,26,2,ABOVE,PHA_GIA,XUYEN_THAT,2,true,true,7,false
TRXUSDT,622,5,2,ABOVE,PHA_GIA,XUYEN_THAT,1,true,true,0,false
TRXUSDT,623,16,2,BELOW,GIU,XUYEN_THAT,0,false,false,,
TRXUSDT,624,5,1,ABOVE,GIU,CHAN,1,false,false,,
TRXUSDT,626,9,2,BELOW,XUYEN_THAT,XUYEN_THAT,2,true,false,3,false
TRXUSDT,627,2,2,ABOVE,XUYEN_THAT,XUYEN_THAT,0,true,false,0,false
TRXUSDT,628,10,2,BELOW,PHA_GIA,XUYEN_THAT,2,true,true,1,false
TRXUSDT,629,3,1,BELOW,GIU,CHAN,1,false,false,,
TRXUSDT,632,2,2,ABOVE,PHA_GIA,XUYEN_THAT,0,true,true,0,false
TRXUSDT,633,8,2,ABOVE,GIU,XUYEN_THAT,2,false,false,,
TRXUSDT,634,1,1,BELOW,XUYEN_THAT,XUYEN_THAT,0,true,false,0,false
TRXUSDT,636,2,2,BELOW,PHA_GIA,CHAN,0,true,true,3,false
TRXUSDT,638,1,1,BELOW,GIU,CHAN,1,false,false,,
TRXUSDT,642,5,2,ABOVE,GIU,XUYEN_THAT,1,false,false,,
TRXUSDT,643,1,1,BELOW,GIU,CHAN,2,false,false,,
TRXUSDT,645,2,2,ABOVE,XUYEN_THAT,XUYEN_THAT,0,true,false,0,false
TRXUSDT,646,16,2,ABOVE,GIU,XUYEN_THAT,2,false,false,,
TRXUSDT,647,13,2,BELOW,XUYEN_THAT,XUYEN_THAT,2,true,false,1,false
TRXUSDT,648,6,2,BELOW,GIU,XUYEN_THAT,1,false,false,,
TRXUSDT,649,3,2,ABOVE,PHA_GIA,XUYEN_THAT,0,true,true,2,false
TRXUSDT,650,8,2,ABOVE,XUYEN_THAT,XUYEN_THAT,2,true,false,1,true
TRXUSDT,651,1,1,ABOVE,GIU,CHAN,0,false,false,,
TRXUSDT,655,2,1,BELOW,GIU,CHAN,1,false,false,,
TRXUSDT,656,3,2,BELOW,PHA_GIA,XUYEN_THAT,2,true,true,2,false
TRXUSDT,657,1,1,BELOW,PHA_GIA,CHAN,2,true,true,4,false
TRXUSDT,658,4,1,ABOVE,GIU,CHAN,1,false,false,,
TRXUSDT,659,2,1,BELOW,GIU,CHAN,3,false,false,,
TRXUSDT,660,4,2,BELOW,PHA_GIA,CHAN,1,true,true,3,false
TRXUSDT,661,3,2,ABOVE,GIU,CHAN,1,false,false,,
TRXUSDT,662,2,2,ABOVE,PHA_GIA,CHAN,2,true,true,2,false
TRXUSDT,663,1,1,BELOW,PHA_GIA,CHAN,1,true,true,3,false
TRXUSDT,664,2,1,BELOW,XUYEN_THAT,XUYEN_THAT,1,true,false,6,false
TRXUSDT,665,2,1,ABOVE,GIU,CHAN,2,false,false,,
TRXUSDT,666,10,2,BELOW,XUYEN_THAT,XUYEN_THAT,2,true,false,6,false
TRXUSDT,667,7,2,BELOW,GIU,XUYEN_THAT,1,false,false,,
TRXUSDT,668,31,2,ABOVE,GIU,XUYEN_THAT,2,false,false,,
TRXUSDT,669,2,2,BELOW,PHA_GIA,CHAN,2,true,true,3,false
TRXUSDT,671,7,2,BELOW,PHA_GIA,XUYEN_THAT,0,true,true,2,false
TRXUSDT,672,1,1,ABOVE,XUYEN_THAT,XUYEN_THAT,0,true,false,0,false
TRXUSDT,673,13,2,ABOVE,XUYEN_THAT,XUYEN_THAT,1,true,false,0,false
TRXUSDT,674,8,2,BELOW,XUYEN_THAT,XUYEN_THAT,1,true,false,0,false
TRXUSDT,675,2,1,ABOVE,GIU,CHAN,1,false,false,,
TRXUSDT,676,16,2,BELOW,GIU,XUYEN_THAT,2,false,false,,
TRXUSDT,680,3,1,BELOW,GIU,CHAN,2,false,false,,
TRXUSDT,681,2,2,ABOVE,XUYEN_THAT,XUYEN_THAT,1,true,false,1,false
TRXUSDT,682,16,2,ABOVE,PHA_GIA,XUYEN_THAT,0,true,true,4,false
TRXUSDT,683,13,2,ABOVE,GIU,XUYEN_THAT,1,false,false,,
TRXUSDT,684,1,1,ABOVE,GIU,CHAN,1,false,false,,
TRXUSDT,685,3,1,ABOVE,GIU,CHAN,2,false,false,,
TRXUSDT,686,11,2,BELOW,PHA_GIA,XUYEN_THAT,1,true,true,3,false
TRXUSDT,687,2,2,BELOW,XUYEN_THAT,XUYEN_THAT,1,true,false,1,false
TRXUSDT,688,7,2,ABOVE,GIU,XUYEN_THAT,2,false,false,,
TRXUSDT,689,7,2,ABOVE,PHA_GIA,XUYEN_THAT,1,true,true,5,false
TRXUSDT,691,3,2,BELOW,XUYEN_THAT,XUYEN_THAT,1,true,false,0,false
TRXUSDT,693,5,2,ABOVE,PHA_GIA,XUYEN_THAT,3,true,true,3,false
TRXUSDT,694,1,1,BELOW,GIU,CHAN,2,false,false,,
TRXUSDT,695,2,1,ABOVE,GIU,CHAN,1,false,false,,
TRXUSDT,696,7,2,ABOVE,PHA_GIA,XUYEN_THAT,2,true,true,1,false
TRXUSDT,697,8,2,ABOVE,GIU,CHAN,3,false,false,,
TRXUSDT,698,2,1,ABOVE,GIU,CHAN,3,false,false,,
TRXUSDT,700,1,1,ABOVE,GIU,CHAN,3,false,false,,
TRXUSDT,701,5,2,BELOW,XUYEN_THAT,XUYEN_THAT,0,true,false,1,false
TRXUSDT,702,7,2,BELOW,GIU,XUYEN_THAT,1,false,false,,
TRXUSDT,705,1,1,ABOVE,GIU,CHAN,1,false,false,,
TRXUSDT,706,1,1,ABOVE,GIU,CHAN,2,false,false,,
TRXUSDT,707,12,2,ABOVE,PHA_GIA,XUYEN_THAT,1,true,true,2,false
TRXUSDT,708,14,2,ABOVE,GIU,XUYEN_THAT,2,false,false,,
TRXUSDT,709,9,2,ABOVE,XUYEN_THAT,XUYEN_THAT,0,true,false,0,false
TRXUSDT,710,1,1,BELOW,XUYEN_THAT,XUYEN_THAT,1,true,false,1,true
TRXUSDT,711,5,2,BELOW,GIU,XUYEN_THAT,1,false,false,,
TRXUSDT,712,1,1,ABOVE,GIU,CHAN,3,false,false,,
TRXUSDT,713,6,2,BELOW,XUYEN_THAT,XUYEN_THAT,2,true,false,8,false
TRXUSDT,714,4,1,ABOVE,GIU,CHAN,1,false,false,,
TRXUSDT,715,16,2,BELOW,GIU,XUYEN_THAT,1,false,false,,
TRXUSDT,716,3,2,BELOW,XUYEN_THAT,XUYEN_THAT,1,true,false,3,true
TRXUSDT,717,5,2,BELOW,PHA_GIA,CHAN,2,true,true,3,false
TRXUSDT,718,4,2,BELOW,PHA_GIA,XUYEN_THAT,2,true,true,1,false
TRXUSDT,719,6,2,BELOW,PHA_GIA,XUYEN_THAT,1,true,true,6,false
TRXUSDT,720,4,2,BELOW,PHA_GIA,XUYEN_THAT,2,true,true,6,false
TRXUSDT,721,15,2,BELOW,GIU,XUYEN_THAT,2,false,false,,
TRXUSDT,722,8,1,BELOW,GIU,CHAN,2,false,false,,
TRXUSDT,724,7,2,ABOVE,PHA_GIA,XUYEN_THAT,2,true,true,5,false
TRXUSDT,725,6,2,BELOW,GIU,XUYEN_THAT,1,false,false,,
TRXUSDT,728,14,2,ABOVE,GIU,XUYEN_THAT,2,false,false,,
TRXUSDT,729,3,2,BELOW,XUYEN_THAT,XUYEN_THAT,2,true,false,5,false
TRXUSDT,730,2,1,BELOW,GIU,CHAN,3,false,false,,
TRXUSDT,731,4,2,ABOVE,PHA_GIA,CHAN,3,true,true,1,false
TRXUSDT,732,6,2,ABOVE,GIU,XUYEN_THAT,3,false,false,,
TRXUSDT,734,7,2,BELOW,GIU,XUYEN_THAT,2,false,false,,
TRXUSDT,737,8,2,BELOW,GIU,XUYEN_THAT,2,false,false,,
TRXUSDT,739,4,2,ABOVE,PHA_GIA,XUYEN_THAT,2,true,true,8,false
TRXUSDT,740,8,2,BELOW,PHA_GIA,XUYEN_THAT,1,true,true,2,false
TRXUSDT,742,21,2,BELOW,PHA_GIA,XUYEN_THAT,2,true,true,2,false
TRXUSDT,743,4,2,BELOW,PHA_GIA,XUYEN_THAT,1,true,true,1,false
TRXUSDT,744,15,2,BELOW,GIU,XUYEN_THAT,2,false,false,,
TRXUSDT,745,2,1,BELOW,GIU,CHAN,1,false,false,,
TRXUSDT,747,2,2,BELOW,GIU,CHAN,2,false,false,,
TRXUSDT,749,14,2,ABOVE,GIU,XUYEN_THAT,0,false,false,,
TRXUSDT,751,4,2,ABOVE,PHA_GIA,XUYEN_THAT,0,true,true,0,false
TRXUSDT,752,16,2,BELOW,XUYEN_THAT,XUYEN_THAT,1,true,false,1,false
TRXUSDT,754,2,2,BELOW,PHA_GIA,XUYEN_THAT,3,true,true,2,false
TRXUSDT,755,5,2,ABOVE,PHA_GIA,XUYEN_THAT,1,true,true,0,false
TRXUSDT,756,8,2,ABOVE,XUYEN_THAT,XUYEN_THAT,1,true,false,6,false
TRXUSDT,758,6,2,BELOW,GIU,XUYEN_THAT,1,false,false,,
TRXUSDT,760,5,2,BELOW,PHA_GIA,XUYEN_THAT,1,true,true,0,false
TRXUSDT,761,9,2,BELOW,PHA_GIA,XUYEN_THAT,2,true,true,1,false
TRXUSDT,762,2,2,BELOW,XUYEN_THAT,XUYEN_THAT,2,true,false,2,false
TRXUSDT,763,8,2,BELOW,GIU,XUYEN_THAT,1,false,false,,
TRXUSDT,764,2,2,ABOVE,PHA_GIA,CHAN,0,true,true,0,false
TRXUSDT,765,7,2,BELOW,PHA_GIA,XUYEN_THAT,2,true,true,6,false
TRXUSDT,766,3,1,BELOW,GIU,CHAN,0,false,false,,
TRXUSDT,767,12,2,ABOVE,XUYEN_THAT,XUYEN_THAT,3,true,false,2,false
TRXUSDT,768,5,2,BELOW,PHA_GIA,XUYEN_THAT,1,true,true,1,false
TRXUSDT,769,2,2,BELOW,PHA_GIA,CHAN,1,true,true,3,false
TRXUSDT,770,9,2,BELOW,GIU,XUYEN_THAT,2,false,false,,
TRXUSDT,771,10,2,BELOW,XUYEN_THAT,XUYEN_THAT,1,true,false,4,true
TRXUSDT,775,4,2,BELOW,GIU,XUYEN_THAT,1,false,false,,
TRXUSDT,776,2,2,BELOW,XUYEN_THAT,XUYEN_THAT,1,true,false,3,false
TRXUSDT,777,2,1,ABOVE,GIU,CHAN,1,false,false,,
TRXUSDT,778,6,2,BELOW,XUYEN_THAT,XUYEN_THAT,2,true,false,4,false
TRXUSDT,780,4,2,BELOW,PHA_GIA,CHAN,2,true,true,7,false
TRXUSDT,781,2,1,ABOVE,GIU,CHAN,3,false,false,,
TRXUSDT,782,1,1,BELOW,XUYEN_THAT,XUYEN_THAT,1,true,false,1,false
TRXUSDT,783,4,2,ABOVE,PHA_GIA,CHAN,1,true,true,1,false
TRXUSDT,785,3,2,BELOW,PHA_GIA,CHAN,1,true,true,7,false
TRXUSDT,788,6,2,BELOW,GIU,XUYEN_THAT,1,false,false,,
TRXUSDT,789,2,1,ABOVE,GIU,CHAN,3,false,false,,
TRXUSDT,791,4,1,ABOVE,GIU,CHAN,3,false,false,,
TRXUSDT,792,23,2,ABOVE,GIU,XUYEN_THAT,3,false,false,,
TRXUSDT,793,9,2,BELOW,XUYEN_THAT,XUYEN_THAT,0,true,false,0,false
TRXUSDT,794,6,2,ABOVE,PHA_GIA,XUYEN_THAT,2,true,true,8,false
TRXUSDT,795,5,2,ABOVE,PHA_GIA,XUYEN_THAT,2,true,true,1,false
TRXUSDT,797,28,2,ABOVE,PHA_GIA,XUYEN_THAT,0,true,true,1,false
TRXUSDT,798,9,2,ABOVE,GIU,CHAN,4,false,false,,
TRXUSDT,799,15,2,ABOVE,GIU,XUYEN_THAT,2,false,false,,
TRXUSDT,800,8,2,ABOVE,GIU,XUYEN_THAT,3,false,false,,
TRXUSDT,801,1,1,BELOW,GIU,CHAN,3,false,false,,
TRXUSDT,802,1,1,BELOW,PHA_GIA,CHAN,2,true,true,0,false
TRXUSDT,803,3,2,BELOW,PHA_GIA,CHAN,0,true,true,0,false
TRXUSDT,804,7,2,BELOW,XUYEN_THAT,XUYEN_THAT,1,true,false,8,false
TRXUSDT,805,2,1,BELOW,GIU,XUYEN_THAT,1,false,false,,
TRXUSDT,806,7,2,ABOVE,PHA_GIA,XUYEN_THAT,2,true,true,8,false
TRXUSDT,807,9,2,ABOVE,PHA_GIA,XUYEN_THAT,1,true,true,0,false
TRXUSDT,808,5,1,ABOVE,PHA_GIA,XUYEN_THAT,2,true,true,0,false
TRXUSDT,810,6,1,ABOVE,PHA_GIA,CHAN,0,true,true,0,false
TRXUSDT,812,2,1,BELOW,GIU,CHAN,1,false,false,,
TRXUSDT,813,3,2,BELOW,PHA_GIA,XUYEN_THAT,2,true,true,4,false
TRXUSDT,814,6,2,ABOVE,XUYEN_THAT,XUYEN_THAT,1,true,false,7,false
TRXUSDT,816,7,2,BELOW,XUYEN_THAT,XUYEN_THAT,0,true,false,2,false
TRXUSDT,817,8,2,ABOVE,GIU,XUYEN_THAT,2,false,false,,
TRXUSDT,818,2,1,ABOVE,GIU,CHAN,2,false,false,,
TRXUSDT,819,6,2,ABOVE,PHA_GIA,XUYEN_THAT,2,true,true,7,false
TRXUSDT,822,31,2,BELOW,PHA_GIA,XUYEN_THAT,1,true,true,7,false
TRXUSDT,823,6,2,ABOVE,XUYEN_THAT,XUYEN_THAT,2,true,false,5,false
TRXUSDT,824,14,2,BELOW,PHA_GIA,XUYEN_THAT,2,true,true,3,false
TRXUSDT,826,4,1,BELOW,PHA_GIA,CHAN,1,true,true,1,false
TRXUSDT,827,11,2,ABOVE,GIU,XUYEN_THAT,2,false,false,,
TRXUSDT,828,4,1,ABOVE,GIU,CHAN,2,false,false,,
TRXUSDT,830,8,2,BELOW,PHA_GIA,XUYEN_THAT,0,true,true,3,false
TRXUSDT,831,2,2,ABOVE,PHA_GIA,XUYEN_THAT,3,true,true,1,false
TRXUSDT,832,17,2,ABOVE,GIU,XUYEN_THAT,2,false,false,,
TRXUSDT,834,12,2,BELOW,GIU,XUYEN_THAT,3,false,false,,
TRXUSDT,835,19,2,ABOVE,PHA_GIA,XUYEN_THAT,1,true,true,1,false
TRXUSDT,836,40,2,ABOVE,PHA_GIA,XUYEN_THAT,0,true,true,2,false
TRXUSDT,839,37,2,ABOVE,PHA_GIA,XUYEN_THAT,2,true,true,0,false
TRXUSDT,840,2,2,BELOW,XUYEN_THAT,XUYEN_THAT,3,true,false,0,false
TRXUSDT,841,11,2,BELOW,GIU,XUYEN_THAT,1,false,false,,
TRXUSDT,842,5,1,BELOW,GIU,CHAN,0,false,false,,
TRXUSDT,843,7,2,BELOW,PHA_GIA,XUYEN_THAT,1,true,true,3,false
TRXUSDT,844,5,2,ABOVE,GIU,XUYEN_THAT,3,false,false,,
TRXUSDT,845,6,2,BELOW,PHA_GIA,XUYEN_THAT,2,true,true,4,false
TRXUSDT,846,25,2,ABOVE,GIU,XUYEN_THAT,1,false,false,,
TRXUSDT,847,1,1,BELOW,GIU,CHAN,1,false,false,,
TRXUSDT,848,7,2,BELOW,GIU,XUYEN_THAT,1,false,false,,
TRXUSDT,849,6,2,BELOW,GIU,XUYEN_THAT,2,false,false,,
TRXUSDT,850,3,2,BELOW,PHA_GIA,CHAN,3,true,true,3,false
TRXUSDT,852,11,2,ABOVE,GIU,XUYEN_THAT,3,false,false,,
TRXUSDT,853,3,1,BELOW,GIU,CHAN,2,false,false,,
TRXUSDT,854,3,2,ABOVE,PHA_GIA,XUYEN_THAT,1,true,true,1,false
TRXUSDT,855,1,1,BELOW,PHA_GIA,CHAN,1,true,true,0,false
TRXUSDT,856,9,2,ABOVE,PHA_GIA,XUYEN_THAT,3,true,true,1,false
TRXUSDT,857,7,2,BELOW,XUYEN_THAT,XUYEN_THAT,1,true,false,2,false
TRXUSDT,859,3,1,ABOVE,XUYEN_THAT,XUYEN_THAT,3,true,false,2,false
TRXUSDT,860,7,2,BELOW,PHA_GIA,XUYEN_THAT,0,true,true,8,false
TRXUSDT,861,2,1,ABOVE,GIU,CHAN,1,false,false,,
TRXUSDT,862,3,2,BELOW,XUYEN_THAT,XUYEN_THAT,2,true,false,3,false
TRXUSDT,863,5,1,ABOVE,GIU,CHAN,3,false,false,,
TRXUSDT,864,2,1,ABOVE,PHA_GIA,CHAN,1,true,true,7,false
TRXUSDT,865,9,2,BELOW,GIU,XUYEN_THAT,2,false,false,,
TRXUSDT,866,4,1,BELOW,GIU,CHAN,3,false,false,,
TRXUSDT,867,10,2,BELOW,GIU,XUYEN_THAT,1,false,false,,
TRXUSDT,869,1,1,BELOW,GIU,CHAN,2,false,false,,
TRXUSDT,870,1,1,ABOVE,PHA_GIA,CHAN,0,true,true,1,false
TRXUSDT,871,7,2,BELOW,GIU,XUYEN_THAT,2,false,false,,
TRXUSDT,872,17,2,BELOW,GIU,XUYEN_THAT,3,false,false,,
TRXUSDT,873,6,2,BELOW,PHA_GIA,XUYEN_THAT,1,true,true,2,false
TRXUSDT,874,4,1,BELOW,GIU,XUYEN_THAT,0,false,false,,
TRXUSDT,875,11,1,BELOW,GIU,CHAN,1,false,false,,
TRXUSDT,877,6,2,BELOW,GIU,XUYEN_THAT,1,false,false,,
TRXUSDT,879,10,2,BELOW,PHA_GIA,XUYEN_THAT,3,true,true,1,false
TRXUSDT,880,4,2,BELOW,PHA_GIA,XUYEN_THAT,1,true,true,2,false
TRXUSDT,881,2,2,BELOW,PHA_GIA,CHAN,1,true,true,0,false
TRXUSDT,882,3,2,BELOW,XUYEN_THAT,XUYEN_THAT,1,true,false,0,false
TRXUSDT,883,7,2,ABOVE,XUYEN_THAT,XUYEN_THAT,2,true,false,5,false
TRXUSDT,884,5,2,ABOVE,XUYEN_THAT,XUYEN_THAT,3,true,false,1,false
TRXUSDT,885,7,2,ABOVE,PHA_GIA,XUYEN_THAT,2,true,true,8,false
TRXUSDT,886,10,2,ABOVE,GIU,XUYEN_THAT,3,false,false,,
TRXUSDT,887,2,1,ABOVE,PHA_GIA,CHAN,0,true,true,3,false
TRXUSDT,889,11,2,ABOVE,PHA_GIA,XUYEN_THAT,3,true,true,2,false
TRXUSDT,890,14,2,BELOW,PHA_GIA,XUYEN_THAT,2,true,true,2,false
TRXUSDT,891,2,2,BELOW,PHA_GIA,CHAN,1,true,true,3,false
TRXUSDT,892,8,2,ABOVE,PHA_GIA,XUYEN_THAT,1,true,true,0,false
TRXUSDT,893,1,1,ABOVE,GIU,CHAN,1,false,false,,
TRXUSDT,894,10,2,BELOW,XUYEN_THAT,XUYEN_THAT,2,true,false,3,false
TRXUSDT,895,18,2,ABOVE,GIU,XUYEN_THAT,2,false,false,,
TRXUSDT,896,5,2,ABOVE,XUYEN_THAT,XUYEN_THAT,1,true,false,3,false
TRXUSDT,897,12,2,BELOW,XUYEN_THAT,XUYEN_THAT,1,true,false,2,true
TRXUSDT,898,2,2,ABOVE,XUYEN_THAT,XUYEN_THAT,3,true,false,3,false
TRXUSDT,899,17,2,ABOVE,PHA_GIA,XUYEN_THAT,3,true,true,0,false
TRXUSDT,900,7,2,ABOVE,GIU,XUYEN_THAT,0,false,false,,
TRXUSDT,901,6,2,ABOVE,GIU,XUYEN_THAT,2,false,false,,
TRXUSDT,902,13,2,BELOW,GIU,XUYEN_THAT,2,false,false,,
TRXUSDT,903,26,2,BELOW,GIU,XUYEN_THAT,1,false,false,,
TRXUSDT,905,14,2,BELOW,XUYEN_THAT,XUYEN_THAT,1,true,false,1,false
TRXUSDT,908,2,1,BELOW,GIU,CHAN,2,false,false,,
TRXUSDT,909,6,1,ABOVE,GIU,CHAN,2,false,false,,
TRXUSDT,910,2,1,ABOVE,GIU,CHAN,1,false,false,,
TRXUSDT,911,3,1,ABOVE,GIU,CHAN,2,false,false,,
TRXUSDT,912,7,2,ABOVE,PHA_GIA,XUYEN_THAT,2,true,true,4,false
TRXUSDT,913,2,2,ABOVE,PHA_GIA,CHAN,1,true,true,1,false
TRXUSDT,914,18,2,BELOW,PHA_GIA,XUYEN_THAT,0,true,true,5,false
TRXUSDT,915,58,2,ABOVE,GIU,XUYEN_THAT,3,false,false,,
TRXUSDT,917,14,2,ABOVE,PHA_GIA,XUYEN_THAT,1,true,true,0,false
TRXUSDT,918,1,1,BELOW,XUYEN_THAT,XUYEN_THAT,1,true,false,5,false
TRXUSDT,920,4,2,ABOVE,XUYEN_THAT,XUYEN_THAT,3,true,false,6,false
TRXUSDT,921,5,2,ABOVE,PHA_GIA,XUYEN_THAT,3,true,true,1,false
TRXUSDT,922,14,2,ABOVE,XUYEN_THAT,XUYEN_THAT,1,true,false,1,false
TRXUSDT,923,9,2,BELOW,PHA_GIA,CHAN,1,true,true,2,false
TRXUSDT,924,3,2,ABOVE,PHA_GIA,XUYEN_THAT,3,true,true,2,false
TRXUSDT,925,3,2,BELOW,PHA_GIA,CHAN,1,true,true,0,false
TRXUSDT,926,1,1,BELOW,GIU,CHAN,3,false,false,,
TRXUSDT,927,2,2,BELOW,PHA_GIA,CHAN,0,true,true,4,false
TRXUSDT,929,27,2,BELOW,GIU,XUYEN_THAT,3,false,false,,
TRXUSDT,930,36,2,ABOVE,GIU,XUYEN_THAT,0,false,false,,
TRXUSDT,931,1,1,ABOVE,GIU,CHAN,1,false,false,,
TRXUSDT,932,2,1,ABOVE,GIU,CHAN,3,false,false,,
TRXUSDT,934,13,2,ABOVE,PHA_GIA,XUYEN_THAT,1,true,true,0,false
TRXUSDT,935,10,2,ABOVE,PHA_GIA,XUYEN_THAT,2,true,true,4,false
TRXUSDT,936,19,2,ABOVE,PHA_GIA,XUYEN_THAT,2,true,true,2,false
TRXUSDT,937,24,2,ABOVE,GIU,XUYEN_THAT,1,false,false,,
TRXUSDT,938,3,1,ABOVE,GIU,CHAN,1,false,false,,
TRXUSDT,940,3,1,ABOVE,GIU,CHAN,4,false,false,,
TRXUSDT,942,1,1,BELOW,GIU,CHAN,2,false,false,,
TRXUSDT,944,1,1,ABOVE,PHA_GIA,CHAN,1,true,true,0,false
TRXUSDT,945,8,2,BELOW,GIU,XUYEN_THAT,2,false,false,,
TRXUSDT,946,15,2,BELOW,PHA_GIA,XUYEN_THAT,0,true,true,1,false
TRXUSDT,950,17,2,ABOVE,GIU,XUYEN_THAT,2,false,false,,
TRXUSDT,951,21,2,ABOVE,PHA_GIA,XUYEN_THAT,3,true,true,3,false
TRXUSDT,952,1,1,ABOVE,GIU,CHAN,1,false,false,,
TRXUSDT,954,6,1,ABOVE,GIU,CHAN,1,false,false,,
TRXUSDT,955,11,1,BELOW,GIU,CHAN,3,false,false,,
TRXUSDT,957,5,2,BELOW,XUYEN_THAT,XUYEN_THAT,0,true,false,0,false
TRXUSDT,958,4,2,BELOW,GIU,XUYEN_THAT,3,false,false,,
TRXUSDT,959,5,2,BELOW,XUYEN_THAT,XUYEN_THAT,0,true,false,0,false
TRXUSDT,960,19,2,BELOW,PHA_GIA,XUYEN_THAT,2,true,true,1,false
TRXUSDT,963,18,2,BELOW,XUYEN_THAT,XUYEN_THAT,3,true,false,0,false
TRXUSDT,965,2,2,BELOW,PHA_GIA,XUYEN_THAT,1,true,true,1,false
TRXUSDT,966,22,2,ABOVE,PHA_GIA,XUYEN_THAT,1,true,true,3,false
TRXUSDT,968,8,2,BELOW,XUYEN_THAT,XUYEN_THAT,1,true,false,0,false
TRXUSDT,969,4,2,BELOW,XUYEN_THAT,XUYEN_THAT,1,true,false,3,false
TRXUSDT,970,3,2,BELOW,XUYEN_THAT,XUYEN_THAT,1,true,false,1,false
TRXUSDT,973,6,2,ABOVE,XUYEN_THAT,XUYEN_THAT,0,true,false,0,false
TRXUSDT,974,19,2,ABOVE,GIU,XUYEN_THAT,2,false,false,,
TRXUSDT,975,19,2,BELOW,PHA_GIA,XUYEN_THAT,3,true,true,1,false
TRXUSDT,976,1,1,ABOVE,GIU,CHAN,3,false,false,,
TRXUSDT,977,12,2,ABOVE,GIU,XUYEN_THAT,3,false,false,,
TRXUSDT,978,7,2,ABOVE,GIU,XUYEN_THAT,2,false,false,,
TRXUSDT,981,5,2,BELOW,PHA_GIA,XUYEN_THAT,3,true,true,5,false
TRXUSDT,982,4,2,BELOW,PHA_GIA,CHAN,1,true,true,2,false
TRXUSDT,983,12,2,ABOVE,PHA_GIA,XUYEN_THAT,1,true,true,4,false
TRXUSDT,984,5,2,ABOVE,XUYEN_THAT,XUYEN_THAT,0,true,false,0,false
TRXUSDT,987,1,1,BELOW,PHA_GIA,CHAN,1,true,true,1,false
TRXUSDT,988,3,2,ABOVE,PHA_GIA,CHAN,2,true,true,2,false
TRXUSDT,990,1,1,ABOVE,PHA_GIA,CHAN,2,true,true,1,false
TRXUSDT,991,9,2,ABOVE,PHA_GIA,XUYEN_THAT,2,true,true,1,false
TRXUSDT,992,5,2,BELOW,PHA_GIA,CHAN,2,true,true,4,false
TRXUSDT,993,1,1,ABOVE,GIU,CHAN,1,false,false,,
TRXUSDT,994,1,1,BELOW,XUYEN_THAT,XUYEN_THAT,0,true,false,0,false
TRXUSDT,995,1,1,BELOW,PHA_GIA,CHAN,1,true,true,0,false
TRXUSDT,996,2,2,ABOVE,PHA_GIA,CHAN,1,true,true,2,false
TRXUSDT,997,1,1,ABOVE,GIU,CHAN,0,false,false,,
TRXUSDT,998,12,2,ABOVE,PHA_GIA,XUYEN_THAT,1,true,true,2,false
TRXUSDT,1000,17,2,ABOVE,PHA_GIA,XUYEN_THAT,1,true,true,6,false
TRXUSDT,1001,18,2,BELOW,GIU,XUYEN_THAT,3,false,false,,
TRXUSDT,1004,16,2,ABOVE,XUYEN_THAT,XUYEN_THAT,1,true,false,6,true
TRXUSDT,1005,15,2,BELOW,PHA_GIA,XUYEN_THAT,0,true,true,1,false
TRXUSDT,1006,2,1,BELOW,PHA_GIA,CHAN,2,true,true,2,false
TRXUSDT,1007,6,1,ABOVE,GIU,XUYEN_THAT,2,false,false,,
TRXUSDT,1008,29,2,ABOVE,XUYEN_THAT,XUYEN_THAT,3,true,false,2,false
TRXUSDT,1009,4,1,ABOVE,GIU,CHAN,0,false,false,,
TRXUSDT,1010,1,1,BELOW,XUYEN_THAT,XUYEN_THAT,0,true,false,1,false
TRXUSDT,1011,1,1,BELOW,GIU,CHAN,2,false,false,,
TRXUSDT,1012,5,2,ABOVE,GIU,CHAN,3,false,false,,
TRXUSDT,1013,1,1,BELOW,GIU,CHAN,3,false,false,,
TRXUSDT,1014,5,2,BELOW,PHA_GIA,XUYEN_THAT,3,true,true,4,false
TRXUSDT,1016,8,2,ABOVE,GIU,XUYEN_THAT,3,false,false,,
TRXUSDT,1017,3,2,BELOW,XUYEN_THAT,XUYEN_THAT,0,true,false,1,false
TRXUSDT,1018,1,1,BELOW,XUYEN_THAT,XUYEN_THAT,1,true,false,0,false
TRXUSDT,1019,5,2,ABOVE,GIU,XUYEN_THAT,2,false,false,,
TRXUSDT,1020,4,2,BELOW,GIU,CHAN,1,false,false,,
TRXUSDT,1021,5,2,ABOVE,PHA_GIA,XUYEN_THAT,0,true,true,0,false
TRXUSDT,1022,10,2,ABOVE,PHA_GIA,XUYEN_THAT,2,true,true,1,false
TRXUSDT,1023,14,2,BELOW,GIU,XUYEN_THAT,1,false,false,,
TRXUSDT,1024,9,2,BELOW,GIU,XUYEN_THAT,2,false,false,,
TRXUSDT,1025,1,1,BELOW,PHA_GIA,CHAN,0,true,true,0,false
TRXUSDT,1026,11,2,ABOVE,XUYEN_THAT,XUYEN_THAT,3,true,false,6,false
TRXUSDT,1027,7,2,BELOW,GIU,CHAN,2,false,false,,
TRXUSDT,1028,7,2,BELOW,XUYEN_THAT,XUYEN_THAT,0,true,false,3,false
TRXUSDT,1029,7,2,BELOW,GIU,CHAN,1,false,false,,
TRXUSDT,1030,18,2,ABOVE,XUYEN_THAT,XUYEN_THAT,0,true,false,0,false
TRXUSDT,1032,31,2,ABOVE,GIU,XUYEN_THAT,3,false,false,,
TRXUSDT,1033,8,2,BELOW,PHA_GIA,XUYEN_THAT,0,true,true,0,false
TRXUSDT,1035,20,2,ABOVE,GIU,XUYEN_THAT,2,false,false,,
TRXUSDT,1036,5,1,BELOW,GIU,CHAN,1,false,false,,
TRXUSDT,1037,9,1,BELOW,GIU,CHAN,2,false,false,,
TRXUSDT,1038,2,2,ABOVE,XUYEN_THAT,XUYEN_THAT,1,true,false,2,false
TRXUSDT,1040,6,2,ABOVE,XUYEN_THAT,XUYEN_THAT,1,true,false,6,false
TRXUSDT,1041,12,2,BELOW,XUYEN_THAT,XUYEN_THAT,1,true,false,1,false
TRXUSDT,1042,4,2,ABOVE,PHA_GIA,CHAN,2,true,true,7,false
TRXUSDT,1043,2,2,BELOW,PHA_GIA,CHAN,1,true,true,0,false
TRXUSDT,1044,2,1,BELOW,GIU,CHAN,0,false,false,,
TRXUSDT,1045,7,2,BELOW,XUYEN_THAT,XUYEN_THAT,1,true,false,3,true
TRXUSDT,1046,1,1,ABOVE,GIU,CHAN,3,false,false,,
TRXUSDT,1047,15,2,ABOVE,PHA_GIA,XUYEN_THAT,1,true,true,0,false
TRXUSDT,1048,10,2,ABOVE,XUYEN_THAT,XUYEN_THAT,0,true,false,0,false
TRXUSDT,1050,4,2,BELOW,PHA_GIA,CHAN,1,true,true,0,false
TRXUSDT,1051,1,1,ABOVE,GIU,CHAN,1,false,false,,
TRXUSDT,1052,7,2,BELOW,XUYEN_THAT,XUYEN_THAT,2,true,false,6,false
TRXUSDT,1053,2,1,BELOW,GIU,CHAN,2,false,false,,
TRXUSDT,1054,1,1,BELOW,PHA_GIA,CHAN,1,true,true,0,false
TRXUSDT,1055,7,2,BELOW,XUYEN_THAT,XUYEN_THAT,0,true,false,3,false
TRXUSDT,1056,9,2,ABOVE,XUYEN_THAT,XUYEN_THAT,1,true,false,1,false
TRXUSDT,1057,20,2,ABOVE,GIU,XUYEN_THAT,3,false,false,,
TRXUSDT,1058,31,2,BELOW,XUYEN_THAT,XUYEN_THAT,0,true,false,1,false
TRXUSDT,1059,4,2,BELOW,GIU,XUYEN_THAT,3,false,false,,
TRXUSDT,1061,13,2,ABOVE,PHA_GIA,XUYEN_THAT,3,true,true,1,false
TRXUSDT,1062,1,1,BELOW,GIU,CHAN,2,false,false,,
TRXUSDT,1064,3,2,ABOVE,XUYEN_THAT,XUYEN_THAT,2,true,false,2,false
TRXUSDT,1065,2,1,BELOW,GIU,CHAN,1,false,false,,
TRXUSDT,1066,6,2,ABOVE,GIU,CHAN,2,false,false,,
TRXUSDT,1067,5,2,BELOW,XUYEN_THAT,XUYEN_THAT,2,true,false,2,false
TRXUSDT,1069,11,2,BELOW,GIU,XUYEN_THAT,3,false,false,,
TRXUSDT,1070,6,2,BELOW,GIU,XUYEN_THAT,3,false,false,,
TRXUSDT,1071,11,2,BELOW,XUYEN_THAT,XUYEN_THAT,0,true,false,4,false
TRXUSDT,1072,11,2,BELOW,PHA_GIA,XUYEN_THAT,1,true,true,1,false
TRXUSDT,1073,12,2,BELOW,GIU,XUYEN_THAT,1,false,false,,
TRXUSDT,1074,2,1,BELOW,XUYEN_THAT,XUYEN_THAT,0,true,false,0,false
TRXUSDT,1075,6,2,BELOW,PHA_GIA,XUYEN_THAT,2,true,true,4,false
TRXUSDT,1077,16,2,BELOW,XUYEN_THAT,XUYEN_THAT,2,true,false,8,false
TRXUSDT,1080,30,2,BELOW,PHA_GIA,XUYEN_THAT,1,true,true,1,false
TRXUSDT,1081,16,2,BELOW,XUYEN_THAT,XUYEN_THAT,2,true,false,8,false
TRXUSDT,1082,6,2,BELOW,XUYEN_THAT,XUYEN_THAT,1,true,false,1,false
TRXUSDT,1083,2,1,BELOW,PHA_GIA,CHAN,1,true,true,4,false
TRXUSDT,1084,4,2,ABOVE,XUYEN_THAT,XUYEN_THAT,4,true,false,2,false
TRXUSDT,1085,30,2,BELOW,PHA_GIA,XUYEN_THAT,2,true,true,4,false
TRXUSDT,1086,4,1,ABOVE,GIU,CHAN,0,false,false,,
TRXUSDT,1087,5,2,ABOVE,GIU,XUYEN_THAT,2,false,false,,
TRXUSDT,1088,3,2,ABOVE,GIU,CHAN,2,false,false,,
TRXUSDT,1089,4,2,ABOVE,PHA_GIA,CHAN,2,true,true,8,false
TRXUSDT,1090,10,2,ABOVE,GIU,XUYEN_THAT,2,false,false,,
TRXUSDT,1091,10,2,BELOW,PHA_GIA,XUYEN_THAT,3,true,true,0,false
TRXUSDT,1092,3,2,BELOW,XUYEN_THAT,XUYEN_THAT,1,true,false,0,false
TRXUSDT,1094,8,2,BELOW,XUYEN_THAT,XUYEN_THAT,1,true,false,1,false
TRXUSDT,1095,3,2,ABOVE,PHA_GIA,XUYEN_THAT,1,true,true,0,false
TRXUSDT,1096,6,2,ABOVE,PHA_GIA,XUYEN_THAT,1,true,true,1,false
TRXUSDT,1098,3,1,ABOVE,XUYEN_THAT,XUYEN_THAT,2,true,false,6,false
TRXUSDT,1100,12,2,BELOW,GIU,XUYEN_THAT,3,false,false,,
TRXUSDT,1101,6,2,BELOW,PHA_GIA,XUYEN_THAT,4,true,true,2,false
TRXUSDT,1102,2,1,BELOW,PHA_GIA,CHAN,2,true,true,0,false
TRXUSDT,1103,9,2,BELOW,GIU,XUYEN_THAT,1,false,false,,
TRXUSDT,1107,9,2,ABOVE,GIU,XUYEN_THAT,3,false,false,,
TRXUSDT,1109,1,1,ABOVE,GIU,CHAN,3,false,false,,
TRXUSDT,1110,2,2,ABOVE,PHA_GIA,XUYEN_THAT,0,true,true,1,false
TRXUSDT,1111,4,1,BELOW,XUYEN_THAT,XUYEN_THAT,1,true,false,0,false
TRXUSDT,1112,7,2,ABOVE,GIU,XUYEN_THAT,3,false,false,,
TRXUSDT,1113,18,2,ABOVE,GIU,XUYEN_THAT,2,false,false,,
TRXUSDT,1114,2,2,BELOW,PHA_GIA,CHAN,2,true,true,1,false
TRXUSDT,1115,13,2,BELOW,XUYEN_THAT,XUYEN_THAT,3,true,false,6,false
TRXUSDT,1117,17,2,BELOW,GIU,XUYEN_THAT,2,false,false,,
TRXUSDT,1118,14,2,ABOVE,PHA_GIA,XUYEN_THAT,1,true,true,0,false
TRXUSDT,1119,10,2,ABOVE,PHA_GIA,XUYEN_THAT,2,true,true,3,false
TRXUSDT,1121,6,2,BELOW,GIU,XUYEN_THAT,1,false,false,,
TRXUSDT,1122,19,2,BELOW,XUYEN_THAT,XUYEN_THAT,0,true,false,1,false
TRXUSDT,1123,13,2,BELOW,XUYEN_THAT,XUYEN_THAT,2,true,false,2,false
TRXUSDT,1124,6,2,BELOW,GIU,XUYEN_THAT,1,false,false,,
TRXUSDT,1125,1,1,ABOVE,GIU,CHAN,3,false,false,,
TRXUSDT,1126,28,2,BELOW,XUYEN_THAT,XUYEN_THAT,0,true,false,3,false
TRXUSDT,1127,2,1,ABOVE,GIU,CHAN,1,false,false,,
TRXUSDT,1128,1,1,ABOVE,GIU,CHAN,1,false,false,,
TRXUSDT,1129,4,2,ABOVE,GIU,CHAN,0,false,false,,
TRXUSDT,1130,1,1,ABOVE,PHA_GIA,CHAN,0,true,true,2,false
TRXUSDT,1132,10,2,BELOW,PHA_GIA,XUYEN_THAT,1,true,true,1,false
TRXUSDT,1133,4,2,ABOVE,XUYEN_THAT,XUYEN_THAT,1,true,false,2,false
TRXUSDT,1135,11,2,BELOW,XUYEN_THAT,XUYEN_THAT,2,true,false,4,false
TRXUSDT,1136,16,2,ABOVE,GIU,XUYEN_THAT,1,false,false,,
TRXUSDT,1137,1,1,BELOW,GIU,CHAN,3,false,false,,
TRXUSDT,1138,1,1,ABOVE,GIU,CHAN,2,false,false,,
TRXUSDT,1141,13,2,BELOW,GIU,XUYEN_THAT,2,false,false,,
TRXUSDT,1142,6,2,BELOW,XUYEN_THAT,XUYEN_THAT,2,true,false,5,false
TRXUSDT,1143,6,2,BELOW,XUYEN_THAT,XUYEN_THAT,1,true,false,4,false
TRXUSDT,1144,23,2,BELOW,GIU,XUYEN_THAT,1,false,false,,
TRXUSDT,1145,17,2,ABOVE,GIU,XUYEN_THAT,2,false,false,,
TRXUSDT,1146,8,2,BELOW,XUYEN_THAT,XUYEN_THAT,0,true,false,1,false
TRXUSDT,1147,27,2,ABOVE,GIU,XUYEN_THAT,2,false,false,,
TRXUSDT,1148,5,2,ABOVE,XUYEN_THAT,XUYEN_THAT,0,true,false,0,false
TRXUSDT,1149,6,2,BELOW,XUYEN_THAT,XUYEN_THAT,1,true,false,4,false
TRXUSDT,1151,1,1,ABOVE,GIU,CHAN,1,false,false,,
TRXUSDT,1152,5,2,ABOVE,PHA_GIA,XUYEN_THAT,3,true,true,1,false
TRXUSDT,1153,1,1,BELOW,XUYEN_THAT,XUYEN_THAT,1,true,false,1,false
TRXUSDT,1155,1,1,ABOVE,XUYEN_THAT,XUYEN_THAT,0,true,false,0,false
TRXUSDT,1157,1,1,BELOW,GIU,CHAN,1,false,false,,
TRXUSDT,1158,4,1,ABOVE,GIU,XUYEN_THAT,2,false,false,,
TRXUSDT,1160,2,2,ABOVE,XUYEN_THAT,XUYEN_THAT,1,true,false,2,false
TRXUSDT,1161,7,2,ABOVE,XUYEN_THAT,XUYEN_THAT,4,true,false,4,false
TRXUSDT,1162,22,2,BELOW,GIU,XUYEN_THAT,3,false,false,,
TRXUSDT,1164,4,2,BELOW,PHA_GIA,CHAN,1,true,true,2,false
TRXUSDT,1165,18,2,ABOVE,GIU,XUYEN_THAT,1,false,false,,
TRXUSDT,1166,15,2,BELOW,GIU,XUYEN_THAT,0,false,false,,
TRXUSDT,1167,5,2,BELOW,XUYEN_THAT,XUYEN_THAT,1,true,false,0,false
TRXUSDT,1168,3,2,BELOW,XUYEN_THAT,XUYEN_THAT,0,true,false,5,false
TRXUSDT,1169,9,2,BELOW,XUYEN_THAT,XUYEN_THAT,0,true,false,1,false
TRXUSDT,1170,3,2,ABOVE,XUYEN_THAT,XUYEN_THAT,1,true,false,1,false
TRXUSDT,1171,5,1,ABOVE,GIU,CHAN,2,false,false,,
TRXUSDT,1172,6,2,ABOVE,PHA_GIA,XUYEN_THAT,1,true,true,0,false
TRXUSDT,1173,6,2,BELOW,GIU,XUYEN_THAT,1,false,false,,
TRXUSDT,1174,4,2,BELOW,XUYEN_THAT,XUYEN_THAT,3,true,false,0,false
TRXUSDT,1175,1,1,ABOVE,GIU,CHAN,2,false,false,,
TRXUSDT,1176,1,1,BELOW,GIU,CHAN,2,false,false,,
TRXUSDT,1177,1,1,BELOW,PHA_GIA,CHAN,2,true,true,0,false
TRXUSDT,1178,7,2,BELOW,GIU,CHAN,1,false,false,,
TRXUSDT,1180,16,2,ABOVE,XUYEN_THAT,XUYEN_THAT,2,true,false,0,false
TRXUSDT,1183,12,2,ABOVE,PHA_GIA,XUYEN_THAT,1,true,true,0,false
TRXUSDT,1184,13,2,BELOW,GIU,XUYEN_THAT,1,false,false,,
TRXUSDT,1185,5,2,ABOVE,PHA_GIA,XUYEN_THAT,2,true,true,2,false
TRXUSDT,1186,11,2,BELOW,XUYEN_THAT,XUYEN_THAT,1,true,false,2,true
TRXUSDT,1187,3,2,ABOVE,PHA_GIA,XUYEN_THAT,0,true,true,2,false
TRXUSDT,1188,12,2,ABOVE,PHA_GIA,XUYEN_THAT,1,true,true,0,false
TRXUSDT,1189,3,1,ABOVE,GIU,CHAN,1,false,false,,
TRXUSDT,1190,2,1,ABOVE,GIU,CHAN,1,false,false,,
TRXUSDT,1191,2,1,BELOW,GIU,CHAN,2,false,false,,
TRXUSDT,1192,2,2,BELOW,XUYEN_THAT,XUYEN_THAT,0,true,false,1,false
TRXUSDT,1193,1,1,BELOW,GIU,CHAN,1,false,false,,
TRXUSDT,1194,7,2,ABOVE,XUYEN_THAT,XUYEN_THAT,0,true,false,0,false
TRXUSDT,1195,6,2,BELOW,PHA_GIA,XUYEN_THAT,0,true,true,0,false
TRXUSDT,1196,3,1,ABOVE,GIU,CHAN,2,false,false,,
TRXUSDT,1197,2,2,ABOVE,PHA_GIA,XUYEN_THAT,1,true,true,1,false
NEARUSDT,0,8,2,ABOVE,PHA_GIA,CHAN,1,true,true,2,false
NEARUSDT,1,15,2,ABOVE,PHA_GIA,XUYEN_THAT,3,true,true,2,false
NEARUSDT,2,2,1,ABOVE,GIU,CHAN,2,false,false,,
NEARUSDT,3,7,2,ABOVE,XUYEN_THAT,XUYEN_THAT,0,true,false,1,false
NEARUSDT,5,14,2,BELOW,XUYEN_THAT,XUYEN_THAT,2,true,false,3,false
NEARUSDT,8,11,2,BELOW,XUYEN_THAT,XUYEN_THAT,1,true,false,0,false
NEARUSDT,9,7,2,BELOW,XUYEN_THAT,XUYEN_THAT,0,true,false,1,false
NEARUSDT,11,2,2,BELOW,XUYEN_THAT,XUYEN_THAT,1,true,false,1,true
NEARUSDT,12,5,2,ABOVE,GIU,CHAN,2,false,false,,
NEARUSDT,14,6,2,BELOW,GIU,XUYEN_THAT,2,false,false,,
NEARUSDT,15,6,2,ABOVE,GIU,CHAN,3,false,false,,
NEARUSDT,16,3,2,BELOW,XUYEN_THAT,XUYEN_THAT,1,true,false,0,false
NEARUSDT,17,3,2,BELOW,XUYEN_THAT,XUYEN_THAT,2,true,false,3,false
NEARUSDT,18,3,2,BELOW,PHA_GIA,CHAN,1,true,true,1,false
NEARUSDT,19,1,1,ABOVE,GIU,CHAN,3,false,false,,
NEARUSDT,20,7,2,BELOW,GIU,XUYEN_THAT,0,false,false,,
NEARUSDT,21,3,2,BELOW,XUYEN_THAT,XUYEN_THAT,3,true,false,8,false
NEARUSDT,22,2,1,BELOW,GIU,CHAN,2,false,false,,
NEARUSDT,23,14,2,ABOVE,GIU,XUYEN_THAT,4,false,false,,
NEARUSDT,24,9,2,ABOVE,GIU,XUYEN_THAT,3,false,false,,
NEARUSDT,25,12,2,BELOW,PHA_GIA,XUYEN_THAT,2,true,true,8,false
NEARUSDT,26,1,1,BELOW,GIU,CHAN,1,false,false,,
NEARUSDT,27,7,2,BELOW,PHA_GIA,XUYEN_THAT,1,true,true,0,false
NEARUSDT,28,1,1,BELOW,GIU,CHAN,1,false,false,,
NEARUSDT,29,11,2,BELOW,PHA_GIA,XUYEN_THAT,3,true,true,5,false
NEARUSDT,30,5,2,BELOW,XUYEN_THAT,XUYEN_THAT,1,true,false,0,false
NEARUSDT,31,5,1,BELOW,GIU,XUYEN_THAT,3,false,false,,
NEARUSDT,32,6,2,BELOW,GIU,XUYEN_THAT,1,false,false,,
NEARUSDT,33,3,1,ABOVE,GIU,CHAN,1,false,false,,
NEARUSDT,34,7,2,ABOVE,GIU,XUYEN_THAT,1,false,false,,
NEARUSDT,35,1,1,BELOW,GIU,CHAN,2,false,false,,
NEARUSDT,36,12,2,ABOVE,PHA_GIA,XUYEN_THAT,2,true,true,1,false
NEARUSDT,37,3,2,ABOVE,PHA_GIA,XUYEN_THAT,0,true,true,1,false
NEARUSDT,39,13,2,ABOVE,PHA_GIA,XUYEN_THAT,2,true,true,0,false
NEARUSDT,40,3,1,ABOVE,GIU,CHAN,2,false,false,,
NEARUSDT,42,3,2,BELOW,GIU,XUYEN_THAT,2,false,false,,
NEARUSDT,44,12,2,ABOVE,PHA_GIA,XUYEN_THAT,1,true,true,0,false
NEARUSDT,45,26,2,BELOW,PHA_GIA,XUYEN_THAT,1,true,true,2,false
NEARUSDT,46,4,2,ABOVE,PHA_GIA,CHAN,3,true,true,5,false
NEARUSDT,49,7,2,ABOVE,GIU,XUYEN_THAT,2,false,false,,
NEARUSDT,50,15,2,BELOW,GIU,XUYEN_THAT,1,false,false,,
NEARUSDT,51,4,2,ABOVE,PHA_GIA,XUYEN_THAT,4,true,true,5,false
NEARUSDT,52,5,2,ABOVE,PHA_GIA,XUYEN_THAT,3,true,true,1,false
NEARUSDT,53,5,2,BELOW,PHA_GIA,XUYEN_THAT,2,true,true,1,false
NEARUSDT,54,6,2,ABOVE,PHA_GIA,XUYEN_THAT,2,true,true,1,false
NEARUSDT,56,23,2,BELOW,XUYEN_THAT,XUYEN_THAT,0,true,false,2,false
NEARUSDT,58,12,2,BELOW,GIU,XUYEN_THAT,2,false,false,,
NEARUSDT,59,2,1,BELOW,GIU,CHAN,3,false,false,,
NEARUSDT,60,6,2,BELOW,PHA_GIA,XUYEN_THAT,2,true,true,8,false
NEARUSDT,61,26,2,BELOW,PHA_GIA,XUYEN_THAT,1,true,true,3,false
NEARUSDT,62,14,2,BELOW,GIU,XUYEN_THAT,1,false,false,,
NEARUSDT,64,3,1,ABOVE,GIU,CHAN,3,false,false,,
NEARUSDT,66,4,2,ABOVE,PHA_GIA,CHAN,1,true,true,2,false
NEARUSDT,67,7,2,ABOVE,GIU,CHAN,4,false,false,,
NEARUSDT,68,4,2,ABOVE,XUYEN_THAT,XUYEN_THAT,3,true,false,2,false
NEARUSDT,69,38,2,ABOVE,XUYEN_THAT,XUYEN_THAT,0,true,false,0,false
NEARUSDT,70,28,2,ABOVE,GIU,XUYEN_THAT,3,false,false,,
NEARUSDT,71,14,2,ABOVE,GIU,XUYEN_THAT,5,false,false,,
NEARUSDT,72,1,1,ABOVE,PHA_GIA,CHAN,3,true,true,2,false
NEARUSDT,73,10,2,ABOVE,XUYEN_THAT,XUYEN_THAT,0,true,false,1,false
NEARUSDT,74,5,1,BELOW,GIU,CHAN,2,false,false,,
NEARUSDT,75,1,1,ABOVE,GIU,CHAN,2,false,false,,
NEARUSDT,76,1,1,ABOVE,PHA_GIA,CHAN,3,true,true,1,false
NEARUSDT,77,28,2,BELOW,GIU,XUYEN_THAT,1,false,false,,
NEARUSDT,78,24,2,ABOVE,GIU,XUYEN_THAT,1,false,false,,
NEARUSDT,79,8,2,BELOW,XUYEN_THAT,XUYEN_THAT,3,true,false,2,false
NEARUSDT,80,12,2,BELOW,XUYEN_THAT,XUYEN_THAT,4,true,false,2,false
NEARUSDT,81,30,2,ABOVE,GIU,XUYEN_THAT,2,false,false,,
NEARUSDT,82,13,2,ABOVE,GIU,XUYEN_THAT,2,false,false,,
NEARUSDT,84,24,2,ABOVE,GIU,XUYEN_THAT,2,false,false,,
NEARUSDT,85,12,2,ABOVE,GIU,XUYEN_THAT,2,false,false,,
NEARUSDT,87,1,1,ABOVE,GIU,CHAN,2,false,false,,
NEARUSDT,88,15,2,ABOVE,XUYEN_THAT,XUYEN_THAT,1,true,false,2,false
NEARUSDT,90,31,2,ABOVE,XUYEN_THAT,XUYEN_THAT,3,true,false,6,false
NEARUSDT,92,12,1,BELOW,GIU,CHAN,3,false,false,,
NEARUSDT,93,7,2,ABOVE,XUYEN_THAT,XUYEN_THAT,0,true,false,1,false
NEARUSDT,94,4,2,ABOVE,PHA_GIA,CHAN,1,true,true,5,false
NEARUSDT,95,30,2,ABOVE,XUYEN_THAT,XUYEN_THAT,1,true,false,2,false
NEARUSDT,96,27,2,ABOVE,XUYEN_THAT,XUYEN_THAT,0,true,false,0,false
NEARUSDT,98,20,2,ABOVE,XUYEN_THAT,XUYEN_THAT,1,true,false,0,false
NEARUSDT,99,18,2,BELOW,GIU,XUYEN_THAT,1,false,false,,
NEARUSDT,100,13,2,BELOW,GIU,CHAN,2,false,false,,
NEARUSDT,101,11,2,ABOVE,PHA_GIA,XUYEN_THAT,1,true,true,2,false
NEARUSDT,102,3,2,BELOW,PHA_GIA,XUYEN_THAT,2,true,true,2,false
NEARUSDT,103,7,2,ABOVE,GIU,XUYEN_THAT,4,false,false,,
NEARUSDT,104,13,2,ABOVE,GIU,XUYEN_THAT,3,false,false,,
NEARUSDT,105,46,2,ABOVE,PHA_GIA,XUYEN_THAT,3,true,true,7,false
NEARUSDT,106,14,2,ABOVE,GIU,XUYEN_THAT,3,false,false,,
NEARUSDT,107,14,2,ABOVE,GIU,XUYEN_THAT,2,false,false,,
NEARUSDT,108,1,1,ABOVE,GIU,CHAN,3,false,false,,
NEARUSDT,109,8,2,ABOVE,PHA_GIA,XUYEN_THAT,3,true,true,8,false
NEARUSDT,112,5,2,BELOW,PHA_GIA,XUYEN_THAT,1,true,true,0,false
NEARUSDT,113,2,2,ABOVE,PHA_GIA,XUYEN_THAT,3,true,true,0,false
NEARUSDT,114,10,2,ABOVE,PHA_GIA,XUYEN_THAT,4,true,true,5,false
NEARUSDT,115,12,1,ABOVE,GIU,CHAN,1,false,false,,
NEARUSDT,117,8,2,BELOW,PHA_GIA,XUYEN_THAT,2,true,true,0,false
NEARUSDT,118,7,2,ABOVE,GIU,XUYEN_THAT,3,false,false,,
NEARUSDT,120,3,2,ABOVE,GIU,CHAN,4,false,false,,
NEARUSDT,122,12,2,ABOVE,PHA_GIA,XUYEN_THAT,2,true,true,2,false
NEARUSDT,123,17,2,BELOW,XUYEN_THAT,XUYEN_THAT,4,true,false,3,false
NEARUSDT,124,18,2,ABOVE,GIU,CHAN,4,false,false,,
NEARUSDT,125,7,2,ABOVE,GIU,CHAN,2,false,false,,
NEARUSDT,126,2,1,ABOVE,GIU,CHAN,3,false,false,,
NEARUSDT,127,4,2,BELOW,GIU,XUYEN_THAT,4,false,false,,
NEARUSDT,128,5,2,ABOVE,GIU,XUYEN_THAT,2,false,false,,
NEARUSDT,129,45,2,BELOW,GIU,XUYEN_THAT,2,false,false,,
NEARUSDT,130,10,2,ABOVE,PHA_GIA,XUYEN_THAT,3,true,true,4,false
NEARUSDT,131,7,2,BELOW,PHA_GIA,XUYEN_THAT,2,true,true,4,false
NEARUSDT,132,24,2,ABOVE,GIU,XUYEN_THAT,2,false,false,,
NEARUSDT,133,13,2,ABOVE,PHA_GIA,CHAN,3,true,true,4,false
NEARUSDT,134,2,1,ABOVE,GIU,CHAN,3,false,false,,
NEARUSDT,136,1,1,ABOVE,GIU,CHAN,2,false,false,,
NEARUSDT,137,4,1,ABOVE,GIU,CHAN,2,false,false,,
NEARUSDT,138,21,2,BELOW,GIU,XUYEN_THAT,3,false,false,,
NEARUSDT,139,4,2,BELOW,GIU,CHAN,4,false,false,,
NEARUSDT,140,14,2,ABOVE,GIU,XUYEN_THAT,4,false,false,,
NEARUSDT,141,3,2,BELOW,PHA_GIA,CHAN,3,true,true,1,false
NEARUSDT,142,8,2,BELOW,GIU,XUYEN_THAT,2,false,false,,
NEARUSDT,143,18,2,ABOVE,PHA_GIA,XUYEN_THAT,2,true,true,3,false
NEARUSDT,144,20,2,BELOW,PHA_GIA,XUYEN_THAT,1,true,true,1,false
NEARUSDT,145,5,1,ABOVE,GIU,CHAN,1,false,false,,
NEARUSDT,146,10,2,ABOVE,XUYEN_THAT,XUYEN_THAT,3,true,false,4,false
NEARUSDT,148,5,2,ABOVE,GIU,XUYEN_THAT,1,false,false,,
NEARUSDT,151,6,1,BELOW,GIU,CHAN,4,false,false,,
NEARUSDT,152,5,2,BELOW,XUYEN_THAT,XUYEN_THAT,3,true,false,1,false
NEARUSDT,153,11,2,ABOVE,GIU,CHAN,3,false,false,,
NEARUSDT,154,12,2,BELOW,GIU,XUYEN_THAT,1,false,false,,
NEARUSDT,155,3,2,BELOW,XUYEN_THAT,XUYEN_THAT,2,true,false,1,false
NEARUSDT,157,1,1,BELOW,GIU,CHAN,4,false,false,,
NEARUSDT,158,28,2,ABOVE,GIU,XUYEN_THAT,3,false,false,,
NEARUSDT,159,36,2,BELOW,PHA_GIA,XUYEN_THAT,0,true,true,0,false
NEARUSDT,160,2,1,BELOW,PHA_GIA,CHAN,0,true,true,0,false
NEARUSDT,162,14,2,BELOW,GIU,CHAN,2,false,false,,
NEARUSDT,163,7,1,ABOVE,GIU,XUYEN_THAT,2,false,false,,
NEARUSDT,164,4,2,ABOVE,XUYEN_THAT,XUYEN_THAT,4,true,false,1,false
NEARUSDT,165,5,2,BELOW,XUYEN_THAT,XUYEN_THAT,1,true,false,0,false
NEARUSDT,166,47,2,ABOVE,PHA_GIA,XUYEN_THAT,3,true,true,5,false
NEARUSDT,168,2,2,ABOVE,PHA_GIA,CHAN,1,true,true,1,false
NEARUSDT,171,8,2,BELOW,GIU,XUYEN_THAT,2,false,false,,
NEARUSDT,172,7,1,BELOW,GIU,XUYEN_THAT,1,false,false,,
NEARUSDT,173,4,1,ABOVE,PHA_GIA,CHAN,2,true,true,5,false
NEARUSDT,174,19,2,ABOVE,PHA_GIA,XUYEN_THAT,1,true,true,5,false
NEARUSDT,175,3,2,BELOW,GIU,XUYEN_THAT,3,false,false,,
NEARUSDT,176,3,2,ABOVE,PHA_GIA,CHAN,2,true,true,3,false
NEARUSDT,178,3,1,BELOW,GIU,CHAN,2,false,false,,
NEARUSDT,179,1,1,ABOVE,GIU,CHAN,1,false,false,,
NEARUSDT,180,27,2,BELOW,GIU,XUYEN_THAT,3,false,false,,
NEARUSDT,181,13,2,ABOVE,PHA_GIA,XUYEN_THAT,1,true,true,7,false
NEARUSDT,182,4,2,ABOVE,XUYEN_THAT,XUYEN_THAT,3,true,false,2,false
NEARUSDT,183,19,2,ABOVE,GIU,XUYEN_THAT,2,false,false,,
NEARUSDT,184,7,2,BELOW,GIU,XUYEN_THAT,3,false,false,,
NEARUSDT,186,6,2,ABOVE,GIU,XUYEN_THAT,3,false,false,,
NEARUSDT,187,41,2,ABOVE,GIU,XUYEN_THAT,3,false,false,,
NEARUSDT,188,2,1,BELOW,XUYEN_THAT,XUYEN_THAT,3,true,false,3,false
NEARUSDT,189,25,2,ABOVE,GIU,XUYEN_THAT,3,false,false,,
NEARUSDT,190,1,1,BELOW,GIU,CHAN,1,false,false,,
NEARUSDT,192,7,2,BELOW,XUYEN_THAT,XUYEN_THAT,0,true,false,7,false
NEARUSDT,194,14,2,BELOW,GIU,XUYEN_THAT,2,false,false,,
NEARUSDT,196,1,1,ABOVE,GIU,CHAN,3,false,false,,
NEARUSDT,197,13,2,ABOVE,GIU,XUYEN_THAT,3,false,false,,
NEARUSDT,198,5,2,BELOW,PHA_GIA,XUYEN_THAT,4,true,true,8,false
NEARUSDT,199,3,2,BELOW,PHA_GIA,CHAN,2,true,true,2,false
NEARUSDT,200,6,2,BELOW,PHA_GIA,CHAN,2,true,true,2,false
NEARUSDT,201,10,2,BELOW,PHA_GIA,CHAN,4,true,true,3,false
NEARUSDT,202,4,1,ABOVE,XUYEN_THAT,XUYEN_THAT,1,true,false,3,false
NEARUSDT,203,6,2,BELOW,GIU,XUYEN_THAT,1,false,false,,
NEARUSDT,205,1,1,BELOW,GIU,CHAN,3,false,false,,
NEARUSDT,206,9,2,BELOW,XUYEN_THAT,XUYEN_THAT,2,true,false,2,false
NEARUSDT,207,3,2,ABOVE,GIU,CHAN,3,false,false,,
NEARUSDT,208,6,2,BELOW,PHA_GIA,XUYEN_THAT,3,true,true,5,false
NEARUSDT,209,7,2,BELOW,PHA_GIA,CHAN,2,true,true,4,false
NEARUSDT,210,6,2,ABOVE,PHA_GIA,XUYEN_THAT,0,true,true,0,false
NEARUSDT,211,6,2,ABOVE,PHA_GIA,XUYEN_THAT,1,true,true,0,false
NEARUSDT,213,34,2,BELOW,GIU,XUYEN_THAT,4,false,false,,
NEARUSDT,214,3,2,BELOW,XUYEN_THAT,XUYEN_THAT,2,true,false,0,false
NEARUSDT,215,9,2,BELOW,GIU,XUYEN_THAT,1,false,false,,
NEARUSDT,216,14,2,BELOW,PHA_GIA,XUYEN_THAT,3,true,true,3,false
NEARUSDT,217,11,2,BELOW,GIU,XUYEN_THAT,3,false,false,,
NEARUSDT,218,1,1,BELOW,GIU,CHAN,2,false,false,,
NEARUSDT,219,1,1,BELOW,GIU,CHAN,0,false,false,,
NEARUSDT,220,19,2,BELOW,PHA_GIA,XUYEN_THAT,2,true,true,3,false
NEARUSDT,221,2,1,BELOW,GIU,CHAN,4,false,false,,
NEARUSDT,222,26,2,BELOW,PHA_GIA,XUYEN_THAT,3,true,true,2,false
NEARUSDT,223,2,1,BELOW,GIU,CHAN,1,false,false,,
NEARUSDT,224,4,2,ABOVE,PHA_GIA,XUYEN_THAT,1,true,true,3,false
NEARUSDT,225,5,2,BELOW,GIU,CHAN,4,false,false,,
NEARUSDT,226,12,2,BELOW,GIU,XUYEN_THAT,3,false,false,,
NEARUSDT,227,1,1,BELOW,GIU,CHAN,2,false,false,,
NEARUSDT,228,8,2,ABOVE,PHA_GIA,XUYEN_THAT,2,true,true,8,false
NEARUSDT,229,29,2,BELOW,PHA_GIA,XUYEN_THAT,1,true,true,4,false
NEARUSDT,230,16,2,ABOVE,GIU,XUYEN_THAT,3,false,false,,
NEARUSDT,232,1,1,BELOW,PHA_GIA,CHAN,1,true,true,0,false
NEARUSDT,233,1,1,ABOVE,GIU,CHAN,0,false,false,,
NEARUSDT,235,6,2,BELOW,XUYEN_THAT,XUYEN_THAT,1,true,false,2,false
NEARUSDT,236,31,2,ABOVE,PHA_GIA,XUYEN_THAT,3,true,true,1,false
NEARUSDT,238,8,2,BELOW,GIU,CHAN,4,false,false,,
NEARUSDT,241,17,2,BELOW,PHA_GIA,XUYEN_THAT,2,true,true,7,false
NEARUSDT,242,7,2,BELOW,PHA_GIA,XUYEN_THAT,1,true,true,1,false
NEARUSDT,243,1,1,ABOVE,GIU,CHAN,3,false,false,,
NEARUSDT,244,19,2,ABOVE,PHA_GIA,XUYEN_THAT,1,true,true,0,false
NEARUSDT,246,10,2,ABOVE,GIU,XUYEN_THAT,2,false,false,,
NEARUSDT,247,16,2,BELOW,PHA_GIA,XUYEN_THAT,2,true,true,2,false
NEARUSDT,248,3,2,BELOW,PHA_GIA,XUYEN_THAT,2,true,true,6,false
NEARUSDT,249,23,2,BELOW,GIU,XUYEN_THAT,2,false,false,,
NEARUSDT,250,3,2,BELOW,XUYEN_THAT,XUYEN_THAT,1,true,false,4,false
NEARUSDT,251,12,2,BELOW,GIU,XUYEN_THAT,1,false,false,,
NEARUSDT,253,3,2,BELOW,PHA_GIA,XUYEN_THAT,1,true,true,0,false
NEARUSDT,254,8,2,ABOVE,XUYEN_THAT,XUYEN_THAT,0,true,false,1,false
NEARUSDT,256,4,2,ABOVE,PHA_GIA,XUYEN_THAT,2,true,true,2,false
NEARUSDT,257,15,2,ABOVE,PHA_GIA,XUYEN_THAT,3,true,true,5,false
NEARUSDT,258,28,2,BELOW,GIU,XUYEN_THAT,5,false,false,,
NEARUSDT,259,1,1,ABOVE,GIU,CHAN,2,false,false,,
NEARUSDT,260,3,1,BELOW,GIU,XUYEN_THAT,0,false,false,,
NEARUSDT,262,4,1,ABOVE,GIU,CHAN,4,false,false,,
NEARUSDT,263,5,2,ABOVE,PHA_GIA,XUYEN_THAT,1,true,true,4,false
NEARUSDT,264,4,2,ABOVE,XUYEN_THAT,XUYEN_THAT,1,true,false,3,true
NEARUSDT,265,4,2,BELOW,PHA_GIA,CHAN,2,true,true,2,false
NEARUSDT,267,14,2,BELOW,GIU,XUYEN_THAT,2,false,false,,
NEARUSDT,270,11,2,BELOW,GIU,XUYEN_THAT,0,false,false,,
NEARUSDT,272,16,2,ABOVE,PHA_GIA,XUYEN_THAT,0,true,true,0,false
NEARUSDT,273,2,1,ABOVE,GIU,CHAN,3,false,false,,
NEARUSDT,274,7,2,BELOW,XUYEN_THAT,XUYEN_THAT,1,true,false,1,false
NEARUSDT,275,10,2,BELOW,GIU,XUYEN_THAT,2,false,false,,
NEARUSDT,276,15,2,BELOW,PHA_GIA,XUYEN_THAT,1,true,true,1,false
NEARUSDT,279,27,2,BELOW,XUYEN_THAT,XUYEN_THAT,4,true,false,2,false
NEARUSDT,280,46,2,BELOW,GIU,XUYEN_THAT,2,false,false,,
NEARUSDT,281,6,2,ABOVE,GIU,CHAN,3,false,false,,
NEARUSDT,282,1,1,BELOW,PHA_GIA,CHAN,2,true,true,1,false
NEARUSDT,283,11,2,ABOVE,PHA_GIA,XUYEN_THAT,2,true,true,8,false
NEARUSDT,285,4,2,ABOVE,GIU,CHAN,4,false,false,,
NEARUSDT,286,6,2,ABOVE,GIU,XUYEN_THAT,2,false,false,,
NEARUSDT,289,5,2,BELOW,GIU,CHAN,2,false,false,,
NEARUSDT,290,1,1,BELOW,GIU,CHAN,1,false,false,,
NEARUSDT,292,19,2,ABOVE,XUYEN_THAT,XUYEN_THAT,0,true,false,0,false
NEARUSDT,293,3,2,BELOW,PHA_GIA,CHAN,3,true,true,5,false
NEARUSDT,294,1,1,BELOW,GIU,CHAN,3,false,false,,
NEARUSDT,295,16,2,ABOVE,PHA_GIA,XUYEN_THAT,1,true,true,8,false
NEARUSDT,296,36,2,ABOVE,XUYEN_THAT,XUYEN_THAT,1,true,false,0,false
NEARUSDT,297,12,2,ABOVE,XUYEN_THAT,XUYEN_THAT,0,true,false,2,false
NEARUSDT,298,8,2,ABOVE,PHA_GIA,XUYEN_THAT,1,true,true,1,false
NEARUSDT,299,3,1,ABOVE,GIU,CHAN,1,false,false,,
NEARUSDT,303,12,2,ABOVE,GIU,XUYEN_THAT,2,false,false,,
NEARUSDT,304,2,1,BELOW,GIU,CHAN,2,false,false,,
NEARUSDT,306,3,2,BELOW,PHA_GIA,XUYEN_THAT,4,true,true,1,false
NEARUSDT,307,21,2,ABOVE,GIU,XUYEN_THAT,2,false,false,,
NEARUSDT,309,6,2,BELOW,PHA_GIA,XUYEN_THAT,1,true,true,1,false
NEARUSDT,310,6,2,BELOW,PHA_GIA,XUYEN_THAT,1,true,true,5,false
NEARUSDT,311,1,1,BELOW,PHA_GIA,CHAN,2,true,true,1,false
NEARUSDT,312,1,1,BELOW,XUYEN_THAT,XUYEN_THAT,3,true,false,2,false
NEARUSDT,313,11,2,ABOVE,GIU,CHAN,2,false,false,,
NEARUSDT,314,15,2,BELOW,GIU,XUYEN_THAT,3,false,false,,
NEARUSDT,316,3,2,BELOW,XUYEN_THAT,XUYEN_THAT,2,true,false,2,false
NEARUSDT,317,36,2,BELOW,GIU,XUYEN_THAT,1,false,false,,
NEARUSDT,318,10,1,BELOW,GIU,CHAN,1,false,false,,
NEARUSDT,319,6,1,ABOVE,GIU,CHAN,4,false,false,,
NEARUSDT,320,5,1,BELOW,GIU,CHAN,1,false,false,,
NEARUSDT,324,4,2,ABOVE,PHA_GIA,XUYEN_THAT,2,true,true,4,false
NEARUSDT,325,13,2,ABOVE,GIU,XUYEN_THAT,2,false,false,,
NEARUSDT,326,14,2,ABOVE,GIU,CHAN,3,false,false,,
NEARUSDT,328,4,2,BELOW,PHA_GIA,CHAN,2,true,true,2,false
NEARUSDT,331,18,2,BELOW,PHA_GIA,XUYEN_THAT,2,true,true,7,false
NEARUSDT,332,15,2,ABOVE,PHA_GIA,XUYEN_THAT,3,true,true,3,false
NEARUSDT,333,3,2,BELOW,PHA_GIA,CHAN,3,true,true,5,false
NEARUSDT,334,20,2,ABOVE,XUYEN_THAT,XUYEN_THAT,3,true,false,7,false
NEARUSDT,336,3,2,ABOVE,XUYEN_THAT,XUYEN_THAT,0,true,false,1,false
NEARUSDT,337,3,1,BELOW,GIU,CHAN,0,false,false,,
NEARUSDT,338,4,1,ABOVE,GIU,CHAN,3,false,false,,
NEARUSDT,339,9,2,BELOW,GIU,XUYEN_THAT,1,false,false,,
NEARUSDT,341,3,1,ABOVE,GIU,CHAN,3,false,false,,
NEARUSDT,342,8,2,BELOW,XUYEN_THAT,XUYEN_THAT,0,true,false,2,false
NEARUSDT,344,10,2,BELOW,GIU,XUYEN_THAT,3,false,false,,
NEARUSDT,345,4,2,ABOVE,PHA_GIA,XUYEN_THAT,1,true,true,1,false
NEARUSDT,346,11,2,BELOW,GIU,XUYEN_THAT,1,false,false,,
NEARUSDT,347,6,1,ABOVE,PHA_GIA,CHAN,3,true,true,7,false
NEARUSDT,348,2,1,BELOW,GIU,CHAN,2,false,false,,
NEARUSDT,349,1,1,BELOW,GIU,CHAN,2,false,false,,
NEARUSDT,352,10,2,ABOVE,GIU,XUYEN_THAT,1,false,false,,
NEARUSDT,353,9,2,ABOVE,PHA_GIA,CHAN,2,true,true,4,false
NEARUSDT,356,14,2,BELOW,GIU,XUYEN_THAT,3,false,false,,
NEARUSDT,357,5,2,BELOW,PHA_GIA,XUYEN_THAT,1,true,true,0,false
NEARUSDT,358,9,2,ABOVE,PHA_GIA,XUYEN_THAT,0,true,true,6,false
NEARUSDT,359,3,1,BELOW,GIU,CHAN,2,false,false,,
NEARUSDT,360,4,2,ABOVE,XUYEN_THAT,XUYEN_THAT,2,true,false,4,false
NEARUSDT,361,10,2,ABOVE,XUYEN_THAT,XUYEN_THAT,2,true,false,4,false
NEARUSDT,362,3,2,BELOW,PHA_GIA,XUYEN_THAT,3,true,true,5,false
NEARUSDT,363,4,2,BELOW,XUYEN_THAT,XUYEN_THAT,1,true,false,2,false
NEARUSDT,365,7,2,ABOVE,GIU,XUYEN_THAT,2,false,false,,
NEARUSDT,366,12,2,ABOVE,GIU,XUYEN_THAT,3,false,false,,
NEARUSDT,367,2,1,BELOW,GIU,CHAN,2,false,false,,
NEARUSDT,368,1,1,ABOVE,GIU,CHAN,1,false,false,,
NEARUSDT,370,2,1,ABOVE,GIU,CHAN,2,false,false,,
NEARUSDT,371,17,2,BELOW,XUYEN_THAT,XUYEN_THAT,3,true,false,3,false
NEARUSDT,372,3,1,BELOW,GIU,CHAN,2,false,false,,
NEARUSDT,373,19,2,ABOVE,GIU,XUYEN_THAT,3,false,false,,
NEARUSDT,375,6,2,ABOVE,XUYEN_THAT,XUYEN_THAT,1,true,false,2,false
NEARUSDT,376,11,2,ABOVE,GIU,XUYEN_THAT,5,false,false,,
NEARUSDT,377,1,1,ABOVE,XUYEN_THAT,XUYEN_THAT,1,true,false,1,false
NEARUSDT,378,2,2,BELOW,PHA_GIA,CHAN,1,true,true,2,false
NEARUSDT,379,16,2,ABOVE,XUYEN_THAT,XUYEN_THAT,3,true,false,5,false
NEARUSDT,380,4,2,BELOW,GIU,XUYEN_THAT,3,false,false,,
NEARUSDT,381,1,1,BELOW,XUYEN_THAT,XUYEN_THAT,2,true,false,3,true
NEARUSDT,382,1,1,BELOW,GIU,CHAN,0,false,false,,
NEARUSDT,383,8,2,ABOVE,GIU,CHAN,2,false,false,,
NEARUSDT,384,5,2,ABOVE,PHA_GIA,XUYEN_THAT,4,true,true,8,false
NEARUSDT,385,3,2,ABOVE,PHA_GIA,CHAN,1,true,true,1,false
NEARUSDT,387,3,1,ABOVE,PHA_GIA,XUYEN_THAT,1,true,true,0,false
NEARUSDT,390,9,2,BELOW,PHA_GIA,XUYEN_THAT,1,true,true,1,false
NEARUSDT,391,1,1,BELOW,GIU,CHAN,0,false,false,,
NEARUSDT,392,3,1,BELOW,GIU,CHAN,2,false,false,,
NEARUSDT,393,13,2,ABOVE,PHA_GIA,XUYEN_THAT,2,true,true,5,false
NEARUSDT,394,9,2,BELOW,GIU,XUYEN_THAT,1,false,false,,
NEARUSDT,395,2,2,BELOW,PHA_GIA,CHAN,3,true,true,2,false
NEARUSDT,396,17,2,BELOW,PHA_GIA,XUYEN_THAT,2,true,true,7,false
NEARUSDT,397,13,2,BELOW,GIU,XUYEN_THAT,2,false,false,,
NEARUSDT,398,4,2,ABOVE,PHA_GIA,CHAN,1,true,true,0,false
NEARUSDT,399,39,2,BELOW,PHA_GIA,XUYEN_THAT,2,true,true,0,false
NEARUSDT,400,9,2,ABOVE,PHA_GIA,XUYEN_THAT,1,true,true,1,false
NEARUSDT,401,13,2,ABOVE,GIU,XUYEN_THAT,1,false,false,,
NEARUSDT,402,31,2,ABOVE,GIU,XUYEN_THAT,2,false,false,,
NEARUSDT,403,3,1,BELOW,GIU,CHAN,3,false,false,,
NEARUSDT,404,4,2,ABOVE,GIU,XUYEN_THAT,1,false,false,,
NEARUSDT,405,6,2,ABOVE,GIU,XUYEN_THAT,0,false,false,,
NEARUSDT,406,1,1,BELOW,PHA_GIA,CHAN,0,true,true,2,false
NEARUSDT,407,3,2,BELOW,PHA_GIA,XUYEN_THAT,2,true,true,0,false
NEARUSDT,409,9,2,BELOW,PHA_GIA,XUYEN_THAT,1,true,true,5,false
NEARUSDT,410,7,2,BELOW,PHA_GIA,XUYEN_THAT,2,true,true,1,false
NEARUSDT,412,3,2,ABOVE,PHA_GIA,CHAN,0,true,true,0,false
NEARUSDT,413,9,2,ABOVE,XUYEN_THAT,XUYEN_THAT,2,true,false,4,false
NEARUSDT,414,4,2,BELOW,XUYEN_THAT,XUYEN_THAT,2,true,false,2,false
NEARUSDT,415,9,2,ABOVE,GIU,XUYEN_THAT,3,false,false,,
NEARUSDT,416,3,1,BELOW,GIU,CHAN,2,false,false,,
NEARUSDT,417,2,1,BELOW,GIU,CHAN,0,false,false,,
NEARUSDT,418,1,1,ABOVE,GIU,CHAN,3,false,false,,
NEARUSDT,419,12,2,ABOVE,PHA_GIA,XUYEN_THAT,1,true,true,3,false
NEARUSDT,420,12,2,BELOW,PHA_GIA,XUYEN_THAT,2,true,true,1,false
NEARUSDT,421,1,1,ABOVE,GIU,CHAN,1,false,false,,
NEARUSDT,422,4,2,ABOVE,PHA_GIA,XUYEN_THAT,3,true,true,1,false
NEARUSDT,423,5,2,BELOW,GIU,XUYEN_THAT,2,false,false,,
NEARUSDT,425,14,2,BELOW,PHA_GIA,XUYEN_THAT,3,true,true,4,false
NEARUSDT,427,3,2,ABOVE,PHA_GIA,CHAN,0,true,true,5,false
NEARUSDT,428,7,2,ABOVE,GIU,XUYEN_THAT,1,false,false,,
NEARUSDT,429,9,2,BELOW,PHA_GIA,XUYEN_THAT,2,true,true,3,false
NEARUSDT,431,8,2,BELOW,XUYEN_THAT,XUYEN_THAT,2,true,false,0,false
NEARUSDT,433,5,2,BELOW,PHA_GIA,XUYEN_THAT,3,true,true,1,false
NEARUSDT,435,6,2,ABOVE,GIU,CHAN,2,false,false,,
NEARUSDT,437,1,1,ABOVE,GIU,CHAN,1,false,false,,
NEARUSDT,438,3,1,BELOW,GIU,CHAN,2,false,false,,
NEARUSDT,439,6,2,ABOVE,PHA_GIA,XUYEN_THAT,1,true,true,0,false
NEARUSDT,440,12,2,ABOVE,GIU,XUYEN_THAT,1,false,false,,
NEARUSDT,443,8,2,BELOW,PHA_GIA,XUYEN_THAT,2,true,true,4,false
NEARUSDT,444,7,2,BELOW,XUYEN_THAT,XUYEN_THAT,3,true,false,2,false
NEARUSDT,445,3,2,BELOW,GIU,CHAN,2,false,false,,
NEARUSDT,446,3,1,BELOW,GIU,CHAN,2,false,false,,
NEARUSDT,447,2,1,ABOVE,GIU,CHAN,3,false,false,,
NEARUSDT,448,16,2,BELOW,XUYEN_THAT,XUYEN_THAT,1,true,false,2,false
NEARUSDT,450,7,1,ABOVE,GIU,CHAN,2,false,false,,
NEARUSDT,451,3,2,BELOW,PHA_GIA,CHAN,3,true,true,5,false
NEARUSDT,452,5,2,BELOW,PHA_GIA,CHAN,3,true,true,6,false
NEARUSDT,453,1,1,BELOW,GIU,CHAN,2,false,false,,
NEARUSDT,455,8,2,BELOW,XUYEN_THAT,XUYEN_THAT,5,true,false,4,false
NEARUSDT,456,11,2,BELOW,GIU,XUYEN_THAT,2,false,false,,
NEARUSDT,457,24,2,ABOVE,PHA_GIA,XUYEN_THAT,0,true,true,5,false
NEARUSDT,458,31,2,BELOW,GIU,XUYEN_THAT,3,false,false,,
NEARUSDT,459,5,1,BELOW,GIU,CHAN,3,false,false,,
NEARUSDT,462,10,2,ABOVE,GIU,XUYEN_THAT,2,false,false,,
NEARUSDT,463,10,2,ABOVE,XUYEN_THAT,XUYEN_THAT,3,true,false,4,false
NEARUSDT,464,7,2,BELOW,XUYEN_THAT,XUYEN_THAT,0,true,false,1,false
NEARUSDT,465,6,2,ABOVE,GIU,CHAN,2,false,false,,
NEARUSDT,466,19,2,BELOW,XUYEN_THAT,XUYEN_THAT,3,true,false,1,false
NEARUSDT,468,15,2,BELOW,GIU,XUYEN_THAT,1,false,false,,
NEARUSDT,469,5,2,BELOW,GIU,CHAN,1,false,false,,
NEARUSDT,470,12,2,ABOVE,GIU,XUYEN_THAT,1,false,false,,
NEARUSDT,472,4,2,BELOW,GIU,CHAN,2,false,false,,
NEARUSDT,473,1,1,BELOW,GIU,CHAN,1,false,false,,
NEARUSDT,474,31,2,BELOW,GIU,XUYEN_THAT,2,false,false,,
NEARUSDT,475,2,1,BELOW,GIU,CHAN,2,false,false,,
NEARUSDT,476,21,2,BELOW,GIU,XUYEN_THAT,1,false,false,,
NEARUSDT,477,13,2,ABOVE,GIU,XUYEN_THAT,1,false,false,,
NEARUSDT,480,10,2,ABOVE,GIU,XUYEN_THAT,3,false,false,,
NEARUSDT,481,1,1,BELOW,GIU,CHAN,1,false,false,,
NEARUSDT,482,4,1,ABOVE,GIU,CHAN,3,false,false,,
NEARUSDT,483,4,2,ABOVE,PHA_GIA,XUYEN_THAT,0,true,true,5,false
NEARUSDT,484,2,2,BELOW,PHA_GIA,CHAN,1,true,true,3,false
NEARUSDT,485,7,2,ABOVE,GIU,CHAN,4,false,false,,
NEARUSDT,487,19,2,ABOVE,XUYEN_THAT,XUYEN_THAT,0,true,false,3,false
NEARUSDT,489,4,2,ABOVE,PHA_GIA,XUYEN_THAT,0,true,true,0,false
NEARUSDT,490,1,1,ABOVE,GIU,CHAN,5,false,false,,
NEARUSDT,491,3,1,BELOW,GIU,CHAN,0,false,false,,
NEARUSDT,492,26,2,BELOW,GIU,XUYEN_THAT,3,false,false,,
NEARUSDT,494,4,1,BELOW,GIU,CHAN,3,false,false,,
NEARUSDT,495,1,1,ABOVE,GIU,CHAN,0,false,false,,
NEARUSDT,496,7,2,ABOVE,PHA_GIA,XUYEN_THAT,1,true,true,0,false
NEARUSDT,497,2,1,BELOW,GIU,CHAN,3,false,false,,
NEARUSDT,498,24,2,BELOW,GIU,XUYEN_THAT,3,false,false,,
NEARUSDT,499,2,1,ABOVE,GIU,CHAN,2,false,false,,
NEARUSDT,500,8,2,BELOW,GIU,CHAN,3,false,false,,
NEARUSDT,503,6,2,BELOW,GIU,XUYEN_THAT,1,false,false,,
NEARUSDT,504,10,2,ABOVE,GIU,XUYEN_THAT,4,false,false,,
NEARUSDT,506,5,1,ABOVE,GIU,CHAN,1,false,false,,
NEARUSDT,507,35,2,BELOW,PHA_GIA,XUYEN_THAT,3,true,true,0,false
NEARUSDT,508,3,1,BELOW,GIU,CHAN,3,false,false,,
NEARUSDT,509,19,2,ABOVE,GIU,XUYEN_THAT,2,false,false,,
NEARUSDT,510,16,2,ABOVE,GIU,XUYEN_THAT,2,false,false,,
NEARUSDT,511,2,1,ABOVE,GIU,CHAN,3,false,false,,
NEARUSDT,512,12,2,ABOVE,XUYEN_THAT,XUYEN_THAT,0,true,false,0,true
NEARUSDT,513,11,2,ABOVE,XUYEN_THAT,XUYEN_THAT,3,true,false,7,false
NEARUSDT,514,22,2,BELOW,GIU,XUYEN_THAT,2,false,false,,
NEARUSDT,515,1,1,BELOW,GIU,CHAN,3,false,false,,
NEARUSDT,517,3,2,BELOW,GIU,XUYEN_THAT,1,false,false,,
NEARUSDT,518,5,1,ABOVE,GIU,CHAN,1,false,false,,
NEARUSDT,519,5,2,BELOW,GIU,XUYEN_THAT,1,false,false,,
NEARUSDT,520,5,2,ABOVE,PHA_GIA,CHAN,3,true,true,3,false
NEARUSDT,521,1,1,ABOVE,PHA_GIA,CHAN,1,true,true,7,false
NEARUSDT,522,6,2,BELOW,PHA_GIA,XUYEN_THAT,2,true,true,0,false
NEARUSDT,523,12,2,BELOW,GIU,CHAN,5,false,false,,
NEARUSDT,524,12,2,ABOVE,GIU,XUYEN_THAT,0,false,false,,
NEARUSDT,525,6,2,ABOVE,GIU,CHAN,2,false,false,,
NEARUSDT,526,1,1,ABOVE,GIU,CHAN,3,false,false,,
NEARUSDT,527,8,2,BELOW,XUYEN_THAT,XUYEN_THAT,1,true,false,8,false
NEARUSDT,528,7,1,ABOVE,GIU,CHAN,3,false,false,,
NEARUSDT,529,6,2,ABOVE,GIU,CHAN,2,false,false,,
NEARUSDT,530,5,2,BELOW,PHA_GIA,XUYEN_THAT,2,true,true,1,false
NEARUSDT,531,6,2,ABOVE,XUYEN_THAT,XUYEN_THAT,1,true,false,4,false
NEARUSDT,532,5,2,ABOVE,GIU,CHAN,0,false,false,,
NEARUSDT,533,1,1,BELOW,XUYEN_THAT,XUYEN_THAT,2,true,false,5,false
NEARUSDT,534,4,2,ABOVE,PHA_GIA,CHAN,0,true,true,0,false
NEARUSDT,535,6,2,BELOW,PHA_GIA,XUYEN_THAT,2,true,true,2,false
NEARUSDT,536,11,2,ABOVE,GIU,XUYEN_THAT,2,false,false,,
NEARUSDT,537,6,1,BELOW,GIU,CHAN,0,false,false,,
NEARUSDT,538,2,1,BELOW,XUYEN_THAT,XUYEN_THAT,2,true,false,3,false
NEARUSDT,539,19,2,BELOW,GIU,XUYEN_THAT,2,false,false,,
NEARUSDT,540,2,1,ABOVE,GIU,CHAN,1,false,false,,
NEARUSDT,541,4,2,BELOW,PHA_GIA,XUYEN_THAT,3,true,true,2,false
NEARUSDT,542,6,2,BELOW,GIU,CHAN,3,false,false,,
NEARUSDT,543,4,2,BELOW,PHA_GIA,XUYEN_THAT,3,true,true,2,false
NEARUSDT,544,18,2,BELOW,PHA_GIA,XUYEN_THAT,0,true,true,1,false
NEARUSDT,545,5,1,ABOVE,GIU,CHAN,2,false,false,,
NEARUSDT,546,1,1,ABOVE,GIU,CHAN,2,false,false,,
NEARUSDT,547,3,2,BELOW,GIU,XUYEN_THAT,3,false,false,,
NEARUSDT,548,11,2,BELOW,GIU,XUYEN_THAT,2,false,false,,
NEARUSDT,549,13,2,ABOVE,XUYEN_THAT,XUYEN_THAT,1,true,false,1,false
NEARUSDT,551,2,2,ABOVE,XUYEN_THAT,XUYEN_THAT,0,true,false,1,false
NEARUSDT,552,12,2,ABOVE,GIU,XUYEN_THAT,3,false,false,,
NEARUSDT,553,6,2,BELOW,GIU,XUYEN_THAT,2,false,false,,
NEARUSDT,554,3,2,ABOVE,XUYEN_THAT,XUYEN_THAT,0,true,false,0,false
NEARUSDT,555,30,2,ABOVE,PHA_GIA,XUYEN_THAT,1,true,true,0,false
NEARUSDT,556,2,1,BELOW,GIU,CHAN,1,false,false,,
NEARUSDT,557,3,2,ABOVE,XUYEN_THAT,XUYEN_THAT,0,true,false,3,false
NEARUSDT,558,24,2,BELOW,PHA_GIA,XUYEN_THAT,0,true,true,1,false
NEARUSDT,559,16,2,ABOVE,XUYEN_THAT,XUYEN_THAT,0,true,false,0,false
NEARUSDT,560,7,2,ABOVE,PHA_GIA,XUYEN_THAT,3,true,true,1,false
NEARUSDT,561,1,1,ABOVE,GIU,CHAN,3,false,false,,
NEARUSDT,562,2,2,BELOW,XUYEN_THAT,XUYEN_THAT,1,true,false,3,false
NEARUSDT,563,10,2,BELOW,GIU,XUYEN_THAT,2,false,false,,
NEARUSDT,565,7,2,BELOW,PHA_GIA,XUYEN_THAT,2,true,true,5,false
NEARUSDT,566,9,2,BELOW,GIU,CHAN,2,false,false,,
NEARUSDT,567,6,2,BELOW,PHA_GIA,CHAN,0,true,true,7,false
NEARUSDT,568,5,1,BELOW,GIU,XUYEN_THAT,2,false,false,,
NEARUSDT,570,24,2,BELOW,PHA_GIA,XUYEN_THAT,2,true,true,8,false
NEARUSDT,571,10,2,BELOW,PHA_GIA,XUYEN_THAT,3,true,true,3,false
NEARUSDT,572,18,2,BELOW,GIU,XUYEN_THAT,0,false,false,,
NEARUSDT,573,2,2,BELOW,PHA_GIA,CHAN,0,true,true,0,false
NEARUSDT,574,11,2,BELOW,PHA_GIA,XUYEN_THAT,1,true,true,5,false
NEARUSDT,575,5,1,ABOVE,GIU,CHAN,3,false,false,,
NEARUSDT,576,9,2,ABOVE,GIU,CHAN,3,false,false,,
NEARUSDT,577,27,2,ABOVE,GIU,XUYEN_THAT,1,false,false,,
NEARUSDT,578,7,2,BELOW,PHA_GIA,XUYEN_THAT,3,true,true,4,false
NEARUSDT,579,5,2,ABOVE,XUYEN_THAT,XUYEN_THAT,4,true,false,5,false
NEARUSDT,580,2,2,BELOW,PHA_GIA,CHAN,2,true,true,2,false
NEARUSDT,581,12,2,BELOW,GIU,XUYEN_THAT,1,false,false,,
NEARUSDT,582,5,1,BELOW,GIU,CHAN,1,false,false,,
NEARUSDT,583,1,1,ABOVE,GIU,CHAN,2,false,false,,
NEARUSDT,584,11,2,BELOW,XUYEN_THAT,XUYEN_THAT,3,true,false,1,false
NEARUSDT,585,13,2,BELOW,GIU,CHAN,3,false,false,,
NEARUSDT,586,13,2,ABOVE,GIU,XUYEN_THAT,3,false,false,,
NEARUSDT,587,14,2,BELOW,XUYEN_THAT,XUYEN_THAT,2,true,false,7,false
NEARUSDT,588,8,2,BELOW,XUYEN_THAT,XUYEN_THAT,0,true,false,3,false
NEARUSDT,589,1,1,BELOW,GIU,CHAN,3,false,false,,
NEARUSDT,590,5,2,BELOW,PHA_GIA,XUYEN_THAT,3,true,true,8,false
NEARUSDT,591,19,2,ABOVE,GIU,XUYEN_THAT,1,false,false,,
NEARUSDT,592,8,2,ABOVE,PHA_GIA,XUYEN_THAT,0,true,true,1,false
NEARUSDT,593,1,1,ABOVE,XUYEN_THAT,XUYEN_THAT,2,true,false,4,false
NEARUSDT,594,10,2,ABOVE,GIU,XUYEN_THAT,1,false,false,,
NEARUSDT,595,10,2,ABOVE,PHA_GIA,XUYEN_THAT,2,true,true,1,false
NEARUSDT,596,3,2,BELOW,GIU,CHAN,4,false,false,,
NEARUSDT,597,7,2,BELOW,PHA_GIA,XUYEN_THAT,1,true,true,1,false
NEARUSDT,598,16,2,BELOW,GIU,CHAN,4,false,false,,
NEARUSDT,599,38,2,BELOW,GIU,XUYEN_THAT,0,false,false,,
NEARUSDT,601,4,2,BELOW,GIU,XUYEN_THAT,2,false,false,,
NEARUSDT,602,7,2,ABOVE,PHA_GIA,XUYEN_THAT,0,true,true,6,false
NEARUSDT,603,6,2,BELOW,XUYEN_THAT,XUYEN_THAT,0,true,false,3,false
NEARUSDT,604,19,2,ABOVE,GIU,XUYEN_THAT,2,false,false,,
NEARUSDT,606,5,2,BELOW,PHA_GIA,XUYEN_THAT,3,true,true,5,false
NEARUSDT,607,34,2,ABOVE,GIU,XUYEN_THAT,1,false,false,,
NEARUSDT,608,7,2,BELOW,GIU,XUYEN_THAT,2,false,false,,
NEARUSDT,609,2,1,ABOVE,GIU,CHAN,3,false,false,,
NEARUSDT,610,34,2,ABOVE,GIU,XUYEN_THAT,1,false,false,,
NEARUSDT,611,3,2,BELOW,PHA_GIA,CHAN,1,true,true,3,false
NEARUSDT,612,17,2,ABOVE,XUYEN_THAT,XUYEN_THAT,1,true,false,0,false
NEARUSDT,613,1,1,BELOW,GIU,CHAN,3,false,false,,
NEARUSDT,615,22,2,ABOVE,GIU,XUYEN_THAT,2,false,false,,
NEARUSDT,617,1,1,ABOVE,GIU,CHAN,1,false,false,,
NEARUSDT,618,15,2,BELOW,XUYEN_THAT,XUYEN_THAT,3,true,false,7,false
NEARUSDT,619,17,2,BELOW,PHA_GIA,XUYEN_THAT,2,true,true,7,false
NEARUSDT,620,12,2,BELOW,PHA_GIA,CHAN,5,true,true,5,false
NEARUSDT,621,5,2,ABOVE,PHA_GIA,CHAN,2,true,true,6,false
NEARUSDT,622,15,2,ABOVE,PHA_GIA,XUYEN_THAT,3,true,true,5,false
NEARUSDT,623,15,2,ABOVE,GIU,XUYEN_THAT,0,false,false,,
NEARUSDT,625,9,2,BELOW,XUYEN_THAT,XUYEN_THAT,1,true,false,1,false
NEARUSDT,626,30,2,BELOW,XUYEN_THAT,XUYEN_THAT,1,true,false,2,false
NEARUSDT,627,37,2,BELOW,XUYEN_THAT,XUYEN_THAT,2,true,false,8,true
NEARUSDT,628,22,2,ABOVE,XUYEN_THAT,XUYEN_THAT,1,true,false,0,false
NEARUSDT,629,10,2,ABOVE,PHA_GIA,XUYEN_THAT,1,true,true,8,false
NEARUSDT,630,7,2,BELOW,GIU,XUYEN_THAT,1,false,false,,
NEARUSDT,631,51,2,BELOW,XUYEN_THAT,XUYEN_THAT,3,true,false,4,false
NEARUSDT,632,29,2,BELOW,GIU,XUYEN_THAT,2,false,false,,
NEARUSDT,633,9,2,BELOW,GIU,XUYEN_THAT,3,false,false,,
NEARUSDT,634,11,2,BELOW,GIU,XUYEN_THAT,2,false,false,,
NEARUSDT,635,39,2,BELOW,GIU,XUYEN_THAT,2,false,false,,
NEARUSDT,636,19,2,BELOW,XUYEN_THAT,XUYEN_THAT,2,true,false,1,true
NEARUSDT,637,18,2,ABOVE,GIU,XUYEN_THAT,1,false,false,,
NEARUSDT,638,1,1,BELOW,GIU,CHAN,3,false,false,,
NEARUSDT,639,6,2,BELOW,GIU,XUYEN_THAT,2,false,false,,
NEARUSDT,640,8,2,ABOVE,GIU,CHAN,4,false,false,,
NEARUSDT,641,13,2,BELOW,GIU,XUYEN_THAT,4,false,false,,
NEARUSDT,643,9,2,BELOW,GIU,CHAN,2,false,false,,
NEARUSDT,644,27,2,ABOVE,XUYEN_THAT,XUYEN_THAT,3,true,false,8,true
NEARUSDT,645,19,2,BELOW,XUYEN_THAT,XUYEN_THAT,2,true,false,5,false
NEARUSDT,646,8,2,BELOW,PHA_GIA,CHAN,1,true,true,7,false
NEARUSDT,649,20,2,BELOW,XUYEN_THAT,XUYEN_THAT,0,true,false,0,false
NEARUSDT,650,12,2,ABOVE,PHA_GIA,XUYEN_THAT,2,true,true,0,false
NEARUSDT,651,36,2,ABOVE,GIU,XUYEN_THAT,2,false,false,,
NEARUSDT,653,13,2,BELOW,PHA_GIA,XUYEN_THAT,3,true,true,8,false
NEARUSDT,654,26,2,BELOW,GIU,XUYEN_THAT,2,false,false,,
NEARUSDT,655,22,2,ABOVE,PHA_GIA,XUYEN_THAT,1,true,true,0,false
NEARUSDT,656,14,2,BELOW,PHA_GIA,XUYEN_THAT,3,true,true,5,false
NEARUSDT,657,2,1,ABOVE,GIU,CHAN,0,false,false,,
NEARUSDT,658,11,2,ABOVE,GIU,XUYEN_THAT,2,false,false,,
NEARUSDT,659,13,2,BELOW,GIU,XUYEN_THAT,2,false,false,,
NEARUSDT,660,18,2,ABOVE,XUYEN_THAT,XUYEN_THAT,1,true,false,2,false
NEARUSDT,661,11,2,BELOW,XUYEN_THAT,XUYEN_THAT,1,true,false,2,false
NEARUSDT,662,3,2,BELOW,PHA_GIA,XUYEN_THAT,1,true,true,1,false
NEARUSDT,665,1,1,ABOVE,XUYEN_THAT,XUYEN_THAT,1,true,false,1,false
NEARUSDT,668,2,1,BELOW,GIU,CHAN,1,false,false,,
NEARUSDT,672,2,1,ABOVE,PHA_GIA,CHAN,1,true,true,0,false
NEARUSDT,673,26,2,BELOW,PHA_GIA,XUYEN_THAT,3,true,true,4,false
NEARUSDT,674,27,2,ABOVE,GIU,XUYEN_THAT,4,false,false,,
NEARUSDT,675,6,2,BELOW,GIU,XUYEN_THAT,2,false,false,,
NEARUSDT,676,3,2,ABOVE,XUYEN_THAT,XUYEN_THAT,1,true,false,2,false
NEARUSDT,677,10,2,ABOVE,XUYEN_THAT,XUYEN_THAT,1,true,false,2,false
NEARUSDT,681,5,1,ABOVE,GIU,CHAN,3,false,false,,
NEARUSDT,682,10,2,BELOW,XUYEN_THAT,XUYEN_THAT,3,true,false,7,false
NEARUSDT,683,12,2,ABOVE,GIU,XUYEN_THAT,3,false,false,,
NEARUSDT,685,3,2,BELOW,PHA_GIA,XUYEN_THAT,2,true,true,1,false
NEARUSDT,686,13,2,BELOW,PHA_GIA,XUYEN_THAT,3,true,true,4,false
NEARUSDT,687,2,2,ABOVE,XUYEN_THAT,XUYEN_THAT,2,true,false,4,false
NEARUSDT,688,2,1,ABOVE,PHA_GIA,CHAN,1,true,true,1,false
NEARUSDT,689,16,2,BELOW,GIU,XUYEN_THAT,2,false,false,,
NEARUSDT,690,2,1,BELOW,GIU,CHAN,1,false,false,,
NEARUSDT,691,1,1,ABOVE,PHA_GIA,CHAN,2,true,true,1,false
NEARUSDT,692,12,2,BELOW,XUYEN_THAT,XUYEN_THAT,3,true,false,2,false
NEARUSDT,693,6,1,BELOW,GIU,XUYEN_THAT,1,false,false,,
NEARUSDT,694,4,2,ABOVE,PHA_GIA,CHAN,3,true,true,3,false
NEARUSDT,695,7,2,BELOW,PHA_GIA,XUYEN_THAT,0,true,true,2,false
NEARUSDT,696,21,2,BELOW,PHA_GIA,CHAN,4,true,true,7,false
NEARUSDT,697,3,1,ABOVE,GIU,CHAN,3,false,false,,
NEARUSDT,698,5,1,ABOVE,GIU,CHAN,3,false,false,,
NEARUSDT,699,1,1,BELOW,XUYEN_THAT,XUYEN_THAT,0,true,false,0,false
NEARUSDT,701,3,2,BELOW,PHA_GIA,CHAN,0,true,true,0,false
NEARUSDT,702,2,2,BELOW,XUYEN_THAT,XUYEN_THAT,4,true,false,2,false
NEARUSDT,704,6,2,ABOVE,GIU,XUYEN_THAT,2,false,false,,
NEARUSDT,705,2,2,ABOVE,XUYEN_THAT,XUYEN_THAT,2,true,false,2,false
NEARUSDT,706,4,2,ABOVE,PHA_GIA,XUYEN_THAT,0,true,true,0,false
NEARUSDT,707,1,1,BELOW,GIU,CHAN,3,false,false,,
NEARUSDT,708,5,2,ABOVE,GIU,CHAN,0,false,false,,
NEARUSDT,709,2,1,BELOW,GIU,CHAN,1,false,false,,
NEARUSDT,710,3,1,BELOW,GIU,CHAN,3,false,false,,
NEARUSDT,711,3,2,ABOVE,XUYEN_THAT,XUYEN_THAT,2,true,false,1,false
NEARUSDT,712,1,1,ABOVE,GIU,CHAN,2,false,false,,
NEARUSDT,713,8,2,ABOVE,GIU,XUYEN_THAT,2,false,false,,
NEARUSDT,715,3,1,ABOVE,GIU,CHAN,2,false,false,,
NEARUSDT,716,24,2,ABOVE,GIU,XUYEN_THAT,3,false,false,,
NEARUSDT,717,21,2,ABOVE,PHA_GIA,XUYEN_THAT,1,true,true,0,false
NEARUSDT,718,15,2,BELOW,PHA_GIA,XUYEN_THAT,1,true,true,4,false
NEARUSDT,719,4,2,ABOVE,XUYEN_THAT,XUYEN_THAT,1,true,false,1,false
NEARUSDT,721,4,2,ABOVE,PHA_GIA,XUYEN_THAT,3,true,true,4,false
NEARUSDT,722,2,2,BELOW,PHA_GIA,CHAN,3,true,true,2,false
NEARUSDT,724,3,2,BELOW,PHA_GIA,CHAN,2,true,true,1,false
NEARUSDT,726,3,2,BELOW,XUYEN_THAT,XUYEN_THAT,1,true,false,1,false
NEARUSDT,727,12,2,BELOW,PHA_GIA,XUYEN_THAT,2,true,true,2,false
NEARUSDT,728,19,2,BELOW,PHA_GIA,XUYEN_THAT,0,true,true,2,false
NEARUSDT,729,32,2,BELOW,PHA_GIA,XUYEN_THAT,2,true,true,1,false
NEARUSDT,730,20,2,ABOVE,GIU,XUYEN_THAT,2,false,false,,
NEARUSDT,731,4,1,BELOW,PHA_GIA,CHAN,1,true,true,0,false
NEARUSDT,732,9,2,BELOW,XUYEN_THAT,XUYEN_THAT,2,true,false,4,false
NEARUSDT,733,13,2,BELOW,GIU,XUYEN_THAT,1,false,false,,
NEARUSDT,734,1,1,ABOVE,GIU,CHAN,2,false,false,,
NEARUSDT,735,1,1,BELOW,GIU,CHAN,2,false,false,,
NEARUSDT,736,2,1,BELOW,GIU,CHAN,2,false,false,,
NEARUSDT,737,3,1,ABOVE,GIU,CHAN,3,false,false,,
NEARUSDT,738,7,2,BELOW,GIU,XUYEN_THAT,3,false,false,,
NEARUSDT,739,7,2,BELOW,PHA_GIA,XUYEN_THAT,4,true,true,2,false
NEARUSDT,740,16,2,ABOVE,XUYEN_THAT,XUYEN_THAT,1,true,false,0,false
NEARUSDT,741,6,2,ABOVE,GIU,XUYEN_THAT,3,false,false,,
NEARUSDT,742,3,1,BELOW,GIU,CHAN,1,false,false,,
NEARUSDT,743,6,2,BELOW,PHA_GIA,XUYEN_THAT,2,true,true,5,false
NEARUSDT,744,7,2,ABOVE,GIU,XUYEN_THAT,0,false,false,,
NEARUSDT,745,1,1,BELOW,GIU,CHAN,1,false,false,,
NEARUSDT,746,2,1,BELOW,GIU,CHAN,3,false,false,,
NEARUSDT,747,13,2,BELOW,PHA_GIA,XUYEN_THAT,1,true,true,8,false
NEARUSDT,748,5,2,BELOW,GIU,XUYEN_THAT,1,false,false,,
NEARUSDT,749,1,1,ABOVE,GIU,CHAN,1,false,false,,
NEARUSDT,750,5,2,ABOVE,GIU,XUYEN_THAT,3,false,false,,
NEARUSDT,751,18,2,BELOW,GIU,XUYEN_THAT,1,false,false,,
NEARUSDT,752,15,2,BELOW,XUYEN_THAT,XUYEN_THAT,3,true,false,5,false
NEARUSDT,753,5,2,ABOVE,GIU,XUYEN_THAT,2,false,false,,
NEARUSDT,754,18,2,ABOVE,XUYEN_THAT,XUYEN_THAT,2,true,false,0,false
NEARUSDT,755,12,2,BELOW,GIU,XUYEN_THAT,2,false,false,,
NEARUSDT,756,2,1,BELOW,XUYEN_THAT,XUYEN_THAT,4,true,false,1,false
NEARUSDT,757,2,2,BELOW,PHA_GIA,CHAN,1,true,true,0,false
NEARUSDT,758,11,2,BELOW,PHA_GIA,XUYEN_THAT,1,true,true,0,false
NEARUSDT,759,6,2,ABOVE,GIU,CHAN,3,false,false,,
NEARUSDT,760,31,2,BELOW,GIU,XUYEN_THAT,3,false,false,,
NEARUSDT,761,17,2,ABOVE,GIU,XUYEN_THAT,1,false,false,,
NEARUSDT,762,7,2,BELOW,GIU,XUYEN_THAT,1,false,false,,
NEARUSDT,763,2,1,ABOVE,GIU,CHAN,3,false,false,,
NEARUSDT,764,1,1,ABOVE,GIU,CHAN,3,false,false,,
NEARUSDT,765,12,2,BELOW,XUYEN_THAT,XUYEN_THAT,1,true,false,4,false
NEARUSDT,766,8,2,ABOVE,PHA_GIA,CHAN,2,true,true,2,false
NEARUSDT,767,14,2,BELOW,PHA_GIA,XUYEN_THAT,3,true,true,1,false
NEARUSDT,768,24,2,BELOW,GIU,XUYEN_THAT,2,false,false,,
NEARUSDT,769,4,2,ABOVE,XUYEN_THAT,XUYEN_THAT,2,true,false,6,false
NEARUSDT,770,6,2,ABOVE,GIU,XUYEN_THAT,1,false,false,,
NEARUSDT,772,32,2,ABOVE,GIU,XUYEN_THAT,2,false,false,,
NEARUSDT,773,6,1,BELOW,GIU,CHAN,3,false,false,,
NEARUSDT,774,5,2,ABOVE,XUYEN_THAT,XUYEN_THAT,3,true,false,2,false
NEARUSDT,775,16,2,BELOW,PHA_GIA,XUYEN_THAT,2,true,true,3,false
NEARUSDT,776,8,2,BELOW,XUYEN_THAT,XUYEN_THAT,2,true,false,6,false
NEARUSDT,777,4,2,BELOW,PHA_GIA,XUYEN_THAT,3,true,true,4,false
NEARUSDT,778,2,1,BELOW,GIU,CHAN,3,false,false,,
NEARUSDT,779,18,2,BELOW,GIU,XUYEN_THAT,3,false,false,,
NEARUSDT,780,20,2,ABOVE,GIU,XUYEN_THAT,1,false,false,,
NEARUSDT,781,32,2,ABOVE,XUYEN_THAT,XUYEN_THAT,3,true,false,3,false
NEARUSDT,782,16,2,BELOW,GIU,XUYEN_THAT,4,false,false,,
NEARUSDT,783,10,2,BELOW,GIU,XUYEN_THAT,1,false,false,,
NEARUSDT,784,18,2,BELOW,GIU,CHAN,2,false,false,,
NEARUSDT,785,1,1,BELOW,GIU,CHAN,2,false,false,,
NEARUSDT,786,20,2,ABOVE,PHA_GIA,XUYEN_THAT,2,true,true,5,false
NEARUSDT,787,1,1,ABOVE,PHA_GIA,CHAN,4,true,true,1,false
NEARUSDT,788,13,2,BELOW,GIU,XUYEN_THAT,1,false,false,,
NEARUSDT,790,12,2,ABOVE,GIU,XUYEN_THAT,1,false,false,,
NEARUSDT,791,1,1,ABOVE,XUYEN_THAT,XUYEN_THAT,2,true,false,0,false
NEARUSDT,792,19,2,BELOW,PHA_GIA,XUYEN_THAT,3,true,true,8,false
NEARUSDT,793,33,2,BELOW,XUYEN_THAT,XUYEN_THAT,0,true,false,0,false
NEARUSDT,794,1,1,BELOW,GIU,CHAN,2,false,false,,
NEARUSDT,795,10,2,ABOVE,XUYEN_THAT,XUYEN_THAT,1,true,false,1,false
NEARUSDT,796,24,2,BELOW,GIU,XUYEN_THAT,1,false,false,,
NEARUSDT,799,3,1,ABOVE,GIU,CHAN,1,false,false,,
NEARUSDT,800,47,2,BELOW,XUYEN_THAT,XUYEN_THAT,1,true,false,2,false
NEARUSDT,801,5,2,BELOW,XUYEN_THAT,XUYEN_THAT,3,true,false,3,false
NEARUSDT,802,7,2,BELOW,XUYEN_THAT,XUYEN_THAT,2,true,false,5,false
NEARUSDT,803,2,1,BELOW,GIU,CHAN,3,false,false,,
NEARUSDT,804,2,1,BELOW,GIU,CHAN,3,false,false,,
NEARUSDT,806,1,1,BELOW,GIU,CHAN,4,false,false,,
NEARUSDT,807,3,1,BELOW,GIU,CHAN,2,false,false,,
NEARUSDT,808,6,2,BELOW,XUYEN_THAT,XUYEN_THAT,3,true,false,2,false
NEARUSDT,809,1,1,BELOW,GIU,CHAN,3,false,false,,
NEARUSDT,810,2,1,ABOVE,GIU,CHAN,2,false,false,,
NEARUSDT,811,12,2,ABOVE,XUYEN_THAT,XUYEN_THAT,4,true,false,3,false
NEARUSDT,812,1,1,ABOVE,PHA_GIA,CHAN,3,true,true,6,false
NEARUSDT,813,4,2,ABOVE,XUYEN_THAT,XUYEN_THAT,2,true,false,3,false
NEARUSDT,814,14,2,ABOVE,PHA_GIA,XUYEN_THAT,1,true,true,0,false
NEARUSDT,815,2,1,BELOW,GIU,CHAN,5,false,false,,
NEARUSDT,818,10,2,ABOVE,XUYEN_THAT,XUYEN_THAT,3,true,false,5,false
NEARUSDT,819,4,1,ABOVE,GIU,CHAN,2,false,false,,
NEARUSDT,820,30,2,ABOVE,GIU,XUYEN_THAT,3,false,false,,
NEARUSDT,821,20,2,ABOVE,PHA_GIA,XUYEN_THAT,2,true,true,1,false
NEARUSDT,823,6,2,ABOVE,PHA_GIA,CHAN,1,true,true,1,false
NEARUSDT,824,4,2,BELOW,PHA_GIA,XUYEN_THAT,3,true,true,0,false
NEARUSDT,825,5,2,ABOVE,PHA_GIA,XUYEN_THAT,3,true,true,1,false
NEARUSDT,826,5,2,BELOW,PHA_GIA,XUYEN_THAT,3,true,true,5,false
NEARUSDT,827,2,2,ABOVE,XUYEN_THAT,XUYEN_THAT,2,true,false,5,false
NEARUSDT,829,4,2,ABOVE,PHA_GIA,XUYEN_THAT,2,true,true,2,false
NEARUSDT,830,6,2,BELOW,PHA_GIA,CHAN,3,true,true,5,false
NEARUSDT,831,12,2,ABOVE,GIU,XUYEN_THAT,2,false,false,,
NEARUSDT,832,5,2,BELOW,PHA_GIA,CHAN,4,true,true,3,false
NEARUSDT,834,5,1,ABOVE,GIU,CHAN,0,false,false,,
NEARUSDT,836,8,2,BELOW,PHA_GIA,XUYEN_THAT,2,true,true,0,false
NEARUSDT,837,1,1,ABOVE,GIU,CHAN,2,false,false,,
NEARUSDT,838,4,2,ABOVE,PHA_GIA,CHAN,0,true,true,5,false
NEARUSDT,839,2,1,BELOW,GIU,CHAN,2,false,false,,
NEARUSDT,840,14,2,BELOW,GIU,CHAN,5,false,false,,
NEARUSDT,841,6,2,ABOVE,XUYEN_THAT,XUYEN_THAT,2,true,false,5,false
NEARUSDT,843,41,2,BELOW,GIU,XUYEN_THAT,4,false,false,,
NEARUSDT,845,9,2,ABOVE,XUYEN_THAT,XUYEN_THAT,4,true,false,4,false
NEARUSDT,846,11,2,BELOW,GIU,XUYEN_THAT,3,false,false,,
NEARUSDT,848,2,2,BELOW,PHA_GIA,CHAN,3,true,true,1,false
NEARUSDT,849,18,2,ABOVE,XUYEN_THAT,XUYEN_THAT,2,true,false,3,false
NEARUSDT,850,13,2,ABOVE,PHA_GIA,XUYEN_THAT,0,true,true,7,false
NEARUSDT,852,1,1,BELOW,GIU,CHAN,3,false,false,,
NEARUSDT,853,7,2,BELOW,PHA_GIA,XUYEN_THAT,2,true,true,3,false
NEARUSDT,854,11,2,ABOVE,PHA_GIA,XUYEN_THAT,3,true,true,8,false
NEARUSDT,855,7,2,ABOVE,PHA_GIA,XUYEN_THAT,4,true,true,2,false
NEARUSDT,857,25,2,BELOW,GIU,XUYEN_THAT,2,false,false,,
NEARUSDT,858,10,2,BELOW,GIU,XUYEN_THAT,5,false,false,,
NEARUSDT,859,6,2,BELOW,XUYEN_THAT,XUYEN_THAT,1,true,false,3,false
NEARUSDT,860,4,1,BELOW,GIU,CHAN,3,false,false,,
NEARUSDT,861,36,2,BELOW,GIU,XUYEN_THAT,3,false,false,,
NEARUSDT,862,7,2,BELOW,GIU,XUYEN_THAT,1,false,false,,
NEARUSDT,863,16,2,ABOVE,GIU,XUYEN_THAT,1,false,false,,
NEARUSDT,864,3,2,BELOW,PHA_GIA,CHAN,2,true,true,6,false
NEARUSDT,865,17,2,ABOVE,XUYEN_THAT,XUYEN_THAT,3,true,false,4,false
NEARUSDT,866,9,2,BELOW,GIU,XUYEN_THAT,2,false,false,,
NEARUSDT,867,3,1,BELOW,XUYEN_THAT,XUYEN_THAT,1,true,false,2,false
NEARUSDT,868,18,2,ABOVE,XUYEN_THAT,XUYEN_THAT,1,true,false,2,true
NEARUSDT,873,6,2,ABOVE,PHA_GIA,XUYEN_THAT,2,true,true,1,false
NEARUSDT,874,1,1,BELOW,GIU,CHAN,4,false,false,,
NEARUSDT,876,14,2,BELOW,GIU,XUYEN_THAT,3,false,false,,
NEARUSDT,877,2,1,BELOW,PHA_GIA,CHAN,2,true,true,3,false
NEARUSDT,879,7,2,ABOVE,GIU,XUYEN_THAT,2,false,false,,
NEARUSDT,880,22,2,ABOVE,XUYEN_THAT,XUYEN_THAT,0,true,false,2,false
NEARUSDT,881,12,2,BELOW,PHA_GIA,XUYEN_THAT,2,true,true,5,false
NEARUSDT,882,24,2,ABOVE,GIU,XUYEN_THAT,1,false,false,,
NEARUSDT,883,6,2,BELOW,XUYEN_THAT,XUYEN_THAT,0,true,false,1,false
NEARUSDT,885,6,1,BELOW,PHA_GIA,XUYEN_THAT,1,true,true,2,false
NEARUSDT,886,13,2,BELOW,XUYEN_THAT,XUYEN_THAT,3,true,false,4,false
NEARUSDT,887,4,2,BELOW,XUYEN_THAT,XUYEN_THAT,3,true,false,4,false
NEARUSDT,888,7,2,ABOVE,PHA_GIA,XUYEN_THAT,2,true,true,1,false
NEARUSDT,890,11,2,BELOW,PHA_GIA,XUYEN_THAT,1,true,true,4,false
NEARUSDT,893,21,2,ABOVE,GIU,XUYEN_THAT,3,false,false,,
NEARUSDT,894,1,1,ABOVE,XUYEN_THAT,XUYEN_THAT,1,true,false,1,false
NEARUSDT,895,17,2,BELOW,GIU,XUYEN_THAT,4,false,false,,
NEARUSDT,896,1,1,BELOW,GIU,CHAN,2,false,false,,
NEARUSDT,898,10,2,BELOW,GIU,XUYEN_THAT,1,false,false,,
NEARUSDT,899,12,2,BELOW,GIU,XUYEN_THAT,4,false,false,,
NEARUSDT,900,15,2,ABOVE,GIU,XUYEN_THAT,1,false,false,,
NEARUSDT,901,18,2,BELOW,XUYEN_THAT,XUYEN_THAT,4,true,false,3,false
NEARUSDT,902,7,2,ABOVE,GIU,CHAN,4,false,false,,
NEARUSDT,904,2,1,BELOW,GIU,CHAN,2,false,false,,
NEARUSDT,906,12,2,BELOW,XUYEN_THAT,XUYEN_THAT,1,true,false,1,false
NEARUSDT,907,7,2,BELOW,GIU,XUYEN_THAT,1,false,false,,
NEARUSDT,908,12,2,BELOW,GIU,XUYEN_THAT,4,false,false,,
NEARUSDT,909,3,1,ABOVE,GIU,XUYEN_THAT,5,false,false,,
NEARUSDT,910,8,2,BELOW,GIU,XUYEN_THAT,1,false,false,,
NEARUSDT,911,2,2,BELOW,PHA_GIA,CHAN,2,true,true,1,false
NEARUSDT,912,4,2,ABOVE,PHA_GIA,CHAN,2,true,true,7,false
NEARUSDT,913,4,2,BELOW,PHA_GIA,CHAN,1,true,true,0,false
NEARUSDT,914,8,2,ABOVE,GIU,XUYEN_THAT,2,false,false,,
NEARUSDT,915,4,1,ABOVE,GIU,CHAN,1,false,false,,
NEARUSDT,916,4,2,ABOVE,XUYEN_THAT,XUYEN_THAT,1,true,false,0,false
NEARUSDT,917,7,2,BELOW,XUYEN_THAT,XUYEN_THAT,1,true,false,1,false
NEARUSDT,918,3,1,BELOW,XUYEN_THAT,XUYEN_THAT,2,true,false,0,false
NEARUSDT,919,15,2,BELOW,PHA_GIA,XUYEN_THAT,2,true,true,2,false
NEARUSDT,920,3,2,ABOVE,PHA_GIA,CHAN,2,true,true,1,false
NEARUSDT,921,5,1,BELOW,GIU,CHAN,0,false,false,,
NEARUSDT,922,8,2,BELOW,PHA_GIA,XUYEN_THAT,3,true,true,0,false
NEARUSDT,923,14,2,BELOW,PHA_GIA,XUYEN_THAT,3,true,true,1,false
NEARUSDT,925,6,2,BELOW,PHA_GIA,XUYEN_THAT,1,true,true,3,false
NEARUSDT,926,2,1,ABOVE,XUYEN_THAT,XUYEN_THAT,0,true,false,0,false
NEARUSDT,927,12,1,BELOW,GIU,XUYEN_THAT,1,false,false,,
NEARUSDT,929,3,2,BELOW,GIU,CHAN,2,false,false,,
NEARUSDT,930,16,2,BELOW,XUYEN_THAT,XUYEN_THAT,2,true,false,6,false
NEARUSDT,931,7,2,ABOVE,PHA_GIA,XUYEN_THAT,2,true,true,6,false
NEARUSDT,932,2,1,BELOW,XUYEN_THAT,XUYEN_THAT,3,true,false,4,false
NEARUSDT,933,9,2,BELOW,GIU,XUYEN_THAT,4,false,false,,
NEARUSDT,934,1,1,ABOVE,GIU,CHAN,1,false,false,,
NEARUSDT,935,15,2,ABOVE,PHA_GIA,XUYEN_THAT,3,true,true,7,false
NEARUSDT,936,4,2,ABOVE,PHA_GIA,XUYEN_THAT,1,true,true,1,false
NEARUSDT,937,5,2,ABOVE,XUYEN_THAT,XUYEN_THAT,1,true,false,3,false
NEARUSDT,938,29,2,ABOVE,XUYEN_THAT,XUYEN_THAT,1,true,false,3,false
NEARUSDT,939,1,1,BELOW,PHA_GIA,CHAN,2,true,true,1,false
NEARUSDT,940,9,2,BELOW,PHA_GIA,XUYEN_THAT,2,true,true,2,false
NEARUSDT,941,11,2,ABOVE,XUYEN_THAT,XUYEN_THAT,1,true,false,1,false
NEARUSDT,942,9,2,ABOVE,GIU,XUYEN_THAT,2,false,false,,
NEARUSDT,944,5,2,BELOW,PHA_GIA,XUYEN_THAT,2,true,true,2,false
NEARUSDT,945,11,2,ABOVE,PHA_GIA,XUYEN_THAT,1,true,true,1,false
NEARUSDT,946,7,2,BELOW,GIU,XUYEN_THAT,2,false,false,,
NEARUSDT,947,6,2,BELOW,GIU,XUYEN_THAT,5,false,false,,
NEARUSDT,948,15,2,ABOVE,PHA_GIA,XUYEN_THAT,1,true,true,2,false
NEARUSDT,949,4,2,ABOVE,GIU,XUYEN_THAT,1,false,false,,
NEARUSDT,950,40,2,BELOW,PHA_GIA,XUYEN_THAT,2,true,true,4,false
NEARUSDT,952,5,2,BELOW,XUYEN_THAT,XUYEN_THAT,1,true,false,7,false
NEARUSDT,953,19,2,BELOW,GIU,XUYEN_THAT,2,false,false,,
NEARUSDT,955,9,2,BELOW,PHA_GIA,XUYEN_THAT,2,true,true,7,false
NEARUSDT,957,10,2,BELOW,PHA_GIA,XUYEN_THAT,0,true,true,2,false
NEARUSDT,958,33,2,ABOVE,GIU,XUYEN_THAT,2,false,false,,
NEARUSDT,959,3,2,BELOW,PHA_GIA,XUYEN_THAT,0,true,true,3,false
NEARUSDT,960,24,2,BELOW,GIU,XUYEN_THAT,1,false,false,,
NEARUSDT,961,4,2,ABOVE,GIU,CHAN,2,false,false,,
NEARUSDT,965,26,2,BELOW,PHA_GIA,XUYEN_THAT,2,true,true,4,false
NEARUSDT,966,3,1,BELOW,GIU,CHAN,2,false,false,,
NEARUSDT,967,3,2,BELOW,GIU,CHAN,2,false,false,,
NEARUSDT,969,16,2,ABOVE,GIU,XUYEN_THAT,3,false,false,,
NEARUSDT,970,8,2,ABOVE,XUYEN_THAT,XUYEN_THAT,0,true,false,1,false
NEARUSDT,971,5,2,BELOW,XUYEN_THAT,XUYEN_THAT,1,true,false,3,false
NEARUSDT,972,11,2,BELOW,GIU,CHAN,4,false,false,,
NEARUSDT,973,21,2,ABOVE,GIU,XUYEN_THAT,1,false,false,,
NEARUSDT,974,7,2,BELOW,GIU,CHAN,3,false,false,,
NEARUSDT,975,21,2,BELOW,PHA_GIA,XUYEN_THAT,2,true,true,2,false
NEARUSDT,976,1,1,ABOVE,GIU,CHAN,1,false,false,,
NEARUSDT,977,13,2,ABOVE,PHA_GIA,XUYEN_THAT,2,true,true,8,true
NEARUSDT,978,3,2,BELOW,PHA_GIA,CHAN,3,true,true,5,false
NEARUSDT,980,4,2,BELOW,GIU,XUYEN_THAT,1,false,false,,
NEARUSDT,982,25,2,BELOW,PHA_GIA,XUYEN_THAT,3,true,true,4,false
NEARUSDT,983,4,1,BELOW,GIU,XUYEN_THAT,2,false,false,,
NEARUSDT,984,10,2,ABOVE,GIU,XUYEN_THAT,3,false,false,,
NEARUSDT,985,2,1,BELOW,XUYEN_THAT,XUYEN_THAT,1,true,false,8,false
NEARUSDT,986,12,2,BELOW,XUYEN_THAT,XUYEN_THAT,2,true,false,2,false
NEARUSDT,987,6,2,BELOW,PHA_GIA,XUYEN_THAT,1,true,true,1,false
NEARUSDT,989,3,1,ABOVE,GIU,CHAN,3,false,false,,
NEARUSDT,990,15,2,ABOVE,PHA_GIA,XUYEN_THAT,1,true,true,1,false
NEARUSDT,991,4,2,BELOW,XUYEN_THAT,XUYEN_THAT,0,true,false,1,false
NEARUSDT,992,17,2,ABOVE,XUYEN_THAT,XUYEN_THAT,1,true,false,5,false
NEARUSDT,995,9,2,BELOW,GIU,XUYEN_THAT,3,false,false,,
NEARUSDT,997,5,2,ABOVE,GIU,XUYEN_THAT,1,false,false,,
NEARUSDT,1000,13,2,BELOW,XUYEN_THAT,XUYEN_THAT,0,true,false,1,false
NEARUSDT,1001,3,1,ABOVE,GIU,CHAN,2,false,false,,
NEARUSDT,1002,16,2,BELOW,XUYEN_THAT,XUYEN_THAT,5,true,false,5,false
NEARUSDT,1003,13,2,ABOVE,GIU,XUYEN_THAT,3,false,false,,
NEARUSDT,1004,3,1,ABOVE,GIU,CHAN,2,false,false,,
NEARUSDT,1005,4,1,BELOW,GIU,CHAN,2,false,false,,
NEARUSDT,1006,17,2,ABOVE,GIU,XUYEN_THAT,5,false,false,,
NEARUSDT,1007,4,2,BELOW,PHA_GIA,CHAN,5,true,true,5,false
NEARUSDT,1008,12,2,BELOW,PHA_GIA,XUYEN_THAT,0,true,true,4,false
NEARUSDT,1009,16,2,BELOW,GIU,XUYEN_THAT,1,false,false,,
NEARUSDT,1010,29,2,BELOW,GIU,XUYEN_THAT,1,false,false,,
NEARUSDT,1011,1,1,ABOVE,PHA_GIA,CHAN,2,true,true,7,false
NEARUSDT,1012,16,2,BELOW,GIU,XUYEN_THAT,3,false,false,,
NEARUSDT,1013,18,2,BELOW,PHA_GIA,XUYEN_THAT,2,true,true,1,false
NEARUSDT,1014,11,2,BELOW,GIU,XUYEN_THAT,3,false,false,,
NEARUSDT,1015,16,2,BELOW,GIU,XUYEN_THAT,3,false,false,,
NEARUSDT,1016,16,2,ABOVE,XUYEN_THAT,XUYEN_THAT,1,true,false,8,false
NEARUSDT,1017,6,1,BELOW,GIU,CHAN,1,false,false,,
NEARUSDT,1018,2,2,ABOVE,XUYEN_THAT,XUYEN_THAT,4,true,false,7,false
NEARUSDT,1019,2,1,BELOW,PHA_GIA,CHAN,5,true,true,7,false
NEARUSDT,1021,14,2,BELOW,PHA_GIA,XUYEN_THAT,4,true,true,8,false
NEARUSDT,1022,4,2,BELOW,XUYEN_THAT,XUYEN_THAT,1,true,false,3,false
NEARUSDT,1023,7,2,BELOW,GIU,CHAN,3,false,false,,
NEARUSDT,1024,6,2,BELOW,GIU,XUYEN_THAT,3,false,false,,
NEARUSDT,1025,6,2,BELOW,PHA_GIA,XUYEN_THAT,3,true,true,5,false
NEARUSDT,1026,1,1,ABOVE,GIU,CHAN,1,false,false,,
NEARUSDT,1027,7,2,ABOVE,PHA_GIA,XUYEN_THAT,3,true,true,3,false
NEARUSDT,1028,7,1,ABOVE,GIU,CHAN,2,false,false,,
NEARUSDT,1029,3,1,ABOVE,GIU,CHAN,3,false,false,,
NEARUSDT,1030,10,2,BELOW,GIU,XUYEN_THAT,3,false,false,,
NEARUSDT,1032,19,2,BELOW,PHA_GIA,XUYEN_THAT,1,true,true,4,false
NEARUSDT,1033,11,2,ABOVE,PHA_GIA,XUYEN_THAT,2,true,true,0,false
NEARUSDT,1034,19,2,BELOW,PHA_GIA,XUYEN_THAT,3,true,true,4,false
NEARUSDT,1035,1,1,ABOVE,GIU,CHAN,3,false,false,,
NEARUSDT,1036,2,1,BELOW,GIU,CHAN,1,false,false,,
NEARUSDT,1037,12,2,BELOW,GIU,XUYEN_THAT,3,false,false,,
NEARUSDT,1038,4,2,BELOW,GIU,XUYEN_THAT,2,false,false,,
NEARUSDT,1039,10,2,BELOW,GIU,XUYEN_THAT,2,false,false,,
NEARUSDT,1040,1,1,ABOVE,GIU,CHAN,5,false,false,,
NEARUSDT,1041,20,2,ABOVE,XUYEN_THAT,XUYEN_THAT,2,true,false,6,false
NEARUSDT,1042,4,2,BELOW,PHA_GIA,XUYEN_THAT,3,true,true,4,false
NEARUSDT,1043,6,2,ABOVE,GIU,XUYEN_THAT,1,false,false,,
NEARUSDT,1044,1,1,ABOVE,XUYEN_THAT,XUYEN_THAT,1,true,false,2,false
NEARUSDT,1045,17,2,BELOW,PHA_GIA,XUYEN_THAT,2,true,true,1,false
NEARUSDT,1046,2,1,BELOW,GIU,CHAN,2,false,false,,
NEARUSDT,1047,7,2,BELOW,PHA_GIA,XUYEN_THAT,1,true,true,1,false
NEARUSDT,1048,8,2,ABOVE,XUYEN_THAT,XUYEN_THAT,0,true,false,0,false
NEARUSDT,1049,7,2,ABOVE,XUYEN_THAT,XUYEN_THAT,2,true,false,5,false
NEARUSDT,1050,6,2,ABOVE,GIU,XUYEN_THAT,1,false,false,,
NEARUSDT,1051,1,1,ABOVE,GIU,CHAN,3,false,false,,
NEARUSDT,1052,17,2,BELOW,XUYEN_THAT,XUYEN_THAT,5,true,false,5,false
NEARUSDT,1054,7,2,BELOW,PHA_GIA,CHAN,1,true,true,3,false
NEARUSDT,1055,3,2,BELOW,XUYEN_THAT,XUYEN_THAT,0,true,false,1,false
NEARUSDT,1056,8,2,BELOW,PHA_GIA,CHAN,2,true,true,1,false
NEARUSDT,1057,4,1,BELOW,GIU,CHAN,3,false,false,,
NEARUSDT,1058,4,2,BELOW,PHA_GIA,CHAN,3,true,true,6,false
NEARUSDT,1059,10,2,ABOVE,PHA_GIA,XUYEN_THAT,2,true,true,7,false
NEARUSDT,1062,19,2,BELOW,GIU,XUYEN_THAT,0,false,false,,
NEARUSDT,1063,11,2,BELOW,XUYEN_THAT,XUYEN_THAT,1,true,false,5,false
NEARUSDT,1065,10,2,ABOVE,XUYEN_THAT,XUYEN_THAT,1,true,false,4,false
NEARUSDT,1066,30,2,BELOW,GIU,XUYEN_THAT,3,false,false,,
NEARUSDT,1067,6,2,BELOW,GIU,CHAN,4,false,false,,
NEARUSDT,1068,4,2,BELOW,GIU,XUYEN_THAT,3,false,false,,
NEARUSDT,1069,1,1,BELOW,GIU,CHAN,3,false,false,,
NEARUSDT,1070,12,2,BELOW,PHA_GIA,XUYEN_THAT,3,true,true,8,false
NEARUSDT,1071,15,1,ABOVE,GIU,XUYEN_THAT,2,false,false,,
NEARUSDT,1072,34,2,BELOW,GIU,XUYEN_THAT,2,false,false,,
NEARUSDT,1074,6,2,ABOVE,XUYEN_THAT,XUYEN_THAT,3,true,false,6,false
NEARUSDT,1075,9,2,ABOVE,GIU,XUYEN_THAT,3,false,false,,
NEARUSDT,1076,14,2,ABOVE,GIU,XUYEN_THAT,4,false,false,,
NEARUSDT,1077,5,1,BELOW,GIU,CHAN,1,false,false,,
NEARUSDT,1078,3,2,ABOVE,XUYEN_THAT,XUYEN_THAT,2,true,false,5,false
NEARUSDT,1079,5,2,ABOVE,XUYEN_THAT,XUYEN_THAT,1,true,false,0,false
APTUSDT,0,8,2,ABOVE,PHA_GIA,XUYEN_THAT,2,true,true,4,false
APTUSDT,1,23,2,BELOW,GIU,XUYEN_THAT,4,false,false,,
APTUSDT,3,13,2,ABOVE,GIU,XUYEN_THAT,2,false,false,,
APTUSDT,4,3,1,BELOW,GIU,CHAN,0,false,false,,
APTUSDT,5,11,2,ABOVE,PHA_GIA,XUYEN_THAT,1,true,true,1,false
APTUSDT,8,2,1,BELOW,PHA_GIA,CHAN,1,true,true,0,false
APTUSDT,9,23,2,ABOVE,XUYEN_THAT,XUYEN_THAT,0,true,false,0,false
APTUSDT,11,8,2,ABOVE,GIU,XUYEN_THAT,2,false,false,,
APTUSDT,13,8,2,ABOVE,GIU,XUYEN_THAT,4,false,false,,
APTUSDT,16,1,1,ABOVE,GIU,CHAN,1,false,false,,
APTUSDT,18,8,2,BELOW,PHA_GIA,XUYEN_THAT,2,true,true,5,false
APTUSDT,20,5,2,BELOW,XUYEN_THAT,XUYEN_THAT,2,true,false,5,false
APTUSDT,21,3,2,ABOVE,PHA_GIA,XUYEN_THAT,3,true,true,7,false
APTUSDT,22,8,2,BELOW,GIU,XUYEN_THAT,4,false,false,,
APTUSDT,23,10,2,ABOVE,PHA_GIA,XUYEN_THAT,1,true,true,2,false
APTUSDT,24,9,2,ABOVE,PHA_GIA,XUYEN_THAT,1,true,true,7,false
APTUSDT,25,1,1,BELOW,GIU,CHAN,3,false,false,,
APTUSDT,26,3,2,BELOW,PHA_GIA,XUYEN_THAT,1,true,true,0,false
APTUSDT,27,9,2,BELOW,GIU,XUYEN_THAT,2,false,false,,
APTUSDT,30,25,2,ABOVE,XUYEN_THAT,XUYEN_THAT,1,true,false,1,false
APTUSDT,31,8,2,ABOVE,XUYEN_THAT,XUYEN_THAT,1,true,false,2,false
APTUSDT,32,3,1,BELOW,GIU,CHAN,1,false,false,,
APTUSDT,33,8,2,ABOVE,GIU,CHAN,3,false,false,,
APTUSDT,35,1,1,BELOW,PHA_GIA,CHAN,1,true,true,1,false
APTUSDT,36,12,2,ABOVE,GIU,XUYEN_THAT,3,false,false,,
APTUSDT,37,2,2,ABOVE,PHA_GIA,XUYEN_THAT,1,true,true,0,false
APTUSDT,38,9,2,BELOW,XUYEN_THAT,XUYEN_THAT,3,true,false,5,false
APTUSDT,41,4,2,ABOVE,PHA_GIA,CHAN,2,true,true,1,false
APTUSDT,44,31,2,ABOVE,PHA_GIA,XUYEN_THAT,3,true,true,7,false
APTUSDT,45,7,2,BELOW,PHA_GIA,XUYEN_THAT,3,true,true,1,false
APTUSDT,46,1,1,BELOW,GIU,CHAN,2,false,false,,
APTUSDT,47,7,2,BELOW,PHA_GIA,XUYEN_THAT,2,true,true,1,false
APTUSDT,49,4,1,ABOVE,GIU,CHAN,0,false,false,,
APTUSDT,50,14,2,ABOVE,PHA_GIA,XUYEN_THAT,1,true,true,2,false
APTUSDT,52,18,2,ABOVE,PHA_GIA,XUYEN_THAT,1,true,true,1,false
APTUSDT,53,1,1,BELOW,PHA_GIA,CHAN,3,true,true,1,false
APTUSDT,54,17,2,BELOW,XUYEN_THAT,XUYEN_THAT,3,true,false,4,false
APTUSDT,55,9,2,ABOVE,PHA_GIA,XUYEN_THAT,0,true,true,7,false
APTUSDT,58,3,1,ABOVE,GIU,CHAN,2,false,false,,
APTUSDT,61,1,1,ABOVE,PHA_GIA,CHAN,3,true,true,1,false
APTUSDT,62,6,2,BELOW,XUYEN_THAT,XUYEN_THAT,3,true,false,4,false
APTUSDT,63,14,2,ABOVE,PHA_GIA,XUYEN_THAT,4,true,true,2,false
APTUSDT,64,19,2,ABOVE,PHA_GIA,XUYEN_THAT,2,true,true,1,false
APTUSDT,66,1,1,ABOVE,GIU,CHAN,2,false,false,,
APTUSDT,68,11,2,ABOVE,PHA_GIA,CHAN,2,true,true,0,false
APTUSDT,69,3,1,BELOW,GIU,CHAN,1,false,false,,
APTUSDT,71,13,2,BELOW,GIU,XUYEN_THAT,3,false,false,,
APTUSDT,72,1,1,BELOW,PHA_GIA,CHAN,2,true,true,1,false
APTUSDT,73,6,2,ABOVE,GIU,XUYEN_THAT,2,false,false,,
APTUSDT,74,8,2,ABOVE,PHA_GIA,XUYEN_THAT,2,true,true,2,false
APTUSDT,75,10,2,BELOW,GIU,XUYEN_THAT,2,false,false,,
APTUSDT,76,2,1,BELOW,GIU,CHAN,0,false,false,,
APTUSDT,77,3,2,BELOW,PHA_GIA,CHAN,3,true,true,2,false
APTUSDT,78,15,2,ABOVE,GIU,XUYEN_THAT,0,false,false,,
APTUSDT,79,11,2,BELOW,PHA_GIA,XUYEN_THAT,0,true,true,1,false
APTUSDT,80,7,2,BELOW,PHA_GIA,XUYEN_THAT,1,true,true,2,false
APTUSDT,82,6,2,BELOW,GIU,XUYEN_THAT,3,false,false,,
APTUSDT,83,1,1,ABOVE,GIU,CHAN,4,false,false,,
APTUSDT,84,4,1,BELOW,GIU,CHAN,1,false,false,,
APTUSDT,86,10,1,BELOW,GIU,CHAN,2,false,false,,
APTUSDT,87,20,2,BELOW,PHA_GIA,XUYEN_THAT,4,true,true,4,false
APTUSDT,88,6,2,BELOW,GIU,CHAN,3,false,false,,
APTUSDT,90,9,2,ABOVE,PHA_GIA,CHAN,0,true,true,6,false
APTUSDT,91,9,2,BELOW,PHA_GIA,XUYEN_THAT,3,true,true,0,false
APTUSDT,92,6,1,ABOVE,GIU,CHAN,2,false,false,,
APTUSDT,93,11,2,BELOW,GIU,XUYEN_THAT,3,false,false,,
APTUSDT,94,11,2,ABOVE,XUYEN_THAT,XUYEN_THAT,0,true,false,3,false
APTUSDT,95,7,2,BELOW,XUYEN_THAT,XUYEN_THAT,0,true,false,3,false
APTUSDT,97,6,2,ABOVE,XUYEN_THAT,XUYEN_THAT,3,true,false,5,false
APTUSDT,98,7,2,BELOW,XUYEN_THAT,XUYEN_THAT,2,true,false,6,false
APTUSDT,101,8,2,ABOVE,PHA_GIA,XUYEN_THAT,3,true,true,2,false
APTUSDT,102,28,2,ABOVE,XUYEN_THAT,XUYEN_THAT,1,true,false,4,false
APTUSDT,103,9,2,ABOVE,GIU,XUYEN_THAT,2,false,false,,
APTUSDT,104,9,2,BELOW,GIU,XUYEN_THAT,0,false,false,,
APTUSDT,105,3,2,BELOW,PHA_GIA,XUYEN_THAT,2,true,true,3,false
APTUSDT,106,9,2,BELOW,GIU,CHAN,1,false,false,,
APTUSDT,107,5,2,BELOW,GIU,XUYEN_THAT,3,false,false,,
APTUSDT,109,15,2,BELOW,XUYEN_THAT,XUYEN_THAT,1,true,false,6,false
APTUSDT,110,17,2,ABOVE,GIU,XUYEN_THAT,3,false,false,,
APTUSDT,112,9,2,BELOW,XUYEN_THAT,XUYEN_THAT,1,true,false,6,false
APTUSDT,113,5,1,BELOW,GIU,CHAN,1,false,false,,
APTUSDT,114,19,2,BELOW,GIU,XUYEN_THAT,3,false,false,,
APTUSDT,115,8,2,ABOVE,XUYEN_THAT,XUYEN_THAT,2,true,false,2,true
APTUSDT,116,3,1,ABOVE,GIU,CHAN,1,false,false,,
APTUSDT,117,12,2,ABOVE,GIU,CHAN,2,false,false,,
APTUSDT,118,33,2,BELOW,GIU,XUYEN_THAT,2,false,false,,
APTUSDT,119,3,2,ABOVE,PHA_GIA,CHAN,1,true,true,1,false
APTUSDT,121,6,1,BELOW,GIU,CHAN,4,false,false,,
APTUSDT,122,19,2,ABOVE,GIU,XUYEN_THAT,1,false,false,,
APTUSDT,123,7,2,BELOW,GIU,XUYEN_THAT,2,false,false,,
APTUSDT,125,3,1,BELOW,PHA_GIA,CHAN,2,true,true,8,false
APTUSDT,126,6,2,BELOW,GIU,XUYEN_THAT,2,false,false,,
APTUSDT,127,10,2,ABOVE,XUYEN_THAT,XUYEN_THAT,1,true,false,3,false
APTUSDT,128,1,1,BELOW,PHA_GIA,CHAN,1,true,true,2,false
APTUSDT,129,6,2,ABOVE,PHA_GIA,XUYEN_THAT,3,true,true,2,false
APTUSDT,130,16,2,ABOVE,GIU,XUYEN_THAT,1,false,false,,
APTUSDT,131,12,2,ABOVE,GIU,XUYEN_THAT,1,false,false,,
APTUSDT,133,5,2,BELOW,PHA_GIA,XUYEN_THAT,1,true,true,2,false
APTUSDT,134,5,2,BELOW,PHA_GIA,CHAN,2,true,true,6,false
APTUSDT,135,5,1,ABOVE,GIU,CHAN,2,false,false,,
APTUSDT,137,1,1,BELOW,GIU,CHAN,2,false,false,,
APTUSDT,138,8,2,BELOW,PHA_GIA,XUYEN_THAT,1,true,true,7,false
APTUSDT,139,13,2,BELOW,PHA_GIA,XUYEN_THAT,0,true,true,1,false
APTUSDT,140,11,2,BELOW,PHA_GIA,XUYEN_THAT,1,true,true,2,false
APTUSDT,141,7,2,ABOVE,XUYEN_THAT,XUYEN_THAT,1,true,false,1,false
APTUSDT,142,8,2,ABOVE,GIU,XUYEN_THAT,3,false,false,,
APTUSDT,143,3,1,ABOVE,GIU,CHAN,4,false,false,,
APTUSDT,144,3,1,ABOVE,GIU,CHAN,2,false,false,,
APTUSDT,145,40,2,BELOW,XUYEN_THAT,XUYEN_THAT,3,true,false,6,false
APTUSDT,146,1,1,BELOW,GIU,CHAN,1,false,false,,
APTUSDT,147,10,1,ABOVE,PHA_GIA,CHAN,1,true,true,0,false
APTUSDT,148,11,2,ABOVE,GIU,XUYEN_THAT,2,false,false,,
APTUSDT,151,8,2,BELOW,PHA_GIA,CHAN,0,true,true,0,false
APTUSDT,154,33,2,BELOW,GIU,XUYEN_THAT,3,false,false,,
APTUSDT,155,1,1,ABOVE,PHA_GIA,CHAN,0,true,true,2,false
APTUSDT,157,6,2,ABOVE,PHA_GIA,CHAN,1,true,true,0,false
APTUSDT,158,8,2,BELOW,XUYEN_THAT,XUYEN_THAT,1,true,false,1,false
APTUSDT,159,10,2,BELOW,GIU,XUYEN_THAT,1,false,false,,
APTUSDT,160,8,1,ABOVE,XUYEN_THAT,XUYEN_THAT,2,true,false,1,false
APTUSDT,161,13,2,BELOW,PHA_GIA,XUYEN_THAT,2,true,true,5,false
APTUSDT,162,12,2,BELOW,GIU,XUYEN_THAT,3,false,false,,
APTUSDT,164,18,2,BELOW,GIU,XUYEN_THAT,1,false,false,,
APTUSDT,167,6,2,BELOW,GIU,XUYEN_THAT,2,false,false,,
APTUSDT,169,5,2,ABOVE,XUYEN_THAT,XUYEN_THAT,2,true,false,7,false
APTUSDT,170,4,2,BELOW,PHA_GIA,XUYEN_THAT,3,true,true,7,false
APTUSDT,173,12,2,ABOVE,GIU,XUYEN_THAT,2,false,false,,
APTUSDT,174,10,2,BELOW,GIU,CHAN,2,false,false,,
APTUSDT,175,7,2,BELOW,PHA_GIA,XUYEN_THAT,3,true,true,4,false
APTUSDT,177,7,2,ABOVE,GIU,XUYEN_THAT,2,false,false,,
APTUSDT,178,1,1,ABOVE,PHA_GIA,CHAN,2,true,true,3,false
APTUSDT,179,6,1,BELOW,GIU,CHAN,1,false,false,,
APTUSDT,180,16,2,BELOW,GIU,XUYEN_THAT,0,false,false,,
APTUSDT,181,17,2,ABOVE,PHA_GIA,XUYEN_THAT,4,true,true,3,false
APTUSDT,182,8,2,ABOVE,GIU,XUYEN_THAT,1,false,false,,
APTUSDT,184,28,2,ABOVE,XUYEN_THAT,XUYEN_THAT,3,true,false,2,false
APTUSDT,185,16,2,ABOVE,PHA_GIA,XUYEN_THAT,3,true,true,1,false
APTUSDT,186,24,2,BELOW,GIU,XUYEN_THAT,1,false,false,,
APTUSDT,187,6,2,BELOW,XUYEN_THAT,XUYEN_THAT,2,true,false,1,false
APTUSDT,188,11,2,BELOW,PHA_GIA,XUYEN_THAT,3,true,true,1,false
APTUSDT,189,9,2,BELOW,GIU,XUYEN_THAT,3,false,false,,
APTUSDT,190,14,1,BELOW,GIU,CHAN,3,false,false,,
APTUSDT,191,3,2,ABOVE,GIU,XUYEN_THAT,2,false,false,,
APTUSDT,192,5,1,BELOW,GIU,CHAN,3,false,false,,
APTUSDT,194,4,1,ABOVE,GIU,CHAN,2,false,false,,
APTUSDT,195,34,2,ABOVE,PHA_GIA,XUYEN_THAT,1,true,true,4,false
APTUSDT,196,7,2,BELOW,XUYEN_THAT,XUYEN_THAT,2,true,false,5,false
APTUSDT,198,2,2,BELOW,PHA_GIA,CHAN,3,true,true,3,false
APTUSDT,199,4,1,ABOVE,PHA_GIA,CHAN,1,true,true,0,false
APTUSDT,200,7,2,BELOW,XUYEN_THAT,XUYEN_THAT,0,true,false,1,false
APTUSDT,203,5,1,BELOW,GIU,CHAN,1,false,false,,
APTUSDT,204,4,1,BELOW,GIU,CHAN,3,false,false,,
APTUSDT,206,4,1,ABOVE,GIU,CHAN,2,false,false,,
APTUSDT,207,13,2,BELOW,GIU,XUYEN_THAT,2,false,false,,
APTUSDT,208,1,1,BELOW,PHA_GIA,CHAN,2,true,true,1,false
APTUSDT,209,2,1,BELOW,GIU,CHAN,2,false,false,,
APTUSDT,210,3,2,BELOW,GIU,XUYEN_THAT,3,false,false,,
APTUSDT,212,8,2,ABOVE,XUYEN_THAT,XUYEN_THAT,1,true,false,2,false
APTUSDT,213,9,2,BELOW,GIU,XUYEN_THAT,3,false,false,,
APTUSDT,214,1,1,ABOVE,PHA_GIA,CHAN,0,true,true,0,false
APTUSDT,215,2,1,ABOVE,PHA_GIA,CHAN,2,true,true,4,false
APTUSDT,217,17,2,ABOVE,GIU,XUYEN_THAT,2,false,false,,
APTUSDT,218,8,1,BELOW,GIU,CHAN,2,false,false,,
APTUSDT,221,10,2,BELOW,XUYEN_THAT,XUYEN_THAT,2,true,false,3,false
APTUSDT,222,20,2,BELOW,PHA_GIA,XUYEN_THAT,2,true,true,2,false
APTUSDT,223,1,1,BELOW,PHA_GIA,CHAN,2,true,true,1,false
APTUSDT,224,10,2,BELOW,XUYEN_THAT,XUYEN_THAT,1,true,false,7,false
APTUSDT,225,3,1,ABOVE,PHA_GIA,CHAN,0,true,true,6,false
APTUSDT,226,2,2,ABOVE,XUYEN_THAT,XUYEN_THAT,2,true,false,5,false
APTUSDT,228,2,1,ABOVE,XUYEN_THAT,XUYEN_THAT,0,true,false,6,false
APTUSDT,229,9,2,ABOVE,XUYEN_THAT,XUYEN_THAT,2,true,false,4,false
APTUSDT,231,2,1,ABOVE,GIU,CHAN,1,false,false,,
APTUSDT,232,5,2,BELOW,XUYEN_THAT,XUYEN_THAT,3,true,false,1,false
APTUSDT,233,4,2,ABOVE,PHA_GIA,XUYEN_THAT,2,true,true,4,false
APTUSDT,234,1,1,ABOVE,GIU,CHAN,1,false,false,,
APTUSDT,235,8,2,ABOVE,PHA_GIA,XUYEN_THAT,1,true,true,7,false
APTUSDT,236,12,2,ABOVE,GIU,CHAN,4,false,false,,
APTUSDT,237,24,2,BELOW,GIU,CHAN,5,false,false,,
APTUSDT,238,14,2,BELOW,GIU,XUYEN_THAT,2,false,false,,
APTUSDT,239,5,1,ABOVE,GIU,CHAN,0,false,false,,
APTUSDT,240,17,2,ABOVE,GIU,XUYEN_THAT,1,false,false,,
APTUSDT,241,1,1,ABOVE,GIU,CHAN,0,false,false,,
APTUSDT,242,1,1,ABOVE,GIU,CHAN,1,false,false,,
APTUSDT,243,3,1,ABOVE,GIU,CHAN,1,false,false,,
APTUSDT,244,15,2,ABOVE,GIU,XUYEN_THAT,0,false,false,,
APTUSDT,245,8,2,ABOVE,PHA_GIA,XUYEN_THAT,1,true,true,6,false
APTUSDT,246,2,1,BELOW,GIU,CHAN,3,false,false,,
APTUSDT,249,11,2,ABOVE,GIU,CHAN,2,false,false,,
APTUSDT,250,1,1,BELOW,PHA_GIA,CHAN,2,true,true,4,false
APTUSDT,251,2,2,ABOVE,PHA_GIA,XUYEN_THAT,2,true,true,3,false
APTUSDT,252,2,1,BELOW,GIU,CHAN,2,false,false,,
APTUSDT,253,9,2,BELOW,GIU,XUYEN_THAT,3,false,false,,
APTUSDT,254,3,1,BELOW,GIU,CHAN,3,false,false,,
APTUSDT,255,11,2,BELOW,GIU,XUYEN_THAT,2,false,false,,
APTUSDT,256,15,2,BELOW,GIU,CHAN,2,false,false,,
APTUSDT,257,4,2,BELOW,GIU,XUYEN_THAT,5,false,false,,
APTUSDT,258,11,2,ABOVE,PHA_GIA,XUYEN_THAT,0,true,true,4,false
APTUSDT,260,8,2,ABOVE,PHA_GIA,XUYEN_THAT,2,true,true,1,false
APTUSDT,261,12,2,BELOW,XUYEN_THAT,XUYEN_THAT,3,true,false,2,false
APTUSDT,262,7,2,ABOVE,XUYEN_THAT,XUYEN_THAT,1,true,false,6,false
APTUSDT,263,6,2,BELOW,PHA_GIA,XUYEN_THAT,1,true,true,5,false
APTUSDT,264,3,1,ABOVE,GIU,CHAN,0,false,false,,
APTUSDT,267,9,2,ABOVE,GIU,XUYEN_THAT,3,false,false,,
APTUSDT,268,4,2,BELOW,GIU,CHAN,5,false,false,,
APTUSDT,269,14,2,BELOW,GIU,XUYEN_THAT,3,false,false,,
APTUSDT,270,2,1,ABOVE,GIU,CHAN,1,false,false,,
APTUSDT,271,10,2,BELOW,XUYEN_THAT,XUYEN_THAT,2,true,false,4,false
APTUSDT,272,15,2,ABOVE,PHA_GIA,XUYEN_THAT,1,true,true,1,false
APTUSDT,273,7,2,BELOW,XUYEN_THAT,XUYEN_THAT,3,true,false,2,false
APTUSDT,274,5,2,BELOW,PHA_GIA,CHAN,3,true,true,2,false
APTUSDT,275,36,2,ABOVE,GIU,XUYEN_THAT,1,false,false,,
APTUSDT,276,9,2,ABOVE,PHA_GIA,XUYEN_THAT,2,true,true,8,false
APTUSDT,277,6,1,BELOW,GIU,XUYEN_THAT,3,false,false,,
APTUSDT,278,12,2,BELOW,PHA_GIA,XUYEN_THAT,2,true,true,3,false
APTUSDT,279,9,2,BELOW,GIU,XUYEN_THAT,2,false,false,,
APTUSDT,280,3,2,BELOW,PHA_GIA,CHAN,0,true,true,0,false
APTUSDT,283,20,2,ABOVE,PHA_GIA,XUYEN_THAT,0,true,true,0,false
APTUSDT,284,20,2,ABOVE,GIU,XUYEN_THAT,3,false,false,,
APTUSDT,286,54,2,BELOW,XUYEN_THAT,XUYEN_THAT,2,true,false,6,false
APTUSDT,287,1,1,BELOW,GIU,CHAN,1,false,false,,
APTUSDT,288,14,2,ABOVE,GIU,XUYEN_THAT,2,false,false,,
APTUSDT,289,1,1,BELOW,GIU,CHAN,3,false,false,,
APTUSDT,290,1,1,ABOVE,GIU,CHAN,1,false,false,,
APTUSDT,291,10,2,BELOW,GIU,XUYEN_THAT,1,false,false,,
APTUSDT,292,5,1,BELOW,GIU,CHAN,2,false,false,,
APTUSDT,294,3,2,BELOW,PHA_GIA,CHAN,4,true,true,5,false
APTUSDT,295,6,1,ABOVE,GIU,CHAN,2,false,false,,
APTUSDT,296,18,2,ABOVE,GIU,XUYEN_THAT,1,false,false,,
APTUSDT,297,9,2,BELOW,PHA_GIA,XUYEN_THAT,2,true,true,1,false
APTUSDT,298,4,2,ABOVE,PHA_GIA,CHAN,1,true,true,0,false
APTUSDT,299,4,2,ABOVE,GIU,CHAN,3,false,false,,
APTUSDT,300,14,2,BELOW,XUYEN_THAT,XUYEN_THAT,3,true,false,2,false
APTUSDT,301,1,1,BELOW,GIU,CHAN,2,false,false,,
APTUSDT,302,11,2,BELOW,PHA_GIA,XUYEN_THAT,2,true,true,2,false
APTUSDT,303,5,2,ABOVE,GIU,XUYEN_THAT,1,false,false,,
APTUSDT,304,13,2,BELOW,PHA_GIA,XUYEN_THAT,2,true,true,2,false
APTUSDT,305,6,2,BELOW,XUYEN_THAT,XUYEN_THAT,2,true,false,3,false
APTUSDT,306,28,2,ABOVE,PHA_GIA,XUYEN_THAT,1,true,true,3,false
APTUSDT,307,11,2,ABOVE,GIU,XUYEN_THAT,1,false,false,,
APTUSDT,308,10,2,BELOW,PHA_GIA,XUYEN_THAT,1,true,true,3,false
APTUSDT,309,6,2,ABOVE,PHA_GIA,XUYEN_THAT,4,true,true,4,false
APTUSDT,310,7,2,BELOW,PHA_GIA,CHAN,2,true,true,6,false
APTUSDT,311,4,2,ABOVE,GIU,CHAN,1,false,false,,
APTUSDT,312,1,1,BELOW,GIU,CHAN,3,false,false,,
APTUSDT,313,18,2,BELOW,GIU,XUYEN_THAT,1,false,false,,
APTUSDT,314,10,2,ABOVE,GIU,XUYEN_THAT,3,false,false,,
APTUSDT,315,1,1,BELOW,GIU,CHAN,2,false,false,,
APTUSDT,317,13,2,ABOVE,XUYEN_THAT,XUYEN_THAT,0,true,false,2,false
APTUSDT,319,19,2,ABOVE,GIU,XUYEN_THAT,1,false,false,,
APTUSDT,321,7,2,BELOW,XUYEN_THAT,XUYEN_THAT,3,true,false,2,false
APTUSDT,323,11,1,BELOW,GIU,CHAN,1,false,false,,
APTUSDT,325,24,2,BELOW,GIU,XUYEN_THAT,3,false,false,,
APTUSDT,326,3,2,ABOVE,XUYEN_THAT,XUYEN_THAT,4,true,false,6,false
APTUSDT,327,2,1,ABOVE,XUYEN_THAT,XUYEN_THAT,0,true,false,0,false
APTUSDT,329,7,2,BELOW,GIU,XUYEN_THAT,2,false,false,,
APTUSDT,331,14,2,BELOW,GIU,XUYEN_THAT,2,false,false,,
APTUSDT,332,10,2,ABOVE,GIU,XUYEN_THAT,3,false,false,,
APTUSDT,333,1,1,ABOVE,XUYEN_THAT,XUYEN_THAT,1,true,false,1,false
APTUSDT,335,1,1,BELOW,XUYEN_THAT,XUYEN_THAT,1,true,false,1,false
APTUSDT,336,11,2,BELOW,PHA_GIA,XUYEN_THAT,3,true,true,7,false
APTUSDT,337,8,2,ABOVE,GIU,XUYEN_THAT,3,false,false,,
APTUSDT,338,3,2,BELOW,PHA_GIA,CHAN,1,true,true,1,false
APTUSDT,339,6,2,BELOW,GIU,CHAN,3,false,false,,
APTUSDT,340,5,2,ABOVE,PHA_GIA,XUYEN_THAT,1,true,true,4,false
APTUSDT,341,6,2,ABOVE,GIU,CHAN,3,false,false,,
APTUSDT,343,1,1,ABOVE,GIU,CHAN,2,false,false,,
APTUSDT,344,8,2,BELOW,GIU,CHAN,5,false,false,,
APTUSDT,345,3,1,ABOVE,GIU,CHAN,5,false,false,,
APTUSDT,348,9,2,BELOW,XUYEN_THAT,XUYEN_THAT,1,true,false,0,false
APTUSDT,349,16,2,BELOW,PHA_GIA,XUYEN_THAT,2,true,true,2,false
APTUSDT,350,15,2,BELOW,GIU,XUYEN_THAT,4,false,false,,
APTUSDT,351,9,2,BELOW,GIU,XUYEN_THAT,1,false,false,,
APTUSDT,352,4,2,BELOW,PHA_GIA,CHAN,4,true,true,2,false
APTUSDT,353,2,2,BELOW,PHA_GIA,XUYEN_THAT,0,true,true,2,false
APTUSDT,354,3,1,ABOVE,GIU,XUYEN_THAT,1,false,false,,
APTUSDT,356,8,2,BELOW,PHA_GIA,XUYEN_THAT,2,true,true,5,false
APTUSDT,357,43,2,ABOVE,GIU,XUYEN_THAT,3,false,false,,
APTUSDT,358,19,2,ABOVE,PHA_GIA,XUYEN_THAT,3,true,true,2,false
APTUSDT,359,4,2,BELOW,GIU,XUYEN_THAT,4,false,false,,
APTUSDT,360,27,2,BELOW,XUYEN_THAT,XUYEN_THAT,1,true,false,3,false
APTUSDT,361,7,2,BELOW,GIU,XUYEN_THAT,3,false,false,,
APTUSDT,362,33,2,ABOVE,XUYEN_THAT,XUYEN_THAT,0,true,false,4,false
APTUSDT,363,4,2,BELOW,GIU,XUYEN_THAT,3,false,false,,
APTUSDT,364,7,1,ABOVE,GIU,CHAN,4,false,false,,
APTUSDT,365,38,2,ABOVE,PHA_GIA,XUYEN_THAT,1,true,true,7,false
APTUSDT,366,13,2,BELOW,PHA_GIA,XUYEN_THAT,2,true,true,7,false
APTUSDT,367,7,2,ABOVE,GIU,CHAN,2,false,false,,
APTUSDT,371,6,2,ABOVE,XUYEN_THAT,XUYEN_THAT,0,true,false,0,false
APTUSDT,373,5,1,BELOW,GIU,CHAN,1,false,false,,
APTUSDT,374,59,2,BELOW,PHA_GIA,XUYEN_THAT,1,true,true,4,false
APTUSDT,375,2,2,ABOVE,XUYEN_THAT,XUYEN_THAT,3,true,false,1,false
APTUSDT,376,1,1,ABOVE,GIU,CHAN,1,false,false,,
APTUSDT,377,18,2,BELOW,PHA_GIA,XUYEN_THAT,2,true,true,1,false
APTUSDT,378,7,2,BELOW,XUYEN_THAT,XUYEN_THAT,2,true,false,0,false
APTUSDT,379,1,1,BELOW,PHA_GIA,CHAN,2,true,true,1,false
APTUSDT,380,3,2,BELOW,XUYEN_THAT,XUYEN_THAT,1,true,false,2,false
APTUSDT,382,2,1,BELOW,GIU,CHAN,1,false,false,,
APTUSDT,383,4,2,ABOVE,PHA_GIA,CHAN,1,true,true,2,false
APTUSDT,384,5,2,BELOW,PHA_GIA,XUYEN_THAT,3,true,true,1,false
APTUSDT,385,12,2,BELOW,GIU,CHAN,3,false,false,,
APTUSDT,388,11,2,ABOVE,PHA_GIA,CHAN,1,true,true,1,false
APTUSDT,389,2,1,ABOVE,PHA_GIA,CHAN,0,true,true,5,false
APTUSDT,390,11,2,BELOW,PHA_GIA,XUYEN_THAT,2,true,true,1,false
APTUSDT,391,3,2,BELOW,PHA_GIA,CHAN,1,true,true,0,false
APTUSDT,392,13,2,ABOVE,PHA_GIA,XUYEN_THAT,2,true,true,7,false
APTUSDT,394,25,2,ABOVE,PHA_GIA,XUYEN_THAT,0,true,true,0,false
APTUSDT,396,6,2,ABOVE,XUYEN_THAT,XUYEN_THAT,0,true,false,2,false
APTUSDT,397,22,2,ABOVE,PHA_GIA,XUYEN_THAT,1,true,true,2,false
APTUSDT,398,13,2,BELOW,GIU,CHAN,3,false,false,,
APTUSDT,400,23,2,BELOW,XUYEN_THAT,XUYEN_THAT,1,true,false,1,false
APTUSDT,401,13,2,BELOW,GIU,CHAN,0,false,false,,
APTUSDT,402,5,2,BELOW,PHA_GIA,XUYEN_THAT,1,true,true,1,false
APTUSDT,404,7,2,BELOW,XUYEN_THAT,XUYEN_THAT,1,true,false,3,false
APTUSDT,407,2,1,ABOVE,PHA_GIA,CHAN,3,true,true,4,false
APTUSDT,408,6,2,ABOVE,XUYEN_THAT,XUYEN_THAT,3,true,false,6,false
APTUSDT,409,4,2,BELOW,PHA_GIA,XUYEN_THAT,5,true,true,5,false
APTUSDT,410,4,2,BELOW,GIU,XUYEN_THAT,3,false,false,,
APTUSDT,411,8,2,ABOVE,XUYEN_THAT,XUYEN_THAT,3,true,false,4,false
APTUSDT,412,1,1,ABOVE,XUYEN_THAT,XUYEN_THAT,3,true,false,2,false
APTUSDT,413,5,2,ABOVE,PHA_GIA,CHAN,3,true,true,5,false
APTUSDT,414,2,2,BELOW,XUYEN_THAT,XUYEN_THAT,2,true,false,0,false
APTUSDT,415,11,2,BELOW,GIU,XUYEN_THAT,1,false,false,,
APTUSDT,416,1,1,BELOW,XUYEN_THAT,XUYEN_THAT,3,true,false,4,false
APTUSDT,419,1,1,BELOW,XUYEN_THAT,XUYEN_THAT,1,true,false,0,false
APTUSDT,421,1,1,ABOVE,GIU,CHAN,2,false,false,,
APTUSDT,422,5,2,ABOVE,PHA_GIA,CHAN,1,true,true,3,false
APTUSDT,423,7,2,ABOVE,XUYEN_THAT,XUYEN_THAT,2,true,false,1,false
APTUSDT,424,8,2,BELOW,PHA_GIA,XUYEN_THAT,3,true,true,4,false
APTUSDT,425,9,2,ABOVE,XUYEN_THAT,XUYEN_THAT,2,true,false,3,false
APTUSDT,426,4,2,BELOW,GIU,XUYEN_THAT,0,false,false,,
APTUSDT,427,18,2,ABOVE,XUYEN_THAT,XUYEN_THAT,1,true,false,3,false
APTUSDT,428,23,2,BELOW,PHA_GIA,XUYEN_THAT,3,true,true,5,false
APTUSDT,429,7,2,BELOW,PHA_GIA,XUYEN_THAT,4,true,true,1,false
APTUSDT,430,1,1,BELOW,GIU,CHAN,1,false,false,,
APTUSDT,431,11,2,ABOVE,GIU,XUYEN_THAT,3,false,false,,
APTUSDT,432,16,2,BELOW,PHA_GIA,XUYEN_THAT,1,true,true,1,false
APTUSDT,433,10,2,ABOVE,GIU,XUYEN_THAT,3,false,false,,
APTUSDT,434,5,2,BELOW,XUYEN_THAT,XUYEN_THAT,3,true,false,2,false
APTUSDT,435,14,2,BELOW,XUYEN_THAT,XUYEN_THAT,3,true,false,4,false
APTUSDT,436,24,2,BELOW,PHA_GIA,XUYEN_THAT,2,true,true,1,false
APTUSDT,437,1,1,BELOW,GIU,CHAN,1,false,false,,
APTUSDT,438,16,2,ABOVE,GIU,XUYEN_THAT,3,false,false,,
APTUSDT,440,12,2,BELOW,GIU,XUYEN_THAT,0,false,false,,
APTUSDT,441,3,1,BELOW,GIU,CHAN,1,false,false,,
APTUSDT,443,9,1,ABOVE,GIU,CHAN,3,false,false,,
APTUSDT,444,41,2,BELOW,GIU,XUYEN_THAT,2,false,false,,
APTUSDT,445,1,1,ABOVE,GIU,CHAN,1,false,false,,
APTUSDT,446,12,2,ABOVE,PHA_GIA,XUYEN_THAT,1,true,true,3,false
APTUSDT,448,24,2,ABOVE,GIU,XUYEN_THAT,3,false,false,,
APTUSDT,449,11,2,BELOW,PHA_GIA,XUYEN_THAT,3,true,true,1,false
APTUSDT,450,16,2,BELOW,GIU,XUYEN_THAT,1,false,false,,
APTUSDT,451,9,2,ABOVE,PHA_GIA,XUYEN_THAT,0,true,true,0,false
APTUSDT,452,26,2,BELOW,PHA_GIA,XUYEN_THAT,3,true,true,3,false
APTUSDT,454,21,2,BELOW,GIU,XUYEN_THAT,2,false,false,,
APTUSDT,456,6,2,ABOVE,GIU,XUYEN_THAT,2,false,false,,
APTUSDT,458,1,1,BELOW,GIU,CHAN,3,false,false,,
APTUSDT,460,12,2,ABOVE,XUYEN_THAT,XUYEN_THAT,4,true,false,2,false
APTUSDT,461,17,2,ABOVE,PHA_GIA,XUYEN_THAT,2,true,true,1,false
APTUSDT,463,1,1,ABOVE,PHA_GIA,CHAN,1,true,true,1,false
APTUSDT,464,3,1,BELOW,GIU,CHAN,2,false,false,,
APTUSDT,465,15,2,BELOW,GIU,XUYEN_THAT,3,false,false,,
APTUSDT,466,16,2,ABOVE,GIU,XUYEN_THAT,2,false,false,,
APTUSDT,467,52,2,ABOVE,XUYEN_THAT,XUYEN_THAT,3,true,false,8,false
APTUSDT,468,3,2,ABOVE,XUYEN_THAT,XUYEN_THAT,4,true,false,1,false
APTUSDT,469,21,2,ABOVE,GIU,XUYEN_THAT,2,false,false,,
APTUSDT,470,9,2,ABOVE,PHA_GIA,CHAN,2,true,true,1,false
APTUSDT,471,55,2,BELOW,XUYEN_THAT,XUYEN_THAT,3,true,false,2,false
APTUSDT,472,16,2,ABOVE,XUYEN_THAT,XUYEN_THAT,0,true,false,6,false
APTUSDT,475,3,2,BELOW,PHA_GIA,CHAN,1,true,true,1,false
APTUSDT,476,10,1,BELOW,GIU,CHAN,2,false,false,,
APTUSDT,478,9,2,BELOW,PHA_GIA,XUYEN_THAT,1,true,true,2,false
APTUSDT,479,17,2,BELOW,GIU,XUYEN_THAT,0,false,false,,
APTUSDT,480,4,1,BELOW,GIU,CHAN,3,false,false,,
APTUSDT,481,1,1,BELOW,XUYEN_THAT,XUYEN_THAT,1,true,false,6,false
APTUSDT,482,13,2,ABOVE,PHA_GIA,XUYEN_THAT,3,true,true,5,false
APTUSDT,483,19,2,ABOVE,PHA_GIA,XUYEN_THAT,0,true,true,0,false
APTUSDT,484,3,1,BELOW,GIU,CHAN,3,false,false,,
APTUSDT,485,15,2,BELOW,GIU,XUYEN_THAT,1,false,false,,
APTUSDT,486,7,2,ABOVE,GIU,XUYEN_THAT,2,false,false,,
APTUSDT,487,8,2,ABOVE,XUYEN_THAT,XUYEN_THAT,1,true,false,8,false
APTUSDT,488,4,1,ABOVE,GIU,CHAN,1,false,false,,
APTUSDT,490,9,2,BELOW,GIU,XUYEN_THAT,1,false,false,,
APTUSDT,492,24,2,BELOW,GIU,XUYEN_THAT,2,false,false,,
APTUSDT,493,5,2,BELOW,GIU,XUYEN_THAT,0,false,false,,
APTUSDT,494,9,1,BELOW,GIU,CHAN,4,false,false,,
APTUSDT,495,8,2,BELOW,GIU,CHAN,3,false,false,,
APTUSDT,496,17,2,ABOVE,GIU,XUYEN_THAT,4,false,false,,
APTUSDT,497,4,2,BELOW,PHA_GIA,XUYEN_THAT,4,true,true,6,false
APTUSDT,498,17,2,BELOW,GIU,XUYEN_THAT,2,false,false,,
APTUSDT,499,7,1,BELOW,GIU,CHAN,3,false,false,,
APTUSDT,500,9,2,ABOVE,GIU,XUYEN_THAT,3,false,false,,
APTUSDT,501,20,2,BELOW,GIU,XUYEN_THAT,1,false,false,,
APTUSDT,502,7,2,ABOVE,PHA_GIA,CHAN,1,true,true,8,false
APTUSDT,503,3,1,BELOW,GIU,CHAN,4,false,false,,
APTUSDT,504,13,2,BELOW,GIU,XUYEN_THAT,3,false,false,,
APTUSDT,505,4,2,BELOW,PHA_GIA,CHAN,1,true,true,3,false
APTUSDT,506,12,2,ABOVE,XUYEN_THAT,XUYEN_THAT,2,true,false,1,false
APTUSDT,507,22,2,BELOW,PHA_GIA,XUYEN_THAT,3,true,true,2,false
APTUSDT,508,4,1,ABOVE,GIU,CHAN,2,false,false,,
APTUSDT,509,3,1,BELOW,PHA_GIA,CHAN,1,true,true,6,false
APTUSDT,510,4,2,BELOW,PHA_GIA,CHAN,1,true,true,0,false
APTUSDT,511,6,2,BELOW,GIU,XUYEN_THAT,1,false,false,,
APTUSDT,512,2,1,BELOW,GIU,CHAN,2,false,false,,
APTUSDT,513,20,2,ABOVE,GIU,CHAN,2,false,false,,
APTUSDT,514,9,2,ABOVE,PHA_GIA,XUYEN_THAT,2,true,true,3,false
APTUSDT,515,1,1,BELOW,PHA_GIA,CHAN,2,true,true,1,false
APTUSDT,516,13,2,BELOW,XUYEN_THAT,XUYEN_THAT,0,true,false,3,false
APTUSDT,517,10,2,ABOVE,GIU,CHAN,2,false,false,,
APTUSDT,518,7,2,ABOVE,XUYEN_THAT,XUYEN_THAT,1,true,false,1,false
APTUSDT,519,12,2,BELOW,XUYEN_THAT,XUYEN_THAT,1,true,false,1,false
APTUSDT,520,8,2,BELOW,GIU,XUYEN_THAT,4,false,false,,
APTUSDT,521,4,2,ABOVE,PHA_GIA,CHAN,2,true,true,1,false
APTUSDT,522,5,2,ABOVE,PHA_GIA,CHAN,1,true,true,1,false
APTUSDT,523,6,1,ABOVE,GIU,CHAN,4,false,false,,
APTUSDT,524,21,2,BELOW,GIU,XUYEN_THAT,3,false,false,,
APTUSDT,525,2,1,ABOVE,GIU,CHAN,4,false,false,,
APTUSDT,527,3,1,BELOW,GIU,CHAN,2,false,false,,
APTUSDT,528,16,2,BELOW,GIU,XUYEN_THAT,1,false,false,,
APTUSDT,529,3,2,BELOW,PHA_GIA,CHAN,3,true,true,1,false
APTUSDT,530,1,1,ABOVE,XUYEN_THAT,XUYEN_THAT,1,true,false,0,false
APTUSDT,531,9,2,ABOVE,GIU,XUYEN_THAT,2,false,false,,
APTUSDT,533,8,2,BELOW,PHA_GIA,XUYEN_THAT,1,true,true,7,false
APTUSDT,534,13,2,ABOVE,GIU,XUYEN_THAT,4,false,false,,
APTUSDT,535,6,2,BELOW,XUYEN_THAT,XUYEN_THAT,1,true,false,2,false
APTUSDT,536,2,1,ABOVE,GIU,CHAN,1,false,false,,
APTUSDT,537,17,2,ABOVE,GIU,XUYEN_THAT,2,false,false,,
APTUSDT,538,4,1,BELOW,GIU,CHAN,2,false,false,,
APTUSDT,539,29,2,ABOVE,GIU,XUYEN_THAT,2,false,false,,
APTUSDT,540,5,1,ABOVE,GIU,CHAN,4,false,false,,
APTUSDT,541,4,2,ABOVE,XUYEN_THAT,XUYEN_THAT,1,true,false,5,false
APTUSDT,542,1,1,ABOVE,GIU,CHAN,2,false,false,,
APTUSDT,543,8,1,ABOVE,GIU,CHAN,2,false,false,,
APTUSDT,544,3,2,BELOW,GIU,CHAN,2,false,false,,
APTUSDT,545,18,2,BELOW,PHA_GIA,XUYEN_THAT,2,true,true,1,false
APTUSDT,546,22,2,BELOW,XUYEN_THAT,XUYEN_THAT,5,true,false,4,false
APTUSDT,547,3,2,BELOW,PHA_GIA,XUYEN_THAT,3,true,true,1,false
APTUSDT,548,2,1,BELOW,GIU,XUYEN_THAT,2,false,false,,
APTUSDT,549,17,2,BELOW,XUYEN_THAT,XUYEN_THAT,2,true,false,3,false
APTUSDT,550,14,2,ABOVE,XUYEN_THAT,XUYEN_THAT,1,true,false,3,false
APTUSDT,551,10,2,BELOW,PHA_GIA,CHAN,3,true,true,6,false
APTUSDT,553,2,2,ABOVE,XUYEN_THAT,XUYEN_THAT,1,true,false,4,false
APTUSDT,554,14,2,ABOVE,GIU,XUYEN_THAT,2,false,false,,
APTUSDT,555,9,2,ABOVE,PHA_GIA,XUYEN_THAT,3,true,true,3,false
APTUSDT,557,5,2,ABOVE,GIU,XUYEN_THAT,2,false,false,,
APTUSDT,558,16,2,ABOVE,GIU,XUYEN_THAT,3,false,false,,
APTUSDT,560,15,2,BELOW,GIU,CHAN,4,false,false,,
APTUSDT,561,22,2,BELOW,GIU,XUYEN_THAT,4,false,false,,
APTUSDT,562,5,1,BELOW,GIU,CHAN,4,false,false,,
APTUSDT,563,4,2,ABOVE,XUYEN_THAT,XUYEN_THAT,1,true,false,7,true
APTUSDT,565,2,2,BELOW,PHA_GIA,CHAN,1,true,true,1,false
APTUSDT,567,16,2,BELOW,GIU,XUYEN_THAT,3,false,false,,
APTUSDT,569,38,2,BELOW,PHA_GIA,XUYEN_THAT,2,true,true,2,false
APTUSDT,570,1,1,ABOVE,GIU,CHAN,1,false,false,,
APTUSDT,571,7,2,ABOVE,GIU,XUYEN_THAT,1,false,false,,
APTUSDT,572,16,2,BELOW,XUYEN_THAT,XUYEN_THAT,1,true,false,4,false
APTUSDT,573,37,2,BELOW,GIU,XUYEN_THAT,2,false,false,,
APTUSDT,574,10,2,BELOW,PHA_GIA,XUYEN_THAT,1,true,true,0,false
APTUSDT,575,12,2,BELOW,GIU,XUYEN_THAT,2,false,false,,
APTUSDT,576,52,2,BELOW,GIU,XUYEN_THAT,3,false,false,,
APTUSDT,577,14,2,ABOVE,GIU,XUYEN_THAT,3,false,false,,
APTUSDT,578,1,1,BELOW,GIU,CHAN,2,false,false,,
APTUSDT,579,6,2,BELOW,PHA_GIA,XUYEN_THAT,3,true,true,6,false
APTUSDT,580,10,2,BELOW,GIU,XUYEN_THAT,2,false,false,,
APTUSDT,581,21,2,ABOVE,GIU,XUYEN_THAT,1,false,false,,
APTUSDT,583,4,2,BELOW,XUYEN_THAT,XUYEN_THAT,2,true,false,5,false
APTUSDT,584,4,1,ABOVE,XUYEN_THAT,XUYEN_THAT,2,true,false,5,false
APTUSDT,585,15,2,ABOVE,PHA_GIA,XUYEN_THAT,1,true,true,2,false
APTUSDT,586,4,2,BELOW,XUYEN_THAT,XUYEN_THAT,1,true,false,6,false
APTUSDT,587,7,2,BELOW,GIU,XUYEN_THAT,1,false,false,,
APTUSDT,588,1,1,BELOW,PHA_GIA,CHAN,1,true,true,2,false
APTUSDT,589,10,1,ABOVE,GIU,XUYEN_THAT,2,false,false,,
APTUSDT,591,2,1,BELOW,PHA_GIA,CHAN,3,true,true,7,false
APTUSDT,592,34,2,BELOW,XUYEN_THAT,XUYEN_THAT,1,true,false,2,false
APTUSDT,593,2,1,ABOVE,PHA_GIA,CHAN,2,true,true,2,false
APTUSDT,594,10,2,BELOW,GIU,CHAN,2,false,false,,
APTUSDT,595,8,2,BELOW,XUYEN_THAT,XUYEN_THAT,1,true,false,1,false
APTUSDT,597,7,2,ABOVE,XUYEN_THAT,XUYEN_THAT,2,true,false,0,false
APTUSDT,598,13,2,BELOW,GIU,XUYEN_THAT,2,false,false,,
APTUSDT,601,11,2,ABOVE,XUYEN_THAT,XUYEN_THAT,1,true,false,1,false
APTUSDT,602,10,2,BELOW,PHA_GIA,XUYEN_THAT,2,true,true,1,false
APTUSDT,603,10,2,BELOW,GIU,XUYEN_THAT,2,false,false,,
APTUSDT,604,8,2,ABOVE,PHA_GIA,XUYEN_THAT,2,true,true,3,false
APTUSDT,605,2,1,ABOVE,XUYEN_THAT,XUYEN_THAT,0,true,false,0,false
APTUSDT,607,6,2,ABOVE,PHA_GIA,XUYEN_THAT,1,true,true,3,false
APTUSDT,608,11,2,ABOVE,PHA_GIA,XUYEN_THAT,0,true,true,1,false
APTUSDT,609,18,2,BELOW,GIU,XUYEN_THAT,2,false,false,,
APTUSDT,610,10,2,BELOW,PHA_GIA,XUYEN_THAT,3,true,true,1,false
APTUSDT,611,3,1,ABOVE,GIU,CHAN,3,false,false,,
APTUSDT,612,4,2,ABOVE,GIU,XUYEN_THAT,2,false,false,,
APTUSDT,613,4,2,BELOW,PHA_GIA,CHAN,0,true,true,0,false
APTUSDT,614,7,1,BELOW,GIU,CHAN,0,false,false,,
APTUSDT,615,6,2,BELOW,PHA_GIA,XUYEN_THAT,1,true,true,0,false
APTUSDT,617,6,2,BELOW,GIU,XUYEN_THAT,1,false,false,,
APTUSDT,618,6,2,BELOW,GIU,XUYEN_THAT,1,false,false,,
APTUSDT,619,12,2,BELOW,GIU,XUYEN_THAT,4,false,false,,
APTUSDT,620,4,2,BELOW,PHA_GIA,XUYEN_THAT,3,true,true,4,false
APTUSDT,621,4,2,BELOW,GIU,CHAN,3,false,false,,
APTUSDT,622,7,1,ABOVE,GIU,CHAN,3,false,false,,
APTUSDT,623,10,2,BELOW,XUYEN_THAT,XUYEN_THAT,1,true,false,1,false
APTUSDT,624,23,2,ABOVE,XUYEN_THAT,XUYEN_THAT,1,true,false,4,false
APTUSDT,625,28,2,BELOW,PHA_GIA,XUYEN_THAT,2,true,true,3,false
APTUSDT,626,16,2,BELOW,GIU,XUYEN_THAT,1,false,false,,
APTUSDT,627,1,1,BELOW,GIU,CHAN,0,false,false,,
APTUSDT,628,5,2,ABOVE,XUYEN_THAT,XUYEN_THAT,1,true,false,1,true
APTUSDT,630,27,2,ABOVE,XUYEN_THAT,XUYEN_THAT,1,true,false,5,true
APTUSDT,631,5,2,BELOW,PHA_GIA,XUYEN_THAT,2,true,true,3,false
APTUSDT,633,7,2,ABOVE,XUYEN_THAT,XUYEN_THAT,0,true,false,1,false
APTUSDT,634,12,2,BELOW,XUYEN_THAT,XUYEN_THAT,1,true,false,2,false
APTUSDT,635,5,2,BELOW,GIU,XUYEN_THAT,0,false,false,,
APTUSDT,636,21,2,BELOW,XUYEN_THAT,XUYEN_THAT,3,true,false,4,false
APTUSDT,637,26,2,BELOW,XUYEN_THAT,XUYEN_THAT,0,true,false,5,false
APTUSDT,638,15,2,ABOVE,PHA_GIA,XUYEN_THAT,1,true,true,1,false
APTUSDT,639,2,1,ABOVE,XUYEN_THAT,XUYEN_THAT,1,true,false,6,false
APTUSDT,640,1,1,ABOVE,GIU,CHAN,3,false,false,,
APTUSDT,642,2,1,BELOW,GIU,CHAN,3,false,false,,
APTUSDT,643,18,2,ABOVE,XUYEN_THAT,XUYEN_THAT,0,true,false,6,false
APTUSDT,644,19,2,BELOW,XUYEN_THAT,XUYEN_THAT,2,true,false,3,false
APTUSDT,645,12,2,BELOW,GIU,XUYEN_THAT,1,false,false,,
APTUSDT,646,1,1,ABOVE,GIU,CHAN,1,false,false,,
APTUSDT,647,10,2,BELOW,XUYEN_THAT,XUYEN_THAT,1,true,false,7,false
APTUSDT,649,9,2,BELOW,XUYEN_THAT,XUYEN_THAT,1,true,false,1,false
APTUSDT,650,1,1,BELOW,GIU,CHAN,1,false,false,,
APTUSDT,651,2,1,BELOW,XUYEN_THAT,XUYEN_THAT,2,true,false,4,false
APTUSDT,652,22,2,ABOVE,GIU,XUYEN_THAT,2,false,false,,
APTUSDT,653,4,1,BELOW,GIU,CHAN,1,false,false,,
APTUSDT,654,20,2,BELOW,PHA_GIA,XUYEN_THAT,1,true,true,4,false
APTUSDT,655,2,2,ABOVE,PHA_GIA,XUYEN_THAT,1,true,true,3,false
APTUSDT,656,10,2,ABOVE,PHA_GIA,CHAN,2,true,true,4,false
APTUSDT,657,18,2,BELOW,GIU,XUYEN_THAT,2,false,false,,
APTUSDT,659,7,2,ABOVE,PHA_GIA,XUYEN_THAT,2,true,true,5,false
APTUSDT,660,1,1,ABOVE,XUYEN_THAT,XUYEN_THAT,2,true,false,2,false
APTUSDT,661,2,1,BELOW,PHA_GIA,CHAN,3,true,true,4,false
APTUSDT,662,16,2,ABOVE,PHA_GIA,XUYEN_THAT,0,true,true,0,false
APTUSDT,665,16,2,BELOW,PHA_GIA,XUYEN_THAT,3,true,true,1,false
APTUSDT,666,2,1,BELOW,GIU,CHAN,2,false,false,,
APTUSDT,667,1,1,BELOW,GIU,CHAN,3,false,false,,
APTUSDT,668,5,2,BELOW,PHA_GIA,XUYEN_THAT,2,true,true,3,false
APTUSDT,669,3,2,ABOVE,XUYEN_THAT,XUYEN_THAT,3,true,false,1,false
APTUSDT,671,1,1,BELOW,GIU,CHAN,3,false,false,,
APTUSDT,672,8,2,ABOVE,XUYEN_THAT,XUYEN_THAT,0,true,false,0,false
APTUSDT,673,11,2,BELOW,GIU,XUYEN_THAT,2,false,false,,
APTUSDT,674,5,2,BELOW,XUYEN_THAT,XUYEN_THAT,1,true,false,1,false
APTUSDT,675,4,1,BELOW,PHA_GIA,CHAN,0,true,true,0,false
APTUSDT,677,18,2,BELOW,PHA_GIA,XUYEN_THAT,2,true,true,3,false
APTUSDT,678,12,2,BELOW,PHA_GIA,XUYEN_THAT,3,true,true,0,false
APTUSDT,679,1,1,BELOW,GIU,CHAN,3,false,false,,
APTUSDT,680,2,2,BELOW,PHA_GIA,CHAN,1,true,true,1,false
APTUSDT,681,6,2,BELOW,GIU,XUYEN_THAT,2,false,false,,
APTUSDT,682,1,1,ABOVE,GIU,CHAN,3,false,false,,
APTUSDT,683,16,2,BELOW,XUYEN_THAT,XUYEN_THAT,1,true,false,0,false
APTUSDT,684,9,2,ABOVE,GIU,XUYEN_THAT,4,false,false,,
APTUSDT,685,4,2,BELOW,PHA_GIA,XUYEN_THAT,2,true,true,7,false
APTUSDT,686,3,2,BELOW,XUYEN_THAT,XUYEN_THAT,1,true,false,1,false
APTUSDT,687,6,2,ABOVE,PHA_GIA,XUYEN_THAT,3,true,true,3,false
APTUSDT,688,5,2,ABOVE,PHA_GIA,XUYEN_THAT,3,true,true,5,false
APTUSDT,689,39,2,BELOW,PHA_GIA,XUYEN_THAT,3,true,true,0,false
APTUSDT,690,14,2,BELOW,GIU,XUYEN_THAT,1,false,false,,
APTUSDT,691,22,2,BELOW,XUYEN_THAT,XUYEN_THAT,2,true,false,3,false
APTUSDT,694,6,2,ABOVE,GIU,XUYEN_THAT,1,false,false,,
APTUSDT,696,1,1,BELOW,GIU,CHAN,2,false,false,,
APTUSDT,698,7,2,ABOVE,XUYEN_THAT,XUYEN_THAT,1,true,false,2,false
APTUSDT,699,29,2,BELOW,PHA_GIA,XUYEN_THAT,1,true,true,2,false
APTUSDT,700,28,2,BELOW,GIU,XUYEN_THAT,3,false,false,,
APTUSDT,701,12,2,BELOW,PHA_GIA,XUYEN_THAT,2,true,true,4,false
APTUSDT,702,9,2,BELOW,PHA_GIA,XUYEN_THAT,0,true,true,6,false
APTUSDT,703,1,1,ABOVE,GIU,CHAN,2,false,false,,
APTUSDT,704,4,2,BELOW,XUYEN_THAT,XUYEN_THAT,0,true,false,5,false
APTUSDT,705,6,2,ABOVE,XUYEN_THAT,XUYEN_THAT,1,true,false,7,false
APTUSDT,708,1,1,BELOW,GIU,CHAN,3,false,false,,
APTUSDT,709,18,2,BELOW,GIU,XUYEN_THAT,3,false,false,,
APTUSDT,710,5,2,ABOVE,PHA_GIA,XUYEN_THAT,0,true,true,0,false
APTUSDT,711,5,2,BELOW,PHA_GIA,CHAN,3,true,true,2,false
APTUSDT,712,1,1,BELOW,XUYEN_THAT,XUYEN_THAT,0,true,false,1,false
APTUSDT,713,37,2,BELOW,GIU,XUYEN_THAT,3,false,false,,
APTUSDT,714,19,2,BELOW,XUYEN_THAT,XUYEN_THAT,1,true,false,3,false
APTUSDT,715,1,1,BELOW,GIU,CHAN,2,false,false,,
APTUSDT,716,1,1,BELOW,GIU,CHAN,3,false,false,,
APTUSDT,717,6,2,BELOW,GIU,CHAN,1,false,false,,
APTUSDT,718,5,2,ABOVE,XUYEN_THAT,XUYEN_THAT,1,true,false,0,false
APTUSDT,719,31,2,BELOW,GIU,XUYEN_THAT,2,false,false,,
APTUSDT,720,4,2,BELOW,GIU,XUYEN_THAT,2,false,false,,
APTUSDT,721,10,2,ABOVE,GIU,XUYEN_THAT,1,false,false,,
APTUSDT,722,2,1,BELOW,PHA_GIA,CHAN,3,true,true,5,false
APTUSDT,723,18,2,ABOVE,PHA_GIA,XUYEN_THAT,3,true,true,7,false
APTUSDT,727,3,1,ABOVE,GIU,XUYEN_THAT,0,false,false,,
APTUSDT,728,19,2,BELOW,XUYEN_THAT,XUYEN_THAT,2,true,false,1,false
APTUSDT,729,6,2,BELOW,XUYEN_THAT,XUYEN_THAT,1,true,false,3,false
APTUSDT,730,2,2,BELOW,PHA_GIA,CHAN,1,true,true,0,false
APTUSDT,731,4,2,ABOVE,PHA_GIA,XUYEN_THAT,4,true,true,3,false
APTUSDT,732,6,2,BELOW,GIU,XUYEN_THAT,3,false,false,,
APTUSDT,733,1,1,ABOVE,XUYEN_THAT,XUYEN_THAT,1,true,false,0,false
APTUSDT,734,44,2,ABOVE,GIU,XUYEN_THAT,1,false,false,,
APTUSDT,735,3,1,BELOW,GIU,CHAN,2,false,false,,
APTUSDT,736,26,2,BELOW,GIU,XUYEN_THAT,2,false,false,,
APTUSDT,737,6,1,BELOW,GIU,CHAN,3,false,false,,
APTUSDT,739,6,2,ABOVE,XUYEN_THAT,XUYEN_THAT,2,true,false,0,false
APTUSDT,740,23,2,BELOW,PHA_GIA,XUYEN_THAT,2,true,true,4,false
APTUSDT,741,13,1,BELOW,GIU,CHAN,3,false,false,,
APTUSDT,742,1,1,BELOW,PHA_GIA,CHAN,0,true,true,0,false
APTUSDT,743,2,1,BELOW,XUYEN_THAT,XUYEN_THAT,1,true,false,5,false
APTUSDT,744,6,1,ABOVE,GIU,CHAN,2,false,false,,
APTUSDT,745,10,2,ABOVE,PHA_GIA,XUYEN_THAT,2,true,true,3,false
APTUSDT,746,4,1,BELOW,GIU,CHAN,2,false,false,,
APTUSDT,747,3,2,ABOVE,PHA_GIA,CHAN,2,true,true,7,false
APTUSDT,748,3,2,BELOW,XUYEN_THAT,XUYEN_THAT,2,true,false,7,false
APTUSDT,749,3,1,BELOW,XUYEN_THAT,XUYEN_THAT,0,true,false,0,false
APTUSDT,750,2,2,BELOW,PHA_GIA,XUYEN_THAT,1,true,true,2,false
APTUSDT,751,5,2,BELOW,PHA_GIA,CHAN,4,true,true,1,false
APTUSDT,752,19,2,ABOVE,GIU,XUYEN_THAT,1,false,false,,
APTUSDT,753,4,2,ABOVE,XUYEN_THAT,XUYEN_THAT,2,true,false,6,false
APTUSDT,754,2,2,ABOVE,XUYEN_THAT,XUYEN_THAT,1,true,false,0,false
APTUSDT,755,3,2,BELOW,PHA_GIA,XUYEN_THAT,5,true,true,8,false
APTUSDT,756,4,2,BELOW,GIU,CHAN,3,false,false,,
APTUSDT,757,3,2,ABOVE,PHA_GIA,XUYEN_THAT,1,true,true,0,false
APTUSDT,758,5,1,ABOVE,GIU,CHAN,1,false,false,,
APTUSDT,759,2,2,ABOVE,XUYEN_THAT,XUYEN_THAT,2,true,false,3,false
APTUSDT,760,4,2,BELOW,PHA_GIA,CHAN,1,true,true,5,false
APTUSDT,761,20,2,BELOW,GIU,XUYEN_THAT,2,false,false,,
APTUSDT,762,2,1,BELOW,XUYEN_THAT,XUYEN_THAT,4,true,false,3,false
APTUSDT,763,5,2,BELOW,PHA_GIA,XUYEN_THAT,1,true,true,0,false
APTUSDT,764,5,2,ABOVE,GIU,XUYEN_THAT,1,false,false,,
APTUSDT,765,8,2,BELOW,GIU,XUYEN_THAT,2,false,false,,
APTUSDT,766,3,2,ABOVE,XUYEN_THAT,XUYEN_THAT,2,true,false,2,false
APTUSDT,767,1,1,BELOW,PHA_GIA,CHAN,1,true,true,1,false
APTUSDT,768,15,2,ABOVE,PHA_GIA,XUYEN_THAT,2,true,true,8,false
APTUSDT,770,1,1,BELOW,PHA_GIA,CHAN,2,true,true,2,false
ARBUSDT,1,1,1,BELOW,GIU,CHAN,1,false,false,,
ARBUSDT,2,2,2,ABOVE,PHA_GIA,CHAN,4,true,true,4,false
ARBUSDT,3,1,1,BELOW,GIU,CHAN,5,false,false,,
ARBUSDT,4,4,2,BELOW,GIU,CHAN,2,false,false,,
ARBUSDT,7,7,2,BELOW,GIU,XUYEN_THAT,0,false,false,,
ARBUSDT,9,16,2,BELOW,PHA_GIA,XUYEN_THAT,1,true,true,1,false
ARBUSDT,10,4,2,BELOW,GIU,CHAN,3,false,false,,
ARBUSDT,13,5,2,BELOW,PHA_GIA,XUYEN_THAT,3,true,true,4,false
ARBUSDT,14,3,2,BELOW,GIU,XUYEN_THAT,2,false,false,,
ARBUSDT,15,11,2,ABOVE,GIU,XUYEN_THAT,1,false,false,,
ARBUSDT,17,2,1,BELOW,GIU,XUYEN_THAT,3,false,false,,
ARBUSDT,18,5,1,BELOW,GIU,CHAN,2,false,false,,
ARBUSDT,19,4,2,BELOW,PHA_GIA,CHAN,2,true,true,5,false
ARBUSDT,20,14,2,BELOW,XUYEN_THAT,XUYEN_THAT,3,true,false,4,false
ARBUSDT,21,2,2,ABOVE,PHA_GIA,CHAN,2,true,true,2,false
ARBUSDT,23,3,1,BELOW,GIU,CHAN,2,false,false,,
ARBUSDT,24,9,2,ABOVE,PHA_GIA,CHAN,0,true,true,2,false
ARBUSDT,26,1,1,ABOVE,GIU,CHAN,1,false,false,,
ARBUSDT,27,8,2,BELOW,PHA_GIA,XUYEN_THAT,3,true,true,4,false
ARBUSDT,28,15,2,BELOW,GIU,XUYEN_THAT,2,false,false,,
ARBUSDT,29,22,2,BELOW,PHA_GIA,XUYEN_THAT,2,true,true,4,false
ARBUSDT,30,10,2,ABOVE,GIU,XUYEN_THAT,1,false,false,,
ARBUSDT,31,5,2,BELOW,PHA_GIA,CHAN,0,true,true,4,false
ARBUSDT,33,9,2,BELOW,XUYEN_THAT,XUYEN_THAT,1,true,false,1,false
ARBUSDT,34,2,2,BELOW,PHA_GIA,CHAN,2,true,true,1,false
ARBUSDT,35,22,2,BELOW,GIU,XUYEN_THAT,3,false,false,,
ARBUSDT,36,24,2,ABOVE,XUYEN_THAT,XUYEN_THAT,2,true,false,1,false
ARBUSDT,37,1,1,ABOVE,GIU,CHAN,2,false,false,,
ARBUSDT,38,20,2,ABOVE,XUYEN_THAT,XUYEN_THAT,3,true,false,1,false
ARBUSDT,39,2,1,BELOW,GIU,CHAN,2,false,false,,
ARBUSDT,40,13,2,BELOW,PHA_GIA,XUYEN_THAT,2,true,true,3,false
ARBUSDT,41,4,1,ABOVE,GIU,CHAN,4,false,false,,
ARBUSDT,42,14,2,BELOW,XUYEN_THAT,XUYEN_THAT,1,true,false,7,false
ARBUSDT,44,11,2,BELOW,GIU,XUYEN_THAT,1,false,false,,
ARBUSDT,45,12,2,BELOW,GIU,XUYEN_THAT,2,false,false,,
ARBUSDT,46,11,2,BELOW,GIU,CHAN,1,false,false,,
ARBUSDT,47,13,2,BELOW,GIU,CHAN,2,false,false,,
ARBUSDT,48,6,1,ABOVE,GIU,CHAN,1,false,false,,
ARBUSDT,49,2,1,BELOW,XUYEN_THAT,XUYEN_THAT,1,true,false,0,false
ARBUSDT,50,5,1,ABOVE,GIU,CHAN,1,false,false,,
ARBUSDT,51,5,1,BELOW,GIU,CHAN,1,false,false,,
ARBUSDT,52,23,2,BELOW,PHA_GIA,XUYEN_THAT,1,true,true,1,false
ARBUSDT,53,14,2,BELOW,PHA_GIA,XUYEN_THAT,3,true,true,4,false
ARBUSDT,54,1,1,BELOW,GIU,CHAN,2,false,false,,
ARBUSDT,55,21,2,BELOW,PHA_GIA,XUYEN_THAT,3,true,true,5,false
ARBUSDT,56,3,1,BELOW,GIU,CHAN,2,false,false,,
ARBUSDT,57,6,2,BELOW,PHA_GIA,XUYEN_THAT,2,true,true,1,false
ARBUSDT,58,1,1,ABOVE,GIU,CHAN,3,false,false,,
ARBUSDT,59,11,2,BELOW,XUYEN_THAT,XUYEN_THAT,3,true,false,7,false
ARBUSDT,60,15,2,BELOW,PHA_GIA,XUYEN_THAT,4,true,true,8,false
ARBUSDT,61,1,1,BELOW,GIU,CHAN,1,false,false,,
ARBUSDT,62,3,2,BELOW,GIU,CHAN,1,false,false,,
ARBUSDT,63,5,1,ABOVE,GIU,CHAN,2,false,false,,
ARBUSDT,64,6,2,ABOVE,XUYEN_THAT,XUYEN_THAT,2,true,false,6,false
ARBUSDT,65,8,2,BELOW,GIU,XUYEN_THAT,3,false,false,,
ARBUSDT,66,4,2,ABOVE,GIU,CHAN,4,false,false,,
ARBUSDT,67,58,2,ABOVE,GIU,XUYEN_THAT,0,false,false,,
ARBUSDT,68,9,2,ABOVE,XUYEN_THAT,XUYEN_THAT,1,true,false,3,false
ARBUSDT,69,17,2,BELOW,GIU,XUYEN_THAT,0,false,false,,
ARBUSDT,71,10,2,BELOW,GIU,XUYEN_THAT,1,false,false,,
ARBUSDT,72,14,2,BELOW,PHA_GIA,XUYEN_THAT,1,true,true,5,false
ARBUSDT,73,1,1,BELOW,GIU,CHAN,2,false,false,,
ARBUSDT,74,2,1,ABOVE,GIU,CHAN,1,false,false,,
ARBUSDT,75,3,1,BELOW,GIU,CHAN,2,false,false,,
ARBUSDT,76,17,2,ABOVE,XUYEN_THAT,XUYEN_THAT,1,true,false,1,false
ARBUSDT,77,10,2,ABOVE,GIU,XUYEN_THAT,1,false,false,,
ARBUSDT,78,2,1,ABOVE,GIU,CHAN,1,false,false,,
ARBUSDT,79,15,2,BELOW,GIU,CHAN,4,false,false,,
ARBUSDT,80,3,1,ABOVE,GIU,CHAN,0,false,false,,
ARBUSDT,81,7,2,ABOVE,PHA_GIA,XUYEN_THAT,1,true,true,4,false
ARBUSDT,82,1,1,BELOW,GIU,CHAN,1,false,false,,
ARBUSDT,83,11,2,ABOVE,XUYEN_THAT,XUYEN_THAT,1,true,false,1,false
ARBUSDT,86,26,2,BELOW,GIU,CHAN,2,false,false,,
ARBUSDT,88,1,1,BELOW,PHA_GIA,CHAN,2,true,true,0,false
ARBUSDT,89,5,2,BELOW,PHA_GIA,XUYEN_THAT,3,true,true,6,false
ARBUSDT,90,3,2,BELOW,PHA_GIA,XUYEN_THAT,4,true,true,8,false
ARBUSDT,91,21,2,ABOVE,GIU,XUYEN_THAT,1,false,false,,
ARBUSDT,92,8,2,BELOW,PHA_GIA,XUYEN_THAT,1,true,true,6,false
ARBUSDT,93,4,2,BELOW,XUYEN_THAT,XUYEN_THAT,3,true,false,4,false
ARBUSDT,95,2,1,BELOW,GIU,CHAN,2,false,false,,
ARBUSDT,96,1,1,BELOW,GIU,CHAN,2,false,false,,
ARBUSDT,97,4,1,ABOVE,GIU,XUYEN_THAT,2,false,false,,
ARBUSDT,99,24,2,BELOW,GIU,XUYEN_THAT,2,false,false,,
ARBUSDT,100,2,2,BELOW,PHA_GIA,CHAN,3,true,true,7,false
ARBUSDT,101,1,1,ABOVE,GIU,CHAN,2,false,false,,
ARBUSDT,102,4,2,ABOVE,GIU,CHAN,2,false,false,,
ARBUSDT,103,2,1,BELOW,GIU,CHAN,1,false,false,,
ARBUSDT,104,2,1,BELOW,PHA_GIA,CHAN,3,true,true,8,false
ARBUSDT,105,3,1,ABOVE,GIU,CHAN,3,false,false,,
ARBUSDT,106,1,1,BELOW,PHA_GIA,CHAN,1,true,true,0,false
ARBUSDT,107,5,2,ABOVE,GIU,XUYEN_THAT,1,false,false,,
ARBUSDT,108,2,1,ABOVE,GIU,CHAN,1,false,false,,
ARBUSDT,109,5,2,BELOW,XUYEN_THAT,XUYEN_THAT,3,true,false,7,false
ARBUSDT,111,7,2,ABOVE,XUYEN_THAT,XUYEN_THAT,1,true,false,3,false
ARBUSDT,112,12,2,ABOVE,XUYEN_THAT,XUYEN_THAT,3,true,false,4,false
ARBUSDT,113,1,1,BELOW,GIU,CHAN,2,false,false,,
ARBUSDT,116,6,2,ABOVE,XUYEN_THAT,XUYEN_THAT,1,true,false,4,false
ARBUSDT,117,16,2,ABOVE,GIU,XUYEN_THAT,2,false,false,,
ARBUSDT,118,10,2,ABOVE,PHA_GIA,CHAN,3,true,true,8,false
ARBUSDT,119,10,1,ABOVE,GIU,CHAN,3,false,false,,
ARBUSDT,122,2,1,BELOW,GIU,CHAN,2,false,false,,
ARBUSDT,123,2,1,ABOVE,GIU,CHAN,3,false,false,,
ARBUSDT,125,2,1,ABOVE,PHA_GIA,CHAN,1,true,true,5,false
ARBUSDT,126,7,2,ABOVE,GIU,XUYEN_THAT,3,false,false,,
ARBUSDT,127,17,2,ABOVE,PHA_GIA,XUYEN_THAT,3,true,true,2,false
ARBUSDT,129,16,2,ABOVE,GIU,XUYEN_THAT,3,false,false,,
ARBUSDT,132,9,2,BELOW,GIU,XUYEN_THAT,1,false,false,,
ARBUSDT,133,4,1,BELOW,GIU,CHAN,3,false,false,,
ARBUSDT,134,10,1,ABOVE,GIU,XUYEN_THAT,2,false,false,,
ARBUSDT,135,3,2,BELOW,PHA_GIA,CHAN,2,true,true,1,false
ARBUSDT,136,12,2,ABOVE,GIU,XUYEN_THAT,1,false,false,,
ARBUSDT,138,5,2,BELOW,GIU,XUYEN_THAT,2,false,false,,
ARBUSDT,139,8,2,ABOVE,XUYEN_THAT,XUYEN_THAT,3,true,false,4,false
ARBUSDT,141,1,1,ABOVE,GIU,CHAN,2,false,false,,
ARBUSDT,142,7,2,BELOW,GIU,XUYEN_THAT,3,false,false,,
ARBUSDT,144,7,2,BELOW,GIU,CHAN,2,false,false,,
ARBUSDT,145,34,2,BELOW,GIU,XUYEN_THAT,2,false,false,,
ARBUSDT,146,5,2,ABOVE,XUYEN_THAT,XUYEN_THAT,3,true,false,3,false
ARBUSDT,147,15,2,ABOVE,GIU,XUYEN_THAT,1,false,false,,
ARBUSDT,149,4,1,BELOW,GIU,CHAN,1,false,false,,
ARBUSDT,150,6,2,ABOVE,GIU,XUYEN_THAT,2,false,false,,
ARBUSDT,151,2,2,BELOW,PHA_GIA,CHAN,1,true,true,1,false
ARBUSDT,153,10,2,ABOVE,PHA_GIA,XUYEN_THAT,3,true,true,8,false
ARBUSDT,155,8,1,ABOVE,GIU,CHAN,1,false,false,,
ARBUSDT,156,4,2,BELOW,GIU,XUYEN_THAT,2,false,false,,
ARBUSDT,157,7,2,ABOVE,XUYEN_THAT,XUYEN_THAT,2,true,false,1,false
ARBUSDT,158,3,1,BELOW,GIU,CHAN,4,false,false,,
ARBUSDT,160,18,2,BELOW,XUYEN_THAT,XUYEN_THAT,3,true,false,7,false
ARBUSDT,161,3,2,BELOW,PHA_GIA,CHAN,2,true,true,1,false
ARBUSDT,162,5,2,BELOW,PHA_GIA,XUYEN_THAT,3,true,true,2,false
ARBUSDT,163,8,2,ABOVE,GIU,XUYEN_THAT,2,false,false,,
ARBUSDT,164,3,1,BELOW,GIU,CHAN,4,false,false,,
ARBUSDT,165,7,2,BELOW,PHA_GIA,XUYEN_THAT,2,true,true,3,false
ARBUSDT,166,13,2,BELOW,PHA_GIA,XUYEN_THAT,2,true,true,2,false
ARBUSDT,167,13,2,ABOVE,GIU,XUYEN_THAT,3,false,false,,
ARBUSDT,169,2,1,ABOVE,GIU,XUYEN_THAT,0,false,false,,
ARBUSDT,170,4,2,BELOW,GIU,CHAN,5,false,false,,
ARBUSDT,171,5,1,ABOVE,GIU,CHAN,0,false,false,,
ARBUSDT,172,11,2,ABOVE,GIU,XUYEN_THAT,3,false,false,,
ARBUSDT,173,1,1,ABOVE,GIU,CHAN,1,false,false,,
ARBUSDT,175,4,2,ABOVE,PHA_GIA,CHAN,0,true,true,1,false
ARBUSDT,176,36,2,ABOVE,GIU,XUYEN_THAT,1,false,false,,
ARBUSDT,177,21,2,ABOVE,XUYEN_THAT,XUYEN_THAT,2,true,false,7,false
ARBUSDT,179,4,2,BELOW,PHA_GIA,XUYEN_THAT,1,true,true,1,false
ARBUSDT,180,7,2,BELOW,XUYEN_THAT,XUYEN_THAT,2,true,false,1,true
ARBUSDT,181,6,2,BELOW,XUYEN_THAT,XUYEN_THAT,1,true,false,0,true
ARBUSDT,182,13,2,ABOVE,XUYEN_THAT,XUYEN_THAT,3,true,false,3,true
ARBUSDT,183,15,2,BELOW,XUYEN_THAT,XUYEN_THAT,0,true,false,1,false
ARBUSDT,184,29,2,BELOW,PHA_GIA,XUYEN_THAT,1,true,true,4,false
ARBUSDT,185,30,2,BELOW,GIU,XUYEN_THAT,3,false,false,,
ARBUSDT,186,4,2,BELOW,XUYEN_THAT,XUYEN_THAT,4,true,false,4,false
ARBUSDT,188,7,2,ABOVE,GIU,XUYEN_THAT,3,false,false,,
ARBUSDT,189,18,2,BELOW,GIU,XUYEN_THAT,5,false,false,,
ARBUSDT,191,14,2,BELOW,XUYEN_THAT,XUYEN_THAT,3,true,false,4,false
ARBUSDT,192,3,2,ABOVE,XUYEN_THAT,XUYEN_THAT,1,true,false,1,false
ARBUSDT,193,3,1,ABOVE,GIU,CHAN,3,false,false,,
ARBUSDT,196,9,2,ABOVE,XUYEN_THAT,XUYEN_THAT,0,true,false,1,false
ARBUSDT,197,9,2,ABOVE,PHA_GIA,XUYEN_THAT,2,true,true,5,false
ARBUSDT,198,24,2,BELOW,PHA_GIA,XUYEN_THAT,3,true,true,7,false
ARBUSDT,199,19,2,BELOW,XUYEN_THAT,XUYEN_THAT,0,true,false,0,false
ARBUSDT,200,8,2,ABOVE,GIU,CHAN,3,false,false,,
ARBUSDT,201,10,2,ABOVE,GIU,XUYEN_THAT,3,false,false,,
ARBUSDT,202,6,2,ABOVE,PHA_GIA,XUYEN_THAT,2,true,true,2,false
ARBUSDT,203,14,2,ABOVE,PHA_GIA,XUYEN_THAT,0,true,true,1,false
ARBUSDT,204,12,2,BELOW,GIU,XUYEN_THAT,3,false,false,,
ARBUSDT,205,6,2,ABOVE,XUYEN_THAT,XUYEN_THAT,2,true,false,8,false
ARBUSDT,206,5,2,ABOVE,XUYEN_THAT,XUYEN_THAT,1,true,false,1,true
ARBUSDT,207,8,2,ABOVE,GIU,XUYEN_THAT,3,false,false,,
ARBUSDT,208,9,2,BELOW,XUYEN_THAT,XUYEN_THAT,0,true,false,0,false
ARBUSDT,209,50,2,ABOVE,PHA_GIA,XUYEN_THAT,0,true,true,2,false
ARBUSDT,210,1,1,ABOVE,GIU,CHAN,2,false,false,,
ARBUSDT,211,19,2,ABOVE,GIU,XUYEN_THAT,3,false,false,,
ARBUSDT,213,2,1,ABOVE,GIU,XUYEN_THAT,0,false,false,,
ARBUSDT,214,18,2,BELOW,GIU,CHAN,2,false,false,,
ARBUSDT,215,7,2,ABOVE,XUYEN_THAT,XUYEN_THAT,1,true,false,3,false
ARBUSDT,216,6,2,ABOVE,XUYEN_THAT,XUYEN_THAT,1,true,false,2,false
ARBUSDT,217,2,2,ABOVE,XUYEN_THAT,XUYEN_THAT,2,true,false,2,false
ARBUSDT,218,10,2,ABOVE,PHA_GIA,XUYEN_THAT,1,true,true,6,false
ARBUSDT,219,13,2,BELOW,GIU,XUYEN_THAT,2,false,false,,
ARBUSDT,220,29,2,BELOW,XUYEN_THAT,XUYEN_THAT,0,true,false,0,false
ARBUSDT,221,3,2,ABOVE,PHA_GIA,CHAN,3,true,true,4,false
ARBUSDT,222,30,2,ABOVE,GIU,XUYEN_THAT,2,false,false,,
ARBUSDT,224,45,2,BELOW,PHA_GIA,XUYEN_THAT,3,true,true,3,false
ARBUSDT,225,3,2,ABOVE,PHA_GIA,CHAN,1,true,true,2,false
ARBUSDT,226,12,2,BELOW,GIU,XUYEN_THAT,4,false,false,,
ARBUSDT,227,1,1,BELOW,GIU,CHAN,3,false,false,,
ARBUSDT,230,3,2,BELOW,PHA_GIA,CHAN,3,true,true,6,false
ARBUSDT,231,8,2,ABOVE,GIU,XUYEN_THAT,2,false,false,,
ARBUSDT,232,61,2,BELOW,GIU,XUYEN_THAT,3,false,false,,
ARBUSDT,235,19,2,ABOVE,GIU,XUYEN_THAT,3,false,false,,
ARBUSDT,236,15,2,BELOW,GIU,XUYEN_THAT,1,false,false,,
ARBUSDT,237,9,2,ABOVE,XUYEN_THAT,XUYEN_THAT,1,true,false,6,false
ARBUSDT,242,1,1,ABOVE,GIU,CHAN,2,false,false,,
ARBUSDT,243,30,2,ABOVE,PHA_GIA,XUYEN_THAT,1,true,true,1,false
ARBUSDT,244,2,1,BELOW,GIU,CHAN,2,false,false,,
ARBUSDT,245,1,1,ABOVE,GIU,CHAN,1,false,false,,
ARBUSDT,246,7,2,ABOVE,GIU,XUYEN_THAT,2,false,false,,
ARBUSDT,247,8,2,BELOW,PHA_GIA,CHAN,1,true,true,3,false
ARBUSDT,248,49,2,BELOW,GIU,XUYEN_THAT,2,false,false,,
ARBUSDT,249,1,1,BELOW,GIU,CHAN,1,false,false,,
ARBUSDT,250,3,1,BELOW,GIU,CHAN,1,false,false,,
ARBUSDT,251,4,1,BELOW,GIU,CHAN,2,false,false,,
ARBUSDT,253,9,2,BELOW,GIU,CHAN,2,false,false,,
ARBUSDT,256,5,2,ABOVE,XUYEN_THAT,XUYEN_THAT,1,true,false,1,false
ARBUSDT,257,15,2,ABOVE,XUYEN_THAT,XUYEN_THAT,2,true,false,3,false
ARBUSDT,258,3,1,ABOVE,PHA_GIA,CHAN,1,true,true,6,false
ARBUSDT,259,2,1,BELOW,GIU,CHAN,2,false,false,,
ARBUSDT,260,3,1,BELOW,GIU,CHAN,2,false,false,,
ARBUSDT,261,3,1,BELOW,GIU,CHAN,2,false,false,,
ARBUSDT,262,5,2,BELOW,PHA_GIA,CHAN,3,true,true,8,false
ARBUSDT,263,3,1,ABOVE,PHA_GIA,CHAN,1,true,true,6,false
ARBUSDT,265,4,2,ABOVE,PHA_GIA,CHAN,1,true,true,8,false
ARBUSDT,267,11,2,ABOVE,GIU,XUYEN_THAT,0,false,false,,
ARBUSDT,268,4,2,BELOW,PHA_GIA,CHAN,2,true,true,0,false
ARBUSDT,269,24,2,BELOW,XUYEN_THAT,XUYEN_THAT,1,true,false,0,false
ARBUSDT,270,7,2,BELOW,PHA_GIA,XUYEN_THAT,3,true,true,8,false
ARBUSDT,271,8,2,ABOVE,GIU,XUYEN_THAT,3,false,false,,
ARBUSDT,272,19,2,ABOVE,PHA_GIA,XUYEN_THAT,2,true,true,4,false
ARBUSDT,273,7,2,ABOVE,PHA_GIA,XUYEN_THAT,1,true,true,2,false
ARBUSDT,274,10,2,BELOW,XUYEN_THAT,XUYEN_THAT,2,true,false,3,false
ARBUSDT,275,19,2,BELOW,XUYEN_THAT,XUYEN_THAT,0,true,false,0,false
ARBUSDT,277,3,1,BELOW,GIU,CHAN,1,false,false,,
ARBUSDT,279,15,2,BELOW,GIU,XUYEN_THAT,2,false,false,,
ARBUSDT,280,7,2,BELOW,GIU,XUYEN_THAT,2,false,false,,
ARBUSDT,281,1,1,BELOW,XUYEN_THAT,XUYEN_THAT,3,true,false,3,false
ARBUSDT,282,11,2,ABOVE,PHA_GIA,XUYEN_THAT,0,true,true,0,false
ARBUSDT,283,1,1,ABOVE,GIU,CHAN,1,false,false,,
ARBUSDT,286,10,2,ABOVE,GIU,XUYEN_THAT,2,false,false,,
ARBUSDT,287,2,1,ABOVE,PHA_GIA,CHAN,1,true,true,8,false
ARBUSDT,288,7,2,BELOW,XUYEN_THAT,XUYEN_THAT,3,true,false,5,false
ARBUSDT,289,1,1,BELOW,GIU,CHAN,5,false,false,,
ARBUSDT,290,5,1,ABOVE,GIU,XUYEN_THAT,2,false,false,,
ARBUSDT,291,3,2,BELOW,PHA_GIA,CHAN,0,true,true,0,false
ARBUSDT,292,8,2,ABOVE,GIU,XUYEN_THAT,2,false,false,,
ARBUSDT,293,8,2,BELOW,PHA_GIA,XUYEN_THAT,2,true,true,8,false
ARBUSDT,294,2,1,BELOW,GIU,CHAN,2,false,false,,
ARBUSDT,295,2,2,ABOVE,PHA_GIA,CHAN,0,true,true,0,false
ARBUSDT,296,19,2,BELOW,GIU,XUYEN_THAT,1,false,false,,
ARBUSDT,297,10,2,BELOW,GIU,XUYEN_THAT,5,false,false,,
ARBUSDT,299,8,2,ABOVE,PHA_GIA,CHAN,1,true,true,5,false
ARBUSDT,302,4,2,ABOVE,PHA_GIA,XUYEN_THAT,3,true,true,1,false
ARBUSDT,303,16,2,BELOW,GIU,XUYEN_THAT,3,false,false,,
ARBUSDT,304,6,2,BELOW,GIU,XUYEN_THAT,2,false,false,,
ARBUSDT,305,16,2,BELOW,XUYEN_THAT,XUYEN_THAT,1,true,false,1,false
ARBUSDT,306,2,1,ABOVE,GIU,CHAN,3,false,false,,
ARBUSDT,307,6,2,ABOVE,PHA_GIA,XUYEN_THAT,0,true,true,1,false
ARBUSDT,308,8,2,BELOW,GIU,XUYEN_THAT,1,false,false,,
ARBUSDT,309,5,1,BELOW,GIU,CHAN,5,false,false,,
ARBUSDT,310,7,2,BELOW,GIU,CHAN,1,false,false,,
ARBUSDT,311,12,2,ABOVE,GIU,XUYEN_THAT,1,false,false,,
ARBUSDT,312,4,2,BELOW,GIU,XUYEN_THAT,3,false,false,,
ARBUSDT,314,4,2,BELOW,PHA_GIA,XUYEN_THAT,0,true,true,4,false
ARBUSDT,315,3,2,BELOW,XUYEN_THAT,XUYEN_THAT,0,true,false,0,false
ARBUSDT,316,8,2,BELOW,GIU,XUYEN_THAT,1,false,false,,
ARBUSDT,317,4,2,BELOW,PHA_GIA,XUYEN_THAT,1,true,true,1,false
ARBUSDT,318,7,2,BELOW,PHA_GIA,CHAN,2,true,true,7,false
ARBUSDT,320,9,2,ABOVE,GIU,XUYEN_THAT,1,false,false,,
ARBUSDT,321,13,2,BELOW,PHA_GIA,XUYEN_THAT,3,true,true,2,false
ARBUSDT,323,1,1,ABOVE,GIU,CHAN,3,false,false,,
ARBUSDT,325,5,2,BELOW,XUYEN_THAT,XUYEN_THAT,0,true,false,0,false
ARBUSDT,326,5,2,ABOVE,GIU,CHAN,4,false,false,,
ARBUSDT,327,3,2,BELOW,PHA_GIA,XUYEN_THAT,2,true,true,6,false
ARBUSDT,328,6,2,BELOW,PHA_GIA,CHAN,2,true,true,6,false
ARBUSDT,329,3,1,BELOW,GIU,CHAN,3,false,false,,
ARBUSDT,330,20,2,BELOW,GIU,XUYEN_THAT,2,false,false,,
ARBUSDT,331,3,2,BELOW,GIU,XUYEN_THAT,2,false,false,,
ARBUSDT,332,5,2,BELOW,XUYEN_THAT,XUYEN_THAT,1,true,false,0,false
ARBUSDT,333,1,1,ABOVE,PHA_GIA,CHAN,2,true,true,0,false
ARBUSDT,334,2,1,BELOW,GIU,CHAN,2,false,false,,
ARBUSDT,335,5,2,BELOW,XUYEN_THAT,XUYEN_THAT,3,true,false,6,true
ARBUSDT,336,28,2,BELOW,GIU,XUYEN_THAT,4,false,false,,
ARBUSDT,337,5,2,BELOW,PHA_GIA,CHAN,2,true,true,6,false
ARBUSDT,338,8,2,BELOW,GIU,XUYEN_THAT,2,false,false,,
ARBUSDT,339,12,2,ABOVE,PHA_GIA,XUYEN_THAT,2,true,true,1,false
ARBUSDT,340,37,2,BELOW,GIU,XUYEN_THAT,2,false,false,,
ARBUSDT,341,12,2,ABOVE,GIU,XUYEN_THAT,2,false,false,,
ARBUSDT,344,3,2,BELOW,GIU,XUYEN_THAT,2,false,false,,
ARBUSDT,345,15,2,ABOVE,PHA_GIA,XUYEN_THAT,1,true,true,4,false
ARBUSDT,347,9,2,ABOVE,GIU,XUYEN_THAT,4,false,false,,
ARBUSDT,348,11,2,BELOW,PHA_GIA,XUYEN_THAT,2,true,true,5,false
ARBUSDT,349,24,2,ABOVE,PHA_GIA,XUYEN_THAT,3,true,true,4,false
ARBUSDT,350,1,1,BELOW,GIU,CHAN,3,false,false,,
ARBUSDT,351,18,2,BELOW,GIU,XUYEN_THAT,2,false,false,,
ARBUSDT,352,7,2,BELOW,XUYEN_THAT,XUYEN_THAT,2,true,false,3,false
ARBUSDT,353,6,2,BELOW,GIU,CHAN,3,false,false,,
ARBUSDT,354,22,2,BELOW,PHA_GIA,CHAN,5,true,true,7,false
ARBUSDT,355,12,2,BELOW,PHA_GIA,XUYEN_THAT,3,true,true,7,false
ARBUSDT,356,2,1,BELOW,XUYEN_THAT,XUYEN_THAT,1,true,false,5,false
ARBUSDT,357,6,2,BELOW,XUYEN_THAT,XUYEN_THAT,2,true,false,3,false
ARBUSDT,358,2,1,BELOW,GIU,XUYEN_THAT,3,false,false,,
ARBUSDT,360,3,1,BELOW,GIU,CHAN,2,false,false,,
ARBUSDT,361,7,2,BELOW,PHA_GIA,XUYEN_THAT,3,true,true,6,false
ARBUSDT,362,13,2,BELOW,PHA_GIA,XUYEN_THAT,1,true,true,0,false
ARBUSDT,363,7,1,BELOW,GIU,CHAN,2,false,false,,
ARBUSDT,364,5,2,ABOVE,GIU,XUYEN_THAT,2,false,false,,
ARBUSDT,367,26,2,BELOW,PHA_GIA,XUYEN_THAT,1,true,true,1,false
ARBUSDT,368,2,1,BELOW,XUYEN_THAT,XUYEN_THAT,2,true,false,7,true
ARBUSDT,370,21,2,ABOVE,PHA_GIA,XUYEN_THAT,1,true,true,3,false
ARBUSDT,371,10,2,BELOW,GIU,XUYEN_THAT,1,false,false,,
ARBUSDT,373,1,1,BELOW,GIU,CHAN,3,false,false,,
ARBUSDT,374,4,2,BELOW,PHA_GIA,XUYEN_THAT,4,true,true,4,false
ARBUSDT,375,6,2,BELOW,XUYEN_THAT,XUYEN_THAT,2,true,false,1,false
ARBUSDT,376,7,2,ABOVE,GIU,XUYEN_THAT,2,false,false,,
ARBUSDT,377,15,2,BELOW,XUYEN_THAT,XUYEN_THAT,1,true,false,3,false
ARBUSDT,378,4,2,BELOW,PHA_GIA,CHAN,3,true,true,1,false
ARBUSDT,379,21,2,ABOVE,PHA_GIA,XUYEN_THAT,1,true,true,6,false
ARBUSDT,380,24,2,BELOW,PHA_GIA,XUYEN_THAT,3,true,true,7,false
ARBUSDT,381,5,2,BELOW,GIU,CHAN,2,false,false,,
ARBUSDT,382,2,1,ABOVE,GIU,CHAN,2,false,false,,
ARBUSDT,383,3,1,ABOVE,PHA_GIA,CHAN,2,true,true,5,false
ARBUSDT,386,11,2,BELOW,GIU,XUYEN_THAT,4,false,false,,
ARBUSDT,387,1,1,BELOW,GIU,CHAN,3,false,false,,
ARBUSDT,388,6,2,ABOVE,XUYEN_THAT,XUYEN_THAT,1,true,false,2,false
ARBUSDT,389,21,2,ABOVE,GIU,XUYEN_THAT,2,false,false,,
ARBUSDT,391,8,2,ABOVE,GIU,XUYEN_THAT,3,false,false,,
ARBUSDT,392,23,2,BELOW,GIU,XUYEN_THAT,0,false,false,,
ARBUSDT,393,22,2,ABOVE,PHA_GIA,XUYEN_THAT,3,true,true,6,false
ARBUSDT,394,5,2,ABOVE,GIU,XUYEN_THAT,1,false,false,,
ARBUSDT,395,8,2,ABOVE,PHA_GIA,CHAN,3,true,true,6,false
ARBUSDT,396,26,2,ABOVE,GIU,XUYEN_THAT,3,false,false,,
ARBUSDT,397,1,1,ABOVE,PHA_GIA,CHAN,1,true,true,1,false
ARBUSDT,398,8,2,ABOVE,XUYEN_THAT,XUYEN_THAT,3,true,false,1,false
ARBUSDT,400,1,1,BELOW,GIU,CHAN,3,false,false,,
ARBUSDT,401,27,2,BELOW,GIU,XUYEN_THAT,3,false,false,,
ARBUSDT,402,6,1,ABOVE,XUYEN_THAT,XUYEN_THAT,0,true,false,0,false
ARBUSDT,403,23,2,ABOVE,XUYEN_THAT,XUYEN_THAT,2,true,false,5,false
ARBUSDT,404,3,1,ABOVE,GIU,CHAN,2,false,false,,
ARBUSDT,405,4,2,ABOVE,XUYEN_THAT,XUYEN_THAT,1,true,false,0,false
ARBUSDT,406,23,2,BELOW,GIU,XUYEN_THAT,1,false,false,,
ARBUSDT,407,2,1,ABOVE,GIU,CHAN,2,false,false,,
ARBUSDT,408,7,2,ABOVE,GIU,XUYEN_THAT,2,false,false,,
ARBUSDT,409,6,2,BELOW,XUYEN_THAT,XUYEN_THAT,2,true,false,1,true
ARBUSDT,410,16,2,BELOW,XUYEN_THAT,XUYEN_THAT,3,true,false,5,false
ARBUSDT,412,15,2,BELOW,XUYEN_THAT,XUYEN_THAT,0,true,false,1,false
ARBUSDT,413,10,2,ABOVE,GIU,XUYEN_THAT,3,false,false,,
ARBUSDT,414,6,1,BELOW,GIU,CHAN,2,false,false,,
ARBUSDT,415,12,2,BELOW,PHA_GIA,XUYEN_THAT,0,true,true,0,false
ARBUSDT,416,10,2,BELOW,PHA_GIA,XUYEN_THAT,3,true,true,3,false
ARBUSDT,418,5,1,ABOVE,PHA_GIA,CHAN,1,true,true,1,false
ARBUSDT,419,4,2,ABOVE,GIU,XUYEN_THAT,2,false,false,,
ARBUSDT,420,2,1,ABOVE,XUYEN_THAT,XUYEN_THAT,3,true,false,5,false
ARBUSDT,422,17,2,BELOW,GIU,XUYEN_THAT,3,false,false,,
ARBUSDT,425,1,1,BELOW,GIU,CHAN,2,false,false,,
ARBUSDT,427,2,1,ABOVE,GIU,CHAN,1,false,false,,
ARBUSDT,429,24,2,ABOVE,PHA_GIA,XUYEN_THAT,3,true,true,3,false
ARBUSDT,430,9,2,ABOVE,GIU,XUYEN_THAT,1,false,false,,
ARBUSDT,432,8,2,BELOW,PHA_GIA,XUYEN_THAT,2,true,true,4,false
ARBUSDT,433,10,2,BELOW,GIU,XUYEN_THAT,3,false,false,,
ARBUSDT,434,5,2,ABOVE,GIU,XUYEN_THAT,3,false,false,,
ARBUSDT,436,6,2,ABOVE,GIU,XUYEN_THAT,3,false,false,,
ARBUSDT,437,14,2,BELOW,PHA_GIA,XUYEN_THAT,2,true,true,1,false
ARBUSDT,438,2,2,ABOVE,PHA_GIA,CHAN,1,true,true,1,false
ARBUSDT,439,11,2,BELOW,GIU,XUYEN_THAT,3,false,false,,
ARBUSDT,441,8,2,ABOVE,XUYEN_THAT,XUYEN_THAT,3,true,false,4,false
ARBUSDT,442,2,2,ABOVE,XUYEN_THAT,XUYEN_THAT,1,true,false,1,false
ARBUSDT,443,22,2,BELOW,PHA_GIA,XUYEN_THAT,1,true,true,1,false
ARBUSDT,445,10,2,BELOW,GIU,CHAN,3,false,false,,
ARBUSDT,446,27,2,ABOVE,PHA_GIA,XUYEN_THAT,2,true,true,6,false
ARBUSDT,447,3,1,ABOVE,GIU,CHAN,2,false,false,,
ARBUSDT,450,2,1,BELOW,GIU,CHAN,3,false,false,,
ARBUSDT,451,2,2,BELOW,PHA_GIA,CHAN,0,true,true,0,false
ARBUSDT,452,2,1,ABOVE,GIU,CHAN,1,false,false,,
ARBUSDT,453,12,2,ABOVE,GIU,XUYEN_THAT,2,false,false,,
ARBUSDT,454,8,2,ABOVE,GIU,XUYEN_THAT,3,false,false,,
ARBUSDT,455,4,2,ABOVE,PHA_GIA,XUYEN_THAT,0,true,true,2,false
ARBUSDT,456,10,2,BELOW,PHA_GIA,XUYEN_THAT,4,true,true,3,false
ARBUSDT,457,4,1,ABOVE,GIU,CHAN,2,false,false,,
ARBUSDT,458,5,2,BELOW,XUYEN_THAT,XUYEN_THAT,0,true,false,0,false
ARBUSDT,459,13,2,ABOVE,GIU,XUYEN_THAT,1,false,false,,
ARBUSDT,461,1,1,BELOW,GIU,CHAN,2,false,false,,
ARBUSDT,462,23,2,BELOW,PHA_GIA,XUYEN_THAT,1,true,true,7,false
ARBUSDT,463,7,2,ABOVE,PHA_GIA,XUYEN_THAT,1,true,true,0,false
ARBUSDT,464,7,2,ABOVE,PHA_GIA,XUYEN_THAT,2,true,true,3,false
ARBUSDT,466,9,2,ABOVE,GIU,CHAN,2,false,false,,
ARBUSDT,467,4,2,ABOVE,GIU,CHAN,4,false,false,,
ARBUSDT,468,27,2,ABOVE,GIU,XUYEN_THAT,1,false,false,,
ARBUSDT,469,20,2,ABOVE,XUYEN_THAT,XUYEN_THAT,2,true,false,3,false
ARBUSDT,470,11,2,ABOVE,PHA_GIA,XUYEN_THAT,3,true,true,5,false
ARBUSDT,471,5,2,BELOW,GIU,CHAN,2,false,false,,
ARBUSDT,472,11,2,BELOW,PHA_GIA,XUYEN_THAT,1,true,true,4,false
ARBUSDT,473,17,2,BELOW,XUYEN_THAT,XUYEN_THAT,2,true,false,7,false
ARBUSDT,475,1,1,ABOVE,PHA_GIA,CHAN,3,true,true,3,false
ARBUSDT,476,14,2,BELOW,GIU,XUYEN_THAT,3,false,false,,
ARBUSDT,477,2,2,ABOVE,PHA_GIA,CHAN,2,true,true,1,false
ARBUSDT,478,12,2,BELOW,GIU,CHAN,1,false,false,,
ARBUSDT,479,8,2,BELOW,XUYEN_THAT,XUYEN_THAT,0,true,false,0,false
ARBUSDT,481,50,2,BELOW,PHA_GIA,XUYEN_THAT,0,true,true,0,false
ARBUSDT,483,33,2,ABOVE,XUYEN_THAT,XUYEN_THAT,1,true,false,7,false
ARBUSDT,484,12,2,BELOW,PHA_GIA,XUYEN_THAT,0,true,true,1,false
ARBUSDT,485,1,1,ABOVE,GIU,CHAN,3,false,false,,
ARBUSDT,486,7,2,ABOVE,PHA_GIA,XUYEN_THAT,0,true,true,3,false
ARBUSDT,487,12,2,ABOVE,GIU,XUYEN_THAT,2,false,false,,
ARBUSDT,488,20,2,ABOVE,XUYEN_THAT,XUYEN_THAT,1,true,false,3,true
ARBUSDT,492,5,2,BELOW,XUYEN_THAT,XUYEN_THAT,2,true,false,5,false
ARBUSDT,493,1,1,BELOW,GIU,CHAN,1,false,false,,
ARBUSDT,494,1,1,ABOVE,PHA_GIA,CHAN,1,true,true,1,false
ARBUSDT,495,9,2,BELOW,GIU,XUYEN_THAT,3,false,false,,
ARBUSDT,496,5,2,ABOVE,XUYEN_THAT,XUYEN_THAT,4,true,false,6,false
ARBUSDT,497,4,2,BELOW,XUYEN_THAT,XUYEN_THAT,3,true,false,4,false
ARBUSDT,498,11,2,BELOW,GIU,XUYEN_THAT,2,false,false,,
ARBUSDT,499,12,2,ABOVE,GIU,XUYEN_THAT,1,false,false,,
ARBUSDT,500,19,2,ABOVE,PHA_GIA,XUYEN_THAT,2,true,true,6,false
ARBUSDT,501,2,1,ABOVE,GIU,CHAN,1,false,false,,
ARBUSDT,503,6,2,BELOW,XUYEN_THAT,XUYEN_THAT,1,true,false,7,true
ARBUSDT,504,3,2,BELOW,XUYEN_THAT,XUYEN_THAT,3,true,false,6,false
ARBUSDT,505,11,2,ABOVE,GIU,XUYEN_THAT,2,false,false,,
ARBUSDT,508,2,2,ABOVE,XUYEN_THAT,XUYEN_THAT,0,true,false,2,false
ARBUSDT,509,3,2,BELOW,PHA_GIA,XUYEN_THAT,3,true,true,0,false
ARBUSDT,510,6,2,ABOVE,GIU,CHAN,1,false,false,,
ARBUSDT,511,16,2,BELOW,GIU,XUYEN_THAT,3,false,false,,
ARBUSDT,512,18,2,BELOW,XUYEN_THAT,XUYEN_THAT,2,true,false,3,false
ARBUSDT,513,2,1,ABOVE,GIU,CHAN,3,false,false,,
ARBUSDT,515,10,2,BELOW,PHA_GIA,XUYEN_THAT,4,true,true,2,false
ARBUSDT,516,10,2,BELOW,GIU,CHAN,5,false,false,,
ARBUSDT,517,2,2,ABOVE,XUYEN_THAT,XUYEN_THAT,2,true,false,3,false
ARBUSDT,518,6,2,BELOW,XUYEN_THAT,XUYEN_THAT,0,true,false,3,false
ARBUSDT,521,8,2,BELOW,PHA_GIA,XUYEN_THAT,2,true,true,1,false
ARBUSDT,522,38,2,ABOVE,PHA_GIA,XUYEN_THAT,3,true,true,2,false
ARBUSDT,524,28,2,ABOVE,GIU,XUYEN_THAT,0,false,false,,
ARBUSDT,525,2,1,ABOVE,GIU,CHAN,2,false,false,,
ARBUSDT,526,14,2,BELOW,XUYEN_THAT,XUYEN_THAT,2,true,false,0,false
ARBUSDT,527,5,2,ABOVE,GIU,CHAN,3,false,false,,
ARBUSDT,528,23,2,ABOVE,PHA_GIA,XUYEN_THAT,3,true,true,2,false
ARBUSDT,529,1,1,ABOVE,PHA_GIA,CHAN,1,true,true,0,false
ARBUSDT,530,13,2,BELOW,GIU,CHAN,2,false,false,,
ARBUSDT,531,1,1,BELOW,GIU,CHAN,2,false,false,,
ARBUSDT,532,6,2,ABOVE,XUYEN_THAT,XUYEN_THAT,0,true,false,6,false
ARBUSDT,533,11,2,BELOW,PHA_GIA,XUYEN_THAT,3,true,true,7,false
ARBUSDT,534,10,2,BELOW,XUYEN_THAT,XUYEN_THAT,1,true,false,1,false
ARBUSDT,535,32,2,ABOVE,GIU,XUYEN_THAT,0,false,false,,
ARBUSDT,536,21,2,ABOVE,GIU,XUYEN_THAT,2,false,false,,
ARBUSDT,537,4,1,ABOVE,GIU,CHAN,3,false,false,,
ARBUSDT,538,37,2,ABOVE,PHA_GIA,XUYEN_THAT,2,true,true,4,false
ARBUSDT,539,22,2,ABOVE,XUYEN_THAT,XUYEN_THAT,2,true,false,5,false
ARBUSDT,541,4,2,BELOW,XUYEN_THAT,XUYEN_THAT,2,true,false,5,false
ARBUSDT,542,8,2,ABOVE,GIU,XUYEN_THAT,1,false,false,,
ARBUSDT,543,8,2,BELOW,PHA_GIA,XUYEN_THAT,3,true,true,6,false
ARBUSDT,544,4,2,ABOVE,PHA_GIA,CHAN,3,true,true,4,false
ARBUSDT,545,20,2,BELOW,PHA_GIA,XUYEN_THAT,0,true,true,3,false
ARBUSDT,546,1,1,BELOW,GIU,CHAN,1,false,false,,
ARBUSDT,547,10,2,BELOW,GIU,XUYEN_THAT,3,false,false,,
ARBUSDT,548,7,2,ABOVE,PHA_GIA,XUYEN_THAT,2,true,true,8,false
ARBUSDT,550,2,2,BELOW,PHA_GIA,XUYEN_THAT,2,true,true,2,false
ARBUSDT,551,7,2,BELOW,PHA_GIA,XUYEN_THAT,3,true,true,2,false
ARBUSDT,552,20,2,BELOW,PHA_GIA,XUYEN_THAT,3,true,true,1,false
ARBUSDT,553,11,1,BELOW,GIU,CHAN,5,false,false,,
ARBUSDT,554,3,1,BELOW,GIU,CHAN,3,false,false,,
ARBUSDT,556,8,2,BELOW,PHA_GIA,XUYEN_THAT,3,true,true,3,false
ARBUSDT,558,13,2,ABOVE,GIU,CHAN,2,false,false,,
ARBUSDT,559,18,2,ABOVE,XUYEN_THAT,XUYEN_THAT,0,true,false,4,false
ARBUSDT,560,2,2,BELOW,XUYEN_THAT,XUYEN_THAT,1,true,false,3,false
ARBUSDT,561,21,2,BELOW,PHA_GIA,XUYEN_THAT,2,true,true,1,false
ARBUSDT,562,4,1,BELOW,XUYEN_THAT,XUYEN_THAT,1,true,false,8,false
ARBUSDT,564,13,2,BELOW,PHA_GIA,CHAN,2,true,true,1,false
ARBUSDT,565,4,2,ABOVE,PHA_GIA,XUYEN_THAT,0,true,true,7,false
ARBUSDT,566,1,1,BELOW,XUYEN_THAT,XUYEN_THAT,0,true,false,0,false
ARBUSDT,567,39,2,BELOW,XUYEN_THAT,XUYEN_THAT,0,true,false,3,false
ARBUSDT,568,14,2,ABOVE,PHA_GIA,XUYEN_THAT,3,true,true,4,false
ARBUSDT,569,17,2,ABOVE,GIU,CHAN,2,false,false,,
ARBUSDT,570,7,2,BELOW,GIU,XUYEN_THAT,1,false,false,,
ARBUSDT,571,9,2,ABOVE,PHA_GIA,CHAN,3,true,true,0,false
ARBUSDT,573,2,1,ABOVE,GIU,CHAN,2,false,false,,
ARBUSDT,574,8,2,ABOVE,GIU,XUYEN_THAT,4,false,false,,
ARBUSDT,575,13,2,ABOVE,GIU,CHAN,4,false,false,,
ARBUSDT,576,2,2,BELOW,GIU,CHAN,4,false,false,,
ARBUSDT,577,17,2,BELOW,GIU,XUYEN_THAT,2,false,false,,
ARBUSDT,579,6,2,ABOVE,PHA_GIA,CHAN,0,true,true,6,false
ARBUSDT,580,7,2,ABOVE,GIU,XUYEN_THAT,1,false,false,,
ARBUSDT,581,14,2,BELOW,XUYEN_THAT,XUYEN_THAT,2,true,false,1,false
ARBUSDT,584,14,2,BELOW,XUYEN_THAT,XUYEN_THAT,2,true,false,3,false
ARBUSDT,585,3,1,BELOW,GIU,CHAN,2,false,false,,
ARBUSDT,586,3,2,ABOVE,XUYEN_THAT,XUYEN_THAT,1,true,false,2,false
ARBUSDT,588,4,2,ABOVE,PHA_GIA,CHAN,2,true,true,5,false
ARBUSDT,589,1,1,BELOW,PHA_GIA,CHAN,0,true,true,0,false
ARBUSDT,590,47,2,ABOVE,GIU,XUYEN_THAT,3,false,false,,
ARBUSDT,591,16,2,ABOVE,GIU,XUYEN_THAT,2,false,false,,
ARBUSDT,592,4,2,ABOVE,PHA_GIA,CHAN,2,true,true,0,false
ARBUSDT,593,2,1,ABOVE,GIU,CHAN,5,false,false,,
ARBUSDT,594,3,1,ABOVE,GIU,CHAN,2,false,false,,
ARBUSDT,595,1,1,ABOVE,GIU,CHAN,2,false,false,,
ARBUSDT,596,5,2,ABOVE,GIU,CHAN,3,false,false,,
ARBUSDT,597,16,2,BELOW,PHA_GIA,XUYEN_THAT,2,true,true,1,false
ARBUSDT,598,12,2,ABOVE,PHA_GIA,XUYEN_THAT,1,true,true,4,false
ARBUSDT,599,9,2,BELOW,PHA_GIA,XUYEN_THAT,3,true,true,3,false
ARBUSDT,600,17,2,BELOW,GIU,XUYEN_THAT,3,false,false,,
ARBUSDT,601,43,2,ABOVE,GIU,XUYEN_THAT,4,false,false,,
ARBUSDT,602,9,2,BELOW,XUYEN_THAT,XUYEN_THAT,1,true,false,1,false
ARBUSDT,603,1,1,BELOW,PHA_GIA,CHAN,2,true,true,2,false
ARBUSDT,604,5,2,BELOW,XUYEN_THAT,XUYEN_THAT,1,true,false,3,false
ARBUSDT,605,5,1,BELOW,GIU,CHAN,3,false,false,,
ARBUSDT,606,20,2,ABOVE,GIU,XUYEN_THAT,2,false,false,,
ARBUSDT,607,25,2,BELOW,GIU,XUYEN_THAT,3,false,false,,
ARBUSDT,608,32,2,BELOW,GIU,XUYEN_THAT,1,false,false,,
ARBUSDT,609,4,2,ABOVE,PHA_GIA,XUYEN_THAT,0,true,true,0,false
ARBUSDT,610,10,2,BELOW,GIU,CHAN,3,false,false,,
ARBUSDT,611,5,2,ABOVE,PHA_GIA,CHAN,1,true,true,4,false
ARBUSDT,612,17,2,BELOW,GIU,XUYEN_THAT,2,false,false,,
ARBUSDT,614,9,2,BELOW,PHA_GIA,XUYEN_THAT,2,true,true,1,false
ARBUSDT,615,34,2,BELOW,XUYEN_THAT,XUYEN_THAT,1,true,false,1,false
ARBUSDT,617,19,2,BELOW,PHA_GIA,XUYEN_THAT,1,true,true,2,false
ARBUSDT,618,4,2,ABOVE,PHA_GIA,CHAN,2,true,true,3,false
ARBUSDT,619,3,2,BELOW,XUYEN_THAT,XUYEN_THAT,3,true,false,2,false
ARBUSDT,620,7,1,BELOW,GIU,CHAN,2,false,false,,
ARBUSDT,621,1,1,BELOW,GIU,CHAN,1,false,false,,
ARBUSDT,623,26,2,ABOVE,GIU,XUYEN_THAT,1,false,false,,
ARBUSDT,624,4,2,BELOW,PHA_GIA,XUYEN_THAT,3,true,true,5,false
ARBUSDT,625,3,1,ABOVE,GIU,CHAN,3,false,false,,
ARBUSDT,626,11,2,BELOW,XUYEN_THAT,XUYEN_THAT,0,true,false,1,false
ARBUSDT,628,1,1,ABOVE,GIU,CHAN,1,false,false,,
ARBUSDT,629,7,2,ABOVE,XUYEN_THAT,XUYEN_THAT,3,true,false,5,false
ARBUSDT,630,20,2,ABOVE,PHA_GIA,XUYEN_THAT,1,true,true,5,false
ARBUSDT,631,4,1,ABOVE,GIU,CHAN,0,false,false,,
ARBUSDT,632,31,2,ABOVE,XUYEN_THAT,XUYEN_THAT,2,true,false,4,false
ARBUSDT,633,7,2,BELOW,PHA_GIA,XUYEN_THAT,0,true,true,0,false
ARBUSDT,634,17,2,BELOW,XUYEN_THAT,XUYEN_THAT,3,true,false,1,false
ARBUSDT,636,4,2,BELOW,XUYEN_THAT,XUYEN_THAT,0,true,false,0,false
ARBUSDT,637,8,2,ABOVE,GIU,XUYEN_THAT,1,false,false,,
ARBUSDT,639,24,2,BELOW,XUYEN_THAT,XUYEN_THAT,1,true,false,0,false
ARBUSDT,640,3,2,ABOVE,PHA_GIA,CHAN,0,true,true,5,false
ARBUSDT,641,14,2,ABOVE,XUYEN_THAT,XUYEN_THAT,0,true,false,0,false
ARBUSDT,642,8,2,ABOVE,GIU,XUYEN_THAT,3,false,false,,
ARBUSDT,643,5,2,ABOVE,GIU,XUYEN_THAT,3,false,false,,
ARBUSDT,644,7,2,ABOVE,GIU,XUYEN_THAT,2,false,false,,
ARBUSDT,645,1,1,BELOW,GIU,CHAN,1,false,false,,
ARBUSDT,646,11,2,BELOW,PHA_GIA,XUYEN_THAT,1,true,true,3,false
ARBUSDT,647,12,2,ABOVE,GIU,XUYEN_THAT,2,false,false,,
ARBUSDT,648,21,2,ABOVE,XUYEN_THAT,XUYEN_THAT,2,true,false,8,false
ARBUSDT,649,8,2,BELOW,XUYEN_THAT,XUYEN_THAT,1,true,false,7,false
ARBUSDT,650,17,2,BELOW,GIU,XUYEN_THAT,3,false,false,,
ARBUSDT,651,5,2,ABOVE,PHA_GIA,XUYEN_THAT,4,true,true,3,false
ARBUSDT,652,6,2,ABOVE,XUYEN_THAT,XUYEN_THAT,0,true,false,5,false
ARBUSDT,653,4,2,BELOW,PHA_GIA,XUYEN_THAT,2,true,true,3,false
ARBUSDT,654,4,1,BELOW,PHA_GIA,CHAN,3,true,true,1,false
ARBUSDT,655,4,1,BELOW,GIU,CHAN,2,false,false,,
ARBUSDT,656,5,2,ABOVE,GIU,XUYEN_THAT,1,false,false,,
ARBUSDT,658,14,2,ABOVE,XUYEN_THAT,XUYEN_THAT,2,true,false,3,false
ARBUSDT,659,6,2,BELOW,XUYEN_THAT,XUYEN_THAT,1,true,false,5,false
ARBUSDT,660,1,1,ABOVE,GIU,CHAN,3,false,false,,
ARBUSDT,661,8,2,BELOW,XUYEN_THAT,XUYEN_THAT,1,true,false,1,false
ARBUSDT,663,5,1,BELOW,GIU,CHAN,2,false,false,,
ARBUSDT,664,4,1,ABOVE,GIU,CHAN,2,false,false,,
OPUSDT,0,22,2,BELOW,PHA_GIA,XUYEN_THAT,4,true,true,1,false
OPUSDT,1,12,2,BELOW,PHA_GIA,XUYEN_THAT,2,true,true,6,false
OPUSDT,2,6,2,BELOW,PHA_GIA,XUYEN_THAT,3,true,true,5,false
OPUSDT,3,17,2,BELOW,GIU,XUYEN_THAT,2,false,false,,
OPUSDT,5,1,1,BELOW,GIU,CHAN,3,false,false,,
OPUSDT,6,25,2,ABOVE,XUYEN_THAT,XUYEN_THAT,2,true,false,2,false
OPUSDT,7,20,2,BELOW,XUYEN_THAT,XUYEN_THAT,1,true,false,0,false
OPUSDT,8,17,2,BELOW,GIU,XUYEN_THAT,4,false,false,,
OPUSDT,10,14,2,BELOW,PHA_GIA,XUYEN_THAT,3,true,true,0,false
OPUSDT,11,8,2,ABOVE,XUYEN_THAT,XUYEN_THAT,6,true,false,6,false
OPUSDT,12,18,2,ABOVE,XUYEN_THAT,XUYEN_THAT,3,true,false,7,true
OPUSDT,13,14,2,BELOW,PHA_GIA,XUYEN_THAT,4,true,true,4,false
OPUSDT,14,11,2,BELOW,GIU,XUYEN_THAT,2,false,false,,
OPUSDT,15,23,2,ABOVE,GIU,XUYEN_THAT,4,false,false,,
OPUSDT,16,10,2,ABOVE,GIU,XUYEN_THAT,3,false,false,,
OPUSDT,17,5,2,BELOW,PHA_GIA,XUYEN_THAT,4,true,true,7,false
OPUSDT,18,8,2,BELOW,GIU,CHAN,3,false,false,,
OPUSDT,19,5,2,BELOW,GIU,XUYEN_THAT,2,false,false,,
OPUSDT,21,1,1,BELOW,GIU,CHAN,0,false,false,,
OPUSDT,22,4,2,BELOW,PHA_GIA,CHAN,0,true,true,1,false
OPUSDT,25,13,2,BELOW,GIU,XUYEN_THAT,3,false,false,,
OPUSDT,26,11,2,ABOVE,GIU,XUYEN_THAT,2,false,false,,
OPUSDT,27,11,2,ABOVE,PHA_GIA,XUYEN_THAT,1,true,true,5,false
OPUSDT,28,43,2,ABOVE,PHA_GIA,XUYEN_THAT,2,true,true,1,false
OPUSDT,29,14,2,ABOVE,GIU,CHAN,4,false,false,,
OPUSDT,30,4,2,BELOW,PHA_GIA,CHAN,2,true,true,0,false
OPUSDT,31,26,2,BELOW,GIU,XUYEN_THAT,2,false,false,,
OPUSDT,32,12,2,BELOW,GIU,XUYEN_THAT,1,false,false,,
OPUSDT,33,2,2,ABOVE,XUYEN_THAT,XUYEN_THAT,2,true,false,3,false
OPUSDT,34,2,1,BELOW,GIU,CHAN,1,false,false,,
OPUSDT,35,16,2,BELOW,PHA_GIA,XUYEN_THAT,1,true,true,3,false
OPUSDT,36,24,2,BELOW,PHA_GIA,XUYEN_THAT,3,true,true,4,false
OPUSDT,38,4,2,BELOW,GIU,XUYEN_THAT,1,false,false,,
OPUSDT,39,3,1,BELOW,GIU,CHAN,3,false,false,,
OPUSDT,40,4,2,BELOW,PHA_GIA,XUYEN_THAT,4,true,true,2,false
OPUSDT,42,4,1,ABOVE,GIU,CHAN,2,false,false,,
OPUSDT,43,4,1,BELOW,GIU,CHAN,4,false,false,,
OPUSDT,44,17,2,BELOW,PHA_GIA,XUYEN_THAT,4,true,true,1,false
OPUSDT,46,6,2,ABOVE,GIU,XUYEN_THAT,2,false,false,,
OPUSDT,47,13,2,BELOW,XUYEN_THAT,XUYEN_THAT,2,true,false,2,false
OPUSDT,48,7,2,BELOW,GIU,XUYEN_THAT,2,false,false,,
OPUSDT,49,17,2,BELOW,PHA_GIA,XUYEN_THAT,1,true,true,1,false
OPUSDT,50,78,2,BELOW,GIU,XUYEN_THAT,2,false,false,,
OPUSDT,51,2,1,BELOW,PHA_GIA,CHAN,1,true,true,6,false
OPUSDT,52,2,1,BELOW,GIU,CHAN,2,false,false,,
OPUSDT,53,5,2,BELOW,XUYEN_THAT,XUYEN_THAT,3,true,false,3,false
OPUSDT,55,1,1,BELOW,GIU,CHAN,2,false,false,,
OPUSDT,56,43,2,BELOW,GIU,XUYEN_THAT,2,false,false,,
OPUSDT,57,6,2,BELOW,GIU,CHAN,3,false,false,,
OPUSDT,58,10,2,ABOVE,PHA_GIA,XUYEN_THAT,3,true,true,1,false
OPUSDT,61,12,2,BELOW,GIU,XUYEN_THAT,1,false,false,,
OPUSDT,62,6,2,BELOW,PHA_GIA,XUYEN_THAT,3,true,true,3,false
OPUSDT,63,4,2,BELOW,PHA_GIA,XUYEN_THAT,0,true,true,0,false
OPUSDT,64,3,2,BELOW,PHA_GIA,CHAN,1,true,true,1,false
OPUSDT,66,11,2,ABOVE,GIU,XUYEN_THAT,2,false,false,,
OPUSDT,67,11,2,ABOVE,PHA_GIA,XUYEN_THAT,1,true,true,1,false
OPUSDT,69,1,1,ABOVE,GIU,CHAN,2,false,false,,
OPUSDT,70,30,2,ABOVE,GIU,XUYEN_THAT,4,false,false,,
OPUSDT,71,4,2,ABOVE,PHA_GIA,XUYEN_THAT,1,true,true,2,false
OPUSDT,72,24,2,BELOW,XUYEN_THAT,XUYEN_THAT,2,true,false,7,false
OPUSDT,73,10,1,BELOW,GIU,CHAN,3,false,false,,
OPUSDT,74,1,1,ABOVE,GIU,CHAN,3,false,false,,
OPUSDT,75,54,2,BELOW,PHA_GIA,XUYEN_THAT,2,true,true,1,false
OPUSDT,76,3,1,BELOW,XUYEN_THAT,XUYEN_THAT,1,true,false,4,false
OPUSDT,77,3,1,ABOVE,PHA_GIA,CHAN,2,true,true,4,false
OPUSDT,80,2,1,ABOVE,GIU,CHAN,2,false,false,,
OPUSDT,81,5,2,ABOVE,GIU,XUYEN_THAT,1,false,false,,
OPUSDT,83,1,1,ABOVE,GIU,CHAN,2,false,false,,
OPUSDT,84,7,2,BELOW,XUYEN_THAT,XUYEN_THAT,2,true,false,1,false
OPUSDT,85,3,1,BELOW,GIU,CHAN,1,false,false,,
OPUSDT,87,9,2,ABOVE,GIU,XUYEN_THAT,2,false,false,,
OPUSDT,89,10,2,BELOW,PHA_GIA,XUYEN_THAT,2,true,true,2,false
OPUSDT,92,19,2,ABOVE,PHA_GIA,XUYEN_THAT,0,true,true,0,false
OPUSDT,93,5,2,BELOW,PHA_GIA,CHAN,2,true,true,4,false
OPUSDT,94,21,2,ABOVE,PHA_GIA,XUYEN_THAT,1,true,true,5,false
OPUSDT,95,6,2,BELOW,PHA_GIA,CHAN,2,true,true,0,false
OPUSDT,96,5,2,BELOW,XUYEN_THAT,XUYEN_THAT,0,true,false,4,false
OPUSDT,97,4,1,ABOVE,GIU,CHAN,2,false,false,,
OPUSDT,98,2,1,BELOW,GIU,CHAN,4,false,false,,
OPUSDT,99,2,1,BELOW,GIU,CHAN,3,false,false,,
OPUSDT,101,13,2,ABOVE,GIU,CHAN,3,false,false,,
OPUSDT,102,23,2,BELOW,GIU,XUYEN_THAT,2,false,false,,
OPUSDT,103,3,2,BELOW,XUYEN_THAT,XUYEN_THAT,0,true,false,0,false
OPUSDT,105,3,1,ABOVE,GIU,CHAN,1,false,false,,
OPUSDT,106,2,2,BELOW,XUYEN_THAT,XUYEN_THAT,2,true,false,1,false
OPUSDT,111,11,2,ABOVE,PHA_GIA,XUYEN_THAT,2,true,true,4,false
OPUSDT,112,4,2,BELOW,XUYEN_THAT,XUYEN_THAT,4,true,false,8,false
OPUSDT,113,30,2,ABOVE,PHA_GIA,XUYEN_THAT,4,true,true,4,false
OPUSDT,114,9,2,BELOW,XUYEN_THAT,XUYEN_THAT,0,true,false,0,false
OPUSDT,115,4,2,ABOVE,PHA_GIA,CHAN,3,true,true,2,false
OPUSDT,116,14,2,ABOVE,XUYEN_THAT,XUYEN_THAT,3,true,false,2,false
OPUSDT,117,18,2,ABOVE,GIU,XUYEN_THAT,2,false,false,,
OPUSDT,118,1,1,BELOW,GIU,CHAN,4,false,false,,
OPUSDT,121,10,2,BELOW,GIU,XUYEN_THAT,2,false,false,,
OPUSDT,122,16,2,BELOW,PHA_GIA,XUYEN_THAT,2,true,true,1,false
OPUSDT,124,3,1,ABOVE,GIU,CHAN,3,false,false,,
OPUSDT,126,13,2,ABOVE,XUYEN_THAT,XUYEN_THAT,1,true,false,1,false
OPUSDT,127,17,2,BELOW,GIU,XUYEN_THAT,4,false,false,,
OPUSDT,128,8,2,ABOVE,XUYEN_THAT,XUYEN_THAT,2,true,false,5,false
OPUSDT,129,19,2,ABOVE,GIU,XUYEN_THAT,2,false,false,,
OPUSDT,130,3,1,BELOW,GIU,XUYEN_THAT,1,false,false,,
OPUSDT,131,50,2,ABOVE,GIU,XUYEN_THAT,3,false,false,,
OPUSDT,133,4,1,BELOW,PHA_GIA,CHAN,2,true,true,1,false
OPUSDT,134,6,2,BELOW,GIU,XUYEN_THAT,1,false,false,,
OPUSDT,135,6,2,BELOW,GIU,XUYEN_THAT,2,false,false,,
OPUSDT,136,12,2,BELOW,PHA_GIA,XUYEN_THAT,2,true,true,0,false
OPUSDT,137,5,2,ABOVE,GIU,XUYEN_THAT,3,false,false,,
OPUSDT,138,18,2,ABOVE,PHA_GIA,XUYEN_THAT,4,true,true,2,false
OPUSDT,139,9,2,ABOVE,XUYEN_THAT,XUYEN_THAT,4,true,false,6,false
OPUSDT,140,11,2,ABOVE,GIU,XUYEN_THAT,2,false,false,,
OPUSDT,143,53,2,BELOW,PHA_GIA,XUYEN_THAT,2,true,true,8,false
OPUSDT,144,22,2,ABOVE,PHA_GIA,XUYEN_THAT,0,true,true,0,false
OPUSDT,146,10,2,BELOW,GIU,XUYEN_THAT,1,false,false,,
OPUSDT,147,7,2,ABOVE,PHA_GIA,XUYEN_THAT,1,true,true,0,false
OPUSDT,149,5,2,ABOVE,GIU,XUYEN_THAT,1,false,false,,
OPUSDT,151,1,1,ABOVE,GIU,CHAN,1,false,false,,
OPUSDT,153,32,2,BELOW,PHA_GIA,XUYEN_THAT,2,true,true,0,false
OPUSDT,154,15,2,ABOVE,GIU,XUYEN_THAT,0,false,false,,
OPUSDT,155,6,2,BELOW,GIU,CHAN,1,false,false,,
OPUSDT,156,6,1,BELOW,XUYEN_THAT,XUYEN_THAT,1,true,false,0,false
OPUSDT,157,11,2,BELOW,PHA_GIA,XUYEN_THAT,1,true,true,0,false
OPUSDT,159,6,2,BELOW,PHA_GIA,XUYEN_THAT,4,true,true,1,false
OPUSDT,160,4,2,ABOVE,XUYEN_THAT,XUYEN_THAT,1,true,false,1,false
OPUSDT,161,1,1,BELOW,PHA_GIA,CHAN,2,true,true,0,false
OPUSDT,162,6,2,ABOVE,GIU,XUYEN_THAT,3,false,false,,
OPUSDT,163,7,2,BELOW,GIU,XUYEN_THAT,3,false,false,,
OPUSDT,164,5,2,BELOW,XUYEN_THAT,XUYEN_THAT,2,true,false,8,false
OPUSDT,165,4,1,BELOW,GIU,CHAN,2,false,false,,
OPUSDT,166,6,2,BELOW,PHA_GIA,CHAN,3,true,true,5,false
OPUSDT,167,3,1,ABOVE,GIU,CHAN,4,false,false,,
OPUSDT,169,7,2,BELOW,GIU,XUYEN_THAT,3,false,false,,
OPUSDT,170,9,1,BELOW,GIU,CHAN,2,false,false,,
OPUSDT,171,8,2,ABOVE,GIU,CHAN,2,false,false,,
OPUSDT,173,3,2,ABOVE,GIU,XUYEN_THAT,3,false,false,,
OPUSDT,174,10,2,ABOVE,GIU,CHAN,2,false,false,,
OPUSDT,175,14,2,ABOVE,GIU,XUYEN_THAT,2,false,false,,
OPUSDT,176,4,2,BELOW,PHA_GIA,CHAN,1,true,true,0,false
OPUSDT,177,20,2,BELOW,GIU,XUYEN_THAT,3,false,false,,
OPUSDT,180,9,2,BELOW,GIU,CHAN,3,false,false,,
OPUSDT,181,4,2,BELOW,GIU,CHAN,1,false,false,,
OPUSDT,182,2,1,BELOW,GIU,CHAN,1,false,false,,
OPUSDT,183,1,1,ABOVE,GIU,CHAN,1,false,false,,
OPUSDT,184,6,2,ABOVE,PHA_GIA,CHAN,1,true,true,0,false
OPUSDT,185,2,1,BELOW,GIU,CHAN,1,false,false,,
OPUSDT,186,3,1,ABOVE,XUYEN_THAT,XUYEN_THAT,3,true,false,7,false
OPUSDT,187,3,2,BELOW,PHA_GIA,CHAN,1,true,true,0,false
OPUSDT,188,7,2,BELOW,GIU,XUYEN_THAT,2,false,false,,
OPUSDT,189,1,1,BELOW,GIU,CHAN,5,false,false,,
OPUSDT,190,34,2,BELOW,PHA_GIA,XUYEN_THAT,1,true,true,3,false
OPUSDT,191,5,2,BELOW,XUYEN_THAT,XUYEN_THAT,4,true,false,6,false
OPUSDT,193,6,2,BELOW,PHA_GIA,XUYEN_THAT,0,true,true,4,false
OPUSDT,194,6,2,BELOW,XUYEN_THAT,XUYEN_THAT,0,true,false,0,false
OPUSDT,195,9,2,BELOW,GIU,CHAN,2,false,false,,
OPUSDT,196,8,2,ABOVE,GIU,CHAN,3,false,false,,
OPUSDT,199,4,2,BELOW,PHA_GIA,CHAN,1,true,true,5,false
OPUSDT,200,7,2,ABOVE,GIU,XUYEN_THAT,2,false,false,,
OPUSDT,201,12,1,ABOVE,GIU,CHAN,2,false,false,,
OPUSDT,202,35,2,ABOVE,GIU,XUYEN_THAT,2,false,false,,
OPUSDT,204,18,2,BELOW,GIU,XUYEN_THAT,1,false,false,,
OPUSDT,205,2,2,ABOVE,XUYEN_THAT,XUYEN_THAT,1,true,false,4,false
OPUSDT,206,12,1,BELOW,GIU,XUYEN_THAT,2,false,false,,
OPUSDT,207,5,2,ABOVE,PHA_GIA,XUYEN_THAT,2,true,true,2,false
OPUSDT,208,1,1,BELOW,GIU,CHAN,3,false,false,,
OPUSDT,209,10,2,BELOW,GIU,CHAN,2,false,false,,
OPUSDT,210,5,2,ABOVE,GIU,XUYEN_THAT,1,false,false,,
OPUSDT,211,2,2,ABOVE,PHA_GIA,XUYEN_THAT,0,true,true,0,false
OPUSDT,212,11,2,BELOW,GIU,XUYEN_THAT,2,false,false,,
OPUSDT,213,4,2,ABOVE,PHA_GIA,CHAN,3,true,true,0,false
OPUSDT,214,1,1,ABOVE,PHA_GIA,CHAN,1,true,true,2,false
OPUSDT,215,23,2,BELOW,GIU,XUYEN_THAT,2,false,false,,
OPUSDT,216,6,2,BELOW,GIU,XUYEN_THAT,2,false,false,,
OPUSDT,218,4,1,BELOW,GIU,CHAN,2,false,false,,
OPUSDT,219,6,2,ABOVE,GIU,XUYEN_THAT,2,false,false,,
OPUSDT,220,13,2,BELOW,GIU,XUYEN_THAT,2,false,false,,
OPUSDT,221,3,1,BELOW,GIU,CHAN,2,false,false,,
OPUSDT,222,4,2,BELOW,XUYEN_THAT,XUYEN_THAT,3,true,false,2,false
OPUSDT,223,3,2,ABOVE,PHA_GIA,CHAN,2,true,true,1,false
OPUSDT,224,19,2,BELOW,GIU,XUYEN_THAT,2,false,false,,
OPUSDT,226,3,2,ABOVE,XUYEN_THAT,XUYEN_THAT,2,true,false,4,false
OPUSDT,227,47,2,ABOVE,GIU,XUYEN_THAT,2,false,false,,
OPUSDT,228,17,2,BELOW,PHA_GIA,XUYEN_THAT,2,true,true,1,false
OPUSDT,229,1,1,BELOW,GIU,CHAN,5,false,false,,
OPUSDT,231,19,2,BELOW,PHA_GIA,XUYEN_THAT,1,true,true,5,false
OPUSDT,232,8,2,BELOW,PHA_GIA,XUYEN_THAT,3,true,true,6,false
OPUSDT,233,10,2,BELOW,GIU,XUYEN_THAT,2,false,false,,
OPUSDT,234,13,2,BELOW,XUYEN_THAT,XUYEN_THAT,1,true,false,0,false
OPUSDT,235,6,2,ABOVE,XUYEN_THAT,XUYEN_THAT,2,true,false,2,false
OPUSDT,237,25,2,ABOVE,XUYEN_THAT,XUYEN_THAT,0,true,false,1,false
OPUSDT,238,7,2,BELOW,GIU,CHAN,2,false,false,,
OPUSDT,239,2,2,ABOVE,XUYEN_THAT,XUYEN_THAT,3,true,false,1,false
OPUSDT,240,2,1,BELOW,GIU,CHAN,0,false,false,,
OPUSDT,241,19,2,ABOVE,PHA_GIA,XUYEN_THAT,2,true,true,1,false
OPUSDT,244,1,1,BELOW,GIU,CHAN,1,false,false,,
OPUSDT,245,7,2,BELOW,PHA_GIA,XUYEN_THAT,3,true,true,1,false
OPUSDT,246,6,2,BELOW,PHA_GIA,XUYEN_THAT,1,true,true,0,false
OPUSDT,247,15,2,BELOW,PHA_GIA,XUYEN_THAT,2,true,true,6,false
OPUSDT,249,11,2,BELOW,GIU,XUYEN_THAT,2,false,false,,
OPUSDT,250,9,2,ABOVE,GIU,CHAN,1,false,false,,
OPUSDT,251,12,2,ABOVE,GIU,XUYEN_THAT,1,false,false,,
OPUSDT,252,3,1,ABOVE,GIU,CHAN,3,false,false,,
OPUSDT,253,5,2,ABOVE,PHA_GIA,XUYEN_THAT,1,true,true,7,false
OPUSDT,254,7,2,ABOVE,GIU,XUYEN_THAT,3,false,false,,
OPUSDT,255,5,1,BELOW,GIU,CHAN,1,false,false,,
OPUSDT,256,3,2,BELOW,XUYEN_THAT,XUYEN_THAT,1,true,false,0,false
OPUSDT,257,5,2,ABOVE,PHA_GIA,CHAN,1,true,true,4,false
OPUSDT,258,19,2,BELOW,XUYEN_THAT,XUYEN_THAT,2,true,false,2,false
OPUSDT,260,11,2,BELOW,GIU,CHAN,4,false,false,,
OPUSDT,261,17,2,BELOW,XUYEN_THAT,XUYEN_THAT,3,true,false,3,false
OPUSDT,263,3,2,BELOW,XUYEN_THAT,XUYEN_THAT,3,true,false,2,false
OPUSDT,265,2,1,ABOVE,GIU,CHAN,3,false,false,,
OPUSDT,266,9,2,BELOW,GIU,XUYEN_THAT,3,false,false,,
OPUSDT,267,13,2,ABOVE,GIU,XUYEN_THAT,3,false,false,,
OPUSDT,268,2,1,ABOVE,GIU,CHAN,2,false,false,,
OPUSDT,270,7,2,BELOW,XUYEN_THAT,XUYEN_THAT,2,true,false,1,false
OPUSDT,273,26,2,BELOW,GIU,XUYEN_THAT,3,false,false,,
OPUSDT,274,12,2,BELOW,GIU,XUYEN_THAT,0,false,false,,
OPUSDT,275,17,2,BELOW,XUYEN_THAT,XUYEN_THAT,1,true,false,0,false
OPUSDT,276,4,2,BELOW,GIU,XUYEN_THAT,5,false,false,,
OPUSDT,278,3,1,ABOVE,XUYEN_THAT,XUYEN_THAT,1,true,false,0,false
OPUSDT,279,15,2,ABOVE,PHA_GIA,XUYEN_THAT,1,true,true,2,false
OPUSDT,280,3,2,BELOW,PHA_GIA,CHAN,2,true,true,8,false
OPUSDT,281,27,2,ABOVE,PHA_GIA,XUYEN_THAT,3,true,true,0,false
OPUSDT,282,22,2,ABOVE,GIU,XUYEN_THAT,3,false,false,,
OPUSDT,283,4,2,BELOW,XUYEN_THAT,XUYEN_THAT,2,true,false,1,false
OPUSDT,284,23,2,ABOVE,XUYEN_THAT,XUYEN_THAT,0,true,false,0,false
OPUSDT,286,1,1,BELOW,PHA_GIA,CHAN,1,true,true,0,false
OPUSDT,287,2,1,ABOVE,GIU,CHAN,3,false,false,,
OPUSDT,288,2,1,BELOW,GIU,CHAN,3,false,false,,
OPUSDT,289,4,1,ABOVE,GIU,CHAN,3,false,false,,
OPUSDT,290,1,1,BELOW,GIU,CHAN,2,false,false,,
OPUSDT,291,28,2,BELOW,GIU,XUYEN_THAT,3,false,false,,
OPUSDT,292,5,2,BELOW,PHA_GIA,XUYEN_THAT,2,true,true,0,false
OPUSDT,294,1,1,ABOVE,XUYEN_THAT,XUYEN_THAT,0,true,false,0,false
OPUSDT,295,15,2,BELOW,GIU,XUYEN_THAT,3,false,false,,
OPUSDT,296,10,2,ABOVE,PHA_GIA,XUYEN_THAT,1,true,true,1,false
OPUSDT,297,7,2,ABOVE,GIU,XUYEN_THAT,1,false,false,,
OPUSDT,298,2,1,ABOVE,GIU,CHAN,2,false,false,,
OPUSDT,300,19,2,ABOVE,XUYEN_THAT,XUYEN_THAT,2,true,false,1,false
OPUSDT,301,34,2,BELOW,XUYEN_THAT,XUYEN_THAT,0,true,false,1,false
OPUSDT,302,7,2,ABOVE,GIU,XUYEN_THAT,3,false,false,,
OPUSDT,303,10,2,ABOVE,PHA_GIA,CHAN,2,true,true,2,false
OPUSDT,304,3,1,BELOW,GIU,XUYEN_THAT,2,false,false,,
OPUSDT,305,9,2,ABOVE,GIU,XUYEN_THAT,1,false,false,,
OPUSDT,306,17,2,BELOW,GIU,XUYEN_THAT,3,false,false,,
OPUSDT,307,9,2,ABOVE,XUYEN_THAT,XUYEN_THAT,3,true,false,1,false
OPUSDT,308,12,2,BELOW,PHA_GIA,XUYEN_THAT,3,true,true,4,false
OPUSDT,309,8,2,ABOVE,GIU,XUYEN_THAT,3,false,false,,
OPUSDT,310,2,2,BELOW,PHA_GIA,CHAN,1,true,true,2,false
OPUSDT,311,46,2,BELOW,PHA_GIA,XUYEN_THAT,1,true,true,2,false
OPUSDT,312,6,2,ABOVE,GIU,CHAN,3,false,false,,
OPUSDT,313,36,2,BELOW,XUYEN_THAT,XUYEN_THAT,3,true,false,2,false
OPUSDT,314,7,2,BELOW,GIU,CHAN,3,false,false,,
OPUSDT,315,3,2,ABOVE,PHA_GIA,CHAN,2,true,true,3,false
OPUSDT,316,4,2,BELOW,PHA_GIA,XUYEN_THAT,3,true,true,5,false
OPUSDT,317,33,2,ABOVE,GIU,XUYEN_THAT,1,false,false,,
OPUSDT,318,12,2,BELOW,XUYEN_THAT,XUYEN_THAT,3,true,false,3,false
OPUSDT,319,16,2,BELOW,GIU,XUYEN_THAT,2,false,false,,
OPUSDT,320,5,1,BELOW,GIU,CHAN,4,false,false,,
OPUSDT,321,18,2,ABOVE,GIU,XUYEN_THAT,3,false,false,,
OPUSDT,322,2,2,BELOW,PHA_GIA,CHAN,1,true,true,0,false
OPUSDT,323,3,2,ABOVE,XUYEN_THAT,XUYEN_THAT,2,true,false,1,false
OPUSDT,325,57,2,BELOW,PHA_GIA,XUYEN_THAT,2,true,true,5,false
OPUSDT,326,7,2,ABOVE,PHA_GIA,CHAN,2,true,true,1,false
OPUSDT,327,12,2,BELOW,GIU,XUYEN_THAT,4,false,false,,
OPUSDT,328,2,1,BELOW,GIU,CHAN,4,false,false,,
OPUSDT,330,6,2,BELOW,XUYEN_THAT,XUYEN_THAT,3,true,false,7,false
OPUSDT,332,15,2,ABOVE,XUYEN_THAT,XUYEN_THAT,1,true,false,0,false
OPUSDT,333,2,1,ABOVE,GIU,CHAN,2,false,false,,
OPUSDT,334,8,2,BELOW,XUYEN_THAT,XUYEN_THAT,1,true,false,8,false
OPUSDT,337,1,1,ABOVE,PHA_GIA,CHAN,0,true,true,3,false
OPUSDT,338,12,2,ABOVE,GIU,XUYEN_THAT,3,false,false,,
OPUSDT,339,1,1,BELOW,GIU,CHAN,1,false,false,,
OPUSDT,340,19,2,BELOW,PHA_GIA,XUYEN_THAT,1,true,true,2,false
OPUSDT,341,42,2,ABOVE,PHA_GIA,XUYEN_THAT,2,true,true,1,false
OPUSDT,342,18,2,BELOW,GIU,XUYEN_THAT,2,false,false,,
OPUSDT,346,1,1,BELOW,GIU,CHAN,3,false,false,,
OPUSDT,347,1,1,ABOVE,PHA_GIA,CHAN,3,true,true,2,false
OPUSDT,348,7,2,ABOVE,XUYEN_THAT,XUYEN_THAT,1,true,false,0,false
OPUSDT,349,4,2,ABOVE,PHA_GIA,XUYEN_THAT,2,true,true,1,false
OPUSDT,350,3,1,ABOVE,PHA_GIA,CHAN,2,true,true,6,false
OPUSDT,351,1,1,BELOW,GIU,CHAN,2,false,false,,
OPUSDT,352,10,2,BELOW,PHA_GIA,XUYEN_THAT,3,true,true,4,false
OPUSDT,353,6,2,BELOW,PHA_GIA,CHAN,3,true,true,7,false
OPUSDT,354,27,2,ABOVE,GIU,XUYEN_THAT,2,false,false,,
OPUSDT,355,17,2,ABOVE,GIU,XUYEN_THAT,3,false,false,,
OPUSDT,356,23,2,ABOVE,GIU,XUYEN_THAT,5,false,false,,
OPUSDT,357,3,2,BELOW,PHA_GIA,XUYEN_THAT,2,true,true,1,false
OPUSDT,358,1,1,BELOW,GIU,CHAN,2,false,false,,
OPUSDT,359,5,2,BELOW,GIU,CHAN,4,false,false,,
OPUSDT,360,5,2,BELOW,GIU,XUYEN_THAT,2,false,false,,
OPUSDT,362,6,2,BELOW,XUYEN_THAT,XUYEN_THAT,3,true,false,1,false
OPUSDT,363,26,2,BELOW,XUYEN_THAT,XUYEN_THAT,1,true,false,1,false
OPUSDT,365,19,2,ABOVE,PHA_GIA,XUYEN_THAT,2,true,true,1,false
OPUSDT,366,22,2,BELOW,GIU,XUYEN_THAT,1,false,false,,
OPUSDT,367,9,2,BELOW,PHA_GIA,XUYEN_THAT,0,true,true,0,false
OPUSDT,369,9,2,BELOW,GIU,XUYEN_THAT,1,false,false,,
OPUSDT,370,27,2,ABOVE,PHA_GIA,XUYEN_THAT,1,true,true,0,false
OPUSDT,371,12,2,BELOW,PHA_GIA,XUYEN_THAT,2,true,true,1,false
OPUSDT,374,4,2,ABOVE,PHA_GIA,CHAN,2,true,true,1,false
OPUSDT,375,1,1,ABOVE,GIU,CHAN,1,false,false,,
OPUSDT,377,7,2,BELOW,PHA_GIA,CHAN,1,true,true,2,false
OPUSDT,378,2,2,BELOW,XUYEN_THAT,XUYEN_THAT,2,true,false,0,false
OPUSDT,379,14,2,BELOW,PHA_GIA,XUYEN_THAT,1,true,true,0,false
OPUSDT,380,3,2,ABOVE,XUYEN_THAT,XUYEN_THAT,0,true,false,0,false
OPUSDT,381,3,1,ABOVE,GIU,CHAN,3,false,false,,
OPUSDT,384,2,2,BELOW,XUYEN_THAT,XUYEN_THAT,1,true,false,0,false
OPUSDT,385,6,2,BELOW,XUYEN_THAT,XUYEN_THAT,2,true,false,7,false
OPUSDT,386,3,2,BELOW,XUYEN_THAT,XUYEN_THAT,2,true,false,1,false
OPUSDT,387,23,2,BELOW,XUYEN_THAT,XUYEN_THAT,1,true,false,5,false
OPUSDT,388,14,2,BELOW,XUYEN_THAT,XUYEN_THAT,0,true,false,0,false
OPUSDT,389,16,2,BELOW,PHA_GIA,XUYEN_THAT,4,true,true,5,false
OPUSDT,390,4,1,BELOW,GIU,CHAN,2,false,false,,
OPUSDT,391,7,2,BELOW,PHA_GIA,XUYEN_THAT,3,true,true,6,false
OPUSDT,392,7,2,ABOVE,PHA_GIA,CHAN,0,true,true,0,false
OPUSDT,394,24,2,BELOW,XUYEN_THAT,XUYEN_THAT,3,true,false,2,false
OPUSDT,395,9,2,ABOVE,PHA_GIA,XUYEN_THAT,3,true,true,5,false
OPUSDT,397,6,2,BELOW,XUYEN_THAT,XUYEN_THAT,1,true,false,1,false
OPUSDT,398,12,2,BELOW,GIU,XUYEN_THAT,2,false,false,,
OPUSDT,399,10,2,BELOW,XUYEN_THAT,XUYEN_THAT,2,true,false,0,false
OPUSDT,400,1,1,ABOVE,GIU,CHAN,5,false,false,,
OPUSDT,401,3,2,BELOW,XUYEN_THAT,XUYEN_THAT,0,true,false,1,false
OPUSDT,402,1,1,ABOVE,GIU,CHAN,1,false,false,,
OPUSDT,403,5,2,BELOW,XUYEN_THAT,XUYEN_THAT,2,true,false,8,false
OPUSDT,405,14,2,BELOW,GIU,XUYEN_THAT,2,false,false,,
OPUSDT,406,11,2,BELOW,XUYEN_THAT,XUYEN_THAT,4,true,false,4,false
OPUSDT,407,1,1,BELOW,XUYEN_THAT,XUYEN_THAT,1,true,false,0,false
OPUSDT,408,14,2,BELOW,GIU,XUYEN_THAT,0,false,false,,
OPUSDT,409,5,2,BELOW,PHA_GIA,CHAN,4,true,true,1,false
OPUSDT,410,5,2,BELOW,XUYEN_THAT,XUYEN_THAT,3,true,false,0,false
OPUSDT,411,10,2,BELOW,PHA_GIA,XUYEN_THAT,2,true,true,8,false
OPUSDT,412,13,2,BELOW,GIU,XUYEN_THAT,1,false,false,,
OPUSDT,413,12,2,BELOW,GIU,XUYEN_THAT,3,false,false,,
OPUSDT,414,3,2,BELOW,XUYEN_THAT,XUYEN_THAT,1,true,false,3,false
OPUSDT,415,8,2,ABOVE,GIU,CHAN,2,false,false,,
OPUSDT,416,12,2,ABOVE,GIU,XUYEN_THAT,3,false,false,,
OPUSDT,417,5,2,BELOW,GIU,XUYEN_THAT,2,false,false,,
OPUSDT,418,3,2,ABOVE,XUYEN_THAT,XUYEN_THAT,2,true,false,7,false
OPUSDT,419,5,2,BELOW,GIU,CHAN,4,false,false,,
OPUSDT,420,6,2,ABOVE,PHA_GIA,CHAN,3,true,true,7,false
OPUSDT,422,12,2,BELOW,GIU,XUYEN_THAT,3,false,false,,
OPUSDT,423,19,2,BELOW,GIU,XUYEN_THAT,2,false,false,,
OPUSDT,424,1,1,BELOW,XUYEN_THAT,XUYEN_THAT,0,true,false,1,false
OPUSDT,425,53,2,ABOVE,GIU,XUYEN_THAT,1,false,false,,
OPUSDT,426,21,2,BELOW,PHA_GIA,XUYEN_THAT,3,true,true,1,false
OPUSDT,427,8,2,ABOVE,GIU,CHAN,1,false,false,,
OPUSDT,428,5,2,ABOVE,PHA_GIA,XUYEN_THAT,1,true,true,3,false
OPUSDT,430,14,2,ABOVE,GIU,XUYEN_THAT,1,false,false,,
OPUSDT,431,2,2,ABOVE,XUYEN_THAT,XUYEN_THAT,0,true,false,1,false
OPUSDT,432,3,2,ABOVE,XUYEN_THAT,XUYEN_THAT,1,true,false,8,false
OPUSDT,434,11,2,BELOW,GIU,XUYEN_THAT,4,false,false,,
OPUSDT,435,2,1,BELOW,PHA_GIA,CHAN,1,true,true,3,false
OPUSDT,436,6,2,BELOW,GIU,XUYEN_THAT,0,false,false,,
OPUSDT,437,27,2,BELOW,GIU,XUYEN_THAT,2,false,false,,
OPUSDT,438,3,1,ABOVE,GIU,XUYEN_THAT,2,false,false,,
OPUSDT,439,4,2,ABOVE,XUYEN_THAT,XUYEN_THAT,0,true,false,0,false
OPUSDT,440,48,2,BELOW,GIU,XUYEN_THAT,3,false,false,,
OPUSDT,441,10,2,BELOW,XUYEN_THAT,XUYEN_THAT,0,true,false,7,false
OPUSDT,442,9,2,BELOW,GIU,XUYEN_THAT,2,false,false,,
OPUSDT,443,20,2,BELOW,XUYEN_THAT,XUYEN_THAT,2,true,false,0,false
OPUSDT,444,2,2,BELOW,PHA_GIA,XUYEN_THAT,3,true,true,1,false
OPUSDT,445,1,1,ABOVE,GIU,CHAN,3,false,false,,
OPUSDT,446,5,1,ABOVE,GIU,CHAN,3,false,false,,
OPUSDT,447,38,2,ABOVE,GIU,XUYEN_THAT,2,false,false,,
OPUSDT,448,1,1,BELOW,GIU,CHAN,2,false,false,,
OPUSDT,449,1,1,BELOW,GIU,CHAN,4,false,false,,
OPUSDT,450,2,1,BELOW,GIU,CHAN,4,false,false,,
OPUSDT,451,39,2,BELOW,XUYEN_THAT,XUYEN_THAT,0,true,false,0,false
OPUSDT,452,26,2,BELOW,PHA_GIA,XUYEN_THAT,2,true,true,3,false
OPUSDT,453,12,2,BELOW,XUYEN_THAT,XUYEN_THAT,1,true,false,4,false
OPUSDT,454,25,2,BELOW,GIU,XUYEN_THAT,2,false,false,,
OPUSDT,455,1,1,BELOW,GIU,CHAN,1,false,false,,
OPUSDT,457,14,2,BELOW,XUYEN_THAT,XUYEN_THAT,1,true,false,0,false
OPUSDT,458,18,2,BELOW,XUYEN_THAT,XUYEN_THAT,4,true,false,4,false
OPUSDT,459,5,2,ABOVE,GIU,XUYEN_THAT,2,false,false,,
OPUSDT,460,3,1,ABOVE,GIU,CHAN,0,false,false,,
OPUSDT,461,20,2,BELOW,GIU,XUYEN_THAT,4,false,false,,
OPUSDT,462,5,1,BELOW,GIU,CHAN,2,false,false,,
OPUSDT,463,16,2,ABOVE,GIU,XUYEN_THAT,2,false,false,,
OPUSDT,464,5,2,ABOVE,XUYEN_THAT,XUYEN_THAT,1,true,false,3,false
OPUSDT,465,17,2,BELOW,GIU,XUYEN_THAT,3,false,false,,
OPUSDT,466,16,2,ABOVE,GIU,XUYEN_THAT,5,false,false,,
OPUSDT,468,19,2,BELOW,PHA_GIA,XUYEN_THAT,3,true,true,1,false
OPUSDT,469,44,2,ABOVE,PHA_GIA,XUYEN_THAT,2,true,true,3,false
OPUSDT,470,3,2,BELOW,PHA_GIA,CHAN,3,true,true,2,false
OPUSDT,471,11,2,ABOVE,GIU,XUYEN_THAT,1,false,false,,
OPUSDT,472,10,2,BELOW,GIU,XUYEN_THAT,1,false,false,,
OPUSDT,473,14,2,ABOVE,PHA_GIA,XUYEN_THAT,2,true,true,1,false
OPUSDT,474,3,2,BELOW,PHA_GIA,CHAN,2,true,true,2,false
OPUSDT,476,6,2,BELOW,GIU,CHAN,4,false,false,,
OPUSDT,477,8,2,BELOW,GIU,XUYEN_THAT,3,false,false,,
OPUSDT,478,4,2,ABOVE,XUYEN_THAT,XUYEN_THAT,1,true,false,6,false
OPUSDT,479,19,2,BELOW,PHA_GIA,XUYEN_THAT,2,true,true,1,false
OPUSDT,480,21,2,BELOW,PHA_GIA,XUYEN_THAT,2,true,true,2,false
OPUSDT,481,3,1,ABOVE,GIU,CHAN,2,false,false,,
OPUSDT,484,58,2,BELOW,XUYEN_THAT,XUYEN_THAT,2,true,false,3,false
OPUSDT,486,7,2,BELOW,XUYEN_THAT,XUYEN_THAT,2,true,false,3,false
OPUSDT,487,2,1,BELOW,GIU,CHAN,3,false,false,,
OPUSDT,488,6,2,ABOVE,XUYEN_THAT,XUYEN_THAT,1,true,false,6,false
OPUSDT,489,4,2,BELOW,PHA_GIA,XUYEN_THAT,2,true,true,2,false
OPUSDT,490,22,2,BELOW,GIU,XUYEN_THAT,2,false,false,,
OPUSDT,491,2,1,BELOW,GIU,CHAN,1,false,false,,
OPUSDT,493,1,1,BELOW,GIU,CHAN,2,false,false,,
OPUSDT,495,1,1,ABOVE,XUYEN_THAT,XUYEN_THAT,0,true,false,0,false
OPUSDT,496,25,2,BELOW,GIU,XUYEN_THAT,3,false,false,,
OPUSDT,497,4,2,ABOVE,GIU,XUYEN_THAT,3,false,false,,
OPUSDT,498,3,2,ABOVE,PHA_GIA,XUYEN_THAT,3,true,true,1,false
OPUSDT,499,9,2,ABOVE,GIU,XUYEN_THAT,1,false,false,,
OPUSDT,500,1,1,BELOW,GIU,CHAN,2,false,false,,
OPUSDT,502,2,1,BELOW,GIU,CHAN,1,false,false,,
OPUSDT,503,4,2,BELOW,GIU,XUYEN_THAT,2,false,false,,
OPUSDT,504,15,2,BELOW,GIU,XUYEN_THAT,1,false,false,,
OPUSDT,507,20,2,BELOW,PHA_GIA,XUYEN_THAT,3,true,true,6,false
OPUSDT,508,8,2,BELOW,PHA_GIA,XUYEN_THAT,0,true,true,1,false
OPUSDT,509,14,2,ABOVE,PHA_GIA,XUYEN_THAT,3,true,true,1,false
OPUSDT,510,8,2,BELOW,GIU,XUYEN_THAT,4,false,false,,
OPUSDT,511,13,2,ABOVE,GIU,XUYEN_THAT,0,false,false,,
OPUSDT,512,6,2,ABOVE,GIU,CHAN,1,false,false,,
OPUSDT,513,11,2,ABOVE,XUYEN_THAT,XUYEN_THAT,4,true,false,2,false
OPUSDT,514,1,1,ABOVE,XUYEN_THAT,XUYEN_THAT,1,true,false,1,false
OPUSDT,515,3,2,BELOW,XUYEN_THAT,XUYEN_THAT,2,true,false,2,false
OPUSDT,516,34,2,ABOVE,PHA_GIA,XUYEN_THAT,4,true,true,6,false
OPUSDT,518,10,2,ABOVE,GIU,CHAN,1,false,false,,
OPUSDT,520,4,2,BELOW,PHA_GIA,CHAN,3,true,true,6,false
OPUSDT,522,7,2,ABOVE,GIU,XUYEN_THAT,1,false,false,,
OPUSDT,523,8,1,BELOW,GIU,CHAN,3,false,false,,
OPUSDT,524,1,1,BELOW,GIU,CHAN,4,false,false,,
OPUSDT,526,6,2,BELOW,GIU,XUYEN_THAT,2,false,false,,
OPUSDT,528,18,2,ABOVE,GIU,XUYEN_THAT,2,false,false,,
OPUSDT,529,7,2,ABOVE,PHA_GIA,XUYEN_THAT,2,true,true,7,false
OPUSDT,531,5,1,BELOW,XUYEN_THAT,XUYEN_THAT,2,true,false,2,false
OPUSDT,532,2,2,BELOW,PHA_GIA,CHAN,3,true,true,5,false
OPUSDT,535,8,2,BELOW,XUYEN_THAT,XUYEN_THAT,2,true,false,1,false
OPUSDT,536,31,2,BELOW,PHA_GIA,XUYEN_THAT,2,true,true,0,false
OPUSDT,538,15,2,ABOVE,GIU,XUYEN_THAT,3,false,false,,
OPUSDT,539,7,2,ABOVE,XUYEN_THAT,XUYEN_THAT,2,true,false,8,false
OPUSDT,540,27,2,BELOW,GIU,XUYEN_THAT,2,false,false,,
OPUSDT,541,12,2,BELOW,GIU,XUYEN_THAT,2,false,false,,
OPUSDT,543,4,1,ABOVE,GIU,CHAN,3,false,false,,
OPUSDT,544,16,2,BELOW,GIU,XUYEN_THAT,2,false,false,,
OPUSDT,545,1,1,ABOVE,GIU,CHAN,3,false,false,,
OPUSDT,547,17,2,ABOVE,GIU,XUYEN_THAT,2,false,false,,
OPUSDT,548,18,2,BELOW,GIU,XUYEN_THAT,2,false,false,,
OPUSDT,549,5,1,BELOW,GIU,CHAN,1,false,false,,
OPUSDT,551,4,2,BELOW,XUYEN_THAT,XUYEN_THAT,3,true,false,6,false
OPUSDT,552,4,1,ABOVE,XUYEN_THAT,XUYEN_THAT,2,true,false,5,false
OPUSDT,553,9,2,BELOW,PHA_GIA,XUYEN_THAT,3,true,true,5,false
OPUSDT,554,5,2,BELOW,GIU,XUYEN_THAT,1,false,false,,
OPUSDT,555,19,2,ABOVE,XUYEN_THAT,XUYEN_THAT,1,true,false,1,false
OPUSDT,556,6,2,BELOW,PHA_GIA,CHAN,1,true,true,4,false
OPUSDT,558,7,2,ABOVE,PHA_GIA,XUYEN_THAT,1,true,true,2,false
OPUSDT,559,7,2,ABOVE,GIU,CHAN,1,false,false,,
OPUSDT,560,5,2,ABOVE,GIU,XUYEN_THAT,3,false,false,,
OPUSDT,561,11,2,BELOW,GIU,CHAN,4,false,false,,
OPUSDT,562,1,1,BELOW,GIU,CHAN,1,false,false,,
OPUSDT,563,2,2,BELOW,XUYEN_THAT,XUYEN_THAT,2,true,false,3,false
OPUSDT,565,6,2,BELOW,XUYEN_THAT,XUYEN_THAT,2,true,false,3,false
OPUSDT,566,26,2,BELOW,XUYEN_THAT,XUYEN_THAT,3,true,false,8,false
OPUSDT,568,5,2,BELOW,PHA_GIA,XUYEN_THAT,1,true,true,6,false
OPUSDT,569,3,2,BELOW,PHA_GIA,XUYEN_THAT,2,true,true,1,false
OPUSDT,570,3,2,BELOW,PHA_GIA,CHAN,0,true,true,5,false
OPUSDT,571,5,1,ABOVE,GIU,CHAN,2,false,false,,
OPUSDT,572,5,2,BELOW,GIU,XUYEN_THAT,2,false,false,,
OPUSDT,573,3,2,BELOW,PHA_GIA,CHAN,1,true,true,2,false
OPUSDT,575,8,2,BELOW,GIU,XUYEN_THAT,3,false,false,,
OPUSDT,576,14,2,BELOW,PHA_GIA,XUYEN_THAT,2,true,true,1,false
OPUSDT,577,3,1,BELOW,GIU,CHAN,2,false,false,,
OPUSDT,578,22,2,ABOVE,PHA_GIA,XUYEN_THAT,1,true,true,5,false
OPUSDT,582,5,2,BELOW,GIU,XUYEN_THAT,1,false,false,,
OPUSDT,583,13,2,BELOW,GIU,XUYEN_THAT,2,false,false,,
OPUSDT,584,14,2,ABOVE,GIU,XUYEN_THAT,4,false,false,,
OPUSDT,585,11,2,ABOVE,GIU,XUYEN_THAT,1,false,false,,
OPUSDT,586,6,2,BELOW,XUYEN_THAT,XUYEN_THAT,3,true,false,4,false
OPUSDT,587,3,1,BELOW,GIU,CHAN,1,false,false,,
OPUSDT,588,8,2,BELOW,XUYEN_THAT,XUYEN_THAT,2,true,false,6,false
OPUSDT,590,10,2,BELOW,PHA_GIA,XUYEN_THAT,1,true,true,0,false
OPUSDT,592,5,2,BELOW,PHA_GIA,XUYEN_THAT,3,true,true,0,false
OPUSDT,593,10,2,BELOW,PHA_GIA,XUYEN_THAT,1,true,true,6,false
OPUSDT,594,16,2,BELOW,PHA_GIA,XUYEN_THAT,2,true,true,5,false
OPUSDT,595,7,2,BELOW,PHA_GIA,CHAN,1,true,true,4,false
OPUSDT,596,8,2,BELOW,PHA_GIA,XUYEN_THAT,1,true,true,4,false
OPUSDT,597,27,2,BELOW,GIU,XUYEN_THAT,1,false,false,,
OPUSDT,598,8,2,ABOVE,GIU,XUYEN_THAT,1,false,false,,
OPUSDT,600,11,2,BELOW,XUYEN_THAT,XUYEN_THAT,0,true,false,1,false
OPUSDT,601,29,2,BELOW,GIU,XUYEN_THAT,3,false,false,,
OPUSDT,602,1,1,ABOVE,GIU,CHAN,2,false,false,,
OPUSDT,603,23,2,BELOW,XUYEN_THAT,XUYEN_THAT,1,true,false,1,false
OPUSDT,604,11,2,ABOVE,XUYEN_THAT,XUYEN_THAT,1,true,false,1,false
OPUSDT,605,2,1,BELOW,GIU,CHAN,2,false,false,,
OPUSDT,606,3,2,ABOVE,PHA_GIA,CHAN,1,true,true,1,false
OPUSDT,607,19,2,BELOW,GIU,XUYEN_THAT,1,false,false,,
OPUSDT,608,11,2,ABOVE,XUYEN_THAT,XUYEN_THAT,0,true,false,0,false
OPUSDT,609,1,1,ABOVE,GIU,CHAN,1,false,false,,
OPUSDT,610,6,1,BELOW,GIU,CHAN,2,false,false,,
OPUSDT,612,7,2,BELOW,PHA_GIA,XUYEN_THAT,2,true,true,2,false
OPUSDT,613,17,2,ABOVE,GIU,XUYEN_THAT,1,false,false,,
OPUSDT,614,4,1,ABOVE,GIU,CHAN,4,false,false,,
OPUSDT,615,6,2,ABOVE,GIU,XUYEN_THAT,0,false,false,,
OPUSDT,616,3,1,ABOVE,GIU,CHAN,1,false,false,,
OPUSDT,617,14,2,BELOW,GIU,XUYEN_THAT,0,false,false,,
OPUSDT,618,21,2,BELOW,XUYEN_THAT,XUYEN_THAT,0,true,false,2,false
OPUSDT,620,17,2,ABOVE,XUYEN_THAT,XUYEN_THAT,0,true,false,2,false
OPUSDT,621,19,2,ABOVE,GIU,XUYEN_THAT,1,false,false,,
OPUSDT,622,13,2,ABOVE,XUYEN_THAT,XUYEN_THAT,0,true,false,0,false
OPUSDT,623,1,1,BELOW,GIU,CHAN,0,false,false,,
OPUSDT,624,3,2,BELOW,PHA_GIA,XUYEN_THAT,1,true,true,0,false
OPUSDT,625,33,2,BELOW,GIU,XUYEN_THAT,1,false,false,,
OPUSDT,627,4,2,ABOVE,XUYEN_THAT,XUYEN_THAT,1,true,false,4,false
OPUSDT,628,6,2,BELOW,PHA_GIA,XUYEN_THAT,1,true,true,0,false
OPUSDT,630,27,2,BELOW,PHA_GIA,XUYEN_THAT,1,true,true,3,false
OPUSDT,631,1,1,BELOW,GIU,CHAN,3,false,false,,
OPUSDT,632,4,2,BELOW,GIU,CHAN,2,false,false,,
OPUSDT,633,1,1,ABOVE,GIU,CHAN,2,false,false,,
OPUSDT,634,5,1,ABOVE,PHA_GIA,CHAN,2,true,true,3,false
OPUSDT,635,5,1,BELOW,GIU,CHAN,5,false,false,,
OPUSDT,636,15,2,BELOW,XUYEN_THAT,XUYEN_THAT,0,true,false,1,false
OPUSDT,638,30,2,BELOW,GIU,XUYEN_THAT,2,false,false,,
OPUSDT,640,1,1,BELOW,GIU,CHAN,3,false,false,,
OPUSDT,643,28,2,BELOW,GIU,XUYEN_THAT,2,false,false,,
OPUSDT,645,10,2,BELOW,GIU,CHAN,0,false,false,,
OPUSDT,646,6,2,BELOW,GIU,XUYEN_THAT,2,false,false,,
OPUSDT,647,5,2,ABOVE,PHA_GIA,XUYEN_THAT,0,true,true,0,false
OPUSDT,648,6,1,BELOW,XUYEN_THAT,XUYEN_THAT,0,true,false,0,false
OPUSDT,650,3,1,ABOVE,GIU,CHAN,2,false,false,,
OPUSDT,651,10,2,ABOVE,GIU,XUYEN_THAT,2,false,false,,
OPUSDT,653,4,2,ABOVE,GIU,XUYEN_THAT,2,false,false,,
OPUSDT,655,42,2,ABOVE,GIU,XUYEN_THAT,1,false,false,,
OPUSDT,658,9,2,ABOVE,GIU,XUYEN_THAT,2,false,false,,
OPUSDT,659,15,2,ABOVE,PHA_GIA,XUYEN_THAT,2,true,true,3,false
OPUSDT,660,13,2,BELOW,XUYEN_THAT,XUYEN_THAT,1,true,false,0,false
OPUSDT,661,2,1,ABOVE,GIU,CHAN,3,false,false,,
OPUSDT,662,13,2,BELOW,PHA_GIA,XUYEN_THAT,0,true,true,0,false
OPUSDT,663,7,1,BELOW,GIU,CHAN,2,false,false,,
OPUSDT,664,17,2,BELOW,GIU,XUYEN_THAT,4,false,false,,
OPUSDT,665,1,1,BELOW,GIU,CHAN,3,false,false,,
OPUSDT,666,8,2,BELOW,GIU,CHAN,2,false,false,,
OPUSDT,668,1,1,ABOVE,GIU,CHAN,2,false,false,,
OPUSDT,669,23,2,BELOW,GIU,XUYEN_THAT,4,false,false,,
OPUSDT,671,6,2,BELOW,GIU,CHAN,1,false,false,,
OPUSDT,673,3,2,ABOVE,PHA_GIA,CHAN,3,true,true,1,false
OPUSDT,674,5,2,ABOVE,XUYEN_THAT,XUYEN_THAT,3,true,false,5,false
OPUSDT,675,14,2,ABOVE,GIU,XUYEN_THAT,4,false,false,,
OPUSDT,676,5,2,ABOVE,XUYEN_THAT,XUYEN_THAT,0,true,false,7,false
OPUSDT,677,6,2,ABOVE,XUYEN_THAT,XUYEN_THAT,3,true,false,5,false
OPUSDT,678,3,2,ABOVE,PHA_GIA,CHAN,3,true,true,8,false
OPUSDT,679,12,2,ABOVE,PHA_GIA,XUYEN_THAT,0,true,true,2,false
OPUSDT,680,2,1,ABOVE,GIU,CHAN,1,false,false,,
OPUSDT,681,7,2,BELOW,GIU,XUYEN_THAT,1,false,false,,
OPUSDT,682,13,2,BELOW,GIU,XUYEN_THAT,5,false,false,,
OPUSDT,683,12,2,ABOVE,XUYEN_THAT,XUYEN_THAT,0,true,false,0,false
OPUSDT,684,13,2,BELOW,GIU,CHAN,4,false,false,,
OPUSDT,685,14,2,BELOW,GIU,CHAN,3,false,false,,
OPUSDT,686,16,2,ABOVE,GIU,CHAN,3,false,false,,
OPUSDT,687,9,2,ABOVE,GIU,XUYEN_THAT,3,false,false,,
OPUSDT,688,12,2,BELOW,GIU,XUYEN_THAT,3,false,false,,
OPUSDT,691,6,1,BELOW,GIU,CHAN,3,false,false,,
OPUSDT,693,3,2,ABOVE,GIU,XUYEN_THAT,2,false,false,,
OPUSDT,694,7,2,BELOW,GIU,XUYEN_THAT,3,false,false,,
OPUSDT,696,3,2,ABOVE,XUYEN_THAT,XUYEN_THAT,0,true,false,4,false
OPUSDT,697,8,1,ABOVE,GIU,CHAN,1,false,false,,
OPUSDT,698,14,2,ABOVE,PHA_GIA,XUYEN_THAT,3,true,true,4,false
OPUSDT,699,1,1,BELOW,XUYEN_THAT,XUYEN_THAT,2,true,false,7,true
OPUSDT,701,7,2,ABOVE,PHA_GIA,XUYEN_THAT,2,true,true,6,false
OPUSDT,703,11,2,ABOVE,GIU,XUYEN_THAT,3,false,false,,
OPUSDT,705,24,2,ABOVE,PHA_GIA,XUYEN_THAT,2,true,true,2,false
OPUSDT,706,23,2,BELOW,PHA_GIA,XUYEN_THAT,2,true,true,5,false
OPUSDT,707,12,2,ABOVE,PHA_GIA,XUYEN_THAT,1,true,true,1,false
OPUSDT,708,6,2,BELOW,PHA_GIA,XUYEN_THAT,0,true,true,0,false
OPUSDT,709,8,2,ABOVE,XUYEN_THAT,XUYEN_THAT,3,true,false,6,false
OPUSDT,710,10,2,ABOVE,PHA_GIA,CHAN,3,true,true,6,false
OPUSDT,712,3,1,BELOW,GIU,CHAN,2,false,false,,
OPUSDT,714,2,1,BELOW,GIU,CHAN,2,false,false,,
OPUSDT,715,8,2,ABOVE,GIU,CHAN,3,false,false,,
OPUSDT,716,6,2,BELOW,XUYEN_THAT,XUYEN_THAT,2,true,false,0,false
OPUSDT,718,12,2,ABOVE,PHA_GIA,XUYEN_THAT,3,true,true,6,true
OPUSDT,720,19,2,BELOW,GIU,XUYEN_THAT,2,false,false,,
OPUSDT,721,5,2,ABOVE,GIU,CHAN,4,false,false,,
OPUSDT,723,9,2,BELOW,XUYEN_THAT,XUYEN_THAT,3,true,false,3,false
OPUSDT,724,18,2,ABOVE,GIU,XUYEN_THAT,2,false,false,,
OPUSDT,725,2,1,BELOW,GIU,CHAN,4,false,false,,
OPUSDT,726,9,2,ABOVE,GIU,XUYEN_THAT,1,false,false,,
OPUSDT,727,6,2,ABOVE,XUYEN_THAT,XUYEN_THAT,0,true,false,0,false
OPUSDT,728,2,2,ABOVE,XUYEN_THAT,XUYEN_THAT,0,true,false,2,false
OPUSDT,729,17,2,BELOW,PHA_GIA,XUYEN_THAT,0,true,true,3,false
OPUSDT,730,9,2,ABOVE,PHA_GIA,XUYEN_THAT,2,true,true,2,false
OPUSDT,731,2,1,ABOVE,PHA_GIA,CHAN,2,true,true,8,false
OPUSDT,732,7,2,BELOW,GIU,CHAN,3,false,false,,
OPUSDT,733,3,2,BELOW,PHA_GIA,CHAN,5,true,true,7,false
OPUSDT,734,2,1,ABOVE,XUYEN_THAT,XUYEN_THAT,2,true,false,6,false
OPUSDT,735,2,1,BELOW,GIU,CHAN,3,false,false,,
OPUSDT,737,4,1,ABOVE,XUYEN_THAT,XUYEN_THAT,0,true,false,8,false
OPUSDT,738,2,1,ABOVE,PHA_GIA,CHAN,3,true,true,5,false
OPUSDT,739,6,2,ABOVE,GIU,CHAN,1,false,false,,
OPUSDT,740,7,2,BELOW,GIU,XUYEN_THAT,3,false,false,,
OPUSDT,741,6,2,ABOVE,PHA_GIA,XUYEN_THAT,0,true,true,6,false
OPUSDT,743,2,1,BELOW,GIU,CHAN,2,false,false,,
OPUSDT,744,4,1,BELOW,PHA_GIA,CHAN,2,true,true,7,false
OPUSDT,745,3,1,BELOW,GIU,CHAN,1,false,false,,
OPUSDT,748,4,1,ABOVE,GIU,CHAN,3,false,false,,
OPUSDT,749,14,2,BELOW,GIU,XUYEN_THAT,5,false,false,,
OPUSDT,750,2,1,BELOW,GIU,CHAN,0,false,false,,
OPUSDT,751,4,2,ABOVE,XUYEN_THAT,XUYEN_THAT,2,true,false,1,false
OPUSDT,752,1,1,BELOW,GIU,CHAN,3,false,false,,
OPUSDT,753,3,2,BELOW,PHA_GIA,XUYEN_THAT,3,true,true,2,false
OPUSDT,754,5,1,BELOW,GIU,CHAN,5,false,false,,
OPUSDT,755,5,1,ABOVE,GIU,CHAN,5,false,false,,
OPUSDT,756,3,1,BELOW,GIU,CHAN,1,false,false,,
OPUSDT,758,1,1,ABOVE,GIU,CHAN,2,false,false,,
OPUSDT,760,2,2,BELOW,XUYEN_THAT,XUYEN_THAT,3,true,false,4,false
OPUSDT,761,6,1,BELOW,GIU,CHAN,1,false,false,,
OPUSDT,762,3,1,ABOVE,XUYEN_THAT,XUYEN_THAT,1,true,false,3,false
OPUSDT,764,8,2,BELOW,GIU,XUYEN_THAT,2,false,false,,
OPUSDT,765,1,1,ABOVE,GIU,CHAN,3,false,false,,
OPUSDT,766,7,2,ABOVE,GIU,XUYEN_THAT,2,false,false,,
OPUSDT,767,1,1,BELOW,GIU,CHAN,3,false,false,,
OPUSDT,768,5,2,ABOVE,GIU,XUYEN_THAT,2,false,false,,
OPUSDT,769,6,2,BELOW,PHA_GIA,XUYEN_THAT,2,true,true,7,false
OPUSDT,770,5,2,BELOW,GIU,XUYEN_THAT,1,false,false,,
DOTUSDT,0,6,2,ABOVE,GIU,XUYEN_THAT,2,false,false,,
DOTUSDT,1,18,2,BELOW,PHA_GIA,XUYEN_THAT,3,true,true,1,false
DOTUSDT,2,2,2,BELOW,XUYEN_THAT,XUYEN_THAT,3,true,false,2,false
DOTUSDT,3,3,1,ABOVE,GIU,CHAN,0,false,false,,
DOTUSDT,4,6,2,BELOW,XUYEN_THAT,XUYEN_THAT,2,true,false,6,true
DOTUSDT,5,9,2,BELOW,XUYEN_THAT,XUYEN_THAT,1,true,false,4,false
DOTUSDT,6,11,2,ABOVE,GIU,XUYEN_THAT,5,false,false,,
DOTUSDT,8,11,2,BELOW,PHA_GIA,XUYEN_THAT,3,true,true,5,false
DOTUSDT,9,10,2,BELOW,XUYEN_THAT,XUYEN_THAT,0,true,false,0,false
DOTUSDT,11,24,2,BELOW,PHA_GIA,XUYEN_THAT,0,true,true,3,false
DOTUSDT,12,3,2,BELOW,XUYEN_THAT,XUYEN_THAT,2,true,false,4,false
DOTUSDT,13,14,2,BELOW,XUYEN_THAT,XUYEN_THAT,2,true,false,1,false
DOTUSDT,14,8,2,BELOW,XUYEN_THAT,XUYEN_THAT,2,true,false,1,false
DOTUSDT,15,5,2,BELOW,PHA_GIA,XUYEN_THAT,1,true,true,5,false
DOTUSDT,16,13,2,ABOVE,GIU,XUYEN_THAT,0,false,false,,
DOTUSDT,17,9,2,ABOVE,GIU,CHAN,3,false,false,,
DOTUSDT,20,11,2,BELOW,XUYEN_THAT,XUYEN_THAT,2,true,false,1,false
DOTUSDT,21,16,2,ABOVE,GIU,XUYEN_THAT,2,false,false,,
DOTUSDT,22,1,1,ABOVE,GIU,CHAN,3,false,false,,
DOTUSDT,23,6,2,BELOW,XUYEN_THAT,XUYEN_THAT,2,true,false,5,false
DOTUSDT,24,5,2,BELOW,PHA_GIA,XUYEN_THAT,2,true,true,2,false
DOTUSDT,25,15,2,ABOVE,GIU,XUYEN_THAT,3,false,false,,
DOTUSDT,26,9,2,BELOW,XUYEN_THAT,XUYEN_THAT,4,true,false,2,false
DOTUSDT,27,35,2,BELOW,GIU,XUYEN_THAT,2,false,false,,
DOTUSDT,28,1,1,ABOVE,GIU,CHAN,3,false,false,,
DOTUSDT,29,5,1,BELOW,GIU,CHAN,4,false,false,,
DOTUSDT,32,8,2,ABOVE,PHA_GIA,XUYEN_THAT,0,true,true,5,false
DOTUSDT,33,2,1,BELOW,GIU,CHAN,3,false,false,,
DOTUSDT,34,17,2,ABOVE,PHA_GIA,XUYEN_THAT,1,true,true,1,false
DOTUSDT,35,13,2,BELOW,PHA_GIA,XUYEN_THAT,1,true,true,3,false
DOTUSDT,38,12,2,BELOW,PHA_GIA,XUYEN_THAT,1,true,true,6,false
DOTUSDT,39,18,2,ABOVE,PHA_GIA,XUYEN_THAT,2,true,true,3,false
DOTUSDT,40,17,2,ABOVE,GIU,XUYEN_THAT,3,false,false,,
DOTUSDT,41,12,2,ABOVE,PHA_GIA,XUYEN_THAT,1,true,true,0,false
DOTUSDT,43,8,2,BELOW,GIU,XUYEN_THAT,3,false,false,,
DOTUSDT,45,11,2,BELOW,XUYEN_THAT,XUYEN_THAT,1,true,false,1,false
DOTUSDT,46,8,2,BELOW,XUYEN_THAT,XUYEN_THAT,2,true,false,5,false
DOTUSDT,47,10,2,BELOW,GIU,XUYEN_THAT,3,false,false,,
DOTUSDT,48,1,1,ABOVE,GIU,CHAN,1,false,false,,
DOTUSDT,50,5,2,BELOW,GIU,CHAN,3,false,false,,
DOTUSDT,51,7,2,BELOW,GIU,CHAN,2,false,false,,
DOTUSDT,52,33,2,BELOW,GIU,XUYEN_THAT,2,false,false,,
DOTUSDT,53,7,2,BELOW,PHA_GIA,XUYEN_THAT,2,true,true,3,false
DOTUSDT,54,12,2,BELOW,PHA_GIA,XUYEN_THAT,2,true,true,5,false
DOTUSDT,56,10,2,ABOVE,PHA_GIA,XUYEN_THAT,1,true,true,1,false
DOTUSDT,58,6,2,BELOW,XUYEN_THAT,XUYEN_THAT,0,true,false,7,false
DOTUSDT,59,1,1,ABOVE,GIU,CHAN,3,false,false,,
DOTUSDT,61,24,2,BELOW,PHA_GIA,XUYEN_THAT,1,true,true,1,false
DOTUSDT,62,2,2,ABOVE,XUYEN_THAT,XUYEN_THAT,1,true,false,2,true
DOTUSDT,64,9,2,BELOW,PHA_GIA,XUYEN_THAT,2,true,true,4,false
DOTUSDT,65,13,2,ABOVE,XUYEN_THAT,XUYEN_THAT,0,true,false,1,false
DOTUSDT,66,3,1,BELOW,GIU,CHAN,0,false,false,,
DOTUSDT,69,14,2,BELOW,PHA_GIA,XUYEN_THAT,1,true,true,0,false
DOTUSDT,70,28,2,BELOW,GIU,XUYEN_THAT,3,false,false,,
DOTUSDT,71,11,2,BELOW,PHA_GIA,XUYEN_THAT,2,true,true,4,false
DOTUSDT,72,20,2,BELOW,XUYEN_THAT,XUYEN_THAT,3,true,false,4,false
DOTUSDT,73,1,1,BELOW,PHA_GIA,CHAN,1,true,true,3,false
DOTUSDT,75,8,2,BELOW,GIU,CHAN,1,false,false,,
DOTUSDT,76,6,2,ABOVE,PHA_GIA,XUYEN_THAT,2,true,true,5,false
DOTUSDT,77,9,1,BELOW,GIU,XUYEN_THAT,3,false,false,,
DOTUSDT,79,32,2,BELOW,GIU,XUYEN_THAT,2,false,false,,
DOTUSDT,80,41,2,BELOW,PHA_GIA,XUYEN_THAT,1,true,true,0,false
DOTUSDT,81,6,2,BELOW,GIU,XUYEN_THAT,3,false,false,,
DOTUSDT,83,2,1,ABOVE,PHA_GIA,CHAN,1,true,true,3,false
DOTUSDT,84,4,2,BELOW,GIU,XUYEN_THAT,3,false,false,,
DOTUSDT,85,10,2,BELOW,GIU,XUYEN_THAT,3,false,false,,
DOTUSDT,88,16,2,BELOW,XUYEN_THAT,XUYEN_THAT,2,true,false,0,false
DOTUSDT,89,2,1,ABOVE,GIU,CHAN,1,false,false,,
DOTUSDT,90,1,1,BELOW,GIU,CHAN,2,false,false,,
DOTUSDT,91,11,2,BELOW,PHA_GIA,XUYEN_THAT,3,true,true,4,false
DOTUSDT,92,13,2,ABOVE,PHA_GIA,XUYEN_THAT,0,true,true,0,false
DOTUSDT,93,1,1,ABOVE,GIU,CHAN,2,false,false,,
DOTUSDT,94,2,1,ABOVE,GIU,CHAN,3,false,false,,
DOTUSDT,95,4,1,BELOW,PHA_GIA,CHAN,3,true,true,8,false
DOTUSDT,96,7,2,ABOVE,PHA_GIA,XUYEN_THAT,1,true,true,1,false
DOTUSDT,97,1,1,BELOW,GIU,CHAN,4,false,false,,
DOTUSDT,98,15,2,ABOVE,XUYEN_THAT,XUYEN_THAT,0,true,false,0,false
DOTUSDT,99,2,2,ABOVE,XUYEN_THAT,XUYEN_THAT,1,true,false,0,false
DOTUSDT,100,15,2,BELOW,GIU,XUYEN_THAT,2,false,false,,
DOTUSDT,101,11,2,ABOVE,XUYEN_THAT,XUYEN_THAT,1,true,false,0,false
DOTUSDT,102,2,1,ABOVE,GIU,CHAN,2,false,false,,
DOTUSDT,103,3,2,ABOVE,PHA_GIA,XUYEN_THAT,1,true,true,2,false
DOTUSDT,104,5,2,ABOVE,XUYEN_THAT,XUYEN_THAT,0,true,false,0,false
DOTUSDT,105,7,2,BELOW,XUYEN_THAT,XUYEN_THAT,1,true,false,0,false
DOTUSDT,106,12,2,BELOW,XUYEN_THAT,XUYEN_THAT,2,true,false,2,false
DOTUSDT,107,2,1,ABOVE,GIU,CHAN,3,false,false,,
DOTUSDT,108,2,1,ABOVE,GIU,CHAN,2,false,false,,
DOTUSDT,109,1,1,BELOW,PHA_GIA,CHAN,2,true,true,1,false
DOTUSDT,111,1,1,ABOVE,PHA_GIA,CHAN,1,true,true,0,false
DOTUSDT,112,21,2,BELOW,PHA_GIA,XUYEN_THAT,1,true,true,0,false
DOTUSDT,113,41,2,ABOVE,GIU,XUYEN_THAT,1,false,false,,
DOTUSDT,114,19,2,ABOVE,PHA_GIA,XUYEN_THAT,3,true,true,8,false
DOTUSDT,115,1,1,ABOVE,GIU,CHAN,1,false,false,,
DOTUSDT,116,12,2,ABOVE,XUYEN_THAT,XUYEN_THAT,3,true,false,1,false
DOTUSDT,117,5,1,ABOVE,GIU,XUYEN_THAT,1,false,false,,
DOTUSDT,118,5,1,BELOW,GIU,CHAN,2,false,false,,
DOTUSDT,119,6,2,ABOVE,GIU,XUYEN_THAT,1,false,false,,
DOTUSDT,121,14,2,BELOW,PHA_GIA,XUYEN_THAT,2,true,true,0,false
DOTUSDT,122,1,1,ABOVE,GIU,CHAN,2,false,false,,
DOTUSDT,123,21,2,BELOW,XUYEN_THAT,XUYEN_THAT,2,true,false,7,false
DOTUSDT,124,6,1,BELOW,GIU,CHAN,2,false,false,,
DOTUSDT,125,1,1,BELOW,XUYEN_THAT,XUYEN_THAT,0,true,false,0,false
DOTUSDT,126,7,1,ABOVE,GIU,CHAN,2,false,false,,
DOTUSDT,127,11,2,BELOW,GIU,XUYEN_THAT,2,false,false,,
DOTUSDT,128,6,2,ABOVE,GIU,XUYEN_THAT,3,false,false,,
DOTUSDT,129,7,2,BELOW,XUYEN_THAT,XUYEN_THAT,1,true,false,1,false
DOTUSDT,130,1,1,ABOVE,GIU,CHAN,2,false,false,,
DOTUSDT,131,4,2,BELOW,GIU,CHAN,2,false,false,,
DOTUSDT,132,17,2,BELOW,PHA_GIA,XUYEN_THAT,2,true,true,1,false
DOTUSDT,133,2,2,BELOW,PHA_GIA,CHAN,2,true,true,4,false
DOTUSDT,134,3,2,BELOW,XUYEN_THAT,XUYEN_THAT,4,true,false,6,false
DOTUSDT,135,32,2,BELOW,GIU,XUYEN_THAT,4,false,false,,
DOTUSDT,136,21,2,BELOW,PHA_GIA,XUYEN_THAT,1,true,true,1,false
DOTUSDT,137,4,1,ABOVE,GIU,CHAN,3,false,false,,
DOTUSDT,138,4,2,BELOW,PHA_GIA,XUYEN_THAT,2,true,true,2,false
DOTUSDT,139,7,1,BELOW,GIU,XUYEN_THAT,0,false,false,,
DOTUSDT,141,6,2,ABOVE,GIU,XUYEN_THAT,2,false,false,,
DOTUSDT,142,6,2,ABOVE,PHA_GIA,XUYEN_THAT,2,true,true,1,false
DOTUSDT,143,8,2,BELOW,GIU,XUYEN_THAT,2,false,false,,
DOTUSDT,144,9,2,BELOW,XUYEN_THAT,XUYEN_THAT,3,true,false,3,false
DOTUSDT,145,42,2,ABOVE,PHA_GIA,XUYEN_THAT,3,true,true,6,false
DOTUSDT,146,11,2,ABOVE,GIU,CHAN,4,false,false,,
DOTUSDT,148,28,2,BELOW,XUYEN_THAT,XUYEN_THAT,1,true,false,1,false
DOTUSDT,149,2,2,BELOW,XUYEN_THAT,XUYEN_THAT,1,true,false,3,false
DOTUSDT,151,4,2,ABOVE,PHA_GIA,XUYEN_THAT,1,true,true,1,false
DOTUSDT,152,2,1,BELOW,GIU,CHAN,2,false,false,,
DOTUSDT,153,13,2,BELOW,PHA_GIA,XUYEN_THAT,1,true,true,2,false
DOTUSDT,155,25,2,ABOVE,PHA_GIA,XUYEN_THAT,2,true,true,4,false
DOTUSDT,156,11,2,ABOVE,GIU,XUYEN_THAT,2,false,false,,
DOTUSDT,157,12,2,BELOW,PHA_GIA,XUYEN_THAT,1,true,true,1,false
DOTUSDT,158,3,1,BELOW,GIU,CHAN,3,false,false,,
DOTUSDT,160,11,2,BELOW,PHA_GIA,XUYEN_THAT,3,true,true,2,false
DOTUSDT,161,14,1,BELOW,GIU,CHAN,3,false,false,,
DOTUSDT,162,26,2,BELOW,PHA_GIA,XUYEN_THAT,1,true,true,0,false
DOTUSDT,163,5,2,ABOVE,GIU,CHAN,2,false,false,,
DOTUSDT,165,16,2,BELOW,PHA_GIA,XUYEN_THAT,1,true,true,2,false
DOTUSDT,166,5,1,BELOW,GIU,CHAN,1,false,false,,
DOTUSDT,167,10,2,ABOVE,XUYEN_THAT,XUYEN_THAT,0,true,false,0,false
DOTUSDT,168,10,2,BELOW,GIU,XUYEN_THAT,2,false,false,,
DOTUSDT,169,7,2,ABOVE,GIU,CHAN,4,false,false,,
DOTUSDT,170,10,2,BELOW,PHA_GIA,XUYEN_THAT,2,true,true,5,false
DOTUSDT,171,6,2,ABOVE,PHA_GIA,XUYEN_THAT,1,true,true,2,false
DOTUSDT,172,1,1,BELOW,XUYEN_THAT,XUYEN_THAT,1,true,false,0,false
DOTUSDT,173,1,1,BELOW,GIU,CHAN,3,false,false,,
DOTUSDT,174,6,2,BELOW,GIU,XUYEN_THAT,4,false,false,,
DOTUSDT,176,5,1,ABOVE,GIU,CHAN,3,false,false,,
DOTUSDT,177,11,2,BELOW,GIU,XUYEN_THAT,2,false,false,,
DOTUSDT,178,9,2,ABOVE,XUYEN_THAT,XUYEN_THAT,1,true,false,0,false
DOTUSDT,179,8,2,BELOW,PHA_GIA,XUYEN_THAT,1,true,true,1,false
DOTUSDT,180,12,2,BELOW,GIU,CHAN,2,false,false,,
DOTUSDT,181,12,2,ABOVE,XUYEN_THAT,XUYEN_THAT,1,true,false,7,true
DOTUSDT,182,13,2,BELOW,GIU,XUYEN_THAT,2,false,false,,
DOTUSDT,183,28,2,BELOW,PHA_GIA,XUYEN_THAT,3,true,true,8,false
DOTUSDT,184,6,2,ABOVE,GIU,XUYEN_THAT,1,false,false,,
DOTUSDT,185,2,2,BELOW,XUYEN_THAT,XUYEN_THAT,3,true,false,2,false
DOTUSDT,186,4,2,BELOW,XUYEN_THAT,XUYEN_THAT,2,true,false,8,false
DOTUSDT,188,6,2,BELOW,PHA_GIA,XUYEN_THAT,1,true,true,2,false
DOTUSDT,189,4,1,BELOW,GIU,CHAN,1,false,false,,
DOTUSDT,190,17,2,BELOW,PHA_GIA,XUYEN_THAT,3,true,true,3,false
DOTUSDT,191,3,1,ABOVE,GIU,CHAN,2,false,false,,
DOTUSDT,192,18,2,ABOVE,XUYEN_THAT,XUYEN_THAT,2,true,false,1,false
DOTUSDT,193,36,2,ABOVE,PHA_GIA,XUYEN_THAT,3,true,true,1,false
DOTUSDT,194,10,2,BELOW,GIU,CHAN,3,false,false,,
DOTUSDT,196,4,1,BELOW,GIU,XUYEN_THAT,2,false,false,,
DOTUSDT,199,16,2,BELOW,XUYEN_THAT,XUYEN_THAT,0,true,false,1,false
DOTUSDT,200,2,1,BELOW,GIU,CHAN,1,false,false,,
DOTUSDT,201,6,2,ABOVE,GIU,XUYEN_THAT,2,false,false,,
DOTUSDT,202,4,2,ABOVE,XUYEN_THAT,XUYEN_THAT,3,true,false,8,false
DOTUSDT,203,5,2,ABOVE,GIU,XUYEN_THAT,0,false,false,,
DOTUSDT,204,24,2,BELOW,GIU,XUYEN_THAT,2,false,false,,
DOTUSDT,207,13,2,ABOVE,GIU,XUYEN_THAT,2,false,false,,
DOTUSDT,208,18,2,BELOW,PHA_GIA,XUYEN_THAT,1,true,true,0,false
DOTUSDT,209,8,2,ABOVE,XUYEN_THAT,XUYEN_THAT,1,true,false,4,false
DOTUSDT,210,1,1,ABOVE,PHA_GIA,CHAN,2,true,true,2,false
DOTUSDT,211,8,2,BELOW,PHA_GIA,XUYEN_THAT,2,true,true,0,false
DOTUSDT,212,7,1,BELOW,GIU,CHAN,2,false,false,,
DOTUSDT,213,4,2,BELOW,GIU,CHAN,2,false,false,,
DOTUSDT,216,7,2,BELOW,XUYEN_THAT,XUYEN_THAT,0,true,false,4,false
DOTUSDT,217,12,2,BELOW,XUYEN_THAT,XUYEN_THAT,1,true,false,1,false
DOTUSDT,218,25,2,BELOW,XUYEN_THAT,XUYEN_THAT,1,true,false,5,false
DOTUSDT,219,2,2,ABOVE,PHA_GIA,CHAN,2,true,true,3,false
DOTUSDT,220,5,2,ABOVE,XUYEN_THAT,XUYEN_THAT,1,true,false,1,false
DOTUSDT,221,3,1,BELOW,GIU,CHAN,3,false,false,,
DOTUSDT,222,9,2,ABOVE,GIU,XUYEN_THAT,0,false,false,,
DOTUSDT,223,1,1,ABOVE,GIU,CHAN,2,false,false,,
DOTUSDT,224,6,2,ABOVE,XUYEN_THAT,XUYEN_THAT,1,true,false,1,false
DOTUSDT,225,12,2,ABOVE,PHA_GIA,XUYEN_THAT,3,true,true,2,true
DOTUSDT,226,5,2,ABOVE,PHA_GIA,XUYEN_THAT,0,true,true,1,false
DOTUSDT,227,11,2,BELOW,GIU,XUYEN_THAT,3,false,false,,
DOTUSDT,228,1,1,BELOW,XUYEN_THAT,XUYEN_THAT,1,true,false,2,false
DOTUSDT,229,11,2,BELOW,XUYEN_THAT,XUYEN_THAT,3,true,false,3,false
DOTUSDT,230,3,2,ABOVE,XUYEN_THAT,XUYEN_THAT,2,true,false,5,false
DOTUSDT,231,16,2,BELOW,GIU,XUYEN_THAT,2,false,false,,
DOTUSDT,232,9,2,BELOW,GIU,XUYEN_THAT,1,false,false,,
DOTUSDT,234,2,1,ABOVE,GIU,CHAN,3,false,false,,
DOTUSDT,236,13,2,BELOW,GIU,XUYEN_THAT,1,false,false,,
DOTUSDT,237,6,2,ABOVE,GIU,XUYEN_THAT,1,false,false,,
DOTUSDT,238,9,2,BELOW,PHA_GIA,XUYEN_THAT,2,true,true,3,false
DOTUSDT,239,8,2,ABOVE,XUYEN_THAT,XUYEN_THAT,4,true,false,3,false
DOTUSDT,240,4,2,BELOW,GIU,CHAN,3,false,false,,
DOTUSDT,241,4,1,BELOW,GIU,CHAN,5,false,false,,
DOTUSDT,242,15,2,ABOVE,XUYEN_THAT,XUYEN_THAT,2,true,false,6,false
DOTUSDT,243,44,2,BELOW,GIU,XUYEN_THAT,1,false,false,,
DOTUSDT,244,34,2,BELOW,GIU,XUYEN_THAT,3,false,false,,
DOTUSDT,245,18,2,ABOVE,GIU,XUYEN_THAT,3,false,false,,
DOTUSDT,246,7,1,BELOW,GIU,CHAN,3,false,false,,
DOTUSDT,247,2,2,BELOW,GIU,CHAN,2,false,false,,
DOTUSDT,248,9,2,ABOVE,PHA_GIA,XUYEN_THAT,1,true,true,1,false
DOTUSDT,249,3,2,ABOVE,XUYEN_THAT,XUYEN_THAT,2,true,false,1,false
DOTUSDT,250,6,2,ABOVE,PHA_GIA,CHAN,3,true,true,7,false
DOTUSDT,251,35,2,BELOW,GIU,XUYEN_THAT,0,false,false,,
DOTUSDT,252,1,1,BELOW,GIU,CHAN,2,false,false,,
DOTUSDT,253,34,2,BELOW,PHA_GIA,XUYEN_THAT,0,true,true,4,false
DOTUSDT,254,4,2,ABOVE,PHA_GIA,CHAN,1,true,true,0,false
DOTUSDT,257,4,2,BELOW,PHA_GIA,XUYEN_THAT,2,true,true,1,false
DOTUSDT,259,12,2,BELOW,XUYEN_THAT,XUYEN_THAT,2,true,false,2,false
DOTUSDT,260,3,2,ABOVE,GIU,CHAN,3,false,false,,
DOTUSDT,261,11,2,BELOW,GIU,XUYEN_THAT,1,false,false,,
DOTUSDT,263,16,2,BELOW,PHA_GIA,XUYEN_THAT,3,true,true,6,false
DOTUSDT,265,12,2,BELOW,PHA_GIA,CHAN,2,true,true,0,false
DOTUSDT,267,8,2,ABOVE,GIU,XUYEN_THAT,3,false,false,,
DOTUSDT,268,9,2,BELOW,GIU,XUYEN_THAT,2,false,false,,
DOTUSDT,269,4,1,ABOVE,GIU,CHAN,4,false,false,,
DOTUSDT,270,1,1,BELOW,GIU,CHAN,1,false,false,,
DOTUSDT,271,5,2,BELOW,PHA_GIA,XUYEN_THAT,0,true,true,0,false
DOTUSDT,272,5,1,ABOVE,GIU,CHAN,4,false,false,,
DOTUSDT,273,2,1,BELOW,GIU,CHAN,2,false,false,,
DOTUSDT,274,1,1,ABOVE,GIU,CHAN,3,false,false,,
DOTUSDT,275,7,2,ABOVE,PHA_GIA,CHAN,1,true,true,0,false
DOTUSDT,276,10,2,BELOW,GIU,XUYEN_THAT,4,false,false,,
DOTUSDT,278,6,2,BELOW,PHA_GIA,CHAN,2,true,true,8,false
DOTUSDT,279,11,2,ABOVE,XUYEN_THAT,XUYEN_THAT,1,true,false,0,false
DOTUSDT,281,9,2,BELOW,PHA_GIA,XUYEN_THAT,0,true,true,1,false
DOTUSDT,282,1,1,BELOW,GIU,CHAN,1,false,false,,
DOTUSDT,283,2,2,BELOW,PHA_GIA,XUYEN_THAT,1,true,true,2,false
DOTUSDT,284,8,2,BELOW,PHA_GIA,XUYEN_THAT,0,true,true,0,false
DOTUSDT,285,5,1,ABOVE,GIU,XUYEN_THAT,2,false,false,,
DOTUSDT,286,26,2,BELOW,PHA_GIA,XUYEN_THAT,2,true,true,0,false
DOTUSDT,287,12,2,ABOVE,XUYEN_THAT,XUYEN_THAT,2,true,false,1,false
DOTUSDT,289,6,2,ABOVE,XUYEN_THAT,XUYEN_THAT,1,true,false,2,false
DOTUSDT,292,13,1,BELOW,GIU,CHAN,2,false,false,,
DOTUSDT,293,2,1,ABOVE,PHA_GIA,CHAN,0,true,true,0,false
DOTUSDT,294,8,2,BELOW,GIU,XUYEN_THAT,1,false,false,,
DOTUSDT,295,5,1,BELOW,GIU,CHAN,3,false,false,,
DOTUSDT,296,16,2,BELOW,PHA_GIA,XUYEN_THAT,2,true,true,5,false
DOTUSDT,298,2,2,ABOVE,PHA_GIA,CHAN,1,true,true,4,false
DOTUSDT,299,1,1,BELOW,GIU,CHAN,3,false,false,,
DOTUSDT,300,10,2,ABOVE,XUYEN_THAT,XUYEN_THAT,1,true,false,0,false
DOTUSDT,302,21,2,BELOW,GIU,XUYEN_THAT,1,false,false,,
DOTUSDT,304,1,1,BELOW,PHA_GIA,CHAN,1,true,true,0,false
DOTUSDT,306,1,1,ABOVE,GIU,CHAN,3,false,false,,
DOTUSDT,307,1,1,BELOW,GIU,CHAN,2,false,false,,
DOTUSDT,308,4,2,ABOVE,PHA_GIA,XUYEN_THAT,3,true,true,3,false
DOTUSDT,310,8,2,ABOVE,GIU,XUYEN_THAT,1,false,false,,
DOTUSDT,311,26,2,ABOVE,GIU,XUYEN_THAT,1,false,false,,
DOTUSDT,312,6,2,BELOW,GIU,CHAN,3,false,false,,
DOTUSDT,313,10,2,BELOW,PHA_GIA,XUYEN_THAT,3,true,true,1,false
DOTUSDT,314,12,2,BELOW,PHA_GIA,XUYEN_THAT,0,true,true,1,false
DOTUSDT,317,8,2,BELOW,PHA_GIA,XUYEN_THAT,1,true,true,6,false
DOTUSDT,318,1,1,BELOW,PHA_GIA,CHAN,1,true,true,0,false
DOTUSDT,319,18,2,BELOW,PHA_GIA,XUYEN_THAT,2,true,true,4,false
DOTUSDT,320,3,2,ABOVE,XUYEN_THAT,XUYEN_THAT,1,true,false,0,false
DOTUSDT,321,5,2,BELOW,PHA_GIA,CHAN,3,true,true,3,false
DOTUSDT,322,5,2,ABOVE,GIU,CHAN,2,false,false,,
DOTUSDT,323,3,2,BELOW,GIU,CHAN,3,false,false,,
DOTUSDT,324,35,2,BELOW,GIU,XUYEN_THAT,1,false,false,,
DOTUSDT,325,18,2,ABOVE,PHA_GIA,XUYEN_THAT,3,true,true,5,false
DOTUSDT,326,18,2,BELOW,GIU,XUYEN_THAT,0,false,false,,
DOTUSDT,327,7,2,ABOVE,GIU,XUYEN_THAT,3,false,false,,
DOTUSDT,328,15,2,BELOW,GIU,XUYEN_THAT,4,false,false,,
DOTUSDT,329,9,2,BELOW,GIU,CHAN,2,false,false,,
DOTUSDT,330,7,2,BELOW,PHA_GIA,XUYEN_THAT,3,true,true,4,false
DOTUSDT,331,5,2,ABOVE,XUYEN_THAT,XUYEN_THAT,2,true,false,1,true
DOTUSDT,333,1,1,BELOW,GIU,CHAN,1,false,false,,
DOTUSDT,334,9,2,ABOVE,GIU,XUYEN_THAT,3,false,false,,
DOTUSDT,335,4,2,BELOW,XUYEN_THAT,XUYEN_THAT,1,true,false,0,false
DOTUSDT,336,12,2,BELOW,PHA_GIA,XUYEN_THAT,0,true,true,6,false
DOTUSDT,337,10,2,ABOVE,GIU,XUYEN_THAT,0,false,false,,
DOTUSDT,338,6,2,ABOVE,PHA_GIA,CHAN,2,true,true,4,false
DOTUSDT,339,10,2,BELOW,PHA_GIA,XUYEN_THAT,2,true,true,3,false
DOTUSDT,340,1,1,BELOW,PHA_GIA,CHAN,0,true,true,0,false
DOTUSDT,343,1,1,BELOW,PHA_GIA,CHAN,3,true,true,2,false
DOTUSDT,344,2,2,ABOVE,PHA_GIA,CHAN,1,true,true,5,false
DOTUSDT,345,10,2,BELOW,GIU,XUYEN_THAT,3,false,false,,
DOTUSDT,346,2,1,ABOVE,GIU,CHAN,3,false,false,,
DOTUSDT,347,17,2,ABOVE,PHA_GIA,XUYEN_THAT,0,true,true,0,false
DOTUSDT,348,25,2,BELOW,XUYEN_THAT,XUYEN_THAT,0,true,false,2,false
DOTUSDT,350,12,2,BELOW,XUYEN_THAT,XUYEN_THAT,3,true,false,4,false
DOTUSDT,352,65,2,ABOVE,PHA_GIA,XUYEN_THAT,2,true,true,5,false
DOTUSDT,356,17,2,ABOVE,PHA_GIA,XUYEN_THAT,2,true,true,2,false
DOTUSDT,357,4,2,BELOW,PHA_GIA,CHAN,2,true,true,4,false
DOTUSDT,360,1,1,BELOW,GIU,CHAN,0,false,false,,
DOTUSDT,361,1,1,BELOW,GIU,CHAN,0,false,false,,
DOTUSDT,363,19,2,BELOW,XUYEN_THAT,XUYEN_THAT,2,true,false,2,false
DOTUSDT,364,4,1,ABOVE,PHA_GIA,CHAN,1,true,true,1,false
DOTUSDT,365,5,2,ABOVE,XUYEN_THAT,XUYEN_THAT,2,true,false,2,false
DOTUSDT,369,6,2,BELOW,PHA_GIA,XUYEN_THAT,0,true,true,0,false
DOTUSDT,370,5,2,BELOW,XUYEN_THAT,XUYEN_THAT,1,true,false,2,true
DOTUSDT,371,1,1,BELOW,GIU,CHAN,1,false,false,,
DOTUSDT,372,1,1,ABOVE,XUYEN_THAT,XUYEN_THAT,1,true,false,2,false
DOTUSDT,374,25,2,BELOW,GIU,XUYEN_THAT,1,false,false,,
DOTUSDT,376,26,2,BELOW,GIU,XUYEN_THAT,3,false,false,,
DOTUSDT,378,19,2,ABOVE,GIU,CHAN,2,false,false,,
DOTUSDT,379,3,2,BELOW,PHA_GIA,XUYEN_THAT,2,true,true,1,false
DOTUSDT,380,3,2,BELOW,PHA_GIA,CHAN,2,true,true,2,false
DOTUSDT,381,11,2,BELOW,GIU,XUYEN_THAT,2,false,false,,
DOTUSDT,383,19,2,ABOVE,PHA_GIA,XUYEN_THAT,2,true,true,1,false
DOTUSDT,384,25,2,BELOW,XUYEN_THAT,XUYEN_THAT,2,true,false,1,false
DOTUSDT,385,4,2,ABOVE,PHA_GIA,XUYEN_THAT,1,true,true,7,false
DOTUSDT,388,3,2,BELOW,GIU,CHAN,1,false,false,,
DOTUSDT,389,12,1,ABOVE,GIU,CHAN,3,false,false,,
DOTUSDT,390,16,2,BELOW,XUYEN_THAT,XUYEN_THAT,1,true,false,1,true
DOTUSDT,391,1,1,ABOVE,PHA_GIA,CHAN,1,true,true,0,false
DOTUSDT,392,15,2,BELOW,PHA_GIA,XUYEN_THAT,3,true,true,0,false
DOTUSDT,393,1,1,ABOVE,GIU,CHAN,2,false,false,,
DOTUSDT,394,22,2,ABOVE,PHA_GIA,XUYEN_THAT,2,true,true,2,false
DOTUSDT,395,34,2,BELOW,GIU,XUYEN_THAT,1,false,false,,
DOTUSDT,396,14,2,BELOW,GIU,CHAN,1,false,false,,
DOTUSDT,397,2,2,ABOVE,PHA_GIA,CHAN,1,true,true,1,false
DOTUSDT,398,1,1,ABOVE,GIU,CHAN,1,false,false,,
DOTUSDT,399,6,2,ABOVE,GIU,XUYEN_THAT,3,false,false,,
DOTUSDT,401,1,1,BELOW,GIU,CHAN,1,false,false,,
DOTUSDT,402,11,2,BELOW,PHA_GIA,XUYEN_THAT,2,true,true,2,false
DOTUSDT,403,24,2,ABOVE,PHA_GIA,XUYEN_THAT,1,true,true,1,false
DOTUSDT,404,41,2,ABOVE,GIU,XUYEN_THAT,1,false,false,,
DOTUSDT,405,5,2,BELOW,PHA_GIA,CHAN,1,true,true,1,false
DOTUSDT,406,4,2,BELOW,PHA_GIA,XUYEN_THAT,3,true,true,1,false
DOTUSDT,408,9,2,ABOVE,GIU,XUYEN_THAT,2,false,false,,
DOTUSDT,409,20,2,BELOW,GIU,XUYEN_THAT,3,false,false,,
DOTUSDT,410,4,1,BELOW,GIU,CHAN,3,false,false,,
DOTUSDT,411,3,2,ABOVE,XUYEN_THAT,XUYEN_THAT,2,true,false,3,false
DOTUSDT,413,2,1,ABOVE,GIU,CHAN,2,false,false,,
DOTUSDT,414,15,2,ABOVE,PHA_GIA,XUYEN_THAT,2,true,true,8,false
DOTUSDT,415,1,1,BELOW,GIU,CHAN,2,false,false,,
DOTUSDT,416,8,2,BELOW,PHA_GIA,XUYEN_THAT,0,true,true,2,false
DOTUSDT,417,16,2,ABOVE,GIU,XUYEN_THAT,2,false,false,,
DOTUSDT,418,2,1,ABOVE,GIU,CHAN,1,false,false,,
DOTUSDT,419,3,1,BELOW,GIU,CHAN,2,false,false,,
DOTUSDT,420,9,2,BELOW,GIU,CHAN,2,false,false,,
DOTUSDT,421,10,2,ABOVE,PHA_GIA,XUYEN_THAT,3,true,true,2,false
DOTUSDT,422,6,2,BELOW,GIU,XUYEN_THAT,4,false,false,,
DOTUSDT,423,13,2,ABOVE,PHA_GIA,XUYEN_THAT,2,true,true,1,false
DOTUSDT,424,1,1,ABOVE,GIU,CHAN,2,false,false,,
DOTUSDT,425,1,1,BELOW,GIU,CHAN,2,false,false,,
DOTUSDT,426,1,1,BELOW,PHA_GIA,CHAN,2,true,true,4,false
DOTUSDT,427,3,2,ABOVE,PHA_GIA,XUYEN_THAT,2,true,true,1,false
DOTUSDT,428,10,2,ABOVE,PHA_GIA,XUYEN_THAT,2,true,true,7,false
DOTUSDT,431,18,2,ABOVE,GIU,XUYEN_THAT,2,false,false,,
DOTUSDT,432,5,2,ABOVE,PHA_GIA,XUYEN_THAT,1,true,true,0,false
DOTUSDT,434,9,2,ABOVE,GIU,CHAN,1,false,false,,
DOTUSDT,435,26,2,BELOW,PHA_GIA,XUYEN_THAT,3,true,true,1,false
DOTUSDT,439,4,2,BELOW,PHA_GIA,XUYEN_THAT,3,true,true,2,false
DOTUSDT,440,17,2,ABOVE,PHA_GIA,XUYEN_THAT,2,true,true,2,false
DOTUSDT,441,3,1,BELOW,GIU,CHAN,4,false,false,,
DOTUSDT,442,17,2,BELOW,GIU,CHAN,4,false,false,,
DOTUSDT,443,13,2,BELOW,XUYEN_THAT,XUYEN_THAT,1,true,false,2,false
DOTUSDT,445,2,2,BELOW,XUYEN_THAT,XUYEN_THAT,2,true,false,2,false
DOTUSDT,446,4,2,ABOVE,PHA_GIA,XUYEN_THAT,1,true,true,6,false
DOTUSDT,447,6,1,BELOW,GIU,CHAN,2,false,false,,
DOTUSDT,448,14,2,ABOVE,XUYEN_THAT,XUYEN_THAT,3,true,false,3,false
DOTUSDT,449,2,1,BELOW,GIU,CHAN,2,false,false,,
DOTUSDT,451,4,2,BELOW,XUYEN_THAT,XUYEN_THAT,1,true,false,1,false
DOTUSDT,452,11,2,BELOW,PHA_GIA,XUYEN_THAT,3,true,true,8,false
DOTUSDT,453,17,2,ABOVE,PHA_GIA,XUYEN_THAT,0,true,true,5,false
DOTUSDT,454,1,1,BELOW,GIU,CHAN,3,false,false,,
DOTUSDT,455,4,1,BELOW,PHA_GIA,CHAN,3,true,true,8,false
DOTUSDT,456,14,2,ABOVE,GIU,XUYEN_THAT,3,false,false,,
DOTUSDT,457,3,1,BELOW,GIU,CHAN,4,false,false,,
DOTUSDT,458,6,2,ABOVE,PHA_GIA,XUYEN_THAT,2,true,true,4,false
DOTUSDT,459,26,2,ABOVE,XUYEN_THAT,XUYEN_THAT,3,true,false,6,false
DOTUSDT,460,3,1,BELOW,GIU,CHAN,1,false,false,,
DOTUSDT,461,3,1,ABOVE,GIU,CHAN,3,false,false,,
DOTUSDT,462,1,1,BELOW,GIU,CHAN,2,false,false,,
DOTUSDT,463,5,1,BELOW,GIU,CHAN,2,false,false,,
DOTUSDT,464,4,2,ABOVE,GIU,CHAN,3,false,false,,
DOTUSDT,465,4,2,BELOW,PHA_GIA,XUYEN_THAT,2,true,true,1,false
DOTUSDT,468,6,2,BELOW,GIU,CHAN,3,false,false,,
DOTUSDT,469,9,2,BELOW,XUYEN_THAT,XUYEN_THAT,1,true,false,1,false
DOTUSDT,470,3,2,BELOW,XUYEN_THAT,XUYEN_THAT,3,true,false,1,false
DOTUSDT,471,9,2,ABOVE,GIU,CHAN,2,false,false,,
DOTUSDT,473,10,2,BELOW,PHA_GIA,XUYEN_THAT,2,true,true,7,false
DOTUSDT,475,5,1,ABOVE,GIU,CHAN,2,false,false,,
DOTUSDT,476,6,2,BELOW,GIU,CHAN,3,false,false,,
DOTUSDT,477,12,2,BELOW,XUYEN_THAT,XUYEN_THAT,1,true,false,7,false
DOTUSDT,478,14,2,BELOW,GIU,XUYEN_THAT,3,false,false,,
DOTUSDT,479,5,2,ABOVE,GIU,XUYEN_THAT,1,false,false,,
DOTUSDT,481,6,2,ABOVE,GIU,XUYEN_THAT,1,false,false,,
DOTUSDT,482,34,2,ABOVE,GIU,XUYEN_THAT,2,false,false,,
DOTUSDT,483,12,2,BELOW,PHA_GIA,XUYEN_THAT,1,true,true,4,false
DOTUSDT,484,2,1,BELOW,GIU,CHAN,2,false,false,,
DOTUSDT,485,7,2,ABOVE,GIU,XUYEN_THAT,4,false,false,,
DOTUSDT,488,6,2,BELOW,PHA_GIA,XUYEN_THAT,2,true,true,1,false
DOTUSDT,489,7,2,BELOW,GIU,XUYEN_THAT,1,false,false,,
DOTUSDT,490,1,1,BELOW,GIU,CHAN,1,false,false,,
DOTUSDT,491,1,1,ABOVE,GIU,CHAN,3,false,false,,
DOTUSDT,493,9,2,ABOVE,GIU,CHAN,1,false,false,,
DOTUSDT,494,9,2,BELOW,GIU,XUYEN_THAT,1,false,false,,
DOTUSDT,495,1,1,ABOVE,GIU,CHAN,1,false,false,,
DOTUSDT,496,6,2,ABOVE,GIU,CHAN,1,false,false,,
DOTUSDT,497,3,1,BELOW,GIU,CHAN,2,false,false,,
DOTUSDT,499,6,2,BELOW,PHA_GIA,XUYEN_THAT,1,true,true,4,false
DOTUSDT,502,11,2,ABOVE,GIU,CHAN,2,false,false,,
DOTUSDT,503,6,2,BELOW,GIU,XUYEN_THAT,2,false,false,,
DOTUSDT,504,9,2,BELOW,GIU,XUYEN_THAT,3,false,false,,
DOTUSDT,505,1,1,BELOW,GIU,CHAN,2,false,false,,
DOTUSDT,506,6,1,BELOW,GIU,CHAN,2,false,false,,
DOTUSDT,507,8,2,ABOVE,GIU,CHAN,5,false,false,,
DOTUSDT,508,19,2,BELOW,GIU,XUYEN_THAT,3,false,false,,
DOTUSDT,509,3,2,ABOVE,PHA_GIA,XUYEN_THAT,1,true,true,5,false
DOTUSDT,510,20,2,ABOVE,PHA_GIA,XUYEN_THAT,1,true,true,7,false
DOTUSDT,511,25,2,ABOVE,XUYEN_THAT,XUYEN_THAT,2,true,false,7,false
DOTUSDT,512,9,2,ABOVE,PHA_GIA,XUYEN_THAT,1,true,true,3,false
DOTUSDT,513,5,2,BELOW,PHA_GIA,XUYEN_THAT,1,true,true,4,false
DOTUSDT,514,4,2,BELOW,XUYEN_THAT,XUYEN_THAT,1,true,false,2,false
DOTUSDT,515,1,1,BELOW,GIU,CHAN,3,false,false,,
DOTUSDT,517,1,1,BELOW,GIU,CHAN,1,false,false,,
DOTUSDT,518,1,1,BELOW,GIU,CHAN,2,false,false,,
DOTUSDT,519,2,2,BELOW,PHA_GIA,CHAN,2,true,true,2,false
DOTUSDT,520,7,2,ABOVE,PHA_GIA,CHAN,3,true,true,2,false
DOTUSDT,522,19,2,BELOW,XUYEN_THAT,XUYEN_THAT,3,true,false,2,false
DOTUSDT,523,8,2,BELOW,GIU,XUYEN_THAT,4,false,false,,
DOTUSDT,524,3,1,BELOW,GIU,CHAN,2,false,false,,
DOTUSDT,525,1,1,BELOW,PHA_GIA,CHAN,2,true,true,3,false
DOTUSDT,526,2,1,BELOW,PHA_GIA,CHAN,2,true,true,3,false
DOTUSDT,527,9,2,ABOVE,PHA_GIA,CHAN,3,true,true,3,false
DOTUSDT,528,5,2,BELOW,PHA_GIA,XUYEN_THAT,3,true,true,6,false
DOTUSDT,529,4,2,BELOW,GIU,CHAN,3,false,false,,
DOTUSDT,530,5,2,BELOW,GIU,CHAN,4,false,false,,
DOTUSDT,531,21,2,ABOVE,PHA_GIA,XUYEN_THAT,3,true,true,4,false
DOTUSDT,532,11,2,BELOW,XUYEN_THAT,XUYEN_THAT,0,true,false,2,false
DOTUSDT,533,5,2,ABOVE,PHA_GIA,XUYEN_THAT,0,true,true,0,false
DOTUSDT,534,4,2,ABOVE,XUYEN_THAT,XUYEN_THAT,1,true,false,2,false
DOTUSDT,535,6,2,BELOW,PHA_GIA,XUYEN_THAT,0,true,true,0,false
DOTUSDT,536,7,2,ABOVE,PHA_GIA,XUYEN_THAT,1,true,true,1,false
DOTUSDT,537,1,1,ABOVE,GIU,CHAN,2,false,false,,
DOTUSDT,538,5,2,ABOVE,GIU,CHAN,4,false,false,,
DOTUSDT,539,1,1,ABOVE,GIU,CHAN,2,false,false,,
DOTUSDT,540,3,1,ABOVE,GIU,CHAN,2,false,false,,
DOTUSDT,541,9,2,BELOW,GIU,XUYEN_THAT,2,false,false,,
DOTUSDT,542,5,2,BELOW,PHA_GIA,CHAN,2,true,true,2,false
DOTUSDT,543,15,2,ABOVE,GIU,XUYEN_THAT,3,false,false,,
DOTUSDT,544,4,2,BELOW,XUYEN_THAT,XUYEN_THAT,1,true,false,0,false
DOTUSDT,545,7,1,BELOW,GIU,CHAN,1,false,false,,
DOTUSDT,546,2,2,BELOW,PHA_GIA,XUYEN_THAT,2,true,true,1,false
DOTUSDT,547,7,1,BELOW,GIU,CHAN,3,false,false,,
DOTUSDT,548,8,2,BELOW,PHA_GIA,CHAN,2,true,true,3,false
DOTUSDT,549,3,1,ABOVE,GIU,CHAN,0,false,false,,
DOTUSDT,550,14,2,ABOVE,GIU,XUYEN_THAT,2,false,false,,
DOTUSDT,551,22,2,BELOW,PHA_GIA,XUYEN_THAT,1,true,true,2,false
DOTUSDT,552,29,2,ABOVE,XUYEN_THAT,XUYEN_THAT,1,true,false,7,false
DOTUSDT,553,4,2,ABOVE,PHA_GIA,CHAN,2,true,true,1,false
DOTUSDT,554,38,2,ABOVE,XUYEN_THAT,XUYEN_THAT,2,true,false,1,false
DOTUSDT,556,7,2,ABOVE,PHA_GIA,XUYEN_THAT,2,true,true,1,false
DOTUSDT,558,19,2,ABOVE,GIU,XUYEN_THAT,1,false,false,,
DOTUSDT,559,7,2,BELOW,GIU,XUYEN_THAT,2,false,false,,
DOTUSDT,561,10,2,BELOW,PHA_GIA,XUYEN_THAT,2,true,true,6,false
DOTUSDT,564,9,2,BELOW,GIU,CHAN,2,false,false,,
DOTUSDT,565,1,1,ABOVE,GIU,CHAN,2,false,false,,
DOTUSDT,566,16,2,BELOW,GIU,XUYEN_THAT,2,false,false,,
DOTUSDT,567,5,2,ABOVE,GIU,CHAN,1,false,false,,
DOTUSDT,568,3,2,ABOVE,GIU,CHAN,2,false,false,,
DOTUSDT,569,3,1,BELOW,GIU,CHAN,2,false,false,,
DOTUSDT,570,7,2,ABOVE,GIU,XUYEN_THAT,2,false,false,,
DOTUSDT,571,4,1,BELOW,GIU,CHAN,1,false,false,,
DOTUSDT,573,2,2,BELOW,XUYEN_THAT,XUYEN_THAT,1,true,false,1,false
DOTUSDT,574,3,2,ABOVE,PHA_GIA,XUYEN_THAT,0,true,true,0,false
DOTUSDT,575,2,1,ABOVE,GIU,CHAN,1,false,false,,
DOTUSDT,576,1,1,ABOVE,GIU,CHAN,2,false,false,,
DOTUSDT,577,8,2,ABOVE,PHA_GIA,XUYEN_THAT,2,true,true,2,false
DOTUSDT,578,4,2,ABOVE,PHA_GIA,CHAN,1,true,true,6,false
DOTUSDT,579,8,2,BELOW,PHA_GIA,XUYEN_THAT,2,true,true,1,false
DOTUSDT,580,2,2,ABOVE,PHA_GIA,CHAN,0,true,true,0,false
DOTUSDT,581,5,2,BELOW,XUYEN_THAT,XUYEN_THAT,2,true,false,1,false
DOTUSDT,582,7,2,ABOVE,PHA_GIA,CHAN,1,true,true,3,false
DOTUSDT,583,6,2,ABOVE,PHA_GIA,XUYEN_THAT,0,true,true,1,false
DOTUSDT,584,11,2,BELOW,GIU,XUYEN_THAT,3,false,false,,
DOTUSDT,585,6,2,ABOVE,XUYEN_THAT,XUYEN_THAT,1,true,false,1,false
DOTUSDT,586,4,2,BELOW,PHA_GIA,CHAN,0,true,true,4,false
DOTUSDT,587,10,2,BELOW,GIU,XUYEN_THAT,3,false,false,,
DOTUSDT,589,6,2,ABOVE,GIU,CHAN,3,false,false,,
DOTUSDT,590,2,1,BELOW,GIU,CHAN,3,false,false,,
DOTUSDT,591,2,1,BELOW,GIU,CHAN,3,false,false,,
DOTUSDT,592,1,1,BELOW,PHA_GIA,CHAN,2,true,true,3,false
DOTUSDT,593,1,1,ABOVE,GIU,CHAN,5,false,false,,
DOTUSDT,594,12,2,ABOVE,GIU,XUYEN_THAT,2,false,false,,
DOTUSDT,595,24,2,ABOVE,XUYEN_THAT,XUYEN_THAT,2,true,false,6,false
DOTUSDT,596,9,2,BELOW,XUYEN_THAT,XUYEN_THAT,1,true,false,4,false
DOTUSDT,597,2,1,BELOW,GIU,CHAN,3,false,false,,
DOTUSDT,599,2,1,ABOVE,GIU,CHAN,2,false,false,,
DOTUSDT,600,4,2,BELOW,GIU,XUYEN_THAT,1,false,false,,
DOTUSDT,601,2,1,ABOVE,GIU,CHAN,1,false,false,,
DOTUSDT,602,6,2,ABOVE,PHA_GIA,XUYEN_THAT,3,true,true,1,false
DOTUSDT,603,1,1,ABOVE,GIU,CHAN,3,false,false,,
DOTUSDT,604,4,2,ABOVE,GIU,XUYEN_THAT,2,false,false,,
DOTUSDT,605,19,2,BELOW,XUYEN_THAT,XUYEN_THAT,3,true,false,1,false
DOTUSDT,606,7,2,ABOVE,PHA_GIA,XUYEN_THAT,2,true,true,5,false
DOTUSDT,607,6,2,ABOVE,GIU,CHAN,2,false,false,,
DOTUSDT,608,3,1,BELOW,GIU,CHAN,2,false,false,,
DOTUSDT,609,17,2,BELOW,XUYEN_THAT,XUYEN_THAT,3,true,false,8,true
DOTUSDT,610,1,1,ABOVE,GIU,CHAN,3,false,false,,
DOTUSDT,611,3,2,BELOW,XUYEN_THAT,XUYEN_THAT,2,true,false,3,false
DOTUSDT,612,16,2,ABOVE,PHA_GIA,XUYEN_THAT,2,true,true,3,false
DOTUSDT,613,8,2,BELOW,GIU,CHAN,3,false,false,,
DOTUSDT,614,1,1,BELOW,GIU,CHAN,4,false,false,,
DOTUSDT,615,9,2,ABOVE,XUYEN_THAT,XUYEN_THAT,0,true,false,2,false
DOTUSDT,616,2,1,ABOVE,GIU,CHAN,4,false,false,,
DOTUSDT,617,4,2,BELOW,PHA_GIA,CHAN,1,true,true,3,false
DOTUSDT,618,15,2,BELOW,PHA_GIA,XUYEN_THAT,2,true,true,2,false
DOTUSDT,619,2,1,BELOW,PHA_GIA,CHAN,4,true,true,6,false
DOTUSDT,620,3,2,BELOW,XUYEN_THAT,XUYEN_THAT,0,true,false,1,false
DOTUSDT,621,3,1,BELOW,XUYEN_THAT,XUYEN_THAT,3,true,false,5,false
DOTUSDT,622,37,2,BELOW,GIU,XUYEN_THAT,1,false,false,,
DOTUSDT,623,15,2,BELOW,XUYEN_THAT,XUYEN_THAT,0,true,false,0,false
DOTUSDT,624,7,1,ABOVE,GIU,CHAN,1,false,false,,
DOTUSDT,625,21,2,BELOW,XUYEN_THAT,XUYEN_THAT,2,true,false,1,false
DOTUSDT,626,6,1,BELOW,GIU,CHAN,2,false,false,,
DOTUSDT,628,10,2,BELOW,GIU,XUYEN_THAT,3,false,false,,
DOTUSDT,629,19,2,ABOVE,XUYEN_THAT,XUYEN_THAT,2,true,false,0,false
DOTUSDT,630,5,2,BELOW,PHA_GIA,XUYEN_THAT,2,true,true,8,false
DOTUSDT,631,11,2,BELOW,GIU,XUYEN_THAT,3,false,false,,
DOTUSDT,632,5,2,ABOVE,GIU,CHAN,2,false,false,,
DOTUSDT,633,10,2,BELOW,GIU,XUYEN_THAT,2,false,false,,
DOTUSDT,634,2,2,BELOW,GIU,CHAN,3,false,false,,
DOTUSDT,635,12,2,ABOVE,GIU,XUYEN_THAT,1,false,false,,
DOTUSDT,636,5,2,ABOVE,PHA_GIA,XUYEN_THAT,2,true,true,1,false
DOTUSDT,637,14,2,BELOW,GIU,XUYEN_THAT,3,false,false,,
DOTUSDT,638,4,2,BELOW,XUYEN_THAT,XUYEN_THAT,3,true,false,6,false
DOTUSDT,639,25,2,BELOW,PHA_GIA,XUYEN_THAT,2,true,true,0,false
DOTUSDT,640,10,2,BELOW,GIU,XUYEN_THAT,2,false,false,,
DOTUSDT,641,8,1,ABOVE,GIU,CHAN,2,false,false,,
DOTUSDT,642,32,2,BELOW,GIU,XUYEN_THAT,5,false,false,,
DOTUSDT,644,7,2,ABOVE,XUYEN_THAT,XUYEN_THAT,3,true,false,2,false
DOTUSDT,645,2,1,BELOW,GIU,CHAN,3,false,false,,
DOTUSDT,646,13,2,BELOW,GIU,XUYEN_THAT,3,false,false,,
DOTUSDT,647,8,2,ABOVE,GIU,XUYEN_THAT,1,false,false,,
DOTUSDT,648,9,2,ABOVE,XUYEN_THAT,XUYEN_THAT,3,true,false,1,false
DOTUSDT,649,4,2,BELOW,GIU,XUYEN_THAT,2,false,false,,
DOTUSDT,650,3,2,BELOW,PHA_GIA,XUYEN_THAT,2,true,true,4,false
DOTUSDT,652,11,2,ABOVE,GIU,XUYEN_THAT,1,false,false,,
DOTUSDT,653,3,1,BELOW,GIU,CHAN,2,false,false,,
DOTUSDT,654,28,2,ABOVE,GIU,XUYEN_THAT,2,false,false,,
DOTUSDT,655,9,2,BELOW,GIU,XUYEN_THAT,1,false,false,,
DOTUSDT,656,5,2,BELOW,GIU,CHAN,2,false,false,,
DOTUSDT,657,2,1,BELOW,GIU,CHAN,3,false,false,,
DOTUSDT,658,10,2,BELOW,PHA_GIA,XUYEN_THAT,1,true,true,8,false
DOTUSDT,659,18,2,BELOW,GIU,XUYEN_THAT,1,false,false,,
DOTUSDT,661,5,2,BELOW,XUYEN_THAT,XUYEN_THAT,2,true,false,7,false
DOTUSDT,662,1,1,ABOVE,PHA_GIA,CHAN,2,true,true,1,false
DOTUSDT,663,8,1,ABOVE,GIU,CHAN,1,false,false,,
DOTUSDT,664,6,2,ABOVE,PHA_GIA,XUYEN_THAT,2,true,true,1,false
DOTUSDT,665,1,1,ABOVE,PHA_GIA,CHAN,1,true,true,1,false
DOTUSDT,667,11,2,BELOW,PHA_GIA,XUYEN_THAT,3,true,true,3,false
DOTUSDT,669,17,2,BELOW,GIU,XUYEN_THAT,1,false,false,,
DOTUSDT,670,6,2,BELOW,XUYEN_THAT,XUYEN_THAT,0,true,false,2,false
DOTUSDT,671,8,2,BELOW,PHA_GIA,XUYEN_THAT,2,true,true,2,false
DOTUSDT,672,5,2,ABOVE,XUYEN_THAT,XUYEN_THAT,3,true,false,4,false
DOTUSDT,674,10,2,BELOW,PHA_GIA,XUYEN_THAT,0,true,true,2,false
DOTUSDT,675,2,2,BELOW,XUYEN_THAT,XUYEN_THAT,0,true,false,2,false
DOTUSDT,676,12,2,ABOVE,PHA_GIA,XUYEN_THAT,0,true,true,0,false
DOTUSDT,677,9,2,ABOVE,GIU,XUYEN_THAT,3,false,false,,
DOTUSDT,678,2,1,ABOVE,GIU,CHAN,1,false,false,,
DOTUSDT,681,4,2,BELOW,XUYEN_THAT,XUYEN_THAT,1,true,false,0,false
DOTUSDT,683,10,2,ABOVE,XUYEN_THAT,XUYEN_THAT,2,true,false,0,false
DOTUSDT,684,2,1,BELOW,GIU,CHAN,2,false,false,,
DOTUSDT,685,8,1,BELOW,GIU,CHAN,1,false,false,,
DOTUSDT,686,4,2,ABOVE,GIU,CHAN,3,false,false,,
DOTUSDT,687,8,2,BELOW,GIU,XUYEN_THAT,2,false,false,,
DOTUSDT,688,10,2,BELOW,PHA_GIA,CHAN,3,true,true,3,false
DOTUSDT,689,1,1,ABOVE,GIU,CHAN,2,false,false,,
DOTUSDT,690,3,2,BELOW,PHA_GIA,XUYEN_THAT,2,true,true,2,false
DOTUSDT,691,5,2,ABOVE,XUYEN_THAT,XUYEN_THAT,2,true,false,0,false
DOTUSDT,692,14,2,ABOVE,PHA_GIA,XUYEN_THAT,2,true,true,3,false
DOTUSDT,693,5,2,BELOW,GIU,XUYEN_THAT,0,false,false,,
DOTUSDT,694,1,1,BELOW,PHA_GIA,CHAN,1,true,true,0,false
DOTUSDT,695,29,2,BELOW,GIU,XUYEN_THAT,3,false,false,,
DOTUSDT,696,6,2,BELOW,PHA_GIA,XUYEN_THAT,1,true,true,3,false
DOTUSDT,697,6,2,ABOVE,XUYEN_THAT,XUYEN_THAT,2,true,false,4,false
DOTUSDT,698,7,2,BELOW,PHA_GIA,XUYEN_THAT,1,true,true,1,false
DOTUSDT,700,10,1,BELOW,GIU,CHAN,1,false,false,,
DOTUSDT,701,21,2,BELOW,GIU,XUYEN_THAT,0,false,false,,
DOTUSDT,702,6,2,BELOW,XUYEN_THAT,XUYEN_THAT,3,true,false,6,false
DOTUSDT,703,5,2,ABOVE,PHA_GIA,CHAN,1,true,true,0,false
DOTUSDT,704,6,2,ABOVE,XUYEN_THAT,XUYEN_THAT,1,true,false,7,false
DOTUSDT,705,3,2,BELOW,XUYEN_THAT,XUYEN_THAT,0,true,false,0,false
DOTUSDT,708,10,2,BELOW,PHA_GIA,XUYEN_THAT,1,true,true,3,false
DOTUSDT,710,16,2,ABOVE,XUYEN_THAT,XUYEN_THAT,1,true,false,1,false
DOTUSDT,711,9,2,ABOVE,XUYEN_THAT,XUYEN_THAT,3,true,false,6,false
DOTUSDT,714,4,2,BELOW,PHA_GIA,XUYEN_THAT,0,true,true,0,false
DOTUSDT,715,4,2,BELOW,XUYEN_THAT,XUYEN_THAT,0,true,false,0,false
DOTUSDT,716,14,2,BELOW,XUYEN_THAT,XUYEN_THAT,1,true,false,4,false
DOTUSDT,717,7,2,ABOVE,GIU,XUYEN_THAT,2,false,false,,
DOTUSDT,719,3,2,BELOW,PHA_GIA,CHAN,3,true,true,1,false
DOTUSDT,720,13,2,BELOW,PHA_GIA,XUYEN_THAT,1,true,true,1,false
DOTUSDT,721,10,2,BELOW,GIU,XUYEN_THAT,2,false,false,,
DOTUSDT,722,3,1,ABOVE,GIU,CHAN,3,false,false,,
DOTUSDT,724,4,1,BELOW,GIU,CHAN,3,false,false,,
DOTUSDT,725,3,2,ABOVE,XUYEN_THAT,XUYEN_THAT,4,true,false,2,false
DOTUSDT,726,3,2,ABOVE,XUYEN_THAT,XUYEN_THAT,2,true,false,1,false
DOTUSDT,727,2,1,ABOVE,GIU,CHAN,3,false,false,,
DOTUSDT,728,37,2,BELOW,PHA_GIA,XUYEN_THAT,2,true,true,4,false
DOTUSDT,729,1,1,ABOVE,GIU,CHAN,3,false,false,,
DOTUSDT,731,8,2,BELOW,XUYEN_THAT,XUYEN_THAT,1,true,false,4,false
DOTUSDT,732,14,2,BELOW,GIU,XUYEN_THAT,2,false,false,,
DOTUSDT,733,4,1,BELOW,GIU,CHAN,1,false,false,,
DOTUSDT,734,21,2,BELOW,PHA_GIA,XUYEN_THAT,2,true,true,1,false
DOTUSDT,736,8,2,ABOVE,XUYEN_THAT,XUYEN_THAT,5,true,false,6,false
DOTUSDT,737,2,1,BELOW,GIU,CHAN,6,false,false,,
DOTUSDT,738,4,2,BELOW,GIU,CHAN,1,false,false,,
DOTUSDT,739,3,1,ABOVE,GIU,CHAN,1,false,false,,
DOTUSDT,740,3,2,ABOVE,XUYEN_THAT,XUYEN_THAT,0,true,false,7,false
DOTUSDT,741,1,1,BELOW,XUYEN_THAT,XUYEN_THAT,1,true,false,1,false
DOTUSDT,742,13,2,ABOVE,GIU,XUYEN_THAT,1,false,false,,
DOTUSDT,743,5,2,ABOVE,PHA_GIA,XUYEN_THAT,1,true,true,1,false
DOTUSDT,745,5,2,BELOW,PHA_GIA,XUYEN_THAT,0,true,true,0,false
DOTUSDT,746,3,2,ABOVE,GIU,XUYEN_THAT,1,false,false,,
DOTUSDT,747,2,1,ABOVE,PHA_GIA,CHAN,1,true,true,3,false
DOTUSDT,748,2,1,BELOW,PHA_GIA,CHAN,2,true,true,2,false
DOTUSDT,749,3,1,ABOVE,PHA_GIA,CHAN,3,true,true,7,false
DOTUSDT,750,22,2,BELOW,XUYEN_THAT,XUYEN_THAT,4,true,false,3,false
DOTUSDT,751,2,1,BELOW,GIU,CHAN,1,false,false,,
DOTUSDT,752,6,1,BELOW,GIU,CHAN,3,false,false,,
DOTUSDT,753,17,2,BELOW,PHA_GIA,XUYEN_THAT,2,true,true,4,false
DOTUSDT,754,2,1,BELOW,GIU,XUYEN_THAT,1,false,false,,
DOTUSDT,755,13,2,ABOVE,PHA_GIA,XUYEN_THAT,2,true,true,6,false
DOTUSDT,757,15,2,ABOVE,XUYEN_THAT,XUYEN_THAT,1,true,false,0,false
DOTUSDT,758,9,2,BELOW,PHA_GIA,XUYEN_THAT,2,true,true,7,false
DOTUSDT,759,19,2,ABOVE,PHA_GIA,XUYEN_THAT,2,true,true,6,false
DOTUSDT,760,21,2,BELOW,GIU,CHAN,5,false,false,,
DOTUSDT,761,17,2,ABOVE,PHA_GIA,XUYEN_THAT,0,true,true,1,false
DOTUSDT,762,2,1,BELOW,XUYEN_THAT,XUYEN_THAT,2,true,false,4,true
DOTUSDT,763,10,2,BELOW,GIU,CHAN,2,false,false,,
DOTUSDT,764,1,1,BELOW,GIU,CHAN,4,false,false,,
DOTUSDT,765,2,1,BELOW,GIU,CHAN,4,false,false,,
DOTUSDT,766,31,2,ABOVE,GIU,XUYEN_THAT,1,false,false,,
DOTUSDT,767,22,2,ABOVE,PHA_GIA,CHAN,3,true,true,4,false
DOTUSDT,768,4,2,BELOW,PHA_GIA,XUYEN_THAT,3,true,true,4,false
DOTUSDT,771,9,2,ABOVE,PHA_GIA,XUYEN_THAT,2,true,true,5,false
DOTUSDT,772,15,2,ABOVE,GIU,XUYEN_THAT,4,false,false,,
DOTUSDT,773,22,2,ABOVE,PHA_GIA,XUYEN_THAT,2,true,true,2,false
DOTUSDT,775,3,1,BELOW,GIU,CHAN,2,false,false,,
DOTUSDT,776,13,2,BELOW,PHA_GIA,XUYEN_THAT,1,true,true,0,false
DOTUSDT,777,23,2,BELOW,GIU,XUYEN_THAT,3,false,false,,
DOTUSDT,778,4,1,ABOVE,XUYEN_THAT,XUYEN_THAT,3,true,false,2,false
DOTUSDT,780,4,2,BELOW,XUYEN_THAT,XUYEN_THAT,1,true,false,1,false
DOTUSDT,781,2,2,BELOW,XUYEN_THAT,XUYEN_THAT,1,true,false,3,false
DOTUSDT,783,24,2,BELOW,GIU,XUYEN_THAT,2,false,false,,
DOTUSDT,784,3,2,BELOW,XUYEN_THAT,XUYEN_THAT,1,true,false,1,false
DOTUSDT,785,7,2,ABOVE,GIU,XUYEN_THAT,1,false,false,,
DOTUSDT,786,2,1,BELOW,GIU,CHAN,4,false,false,,
DOTUSDT,787,30,2,BELOW,GIU,XUYEN_THAT,3,false,false,,
DOTUSDT,788,12,2,BELOW,PHA_GIA,XUYEN_THAT,4,true,true,1,false
DOTUSDT,789,16,2,ABOVE,PHA_GIA,XUYEN_THAT,2,true,true,6,false
DOTUSDT,790,16,2,ABOVE,GIU,XUYEN_THAT,3,false,false,,
DOTUSDT,791,2,2,BELOW,XUYEN_THAT,XUYEN_THAT,1,true,false,0,false
DOTUSDT,792,1,1,BELOW,GIU,CHAN,2,false,false,,
DOTUSDT,793,15,2,ABOVE,XUYEN_THAT,XUYEN_THAT,3,true,false,7,false
DOTUSDT,794,3,2,ABOVE,PHA_GIA,XUYEN_THAT,0,true,true,0,false
DOTUSDT,795,13,2,BELOW,PHA_GIA,XUYEN_THAT,2,true,true,1,false
DOTUSDT,797,7,2,BELOW,GIU,CHAN,2,false,false,,
DOTUSDT,799,4,2,ABOVE,GIU,XUYEN_THAT,1,false,false,,
DOTUSDT,801,4,2,ABOVE,XUYEN_THAT,XUYEN_THAT,1,true,false,6,false
DOTUSDT,802,21,2,ABOVE,GIU,XUYEN_THAT,1,false,false,,
DOTUSDT,804,6,2,ABOVE,GIU,CHAN,3,false,false,,
DOTUSDT,805,15,2,ABOVE,GIU,XUYEN_THAT,4,false,false,,
DOTUSDT,806,6,2,BELOW,GIU,XUYEN_THAT,0,false,false,,
DOTUSDT,807,6,2,BELOW,XUYEN_THAT,XUYEN_THAT,2,true,false,4,false
DOTUSDT,809,2,2,ABOVE,XUYEN_THAT,XUYEN_THAT,1,true,false,3,false
DOTUSDT,810,9,2,BELOW,GIU,XUYEN_THAT,2,false,false,,
DOTUSDT,811,1,1,BELOW,GIU,CHAN,4,false,false,,
DOTUSDT,812,7,2,ABOVE,XUYEN_THAT,XUYEN_THAT,0,true,false,0,false
DOTUSDT,813,1,1,ABOVE,GIU,CHAN,3,false,false,,
DOTUSDT,814,5,2,BELOW,XUYEN_THAT,XUYEN_THAT,2,true,false,3,false
DOTUSDT,815,1,1,ABOVE,GIU,CHAN,1,false,false,,
DOTUSDT,816,3,2,ABOVE,XUYEN_THAT,XUYEN_THAT,0,true,false,0,false
DOTUSDT,817,29,2,BELOW,GIU,XUYEN_THAT,1,false,false,,
DOTUSDT,819,7,1,BELOW,GIU,CHAN,2,false,false,,
DOTUSDT,820,11,2,ABOVE,XUYEN_THAT,XUYEN_THAT,3,true,false,2,false
DOTUSDT,821,1,1,ABOVE,PHA_GIA,CHAN,0,true,true,0,false
DOTUSDT,822,3,1,BELOW,GIU,CHAN,1,false,false,,
DOTUSDT,823,15,2,ABOVE,PHA_GIA,XUYEN_THAT,1,true,true,1,false
DOTUSDT,824,4,1,BELOW,GIU,CHAN,3,false,false,,
DOTUSDT,825,1,1,BELOW,GIU,CHAN,2,false,false,,
DOTUSDT,826,7,2,ABOVE,XUYEN_THAT,XUYEN_THAT,2,true,false,4,false
DOTUSDT,827,9,2,BELOW,GIU,XUYEN_THAT,2,false,false,,
DOTUSDT,828,7,1,BELOW,GIU,CHAN,0,false,false,,
DOTUSDT,829,10,2,BELOW,PHA_GIA,XUYEN_THAT,2,true,true,1,false
DOTUSDT,830,12,2,BELOW,GIU,XUYEN_THAT,2,false,false,,
DOTUSDT,831,29,2,BELOW,PHA_GIA,XUYEN_THAT,3,true,true,5,false
DOTUSDT,832,1,1,BELOW,GIU,CHAN,1,false,false,,
DOTUSDT,833,2,2,BELOW,PHA_GIA,CHAN,1,true,true,1,false
DOTUSDT,834,26,2,BELOW,GIU,XUYEN_THAT,4,false,false,,
DOTUSDT,835,3,2,ABOVE,PHA_GIA,XUYEN_THAT,3,true,true,5,false
DOTUSDT,836,1,1,ABOVE,GIU,CHAN,2,false,false,,
DOTUSDT,837,12,2,ABOVE,PHA_GIA,XUYEN_THAT,2,true,true,5,false
DOTUSDT,838,17,2,ABOVE,GIU,XUYEN_THAT,2,false,false,,
DOTUSDT,839,4,1,BELOW,GIU,CHAN,2,false,false,,
DOTUSDT,840,19,2,BELOW,XUYEN_THAT,XUYEN_THAT,1,true,false,7,false
DOTUSDT,841,3,2,ABOVE,PHA_GIA,CHAN,0,true,true,6,false
DOTUSDT,843,10,2,ABOVE,PHA_GIA,CHAN,1,true,true,5,false
DOTUSDT,844,31,2,ABOVE,PHA_GIA,XUYEN_THAT,3,true,true,3,false
DOTUSDT,845,18,2,BELOW,GIU,XUYEN_THAT,1,false,false,,
DOTUSDT,847,10,2,ABOVE,PHA_GIA,XUYEN_THAT,3,true,true,3,false
DOTUSDT,849,16,2,ABOVE,GIU,XUYEN_THAT,4,false,false,,
DOTUSDT,850,6,1,BELOW,GIU,CHAN,1,false,false,,
DOTUSDT,852,9,1,BELOW,GIU,CHAN,2,false,false,,
DOTUSDT,853,14,2,BELOW,GIU,XUYEN_THAT,2,false,false,,
DOTUSDT,854,2,1,BELOW,GIU,CHAN,4,false,false,,
DOTUSDT,855,1,1,BELOW,GIU,CHAN,2,false,false,,
DOTUSDT,857,7,2,BELOW,GIU,XUYEN_THAT,3,false,false,,
DOTUSDT,858,3,2,ABOVE,PHA_GIA,XUYEN_THAT,1,true,true,0,false
DOTUSDT,859,2,2,BELOW,XUYEN_THAT,XUYEN_THAT,0,true,false,1,false
DOTUSDT,860,12,2,ABOVE,GIU,XUYEN_THAT,0,false,false,,
DOTUSDT,861,13,2,BELOW,XUYEN_THAT,XUYEN_THAT,1,true,false,2,false
DOTUSDT,862,7,2,BELOW,XUYEN_THAT,XUYEN_THAT,2,true,false,1,false
DOTUSDT,863,5,1,BELOW,GIU,CHAN,4,false,false,,
DOTUSDT,866,5,2,ABOVE,GIU,XUYEN_THAT,2,false,false,,
DOTUSDT,867,2,2,BELOW,PHA_GIA,XUYEN_THAT,0,true,true,0,false
DOTUSDT,868,42,2,ABOVE,PHA_GIA,XUYEN_THAT,3,true,true,4,false
DOTUSDT,869,9,2,BELOW,PHA_GIA,XUYEN_THAT,2,true,true,1,false
DOTUSDT,870,20,2,BELOW,GIU,XUYEN_THAT,1,false,false,,
DOTUSDT,871,17,2,BELOW,GIU,XUYEN_THAT,2,false,false,,
DOTUSDT,872,8,2,BELOW,GIU,XUYEN_THAT,3,false,false,,
DOTUSDT,873,32,2,BELOW,XUYEN_THAT,XUYEN_THAT,1,true,false,2,false
DOTUSDT,874,3,1,ABOVE,GIU,CHAN,2,false,false,,
DOTUSDT,875,3,2,BELOW,XUYEN_THAT,XUYEN_THAT,0,true,false,0,false
DOTUSDT,876,13,2,BELOW,GIU,XUYEN_THAT,1,false,false,,
DOTUSDT,878,3,2,ABOVE,PHA_GIA,XUYEN_THAT,3,true,true,2,false
DOTUSDT,879,2,1,BELOW,GIU,CHAN,2,false,false,,
DOTUSDT,880,16,2,BELOW,GIU,XUYEN_THAT,2,false,false,,
DOTUSDT,881,16,2,ABOVE,PHA_GIA,XUYEN_THAT,0,true,true,5,false
DOTUSDT,882,1,1,BELOW,PHA_GIA,CHAN,1,true,true,0,false
DOTUSDT,884,1,1,ABOVE,GIU,CHAN,2,false,false,,
DOTUSDT,885,3,1,ABOVE,GIU,CHAN,1,false,false,,
DOTUSDT,886,11,2,BELOW,GIU,XUYEN_THAT,3,false,false,,
DOTUSDT,887,9,2,ABOVE,XUYEN_THAT,XUYEN_THAT,2,true,false,1,false
DOTUSDT,888,1,1,ABOVE,PHA_GIA,CHAN,2,true,true,3,false
DOTUSDT,889,1,1,ABOVE,GIU,CHAN,0,false,false,,
DOTUSDT,890,8,2,BELOW,PHA_GIA,XUYEN_THAT,2,true,true,5,false
DOTUSDT,891,7,2,ABOVE,XUYEN_THAT,XUYEN_THAT,2,true,false,2,false
DOTUSDT,892,15,2,ABOVE,PHA_GIA,CHAN,0,true,true,0,false
DOTUSDT,893,8,2,ABOVE,GIU,XUYEN_THAT,3,false,false,,
DOTUSDT,895,11,2,ABOVE,PHA_GIA,XUYEN_THAT,2,true,true,1,false
DOTUSDT,897,7,2,ABOVE,PHA_GIA,CHAN,1,true,true,2,false
DOTUSDT,899,11,2,ABOVE,XUYEN_THAT,XUYEN_THAT,1,true,false,3,false
DOTUSDT,901,19,2,BELOW,GIU,XUYEN_THAT,2,false,false,,
DOTUSDT,902,3,2,BELOW,PHA_GIA,XUYEN_THAT,3,true,true,2,false
DOTUSDT,903,1,1,BELOW,GIU,CHAN,2,false,false,,
DOTUSDT,904,7,2,BELOW,PHA_GIA,XUYEN_THAT,1,true,true,4,false
DOTUSDT,905,2,1,BELOW,PHA_GIA,CHAN,3,true,true,5,false
DOTUSDT,906,5,1,BELOW,GIU,CHAN,1,false,false,,
DOTUSDT,907,12,1,BELOW,GIU,CHAN,3,false,false,,
DOTUSDT,908,7,1,ABOVE,GIU,CHAN,3,false,false,,
DOTUSDT,909,25,2,BELOW,PHA_GIA,XUYEN_THAT,1,true,true,1,false
DOTUSDT,910,9,2,BELOW,PHA_GIA,XUYEN_THAT,1,true,true,0,false
DOTUSDT,911,7,2,BELOW,XUYEN_THAT,XUYEN_THAT,1,true,false,3,false
DOTUSDT,914,2,1,BELOW,PHA_GIA,CHAN,1,true,true,5,false
DOTUSDT,915,3,2,BELOW,XUYEN_THAT,XUYEN_THAT,3,true,false,1,false
DOTUSDT,916,17,2,BELOW,GIU,XUYEN_THAT,2,false,false,,
DOTUSDT,920,5,2,BELOW,GIU,XUYEN_THAT,0,false,false,,
DOTUSDT,921,10,2,BELOW,GIU,XUYEN_THAT,1,false,false,,
DOTUSDT,922,10,2,ABOVE,XUYEN_THAT,XUYEN_THAT,3,true,false,2,false
DOTUSDT,923,1,1,ABOVE,GIU,CHAN,1,false,false,,
DOTUSDT,924,2,1,BELOW,GIU,CHAN,4,false,false,,
DOTUSDT,925,3,2,BELOW,PHA_GIA,CHAN,2,true,true,7,false
DOTUSDT,926,20,2,ABOVE,PHA_GIA,XUYEN_THAT,1,true,true,4,false
DOTUSDT,927,4,2,BELOW,XUYEN_THAT,XUYEN_THAT,1,true,false,1,false
DOTUSDT,930,2,1,ABOVE,PHA_GIA,CHAN,2,true,true,2,false
DOTUSDT,931,9,2,ABOVE,PHA_GIA,XUYEN_THAT,2,true,true,1,false
DOTUSDT,933,1,1,BELOW,GIU,CHAN,1,false,false,,
DOTUSDT,934,1,1,ABOVE,XUYEN_THAT,XUYEN_THAT,1,true,false,2,false
DOTUSDT,935,6,2,BELOW,PHA_GIA,XUYEN_THAT,3,true,true,0,false
DOTUSDT,936,8,2,ABOVE,XUYEN_THAT,XUYEN_THAT,3,true,false,1,false
DOTUSDT,939,5,2,ABOVE,GIU,XUYEN_THAT,1,false,false,,
DOTUSDT,941,7,2,ABOVE,GIU,CHAN,2,false,false,,
DOTUSDT,942,9,2,BELOW,PHA_GIA,XUYEN_THAT,0,true,true,6,false
DOTUSDT,944,5,2,ABOVE,GIU,XUYEN_THAT,3,false,false,,
DOTUSDT,945,31,2,BELOW,PHA_GIA,XUYEN_THAT,1,true,true,2,false
DOTUSDT,946,15,2,BELOW,GIU,XUYEN_THAT,1,false,false,,
DOTUSDT,947,3,2,ABOVE,XUYEN_THAT,XUYEN_THAT,3,true,false,2,false
DOTUSDT,948,1,1,ABOVE,PHA_GIA,CHAN,2,true,true,2,false
DOTUSDT,950,4,2,BELOW,PHA_GIA,XUYEN_THAT,3,true,true,1,false
DOTUSDT,951,27,2,BELOW,PHA_GIA,XUYEN_THAT,0,true,true,0,false
DOTUSDT,952,8,1,BELOW,GIU,CHAN,2,false,false,,
DOTUSDT,953,21,2,ABOVE,XUYEN_THAT,XUYEN_THAT,3,true,false,3,false
DOTUSDT,954,2,1,BELOW,GIU,CHAN,3,false,false,,
DOTUSDT,955,2,2,BELOW,XUYEN_THAT,XUYEN_THAT,0,true,false,0,false
DOTUSDT,956,12,2,ABOVE,GIU,CHAN,2,false,false,,
DOTUSDT,957,2,1,BELOW,GIU,CHAN,1,false,false,,
DOTUSDT,958,3,2,BELOW,PHA_GIA,XUYEN_THAT,2,true,true,3,false
DOTUSDT,959,9,2,ABOVE,PHA_GIA,XUYEN_THAT,3,true,true,5,false
DOTUSDT,960,7,2,BELOW,GIU,XUYEN_THAT,2,false,false,,
DOTUSDT,961,10,1,BELOW,GIU,CHAN,1,false,false,,
DOTUSDT,962,14,2,ABOVE,XUYEN_THAT,XUYEN_THAT,0,true,false,1,false
DOTUSDT,963,1,1,BELOW,GIU,CHAN,4,false,false,,
DOTUSDT,964,5,2,ABOVE,XUYEN_THAT,XUYEN_THAT,2,true,false,6,false
DOTUSDT,966,3,1,ABOVE,GIU,CHAN,3,false,false,,
DOTUSDT,967,10,2,BELOW,XUYEN_THAT,XUYEN_THAT,3,true,false,1,false
DOTUSDT,968,2,1,ABOVE,GIU,CHAN,2,false,false,,
DOTUSDT,969,3,2,BELOW,XUYEN_THAT,XUYEN_THAT,0,true,false,4,false
DOTUSDT,970,13,2,BELOW,GIU,XUYEN_THAT,2,false,false,,
DOTUSDT,971,32,2,BELOW,PHA_GIA,XUYEN_THAT,2,true,true,6,false
DOTUSDT,973,15,2,BELOW,PHA_GIA,XUYEN_THAT,0,true,true,0,false
DOTUSDT,974,1,1,ABOVE,GIU,CHAN,1,false,false,,
DOTUSDT,976,30,2,BELOW,XUYEN_THAT,XUYEN_THAT,3,true,false,4,false
DOTUSDT,977,27,2,ABOVE,PHA_GIA,XUYEN_THAT,2,true,true,0,false
DOTUSDT,978,6,1,BELOW,PHA_GIA,CHAN,0,true,true,0,false
DOTUSDT,979,28,2,BELOW,GIU,XUYEN_THAT,2,false,false,,
DOTUSDT,980,14,2,ABOVE,GIU,XUYEN_THAT,0,false,false,,
DOTUSDT,981,1,1,BELOW,GIU,CHAN,3,false,false,,
DOTUSDT,982,1,1,ABOVE,GIU,CHAN,4,false,false,,
DOTUSDT,983,4,1,BELOW,GIU,CHAN,2,false,false,,
DOTUSDT,985,10,2,BELOW,GIU,XUYEN_THAT,3,false,false,,
DOTUSDT,986,7,2,BELOW,PHA_GIA,XUYEN_THAT,0,true,true,1,false
DOTUSDT,987,6,1,ABOVE,GIU,CHAN,3,false,false,,
DOTUSDT,988,6,2,BELOW,PHA_GIA,CHAN,3,true,true,7,false
DOTUSDT,989,13,2,BELOW,PHA_GIA,XUYEN_THAT,0,true,true,0,false
DOTUSDT,990,23,2,BELOW,PHA_GIA,XUYEN_THAT,1,true,true,2,false
DOTUSDT,991,4,1,ABOVE,GIU,CHAN,0,false,false,,
DOTUSDT,993,6,2,BELOW,PHA_GIA,CHAN,2,true,true,0,false
DOTUSDT,994,34,2,BELOW,PHA_GIA,XUYEN_THAT,1,true,true,3,false
DOTUSDT,995,3,1,BELOW,GIU,CHAN,2,false,false,,
DOTUSDT,996,3,1,ABOVE,GIU,CHAN,1,false,false,,
DOTUSDT,997,12,2,ABOVE,GIU,XUYEN_THAT,2,false,false,,
DOTUSDT,1000,3,1,BELOW,GIU,XUYEN_THAT,2,false,false,,
DOTUSDT,1001,7,2,BELOW,GIU,XUYEN_THAT,2,false,false,,
DOTUSDT,1002,34,2,ABOVE,GIU,CHAN,3,false,false,,
DOTUSDT,1003,2,2,ABOVE,PHA_GIA,CHAN,4,true,true,5,false
DOTUSDT,1004,14,2,ABOVE,PHA_GIA,XUYEN_THAT,1,true,true,8,false
DOTUSDT,1005,7,2,BELOW,XUYEN_THAT,XUYEN_THAT,2,true,false,8,false
DOTUSDT,1006,30,2,BELOW,XUYEN_THAT,XUYEN_THAT,0,true,false,3,false
DOTUSDT,1007,9,1,BELOW,GIU,CHAN,2,false,false,,
DOTUSDT,1009,1,1,BELOW,GIU,CHAN,2,false,false,,
DOTUSDT,1010,16,2,ABOVE,PHA_GIA,XUYEN_THAT,2,true,true,2,false
DOTUSDT,1011,2,1,BELOW,GIU,CHAN,2,false,false,,
DOTUSDT,1012,2,1,BELOW,GIU,CHAN,4,false,false,,
DOTUSDT,1013,4,1,BELOW,GIU,CHAN,1,false,false,,
DOTUSDT,1014,23,2,BELOW,PHA_GIA,XUYEN_THAT,1,true,true,1,false
DOTUSDT,1015,7,2,BELOW,GIU,XUYEN_THAT,1,false,false,,
DOTUSDT,1016,3,2,ABOVE,PHA_GIA,CHAN,0,true,true,1,false
DOTUSDT,1017,19,2,BELOW,PHA_GIA,XUYEN_THAT,1,true,true,1,false
DOTUSDT,1018,5,2,ABOVE,XUYEN_THAT,XUYEN_THAT,1,true,false,7,false
DOTUSDT,1019,4,1,BELOW,XUYEN_THAT,XUYEN_THAT,1,true,false,0,false
DOTUSDT,1020,14,2,BELOW,GIU,XUYEN_THAT,3,false,false,,
DOTUSDT,1021,1,1,ABOVE,XUYEN_THAT,XUYEN_THAT,1,true,false,3,true
DOTUSDT,1022,1,1,ABOVE,GIU,CHAN,1,false,false,,
DOTUSDT,1023,1,1,BELOW,GIU,CHAN,2,false,false,,
DOTUSDT,1024,3,2,BELOW,PHA_GIA,CHAN,3,true,true,8,false
DOTUSDT,1025,1,1,ABOVE,GIU,CHAN,4,false,false,,
DOTUSDT,1026,7,1,BELOW,PHA_GIA,XUYEN_THAT,2,true,true,3,false
DOTUSDT,1027,20,2,BELOW,XUYEN_THAT,XUYEN_THAT,2,true,false,3,false
DOTUSDT,1028,34,2,BELOW,GIU,XUYEN_THAT,3,false,false,,
DOTUSDT,1029,31,2,BELOW,GIU,XUYEN_THAT,3,false,false,,
DOTUSDT,1030,7,2,ABOVE,GIU,CHAN,2,false,false,,
DOTUSDT,1031,7,2,ABOVE,GIU,XUYEN_THAT,1,false,false,,
DOTUSDT,1032,6,1,BELOW,GIU,XUYEN_THAT,2,false,false,,
DOTUSDT,1033,3,1,ABOVE,GIU,CHAN,1,false,false,,
DOTUSDT,1034,3,2,BELOW,PHA_GIA,CHAN,1,true,true,1,false
DOTUSDT,1035,14,2,ABOVE,GIU,XUYEN_THAT,3,false,false,,
DOTUSDT,1036,10,2,BELOW,GIU,CHAN,3,false,false,,
DOTUSDT,1037,3,1,BELOW,GIU,CHAN,1,false,false,,
DOTUSDT,1038,1,1,BELOW,GIU,CHAN,3,false,false,,
DOTUSDT,1039,7,2,BELOW,XUYEN_THAT,XUYEN_THAT,2,true,false,7,false
DOTUSDT,1040,3,1,BELOW,XUYEN_THAT,XUYEN_THAT,1,true,false,1,false
DOTUSDT,1041,23,2,ABOVE,GIU,CHAN,3,false,false,,
DOTUSDT,1042,7,2,BELOW,XUYEN_THAT,XUYEN_THAT,1,true,false,0,false
DOTUSDT,1044,8,2,BELOW,GIU,XUYEN_THAT,1,false,false,,
DOTUSDT,1045,5,1,BELOW,GIU,CHAN,1,false,false,,
DOTUSDT,1046,4,1,BELOW,GIU,CHAN,2,false,false,,
DOTUSDT,1047,1,1,ABOVE,GIU,CHAN,1,false,false,,
DOTUSDT,1048,3,1,ABOVE,GIU,CHAN,2,false,false,,
DOTUSDT,1049,15,2,ABOVE,GIU,XUYEN_THAT,1,false,false,,
DOTUSDT,1050,13,2,BELOW,PHA_GIA,XUYEN_THAT,0,true,true,0,false
DOTUSDT,1051,15,2,ABOVE,GIU,XUYEN_THAT,3,false,false,,
DOTUSDT,1052,5,2,BELOW,PHA_GIA,CHAN,3,true,true,6,false
DOTUSDT,1053,1,1,BELOW,GIU,CHAN,4,false,false,,
DOTUSDT,1054,31,2,ABOVE,GIU,XUYEN_THAT,3,false,false,,
DOTUSDT,1056,6,2,BELOW,PHA_GIA,XUYEN_THAT,3,true,true,1,false
DOTUSDT,1057,28,2,BELOW,PHA_GIA,XUYEN_THAT,2,true,true,1,false
DOTUSDT,1058,19,2,BELOW,XUYEN_THAT,XUYEN_THAT,0,true,false,2,false
DOTUSDT,1059,2,1,BELOW,GIU,CHAN,3,false,false,,
DOTUSDT,1060,3,2,ABOVE,PHA_GIA,CHAN,2,true,true,3,false
DOTUSDT,1061,2,1,ABOVE,PHA_GIA,CHAN,2,true,true,0,false
DOTUSDT,1062,1,1,ABOVE,PHA_GIA,CHAN,0,true,true,1,false
DOTUSDT,1063,8,2,BELOW,GIU,XUYEN_THAT,3,false,false,,
DOTUSDT,1064,5,2,ABOVE,PHA_GIA,XUYEN_THAT,2,true,true,6,false
DOTUSDT,1065,2,1,BELOW,PHA_GIA,CHAN,3,true,true,0,false
DOTUSDT,1066,4,2,BELOW,GIU,CHAN,2,false,false,,
DOTUSDT,1068,8,2,BELOW,PHA_GIA,XUYEN_THAT,3,true,true,2,false
DOTUSDT,1070,38,2,ABOVE,XUYEN_THAT,XUYEN_THAT,1,true,false,2,false
DOTUSDT,1071,3,1,ABOVE,PHA_GIA,CHAN,2,true,true,3,false
DOTUSDT,1072,7,2,BELOW,XUYEN_THAT,XUYEN_THAT,1,true,false,1,false
DOTUSDT,1074,1,1,ABOVE,GIU,CHAN,1,false,false,,
FILUSDT,0,8,2,BELOW,XUYEN_THAT,XUYEN_THAT,3,true,false,6,false
FILUSDT,3,16,2,BELOW,XUYEN_THAT,XUYEN_THAT,2,true,false,0,false
FILUSDT,6,2,1,ABOVE,GIU,CHAN,1,false,false,,
FILUSDT,7,12,1,ABOVE,GIU,CHAN,1,false,false,,
FILUSDT,8,3,1,BELOW,GIU,CHAN,0,false,false,,
FILUSDT,10,3,2,BELOW,PHA_GIA,XUYEN_THAT,2,true,true,1,false
FILUSDT,11,4,2,BELOW,GIU,CHAN,3,false,false,,
FILUSDT,12,6,2,ABOVE,XUYEN_THAT,XUYEN_THAT,3,true,false,1,false
FILUSDT,13,5,2,ABOVE,GIU,XUYEN_THAT,1,false,false,,
FILUSDT,15,3,1,BELOW,XUYEN_THAT,XUYEN_THAT,0,true,false,0,false
FILUSDT,16,3,1,ABOVE,GIU,CHAN,0,false,false,,
FILUSDT,17,3,1,ABOVE,GIU,CHAN,2,false,false,,
FILUSDT,18,2,2,ABOVE,PHA_GIA,XUYEN_THAT,0,true,true,1,false
FILUSDT,19,22,2,BELOW,GIU,XUYEN_THAT,3,false,false,,
FILUSDT,21,16,2,ABOVE,PHA_GIA,XUYEN_THAT,1,true,true,2,false
FILUSDT,22,6,2,BELOW,GIU,CHAN,1,false,false,,
FILUSDT,23,8,2,ABOVE,PHA_GIA,CHAN,0,true,true,0,false
FILUSDT,24,2,2,ABOVE,PHA_GIA,CHAN,2,true,true,1,false
FILUSDT,25,14,2,BELOW,GIU,XUYEN_THAT,1,false,false,,
FILUSDT,26,2,1,ABOVE,XUYEN_THAT,XUYEN_THAT,2,true,false,4,false
FILUSDT,28,19,2,ABOVE,GIU,XUYEN_THAT,1,false,false,,
FILUSDT,29,6,2,BELOW,GIU,XUYEN_THAT,2,false,false,,
FILUSDT,31,4,1,BELOW,GIU,CHAN,3,false,false,,
FILUSDT,32,8,2,ABOVE,PHA_GIA,XUYEN_THAT,1,true,true,5,false
FILUSDT,35,9,2,ABOVE,XUYEN_THAT,XUYEN_THAT,0,true,false,4,false
FILUSDT,36,4,2,BELOW,PHA_GIA,XUYEN_THAT,1,true,true,0,false
FILUSDT,37,15,2,ABOVE,GIU,XUYEN_THAT,2,false,false,,
FILUSDT,38,7,2,BELOW,PHA_GIA,XUYEN_THAT,1,true,true,0,false
FILUSDT,39,1,1,ABOVE,PHA_GIA,CHAN,1,true,true,0,false
FILUSDT,40,3,2,ABOVE,PHA_GIA,XUYEN_THAT,2,true,true,1,false
FILUSDT,41,2,2,ABOVE,PHA_GIA,CHAN,2,true,true,1,false
FILUSDT,42,4,1,ABOVE,GIU,CHAN,1,false,false,,
FILUSDT,43,4,2,BELOW,PHA_GIA,XUYEN_THAT,1,true,true,2,false
FILUSDT,44,24,2,ABOVE,GIU,XUYEN_THAT,0,false,false,,
FILUSDT,47,29,2,ABOVE,PHA_GIA,XUYEN_THAT,2,true,true,1,false
FILUSDT,48,13,2,BELOW,GIU,XUYEN_THAT,0,false,false,,
FILUSDT,49,5,1,ABOVE,PHA_GIA,CHAN,2,true,true,2,false
FILUSDT,50,39,2,ABOVE,PHA_GIA,XUYEN_THAT,1,true,true,1,false
FILUSDT,51,2,1,BELOW,GIU,CHAN,2,false,false,,
FILUSDT,52,5,2,ABOVE,XUYEN_THAT,XUYEN_THAT,2,true,false,3,false
FILUSDT,53,3,1,ABOVE,PHA_GIA,CHAN,0,true,true,0,false
FILUSDT,54,3,1,ABOVE,PHA_GIA,CHAN,1,true,true,0,false
FILUSDT,55,39,2,ABOVE,PHA_GIA,XUYEN_THAT,2,true,true,5,false
FILUSDT,56,4,2,ABOVE,PHA_GIA,CHAN,2,true,true,8,false
FILUSDT,57,3,1,ABOVE,PHA_GIA,CHAN,0,true,true,0,false
FILUSDT,58,4,2,BELOW,XUYEN_THAT,XUYEN_THAT,2,true,false,5,false
FILUSDT,59,23,2,ABOVE,GIU,XUYEN_THAT,3,false,false,,
FILUSDT,60,4,2,BELOW,GIU,CHAN,3,false,false,,
FILUSDT,61,1,1,ABOVE,GIU,CHAN,4,false,false,,
FILUSDT,62,5,2,BELOW,XUYEN_THAT,XUYEN_THAT,2,true,false,5,false
FILUSDT,63,7,2,BELOW,XUYEN_THAT,XUYEN_THAT,3,true,false,2,false
FILUSDT,64,37,2,ABOVE,XUYEN_THAT,XUYEN_THAT,2,true,false,0,false
FILUSDT,65,27,2,ABOVE,PHA_GIA,XUYEN_THAT,3,true,true,6,false
FILUSDT,66,2,1,ABOVE,GIU,CHAN,1,false,false,,
FILUSDT,67,2,1,BELOW,GIU,CHAN,2,false,false,,
FILUSDT,68,45,2,BELOW,GIU,XUYEN_THAT,4,false,false,,
FILUSDT,69,9,2,ABOVE,PHA_GIA,XUYEN_THAT,1,true,true,2,false
FILUSDT,70,16,2,BELOW,GIU,XUYEN_THAT,1,false,false,,
FILUSDT,71,16,2,ABOVE,GIU,CHAN,3,false,false,,
FILUSDT,73,2,1,BELOW,GIU,CHAN,1,false,false,,
FILUSDT,74,4,2,BELOW,GIU,XUYEN_THAT,2,false,false,,
FILUSDT,75,7,2,BELOW,GIU,XUYEN_THAT,1,false,false,,
FILUSDT,76,6,2,ABOVE,PHA_GIA,CHAN,2,true,true,7,false
FILUSDT,77,7,2,ABOVE,PHA_GIA,CHAN,1,true,true,8,false
FILUSDT,79,10,2,ABOVE,GIU,XUYEN_THAT,3,false,false,,
FILUSDT,80,7,2,ABOVE,XUYEN_THAT,XUYEN_THAT,1,true,false,3,false
FILUSDT,82,1,1,BELOW,PHA_GIA,CHAN,1,true,true,0,false
FILUSDT,83,3,1,ABOVE,GIU,CHAN,3,false,false,,
FILUSDT,85,9,2,BELOW,XUYEN_THAT,XUYEN_THAT,3,true,false,2,false
FILUSDT,86,1,1,ABOVE,GIU,CHAN,3,false,false,,
FILUSDT,88,3,2,BELOW,PHA_GIA,CHAN,1,true,true,0,false
FILUSDT,89,6,2,BELOW,GIU,XUYEN_THAT,1,false,false,,
FILUSDT,90,5,2,ABOVE,GIU,CHAN,3,false,false,,
FILUSDT,91,11,2,BELOW,PHA_GIA,XUYEN_THAT,3,true,true,2,false
FILUSDT,92,2,1,BELOW,GIU,CHAN,3,false,false,,
FILUSDT,94,14,2,BELOW,XUYEN_THAT,XUYEN_THAT,4,true,false,1,false
FILUSDT,97,6,2,ABOVE,XUYEN_THAT,XUYEN_THAT,2,true,false,1,false
FILUSDT,98,12,2,ABOVE,GIU,XUYEN_THAT,2,false,false,,
FILUSDT,99,17,2,BELOW,GIU,XUYEN_THAT,1,false,false,,
FILUSDT,100,4,2,ABOVE,GIU,XUYEN_THAT,2,false,false,,
FILUSDT,101,10,2,ABOVE,GIU,XUYEN_THAT,1,false,false,,
FILUSDT,102,2,1,BELOW,PHA_GIA,CHAN,1,true,true,3,false
FILUSDT,103,1,1,BELOW,XUYEN_THAT,XUYEN_THAT,1,true,false,2,false
FILUSDT,104,8,2,BELOW,PHA_GIA,XUYEN_THAT,3,true,true,5,false
FILUSDT,105,3,2,BELOW,XUYEN_THAT,XUYEN_THAT,3,true,false,3,false
FILUSDT,107,11,2,ABOVE,GIU,XUYEN_THAT,1,false,false,,
FILUSDT,108,3,1,ABOVE,GIU,CHAN,1,false,false,,
FILUSDT,110,14,2,BELOW,GIU,XUYEN_THAT,2,false,false,,
FILUSDT,112,2,1,BELOW,GIU,CHAN,1,false,false,,
FILUSDT,113,23,2,BELOW,GIU,XUYEN_THAT,3,false,false,,
FILUSDT,115,3,2,BELOW,XUYEN_THAT,XUYEN_THAT,2,true,false,4,false
FILUSDT,116,46,2,BELOW,GIU,XUYEN_THAT,3,false,false,,
FILUSDT,117,21,2,BELOW,GIU,CHAN,4,false,false,,
FILUSDT,118,14,2,ABOVE,PHA_GIA,XUYEN_THAT,3,true,true,6,false
FILUSDT,119,34,2,ABOVE,PHA_GIA,XUYEN_THAT,3,true,true,4,false
FILUSDT,120,2,1,ABOVE,GIU,CHAN,3,false,false,,
FILUSDT,123,3,2,ABOVE,PHA_GIA,CHAN,4,true,true,1,false
FILUSDT,124,1,1,ABOVE,XUYEN_THAT,XUYEN_THAT,0,true,false,0,false
FILUSDT,125,1,1,BELOW,GIU,CHAN,2,false,false,,
FILUSDT,126,11,2,BELOW,GIU,XUYEN_THAT,3,false,false,,
FILUSDT,127,24,2,BELOW,GIU,XUYEN_THAT,3,false,false,,
FILUSDT,129,2,1,ABOVE,XUYEN_THAT,XUYEN_THAT,1,true,false,1,false
FILUSDT,130,4,1,BELOW,GIU,CHAN,3,false,false,,
FILUSDT,131,7,2,ABOVE,XUYEN_THAT,XUYEN_THAT,1,true,false,5,false
FILUSDT,132,15,2,BELOW,PHA_GIA,XUYEN_THAT,1,true,true,2,false
FILUSDT,133,1,1,BELOW,GIU,CHAN,3,false,false,,
FILUSDT,134,1,1,BELOW,GIU,CHAN,3,false,false,,
FILUSDT,135,6,2,BELOW,GIU,CHAN,2,false,false,,
FILUSDT,136,12,2,BELOW,XUYEN_THAT,XUYEN_THAT,1,true,false,3,false
FILUSDT,137,6,2,BELOW,PHA_GIA,XUYEN_THAT,2,true,true,4,false
FILUSDT,138,3,1,BELOW,GIU,CHAN,2,false,false,,
FILUSDT,139,5,1,BELOW,GIU,CHAN,2,false,false,,
FILUSDT,140,10,2,BELOW,PHA_GIA,XUYEN_THAT,1,true,true,1,false
FILUSDT,141,1,1,BELOW,GIU,CHAN,2,false,false,,
FILUSDT,142,16,2,ABOVE,GIU,XUYEN_THAT,2,false,false,,
FILUSDT,143,10,2,BELOW,XUYEN_THAT,XUYEN_THAT,0,true,false,0,false
FILUSDT,144,3,1,BELOW,GIU,CHAN,2,false,false,,
FILUSDT,145,2,1,BELOW,GIU,CHAN,3,false,false,,
FILUSDT,146,1,1,ABOVE,GIU,CHAN,2,false,false,,
FILUSDT,147,3,2,BELOW,XUYEN_THAT,XUYEN_THAT,0,true,false,0,false
FILUSDT,148,10,2,BELOW,GIU,XUYEN_THAT,0,false,false,,
FILUSDT,149,3,2,ABOVE,PHA_GIA,XUYEN_THAT,3,true,true,1,false
FILUSDT,150,7,2,BELOW,XUYEN_THAT,XUYEN_THAT,2,true,false,2,false
FILUSDT,151,17,2,ABOVE,GIU,XUYEN_THAT,2,false,false,,
FILUSDT,152,4,1,ABOVE,GIU,CHAN,2,false,false,,
FILUSDT,153,1,1,ABOVE,GIU,CHAN,4,false,false,,
FILUSDT,154,13,2,ABOVE,GIU,XUYEN_THAT,2,false,false,,
FILUSDT,155,1,1,ABOVE,XUYEN_THAT,XUYEN_THAT,1,true,false,1,false
FILUSDT,156,11,2,ABOVE,PHA_GIA,XUYEN_THAT,1,true,true,1,false
FILUSDT,157,7,2,ABOVE,GIU,XUYEN_THAT,1,false,false,,
FILUSDT,158,3,1,ABOVE,GIU,CHAN,5,false,false,,
FILUSDT,159,4,1,ABOVE,GIU,CHAN,1,false,false,,
FILUSDT,160,17,2,BELOW,GIU,XUYEN_THAT,3,false,false,,
FILUSDT,161,7,1,ABOVE,GIU,CHAN,4,false,false,,
FILUSDT,162,3,1,ABOVE,PHA_GIA,CHAN,0,true,true,0,false
FILUSDT,163,18,2,ABOVE,GIU,XUYEN_THAT,2,false,false,,
FILUSDT,164,35,2,BELOW,GIU,XUYEN_THAT,2,false,false,,
FILUSDT,165,12,2,BELOW,PHA_GIA,XUYEN_THAT,3,true,true,4,false
FILUSDT,167,11,2,ABOVE,PHA_GIA,XUYEN_THAT,2,true,true,0,false
FILUSDT,169,2,2,ABOVE,XUYEN_THAT,XUYEN_THAT,1,true,false,0,false
FILUSDT,171,3,1,ABOVE,GIU,CHAN,2,false,false,,
FILUSDT,172,4,2,BELOW,XUYEN_THAT,XUYEN_THAT,1,true,false,0,false
FILUSDT,174,20,2,ABOVE,XUYEN_THAT,XUYEN_THAT,1,true,false,0,false
FILUSDT,176,21,2,BELOW,GIU,XUYEN_THAT,2,false,false,,
FILUSDT,177,22,2,BELOW,XUYEN_THAT,XUYEN_THAT,3,true,false,5,false
FILUSDT,179,18,2,ABOVE,GIU,XUYEN_THAT,3,false,false,,
FILUSDT,180,5,2,BELOW,GIU,XUYEN_THAT,1,false,false,,
FILUSDT,181,9,2,BELOW,PHA_GIA,XUYEN_THAT,1,true,true,1,false
FILUSDT,183,4,2,BELOW,XUYEN_THAT,XUYEN_THAT,2,true,false,0,false
FILUSDT,184,2,1,BELOW,GIU,CHAN,1,false,false,,
FILUSDT,185,10,2,ABOVE,GIU,XUYEN_THAT,3,false,false,,
FILUSDT,186,38,2,ABOVE,GIU,XUYEN_THAT,3,false,false,,
FILUSDT,187,25,2,ABOVE,PHA_GIA,XUYEN_THAT,2,true,true,7,false
FILUSDT,188,12,2,ABOVE,PHA_GIA,XUYEN_THAT,2,true,true,0,false
FILUSDT,190,7,1,BELOW,GIU,CHAN,2,false,false,,
FILUSDT,191,9,2,ABOVE,GIU,XUYEN_THAT,1,false,false,,
FILUSDT,193,7,2,BELOW,GIU,XUYEN_THAT,1,false,false,,
FILUSDT,194,9,2,ABOVE,GIU,XUYEN_THAT,2,false,false,,
FILUSDT,195,1,1,BELOW,GIU,CHAN,2,false,false,,
FILUSDT,196,9,2,ABOVE,XUYEN_THAT,XUYEN_THAT,3,true,false,2,false
FILUSDT,197,1,1,BELOW,GIU,CHAN,1,false,false,,
FILUSDT,200,5,2,BELOW,PHA_GIA,XUYEN_THAT,2,true,true,1,false
FILUSDT,201,6,1,ABOVE,GIU,CHAN,1,false,false,,
FILUSDT,202,18,2,ABOVE,GIU,XUYEN_THAT,1,false,false,,
FILUSDT,204,17,2,ABOVE,XUYEN_THAT,XUYEN_THAT,0,true,false,0,false
FILUSDT,205,3,2,BELOW,PHA_GIA,CHAN,1,true,true,2,false
FILUSDT,206,13,2,BELOW,GIU,XUYEN_THAT,2,false,false,,
FILUSDT,208,1,1,BELOW,XUYEN_THAT,XUYEN_THAT,1,true,false,0,false
FILUSDT,209,19,2,BELOW,XUYEN_THAT,XUYEN_THAT,2,true,false,7,false
FILUSDT,210,5,2,BELOW,GIU,XUYEN_THAT,3,false,false,,
FILUSDT,211,19,2,ABOVE,XUYEN_THAT,XUYEN_THAT,1,true,false,0,false
FILUSDT,212,10,2,BELOW,GIU,XUYEN_THAT,4,false,false,,
FILUSDT,213,3,2,ABOVE,XUYEN_THAT,XUYEN_THAT,2,true,false,5,true
FILUSDT,214,4,1,BELOW,GIU,CHAN,3,false,false,,
FILUSDT,215,20,2,ABOVE,XUYEN_THAT,XUYEN_THAT,0,true,false,0,false
FILUSDT,216,6,2,ABOVE,GIU,XUYEN_THAT,2,false,false,,
FILUSDT,217,3,2,BELOW,PHA_GIA,XUYEN_THAT,2,true,true,1,false
FILUSDT,219,7,2,BELOW,GIU,CHAN,4,false,false,,
FILUSDT,220,5,2,ABOVE,XUYEN_THAT,XUYEN_THAT,1,true,false,6,false
FILUSDT,221,3,1,ABOVE,GIU,CHAN,2,false,false,,
FILUSDT,222,1,1,ABOVE,XUYEN_THAT,XUYEN_THAT,1,true,false,0,false
FILUSDT,223,12,2,BELOW,PHA_GIA,XUYEN_THAT,3,true,true,4,false
FILUSDT,224,4,1,BELOW,GIU,CHAN,0,false,false,,
FILUSDT,225,11,2,ABOVE,XUYEN_THAT,XUYEN_THAT,0,true,false,0,false
FILUSDT,226,7,2,BELOW,PHA_GIA,XUYEN_THAT,1,true,true,1,false
FILUSDT,227,5,2,ABOVE,PHA_GIA,XUYEN_THAT,3,true,true,1,false
FILUSDT,228,7,2,ABOVE,XUYEN_THAT,XUYEN_THAT,2,true,false,5,false
FILUSDT,229,10,1,ABOVE,GIU,CHAN,3,false,false,,
FILUSDT,230,3,2,BELOW,GIU,CHAN,4,false,false,,
FILUSDT,231,5,1,BELOW,GIU,XUYEN_THAT,0,false,false,,
FILUSDT,232,13,2,BELOW,GIU,XUYEN_THAT,1,false,false,,
FILUSDT,233,1,1,ABOVE,XUYEN_THAT,XUYEN_THAT,0,true,false,1,false
FILUSDT,236,18,2,BELOW,GIU,CHAN,3,false,false,,
FILUSDT,237,37,2,ABOVE,GIU,XUYEN_THAT,2,false,false,,
FILUSDT,238,1,1,BELOW,GIU,CHAN,0,false,false,,
FILUSDT,239,6,2,ABOVE,XUYEN_THAT,XUYEN_THAT,1,true,false,1,false
FILUSDT,240,4,2,BELOW,PHA_GIA,CHAN,1,true,true,0,false
FILUSDT,241,1,1,ABOVE,PHA_GIA,CHAN,0,true,true,0,false
FILUSDT,242,1,1,ABOVE,GIU,CHAN,2,false,false,,
FILUSDT,243,5,2,ABOVE,PHA_GIA,XUYEN_THAT,3,true,true,8,false
FILUSDT,244,21,2,BELOW,XUYEN_THAT,XUYEN_THAT,1,true,false,4,false
FILUSDT,245,2,1,BELOW,GIU,CHAN,1,false,false,,
FILUSDT,246,4,2,BELOW,GIU,CHAN,2,false,false,,
FILUSDT,247,7,2,BELOW,XUYEN_THAT,XUYEN_THAT,0,true,false,0,false
FILUSDT,248,2,2,BELOW,XUYEN_THAT,XUYEN_THAT,3,true,false,2,false
FILUSDT,249,4,1,BELOW,GIU,CHAN,4,false,false,,
FILUSDT,250,1,1,BELOW,GIU,CHAN,3,false,false,,
FILUSDT,251,9,1,BELOW,GIU,CHAN,1,false,false,,
FILUSDT,252,16,2,ABOVE,GIU,CHAN,3,false,false,,
FILUSDT,253,7,2,BELOW,GIU,XUYEN_THAT,1,false,false,,
FILUSDT,254,9,2,BELOW,PHA_GIA,XUYEN_THAT,0,true,true,0,false
FILUSDT,256,9,2,BELOW,PHA_GIA,XUYEN_THAT,1,true,true,2,false
FILUSDT,257,10,2,ABOVE,XUYEN_THAT,XUYEN_THAT,1,true,false,6,true
FILUSDT,258,8,2,ABOVE,PHA_GIA,XUYEN_THAT,0,true,true,0,false
FILUSDT,259,2,2,BELOW,XUYEN_THAT,XUYEN_THAT,0,true,false,2,false
FILUSDT,260,1,1,BELOW,GIU,CHAN,2,false,false,,
FILUSDT,261,5,2,BELOW,PHA_GIA,XUYEN_THAT,1,true,true,6,false
FILUSDT,262,2,1,BELOW,GIU,CHAN,2,false,false,,
FILUSDT,263,15,1,BELOW,GIU,CHAN,2,false,false,,
FILUSDT,264,2,2,ABOVE,PHA_GIA,CHAN,1,true,true,2,false
FILUSDT,266,4,2,BELOW,PHA_GIA,XUYEN_THAT,3,true,true,3,false
FILUSDT,268,1,1,BELOW,GIU,CHAN,3,false,false,,
FILUSDT,270,2,1,ABOVE,XUYEN_THAT,XUYEN_THAT,3,true,false,5,false
FILUSDT,271,18,2,ABOVE,PHA_GIA,XUYEN_THAT,2,true,true,0,false
FILUSDT,272,1,1,BELOW,GIU,CHAN,1,false,false,,
FILUSDT,273,2,2,ABOVE,PHA_GIA,XUYEN_THAT,1,true,true,0,false
FILUSDT,274,6,2,ABOVE,PHA_GIA,XUYEN_THAT,0,true,true,3,false
FILUSDT,275,10,2,BELOW,XUYEN_THAT,XUYEN_THAT,2,true,false,5,false
FILUSDT,277,19,2,ABOVE,GIU,XUYEN_THAT,1,false,false,,
FILUSDT,279,37,2,BELOW,PHA_GIA,XUYEN_THAT,2,true,true,3,false
FILUSDT,280,4,1,ABOVE,GIU,CHAN,2,false,false,,
FILUSDT,283,17,2,BELOW,PHA_GIA,XUYEN_THAT,2,true,true,7,false
FILUSDT,284,15,2,BELOW,GIU,XUYEN_THAT,3,false,false,,
FILUSDT,285,17,2,BELOW,PHA_GIA,XUYEN_THAT,1,true,true,0,false
FILUSDT,286,5,2,BELOW,XUYEN_THAT,XUYEN_THAT,1,true,false,1,false
FILUSDT,287,10,2,BELOW,XUYEN_THAT,XUYEN_THAT,1,true,false,0,false
FILUSDT,288,10,2,BELOW,GIU,XUYEN_THAT,1,false,false,,
FILUSDT,290,3,2,BELOW,PHA_GIA,XUYEN_THAT,1,true,true,4,false
FILUSDT,291,1,1,ABOVE,XUYEN_THAT,XUYEN_THAT,0,true,false,1,false
FILUSDT,292,18,2,BELOW,GIU,XUYEN_THAT,3,false,false,,
FILUSDT,293,11,2,BELOW,GIU,XUYEN_THAT,2,false,false,,
FILUSDT,294,4,2,BELOW,PHA_GIA,CHAN,2,true,true,3,false
FILUSDT,296,7,2,BELOW,XUYEN_THAT,XUYEN_THAT,3,true,false,2,false
FILUSDT,298,6,2,ABOVE,XUYEN_THAT,XUYEN_THAT,1,true,false,8,false
FILUSDT,299,2,2,ABOVE,XUYEN_THAT,XUYEN_THAT,1,true,false,4,false
FILUSDT,301,5,2,BELOW,PHA_GIA,XUYEN_THAT,3,true,true,1,false
FILUSDT,302,23,2,ABOVE,GIU,CHAN,0,false,false,,
FILUSDT,304,5,2,BELOW,XUYEN_THAT,XUYEN_THAT,1,true,false,2,false
FILUSDT,305,19,2,BELOW,GIU,XUYEN_THAT,1,false,false,,
FILUSDT,306,5,2,BELOW,GIU,CHAN,3,false,false,,
FILUSDT,307,5,2,ABOVE,GIU,XUYEN_THAT,1,false,false,,
FILUSDT,309,3,2,BELOW,XUYEN_THAT,XUYEN_THAT,3,true,false,5,false
FILUSDT,310,1,1,BELOW,GIU,CHAN,5,false,false,,
FILUSDT,311,24,2,BELOW,GIU,XUYEN_THAT,3,false,false,,
FILUSDT,312,2,2,BELOW,XUYEN_THAT,XUYEN_THAT,4,true,false,4,false
FILUSDT,314,4,2,ABOVE,GIU,CHAN,0,false,false,,
FILUSDT,315,19,2,BELOW,PHA_GIA,XUYEN_THAT,1,true,true,0,false
FILUSDT,317,17,2,BELOW,GIU,XUYEN_THAT,4,false,false,,
FILUSDT,318,32,2,BELOW,GIU,XUYEN_THAT,1,false,false,,
FILUSDT,319,5,2,BELOW,PHA_GIA,CHAN,3,true,true,8,false
FILUSDT,320,21,2,BELOW,PHA_GIA,XUYEN_THAT,0,true,true,2,false
FILUSDT,321,1,1,BELOW,XUYEN_THAT,XUYEN_THAT,0,true,false,0,true
FILUSDT,324,16,2,BELOW,GIU,XUYEN_THAT,2,false,false,,
FILUSDT,326,6,2,BELOW,GIU,XUYEN_THAT,0,false,false,,
FILUSDT,328,19,2,BELOW,GIU,XUYEN_THAT,3,false,false,,
FILUSDT,329,8,1,ABOVE,GIU,CHAN,2,false,false,,
FILUSDT,330,3,1,BELOW,GIU,CHAN,3,false,false,,
FILUSDT,331,8,2,BELOW,PHA_GIA,XUYEN_THAT,2,true,true,3,false
FILUSDT,332,8,2,ABOVE,GIU,XUYEN_THAT,2,false,false,,
FILUSDT,333,5,2,BELOW,GIU,CHAN,3,false,false,,
FILUSDT,334,4,1,ABOVE,GIU,CHAN,5,false,false,,
FILUSDT,335,6,2,ABOVE,GIU,XUYEN_THAT,0,false,false,,
FILUSDT,336,7,2,ABOVE,GIU,XUYEN_THAT,1,false,false,,
FILUSDT,338,29,2,ABOVE,XUYEN_THAT,XUYEN_THAT,1,true,false,2,false
FILUSDT,339,3,1,BELOW,GIU,CHAN,3,false,false,,
FILUSDT,340,5,1,ABOVE,GIU,CHAN,4,false,false,,
FILUSDT,341,5,2,ABOVE,GIU,CHAN,3,false,false,,
FILUSDT,342,16,2,BELOW,GIU,XUYEN_THAT,1,false,false,,
FILUSDT,343,4,2,BELOW,PHA_GIA,CHAN,1,true,true,8,false
FILUSDT,344,1,1,BELOW,GIU,CHAN,4,false,false,,
FILUSDT,345,6,1,BELOW,GIU,CHAN,1,false,false,,
FILUSDT,346,4,2,ABOVE,XUYEN_THAT,XUYEN_THAT,2,true,false,5,false
FILUSDT,347,14,2,BELOW,PHA_GIA,XUYEN_THAT,3,true,true,2,false
FILUSDT,350,22,2,ABOVE,GIU,XUYEN_THAT,3,false,false,,
FILUSDT,351,10,2,ABOVE,PHA_GIA,XUYEN_THAT,1,true,true,2,false
FILUSDT,352,2,1,ABOVE,GIU,CHAN,2,false,false,,
FILUSDT,354,8,1,BELOW,GIU,CHAN,2,false,false,,
FILUSDT,355,1,1,ABOVE,PHA_GIA,CHAN,3,true,true,3,false
FILUSDT,356,5,2,BELOW,PHA_GIA,XUYEN_THAT,0,true,true,1,false
FILUSDT,357,13,2,ABOVE,PHA_GIA,CHAN,2,true,true,0,false
FILUSDT,360,7,2,BELOW,PHA_GIA,CHAN,1,true,true,1,false
FILUSDT,361,1,1,BELOW,GIU,CHAN,1,false,false,,
FILUSDT,362,21,2,BELOW,PHA_GIA,XUYEN_THAT,4,true,true,2,false
FILUSDT,363,9,2,BELOW,PHA_GIA,XUYEN_THAT,1,true,true,1,false
FILUSDT,364,4,1,ABOVE,GIU,CHAN,3,false,false,,
FILUSDT,365,1,1,ABOVE,GIU,CHAN,1,false,false,,
FILUSDT,366,2,2,ABOVE,PHA_GIA,XUYEN_THAT,2,true,true,1,false
FILUSDT,368,2,1,BELOW,GIU,CHAN,2,false,false,,
FILUSDT,369,3,1,ABOVE,GIU,CHAN,1,false,false,,
FILUSDT,371,16,2,ABOVE,GIU,XUYEN_THAT,3,false,false,,
FILUSDT,372,3,1,ABOVE,GIU,CHAN,4,false,false,,
FILUSDT,375,10,2,ABOVE,XUYEN_THAT,XUYEN_THAT,1,true,false,1,false
FILUSDT,376,4,2,ABOVE,XUYEN_THAT,XUYEN_THAT,2,true,false,5,false
FILUSDT,377,1,1,BELOW,GIU,CHAN,3,false,false,,
FILUSDT,378,2,1,ABOVE,GIU,CHAN,1,false,false,,
FILUSDT,379,1,1,BELOW,GIU,CHAN,2,false,false,,
FILUSDT,380,8,2,ABOVE,PHA_GIA,XUYEN_THAT,1,true,true,7,false
FILUSDT,381,13,2,ABOVE,GIU,CHAN,3,false,false,,
FILUSDT,382,4,1,ABOVE,GIU,CHAN,2,false,false,,
FILUSDT,383,2,1,BELOW,GIU,CHAN,1,false,false,,
FILUSDT,385,5,1,BELOW,GIU,CHAN,2,false,false,,
FILUSDT,386,6,2,BELOW,PHA_GIA,XUYEN_THAT,2,true,true,6,false
FILUSDT,387,2,1,ABOVE,XUYEN_THAT,XUYEN_THAT,2,true,false,2,false
FILUSDT,388,2,2,BELOW,PHA_GIA,XUYEN_THAT,3,true,true,4,false
FILUSDT,389,10,2,BELOW,PHA_GIA,CHAN,0,true,true,3,false
FILUSDT,392,8,2,BELOW,XUYEN_THAT,XUYEN_THAT,1,true,false,2,false
FILUSDT,393,6,2,BELOW,XUYEN_THAT,XUYEN_THAT,3,true,false,1,false
FILUSDT,394,15,2,ABOVE,PHA_GIA,XUYEN_THAT,2,true,true,0,false
FILUSDT,397,10,2,BELOW,PHA_GIA,XUYEN_THAT,1,true,true,1,false
FILUSDT,398,5,1,BELOW,GIU,CHAN,2,false,false,,
FILUSDT,400,3,2,BELOW,GIU,XUYEN_THAT,2,false,false,,
FILUSDT,403,6,2,BELOW,PHA_GIA,XUYEN_THAT,2,true,true,2,false
FILUSDT,405,10,2,BELOW,GIU,XUYEN_THAT,1,false,false,,
FILUSDT,408,7,2,ABOVE,GIU,XUYEN_THAT,4,false,false,,
FILUSDT,411,19,2,ABOVE,GIU,XUYEN_THAT,4,false,false,,
FILUSDT,412,4,1,ABOVE,PHA_GIA,CHAN,3,true,true,0,false
FILUSDT,413,6,2,BELOW,GIU,XUYEN_THAT,4,false,false,,
FILUSDT,414,8,2,ABOVE,XUYEN_THAT,XUYEN_THAT,2,true,false,2,false
FILUSDT,416,2,1,BELOW,GIU,CHAN,1,false,false,,
FILUSDT,417,7,2,ABOVE,XUYEN_THAT,XUYEN_THAT,2,true,false,1,false
FILUSDT,418,5,1,ABOVE,GIU,CHAN,3,false,false,,
FILUSDT,419,13,2,BELOW,GIU,XUYEN_THAT,3,false,false,,
FILUSDT,420,4,2,BELOW,PHA_GIA,XUYEN_THAT,2,true,true,0,false
FILUSDT,421,1,1,ABOVE,GIU,CHAN,1,false,false,,
FILUSDT,422,7,2,BELOW,XUYEN_THAT,XUYEN_THAT,2,true,false,2,false
FILUSDT,424,8,2,BELOW,GIU,XUYEN_THAT,0,false,false,,
FILUSDT,425,40,2,ABOVE,PHA_GIA,XUYEN_THAT,0,true,true,0,false
FILUSDT,426,2,1,BELOW,GIU,CHAN,1,false,false,,
FILUSDT,427,32,2,BELOW,GIU,XUYEN_THAT,1,false,false,,
FILUSDT,428,3,2,ABOVE,PHA_GIA,CHAN,1,true,true,7,false
FILUSDT,429,3,1,ABOVE,GIU,CHAN,1,false,false,,
FILUSDT,430,2,2,ABOVE,PHA_GIA,XUYEN_THAT,2,true,true,1,false
FILUSDT,431,8,2,BELOW,GIU,XUYEN_THAT,2,false,false,,
FILUSDT,433,12,2,ABOVE,PHA_GIA,XUYEN_THAT,1,true,true,1,false
FILUSDT,434,2,1,ABOVE,GIU,CHAN,2,false,false,,
FILUSDT,435,8,2,BELOW,XUYEN_THAT,XUYEN_THAT,3,true,false,4,false
FILUSDT,436,12,2,ABOVE,PHA_GIA,XUYEN_THAT,1,true,true,3,false
FILUSDT,438,13,2,BELOW,PHA_GIA,XUYEN_THAT,0,true,true,4,false
FILUSDT,439,28,2,ABOVE,XUYEN_THAT,XUYEN_THAT,0,true,false,7,false
FILUSDT,440,6,2,BELOW,XUYEN_THAT,XUYEN_THAT,3,true,false,5,false
FILUSDT,441,1,1,ABOVE,PHA_GIA,CHAN,2,true,true,2,false
FILUSDT,443,33,2,BELOW,GIU,XUYEN_THAT,3,false,false,,
FILUSDT,444,1,1,ABOVE,PHA_GIA,CHAN,2,true,true,1,false
FILUSDT,445,15,2,BELOW,PHA_GIA,XUYEN_THAT,3,true,true,4,false
FILUSDT,448,5,1,BELOW,GIU,CHAN,2,false,false,,
FILUSDT,449,3,1,ABOVE,PHA_GIA,CHAN,0,true,true,0,false
FILUSDT,450,12,2,BELOW,XUYEN_THAT,XUYEN_THAT,3,true,false,4,false
FILUSDT,451,11,2,BELOW,PHA_GIA,XUYEN_THAT,3,true,true,3,false
FILUSDT,452,5,1,BELOW,GIU,CHAN,1,false,false,,
FILUSDT,453,8,2,BELOW,GIU,CHAN,2,false,false,,
FILUSDT,454,11,2,ABOVE,GIU,XUYEN_THAT,2,false,false,,
FILUSDT,456,16,2,BELOW,PHA_GIA,XUYEN_THAT,2,true,true,5,false
FILUSDT,457,1,1,BELOW,PHA_GIA,CHAN,0,true,true,4,false
FILUSDT,459,20,2,BELOW,GIU,XUYEN_THAT,3,false,false,,
FILUSDT,460,6,2,ABOVE,GIU,XUYEN_THAT,3,false,false,,
FILUSDT,461,10,2,BELOW,PHA_GIA,XUYEN_THAT,1,true,true,1,false
FILUSDT,462,25,2,ABOVE,GIU,XUYEN_THAT,2,false,false,,
FILUSDT,463,28,2,BELOW,GIU,XUYEN_THAT,0,false,false,,
FILUSDT,464,8,2,BELOW,PHA_GIA,XUYEN_THAT,0,true,true,1,false
FILUSDT,465,14,2,ABOVE,GIU,XUYEN_THAT,4,false,false,,
FILUSDT,467,4,1,BELOW,GIU,CHAN,0,false,false,,
FILUSDT,468,2,1,ABOVE,PHA_GIA,CHAN,1,true,true,5,false
FILUSDT,471,13,2,BELOW,PHA_GIA,XUYEN_THAT,2,true,true,0,false
FILUSDT,472,28,2,ABOVE,GIU,XUYEN_THAT,3,false,false,,
FILUSDT,473,1,1,ABOVE,GIU,CHAN,0,false,false,,
FILUSDT,474,2,2,ABOVE,PHA_GIA,XUYEN_THAT,1,true,true,0,false
FILUSDT,475,8,2,BELOW,PHA_GIA,XUYEN_THAT,2,true,true,0,false
FILUSDT,476,29,2,ABOVE,XUYEN_THAT,XUYEN_THAT,1,true,false,3,false
FILUSDT,477,20,2,BELOW,GIU,XUYEN_THAT,4,false,false,,
FILUSDT,478,22,2,ABOVE,XUYEN_THAT,XUYEN_THAT,2,true,false,4,true
FILUSDT,479,6,2,ABOVE,PHA_GIA,XUYEN_THAT,2,true,true,2,false
FILUSDT,481,2,1,BELOW,PHA_GIA,CHAN,1,true,true,7,false
FILUSDT,483,4,2,BELOW,PHA_GIA,CHAN,1,true,true,5,false
FILUSDT,484,23,2,BELOW,PHA_GIA,XUYEN_THAT,2,true,true,4,false
FILUSDT,486,1,1,ABOVE,GIU,CHAN,3,false,false,,
FILUSDT,487,5,2,BELOW,XUYEN_THAT,XUYEN_THAT,3,true,false,1,false
FILUSDT,488,3,2,BELOW,GIU,CHAN,1,false,false,,
FILUSDT,489,10,2,BELOW,PHA_GIA,CHAN,1,true,true,8,false
FILUSDT,490,3,1,ABOVE,GIU,CHAN,2,false,false,,
FILUSDT,491,7,2,ABOVE,PHA_GIA,XUYEN_THAT,3,true,true,1,false
FILUSDT,492,7,2,BELOW,GIU,XUYEN_THAT,2,false,false,,
FILUSDT,493,4,2,BELOW,XUYEN_THAT,XUYEN_THAT,2,true,false,5,false
FILUSDT,494,12,2,BELOW,XUYEN_THAT,XUYEN_THAT,3,true,false,5,false
FILUSDT,495,3,1,BELOW,GIU,CHAN,1,false,false,,
FILUSDT,496,6,2,BELOW,PHA_GIA,XUYEN_THAT,1,true,true,6,false
FILUSDT,499,8,2,ABOVE,PHA_GIA,XUYEN_THAT,1,true,true,1,false
FILUSDT,500,7,2,ABOVE,XUYEN_THAT,XUYEN_THAT,3,true,false,3,false
FILUSDT,502,1,1,BELOW,PHA_GIA,CHAN,4,true,true,5,false
FILUSDT,503,13,2,BELOW,GIU,XUYEN_THAT,2,false,false,,
FILUSDT,504,11,2,ABOVE,PHA_GIA,CHAN,1,true,true,4,false
FILUSDT,505,7,2,BELOW,GIU,CHAN,0,false,false,,
FILUSDT,506,4,1,ABOVE,GIU,CHAN,1,false,false,,
FILUSDT,508,8,2,BELOW,GIU,XUYEN_THAT,1,false,false,,
FILUSDT,510,12,2,ABOVE,PHA_GIA,CHAN,2,true,true,3,false
FILUSDT,511,10,2,BELOW,GIU,XUYEN_THAT,2,false,false,,
FILUSDT,512,7,1,ABOVE,GIU,CHAN,2,false,false,,
FILUSDT,513,7,2,ABOVE,PHA_GIA,XUYEN_THAT,1,true,true,1,false
FILUSDT,514,8,2,BELOW,GIU,XUYEN_THAT,2,false,false,,
FILUSDT,515,4,2,BELOW,PHA_GIA,CHAN,1,true,true,2,false
FILUSDT,516,8,2,BELOW,XUYEN_THAT,XUYEN_THAT,1,true,false,2,false
FILUSDT,518,11,2,BELOW,GIU,XUYEN_THAT,2,false,false,,
FILUSDT,519,10,2,ABOVE,GIU,XUYEN_THAT,2,false,false,,
FILUSDT,520,1,1,ABOVE,PHA_GIA,CHAN,2,true,true,1,false
FILUSDT,521,1,1,ABOVE,XUYEN_THAT,XUYEN_THAT,1,true,false,1,false
FILUSDT,522,1,1,ABOVE,GIU,CHAN,1,false,false,,
FILUSDT,523,2,1,BELOW,XUYEN_THAT,XUYEN_THAT,0,true,false,4,false
FILUSDT,526,22,2,BELOW,XUYEN_THAT,XUYEN_THAT,1,true,false,0,false
FILUSDT,527,11,2,ABOVE,PHA_GIA,XUYEN_THAT,0,true,true,4,false
FILUSDT,529,7,2,BELOW,GIU,XUYEN_THAT,3,false,false,,
FILUSDT,531,8,2,ABOVE,PHA_GIA,CHAN,2,true,true,7,false
FILUSDT,533,28,2,ABOVE,GIU,XUYEN_THAT,2,false,false,,
FILUSDT,536,22,2,BELOW,GIU,XUYEN_THAT,3,false,false,,
FILUSDT,537,17,2,ABOVE,GIU,XUYEN_THAT,2,false,false,,
FILUSDT,538,7,2,ABOVE,PHA_GIA,XUYEN_THAT,3,true,true,2,false
FILUSDT,539,10,2,BELOW,GIU,XUYEN_THAT,2,false,false,,
FILUSDT,540,6,2,BELOW,GIU,XUYEN_THAT,3,false,false,,
FILUSDT,541,8,2,ABOVE,XUYEN_THAT,XUYEN_THAT,0,true,false,1,false
FILUSDT,542,4,1,ABOVE,GIU,CHAN,1,false,false,,
FILUSDT,543,12,2,ABOVE,XUYEN_THAT,XUYEN_THAT,2,true,false,3,false
FILUSDT,544,2,1,BELOW,GIU,CHAN,4,false,false,,
FILUSDT,545,3,1,BELOW,GIU,XUYEN_THAT,4,false,false,,
FILUSDT,546,7,2,BELOW,PHA_GIA,XUYEN_THAT,3,true,true,4,false
FILUSDT,547,15,2,ABOVE,GIU,CHAN,2,false,false,,
FILUSDT,548,2,1,BELOW,GIU,CHAN,1,false,false,,
FILUSDT,549,4,2,BELOW,PHA_GIA,XUYEN_THAT,2,true,true,0,false
FILUSDT,550,40,2,BELOW,PHA_GIA,XUYEN_THAT,3,true,true,6,false
FILUSDT,551,34,2,ABOVE,GIU,XUYEN_THAT,1,false,false,,
FILUSDT,552,8,2,BELOW,GIU,XUYEN_THAT,3,false,false,,
FILUSDT,553,3,2,BELOW,PHA_GIA,CHAN,0,true,true,0,false
FILUSDT,554,2,1,BELOW,GIU,CHAN,3,false,false,,
FILUSDT,555,9,1,ABOVE,GIU,CHAN,1,false,false,,
FILUSDT,557,4,2,BELOW,PHA_GIA,XUYEN_THAT,3,true,true,3,false
FILUSDT,558,10,2,BELOW,PHA_GIA,XUYEN_THAT,2,true,true,5,false
FILUSDT,560,12,2,BELOW,XUYEN_THAT,XUYEN_THAT,1,true,false,0,false
FILUSDT,562,11,2,BELOW,PHA_GIA,XUYEN_THAT,3,true,true,1,false
FILUSDT,563,6,2,ABOVE,PHA_GIA,XUYEN_THAT,1,true,true,0,false
FILUSDT,564,40,2,ABOVE,PHA_GIA,XUYEN_THAT,1,true,true,5,false
FILUSDT,566,11,2,BELOW,PHA_GIA,XUYEN_THAT,2,true,true,1,false
FILUSDT,567,11,2,ABOVE,GIU,XUYEN_THAT,2,false,false,,
FILUSDT,568,7,2,BELOW,GIU,XUYEN_THAT,2,false,false,,
FILUSDT,569,7,2,ABOVE,GIU,XUYEN_THAT,1,false,false,,
FILUSDT,571,3,2,ABOVE,PHA_GIA,CHAN,2,true,true,4,false
FILUSDT,572,10,2,ABOVE,GIU,XUYEN_THAT,2,false,false,,
FILUSDT,573,7,2,BELOW,XUYEN_THAT,XUYEN_THAT,2,true,false,5,false
FILUSDT,575,8,2,BELOW,GIU,CHAN,3,false,false,,
FILUSDT,577,12,2,BELOW,GIU,XUYEN_THAT,3,false,false,,
FILUSDT,578,1,1,BELOW,GIU,CHAN,3,false,false,,
FILUSDT,579,2,2,BELOW,PHA_GIA,CHAN,0,true,true,0,false
FILUSDT,581,8,2,ABOVE,PHA_GIA,XUYEN_THAT,1,true,true,0,false
FILUSDT,582,6,2,BELOW,XUYEN_THAT,XUYEN_THAT,0,true,false,0,false
FILUSDT,583,5,2,BELOW,GIU,XUYEN_THAT,3,false,false,,
FILUSDT,584,1,1,BELOW,GIU,CHAN,4,false,false,,
FILUSDT,585,9,2,BELOW,GIU,XUYEN_THAT,3,false,false,,
FILUSDT,586,16,2,BELOW,PHA_GIA,XUYEN_THAT,1,true,true,6,false
FILUSDT,587,1,1,ABOVE,GIU,CHAN,1,false,false,,
FILUSDT,588,8,2,BELOW,PHA_GIA,XUYEN_THAT,1,true,true,0,false
FILUSDT,589,1,1,BELOW,GIU,CHAN,3,false,false,,
FILUSDT,590,5,2,BELOW,PHA_GIA,XUYEN_THAT,2,true,true,3,false
FILUSDT,591,16,2,BELOW,PHA_GIA,XUYEN_THAT,0,true,true,0,false
FILUSDT,592,2,1,BELOW,PHA_GIA,CHAN,1,true,true,7,false
FILUSDT,593,11,2,ABOVE,XUYEN_THAT,XUYEN_THAT,3,true,false,2,false
FILUSDT,594,15,2,BELOW,XUYEN_THAT,XUYEN_THAT,1,true,false,2,false
FILUSDT,595,17,2,BELOW,GIU,XUYEN_THAT,3,false,false,,
FILUSDT,596,1,1,BELOW,PHA_GIA,CHAN,4,true,true,4,false
FILUSDT,597,5,2,BELOW,GIU,XUYEN_THAT,0,false,false,,
FILUSDT,598,12,1,ABOVE,GIU,CHAN,1,false,false,,
FILUSDT,600,17,2,BELOW,GIU,XUYEN_THAT,3,false,false,,
FILUSDT,601,9,2,BELOW,PHA_GIA,XUYEN_THAT,3,true,true,3,false
FILUSDT,602,2,2,ABOVE,GIU,CHAN,3,false,false,,
FILUSDT,603,31,2,BELOW,GIU,CHAN,5,false,false,,
FILUSDT,604,14,1,ABOVE,GIU,CHAN,1,false,false,,
FILUSDT,606,5,2,BELOW,PHA_GIA,XUYEN_THAT,0,true,true,2,false
FILUSDT,607,3,1,BELOW,GIU,CHAN,2,false,false,,
FILUSDT,608,3,1,ABOVE,XUYEN_THAT,XUYEN_THAT,2,true,false,8,false
FILUSDT,609,14,2,BELOW,GIU,XUYEN_THAT,2,false,false,,
FILUSDT,610,7,2,ABOVE,XUYEN_THAT,XUYEN_THAT,4,true,false,1,false
FILUSDT,614,2,1,BELOW,GIU,CHAN,1,false,false,,
FILUSDT,615,2,1,ABOVE,GIU,CHAN,4,false,false,,
FILUSDT,618,1,1,ABOVE,GIU,CHAN,1,false,false,,
FILUSDT,619,22,2,ABOVE,PHA_GIA,XUYEN_THAT,1,true,true,0,false
FILUSDT,620,5,1,BELOW,GIU,CHAN,4,false,false,,
FILUSDT,621,20,2,BELOW,GIU,CHAN,4,false,false,,
FILUSDT,623,25,2,BELOW,GIU,XUYEN_THAT,1,false,false,,
FILUSDT,624,4,2,ABOVE,PHA_GIA,XUYEN_THAT,0,true,true,0,false
FILUSDT,625,11,2,BELOW,XUYEN_THAT,XUYEN_THAT,3,true,false,2,false
FILUSDT,626,5,2,BELOW,PHA_GIA,CHAN,3,true,true,4,false
FILUSDT,627,9,2,ABOVE,XUYEN_THAT,XUYEN_THAT,2,true,false,3,false
FILUSDT,629,7,2,BELOW,XUYEN_THAT,XUYEN_THAT,1,true,false,3,false
FILUSDT,630,1,1,BELOW,GIU,CHAN,1,false,false,,
FILUSDT,631,4,2,BELOW,PHA_GIA,CHAN,1,true,true,4,false
FILUSDT,632,6,1,ABOVE,GIU,CHAN,1,false,false,,
FILUSDT,633,3,1,ABOVE,GIU,CHAN,2,false,false,,
FILUSDT,634,7,2,BELOW,XUYEN_THAT,XUYEN_THAT,4,true,false,2,false
FILUSDT,635,5,2,ABOVE,XUYEN_THAT,XUYEN_THAT,1,true,false,3,false
FILUSDT,636,16,2,BELOW,PHA_GIA,XUYEN_THAT,2,true,true,4,false
FILUSDT,637,10,2,ABOVE,GIU,CHAN,4,false,false,,
FILUSDT,638,18,2,BELOW,PHA_GIA,XUYEN_THAT,2,true,true,1,false
FILUSDT,640,3,2,BELOW,PHA_GIA,CHAN,3,true,true,3,false
FILUSDT,642,13,2,ABOVE,GIU,XUYEN_THAT,2,false,false,,
FILUSDT,643,21,2,BELOW,PHA_GIA,XUYEN_THAT,3,true,true,1,false
FILUSDT,644,15,2,BELOW,GIU,XUYEN_THAT,3,false,false,,
FILUSDT,645,11,2,BELOW,GIU,CHAN,4,false,false,,
FILUSDT,646,5,2,BELOW,GIU,CHAN,5,false,false,,
FILUSDT,648,8,2,BELOW,XUYEN_THAT,XUYEN_THAT,3,true,false,2,false
FILUSDT,649,2,1,BELOW,XUYEN_THAT,XUYEN_THAT,2,true,false,5,false
FILUSDT,650,12,2,BELOW,GIU,XUYEN_THAT,2,false,false,,
FILUSDT,651,5,1,ABOVE,GIU,CHAN,3,false,false,,
FILUSDT,652,9,2,BELOW,XUYEN_THAT,XUYEN_THAT,2,true,false,3,false
FILUSDT,653,5,2,ABOVE,PHA_GIA,CHAN,3,true,true,4,false
FILUSDT,654,22,2,BELOW,GIU,XUYEN_THAT,2,false,false,,
FILUSDT,656,1,1,BELOW,GIU,CHAN,2,false,false,,
FILUSDT,657,1,1,BELOW,GIU,CHAN,1,false,false,,
FILUSDT,658,1,1,ABOVE,GIU,CHAN,2,false,false,,
FILUSDT,659,9,2,ABOVE,PHA_GIA,XUYEN_THAT,0,true,true,1,false
FILUSDT,660,2,1,ABOVE,GIU,CHAN,2,false,false,,
FILUSDT,661,2,1,ABOVE,GIU,XUYEN_THAT,3,false,false,,
FILUSDT,662,1,1,ABOVE,GIU,CHAN,2,false,false,,
FILUSDT,663,7,2,ABOVE,GIU,XUYEN_THAT,1,false,false,,
FILUSDT,664,2,2,BELOW,PHA_GIA,CHAN,0,true,true,2,false
FILUSDT,665,43,2,ABOVE,GIU,XUYEN_THAT,1,false,false,,
FILUSDT,666,5,2,BELOW,GIU,XUYEN_THAT,2,false,false,,
FILUSDT,670,4,2,BELOW,PHA_GIA,XUYEN_THAT,3,true,true,1,false
FILUSDT,672,7,2,BELOW,GIU,XUYEN_THAT,2,false,false,,
FILUSDT,673,1,1,BELOW,GIU,CHAN,1,false,false,,
FILUSDT,674,3,1,BELOW,GIU,CHAN,2,false,false,,
FILUSDT,675,10,2,BELOW,XUYEN_THAT,XUYEN_THAT,1,true,false,4,false
FILUSDT,676,2,1,BELOW,GIU,CHAN,2,false,false,,
FILUSDT,678,1,1,BELOW,PHA_GIA,CHAN,2,true,true,1,false
FILUSDT,679,7,2,ABOVE,XUYEN_THAT,XUYEN_THAT,1,true,false,3,false
FILUSDT,680,9,2,ABOVE,PHA_GIA,XUYEN_THAT,3,true,true,3,false
FILUSDT,682,2,1,BELOW,GIU,CHAN,3,false,false,,
FILUSDT,684,3,1,BELOW,PHA_GIA,CHAN,2,true,true,0,false
FILUSDT,685,15,2,BELOW,GIU,XUYEN_THAT,1,false,false,,
FILUSDT,686,8,2,BELOW,PHA_GIA,CHAN,2,true,true,7,false
FILUSDT,687,1,1,ABOVE,GIU,CHAN,2,false,false,,
FILUSDT,688,2,1,ABOVE,GIU,CHAN,1,false,false,,
FILUSDT,689,12,2,ABOVE,GIU,CHAN,3,false,false,,
FILUSDT,691,6,1,BELOW,GIU,CHAN,3,false,false,,
FILUSDT,693,4,2,BELOW,GIU,CHAN,2,false,false,,
FILUSDT,694,3,1,BELOW,GIU,CHAN,4,false,false,,
FILUSDT,695,7,2,ABOVE,GIU,XUYEN_THAT,1,false,false,,
FILUSDT,696,30,2,BELOW,GIU,XUYEN_THAT,1,false,false,,
FILUSDT,698,6,2,ABOVE,GIU,CHAN,2,false,false,,
FILUSDT,699,7,2,BELOW,XUYEN_THAT,XUYEN_THAT,2,true,false,4,false
FILUSDT,700,2,2,BELOW,GIU,CHAN,5,false,false,,
FILUSDT,701,5,1,ABOVE,GIU,CHAN,1,false,false,,
FILUSDT,702,6,2,BELOW,XUYEN_THAT,XUYEN_THAT,4,true,false,2,false
FILUSDT,703,8,2,BELOW,GIU,XUYEN_THAT,3,false,false,,
FILUSDT,704,5,1,ABOVE,GIU,CHAN,3,false,false,,
FILUSDT,705,4,2,BELOW,XUYEN_THAT,XUYEN_THAT,3,true,false,8,false
FILUSDT,706,16,2,BELOW,GIU,CHAN,3,false,false,,
FILUSDT,707,1,1,BELOW,GIU,CHAN,3,false,false,,
FILUSDT,708,4,1,BELOW,GIU,CHAN,3,false,false,,
FILUSDT,709,5,2,BELOW,PHA_GIA,CHAN,3,true,true,3,false
FILUSDT,710,6,2,BELOW,XUYEN_THAT,XUYEN_THAT,1,true,false,0,false
FILUSDT,711,4,2,BELOW,XUYEN_THAT,XUYEN_THAT,3,true,false,4,false
FILUSDT,712,5,2,BELOW,XUYEN_THAT,XUYEN_THAT,4,true,false,6,false
FILUSDT,714,11,2,BELOW,XUYEN_THAT,XUYEN_THAT,3,true,false,3,false
FILUSDT,715,8,2,BELOW,GIU,XUYEN_THAT,3,false,false,,
FILUSDT,716,4,1,BELOW,GIU,CHAN,5,false,false,,
FILUSDT,718,20,2,ABOVE,XUYEN_THAT,XUYEN_THAT,2,true,false,7,false
FILUSDT,719,8,2,ABOVE,GIU,CHAN,0,false,false,,
FILUSDT,720,6,1,BELOW,GIU,CHAN,1,false,false,,
FILUSDT,721,5,2,BELOW,PHA_GIA,CHAN,1,true,true,2,false
FILUSDT,722,12,2,BELOW,XUYEN_THAT,XUYEN_THAT,2,true,false,1,false
FILUSDT,723,4,2,ABOVE,PHA_GIA,XUYEN_THAT,1,true,true,4,false
FILUSDT,725,3,1,ABOVE,PHA_GIA,CHAN,1,true,true,7,false
FILUSDT,727,3,2,BELOW,PHA_GIA,XUYEN_THAT,0,true,true,0,false
FILUSDT,728,9,2,BELOW,PHA_GIA,XUYEN_THAT,2,true,true,1,false
FILUSDT,729,3,1,BELOW,PHA_GIA,CHAN,0,true,true,6,false
FILUSDT,730,5,2,BELOW,GIU,XUYEN_THAT,3,false,false,,
FILUSDT,732,2,1,BELOW,GIU,CHAN,1,false,false,,
FILUSDT,733,14,2,BELOW,PHA_GIA,XUYEN_THAT,2,true,true,6,false
FILUSDT,734,3,1,ABOVE,GIU,CHAN,1,false,false,,
FILUSDT,735,12,2,ABOVE,GIU,XUYEN_THAT,1,false,false,,
FILUSDT,737,23,2,ABOVE,PHA_GIA,XUYEN_THAT,2,true,true,7,false
FILUSDT,738,6,2,BELOW,PHA_GIA,XUYEN_THAT,3,true,true,7,false
FILUSDT,739,6,2,ABOVE,XUYEN_THAT,XUYEN_THAT,4,true,false,6,false
FILUSDT,740,2,1,BELOW,GIU,CHAN,3,false,false,,
FILUSDT,741,9,2,BELOW,GIU,XUYEN_THAT,1,false,false,,
FILUSDT,742,3,1,ABOVE,GIU,CHAN,1,false,false,,
FILUSDT,743,11,2,ABOVE,GIU,XUYEN_THAT,3,false,false,,
FILUSDT,744,1,1,BELOW,GIU,CHAN,4,false,false,,
FILUSDT,745,21,2,BELOW,PHA_GIA,XUYEN_THAT,3,true,true,1,false
FILUSDT,746,6,2,ABOVE,GIU,XUYEN_THAT,2,false,false,,
FILUSDT,747,3,2,ABOVE,PHA_GIA,XUYEN_THAT,0,true,true,0,false
FILUSDT,748,6,2,BELOW,XUYEN_THAT,XUYEN_THAT,1,true,false,2,false
FILUSDT,749,15,2,BELOW,GIU,XUYEN_THAT,2,false,false,,
FILUSDT,750,5,1,ABOVE,GIU,CHAN,1,false,false,,
FILUSDT,751,7,2,BELOW,GIU,CHAN,4,false,false,,
FILUSDT,752,17,2,ABOVE,GIU,XUYEN_THAT,2,false,false,,
FILUSDT,753,19,2,ABOVE,PHA_GIA,XUYEN_THAT,3,true,true,5,false
FILUSDT,754,1,1,BELOW,GIU,CHAN,2,false,false,,
FILUSDT,755,14,2,BELOW,GIU,XUYEN_THAT,0,false,false,,
FILUSDT,758,9,2,ABOVE,PHA_GIA,XUYEN_THAT,2,true,true,8,false
FILUSDT,759,10,2,BELOW,XUYEN_THAT,XUYEN_THAT,1,true,false,4,false
FILUSDT,760,3,2,BELOW,XUYEN_THAT,XUYEN_THAT,1,true,false,1,false
FILUSDT,761,3,2,BELOW,PHA_GIA,XUYEN_THAT,1,true,true,0,false
FILUSDT,763,7,1,BELOW,GIU,CHAN,2,false,false,,
FILUSDT,764,18,2,BELOW,XUYEN_THAT,XUYEN_THAT,3,true,false,6,false
FILUSDT,767,5,2,ABOVE,XUYEN_THAT,XUYEN_THAT,2,true,false,7,false
FILUSDT,769,21,2,BELOW,PHA_GIA,XUYEN_THAT,2,true,true,7,false
FILUSDT,770,11,2,ABOVE,GIU,XUYEN_THAT,1,false,false,,
FILUSDT,771,2,1,BELOW,GIU,CHAN,3,false,false,,
FILUSDT,772,11,1,ABOVE,GIU,CHAN,5,false,false,,
FILUSDT,773,3,1,ABOVE,GIU,CHAN,2,false,false,,
FILUSDT,774,9,2,BELOW,XUYEN_THAT,XUYEN_THAT,2,true,false,3,false
FILUSDT,775,28,2,BELOW,XUYEN_THAT,XUYEN_THAT,3,true,false,6,false
FILUSDT,776,13,2,BELOW,XUYEN_THAT,XUYEN_THAT,1,true,false,1,false
FILUSDT,777,5,2,BELOW,PHA_GIA,CHAN,3,true,true,1,false
FILUSDT,778,16,2,ABOVE,GIU,XUYEN_THAT,3,false,false,,
FILUSDT,779,2,2,BELOW,XUYEN_THAT,XUYEN_THAT,1,true,false,2,false
FILUSDT,780,19,2,BELOW,PHA_GIA,XUYEN_THAT,3,true,true,4,false
FILUSDT,781,29,2,ABOVE,PHA_GIA,XUYEN_THAT,3,true,true,6,false
FILUSDT,782,22,2,BELOW,GIU,XUYEN_THAT,3,false,false,,
FILUSDT,783,3,1,BELOW,GIU,CHAN,2,false,false,,
FILUSDT,784,6,2,BELOW,GIU,CHAN,3,false,false,,
FILUSDT,785,7,2,BELOW,XUYEN_THAT,XUYEN_THAT,0,true,false,1,false
FILUSDT,786,14,2,ABOVE,XUYEN_THAT,XUYEN_THAT,1,true,false,3,false
FILUSDT,787,1,1,BELOW,PHA_GIA,CHAN,0,true,true,0,false
FILUSDT,788,15,2,BELOW,GIU,XUYEN_THAT,2,false,false,,
FILUSDT,789,2,1,BELOW,XUYEN_THAT,XUYEN_THAT,3,true,false,8,false
FILUSDT,790,11,2,ABOVE,PHA_GIA,XUYEN_THAT,1,true,true,1,false
FILUSDT,791,13,2,BELOW,PHA_GIA,XUYEN_THAT,1,true,true,3,false
FILUSDT,792,19,2,BELOW,PHA_GIA,XUYEN_THAT,2,true,true,1,false
FILUSDT,793,17,2,ABOVE,PHA_GIA,XUYEN_THAT,3,true,true,3,false
FILUSDT,794,4,1,ABOVE,GIU,CHAN,3,false,false,,
FILUSDT,796,1,1,BELOW,XUYEN_THAT,XUYEN_THAT,3,true,false,3,false
FILUSDT,797,30,2,BELOW,GIU,XUYEN_THAT,1,false,false,,
FILUSDT,798,7,2,BELOW,PHA_GIA,XUYEN_THAT,3,true,true,6,false
FILUSDT,799,13,2,BELOW,PHA_GIA,XUYEN_THAT,2,true,true,0,false
FILUSDT,800,11,2,ABOVE,PHA_GIA,XUYEN_THAT,2,true,true,8,false
FILUSDT,801,18,2,BELOW,PHA_GIA,XUYEN_THAT,2,true,true,6,false
FILUSDT,802,4,1,BELOW,GIU,CHAN,2,false,false,,
FILUSDT,803,1,1,BELOW,GIU,CHAN,2,false,false,,
FILUSDT,804,16,2,BELOW,GIU,XUYEN_THAT,3,false,false,,
FILUSDT,806,1,1,BELOW,GIU,CHAN,1,false,false,,
FILUSDT,807,13,2,BELOW,GIU,XUYEN_THAT,3,false,false,,
FILUSDT,808,4,2,ABOVE,PHA_GIA,CHAN,2,true,true,1,false
FILUSDT,810,8,2,ABOVE,GIU,XUYEN_THAT,1,false,false,,
FILUSDT,811,16,2,BELOW,GIU,XUYEN_THAT,2,false,false,,
FILUSDT,812,1,1,BELOW,GIU,CHAN,3,false,false,,
FILUSDT,814,7,2,BELOW,XUYEN_THAT,XUYEN_THAT,2,true,false,7,true
FILUSDT,816,10,2,BELOW,XUYEN_THAT,XUYEN_THAT,1,true,false,2,false
FILUSDT,817,20,2,BELOW,GIU,CHAN,2,false,false,,
FILUSDT,819,11,2,BELOW,GIU,XUYEN_THAT,1,false,false,,
FILUSDT,820,1,1,ABOVE,XUYEN_THAT,XUYEN_THAT,1,true,false,0,false
FILUSDT,821,1,1,BELOW,GIU,CHAN,3,false,false,,
FILUSDT,822,4,2,BELOW,PHA_GIA,CHAN,2,true,true,1,false
FILUSDT,823,14,2,ABOVE,GIU,XUYEN_THAT,1,false,false,,
FILUSDT,824,10,2,ABOVE,GIU,XUYEN_THAT,2,false,false,,
FILUSDT,826,4,2,ABOVE,XUYEN_THAT,XUYEN_THAT,1,true,false,3,false
FILUSDT,828,9,2,ABOVE,PHA_GIA,XUYEN_THAT,0,true,true,6,false
FILUSDT,829,4,1,BELOW,GIU,CHAN,1,false,false,,
FILUSDT,830,19,2,ABOVE,PHA_GIA,XUYEN_THAT,1,true,true,0,false
FILUSDT,831,4,2,ABOVE,PHA_GIA,CHAN,3,true,true,2,false
FILUSDT,832,7,2,BELOW,PHA_GIA,XUYEN_THAT,3,true,true,2,false
FILUSDT,833,4,2,ABOVE,XUYEN_THAT,XUYEN_THAT,1,true,false,2,false
FILUSDT,834,4,1,BELOW,GIU,CHAN,1,false,false,,
FILUSDT,835,5,2,BELOW,PHA_GIA,XUYEN_THAT,1,true,true,2,false
FILUSDT,836,7,2,BELOW,PHA_GIA,XUYEN_THAT,3,true,true,4,false
FILUSDT,837,5,2,BELOW,GIU,XUYEN_THAT,1,false,false,,
FILUSDT,838,21,2,ABOVE,XUYEN_THAT,XUYEN_THAT,3,true,false,3,false
FILUSDT,839,23,2,ABOVE,PHA_GIA,XUYEN_THAT,1,true,true,1,false
FILUSDT,840,16,2,BELOW,XUYEN_THAT,XUYEN_THAT,2,true,false,4,false
FILUSDT,841,10,2,ABOVE,XUYEN_THAT,XUYEN_THAT,2,true,false,1,false
FILUSDT,843,1,1,BELOW,GIU,CHAN,2,false,false,,
FILUSDT,847,3,1,BELOW,GIU,CHAN,1,false,false,,
FILUSDT,848,9,1,BELOW,GIU,CHAN,2,false,false,,
FILUSDT,849,8,2,BELOW,PHA_GIA,CHAN,1,true,true,6,false
FILUSDT,850,1,1,BELOW,GIU,CHAN,4,false,false,,
FILUSDT,853,8,2,BELOW,GIU,XUYEN_THAT,1,false,false,,
FILUSDT,854,2,1,ABOVE,PHA_GIA,CHAN,1,true,true,8,false
FILUSDT,856,14,2,ABOVE,GIU,XUYEN_THAT,2,false,false,,
FILUSDT,857,4,2,BELOW,PHA_GIA,CHAN,3,true,true,1,false
FILUSDT,858,2,1,ABOVE,GIU,CHAN,3,false,false,,
FILUSDT,859,6,2,ABOVE,PHA_GIA,XUYEN_THAT,1,true,true,0,false
FILUSDT,861,7,2,ABOVE,GIU,CHAN,0,false,false,,
FILUSDT,863,9,2,BELOW,GIU,XUYEN_THAT,3,false,false,,
FILUSDT,864,17,2,BELOW,GIU,XUYEN_THAT,2,false,false,,
FILUSDT,865,9,2,ABOVE,PHA_GIA,XUYEN_THAT,1,true,true,4,false
FILUSDT,866,3,1,ABOVE,GIU,CHAN,3,false,false,,
FILUSDT,867,5,2,BELOW,GIU,XUYEN_THAT,1,false,false,,
FILUSDT,868,12,2,BELOW,GIU,XUYEN_THAT,1,false,false,,
FILUSDT,869,19,2,ABOVE,GIU,XUYEN_THAT,3,false,false,,
FILUSDT,870,1,1,ABOVE,GIU,CHAN,2,false,false,,
FILUSDT,871,18,2,ABOVE,PHA_GIA,XUYEN_THAT,3,true,true,1,false
FILUSDT,872,13,2,BELOW,PHA_GIA,XUYEN_THAT,1,true,true,1,false
FILUSDT,873,10,2,ABOVE,GIU,CHAN,2,false,false,,
FILUSDT,875,7,2,BELOW,PHA_GIA,XUYEN_THAT,0,true,true,2,false
FILUSDT,876,5,2,ABOVE,PHA_GIA,CHAN,3,true,true,3,false
FILUSDT,877,6,2,ABOVE,PHA_GIA,XUYEN_THAT,2,true,true,2,false
FILUSDT,878,3,2,BELOW,PHA_GIA,XUYEN_THAT,2,true,true,1,false
FILUSDT,879,4,2,BELOW,XUYEN_THAT,XUYEN_THAT,2,true,false,3,false
FILUSDT,881,7,2,BELOW,PHA_GIA,XUYEN_THAT,3,true,true,1,false
FILUSDT,882,9,2,ABOVE,GIU,XUYEN_THAT,1,false,false,,
FILUSDT,883,1,1,BELOW,PHA_GIA,CHAN,1,true,true,0,false
FILUSDT,884,6,2,ABOVE,PHA_GIA,CHAN,1,true,true,1,false
FILUSDT,885,4,2,BELOW,GIU,XUYEN_THAT,2,false,false,,
FILUSDT,886,12,2,ABOVE,GIU,XUYEN_THAT,3,false,false,,
FILUSDT,887,2,2,BELOW,XUYEN_THAT,XUYEN_THAT,0,true,false,0,false
FILUSDT,888,3,2,BELOW,GIU,CHAN,0,false,false,,
FILUSDT,889,10,2,ABOVE,GIU,XUYEN_THAT,1,false,false,,
FILUSDT,890,6,2,BELOW,GIU,XUYEN_THAT,2,false,false,,
FILUSDT,891,4,2,ABOVE,GIU,XUYEN_THAT,1,false,false,,
FILUSDT,893,9,2,BELOW,XUYEN_THAT,XUYEN_THAT,0,true,false,0,false
FILUSDT,894,5,2,ABOVE,PHA_GIA,XUYEN_THAT,2,true,true,1,false
FILUSDT,895,14,2,BELOW,GIU,XUYEN_THAT,2,false,false,,
FILUSDT,896,14,2,BELOW,PHA_GIA,XUYEN_THAT,3,true,true,1,false
FILUSDT,897,8,2,BELOW,GIU,XUYEN_THAT,4,false,false,,
FILUSDT,898,5,2,BELOW,GIU,XUYEN_THAT,3,false,false,,
FILUSDT,899,6,2,BELOW,PHA_GIA,CHAN,2,true,true,4,false
FILUSDT,900,8,2,BELOW,GIU,XUYEN_THAT,2,false,false,,
FILUSDT,901,4,2,BELOW,PHA_GIA,XUYEN_THAT,1,true,true,3,false
FILUSDT,902,1,1,BELOW,GIU,CHAN,3,false,false,,
FILUSDT,903,6,2,ABOVE,PHA_GIA,XUYEN_THAT,1,true,true,1,false
FILUSDT,904,2,1,BELOW,GIU,CHAN,2,false,false,,
FILUSDT,905,19,2,BELOW,GIU,XUYEN_THAT,2,false,false,,
FILUSDT,906,10,2,BELOW,GIU,XUYEN_THAT,2,false,false,,
FILUSDT,907,13,2,ABOVE,XUYEN_THAT,XUYEN_THAT,1,true,false,2,false
FILUSDT,908,12,2,BELOW,PHA_GIA,CHAN,0,true,true,0,false
FILUSDT,909,2,1,BELOW,PHA_GIA,CHAN,3,true,true,3,false
FILUSDT,910,20,2,ABOVE,PHA_GIA,XUYEN_THAT,1,true,true,1,false
FILUSDT,911,2,1,BELOW,GIU,CHAN,1,false,false,,
FILUSDT,912,1,1,BELOW,PHA_GIA,CHAN,2,true,true,3,false
FILUSDT,913,9,2,BELOW,GIU,CHAN,2,false,false,,
FILUSDT,914,8,2,ABOVE,GIU,XUYEN_THAT,4,false,false,,
FILUSDT,915,4,1,BELOW,GIU,CHAN,1,false,false,,
FILUSDT,916,1,1,ABOVE,GIU,CHAN,3,false,false,,
FILUSDT,917,2,2,ABOVE,PHA_GIA,XUYEN_THAT,1,true,true,0,false
FILUSDT,918,3,2,ABOVE,XUYEN_THAT,XUYEN_THAT,1,true,false,2,false
FILUSDT,919,2,1,BELOW,PHA_GIA,CHAN,3,true,true,6,false
FILUSDT,920,18,2,ABOVE,XUYEN_THAT,XUYEN_THAT,1,true,false,5,false
FILUSDT,921,1,1,BELOW,XUYEN_THAT,XUYEN_THAT,1,true,false,0,false
FILUSDT,922,1,1,ABOVE,GIU,CHAN,3,false,false,,
FILUSDT,923,8,2,BELOW,GIU,XUYEN_THAT,3,false,false,,
FILUSDT,924,21,2,ABOVE,PHA_GIA,XUYEN_THAT,1,true,true,0,false
FILUSDT,925,5,2,ABOVE,GIU,CHAN,3,false,false,,
FILUSDT,926,8,2,BELOW,GIU,CHAN,2,false,false,,
FILUSDT,927,4,2,BELOW,XUYEN_THAT,XUYEN_THAT,1,true,false,2,false
FILUSDT,929,2,1,ABOVE,GIU,CHAN,1,false,false,,
FILUSDT,930,15,2,ABOVE,GIU,XUYEN_THAT,2,false,false,,
FILUSDT,931,8,2,BELOW,PHA_GIA,XUYEN_THAT,3,true,true,1,false
FILUSDT,932,1,1,ABOVE,GIU,CHAN,5,false,false,,
FILUSDT,933,22,2,BELOW,XUYEN_THAT,XUYEN_THAT,1,true,false,8,true
FILUSDT,934,12,2,BELOW,XUYEN_THAT,XUYEN_THAT,1,true,false,2,false
FILUSDT,935,2,2,ABOVE,XUYEN_THAT,XUYEN_THAT,2,true,false,4,false
FILUSDT,936,15,2,ABOVE,GIU,XUYEN_THAT,1,false,false,,
FILUSDT,937,1,1,BELOW,PHA_GIA,CHAN,2,true,true,6,false
FILUSDT,938,1,1,BELOW,GIU,CHAN,4,false,false,,
FILUSDT,939,1,1,BELOW,GIU,CHAN,4,false,false,,
FILUSDT,941,35,2,ABOVE,GIU,XUYEN_THAT,2,false,false,,
FILUSDT,942,2,1,BELOW,GIU,XUYEN_THAT,1,false,false,,
FILUSDT,943,6,2,BELOW,XUYEN_THAT,XUYEN_THAT,2,true,false,1,false
FILUSDT,944,5,2,BELOW,GIU,XUYEN_THAT,1,false,false,,
FILUSDT,945,3,1,BELOW,GIU,XUYEN_THAT,0,false,false,,
FILUSDT,947,1,1,BELOW,GIU,CHAN,2,false,false,,
FILUSDT,948,9,2,BELOW,XUYEN_THAT,XUYEN_THAT,1,true,false,0,false
FILUSDT,949,1,1,BELOW,GIU,CHAN,2,false,false,,
FILUSDT,950,14,2,BELOW,GIU,CHAN,1,false,false,,
FILUSDT,951,30,2,BELOW,GIU,XUYEN_THAT,1,false,false,,
FILUSDT,952,3,1,ABOVE,GIU,CHAN,2,false,false,,
FILUSDT,953,12,2,BELOW,XUYEN_THAT,XUYEN_THAT,0,true,false,0,false
FILUSDT,955,17,2,ABOVE,XUYEN_THAT,XUYEN_THAT,1,true,false,8,false
FILUSDT,956,2,1,BELOW,GIU,CHAN,3,false,false,,
FILUSDT,957,4,2,BELOW,PHA_GIA,XUYEN_THAT,0,true,true,0,false
FILUSDT,958,20,2,ABOVE,XUYEN_THAT,XUYEN_THAT,2,true,false,3,false
FILUSDT,961,40,2,BELOW,GIU,CHAN,2,false,false,,
FILUSDT,962,7,2,BELOW,PHA_GIA,CHAN,2,true,true,1,false
FILUSDT,963,18,2,BELOW,GIU,XUYEN_THAT,2,false,false,,
FILUSDT,964,6,2,ABOVE,PHA_GIA,XUYEN_THAT,2,true,true,4,false
FILUSDT,965,5,1,ABOVE,GIU,CHAN,2,false,false,,
FILUSDT,966,3,2,ABOVE,PHA_GIA,CHAN,2,true,true,2,false
FILUSDT,967,32,2,BELOW,XUYEN_THAT,XUYEN_THAT,1,true,false,0,false
FILUSDT,968,1,1,ABOVE,XUYEN_THAT,XUYEN_THAT,1,true,false,0,false
FILUSDT,969,6,1,BELOW,GIU,CHAN,3,false,false,,
FILUSDT,970,3,2,ABOVE,XUYEN_THAT,XUYEN_THAT,1,true,false,6,false
FILUSDT,971,21,2,BELOW,PHA_GIA,XUYEN_THAT,2,true,true,7,false
FILUSDT,972,4,2,ABOVE,XUYEN_THAT,XUYEN_THAT,1,true,false,1,false
FILUSDT,974,4,2,ABOVE,PHA_GIA,XUYEN_THAT,1,true,true,2,false
FILUSDT,975,1,1,BELOW,GIU,CHAN,2,false,false,,
FILUSDT,976,10,2,ABOVE,XUYEN_THAT,XUYEN_THAT,1,true,false,0,false
FILUSDT,977,2,1,ABOVE,PHA_GIA,CHAN,1,true,true,0,false
FILUSDT,978,24,2,BELOW,XUYEN_THAT,XUYEN_THAT,3,true,false,2,false
FILUSDT,979,10,2,BELOW,XUYEN_THAT,XUYEN_THAT,3,true,false,6,false
FILUSDT,980,5,2,BELOW,GIU,XUYEN_THAT,3,false,false,,
FILUSDT,981,44,2,ABOVE,PHA_GIA,XUYEN_THAT,2,true,true,5,false
FILUSDT,983,30,2,BELOW,PHA_GIA,XUYEN_THAT,1,true,true,8,false
FILUSDT,984,12,2,BELOW,PHA_GIA,CHAN,2,true,true,1,false
FILUSDT,985,1,1,ABOVE,XUYEN_THAT,XUYEN_THAT,1,true,false,0,false
FILUSDT,988,6,2,BELOW,GIU,XUYEN_THAT,4,false,false,,
FILUSDT,989,31,2,BELOW,GIU,XUYEN_THAT,3,false,false,,
FILUSDT,990,22,2,ABOVE,GIU,XUYEN_THAT,1,false,false,,
FILUSDT,992,22,2,BELOW,GIU,XUYEN_THAT,2,false,false,,
FILUSDT,993,28,2,ABOVE,PHA_GIA,XUYEN_THAT,1,true,true,1,false
FILUSDT,994,5,2,BELOW,GIU,XUYEN_THAT,3,false,false,,
FILUSDT,995,7,2,ABOVE,PHA_GIA,XUYEN_THAT,0,true,true,0,false
FILUSDT,996,5,2,BELOW,XUYEN_THAT,XUYEN_THAT,4,true,false,6,false
FILUSDT,997,5,2,ABOVE,GIU,CHAN,2,false,false,,
FILUSDT,998,10,2,ABOVE,GIU,XUYEN_THAT,1,false,false,,
FILUSDT,999,28,2,ABOVE,PHA_GIA,XUYEN_THAT,1,true,true,0,false
FILUSDT,1001,8,2,ABOVE,PHA_GIA,XUYEN_THAT,2,true,true,8,false
FILUSDT,1002,16,2,BELOW,GIU,XUYEN_THAT,3,false,false,,
FILUSDT,1004,22,2,BELOW,GIU,XUYEN_THAT,3,false,false,,
FILUSDT,1005,3,2,ABOVE,XUYEN_THAT,XUYEN_THAT,3,true,false,5,false
FILUSDT,1007,11,2,ABOVE,GIU,XUYEN_THAT,3,false,false,,
FILUSDT,1008,3,1,BELOW,GIU,XUYEN_THAT,1,false,false,,
FILUSDT,1009,7,2,BELOW,XUYEN_THAT,XUYEN_THAT,1,true,false,5,false
FILUSDT,1012,19,2,ABOVE,PHA_GIA,XUYEN_THAT,2,true,true,8,false
FILUSDT,1014,30,2,ABOVE,XUYEN_THAT,XUYEN_THAT,1,true,false,1,false
FILUSDT,1016,5,2,BELOW,PHA_GIA,CHAN,4,true,true,7,false
FILUSDT,1017,8,2,ABOVE,GIU,XUYEN_THAT,2,false,false,,
FILUSDT,1018,34,2,ABOVE,GIU,XUYEN_THAT,1,false,false,,
FILUSDT,1020,20,2,ABOVE,PHA_GIA,XUYEN_THAT,1,true,true,2,false
FILUSDT,1023,1,1,BELOW,GIU,CHAN,3,false,false,,
FILUSDT,1024,12,2,BELOW,GIU,XUYEN_THAT,2,false,false,,
FILUSDT,1025,8,2,ABOVE,GIU,CHAN,2,false,false,,
FILUSDT,1026,2,1,BELOW,GIU,CHAN,2,false,false,,
FILUSDT,1027,7,2,BELOW,PHA_GIA,XUYEN_THAT,0,true,true,0,false
FILUSDT,1028,1,1,ABOVE,PHA_GIA,CHAN,1,true,true,4,false
FILUSDT,1029,13,2,BELOW,GIU,CHAN,1,false,false,,
FILUSDT,1030,7,2,ABOVE,XUYEN_THAT,XUYEN_THAT,3,true,false,3,false
FILUSDT,1031,15,2,BELOW,GIU,CHAN,0,false,false,,
FILUSDT,1032,8,2,BELOW,XUYEN_THAT,XUYEN_THAT,1,true,false,3,false
FILUSDT,1033,1,1,BELOW,PHA_GIA,CHAN,3,true,true,3,false
FILUSDT,1034,1,1,BELOW,PHA_GIA,CHAN,2,true,true,1,false
FILUSDT,1035,19,2,ABOVE,XUYEN_THAT,XUYEN_THAT,3,true,false,7,false
FILUSDT,1036,3,1,BELOW,GIU,CHAN,2,false,false,,
FILUSDT,1038,9,2,BELOW,GIU,CHAN,2,false,false,,
FILUSDT,1039,2,2,ABOVE,PHA_GIA,XUYEN_THAT,2,true,true,3,false
FILUSDT,1040,8,2,BELOW,GIU,XUYEN_THAT,2,false,false,,
FILUSDT,1042,3,2,BELOW,XUYEN_THAT,XUYEN_THAT,3,true,false,6,false
FILUSDT,1043,3,1,ABOVE,GIU,CHAN,2,false,false,,
FILUSDT,1044,8,2,BELOW,GIU,XUYEN_THAT,1,false,false,,
FILUSDT,1045,27,2,ABOVE,XUYEN_THAT,XUYEN_THAT,0,true,false,0,false
FILUSDT,1046,8,2,BELOW,XUYEN_THAT,XUYEN_THAT,1,true,false,6,true
FILUSDT,1048,19,2,ABOVE,PHA_GIA,XUYEN_THAT,0,true,true,0,false
FILUSDT,1049,3,1,ABOVE,GIU,CHAN,0,false,false,,
FILUSDT,1050,6,2,BELOW,XUYEN_THAT,XUYEN_THAT,1,true,false,6,false
FILUSDT,1051,13,1,ABOVE,GIU,CHAN,3,false,false,,
FILUSDT,1052,5,2,BELOW,PHA_GIA,XUYEN_THAT,3,true,true,6,false
FILUSDT,1054,4,1,BELOW,GIU,CHAN,0,false,false,,
FILUSDT,1055,1,1,BELOW,XUYEN_THAT,XUYEN_THAT,2,true,false,0,false
FILUSDT,1056,24,2,BELOW,GIU,XUYEN_THAT,3,false,false,,
FILUSDT,1057,2,1,BELOW,PHA_GIA,CHAN,3,true,true,6,false
FILUSDT,1058,7,2,BELOW,GIU,XUYEN_THAT,1,false,false,,
FILUSDT,1060,19,2,BELOW,PHA_GIA,XUYEN_THAT,3,true,true,2,false
FILUSDT,1062,2,1,ABOVE,GIU,CHAN,2,false,false,,
FILUSDT,1063,24,2,ABOVE,GIU,XUYEN_THAT,1,false,false,,
FILUSDT,1064,4,2,BELOW,GIU,CHAN,3,false,false,,
FILUSDT,1065,6,2,BELOW,PHA_GIA,CHAN,2,true,true,6,false
FILUSDT,1066,3,1,BELOW,GIU,CHAN,3,false,false,,
FILUSDT,1067,1,1,BELOW,GIU,CHAN,3,false,false,,
FILUSDT,1068,9,2,ABOVE,GIU,XUYEN_THAT,1,false,false,,
FILUSDT,1069,20,2,BELOW,GIU,XUYEN_THAT,3,false,false,,
FILUSDT,1072,5,2,BELOW,GIU,XUYEN_THAT,0,false,false,,
FILUSDT,1074,4,1,BELOW,GIU,XUYEN_THAT,0,false,false,,
FILUSDT,1075,3,1,ABOVE,GIU,CHAN,3,false,false,,
FILUSDT,1076,11,2,BELOW,GIU,XUYEN_THAT,1,false,false,,
FILUSDT,1077,8,1,BELOW,GIU,CHAN,3,false,false,,
FILUSDT,1078,5,2,BELOW,PHA_GIA,XUYEN_THAT,3,true,true,1,false
FILUSDT,1079,13,2,ABOVE,PHA_GIA,XUYEN_THAT,2,true,true,3,false
FILUSDT,1080,3,2,BELOW,XUYEN_THAT,XUYEN_THAT,1,true,false,1,false
FILUSDT,1081,23,2,ABOVE,XUYEN_THAT,XUYEN_THAT,4,true,false,4,false
FILUSDT,1082,4,2,BELOW,XUYEN_THAT,XUYEN_THAT,0,true,false,0,false
FILUSDT,1083,3,2,ABOVE,PHA_GIA,CHAN,1,true,true,3,false
FILUSDT,1084,30,2,BELOW,PHA_GIA,XUYEN_THAT,2,true,true,6,true
FILUSDT,1085,3,1,BELOW,GIU,CHAN,2,false,false,,
FILUSDT,1086,4,1,ABOVE,GIU,CHAN,3,false,false,,
FILUSDT,1087,1,1,BELOW,GIU,CHAN,2,false,false,,
FILUSDT,1088,2,2,BELOW,XUYEN_THAT,XUYEN_THAT,2,true,false,0,false
FILUSDT,1089,14,2,BELOW,PHA_GIA,XUYEN_THAT,4,true,true,0,false
FILUSDT,1090,5,2,ABOVE,XUYEN_THAT,XUYEN_THAT,1,true,false,0,false
FILUSDT,1091,2,1,ABOVE,GIU,XUYEN_THAT,3,false,false,,
FILUSDT,1092,19,2,BELOW,PHA_GIA,XUYEN_THAT,3,true,true,0,false
FILUSDT,1093,6,2,BELOW,PHA_GIA,CHAN,3,true,true,6,false
FILUSDT,1095,4,2,ABOVE,XUYEN_THAT,XUYEN_THAT,2,true,false,2,false
FILUSDT,1096,36,2,BELOW,GIU,XUYEN_THAT,1,false,false,,
FILUSDT,1098,18,2,ABOVE,GIU,XUYEN_THAT,2,false,false,,
FILUSDT,1099,13,2,BELOW,XUYEN_THAT,XUYEN_THAT,1,true,false,2,false
FILUSDT,1100,6,2,ABOVE,PHA_GIA,XUYEN_THAT,3,true,true,2,false
FILUSDT,1102,36,2,BELOW,PHA_GIA,XUYEN_THAT,2,true,true,6,false
FILUSDT,1103,12,1,BELOW,GIU,CHAN,3,false,false,,
FILUSDT,1104,3,1,BELOW,GIU,CHAN,0,false,false,,
FILUSDT,1105,2,1,ABOVE,GIU,CHAN,0,false,false,,
FILUSDT,1106,9,2,BELOW,XUYEN_THAT,XUYEN_THAT,0,true,false,0,false
FILUSDT,1107,11,2,ABOVE,PHA_GIA,XUYEN_THAT,3,true,true,3,false
FILUSDT,1108,10,1,ABOVE,GIU,XUYEN_THAT,1,false,false,,
FILUSDT,1109,8,2,BELOW,PHA_GIA,XUYEN_THAT,2,true,true,2,false
FILUSDT,1110,13,2,BELOW,GIU,XUYEN_THAT,2,false,false,,
FILUSDT,1111,4,2,BELOW,XUYEN_THAT,XUYEN_THAT,3,true,false,2,false
FILUSDT,1112,7,2,BELOW,GIU,XUYEN_THAT,1,false,false,,
FILUSDT,1113,12,2,ABOVE,PHA_GIA,XUYEN_THAT,1,true,true,2,false
FILUSDT,1114,3,2,BELOW,XUYEN_THAT,XUYEN_THAT,0,true,false,4,false
FILUSDT,1115,23,2,ABOVE,GIU,XUYEN_THAT,2,false,false,,
FILUSDT,1116,14,2,ABOVE,GIU,XUYEN_THAT,2,false,false,,
FILUSDT,1117,4,1,BELOW,GIU,CHAN,4,false,false,,
FILUSDT,1119,23,2,BELOW,PHA_GIA,XUYEN_THAT,2,true,true,3,false
FILUSDT,1120,1,1,BELOW,GIU,CHAN,3,false,false,,
FILUSDT,1121,11,2,ABOVE,XUYEN_THAT,XUYEN_THAT,0,true,false,0,false
FILUSDT,1122,6,2,BELOW,GIU,CHAN,3,false,false,,
FILUSDT,1123,15,2,ABOVE,GIU,XUYEN_THAT,3,false,false,,
FILUSDT,1124,19,2,BELOW,GIU,CHAN,5,false,false,,
FILUSDT,1127,2,2,BELOW,XUYEN_THAT,XUYEN_THAT,1,true,false,2,false
FILUSDT,1129,10,2,ABOVE,GIU,XUYEN_THAT,1,false,false,,
FILUSDT,1130,35,2,BELOW,PHA_GIA,XUYEN_THAT,3,true,true,2,false
FILUSDT,1131,11,2,BELOW,GIU,XUYEN_THAT,1,false,false,,
FILUSDT,1132,22,2,BELOW,GIU,XUYEN_THAT,3,false,false,,
FILUSDT,1134,2,2,BELOW,PHA_GIA,XUYEN_THAT,3,true,true,1,false
FILUSDT,1135,23,2,BELOW,PHA_GIA,XUYEN_THAT,0,true,true,0,false
FILUSDT,1136,2,1,ABOVE,XUYEN_THAT,XUYEN_THAT,1,true,false,0,false
FILUSDT,1137,3,1,ABOVE,GIU,CHAN,3,false,false,,
FILUSDT,1138,12,2,BELOW,PHA_GIA,XUYEN_THAT,2,true,true,3,false
FILUSDT,1139,1,1,BELOW,GIU,CHAN,1,false,false,,
FILUSDT,1140,5,2,BELOW,GIU,CHAN,2,false,false,,
FILUSDT,1141,6,2,ABOVE,GIU,CHAN,2,false,false,,
FILUSDT,1142,10,2,ABOVE,XUYEN_THAT,XUYEN_THAT,0,true,false,5,false
FILUSDT,1143,7,2,BELOW,GIU,XUYEN_THAT,0,false,false,,
FILUSDT,1144,7,2,ABOVE,PHA_GIA,XUYEN_THAT,2,true,true,2,false
FILUSDT,1145,13,2,BELOW,GIU,XUYEN_THAT,5,false,false,,
FILUSDT,1146,26,2,BELOW,GIU,XUYEN_THAT,3,false,false,,
FILUSDT,1147,8,1,BELOW,GIU,CHAN,1,false,false,,
FILUSDT,1148,4,2,ABOVE,XUYEN_THAT,XUYEN_THAT,4,true,false,7,false
FILUSDT,1150,9,2,BELOW,GIU,XUYEN_THAT,2,false,false,,
FILUSDT,1151,2,1,BELOW,GIU,CHAN,3,false,false,,
FILUSDT,1152,1,1,ABOVE,GIU,CHAN,1,false,false,,
FILUSDT,1153,29,2,BELOW,GIU,XUYEN_THAT,1,false,false,,
FILUSDT,1154,31,2,BELOW,GIU,XUYEN_THAT,0,false,false,,
FILUSDT,1155,2,1,ABOVE,GIU,CHAN,4,false,false,,
FILUSDT,1156,5,1,BELOW,GIU,CHAN,5,false,false,,
FILUSDT,1157,11,2,ABOVE,XUYEN_THAT,XUYEN_THAT,4,true,false,4,false
FILUSDT,1158,12,2,BELOW,GIU,XUYEN_THAT,2,false,false,,
FILUSDT,1159,6,2,BELOW,PHA_GIA,CHAN,2,true,true,1,false
FILUSDT,1160,12,2,BELOW,GIU,XUYEN_THAT,3,false,false,,
FILUSDT,1161,9,1,ABOVE,GIU,CHAN,2,false,false,,
FILUSDT,1162,2,2,BELOW,PHA_GIA,CHAN,2,true,true,0,false
FILUSDT,1163,24,2,BELOW,PHA_GIA,XUYEN_THAT,1,true,true,0,false
FILUSDT,1167,13,2,BELOW,XUYEN_THAT,XUYEN_THAT,3,true,false,7,false
FILUSDT,1171,23,2,BELOW,GIU,XUYEN_THAT,1,false,false,,
FILUSDT,1172,20,2,BELOW,GIU,CHAN,3,false,false,,
FILUSDT,1173,4,2,BELOW,GIU,CHAN,4,false,false,,
FILUSDT,1174,8,2,ABOVE,GIU,XUYEN_THAT,3,false,false,,
FILUSDT,1175,5,2,BELOW,GIU,XUYEN_THAT,2,false,false,,
FILUSDT,1176,3,2,BELOW,PHA_GIA,CHAN,2,true,true,8,false
FILUSDT,1178,14,2,BELOW,PHA_GIA,XUYEN_THAT,2,true,true,4,false
FILUSDT,1179,2,1,ABOVE,GIU,CHAN,2,false,false,,
FILUSDT,1180,1,1,ABOVE,GIU,CHAN,3,false,false,,
FILUSDT,1181,33,2,BELOW,PHA_GIA,XUYEN_THAT,0,true,true,3,false
FILUSDT,1182,16,2,ABOVE,GIU,XUYEN_THAT,4,false,false,,
FILUSDT,1183,1,1,ABOVE,GIU,CHAN,2,false,false,,
FILUSDT,1184,6,2,BELOW,GIU,CHAN,1,false,false,,
FILUSDT,1185,7,1,ABOVE,GIU,CHAN,2,false,false,,
FILUSDT,1186,7,2,BELOW,GIU,XUYEN_THAT,3,false,false,,
FILUSDT,1187,2,2,BELOW,PHA_GIA,CHAN,2,true,true,4,false
FILUSDT,1188,14,2,BELOW,XUYEN_THAT,XUYEN_THAT,3,true,false,8,false
FILUSDT,1189,4,1,BELOW,GIU,CHAN,1,false,false,,
FILUSDT,1190,5,2,ABOVE,XUYEN_THAT,XUYEN_THAT,5,true,false,3,false
FILUSDT,1192,8,2,BELOW,XUYEN_THAT,XUYEN_THAT,3,true,false,6,false
FILUSDT,1195,5,2,ABOVE,PHA_GIA,XUYEN_THAT,3,true,true,6,false
FILUSDT,1198,13,2,BELOW,PHA_GIA,XUYEN_THAT,4,true,true,8,false
FILUSDT,1199,3,1,BELOW,GIU,CHAN,3,false,false,,
FILUSDT,1200,25,2,BELOW,GIU,XUYEN_THAT,2,false,false,,
FILUSDT,1201,2,1,ABOVE,GIU,CHAN,1,false,false,,
FILUSDT,1202,7,2,BELOW,PHA_GIA,XUYEN_THAT,2,true,true,2,false
FILUSDT,1203,11,2,BELOW,PHA_GIA,XUYEN_THAT,3,true,true,3,false
FILUSDT,1204,5,2,BELOW,PHA_GIA,CHAN,2,true,true,1,false
FILUSDT,1205,6,1,BELOW,GIU,CHAN,2,false,false,,
FILUSDT,1206,12,2,BELOW,PHA_GIA,XUYEN_THAT,3,true,true,5,false
FILUSDT,1207,2,1,BELOW,GIU,CHAN,2,false,false,,
FILUSDT,1209,27,2,BELOW,PHA_GIA,XUYEN_THAT,4,true,true,6,false
FILUSDT,1210,3,1,BELOW,GIU,CHAN,4,false,false,,
FILUSDT,1211,14,2,BELOW,PHA_GIA,XUYEN_THAT,1,true,true,8,false
FILUSDT,1212,7,2,BELOW,XUYEN_THAT,XUYEN_THAT,3,true,false,4,false
FILUSDT,1213,16,2,ABOVE,GIU,XUYEN_THAT,3,false,false,,
FILUSDT,1214,3,1,ABOVE,GIU,CHAN,1,false,false,,
FILUSDT,1215,10,2,BELOW,XUYEN_THAT,XUYEN_THAT,3,true,false,3,false
FILUSDT,1216,27,2,BELOW,GIU,XUYEN_THAT,3,false,false,,
FILUSDT,1217,40,2,ABOVE,GIU,XUYEN_THAT,1,false,false,,
FILUSDT,1218,5,2,BELOW,PHA_GIA,CHAN,4,true,true,6,false
FILUSDT,1219,7,2,ABOVE,GIU,CHAN,2,false,false,,
FILUSDT,1220,12,2,ABOVE,XUYEN_THAT,XUYEN_THAT,3,true,false,3,false
FILUSDT,1222,3,1,BELOW,GIU,CHAN,3,false,false,,
FILUSDT,1223,3,2,ABOVE,XUYEN_THAT,XUYEN_THAT,1,true,false,1,false
FILUSDT,1224,21,2,ABOVE,GIU,XUYEN_THAT,3,false,false,,
FILUSDT,1225,3,2,BELOW,PHA_GIA,XUYEN_THAT,3,true,true,6,false
FILUSDT,1227,3,1,ABOVE,GIU,CHAN,2,false,false,,
FILUSDT,1228,13,2,ABOVE,GIU,XUYEN_THAT,3,false,false,,
FILUSDT,1229,4,2,BELOW,PHA_GIA,XUYEN_THAT,3,true,true,2,false
FILUSDT,1230,3,1,BELOW,GIU,CHAN,1,false,false,,
FILUSDT,1231,2,2,BELOW,PHA_GIA,CHAN,2,true,true,1,false
FILUSDT,1232,6,1,BELOW,GIU,CHAN,2,false,false,,
FILUSDT,1233,5,2,ABOVE,GIU,CHAN,3,false,false,,
FILUSDT,1234,5,2,BELOW,PHA_GIA,XUYEN_THAT,3,true,true,2,false
FILUSDT,1235,2,1,BELOW,GIU,CHAN,3,false,false,,
FILUSDT,1236,11,2,BELOW,PHA_GIA,XUYEN_THAT,2,true,true,5,false
FILUSDT,1239,4,1,BELOW,GIU,CHAN,1,false,false,,
FILUSDT,1242,5,2,ABOVE,XUYEN_THAT,XUYEN_THAT,2,true,false,2,false
FILUSDT,1243,4,1,BELOW,GIU,CHAN,1,false,false,,
FILUSDT,1244,14,2,BELOW,XUYEN_THAT,XUYEN_THAT,1,true,false,7,false
FILUSDT,1245,1,1,BELOW,GIU,CHAN,3,false,false,,
FILUSDT,1246,6,2,ABOVE,GIU,XUYEN_THAT,3,false,false,,
FILUSDT,1248,3,1,ABOVE,GIU,XUYEN_THAT,1,false,false,,
FILUSDT,1249,24,2,ABOVE,GIU,XUYEN_THAT,1,false,false,,
FILUSDT,1250,5,1,ABOVE,GIU,CHAN,3,false,false,,
FILUSDT,1252,2,1,ABOVE,GIU,CHAN,0,false,false,,
FILUSDT,1254,7,2,BELOW,PHA_GIA,XUYEN_THAT,1,true,true,3,false
LTCUSDT,0,10,2,BELOW,XUYEN_THAT,XUYEN_THAT,2,true,false,2,false
LTCUSDT,1,4,2,ABOVE,PHA_GIA,XUYEN_THAT,0,true,true,0,false
LTCUSDT,2,8,2,BELOW,GIU,CHAN,1,false,false,,
LTCUSDT,4,4,2,BELOW,XUYEN_THAT,XUYEN_THAT,1,true,false,2,false
LTCUSDT,5,14,2,ABOVE,PHA_GIA,XUYEN_THAT,2,true,true,2,false
LTCUSDT,6,6,2,BELOW,GIU,XUYEN_THAT,1,false,false,,
LTCUSDT,7,18,2,BELOW,XUYEN_THAT,XUYEN_THAT,1,true,false,3,false
LTCUSDT,8,5,2,ABOVE,GIU,XUYEN_THAT,2,false,false,,
LTCUSDT,9,6,2,ABOVE,GIU,CHAN,1,false,false,,
LTCUSDT,10,18,2,BELOW,PHA_GIA,XUYEN_THAT,1,true,true,2,false
LTCUSDT,11,1,1,ABOVE,GIU,CHAN,3,false,false,,
LTCUSDT,13,9,2,BELOW,GIU,XUYEN_THAT,0,false,false,,
LTCUSDT,14,1,1,BELOW,GIU,CHAN,1,false,false,,
LTCUSDT,15,2,2,BELOW,PHA_GIA,CHAN,1,true,true,0,false
LTCUSDT,16,16,2,ABOVE,PHA_GIA,XUYEN_THAT,3,true,true,4,false
LTCUSDT,17,11,2,BELOW,GIU,XUYEN_THAT,3,false,false,,
LTCUSDT,18,14,2,BELOW,GIU,CHAN,5,false,false,,
LTCUSDT,19,7,2,ABOVE,PHA_GIA,XUYEN_THAT,3,true,true,0,false
LTCUSDT,20,30,2,ABOVE,PHA_GIA,XUYEN_THAT,2,true,true,1,false
LTCUSDT,21,19,2,BELOW,PHA_GIA,XUYEN_THAT,3,true,true,7,false
LTCUSDT,22,4,1,ABOVE,GIU,CHAN,2,false,false,,
LTCUSDT,23,25,2,BELOW,GIU,XUYEN_THAT,5,false,false,,
LTCUSDT,24,2,1,ABOVE,GIU,CHAN,2,false,false,,
LTCUSDT,25,10,2,BELOW,GIU,CHAN,3,false,false,,
LTCUSDT,27,27,2,ABOVE,XUYEN_THAT,XUYEN_THAT,2,true,false,0,true
LTCUSDT,28,21,2,BELOW,GIU,XUYEN_THAT,0,false,false,,
LTCUSDT,30,5,1,BELOW,GIU,XUYEN_THAT,1,false,false,,
LTCUSDT,31,26,2,ABOVE,GIU,XUYEN_THAT,2,false,false,,
LTCUSDT,32,5,2,BELOW,GIU,CHAN,2,false,false,,
LTCUSDT,33,23,2,ABOVE,GIU,XUYEN_THAT,3,false,false,,
LTCUSDT,34,11,2,ABOVE,PHA_GIA,XUYEN_THAT,2,true,true,0,false
LTCUSDT,35,12,2,BELOW,GIU,XUYEN_THAT,4,false,false,,
LTCUSDT,36,10,2,BELOW,XUYEN_THAT,XUYEN_THAT,3,true,false,6,false
LTCUSDT,37,16,2,ABOVE,PHA_GIA,XUYEN_THAT,2,true,true,2,false
LTCUSDT,38,1,1,ABOVE,XUYEN_THAT,XUYEN_THAT,3,true,false,2,false
LTCUSDT,39,1,1,BELOW,GIU,CHAN,4,false,false,,
LTCUSDT,40,27,2,ABOVE,PHA_GIA,XUYEN_THAT,1,true,true,2,false
LTCUSDT,41,23,2,BELOW,PHA_GIA,XUYEN_THAT,2,true,true,2,false
LTCUSDT,44,19,2,ABOVE,GIU,XUYEN_THAT,2,false,false,,
LTCUSDT,45,14,2,ABOVE,XUYEN_THAT,XUYEN_THAT,0,true,false,1,false
LTCUSDT,46,1,1,BELOW,GIU,CHAN,2,false,false,,
LTCUSDT,47,20,2,BELOW,GIU,XUYEN_THAT,2,false,false,,
LTCUSDT,48,5,2,BELOW,PHA_GIA,XUYEN_THAT,0,true,true,0,false
LTCUSDT,49,3,2,ABOVE,GIU,CHAN,2,false,false,,
LTCUSDT,51,12,2,BELOW,GIU,XUYEN_THAT,1,false,false,,
LTCUSDT,52,7,2,ABOVE,GIU,XUYEN_THAT,3,false,false,,
LTCUSDT,53,19,2,ABOVE,PHA_GIA,XUYEN_THAT,2,true,true,5,false
LTCUSDT,54,1,1,BELOW,GIU,CHAN,2,false,false,,
LTCUSDT,55,9,2,ABOVE,PHA_GIA,XUYEN_THAT,0,true,true,0,false
LTCUSDT,56,14,2,ABOVE,PHA_GIA,XUYEN_THAT,2,true,true,5,false
LTCUSDT,58,6,2,ABOVE,GIU,XUYEN_THAT,0,false,false,,
LTCUSDT,59,7,2,ABOVE,PHA_GIA,XUYEN_THAT,2,true,true,1,false
LTCUSDT,60,6,2,ABOVE,PHA_GIA,XUYEN_THAT,2,true,true,1,false
LTCUSDT,62,7,2,ABOVE,GIU,XUYEN_THAT,2,false,false,,
LTCUSDT,63,52,2,ABOVE,PHA_GIA,XUYEN_THAT,1,true,true,0,false
LTCUSDT,64,1,1,BELOW,PHA_GIA,CHAN,3,true,true,2,false
LTCUSDT,65,18,2,BELOW,GIU,XUYEN_THAT,3,false,false,,
LTCUSDT,66,1,1,ABOVE,GIU,CHAN,1,false,false,,
LTCUSDT,69,21,2,BELOW,GIU,CHAN,4,false,false,,
LTCUSDT,70,16,2,BELOW,GIU,XUYEN_THAT,2,false,false,,
LTCUSDT,72,4,2,BELOW,GIU,CHAN,3,false,false,,
LTCUSDT,73,16,2,BELOW,PHA_GIA,XUYEN_THAT,3,true,true,8,true
LTCUSDT,74,11,2,ABOVE,GIU,XUYEN_THAT,2,false,false,,
LTCUSDT,77,8,2,BELOW,GIU,XUYEN_THAT,2,false,false,,
LTCUSDT,78,6,2,ABOVE,XUYEN_THAT,XUYEN_THAT,1,true,false,0,false
LTCUSDT,80,7,2,BELOW,XUYEN_THAT,XUYEN_THAT,1,true,false,7,false
LTCUSDT,81,3,2,ABOVE,XUYEN_THAT,XUYEN_THAT,2,true,false,4,false
LTCUSDT,82,5,2,BELOW,GIU,CHAN,5,false,false,,
LTCUSDT,83,4,2,ABOVE,GIU,CHAN,4,false,false,,
LTCUSDT,84,3,2,BELOW,PHA_GIA,XUYEN_THAT,0,true,true,1,false
LTCUSDT,85,16,2,ABOVE,GIU,XUYEN_THAT,0,false,false,,
LTCUSDT,86,10,2,BELOW,GIU,XUYEN_THAT,1,false,false,,
LTCUSDT,87,24,2,ABOVE,GIU,XUYEN_THAT,3,false,false,,
LTCUSDT,88,18,2,ABOVE,PHA_GIA,XUYEN_THAT,1,true,true,0,false
LTCUSDT,89,33,2,BELOW,GIU,XUYEN_THAT,2,false,false,,
LTCUSDT,90,3,1,ABOVE,GIU,CHAN,3,false,false,,
LTCUSDT,91,2,2,ABOVE,PHA_GIA,CHAN,0,true,true,2,false
LTCUSDT,92,3,1,BELOW,GIU,CHAN,1,false,false,,
LTCUSDT,93,8,2,ABOVE,GIU,CHAN,1,false,false,,
LTCUSDT,94,1,1,BELOW,GIU,CHAN,2,false,false,,
LTCUSDT,95,5,2,ABOVE,XUYEN_THAT,XUYEN_THAT,0,true,false,0,false
LTCUSDT,96,3,1,ABOVE,GIU,XUYEN_THAT,5,false,false,,
LTCUSDT,98,4,1,ABOVE,GIU,CHAN,1,false,false,,
LTCUSDT,99,6,2,BELOW,GIU,XUYEN_THAT,3,false,false,,
LTCUSDT,100,13,2,BELOW,XUYEN_THAT,XUYEN_THAT,1,true,false,1,true
LTCUSDT,101,4,1,ABOVE,GIU,XUYEN_THAT,1,false,false,,
LTCUSDT,103,5,2,BELOW,XUYEN_THAT,XUYEN_THAT,1,true,false,1,false
LTCUSDT,105,24,2,BELOW,XUYEN_THAT,XUYEN_THAT,0,true,false,4,false
LTCUSDT,106,13,2,ABOVE,GIU,XUYEN_THAT,1,false,false,,
LTCUSDT,107,5,2,BELOW,GIU,XUYEN_THAT,2,false,false,,
LTCUSDT,108,15,2,ABOVE,PHA_GIA,XUYEN_THAT,0,true,true,0,false
LTCUSDT,109,9,2,BELOW,XUYEN_THAT,XUYEN_THAT,2,true,false,6,false
LTCUSDT,111,11,2,BELOW,PHA_GIA,XUYEN_THAT,3,true,true,4,false
LTCUSDT,112,11,2,ABOVE,GIU,CHAN,1,false,false,,
LTCUSDT,113,21,2,ABOVE,XUYEN_THAT,XUYEN_THAT,2,true,false,7,false
LTCUSDT,114,15,2,ABOVE,XUYEN_THAT,XUYEN_THAT,0,true,false,2,false
LTCUSDT,115,17,2,BELOW,GIU,XUYEN_THAT,1,false,false,,
LTCUSDT,116,2,1,BELOW,GIU,CHAN,4,false,false,,
LTCUSDT,117,1,1,ABOVE,GIU,CHAN,1,false,false,,
LTCUSDT,118,3,1,BELOW,GIU,CHAN,1,false,false,,
LTCUSDT,119,6,1,ABOVE,GIU,CHAN,2,false,false,,
LTCUSDT,120,7,2,ABOVE,PHA_GIA,XUYEN_THAT,0,true,true,0,false
LTCUSDT,121,5,2,ABOVE,GIU,CHAN,0,false,false,,
LTCUSDT,122,8,2,BELOW,PHA_GIA,XUYEN_THAT,3,true,true,5,false
LTCUSDT,124,2,1,BELOW,GIU,CHAN,3,false,false,,
LTCUSDT,125,4,1,ABOVE,GIU,CHAN,2,false,false,,
LTCUSDT,126,12,2,ABOVE,PHA_GIA,XUYEN_THAT,1,true,true,6,false
LTCUSDT,127,18,2,ABOVE,XUYEN_THAT,XUYEN_THAT,1,true,false,7,false
LTCUSDT,128,18,2,BELOW,PHA_GIA,XUYEN_THAT,4,true,true,3,false
LTCUSDT,129,12,2,BELOW,GIU,XUYEN_THAT,1,false,false,,
LTCUSDT,130,1,1,ABOVE,GIU,CHAN,2,false,false,,
LTCUSDT,131,1,1,ABOVE,GIU,CHAN,3,false,false,,
LTCUSDT,132,5,1,ABOVE,GIU,CHAN,1,false,false,,
LTCUSDT,133,3,2,BELOW,XUYEN_THAT,XUYEN_THAT,2,true,false,4,false
LTCUSDT,134,16,2,ABOVE,PHA_GIA,XUYEN_THAT,2,true,true,2,false
LTCUSDT,135,17,2,BELOW,XUYEN_THAT,XUYEN_THAT,1,true,false,6,false
LTCUSDT,136,25,2,BELOW,GIU,XUYEN_THAT,3,false,false,,
LTCUSDT,137,2,1,BELOW,GIU,CHAN,1,false,false,,
LTCUSDT,138,1,1,BELOW,GIU,CHAN,1,false,false,,
LTCUSDT,139,2,2,ABOVE,XUYEN_THAT,XUYEN_THAT,0,true,false,1,false
LTCUSDT,140,2,1,BELOW,GIU,CHAN,2,false,false,,
LTCUSDT,141,9,2,BELOW,PHA_GIA,XUYEN_THAT,1,true,true,8,false
LTCUSDT,142,2,1,ABOVE,GIU,CHAN,4,false,false,,
LTCUSDT,143,9,2,ABOVE,PHA_GIA,XUYEN_THAT,1,true,true,0,false
LTCUSDT,144,1,1,ABOVE,GIU,CHAN,1,false,false,,
LTCUSDT,145,8,2,BELOW,GIU,CHAN,4,false,false,,
LTCUSDT,146,2,1,BELOW,GIU,CHAN,3,false,false,,
LTCUSDT,147,3,2,BELOW,XUYEN_THAT,XUYEN_THAT,0,true,false,2,true
LTCUSDT,148,6,2,ABOVE,PHA_GIA,CHAN,0,true,true,2,false
LTCUSDT,149,11,2,BELOW,GIU,XUYEN_THAT,0,false,false,,
LTCUSDT,150,29,2,ABOVE,PHA_GIA,XUYEN_THAT,1,true,true,0,false
LTCUSDT,152,15,2,ABOVE,PHA_GIA,XUYEN_THAT,2,true,true,2,false
LTCUSDT,154,1,1,BELOW,GIU,CHAN,1,false,false,,
LTCUSDT,156,6,2,BELOW,XUYEN_THAT,XUYEN_THAT,1,true,false,1,false
LTCUSDT,157,5,2,ABOVE,GIU,CHAN,1,false,false,,
LTCUSDT,163,6,2,ABOVE,XUYEN_THAT,XUYEN_THAT,2,true,false,6,false
LTCUSDT,164,4,2,BELOW,PHA_GIA,CHAN,1,true,true,6,false
LTCUSDT,165,8,2,ABOVE,GIU,XUYEN_THAT,2,false,false,,
LTCUSDT,167,10,1,BELOW,GIU,CHAN,3,false,false,,
LTCUSDT,168,4,2,BELOW,GIU,XUYEN_THAT,2,false,false,,
LTCUSDT,170,5,1,BELOW,GIU,CHAN,2,false,false,,
LTCUSDT,171,4,2,BELOW,PHA_GIA,CHAN,2,true,true,4,false
LTCUSDT,172,1,1,ABOVE,XUYEN_THAT,XUYEN_THAT,1,true,false,0,false
LTCUSDT,174,10,2,BELOW,GIU,XUYEN_THAT,1,false,false,,
LTCUSDT,175,32,2,ABOVE,XUYEN_THAT,XUYEN_THAT,0,true,false,0,false
LTCUSDT,176,12,2,BELOW,PHA_GIA,XUYEN_THAT,0,true,true,0,false
LTCUSDT,177,6,2,BELOW,GIU,XUYEN_THAT,2,false,false,,
LTCUSDT,178,13,2,ABOVE,GIU,XUYEN_THAT,3,false,false,,
LTCUSDT,181,8,2,BELOW,PHA_GIA,CHAN,0,true,true,2,false
LTCUSDT,182,12,2,ABOVE,PHA_GIA,XUYEN_THAT,0,true,true,1,false
LTCUSDT,184,3,1,ABOVE,PHA_GIA,CHAN,0,true,true,0,false
LTCUSDT,186,14,2,BELOW,GIU,XUYEN_THAT,3,false,false,,
LTCUSDT,188,18,2,BELOW,GIU,XUYEN_THAT,4,false,false,,
LTCUSDT,189,11,2,BELOW,GIU,CHAN,2,false,false,,
LTCUSDT,190,18,2,BELOW,GIU,XUYEN_THAT,4,false,false,,
LTCUSDT,191,30,2,ABOVE,PHA_GIA,XUYEN_THAT,1,true,true,2,false
LTCUSDT,192,22,2,BELOW,GIU,XUYEN_THAT,1,false,false,,
LTCUSDT,193,6,1,BELOW,GIU,CHAN,3,false,false,,
LTCUSDT,194,1,1,ABOVE,GIU,CHAN,4,false,false,,
LTCUSDT,195,17,2,BELOW,GIU,XUYEN_THAT,1,false,false,,
LTCUSDT,197,5,2,BELOW,PHA_GIA,CHAN,3,true,true,5,false
LTCUSDT,198,11,1,ABOVE,GIU,XUYEN_THAT,2,false,false,,
LTCUSDT,199,30,2,ABOVE,GIU,XUYEN_THAT,2,false,false,,
LTCUSDT,200,4,2,ABOVE,PHA_GIA,XUYEN_THAT,1,true,true,2,false
LTCUSDT,201,17,2,BELOW,XUYEN_THAT,XUYEN_THAT,0,true,false,1,false
LTCUSDT,202,15,2,ABOVE,PHA_GIA,XUYEN_THAT,4,true,true,0,false
LTCUSDT,204,14,2,ABOVE,PHA_GIA,XUYEN_THAT,2,true,true,6,false
LTCUSDT,205,8,2,BELOW,GIU,XUYEN_THAT,2,false,false,,
LTCUSDT,207,3,2,ABOVE,PHA_GIA,CHAN,2,true,true,2,false
LTCUSDT,208,7,2,ABOVE,GIU,CHAN,3,false,false,,
LTCUSDT,209,1,1,BELOW,GIU,CHAN,1,false,false,,
LTCUSDT,210,2,1,BELOW,PHA_GIA,CHAN,1,true,true,0,false
LTCUSDT,211,3,2,ABOVE,XUYEN_THAT,XUYEN_THAT,1,true,false,0,false
LTCUSDT,212,13,2,BELOW,PHA_GIA,XUYEN_THAT,1,true,true,7,false
LTCUSDT,213,14,2,BELOW,GIU,XUYEN_THAT,2,false,false,,
LTCUSDT,214,15,2,ABOVE,GIU,XUYEN_THAT,2,false,false,,
LTCUSDT,215,1,1,BELOW,GIU,CHAN,3,false,false,,
LTCUSDT,216,7,2,BELOW,PHA_GIA,XUYEN_THAT,2,true,true,4,false
LTCUSDT,218,8,2,BELOW,PHA_GIA,XUYEN_THAT,0,true,true,0,false
LTCUSDT,219,7,2,ABOVE,XUYEN_THAT,XUYEN_THAT,1,true,false,4,false
LTCUSDT,221,5,2,BELOW,PHA_GIA,CHAN,0,true,true,3,false
LTCUSDT,222,14,2,ABOVE,PHA_GIA,XUYEN_THAT,1,true,true,1,false
LTCUSDT,223,20,2,ABOVE,PHA_GIA,XUYEN_THAT,1,true,true,2,false
LTCUSDT,224,9,2,ABOVE,XUYEN_THAT,XUYEN_THAT,0,true,false,6,false
LTCUSDT,228,4,2,ABOVE,PHA_GIA,CHAN,2,true,true,5,false
LTCUSDT,229,1,1,BELOW,XUYEN_THAT,XUYEN_THAT,2,true,false,1,false
LTCUSDT,230,3,2,BELOW,XUYEN_THAT,XUYEN_THAT,1,true,false,0,false
LTCUSDT,231,3,2,BELOW,PHA_GIA,CHAN,1,true,true,1,false
LTCUSDT,232,15,2,ABOVE,GIU,XUYEN_THAT,1,false,false,,
LTCUSDT,233,3,1,BELOW,GIU,CHAN,1,false,false,,
LTCUSDT,236,4,2,BELOW,XUYEN_THAT,XUYEN_THAT,0,true,false,0,false
LTCUSDT,237,6,2,BELOW,XUYEN_THAT,XUYEN_THAT,1,true,false,6,false
LTCUSDT,238,19,2,BELOW,PHA_GIA,XUYEN_THAT,1,true,true,3,false
LTCUSDT,239,2,2,BELOW,XUYEN_THAT,XUYEN_THAT,1,true,false,6,false
LTCUSDT,241,16,2,ABOVE,GIU,XUYEN_THAT,2,false,false,,
LTCUSDT,242,4,2,BELOW,PHA_GIA,CHAN,3,true,true,4,false
LTCUSDT,243,7,2,BELOW,GIU,XUYEN_THAT,2,false,false,,
LTCUSDT,245,29,2,BELOW,GIU,XUYEN_THAT,2,false,false,,
LTCUSDT,247,31,2,BELOW,GIU,XUYEN_THAT,2,false,false,,
LTCUSDT,248,1,1,BELOW,GIU,CHAN,3,false,false,,
LTCUSDT,250,7,2,ABOVE,XUYEN_THAT,XUYEN_THAT,1,true,false,1,false
LTCUSDT,252,3,2,BELOW,PHA_GIA,CHAN,1,true,true,3,false
LTCUSDT,254,1,1,ABOVE,GIU,CHAN,2,false,false,,
LTCUSDT,256,26,2,ABOVE,GIU,XUYEN_THAT,2,false,false,,
LTCUSDT,257,4,1,ABOVE,GIU,XUYEN_THAT,1,false,false,,
LTCUSDT,258,8,2,BELOW,XUYEN_THAT,XUYEN_THAT,3,true,false,5,true
LTCUSDT,259,3,2,ABOVE,PHA_GIA,CHAN,2,true,true,5,false
LTCUSDT,260,18,2,ABOVE,GIU,XUYEN_THAT,4,false,false,,
LTCUSDT,261,1,1,ABOVE,XUYEN_THAT,XUYEN_THAT,1,true,false,2,false
LTCUSDT,262,3,1,BELOW,GIU,CHAN,1,false,false,,
LTCUSDT,263,19,2,BELOW,PHA_GIA,XUYEN_THAT,2,true,true,4,false
LTCUSDT,264,1,1,BELOW,PHA_GIA,CHAN,2,true,true,2,false
LTCUSDT,266,2,1,BELOW,GIU,CHAN,3,false,false,,
LTCUSDT,267,15,2,BELOW,PHA_GIA,XUYEN_THAT,1,true,true,3,false
LTCUSDT,268,3,2,ABOVE,GIU,CHAN,1,false,false,,
LTCUSDT,269,5,2,ABOVE,XUYEN_THAT,XUYEN_THAT,0,true,false,5,false
LTCUSDT,271,29,2,BELOW,PHA_GIA,XUYEN_THAT,2,true,true,8,false
LTCUSDT,272,13,2,ABOVE,XUYEN_THAT,XUYEN_THAT,1,true,false,0,false
LTCUSDT,273,3,2,BELOW,PHA_GIA,CHAN,2,true,true,4,false
LTCUSDT,274,10,2,ABOVE,GIU,CHAN,2,false,false,,
LTCUSDT,275,14,2,BELOW,PHA_GIA,XUYEN_THAT,1,true,true,1,false
LTCUSDT,276,4,2,BELOW,PHA_GIA,XUYEN_THAT,3,true,true,2,false
LTCUSDT,277,1,1,BELOW,PHA_GIA,CHAN,0,true,true,3,false
LTCUSDT,278,3,1,BELOW,GIU,CHAN,3,false,false,,
LTCUSDT,279,6,2,ABOVE,XUYEN_THAT,XUYEN_THAT,2,true,false,4,false
LTCUSDT,280,6,2,ABOVE,XUYEN_THAT,XUYEN_THAT,2,true,false,2,false
LTCUSDT,281,1,1,BELOW,GIU,CHAN,3,false,false,,
LTCUSDT,283,3,2,BELOW,XUYEN_THAT,XUYEN_THAT,1,true,false,4,false
LTCUSDT,284,14,2,BELOW,PHA_GIA,XUYEN_THAT,2,true,true,8,false
LTCUSDT,285,11,2,BELOW,GIU,XUYEN_THAT,3,false,false,,
LTCUSDT,286,11,2,BELOW,GIU,XUYEN_THAT,1,false,false,,
LTCUSDT,288,8,2,ABOVE,GIU,XUYEN_THAT,1,false,false,,
LTCUSDT,289,2,1,ABOVE,GIU,XUYEN_THAT,3,false,false,,
LTCUSDT,290,3,2,BELOW,GIU,XUYEN_THAT,1,false,false,,
LTCUSDT,291,16,2,BELOW,GIU,XUYEN_THAT,1,false,false,,
LTCUSDT,292,12,2,ABOVE,XUYEN_THAT,XUYEN_THAT,1,true,false,0,false
LTCUSDT,293,3,2,BELOW,GIU,CHAN,2,false,false,,
LTCUSDT,294,12,2,ABOVE,PHA_GIA,XUYEN_THAT,2,true,true,8,false
LTCUSDT,295,11,2,ABOVE,GIU,XUYEN_THAT,2,false,false,,
LTCUSDT,296,5,2,ABOVE,PHA_GIA,XUYEN_THAT,1,true,true,1,false
LTCUSDT,297,23,2,BELOW,PHA_GIA,XUYEN_THAT,2,true,true,5,false
LTCUSDT,298,15,2,ABOVE,GIU,XUYEN_THAT,1,false,false,,
LTCUSDT,299,6,2,ABOVE,PHA_GIA,XUYEN_THAT,1,true,true,1,false
LTCUSDT,301,13,2,ABOVE,PHA_GIA,XUYEN_THAT,1,true,true,3,false
LTCUSDT,303,10,2,BELOW,XUYEN_THAT,XUYEN_THAT,1,true,false,6,false
LTCUSDT,304,5,2,BELOW,GIU,XUYEN_THAT,1,false,false,,
LTCUSDT,305,2,2,BELOW,XUYEN_THAT,XUYEN_THAT,2,true,false,2,false
LTCUSDT,307,4,2,ABOVE,XUYEN_THAT,XUYEN_THAT,1,true,false,0,false
LTCUSDT,308,5,2,BELOW,PHA_GIA,XUYEN_THAT,2,true,true,6,false
LTCUSDT,309,19,2,BELOW,PHA_GIA,CHAN,1,true,true,5,false
LTCUSDT,311,1,1,ABOVE,GIU,CHAN,1,false,false,,
LTCUSDT,312,5,2,BELOW,GIU,CHAN,3,false,false,,
LTCUSDT,313,3,1,ABOVE,GIU,CHAN,2,false,false,,
LTCUSDT,314,11,2,BELOW,XUYEN_THAT,XUYEN_THAT,2,true,false,1,false
LTCUSDT,315,18,2,BELOW,XUYEN_THAT,XUYEN_THAT,2,true,false,2,false
LTCUSDT,316,15,2,ABOVE,GIU,XUYEN_THAT,4,false,false,,
LTCUSDT,317,9,2,BELOW,PHA_GIA,XUYEN_THAT,3,true,true,1,false
LTCUSDT,320,26,2,ABOVE,GIU,XUYEN_THAT,1,false,false,,
LTCUSDT,322,7,2,ABOVE,GIU,CHAN,3,false,false,,
LTCUSDT,323,8,2,ABOVE,PHA_GIA,XUYEN_THAT,0,true,true,0,false
LTCUSDT,324,3,2,BELOW,XUYEN_THAT,XUYEN_THAT,1,true,false,1,false
LTCUSDT,325,10,2,BELOW,XUYEN_THAT,XUYEN_THAT,2,true,false,1,false
LTCUSDT,326,27,2,BELOW,PHA_GIA,XUYEN_THAT,2,true,true,5,false
LTCUSDT,328,30,2,BELOW,GIU,XUYEN_THAT,0,false,false,,
LTCUSDT,329,3,1,BELOW,GIU,XUYEN_THAT,1,false,false,,
LTCUSDT,330,11,1,BELOW,GIU,XUYEN_THAT,2,false,false,,
LTCUSDT,331,2,1,ABOVE,GIU,CHAN,2,false,false,,
LTCUSDT,332,7,2,BELOW,PHA_GIA,XUYEN_THAT,0,true,true,1,false
LTCUSDT,333,2,1,BELOW,GIU,CHAN,3,false,false,,
LTCUSDT,335,1,1,BELOW,GIU,CHAN,2,false,false,,
LTCUSDT,336,16,2,BELOW,GIU,XUYEN_THAT,1,false,false,,
LTCUSDT,337,20,2,ABOVE,PHA_GIA,XUYEN_THAT,1,true,true,0,false
LTCUSDT,338,21,2,ABOVE,PHA_GIA,XUYEN_THAT,2,true,true,2,false
LTCUSDT,339,53,2,ABOVE,GIU,XUYEN_THAT,0,false,false,,
LTCUSDT,340,26,2,ABOVE,PHA_GIA,XUYEN_THAT,2,true,true,5,false
LTCUSDT,341,5,2,ABOVE,XUYEN_THAT,XUYEN_THAT,0,true,false,0,false
LTCUSDT,342,7,2,BELOW,PHA_GIA,XUYEN_THAT,1,true,true,8,false
LTCUSDT,343,4,1,BELOW,GIU,CHAN,1,false,false,,
LTCUSDT,344,10,2,BELOW,GIU,XUYEN_THAT,2,false,false,,
LTCUSDT,346,9,2,ABOVE,GIU,XUYEN_THAT,2,false,false,,
LTCUSDT,347,18,2,ABOVE,GIU,XUYEN_THAT,1,false,false,,
LTCUSDT,348,10,2,BELOW,GIU,XUYEN_THAT,2,false,false,,
LTCUSDT,349,6,2,ABOVE,GIU,XUYEN_THAT,2,false,false,,
LTCUSDT,350,9,2,BELOW,PHA_GIA,CHAN,1,true,true,3,false
LTCUSDT,351,2,2,BELOW,PHA_GIA,CHAN,2,true,true,1,false
LTCUSDT,352,4,1,BELOW,GIU,CHAN,1,false,false,,
LTCUSDT,353,11,2,BELOW,GIU,XUYEN_THAT,1,false,false,,
LTCUSDT,355,1,1,ABOVE,GIU,CHAN,2,false,false,,
LTCUSDT,356,1,1,BELOW,GIU,CHAN,0,false,false,,
LTCUSDT,357,10,2,BELOW,PHA_GIA,XUYEN_THAT,1,true,true,1,false
LTCUSDT,358,13,2,ABOVE,PHA_GIA,XUYEN_THAT,3,true,true,8,false
LTCUSDT,360,6,2,ABOVE,GIU,XUYEN_THAT,4,false,false,,
LTCUSDT,362,33,2,ABOVE,GIU,XUYEN_THAT,3,false,false,,
LTCUSDT,363,2,2,BELOW,PHA_GIA,XUYEN_THAT,1,true,true,0,false
LTCUSDT,365,1,1,ABOVE,GIU,CHAN,2,false,false,,
LTCUSDT,366,1,1,ABOVE,GIU,CHAN,1,false,false,,
LTCUSDT,367,25,2,ABOVE,XUYEN_THAT,XUYEN_THAT,1,true,false,2,false
LTCUSDT,370,6,1,BELOW,GIU,CHAN,4,false,false,,
LTCUSDT,371,26,2,BELOW,GIU,XUYEN_THAT,2,false,false,,
LTCUSDT,372,8,2,BELOW,XUYEN_THAT,XUYEN_THAT,1,true,false,3,false
LTCUSDT,373,29,2,BELOW,XUYEN_THAT,XUYEN_THAT,2,true,false,2,false
LTCUSDT,374,13,2,BELOW,GIU,XUYEN_THAT,2,false,false,,
LTCUSDT,375,2,1,ABOVE,PHA_GIA,CHAN,2,true,true,5,false
LTCUSDT,376,47,2,BELOW,GIU,XUYEN_THAT,3,false,false,,
LTCUSDT,377,3,1,BELOW,GIU,CHAN,1,false,false,,
LTCUSDT,378,4,2,ABOVE,PHA_GIA,XUYEN_THAT,1,true,true,0,false
LTCUSDT,379,1,1,BELOW,GIU,CHAN,2,false,false,,
LTCUSDT,380,2,2,BELOW,PHA_GIA,CHAN,2,true,true,2,false
LTCUSDT,381,1,1,ABOVE,XUYEN_THAT,XUYEN_THAT,1,true,false,1,false
LTCUSDT,382,1,1,BELOW,GIU,CHAN,0,false,false,,
LTCUSDT,383,1,1,ABOVE,GIU,CHAN,1,false,false,,
LTCUSDT,384,8,1,BELOW,GIU,CHAN,2,false,false,,
LTCUSDT,385,25,2,ABOVE,GIU,XUYEN_THAT,3,false,false,,
LTCUSDT,386,5,1,ABOVE,GIU,CHAN,1,false,false,,
LTCUSDT,387,3,2,BELOW,XUYEN_THAT,XUYEN_THAT,0,true,false,0,false
LTCUSDT,391,3,2,BELOW,XUYEN_THAT,XUYEN_THAT,1,true,false,5,false
LTCUSDT,393,13,2,ABOVE,XUYEN_THAT,XUYEN_THAT,1,true,false,1,false
LTCUSDT,394,11,2,BELOW,GIU,XUYEN_THAT,1,false,false,,
LTCUSDT,395,3,1,ABOVE,PHA_GIA,CHAN,0,true,true,0,false
LTCUSDT,397,30,2,BELOW,GIU,XUYEN_THAT,1,false,false,,
LTCUSDT,398,6,2,BELOW,GIU,XUYEN_THAT,2,false,false,,
LTCUSDT,399,3,1,BELOW,PHA_GIA,CHAN,2,true,true,8,false
LTCUSDT,401,6,2,BELOW,XUYEN_THAT,XUYEN_THAT,0,true,false,4,false
LTCUSDT,402,11,2,BELOW,XUYEN_THAT,XUYEN_THAT,3,true,false,1,false
LTCUSDT,403,1,1,BELOW,GIU,CHAN,1,false,false,,
LTCUSDT,404,1,1,BELOW,GIU,CHAN,1,false,false,,
LTCUSDT,405,2,2,BELOW,XUYEN_THAT,XUYEN_THAT,1,true,false,5,false
LTCUSDT,406,1,1,ABOVE,GIU,CHAN,3,false,false,,
LTCUSDT,407,22,2,BELOW,XUYEN_THAT,XUYEN_THAT,3,true,false,4,false
LTCUSDT,408,16,2,BELOW,PHA_GIA,XUYEN_THAT,2,true,true,4,false
LTCUSDT,409,1,1,ABOVE,PHA_GIA,CHAN,0,true,true,0,false
LTCUSDT,411,4,1,ABOVE,GIU,CHAN,0,false,false,,
LTCUSDT,412,2,1,BELOW,XUYEN_THAT,XUYEN_THAT,0,true,false,0,false
LTCUSDT,414,19,2,ABOVE,XUYEN_THAT,XUYEN_THAT,1,true,false,1,false
LTCUSDT,415,10,2,ABOVE,PHA_GIA,XUYEN_THAT,0,true,true,4,false
LTCUSDT,417,1,1,BELOW,PHA_GIA,CHAN,1,true,true,2,false
LTCUSDT,418,1,1,ABOVE,GIU,CHAN,1,false,false,,
LTCUSDT,419,6,2,ABOVE,GIU,CHAN,2,false,false,,
LTCUSDT,420,2,2,BELOW,PHA_GIA,CHAN,3,true,true,0,false
LTCUSDT,421,1,1,BELOW,GIU,CHAN,2,false,false,,
LTCUSDT,423,5,2,ABOVE,GIU,CHAN,3,false,false,,
LTCUSDT,424,3,1,ABOVE,XUYEN_THAT,XUYEN_THAT,1,true,false,3,false
LTCUSDT,425,4,2,BELOW,PHA_GIA,CHAN,2,true,true,0,false
LTCUSDT,426,2,1,ABOVE,GIU,CHAN,1,false,false,,
LTCUSDT,427,1,1,ABOVE,GIU,CHAN,1,false,false,,
LTCUSDT,428,3,2,ABOVE,GIU,CHAN,3,false,false,,
LTCUSDT,429,11,2,BELOW,GIU,XUYEN_THAT,1,false,false,,
LTCUSDT,430,9,2,BELOW,PHA_GIA,XUYEN_THAT,1,true,true,3,false
LTCUSDT,432,1,1,BELOW,GIU,CHAN,0,false,false,,
LTCUSDT,433,8,2,BELOW,GIU,XUYEN_THAT,1,false,false,,
LTCUSDT,434,16,2,ABOVE,GIU,XUYEN_THAT,2,false,false,,
LTCUSDT,435,3,1,BELOW,GIU,XUYEN_THAT,3,false,false,,
LTCUSDT,436,10,2,BELOW,XUYEN_THAT,XUYEN_THAT,2,true,false,4,false
LTCUSDT,437,1,1,BELOW,GIU,CHAN,2,false,false,,
LTCUSDT,438,16,2,BELOW,GIU,XUYEN_THAT,1,false,false,,
LTCUSDT,439,2,1,BELOW,GIU,CHAN,3,false,false,,
LTCUSDT,442,6,2,BELOW,PHA_GIA,XUYEN_THAT,3,true,true,5,false
LTCUSDT,443,14,2,BELOW,PHA_GIA,XUYEN_THAT,3,true,true,2,false
LTCUSDT,444,5,2,ABOVE,PHA_GIA,CHAN,0,true,true,0,false
LTCUSDT,445,6,2,ABOVE,GIU,XUYEN_THAT,3,false,false,,
LTCUSDT,447,25,2,BELOW,PHA_GIA,XUYEN_THAT,2,true,true,2,false
LTCUSDT,449,20,2,BELOW,PHA_GIA,XUYEN_THAT,2,true,true,1,false
LTCUSDT,450,14,2,ABOVE,GIU,XUYEN_THAT,2,false,false,,
LTCUSDT,451,20,2,BELOW,PHA_GIA,XUYEN_THAT,1,true,true,3,false
LTCUSDT,454,10,2,ABOVE,PHA_GIA,CHAN,3,true,true,8,false
LTCUSDT,455,34,2,ABOVE,GIU,XUYEN_THAT,1,false,false,,
LTCUSDT,456,10,2,BELOW,XUYEN_THAT,XUYEN_THAT,3,true,false,3,false
LTCUSDT,458,8,1,ABOVE,GIU,CHAN,1,false,false,,
LTCUSDT,459,2,2,ABOVE,XUYEN_THAT,XUYEN_THAT,2,true,false,1,false
LTCUSDT,460,4,1,BELOW,GIU,CHAN,4,false,false,,
LTCUSDT,461,1,1,BELOW,GIU,CHAN,2,false,false,,
LTCUSDT,462,2,2,BELOW,PHA_GIA,CHAN,1,true,true,0,false
LTCUSDT,464,1,1,ABOVE,GIU,CHAN,3,false,false,,
LTCUSDT,465,5,1,BELOW,GIU,CHAN,2,false,false,,
LTCUSDT,466,10,2,BELOW,PHA_GIA,CHAN,0,true,true,0,false
LTCUSDT,468,6,2,BELOW,XUYEN_THAT,XUYEN_THAT,3,true,false,3,false
LTCUSDT,469,5,2,BELOW,PHA_GIA,CHAN,3,true,true,2,false
LTCUSDT,470,1,1,ABOVE,GIU,CHAN,1,false,false,,
LTCUSDT,471,23,2,BELOW,XUYEN_THAT,XUYEN_THAT,2,true,false,2,false
LTCUSDT,472,2,1,BELOW,GIU,CHAN,3,false,false,,
LTCUSDT,473,3,1,ABOVE,XUYEN_THAT,XUYEN_THAT,1,true,false,0,false
LTCUSDT,474,25,2,BELOW,PHA_GIA,XUYEN_THAT,1,true,true,0,false
LTCUSDT,475,7,2,BELOW,PHA_GIA,CHAN,2,true,true,5,false
LTCUSDT,476,8,2,BELOW,XUYEN_THAT,XUYEN_THAT,0,true,false,3,false
LTCUSDT,477,7,2,BELOW,GIU,XUYEN_THAT,2,false,false,,
LTCUSDT,478,6,1,BELOW,GIU,XUYEN_THAT,1,false,false,,
LTCUSDT,479,13,2,ABOVE,GIU,XUYEN_THAT,1,false,false,,
LTCUSDT,481,3,2,BELOW,XUYEN_THAT,XUYEN_THAT,1,true,false,7,false
LTCUSDT,482,2,1,ABOVE,GIU,CHAN,3,false,false,,
LTCUSDT,483,2,2,BELOW,XUYEN_THAT,XUYEN_THAT,1,true,false,2,false
LTCUSDT,484,4,2,BELOW,XUYEN_THAT,XUYEN_THAT,3,true,false,6,false
LTCUSDT,485,34,2,ABOVE,GIU,XUYEN_THAT,3,false,false,,
LTCUSDT,486,25,2,BELOW,GIU,XUYEN_THAT,1,false,false,,
LTCUSDT,487,23,2,ABOVE,XUYEN_THAT,XUYEN_THAT,0,true,false,1,false
LTCUSDT,489,8,2,BELOW,GIU,XUYEN_THAT,3,false,false,,
LTCUSDT,490,2,2,BELOW,PHA_GIA,CHAN,2,true,true,4,false
LTCUSDT,492,4,2,ABOVE,PHA_GIA,XUYEN_THAT,3,true,true,1,false
LTCUSDT,494,3,1,BELOW,GIU,CHAN,1,false,false,,
LTCUSDT,495,2,2,BELOW,XUYEN_THAT,XUYEN_THAT,0,true,false,2,false
LTCUSDT,496,8,2,ABOVE,GIU,XUYEN_THAT,2,false,false,,
LTCUSDT,497,16,2,BELOW,PHA_GIA,XUYEN_THAT,2,true,true,6,false
LTCUSDT,498,2,1,ABOVE,GIU,CHAN,1,false,false,,
LTCUSDT,499,11,2,BELOW,PHA_GIA,XUYEN_THAT,1,true,true,6,false
LTCUSDT,500,5,2,ABOVE,PHA_GIA,CHAN,2,true,true,4,false
LTCUSDT,501,18,2,BELOW,GIU,XUYEN_THAT,3,false,false,,
LTCUSDT,502,2,1,ABOVE,GIU,CHAN,2,false,false,,
LTCUSDT,504,18,2,ABOVE,PHA_GIA,XUYEN_THAT,3,true,true,8,false
LTCUSDT,506,10,1,ABOVE,GIU,CHAN,2,false,false,,
LTCUSDT,507,6,2,BELOW,PHA_GIA,XUYEN_THAT,2,true,true,1,false
LTCUSDT,509,3,1,BELOW,GIU,CHAN,3,false,false,,
LTCUSDT,511,11,2,BELOW,GIU,XUYEN_THAT,3,false,false,,
LTCUSDT,512,8,2,ABOVE,PHA_GIA,XUYEN_THAT,2,true,true,1,false
LTCUSDT,513,6,2,ABOVE,XUYEN_THAT,XUYEN_THAT,1,true,false,4,false
LTCUSDT,514,5,1,BELOW,GIU,CHAN,4,false,false,,
LTCUSDT,515,18,2,BELOW,PHA_GIA,XUYEN_THAT,3,true,true,3,false
LTCUSDT,519,3,2,BELOW,XUYEN_THAT,XUYEN_THAT,1,true,false,0,false
LTCUSDT,520,15,2,BELOW,XUYEN_THAT,XUYEN_THAT,4,true,false,5,false
LTCUSDT,521,14,2,ABOVE,GIU,CHAN,2,false,false,,
LTCUSDT,522,2,1,BELOW,GIU,CHAN,2,false,false,,
LTCUSDT,524,25,2,BELOW,GIU,XUYEN_THAT,2,false,false,,
LTCUSDT,525,11,2,BELOW,GIU,XUYEN_THAT,4,false,false,,
LTCUSDT,526,8,1,BELOW,GIU,CHAN,2,false,false,,
LTCUSDT,529,7,2,BELOW,GIU,XUYEN_THAT,3,false,false,,
LTCUSDT,530,8,2,BELOW,PHA_GIA,XUYEN_THAT,3,true,true,4,false
LTCUSDT,531,2,1,BELOW,GIU,CHAN,0,false,false,,
LTCUSDT,532,8,2,ABOVE,XUYEN_THAT,XUYEN_THAT,2,true,false,1,false
LTCUSDT,533,3,1,BELOW,GIU,CHAN,1,false,false,,
LTCUSDT,534,8,2,BELOW,GIU,XUYEN_THAT,2,false,false,,
LTCUSDT,535,7,2,BELOW,GIU,CHAN,3,false,false,,
LTCUSDT,536,2,1,BELOW,GIU,CHAN,2,false,false,,
LTCUSDT,537,15,2,BELOW,PHA_GIA,XUYEN_THAT,1,true,true,4,false
LTCUSDT,539,5,1,ABOVE,GIU,CHAN,1,false,false,,
LTCUSDT,541,2,1,BELOW,XUYEN_THAT,XUYEN_THAT,2,true,false,0,false
LTCUSDT,542,7,2,ABOVE,XUYEN_THAT,XUYEN_THAT,2,true,false,6,false
LTCUSDT,543,6,2,BELOW,PHA_GIA,CHAN,3,true,true,2,false
LTCUSDT,545,1,1,BELOW,GIU,CHAN,1,false,false,,
LTCUSDT,547,3,1,ABOVE,GIU,CHAN,3,false,false,,
LTCUSDT,549,14,2,ABOVE,XUYEN_THAT,XUYEN_THAT,3,true,false,7,false
LTCUSDT,550,20,2,ABOVE,PHA_GIA,XUYEN_THAT,0,true,true,5,false
LTCUSDT,551,26,2,ABOVE,GIU,XUYEN_THAT,3,false,false,,
LTCUSDT,552,15,2,BELOW,PHA_GIA,XUYEN_THAT,1,true,true,2,false
LTCUSDT,553,14,2,ABOVE,GIU,XUYEN_THAT,2,false,false,,
LTCUSDT,554,2,1,BELOW,GIU,CHAN,3,false,false,,
LTCUSDT,555,12,2,ABOVE,XUYEN_THAT,XUYEN_THAT,3,true,false,1,false
LTCUSDT,556,9,2,BELOW,PHA_GIA,XUYEN_THAT,2,true,true,8,false
LTCUSDT,558,1,1,BELOW,GIU,CHAN,2,false,false,,
LTCUSDT,559,1,1,BELOW,GIU,CHAN,2,false,false,,
LTCUSDT,562,30,2,BELOW,PHA_GIA,XUYEN_THAT,2,true,true,1,false
LTCUSDT,563,1,1,ABOVE,GIU,CHAN,1,false,false,,
LTCUSDT,564,17,2,ABOVE,PHA_GIA,XUYEN_THAT,4,true,true,5,false
LTCUSDT,565,1,1,BELOW,PHA_GIA,CHAN,1,true,true,0,false
LTCUSDT,566,7,2,ABOVE,XUYEN_THAT,XUYEN_THAT,2,true,false,6,false
LTCUSDT,567,1,1,ABOVE,PHA_GIA,CHAN,3,true,true,3,false
LTCUSDT,568,6,2,BELOW,PHA_GIA,XUYEN_THAT,3,true,true,4,false
LTCUSDT,569,3,1,ABOVE,GIU,CHAN,1,false,false,,
LTCUSDT,570,5,2,BELOW,XUYEN_THAT,XUYEN_THAT,1,true,false,2,false
LTCUSDT,571,2,1,BELOW,GIU,CHAN,5,false,false,,
LTCUSDT,572,12,2,BELOW,GIU,XUYEN_THAT,1,false,false,,
LTCUSDT,574,5,2,ABOVE,GIU,XUYEN_THAT,2,false,false,,
LTCUSDT,575,1,1,BELOW,PHA_GIA,CHAN,1,true,true,1,false
LTCUSDT,576,3,2,ABOVE,XUYEN_THAT,XUYEN_THAT,1,true,false,4,false
LTCUSDT,577,5,1,BELOW,GIU,CHAN,3,false,false,,
LTCUSDT,578,9,2,BELOW,PHA_GIA,CHAN,0,true,true,0,false
LTCUSDT,579,12,2,ABOVE,GIU,XUYEN_THAT,1,false,false,,
LTCUSDT,580,2,1,ABOVE,GIU,CHAN,3,false,false,,
LTCUSDT,581,2,1,BELOW,GIU,CHAN,2,false,false,,
LTCUSDT,583,10,2,BELOW,GIU,XUYEN_THAT,2,false,false,,
LTCUSDT,585,8,2,BELOW,XUYEN_THAT,XUYEN_THAT,1,true,false,0,false
LTCUSDT,586,1,1,ABOVE,GIU,CHAN,1,false,false,,
LTCUSDT,588,8,2,ABOVE,PHA_GIA,XUYEN_THAT,3,true,true,2,false
LTCUSDT,589,2,1,ABOVE,GIU,CHAN,1,false,false,,
LTCUSDT,590,9,2,ABOVE,XUYEN_THAT,XUYEN_THAT,0,true,false,0,false
LTCUSDT,591,1,1,BELOW,PHA_GIA,CHAN,2,true,true,0,false
LTCUSDT,592,5,1,ABOVE,GIU,CHAN,2,false,false,,
LTCUSDT,594,6,2,BELOW,XUYEN_THAT,XUYEN_THAT,2,true,false,8,false
LTCUSDT,595,2,1,BELOW,GIU,CHAN,1,false,false,,
LTCUSDT,596,10,1,BELOW,GIU,CHAN,2,false,false,,
LTCUSDT,597,10,2,BELOW,PHA_GIA,XUYEN_THAT,0,true,true,1,false
LTCUSDT,598,2,1,BELOW,GIU,CHAN,3,false,false,,
LTCUSDT,599,5,2,ABOVE,XUYEN_THAT,XUYEN_THAT,1,true,false,4,true
LTCUSDT,600,13,2,BELOW,PHA_GIA,XUYEN_THAT,0,true,true,8,false
LTCUSDT,601,1,1,ABOVE,GIU,CHAN,1,false,false,,
LTCUSDT,602,4,2,BELOW,GIU,XUYEN_THAT,0,false,false,,
LTCUSDT,603,2,1,ABOVE,GIU,CHAN,1,false,false,,
LTCUSDT,604,8,2,BELOW,GIU,XUYEN_THAT,2,false,false,,
LTCUSDT,605,2,1,ABOVE,GIU,CHAN,1,false,false,,
LTCUSDT,606,1,1,BELOW,GIU,CHAN,1,false,false,,
LTCUSDT,607,4,2,BELOW,PHA_GIA,CHAN,1,true,true,3,false
LTCUSDT,608,2,2,BELOW,XUYEN_THAT,XUYEN_THAT,2,true,false,3,false
LTCUSDT,609,16,2,ABOVE,PHA_GIA,XUYEN_THAT,2,true,true,2,false
LTCUSDT,610,5,2,BELOW,PHA_GIA,XUYEN_THAT,2,true,true,5,false
LTCUSDT,611,14,2,BELOW,GIU,XUYEN_THAT,2,false,false,,
LTCUSDT,614,4,2,BELOW,PHA_GIA,XUYEN_THAT,1,true,true,4,false
LTCUSDT,615,1,1,BELOW,GIU,CHAN,3,false,false,,
LTCUSDT,616,10,1,ABOVE,GIU,CHAN,3,false,false,,
LTCUSDT,617,3,1,ABOVE,XUYEN_THAT,XUYEN_THAT,0,true,false,0,false
LTCUSDT,618,6,2,ABOVE,PHA_GIA,XUYEN_THAT,1,true,true,0,false
LTCUSDT,622,10,2,BELOW,PHA_GIA,XUYEN_THAT,2,true,true,3,false
LTCUSDT,623,2,2,BELOW,PHA_GIA,CHAN,1,true,true,6,false
LTCUSDT,624,4,2,ABOVE,PHA_GIA,XUYEN_THAT,1,true,true,1,false
LTCUSDT,625,8,2,BELOW,PHA_GIA,XUYEN_THAT,2,true,true,2,false
LTCUSDT,626,2,1,ABOVE,GIU,CHAN,2,false,false,,
LTCUSDT,628,3,2,BELOW,PHA_GIA,XUYEN_THAT,1,true,true,6,false
LTCUSDT,629,6,2,BELOW,PHA_GIA,CHAN,3,true,true,2,false
LTCUSDT,630,2,1,BELOW,GIU,CHAN,4,false,false,,
LTCUSDT,631,14,2,BELOW,XUYEN_THAT,XUYEN_THAT,3,true,false,3,false
LTCUSDT,632,14,2,ABOVE,PHA_GIA,XUYEN_THAT,2,true,true,6,false
LTCUSDT,633,19,2,BELOW,GIU,XUYEN_THAT,2,false,false,,
LTCUSDT,634,6,2,BELOW,PHA_GIA,CHAN,3,true,true,1,false
LTCUSDT,635,14,2,BELOW,XUYEN_THAT,XUYEN_THAT,1,true,false,6,false
LTCUSDT,636,6,2,ABOVE,PHA_GIA,XUYEN_THAT,2,true,true,2,false
LTCUSDT,637,25,2,ABOVE,PHA_GIA,XUYEN_THAT,1,true,true,0,false
LTCUSDT,638,3,2,ABOVE,XUYEN_THAT,XUYEN_THAT,1,true,false,0,false
LTCUSDT,639,7,2,ABOVE,GIU,XUYEN_THAT,2,false,false,,
LTCUSDT,640,3,1,ABOVE,GIU,CHAN,1,false,false,,
LTCUSDT,641,8,2,BELOW,XUYEN_THAT,XUYEN_THAT,2,true,false,1,false
LTCUSDT,642,13,2,BELOW,PHA_GIA,XUYEN_THAT,2,true,true,5,false
LTCUSDT,646,3,2,BELOW,GIU,XUYEN_THAT,2,false,false,,
LTCUSDT,647,7,2,BELOW,XUYEN_THAT,XUYEN_THAT,0,true,false,2,false
LTCUSDT,651,4,2,BELOW,PHA_GIA,CHAN,1,true,true,1,false
LTCUSDT,652,5,2,BELOW,PHA_GIA,XUYEN_THAT,1,true,true,2,false
LTCUSDT,653,13,2,BELOW,PHA_GIA,XUYEN_THAT,2,true,true,1,false
LTCUSDT,654,1,1,BELOW,GIU,CHAN,1,false,false,,
LTCUSDT,656,10,2,BELOW,XUYEN_THAT,XUYEN_THAT,1,true,false,3,false
LTCUSDT,659,4,2,ABOVE,GIU,CHAN,1,false,false,,
LTCUSDT,660,12,2,BELOW,GIU,CHAN,2,false,false,,
LTCUSDT,662,4,2,BELOW,PHA_GIA,CHAN,2,true,true,4,false
LTCUSDT,663,4,2,ABOVE,PHA_GIA,CHAN,1,true,true,1,false
LTCUSDT,664,3,2,BELOW,PHA_GIA,CHAN,1,true,true,3,false
LTCUSDT,665,7,2,ABOVE,PHA_GIA,XUYEN_THAT,1,true,true,1,false
LTCUSDT,666,12,2,ABOVE,PHA_GIA,XUYEN_THAT,3,true,true,3,false
LTCUSDT,668,16,2,BELOW,GIU,XUYEN_THAT,2,false,false,,
LTCUSDT,670,4,2,ABOVE,XUYEN_THAT,XUYEN_THAT,1,true,false,0,false
LTCUSDT,671,6,2,BELOW,XUYEN_THAT,XUYEN_THAT,2,true,false,8,false
LTCUSDT,672,10,2,BELOW,PHA_GIA,XUYEN_THAT,3,true,true,8,false
LTCUSDT,673,7,1,BELOW,GIU,CHAN,0,false,false,,
LTCUSDT,674,3,1,BELOW,GIU,CHAN,1,false,false,,
LTCUSDT,675,9,2,ABOVE,PHA_GIA,XUYEN_THAT,3,true,true,4,false
LTCUSDT,676,4,2,BELOW,GIU,XUYEN_THAT,1,false,false,,
LTCUSDT,678,12,2,BELOW,GIU,XUYEN_THAT,3,false,false,,
LTCUSDT,679,5,1,BELOW,GIU,CHAN,2,false,false,,
LTCUSDT,680,5,1,BELOW,GIU,CHAN,3,false,false,,
LTCUSDT,681,15,2,BELOW,PHA_GIA,CHAN,2,true,true,4,false
LTCUSDT,683,4,2,BELOW,PHA_GIA,XUYEN_THAT,3,true,true,2,false
LTCUSDT,684,3,1,ABOVE,GIU,CHAN,1,false,false,,
LTCUSDT,685,6,2,BELOW,PHA_GIA,XUYEN_THAT,2,true,true,2,false
LTCUSDT,686,2,1,BELOW,PHA_GIA,CHAN,1,true,true,0,false
LTCUSDT,687,20,2,ABOVE,XUYEN_THAT,XUYEN_THAT,3,true,false,2,false
LTCUSDT,688,5,2,BELOW,GIU,CHAN,3,false,false,,
LTCUSDT,689,1,1,ABOVE,PHA_GIA,CHAN,1,true,true,2,false
LTCUSDT,690,6,1,BELOW,GIU,CHAN,3,false,false,,
LTCUSDT,691,4,2,BELOW,PHA_GIA,CHAN,3,true,true,3,false
LTCUSDT,692,4,1,ABOVE,GIU,CHAN,4,false,false,,
LTCUSDT,693,17,2,ABOVE,XUYEN_THAT,XUYEN_THAT,0,true,false,3,false
LTCUSDT,694,8,2,ABOVE,GIU,CHAN,2,false,false,,
LTCUSDT,695,6,2,BELOW,XUYEN_THAT,XUYEN_THAT,3,true,false,0,false
LTCUSDT,696,25,2,ABOVE,GIU,XUYEN_THAT,1,false,false,,
LTCUSDT,697,26,2,BELOW,XUYEN_THAT,XUYEN_THAT,4,true,false,6,false
LTCUSDT,698,18,2,BELOW,GIU,XUYEN_THAT,3,false,false,,
LTCUSDT,699,3,2,BELOW,PHA_GIA,CHAN,1,true,true,1,false
LTCUSDT,700,16,2,ABOVE,GIU,XUYEN_THAT,2,false,false,,
LTCUSDT,702,3,1,BELOW,GIU,CHAN,2,false,false,,
LTCUSDT,703,3,1,BELOW,GIU,CHAN,2,false,false,,
LTCUSDT,704,8,2,BELOW,GIU,CHAN,2,false,false,,
LTCUSDT,705,13,2,ABOVE,GIU,XUYEN_THAT,1,false,false,,
LTCUSDT,706,20,2,ABOVE,GIU,XUYEN_THAT,2,false,false,,
LTCUSDT,707,6,2,BELOW,XUYEN_THAT,XUYEN_THAT,2,true,false,4,false
LTCUSDT,708,6,2,ABOVE,PHA_GIA,XUYEN_THAT,3,true,true,8,false
LTCUSDT,709,8,2,BELOW,GIU,XUYEN_THAT,0,false,false,,
LTCUSDT,710,14,2,BELOW,XUYEN_THAT,XUYEN_THAT,2,true,false,2,false
LTCUSDT,711,2,1,BELOW,XUYEN_THAT,XUYEN_THAT,1,true,false,4,false
LTCUSDT,712,11,2,ABOVE,GIU,XUYEN_THAT,0,false,false,,
LTCUSDT,714,6,2,BELOW,XUYEN_THAT,XUYEN_THAT,1,true,false,3,false
LTCUSDT,715,3,1,ABOVE,PHA_GIA,CHAN,1,true,true,0,false
LTCUSDT,716,1,1,BELOW,GIU,CHAN,3,false,false,,
LTCUSDT,717,30,2,ABOVE,GIU,XUYEN_THAT,1,false,false,,
LTCUSDT,718,11,2,ABOVE,PHA_GIA,XUYEN_THAT,1,true,true,0,false
LTCUSDT,719,3,2,BELOW,PHA_GIA,XUYEN_THAT,2,true,true,1,false
LTCUSDT,720,10,2,ABOVE,GIU,XUYEN_THAT,2,false,false,,
LTCUSDT,721,5,2,ABOVE,XUYEN_THAT,XUYEN_THAT,0,true,false,7,false
LTCUSDT,722,6,2,BELOW,PHA_GIA,XUYEN_THAT,4,true,true,8,false
LTCUSDT,723,18,2,BELOW,PHA_GIA,XUYEN_THAT,1,true,true,6,false
LTCUSDT,724,4,2,ABOVE,GIU,CHAN,1,false,false,,
LTCUSDT,725,5,2,ABOVE,XUYEN_THAT,XUYEN_THAT,3,true,false,2,false
LTCUSDT,727,9,2,ABOVE,PHA_GIA,XUYEN_THAT,0,true,true,2,false
LTCUSDT,728,18,2,ABOVE,GIU,XUYEN_THAT,0,false,false,,
LTCUSDT,729,7,2,BELOW,XUYEN_THAT,XUYEN_THAT,3,true,false,3,false
LTCUSDT,730,3,2,ABOVE,PHA_GIA,CHAN,2,true,true,2,false
LTCUSDT,731,9,2,ABOVE,PHA_GIA,XUYEN_THAT,1,true,true,0,false
LTCUSDT,732,2,1,BELOW,GIU,CHAN,3,false,false,,
LTCUSDT,734,14,2,BELOW,GIU,XUYEN_THAT,1,false,false,,
LTCUSDT,736,2,2,BELOW,PHA_GIA,CHAN,3,true,true,4,false
LTCUSDT,738,35,2,BELOW,PHA_GIA,XUYEN_THAT,3,true,true,3,false
LTCUSDT,739,2,1,BELOW,XUYEN_THAT,XUYEN_THAT,0,true,false,2,false
LTCUSDT,741,4,2,BELOW,GIU,XUYEN_THAT,2,false,false,,
LTCUSDT,742,38,2,ABOVE,PHA_GIA,XUYEN_THAT,3,true,true,3,false
LTCUSDT,743,1,1,ABOVE,PHA_GIA,CHAN,2,true,true,3,false
LTCUSDT,744,10,2,BELOW,GIU,XUYEN_THAT,3,false,false,,
LTCUSDT,745,4,2,ABOVE,GIU,XUYEN_THAT,2,false,false,,
LTCUSDT,746,23,2,BELOW,PHA_GIA,XUYEN_THAT,2,true,true,0,false
LTCUSDT,747,8,2,BELOW,PHA_GIA,XUYEN_THAT,3,true,true,3,false
LTCUSDT,748,17,2,ABOVE,XUYEN_THAT,XUYEN_THAT,3,true,false,1,false
LTCUSDT,750,19,2,BELOW,PHA_GIA,XUYEN_THAT,2,true,true,1,false
LTCUSDT,751,48,2,BELOW,GIU,XUYEN_THAT,3,false,false,,
LTCUSDT,752,1,1,BELOW,PHA_GIA,CHAN,0,true,true,0,false
LTCUSDT,755,19,2,ABOVE,PHA_GIA,XUYEN_THAT,3,true,true,1,false
LTCUSDT,756,5,2,ABOVE,XUYEN_THAT,XUYEN_THAT,1,true,false,0,false
LTCUSDT,757,3,1,BELOW,GIU,CHAN,2,false,false,,
LTCUSDT,759,3,1,BELOW,PHA_GIA,CHAN,2,true,true,8,false
LTCUSDT,760,1,1,BELOW,GIU,CHAN,1,false,false,,
LTCUSDT,761,18,2,ABOVE,XUYEN_THAT,XUYEN_THAT,1,true,false,1,false
LTCUSDT,763,9,2,BELOW,PHA_GIA,XUYEN_THAT,2,true,true,1,false
LTCUSDT,764,40,2,ABOVE,GIU,XUYEN_THAT,2,false,false,,
LTCUSDT,765,6,2,ABOVE,PHA_GIA,CHAN,3,true,true,8,false
LTCUSDT,766,17,2,ABOVE,PHA_GIA,XUYEN_THAT,2,true,true,7,false
LTCUSDT,769,4,2,BELOW,PHA_GIA,XUYEN_THAT,2,true,true,1,false
LTCUSDT,770,5,2,BELOW,GIU,XUYEN_THAT,2,false,false,,
LTCUSDT,771,4,2,ABOVE,GIU,XUYEN_THAT,3,false,false,,
LTCUSDT,772,19,2,BELOW,GIU,XUYEN_THAT,0,false,false,,
LTCUSDT,773,1,1,ABOVE,XUYEN_THAT,XUYEN_THAT,3,true,false,0,false
LTCUSDT,774,5,2,BELOW,GIU,XUYEN_THAT,3,false,false,,
LTCUSDT,775,4,2,ABOVE,GIU,XUYEN_THAT,2,false,false,,
LTCUSDT,777,4,1,BELOW,GIU,CHAN,2,false,false,,
LTCUSDT,778,1,1,BELOW,PHA_GIA,CHAN,1,true,true,1,false
LTCUSDT,779,10,2,ABOVE,PHA_GIA,XUYEN_THAT,1,true,true,5,false
LTCUSDT,780,7,1,BELOW,GIU,CHAN,3,false,false,,
LTCUSDT,781,17,2,ABOVE,PHA_GIA,XUYEN_THAT,3,true,true,6,false
LTCUSDT,782,1,1,BELOW,GIU,CHAN,3,false,false,,
LTCUSDT,783,1,1,ABOVE,GIU,CHAN,1,false,false,,
LTCUSDT,785,17,2,BELOW,GIU,XUYEN_THAT,1,false,false,,
LTCUSDT,786,2,1,ABOVE,GIU,CHAN,1,false,false,,
LTCUSDT,787,2,1,BELOW,GIU,CHAN,1,false,false,,
LTCUSDT,790,2,2,BELOW,PHA_GIA,CHAN,2,true,true,2,false
LTCUSDT,791,18,2,BELOW,GIU,XUYEN_THAT,1,false,false,,
LTCUSDT,792,1,1,ABOVE,GIU,CHAN,4,false,false,,
LTCUSDT,793,2,2,BELOW,XUYEN_THAT,XUYEN_THAT,0,true,false,0,false
LTCUSDT,794,8,2,BELOW,XUYEN_THAT,XUYEN_THAT,0,true,false,3,false
LTCUSDT,795,41,2,BELOW,GIU,XUYEN_THAT,4,false,false,,
LTCUSDT,796,8,2,BELOW,PHA_GIA,XUYEN_THAT,1,true,true,2,false
LTCUSDT,797,5,2,BELOW,XUYEN_THAT,XUYEN_THAT,1,true,false,0,false
LTCUSDT,799,18,2,BELOW,GIU,XUYEN_THAT,2,false,false,,
LTCUSDT,800,5,1,BELOW,GIU,CHAN,0,false,false,,
LTCUSDT,802,18,2,ABOVE,PHA_GIA,XUYEN_THAT,1,true,true,0,false
LTCUSDT,803,2,1,ABOVE,XUYEN_THAT,XUYEN_THAT,3,true,false,3,false
LTCUSDT,804,8,2,BELOW,GIU,XUYEN_THAT,3,false,false,,
LTCUSDT,805,5,2,ABOVE,PHA_GIA,CHAN,2,true,true,4,false
LTCUSDT,806,4,1,BELOW,PHA_GIA,CHAN,2,true,true,0,false
LTCUSDT,807,1,1,ABOVE,GIU,CHAN,1,false,false,,
LTCUSDT,808,9,2,BELOW,XUYEN_THAT,XUYEN_THAT,0,true,false,5,false
LTCUSDT,809,4,1,ABOVE,GIU,CHAN,2,false,false,,
LTCUSDT,810,2,1,BELOW,GIU,CHAN,2,false,false,,
LTCUSDT,811,6,1,ABOVE,GIU,XUYEN_THAT,3,false,false,,
LTCUSDT,812,8,2,ABOVE,XUYEN_THAT,XUYEN_THAT,0,true,false,0,false
LTCUSDT,813,4,1,BELOW,GIU,XUYEN_THAT,2,false,false,,
LTCUSDT,814,10,2,ABOVE,PHA_GIA,XUYEN_THAT,2,true,true,2,false
LTCUSDT,815,7,1,ABOVE,GIU,CHAN,4,false,false,,
LTCUSDT,816,6,2,BELOW,GIU,XUYEN_THAT,1,false,false,,
LTCUSDT,817,10,2,BELOW,GIU,XUYEN_THAT,2,false,false,,
LTCUSDT,818,10,2,BELOW,XUYEN_THAT,XUYEN_THAT,1,true,false,0,false
LTCUSDT,819,4,2,BELOW,PHA_GIA,XUYEN_THAT,2,true,true,2,false
LTCUSDT,820,4,2,BELOW,PHA_GIA,CHAN,2,true,true,1,false
LTCUSDT,821,7,2,BELOW,GIU,XUYEN_THAT,3,false,false,,
LTCUSDT,823,17,2,BELOW,GIU,CHAN,1,false,false,,
LTCUSDT,824,7,2,BELOW,PHA_GIA,XUYEN_THAT,2,true,true,8,false
LTCUSDT,825,3,1,BELOW,GIU,CHAN,3,false,false,,
LTCUSDT,826,2,2,BELOW,PHA_GIA,CHAN,2,true,true,6,false
LTCUSDT,828,20,2,ABOVE,PHA_GIA,XUYEN_THAT,2,true,true,2,false
LTCUSDT,830,10,2,ABOVE,XUYEN_THAT,XUYEN_THAT,0,true,false,7,false
LTCUSDT,831,9,2,BELOW,GIU,XUYEN_THAT,1,false,false,,
LTCUSDT,833,6,2,ABOVE,GIU,XUYEN_THAT,2,false,false,,
LTCUSDT,834,4,1,BELOW,GIU,CHAN,1,false,false,,
LTCUSDT,835,7,2,ABOVE,XUYEN_THAT,XUYEN_THAT,0,true,false,1,false
LTCUSDT,836,30,2,BELOW,PHA_GIA,XUYEN_THAT,2,true,true,1,false
LTCUSDT,837,18,2,ABOVE,GIU,XUYEN_THAT,2,false,false,,
LTCUSDT,838,17,2,BELOW,XUYEN_THAT,XUYEN_THAT,2,true,false,8,false
LTCUSDT,839,15,2,BELOW,XUYEN_THAT,XUYEN_THAT,1,true,false,1,false
LTCUSDT,840,4,2,ABOVE,XUYEN_THAT,XUYEN_THAT,1,true,false,0,false
LTCUSDT,841,17,2,BELOW,GIU,XUYEN_THAT,2,false,false,,
LTCUSDT,842,4,2,ABOVE,PHA_GIA,CHAN,3,true,true,7,true
LTCUSDT,843,2,1,BELOW,GIU,CHAN,3,false,false,,
LTCUSDT,844,4,2,BELOW,PHA_GIA,XUYEN_THAT,1,true,true,5,false
LTCUSDT,845,9,2,BELOW,GIU,CHAN,2,false,false,,
LTCUSDT,846,9,2,BELOW,XUYEN_THAT,XUYEN_THAT,0,true,false,0,false
LTCUSDT,847,11,2,BELOW,GIU,XUYEN_THAT,3,false,false,,
LTCUSDT,848,3,1,BELOW,GIU,CHAN,2,false,false,,
LTCUSDT,849,3,2,ABOVE,XUYEN_THAT,XUYEN_THAT,0,true,false,0,false
LTCUSDT,851,8,2,BELOW,XUYEN_THAT,XUYEN_THAT,0,true,false,1,false
LTCUSDT,852,12,2,ABOVE,PHA_GIA,XUYEN_THAT,0,true,true,4,false
LTCUSDT,854,1,1,BELOW,GIU,CHAN,1,false,false,,
LTCUSDT,855,19,2,BELOW,PHA_GIA,XUYEN_THAT,3,true,true,4,false
LTCUSDT,856,18,2,BELOW,PHA_GIA,XUYEN_THAT,1,true,true,8,false
LTCUSDT,857,2,2,BELOW,PHA_GIA,CHAN,1,true,true,2,false
LTCUSDT,858,6,2,BELOW,PHA_GIA,XUYEN_THAT,3,true,true,2,false
LTCUSDT,859,16,2,BELOW,XUYEN_THAT,XUYEN_THAT,1,true,false,6,true
LTCUSDT,860,21,2,ABOVE,XUYEN_THAT,XUYEN_THAT,1,true,false,4,false
LTCUSDT,861,2,1,BELOW,GIU,CHAN,3,false,false,,
LTCUSDT,862,2,1,BELOW,PHA_GIA,CHAN,3,true,true,5,false
LTCUSDT,863,12,2,BELOW,XUYEN_THAT,XUYEN_THAT,2,true,false,1,false
LTCUSDT,864,2,2,BELOW,XUYEN_THAT,XUYEN_THAT,2,true,false,0,false
LTCUSDT,865,20,2,ABOVE,GIU,XUYEN_THAT,3,false,false,,
LTCUSDT,867,6,2,ABOVE,GIU,XUYEN_THAT,3,false,false,,
LTCUSDT,868,2,1,BELOW,GIU,CHAN,3,false,false,,
LTCUSDT,869,6,2,BELOW,GIU,XUYEN_THAT,1,false,false,,
LTCUSDT,871,25,2,BELOW,GIU,XUYEN_THAT,1,false,false,,
LTCUSDT,873,13,2,BELOW,GIU,XUYEN_THAT,0,false,false,,
LTCUSDT,874,4,1,BELOW,GIU,CHAN,1,false,false,,
LTCUSDT,875,13,2,ABOVE,GIU,CHAN,5,false,false,,
LTCUSDT,876,1,1,BELOW,PHA_GIA,CHAN,1,true,true,1,false
LTCUSDT,877,5,2,ABOVE,GIU,XUYEN_THAT,1,false,false,,
LTCUSDT,880,5,1,ABOVE,GIU,CHAN,4,false,false,,
LTCUSDT,881,2,1,ABOVE,PHA_GIA,CHAN,1,true,true,3,false
LTCUSDT,882,18,2,BELOW,PHA_GIA,XUYEN_THAT,3,true,true,5,false
LTCUSDT,884,4,2,ABOVE,PHA_GIA,XUYEN_THAT,2,true,true,6,false
LTCUSDT,885,2,1,BELOW,PHA_GIA,CHAN,3,true,true,6,false
LTCUSDT,886,19,2,ABOVE,PHA_GIA,XUYEN_THAT,2,true,true,2,false
LTCUSDT,887,1,1,ABOVE,GIU,CHAN,4,false,false,,
LTCUSDT,888,17,2,BELOW,XUYEN_THAT,XUYEN_THAT,1,true,false,1,false
LTCUSDT,889,3,1,BELOW,GIU,CHAN,3,false,false,,
LTCUSDT,891,17,2,ABOVE,GIU,XUYEN_THAT,1,false,false,,
LTCUSDT,892,15,2,ABOVE,PHA_GIA,XUYEN_THAT,1,true,true,7,false
LTCUSDT,893,19,2,ABOVE,XUYEN_THAT,XUYEN_THAT,0,true,false,2,false
LTCUSDT,895,8,2,BELOW,XUYEN_THAT,XUYEN_THAT,2,true,false,2,false
LTCUSDT,896,1,1,ABOVE,GIU,CHAN,2,false,false,,
LTCUSDT,897,3,2,ABOVE,PHA_GIA,XUYEN_THAT,0,true,true,3,false
LTCUSDT,898,10,1,BELOW,GIU,CHAN,2,false,false,,
LTCUSDT,901,3,2,BELOW,GIU,XUYEN_THAT,0,false,false,,
LTCUSDT,902,1,1,BELOW,GIU,CHAN,2,false,false,,
LTCUSDT,904,7,2,ABOVE,PHA_GIA,CHAN,1,true,true,1,false
LTCUSDT,905,1,1,ABOVE,XUYEN_THAT,XUYEN_THAT,2,true,false,1,false
LTCUSDT,906,9,2,ABOVE,GIU,XUYEN_THAT,1,false,false,,
LTCUSDT,907,10,1,BELOW,GIU,CHAN,1,false,false,,
LTCUSDT,908,17,2,ABOVE,XUYEN_THAT,XUYEN_THAT,3,true,false,2,false
LTCUSDT,909,2,1,ABOVE,PHA_GIA,CHAN,2,true,true,5,false
LTCUSDT,910,29,2,ABOVE,GIU,XUYEN_THAT,2,false,false,,
LTCUSDT,912,1,1,BELOW,GIU,CHAN,1,false,false,,
LTCUSDT,913,2,2,ABOVE,XUYEN_THAT,XUYEN_THAT,0,true,false,0,false
LTCUSDT,914,12,2,BELOW,PHA_GIA,XUYEN_THAT,3,true,true,2,false
LTCUSDT,915,3,1,ABOVE,GIU,CHAN,1,false,false,,
LTCUSDT,916,12,2,ABOVE,GIU,XUYEN_THAT,2,false,false,,
LTCUSDT,917,9,1,BELOW,GIU,CHAN,1,false,false,,
LTCUSDT,918,7,2,ABOVE,GIU,XUYEN_THAT,1,false,false,,
LTCUSDT,919,7,2,BELOW,PHA_GIA,XUYEN_THAT,3,true,true,8,false
LTCUSDT,921,6,2,ABOVE,XUYEN_THAT,XUYEN_THAT,3,true,false,5,false
LTCUSDT,922,3,1,BELOW,GIU,CHAN,2,false,false,,
LTCUSDT,923,13,2,ABOVE,GIU,XUYEN_THAT,3,false,false,,
LTCUSDT,924,8,2,BELOW,XUYEN_THAT,XUYEN_THAT,2,true,false,3,false
LTCUSDT,925,5,2,BELOW,GIU,XUYEN_THAT,3,false,false,,
LTCUSDT,926,7,2,ABOVE,PHA_GIA,XUYEN_THAT,1,true,true,0,false
LTCUSDT,927,4,2,BELOW,XUYEN_THAT,XUYEN_THAT,1,true,false,2,false
LTCUSDT,928,9,2,ABOVE,PHA_GIA,XUYEN_THAT,3,true,true,3,false
LTCUSDT,930,1,1,ABOVE,GIU,CHAN,0,false,false,,
LTCUSDT,931,22,2,ABOVE,GIU,XUYEN_THAT,2,false,false,,
LTCUSDT,932,5,2,BELOW,XUYEN_THAT,XUYEN_THAT,4,true,false,6,false
LTCUSDT,933,4,2,BELOW,PHA_GIA,CHAN,2,true,true,3,false
LTCUSDT,934,6,2,ABOVE,GIU,CHAN,2,false,false,,
LTCUSDT,937,16,2,BELOW,XUYEN_THAT,XUYEN_THAT,2,true,false,1,false
LTCUSDT,938,9,2,ABOVE,GIU,XUYEN_THAT,2,false,false,,
LTCUSDT,939,10,2,ABOVE,PHA_GIA,XUYEN_THAT,1,true,true,3,false
LTCUSDT,940,9,2,ABOVE,PHA_GIA,XUYEN_THAT,2,true,true,1,false
LTCUSDT,941,1,1,BELOW,GIU,CHAN,3,false,false,,
LTCUSDT,942,25,2,ABOVE,XUYEN_THAT,XUYEN_THAT,1,true,false,2,false
LTCUSDT,943,4,2,BELOW,XUYEN_THAT,XUYEN_THAT,0,true,false,7,false
LTCUSDT,944,5,2,BELOW,XUYEN_THAT,XUYEN_THAT,2,true,false,6,false
LTCUSDT,946,13,2,ABOVE,PHA_GIA,XUYEN_THAT,2,true,true,1,false
LTCUSDT,947,27,2,ABOVE,PHA_GIA,XUYEN_THAT,0,true,true,5,false
LTCUSDT,948,12,2,BELOW,XUYEN_THAT,XUYEN_THAT,1,true,false,2,false
LTCUSDT,949,13,2,ABOVE,GIU,CHAN,2,false,false,,
LTCUSDT,951,37,2,BELOW,GIU,XUYEN_THAT,1,false,false,,
LTCUSDT,952,2,1,ABOVE,XUYEN_THAT,XUYEN_THAT,2,true,false,4,false
LTCUSDT,953,2,2,BELOW,PHA_GIA,CHAN,1,true,true,0,false
LTCUSDT,954,10,2,ABOVE,GIU,XUYEN_THAT,1,false,false,,
LTCUSDT,955,2,1,BELOW,GIU,CHAN,2,false,false,,
LTCUSDT,956,2,1,BELOW,GIU,CHAN,1,false,false,,
LTCUSDT,957,2,1,ABOVE,GIU,CHAN,2,false,false,,
LTCUSDT,958,4,2,BELOW,XUYEN_THAT,XUYEN_THAT,1,true,false,4,false
LTCUSDT,959,6,2,ABOVE,GIU,CHAN,3,false,false,,
LTCUSDT,960,6,2,BELOW,GIU,XUYEN_THAT,1,false,false,,
LTCUSDT,961,22,2,BELOW,XUYEN_THAT,XUYEN_THAT,1,true,false,4,false
LTCUSDT,962,6,2,ABOVE,PHA_GIA,XUYEN_THAT,2,true,true,4,false
LTCUSDT,963,11,2,ABOVE,GIU,XUYEN_THAT,2,false,false,,
LTCUSDT,964,2,1,ABOVE,GIU,CHAN,3,false,false,,
LTCUSDT,965,23,2,ABOVE,GIU,XUYEN_THAT,3,false,false,,
LTCUSDT,966,10,2,BELOW,GIU,XUYEN_THAT,3,false,false,,
LTCUSDT,967,7,2,BELOW,GIU,XUYEN_THAT,2,false,false,,
LTCUSDT,968,41,2,BELOW,PHA_GIA,XUYEN_THAT,4,true,true,3,false
LTCUSDT,973,9,2,ABOVE,XUYEN_THAT,XUYEN_THAT,2,true,false,1,false
LTCUSDT,974,8,2,BELOW,XUYEN_THAT,XUYEN_THAT,0,true,false,2,false
LTCUSDT,976,9,2,ABOVE,XUYEN_THAT,XUYEN_THAT,1,true,false,5,false
LTCUSDT,977,2,1,BELOW,GIU,CHAN,3,false,false,,
LTCUSDT,978,16,2,BELOW,PHA_GIA,XUYEN_THAT,1,true,true,8,false
LTCUSDT,981,10,2,ABOVE,PHA_GIA,XUYEN_THAT,0,true,true,5,false
LTCUSDT,982,2,1,BELOW,GIU,CHAN,4,false,false,,
LTCUSDT,983,9,2,ABOVE,PHA_GIA,XUYEN_THAT,1,true,true,5,false
LTCUSDT,984,7,2,ABOVE,XUYEN_THAT,XUYEN_THAT,0,true,false,1,false
LTCUSDT,985,1,1,BELOW,PHA_GIA,CHAN,1,true,true,1,false
LTCUSDT,986,39,2,ABOVE,GIU,XUYEN_THAT,3,false,false,,
LTCUSDT,987,6,2,BELOW,PHA_GIA,CHAN,2,true,true,3,false
LTCUSDT,988,3,2,ABOVE,PHA_GIA,CHAN,0,true,true,0,false
LTCUSDT,989,17,2,BELOW,PHA_GIA,XUYEN_THAT,3,true,true,6,false
LTCUSDT,990,1,1,ABOVE,GIU,CHAN,1,false,false,,
LTCUSDT,991,4,2,BELOW,GIU,XUYEN_THAT,2,false,false,,
LTCUSDT,992,1,1,BELOW,GIU,CHAN,1,false,false,,
LTCUSDT,993,1,1,ABOVE,GIU,CHAN,1,false,false,,
LTCUSDT,995,7,2,BELOW,PHA_GIA,XUYEN_THAT,2,true,true,1,false
LTCUSDT,996,19,2,ABOVE,XUYEN_THAT,XUYEN_THAT,1,true,false,4,false
LTCUSDT,998,10,2,BELOW,GIU,XUYEN_THAT,3,false,false,,
LTCUSDT,999,1,1,BELOW,GIU,CHAN,4,false,false,,
LTCUSDT,1000,10,2,ABOVE,XUYEN_THAT,XUYEN_THAT,0,true,false,0,false
LTCUSDT,1002,17,2,ABOVE,XUYEN_THAT,XUYEN_THAT,3,true,false,5,false
LTCUSDT,1003,7,2,BELOW,GIU,XUYEN_THAT,1,false,false,,
LTCUSDT,1004,14,2,BELOW,GIU,XUYEN_THAT,0,false,false,,
LTCUSDT,1005,1,1,ABOVE,GIU,CHAN,3,false,false,,
LTCUSDT,1006,22,2,BELOW,XUYEN_THAT,XUYEN_THAT,2,true,false,3,false
LTCUSDT,1009,53,2,ABOVE,PHA_GIA,XUYEN_THAT,1,true,true,5,false
LTCUSDT,1011,9,2,ABOVE,PHA_GIA,CHAN,0,true,true,6,false
LTCUSDT,1015,19,2,BELOW,GIU,XUYEN_THAT,0,false,false,,
LTCUSDT,1016,3,1,ABOVE,XUYEN_THAT,XUYEN_THAT,1,true,false,5,false
LTCUSDT,1017,4,2,BELOW,XUYEN_THAT,XUYEN_THAT,0,true,false,5,false
LTCUSDT,1018,9,2,BELOW,XUYEN_THAT,XUYEN_THAT,0,true,false,1,false
LTCUSDT,1019,6,2,ABOVE,GIU,XUYEN_THAT,2,false,false,,
LTCUSDT,1020,2,1,ABOVE,GIU,CHAN,3,false,false,,
LTCUSDT,1021,4,2,ABOVE,PHA_GIA,XUYEN_THAT,1,true,true,3,false
LTCUSDT,1022,3,1,ABOVE,PHA_GIA,CHAN,3,true,true,4,false
LTCUSDT,1023,2,2,ABOVE,PHA_GIA,CHAN,1,true,true,0,false
LTCUSDT,1024,3,2,ABOVE,PHA_GIA,XUYEN_THAT,2,true,true,2,false
LTCUSDT,1025,9,2,BELOW,XUYEN_THAT,XUYEN_THAT,1,true,false,1,false
LTCUSDT,1026,2,1,ABOVE,GIU,CHAN,3,false,false,,
LTCUSDT,1027,7,2,BELOW,XUYEN_THAT,XUYEN_THAT,0,true,false,1,false
LTCUSDT,1028,1,1,ABOVE,XUYEN_THAT,XUYEN_THAT,1,true,false,2,false
LTCUSDT,1030,32,2,ABOVE,XUYEN_THAT,XUYEN_THAT,0,true,false,2,false
LTCUSDT,1031,1,1,BELOW,GIU,CHAN,1,false,false,,
LTCUSDT,1032,8,2,BELOW,PHA_GIA,XUYEN_THAT,2,true,true,4,false
LTCUSDT,1033,2,1,BELOW,GIU,CHAN,3,false,false,,
LTCUSDT,1034,7,2,ABOVE,XUYEN_THAT,XUYEN_THAT,3,true,false,2,false
LTCUSDT,1036,18,2,BELOW,PHA_GIA,XUYEN_THAT,3,true,true,2,false
LTCUSDT,1037,5,1,BELOW,XUYEN_THAT,XUYEN_THAT,3,true,false,7,false
LTCUSDT,1039,35,2,BELOW,GIU,XUYEN_THAT,0,false,false,,
LTCUSDT,1040,20,2,BELOW,XUYEN_THAT,XUYEN_THAT,1,true,false,0,false
LTCUSDT,1043,10,2,ABOVE,XUYEN_THAT,XUYEN_THAT,2,true,false,8,false
LTCUSDT,1045,9,2,BELOW,XUYEN_THAT,XUYEN_THAT,0,true,false,0,false
LTCUSDT,1046,17,2,ABOVE,PHA_GIA,CHAN,2,true,true,2,false
LTCUSDT,1047,5,1,ABOVE,GIU,CHAN,1,false,false,,
LTCUSDT,1048,3,1,BELOW,GIU,CHAN,1,false,false,,
LTCUSDT,1049,1,1,BELOW,GIU,CHAN,2,false,false,,
LTCUSDT,1051,31,2,ABOVE,XUYEN_THAT,XUYEN_THAT,1,true,false,1,false
LTCUSDT,1052,11,2,BELOW,GIU,XUYEN_THAT,1,false,false,,
LTCUSDT,1053,1,1,BELOW,GIU,CHAN,0,false,false,,
LTCUSDT,1054,26,2,ABOVE,GIU,XUYEN_THAT,0,false,false,,
LTCUSDT,1055,10,2,BELOW,GIU,CHAN,2,false,false,,
LTCUSDT,1056,10,2,BELOW,PHA_GIA,XUYEN_THAT,2,true,true,0,false
LTCUSDT,1057,9,2,ABOVE,XUYEN_THAT,XUYEN_THAT,3,true,false,3,false
LTCUSDT,1058,9,2,ABOVE,XUYEN_THAT,XUYEN_THAT,2,true,false,2,false
LTCUSDT,1059,14,2,ABOVE,GIU,XUYEN_THAT,2,false,false,,
LTCUSDT,1060,22,2,BELOW,XUYEN_THAT,XUYEN_THAT,0,true,false,0,false
LTCUSDT,1061,6,2,BELOW,PHA_GIA,XUYEN_THAT,1,true,true,2,false
LTCUSDT,1062,51,2,BELOW,PHA_GIA,XUYEN_THAT,2,true,true,3,false
LTCUSDT,1063,6,2,ABOVE,XUYEN_THAT,XUYEN_THAT,3,true,false,0,false
LTCUSDT,1064,3,2,ABOVE,GIU,CHAN,2,false,false,,
LTCUSDT,1065,9,2,ABOVE,GIU,XUYEN_THAT,2,false,false,,
LTCUSDT,1067,2,1,BELOW,GIU,CHAN,1,false,false,,
LTCUSDT,1068,8,2,ABOVE,GIU,XUYEN_THAT,1,false,false,,
LTCUSDT,1069,23,2,BELOW,GIU,XUYEN_THAT,3,false,false,,
LTCUSDT,1072,1,1,ABOVE,GIU,CHAN,2,false,false,,
LTCUSDT,1073,4,1,BELOW,GIU,CHAN,0,false,false,,
LTCUSDT,1074,19,2,BELOW,PHA_GIA,XUYEN_THAT,1,true,true,3,false
LTCUSDT,1075,1,1,BELOW,GIU,CHAN,2,false,false,,
LTCUSDT,1076,6,1,BELOW,GIU,CHAN,2,false,false,,
LTCUSDT,1077,1,1,BELOW,GIU,CHAN,3,false,false,,
LTCUSDT,1078,5,2,BELOW,GIU,CHAN,3,false,false,,
LTCUSDT,1080,2,1,BELOW,GIU,CHAN,1,false,false,,
LTCUSDT,1081,5,2,ABOVE,PHA_GIA,XUYEN_THAT,1,true,true,1,false
LTCUSDT,1082,19,2,ABOVE,GIU,XUYEN_THAT,2,false,false,,
LTCUSDT,1083,6,2,ABOVE,PHA_GIA,XUYEN_THAT,1,true,true,5,false
LTCUSDT,1084,2,1,BELOW,GIU,CHAN,1,false,false,,
LTCUSDT,1086,16,2,ABOVE,PHA_GIA,XUYEN_THAT,2,true,true,6,true
LTCUSDT,1087,23,2,BELOW,GIU,XUYEN_THAT,3,false,false,,
LTCUSDT,1089,3,1,BELOW,GIU,CHAN,2,false,false,,
LTCUSDT,1090,1,1,BELOW,GIU,CHAN,3,false,false,,
LTCUSDT,1093,9,2,BELOW,PHA_GIA,XUYEN_THAT,2,true,true,0,false
LTCUSDT,1095,1,1,ABOVE,GIU,CHAN,1,false,false,,
LTCUSDT,1096,1,1,BELOW,GIU,CHAN,2,false,false,,
LTCUSDT,1099,8,1,ABOVE,XUYEN_THAT,XUYEN_THAT,1,true,false,1,false
LTCUSDT,1100,21,2,BELOW,GIU,XUYEN_THAT,3,false,false,,
LTCUSDT,1101,15,2,BELOW,PHA_GIA,XUYEN_THAT,3,true,true,4,false
LTCUSDT,1102,7,2,BELOW,PHA_GIA,XUYEN_THAT,0,true,true,1,false
LTCUSDT,1103,6,2,BELOW,PHA_GIA,XUYEN_THAT,2,true,true,8,false
LTCUSDT,1104,2,1,ABOVE,GIU,CHAN,2,false,false,,
LTCUSDT,1105,12,2,ABOVE,PHA_GIA,XUYEN_THAT,0,true,true,8,false
LTCUSDT,1106,22,2,BELOW,XUYEN_THAT,XUYEN_THAT,2,true,false,4,false
LTCUSDT,1107,16,2,ABOVE,GIU,XUYEN_THAT,3,false,false,,
LTCUSDT,1108,2,1,ABOVE,GIU,CHAN,2,false,false,,
LTCUSDT,1109,12,2,ABOVE,GIU,XUYEN_THAT,1,false,false,,
LTCUSDT,1111,4,2,BELOW,XUYEN_THAT,XUYEN_THAT,2,true,false,3,false
LTCUSDT,1112,6,2,ABOVE,GIU,CHAN,1,false,false,,
LTCUSDT,1115,1,1,ABOVE,XUYEN_THAT,XUYEN_THAT,1,true,false,0,false
LTCUSDT,1116,2,1,BELOW,GIU,CHAN,2,false,false,,
LTCUSDT,1117,2,2,BELOW,XUYEN_THAT,XUYEN_THAT,1,true,false,1,false
LTCUSDT,1118,5,2,ABOVE,PHA_GIA,XUYEN_THAT,3,true,true,3,false
LTCUSDT,1119,2,2,BELOW,PHA_GIA,CHAN,0,true,true,0,false
LTCUSDT,1120,6,2,BELOW,PHA_GIA,XUYEN_THAT,0,true,true,1,false
LTCUSDT,1123,8,2,BELOW,GIU,XUYEN_THAT,0,false,false,,
LTCUSDT,1124,3,2,ABOVE,PHA_GIA,CHAN,2,true,true,0,false
LTCUSDT,1125,3,2,BELOW,PHA_GIA,CHAN,1,true,true,1,false
LTCUSDT,1127,11,2,BELOW,GIU,XUYEN_THAT,1,false,false,,
LTCUSDT,1128,24,2,ABOVE,XUYEN_THAT,XUYEN_THAT,2,true,false,1,false
LTCUSDT,1129,1,1,ABOVE,PHA_GIA,CHAN,1,true,true,0,false
LTCUSDT,1130,14,2,ABOVE,XUYEN_THAT,XUYEN_THAT,1,true,false,0,false
LTCUSDT,1131,2,1,ABOVE,GIU,CHAN,4,false,false,,
LTCUSDT,1132,1,1,ABOVE,PHA_GIA,CHAN,1,true,true,6,false
LTCUSDT,1134,10,2,BELOW,GIU,XUYEN_THAT,2,false,false,,
LTCUSDT,1135,4,2,BELOW,XUYEN_THAT,XUYEN_THAT,2,true,false,2,false
LTCUSDT,1136,7,2,BELOW,GIU,XUYEN_THAT,2,false,false,,
LTCUSDT,1137,8,2,ABOVE,GIU,XUYEN_THAT,1,false,false,,
LTCUSDT,1138,12,2,BELOW,GIU,XUYEN_THAT,3,false,false,,
LTCUSDT,1139,14,2,BELOW,PHA_GIA,XUYEN_THAT,3,true,true,6,false
LTCUSDT,1141,8,2,ABOVE,XUYEN_THAT,XUYEN_THAT,0,true,false,3,false
LTCUSDT,1142,2,1,BELOW,GIU,CHAN,1,false,false,,
LTCUSDT,1143,12,2,BELOW,PHA_GIA,XUYEN_THAT,3,true,true,5,false
LTCUSDT,1145,31,2,BELOW,GIU,XUYEN_THAT,1,false,false,,
LTCUSDT,1146,5,2,BELOW,GIU,XUYEN_THAT,2,false,false,,
LTCUSDT,1147,8,2,ABOVE,GIU,CHAN,3,false,false,,
LTCUSDT,1148,7,2,ABOVE,XUYEN_THAT,XUYEN_THAT,1,true,false,2,false
LTCUSDT,1149,14,2,BELOW,GIU,XUYEN_THAT,3,false,false,,
LTCUSDT,1151,9,2,BELOW,XUYEN_THAT,XUYEN_THAT,1,true,false,3,true
LTCUSDT,1152,16,2,BELOW,XUYEN_THAT,XUYEN_THAT,2,true,false,5,false
LTCUSDT,1153,6,2,ABOVE,GIU,XUYEN_THAT,2,false,false,,
LTCUSDT,1154,3,1,ABOVE,XUYEN_THAT,XUYEN_THAT,1,true,false,0,false
LTCUSDT,1155,12,2,BELOW,PHA_GIA,XUYEN_THAT,1,true,true,6,false
LTCUSDT,1156,7,2,BELOW,GIU,CHAN,1,false,false,,
LTCUSDT,1157,6,1,BELOW,GIU,CHAN,2,false,false,,
LTCUSDT,1159,16,2,ABOVE,XUYEN_THAT,XUYEN_THAT,1,true,false,0,false
LTCUSDT,1160,4,2,BELOW,PHA_GIA,XUYEN_THAT,3,true,true,3,false
LTCUSDT,1161,6,2,ABOVE,GIU,XUYEN_THAT,2,false,false,,
LTCUSDT,1162,4,2,BELOW,XUYEN_THAT,XUYEN_THAT,0,true,false,4,false
LTCUSDT,1163,9,2,BELOW,XUYEN_THAT,XUYEN_THAT,0,true,false,0,false
LTCUSDT,1164,1,1,ABOVE,GIU,CHAN,2,false,false,,
LTCUSDT,1165,5,2,ABOVE,PHA_GIA,CHAN,2,true,true,1,false
LTCUSDT,1166,7,1,ABOVE,GIU,CHAN,2,false,false,,
LTCUSDT,1168,5,1,ABOVE,PHA_GIA,CHAN,1,true,true,0,false
LTCUSDT,1169,7,2,BELOW,GIU,XUYEN_THAT,0,false,false,,
LTCUSDT,1170,16,2,BELOW,XUYEN_THAT,XUYEN_THAT,2,true,false,1,false
LTCUSDT,1171,10,2,ABOVE,GIU,XUYEN_THAT,1,false,false,,
LTCUSDT,1172,15,2,ABOVE,PHA_GIA,XUYEN_THAT,0,true,true,0,false
LTCUSDT,1173,18,2,BELOW,GIU,XUYEN_THAT,3,false,false,,
LTCUSDT,1174,10,2,BELOW,GIU,XUYEN_THAT,2,false,false,,
LTCUSDT,1175,14,2,BELOW,PHA_GIA,XUYEN_THAT,3,true,true,5,false
LTCUSDT,1176,4,1,BELOW,GIU,CHAN,2,false,false,,
LTCUSDT,1177,6,2,ABOVE,XUYEN_THAT,XUYEN_THAT,1,true,false,3,false
LTCUSDT,1178,4,2,BELOW,PHA_GIA,XUYEN_THAT,0,true,true,0,false
LTCUSDT,1179,6,2,BELOW,GIU,XUYEN_THAT,1,false,false,,
LTCUSDT,1181,10,2,ABOVE,PHA_GIA,CHAN,0,true,true,5,false
LTCUSDT,1182,3,2,ABOVE,XUYEN_THAT,XUYEN_THAT,3,true,false,1,false
LTCUSDT,1183,6,1,ABOVE,GIU,CHAN,1,false,false,,
LTCUSDT,1184,4,2,ABOVE,GIU,CHAN,2,false,false,,
LTCUSDT,1185,6,2,BELOW,PHA_GIA,XUYEN_THAT,1,true,true,3,false
LTCUSDT,1186,3,2,ABOVE,PHA_GIA,XUYEN_THAT,0,true,true,0,false
LTCUSDT,1187,10,2,ABOVE,PHA_GIA,XUYEN_THAT,1,true,true,2,false
LTCUSDT,1188,2,2,ABOVE,XUYEN_THAT,XUYEN_THAT,3,true,false,2,false
LTCUSDT,1190,12,2,ABOVE,XUYEN_THAT,XUYEN_THAT,1,true,false,4,false
LTCUSDT,1191,1,1,BELOW,GIU,CHAN,1,false,false,,
LTCUSDT,1193,9,2,ABOVE,GIU,XUYEN_THAT,2,false,false,,
LTCUSDT,1194,2,1,BELOW,XUYEN_THAT,XUYEN_THAT,1,true,false,0,false
LTCUSDT,1195,25,2,BELOW,PHA_GIA,XUYEN_THAT,0,true,true,0,false
LTCUSDT,1196,5,2,BELOW,XUYEN_THAT,XUYEN_THAT,3,true,false,6,false
LTCUSDT,1197,15,2,BELOW,GIU,XUYEN_THAT,2,false,false,,