symbol,S,pnl,win,exitType,hold,fastCycleLen,slowAge,confLag,pullLag,pullDepth,entryVsZone,volConfirm,volEntry,atrPct,zoneWidth,zoneAge,zoneMerged,slowStrength,moveFromFlip,emaSlope,hour,rangePct
IMXUSDT,-1,1.9,1,TP,2,1,905,0,0,-3.57,1.44,1.63,1.63,0.99,1.91,120,1,0.59,0,-1,0,0.85
IMXUSDT,1,1.9,1,TP,5,2,346,0,1,-0.56,12.51,1.55,1.2,2.22,0.48,349,0,3.66,1.32,1,4,1.95
IMXUSDT,1,1.9,1,TP,3,4,849,0,3,0,2.88,1.22,1.28,1.03,0.55,122,0,2.81,-2.1,1,1,1.12
IMXUSDT,1,1.9,1,TP,4,3,97,0,2,-0.3,6.81,0.69,0.93,1.27,0.94,171,0,2.44,-0.87,1,8,0.97
IMXUSDT,1,-2.1,0,SL,13,4,270,0,3,-0.3,7.99,0.74,0.83,0.91,0.96,343,0,1.14,-0.62,1,3,1.09
IMXUSDT,-1,1.9,1,TP,15,1,861,0,0,-1.21,0.89,2.25,2.25,1.21,0.59,141,0,1.4,0,-1,16,1.81
IMXUSDT,-1,1.9,1,TP,2,1,1176,0,0,-2.65,2.95,2.19,2.19,0.76,0.44,1,0,0.78,0,-1,22,1.14
IMXUSDT,-1,1.9,1,TP,8,1,387,0,0,-3.72,4.47,2.8,2.8,1.02,0.53,12,0,0.64,0,-1,13,1.7
IMXUSDT,-1,1.9,1,TP,15,4,641,0,3,0.26,4.6,0.33,1.09,0.97,0.53,263,0,2.84,-0.82,-1,5,1.28
IMXUSDT,-1,1.9,1,TP,7,3,812,0,2,-0.14,11.12,0.58,1.19,2.11,4.17,262,0,6.44,-1.13,-1,6,2.42
IMXUSDT,-1,-2.1,0,SL,2,1,203,0,0,-2.43,4.19,2.2,2.2,1.87,1.12,105,0,3,0,-1,13,3.8
IMXUSDT,1,-2.1,0,SL,5,3,338,0,2,-0.01,1.44,1.07,1.02,1.22,2.03,231,0,3.62,-0.87,1,12,1.8
IMXUSDT,-1,1.9,1,TP,5,1,259,0,0,-1.72,1.08,1.72,1.72,0.67,0.35,67,0,1.91,0,-1,10,0.7
IMXUSDT,-1,-2.1,0,SL,42,4,174,0,3,-0.23,0.34,0.51,1.02,0.57,0.8,6,1,0.44,-0.24,-1,12,0.73
IMXUSDT,-1,1.9,1,TP,2,1,498,0,0,-3.04,3.11,0.85,0.85,1.32,1.04,18,1,0.66,0,-1,21,1.22
IMXUSDT,-1,1.9,1,TP,2,1,322,0,0,-2.55,5.36,1.15,1.15,0.32,0.15,57,0,0.68,0,-1,7,0.39
IMXUSDT,-1,1.9,1,TP,32,1,540,0,0,-2.01,2.76,1.46,1.46,0.61,0.47,9,0,0.29,0,-1,15,0.53
IMXUSDT,1,-2.1,0,SL,1,1,273,0,0,-5.35,5.36,7.97,7.97,1.4,0.57,2,0,2.8,0,1,16,5.92
IMXUSDT,-1,-1.059,0,TIMEOUT,194,2,289,0,1,-1.31,1.81,0.24,1.25,0.4,0.25,183,0,1.2,0.52,-1,18,0.69
IMXUSDT,-1,1.9,1,TP,16,1,500,0,0,-3.06,3.53,0.7,0.7,0.55,0.28,52,1,0.78,0,-1,22,0.39
IMXUSDT,-1,1.9,1,TP,128,2,115,0,1,-0.32,2.22,1.15,1.05,0.37,1.43,72,1,1.17,0.12,-1,21,0.39
IMXUSDT,-1,1.9,1,TP,42,1,430,0,0,-1.71,4.09,0.32,0.32,0.27,0.24,232,0,0.79,0,-1,4,0.14
IMXUSDT,1,1.9,1,TP,8,1,166,0,0,-3.34,6.75,2.23,2.23,0.5,0.2,311,0,0.82,0,1,1,0.52
IMXUSDT,1,1.9,1,TP,31,1,420,0,0,-2.43,5.67,0.38,0.38,0.59,0.29,41,0,0.65,0,1,17,0.34
IMXUSDT,1,-2.1,0,SL,31,1,930,0,0,-4.22,19.82,2.56,2.56,0.82,0.24,439,0,2.11,0,1,0,1.74
IMXUSDT,1,1.9,1,TP,4,1,161,0,0,-2.45,16.52,1.1,1.1,0.72,0.58,571,0,2.11,0,1,13,0.76
IMXUSDT,1,1.9,1,TP,1,1,144,0,0,-4.27,5.92,2.29,2.29,1.75,0.27,620,0,2.88,0,1,20,2.15
IMXUSDT,1,-2.1,0,SL,1,1,149,0,0,-2.72,0.21,0.97,0.97,1.21,1,137,1,1.27,0,1,2,0.98
IMXUSDT,1,1.9,1,TP,6,1,400,0,0,-2.17,3.84,1.57,1.57,1.74,1.12,118,0,4.39,0,1,2,2.06
IMXUSDT,-1,1.9,1,TP,28,2,605,0,1,-0.5,10.38,1.84,2.38,0.8,0.6,264,0,1.82,-0.8,-1,6,1.47
IMXUSDT,1,1.9,1,TP,3,1,159,0,0,-2.06,2.27,2.08,2.08,0.87,0.69,1,0,1.07,0,1,12,1.03
IMXUSDT,-1,1.9,1,TP,1,1,162,0,0,-4.14,4.04,18.39,18.39,1.31,0.39,0,0,1.89,0,-1,8,11.3
IMXUSDT,-1,1.9,1,TP,5,3,580,0,2,0.12,0.35,1.46,1.45,0.77,0.3,34,0,0.99,-2.44,-1,16,1.09
IMXUSDT,1,1.9,1,TP,1,4,103,0,3,-0.65,1.91,1.28,2.44,1.13,0.8,7,1,1.02,-0.96,1,12,1.93
IMXUSDT,-1,1.9,1,TP,18,1,1017,0,0,-2.34,3.48,1.11,1.11,0.79,0.53,212,0,1.8,0,-1,3,0.72
IMXUSDT,-1,-2.1,0,SL,30,2,152,0,1,0.39,-0.78,0.52,0.87,0.53,0.26,322,0,1.19,-0.62,-1,6,0.7
IMXUSDT,1,1.9,1,TP,22,1,192,0,0,-4.27,8.55,2.19,2.19,0.56,0.55,150,0,1.62,0,1,9,0.89
IMXUSDT,-1,1.9,1,TP,4,1,427,0,0,-1.22,2.54,0.89,0.89,0.95,0.42,32,0,0.42,0,-1,3,0.68
IMXUSDT,1,-2.1,0,SL,4,2,187,0,1,0.07,0.04,1.19,1.02,0.4,0.36,12,0,1.25,-0.14,1,19,0.31
IMXUSDT,-1,1.9,1,TP,126,2,602,0,1,-0.22,0.32,0.7,0.33,0.4,0.43,177,0,1.02,0.04,-1,20,0.16
IMXUSDT,1,-2.1,0,SL,10,3,347,0,2,-0.27,1.48,0.86,0.5,0.48,0.56,116,0,1.13,-0.32,1,7,0.24
IMXUSDT,1,-2.1,0,SL,40,1,185,0,0,-3.37,4.25,1.32,1.32,0.64,0.38,3,0,1.17,0,1,0,0.79
IMXUSDT,1,-2.1,0,SL,8,2,374,0,1,-0.67,1.21,1.39,1.86,0.53,0.45,112,1,0.57,-0.26,1,0,0.84
IMXUSDT,-1,1.9,1,TP,3,1,1192,0,0,-2.86,3.43,0.56,0.56,0.73,0.21,177,0,0.74,0,-1,18,0.91
IMXUSDT,-1,-2.1,0,SL,29,1,399,0,0,-2.03,5.4,0.86,0.86,0.36,0.57,47,1,0.96,0,-1,7,0.23
IMXUSDT,-1,1.9,1,TP,18,1,300,0,0,-2.64,4.9,1.46,1.46,0.42,0.63,86,0,1.29,0,-1,8,0.39
IMXUSDT,-1,1.9,1,TP,109,4,517,0,3,-1.21,1.96,0.53,0.72,0.33,0.22,165,0,0.98,-0.02,-1,6,0.43
IMXUSDT,1,1.9,1,TP,33,2,165,0,1,-0.78,2.29,1.03,1.35,0.81,0.81,426,0,2.29,-0.24,1,16,1.24
IMXUSDT,1,1.9,1,TP,4,1,1386,0,0,-1.34,7.51,0.75,0.75,1.27,0.46,260,0,2.71,0,1,17,1.65
IMXUSDT,1,1.9,1,TP,3,1,131,0,0,-1.45,0.75,0.53,0.53,1.02,1.13,117,0,2.98,0,1,8,0.74
IMXUSDT,-1,1.9,1,TP,7,1,420,0,0,-2.2,1.65,2.59,2.59,0.87,0.41,2,0,2.51,0,-1,22,1.41
IMXUSDT,-1,1.9,1,TP,30,1,573,0,0,-2.86,2.03,9.68,9.68,1.09,0.58,0,0,0.73,0,-1,12,5.3
IMXUSDT,1,-2.1,0,SL,10,3,257,0,2,-0.31,11.49,0.49,0.33,0.59,0.48,333,0,1.83,-0.08,1,11,0.31
IMXUSDT,1,1.9,1,TP,12,1,322,0,0,-2.31,7.6,1.38,1.38,0.77,0.55,321,0,0.8,0,1,10,0.74
IMXUSDT,1,1.9,1,TP,2,2,1757,0,1,-0.09,0.37,1.83,1.31,0.85,0.25,41,0,1.69,-0.55,1,9,0.96
IMXUSDT,-1,-2.1,0,SL,35,2,193,0,1,-0.05,23.26,0.41,0.51,0.56,1.13,458,0,1.74,-0.36,-1,5,0.47
IMXUSDT,-1,-2.1,0,SL,19,1,262,0,0,-2.25,0.91,3.92,3.92,0.49,0.38,0,0,0.83,0,-1,2,1.15
IMXUSDT,-1,1.9,1,TP,6,1,533,0,0,-2.05,5.75,0.96,0.96,0.79,0.73,126,0,1.54,0,-1,10,0.87
IMXUSDT,-1,-2.1,0,SL,6,2,631,0,1,-0.05,0.43,0.42,0.55,1.14,1.02,13,0,2.62,-0.63,-1,10,1.2
IMXUSDT,1,1.9,1,TP,25,4,314,0,3,-0.07,1.16,0.95,1.33,0.72,0.61,212,0,1.6,-1.49,1,18,0.97
IMXUSDT,-1,-2.1,0,SL,4,1,116,0,0,-3.76,7.22,3.97,3.97,0.91,0.4,25,0,0.71,0,-1,6,1.23
IMXUSDT,-1,1.9,1,TP,6,1,152,0,0,-2.94,5.46,1.45,1.45,0.57,0.48,18,0,1.18,0,-1,0,0.9
IMXUSDT,-1,1.9,1,TP,20,4,348,0,3,0.08,22.58,1.25,0.81,0.76,1.2,313,0,1.19,-1.27,-1,8,0.57
IMXUSDT,-1,1.9,1,TP,8,1,175,0,0,-2.18,10.25,3.04,3.04,0.69,0.31,328,0,1.96,0,-1,21,1.76
IMXUSDT,-1,1.9,1,TP,6,1,276,0,0,-0.31,1.75,0.63,0.63,1.32,0.62,18,0,2.64,0,-1,17,1.4
IMXUSDT,-1,1.9,1,TP,55,1,312,0,0,-3.33,1.46,1.04,1.04,0.65,0.15,102,0,0.69,0,-1,0,0.68
IMXUSDT,1,1.9,1,TP,20,4,537,0,3,-0.74,3.65,1.61,1.78,0.98,0.34,157,0,2.72,-1,1,16,1.36
IMXUSDT,1,-2.1,0,SL,8,4,691,0,3,0.17,3.2,0.65,1.75,0.95,0.34,311,0,2.16,-1.35,1,6,1.28
IMXUSDT,-1,1.9,1,TP,5,1,86,0,0,-2.95,4.58,0.7,0.7,0.9,0.65,161,0,0.36,0,-1,14,0.78
IMXUSDT,1,1.9,1,TP,10,1,410,0,0,-4.13,4.01,2.58,2.58,0.82,1,77,1,0.72,0,1,16,0.94
IMXUSDT,1,1.9,1,TP,18,3,531,0,2,-0.17,9.83,0.26,0.46,0.44,0.98,196,1,1.34,-0.52,1,22,0.26
IMXUSDT,1,1.9,1,TP,10,1,394,0,0,-3.38,6.33,0.88,0.88,0.58,0.47,38,0,1.72,0,1,13,0.32
IMXUSDT,1,1.9,1,TP,11,1,850,0,0,-2.03,19.55,0.79,0.79,0.74,0.42,494,0,1.93,0,1,7,0.8
IMXUSDT,-1,1.9,1,TP,12,1,522,0,0,-1.51,3.88,0.8,0.8,0.6,0.96,38,1,1.77,0,-1,17,0.47
IMXUSDT,-1,-2.1,0,SL,6,2,642,0,1,-0.8,5.22,0.41,1.24,0.63,0.97,157,1,1.13,-0.02,-1,23,0.77
IMXUSDT,1,1.9,1,TP,2,1,110,0,0,-3.92,7.44,2.7,2.7,0.75,0.28,331,0,0.89,0,1,6,1.14
IMXUSDT,1,1.9,1,TP,2,1,292,0,0,-1.89,13.26,0.72,0.72,0.91,0.36,327,0,1.46,0,1,5,1.1
IMXUSDT,1,1.9,1,TP,34,1,459,0,0,-1.45,0.19,0.79,0.79,1.07,1.16,235,0,3.23,0,1,16,1.02
IMXUSDT,-1,1.9,1,TP,13,1,158,0,0,-1.83,11.07,0.67,0.67,0.82,0.79,397,0,1.68,0,-1,8,0.66
IMXUSDT,-1,-2.1,0,SL,2,1,657,0,0,-3.94,10.78,3.05,3.05,1.25,0.81,245,0,1.43,0,-1,13,2.53
IMXUSDT,1,1.9,1,TP,11,1,112,0,0,-3.31,1.64,1,1,0.61,1.04,265,0,1.66,0,1,11,0.71
IMXUSDT,-1,1.9,1,TP,1,1,112,0,0,-3.09,9.55,1.08,1.08,1.47,0.6,276,0,3.9,0,-1,22,2.31
IMXUSDT,-1,1.9,1,TP,18,1,355,0,0,-1.46,0.55,0.6,0.6,0.52,0.32,115,0,0.32,0,-1,12,0.51
IMXUSDT,1,-2.1,0,SL,8,1,180,0,0,-4.43,5.18,4.9,4.9,1.29,0.44,66,0,0.85,0,1,16,4.21
IMXUSDT,-1,1.9,1,TP,19,1,311,0,0,-1.94,2.97,2.87,2.87,1.76,0.7,8,0,2.97,0,-1,19,3.19
IMXUSDT,1,1.9,1,TP,9,2,152,0,1,-0.71,2.95,1.31,1.18,0.49,0.32,34,0,0.94,0.25,1,12,0.55
IMXUSDT,1,1.9,1,TP,11,1,615,0,0,-1.16,1.8,1.62,1.62,0.62,0.38,6,0,1.36,0,1,8,0.68
IMXUSDT,1,1.9,1,TP,4,1,166,0,0,-2.97,6.4,2.78,2.78,0.72,0.77,133,0,1.75,0,1,2,1.38
IMXUSDT,-1,1.9,1,TP,7,1,525,0,0,-2.45,24.33,1.82,1.82,0.71,0.87,463,0,2.15,0,-1,0,0.89
IMXUSDT,-1,1.9,1,TP,21,1,1179,0,0,-1.81,1.25,0.78,0.78,1.1,1.25,150,0,2.65,0,-1,19,0.93
IMXUSDT,1,1.9,1,TP,2,1,411,0,0,-3.16,3.03,8.53,8.53,1.62,1.11,1,0,0.99,0,1,12,6.3
IMXUSDT,1,-2.1,0,SL,3,3,394,0,2,-0.85,14.03,1.6,1.1,1.18,0.41,295,0,3.3,-1.03,1,7,1.6
IMXUSDT,-1,-2.1,0,SL,25,3,506,0,2,-0.63,4.12,0.92,5.2,0.77,1.02,213,0,1.85,-0.16,-1,13,1.43
IMXUSDT,1,1.9,1,TP,32,4,173,1,2,0.18,-1.35,0.32,0.41,0.54,0.34,59,0,0.65,-0.67,1,13,0.44
IMXUSDT,1,1.9,1,TP,4,1,604,0,0,-2.79,7.2,0.94,0.94,0.47,0.52,101,0,1.38,0,1,20,0.48
IMXUSDT,-1,1.9,1,TP,34,4,298,0,3,-0.29,3.85,0.82,0.87,0.68,0.34,47,0,1.67,-0.36,-1,17,0.6
IMXUSDT,1,1.9,1,TP,7,1,582,0,0,-0.49,3.73,0.58,0.58,0.95,0.56,35,0,1.37,0,1,21,0.54
IMXUSDT,-1,1.9,1,TP,8,2,80,0,1,-0.24,0.84,0.49,0.83,1.01,0.94,92,1,1.86,-0.62,-1,17,1.15
IMXUSDT,-1,1.9,1,TP,5,1,71,0,0,-2.19,8.49,1.33,1.33,0.83,0.94,43,0,1.13,0,-1,6,0.8
IMXUSDT,-1,-2.1,0,SL,11,4,244,0,3,0.17,9.62,1.98,0.62,0.86,0.21,368,0,1.16,-1.34,-1,15,0.8
IMXUSDT,-1,1.9,1,TP,3,1,138,0,0,-2.1,9.8,2.01,2.01,0.63,0.4,296,0,1.92,0,-1,2,1.03
IMXUSDT,-1,1.9,1,TP,7,1,290,0,0,-3.53,11.2,1.29,1.29,1.26,0.43,448,0,2.29,0,-1,16,1.32
IMXUSDT,-1,1.9,1,TP,12,2,204,0,1,0.22,1.52,0.46,0.68,1.1,1.04,49,0,2.45,-0.82,-1,7,1.29
IMXUSDT,1,1.9,1,TP,10,3,171,0,2,-0.07,5.18,0.51,0.83,0.94,0.91,259,0,1.17,-0.85,1,17,1.19
IMXUSDT,-1,-2.1,0,SL,4,2,1124,0,1,-0.07,2.04,1.63,9.68,0.89,0.55,60,0,2.02,-0.26,-1,1,1.9
IMXUSDT,-1,1.9,1,TP,8,2,146,0,1,-0.01,0.89,0.48,0.74,0.47,0.76,112,0,1.09,-0.1,-1,15,0.29
IMXUSDT,-1,1.9,1,TP,9,1,45,0,0,-3.01,3.61,0.51,0.51,1.02,0.68,29,0,1.49,0,-1,1,0.93
IMXUSDT,1,-2.1,0,SL,23,1,371,0,0,-0.59,7.04,0.62,0.62,0.5,0.26,246,0,0.95,0,1,9,0.26
IMXUSDT,1,1.9,1,TP,3,1,522,0,0,-2.82,3.59,0.75,0.75,0.55,0.21,93,0,1.1,0,1,23,0.59
IMXUSDT,-1,-2.1,0,SL,9,4,343,0,3,-1.03,-1.08,0.91,1.63,0.77,0.79,54,0,1.21,-0.04,-1,23,0.9
IMXUSDT,-1,1.9,1,TP,26,1,158,0,0,-1.87,2.71,0.8,0.8,0.43,0.34,41,0,1.41,0,-1,7,0.3
IMXUSDT,-1,1.9,1,TP,3,1,329,0,0,-1.11,3.66,0.82,0.82,0.73,0.35,212,0,1.92,0,-1,2,0.57
IMXUSDT,1,1.9,1,TP,10,1,203,0,0,-2.1,3.87,0.67,0.67,0.61,0.23,29,0,0.15,0,1,5,0.59
IMXUSDT,-1,1.9,1,TP,10,1,393,0,0,-0.56,5.98,0.43,0.43,0.58,0.63,31,0,1.78,0,-1,18,0.25
IMXUSDT,-1,1.9,1,TP,31,1,1013,0,0,-1.6,0.38,0.72,0.72,0.37,0.62,63,1,1.18,0,-1,5,0.28
IMXUSDT,-1,-2.1,0,SL,59,1,1382,0,0,-4.01,8.21,9.36,9.36,0.77,0.59,216,0,1.6,0,-1,1,2.08
IMXUSDT,-1,1.9,1,TP,46,1,1672,0,0,-2.1,6.2,1.86,1.86,0.38,0.15,72,0,0.41,0,-1,2,0.38
IMXUSDT,1,1.9,1,TP,3,1,147,0,0,-2.88,6.46,2.13,2.13,0.61,0.15,229,0,0.48,0,1,19,1.09
IMXUSDT,1,1.9,1,TP,5,1,114,0,0,-1.67,4.01,0.2,0.2,0.57,0.34,11,0,1.61,0,1,3,0.34
IMXUSDT,1,1.9,1,TP,5,1,428,0,0,-2.14,2.04,1.38,1.38,0.57,0.33,130,0,1.16,0,1,7,0.67
IMXUSDT,1,1.9,1,TP,5,1,533,0,0,-1.11,2.21,0.6,0.6,0.43,0.32,157,0,1.04,0,1,15,0.42
IMXUSDT,1,1.9,1,TP,13,1,91,0,0,-3.44,2.52,3.84,3.84,0.82,0.31,233,0,0.73,0,1,6,0.98
IMXUSDT,-1,1.9,1,TP,11,4,322,0,3,0.33,-2.13,0.76,9.53,0.58,0.24,101,0,1.6,-0.96,-1,12,1.54
IMXUSDT,1,-2.1,0,SL,2,3,190,0,2,0.22,3.1,0.56,4.14,0.82,0.89,162,2,1.15,-0.94,1,21,1.48
IMXUSDT,1,1.9,1,TP,34,1,650,0,0,-2.48,1.19,1.44,1.44,0.69,0.27,57,0,0.77,0,1,22,0.69
IMXUSDT,-1,1.9,1,TP,7,1,44,0,0,-1.58,2.05,0.54,0.54,0.49,0.29,347,0,1.33,0,-1,20,0.29
IMXUSDT,-1,1.9,1,TP,12,1,208,0,0,-2.65,5.36,1.8,1.8,0.73,0.15,63,0,1.61,0,-1,13,0.83
IMXUSDT,-1,1.9,1,TP,47,3,439,0,2,-0.56,5.01,1.12,0.58,0.45,0.15,79,0,0.65,-0.23,-1,20,0.39
BTCUSDT,1,1.9,1,TP,10,1,435,0,0,-2.66,3.87,1.46,1.46,0.68,0.74,266,0,1.79,0,1,0,0.82
BTCUSDT,-1,1.9,1,TP,12,1,848,0,0,-2.34,16.63,1.45,1.45,0.69,0.56,411,0,1.79,0,-1,16,0.83
BTCUSDT,1,1.9,1,TP,1,1,577,0,0,-3.91,8.53,4.81,4.81,0.75,0.19,243,0,1.08,0,1,12,3.75
BTCUSDT,1,1.9,1,TP,2,1,865,0,0,-1.98,4.46,0.6,0.6,0.74,0.34,35,0,1.97,0,1,12,0.53
BTCUSDT,-1,1.9,1,TP,2,1,318,0,0,-1.48,1.72,0.75,0.75,1.11,2,246,0,2.7,0,-1,21,0.81
BTCUSDT,1,1.9,1,TP,7,1,167,0,0,-3.77,9.04,4.06,4.06,0.63,0.31,391,0,1.88,0,1,8,1.42
BTCUSDT,-1,-2.1,0,SL,22,4,201,0,3,-0.04,4.96,1.01,1.26,0.79,0.61,391,0,2,-0.59,-1,12,0.75
BTCUSDT,-1,1.9,1,TP,4,1,137,0,0,-2.68,4.27,1.21,1.21,0.7,0.46,39,0,1.79,0,-1,19,1.14
BTCUSDT,-1,1.9,1,TP,8,1,331,0,0,-4.17,6.36,2.89,2.89,0.75,0.61,33,0,0.7,0,-1,20,1.61
BTCUSDT,1,1.9,1,TP,3,1,211,0,0,-3.55,11.56,2.53,2.53,0.56,0.32,260,0,1.51,0,1,9,0.83
BTCUSDT,-1,1.9,1,TP,41,4,488,1,2,0.3,-1.65,2.06,2.37,0.72,0.7,289,0,1.89,-1.07,-1,12,1.21
BTCUSDT,-1,1.9,1,TP,9,1,169,0,0,-2.21,1.53,1.94,1.94,0.73,0.58,96,0,1.64,0,-1,16,1.09
BTCUSDT,-1,1.9,1,TP,1,1,1031,0,0,-2.25,2.99,1.24,1.24,2.42,1.52,109,0,4.48,0,-1,15,2.75
BTCUSDT,-1,-2.1,0,SL,27,4,139,1,2,-1.71,0.95,0.99,1.66,0.71,0.23,50,0,1.16,1.03,-1,17,1.64
BTCUSDT,-1,1.9,1,TP,12,4,263,3,0,-2.82,0.65,2.13,2.13,0.48,0.42,113,1,0.79,0.7,-1,0,0.61
BTCUSDT,1,1.9,1,TP,9,4,107,0,3,-0.04,0.25,0.41,0.4,0.3,0.22,105,0,0.93,-0.19,1,19,0.17
BTCUSDT,-1,1.9,1,TP,23,1,258,0,0,-2.79,4.01,1.1,1.1,0.51,0.32,4,0,1.48,0,-1,11,0.49
BTCUSDT,1,1.9,1,TP,2,1,906,0,0,-4.7,5.61,3.38,3.38,0.48,0.23,4,0,0.35,0,1,20,0.62
BTCUSDT,1,-1.334,0,TIMEOUT,74,1,304,0,0,-2.94,3.89,2.65,2.65,0.46,0.25,155,0,1.22,0,1,1,0.59
BTCUSDT,-1,1.9,1,TP,3,1,139,0,0,-2.03,3.67,1.29,1.29,0.49,0.27,8,0,1,0,-1,5,0.52
BTCUSDT,1,-0.828,0,TIMEOUT,89,1,343,0,0,-3.16,4.23,1.44,1.44,0.37,0.14,44,0,1.04,0,1,4,0.39
BTCUSDT,1,-2.1,0,SL,35,1,393,0,0,-2.77,2.51,0.7,0.7,0.64,0.32,211,0,1.07,0,1,1,0.41
BTCUSDT,1,-2.1,0,SL,112,1,362,0,0,-4.46,7.56,5.82,5.82,0.48,0.28,107,0,0.5,0,1,9,0.95
BTCUSDT,-1,1.9,1,TP,3,3,252,0,2,-0.68,2.64,2.94,1.28,0.87,0.58,73,1,1.98,0.05,-1,8,0.89
BTCUSDT,1,-2.1,0,SL,32,4,159,0,3,-0.15,3.66,0.33,0.57,0.59,0.77,19,0,0.48,-0.07,1,19,0.51
BTCUSDT,1,1.9,1,TP,7,1,234,0,0,-4.47,4.82,4.15,4.15,0.47,0.26,103,0,1.24,0,1,17,0.95
BTCUSDT,-1,1.9,1,TP,4,1,325,0,0,-3.19,4.5,5.07,5.07,0.95,0.7,44,0,2.18,0,-1,10,3.2
BTCUSDT,1,1.9,1,TP,13,1,195,0,0,-2.35,0.16,1.8,1.8,0.54,0.18,84,0,0.22,0,1,16,0.91
BTCUSDT,-1,1.9,1,TP,39,3,317,0,2,-1.01,1.64,1.62,3.72,0.41,0.48,4,1,1.01,-0.45,-1,13,1.07
BTCUSDT,1,1.9,1,TP,12,1,272,0,0,-2.42,3.56,2.28,2.28,0.54,0.13,48,0,1.09,0,1,17,0.87
BTCUSDT,-1,1.9,1,TP,42,1,471,0,0,-1.94,0.92,1.22,1.22,0.48,0.11,46,0,0.39,0,-1,23,0.41
BTCUSDT,-1,1.9,1,TP,40,4,808,0,3,-0.2,2.71,0.67,1.38,0.74,0.91,32,0,1.74,-0.33,-1,1,0.68
BTCUSDT,-1,1.9,1,TP,20,1,225,0,0,-3.5,3.21,5.75,5.75,0.45,0.43,0,0,0.41,0,-1,8,1.58
BTCUSDT,-1,-0.8,0,TIMEOUT,210,1,166,0,0,-3.02,5.34,0.91,0.91,0.44,0.14,39,0,1.09,0,-1,11,0.42
BTCUSDT,-1,1.9,1,TP,6,1,231,0,0,-2.35,1.56,2.04,2.04,0.65,0.43,2,0,1.64,0,-1,22,1.14
BTCUSDT,-1,-2.1,0,SL,2,3,290,0,2,0.03,0.12,0.44,0.42,0.92,0.2,34,0,1.19,-0.53,-1,16,0.58
BTCUSDT,1,1.9,1,TP,4,1,336,0,0,-3.97,2.79,4.38,4.38,0.58,0.35,66,0,1.48,0,1,5,1.18
BTCUSDT,-1,1.9,1,TP,69,1,152,0,0,-2.86,5.84,2.66,2.66,0.61,0.18,166,0,1.1,0,-1,2,1.08
BTCUSDT,1,1.9,1,TP,128,1,228,0,0,-2.56,3.97,2.26,2.26,0.37,0.25,19,0,1.05,0,1,23,0.52
BTCUSDT,-1,1.9,1,TP,34,1,126,0,0,-1.36,3.59,0.39,0.39,0.43,0.18,18,0,0.87,0,-1,10,0.29
BTCUSDT,-1,-2.1,0,SL,116,3,600,0,2,-0.27,2.23,2.69,1.87,0.54,0.24,47,0,1.08,-0.92,-1,9,0.81
BTCUSDT,-1,1.9,1,TP,11,1,671,0,0,-4.78,5.05,3.06,3.06,0.68,0.37,1,2,0.95,0,-1,17,1.44
BTCUSDT,-1,-0.481,0,TIMEOUT,75,2,329,0,1,0.16,1.14,0.5,1.37,0.31,0.42,71,2,0.66,-0.3,-1,15,0.37
BTCUSDT,1,1.9,1,TP,11,1,177,0,0,-3.2,3.38,1.23,1.23,0.23,0.11,99,0,0.41,0,1,14,0.25
BTCUSDT,1,-2.1,0,SL,3,3,748,0,2,-1.15,9.03,0.69,0.74,0.3,0.31,288,0,0.46,0.13,1,13,0.38
BTCUSDT,1,-1.196,0,TIMEOUT,49,4,368,0,3,-0.59,1.64,2.03,1.26,0.19,0.15,93,0,0.35,-0.17,1,23,0.28
BTCUSDT,1,1.9,1,TP,40,3,457,0,2,-0.6,1.26,1.05,3.16,0.26,0.09,28,0,0.32,-0.37,1,18,0.65
BTCUSDT,1,-0.188,0,TIMEOUT,215,1,174,0,0,-2.73,5.19,2.22,2.22,0.19,0.02,177,0,0.32,0,1,3,0.36
BTCUSDT,1,1.9,1,TP,251,1,432,0,0,-3.23,3.85,3.15,3.15,0.18,0.04,122,0,0.18,0,1,19,0.24
BTCUSDT,1,-1.21,0,TIMEOUT,113,3,291,0,2,-0.02,0.22,0.98,1.24,0.54,0.17,2,0,1.04,-0.73,1,18,1.16
BTCUSDT,1,-2.1,0,SL,111,3,223,0,2,-1.5,2.69,0.75,1.76,0.51,0.3,252,0,0.89,0.03,1,11,0.83
BTCUSDT,1,-1.604,0,TIMEOUT,105,1,159,0,0,-3.32,2.6,1.53,1.53,0.41,0.25,39,0,0.44,0,1,5,0.4
BTCUSDT,-1,1.9,1,TP,126,2,438,0,1,-1.19,0.94,18.78,6.69,0.43,0.14,0,0,0.53,-0.81,-1,15,1.87
BTCUSDT,-1,-2.1,0,SL,116,1,182,0,0,-4.54,5.32,3.64,3.64,0.57,0.34,22,2,0.2,0,-1,14,1.81
BTCUSDT,-1,1.9,1,TP,50,1,466,0,0,-2.7,3.25,2.23,2.23,0.29,0.29,250,0,0.2,0,-1,3,0.4
BTCUSDT,1,-1.006,0,TIMEOUT,65,2,257,0,1,-0.15,17.43,0.73,0.85,0.19,0.16,284,0,0.16,-0.08,1,11,0.14
BTCUSDT,-1,1.9,1,TP,56,3,0,2,0,-4.83,4.45,16.78,16.78,0.4,0.18,0,0,1.03,1.81,-1,4,2.35
BTCUSDT,-1,-0.395,0,TIMEOUT,167,1,557,0,0,-2.47,1.11,0.83,0.83,0.34,0.11,40,0,0.22,0,-1,15,0.34
BTCUSDT,-1,-1.214,0,TIMEOUT,54,4,417,0,3,-0.45,1.68,3.27,0.73,0.28,0.02,77,0,0.29,-0.51,-1,16,0.29
BTCUSDT,-1,-0.875,0,TIMEOUT,7,3,402,0,2,-0.06,3.76,0.58,0.59,0.14,0.13,66,0,0.31,-0.06,-1,12,0.12
BTCUSDT,1,1.9,1,TP,237,1,346,0,0,-1.59,2.01,0.86,0.86,0.29,0.09,4,0,0.62,0,1,23,0.25
BTCUSDT,1,1.9,1,TP,319,1,106,0,0,-3.18,4.31,6.36,6.36,0.3,0.13,16,0,0.61,0,1,14,0.87
BTCUSDT,1,1.9,1,TP,50,1,233,0,0,-2.57,3.1,1.72,1.72,0.22,0.25,126,0,0.6,0,1,4,0.33
BTCUSDT,-1,1.9,1,TP,32,3,160,0,2,0.4,1.4,1.51,1.5,0.57,0.18,25,0,1.34,-1.7,-1,18,0.74
BTCUSDT,-1,1.9,1,TP,83,2,7,0,1,-0.62,8.27,0.58,0.75,0.22,0.24,281,0,0.67,0.02,-1,4,0.17
BTCUSDT,1,1.9,1,TP,16,3,131,0,2,-0.03,2.81,0.6,1.33,0.3,0.15,20,0,0.91,-0.37,1,9,0.35
BTCUSDT,-1,1.9,1,TP,46,1,118,0,0,-3.7,5.01,3.35,3.35,0.35,0.09,4,0,0.54,0,-1,6,0.56
BTCUSDT,-1,1.9,1,TP,105,2,469,0,1,0.32,0.36,1.92,4.03,0.36,0.22,95,0,0.72,-0.45,-1,14,1.03
BTCUSDT,1,-1.05,0,TIMEOUT,130,1,307,0,0,-3.69,5.15,2.4,2.4,0.49,0.54,4,1,0.88,0,1,16,0.51
BTCUSDT,-1,-1.058,0,TIMEOUT,81,4,73,0,3,-0.19,2.34,0.33,0.44,0.34,0.19,22,0,0.29,-0.33,-1,19,0.25
BTCUSDT,1,1.9,1,TP,12,1,628,0,0,-5.16,4.32,14.04,14.04,0.39,0.36,77,0,0.94,0,1,8,2.1
BTCUSDT,1,-2.1,0,SL,12,3,107,0,2,0.06,1.16,8.86,4.01,0.48,0.41,433,1,0.89,-1.21,1,14,1.7
BTCUSDT,1,1.9,1,TP,2,1,148,0,0,-5.12,4.69,5.71,5.71,0.36,0.11,100,0,0.41,0,1,15,0.74
BTCUSDT,1,1.9,1,TP,17,1,1460,0,0,-3.81,8.09,5.7,5.7,0.61,0.44,356,0,0.79,0,1,7,1.18
BTCUSDT,1,-1.285,0,TIMEOUT,129,1,1648,0,0,-2.08,1.25,3.71,3.71,0.32,0.32,109,0,1.08,0,1,6,0.51
BTCUSDT,-1,1.9,1,TP,9,1,408,0,0,-2.41,0.02,4.24,4.24,0.62,0.17,175,0,1.47,0,-1,1,1.32
BTCUSDT,-1,1.9,1,TP,11,1,273,0,0,-2.34,3.06,2.22,2.22,0.42,0.15,108,0,0.31,0,-1,14,0.75
BTCUSDT,-1,1.9,1,TP,11,1,568,0,0,-2.26,4.45,1.07,1.07,0.69,0.3,28,0,1.12,0,-1,16,0.83
BTCUSDT,-1,1.9,1,TP,3,4,749,0,3,-0.2,1.04,1.32,2.92,0.52,0.4,106,0,1.41,-0.7,-1,13,1.2
BTCUSDT,-1,1.9,1,TP,21,1,540,0,0,-4.69,1.41,4.91,4.91,0.4,0.15,92,0,0.52,0,-1,8,0.66
BTCUSDT,-1,-1.114,0,TIMEOUT,196,1,205,0,0,-4.64,5.65,3.56,3.56,0.57,0.34,256,0,0.55,0,-1,15,0.86
BTCUSDT,-1,1.9,1,TP,30,1,310,0,0,-3.93,4.05,5.26,5.26,0.3,0.16,1,0,0.37,0,-1,2,0.66
BTCUSDT,-1,-2.1,0,SL,71,2,1251,0,1,-1.13,1.06,1.24,1.01,0.44,0.42,208,0,0.81,0.35,-1,20,0.64
BTCUSDT,-1,-0.579,0,TIMEOUT,77,1,1429,0,0,-1.32,2.75,0.81,0.81,0.39,0.22,61,1,0.4,0,-1,16,0.41
BTCUSDT,1,1.9,1,TP,19,1,903,0,0,-3.46,2.82,4.18,4.18,0.48,0.28,145,2,0.19,0,1,14,0.62
BTCUSDT,-1,-2.1,0,SL,21,4,1174,0,3,0.08,10.06,0.53,0.61,0.32,0.49,207,0,0.76,-0.48,-1,17,0.39
BTCUSDT,1,1.9,1,TP,49,1,130,0,0,-3.28,2.06,2,2,0.56,0.32,116,0,0.99,0,1,23,1.05
BTCUSDT,1,1.9,1,TP,42,1,240,0,0,-5.07,5.75,4.71,4.71,0.4,0.33,2,1,0.48,0,1,3,0.76
BTCUSDT,1,1.9,1,TP,252,3,640,0,2,-0.27,4.29,1.01,1.05,0.29,0.26,71,0,0.87,-0.25,1,7,0.22
BTCUSDT,1,1.9,1,TP,93,1,197,0,0,-3.73,4.68,3.42,3.42,0.15,0.15,4,1,0.22,0,1,13,0.26
BTCUSDT,-1,1.9,1,TP,114,3,114,0,2,0.05,6.98,0.68,0.44,0.48,0.43,198,0,1.06,-0.63,-1,22,0.24
BTCUSDT,1,1.9,1,TP,16,4,1320,0,3,1.31,-0.8,1.41,3.91,0.4,0.1,3,0,1.07,-1.13,1,13,0.86
BTCUSDT,1,-2.1,0,SL,48,2,1853,0,1,0.15,16.27,0.56,0.38,0.36,0.09,538,0,0.12,-0.23,1,2,0.32
BTCUSDT,-1,1.9,1,TP,47,2,319,0,1,0.27,24.1,1.54,2.77,0.38,0.54,389,0,0.91,-0.52,-1,3,0.74
BTCUSDT,-1,1.9,1,TP,89,1,309,0,0,-3.1,44.6,2.54,2.54,0.29,0.56,1115,0,0.59,0,-1,16,0.49
BTCUSDT,1,1.9,1,TP,60,4,516,0,3,-0.09,1.11,2.16,0.55,0.21,0.13,11,0,0.46,-0.19,1,23,0.17
BTCUSDT,-1,1.9,1,TP,11,1,541,0,0,-1.45,1.46,0.61,0.61,0.34,0.17,205,0,0.36,0,-1,7,0.31
BTCUSDT,1,-2.1,0,SL,21,1,566,0,0,-4.83,4.13,4.43,4.43,1.06,0.14,128,0,0.42,0,1,7,1.9
BTCUSDT,-1,-1.604,0,TIMEOUT,68,2,356,0,1,-0.3,2.72,0.52,1.3,0.23,0.12,19,0,0.61,-0.21,-1,15,0.3
BTCUSDT,1,1.9,1,TP,54,1,362,0,0,-2.51,4.29,2.52,2.52,0.07,0.07,56,0,0.22,0,1,10,0.09
BTCUSDT,1,-1.466,0,TIMEOUT,88,3,577,0,2,-0.32,1.05,0.57,0.55,0.37,0.16,118,0,1.04,-0.15,1,16,0.25
BTCUSDT,-1,-2.1,0,SL,21,3,91,0,2,-0.37,3.55,1.01,2.31,0.61,0.21,204,0,0.6,-0.42,-1,12,1.44
BTCUSDT,1,-1.788,0,TIMEOUT,55,1,518,0,0,-1.43,4.03,1.25,1.25,0.29,0.23,135,0,0.93,0,1,5,0.22
BTCUSDT,1,1.9,1,TP,58,4,381,0,3,-0.44,0.38,4.77,1.27,0.27,0.18,1,0,0.8,-0.27,1,0,0.24
BTCUSDT,-1,1.9,1,TP,34,1,77,0,0,-1.1,2.53,0.44,0.44,0.34,0.15,18,0,0.65,0,-1,15,0.17
BTCUSDT,1,0.065,1,TIMEOUT,94,1,517,0,0,-2.21,24.88,4.06,4.06,0.05,0.21,416,0,0.15,0,1,8,0.09
BTCUSDT,-1,1.9,1,TP,20,1,88,0,0,-2.77,2.54,1.43,1.43,0.3,0.15,103,0,0.47,0,-1,19,0.22
BTCUSDT,1,1.9,1,TP,114,1,183,0,0,-1.69,0.1,0.92,0.92,0.3,0.13,108,0,0.19,0,1,15,0.19
BTCUSDT,-1,1.9,1,TP,36,1,325,0,0,-2.57,3.24,4.48,4.48,0.16,0.07,22,1,0.21,0,-1,0,0.35
BTCUSDT,1,-0.596,0,TIMEOUT,83,1,804,0,0,-3.68,4.43,2.2,2.2,0.24,0.1,148,0,0.09,0,1,17,0.22
BTCUSDT,1,1.9,1,TP,31,3,724,0,2,0.44,1.93,0.48,0.98,0.19,0.12,80,0,0.61,-0.27,1,11,0.21
BTCUSDT,1,-2.1,0,SL,23,2,420,0,1,0.19,2.25,3.7,5.16,0.31,0.23,34,0,0.68,-0.99,1,14,1.24
BTCUSDT,-1,-1.32,0,TIMEOUT,83,2,528,0,1,-0.2,2.38,0.84,0.51,0.27,0.18,22,0,0.53,-0.16,-1,17,0.24
BTCUSDT,-1,-2.1,0,SL,57,1,73,0,0,-4.54,3.53,3.02,3.02,0.51,0.28,90,0,0.43,0,-1,16,0.96
BTCUSDT,-1,1.9,1,TP,6,1,173,0,0,-2.29,5.36,1.21,1.21,0.56,0.26,32,0,1.21,0,-1,17,0.41
BTCUSDT,-1,1.9,1,TP,4,1,841,0,0,-3.71,8.94,5.41,5.41,0.68,0.3,364,0,1.03,0,-1,16,1.7
BTCUSDT,1,1.9,1,TP,35,1,298,0,0,-4.4,4.06,2.48,2.48,0.51,0.27,2,0,0.84,0,1,17,0.53
BTCUSDT,1,-2.1,0,SL,94,1,132,0,0,-4.91,6.03,3.63,3.63,0.52,0.2,46,0,0.45,0,1,16,0.89
BTCUSDT,-1,1.9,1,TP,218,1,143,0,0,-4.09,0.87,2.75,2.75,0.45,0.21,334,0,0.19,0,-1,16,0.5
BTCUSDT,-1,1.9,1,TP,13,1,428,0,0,-5.21,8.41,5.16,5.16,0.47,0.21,619,0,0.89,0,-1,15,0.96
BTCUSDT,-1,-2.1,0,SL,59,4,648,0,3,0.15,0.22,0.35,0.73,0.5,0.41,12,1,0.73,-0.4,-1,22,0.53
BTCUSDT,1,1.9,1,TP,88,3,57,0,2,0.23,-0.74,1.29,2.97,0.41,0.16,34,0,0.59,-0.7,1,17,0.82
BTCUSDT,-1,1.9,1,TP,16,1,170,0,0,-1.29,3.61,0.5,0.5,0.29,0.17,16,0,0.87,0,-1,10,0.2
BTCUSDT,1,1.9,1,TP,6,1,308,0,0,-0.73,8.29,1.01,1.01,0.48,0.44,162,0,0.84,0,1,7,0.38
BTCUSDT,1,-1.457,0,TIMEOUT,28,2,159,0,1,-0.03,3.52,0.74,0.59,0.46,0.36,169,0,1.33,-0.12,1,21,0.45
BTCUSDT,1,1.9,1,TP,42,4,267,0,3,-2.68,2.18,3.17,5.45,0.38,0.26,40,0,1.08,0.83,1,0,1.05
BTCUSDT,1,1.9,1,TP,37,3,133,0,2,-0.26,4.75,0.46,0.61,0.35,0.18,22,0,0.77,-0.11,1,2,0.22
BTCUSDT,1,1.9,1,TP,4,1,198,0,0,-2.98,2.79,3.47,3.47,0.5,0.14,148,0,0.82,0,1,22,0.96
BTCUSDT,1,1.9,1,TP,137,4,205,0,3,-0.12,5.26,0.46,1.11,0.37,0.16,193,0,1,-0.31,1,23,0.36
BTCUSDT,1,-1.259,0,TIMEOUT,10,4,297,0,3,0.06,6.03,0.83,0.9,0.16,0.17,66,0,0.28,-0.08,1,10,0.25
BTCUSDT,1,1.9,1,TP,61,1,285,0,0,-4.54,5.15,3.5,3.5,0.36,0.16,2,0,0.5,0,1,21,0.64
BTCUSDT,-1,1.9,1,TP,26,2,662,0,1,-0.06,0.6,0.51,1.11,0.28,0.35,72,0,0.87,-0.21,-1,6,0.35
BTCUSDT,1,-1.725,0,TIMEOUT,48,1,461,0,0,-2.7,2.48,0.61,0.61,0.54,0.2,21,0,0.27,0,1,17,0.44
ETHUSDT,1,1.9,1,TP,13,1,774,0,0,-3.79,5.22,3.48,3.48,0.84,0.43,4,1,1.14,0,1,13,1.43
ETHUSDT,1,1.9,1,TP,7,2,1349,0,1,0.06,2.1,1.9,1.42,1.84,1.89,42,0,5.29,-1.26,1,13,2.52
ETHUSDT,1,1.9,1,TP,4,1,434,0,0,-1.5,3.32,2.08,2.08,0.8,0.38,139,0,2.15,0,1,0,1.17
ETHUSDT,-1,1.9,1,TP,7,1,330,0,0,-2.01,1.21,1.21,1.21,1.05,2.48,240,0,3.05,0,-1,20,1.68
ETHUSDT,1,1.9,1,TP,6,1,167,0,0,-2.38,8.57,1.12,1.12,0.67,1.02,478,0,1.87,0,1,6,0.42
ETHUSDT,1,1.9,1,TP,3,1,635,0,0,-4.34,5.29,5.3,5.3,0.65,0.52,85,0,0.41,0,1,10,1.41
ETHUSDT,-1,1.9,1,TP,1,1,341,0,0,-3.68,5.25,1.97,1.97,0.61,0.4,29,0,1.37,0,-1,19,0.86
ETHUSDT,1,1.9,1,TP,12,1,231,0,0,-4.66,4.74,4.1,4.1,0.45,0.16,146,0,1.22,0,1,9,0.76
ETHUSDT,1,1.9,1,TP,3,1,460,0,0,-2.48,1.85,2.15,2.15,0.61,0.33,42,0,1.8,0,1,18,1.25
ETHUSDT,1,1.9,1,TP,25,1,313,0,0,-3.08,2.22,4.23,4.23,0.66,0.29,92,0,1.31,0,1,8,1.3
ETHUSDT,1,1.9,1,TP,22,1,1509,0,0,-2.12,19.69,1.12,1.12,0.85,0.34,570,0,2.67,0,1,20,0.65
ETHUSDT,-1,1.9,1,TP,4,1,543,0,0,-2.74,3.14,2.16,2.16,1.58,0.57,86,0,4.19,0,-1,1,1.9
ETHUSDT,-1,-2.1,0,SL,1,1,788,0,0,-1.91,12.33,2.45,2.45,2.77,0.73,331,0,5.69,0,-1,14,3.66
ETHUSDT,1,1.9,1,TP,3,4,126,0,3,-0.2,16.63,1.06,1.13,1.64,1.3,222,0,4.88,-1.43,1,0,2.69
ETHUSDT,-1,1.9,1,TP,13,1,256,0,0,-1.64,10.03,0.59,0.59,0.91,0.68,272,0,2.08,0,-1,16,0.82
ETHUSDT,-1,-2.1,0,SL,15,3,271,0,2,-1.08,14.84,0.85,1.99,0.92,0.57,318,0,2.77,0.11,-1,3,1.28
ETHUSDT,-1,1.9,1,TP,10,1,385,0,0,-2.43,2.39,1.55,1.55,0.8,0.41,68,0,0.83,0,-1,8,1.19
ETHUSDT,1,1.9,1,TP,7,1,269,0,0,-3.41,6.45,1.47,1.47,0.92,0.58,159,0,2.21,0,1,19,0.94
ETHUSDT,-1,-2.1,0,SL,7,4,229,0,3,-0.2,1.62,0.87,0.68,0.59,0.38,65,0,1.83,-0.34,-1,14,0.42
ETHUSDT,-1,1.9,1,TP,18,1,409,0,0,-1.96,1.89,0.79,0.79,0.46,0.38,248,0,1.23,0,-1,11,0.42
ETHUSDT,-1,-2.1,0,SL,37,3,699,0,2,-2.26,4.65,0.59,4.41,0.9,0.48,30,0,1.53,0.85,-1,12,2.63
ETHUSDT,1,1.9,1,TP,4,1,247,0,0,-3.2,8.27,2.18,2.18,0.61,0.52,138,0,1.62,0,1,22,1.17
ETHUSDT,1,1.9,1,TP,3,1,445,0,0,-3.34,7,3.41,3.41,0.68,0.35,178,0,1.85,0,1,0,0.94
ETHUSDT,1,1.9,1,TP,21,1,912,0,0,-3.67,5.13,1.61,1.61,0.62,0.32,7,0,1.59,0,1,21,0.78
ETHUSDT,1,-2.1,0,SL,34,4,1184,0,3,-0.1,12.95,1.25,1.02,0.8,0.3,276,0,2.34,-1.34,1,17,1.2
ETHUSDT,1,1.9,1,TP,7,1,96,0,0,-0.99,1.56,1.42,1.42,1.49,0.5,28,0,1.86,0,1,15,2.49
ETHUSDT,1,1.9,1,TP,5,1,233,0,0,-1.99,4.57,0.96,0.96,0.65,0.37,39,0,0.33,0,1,21,0.54
ETHUSDT,-1,1.9,1,TP,2,1,44,0,0,-2.72,4.41,3.22,3.22,0.88,0.51,97,0,2.4,0,-1,20,1.75
ETHUSDT,-1,1.9,1,TP,26,1,142,0,0,-2.65,4.41,2.61,2.61,0.61,0.56,10,1,1.8,0,-1,5,0.68
ETHUSDT,1,1.9,1,TP,9,1,279,0,0,-3.9,5.34,1.43,1.43,0.51,0.27,5,0,0.21,0,1,16,0.38
ETHUSDT,1,-1.814,0,TIMEOUT,165,3,847,0,2,0.21,5.36,0.52,1.44,0.48,0.56,214,0,1.39,-0.29,1,14,0.77
ETHUSDT,1,-2.1,0,SL,47,1,611,0,0,-3.47,1.58,1.97,1.97,1.07,0.29,54,0,0.81,0,1,13,1.53
ETHUSDT,1,1.9,1,TP,87,3,342,0,2,-0.11,-0.66,0.68,0.81,0.55,0.3,1,0,0.39,-0.83,1,11,0.57
ETHUSDT,1,1.9,1,TP,10,1,147,0,0,-2.85,0.76,2.73,2.73,0.51,0.44,138,0,1.35,0,1,10,0.68
ETHUSDT,1,-2.1,0,SL,5,3,433,1,1,-0.19,-0.84,3.85,3.45,0.52,0.93,138,1,1.26,-0.16,1,13,1.24
ETHUSDT,1,1.9,1,TP,26,4,166,0,3,-0.31,1.34,0.51,0.27,0.7,0.38,25,0,1.64,-0.45,1,17,0.28
ETHUSDT,-1,1.9,1,TP,39,4,217,0,3,0.06,0.68,3.07,1.27,0.59,0.22,97,0,0.98,-0.66,-1,20,0.68
ETHUSDT,1,-2.1,0,SL,115,1,227,0,0,-5.02,4.15,3.11,3.11,0.54,0.37,233,0,0.77,0,1,18,1.03
ETHUSDT,1,-2.1,0,SL,122,1,148,0,0,-3.05,5.11,1.93,1.93,0.41,0.34,252,0,0.51,0,1,11,0.57
ETHUSDT,-1,1.9,1,TP,4,1,445,0,0,-2.84,3.95,2.02,2.02,0.52,0.15,31,0,1.23,0,-1,12,0.87
ETHUSDT,1,1.9,1,TP,5,1,212,0,0,-2.88,8.76,1.26,1.26,0.78,0.88,738,0,1.23,0,1,15,0.74
ETHUSDT,1,-2.1,0,SL,39,3,332,0,2,-0.23,1.96,0.29,0.51,0.33,0.32,72,1,1.07,-0.15,1,4,0.21
ETHUSDT,-1,1.9,1,TP,15,1,473,0,0,-2.87,0.29,2.41,2.41,0.44,0.14,118,0,0.13,0,-1,23,0.65
ETHUSDT,-1,1.9,1,TP,17,1,308,0,0,-2.48,2.13,2.14,2.14,0.5,0.1,109,0,0.34,0,-1,0,0.59
ETHUSDT,-1,-2.1,0,SL,36,2,561,0,1,0.18,1.41,0.75,1.66,0.46,0.46,12,1,0.24,-0.77,-1,13,0.99
ETHUSDT,-1,1.9,1,TP,1,3,568,0,2,0.07,0.67,2.3,2.55,2.73,0.64,191,0,3.4,-4.53,-1,13,5.22
ETHUSDT,-1,1.9,1,TP,45,3,284,0,2,-0.36,0.64,0.82,1.15,0.61,0.21,3,0,0.98,-0.35,-1,1,0.89
ETHUSDT,-1,1.9,1,TP,4,1,46,0,0,-1.99,1.78,0.8,0.8,0.78,0.42,77,0,1.42,0,-1,17,0.69
ETHUSDT,1,1.9,1,TP,4,1,53,0,0,-2.51,5.83,1.07,1.07,1.01,0.29,219,0,1.96,0,1,16,0.99
ETHUSDT,1,1.9,1,TP,2,1,238,0,0,-1.99,1.2,1.3,1.3,0.64,0.24,42,0,1.81,0,1,14,0.69
ETHUSDT,-1,1.9,1,TP,4,3,204,0,2,-0.35,9.76,0.65,2.42,0.65,0.22,290,0,1.22,-0.36,-1,12,1.65
ETHUSDT,1,1.9,1,TP,29,4,335,0,3,0.08,0.94,0.48,0.74,0.57,0.34,6,0,1.79,-0.54,1,5,0.31
ETHUSDT,-1,-2.1,0,SL,67,4,719,0,3,0.21,1.26,1.22,0.96,0.75,0.41,43,0,1.88,-0.38,-1,0,0.62
ETHUSDT,-1,1.9,1,TP,19,3,525,0,2,0.22,2.15,2.31,1.35,0.24,0.44,66,0,0.72,-0.32,-1,5,0.34
ETHUSDT,-1,1.9,1,TP,19,1,897,0,0,-2.4,5.57,1.11,1.11,0.6,0.46,79,0,0.47,0,-1,9,0.86
ETHUSDT,-1,1.9,1,TP,4,1,1286,0,0,-4.4,6.13,5.98,5.98,0.35,0.16,8,0,0.34,0,-1,10,1.54
ETHUSDT,-1,-1.549,0,TIMEOUT,128,1,137,0,0,-3.98,5.56,3.86,3.86,0.47,0.15,16,0,1.04,0,-1,7,0.53
ETHUSDT,-1,-2.1,0,SL,27,4,427,0,3,-0.77,1.18,0.76,0.7,0.41,0.17,100,0,1,-0.08,-1,19,0.46
ETHUSDT,-1,1.9,1,TP,47,2,169,0,1,-0.34,0.49,2.39,2.89,0.3,0.13,2,0,0.23,-0.27,-1,15,0.54
ETHUSDT,-1,-0.622,0,TIMEOUT,54,4,609,0,3,-0.01,0.46,0.56,0.57,0.15,0.15,126,0,0.3,-0.19,-1,5,0.11
ETHUSDT,1,1.9,1,TP,5,1,165,0,0,-2.48,7.19,1.08,1.08,0.26,0.08,171,0,0.46,0,1,1,0.21
ETHUSDT,1,1.9,1,TP,41,4,290,0,3,-0.56,0.79,3.13,0.83,0.58,0.24,52,0,0.37,0.22,1,2,0.72
ETHUSDT,-1,1.9,1,TP,64,3,197,0,2,-0.13,2.71,0.92,0.51,0.37,0.21,47,0,0.58,-0.09,-1,23,0.2
ETHUSDT,1,-2.1,0,SL,132,1,222,0,0,-4.25,8.03,4.46,4.46,0.43,0.15,382,0,0.45,0,1,4,1.22
ETHUSDT,-1,1.9,1,TP,127,2,435,0,1,-0.56,0.48,18.05,6.48,0.52,0.2,0,0,0.63,-1.02,-1,15,2.12
ETHUSDT,1,-2.1,0,SL,117,1,392,0,0,-4.5,2.53,6.04,6.04,0.56,0.43,93,1,0.59,0,1,12,1.23
ETHUSDT,-1,1.9,1,TP,2,1,271,0,0,-1.98,1.87,2.09,2.09,0.45,0.13,21,0,0.32,0,-1,14,0.59
ETHUSDT,-1,1.9,1,TP,52,3,404,0,2,-0.07,1.98,0.38,2.11,0.68,0.16,6,0,0.23,-0.59,-1,19,1.72
ETHUSDT,-1,1.9,1,TP,90,4,103,0,3,0.03,0.44,0.29,0.4,0.18,0.2,11,0,0.57,-0.06,-1,5,0.12
ETHUSDT,-1,1.9,1,TP,254,3,386,0,2,-0.23,0.67,0.6,0.7,0.38,0.26,7,1,0.85,-0.21,-1,4,0.29
ETHUSDT,1,-2.1,0,SL,180,1,40,0,0,-1.87,1.22,0.47,0.47,0.83,0.28,19,0,1.13,0,1,18,0.59
ETHUSDT,1,1.9,1,TP,36,1,252,0,0,-0.99,1.74,0.75,0.75,0.55,0.1,46,0,0.66,0,1,23,0.47
ETHUSDT,-1,1.9,1,TP,5,1,100,0,0,-1.96,4.01,0.46,0.46,0.42,0.22,6,0,0.26,0,-1,13,0.22
ETHUSDT,-1,-1.649,0,TIMEOUT,46,4,459,0,3,0.04,2.51,1.45,1.3,0.2,0.07,72,0,0.45,-0.22,-1,7,0.23
ETHUSDT,1,1.9,1,TP,12,4,238,0,3,-0.98,2.9,0.77,2.81,0.16,0.11,11,0,0.38,-0.04,1,12,0.39
ETHUSDT,-1,1.9,1,TP,222,1,558,0,0,-2.64,0.47,0.85,0.85,0.34,0.71,75,1,0.35,0,-1,15,0.28
ETHUSDT,-1,-0.751,0,TIMEOUT,69,1,312,0,0,-1.59,2.03,0.47,0.47,0.18,0.22,6,1,0.28,0,-1,7,0.11
ETHUSDT,-1,-0.608,0,TIMEOUT,6,3,430,0,2,0.12,1.88,1.36,0.86,0.17,0.17,67,0,0.5,-0.24,-1,12,0.2
ETHUSDT,1,-1.632,0,TIMEOUT,106,1,323,0,0,-3.95,5.37,4.31,4.31,0.3,0.11,7,0,0.69,0,1,22,0.58
ETHUSDT,1,1.9,1,TP,33,1,81,0,0,-2.27,7.48,1.89,1.89,0.22,0.09,111,0,0.67,0,1,7,0.34
ETHUSDT,-1,1.9,1,TP,145,4,486,0,3,-0.08,2.95,0.68,0.59,0.13,0.17,21,1,0.11,-0.05,-1,21,0.1
ETHUSDT,1,1.9,1,TP,6,2,565,0,1,0.4,25.27,0.63,1.02,0.35,0.19,316,0,1.1,-0.27,1,5,0.37
ETHUSDT,1,1.9,1,TP,51,1,395,0,0,-1.13,9.89,0.65,0.65,0.38,0.21,462,0,0.84,0,1,1,0.21
ETHUSDT,1,1.9,1,TP,25,1,230,0,0,-1.98,0.3,0.73,0.73,0.33,0.25,79,0,0.23,0,1,9,0.23
ETHUSDT,1,1.9,1,TP,163,1,159,0,0,-3.98,10.43,10.17,10.17,0.29,0.24,311,0,0.5,0,1,1,1.09
ETHUSDT,1,1.9,1,TP,23,1,792,0,0,-4.88,5.12,4.47,4.47,0.51,0.05,30,0,0.8,0,1,15,0.77
ETHUSDT,-1,-2.1,0,SL,35,2,124,0,1,-0.36,2.67,0.87,0.66,0.42,0.3,25,0,0.52,0.16,-1,2,0.36
ETHUSDT,-1,-2.1,0,SL,22,4,212,0,3,-0.09,1.85,1.4,0.98,0.52,0.38,31,1,1.47,-0.79,-1,17,0.67
ETHUSDT,1,1.9,1,TP,91,1,252,0,0,-2.83,4.08,0.99,0.99,0.47,0.18,75,0,0.64,0,1,17,0.43
ETHUSDT,1,1.9,1,TP,8,1,585,0,0,-4.59,5.27,5.93,5.93,0.39,0.1,36,0,0.56,0,1,15,0.97
ETHUSDT,1,1.9,1,TP,7,1,750,0,0,-5.22,2.83,11.77,11.77,0.4,0.78,0,1,1,0,1,8,1.96
ETHUSDT,1,1.9,1,TP,62,2,1124,0,1,0,14.15,1.46,1.66,0.29,0.76,373,1,0.37,-0.27,1,6,0.36
ETHUSDT,1,1.9,1,TP,9,1,2755,0,0,-3.72,7.51,1.35,1.35,1.06,0.17,223,0,1.25,0,1,6,0.9
ETHUSDT,1,1.9,1,TP,41,1,3243,0,0,-3.28,2.63,1.59,1.59,0.75,0.17,73,0,0.43,0,1,8,0.94
ETHUSDT,-1,-2.1,0,SL,26,4,149,0,3,-0.27,15.97,0.74,0.78,0.47,0.39,629,0,1.43,-0.14,-1,5,0.26
ETHUSDT,-1,1.9,1,TP,87,4,180,0,3,-0.06,-0.9,0.64,0.73,0.67,0.73,111,0,1.01,-0.61,-1,17,0.65
ETHUSDT,-1,-0.055,0,TIMEOUT,229,1,282,0,0,-5.14,3.3,10.78,10.78,0.49,0.7,170,0,0.97,0,-1,14,1.68
ETHUSDT,1,1.9,1,TP,27,1,149,0,0,-5.11,1.55,3.22,3.22,0.4,0.29,85,0,0.23,0,1,7,0.39
ETHUSDT,1,1.9,1,TP,51,4,433,0,3,0.11,0.73,0.4,0.58,0.36,0.27,5,0,0.68,-0.72,1,6,0.27
ETHUSDT,1,1.9,1,TP,7,4,735,0,3,-1.19,3.25,1.71,1.07,0.5,0.44,64,0,1.44,-0.25,1,10,0.71
ETHUSDT,1,-2.1,0,SL,21,4,1242,0,3,-0.56,1.65,0.91,1.33,0.45,0.17,27,0,0.69,-0.31,1,1,0.67
ETHUSDT,-1,1.9,1,TP,25,1,167,0,0,-3.99,4.26,6.29,6.29,0.81,0.34,9,0,1.36,0,-1,14,2.41
ETHUSDT,-1,1.9,1,TP,16,1,646,0,0,-3.26,17.16,3.57,3.57,1.04,1.25,278,0,2.51,0,-1,14,2.02
ETHUSDT,1,1.9,1,TP,17,1,235,0,0,-0.98,1.47,1.23,1.23,0.42,0.17,6,0,1.13,0,1,4,0.41
ETHUSDT,-1,1.9,1,TP,41,3,313,1,1,0.09,0.72,0.94,0.34,0.35,0.25,25,0,0.87,-0.03,1,4,0.17
ETHUSDT,1,1.9,1,TP,136,2,225,0,1,0.43,3.15,0.49,1.45,0.39,0.28,76,0,1.19,-0.3,-1,5,0.62
ETHUSDT,-1,1.9,1,TP,5,1,130,0,0,-3.97,4.71,3.43,3.43,0.39,0.29,37,0,0.93,0,-1,13,0.7
ETHUSDT,1,1.9,1,TP,40,1,216,0,0,-4.53,6.12,4.74,4.74,0.47,0.2,3,0,0.76,0,1,4,0.73
ETHUSDT,1,-1.719,0,TIMEOUT,164,1,196,0,0,-3.22,5.3,1.77,1.77,0.74,0.66,69,0,1.76,0,1,15,0.93
ETHUSDT,-1,1.9,1,TP,6,1,567,0,0,-1.07,1.07,0.43,0.43,0.73,0.6,243,0,1.51,0,-1,18,0.58
ETHUSDT,-1,1.9,1,TP,12,4,775,0,3,1.13,2.61,8.86,3.1,0.95,0.61,448,0,1.27,-3.69,-1,22,2.58
ETHUSDT,-1,1.9,1,TP,10,1,945,0,0,-1.6,1.21,1.06,1.06,0.56,0.16,68,0,0.38,0,-1,17,0.48
ETHUSDT,1,1.9,1,TP,15,1,415,0,0,-3.15,5.85,1.91,1.91,0.58,0.22,21,0,0.53,0,1,10,0.64
ETHUSDT,-1,1.9,1,TP,1,1,325,0,0,-1.72,2.4,0.63,0.63,1.08,1,585,0,1.89,0,-1,16,0.75
ETHUSDT,-1,-2.1,0,SL,11,2,129,0,1,-0.9,2.08,0.77,2.82,0.75,0.23,42,0,1.51,-0.19,-1,12,1.88
ETHUSDT,-1,1.9,1,TP,3,1,323,0,0,-1.85,1.3,2.05,2.05,0.3,0.21,66,0,0.91,0,-1,13,0.34
ETHUSDT,-1,1.9,1,TP,2,1,529,0,0,-3.09,2.8,2.65,2.65,1.02,0.93,137,0,2.41,0,-1,16,2.36
ETHUSDT,1,1.9,1,TP,16,1,0,0,0,-4.41,6.95,2.97,2.97,0.63,0.26,22,0,1.76,0,1,3,1.49
ETHUSDT,1,1.9,1,TP,12,1,518,0,0,-1.78,0.19,0.72,0.72,0.65,0.55,120,0,1.72,0,1,13,0.55
ETHUSDT,-1,1.9,1,TP,6,1,285,0,0,-2.35,12.24,1.22,1.22,0.51,0.22,357,0,0.54,0,-1,15,0.8
ETHUSDT,1,1.9,1,TP,112,3,461,0,2,-0.14,1.32,0.84,0.64,0.23,0.11,9,0,0.52,-0.2,1,18,0.26
ETHUSDT,1,1.9,1,TP,11,2,851,0,1,-0.37,2.11,1.21,2.53,0.65,0.4,33,0,1.06,-1.03,1,14,1.47
ETHUSDT,-1,-2.1,0,SL,19,3,139,0,2,0.23,1.72,0.72,1.18,0.71,0.31,251,1,1.34,-1.42,-1,4,0.86
ETHUSDT,1,-2.1,0,SL,18,4,241,0,3,-0.25,7.23,0.42,1.19,0.45,0.19,253,0,1.17,-0.62,1,10,0.47
ETHUSDT,1,-1.352,0,TIMEOUT,47,1,401,0,0,-1.62,6.68,0.52,0.52,0.44,0.19,416,0,0.53,0,1,2,0.21
ETHUSDT,-1,-2.1,0,SL,23,2,254,0,1,-0.01,2.64,0.7,0.39,0.57,0.47,50,0,0.39,-0.21,-1,2,0.38
ETHUSDT,-1,-2.1,0,SL,79,2,84,0,1,-0.46,1.35,0.39,0.51,0.64,0.55,83,1,1.52,0.06,-1,17,0.48
ETHUSDT,1,1.9,1,TP,61,1,232,0,0,-5.34,5.47,11.86,11.86,0.53,0.49,1,0,0.87,0,1,8,1.43
ETHUSDT,-1,1.9,1,TP,36,3,463,0,2,-0.39,3.02,0.25,0.35,0.3,0.19,39,0,0.25,-0.01,-1,18,0.2
ETHUSDT,1,1.9,1,TP,2,1,152,0,0,-1.88,2.7,1.01,1.01,0.39,0.26,19,0,1.15,0,1,13,0.37
ETHUSDT,-1,1.9,1,TP,5,1,166,0,0,-2.13,5.11,1.5,1.5,0.86,0.33,272,0,1.41,0,-1,15,0.83
ETHUSDT,-1,1.9,1,TP,5,3,450,0,2,-0.26,2.1,1.22,1.18,0.53,0.48,17,1,1.25,-0.55,-1,14,0.79
ETHUSDT,-1,1.9,1,TP,7,1,558,0,0,-1.69,0.55,0.83,0.83,1.07,0.42,82,0,1.85,0,-1,17,1.36
ETHUSDT,-1,1.9,1,TP,9,1,843,0,0,-3.16,7.42,1.94,1.94,1.07,0.45,367,0,2.15,0,-1,16,0.99
ETHUSDT,-1,1.9,1,TP,10,1,413,0,0,-4.76,5,4.01,4.01,0.77,0.17,35,0,0.72,0,-1,15,1.52
ETHUSDT,1,1.9,1,TP,15,3,143,0,2,-0.45,0.35,3.92,1.75,0.37,0.23,4,0,0.79,-0.38,1,15,0.55
ETHUSDT,-1,-2.1,0,SL,103,3,344,0,2,-1.28,1,3.89,1.79,0.68,0.26,110,0,1.34,-1.05,-1,15,1.01
ETHUSDT,-1,1.9,1,TP,5,2,478,0,1,0.1,0.77,3.12,3.56,0.92,0.7,160,0,2.09,-1.59,-1,15,2.52
ETHUSDT,-1,1.9,1,TP,86,3,250,0,2,-0.14,-0.54,0.6,1.86,0.32,0.14,44,0,0.7,-0.48,-1,1,0.52
ETHUSDT,1,1.9,1,TP,3,1,183,0,0,-3.19,5.6,1.92,1.92,0.6,0.31,18,0,0.62,0,1,22,0.97
ETHUSDT,1,1.9,1,TP,67,2,377,0,1,0.07,-0.6,4.16,1.27,0.54,0.42,0,0,1.03,-0.44,1,22,0.51
ETHUSDT,1,-2.1,0,SL,70,2,183,0,1,-0.54,2.78,1.13,0.59,0.48,0.21,33,0,1.2,-0.11,1,20,0.39
ETHUSDT,1,1.9,1,TP,6,1,346,0,0,-3.79,3.23,4.62,4.62,0.55,0.42,1,0,0.96,0,1,13,1.81
ETHUSDT,-1,1.9,1,TP,85,1,449,0,0,-2.33,3.74,1.69,1.69,0.24,0.13,20,0,0.18,0,-1,14,0.32
ETHUSDT,1,-2.1,0,SL,6,2,297,0,1,-0.37,-1.02,1.1,2.74,0.59,0.27,58,0,1.06,-0.66,1,13,1.45
ETHUSDT,1,-1.649,0,TIMEOUT,57,1,113,0,0,-0.94,1.86,0.84,0.84,0.36,0.3,84,0,0.74,0,1,8,0.36
ETHUSDT,-1,1.9,1,TP,1,1,212,0,0,-4.16,2.46,6.62,6.62,0.62,0.38,35,0,0.83,0,-1,13,2.94
ETHUSDT,1,1.9,1,TP,37,3,125,0,2,0.15,0.16,0.65,0.99,0.4,0.15,73,0,0.29,-0.36,1,6,0.52
ETHUSDT,1,1.9,1,TP,10,1,655,0,0,-1.23,0.87,0.27,0.27,0.56,0.21,61,0,0.85,0,1,18,0.32
ETHUSDT,-1,1.9,1,TP,26,1,311,0,0,-2.43,6.27,2.05,2.05,0.33,0.14,32,0,0.39,0,-1,7,0.25
SOLUSDT,1,1.9,1,TP,11,3,237,0,2,-1.62,7.47,0.69,3.16,1.1,0.44,223,0,2.83,1.24,1,15,3.57
SOLUSDT,-1,1.9,1,TP,8,3,172,0,2,0.33,17.63,0.68,0.71,0.44,0.36,209,0,1.4,-0.67,-1,7,0.49
SOLUSDT,1,1.9,1,TP,23,1,309,0,0,-3.4,4.98,1.6,1.6,1.19,0.52,51,0,0.61,0,1,1,0.89
SOLUSDT,1,1.9,1,TP,17,4,938,0,3,0.43,12.66,0.97,1.17,0.9,0.21,248,0,2.48,-0.98,1,13,1.38
SOLUSDT,1,1.9,1,TP,10,1,65,0,0,-3.8,5.86,1.74,1.74,1.31,0.59,4,0,2.4,0,1,7,2.04
SOLUSDT,1,-2.1,0,SL,1,1,395,0,0,-2.94,9.09,2.08,2.08,2.82,0.48,334,0,1.27,0,1,17,3.95
SOLUSDT,1,-2.1,0,SL,22,4,167,0,3,-0.8,12.34,0.89,1.19,0.73,0.4,251,0,2.07,-0.86,1,19,0.74
SOLUSDT,1,1.9,1,TP,22,1,212,0,0,-2.18,14.32,1.09,1.09,0.45,0.65,248,0,1.36,0,1,6,0.37
SOLUSDT,-1,1.9,1,TP,7,2,153,1,0,-3.99,0.36,3.79,3.79,1.2,0.61,339,0,1.6,2.28,-1,22,3.64
SOLUSDT,1,1.9,1,TP,27,2,515,0,1,0.09,29.43,0.58,0.69,0.96,0.37,510,0,1.52,-0.56,1,21,0.93
SOLUSDT,1,1.9,1,TP,13,1,1548,0,0,-3.65,9.16,1.68,1.68,0.94,1.1,410,0,0.34,0,1,15,1.61
SOLUSDT,1,-2.1,0,SL,11,3,1684,0,2,-0.18,13.34,1.18,1.25,0.82,1.07,544,0,2.45,-0.96,1,1,1.2
SOLUSDT,-1,1.9,1,TP,2,1,428,0,0,-2.46,3.32,1.77,1.77,0.9,1.75,327,0,2.73,0,-1,23,1.37
SOLUSDT,1,-2.1,0,SL,11,4,226,0,3,-0.73,10.45,1.82,0.84,1.94,1.33,630,0,5.06,-2.05,1,4,1.74
SOLUSDT,1,-2.1,0,SL,1,1,566,0,0,-2.16,14.24,2.23,2.23,2.39,1.1,973,0,4.9,0,1,17,3.4
SOLUSDT,1,1.9,1,TP,10,1,1216,0,0,-2.44,4.8,1.28,1.28,0.83,0.91,311,0,1.08,0,1,11,0.74
SOLUSDT,-1,-2.1,0,SL,7,4,171,0,3,0,2.71,0.84,1,0.66,1.06,36,0,2.16,-0.5,-1,10,0.58
SOLUSDT,-1,-2.1,0,SL,5,3,263,0,2,-0.84,1.71,0.89,0.9,1.22,1.01,161,0,2.69,-0.21,-1,4,1.61
SOLUSDT,1,1.9,1,TP,2,3,196,0,2,-0.07,2.6,1.12,1.37,0.88,0.7,60,0,2.55,-1.22,1,11,1.6
SOLUSDT,1,1.9,1,TP,1,1,450,0,0,-2.31,1.99,1.74,1.74,1.79,0.97,122,0,5.28,0,1,2,2.07
SOLUSDT,-1,1.9,1,TP,5,3,258,0,2,0.13,0.02,1.34,0.81,0.76,0.34,5,0,1.94,-0.65,-1,23,1.06
SOLUSDT,1,1.9,1,TP,4,1,249,0,0,-3.84,9.05,2.41,2.41,0.86,0.52,464,0,2.53,0,1,23,1.82
SOLUSDT,1,1.9,1,TP,3,1,446,0,0,-4.89,12.57,4.42,4.42,0.87,0.5,661,0,1.35,0,1,0,1.91
SOLUSDT,1,1.9,1,TP,3,1,748,0,0,-1.41,1.18,1.21,1.21,0.69,0.45,4,0,2.11,0,1,13,1.07
SOLUSDT,1,1.9,1,TP,17,1,1378,0,0,-2.49,9.89,0.58,0.58,0.87,0.57,298,0,2,0,1,2,0.5
SOLUSDT,1,1.9,1,TP,2,1,1894,0,0,-2.01,4.76,2.31,2.31,2.63,1.78,30,0,6.87,0,1,11,4.58
SOLUSDT,1,1.9,1,TP,11,1,2108,0,0,-3.16,2.95,2.68,2.68,1.22,1.05,1,0,2.85,0,1,17,1.72
SOLUSDT,1,1.9,1,TP,4,1,651,0,0,-3.06,2.23,6.67,6.67,1.31,0.66,213,0,3.06,0,1,15,3.21
SOLUSDT,1,1.9,1,TP,24,4,975,0,3,0.26,8.95,0.86,0.84,1.03,0.96,300,0,2.13,-1.45,1,0,1
SOLUSDT,1,-2.1,0,SL,26,1,232,0,0,-2.04,1.67,0.66,0.66,0.82,0.82,329,1,0.3,0,1,1,0.57
SOLUSDT,-1,1.9,1,TP,14,2,176,0,1,0.03,5.05,1.94,1.33,0.65,0.77,228,0,1.99,-0.72,-1,0,0.93
SOLUSDT,-1,1.9,1,TP,11,1,143,0,0,-1.79,6.68,1.26,1.26,0.66,0.36,270,0,2.02,0,-1,5,0.47
SOLUSDT,-1,1.9,1,TP,18,1,880,0,0,-2.27,2.22,0.77,0.77,0.75,0.43,37,0,2.06,0,-1,2,0.54
SOLUSDT,1,-2.1,0,SL,37,1,139,0,0,-5,7.27,3.03,3.03,0.84,0.25,43,0,1.68,0,1,18,1.45
SOLUSDT,-1,1.9,1,TP,1,1,184,0,0,-1.94,11.15,2.57,2.57,0.48,0.24,326,0,1.34,0,-1,17,0.77
SOLUSDT,1,1.9,1,TP,56,2,306,0,1,-0.11,8.05,0.87,1.82,0.54,1.13,785,0,0.8,-0.65,1,18,0.82
SOLUSDT,1,1.9,1,TP,7,3,150,0,2,1.38,4.73,1.76,3.87,0.97,0.49,329,0,1.56,-3.14,1,13,2.75
SOLUSDT,-1,-2.1,0,SL,17,2,428,0,1,0.33,1.1,0.79,1.35,0.65,0.46,10,0,1.87,-0.57,-1,19,0.81
SOLUSDT,1,1.9,1,TP,2,1,277,0,0,-3.98,7.75,2.3,2.3,0.83,0.51,186,0,1.3,0,1,16,1.3
SOLUSDT,1,1.9,1,TP,1,3,483,0,2,-0.22,2.02,0.83,1.98,0.59,0.75,113,0,1.29,-0.88,1,20,1.12
SOLUSDT,1,1.9,1,TP,3,1,940,0,0,-2.37,4.69,1.24,1.24,1.23,0.37,117,0,3.56,0,1,14,0.82
SOLUSDT,-1,1.9,1,TP,10,1,599,0,0,-1.53,23.44,1.76,1.76,0.97,0.39,643,0,0.87,0,-1,0,1.64
SOLUSDT,-1,1.9,1,TP,2,1,950,0,0,-1.78,1.36,1.06,1.06,0.87,0.52,211,0,1.7,0,-1,16,0.91
SOLUSDT,-1,1.9,1,TP,34,1,432,0,0,-3.05,2.21,1.52,1.52,0.69,0.37,80,0,0.61,0,-1,14,0.7
SOLUSDT,-1,-2.1,0,SL,2,1,848,0,0,-1.77,16.21,0.76,0.76,1.73,3.61,286,0,5.32,0,-1,12,1.19
SOLUSDT,-1,1.9,1,TP,13,3,343,0,2,-0.18,12.86,0.42,1.18,1.26,0.7,339,0,1.99,-1.01,-1,7,1.64
SOLUSDT,1,1.9,1,TP,2,1,183,0,0,-2.65,4.54,1.8,1.8,0.62,0.4,11,0,1.8,0,1,15,0.82
SOLUSDT,-1,1.9,1,TP,13,1,142,0,0,-2.45,3.68,0.58,0.58,1.01,0.74,177,0,2.01,0,-1,16,0.53
SOLUSDT,-1,1.9,1,TP,4,1,373,0,0,-2.74,5.77,1.05,1.05,1.04,0.33,165,0,2.08,0,-1,2,1.08
SOLUSDT,1,-2.1,0,SL,4,1,261,0,0,-3.84,11.15,2.94,2.94,1,0.25,220,0,2.85,0,1,13,1.65
SOLUSDT,-1,-2.1,0,SL,3,1,114,0,0,-4.94,5.79,6.35,6.35,1.44,0.64,3,0,3.42,0,-1,0,4.37
SOLUSDT,1,1.9,1,TP,17,1,207,0,0,-3.7,5.32,2.3,2.3,0.75,0.38,6,0,2.15,0,1,20,0.89
SOLUSDT,-1,1.9,1,TP,8,1,243,0,0,-1.92,1.61,1,1,0.67,0.54,125,0,1.92,0,-1,10,0.54
SOLUSDT,-1,-2.1,0,SL,33,4,893,0,3,-0.05,5.78,0.51,0.85,0.62,0.34,221,0,1.92,-0.78,-1,4,0.55
SOLUSDT,-1,1.9,1,TP,10,1,478,0,0,-1.68,3.19,1,1,0.53,0.24,48,0,0.23,0,-1,15,0.58
SOLUSDT,1,1.9,1,TP,4,1,162,0,0,-2.82,0.5,1.09,1.09,0.48,0.42,162,0,0.98,0,1,14,0.38
SOLUSDT,1,1.9,1,TP,14,1,459,0,0,-3.31,2.42,2.24,2.24,0.7,0.31,179,0,1.52,0,1,16,1.01
SOLUSDT,-1,1.9,1,TP,4,2,461,0,1,0.02,22.13,0.59,0.44,3.17,1.7,304,0,5.78,-0.58,-1,18,2.03
SOLUSDT,-1,-2.1,0,SL,2,2,258,0,1,0.32,-1.67,0.72,5.1,0.8,0.24,169,0,1.21,-1.57,-1,18,2.88
SOLUSDT,-1,1.9,1,TP,15,1,438,0,0,-3.1,3.27,1.76,1.76,0.4,0.07,41,0,0.33,0,-1,23,0.68
SOLUSDT,1,1.9,1,TP,45,2,111,0,1,-0.23,2.83,0.38,1.14,0.52,0.35,34,0,1.55,-0.24,1,19,0.55
SOLUSDT,1,-2.1,0,SL,16,2,505,0,1,-0.31,19.97,0.4,0.35,0.85,0.28,297,0,2.5,-0.25,1,22,0.63
SOLUSDT,1,1.9,1,TP,18,4,167,0,3,0,-0.67,3.23,2.46,0.85,0.43,0,0,1.9,-1.12,1,20,1.67
SOLUSDT,-1,1.9,1,TP,86,3,136,0,2,-0.79,3.09,0.46,1.06,0.75,0.42,24,0,2.1,0.07,-1,17,0.95
SOLUSDT,-1,1.9,1,TP,18,1,993,0,0,-1.59,2.89,2.42,2.42,0.34,0.36,42,0,0.95,0,-1,16,0.41
SOLUSDT,-1,1.9,1,TP,72,4,1133,0,3,-0.27,1.07,0.87,0.67,0.66,0.51,13,0,1.4,-0.71,-1,3,0.46
SOLUSDT,-1,1.9,1,TP,2,4,135,0,3,-0.14,4.33,0.73,0.82,0.52,0.92,302,0,1.33,-0.56,-1,11,0.48
SOLUSDT,-1,1.9,1,TP,18,1,131,0,0,-2.83,4.11,6.1,6.1,0.29,0.14,17,0,0.72,0,-1,17,1.1
SOLUSDT,1,-2.1,0,SL,38,1,712,0,0,-1.92,1.24,1.25,1.25,0.52,0.48,66,0,1.32,0,1,8,0.47
SOLUSDT,-1,1.9,1,TP,8,1,416,0,0,-1.56,2.6,0.79,0.79,0.73,0.29,37,0,1.02,0,-1,16,0.84
SOLUSDT,-1,1.9,1,TP,5,1,117,0,0,-3.03,3.57,1.38,1.38,0.69,0.41,225,0,0.34,0,-1,0,0.56
SOLUSDT,-1,1.9,1,TP,41,1,709,0,0,-4.24,2.89,5.73,5.73,0.47,0.21,152,0,0.55,0,-1,3,1.24
SOLUSDT,1,1.9,1,TP,198,1,515,0,0,-3.6,4.08,2.06,2.06,0.4,0.32,106,0,0.27,0,1,5,0.45
SOLUSDT,-1,1.9,1,TP,8,1,176,0,0,-1.09,0.28,0.87,0.87,0.55,0.29,97,0,1.59,0,-1,12,0.41
SOLUSDT,-1,1.9,1,TP,5,1,386,0,0,-2.27,1.62,0.96,0.96,0.69,0.7,4,1,1.19,0,-1,16,0.75
SOLUSDT,1,1.9,1,TP,15,4,267,0,3,-0.03,0.76,3.59,2.83,0.68,0.2,6,0,0.9,-1.71,1,18,1.36
SOLUSDT,-1,1.9,1,TP,12,1,133,0,0,-1.18,2.78,0.43,0.43,0.7,0.76,58,1,1.64,0,-1,4,0.37
SOLUSDT,1,1.9,1,TP,25,4,436,0,3,-0.17,2.26,0.79,1.53,0.88,0.44,53,0,0.88,-0.01,1,21,2.05
SOLUSDT,-1,1.9,1,TP,3,1,261,0,0,-3.1,0.71,1.78,1.78,0.92,0.61,123,0,0.31,0,-1,15,1.82
SOLUSDT,-1,1.9,1,TP,12,1,472,0,0,-1.47,6.84,0.92,0.92,0.46,0.63,334,0,1.32,0,-1,20,0.48
SOLUSDT,1,-0.578,0,TIMEOUT,177,4,200,0,3,1.02,11.41,0.83,1.57,0.63,0.43,303,0,1.55,-1.53,1,17,1.16
SOLUSDT,-1,1.9,1,TP,77,1,477,0,0,-0.69,0.23,0.56,0.56,0.68,0.25,152,0,0.74,0,-1,21,0.38
SOLUSDT,-1,-2.1,0,SL,24,1,395,0,0,-0.93,4.59,1.03,1.03,0.36,0.25,52,0,1,0,-1,8,0.33
SOLUSDT,1,-2.1,0,SL,101,1,179,0,0,-1.69,2.7,0.78,0.78,0.59,0.4,25,0,1.32,0,1,23,0.44
SOLUSDT,1,1.9,1,TP,14,2,399,0,1,-0.03,1.61,0.66,0.65,0.53,0.16,40,0,0.63,-0.38,1,6,0.51
SOLUSDT,1,1.9,1,TP,13,1,492,0,0,-2.62,5.85,2.32,2.32,0.54,0.31,41,0,1.49,0,1,11,1.11
SOLUSDT,1,1.9,1,TP,3,1,840,0,0,-1.84,10.22,1.7,1.7,0.98,0.33,178,0,2.45,0,1,2,0.95
SOLUSDT,1,-2.1,0,SL,1,1,920,0,0,-4.27,5.43,6.71,6.71,1.59,0.46,38,0,2.77,0,1,22,5.45
SOLUSDT,1,1.9,1,TP,13,2,1462,0,1,-0.73,1.49,0.86,1.1,0.52,1.14,286,0,1.31,0.42,1,14,0.69
SOLUSDT,1,-2.1,0,SL,7,4,440,0,3,-0.33,17.4,0.57,2.13,0.76,0.26,627,0,1.84,-0.18,1,23,1.07
SOLUSDT,-1,1.9,1,TP,9,2,191,0,1,-0.46,2.52,1.93,1.76,1.02,0.83,41,0,2.43,-1.04,-1,12,1.6
SOLUSDT,-1,1.9,1,TP,7,3,302,0,2,-0.41,5.57,1.82,1.8,0.54,0.44,289,0,1.45,-0.62,-1,0,0.67
SOLUSDT,1,1.9,1,TP,5,1,455,0,0,-2.21,2.75,1.77,1.77,0.78,0.58,266,0,0.15,0,1,16,1.07
SOLUSDT,1,1.9,1,TP,19,1,535,0,0,-1.35,13.2,0.73,0.73,1.03,0.57,271,1,3.28,0,1,17,1.05
SOLUSDT,-1,1.9,1,TP,11,4,301,0,3,-0.02,-0.63,0.55,0.52,0.65,0.48,262,0,1.85,-0.74,-1,23,0.5
SOLUSDT,-1,1.9,1,TP,12,1,283,0,0,-3.2,5.71,2.19,2.19,0.56,0.46,75,0,1.59,0,-1,13,0.93
SOLUSDT,-1,1.9,1,TP,4,1,763,0,0,-1.56,4.48,1.12,1.12,1.13,2.53,358,0,3.35,0,-1,13,1.21
SOLUSDT,-1,1.9,1,TP,16,1,387,0,0,-3.43,1.67,2.27,2.27,0.55,2.43,1453,0,0.77,0,-1,23,0.74
SOLUSDT,1,1.9,1,TP,46,1,438,0,0,-3.67,24.8,5.05,5.05,0.74,0.63,450,0,1.15,0,1,5,1.72
SOLUSDT,-1,1.9,1,TP,7,1,323,0,0,-1.49,2.05,1.07,1.07,0.68,0.42,4,1,1.35,0,-1,2,0.64
SOLUSDT,1,1.9,1,TP,8,1,225,0,0,-2.33,7.37,1.39,1.39,0.61,0.64,383,0,1.43,0,1,0,0.67
SOLUSDT,-1,1.9,1,TP,12,1,171,0,0,-2.27,11.09,0.75,0.75,0.89,0.35,245,0,1.99,0,-1,20,0.58
SOLUSDT,1,1.9,1,TP,8,4,147,0,3,-0.62,1.07,0.55,0.39,0.57,0.7,15,1,1.33,0.2,1,3,0.46
SOLUSDT,1,-2.1,0,SL,60,2,211,0,1,-0.1,18.74,1.29,1.59,0.52,0.41,228,1,1.48,-0.56,1,23,0.8
SOLUSDT,-1,-2.1,0,SL,23,3,1132,0,2,0.03,0.23,1.13,1.18,0.51,0.17,36,0,0.58,-0.98,-1,16,0.7
SOLUSDT,1,1.9,1,TP,19,1,378,0,0,-2.16,1.89,1.04,1.04,0.62,0.48,286,0,0.83,0,1,16,0.93
SOLUSDT,1,1.9,1,TP,8,2,1507,0,1,0.06,3.35,0.57,1,0.67,0.32,51,0,1.05,-0.57,1,10,0.78
SOLUSDT,-1,1.9,1,TP,1,1,246,0,0,-3.12,20.17,1.51,1.51,0.84,0.44,611,0,1.81,0,-1,13,0.86
SOLUSDT,1,1.9,1,TP,6,4,561,0,3,-1.76,0.93,1.93,2.52,0.43,0.19,114,0,0.77,0.01,1,13,0.86
SOLUSDT,-1,-2.1,0,SL,2,4,293,0,3,0.21,1.47,0.85,0.82,1.03,0.52,12,0,2.25,-1.21,-1,17,2
SOLUSDT,-1,1.9,1,TP,9,1,530,0,0,-0.86,3.97,0.86,0.86,0.63,0.52,252,0,0.9,0,-1,4,0.74
SOLUSDT,1,1.9,1,TP,13,1,870,0,0,-2.37,1.05,1.96,1.96,1.05,4.41,337,2,1.96,0,1,5,0.84
SOLUSDT,1,-2.1,0,SL,21,4,141,0,3,-0.15,4.05,6.68,3.03,0.85,0.52,289,0,1.74,-1.69,1,14,1.71
SOLUSDT,-1,1.9,1,TP,2,1,426,0,0,-2.4,24.35,4.11,4.11,1.14,0.52,426,0,2.97,0,-1,2,1.96
SOLUSDT,1,-2.1,0,SL,47,3,134,0,2,0.08,4.66,1.22,1.67,0.73,0.74,144,0,1.75,-0.7,1,2,0.56
SOLUSDT,-1,-2.1,0,SL,43,1,603,0,0,-0.73,0.69,0.78,0.78,0.57,0.34,116,0,0.82,0,-1,3,0.46
SOLUSDT,1,-2.1,0,SL,40,3,424,0,2,-0.04,0.69,0.62,0.83,0.95,0.39,130,0,2.7,-1.14,1,5,1.35
SOLUSDT,1,1.9,1,TP,24,3,402,0,2,-0.14,0.06,3.14,2.51,0.93,0.26,1,0,2.15,-1.83,1,7,1.92
SOLUSDT,1,1.9,1,TP,14,2,530,1,0,-1.54,0.03,1.27,1.27,0.7,0.26,131,0,1.86,0.59,1,15,0.9
SOLUSDT,-1,-2.1,0,SL,27,2,464,0,1,-0.43,9.88,1.11,1.16,0.68,0.48,310,0,1.33,-0.3,-1,15,1.07
SOLUSDT,1,-1.07,0,TIMEOUT,46,1,110,0,0,-2.98,4.64,3.2,3.2,0.42,0.39,172,0,0.85,0,1,17,0.73
SOLUSDT,-1,1.9,1,TP,8,1,286,0,0,-3.61,2.57,2.18,2.18,0.53,0.34,69,0,0.93,0,-1,15,0.63
SOLUSDT,1,1.9,1,TP,50,4,665,0,3,-0.42,3.52,1.6,2.45,0.39,0.23,77,0,0.85,-0.17,1,14,0.68
SOLUSDT,1,1.9,1,TP,4,1,146,0,0,-3.65,4.74,1.99,1.99,1.13,0.51,10,0,0.73,0,1,14,1.32
SOLUSDT,1,-2.1,0,SL,8,3,244,0,2,-1.05,7.19,0.46,8.66,0.52,0.22,350,0,0.48,0.47,1,12,2.35
SOLUSDT,1,1.9,1,TP,30,1,235,0,0,-4.36,4.52,6.37,6.37,0.63,0.17,207,0,0.96,0,1,8,1.36
SOLUSDT,1,1.9,1,TP,11,1,601,0,0,-2.03,3.36,0.4,0.4,0.45,0.25,7,0,0.72,0,1,4,0.34
SOLUSDT,-1,1.9,1,TP,12,1,111,0,0,-1.36,3.36,0.51,0.51,0.96,0.53,88,0,2.21,0,-1,17,0.78
SOLUSDT,1,-2.1,0,SL,42,1,49,0,0,-2.39,5.13,0.83,0.83,0.63,0.25,85,0,1.19,0,1,5,0.46
SOLUSDT,-1,1.9,1,TP,14,4,90,0,3,-0.04,2.23,1.48,0.51,0.73,0.36,296,0,1.1,-0.71,-1,0,0.66
SOLUSDT,-1,1.9,1,TP,6,1,554,0,0,-2.49,2.09,1.78,1.78,1.23,0.3,52,0,1.61,0,-1,16,1.6
SOLUSDT,1,-2.1,0,SL,60,1,195,0,0,-4.09,6.25,0.73,0.73,0.85,0.26,27,0,1.79,0,1,18,1.1
SOLUSDT,-1,1.9,1,TP,3,1,195,0,0,-5.84,9.45,10.59,10.59,0.71,0.53,253,0,1.13,0,-1,0,2.4
SOLUSDT,-1,-2.1,0,SL,14,2,242,0,1,-0.1,0.35,0.66,0.65,0.75,0.23,138,0,1.1,-0.67,-1,1,0.85
SOLUSDT,1,1.9,1,TP,3,1,120,0,0,-6.16,7.82,4.96,4.96,0.8,0.45,4,0,0.66,0,1,16,2.14
SOLUSDT,-1,-2.1,0,SL,73,2,806,0,1,-0.19,3.19,0.29,0.42,0.21,0.18,67,0,0.02,-0.02,-1,6,0.17
SOLUSDT,-1,-1.174,0,TIMEOUT,79,2,249,0,1,-0.33,1.54,0.27,0.18,0.47,0.33,36,0,0.76,0.03,-1,19,0.22
SOLUSDT,-1,1.9,1,TP,6,1,183,0,0,-1.74,3.09,0.85,0.85,0.53,0.71,141,0,1.63,0,-1,12,0.5
SOLUSDT,-1,1.9,1,TP,42,1,72,0,0,-1.8,4.82,1.38,1.38,0.59,0.47,133,0,1.26,0,-1,8,0.79
SOLUSDT,-1,1.9,1,TP,11,3,126,0,2,-0.81,0.87,2.39,1.56,0.8,0.36,0,0,1.76,-0.35,-1,1,1.08
SOLUSDT,1,1.9,1,TP,82,3,446,0,2,-0.74,0.51,0.85,0.99,0.29,1.21,193,1,0.06,-0.2,1,1,0.36
SOLUSDT,1,1.9,1,TP,8,4,132,0,3,-0.01,11.67,0.37,0.64,0.45,0.47,157,0,1.3,-0.14,1,3,0.4
SOLUSDT,-1,-2.1,0,SL,3,2,445,0,1,-0.06,0.08,0.86,1.97,0.46,0.21,236,0,0.58,-0.29,-1,0,0.6
SOLUSDT,1,1.9,1,TP,4,1,460,0,0,-2.74,5.47,2.12,2.12,0.44,0.22,152,0,1.06,0,1,17,0.69
SOLUSDT,-1,1.9,1,TP,25,4,166,0,3,0.4,-0.74,0.5,3.76,0.43,0.26,4,0,0.89,-0.6,-1,7,0.71
SOLUSDT,-1,-2.1,0,SL,3,3,328,0,2,-0.47,5.06,6.05,3.84,0.51,0.3,163,0,1.04,-0.57,-1,14,1.34
SOLUSDT,-1,1.9,1,TP,82,1,523,0,0,-1.87,2.37,0.62,0.62,0.31,0.29,179,0,0.26,0,-1,15,0.31
SOLUSDT,1,1.9,1,TP,9,1,280,0,0,-4.96,5.49,2.19,2.19,0.55,0.34,2,0,0.88,0,1,21,0.8
SOLUSDT,1,1.9,1,TP,22,2,236,0,1,0.12,7.86,0.56,0.82,0.82,0.38,308,0,1.43,-0.7,1,4,0.9
XRPUSDT,-1,-2.1,0,SL,1,1,151,0,0,-4.95,4.75,19.55,19.55,2.52,1.97,0,0,5.8,0,-1,22,13.34
XRPUSDT,-1,1.9,1,TP,1,1,444,0,0,-1.69,20.23,0.57,0.57,1.03,2.39,461,0,3.04,0,-1,3,0.96
XRPUSDT,1,1.9,1,TP,13,1,387,0,0,-1.87,3.57,1.16,1.16,0.67,0.44,127,0,1.47,0,1,7,0.83
XRPUSDT,1,1.9,1,TP,3,1,352,0,0,-2.13,14.82,1.93,1.93,0.76,0.92,337,0,2.39,0,1,4,1.06
XRPUSDT,1,-2.1,0,SL,19,3,658,0,2,-0.09,1.69,1.05,0.62,0.6,0.27,15,0,1.85,-0.62,1,8,0.43
XRPUSDT,-1,1.9,1,TP,4,1,300,0,0,-2.09,1.5,2.27,2.27,1.31,1.17,93,0,3.1,0,-1,15,2.11
XRPUSDT,1,1.9,1,TP,3,3,241,0,2,-0.11,5.77,0.96,1.1,1.19,1.07,470,0,3.7,-1.08,1,12,1.5
XRPUSDT,-1,1.9,1,TP,3,1,117,0,0,-2.4,8.23,1.36,1.36,0.94,0.49,237,0,2.22,0,-1,11,0.97
XRPUSDT,-1,1.9,1,TP,15,1,332,0,0,-2.19,1.19,1.29,1.29,0.65,0.28,140,0,0.57,0,-1,17,0.82
XRPUSDT,-1,1.9,1,TP,77,4,462,0,3,-0.62,0.86,1.72,1.85,0.6,0.4,1,0,1.33,-0.8,-1,15,0.7
XRPUSDT,1,1.9,1,TP,32,1,221,0,0,-2.96,6.35,1.45,1.45,0.59,0.47,150,0,1.51,0,1,23,0.86
XRPUSDT,1,1.9,1,TP,1,1,420,0,0,-4.07,11.89,3.38,3.38,0.54,0.45,349,0,1.27,0,1,0,0.95
XRPUSDT,1,1.9,1,TP,2,4,569,0,3,1.11,10.88,1.61,4.28,0.8,0.44,495,0,0.75,-2.39,1,14,2.6
XRPUSDT,1,-2.1,0,SL,49,4,1122,0,3,-0.18,1.55,1.25,1.34,0.95,0.57,4,0,0.75,-1.24,1,8,1.2
XRPUSDT,1,1.9,1,TP,8,1,630,0,0,-2.66,4.13,2.81,2.81,1.2,1.26,41,1,3.57,0,1,7,1.24
XRPUSDT,-1,1.9,1,TP,13,1,535,0,0,-2.29,1.64,1.59,1.59,0.91,0.64,248,0,0.83,0,-1,4,1.07
XRPUSDT,-1,1.9,1,TP,71,2,157,0,1,0.26,0.07,0.84,0.65,0.38,0.38,34,0,1.13,-0.33,-1,4,0.48
XRPUSDT,1,1.9,1,TP,38,3,434,0,2,-0.14,0.56,2.92,1.34,0.88,0.47,7,0,1.9,-1.49,1,14,1.41
XRPUSDT,1,1.9,1,TP,1,1,531,0,0,-2.13,1.25,0.56,0.56,0.89,0.36,81,0,0.78,0,1,14,0.44
XRPUSDT,1,1.9,1,TP,16,1,284,0,0,-3.76,3.76,6.21,6.21,1.15,0.39,103,1,1.8,0,1,13,3.4
XRPUSDT,-1,1.9,1,TP,16,1,444,0,0,-0.68,0.02,0.68,0.68,0.5,0.19,134,0,0.47,0,-1,17,0.34
XRPUSDT,-1,1.9,1,TP,3,3,726,0,2,-1.1,2.84,1.9,2.39,1.09,1.62,54,1,2.68,-0.15,-1,15,1.32
XRPUSDT,-1,1.9,1,TP,51,3,996,0,2,-0.11,2.12,1.62,2.71,0.43,0.38,78,1,0.68,-0.42,-1,11,0.59
XRPUSDT,-1,1.9,1,TP,2,2,212,0,1,-0.26,1.09,1.69,3.61,1.75,0.58,7,0,3.78,-1.96,-1,16,2.66
XRPUSDT,1,-2.1,0,SL,5,3,458,0,2,-0.34,6.44,2.32,1.42,0.99,0.44,361,1,2.8,-1.27,1,0,1.67
XRPUSDT,-1,1.9,1,TP,5,1,302,0,0,-2.08,2.87,0.8,0.8,0.82,0.22,36,0,0.41,0,-1,1,0.55
XRPUSDT,-1,1.9,1,TP,12,1,1590,0,0,-1.77,5.7,3.22,3.22,0.42,0.39,246,0,1.19,0,-1,11,0.62
XRPUSDT,1,-2.1,0,SL,12,3,214,0,2,-0.26,3.32,0.82,0.98,0.54,0.24,175,0,0.65,-0.9,1,7,0.47
XRPUSDT,-1,1.9,1,TP,1,1,321,0,0,-2.52,2.84,1.34,1.34,1.09,0.52,4,0,2.93,0,-1,9,1.08
XRPUSDT,1,1.9,1,TP,61,3,267,0,2,0.09,6.4,0.58,1.09,0.39,0.49,61,0,0.5,-0.26,1,5,0.28
XRPUSDT,1,1.9,1,TP,42,3,419,0,2,0.25,5.94,0.95,2.25,1.68,0.4,134,0,4.53,-3.29,1,2,3.53
XRPUSDT,1,-2.1,0,SL,24,3,170,0,2,1.75,5.52,1.29,4.31,0.85,0.38,169,0,2.11,-2.91,1,13,2.66
XRPUSDT,1,1.9,1,TP,20,1,275,0,0,-3.48,6.05,1.23,1.23,0.9,0.43,39,0,0.49,0,1,15,1.04
XRPUSDT,1,1.9,1,TP,3,1,243,0,0,-4.61,4.9,7.18,7.18,0.78,0.57,2,1,0.28,0,1,20,2.3
XRPUSDT,1,1.9,1,TP,1,2,450,0,1,-0.05,2.1,0.72,0.97,0.46,0.49,59,0,1.07,-0.11,1,17,0.42
XRPUSDT,1,-0.937,0,TIMEOUT,124,3,706,0,2,0.09,6.2,1.38,3.28,0.4,0.41,253,0,1.15,-0.43,1,9,0.81
XRPUSDT,-1,1.9,1,TP,12,1,995,0,0,-2.35,4.79,0.95,0.95,0.42,0.23,15,0,0.5,0,-1,23,0.8
XRPUSDT,1,1.9,1,TP,3,1,82,0,0,-3.24,6.39,2.88,2.88,0.61,0.24,163,0,1.07,0,1,2,1.03
XRPUSDT,1,-2.1,0,SL,53,4,78,0,3,0.01,1.91,0.63,1,0.55,0.45,25,0,1.7,-0.35,1,4,0.66
XRPUSDT,-1,1.9,1,TP,2,1,842,0,0,-2.65,27.66,3.11,3.11,1.01,1.06,469,0,1.29,0,-1,10,2.07
XRPUSDT,-1,1.9,1,TP,12,2,149,0,1,-1.93,1.22,1.35,6.66,0.56,0.33,150,0,0.84,-0.23,-1,9,1.56
XRPUSDT,1,1.9,1,TP,19,1,321,0,0,-2.97,7.38,2.26,2.26,0.55,0.36,533,0,1.52,0,1,20,0.84
XRPUSDT,-1,-2.1,0,SL,16,2,285,0,1,0.18,3.28,0.37,1.31,1.02,0.29,163,0,1.56,-1.43,-1,14,1.67
XRPUSDT,1,1.9,1,TP,20,1,154,0,0,-2.03,1.64,1.09,1.09,0.57,0.5,6,0,1.71,0,1,11,0.67
XRPUSDT,-1,1.9,1,TP,10,1,141,0,0,-3,4.56,1.58,1.58,0.6,0.28,163,1,1.14,0,-1,1,0.63
XRPUSDT,-1,-1.834,0,TIMEOUT,64,4,213,0,3,-0.28,3.41,0.39,0.99,0.37,0.3,19,0,1.14,-0.38,-1,11,0.27
XRPUSDT,-1,1.9,1,TP,13,4,295,0,3,0.05,0.51,1.16,1.15,0.46,0.35,217,0,1.17,-1.07,-1,4,0.53
XRPUSDT,-1,1.9,1,TP,7,1,182,0,0,-1.63,2.17,1.24,1.24,0.48,0.63,30,0,1.32,0,-1,13,0.57
XRPUSDT,1,-2.1,0,SL,1,3,420,0,2,0.26,16.11,2.95,1.48,1.48,0.82,361,0,4.43,-2.06,1,6,1.49
XRPUSDT,1,1.9,1,TP,14,1,486,0,0,-3.37,3.55,4.74,4.74,0.53,0.49,2,0,1.27,0,1,15,1.28
XRPUSDT,1,-2.1,0,SL,34,3,449,0,2,0.26,1.7,1.14,1.3,0.57,0.15,15,0,0.79,-0.76,1,14,0.92
XRPUSDT,-1,-0.948,0,TIMEOUT,148,2,173,0,1,-0.46,0.7,1.97,1.32,0.41,0.18,6,1,1.05,0.03,-1,0,0.41
XRPUSDT,-1,-0.538,0,TIMEOUT,97,4,353,0,3,-0.13,1.45,0.42,0.64,0.48,0.26,5,0,0.98,-0.75,-1,21,0.34
XRPUSDT,-1,1.9,1,TP,98,1,283,0,0,-2.28,4.92,1.41,1.41,0.3,0.33,209,0,0.85,0,-1,0,0.38
XRPUSDT,1,-1.05,0,TIMEOUT,107,3,148,0,2,0.24,0.37,0.41,0.88,0.46,0.35,152,0,1.3,-0.4,1,6,0.58
XRPUSDT,1,1.9,1,TP,1,1,241,0,0,-2.61,1.84,7.77,7.77,0.51,0.6,0,0,1.15,0,1,7,1.31
XRPUSDT,-1,1.9,1,TP,37,1,484,0,0,-3.24,3.24,3.34,3.34,0.69,0.68,3,1,0.53,0,-1,9,1.23
XRPUSDT,1,1.9,1,TP,8,3,259,0,2,-0.33,0.37,1.28,0.9,0.26,0.56,105,0,0.71,-0.24,1,16,0.34
XRPUSDT,-1,1.9,1,TP,24,2,307,0,1,0.4,-1.08,0.75,1.48,0.4,0.28,183,0,0.53,-0.56,-1,21,0.73
XRPUSDT,-1,1.9,1,TP,99,2,865,0,1,0,1.24,0.67,0.68,0.56,0.16,21,0,0.15,-0.49,-1,22,0.86
XRPUSDT,-1,-2.1,0,SL,5,4,347,0,3,0.1,-0.52,1.03,2.49,0.64,0.39,97,1,0.65,-0.81,-1,13,0.91
XRPUSDT,1,1.9,1,TP,8,1,337,0,0,-1.31,3.18,0.53,0.53,0.65,0.23,85,0,0.98,0,1,10,0.31
XRPUSDT,1,1.9,1,TP,13,1,904,0,0,-2.74,5.02,2.35,2.35,0.83,0.34,107,0,1.89,0,1,8,1.62
XRPUSDT,-1,-0.95,0,TIMEOUT,181,3,716,0,2,-0.44,1.35,0.81,1.25,0.29,0.2,7,0,0.47,-0.3,-1,20,0.24
XRPUSDT,1,-2.1,0,SL,23,4,126,0,3,0.06,0.9,0.69,1.04,0.76,0.7,4,0,0.91,-1.28,1,2,0.55
XRPUSDT,-1,1.9,1,TP,15,2,444,0,1,0.17,2.83,0.6,0.69,0.35,0.19,71,0,1.12,-0.19,-1,11,0.24
XRPUSDT,-1,-2.1,0,SL,72,4,894,0,3,-0.61,2.49,0.63,0.38,0.35,0.26,66,0,0.41,0.09,-1,3,0.26
XRPUSDT,1,1.9,1,TP,24,3,875,0,2,-0.39,1.88,0.85,1.53,0.27,0.15,14,0,0.82,-0.13,1,9,0.38
XRPUSDT,-1,-1.321,0,TIMEOUT,62,4,426,0,3,0.31,0.2,0.99,0.73,0.32,0.15,6,0,0.68,-0.6,-1,2,0.47
XRPUSDT,1,-2.1,0,SL,1,1,259,0,0,-9.25,10.12,106.8,106.8,1.29,0.11,0,0,0.92,0,1,15,15.71
XRPUSDT,1,1.9,1,TP,13,1,530,0,0,-2.12,2.82,1.82,1.82,1.18,0.38,4,0,2.07,0,1,11,2.1
XRPUSDT,1,-2.1,0,SL,7,3,738,0,2,-0.32,2.25,0.68,0.54,1.03,0.49,90,0,2.07,-0.47,1,15,0.69
XRPUSDT,-1,1.9,1,TP,11,1,184,0,0,-2.08,0.78,6.84,6.84,0.32,0.26,0,0,0.81,0,-1,14,1.02
XRPUSDT,-1,1.9,1,TP,14,2,265,0,1,-1.29,1.2,1.4,1.41,0.25,0.1,15,0,0.54,0.27,-1,15,0.45
XRPUSDT,-1,-2.1,0,SL,95,2,252,1,0,-3.72,0.49,6.41,6.41,0.4,0.29,165,0,0.31,0.81,-1,14,0.99
XRPUSDT,1,1.9,1,TP,60,1,353,0,0,-2.7,2.58,1.63,1.63,0.35,0.2,60,0,0.18,0,1,11,0.48
XRPUSDT,1,-2.1,0,SL,122,4,232,0,3,-0.03,6.22,0.58,1.49,0.23,0.15,189,0,0.62,-0.31,1,12,0.31
XRPUSDT,1,-1.089,0,TIMEOUT,83,3,277,0,2,0.14,0.79,0.74,0.98,0.26,0.25,70,1,0.7,-0.28,1,23,0.13
XRPUSDT,1,1.9,1,TP,117,2,1431,0,1,-0.56,0.6,0.59,0.41,0.47,0.21,132,0,1.46,0.11,1,19,0.38
XRPUSDT,1,1.9,1,TP,41,2,1915,0,1,-0.42,0.82,0.49,0.79,0.53,0.88,38,1,1.53,0.22,1,20,0.41
XRPUSDT,-1,1.9,1,TP,124,2,223,0,1,-0.06,11.07,0.79,0.58,0.49,0.47,256,0,1.42,-0.06,-1,4,0.38
XRPUSDT,-1,1.9,1,TP,2,1,468,0,0,-2.71,2.11,4.26,4.26,0.82,0.56,85,1,1.29,0,-1,18,2.85
XRPUSDT,-1,1.9,1,TP,6,1,645,0,0,-1.95,1.57,1.11,1.11,0.81,0.81,4,0,1.12,0,-1,14,0.86
XRPUSDT,1,-2.1,0,SL,25,2,374,0,1,-0.23,0.48,0.95,1.14,0.3,0.4,221,1,0.63,-0.1,1,16,0.23
XRPUSDT,-1,1.9,1,TP,16,1,870,0,0,-0.45,1.5,1.5,1.5,0.32,0.42,308,0,0.51,0,-1,0,0.42
XRPUSDT,1,-2.1,0,SL,77,1,291,0,0,-2.17,1.35,0.77,0.77,0.5,0.28,213,0,0.49,0,1,18,0.45
XRPUSDT,1,-0.688,0,TIMEOUT,91,1,298,0,0,-1.29,1.98,0.87,0.87,0.28,0.13,19,0,0.73,0,1,4,0.4
XRPUSDT,1,-0.991,0,TIMEOUT,84,1,442,0,0,-2.08,1.67,0.81,0.81,0.41,0.13,163,0,0.21,0,1,16,0.45
XRPUSDT,1,1.9,1,TP,4,4,620,0,3,-0.1,0.44,1.11,2.41,0.85,0.33,105,0,1.94,-0.68,1,9,1.55
XRPUSDT,-1,-1.597,0,TIMEOUT,58,4,273,0,3,0.04,-1.02,1.74,0.68,1.11,0.37,147,0,0.25,-1.99,-1,17,0.79
XRPUSDT,1,-2.1,0,SL,9,2,6,0,1,-0.18,6.32,0.76,1.19,0.32,0.37,209,0,1.08,-0.02,1,8,0.27
XRPUSDT,-1,-2.1,0,SL,2,1,429,0,0,-2.63,6.27,3.27,3.27,1.41,0.53,310,0,1.43,0,-1,7,2.98
XRPUSDT,-1,1.9,1,TP,36,1,468,0,0,-3.03,4.02,3.87,3.87,0.7,0.11,24,0,0.55,0,-1,6,1.65
XRPUSDT,1,-2.1,0,SL,47,2,606,0,1,-0.33,11.86,0.81,0.77,0.36,0.31,272,1,1.17,0,1,2,0.27
XRPUSDT,-1,1.9,1,TP,12,1,541,0,0,-2.54,5.8,2.23,2.23,0.48,0.1,140,0,1.28,0,-1,9,0.72
XRPUSDT,-1,1.9,1,TP,32,1,434,0,0,-1.28,23.33,0.67,0.67,0.22,0.5,461,0,0.64,0,-1,18,0.16
XRPUSDT,-1,1.9,1,TP,19,1,320,0,0,-2.3,1.88,5.02,5.02,0.54,0.35,1,0,0.58,0,-1,2,0.96
XRPUSDT,1,-2.1,0,SL,52,1,366,0,0,-3.58,4.51,3.31,3.31,0.65,0.47,95,0,1.71,0,1,9,1.26
XRPUSDT,-1,1.9,1,TP,75,2,318,0,1,0.22,1.07,0.63,0.45,0.39,0.54,321,0,0.89,-0.14,-1,23,0.21
XRPUSDT,1,1.9,1,TP,36,1,51,0,0,-3.3,3.69,2.44,2.44,0.45,0.79,7,3,0.86,0,1,8,0.45
XRPUSDT,-1,1.9,1,TP,1,1,156,0,0,-3.61,4.5,6.19,6.19,0.76,0.47,133,0,1.19,0,-1,21,1.83
XRPUSDT,-1,1.9,1,TP,80,2,257,0,1,-0.05,6.52,0.42,0.39,0.59,0.47,233,0,1.79,-0.04,-1,23,0.21
XRPUSDT,-1,1.9,1,TP,81,1,558,0,0,-3.79,2.47,2.21,2.21,0.24,0.21,209,0,0.66,0,-1,2,0.34
XRPUSDT,-1,1.9,1,TP,44,4,189,1,2,-0.12,-1.01,2.23,0.95,0.35,0.35,185,0,0.74,-0.06,-1,15,0.22
XRPUSDT,1,-2.1,0,SL,5,4,1402,0,3,-0.1,3.34,1.35,1.07,1.23,1.75,387,0,2.94,-1.38,1,15,1.68
XRPUSDT,-1,1.9,1,TP,19,1,316,0,0,-1.54,2.07,0.8,0.8,0.46,0.58,225,0,1.15,0,-1,17,0.5
XRPUSDT,-1,-2.1,0,SL,3,1,182,0,0,-3.7,3.56,3.53,3.53,1.2,0.32,124,0,0.49,0,-1,15,3.07
XRPUSDT,-1,1.9,1,TP,19,1,314,0,0,-0.86,2.16,3.53,3.53,0.59,0.6,48,1,1.48,0,-1,7,0.98
XRPUSDT,-1,1.9,1,TP,12,3,453,0,2,0.03,8.18,2.23,2.18,0.94,0.72,171,0,2.52,-2.47,-1,14,1.65
XRPUSDT,-1,1.9,1,TP,10,4,407,0,3,0.01,9.59,4.29,1.67,0.88,0.49,272,0,1.82,-1.98,-1,1,1.63
XRPUSDT,-1,1.9,1,TP,21,1,197,0,0,-1.95,6.77,0.82,0.82,1.38,0.67,188,0,2.47,0,-1,19,1.37
XRPUSDT,-1,-1.192,0,TIMEOUT,59,1,374,0,0,-1.83,9.65,0.7,0.7,0.25,0.68,351,1,0.74,0,-1,9,0.19
XRPUSDT,1,1.9,1,TP,4,1,132,0,0,-2.41,1.29,2.56,2.56,0.46,0.17,129,0,0.9,0,1,14,0.72
XRPUSDT,-1,1.9,1,TP,151,2,271,0,1,-0.3,0.73,1.33,1.08,0.22,0.29,79,1,0.69,-0.06,-1,8,0.18
XRPUSDT,1,1.9,1,TP,5,4,391,0,3,-0.43,1.07,0.77,1.04,0.7,0.26,9,0,1.97,-0.33,1,10,0.77
XRPUSDT,-1,1.9,1,TP,12,1,343,0,0,-1.83,0.19,0.65,0.65,0.66,0.3,98,0,0.54,0,-1,3,0.6
XRPUSDT,1,1.9,1,TP,4,1,241,0,0,-2.03,10.71,0.77,0.77,0.47,0.25,359,0,0.81,0,1,18,0.44
XRPUSDT,-1,-2.1,0,SL,77,1,116,0,0,-1.95,3.66,3.14,3.14,0.74,0.46,145,0,1.19,0,-1,19,1.26
XRPUSDT,-1,1.9,1,TP,9,1,324,0,0,-2.1,1.41,1.7,1.7,0.3,0.55,321,0,0.67,0,-1,0,0.45
XRPUSDT,-1,1.9,1,TP,19,1,476,0,0,-3.1,6.23,4.3,4.3,0.58,0.26,56,0,1.14,0,-1,14,1.43
XRPUSDT,-1,1.9,1,TP,24,3,681,0,2,0.35,8.97,1.19,1.03,0.59,0.27,259,0,1.27,-0.82,-1,17,0.67
XRPUSDT,1,-2.1,0,SL,2,3,202,0,2,0.25,-3.07,1.92,16.9,0.77,0.67,555,0,1.17,-1.98,1,19,4
XRPUSDT,-1,-2.1,0,SL,18,3,351,0,2,0.11,4,0.71,0.93,0.64,0.2,276,0,1.58,-0.84,-1,22,1.01
XRPUSDT,1,1.9,1,TP,73,1,237,0,0,-4.54,6.95,2.43,2.43,0.44,0.21,237,0,0.8,0,1,9,0.57
XRPUSDT,-1,1.9,1,TP,58,1,139,0,0,-3.12,12.49,1.58,1.58,0.35,0.37,383,0,1.04,0,-1,2,0.45
XRPUSDT,-1,-2.1,0,SL,21,1,1,0,0,-3.71,10.3,1.92,1.92,0.78,0.47,161,0,2.11,0,-1,16,1.01
XRPUSDT,-1,1.9,1,TP,10,1,363,0,0,-2.06,2.49,1.35,1.35,1.15,0.55,170,1,1.59,0,-1,16,1.32
XRPUSDT,1,-2.1,0,SL,18,4,450,0,3,-0.69,5.72,0.82,1.25,0.39,0.27,129,0,1.16,-0.24,1,21,0.43
XRPUSDT,1,-2.1,0,SL,121,3,628,0,2,0.27,2.5,0.56,1.6,0.42,0.17,43,0,1.03,-0.41,1,17,0.55
XRPUSDT,-1,-2.1,0,SL,9,3,263,0,2,-0.29,0.57,3.48,2.48,0.56,0.26,97,0,1.07,-0.96,-1,15,1.6
XRPUSDT,-1,1.9,1,TP,18,1,744,0,0,-2.14,5.04,0.95,0.95,0.95,0.51,121,0,1.1,0,-1,20,1
XRPUSDT,1,-2.1,0,SL,28,4,213,0,3,-0.45,0.6,2.58,0.73,0.33,0.4,50,1,0.94,-0.14,1,13,0.24
XRPUSDT,-1,-0.588,0,TIMEOUT,77,1,156,0,0,-3.19,2.25,3.97,3.97,0.31,0.13,130,0,0.52,0,-1,16,0.95
XRPUSDT,-1,1.9,1,TP,79,3,216,0,2,0.2,3.01,3.41,0.49,0.24,0.24,37,0,0.7,-0.38,-1,3,0.22
XRPUSDT,-1,1.9,1,TP,57,1,881,0,0,-2.33,5.65,1.29,1.29,0.17,0.26,203,0,0.46,0,-1,1,0.13
XRPUSDT,-1,-2.1,0,SL,25,3,1122,0,2,0.38,-0.91,1.05,1.5,0.29,0.44,102,1,0.23,-0.41,-1,14,0.68
XRPUSDT,-1,1.9,1,TP,19,1,189,0,0,-2.17,1.24,1.32,1.32,0.62,0.34,112,0,1.41,0,-1,18,0.97
XRPUSDT,1,1.9,1,TP,49,1,246,0,0,-3.63,3.75,4.75,4.75,0.5,0.15,94,0,0.8,0,1,0,1.28
XRPUSDT,1,1.9,1,TP,87,1,437,0,0,-2.55,6.93,1.61,1.61,0.22,0.15,285,0,0.54,0,1,0,0.38
XRPUSDT,-1,1.9,1,TP,81,3,263,0,2,-0.22,0.71,0.73,0.39,0.25,0.16,49,0,0.77,-0.02,-1,2,0.1
XRPUSDT,1,1.9,1,TP,48,1,157,0,0,-3.37,3.74,2.56,2.56,0.35,0.12,137,0,0.85,0,1,15,0.52
XRPUSDT,-1,1.9,1,TP,34,1,382,0,0,-2.15,2.48,0.54,0.54,0.34,0.08,156,0,0.21,0,-1,6,0.24
XRPUSDT,1,-1.53,0,TIMEOUT,74,4,258,0,3,0.14,9.47,1.01,1.11,0.53,0.2,685,0,1.38,-0.67,1,17,0.61
XRPUSDT,1,-1.395,0,TIMEOUT,42,3,133,1,1,-0.6,4.11,0.6,1.47,0.21,0.21,165,0,0.65,0.15,1,14,0.29
XRPUSDT,1,-1.582,0,TIMEOUT,21,2,226,0,1,0.06,0.58,0.66,1.06,0.26,0.21,258,0,0.23,-0.31,1,13,0.32
XRPUSDT,1,1.9,1,TP,16,1,241,0,0,-4.59,5.11,2.8,2.8,0.47,0.22,2,0,0.52,0,1,21,0.72
XRPUSDT,-1,1.9,1,TP,67,1,1236,0,0,-1.08,1.59,0.85,0.85,0.24,0.15,18,0,0.81,0,-1,8,0.13
XRPUSDT,1,-2.1,0,SL,77,4,187,0,3,0.15,0.79,1.88,0.85,0.4,0.23,45,0,0.95,-0.85,1,17,0.6
BNBUSDT,1,1.9,1,TP,20,1,159,0,0,-2.58,3.88,0.67,0.67,0.5,0.18,21,0,1.15,0,1,15,0.33
BNBUSDT,1,1.9,1,TP,37,1,349,0,0,-3.1,6.77,1.35,1.35,0.6,0.17,211,0,0.64,0,1,14,1.06
BNBUSDT,1,1.9,1,TP,44,4,1050,0,3,-0.05,9.66,1.21,2.28,0.86,0.43,606,0,2.19,-1.26,1,0,1.71
BNBUSDT,1,-2.1,0,SL,4,1,353,0,0,-4.47,6.49,1.72,1.72,1.03,0.53,6,0,2.74,0,1,16,0.89
BNBUSDT,1,-2.1,0,SL,37,1,60,0,0,-4.12,3.59,2.44,2.44,0.56,0.37,368,0,1.37,0,1,0,1.24
BNBUSDT,1,1.9,1,TP,50,1,110,0,0,-3.69,11.63,2.36,2.36,0.49,0.36,894,0,1.36,0,1,12,1.48
BNBUSDT,1,1.9,1,TP,14,1,276,0,0,-2.92,14.71,1.43,1.43,0.51,0.35,1060,0,1.57,0,1,5,0.69
BNBUSDT,1,-2.1,0,SL,5,3,1556,0,2,-0.09,34.45,0.81,2.27,1.34,0.28,748,0,3.45,-2.38,1,13,2.56
BNBUSDT,1,1.9,1,TP,2,1,1831,0,0,-2.27,1.18,1.12,1.12,0.89,2.1,224,0,1.95,0,1,10,0.89
BNBUSDT,-1,1.9,1,TP,6,3,143,0,2,-0.36,2.34,2.18,2.03,0.92,0.3,33,0,1.46,-1.73,-1,20,1.76
BNBUSDT,-1,1.9,1,TP,8,1,185,0,0,-1.99,3.63,1.18,1.18,1.11,0.53,178,0,2.91,0,-1,1,1.25
BNBUSDT,1,1.9,1,TP,4,2,297,0,1,-1.56,21.95,0.42,1.84,0.95,1.64,1045,0,2.67,0.86,1,9,1.86
BNBUSDT,1,1.9,1,TP,10,3,882,0,2,0.04,4.21,1,0.94,0.9,0.69,317,1,1.35,-1.57,1,11,1.15
BNBUSDT,1,-2.1,0,SL,41,2,252,1,0,-1.74,0.85,0.81,0.81,0.69,0.46,16,0,1.13,0.73,1,0,0.88
BNBUSDT,-1,1.9,1,TP,23,4,235,0,3,-0.21,1.66,1.25,0.62,1.08,2,166,0,3.13,-1.5,-1,11,0.65
BNBUSDT,-1,1.9,1,TP,9,1,353,0,0,-2.48,4.73,1.63,1.63,0.95,2.05,287,0,1.93,0,-1,16,0.87
BNBUSDT,-1,1.9,1,TP,1,1,826,0,0,-2.53,6.79,3.25,3.25,3.29,2.7,206,0,6.21,0,-1,14,5.23
BNBUSDT,1,1.9,1,TP,3,1,133,0,0,-1.37,20.49,0.73,0.73,1.62,1.3,235,0,5.02,0,1,2,1.35
BNBUSDT,1,1.9,1,TP,4,1,254,0,0,-3.35,3.48,3.87,3.87,0.69,0.31,1,0,0.72,0,1,4,1.43
BNBUSDT,1,1.9,1,TP,19,1,236,0,0,-3.01,0.49,1.46,1.46,0.67,0.49,87,0,1.25,0,1,23,0.65
BNBUSDT,1,1.9,1,TP,2,1,433,0,0,-3.52,4.34,2.76,2.76,0.51,0.44,178,0,1.5,0,1,0,0.81
BNBUSDT,1,1.9,1,TP,9,1,1068,0,0,-1.82,7.93,1.02,1.02,0.44,0.27,200,0,1.41,0,1,22,0.31
BNBUSDT,1,1.9,1,TP,4,1,317,0,0,-2.7,11.77,1.56,1.56,0.52,0.65,304,0,1.47,0,1,3,0.39
BNBUSDT,1,1.9,1,TP,38,1,557,0,0,-2.45,13.29,1.36,1.36,1.08,0.59,544,0,0.62,0,1,15,0.85
BNBUSDT,1,-2.1,0,SL,118,3,777,0,2,-0.03,23.19,1.07,1.05,0.53,0.61,762,0,1.15,-0.88,1,22,0.73
BNBUSDT,-1,1.9,1,TP,18,1,546,0,0,-2.29,19.28,1.31,1.31,0.84,1.09,530,0,0.7,0,-1,2,1.01
BNBUSDT,-1,1.9,1,TP,7,1,210,0,0,-1.89,8.62,0.82,0.82,0.66,0.39,374,0,1.24,0,-1,0,0.6
BNBUSDT,1,-2.1,0,SL,2,4,337,0,3,-0.1,11.38,0.75,1.55,0.45,0.45,249,0,1.4,-0.65,1,2,0.49
BNBUSDT,1,1.9,1,TP,3,1,725,0,0,-3.38,3.83,1.64,1.64,0.42,0.14,88,0,1.28,0,1,3,0.44
BNBUSDT,1,1.9,1,TP,84,1,131,0,0,-4.6,3.67,3.56,3.56,0.39,0.22,655,0,1.05,0,1,17,0.83
BNBUSDT,1,1.9,1,TP,78,4,429,0,3,-0.46,1.63,0.59,0.64,0.26,0.37,179,0,0.77,-0.11,1,20,0.36
BNBUSDT,1,1.9,1,TP,44,1,236,0,0,-3,10.28,1.33,1.33,0.59,0.5,191,0,1.23,0,1,3,0.81
BNBUSDT,-1,-1.766,0,TIMEOUT,15,3,140,0,2,0.45,3.49,0.65,0.93,0.36,0.39,32,0,1.07,-0.28,-1,6,0.53
BNBUSDT,-1,1.9,1,TP,72,4,214,0,3,-0.49,2.91,2.66,1.89,0.82,0.71,45,1,0.89,-1.38,-1,1,1.37
BNBUSDT,1,1.9,1,TP,26,1,291,0,0,-3.35,4.89,1.52,1.52,0.76,0.57,267,0,0.4,0,1,15,0.64
BNBUSDT,1,1.9,1,TP,14,1,314,0,0,-1.55,1.98,0.93,0.93,0.38,0.28,222,0,1.01,0,1,1,0.45
BNBUSDT,-1,1.9,1,TP,40,1,425,0,0,-2.91,2.8,2.17,2.17,0.43,0.24,97,0,0.85,0,-1,23,0.9
BNBUSDT,-1,-1.03,0,TIMEOUT,147,2,195,0,1,0.01,1.3,0.71,0.91,0.53,0.19,179,0,1.02,-0.41,-1,19,0.64
BNBUSDT,1,-2.1,0,SL,44,2,394,0,1,0,1.06,0.98,1.36,0.58,0.64,100,0,1.83,-0.34,1,7,0.62
BNBUSDT,1,1.9,1,TP,6,4,612,0,3,-0.56,2.55,1.48,2.13,0.79,0.44,66,0,0.32,-0.74,1,13,1.22
BNBUSDT,-1,-2.1,0,SL,38,1,260,0,0,-2.16,6.97,0.91,0.91,0.51,0.5,258,0,1.51,0,-1,3,0.29
BNBUSDT,-1,1.9,1,TP,18,1,161,0,0,-2.21,3.27,2.15,2.15,0.44,0.34,49,0,1.27,0,-1,10,0.54
BNBUSDT,-1,-1.653,0,TIMEOUT,35,4,358,0,3,-0.13,9.87,0.72,1.06,0.29,0.35,243,0,0.89,-0.24,-1,11,0.21
BNBUSDT,1,1.9,1,TP,22,3,607,0,2,-0.43,11.77,0.76,1.16,0.43,0.29,223,0,1.36,-0.03,1,6,0.47
BNBUSDT,1,-2.1,0,SL,20,2,818,0,1,-0.94,3.74,0.55,1.36,0.53,0.37,67,0,0.65,0.33,1,11,0.75
BNBUSDT,-1,1.9,1,TP,68,1,132,0,0,-2.32,7.06,0.92,0.92,0.56,0.7,218,1,0.65,0,-1,2,0.42
BNBUSDT,1,1.9,1,TP,7,1,378,0,0,-3.04,2.34,1.93,1.93,0.36,0.35,95,0,0.89,0,1,12,0.53
BNBUSDT,1,-2.1,0,SL,25,1,669,0,0,-3.49,0.97,1.84,1.84,0.86,0.21,198,0,0.46,0,1,13,0.95
BNBUSDT,-1,1.9,1,TP,36,1,266,0,0,-2.99,3.89,3.2,3.2,0.52,0.17,9,0,1.12,0,-1,12,1.15
BNBUSDT,-1,1.9,1,TP,17,1,484,0,0,-0.89,2.06,0.75,0.75,0.5,0.35,364,0,0.44,0,-1,16,0.56
BNBUSDT,1,1.9,1,TP,16,1,100,0,0,-1.54,5.28,0.61,0.61,0.39,0.37,28,0,1.26,0,1,1,0.3
BNBUSDT,1,1.9,1,TP,19,1,390,0,0,-3.74,8.74,4.84,4.84,0.39,0.36,318,0,0.19,0,1,1,0.84
BNBUSDT,1,1.9,1,TP,9,1,174,0,0,-5.08,5.61,5.29,5.29,0.24,0.14,162,0,0.53,0,1,14,0.49
BNBUSDT,1,1.9,1,TP,15,1,459,0,0,-4.66,3.26,4.59,4.59,0.4,0.14,166,0,0.96,0,1,13,0.86
BNBUSDT,-1,1.9,1,TP,15,3,201,0,2,-0.99,1.27,0.45,0.93,1.92,1.32,48,0,2.3,1.71,-1,4,2.37
BNBUSDT,-1,-1.097,0,TIMEOUT,71,2,1198,0,1,-0.31,10.65,0.65,0.76,0.24,0.51,310,0,0.75,0.06,-1,13,0.19
BNBUSDT,-1,1.9,1,TP,49,1,333,0,0,-1.28,0.78,2.05,2.05,0.56,0.18,81,0,1.21,0,-1,13,1.02
BNBUSDT,1,1.9,1,TP,29,2,190,0,1,0.37,3.91,0.77,1,0.5,0.51,38,0,1.14,-0.28,1,8,0.44
BNBUSDT,1,1.9,1,TP,2,1,0,0,0,-5.21,4.64,13.78,13.78,0.32,0.18,0,0,0.82,0,1,2,2.05
BNBUSDT,1,1.9,1,TP,99,2,656,0,1,0.43,19.74,0.46,0.55,0.3,0.21,374,0,0.93,-0.26,1,22,0.29
BNBUSDT,-1,-1.919,0,TIMEOUT,49,1,136,0,0,-3.13,0.85,0.99,0.99,0.44,0.28,125,0,1.15,0,-1,6,0.35
BNBUSDT,-1,-1.958,0,TIMEOUT,59,2,200,0,1,0.15,2.04,0.55,1.24,0.41,0.28,55,0,1.07,-0.09,-1,3,0.4
BNBUSDT,1,-2.1,0,SL,115,2,523,0,1,-0.57,3.32,0.55,0.8,0.29,0.22,49,0,0.37,-0.16,1,11,0.33
BNBUSDT,1,-1.518,0,TIMEOUT,93,2,470,0,1,0.12,0.42,0.59,0.67,0.38,0.22,30,0,0.95,-0.22,1,12,0.34
BNBUSDT,-1,-1.138,0,TIMEOUT,44,2,692,0,1,-0.11,5.64,1.86,1.54,0.23,0.14,322,0,0.65,-0.23,-1,14,0.37
BNBUSDT,-1,-2.1,0,SL,28,4,766,0,3,-0.4,-0.58,0.94,0.56,0.28,0.22,68,0,0.56,-0.32,-1,8,0.14
BNBUSDT,-1,1.9,1,TP,5,1,902,0,0,-3.7,2.14,2.35,2.35,0.36,0.22,207,0,0.2,0,-1,18,0.52
BNBUSDT,-1,-2.1,0,SL,31,4,1088,0,3,-0.25,11.7,1.3,1.25,0.43,0.23,390,0,1.33,-0.63,-1,17,0.41
BNBUSDT,-1,1.9,1,TP,7,2,67,0,1,-0.06,2.55,1.23,1.43,0.31,0.33,66,1,0.79,-0.28,-1,18,0.51
BNBUSDT,-1,1.9,1,TP,32,1,99,0,0,-3.93,2.43,2.63,2.63,0.35,0.21,48,0,0.82,0,-1,0,0.44
BNBUSDT,-1,-1.105,0,TIMEOUT,63,4,277,0,3,-0.64,0.63,0.61,0.59,0.14,0.1,233,0,0.45,-0.09,-1,23,0.09
BNBUSDT,-1,1.9,1,TP,66,1,573,0,0,-4.43,4.79,4.35,4.35,0.3,0.3,7,0,0.58,0,-1,1,1.19
BNBUSDT,-1,1.9,1,TP,4,1,154,0,0,-1.72,3.56,1.16,1.16,0.41,0.26,76,0,1.03,0,-1,14,0.29
BNBUSDT,1,1.9,1,TP,26,3,257,0,2,-1.09,3.1,0.74,1.11,0.33,0.27,54,0,1.01,0.06,1,3,0.43
BNBUSDT,-1,1.9,1,TP,47,3,134,1,1,-0.43,2.74,0.79,1.04,0.25,0.21,21,0,0.78,0.15,-1,7,0.16
BNBUSDT,1,-0.528,0,TIMEOUT,122,1,475,0,0,-2.76,3.09,1.35,1.35,0.49,0.32,3,1,0.12,0,1,7,0.53
BNBUSDT,-1,1.9,1,TP,169,2,343,0,1,-0.31,1,0.86,1.15,0.16,0.03,148,0,0.18,-0.17,-1,0,0.3
BNBUSDT,-1,-1.327,0,TIMEOUT,34,3,656,0,2,-0.43,1.41,0.72,1.57,0.2,0.14,7,0,0.34,-0.19,-1,13,0.42
BNBUSDT,1,-0.264,0,TIMEOUT,305,2,213,0,1,-1.26,1.81,1.23,0.92,0.2,0.14,12,0,0.57,0.21,1,13,0.27
BNBUSDT,1,-1.191,0,TIMEOUT,78,1,536,0,0,-5.11,3.24,2.75,2.75,0.35,0.16,252,0,0.31,0,1,22,0.53
BNBUSDT,-1,-0.039,0,TIMEOUT,141,1,403,0,0,-1.95,4.36,1.71,1.71,0.11,0.17,78,0,0.12,0,-1,17,0.12
BNBUSDT,-1,1.9,1,TP,27,1,566,0,0,-4.28,4.06,18,18,0.26,0.16,80,1,0.49,0,-1,9,1.48
BNBUSDT,1,1.9,1,TP,18,1,1429,0,0,-1.11,5.39,1.06,1.06,0.23,0.27,435,0,0.68,0,1,5,0.28
BNBUSDT,1,1.9,1,TP,55,4,264,0,3,-0.09,2.83,0.82,2.74,0.19,0.06,152,0,0.49,-0.22,1,10,0.45
BNBUSDT,1,-0.84,0,TIMEOUT,40,3,625,0,2,0.14,6.93,1.76,1.14,0.19,0.48,239,0,0.53,-0.35,1,5,0.2
BNBUSDT,1,1.9,1,TP,22,1,142,0,0,-3.59,3.35,2.64,2.64,0.16,0.25,70,0,0.47,0,1,7,0.25
BNBUSDT,1,1.9,1,TP,89,2,1128,0,1,0.38,4.04,0.76,0.61,0.28,0.37,71,0,0.86,-0.23,1,13,0.37
BNBUSDT,1,-2.1,0,SL,9,4,579,0,3,-0.09,2.22,1.25,1.73,0.45,0.23,219,0,0.15,-0.44,1,10,0.56
BNBUSDT,1,1.9,1,TP,14,1,739,0,0,-2.94,15.57,3.85,3.85,0.36,0.21,382,0,1.08,0,1,2,0.79
BNBUSDT,-1,1.9,1,TP,4,1,322,0,0,-2.79,6.27,0.81,0.81,0.53,0.24,175,0,0.85,0,-1,10,0.44
BNBUSDT,1,-2.1,0,SL,144,1,523,0,0,-2.84,4.32,1.51,1.51,0.47,0.16,31,0,0.38,0,1,2,0.41
BNBUSDT,1,-1.384,0,TIMEOUT,69,3,936,0,2,-0.72,3.89,0.48,2.18,0.35,0.21,222,0,0.48,0,1,10,0.51
BNBUSDT,1,1.9,1,TP,17,3,109,0,2,0.03,1.25,1.87,1.55,0.18,0.14,502,0,0.55,-0.23,1,0,0.22
BNBUSDT,-1,-1.975,0,TIMEOUT,80,4,521,0,3,-0.7,3.11,0.91,0.41,0.37,0.42,36,0,0.72,-0.02,-1,18,0.3
BNBUSDT,1,1.9,1,TP,80,1,380,0,0,-1.51,11.18,0.65,0.65,0.33,0.26,386,0,0.7,0,1,4,0.32
BNBUSDT,-1,1.9,1,TP,26,1,204,0,0,-1.74,2.82,0.49,0.49,0.44,0.09,281,0,0.23,0,-1,22,0.53
BNBUSDT,-1,1.9,1,TP,24,1,369,0,0,-1.92,6.13,2.03,2.03,0.75,0.09,446,0,1.28,0,-1,15,1.49
BNBUSDT,1,1.9,1,TP,21,1,275,0,0,-3.07,6.78,2.43,2.43,0.26,0.63,126,0,0.7,0,1,10,0.46
BNBUSDT,1,1.9,1,TP,6,1,491,0,0,-1.86,3.79,0.93,0.93,0.41,0.12,44,0,0.78,0,1,16,0.22
BNBUSDT,1,-2.1,0,SL,28,2,991,0,1,-0.16,-0.75,0.8,1.77,0.37,0.29,94,0,1.02,-0.4,1,21,0.8
BNBUSDT,-1,-1.525,0,TIMEOUT,40,1,369,0,0,-1.31,1.71,2.11,2.11,0.35,0.13,17,0,1.04,0,-1,2,0.5
BNBUSDT,-1,1.9,1,TP,4,1,147,0,0,-3.5,11.78,2.52,2.52,0.43,0.23,217,0,1,0,-1,14,0.83
BNBUSDT,1,-2.1,0,SL,78,3,998,0,2,-0.36,5.28,1.23,1.22,0.33,0.24,42,0,0.28,-0.29,1,6,0.5
BNBUSDT,1,-2.1,0,SL,9,3,317,0,2,0.1,2.51,2.16,0.57,0.56,0.91,88,0,1.68,-0.39,1,11,0.49
BNBUSDT,1,1.9,1,TP,11,1,436,0,0,-2.21,5.34,1.34,1.34,0.27,0.37,168,0,0.71,0,1,11,0.25
BNBUSDT,-1,1.9,1,TP,9,1,251,0,0,-4.07,7.78,2.31,2.31,0.82,1.14,124,0,1.83,0,-1,5,0.98
BNBUSDT,1,1.9,1,TP,5,1,396,0,0,-3.44,2.14,1.64,1.64,0.43,0.11,89,0,0.66,0,1,2,0.43
BNBUSDT,-1,1.9,1,TP,85,4,748,0,3,-0.49,7.98,0.83,0.71,0.2,0.52,235,1,0.57,-0.22,-1,16,0.15
BNBUSDT,1,-0.41,0,TIMEOUT,69,1,305,0,0,-4.25,4.88,3.17,3.17,0.2,0.1,235,0,0.37,0,1,0,0.34
BNBUSDT,1,1.9,1,TP,62,1,431,0,0,-2.76,9.1,1.41,1.41,0.26,0.09,361,0,0.52,0,1,8,0.19
BNBUSDT,-1,-0.925,0,TIMEOUT,72,1,195,0,0,-1.89,4.65,0.45,0.45,0.25,0.07,21,0,0.4,0,-1,3,0.2
BNBUSDT,-1,-0.336,0,TIMEOUT,176,4,430,0,3,-0.73,3.76,0.73,1.33,0.24,0.07,253,0,0.15,-0.02,-1,14,0.34
BNBUSDT,1,1.9,1,TP,47,1,224,0,0,-3.76,2.64,2.84,2.84,0.26,0.06,62,0,0.69,0,1,3,0.4
BNBUSDT,1,1.9,1,TP,10,1,628,0,0,-2.72,3,4.42,4.42,0.62,0.14,77,0,0.83,0,1,8,1.67
BNBUSDT,1,-1.206,0,TIMEOUT,85,1,761,0,0,-1.33,1.14,0.42,0.42,0.43,0.15,210,0,0.34,0,1,17,0.26
BNBUSDT,-1,-0.897,0,TIMEOUT,54,1,208,0,0,-1.68,3.48,2.1,2.1,0.21,0.07,52,0,0.62,0,-1,8,0.28
BNBUSDT,1,-1.017,0,TIMEOUT,76,1,110,0,0,-2.51,8.25,0.49,0.49,0.22,0.07,322,0,0.53,0,1,3,0.11
BNBUSDT,1,1.9,1,TP,194,3,468,0,2,-1.18,27.03,0.8,0.95,0.08,0.11,468,0,0.23,0.04,1,19,0.1
BNBUSDT,-1,-2.1,0,SL,30,4,1,0,3,-0.42,3.19,0.97,2.48,0.65,0.21,210,0,1.79,-0.6,-1,4,1.09
BNBUSDT,1,-2.1,0,SL,10,4,505,0,3,-1.25,12.52,0.72,0.8,0.35,0.22,228,0,0.97,-0.18,1,5,0.45
BNBUSDT,1,1.9,1,TP,18,1,739,0,0,-2.59,4.79,2.91,2.91,0.47,0.51,14,0,0.6,0,1,16,0.75
BNBUSDT,1,1.9,1,TP,22,3,383,0,2,-0.62,0.47,1.36,2.05,0.2,0.04,78,0,0.58,-0.13,1,7,0.38
BNBUSDT,-1,1.9,1,TP,34,1,243,0,0,-1.87,4.57,1.71,1.71,0.46,0.39,409,0,0.91,0,-1,3,0.53
BNBUSDT,-1,-2.1,0,SL,10,2,211,0,1,0.05,9.54,1.77,1.18,0.99,0.58,121,0,2.99,-0.46,-1,3,1.01
BNBUSDT,-1,1.9,1,TP,5,1,183,0,0,-3.06,6.56,1.89,1.89,0.61,0.4,192,0,1.21,0,-1,17,1.13
BNBUSDT,-1,1.9,1,TP,3,2,749,0,1,-0.3,2.82,2.06,4.02,0.48,0.27,284,0,0.95,-0.25,-1,15,0.9
BNBUSDT,1,1.9,1,TP,54,2,130,0,1,1.21,1.85,0.45,1.66,0.37,0.26,209,0,1.1,-0.67,-1,3,0.7
BNBUSDT,-1,-2.1,0,SL,9,4,182,0,3,-1.06,1.04,10.32,5.86,0.46,0.33,0,0,0.78,-0.69,-1,15,1.65
BNBUSDT,1,-2.1,0,SL,16,4,228,0,3,0.09,1.02,2.03,1.65,0.66,0.14,44,0,0.62,-1.49,1,20,1.22
BNBUSDT,1,-1.384,0,TIMEOUT,22,4,959,0,3,0.14,2.19,1.99,1.78,0.28,0.5,58,0,0.85,-0.38,1,9,0.37
BNBUSDT,1,1.9,1,TP,36,2,673,0,1,0.03,2.87,0.84,0.52,0.13,0.27,142,0,0.39,-0.07,1,6,0.07
BNBUSDT,-1,-2.1,0,SL,99,2,352,0,1,-0.41,2.07,0.66,0.74,0.38,0.2,12,0,0.73,-0.04,-1,16,0.38
BNBUSDT,1,-2.1,0,SL,18,4,161,0,3,0.1,-0.95,0.67,0.95,0.31,0.22,128,0,0.95,-0.58,1,6,0.26
BNBUSDT,-1,1.9,1,TP,87,3,252,0,2,-0.38,1.86,0.78,1.37,0.21,0.09,6,0,0.53,-0.33,-1,1,0.29
BNBUSDT,-1,1.9,1,TP,11,1,638,0,0,-3.27,4.29,2.54,2.54,0.39,0.41,14,1,0.5,0,-1,1,0.6
BNBUSDT,1,1.9,1,TP,13,1,291,0,0,-2.72,8.6,2.24,2.24,0.32,0.2,184,0,0.66,0,1,20,0.27
BNBUSDT,-1,0.146,1,TIMEOUT,190,1,156,0,0,-2.95,4.29,1.07,1.07,0.28,0.21,5,0,0.09,0,-1,6,0.27
BNBUSDT,-1,-0.468,0,TIMEOUT,69,2,615,0,1,-0.08,0.44,1.02,0.55,0.16,0.08,86,0,0.47,-0.09,-1,1,0.15
BNBUSDT,1,1.9,1,TP,29,1,619,0,0,-2.12,8.45,2.56,2.56,0.18,0.12,260,0,0.46,0,1,15,0.27
BNBUSDT,1,-0.701,0,TIMEOUT,93,1,281,0,0,-3.9,7.55,4.49,4.49,0.34,0.21,164,0,0.88,0,1,12,1.11
DOGEUSDT,-1,-2.1,0,SL,7,4,148,0,3,-0.34,26.96,1.39,0.43,1.04,0.92,232,0,3.32,-1.13,-1,18,0.45
DOGEUSDT,1,1.9,1,TP,1,2,1188,0,1,-1.24,25.57,1.03,1.43,2.04,0.12,469,0,5.24,1.79,1,4,2.94
DOGEUSDT,-1,1.9,1,TP,2,3,152,0,2,-0.26,11.34,0.88,0.66,1.75,2.97,374,0,5.49,-1.65,-1,21,1.33
DOGEUSDT,-1,1.9,1,TP,14,1,421,0,0,-1.28,2.19,1.09,1.09,0.76,0.47,10,0,0.76,0,-1,18,0.88
DOGEUSDT,1,1.9,1,TP,86,3,1651,0,2,-0.46,-1.36,2.92,3.01,0.86,1.05,518,0,0.73,-1.35,1,9,1.91
DOGEUSDT,-1,1.9,1,TP,10,1,198,0,0,-2.72,4.12,0.84,0.84,0.72,0.87,154,0,1.36,0,-1,19,0.66
DOGEUSDT,1,1.9,1,TP,25,3,239,0,2,-0.11,0.54,0.81,0.72,0.64,0.42,10,0,1.65,-0.68,1,1,0.87
DOGEUSDT,-1,1.9,1,TP,1,1,384,0,0,-2,4.05,1.37,1.37,2.86,1.29,46,0,5.5,0,-1,15,3.95
DOGEUSDT,-1,1.9,1,TP,22,3,475,0,2,-0.32,8.72,0.6,0.76,0.98,0.71,281,0,2.16,-0.16,-1,19,1.09
DOGEUSDT,1,-2.1,0,SL,8,4,305,0,3,0.01,19.4,0.78,1,1.18,1.64,399,0,2.26,-1.48,1,4,1.21
DOGEUSDT,-1,1.9,1,TP,40,1,420,0,0,-2.1,1.23,1.81,1.81,0.6,0.36,79,0,0.23,0,-1,1,1.15
DOGEUSDT,-1,1.9,1,TP,17,1,1133,0,0,-1.86,2.05,0.88,0.88,0.51,0.4,78,0,1.07,0,-1,11,0.54
DOGEUSDT,-1,-2.1,0,SL,5,1,289,0,0,-4.66,5.44,2.95,2.95,0.85,0.37,3,0,1.27,0,-1,9,1.94
DOGEUSDT,1,1.9,1,TP,4,2,633,0,1,-0.19,1.59,0.91,0.71,1.05,1.08,27,0,3.26,-0.11,1,9,0.85
DOGEUSDT,-1,1.9,1,TP,11,1,556,0,0,-1.15,1.77,0.79,0.79,0.97,0.84,250,0,1.28,0,-1,4,0.75
DOGEUSDT,1,-2.1,0,SL,1,4,304,0,3,-0.44,1.15,2.34,2.09,1.54,0.75,49,0,2.06,-3.21,1,14,3.26
DOGEUSDT,1,-2.1,0,SL,6,3,676,0,2,0.08,0.67,0.79,0.83,0.94,1.45,93,1,2.13,-1.32,1,11,0.98
DOGEUSDT,1,1.9,1,TP,2,3,390,0,2,-1.3,1.61,6.33,2.23,0.76,0.53,23,0,1.48,-0.59,1,8,1.17
DOGEUSDT,-1,1.9,1,TP,27,4,463,0,3,-0.32,0.47,0.96,0.76,0.53,0.41,128,0,0.38,-0.35,-1,17,0.61
DOGEUSDT,-1,1.9,1,TP,6,1,1295,0,0,-0.19,3.28,0.64,0.64,0.6,0.41,33,0,1.13,0,-1,9,0.3
DOGEUSDT,-1,1.9,1,TP,3,1,1480,0,0,-3.34,2.79,6.99,6.99,0.68,0.46,0,0,1.59,0,-1,7,2.03
DOGEUSDT,-1,1.9,1,TP,14,1,145,0,0,-3.17,2.25,7.6,7.6,0.83,0.99,126,1,1.71,0,-1,16,3.01
DOGEUSDT,-1,-2.1,0,SL,2,3,723,0,2,-0.3,2.81,0.9,0.87,0.96,1.39,118,1,0.58,-1.18,-1,16,0.79
DOGEUSDT,-1,1.9,1,TP,20,4,241,0,3,0.13,1.1,3.92,1.14,0.55,0.48,241,0,1.5,-1.14,-1,0,0.67
DOGEUSDT,-1,-2.1,0,SL,2,1,406,0,0,-5.37,5.14,5.48,5.48,0.92,0.37,72,0,1.39,0,-1,21,2.84
DOGEUSDT,-1,1.9,1,TP,1,1,742,0,0,-2.16,3.79,1.45,1.45,1.16,1.06,43,0,3.38,0,-1,9,1.25
DOGEUSDT,1,-2.1,0,SL,28,3,478,0,2,-0.27,1.98,1.02,0.65,0.63,0.77,114,0,1.78,-0.31,1,20,0.53
DOGEUSDT,1,1.9,1,TP,21,2,160,0,1,-0.17,2.6,0.99,0.7,0.51,0.53,169,1,1.52,-0.09,1,4,0.47
DOGEUSDT,-1,1.9,1,TP,13,1,229,0,0,-2.44,3.06,2.75,2.75,0.47,0.25,22,0,1.38,0,-1,2,1.05
DOGEUSDT,1,1.9,1,TP,29,1,156,0,0,-2.89,2.08,0.85,0.85,0.42,0.17,78,0,1.08,0,1,17,0.36
DOGEUSDT,-1,1.9,1,TP,8,4,213,2,1,-0.21,0.9,0.57,0.76,0.55,0.42,20,0,0.27,0.38,-1,23,0.5
DOGEUSDT,-1,-2.1,0,SL,16,4,128,0,3,0.06,1.73,0.46,0.95,0.86,0.46,38,0,2.43,-0.91,-1,21,0.85
DOGEUSDT,-1,1.9,1,TP,55,4,225,0,3,-0.08,1.73,1.52,0.9,0.88,0.67,47,0,1.97,-0.76,-1,3,0.73
DOGEUSDT,-1,1.9,1,TP,7,1,1225,0,0,-2.37,2.57,2,2,0.7,0.67,2,0,1.76,0,-1,13,0.93
DOGEUSDT,1,-2.1,0,SL,12,2,288,0,1,0.11,0.5,1.83,1.18,0.79,0.91,70,1,1.83,-0.36,1,11,0.89
DOGEUSDT,-1,1.9,1,TP,5,1,145,0,0,-2.37,2.97,0.73,0.73,1.09,0.59,118,0,3.1,0,-1,7,0.6
DOGEUSDT,-1,-2.1,0,SL,38,2,444,0,1,-0.1,1.64,0.39,0.54,0.53,0.93,21,1,1.55,-0.24,-1,10,0.4
DOGEUSDT,1,1.9,1,TP,63,3,214,0,2,-0.21,2.35,0.3,0.4,0.7,0.51,11,1,1.13,-0.58,1,19,0.68
DOGEUSDT,-1,1.9,1,TP,5,1,203,0,0,-3.13,5.65,1.04,1.04,0.78,0.27,69,0,1.74,0,-1,1,0.7
DOGEUSDT,1,1.9,1,TP,48,4,226,0,3,-0.42,7.36,1.43,0.75,0.33,0.68,335,1,0.72,-0.3,1,18,0.29
DOGEUSDT,1,1.9,1,TP,7,1,518,0,0,-1.84,2.54,3.07,3.07,1.17,0.53,164,0,2.69,0,1,6,2.39
DOGEUSDT,-1,1.9,1,TP,7,1,369,0,0,-3.75,5.59,2.74,2.74,0.64,0.28,164,0,0.6,0,-1,14,0.94
DOGEUSDT,-1,1.9,1,TP,36,1,141,0,0,-2.66,1.11,0.7,0.7,0.76,0.53,111,0,1.17,0,-1,17,0.61
DOGEUSDT,-1,1.9,1,TP,4,1,518,0,0,-2.15,2.93,3.51,3.51,0.31,0.19,106,0,0.88,0,-1,1,0.72
DOGEUSDT,1,-2.1,0,SL,27,2,146,0,1,-0.32,3.65,3.15,1.66,0.41,0.33,111,1,1.04,-0.5,1,17,0.65
DOGEUSDT,1,-0.588,0,TIMEOUT,140,2,275,0,1,-0.13,2.06,0.99,0.67,0.31,0.34,240,1,0.36,-0.1,1,1,0.22
DOGEUSDT,1,1.9,1,TP,42,2,576,0,1,-0.07,2.51,0.52,1.19,0.46,0.38,40,1,0.88,-0.35,1,5,0.57
DOGEUSDT,-1,1.9,1,TP,26,1,160,0,0,-3.71,4.85,8.82,8.82,0.72,1.05,530,0,0.87,0,-1,11,3.64
DOGEUSDT,1,1.9,1,TP,4,1,390,0,0,-3.48,5.09,2.05,2.05,1.07,0.33,4,0,2.04,0,1,5,1.52
DOGEUSDT,1,1.9,1,TP,9,1,571,0,0,-3.49,4.94,1.8,1.8,1.34,0.52,83,0,0.61,0,1,2,1.52
DOGEUSDT,1,-2.1,0,SL,20,3,755,0,2,0.39,1.03,1.38,1.35,1.22,0.43,27,0,2.47,-1.5,1,0,1.62
DOGEUSDT,-1,1.9,1,TP,21,1,773,0,0,-1.87,1.85,1.05,1.05,1.15,0.36,96,0,0.62,0,-1,20,1.09
DOGEUSDT,-1,1.9,1,TP,9,2,1226,0,1,-0.45,1.39,0.59,0.76,0.48,0.56,9,1,1.41,-0.12,-1,13,0.41
DOGEUSDT,1,1.9,1,TP,85,1,340,0,0,-3.47,5.73,4.35,4.35,0.53,0.11,176,0,0.26,0,1,3,1.31
DOGEUSDT,-1,-1.174,0,TIMEOUT,29,3,195,0,2,0.13,1.87,0.65,0.78,0.22,0.38,52,0,0.65,-0.15,-1,14,0.29
DOGEUSDT,1,1.9,1,TP,3,1,283,0,0,-1.99,11.42,1.96,1.96,0.66,0.35,382,0,1.19,0,1,0,0.84
DOGEUSDT,1,-2.1,0,SL,21,1,871,0,0,-2.82,4,2.02,2.02,1.11,0.83,16,1,0.77,0,1,3,1.57
DOGEUSDT,1,1.9,1,TP,60,4,367,0,3,-0.19,1.97,1.94,0.81,0.85,0.54,240,0,0.88,-1.38,1,1,0.95
DOGEUSDT,-1,1.9,1,TP,43,1,277,0,0,-3.36,2.69,3.51,3.51,0.6,0.19,129,0,0.83,0,-1,16,1.44
DOGEUSDT,-1,-2.1,0,SL,54,4,536,0,3,0.09,1.15,1.35,1.04,0.3,0.35,19,1,0.53,-0.46,-1,11,0.22
DOGEUSDT,-1,1.9,1,TP,13,1,201,0,0,-0.62,2.96,0.59,0.59,0.23,0.12,47,0,0.69,0,-1,17,0.16
DOGEUSDT,1,1.9,1,TP,33,1,217,0,0,-2.02,3.06,1.85,1.85,0.51,0.17,35,0,0.97,0,1,14,0.58
DOGEUSDT,-1,1.9,1,TP,3,1,120,0,0,-2.25,4.42,1.79,1.79,1.65,1.29,11,0,2.87,0,-1,16,3.55
DOGEUSDT,1,1.9,1,TP,38,2,163,0,1,-0.87,2.38,0.57,1.17,0.31,0.29,45,0,0.53,-0.07,1,0,0.44
DOGEUSDT,1,1.9,1,TP,89,3,273,0,2,-0.14,2.64,5.34,0.97,0.42,0.28,51,0,1.32,-0.31,1,4,0.28
DOGEUSDT,1,-2.1,0,SL,3,1,157,0,0,-5.74,7.64,13.03,13.03,1.01,0.23,11,0,2,0,1,7,2.7
DOGEUSDT,1,-2.1,0,SL,58,4,293,0,3,0.26,2.83,2.84,1.47,0.46,0.47,47,0,0.44,-0.98,1,11,0.53
DOGEUSDT,-1,1.9,1,TP,5,1,157,0,0,-2.46,4.22,6.15,6.15,0.32,0.12,64,0,0.87,0,-1,14,0.95
DOGEUSDT,-1,1.9,1,TP,34,1,699,0,0,-1.97,7.4,2.02,2.02,0.33,0.85,325,0,0.65,0,-1,6,0.51
DOGEUSDT,-1,-0.907,0,TIMEOUT,130,4,558,0,3,-1.05,2.47,0.4,3.91,0.37,0.27,7,0,0.32,0.03,-1,16,1.08
DOGEUSDT,-1,1.9,1,TP,6,1,887,0,0,-0.49,2.3,0.42,0.42,0.2,0.16,84,0,0.4,0,-1,2,0.16
DOGEUSDT,-1,-1.235,0,TIMEOUT,114,3,1190,0,2,0.11,1.38,0.86,0.5,0.27,0.12,85,0,0.86,-0.31,-1,6,0.21
DOGEUSDT,1,-2.1,0,SL,22,4,154,0,3,-0.01,0.77,2.46,0.72,0.35,0.56,37,2,0.76,-0.52,1,5,0.43
DOGEUSDT,1,-1.659,0,TIMEOUT,73,1,263,0,0,-4.56,5.35,1.28,1.28,0.37,0.2,2,0,0.66,0,1,22,0.43
DOGEUSDT,-1,1.9,1,TP,76,1,791,0,0,-1.62,4.53,0.66,0.66,0.21,0.32,49,0,0.65,0,-1,14,0.17
DOGEUSDT,1,1.9,1,TP,6,4,511,0,3,0.05,9.39,0.92,1.41,0.95,0.13,261,0,2.02,-1.47,1,16,1.39
DOGEUSDT,1,1.9,1,TP,84,1,402,0,0,-2.98,3.05,3.88,3.88,0.61,0.49,3,0,0.69,0,1,14,1.4
DOGEUSDT,1,1.9,1,TP,13,1,925,0,0,-2.16,6.02,1.82,1.82,0.57,0.15,202,0,1.06,0,1,1,1
DOGEUSDT,1,1.9,1,TP,37,2,1344,0,1,-0.66,1.4,0.63,1.04,0.68,0.56,26,0,1.8,0.13,1,10,0.76
DOGEUSDT,-1,1.9,1,TP,13,1,162,0,0,-2.43,0.22,3.01,3.01,0.54,0.61,402,1,1.06,0,-1,23,0.75
DOGEUSDT,1,-2.1,0,SL,39,3,248,0,2,-0.01,0.76,2.33,0.71,0.61,0.31,10,0,1.07,-0.5,1,12,0.53
DOGEUSDT,-1,1.9,1,TP,104,4,439,0,3,-0.26,1.71,0.81,1.93,0.36,0.53,32,1,0.98,-0.16,-1,14,0.75
DOGEUSDT,-1,-0.86,0,TIMEOUT,105,3,278,0,2,0,0.26,3.43,1,0.2,0.06,4,0,0.51,-0.27,-1,15,0.19
DOGEUSDT,1,1.9,1,TP,17,1,313,0,0,-3.01,2.03,5.37,5.37,0.23,0.21,0,0,0.63,0,1,3,0.69
DOGEUSDT,1,1.9,1,TP,14,1,100,0,0,-2.99,3.09,2.45,2.45,0.44,0.24,28,0,0.7,0,1,16,0.6
DOGEUSDT,1,1.9,1,TP,3,1,484,0,0,-1.16,17.4,2.51,2.51,1.89,0.16,412,0,4.13,0,1,16,3.94
DOGEUSDT,-1,-2.1,0,SL,3,4,3,0,3,-0.06,3.94,1.74,0.87,0.72,1.01,340,0,2.2,-1.08,-1,2,0.73
DOGEUSDT,1,1.9,1,TP,34,2,293,0,1,0.13,0.27,0.39,0.34,0.65,0.53,203,0,1.5,-0.16,-1,19,0.3
DOGEUSDT,-1,1.9,1,TP,161,1,253,0,0,-3.7,4.4,2.47,2.47,0.79,0.38,4,0,1.61,0,-1,15,0.89
DOGEUSDT,1,1.9,1,TP,1,2,181,0,1,0.08,0.1,0.57,1.14,0.8,0.36,144,0,1.91,-0.35,1,12,0.99
DOGEUSDT,1,1.9,1,TP,18,4,368,0,3,0.07,1.64,0.65,0.56,0.5,0.3,59,0,1.44,-0.36,1,11,0.53
DOGEUSDT,-1,-2.1,0,SL,22,2,513,0,1,-0.27,5.12,1.68,1.73,0.57,1.26,188,0,1.58,-0.51,-1,0,0.86
DOGEUSDT,-1,-2.1,0,SL,15,2,669,0,1,-1.1,3.91,1.3,1.92,0.77,1.26,344,0,1.34,0.79,-1,15,1.41
DOGEUSDT,1,1.9,1,TP,30,3,187,0,2,-0.14,0.09,1.36,1.23,0.72,0.19,60,0,0.31,-1.56,1,14,0.99
DOGEUSDT,-1,1.9,1,TP,15,1,100,0,0,-2.04,1.9,1.07,1.07,0.74,0.24,1,0,2.04,0,-1,21,0.88
DOGEUSDT,1,-2.1,0,SL,45,1,217,0,0,-4,4.13,2.96,2.96,0.58,0.28,51,0,0.53,0,1,2,0.68
DOGEUSDT,-1,1.9,1,TP,4,2,1038,0,1,-0.14,2.07,1.35,7.49,0.57,0.48,20,0,0.95,-0.83,-1,12,1.95
DOGEUSDT,1,-2.1,0,SL,6,1,910,0,0,-4.19,5.55,3.42,3.42,1.1,0.89,68,1,2.4,0,1,15,2.2
DOGEUSDT,1,1.9,1,TP,24,2,246,0,1,-0.73,8.1,0.9,0.59,0.54,0.47,381,0,1.14,0.36,1,8,0.61
DOGEUSDT,1,1.9,1,TP,3,2,433,0,1,0,3,1.12,2.06,0.83,0.41,149,0,2.13,-0.58,1,7,0.96
DOGEUSDT,1,1.9,1,TP,11,1,587,0,0,-1.53,8.17,1.66,1.66,1.26,0.38,304,0,2.57,0,1,21,2.44
DOGEUSDT,-1,1.9,1,TP,20,4,147,0,3,-0.11,6.92,1.11,0.85,0.56,0.74,599,0,1.68,-0.13,-1,10,0.31
DOGEUSDT,-1,1.9,1,TP,48,3,143,0,2,-0.52,-0.71,1.44,1.88,0.77,0.06,451,0,2.17,-0.86,-1,14,1.33
DOGEUSDT,-1,1.9,1,TP,4,3,327,1,1,0.42,1.37,0.34,0.42,0.57,0.63,929,0,1.43,-0.07,1,6,0.4
DOGEUSDT,1,1.9,1,TP,37,2,456,0,1,-0.42,23.02,1.17,1.51,0.77,0.37,472,0,1.8,0.18,1,16,1
DOGEUSDT,-1,1.9,1,TP,10,3,289,1,1,0.41,7.43,0.93,0.69,0.57,0.88,56,0,1.35,-0.07,1,11,0.44
DOGEUSDT,-1,1.9,1,TP,6,1,713,0,0,-2.26,2.95,1.51,1.51,0.35,0.33,3,0,0.92,0,-1,21,0.52
DOGEUSDT,-1,1.9,1,TP,3,3,903,0,2,-1.05,10.82,1.16,3.47,0.83,0.36,191,0,1.72,-0.06,-1,21,1.93
DOGEUSDT,-1,-2.1,0,SL,28,2,1131,0,1,0.06,4.46,0.55,1.44,0.39,0.24,37,0,0.95,-0.16,-1,6,0.38
DOGEUSDT,-1,1.9,1,TP,13,1,1229,0,0,-1.26,5.61,1.22,1.22,0.39,0.24,136,0,0.62,0,-1,6,0.28
DOGEUSDT,-1,1.9,1,TP,5,4,2052,0,3,0.19,1.71,1.15,1.08,0.51,0.43,64,0,0.43,-1.04,-1,20,0.5
DOGEUSDT,-1,1.9,1,TP,5,1,422,0,0,-2.73,3.3,0.6,0.6,0.98,0.59,35,1,1.01,0,-1,18,0.77
DOGEUSDT,-1,1.9,1,TP,35,4,612,0,3,-0.26,4.28,0.7,0.78,0.39,0.11,71,0,1.12,-0.48,-1,17,0.33
DOGEUSDT,-1,1.9,1,TP,2,1,1030,0,0,-2.99,5.17,2.23,2.23,1.19,0.67,149,0,2.73,0,-1,2,1.95
DOGEUSDT,-1,1.9,1,TP,47,1,112,0,0,-3.93,5.06,1.9,1.9,0.62,0.32,55,0,1.34,0,-1,1,0.66
DOGEUSDT,-1,1.9,1,TP,9,1,208,0,0,-1.8,2.72,0.96,0.96,1.32,0.39,47,0,2.04,0,-1,17,1.5
DOGEUSDT,-1,1.9,1,TP,25,4,412,0,3,-0.25,0.75,1.09,0.8,0.45,0.24,8,0,0.9,-0.42,-1,8,0.33
DOGEUSDT,-1,1.9,1,TP,49,1,256,0,0,-2.57,4.78,0.92,0.92,0.35,0.32,12,0,1.06,0,-1,8,0.19
DOGEUSDT,-1,1.9,1,TP,2,1,766,0,0,-2.77,2.36,1.2,1.2,0.6,0.34,89,0,1.09,0,-1,15,0.98
DOGEUSDT,-1,-2.1,0,SL,15,2,103,0,1,-0.25,5.34,0.45,1.16,1.06,1.04,114,0,2.52,-1.08,-1,17,2.02
DOGEUSDT,1,-2.1,0,SL,1,4,203,0,3,0.12,-3.23,3.29,12.78,1.18,0.73,87,0,1.14,-2.45,1,19,6.36
DOGEUSDT,-1,1.9,1,TP,11,1,218,0,0,-3.28,0.58,2.53,2.53,0.42,0.31,185,0,0.4,0,-1,0,0.61
DOGEUSDT,1,1.9,1,TP,41,3,317,0,2,-0.03,6.93,0.41,0.6,0.28,0.37,507,0,0.57,-0.27,1,3,0.19
DOGEUSDT,-1,1.9,1,TP,3,3,512,0,2,-0.55,3.02,1.17,2.93,0.63,1.71,272,0,1.61,-0.45,-1,2,1.23
DOGEUSDT,1,1.9,1,TP,4,1,224,0,0,-4.79,5.34,7.73,7.73,0.51,0.26,234,0,0.92,0,1,8,1.74
DOGEUSDT,1,1.9,1,TP,6,1,587,0,0,-3.43,3.3,2.71,2.71,0.51,0.49,3,1,0.28,0,1,3,0.86
DOGEUSDT,-1,1.9,1,TP,13,1,275,0,0,-3.71,5.96,1.45,1.45,1.01,0.54,534,1,1.81,0,-1,16,0.97
DOGEUSDT,1,1.9,1,TP,15,1,139,0,0,-3.23,3.25,1.7,1.7,0.36,0.21,2,0,0.66,0,1,9,0.39
DOGEUSDT,-1,1.9,1,TP,3,1,152,0,0,-3.52,8.47,1.62,1.62,0.96,0.37,554,0,1.44,0,-1,17,1.83
DOGEUSDT,-1,1.9,1,TP,5,3,428,0,2,0.03,2.3,0.77,0.87,0.52,0.2,17,0,1.35,-0.66,-1,14,0.73
DOGEUSDT,-1,1.9,1,TP,7,1,537,0,0,-1.67,2.37,0.99,0.99,1.19,0.31,104,0,1.57,0,-1,17,0.76
DOGEUSDT,1,1.9,1,TP,1,1,109,0,0,-3.63,3.17,3.32,3.32,0.76,0.32,123,0,0.99,0,1,15,1.05
DOGEUSDT,1,1.9,1,TP,25,4,219,0,3,1.23,0.01,0.76,4.87,0.64,0.2,29,0,0.72,-1.58,-1,2,1.54
DOGEUSDT,-1,-2.1,0,SL,25,1,394,0,0,-1.67,1.89,0.45,0.45,0.59,0.33,6,0,1.51,0,-1,10,0.45
DOGEUSDT,-1,1.9,1,TP,74,4,229,0,3,0.05,4.27,0.88,0.57,0.25,0.23,164,0,0.76,-0.21,-1,4,0.19
DOGEUSDT,-1,1.9,1,TP,25,1,431,0,0,-0.9,17.5,0.81,0.81,0.47,0.15,129,0,1.33,0,-1,7,0.29
DOGEUSDT,-1,-2.1,0,SL,5,3,502,0,2,0.23,-0.91,0.93,1.1,1.28,0.62,175,0,1.34,-3.19,-1,19,1.38
DOGEUSDT,-1,1.9,1,TP,24,1,1131,0,0,-1.09,5.93,0.96,0.96,0.53,0.39,134,0,1.61,0,-1,8,0.47
DOGEUSDT,-1,1.9,1,TP,82,1,277,0,0,-1.69,2.27,2.74,2.74,0.77,0.4,116,0,1.7,0,-1,19,1.32
DOGEUSDT,-1,1.9,1,TP,54,1,585,0,0,-3.22,2.6,1.42,1.42,0.37,0.31,159,0,1,0,-1,0,0.4
DOGEUSDT,1,1.9,1,TP,23,4,321,0,3,-0.35,3.44,0.7,0.67,0.42,0.31,28,0,0.62,0.07,1,0,0.3
DOGEUSDT,-1,-1.243,0,TIMEOUT,76,1,254,0,0,-2.59,3.76,0.87,0.87,0.19,0.2,14,0,0.18,0,-1,4,0.11
DOGEUSDT,1,1.9,1,TP,9,1,164,0,0,-2.04,0.83,0.75,0.75,0.44,0.26,93,1,0.28,0,1,20,0.36
DOGEUSDT,-1,1.9,1,TP,26,1,153,0,0,-3.14,1.46,21.77,21.77,0.73,0.83,0,0,0.52,0,-1,23,4.07
DOGEUSDT,-1,-2.1,0,SL,3,3,310,0,2,0.23,5.65,3.61,3.38,0.52,0.3,163,0,1.09,-0.87,-1,14,1.45
DOGEUSDT,1,-1.648,0,TIMEOUT,102,1,124,0,0,-2.6,3.47,1.74,1.74,0.32,0.32,122,0,1,0,1,11,0.28
DOGEUSDT,-1,1.9,1,TP,42,1,516,0,0,-2.08,1.69,0.53,0.53,0.36,0.71,200,1,0.48,0,-1,19,0.29
DOGEUSDT,-1,1.9,1,TP,5,2,776,0,1,-1.06,2.67,1.76,4.25,0.43,0.16,8,0,0.96,-0.76,-1,12,1.29
DOGEUSDT,-1,1.9,1,TP,130,3,210,0,2,-0.1,9.37,1.32,0.72,0.35,0.47,254,1,1.11,-0.56,-1,5,0.39
ADAUSDT,1,-2.1,0,SL,1,1,319,0,0,-6.2,4.83,6.62,6.62,1.02,0.23,67,0,0.46,0,1,14,3.79
ADAUSDT,1,-2.1,0,SL,3,3,214,0,2,-0.65,4.12,1.87,0.61,1.81,0.95,289,0,2.26,-1.53,1,16,1.72
ADAUSDT,1,-2.1,0,SL,2,1,214,0,0,-3.86,3.85,5.01,5.01,1.51,0.86,113,0,3.97,0,1,10,4.57
ADAUSDT,1,-2.1,0,SL,14,4,659,0,3,0.05,10.9,0.85,1.73,1.22,0.79,555,0,0.98,-1,1,1,1.39
ADAUSDT,1,-2.1,0,SL,13,3,74,0,2,-1.01,11.05,0.48,1.21,0.83,1.13,258,0,2.58,0.19,1,4,0.95
ADAUSDT,1,1.9,1,TP,4,1,328,0,0,-1.81,4.46,1.05,1.05,0.96,0.59,366,0,1.33,0,1,18,1.02
ADAUSDT,1,1.9,1,TP,3,1,642,0,0,-2.86,3.86,2.95,2.95,1.48,0.19,71,0,3.45,0,1,1,3.02
ADAUSDT,1,1.9,1,TP,1,1,92,0,0,-2.67,11.91,3.39,3.39,2.16,0.32,841,0,5.63,0,1,16,4.55
ADAUSDT,-1,-2.1,0,SL,30,3,423,0,2,-0.47,13.28,0.59,0.57,0.47,0.53,416,0,1.56,-0.05,-1,19,0.36
ADAUSDT,-1,1.9,1,TP,6,2,520,0,1,-0.91,2.78,2.78,1.95,0.91,0.57,101,0,2.53,-0.29,-1,20,1.44
ADAUSDT,1,-2.1,0,SL,3,3,259,0,2,-0.05,17.57,1.32,0.56,0.93,0.6,301,0,2.82,-0.93,1,0,0.59
ADAUSDT,1,-2.1,0,SL,100,3,385,0,2,-0.25,3.39,0.61,1.25,0.86,0.64,46,0,2.48,-0.25,1,8,1.12
ADAUSDT,1,1.9,1,TP,29,2,568,0,1,-0.1,3.94,0.58,0.58,1.47,1.81,308,1,2.63,-0.1,1,17,1.24
ADAUSDT,-1,-2.1,0,SL,1,1,362,0,0,-1.75,0.09,4.63,4.63,2.84,1.96,1259,1,5.89,0,-1,14,8.18
ADAUSDT,-1,1.9,1,TP,9,1,334,0,0,-2.14,3.83,0.91,0.91,0.71,2.69,227,2,1.07,0,-1,18,0.61
ADAUSDT,1,-2.028,0,TIMEOUT,39,2,403,0,1,0.49,0.7,0.83,0.92,0.45,0.3,136,0,1.2,-0.27,1,14,0.4
ADAUSDT,-1,-2.1,0,SL,98,4,255,0,3,0.2,5.04,0.88,0.47,0.49,1.03,203,1,1.41,-0.55,-1,21,0.35
ADAUSDT,-1,1.9,1,TP,15,1,414,0,0,-1.48,2.9,1.06,1.06,0.46,0.41,25,0,0.48,0,-1,12,0.5
ADAUSDT,1,1.9,1,TP,30,1,247,0,0,-3.17,1.38,2.01,2.01,0.61,0.52,103,0,1.46,0,1,23,0.53
ADAUSDT,1,1.9,1,TP,1,1,444,0,0,-4.73,8.98,4.58,4.58,0.66,0.49,300,0,1.86,0,1,0,1.48
ADAUSDT,1,1.9,1,TP,7,1,874,0,0,-2.38,0.26,2.27,2.27,1.56,1.01,112,0,3.28,0,1,1,2.05
ADAUSDT,1,-2.1,0,SL,17,3,1156,0,2,-0.02,1.61,0.92,0.9,0.85,0.53,12,0,2.63,-1.06,1,23,0.84
ADAUSDT,1,1.9,1,TP,3,1,238,0,0,-0.93,18.52,0.45,0.45,0.83,1.24,519,1,2.53,0,1,5,0.46
ADAUSDT,-1,1.9,1,TP,5,4,548,0,3,-0.89,2.02,0.52,0.63,1.03,0.96,227,0,2.12,0.57,-1,12,1.13
ADAUSDT,-1,1.9,1,TP,17,1,387,0,0,-1.66,2.39,1.28,1.28,0.71,0.21,154,0,0.81,0,-1,3,0.83
ADAUSDT,1,-2.1,0,SL,20,2,361,0,1,0.26,3.97,1.16,0.45,0.52,0.67,94,0,1.61,-0.28,1,22,0.46
ADAUSDT,-1,1.9,1,TP,5,1,148,0,0,-3.42,2.52,4.84,4.84,1.44,0.66,65,0,2.81,0,-1,22,3.86
ADAUSDT,1,-2.1,0,SL,29,4,253,0,3,-0.34,1.97,1.49,2.01,0.59,0.36,302,0,1.58,-0.46,1,9,1
ADAUSDT,1,1.9,1,TP,2,1,248,0,0,-2.53,3.78,2.57,2.57,1.17,0.81,35,0,1.1,0,1,14,2.22
ADAUSDT,1,1.9,1,TP,33,1,205,0,0,-2.85,5.29,1.33,1.33,0.57,0.5,166,0,1.38,0,1,16,0.68
ADAUSDT,1,1.9,1,TP,9,2,481,0,1,-0.02,-1.2,1.73,2.12,0.64,0.44,113,0,1.64,-0.99,1,13,1.12
ADAUSDT,-1,-2.1,0,SL,39,3,221,0,2,-0.47,1.37,0.43,0.83,0.65,0.41,32,0,1.17,0.03,-1,2,0.49
ADAUSDT,-1,-2.1,0,SL,16,3,424,0,2,-0.52,0.39,1.08,0.98,0.42,0.24,53,0,1.2,0.06,-1,13,0.47
ADAUSDT,-1,1.9,1,TP,12,1,466,0,0,-3.13,1.09,1.46,1.46,0.63,0.24,97,0,0.34,0,-1,23,1.22
ADAUSDT,-1,1.9,1,TP,20,1,810,0,0,-2.65,16.59,3,3,0.57,0.26,441,0,0.64,0,-1,13,0.88
ADAUSDT,-1,1.9,1,TP,9,1,1127,0,0,-1.56,2.84,0.56,0.56,0.33,0.2,196,0,0.56,0,-1,21,0.26
ADAUSDT,-1,-2.1,0,SL,13,4,587,0,3,-0.45,2.95,1.13,0.8,0.83,0.49,65,0,1.81,-0.77,-1,18,0.73
ADAUSDT,-1,1.9,1,TP,11,1,207,0,0,-2.2,1.37,2.24,2.24,0.67,0.69,46,0,1.78,0,-1,5,0.93
ADAUSDT,-1,1.9,1,TP,13,1,161,0,0,-3.38,3.28,2.56,2.56,1.08,0.87,88,0,2.82,0,-1,11,1.88
ADAUSDT,1,1.9,1,TP,13,1,146,0,0,-1.92,4.55,2.35,2.35,1.22,0.78,489,0,1.02,0,1,15,2.25
ADAUSDT,1,1.9,1,TP,20,3,162,0,2,-0.53,5.41,3.47,2.71,0.76,0.62,192,0,1.89,-1.65,1,1,1.1
ADAUSDT,-1,-2.1,0,SL,22,3,529,0,2,-0.49,2.96,0.86,1.05,0.45,0.22,36,0,1.3,-0.56,-1,14,0.47
ADAUSDT,1,1.9,1,TP,63,2,141,0,1,-0.2,1.88,1.04,1.25,0.6,0.22,309,0,0.93,0.04,1,10,0.55
ADAUSDT,1,1.9,1,TP,25,2,144,0,1,-0.42,5.01,0.9,0.86,0.32,0.33,319,0,0.94,-0.29,1,14,0.42
ADAUSDT,-1,1.9,1,TP,7,1,179,0,0,-1.97,1.02,0.57,0.57,0.73,0.65,2,1,0.94,0,-1,10,0.47
ADAUSDT,1,-2.1,0,SL,53,1,82,0,0,-1.78,5.26,0.75,0.75,0.6,0.87,27,2,1.84,0,1,1,0.41
ADAUSDT,-1,-2.1,0,SL,7,4,201,0,3,-0.07,3.8,1.09,0.64,0.49,0.16,75,0,1.52,-0.73,-1,22,0.25
ADAUSDT,-1,1.9,1,TP,34,1,152,0,0,-3.02,0.69,1.53,1.53,0.69,0.14,80,0,0.37,0,-1,17,0.57
ADAUSDT,-1,1.9,1,TP,23,1,599,0,0,-3.38,4.34,2.03,2.03,0.62,0.27,59,0,0.85,0,-1,16,1.17
ADAUSDT,-1,1.9,1,TP,4,1,353,0,0,-2.22,3.47,1.62,1.62,0.36,0.43,10,1,0.61,0,-1,11,0.31
ADAUSDT,-1,1.9,1,TP,21,1,524,0,0,-2.68,3.47,0.67,0.67,0.26,0.06,23,0,0.38,0,-1,21,0.16
ADAUSDT,-1,1.9,1,TP,5,3,420,0,2,-2.14,2.06,1.07,6.06,0.52,0.31,7,0,1.08,1.03,-1,16,1.57
ADAUSDT,1,1.9,1,TP,78,3,291,0,2,-0.07,3.36,1.92,1.09,0.44,0.23,35,0,0.53,-0.57,1,4,0.42
ADAUSDT,1,1.9,1,TP,2,1,1091,0,0,-1.84,1.02,1.19,1.19,0.73,1.3,183,0,0.88,0,1,0,0.68
ADAUSDT,1,-2.1,0,SL,25,1,1481,0,0,-2.16,1.59,1.72,1.72,0.77,0.61,141,0,1.8,0,1,1,0.53
ADAUSDT,1,1.9,1,TP,34,2,326,0,1,-1.28,3.83,1.16,4.62,0.42,0.15,155,0,1.14,-0.1,1,11,1.28
ADAUSDT,1,1.9,1,TP,13,1,101,0,0,-2.6,1.27,0.8,0.8,1,0.68,96,0,1.04,0,1,21,0.63
ADAUSDT,-1,1.9,1,TP,129,4,552,0,3,0.35,-0.82,1.31,0.96,0.37,0.14,64,0,0.93,-0.72,-1,11,0.3
ADAUSDT,-1,1.9,1,TP,27,2,811,0,1,0.1,1.76,0.36,1.03,0.4,0.31,32,0,0.94,-0.31,-1,4,0.39
ADAUSDT,1,1.9,1,TP,15,1,342,0,0,-3.87,5.05,3.12,3.12,0.79,0.51,25,0,0.48,0,1,13,2.36
ADAUSDT,1,1.9,1,TP,5,1,244,0,0,-1.65,6.34,1.18,1.18,0.7,0.23,224,0,1.49,0,1,10,0.65
ADAUSDT,-1,1.9,1,TP,5,1,123,0,0,-2.2,4.12,1.58,1.58,0.39,0.69,459,0,1.16,0,-1,6,0.65
ADAUSDT,-1,1.9,1,TP,18,1,130,0,0,-1.44,0.29,0.66,0.66,0.61,0.43,1,0,1.6,0,-1,3,0.47
ADAUSDT,1,1.9,1,TP,143,4,123,0,3,-0.04,-0.8,0.9,1.05,0.56,0.52,40,0,1.66,-0.34,1,15,0.55
ADAUSDT,1,1.9,1,TP,1,1,224,0,0,-7.01,7.73,22.09,22.09,0.71,0.42,1,0,0.62,0,1,15,4.38
ADAUSDT,-1,-1.217,0,TIMEOUT,234,1,160,0,0,-4.4,4.84,19.16,19.16,0.64,0.16,0,0,1,0,-1,9,4.53
ADAUSDT,1,1.9,1,TP,158,3,7,1,1,-0.3,5.89,0.95,0.7,0.34,0.64,174,0,1.01,0.16,1,13,0.26
ADAUSDT,1,-2.1,0,SL,36,1,76,0,0,-6.85,7.14,9.55,9.55,0.7,0.69,1,0,0.51,0,1,14,3.36
ADAUSDT,-1,-2.1,0,SL,9,2,637,0,1,-0.07,0.12,2.43,0.76,0.33,0.16,37,0,0.46,-0.24,-1,15,0.31
ADAUSDT,1,1.9,1,TP,43,2,513,0,1,0.39,11.26,2.64,2.67,0.75,0.32,379,0,1.83,-0.56,1,16,1.55
ADAUSDT,1,1.9,1,TP,84,4,599,0,3,-0.74,4.87,0.19,0.55,0.64,0.37,182,0,0.63,0.45,1,3,0.71
ADAUSDT,1,1.9,1,TP,6,1,162,0,0,-1.63,3.82,1.02,1.02,0.45,0.15,134,0,0.93,0,1,0,0.53
ADAUSDT,1,1.9,1,TP,3,1,194,0,0,-3.43,4.13,2.28,2.28,1.52,0.62,85,0,0.43,0,1,21,2.43
ADAUSDT,-1,1.9,1,TP,44,4,399,0,3,-0.03,1.44,2.29,2.29,0.5,0.51,93,0,1.27,-0.42,-1,14,1.07
ADAUSDT,-1,-2.1,0,SL,67,3,1181,0,2,0.39,1.5,0.58,0.76,0.67,0.53,24,0,1.52,-0.77,-1,18,0.77
ADAUSDT,1,1.9,1,TP,7,1,290,0,0,-3.95,3.72,2.52,2.52,0.69,0.26,135,0,1.29,0,1,16,0.77
ADAUSDT,-1,1.9,1,TP,25,1,250,0,0,-3.11,3.82,1.07,1.07,0.52,0.31,4,0,1.2,0,-1,4,0.47
ADAUSDT,1,1.9,1,TP,10,1,484,0,0,-3.05,3.26,3.27,3.27,0.56,0.33,4,0,0.64,0,1,21,1.12
ADAUSDT,-1,1.9,1,TP,45,3,174,0,2,0.12,8.07,0.99,0.59,0.62,0.42,418,0,1.88,-0.96,-1,4,0.25
ADAUSDT,1,1.9,1,TP,30,4,367,0,3,-0.05,0.97,0.71,3.09,0.86,0.51,67,0,2.37,-0.49,1,14,1.77
ADAUSDT,-1,-2.1,0,SL,58,3,273,0,2,-0.33,1.93,1.97,1.1,1.39,1.38,427,0,1.26,-1.59,-1,16,1.02
ADAUSDT,-1,1.9,1,TP,2,4,317,0,3,-0.22,11.12,0.96,0.88,1.05,0.93,371,0,2.83,-0.42,-1,16,1.19
ADAUSDT,1,1.9,1,TP,51,1,78,0,0,-4.91,6.14,5.15,5.15,0.5,0.25,154,0,1.07,0,1,8,0.79
ADAUSDT,-1,1.9,1,TP,3,1,227,0,0,-3.15,4,1.34,1.34,0.49,0.33,24,1,1.26,0,-1,12,0.5
ADAUSDT,1,1.9,1,TP,27,1,66,0,0,-2.59,8.16,1.94,1.94,0.6,0.8,220,0,1.24,0,1,14,1.04
ADAUSDT,-1,-2.1,0,SL,6,3,230,0,2,-0.57,2.9,1.93,0.93,0.4,0.14,31,0,0.92,-0.6,-1,8,0.43
ADAUSDT,-1,1.9,1,TP,4,1,159,0,0,-0.8,3.43,0.87,0.87,0.68,0.47,35,0,1.96,0,-1,0,0.44
ADAUSDT,1,-2.1,0,SL,45,1,251,0,0,-4.64,7.16,2.88,2.88,0.53,0.14,11,0,0.6,0,1,2,1.04
ADAUSDT,-1,1.9,1,TP,1,1,339,0,0,-3.16,4.58,3.99,3.99,1.05,0.49,19,0,2.17,0,-1,14,2.2
ADAUSDT,1,-2.1,0,SL,36,1,236,0,0,-1.5,15.94,0.95,0.95,0.31,0.31,254,0,0.93,0,1,4,0.2
ADAUSDT,1,1.9,1,TP,76,1,343,0,0,-2.42,4.27,1.87,1.87,0.48,0.29,61,0,0.73,0,1,1,0.47
ADAUSDT,1,1.9,1,TP,16,1,339,0,0,-1.59,3.49,0.78,0.78,0.61,0.46,24,0,0.72,0,1,18,0.49
ADAUSDT,-1,-2.1,0,SL,77,4,552,0,3,-0.21,2.9,1.35,0.52,0.41,0.6,129,0,0.75,-0.69,-1,21,0.32
ADAUSDT,1,-2.1,0,SL,6,3,258,0,2,-0.86,3.57,1.87,1.83,0.56,0.33,140,0,1.24,0,1,7,0.82
ADAUSDT,-1,-2.1,0,SL,6,2,134,0,1,-0.22,1.05,0.72,0.61,1.15,1.08,16,0,1.65,-0.02,-1,18,0.77
ADAUSDT,1,-2.1,0,SL,9,4,647,0,3,-0.49,1.44,2.56,0.57,1.19,0.54,182,0,1.98,-1.57,1,17,0.91
ADAUSDT,-1,1.9,1,TP,18,1,588,0,0,-2.08,0.18,0.23,0.23,0.63,0.61,227,0,0.84,0,-1,17,0.38
ADAUSDT,-1,1.9,1,TP,5,1,145,0,0,-0.31,2.53,0.55,0.55,1.22,0.97,25,0,2.88,0,-1,23,1.11
ADAUSDT,-1,1.9,1,TP,4,1,720,0,0,-4.05,3.44,2.79,2.79,0.55,0.27,96,0,0.8,0,-1,23,1.04
ADAUSDT,-1,1.9,1,TP,37,4,168,0,3,-0.54,9.2,0.69,0.69,0.48,0.27,208,0,1.34,-0.37,-1,17,0.38
ADAUSDT,-1,1.9,1,TP,20,1,631,0,0,-1.48,3.19,0.81,0.81,1.06,0.47,66,0,2.23,0,-1,16,0.75
ADAUSDT,-1,1.9,1,TP,4,3,522,0,2,-1.22,1.6,0.92,1.91,1.42,0.68,182,0,1.83,-0.37,-1,18,1.85
ADAUSDT,1,1.9,1,TP,18,2,397,0,1,-0.51,0.67,3.61,2.33,1.06,0.34,2,0,2.59,-0.93,1,7,2.04
ADAUSDT,-1,-2.1,0,SL,30,2,490,0,1,-0.43,17.51,1.46,0.87,0.51,0.65,674,0,1.56,-0.17,-1,13,0.56
ADAUSDT,-1,-2.1,0,SL,10,2,314,0,1,0.32,3.22,0.54,0.48,0.46,0.25,75,0,0.72,-0.2,-1,5,0.46
ADAUSDT,-1,1.9,1,TP,42,2,405,0,1,0.44,2.89,0.54,1.31,0.46,0.25,166,0,0.5,-0.71,-1,4,0.74
ADAUSDT,-1,1.9,1,TP,7,1,803,0,0,-2.35,16.79,2.38,2.38,0.45,0.81,221,0,1.38,0,-1,8,0.7
ADAUSDT,1,-2.1,0,SL,52,1,186,0,0,-1.11,0.76,1.03,1.03,0.55,0.48,10,0,0.95,0,1,16,0.43
ADAUSDT,-1,1.9,1,TP,39,4,342,0,3,-0.25,9.43,3.25,0.62,0.68,0.38,341,0,2.04,-0.77,-1,1,0.38
ADAUSDT,-1,1.9,1,TP,46,1,447,0,0,-2.03,2.48,1.74,1.74,0.51,0.3,160,0,1.19,0,-1,15,0.72
ADAUSDT,-1,1.9,1,TP,11,1,64,0,0,-2.65,1.18,1.08,1.08,0.97,0.78,46,1,1.45,0,-1,16,1.18
ADAUSDT,-1,1.9,1,TP,4,1,164,0,0,-3.47,4.51,1.62,1.62,1.03,0.81,146,1,1.89,0,-1,17,1.9
ADAUSDT,-1,1.9,1,TP,3,1,832,0,0,-3.68,3.39,1.84,1.84,1.17,0.43,70,0,2,0,-1,16,1.39
ADAUSDT,1,-2.1,0,SL,76,1,182,0,0,-4.1,6.01,1.74,1.74,0.73,0.37,121,0,0.87,0,1,18,0.69
ADAUSDT,-1,1.9,1,TP,2,1,173,0,0,-5.85,5.69,4.92,4.92,0.88,0.28,66,0,1.52,0,-1,0,1.76
ADAUSDT,-1,1.9,1,TP,35,1,158,0,0,-1.42,0.28,1.07,1.07,0.48,0.22,2,0,0.41,0,-1,6,0.47
ADAUSDT,1,1.9,1,TP,7,1,112,0,0,-2.24,6.93,1,1,0.6,0.19,119,0,0.85,0,1,1,0.43
ADAUSDT,-1,1.9,1,TP,54,2,256,0,1,0.02,1.69,1.36,1.07,0.36,0.38,76,0,0.59,-0.15,-1,9,0.3
ADAUSDT,-1,-2.1,0,SL,5,3,497,0,2,0.3,-1.48,1,1.09,1.25,0.72,175,0,2,-3.65,-1,19,1.33
ADAUSDT,-1,1.9,1,TP,39,4,71,0,3,0.38,2.81,0.9,1.16,0.51,0.64,43,1,1.57,-0.57,-1,9,0.6
ADAUSDT,1,-2.1,0,SL,18,3,166,0,2,-0.31,-1.44,1.46,2.92,0.59,0.51,84,0,1.05,-1.05,1,6,0.79
ADAUSDT,-1,1.9,1,TP,42,1,648,0,0,-2.4,4.21,0.56,0.56,0.79,0.42,58,0,0.66,0,-1,3,0.5
ADAUSDT,-1,1.9,1,TP,27,1,278,0,0,-2.61,3.42,0.86,0.86,0.65,0.29,3,1,1.13,0,-1,2,0.49
ADAUSDT,1,1.9,1,TP,148,3,104,0,2,-0.65,5.94,0.7,0.55,0.23,0.28,250,0,0.71,0.08,1,18,0.28
ADAUSDT,1,1.9,1,TP,21,1,576,0,0,-1.63,4.46,0.91,0.91,0.52,0.15,57,0,0.99,0,1,16,0.41
ADAUSDT,1,1.9,1,TP,4,1,762,0,0,-1.83,2.31,1.56,1.56,0.38,0.4,165,0,0.93,0,1,14,0.51
ADAUSDT,-1,-2.1,0,SL,3,2,1340,0,1,-0.18,2.64,2.64,5.06,0.55,0.52,141,0,1.24,-1.04,-1,14,1.46
ADAUSDT,-1,1.9,1,TP,81,1,1536,0,0,-1.87,3.92,0.96,0.96,0.4,0.21,35,0,0.47,0,-1,15,0.39
ADAUSDT,-1,-2.1,0,SL,59,2,1290,0,1,-1.4,1.39,0.92,1.3,0.35,0.35,94,1,1.01,0.28,-1,11,0.63
ADAUSDT,1,1.9,1,TP,15,1,269,0,0,-1.83,3.73,1.52,1.52,0.64,0.24,25,0,0.48,0,1,17,0.78
ADAUSDT,-1,1.9,1,TP,31,1,346,0,0,-3.55,4.36,1.75,1.75,0.78,0.44,10,0,0.84,0,-1,14,0.76
LINKUSDT,-1,1.9,1,TP,8,3,170,0,2,0,3.15,1.36,1.01,0.54,0.67,173,0,1.53,-1.07,-1,11,0.89
LINKUSDT,-1,1.9,1,TP,25,3,269,0,2,0.45,1.63,1.69,2.17,0.46,0.67,272,0,1.2,-0.39,-1,12,0.75
LINKUSDT,1,-2.1,0,SL,1,1,308,0,0,-5.1,3.67,4.96,4.96,0.93,0.58,67,2,0.59,0,1,14,3
LINKUSDT,-1,-2.1,0,SL,2,3,129,0,2,-0.05,-0.64,4.66,0.93,0.79,0.29,4,0,2.01,-0.92,-1,0,0.75
LINKUSDT,1,1.9,1,TP,6,1,373,0,0,-2.22,10.27,1.27,1.27,1.7,1.88,212,0,5.06,0,1,17,2.73
LINKUSDT,1,1.9,1,TP,6,1,207,0,0,-1.96,3.84,0.99,0.99,1.28,0.9,24,0,2.93,0,1,3,1.1
LINKUSDT,-1,1.9,1,TP,4,1,340,0,0,-2.25,2.29,2.37,2.37,1.6,2.94,248,0,4.48,0,-1,22,3.2
LINKUSDT,1,-2.1,0,SL,27,4,196,0,3,-0.34,0.47,0.78,0.93,0.59,0.53,2,0,1.76,-0.53,1,17,0.39
LINKUSDT,-1,1.9,1,TP,3,1,329,0,0,-3.92,5.47,4.13,4.13,0.83,0.31,30,0,2.06,0,-1,19,2.32
LINKUSDT,1,1.9,1,TP,7,1,238,0,0,-2.42,7.92,1.62,1.62,0.45,0.42,257,0,1.07,0,1,8,0.69
LINKUSDT,1,1.9,1,TP,5,1,478,0,0,-1.84,2.24,0.6,0.6,0.81,0.65,50,1,0.51,0,1,20,1.02
LINKUSDT,1,1.9,1,TP,19,2,525,0,1,0.24,19.07,0.79,1.07,0.76,0.57,1067,1,1.15,-0.35,1,10,0.82
LINKUSDT,1,1.9,1,TP,6,1,732,0,0,-1.93,1.58,2.06,2.06,0.68,0.91,116,0,1.85,0,1,14,0.79
LINKUSDT,1,1.9,1,TP,15,1,315,0,0,-2.31,19.16,1.34,1.34,0.79,1.19,424,1,2.35,0,1,6,1.2
LINKUSDT,1,-2.1,0,SL,18,3,612,0,2,-0.64,30.26,1.26,2.23,0.72,1.1,719,1,2.01,-0.26,1,9,1.51
LINKUSDT,1,1.9,1,TP,2,3,721,0,2,-0.36,-0.75,1.14,1.53,1.35,0.96,47,0,3.24,-2.22,1,12,1.63
LINKUSDT,-1,1.9,1,TP,1,1,994,0,0,-2.27,5.13,7.4,7.4,2.82,3.51,90,0,5.7,0,-1,14,9.62
LINKUSDT,-1,1.9,1,TP,11,1,333,0,0,-2.52,1.71,1.06,1.06,0.87,0.45,2,0,1.34,0,-1,17,1
LINKUSDT,-1,1.9,1,TP,6,1,609,0,0,-1.57,0.03,0.89,0.89,1.07,0.82,95,0,2.17,0,-1,14,0.74
LINKUSDT,1,1.9,1,TP,15,1,179,0,0,-3.69,3.23,1.4,1.4,0.92,0.77,2,0,0.67,0,1,4,1.09
LINKUSDT,1,1.9,1,TP,3,1,228,0,0,-3.61,5.71,1.53,1.53,0.8,0.71,441,0,1.69,0,1,23,1.18
LINKUSDT,1,1.9,1,TP,1,1,426,0,0,-4.45,12.07,2.61,2.61,0.87,0.66,639,0,2.2,0,1,0,1.34
LINKUSDT,1,1.9,1,TP,4,2,812,1,0,-2.9,0.33,1.24,1.24,0.82,1.74,308,0,1.86,1.12,1,1,1.48
LINKUSDT,1,1.9,1,TP,4,1,873,0,0,-4.38,3.23,4.95,4.95,1.28,0.42,31,0,1.62,0,1,16,2.82
LINKUSDT,1,1.9,1,TP,11,1,1156,0,0,-2.02,7.14,0.97,0.97,0.91,0.28,171,0,2.21,0,1,15,0.5
LINKUSDT,1,-2.1,0,SL,12,3,1555,0,2,-1.04,1.98,0.51,0.85,0.91,0.59,134,0,1.69,-0.37,1,18,1.32
LINKUSDT,1,1.9,1,TP,6,1,332,0,0,-2.32,6.98,3.3,3.3,0.84,0.45,328,0,0.51,0,1,6,1.75
LINKUSDT,1,1.9,1,TP,7,1,587,0,0,-2.91,5.56,1.22,1.22,0.69,0.38,35,0,2.03,0,1,22,0.63
LINKUSDT,-1,-2.1,0,SL,16,4,488,0,3,-0.22,1.1,0.62,0.54,0.58,0.53,78,1,1,-0.08,-1,18,0.4
LINKUSDT,-1,-2.1,0,SL,14,2,623,0,1,0.36,0.08,0.61,0.82,0.9,0.38,131,0,0.9,-0.5,-1,4,1.01
LINKUSDT,1,1.9,1,TP,2,1,493,0,0,-1.71,2.15,1.79,1.79,0.73,0.67,90,0,2.03,0,1,15,1.32
LINKUSDT,1,1.9,1,TP,12,1,438,0,0,-1.68,22.8,0.55,0.55,0.6,0.75,655,0,1.67,0,1,5,0.5
LINKUSDT,1,1.9,1,TP,71,2,162,0,1,0.14,7.47,1.04,0.83,0.49,0.49,221,0,0.55,-0.21,1,6,0.53
LINKUSDT,1,1.9,1,TP,1,2,474,0,1,0.2,-0.56,0.75,1.63,0.88,0.62,100,0,2.47,-0.87,1,12,1.36
LINKUSDT,1,-2.1,0,SL,11,3,563,0,2,-0.48,2.55,0.65,0.7,1.29,0.6,188,0,2.17,-0.5,1,11,1.28
LINKUSDT,-1,1.9,1,TP,18,1,299,0,0,-2.03,7.94,1.48,1.48,0.67,0.65,596,0,1.24,0,-1,16,1.1
LINKUSDT,-1,1.9,1,TP,6,1,919,0,0,-2.12,2.95,1.99,1.99,0.97,0.78,146,1,0.95,0,-1,3,1.5
LINKUSDT,-1,1.9,1,TP,8,1,130,0,0,-2.25,1.8,1.05,1.05,1.13,0.49,121,0,1.39,0,-1,17,1.07
LINKUSDT,1,1.9,1,TP,3,1,542,0,0,-2.19,7.15,2.18,2.18,2.52,0.44,1208,0,2.38,0,1,16,4.52
LINKUSDT,1,1.9,1,TP,8,1,679,0,0,-2.51,11.14,1.03,1.03,1.7,0.43,1345,0,1.75,0,1,2,1.08
LINKUSDT,-1,-2.1,0,SL,1,1,317,0,0,-5.22,5.05,4.73,4.73,1.09,0.64,125,0,2,0,-1,21,3.11
LINKUSDT,1,-2.1,0,SL,7,2,102,0,1,-0.18,3.17,1.44,0.97,1.08,0.81,34,0,0.78,0.14,1,16,0.95
LINKUSDT,1,1.9,1,TP,7,1,223,0,0,-2.47,3.44,1.22,1.22,0.97,0.42,52,0,1.8,0,1,3,1.11
LINKUSDT,1,-2.1,0,SL,46,4,462,0,3,-0.7,0.89,1.07,1.38,0.66,0.9,50,0,0.65,-0.24,1,15,0.58
LINKUSDT,1,1.9,1,TP,27,1,297,0,0,-3.58,0.14,1.31,1.31,1.14,0.78,182,0,0.41,0,1,15,1.28
LINKUSDT,1,-2.1,0,SL,38,1,530,0,0,-3.59,4.18,1.36,1.36,0.5,0.37,401,0,0.4,0,1,8,0.35
LINKUSDT,-1,1.9,1,TP,8,1,334,0,0,-2.16,1.02,3.3,3.3,0.6,0.32,226,0,1.21,0,-1,13,1.06
LINKUSDT,1,1.9,1,TP,11,1,101,0,0,-1.95,1.78,5.38,5.38,0.52,0.66,1,0,1.03,0,1,3,1.12
LINKUSDT,1,-2.1,0,SL,16,3,243,0,2,-0.27,5.27,1.17,0.98,0.53,0.22,326,0,1.2,-0.48,1,14,0.48
LINKUSDT,-1,1.9,1,TP,5,1,446,0,0,-2.99,5.69,2.33,2.33,0.62,0.15,251,0,0.41,0,-1,14,1.02
LINKUSDT,-1,1.9,1,TP,1,3,641,0,2,1.35,-3.23,0.76,3.28,0.84,0.98,444,0,1.12,-2.77,-1,15,2.74
LINKUSDT,-1,1.9,1,TP,44,4,94,0,3,-0.05,0.18,0.97,4.2,0.79,0.74,5,0,2.33,-1.26,-1,13,0.86
LINKUSDT,1,1.9,1,TP,1,1,267,0,0,-2.43,4.06,1.62,1.62,0.86,1.37,28,1,1.22,0,1,18,1.92
LINKUSDT,1,-2.1,0,SL,6,3,336,0,2,0.43,13.06,1.4,1.2,1.09,0.66,433,0,1.16,-1.63,1,12,1.2
LINKUSDT,-1,1.9,1,TP,6,3,121,0,2,0.12,2.15,0.61,0.71,1.06,1.05,33,0,2.8,-1.17,-1,21,0.66
LINKUSDT,-1,-2.1,0,SL,27,3,378,0,2,0.03,0.51,0.65,1.06,0.92,0.46,9,0,2.85,-0.65,-1,13,1.11
LINKUSDT,1,1.9,1,TP,10,1,315,0,0,-3.31,8.21,1.94,1.94,0.69,0.6,150,1,2.05,0,1,5,0.91
LINKUSDT,-1,-2.1,0,SL,36,1,131,0,0,-3.2,3.16,3.67,3.67,0.82,0.34,86,0,1.13,0,-1,19,2.9
LINKUSDT,1,1.9,1,TP,9,1,240,0,0,-2.81,18.06,1.78,1.78,0.46,0.48,269,0,1.29,0,1,17,0.74
LINKUSDT,1,1.9,1,TP,3,1,513,0,0,-4.76,2.9,3.74,3.74,1.04,0.41,57,0,2.07,0,1,13,2.16
LINKUSDT,1,1.9,1,TP,17,1,108,0,0,-1.77,0.72,0.97,0.97,0.78,0.58,86,1,0.58,0,1,1,0.48
LINKUSDT,1,1.9,1,TP,4,1,284,0,0,-1.99,1.91,0.41,0.41,0.66,0.58,262,1,1.49,0,1,21,0.38
LINKUSDT,1,1.9,1,TP,4,1,531,0,0,-3.5,6.66,3.26,3.26,0.44,0.13,54,0,0.99,0,1,11,0.68
LINKUSDT,1,1.9,1,TP,9,1,346,0,0,-1.62,8.76,1.31,1.31,0.69,0.49,270,0,2.03,0,1,0,0.72
LINKUSDT,-1,1.9,1,TP,92,1,236,0,0,-3.69,5.39,2.01,2.01,1.01,0.28,75,0,0.57,0,-1,0,1.2
LINKUSDT,-1,-2.1,0,SL,123,1,598,0,0,-2.45,4.98,0.76,0.76,0.72,0.22,165,0,0.42,0,-1,18,0.68
LINKUSDT,1,-2.1,0,SL,74,1,53,0,0,-2.24,3.55,0.48,0.48,0.48,0.37,8,0,1.25,0,1,19,0.46
LINKUSDT,1,1.9,1,TP,6,1,228,0,0,-1.86,2.32,0.99,0.99,0.47,0.29,70,0,0.98,0,1,15,0.27
LINKUSDT,1,1.9,1,TP,92,1,523,0,0,-2.24,5.59,0.89,0.89,0.57,0.48,19,0,0.33,0,1,17,0.55
LINKUSDT,-1,1.9,1,TP,3,1,581,0,0,-1.97,4.88,1.77,1.77,0.39,0.55,207,1,0.81,0,-1,21,0.68
LINKUSDT,1,-1.555,0,TIMEOUT,137,1,219,0,0,-3.66,5.01,6.27,6.27,0.5,0.36,204,0,0.89,0,1,3,1.3
LINKUSDT,1,-2.1,0,SL,55,1,414,0,0,-2.86,1.98,2.61,2.61,0.59,0.59,115,1,1.25,0,1,23,1.27
LINKUSDT,1,-0.665,0,TIMEOUT,165,3,165,0,2,0.21,8.14,0.68,1.25,0.66,0.51,199,0,1.72,-0.93,1,18,0.83
LINKUSDT,1,1.9,1,TP,2,1,121,0,0,-5.16,7.68,4.31,4.31,1.07,0.24,299,0,1.23,0,1,8,2.49
LINKUSDT,-1,1.9,1,TP,17,1,201,0,0,-4.34,4.42,5.87,5.87,0.65,0.59,202,1,1.11,0,-1,22,2.15
LINKUSDT,1,1.9,1,TP,3,4,201,0,3,0.02,0.46,1.37,1.36,0.71,0.27,104,0,1.78,-0.48,1,16,1.24
LINKUSDT,-1,1.9,1,TP,29,3,798,0,2,-1.43,13.43,1.3,1.79,0.92,0.43,357,0,2.22,-0.78,-1,8,1.38
LINKUSDT,1,-2.1,0,SL,24,4,222,0,3,-0.3,11.95,1.21,0.59,0.67,0.56,365,0,1.85,-0.33,1,18,0.4
LINKUSDT,1,1.9,1,TP,35,1,393,0,0,-4.16,13.12,3.61,3.61,0.74,0.55,539,0,1.43,0,1,12,1.55
LINKUSDT,-1,1.9,1,TP,3,1,225,0,0,-2.03,2.5,2.37,2.37,0.44,0.27,33,0,0.9,0,-1,14,0.59
LINKUSDT,-1,-1.013,0,TIMEOUT,104,2,228,1,0,-3.89,0.61,5.14,5.14,0.25,0.39,121,0,0.68,0.46,-1,18,0.63
LINKUSDT,1,1.9,1,TP,54,4,152,0,3,0.3,0.7,1.49,0.89,0.31,0.41,328,0,0.83,-0.35,1,16,0.46
LINKUSDT,-1,1.9,1,TP,5,3,508,0,2,-0.36,0.79,0.98,1.09,0.21,0.22,30,0,0.1,-0.11,-1,2,0.12
LINKUSDT,-1,1.9,1,TP,4,1,239,0,0,-1.81,6.39,0.95,0.95,0.52,0.34,345,0,0.78,0,-1,2,0.44
LINKUSDT,1,1.9,1,TP,10,1,217,0,0,-4.77,0.67,2.38,2.38,0.44,0.48,76,0,1.35,0,1,6,0.81
LINKUSDT,-1,1.9,1,TP,2,1,95,0,0,-2.29,3.83,1,1,0.64,0.35,7,0,0.93,0,-1,13,0.7
LINKUSDT,1,-1.316,0,TIMEOUT,48,2,286,0,1,0.43,13.69,0.57,0.6,0.33,0.12,407,0,0.47,-0.2,-1,1,0.38
LINKUSDT,-1,1.9,1,TP,1,1,286,0,0,-1.12,2.73,0.71,0.71,0.65,0.59,10,0,0.47,0,-1,16,0.79
LINKUSDT,-1,-2.1,0,SL,22,3,768,0,2,0.03,7.01,1.03,1.41,0.65,0.83,479,0,0.86,-1.04,-1,17,0.67
LINKUSDT,-1,1.9,1,TP,46,3,297,0,2,0.27,0.33,0.52,0.52,0.36,0.16,261,0,0.54,-0.4,-1,22,0.3
LINKUSDT,-1,-2.1,0,SL,40,1,93,0,0,-1.77,3.2,0.48,0.48,0.75,0.19,26,0,1.04,0,-1,17,0.56
LINKUSDT,-1,-2.1,0,SL,129,3,193,0,2,-0.42,2.57,0.59,0.69,0.62,0.19,124,0,1.26,-0.49,-1,18,0.78
LINKUSDT,1,1.9,1,TP,21,2,444,1,0,-3.81,0.42,2.06,2.06,0.51,0.4,196,0,0.72,0.49,1,19,0.66
LINKUSDT,1,1.9,1,TP,45,1,670,0,0,-0.91,4.83,0.33,0.33,0.64,0.78,206,1,1.38,0,1,3,0.25
LINKUSDT,-1,1.9,1,TP,18,3,281,0,2,-0.2,10.26,0.91,1.05,0.48,0.26,386,0,1.36,-0.68,-1,11,0.73
LINKUSDT,1,1.9,1,TP,1,1,446,0,0,-4.31,4.43,3.06,3.06,1.36,0.81,38,0,3.48,0,1,0,2.68
LINKUSDT,1,-2.1,0,SL,7,2,940,0,1,0.24,2.51,0.97,0.68,0.82,2.09,312,1,1.76,-0.5,1,4,0.75
LINKUSDT,-1,1.9,1,TP,14,4,255,3,0,-1.58,0.35,1.52,1.52,1.23,1.64,200,1,1.9,1.07,-1,15,2.86
LINKUSDT,1,-2.1,0,SL,66,1,420,0,0,-4.13,5.91,5.82,5.82,0.56,0.24,11,0,1.55,0,1,13,1.62
LINKUSDT,-1,-1.641,0,TIMEOUT,52,3,215,0,2,-0.5,0.12,0.67,0.81,0.65,0.83,4,0,1.83,-0.7,-1,0,0.56
LINKUSDT,1,1.9,1,TP,10,1,257,0,0,-2.98,6.72,3.62,3.62,0.56,0.44,44,0,1.53,0,1,1,0.99
LINKUSDT,1,1.9,1,TP,2,1,475,0,0,-1.57,16.19,1.34,1.34,0.85,0.21,597,0,2.35,0,1,14,0.91
LINKUSDT,1,-2.1,0,SL,35,3,771,0,2,0.13,1.86,0.67,0.58,1.11,0.51,11,0,0.48,-1.4,1,7,1.11
LINKUSDT,-1,-2.1,0,SL,2,4,141,3,0,-3.91,1.53,4.81,4.81,1.56,0.56,407,0,0.7,3.32,-1,3,6.15
LINKUSDT,-1,1.9,1,TP,37,1,347,0,0,-5.12,3.95,22.72,22.72,0.72,0.85,0,1,0.84,0,-1,5,4.05
LINKUSDT,-1,1.9,1,TP,15,1,282,0,0,-4.58,12.89,2.52,2.52,0.54,0.22,361,0,0.76,0,-1,13,1.14
LINKUSDT,-1,1.9,1,TP,9,1,250,0,0,-3.77,3.82,2.8,2.8,0.62,0.62,256,0,1.14,0,-1,15,0.88
LINKUSDT,-1,1.9,1,TP,54,3,217,0,2,-0.46,5.09,0.66,0.89,0.36,0.33,306,0,0.23,-0.19,-1,11,0.31
LINKUSDT,-1,-2.1,0,SL,1,1,725,0,0,-8.35,7.36,25.71,25.71,1.49,2.05,0,1,1.62,0,-1,18,11.53
LINKUSDT,1,-2.1,0,SL,56,1,221,0,0,-3.13,5.32,2.63,2.63,0.52,0.22,10,0,0.45,0,1,2,0.71
LINKUSDT,-1,1.9,1,TP,2,3,258,0,2,1.4,8.47,1.13,2.02,0.75,0.84,272,0,1.9,-1.57,1,13,1.91
LINKUSDT,1,1.9,1,TP,93,4,148,0,3,-0.71,13.24,0.85,0.99,0.42,0.45,179,0,1.35,0.28,1,10,0.47
LINKUSDT,1,-2.1,0,SL,5,4,174,0,3,0.03,4.44,0.83,0.9,0.64,0.6,367,0,1.42,-0.62,1,16,0.91
LINKUSDT,1,-2.1,0,SL,22,3,108,0,2,0.21,5.3,0.92,2.47,0.39,0.36,183,0,0.84,-0.25,1,8,0.84
LINKUSDT,-1,1.9,1,TP,81,1,210,0,0,-3.35,7.84,2.02,2.02,0.61,0.95,182,1,1.43,0,-1,18,0.63
LINKUSDT,-1,1.9,1,TP,42,1,673,0,0,-3.3,8.69,2.37,2.37,0.6,0.27,449,0,1.43,0,-1,14,0.76
LINKUSDT,-1,1.9,1,TP,12,3,857,0,2,-0.43,2.13,0.73,2.58,0.42,0.57,35,1,1.23,-0.11,-1,12,0.81
LINKUSDT,1,-2.1,0,SL,26,3,301,0,2,-0.26,2.92,2.7,1.12,0.59,0.14,46,0,1.53,-0.86,1,19,0.55
LINKUSDT,1,1.9,1,TP,6,2,191,0,1,0.44,12.96,1.89,0.82,0.5,0.3,253,0,1.4,-0.52,1,12,0.61
LINKUSDT,1,1.9,1,TP,14,1,553,0,0,-3.52,26.98,2.19,2.19,0.35,0.22,901,0,1,0,1,11,0.64
LINKUSDT,1,1.9,1,TP,46,4,1287,0,3,-0.24,19.47,2.15,1.7,0.75,0.77,656,0,2,-0.83,1,15,1.12
LINKUSDT,1,1.9,1,TP,3,1,1975,0,0,-2.46,18.84,1.2,1.2,0.96,1.7,409,0,2.06,0,1,19,0.78
LINKUSDT,1,1.9,1,TP,3,4,2128,0,3,-0.11,18.08,1.88,2.85,1.12,1.66,559,0,1.89,-1.59,1,9,2.28
LINKUSDT,1,1.9,1,TP,6,1,466,0,0,-4.49,12.05,3.7,3.7,1.64,0.99,389,0,0.95,0,1,14,3.83
LINKUSDT,1,1.9,1,TP,4,3,566,0,2,0.01,1.44,0.55,0.77,1.76,2.83,34,0,4.61,-1.19,1,15,1.37
LINKUSDT,-1,1.9,1,TP,6,1,162,0,0,-1.48,4.05,0.44,0.44,0.81,1.04,81,0,2.48,0,-1,20,0.75
LINKUSDT,-1,-2.1,0,SL,6,2,477,0,1,0.29,3.68,1.85,0.94,1.44,1.29,185,0,2.86,-1.35,-1,20,1.83
LINKUSDT,-1,-2.1,0,SL,28,4,516,0,3,-0.27,-0.57,0.9,0.67,0.95,1.31,225,0,2.4,-1.61,-1,18,0.53
LINKUSDT,1,1.9,1,TP,10,3,102,0,2,0.32,0.89,0.5,0.75,1.06,0.8,8,0,0.53,-1.91,1,17,1.14
LINKUSDT,1,1.9,1,TP,12,1,295,0,0,-1.65,6.6,0.71,0.71,0.6,0.31,299,0,0.76,0,1,10,0.45
LINKUSDT,1,1.9,1,TP,7,4,389,0,3,0.36,1.3,0.78,0.91,0.8,0.62,40,0,2.4,-0.74,1,5,0.8
LINKUSDT,1,1.9,1,TP,8,1,531,0,0,-1.38,1.12,0.68,0.68,0.85,0.62,185,0,1.82,0,1,16,0.7
LINKUSDT,1,-2.1,0,SL,19,3,231,0,2,1.04,1.56,1.19,2,0.52,0.64,170,0,1.51,-0.82,-1,9,0.93
LINKUSDT,1,1.9,1,TP,122,1,450,0,0,-3.39,3.13,4.23,4.23,0.3,0.96,124,1,0.8,0,1,15,0.87
LINKUSDT,1,1.9,1,TP,17,4,629,0,3,-0.26,20.85,0.92,0.99,0.42,0.32,397,0,1.19,-0.46,1,9,0.38
LINKUSDT,1,1.9,1,TP,25,3,1251,0,2,-0.04,1.87,0.86,0.94,0.73,1.04,102,0,1.87,-1,1,21,1.21
LINKUSDT,1,1.9,1,TP,3,1,490,0,0,-2.79,11.45,2.35,2.35,1.21,0.75,384,0,2.06,0,1,13,1.75
LINKUSDT,1,1.9,1,TP,3,1,522,0,0,-2.24,5.69,0.91,0.91,1.61,0.46,238,0,1.64,0,1,14,1.52
LINKUSDT,1,-2.1,0,SL,2,2,733,0,1,-0.4,-1.71,0.8,9.68,0.97,0.51,448,0,0.74,-1.28,1,19,4.87
LINKUSDT,-1,1.9,1,TP,7,4,362,3,0,-1.68,0.13,0.88,0.88,0.7,0.6,131,1,0.15,0.27,-1,4,0.64
LINKUSDT,-1,1.9,1,TP,9,4,492,0,3,-0.55,1.83,1.87,3.43,0.55,1.71,76,1,1.41,-0.56,-1,2,1.34
LINKUSDT,-1,-1.248,0,TIMEOUT,45,4,788,0,3,-0.08,13.3,0.4,0.88,0.33,1.77,372,1,0.96,-0.13,-1,4,0.38
LINKUSDT,1,1.9,1,TP,41,1,236,0,0,-4.41,7.21,2.28,2.28,0.64,0.3,62,0,1.15,0,1,9,0.6
LINKUSDT,1,1.9,1,TP,11,1,120,0,0,-2.73,4.1,2,2,0.58,0.26,143,0,0.34,0,1,14,0.91
LINKUSDT,-1,1.9,1,TP,8,1,278,0,0,-2.92,1.98,1.06,1.06,1.02,0.52,244,0,0.91,0,-1,16,1.05
LINKUSDT,1,1.9,1,TP,10,1,83,0,0,-1.25,1.48,0.79,0.79,0.4,0.18,6,0,1,0,1,10,0.3
LINKUSDT,-1,1.9,1,TP,8,1,143,0,0,-2.64,4.82,3.36,3.36,0.89,1.14,71,1,1.69,0,-1,12,2.19
LINKUSDT,-1,1.9,1,TP,4,1,490,0,0,-3.36,3.65,2.3,2.3,0.85,0.65,233,1,0.74,0,-1,3,1.98
LINKUSDT,-1,-2.1,0,SL,45,1,64,0,0,-3.37,5.17,1.34,1.34,1.11,0.51,106,0,0.87,0,-1,16,1.2
LINKUSDT,-1,1.9,1,TP,4,1,162,0,0,-2.57,6.39,1.06,1.06,1.05,0.51,204,0,1.83,0,-1,16,1.15
LINKUSDT,-1,-2.1,0,SL,19,1,833,0,0,-3.73,2.71,1.82,1.82,1.2,0.39,70,0,1.24,0,-1,16,1.74
LINKUSDT,-1,1.9,1,TP,2,1,89,0,0,-6,5.34,6.25,6.25,0.81,0.48,64,1,0.88,0,-1,0,1.69
LINKUSDT,1,-2.1,0,SL,6,4,111,0,3,-0.11,3.84,2.21,1.4,1.26,0.37,116,0,1.5,-2.82,1,20,2.31
LINKUSDT,-1,1.9,1,TP,43,2,297,0,1,-0.87,10.4,0.67,1.09,0.3,0.44,213,0,0.9,0.04,-1,6,0.42
LINKUSDT,-1,1.9,1,TP,42,4,957,0,3,-0.12,1.8,3.11,2.55,0.35,0.42,230,0,0.2,-0.82,-1,3,0.63
LINKUSDT,-1,1.9,1,TP,1,1,210,0,0,-5.81,7.6,8.02,8.02,0.52,0.09,3,0,0.77,0,-1,23,1.62
LINKUSDT,1,1.9,1,TP,89,3,447,2,0,-3.32,0.49,1.49,1.49,0.27,0.24,103,0,0.31,0.34,1,23,0.26
LINKUSDT,-1,-2.1,0,SL,67,1,292,0,0,-4.47,6.45,11.72,11.72,0.27,0.19,44,0,0.5,0,-1,6,1.27
LINKUSDT,1,1.9,1,TP,16,3,163,0,2,0.06,2.92,2.6,2.27,0.48,0.27,164,0,0.99,-0.97,1,15,0.69
LINKUSDT,1,1.9,1,TP,4,1,434,0,0,-1.75,4.93,1.28,1.28,0.5,0.22,59,0,1.06,0,1,16,0.32
LINKUSDT,1,1.9,1,TP,49,1,171,0,0,-4.36,4.98,3.49,3.49,0.5,0.29,2,0,0.48,0,1,21,1.13
LINKUSDT,1,1.9,1,TP,2,1,409,0,0,-3.09,1.93,12.76,12.76,0.4,0.61,0,1,0.13,0,1,12,1.51
LINKUSDT,-1,1.9,1,TP,28,1,311,0,0,-2.8,0.95,5.25,5.25,0.37,0.24,282,0,0.35,0,-1,7,0.89
SUIUSDT,1,-2.1,0,SL,9,2,178,0,1,-0.85,2.73,0.85,1.49,1.58,0.81,11,0,0.71,-0.9,1,12,2.56
SUIUSDT,-1,1.9,1,TP,37,1,399,0,0,-5.44,5.5,13.58,13.58,0.93,0.3,0,0,1.41,0,-1,15,6.69
SUIUSDT,-1,1.9,1,TP,34,2,482,1,0,-2.27,0.36,2.08,2.08,0.96,0.46,187,0,0.58,0.86,-1,4,1.76
SUIUSDT,-1,1.9,1,TP,3,1,948,0,0,-3.05,5.44,4.47,4.47,1.19,0.6,158,0,2.94,0,-1,1,2.56
SUIUSDT,1,1.9,1,TP,14,1,227,0,0,-2.18,0.77,0.93,0.93,0.97,1.13,43,1,1.12,0,1,6,0.66
SUIUSDT,1,1.9,1,TP,6,1,379,0,0,-1.35,5.16,0.6,0.6,1.2,1.06,195,1,2.47,0,1,20,0.94
SUIUSDT,-1,1.9,1,TP,1,3,162,0,2,-0.31,18.59,3.29,1.67,0.67,0.47,340,0,1.89,-0.74,-1,0,1.1
SUIUSDT,-1,1.9,1,TP,26,1,424,0,0,-2.61,3.42,2,2,0.69,0.7,7,1,1.16,0,-1,1,1.34
SUIUSDT,1,-2.1,0,SL,60,3,306,0,2,-0.2,6.07,1.21,1.02,0.66,0.22,174,1,1.7,-0.76,1,11,0.58
SUIUSDT,1,-2.1,0,SL,5,4,489,0,3,-0.14,1.86,6.71,2.12,0.93,0.74,35,0,1.39,-1.83,1,9,1.5
SUIUSDT,-1,-0.874,0,TIMEOUT,84,1,666,0,0,-1.56,1,0.38,0.38,0.39,0.21,259,0,1.03,0,-1,16,0.24
SUIUSDT,-1,-1.435,0,TIMEOUT,50,2,822,0,1,0.05,4.38,1.01,0.67,0.24,0.21,414,0,0.73,-0.14,-1,7,0.17
SUIUSDT,-1,-2.1,0,SL,9,4,1102,0,3,0.15,2.16,0.6,0.57,0.58,0.1,133,0,1.06,-0.78,-1,5,0.71
SUIUSDT,-1,-2.1,0,SL,44,2,994,0,1,-0.11,1.06,0.39,1.16,0.47,0.38,110,0,0.98,-0.17,-1,13,0.83
SUIUSDT,1,1.9,1,TP,10,1,78,0,0,-1.54,2.73,0.92,0.92,0.48,0.22,11,0,1.42,0,1,23,0.36
SUIUSDT,1,1.9,1,TP,10,4,213,0,3,-0.19,-0.62,1.78,0.8,0.48,0.36,37,0,1.29,-0.52,1,7,0.3
SUIUSDT,-1,-2.1,0,SL,62,1,197,0,0,-2.68,4.87,1.26,1.26,0.61,0.46,29,1,1.84,0,-1,8,0.43
SUIUSDT,1,1.9,1,TP,10,1,669,0,0,-1.42,1.55,0.6,0.6,0.69,0.45,112,0,2.14,0,1,4,0.45
SUIUSDT,-1,-2.1,0,SL,1,1,123,0,0,-3.7,8.05,1.5,1.5,1.37,0.59,222,0,2.11,0,-1,13,1.64
SUIUSDT,1,1.9,1,TP,4,4,269,0,3,-0.14,2.78,1.14,2.02,1.03,0.54,18,0,2.33,-1.74,1,12,1.48
SUIUSDT,1,1.9,1,TP,9,1,62,0,0,-1.24,4.73,0.82,0.82,0.87,0.38,132,0,1.85,0,1,7,0.91
SUIUSDT,-1,1.9,1,TP,18,4,651,0,3,-0.36,3.53,0.87,1,0.71,0.64,555,0,0.58,-0.61,-1,10,0.63
SUIUSDT,1,1.9,1,TP,1,3,172,0,2,-0.92,12.32,1.83,1.36,0.84,0.49,232,0,2.58,-0.25,1,23,0.88
SUIUSDT,1,1.9,1,TP,3,1,267,0,0,-2.03,3.49,1.51,1.51,0.94,1.14,45,1,2.39,0,1,1,1.09
SUIUSDT,-1,1.9,1,TP,11,1,321,0,0,-2.35,3.35,0.91,0.91,1.4,0.35,104,0,0.24,0,-1,5,0.83
SUIUSDT,-1,1.9,1,TP,15,1,581,0,0,-1.6,22.58,0.58,0.58,0.69,0.38,364,0,2.03,0,-1,22,0.82
SUIUSDT,1,1.9,1,TP,16,1,374,0,0,-2.65,6.14,1.44,1.44,1.23,0.96,175,0,1.55,0,1,8,1.45
SUIUSDT,-1,1.9,1,TP,16,1,380,0,0,-2.88,3.69,1.52,1.52,0.63,0.64,270,0,1.67,0,-1,7,0.75
SUIUSDT,1,-2.1,0,SL,5,3,130,0,2,-0.58,2.91,1.65,0.79,0.92,0.24,72,0,2.22,0.29,1,17,0.96
SUIUSDT,-1,1.9,1,TP,5,1,421,0,0,-2.11,3.12,0.86,0.86,0.66,0.91,6,1,0.5,0,-1,3,0.71
SUIUSDT,-1,1.9,1,TP,14,1,95,0,0,-2.67,7.2,1.6,1.6,0.67,2.69,141,1,1.98,0,-1,4,0.42
SUIUSDT,-1,1.9,1,TP,9,1,526,0,0,-4.6,10.65,18.02,18.02,1.22,1.09,184,0,2.04,0,-1,16,6.62
SUIUSDT,-1,1.9,1,TP,10,1,774,0,0,-2.99,3.74,1.6,1.6,0.73,0.28,32,0,0.28,0,-1,6,1.01
SUIUSDT,-1,1.9,1,TP,39,1,378,0,0,-0.91,2.98,0.69,0.69,0.52,0.46,153,0,1.5,0,-1,3,0.45
SUIUSDT,-1,1.9,1,TP,74,1,76,0,0,-2.88,1.16,2.01,2.01,0.75,0.23,78,0,0.47,0,-1,16,0.91
SUIUSDT,1,-2.1,0,SL,10,4,533,0,3,0.13,1.81,1.94,0.83,1.62,0.78,157,0,3.36,-2.24,1,3,1.61
SUIUSDT,1,1.9,1,TP,9,1,498,0,0,-2.98,1.68,1.07,1.07,1.03,0.46,151,0,1.98,0,1,5,1.23
SUIUSDT,1,-2.1,0,SL,4,4,1009,0,3,-0.28,14.36,5.82,3.98,1.48,0.87,363,0,2.65,-3.53,1,13,4.57
SUIUSDT,1,1.9,1,TP,4,1,1214,0,0,-1.56,4.41,1.14,1.14,1.48,0.96,194,0,2.98,0,1,16,1.82
SUIUSDT,-1,1.9,1,TP,21,1,275,0,0,-1.49,15.29,0.68,0.68,0.6,0.53,389,0,0.8,0,-1,23,0.35
SUIUSDT,1,-2.1,0,SL,5,1,743,0,0,-2.64,1.15,3.04,3.04,1.57,0.94,105,0,3.82,0,1,11,2.86
SUIUSDT,1,-2.1,0,SL,7,3,1356,0,2,-0.37,2.29,1.59,1.22,0.96,0.78,256,0,2.23,-1.42,1,20,0.98
SUIUSDT,1,-2.1,0,SL,13,3,352,0,2,-0.33,0.05,0.85,2.01,0.66,0.71,98,0,0.97,-1.05,1,17,0.93
SUIUSDT,1,1.9,1,TP,14,3,146,0,2,0.19,4.5,0.9,1.32,0.66,0.36,258,0,1.98,-0.74,1,9,0.86
SUIUSDT,1,1.9,1,TP,6,1,193,0,0,-2.17,4.57,1.58,1.58,1.01,0.75,18,0,1.68,0,1,18,1.2
SUIUSDT,-1,1.9,1,TP,15,1,273,0,0,-1.43,3.06,0.83,0.83,0.73,0.74,211,0,0.94,0,-1,21,0.57
SUIUSDT,-1,1.9,1,TP,12,1,464,0,0,-3.37,5.49,1.64,1.64,0.86,0.45,28,0,2.52,0,-1,21,0.78
SUIUSDT,-1,1.9,1,TP,6,3,831,0,2,-0.56,16.68,1.7,0.6,1,0.5,393,0,2.62,-0.84,-1,17,0.86
SUIUSDT,-1,-2.1,0,SL,2,4,385,0,3,-0.01,1.65,1.5,1.35,1.45,0.55,38,0,2.57,-1.15,-1,23,1.98
SUIUSDT,1,1.9,1,TP,7,1,193,0,0,-2.52,3.12,1.74,1.74,1.42,0.75,101,0,1.89,0,1,20,0.75
SUIUSDT,-1,-2.1,0,SL,22,1,483,0,0,-2.32,0.08,1.18,1.18,1.16,1.2,189,0,1.6,0,-1,17,0.99
SUIUSDT,1,1.9,1,TP,5,3,123,0,2,-0.75,7.95,1.96,1.49,0.71,0.33,137,0,1.91,-0.75,1,13,0.97
SUIUSDT,-1,1.9,1,TP,9,4,252,0,3,0.18,1.91,1.11,0.92,1.05,0.83,47,0,2.93,-1.94,-1,5,0.85
SUIUSDT,1,1.9,1,TP,16,1,107,0,0,-2.27,9.33,2.03,2.03,0.73,0.33,373,0,2.18,0,1,7,0.71
SUIUSDT,1,1.9,1,TP,5,1,239,0,0,-4.11,4.36,5.16,5.16,1.13,0.93,168,0,1.07,0,1,2,3.5
SUIUSDT,-1,1.9,1,TP,34,1,305,0,0,-1.84,0.72,0.61,0.61,0.68,0.48,75,0,1.94,0,-1,16,0.59
SUIUSDT,-1,1.9,1,TP,42,3,467,0,2,0.05,1.44,0.42,0.56,0.61,0.55,201,0,0.84,-0.52,-1,0,0.74
SUIUSDT,-1,-1.869,0,TIMEOUT,94,4,293,0,3,0.27,-0.98,0.73,1.11,0.6,0.34,1,0,0.86,-0.99,-1,19,0.6
SUIUSDT,1,-2.1,0,SL,12,2,256,0,1,0.07,1.23,1.14,2.73,0.61,0.6,228,0,1.59,-0.6,1,6,1.25
SUIUSDT,-1,1.9,1,TP,10,1,376,0,0,-3.7,5.44,5.93,5.93,0.61,0.36,57,0,1.14,0,-1,7,2.05
SUIUSDT,-1,1.9,1,TP,10,1,635,0,0,-2.6,0.21,1.23,1.23,0.44,0.25,184,0,1.11,0,-1,23,0.36
SUIUSDT,1,1.9,1,TP,31,1,201,0,0,-2.47,11.28,0.59,0.59,0.36,0.32,321,0,0.34,0,1,4,0.2
SUIUSDT,1,1.9,1,TP,29,2,685,0,1,-0.28,2.1,0.66,1.05,0.49,0.41,94,0,1.06,-0.19,1,5,0.67
SUIUSDT,-1,1.9,1,TP,21,1,526,0,0,-1.91,1.14,1.28,1.28,0.76,0.63,96,0,1.78,0,-1,3,1.16
SUIUSDT,-1,1.9,1,TP,12,1,277,0,0,-3.45,4.46,1.25,1.25,0.87,0.82,5,1,1.39,0,-1,16,1.12
SUIUSDT,-1,1.9,1,TP,46,1,450,0,0,-1.56,3.69,1,1,0.62,0.35,102,0,0.87,0,-1,15,0.72
SUIUSDT,-1,1.9,1,TP,8,1,838,0,0,-3.82,5.48,1.92,1.92,1.27,0.6,15,0,2.13,0,-1,16,1.57
SUIUSDT,1,-2.1,0,SL,5,2,242,0,1,0.3,1.32,0.82,1.88,1.57,0.86,118,1,1.6,-2.47,1,20,3.03
SUIUSDT,1,-2.1,0,SL,14,4,531,0,3,-0.37,12.19,1.22,1.25,1,0.3,171,0,2.23,-1.64,1,9,1.18
SUIUSDT,-1,-2.1,0,SL,60,4,247,0,3,-0.27,4.01,1.4,1.28,0.37,0.4,183,0,1.14,-0.43,-1,23,0.27
SUIUSDT,-1,-2.1,0,SL,5,3,1750,0,2,0.44,-1.59,1.52,1.48,1.3,1.72,175,1,2.38,-4.16,-1,19,1.51
SUIUSDT,-1,1.9,1,TP,35,2,95,0,1,-0.58,0.92,0.49,0.67,0.85,0.48,35,0,2.11,-0.18,-1,18,0.99
SUIUSDT,1,1.9,1,TP,37,2,130,0,1,0.04,3.85,0.49,1.12,0.45,0.35,22,0,1.4,-0.07,1,2,0.29
SUIUSDT,-1,1.9,1,TP,34,1,257,0,0,-1.15,1.8,0.33,0.33,0.27,0.14,35,0,0.77,0,-1,3,0.12
SUIUSDT,1,1.9,1,TP,1,1,167,0,0,-2.34,4.49,0.72,0.72,0.57,0.13,295,0,0.36,0,1,20,0.49
SUIUSDT,1,1.9,1,TP,31,3,100,0,2,-1.02,4.6,0.23,0.94,0.25,0.19,54,0,0.68,0.16,1,20,0.39
SUIUSDT,1,1.9,1,TP,12,1,557,0,0,-3.81,4.23,3.17,3.17,0.69,0.77,85,1,0.38,0,1,14,2.14
SUIUSDT,-1,-2.1,0,SL,30,1,463,0,0,-3.1,3.16,27.5,27.5,0.88,0.39,1,0,1.48,0,-1,14,5.51
SUIUSDT,1,1.9,1,TP,8,1,720,0,0,-5.85,6.2,5.63,5.63,0.6,0.61,2,1,0.61,0,1,21,1.75
AVAXUSDT,1,1.9,1,TP,4,3,296,0,2,0.43,2.03,0.88,0.85,0.85,1.41,352,0,1.63,-1.1,1,16,0.82
AVAXUSDT,1,1.9,1,TP,10,1,67,0,0,-3.19,2.87,0.74,0.74,0.7,0.52,74,0,1.45,0,1,15,0.45
AVAXUSDT,1,1.9,1,TP,9,1,218,0,0,-2.07,2.41,0.83,0.83,0.77,0.67,81,0,1.15,0,1,5,0.44
AVAXUSDT,1,1.9,1,TP,1,1,711,0,0,-2.01,14.16,1.75,1.75,2.03,0.58,526,0,3.6,0,1,10,2
AVAXUSDT,1,1.9,1,TP,1,1,1063,0,0,-2.57,21.54,2.18,2.18,2.37,0.4,878,0,3.11,0,1,2,4.99
AVAXUSDT,-1,1.9,1,TP,23,3,340,0,2,-0.16,2.75,1.13,0.82,1.19,1.55,271,0,1.33,-0.34,-1,20,0.81
AVAXUSDT,-1,-2.1,0,SL,1,1,451,0,0,-1.76,15.68,0.86,0.86,2.08,0.47,394,0,6.13,0,-1,23,1.92
AVAXUSDT,1,-2.1,0,SL,3,4,402,0,3,-0.56,12.98,0.71,0.84,1.92,0.37,518,0,4.67,-1.16,1,13,1.69
AVAXUSDT,-1,1.9,1,TP,3,1,317,0,0,-2.85,0.25,1.96,1.96,1.22,2.08,1150,0,3.58,0,-1,19,2.59
AVAXUSDT,1,1.9,1,TP,32,2,1017,0,1,0.17,5.81,0.93,2.2,1.31,0.61,381,0,3.16,-2.19,1,18,3.49
AVAXUSDT,-1,1.9,1,TP,4,4,387,0,3,0.08,9.86,0.94,0.84,1.73,0.77,1172,0,4.73,-2.25,-1,1,1.71
AVAXUSDT,1,1.9,1,TP,6,4,669,0,3,0.11,12.07,1.2,1,0.8,1.57,284,0,1.78,-1.14,1,6,0.78
AVAXUSDT,1,1.9,1,TP,6,4,189,0,3,-0.14,1.02,0.92,1.04,1.44,1.15,38,0,0.87,-1.45,1,12,1.65
AVAXUSDT,-1,1.9,1,TP,1,1,369,0,0,-2.8,6.38,5.15,5.15,2.74,3.81,89,0,6.33,0,-1,14,12.2
AVAXUSDT,-1,1.9,1,TP,5,2,601,0,1,-0.91,11.72,1.76,1.42,1.28,1.06,262,0,3.48,1.25,-1,14,1.47
AVAXUSDT,1,1.9,1,TP,13,1,312,0,0,-1.82,9.08,1.36,1.36,0.84,0.96,356,0,0.82,0,1,4,1.11
AVAXUSDT,1,1.9,1,TP,4,1,246,0,0,-1.99,4.13,1.07,1.07,1.06,0.35,21,0,3.05,0,1,3,1.27
AVAXUSDT,-1,1.9,1,TP,8,1,433,0,0,-2.12,2.65,0.95,0.95,0.93,0.5,3,0,0.68,0,-1,16,0.82
AVAXUSDT,-1,1.9,1,TP,9,1,991,0,0,-1.2,3.14,0.51,0.51,0.52,0.43,15,0,1.57,0,-1,12,0.49
AVAXUSDT,1,1.9,1,TP,17,1,238,0,0,-3.15,22.47,1.74,1.74,0.64,0.56,326,0,1.91,0,1,23,0.77
AVAXUSDT,1,1.9,1,TP,2,1,434,0,0,-3.24,25.32,0.8,0.8,0.68,0.54,522,0,1.87,0,1,0,0.62
AVAXUSDT,1,1.9,1,TP,2,3,584,0,2,0.25,15.79,2.49,3.69,1.25,0.53,670,0,1.12,-3.42,1,14,4.29
AVAXUSDT,1,1.9,1,TP,14,3,93,0,2,-0.02,8.73,0.71,1.1,0.9,0.32,190,0,2.52,-1.04,1,19,1.11
AVAXUSDT,1,1.9,1,TP,5,1,442,0,0,-3.67,12.02,2.15,2.15,0.99,0.44,301,0,1.07,0,1,11,0.79
AVAXUSDT,1,1.9,1,TP,2,1,1064,0,0,-2.24,4.42,0.82,0.82,0.65,0.43,131,0,2.08,0,1,22,0.41
AVAXUSDT,1,-2.1,0,SL,13,2,143,0,1,0.32,0.4,0.64,1.9,1.63,0.83,67,0,3.93,-2.02,1,10,3.03
AVAXUSDT,-1,-2.1,0,SL,22,2,1040,0,1,-0.68,9.88,0.49,0.67,0.89,0.36,524,0,0.38,0.3,-1,12,1.13
AVAXUSDT,1,1.9,1,TP,12,1,424,0,0,-1.29,17.45,0.47,0.47,0.95,0.55,496,0,0.74,0,1,18,0.89
AVAXUSDT,1,1.9,1,TP,2,1,137,0,0,-3.33,10.54,2.57,2.57,1.12,0.46,271,0,3.01,0,1,2,1.02
AVAXUSDT,1,-2.1,0,SL,5,1,172,0,0,-2.66,7.69,0.94,0.94,1.3,1.05,189,0,3.35,0,1,9,0.9
AVAXUSDT,-1,1.9,1,TP,5,1,351,0,0,-2.08,9.24,1.96,1.96,0.94,0.84,490,0,1.42,0,-1,13,1.39
AVAXUSDT,1,-2.1,0,SL,17,2,242,0,1,-0.09,2.64,0.53,0.6,0.94,0.63,22,0,2.61,-0.13,1,20,0.7
AVAXUSDT,-1,1.9,1,TP,3,1,273,0,0,-1.93,4.22,0.74,0.74,0.91,0.68,418,0,0.25,0,-1,23,0.72
AVAXUSDT,-1,1.9,1,TP,8,1,350,0,0,-5.79,4.44,4.68,4.68,0.86,0.52,155,0,0.39,0,-1,21,2.47
AVAXUSDT,1,1.9,1,TP,8,1,245,0,0,-1.99,2.3,0.93,0.93,0.88,0.49,44,0,1.36,0,1,1,0.54
AVAXUSDT,-1,1.9,1,TP,9,1,115,0,0,-2.66,11.18,1.57,1.57,1.34,1.01,267,0,3.61,0,-1,22,1.92
AVAXUSDT,-1,1.9,1,TP,19,1,393,0,0,-2.32,0.66,1.86,1.86,1.01,0.63,38,0,1.86,0,-1,13,1.12
AVAXUSDT,1,1.9,1,TP,13,1,270,0,0,-4.24,7.22,1.98,1.98,1.2,0.28,124,0,2.52,0,1,16,1.95
AVAXUSDT,-1,1.9,1,TP,20,1,108,0,0,-2,5.71,1.65,1.65,0.82,0.35,49,0,2.24,0,-1,19,1.66
AVAXUSDT,-1,1.9,1,TP,1,1,606,0,0,-2.2,1.7,2.72,2.72,0.64,1.09,96,2,1.13,0,-1,23,1.25
AVAXUSDT,-1,1.9,1,TP,4,1,443,0,0,-3.68,2.23,1.84,1.84,0.61,0.5,76,0,0.77,0,-1,13,1.02
AVAXUSDT,-1,-2.1,0,SL,17,2,188,0,1,-0.06,0.46,0.56,0.54,0.81,0.58,133,0,2.48,-0.42,-1,3,0.67
AVAXUSDT,1,1.9,1,TP,4,1,248,0,0,-3.35,17.56,2.29,2.29,0.79,0.5,349,0,2.09,0,1,15,1.51
AVAXUSDT,1,1.9,1,TP,9,2,480,0,1,-0.01,5.43,1.14,1.3,1.75,0.51,200,0,3.3,-1.51,1,1,2.35
AVAXUSDT,1,-2.1,0,SL,3,1,735,0,0,-3.51,3.03,0.99,0.99,1.23,0.87,83,0,2.04,0,1,16,1.3
AVAXUSDT,-1,1.9,1,TP,5,1,124,0,0,-3.35,6.46,0.6,0.6,1,0.97,405,0,2.23,0,-1,1,0.57
AVAXUSDT,-1,-2.1,0,SL,2,4,207,0,3,-0.37,6.83,1.65,1.65,0.79,0.43,311,0,1,-1.65,-1,0,0.85
AVAXUSDT,-1,1.9,1,TP,20,1,478,0,0,-2.89,4.05,4.92,4.92,0.65,0.51,59,0,1.52,0,-1,16,2.13
AVAXUSDT,-1,-2.1,0,SL,91,3,681,0,2,-0.23,0.17,0.66,0.66,0.71,0.42,20,0,2.11,-0.24,-1,18,0.54
AVAXUSDT,1,-1.219,0,TIMEOUT,134,3,115,1,1,0.18,1.43,0.34,0.75,0.67,0.34,97,0,2.06,-0.06,-1,3,0.5
AVAXUSDT,-1,1.9,1,TP,70,1,366,0,0,-1.77,1.98,1.96,1.96,0.33,0.18,75,0,0.95,0,-1,16,0.35
AVAXUSDT,1,-2.1,0,SL,71,1,149,0,0,-2.26,3.29,4.99,4.99,0.4,0.17,11,0,1.12,0,1,0,0.86
AVAXUSDT,1,1.9,1,TP,7,1,297,0,0,-4.21,5.08,1.47,1.47,0.45,0.37,57,0,0.71,0,1,14,0.44
AVAXUSDT,-1,-2.1,0,SL,2,1,442,0,0,-4.93,20.73,6.2,6.2,1.4,0.74,334,0,1.34,0,-1,14,5.19
AVAXUSDT,-1,1.9,1,TP,15,1,373,0,0,-2.67,2.55,2.82,2.82,0.65,0.35,43,0,1.42,0,-1,18,1.33
AVAXUSDT,-1,1.9,1,TP,131,4,513,0,3,0.03,2.44,2.49,0.87,0.38,0.2,72,0,1.09,-0.42,-1,5,0.34
AVAXUSDT,-1,1.9,1,TP,15,1,1169,0,0,-1.24,0.86,0.31,0.31,0.37,0.17,20,0,0.58,0,-1,1,0.27
AVAXUSDT,-1,-0.137,0,TIMEOUT,65,4,1556,0,3,-0.84,4.4,0.58,0.69,0.28,0.11,21,0,0.66,-0.06,-1,2,0.3
AVAXUSDT,1,1.9,1,TP,21,3,682,0,2,-0.09,2.62,0.2,0.66,0.87,0.58,31,0,2.66,-0.05,1,20,0.87
AVAXUSDT,-1,1.9,1,TP,11,1,362,0,0,-1.86,0.1,0.67,0.67,0.8,0.57,127,0,0.69,0,-1,22,0.73
AVAXUSDT,-1,1.9,1,TP,7,1,866,0,0,-1.4,15.19,0.61,0.61,0.34,0.32,166,0,0.84,0,-1,18,0.32
AVAXUSDT,-1,1.9,1,TP,13,1,1513,0,0,-0.69,2.03,0.45,0.45,0.81,0.43,130,0,2.5,0,-1,12,0.56
AVAXUSDT,-1,-2.1,0,SL,4,1,165,0,0,-3.27,3.86,2.07,2.07,1.54,0.53,23,0,0.84,0,-1,19,1.95
AVAXUSDT,-1,1.9,1,TP,19,1,372,0,0,-2.16,4.35,0.65,0.65,0.57,0.22,109,0,0.57,0,-1,20,0.29
AVAXUSDT,1,1.9,1,TP,3,1,166,0,0,-1.41,2.95,0.43,0.43,0.37,0.23,13,0,0.75,0,1,21,0.26
AVAXUSDT,-1,1.9,1,TP,20,1,198,0,0,-2.73,2.48,2.8,2.8,0.44,0.33,31,0,0.63,0,-1,20,0.52
AVAXUSDT,-1,-2.1,0,SL,25,1,681,0,0,-3.74,3.42,3.73,3.73,1.17,0.54,110,0,0.39,0,-1,20,2.69
AVAXUSDT,1,1.9,1,TP,21,1,411,0,0,-3.59,3.84,1.2,1.2,0.52,0.28,3,0,1.05,0,1,3,0.38
AVAXUSDT,1,1.9,1,TP,21,3,263,0,2,-1.07,1.06,1.19,4.2,0.5,0.4,167,0,0.88,0.48,1,22,1.5
AVAXUSDT,-1,1.9,1,TP,16,1,394,0,0,-0.61,14.69,0.76,0.76,0.18,0.2,533,0,0.46,0,-1,15,0.21
AVAXUSDT,-1,1.9,1,TP,18,4,932,0,3,-0.08,18.47,0.7,3.21,0.27,0.62,341,0,0.64,-0.42,-1,5,0.57
AVAXUSDT,1,1.9,1,TP,9,1,86,0,0,-2.09,4.24,0.59,0.59,0.35,0.26,16,0,0.28,0,1,13,0.17
AVAXUSDT,-1,-2.1,0,SL,29,2,718,0,1,-0.17,1.32,0.79,1.63,0.28,0.05,63,0,0.27,-0.18,-1,14,0.46
AVAXUSDT,-1,-2.1,0,SL,38,4,535,0,3,-0.19,2.99,0.6,1.17,0.31,0.19,23,0,0.43,-0.39,-1,13,0.34
AVAXUSDT,1,1.9,1,TP,33,1,125,0,0,-2.9,0.42,1.19,1.19,0.26,0.34,69,0,0.82,0,1,7,0.39
AVAXUSDT,1,1.9,1,TP,8,1,562,0,0,-2.61,2.11,2.08,2.08,0.75,0.63,179,0,2.15,0,1,2,1.44
AVAXUSDT,1,1.9,1,TP,1,1,1203,0,0,-3.44,0.86,2.49,2.49,1.25,0.66,124,0,0.94,0,1,18,2.84
AVAXUSDT,-1,-2.1,0,SL,29,4,430,0,3,0.15,1.29,0.68,0.79,0.45,0.52,63,0,0.71,-0.18,-1,14,0.46
AVAXUSDT,1,-2.1,0,SL,11,4,498,0,3,-0.16,4.77,0.59,0.61,1,0.45,171,0,2.63,-0.21,1,17,0.78
AVAXUSDT,1,1.9,1,TP,2,1,178,0,0,-2.93,0.92,4.05,4.05,1.5,0.71,130,0,1.58,0,1,21,2.63
AVAXUSDT,-1,1.9,1,TP,29,1,868,0,0,-2.4,14.78,3.63,3.63,0.67,0.66,523,0,1.36,0,-1,1,1.35
AVAXUSDT,1,1.9,1,TP,22,1,606,0,0,-4.69,1.82,5.81,5.81,0.64,0.68,79,0,0.7,0,1,9,2.04
AVAXUSDT,-1,1.9,1,TP,19,3,289,0,2,-0.32,4.7,0.41,0.4,0.57,0.71,602,0,1.27,-0.12,-1,20,0.41
AVAXUSDT,-1,1.9,1,TP,63,1,589,0,0,-1.58,14.63,1.08,1.08,0.7,0.76,904,0,1.74,0,-1,23,1.08
AVAXUSDT,1,-2.1,0,SL,26,3,650,0,2,0.1,2.32,2.87,1.94,0.85,0.58,340,0,1.69,-1.74,1,10,1.78
AVAXUSDT,-1,-2.1,0,SL,7,3,73,0,2,0.16,4.48,0.66,0.79,1.13,0.62,554,0,3.31,-0.87,-1,16,0.78
AVAXUSDT,-1,-2.1,0,SL,32,3,328,0,2,0.32,3.65,0.83,1.13,0.46,0.28,263,0,1.38,-0.57,-1,0,0.51
AVAXUSDT,-1,-2.1,0,SL,19,1,448,0,0,-2.51,2.03,1.26,1.26,0.91,0.92,2,1,1.04,0,-1,6,0.66
AVAXUSDT,-1,1.9,1,TP,3,1,576,0,0,-2.25,0.2,1.69,1.69,1.62,2.14,81,1,2.06,0,-1,18,2.32
AVAXUSDT,1,-2.1,0,SL,24,3,342,0,2,-0.39,5.1,0.96,0.39,0.65,0.44,279,0,1.97,-0.11,1,7,0.36
AVAXUSDT,-1,1.9,1,TP,16,1,255,0,0,-1.78,5.36,1.2,1.2,0.79,0.53,265,0,0.48,0,-1,15,0.66
AVAXUSDT,1,-2.1,0,SL,8,4,225,0,3,0.48,2.71,1.02,1.34,0.63,0.41,353,0,0.91,-1.39,1,15,0.95
AVAXUSDT,-1,1.9,1,TP,2,1,68,0,0,-2.46,4.49,1.21,1.21,0.72,0.38,13,0,1.75,0,-1,15,1.35
AVAXUSDT,1,1.9,1,TP,14,1,88,0,0,-3.69,7.33,2.9,2.9,0.68,0.3,369,0,1.91,0,1,9,1.05
AVAXUSDT,-1,1.9,1,TP,16,1,66,0,0,-1.46,6.33,0.46,0.46,0.85,0.93,26,0,2.35,0,-1,20,0.47
AVAXUSDT,-1,1.9,1,TP,2,3,354,0,2,1.3,0.31,1.06,2.5,0.78,0.34,100,0,1.94,-1.5,1,13,1.72
AVAXUSDT,1,1.9,1,TP,20,1,141,0,0,-3.51,5.11,3.12,3.12,0.56,0.36,58,0,1.26,0,1,0,1.29
AVAXUSDT,-1,1.9,1,TP,75,1,215,0,0,-2.14,14.47,0.67,0.67,0.91,0.77,282,0,1.93,0,-1,19,0.81
AVAXUSDT,1,1.9,1,TP,60,4,446,0,3,0.28,0.01,0.64,0.64,0.52,1.16,69,1,0.7,-0.53,1,20,0.59
AVAXUSDT,1,-2.1,0,SL,74,3,250,0,2,0.32,1.68,1.7,2.14,0.53,0.36,44,0,1.41,-1.33,1,15,1.17
AVAXUSDT,-1,-2.1,0,SL,41,1,303,0,0,-3.5,12.12,3.38,3.38,0.46,0.43,217,0,1.29,0,-1,4,1.06
AVAXUSDT,-1,1.9,1,TP,52,2,139,0,1,-0.19,0.59,0.31,0.21,0.47,0.27,70,0,1.54,0.04,-1,23,0.21
AVAXUSDT,1,1.9,1,TP,5,1,285,0,0,-2.13,19.68,0.89,0.89,1.04,0.6,400,0,1.83,0,1,6,1.45
AVAXUSDT,1,1.9,1,TP,20,2,472,0,1,-0.16,16.91,0.81,0.58,1.26,0.6,586,0,1.4,-0.18,1,4,0.71
AVAXUSDT,-1,1.9,1,TP,20,1,295,0,0,-1.85,3.02,2.83,2.83,0.89,0.36,235,0,1.67,0,-1,22,0.9
AVAXUSDT,-1,1.9,1,TP,12,1,642,0,0,-2.53,20.65,3.13,3.13,1.34,0.45,582,0,0.76,0,-1,13,2.66
AVAXUSDT,-1,1.9,1,TP,28,1,307,0,0,-2.09,4.4,1.28,1.28,0.57,0.36,256,0,1.55,0,-1,15,0.63
AVAXUSDT,-1,-2.1,0,SL,26,1,446,0,0,-1.69,7.88,0.41,0.41,0.74,0.37,395,0,2.31,0,-1,1,0.47
AVAXUSDT,-1,-2.1,0,SL,37,4,560,0,3,-0.11,5.92,0.62,0.71,0.43,0.66,48,0,1.21,-0.12,-1,6,0.43
AVAXUSDT,-1,1.9,1,TP,11,3,149,0,2,-0.7,0.19,0.45,7.66,1.44,0.63,16,0,2.41,0.41,-1,21,4.95
AVAXUSDT,-1,1.9,1,TP,24,1,362,0,0,-1.89,1.37,0.58,0.58,0.74,1.1,151,1,1.74,0,-1,2,0.42
AVAXUSDT,-1,-2.1,0,SL,56,4,549,0,3,0.22,1.8,1.23,0.91,0.66,0.57,63,0,1.99,-1.62,-1,1,0.59
AVAXUSDT,1,1.9,1,TP,16,1,162,0,0,-1.65,14.26,1.78,1.78,0.59,0.46,317,0,1.15,0,1,12,0.83
AVAXUSDT,-1,-2.1,0,SL,6,4,304,0,3,0.08,4.91,0.64,1.28,1.38,0.81,193,1,3.04,-1.94,-1,20,1.64
AVAXUSDT,-1,1.9,1,TP,16,2,403,0,1,-0.61,4.12,1.24,1.15,0.91,0.79,294,1,0.66,-0.38,-1,21,1.15
AVAXUSDT,-1,1.9,1,TP,13,1,131,0,0,-2.26,10.78,2.09,2.09,0.57,0.72,242,0,1.73,0,-1,10,0.77
AVAXUSDT,1,1.9,1,TP,13,4,199,0,3,-0.31,12.6,1.65,1.61,1.01,0.99,337,0,2.27,-1.57,1,16,1.44
AVAXUSDT,1,-2.1,0,SL,18,4,515,0,3,0.3,1.03,0.32,0.54,0.59,1.56,41,3,0.33,-0.44,1,23,0.53
AVAXUSDT,-1,-1.952,0,TIMEOUT,45,2,260,0,1,-0.14,14.95,0.61,0.82,0.39,0.32,502,0,1.21,-0.1,-1,17,0.47
AVAXUSDT,1,1.9,1,TP,7,1,283,0,0,-2.5,4.63,1.88,1.88,0.62,0.47,131,0,1.61,0,1,13,0.92
AVAXUSDT,1,-2.1,0,SL,12,2,585,0,1,-0.78,3.16,0.98,1.14,0.9,0.27,107,0,2.1,0.69,1,16,1.03
AVAXUSDT,1,-2.1,0,SL,6,3,716,0,2,-0.56,3.31,2,4.45,0.6,0.27,237,0,1.42,-1.03,1,1,1.93
AVAXUSDT,-1,1.9,1,TP,92,1,349,0,0,-2.06,2.14,1.1,1.1,0.57,0.38,33,0,0.56,0,-1,8,0.47
AVAXUSDT,1,1.9,1,TP,11,1,520,0,0,-1.97,4.28,0.84,0.84,0.83,0.31,34,0,1.79,0,1,16,0.56
AVAXUSDT,-1,-2.1,0,SL,37,3,343,0,2,0.39,1.48,0.82,1.04,0.61,0.37,80,0,1.68,-0.62,-1,12,0.79
AVAXUSDT,1,1.9,1,TP,7,1,139,0,0,-2.07,11.12,0.69,0.69,0.51,0.64,280,0,1.14,0,1,17,0.47
AVAXUSDT,1,1.9,1,TP,11,4,220,0,3,-0.25,7.91,0.73,1.21,0.65,0.65,358,0,0.51,-0.8,1,13,1.12
AVAXUSDT,-1,-2.1,0,SL,30,2,236,1,0,-3.64,0.27,2.01,2.01,0.45,0.28,186,0,1.03,0.15,-1,0,0.62
AVAXUSDT,1,1.9,1,TP,6,2,466,0,1,0.23,21.37,0.94,1.56,0.46,0.21,308,0,1.24,-0.59,1,1,0.88
AVAXUSDT,1,1.9,1,TP,9,1,140,0,0,-4.58,6.58,5.13,5.13,0.92,0.29,21,0,1.17,0,1,22,4.29
AVAXUSDT,1,-2.1,0,SL,62,3,452,0,2,-1.18,1.59,1.53,3.86,0.98,0.48,109,0,1.29,-1.29,1,17,2.66
AVAXUSDT,-1,-2.1,0,SL,3,3,467,0,2,0.16,15.61,1.51,2.38,0.57,0.62,286,0,1.19,-0.79,-1,9,1.43
AVAXUSDT,-1,1.9,1,TP,46,1,74,0,0,-3.24,14.91,1.88,1.88,0.78,0.64,536,0,0.68,0,-1,23,1.09
AVAXUSDT,1,1.9,1,TP,14,1,30,0,0,-2.4,1.95,2.77,2.77,0.47,0.22,1,0,0.79,0,1,8,0.99
AVAXUSDT,-1,1.9,1,TP,6,1,152,0,0,-1.77,7.45,1.28,1.28,0.69,0.33,340,0,1.71,0,-1,11,0.59
AVAXUSDT,-1,1.9,1,TP,4,1,162,0,0,-2.95,1,1.52,1.52,0.96,0.5,746,0,1.74,0,-1,17,1.55
AVAXUSDT,-1,1.9,1,TP,4,1,546,0,0,-2.1,0.26,1.38,1.38,1.37,0.42,82,0,1.96,0,-1,17,2.01
AVAXUSDT,-1,1.9,1,TP,15,2,310,0,1,-0.35,0.22,0.69,1.55,0.24,0.48,260,0,0.75,-0.22,-1,7,0.37
AVAXUSDT,1,1.9,1,TP,47,4,154,0,3,-0.3,6.47,0.82,1.12,0.2,0.28,655,1,0.62,-0.14,1,9,0.23
AVAXUSDT,1,1.9,1,TP,8,1,316,0,0,-3.29,1.32,4.95,4.95,0.48,0.05,66,0,0.65,0,1,2,1.44
AVAXUSDT,-1,-0.945,0,TIMEOUT,85,1,165,0,0,-3.19,8.58,5.01,5.01,0.46,0.06,316,0,0.72,0,-1,16,1.97
AVAXUSDT,1,1.9,1,TP,9,1,308,0,0,-1.75,7.79,1.09,1.09,0.43,0.37,270,0,1.35,0,1,22,0.5
AVAXUSDT,-1,-0.827,0,TIMEOUT,51,4,443,0,3,-0.53,0.65,1.02,0.61,0.2,0.28,104,0,0.65,-0.09,-1,6,0.23
AVAXUSDT,1,1.9,1,TP,9,1,371,0,0,-1,10.64,2.01,2.01,0.54,0.08,463,0,1.23,0,1,15,0.86
AVAXUSDT,1,-2.1,0,SL,21,4,253,0,3,-0.55,1.62,1.02,2.17,0.43,0.41,4,0,0.47,-0.33,1,12,0.65
AVAXUSDT,-1,1.9,1,TP,44,2,1269,0,1,-0.31,1.99,0.53,0.83,0.6,0.38,13,0,1.85,-0.27,-1,3,0.68
AVAXUSDT,-1,1.9,1,TP,18,1,1787,0,0,-2.34,2.29,1.33,1.33,0.3,0.21,3,0,0.09,0,-1,13,0.43
AVAXUSDT,1,1.9,1,TP,14,1,207,0,0,-1.45,1.23,0.72,0.72,0.75,0.55,2,0,1.76,0,1,20,0.56
AVAXUSDT,-1,1.9,1,TP,42,1,416,0,0,-2.2,2.12,3.95,3.95,0.27,0.61,2,1,0.82,0,-1,8,0.3
AVAXUSDT,1,1.9,1,TP,38,1,137,0,0,-0.67,2.61,0.63,0.63,0.43,0.6,225,1,0.46,0,1,15,0.43
TONUSDT,1,1.9,1,TP,11,2,279,0,1,0.26,-0.92,1.72,2.43,0.69,0.76,170,0,0.63,-0.66,1,10,1.17
TONUSDT,1,1.9,1,TP,2,3,212,0,2,-1,3.95,1.89,2.1,1.56,1.37,126,0,3.66,-1.91,1,10,2.14
TONUSDT,-1,-2.1,0,SL,13,3,232,0,2,0.43,2.96,2.65,1.18,0.75,1.21,136,1,2.09,-1.46,-1,8,1.17
TONUSDT,1,1.9,1,TP,8,1,257,0,0,-2.61,2.64,2.87,2.87,0.54,0.4,88,0,1.33,0,1,6,0.82
TONUSDT,-1,1.9,1,TP,2,4,108,0,3,-0.57,9.57,1.31,1.6,1.2,0.92,223,0,3.57,-0.21,-1,13,2.01
TONUSDT,1,1.9,1,TP,8,1,261,0,0,-2.05,12.57,4.29,4.29,0.59,0.44,203,0,1.76,0,1,13,0.82
TONUSDT,-1,-2.1,0,SL,5,1,150,0,0,-3.81,3.55,2.22,2.22,0.77,1.08,68,0,2,0,-1,5,1.04
TONUSDT,-1,1.9,1,TP,23,1,117,0,0,-2.41,1.89,5.33,5.33,0.86,0.51,83,0,0.35,0,-1,13,2.29
TONUSDT,-1,1.9,1,TP,26,1,226,0,0,-2.49,3.79,0.99,0.99,0.8,0.45,7,0,1.36,0,-1,3,0.77
TONUSDT,1,-2.1,0,SL,35,3,389,0,2,-0.35,1.11,0.92,0.52,0.61,0.61,179,0,1.71,-0.57,1,17,0.42
TONUSDT,-1,1.9,1,TP,47,2,429,0,1,-0.15,3.59,0.54,0.85,0.22,0.12,395,0,0.17,-0.03,-1,1,0.12
TONUSDT,-1,1.9,1,TP,5,1,808,0,0,-1.3,2.82,0.42,0.42,0.36,0.17,67,0,0.94,0,-1,23,0.3
TONUSDT,-1,1.9,1,TP,70,4,1012,0,3,0.29,0.87,0.79,1.2,0.22,0.09,8,0,0.42,-0.56,-1,2,0.26
TONUSDT,1,1.9,1,TP,54,4,168,0,3,0.11,3.35,0.57,1.12,0.36,0.34,92,0,0.62,-0.29,1,0,0.46
TONUSDT,1,-1.544,0,TIMEOUT,69,2,457,0,1,-0.08,-1.27,1.01,2.22,0.41,0.23,283,0,0.49,-0.69,1,13,0.91
TONUSDT,-1,1.9,1,TP,24,2,223,0,1,-0.14,7.86,0.58,0.41,0.35,0.45,322,0,0.68,-0.08,-1,20,0.23
TONUSDT,1,1.9,1,TP,15,3,470,0,2,-0.07,14.73,1.21,3.15,0.9,0.22,592,0,2.19,-1.26,1,0,2.35
TONUSDT,1,-2.1,0,SL,11,4,564,0,3,-0.04,17.3,0.82,0.83,0.8,0.22,685,0,2.49,-1.15,1,23,0.65
TONUSDT,1,-2.1,0,SL,18,2,688,0,1,0.45,16.16,1.45,1.24,0.77,0.22,811,0,1.69,-1.24,1,6,1.28
TONUSDT,1,1.9,1,TP,25,4,1119,0,3,0.19,3.96,0.91,1.06,0.63,0.54,269,0,1.22,-0.49,1,18,0.87
TONUSDT,-1,1.9,1,TP,24,1,477,0,0,-2.4,2.28,3.39,3.39,1.01,0.75,226,0,0.66,0,-1,13,2.02
TONUSDT,-1,1.9,1,TP,6,1,980,0,0,-2.05,3.03,0.78,0.78,1.57,1.2,4,0,3.7,0,-1,6,1.47
TONUSDT,-1,-2.1,0,SL,80,1,68,0,0,-1.91,0.72,0.64,0.64,0.65,2.3,71,5,1.42,0,-1,7,0.36
TONUSDT,-1,-2.1,0,SL,27,4,478,0,3,-0.82,7.12,0.48,0.68,0.62,1.72,147,0,1.74,-0.05,-1,15,0.82
TONUSDT,-1,1.9,1,TP,2,1,668,0,0,-2.67,2.88,0.73,0.73,1.28,0.75,5,0,2.31,0,-1,18,1.9
TONUSDT,-1,1.9,1,TP,2,1,358,0,0,-3.6,12.48,1.32,1.32,0.91,0.21,246,0,1.86,0,-1,18,0.99
TONUSDT,1,1.9,1,TP,96,4,228,0,3,0.11,2.83,1.15,2.69,0.3,0.49,286,0,0.79,-0.5,1,6,0.47
TONUSDT,-1,1.9,1,TP,26,2,546,0,1,-0.05,4.17,0.7,0.53,0.85,0.51,345,0,0.88,-0.53,-1,21,0.76
TONUSDT,-1,-1.275,0,TIMEOUT,98,4,259,0,3,-0.17,3.06,1.02,0.78,0.41,0.41,51,0,1.18,-0.53,-1,15,0.64
TONUSDT,-1,-2.1,0,SL,66,1,197,0,0,-4.8,4.94,12.75,12.75,0.48,0.52,1,1,1.13,0,-1,13,1.58
TONUSDT,1,-2.1,0,SL,2,3,263,0,2,-0.15,4.29,1,1.53,1.45,0.37,182,0,3.8,-1.03,1,21,1.99
TONUSDT,1,1.9,1,TP,98,3,371,0,2,-0.15,4.58,0.25,0.68,0.75,0.26,429,0,0.99,-0.28,1,19,0.84
TONUSDT,-1,1.9,1,TP,86,1,222,0,0,-3.88,5.07,1.53,1.53,0.63,0.57,44,1,0.46,0,-1,2,0.9
TONUSDT,-1,1.9,1,TP,39,4,930,0,3,-0.58,2.09,1.48,2.67,0.35,0.32,129,0,0.92,-0.44,-1,2,0.86
TONUSDT,-1,-2.1,0,SL,10,3,1354,0,2,-1.65,2.27,1.07,1.22,0.3,0.42,56,1,0.76,0.05,-1,12,0.72
TONUSDT,1,-2.1,0,SL,72,2,216,0,1,-1.47,2.04,2.08,3.96,0.59,0.49,106,1,1.17,0.02,1,17,1.74
TONUSDT,1,-1.766,0,TIMEOUT,88,4,500,0,3,-0.36,2.07,0.69,1.19,0.38,0.71,147,3,0.86,-0.21,1,16,0.65
TONUSDT,-1,1.9,1,TP,3,3,103,0,2,-0.37,1.77,2.15,1.32,0.83,0.57,202,0,1.48,-0.76,-1,14,1.21
TONUSDT,-1,1.9,1,TP,13,1,1122,0,0,-1.9,6.68,2.68,2.68,0.44,0.75,229,0,1.25,0,-1,16,0.84
TONUSDT,-1,1.9,1,TP,15,1,99,0,0,-5.31,3.85,2.72,2.72,0.98,0.36,76,0,0.65,0,-1,0,1.78
TONUSDT,-1,-1.708,0,TIMEOUT,43,4,249,0,3,-0.79,2.54,0.39,0.76,0.35,0.22,129,0,1.08,-0.09,-1,4,0.32
TONUSDT,-1,1.9,1,TP,1,1,300,0,0,-5.42,5.68,9.87,9.87,0.59,0.22,245,0,0.35,0,-1,23,2.18
TONUSDT,-1,-2.1,0,SL,47,1,943,0,0,-2.81,2.3,0.92,0.92,0.5,0.37,2,0,0.91,0,-1,16,0.44
TONUSDT,-1,-0.808,0,TIMEOUT,58,1,309,0,0,-1.7,1.34,1.33,1.33,0.31,0.11,29,0,0.71,0,-1,15,0.23
TONUSDT,-1,-1.183,0,TIMEOUT,41,4,409,0,3,-0.47,3.42,0.56,0.81,0.38,0.11,126,0,1.11,-0.08,-1,16,0.3
TONUSDT,1,1.9,1,TP,2,2,700,0,1,0.04,24.5,0.7,0.73,2.01,0.28,352,0,6.2,-1.33,1,7,1.55
TONUSDT,-1,1.9,1,TP,20,4,202,0,3,-0.17,1.81,7.64,0.98,0.83,1.12,112,0,2.65,-1.25,-1,0,0.73
TRXUSDT,-1,1.9,1,TP,33,3,825,1,1,-0.32,12.49,0.27,0.57,0.47,0.53,228,0,1.47,0.18,-1,18,0.28
TRXUSDT,1,1.9,1,TP,37,1,315,0,0,-5.76,6.52,6.03,6.03,0.58,0.23,2,0,1,0,1,14,2.04
TRXUSDT,1,1.9,1,TP,1,1,221,0,0,-2.87,3.38,1.63,1.63,1.04,0.52,178,0,0.91,0,1,16,1.38
TRXUSDT,1,1.9,1,TP,3,1,557,0,0,-2.32,12.26,1.94,1.94,0.81,0.6,293,0,2.52,0,1,9,1.37
TRXUSDT,1,1.9,1,TP,6,2,98,0,1,-0.45,3.92,0.83,1.28,0.86,0.23,47,0,2.54,-0.49,1,10,1.21
TRXUSDT,1,1.9,1,TP,6,4,289,0,3,-0.75,1.42,0.8,1.77,0.67,0.2,55,0,1.84,-0.29,1,10,0.94
TRXUSDT,1,1.9,1,TP,3,4,1293,0,3,-1.11,4.23,1.63,1.64,1.25,0.33,46,0,3.67,-0.04,1,16,1.71
TRXUSDT,-1,-2.1,0,SL,4,3,172,0,2,-0.12,11.2,0.88,0.37,1.25,1.15,263,0,3.84,-1,-1,22,1.01
TRXUSDT,-1,1.9,1,TP,4,1,533,0,0,-2.58,1.38,1.08,1.08,1.02,1.04,68,0,2.1,0,-1,2,1.13
TRXUSDT,1,1.9,1,TP,25,3,214,0,2,-1.32,14.54,0.48,2.24,0.61,0.86,377,1,1.79,0,1,8,0.93
TRXUSDT,-1,1.9,1,TP,5,1,139,0,0,-1.38,1.93,1.24,1.24,1.13,0.5,133,0,2.33,0,-1,21,1.34
TRXUSDT,-1,1.9,1,TP,7,3,670,0,2,0,44.58,0.76,0.33,1,1.8,1041,0,3.25,-0.58,-1,5,0.4
TRXUSDT,1,1.9,1,TP,24,4,614,0,3,-0.21,5.65,0.99,0.86,0.46,0.76,534,0,1.4,-0.08,1,3,0.5
TRXUSDT,-1,1.9,1,TP,4,1,114,0,0,-2.15,2.03,0.92,0.92,1.18,1.12,122,0,3.21,0,-1,18,1.11
TRXUSDT,-1,1.9,1,TP,5,2,229,0,1,-0.18,6.9,1.23,0.8,1.11,0.95,235,0,3,-0.83,-1,9,1.27
TRXUSDT,-1,1.9,1,TP,2,2,361,0,1,-0.69,2.13,0.79,0.76,1.27,1.04,59,0,2.38,-0.11,-1,18,1.35
TRXUSDT,-1,1.9,1,TP,3,1,585,0,0,-2.8,1.22,1.32,1.32,1.32,1.03,104,0,3.11,0,-1,2,1.3
TRXUSDT,-1,1.9,1,TP,2,1,830,0,0,-2.68,17.52,1.12,1.12,2.19,1.41,349,0,4.64,0,-1,15,1.75
TRXUSDT,-1,1.9,1,TP,11,1,325,0,0,-2.75,6.55,0.76,0.76,0.47,0.96,225,0,0.52,0,-1,18,0.68
TRXUSDT,-1,1.9,1,TP,22,1,664,0,0,-2.18,3.78,0.82,0.82,0.39,0.39,21,0,0.49,0,-1,11,0.29
TRXUSDT,-1,1.9,1,TP,74,2,1264,0,1,0.06,1.46,0.38,0.94,0.5,0.54,12,1,1.1,-0.3,-1,17,0.55
TRXUSDT,1,1.9,1,TP,67,1,252,0,0,-3.25,3.12,1.29,1.29,0.45,0.38,103,0,1.34,0,1,23,0.57
TRXUSDT,1,1.9,1,TP,13,1,135,0,0,-3.04,0.53,1.34,1.34,0.48,0.42,50,0,1.43,0,1,21,0.53
TRXUSDT,1,1.9,1,TP,7,1,577,0,0,-2.43,5.12,2.49,2.49,0.42,0.38,94,0,1.15,0,1,11,0.81
TRXUSDT,1,-2.1,0,SL,31,1,216,0,0,-2.68,19.18,1.45,1.45,0.82,0.53,317,0,2.48,0,1,7,0.95
TRXUSDT,-1,1.9,1,TP,25,1,144,0,0,-2.02,3.87,0.89,0.89,0.71,0.41,11,0,2,0,-1,5,0.83
TRXUSDT,1,-2.1,0,SL,9,3,248,0,2,-0.41,0.79,1.06,2.16,0.46,0.32,7,0,1.06,-0.54,1,21,0.92
TRXUSDT,-1,1.9,1,TP,21,1,284,0,0,-2.57,2.89,1.09,1.09,0.91,0.61,147,0,1.08,0,-1,8,1.11
TRXUSDT,1,1.9,1,TP,4,1,268,0,0,-1.49,13.89,0.89,0.89,1.05,0.5,517,0,2.48,0,1,5,1.56
TRXUSDT,1,-2.1,0,SL,9,4,552,0,3,-0.87,26.25,1.06,0.8,0.83,0.46,798,0,2.46,-0.69,1,4,0.81
TRXUSDT,1,-2.1,0,SL,44,1,602,0,0,-1.62,8.71,0.64,0.64,0.86,0.28,565,0,0.76,0,1,14,0.51
TRXUSDT,1,-2.1,0,SL,22,4,325,0,3,-0.66,3.53,3.46,1.89,0.68,0.29,299,0,1.45,-1.03,1,14,1.02
TRXUSDT,-1,1.9,1,TP,1,1,397,0,0,-3.39,3.57,3.88,3.88,0.77,0.52,172,0,0.53,0,-1,8,2.01
TRXUSDT,-1,-2.1,0,SL,33,1,567,0,0,-4.09,3.09,10.61,10.61,0.77,0.62,0,0,1.81,0,-1,2,2.92
TRXUSDT,1,-2.1,0,SL,6,3,303,0,2,-0.15,0.67,0.59,0.77,0.65,1.25,80,1,1.42,-0.71,1,13,0.6
TRXUSDT,-1,1.9,1,TP,7,1,194,0,0,-2.15,3.69,0.72,0.72,0.46,0.46,39,0,1.37,0,-1,13,0.36
TRXUSDT,1,1.9,1,TP,20,2,222,0,1,0.48,0.9,0.43,0.84,0.49,0.69,463,0,1.47,-0.37,1,19,0.64
TRXUSDT,1,1.9,1,TP,16,1,281,0,0,-2.04,2.73,1,1,0.37,0.47,502,0,0.17,0,1,2,0.22
TRXUSDT,1,1.9,1,TP,72,3,809,0,2,-0.46,10.1,0.64,1.85,0.47,0.42,250,1,1.33,-0.71,1,14,0.65
TRXUSDT,1,1.9,1,TP,90,1,226,0,0,-1.94,0.93,0.75,0.75,0.25,0.25,72,1,0.5,0,1,18,0.2
TRXUSDT,-1,1.9,1,TP,16,1,725,0,0,-3.46,6.66,2.87,2.87,0.4,0.32,244,0,0.83,0,-1,23,0.58
TRXUSDT,1,1.9,1,TP,5,1,174,0,0,-1.99,13.16,1.36,1.36,0.37,0.09,314,0,0.98,0,1,10,0.39
TRXUSDT,-1,1.9,1,TP,22,1,213,0,0,-4.22,1.03,2.83,2.83,0.48,0.56,104,0,0.68,0,-1,14,0.75
TRXUSDT,1,1.9,1,TP,6,1,180,0,0,-3.4,4.73,4.01,4.01,0.98,0.26,36,0,0.34,0,1,5,1.58
TRXUSDT,1,-2.1,0,SL,39,1,1137,0,0,-3,5.82,0.98,0.98,0.69,0.46,162,0,0.6,0,1,2,0.77
TRXUSDT,-1,1.9,1,TP,217,2,109,0,1,0.13,1.9,0.5,0.59,0.51,0.53,15,0,1.07,-0.11,1,7,0.56
TRXUSDT,1,1.9,1,TP,10,1,475,0,0,-0.47,1.75,0.77,0.77,0.87,0.39,12,0,2.03,0,1,2,1.04
TRXUSDT,1,1.9,1,TP,29,4,762,0,3,-1.06,3.44,2.4,1.74,0.53,0.22,14,0,0.58,-0.39,1,2,0.61
TRXUSDT,1,1.9,1,TP,41,1,357,0,0,-2.42,3.09,1.29,1.29,0.41,0.26,68,0,0.82,0,1,15,0.4
TRXUSDT,1,1.9,1,TP,4,1,173,0,0,-1.7,10.01,0.47,0.47,0.29,0.22,419,0,0.8,0,1,15,0.19
TRXUSDT,1,1.9,1,TP,11,1,324,0,0,-3.34,1.88,3.02,3.02,0.4,0.22,97,0,0.75,0,1,5,0.75
TRXUSDT,-1,1.9,1,TP,50,1,371,0,0,-4.24,4.57,3.1,3.1,0.41,0.52,334,0,0.78,0,-1,1,0.65
TRXUSDT,1,-2.1,0,SL,35,3,331,0,2,-0.12,2.05,2.42,1.63,0.46,0.58,32,1,1.37,-0.47,1,14,0.62
TRXUSDT,1,-1.424,0,TIMEOUT,110,1,267,0,0,-1.6,2.08,1.33,1.33,0.24,0.31,60,1,0.59,0,1,6,0.26
TRXUSDT,1,-1.795,0,TIMEOUT,29,1,220,0,0,-3.02,5.42,3.18,3.18,0.25,0.11,27,0,0.56,0,1,1,0.24
TRXUSDT,-1,1.9,1,TP,59,1,198,0,0,-3.34,5.86,0.44,0.44,0.34,0.13,255,0,0.11,0,-1,12,0.22
TRXUSDT,-1,-2.1,0,SL,47,4,677,0,3,-0.59,3.03,0.55,0.61,0.37,0.17,60,0,0.66,0.08,-1,12,0.49
TRXUSDT,-1,1.9,1,TP,11,1,1293,0,0,-1.22,1.5,1.1,1.1,0.25,0.26,19,0,0.68,0,-1,22,0.19
TRXUSDT,-1,-1.214,0,TIMEOUT,51,4,375,0,3,0.38,2.01,0.94,0.75,0.25,0.14,30,0,0.38,-0.32,-1,12,0.4
TRXUSDT,-1,-1.234,0,TIMEOUT,108,1,147,0,0,-4.15,1.55,1.29,1.29,0.38,0.05,79,0,0.15,0,-1,17,0.49
TRXUSDT,1,1.9,1,TP,48,3,939,1,1,0.28,-1.09,0.78,1.16,0.15,0.45,262,0,0.28,-0.11,1,16,0.24
TRXUSDT,-1,-0.931,0,TIMEOUT,203,4,200,0,3,0.32,3.63,0.63,2.82,0.21,0.18,698,0,0.54,-0.38,-1,12,0.37
TRXUSDT,-1,1.9,1,TP,4,1,258,0,0,-1.33,2.48,0.24,0.24,1.48,0.64,61,0,4.18,0,-1,20,0.53
TRXUSDT,-1,1.9,1,TP,6,1,434,0,0,-1.78,3.33,1.97,1.97,1,0.42,22,0,2.54,0,-1,16,1.16
TRXUSDT,1,-1.165,0,TIMEOUT,8,2,250,0,1,1.72,-1.27,0.87,5.11,0.31,0.09,6,0,0.57,-0.97,1,8,1.21
TRXUSDT,1,-2.1,0,SL,88,2,201,0,1,0.13,1.86,0.93,2.15,0.31,0.22,57,0,0.83,-0.36,1,11,0.87
TRXUSDT,1,1.9,1,TP,41,4,454,0,3,0.43,0.15,0.88,2.44,0.32,0.11,11,0,0.13,-0.4,1,7,0.53
TRXUSDT,1,1.9,1,TP,64,1,124,0,0,-0.96,0.94,0.71,0.71,0.52,0.18,62,0,1.12,0,1,21,0.66
TRXUSDT,-1,1.9,1,TP,5,1,255,0,0,-1.3,5.67,0.5,0.5,0.27,0.16,118,0,0.79,0,-1,14,0.26
TRXUSDT,1,1.9,1,TP,40,4,474,0,3,-0.03,0.45,0.77,0.36,0.38,0.27,19,0,0.56,-0.44,1,20,0.22
TRXUSDT,1,-0.766,0,TIMEOUT,152,4,1076,0,3,-1.27,2.8,0.45,1.36,0.35,0.12,35,0,0.17,0.35,1,3,0.5
TRXUSDT,1,1.9,1,TP,275,2,353,0,1,-1.97,6.08,0.74,2.16,0.27,0.17,153,0,0.7,0.29,1,14,0.63
TRXUSDT,1,1.9,1,TP,182,1,159,0,0,-0.81,1.02,0.83,0.83,0.18,0.13,58,0,0.55,0,1,4,0.2
TRXUSDT,1,-0.708,0,TIMEOUT,39,3,1164,0,2,0.45,0.51,0.97,0.99,0.31,0.12,43,0,0.14,-0.36,1,15,0.57
TRXUSDT,-1,1.9,1,TP,87,4,8,0,3,-0.38,1.78,1.59,0.9,0.24,0.12,85,0,0.71,-0.08,-1,2,0.21
TRXUSDT,-1,1.9,1,TP,2,1,392,0,0,-5.64,6.79,5.77,5.77,0.54,0.21,27,0,0.58,0,-1,18,1.52
TRXUSDT,1,1.9,1,TP,103,2,400,0,1,-0.23,2.11,1.29,1.12,0.3,0.29,42,1,0.87,-0.11,1,6,0.41
TRXUSDT,1,-0.731,0,TIMEOUT,45,1,266,0,0,-2.61,4.25,0.67,0.67,0.18,0.14,14,0,0.44,0,1,3,0.21
TRXUSDT,1,1.9,1,TP,141,1,398,0,0,-2.17,2.01,4.84,4.84,0.23,0.23,0,0,0.64,0,1,12,0.65
TRXUSDT,-1,0.095,1,TIMEOUT,277,2,693,0,1,0.14,1.94,1.23,0.74,0.17,0.1,48,0,0.08,-0.25,-1,14,0.29
TRXUSDT,1,-0.616,0,TIMEOUT,74,2,340,0,1,-0.54,2.56,2.61,2.15,0.09,0.1,827,0,0.18,-0.06,1,17,0.17
TRXUSDT,1,1.9,1,TP,54,1,261,0,0,-1.58,3.5,0.29,0.29,0.28,0.26,135,0,0.2,0,1,1,0.13
TRXUSDT,-1,-0.948,0,TIMEOUT,68,1,82,0,0,-2.14,4.79,0.96,0.96,0.25,0.19,291,0,0.49,0,-1,10,0.26
TRXUSDT,1,1.9,1,TP,46,1,376,0,0,-2.05,1.16,0.79,0.79,0.16,0.11,76,0,0.41,0,1,13,0.14
TRXUSDT,1,1.9,1,TP,92,4,624,0,3,-0.74,2.5,1.42,1.49,0.22,0.05,152,0,0.63,-0.26,1,13,0.22
TRXUSDT,1,1.9,1,TP,121,4,163,0,3,0.24,0.39,1.8,1.47,0.17,0.05,95,0,0.12,-0.27,1,3,0.27
TRXUSDT,1,1.9,1,TP,39,3,445,0,2,0.08,-1.53,1.33,1.02,0.19,0.17,92,0,0.39,-0.35,1,1,0.24
TRXUSDT,1,1.9,1,TP,58,1,638,0,0,-1.53,4.83,0.73,0.73,0.21,0.34,158,1,0.19,0,1,1,0.21
TRXUSDT,-1,1.9,1,TP,12,1,224,0,0,-3.17,1.52,0.99,0.99,0.17,0.28,56,1,0.52,0,-1,23,0.16
TRXUSDT,1,1.9,1,TP,124,1,300,0,0,-2.87,4.66,0.99,0.99,0.15,0.06,12,0,0.46,0,1,9,0.09
TRXUSDT,-1,1.9,1,TP,51,1,149,0,0,-2.36,4.83,2.61,2.61,0.39,0.2,298,0,0.47,0,-1,2,0.61
TRXUSDT,-1,-1.417,0,TIMEOUT,35,1,427,0,0,-3.4,4.93,2.22,2.22,0.25,0.13,6,0,0.54,0,-1,23,0.2
TRXUSDT,-1,-1.018,0,TIMEOUT,51,4,576,0,3,-3.39,2.72,1.28,12.32,0.27,0.11,152,0,0.47,0.74,-1,12,1.39
TRXUSDT,-1,-0.453,0,TIMEOUT,100,1,137,0,0,-4,5.94,2.38,2.38,0.32,0.12,217,0,0.51,0,-1,9,0.51
TRXUSDT,-1,-0.385,0,TIMEOUT,103,3,234,0,2,-0.67,4.44,0.76,0.82,0.21,0.12,62,0,0.21,-0.03,-1,4,0.17
TRXUSDT,-1,1.9,1,TP,47,1,1082,0,0,-0.98,0.44,0.45,0.45,0.17,0.1,63,0,0.42,0,-1,5,0.18
TRXUSDT,-1,0.185,1,TIMEOUT,109,1,1506,0,0,-1.35,9.53,0.74,0.74,0.2,0.16,179,0,0.52,0,-1,15,0.15
TRXUSDT,-1,1.9,1,TP,58,1,1688,0,0,-3.22,15.07,1.38,1.38,0.18,0.16,361,0,0.3,0,-1,13,0.3
TRXUSDT,1,-0.391,0,TIMEOUT,164,1,58,0,0,-3.12,6.84,1.43,1.43,0.27,0.32,26,0,0.29,0,1,16,0.3
TRXUSDT,-1,-0.61,0,TIMEOUT,59,3,107,0,2,1.33,3.47,0.47,2.52,0.37,0.09,157,0,0.48,-1.04,-1,14,0.87
TRXUSDT,1,-0.368,0,TIMEOUT,42,1,135,0,0,-2.03,9.31,0.49,0.49,0.16,0.09,449,0,0.49,0,1,14,0.07
TRXUSDT,-1,-0.595,0,TIMEOUT,83,1,135,0,0,-4.71,11.31,1.18,1.18,0.29,0.16,241,0,0.34,0,-1,12,0.32
TRXUSDT,-1,1.9,1,TP,274,1,200,0,0,-4.47,5.94,4.2,4.2,0.25,0.06,1,0,0.12,0,-1,4,0.35
TRXUSDT,1,0.225,1,TIMEOUT,216,3,210,0,2,0.05,-0.67,0.95,0.65,0.09,0.1,37,0,0.15,-0.12,1,23,0.11
TRXUSDT,1,1.9,1,TP,2,1,248,0,0,-2.12,14.34,1.11,1.11,0.13,0.28,244,1,0.39,0,1,10,0.17
TRXUSDT,-1,1.9,1,TP,5,1,51,0,0,-1.83,6.59,0.6,0.6,0.34,0.07,217,0,0.59,0,-1,1,0.24
TRXUSDT,1,1.9,1,TP,12,1,136,0,0,-1.55,1.31,0.42,0.42,0.4,0.2,99,0,1.07,0,1,11,0.24
TRXUSDT,-1,1.9,1,TP,46,3,578,0,2,0.36,0.78,0.53,1.11,0.17,0.14,7,0,0.49,-0.3,-1,9,0.35
TRXUSDT,-1,-0.502,0,TIMEOUT,109,1,130,0,0,-5.27,1.87,8.89,8.89,0.26,0.05,362,0,0.14,0,-1,15,1.15
TRXUSDT,1,-0.194,0,TIMEOUT,48,1,375,0,0,-2.26,0.96,1.87,1.87,0.12,0.07,73,0,0.19,0,1,12,0.19
TRXUSDT,1,0.59,1,TIMEOUT,76,1,448,0,0,-3.51,5.73,0.97,0.97,0.14,0.07,146,0,0.26,0,1,6,0.19
TRXUSDT,1,1.9,1,TP,62,1,235,0,0,-3.17,6.7,2.86,2.86,0.12,0.12,28,0,0.35,0,1,1,0.16
TRXUSDT,-1,1.9,1,TP,106,1,263,0,0,-2.33,15.88,0.69,0.69,0.14,0.3,321,1,0.28,0,-1,15,0.11
TRXUSDT,1,1.9,1,TP,83,4,108,0,3,1.13,2.02,0.71,2.47,0.24,0.13,18,0,0.59,-0.43,1,5,0.44
TRXUSDT,1,1.9,1,TP,13,3,402,0,2,-0.02,-1.11,1.16,2.17,0.49,0.45,1,1,1.21,-1.16,1,6,0.98
TRXUSDT,1,1.9,1,TP,25,1,760,0,0,-3.43,14.12,1.33,1.33,0.42,0.46,162,1,1.15,0,1,0,0.51
TRXUSDT,-1,1.9,1,TP,3,1,96,0,0,-4.99,5.42,2.11,2.11,0.66,0.18,35,0,0.95,0,-1,14,1.17
TRXUSDT,1,1.9,1,TP,74,1,265,0,0,-3.94,5.67,1.99,1.99,0.27,0.16,9,0,0.59,0,1,8,0.19
TRXUSDT,1,1.9,1,TP,10,4,396,0,3,0.12,3.63,1.38,1.69,0.76,0.16,137,0,1.35,-1.47,1,17,0.9
TRXUSDT,-1,1.9,1,TP,9,1,67,0,0,-0.65,3.7,0.96,0.96,0.47,0.58,90,0,1.35,0,-1,6,0.25
TRXUSDT,-1,-2.1,0,SL,81,1,327,0,0,-4.41,4.34,2.67,2.67,0.56,0.61,117,0,0.44,0,-1,13,1.51
TRXUSDT,-1,1.9,1,TP,10,1,214,0,0,-1.77,5.37,0.47,0.47,0.27,0.27,516,0,0.37,0,-1,19,0.17
TRXUSDT,-1,-2.1,0,SL,29,1,224,0,0,-5.37,30.37,6.34,6.34,0.54,0.21,349,0,1.44,0,-1,5,1.41
TRXUSDT,1,1.9,1,TP,24,1,143,0,0,-2.52,3.77,2.41,2.41,0.25,0.26,213,0,0.22,0,1,16,0.43
TRXUSDT,-1,1.9,1,TP,9,1,262,0,0,-5.13,3.6,4.85,4.85,0.45,0.27,112,0,1,0,-1,1,1.24
TRXUSDT,1,1.9,1,TP,9,1,162,0,0,-2.69,4.16,2.68,2.68,0.26,0.16,87,0,0.75,0,1,13,0.46
TRXUSDT,-1,-0.622,0,TIMEOUT,110,1,495,0,0,-3.33,43.17,5.49,5.49,0.24,0.14,534,0,0.5,0,-1,8,0.78
TRXUSDT,1,-1.169,0,TIMEOUT,48,1,278,0,0,-1.46,2.37,0.73,0.73,0.5,0.43,6,0,0.88,0,1,18,0.48
TRXUSDT,1,1.9,1,TP,42,1,147,0,0,-3.23,3.24,0.98,0.98,0.5,0.42,4,0,0.19,0,1,18,0.68
TRXUSDT,1,1.9,1,TP,10,1,326,0,0,-1.21,2.23,0.89,0.89,0.27,0.26,172,0,0.74,0,1,15,0.33
TRXUSDT,-1,1.9,1,TP,70,1,106,0,0,-3.12,18.34,2.16,2.16,0.17,0.11,154,0,0.57,0,-1,2,0.18
TRXUSDT,1,-0.954,0,TIMEOUT,63,1,106,0,0,-2.25,1.84,0.41,0.41,0.26,0.13,45,0,0.49,0,1,20,0.09
TRXUSDT,-1,0.148,1,TIMEOUT,113,3,149,0,2,-0.56,1.97,1.88,1.35,0.23,0.1,164,0,0.44,-0.29,-1,13,0.35
TRXUSDT,1,-1.344,0,TIMEOUT,61,4,218,0,3,0.2,1.28,2.02,1.29,0.29,0.45,20,0,0.44,-0.68,1,9,0.4
TRXUSDT,1,1.9,1,TP,70,1,729,0,0,-2.29,21.71,1.61,1.61,0.27,0.2,366,0,0.81,0,1,18,0.26
TRXUSDT,1,-2.1,0,SL,43,1,1,0,0,-2.21,3.2,1.23,1.23,1.06,0.11,2,0,2.42,0,1,13,1.58
TRXUSDT,-1,-0.83,0,TIMEOUT,58,4,217,0,3,-0.52,6.66,1.9,1,0.34,0.18,300,0,0.18,-0.51,-1,18,0.44
TRXUSDT,1,-0.056,0,TIMEOUT,87,1,393,0,0,-0.88,1.58,0.74,0.74,0.17,0.1,202,0,0.26,0,1,21,0.2
TRXUSDT,1,-0.641,0,TIMEOUT,47,1,1895,0,0,-2.04,0.88,2.17,2.17,0.15,0.11,37,0,0.46,0,1,13,0.18
TRXUSDT,-1,1.9,1,TP,8,1,353,0,0,-0.21,0.27,0.68,0.68,0.5,0.07,66,0,0.37,0,-1,15,0.45
TRXUSDT,1,-0.242,0,TIMEOUT,86,1,562,0,0,-3.7,11.53,2.09,2.09,0.17,0.11,400,0,0.11,0,1,2,0.19
TRXUSDT,1,1.9,1,TP,68,2,681,0,1,-0.63,15.81,0.88,1.27,0.16,0.11,518,0,0.5,-0.02,1,7,0.21
TRXUSDT,-1,-1.363,0,TIMEOUT,69,4,425,0,3,0.17,3.18,2.77,1.11,0.28,0.16,230,0,0.5,-0.72,-1,2,0.24
TRXUSDT,1,-1.144,0,TIMEOUT,9,3,79,1,1,0.09,1.61,1.31,0.57,0.14,0.05,18,0,0.25,0.03,1,12,0.11
TRXUSDT,1,1.9,1,TP,12,1,84,0,0,-3.48,1.19,8.31,8.31,0.25,0.2,52,0,0.57,0,1,6,0.78
TRXUSDT,1,-1.428,0,TIMEOUT,9,3,659,0,2,0.33,-1.17,0.56,1.78,0.18,0.23,232,0,0.23,-0.26,1,6,0.3
TRXUSDT,-1,-0.874,0,TIMEOUT,75,1,161,0,0,-3.93,4.7,3.95,3.95,0.16,0.15,228,0,0.08,0,-1,13,0.48
TRXUSDT,-1,1.9,1,TP,143,4,442,0,3,-1,1.57,4.43,2.02,0.29,0.25,1,0,0.59,-0.35,-1,6,0.62
TRXUSDT,-1,-0.264,0,TIMEOUT,90,1,788,0,0,-1.74,4.79,0.78,0.78,0.17,0.08,40,0,0.38,0,-1,0,0.14
TRXUSDT,1,-1.289,0,TIMEOUT,42,1,347,0,0,-2.4,4.55,1.84,1.84,0.12,0.07,42,0,0.3,0,1,13,0.09
TRXUSDT,1,1.9,1,TP,44,1,174,0,0,-1.71,0.97,2.16,2.16,0.13,0.1,4,0,0.36,0,1,13,0.2
TRXUSDT,-1,1.9,1,TP,106,1,106,0,0,-2.32,3.36,1.1,1.1,0.11,0.01,126,0,0.28,0,-1,12,0.09
TRXUSDT,-1,-0.239,0,TIMEOUT,65,1,269,0,0,-4.1,6.73,1.01,1.01,0.14,0,121,0,0.38,0,-1,5,0.14
TRXUSDT,-1,1.9,1,TP,110,1,473,0,0,-4.13,7.49,3.63,3.63,0.13,0.07,57,0,0.29,0,-1,8,0.23
TRXUSDT,-1,-0.495,0,TIMEOUT,38,1,368,0,0,-1.58,3.22,1.24,1.24,0.11,0.05,702,0,0.32,0,-1,13,0.18
TRXUSDT,1,1.9,1,TP,57,3,532,0,2,-0.75,1.59,0.42,3.2,0.24,0.12,94,0,0.67,0.1,1,7,0.54
TRXUSDT,-1,-1.208,0,TIMEOUT,49,1,631,0,0,-2.96,6.91,2.32,2.32,0.2,0.09,30,0,0.48,0,-1,6,0.46
TRXUSDT,1,-0.644,0,TIMEOUT,41,1,87,0,0,-3.24,5.58,1.35,1.35,0.16,0.08,101,0,0.37,0,1,22,0.24
TRXUSDT,1,0.529,1,TIMEOUT,127,1,167,0,0,-2.28,0.13,1.15,1.15,0.17,0.08,72,0,0.36,0,1,18,0.2
TRXUSDT,1,1.9,1,TP,71,1,222,0,0,-2.64,8.39,0.86,0.86,0.15,0.06,416,0,0.29,0,1,18,0.16
TRXUSDT,1,1.9,1,TP,39,1,565,0,0,-4.7,2.15,2.63,2.63,0.14,0.11,58,1,0.2,0,1,8,0.24
TRXUSDT,1,-0.458,0,TIMEOUT,37,1,1066,0,0,-1.76,4.2,2.24,2.24,0.31,0.12,93,0,0.85,0,1,13,0.4
TRXUSDT,1,0.022,1,TIMEOUT,139,1,292,0,0,-3.48,4.77,4.28,4.28,0.09,0.07,8,0,0.1,0,1,18,0.17
TRXUSDT,1,1.9,1,TP,129,4,546,0,3,-0.52,8.16,0.74,1.29,0.11,0.07,259,0,0.2,-0.02,1,9,0.12
TRXUSDT,1,-0.76,0,TIMEOUT,58,4,759,0,3,-0.61,9.78,1.79,1.51,0.15,0.16,104,0,0.36,0,1,14,0.31
TRXUSDT,1,1.9,1,TP,152,1,871,0,0,-3.05,11.16,0.47,0.47,0.13,0.16,219,0,0.15,0,1,18,0.04
TRXUSDT,1,-0.888,0,TIMEOUT,127,2,987,0,1,-0.6,4.33,0.98,1.58,0.13,0.1,283,0,0.4,-0.05,1,19,0.16
TRXUSDT,1,-0.114,0,TIMEOUT,129,1,220,0,0,-3.61,2.13,3.08,3.08,0.15,0.06,151,0,0.16,0,1,16,0.17
TRXUSDT,1,1.9,1,TP,124,3,573,0,2,-1.15,1.42,0.86,1.1,0.11,0.04,34,0,0.3,-0.06,1,9,0.17
TRXUSDT,1,-0.216,0,TIMEOUT,83,1,204,0,0,-5.59,9.16,6.62,6.62,0.11,0.11,133,0,0.29,0,1,12,0.27
TRXUSDT,1,0.184,1,TIMEOUT,112,1,256,0,0,-1.79,1.99,1.24,1.24,0.09,0.03,47,0,0.25,0,1,11,0.14
NEARUSDT,1,1.9,1,TP,15,2,92,0,1,0.06,2.11,0.18,0.85,1.3,1.17,10,1,3.92,-1.14,1,21,1.63
NEARUSDT,1,-2.1,0,SL,13,1,83,0,0,-6.09,7.43,4.53,4.53,0.91,0.35,4,0,2.28,0,1,1,2.85
NEARUSDT,1,1.9,1,TP,12,1,296,0,0,-2.42,6.14,1.25,1.25,1.14,0.7,25,0,2.89,0,1,6,0.73
NEARUSDT,-1,1.9,1,TP,10,2,535,0,1,-0.01,1.29,0.25,1.21,0.79,0.36,70,0,0.95,-0.34,-1,16,0.68
NEARUSDT,1,1.9,1,TP,35,1,107,0,0,-1.53,2.36,0.63,0.63,0.61,0.31,32,0,1.38,0,1,6,0.37
NEARUSDT,1,1.9,1,TP,3,1,210,0,0,-2.68,5.67,2.47,2.47,0.94,0.36,62,0,0.84,0,1,2,1.86
NEARUSDT,1,1.9,1,TP,9,1,494,0,0,-3.79,4.22,2.16,2.16,1.13,0.73,71,0,2.91,0,1,1,2.64
NEARUSDT,-1,1.9,1,TP,4,1,156,0,0,-0.52,2.28,0.96,0.96,1.39,0.76,67,0,3.54,0,-1,21,1.81
NEARUSDT,-1,1.9,1,TP,5,2,296,0,1,1.27,0.36,0.83,2.13,1.33,0.54,37,0,1.32,-2.68,-1,8,2.67
NEARUSDT,-1,-2.1,0,SL,6,2,195,0,1,0.21,18.74,1.87,0.84,0.89,0.87,381,0,2.75,-0.79,-1,22,0.92
NEARUSDT,1,-2.1,0,SL,2,1,237,0,0,-3.23,6.4,2.48,2.48,1.61,0.68,364,2,1.06,0,1,16,2.71
NEARUSDT,1,-2.1,0,SL,19,4,413,1,2,0.48,9.44,0.97,1.34,0.9,0.69,538,2,2.19,-0.23,1,12,1.19
NEARUSDT,-1,1.9,1,TP,1,1,882,0,0,-2.88,6.32,1.87,1.87,2.56,0.91,40,0,2.42,0,-1,1,3.94
NEARUSDT,-1,1.9,1,TP,5,1,76,0,0,-2.1,4.39,1.5,1.5,0.86,0.53,106,0,2.51,0,-1,18,1.1
NEARUSDT,-1,1.9,1,TP,3,2,443,0,1,0.38,29.8,1.19,0.78,1.77,1.22,293,0,5.53,-0.79,-1,13,1.15
NEARUSDT,-1,1.9,1,TP,5,2,335,0,1,-0.18,0.55,0.84,0.85,0.9,0.43,109,0,2.25,-0.29,-1,19,1.03
NEARUSDT,1,-2.1,0,SL,9,3,163,0,2,0.12,4.93,1.09,2.08,0.95,0.46,491,0,2.75,-1.53,1,0,2.28
NEARUSDT,1,1.9,1,TP,4,1,215,0,0,-2.8,16.37,0.87,0.87,0.85,1.18,321,0,2.56,0,1,23,0.73
NEARUSDT,1,1.9,1,TP,2,1,412,0,0,-3.25,3.31,7.27,7.27,1.24,0.94,97,0,2.97,0,1,1,3.17
NEARUSDT,-1,-2.1,0,SL,24,1,399,0,0,-3.06,2.44,0.93,0.93,1.36,1.49,28,0,2.03,0,-1,16,1.31
NEARUSDT,1,-2.1,0,SL,6,4,91,0,3,0.49,4.33,0.57,2.16,0.9,0.8,429,0,2.4,-1.34,1,22,2.14
NEARUSDT,-1,1.9,1,TP,1,1,308,0,0,-3.11,4.92,1.26,1.26,1.54,1.15,197,0,2.52,0,-1,22,1.72
NEARUSDT,1,1.9,1,TP,9,1,180,0,0,-2.81,15.9,0.73,0.73,0.69,0.36,439,0,2.03,0,1,17,0.57
NEARUSDT,1,1.9,1,TP,5,1,244,0,0,-3.17,13.24,2.55,2.55,1.19,0.28,302,0,2.4,0,1,4,1.47
NEARUSDT,1,1.9,1,TP,3,1,136,0,0,-3.32,9.57,2.2,2.2,1.4,0.26,266,0,3.52,0,1,5,1.93
NEARUSDT,-1,1.9,1,TP,18,2,233,1,0,-1.34,0.04,1.1,1.1,0.5,0.81,113,0,1.56,0.1,-1,8,0.52
NEARUSDT,-1,1.9,1,TP,5,1,449,0,0,-3.33,2.49,1.54,1.54,1.13,0.5,134,0,1.51,0,-1,14,1.62
NEARUSDT,-1,1.9,1,TP,1,4,399,0,3,0.29,-1.1,0.74,1.13,3.02,0.71,166,0,1.04,-5.09,-1,20,4.85
NEARUSDT,-1,1.9,1,TP,4,2,1040,0,1,0.36,9.25,1.51,1.62,1.59,4.37,478,0,1.31,-1.74,-1,12,3.07
NEARUSDT,1,-2.1,0,SL,8,4,121,0,3,0.17,-0.56,0.45,0.64,0.94,0.5,96,0,1.92,-1.13,1,22,1.17
NEARUSDT,-1,1.9,1,TP,8,1,119,0,0,-3.62,6.52,1.46,1.46,1.12,0.53,216,0,1.98,0,-1,1,0.92
NEARUSDT,1,1.9,1,TP,3,1,659,0,0,-2.71,8.19,1.18,1.18,1.33,0.42,241,0,1.84,0,1,13,1.45
NEARUSDT,-1,1.9,1,TP,49,1,53,0,0,-2.97,8.21,0.74,0.74,0.9,0.35,175,0,1.74,0,-1,7,0.76
NEARUSDT,1,-2.1,0,SL,21,1,430,0,0,-4.2,5.44,3.64,3.64,1.26,0.91,4,1,2.41,0,1,9,1.97
NEARUSDT,-1,1.9,1,TP,13,1,473,0,0,-2.45,28.69,1.17,1.17,0.6,1.84,488,1,0.68,0,-1,14,0.83
NEARUSDT,-1,1.9,1,TP,11,1,939,0,0,-1.96,1.96,1.08,1.08,0.78,0.69,166,0,1.25,0,-1,11,0.72
NEARUSDT,-1,1.9,1,TP,34,1,1347,0,0,-3.6,5.83,1.56,1.56,0.93,0.56,315,0,0.82,0,-1,17,1.14
NEARUSDT,-1,1.9,1,TP,46,1,1805,0,0,-1.58,1.87,0.97,0.97,0.49,0.37,246,0,0.86,0,-1,11,0.42
NEARUSDT,-1,1.9,1,TP,20,1,666,0,0,-1.87,0.68,0.52,0.52,0.83,0.43,88,0,0.63,0,-1,16,0.73
NEARUSDT,-1,1.9,1,TP,4,2,187,0,1,0.14,1.96,0.55,0.38,0.62,0.49,98,0,1.81,-0.39,-1,23,0.63
NEARUSDT,-1,1.9,1,TP,1,1,97,0,0,-2.53,4.71,2.44,2.44,0.84,0.19,8,0,0.9,0,-1,1,1.56
NEARUSDT,1,1.9,1,TP,55,2,648,0,1,0.06,2.11,0.57,1.83,0.52,0.17,21,0,1.28,-0.29,1,5,0.69
NEARUSDT,1,1.9,1,TP,14,1,431,0,0,-1.42,2.41,0.74,0.74,0.91,0.32,5,0,1.09,0,1,19,0.65
NEARUSDT,1,-2.1,0,SL,1,1,912,0,0,-6.12,5.94,6.64,6.64,1.23,0.46,33,0,0.3,0,1,19,4.68
NEARUSDT,-1,1.9,1,TP,13,1,289,0,0,-2.93,0.69,1.24,1.24,0.97,0.45,265,0,0.67,0,-1,22,1.21
NEARUSDT,-1,1.9,1,TP,12,1,509,0,0,-2.34,1.55,1.44,1.44,0.54,0.4,2,0,1.33,0,-1,23,0.59
NEARUSDT,-1,1.9,1,TP,18,1,645,0,0,-2.67,2.63,3.27,3.27,0.45,0.4,138,0,1.35,0,-1,9,0.74
NEARUSDT,-1,1.9,1,TP,20,1,1034,0,0,-1.45,12.91,0.61,0.61,1.14,0.52,367,0,2.94,0,-1,10,0.75
NEARUSDT,1,-2.1,0,SL,7,4,184,0,3,-0.09,1.96,0.81,0.99,0.75,0.42,17,0,2.31,-0.96,1,20,0.92
NEARUSDT,1,-1.469,0,TIMEOUT,194,1,203,0,0,-3.3,4.75,2,2,0.57,0.35,7,0,1.12,0,1,14,0.71
NEARUSDT,1,1.9,1,TP,21,1,152,0,0,-4.45,3.18,10.03,10.03,0.84,0.14,136,0,0.13,0,1,8,2.53
NEARUSDT,1,1.9,1,TP,5,1,441,0,0,-4.2,4.84,2.54,2.54,0.81,0.52,3,0,1.59,0,1,8,1.78
NEARUSDT,1,-2.1,0,SL,12,3,331,0,2,0.2,1.71,0.57,0.96,0.46,0.54,64,1,1.08,-0.89,1,5,0.54
NEARUSDT,1,-2.1,0,SL,1,1,516,0,0,-6.3,7.59,24.54,24.54,1.38,0.26,1,0,0.65,0,1,6,7.04
NEARUSDT,-1,-2.1,0,SL,3,3,235,0,2,-0.01,2.65,0.65,0.95,1.51,0.52,12,0,1.81,-2.58,-1,16,1.85
NEARUSDT,-1,1.9,1,TP,45,1,386,0,0,-1.28,4.27,0.79,0.79,0.49,0.59,56,0,0.42,0,-1,9,0.37
NEARUSDT,-1,-2.1,0,SL,49,2,745,0,1,0.29,0.33,0.44,0.99,0.46,0.45,30,2,0.84,-0.38,-1,3,0.45
NEARUSDT,1,1.9,1,TP,6,1,625,0,0,-2.19,18.2,1.27,1.27,0.64,0.66,630,3,1.17,0,1,4,0.53
NEARUSDT,-1,1.9,1,TP,88,3,544,0,2,-0.44,1.34,0.62,0.59,0.33,0.67,63,1,1.01,-0.15,-1,18,0.3
NEARUSDT,-1,-2.1,0,SL,27,2,117,0,1,0.07,0.39,0.6,0.67,0.46,0.36,77,0,0.97,-0.37,-1,2,0.55
NEARUSDT,-1,-1.397,0,TIMEOUT,92,1,269,0,0,-1.72,3.4,0.4,0.4,0.49,0.56,164,1,1.2,0,-1,17,0.46
NEARUSDT,-1,1.9,1,TP,6,1,618,0,0,-2.54,2.91,1.26,1.26,0.32,0.09,5,0,0.52,0,-1,8,0.37
NEARUSDT,1,-2.1,0,SL,1,3,1245,0,2,-0.01,10.88,1.99,0.53,1.29,0.53,335,0,3.46,-0.2,1,9,0.99
NEARUSDT,1,1.9,1,TP,2,1,350,0,0,-2.39,1.89,1.06,1.06,0.96,0.83,31,1,1.25,0,1,5,0.77
NEARUSDT,1,1.9,1,TP,3,1,457,0,0,-2.48,3.61,1.16,1.16,0.81,0.29,69,0,1.66,0,1,2,1.22
NEARUSDT,-1,1.9,1,TP,18,1,132,0,0,-2.35,11.19,4.26,4.26,1.27,1.33,193,0,3.68,0,-1,2,2.02
NEARUSDT,-1,1.9,1,TP,6,2,170,0,1,-0.19,2.97,0.65,2.09,1.03,1.29,28,0,2.64,-0.38,-1,9,1.29
NEARUSDT,-1,1.9,1,TP,8,1,577,0,0,-2.7,3.49,0.93,0.93,1.42,0.79,8,0,0.97,0,-1,14,1.07
NEARUSDT,-1,1.9,1,TP,3,1,351,0,0,-1.4,1.43,1.18,1.18,0.83,1.38,24,2,2.56,0,-1,16,1.07
NEARUSDT,-1,1.9,1,TP,6,2,675,0,1,-0.88,2.62,1.58,2.24,0.74,0.62,87,0,1.79,0.24,-1,1,1.44
NEARUSDT,1,1.9,1,TP,6,2,619,1,0,-2.56,0.64,1.22,1.22,0.61,1.05,71,0,1.01,0.39,1,7,0.63
NEARUSDT,1,1.9,1,TP,3,1,427,0,0,-4.56,8.85,3.8,3.8,1.86,0.78,316,0,2.63,0,1,3,3.5
NEARUSDT,-1,-2.1,0,SL,50,2,526,0,1,-0.11,18.7,0.51,0.81,0.61,1.09,538,0,1.91,-0.51,-1,7,0.86
NEARUSDT,-1,-2.1,0,SL,6,3,239,0,2,0.11,6.3,1,1.41,0.63,1.01,1180,0,1.86,-0.72,-1,0,0.99
NEARUSDT,-1,-2.1,0,SL,3,1,357,0,0,-4.07,6.06,12.49,12.49,1.13,1.04,1300,0,1.33,0,-1,5,5.63
NEARUSDT,1,1.9,1,TP,4,1,200,0,0,-2.53,5.1,1.21,1.21,1.25,1.49,338,0,2.58,0,1,15,1.32
NEARUSDT,1,1.9,1,TP,5,1,455,0,0,-1.47,3.46,0.68,0.68,0.83,0.21,131,0,0.59,0,1,6,0.71
NEARUSDT,1,-2.1,0,SL,9,3,825,0,2,-0.33,19.37,0.44,0.78,1.1,0.54,697,0,2.31,-0.94,1,5,1.05
NEARUSDT,1,1.9,1,TP,2,1,182,0,0,-3.36,2.55,1.81,1.81,1.13,1.05,1,1,1.81,0,1,12,1.15
NEARUSDT,-1,-2.1,0,SL,51,1,604,0,0,-3.24,9.59,1.63,1.63,0.55,0.21,335,0,0.55,0,-1,17,0.77
NEARUSDT,-1,1.9,1,TP,8,1,326,0,0,-3.39,5.41,3.8,3.8,0.72,0.26,32,0,1.5,0,-1,6,1.47
NEARUSDT,1,-2.1,0,SL,56,1,265,0,0,-5.2,4.08,3.95,3.95,0.67,0.98,48,1,1.16,0,1,0,0.95
NEARUSDT,1,1.9,1,TP,3,4,454,0,3,0.11,1.52,0.33,0.9,1.1,0.99,234,1,1.03,-0.56,1,0,1.14
NEARUSDT,-1,-2.1,0,SL,28,1,153,0,0,-1.58,5.17,0.7,0.7,0.53,0.29,167,0,1.65,0,-1,5,0.43
NEARUSDT,1,1.9,1,TP,10,1,784,0,0,-2.77,10.85,1.93,1.93,0.96,0.35,367,0,0.95,0,1,14,1.19
NEARUSDT,-1,1.9,1,TP,11,1,175,0,0,-1.9,0.79,0.65,0.65,0.76,0.4,46,0,2.01,0,-1,18,0.4
NEARUSDT,-1,1.9,1,TP,32,1,97,0,0,-3.38,7.9,2.71,2.71,0.85,0.47,457,0,1.37,0,-1,15,1.31
NEARUSDT,-1,1.9,1,TP,8,2,490,0,1,-0.34,14.78,0.33,0.22,1.37,0.53,849,0,2.86,-0.21,-1,17,0.88
NEARUSDT,1,1.9,1,TP,13,3,137,0,2,-0.59,0.46,1.23,1.18,1.02,0.32,4,0,1.43,-0.89,1,15,1.02
NEARUSDT,-1,-2.1,0,SL,22,1,178,0,0,-4.19,9,3.19,3.19,1.01,0.67,596,0,2.73,0,-1,19,1.36
NEARUSDT,-1,1.9,1,TP,6,1,639,0,0,-3.17,4.61,2.56,2.56,0.84,0.42,10,0,2.33,0,-1,14,1.16
NEARUSDT,-1,1.9,1,TP,5,2,847,0,1,0.03,0.13,0.47,0.23,0.79,0.24,24,0,1.22,-0.4,-1,18,0.42
NEARUSDT,1,1.9,1,TP,14,1,352,0,0,-2.96,1.91,2.12,2.12,0.67,0.34,209,0,1.29,0,1,1,1.22
NEARUSDT,1,1.9,1,TP,5,1,137,0,0,-0.32,2.09,0.24,0.24,1.12,0.42,35,0,0.88,0,1,21,0.68
NEARUSDT,1,1.9,1,TP,35,1,393,0,0,-4.62,2.09,3.8,3.8,0.59,0.86,99,1,1.6,0,1,13,1.37
NEARUSDT,1,1.9,1,TP,2,1,544,0,0,-2.08,2.26,1.26,1.26,1.25,0.43,2,0,1.32,0,1,3,1.39
NEARUSDT,-1,1.9,1,TP,4,1,305,0,0,-1.84,1.94,1.59,1.59,0.96,0.51,312,0,1.46,0,-1,22,0.86
NEARUSDT,-1,1.9,1,TP,13,1,656,0,0,-1.98,21.11,1.51,1.51,1.37,0.64,663,0,1.67,0,-1,13,1.28
NEARUSDT,-1,-2.1,0,SL,5,3,148,0,2,-0.8,2.5,0.2,0.28,1.36,0.88,16,0,1.88,0.51,-1,21,1.22
NEARUSDT,-1,-2.1,0,SL,94,1,561,0,0,-0.81,4.79,0.73,0.73,0.57,0.75,339,0,1.84,0,-1,4,0.36
NEARUSDT,-1,1.9,1,TP,5,1,726,0,0,-3.59,5.69,3.32,3.32,0.49,0.64,41,0,1.02,0,-1,22,0.72
NEARUSDT,-1,1.9,1,TP,5,1,257,0,0,-2.84,0.48,1.2,1.2,1.4,2.77,114,0,4.16,0,-1,6,1.57
NEARUSDT,1,1.9,1,TP,8,4,122,0,3,0.06,4.98,0.57,1.18,0.66,2.29,157,1,2.03,-0.73,1,5,0.73
NEARUSDT,-1,-2.1,0,SL,6,3,468,0,2,0.41,-1.3,0.82,1.25,1.47,1.47,148,0,3.12,-2.05,-1,20,1.94
NEARUSDT,-1,1.9,1,TP,1,1,587,0,0,-1.73,3.11,0.5,0.5,1.14,0.75,35,0,2.78,0,-1,2,1.25
NEARUSDT,-1,1.9,1,TP,18,4,272,2,1,-0.15,1.97,0.52,0.62,0.91,0.58,47,0,1.81,0.46,-1,3,0.77
NEARUSDT,-1,-2.1,0,SL,10,4,693,0,3,-0.89,2,1.37,2.15,1.06,0.65,19,0,2.18,-0.7,-1,12,1.92
NEARUSDT,1,1.9,1,TP,13,3,159,0,2,0.45,1.01,1.41,2.2,0.91,0.44,31,0,1.87,-1.54,1,14,2.29
NEARUSDT,1,-2.1,0,SL,8,4,372,0,3,2.36,4.35,1.84,4.51,1.08,0.42,243,0,1.8,-4.22,-1,19,3.52
NEARUSDT,1,1.9,1,TP,4,1,307,0,0,-1.87,4.46,1.24,1.24,0.86,0.22,248,0,0.89,0,1,14,0.93
NEARUSDT,-1,-2.1,0,SL,18,4,389,0,3,-1.87,3.2,0.71,5.9,0.85,0.49,39,0,2.24,0.93,-1,18,2.32
NEARUSDT,1,1.9,1,TP,3,1,526,0,0,-0.77,3.65,0.63,0.63,0.9,0.72,46,0,1.76,0,1,18,0.94
NEARUSDT,1,1.9,1,TP,8,4,676,0,3,0.39,1.11,0.62,0.8,1.08,1.2,51,1,1.78,-0.88,1,19,1.43
NEARUSDT,1,-2.1,0,SL,6,2,634,0,1,-0.5,17.74,0.38,0.51,0.58,0.32,368,0,1.77,0.11,1,6,0.68
NEARUSDT,-1,1.9,1,TP,6,1,298,0,0,-2.12,1.53,2.29,2.29,0.59,0.48,3,0,1.16,0,-1,0,0.45
NEARUSDT,-1,1.9,1,TP,33,2,179,0,1,-0.29,0.92,1.47,1.6,0.45,0.49,201,0,0.92,-0.29,-1,15,0.82
NEARUSDT,-1,1.9,1,TP,9,4,289,0,3,-0.22,6.12,0.7,0.73,0.6,0.51,309,0,1.84,-0.6,-1,18,0.64
NEARUSDT,-1,-2.1,0,SL,5,3,191,0,2,0.2,-1.99,4.06,1.59,0.96,1.77,184,0,1.27,-1.97,-1,4,1.63
NEARUSDT,1,1.9,1,TP,7,1,349,0,0,-2.41,3.71,0.92,0.92,0.68,0.26,4,0,1.1,0,1,3,0.43
NEARUSDT,1,-2.1,0,SL,49,1,492,0,0,-2.6,5.29,1.12,1.12,0.76,0.26,147,0,1.03,0,1,15,0.81
NEARUSDT,-1,1.9,1,TP,14,3,127,0,2,-0.21,2.69,0.71,0.54,0.93,0.98,46,0,1.58,-0.54,-1,6,1.07
NEARUSDT,-1,1.9,1,TP,10,1,499,0,0,-3.62,13.07,2.26,2.26,0.91,1.07,420,0,0.47,0,-1,3,1.12
NEARUSDT,1,1.9,1,TP,3,3,284,0,2,0.06,15.75,0.68,1.05,1.89,1.01,585,0,5.32,-2.61,1,18,2.88
NEARUSDT,-1,1.9,1,TP,4,1,491,0,0,-2.85,3.23,0.8,0.8,1.2,1.03,44,0,2.15,0,-1,16,0.99
NEARUSDT,-1,1.9,1,TP,2,1,875,0,0,-3.85,0.93,3.38,3.38,1.27,1.87,199,1,1.09,0,-1,16,1.74
NEARUSDT,-1,-2.1,0,SL,5,3,1197,0,2,-0.71,12.37,1.98,2.78,0.82,0.88,259,0,2.23,-0.28,-1,0,1.43
NEARUSDT,-1,-2.1,0,SL,38,1,1321,0,0,-2.9,13.07,1.99,1.99,0.66,0.87,385,0,0.77,0,-1,7,0.81
NEARUSDT,1,1.9,1,TP,2,1,116,0,0,-3.89,3.77,3.94,3.94,0.9,0.44,75,0,1.45,0,1,15,2.2
NEARUSDT,1,-2.1,0,SL,5,3,233,0,2,0.05,1.73,3.39,2.28,1.29,0.45,190,0,0.68,-2.02,1,20,2.51
NEARUSDT,-1,-2.1,0,SL,28,1,150,0,0,-4.23,4.28,2.83,2.83,1.02,0.44,44,0,2.19,0,-1,16,1
NEARUSDT,-1,-2.1,0,SL,6,1,745,0,0,-2.59,5.29,0.5,0.5,1.49,0.42,284,0,1.24,0,-1,20,1.13
NEARUSDT,-1,1.9,1,TP,54,2,1024,0,1,-0.49,13.5,1.07,1.63,0.35,0.34,228,0,1.1,-0.09,-1,9,0.43
NEARUSDT,1,1.9,1,TP,30,1,257,0,0,-1.67,10.31,0.53,0.53,0.55,0.32,505,0,1.15,0,1,1,0.32
NEARUSDT,-1,1.9,1,TP,12,1,217,0,0,-2.8,3.61,1.44,1.44,0.5,0.23,176,0,1.08,0,-1,15,1.05
NEARUSDT,1,1.9,1,TP,3,3,579,0,2,0.15,4.06,2.76,2.05,0.78,0.71,385,0,0.42,-1.9,1,8,1.23
NEARUSDT,1,-2.1,0,SL,12,3,805,0,2,-1.34,1.54,2.64,2.07,0.81,0.74,77,0,1.68,-0.12,1,16,1.55
NEARUSDT,-1,1.9,1,TP,21,3,193,0,2,0.28,-0.83,0.72,1.04,0.8,0.73,8,0,0.78,-1.2,-1,2,1.19
NEARUSDT,1,1.9,1,TP,2,1,455,0,0,-3.07,14.29,2.35,2.35,1.65,0.48,238,0,4.22,0,1,16,2.9
NEARUSDT,1,1.9,1,TP,2,3,57,0,2,-0.34,6.89,0.85,1.64,1.28,1.16,302,0,3.77,-2,1,8,1.81
NEARUSDT,-1,1.9,1,TP,3,1,250,0,0,-2.13,2.26,1.07,1.07,0.65,0.38,108,0,1.73,0,-1,13,0.92
APTUSDT,1,-2.1,0,SL,12,2,204,0,1,-0.42,0.68,0.81,0.73,1.17,0.86,65,0,3.6,0.41,1,5,0.85
APTUSDT,1,-2.1,0,SL,6,2,285,0,1,-0.62,0.98,1.63,1.23,0.94,0.86,146,0,2.82,0.21,1,1,0.62
APTUSDT,-1,1.9,1,TP,9,1,707,0,0,-2.55,2.54,5.4,5.4,1.11,0.47,201,0,1.75,0,-1,7,2.77
APTUSDT,1,1.9,1,TP,15,1,118,0,0,-3.63,4.01,4.21,4.21,1.94,1.34,2,0,2.17,0,1,16,2.56
APTUSDT,1,1.9,1,TP,6,1,257,0,0,-1.95,1.95,1.4,1.4,0.96,0.76,2,0,0.78,0,1,17,0.73
APTUSDT,-1,-2.1,0,SL,159,1,274,0,0,-1.21,0.09,0.68,0.68,0.61,0.32,160,0,1.35,0,-1,16,0.56
APTUSDT,-1,1.9,1,TP,14,1,313,0,0,-3.88,5.61,4.76,4.76,1.08,0.26,25,0,1.75,0,-1,18,3.29
APTUSDT,-1,1.9,1,TP,56,2,813,0,1,-1.07,3.13,0.5,0.85,0.35,0.21,179,0,0.91,0.33,-1,23,0.44
APTUSDT,1,1.9,1,TP,2,1,194,0,0,-2.83,1.63,3.18,3.18,0.62,0.63,1,0,0.79,0,1,23,1.25
APTUSDT,1,1.9,1,TP,1,1,561,0,0,-5.21,6.27,5.24,5.24,1.79,0.95,6,0,2.45,0,1,19,6.27
APTUSDT,1,1.9,1,TP,1,1,821,0,0,-4.78,4.37,5.56,5.56,1.84,0.87,86,0,3.82,0,1,12,4.71
APTUSDT,1,1.9,1,TP,10,1,443,0,0,-2.35,3.29,3.21,3.21,1.72,1.43,13,1,2.02,0,1,7,3.17
APTUSDT,-1,-2.1,0,SL,47,4,634,0,3,0,0.37,0.69,0.42,0.89,0.66,16,0,1.53,-0.89,-1,19,0.42
APTUSDT,-1,1.9,1,TP,8,1,690,0,0,-3.54,4.83,2.94,2.94,2.02,0.82,51,0,0.61,0,-1,7,3.1
APTUSDT,1,1.9,1,TP,18,1,230,0,0,-3.21,6.9,2.88,2.88,0.62,0.5,80,2,0.51,0,1,8,0.92
APTUSDT,-1,1.9,1,TP,85,1,337,0,0,-1.82,1.94,0.66,0.66,0.53,0.36,149,0,1.2,0,-1,15,0.57
APTUSDT,-1,1.9,1,TP,18,1,482,0,0,-1.97,2.36,1.19,1.19,0.52,0.47,46,0,1.07,0,-1,3,0.53
APTUSDT,1,-2.1,0,SL,26,1,305,0,0,-3.46,3.51,1.91,1.91,0.8,0.14,80,0,0.81,0,1,19,1.7
APTUSDT,1,1.9,1,TP,83,2,234,0,1,-0.1,0.52,0.59,0.57,0.54,0.29,147,1,1.24,-0.27,1,4,0.42
APTUSDT,1,1.9,1,TP,12,1,743,0,0,-2.22,5.02,5.9,5.9,0.58,0.38,43,0,1.28,0,1,11,1.76
APTUSDT,1,1.9,1,TP,1,1,337,0,0,-2.91,3.37,1.11,1.11,0.82,0.24,103,0,1.12,0,1,18,0.77
APTUSDT,1,-2.1,0,SL,18,2,111,0,1,-0.04,3.72,0.93,1.77,0.96,0.35,152,0,1.46,-0.99,1,12,1.55
APTUSDT,1,-2.1,0,SL,15,3,156,0,2,-0.62,3.07,1.34,2.68,0.54,0.48,77,0,1.46,-0.14,1,0,1.35
APTUSDT,-1,1.9,1,TP,23,4,645,0,3,0.18,0.58,1.23,0.69,0.31,0.3,123,0,0.62,-0.49,-1,9,0.24
APTUSDT,-1,-2.1,0,SL,15,3,281,1,1,-0.42,3.09,0.52,0.42,0.34,0.34,68,0,0.28,0.17,-1,4,0.21
APTUSDT,1,-2.1,0,SL,37,3,494,0,2,-0.2,3.57,0.58,0.96,0.44,0.32,46,0,0.23,-0.44,1,13,0.48
APTUSDT,1,1.9,1,TP,10,4,725,0,3,0.08,-1.05,0.34,0.46,0.77,1.26,125,0,2.1,-1.05,1,22,0.7
APTUSDT,1,-2.1,0,SL,61,3,350,0,2,-0.16,0.98,2.34,1.24,0.72,0.38,9,0,0.83,-0.85,1,6,0.63
APTUSDT,-1,1.9,1,TP,12,1,304,0,0,-3.22,4.26,3.36,3.36,0.82,0.31,7,0,2.23,0,-1,9,0.96
APTUSDT,1,1.9,1,TP,8,1,222,0,0,-1.94,3.93,1.89,1.89,1.09,0.53,220,0,2.49,0,1,10,1.48
APTUSDT,1,1.9,1,TP,2,1,255,0,0,-4.32,5.99,7.92,7.92,1.04,0.58,71,0,2.2,0,1,9,3.88
APTUSDT,1,-2.1,0,SL,15,4,120,0,3,-0.34,0.5,0.79,3.27,0.79,0.5,103,0,2.1,-1.02,1,8,1.81
APTUSDT,1,1.9,1,TP,23,4,193,0,3,0.02,1.25,0.61,0.5,0.75,0.31,8,0,1.15,-0.38,1,2,0.71
APTUSDT,1,1.9,1,TP,2,1,363,0,0,-2.12,5.97,1.27,1.27,1.5,0.56,33,0,2.37,0,1,21,1.3
APTUSDT,1,1.9,1,TP,2,4,139,0,3,-0.14,14.34,0.71,0.58,1.27,0.5,519,0,3.96,-1.4,1,23,0.7
APTUSDT,-1,1.9,1,TP,3,1,255,0,0,-2.42,7.23,1.45,1.45,0.77,0.36,637,0,1.04,0,-1,15,1.05
APTUSDT,-1,1.9,1,TP,40,3,78,0,2,-0.13,0.8,0.88,3.13,0.53,0.2,94,0,1.57,-0.63,-1,6,0.84
APTUSDT,-1,1.9,1,TP,17,1,338,0,0,-1.31,2.77,1.25,1.25,0.59,0.16,25,0,0.92,0,-1,4,0.69
APTUSDT,-1,1.9,1,TP,8,1,956,0,0,-2.86,44.41,1.4,1.4,0.34,0.18,643,0,0.92,0,-1,14,0.44
APTUSDT,1,1.9,1,TP,23,1,307,0,0,-2.38,0.87,0.71,0.71,0.32,0.33,257,0,1.01,0,1,1,0.26
APTUSDT,1,1.9,1,TP,7,1,934,0,0,-3.05,17.73,5.41,5.41,0.89,0.28,884,0,1.19,0,1,14,1.42
APTUSDT,-1,1.9,1,TP,40,3,10,0,2,0.05,4.48,0.22,0.73,0.81,0.33,95,0,2.45,-0.73,-1,19,0.69
APTUSDT,-1,1.9,1,TP,2,1,464,0,0,-2.99,11.27,3.96,3.96,1.03,0.89,305,1,2.13,0,-1,14,2.1
APTUSDT,-1,-2.1,0,SL,36,4,949,0,3,-0.92,5.71,0.9,4.86,1.2,0.65,261,0,0.76,-1.42,-1,16,1.74
APTUSDT,1,1.9,1,TP,4,1,113,0,0,-2.86,4.82,1.58,1.58,0.9,0.43,13,0,1.85,0,1,15,1.56
APTUSDT,1,1.9,1,TP,3,1,510,0,0,-1.86,9.24,1.13,1.13,0.79,0.31,225,0,1.68,0,1,14,0.69
APTUSDT,-1,-2.1,0,SL,12,2,103,0,1,-0.65,0.15,0.57,0.61,0.82,0.33,565,0,2.81,0.06,-1,3,0.57
APTUSDT,1,-0.754,0,TIMEOUT,72,1,505,0,0,-3.17,4.09,2.45,2.45,0.51,0.33,84,0,0.56,0,1,15,0.93
APTUSDT,1,1.9,1,TP,14,1,557,0,0,-1.37,10.22,0.65,0.65,1.1,1.43,410,0,2.23,0,1,18,0.91
APTUSDT,1,1.9,1,TP,3,3,364,0,2,0.22,0.74,0.8,1.45,1.56,0.38,41,0,1.53,-2.6,1,18,2.33
APTUSDT,-1,1.9,1,TP,5,1,434,0,0,-1.57,2.63,0.77,0.77,0.6,0.21,81,0,1.58,0,-1,2,0.36
APTUSDT,1,-2.1,0,SL,1,4,111,0,3,-0.67,1.38,1.65,1.83,1.38,0.92,176,0,2.79,-1.91,1,15,2.15
APTUSDT,-1,1.9,1,TP,10,1,350,0,0,-2.97,5.22,2.89,2.89,1.79,0.66,54,0,5.17,0,-1,13,2.47
APTUSDT,-1,1.9,1,TP,7,2,785,0,1,-0.2,4.51,1.99,1.06,0.79,1.14,424,0,1.12,-0.52,-1,2,0.85
APTUSDT,-1,1.9,1,TP,13,1,243,0,0,-1.34,4.33,2.26,2.26,1.24,0.56,51,0,3.73,0,-1,0,1.88
APTUSDT,-1,1.9,1,TP,6,1,807,0,0,-2.87,13.56,1.84,1.84,0.43,1.53,412,0,1.31,0,-1,21,0.45
APTUSDT,-1,-2.1,0,SL,2,1,269,0,0,-3.15,3.03,1.82,1.82,1.38,1.77,125,0,1.1,0,-1,5,1.76
APTUSDT,-1,1.9,1,TP,6,1,205,0,0,-2.54,1.03,1.87,1.87,0.83,0.91,465,0,2.03,0,-1,3,0.93
APTUSDT,1,1.9,1,TP,7,1,148,0,0,-3.32,1.75,2.16,2.16,1.15,0.66,56,0,1.37,0,1,15,1.7
APTUSDT,1,1.9,1,TP,4,4,202,0,3,-0.37,2.73,1.25,0.76,1.04,0.71,190,0,2.98,-1.54,1,19,0.82
APTUSDT,1,-2.1,0,SL,15,4,348,0,3,0.03,0.17,1.11,0.51,0.67,0.92,3,0,0.68,-1.34,1,8,0.43
APTUSDT,-1,1.9,1,TP,10,1,207,0,0,-2.51,12.45,0.86,0.86,1.03,1.05,263,0,3.06,0,-1,0,1.36
APTUSDT,1,1.9,1,TP,17,4,832,0,3,0.09,4.47,1.67,1.69,0.48,0.27,272,0,0.99,-1.38,1,1,0.68
APTUSDT,1,-2.1,0,SL,24,4,1137,0,3,0.31,1.61,1.98,1.03,0.51,0.46,150,0,1.55,-1.25,1,5,0.52
APTUSDT,-1,1.9,1,TP,51,4,223,0,3,-0.63,4.22,0.66,0.77,0.46,0.79,320,2,0.12,-0.12,-1,20,0.33
APTUSDT,1,-2.1,0,SL,3,2,413,0,1,0.47,8.39,1.41,2.64,0.98,0.22,262,0,2.75,-0.92,1,13,1.77
APTUSDT,1,1.9,1,TP,13,3,581,0,2,0.38,-1.46,0.58,1.38,0.91,0.39,182,0,0.87,-1.44,1,19,1.25
APTUSDT,-1,1.9,1,TP,5,1,69,0,0,-2.01,2.71,1.51,1.51,0.66,0.77,24,0,1.09,0,-1,6,0.64
APTUSDT,-1,1.9,1,TP,26,1,457,0,0,-2.87,4.54,1.89,1.89,0.51,0.3,59,0,0.52,0,-1,7,0.53
APTUSDT,1,1.9,1,TP,32,1,89,0,0,-1.58,2.06,1.66,1.66,0.36,0.26,18,0,1.1,0,1,20,0.38
APTUSDT,1,1.9,1,TP,17,1,281,0,0,-2.55,8.2,1.08,1.08,0.56,0.25,210,0,1.32,0,1,20,0.69
APTUSDT,-1,1.9,1,TP,7,1,496,0,0,-2.53,2.77,2.04,2.04,0.85,0.66,71,0,1,0,-1,4,1.24
APTUSDT,-1,1.9,1,TP,3,1,141,0,0,-2.09,3.98,1.66,1.66,0.96,0.97,73,0,1.72,0,-1,12,0.94
APTUSDT,1,1.9,1,TP,12,3,248,2,0,-3.02,1.79,2.24,2.24,0.9,0.61,0,0,1.67,1.84,1,16,1.87
APTUSDT,-1,1.9,1,TP,27,1,418,0,0,-1.96,0.1,1.05,1.05,0.65,0.53,56,0,1.95,0,-1,7,0.8
APTUSDT,-1,1.9,1,TP,6,1,678,0,0,-2.54,1.44,1.79,1.79,0.49,0.53,316,0,0.28,0,-1,0,0.54
APTUSDT,1,-2.1,0,SL,4,3,111,0,2,-0.07,2.56,3.42,1.81,1.31,0.45,237,0,0.72,-2.43,1,20,2.33
APTUSDT,-1,-2.1,0,SL,13,2,612,0,1,-0.04,13.75,1.07,0.93,0.48,0.24,385,0,1.43,-0.62,-1,11,0.72
APTUSDT,1,-2.1,0,SL,10,2,167,0,1,0.17,1.85,1.09,1.38,0.6,0.31,52,0,1.61,-0.48,1,10,0.64
APTUSDT,1,1.9,1,TP,14,1,618,0,0,-2.05,5.83,1.58,1.58,0.82,0.27,266,0,1.15,0,1,3,1.15
APTUSDT,-1,1.9,1,TP,4,1,139,0,0,-1.83,0.17,1.04,1.04,0.87,0.71,61,0,1.08,0,-1,16,0.93
APTUSDT,1,1.9,1,TP,14,1,162,0,0,-2.87,24.04,1.92,1.92,0.68,0.59,397,0,2.05,0,1,4,1.05
APTUSDT,-1,-2.1,0,SL,59,1,394,0,0,-1.34,3.74,0.35,0.35,0.63,0.35,41,0,0.19,0,-1,22,0.33
APTUSDT,-1,-2.1,0,SL,80,1,714,0,0,-1.63,2.22,0.72,0.72,0.61,0.31,191,0,1.03,0,-1,6,0.53
APTUSDT,-1,1.9,1,TP,8,1,339,0,0,-2.25,7.04,0.65,0.65,0.57,0.35,203,0,1.49,0,-1,16,0.39
APTUSDT,-1,1.9,1,TP,45,1,568,0,0,-3.61,3.84,4.05,4.05,0.68,0.29,202,0,1.66,0,-1,1,1.45
APTUSDT,1,1.9,1,TP,16,1,375,0,0,-1.9,6.56,1.25,1.25,0.36,0.18,210,0,0.89,0,1,7,0.51
APTUSDT,1,1.9,1,TP,4,3,81,0,2,-0.54,2.67,1.95,4.69,0.89,0.88,32,0,2.16,-1.94,1,2,2.85
APTUSDT,1,1.9,1,TP,3,1,415,0,0,-2.5,18.47,2.05,2.05,0.56,0.46,867,0,1.64,0,1,16,0.68
APTUSDT,-1,1.9,1,TP,7,1,92,0,0,-2.85,7.09,1.12,1.12,0.74,0.86,237,0,1.18,0,-1,13,0.8
APTUSDT,-1,-2.1,0,SL,30,1,328,0,0,-3.19,3.11,7.24,7.24,0.56,0.38,1,0,1,0,-1,14,1.6
APTUSDT,-1,1.9,1,TP,8,2,414,0,1,-0.65,2.45,0.65,1.38,0.65,1.11,46,1,1.16,0.43,-1,11,0.95
APTUSDT,1,1.9,1,TP,53,1,150,0,0,-3.55,4.04,2.47,2.47,0.76,0.58,672,0,0.81,0,1,22,1.4
APTUSDT,-1,1.9,1,TP,13,1,108,0,0,-2.91,5.7,4.15,4.15,0.75,0.8,126,1,1.69,0,-1,13,1.8
APTUSDT,-1,1.9,1,TP,92,1,420,0,0,-2.87,0.45,2.47,2.47,0.61,0.44,124,0,1.45,0,-1,19,0.72
APTUSDT,1,-2.1,0,SL,56,1,122,0,0,-3.37,3.04,2.7,2.7,0.56,0.24,76,0,1.25,0,1,17,0.93
ARBUSDT,1,1.9,1,TP,2,1,466,0,0,-3.09,4.32,2.2,2.2,1,0.48,99,0,2.29,0,1,5,1.27
ARBUSDT,-1,1.9,1,TP,29,2,624,1,0,-1.96,0.69,0.68,0.68,0.51,0.5,67,0,0.68,0.42,-1,5,0.57
ARBUSDT,1,1.9,1,TP,4,1,341,0,0,-4.81,3.91,3.38,3.38,0.77,0.32,184,0,1.14,0,1,18,2.08
ARBUSDT,1,-2.1,0,SL,29,2,97,0,1,0.34,0.65,2.74,1.04,0.38,0.42,85,1,0.9,-0.22,-1,16,0.35
ARBUSDT,1,1.9,1,TP,6,2,470,0,1,-0.32,0.67,1.81,2.32,0.36,0.31,74,1,0.83,-0.41,1,14,0.79
ARBUSDT,1,1.9,1,TP,8,1,637,0,0,-3.77,13.81,3.13,3.13,0.85,0.27,242,1,2.38,0,1,7,1.17
ARBUSDT,-1,-0.1,0,TIMEOUT,135,1,845,0,0,-2.24,1.29,0.76,0.76,0.33,0.17,1,0,0.41,0,-1,18,0.33
ARBUSDT,1,-2.1,0,SL,114,4,299,0,3,-0.38,1.96,0.69,1.11,0.29,0.21,11,0,0.58,-0.28,1,5,0.15
ARBUSDT,1,1.9,1,TP,7,1,109,0,0,-1.98,4.4,0.66,0.66,0.59,0.28,16,0,1.14,0,1,1,0.7
ARBUSDT,-1,-1.61,0,TIMEOUT,39,3,1152,0,2,0.11,1.04,0.94,1.48,0.28,0.3,224,0,0.67,-0.38,-1,16,0.34
ARBUSDT,1,1.9,1,TP,12,1,540,0,0,-2.33,5.87,1.56,1.56,0.79,0.68,106,0,2.22,0,1,0,1.28
ARBUSDT,1,1.9,1,TP,3,1,1192,0,0,-3.84,4.36,2.47,2.47,0.98,0.46,18,0,1.18,0,1,19,2.39
ARBUSDT,1,-2.1,0,SL,6,4,768,0,3,0.06,11.33,1.15,0.68,0.7,0.47,341,0,2.09,-0.67,1,20,0.9
ARBUSDT,1,-2.1,0,SL,12,2,824,0,1,-0.16,8.42,1.04,0.99,0.68,0.48,399,0,0.61,-0.13,1,10,0.56
ARBUSDT,1,1.9,1,TP,1,1,124,0,0,-2.01,2.98,0.95,0.95,0.83,0.79,76,0,2.31,0,1,17,1.02
ARBUSDT,-1,-2.1,0,SL,1,1,159,0,0,-3.86,6.95,4.29,4.29,1.61,1.06,194,0,2.67,0,-1,23,2.73
ARBUSDT,1,1.9,1,TP,5,1,589,0,0,-3.69,5.24,2.11,2.11,0.65,0.66,36,0,0.66,0,1,15,0.73
ARBUSDT,-1,1.9,1,TP,7,4,177,0,3,-0.14,10.81,0.8,0.63,0.64,0.24,499,0,1.98,-0.77,-1,0,0.37
ARBUSDT,1,1.9,1,TP,7,4,249,0,3,1.01,2.57,1.05,4.26,0.93,0.24,331,0,1.45,-2.55,1,11,3.07
ARBUSDT,-1,1.9,1,TP,8,4,191,3,0,-2.38,0.63,1.21,1.21,0.61,1.24,117,0,1.78,1.31,-1,6,1.19
ARBUSDT,-1,1.9,1,TP,8,3,281,0,2,-0.41,0.51,0.75,0.98,0.4,0.52,186,0,0.93,-0.11,-1,3,0.44
ARBUSDT,-1,1.9,1,TP,19,1,255,0,0,-2.88,3.91,1.14,1.14,0.75,0.67,258,0,1.14,0,-1,15,1.12
ARBUSDT,1,1.9,1,TP,20,1,143,0,0,-4.89,13.39,4.13,4.13,0.5,0.65,172,0,0.96,0,1,7,0.71
ARBUSDT,-1,-2.1,0,SL,98,4,354,0,3,-0.68,1.34,0.95,1.02,0.46,0.44,76,0,1.45,-0.29,-1,1,0.52
ARBUSDT,-1,1.9,1,TP,11,1,270,0,0,-1.2,2.78,0.81,0.81,0.56,0.21,25,0,1.03,0,-1,4,0.81
ARBUSDT,1,1.9,1,TP,45,2,667,0,1,0.15,3.24,0.39,0.63,0.78,0.51,96,0,1.94,-0.56,1,19,0.77
ARBUSDT,1,1.9,1,TP,20,1,942,0,0,-2.59,0.59,1.17,1.17,0.71,0.41,178,0,0.74,0,1,16,0.49
ARBUSDT,-1,1.9,1,TP,14,1,1318,0,0,-2.54,3.56,1.86,1.86,1.16,0.37,68,0,2.28,0,-1,15,1.31
ARBUSDT,1,1.9,1,TP,50,1,275,0,0,-2.99,5.16,0.78,0.78,0.59,0.29,21,0,0.31,0,1,18,0.54
ARBUSDT,-1,1.9,1,TP,6,1,1049,0,0,-1.62,1.8,0.45,0.45,0.93,0.82,48,1,1.21,0,-1,19,0.68
ARBUSDT,1,-2.1,0,SL,41,2,372,0,1,-0.15,2.36,0.52,0.41,0.47,0.27,91,0,0.47,-0.11,1,5,0.31
ARBUSDT,1,1.9,1,TP,4,1,115,0,0,-3.11,3.18,1.63,1.63,0.63,0.23,291,0,0.48,0,1,23,1.04
ARBUSDT,1,1.9,1,TP,19,1,677,0,0,-2.77,2.88,1.13,1.13,0.66,0.36,37,0,1.12,0,1,20,0.73
ARBUSDT,1,1.9,1,TP,33,1,817,0,0,-2.99,2.1,3.19,3.19,0.53,0.63,133,0,0.87,0,1,7,1.28
ARBUSDT,1,1.9,1,TP,32,2,551,0,1,-0.25,15.6,0.65,1.17,0.44,0.38,738,0,0.6,-0.21,1,10,0.45
ARBUSDT,-1,-2.1,0,SL,5,2,494,0,1,0.35,7.31,0.62,0.84,0.52,1.33,222,0,1.3,-0.31,-1,6,0.41
ARBUSDT,1,1.9,1,TP,41,3,1268,0,2,-1.05,1.22,1.24,1.5,0.76,0.54,5,0,2.03,-1.02,1,15,1.12
ARBUSDT,1,1.9,1,TP,1,1,1574,0,0,-1.58,4.83,0.62,0.62,1.15,0.51,313,0,1.5,0,1,20,1.41
ARBUSDT,-1,1.9,1,TP,9,1,657,0,0,-2.2,16,1.41,1.41,1.43,1.55,267,0,2.01,0,-1,13,1.51
ARBUSDT,-1,1.9,1,TP,3,1,79,0,0,-3.55,5.53,4.26,4.26,0.95,0.48,288,0,2.33,0,-1,8,1.76
ARBUSDT,-1,-2.1,0,SL,37,1,241,0,0,-2.15,5.11,1.31,1.31,1.29,0.82,31,0,4.01,0,-1,0,1.99
ARBUSDT,-1,1.9,1,TP,13,3,424,0,2,-0.4,1.69,0.56,1.26,0.64,0.66,41,0,1.7,-0.16,-1,22,0.68
ARBUSDT,-1,1.9,1,TP,3,1,811,0,0,-4.35,7.43,7.09,7.09,0.67,0.69,430,0,1.18,0,-1,23,1.82
ARBUSDT,-1,1.9,1,TP,11,1,981,0,0,-0.88,18.87,0.29,0.29,0.77,0.75,600,0,2.25,0,-1,17,0.51
ARBUSDT,-1,-2.1,0,SL,22,3,407,0,2,0.13,5.83,0.7,0.98,1.08,1.95,297,0,2.26,-1.27,-1,1,1.44
ARBUSDT,1,1.9,1,TP,20,2,110,0,1,-0.25,2.02,0.77,0.75,0.73,0.45,136,0,2.22,0.2,1,12,0.76
ARBUSDT,-1,1.9,1,TP,7,1,206,0,0,-0.73,9.22,1.21,1.21,0.63,0.42,241,0,0.72,0,-1,1,0.53
ARBUSDT,-1,1.9,1,TP,23,1,78,0,0,-1.11,2.73,0.52,0.52,0.49,1.36,350,0,1.54,0,-1,4,0.36
ARBUSDT,-1,1.9,1,TP,26,2,1176,0,1,-0.79,13.46,0.54,1.47,1.19,0.68,459,0,2.37,0.04,-1,18,1.43
ARBUSDT,1,-2.1,0,SL,2,4,382,0,3,-0.19,10.71,1.04,1.22,0.73,0.23,273,0,1.62,-1.31,1,19,0.97
ARBUSDT,1,1.9,1,TP,115,4,368,0,3,0.13,0.71,0.58,0.55,0.92,0.26,53,0,0.33,-0.78,1,18,0.95
ARBUSDT,1,1.9,1,TP,3,1,1266,0,0,-1.32,11.38,0.74,0.74,0.89,0.57,421,0,2.65,0,1,8,0.57
ARBUSDT,-1,-2.1,0,SL,9,2,204,0,1,-0.48,4.99,0.66,0.65,0.86,0.88,70,0,1.55,0.24,-1,19,0.49
ARBUSDT,-1,-2.1,0,SL,22,2,184,0,1,-0.65,1.02,0.93,1.01,0.79,1.1,20,1,2.38,-0.21,-1,9,0.95
ARBUSDT,-1,-2.1,0,SL,17,2,290,0,1,-0.66,2.48,0.7,0.69,0.37,0.39,37,0,0.97,-0.1,-1,19,0.39
ARBUSDT,-1,-2.1,0,SL,43,1,820,0,0,-1.45,3.47,0.95,0.95,0.4,0.19,40,0,1.21,0,-1,7,0.53
ARBUSDT,-1,-2.1,0,SL,7,4,938,0,3,-2.33,5.05,0.47,1.58,0.51,0.27,55,0,0.59,0.77,-1,12,1.36
ARBUSDT,1,1.9,1,TP,2,1,111,0,0,-1.6,5.44,1.27,1.27,0.56,0.25,138,0,0.79,0,1,13,0.54
ARBUSDT,-1,1.9,1,TP,12,1,281,0,0,-3.28,6.2,1.27,1.27,1.09,0.27,534,0,1.67,0,-1,16,1.41
ARBUSDT,1,1.9,1,TP,11,1,195,0,0,-2.37,3.18,3.98,3.98,0.44,0.68,180,0,0.92,0,1,9,0.74
ARBUSDT,-1,1.9,1,TP,34,4,714,0,3,-0.21,3.47,0.85,0.59,0.64,0.3,30,0,1.96,-0.56,-1,7,0.52
ARBUSDT,-1,1.9,1,TP,2,1,2,0,0,-4.8,5.7,23.24,23.24,0.91,0.2,152,0,2.02,0,-1,0,4.31
ARBUSDT,1,-2.1,0,SL,5,4,235,0,3,0.01,2.92,2.01,2.11,1.28,0.45,116,0,1.67,-2.71,1,20,2.25
ARBUSDT,-1,-2.1,0,SL,27,1,144,0,0,-4.94,2.33,4.38,4.38,1,0.6,101,0,1.21,0,-1,15,2.93
ARBUSDT,-1,1.9,1,TP,5,1,74,0,0,-3.19,2.43,0.61,0.61,1.33,0.51,81,0,1.79,0,-1,16,0.96
ARBUSDT,-1,-2.1,0,SL,13,4,247,0,3,0.02,0.94,0.74,0.53,0.49,0.76,85,0,1.53,-0.62,-1,11,0.41
ARBUSDT,1,-2.1,0,SL,18,4,266,0,3,-0.26,9.98,0.96,0.82,0.57,0.51,689,0,1.43,-0.6,1,5,0.61
ARBUSDT,-1,1.9,1,TP,1,2,1621,0,1,0.18,1.06,0.86,0.65,1.44,0.77,30,0,2.64,-2.75,-1,22,2.75
ARBUSDT,-1,-2.1,0,SL,37,1,189,0,0,-1.64,3.76,0.75,0.75,0.73,0.88,116,0,2.22,0,-1,6,0.77
ARBUSDT,1,1.9,1,TP,12,1,149,0,0,-2.82,3.77,2.42,2.42,0.82,0.48,93,0,1.97,0,1,4,0.87
ARBUSDT,1,1.9,1,TP,5,1,136,0,0,-1.58,0.83,3.16,3.16,0.71,0.39,112,0,1.61,0,1,0,1.38
ARBUSDT,1,1.9,1,TP,5,1,169,0,0,-2.64,7.84,1.61,1.61,0.71,0.31,356,0,0.39,0,1,20,0.93
ARBUSDT,1,-2.1,0,SL,2,4,80,0,3,0.3,-1.77,1,2.02,0.72,0.79,287,0,1.15,-1.71,1,17,1.03
ARBUSDT,1,-2.1,0,SL,29,3,400,0,2,-0.8,1.03,1.17,1.25,0.74,0.49,52,0,1.96,-0.21,1,13,1.18
ARBUSDT,-1,1.9,1,TP,7,1,77,0,0,-2.91,5.52,1.65,1.65,0.82,0.37,150,0,1.25,0,-1,13,0.67
ARBUSDT,-1,-2.1,0,SL,25,4,3,0,3,-0.08,3.18,1.46,0.76,0.7,0.36,222,0,2.12,-1.17,-1,8,0.44
ARBUSDT,-1,1.9,1,TP,1,1,600,0,0,-3.32,16.6,4.1,4.1,0.7,0.81,535,1,1.45,0,-1,13,3.16
ARBUSDT,-1,-1.75,0,TIMEOUT,120,4,481,0,3,-0.67,2.4,0.5,0.74,0.52,0.49,82,0,0.84,0.14,-1,18,0.78
OPUSDT,-1,-2.1,0,SL,2,1,139,0,0,-2.63,4.25,1,1,2.29,1.92,147,0,5.18,0,-1,2,1.15
OPUSDT,-1,1.9,1,TP,1,1,558,0,0,-2.74,4.98,1.73,1.73,2.15,2.91,250,0,5.98,0,-1,11,2.65
OPUSDT,1,1.9,1,TP,20,3,186,0,2,-0.6,1.85,0.91,0.51,1.11,0.81,206,0,0.78,-0.42,1,19,0.9
OPUSDT,-1,1.9,1,TP,5,1,1082,0,0,-1.51,1.33,1.34,1.34,1.36,1.98,2,1,3.86,0,-1,15,1.29
OPUSDT,-1,1.9,1,TP,3,1,549,0,0,-1.94,4.57,1.14,1.14,0.67,0.43,139,0,2.01,0,-1,15,0.66
OPUSDT,-1,-2.1,0,SL,59,1,704,0,0,-2.12,0.38,1.91,1.91,0.46,0.77,236,0,1.31,0,-1,10,0.59
OPUSDT,-1,1.9,1,TP,2,3,301,0,2,-0.64,2.19,1.88,2.31,1,0.96,343,0,2.9,0,-1,13,1.57
OPUSDT,-1,1.9,1,TP,31,1,681,0,0,-2.04,3.87,0.74,0.74,0.92,0.98,725,0,0.52,0,-1,12,0.63
OPUSDT,-1,-2.1,0,SL,14,2,333,0,1,0.12,0.62,0.63,0.77,0.81,0.36,50,0,2.08,-0.75,-1,6,1.07
OPUSDT,1,1.9,1,TP,6,1,469,0,0,-4.47,6.64,3.45,3.45,1.07,0.61,12,0,1.01,0,1,16,2.81
OPUSDT,-1,1.9,1,TP,1,1,393,0,0,-3.75,24,2.93,2.93,1.03,1.07,571,0,2.24,0,-1,21,2.08
OPUSDT,1,-2.1,0,SL,23,2,312,0,1,-0.53,19.4,0.71,0.51,1.18,0.37,380,0,3.28,0.57,1,1,1.18
OPUSDT,-1,1.9,1,TP,8,3,210,1,1,-0.01,4.08,0.27,0.65,1.34,0.64,323,0,2.56,0.21,-1,0,1.09
OPUSDT,-1,-2.1,0,SL,17,3,122,0,2,-0.43,12.41,0.93,1.47,0.56,0.66,1028,0,1.84,-0.49,-1,5,0.66
OPUSDT,-1,-1.854,0,TIMEOUT,30,4,371,0,3,0.21,3.46,0.66,1.23,0.37,0.49,37,0,0.31,-0.29,-1,10,0.42
OPUSDT,-1,-2.1,0,SL,1,1,319,0,0,-5.22,3.83,5.07,5.07,1.23,0.85,148,0,1.45,0,-1,1,6.56
OPUSDT,-1,1.9,1,TP,18,1,615,0,0,-1.41,14.42,1,1,0.7,0.9,444,0,2.04,0,-1,3,0.57
OPUSDT,-1,-1.198,0,TIMEOUT,59,4,307,0,3,-0.26,0.87,1.4,1.21,0.28,0.61,117,1,0.87,-0.23,-1,12,0.22
OPUSDT,-1,-2.1,0,SL,33,1,194,0,0,-1.51,2.9,0.43,0.43,1.11,0.69,202,0,2.38,0,-1,17,0.47
OPUSDT,-1,1.9,1,TP,21,1,319,0,0,-1.92,3.95,2.79,2.79,0.75,1.21,43,1,1.63,0,-1,0,1.48
OPUSDT,1,1.9,1,TP,15,2,257,0,1,0.01,1.76,0.77,1.22,0.57,0.52,54,0,1.76,-0.19,1,5,0.48
OPUSDT,1,1.9,1,TP,17,4,86,3,0,-2.35,0.3,0.76,0.76,0.43,0.51,83,0,1.33,0.53,1,9,0.38
OPUSDT,1,1.9,1,TP,5,1,533,0,0,-2.31,9.41,1.39,1.39,0.79,0.63,359,0,2.17,0,1,1,0.99
OPUSDT,1,1.9,1,TP,63,4,954,0,3,-0.02,1.81,0.6,1.01,0.38,0.28,87,0,1.17,-0.17,1,9,0.37
OPUSDT,1,1.9,1,TP,34,1,77,0,0,-2.62,5.48,0.95,0.95,0.36,0.29,155,0,1.11,0,1,7,0.21
OPUSDT,-1,1.9,1,TP,99,1,457,0,0,-0.99,3.33,0.8,0.8,0.37,0.24,69,0,1.06,0,-1,8,0.27
OPUSDT,-1,1.9,1,TP,9,4,836,0,3,0.13,1.92,0.76,0.75,0.35,0.63,113,0,1.08,-0.38,-1,7,0.19
OPUSDT,1,1.9,1,TP,7,1,345,0,0,-3.6,6.12,5.76,5.76,0.96,0.21,97,0,2.02,0,1,22,2.23
OPUSDT,1,1.9,1,TP,2,2,1056,0,1,0.02,1.64,0.84,0.75,0.83,0.93,56,0,1.67,-0.14,1,3,0.65
OPUSDT,-1,1.9,1,TP,3,1,423,0,0,-1.8,6.69,1.49,1.49,0.56,0.27,265,0,0.83,0,-1,17,1.03
OPUSDT,1,1.9,1,TP,1,1,468,0,0,-4.53,1.37,7.1,7.1,0.89,1.43,143,1,1.09,0,1,15,3.76
OPUSDT,-1,1.9,1,TP,4,1,409,0,0,-3.88,5.32,3.22,3.22,1.28,0.56,202,0,2.42,0,-1,23,3.14
OPUSDT,1,-2.1,0,SL,22,1,210,0,0,-3.78,5.31,3.69,3.69,1.06,0.89,84,0,2.48,0,1,17,2.31
OPUSDT,1,1.9,1,TP,12,2,391,0,1,1.12,3.42,0.94,4.19,0.82,0.92,264,0,1.75,-1.97,1,14,2.58
OPUSDT,1,1.9,1,TP,12,3,541,2,0,-5.46,1.98,10.42,10.42,0.63,0.76,108,0,1.42,2.86,1,3,3.01
OPUSDT,1,1.9,1,TP,12,1,668,0,0,-1.47,2.05,0.7,0.7,0.82,0.38,74,0,1.49,0,1,11,1.28
OPUSDT,1,1.9,1,TP,19,3,133,0,2,-1.01,1.02,0.4,1.16,0.71,0.28,11,0,1.71,0.24,1,21,0.74
OPUSDT,1,1.9,1,TP,4,2,301,0,1,-0.34,0.67,0.72,0.66,1.01,0.28,180,0,1.48,-0.13,1,15,0.94
OPUSDT,1,1.9,1,TP,36,4,554,0,3,0.02,1.12,0.82,0.48,0.79,0.28,431,0,1.52,-0.93,1,7,0.72
OPUSDT,1,-2.1,0,SL,1,1,832,0,0,-4.37,7,5.52,5.52,1.67,0.25,712,0,1.43,0,1,4,4.88
OPUSDT,-1,-2.1,0,SL,4,4,223,1,2,0.32,4.28,1.45,2.88,0.62,0.72,61,0,1.83,0.1,-1,1,1.24
OPUSDT,1,1.9,1,TP,6,4,120,0,3,-0.11,-1.42,2.27,1.78,0.92,0.51,449,0,2.64,-1.46,1,8,1.65
OPUSDT,1,1.9,1,TP,6,1,320,0,0,-3.77,1.01,2.34,2.34,0.87,0.5,652,0,1.21,0,1,10,1.07
OPUSDT,-1,1.9,1,TP,9,1,373,0,0,-1.42,3.73,0.91,0.91,0.42,0.37,129,0,1.24,0,-1,3,0.47
OPUSDT,1,1.9,1,TP,15,4,356,0,3,-0.09,19.28,0.65,0.79,0.59,0.84,416,1,1.81,-0.48,1,7,0.34
OPUSDT,-1,1.9,1,TP,8,1,84,0,0,-2.83,5.09,1.11,1.11,0.93,0.93,15,0,2.78,0,-1,9,0.85
OPUSDT,1,1.9,1,TP,27,2,435,0,1,-0.78,23.41,1.61,1.66,0.63,0.88,457,0,1.79,-0.13,1,1,0.84
OPUSDT,-1,1.9,1,TP,4,1,333,0,0,-3.57,11.65,2.06,2.06,0.75,0.54,335,0,1.49,0,-1,15,0.98
OPUSDT,-1,1.9,1,TP,5,1,567,0,0,-3.49,2.47,3.78,3.78,0.47,0.21,206,0,1.19,0,-1,1,0.95
OPUSDT,-1,1.9,1,TP,41,4,686,0,3,-0.17,2.71,1.95,0.89,0.69,0.21,322,0,1.74,-0.22,-1,7,0.49
OPUSDT,-1,1.9,1,TP,3,1,155,0,0,-2.3,3.04,3.76,3.76,1.21,0.53,88,0,3.34,0,-1,5,2.19
OPUSDT,-1,1.9,1,TP,49,1,514,0,0,-3.46,5.33,2.86,2.86,0.82,0.39,19,0,0.36,0,-1,3,1.54
OPUSDT,-1,1.9,1,TP,5,3,538,0,2,-0.29,2.47,0.91,0.93,0.59,0.44,145,0,1.35,-0.27,-1,15,0.48
OPUSDT,1,1.9,1,TP,8,1,1228,0,0,-2.62,4.77,1.58,1.58,0.72,0.68,363,0,1.54,0,1,14,1.01
OPUSDT,-1,1.9,1,TP,34,1,533,0,0,-2.6,3.24,0.72,0.72,0.67,0.27,282,0,0.85,0,-1,15,0.33
OPUSDT,-1,1.9,1,TP,42,4,284,0,3,-0.22,3.21,0.28,0.17,0.77,0.32,160,0,1.56,-0.28,-1,19,0.26
OPUSDT,1,1.9,1,TP,16,1,356,0,0,-3.45,3.84,2.37,2.37,0.79,0.44,173,0,1.4,0,1,18,1.56
OPUSDT,-1,-2.1,0,SL,19,4,1077,0,3,0.06,1.2,0.21,0.15,1,0.62,58,1,1.46,-0.34,-1,22,0.37
OPUSDT,1,1.9,1,TP,23,4,163,0,3,-0.58,-0.74,0.34,1.02,0.67,0.49,17,0,1.69,0.01,1,3,0.54
OPUSDT,-1,1.9,1,TP,1,1,67,0,0,-2.99,7.46,3.24,3.24,0.88,0.57,326,0,1.67,0,-1,14,1.52
OPUSDT,1,1.9,1,TP,33,1,107,0,0,-2.82,1.1,2.11,2.11,0.51,0.33,110,0,1.48,0,1,14,0.87
OPUSDT,1,1.9,1,TP,47,1,248,0,0,-3.81,4.69,2.42,2.42,0.82,0.31,84,0,1.11,0,1,3,1.27
OPUSDT,1,1.9,1,TP,1,1,474,0,0,-5.33,7.81,6.54,6.54,1.72,0.39,54,0,1.01,0,1,13,7.07
OPUSDT,1,1.9,1,TP,19,3,1282,0,2,-0.15,5.32,0.62,1.38,0.58,1.18,601,0,1.85,-0.44,1,23,0.53
OPUSDT,1,1.9,1,TP,9,1,1927,0,0,-1.27,3.63,0.7,0.7,1.36,0.94,157,1,2.77,0,1,16,1.04
OPUSDT,-1,1.9,1,TP,10,1,350,0,0,-2.55,14.07,3.33,3.33,1.47,1.1,250,0,2.36,0,-1,13,2.92
OPUSDT,-1,-2.1,0,SL,40,4,8,0,3,-0.26,3.73,0.49,0.83,0.75,0.72,20,0,2.37,-0.34,-1,3,0.77
OPUSDT,-1,1.9,1,TP,11,1,74,0,0,-1.5,4.75,0.36,0.36,0.77,0.73,89,0,1.69,0,-1,19,0.36
OPUSDT,-1,1.9,1,TP,12,1,519,0,0,-1.99,3.36,0.53,0.53,0.76,0.68,98,1,1.43,0,-1,3,0.49
OPUSDT,-1,1.9,1,TP,1,1,150,0,0,-2.45,4.06,1.76,1.76,1.76,0.75,302,0,1.98,0,-1,22,3.23
OPUSDT,-1,1.9,1,TP,13,1,256,0,0,-1.74,4.5,1.18,1.18,1.37,0.92,33,0,4.2,0,-1,1,1.72
OPUSDT,-1,1.9,1,TP,9,1,331,0,0,-1.33,3.43,0.59,0.59,0.83,0.59,31,0,2.36,0,-1,19,0.79
OPUSDT,1,1.9,1,TP,16,1,690,0,0,-1.91,5.63,1.57,1.57,0.9,0.63,432,0,0.63,0,1,10,0.85
OPUSDT,-1,-2.1,0,SL,2,1,243,0,0,-3.85,4.6,3.06,3.06,1.96,1.09,7,1,2.53,0,-1,18,4.54
OPUSDT,-1,1.9,1,TP,8,1,519,0,0,-1.14,2.83,0.76,0.76,1,0.49,43,0,0.18,0,-1,15,0.75
OPUSDT,-1,1.9,1,TP,74,1,795,0,0,-3.47,16.18,1.95,1.95,0.42,0.64,262,0,1.25,0,-1,13,0.66
OPUSDT,-1,1.9,1,TP,14,1,211,0,0,-2.36,3.87,1.25,1.25,0.64,0.73,8,2,1.9,0,-1,21,0.73
OPUSDT,-1,-2.1,0,SL,15,2,506,0,1,-0.55,1.5,1.02,1.37,0.85,0.29,57,0,2.47,-0.23,-1,14,1.1
OPUSDT,-1,-2.1,0,SL,9,4,307,0,3,-0.15,3.01,1.55,1.08,0.61,0.8,125,1,1.82,-0.38,-1,5,1.02
OPUSDT,1,1.9,1,TP,18,4,820,0,3,-0.38,14.15,1.33,1.54,1.27,0.38,575,0,2.33,-2.12,1,18,2.01
OPUSDT,1,-2.1,0,SL,45,4,1499,2,1,-0.53,1.33,0.88,0.54,1.33,0.73,392,0,2.75,1.02,1,20,1.25
OPUSDT,1,-2.1,0,SL,2,3,201,0,2,0.26,-2.8,1.05,10.14,1.23,1.19,274,0,1.04,-2.93,1,19,4.97
OPUSDT,-1,-2.1,0,SL,17,1,384,0,0,-3.01,3.51,1.78,1.78,0.81,0.49,62,0,0.47,0,-1,8,0.63
OPUSDT,-1,1.9,1,TP,13,2,637,1,0,-2.93,0.97,2.57,2.57,0.48,0.46,236,0,0.8,0.46,-1,23,0.56
OPUSDT,1,1.9,1,TP,40,1,193,0,0,-4.36,3.62,8.03,8.03,0.62,0.42,159,0,0.72,0,1,8,2.55
OPUSDT,1,-2.1,0,SL,48,1,562,0,0,-2.68,4.6,6.14,6.14,0.58,0.28,9,0,0.68,0,1,4,1.49
OPUSDT,1,1.9,1,TP,8,1,685,0,0,-1.46,3.75,1.23,1.23,0.58,0.28,132,0,0.57,0,1,11,0.82
OPUSDT,-1,1.9,1,TP,12,4,141,0,3,0.27,0.05,0.77,0.97,0.58,0.29,388,0,1.29,-0.7,-1,4,0.84
OPUSDT,-1,1.9,1,TP,10,1,284,0,0,-2.96,4.51,1.09,1.09,1.04,0.3,534,0,0.96,0,-1,16,1.13
OPUSDT,-1,1.9,1,TP,19,1,763,0,0,-1.35,3.82,1.26,1.26,1.11,0.75,81,0,2.83,0,-1,15,0.95
OPUSDT,1,1.9,1,TP,16,1,191,0,0,-2.72,11.68,3.7,3.7,0.45,0.53,278,1,0.95,0,1,9,0.75
OPUSDT,-1,-2.1,0,SL,6,3,336,0,2,-0.76,4.47,1.78,0.82,1.11,0.73,70,0,0.68,-1,-1,17,1.3
OPUSDT,1,1.9,1,TP,4,1,1,0,0,-1.41,0.72,0.59,0.59,0.96,0.69,121,0,2.87,0,1,5,0.48
OPUSDT,1,1.9,1,TP,14,2,237,0,1,-1.12,12.06,5.23,1.4,0.99,0.61,356,0,2.02,0.42,1,16,1.29
OPUSDT,1,1.9,1,TP,52,1,86,0,0,-1.21,1.01,0.48,0.48,0.77,0.46,87,0,1.38,0,1,19,0.4
OPUSDT,1,1.9,1,TP,10,1,109,0,0,-2.21,1.77,1.11,1.11,0.67,0.47,134,0,0.95,0,1,6,0.66
OPUSDT,1,1.9,1,TP,1,1,242,0,0,-3.93,4.43,4.09,4.09,0.87,0.57,3,0,1.77,0,1,15,1.3
OPUSDT,-1,-2.1,0,SL,10,1,150,0,0,-4.79,5.97,3.5,3.5,1.07,0.64,292,0,1.74,0,-1,16,1.41
OPUSDT,-1,1.9,1,TP,3,1,437,0,0,-3.42,4.92,1.1,1.1,1.26,0.62,13,0,1.75,0,-1,15,1.85
OPUSDT,1,1.9,1,TP,3,1,155,0,0,-1.18,5.35,0.46,0.46,0.66,0.32,203,0,1.15,0,1,2,0.32
OPUSDT,1,1.9,1,TP,12,4,105,0,3,-1.07,2.37,0.61,1.05,0.54,0.53,131,0,0.84,0.35,1,8,0.69
OPUSDT,-1,-2.1,0,SL,2,2,266,0,1,-0.28,9.8,0.78,0.57,1.27,0.33,339,0,2.57,-0.83,-1,18,1.39
OPUSDT,-1,1.9,1,TP,39,1,970,0,0,-2.94,2.14,1.32,1.32,0.91,0.38,1,0,0.21,0,-1,2,0.94
OPUSDT,-1,1.9,1,TP,3,4,1653,0,3,0.22,4.3,0.58,1.68,1.26,0.74,311,0,2.73,-1.07,-1,5,2.21
OPUSDT,-1,-2.1,0,SL,6,1,509,0,0,-2.99,3.32,6.86,6.86,0.97,0.56,2,0,2.3,0,-1,0,2.74
OPUSDT,1,1.9,1,TP,2,3,314,0,2,0.16,15.38,1.32,0.55,0.84,0.71,360,0,2.55,-0.55,1,8,0.47
OPUSDT,1,1.9,1,TP,11,1,238,0,0,-1.87,5.39,1.24,1.24,0.76,0.41,396,0,1.13,0,1,1,0.74
OPUSDT,-1,1.9,1,TP,11,1,731,0,0,-2.33,4.74,1.64,1.64,0.51,0.54,266,0,1.52,0,-1,5,0.99
OPUSDT,-1,1.9,1,TP,35,1,250,0,0,-3.44,3.84,1.19,1.19,0.88,1,9,2,1.04,0,-1,2,0.82
OPUSDT,-1,-2.1,0,SL,25,2,256,0,1,0.28,0.77,1.2,4.13,0.85,0.33,46,0,1.67,-1.41,-1,20,1.72
OPUSDT,-1,1.9,1,TP,4,1,138,0,0,-2.56,3.21,1.21,1.21,0.81,0.33,5,0,1.56,0,-1,13,0.8
OPUSDT,-1,1.9,1,TP,19,4,321,0,3,-0.3,3.1,1.09,1.38,0.49,0.25,47,0,0.92,-0.42,-1,9,0.5
OPUSDT,1,-2.1,0,SL,18,3,440,0,2,-0.43,1.62,1.39,2,0.78,0.54,22,0,1.86,-0.9,1,2,1.99
OPUSDT,1,1.9,1,TP,13,3,570,0,2,0.02,-0.84,1,1.31,0.88,0.93,3,0,0.85,-1.29,1,11,1.21
OPUSDT,-1,-2.1,0,SL,30,4,136,0,3,-0.21,1,6.34,3.33,0.79,0.49,8,0,2.06,-1.71,-1,14,2.17
OPUSDT,-1,-2.1,0,SL,3,3,534,0,2,-0.35,1.93,0.74,0.47,1.59,0.61,55,0,1.68,-2.52,-1,18,1.74
OPUSDT,-1,1.9,1,TP,29,1,209,0,0,-1.7,2.07,1.11,1.11,0.58,0.3,53,0,1.87,0,-1,1,0.4
OPUSDT,1,-2.1,0,SL,18,3,221,1,1,-0.57,13.07,0.71,0.39,0.59,0.47,316,0,1.44,0.47,1,18,0.38
DOTUSDT,-1,1.9,1,TP,25,3,585,2,0,-2.77,0.08,3.19,3.19,0.56,0.42,164,0,1.47,0.63,-1,0,1.16
DOTUSDT,1,1.9,1,TP,3,1,191,0,0,-3.08,2.2,7.56,7.56,0.68,0.44,139,1,1.33,0,1,9,1.65
DOTUSDT,1,1.9,1,TP,23,4,564,0,3,0.28,5.91,0.87,1.2,0.64,0.24,321,0,1.91,-0.99,1,6,0.83
DOTUSDT,-1,1.9,1,TP,14,4,258,0,3,0.12,1.01,1.08,0.95,1,0.99,68,0,2.43,-1.39,-1,12,1.39
DOTUSDT,1,1.9,1,TP,1,1,294,0,0,-2.66,3.01,5.52,5.52,0.76,1.11,115,0,2.15,0,1,6,1.08
DOTUSDT,1,1.9,1,TP,1,3,806,0,2,-0.99,3.52,1.34,1.58,2.01,1.1,54,0,3.27,-2.44,1,14,3.48
DOTUSDT,1,1.9,1,TP,10,1,286,0,0,-4,3.22,3.14,3.14,1.12,0.4,95,0,1.86,0,1,8,2.47
DOTUSDT,-1,1.9,1,TP,2,1,474,0,0,-2.06,4.62,1.18,1.18,1.75,2.6,460,0,2.04,0,-1,3,2.11
DOTUSDT,1,1.9,1,TP,6,4,129,0,3,-0.31,0.29,0.61,0.65,0.66,0.3,95,0,1.59,-0.06,1,10,0.73
DOTUSDT,-1,1.9,1,TP,4,1,315,0,0,-3.86,0.67,2,2,0.77,0.55,51,0,2.28,0,-1,19,0.87
DOTUSDT,1,1.9,1,TP,9,1,222,0,0,-3.69,4.61,2.46,2.46,0.67,0.34,136,0,1.86,0,1,7,1.97
DOTUSDT,-1,-2.1,0,SL,3,1,366,0,0,-3.06,3.83,2.61,2.61,1.31,0.77,104,0,3.14,0,-1,0,2.63
DOTUSDT,-1,1.9,1,TP,6,1,461,0,0,-1.57,4.06,0.47,0.47,1.57,0.78,199,0,3.76,0,-1,23,1.44
DOTUSDT,1,1.9,1,TP,9,1,340,0,0,-4.41,5.65,3.92,3.92,0.84,0.36,5,0,2.04,0,1,23,1.39
DOTUSDT,1,-2.1,0,SL,43,1,644,0,0,-2.74,2.75,2.44,2.44,0.65,0.42,95,0,1.86,0,1,3,1.05
DOTUSDT,1,-2.1,0,SL,33,1,420,0,0,-1.92,0.78,2.19,2.19,0.92,1.46,204,0,1.4,0,1,1,1.39
DOTUSDT,-1,1.9,1,TP,2,1,97,0,0,-2.67,3.9,0.95,0.95,1.49,1.59,7,0,3.43,0,-1,11,1.52
DOTUSDT,-1,1.9,1,TP,11,1,315,0,0,-3.05,2.94,1.68,1.68,0.9,0.54,4,0,1.35,0,-1,18,1.53
DOTUSDT,-1,1.9,1,TP,20,1,371,0,0,-2.61,1.86,0.54,0.54,0.55,0.36,172,0,1.38,0,-1,11,0.43
DOTUSDT,1,1.9,1,TP,29,1,242,0,0,-3.02,6.88,1.27,1.27,0.9,0.75,151,0,2.14,0,1,23,1.16
DOTUSDT,1,1.9,1,TP,1,1,440,0,0,-3.91,6.32,4.26,4.26,0.9,0.59,92,0,2.58,0,1,0,1.82
DOTUSDT,1,1.9,1,TP,6,1,901,0,0,-2.37,0.63,1.3,1.3,0.84,0.45,46,0,1.92,0,1,20,0.77
DOTUSDT,1,-2.1,0,SL,3,1,179,0,0,-3.99,8.43,5.26,5.26,1.12,0.75,417,0,2.64,0,1,13,2.85
DOTUSDT,1,1.9,1,TP,62,1,272,0,0,-3,1.2,2.56,2.56,0.98,0.9,172,0,1.82,0,1,4,2.38
DOTUSDT,1,1.9,1,TP,3,1,889,0,0,-2.67,3.17,0.95,0.95,1.15,0.83,92,0,1.72,0,1,14,1.16
DOTUSDT,-1,1.9,1,TP,43,1,1370,0,0,-2.73,5.99,1.38,1.38,0.67,0.45,336,0,1.44,0,-1,3,0.69
DOTUSDT,-1,1.9,1,TP,15,1,1566,0,0,-1.41,1.72,1.72,1.72,0.67,0.52,64,0,1.53,0,-1,4,0.78
DOTUSDT,1,-2.1,0,SL,4,4,374,0,3,0.24,15.89,0.84,1.92,0.78,0.43,643,0,2.1,-1.12,1,2,1.55
DOTUSDT,-1,-2.1,0,SL,18,3,284,0,2,-0.07,0.45,1.49,1.25,1.02,1.15,113,0,2.86,-0.48,-1,4,0.92
DOTUSDT,-1,1.9,1,TP,2,1,328,0,0,-4.35,1.57,5.07,5.07,0.87,0.82,154,0,0.54,0,-1,21,2.3
DOTUSDT,1,-2.1,0,SL,41,1,234,0,0,-2.4,5,1.54,1.54,0.84,0.6,18,0,1.93,0,1,3,1.13
DOTUSDT,-1,1.9,1,TP,13,3,596,2,0,-2.24,0.01,0.58,0.58,1.04,0.66,167,0,0.77,0.12,-1,20,0.51
DOTUSDT,1,1.9,1,TP,7,1,300,0,0,-0.7,12.75,0.79,0.79,0.96,1.54,388,0,1.01,0,1,19,1.17
DOTUSDT,-1,1.9,1,TP,27,1,282,0,0,-2.63,3.2,2.5,2.5,0.99,0.48,219,0,1.47,0,-1,1,2.43
DOTUSDT,1,-2.1,0,SL,46,4,852,0,3,-0.25,14.33,1.37,1.06,0.72,0.26,743,0,1.13,-0.76,1,2,0.49
DOTUSDT,-1,1.9,1,TP,12,1,480,0,0,-3.64,3.63,4.21,4.21,0.73,0.18,84,0,0.58,0,-1,23,1.81
DOTUSDT,-1,-2.1,0,SL,33,1,833,0,0,-1.92,0.88,0.86,0.86,0.73,0.32,128,0,0.3,0,-1,16,0.77
DOTUSDT,-1,1.9,1,TP,7,1,158,0,0,-3.35,2.83,4.18,4.18,0.67,0.44,77,0,1.58,0,-1,14,1.15
DOTUSDT,-1,-2.1,0,SL,5,3,509,0,2,0.26,1.51,1.87,1.86,2.15,1.38,132,0,5.63,-3.71,-1,23,3.72
DOTUSDT,1,1.9,1,TP,1,1,133,0,0,-0.75,0.68,0.39,0.39,1.89,2.63,317,0,4.27,0,1,19,1.31
DOTUSDT,1,1.9,1,TP,8,3,195,1,1,0.19,1.34,0.52,0.42,0.71,0.62,26,0,0.8,0.09,-1,0,0.39
DOTUSDT,-1,1.9,1,TP,62,1,153,0,0,-3.45,6.51,1.71,1.71,0.81,0.47,51,0,2.03,0,-1,10,0.72
DOTUSDT,-1,1.9,1,TP,3,1,331,0,0,-2.84,3.27,2.13,2.13,0.94,0.87,1,1,1.4,0,-1,12,1.53
DOTUSDT,1,-2.1,0,SL,9,2,680,0,1,0.03,2.73,1.36,1.15,0.61,0.35,173,0,1.84,-0.76,1,11,0.97
DOTUSDT,-1,1.9,1,TP,1,1,62,0,0,-1.11,3.44,0.31,0.31,0.83,0.39,95,0,2.37,0,-1,17,0.53
DOTUSDT,1,1.9,1,TP,2,1,172,0,0,-4.74,9.94,5.97,5.97,0.69,0.78,303,0,1.31,0,1,16,2.47
DOTUSDT,1,1.9,1,TP,4,1,322,0,0,-3.21,15.52,2.68,2.68,0.76,0.73,453,0,2.25,0,1,5,1.1
DOTUSDT,1,1.9,1,TP,8,1,712,0,0,-2.13,1.55,1.2,1.2,0.69,0.51,36,0,0.21,0,1,7,0.77
DOTUSDT,-1,1.9,1,TP,51,1,197,0,0,-2.67,6.34,1.33,1.33,1.01,0.55,216,0,1.71,0,-1,1,1.24
DOTUSDT,1,1.9,1,TP,4,1,371,0,0,-4.38,4.92,2.2,2.2,1.18,0.82,2,0,2.49,0,1,16,1.37
DOTUSDT,-1,1.9,1,TP,22,3,204,0,2,0.3,-0.68,1.18,0.97,0.87,0.42,202,0,0.37,-1.03,-1,1,0.93
DOTUSDT,1,-2.1,0,SL,25,1,241,0,0,-2.26,8.71,3.42,3.42,0.78,0.39,555,0,1.43,0,1,16,1.58
DOTUSDT,1,1.9,1,TP,23,4,233,0,3,-0.81,1.69,1.23,1.07,0.58,0.26,21,0,1.46,-0.25,1,0,0.73
DOTUSDT,-1,1.9,1,TP,5,1,263,0,0,-1.6,1.21,0.45,0.45,0.61,0.32,4,0,1.56,0,-1,11,0.32
DOTUSDT,1,1.9,1,TP,13,1,237,0,0,-2.86,4.42,1.91,1.91,0.54,0.48,11,1,1.11,0,1,0,1.15
DOTUSDT,1,-2.1,0,SL,1,3,469,0,2,2.65,-2.43,1.65,9.9,1.06,0.41,190,1,1.28,-4.69,1,12,5.98
DOTUSDT,-1,-0.955,0,TIMEOUT,142,1,356,0,0,-1.46,2.48,0.39,0.39,0.5,0.23,159,0,0.27,0,-1,17,0.31
DOTUSDT,1,1.9,1,TP,36,4,312,0,3,-0.52,1.25,0.83,0.32,0.47,0.14,176,0,1.26,-0.15,1,18,0.38
DOTUSDT,1,1.9,1,TP,7,1,315,0,0,-2.84,0.4,1.89,1.89,0.67,0.17,136,0,0.43,0,1,15,0.78
DOTUSDT,-1,1.9,1,TP,5,3,324,0,2,-1.17,0.59,8.01,3.48,1.3,1.06,99,0,2.6,-2.07,-1,14,3.06
DOTUSDT,-1,-2.1,0,SL,20,1,559,0,0,-2.26,2.93,1.55,1.55,1.28,1.09,336,0,1.99,0,-1,1,1.85
DOTUSDT,-1,1.9,1,TP,41,1,207,0,0,-1.53,3.85,0.91,0.91,0.39,1.06,790,0,0.97,0,-1,19,0.46
DOTUSDT,-1,1.9,1,TP,27,1,368,0,0,-2.55,4.35,3.88,3.88,0.4,0.13,11,0,0.9,0,-1,11,0.91
DOTUSDT,1,-0.189,0,TIMEOUT,55,1,480,0,0,-2.64,2.79,2.34,2.34,0.33,0.09,66,0,0.81,0,1,0,0.89
DOTUSDT,1,1.9,1,TP,46,1,731,0,0,-1.44,2.44,0.53,0.53,0.22,0.13,9,0,0.58,0,1,11,0.21
DOTUSDT,-1,1.9,1,TP,2,1,1511,0,0,-3.43,8.35,2.24,2.24,0.8,0.38,172,0,1.57,0,-1,19,1.04
DOTUSDT,-1,-2.1,0,SL,49,1,1657,0,0,-2.87,10.33,1.35,1.35,0.99,0.4,318,0,1.7,0,-1,8,0.94
DOTUSDT,-1,-2.1,0,SL,18,1,193,0,0,-2.86,4.24,1.72,1.72,1.36,0.69,91,0,1.76,0,-1,19,1.95
DOTUSDT,1,1.9,1,TP,18,3,369,0,2,0.49,5.21,0.92,0.84,0.36,0.35,143,1,1.07,-0.6,1,0,0.41
DOTUSDT,1,1.9,1,TP,72,2,145,0,1,-0.14,1.66,1.29,2.17,0.68,0.38,9,0,0.79,-0.58,1,15,1.56
DOTUSDT,1,1.9,1,TP,12,1,688,0,0,-2.91,3.99,1.16,1.16,0.33,0.32,164,0,0.86,0,1,6,0.38
DOTUSDT,-1,1.9,1,TP,11,1,470,0,0,-1.47,5.41,0.99,0.99,0.61,0.25,86,0,0.46,0,-1,14,0.7
DOTUSDT,-1,-2.1,0,SL,15,4,127,0,3,-1.25,0.55,1.17,1.86,0.42,0.71,85,1,0.99,0.23,-1,14,0.63
DOTUSDT,1,-0.675,0,TIMEOUT,93,1,230,0,0,-0.97,2.06,0.54,0.54,0.21,0.24,121,0,0.61,0,1,11,0.24
DOTUSDT,1,1.9,1,TP,23,1,408,0,0,-3.81,12.08,1.84,1.84,0.4,0.23,184,0,1.22,0,1,4,0.45
DOTUSDT,1,1.9,1,TP,7,1,58,0,0,-4.57,5.17,5.31,5.31,0.71,0.27,5,0,1.44,0,1,1,1.01
DOTUSDT,-1,1.9,1,TP,4,1,271,0,0,-1.4,0.7,0.92,0.92,0.46,0.21,0,0,1.42,0,-1,20,0.64
DOTUSDT,1,1.9,1,TP,33,1,148,0,0,-1.49,0.33,0.83,0.83,0.46,0.11,131,0,0.46,0,1,15,0.4
DOTUSDT,-1,-1.309,0,TIMEOUT,238,3,437,0,2,-1.63,2.58,9.1,2.14,0.39,0.31,34,0,0.68,-0.19,-1,15,0.83
DOTUSDT,1,1.9,1,TP,45,3,516,0,2,-0.07,6.86,1.75,2.05,0.76,0.51,193,0,1.92,-1.57,1,16,1.29
DOTUSDT,1,1.9,1,TP,115,2,779,0,1,-0.34,1.88,0.76,0.49,0.25,0.12,29,0,0.05,-0.02,1,10,0.19
DOTUSDT,1,1.9,1,TP,1,1,285,0,0,-3.71,3.02,4.54,4.54,0.91,0.52,95,0,1.04,0,1,18,2.45
DOTUSDT,1,-2.1,0,SL,18,4,1089,0,3,-0.04,3.58,0.81,0.55,0.83,0.39,154,0,2,-1.2,1,3,0.51
DOTUSDT,1,1.9,1,TP,15,1,323,0,0,-0.69,2.58,0.43,0.43,0.46,0.11,14,0,0.89,0,1,1,0.31
DOTUSDT,1,1.9,1,TP,21,1,486,0,0,-2.45,0.29,1.86,1.86,0.73,0.38,123,0,1.47,0,1,17,1.32
DOTUSDT,1,-2.1,0,SL,7,2,988,0,1,-0.96,1.48,0.72,1.4,0.68,0.51,11,0,1.83,0.12,1,23,1.14
DOTUSDT,-1,-2.1,0,SL,24,4,190,0,3,-0.06,5.12,2.46,0.69,1.09,0.85,211,1,0.92,-2.27,-1,7,0.63
DOTUSDT,-1,1.9,1,TP,13,2,101,0,1,-0.52,3.2,0.61,0.68,0.65,0.34,90,0,1.9,-0.14,-1,11,0.77
DOTUSDT,1,-2.1,0,SL,10,4,612,0,3,-0.21,9.7,0.56,0.97,0.89,0.83,446,0,1.21,-0.44,1,11,1.37
DOTUSDT,-1,1.9,1,TP,14,1,186,0,0,-1.81,3.74,3.59,3.59,0.88,1.13,36,1,2.43,0,-1,10,2.26
DOTUSDT,1,1.9,1,TP,2,1,196,0,0,-4.03,3.29,2.51,2.51,1.39,0.47,130,0,0.74,0,1,21,2.79
DOTUSDT,1,1.9,1,TP,21,1,604,0,0,-2.77,2.85,1.17,1.17,0.61,0.67,57,0,1.42,0,1,3,0.48
DOTUSDT,1,1.9,1,TP,86,1,217,0,0,-4.84,4.66,5.17,5.17,0.69,0.27,73,0,1.09,0,1,16,2.39
DOTUSDT,1,1.9,1,TP,22,1,796,0,0,-3.08,4.03,6.61,6.61,1.12,0.44,44,0,3.02,0,1,17,2.66
DOTUSDT,-1,-2.1,0,SL,2,3,304,1,1,-0.86,14.29,0.75,0.83,1.07,1.58,398,0,2.9,1.32,-1,22,1.02
DOTUSDT,-1,1.9,1,TP,30,1,334,0,0,-1.86,1.3,0.75,0.75,0.87,0.73,308,1,0.81,0,-1,7,0.79
DOTUSDT,1,-2.1,0,SL,16,4,353,0,3,-0.01,2.36,0.74,1.4,0.53,0.66,44,0,1.24,-0.76,1,9,0.82
DOTUSDT,-1,1.9,1,TP,27,1,235,0,0,-2.55,1.91,2.79,2.79,0.73,0.34,82,0,1.08,0,-1,15,1.38
DOTUSDT,-1,1.9,1,TP,54,3,592,1,1,-0.12,0.91,0.77,0.51,0.47,0.41,10,0,1.36,0.09,-1,8,0.47
DOTUSDT,1,-2.1,0,SL,21,4,259,0,3,1.66,-1.27,1.84,12.79,0.53,0.2,111,0,0.7,-1.84,1,12,2.58
DOTUSDT,-1,-2.1,0,SL,1,1,0,0,0,-8.79,9.81,33.33,33.33,1.87,0.23,136,0,4.41,0,-1,18,16.73
DOTUSDT,-1,-2.1,0,SL,30,3,249,0,2,-0.47,25.7,2.08,1.28,0.46,0.22,383,0,1.24,-0.85,-1,8,0.62
DOTUSDT,1,1.9,1,TP,11,1,174,0,0,-3.21,11.92,1.43,1.43,0.48,0.91,291,0,0.83,0,1,10,0.54
DOTUSDT,1,1.9,1,TP,78,4,340,0,3,0.03,9.45,0.43,0.58,0.64,0.27,473,0,0.94,-0.65,1,18,0.5
DOTUSDT,-1,-1.355,0,TIMEOUT,122,3,467,0,2,0,3.05,1.69,2.62,0.59,0.26,155,0,1.25,-1.44,-1,13,1.32
DOTUSDT,1,1.9,1,TP,11,3,131,1,1,0.1,1.63,0.19,0.46,0.48,0.29,47,0,1.53,0.02,-1,21,0.38
DOTUSDT,-1,-2.1,0,SL,47,1,321,0,0,-2.14,9.76,0.95,0.95,0.67,0.47,185,0,1.61,0,-1,19,0.73
DOTUSDT,1,1.9,1,TP,36,3,412,0,2,-0.59,0.65,0.62,0.95,0.42,0.16,878,0,0.96,0.09,1,22,0.43
DOTUSDT,1,1.9,1,TP,40,1,226,0,0,-3.4,5.4,0.97,0.97,0.51,0.23,25,0,0.39,0,1,4,0.56
DOTUSDT,1,-2.1,0,SL,7,3,733,0,2,0.02,2.67,0.52,0.4,1.35,0.38,20,0,1.42,-1.38,1,17,0.66
DOTUSDT,1,1.9,1,TP,9,1,180,0,0,-2.52,11.29,2.42,2.42,1.09,0.61,334,0,1.98,0,1,2,2.12
DOTUSDT,1,-2.1,0,SL,3,4,411,1,2,-1.58,16.42,0.79,1.19,1.07,0.58,563,0,2.88,2.36,1,11,1.75
DOTUSDT,1,-2.1,0,SL,3,4,518,0,3,-0.62,12.75,0.67,1.73,1.16,0.6,669,0,2.19,-0.44,1,14,1.91
DOTUSDT,1,1.9,1,TP,3,1,325,0,0,-3.57,1.48,2.43,2.43,1.53,1.13,69,0,2.83,0,1,21,3.29
DOTUSDT,1,1.9,1,TP,11,3,584,0,2,0.1,5.54,0.8,0.81,1.25,1.4,191,0,3.83,-0.66,1,13,0.97
DOTUSDT,1,1.9,1,TP,7,4,790,0,3,0.27,5.07,0.89,1.16,0.97,1.43,396,0,2.32,-1.09,1,17,0.83
DOTUSDT,-1,1.9,1,TP,18,1,329,0,0,-2.14,0.14,0.84,0.84,1.48,0.47,77,0,0.53,0,-1,14,1.8
DOTUSDT,-1,1.9,1,TP,16,3,556,0,2,0.1,-0.94,0.73,1.23,0.43,0.21,19,0,1.39,-0.59,-1,5,0.47
DOTUSDT,-1,1.9,1,TP,4,1,55,0,0,-1.05,10.74,0.43,0.43,0.81,0.46,125,0,1.92,0,-1,6,0.53
DOTUSDT,-1,-2.1,0,SL,36,1,225,0,0,-1.53,3.7,2.19,2.19,1.2,0.91,31,0,3.4,0,-1,0,2.04
DOTUSDT,-1,1.9,1,TP,13,3,408,0,2,-0.15,1.21,0.67,0.93,0.63,0.88,212,0,1.07,-0.37,-1,22,0.8
DOTUSDT,-1,1.9,1,TP,5,1,797,0,0,-3.7,6.08,1.43,1.43,0.67,0.5,11,0,1.04,0,-1,23,0.53
DOTUSDT,-1,1.9,1,TP,5,1,976,0,0,-1.29,15.89,0.72,0.72,0.73,0.54,190,0,2.18,0,-1,20,0.52
DOTUSDT,1,1.9,1,TP,7,2,290,0,1,1.29,-3.03,2.03,14.99,1.12,1.51,190,0,0.96,-2.71,1,13,4.97
DOTUSDT,-1,1.9,1,TP,39,3,156,0,2,0.04,9.19,0.4,0.52,0.84,0.39,283,0,2.27,-0.54,-1,20,0.74
DOTUSDT,1,1.9,1,TP,14,1,414,0,0,-2.57,4.43,1.62,1.62,0.65,0.34,32,0,0.72,0,1,21,0.86
DOTUSDT,1,-2.1,0,SL,34,1,628,0,0,-3.28,6.29,1.16,1.16,0.55,0.44,24,0,0.67,0,1,2,0.66
DOTUSDT,1,1.9,1,TP,6,1,920,0,0,-1.54,1.73,1.26,1.26,0.57,0.29,14,0,1.08,0,1,3,0.59
DOTUSDT,1,1.9,1,TP,12,2,124,0,1,-0.01,4.01,0.98,0.75,0.76,0.51,210,0,0.86,-0.79,1,17,0.84
DOTUSDT,-1,1.9,1,TP,12,1,211,0,0,-0.81,1.83,0.83,0.83,0.34,0.4,111,0,1.09,0,-1,10,0.25
DOTUSDT,-1,1.9,1,TP,8,1,526,0,0,-2.26,2.69,2.15,2.15,1.07,0.58,5,0,2.22,0,-1,17,2.04
DOTUSDT,1,1.9,1,TP,19,3,165,2,0,-3.28,0.67,2.56,2.56,0.75,0.38,107,0,2.08,1.41,1,16,1.05
DOTUSDT,-1,-2.1,0,SL,20,3,692,0,2,-1,3.02,1.11,3.22,0.53,0.69,296,1,1.34,-0.1,-1,18,1.26
DOTUSDT,-1,-2.1,0,SL,8,3,474,1,1,0.03,2.23,1.17,0.79,0.65,0.71,128,1,0.93,0,-1,21,0.65
DOTUSDT,1,1.9,1,TP,22,3,428,0,2,-0.91,2.72,1.21,1.18,0.58,0.68,14,0,1.75,-0.37,1,8,0.58
DOTUSDT,-1,1.9,1,TP,26,2,380,0,1,-0.3,0.76,0.4,0.47,0.52,0.53,63,0,1.14,-0.08,-1,5,0.66
DOTUSDT,-1,1.9,1,TP,13,1,213,0,0,-1.77,1.74,1.13,1.13,0.41,0.37,12,0,0.68,0,-1,23,0.32
DOTUSDT,1,1.9,1,TP,18,4,646,0,3,0.09,3.42,0.54,1.15,0.44,0.19,98,0,1.26,-0.77,1,20,0.54
DOTUSDT,1,1.9,1,TP,62,1,229,0,0,-5.18,5.5,14.72,14.72,0.58,0.2,100,0,0.3,0,1,8,2.62
DOTUSDT,1,-2.1,0,SL,67,2,455,0,1,-0.53,5.86,3.07,5.04,0.81,0.23,213,0,1.78,-0.19,1,17,1.88
DOTUSDT,1,1.9,1,TP,12,1,599,0,0,-2.26,4.27,2.31,2.31,0.51,0.23,10,0,0.59,0,1,5,0.58
DOTUSDT,-1,1.9,1,TP,7,1,276,0,0,-1.85,2.78,0.45,0.45,1.02,0.37,249,0,0.5,0,-1,17,0.74
DOTUSDT,-1,1.9,1,TP,14,2,113,0,1,0.46,2.25,0.58,0.77,0.84,1.11,47,0,1.54,-0.89,-1,6,1.17
DOTUSDT,-1,1.9,1,TP,8,1,772,0,0,-4.13,1.86,2.28,2.28,1.35,1.02,79,0,0.84,0,-1,17,2.34
DOTUSDT,-1,-2.1,0,SL,18,3,370,0,2,-0.74,4.81,1.15,1.87,0.47,0.48,100,0,1.4,0.19,-1,10,0.91
DOTUSDT,1,1.9,1,TP,2,3,390,0,2,-0.1,1.28,0.62,1.42,0.9,0.6,9,1,1.89,-0.92,1,17,1.53
DOTUSDT,-1,-2.1,0,SL,7,2,443,0,1,-0.28,0.53,1.71,1.11,0.68,0.42,3,0,1.33,-0.47,-1,15,0.83
DOTUSDT,-1,1.9,1,TP,40,1,967,0,0,-2.53,1.39,6.29,6.29,0.71,0.5,0,1,0.97,0,-1,2,1.71
DOTUSDT,-1,1.9,1,TP,5,3,1498,0,2,-0.17,-0.86,2.72,4.52,0.85,0.66,159,0,1.85,-1.2,-1,15,2.44
DOTUSDT,-1,1.9,1,TP,40,3,124,1,1,-0.79,6.75,0.38,0.75,0.57,0.24,97,0,1.8,0.55,-1,23,0.55
DOTUSDT,-1,1.9,1,TP,38,1,1366,0,0,-2.85,2.54,2.33,2.33,0.67,0.24,166,0,0.66,0,-1,1,0.89
DOTUSDT,-1,1.9,1,TP,11,4,242,0,3,-0.61,5.83,1.48,0.77,0.68,0.94,138,0,2.01,-0.43,-1,16,0.6
DOTUSDT,-1,-1.4,0,TIMEOUT,187,1,379,0,0,-3.1,1.59,2.67,2.67,0.56,0.57,342,0,0.44,0,-1,6,0.89
DOTUSDT,1,1.9,1,TP,21,1,428,0,0,-3.12,8.3,4.63,4.63,0.74,0.29,271,0,1.65,0,1,15,1.62
DOTUSDT,1,1.9,1,TP,16,3,605,0,2,-0.18,1.22,0.63,0.81,0.42,0.22,46,0,0.8,-0.29,1,12,0.52
DOTUSDT,-1,-2.1,0,SL,99,1,226,0,0,-3.66,10.83,23.44,23.44,0.69,0.49,232,0,1.13,0,-1,23,3.65
DOTUSDT,-1,-2.1,0,SL,75,2,406,0,1,0.19,17.32,0.38,0.74,0.46,0.49,411,0,1.4,-0.24,-1,20,0.41
DOTUSDT,1,1.9,1,TP,28,1,156,0,0,-3.35,0.46,2.29,2.29,0.67,0.4,137,0,0.72,0,1,22,0.81
DOTUSDT,-1,1.9,1,TP,14,1,880,0,0,-1.7,11.02,0.17,0.17,0.42,0.84,295,0,1.29,0,-1,18,0.24
FILUSDT,-1,1.9,1,TP,19,1,167,0,0,-1.88,1.45,0.75,0.75,0.16,0.1,3,0,0.44,0,-1,15,0.13
FILUSDT,-1,1.9,1,TP,102,1,282,0,0,-3.12,3.35,1.38,1.38,0.22,0.33,79,0,0.67,0,-1,20,0.13
FILUSDT,-1,1.9,1,TP,160,1,658,0,0,-1.84,2.82,0.23,0.23,0.3,0.15,35,0,0.78,0,-1,18,0.13
FILUSDT,1,1.9,1,TP,1,1,1597,0,0,-4.71,6.54,17.83,17.83,1.18,0.3,70,0,2.85,0,1,15,4.76
FILUSDT,1,1.9,1,TP,4,1,658,0,0,-5.14,1.25,4.9,4.9,1,1.28,300,0,1.91,0,1,14,2.98
FILUSDT,-1,-2.1,0,SL,15,3,190,0,2,-0.05,0.58,0.99,0.57,1.45,0.69,11,0,2.02,-1.5,-1,18,1.01
FILUSDT,1,-2.1,0,SL,30,1,363,0,0,-4.92,5.93,7.91,7.91,0.89,0.37,47,0,1.93,0,1,2,3.06
FILUSDT,-1,1.9,1,TP,1,1,1194,0,0,-2.28,2.87,2.57,2.57,3.76,4.72,3,1,3.14,0,-1,15,5.8
FILUSDT,-1,1.9,1,TP,92,1,255,0,0,-2.22,5.34,1.76,1.76,1.16,0.82,56,0,3.24,0,-1,17,2.04
FILUSDT,-1,1.9,1,TP,15,2,94,0,1,-0.65,19.55,0.72,0.82,0.58,0.85,714,0,1.74,0.21,-1,13,0.77
FILUSDT,1,1.9,1,TP,60,1,232,0,0,-3.62,8.26,4.72,4.72,0.67,0.88,232,0,1.66,0,1,23,1.34
FILUSDT,1,1.9,1,TP,2,1,428,0,0,-3.23,0.17,1.69,1.69,0.8,0.34,118,0,1.84,0,1,0,0.57
FILUSDT,1,1.9,1,TP,10,1,896,0,0,-3.44,7.42,0.81,0.81,0.44,0.2,95,0,1.1,0,1,21,0.32
FILUSDT,1,1.9,1,TP,33,3,291,0,2,-0.05,10.14,0.51,1.03,0.67,0.46,306,0,1.5,-0.47,1,16,0.65
FILUSDT,-1,1.9,1,TP,2,1,285,0,0,-1.48,13.35,1.23,1.23,1.02,2.72,282,0,2.95,0,-1,12,2.01
FILUSDT,-1,1.9,1,TP,1,1,417,0,0,-5.18,5.63,20.46,20.46,1.26,0.66,156,0,2.34,0,-1,9,6.1
FILUSDT,-1,1.9,1,TP,24,4,798,0,3,-0.92,4.56,1.02,1.72,1.19,0.79,46,0,1.99,-0.88,-1,8,1.19
FILUSDT,-1,-2.1,0,SL,14,3,961,1,1,-0.02,1.43,0.57,0.55,0.46,0.55,88,0,1.33,0.19,1,13,0.19
FILUSDT,-1,-2.1,0,SL,23,2,266,0,1,0.07,0.65,0.87,0.49,0.5,1.2,423,0,0.68,-0.22,-1,11,0.33
FILUSDT,1,1.9,1,TP,1,1,228,0,0,-1.54,4.02,0.94,0.94,0.69,0.59,39,0,0.91,0,1,13,0.73
FILUSDT,-1,1.9,1,TP,4,1,433,0,0,-1.68,10.44,1.32,1.32,0.51,0.53,277,0,1.57,0,-1,10,0.71
FILUSDT,-1,1.9,1,TP,1,1,301,0,0,-4.35,3.29,6.38,6.38,0.64,0.42,32,0,1.02,0,-1,21,2.32
FILUSDT,-1,1.9,1,TP,11,3,581,2,0,-1.74,0.17,0.64,0.64,0.75,0.72,171,0,1.83,1.13,-1,21,0.68
FILUSDT,1,1.9,1,TP,11,1,117,0,0,-4.74,3.59,8.72,8.72,0.81,0.5,53,0,1.62,0,1,7,2.06
FILUSDT,-1,1.9,1,TP,6,3,344,0,2,0.08,3.87,0.67,0.34,0.46,0.25,121,0,0.99,-0.57,-1,21,0.23
FILUSDT,-1,-2.1,0,SL,45,1,769,0,0,-2.83,17.93,2.01,2.01,0.85,0.92,551,0,1.29,0,-1,15,1.24
FILUSDT,-1,1.9,1,TP,21,1,450,0,0,-2.79,2.11,2.06,2.06,0.68,0.99,78,1,1.49,0,-1,14,1.16
FILUSDT,-1,-2.1,0,SL,1,1,869,0,0,-7.01,6.98,77.08,77.08,3.94,1.85,0,0,3.99,0,-1,23,41.05
FILUSDT,-1,-2.1,0,SL,4,1,845,0,0,-3.09,16.81,2.66,2.66,1.52,3.78,283,0,4.48,0,-1,11,1.74
FILUSDT,-1,1.9,1,TP,22,2,140,0,1,0.48,0.24,1.22,6.59,0.75,0.36,69,0,1.75,-1.49,-1,13,1.97
FILUSDT,1,1.9,1,TP,16,1,337,0,0,-1.25,1.43,2.26,2.26,0.72,0.31,2,0,1.78,0,1,22,0.84
FILUSDT,-1,-2.1,0,SL,35,2,288,0,1,0.25,-0.75,0.51,1.27,1.08,0.35,39,0,1.52,-1.19,-1,14,1.47
FILUSDT,1,-2.1,0,SL,48,4,157,0,3,-0.73,3,2.62,0.71,0.77,0.49,54,0,2.35,-0.25,1,20,0.69
FILUSDT,-1,1.9,1,TP,5,1,122,0,0,-3.97,4.2,4.08,4.08,1.37,0.59,1,0,1.28,0,-1,17,2.11
FILUSDT,1,-2.1,0,SL,3,2,366,0,1,-0.16,4,0.65,1,1,0.24,198,0,2.63,-0.12,1,23,0.97
FILUSDT,-1,1.9,1,TP,13,2,465,0,1,-0.12,1.86,0.43,0.59,0.51,0.28,14,1,1.13,-0.21,-1,12,0.45
FILUSDT,-1,-1.404,0,TIMEOUT,53,1,725,0,0,-0.71,1.78,0.56,0.56,0.35,0.29,90,0,0.34,0,-1,11,0.16
FILUSDT,1,-2.1,0,SL,121,1,119,0,0,-3.35,4.15,2.03,2.03,0.72,0.61,3,1,0.67,0,1,12,0.88
FILUSDT,1,-2.1,0,SL,97,3,319,0,2,-0.5,1.85,1.99,1.3,0.44,0.19,97,0,1.12,-0.23,1,14,0.81
FILUSDT,1,1.9,1,TP,6,1,177,0,0,-2.78,4.24,1.02,1.02,0.45,0.24,245,1,0.5,0,1,15,0.24
FILUSDT,1,1.9,1,TP,63,1,469,0,0,-2.96,12.42,1.24,1.24,0.64,0.22,537,1,1.53,0,1,16,0.67
FILUSDT,1,1.9,1,TP,28,3,339,0,2,-0.49,2.04,0.36,0.52,0.44,0.5,22,2,0.24,-0.09,1,18,0.34
FILUSDT,1,1.9,1,TP,7,1,258,0,0,-1.85,2.61,1.25,1.25,0.45,0.18,6,0,1.26,0,1,8,0.61
FILUSDT,1,-1.465,0,TIMEOUT,104,1,486,0,0,-2.35,1.74,0.82,0.82,0.34,0.15,88,0,0.14,0,1,17,0.42
FILUSDT,1,-2.1,0,SL,86,3,645,0,2,-0.15,0.75,1.94,6.24,0.5,0.18,54,0,0.83,-1.26,1,9,1.18
FILUSDT,1,1.9,1,TP,5,2,330,1,0,-3.39,0.44,2.25,2.25,0.57,0.66,102,1,0.65,0.44,1,2,0.94
FILUSDT,1,-2.1,0,SL,32,1,1090,0,0,-3.88,3.67,2.32,2.32,0.78,0.34,45,0,0.46,0,1,0,1.4
FILUSDT,-1,1.9,1,TP,16,1,413,0,0,-2.41,6.26,1.52,1.52,0.48,0.28,58,0,1.39,0,-1,9,0.57
FILUSDT,-1,1.9,1,TP,1,1,647,0,0,-3.08,3.05,1.82,1.82,1.25,0.56,194,1,1.96,0,-1,20,1.74
FILUSDT,-1,1.9,1,TP,2,1,638,0,0,-1.98,0.91,5.6,5.6,0.75,1.08,0,1,0.95,0,-1,14,2.37
FILUSDT,1,1.9,1,TP,6,1,221,0,0,-4.77,5.38,11.2,11.2,0.82,0.27,302,0,0.69,0,1,14,2.05
FILUSDT,1,1.9,1,TP,4,1,520,0,0,-3.79,5.13,2.65,2.65,0.53,0.27,108,0,0.38,0,1,17,0.6
FILUSDT,1,1.9,1,TP,3,1,479,0,0,-2.26,5.83,4.7,4.7,0.56,0.67,395,0,0.27,0,1,0,0.8
FILUSDT,-1,1.9,1,TP,26,1,279,0,0,-2.78,12.62,5.12,5.12,0.77,0.43,199,0,1.03,0,-1,14,2.58
FILUSDT,1,1.9,1,TP,3,3,100,0,2,-0.08,0.48,1.01,0.74,0.58,0.43,32,0,1.8,-0.47,1,12,0.43
FILUSDT,1,1.9,1,TP,31,2,140,0,1,0.17,0.81,1.39,1.75,0.36,0.15,26,0,0.07,-0.48,1,13,0.63
FILUSDT,-1,1.9,1,TP,18,1,995,0,0,-2.11,1.57,1.35,1.35,0.45,0.3,1,0,0.38,0,-1,13,0.36
FILUSDT,1,-0.933,0,TIMEOUT,44,4,303,0,3,0.24,0.23,0.78,0.7,0.27,0.52,121,0,0.68,-0.25,1,17,0.19
FILUSDT,1,1.9,1,TP,17,3,371,0,2,-0.26,17.47,0.93,0.54,0.37,0.45,399,3,0.39,-0.09,1,11,0.39
FILUSDT,-1,1.9,1,TP,165,2,347,0,1,-0.54,0.81,0.24,0.68,0.42,0.47,18,1,1.03,0.06,-1,4,0.44
FILUSDT,1,1.9,1,TP,13,1,985,0,0,-1.46,3.87,0.53,0.53,0.62,0.85,215,0,1.49,0,1,17,0.64
FILUSDT,1,1.9,1,TP,12,1,181,0,0,-2.1,3.63,0.79,0.79,0.61,0.34,32,0,1.09,0,1,2,0.45
FILUSDT,1,1.9,1,TP,9,1,223,0,0,-1.94,1.98,0.76,0.76,0.6,0.54,11,0,0.95,0,1,21,0.58
FILUSDT,1,1.9,1,TP,5,1,585,0,0,-1.46,1.85,1.28,1.28,0.92,0.32,176,0,2.12,0,1,16,1.23
FILUSDT,1,1.9,1,TP,8,2,905,0,1,-0.71,4.57,1.35,3.06,0.87,0.32,495,0,1.54,-0.37,1,0,1.37
FILUSDT,-1,1.9,1,TP,13,2,455,0,1,-0.62,14.72,1.27,0.67,0.48,0.48,493,0,1.4,0.26,-1,22,0.39
FILUSDT,1,1.9,1,TP,18,2,988,0,1,-0.18,1.42,0.86,0.88,0.44,0.57,85,0,1.28,-0.25,1,16,0.39
FILUSDT,-1,1.9,1,TP,6,1,558,0,0,-2.45,1.54,2.19,2.19,1.64,0.7,53,0,1.39,0,-1,17,3.02
FILUSDT,-1,1.9,1,TP,29,1,266,0,0,-4.04,4.88,3.14,3.14,0.67,0.44,682,0,0.83,0,-1,15,0.95
FILUSDT,1,1.9,1,TP,3,1,1,0,0,-1.73,8.24,1.53,1.53,0.51,0.58,298,0,1.51,0,1,14,0.6
FILUSDT,-1,1.9,1,TP,40,1,279,0,0,-1.49,5.55,0.55,0.55,0.75,0.81,46,0,0.76,0,-1,5,0.62
FILUSDT,-1,1.9,1,TP,7,2,1019,0,1,-0.3,16.13,1.07,0.53,0.49,1.96,276,0,1.64,0.02,-1,22,0.27
FILUSDT,-1,1.9,1,TP,27,1,106,0,0,-2.24,3.26,0.83,0.83,0.66,0.49,7,0,1.04,0,-1,3,0.56
FILUSDT,-1,1.9,1,TP,11,1,147,0,0,-2.6,1.4,2.29,2.29,0.66,0.48,89,0,1.78,0,-1,18,1.33
FILUSDT,1,-2.1,0,SL,52,1,253,0,0,-2.78,3.09,2.21,2.21,0.62,0.31,37,0,0.25,0,1,2,0.98
FILUSDT,1,-2.1,0,SL,26,2,105,0,1,0.06,7.75,0.53,0.69,0.67,0.46,142,1,1.97,-0.27,1,18,0.4
FILUSDT,-1,1.9,1,TP,75,1,317,0,0,-1.04,9.14,0.55,0.55,0.75,0.38,224,0,1.82,0,-1,20,0.77
FILUSDT,1,-2.1,0,SL,34,3,300,0,2,-0.8,12.2,0.53,0.9,0.52,0.44,289,0,1.55,0,1,4,0.6
FILUSDT,1,-2.1,0,SL,7,3,322,0,2,0.11,15.24,0.94,1.05,1.25,0.54,370,0,3.55,-1.26,1,11,2.03
FILUSDT,1,1.9,1,TP,12,2,536,0,1,-0.39,1.07,1.05,1.02,1.05,0.48,25,0,1.93,-0.57,1,17,1.14
FILUSDT,1,1.9,1,TP,2,1,1151,0,0,-0.87,1.09,1.1,1.1,1.49,0.87,53,0,4.32,0,1,2,2.19
FILUSDT,-1,1.9,1,TP,28,3,471,1,1,-0.32,1.57,0.61,0.86,0.45,1.05,197,0,1.25,0.19,-1,15,0.41
FILUSDT,-1,1.9,1,TP,2,2,833,1,0,-4.43,0.43,2,2,0.72,0.51,329,0,0.75,0.55,-1,23,0.82
FILUSDT,-1,1.9,1,TP,7,1,1010,0,0,-0.88,3.14,0.29,0.29,0.75,0.66,79,0,2.24,0,-1,19,0.38
FILUSDT,-1,1.9,1,TP,8,1,232,0,0,-3.53,3.71,1.62,1.62,1.47,2.14,112,0,4.35,0,-1,5,1.79
FILUSDT,-1,1.9,1,TP,14,1,463,0,0,-2.96,5.91,4.19,4.19,1.11,2.16,343,0,2.54,0,-1,15,2.09
FILUSDT,1,1.9,1,TP,5,1,132,0,0,-1.31,2.13,1.15,1.15,0.58,0.33,46,0,1.2,0,1,3,0.59
FILUSDT,1,1.9,1,TP,6,3,451,0,2,-0.24,11.76,0.5,1.11,0.67,1.02,698,0,1.73,-0.35,1,13,0.9
FILUSDT,-1,-2.1,0,SL,8,3,137,0,2,-0.3,0.33,1.31,0.79,0.78,0.33,114,0,1.78,0.11,-1,17,0.63
FILUSDT,1,1.9,1,TP,16,1,528,0,0,-2.63,4.69,0.73,0.73,0.82,0.47,20,0,0.64,0,1,17,0.98
FILUSDT,1,1.9,1,TP,31,3,1063,0,2,-0.53,13.52,0.54,0.26,0.73,0.36,422,0,1.62,-0.11,1,22,0.47
FILUSDT,-1,1.9,1,TP,41,3,363,0,2,-0.17,14.36,1.71,0.84,0.53,0.38,410,0,1.61,-0.17,-1,1,0.29
FILUSDT,-1,1.9,1,TP,7,1,83,0,0,-2.36,3.8,2.18,2.18,0.83,0.72,22,0,1.62,0,-1,6,0.6
FILUSDT,-1,1.9,1,TP,19,1,207,0,0,-2.47,1.4,1.37,1.37,0.44,0.4,237,0,0.46,0,-1,23,0.4
FILUSDT,1,-2.1,0,SL,48,3,214,2,0,-2.52,0.35,1.19,1.19,0.49,0.52,174,0,0.9,0.26,1,16,0.47
FILUSDT,1,1.9,1,TP,55,1,699,0,0,-2.06,3.82,0.67,0.67,0.43,0.47,31,0,1.06,0,1,19,0.43
FILUSDT,1,-2.1,0,SL,61,3,222,0,2,-1.42,2.74,2.5,5.27,0.82,0.29,39,0,1.68,-1.44,1,17,2.21
FILUSDT,1,-2.1,0,SL,66,1,114,0,0,-3.05,7.4,7.78,7.78,0.61,0.33,142,0,1.27,0,1,14,1.08
FILUSDT,1,-2.1,0,SL,25,1,182,0,0,-3.5,8.31,2.7,2.7,0.95,0.37,219,0,0.68,0,1,15,2.03
FILUSDT,-1,1.9,1,TP,3,1,136,0,0,-1.97,2.49,0.8,0.8,1.89,0.8,14,0,4.79,0,-1,17,1.74
FILUSDT,-1,-2.1,0,SL,18,2,464,0,1,-0.1,1.97,1.76,2.82,1.32,0.25,21,0,3.21,-1.19,-1,1,2.65
FILUSDT,-1,-2.1,0,SL,5,2,709,0,1,-0.14,1.26,1.23,1.76,1.64,0.62,188,0,2.39,-1.41,-1,15,2.53
FILUSDT,-1,1.9,1,TP,19,4,1360,0,3,-0.06,3.96,1.25,0.8,0.71,0.5,212,0,2.03,-0.31,-1,9,0.56
FILUSDT,-1,1.9,1,TP,2,1,1897,0,0,-4.85,5.98,32.59,32.59,1.16,0.47,264,0,1.84,0,-1,0,7.04
FILUSDT,-1,1.9,1,TP,13,1,442,0,0,-4.82,6.19,6.78,6.78,0.95,0.08,15,0,1.74,0,-1,15,2.55
FILUSDT,1,-2.1,0,SL,5,2,149,0,1,0.12,4.79,0.84,1.51,1.05,0.3,575,0,2.03,-1.6,1,13,1.85
FILUSDT,1,1.9,1,TP,6,1,433,0,0,-2.68,2.26,5.61,5.61,0.47,0.23,1,0,0.13,0,1,12,0.76
FILUSDT,1,1.9,1,TP,5,1,575,0,0,-2.03,16.61,0.64,0.64,0.78,0.2,143,0,2.12,0,1,23,0.6
FILUSDT,1,1.9,1,TP,46,2,729,0,1,-0.13,0.76,0.71,0.59,0.7,0.53,59,0,1.85,-0.4,1,14,0.6
FILUSDT,-1,-2.1,0,SL,4,3,1515,0,2,0.2,-1.14,1.68,1.02,1.24,0.85,175,0,1.92,-4.23,-1,19,1.51
FILUSDT,-1,1.9,1,TP,11,4,1973,0,3,-0.39,2.49,1.09,0.99,0.67,0.63,84,0,1.26,-0.42,-1,13,0.63
FILUSDT,-1,-2.1,0,SL,69,2,691,0,1,-0.19,0.4,0.46,0.41,0.58,0.35,12,0,1.48,-0.46,-1,1,0.69
FILUSDT,1,1.9,1,TP,7,2,338,0,1,0,2.05,0.51,1.13,0.65,0.45,49,0,1.32,-0.78,1,18,0.9
FILUSDT,1,1.9,1,TP,46,2,161,0,1,-1.02,3.17,1.82,1.76,0.62,0.33,19,0,1.44,-0.33,1,15,1.1
FILUSDT,1,1.9,1,TP,29,2,594,0,1,-0.09,4.1,1.69,1.67,0.46,0.31,96,0,1.41,-0.21,1,13,0.52
FILUSDT,-1,1.9,1,TP,1,1,483,0,0,-2.52,2.76,1.27,1.27,1.25,1.45,4,0,2.38,0,-1,15,1.45
FILUSDT,1,1.9,1,TP,22,1,124,0,0,-3.24,5.7,2.81,2.81,0.76,0.76,226,0,1.02,0,1,22,1.4
FILUSDT,1,-2.1,0,SL,29,2,330,0,1,-0.97,1.92,1.48,0.82,0.89,0.49,108,0,2.09,0.86,1,1,1.47
FILUSDT,-1,1.9,1,TP,8,1,109,0,0,-1.84,4.29,2.8,2.8,0.93,0.26,423,0,2,0,-1,13,1.46
FILUSDT,-1,-2.1,0,SL,23,4,685,0,3,-0.57,7.39,1.39,1.1,0.83,0.28,508,0,1.82,-0.99,-1,13,1.26
FILUSDT,1,-2.1,0,SL,16,3,357,0,2,0.06,2.19,0.69,0.27,0.63,0.5,39,2,1.27,-0.5,1,1,0.63
FILUSDT,1,-0.465,0,TIMEOUT,116,1,226,0,0,-2.01,1.4,0.35,0.35,0.38,0.14,4,0,0.18,0,1,3,0.17
FILUSDT,1,-1.47,0,TIMEOUT,76,1,370,0,0,-0.97,1.98,0.44,0.44,0.49,0.24,8,0,1.02,0,1,15,0.44
FILUSDT,1,-2.1,0,SL,21,3,586,0,2,-0.26,0.47,0.43,0.49,0.44,0.33,12,0,0.64,-0.44,1,21,0.4
FILUSDT,-1,1.9,1,TP,40,2,81,0,1,-0.06,1.59,0.47,0.61,0.43,0.3,12,0,1.35,-0.16,-1,7,0.36
LTCUSDT,1,1.9,1,TP,3,4,353,0,3,-0.39,0.95,0.8,3.39,0.89,0.4,48,0,1.41,-0.36,1,12,2.29
LTCUSDT,1,-2.1,0,SL,2,2,301,0,1,0.35,0.98,0.63,1.16,1.28,0.84,169,0,3.82,-0.96,1,15,1.8
LTCUSDT,1,-2.1,0,SL,2,1,776,0,0,-2.17,3.23,1.23,1.23,1.09,1.49,196,2,0.9,0,1,13,0.93
LTCUSDT,1,1.9,1,TP,7,2,1115,0,1,-0.29,7.82,0.6,0.64,1.15,1.02,257,0,3.48,0.04,1,2,0.85
LTCUSDT,1,-2.1,0,SL,1,2,1348,0,1,-0.78,1.85,1.02,2.09,1.86,1.77,41,0,5.03,-1.51,1,12,3.37
LTCUSDT,1,1.9,1,TP,10,3,187,0,2,-0.18,4.28,0.85,1.12,1.29,0.68,266,0,1.8,-1.25,1,13,1.65
LTCUSDT,-1,1.9,1,TP,8,3,388,0,2,-0.21,2.4,0.6,0.51,0.74,0.62,201,0,1.61,-0.63,-1,17,0.61
LTCUSDT,1,1.9,1,TP,1,1,590,0,0,-3.08,2.41,4.38,4.38,1.03,1.1,299,0,0.64,0,1,13,2.32
LTCUSDT,1,1.9,1,TP,5,2,873,0,1,-0.09,1.76,0.86,1.51,1.05,1.16,31,1,3.22,-0.68,1,11,1.35
LTCUSDT,1,1.9,1,TP,9,1,78,0,0,-2.69,1.63,0.62,0.62,0.92,0.63,540,0,2.82,0,1,1,0.38
LTCUSDT,1,1.9,1,TP,4,1,139,0,0,-1.01,6.57,1.21,1.21,0.73,0.45,386,0,2.15,0,1,0,0.82
LTCUSDT,-1,1.9,1,TP,28,1,540,0,0,-2.33,4.73,1.91,1.91,0.6,0.41,26,0,1.23,0,-1,2,0.63
LTCUSDT,-1,-2.1,0,SL,2,1,899,0,0,-3.76,6.09,2.62,2.62,0.81,0.59,33,0,1.04,0,-1,20,1.47
LTCUSDT,1,1.9,1,TP,6,1,117,0,0,-3.06,4.22,2.12,2.12,0.63,0.29,119,0,1.8,0,1,3,0.83
LTCUSDT,1,1.9,1,TP,8,1,729,0,0,-3.33,3.55,3.06,3.06,1.08,0.73,1,0,2.52,0,1,7,1.91
LTCUSDT,-1,-2.1,0,SL,1,1,453,0,0,-1.59,3.15,0.8,0.8,2.28,0.66,847,0,1.52,0,-1,22,1.4
LTCUSDT,1,1.9,1,TP,10,4,1185,0,3,1.32,11.04,1.02,2.87,1.57,1.89,489,0,3.28,-3.82,1,12,3.68
LTCUSDT,1,-2.1,0,SL,24,1,1427,0,0,-2.74,23.26,1.86,1.86,1.1,1.7,734,0,2.19,0,1,0,1.51
LTCUSDT,-1,1.9,1,TP,5,1,584,0,0,-2.4,5.83,2.1,2.1,1.95,0.71,300,0,1.93,0,-1,1,2.6
LTCUSDT,-1,-2.1,0,SL,1,1,828,0,0,-2.98,3.07,6.63,6.63,2.81,3.59,1,0,5.45,0,-1,14,8
LTCUSDT,-1,1.9,1,TP,2,1,115,0,0,-2.28,6.82,0.81,0.81,1.02,0.61,270,0,2.14,0,-1,11,1.06
LTCUSDT,-1,1.9,1,TP,7,1,327,0,0,-2.14,10.8,0.83,0.83,0.59,0.61,482,0,0.82,0,-1,16,0.54
LTCUSDT,-1,-2.1,0,SL,6,2,472,0,1,0,2.68,0.81,0.64,1.13,0.88,18,0,3.38,-1.26,-1,4,1.34
LTCUSDT,1,-2.1,0,SL,36,2,124,0,1,-0.55,1.5,0.64,1.41,0.88,0.92,23,0,2.67,-0.15,1,6,0.98
LTCUSDT,-1,1.9,1,TP,69,1,97,0,0,-3.29,7.04,1.8,1.8,0.64,1.36,132,2,1.81,0,-1,17,0.96
LTCUSDT,1,-2.1,0,SL,14,2,251,0,1,0.18,4.63,0.93,1.69,0.72,0.55,191,0,2.1,-1.22,1,0,1.36
LTCUSDT,-1,1.9,1,TP,3,1,230,0,0,-1.98,1.21,1.35,1.35,0.57,0.28,174,0,1.22,0,-1,23,0.42
LTCUSDT,-1,-2.1,0,SL,12,2,504,0,1,-0.58,2.16,0.39,1.03,0.55,0.74,241,0,1.47,0.3,-1,20,0.86
LTCUSDT,1,1.9,1,TP,4,1,227,0,0,-4.08,10.05,3.35,3.35,0.5,0.46,174,0,1.44,0,1,22,1.28
LTCUSDT,1,1.9,1,TP,10,1,889,0,0,-3.66,0.99,2.69,2.69,0.46,0.27,46,0,1.23,0,1,20,0.92
LTCUSDT,1,1.9,1,TP,11,1,443,0,0,-2.43,7.63,1.52,1.52,0.67,0.57,268,0,1.32,0,1,10,0.65
LTCUSDT,1,1.9,1,TP,30,1,239,0,0,-2.12,3.58,0.98,0.98,0.66,0.35,156,0,1.78,0,1,1,0.42
LTCUSDT,-1,1.9,1,TP,1,1,513,0,0,-3.96,4.22,2.03,2.03,1.27,0.43,107,0,0.53,0,-1,9,1.53
LTCUSDT,1,-2.1,0,SL,44,1,600,0,0,-3.97,4.2,2.86,2.86,1.28,0.41,270,0,1.45,0,1,13,2.59
LTCUSDT,1,-2.1,0,SL,31,3,905,0,2,0.26,1.52,2.22,1.28,0.7,0.52,152,0,1.69,-1.21,1,17,0.92
LTCUSDT,-1,1.9,1,TP,10,1,178,0,0,-2.89,1.89,0.67,0.67,0.88,0.45,2,0,0.52,0,-1,0,1.06
LTCUSDT,1,-2.1,0,SL,6,3,188,0,2,-0.15,0.75,0.71,0.49,0.46,0.26,244,0,0.64,-0.25,1,17,0.41
LTCUSDT,1,1.9,1,TP,6,4,464,1,2,-0.31,7.4,0.43,0.77,0.71,0.32,369,0,1.7,0.35,1,7,0.68
LTCUSDT,-1,1.9,1,TP,8,1,217,0,0,-5.8,1.91,4.12,4.12,0.79,1.13,125,1,0.36,0,-1,21,2.08
LTCUSDT,1,1.9,1,TP,7,3,194,0,2,2.22,-3.84,1.16,4.22,0.82,0.73,146,0,1.76,-3.37,1,13,2.96
LTCUSDT,1,1.9,1,TP,90,1,276,0,0,-1.6,1.75,1.17,1.17,0.48,0.21,67,0,1.2,0,1,16,0.49
LTCUSDT,1,1.9,1,TP,72,4,1083,0,3,0.2,7.05,0.79,1.07,0.37,0.56,376,0,1.06,-0.38,1,2,0.41
LTCUSDT,1,1.9,1,TP,3,4,1409,0,3,0.23,1.59,1.54,1.02,0.56,0.68,39,1,1.39,-0.66,1,12,0.8
LTCUSDT,-1,1.9,1,TP,29,3,84,0,2,0.06,2.26,0.49,0.57,0.53,0.33,281,0,0.81,-0.47,-1,16,0.76
LTCUSDT,-1,1.9,1,TP,12,2,592,1,0,-3.58,1.41,1.97,1.97,0.56,0.73,195,0,0.51,0.98,-1,23,1.34
LTCUSDT,-1,1.9,1,TP,20,1,449,0,0,-3.56,5.39,0.78,0.78,0.58,0.42,11,0,0.63,0,-1,14,0.7
LTCUSDT,-1,-2.1,0,SL,36,2,162,0,1,0.44,0.53,0.7,1.21,0.45,0.23,32,0,0.09,-0.79,-1,13,0.94
LTCUSDT,1,1.9,1,TP,15,1,143,0,0,-1.99,2.72,2.79,2.79,0.35,0.71,168,1,0.9,0,1,7,0.36
LTCUSDT,-1,-2.1,0,SL,22,1,844,0,0,-3.4,19.74,2.96,2.96,1.06,2.31,282,0,2.76,0,-1,11,1.8
LTCUSDT,-1,-1.418,0,TIMEOUT,120,1,159,0,0,-2.88,4.53,2.35,2.35,0.62,0.34,51,0,1.78,0,-1,10,0.84
LTCUSDT,1,1.9,1,TP,3,1,331,0,0,-1.09,3.02,0.58,0.58,1.13,0.95,78,0,2.27,0,1,1,0.82
LTCUSDT,-1,1.9,1,TP,15,1,336,0,0,-2.27,4.62,1.21,1.21,1.25,0.65,244,0,0.82,0,-1,7,1.31
LTCUSDT,1,1.9,1,TP,20,1,189,0,0,-2.69,3.23,0.73,0.73,0.51,0.21,3,0,1.42,0,1,18,0.3
LTCUSDT,-1,-2.1,0,SL,10,3,264,0,2,0.13,0.65,0.78,1.16,1.08,0.38,114,0,1.7,-1.36,-1,14,1.55
LTCUSDT,-1,-2.1,0,SL,6,2,356,0,1,-0.79,0.24,0.49,1.56,0.6,0.37,207,0,1.47,0.04,-1,13,0.77
LTCUSDT,-1,-2.1,0,SL,12,4,138,0,3,-0.38,3.11,0.65,0.58,0.6,0.42,97,0,1.87,-0.38,-1,3,0.44
LTCUSDT,1,1.9,1,TP,63,4,247,0,3,-0.58,4.41,0.97,0.66,0.37,0.13,38,0,0.63,-0.08,1,16,0.37
LTCUSDT,1,1.9,1,TP,28,1,225,0,0,-2.17,3.69,1.54,1.54,0.46,0.32,19,1,1.26,0,1,23,0.68
LTCUSDT,1,1.9,1,TP,8,2,78,0,1,0.08,7.67,0.71,0.76,0.7,0.64,119,0,2.08,-0.11,1,16,0.5
LTCUSDT,1,-2.1,0,SL,58,1,298,0,0,-4.37,3.84,6.11,6.11,0.56,0.22,186,0,0.41,0,1,1,1.42
LTCUSDT,-1,1.9,1,TP,122,1,369,0,0,-2.07,3.66,1.72,1.72,0.35,0.23,630,0,0.69,0,-1,16,0.64
LTCUSDT,1,1.9,1,TP,9,1,729,0,0,-2.42,5.39,0.72,0.72,0.34,0.3,207,1,0.61,0,1,14,0.32
LTCUSDT,1,1.9,1,TP,86,2,251,0,1,0.35,1.25,0.45,1.65,0.43,0.69,23,1,0.25,-0.5,1,11,0.65
LTCUSDT,1,1.9,1,TP,24,4,110,0,3,-0.1,1.65,1.22,1.28,0.81,0.73,5,0,1.08,-1.1,1,9,0.75
LTCUSDT,1,-1.394,0,TIMEOUT,70,3,342,0,2,0.06,0.42,3.89,1.39,0.37,0.32,170,0,1.07,-0.23,1,0,0.38
LTCUSDT,1,1.9,1,TP,16,1,534,0,0,-3.05,5.48,7.79,7.79,0.42,0.13,116,0,0.53,0,1,0,1.49
LTCUSDT,-1,1.9,1,TP,34,2,406,0,1,-0.02,4.66,0.73,0.74,0.32,0.22,77,0,0.98,-0.28,-1,6,0.33
LTCUSDT,-1,1.9,1,TP,39,1,318,0,0,-2.11,3.25,1.33,1.33,0.57,0.25,179,0,0.94,0,-1,2,0.53
LTCUSDT,1,-2.1,0,SL,26,4,221,0,3,-0.31,9.67,0.61,0.64,0.79,0.39,256,0,1.64,-0.21,1,18,0.53
LTCUSDT,1,1.9,1,TP,9,3,254,0,2,1.89,-2.62,0.86,3.07,1.01,0.66,147,1,1.21,-3.59,1,20,3.57
LTCUSDT,1,1.9,1,TP,2,1,241,0,0,-0.96,2.06,0.93,0.93,0.47,0.27,13,0,0.97,0,1,12,0.57
LTCUSDT,1,-2.1,0,SL,113,1,395,0,0,-2.96,4.27,2.69,2.69,0.64,0.21,91,0,1.24,0,1,3,0.7
LTCUSDT,-1,-2.1,0,SL,21,4,424,0,3,-0.08,7.14,3.25,0.68,0.61,0.41,241,1,1.24,-0.98,-1,19,0.76
LTCUSDT,-1,1.9,1,TP,3,1,474,0,0,-3.4,2.63,5.62,5.62,0.72,0.24,350,0,0.57,0,-1,3,1.81
LTCUSDT,-1,1.9,1,TP,2,1,924,0,0,-3.4,3.52,9.48,9.48,0.98,0.62,115,0,1.07,0,-1,20,5.8
LTCUSDT,1,1.9,1,TP,10,1,341,0,0,-4.34,5.94,3.14,3.14,0.53,0.15,103,0,0.64,0,1,18,1.21
LTCUSDT,1,1.9,1,TP,37,1,68,0,0,-4.65,6.86,6.9,6.9,0.59,0.24,44,0,1.27,0,1,6,1.33
LTCUSDT,-1,-2.1,0,SL,6,2,636,0,1,0.11,2.21,0.61,1.29,0.22,0.26,34,1,0.4,-0.08,-1,12,0.23
LTCUSDT,1,-2.1,0,SL,1,1,0,0,0,-8.47,8.89,14.6,14.6,0.81,0.24,42,1,1.89,0,1,14,5.38
LTCUSDT,-1,1.9,1,TP,132,3,314,0,2,-0.07,4.6,1,0.91,0.25,0.08,73,0,0.24,-0.11,-1,23,0.3
LTCUSDT,-1,1.9,1,TP,50,2,909,0,1,-4.21,4.32,4.08,34.98,0.52,0.13,0,0,0.38,2.06,-1,4,4.81
LTCUSDT,-1,1.9,1,TP,20,1,407,0,0,-2.41,0.32,4.42,4.42,0.3,0.19,173,0,0.43,0,-1,19,0.75
LTCUSDT,1,-2.1,0,SL,73,1,271,0,0,-2.82,3.89,1.92,1.92,0.72,0.51,25,0,0.53,0,1,21,0.93
LTCUSDT,1,1.9,1,TP,71,3,514,0,2,-0.15,8.36,1.8,1.2,0.29,0.52,266,0,0.87,-0.33,1,9,0.37
LTCUSDT,1,1.9,1,TP,54,4,940,0,3,-0.03,3.49,0.63,0.55,0.36,0.33,48,0,1.09,-0.43,1,20,0.23
LTCUSDT,-1,-2.1,0,SL,57,3,384,0,2,-1.22,1.45,0.53,0.49,0.53,0.19,4,0,0.47,0.34,-1,22,0.68
LTCUSDT,1,1.9,1,TP,2,1,270,0,0,-1.81,1.12,1.68,1.68,0.36,0.37,49,0,0.78,0,1,1,0.34
LTCUSDT,1,1.9,1,TP,6,4,452,0,3,0,0.54,0.66,0.64,0.43,0.21,106,0,1.1,-0.18,1,22,0.51
LTCUSDT,-1,1.9,1,TP,40,1,652,0,0,-4.33,3.96,3.74,3.74,0.38,0.41,87,1,0.54,0,-1,23,0.72
LTCUSDT,-1,-1.213,0,TIMEOUT,90,1,936,0,0,-1.16,0.05,0.37,0.37,0.53,0.7,244,0,0.72,0,-1,22,0.2
LTCUSDT,-1,1.9,1,TP,70,2,207,0,1,-0.39,1.8,1.51,1.97,0.54,0.44,41,0,1.46,-0.55,-1,12,0.92
LTCUSDT,1,-0.781,0,TIMEOUT,176,1,96,0,0,-1.99,2.73,1.28,1.28,0.24,0.31,69,0,0.73,0,1,17,0.25
LTCUSDT,1,-2.1,0,SL,92,1,402,0,0,-5.28,5.48,14.78,14.78,0.34,0.14,0,0,0.71,0,1,3,1.95
LTCUSDT,1,1.9,1,TP,2,1,321,0,0,-4.24,5.27,2.8,2.8,0.92,0.26,41,0,0.71,0,1,8,1.04
LTCUSDT,1,1.9,1,TP,3,2,216,0,1,0.14,10.99,0.58,1.3,0.44,0.3,311,0,0.49,-0.36,1,9,0.44
LTCUSDT,1,1.9,1,TP,25,1,545,0,0,-3.15,4.32,1.63,1.63,1.44,0.26,133,0,0.99,0,1,19,2.55
LTCUSDT,1,1.9,1,TP,2,1,798,0,0,-3.82,5.49,0.85,0.85,1.03,0.47,15,0,2,0,1,10,0.74
LTCUSDT,-1,-2.1,0,SL,7,3,213,0,2,-0.22,2.37,0.84,0.55,0.62,0.4,124,0,1.67,-0.29,-1,15,0.74
LTCUSDT,1,-2.1,0,SL,47,1,423,0,0,-2.04,2.64,1.02,1.02,0.45,0.19,311,0,1.01,0,1,2,0.31
LTCUSDT,1,-2.1,0,SL,12,4,407,0,3,-0.2,3.72,0.39,1.41,0.39,0.15,218,0,1.07,-0.09,1,20,0.44
LTCUSDT,-1,1.9,1,TP,23,4,313,0,3,-0.41,1.57,0.88,1.6,0.25,0.51,579,0,0.81,-0.11,-1,0,0.43
LTCUSDT,-1,-0.94,0,TIMEOUT,51,1,657,0,0,-2.98,2.79,9.19,9.19,0.28,0.21,12,0,0.5,0,-1,4,1.01
LTCUSDT,1,-2.037,0,TIMEOUT,50,4,327,0,3,-2.56,5.31,0.48,3.22,0.34,0.21,241,0,0.89,0.69,1,1,1.03
LTCUSDT,1,1.9,1,TP,19,1,166,0,0,-4.27,5.99,3.89,3.89,0.41,0.19,11,0,0.83,0,1,2,0.86
LTCUSDT,-1,1.9,1,TP,40,1,258,0,0,-5,13.79,5.61,5.61,0.98,0.17,414,0,1.8,0,-1,15,2.16
LTCUSDT,-1,1.9,1,TP,11,1,742,0,0,-1.28,3.69,0.68,0.68,0.91,0.46,48,0,1.54,0,-1,16,0.86
LTCUSDT,1,1.9,1,TP,30,3,380,0,2,0.01,0.83,0.57,0.81,0.83,0.26,25,0,0.71,-0.34,1,17,0.7
LTCUSDT,-1,-2.1,0,SL,11,3,276,0,2,-0.77,1.71,0.45,1.09,0.41,0.29,80,0,0.47,-0.1,-1,15,0.43
LTCUSDT,1,1.9,1,TP,24,3,232,0,2,0.19,0.32,1.43,0.8,0.24,0.11,143,0,0.76,-0.2,1,10,0.17
LTCUSDT,-1,1.9,1,TP,2,1,141,0,0,-2.94,8.96,3.89,3.89,0.53,0.17,173,0,1,0,-1,14,1.2
LTCUSDT,1,1.9,1,TP,58,1,139,0,0,-3.89,4.89,2.24,2.24,0.37,0.15,16,0,1.09,0,1,2,0.6
LTCUSDT,-1,-2.1,0,SL,43,3,503,0,2,-0.17,1.48,1.05,2.28,0.54,0.52,126,0,1.25,-0.82,-1,14,1.29
LTCUSDT,1,-2.1,0,SL,2,1,1143,0,0,-4.35,11.11,3.16,3.16,1.17,1.24,329,0,2.68,0,1,3,2.69
LTCUSDT,1,-2.1,0,SL,3,4,525,0,3,-0.3,13.07,0.94,0.83,1.69,0.48,322,0,2.92,-0.4,1,0,1.88
LTCUSDT,-1,-1.955,0,TIMEOUT,21,4,402,0,3,0.4,2.78,0.89,0.64,0.4,1.47,103,1,1.15,-0.73,-1,20,0.62
LTCUSDT,-1,1.9,1,TP,51,3,472,0,2,-0.52,3.32,1.05,0.74,0.35,1.47,174,1,1.06,0.09,-1,13,0.32
LTCUSDT,-1,1.9,1,TP,27,2,152,0,1,-0.42,5.46,0.96,1.18,0.55,0.72,81,0,1.4,-0.24,-1,0,0.68
LTCUSDT,-1,1.9,1,TP,5,1,276,0,0,-2.33,6.68,1.13,1.13,1.22,0.76,206,0,1.93,0,-1,7,1.14
LTCUSDT,-1,1.9,1,TP,24,1,822,0,0,-1.64,45.59,1.37,1.37,0.55,0.88,752,0,1.66,0,-1,0,0.74
LTCUSDT,-1,1.9,1,TP,36,2,1235,0,1,-0.3,10.43,0.92,0.94,0.53,0.8,279,0,1.63,-0.43,-1,7,0.62
LTCUSDT,1,1.9,1,TP,87,4,339,0,3,0.03,0.1,1.61,0.61,0.31,0.21,66,0,0.74,-0.14,1,12,0.23
LTCUSDT,-1,-2.1,0,SL,19,1,464,0,0,-2.05,6.85,0.69,0.69,0.54,0.41,245,0,1.34,0,-1,2,0.56
LTCUSDT,1,1.9,1,TP,26,1,127,0,0,-1.64,9.81,0.59,0.59,0.54,0.31,166,0,1.35,0,1,3,0.35
LTCUSDT,1,1.9,1,TP,8,1,165,0,0,-1.99,3.41,2.54,2.54,0.46,0.16,120,0,1.38,0,1,13,0.8
LTCUSDT,-1,1.9,1,TP,26,1,213,0,0,-1.63,4.4,1.3,1.3,0.55,0.6,243,0,1.69,0,-1,13,0.61
LTCUSDT,-1,-2.1,0,SL,87,1,480,0,0,-3.82,3.4,3.34,3.34,0.83,0.84,2,0,1.73,0,-1,7,1.27
LTCUSDT,-1,-1.639,0,TIMEOUT,83,3,183,0,2,-0.38,2.83,0.43,0.76,0.41,0.67,166,0,1.1,-0.52,-1,18,0.4
LTCUSDT,-1,1.9,1,TP,6,1,289,0,0,-2.81,5.99,1.32,1.32,0.46,0.68,735,0,0.86,0,-1,15,0.55
LTCUSDT,1,1.9,1,TP,1,1,989,0,0,-6.41,7.26,14.59,14.59,1.03,0.33,63,0,1.56,0,1,19,5.52
LTCUSDT,-1,-2.1,0,SL,53,3,155,0,2,0.05,6.52,0.23,0.34,0.75,0.54,443,0,2.06,-0.21,-1,19,0.81
LTCUSDT,-1,1.9,1,TP,17,1,420,0,0,-2.85,8.98,2.14,2.14,0.57,0.54,710,0,0.57,0,-1,13,0.96
LTCUSDT,1,1.9,1,TP,41,3,625,0,2,-0.26,1.44,0.53,0.74,0.8,0.22,86,0,1.16,-0.95,1,16,0.7
LTCUSDT,1,1.9,1,TP,13,1,813,0,0,-3.21,0.62,1.71,1.71,0.67,0.2,159,0,0.46,0,1,15,0.9
LTCUSDT,-1,1.9,1,TP,4,1,331,0,0,-3.23,5.52,5.14,5.14,0.51,0.19,29,0,0.43,0,-1,2,1.11
LTCUSDT,1,1.9,1,TP,38,2,145,0,1,0.04,1.11,0.47,0.79,0.32,0.22,53,0,0.75,-0.32,1,3,0.37
LTCUSDT,1,1.9,1,TP,42,1,334,0,0,-1.24,4.22,0.37,0.37,0.2,0.12,66,0,0.49,0,1,2,0.12
LTCUSDT,1,1.9,1,TP,13,1,665,0,0,-3.2,3.06,2.85,2.85,0.31,0.29,2,0,0.17,0,1,13,0.58
LTCUSDT,-1,1.9,1,TP,20,1,204,0,0,-4.56,5.3,5.52,5.52,0.48,0.1,167,0,0.77,0,-1,0,1.12
LTCUSDT,-1,1.9,1,TP,34,3,499,0,2,-0.23,3.85,1.09,2.18,0.42,0.28,79,0,1.1,-0.32,-1,2,0.88
LTCUSDT,1,1.9,1,TP,11,1,586,0,0,-2.6,6.95,1.09,1.09,0.28,0.17,259,0,0.8,0,1,23,0.23
LTCUSDT,1,1.9,1,TP,50,2,404,0,1,-0.26,3.48,1.42,1.4,0.54,0.34,119,1,0.42,-0.65,1,17,0.97
LTCUSDT,-1,1.9,1,TP,29,4,243,0,3,0.48,2.54,1.44,0.82,0.59,0.64,47,1,1.78,-1.05,-1,7,0.57
LTCUSDT,-1,1.9,1,TP,3,1,376,0,0,-3.66,9.11,2.66,2.66,0.95,0.68,183,1,1.82,0,-1,16,1.48
LTCUSDT,-1,1.9,1,TP,8,1,431,0,0,-3.57,1.43,2.57,2.57,0.7,0.27,78,0,1.18,0,-1,15,0.9
LTCUSDT,-1,-1.656,0,TIMEOUT,70,3,191,0,2,-0.31,0.34,0.54,0.4,0.42,0.41,74,2,0.27,-0.07,-1,17,0.35
LTCUSDT,-1,1.9,1,TP,7,1,643,0,0,-0.95,0.99,0.87,0.87,0.68,0.45,110,0,1.16,0,-1,1,0.51
LTCUSDT,-1,-2.1,0,SL,66,2,1374,0,1,0.49,4.06,0.46,0.89,0.78,0.8,368,1,1.44,-0.96,-1,19,1.14
LTCUSDT,-1,1.9,1,TP,27,2,301,0,1,-0.63,3.44,0.42,0.89,0.25,0.11,47,0,0.67,-0.02,-1,17,0.25
LTCUSDT,-1,1.9,1,TP,13,1,637,0,0,-2.74,3.59,1.79,1.79,0.45,0.24,3,0,0.57,0,-1,1,0.7
LTCUSDT,1,1.9,1,TP,5,1,336,0,0,-3.29,8.01,6.29,6.29,0.4,0.07,234,0,0.29,0,1,22,0.99
LTCUSDT,1,-0.357,0,TIMEOUT,150,1,504,0,0,-1.55,8.62,1.05,1.05,0.36,0.07,402,0,0.25,0,1,16,0.4
LTCUSDT,1,1.9,1,TP,50,3,126,0,2,-0.49,4.08,1.25,0.28,0.3,0.11,206,0,0.54,-0.11,1,15,0.2
LTCUSDT,1,-1.483,0,TIMEOUT,14,4,310,0,3,-0.34,1.99,0.78,2.63,0.29,0.19,55,0,0.87,-0.37,1,13,0.3
LTCUSDT,1,1.9,1,TP,9,1,416,0,0,-2.29,2.97,2.27,2.27,0.44,0.19,164,0,0.73,0,1,16,0.54
LTCUSDT,-1,-1.202,0,TIMEOUT,99,1,87,0,0,-3.65,5.77,3.24,3.24,0.4,0.31,11,1,0.75,0,-1,13,0.77
LTCUSDT,-1,1.9,1,TP,201,1,800,0,0,-2.56,1.6,1.29,1.29,0.28,0.47,74,1,0.17,0,-1,15,0.28