symbol,S,time,pnl,exitType,fastCycleLen,entryVsZone,pullDepth
IMXUSDT,-1,1645921800,1.9,TP,1,1.44,-3.57
IMXUSDT,1,1646973000,1.9,TP,2,12.51,-0.56
IMXUSDT,1,1648429200,1.9,TP,4,2.88,0
IMXUSDT,1,1648973700,1.9,TP,3,6.81,-0.3
IMXUSDT,1,1649129400,-2.1,SL,4,7.99,-0.3
IMXUSDT,-1,1649952000,1.9,TP,1,0.89,-1.21
IMXUSDT,-1,1650235500,1.9,TP,1,2.95,-2.65
IMXUSDT,-1,1650980700,1.9,TP,1,4.47,-3.72
IMXUSDT,-1,1651209300,1.9,TP,4,4.6,0.26
IMXUSDT,-1,1652509800,1.9,TP,3,11.12,-0.14
IMXUSDT,-1,1654868700,-2.1,SL,1,4.19,-2.43
IMXUSDT,1,1655987400,-2.1,SL,3,1.44,-0.01
IMXUSDT,-1,1660733100,1.9,TP,1,1.08,-1.72
IMXUSDT,-1,1662380100,-2.1,SL,4,0.34,-0.23
IMXUSDT,-1,1663537500,1.9,TP,1,3.11,-3.04
IMXUSDT,-1,1665387900,1.9,TP,1,5.36,-2.55
IMXUSDT,-1,1666626300,1.9,TP,1,2.76,-2.01
IMXUSDT,1,1666972800,-2.1,SL,1,5.36,-5.35
IMXUSDT,-1,1670608800,-1.059,TIMEOUT,2,1.81,-1.31
IMXUSDT,-1,1670798700,1.9,TP,1,3.53,-3.06
IMXUSDT,-1,1671830100,1.9,TP,2,2.22,-0.32
IMXUSDT,-1,1672113600,1.9,TP,1,4.09,-1.71
IMXUSDT,1,1672796700,1.9,TP,1,6.75,-3.34
IMXUSDT,1,1673025300,1.9,TP,1,5.67,-2.43
IMXUSDT,1,1673484300,-2.1,SL,1,19.82,-4.22
IMXUSDT,1,1674395100,1.9,TP,1,16.52,-2.45
IMXUSDT,1,1675282500,1.9,TP,1,5.92,-4.27
IMXUSDT,1,1677982500,-2.1,SL,1,0.21,-2.72
IMXUSDT,1,1679020200,1.9,TP,1,3.84,-2.17
IMXUSDT,-1,1679896800,1.9,TP,2,10.38,-0.5
IMXUSDT,1,1681303500,1.9,TP,1,2.27,-2.06
IMXUSDT,-1,1681891200,1.9,TP,1,4.04,-4.14
IMXUSDT,-1,1682267400,1.9,TP,3,0.35,0.12
IMXUSDT,1,1682598600,1.9,TP,4,1.91,-0.65
IMXUSDT,-1,1683775800,1.9,TP,1,3.48,-2.34
IMXUSDT,-1,1685083500,-2.1,SL,2,-0.78,0.39
IMXUSDT,1,1685869200,1.9,TP,1,8.55,-4.27
IMXUSDT,-1,1686366000,1.9,TP,1,2.54,-1.22
IMXUSDT,1,1687115700,-2.1,SL,2,0.04,0.07
IMXUSDT,-1,1689107400,1.9,TP,2,0.32,-0.22
IMXUSDT,1,1689579900,-2.1,SL,3,1.48,-0.27
IMXUSDT,1,1690677900,-2.1,SL,1,4.25,-3.37
IMXUSDT,1,1690848000,-2.1,SL,2,1.21,-0.67
IMXUSDT,-1,1692123300,1.9,TP,1,3.43,-2.86
IMXUSDT,-1,1693292400,-2.1,SL,1,5.4,-2.03
IMXUSDT,-1,1695717000,1.9,TP,1,4.9,-2.64
IMXUSDT,-1,1696746600,1.9,TP,4,1.96,-1.21
IMXUSDT,1,1699029900,1.9,TP,2,2.29,-0.78
IMXUSDT,1,1702659600,1.9,TP,1,7.51,-1.34
IMXUSDT,1,1703061900,1.9,TP,1,0.75,-1.45
IMXUSDT,-1,1704666600,1.9,TP,1,1.65,-2.2
IMXUSDT,-1,1704804300,1.9,TP,1,2.03,-2.86
IMXUSDT,1,1706526000,-2.1,SL,3,11.49,-0.31
IMXUSDT,1,1707129900,1.9,TP,1,7.6,-2.31
IMXUSDT,1,1708421400,1.9,TP,2,0.37,-0.09
IMXUSDT,-1,1708839900,-2.1,SL,2,23.26,-0.05
IMXUSDT,-1,1712544300,-2.1,SL,1,0.91,-2.25
IMXUSDT,-1,1714471200,1.9,TP,1,5.75,-2.05
IMXUSDT,-1,1714559400,-2.1,SL,2,0.43,-0.05
IMXUSDT,1,1714932900,1.9,TP,4,1.16,-0.07
IMXUSDT,-1,1715667300,-2.1,SL,1,7.22,-3.76
IMXUSDT,-1,1716855300,1.9,TP,1,5.46,-2.94
IMXUSDT,-1,1720339200,1.9,TP,4,22.58,0.08
IMXUSDT,-1,1721854800,1.9,TP,1,10.25,-2.18
IMXUSDT,-1,1722618000,1.9,TP,1,1.75,-0.31
IMXUSDT,-1,1724027400,1.9,TP,1,1.46,-3.33
IMXUSDT,1,1724601600,1.9,TP,4,3.65,-0.74
IMXUSDT,1,1724740200,-2.1,SL,4,3.2,0.17
IMXUSDT,-1,1725113700,1.9,TP,1,4.58,-2.95
IMXUSDT,1,1726243200,1.9,TP,1,4.01,-4.13
IMXUSDT,1,1726352100,1.9,TP,3,9.83,-0.17
IMXUSDT,1,1726925400,1.9,TP,1,6.33,-3.38
IMXUSDT,1,1727335800,1.9,TP,1,19.55,-2.03
IMXUSDT,-1,1728147600,1.9,TP,1,3.88,-1.51
IMXUSDT,-1,1728255600,-2.1,SL,2,5.22,-0.8
IMXUSDT,1,1729404900,1.9,TP,1,7.44,-3.92
IMXUSDT,1,1731130200,1.9,TP,1,13.26,-1.89
IMXUSDT,1,1732725000,1.9,TP,1,0.19,-1.45
IMXUSDT,-1,1734337800,1.9,TP,1,11.07,-1.83
IMXUSDT,-1,1734786900,-2.1,SL,1,10.78,-3.94
IMXUSDT,1,1735904700,1.9,TP,1,1.64,-3.31
IMXUSDT,-1,1737325800,1.9,TP,1,9.55,-3.09
IMXUSDT,-1,1739623500,1.9,TP,1,0.55,-1.46
IMXUSDT,1,1740933000,-2.1,SL,1,5.18,-4.43
IMXUSDT,-1,1741633200,1.9,TP,1,2.97,-1.94
IMXUSDT,1,1741956300,1.9,TP,2,2.95,-0.71
IMXUSDT,1,1742373000,1.9,TP,1,1.8,-1.16
IMXUSDT,1,1742781600,1.9,TP,1,6.4,-2.97
IMXUSDT,-1,1743552900,1.9,TP,1,24.33,-2.45
IMXUSDT,-1,1744141500,1.9,TP,1,1.25,-1.81
IMXUSDT,1,1745324100,1.9,TP,1,3.03,-3.16
IMXUSDT,1,1747035900,-2.1,SL,3,14.03,-0.85
IMXUSDT,-1,1747748700,-2.1,SL,3,4.12,-0.63
IMXUSDT,1,1749474900,1.9,TP,4,-1.35,0.18
IMXUSDT,1,1751229900,1.9,TP,1,7.2,-2.79
IMXUSDT,-1,1751909400,1.9,TP,4,3.85,-0.29
IMXUSDT,1,1752614100,1.9,TP,1,3.73,-0.49
IMXUSDT,-1,1753809300,1.9,TP,2,0.84,-0.24
IMXUSDT,-1,1756102500,1.9,TP,1,8.49,-2.19
IMXUSDT,-1,1759419900,-2.1,SL,4,9.62,0.17
IMXUSDT,-1,1759975200,1.9,TP,1,9.8,-2.1
IMXUSDT,-1,1760112000,1.9,TP,1,11.2,-3.53
IMXUSDT,-1,1761807600,1.9,TP,2,1.52,0.22
IMXUSDT,1,1762708500,1.9,TP,3,5.18,-0.07
IMXUSDT,-1,1763946000,-2.1,SL,2,2.04,-0.07
IMXUSDT,-1,1764431100,1.9,TP,2,0.89,-0.01
IMXUSDT,-1,1765417500,1.9,TP,1,3.61,-3.01
IMXUSDT,1,1766741400,-2.1,SL,1,7.04,-0.59
IMXUSDT,1,1766877300,1.9,TP,1,3.59,-2.82
IMXUSDT,-1,1768173300,-2.1,SL,4,-1.08,-1.03
IMXUSDT,-1,1769498100,1.9,TP,1,2.71,-1.87
IMXUSDT,-1,1769652000,1.9,TP,1,3.66,-1.11
IMXUSDT,1,1772169300,1.9,TP,1,3.87,-2.1
IMXUSDT,-1,1774203300,1.9,TP,1,5.98,-0.56
IMXUSDT,-1,1774761300,1.9,TP,1,0.38,-1.6
IMXUSDT,-1,1775093400,-2.1,SL,1,8.21,-4.01
IMXUSDT,-1,1775354400,1.9,TP,1,6.2,-2.1
IMXUSDT,1,1775589300,1.9,TP,1,6.46,-2.88
IMXUSDT,1,1776224700,1.9,TP,1,4.01,-1.67
IMXUSDT,1,1777100400,1.9,TP,1,2.04,-2.14
IMXUSDT,1,1778426100,1.9,TP,1,2.21,-1.11
IMXUSDT,1,1778741100,1.9,TP,1,2.52,-3.44
IMXUSDT,-1,1779192000,1.9,TP,4,-2.13,0.33
IMXUSDT,1,1779915600,-2.1,SL,3,3.1,0.22
IMXUSDT,1,1781475300,1.9,TP,1,1.19,-2.48
IMXUSDT,-1,1782161100,1.9,TP,1,2.05,-1.58
IMXUSDT,-1,1782308700,1.9,TP,1,5.36,-2.65
IMXUSDT,-1,1784146500,1.9,TP,3,5.01,-0.56
BTCUSDT,1,1609288200,1.9,TP,1,3.87,-2.66
BTCUSDT,-1,1611504900,1.9,TP,1,16.63,-2.34
BTCUSDT,1,1612787400,1.9,TP,1,8.53,-3.91
BTCUSDT,1,1613046600,1.9,TP,1,4.46,-1.98
BTCUSDT,-1,1614288600,1.9,TP,1,1.72,-1.48
BTCUSDT,1,1614759300,1.9,TP,1,9.04,-3.77
BTCUSDT,-1,1615984200,-2.1,SL,4,4.96,-0.04
BTCUSDT,-1,1616442300,1.9,TP,1,4.27,-2.68
BTCUSDT,-1,1616616900,1.9,TP,1,6.36,-4.17
BTCUSDT,1,1617008400,1.9,TP,1,11.56,-3.55
BTCUSDT,-1,1619007300,1.9,TP,4,-1.65,0.3
BTCUSDT,-1,1620835200,1.9,TP,1,1.53,-2.21
BTCUSDT,-1,1621611000,1.9,TP,1,2.99,-2.25
BTCUSDT,-1,1625590800,-2.1,SL,4,0.95,-1.71
BTCUSDT,-1,1625702400,1.9,TP,4,0.65,-2.82
BTCUSDT,1,1626030900,1.9,TP,4,0.25,-0.04
BTCUSDT,-1,1626347700,1.9,TP,1,4.01,-2.79
BTCUSDT,1,1627676100,1.9,TP,1,5.61,-4.7
BTCUSDT,1,1629682200,-1.334,TIMEOUT,1,3.89,-2.94
BTCUSDT,-1,1629954000,1.9,TP,1,3.67,-2.03
BTCUSDT,1,1631940300,-0.828,TIMEOUT,1,4.23,-3.16
BTCUSDT,1,1634518800,-2.1,SL,1,2.51,-2.77
BTCUSDT,1,1635846300,-2.1,SL,1,7.56,-4.46
BTCUSDT,-1,1638780300,1.9,TP,3,2.64,-0.68
BTCUSDT,1,1638992700,-2.1,SL,4,3.66,-0.15
BTCUSDT,1,1640281500,1.9,TP,1,4.82,-4.47
BTCUSDT,-1,1643018400,1.9,TP,1,4.5,-3.19
BTCUSDT,1,1643644800,1.9,TP,1,0.16,-2.35
BTCUSDT,-1,1647176400,1.9,TP,3,1.64,-1.01
BTCUSDT,1,1647622800,1.9,TP,1,3.56,-2.42
BTCUSDT,-1,1649632500,1.9,TP,1,0.92,-1.94
BTCUSDT,-1,1652490900,1.9,TP,4,2.71,-0.2
BTCUSDT,-1,1653552900,1.9,TP,1,3.21,-3.5
BTCUSDT,-1,1654254900,-0.8,TIMEOUT,1,5.34,-3.02
BTCUSDT,-1,1655073000,1.9,TP,1,1.56,-2.35
BTCUSDT,-1,1657729800,-2.1,SL,3,0.12,0.03
BTCUSDT,1,1658122200,1.9,TP,1,2.79,-3.97
BTCUSDT,-1,1658715300,1.9,TP,1,5.84,-2.86
BTCUSDT,1,1660346100,1.9,TP,1,3.97,-2.56
BTCUSDT,-1,1660732200,1.9,TP,1,3.59,-1.36
BTCUSDT,-1,1661158800,-2.1,SL,3,2.23,-0.27
BTCUSDT,-1,1662484500,1.9,TP,1,5.05,-4.78
BTCUSDT,-1,1664118900,-0.481,TIMEOUT,2,1.14,0.16
BTCUSDT,1,1666707300,1.9,TP,1,3.38,-3.2
BTCUSDT,1,1667221200,-2.1,SL,3,9.03,-1.15
BTCUSDT,1,1668900600,-1.196,TIMEOUT,4,1.64,-0.59
BTCUSDT,1,1670179500,1.9,TP,3,1.26,-0.6
BTCUSDT,1,1672802100,-0.188,TIMEOUT,1,5.19,-2.73
BTCUSDT,1,1673034300,1.9,TP,1,3.85,-3.23
BTCUSDT,1,1674499500,-1.21,TIMEOUT,3,0.22,-0.02
BTCUSDT,1,1676892600,-2.1,SL,3,2.69,-1.5
BTCUSDT,1,1677646800,-1.604,TIMEOUT,1,2.6,-3.32
BTCUSDT,-1,1678202100,1.9,TP,2,0.94,-1.19
BTCUSDT,-1,1679928300,-2.1,SL,1,5.32,-4.54
BTCUSDT,-1,1685934000,1.9,TP,1,3.25,-2.7
BTCUSDT,1,1686309300,-1.006,TIMEOUT,2,17.43,-0.15
BTCUSDT,-1,1686370500,1.9,TP,3,4.45,-4.83
BTCUSDT,-1,1689866100,-0.395,TIMEOUT,1,1.11,-2.47
BTCUSDT,-1,1691426700,-1.214,TIMEOUT,4,1.68,-0.45
BTCUSDT,-1,1693311300,-0.875,TIMEOUT,3,3.76,-0.06
BTCUSDT,1,1694820600,1.9,TP,1,2.01,-1.59
BTCUSDT,1,1695911400,1.9,TP,1,4.31,-3.18
BTCUSDT,1,1701403200,1.9,TP,1,3.1,-2.57
BTCUSDT,-1,1702404900,1.9,TP,3,1.4,0.4
BTCUSDT,-1,1702788300,1.9,TP,2,8.27,-0.62
BTCUSDT,1,1703065500,1.9,TP,3,2.81,-0.03
BTCUSDT,-1,1703570400,1.9,TP,1,5.01,-3.7
BTCUSDT,-1,1705501800,1.9,TP,2,0.36,0.32
BTCUSDT,1,1706546700,-1.05,TIMEOUT,1,5.15,-3.69
BTCUSDT,-1,1707159600,-1.058,TIMEOUT,4,2.34,-0.19
BTCUSDT,1,1707900300,1.9,TP,1,4.32,-5.16
BTCUSDT,1,1708437600,-2.1,SL,3,1.16,0.06
BTCUSDT,1,1708961400,1.9,TP,1,4.69,-5.12
BTCUSDT,1,1710142200,1.9,TP,1,8.09,-3.81
BTCUSDT,1,1710311400,-1.285,TIMEOUT,1,1.25,-2.08
BTCUSDT,-1,1710810900,1.9,TP,1,0.02,-2.41
BTCUSDT,-1,1712932200,1.9,TP,1,3.06,-2.34
BTCUSDT,-1,1713197700,1.9,TP,1,4.45,-2.26
BTCUSDT,-1,1713360600,1.9,TP,4,1.04,-0.2
BTCUSDT,-1,1714466700,1.9,TP,1,1.41,-4.69
BTCUSDT,-1,1715353200,-1.114,TIMEOUT,1,5.65,-4.64
BTCUSDT,-1,1718071200,1.9,TP,1,4.05,-3.93
BTCUSDT,-1,1719432000,-2.1,SL,2,1.06,-1.13
BTCUSDT,-1,1719592200,-0.579,TIMEOUT,1,2.75,-1.32
BTCUSDT,1,1721398500,1.9,TP,1,2.82,-3.46
BTCUSDT,-1,1725814800,-2.1,SL,4,10.06,0.08
BTCUSDT,1,1726703100,1.9,TP,1,2.06,-3.28
BTCUSDT,1,1728877500,1.9,TP,1,5.75,-5.07
BTCUSDT,1,1729237500,1.9,TP,3,4.29,-0.27
BTCUSDT,1,1730034900,1.9,TP,1,4.68,-3.73
BTCUSDT,-1,1730498400,1.9,TP,3,6.98,0.05
BTCUSDT,1,1732023000,1.9,TP,4,-0.8,1.31
BTCUSDT,1,1732502700,-2.1,SL,2,16.27,0.15
BTCUSDT,-1,1734837300,1.9,TP,2,24.1,0.27
BTCUSDT,-1,1735489800,1.9,TP,1,44.6,-3.1
BTCUSDT,1,1736120700,1.9,TP,4,1.11,-0.09
BTCUSDT,-1,1736754300,1.9,TP,1,1.46,-1.45
BTCUSDT,1,1737356400,-2.1,SL,1,4.13,-4.83
BTCUSDT,-1,1739113200,-1.604,TIMEOUT,2,2.72,-0.3
BTCUSDT,1,1742726700,1.9,TP,1,4.29,-2.51
BTCUSDT,1,1742920200,-1.466,TIMEOUT,3,1.05,-0.32
BTCUSDT,-1,1743769800,-2.1,SL,3,3.55,-0.37
BTCUSDT,1,1744694100,-1.788,TIMEOUT,1,4.03,-1.43
BTCUSDT,1,1745540100,1.9,TP,4,0.38,-0.44
BTCUSDT,-1,1748531700,1.9,TP,1,2.53,-1.1
BTCUSDT,1,1751184000,0.065,TIMEOUT,1,24.88,-2.21
BTCUSDT,-1,1753991100,1.9,TP,1,2.54,-2.77
BTCUSDT,1,1754493300,1.9,TP,1,0.1,-1.69
BTCUSDT,-1,1755476100,1.9,TP,1,3.24,-2.57
BTCUSDT,1,1758042900,-0.596,TIMEOUT,1,4.43,-3.68
BTCUSDT,1,1759748400,1.9,TP,3,1.93,0.44
BTCUSDT,1,1761661800,-2.1,SL,2,2.25,0.19
BTCUSDT,-1,1762622100,-1.32,TIMEOUT,2,2.38,-0.2
BTCUSDT,-1,1762963200,-2.1,SL,1,3.53,-4.54
BTCUSDT,-1,1763053200,1.9,TP,1,5.36,-2.29
BTCUSDT,-1,1763654400,1.9,TP,1,8.94,-3.71
BTCUSDT,1,1764179100,1.9,TP,1,4.06,-4.4
BTCUSDT,1,1765296000,-2.1,SL,1,6.03,-4.91
BTCUSDT,-1,1765555200,1.9,TP,1,0.87,-4.09
BTCUSDT,-1,1765811700,1.9,TP,1,8.41,-5.21
BTCUSDT,-1,1766009700,-2.1,SL,4,0.22,0.15
BTCUSDT,1,1768239000,1.9,TP,3,-0.74,0.23
BTCUSDT,-1,1769854500,1.9,TP,1,3.61,-1.29
BTCUSDT,1,1772607600,1.9,TP,1,8.29,-0.73
BTCUSDT,1,1773262800,-1.457,TIMEOUT,2,3.52,-0.03
BTCUSDT,1,1773360000,1.9,TP,4,2.18,-2.68
BTCUSDT,1,1774404900,1.9,TP,3,4.75,-0.26
BTCUSDT,1,1775599200,1.9,TP,1,2.79,-2.98
BTCUSDT,1,1776294000,1.9,TP,4,5.26,-0.12
BTCUSDT,1,1778666400,-1.259,TIMEOUT,4,6.03,0.06
BTCUSDT,1,1781473500,1.9,TP,1,5.15,-4.54
BTCUSDT,-1,1782800100,1.9,TP,2,0.6,-0.06
BTCUSDT,1,1783357200,-1.725,TIMEOUT,1,2.48,-2.7
ETHUSDT,1,1609593300,1.9,TP,1,5.22,-3.79
ETHUSDT,1,1610110800,1.9,TP,2,2.1,0.06
ETHUSDT,1,1611015300,1.9,TP,1,3.32,-1.5
ETHUSDT,-1,1614283200,1.9,TP,1,1.21,-2.01
ETHUSDT,1,1614753900,1.9,TP,1,8.57,-2.38
ETHUSDT,1,1615630500,1.9,TP,1,5.29,-4.34
ETHUSDT,-1,1616613300,1.9,TP,1,5.25,-3.68
ETHUSDT,1,1617008400,1.9,TP,1,4.74,-4.66
ETHUSDT,1,1617214500,1.9,TP,1,1.85,-2.48
ETHUSDT,1,1618302600,1.9,TP,1,2.22,-3.08
ETHUSDT,1,1620765900,1.9,TP,1,19.69,-2.12
ETHUSDT,-1,1621387800,1.9,TP,1,3.14,-2.74
ETHUSDT,-1,1621608300,-2.1,SL,1,12.33,-1.91
ETHUSDT,1,1621988100,1.9,TP,4,16.63,-0.2
ETHUSDT,-1,1623343500,1.9,TP,1,10.03,-1.64
ETHUSDT,-1,1624505400,-2.1,SL,3,14.84,-1.08
ETHUSDT,-1,1624608000,1.9,TP,1,2.39,-2.43
ETHUSDT,1,1625082300,1.9,TP,1,6.45,-3.41
ETHUSDT,-1,1625927400,-2.1,SL,4,1.62,-0.2
ETHUSDT,-1,1626089400,1.9,TP,1,1.89,-1.96
ETHUSDT,-1,1626350400,-2.1,SL,3,4.65,-2.26
ETHUSDT,1,1627080300,1.9,TP,1,8.27,-3.2
ETHUSDT,1,1627258500,1.9,TP,1,7,-3.34
ETHUSDT,1,1627678800,1.9,TP,1,5.13,-3.67
ETHUSDT,1,1627923600,-2.1,SL,4,12.95,-0.1
ETHUSDT,1,1628178300,1.9,TP,1,1.56,-0.99
ETHUSDT,1,1629063900,1.9,TP,1,4.57,-1.99
ETHUSDT,-1,1629230400,1.9,TP,1,4.41,-2.72
ETHUSDT,-1,1629955800,1.9,TP,1,4.41,-2.65
ETHUSDT,1,1630341900,1.9,TP,1,5.34,-3.9
ETHUSDT,1,1630853100,-1.814,TIMEOUT,3,5.36,0.21
ETHUSDT,1,1633527000,-2.1,SL,1,1.58,-3.47
ETHUSDT,1,1635767100,1.9,TP,3,-0.66,-0.11
ETHUSDT,1,1637836200,1.9,TP,1,0.76,-2.85
ETHUSDT,1,1638539100,-2.1,SL,3,-0.84,-0.19
ETHUSDT,1,1638984600,1.9,TP,4,1.34,-0.31
ETHUSDT,-1,1639944000,1.9,TP,4,0.68,0.06
ETHUSDT,1,1640283300,-2.1,SL,1,4.15,-5.02
ETHUSDT,1,1641295800,-2.1,SL,1,5.11,-3.05
ETHUSDT,-1,1641816000,1.9,TP,1,3.95,-2.84
ETHUSDT,1,1643643000,1.9,TP,1,8.76,-2.88
ETHUSDT,1,1649132100,-2.1,SL,3,1.96,-0.23
ETHUSDT,-1,1649631600,1.9,TP,1,0.29,-2.87
ETHUSDT,-1,1650240000,1.9,TP,1,2.13,-2.48
ETHUSDT,-1,1651496400,-2.1,SL,2,1.41,0.18
ETHUSDT,-1,1652276700,1.9,TP,3,0.67,0.07
ETHUSDT,-1,1654823700,1.9,TP,3,0.64,-0.36
ETHUSDT,-1,1656436500,1.9,TP,1,1.78,-1.99
ETHUSDT,1,1657815300,1.9,TP,1,5.83,-2.51
ETHUSDT,1,1657981800,1.9,TP,1,1.2,-1.99
ETHUSDT,-1,1660739400,1.9,TP,3,9.76,-0.35
ETHUSDT,1,1662095700,1.9,TP,4,0.94,0.08
ETHUSDT,-1,1663721100,-2.1,SL,4,1.26,0.21
ETHUSDT,-1,1665639000,1.9,TP,3,2.15,0.22
ETHUSDT,-1,1668590100,1.9,TP,1,5.57,-2.4
ETHUSDT,-1,1668940200,1.9,TP,1,6.13,-4.4
ETHUSDT,-1,1670397300,-1.549,TIMEOUT,1,5.56,-3.98
ETHUSDT,-1,1671479100,-2.1,SL,4,1.18,-0.77
ETHUSDT,-1,1672154100,1.9,TP,2,0.49,-0.34
ETHUSDT,-1,1672550100,-0.622,TIMEOUT,4,0.46,-0.01
ETHUSDT,1,1672796700,1.9,TP,1,7.19,-2.48
ETHUSDT,1,1674960300,1.9,TP,4,0.79,-0.56
ETHUSDT,-1,1677195000,1.9,TP,3,2.71,-0.13
ETHUSDT,1,1677645900,-2.1,SL,1,8.03,-4.25
ETHUSDT,-1,1678202100,1.9,TP,2,0.48,-0.56
ETHUSDT,1,1679402700,-2.1,SL,1,2.53,-4.5
ETHUSDT,-1,1679927400,1.9,TP,1,1.87,-1.98
ETHUSDT,-1,1683745200,1.9,TP,3,1.98,-0.07
ETHUSDT,-1,1686289500,1.9,TP,4,0.44,0.03
ETHUSDT,-1,1686544200,1.9,TP,3,0.67,-0.23
ETHUSDT,1,1688148900,-2.1,SL,1,1.22,-1.87
ETHUSDT,1,1688339700,1.9,TP,1,1.74,-0.99
ETHUSDT,-1,1688649300,1.9,TP,1,4.01,-1.96
ETHUSDT,-1,1688972400,-1.649,TIMEOUT,4,2.51,0.04
ETHUSDT,1,1689251400,1.9,TP,4,2.9,-0.98
ETHUSDT,-1,1689867900,1.9,TP,1,0.47,-2.64
ETHUSDT,-1,1693206000,-0.751,TIMEOUT,1,2.03,-1.59
ETHUSDT,-1,1693312200,-0.608,TIMEOUT,3,1.88,0.12
ETHUSDT,1,1694817900,-1.632,TIMEOUT,1,5.37,-3.95
ETHUSDT,1,1695886200,1.9,TP,1,7.48,-2.27
ETHUSDT,-1,1696714200,1.9,TP,4,2.95,-0.08
ETHUSDT,1,1698299100,1.9,TP,2,25.27,0.4
ETHUSDT,1,1699493400,1.9,TP,1,9.89,-1.13
ETHUSDT,1,1700646300,1.9,TP,1,0.3,-1.98
ETHUSDT,1,1701393300,1.9,TP,1,10.43,-3.98
ETHUSDT,1,1701963000,1.9,TP,1,5.12,-4.88
ETHUSDT,-1,1703124000,-2.1,SL,2,2.67,-0.36
ETHUSDT,-1,1704475800,-2.1,SL,4,1.85,-0.09
ETHUSDT,1,1706548500,1.9,TP,1,4.08,-2.83
ETHUSDT,1,1707751800,1.9,TP,1,5.27,-4.59
ETHUSDT,1,1707900300,1.9,TP,1,2.83,-5.22
ETHUSDT,1,1708236900,1.9,TP,2,14.15,0
ETHUSDT,1,1709704800,1.9,TP,1,7.51,-3.72
ETHUSDT,1,1710144000,1.9,TP,1,2.63,-3.28
ETHUSDT,-1,1711258200,-2.1,SL,4,15.97,-0.27
ETHUSDT,-1,1712854800,1.9,TP,4,-0.9,-0.06
ETHUSDT,-1,1715352300,-0.055,TIMEOUT,1,3.3,-5.14
ETHUSDT,1,1715931000,1.9,TP,1,1.55,-5.11
ETHUSDT,1,1716186600,1.9,TP,4,0.73,0.11
ETHUSDT,1,1716458400,1.9,TP,4,3.25,-1.19
ETHUSDT,1,1721610900,-2.1,SL,4,1.65,-0.56
ETHUSDT,-1,1722609900,1.9,TP,1,4.26,-3.99
ETHUSDT,-1,1723041000,1.9,TP,1,17.16,-3.26
ETHUSDT,1,1723350600,1.9,TP,1,1.47,-0.98
ETHUSDT,-1,1724992200,1.9,TP,3,0.72,0.09
ETHUSDT,1,1726119000,1.9,TP,2,3.15,0.43
ETHUSDT,-1,1727790300,1.9,TP,1,4.71,-3.97
ETHUSDT,1,1728878400,1.9,TP,1,6.12,-4.53
ETHUSDT,1,1733499000,-1.719,TIMEOUT,1,5.3,-3.22
ETHUSDT,-1,1738953000,1.9,TP,1,1.07,-1.07
ETHUSDT,-1,1739140200,1.9,TP,4,2.61,1.13
ETHUSDT,-1,1739293200,1.9,TP,1,1.21,-1.6
ETHUSDT,1,1739787300,1.9,TP,1,5.85,-3.15
ETHUSDT,-1,1741625100,1.9,TP,1,2.4,-1.72
ETHUSDT,-1,1743769800,-2.1,SL,2,2.08,-0.9
ETHUSDT,-1,1743944400,1.9,TP,1,1.3,-1.85
ETHUSDT,-1,1744129800,1.9,TP,1,2.8,-3.09
ETHUSDT,1,1746675000,1.9,TP,1,6.95,-4.41
ETHUSDT,1,1747141200,1.9,TP,1,0.19,-1.78
ETHUSDT,-1,1750434300,1.9,TP,1,12.24,-2.35
ETHUSDT,1,1751135400,1.9,TP,3,1.32,-0.14
ETHUSDT,1,1752589800,1.9,TP,2,2.11,-0.37
ETHUSDT,-1,1753418700,-2.1,SL,3,1.72,0.23
ETHUSDT,1,1753784100,-2.1,SL,4,7.23,-0.25
ETHUSDT,1,1753928100,-1.352,TIMEOUT,1,6.68,-1.62
ETHUSDT,-1,1756347300,-2.1,SL,2,2.64,-0.01
ETHUSDT,-1,1756834200,-2.1,SL,2,1.35,-0.46
ETHUSDT,1,1759308300,1.9,TP,1,5.47,-5.34
ETHUSDT,-1,1762106400,1.9,TP,3,3.02,-0.39
ETHUSDT,1,1762695900,1.9,TP,1,2.7,-1.88
ETHUSDT,-1,1763047800,1.9,TP,1,5.11,-2.13
ETHUSDT,-1,1763303400,1.9,TP,3,2.1,-0.26
ETHUSDT,-1,1763400600,1.9,TP,1,0.55,-1.69
ETHUSDT,-1,1763657100,1.9,TP,1,7.42,-3.16
ETHUSDT,-1,1765811700,1.9,TP,1,5,-4.76
ETHUSDT,1,1768316400,1.9,TP,3,0.35,-0.45
ETHUSDT,-1,1769096700,-2.1,SL,3,1,-1.28
ETHUSDT,-1,1770131700,1.9,TP,2,0.77,0.1
ETHUSDT,-1,1774746000,1.9,TP,3,-0.54,-0.14
ETHUSDT,1,1775599200,1.9,TP,1,5.6,-3.19
ETHUSDT,1,1775773800,1.9,TP,2,-0.6,0.07
ETHUSDT,1,1776284100,-2.1,SL,2,2.78,-0.54
ETHUSDT,1,1776430800,1.9,TP,1,3.23,-3.79
ETHUSDT,-1,1780238700,1.9,TP,1,3.74,-2.33
ETHUSDT,1,1781614800,-2.1,SL,2,-1.02,-0.37
ETHUSDT,1,1782116100,-1.649,TIMEOUT,1,1.86,-0.94
ETHUSDT,-1,1782394200,1.9,TP,1,2.46,-4.16
ETHUSDT,1,1782885600,1.9,TP,3,0.16,0.15
ETHUSDT,1,1783362600,1.9,TP,1,0.87,-1.23
ETHUSDT,-1,1785483000,1.9,TP,1,6.27,-2.43
SOLUSDT,1,1606921200,1.9,TP,3,7.47,-1.62
SOLUSDT,-1,1607238900,1.9,TP,3,17.63,0.33
SOLUSDT,1,1609464600,1.9,TP,1,4.98,-3.4
SOLUSDT,1,1612186200,1.9,TP,4,12.66,0.43
SOLUSDT,1,1613718900,1.9,TP,1,5.86,-3.8
SOLUSDT,1,1614015900,-2.1,SL,1,9.09,-2.94
SOLUSDT,1,1615230000,-2.1,SL,4,12.34,-0.8
SOLUSDT,1,1616220900,1.9,TP,1,14.32,-2.18
SOLUSDT,-1,1616624100,1.9,TP,2,0.36,-3.99
SOLUSDT,1,1617225300,1.9,TP,2,29.43,0.09
SOLUSDT,1,1618155000,1.9,TP,1,9.16,-3.65
SOLUSDT,1,1618277400,-2.1,SL,3,13.34,-0.18
SOLUSDT,-1,1618703100,1.9,TP,1,3.32,-2.46
SOLUSDT,1,1618978500,-2.1,SL,4,10.45,-0.73
SOLUSDT,1,1619284500,-2.1,SL,1,14.24,-2.16
SOLUSDT,1,1619869500,1.9,TP,1,4.8,-2.44
SOLUSDT,-1,1620295200,-2.1,SL,4,2.71,0
SOLUSDT,-1,1622433600,-2.1,SL,3,1.71,-0.84
SOLUSDT,1,1622631600,1.9,TP,3,2.6,-0.07
SOLUSDT,1,1622860200,1.9,TP,1,1.99,-2.31
SOLUSDT,-1,1626651000,1.9,TP,3,0.02,0.13
SOLUSDT,1,1627083000,1.9,TP,1,9.05,-3.84
SOLUSDT,1,1627260300,1.9,TP,1,12.57,-4.89
SOLUSDT,1,1628254800,1.9,TP,1,1.18,-1.41
SOLUSDT,1,1628821800,1.9,TP,1,9.89,-2.49
SOLUSDT,1,1629286200,1.9,TP,1,4.76,-2.01
SOLUSDT,1,1629478800,1.9,TP,1,2.95,-3.16
SOLUSDT,1,1630597500,1.9,TP,1,2.23,-3.06
SOLUSDT,1,1630889100,1.9,TP,4,8.95,0.26
SOLUSDT,1,1632966300,-2.1,SL,1,1.67,-2.04
SOLUSDT,-1,1636676100,1.9,TP,2,5.05,0.03
SOLUSDT,-1,1637902800,1.9,TP,1,6.68,-1.79
SOLUSDT,-1,1639361700,1.9,TP,1,2.22,-2.27
SOLUSDT,1,1640283300,-2.1,SL,1,7.27,-5
SOLUSDT,-1,1641403800,1.9,TP,1,11.15,-1.94
SOLUSDT,1,1642269600,1.9,TP,2,8.05,-0.11
SOLUSDT,1,1645968600,1.9,TP,3,4.73,1.38
SOLUSDT,-1,1647287100,-2.1,SL,2,1.1,0.33
SOLUSDT,1,1647621000,1.9,TP,1,7.75,-3.98
SOLUSDT,1,1648412100,1.9,TP,3,2.02,-0.22
SOLUSDT,1,1648823400,1.9,TP,1,4.69,-2.37
SOLUSDT,-1,1649636100,1.9,TP,1,23.44,-1.53
SOLUSDT,-1,1649952000,1.9,TP,1,1.36,-1.78
SOLUSDT,-1,1650984300,1.9,TP,1,2.21,-3.05
SOLUSDT,-1,1652529600,-2.1,SL,1,16.21,-1.77
SOLUSDT,-1,1656659700,1.9,TP,3,12.86,-0.18
SOLUSDT,1,1657985400,1.9,TP,1,4.54,-2.65
SOLUSDT,-1,1658506500,1.9,TP,1,3.68,-2.45
SOLUSDT,-1,1658714400,1.9,TP,1,5.77,-2.74
SOLUSDT,1,1659188700,-2.1,SL,1,11.15,-3.84
SOLUSDT,-1,1659486600,-2.1,SL,1,5.79,-4.94
SOLUSDT,1,1660334400,1.9,TP,1,5.32,-3.7
SOLUSDT,-1,1660731300,1.9,TP,1,1.61,-1.92
SOLUSDT,-1,1661316300,-2.1,SL,4,5.78,-0.05
SOLUSDT,-1,1663515900,1.9,TP,1,3.19,-1.68
SOLUSDT,1,1666708200,1.9,TP,1,0.5,-2.82
SOLUSDT,1,1666975500,1.9,TP,1,2.42,-3.31
SOLUSDT,-1,1668189600,1.9,TP,2,22.13,0.02
SOLUSDT,-1,1669833000,-2.1,SL,2,-1.67,0.32
SOLUSDT,-1,1670799600,1.9,TP,1,3.27,-3.1
SOLUSDT,1,1672602300,1.9,TP,2,2.83,-0.23
SOLUSDT,1,1672956900,-2.1,SL,2,19.97,-0.31
SOLUSDT,1,1674852300,1.9,TP,4,-0.67,0
SOLUSDT,-1,1677174300,1.9,TP,3,3.09,-0.79
SOLUSDT,-1,1677945600,1.9,TP,1,2.89,-1.59
SOLUSDT,-1,1678071600,1.9,TP,4,1.07,-0.27
SOLUSDT,-1,1679656500,1.9,TP,4,4.33,-0.14
SOLUSDT,-1,1680975900,1.9,TP,1,4.11,-2.83
SOLUSDT,1,1681804800,-2.1,SL,1,1.24,-1.92
SOLUSDT,-1,1682268300,1.9,TP,1,2.6,-1.56
SOLUSDT,-1,1683504900,1.9,TP,1,3.57,-3.03
SOLUSDT,-1,1684899000,1.9,TP,1,2.89,-4.24
SOLUSDT,1,1685682900,1.9,TP,1,4.08,-3.6
SOLUSDT,-1,1686140100,1.9,TP,1,0.28,-1.09
SOLUSDT,-1,1686329100,1.9,TP,1,1.62,-2.27
SOLUSDT,1,1687200300,1.9,TP,4,0.76,-0.03
SOLUSDT,-1,1687926600,1.9,TP,1,2.78,-1.18
SOLUSDT,1,1689025500,1.9,TP,4,2.26,-0.17
SOLUSDT,-1,1689867000,1.9,TP,1,0.71,-3.1
SOLUSDT,-1,1690056900,1.9,TP,1,6.84,-1.47
SOLUSDT,1,1690565400,-0.578,TIMEOUT,4,11.41,1.02
SOLUSDT,-1,1691183700,1.9,TP,1,0.23,-0.69
SOLUSDT,-1,1693296900,-2.1,SL,1,4.59,-0.93
SOLUSDT,1,1694821500,-2.1,SL,1,2.7,-1.69
SOLUSDT,1,1695019500,1.9,TP,2,1.61,-0.03
SOLUSDT,1,1697715900,1.9,TP,1,5.85,-2.62
SOLUSDT,1,1698029100,1.9,TP,1,10.22,-1.84
SOLUSDT,1,1698101100,-2.1,SL,1,5.43,-4.27
SOLUSDT,1,1698588900,1.9,TP,2,1.49,-0.73
SOLUSDT,1,1702250100,-2.1,SL,4,17.4,-0.33
SOLUSDT,-1,1704456900,1.9,TP,2,2.52,-0.46
SOLUSDT,-1,1705884300,1.9,TP,3,5.57,-0.41
SOLUSDT,1,1707753600,1.9,TP,1,2.75,-2.21
SOLUSDT,1,1710697500,1.9,TP,1,13.2,-1.35
SOLUSDT,-1,1712273400,1.9,TP,4,-0.63,-0.02
SOLUSDT,-1,1712927700,1.9,TP,1,5.71,-3.2
SOLUSDT,-1,1713359700,1.9,TP,1,4.48,-1.56
SOLUSDT,-1,1714345200,1.9,TP,1,1.67,-3.43
SOLUSDT,1,1716181200,1.9,TP,1,24.8,-3.67
SOLUSDT,-1,1718073900,1.9,TP,1,2.05,-1.49
SOLUSDT,1,1722213900,1.9,TP,1,7.37,-2.33
SOLUSDT,-1,1722457800,1.9,TP,1,11.09,-2.27
SOLUSDT,1,1724123700,1.9,TP,4,1.07,-0.62
SOLUSDT,1,1724627700,-2.1,SL,2,18.74,-0.1
SOLUSDT,-1,1725813000,-2.1,SL,3,0.23,0.03
SOLUSDT,1,1726245000,1.9,TP,1,1.89,-2.16
SOLUSDT,1,1732184100,1.9,TP,2,3.35,0.06
SOLUSDT,-1,1734786000,1.9,TP,1,20.17,-3.12
SOLUSDT,1,1736169300,1.9,TP,4,0.93,-1.76
SOLUSDT,-1,1736529300,-2.1,SL,4,1.47,0.21
SOLUSDT,-1,1736742600,1.9,TP,1,3.97,-0.86
SOLUSDT,1,1737695700,1.9,TP,1,1.05,-2.37
SOLUSDT,1,1739197800,-2.1,SL,4,4.05,-0.15
SOLUSDT,-1,1740708000,1.9,TP,1,24.35,-2.4
SOLUSDT,1,1740882600,-2.1,SL,3,4.66,0.08
SOLUSDT,-1,1743562800,-2.1,SL,1,0.69,-0.73
SOLUSDT,1,1744608600,-2.1,SL,3,0.69,-0.04
SOLUSDT,1,1747035900,1.9,TP,3,0.06,-0.14
SOLUSDT,1,1747151100,1.9,TP,2,0.03,-1.54
SOLUSDT,-1,1748877300,-2.1,SL,2,9.88,-0.43
SOLUSDT,1,1749402000,-1.07,TIMEOUT,1,4.64,-2.98
SOLUSDT,-1,1750432500,1.9,TP,1,2.57,-3.61
SOLUSDT,1,1752417900,1.9,TP,4,3.52,-0.42
SOLUSDT,1,1755873000,1.9,TP,1,4.74,-3.65
SOLUSDT,1,1757075400,-2.1,SL,3,7.19,-1.05
SOLUSDT,1,1759308300,1.9,TP,1,4.52,-4.36
SOLUSDT,1,1759637700,1.9,TP,1,3.36,-2.03
SOLUSDT,-1,1760549400,1.9,TP,1,3.36,-1.36
SOLUSDT,1,1760938200,-2.1,SL,1,5.13,-2.39
SOLUSDT,-1,1761785100,1.9,TP,4,2.23,-0.04
SOLUSDT,-1,1763395200,1.9,TP,1,2.09,-2.49
SOLUSDT,1,1764182700,-2.1,SL,1,6.25,-4.09
SOLUSDT,-1,1764547200,1.9,TP,1,9.45,-5.84
SOLUSDT,-1,1765155600,-2.1,SL,2,0.35,-0.1
SOLUSDT,1,1765296000,1.9,TP,1,7.82,-6.16
SOLUSDT,-1,1766296800,-2.1,SL,2,3.19,-0.19
SOLUSDT,-1,1766775600,-1.174,TIMEOUT,2,1.54,-0.33
SOLUSDT,-1,1769863500,1.9,TP,1,3.09,-1.74
SOLUSDT,-1,1770711300,1.9,TP,1,4.82,-1.8
SOLUSDT,-1,1771896600,1.9,TP,3,0.87,-0.81
SOLUSDT,1,1773536400,1.9,TP,3,0.51,-0.74
SOLUSDT,1,1774407600,1.9,TP,4,11.67,-0.01
SOLUSDT,-1,1774917900,-2.1,SL,2,0.08,-0.06
SOLUSDT,1,1778260500,1.9,TP,1,5.47,-2.74
SOLUSDT,-1,1778829300,1.9,TP,4,-0.74,0.4
SOLUSDT,-1,1780065900,-2.1,SL,3,5.06,-0.47
SOLUSDT,-1,1780241400,1.9,TP,1,2.37,-1.87
SOLUSDT,1,1781473500,1.9,TP,1,5.49,-4.96
SOLUSDT,1,1782707400,1.9,TP,2,7.86,0.12
XRPUSDT,-1,1609194600,-2.1,SL,1,4.75,-4.95
XRPUSDT,-1,1614482100,1.9,TP,1,20.23,-1.69
XRPUSDT,1,1616226300,1.9,TP,1,3.57,-1.87
XRPUSDT,1,1619756100,1.9,TP,1,14.82,-2.13
XRPUSDT,1,1620031500,-2.1,SL,3,1.69,-0.09
XRPUSDT,-1,1620832500,1.9,TP,1,1.5,-2.09
XRPUSDT,1,1622118600,1.9,TP,3,5.77,-0.11
XRPUSDT,-1,1622891700,1.9,TP,1,8.23,-2.4
XRPUSDT,-1,1623085200,1.9,TP,1,1.19,-2.19
XRPUSDT,-1,1626622200,1.9,TP,4,0.86,-0.62
XRPUSDT,1,1627081200,1.9,TP,1,6.35,-2.96
XRPUSDT,1,1627260300,1.9,TP,1,11.89,-4.07
XRPUSDT,1,1627394400,1.9,TP,4,10.88,1.11
XRPUSDT,1,1627892100,-2.1,SL,4,1.55,-0.18
XRPUSDT,1,1628838000,1.9,TP,1,4.13,-2.66
XRPUSDT,-1,1631505600,1.9,TP,1,1.64,-2.29
XRPUSDT,-1,1632026700,1.9,TP,2,0.07,0.26
XRPUSDT,1,1633443300,1.9,TP,3,0.56,-0.14
XRPUSDT,1,1633530600,1.9,TP,1,1.25,-2.13
XRPUSDT,1,1636550100,1.9,TP,1,3.76,-3.76
XRPUSDT,-1,1636995600,1.9,TP,1,0.02,-0.68
XRPUSDT,-1,1637249400,1.9,TP,3,2.84,-1.1
XRPUSDT,-1,1637492400,1.9,TP,3,2.12,-0.11
XRPUSDT,-1,1638720000,1.9,TP,2,1.09,-0.26
XRPUSDT,1,1640044800,-2.1,SL,3,6.44,-0.34
XRPUSDT,-1,1640653200,1.9,TP,1,2.87,-2.08
XRPUSDT,-1,1641812400,1.9,TP,1,5.7,-1.77
XRPUSDT,1,1642146300,-2.1,SL,3,3.32,-0.26
XRPUSDT,-1,1643017500,1.9,TP,1,2.84,-2.52
XRPUSDT,1,1643433300,1.9,TP,3,6.4,0.09
XRPUSDT,1,1644372000,1.9,TP,3,5.94,0.25
XRPUSDT,1,1645968600,-2.1,SL,3,5.52,1.75
XRPUSDT,1,1646063100,1.9,TP,1,6.05,-3.48
XRPUSDT,1,1647030600,1.9,TP,1,4.9,-4.61
XRPUSDT,1,1647883800,1.9,TP,2,2.1,-0.05
XRPUSDT,1,1648114200,-0.937,TIMEOUT,3,6.2,0.09
XRPUSDT,-1,1649634300,1.9,TP,1,4.79,-2.35
XRPUSDT,1,1649988000,1.9,TP,1,6.39,-3.24
XRPUSDT,1,1651553100,-2.1,SL,4,1.91,0.01
XRPUSDT,-1,1652525100,1.9,TP,1,27.66,-2.65
XRPUSDT,-1,1654249500,1.9,TP,2,1.22,-1.93
XRPUSDT,1,1656014400,1.9,TP,1,7.38,-2.97
XRPUSDT,-1,1657722600,-2.1,SL,2,3.28,0.18
XRPUSDT,1,1657969200,1.9,TP,1,1.64,-2.03
XRPUSDT,-1,1658712600,1.9,TP,1,4.56,-3
XRPUSDT,-1,1659613500,-1.834,TIMEOUT,4,3.41,-0.28
XRPUSDT,-1,1661143500,1.9,TP,4,0.51,0.05
XRPUSDT,-1,1663246800,1.9,TP,1,2.17,-1.63
XRPUSDT,1,1664001900,-2.1,SL,3,16.11,0.26
XRPUSDT,1,1665328500,1.9,TP,1,3.55,-3.37
XRPUSDT,1,1669560300,-2.1,SL,3,1.7,0.26
XRPUSDT,-1,1670112900,-0.948,TIMEOUT,2,0.7,-0.46
XRPUSDT,-1,1670274900,-0.538,TIMEOUT,4,1.45,-0.13
XRPUSDT,-1,1672533000,1.9,TP,1,4.92,-2.28
XRPUSDT,1,1672812000,-1.05,TIMEOUT,3,0.37,0.24
XRPUSDT,1,1674459900,1.9,TP,1,1.84,-2.61
XRPUSDT,-1,1675071900,1.9,TP,1,3.24,-3.24
XRPUSDT,1,1675527300,1.9,TP,3,0.37,-0.33
XRPUSDT,-1,1675890000,1.9,TP,2,-1.08,0.4
XRPUSDT,-1,1677968100,1.9,TP,2,1.24,0
XRPUSDT,-1,1678712400,-2.1,SL,4,-0.52,0.1
XRPUSDT,1,1679395500,1.9,TP,1,3.18,-1.31
XRPUSDT,1,1679905800,1.9,TP,1,5.02,-2.74
XRPUSDT,-1,1680984000,-0.95,TIMEOUT,3,1.35,-0.44
XRPUSDT,1,1682303400,-2.1,SL,4,0.9,0.06
XRPUSDT,-1,1683802800,1.9,TP,2,2.83,0.17
XRPUSDT,-1,1684207800,-2.1,SL,4,2.49,-0.61
XRPUSDT,1,1685870100,1.9,TP,3,1.88,-0.39
XRPUSDT,-1,1688955300,-1.321,TIMEOUT,4,0.2,0.31
XRPUSDT,1,1689261300,-2.1,SL,1,10.12,-9.25
XRPUSDT,1,1689505200,1.9,TP,1,2.82,-2.12
XRPUSDT,1,1689692400,-2.1,SL,3,2.25,-0.32
XRPUSDT,-1,1690984800,1.9,TP,1,0.78,-2.08
XRPUSDT,-1,1692113400,1.9,TP,2,1.2,-1.29
XRPUSDT,-1,1692887400,-2.1,SL,2,0.49,-3.72
XRPUSDT,1,1695036600,1.9,TP,1,2.58,-2.7
XRPUSDT,1,1696161600,-2.1,SL,4,6.22,-0.03
XRPUSDT,1,1696633200,-1.089,TIMEOUT,3,0.79,0.14
XRPUSDT,1,1699038900,1.9,TP,2,0.6,-0.56
XRPUSDT,1,1699474500,1.9,TP,2,0.82,-0.42
XRPUSDT,-1,1699764300,1.9,TP,2,11.07,-0.06
XRPUSDT,-1,1699984800,1.9,TP,1,2.11,-2.71
XRPUSDT,-1,1700144100,1.9,TP,1,1.57,-1.95
XRPUSDT,1,1703433600,-2.1,SL,2,0.48,-0.23
XRPUSDT,-1,1705884300,1.9,TP,1,1.5,-0.45
XRPUSDT,1,1706552100,-2.1,SL,1,1.35,-2.17
XRPUSDT,1,1707626700,-0.688,TIMEOUT,1,1.98,-1.29
XRPUSDT,1,1707756300,-0.991,TIMEOUT,1,1.67,-2.08
XRPUSDT,1,1709542800,1.9,TP,4,0.44,-0.1
XRPUSDT,-1,1709917200,-1.597,TIMEOUT,4,-1.02,0.04
XRPUSDT,1,1709971200,-2.1,SL,2,6.32,-0.18
XRPUSDT,-1,1710831600,-2.1,SL,1,6.27,-2.63
XRPUSDT,-1,1711951200,1.9,TP,1,4.02,-3.03
XRPUSDT,1,1712802600,-2.1,SL,2,11.86,-0.33
XRPUSDT,-1,1714467600,1.9,TP,1,5.8,-2.54
XRPUSDT,-1,1715537700,1.9,TP,1,23.33,-1.28
XRPUSDT,-1,1718071200,1.9,TP,1,1.88,-2.3
XRPUSDT,1,1721814300,-2.1,SL,1,4.51,-3.58
XRPUSDT,-1,1723677300,1.9,TP,2,1.07,0.22
XRPUSDT,1,1724055300,1.9,TP,1,3.69,-3.3
XRPUSDT,-1,1724795100,1.9,TP,1,4.5,-3.61
XRPUSDT,-1,1724886000,1.9,TP,2,6.52,-0.05
XRPUSDT,-1,1725156900,1.9,TP,1,2.47,-3.79
XRPUSDT,-1,1730561400,1.9,TP,4,-1.01,-0.12
XRPUSDT,1,1732114800,-2.1,SL,4,3.34,-0.1
XRPUSDT,-1,1735492500,1.9,TP,1,2.07,-1.54
XRPUSDT,-1,1736263800,-2.1,SL,1,3.56,-3.7
XRPUSDT,-1,1737617400,1.9,TP,1,2.16,-0.86
XRPUSDT,-1,1740581100,1.9,TP,3,8.18,0.03
XRPUSDT,-1,1743383700,1.9,TP,4,9.59,0.01
XRPUSDT,-1,1744140600,1.9,TP,1,6.77,-1.95
XRPUSDT,-1,1745140500,-1.192,TIMEOUT,1,9.65,-1.83
XRPUSDT,1,1745330400,1.9,TP,1,1.29,-2.41
XRPUSDT,-1,1746261000,1.9,TP,2,0.73,-0.3
XRPUSDT,1,1747044000,1.9,TP,4,1.07,-0.43
XRPUSDT,-1,1747625400,1.9,TP,1,0.19,-1.83
XRPUSDT,1,1751307300,1.9,TP,1,10.71,-2.03
XRPUSDT,-1,1754941500,-2.1,SL,1,3.66,-1.95
XRPUSDT,-1,1755476100,1.9,TP,1,1.41,-2.1
XRPUSDT,-1,1755612900,1.9,TP,1,6.23,-3.1
XRPUSDT,-1,1755797400,1.9,TP,3,8.97,0.35
XRPUSDT,1,1756063800,-2.1,SL,3,-3.07,0.25
XRPUSDT,-1,1756766700,-2.1,SL,3,4,0.11
XRPUSDT,1,1759310100,1.9,TP,1,6.95,-4.54
XRPUSDT,-1,1759976100,1.9,TP,1,12.49,-3.12
XRPUSDT,-1,1762964100,-2.1,SL,1,10.3,-3.71
XRPUSDT,-1,1763395200,1.9,TP,1,2.49,-2.06
XRPUSDT,1,1764277200,-2.1,SL,4,5.72,-0.69
XRPUSDT,1,1764437400,-2.1,SL,3,2.5,0.27
XRPUSDT,-1,1765119600,-2.1,SL,3,0.57,-0.29
XRPUSDT,-1,1766088000,1.9,TP,1,5.04,-2.14
XRPUSDT,1,1766409300,-2.1,SL,4,0.6,-0.45
XRPUSDT,-1,1767198600,-0.588,TIMEOUT,1,2.25,-3.19
XRPUSDT,-1,1768707000,1.9,TP,3,3.01,0.2
XRPUSDT,-1,1769305500,1.9,TP,1,5.65,-2.33
XRPUSDT,-1,1769522400,-2.1,SL,3,-0.91,0.38
XRPUSDT,-1,1771439400,1.9,TP,1,1.24,-2.17
XRPUSDT,1,1773361800,1.9,TP,1,3.75,-3.63
XRPUSDT,1,1773533700,1.9,TP,1,6.93,-2.55
XRPUSDT,-1,1774750500,1.9,TP,3,0.71,-0.22
XRPUSDT,1,1776265200,1.9,TP,1,3.74,-3.37
XRPUSDT,-1,1777272300,1.9,TP,1,2.48,-2.15
XRPUSDT,1,1778518800,-1.53,TIMEOUT,4,9.47,0.14
XRPUSDT,1,1779717600,-1.395,TIMEOUT,3,4.11,-0.6
XRPUSDT,1,1779801300,-1.582,TIMEOUT,2,0.58,0.06
XRPUSDT,1,1781473500,1.9,TP,1,5.11,-4.59
XRPUSDT,-1,1782807300,1.9,TP,1,1.59,-1.08
XRPUSDT,1,1784740500,-2.1,SL,4,0.79,0.15
BNBUSDT,1,1607958900,1.9,TP,1,3.88,-2.58
BNBUSDT,1,1608129900,1.9,TP,1,6.77,-3.1
BNBUSDT,1,1609892100,1.9,TP,4,9.66,-0.05
BNBUSDT,1,1610901000,-2.1,SL,1,6.49,-4.47
BNBUSDT,1,1611534600,-2.1,SL,1,3.59,-4.12
BNBUSDT,1,1612008000,1.9,TP,1,11.63,-3.69
BNBUSDT,1,1612157400,1.9,TP,1,14.71,-2.92
BNBUSDT,1,1613309400,-2.1,SL,3,34.45,-0.09
BNBUSDT,1,1613556900,1.9,TP,1,1.18,-2.27
BNBUSDT,-1,1616618700,1.9,TP,3,2.34,-0.36
BNBUSDT,-1,1618707600,1.9,TP,1,3.63,-1.99
BNBUSDT,1,1619686800,1.9,TP,2,21.95,-1.56
BNBUSDT,1,1620213300,1.9,TP,3,4.21,0.04
BNBUSDT,1,1620778500,-2.1,SL,2,0.85,-1.74
BNBUSDT,-1,1621076400,1.9,TP,4,1.66,-0.21
BNBUSDT,-1,1621182600,1.9,TP,1,4.73,-2.48
BNBUSDT,-1,1621608300,1.9,TP,1,6.79,-2.53
BNBUSDT,1,1621997100,1.9,TP,1,20.49,-1.37
BNBUSDT,1,1625544900,1.9,TP,1,3.48,-3.35
BNBUSDT,1,1627082100,1.9,TP,1,0.49,-3.01
BNBUSDT,1,1627259400,1.9,TP,1,4.34,-3.52
BNBUSDT,1,1629064800,1.9,TP,1,7.93,-1.82
BNBUSDT,1,1629687600,1.9,TP,1,11.77,-2.7
BNBUSDT,1,1629903600,1.9,TP,1,13.29,-2.45
BNBUSDT,1,1630101600,-2.1,SL,3,23.19,-0.03
BNBUSDT,-1,1631501100,1.9,TP,1,19.28,-2.29
BNBUSDT,-1,1632098700,1.9,TP,1,8.62,-1.89
BNBUSDT,1,1635732000,-2.1,SL,4,11.38,-0.1
BNBUSDT,1,1636081200,1.9,TP,1,3.83,-3.38
BNBUSDT,1,1640281500,1.9,TP,1,3.67,-4.6
BNBUSDT,1,1640549700,1.9,TP,4,1.63,-0.46
BNBUSDT,1,1644204600,1.9,TP,1,10.28,-3
BNBUSDT,-1,1644474600,-1.766,TIMEOUT,3,3.49,0.45
BNBUSDT,-1,1644541200,1.9,TP,4,2.91,-0.49
BNBUSDT,1,1646062200,1.9,TP,1,4.89,-3.35
BNBUSDT,1,1649122200,1.9,TP,1,1.98,-1.55
BNBUSDT,-1,1649634300,1.9,TP,1,2.8,-2.91
BNBUSDT,-1,1651518000,-1.03,TIMEOUT,2,1.3,0.01
BNBUSDT,1,1652771700,-2.1,SL,2,1.06,0
BNBUSDT,1,1652967900,1.9,TP,4,2.55,-0.56
BNBUSDT,-1,1653795000,-2.1,SL,1,6.97,-2.16
BNBUSDT,-1,1654251300,1.9,TP,1,3.27,-2.21
BNBUSDT,-1,1654428600,-1.653,TIMEOUT,4,9.87,-0.13
BNBUSDT,1,1656224100,1.9,TP,3,11.77,-0.43
BNBUSDT,1,1656414000,-2.1,SL,2,3.74,-0.94
BNBUSDT,-1,1658714400,1.9,TP,1,7.06,-2.32
BNBUSDT,1,1659876300,1.9,TP,1,2.34,-3.04
BNBUSDT,1,1660138200,-2.1,SL,1,0.97,-3.49
BNBUSDT,-1,1660738500,1.9,TP,1,3.89,-2.99
BNBUSDT,-1,1663519500,1.9,TP,1,2.06,-0.89
BNBUSDT,1,1663981200,1.9,TP,1,5.28,-1.54
BNBUSDT,1,1664242200,1.9,TP,1,8.74,-3.74
BNBUSDT,1,1666707300,1.9,TP,1,5.61,-5.08
BNBUSDT,1,1666963800,1.9,TP,1,3.26,-4.66
BNBUSDT,-1,1667968200,1.9,TP,3,1.27,-0.99
BNBUSDT,-1,1668865500,-1.097,TIMEOUT,2,10.65,-0.31
BNBUSDT,-1,1669901400,1.9,TP,1,0.78,-1.28
BNBUSDT,1,1671524100,1.9,TP,2,3.91,0.37
BNBUSDT,1,1672799400,1.9,TP,1,4.64,-5.21
BNBUSDT,1,1673389800,1.9,TP,2,19.74,0.43
BNBUSDT,-1,1674197100,-1.919,TIMEOUT,1,0.85,-3.13
BNBUSDT,-1,1674790200,-1.958,TIMEOUT,2,2.04,0.15
BNBUSDT,1,1675769400,-2.1,SL,2,3.32,-0.57
BNBUSDT,1,1676894400,-1.518,TIMEOUT,2,0.42,0.12
BNBUSDT,-1,1678198500,-1.138,TIMEOUT,2,5.64,-0.11
BNBUSDT,-1,1678265100,-2.1,SL,4,-0.58,-0.4
BNBUSDT,-1,1678387500,1.9,TP,1,2.14,-3.7
BNBUSDT,-1,1678554900,-2.1,SL,4,11.7,-0.25
BNBUSDT,-1,1680545700,1.9,TP,2,2.55,-0.06
BNBUSDT,-1,1682641800,1.9,TP,1,2.43,-3.93
BNBUSDT,-1,1683243000,-1.105,TIMEOUT,4,0.63,-0.64
BNBUSDT,-1,1683509400,1.9,TP,1,4.79,-4.43
BNBUSDT,-1,1687617000,1.9,TP,1,3.56,-1.72
BNBUSDT,1,1688355000,1.9,TP,3,3.1,-1.09
BNBUSDT,-1,1689493500,1.9,TP,3,2.74,-0.43
BNBUSDT,1,1690875900,-0.528,TIMEOUT,1,3.09,-2.76
BNBUSDT,-1,1691973900,1.9,TP,2,1,-0.31
BNBUSDT,-1,1694093400,-1.327,TIMEOUT,3,1.41,-0.43
BNBUSDT,1,1695908700,-0.264,TIMEOUT,2,1.81,-1.26
BNBUSDT,1,1696199400,-1.191,TIMEOUT,1,3.24,-5.11
BNBUSDT,-1,1696698000,-0.039,TIMEOUT,1,4.36,-1.95
BNBUSDT,-1,1696844700,1.9,TP,1,4.06,-4.28
BNBUSDT,1,1699076700,1.9,TP,1,5.39,-1.11
BNBUSDT,1,1707302700,1.9,TP,4,2.83,-0.09
BNBUSDT,1,1707627600,-0.84,TIMEOUT,3,6.93,0.14
BNBUSDT,1,1707894000,1.9,TP,1,3.35,-3.59
BNBUSDT,1,1708781400,1.9,TP,2,4.04,0.38
BNBUSDT,1,1712744100,-2.1,SL,4,2.22,-0.09
BNBUSDT,1,1712888100,1.9,TP,1,15.57,-2.94
BNBUSDT,-1,1714472100,1.9,TP,1,6.27,-2.79
BNBUSDT,1,1715222700,-2.1,SL,1,4.32,-2.84
BNBUSDT,1,1715594400,-1.384,TIMEOUT,3,3.89,-0.72
BNBUSDT,1,1717374600,1.9,TP,3,1.25,0.03
BNBUSDT,-1,1719424800,-1.975,TIMEOUT,4,3.11,-0.7
BNBUSDT,1,1720931400,1.9,TP,1,11.18,-1.51
BNBUSDT,-1,1722464100,1.9,TP,1,2.82,-1.74
BNBUSDT,-1,1722612600,1.9,TP,1,6.13,-1.92
BNBUSDT,1,1723888800,1.9,TP,1,6.78,-3.07
BNBUSDT,1,1724083200,1.9,TP,1,3.79,-1.86
BNBUSDT,1,1724533200,-2.1,SL,2,-0.75,-0.16
BNBUSDT,-1,1724984100,-1.525,TIMEOUT,1,1.71,-1.31
BNBUSDT,-1,1727791200,1.9,TP,1,11.78,-3.5
BNBUSDT,1,1731738600,-2.1,SL,3,5.28,-0.36
BNBUSDT,1,1732532400,-2.1,SL,3,2.51,0.1
BNBUSDT,1,1735384500,1.9,TP,1,5.34,-2.21
BNBUSDT,-1,1738647000,1.9,TP,1,7.78,-4.07
BNBUSDT,1,1742176800,1.9,TP,1,2.14,-3.44
BNBUSDT,-1,1743870600,1.9,TP,4,7.98,-0.49
BNBUSDT,1,1745196300,-0.41,TIMEOUT,1,4.88,-4.25
BNBUSDT,1,1745309700,1.9,TP,1,9.1,-2.76
BNBUSDT,-1,1745723700,-0.925,TIMEOUT,1,4.65,-1.89
BNBUSDT,-1,1745935200,-0.336,TIMEOUT,4,3.76,-0.73
BNBUSDT,1,1746675000,1.9,TP,1,2.64,-3.76
BNBUSDT,1,1747038600,1.9,TP,1,3,-2.72
BNBUSDT,1,1747158300,-1.206,TIMEOUT,1,1.14,-1.33
BNBUSDT,-1,1748764800,-0.897,TIMEOUT,1,3.48,-1.68
BNBUSDT,1,1749007800,-1.017,TIMEOUT,1,8.25,-2.51
BNBUSDT,1,1751139000,1.9,TP,3,27.03,-1.18
BNBUSDT,-1,1753417800,-2.1,SL,4,3.19,-0.42
BNBUSDT,1,1754803800,-2.1,SL,4,12.52,-1.25
BNBUSDT,1,1755014400,1.9,TP,1,4.79,-2.59
BNBUSDT,1,1757489400,1.9,TP,3,0.47,-0.62
BNBUSDT,-1,1758771900,1.9,TP,1,4.57,-1.87
BNBUSDT,-1,1760238900,-2.1,SL,2,9.54,0.05
BNBUSDT,-1,1763055000,1.9,TP,1,6.56,-3.06
BNBUSDT,-1,1763564400,1.9,TP,2,2.82,-0.3
BNBUSDT,1,1764127800,1.9,TP,2,1.85,1.21
BNBUSDT,-1,1765119600,-2.1,SL,4,1.04,-1.06
BNBUSDT,1,1765399500,-2.1,SL,4,1.02,0.09
BNBUSDT,1,1767776400,-1.384,TIMEOUT,4,2.19,0.14
BNBUSDT,1,1768632300,1.9,TP,2,2.87,0.03
BNBUSDT,-1,1769100300,-2.1,SL,2,2.07,-0.41
BNBUSDT,1,1772172900,-2.1,SL,4,-0.95,0.1
BNBUSDT,-1,1774746000,1.9,TP,3,1.86,-0.38
BNBUSDT,-1,1775093400,1.9,TP,1,4.29,-3.27
BNBUSDT,1,1775592000,1.9,TP,1,8.6,-2.72
BNBUSDT,-1,1777270500,0.146,TIMEOUT,1,4.29,-2.95
BNBUSDT,-1,1777683600,-0.468,TIMEOUT,2,0.44,-0.08
BNBUSDT,1,1778425200,1.9,TP,1,8.45,-2.12
BNBUSDT,1,1783253700,-0.701,TIMEOUT,1,7.55,-3.9
DOGEUSDT,-1,1606500900,-2.1,SL,4,26.96,-0.34
DOGEUSDT,1,1609907400,1.9,TP,2,25.57,-1.24
DOGEUSDT,-1,1610485200,1.9,TP,3,11.34,-0.26
DOGEUSDT,-1,1611599400,1.9,TP,1,2.19,-1.28
DOGEUSDT,1,1616146200,1.9,TP,3,-1.36,-0.46
DOGEUSDT,-1,1616615100,1.9,TP,1,4.12,-2.72
DOGEUSDT,1,1617930900,1.9,TP,3,0.54,-0.11
DOGEUSDT,-1,1621611000,1.9,TP,1,4.05,-2
DOGEUSDT,-1,1623353400,1.9,TP,3,8.72,-0.32
DOGEUSDT,1,1624768200,-2.1,SL,4,19.4,0.01
DOGEUSDT,-1,1625447700,1.9,TP,1,1.23,-2.1
DOGEUSDT,-1,1626089400,1.9,TP,1,2.05,-1.86
DOGEUSDT,-1,1627636500,-2.1,SL,1,5.44,-4.66
DOGEUSDT,1,1628847900,1.9,TP,2,1.59,-0.19
DOGEUSDT,-1,1631507400,1.9,TP,1,1.77,-1.15
DOGEUSDT,1,1633357800,-2.1,SL,4,1.15,-0.44
DOGEUSDT,1,1633692600,-2.1,SL,3,0.67,0.08
DOGEUSDT,1,1634544000,1.9,TP,3,1.61,-1.3
DOGEUSDT,-1,1636996500,1.9,TP,4,0.47,-0.32
DOGEUSDT,-1,1637745300,1.9,TP,1,3.28,-0.19
DOGEUSDT,-1,1637911800,1.9,TP,1,2.79,-3.34
DOGEUSDT,-1,1638547200,1.9,TP,1,2.25,-3.17
DOGEUSDT,-1,1639067400,-2.1,SL,3,2.81,-0.3
DOGEUSDT,-1,1639961100,1.9,TP,4,1.1,0.13
DOGEUSDT,-1,1642715100,-2.1,SL,1,5.14,-5.37
DOGEUSDT,-1,1643017500,1.9,TP,1,3.79,-2.16
DOGEUSDT,1,1644436800,-2.1,SL,3,1.98,-0.27
DOGEUSDT,1,1644899400,1.9,TP,2,2.6,-0.17
DOGEUSDT,-1,1645325100,1.9,TP,1,3.06,-2.44
DOGEUSDT,1,1647623700,1.9,TP,1,2.08,-2.89
DOGEUSDT,-1,1648941300,1.9,TP,4,0.9,-0.21
DOGEUSDT,-1,1649799000,-2.1,SL,4,1.73,0.06
DOGEUSDT,-1,1651979700,1.9,TP,4,1.73,-0.08
DOGEUSDT,-1,1652879700,1.9,TP,1,2.57,-2.37
DOGEUSDT,1,1654083000,-2.1,SL,2,0.5,0.11
DOGEUSDT,-1,1656574200,1.9,TP,1,2.97,-2.37
DOGEUSDT,-1,1656843300,-2.1,SL,2,1.64,-0.1
DOGEUSDT,1,1657135800,1.9,TP,3,2.35,-0.21
DOGEUSDT,-1,1658711700,1.9,TP,1,5.65,-3.13
DOGEUSDT,1,1659897900,1.9,TP,4,7.36,-0.42
DOGEUSDT,1,1660630500,1.9,TP,1,2.54,-1.84
DOGEUSDT,-1,1661870700,1.9,TP,1,5.59,-3.75
DOGEUSDT,-1,1664298900,1.9,TP,1,1.11,-2.66
DOGEUSDT,-1,1665624600,1.9,TP,1,2.93,-2.15
DOGEUSDT,1,1666287000,-2.1,SL,2,3.65,-0.32
DOGEUSDT,1,1666403100,-0.588,TIMEOUT,2,2.06,-0.13
DOGEUSDT,1,1666674000,1.9,TP,2,2.51,-0.07
DOGEUSDT,-1,1668943800,1.9,TP,1,4.85,-3.71
DOGEUSDT,1,1669526100,1.9,TP,1,5.09,-3.48
DOGEUSDT,1,1669689000,1.9,TP,1,4.94,-3.49
DOGEUSDT,1,1669854600,-2.1,SL,3,1.03,0.39
DOGEUSDT,-1,1671049800,1.9,TP,1,1.85,-1.87
DOGEUSDT,-1,1671457500,1.9,TP,2,1.39,-0.45
DOGEUSDT,1,1672801200,1.9,TP,1,5.73,-3.47
DOGEUSDT,-1,1673186400,-1.174,TIMEOUT,3,1.87,0.13
DOGEUSDT,1,1673481600,1.9,TP,1,11.42,-1.99
DOGEUSDT,1,1674010800,-2.1,SL,1,4,-2.82
DOGEUSDT,1,1675475100,1.9,TP,4,1.97,-0.19
DOGEUSDT,-1,1675872900,1.9,TP,1,2.69,-3.36
DOGEUSDT,-1,1677496500,-2.1,SL,4,1.15,0.09
DOGEUSDT,-1,1677950100,1.9,TP,1,2.96,-0.62
DOGEUSDT,1,1680273000,1.9,TP,1,3.06,-2.02
DOGEUSDT,-1,1682006400,1.9,TP,1,4.42,-2.25
DOGEUSDT,1,1684281600,1.9,TP,2,2.38,-0.87
DOGEUSDT,1,1688358600,1.9,TP,3,2.64,-0.14
DOGEUSDT,1,1689405300,-2.1,SL,1,7.64,-5.74
DOGEUSDT,1,1690112700,-2.1,SL,4,2.83,0.26
DOGEUSDT,-1,1690984800,1.9,TP,1,4.22,-2.46
DOGEUSDT,-1,1692600300,1.9,TP,1,7.4,-1.97
DOGEUSDT,-1,1694017800,-0.907,TIMEOUT,4,2.47,-1.05
DOGEUSDT,-1,1694313900,1.9,TP,1,2.3,-0.49
DOGEUSDT,-1,1694586600,-1.235,TIMEOUT,3,1.38,0.11
DOGEUSDT,1,1695273300,-2.1,SL,4,0.77,-0.01
DOGEUSDT,1,1696200300,-1.659,TIMEOUT,1,5.35,-4.56
DOGEUSDT,-1,1697035500,1.9,TP,1,4.53,-1.62
DOGEUSDT,1,1698251400,1.9,TP,4,9.39,0.05
DOGEUSDT,1,1701182700,1.9,TP,1,3.05,-2.98
DOGEUSDT,1,1701653400,1.9,TP,1,6.02,-2.16
DOGEUSDT,1,1702030500,1.9,TP,2,1.4,-0.66
DOGEUSDT,-1,1702855800,1.9,TP,1,0.22,-2.43
DOGEUSDT,1,1703420100,-2.1,SL,3,0.76,-0.01
DOGEUSDT,-1,1705501800,1.9,TP,4,1.71,-0.26
DOGEUSDT,-1,1706974200,-0.86,TIMEOUT,3,0.26,0
DOGEUSDT,1,1707622200,1.9,TP,1,2.03,-3.01
DOGEUSDT,1,1708964100,1.9,TP,1,3.09,-2.99
DOGEUSDT,1,1709309700,1.9,TP,1,17.4,-1.16
DOGEUSDT,-1,1710382500,-2.1,SL,4,3.94,-0.06
DOGEUSDT,1,1713898800,1.9,TP,2,0.27,0.13
DOGEUSDT,-1,1715353200,1.9,TP,1,4.4,-3.7
DOGEUSDT,1,1715775300,1.9,TP,2,0.1,0.08
DOGEUSDT,1,1715943600,1.9,TP,4,1.64,0.07
DOGEUSDT,-1,1718843400,-2.1,SL,2,5.12,-0.27
DOGEUSDT,-1,1718983800,-2.1,SL,2,3.91,-1.1
DOGEUSDT,1,1719499500,1.9,TP,3,0.09,-0.14
DOGEUSDT,-1,1721855700,1.9,TP,1,1.9,-2.04
DOGEUSDT,1,1722221100,-2.1,SL,1,4.13,-4
DOGEUSDT,-1,1725625800,1.9,TP,2,2.07,-0.14
DOGEUSDT,1,1727535600,-2.1,SL,1,5.55,-4.19
DOGEUSDT,1,1728893700,1.9,TP,2,8.1,-0.73
DOGEUSDT,1,1729062000,1.9,TP,2,3,0
DOGEUSDT,1,1729200600,1.9,TP,1,8.17,-1.53
DOGEUSDT,-1,1729853100,1.9,TP,4,6.92,-0.11
DOGEUSDT,-1,1730556900,1.9,TP,3,-0.71,-0.52
DOGEUSDT,-1,1734069600,1.9,TP,3,1.37,0.42
DOGEUSDT,1,1736181900,1.9,TP,2,23.02,-0.42
DOGEUSDT,-1,1737545400,1.9,TP,3,7.43,0.41
DOGEUSDT,-1,1737927000,1.9,TP,1,2.95,-2.26
DOGEUSDT,-1,1738098000,1.9,TP,3,10.82,-1.05
DOGEUSDT,-1,1738303200,-2.1,SL,2,4.46,0.06
DOGEUSDT,-1,1738391400,1.9,TP,1,5.61,-1.26
DOGEUSDT,-1,1739132100,1.9,TP,4,1.71,0.19
DOGEUSDT,-1,1740160800,1.9,TP,1,3.3,-2.73
DOGEUSDT,-1,1740331800,1.9,TP,4,4.28,-0.26
DOGEUSDT,-1,1740708000,1.9,TP,1,5.17,-2.99
DOGEUSDT,-1,1742262300,1.9,TP,1,5.06,-3.93
DOGEUSDT,-1,1744134300,1.9,TP,1,2.72,-1.8
DOGEUSDT,-1,1748421900,1.9,TP,4,0.75,-0.25
DOGEUSDT,-1,1749975300,1.9,TP,1,4.78,-2.57
DOGEUSDT,-1,1750434300,1.9,TP,1,2.36,-2.77
DOGEUSDT,-1,1755278100,-2.1,SL,2,5.34,-0.25
DOGEUSDT,1,1756063800,-2.1,SL,4,-3.23,0.12
DOGEUSDT,-1,1756684800,1.9,TP,1,0.58,-3.28
DOGEUSDT,1,1757216700,1.9,TP,3,6.93,-0.03
DOGEUSDT,-1,1758767400,1.9,TP,3,3.02,-0.55
DOGEUSDT,1,1759307400,1.9,TP,1,5.34,-4.79
DOGEUSDT,1,1759634100,1.9,TP,1,3.3,-3.43
DOGEUSDT,-1,1760112000,1.9,TP,1,5.96,-3.71
DOGEUSDT,1,1761471900,1.9,TP,1,3.25,-3.23
DOGEUSDT,-1,1763055000,1.9,TP,1,8.47,-3.52
DOGEUSDT,-1,1763303400,1.9,TP,3,2.3,0.03
DOGEUSDT,-1,1763401500,1.9,TP,1,2.37,-1.67
DOGEUSDT,1,1765295100,1.9,TP,1,3.17,-3.63
DOGEUSDT,1,1766368800,1.9,TP,4,0.01,1.23
DOGEUSDT,-1,1768212000,-2.1,SL,1,1.89,-1.67
DOGEUSDT,-1,1768711500,1.9,TP,4,4.27,0.05
DOGEUSDT,-1,1768893300,1.9,TP,1,17.5,-0.9
DOGEUSDT,-1,1770146100,-2.1,SL,3,-0.91,0.23
DOGEUSDT,-1,1770712200,1.9,TP,1,5.93,-1.09
DOGEUSDT,-1,1771443000,1.9,TP,1,2.27,-1.69
DOGEUSDT,-1,1771720200,1.9,TP,1,2.6,-3.22
DOGEUSDT,1,1775002500,1.9,TP,4,3.44,-0.35
DOGEUSDT,-1,1775363400,-1.243,TIMEOUT,1,3.76,-2.59
DOGEUSDT,1,1775592900,1.9,TP,1,0.83,-2.04
DOGEUSDT,-1,1779060600,1.9,TP,1,1.46,-3.14
DOGEUSDT,-1,1780065900,-2.1,SL,3,5.65,0.23
DOGEUSDT,1,1781349300,-1.648,TIMEOUT,1,3.47,-2.6
DOGEUSDT,-1,1782156600,1.9,TP,1,1.69,-2.08
DOGEUSDT,-1,1782390600,1.9,TP,2,2.67,-1.06
DOGEUSDT,-1,1785389400,1.9,TP,3,9.37,-0.1
ADAUSDT,1,1608127200,-2.1,SL,1,4.83,-6.2
ADAUSDT,1,1609087500,-2.1,SL,3,4.12,-0.65
ADAUSDT,1,1610791200,-2.1,SL,1,3.85,-3.86
ADAUSDT,1,1611191700,-2.1,SL,4,10.9,0.05
ADAUSDT,1,1611547200,-2.1,SL,3,11.05,-1.01
ADAUSDT,1,1612205100,1.9,TP,1,4.46,-1.81
ADAUSDT,1,1612487700,1.9,TP,1,3.86,-2.86
ADAUSDT,1,1614355200,1.9,TP,1,11.91,-2.67
ADAUSDT,-1,1615230900,-2.1,SL,3,13.28,-0.47
ADAUSDT,-1,1616618700,1.9,TP,2,2.78,-0.91
ADAUSDT,1,1619656200,-2.1,SL,3,17.57,-0.05
ADAUSDT,1,1619769600,-2.1,SL,3,3.39,-0.25
ADAUSDT,1,1620752400,1.9,TP,2,3.94,-0.1
ADAUSDT,-1,1621607400,-2.1,SL,1,0.09,-1.75
ADAUSDT,-1,1623090600,1.9,TP,1,3.83,-2.14
ADAUSDT,1,1625667300,-2.028,TIMEOUT,2,0.7,0.49
ADAUSDT,-1,1625950800,-2.1,SL,4,5.04,0.2
ADAUSDT,-1,1626093900,1.9,TP,1,2.9,-1.48
ADAUSDT,1,1627083000,1.9,TP,1,1.38,-3.17
ADAUSDT,1,1627260300,1.9,TP,1,8.98,-4.73
ADAUSDT,1,1628816400,1.9,TP,1,0.26,-2.38
ADAUSDT,1,1629070200,-2.1,SL,3,1.61,-0.02
ADAUSDT,1,1629611100,1.9,TP,1,18.52,-0.93
ADAUSDT,-1,1631277900,1.9,TP,4,2.02,-0.89
ADAUSDT,-1,1637896500,1.9,TP,1,2.39,-1.66
ADAUSDT,1,1640471400,-2.1,SL,2,3.97,0.26
ADAUSDT,-1,1642716000,1.9,TP,1,2.52,-3.42
ADAUSDT,1,1643446800,-2.1,SL,4,1.97,-0.34
ADAUSDT,1,1646059500,1.9,TP,1,3.78,-2.53
ADAUSDT,1,1647621900,1.9,TP,1,5.29,-2.85
ADAUSDT,1,1647870300,1.9,TP,2,-1.2,-0.02
ADAUSDT,-1,1648953000,-2.1,SL,3,1.37,-0.47
ADAUSDT,-1,1649596500,-2.1,SL,3,0.39,-0.52
ADAUSDT,-1,1649634300,1.9,TP,1,1.09,-3.13
ADAUSDT,-1,1649943900,1.9,TP,1,16.59,-2.65
ADAUSDT,-1,1650229200,1.9,TP,1,2.84,-1.56
ADAUSDT,-1,1651517100,-2.1,SL,4,2.95,-0.45
ADAUSDT,-1,1653543000,1.9,TP,1,1.37,-2.2
ADAUSDT,-1,1654254000,1.9,TP,1,3.28,-3.38
ADAUSDT,1,1654614900,1.9,TP,1,4.55,-1.92
ADAUSDT,1,1656207000,1.9,TP,3,5.41,-0.53
ADAUSDT,-1,1656857700,-2.1,SL,3,2.96,-0.49
ADAUSDT,1,1657102500,1.9,TP,2,1.88,-0.2
ADAUSDT,1,1659881700,1.9,TP,2,5.01,-0.42
ADAUSDT,-1,1660732200,1.9,TP,1,1.02,-1.97
ADAUSDT,1,1661910300,-2.1,SL,1,5.26,-1.78
ADAUSDT,-1,1663713900,-2.1,SL,4,3.8,-0.07
ADAUSDT,-1,1664298000,1.9,TP,1,0.69,-3.02
ADAUSDT,-1,1665763200,1.9,TP,1,4.34,-3.38
ADAUSDT,-1,1668942000,1.9,TP,1,3.47,-2.22
ADAUSDT,-1,1670794200,1.9,TP,1,3.47,-2.68
ADAUSDT,-1,1671466500,1.9,TP,3,2.06,-2.14
ADAUSDT,1,1672028100,1.9,TP,3,3.36,-0.07
ADAUSDT,1,1673482500,1.9,TP,1,1.02,-1.84
ADAUSDT,1,1673833500,-2.1,SL,1,1.59,-2.16
ADAUSDT,1,1674990000,1.9,TP,2,3.83,-1.28
ADAUSDT,1,1675286100,1.9,TP,1,1.27,-2.6
ADAUSDT,-1,1677496500,1.9,TP,4,-0.82,0.35
ADAUSDT,-1,1677729600,1.9,TP,2,1.76,0.1
ADAUSDT,1,1679404500,1.9,TP,1,5.05,-3.87
ADAUSDT,1,1680256800,1.9,TP,1,6.34,-1.65
ADAUSDT,-1,1681886700,1.9,TP,1,4.12,-2.2
ADAUSDT,-1,1687921200,1.9,TP,1,0.29,-1.44
ADAUSDT,1,1688223600,1.9,TP,4,-0.8,-0.04
ADAUSDT,1,1689262200,1.9,TP,1,7.73,-7.01
ADAUSDT,-1,1690191900,-1.217,TIMEOUT,1,4.84,-4.4
ADAUSDT,1,1690551900,1.9,TP,3,5.89,-0.3
ADAUSDT,1,1693319400,-2.1,SL,1,7.14,-6.85
ADAUSDT,-1,1694014200,-2.1,SL,2,0.12,-0.07
ADAUSDT,1,1698251400,1.9,TP,2,11.26,0.39
ADAUSDT,1,1699414200,1.9,TP,4,4.87,-0.74
ADAUSDT,1,1701648900,1.9,TP,1,3.82,-1.63
ADAUSDT,1,1704921300,1.9,TP,1,4.13,-3.43
ADAUSDT,-1,1705501800,1.9,TP,4,1.44,-0.03
ADAUSDT,-1,1706205600,-2.1,SL,3,1.5,0.39
ADAUSDT,1,1706546700,1.9,TP,1,3.72,-3.95
ADAUSDT,-1,1707280200,1.9,TP,1,3.82,-3.11
ADAUSDT,1,1708205400,1.9,TP,1,3.26,-3.05
ADAUSDT,-1,1708662600,1.9,TP,3,8.07,0.12
ADAUSDT,1,1709303400,1.9,TP,4,0.97,-0.05
ADAUSDT,-1,1709916300,-2.1,SL,3,1.93,-0.33
ADAUSDT,-1,1710778500,1.9,TP,4,11.12,-0.22
ADAUSDT,1,1712564100,1.9,TP,1,6.14,-4.91
ADAUSDT,-1,1712925900,1.9,TP,1,4,-3.15
ADAUSDT,1,1714744800,1.9,TP,1,8.16,-2.59
ADAUSDT,-1,1718007300,-2.1,SL,3,2.9,-0.57
ADAUSDT,-1,1721865600,1.9,TP,1,3.43,-0.8
ADAUSDT,1,1722221100,-2.1,SL,1,7.16,-4.64
ADAUSDT,-1,1722609900,1.9,TP,1,4.58,-3.16
ADAUSDT,1,1723348800,-2.1,SL,1,15.94,-1.5
ADAUSDT,1,1724115600,1.9,TP,1,4.27,-2.42
ADAUSDT,1,1726079400,1.9,TP,1,3.49,-1.59
ADAUSDT,-1,1728163800,-2.1,SL,4,2.9,-0.21
ADAUSDT,1,1729667700,-2.1,SL,3,3.57,-0.86
ADAUSDT,-1,1731609900,-2.1,SL,2,1.05,-0.22
ADAUSDT,1,1733418900,-2.1,SL,4,1.44,-0.49
ADAUSDT,-1,1735494300,1.9,TP,1,0.18,-2.08
ADAUSDT,-1,1737414900,1.9,TP,1,2.53,-0.31
ADAUSDT,-1,1737932400,1.9,TP,1,3.44,-4.05
ADAUSDT,-1,1740332700,1.9,TP,4,9.2,-0.54
ADAUSDT,-1,1741881600,1.9,TP,1,3.19,-1.48
ADAUSDT,-1,1744137000,1.9,TP,3,1.6,-1.22
ADAUSDT,1,1747035900,1.9,TP,2,0.67,-0.51
ADAUSDT,-1,1747746900,-2.1,SL,2,17.51,-0.43
ADAUSDT,-1,1748324700,-2.1,SL,2,3.22,0.32
ADAUSDT,-1,1748406600,1.9,TP,2,2.89,0.44
ADAUSDT,-1,1748764800,1.9,TP,1,16.79,-2.35
ADAUSDT,1,1749398400,-2.1,SL,1,0.76,-1.11
ADAUSDT,-1,1755827100,1.9,TP,4,9.43,-0.25
ADAUSDT,-1,1762095600,1.9,TP,1,2.48,-2.03
ADAUSDT,-1,1762965000,1.9,TP,1,1.18,-2.65
ADAUSDT,-1,1763055000,1.9,TP,1,4.51,-3.47
ADAUSDT,-1,1763656200,1.9,TP,1,3.39,-3.68
ADAUSDT,1,1764180900,-2.1,SL,1,6.01,-4.1
ADAUSDT,-1,1764548100,1.9,TP,1,5.69,-5.85
ADAUSDT,-1,1766469600,1.9,TP,1,0.28,-1.42
ADAUSDT,1,1766972700,1.9,TP,1,6.93,-2.24
ADAUSDT,-1,1768729500,1.9,TP,2,1.69,0.02
ADAUSDT,-1,1770146100,-2.1,SL,3,-1.48,0.3
ADAUSDT,-1,1770714000,1.9,TP,4,2.81,0.38
ADAUSDT,1,1772172900,-2.1,SL,3,-1.44,-0.31
ADAUSDT,-1,1775098800,1.9,TP,1,4.21,-2.4
ADAUSDT,-1,1775960100,1.9,TP,1,3.42,-2.61
ADAUSDT,1,1777832100,1.9,TP,3,5.94,-0.65
ADAUSDT,1,1778256900,1.9,TP,1,4.46,-1.63
ADAUSDT,1,1778424300,1.9,TP,1,2.31,-1.83
ADAUSDT,-1,1780065900,-2.1,SL,2,2.64,-0.18
ADAUSDT,-1,1780242300,1.9,TP,1,3.92,-1.87
ADAUSDT,-1,1782819900,-2.1,SL,2,1.39,-1.4
ADAUSDT,1,1784569500,1.9,TP,1,3.73,-1.83
ADAUSDT,-1,1785163500,1.9,TP,1,4.36,-3.55
LINKUSDT,-1,1607255100,1.9,TP,3,3.15,0
LINKUSDT,-1,1607344200,1.9,TP,3,1.63,0.45
LINKUSDT,1,1608127200,-2.1,SL,1,3.67,-5.1
LINKUSDT,-1,1609461000,-2.1,SL,3,-0.64,-0.05
LINKUSDT,1,1610905500,1.9,TP,1,10.27,-2.22
LINKUSDT,1,1612494000,1.9,TP,1,3.84,-1.96
LINKUSDT,-1,1614290400,1.9,TP,1,2.29,-2.25
LINKUSDT,1,1616174100,-2.1,SL,4,0.47,-0.34
LINKUSDT,-1,1616614200,1.9,TP,1,5.47,-3.92
LINKUSDT,1,1617005700,1.9,TP,1,7.92,-2.42
LINKUSDT,1,1617221700,1.9,TP,1,2.24,-1.84
LINKUSDT,1,1618137900,1.9,TP,2,19.07,0.24
LINKUSDT,1,1618324200,1.9,TP,1,1.58,-1.93
LINKUSDT,1,1619765100,1.9,TP,1,19.16,-2.31
LINKUSDT,1,1620032400,-2.1,SL,3,30.26,-0.64
LINKUSDT,1,1620130500,1.9,TP,3,-0.75,-0.36
LINKUSDT,-1,1621607400,1.9,TP,1,5.13,-2.27
LINKUSDT,-1,1623087000,1.9,TP,1,1.71,-2.52
LINKUSDT,-1,1623335400,1.9,TP,1,0.03,-1.57
LINKUSDT,1,1625545800,1.9,TP,1,3.23,-3.69
LINKUSDT,1,1627081200,1.9,TP,1,5.71,-3.61
LINKUSDT,1,1627259400,1.9,TP,1,12.07,-4.45
LINKUSDT,1,1627606800,1.9,TP,2,0.33,-2.9
LINKUSDT,1,1627661700,1.9,TP,1,3.23,-4.38
LINKUSDT,1,1627916400,1.9,TP,1,7.14,-2.02
LINKUSDT,1,1628275500,-2.1,SL,3,1.98,-1.04
LINKUSDT,1,1628836200,1.9,TP,1,6.98,-2.32
LINKUSDT,1,1629065700,1.9,TP,1,5.56,-2.91
LINKUSDT,-1,1630260900,-2.1,SL,4,1.1,-0.22
LINKUSDT,-1,1630382400,-2.1,SL,2,0.08,0.36
LINKUSDT,1,1630855800,1.9,TP,1,2.15,-1.71
LINKUSDT,1,1635139800,1.9,TP,1,22.8,-1.68
LINKUSDT,1,1636267500,1.9,TP,2,7.47,0.14
LINKUSDT,1,1636548300,1.9,TP,2,-0.56,0.2
LINKUSDT,1,1636628400,-2.1,SL,3,2.55,-0.48
LINKUSDT,-1,1636993800,1.9,TP,1,7.94,-2.03
LINKUSDT,-1,1637551800,1.9,TP,1,2.95,-2.12
LINKUSDT,-1,1638551700,1.9,TP,1,1.8,-2.25
LINKUSDT,1,1641573000,1.9,TP,1,7.15,-2.19
LINKUSDT,1,1641696300,1.9,TP,1,11.14,-2.51
LINKUSDT,-1,1642715100,-2.1,SL,1,5.05,-5.22
LINKUSDT,1,1643299200,-2.1,SL,2,3.17,-0.18
LINKUSDT,1,1644204600,1.9,TP,1,3.44,-2.47
LINKUSDT,1,1644419700,-2.1,SL,4,0.89,-0.7
LINKUSDT,1,1646063100,1.9,TP,1,0.14,-3.58
LINKUSDT,1,1647850500,-2.1,SL,1,4.18,-3.59
LINKUSDT,-1,1649943900,1.9,TP,1,1.02,-2.16
LINKUSDT,1,1650167100,1.9,TP,1,1.78,-1.95
LINKUSDT,1,1650549600,-2.1,SL,3,5.27,-0.27
LINKUSDT,-1,1650982500,1.9,TP,1,5.69,-2.99
LINKUSDT,-1,1651158000,1.9,TP,3,-3.23,1.35
LINKUSDT,-1,1653483600,1.9,TP,4,0.18,-0.05
LINKUSDT,1,1654624800,1.9,TP,1,4.06,-2.43
LINKUSDT,1,1655988300,-2.1,SL,3,13.06,0.43
LINKUSDT,-1,1656450000,1.9,TP,3,2.15,0.12
LINKUSDT,-1,1656681300,-2.1,SL,3,0.51,0.03
LINKUSDT,1,1658122200,1.9,TP,1,8.21,-3.31
LINKUSDT,-1,1658518200,-2.1,SL,1,3.16,-3.2
LINKUSDT,1,1659891600,1.9,TP,1,18.06,-2.81
LINKUSDT,1,1660137300,1.9,TP,1,2.9,-4.76
LINKUSDT,1,1661910300,1.9,TP,1,0.72,-1.77
LINKUSDT,1,1662068700,1.9,TP,1,1.91,-1.99
LINKUSDT,1,1662291000,1.9,TP,1,6.66,-3.5
LINKUSDT,1,1664238600,1.9,TP,1,8.76,-1.62
LINKUSDT,-1,1665447300,1.9,TP,1,5.39,-3.69
LINKUSDT,-1,1665773100,-2.1,SL,1,4.98,-2.45
LINKUSDT,1,1666554300,-2.1,SL,1,3.55,-2.24
LINKUSDT,1,1666711800,1.9,TP,1,2.32,-1.86
LINKUSDT,1,1666977300,1.9,TP,1,5.59,-2.24
LINKUSDT,-1,1670795100,1.9,TP,1,4.88,-1.97
LINKUSDT,1,1672801200,-1.555,TIMEOUT,1,5.01,-3.66
LINKUSDT,1,1673480700,-2.1,SL,1,1.98,-2.86
LINKUSDT,1,1675447200,-0.665,TIMEOUT,3,8.14,0.21
LINKUSDT,1,1675929600,1.9,TP,1,7.68,-5.16
LINKUSDT,-1,1676239200,1.9,TP,1,4.42,-4.34
LINKUSDT,1,1676650500,1.9,TP,4,0.46,0.02
LINKUSDT,-1,1678524300,1.9,TP,3,13.43,-1.43
LINKUSDT,1,1679248800,-2.1,SL,4,11.95,-0.3
LINKUSDT,1,1679402700,1.9,TP,1,13.12,-4.16
LINKUSDT,-1,1679925600,1.9,TP,1,2.5,-2.03
LINKUSDT,-1,1680979500,-1.013,TIMEOUT,2,0.61,-3.89
LINKUSDT,1,1684082700,1.9,TP,4,0.7,0.3
LINKUSDT,-1,1684894500,1.9,TP,3,0.79,-0.36
LINKUSDT,-1,1686363300,1.9,TP,1,6.39,-1.81
LINKUSDT,1,1687500000,1.9,TP,1,0.67,-4.77
LINKUSDT,-1,1688650200,1.9,TP,1,3.83,-2.29
LINKUSDT,1,1690680600,-1.316,TIMEOUT,2,13.69,0.43
LINKUSDT,-1,1690993800,1.9,TP,1,2.73,-1.12
LINKUSDT,-1,1691427600,-2.1,SL,3,7.01,0.03
LINKUSDT,-1,1692052200,1.9,TP,3,0.33,0.27
LINKUSDT,-1,1693503000,-2.1,SL,1,3.2,-1.77
LINKUSDT,-1,1693593000,-2.1,SL,3,2.57,-0.42
LINKUSDT,1,1695409200,1.9,TP,2,0.42,-3.81
LINKUSDT,1,1695612600,1.9,TP,1,4.83,-0.91
LINKUSDT,-1,1697111100,1.9,TP,3,10.26,-0.2
LINKUSDT,1,1698194700,1.9,TP,1,4.43,-4.31
LINKUSDT,1,1698639300,-2.1,SL,2,2.51,0.24
LINKUSDT,-1,1700148600,1.9,TP,4,0.35,-1.58
LINKUSDT,1,1703336400,-2.1,SL,1,5.91,-4.13
LINKUSDT,-1,1704068100,-1.641,TIMEOUT,3,0.12,-0.5
LINKUSDT,1,1705455000,1.9,TP,1,6.72,-2.98
LINKUSDT,1,1706796900,1.9,TP,1,16.19,-1.57
LINKUSDT,1,1709622900,-2.1,SL,3,1.86,0.13
LINKUSDT,-1,1710472500,-2.1,SL,4,1.53,-3.91
LINKUSDT,-1,1711950300,1.9,TP,1,3.95,-5.12
LINKUSDT,-1,1712928600,1.9,TP,1,12.89,-4.58
LINKUSDT,-1,1715353200,1.9,TP,1,3.82,-3.77
LINKUSDT,-1,1717326000,1.9,TP,3,5.09,-0.46
LINKUSDT,-1,1717783200,-2.1,SL,1,7.36,-8.35
LINKUSDT,1,1722220200,-2.1,SL,1,5.32,-3.13
LINKUSDT,-1,1722605400,1.9,TP,3,8.47,1.4
LINKUSDT,1,1723284000,1.9,TP,4,13.24,-0.71
LINKUSDT,1,1723739400,-2.1,SL,4,4.44,0.03
LINKUSDT,1,1724227200,-2.1,SL,3,5.3,0.21
LINKUSDT,-1,1724956200,1.9,TP,1,7.84,-3.35
LINKUSDT,-1,1725372900,1.9,TP,1,8.69,-3.3
LINKUSDT,-1,1725538500,1.9,TP,3,2.13,-0.43
LINKUSDT,1,1725994800,-2.1,SL,3,2.92,-0.26
LINKUSDT,1,1727354700,1.9,TP,2,12.96,0.44
LINKUSDT,1,1729422000,1.9,TP,1,26.98,-3.52
LINKUSDT,1,1732894200,1.9,TP,4,19.47,-0.24
LINKUSDT,1,1733513400,1.9,TP,1,18.84,-2.46
LINKUSDT,1,1733651100,1.9,TP,4,18.08,-0.11
LINKUSDT,1,1737297900,1.9,TP,1,12.05,-4.49
LINKUSDT,1,1737387900,1.9,TP,3,1.44,0.01
LINKUSDT,-1,1738095300,1.9,TP,1,4.05,-1.48
LINKUSDT,-1,1740601800,-2.1,SL,2,3.68,0.29
LINKUSDT,-1,1741890600,-2.1,SL,4,-0.57,-0.27
LINKUSDT,1,1743615000,1.9,TP,3,0.89,0.32
LINKUSDT,1,1745318700,1.9,TP,1,6.6,-1.65
LINKUSDT,1,1747026900,1.9,TP,4,1.3,0.36
LINKUSDT,1,1747154700,1.9,TP,1,1.12,-1.38
LINKUSDT,1,1750928400,-2.1,SL,3,1.56,1.04
LINKUSDT,1,1751125500,1.9,TP,1,3.13,-3.39
LINKUSDT,1,1752399000,1.9,TP,4,20.85,-0.26
LINKUSDT,1,1752958800,1.9,TP,3,1.87,-0.04
LINKUSDT,1,1755005400,1.9,TP,1,11.45,-2.79
LINKUSDT,1,1755873900,1.9,TP,1,5.69,-2.24
LINKUSDT,1,1756063800,-2.1,SL,2,-1.71,-0.4
LINKUSDT,-1,1756442700,1.9,TP,4,0.13,-1.68
LINKUSDT,-1,1758767400,1.9,TP,4,1.83,-0.55
LINKUSDT,-1,1759033800,-1.248,TIMEOUT,4,13.3,-0.08
LINKUSDT,1,1759309200,1.9,TP,1,7.21,-4.41
LINKUSDT,1,1759760100,1.9,TP,1,4.1,-2.73
LINKUSDT,-1,1760112900,1.9,TP,1,1.98,-2.92
LINKUSDT,1,1761475500,1.9,TP,1,1.48,-1.25
LINKUSDT,-1,1761826500,1.9,TP,1,4.82,-2.64
LINKUSDT,-1,1762138800,1.9,TP,1,3.65,-3.36
LINKUSDT,-1,1762964100,-2.1,SL,1,5.17,-3.37
LINKUSDT,-1,1763052300,1.9,TP,1,6.39,-2.57
LINKUSDT,-1,1763656200,-2.1,SL,1,2.71,-3.73
LINKUSDT,-1,1764548100,1.9,TP,1,5.34,-6
LINKUSDT,1,1765399500,-2.1,SL,4,3.84,-0.11
LINKUSDT,-1,1765692900,1.9,TP,2,10.4,-0.87
LINKUSDT,-1,1766286900,1.9,TP,4,1.8,-0.12
LINKUSDT,-1,1768779900,1.9,TP,1,7.6,-5.81
LINKUSDT,1,1773531900,1.9,TP,3,0.49,-3.32
LINKUSDT,-1,1775368800,-2.1,SL,1,6.45,-4.47
LINKUSDT,1,1776267000,1.9,TP,3,2.92,0.06
LINKUSDT,1,1778258700,1.9,TP,1,4.93,-1.75
LINKUSDT,1,1781473500,1.9,TP,1,4.98,-4.36
LINKUSDT,1,1784032200,1.9,TP,1,1.93,-3.09
LINKUSDT,-1,1785481200,1.9,TP,1,0.95,-2.8
SUIUSDT,1,1683289800,-2.1,SL,2,2.73,-0.85
SUIUSDT,-1,1684683000,1.9,TP,1,5.5,-5.44
SUIUSDT,-1,1685939400,1.9,TP,2,0.36,-2.27
SUIUSDT,-1,1686358800,1.9,TP,1,5.44,-3.05
SUIUSDT,1,1687157100,1.9,TP,1,0.77,-2.18
SUIUSDT,1,1687293900,1.9,TP,1,5.16,-1.35
SUIUSDT,-1,1687739400,1.9,TP,3,18.59,-0.31
SUIUSDT,-1,1688953500,1.9,TP,1,3.42,-2.61
SUIUSDT,1,1689419700,-2.1,SL,3,6.07,-0.2
SUIUSDT,1,1689584400,-2.1,SL,4,1.86,-0.14
SUIUSDT,-1,1690476300,-0.874,TIMEOUT,1,1,-1.56
SUIUSDT,-1,1690616700,-1.435,TIMEOUT,2,4.38,0.05
SUIUSDT,-1,1690868700,-2.1,SL,4,2.16,0.15
SUIUSDT,-1,1694093400,-2.1,SL,2,1.06,-0.11
SUIUSDT,1,1694821500,1.9,TP,1,2.73,-1.54
SUIUSDT,1,1696145400,1.9,TP,4,-0.62,-0.19
SUIUSDT,-1,1697705100,-2.1,SL,1,4.87,-2.68
SUIUSDT,1,1698465600,1.9,TP,1,1.55,-1.42
SUIUSDT,-1,1705582800,-2.1,SL,1,8.05,-3.7
SUIUSDT,1,1706273100,1.9,TP,4,2.78,-0.14
SUIUSDT,1,1707116400,1.9,TP,1,4.73,-1.24
SUIUSDT,-1,1708682400,1.9,TP,4,3.53,-0.36
SUIUSDT,1,1710718200,1.9,TP,3,12.32,-0.92
SUIUSDT,1,1711674900,1.9,TP,1,3.49,-2.03
SUIUSDT,-1,1712034900,1.9,TP,1,3.35,-2.35
SUIUSDT,-1,1712268900,1.9,TP,1,22.58,-1.6
SUIUSDT,1,1713516300,1.9,TP,1,6.14,-2.65
SUIUSDT,-1,1714721400,1.9,TP,1,3.69,-2.88
SUIUSDT,1,1715101200,-2.1,SL,3,2.91,-0.58
SUIUSDT,-1,1716866100,1.9,TP,1,3.12,-2.11
SUIUSDT,-1,1717992900,1.9,TP,1,7.2,-2.67
SUIUSDT,-1,1718380800,1.9,TP,1,10.65,-4.6
SUIUSDT,-1,1718604000,1.9,TP,1,3.74,-2.99
SUIUSDT,-1,1719544500,1.9,TP,1,2.98,-0.91
SUIUSDT,-1,1722270600,1.9,TP,1,1.16,-2.88
SUIUSDT,1,1723434300,-2.1,SL,4,1.81,0.13
SUIUSDT,1,1726551900,1.9,TP,1,1.68,-2.98
SUIUSDT,1,1727011800,-2.1,SL,4,14.36,-0.28
SUIUSDT,1,1727196300,1.9,TP,1,4.41,-1.56
SUIUSDT,-1,1729811700,1.9,TP,1,15.29,-1.49
SUIUSDT,1,1731496500,-2.1,SL,1,1.15,-2.64
SUIUSDT,1,1732048200,-2.1,SL,3,2.29,-0.37
SUIUSDT,1,1733072400,-2.1,SL,3,0.05,-0.33
SUIUSDT,1,1734426000,1.9,TP,3,4.5,0.19
SUIUSDT,1,1737223200,1.9,TP,1,4.57,-2.17
SUIUSDT,-1,1737582300,1.9,TP,1,3.06,-1.43
SUIUSDT,-1,1737754200,1.9,TP,1,5.49,-3.37
SUIUSDT,-1,1738084500,1.9,TP,3,16.68,-0.56
SUIUSDT,-1,1739143800,-2.1,SL,4,1.65,-0.01
SUIUSDT,1,1739392200,1.9,TP,1,3.12,-2.52
SUIUSDT,-1,1741886100,-2.1,SL,1,0.08,-2.32
SUIUSDT,1,1742910300,1.9,TP,3,7.95,-0.75
SUIUSDT,-1,1743397200,1.9,TP,4,1.91,0.18
SUIUSDT,1,1745307900,1.9,TP,1,9.33,-2.27
SUIUSDT,1,1746670500,1.9,TP,1,4.36,-4.11
SUIUSDT,-1,1748277900,1.9,TP,1,0.72,-1.84
SUIUSDT,-1,1748997900,1.9,TP,3,1.44,0.05
SUIUSDT,-1,1751915700,-1.869,TIMEOUT,4,-0.98,0.27
SUIUSDT,1,1753251300,-2.1,SL,2,1.23,0.07
SUIUSDT,-1,1756450800,1.9,TP,1,5.44,-3.7
SUIUSDT,-1,1756683900,1.9,TP,1,0.21,-2.6
SUIUSDT,1,1757047500,1.9,TP,1,11.28,-2.47
SUIUSDT,1,1757483100,1.9,TP,2,2.1,-0.28
SUIUSDT,-1,1758770100,1.9,TP,1,1.14,-1.91
SUIUSDT,-1,1760112000,1.9,TP,1,4.46,-3.45
SUIUSDT,-1,1762095600,1.9,TP,1,3.69,-1.56
SUIUSDT,-1,1763656200,1.9,TP,1,5.48,-3.82
SUIUSDT,1,1765399500,-2.1,SL,2,1.32,0.3
SUIUSDT,1,1767778200,-2.1,SL,4,12.19,-0.37
SUIUSDT,-1,1768088700,-2.1,SL,4,4.01,-0.27
SUIUSDT,-1,1770146100,-2.1,SL,3,-1.59,0.44
SUIUSDT,-1,1771871400,1.9,TP,2,0.92,-0.58
SUIUSDT,1,1774404000,1.9,TP,2,3.85,0.04
SUIUSDT,-1,1775360700,1.9,TP,1,1.8,-1.15
SUIUSDT,1,1775594700,1.9,TP,1,4.49,-2.34
SUIUSDT,1,1777839300,1.9,TP,3,4.6,-1.02
SUIUSDT,1,1778250600,1.9,TP,1,4.23,-3.81
SUIUSDT,-1,1780236900,-2.1,SL,1,3.16,-3.1
SUIUSDT,1,1781473500,1.9,TP,1,6.2,-5.85
1000PEPEUSDT,-1,1683516600,-2.1,SL,1,2.8,-1.73
1000PEPEUSDT,1,1684199700,-2.1,SL,3,1.76,-0.21
1000PEPEUSDT,-1,1684903500,1.9,TP,1,0.21,-1.64
1000PEPEUSDT,-1,1685666700,-2.1,SL,3,2.15,-0.63
1000PEPEUSDT,-1,1686779100,1.9,TP,1,2.15,-1.12
1000PEPEUSDT,-1,1688652900,-2.1,SL,1,5.07,-4.05
1000PEPEUSDT,-1,1688948100,1.9,TP,1,4.01,-3.95
1000PEPEUSDT,-1,1689212700,1.9,TP,3,4.73,0.11
1000PEPEUSDT,-1,1689868800,1.9,TP,1,0.98,-1.77
1000PEPEUSDT,1,1692000000,-2.1,SL,1,4.3,-2.76
1000PEPEUSDT,1,1694129400,-2.1,SL,3,1.73,-0.8
1000PEPEUSDT,1,1695582000,-2.1,SL,3,0.82,-0.03
1000PEPEUSDT,1,1695959100,1.9,TP,1,1.08,-1.26
1000PEPEUSDT,-1,1696838400,1.9,TP,1,4.97,-1.73
1000PEPEUSDT,-1,1698938100,1.9,TP,1,4.32,-1.72
1000PEPEUSDT,-1,1700750700,1.9,TP,1,10.79,-1.69
1000PEPEUSDT,-1,1703186100,-2.1,SL,2,5.67,-0.81
1000PEPEUSDT,-1,1704627000,1.9,TP,4,4.86,0.07
1000PEPEUSDT,1,1707754500,1.9,TP,1,2.5,-2.3
1000PEPEUSDT,1,1709282700,-2.1,SL,1,4.22,-4.57
1000PEPEUSDT,1,1709707500,1.9,TP,1,2.35,-1.77
1000PEPEUSDT,-1,1710770400,1.9,TP,1,20.47,-1.72
1000PEPEUSDT,-1,1713360600,1.9,TP,4,-1.21,-0.34
1000PEPEUSDT,-1,1714470300,1.9,TP,1,0.31,-2.75
1000PEPEUSDT,1,1715602500,1.9,TP,1,2.74,-2.86
1000PEPEUSDT,1,1716616800,1.9,TP,1,5.82,-2.86
1000PEPEUSDT,-1,1717720200,1.9,TP,2,0.92,-0.01
1000PEPEUSDT,-1,1718060400,1.9,TP,1,13.02,-1.59
1000PEPEUSDT,1,1719003600,-2.1,SL,2,2.64,0.08
1000PEPEUSDT,1,1723118400,1.9,TP,2,11.19,0.05
1000PEPEUSDT,-1,1724034600,1.9,TP,3,0.28,-0.26
1000PEPEUSDT,1,1727074800,-2.1,SL,2,7.07,0.3
1000PEPEUSDT,1,1727766900,-2.1,SL,1,0.01,-1.9
1000PEPEUSDT,1,1728878400,1.9,TP,1,4.1,-3.23
1000PEPEUSDT,-1,1729833300,1.9,TP,1,0.08,-2.05
1000PEPEUSDT,1,1731459600,-2.1,SL,3,10.48,-0.63
1000PEPEUSDT,1,1731705300,1.9,TP,3,18.22,0.06
1000PEPEUSDT,1,1731922200,-2.1,SL,3,0.04,0.34
1000PEPEUSDT,1,1732347000,1.9,TP,4,1.46,-0.28
1000PEPEUSDT,1,1735798500,1.9,TP,4,10.06,-0.28
1000PEPEUSDT,1,1737099900,1.9,TP,1,16.35,-2.51
1000PEPEUSDT,-1,1737418500,1.9,TP,1,3.25,-1.15
1000PEPEUSDT,-1,1738089000,1.9,TP,1,29.2,-2.16
1000PEPEUSDT,-1,1740702600,1.9,TP,1,1.43,-0.29
1000PEPEUSDT,-1,1740826800,-2.1,SL,1,12.83,-4.24
1000PEPEUSDT,1,1742342400,1.9,TP,1,5.98,-3.31
1000PEPEUSDT,1,1744369200,1.9,TP,3,2.18,-0.15
1000PEPEUSDT,1,1745546400,1.9,TP,3,17.77,0.22
1000PEPEUSDT,-1,1745979300,-2.1,SL,4,4.44,-0.32
1000PEPEUSDT,-1,1748865600,-2.1,SL,2,13.11,-0.12
1000PEPEUSDT,-1,1749929400,-2.1,SL,2,8,-0.74
1000PEPEUSDT,-1,1750433400,1.9,TP,1,1.67,-2.11
1000PEPEUSDT,1,1752984000,1.9,TP,2,9,-0.43
1000PEPEUSDT,-1,1756101600,1.9,TP,1,2.07,-1.98
1000PEPEUSDT,-1,1756453500,1.9,TP,1,3.67,-3
1000PEPEUSDT,-1,1756654200,1.9,TP,4,-1.22,0.18
1000PEPEUSDT,-1,1756755000,1.9,TP,2,4.35,0.14
1000PEPEUSDT,-1,1758106800,-2.1,SL,3,1.06,0.17
1000PEPEUSDT,-1,1758969000,1.9,TP,2,17.17,-0.31
1000PEPEUSDT,1,1759510800,-2.1,SL,3,9.22,-0.64
1000PEPEUSDT,1,1761470100,1.9,TP,1,3.35,-4.77
1000PEPEUSDT,-1,1761812100,1.9,TP,1,3.07,-0.75
1000PEPEUSDT,-1,1763055900,1.9,TP,1,7.75,-3.52
1000PEPEUSDT,-1,1763402400,1.9,TP,1,1.48,-1.88
1000PEPEUSDT,-1,1763535600,1.9,TP,4,1.81,-0.09
1000PEPEUSDT,1,1764119700,-2.1,SL,3,6.48,-0.67
1000PEPEUSDT,1,1764180900,1.9,TP,1,8.76,-3.64
1000PEPEUSDT,1,1764327600,1.9,TP,3,10.61,0.43
1000PEPEUSDT,-1,1764548100,1.9,TP,1,4.46,-5.46
1000PEPEUSDT,1,1765296000,1.9,TP,1,4.66,-4.55
1000PEPEUSDT,1,1765399500,-2.1,SL,2,0.3,0.3
1000PEPEUSDT,-1,1765554300,1.9,TP,1,3.08,-4.93
1000PEPEUSDT,-1,1765812600,1.9,TP,1,1.94,-3.38
1000PEPEUSDT,-1,1770145200,-2.1,SL,2,0.62,0.03
1000PEPEUSDT,-1,1770709500,1.9,TP,1,5.27,-2.58
1000PEPEUSDT,-1,1771695900,1.9,TP,1,4.12,-1.25
1000PEPEUSDT,-1,1771896600,1.9,TP,3,1.19,-0.52
1000PEPEUSDT,1,1773355500,1.9,TP,4,3.06,-0.78
1000PEPEUSDT,1,1776270600,1.9,TP,1,4.01,-1.64
1000PEPEUSDT,1,1776998700,1.9,TP,4,4.38,-0.29
1000PEPEUSDT,1,1777186800,1.9,TP,1,8.13,-1.32
1000PEPEUSDT,1,1778428800,1.9,TP,1,12.31,-3.37
1000PEPEUSDT,1,1779801300,-2.1,SL,4,0.64,0.5
1000PEPEUSDT,-1,1780242300,-2.1,SL,1,9.16,-1.87
1000PEPEUSDT,-1,1780310700,1.9,TP,3,8.92,0.34
1000PEPEUSDT,-1,1782087300,-2.1,SL,4,1.33,0.08
1000PEPEUSDT,-1,1782590400,1.9,TP,1,1.43,-1.75
1000PEPEUSDT,1,1783862100,-2.1,SL,1,10.87,-2.48
1000PEPEUSDT,1,1785771000,1.9,TP,1,2.28,-1.87
AVAXUSDT,1,1606927500,1.9,TP,3,2.03,0.43
AVAXUSDT,1,1608133500,1.9,TP,1,2.87,-3.19
AVAXUSDT,1,1608269400,1.9,TP,1,2.41,-2.07
AVAXUSDT,1,1610100000,1.9,TP,1,14.16,-2.01
AVAXUSDT,1,1610416800,1.9,TP,1,21.54,-2.57
AVAXUSDT,-1,1611952200,1.9,TP,3,2.75,-0.16
AVAXUSDT,-1,1614294000,-2.1,SL,1,15.68,-1.76
AVAXUSDT,1,1615470300,-2.1,SL,4,12.98,-0.56
AVAXUSDT,-1,1616614200,1.9,TP,1,0.25,-2.85
AVAXUSDT,1,1618339500,1.9,TP,2,5.81,0.17
AVAXUSDT,-1,1619053200,1.9,TP,4,9.86,0.08
AVAXUSDT,1,1620024300,1.9,TP,4,12.07,0.11
AVAXUSDT,1,1620994500,1.9,TP,4,1.02,-0.14
AVAXUSDT,-1,1621606500,1.9,TP,1,6.38,-2.8
AVAXUSDT,-1,1623335400,1.9,TP,2,11.72,-0.91
AVAXUSDT,1,1623902400,1.9,TP,1,9.08,-1.82
AVAXUSDT,1,1625540400,1.9,TP,1,4.13,-1.99
AVAXUSDT,-1,1626108300,1.9,TP,1,2.65,-2.12
AVAXUSDT,-1,1626610500,1.9,TP,1,3.14,-1.2
AVAXUSDT,1,1627083000,1.9,TP,1,22.47,-3.15
AVAXUSDT,1,1627259400,1.9,TP,1,25.32,-3.24
AVAXUSDT,1,1627394400,1.9,TP,3,15.79,0.25
AVAXUSDT,1,1628192700,1.9,TP,3,8.73,-0.02
AVAXUSDT,1,1628506800,1.9,TP,1,12.02,-3.67
AVAXUSDT,1,1629066600,1.9,TP,1,4.42,-2.24
AVAXUSDT,1,1630752300,-2.1,SL,2,0.4,0.32
AVAXUSDT,-1,1634300100,-2.1,SL,2,9.88,-0.68
AVAXUSDT,1,1636221600,1.9,TP,1,17.45,-1.29
AVAXUSDT,1,1636943400,1.9,TP,1,10.54,-3.33
AVAXUSDT,1,1637315100,-2.1,SL,1,7.69,-2.66
AVAXUSDT,-1,1639400400,1.9,TP,1,9.24,-2.08
AVAXUSDT,1,1640292300,-2.1,SL,2,2.64,-0.09
AVAXUSDT,-1,1640647800,1.9,TP,1,4.22,-1.93
AVAXUSDT,-1,1642715100,1.9,TP,1,4.44,-5.79
AVAXUSDT,1,1644197400,1.9,TP,1,2.3,-1.99
AVAXUSDT,-1,1646432100,1.9,TP,1,11.18,-2.66
AVAXUSDT,-1,1647264600,1.9,TP,1,0.66,-2.32
AVAXUSDT,1,1647621000,1.9,TP,1,7.22,-4.24
AVAXUSDT,-1,1649185200,1.9,TP,1,5.71,-2
AVAXUSDT,-1,1649633400,1.9,TP,1,1.7,-2.2
AVAXUSDT,-1,1650980700,1.9,TP,1,2.23,-3.68
AVAXUSDT,-1,1654745400,-2.1,SL,2,0.46,-0.06
AVAXUSDT,1,1657983600,1.9,TP,1,17.56,-3.35
AVAXUSDT,1,1658192400,1.9,TP,2,5.43,-0.01
AVAXUSDT,1,1658421900,-2.1,SL,1,3.03,-3.51
AVAXUSDT,-1,1658711700,1.9,TP,1,6.46,-3.35
AVAXUSDT,-1,1659573000,-2.1,SL,4,6.83,-0.37
AVAXUSDT,-1,1663516800,1.9,TP,1,4.05,-2.89
AVAXUSDT,-1,1663699500,-2.1,SL,3,0.17,-0.23
AVAXUSDT,1,1663990200,-1.219,TIMEOUT,3,1.43,0.18
AVAXUSDT,-1,1664642700,1.9,TP,1,1.98,-1.77
AVAXUSDT,1,1665017100,-2.1,SL,1,3.29,-2.26
AVAXUSDT,1,1666707300,1.9,TP,1,5.08,-4.21
AVAXUSDT,-1,1668176100,-2.1,SL,1,20.73,-4.93
AVAXUSDT,-1,1671475500,1.9,TP,1,2.55,-2.67
AVAXUSDT,-1,1671601500,1.9,TP,4,2.44,0.03
AVAXUSDT,-1,1672191900,1.9,TP,1,0.86,-1.24
AVAXUSDT,-1,1672540200,-0.137,TIMEOUT,4,4.4,-0.84
AVAXUSDT,1,1673812800,1.9,TP,3,2.62,-0.09
AVAXUSDT,-1,1676241000,1.9,TP,1,0.1,-1.86
AVAXUSDT,-1,1677955500,1.9,TP,1,15.19,-1.4
AVAXUSDT,-1,1678537800,1.9,TP,1,2.03,-0.69
AVAXUSDT,-1,1679514300,-2.1,SL,1,3.86,-3.27
AVAXUSDT,-1,1682887500,1.9,TP,1,4.35,-2.16
AVAXUSDT,1,1685309400,1.9,TP,1,2.95,-1.41
AVAXUSDT,-1,1686340800,1.9,TP,1,2.48,-2.73
AVAXUSDT,-1,1686775500,-2.1,SL,1,3.42,-3.74
AVAXUSDT,1,1687662900,1.9,TP,1,3.84,-3.59
AVAXUSDT,1,1688337000,1.9,TP,3,1.06,-1.07
AVAXUSDT,-1,1692111600,1.9,TP,1,14.69,-0.61
AVAXUSDT,-1,1692595800,1.9,TP,4,18.47,-0.08
AVAXUSDT,1,1693228500,1.9,TP,1,4.24,-2.09
AVAXUSDT,-1,1694095200,-2.1,SL,2,1.32,-0.17
AVAXUSDT,-1,1694784600,-2.1,SL,4,2.99,-0.19
AVAXUSDT,1,1695886200,1.9,TP,1,0.42,-2.9
AVAXUSDT,1,1698287400,1.9,TP,1,2.11,-2.61
AVAXUSDT,1,1698864300,1.9,TP,1,0.86,-3.44
AVAXUSDT,-1,1700922600,-2.1,SL,4,1.29,0.15
AVAXUSDT,1,1703526300,-2.1,SL,4,4.77,-0.16
AVAXUSDT,1,1704921300,1.9,TP,1,0.92,-2.93
AVAXUSDT,-1,1705886100,1.9,TP,1,14.78,-2.4
AVAXUSDT,1,1707902100,1.9,TP,1,1.82,-4.69
AVAXUSDT,-1,1708374600,1.9,TP,3,4.7,-0.32
AVAXUSDT,-1,1708644600,1.9,TP,1,14.63,-1.58
AVAXUSDT,1,1709548200,-2.1,SL,3,2.32,0.1
AVAXUSDT,-1,1709740800,-2.1,SL,3,4.48,0.16
AVAXUSDT,-1,1711844100,-2.1,SL,3,3.65,0.32
AVAXUSDT,-1,1711952100,-2.1,SL,1,2.03,-2.51
AVAXUSDT,-1,1713204900,1.9,TP,1,0.2,-2.25
AVAXUSDT,1,1713942000,-2.1,SL,3,5.1,-0.39
AVAXUSDT,-1,1715355900,1.9,TP,1,5.36,-1.78
AVAXUSDT,1,1717773300,-2.1,SL,4,2.71,0.48
AVAXUSDT,-1,1718379000,1.9,TP,1,4.49,-2.46
AVAXUSDT,1,1719480600,1.9,TP,1,7.33,-3.69
AVAXUSDT,-1,1720471500,1.9,TP,1,6.33,-1.46
AVAXUSDT,-1,1722605400,1.9,TP,3,0.31,1.3
AVAXUSDT,1,1724112900,1.9,TP,1,5.11,-3.51
AVAXUSDT,-1,1724960700,1.9,TP,1,14.47,-2.14
AVAXUSDT,1,1726171200,1.9,TP,4,0.01,0.28
AVAXUSDT,1,1726930800,-2.1,SL,3,1.68,0.32
AVAXUSDT,-1,1729829700,-2.1,SL,1,12.12,-3.5
AVAXUSDT,-1,1730504700,1.9,TP,2,0.59,-0.19
AVAXUSDT,1,1732514400,1.9,TP,1,19.68,-2.13
AVAXUSDT,1,1732682700,1.9,TP,2,16.91,-0.16
AVAXUSDT,-1,1734475500,1.9,TP,1,3.02,-1.85
AVAXUSDT,-1,1734787800,1.9,TP,1,20.65,-2.53
AVAXUSDT,-1,1735484400,1.9,TP,1,4.4,-2.09
AVAXUSDT,-1,1735609500,-2.1,SL,1,7.88,-1.69
AVAXUSDT,-1,1735712100,-2.1,SL,4,5.92,-0.11
AVAXUSDT,-1,1737408600,1.9,TP,3,0.19,-0.7
AVAXUSDT,-1,1737600300,1.9,TP,1,1.37,-1.89
AVAXUSDT,-1,1737768600,-2.1,SL,4,1.8,0.22
AVAXUSDT,1,1740225600,1.9,TP,1,14.26,-1.65
AVAXUSDT,-1,1740601800,-2.1,SL,4,4.91,0.08
AVAXUSDT,-1,1740690900,1.9,TP,2,4.12,-0.61
AVAXUSDT,-1,1741516200,1.9,TP,1,10.78,-2.26
AVAXUSDT,1,1741968000,1.9,TP,4,12.6,-0.31
AVAXUSDT,1,1742252400,-2.1,SL,4,1.03,0.3
AVAXUSDT,-1,1744995600,-1.952,TIMEOUT,2,14.95,-0.14
AVAXUSDT,1,1745326800,1.9,TP,1,4.63,-2.5
AVAXUSDT,1,1745598600,-2.1,SL,2,3.16,-0.78
AVAXUSDT,1,1745716500,-2.1,SL,3,3.31,-0.56
AVAXUSDT,-1,1746173700,1.9,TP,1,2.14,-2.06
AVAXUSDT,1,1747153800,1.9,TP,1,4.28,-1.97
AVAXUSDT,-1,1748867400,-2.1,SL,3,1.48,0.39
AVAXUSDT,1,1749402900,1.9,TP,1,11.12,-2.07
AVAXUSDT,1,1749475800,1.9,TP,4,7.91,-0.25
AVAXUSDT,-1,1756685700,-2.1,SL,2,0.27,-3.64
AVAXUSDT,1,1757726100,1.9,TP,2,21.37,0.23
AVAXUSDT,1,1758149100,1.9,TP,1,6.58,-4.58
AVAXUSDT,1,1759510800,-2.1,SL,3,1.59,-1.18
AVAXUSDT,-1,1760866200,-2.1,SL,3,15.61,0.16
AVAXUSDT,-1,1761089400,1.9,TP,1,14.91,-3.24
AVAXUSDT,1,1761466500,1.9,TP,1,1.95,-2.4
AVAXUSDT,-1,1761822000,1.9,TP,1,7.45,-1.77
AVAXUSDT,-1,1763055000,1.9,TP,1,1,-2.95
AVAXUSDT,-1,1763400600,1.9,TP,1,0.26,-2.1
AVAXUSDT,-1,1765698300,1.9,TP,2,0.22,-0.35
AVAXUSDT,1,1766827800,1.9,TP,4,6.47,-0.3
AVAXUSDT,1,1766973600,1.9,TP,1,1.32,-3.29
AVAXUSDT,-1,1767198600,-0.945,TIMEOUT,1,8.58,-3.19
AVAXUSDT,1,1773352800,1.9,TP,1,7.79,-1.75
AVAXUSDT,-1,1777701600,-0.827,TIMEOUT,4,0.65,-0.53
AVAXUSDT,1,1778253300,1.9,TP,1,10.64,-1
AVAXUSDT,1,1779796800,-2.1,SL,4,1.62,-0.55
AVAXUSDT,-1,1780976700,1.9,TP,2,1.99,-0.31
AVAXUSDT,-1,1781442900,1.9,TP,1,2.29,-2.34
AVAXUSDT,1,1782246600,1.9,TP,1,1.23,-1.45
AVAXUSDT,-1,1785571200,1.9,TP,1,2.12,-2.2
AVAXUSDT,1,1785771900,1.9,TP,1,2.61,-0.67
TONUSDT,1,1709547300,1.9,TP,2,-0.92,0.26
TONUSDT,1,1710929700,1.9,TP,3,3.95,-1
TONUSDT,-1,1711701000,-2.1,SL,3,2.96,0.43
TONUSDT,1,1712558700,1.9,TP,1,2.64,-2.61
TONUSDT,-1,1713360600,1.9,TP,4,9.57,-0.57
TONUSDT,1,1714914900,1.9,TP,1,12.57,-2.05
TONUSDT,-1,1715837400,-2.1,SL,1,3.55,-3.81
TONUSDT,-1,1716471900,1.9,TP,1,1.89,-2.41
TONUSDT,-1,1718076600,1.9,TP,1,3.79,-2.49
TONUSDT,1,1718559000,-2.1,SL,3,1.11,-0.35
TONUSDT,-1,1721523600,1.9,TP,2,3.59,-0.15
TONUSDT,-1,1721864700,1.9,TP,1,2.82,-1.3
TONUSDT,-1,1722048300,1.9,TP,4,0.87,0.29
TONUSDT,1,1722384000,1.9,TP,4,3.35,0.11
TONUSDT,1,1729085400,-1.544,TIMEOUT,2,-1.27,-0.08
TONUSDT,-1,1730579400,1.9,TP,2,7.86,-0.14
TONUSDT,1,1731370500,1.9,TP,3,14.73,-0.07
TONUSDT,1,1731455100,-2.1,SL,4,17.3,-0.04
TONUSDT,1,1731566700,-2.1,SL,2,16.16,0.45
TONUSDT,1,1731954600,1.9,TP,4,3.96,0.19
TONUSDT,-1,1734787800,1.9,TP,1,2.28,-2.4
TONUSDT,-1,1738648800,1.9,TP,1,3.03,-2.05
TONUSDT,-1,1739430900,-2.1,SL,1,0.72,-1.91
TONUSDT,-1,1740841200,-2.1,SL,4,7.12,-0.82
TONUSDT,-1,1741630500,1.9,TP,1,2.88,-2.67
TONUSDT,-1,1743964200,1.9,TP,1,12.48,-3.6
TONUSDT,1,1745131500,1.9,TP,4,2.83,0.11
TONUSDT,-1,1747602000,1.9,TP,2,4.17,-0.05
TONUSDT,-1,1748272500,-1.275,TIMEOUT,4,3.06,-0.17
TONUSDT,-1,1749907800,-2.1,SL,1,4.94,-4.8
TONUSDT,1,1754083800,-2.1,SL,3,4.29,-0.15
TONUSDT,1,1754940600,1.9,TP,3,4.58,-0.15
TONUSDT,-1,1755485100,1.9,TP,1,5.07,-3.88
TONUSDT,-1,1758767400,1.9,TP,4,2.09,-0.58
TONUSDT,-1,1759149000,-2.1,SL,3,2.27,-1.65
TONUSDT,1,1759510800,-2.1,SL,2,2.04,-1.47
TONUSDT,1,1759766400,-1.766,TIMEOUT,4,2.07,-0.36
TONUSDT,-1,1760536800,1.9,TP,3,1.77,-0.37
TONUSDT,-1,1763916300,1.9,TP,1,6.68,-1.9
TONUSDT,-1,1764549000,1.9,TP,1,3.85,-5.31
TONUSDT,-1,1768104000,-1.708,TIMEOUT,4,2.54,-0.79
TONUSDT,-1,1768779900,1.9,TP,1,5.68,-5.42
TONUSDT,-1,1769358600,-2.1,SL,1,2.3,-2.81
TONUSDT,-1,1774798200,-0.808,TIMEOUT,1,1.34,-1.7
TONUSDT,-1,1774888200,-1.183,TIMEOUT,4,3.42,-0.47
TONUSDT,1,1778223600,1.9,TP,2,24.5,0.04
TONUSDT,-1,1778631300,1.9,TP,4,1.81,-0.17
TRXUSDT,-1,1607625900,1.9,TP,3,12.49,-0.32
TRXUSDT,1,1608127200,1.9,TP,1,6.52,-5.76
TRXUSDT,1,1609084800,1.9,TP,1,3.38,-2.87
TRXUSDT,1,1610183700,1.9,TP,1,12.26,-2.32
TRXUSDT,1,1610793000,1.9,TP,2,3.92,-0.45
TRXUSDT,1,1610964900,1.9,TP,4,1.42,-0.75
TRXUSDT,1,1613059200,1.9,TP,4,4.23,-1.11
TRXUSDT,-1,1613512800,-2.1,SL,3,11.2,-0.12
TRXUSDT,-1,1614480300,1.9,TP,1,1.38,-2.58
TRXUSDT,1,1616140800,1.9,TP,3,14.54,-1.32
TRXUSDT,-1,1616619600,1.9,TP,1,1.93,-1.38
TRXUSDT,-1,1619328600,1.9,TP,3,44.58,0
TRXUSDT,1,1620013500,1.9,TP,4,5.65,-0.21
TRXUSDT,-1,1620671400,1.9,TP,1,2.03,-2.15
TRXUSDT,-1,1621069200,1.9,TP,2,6.9,-0.18
TRXUSDT,-1,1621188000,1.9,TP,2,2.13,-0.69
TRXUSDT,-1,1621389600,1.9,TP,1,1.22,-2.8
TRXUSDT,-1,1621610100,1.9,TP,1,17.52,-2.68
TRXUSDT,-1,1623088800,1.9,TP,1,6.55,-2.75
TRXUSDT,-1,1626090300,1.9,TP,1,3.78,-2.18
TRXUSDT,-1,1626630300,1.9,TP,2,1.46,0.06
TRXUSDT,1,1627083000,1.9,TP,1,3.12,-3.25
TRXUSDT,1,1627678800,1.9,TP,1,0.53,-3.04
TRXUSDT,1,1628076600,1.9,TP,1,5.12,-2.43
TRXUSDT,1,1628838900,-2.1,SL,1,19.18,-2.68
TRXUSDT,-1,1629956700,1.9,TP,1,3.87,-2.02
TRXUSDT,1,1630357200,-2.1,SL,3,0.79,-0.41
TRXUSDT,-1,1631263500,1.9,TP,1,2.89,-2.57
TRXUSDT,1,1631596500,1.9,TP,1,13.89,-1.49
TRXUSDT,1,1631852100,-2.1,SL,4,26.25,-0.87
TRXUSDT,1,1633529700,-2.1,SL,1,8.71,-1.62
TRXUSDT,1,1634481000,-2.1,SL,4,3.53,-0.66
TRXUSDT,-1,1637913600,1.9,TP,1,3.57,-3.39
TRXUSDT,-1,1638066600,-2.1,SL,1,3.09,-4.09
TRXUSDT,1,1639142100,-2.1,SL,3,0.67,-0.15
TRXUSDT,-1,1639575900,1.9,TP,1,3.69,-2.15
TRXUSDT,1,1643396400,1.9,TP,2,0.9,0.48
TRXUSDT,1,1643940000,1.9,TP,1,2.73,-2.04
TRXUSDT,1,1644415200,1.9,TP,3,10.1,-0.46
TRXUSDT,1,1647626400,1.9,TP,1,0.93,-1.94
TRXUSDT,-1,1649631600,1.9,TP,1,6.66,-3.46
TRXUSDT,1,1650537000,1.9,TP,1,13.16,-1.99
TRXUSDT,-1,1650983400,1.9,TP,1,1.03,-4.22
TRXUSDT,1,1651383000,1.9,TP,1,4.73,-3.4
TRXUSDT,1,1653878700,-2.1,SL,1,5.82,-3
TRXUSDT,-1,1654672500,1.9,TP,2,1.9,0.13
TRXUSDT,1,1655778600,1.9,TP,1,1.75,-0.47
TRXUSDT,1,1656036900,1.9,TP,4,3.44,-1.06
TRXUSDT,1,1657206000,1.9,TP,1,3.09,-2.42
TRXUSDT,1,1657985400,1.9,TP,1,10.01,-1.7
TRXUSDT,1,1658121300,1.9,TP,1,1.88,-3.34
TRXUSDT,-1,1658710800,1.9,TP,1,4.57,-4.24
TRXUSDT,1,1659191400,-2.1,SL,3,2.05,-0.12
TRXUSDT,1,1659941100,-1.424,TIMEOUT,1,2.08,-1.6
TRXUSDT,1,1660353300,-1.795,TIMEOUT,1,5.42,-3.02
TRXUSDT,-1,1660740300,1.9,TP,1,5.86,-3.34
TRXUSDT,-1,1661171400,-2.1,SL,4,3.03,-0.59
TRXUSDT,-1,1661725800,1.9,TP,1,1.5,-1.22
TRXUSDT,-1,1662380100,-1.214,TIMEOUT,4,2.01,0.38
TRXUSDT,-1,1664299800,-1.234,TIMEOUT,1,1.55,-4.15
TRXUSDT,1,1665331200,1.9,TP,3,-1.09,0.28
TRXUSDT,-1,1666527300,-0.931,TIMEOUT,4,3.63,0.32
TRXUSDT,-1,1668024000,1.9,TP,1,2.48,-1.33
TRXUSDT,-1,1668182400,1.9,TP,1,3.33,-1.78
TRXUSDT,1,1671180300,-1.165,TIMEOUT,2,-1.27,1.72
TRXUSDT,1,1674990000,-2.1,SL,2,1.86,0.13
TRXUSDT,1,1675755000,1.9,TP,4,0.15,0.43
TRXUSDT,1,1676323800,1.9,TP,1,0.94,-0.96
TRXUSDT,-1,1677249900,1.9,TP,1,5.67,-1.3
TRXUSDT,1,1680035400,1.9,TP,4,0.45,-0.03
TRXUSDT,1,1680577200,-0.766,TIMEOUT,4,2.8,-1.27
TRXUSDT,1,1683036000,1.9,TP,2,6.08,-1.97
TRXUSDT,1,1684123200,1.9,TP,1,1.02,-0.81
TRXUSDT,1,1685027700,-0.708,TIMEOUT,3,0.51,0.45
TRXUSDT,-1,1685066400,1.9,TP,4,1.78,-0.38
TRXUSDT,-1,1686336300,1.9,TP,1,6.79,-5.64
TRXUSDT,1,1687675500,1.9,TP,2,2.11,-0.23
TRXUSDT,1,1688614200,-0.731,TIMEOUT,1,4.25,-2.61
TRXUSDT,1,1688733000,1.9,TP,1,2.01,-2.17
TRXUSDT,-1,1691331300,0.095,TIMEOUT,2,1.94,0.14
TRXUSDT,1,1692032400,-0.616,TIMEOUT,2,2.56,-0.54
TRXUSDT,1,1692752400,1.9,TP,1,3.5,-1.58
TRXUSDT,-1,1694429100,-0.948,TIMEOUT,1,4.79,-2.14
TRXUSDT,1,1695906000,1.9,TP,1,1.16,-2.05
TRXUSDT,1,1698670800,1.9,TP,4,2.5,-0.74
TRXUSDT,1,1701572400,1.9,TP,4,0.39,0.24
TRXUSDT,1,1701826200,1.9,TP,3,-1.53,0.08
TRXUSDT,1,1701999900,1.9,TP,1,4.83,-1.53
TRXUSDT,-1,1702856700,1.9,TP,1,1.52,-3.17
TRXUSDT,1,1703324700,1.9,TP,1,4.66,-2.87
TRXUSDT,-1,1704420000,1.9,TP,1,4.83,-2.36
TRXUSDT,-1,1704670200,-1.417,TIMEOUT,1,4.93,-3.4
TRXUSDT,-1,1704804300,-1.018,TIMEOUT,4,2.72,-3.39
TRXUSDT,-1,1706000400,-0.453,TIMEOUT,1,5.94,-4
TRXUSDT,-1,1706587200,-0.385,TIMEOUT,3,4.44,-0.67
TRXUSDT,-1,1710221400,1.9,TP,1,0.44,-0.98
TRXUSDT,-1,1710603000,0.185,TIMEOUT,1,9.53,-1.35
TRXUSDT,-1,1710766800,1.9,TP,1,15.07,-3.22
TRXUSDT,1,1711382400,-0.391,TIMEOUT,1,6.84,-3.12
TRXUSDT,-1,1714486500,-0.61,TIMEOUT,3,3.47,1.33
TRXUSDT,1,1714747500,-0.368,TIMEOUT,1,9.31,-2.03
TRXUSDT,-1,1714996800,-0.595,TIMEOUT,1,11.31,-4.71
TRXUSDT,-1,1715832900,1.9,TP,1,5.94,-4.47
TRXUSDT,1,1717455600,0.225,TIMEOUT,3,-0.67,0.05
TRXUSDT,1,1719828000,1.9,TP,1,14.34,-2.12
TRXUSDT,-1,1720143900,1.9,TP,1,6.59,-1.83
TRXUSDT,1,1724584500,1.9,TP,1,1.31,-1.55
TRXUSDT,-1,1725615000,1.9,TP,3,0.78,0.36
TRXUSDT,-1,1727794800,-0.502,TIMEOUT,1,1.87,-5.27
TRXUSDT,1,1728648000,-0.194,TIMEOUT,1,0.96,-2.26
TRXUSDT,1,1728713700,0.59,TIMEOUT,1,5.73,-3.51
TRXUSDT,1,1729731600,1.9,TP,1,6.7,-3.17
TRXUSDT,-1,1730733300,1.9,TP,1,15.88,-2.33
TRXUSDT,1,1731302100,1.9,TP,4,2.02,1.13
TRXUSDT,1,1731566700,1.9,TP,3,-1.11,-0.02
TRXUSDT,1,1731888900,1.9,TP,1,14.12,-3.43
TRXUSDT,-1,1732544100,1.9,TP,1,5.42,-4.99
TRXUSDT,1,1733042700,1.9,TP,1,5.67,-3.94
TRXUSDT,1,1733160600,1.9,TP,4,3.63,0.12
TRXUSDT,-1,1733639400,1.9,TP,1,3.7,-0.65
TRXUSDT,-1,1734786900,-2.1,SL,1,4.34,-4.41
TRXUSDT,-1,1738092600,1.9,TP,1,5.37,-1.77
TRXUSDT,-1,1738646100,-2.1,SL,1,30.37,-5.37
TRXUSDT,1,1740067200,1.9,TP,1,3.77,-2.52
TRXUSDT,-1,1740707100,1.9,TP,1,3.6,-5.13
TRXUSDT,1,1740923100,1.9,TP,1,4.16,-2.69
TRXUSDT,-1,1741941000,-0.622,TIMEOUT,1,43.17,-3.33
TRXUSDT,1,1742494500,-1.169,TIMEOUT,1,2.37,-1.46
TRXUSDT,1,1744222500,1.9,TP,1,3.24,-3.23
TRXUSDT,1,1744383600,1.9,TP,1,2.23,-1.21
TRXUSDT,-1,1744944300,1.9,TP,1,18.34,-3.12
TRXUSDT,1,1745268300,-0.954,TIMEOUT,1,1.84,-2.25
TRXUSDT,-1,1745933400,0.148,TIMEOUT,3,1.97,-0.56
TRXUSDT,1,1748511900,-1.344,TIMEOUT,4,1.28,0.2
TRXUSDT,1,1749494700,1.9,TP,1,21.71,-2.29
TRXUSDT,1,1750078800,-2.1,SL,1,3.2,-2.21
TRXUSDT,-1,1750443300,-0.83,TIMEOUT,4,6.66,-0.52
TRXUSDT,1,1751059800,-0.056,TIMEOUT,1,1.58,-0.88
TRXUSDT,1,1752411600,-0.641,TIMEOUT,1,0.88,-2.04
TRXUSDT,-1,1753284600,1.9,TP,1,0.27,-0.21
TRXUSDT,1,1754791200,-0.242,TIMEOUT,1,11.53,-3.7
TRXUSDT,1,1754898300,1.9,TP,2,15.81,-0.63
TRXUSDT,-1,1755656100,-1.363,TIMEOUT,4,3.18,0.17
TRXUSDT,1,1756385100,-1.144,TIMEOUT,3,1.61,0.09
TRXUSDT,1,1757400300,1.9,TP,1,1.19,-3.48
TRXUSDT,1,1757917800,-1.428,TIMEOUT,3,-1.17,0.33
TRXUSDT,-1,1759239900,-0.874,TIMEOUT,1,4.7,-3.93
TRXUSDT,-1,1761633900,1.9,TP,4,1.57,-1
TRXUSDT,-1,1764030600,-0.264,TIMEOUT,1,4.79,-1.74
TRXUSDT,1,1764510300,-1.289,TIMEOUT,1,4.55,-2.4
TRXUSDT,1,1764853200,1.9,TP,1,0.97,-1.71
TRXUSDT,-1,1765197000,1.9,TP,1,3.36,-2.32
TRXUSDT,-1,1765343700,-0.239,TIMEOUT,1,6.73,-4.1
TRXUSDT,-1,1765527300,1.9,TP,1,7.49,-4.13
TRXUSDT,-1,1766754900,-0.495,TIMEOUT,1,3.22,-1.58
TRXUSDT,1,1768463100,1.9,TP,3,1.59,-0.75
TRXUSDT,-1,1769754600,-1.208,TIMEOUT,1,6.91,-2.96
TRXUSDT,1,1770933600,-0.644,TIMEOUT,1,5.58,-3.24
TRXUSDT,1,1771005600,0.529,TIMEOUT,1,0.13,-2.28
TRXUSDT,1,1773425700,1.9,TP,1,8.39,-2.64
TRXUSDT,1,1773734400,1.9,TP,1,2.15,-4.7
TRXUSDT,1,1774185300,-0.458,TIMEOUT,1,4.2,-1.76
TRXUSDT,1,1775930400,0.022,TIMEOUT,1,4.77,-3.48
TRXUSDT,1,1776159000,1.9,TP,4,8.16,-0.52
TRXUSDT,1,1776350700,-0.76,TIMEOUT,4,9.78,-0.61
TRXUSDT,1,1776451500,1.9,TP,1,11.16,-3.05
TRXUSDT,1,1778439600,-0.888,TIMEOUT,2,4.33,-0.6
TRXUSDT,1,1778949900,-0.114,TIMEOUT,1,2.13,-3.61
TRXUSDT,1,1779267600,1.9,TP,3,1.42,-1.15
TRXUSDT,1,1783253700,-0.216,TIMEOUT,1,9.16,-5.59
TRXUSDT,1,1784634300,0.184,TIMEOUT,1,1.99,-1.79
NEARUSDT,1,1606252500,1.9,TP,2,2.11,0.06
NEARUSDT,1,1606698000,-2.1,SL,1,7.43,-6.09
NEARUSDT,1,1606889700,1.9,TP,1,6.14,-2.42
NEARUSDT,-1,1607617800,1.9,TP,2,1.29,-0.01
NEARUSDT,1,1607926500,1.9,TP,1,2.36,-1.53
NEARUSDT,1,1609034400,1.9,TP,1,5.67,-2.68
NEARUSDT,1,1609290000,1.9,TP,1,4.22,-3.79
NEARUSDT,-1,1610487900,1.9,TP,1,2.28,-0.52
NEARUSDT,-1,1611909900,1.9,TP,2,0.36,1.27
NEARUSDT,-1,1616018400,-2.1,SL,2,18.74,0.21
NEARUSDT,1,1617899400,-2.1,SL,1,6.4,-3.23
NEARUSDT,1,1618057800,-2.1,SL,4,9.44,0.48
NEARUSDT,-1,1619141400,1.9,TP,1,6.32,-2.88
NEARUSDT,-1,1620670500,1.9,TP,1,4.39,-2.1
NEARUSDT,-1,1621603800,1.9,TP,2,29.8,0.38
NEARUSDT,-1,1623094200,1.9,TP,2,0.55,-0.18
NEARUSDT,1,1625097600,-2.1,SL,3,4.93,0.12
NEARUSDT,1,1627083900,1.9,TP,1,16.37,-2.8
NEARUSDT,1,1627261200,1.9,TP,1,3.31,-3.25
NEARUSDT,-1,1632933000,-2.1,SL,1,2.44,-3.06
NEARUSDT,1,1637533800,-2.1,SL,4,4.33,0.49
NEARUSDT,-1,1642716900,1.9,TP,1,4.92,-3.11
NEARUSDT,1,1647625500,1.9,TP,1,15.9,-2.81
NEARUSDT,1,1648269000,1.9,TP,1,13.24,-3.17
NEARUSDT,1,1648964700,1.9,TP,1,9.57,-3.32
NEARUSDT,-1,1650789000,1.9,TP,2,0.04,-1.34
NEARUSDT,-1,1650983400,1.9,TP,1,2.49,-3.33
NEARUSDT,-1,1652126400,1.9,TP,4,-1.1,0.29
NEARUSDT,-1,1652703300,1.9,TP,2,9.25,0.36
NEARUSDT,1,1657059300,-2.1,SL,4,-0.56,0.17
NEARUSDT,-1,1658712600,1.9,TP,1,6.52,-3.62
NEARUSDT,1,1660137300,1.9,TP,1,8.19,-2.71
NEARUSDT,-1,1660547700,1.9,TP,1,8.21,-2.97
NEARUSDT,1,1662974100,-2.1,SL,1,5.44,-4.2
NEARUSDT,-1,1663511400,1.9,TP,1,28.69,-2.45
NEARUSDT,-1,1663930800,1.9,TP,1,1.96,-1.96
NEARUSDT,-1,1664298000,1.9,TP,1,5.83,-3.6
NEARUSDT,-1,1664710200,1.9,TP,1,1.87,-1.58
NEARUSDT,-1,1665765900,1.9,TP,1,0.68,-1.87
NEARUSDT,-1,1666307700,1.9,TP,2,1.96,0.14
NEARUSDT,-1,1669597200,1.9,TP,1,4.71,-2.53
NEARUSDT,1,1670304600,1.9,TP,2,2.11,0.06
NEARUSDT,1,1673032500,1.9,TP,1,2.41,-1.42
NEARUSDT,1,1673465400,-2.1,SL,1,5.94,-6.12
NEARUSDT,-1,1676240100,1.9,TP,1,0.69,-2.93
NEARUSDT,-1,1678059000,1.9,TP,1,1.55,-2.34
NEARUSDT,-1,1678181400,1.9,TP,1,2.63,-2.67
NEARUSDT,-1,1678531500,1.9,TP,1,12.91,-1.45
NEARUSDT,1,1679256000,-2.1,SL,4,1.96,-0.09
NEARUSDT,1,1680272100,-1.469,TIMEOUT,1,4.75,-3.3
NEARUSDT,1,1681286400,1.9,TP,1,3.18,-4.45
NEARUSDT,1,1681546500,1.9,TP,1,4.84,-4.2
NEARUSDT,1,1684299600,-2.1,SL,3,1.71,0.2
NEARUSDT,1,1687760100,-2.1,SL,1,7.59,-6.3
NEARUSDT,-1,1688142600,-2.1,SL,3,2.65,-0.01
NEARUSDT,-1,1688894100,1.9,TP,1,4.27,-1.28
NEARUSDT,-1,1689217200,-2.1,SL,2,0.33,0.29
NEARUSDT,1,1689828300,1.9,TP,1,18.2,-2.19
NEARUSDT,-1,1691345700,1.9,TP,3,1.34,-0.44
NEARUSDT,-1,1695088800,-2.1,SL,2,0.39,0.07
NEARUSDT,-1,1696525200,-1.397,TIMEOUT,1,3.4,-1.72
NEARUSDT,-1,1696839300,1.9,TP,1,2.91,-2.54
NEARUSDT,1,1699003800,-2.1,SL,3,10.88,-0.01
NEARUSDT,1,1700372700,1.9,TP,1,1.89,-2.39
NEARUSDT,1,1701656100,1.9,TP,1,3.61,-2.48
NEARUSDT,-1,1702433700,1.9,TP,1,11.19,-2.35
NEARUSDT,-1,1704445200,1.9,TP,2,2.97,-0.19
NEARUSDT,-1,1704811500,1.9,TP,1,3.49,-2.7
NEARUSDT,-1,1705593600,1.9,TP,1,1.43,-1.4
NEARUSDT,-1,1705885200,1.9,TP,2,2.62,-0.88
NEARUSDT,1,1707894900,1.9,TP,2,0.64,-2.56
NEARUSDT,1,1710126900,1.9,TP,1,8.85,-4.56
NEARUSDT,-1,1711265400,-2.1,SL,2,18.7,-0.11
NEARUSDT,-1,1711844100,-2.1,SL,3,6.3,0.11
NEARUSDT,-1,1711950300,-2.1,SL,1,6.06,-4.07
NEARUSDT,1,1712329200,1.9,TP,1,5.1,-2.53
NEARUSDT,1,1712558700,1.9,TP,1,3.46,-1.47
NEARUSDT,1,1714196700,-2.1,SL,3,19.37,-0.33
NEARUSDT,1,1715777100,1.9,TP,1,2.55,-3.36
NEARUSDT,-1,1717350300,-2.1,SL,1,9.59,-3.24
NEARUSDT,-1,1718604000,1.9,TP,1,5.41,-3.39
NEARUSDT,1,1719103500,-2.1,SL,1,4.08,-5.2
NEARUSDT,1,1719273600,1.9,TP,4,1.52,0.11
NEARUSDT,-1,1719552600,-2.1,SL,1,5.17,-1.58
NEARUSDT,1,1721400300,1.9,TP,1,10.85,-2.77
NEARUSDT,-1,1721846700,1.9,TP,1,0.79,-1.9
NEARUSDT,-1,1722266100,1.9,TP,1,7.9,-3.38
NEARUSDT,-1,1722619800,1.9,TP,2,14.78,-0.34
NEARUSDT,1,1724252400,1.9,TP,3,0.46,-0.59
NEARUSDT,-1,1724958000,-2.1,SL,1,9,-4.19
NEARUSDT,-1,1725372900,1.9,TP,1,4.61,-3.17
NEARUSDT,-1,1725560100,1.9,TP,2,0.13,0.03
NEARUSDT,1,1726103700,1.9,TP,1,1.91,-2.96
NEARUSDT,1,1726695900,1.9,TP,1,2.09,-0.32
NEARUSDT,1,1726926300,1.9,TP,1,2.09,-4.62
NEARUSDT,1,1727062200,1.9,TP,1,2.26,-2.08
NEARUSDT,-1,1734472800,1.9,TP,1,1.94,-1.84
NEARUSDT,-1,1734788700,1.9,TP,1,21.11,-1.98
NEARUSDT,-1,1737408600,-2.1,SL,3,2.5,-0.8
NEARUSDT,-1,1737780300,-2.1,SL,1,4.79,-0.81
NEARUSDT,-1,1737928800,1.9,TP,1,5.69,-3.59
NEARUSDT,-1,1738649700,1.9,TP,1,0.48,-2.84
NEARUSDT,1,1739511000,1.9,TP,4,4.98,0.06
NEARUSDT,-1,1740601800,-2.1,SL,3,-1.3,0.41
NEARUSDT,-1,1740708900,1.9,TP,1,3.11,-1.73
NEARUSDT,-1,1743390900,1.9,TP,4,1.97,-0.15
NEARUSDT,-1,1743769800,-2.1,SL,4,2,-0.89
NEARUSDT,1,1744380900,1.9,TP,3,1.01,0.45
NEARUSDT,1,1744572600,-2.1,SL,4,4.35,2.36
NEARUSDT,1,1745330400,1.9,TP,1,4.46,-1.87
NEARUSDT,-1,1746640800,-2.1,SL,4,3.2,-1.87
NEARUSDT,1,1747161000,1.9,TP,1,3.65,-0.77
NEARUSDT,1,1752607800,1.9,TP,4,1.11,0.39
NEARUSDT,1,1754892900,-2.1,SL,2,17.74,-0.5
NEARUSDT,-1,1755477000,1.9,TP,1,1.53,-2.12
NEARUSDT,-1,1756652400,1.9,TP,2,0.92,-0.29
NEARUSDT,-1,1756751400,1.9,TP,4,6.12,-0.22
NEARUSDT,-1,1758688200,-2.1,SL,3,-1.99,0.2
NEARUSDT,1,1759635000,1.9,TP,1,3.71,-2.41
NEARUSDT,1,1759763700,-2.1,SL,1,5.29,-2.6
NEARUSDT,-1,1761805800,1.9,TP,3,2.69,-0.21
NEARUSDT,-1,1762140600,1.9,TP,1,13.07,-3.62
NEARUSDT,1,1762711200,1.9,TP,3,15.75,0.06
NEARUSDT,-1,1763309700,1.9,TP,1,3.23,-2.85
NEARUSDT,-1,1763655300,1.9,TP,1,0.93,-3.85
NEARUSDT,-1,1763945100,-2.1,SL,3,12.37,-0.71
NEARUSDT,-1,1764056700,-2.1,SL,1,13.07,-2.9
NEARUSDT,1,1765294200,1.9,TP,1,3.77,-3.89
NEARUSDT,1,1765399500,-2.1,SL,3,1.73,0.05
NEARUSDT,-1,1765555200,-2.1,SL,1,4.28,-4.23
NEARUSDT,-1,1766090700,-2.1,SL,1,5.29,-2.59
NEARUSDT,-1,1774775700,1.9,TP,2,13.5,-0.49
NEARUSDT,1,1775439900,1.9,TP,1,10.31,-1.67
NEARUSDT,-1,1777474800,1.9,TP,1,3.61,-2.8
NEARUSDT,1,1778573700,1.9,TP,3,4.06,0.15
NEARUSDT,1,1778777100,-2.1,SL,3,1.54,-1.34
NEARUSDT,-1,1779069600,1.9,TP,3,-0.83,0.28
NEARUSDT,1,1779552000,1.9,TP,1,14.29,-3.07
NEARUSDT,1,1780992000,1.9,TP,3,6.89,-0.34
NEARUSDT,-1,1784900700,1.9,TP,1,2.26,-2.13
APTUSDT,1,1666328400,-2.1,SL,2,0.68,-0.42
APTUSDT,1,1666401300,-2.1,SL,2,0.98,-0.62
APTUSDT,-1,1667373300,1.9,TP,1,2.54,-2.55
APTUSDT,1,1668616200,1.9,TP,1,4.01,-3.63
APTUSDT,1,1670000400,1.9,TP,1,1.95,-1.95
APTUSDT,-1,1670601600,-2.1,SL,1,0.09,-1.21
APTUSDT,-1,1671475500,1.9,TP,1,5.61,-3.88
APTUSDT,-1,1671925500,1.9,TP,2,3.13,-1.07
APTUSDT,1,1673219700,1.9,TP,1,1.63,-2.83
APTUSDT,1,1673550000,1.9,TP,1,6.27,-5.21
APTUSDT,1,1673784000,1.9,TP,1,4.37,-4.78
APTUSDT,1,1674630900,1.9,TP,1,3.29,-2.35
APTUSDT,-1,1677179700,-2.1,SL,4,0.37,0
APTUSDT,-1,1678432500,1.9,TP,1,4.83,-3.54
APTUSDT,1,1681374600,1.9,TP,1,6.9,-3.21
APTUSDT,-1,1683213300,1.9,TP,1,1.94,-1.82
APTUSDT,-1,1683343800,1.9,TP,1,2.36,-1.97
APTUSDT,1,1684350000,-2.1,SL,1,3.51,-3.46
APTUSDT,1,1685421000,1.9,TP,2,0.52,-0.1
APTUSDT,1,1685879100,1.9,TP,1,5.02,-2.22
APTUSDT,1,1687284900,1.9,TP,1,3.37,-2.91
APTUSDT,1,1687781700,-2.1,SL,2,3.72,-0.04
APTUSDT,1,1688256000,-2.1,SL,3,3.07,-0.62
APTUSDT,-1,1691400600,1.9,TP,4,0.58,0.18
APTUSDT,-1,1696049100,-2.1,SL,3,3.09,-0.42
APTUSDT,1,1697722200,-2.1,SL,3,3.57,-0.2
APTUSDT,1,1698445800,1.9,TP,4,-1.05,0.08
APTUSDT,1,1702708200,-2.1,SL,3,0.98,-0.16
APTUSDT,-1,1704793500,1.9,TP,1,4.26,-3.22
APTUSDT,1,1705140000,1.9,TP,1,3.93,-1.94
APTUSDT,1,1709112600,1.9,TP,1,5.99,-4.32
APTUSDT,1,1710318600,-2.1,SL,4,0.5,-0.34
APTUSDT,1,1710384300,1.9,TP,4,1.25,0.02
APTUSDT,1,1710537300,1.9,TP,1,5.97,-2.12
APTUSDT,1,1710977400,1.9,TP,4,14.34,-0.14
APTUSDT,-1,1715354100,1.9,TP,1,7.23,-2.42
APTUSDT,-1,1717135200,1.9,TP,3,0.8,-0.13
APTUSDT,-1,1718597700,1.9,TP,1,2.77,-1.31
APTUSDT,-1,1719153900,1.9,TP,1,44.41,-2.86
APTUSDT,1,1720834200,1.9,TP,1,0.87,-2.38
APTUSDT,1,1721398500,1.9,TP,1,17.73,-3.05
APTUSDT,-1,1721762100,1.9,TP,3,4.48,0.05
APTUSDT,-1,1722609900,1.9,TP,1,11.27,-2.99
APTUSDT,-1,1723046400,-2.1,SL,4,5.71,-0.92
APTUSDT,1,1723563900,1.9,TP,1,4.82,-2.86
APTUSDT,1,1724595300,1.9,TP,1,9.24,-1.86
APTUSDT,-1,1724902200,-2.1,SL,2,0.15,-0.65
APTUSDT,1,1726242300,-0.754,TIMEOUT,1,4.09,-3.17
APTUSDT,1,1727202600,1.9,TP,1,10.22,-1.37
APTUSDT,1,1728326700,1.9,TP,3,0.74,0.22
APTUSDT,-1,1730081700,1.9,TP,1,2.63,-1.57
APTUSDT,1,1732201200,-2.1,SL,4,1.38,-0.67
APTUSDT,-1,1734787800,1.9,TP,1,5.22,-2.97
APTUSDT,-1,1735179300,1.9,TP,2,4.51,-0.2
APTUSDT,-1,1737420300,1.9,TP,1,4.33,-1.34
APTUSDT,-1,1737927900,1.9,TP,1,13.56,-2.87
APTUSDT,-1,1738647900,-2.1,SL,1,3.03,-3.15
APTUSDT,-1,1740366000,1.9,TP,1,1.03,-2.54
APTUSDT,1,1740755700,1.9,TP,1,1.75,-3.32
APTUSDT,1,1741376700,1.9,TP,4,2.73,-0.37
APTUSDT,1,1741508100,-2.1,SL,4,0.17,0.03
APTUSDT,-1,1741739400,1.9,TP,1,12.45,-2.51
APTUSDT,1,1742779800,1.9,TP,4,4.47,0.09
APTUSDT,1,1743054300,-2.1,SL,4,1.61,0.31
APTUSDT,-1,1746218700,1.9,TP,4,4.22,-0.63
APTUSDT,1,1747056600,-2.1,SL,2,8.39,0.47
APTUSDT,1,1752607800,1.9,TP,3,-1.46,0.38
APTUSDT,-1,1756103400,1.9,TP,1,2.71,-2.01
APTUSDT,-1,1756452600,1.9,TP,1,4.54,-2.87
APTUSDT,1,1759091400,1.9,TP,1,2.06,-1.58
APTUSDT,1,1759264200,1.9,TP,1,8.2,-2.55
APTUSDT,-1,1760417100,1.9,TP,1,2.77,-2.53
APTUSDT,-1,1761828300,1.9,TP,1,3.98,-2.09
APTUSDT,1,1762706700,1.9,TP,3,1.79,-3.02
APTUSDT,-1,1764054900,1.9,TP,1,0.1,-1.96
APTUSDT,-1,1764288900,1.9,TP,1,1.44,-2.54
APTUSDT,1,1765399500,-2.1,SL,3,2.56,-0.07
APTUSDT,-1,1765971000,-2.1,SL,2,13.75,-0.04
APTUSDT,1,1766313000,-2.1,SL,2,1.85,0.17
APTUSDT,1,1766718900,1.9,TP,1,5.83,-2.05
APTUSDT,-1,1771863300,1.9,TP,1,0.17,-1.83
APTUSDT,1,1772165700,1.9,TP,1,24.04,-2.87
APTUSDT,-1,1773182700,-2.1,SL,1,3.74,-1.34
APTUSDT,-1,1773470700,-2.1,SL,1,2.22,-1.63
APTUSDT,-1,1774887300,1.9,TP,1,7.04,-2.25
APTUSDT,-1,1775093400,1.9,TP,1,3.84,-3.61
APTUSDT,1,1777187700,1.9,TP,1,6.56,-1.9
APTUSDT,1,1777516200,1.9,TP,3,2.67,-0.54
APTUSDT,1,1778428800,1.9,TP,1,18.47,-2.5
APTUSDT,-1,1778679000,1.9,TP,1,7.09,-2.85
APTUSDT,-1,1780236900,-2.1,SL,1,3.11,-3.19
APTUSDT,-1,1780314300,1.9,TP,2,2.45,-0.65
APTUSDT,1,1781474400,1.9,TP,1,4.04,-3.55
APTUSDT,-1,1782307800,1.9,TP,1,5.7,-2.91
APTUSDT,-1,1782588600,1.9,TP,1,0.45,-2.87
APTUSDT,1,1784739600,-2.1,SL,1,3.04,-3.37
ARBUSDT,1,1681794000,1.9,TP,1,4.32,-3.09
ARBUSDT,-1,1683350100,1.9,TP,2,0.69,-1.96
ARBUSDT,1,1687284000,1.9,TP,1,3.91,-4.81
ARBUSDT,1,1688921100,-2.1,SL,2,0.65,0.34
ARBUSDT,1,1689256800,1.9,TP,2,0.67,-0.32
ARBUSDT,1,1689407100,1.9,TP,1,13.81,-3.77
ARBUSDT,-1,1690481700,-0.1,TIMEOUT,1,1.29,-2.24
ARBUSDT,1,1694064600,-2.1,SL,4,1.96,-0.38
ARBUSDT,1,1694826000,1.9,TP,1,4.4,-1.98
ARBUSDT,-1,1697387400,-1.61,TIMEOUT,3,1.04,0.11
ARBUSDT,1,1698279300,1.9,TP,1,5.87,-2.33
ARBUSDT,1,1698866100,1.9,TP,1,4.36,-3.84
ARBUSDT,1,1699732800,-2.1,SL,4,11.33,0.06
ARBUSDT,1,1699783200,-2.1,SL,2,8.42,-0.16
ARBUSDT,1,1704131100,1.9,TP,1,2.98,-2.01
ARBUSDT,-1,1704670200,-2.1,SL,1,6.95,-3.86
ARBUSDT,1,1707752700,1.9,TP,1,5.24,-3.69
ARBUSDT,-1,1708649100,1.9,TP,4,10.81,-0.14
ARBUSDT,1,1709120700,1.9,TP,4,2.57,1.01
ARBUSDT,-1,1710223200,1.9,TP,4,0.63,-2.38
ARBUSDT,-1,1711943100,1.9,TP,3,0.51,-0.41
ARBUSDT,-1,1715355000,1.9,TP,1,3.91,-2.88
ARBUSDT,1,1715931000,1.9,TP,1,13.39,-4.89
ARBUSDT,-1,1717203600,-2.1,SL,4,1.34,-0.68
ARBUSDT,-1,1718597700,1.9,TP,1,2.78,-1.2
ARBUSDT,1,1721158200,1.9,TP,2,3.24,0.15
ARBUSDT,1,1721405700,1.9,TP,1,0.59,-2.59
ARBUSDT,-1,1723042800,1.9,TP,1,3.56,-2.54
ARBUSDT,1,1724265900,1.9,TP,1,5.16,-2.99
ARBUSDT,-1,1725650100,1.9,TP,1,1.8,-1.62
ARBUSDT,1,1726117200,-2.1,SL,2,2.36,-0.15
ARBUSDT,1,1726703100,1.9,TP,1,3.18,-3.11
ARBUSDT,1,1727208900,1.9,TP,1,2.88,-2.77
ARBUSDT,1,1727334900,1.9,TP,1,2.1,-2.99
ARBUSDT,1,1729247400,1.9,TP,2,15.6,-0.25
ARBUSDT,-1,1730097900,-2.1,SL,2,7.31,0.35
ARBUSDT,1,1732894200,1.9,TP,3,1.22,-1.05
ARBUSDT,1,1733169600,1.9,TP,1,4.83,-1.58
ARBUSDT,-1,1734788700,1.9,TP,1,16,-2.2
ARBUSDT,-1,1737274500,1.9,TP,1,5.53,-3.55
ARBUSDT,-1,1737420300,-2.1,SL,1,5.11,-2.15
ARBUSDT,-1,1737585000,1.9,TP,3,1.69,-0.4
ARBUSDT,-1,1737933300,1.9,TP,1,7.43,-4.35
ARBUSDT,-1,1738086300,1.9,TP,1,18.87,-0.88
ARBUSDT,-1,1738804500,-2.1,SL,3,5.83,0.13
ARBUSDT,1,1739189700,1.9,TP,2,2.02,-0.25
ARBUSDT,-1,1740359700,1.9,TP,1,9.22,-0.73
ARBUSDT,-1,1741494600,1.9,TP,1,2.73,-1.11
ARBUSDT,-1,1744137000,1.9,TP,2,13.46,-0.79
ARBUSDT,1,1744570800,-2.1,SL,4,10.71,-0.19
ARBUSDT,1,1751047200,1.9,TP,4,0.71,0.13
ARBUSDT,1,1752999300,1.9,TP,1,11.38,-1.32
ARBUSDT,-1,1755804600,-2.1,SL,2,4.99,-0.48
ARBUSDT,-1,1756285200,-2.1,SL,2,1.02,-0.65
ARBUSDT,-1,1757271600,-2.1,SL,2,2.48,-0.66
ARBUSDT,-1,1759042800,-2.1,SL,1,3.47,-1.45
ARBUSDT,-1,1759149000,-2.1,SL,4,5.05,-2.33
ARBUSDT,1,1759755600,1.9,TP,1,5.44,-1.6
ARBUSDT,-1,1760112000,1.9,TP,1,6.2,-3.28
ARBUSDT,1,1761471000,1.9,TP,1,3.18,-2.37
ARBUSDT,-1,1763536500,1.9,TP,4,3.47,-0.21
ARBUSDT,-1,1764547200,1.9,TP,1,5.7,-4.8
ARBUSDT,1,1765399500,-2.1,SL,4,2.92,0.01
ARBUSDT,-1,1765554300,-2.1,SL,1,2.33,-4.94
ARBUSDT,-1,1765815300,1.9,TP,1,2.43,-3.19
ARBUSDT,-1,1765971000,-2.1,SL,4,0.94,0.02
ARBUSDT,1,1766984400,-2.1,SL,4,9.98,-0.26
ARBUSDT,-1,1770243300,1.9,TP,2,1.06,0.18
ARBUSDT,-1,1771912800,-2.1,SL,1,3.76,-1.64
ARBUSDT,1,1772165700,1.9,TP,1,3.77,-2.82
ARBUSDT,1,1773361800,1.9,TP,1,0.83,-1.58
ARBUSDT,1,1775592900,1.9,TP,1,7.84,-2.64
ARBUSDT,1,1776963600,-2.1,SL,4,-1.77,0.3
ARBUSDT,1,1778419800,-2.1,SL,3,1.03,-0.8
ARBUSDT,-1,1778679000,1.9,TP,1,5.52,-2.91
ARBUSDT,-1,1781856900,-2.1,SL,4,3.18,-0.08
ARBUSDT,-1,1782394200,1.9,TP,1,16.6,-3.32
ARBUSDT,-1,1784398500,-1.75,TIMEOUT,4,2.4,-0.67
OPUSDT,-1,1654568100,-2.1,SL,1,4.25,-2.63
OPUSDT,-1,1654945200,1.9,TP,1,4.98,-2.74
OPUSDT,1,1657134000,1.9,TP,3,1.85,-0.6
OPUSDT,-1,1661010300,1.9,TP,1,1.33,-1.51
OPUSDT,-1,1663515900,1.9,TP,1,4.57,-1.94
OPUSDT,-1,1664964000,-2.1,SL,1,0.38,-2.12
OPUSDT,-1,1668605400,1.9,TP,3,2.19,-0.64
OPUSDT,-1,1668947400,1.9,TP,1,3.87,-2.04
OPUSDT,-1,1671432300,-2.1,SL,2,0.62,0.12
OPUSDT,1,1673022600,1.9,TP,1,6.64,-4.47
OPUSDT,-1,1676238300,1.9,TP,1,24,-3.75
OPUSDT,1,1676682900,-2.1,SL,2,19.4,-0.53
OPUSDT,-1,1679529600,1.9,TP,3,4.08,-0.01
OPUSDT,-1,1680585300,-2.1,SL,3,12.41,-0.43
OPUSDT,-1,1681123500,-1.854,TIMEOUT,4,3.46,0.21
OPUSDT,-1,1683509400,-2.1,SL,1,3.83,-5.22
OPUSDT,-1,1683775800,1.9,TP,1,14.42,-1.41
OPUSDT,-1,1685191500,-1.198,TIMEOUT,4,0.87,-0.26
OPUSDT,-1,1687800600,-2.1,SL,1,2.9,-1.51
OPUSDT,-1,1687913100,1.9,TP,1,3.95,-1.92
OPUSDT,1,1688360400,1.9,TP,2,1.76,0.01
OPUSDT,1,1689239700,1.9,TP,4,0.3,-2.35
OPUSDT,1,1689642000,1.9,TP,1,9.41,-2.31
OPUSDT,1,1691314200,1.9,TP,4,1.81,-0.02
OPUSDT,1,1695885300,1.9,TP,1,5.48,-2.62
OPUSDT,-1,1696754700,1.9,TP,1,3.33,-0.99
OPUSDT,-1,1697095800,1.9,TP,4,1.92,0.13
OPUSDT,1,1698101100,1.9,TP,1,6.12,-3.6
OPUSDT,1,1700019900,1.9,TP,2,1.64,0.02
OPUSDT,-1,1701450000,1.9,TP,1,6.69,-1.8
OPUSDT,1,1701962100,1.9,TP,1,1.37,-4.53
OPUSDT,-1,1704669300,1.9,TP,1,5.32,-3.88
OPUSDT,1,1707325200,-2.1,SL,1,5.31,-3.78
OPUSDT,1,1707488100,1.9,TP,2,3.42,1.12
OPUSDT,1,1707623100,1.9,TP,3,1.98,-5.46
OPUSDT,1,1707737400,1.9,TP,1,2.05,-1.47
OPUSDT,1,1708983900,1.9,TP,3,1.02,-1.01
OPUSDT,1,1709135100,1.9,TP,2,0.67,-0.34
OPUSDT,1,1709362800,1.9,TP,4,1.12,0.02
OPUSDT,1,1709613000,-2.1,SL,1,7,-4.37
OPUSDT,-1,1710378000,-2.1,SL,4,4.28,0.32
OPUSDT,1,1711096200,1.9,TP,4,-1.42,-0.11
OPUSDT,1,1711276200,1.9,TP,1,1.01,-3.77
OPUSDT,-1,1711941300,1.9,TP,1,3.73,-1.42
OPUSDT,1,1713944700,1.9,TP,4,19.28,-0.09
OPUSDT,-1,1714468500,1.9,TP,1,5.09,-2.83
OPUSDT,1,1714959000,1.9,TP,2,23.41,-0.78
OPUSDT,-1,1715353200,1.9,TP,1,11.65,-3.57
OPUSDT,-1,1715563800,1.9,TP,1,2.47,-3.49
OPUSDT,-1,1715670900,1.9,TP,4,2.71,-0.17
OPUSDT,-1,1716528600,1.9,TP,1,3.04,-2.3
OPUSDT,-1,1718248500,1.9,TP,1,5.33,-3.46
OPUSDT,-1,1719416700,1.9,TP,3,2.47,-0.29
OPUSDT,1,1721397600,1.9,TP,1,4.77,-2.62
OPUSDT,-1,1722267900,1.9,TP,1,3.24,-2.6
OPUSDT,-1,1723664700,1.9,TP,4,3.21,-0.22
OPUSDT,1,1724263200,1.9,TP,1,3.84,-3.45
OPUSDT,-1,1725661800,-2.1,SL,4,1.2,0.06
OPUSDT,1,1725851700,1.9,TP,4,-0.74,-0.58
OPUSDT,-1,1727793000,1.9,TP,1,7.46,-2.99
OPUSDT,1,1728225000,1.9,TP,1,1.1,-2.82
OPUSDT,1,1728877500,1.9,TP,1,4.69,-3.81
OPUSDT,1,1732194000,1.9,TP,1,7.81,-5.33
OPUSDT,1,1732921200,1.9,TP,3,5.32,-0.15
OPUSDT,1,1733501700,1.9,TP,1,3.63,-1.27
OPUSDT,-1,1734787800,1.9,TP,1,14.07,-2.55
OPUSDT,-1,1735614900,-2.1,SL,4,3.73,-0.26
OPUSDT,-1,1735674300,1.9,TP,1,4.75,-1.5
OPUSDT,-1,1736739000,1.9,TP,1,3.36,-1.99
OPUSDT,-1,1737326700,1.9,TP,1,4.06,-2.45
OPUSDT,-1,1737422100,1.9,TP,1,4.5,-1.74
OPUSDT,-1,1738091700,1.9,TP,1,3.43,-1.33
OPUSDT,1,1739787300,1.9,TP,1,5.63,-1.91
OPUSDT,-1,1741632300,-2.1,SL,1,4.6,-3.85
OPUSDT,-1,1741880700,1.9,TP,1,2.83,-1.14
OPUSDT,-1,1743859800,1.9,TP,1,16.18,-3.47
OPUSDT,-1,1745962200,1.9,TP,1,3.87,-2.36
OPUSDT,-1,1747749600,-2.1,SL,2,1.5,-0.55
OPUSDT,-1,1748840400,-2.1,SL,4,3.01,-0.15
OPUSDT,1,1752604200,1.9,TP,4,14.15,-0.38
OPUSDT,1,1753215300,-2.1,SL,4,1.33,-0.53
OPUSDT,1,1756063800,-2.1,SL,3,-2.8,0.26
OPUSDT,-1,1756455300,-2.1,SL,1,3.51,-3.01
OPUSDT,-1,1756683000,1.9,TP,2,0.97,-2.93
OPUSDT,1,1759307400,1.9,TP,1,3.62,-4.36
OPUSDT,1,1759639500,-2.1,SL,1,4.6,-2.68
OPUSDT,1,1759750200,1.9,TP,1,3.75,-1.46
OPUSDT,-1,1759983300,1.9,TP,4,0.05,0.27
OPUSDT,-1,1760112000,1.9,TP,1,4.51,-2.96
OPUSDT,-1,1760543100,1.9,TP,1,3.82,-1.35
OPUSDT,1,1761471000,1.9,TP,1,11.68,-2.72
OPUSDT,-1,1762448400,-2.1,SL,3,4.47,-0.76
OPUSDT,1,1762492500,1.9,TP,1,0.72,-1.41
OPUSDT,1,1762704900,1.9,TP,2,12.06,-1.12
OPUSDT,1,1764186300,1.9,TP,1,1.01,-1.21
OPUSDT,1,1765175400,1.9,TP,1,1.77,-2.21
OPUSDT,1,1765295100,1.9,TP,1,4.43,-3.93
OPUSDT,-1,1765555200,-2.1,SL,1,5.97,-4.79
OPUSDT,-1,1765813500,1.9,TP,1,4.92,-3.42
OPUSDT,1,1766976300,1.9,TP,1,5.35,-1.18
OPUSDT,1,1768293000,1.9,TP,4,2.37,-1.07
OPUSDT,-1,1769021100,-2.1,SL,2,9.8,-0.28
OPUSDT,-1,1769654700,1.9,TP,1,2.14,-2.94
OPUSDT,-1,1770269400,1.9,TP,4,4.3,0.22
OPUSDT,-1,1771720200,-2.1,SL,1,3.32,-2.99
OPUSDT,1,1772612100,1.9,TP,3,15.38,0.16
OPUSDT,1,1773363600,1.9,TP,1,5.39,-1.87
OPUSDT,-1,1774503000,1.9,TP,1,4.74,-2.33
OPUSDT,-1,1775960100,1.9,TP,1,3.84,-3.44
OPUSDT,-1,1776801600,-2.1,SL,2,0.77,0.28
OPUSDT,-1,1778677200,1.9,TP,1,3.21,-2.56
OPUSDT,-1,1780219800,1.9,TP,4,3.1,-0.3
OPUSDT,1,1781663400,-2.1,SL,3,1.62,-0.43
OPUSDT,1,1781780400,1.9,TP,3,-0.84,0.02
OPUSDT,-1,1781966700,-2.1,SL,4,1,-0.21
OPUSDT,-1,1782324900,-2.1,SL,3,1.93,-0.35
OPUSDT,-1,1782782100,1.9,TP,1,2.07,-1.7
OPUSDT,1,1783793700,-2.1,SL,3,13.07,-0.57
DOTUSDT,-1,1607647500,1.9,TP,3,0.08,-2.77
DOTUSDT,1,1608022800,1.9,TP,1,2.2,-3.08
DOTUSDT,1,1608358500,1.9,TP,4,5.91,0.28
DOTUSDT,-1,1608725700,1.9,TP,4,1.01,0.12
DOTUSDT,1,1609136100,1.9,TP,1,3.01,-2.66
DOTUSDT,1,1609596900,1.9,TP,3,3.52,-0.99
DOTUSDT,1,1613724300,1.9,TP,1,3.22,-4
DOTUSDT,-1,1614481200,1.9,TP,1,4.62,-2.06
DOTUSDT,1,1616149800,1.9,TP,4,0.29,-0.31
DOTUSDT,-1,1616613300,1.9,TP,1,0.67,-3.86
DOTUSDT,1,1617003000,1.9,TP,1,4.61,-3.69
DOTUSDT,-1,1619049600,-2.1,SL,1,3.83,-3.06
DOTUSDT,-1,1619135100,1.9,TP,1,4.06,-1.57
DOTUSDT,1,1619737200,1.9,TP,1,5.65,-4.41
DOTUSDT,1,1620010800,-2.1,SL,1,2.75,-2.74
DOTUSDT,1,1620609300,-2.1,SL,1,0.78,-1.92
DOTUSDT,-1,1622892600,1.9,TP,1,3.9,-2.67
DOTUSDT,-1,1623088800,1.9,TP,1,2.94,-3.05
DOTUSDT,-1,1626088500,1.9,TP,1,1.86,-2.61
DOTUSDT,1,1627082100,1.9,TP,1,6.88,-3.02
DOTUSDT,1,1627260300,1.9,TP,1,6.32,-3.91
DOTUSDT,1,1627675200,1.9,TP,1,0.63,-2.37
DOTUSDT,1,1628254800,-2.1,SL,1,8.43,-3.99
DOTUSDT,1,1628829000,1.9,TP,1,1.2,-3
DOTUSDT,1,1629384300,1.9,TP,1,3.17,-2.67
DOTUSDT,-1,1637722800,1.9,TP,1,5.99,-2.73
DOTUSDT,-1,1637899200,1.9,TP,1,1.72,-1.41
DOTUSDT,1,1640485800,-2.1,SL,4,15.89,0.24
DOTUSDT,-1,1640923200,-2.1,SL,3,0.45,-0.07
DOTUSDT,-1,1642714200,1.9,TP,1,1.57,-4.35
DOTUSDT,1,1644204600,-2.1,SL,1,5,-2.4
DOTUSDT,-1,1645649100,1.9,TP,3,0.01,-2.24
DOTUSDT,1,1646077500,1.9,TP,1,12.75,-0.7
DOTUSDT,-1,1646617500,1.9,TP,1,3.2,-2.63
DOTUSDT,1,1648693800,-2.1,SL,4,14.33,-0.25
DOTUSDT,-1,1649634300,1.9,TP,1,3.63,-3.64
DOTUSDT,-1,1649952000,-2.1,SL,1,0.88,-1.92
DOTUSDT,-1,1650981600,1.9,TP,1,2.83,-3.35
DOTUSDT,-1,1652223600,-2.1,SL,3,1.51,0.26
DOTUSDT,1,1652557500,1.9,TP,1,0.68,-0.75
DOTUSDT,1,1653439500,1.9,TP,3,1.34,0.19
DOTUSDT,-1,1654253100,1.9,TP,1,6.51,-3.45
DOTUSDT,-1,1654865100,1.9,TP,1,3.27,-2.84
DOTUSDT,1,1656328500,-2.1,SL,2,2.73,0.03
DOTUSDT,-1,1656438300,1.9,TP,1,3.44,-1.11
DOTUSDT,1,1657987200,1.9,TP,1,9.94,-4.74
DOTUSDT,1,1658122200,1.9,TP,1,15.52,-3.21
DOTUSDT,1,1658473200,1.9,TP,1,1.55,-2.13
DOTUSDT,-1,1658712600,1.9,TP,1,6.34,-2.67
DOTUSDT,1,1659285900,1.9,TP,1,4.92,-4.38
DOTUSDT,-1,1659574800,1.9,TP,3,-0.68,0.3
DOTUSDT,1,1659890700,-2.1,SL,1,8.71,-2.26
DOTUSDT,1,1660350600,1.9,TP,4,1.69,-0.81
DOTUSDT,-1,1660734000,1.9,TP,1,1.21,-1.6
DOTUSDT,1,1662338700,1.9,TP,1,4.42,-2.86
DOTUSDT,1,1663072200,-2.1,SL,3,-2.43,2.65
DOTUSDT,-1,1665767700,-0.955,TIMEOUT,1,2.48,-1.46
DOTUSDT,1,1666982700,1.9,TP,4,1.25,-0.52
DOTUSDT,1,1667834100,1.9,TP,1,0.4,-2.84
DOTUSDT,-1,1668177900,1.9,TP,3,0.59,-1.17
DOTUSDT,-1,1668389400,-2.1,SL,1,2.93,-2.26
DOTUSDT,-1,1668798000,1.9,TP,1,3.85,-1.53
DOTUSDT,-1,1668942900,1.9,TP,1,4.35,-2.55
DOTUSDT,1,1670199300,-0.189,TIMEOUT,1,2.79,-2.64
DOTUSDT,1,1673177400,1.9,TP,1,2.44,-1.44
DOTUSDT,-1,1678391100,1.9,TP,1,8.35,-3.43
DOTUSDT,-1,1678522500,-2.1,SL,1,10.33,-2.87
DOTUSDT,-1,1679514300,-2.1,SL,1,4.24,-2.86
DOTUSDT,1,1680396300,1.9,TP,3,5.21,0.49
DOTUSDT,1,1681311600,1.9,TP,2,1.66,-0.14
DOTUSDT,1,1681800300,1.9,TP,1,3.99,-2.91
DOTUSDT,-1,1683815400,1.9,TP,1,5.41,-1.47
DOTUSDT,-1,1684334700,-2.1,SL,4,0.55,-1.25
DOTUSDT,1,1684581300,-0.675,TIMEOUT,1,2.06,-0.97
DOTUSDT,1,1687665600,1.9,TP,1,12.08,-3.81
DOTUSDT,1,1689902100,1.9,TP,1,5.17,-4.57
DOTUSDT,-1,1692304200,1.9,TP,1,0.7,-1.4
DOTUSDT,1,1693234800,1.9,TP,1,0.33,-1.49
DOTUSDT,-1,1693841400,-1.309,TIMEOUT,3,2.58,-1.63
DOTUSDT,1,1698251400,1.9,TP,3,6.86,-0.07
DOTUSDT,1,1698488100,1.9,TP,2,1.88,-0.34
DOTUSDT,1,1698864300,1.9,TP,1,3.02,-3.71
DOTUSDT,1,1699587900,-2.1,SL,4,3.58,-0.04
DOTUSDT,1,1701651600,1.9,TP,1,2.58,-0.69
DOTUSDT,1,1701798300,1.9,TP,1,0.29,-2.45
DOTUSDT,1,1702250100,-2.1,SL,2,1.48,-0.96
DOTUSDT,-1,1702452600,-2.1,SL,4,5.12,-0.06
DOTUSDT,-1,1702811700,1.9,TP,2,3.2,-0.52
DOTUSDT,1,1703677500,-2.1,SL,4,9.7,-0.21
DOTUSDT,-1,1704451500,1.9,TP,1,3.74,-1.81
DOTUSDT,1,1704921300,1.9,TP,1,3.29,-4.03
DOTUSDT,1,1707882300,1.9,TP,1,2.85,-2.77
DOTUSDT,1,1708964100,1.9,TP,1,4.66,-4.84
DOTUSDT,1,1709485200,1.9,TP,1,4.03,-3.08
DOTUSDT,-1,1710801000,-2.1,SL,3,14.29,-0.86
DOTUSDT,-1,1711954800,1.9,TP,1,1.3,-1.86
DOTUSDT,1,1713951000,-2.1,SL,4,2.36,-0.01
DOTUSDT,-1,1715355000,1.9,TP,1,1.91,-2.55
DOTUSDT,-1,1715676300,1.9,TP,3,0.91,-0.12
DOTUSDT,1,1717763400,-2.1,SL,4,-1.27,1.66
DOTUSDT,-1,1717783200,-2.1,SL,1,9.81,-8.79
DOTUSDT,-1,1718007300,-2.1,SL,3,25.7,-0.47
DOTUSDT,1,1719483300,1.9,TP,1,11.92,-3.21
DOTUSDT,1,1721153700,1.9,TP,4,9.45,0.03
DOTUSDT,-1,1723814100,-1.355,TIMEOUT,3,3.05,0
DOTUSDT,1,1724103900,1.9,TP,3,1.63,0.1
DOTUSDT,-1,1724958900,-2.1,SL,1,9.76,-2.14
DOTUSDT,1,1727128800,1.9,TP,3,0.65,-0.59
DOTUSDT,1,1728879300,1.9,TP,1,5.4,-3.4
DOTUSDT,1,1731519000,-2.1,SL,3,2.67,0.02
DOTUSDT,1,1731895200,1.9,TP,1,11.29,-2.52
DOTUSDT,1,1732103100,-2.1,SL,4,16.42,-1.58
DOTUSDT,1,1732199400,-2.1,SL,4,12.75,-0.62
DOTUSDT,1,1733173200,1.9,TP,1,1.48,-3.57
DOTUSDT,1,1733406300,1.9,TP,3,5.54,0.1
DOTUSDT,1,1733591700,1.9,TP,4,5.07,0.27
DOTUSDT,-1,1734791400,1.9,TP,1,0.14,-2.14
DOTUSDT,-1,1735708500,1.9,TP,3,-0.94,0.1
DOTUSDT,-1,1737267300,1.9,TP,1,10.74,-1.05
DOTUSDT,-1,1737420300,-2.1,SL,1,3.7,-1.53
DOTUSDT,-1,1737585000,1.9,TP,3,1.21,-0.15
DOTUSDT,-1,1737935100,1.9,TP,1,6.08,-3.7
DOTUSDT,-1,1738096200,1.9,TP,1,15.89,-1.29
DOTUSDT,1,1739367000,1.9,TP,2,-3.03,1.29
DOTUSDT,-1,1739822400,1.9,TP,3,9.19,0.04
DOTUSDT,1,1742331600,1.9,TP,1,4.43,-2.57
DOTUSDT,1,1742524200,-2.1,SL,1,6.29,-3.28
DOTUSDT,1,1742787000,1.9,TP,1,1.73,-1.54
DOTUSDT,1,1743614100,1.9,TP,2,4.01,-0.01
DOTUSDT,-1,1743849900,1.9,TP,1,1.83,-0.81
DOTUSDT,-1,1744133400,1.9,TP,1,2.69,-2.26
DOTUSDT,1,1745511300,1.9,TP,3,0.67,-3.28
DOTUSDT,-1,1746640800,-2.1,SL,3,3.02,-1
DOTUSDT,-1,1748466900,-2.1,SL,3,2.23,0.03
DOTUSDT,1,1752396300,1.9,TP,3,2.72,-0.91
DOTUSDT,-1,1755840600,1.9,TP,2,0.76,-0.3
DOTUSDT,-1,1756681200,1.9,TP,1,1.74,-1.77
DOTUSDT,1,1757708100,1.9,TP,4,3.42,0.09
DOTUSDT,1,1759307400,1.9,TP,1,5.5,-5.18
DOTUSDT,1,1759510800,-2.1,SL,2,5.86,-0.53
DOTUSDT,1,1759640400,1.9,TP,1,4.27,-2.26
DOTUSDT,-1,1760116500,1.9,TP,1,2.78,-1.85
DOTUSDT,-1,1761805800,1.9,TP,2,2.25,0.46
DOTUSDT,-1,1763658000,1.9,TP,1,1.86,-4.13
DOTUSDT,-1,1765276200,-2.1,SL,3,4.81,-0.74
DOTUSDT,1,1767633300,1.9,TP,3,1.28,-0.1
DOTUSDT,-1,1769182200,-2.1,SL,2,0.53,-0.28
DOTUSDT,-1,1769653800,1.9,TP,1,1.39,-2.53
DOTUSDT,-1,1770131700,1.9,TP,3,-0.86,-0.17
DOTUSDT,-1,1771889400,1.9,TP,3,6.75,-0.79
DOTUSDT,-1,1775093400,1.9,TP,1,2.54,-2.85
DOTUSDT,-1,1776182400,1.9,TP,4,5.83,-0.61
DOTUSDT,-1,1777271400,-1.4,TIMEOUT,1,1.59,-3.1
DOTUSDT,1,1778255100,1.9,TP,1,8.3,-3.12
DOTUSDT,1,1778414400,1.9,TP,3,1.22,-0.18
DOTUSDT,-1,1779060600,-2.1,SL,1,10.83,-3.66
DOTUSDT,-1,1779222600,-2.1,SL,2,17.32,0.19
DOTUSDT,1,1781475300,1.9,TP,1,0.46,-3.35
DOTUSDT,-1,1782585000,1.9,TP,1,11.02,-1.7
FILUSDT,-1,1607958900,1.9,TP,1,1.45,-1.88
FILUSDT,-1,1608062400,1.9,TP,1,3.35,-3.12
FILUSDT,-1,1608400800,1.9,TP,1,2.82,-1.84
FILUSDT,1,1615907700,1.9,TP,1,6.54,-4.71
FILUSDT,1,1617112800,1.9,TP,1,1.25,-5.14
FILUSDT,-1,1617560100,-2.1,SL,3,0.58,-0.05
FILUSDT,1,1619748900,-2.1,SL,1,5.93,-4.92
FILUSDT,-1,1621609200,1.9,TP,1,2.87,-2.28
FILUSDT,-1,1623344400,1.9,TP,1,5.34,-2.22
FILUSDT,-1,1623937500,1.9,TP,2,19.55,-0.65
FILUSDT,1,1627083000,1.9,TP,1,8.26,-3.62
FILUSDT,1,1627259400,1.9,TP,1,0.17,-3.23
FILUSDT,1,1627680600,1.9,TP,1,7.42,-3.44
FILUSDT,1,1630685700,1.9,TP,3,10.14,-0.05
FILUSDT,-1,1631277900,1.9,TP,1,13.35,-1.48
FILUSDT,-1,1632474000,1.9,TP,1,5.63,-5.18
FILUSDT,-1,1632816900,1.9,TP,4,4.56,-0.92
FILUSDT,-1,1637500500,-2.1,SL,3,1.43,-0.02
FILUSDT,-1,1639307700,-2.1,SL,2,0.65,0.07
FILUSDT,1,1641301200,1.9,TP,1,4.02,-1.54
FILUSDT,-1,1641811500,1.9,TP,1,10.44,-1.68
FILUSDT,-1,1642714200,1.9,TP,1,3.29,-4.35
FILUSDT,-1,1645652700,1.9,TP,3,0.17,-1.74
FILUSDT,1,1645947000,1.9,TP,1,3.59,-4.74
FILUSDT,-1,1647206100,1.9,TP,3,3.87,0.08
FILUSDT,-1,1649951100,-2.1,SL,1,17.93,-2.83
FILUSDT,-1,1650982500,1.9,TP,1,2.11,-2.79
FILUSDT,-1,1651359600,-2.1,SL,1,6.98,-7.01
FILUSDT,-1,1652526900,-2.1,SL,1,16.81,-3.09
FILUSDT,-1,1654693200,1.9,TP,2,0.24,0.48
FILUSDT,1,1656023400,1.9,TP,1,1.43,-1.25
FILUSDT,-1,1657722600,-2.1,SL,2,-0.75,0.25
FILUSDT,1,1660335300,-2.1,SL,4,3,-0.73
FILUSDT,-1,1662484500,1.9,TP,1,4.2,-3.97
FILUSDT,1,1663025400,-2.1,SL,2,4,-0.16
FILUSDT,-1,1663505100,1.9,TP,2,1.86,-0.12
FILUSDT,-1,1664967600,-1.404,TIMEOUT,1,1.78,-0.71
FILUSDT,1,1665836100,-2.1,SL,1,4.15,-3.35
FILUSDT,1,1666016100,-2.1,SL,3,1.85,-0.5
FILUSDT,1,1666711800,1.9,TP,1,4.24,-2.78
FILUSDT,1,1666974600,1.9,TP,1,12.42,-2.96
FILUSDT,1,1668880800,1.9,TP,3,2.04,-0.49
FILUSDT,1,1669969800,1.9,TP,1,2.61,-1.85
FILUSDT,1,1670175000,-1.465,TIMEOUT,1,1.74,-2.35
FILUSDT,1,1670318100,-2.1,SL,3,0.75,-0.15
FILUSDT,1,1672800300,1.9,TP,2,0.44,-3.39
FILUSDT,1,1673484300,-2.1,SL,1,3.67,-3.88
FILUSDT,-1,1678182300,1.9,TP,1,6.26,-2.41
FILUSDT,-1,1678392900,1.9,TP,1,3.05,-3.08
FILUSDT,-1,1679926500,1.9,TP,1,0.91,-1.98
FILUSDT,1,1680877800,1.9,TP,1,5.38,-4.77
FILUSDT,1,1681146900,1.9,TP,1,5.13,-3.79
FILUSDT,1,1685666700,1.9,TP,1,5.83,-2.26
FILUSDT,-1,1686148200,1.9,TP,1,12.62,-2.78
FILUSDT,1,1688215500,1.9,TP,3,0.48,-0.08
FILUSDT,1,1691501400,1.9,TP,2,0.81,0.17
FILUSDT,-1,1692882000,1.9,TP,1,1.57,-2.11
FILUSDT,1,1694278800,-0.933,TIMEOUT,4,0.23,0.24
FILUSDT,1,1694951100,1.9,TP,3,17.47,-0.26
FILUSDT,-1,1695614400,1.9,TP,2,0.81,-0.54
FILUSDT,1,1699465500,1.9,TP,1,3.87,-1.46
FILUSDT,1,1701657900,1.9,TP,1,3.63,-2.1
FILUSDT,1,1703367000,1.9,TP,1,1.98,-1.94
FILUSDT,1,1703692800,1.9,TP,1,1.85,-1.46
FILUSDT,1,1703980800,1.9,TP,2,4.57,-0.71
FILUSDT,-1,1705874400,1.9,TP,2,14.72,-0.62
FILUSDT,1,1711902600,1.9,TP,2,1.42,-0.18
FILUSDT,-1,1713201300,1.9,TP,1,1.54,-2.45
FILUSDT,-1,1715353200,1.9,TP,1,4.88,-4.04
FILUSDT,1,1716820200,1.9,TP,1,8.24,-1.73
FILUSDT,-1,1718256600,1.9,TP,1,5.55,-1.49
FILUSDT,-1,1718922600,1.9,TP,2,16.13,-0.3
FILUSDT,-1,1719977400,1.9,TP,1,3.26,-2.24
FILUSDT,-1,1721844900,1.9,TP,1,1.4,-2.6
FILUSDT,1,1722220200,-2.1,SL,1,3.09,-2.78
FILUSDT,1,1723574700,-2.1,SL,2,7.75,0.06
FILUSDT,-1,1724961600,1.9,TP,1,9.14,-1.04
FILUSDT,1,1726113600,-2.1,SL,3,12.2,-0.8
FILUSDT,1,1732534200,-2.1,SL,3,15.24,0.11
FILUSDT,1,1732726800,1.9,TP,2,1.07,-0.39
FILUSDT,1,1733280300,1.9,TP,1,1.09,-0.87
FILUSDT,-1,1736694000,1.9,TP,3,1.57,-0.32
FILUSDT,-1,1737934200,1.9,TP,2,0.43,-4.43
FILUSDT,-1,1738093500,1.9,TP,1,3.14,-0.88
FILUSDT,-1,1738647900,1.9,TP,1,3.71,-3.53
FILUSDT,-1,1738855800,1.9,TP,1,5.91,-2.96
FILUSDT,1,1742787000,1.9,TP,1,2.13,-1.31
FILUSDT,1,1744636500,1.9,TP,3,11.76,-0.24
FILUSDT,-1,1745859600,-2.1,SL,3,0.33,-0.3
FILUSDT,1,1747157400,1.9,TP,1,4.69,-2.63
FILUSDT,1,1752964200,1.9,TP,3,13.52,-0.53
FILUSDT,-1,1755827100,1.9,TP,3,14.36,-0.17
FILUSDT,-1,1756101600,1.9,TP,1,3.8,-2.36
FILUSDT,-1,1756683900,1.9,TP,1,1.4,-2.47
FILUSDT,1,1756915200,-2.1,SL,3,0.35,-2.52
FILUSDT,1,1757705400,1.9,TP,1,3.82,-2.06
FILUSDT,1,1759510800,-2.1,SL,3,2.74,-1.42
FILUSDT,1,1759759200,-2.1,SL,1,7.4,-3.05
FILUSDT,1,1761058800,-2.1,SL,1,8.31,-3.5
FILUSDT,-1,1762277400,1.9,TP,1,2.49,-1.97
FILUSDT,-1,1763257500,-2.1,SL,2,1.97,-0.1
FILUSDT,-1,1763478000,-2.1,SL,2,1.26,-0.14
FILUSDT,-1,1764063900,1.9,TP,4,3.96,-0.06
FILUSDT,-1,1764547200,1.9,TP,1,5.98,-4.85
FILUSDT,-1,1765811700,1.9,TP,1,6.19,-4.82
FILUSDT,1,1767013200,-2.1,SL,2,4.79,0.12
FILUSDT,1,1767268800,1.9,TP,1,2.26,-2.68
FILUSDT,1,1767396600,1.9,TP,1,16.61,-2.03
FILUSDT,1,1767535200,1.9,TP,2,0.76,-0.13
FILUSDT,-1,1770146100,-2.1,SL,3,-1.14,0.2
FILUSDT,-1,1770558300,1.9,TP,4,2.49,-0.39
FILUSDT,-1,1773450900,-2.1,SL,2,0.4,-0.19
FILUSDT,1,1775757600,1.9,TP,2,2.05,0
FILUSDT,1,1776265200,1.9,TP,2,3.17,-1.02
FILUSDT,1,1777986900,1.9,TP,2,4.1,-0.09
FILUSDT,-1,1780413300,1.9,TP,1,2.76,-2.52
FILUSDT,1,1781474400,1.9,TP,1,5.7,-3.24
FILUSDT,1,1781659800,-2.1,SL,2,1.92,-0.97
FILUSDT,-1,1782308700,1.9,TP,1,4.29,-1.84
FILUSDT,-1,1782827100,-2.1,SL,4,7.39,-0.57
FILUSDT,1,1783300500,-2.1,SL,3,2.19,0.06
FILUSDT,1,1785639600,-0.465,TIMEOUT,1,1.4,-2.01
FILUSDT,1,1785769200,-1.47,TIMEOUT,1,1.98,-0.97
FILUSDT,1,1785963600,-2.1,SL,3,0.47,-0.26
FILUSDT,-1,1786086000,1.9,TP,2,1.59,-0.06
LTCUSDT,1,1608122700,1.9,TP,4,0.95,-0.39
LTCUSDT,1,1609167600,-2.1,SL,2,0.98,0.35
LTCUSDT,1,1609595100,-2.1,SL,1,3.23,-2.17
LTCUSDT,1,1609900200,1.9,TP,2,7.82,-0.29
LTCUSDT,1,1610109900,-2.1,SL,2,1.85,-0.78
LTCUSDT,1,1610803800,1.9,TP,3,4.28,-0.18
LTCUSDT,-1,1611508500,1.9,TP,3,2.4,-0.21
LTCUSDT,1,1612789200,1.9,TP,1,2.41,-3.08
LTCUSDT,1,1613043900,1.9,TP,2,1.76,-0.09
LTCUSDT,1,1614735900,1.9,TP,1,1.63,-2.69
LTCUSDT,1,1615249800,1.9,TP,1,6.57,-1.01
LTCUSDT,-1,1616293800,1.9,TP,1,4.73,-2.33
LTCUSDT,-1,1616616900,-2.1,SL,1,6.09,-3.76
LTCUSDT,1,1616987700,1.9,TP,1,4.22,-3.06
LTCUSDT,1,1618299900,1.9,TP,1,3.55,-3.33
LTCUSDT,-1,1619131500,-2.1,SL,1,3.15,-1.59
LTCUSDT,1,1620561600,1.9,TP,4,11.04,1.32
LTCUSDT,1,1620779400,-2.1,SL,1,23.26,-2.74
LTCUSDT,-1,1621387800,1.9,TP,1,5.83,-2.4
LTCUSDT,-1,1621607400,-2.1,SL,1,3.07,-2.98
LTCUSDT,-1,1622892600,1.9,TP,1,6.82,-2.28
LTCUSDT,-1,1623083400,1.9,TP,1,10.8,-2.14
LTCUSDT,-1,1623213900,-2.1,SL,2,2.68,0
LTCUSDT,1,1623391200,-2.1,SL,2,1.5,-0.55
LTCUSDT,-1,1623949200,1.9,TP,1,7.04,-3.29
LTCUSDT,1,1625097600,-2.1,SL,2,4.63,0.18
LTCUSDT,-1,1625700600,1.9,TP,1,1.21,-1.98
LTCUSDT,-1,1625947200,-2.1,SL,2,2.16,-0.58
LTCUSDT,1,1627079400,1.9,TP,1,10.05,-4.08
LTCUSDT,1,1627675200,1.9,TP,1,0.99,-3.66
LTCUSDT,1,1628504100,1.9,TP,1,7.63,-2.43
LTCUSDT,1,1629683100,1.9,TP,1,3.58,-2.12
LTCUSDT,-1,1632475800,1.9,TP,1,4.22,-3.96
LTCUSDT,1,1633526100,-2.1,SL,1,4.2,-3.97
LTCUSDT,1,1633800600,-2.1,SL,3,1.52,0.26
LTCUSDT,-1,1640651400,1.9,TP,1,1.89,-2.89
LTCUSDT,1,1641315600,-2.1,SL,3,0.75,-0.15
LTCUSDT,1,1642404600,1.9,TP,4,7.4,-0.31
LTCUSDT,-1,1642715100,1.9,TP,1,1.91,-5.8
LTCUSDT,1,1645968600,1.9,TP,3,-3.84,2.22
LTCUSDT,1,1647621900,1.9,TP,1,1.75,-1.6
LTCUSDT,1,1648348200,1.9,TP,4,7.05,0.2
LTCUSDT,1,1648641600,1.9,TP,4,1.59,0.23
LTCUSDT,-1,1649177100,1.9,TP,3,2.26,0.06
LTCUSDT,-1,1649634300,1.9,TP,2,1.41,-3.58
LTCUSDT,-1,1650983400,1.9,TP,1,5.39,-3.56
LTCUSDT,-1,1651496400,-2.1,SL,2,0.53,0.44
LTCUSDT,1,1651649400,1.9,TP,1,2.72,-1.99
LTCUSDT,-1,1652526000,-2.1,SL,1,19.74,-3.4
LTCUSDT,-1,1654253100,-1.418,TIMEOUT,1,4.53,-2.88
LTCUSDT,1,1655948700,1.9,TP,1,3.02,-1.09
LTCUSDT,-1,1656658800,1.9,TP,1,4.62,-2.27
LTCUSDT,1,1657390500,1.9,TP,1,3.23,-2.69
LTCUSDT,-1,1657722600,-2.1,SL,3,0.65,0.13
LTCUSDT,-1,1657805400,-2.1,SL,2,0.24,-0.79
LTCUSDT,-1,1659497400,-2.1,SL,4,3.11,-0.38
LTCUSDT,1,1659890700,1.9,TP,4,4.41,-0.58
LTCUSDT,1,1660346100,1.9,TP,1,3.69,-2.17
LTCUSDT,1,1661271300,1.9,TP,2,7.67,0.08
LTCUSDT,1,1664242200,-2.1,SL,1,3.84,-4.37
LTCUSDT,-1,1664641800,1.9,TP,1,3.66,-2.07
LTCUSDT,1,1666709100,1.9,TP,1,5.39,-2.42
LTCUSDT,1,1667300400,1.9,TP,2,1.25,0.35
LTCUSDT,1,1668676500,1.9,TP,4,1.65,-0.1
LTCUSDT,1,1670027400,-1.394,TIMEOUT,3,0.42,0.06
LTCUSDT,1,1670200200,1.9,TP,1,5.48,-3.05
LTCUSDT,-1,1677221100,1.9,TP,2,4.66,-0.02
LTCUSDT,-1,1678068900,1.9,TP,1,3.25,-2.11
LTCUSDT,1,1679248800,-2.1,SL,4,9.67,-0.31
LTCUSDT,1,1680552000,1.9,TP,3,-2.62,1.89
LTCUSDT,1,1681648200,1.9,TP,1,2.06,-0.96
LTCUSDT,1,1681786800,-2.1,SL,1,4.27,-2.96
LTCUSDT,-1,1682278200,-2.1,SL,4,7.14,-0.08
LTCUSDT,-1,1686367800,1.9,TP,1,2.63,-3.4
LTCUSDT,-1,1686772800,1.9,TP,1,3.52,-3.4
LTCUSDT,1,1687284900,1.9,TP,1,5.94,-4.34
LTCUSDT,1,1689228900,1.9,TP,1,6.86,-4.65
LTCUSDT,-1,1693313100,-2.1,SL,2,2.21,0.11
LTCUSDT,1,1693319400,-2.1,SL,1,8.89,-8.47
LTCUSDT,-1,1693783800,1.9,TP,3,4.6,-0.07
LTCUSDT,-1,1694319300,1.9,TP,2,4.32,-4.21
LTCUSDT,-1,1695582900,1.9,TP,1,0.32,-2.41
LTCUSDT,1,1698872400,-2.1,SL,1,3.89,-2.82
LTCUSDT,1,1699091100,1.9,TP,3,8.36,-0.15
LTCUSDT,1,1699474500,1.9,TP,4,3.49,-0.03
LTCUSDT,-1,1700519400,-2.1,SL,3,1.45,-1.22
LTCUSDT,1,1701651600,1.9,TP,1,1.12,-1.81
LTCUSDT,1,1701815400,1.9,TP,4,0.54,0
LTCUSDT,-1,1702854900,1.9,TP,1,3.96,-4.33
LTCUSDT,-1,1703110500,-1.213,TIMEOUT,1,0.05,-1.16
LTCUSDT,-1,1704456900,1.9,TP,2,1.8,-0.39
LTCUSDT,1,1706375700,-0.781,TIMEOUT,1,2.73,-1.99
LTCUSDT,1,1707622200,-2.1,SL,1,5.48,-5.28
LTCUSDT,1,1710144900,1.9,TP,1,5.27,-4.24
LTCUSDT,1,1711184400,1.9,TP,2,10.99,0.14
LTCUSDT,1,1711480500,1.9,TP,1,4.32,-3.15
LTCUSDT,1,1711708200,1.9,TP,1,5.49,-3.82
LTCUSDT,-1,1712849400,-2.1,SL,3,2.37,-0.22
LTCUSDT,1,1713926700,-2.1,SL,1,2.64,-2.04
LTCUSDT,1,1715112000,-2.1,SL,4,3.72,-0.2
LTCUSDT,-1,1715646600,1.9,TP,4,1.57,-0.41
LTCUSDT,-1,1717475400,-0.94,TIMEOUT,1,2.79,-2.98
LTCUSDT,1,1719795600,-2.037,TIMEOUT,4,5.31,-2.56
LTCUSDT,1,1722221100,1.9,TP,1,5.99,-4.27
LTCUSDT,-1,1722610800,1.9,TP,1,13.79,-5
LTCUSDT,-1,1723046400,1.9,TP,1,3.69,-1.28
LTCUSDT,1,1723484700,1.9,TP,3,0.83,0.01
LTCUSDT,-1,1726672500,-2.1,SL,3,1.71,-0.77
LTCUSDT,1,1726913700,1.9,TP,3,0.32,0.19
LTCUSDT,-1,1727793000,1.9,TP,1,8.96,-2.94
LTCUSDT,1,1730167200,1.9,TP,1,4.89,-3.89
LTCUSDT,-1,1730816100,-2.1,SL,3,1.48,-0.17
LTCUSDT,1,1731901500,-2.1,SL,1,11.11,-4.35
LTCUSDT,1,1733357700,-2.1,SL,4,13.07,-0.3
LTCUSDT,-1,1736626500,-1.955,TIMEOUT,4,2.78,0.4
LTCUSDT,-1,1736689500,1.9,TP,3,3.32,-0.52
LTCUSDT,-1,1740875400,1.9,TP,2,5.46,-0.42
LTCUSDT,-1,1740987000,1.9,TP,1,6.68,-2.33
LTCUSDT,-1,1741478400,1.9,TP,1,45.59,-1.64
LTCUSDT,-1,1741850100,1.9,TP,2,10.43,-0.3
LTCUSDT,1,1742733900,1.9,TP,4,0.1,0.03
LTCUSDT,-1,1743561900,-2.1,SL,1,6.85,-2.05
LTCUSDT,1,1744340400,1.9,TP,1,9.81,-1.64
LTCUSDT,1,1745326800,1.9,TP,1,3.41,-1.99
LTCUSDT,-1,1747486800,1.9,TP,1,4.4,-1.63
LTCUSDT,-1,1747727100,-2.1,SL,1,3.4,-3.82
LTCUSDT,-1,1749924000,-1.639,TIMEOUT,3,2.83,-0.38
LTCUSDT,-1,1750434300,1.9,TP,1,5.99,-2.81
LTCUSDT,1,1752952500,1.9,TP,1,7.26,-6.41
LTCUSDT,-1,1753471800,-2.1,SL,3,6.52,0.05
LTCUSDT,-1,1753710300,1.9,TP,1,8.98,-2.85
LTCUSDT,1,1754844300,1.9,TP,3,1.44,-0.26
LTCUSDT,1,1755013500,1.9,TP,1,0.62,-3.21
LTCUSDT,-1,1755482400,1.9,TP,1,5.52,-3.23
LTCUSDT,1,1757041200,1.9,TP,2,1.11,0.04
LTCUSDT,1,1757211300,1.9,TP,1,4.22,-1.24
LTCUSDT,1,1757509200,1.9,TP,1,3.06,-3.2
LTCUSDT,-1,1758501900,1.9,TP,1,5.3,-4.56
LTCUSDT,-1,1758767400,1.9,TP,3,3.85,-0.23
LTCUSDT,1,1759621500,1.9,TP,1,6.95,-2.6
LTCUSDT,1,1761238800,1.9,TP,2,3.48,-0.26
LTCUSDT,-1,1763535600,1.9,TP,4,2.54,0.48
LTCUSDT,-1,1763655300,1.9,TP,1,9.11,-3.66
LTCUSDT,-1,1765812600,1.9,TP,1,1.43,-3.57
LTCUSDT,-1,1766771100,-1.656,TIMEOUT,3,0.34,-0.31
LTCUSDT,-1,1768440600,1.9,TP,1,0.99,-0.95
LTCUSDT,-1,1770923700,-2.1,SL,2,4.06,0.49
LTCUSDT,-1,1774112400,1.9,TP,2,3.44,-0.63
LTCUSDT,-1,1775094300,1.9,TP,1,3.59,-2.74
LTCUSDT,1,1775601000,1.9,TP,1,8.01,-3.29
LTCUSDT,1,1775752200,-0.357,TIMEOUT,1,8.62,-1.55
LTCUSDT,1,1777995000,1.9,TP,3,4.08,-0.49
LTCUSDT,1,1778160600,-1.483,TIMEOUT,4,1.99,-0.34
LTCUSDT,1,1778256000,1.9,TP,1,2.97,-2.29
LTCUSDT,-1,1778679900,-1.202,TIMEOUT,1,5.77,-3.65
LTCUSDT,-1,1779634800,1.9,TP,1,1.6,-2.56