symbol,S,pnl,win,exitType,hold,fastCycleLen,slowAge,confLag,pullLag,pullDepth,entryVsZone,volConfirm,volEntry,atrPct,zoneWidth,zoneAge,zoneMerged,slowStrength,moveFromFlip,emaSlope,hour,rangePct
IMXUSDT,1,1.9,1,TP,1,7,6,4,2,-0.06,-0.11,2.7,0.76,6.48,1.92,0,0,21.34,0.76,1,5,1.76
IMXUSDT,-1,1.9,1,TP,9,10,216,0,9,-0.15,1.4,0.7,0.78,1.02,0.57,205,0,2.98,0.06,-1,3,0.81
IMXUSDT,-1,-2.1,0,SL,3,7,384,0,6,0.19,5.29,0.81,2.04,1.75,0.23,147,0,3.92,-2.85,-1,14,3.4
IMXUSDT,-1,1.9,1,TP,2,1,905,0,0,-3.57,1.44,1.63,1.63,0.99,1.91,120,1,0.59,0,-1,0,0.85
IMXUSDT,-1,-2.1,0,SL,6,16,999,0,15,-0.09,3.44,0.58,1.89,1.26,1.97,199,1,3.79,-1.12,-1,0,1.58
IMXUSDT,1,-2.1,0,SL,2,6,189,0,5,-0.2,11.54,3.04,1.57,2.58,0.47,188,0,6.58,-6.27,1,13,3.36
IMXUSDT,1,1.9,1,TP,5,2,346,0,1,-0.56,12.51,1.55,1.2,2.22,0.48,349,0,3.66,1.32,1,4,1.95
IMXUSDT,-1,1.9,1,TP,19,13,391,0,12,-0.22,3.4,1.33,1.52,0.92,0.79,110,0,2.85,0.14,-1,5,0.93
IMXUSDT,1,-2.1,0,SL,2,5,199,0,4,-0.5,11.87,2.67,0.9,2.26,0.56,412,0,6.51,-0.81,1,6,1.94
IMXUSDT,1,1.9,1,TP,3,4,849,0,3,0,2.88,1.22,1.28,1.03,0.55,122,0,2.81,-2.1,1,1,1.12
IMXUSDT,1,1.9,1,TP,4,3,97,0,2,-0.3,6.81,0.69,0.93,1.27,0.94,171,0,2.44,-0.87,1,8,0.97
IMXUSDT,1,-2.1,0,SL,13,4,270,0,3,-0.3,7.99,0.74,0.83,0.91,0.96,343,0,1.14,-0.62,1,3,1.09
IMXUSDT,-1,-2.1,0,SL,2,7,277,0,6,0.07,0.84,0.93,2.16,1.2,1.27,102,0,3.22,-0.89,-1,14,2.48
IMXUSDT,-1,1.9,1,TP,2,9,514,0,8,-0.31,3.68,2.01,0.65,1.1,0.52,7,0,2.18,-0.85,-1,1,1.01
IMXUSDT,-1,-2.1,0,SL,2,5,755,0,4,0.76,1.37,1.19,1.8,1.04,0.59,31,0,2.93,-2.41,-1,13,1.81
IMXUSDT,-1,1.9,1,TP,15,1,861,0,0,-1.21,0.89,2.25,2.25,1.21,0.59,141,0,1.4,0,-1,16,1.81
IMXUSDT,-1,1.9,1,TP,2,1,1176,0,0,-2.65,2.95,2.19,2.19,0.76,0.44,1,0,0.78,0,-1,22,1.14
IMXUSDT,1,1.9,1,TP,3,10,185,0,9,-0.49,6.46,2.42,0.94,1.29,0.91,122,0,3.71,-0.13,1,2,1.23
IMXUSDT,-1,1.9,1,TP,8,16,199,0,15,-0.31,5.48,0.39,1.66,0.91,1.05,453,0,2.49,1.12,-1,14,1.17
IMXUSDT,-1,1.9,1,TP,8,1,387,0,0,-3.72,4.47,2.8,2.8,1.02,0.53,12,0,0.64,0,-1,13,1.7
IMXUSDT,-1,1.9,1,TP,15,4,641,0,3,0.26,4.6,0.33,1.09,0.97,0.53,263,0,2.84,-0.82,-1,5,1.28
IMXUSDT,1,1.9,1,TP,3,14,40,0,13,0.49,6.81,2.07,0.96,1.57,0.6,206,0,4.5,0.43,1,14,1.56
IMXUSDT,-1,1.9,1,TP,7,3,812,0,2,-0.14,11.12,0.58,1.19,2.11,4.17,262,0,6.44,-1.13,-1,6,2.42
IMXUSDT,-1,-2.1,0,SL,13,12,153,0,11,0,1.18,1.71,0.57,1.66,2.04,207,0,4.1,-2.45,-1,19,1.12
IMXUSDT,-1,-2.1,0,SL,2,1,203,0,0,-2.43,4.19,2.2,2.2,1.87,1.12,105,0,3,0,-1,13,3.8
IMXUSDT,-1,-2.1,0,SL,1,7,772,0,6,-0.16,-0.09,1.18,1.33,1.74,2.25,246,0,1.19,-3.57,-1,12,1.78
IMXUSDT,1,-2.1,0,SL,5,3,338,0,2,-0.01,1.44,1.07,1.02,1.22,2.03,231,0,3.62,-0.87,1,12,1.8
IMXUSDT,1,1.9,1,TP,17,5,606,0,4,0,5.35,1.66,1.38,0.94,1.14,176,0,2.75,-0.85,1,7,1.01
IMXUSDT,1,1.9,1,TP,45,11,171,0,10,-0.37,1.39,2.17,1.47,0.91,0.64,2,0,2.64,-1.81,1,19,1.07
IMXUSDT,-1,-2.1,0,SL,37,15,158,0,14,-2.8,2.65,1.5,2.15,0.94,0.22,208,0,2.64,1.38,-1,19,2.91
IMXUSDT,1,1.9,1,TP,22,9,180,0,8,0.32,0.54,1.45,1.44,0.95,0.45,60,0,2.86,-0.63,1,0,1.17
IMXUSDT,1,-2.1,0,SL,57,12,171,0,11,0.27,2.44,1.51,1.43,0.62,0.77,199,0,1.81,-0.49,1,4,0.75
IMXUSDT,-1,1.9,1,TP,5,1,259,0,0,-1.72,1.08,1.72,1.72,0.67,0.35,67,0,1.91,0,-1,10,0.7
IMXUSDT,-1,-2.1,0,SL,56,13,737,0,12,0.18,4.3,1.21,0.66,0.92,1.17,291,0,2.71,-0.15,-1,10,0.92
IMXUSDT,-1,1.9,1,TP,9,15,1115,0,14,0.23,4.26,6.54,0.96,0.73,1.16,667,0,1.15,-1.53,-1,8,0.66
IMXUSDT,-1,-2.1,0,SL,15,9,1377,0,8,0.63,1.54,1.2,0.67,0.86,0.38,199,0,2.46,-1.9,-1,2,0.96
IMXUSDT,1,-2.1,0,SL,13,9,168,0,8,-0.53,11.42,0.62,0.96,0.71,0.84,190,0,2.12,0.12,1,5,0.57
IMXUSDT,1,-2.1,0,SL,11,7,406,0,6,0.21,6.12,0.53,0.8,0.81,0.86,430,0,0.34,-0.73,1,16,1.05
IMXUSDT,-1,-2.1,0,SL,42,4,174,0,3,-0.23,0.34,0.51,1.02,0.57,0.8,6,1,0.44,-0.24,-1,12,0.73
IMXUSDT,1,1.9,1,TP,42,6,3,0,5,0.29,1.77,1.63,0.72,0.84,0.78,58,1,2.19,-1.26,1,1,0.98
IMXUSDT,-1,1.9,1,TP,2,1,498,0,0,-3.04,3.11,0.85,0.85,1.32,1.04,18,1,0.66,0,-1,21,1.22
IMXUSDT,-1,1.9,1,TP,34,9,737,0,8,-0.03,0.9,0.55,0.91,0.62,0.44,51,0,1.93,-0.59,-1,9,0.64
IMXUSDT,1,-2.1,0,SL,8,4,122,0,3,0.55,1.21,0.58,1.11,0.54,0.14,43,0,1.12,-0.6,1,21,0.71
IMXUSDT,1,1.9,1,TP,87,7,196,0,6,-0.05,1.91,2.23,0.52,0.63,0.14,114,0,1.32,-0.44,1,15,0.47
IMXUSDT,-1,1.9,1,TP,2,1,322,0,0,-2.55,5.36,1.15,1.15,0.32,0.15,57,0,0.68,0,-1,7,0.39
IMXUSDT,-1,1.9,1,TP,5,6,726,0,5,1.77,1.71,2.44,2.76,0.45,0.3,136,0,1.13,-1.67,-1,12,1.46
IMXUSDT,-1,1.9,1,TP,32,1,540,0,0,-2.01,2.76,1.46,1.46,0.61,0.47,9,0,0.29,0,-1,15,0.53
IMXUSDT,1,-2.1,0,SL,1,1,273,0,0,-5.35,5.36,7.97,7.97,1.4,0.57,2,0,2.8,0,1,16,5.92
IMXUSDT,-1,-2.1,0,SL,66,9,1151,0,8,-0.43,5.78,0.64,1.08,0.5,0.3,47,0,1.52,-0.2,-1,19,0.62
IMXUSDT,-1,-2.1,0,SL,11,15,143,0,14,-0.18,3.97,2.13,1.36,0.71,2.67,40,1,1.86,-0.95,-1,10,1.04
IMXUSDT,1,-2.1,0,SL,13,22,145,7,14,-0.16,1.28,3.12,1.63,0.82,0.65,107,0,2.2,1.63,1,20,1.23
IMXUSDT,-1,-1.059,0,TIMEOUT,194,2,289,0,1,-1.31,1.81,0.24,1.25,0.4,0.25,183,0,1.2,0.52,-1,18,0.69
IMXUSDT,-1,1.9,1,TP,16,1,500,0,0,-3.06,3.53,0.7,0.7,0.55,0.28,52,1,0.78,0,-1,22,0.39
IMXUSDT,-1,-2.1,0,SL,5,11,235,0,10,0.48,1.25,1.12,0.96,0.54,0.27,46,0,1.28,-1.05,-1,8,0.65
IMXUSDT,-1,1.9,1,TP,128,2,115,0,1,-0.32,2.22,1.15,1.05,0.37,1.43,72,1,1.17,0.12,-1,21,0.39
IMXUSDT,-1,1.9,1,TP,42,1,430,0,0,-1.71,4.09,0.32,0.32,0.27,0.24,232,0,0.79,0,-1,4,0.14
IMXUSDT,-1,1.9,1,TP,49,8,696,0,7,0.02,-1.59,1.03,3.32,0.62,0.31,39,0,1.55,-0.83,-1,22,1.84
IMXUSDT,-1,-1.016,0,TIMEOUT,73,8,904,0,7,-0.28,4.3,0.13,0.79,0.36,0.21,19,0,0.47,-0.55,-1,2,0.26
IMXUSDT,1,1.9,1,TP,8,1,166,0,0,-3.34,6.75,2.23,2.23,0.5,0.2,311,0,0.82,0,1,1,0.52
IMXUSDT,1,1.9,1,TP,31,1,420,0,0,-2.43,5.67,0.38,0.38,0.59,0.29,41,0,0.65,0,1,17,0.34
IMXUSDT,1,-2.1,0,SL,31,1,930,0,0,-4.22,19.82,2.56,2.56,0.82,0.24,439,0,2.11,0,1,0,1.74
IMXUSDT,1,1.9,1,TP,4,1,161,0,0,-2.45,16.52,1.1,1.1,0.72,0.58,571,0,2.11,0,1,13,0.76
IMXUSDT,-1,-2.1,0,SL,5,11,19,0,10,-0.03,7.87,1.94,2.29,0.82,0.32,205,0,2.32,-0.5,-1,15,1.51
IMXUSDT,-1,-2.1,0,SL,7,12,245,0,11,-0.16,7.39,0.48,0.6,1.13,0.33,430,0,1.72,-1.56,-1,23,0.56
IMXUSDT,1,1.9,1,TP,1,1,144,0,0,-4.27,5.92,2.29,2.29,1.75,0.27,620,0,2.88,0,1,20,2.15
IMXUSDT,1,-2.1,0,SL,2,6,212,0,5,-0.35,4.6,2.1,1.25,1.97,0.51,535,0,2.65,-3.59,1,15,1.46
IMXUSDT,-1,-2.1,0,SL,6,7,273,0,6,-0.39,10.26,2.13,0.8,0.62,0.46,418,0,1.8,-0.78,-1,12,0.63
IMXUSDT,1,-2.1,0,SL,1,1,149,0,0,-2.72,0.21,0.97,0.97,1.21,1,137,1,1.27,0,1,2,0.98
IMXUSDT,1,-2.1,0,SL,24,11,348,0,10,-0.13,4.92,2.7,0.82,0.87,0.96,326,1,2.58,-0.93,1,4,0.68
IMXUSDT,1,-2.1,0,SL,30,15,448,0,14,0.44,5.16,5.45,1.04,1.2,0.94,422,1,3.3,-2.18,1,5,2.06
IMXUSDT,1,1.9,1,TP,6,1,400,0,0,-2.17,3.84,1.57,1.57,1.74,1.12,118,0,4.39,0,1,2,2.06
IMXUSDT,-1,-2.1,0,SL,9,9,209,0,8,0.39,2.65,0.81,1.4,1.74,0.77,98,0,5.15,-2.97,-1,3,2.08
IMXUSDT,-1,1.9,1,TP,28,2,605,0,1,-0.5,10.38,1.84,2.38,0.8,0.6,264,0,1.82,-0.8,-1,6,1.47
IMXUSDT,1,1.9,1,TP,15,6,266,0,5,0.16,0.54,0.82,1.09,0.59,0.5,6,1,1.81,-0.65,1,0,0.44
IMXUSDT,-1,-2.1,0,SL,18,7,163,0,6,0.09,15.1,1.13,2.08,0.54,0.54,316,1,1.75,-0.47,-1,6,1.03
IMXUSDT,1,1.9,1,TP,3,1,159,0,0,-2.06,2.27,2.08,2.08,0.87,0.69,1,0,1.07,0,1,12,1.03
IMXUSDT,1,-2.1,0,SL,4,9,586,0,8,0.13,1.95,0.44,0.6,0.69,0.46,168,0,2.04,-0.8,1,23,0.68
IMXUSDT,-1,1.9,1,TP,1,1,162,0,0,-4.14,4.04,18.39,18.39,1.31,0.39,0,0,1.89,0,-1,8,11.3
IMXUSDT,-1,1.9,1,TP,5,3,580,0,2,0.12,0.35,1.46,1.45,0.77,0.3,34,0,0.99,-2.44,-1,16,1.09
IMXUSDT,-1,1.9,1,TP,21,5,742,0,4,-0.27,4.12,1.39,1.01,0.58,0.31,194,0,1.75,-0.66,-1,9,0.37
IMXUSDT,1,1.9,1,TP,1,4,103,0,3,-0.65,1.91,1.28,2.44,1.13,0.8,7,1,1.02,-0.96,1,12,1.93
IMXUSDT,-1,1.9,1,TP,64,15,413,0,14,-0.22,3.79,1.05,0.95,0.45,0.28,32,0,1.44,0.13,-1,20,0.31
IMXUSDT,-1,1.9,1,TP,18,1,1017,0,0,-2.34,3.48,1.11,1.11,0.79,0.53,212,0,1.8,0,-1,3,0.72
IMXUSDT,-1,-2.1,0,SL,5,2,86,0,1,0.31,-0.07,0.83,1.27,0.73,0.26,65,0,1.37,-0.53,-1,16,0.85
IMXUSDT,-1,-2.1,0,SL,30,2,152,0,1,0.39,-0.78,0.52,0.87,0.53,0.26,322,0,1.19,-0.62,-1,6,0.7
IMXUSDT,1,1.9,1,TP,22,1,192,0,0,-4.27,8.55,2.19,2.19,0.56,0.55,150,0,1.62,0,1,9,0.89
IMXUSDT,-1,1.9,1,TP,15,5,169,0,4,0.14,0.79,1.1,0.77,0.74,0.74,67,0,1.95,-0.12,-1,10,0.63
IMXUSDT,-1,1.9,1,TP,4,1,427,0,0,-1.22,2.54,0.89,0.89,0.95,0.42,32,0,0.42,0,-1,3,0.68
IMXUSDT,1,-2.1,0,SL,4,2,187,0,1,0.07,0.04,1.19,1.02,0.4,0.36,12,0,1.25,-0.14,1,19,0.31
IMXUSDT,1,1.9,1,TP,57,17,281,0,16,0.15,2.47,1.75,0.78,0.98,0.55,114,0,2.85,0.54,1,19,1.32
IMXUSDT,1,-2.1,0,SL,25,17,424,0,16,0.44,4.04,0.98,1.52,0.72,0.55,257,0,2.06,-0.32,1,7,1.09
IMXUSDT,1,-2.1,0,SL,1,10,557,0,9,0.63,1.83,1.07,1.79,1.03,0.51,18,0,1.61,-1.41,1,16,1.28
IMXUSDT,-1,1.9,1,TP,126,2,602,0,1,-0.22,0.32,0.7,0.33,0.4,0.43,177,0,1.02,0.04,-1,20,0.16
IMXUSDT,1,-2.1,0,SL,10,3,347,0,2,-0.27,1.48,0.86,0.5,0.48,0.56,116,0,1.13,-0.32,1,7,0.24
IMXUSDT,1,-2.1,0,SL,16,6,422,0,5,-0.51,0.7,0.7,0.7,0.53,0.56,188,0,0.91,-0.42,1,2,0.33
IMXUSDT,1,1.9,1,TP,48,8,164,1,6,0.33,-1.8,2.3,1.07,0.45,0.36,142,0,0.91,-0.75,1,7,0.62
IMXUSDT,1,-2.1,0,SL,40,1,185,0,0,-3.37,4.25,1.32,1.32,0.64,0.38,3,0,1.17,0,1,0,0.79
IMXUSDT,1,-2.1,0,SL,8,2,374,0,1,-0.67,1.21,1.39,1.86,0.53,0.45,112,1,0.57,-0.26,1,0,0.84
IMXUSDT,-1,1.9,1,TP,62,12,423,0,11,0.65,0.02,2.89,0.85,0.72,0.52,0,1,0.87,-0.31,-1,18,1.05
IMXUSDT,-1,1.9,1,TP,167,7,634,0,6,0.2,4.35,1.04,0.36,0.36,0.53,216,1,1.12,-0.32,-1,22,0.28
IMXUSDT,-1,1.9,1,TP,3,1,1192,0,0,-2.86,3.43,0.56,0.56,0.73,0.21,177,0,0.74,0,-1,18,0.91
IMXUSDT,-1,1.9,1,TP,5,5,1732,0,4,-0.35,4.13,0.6,0.46,0.41,0.26,115,0,0.38,-0.23,-1,9,0.28
IMXUSDT,-1,-2.1,0,SL,27,8,297,7,0,-3.1,1.55,7.92,7.92,0.47,0.77,0,2,0.72,1.34,-1,5,1.34
IMXUSDT,-1,-2.1,0,SL,29,1,399,0,0,-2.03,5.4,0.86,0.86,0.36,0.57,47,1,0.96,0,-1,7,0.23
IMXUSDT,-1,-2.1,0,SL,151,6,414,0,5,-0.06,2.17,0.35,0.45,0.53,0.55,11,0,0.89,-0.46,-1,4,0.39
IMXUSDT,-1,1.9,1,TP,104,17,774,0,16,-0.01,0.73,0.72,0.85,0.25,0.44,205,0,0.57,-0.13,-1,22,0.18
IMXUSDT,-1,-2.1,0,SL,49,5,1147,0,4,-0.41,2.79,0.3,1.19,0.6,0.06,38,0,1.74,-0.76,-1,19,0.98
IMXUSDT,1,1.9,1,TP,77,13,251,0,12,0.2,3.94,5.05,0.57,0.56,0.3,56,0,1.5,-0.63,1,13,0.53
IMXUSDT,1,1.9,1,TP,1,6,485,0,5,-8.89,9.17,1.33,156.86,1.26,0.35,21,0,1.97,13.29,1,0,12.44
IMXUSDT,-1,1.9,1,TP,18,1,300,0,0,-2.64,4.9,1.46,1.46,0.42,0.63,86,0,1.29,0,-1,8,0.39
IMXUSDT,-1,-2.1,0,SL,20,8,612,0,7,0.6,-0.95,0.34,1.41,0.58,0.28,105,0,1.39,-0.58,-1,14,0.95
IMXUSDT,-1,-0.564,0,TIMEOUT,86,12,282,0,11,-0.16,8.87,0.73,0.2,0.38,0.43,270,0,1.18,-0.13,-1,19,0.2
IMXUSDT,-1,1.9,1,TP,109,4,517,0,3,-1.21,1.96,0.53,0.72,0.33,0.22,165,0,0.98,-0.02,-1,6,0.43
IMXUSDT,-1,-1.684,0,TIMEOUT,134,2,973,0,1,0.02,-0.47,2.27,1.55,0.37,0.29,39,0,1.08,-0.49,-1,0,0.6
IMXUSDT,1,1.9,1,TP,33,2,165,0,1,-0.78,2.29,1.03,1.35,0.81,0.81,426,0,2.29,-0.24,1,16,1.24
IMXUSDT,1,-2.1,0,SL,14,9,357,0,8,0.06,1.97,2.4,0.42,1.8,0.66,91,0,4.33,-1.88,1,17,1.6
IMXUSDT,1,1.9,1,TP,5,10,538,0,9,0.08,0.65,2.44,1.11,1.36,0.63,92,0,3.78,-0.39,1,14,1.52
IMXUSDT,1,-2.1,0,SL,8,7,692,0,6,-0.2,1.68,1.76,0.68,1.22,0.62,249,0,1.87,-2.5,1,5,0.81
IMXUSDT,1,-2.1,0,SL,11,7,305,0,6,-0.02,1.11,1.21,0.63,1.19,0.61,150,0,3.57,-1.64,1,12,1.02
IMXUSDT,-1,1.9,1,TP,9,10,92,0,9,-0.58,1.89,0.94,0.9,0.52,0.34,101,0,1.55,0.07,-1,14,0.39
IMXUSDT,1,-2.1,0,SL,5,11,434,0,10,-0.35,3.27,1.01,0.77,1.37,0.35,87,0,2.85,0.75,1,19,1.38
IMXUSDT,1,-2.1,0,SL,9,9,576,0,8,-0.65,2.08,1.77,1.53,0.83,0.36,231,0,1.7,-0.65,1,6,0.83
IMXUSDT,1,-2.1,0,SL,2,7,964,0,6,0.36,2.21,0.77,0.72,2.27,0.48,16,0,3.55,-4.1,1,7,1.63
IMXUSDT,1,1.9,1,TP,9,7,1257,0,6,-1.17,5.12,2.37,2.25,1.13,0.48,125,0,3.02,-0.8,1,8,2.54
IMXUSDT,1,1.9,1,TP,4,1,1386,0,0,-1.34,7.51,0.75,0.75,1.27,0.46,260,0,2.71,0,1,17,1.65
IMXUSDT,1,1.9,1,TP,3,1,131,0,0,-1.45,0.75,0.53,0.53,1.02,1.13,117,0,2.98,0,1,8,0.74
IMXUSDT,1,1.9,1,TP,2,4,391,0,3,-0.06,-0.17,3.13,1.83,1.15,0.48,4,0,2.15,-2.28,1,1,1.98
IMXUSDT,1,-2.1,0,SL,6,6,602,0,5,-0.35,7.3,1.05,0.53,1.03,0.44,213,0,2.68,-1.51,1,6,0.59
IMXUSDT,-1,1.9,1,TP,6,17,9,0,16,0.33,3.04,4.98,0.5,2.08,0.74,47,0,5.89,2.83,-1,15,2.31
IMXUSDT,-1,1.9,1,TP,6,7,174,0,6,-0.44,3.07,3.09,2.19,0.95,0.77,23,0,2.81,-1.05,-1,9,1.66
IMXUSDT,-1,1.9,1,TP,7,1,420,0,0,-2.2,1.65,2.59,2.59,0.87,0.41,2,0,2.51,0,-1,22,1.41
IMXUSDT,-1,1.9,1,TP,30,1,573,0,0,-2.86,2.03,9.68,9.68,1.09,0.58,0,0,0.73,0,-1,12,5.3
IMXUSDT,-1,1.9,1,TP,32,6,246,0,5,0.4,1.52,1.55,1.18,0.56,0.53,31,0,0.98,-1.67,-1,9,0.73
IMXUSDT,-1,1.9,1,TP,9,13,714,0,12,-0.19,2.9,1.28,0.89,0.74,0.33,113,0,1.57,-0.53,-1,6,0.6
IMXUSDT,1,-2.1,0,SL,10,3,257,0,2,-0.31,11.49,0.49,0.33,0.59,0.48,333,0,1.83,-0.08,1,11,0.31
IMXUSDT,1,1.9,1,TP,12,1,322,0,0,-2.31,7.6,1.38,1.38,0.77,0.55,321,0,0.8,0,1,10,0.74
IMXUSDT,1,1.9,1,TP,12,9,542,0,8,-0.82,5.45,2.22,2.14,0.54,0.38,27,0,1.45,0.25,1,17,0.71
IMXUSDT,1,1.9,1,TP,11,14,680,0,13,-0.3,10.06,3.12,0.48,0.76,0.36,160,0,2.22,-0.17,1,4,0.73
IMXUSDT,1,-2.1,0,SL,3,5,1132,0,4,0.08,2.04,0.51,1,0.94,0.75,27,0,2.08,-1.71,1,21,1.18
IMXUSDT,1,1.9,1,TP,13,9,1191,0,8,0.61,1.79,2.97,1.56,0.83,0.76,82,0,2.19,-1.66,1,12,1.29
IMXUSDT,1,1.9,1,TP,19,6,1529,0,5,0.96,-1.23,0.82,1.43,0.84,0.57,153,0,0.49,-1.96,1,0,1.26
IMXUSDT,1,1.9,1,TP,2,2,1757,0,1,-0.09,0.37,1.83,1.31,0.85,0.25,41,0,1.69,-0.55,1,9,0.96
IMXUSDT,-1,-2.1,0,SL,35,2,193,0,1,-0.05,23.26,0.41,0.51,0.56,1.13,458,0,1.74,-0.36,-1,5,0.47
IMXUSDT,1,1.9,1,TP,6,6,398,0,5,0.02,1.16,1.02,0.66,1.14,0.53,190,0,0.75,-1.14,1,5,1.57
IMXUSDT,-1,1.9,1,TP,2,9,426,0,8,0.07,5.86,1.1,1.18,0.98,1,281,0,2.88,-0.76,-1,16,0.67
IMXUSDT,-1,-2.1,0,SL,7,7,244,0,6,0.28,5.86,0.86,0.58,0.76,1.69,167,0,2.3,-1.07,-1,21,0.88
IMXUSDT,-1,-2.1,0,SL,19,1,262,0,0,-2.25,0.91,3.92,3.92,0.49,0.38,0,0,0.83,0,-1,2,1.15
IMXUSDT,-1,1.9,1,TP,4,5,178,0,4,-0.48,-1.26,1.15,0.5,0.7,0.81,95,0,1.52,-1.4,-1,13,0.63
IMXUSDT,1,1.9,1,TP,29,8,6,0,7,-0.47,8.78,0.64,0.43,1.05,1.09,247,0,3.25,-1.16,1,10,0.59
IMXUSDT,-1,1.9,1,TP,6,9,403,0,8,-0.35,2.22,1.95,0.77,0.58,0.25,6,0,0.9,-0.98,-1,1,0.82
IMXUSDT,-1,1.9,1,TP,6,1,533,0,0,-2.05,5.75,0.96,0.96,0.79,0.73,126,0,1.54,0,-1,10,0.87
IMXUSDT,-1,-2.1,0,SL,6,2,631,0,1,-0.05,0.43,0.42,0.55,1.14,1.02,13,0,2.62,-0.63,-1,10,1.2
IMXUSDT,1,1.9,1,TP,25,4,314,0,3,-0.07,1.16,0.95,1.33,0.72,0.61,212,0,1.6,-1.49,1,18,0.97
IMXUSDT,1,-2.1,0,SL,22,7,498,0,6,-0.11,-0.34,2.15,0.6,0.86,0.62,393,0,0.88,-2.06,1,16,0.45
IMXUSDT,1,-2.1,0,SL,33,17,160,0,16,-0.12,2.94,3.08,0.56,1.09,0.6,771,0,3.09,1.73,1,17,0.76
IMXUSDT,-1,-2.1,0,SL,4,1,116,0,0,-3.76,7.22,3.97,3.97,0.91,0.4,25,0,0.71,0,-1,6,1.23
IMXUSDT,1,-2.1,0,SL,3,6,258,0,5,0.45,0.52,1.12,4.93,1.01,0.32,161,0,2.18,-0.71,1,12,3.06
IMXUSDT,-1,1.9,1,TP,6,1,152,0,0,-2.94,5.46,1.45,1.45,0.57,0.48,18,0,1.18,0,-1,0,0.9
IMXUSDT,-1,1.9,1,TP,44,10,678,0,9,1.39,20.21,2.55,1.73,0.5,0.52,535,0,0.75,-1.54,1,11,1.05
IMXUSDT,-1,1.9,1,TP,59,4,331,0,3,0.55,19.22,1.32,0.93,0.55,0.22,327,0,1.54,-1.53,-1,8,0.72
IMXUSDT,1,-2.1,0,SL,9,16,4,0,15,-0.75,6.03,2.37,0.49,0.84,0.49,1,0,2.4,0.21,1,16,0.88
IMXUSDT,-1,1.9,1,TP,80,9,246,0,8,0.32,2.75,1.19,1.02,0.48,0.31,22,0,1.4,-0.42,-1,5,0.72
IMXUSDT,-1,1.9,1,TP,6,16,437,0,15,-0.03,9.17,11.66,0.17,1.46,0.35,206,0,4.41,-8.29,-1,5,0.66
IMXUSDT,-1,-2.1,0,SL,81,13,275,0,12,-0.27,1.88,0.72,0.69,0.56,0.3,63,0,0.31,-0.12,-1,13,0.69
IMXUSDT,1,-2.1,0,SL,104,9,1,0,8,0.31,0.91,0.89,1.13,0.85,0.31,56,0,2.3,-0.6,1,14,1.38
IMXUSDT,-1,1.9,1,TP,20,4,348,0,3,0.08,22.58,1.25,0.81,0.76,1.2,313,0,1.19,-1.27,-1,8,0.57
IMXUSDT,1,-2.1,0,SL,6,7,129,0,6,0.16,0.27,2.26,4.91,1.1,0.62,67,1,2.02,-2.47,1,14,2.26
IMXUSDT,1,1.9,1,TP,21,9,348,0,8,-0.7,1.51,0.5,0.68,0.74,0.59,53,1,2.28,-0.77,1,19,0.76
IMXUSDT,1,-2.1,0,SL,15,9,201,0,8,0.05,3.49,0.58,0.81,0.86,0.28,44,0,2.38,-1.67,1,0,0.7
IMXUSDT,-1,-2.1,0,SL,8,5,115,0,4,0.08,9.58,0.33,0.55,0.58,0.3,264,0,1.91,-0.08,-1,6,0.49
IMXUSDT,-1,1.9,1,TP,8,1,175,0,0,-2.18,10.25,3.04,3.04,0.69,0.31,328,0,1.96,0,-1,21,1.76
IMXUSDT,-1,1.9,1,TP,6,1,276,0,0,-0.31,1.75,0.63,0.63,1.32,0.62,18,0,2.64,0,-1,17,1.4
IMXUSDT,1,-2.1,0,SL,9,3,416,0,2,0.81,-0.23,3.83,4,0.57,0.48,653,0,1.26,-1.75,1,9,0.97
IMXUSDT,-1,1.9,1,TP,55,1,312,0,0,-3.33,1.46,1.04,1.04,0.65,0.15,102,0,0.69,0,-1,0,0.68
IMXUSDT,1,1.9,1,TP,20,4,537,0,3,-0.74,3.65,1.61,1.78,0.98,0.34,157,0,2.72,-1,1,16,1.36
IMXUSDT,1,-2.1,0,SL,8,4,691,0,3,0.17,3.2,0.65,1.75,0.95,0.34,311,0,2.16,-1.35,1,6,1.28
IMXUSDT,-1,1.9,1,TP,5,1,86,0,0,-2.95,4.58,0.7,0.7,0.9,0.65,161,0,0.36,0,-1,14,0.78
IMXUSDT,-1,1.9,1,TP,32,16,538,0,15,0.08,0.38,1.2,0.59,0.6,0.62,58,0,1.87,-0.61,-1,7,0.58
IMXUSDT,1,1.9,1,TP,10,1,410,0,0,-4.13,4.01,2.58,2.58,0.82,1,77,1,0.72,0,1,16,0.94
IMXUSDT,1,1.9,1,TP,18,3,531,0,2,-0.17,9.83,0.26,0.46,0.44,0.98,196,1,1.34,-0.52,1,22,0.26
IMXUSDT,1,1.9,1,TP,4,5,152,0,4,-0.1,2.81,2.22,1.12,0.88,0.58,140,0,1.27,-0.89,1,1,1.03
IMXUSDT,1,1.9,1,TP,10,1,394,0,0,-3.38,6.33,0.88,0.88,0.58,0.47,38,0,1.72,0,1,13,0.32
IMXUSDT,1,1.9,1,TP,11,1,850,0,0,-2.03,19.55,0.79,0.79,0.74,0.42,494,0,1.93,0,1,7,0.8
IMXUSDT,1,1.9,1,TP,9,13,1185,0,12,-0.25,20.11,1.1,1.35,0.75,0.41,817,0,1.16,-0.24,1,19,0.68
IMXUSDT,-1,1.9,1,TP,12,1,522,0,0,-1.51,3.88,0.8,0.8,0.6,0.96,38,1,1.77,0,-1,17,0.47
IMXUSDT,-1,-2.1,0,SL,6,2,642,0,1,-0.8,5.22,0.41,1.24,0.63,0.97,157,1,1.13,-0.02,-1,23,0.77
IMXUSDT,-1,-2.1,0,SL,2,13,701,0,12,0.11,3.94,0.55,1.36,0.89,0.97,205,1,1.43,-0.82,-1,13,1.25
IMXUSDT,1,1.9,1,TP,4,6,264,0,5,-0.17,3.67,1.14,3.06,0.86,0.35,171,0,1.94,-0.99,1,9,1.23
IMXUSDT,1,1.9,1,TP,2,1,110,0,0,-3.92,7.44,2.7,2.7,0.75,0.28,331,0,0.89,0,1,6,1.14
IMXUSDT,-1,-2.1,0,SL,6,11,598,0,10,-0.13,3.65,0.85,1.8,0.64,0.24,72,0,1.72,0.6,-1,5,1.61
IMXUSDT,-1,1.9,1,TP,16,7,382,0,6,0.45,-0.66,4.1,0.94,0.92,0.69,0,0,2.73,-1.06,-1,17,1.12
IMXUSDT,1,1.9,1,TP,2,1,292,0,0,-1.89,13.26,0.72,0.72,0.91,0.36,327,0,1.46,0,1,5,1.1
IMXUSDT,1,-2.1,0,SL,3,9,248,0,8,-0.03,5.63,1.13,1.05,1.17,0.75,470,0,2.87,-1.37,1,18,1.31
IMXUSDT,1,1.9,1,TP,34,1,459,0,0,-1.45,0.19,0.79,0.79,1.07,1.16,235,0,3.23,0,1,16,1.02
IMXUSDT,1,1.9,1,TP,10,8,976,0,7,0,-0.18,3.35,0.63,1.16,0.41,113,0,2.43,-1.39,1,1,0.64
IMXUSDT,-1,1.9,1,TP,13,1,158,0,0,-1.83,11.07,0.67,0.67,0.82,0.79,397,0,1.68,0,-1,8,0.66
IMXUSDT,-1,-2.1,0,SL,18,7,248,0,6,-0.15,0.93,0.38,1.04,0.73,0.3,6,0,2.22,-0.2,-1,7,1
IMXUSDT,-1,-2.1,0,SL,2,1,657,0,0,-3.94,10.78,3.05,3.05,1.25,0.81,245,0,1.43,0,-1,13,2.53
IMXUSDT,-1,-2.1,0,SL,3,13,81,0,12,1.06,4.68,2.98,1.66,0.95,0.78,182,0,2.57,-1.72,-1,17,1.91
IMXUSDT,-1,-2.1,0,SL,17,6,123,0,5,-0.42,9.39,0.52,1.22,0.64,0.8,231,0,2.06,0.05,-1,4,0.74
IMXUSDT,-1,1.9,1,TP,14,8,205,0,7,-0.38,5.48,0.98,1.09,0.68,1.11,21,0,1.54,-1.01,-1,0,0.64
IMXUSDT,1,1.9,1,TP,11,1,112,0,0,-3.31,1.64,1,1,0.61,1.04,265,0,1.66,0,1,11,0.71
IMXUSDT,1,-1.157,0,TIMEOUT,85,4,223,0,3,0.82,4.76,2.16,4.12,0.79,1.02,373,0,1.61,-2.35,1,15,1.75
IMXUSDT,1,1.9,1,TP,38,5,378,0,4,-0.47,3.03,0.6,0.81,0.66,0.69,61,0,1.09,-0.5,1,6,0.56
IMXUSDT,-1,1.9,1,TP,7,14,512,0,13,1.27,1.26,1.53,1.65,0.57,0.41,46,0,1.51,-0.26,1,0,1.56
IMXUSDT,-1,-2.1,0,SL,1,7,757,0,6,2.78,-4.25,1.08,9.25,0.84,0.95,48,0,1.28,-3.98,1,13,3.42
IMXUSDT,-1,1.9,1,TP,1,1,112,0,0,-3.09,9.55,1.08,1.08,1.47,0.6,276,0,3.9,0,-1,22,2.31
IMXUSDT,-1,-2.1,0,SL,15,5,235,0,4,-0.53,4.88,0.48,0.65,1.18,0.85,65,0,3.73,-0.36,-1,5,0.79
IMXUSDT,-1,1.9,1,TP,26,6,376,0,5,-0.27,2.22,0.42,0.53,0.9,0.82,205,0,1.34,-0.33,-1,16,0.73
IMXUSDT,-1,-2.1,0,SL,51,10,604,0,9,0.21,3.26,0.49,0.78,0.7,1.31,22,1,1.34,-0.5,-1,1,0.48
IMXUSDT,-1,1.9,1,TP,15,7,147,0,6,-0.4,11.29,1.08,1.92,0.74,0.52,187,0,1.47,0.15,-1,15,1.31
IMXUSDT,-1,-2.1,0,SL,8,17,268,3,13,0.59,-0.51,0.74,0.8,1.31,2.34,118,0,3.94,0.97,-1,10,1.5
IMXUSDT,-1,1.9,1,TP,20,12,608,0,11,0.01,6.96,1.68,0.82,0.96,2.51,460,0,2.88,-0.97,-1,23,0.96
IMXUSDT,1,-2.1,0,SL,14,17,228,0,16,0.01,3.29,1.36,0.6,0.71,2.24,783,0,2.12,0.13,1,9,0.94
IMXUSDT,-1,-2.1,0,SL,32,9,166,0,8,-0.29,5.29,1.3,3.72,0.75,0.64,44,0,1.45,-0.01,-1,13,1.58
IMXUSDT,-1,1.9,1,TP,18,1,355,0,0,-1.46,0.55,0.6,0.6,0.52,0.32,115,0,0.32,0,-1,12,0.51
IMXUSDT,-1,1.9,1,TP,7,4,520,0,3,0.55,0.49,1.81,1.05,0.82,0.32,277,0,0.96,-2.17,-1,6,1.08
IMXUSDT,1,-2.1,0,SL,7,13,6,0,12,0.29,-1.18,1.31,0.81,1.01,0.6,306,0,2.85,0.12,1,15,1.46
IMXUSDT,1,-2.1,0,SL,8,1,180,0,0,-4.43,5.18,4.9,4.9,1.29,0.44,66,0,0.85,0,1,16,4.21
IMXUSDT,-1,1.9,1,TP,19,1,311,0,0,-1.94,2.97,2.87,2.87,1.76,0.7,8,0,2.97,0,-1,19,3.19
IMXUSDT,-1,-2.1,0,SL,6,6,455,1,4,0.37,-1.32,0.6,1.18,0.85,0.8,1,0,1.82,-0.51,-1,7,1.37
IMXUSDT,1,1.9,1,TP,9,2,152,0,1,-0.71,2.95,1.31,1.18,0.49,0.32,34,0,0.94,0.25,1,12,0.55
IMXUSDT,1,-2.1,0,SL,51,14,441,0,13,-0.38,3.31,1.41,0.72,0.87,0.31,91,0,1.57,0.42,1,13,1.01
IMXUSDT,1,1.9,1,TP,11,1,615,0,0,-1.16,1.8,1.62,1.62,0.62,0.38,6,0,1.36,0,1,8,0.68
IMXUSDT,1,1.9,1,TP,4,1,166,0,0,-2.97,6.4,2.78,2.78,0.72,0.77,133,0,1.75,0,1,2,1.38
IMXUSDT,-1,1.9,1,TP,7,1,525,0,0,-2.45,24.33,1.82,1.82,0.71,0.87,463,0,2.15,0,-1,0,0.89
IMXUSDT,-1,1.9,1,TP,21,1,1179,0,0,-1.81,1.25,0.78,0.78,1.1,1.25,150,0,2.65,0,-1,19,0.93
IMXUSDT,1,-2.1,0,SL,33,3,277,0,2,0.89,-2.13,1.17,1.05,0.91,0.28,123,0,0.98,-2.11,1,15,1.4
IMXUSDT,-1,-2.1,0,SL,26,8,3,0,7,-0.29,1.6,1.5,0.52,0.67,0.27,6,0,2.05,0.29,-1,7,0.64
IMXUSDT,1,1.9,1,TP,2,1,411,0,0,-3.16,3.03,8.53,8.53,1.62,1.11,1,0,0.99,0,1,12,6.3
IMXUSDT,1,1.9,1,TP,7,8,630,0,7,-0.64,0.02,1.18,0.44,1,0.87,69,0,2.54,-0.54,1,19,0.78
IMXUSDT,-1,-2.1,0,SL,7,9,172,0,8,0.25,2.65,0.65,1.66,0.69,0.55,51,0,1.9,-0.33,-1,14,1.18
IMXUSDT,1,1.9,1,TP,26,17,2,0,16,-0.12,2.54,5.25,0.54,1.15,0.35,106,0,3.11,1.59,1,17,1.73
IMXUSDT,1,-2.1,0,SL,3,3,394,0,2,-0.85,14.03,1.6,1.1,1.18,0.41,295,0,3.3,-1.03,1,7,1.6
IMXUSDT,-1,-2.1,0,SL,9,10,345,0,9,0.2,1.49,0.55,1.02,1,1.01,45,0,1.78,-0.22,-1,21,0.95
IMXUSDT,-1,-2.1,0,SL,25,3,506,0,2,-0.63,4.12,0.92,5.2,0.77,1.02,213,0,1.85,-0.16,-1,13,1.43
IMXUSDT,-1,1.9,1,TP,2,6,288,4,1,-0.96,5.55,0.68,0.89,0.63,0.38,66,0,1.57,0.65,-1,0,0.72
IMXUSDT,-1,-2.1,0,SL,7,5,423,0,4,-0.18,4.35,0.92,1.38,0.61,0.38,198,0,1.06,-0.3,-1,10,0.82
IMXUSDT,-1,1.9,1,TP,27,9,548,0,8,-0.61,6.17,0.6,1.11,0.8,0.39,319,0,2.08,0.16,-1,17,1.23
IMXUSDT,-1,-2.1,0,SL,7,7,908,0,6,-0.33,4.23,1.62,1.08,0.61,0.65,241,0,1.76,-0.62,-1,11,0.87
IMXUSDT,-1,-2.1,0,SL,26,8,173,0,7,-0.12,12.68,0.53,0.98,0.74,0.54,175,0,2.01,-0.76,-1,20,0.7
IMXUSDT,1,1.9,1,TP,32,4,173,1,2,0.18,-1.35,0.32,0.41,0.54,0.34,59,0,0.65,-0.67,1,13,0.44
IMXUSDT,1,-2.1,0,SL,7,11,383,0,10,0.24,-0.5,0.58,0.74,1.23,0.91,261,0,2.73,0.24,1,17,1.62
IMXUSDT,-1,-2.1,0,SL,21,8,352,0,7,0.86,1.56,2.81,1.58,0.69,0.33,145,0,1.73,-2.01,-1,22,1.29
IMXUSDT,-1,1.9,1,TP,73,17,360,0,16,0.03,2.29,24.56,0.34,0.83,1.02,0,0,2.43,-0.21,-1,20,0.84
IMXUSDT,1,1.9,1,TP,59,10,430,0,9,-0.07,0.98,0.85,1.63,0.47,0.34,140,0,0.75,-0.29,1,1,0.48
IMXUSDT,1,1.9,1,TP,4,1,604,0,0,-2.79,7.2,0.94,0.94,0.47,0.52,101,0,1.38,0,1,20,0.48
IMXUSDT,-1,1.9,1,TP,34,4,298,0,3,-0.29,3.85,0.82,0.87,0.68,0.34,47,0,1.67,-0.36,-1,17,0.6
IMXUSDT,1,1.9,1,TP,7,1,582,0,0,-0.49,3.73,0.58,0.58,0.95,0.56,35,0,1.37,0,1,21,0.54
IMXUSDT,1,1.9,1,TP,33,10,965,0,9,0.01,2.89,1.02,0.63,1.54,1.61,9,0,4.19,-1.26,1,21,1.86
IMXUSDT,-1,1.9,1,TP,8,2,80,0,1,-0.24,0.84,0.49,0.83,1.01,0.94,92,1,1.86,-0.62,-1,17,1.15
IMXUSDT,-1,1.9,1,TP,7,12,268,0,11,0.07,0.59,2.32,1.06,0.84,0.66,107,0,2.36,-0.63,-1,16,1.01
IMXUSDT,1,-2.1,0,SL,5,7,80,0,6,-0.4,2.81,5.13,0.76,0.79,0.73,398,0,1.73,-1.65,1,13,0.6
IMXUSDT,1,1.9,1,TP,40,11,206,0,10,-0.37,4.77,0.61,0.56,0.55,0.43,89,0,0.51,-0.69,1,20,0.34
IMXUSDT,1,-2.1,0,SL,12,13,622,0,12,0.17,0.63,3.34,1.01,0.66,0.62,72,0,1.99,-0.28,1,4,0.55
IMXUSDT,-1,-2.1,0,SL,30,8,95,0,7,0.03,1.66,2.95,1.01,1.19,0.82,94,0,3.23,-2.37,-1,17,2.17
IMXUSDT,-1,1.9,1,TP,12,6,318,0,5,0.23,1.6,1.56,2.25,0.6,0.57,75,0,1.36,-0.61,-1,13,1.4
IMXUSDT,-1,1.9,1,TP,5,1,71,0,0,-2.19,8.49,1.33,1.33,0.83,0.94,43,0,1.13,0,-1,6,0.8
IMXUSDT,-1,-2.1,0,SL,3,6,420,0,5,0.03,-0.9,1.45,0.53,0.77,0.33,162,0,0.28,-2.06,-1,21,0.44
IMXUSDT,-1,1.9,1,TP,29,7,200,0,6,-0.46,0.59,1.05,0.56,0.43,0.25,5,0,1.08,-0.29,-1,16,0.33
IMXUSDT,-1,1.9,1,TP,8,8,303,0,7,-0.08,4.63,1.41,1.08,0.63,0.26,107,0,1.96,-0.44,-1,18,0.58
IMXUSDT,1,-2.1,0,SL,42,17,174,0,16,0.41,3.8,2.03,0.7,0.37,0.6,443,0,1.1,-0.42,1,6,0.44
IMXUSDT,1,1.9,1,TP,15,9,265,0,8,0.08,2.37,1.24,1.15,0.54,0.6,542,0,0.55,-1.08,1,5,0.37
IMXUSDT,1,1.9,1,TP,36,7,499,2,4,0.46,-2.26,0.47,1.08,0.6,0.27,116,0,1.69,-1.21,1,16,1.08
IMXUSDT,-1,-2.1,0,SL,11,4,244,0,3,0.17,9.62,1.98,0.62,0.86,0.21,368,0,1.16,-1.34,-1,15,0.8
IMXUSDT,1,-2.1,0,SL,4,9,163,0,8,-0.12,4.43,1.14,1.35,0.66,0.25,18,0,1.76,-0.81,1,9,0.57
IMXUSDT,1,-2.1,0,SL,36,8,293,0,7,-0.42,2.94,0.48,0.9,0.76,0.37,63,0,1.02,-0.43,1,17,1.15
IMXUSDT,-1,1.9,1,TP,3,1,138,0,0,-2.1,9.8,2.01,2.01,0.63,0.4,296,0,1.92,0,-1,2,1.03
IMXUSDT,-1,1.9,1,TP,7,1,290,0,0,-3.53,11.2,1.29,1.29,1.26,0.43,448,0,2.29,0,-1,16,1.32
IMXUSDT,1,1.9,1,TP,7,5,228,0,4,-0.68,3.32,2.98,1.13,1.19,1.17,147,0,1.43,-1.72,1,3,1.19
IMXUSDT,-1,1.9,1,TP,1,15,4,0,14,-0.11,2,0.73,2.84,1.33,1.27,189,0,3.73,1.88,-1,16,2.72
IMXUSDT,-1,1.9,1,TP,29,16,128,0,15,-0.06,7.2,0.92,0.71,1.23,1.35,312,0,3.93,-0.55,-1,23,0.96
IMXUSDT,1,-2.1,0,SL,12,13,3,0,12,-1.1,7.79,3,1.7,1.27,0.29,223,0,3.48,3.66,1,17,1.71
IMXUSDT,1,-2.1,0,SL,14,5,87,0,4,0.42,3.68,1.43,3.02,1.55,0.31,315,0,0.87,-2.2,1,14,2.48
IMXUSDT,-1,-2.1,0,SL,28,7,7,0,6,-0.04,-1.21,0.49,0.81,1.21,0.32,349,0,3.67,-1.52,-1,23,1.65
IMXUSDT,-1,1.9,1,TP,12,2,204,0,1,0.22,1.52,0.46,0.68,1.1,1.04,49,0,2.45,-0.82,-1,7,1.29
IMXUSDT,1,1.9,1,TP,10,3,171,0,2,-0.07,5.18,0.51,0.83,0.94,0.91,259,0,1.17,-0.85,1,17,1.19
IMXUSDT,-1,1.9,1,TP,8,14,538,0,13,0.1,5.36,0.87,0.35,1.26,1.54,327,1,3.33,-0.39,-1,22,0.69
IMXUSDT,-1,1.9,1,TP,25,9,670,0,8,0.06,-2.02,1.76,0.83,0.78,0.52,122,0,2.08,-2.16,-1,7,1.11
IMXUSDT,-1,-2.1,0,SL,4,17,821,0,16,-0.62,3.31,1.23,0.49,1.34,0.55,265,0,3.73,0.46,-1,21,1.7
IMXUSDT,-1,-2.1,0,SL,4,2,1124,0,1,-0.07,2.04,1.63,9.68,0.89,0.55,60,0,2.02,-0.26,-1,1,1.9
IMXUSDT,1,-2.1,0,SL,60,12,190,0,11,-1.27,2.7,0.55,0.83,0.76,0.34,154,0,1.5,0.34,1,21,1.19
IMXUSDT,-1,1.9,1,TP,8,2,146,0,1,-0.01,0.89,0.48,0.74,0.47,0.76,112,0,1.09,-0.1,-1,15,0.29
IMXUSDT,-1,1.9,1,TP,6,11,206,2,8,0.17,-0.81,0.37,0.66,0.47,0.48,4,1,1.4,-0.35,-1,12,0.66
IMXUSDT,-1,1.9,1,TP,28,7,361,0,6,0.25,1.26,1.35,1.43,0.55,0.14,8,0,1.37,-0.63,-1,3,0.94
IMXUSDT,-1,1.9,1,TP,9,1,45,0,0,-3.01,3.61,0.51,0.51,1.02,0.68,29,0,1.49,0,-1,1,0.93
IMXUSDT,-1,1.9,1,TP,9,6,376,0,5,0.06,5.57,0.86,0.82,0.57,0.22,205,0,0.82,-0.7,-1,12,0.66
IMXUSDT,-1,1.9,1,TP,12,10,798,0,9,-0.57,5.49,1.53,0.44,1.16,0.68,11,0,2.91,-2.04,-1,22,0.73
IMXUSDT,-1,1.9,1,TP,32,14,1018,0,13,-0.2,8.88,1.02,0.76,0.43,0.67,227,0,1.02,-0.09,-1,5,0.67
IMXUSDT,1,-2.1,0,SL,22,8,151,0,7,0.9,1.1,3.2,2.35,0.88,0.26,19,0,1.73,-2.26,1,2,1.66
IMXUSDT,1,-2.1,0,SL,23,1,371,0,0,-0.59,7.04,0.62,0.62,0.5,0.26,246,0,0.95,0,1,9,0.26
IMXUSDT,1,1.9,1,TP,3,1,522,0,0,-2.82,3.59,0.75,0.75,0.55,0.21,93,0,1.1,0,1,23,0.59
IMXUSDT,1,-2.1,0,SL,10,14,649,0,13,-0.28,0.37,0.8,2.04,0.56,0.33,73,0,1.47,-0.33,1,7,0.91
IMXUSDT,-1,1.9,1,TP,34,10,143,0,9,0.17,17.91,0.52,0.87,0.36,0.35,273,0,1.11,-0.31,-1,8,0.57
IMXUSDT,1,1.9,1,TP,4,16,410,0,15,-0.38,1.83,1.9,0.35,0.96,0.91,131,0,2.82,0.99,1,21,0.45
IMXUSDT,-1,-2.1,0,SL,46,11,256,0,10,0.14,4.25,5.18,1.45,0.51,0.37,41,0,1.25,-1.05,-1,1,0.89
IMXUSDT,-1,-2.1,0,SL,9,4,343,0,3,-1.03,-1.08,0.91,1.63,0.77,0.79,54,0,1.21,-0.04,-1,23,0.9
IMXUSDT,-1,-2.1,0,SL,10,5,99,0,4,-0.33,6.46,0.53,0.78,0.85,0.41,268,0,1.72,-1.29,-1,18,0.52
IMXUSDT,-1,1.9,1,TP,6,13,141,0,12,1.01,14.27,0.4,3.14,0.84,0.19,137,0,2.38,-1.65,-1,12,1.93
IMXUSDT,1,-2.1,0,SL,14,5,97,0,4,0.04,4.37,0.51,0.63,0.8,0.63,215,0,1.36,-1.58,1,5,0.9
IMXUSDT,-1,1.9,1,TP,26,1,158,0,0,-1.87,2.71,0.8,0.8,0.43,0.34,41,0,1.41,0,-1,7,0.3
IMXUSDT,-1,1.9,1,TP,3,1,329,0,0,-1.11,3.66,0.82,0.82,0.73,0.35,212,0,1.92,0,-1,2,0.57
IMXUSDT,-1,-2.1,0,SL,4,8,878,0,7,0.15,-0.31,1.05,1.46,1.25,0.61,170,0,3.03,-1.13,-1,19,1.34
IMXUSDT,-1,1.9,1,TP,82,9,88,0,8,-0.55,3.37,1.31,0.86,0.58,0.58,114,1,1.76,-0.39,-1,9,0.65
IMXUSDT,1,-2.1,0,SL,8,14,121,0,13,0.86,0.98,5.74,2.18,0.84,0.18,69,0,1.71,-1.5,1,11,1.76
IMXUSDT,-1,1.9,1,TP,24,5,122,0,4,0.11,3.04,0.6,0.75,0.76,0.19,100,0,2.32,-1.04,-1,21,0.58
IMXUSDT,1,1.9,1,TP,10,1,203,0,0,-2.1,3.87,0.67,0.67,0.61,0.23,29,0,0.15,0,1,5,0.59
IMXUSDT,1,-2.1,0,SL,17,6,87,0,5,-0.47,2.14,0.31,0.61,1.49,0.42,7,0,1.62,-1.01,1,3,1.92
IMXUSDT,-1,-2.1,0,SL,3,6,220,1,4,-0.55,-0.08,1.06,1.42,0.78,0.58,6,0,2.04,0.13,-1,18,0.71
IMXUSDT,-1,-2.1,0,SL,21,16,317,0,15,0.06,0.47,1.09,0.43,0.83,0.58,92,0,2.56,-0.71,-1,18,0.45
IMXUSDT,-1,1.9,1,TP,47,5,272,0,4,-0.06,2.9,0.51,0.79,0.32,0.19,188,0,0.99,-0.5,-1,12,0.31
IMXUSDT,-1,1.9,1,TP,10,1,393,0,0,-0.56,5.98,0.43,0.43,0.58,0.63,31,0,1.78,0,-1,18,0.25
IMXUSDT,-1,1.9,1,TP,31,1,1013,0,0,-1.6,0.38,0.72,0.72,0.37,0.62,63,1,1.18,0,-1,5,0.28
IMXUSDT,-1,1.9,1,TP,22,5,1173,1,3,-0.63,-0.74,0.63,0.89,0.47,0.56,4,0,0.58,-0.35,-1,21,0.49
IMXUSDT,-1,-2.1,0,SL,59,1,1382,0,0,-4.01,8.21,9.36,9.36,0.77,0.59,216,0,1.6,0,-1,1,2.08
IMXUSDT,-1,1.9,1,TP,46,1,1672,0,0,-2.1,6.2,1.86,1.86,0.38,0.15,72,0,0.41,0,-1,2,0.38
IMXUSDT,1,1.9,1,TP,3,1,147,0,0,-2.88,6.46,2.13,2.13,0.61,0.15,229,0,0.48,0,1,19,1.09
IMXUSDT,1,1.9,1,TP,32,7,332,0,6,-0.6,1.05,1.1,0.93,0.65,0.27,122,0,1.8,-0.75,1,17,0.69
IMXUSDT,1,1.9,1,TP,5,1,114,0,0,-1.67,4.01,0.2,0.2,0.57,0.34,11,0,1.61,0,1,3,0.34
IMXUSDT,1,1.9,1,TP,5,1,428,0,0,-2.14,2.04,1.38,1.38,0.57,0.33,130,0,1.16,0,1,7,0.67
IMXUSDT,-1,-2.1,0,SL,59,5,121,1,3,-0.73,0.3,0.5,0.6,0.6,0.42,5,0,1.52,0.18,-1,13,0.72
IMXUSDT,-1,1.9,1,TP,3,16,231,0,15,-0.12,2.87,1.74,0.37,0.57,0.43,103,0,1.65,0.24,-1,17,0.55
IMXUSDT,1,-2.1,0,SL,19,8,223,0,7,-0.2,4.12,0.74,0.87,0.48,0.51,280,0,1.47,-0.51,1,9,0.28
IMXUSDT,1,1.9,1,TP,5,1,533,0,0,-1.11,2.21,0.6,0.6,0.43,0.32,157,0,1.04,0,1,15,0.42
IMXUSDT,1,1.9,1,TP,13,1,91,0,0,-3.44,2.52,3.84,3.84,0.82,0.31,233,0,0.73,0,1,6,0.98
IMXUSDT,-1,1.9,1,TP,79,14,95,0,13,0,12.63,1.69,1.77,0.54,0.34,494,0,1.67,-0.17,-1,3,0.73
IMXUSDT,-1,1.9,1,TP,11,4,322,0,3,0.33,-2.13,0.76,9.53,0.58,0.24,101,0,1.6,-0.96,-1,12,1.54
IMXUSDT,1,-2.1,0,SL,16,9,64,0,8,-1.05,4.74,1.5,1.05,0.68,0.88,30,2,1.02,-0.35,1,13,1.17
IMXUSDT,1,-2.1,0,SL,2,3,190,0,2,0.22,3.1,0.56,4.14,0.82,0.89,162,2,1.15,-0.94,1,21,1.48
IMXUSDT,-1,-2.1,0,SL,2,9,138,0,8,-0.42,1.42,1.12,2.74,0.81,0.38,35,0,1.96,-0.06,-1,14,1.98
IMXUSDT,-1,-2.1,0,SL,16,8,84,1,6,-0.42,0,1.84,1.8,0.73,0.38,320,0,1.4,0.19,-1,13,0.82
IMXUSDT,-1,1.9,1,TP,14,5,169,0,4,0.3,-0.73,0.83,0.62,0.6,0.38,407,0,1.37,-1.08,-1,10,0.69
IMXUSDT,1,-2.1,0,SL,27,5,159,0,4,-0.31,-0.52,2.96,0.95,1.09,0.5,102,0,2.25,-1.81,1,19,1.35
IMXUSDT,1,1.9,1,TP,34,11,303,0,10,-0.04,2.21,1.34,0.77,0.75,0.5,6,0,1.98,-1.55,1,7,1.08
IMXUSDT,1,1.9,1,TP,34,1,650,0,0,-2.48,1.19,1.44,1.44,0.69,0.27,57,0,0.77,0,1,22,0.69
IMXUSDT,-1,-2.1,0,SL,65,8,88,0,7,0.64,0.12,0.62,1.57,0.62,0.29,20,0,1.76,-0.72,-1,12,1.5
IMXUSDT,-1,1.9,1,TP,7,1,44,0,0,-1.58,2.05,0.54,0.54,0.49,0.29,347,0,1.33,0,-1,20,0.29
IMXUSDT,-1,1.9,1,TP,12,1,208,0,0,-2.65,5.36,1.8,1.8,0.73,0.15,63,0,1.61,0,-1,13,0.83
IMXUSDT,1,1.9,1,TP,16,6,330,0,5,0.09,1.17,0.14,0.11,1.93,0.44,10,0,1.97,-1.15,1,0,1.24
IMXUSDT,1,-2.1,0,SL,35,16,611,0,15,-1.02,-0.09,0.75,6.15,0.82,0.78,96,2,1.1,1.14,1,22,1.62
IMXUSDT,-1,1.9,1,TP,47,3,439,0,2,-0.56,5.01,1.12,0.58,0.45,0.15,79,0,0.65,-0.23,-1,20,0.39
IMXUSDT,-1,1.9,1,TP,13,10,589,0,9,0,4.55,0.52,0.42,0.39,0.15,50,0,1.09,-0.55,-1,9,0.39
IMXUSDT,1,-2.1,0,SL,16,10,275,0,9,0.42,1.13,2,2.18,0.42,0.31,91,0,0.43,-0.86,1,9,0.71
IMXUSDT,-1,-1.868,0,TIMEOUT,33,2,132,0,1,-0.38,0,1.52,0.87,0.27,0.16,7,0,0.74,-0.08,-1,1,0.24
IMXUSDT,1,-0.997,0,TIMEOUT,34,15,103,0,14,1.26,-2.5,5.6,3,0.57,0.45,63,0,1.48,-1.24,1,18,1.61
IMXUSDT,1,-1.27,0,TIMEOUT,62,6,429,0,5,-0.07,1.55,2.15,1.19,0.35,0.27,10,0,0.72,-0.54,1,3,0.27
BTCUSDT,1,-2.1,0,SL,89,10,450,0,9,-0.03,0.9,0.85,1.24,0.61,0.14,35,0,1.58,-0.35,1,12,0.85
BTCUSDT,-1,-2.1,0,SL,16,14,238,3,10,0.08,0.72,0.37,0.53,0.79,0.53,146,0,1.26,0.64,-1,4,0.61
BTCUSDT,1,1.9,1,TP,10,1,435,0,0,-2.66,3.87,1.46,1.46,0.68,0.74,266,0,1.79,0,1,0,0.82
BTCUSDT,-1,1.9,1,TP,12,16,425,0,15,-0.27,4.6,0.77,0.85,0.81,0.33,145,0,1.55,1.73,-1,6,0.48
BTCUSDT,-1,-2.1,0,SL,41,9,761,7,1,0.17,11.95,1.26,0.77,0.83,0.55,323,0,2.56,0.08,-1,18,0.78
BTCUSDT,-1,1.9,1,TP,12,1,848,0,0,-2.34,16.63,1.45,1.45,0.69,0.56,411,0,1.79,0,-1,16,0.83
BTCUSDT,1,1.9,1,TP,1,1,577,0,0,-3.91,8.53,4.81,4.81,0.75,0.19,243,0,1.08,0,1,12,3.75
BTCUSDT,1,1.9,1,TP,2,1,865,0,0,-1.98,4.46,0.6,0.6,0.74,0.34,35,0,1.97,0,1,12,0.53
BTCUSDT,1,1.9,1,TP,13,12,1138,0,11,-1,3.33,4.8,0.84,0.64,0.48,3,1,1.86,-1,1,8,0.69
BTCUSDT,1,1.9,1,TP,10,14,1635,0,13,0.16,2.34,0.9,0.94,0.48,0.26,4,0,1.48,-0.46,1,13,0.64
BTCUSDT,-1,1.9,1,TP,2,1,318,0,0,-1.48,1.72,0.75,0.75,1.11,2,246,0,2.7,0,-1,21,0.81
BTCUSDT,1,1.9,1,TP,7,1,167,0,0,-3.77,9.04,4.06,4.06,0.63,0.31,391,0,1.88,0,1,8,1.42
BTCUSDT,-1,-2.1,0,SL,17,12,150,0,11,0.33,1.66,2.42,2.02,0.65,0.53,72,1,1.77,-1.22,-1,16,1.49
BTCUSDT,1,1.9,1,TP,12,8,148,0,7,-0.7,9.69,2.63,0.99,0.58,0.79,184,2,1.74,-0.59,1,22,0.91
BTCUSDT,-1,-2.1,0,SL,22,4,201,0,3,-0.04,4.96,1.01,1.26,0.79,0.61,391,0,2,-0.59,-1,12,0.75
BTCUSDT,1,1.9,1,TP,68,2,180,0,1,0.68,2.31,1.81,3.13,0.65,0.57,616,0,1.62,-1.44,1,20,1.78
BTCUSDT,-1,1.9,1,TP,4,1,137,0,0,-2.68,4.27,1.21,1.21,0.7,0.46,39,0,1.79,0,-1,19,1.14
BTCUSDT,-1,1.9,1,TP,8,1,331,0,0,-4.17,6.36,2.89,2.89,0.75,0.61,33,0,0.7,0,-1,20,1.61
BTCUSDT,1,1.9,1,TP,3,1,211,0,0,-3.55,11.56,2.53,2.53,0.56,0.32,260,0,1.51,0,1,9,0.83
BTCUSDT,1,-2.1,0,SL,146,7,578,0,6,-0.47,0.27,0.84,0.67,0.5,0.38,174,0,1.4,-0.44,1,4,0.44
BTCUSDT,1,1.9,1,TP,83,9,218,0,8,1.33,-2.37,2.14,2.67,0.48,0.27,278,0,1.25,-1.43,-1,9,1.23
BTCUSDT,-1,1.9,1,TP,41,4,488,1,2,0.3,-1.65,2.06,2.37,0.72,0.7,289,0,1.89,-1.07,-1,12,1.21
BTCUSDT,1,1.9,1,TP,13,15,398,0,14,-0.29,6.42,1.18,0.67,0.39,0.3,44,0,0.86,0.02,1,10,0.32
BTCUSDT,1,1.9,1,TP,15,12,663,0,11,-0.47,5.11,1.34,0.56,0.41,0.14,8,0,1.19,-0.2,1,4,0.3
BTCUSDT,1,1.9,1,TP,51,13,152,0,12,0.19,1.96,1.49,1,0.61,0.42,87,0,1.83,0.16,1,19,0.64
BTCUSDT,1,-2.1,0,SL,18,12,384,0,11,-0.07,6.82,0.5,1.66,0.5,0.41,320,0,1.4,0.28,1,5,1.04
BTCUSDT,-1,1.9,1,TP,9,1,169,0,0,-2.21,1.53,1.94,1.94,0.73,0.58,96,0,1.64,0,-1,16,1.09
BTCUSDT,-1,1.9,1,TP,14,5,419,0,4,-1.27,13.6,0.9,1.53,0.78,0.6,222,0,2.06,0.65,-1,6,1.24
BTCUSDT,-1,1.9,1,TP,1,1,1031,0,0,-2.25,2.99,1.24,1.24,2.42,1.52,109,0,4.48,0,-1,15,2.75
BTCUSDT,1,-2.1,0,SL,6,18,252,1,16,0.14,0.37,1.48,1.45,0.92,0.86,116,0,2.7,0.35,1,15,1.28
BTCUSDT,-1,-2.1,0,SL,4,16,275,0,15,0.04,7.04,1.28,1.04,0.81,0.82,262,0,2.36,0.04,-1,6,1.09
BTCUSDT,1,1.9,1,TP,14,5,172,0,4,-0.25,0.94,0.81,0.94,0.58,0.76,484,0,1.8,-0.31,1,10,0.44
BTCUSDT,-1,1.9,1,TP,3,7,337,0,6,-0.56,2.27,0.59,1.04,0.59,0.41,146,0,1.73,-0.16,-1,20,0.71
BTCUSDT,-1,1.9,1,TP,1,6,343,0,5,-2.9,15.65,2.15,2.91,1.26,0.48,482,0,2.38,2.02,-1,6,5.34
BTCUSDT,-1,-2.1,0,SL,13,5,628,0,4,-0.09,28.91,1.1,0.73,0.75,0.49,768,0,1.37,-0.73,-1,5,0.44
BTCUSDT,-1,-2.1,0,SL,27,4,139,1,2,-1.71,0.95,0.99,1.66,0.71,0.23,50,0,1.16,1.03,-1,17,1.64
BTCUSDT,-1,1.9,1,TP,12,4,263,3,0,-2.82,0.65,2.13,2.13,0.48,0.42,113,1,0.79,0.7,-1,0,0.61
BTCUSDT,1,1.9,1,TP,9,4,107,0,3,-0.04,0.25,0.41,0.4,0.3,0.22,105,0,0.93,-0.19,1,19,0.17
BTCUSDT,-1,1.9,1,TP,23,1,258,0,0,-2.79,4.01,1.1,1.1,0.51,0.32,4,0,1.48,0,-1,11,0.49
BTCUSDT,-1,-2.1,0,SL,68,6,439,3,2,2.31,5,1.39,4.57,0.43,0.32,183,0,1.12,-1.08,1,8,1.46
BTCUSDT,-1,1.9,1,TP,79,10,568,0,9,-0.54,1.67,8.59,1.13,0.39,0.25,0,0,0.82,-0.49,-1,16,0.47
BTCUSDT,1,1.9,1,TP,4,2,593,0,1,0.54,16.76,1.15,4.27,0.79,0.26,417,0,2.13,-1.8,1,14,2.08
BTCUSDT,1,1.9,1,TP,2,1,906,0,0,-4.7,5.61,3.38,3.38,0.48,0.23,4,0,0.35,0,1,20,0.62
BTCUSDT,1,1.9,1,TP,1,15,357,0,14,-0.35,5.02,1.59,1.5,0.69,0.31,5,0,2.03,1,1,13,1.17
BTCUSDT,1,-1.334,0,TIMEOUT,74,1,304,0,0,-2.94,3.89,2.65,2.65,0.46,0.25,155,0,1.22,0,1,1,0.59
BTCUSDT,-1,1.9,1,TP,3,1,139,0,0,-2.03,3.67,1.29,1.29,0.49,0.27,8,0,1,0,-1,5,0.52
BTCUSDT,1,1.9,1,TP,7,5,133,0,4,-0.29,1.22,1.16,4.36,0.59,0.36,4,0,1.3,-0.47,1,10,1.6
BTCUSDT,-1,1.9,1,TP,17,14,300,0,13,0.28,0.54,5.4,0.37,0.65,0.32,0,0,1.9,0.12,-1,17,0.48
BTCUSDT,-1,-2.1,0,SL,31,12,542,0,11,-0.66,0.45,0.93,1.32,0.62,0.33,244,0,1.09,0.55,-1,5,0.67
BTCUSDT,1,-0.828,0,TIMEOUT,89,1,343,0,0,-3.16,4.23,1.44,1.44,0.37,0.14,44,0,1.04,0,1,4,0.39
BTCUSDT,-1,-2.1,0,SL,28,15,4,0,14,0.21,2.85,1.82,1.02,1.22,0.58,70,1,3.36,-0.03,-1,14,1.24
BTCUSDT,1,1.9,1,TP,12,14,453,0,13,0.37,2.29,0.5,0.78,0.66,0.25,98,0,1.91,-0.85,1,21,1.04
BTCUSDT,1,-2.1,0,SL,35,1,393,0,0,-2.77,2.51,0.7,0.7,0.64,0.32,211,0,1.07,0,1,1,0.41
BTCUSDT,1,-2.1,0,SL,26,12,273,0,11,-0.2,3.51,1.08,0.77,0.5,0.28,7,0,0.44,0.02,1,11,0.65
BTCUSDT,1,-2.1,0,SL,112,1,362,0,0,-4.46,7.56,5.82,5.82,0.48,0.28,107,0,0.5,0,1,9,0.95
BTCUSDT,1,-2.1,0,SL,6,13,275,0,12,-0.13,5.02,0.29,0.76,0.49,0.26,7,0,1.47,-0.09,1,18,0.65
BTCUSDT,1,1.9,1,TP,12,7,157,0,6,1.54,-0.38,1.07,3.47,0.87,0.41,43,1,1.35,-1.92,1,15,2.47
BTCUSDT,-1,1.9,1,TP,3,3,252,0,2,-0.68,2.64,2.94,1.28,0.87,0.58,73,1,1.98,0.05,-1,8,0.89
BTCUSDT,1,-2.1,0,SL,32,4,159,0,3,-0.15,3.66,0.33,0.57,0.59,0.77,19,0,0.48,-0.07,1,19,0.51
BTCUSDT,-1,-2.1,0,SL,64,6,137,0,5,0.91,-0.12,1.28,4.89,0.94,0.44,115,0,2.05,-1.44,-1,0,3.28
BTCUSDT,-1,-2.1,0,SL,5,10,198,0,9,-0.23,3.38,1.66,1.13,0.62,0.23,11,0,1.75,-0.47,-1,17,0.84
BTCUSDT,-1,1.9,1,TP,43,3,305,0,2,0.54,-0.6,0.98,1.57,0.54,0.22,125,0,0.29,-0.93,-1,20,1.06
BTCUSDT,-1,1.9,1,TP,37,8,600,0,7,0.85,-1.77,0.79,1.94,0.49,0.16,101,0,0.74,-0.88,-1,22,1.16
BTCUSDT,1,1.9,1,TP,7,1,234,0,0,-4.47,4.82,4.15,4.15,0.47,0.26,103,0,1.24,0,1,17,0.95
BTCUSDT,1,1.9,1,TP,56,9,549,0,8,0.15,3.1,2.14,1.54,0.41,0.2,29,1,0.48,-0.92,1,0,0.66
BTCUSDT,-1,-2.1,0,SL,31,14,355,0,13,-0.81,3.01,0.59,1.29,0.65,0.55,172,0,1.81,1.52,-1,21,0.93
BTCUSDT,-1,-2.1,0,SL,86,6,627,0,5,-0.9,1.42,3.24,0.79,0.49,0.25,195,0,0.65,-0.4,-1,17,0.54
BTCUSDT,-1,-2.1,0,SL,6,8,1288,0,7,-0.8,2.78,2.23,3.26,0.93,0.36,35,1,1.65,0.3,-1,14,2.29
BTCUSDT,-1,1.9,1,TP,61,10,258,0,9,-0.34,-0.47,1.93,1.34,0.35,0.3,136,0,0.6,-0.08,-1,6,0.26
BTCUSDT,-1,-2.1,0,SL,15,13,463,0,12,-0.52,1.34,0.6,1,0.4,0.29,11,0,1.21,0.63,-1,9,0.31
BTCUSDT,-1,1.9,1,TP,4,1,325,0,0,-3.19,4.5,5.07,5.07,0.95,0.7,44,0,2.18,0,-1,10,3.2
BTCUSDT,1,1.9,1,TP,13,1,195,0,0,-2.35,0.16,1.8,1.8,0.54,0.18,84,0,0.22,0,1,16,0.91
BTCUSDT,1,-2.1,0,SL,64,10,507,0,9,-0.12,1.23,0.76,0.68,0.47,0.3,3,0,1.46,-0.09,1,22,0.4
BTCUSDT,-1,1.9,1,TP,15,12,383,0,11,1.65,-0.9,6.08,4.44,0.88,0.16,51,0,1.93,-2.78,-1,14,3.21
BTCUSDT,1,-2.1,0,SL,25,8,242,0,7,1.81,11.62,0.69,4.58,0.61,0.84,260,0,1.43,-1.57,1,13,2.09
BTCUSDT,-1,-2.1,0,SL,9,6,366,0,5,-0.63,3.12,0.81,1.69,0.85,0.31,112,0,1.67,-1,-1,21,1.32
BTCUSDT,-1,1.9,1,TP,39,3,317,0,2,-1.01,1.64,1.62,3.72,0.41,0.48,4,1,1.01,-0.45,-1,13,1.07
BTCUSDT,1,1.9,1,TP,12,1,272,0,0,-2.42,3.56,2.28,2.28,0.54,0.13,48,0,1.09,0,1,17,0.87
BTCUSDT,1,-1.457,0,TIMEOUT,93,12,2,0,11,-0.46,4.58,3.91,2.66,0.67,0.28,5,1,1.69,0.41,1,6,1.84
BTCUSDT,1,1.9,1,TP,53,5,176,0,4,-0.37,1.63,3.49,0.87,0.5,0.26,94,0,1.19,-0.95,1,1,0.41
BTCUSDT,1,-2.1,0,SL,6,5,172,0,4,-0.03,1.11,1.79,4.96,0.57,0.11,12,0,0.99,-0.59,1,22,1.77
BTCUSDT,1,-1.716,0,TIMEOUT,59,10,275,0,9,-0.44,2.24,0.33,0.76,0.41,0.21,35,0,0.83,0.2,1,0,0.39
BTCUSDT,-1,1.9,1,TP,42,1,471,0,0,-1.94,0.92,1.22,1.22,0.48,0.11,46,0,0.39,0,-1,23,0.41
BTCUSDT,-1,1.9,1,TP,133,5,193,0,4,0.25,2.29,0.37,0.58,0.24,0.11,12,0,0.56,-0.18,-1,19,0.27
BTCUSDT,1,-2.1,0,SL,11,17,262,0,16,-0.47,5.53,1.75,0.73,0.45,0.18,110,0,1.3,0.62,1,14,0.53
BTCUSDT,-1,1.9,1,TP,40,4,808,0,3,-0.2,2.71,0.67,1.38,0.74,0.91,32,0,1.74,-0.33,-1,1,0.68
BTCUSDT,1,-2.1,0,SL,30,8,142,0,7,0.25,5.29,1.01,1.04,0.44,0.62,232,0,1.21,-0.33,1,10,0.46
BTCUSDT,-1,-0.983,0,TIMEOUT,121,17,2,7,9,0.28,-2.24,0.89,0.92,0.68,0.44,154,0,1.96,-0.18,-1,19,1.05
BTCUSDT,-1,1.9,1,TP,20,1,225,0,0,-3.5,3.21,5.75,5.75,0.45,0.43,0,0,0.41,0,-1,8,1.58
BTCUSDT,-1,-0.8,0,TIMEOUT,210,1,166,0,0,-3.02,5.34,0.91,0.91,0.44,0.14,39,0,1.09,0,-1,11,0.42
BTCUSDT,1,-2.1,0,SL,18,17,8,0,16,-0.98,-0.48,0.44,4.87,0.89,0.86,3,0,1.89,3.6,1,22,4.14
BTCUSDT,-1,1.9,1,TP,6,1,231,0,0,-2.35,1.56,2.04,2.04,0.65,0.43,2,0,1.64,0,-1,22,1.14
BTCUSDT,-1,1.9,1,TP,6,10,575,0,9,-0.29,26.64,1.11,1.71,1.07,0.55,337,0,3.07,-1,-1,12,1.46
BTCUSDT,1,1.9,1,TP,4,7,373,0,6,-0.38,1.71,3.25,0.91,0.67,0.6,274,0,1.03,-1.63,1,21,0.76
BTCUSDT,-1,1.9,1,TP,161,8,361,0,7,-0.11,0.65,2.01,0.83,0.76,0.47,1,0,1.14,-1.27,-1,12,0.61
BTCUSDT,1,-2.1,0,SL,15,17,137,0,16,0.41,6.71,0.83,0.63,0.76,0.1,136,0,1.92,-0.26,1,23,0.8
BTCUSDT,-1,-2.1,0,SL,2,3,290,0,2,0.03,0.12,0.44,0.42,0.92,0.2,34,0,1.19,-0.53,-1,16,0.58
BTCUSDT,1,1.9,1,TP,4,1,336,0,0,-3.97,2.79,4.38,4.38,0.58,0.35,66,0,1.48,0,1,5,1.18
BTCUSDT,1,-2.1,0,SL,12,12,751,0,11,-0.54,14.05,1.14,1.38,0.49,0.38,350,0,1.45,0.08,1,13,0.91
BTCUSDT,-1,1.9,1,TP,69,1,152,0,0,-2.86,5.84,2.66,2.66,0.61,0.18,166,0,1.1,0,-1,2,1.08
BTCUSDT,-1,1.9,1,TP,63,8,282,0,7,0.07,1.72,2.13,1.43,0.45,0.18,243,0,0.67,-1.28,-1,1,0.56
BTCUSDT,1,1.9,1,TP,128,1,228,0,0,-2.56,3.97,2.26,2.26,0.37,0.25,19,0,1.05,0,1,23,0.52
BTCUSDT,1,-2.1,0,SL,3,13,447,0,12,1.15,-0.74,5.22,1.69,0.56,0.18,62,0,0.97,-2.27,-1,6,1.11
BTCUSDT,-1,1.9,1,TP,34,1,126,0,0,-1.36,3.59,0.39,0.39,0.43,0.18,18,0,0.87,0,-1,10,0.29
BTCUSDT,-1,-2.1,0,SL,116,3,600,0,2,-0.27,2.23,2.69,1.87,0.54,0.24,47,0,1.08,-0.92,-1,9,0.81
BTCUSDT,-1,-2.1,0,SL,72,8,158,0,7,-1.24,5.58,1.72,1.8,0.41,0.21,101,0,0.78,0.2,-1,9,0.63
BTCUSDT,-1,-0.784,0,TIMEOUT,304,9,301,0,8,-0.15,0.25,0.61,0.39,0.48,0.22,63,0,0.68,-0.15,-1,20,0.41
BTCUSDT,-1,1.9,1,TP,11,1,671,0,0,-4.78,5.05,3.06,3.06,0.68,0.37,1,2,0.95,0,-1,17,1.44
BTCUSDT,-1,1.9,1,TP,27,15,493,0,14,-0.32,4.83,3.77,0.37,0.43,0.17,64,0,0.8,0.06,-1,19,0.24
BTCUSDT,-1,1.9,1,TP,3,7,128,0,6,0.1,2.33,1.03,1.86,0.46,0.37,168,0,1.03,-0.81,-1,13,0.79
BTCUSDT,-1,-0.481,0,TIMEOUT,75,2,329,0,1,0.16,1.14,0.5,1.37,0.31,0.42,71,2,0.66,-0.3,-1,15,0.37
BTCUSDT,1,-2.1,0,SL,36,11,202,0,10,0.12,2.31,0.77,1.97,0.4,0.17,60,0,1.21,-0.07,1,5,0.6
BTCUSDT,1,1.9,1,TP,11,1,177,0,0,-3.2,3.38,1.23,1.23,0.23,0.11,99,0,0.41,0,1,14,0.25
BTCUSDT,1,1.9,1,TP,54,11,484,0,10,-0.05,4.99,1.06,0.52,0.38,0.31,16,0,0.84,-0.59,1,19,0.36
BTCUSDT,1,-2.1,0,SL,3,3,748,0,2,-1.15,9.03,0.69,0.74,0.3,0.31,288,0,0.46,0.13,1,13,0.38
BTCUSDT,-1,1.9,1,TP,11,13,434,0,12,-0.09,2.66,5.22,0.46,1.18,0.56,72,0,2.54,0.03,-1,17,1
BTCUSDT,1,-1.564,0,TIMEOUT,57,14,193,0,13,-0.04,2.71,1.92,0.7,0.33,0.11,2,0,0.72,-0.29,1,3,0.27
BTCUSDT,1,-1.196,0,TIMEOUT,49,4,368,0,3,-0.59,1.64,2.03,1.26,0.19,0.15,93,0,0.35,-0.17,1,23,0.28
BTCUSDT,1,-0.883,0,TIMEOUT,60,11,287,0,10,-0.23,2.36,0.86,0.49,0.2,0.07,23,0,0.63,-0.23,1,4,0.12
BTCUSDT,1,1.9,1,TP,40,3,457,0,2,-0.6,1.26,1.05,3.16,0.26,0.09,28,0,0.32,-0.37,1,18,0.65
BTCUSDT,-1,-0.624,0,TIMEOUT,30,5,294,0,4,0.15,0.47,0.33,1.11,0.14,0.02,17,0,0.08,-0.09,-1,19,0.24
BTCUSDT,1,-0.468,0,TIMEOUT,138,8,7,0,7,0.29,2.58,0.56,0.93,0.12,0.02,52,0,0.34,-0.11,1,5,0.19
BTCUSDT,-1,-0.519,0,TIMEOUT,113,9,248,0,8,-0.18,2.23,9.71,1.21,0.16,0.06,6,0,0.47,-0.37,-1,9,0.14
BTCUSDT,-1,-0.544,0,TIMEOUT,53,6,426,0,5,-0.01,0.92,0.66,1.04,0.09,0.16,126,0,0.25,-0.05,-1,5,0.11
BTCUSDT,1,-0.188,0,TIMEOUT,215,1,174,0,0,-2.73,5.19,2.22,2.22,0.19,0.02,177,0,0.32,0,1,3,0.36
BTCUSDT,1,1.9,1,TP,251,1,432,0,0,-3.23,3.85,3.15,3.15,0.18,0.04,122,0,0.18,0,1,19,0.24
BTCUSDT,1,-1.21,0,TIMEOUT,113,3,291,0,2,-0.02,0.22,0.98,1.24,0.54,0.17,2,0,1.04,-0.73,1,18,1.16
BTCUSDT,1,-0.787,0,TIMEOUT,112,6,499,0,5,0.41,-0.7,5.98,2.73,0.92,0.15,146,0,0.72,-1.34,1,22,2.56
BTCUSDT,1,1.9,1,TP,153,11,683,0,10,0.54,2.64,0.36,3.5,0.45,0.15,51,0,1.01,-0.23,1,20,1.1
BTCUSDT,1,-2.1,0,SL,111,3,223,0,2,-1.5,2.69,0.75,1.76,0.51,0.3,252,0,0.89,0.03,1,11,0.83
BTCUSDT,-1,1.9,1,TP,105,6,127,0,5,0.18,0.86,2.37,1.68,0.53,0.23,2,0,1,-1.37,-1,13,1.04
BTCUSDT,1,-1.604,0,TIMEOUT,105,1,159,0,0,-3.32,2.6,1.53,1.53,0.41,0.25,39,0,0.44,0,1,5,0.4
BTCUSDT,-1,1.9,1,TP,126,2,438,0,1,-1.19,0.94,18.78,6.69,0.43,0.14,0,0,0.53,-0.81,-1,15,1.87
BTCUSDT,1,1.9,1,TP,18,8,387,0,7,0.99,1.62,1.15,2.65,0.58,0.23,84,0,1.51,-0.72,1,20,1.25
BTCUSDT,-1,-2.1,0,SL,116,1,182,0,0,-4.54,5.32,3.64,3.64,0.57,0.34,22,2,0.2,0,-1,14,1.81
BTCUSDT,1,1.9,1,TP,34,13,230,0,12,0.42,2.74,1.36,0.85,0.43,0.29,8,0,0.82,-0.87,1,17,0.44
BTCUSDT,-1,-2.1,0,SL,51,5,95,0,4,0.39,-0.18,1.25,1.3,0.62,0.35,53,0,1,-1.37,-1,22,0.76
BTCUSDT,-1,-0.912,0,TIMEOUT,44,5,273,0,4,-0.76,1.7,1.01,1.02,0.17,0.08,58,0,0.39,-0.04,-1,9,0.17
BTCUSDT,-1,-1.717,0,TIMEOUT,133,8,483,0,7,-0.04,2.13,1.8,0.7,0.34,0.2,140,0,0.98,-0.51,-1,10,0.34
BTCUSDT,1,-2.1,0,SL,63,12,188,0,11,-0.6,3.28,2.13,0.29,0.58,0.34,15,0,0.84,0.24,1,21,0.41
BTCUSDT,1,-1.452,0,TIMEOUT,29,13,461,0,12,-0.56,3.23,8.93,1.28,0.39,0.07,2,0,0.84,0.26,1,18,0.49
BTCUSDT,-1,1.9,1,TP,129,16,5,0,15,0.28,5.09,2.74,1.32,0.37,0.1,22,0,1.04,0.45,-1,17,0.61
BTCUSDT,-1,-0.592,0,TIMEOUT,44,5,356,0,4,-0.17,0.85,0.76,0.26,0.17,0.29,136,0,0.28,-0.03,-1,23,0.09
BTCUSDT,-1,1.9,1,TP,50,1,466,0,0,-2.7,3.25,2.23,2.23,0.29,0.29,250,0,0.2,0,-1,3,0.4
BTCUSDT,1,-1.006,0,TIMEOUT,65,2,257,0,1,-0.15,17.43,0.73,0.85,0.19,0.16,284,0,0.16,-0.08,1,11,0.14
BTCUSDT,-1,1.9,1,TP,56,3,0,2,0,-4.83,4.45,16.78,16.78,0.4,0.18,0,0,1.03,1.81,-1,4,2.35
BTCUSDT,1,1.9,1,TP,24,4,296,0,3,0.87,0.37,7.5,4.41,0.47,0.19,76,0,0.63,-1.79,1,18,1.57
BTCUSDT,1,-1.167,0,TIMEOUT,78,8,1042,0,7,-0.2,2,0.86,0.75,0.32,0.24,6,0,0.32,-0.15,1,13,0.23
BTCUSDT,1,-1.629,0,TIMEOUT,8,17,8,0,16,1.26,2.65,1.9,2.94,0.44,0.15,9,0,1.04,0.13,1,11,1.34
BTCUSDT,-1,-1.527,0,TIMEOUT,69,5,285,0,4,-0.46,2.13,3.4,0.52,0.23,0.07,22,0,0.47,0.01,-1,1,0.22
BTCUSDT,1,1.9,1,TP,13,5,230,0,4,-1.04,2.76,0.52,3.11,0.19,0.05,10,0,0.33,0.09,1,12,0.41
BTCUSDT,-1,-0.395,0,TIMEOUT,167,1,557,0,0,-2.47,1.11,0.83,0.83,0.34,0.11,40,0,0.22,0,-1,15,0.34
BTCUSDT,-1,-0.795,0,TIMEOUT,70,5,784,0,4,-0.63,0.42,1.03,3.29,0.15,0.07,22,0,0.29,0.09,-1,0,0.17
BTCUSDT,-1,-0.891,0,TIMEOUT,68,18,330,1,16,-0.05,1.22,0.76,0.43,0.17,0.1,140,1,0.36,0.28,-1,21,0.07
BTCUSDT,-1,-0.89,0,TIMEOUT,14,8,624,0,7,-0.09,2.22,0.45,0.74,0.18,0.04,6,0,0.16,-0.11,-1,23,0.3
BTCUSDT,-1,1.9,1,TP,79,13,707,0,12,-1.42,3.46,0.37,1.57,0.18,0.04,84,0,0.14,0.23,-1,19,0.42
BTCUSDT,-1,-1.214,0,TIMEOUT,54,4,417,0,3,-0.45,1.68,3.27,0.73,0.28,0.02,77,0,0.29,-0.51,-1,16,0.29
BTCUSDT,-1,-0.46,0,TIMEOUT,121,16,90,0,15,1.05,4.02,1.05,1.06,0.03,0.03,8,0,0.09,-0.1,1,8,0.04
BTCUSDT,-1,1.9,1,TP,116,8,321,0,7,-0.31,1.76,2.34,0.43,0.13,0.02,21,0,0.17,-0.17,-1,18,0.08
BTCUSDT,-1,1.9,1,TP,19,5,985,0,4,-0.13,1.4,0.59,6.17,0.27,0.15,72,0,0.44,0.01,-1,16,1.12
BTCUSDT,-1,-0.787,0,TIMEOUT,27,11,291,0,10,0.09,4.02,1.09,0.93,0.15,0.07,49,0,0.25,0.05,-1,8,0.23
BTCUSDT,-1,-0.875,0,TIMEOUT,7,3,402,0,2,-0.06,3.76,0.58,0.59,0.14,0.13,66,0,0.31,-0.06,-1,12,0.12
BTCUSDT,-1,-0.326,0,TIMEOUT,267,10,411,0,9,0.2,0.22,6.32,2.1,0.24,0.22,25,0,0.47,-0.18,-1,23,0.32
BTCUSDT,1,1.9,1,TP,237,1,346,0,0,-1.59,2.01,0.86,0.86,0.29,0.09,4,0,0.62,0,1,23,0.25
BTCUSDT,1,-0.795,0,TIMEOUT,177,14,686,1,12,0.02,-1.59,6.91,1.51,0.35,0.39,65,0,0.92,-0.54,1,12,0.67
BTCUSDT,-1,-0.764,0,TIMEOUT,72,3,490,0,2,0.65,0.08,1.46,1.47,0.21,0.08,19,0,0.49,-0.4,-1,16,0.28
BTCUSDT,1,-2.1,0,SL,2,14,7,0,13,-0.45,4.5,3.94,1.8,0.3,0.08,94,0,0.78,0.74,1,13,0.52
BTCUSDT,1,1.9,1,TP,319,1,106,0,0,-3.18,4.31,6.36,6.36,0.3,0.13,16,0,0.61,0,1,14,0.87
BTCUSDT,-1,-1.118,0,TIMEOUT,52,13,201,0,12,-0.29,2.68,0.24,0.36,0.28,0.11,21,0,0.37,-0.2,-1,21,0.22
BTCUSDT,1,1.9,1,TP,38,11,371,0,10,-0.22,1.02,4.64,0.35,0.38,0.27,136,0,0.88,-0.17,1,17,0.27
BTCUSDT,1,1.9,1,TP,139,7,1193,0,6,-0.18,2.32,2.13,0.96,0.17,0.06,10,0,0.52,-0.18,1,6,0.2
BTCUSDT,1,1.9,1,TP,103,13,266,0,12,0.1,2.51,1.7,1,0.46,0.39,4,1,0.87,-0.33,1,22,0.56
BTCUSDT,1,1.9,1,TP,50,1,233,0,0,-2.57,3.1,1.72,1.72,0.22,0.25,126,0,0.6,0,1,4,0.33
BTCUSDT,1,1.9,1,TP,17,11,957,0,10,0.49,-0.52,2.71,1.08,0.35,0.23,4,0,0.8,-0.59,1,17,0.51
BTCUSDT,-1,1.9,1,TP,32,3,160,0,2,0.4,1.4,1.51,1.5,0.57,0.18,25,0,1.34,-1.7,-1,18,0.74
BTCUSDT,-1,1.9,1,TP,83,2,7,0,1,-0.62,8.27,0.58,0.75,0.22,0.24,281,0,0.67,0.02,-1,4,0.17
BTCUSDT,1,1.9,1,TP,16,3,131,0,2,-0.03,2.81,0.6,1.33,0.3,0.15,20,0,0.91,-0.37,1,9,0.35
BTCUSDT,-1,1.9,1,TP,46,1,118,0,0,-3.7,5.01,3.35,3.35,0.35,0.09,4,0,0.54,0,-1,6,0.56
BTCUSDT,-1,1.9,1,TP,12,16,11,0,15,0.14,-1.66,15.42,1.21,0.91,0.39,67,0,2.5,-2.54,-1,15,1.6
BTCUSDT,-1,-2.1,0,SL,27,12,448,1,10,-0.13,-0.21,2.04,0.48,0.36,0.28,219,0,0.31,0.09,-1,5,0.29
BTCUSDT,1,1.9,1,TP,12,12,9,0,11,-0.5,4.67,5.61,0.8,0.54,0.28,24,1,1.55,0.69,1,15,0.48
BTCUSDT,1,1.9,1,TP,4,12,291,0,11,-0.66,1.75,2.52,3.92,0.52,0.15,31,0,1.45,0.36,1,13,0.91
BTCUSDT,-1,1.9,1,TP,105,2,469,0,1,0.32,0.36,1.92,4.03,0.36,0.22,95,0,0.72,-0.45,-1,14,1.03
BTCUSDT,-1,1.9,1,TP,51,17,915,0,16,-0.53,9.37,0.8,0.69,0.35,0.32,326,0,0.67,0.5,-1,6,0.3
BTCUSDT,1,-1.05,0,TIMEOUT,130,1,307,0,0,-3.69,5.15,2.4,2.4,0.49,0.54,4,1,0.88,0,1,16,0.51
BTCUSDT,1,-2.1,0,SL,8,11,509,0,10,0.88,3.03,0.53,2.01,0.43,0.21,13,0,0.89,-0.7,1,19,0.64
BTCUSDT,-1,-1.058,0,TIMEOUT,81,4,73,0,3,-0.19,2.34,0.33,0.44,0.34,0.19,22,0,0.29,-0.33,-1,19,0.25
BTCUSDT,1,1.9,1,TP,12,1,628,0,0,-5.16,4.32,14.04,14.04,0.39,0.36,77,0,0.94,0,1,8,2.1
BTCUSDT,1,-2.1,0,SL,12,3,107,0,2,0.06,1.16,8.86,4.01,0.48,0.41,433,1,0.89,-1.21,1,14,1.7
BTCUSDT,1,1.9,1,TP,2,1,148,0,0,-5.12,4.69,5.71,5.71,0.36,0.11,100,0,0.41,0,1,15,0.74
BTCUSDT,1,1.9,1,TP,9,11,989,2,8,0.08,-0.91,1.04,1.14,0.85,0.69,154,0,0.96,0.11,1,9,1.12
BTCUSDT,1,1.9,1,TP,17,1,1460,0,0,-3.81,8.09,5.7,5.7,0.61,0.44,356,0,0.79,0,1,7,1.18
BTCUSDT,1,-1.285,0,TIMEOUT,129,1,1648,0,0,-2.08,1.25,3.71,3.71,0.32,0.32,109,0,1.08,0,1,6,0.51
BTCUSDT,-1,1.9,1,TP,9,1,408,0,0,-2.41,0.02,4.24,4.24,0.62,0.17,175,0,1.47,0,-1,1,1.32
BTCUSDT,1,-1.002,0,TIMEOUT,89,9,336,0,8,-0.88,1.53,1.42,0.58,0.35,0.28,78,0,1.04,-0.08,1,10,0.38
BTCUSDT,1,-0.202,0,TIMEOUT,82,8,618,0,7,-0.1,1.92,0.47,0.7,0.18,0.15,11,1,0.37,0.03,1,9,0.12
BTCUSDT,1,1.9,1,TP,12,8,201,0,7,-0.02,2.62,0.49,0.45,0.23,0.47,148,0,0.7,-0.11,1,20,0.16
BTCUSDT,-1,1.9,1,TP,11,1,273,0,0,-2.34,3.06,2.22,2.22,0.42,0.15,108,0,0.31,0,-1,14,0.75
BTCUSDT,-1,1.9,1,TP,11,1,568,0,0,-2.26,4.45,1.07,1.07,0.69,0.3,28,0,1.12,0,-1,16,0.83
BTCUSDT,-1,1.9,1,TP,3,4,749,0,3,-0.2,1.04,1.32,2.92,0.52,0.4,106,0,1.41,-0.7,-1,13,1.2
BTCUSDT,-1,-2.1,0,SL,13,6,900,0,5,0.07,2.31,1.8,1.24,0.95,0.23,8,0,0.96,-2.15,-1,3,0.85
BTCUSDT,-1,1.9,1,TP,21,10,415,0,9,-0.41,2.08,2.39,0.82,0.29,0.1,5,0,0.73,-0.43,-1,1,0.32
BTCUSDT,-1,1.9,1,TP,21,1,540,0,0,-4.69,1.41,4.91,4.91,0.4,0.15,92,0,0.52,0,-1,8,0.66
BTCUSDT,-1,-1.114,0,TIMEOUT,196,1,205,0,0,-4.64,5.65,3.56,3.56,0.57,0.34,256,0,0.55,0,-1,15,0.86
BTCUSDT,1,1.9,1,TP,4,6,201,0,5,-0.39,-1.52,1.88,1.18,0.35,0.15,113,0,0.48,-0.64,1,11,0.34
BTCUSDT,1,1.9,1,TP,187,12,394,0,11,-0.08,0.05,0.46,0.33,0.29,0.15,85,0,0.88,-0.05,1,11,0.24
BTCUSDT,1,1.9,1,TP,21,7,682,0,6,-0.04,0.38,2.73,0.85,0.27,0.1,1,0,0.66,-0.22,1,11,0.33
BTCUSDT,1,-2.1,0,SL,28,16,181,0,15,-0.49,5.71,4.86,0.51,0.3,0.14,39,1,0.9,0.17,1,18,0.21
BTCUSDT,-1,-0.878,0,TIMEOUT,169,17,341,0,16,0.31,1.27,0.71,0.52,0.34,0.24,275,0,0.7,-0.11,-1,19,0.36
BTCUSDT,-1,1.9,1,TP,30,1,310,0,0,-3.93,4.05,5.26,5.26,0.3,0.16,1,0,0.37,0,-1,2,0.66
BTCUSDT,-1,-2.1,0,SL,30,5,351,0,4,-0.4,2.61,2.87,0.78,0.3,0.11,48,0,0.3,-0.26,-1,11,0.3
BTCUSDT,-1,1.9,1,TP,59,10,667,0,9,-0.17,2.88,0.49,0.4,0.39,0.15,20,0,0.4,-0.27,-1,18,0.28
BTCUSDT,-1,1.9,1,TP,38,7,952,0,6,-1.17,3.86,1.15,1.6,0.13,0.02,23,0,0.3,0.05,-1,17,0.21
BTCUSDT,-1,-2.1,0,SL,71,2,1251,0,1,-1.13,1.06,1.24,1.01,0.44,0.42,208,0,0.81,0.35,-1,20,0.64
BTCUSDT,-1,-0.579,0,TIMEOUT,77,1,1429,0,0,-1.32,2.75,0.81,0.81,0.39,0.22,61,1,0.4,0,-1,16,0.41
BTCUSDT,1,-2.1,0,SL,10,6,130,0,5,-0.48,0.33,2.9,2.02,0.54,0.24,93,0,1.18,-0.22,1,13,0.94
BTCUSDT,1,-0.924,0,TIMEOUT,98,8,637,0,7,-1.58,4.16,0.35,0.9,0.56,0.23,80,0,1.62,0.84,1,19,0.93
BTCUSDT,1,1.9,1,TP,19,1,903,0,0,-3.46,2.82,4.18,4.18,0.48,0.28,145,2,0.19,0,1,14,0.62
BTCUSDT,1,1.9,1,TP,47,6,278,0,5,-1.49,2.64,8.82,2.24,0.34,0.12,12,0,0.82,0.15,1,1,0.58
BTCUSDT,-1,1.9,1,TP,5,12,386,0,11,-0.58,3.91,0.25,1.06,0.61,0.22,26,0,1.65,0.46,-1,20,0.91
BTCUSDT,-1,-2.1,0,SL,16,15,872,0,14,0.51,2.01,1.14,0.57,0.7,0.35,80,0,1.04,-0.41,-1,21,0.86
BTCUSDT,-1,-1.607,0,TIMEOUT,54,11,84,0,10,0.04,2.65,1.57,0.56,0.76,0.43,70,1,2,-1.15,-1,21,0.83
BTCUSDT,-1,1.9,1,TP,58,15,244,0,14,-0.53,0.91,0.35,1,0.4,0.12,287,0,0.96,0.33,-1,0,0.36
BTCUSDT,-1,1.9,1,TP,30,12,696,0,11,-0.75,5.03,2.3,0.67,0.41,0.37,5,1,0.49,-0.38,-1,17,0.46
BTCUSDT,-1,1.9,1,TP,31,7,848,0,6,-0.28,2.42,0.66,0.54,0.34,0.2,12,0,0.89,-0.16,-1,7,0.15
BTCUSDT,-1,-2.1,0,SL,21,4,1174,0,3,0.08,10.06,0.53,0.61,0.32,0.49,207,0,0.76,-0.48,-1,17,0.39
BTCUSDT,1,1.9,1,TP,20,11,210,0,10,0.18,1.72,0.62,0.42,0.46,0.19,141,0,1.25,-0.69,1,21,0.5
BTCUSDT,1,1.9,1,TP,49,1,130,0,0,-3.28,2.06,2,2,0.56,0.32,116,0,0.99,0,1,23,1.05
BTCUSDT,1,-1.294,0,TIMEOUT,244,13,532,0,12,-0.04,-0.19,1.21,1.32,0.49,0.32,209,0,0.68,0.35,1,4,0.69
BTCUSDT,1,1.9,1,TP,14,13,857,0,12,-0.5,5.32,4.13,2.21,0.28,0.25,232,1,0.8,-0.06,1,13,0.41
BTCUSDT,1,1.9,1,TP,42,1,240,0,0,-5.07,5.75,4.71,4.71,0.4,0.33,2,1,0.48,0,1,3,0.76
BTCUSDT,1,1.9,1,TP,252,3,640,0,2,-0.27,4.29,1.01,1.05,0.29,0.26,71,0,0.87,-0.25,1,7,0.22
BTCUSDT,1,1.9,1,TP,93,1,197,0,0,-3.73,4.68,3.42,3.42,0.15,0.15,4,1,0.22,0,1,13,0.26
BTCUSDT,-1,1.9,1,TP,114,3,114,0,2,0.05,6.98,0.68,0.44,0.48,0.43,198,0,1.06,-0.63,-1,22,0.24
BTCUSDT,-1,-1.592,0,TIMEOUT,55,7,390,0,6,-0.11,4.54,0.99,0.82,0.45,0.14,170,0,1.18,-0.32,-1,19,0.67
BTCUSDT,1,-2.1,0,SL,7,5,936,0,4,-1.1,21.62,1.74,1.59,0.52,0.19,460,0,0.82,0.12,1,13,0.79
BTCUSDT,1,-1.924,0,TIMEOUT,11,16,1214,0,15,1.24,-2.37,1.93,2.02,0.39,0.23,727,0,1.07,-0.45,1,11,0.85
BTCUSDT,1,1.9,1,TP,16,4,1320,0,3,1.31,-0.8,1.41,3.91,0.4,0.1,3,0,1.07,-1.13,1,13,0.86
BTCUSDT,1,-2.1,0,SL,48,2,1853,0,1,0.15,16.27,0.56,0.38,0.36,0.09,538,0,0.12,-0.23,1,2,0.32
BTCUSDT,1,-1.278,0,TIMEOUT,66,5,368,0,4,-0.05,1.2,2.12,1.03,0.22,0.14,113,0,0.52,-0.13,1,15,0.28
BTCUSDT,-1,-2.1,0,SL,9,7,212,0,6,0.11,-0.54,2.37,1.33,0.45,0.16,118,0,0.82,-0.57,-1,17,0.65
BTCUSDT,-1,1.9,1,TP,30,16,287,1,14,-0.02,1.05,1.31,0.62,0.39,0.43,22,2,0.57,0.43,-1,12,0.46
BTCUSDT,1,1.9,1,TP,157,15,208,0,14,0.26,8.15,1.41,0.5,0.34,0.34,209,0,1.03,-0.49,1,21,0.28
BTCUSDT,-1,1.9,1,TP,47,2,319,0,1,0.27,24.1,1.54,2.77,0.38,0.54,389,0,0.91,-0.52,-1,3,0.74
BTCUSDT,-1,1.9,1,TP,89,1,309,0,0,-3.1,44.6,2.54,2.54,0.29,0.56,1115,0,0.59,0,-1,16,0.49
BTCUSDT,1,1.9,1,TP,42,10,130,0,9,0.07,3.65,1.35,0.93,0.26,0.09,51,0,0.66,-0.13,1,23,0.27
BTCUSDT,1,1.9,1,TP,60,4,516,0,3,-0.09,1.11,2.16,0.55,0.21,0.13,11,0,0.46,-0.19,1,23,0.17
BTCUSDT,-1,-1.138,0,TIMEOUT,16,6,459,0,5,0.7,-1.4,1.88,1.97,0.17,0.17,118,0,0.46,-0.33,-1,11,0.26
BTCUSDT,-1,1.9,1,TP,11,1,541,0,0,-1.45,1.46,0.61,0.61,0.34,0.17,205,0,0.36,0,-1,7,0.31
BTCUSDT,1,-2.1,0,SL,71,4,462,0,3,0.76,0.56,2.07,1.83,0.33,0.15,21,0,0.92,-0.54,1,5,0.58
BTCUSDT,1,-2.1,0,SL,21,1,566,0,0,-4.83,4.13,4.43,4.43,1.06,0.14,128,0,0.42,0,1,7,1.9
BTCUSDT,-1,-1.398,0,TIMEOUT,48,7,188,0,6,-0.24,2.48,1.08,0.52,0.47,0.21,33,0,0.84,-0.58,-1,23,0.28
BTCUSDT,-1,-2.1,0,SL,73,9,85,0,8,-1.01,8.86,0.57,0.68,0.48,0.2,245,0,1.22,0.38,-1,19,0.51
BTCUSDT,-1,-0.848,0,TIMEOUT,116,10,198,0,9,0.01,2.49,0.63,0.77,0.42,0.33,31,0,0.92,-0.64,-1,23,0.35
BTCUSDT,-1,-1.604,0,TIMEOUT,68,2,356,0,1,-0.3,2.72,0.52,1.3,0.23,0.12,19,0,0.61,-0.21,-1,15,0.3
BTCUSDT,-1,-1.913,0,TIMEOUT,128,6,150,5,0,-1.8,0.06,1.19,1.19,0.29,0.14,120,0,0.46,0.16,-1,8,0.35
BTCUSDT,-1,1.9,1,TP,27,5,128,0,4,-0.21,1.93,1,7.14,0.34,0.15,72,0,0.87,-0.19,-1,7,1.12
BTCUSDT,1,1.9,1,TP,54,1,362,0,0,-2.51,4.29,2.52,2.52,0.07,0.07,56,0,0.22,0,1,10,0.09
BTCUSDT,1,-1.466,0,TIMEOUT,88,3,577,0,2,-0.32,1.05,0.57,0.55,0.37,0.16,118,0,1.04,-0.15,1,16,0.25
BTCUSDT,-1,-2.1,0,SL,21,3,91,0,2,-0.37,3.55,1.01,2.31,0.61,0.21,204,0,0.6,-0.42,-1,12,1.44
BTCUSDT,-1,1.9,1,TP,26,7,499,0,6,-0.9,10.67,1.56,0.8,0.72,0.06,234,0,1.62,-0.56,-1,18,0.86
BTCUSDT,1,1.9,1,TP,22,15,161,0,14,-0.09,9,1.45,1,0.43,0.81,157,0,0.94,0.49,1,12,0.56
BTCUSDT,1,-1.788,0,TIMEOUT,55,1,518,0,0,-1.43,4.03,1.25,1.25,0.29,0.23,135,0,0.93,0,1,5,0.22
BTCUSDT,-1,-0.952,0,TIMEOUT,36,19,4,5,13,-0.47,1.67,0.69,0.91,0.18,0.16,200,0,0.49,0.49,-1,12,0.19
BTCUSDT,1,1.9,1,TP,58,4,381,0,3,-0.44,0.38,4.77,1.27,0.27,0.18,1,0,0.8,-0.27,1,0,0.24
BTCUSDT,1,-0.912,0,TIMEOUT,149,11,708,0,10,-0.63,4.53,1.43,1.26,0.2,0.13,30,0,0.53,-0.1,1,10,0.29
BTCUSDT,1,-0.312,0,TIMEOUT,180,17,1010,0,16,-0.51,4.66,3.03,2.99,0.28,0.13,104,0,0.73,0.76,1,13,0.77
BTCUSDT,1,-0.76,0,TIMEOUT,148,7,629,0,6,-0.86,2.9,1.36,1.35,0.28,0.34,73,0,0.4,0.15,1,13,0.41
BTCUSDT,-1,-0.994,0,TIMEOUT,81,5,202,0,4,-0.48,0.74,0.5,0.65,0.17,0.2,147,0,0.22,-0.11,-1,11,0.12
BTCUSDT,1,1.9,1,TP,99,13,117,0,12,-0.51,2.52,1.46,0.43,0.36,0.04,106,0,0.62,0.28,1,19,0.28
BTCUSDT,-1,-1.254,0,TIMEOUT,80,13,105,0,12,-0.06,0.47,3.01,0.34,0.32,0.3,100,0,0.9,-0.17,-1,2,0.26
BTCUSDT,-1,1.9,1,TP,34,1,77,0,0,-1.1,2.53,0.44,0.44,0.34,0.15,18,0,0.65,0,-1,15,0.17
BTCUSDT,-1,-1.666,0,TIMEOUT,41,7,454,0,6,-0.52,1.45,1.09,2.04,0.27,0.15,80,0,0.33,-0.24,-1,13,0.57
BTCUSDT,1,-0.665,0,TIMEOUT,139,12,1,0,11,0.9,2.9,2.28,2.53,0.26,0.15,128,0,0.78,-0.54,1,2,0.48
BTCUSDT,1,1.9,1,TP,29,16,270,0,15,0.46,2.41,5.32,1.61,0.28,0.06,49,0,0.71,-0.16,1,13,0.57
BTCUSDT,-1,-0.842,0,TIMEOUT,45,6,231,0,5,0.67,-0.22,5.84,1.33,0.18,0.12,5,0,0.48,-0.43,-1,18,0.37
BTCUSDT,1,0.065,1,TIMEOUT,94,1,517,0,0,-2.21,24.88,4.06,4.06,0.05,0.21,416,0,0.15,0,1,8,0.09
BTCUSDT,1,1.9,1,TP,120,6,176,0,5,-2,0.95,0.79,2.54,0.14,0.09,8,0,0.3,0.31,1,13,0.37
BTCUSDT,1,-1.033,0,TIMEOUT,27,9,265,0,8,0.43,0.29,0.78,2.25,0.2,0.1,410,0,0.16,-0.27,1,17,0.33
BTCUSDT,-1,-1.564,0,TIMEOUT,21,9,7,0,8,1.25,0.26,1.08,1.49,0.33,0.05,8,0,0.86,-0.91,-1,2,0.62
BTCUSDT,-1,-1.642,0,TIMEOUT,57,10,85,0,9,-0.01,2.55,0.52,0.35,0.31,0.13,52,0,0.65,-0.25,-1,21,0.23
BTCUSDT,-1,1.9,1,TP,161,5,234,0,4,0,3.58,0.69,0.71,0.2,0.24,60,0,0.25,-0.28,-1,10,0.1
BTCUSDT,-1,1.9,1,TP,20,1,88,0,0,-2.77,2.54,1.43,1.43,0.3,0.15,103,0,0.47,0,-1,19,0.22
BTCUSDT,1,1.9,1,TP,114,1,183,0,0,-1.69,0.1,0.92,0.92,0.3,0.13,108,0,0.19,0,1,15,0.19
BTCUSDT,-1,1.9,1,TP,36,1,325,0,0,-2.57,3.24,4.48,4.48,0.16,0.07,22,1,0.21,0,-1,0,0.35
BTCUSDT,-1,1.9,1,TP,40,17,455,0,16,0.27,9.32,0.84,0.99,0.24,0.07,136,1,0.74,0.1,-1,8,0.3
BTCUSDT,1,-1.332,0,TIMEOUT,20,15,104,0,14,0.3,2.82,3.32,0.96,0.18,0.09,71,0,0.56,-0.29,1,10,0.33
BTCUSDT,1,1.9,1,TP,65,15,205,0,14,-0.04,0.58,4.64,0.71,0.18,0.09,172,0,0.32,-0.51,1,11,0.15
BTCUSDT,1,-0.913,0,TIMEOUT,9,9,669,0,8,0.77,1.19,0.8,2.23,0.22,0.1,5,0,0.28,-0.48,1,7,0.4
BTCUSDT,1,-0.596,0,TIMEOUT,83,1,804,0,0,-3.68,4.43,2.2,2.2,0.24,0.1,148,0,0.09,0,1,17,0.22
BTCUSDT,1,-0.568,0,TIMEOUT,115,11,951,0,10,0.23,1.31,1.64,1.26,0.24,0.18,3,1,0.61,-0.52,1,6,0.32
BTCUSDT,-1,1.9,1,TP,97,7,140,0,6,1.24,16.53,0.39,1.2,0.05,0.16,170,0,0.16,-0.09,-1,5,0.13
BTCUSDT,-1,1.9,1,TP,38,15,533,0,14,0,9.31,1.62,0.57,0.22,0.18,283,0,0.68,-0.08,-1,8,0.2
BTCUSDT,1,1.9,1,TP,42,9,193,0,8,0.01,6.64,0.6,0.99,0.25,0.09,170,0,0.59,-0.35,1,22,0.2
BTCUSDT,1,1.9,1,TP,31,3,724,0,2,0.44,1.93,0.48,0.98,0.19,0.12,80,0,0.61,-0.27,1,11,0.21
BTCUSDT,-1,-1.026,0,TIMEOUT,26,14,147,0,13,-0.17,4.73,1.2,0.33,0.21,0.19,26,0,0.67,-0.11,-1,6,0.12
BTCUSDT,-1,1.9,1,TP,81,12,198,0,11,0.18,4.84,1.09,0.25,0.38,0.19,79,0,0.85,-0.25,-1,19,0.24
BTCUSDT,1,-2.1,0,SL,16,16,9,0,15,0.09,5.89,4.47,0.61,0.59,0.17,17,0,1.69,-0.47,1,18,0.58
BTCUSDT,1,-2.1,0,SL,23,2,420,0,1,0.19,2.25,3.7,5.16,0.31,0.23,34,0,0.68,-0.99,1,14,1.24
BTCUSDT,-1,1.9,1,TP,75,5,338,0,4,-0.21,0.18,1.83,0.77,0.59,0.18,114,0,1.15,-0.92,-1,17,0.63
BTCUSDT,-1,-1.32,0,TIMEOUT,83,2,528,0,1,-0.2,2.38,0.84,0.51,0.27,0.18,22,0,0.53,-0.16,-1,17,0.24
BTCUSDT,-1,-2.1,0,SL,57,1,73,0,0,-4.54,3.53,3.02,3.02,0.51,0.28,90,0,0.43,0,-1,16,0.96
BTCUSDT,-1,1.9,1,TP,6,1,173,0,0,-2.29,5.36,1.21,1.21,0.56,0.26,32,0,1.21,0,-1,17,0.41
BTCUSDT,-1,1.9,1,TP,38,7,709,0,6,-0.16,7.44,3.37,1.03,0.41,0.29,226,0,1.25,-1.08,-1,7,0.47
BTCUSDT,-1,1.9,1,TP,4,1,841,0,0,-3.71,8.94,5.41,5.41,0.68,0.3,364,0,1.03,0,-1,16,1.7
BTCUSDT,1,1.9,1,TP,35,1,298,0,0,-4.4,4.06,2.48,2.48,0.51,0.27,2,0,0.84,0,1,17,0.53
BTCUSDT,1,-0.946,0,TIMEOUT,49,7,657,0,6,0.26,0.54,0.94,0.65,0.19,0.12,7,0,0.51,-0.13,1,11,0.18
BTCUSDT,1,-2.1,0,SL,94,1,132,0,0,-4.91,6.03,3.63,3.63,0.52,0.2,46,0,0.45,0,1,16,0.89
BTCUSDT,-1,1.9,1,TP,218,1,143,0,0,-4.09,0.87,2.75,2.75,0.45,0.21,334,0,0.19,0,-1,16,0.5
BTCUSDT,-1,1.9,1,TP,13,1,428,0,0,-5.21,8.41,5.16,5.16,0.47,0.21,619,0,0.89,0,-1,15,0.96
BTCUSDT,-1,-2.1,0,SL,59,4,648,0,3,0.15,0.22,0.35,0.73,0.5,0.41,12,1,0.73,-0.4,-1,22,0.53
BTCUSDT,-1,-2.1,0,SL,23,7,741,0,6,-0.74,2.89,1.07,0.58,0.73,0.32,28,0,0.76,-0.19,-1,21,0.73
BTCUSDT,-1,-2.1,0,SL,2,6,191,0,5,-0.21,1.63,1.53,0.57,0.25,0.14,65,0,0.38,-0.52,-1,1,0.16
BTCUSDT,1,1.9,1,TP,95,7,177,0,6,0.17,0.88,0.35,0.49,0.11,0.04,15,0,0.03,-0.05,1,3,0.09
BTCUSDT,1,1.9,1,TP,61,5,117,0,4,-0.22,0.29,2.15,0.48,0.14,0.13,3,0,0.12,-0.06,1,19,0.15
BTCUSDT,1,1.9,1,TP,88,3,57,0,2,0.23,-0.74,1.29,2.97,0.41,0.16,34,0,0.59,-0.7,1,17,0.82
BTCUSDT,-1,-2.1,0,SL,97,5,450,0,4,-0.3,0.03,1.11,0.7,0.41,0.12,113,0,0.71,-0.42,-1,17,0.47
BTCUSDT,-1,1.9,1,TP,93,7,642,0,6,-0.25,1.41,0.89,1.23,0.11,0.03,7,0,0.31,-0.04,-1,17,0.17
BTCUSDT,-1,1.9,1,TP,16,1,170,0,0,-1.29,3.61,0.5,0.5,0.29,0.17,16,0,0.87,0,-1,10,0.2
BTCUSDT,-1,1.9,1,TP,75,14,498,0,13,0.24,2.07,2.44,0.78,0.96,0.52,168,0,2.5,0.07,-1,20,1.73
BTCUSDT,1,1.9,1,TP,12,6,145,0,5,-0.39,1.67,1.27,3.57,0.48,0.25,40,0,1.31,-0.51,1,10,0.77
BTCUSDT,1,-2.1,0,SL,54,15,164,0,14,-0.34,6.25,3.83,0.6,0.72,0.43,4,0,2.08,-1.09,1,19,0.57
BTCUSDT,1,1.9,1,TP,6,1,308,0,0,-0.73,8.29,1.01,1.01,0.48,0.44,162,0,0.84,0,1,7,0.38
BTCUSDT,1,-1.457,0,TIMEOUT,28,2,159,0,1,-0.03,3.52,0.74,0.59,0.46,0.36,169,0,1.33,-0.12,1,21,0.45
BTCUSDT,1,1.9,1,TP,42,4,267,0,3,-2.68,2.18,3.17,5.45,0.38,0.26,40,0,1.08,0.83,1,0,1.05
BTCUSDT,1,1.9,1,TP,65,16,485,0,15,-0.02,4.19,4.35,0.84,0.22,0.08,15,0,0.59,-0.04,1,6,0.12
BTCUSDT,1,1.9,1,TP,37,3,133,0,2,-0.26,4.75,0.46,0.61,0.35,0.18,22,0,0.77,-0.11,1,2,0.22
BTCUSDT,-1,-1.71,0,TIMEOUT,19,5,334,0,4,0.86,-0.48,1.2,4.01,0.55,0.49,135,1,0.76,-0.86,-1,0,1.94
BTCUSDT,-1,-2.1,0,SL,17,8,418,0,7,0.17,1.35,0.46,1.58,0.35,0.45,9,0,0.24,-0.78,-1,21,0.34
BTCUSDT,1,-1.706,0,TIMEOUT,21,8,4,0,7,-0.18,0.46,0.4,0.94,0.38,0.45,37,0,1.11,-0.57,1,4,0.63
BTCUSDT,1,-2.03,0,TIMEOUT,110,8,77,0,7,-0.68,2.32,0.44,0.57,0.44,0.45,110,0,0.91,-0.13,1,22,0.43
BTCUSDT,-1,-0.682,0,TIMEOUT,37,8,286,0,7,0,0.18,0.98,0.55,0.14,0.3,170,0,0.12,-0.04,-1,8,0.13
BTCUSDT,1,1.9,1,TP,4,1,198,0,0,-2.98,2.79,3.47,3.47,0.5,0.14,148,0,0.82,0,1,22,0.96
BTCUSDT,1,1.9,1,TP,137,4,205,0,3,-0.12,5.26,0.46,1.11,0.37,0.16,193,0,1,-0.31,1,23,0.36
BTCUSDT,1,-0.567,0,TIMEOUT,84,15,476,0,14,-0.23,2.05,0.58,0.65,0.13,0.41,272,1,0.28,-0.06,1,9,0.12
BTCUSDT,-1,-1.885,0,TIMEOUT,122,11,175,0,10,-2.97,2.21,1.83,5.99,0.45,0.34,23,0,0.58,1.06,-1,18,1.8
BTCUSDT,1,-1.259,0,TIMEOUT,10,4,297,0,3,0.06,6.03,0.83,0.9,0.16,0.17,66,0,0.28,-0.08,1,10,0.25
BTCUSDT,-1,1.9,1,TP,126,7,563,0,6,-0.3,0.22,4.8,0.66,0.29,0.15,0,0,0.22,-0.5,-1,15,0.44
BTCUSDT,-1,1.9,1,TP,73,5,457,0,4,0.3,0.69,2.78,0.72,0.16,0.14,10,0,0.17,-0.3,-1,17,0.17
BTCUSDT,1,1.9,1,TP,61,1,285,0,0,-4.54,5.15,3.5,3.5,0.36,0.16,2,0,0.5,0,1,21,0.64
BTCUSDT,-1,1.9,1,TP,61,9,48,0,8,0.35,3.97,0.98,0.47,0.42,0.18,113,0,1.07,-0.83,-1,0,0.27
BTCUSDT,1,-1.419,0,TIMEOUT,45,11,144,0,10,-0.47,3.21,2.25,0.86,0.38,0.14,5,0,0.98,0.04,1,14,0.34
BTCUSDT,-1,1.9,1,TP,41,10,221,0,9,-0.52,1.92,16.71,0.65,0.92,0.28,36,0,1.47,-2.54,-1,16,1
BTCUSDT,-1,1.9,1,TP,26,2,662,0,1,-0.06,0.6,0.51,1.11,0.28,0.35,72,0,0.87,-0.21,-1,6,0.35
BTCUSDT,1,-1.725,0,TIMEOUT,48,1,461,0,0,-2.7,2.48,0.61,0.61,0.54,0.2,21,0,0.27,0,1,17,0.44
BTCUSDT,1,-1.49,0,TIMEOUT,37,6,564,0,5,0.65,-0.86,0.31,1.3,0.39,0.18,82,0,0.99,-0.87,1,18,0.74
BTCUSDT,1,1.9,1,TP,71,11,195,0,10,0.01,3.58,0.63,1.12,0.36,0.13,19,0,0.79,-0.31,1,18,0.25
BTCUSDT,-1,-1.535,0,TIMEOUT,38,7,192,4,2,-0.81,7.9,1.27,0.82,0.33,0.23,266,0,0.33,0.48,-1,1,0.31
ETHUSDT,1,1.9,1,TP,15,8,454,0,7,-0.51,5.14,1.37,1.65,0.73,0.29,298,0,2.07,-0.93,1,12,0.98
ETHUSDT,-1,1.9,1,TP,48,10,280,0,9,-0.09,0.07,0.55,0.59,0.39,0.16,119,0,0.7,-0.13,-1,21,0.15
ETHUSDT,1,-2.1,0,SL,25,7,648,0,6,0,1.66,0.97,0.42,0.78,0.45,107,0,1.64,-0.43,1,18,0.73
ETHUSDT,-1,-2.1,0,SL,4,6,197,0,5,0.43,5.12,4.7,1.78,0.98,0.35,222,0,2.28,-1.98,-1,12,2.07
ETHUSDT,1,-2.1,0,SL,28,5,441,0,4,-0.43,17.32,1.77,1.16,0.73,0.29,854,0,2.24,-0.57,1,2,0.78
ETHUSDT,1,1.9,1,TP,13,1,774,0,0,-3.79,5.22,3.48,3.48,0.84,0.43,4,1,1.14,0,1,13,1.43
ETHUSDT,1,1.9,1,TP,7,2,1349,0,1,0.06,2.1,1.9,1.42,1.84,1.89,42,0,5.29,-1.26,1,13,2.52
ETHUSDT,-1,1.9,1,TP,2,8,178,0,7,-0.09,2.27,2.06,1.09,2.14,1.02,44,0,6.27,-1.99,-1,2,1.92
ETHUSDT,1,1.9,1,TP,3,4,194,0,3,0.76,7.52,1.47,3.03,1.11,0.88,377,0,2.98,-2.16,1,12,3.22
ETHUSDT,1,1.9,1,TP,4,1,434,0,0,-1.5,3.32,2.08,2.08,0.8,0.38,139,0,2.15,0,1,0,1.17
ETHUSDT,1,-2.1,0,SL,8,12,349,0,11,-0.59,8.46,2.6,1.33,1.13,0.65,187,0,3.15,0.18,1,16,1.79
ETHUSDT,1,-2.1,0,SL,19,16,283,1,14,-0.03,-0.26,2.05,0.76,0.76,0.38,100,0,2.29,0.61,1,16,0.65
ETHUSDT,-1,-2.1,0,SL,46,7,158,0,6,-0.6,2.63,1.09,0.59,0.78,0.39,601,0,1.87,-0.4,-1,19,0.61
ETHUSDT,-1,1.9,1,TP,7,1,330,0,0,-2.01,1.21,1.21,1.21,1.05,2.48,240,0,3.05,0,-1,20,1.68
ETHUSDT,1,1.9,1,TP,6,1,167,0,0,-2.38,8.57,1.12,1.12,0.67,1.02,478,0,1.87,0,1,6,0.42
ETHUSDT,1,-2.1,0,SL,38,7,492,0,6,-0.11,23.5,2.44,0.93,0.82,0.87,1303,0,1.35,-0.89,1,22,0.98
ETHUSDT,1,1.9,1,TP,3,1,635,0,0,-4.34,5.29,5.3,5.3,0.65,0.52,85,0,0.41,0,1,10,1.41
ETHUSDT,-1,1.9,1,TP,1,1,341,0,0,-3.68,5.25,1.97,1.97,0.61,0.4,29,0,1.37,0,-1,19,0.86
ETHUSDT,1,1.9,1,TP,12,1,231,0,0,-4.66,4.74,4.1,4.1,0.45,0.16,146,0,1.22,0,1,9,0.76
ETHUSDT,1,1.9,1,TP,3,1,460,0,0,-2.48,1.85,2.15,2.15,0.61,0.33,42,0,1.8,0,1,18,1.25
ETHUSDT,1,1.9,1,TP,30,13,936,0,12,-0.34,0.87,3.9,1.37,0.64,0.94,76,1,1.85,-0.27,1,17,0.88
ETHUSDT,1,-2.1,0,SL,26,10,221,0,9,1.5,-2.63,2.05,3.23,0.58,0.3,48,0,1.45,-1.62,-1,9,1.73
ETHUSDT,1,1.9,1,TP,25,1,313,0,0,-3.08,2.22,4.23,4.23,0.66,0.29,92,0,1.31,0,1,8,1.3
ETHUSDT,-1,-2.1,0,SL,10,11,165,0,10,0.45,-2.24,1.84,0.83,1.28,1.49,112,0,3.62,-3.18,-1,18,1.35
ETHUSDT,1,-2.1,0,SL,14,5,1113,0,4,-0.43,3.66,0.95,0.7,0.74,0.39,170,0,2.22,-0.31,1,17,0.8
ETHUSDT,1,1.9,1,TP,22,1,1509,0,0,-2.12,19.69,1.12,1.12,0.85,0.34,570,0,2.67,0,1,20,0.65
ETHUSDT,-1,1.9,1,TP,17,9,200,0,8,0.01,4.01,0.76,0.9,1.17,1.01,239,0,1.85,-0.2,-1,11,1.38
ETHUSDT,-1,1.9,1,TP,4,1,543,0,0,-2.74,3.14,2.16,2.16,1.58,0.57,86,0,4.19,0,-1,1,1.9
ETHUSDT,-1,-2.1,0,SL,1,1,788,0,0,-1.91,12.33,2.45,2.45,2.77,0.73,331,0,5.69,0,-1,14,3.66
ETHUSDT,1,1.9,1,TP,3,4,126,0,3,-0.2,16.63,1.06,1.13,1.64,1.3,222,0,4.88,-1.43,1,0,2.69
ETHUSDT,1,1.9,1,TP,10,9,186,0,8,-0.26,1.29,1.82,0.88,0.8,0.53,99,0,2.51,-1.2,1,10,0.6
ETHUSDT,-1,1.9,1,TP,16,15,116,7,7,0.24,-1.33,1.04,1.14,1.13,0.51,104,0,2.73,-0.37,-1,15,1.17
ETHUSDT,-1,1.9,1,TP,13,1,256,0,0,-1.64,10.03,0.59,0.59,0.91,0.68,272,0,2.08,0,-1,16,0.82
ETHUSDT,-1,-2.1,0,SL,33,14,511,0,13,1.02,20.29,1.45,2.89,0.73,0.71,514,0,2.05,-1.16,1,8,1.58
ETHUSDT,1,1.9,1,TP,54,23,8,6,16,-0.11,2.66,4.12,1.71,0.86,0.37,0,0,2.41,2.45,1,0,1.55
ETHUSDT,-1,-2.1,0,SL,15,3,271,0,2,-1.08,14.84,0.85,1.99,0.92,0.57,318,0,2.77,0.11,-1,3,1.28
ETHUSDT,-1,1.9,1,TP,10,1,385,0,0,-2.43,2.39,1.55,1.55,0.8,0.41,68,0,0.83,0,-1,8,1.19
ETHUSDT,1,1.9,1,TP,7,1,269,0,0,-3.41,6.45,1.47,1.47,0.92,0.58,159,0,2.21,0,1,19,0.94
ETHUSDT,-1,-2.1,0,SL,7,4,229,0,3,-0.2,1.62,0.87,0.68,0.59,0.38,65,0,1.83,-0.34,-1,14,0.42
ETHUSDT,-1,1.9,1,TP,18,1,409,0,0,-1.96,1.89,0.79,0.79,0.46,0.38,248,0,1.23,0,-1,11,0.42
ETHUSDT,-1,-2.1,0,SL,37,3,699,0,2,-2.26,4.65,0.59,4.41,0.9,0.48,30,0,1.53,0.85,-1,12,2.63
ETHUSDT,1,1.9,1,TP,4,1,247,0,0,-3.2,8.27,2.18,2.18,0.61,0.52,138,0,1.62,0,1,22,1.17
ETHUSDT,1,1.9,1,TP,3,1,445,0,0,-3.34,7,3.41,3.41,0.68,0.35,178,0,1.85,0,1,0,0.94
ETHUSDT,1,1.9,1,TP,2,6,596,0,5,1.07,5.61,2.89,4.36,0.97,0.34,324,0,0.58,-2.82,1,14,2.9
ETHUSDT,1,1.9,1,TP,21,1,912,0,0,-3.67,5.13,1.61,1.61,0.62,0.32,7,0,1.59,0,1,21,0.78
ETHUSDT,1,-2.1,0,SL,34,4,1184,0,3,-0.1,12.95,1.25,1.02,0.8,0.3,276,0,2.34,-1.34,1,17,1.2
ETHUSDT,1,1.9,1,TP,7,1,96,0,0,-0.99,1.56,1.42,1.42,1.49,0.5,28,0,1.86,0,1,15,2.49
ETHUSDT,1,1.9,1,TP,1,14,472,0,13,-0.25,0.35,1.7,1.32,0.93,0.3,150,0,2.59,-0.09,1,13,1.75
ETHUSDT,1,1.9,1,TP,5,1,233,0,0,-1.99,4.57,0.96,0.96,0.65,0.37,39,0,0.33,0,1,21,0.54
ETHUSDT,-1,1.9,1,TP,2,1,44,0,0,-2.72,4.41,3.22,3.22,0.88,0.51,97,0,2.4,0,-1,20,1.75
ETHUSDT,1,1.9,1,TP,29,7,299,6,0,-3.08,0.29,2.78,2.78,0.54,0.31,160,0,0.51,1.14,1,2,0.87
ETHUSDT,-1,1.9,1,TP,26,1,142,0,0,-2.65,4.41,2.61,2.61,0.61,0.56,10,1,1.8,0,-1,5,0.68
ETHUSDT,1,1.9,1,TP,9,1,279,0,0,-3.9,5.34,1.43,1.43,0.51,0.27,5,0,0.21,0,1,16,0.38
ETHUSDT,1,1.9,1,TP,4,9,349,0,8,-0.84,6.33,1.1,1.08,0.71,0.26,67,0,2.08,-1.14,1,10,0.68
ETHUSDT,1,-1.814,0,TIMEOUT,165,3,847,0,2,0.21,5.36,0.52,1.44,0.48,0.56,214,0,1.39,-0.29,1,14,0.77
ETHUSDT,-1,1.9,1,TP,11,9,290,0,8,0.33,3.3,2.76,0.7,0.81,0.46,146,0,2.37,-1.29,-1,10,0.91
ETHUSDT,-1,1.9,1,TP,54,9,99,0,8,-0.01,10.64,1.2,0.71,0.58,0.28,241,0,1.66,-1.08,-1,22,0.53
ETHUSDT,1,1.9,1,TP,29,7,513,0,6,-0.67,1.63,0.91,0.64,0.52,0.47,167,0,1.57,0.08,1,13,0.55
ETHUSDT,1,-2.1,0,SL,47,1,611,0,0,-3.47,1.58,1.97,1.97,1.07,0.29,54,0,0.81,0,1,13,1.53
ETHUSDT,-1,1.9,1,TP,23,9,118,0,8,0.04,3.22,0.95,1.32,0.66,0.42,272,0,1.16,0.22,-1,4,0.74
ETHUSDT,1,-2.1,0,SL,27,9,391,0,8,0.64,-1.07,0.68,1.12,0.55,0.33,42,0,0.45,-1.31,1,3,0.75
ETHUSDT,-1,-2.1,0,SL,31,13,181,3,9,0.04,-0.21,0.67,0.54,0.69,0.35,93,0,0.55,0.43,-1,16,0.52
ETHUSDT,1,1.9,1,TP,41,11,2,0,10,-0.12,5.59,1.11,1.1,0.4,0.34,143,0,1.27,-0.16,1,5,0.48
ETHUSDT,1,1.9,1,TP,87,3,342,0,2,-0.11,-0.66,0.68,0.81,0.55,0.3,1,0,0.39,-0.83,1,11,0.57
ETHUSDT,1,-2.1,0,SL,7,10,330,0,9,0.06,11.46,0.41,0.57,0.48,0.39,663,0,1.44,-0.57,1,18,0.61
ETHUSDT,-1,1.9,1,TP,14,17,264,0,16,-0.56,1.98,1.13,0.44,1.05,0.45,112,0,2.96,1.94,-1,18,0.77
ETHUSDT,1,1.9,1,TP,10,1,147,0,0,-2.85,0.76,2.73,2.73,0.51,0.44,138,0,1.35,0,1,10,0.68
ETHUSDT,1,-2.1,0,SL,5,3,433,1,1,-0.19,-0.84,3.85,3.45,0.52,0.93,138,1,1.26,-0.16,1,13,1.24
ETHUSDT,-1,-2.1,0,SL,17,15,260,0,14,0.17,4.08,8.29,1.11,1.11,0.57,72,0,2.48,0.86,-1,11,1.63
ETHUSDT,1,1.9,1,TP,26,4,166,0,3,-0.31,1.34,0.51,0.27,0.7,0.38,25,0,1.64,-0.45,1,17,0.28
ETHUSDT,-1,1.9,1,TP,9,17,330,0,16,0.75,-2.11,1.27,1.84,0.58,0.42,35,1,1.56,-1.75,-1,5,1.04
ETHUSDT,-1,-2.1,0,SL,2,12,572,0,11,0.37,8.1,1.43,0.77,0.76,0.45,231,0,2.18,-1.24,-1,18,0.8
ETHUSDT,-1,1.9,1,TP,39,4,217,0,3,0.06,0.68,3.07,1.27,0.59,0.22,97,0,0.98,-0.66,-1,20,0.68
ETHUSDT,1,-2.1,0,SL,115,1,227,0,0,-5.02,4.15,3.11,3.11,0.54,0.37,233,0,0.77,0,1,18,1.03
ETHUSDT,1,-2.1,0,SL,21,5,436,0,4,0.42,2.46,0.9,1.39,0.39,0.12,62,0,1.05,-1.05,1,22,0.46
ETHUSDT,1,-1.845,0,TIMEOUT,35,10,603,0,9,-0.02,2.76,0.75,1.29,0.31,0.12,224,0,0.78,-0.15,1,16,0.34
ETHUSDT,-1,-2.1,0,SL,31,11,358,0,10,-0.15,0.91,1.09,1.5,0.62,0.9,175,0,1.69,0.21,-1,21,1.1
ETHUSDT,1,-2.1,0,SL,122,1,148,0,0,-3.05,5.11,1.93,1.93,0.41,0.34,252,0,0.51,0,1,11,0.57
ETHUSDT,-1,1.9,1,TP,4,1,445,0,0,-2.84,3.95,2.02,2.02,0.52,0.15,31,0,1.23,0,-1,12,0.87
ETHUSDT,-1,-2.1,0,SL,9,16,275,0,15,0.01,7.38,0.52,0.77,0.92,0.82,150,0,2.71,0.67,-1,20,0.65
ETHUSDT,1,1.9,1,TP,5,1,212,0,0,-2.88,8.76,1.26,1.26,0.78,0.88,738,0,1.23,0,1,15,0.74
ETHUSDT,1,1.9,1,TP,15,11,509,0,10,-0.4,7.35,1.36,1.17,0.67,0.38,376,0,1.94,-0.14,1,15,0.47
ETHUSDT,1,-2.1,0,SL,4,5,594,0,4,-0.2,0.32,2.54,0.86,0.56,0.28,35,0,1.59,-0.97,1,12,0.54
ETHUSDT,1,-2.1,0,SL,25,6,164,0,5,-0.51,2.42,0.34,0.63,0.57,0.5,6,0,1.29,-0.61,1,21,0.51
ETHUSDT,-1,-2.1,0,SL,1,9,368,0,8,-0.35,4.2,1.82,1.98,0.95,0.33,176,0,2.21,-0.67,-1,14,1.93
ETHUSDT,-1,1.9,1,TP,15,8,596,7,0,-2.29,1.85,2.14,2.14,0.83,0.62,0,0,0.75,1.8,-1,23,2.08
ETHUSDT,1,1.9,1,TP,7,9,218,0,8,1.89,0.87,1.17,3.62,0.81,0.89,147,0,2.02,-2.38,1,13,2.24
ETHUSDT,-1,1.9,1,TP,44,10,245,0,9,-0.39,4.86,5.41,0.78,0.44,0.41,156,0,1.29,-0.52,-1,12,0.47
ETHUSDT,-1,-2.1,0,SL,18,11,380,0,10,-0.11,5.45,3.16,0.65,0.89,0.21,110,0,2.04,-1.53,-1,22,1.09
ETHUSDT,-1,-2.1,0,SL,80,7,150,0,6,0.02,2.06,0.38,2.46,0.64,0.33,120,0,1.79,-0.23,-1,21,1.33
ETHUSDT,-1,-2.1,0,SL,5,9,440,5,3,-0.5,-0.51,0.71,0.34,0.48,0.36,67,0,1.29,0.06,-1,21,0.42
ETHUSDT,1,1.9,1,TP,27,6,147,0,5,-0.1,1.29,2.18,0.85,0.53,0.32,60,0,1.35,-0.61,1,17,0.58
ETHUSDT,1,1.9,1,TP,68,6,476,0,5,0.65,2.03,2.4,1.83,0.29,0.16,25,0,0.83,-0.54,1,3,0.41
ETHUSDT,1,-2.1,0,SL,39,3,332,0,2,-0.23,1.96,0.29,0.51,0.33,0.32,72,1,1.07,-0.15,1,4,0.21
ETHUSDT,-1,-1.276,0,TIMEOUT,101,6,288,0,5,0.23,0.1,0.71,0.83,0.58,0.25,146,0,1.63,-1.19,-1,0,0.48
ETHUSDT,-1,1.9,1,TP,15,1,473,0,0,-2.87,0.29,2.41,2.41,0.44,0.14,118,0,0.13,0,-1,23,0.65
ETHUSDT,-1,1.9,1,TP,17,1,308,0,0,-2.48,2.13,2.14,2.14,0.5,0.1,109,0,0.34,0,-1,0,0.59
ETHUSDT,1,-2.1,0,SL,7,14,253,0,13,-0.44,3.54,1.37,0.39,0.43,0.16,115,0,1.28,-0.05,1,15,0.35
ETHUSDT,-1,1.9,1,TP,14,11,274,0,10,-0.36,1.48,2.57,1.12,0.56,0.25,108,0,0.74,-0.19,-1,13,0.82
ETHUSDT,-1,-2.1,0,SL,36,2,561,0,1,0.18,1.41,0.75,1.66,0.46,0.46,12,1,0.24,-0.77,-1,13,0.99
ETHUSDT,1,-1.698,0,TIMEOUT,70,5,1,0,4,0.22,1.82,0.39,0.76,0.47,0.48,39,0,1.49,-0.72,1,0,0.46
ETHUSDT,1,1.9,1,TP,25,15,146,0,14,-0.63,2.69,1.29,0.92,0.47,0.48,174,0,0.86,0.78,1,12,0.42
ETHUSDT,-1,1.9,1,TP,1,3,568,0,2,0.07,0.67,2.3,2.55,2.73,0.64,191,0,3.4,-4.53,-1,13,5.22
ETHUSDT,1,-2.1,0,SL,20,10,141,0,9,-0.51,11.14,1.08,1.11,0.53,1.41,458,0,0.99,0.09,1,10,0.34
ETHUSDT,-1,-1.547,0,TIMEOUT,151,17,208,0,16,0.36,0.08,1.05,0.89,0.76,0.58,178,0,2.19,-0.15,-1,19,1.19
ETHUSDT,-1,1.9,1,TP,55,9,113,0,8,1.32,-2.32,2.08,4.32,0.59,0.5,246,0,1.48,-1.52,1,13,1.78
ETHUSDT,-1,1.9,1,TP,45,3,284,0,2,-0.36,0.64,0.82,1.15,0.61,0.21,3,0,0.98,-0.35,-1,1,0.89
ETHUSDT,-1,1.9,1,TP,6,15,583,0,14,-0.31,5.05,1.41,1.29,1.89,0.88,21,0,5.09,4.03,-1,4,3.03
ETHUSDT,-1,1.9,1,TP,5,9,904,1,7,-0.27,-1.45,1.77,1.43,1.53,1.47,72,0,4.4,-1.89,-1,12,2.86
ETHUSDT,-1,1.9,1,TP,4,1,46,0,0,-1.99,1.78,0.8,0.8,0.78,0.42,77,0,1.42,0,-1,17,0.69
ETHUSDT,-1,-2.1,0,SL,25,6,403,0,5,0.37,3.86,3.55,1.63,0.63,0.17,38,0,1.85,-1.24,-1,10,1.08
ETHUSDT,-1,-2.1,0,SL,4,13,588,0,12,-0.7,0.84,0.5,0.72,0.38,0.17,12,2,1.13,0.33,-1,8,0.33
ETHUSDT,1,1.9,1,TP,2,14,5,0,13,0.05,4.11,2.09,0.64,0.7,0.17,18,0,1.98,1.1,1,14,0.86
ETHUSDT,1,-2.1,0,SL,14,10,132,0,9,-0.15,7.71,2.02,0.55,0.96,0.16,149,0,1.85,-2.14,1,22,0.93
ETHUSDT,1,1.9,1,TP,4,1,53,0,0,-2.51,5.83,1.07,1.07,1.01,0.29,219,0,1.96,0,1,16,0.99
ETHUSDT,1,1.9,1,TP,2,1,238,0,0,-1.99,1.2,1.3,1.3,0.64,0.24,42,0,1.81,0,1,14,0.69
ETHUSDT,1,1.9,1,TP,33,10,749,0,9,-0.14,1,1.75,1.1,0.96,0.6,96,0,2.87,-1.19,1,22,0.76
ETHUSDT,-1,1.9,1,TP,26,6,243,0,5,-0.19,8.62,0.72,0.37,0.53,0.52,348,1,1.36,-0.39,-1,10,0.23
ETHUSDT,1,1.9,1,TP,55,8,219,0,7,-0.25,3.71,1.35,0.7,0.37,0.12,21,0,0.73,-0.29,1,18,0.34
ETHUSDT,1,-2.1,0,SL,3,10,446,0,9,-0.06,-1.97,2.08,0.61,0.65,0.21,62,0,0.46,-1.7,1,5,0.63
ETHUSDT,-1,1.9,1,TP,64,16,6,0,15,-0.68,7,0.71,0.66,0.71,0.22,79,0,2.16,0.43,-1,11,0.56
ETHUSDT,-1,1.9,1,TP,4,3,204,0,2,-0.35,9.76,0.65,2.42,0.65,0.22,290,0,1.22,-0.36,-1,12,1.65
ETHUSDT,-1,-2.1,0,SL,53,10,675,0,9,0.18,2.88,5.45,0.79,0.88,0.36,45,0,2.56,-2.1,-1,10,0.9
ETHUSDT,1,-2.1,0,SL,8,17,147,0,16,0,7.06,1.21,1.38,0.76,0.75,29,0,2.12,0.4,1,6,0.9
ETHUSDT,1,1.9,1,TP,29,4,335,0,3,0.08,0.94,0.48,0.74,0.57,0.34,6,0,1.79,-0.54,1,5,0.31
ETHUSDT,1,1.9,1,TP,59,5,604,2,2,0.06,-1.29,5.88,1.09,0.48,0.49,211,1,0.5,-0.41,1,0,0.35
ETHUSDT,-1,1.9,1,TP,13,6,479,0,5,-0.16,2.48,0.33,0.88,0.44,0.19,34,0,1.3,-0.24,-1,12,0.37
ETHUSDT,-1,-2.1,0,SL,67,4,719,0,3,0.21,1.26,1.22,0.96,0.75,0.41,43,0,1.88,-0.38,-1,0,0.62
ETHUSDT,-1,-2.1,0,SL,24,17,820,0,16,-0.25,4,0.93,0.47,1.04,0.6,4,0,3.38,-1.96,-1,2,0.49
ETHUSDT,-1,1.9,1,TP,3,8,960,0,7,0.55,-0.4,1.7,1.29,0.74,0.58,153,0,1.09,-1.45,-1,13,1.25
ETHUSDT,-1,1.9,1,TP,4,9,1164,0,8,0.55,1.06,1.58,1,0.45,0.21,107,0,0.34,-0.96,-1,16,0.7
ETHUSDT,-1,1.9,1,TP,62,9,355,0,8,-0.09,2.4,1.99,1.11,0.37,0.58,161,1,0.84,-0.37,-1,18,0.51
ETHUSDT,1,1.9,1,TP,18,5,146,0,4,-0.01,0.44,0.47,0.47,0.49,0.13,31,0,0.61,-0.55,1,20,0.4
ETHUSDT,-1,1.9,1,TP,48,6,255,0,5,-0.12,0.66,1.73,0.96,0.35,0.17,89,0,0.79,-0.47,-1,10,0.23
ETHUSDT,-1,1.9,1,TP,19,3,525,0,2,0.22,2.15,2.31,1.35,0.24,0.44,66,0,0.72,-0.32,-1,5,0.34
ETHUSDT,1,1.9,1,TP,32,10,587,0,9,-0.41,4.96,0.5,0.46,0.65,0.7,18,0,1.99,-0.81,1,19,0.4
ETHUSDT,-1,1.9,1,TP,39,17,617,0,16,0.25,7.35,1.7,1.13,0.73,1.1,247,0,1.84,0.35,-1,11,1.23
ETHUSDT,-1,1.9,1,TP,19,1,897,0,0,-2.4,5.57,1.11,1.11,0.6,0.46,79,0,0.47,0,-1,9,0.86
ETHUSDT,-1,1.9,1,TP,4,1,1286,0,0,-4.4,6.13,5.98,5.98,0.35,0.16,8,0,0.34,0,-1,10,1.54
ETHUSDT,1,1.9,1,TP,13,8,237,0,7,-0.07,1.31,3.75,0.88,0.35,0.23,25,0,1.08,-0.57,1,22,0.41
ETHUSDT,1,-2.1,0,SL,35,16,349,0,15,-0.34,-0.88,0.98,1.72,0.4,0.45,124,0,0.94,0.22,1,0,0.61
ETHUSDT,-1,-1.549,0,TIMEOUT,128,1,137,0,0,-3.98,5.56,3.86,3.86,0.47,0.15,16,0,1.04,0,-1,7,0.53
ETHUSDT,1,-0.82,0,TIMEOUT,118,5,184,2,2,-0.1,-0.6,0.48,0.41,0.25,0.1,92,0,0.57,-0.07,1,17,0.18
ETHUSDT,-1,-2.1,0,SL,27,4,427,0,3,-0.77,1.18,0.76,0.7,0.41,0.17,100,0,1,-0.08,-1,19,0.46
ETHUSDT,-1,1.9,1,TP,47,2,169,0,1,-0.34,0.49,2.39,2.89,0.3,0.13,2,0,0.23,-0.27,-1,15,0.54
ETHUSDT,-1,-0.935,0,TIMEOUT,102,6,446,2,3,0.26,-0.44,0.46,1.83,0.19,0.26,106,1,0.55,0.03,-1,12,0.34
ETHUSDT,-1,-0.622,0,TIMEOUT,54,4,609,0,3,-0.01,0.46,0.56,0.57,0.15,0.15,126,0,0.3,-0.19,-1,5,0.11
ETHUSDT,1,1.9,1,TP,5,1,165,0,0,-2.48,7.19,1.08,1.08,0.26,0.08,171,0,0.46,0,1,1,0.21
ETHUSDT,1,1.9,1,TP,200,16,434,0,15,-0.16,15.33,0.53,0.57,0.33,0.08,425,0,0.98,0.14,1,21,0.15
ETHUSDT,1,-2.1,0,SL,65,7,170,4,2,0.16,-1.73,0.93,2.59,0.53,0.26,123,0,0.6,-0.33,1,20,1.05
ETHUSDT,1,1.9,1,TP,41,4,290,0,3,-0.56,0.79,3.13,0.83,0.58,0.24,52,0,0.37,0.22,1,2,0.72
ETHUSDT,1,-1.31,0,TIMEOUT,81,14,264,0,13,-0.65,1.99,14.64,0.83,0.34,0.38,0,0,0.99,-0.29,1,16,0.46
ETHUSDT,-1,1.9,1,TP,34,12,341,0,11,-0.13,0.75,7.87,1.71,0.47,0.25,202,0,0.98,-1.06,-1,0,0.79
ETHUSDT,1,1.9,1,TP,170,10,301,0,9,0.51,3.56,0.57,0.91,0.6,0.24,50,0,1.47,-0.6,1,21,0.86
ETHUSDT,1,-2.1,0,SL,81,8,552,0,7,-0.23,1.14,1.32,0.81,0.41,0.11,208,0,1.02,-0.21,1,12,0.35
ETHUSDT,-1,1.9,1,TP,64,3,197,0,2,-0.13,2.71,0.92,0.51,0.37,0.21,47,0,0.58,-0.09,-1,23,0.2
ETHUSDT,1,-2.1,0,SL,132,1,222,0,0,-4.25,8.03,4.46,4.46,0.43,0.15,382,0,0.45,0,1,4,1.22
ETHUSDT,-1,1.9,1,TP,127,2,435,0,1,-0.56,0.48,18.05,6.48,0.52,0.2,0,0,0.63,-1.02,-1,15,2.12
ETHUSDT,1,-2.1,0,SL,14,14,230,0,13,0.1,1.85,2.11,0.84,0.68,0.26,8,0,1.84,-0.33,1,20,0.61
ETHUSDT,1,-2.1,0,SL,117,1,392,0,0,-4.5,2.53,6.04,6.04,0.56,0.43,93,1,0.59,0,1,12,1.23
ETHUSDT,1,-1.163,0,TIMEOUT,62,16,11,0,15,0.54,3.93,8.95,1.6,0.7,0.33,1,0,1.84,-1.58,1,18,1.41
ETHUSDT,-1,1.9,1,TP,2,1,271,0,0,-1.98,1.87,2.09,2.09,0.45,0.13,21,0,0.32,0,-1,14,0.59
ETHUSDT,1,-1.023,0,TIMEOUT,178,14,260,0,13,-0.46,2.92,4.61,0.65,0.48,0.5,3,1,1.37,0.4,1,16,0.53
ETHUSDT,-1,-0.172,0,TIMEOUT,87,15,142,0,14,-0.17,3.19,0.52,1.74,0.18,0.15,7,0,0.52,0,-1,23,0.37
ETHUSDT,1,-2.1,0,SL,20,5,379,0,4,-0.34,0.7,6.86,3.16,0.5,0.13,1,0,0.89,-0.83,1,20,1.06
ETHUSDT,1,-2.1,0,SL,19,22,544,6,15,-0.64,0.76,1.57,0.71,0.29,0.19,155,0,0.76,0.47,1,13,0.26
ETHUSDT,-1,-2.1,0,SL,13,6,437,0,5,0.17,-0.26,0.43,0.8,0.37,0.2,119,0,1.09,-0.32,-1,21,0.48
ETHUSDT,1,-2.1,0,SL,69,3,141,0,2,-0.02,-0.24,0.36,0.34,0.49,0.16,132,0,0.39,-0.3,1,21,0.26
ETHUSDT,1,-0.734,0,TIMEOUT,123,5,309,0,4,0.05,1.4,1.2,2.11,0.25,0.13,6,0,0.46,-0.27,1,15,0.49
ETHUSDT,1,1.9,1,TP,33,9,128,0,8,-0.46,3.4,0.43,0.63,0.24,0.18,7,0,0.76,-0.21,1,5,0.19
ETHUSDT,-1,1.9,1,TP,56,12,152,0,11,-0.86,4.26,1.06,1.11,0.53,0.53,6,0,1.49,0.69,-1,4,0.55
ETHUSDT,-1,1.9,1,TP,52,3,404,0,2,-0.07,1.98,0.38,2.11,0.68,0.16,6,0,0.23,-0.59,-1,19,1.72
ETHUSDT,-1,-1.218,0,TIMEOUT,89,9,110,0,8,0.11,1.17,4.07,1.16,0.41,0.2,0,0,0.77,-0.2,-1,19,0.59
ETHUSDT,-1,-0.46,0,TIMEOUT,74,8,395,0,7,-0.61,1.86,1,0.42,0.19,0.08,6,0,0.14,0.07,-1,18,0.15
ETHUSDT,1,-1.252,0,TIMEOUT,54,8,164,0,7,-0.22,2.57,1.28,0.77,0.12,0.37,56,1,0.38,-0.17,1,11,0.13
ETHUSDT,-1,1.9,1,TP,90,4,103,0,3,0.03,0.44,0.29,0.4,0.18,0.2,11,0,0.57,-0.06,-1,5,0.12
ETHUSDT,-1,1.9,1,TP,254,3,386,0,2,-0.23,0.67,0.6,0.7,0.38,0.26,7,1,0.85,-0.21,-1,4,0.29
ETHUSDT,1,-1.135,0,TIMEOUT,19,6,187,0,5,0,0.94,1.07,1,0.23,0.22,102,0,0.64,-0.26,1,18,0.36
ETHUSDT,1,1.9,1,TP,65,5,313,0,4,-0.03,2.85,0.79,1.6,0.35,0.11,32,0,0.43,-0.1,1,1,0.32
ETHUSDT,1,-2.1,0,SL,85,10,669,0,9,-0.09,2.31,2.95,0.63,0.62,0.21,57,0,1.02,-0.05,1,18,0.49
ETHUSDT,1,-1.212,0,TIMEOUT,39,13,817,4,8,-0.53,-0.2,1.23,0.64,0.39,0.33,136,0,0.94,0.21,1,7,0.33
ETHUSDT,-1,1.9,1,TP,55,10,128,0,9,-0.07,-0.04,0.55,0.49,0.29,0.17,2,0,0.66,-0.22,-1,5,0.23
ETHUSDT,1,-2.1,0,SL,180,1,40,0,0,-1.87,1.22,0.47,0.47,0.83,0.28,19,0,1.13,0,1,18,0.59
ETHUSDT,1,1.9,1,TP,36,1,252,0,0,-0.99,1.74,0.75,0.75,0.55,0.1,46,0,0.66,0,1,23,0.47
ETHUSDT,-1,1.9,1,TP,5,1,100,0,0,-1.96,4.01,0.46,0.46,0.42,0.22,6,0,0.26,0,-1,13,0.22
ETHUSDT,-1,-1.649,0,TIMEOUT,46,4,459,0,3,0.04,2.51,1.45,1.3,0.2,0.07,72,0,0.45,-0.22,-1,7,0.23
ETHUSDT,1,-0.974,0,TIMEOUT,50,7,126,0,6,-0.11,0.87,1.21,0.69,0.2,0.1,3,0,0.57,-0.13,1,8,0.1
ETHUSDT,1,1.9,1,TP,12,4,238,0,3,-0.98,2.9,0.77,2.81,0.16,0.11,11,0,0.38,-0.04,1,12,0.39
ETHUSDT,-1,1.9,1,TP,222,1,558,0,0,-2.64,0.47,0.85,0.85,0.34,0.71,75,1,0.35,0,-1,15,0.28
ETHUSDT,-1,1.9,1,TP,10,14,908,0,13,0.48,2.53,2.31,0.97,0.18,0.1,115,0,0.41,-0.39,-1,7,0.36
ETHUSDT,1,-0.7,0,TIMEOUT,203,12,132,0,11,0.31,-1.46,3.7,1.44,0.19,0.14,122,0,0.52,-0.32,1,17,0.35
ETHUSDT,-1,-0.804,0,TIMEOUT,203,13,209,0,12,-0.19,1.07,7.29,0.38,0.21,0.17,33,0,0.52,-0.42,-1,23,0.07
ETHUSDT,-1,-0.71,0,TIMEOUT,70,11,474,0,10,0.47,1.06,4.07,1.45,0.36,0.01,75,0,0.49,-0.19,-1,18,0.67
ETHUSDT,-1,1.9,1,TP,91,8,646,0,7,0.11,0.43,0.61,0.56,0.32,0.46,2,1,0.75,-0.49,-1,17,0.18
ETHUSDT,-1,-0.751,0,TIMEOUT,69,1,312,0,0,-1.59,2.03,0.47,0.47,0.18,0.22,6,1,0.28,0,-1,7,0.11
ETHUSDT,-1,-0.608,0,TIMEOUT,6,3,430,0,2,0.12,1.88,1.36,0.86,0.17,0.17,67,0,0.5,-0.24,-1,12,0.2
ETHUSDT,-1,-0.16,0,TIMEOUT,78,5,384,0,4,0.76,-0.13,0.92,0.7,0.24,0.13,94,1,0.47,-0.33,-1,17,0.43
ETHUSDT,-1,-2.1,0,SL,1,6,578,0,5,0.05,-0.5,0.72,1.19,0.3,0.21,9,3,0.43,-0.16,-1,17,0.4
ETHUSDT,1,-1.632,0,TIMEOUT,106,1,323,0,0,-3.95,5.37,4.31,4.31,0.3,0.11,7,0,0.69,0,1,22,0.58
ETHUSDT,1,-1.258,0,TIMEOUT,48,14,576,0,13,-0.32,4.97,2.14,0.72,0.37,0.28,41,0,0.65,0.32,1,14,0.43
ETHUSDT,1,1.9,1,TP,33,1,81,0,0,-2.27,7.48,1.89,1.89,0.22,0.09,111,0,0.67,0,1,7,0.34
ETHUSDT,-1,1.9,1,TP,145,4,486,0,3,-0.08,2.95,0.68,0.59,0.13,0.17,21,1,0.11,-0.05,-1,21,0.1
ETHUSDT,1,1.9,1,TP,6,2,565,0,1,0.4,25.27,0.63,1.02,0.35,0.19,316,0,1.1,-0.27,1,5,0.37
ETHUSDT,1,1.9,1,TP,77,3,886,0,2,0.01,-0.25,0.99,1.13,0.22,0.11,106,0,0.39,-0.22,1,14,0.32
ETHUSDT,1,1.9,1,TP,51,1,395,0,0,-1.13,9.89,0.65,0.65,0.38,0.21,462,0,0.84,0,1,1,0.21
ETHUSDT,1,-2.1,0,SL,29,5,841,0,4,0.1,-0.25,2.05,1.07,0.71,0.35,251,0,0.75,-1.56,1,17,0.71
ETHUSDT,1,1.9,1,TP,25,1,230,0,0,-1.98,0.3,0.73,0.73,0.33,0.25,79,0,0.23,0,1,9,0.23
ETHUSDT,1,1.9,1,TP,163,1,159,0,0,-3.98,10.43,10.17,10.17,0.29,0.24,311,0,0.5,0,1,1,1.09
ETHUSDT,1,-2.1,0,SL,108,9,617,0,8,-0.68,9.56,3.73,0.91,0.77,0.1,287,0,1.51,-0.84,1,19,0.66
ETHUSDT,1,1.9,1,TP,23,1,792,0,0,-4.88,5.12,4.47,4.47,0.51,0.05,30,0,0.8,0,1,15,0.77
ETHUSDT,-1,-2.1,0,SL,35,2,124,0,1,-0.36,2.67,0.87,0.66,0.42,0.3,25,0,0.52,0.16,-1,2,0.36
ETHUSDT,1,1.9,1,TP,66,12,7,0,11,0.77,1.23,1.31,2.15,0.48,0.3,63,0,1.29,-0.37,1,14,0.95
ETHUSDT,1,-1.392,0,TIMEOUT,69,10,257,0,9,0.54,10.56,2.91,1.18,0.35,0.29,315,0,0.99,-0.79,1,4,0.46
ETHUSDT,-1,-1.077,0,TIMEOUT,23,10,220,0,9,-0.05,0.92,1.67,0.57,0.3,0.48,22,1,0.93,-0.42,-1,6,0.32
ETHUSDT,-1,-2.1,0,SL,22,4,212,0,3,-0.09,1.85,1.4,0.98,0.52,0.38,31,1,1.47,-0.79,-1,17,0.67
ETHUSDT,1,1.9,1,TP,27,13,127,0,12,0.27,2.35,0.24,0.85,0.87,0.3,43,0,1.62,0.39,1,2,1.02
ETHUSDT,1,1.9,1,TP,91,1,252,0,0,-2.83,4.08,0.99,0.99,0.47,0.18,75,0,0.64,0,1,17,0.43
ETHUSDT,-1,-0.738,0,TIMEOUT,127,13,288,0,12,0.21,0.37,1.04,0.99,0.18,0.12,27,0,0.31,0.04,-1,0,0.14
ETHUSDT,-1,-1.036,0,TIMEOUT,32,7,474,0,6,0.32,0.47,0.72,1.11,0.3,0.12,219,0,0.37,-0.4,-1,23,0.33
ETHUSDT,1,1.9,1,TP,8,1,585,0,0,-4.59,5.27,5.93,5.93,0.39,0.1,36,0,0.56,0,1,15,0.97
ETHUSDT,1,1.9,1,TP,7,1,750,0,0,-5.22,2.83,11.77,11.77,0.4,0.78,0,1,1,0,1,8,1.96
ETHUSDT,1,1.9,1,TP,62,2,1124,0,1,0,14.15,1.46,1.66,0.29,0.76,373,1,0.37,-0.27,1,6,0.36
ETHUSDT,1,-2.1,0,SL,12,12,1526,2,9,-0.28,-0.9,1.71,0.98,0.48,0.21,112,0,1.42,-0.3,1,10,0.44
ETHUSDT,1,1.9,1,TP,25,16,1755,3,12,-0.28,2.1,4.66,0.67,0.3,0.11,0,0,0.84,0.68,1,20,0.33
ETHUSDT,1,1.9,1,TP,29,10,1941,0,9,-0.54,11.29,1.8,0.83,0.5,0.11,189,0,1.44,-0.69,1,18,0.52
ETHUSDT,1,1.9,1,TP,9,1,2755,0,0,-3.72,7.51,1.35,1.35,1.06,0.17,223,0,1.25,0,1,6,0.9
ETHUSDT,1,-1.469,0,TIMEOUT,50,9,3152,0,8,0.62,1.31,0.46,2.99,0.3,0.23,71,0,0.79,-0.21,1,9,0.65
ETHUSDT,1,1.9,1,TP,41,1,3243,0,0,-3.28,2.63,1.59,1.59,0.75,0.17,73,0,0.43,0,1,8,0.94
ETHUSDT,1,-2.1,0,SL,25,14,3433,1,12,-0.14,-0.1,0.84,2.15,0.37,0.16,137,0,1.15,0.13,1,7,0.53
ETHUSDT,-1,1.9,1,TP,3,6,387,0,5,0.17,1.15,1.21,1.22,0.71,0.36,94,0,2.07,-1.6,-1,16,0.82
ETHUSDT,-1,-2.1,0,SL,26,4,149,0,3,-0.27,15.97,0.74,0.78,0.47,0.39,629,0,1.43,-0.14,-1,5,0.26
ETHUSDT,1,-2.1,0,SL,112,14,314,0,13,-0.11,3.95,1.26,1.01,0.39,0.14,12,0,0.57,0.03,1,11,0.58
ETHUSDT,-1,-1.653,0,TIMEOUT,65,17,2,0,16,0.02,5.26,2.24,0.35,0.36,0.26,33,0,1.11,-0.35,-1,19,0.25
ETHUSDT,-1,1.9,1,TP,6,5,342,0,4,0.25,2.88,1.4,1.13,0.54,0.46,27,0,0.99,-1.24,-1,3,0.44
ETHUSDT,-1,1.9,1,TP,87,4,180,0,3,-0.06,-0.9,0.64,0.73,0.67,0.73,111,0,1.01,-0.61,-1,17,0.65
ETHUSDT,-1,-2.1,0,SL,13,6,266,0,5,0.26,2.34,3.03,1.43,1.04,0.63,255,0,2.13,-2.61,-1,3,1.02
ETHUSDT,1,1.9,1,TP,70,15,283,0,14,-0.04,1.68,1.17,0.38,0.4,0.3,102,0,1.21,-0.23,1,18,0.35
ETHUSDT,1,1.9,1,TP,80,6,182,0,5,-0.4,2.14,0.34,0.33,0.36,0.29,98,0,1.08,0.08,1,12,0.28
ETHUSDT,-1,-0.055,0,TIMEOUT,229,1,282,0,0,-5.14,3.3,10.78,10.78,0.49,0.7,170,0,0.97,0,-1,14,1.68
ETHUSDT,-1,-2.1,0,SL,6,14,536,0,13,0.02,1.65,3.64,0.7,0.4,0.16,68,0,0.92,-0.93,-1,6,0.41
ETHUSDT,-1,-0.986,0,TIMEOUT,100,16,655,0,15,0.45,2.77,0.35,1.77,0.3,0.32,9,1,0.36,-0.06,-1,12,0.48
ETHUSDT,1,1.9,1,TP,27,1,149,0,0,-5.11,1.55,3.22,3.22,0.4,0.29,85,0,0.23,0,1,7,0.39
ETHUSDT,1,1.9,1,TP,51,4,433,0,3,0.11,0.73,0.4,0.58,0.36,0.27,5,0,0.68,-0.72,1,6,0.27
ETHUSDT,1,1.9,1,TP,7,4,735,0,3,-1.19,3.25,1.71,1.07,0.5,0.44,64,0,1.44,-0.25,1,10,0.71
ETHUSDT,-1,1.9,1,TP,68,7,253,0,6,-1.26,3.87,6.55,0.78,0.23,0.17,40,0,0.61,-0.43,-1,9,0.34
ETHUSDT,1,-2.1,0,SL,53,8,769,0,7,0.05,2.3,5.08,1.02,0.48,0.33,109,0,1.41,-0.71,1,3,0.67
ETHUSDT,1,-0.512,0,TIMEOUT,142,17,1029,0,16,-0.34,3.22,3.35,1.75,0.53,0.59,133,1,1.48,0.49,1,20,0.92
ETHUSDT,1,-2.1,0,SL,21,4,1242,0,3,-0.56,1.65,0.91,1.33,0.45,0.17,27,0,0.69,-0.31,1,1,0.67
ETHUSDT,1,-2.1,0,SL,11,5,1377,0,4,-0.35,-0.17,0.97,2.73,0.5,0.17,161,0,0.5,-0.59,1,11,0.85
ETHUSDT,-1,-1.559,0,TIMEOUT,20,17,392,0,16,-0.68,5.18,1.09,0.52,0.31,0.18,65,0,0.6,0.44,-1,8,0.24
ETHUSDT,-1,1.9,1,TP,25,1,167,0,0,-3.99,4.26,6.29,6.29,0.81,0.34,9,0,1.36,0,-1,14,2.41
ETHUSDT,-1,1.9,1,TP,16,1,646,0,0,-3.26,17.16,3.57,3.57,1.04,1.25,278,0,2.51,0,-1,14,2.02
ETHUSDT,1,1.9,1,TP,17,1,235,0,0,-0.98,1.47,1.23,1.23,0.42,0.17,6,0,1.13,0,1,4,0.41
ETHUSDT,-1,1.9,1,TP,78,14,104,0,13,-0.03,1.5,2.38,0.85,0.47,0.5,116,1,1.05,-0.37,-1,18,0.55
ETHUSDT,-1,1.9,1,TP,41,3,313,1,1,0.09,0.72,0.94,0.34,0.35,0.25,25,0,0.87,-0.03,1,4,0.17
ETHUSDT,-1,1.9,1,TP,68,5,473,0,4,0.26,1.23,0.44,1.07,0.25,0.2,11,1,0.73,-0.38,-1,20,0.28
ETHUSDT,-1,1.9,1,TP,26,16,0,0,15,-0.26,3.94,8.99,0.81,0.48,0.57,0,1,1.34,0.9,-1,17,0.9
ETHUSDT,-1,1.9,1,TP,30,9,152,0,8,-0.12,2.89,0.72,0.9,0.43,0.25,9,0,1.25,-0.08,-1,7,0.34
ETHUSDT,-1,-2.1,0,SL,20,7,480,0,6,-0.03,9.75,3.56,1.64,0.45,0.61,226,0,0.87,-0.95,-1,17,0.55
ETHUSDT,1,1.9,1,TP,136,2,225,0,1,0.43,3.15,0.49,1.45,0.39,0.28,76,0,1.19,-0.3,-1,5,0.62
ETHUSDT,1,1.9,1,TP,36,16,527,0,15,0.04,5.99,1.96,0.76,0.49,0.1,129,0,1.52,-1.22,1,7,0.43
ETHUSDT,-1,1.9,1,TP,5,1,130,0,0,-3.97,4.71,3.43,3.43,0.39,0.29,37,0,0.93,0,-1,13,0.7
ETHUSDT,1,1.9,1,TP,40,1,216,0,0,-4.53,6.12,4.74,4.74,0.47,0.2,3,0,0.76,0,1,4,0.73
ETHUSDT,1,1.9,1,TP,211,5,621,0,4,0.21,2.89,0.64,1.11,0.31,0.25,41,0,0.94,-0.4,1,9,0.31
ETHUSDT,-1,1.9,1,TP,5,9,365,0,8,0.08,1.35,0.4,0.23,0.58,0.35,62,0,1.47,-0.76,-1,21,0.31
ETHUSDT,-1,1.9,1,TP,62,5,168,0,4,-0.03,2.96,1.88,0.81,0.22,0.21,86,0,0.71,-0.27,-1,11,0.15
ETHUSDT,-1,1.9,1,TP,9,9,392,0,8,0.1,0.99,2.33,0.59,0.43,0.23,131,0,1.28,-1.05,-1,19,0.47
ETHUSDT,1,-2.1,0,SL,7,9,728,0,8,-0.05,1.72,0.95,0.46,0.92,0.54,205,2,1.66,-1.18,1,17,0.52
ETHUSDT,-1,-2.1,0,SL,16,9,213,0,8,-0.08,2.52,3.06,0.75,0.56,0.34,3,0,1.17,-1.4,-1,4,0.5
ETHUSDT,-1,1.9,1,TP,77,6,480,0,5,0.23,2.44,0.47,0.92,0.57,0.3,68,0,0.97,-0.49,-1,23,0.67
ETHUSDT,1,1.9,1,TP,5,15,8,0,14,0.43,3.66,1.08,1.38,1.04,0.23,3,0,2.65,3.66,1,15,2.14
ETHUSDT,1,-1.501,0,TIMEOUT,79,15,204,0,14,1.11,1.25,4.42,4.44,0.75,0.42,1,0,1.81,0,1,16,2.37
ETHUSDT,1,-2.1,0,SL,13,12,378,0,11,-0.89,4.07,1.76,1.22,0.62,0.47,6,0,1.74,1.45,1,11,0.66
ETHUSDT,1,1.9,1,TP,7,10,559,0,9,-0.01,1.37,1.11,0.57,0.52,0.48,189,0,0.7,-0.52,1,9,0.44
ETHUSDT,1,-1.719,0,TIMEOUT,164,1,196,0,0,-3.22,5.3,1.77,1.77,0.74,0.66,69,0,1.76,0,1,15,0.93
ETHUSDT,1,-2.1,0,SL,39,13,398,0,12,-0.47,4.1,1.56,0.54,0.53,0.34,79,0,1.21,0.38,1,3,0.43
ETHUSDT,-1,1.9,1,TP,16,17,343,0,16,-0.93,0.92,1,0.52,0.78,0.45,190,1,2.15,1.4,-1,18,0.9
ETHUSDT,-1,-2.1,0,SL,12,11,400,0,10,0.08,0.01,1.07,0.49,0.54,0.48,311,0,0.57,-1.11,-1,17,0.57
ETHUSDT,1,-1.158,0,TIMEOUT,120,9,370,0,8,-0.47,2.18,0.43,0.59,0.39,0.34,82,1,1.08,0.27,1,6,0.34
ETHUSDT,-1,-1.612,0,TIMEOUT,59,6,343,0,5,-0.32,6.13,0.71,1.28,0.29,0.3,59,0,0.99,-0.22,-1,5,0.3
ETHUSDT,-1,-2.1,0,SL,53,9,462,0,8,-0.2,5.85,1.82,0.68,0.26,0.3,175,0,0.78,-0.59,-1,11,0.18
ETHUSDT,1,1.9,1,TP,12,10,220,0,9,-0.55,1,0.36,0.4,0.36,0.29,140,0,0.94,-0.01,1,7,0.26
ETHUSDT,-1,-2.1,0,SL,4,17,115,0,16,0.24,5.3,2,0.67,0.84,0.3,348,0,2.4,0.49,-1,12,0.88
ETHUSDT,-1,-2.1,0,SL,17,14,169,0,13,0.63,-1.3,1.84,0.59,1.48,0.51,37,0,1.32,-2.24,-1,2,1.39
ETHUSDT,1,-1.04,0,TIMEOUT,56,13,143,0,12,-0.05,-0.02,0.88,0.67,0.28,0.44,75,0,0.88,-0.21,1,20,0.28
ETHUSDT,-1,-2.1,0,SL,81,12,188,0,11,0.28,10.55,1.06,0.85,0.67,0.5,281,1,1.9,-0.12,-1,0,0.94
ETHUSDT,-1,-2.1,0,SL,4,10,245,0,9,-0.15,6.77,1.25,0.52,1,1.37,133,0,2.19,-0.45,-1,10,1.12
ETHUSDT,-1,-2.1,0,SL,64,16,474,1,14,-0.67,0.36,2.27,0.73,0.83,0.6,136,0,2.03,0.35,-1,19,0.91
ETHUSDT,-1,1.9,1,TP,6,1,567,0,0,-1.07,1.07,0.43,0.43,0.73,0.6,243,0,1.51,0,-1,18,0.58
ETHUSDT,-1,1.9,1,TP,12,4,775,0,3,1.13,2.61,8.86,3.1,0.95,0.61,448,0,1.27,-3.69,-1,22,2.58
ETHUSDT,-1,1.9,1,TP,10,1,945,0,0,-1.6,1.21,1.06,1.06,0.56,0.16,68,0,0.38,0,-1,17,0.48
ETHUSDT,1,1.9,1,TP,15,1,415,0,0,-3.15,5.85,1.91,1.91,0.58,0.22,21,0,0.53,0,1,10,0.64
ETHUSDT,-1,1.9,1,TP,4,6,213,0,5,0.53,1.21,2.53,1.99,0.78,0.36,30,0,1.96,-1.45,-1,15,1.14
ETHUSDT,-1,-2.1,0,SL,14,13,501,0,12,-0.42,12.85,1.1,1.52,0.63,0.55,186,0,1.78,0.15,-1,15,1.19
ETHUSDT,-1,1.9,1,TP,1,1,325,0,0,-1.72,2.4,0.63,0.63,1.08,1,585,0,1.89,0,-1,16,0.75
ETHUSDT,-1,-2.1,0,SL,11,2,129,0,1,-0.9,2.08,0.77,2.82,0.75,0.23,42,0,1.51,-0.19,-1,12,1.88
ETHUSDT,-1,1.9,1,TP,3,1,323,0,0,-1.85,1.3,2.05,2.05,0.3,0.21,66,0,0.91,0,-1,13,0.34
ETHUSDT,-1,1.9,1,TP,2,1,529,0,0,-3.09,2.8,2.65,2.65,1.02,0.93,137,0,2.41,0,-1,16,2.36
ETHUSDT,1,1.9,1,TP,18,9,159,0,8,0.45,-1.42,0.59,1.35,0.66,0.28,41,0,1.26,-0.56,1,5,0.94
ETHUSDT,1,1.9,1,TP,64,7,294,0,6,-0.48,2.9,3.56,1.01,0.81,0.18,101,0,1.68,-0.53,1,16,0.65
ETHUSDT,1,-2.1,0,SL,12,11,565,4,6,0.04,-0.23,5.34,2.03,0.52,0.49,50,2,1,-0.1,1,12,0.58
ETHUSDT,1,-2.1,0,SL,42,14,656,0,13,-0.34,1.76,0.86,0.95,0.46,0.49,134,2,1.25,0.34,1,10,0.41
ETHUSDT,1,1.9,1,TP,15,11,831,6,4,0.31,-0.83,1.32,0.56,0.33,0.49,318,2,0.51,-0.1,1,6,0.31
ETHUSDT,1,1.9,1,TP,16,1,0,0,0,-4.41,6.95,2.97,2.97,0.63,0.26,22,0,1.76,0,1,3,1.49
ETHUSDT,1,1.9,1,TP,12,1,518,0,0,-1.78,0.19,0.72,0.72,0.65,0.55,120,0,1.72,0,1,13,0.55
ETHUSDT,1,-2.1,0,SL,40,3,803,0,2,0.56,4.96,0.45,1.47,0.6,0.53,403,0,0.63,-0.83,1,12,0.9
ETHUSDT,-1,1.9,1,TP,37,16,12,0,15,0.13,0.15,2.31,0.51,0.64,0.55,454,0,1.92,-0.08,-1,4,0.65
ETHUSDT,-1,-2.1,0,SL,5,14,181,0,13,-0.22,2.9,0.44,1,1.12,0.57,625,0,1.96,1.52,-1,22,1.02
ETHUSDT,-1,-2.1,0,SL,30,7,345,0,6,-0.54,2.93,1.1,1.14,0.59,0.4,16,0,0.54,-0.47,-1,15,0.48
ETHUSDT,1,-2.1,0,SL,10,8,6,0,7,-0.24,2.04,3.63,2.04,0.71,0.39,77,0,1.96,-0.33,1,7,1.48
ETHUSDT,-1,-2.1,0,SL,33,9,265,2,6,0.41,-1.61,0.67,1.3,0.4,0.41,68,0,1.18,-0.4,-1,7,0.53
ETHUSDT,1,1.9,1,TP,20,11,73,0,10,-0.33,-0.36,1.44,2.03,0.38,0.13,53,0,0.81,-0.2,1,13,0.88
ETHUSDT,-1,1.9,1,TP,6,1,285,0,0,-2.35,12.24,1.22,1.22,0.51,0.22,357,0,0.54,0,-1,15,0.8
ETHUSDT,1,1.9,1,TP,112,3,461,0,2,-0.14,1.32,0.84,0.64,0.23,0.11,9,0,0.52,-0.2,1,18,0.26
ETHUSDT,1,1.9,1,TP,15,9,177,0,8,-0.42,7.07,0.67,2.1,0.33,0.24,215,0,0.85,-0.12,1,14,0.65
ETHUSDT,1,1.9,1,TP,51,5,660,0,4,-0.85,1.65,1.45,2.04,0.4,0.32,132,0,0.9,-0.07,1,14,0.66
ETHUSDT,1,1.9,1,TP,11,2,851,0,1,-0.37,2.11,1.21,2.53,0.65,0.4,33,0,1.06,-1.03,1,14,1.47
ETHUSDT,-1,-2.1,0,SL,19,3,139,0,2,0.23,1.72,0.72,1.18,0.71,0.31,251,1,1.34,-1.42,-1,4,0.86
ETHUSDT,1,-2.1,0,SL,18,4,241,0,3,-0.25,7.23,0.42,1.19,0.45,0.19,253,0,1.17,-0.62,1,10,0.47
ETHUSDT,1,-1.352,0,TIMEOUT,47,1,401,0,0,-1.62,6.68,0.52,0.52,0.44,0.19,416,0,0.53,0,1,2,0.21
ETHUSDT,1,1.9,1,TP,50,16,223,0,15,0.4,-1.39,1.57,1.97,0.39,0.22,209,0,1.02,-0.55,1,21,0.76
ETHUSDT,1,-2.1,0,SL,17,5,686,0,4,-0.42,3.46,0.77,0.8,0.7,0.61,11,1,0.9,-1.14,1,17,0.67
ETHUSDT,-1,-2.1,0,SL,23,2,254,0,1,-0.01,2.64,0.7,0.39,0.57,0.47,50,0,0.39,-0.21,-1,2,0.38
ETHUSDT,-1,-2.1,0,SL,79,2,84,0,1,-0.46,1.35,0.39,0.51,0.64,0.55,83,1,1.52,0.06,-1,17,0.48
ETHUSDT,-1,1.9,1,TP,86,10,93,0,9,-0.08,0.52,0.2,0.4,0.5,0.26,38,0,0.83,-0.31,-1,18,0.25
ETHUSDT,-1,-2.1,0,SL,69,11,479,0,10,0,1.53,0.34,0.32,0.3,0.17,111,0,0.35,-0.19,-1,19,0.18
ETHUSDT,1,1.9,1,TP,81,12,6,0,11,0.18,2.92,1.41,0.8,0.47,0.16,193,0,1.28,0.27,1,16,0.61
ETHUSDT,-1,1.9,1,TP,49,5,168,0,4,0.38,1.43,0.46,0.75,0.16,0.16,36,0,0.48,-0.15,-1,12,0.13
ETHUSDT,1,1.9,1,TP,61,1,232,0,0,-5.34,5.47,11.86,11.86,0.53,0.49,1,0,0.87,0,1,8,1.43
ETHUSDT,-1,-2.1,0,SL,64,11,131,0,10,-0.36,4.33,1.38,0.7,0.77,0.54,81,0,1.92,-0.34,-1,18,0.61
ETHUSDT,-1,1.9,1,TP,27,17,85,0,16,-0.41,1.01,0.73,0.48,0.51,0.32,256,0,1.25,-0.13,-1,4,0.28
ETHUSDT,-1,1.9,1,TP,36,3,463,0,2,-0.39,3.02,0.25,0.35,0.3,0.19,39,0,0.25,-0.01,-1,18,0.2
ETHUSDT,-1,1.9,1,TP,69,12,846,0,11,0.2,9.84,2.29,0.86,0.89,0.38,231,0,1.69,0.22,-1,17,0.95
ETHUSDT,1,1.9,1,TP,2,1,152,0,0,-1.88,2.7,1.01,1.01,0.39,0.26,19,0,1.15,0,1,13,0.37
ETHUSDT,-1,-2.1,0,SL,46,8,80,0,7,-0.62,3.59,1.37,0.75,0.84,0.32,179,0,0.67,-1.2,-1,18,0.79
ETHUSDT,-1,1.9,1,TP,5,1,166,0,0,-2.13,5.11,1.5,1.5,0.86,0.33,272,0,1.41,0,-1,15,0.83
ETHUSDT,-1,1.9,1,TP,5,3,450,0,2,-0.26,2.1,1.22,1.18,0.53,0.48,17,1,1.25,-0.55,-1,14,0.79
ETHUSDT,-1,1.9,1,TP,7,1,558,0,0,-1.69,0.55,0.83,0.83,1.07,0.42,82,0,1.85,0,-1,17,1.36
ETHUSDT,-1,-2.1,0,SL,11,8,709,0,7,-0.26,2.19,4.3,0.6,0.56,0.42,226,0,1.72,-1.83,-1,7,0.43
ETHUSDT,-1,1.9,1,TP,9,1,843,0,0,-3.16,7.42,1.94,1.94,1.07,0.45,367,0,2.15,0,-1,16,0.99
ETHUSDT,1,-2.1,0,SL,44,6,127,0,5,-0.26,1.8,0.72,0.67,0.59,0.22,64,0,1.49,-0.23,1,1,0.38
ETHUSDT,1,-2.1,0,SL,36,6,567,0,5,-0.38,2.33,1.72,1,0.33,0.13,22,0,0.57,-0.62,1,15,0.45
ETHUSDT,-1,1.9,1,TP,29,7,321,0,6,0.72,0.61,0.76,1.13,0.43,0.08,28,0,0.8,-0.48,-1,16,0.89
ETHUSDT,-1,1.9,1,TP,10,1,413,0,0,-4.76,5,4.01,4.01,0.77,0.17,35,0,0.72,0,-1,15,1.52
ETHUSDT,-1,-2.1,0,SL,22,6,726,0,5,-0.49,4.64,0.3,0.67,0.96,0.47,13,0,0.67,-0.84,-1,21,0.71
ETHUSDT,1,1.9,1,TP,25,4,256,0,3,0.95,-0.63,1.05,4.59,0.61,0.17,5,0,1.02,-1.35,1,2,1.75
ETHUSDT,-1,-2.1,0,SL,3,8,204,0,7,-0.23,1.82,3.67,0.64,0.36,0.31,62,0,0.8,-0.53,-1,1,0.17
ETHUSDT,-1,-0.811,0,TIMEOUT,117,17,277,0,16,-0.29,1.28,0.71,0.18,0.33,0.31,126,0,0.7,-0.1,-1,19,0.23
ETHUSDT,1,1.9,1,TP,15,3,143,0,2,-0.45,0.35,3.92,1.75,0.37,0.23,4,0,0.79,-0.38,1,15,0.55
ETHUSDT,1,-1.182,0,TIMEOUT,126,6,532,0,5,-1.19,16.34,4.7,3.18,0.2,0.15,356,0,0.45,0.16,1,16,0.54
ETHUSDT,-1,-2.1,0,SL,103,3,344,0,2,-1.28,1,3.89,1.79,0.68,0.26,110,0,1.34,-1.05,-1,15,1.01
ETHUSDT,-1,1.9,1,TP,5,2,478,0,1,0.1,0.77,3.12,3.56,0.92,0.7,160,0,2.09,-1.59,-1,15,2.52
ETHUSDT,1,-2.1,0,SL,24,14,193,0,13,-0.08,3.47,0.96,0.44,0.8,0.57,200,0,1.67,-0.61,1,21,0.42
ETHUSDT,-1,1.9,1,TP,17,13,103,0,12,0.09,3.93,0.92,0.63,0.62,0.2,22,0,1.85,-0.24,-1,21,0.47
ETHUSDT,1,-2.1,0,SL,43,15,159,0,14,-0.16,3.8,3,0.5,0.98,0.29,18,0,2.35,-1.68,1,19,0.86
ETHUSDT,1,1.9,1,TP,10,13,323,0,12,-0.21,6.9,2.99,0.45,0.69,0.28,184,0,1.93,-0.88,1,12,0.59
ETHUSDT,1,-2.1,0,SL,24,10,153,0,9,-0.35,0.94,0.3,0.21,0.52,0.39,115,0,1.64,-0.11,1,20,0.27
ETHUSDT,1,1.9,1,TP,44,10,220,0,9,0.25,-0.43,0.74,1.49,0.45,0.39,182,0,1.28,-0.54,1,13,0.69
ETHUSDT,1,-1.647,0,TIMEOUT,91,8,141,0,7,0.09,5.69,4.45,1.07,0.35,0.24,35,0,1.08,-0.51,1,6,0.48
ETHUSDT,-1,1.9,1,TP,86,3,250,0,2,-0.14,-0.54,0.6,1.86,0.32,0.14,44,0,0.7,-0.48,-1,1,0.52
ETHUSDT,-1,-1.131,0,TIMEOUT,37,12,291,0,11,0.15,2.68,1.78,0.77,0.2,0.08,46,0,0.59,-0.23,-1,9,0.23
ETHUSDT,1,1.9,1,TP,3,1,183,0,0,-3.19,5.6,1.92,1.92,0.6,0.31,18,0,0.62,0,1,22,0.97
ETHUSDT,1,1.9,1,TP,67,2,377,0,1,0.07,-0.6,4.16,1.27,0.54,0.42,0,0,1.03,-0.44,1,22,0.51
ETHUSDT,1,-2.1,0,SL,70,2,183,0,1,-0.54,2.78,1.13,0.59,0.48,0.21,33,0,1.2,-0.11,1,20,0.39
ETHUSDT,1,1.9,1,TP,6,1,346,0,0,-3.79,3.23,4.62,4.62,0.55,0.42,1,0,0.96,0,1,13,1.81
ETHUSDT,-1,-2.1,0,SL,133,11,203,0,10,-3.05,2.31,2.39,6.74,0.59,0.52,106,0,0.63,1.42,-1,18,2.64
ETHUSDT,-1,-2.1,0,SL,88,17,132,0,16,-0.03,10.17,3.5,0.29,0.35,0.17,236,0,1.06,0.05,-1,18,0.23
ETHUSDT,-1,1.9,1,TP,26,8,281,0,7,0.36,-0.56,7.85,2.11,0.36,0.21,0,0,0.59,-0.91,-1,7,0.6
ETHUSDT,-1,1.9,1,TP,119,8,883,6,1,0.03,-0.79,3.35,2.81,0.33,0.2,0,0,0.7,-0.33,-1,13,0.83
ETHUSDT,1,-2.1,0,SL,25,15,179,0,14,-0.09,2.18,4.57,0.44,0.25,0.09,4,0,0.75,-0.08,1,18,0.24
ETHUSDT,1,-2.1,0,SL,10,5,255,0,4,-0.33,2.33,0.54,1.73,0.34,0.33,9,0,0.58,-0.08,1,13,0.54
ETHUSDT,-1,1.9,1,TP,85,1,449,0,0,-2.33,3.74,1.69,1.69,0.24,0.13,20,0,0.18,0,-1,14,0.32
ETHUSDT,1,1.9,1,TP,38,16,154,0,15,-0.08,4.81,6.2,0.62,0.47,0.16,1,0,1.33,-0.29,1,1,0.5
ETHUSDT,1,-2.1,0,SL,6,2,297,0,1,-0.37,-1.02,1.1,2.74,0.59,0.27,58,0,1.06,-0.66,1,13,1.45
ETHUSDT,1,-1.649,0,TIMEOUT,57,1,113,0,0,-0.94,1.86,0.84,0.84,0.36,0.3,84,0,0.74,0,1,8,0.36
ETHUSDT,-1,1.9,1,TP,1,1,212,0,0,-4.16,2.46,6.62,6.62,0.62,0.38,35,0,0.83,0,-1,13,2.94
ETHUSDT,1,1.9,1,TP,37,3,125,0,2,0.15,0.16,0.65,0.99,0.4,0.15,73,0,0.29,-0.36,1,6,0.52
ETHUSDT,1,-2.1,0,SL,49,8,580,0,7,0.05,0.94,2.21,0.87,0.45,0.07,4,0,0.98,-0.38,1,23,0.39
ETHUSDT,1,1.9,1,TP,10,1,655,0,0,-1.23,0.87,0.27,0.27,0.56,0.21,61,0,0.85,0,1,18,0.32
ETHUSDT,1,-2.1,0,SL,27,6,752,0,5,1.04,-2.19,0.37,2.09,0.52,0.34,66,0,1.32,-1.22,1,18,1.08
ETHUSDT,1,-2.1,0,SL,39,7,222,0,6,-0.4,1.58,1.11,1.05,0.27,0.27,6,0,0.8,-0.24,1,17,0.37
ETHUSDT,-1,1.9,1,TP,26,1,311,0,0,-2.43,6.27,2.05,2.05,0.33,0.14,32,0,0.39,0,-1,7,0.25
ETHUSDT,-1,-1.29,0,TIMEOUT,17,9,535,0,8,0.12,-0.9,0.61,1.52,0.22,0.09,46,0,0.4,-0.26,-1,15,0.26
SOLUSDT,-1,-2.1,0,SL,7,10,127,0,9,0.33,20.69,0.74,0.6,1.42,3.45,305,0,4.34,-1.23,-1,12,1.21
SOLUSDT,1,-2.1,0,SL,15,12,2,0,11,-0.48,5.98,1.32,1.43,0.58,1.34,101,0,1.76,-0.5,1,4,0.54
SOLUSDT,1,1.9,1,TP,11,3,237,0,2,-1.62,7.47,0.69,3.16,1.1,0.44,223,0,2.83,1.24,1,15,3.57
SOLUSDT,-1,1.9,1,TP,8,3,172,0,2,0.33,17.63,0.68,0.71,0.44,0.36,209,0,1.4,-0.67,-1,7,0.49
SOLUSDT,-1,1.9,1,TP,14,16,334,0,15,-0.25,27.96,1.32,0.84,0.48,0.38,358,0,1.52,-0.89,-1,23,0.31
SOLUSDT,1,1.9,1,TP,1,17,164,0,16,0.01,2.77,1.21,2.27,1.41,0.77,67,0,3.53,4.24,1,4,3.18
SOLUSDT,1,1.9,1,TP,21,7,311,0,6,-0.24,0.78,1.17,1.54,1.35,1.25,4,0,3.14,-1.17,1,17,2.46
SOLUSDT,1,-2.1,0,SL,8,16,549,0,15,-0.18,3.26,1.51,0.66,0.55,1.24,233,0,1.72,0.79,1,5,0.55
SOLUSDT,1,1.9,1,TP,23,1,309,0,0,-3.4,4.98,1.6,1.6,1.19,0.52,51,0,0.61,0,1,1,0.89
SOLUSDT,-1,1.9,1,TP,2,11,111,0,10,0.86,7.94,1.56,1.34,1.28,0.98,202,0,3.62,-2.7,-1,11,2.03
SOLUSDT,1,-2.1,0,SL,4,12,294,4,7,-0.3,-1.07,1.86,0.83,1.67,0.9,625,0,3.33,0.32,1,20,1.51
SOLUSDT,1,1.9,1,TP,17,4,938,0,3,0.43,12.66,0.97,1.17,0.9,0.21,248,0,2.48,-0.98,1,13,1.38
SOLUSDT,1,1.9,1,TP,2,7,252,0,6,0.38,36.91,0.74,2.09,1.45,0.11,1071,0,3.8,-2.45,1,4,3.1
SOLUSDT,1,1.9,1,TP,9,15,335,0,14,-0.34,30.22,0.98,1.54,1.9,0.1,1146,0,5.51,0.62,1,0,2.54
SOLUSDT,1,1.9,1,TP,10,1,65,0,0,-3.8,5.86,1.74,1.74,1.31,0.59,4,0,2.4,0,1,7,2.04
SOLUSDT,1,-2.1,0,SL,4,10,285,0,9,-0.29,16.25,1.56,0.78,1.13,0.53,215,0,1.56,-1.6,1,14,0.66
SOLUSDT,1,-2.1,0,SL,1,1,395,0,0,-2.94,9.09,2.08,2.08,2.82,0.48,334,0,1.27,0,1,17,3.95
SOLUSDT,1,-2.1,0,SL,2,14,234,0,13,-1.14,17.38,0.87,1.26,0.88,1.22,247,0,1.18,0.71,1,12,1.12
SOLUSDT,1,-2.1,0,SL,22,4,167,0,3,-0.8,12.34,0.89,1.19,0.73,0.4,251,0,2.07,-0.86,1,19,0.74
SOLUSDT,-1,-2.1,0,SL,27,7,145,0,6,-0.16,0.47,1.31,0.86,0.86,1.2,155,0,1.5,-0.31,-1,12,0.88
SOLUSDT,1,1.9,1,TP,22,1,212,0,0,-2.18,14.32,1.09,1.09,0.45,0.65,248,0,1.36,0,1,6,0.37
SOLUSDT,-1,1.9,1,TP,7,2,153,1,0,-3.99,0.36,3.79,3.79,1.2,0.61,339,0,1.6,2.28,-1,22,3.64
SOLUSDT,1,1.9,1,TP,27,2,515,0,1,0.09,29.43,0.58,0.69,0.96,0.37,510,0,1.52,-0.56,1,21,0.93
SOLUSDT,1,-2.1,0,SL,3,10,695,0,9,0.18,2.09,1.48,1.07,0.76,0.57,16,0,1.35,-0.98,1,18,0.8
SOLUSDT,1,1.9,1,TP,1,13,1092,0,12,-1.25,12.49,0.92,1.13,1.8,0.45,410,0,2.35,2.74,1,21,2.79
SOLUSDT,1,1.9,1,TP,13,1,1548,0,0,-3.65,9.16,1.68,1.68,0.94,1.1,410,0,0.34,0,1,15,1.61
SOLUSDT,1,-2.1,0,SL,11,3,1684,0,2,-0.18,13.34,1.18,1.25,0.82,1.07,544,0,2.45,-0.96,1,1,1.2
SOLUSDT,-1,1.9,1,TP,2,1,428,0,0,-2.46,3.32,1.77,1.77,0.9,1.75,327,0,2.73,0,-1,23,1.37
SOLUSDT,1,-2.1,0,SL,11,4,226,0,3,-0.73,10.45,1.82,0.84,1.94,1.33,630,0,5.06,-2.05,1,4,1.74
SOLUSDT,1,-2.1,0,SL,1,1,566,0,0,-2.16,14.24,2.23,2.23,2.39,1.1,973,0,4.9,0,1,17,3.4
SOLUSDT,1,1.9,1,TP,1,6,941,0,5,-0.09,2.77,2.39,0.93,1.8,0.9,31,0,2.92,-3.44,1,15,2.23
SOLUSDT,1,1.9,1,TP,10,1,1216,0,0,-2.44,4.8,1.28,1.28,0.83,0.91,311,0,1.08,0,1,11,0.74
SOLUSDT,-1,-2.1,0,SL,7,4,171,0,3,0,2.71,0.84,1,0.66,1.06,36,0,2.16,-0.5,-1,10,0.58
SOLUSDT,-1,1.9,1,TP,14,5,136,0,4,-0.77,6.86,1.19,1.1,1.28,0.78,614,0,2.82,-0.61,-1,8,1.95
SOLUSDT,1,1.9,1,TP,2,5,126,3,1,-0.28,3.8,0.79,0.7,2.46,0.64,820,0,7.64,2.19,1,11,1.56
SOLUSDT,-1,-2.1,0,SL,1,11,205,0,10,-0.34,2.66,2.16,0.58,3.82,7.15,87,1,8.68,-2.54,-1,17,2.39
SOLUSDT,-1,-2.1,0,SL,1,6,572,0,5,-0.28,21.84,1.23,0.98,2.6,10.17,459,1,4.88,-3.69,-1,13,2.26
SOLUSDT,-1,-2.1,0,SL,5,3,263,0,2,-0.84,1.71,0.89,0.9,1.22,1.01,161,0,2.69,-0.21,-1,4,1.61
SOLUSDT,1,1.9,1,TP,2,3,196,0,2,-0.07,2.6,1.12,1.37,0.88,0.7,60,0,2.55,-1.22,1,11,1.6
SOLUSDT,1,1.9,1,TP,1,1,450,0,0,-2.31,1.99,1.74,1.74,1.79,0.97,122,0,5.28,0,1,2,2.07
SOLUSDT,1,-2.1,0,SL,5,12,608,0,11,-0.31,5.04,0.97,0.88,1.33,0.94,269,0,3.95,0.46,1,18,1.14
SOLUSDT,1,1.9,1,TP,7,14,304,0,13,0.71,5.05,0.65,1.14,0.9,0.94,38,0,1.73,-1.3,1,4,1.18
SOLUSDT,-1,1.9,1,TP,2,8,252,0,7,0,7.85,1.98,0.9,1.74,1.13,433,0,5.03,-3.29,-1,5,1.67
SOLUSDT,-1,1.9,1,TP,3,8,160,0,7,0.19,1.38,0.89,1.15,0.84,0.46,31,0,2.5,-1.24,-1,16,1.14
SOLUSDT,-1,1.9,1,TP,5,3,258,0,2,0.13,0.02,1.34,0.81,0.76,0.34,5,0,1.94,-0.65,-1,23,1.06
SOLUSDT,1,1.9,1,TP,4,1,249,0,0,-3.84,9.05,2.41,2.41,0.86,0.52,464,0,2.53,0,1,23,1.82
SOLUSDT,1,1.9,1,TP,3,1,446,0,0,-4.89,12.57,4.42,4.42,0.87,0.5,661,0,1.35,0,1,0,1.91
SOLUSDT,1,1.9,1,TP,5,6,117,0,5,-0.06,0.04,0.65,0.91,0.99,0.59,54,0,3.03,-1.27,1,23,1.16
SOLUSDT,1,1.9,1,TP,3,1,748,0,0,-1.41,1.18,1.21,1.21,0.69,0.45,4,0,2.11,0,1,13,1.07
SOLUSDT,1,1.9,1,TP,17,1,1378,0,0,-2.49,9.89,0.58,0.58,0.87,0.57,298,0,2,0,1,2,0.5
SOLUSDT,1,1.9,1,TP,2,1,1894,0,0,-2.01,4.76,2.31,2.31,2.63,1.78,30,0,6.87,0,1,11,4.58
SOLUSDT,1,1.9,1,TP,11,1,2108,0,0,-3.16,2.95,2.68,2.68,1.22,1.05,1,0,2.85,0,1,17,1.72
SOLUSDT,-1,-2.1,0,SL,12,15,103,0,14,-0.24,6.59,1.92,0.63,1.35,0.61,340,0,4.08,-1.35,-1,10,1.04
SOLUSDT,1,1.9,1,TP,4,1,651,0,0,-3.06,2.23,6.67,6.67,1.31,0.66,213,0,3.06,0,1,15,3.21
SOLUSDT,1,1.9,1,TP,24,4,975,0,3,0.26,8.95,0.86,0.84,1.03,0.96,300,0,2.13,-1.45,1,0,1
SOLUSDT,1,-2.1,0,SL,4,17,1255,0,16,-0.75,3.59,0.92,0.65,2.87,1.37,86,0,8.35,5.01,1,22,2.66
SOLUSDT,-1,1.9,1,TP,2,16,232,0,15,0.16,4.1,0.76,3.28,1.89,1.67,649,0,4.79,1.41,-1,19,5.58
SOLUSDT,1,-2.1,0,SL,36,6,155,0,5,-0.22,1.2,0.76,0.87,0.94,0.82,247,1,0.94,-0.77,1,6,0.67
SOLUSDT,1,-2.1,0,SL,26,1,232,0,0,-2.04,1.67,0.66,0.66,0.82,0.82,329,1,0.3,0,1,1,0.57
SOLUSDT,-1,1.9,1,TP,20,15,320,0,14,-0.59,1.09,1.87,0.57,0.63,1.64,174,1,1.91,0.21,-1,17,0.59
SOLUSDT,1,1.9,1,TP,3,7,504,0,6,0.45,22.61,1.23,2.98,0.82,1.3,813,1,2.24,-1.3,1,7,1.81
SOLUSDT,-1,1.9,1,TP,14,2,176,0,1,0.03,5.05,1.94,1.33,0.65,0.77,228,0,1.99,-0.72,-1,0,0.93
SOLUSDT,1,-2.1,0,SL,9,12,73,0,11,-0.67,5.13,0.71,1.05,0.64,0.64,12,0,2,-0.34,1,0,0.77
SOLUSDT,1,-2.1,0,SL,15,16,355,0,15,0.51,4.75,0.68,0.57,0.74,0.33,37,0,1.87,-0.14,1,22,0.8
SOLUSDT,-1,1.9,1,TP,11,1,143,0,0,-1.79,6.68,1.26,1.26,0.66,0.36,270,0,2.02,0,-1,5,0.47
SOLUSDT,-1,1.9,1,TP,18,1,880,0,0,-2.27,2.22,0.77,0.77,0.75,0.43,37,0,2.06,0,-1,2,0.54
SOLUSDT,1,1.9,1,TP,6,7,259,0,6,0.2,16.38,0.64,0.96,0.77,0.95,452,0,2.26,-0.28,1,13,1.02
SOLUSDT,1,-2.1,0,SL,37,1,139,0,0,-5,7.27,3.03,3.03,0.84,0.25,43,0,1.68,0,1,18,1.45
SOLUSDT,-1,-2.1,0,SL,15,11,354,0,10,-0.39,2.25,1.54,1.07,0.75,0.89,175,0,2.12,0.23,-1,21,0.69
SOLUSDT,-1,1.9,1,TP,1,1,184,0,0,-1.94,11.15,2.57,2.57,0.48,0.24,326,0,1.34,0,-1,17,0.77
SOLUSDT,-1,-2.1,0,SL,3,11,484,0,10,0.39,0.27,3.4,1.21,1.63,1.2,114,0,3.68,-3.06,-1,20,1.98
SOLUSDT,-1,-2.1,0,SL,3,13,656,0,12,-1.08,2.95,1.87,2.18,1.48,1.25,284,0,3.6,2.58,-1,15,2.99
SOLUSDT,1,1.9,1,TP,56,2,306,0,1,-0.11,8.05,0.87,1.82,0.54,1.13,785,0,0.8,-0.65,1,18,0.82
SOLUSDT,-1,-2.1,0,SL,106,14,208,0,13,0.81,3.46,1.33,2.19,0.7,1.23,1129,0,2.01,-1.17,-1,11,1.3
SOLUSDT,-1,-2.1,0,SL,5,6,279,0,5,-0.6,30.56,0.71,0.95,1.5,1.75,1564,0,4.53,0.52,-1,21,1.32
SOLUSDT,-1,-2.1,0,SL,14,11,102,0,10,-0.14,2.01,1.02,0.68,0.58,0.4,6,0,1.83,-0.35,-1,6,0.36
SOLUSDT,1,-2.1,0,SL,15,9,177,0,8,0.47,7.48,0.76,0.83,0.71,0.34,335,0,1.9,-0.49,1,23,1
SOLUSDT,-1,1.9,1,TP,11,9,366,0,8,0.31,2.17,1.34,3.47,1.51,0.55,279,0,1.14,-1.84,-1,14,4.85
SOLUSDT,1,1.9,1,TP,7,3,150,0,2,1.38,4.73,1.76,3.87,0.97,0.49,329,0,1.56,-3.14,1,13,2.75
SOLUSDT,-1,-2.1,0,SL,10,18,4,1,16,-0.08,-1.3,1.51,0.71,1,0.51,357,0,3.03,-0.98,-1,0,1.25
SOLUSDT,-1,-2.1,0,SL,17,10,375,0,9,0.12,5.78,1.51,0.7,1.02,0.41,112,0,3,-1.68,-1,22,0.85
SOLUSDT,-1,-2.1,0,SL,17,2,428,0,1,0.33,1.1,0.79,1.35,0.65,0.46,10,0,1.87,-0.57,-1,19,0.81
SOLUSDT,1,1.9,1,TP,20,16,7,0,15,-0.16,3.66,0.76,0.81,0.83,0.44,97,0,2.31,1.96,1,21,0.77
SOLUSDT,1,1.9,1,TP,2,1,277,0,0,-3.98,7.75,2.3,2.3,0.83,0.51,186,0,1.3,0,1,16,1.3
SOLUSDT,1,-2.1,0,SL,21,5,545,0,4,0.2,10.46,0.91,2.15,0.6,0.51,450,0,0.35,-0.63,1,11,1.07
SOLUSDT,1,1.9,1,TP,26,8,345,0,7,-0.1,9.1,0.98,0.78,0.54,0.44,202,0,1.7,-0.67,1,9,0.34
SOLUSDT,1,1.9,1,TP,1,3,483,0,2,-0.22,2.02,0.83,1.98,0.59,0.75,113,0,1.29,-0.88,1,20,1.12
SOLUSDT,1,1.9,1,TP,3,1,940,0,0,-2.37,4.69,1.24,1.24,1.23,0.37,117,0,3.56,0,1,14,0.82
SOLUSDT,-1,-2.1,0,SL,2,8,366,0,7,-0.46,15.74,0.47,2.02,1.13,0.37,403,0,3.13,0.56,-1,14,1.99
SOLUSDT,-1,1.9,1,TP,10,1,599,0,0,-1.53,23.44,1.76,1.76,0.97,0.39,643,0,0.87,0,-1,0,1.64
SOLUSDT,-1,-2.1,0,SL,24,7,779,0,6,-0.04,0.08,1.08,0.48,1.1,0.52,34,0,1.84,-1.73,-1,21,0.46
SOLUSDT,-1,1.9,1,TP,2,1,950,0,0,-1.78,1.36,1.06,1.06,0.87,0.52,211,0,1.7,0,-1,16,0.91
SOLUSDT,-1,1.9,1,TP,24,7,254,0,6,0.26,2.56,3.54,0.9,0.57,0.26,31,0,1.63,-0.54,-1,18,0.58
SOLUSDT,-1,1.9,1,TP,34,1,432,0,0,-3.05,2.21,1.52,1.52,0.69,0.37,80,0,0.61,0,-1,14,0.7
SOLUSDT,-1,1.9,1,TP,3,4,625,0,3,0.57,-0.86,1.33,3.34,0.77,0.58,99,0,1.08,-2.17,-1,15,2.05
SOLUSDT,-1,1.9,1,TP,2,8,1001,0,7,0.34,14.88,1.72,1.35,0.77,0.65,471,0,2.14,-1.22,-1,13,1.47
SOLUSDT,-1,-2.1,0,SL,5,8,508,0,7,0.16,2.64,0.84,2.04,2.19,1.55,127,0,5.9,-2.11,-1,23,4.2
SOLUSDT,-1,-2.1,0,SL,2,1,848,0,0,-1.77,16.21,0.76,0.76,1.73,3.61,286,0,5.32,0,-1,12,1.19
SOLUSDT,1,-2.1,0,SL,2,5,167,0,4,-0.24,7.87,1.28,2.21,1.23,0.69,217,0,3.38,-0.49,1,14,1.78
SOLUSDT,-1,-2.1,0,SL,3,16,205,0,15,0.46,4.5,0.83,0.78,1.34,0.95,23,0,4.02,-0.67,1,19,1.61
SOLUSDT,-1,1.9,1,TP,3,7,311,6,0,-2.51,1.32,7.94,7.94,1.09,1.87,0,3,0.85,2.34,-1,12,4.53
SOLUSDT,-1,-2.1,0,SL,1,8,782,0,7,-0.04,18.96,0.94,2.15,1.89,1.2,384,1,5.52,-1.77,-1,10,3.3
SOLUSDT,1,1.9,1,TP,9,7,351,0,6,0.08,3.94,0.64,1.02,1.19,1.04,116,0,3.09,-1.43,1,12,1.37
SOLUSDT,1,-2.1,0,SL,4,6,590,0,5,-0.43,1.75,1.17,0.94,0.97,0.91,109,0,2.9,-1.3,1,0,0.84
SOLUSDT,-1,1.9,1,TP,13,3,343,0,2,-0.18,12.86,0.42,1.18,1.26,0.7,339,0,1.99,-1.01,-1,7,1.64
SOLUSDT,1,1.9,1,TP,6,14,125,0,13,0.43,0.02,2.01,1.08,1.17,0.62,90,0,2.45,-2.81,1,23,1.76
SOLUSDT,1,-2.1,0,SL,23,14,406,0,13,0.35,0.38,0.86,0.71,0.97,0.7,50,0,2.92,-1.1,1,21,1.53
SOLUSDT,1,1.9,1,TP,2,1,183,0,0,-2.65,4.54,1.8,1.8,0.62,0.4,11,0,1.8,0,1,15,0.82
SOLUSDT,1,1.9,1,TP,7,16,424,0,15,0.05,5.18,5.72,0.69,1.55,0.44,140,0,4.09,-4.21,1,3,1.65
SOLUSDT,-1,1.9,1,TP,13,1,142,0,0,-2.45,3.68,0.58,0.58,1.01,0.74,177,0,2.01,0,-1,16,0.53
SOLUSDT,-1,1.9,1,TP,4,1,373,0,0,-2.74,5.77,1.05,1.05,1.04,0.33,165,0,2.08,0,-1,2,1.08
SOLUSDT,1,-2.1,0,SL,4,1,261,0,0,-3.84,11.15,2.94,2.94,1,0.25,220,0,2.85,0,1,13,1.65
SOLUSDT,-1,-2.1,0,SL,3,1,114,0,0,-4.94,5.79,6.35,6.35,1.44,0.64,3,0,3.42,0,-1,0,4.37
SOLUSDT,1,1.9,1,TP,5,15,89,0,14,0.04,4.1,0.93,1.33,0.37,0.17,18,0,1.1,-0.02,1,19,0.69
SOLUSDT,1,1.9,1,TP,17,1,207,0,0,-3.7,5.32,2.3,2.3,0.75,0.38,6,0,2.15,0,1,20,0.89
SOLUSDT,-1,1.9,1,TP,8,1,243,0,0,-1.92,1.61,1,1,0.67,0.54,125,0,1.92,0,-1,10,0.54
SOLUSDT,-1,1.9,1,TP,9,13,727,0,12,-0.59,4.86,2.26,0.49,0.82,0.35,46,0,2.48,-1.26,-1,11,0.78
SOLUSDT,-1,-2.1,0,SL,33,4,893,0,3,-0.05,5.78,0.51,0.85,0.62,0.34,221,0,1.92,-0.78,-1,4,0.55
SOLUSDT,-1,1.9,1,TP,10,11,1077,0,10,0.1,3.64,1.58,0.46,0.59,0.65,36,1,0.54,-0.83,-1,2,0.48
SOLUSDT,1,1.9,1,TP,29,13,107,0,12,0.31,4.86,0.53,1.47,0.68,0.47,34,0,1.03,-0.77,1,6,0.78
SOLUSDT,-1,-1.447,0,TIMEOUT,146,12,108,0,11,-0.29,1.45,0.58,0.25,0.55,1.03,26,0,1.26,0,-1,21,0.32
SOLUSDT,1,1.9,1,TP,21,14,92,0,13,-0.22,2.05,1.61,2.97,0.88,0.21,7,0,1.79,1.18,1,2,1.26
SOLUSDT,-1,1.9,1,TP,10,1,478,0,0,-1.68,3.19,1,1,0.53,0.24,48,0,0.23,0,-1,15,0.58
SOLUSDT,-1,-2.1,0,SL,49,6,704,0,5,0.01,3.11,1.87,1.13,0.74,0.28,79,0,1.42,-0.96,-1,0,0.92
SOLUSDT,-1,1.9,1,TP,6,8,945,0,7,-0.33,1.87,1.49,0.78,0.69,0.56,31,1,0.5,-0.76,-1,12,0.5
SOLUSDT,1,-2.1,0,SL,35,16,176,0,15,-0.54,4.86,0.78,0.53,0.38,0.2,56,0,1.21,0.15,1,5,0.26
SOLUSDT,-1,1.9,1,TP,43,5,269,0,4,0.12,1.05,0.67,0.69,0.35,0.4,49,0,0.68,-0.4,-1,11,0.21
SOLUSDT,1,1.9,1,TP,4,1,162,0,0,-2.82,0.5,1.09,1.09,0.48,0.42,162,0,0.98,0,1,14,0.38
SOLUSDT,1,1.9,1,TP,14,1,459,0,0,-3.31,2.42,2.24,2.24,0.7,0.31,179,0,1.52,0,1,16,1.01
SOLUSDT,1,1.9,1,TP,12,2,705,0,1,-0.04,-0.41,2.12,1.48,0.74,0.21,128,0,1.77,-0.87,1,6,1.03
SOLUSDT,-1,1.9,1,TP,4,2,461,0,1,0.02,22.13,0.59,0.44,3.17,1.7,304,0,5.78,-0.58,-1,18,2.03
SOLUSDT,-1,-2.1,0,SL,1,8,1307,0,7,0.44,-0.09,1.2,0.97,0.79,0.25,35,0,2.29,-1.71,-1,13,1.01
SOLUSDT,-1,-2.1,0,SL,2,2,258,0,1,0.32,-1.67,0.72,5.1,0.8,0.24,169,0,1.21,-1.57,-1,18,2.88
SOLUSDT,-1,-1.145,0,TIMEOUT,80,17,1,1,15,0.09,1.75,1.88,2.55,0.44,0.22,12,0,1.11,0.81,-1,0,1.06
SOLUSDT,1,1.9,1,TP,74,7,116,0,6,0.14,-0.39,3.84,1.3,0.63,0.51,2,0,1.62,-1.36,1,5,0.69
SOLUSDT,-1,1.9,1,TP,56,16,5,0,15,-0.2,4.82,6.64,0.94,0.51,0.69,32,1,1.47,0.12,-1,10,0.79
SOLUSDT,-1,-0.961,0,TIMEOUT,171,9,247,0,8,0.08,5.1,0.44,0.53,0.33,0.34,31,0,0.56,-0.41,-1,23,0.13
SOLUSDT,-1,1.9,1,TP,15,1,438,0,0,-3.1,3.27,1.76,1.76,0.4,0.07,41,0,0.33,0,-1,23,0.68
SOLUSDT,-1,1.9,1,TP,3,5,564,0,4,-0.63,3.97,0.82,2.35,0.38,0.23,24,0,1.08,-0.18,-1,6,0.76
SOLUSDT,1,1.9,1,TP,27,16,6,0,15,-0.02,4.14,9.92,0.25,0.81,0.35,1,0,2.36,-0.44,1,17,0.51
SOLUSDT,1,1.9,1,TP,45,2,111,0,1,-0.23,2.83,0.38,1.14,0.52,0.35,34,0,1.55,-0.24,1,19,0.55
SOLUSDT,1,-2.1,0,SL,16,2,505,0,1,-0.31,19.97,0.4,0.35,0.85,0.28,297,0,2.5,-0.25,1,22,0.63
SOLUSDT,1,1.9,1,TP,10,14,752,0,13,0.07,1.73,9.13,0.7,0.6,0.41,0,0,1.35,-0.97,1,12,0.46
SOLUSDT,1,-2.1,0,SL,23,10,1099,0,9,-0.07,3.1,1.91,0.99,1.22,0.82,36,0,2,-1.54,1,2,1.54
SOLUSDT,1,1.9,1,TP,18,4,167,0,3,0,-0.67,3.23,2.46,0.85,0.43,0,0,1.9,-1.12,1,20,1.67
SOLUSDT,1,1.9,1,TP,10,5,333,0,4,-0.34,-1.35,1.46,1.57,0.61,0.4,129,0,1.67,-0.91,1,14,1.01
SOLUSDT,-1,1.9,1,TP,21,12,320,5,6,0.18,-1.27,0.81,0.52,0.67,0.76,180,0,0.96,-0.23,-1,21,0.3
SOLUSDT,-1,1.9,1,TP,86,3,136,0,2,-0.79,3.09,0.46,1.06,0.75,0.42,24,0,2.1,0.07,-1,17,0.95
SOLUSDT,-1,1.9,1,TP,43,10,533,0,9,-0.04,1.4,0.63,0.72,0.7,0.42,97,1,0.35,-0.33,-1,21,0.54
SOLUSDT,-1,1.9,1,TP,37,9,756,0,8,-0.06,1.72,1.35,0.57,0.45,0.27,28,0,1.4,-0.6,-1,4,0.25
SOLUSDT,-1,1.9,1,TP,18,1,993,0,0,-1.59,2.89,2.42,2.42,0.34,0.36,42,0,0.95,0,-1,16,0.41
SOLUSDT,-1,1.9,1,TP,72,4,1133,0,3,-0.27,1.07,0.87,0.67,0.66,0.51,13,0,1.4,-0.71,-1,3,0.46
SOLUSDT,-1,1.9,1,TP,14,9,1650,0,8,-0.13,3.11,0.42,0.47,1.25,0.94,35,0,2.23,0.63,-1,12,1.08
SOLUSDT,1,-2.1,0,SL,20,5,180,0,4,0,1.67,0.82,0.92,0.82,0.5,16,0,2.44,-1.08,1,20,1.04
SOLUSDT,-1,1.9,1,TP,2,4,135,0,3,-0.14,4.33,0.73,0.82,0.52,0.92,302,0,1.33,-0.56,-1,11,0.48
SOLUSDT,-1,1.9,1,TP,20,6,415,0,5,-0.14,0.95,1.41,1.73,0.45,0.29,9,0,1.31,-0.41,-1,9,0.77
SOLUSDT,1,1.9,1,TP,18,11,237,0,10,0.14,1.83,1.56,1.09,0.54,0.44,75,0,0.67,-0.28,1,17,0.47
SOLUSDT,-1,1.9,1,TP,18,1,131,0,0,-2.83,4.11,6.1,6.1,0.29,0.14,17,0,0.72,0,-1,17,1.1
SOLUSDT,1,1.9,1,TP,2,5,568,0,4,-0.51,2.66,4.25,3.26,0.57,0.33,21,0,1.22,-0.93,1,20,1.24
SOLUSDT,1,-2.1,0,SL,38,1,712,0,0,-1.92,1.24,1.25,1.25,0.52,0.48,66,0,1.32,0,1,8,0.47
SOLUSDT,-1,1.9,1,TP,8,1,416,0,0,-1.56,2.6,0.79,0.79,0.73,0.29,37,0,1.02,0,-1,16,0.84
SOLUSDT,-1,1.9,1,TP,21,7,204,0,6,0.38,14.88,0.44,1.8,0.34,0.43,213,0,1.09,-0.45,-1,6,0.4
SOLUSDT,-1,1.9,1,TP,5,1,117,0,0,-3.03,3.57,1.38,1.38,0.69,0.41,225,0,0.34,0,-1,0,0.56
SOLUSDT,-1,1.9,1,TP,35,7,423,0,6,-0.16,3.79,1.33,0.55,0.48,0.26,41,0,0.92,-0.39,-1,4,0.28
SOLUSDT,-1,-2.1,0,SL,25,15,72,0,14,-0.8,1.13,0.65,0.93,0.41,0.29,52,0,1.17,0.14,-1,12,0.48
SOLUSDT,-1,1.9,1,TP,13,5,177,0,4,-1.57,1.1,1.27,1.42,0.41,0.29,167,0,0.93,0.19,-1,14,0.74
SOLUSDT,-1,1.9,1,TP,41,1,709,0,0,-4.24,2.89,5.73,5.73,0.47,0.21,152,0,0.55,0,-1,3,1.24
SOLUSDT,1,1.9,1,TP,25,5,223,0,4,-0.32,1.49,2.04,0.67,0.49,0.25,7,0,1.13,-0.73,1,4,0.3
SOLUSDT,1,1.9,1,TP,198,1,515,0,0,-3.6,4.08,2.06,2.06,0.4,0.32,106,0,0.27,0,1,5,0.45
SOLUSDT,-1,1.9,1,TP,8,1,176,0,0,-1.09,0.28,0.87,0.87,0.55,0.29,97,0,1.59,0,-1,12,0.41
SOLUSDT,-1,1.9,1,TP,5,1,386,0,0,-2.27,1.62,0.96,0.96,0.69,0.7,4,1,1.19,0,-1,16,0.75
SOLUSDT,1,1.9,1,TP,15,4,267,0,3,-0.03,0.76,3.59,2.83,0.68,0.2,6,0,0.9,-1.71,1,18,1.36
SOLUSDT,1,1.9,1,TP,8,6,650,0,5,-0.36,1.65,0.59,0.77,1,0.41,61,0,0.42,-0.3,1,18,0.93
SOLUSDT,1,1.9,1,TP,2,8,797,0,7,-0.33,3.08,0.85,1.27,0.66,0.41,206,0,0.69,-0.18,1,7,0.73
SOLUSDT,-1,1.9,1,TP,12,1,133,0,0,-1.18,2.78,0.43,0.43,0.7,0.76,58,1,1.64,0,-1,4,0.37
SOLUSDT,1,1.9,1,TP,25,4,436,0,3,-0.17,2.26,0.79,1.53,0.88,0.44,53,0,0.88,-0.01,1,21,2.05
SOLUSDT,1,1.9,1,TP,6,9,692,0,8,-0.93,3.21,2.21,1.95,0.72,0.25,11,0,1.81,-0.08,1,13,1.9
SOLUSDT,1,-2.1,0,SL,10,17,874,0,16,-0.42,7.92,1.25,0.81,1.14,1.83,123,0,3.5,1.04,1,11,0.82
SOLUSDT,-1,1.9,1,TP,3,1,261,0,0,-3.1,0.71,1.78,1.78,0.92,0.61,123,0,0.31,0,-1,15,1.82
SOLUSDT,-1,1.9,1,TP,12,1,472,0,0,-1.47,6.84,0.92,0.92,0.46,0.63,334,0,1.32,0,-1,20,0.48
SOLUSDT,-1,1.9,1,TP,18,9,604,0,8,-0.12,5.59,0.57,0.8,0.48,0.5,112,0,1.45,-0.04,-1,5,0.52
SOLUSDT,1,-0.578,0,TIMEOUT,177,4,200,0,3,1.02,11.41,0.83,1.57,0.63,0.43,303,0,1.55,-1.53,1,17,1.16
SOLUSDT,-1,1.9,1,TP,58,10,267,0,9,-2.1,1.18,2.73,5.24,0.67,0.59,267,0,1.59,1.03,-1,16,2.52
SOLUSDT,-1,1.9,1,TP,77,1,477,0,0,-0.69,0.23,0.56,0.56,0.68,0.25,152,0,0.74,0,-1,21,0.38
SOLUSDT,1,1.9,1,TP,17,5,97,1,3,-0.11,1.25,0.65,1.98,0.32,0.18,186,0,0.94,0.14,1,11,0.62
SOLUSDT,1,1.9,1,TP,29,7,700,0,6,0.08,-0.09,5.96,1.02,0.54,0.33,169,0,0.47,-1.25,1,17,0.64
SOLUSDT,-1,1.9,1,TP,19,16,508,0,15,0.52,10.27,0.88,0.67,0.41,1.2,304,0,1.21,-0.45,-1,5,0.49
SOLUSDT,-1,-2.1,0,SL,24,1,395,0,0,-0.93,4.59,1.03,1.03,0.36,0.25,52,0,1,0,-1,8,0.33
SOLUSDT,-1,1.9,1,TP,33,6,449,0,5,-0.23,0.19,0.41,0.58,0.49,0.56,10,1,0.75,-0.08,-1,18,0.46
SOLUSDT,1,-2.1,0,SL,101,1,179,0,0,-1.69,2.7,0.78,0.78,0.59,0.4,25,0,1.32,0,1,23,0.44
SOLUSDT,1,1.9,1,TP,14,2,399,0,1,-0.03,1.61,0.66,0.65,0.53,0.16,40,0,0.63,-0.38,1,6,0.51
SOLUSDT,-1,-1.922,0,TIMEOUT,24,10,492,0,9,0.32,-1.08,0.3,0.6,0.46,0.23,79,0,0.91,-0.27,-1,19,0.39
SOLUSDT,1,-2.1,0,SL,8,5,729,0,4,0.58,1.59,0.82,2.25,0.58,0.26,33,0,0.31,-0.45,1,10,0.95
SOLUSDT,1,1.9,1,TP,13,1,492,0,0,-2.62,5.85,2.32,2.32,0.54,0.31,41,0,1.49,0,1,11,1.11
SOLUSDT,1,1.9,1,TP,3,1,840,0,0,-1.84,10.22,1.7,1.7,0.98,0.33,178,0,2.45,0,1,2,0.95
SOLUSDT,1,-2.1,0,SL,1,1,920,0,0,-4.27,5.43,6.71,6.71,1.59,0.46,38,0,2.77,0,1,22,5.45
SOLUSDT,1,-2.1,0,SL,7,14,1082,0,13,-0.61,8.18,5.34,0.43,1.23,0.45,187,0,3.66,-1.59,1,15,0.89
SOLUSDT,1,1.9,1,TP,35,6,1215,0,5,-0.04,0.82,1.61,1.02,0.93,1.14,35,0,2.7,-1.71,1,0,1.06
SOLUSDT,1,1.9,1,TP,13,2,1462,0,1,-0.73,1.49,0.86,1.1,0.52,1.14,286,0,1.31,0.42,1,14,0.69
SOLUSDT,1,1.9,1,TP,5,5,2001,0,4,-0.13,5.07,1.59,1.29,1.05,0.43,274,0,1.28,-2.11,1,5,1.31
SOLUSDT,1,-2.1,0,SL,5,8,2275,0,7,0.07,-0.5,2.16,1.05,1.01,0.47,136,0,1.05,-2.06,1,1,1.26
SOLUSDT,1,-2.1,0,SL,1,16,2612,0,15,-0.04,2.46,4.28,1.11,1.74,0.59,1,0,4.92,0.35,1,13,2.56
SOLUSDT,1,-2.1,0,SL,6,11,515,0,10,-0.92,3.47,0.6,0.95,0.78,0.43,112,0,2.21,1.14,1,6,0.83
SOLUSDT,1,-2.1,0,SL,7,4,440,0,3,-0.33,17.4,0.57,2.13,0.76,0.26,627,0,1.84,-0.18,1,23,1.07
SOLUSDT,-1,1.9,1,TP,27,8,133,0,7,-0.26,6.17,0.73,0.83,1.17,0.79,155,0,3.32,-0.43,-1,18,1.08
SOLUSDT,1,-2.1,0,SL,5,8,232,0,7,-0.48,4.87,1.93,0.76,0.74,0.49,174,0,2.2,-1.19,1,17,0.58
SOLUSDT,-1,1.9,1,TP,58,13,329,0,12,0.59,13.77,1.85,0.95,0.75,1.4,369,1,2.37,-1.88,-1,12,0.91
SOLUSDT,-1,1.9,1,TP,9,2,191,0,1,-0.46,2.52,1.93,1.76,1.02,0.83,41,0,2.43,-1.04,-1,12,1.6
SOLUSDT,1,-2.1,0,SL,23,7,189,0,6,0.09,-1.02,0.65,0.74,1.92,1,136,0,2.67,-3.16,1,0,2.05
SOLUSDT,-1,1.9,1,TP,7,3,302,0,2,-0.41,5.57,1.82,1.8,0.54,0.44,289,0,1.45,-0.62,-1,0,0.67
SOLUSDT,-1,1.9,1,TP,45,5,113,0,4,0.23,-0.7,0.96,1.15,0.61,0.46,85,0,1.75,-1.06,-1,23,0.89
SOLUSDT,1,1.9,1,TP,5,1,455,0,0,-2.21,2.75,1.77,1.77,0.78,0.58,266,0,0.15,0,1,16,1.07
SOLUSDT,1,1.9,1,TP,9,8,627,0,7,-1.04,1.93,2.59,1.49,0.63,0.7,79,0,1.82,-0.6,1,11,0.98
SOLUSDT,-1,1.9,1,TP,53,9,221,0,8,-0.22,6.14,0.99,0.66,0.63,0.37,174,0,1.94,-0.65,-1,2,0.73
SOLUSDT,-1,-2.1,0,SL,9,6,553,0,5,0.01,-0.14,0.82,0.99,0.57,0.87,324,0,0.77,-0.92,-1,13,0.7
SOLUSDT,1,1.9,1,TP,17,9,168,0,8,-0.02,7.53,2.61,3.22,1.05,0.8,508,0,2.42,-0.49,1,11,3.18
SOLUSDT,1,-2.1,0,SL,26,5,643,0,4,0.05,1.74,2.26,2.76,0.92,0.58,86,0,2.12,-1.64,1,10,2.01
SOLUSDT,1,1.9,1,TP,6,11,832,0,10,0.71,-0.02,0.98,1.49,1.32,0.59,269,0,1.59,-2.19,1,9,1.72
SOLUSDT,1,1.9,1,TP,19,1,535,0,0,-1.35,13.2,0.73,0.73,1.03,0.57,271,1,3.28,0,1,17,1.05
SOLUSDT,1,1.9,1,TP,4,3,372,0,2,0.21,-0.27,0.53,1.47,0.56,0.47,130,0,0.09,-0.74,1,22,0.7
SOLUSDT,-1,-2.1,0,SL,25,9,230,0,8,-0.19,0.14,1.08,0.66,0.65,0.49,186,0,2.04,-0.69,-1,5,0.58
SOLUSDT,-1,1.9,1,TP,11,4,301,0,3,-0.02,-0.63,0.55,0.52,0.65,0.48,262,0,1.85,-0.74,-1,23,0.5
SOLUSDT,-1,-2.1,0,SL,11,7,611,0,6,0.04,0.71,0.82,0.75,0.51,0.46,22,0,0.62,-0.12,-1,5,0.69
SOLUSDT,1,-2.1,0,SL,61,14,5,0,13,0.05,2.92,1.65,0.72,0.63,0.44,44,0,1.81,-0.88,1,12,1.02
SOLUSDT,-1,1.9,1,TP,12,1,283,0,0,-3.2,5.71,2.19,2.19,0.56,0.46,75,0,1.59,0,-1,13,0.93
SOLUSDT,-1,1.9,1,TP,7,8,587,7,0,-2.87,0.75,1.51,1.51,1.65,2.44,182,0,2.25,2.67,-1,17,2.29
SOLUSDT,-1,1.9,1,TP,4,1,763,0,0,-1.56,4.48,1.12,1.12,1.13,2.53,358,0,3.35,0,-1,13,1.21
SOLUSDT,-1,-2.1,0,SL,3,5,915,0,4,0,1.85,3.44,0.94,1.62,2.48,506,0,1.92,-5.38,-1,3,1.6
SOLUSDT,1,1.9,1,TP,11,16,1,0,15,-0.27,0.54,0.54,1.38,1.16,2.34,530,0,3.64,-0.41,1,12,1.11
SOLUSDT,-1,1.9,1,TP,16,1,387,0,0,-3.43,1.67,2.27,2.27,0.55,2.43,1453,0,0.77,0,-1,23,0.74
SOLUSDT,-1,-2.1,0,SL,74,8,327,0,7,0.01,4.25,0.6,1.18,0.79,0.31,41,0,0.98,-0.62,-1,18,0.81
SOLUSDT,1,1.9,1,TP,46,1,438,0,0,-3.67,24.8,5.05,5.05,0.74,0.63,450,0,1.15,0,1,5,1.72
SOLUSDT,1,-2.1,0,SL,3,7,283,0,6,0.08,-0.69,1.09,1.01,0.54,0.37,280,0,1.2,-0.96,1,19,0.63
SOLUSDT,-1,-2.1,0,SL,30,4,249,0,3,-0.14,-0.21,1.74,2.83,0.42,0.15,76,0,1.05,-0.64,-1,8,0.49
SOLUSDT,-1,1.9,1,TP,7,1,323,0,0,-1.49,2.05,1.07,1.07,0.68,0.42,4,1,1.35,0,-1,2,0.64
SOLUSDT,1,-2.1,0,SL,6,17,1,0,16,-0.81,4.85,18.06,0.48,0.78,0.53,0,0,2.25,0.12,1,16,0.73
SOLUSDT,-1,-2.1,0,SL,10,10,207,0,9,0.07,15.13,0.88,0.87,0.72,0.29,306,0,2.16,-0.06,-1,4,0.65
SOLUSDT,-1,1.9,1,TP,39,7,259,0,6,0.12,11.85,0.85,0.4,0.9,0.29,361,0,2.19,-1.72,-1,17,0.91
SOLUSDT,-1,1.9,1,TP,8,13,550,0,12,-0.11,29.5,0.53,0.64,0.44,0.3,646,0,1.25,0.17,-1,18,0.46
SOLUSDT,1,1.9,1,TP,24,12,504,0,11,0.45,18.45,0.61,2.66,0.77,0.37,710,0,2.02,0.48,1,7,1.73
SOLUSDT,1,1.9,1,TP,7,7,1005,0,6,0.17,42.35,0.91,1.76,0.5,0.34,1216,0,0.59,-0.75,1,12,0.55
SOLUSDT,1,1.9,1,TP,8,1,225,0,0,-2.33,7.37,1.39,1.39,0.61,0.64,383,0,1.43,0,1,0,0.67
SOLUSDT,-1,1.9,1,TP,12,1,171,0,0,-2.27,11.09,0.75,0.75,0.89,0.35,245,0,1.99,0,-1,20,0.58
SOLUSDT,1,1.9,1,TP,10,7,131,0,6,-0.08,14.15,0.72,0.75,1.18,2.13,281,0,3.58,-2.59,1,4,1.13
SOLUSDT,-1,-2.1,0,SL,24,11,351,0,10,0.22,10.79,4.05,0.87,0.61,0.96,647,0,1.85,-0.86,-1,8,0.39
SOLUSDT,1,1.9,1,TP,8,4,147,0,3,-0.62,1.07,0.55,0.39,0.57,0.7,15,1,1.33,0.2,1,3,0.46
SOLUSDT,1,-2.1,0,SL,60,2,211,0,1,-0.1,18.74,1.29,1.59,0.52,0.41,228,1,1.48,-0.56,1,23,0.8
SOLUSDT,-1,1.9,1,TP,24,9,655,0,8,-0.02,2.11,1.79,0.67,0.63,0.59,74,0,1.44,-1.17,-1,17,0.77
SOLUSDT,-1,-2.1,0,SL,60,9,864,0,8,-0.29,3.94,1.51,1.7,0.7,0.6,283,0,1.37,-0.77,-1,21,1.18
SOLUSDT,-1,-2.1,0,SL,23,3,1132,0,2,0.03,0.23,1.13,1.18,0.51,0.17,36,0,0.58,-0.98,-1,16,0.7
SOLUSDT,1,-1.713,0,TIMEOUT,124,10,236,0,9,0.15,-0.28,1.23,1.05,0.48,0.48,135,0,1.38,-0.48,1,5,0.47
SOLUSDT,1,1.9,1,TP,19,1,378,0,0,-2.16,1.89,1.04,1.04,0.62,0.48,286,0,0.83,0,1,16,0.93
SOLUSDT,-1,1.9,1,TP,10,12,271,0,11,0.29,4.45,7.95,0.67,0.39,0.47,57,0,1.16,-1.32,-1,12,0.41
SOLUSDT,1,-2.1,0,SL,36,5,276,0,4,0.31,1.92,2.47,1.31,0.37,0.42,106,0,1,-0.86,1,0,0.46
SOLUSDT,-1,-2.1,0,SL,28,6,111,4,1,-0.49,4.37,0.32,0.52,0.51,0.43,282,0,1.62,0.6,-1,19,0.57
SOLUSDT,1,1.9,1,TP,5,12,151,0,11,-0.52,10.58,2.03,0.86,0.47,0.37,231,0,1.37,0.28,1,13,0.49
SOLUSDT,1,-2.1,0,SL,17,12,478,0,11,0.35,17.69,4.91,0.78,0.5,0.35,558,0,1.42,-0.47,1,22,0.51
SOLUSDT,1,1.9,1,TP,12,10,411,0,9,0.35,2.15,0.56,0.65,0.79,0.82,8,1,2.1,-1.3,1,22,0.7
SOLUSDT,-1,1.9,1,TP,63,7,134,0,6,0.17,0.67,1.38,0.6,0.58,0.21,62,0,1.85,-0.87,-1,23,0.42
SOLUSDT,-1,-2.1,0,SL,33,12,421,0,11,-0.4,7.32,0.43,1.02,0.76,0.22,344,0,2.16,0.89,-1,22,0.88
SOLUSDT,1,1.9,1,TP,24,15,443,0,14,-0.13,11.58,3.14,0.63,0.67,0.73,283,1,2.02,-0.05,1,8,0.6
SOLUSDT,1,-2.1,0,SL,2,9,774,0,8,0.08,1.88,1.48,1.53,1.3,0.53,59,0,2.26,-1.79,1,19,2.23
SOLUSDT,1,1.9,1,TP,13,10,986,0,9,0.23,3.55,2.03,1.21,0.74,0.53,270,0,2.22,-1.05,1,0,1.08
SOLUSDT,1,1.9,1,TP,8,2,1507,0,1,0.06,3.35,0.57,1,0.67,0.32,51,0,1.05,-0.57,1,10,0.78
SOLUSDT,-1,-2.1,0,SL,9,5,248,0,4,0.18,2.27,1.32,0.93,0.93,0.29,20,0,0.61,-2.5,-1,18,0.92
SOLUSDT,1,-2.1,0,SL,22,15,4,0,14,-0.26,2.06,1.06,1.03,0.8,0.28,88,0,2.41,1.21,1,13,1.01
SOLUSDT,-1,-2.1,0,SL,14,13,177,0,12,-0.47,2.67,1.25,0.48,0.53,0.38,123,0,1.61,0.42,-1,14,0.27
SOLUSDT,-1,1.9,1,TP,1,1,246,0,0,-3.12,20.17,1.51,1.51,0.84,0.44,611,0,1.81,0,-1,13,0.86
SOLUSDT,1,1.9,1,TP,4,12,124,0,11,-0.3,3.66,1.52,1.07,0.45,0.39,11,0,0.81,-0.53,1,0,0.61
SOLUSDT,1,1.9,1,TP,6,4,561,0,3,-1.76,0.93,1.93,2.52,0.43,0.19,114,0,0.77,0.01,1,13,0.86
SOLUSDT,-1,-2.1,0,SL,2,4,293,0,3,0.21,1.47,0.85,0.82,1.03,0.52,12,0,2.25,-1.21,-1,17,2
SOLUSDT,-1,1.9,1,TP,9,1,530,0,0,-0.86,3.97,0.86,0.86,0.63,0.52,252,0,0.9,0,-1,4,0.74
SOLUSDT,1,1.9,1,TP,13,1,870,0,0,-2.37,1.05,1.96,1.96,1.05,4.41,337,2,1.96,0,1,5,0.84
SOLUSDT,1,-2.1,0,SL,94,16,1031,0,15,-0.33,0.66,1.67,0.5,0.62,4.44,483,2,0.91,-0.06,1,21,0.62
SOLUSDT,-1,-2.1,0,SL,26,14,191,0,13,0.04,8.93,1.78,0.97,0.82,5.01,783,2,2.5,-0.19,-1,0,0.82
SOLUSDT,-1,-2.1,0,SL,4,9,288,0,8,-0.02,17.06,1.09,0.62,1.1,5.55,1404,2,3.38,-0.36,-1,10,1.25
SOLUSDT,-1,-2.1,0,SL,56,8,630,0,7,0.04,3.28,0.51,0.54,0.77,0.56,33,0,2.41,-1.38,-1,23,0.51
SOLUSDT,1,-2.1,0,SL,21,4,141,0,3,-0.15,4.05,6.68,3.03,0.85,0.52,289,0,1.74,-1.69,1,14,1.71
SOLUSDT,-1,1.9,1,TP,2,1,426,0,0,-2.4,24.35,4.11,4.11,1.14,0.52,426,0,2.97,0,-1,2,1.96
SOLUSDT,1,-2.1,0,SL,47,3,134,0,2,0.08,4.66,1.22,1.67,0.73,0.74,144,0,1.75,-0.7,1,2,0.56
SOLUSDT,1,-2.1,0,SL,46,13,214,0,12,0.09,3.09,3.51,0.72,0.84,0.4,107,0,2.34,-0.39,1,16,1.11
SOLUSDT,-1,-2.1,0,SL,43,1,603,0,0,-0.73,0.69,0.78,0.78,0.57,0.34,116,0,0.82,0,-1,3,0.46
SOLUSDT,-1,-2.1,0,SL,5,4,137,0,3,0.56,7.59,1.2,1.02,1.04,0.37,348,0,1.68,-0.99,-1,13,1.74
SOLUSDT,1,1.9,1,TP,12,15,146,0,14,-1.09,-0.08,0.74,4.87,0.68,0.39,141,0,1.43,1.32,1,8,1.78
SOLUSDT,1,-2.1,0,SL,40,3,424,0,2,-0.04,0.69,0.62,0.83,0.95,0.39,130,0,2.7,-1.14,1,5,1.35
SOLUSDT,1,-2.1,0,SL,46,6,350,0,5,-0.02,-0.15,0.85,1.44,0.77,0.35,136,0,0.99,-0.89,1,2,1.51
SOLUSDT,1,1.9,1,TP,16,7,712,0,6,-0.15,13.22,0.29,0.37,0.56,0.32,497,0,1.75,-0.22,1,21,0.35
SOLUSDT,-1,-2.1,0,SL,95,15,138,0,14,0.14,-0.7,1.21,1.24,0.58,0.26,22,0,1.35,-0.98,-1,19,1.01
SOLUSDT,1,1.9,1,TP,24,3,402,0,2,-0.14,0.06,3.14,2.51,0.93,0.26,1,0,2.15,-1.83,1,7,1.92
SOLUSDT,1,1.9,1,TP,14,2,530,1,0,-1.54,0.03,1.27,1.27,0.7,0.26,131,0,1.86,0.59,1,15,0.9
SOLUSDT,-1,-2.1,0,SL,27,2,464,0,1,-0.43,9.88,1.11,1.16,0.68,0.48,310,0,1.33,-0.3,-1,15,1.07
SOLUSDT,1,-1.07,0,TIMEOUT,46,1,110,0,0,-2.98,4.64,3.2,3.2,0.42,0.39,172,0,0.85,0,1,17,0.73
SOLUSDT,1,1.9,1,TP,30,13,192,0,12,0.2,5.55,1.28,1.36,0.52,0.38,242,0,1.44,-0.48,1,13,0.95
SOLUSDT,-1,1.9,1,TP,8,1,286,0,0,-3.61,2.57,2.18,2.18,0.53,0.34,69,0,0.93,0,-1,15,0.63
SOLUSDT,-1,1.9,1,TP,2,9,404,0,8,-0.34,8.19,2.24,1.05,0.62,0.35,179,0,1.76,-0.52,-1,20,0.61
SOLUSDT,1,1.9,1,TP,87,8,182,0,7,-0.07,6.17,0.89,1.99,0.4,0.17,202,0,0.85,-0.08,1,14,0.59
SOLUSDT,1,1.9,1,TP,50,4,665,0,3,-0.42,3.52,1.6,2.45,0.39,0.23,77,0,0.85,-0.17,1,14,0.68
SOLUSDT,1,1.9,1,TP,29,10,902,0,9,-0.1,1.37,0.64,1.23,0.46,0.32,3,0,0.43,-0.28,1,2,0.5
SOLUSDT,1,1.9,1,TP,31,8,1323,0,7,-0.91,2.73,0.84,0.83,0.42,0.43,34,1,1.28,-0.17,1,11,0.47
SOLUSDT,-1,1.9,1,TP,15,12,229,0,11,0.3,8.8,2.53,0.72,0.54,0.73,350,0,1.52,-0.63,-1,16,0.49
SOLUSDT,1,-2.1,0,SL,20,10,619,0,9,-0.4,16.95,1,0.7,0.5,0.23,358,0,1.49,0.53,1,5,0.3
SOLUSDT,1,1.9,1,TP,4,1,146,0,0,-3.65,4.74,1.99,1.99,1.13,0.51,10,0,0.73,0,1,14,1.32
SOLUSDT,-1,1.9,1,TP,3,6,144,0,5,-0.21,1.47,2.79,1.47,0.59,0.27,427,0,1.25,-1.46,-1,1,0.57
SOLUSDT,1,-2.1,0,SL,8,3,244,0,2,-1.05,7.19,0.46,8.66,0.52,0.22,350,0,0.48,0.47,1,12,2.35
SOLUSDT,1,-2.1,0,SL,41,13,580,0,12,-1.05,2.99,1.31,1.95,0.57,0.55,46,0,1.55,1.42,1,4,1.18
SOLUSDT,-1,-2.1,0,SL,10,3,210,0,2,1,1.51,0.95,2.3,0.49,0.29,69,0,1.23,-0.86,-1,17,1.21
SOLUSDT,-1,1.9,1,TP,23,8,192,0,7,0.33,2.9,1.03,0.42,0.32,0.33,40,0,0.91,-0.51,-1,18,0.22
SOLUSDT,-1,-2.1,0,SL,10,10,843,0,9,0.23,37.58,2.24,1.31,0.4,0.44,598,0,1.16,-0.29,-1,13,0.5
SOLUSDT,1,1.9,1,TP,30,1,235,0,0,-4.36,4.52,6.37,6.37,0.63,0.17,207,0,0.96,0,1,8,1.36
SOLUSDT,1,1.9,1,TP,11,1,601,0,0,-2.03,3.36,0.4,0.4,0.45,0.25,7,0,0.72,0,1,4,0.34
SOLUSDT,1,1.9,1,TP,30,7,720,0,6,-0.09,2.67,1.17,0.76,0.45,0.34,58,0,1.2,-0.15,1,10,0.45
SOLUSDT,-1,1.9,1,TP,21,10,164,0,9,-0.33,-0.77,1.56,0.59,0.57,0.36,77,0,0.92,-1.19,-1,11,0.36
SOLUSDT,-1,1.9,1,TP,12,1,111,0,0,-1.36,3.36,0.51,0.51,0.96,0.53,88,0,2.21,0,-1,17,0.78
SOLUSDT,1,-2.1,0,SL,42,1,49,0,0,-2.39,5.13,0.83,0.83,0.63,0.25,85,0,1.19,0,1,5,0.46
SOLUSDT,-1,1.9,1,TP,14,4,90,0,3,-0.04,2.23,1.48,0.51,0.73,0.36,296,0,1.1,-0.71,-1,0,0.66
SOLUSDT,-1,-2.1,0,SL,27,5,443,0,4,-0.47,2.51,4.12,0.88,0.47,0.47,209,0,1.24,-0.68,-1,17,0.29
SOLUSDT,-1,1.9,1,TP,22,6,830,0,5,0.13,5.42,2.2,0.73,0.88,0.45,237,0,2.08,-1.66,-1,17,0.75
SOLUSDT,-1,1.9,1,TP,28,15,91,0,14,0.04,10.27,0.89,0.45,0.83,0.44,158,0,2.42,-0.83,-1,20,0.95
SOLUSDT,-1,1.9,1,TP,6,1,554,0,0,-2.49,2.09,1.78,1.78,1.23,0.3,52,0,1.61,0,-1,16,1.6
SOLUSDT,-1,1.9,1,TP,26,17,6,0,16,0.01,4.72,5.16,1.03,1.1,0.75,11,0,3.18,-0.81,-1,20,1.35
SOLUSDT,1,-2.1,0,SL,26,6,132,0,5,-0.12,-0.45,0.7,0.47,0.56,0.55,1,0,1.77,-0.61,1,3,0.32
SOLUSDT,1,-2.1,0,SL,60,1,195,0,0,-4.09,6.25,0.73,0.73,0.85,0.26,27,0,1.79,0,1,18,1.1
SOLUSDT,-1,1.9,1,TP,3,1,195,0,0,-5.84,9.45,10.59,10.59,0.71,0.53,253,0,1.13,0,-1,0,2.4
SOLUSDT,-1,-2.1,0,SL,14,2,242,0,1,-0.1,0.35,0.66,0.65,0.75,0.23,138,0,1.1,-0.67,-1,1,0.85
SOLUSDT,1,-2.1,0,SL,15,15,9,0,14,-0.12,6.93,2.52,3.78,0.48,0.23,170,0,1.47,0.73,1,12,0.63
SOLUSDT,1,1.9,1,TP,3,1,120,0,0,-6.16,7.82,4.96,4.96,0.8,0.45,4,0,0.66,0,1,16,2.14
SOLUSDT,-1,-2.1,0,SL,61,16,487,0,15,-0.3,5.78,0.59,0.57,0.77,0.21,75,0,2.2,-0.46,-1,22,0.72
SOLUSDT,-1,-2.1,0,SL,20,12,584,0,11,-0.19,5.83,0.82,0.33,0.98,0.43,11,0,2.35,-2.02,-1,22,0.52
SOLUSDT,-1,-2.1,0,SL,73,2,806,0,1,-0.19,3.19,0.29,0.42,0.21,0.18,67,0,0.02,-0.02,-1,6,0.17
SOLUSDT,1,-2.1,0,SL,29,7,109,0,6,-0.15,0.78,1.28,0.81,0.42,0.39,46,1,0.99,-0.23,1,13,0.39
SOLUSDT,-1,-0.476,0,TIMEOUT,23,10,181,0,9,1.43,-0.74,6.13,1.58,0.51,0.37,133,0,1,-1.88,-1,2,1.28
SOLUSDT,-1,-1.174,0,TIMEOUT,79,2,249,0,1,-0.33,1.54,0.27,0.18,0.47,0.33,36,0,0.76,0.03,-1,19,0.22
SOLUSDT,1,1.9,1,TP,30,10,1,0,9,0.11,4.57,4.67,0.89,0.31,0.17,229,0,0.88,-0.53,1,1,0.23
SOLUSDT,1,1.9,1,TP,35,15,3,0,14,-0.99,4.34,2.74,0.81,0.53,0.1,33,0,1.37,1.33,1,17,0.55
SOLUSDT,1,1.9,1,TP,39,9,174,0,8,-0.82,3.16,0.54,0.5,0.42,0.28,80,0,1.27,-0.18,1,12,0.54
SOLUSDT,1,-1.472,0,TIMEOUT,98,15,511,0,14,0.37,1.65,1.16,0.73,0.31,0.21,284,0,0.42,-0.35,1,0,0.19
SOLUSDT,-1,1.9,1,TP,6,1,183,0,0,-1.74,3.09,0.85,0.85,0.53,0.71,141,0,1.63,0,-1,12,0.5
SOLUSDT,-1,-2.1,0,SL,5,16,497,2,13,-0.42,1.75,1.25,1.51,1.13,1.12,184,0,2.92,1.95,-1,19,1.28
SOLUSDT,-1,1.9,1,TP,42,1,72,0,0,-1.8,4.82,1.38,1.38,0.59,0.47,133,0,1.26,0,-1,8,0.79
SOLUSDT,1,-2.1,0,SL,45,5,322,0,4,0.01,4.46,2.16,1.32,0.55,0.48,37,0,0.37,-0.51,1,1,0.92
SOLUSDT,-1,1.9,1,TP,79,7,5,1,5,0.11,-1.43,4.25,2.23,0.75,0.49,93,0,1.95,-0.85,-1,16,1.56
SOLUSDT,-1,1.9,1,TP,11,3,126,0,2,-0.81,0.87,2.39,1.56,0.8,0.36,0,0,1.76,-0.35,-1,1,1.08
SOLUSDT,1,-2.1,0,SL,59,9,158,0,8,0.24,0.63,2.58,0.99,1.2,0.48,91,0,2.35,-2.39,1,17,1.73
SOLUSDT,1,1.9,1,TP,9,16,329,0,15,0.48,3.9,1.1,0.86,0.81,0.47,255,0,2.45,0.98,1,12,1.07
SOLUSDT,1,1.9,1,TP,42,8,209,0,7,-0.09,-0.04,1.33,2.05,0.56,0.21,44,0,1.42,-0.15,1,13,0.87
SOLUSDT,1,1.9,1,TP,82,3,446,0,2,-0.74,0.51,0.85,0.99,0.29,1.21,193,1,0.06,-0.2,1,1,0.36
SOLUSDT,-1,1.9,1,TP,65,10,337,0,9,0.11,2.63,10.54,1.05,0.57,0.43,1,1,1.34,-1.79,-1,2,1.1
SOLUSDT,1,1.9,1,TP,8,4,132,0,3,-0.01,11.67,0.37,0.64,0.45,0.47,157,0,1.3,-0.14,1,3,0.4
SOLUSDT,-1,-2.1,0,SL,3,2,445,0,1,-0.06,0.08,0.86,1.97,0.46,0.21,236,0,0.58,-0.29,-1,0,0.6
SOLUSDT,-1,1.9,1,TP,4,7,635,6,0,-1.69,0.04,0.67,0.67,0.6,0.38,127,0,1.01,0.07,-1,0,0.41
SOLUSDT,-1,-2.1,0,SL,56,10,959,0,9,-0.17,5.14,1.54,0.63,0.25,0.16,52,0,0.42,-0.04,-1,9,0.29
SOLUSDT,1,1.9,1,TP,14,5,176,0,4,-0.68,-1.47,0.89,0.93,0.63,0.19,151,0,0.88,-0.96,1,18,0.86
SOLUSDT,1,1.9,1,TP,76,6,179,0,5,-0.07,6.49,0.58,0.74,0.49,0.21,282,0,0.42,-0.32,1,20,0.44
SOLUSDT,-1,-2.1,0,SL,26,11,128,0,10,-0.48,11.71,8.19,0.73,0.48,0.2,170,0,1.43,-0.7,-1,0,0.51
SOLUSDT,-1,-0.881,0,TIMEOUT,45,10,210,0,9,-0.28,4.29,1.48,0.55,0.2,0.13,9,0,0.59,-0.09,-1,20,0.17
SOLUSDT,-1,-2.1,0,SL,26,13,199,0,12,-2.87,2.06,2.62,6.06,0.58,0.5,381,0,1.02,1.5,-1,18,2.48
SOLUSDT,1,-1.534,0,TIMEOUT,71,5,332,0,4,-0.02,2.88,1.42,0.79,0.44,0.22,20,0,1.28,-0.63,1,9,0.46
SOLUSDT,1,1.9,1,TP,4,1,460,0,0,-2.74,5.47,2.12,2.12,0.44,0.22,152,0,1.06,0,1,17,0.69
SOLUSDT,-1,1.9,1,TP,25,4,166,0,3,0.4,-0.74,0.5,3.76,0.43,0.26,4,0,0.89,-0.6,-1,7,0.71
SOLUSDT,1,-1.332,0,TIMEOUT,25,2,175,0,1,0.1,-0.13,0.77,1.62,0.26,0.21,159,0,0.81,-0.22,1,17,0.26
SOLUSDT,-1,-2.1,0,SL,3,3,328,0,2,-0.47,5.06,6.05,3.84,0.51,0.3,163,0,1.04,-0.57,-1,14,1.34
SOLUSDT,-1,1.9,1,TP,82,1,523,0,0,-1.87,2.37,0.62,0.62,0.31,0.29,179,0,0.26,0,-1,15,0.31
SOLUSDT,1,1.9,1,TP,9,1,280,0,0,-4.96,5.49,2.19,2.19,0.55,0.34,2,0,0.88,0,1,21,0.8
SOLUSDT,-1,-2.1,0,SL,29,10,224,0,9,-0.21,1.94,11.34,0.73,1.18,0.41,1,0,2.1,-3.77,-1,16,1.17
SOLUSDT,1,1.9,1,TP,22,2,236,0,1,0.12,7.86,0.56,0.82,0.82,0.38,308,0,1.43,-0.7,1,4,0.9
SOLUSDT,1,1.9,1,TP,31,8,435,0,7,0.3,2.05,1.03,1.07,0.59,0.36,14,1,1.63,-1.12,1,6,0.71
SOLUSDT,1,-2.1,0,SL,49,7,889,0,6,-0.18,1.41,4.2,0.85,0.42,0.15,5,0,0.5,-0.69,1,23,0.32
SOLUSDT,1,-2.1,0,SL,23,10,983,0,9,0.14,-0.27,5.15,0.98,0.49,0.41,0,0,0.9,-0.99,1,23,0.4
SOLUSDT,-1,1.9,1,TP,114,14,255,0,13,0.11,0.86,0.38,0.58,0.4,0.24,224,0,0.71,-0.03,-1,19,0.36
SOLUSDT,-1,1.9,1,TP,50,6,485,0,5,-0.15,0.27,0.44,1.07,0.53,0.29,3,0,1.06,-0.59,-1,5,0.93
SOLUSDT,-1,1.9,1,TP,121,5,325,0,4,-0.68,5.4,1.16,0.71,0.27,0.16,42,0,0.46,-0.04,-1,11,0.24
SOLUSDT,1,1.9,1,TP,199,5,134,0,4,-0.31,0.99,1.07,0.99,0.39,0.29,36,1,0.48,-0.37,1,16,0.48
XRPUSDT,1,1.9,1,TP,1,12,11,4,7,0.07,0.6,1.55,1.12,3.18,2.4,0,0,9.06,1.79,1,0,4.16
XRPUSDT,-1,1.9,1,TP,11,8,222,0,7,0.05,-1.14,1.11,0.61,1.18,0.32,120,0,2.26,-1.95,-1,3,0.97
XRPUSDT,-1,1.9,1,TP,15,12,549,0,11,0.29,1.82,3.76,1.68,0.76,0.56,153,0,2.23,-0.97,-1,13,1.22
XRPUSDT,1,-2.1,0,SL,21,2,292,0,1,0.53,1.6,0.53,0.54,1.13,0.36,31,0,2.99,-0.7,-1,18,0.92
XRPUSDT,-1,-2.1,0,SL,1,1,151,0,0,-4.95,4.75,19.55,19.55,2.52,1.97,0,0,5.8,0,-1,22,13.34
XRPUSDT,1,1.9,1,TP,1,9,236,0,8,-0.43,0.7,1.28,0.96,1.29,0.65,136,0,2.15,-0.77,1,4,1.38
XRPUSDT,1,1.9,1,TP,4,10,479,0,9,0.05,0.37,14.26,0.75,2.91,0.95,99,0,3.81,-10.72,1,16,3.73
XRPUSDT,-1,1.9,1,TP,19,5,390,0,4,-0.16,0.09,0.45,0.72,0.73,0.41,3,0,2.21,-0.55,-1,7,0.37
XRPUSDT,-1,-2.1,0,SL,23,14,595,0,13,-0.39,7.64,2.51,0.8,0.96,0.44,199,0,2.84,0.15,-1,10,0.88
XRPUSDT,-1,1.9,1,TP,12,11,407,0,10,-0.79,-0.39,1.32,0.78,0.86,0.63,32,0,1.68,-0.34,-1,0,0.86
XRPUSDT,1,-2.1,0,SL,2,11,364,0,10,-0.94,0.32,13.32,0.93,1.87,0.77,280,0,1.54,-1.09,1,16,2.08
XRPUSDT,-1,-2.1,0,SL,16,7,376,0,6,0.04,1.94,4.78,0.73,0.94,0.58,136,0,2.56,-1.63,-1,3,0.58
XRPUSDT,-1,1.9,1,TP,1,1,444,0,0,-1.69,20.23,0.57,0.57,1.03,2.39,461,0,3.04,0,-1,3,0.96
XRPUSDT,1,1.9,1,TP,3,10,129,0,9,-0.38,2.97,1.33,0.93,0.63,0.78,103,0,1.91,0.13,1,10,0.69
XRPUSDT,-1,1.9,1,TP,24,8,350,0,7,0.04,2.64,0.85,0.48,0.67,0.49,102,0,0.72,-0.34,-1,18,0.58
XRPUSDT,1,-2.1,0,SL,6,17,6,0,16,-0.61,4.4,0.81,0.69,2.01,0.48,5,0,5.35,5.35,1,8,1.86
XRPUSDT,1,1.9,1,TP,13,1,387,0,0,-1.87,3.57,1.16,1.16,0.67,0.44,127,0,1.47,0,1,7,0.83
XRPUSDT,1,1.9,1,TP,17,5,253,0,4,-0.2,1.02,0.69,0.62,0.65,0.63,239,0,1.95,-0.64,1,4,0.34
XRPUSDT,1,-2.1,0,SL,15,10,535,0,9,-0.07,1.59,8.8,0.57,1.09,0.94,69,2,1.35,-1.88,1,3,0.84
XRPUSDT,1,1.9,1,TP,3,5,1270,0,4,0.09,26.92,1,0.95,1.3,0.25,520,0,4,-1.07,1,19,1.76
XRPUSDT,-1,-2.1,0,SL,2,8,295,0,7,0.03,2.9,1.33,0.46,3.07,1.28,616,0,8.56,-4.63,-1,17,1.61
XRPUSDT,-1,-2.1,0,SL,2,7,517,0,6,-0.13,2.25,1.33,0.7,1.89,1.05,13,0,5,-1.57,-1,0,1.79
XRPUSDT,-1,-2.1,0,SL,3,8,895,0,7,-0.06,1.18,4.29,0.81,2.39,1.61,3,0,4.14,-8.55,-1,23,2.39
XRPUSDT,1,1.9,1,TP,3,1,352,0,0,-2.13,14.82,1.93,1.93,0.76,0.92,337,0,2.39,0,1,4,1.06
XRPUSDT,1,-2.1,0,SL,19,3,658,0,2,-0.09,1.69,1.05,0.62,0.6,0.27,15,0,1.85,-0.62,1,8,0.43
XRPUSDT,-1,1.9,1,TP,1,12,135,0,11,0.05,2.71,0.66,0.67,2.85,0.75,158,0,5.32,2.38,-1,22,2.28
XRPUSDT,-1,1.9,1,TP,4,1,300,0,0,-2.09,1.5,2.27,2.27,1.31,1.17,93,0,3.1,0,-1,15,2.11
XRPUSDT,1,1.9,1,TP,2,5,161,0,4,0.23,2.77,1.66,1.31,2.01,3.58,182,1,3,-4.21,1,13,3.17
XRPUSDT,1,1.9,1,TP,3,3,241,0,2,-0.11,5.77,0.96,1.1,1.19,1.07,470,0,3.7,-1.08,1,12,1.5
XRPUSDT,-1,1.9,1,TP,3,1,117,0,0,-2.4,8.23,1.36,1.36,0.94,0.49,237,0,2.22,0,-1,11,0.97
XRPUSDT,-1,1.9,1,TP,15,1,332,0,0,-2.19,1.19,1.29,1.29,0.65,0.28,140,0,0.57,0,-1,17,0.82
XRPUSDT,-1,-2.1,0,SL,81,9,622,0,8,-0.84,2.28,1.42,1.25,0.96,0.42,6,0,1.15,0.35,-1,17,1.45
XRPUSDT,-1,1.9,1,TP,70,10,125,0,9,-0.13,0.83,0.67,1.48,0.6,0.34,108,0,1.65,-0.58,-1,20,1.32
XRPUSDT,-1,1.9,1,TP,1,11,454,0,10,-2.07,12.41,0.96,2.52,1.46,0.39,436,0,2,2.31,-1,6,4.38
XRPUSDT,-1,-2.1,0,SL,9,7,140,0,6,-0.05,7.31,0.98,0.73,0.68,0.69,361,0,2.09,-0.52,-1,19,0.55
XRPUSDT,1,-2.1,0,SL,19,10,277,0,9,0.91,12,1.42,1.49,0.94,0.83,295,0,2.4,-2.99,-1,2,2.02
XRPUSDT,-1,-2.1,0,SL,43,6,111,1,4,-1.53,1.35,1.06,1.58,0.59,0.37,48,0,1.66,0.91,-1,17,1.17
XRPUSDT,-1,-2.1,0,SL,76,6,503,0,5,-0.45,0.2,0.74,0.84,0.57,0.76,6,1,1.43,-0.44,-1,19,0.47
XRPUSDT,-1,1.9,1,TP,12,7,168,0,6,0.01,0.67,0.8,0.84,0.65,0.33,94,0,1.91,-0.92,-1,14,0.45
XRPUSDT,-1,1.9,1,TP,77,4,462,0,3,-0.62,0.86,1.72,1.85,0.6,0.4,1,0,1.33,-0.8,-1,15,0.7
XRPUSDT,1,1.9,1,TP,32,1,221,0,0,-2.96,6.35,1.45,1.45,0.59,0.47,150,0,1.51,0,1,23,0.86
XRPUSDT,1,1.9,1,TP,1,1,420,0,0,-4.07,11.89,3.38,3.38,0.54,0.45,349,0,1.27,0,1,0,0.95
XRPUSDT,1,1.9,1,TP,2,4,569,0,3,1.11,10.88,1.61,4.28,0.8,0.44,495,0,0.75,-2.39,1,14,2.6
XRPUSDT,1,1.9,1,TP,107,5,889,0,4,-0.75,0.09,0.97,1.48,1.04,0.43,1,0,2.52,-0.78,1,22,0.99
XRPUSDT,1,-2.1,0,SL,49,4,1122,0,3,-0.18,1.55,1.25,1.34,0.95,0.57,4,0,0.75,-1.24,1,8,1.2
XRPUSDT,1,1.9,1,TP,19,15,273,0,14,0.22,4.13,1.29,2.02,0.86,0.57,23,0,2.48,0.43,1,13,1.74
XRPUSDT,1,1.9,1,TP,8,1,630,0,0,-2.66,4.13,2.81,2.81,1.2,1.26,41,1,3.57,0,1,7,1.24
XRPUSDT,1,1.9,1,TP,10,12,304,0,11,-0.05,15.24,1.79,0.95,0.7,1.27,428,0,1.34,-0.42,1,5,0.75
XRPUSDT,1,1.9,1,TP,8,7,306,0,6,-0.07,0.78,10.86,1.38,1.57,0.48,169,0,1.09,-4.82,1,17,2.16
XRPUSDT,1,1.9,1,TP,22,13,789,0,12,-0.45,0.23,3.08,0.39,0.56,0.35,114,0,1.53,-0.29,1,18,0.37
XRPUSDT,-1,1.9,1,TP,9,7,278,0,6,-0.39,2.54,0.38,0.52,1.22,0.9,12,0,2.49,-0.27,-1,11,1.13
XRPUSDT,-1,1.9,1,TP,13,1,535,0,0,-2.29,1.64,1.59,1.59,0.91,0.64,248,0,0.83,0,-1,4,1.07
XRPUSDT,-1,1.9,1,TP,71,2,157,0,1,0.26,0.07,0.84,0.65,0.38,0.38,34,0,1.13,-0.33,-1,4,0.48
XRPUSDT,-1,1.9,1,TP,67,15,325,0,14,-0.02,-0.66,0.38,0.99,0.74,0.41,80,0,0.89,0.57,-1,21,0.78
XRPUSDT,1,1.9,1,TP,38,3,434,0,2,-0.14,0.56,2.92,1.34,0.88,0.47,7,0,1.9,-1.49,1,14,1.41
XRPUSDT,1,1.9,1,TP,1,1,531,0,0,-2.13,1.25,0.56,0.56,0.89,0.36,81,0,0.78,0,1,14,0.44
XRPUSDT,1,1.9,1,TP,10,11,310,0,10,-0.62,3.3,1.29,0.6,0.48,0.2,8,0,1.38,-0.46,1,13,0.34
XRPUSDT,1,1.9,1,TP,16,1,284,0,0,-3.76,3.76,6.21,6.21,1.15,0.39,103,1,1.8,0,1,13,3.4
XRPUSDT,-1,1.9,1,TP,16,1,444,0,0,-0.68,0.02,0.68,0.68,0.5,0.19,134,0,0.47,0,-1,17,0.34
XRPUSDT,-1,1.9,1,TP,3,3,726,0,2,-1.1,2.84,1.9,2.39,1.09,1.62,54,1,2.68,-0.15,-1,15,1.32
XRPUSDT,-1,-0.447,0,TIMEOUT,22,7,929,0,6,2.26,-0.97,0.45,2.74,0.66,0.37,7,1,0.91,-1.93,1,18,2.18
XRPUSDT,-1,1.9,1,TP,51,3,996,0,2,-0.11,2.12,1.62,2.71,0.43,0.38,78,1,0.68,-0.42,-1,11,0.59
XRPUSDT,-1,1.9,1,TP,5,12,1292,0,11,-0.39,0.19,1.11,2.88,0.46,0.26,99,0,1.29,0.05,-1,13,1.04
XRPUSDT,-1,1.9,1,TP,6,5,1456,0,4,-0.28,0.87,0.87,1.2,0.47,0.26,270,0,0.67,-0.69,-1,6,0.39
XRPUSDT,-1,1.9,1,TP,2,2,212,0,1,-0.26,1.09,1.69,3.61,1.75,0.58,7,0,3.78,-1.96,-1,16,2.66
XRPUSDT,-1,1.9,1,TP,36,14,89,0,13,-0.76,-0.59,2.04,0.42,0.51,0.55,36,1,1.29,-0.4,-1,5,0.51
XRPUSDT,-1,-2.1,0,SL,3,10,332,0,9,0.09,5.54,2.29,0.81,0.68,0.76,199,2,2.01,-1.54,-1,18,0.68
XRPUSDT,1,1.9,1,TP,99,14,223,0,13,0.12,1.82,1.53,1.67,0.53,0.46,115,1,1.17,0.12,1,13,0.59
XRPUSDT,1,-2.1,0,SL,5,3,458,0,2,-0.34,6.44,2.32,1.42,0.99,0.44,361,1,2.8,-1.27,1,0,1.67
XRPUSDT,-1,1.9,1,TP,5,1,302,0,0,-2.08,2.87,0.8,0.8,0.82,0.22,36,0,0.41,0,-1,1,0.55
XRPUSDT,-1,-2.1,0,SL,15,9,671,0,8,0.3,2.68,2.36,0.66,0.73,0.56,10,0,2.04,-1.64,-1,21,0.79
XRPUSDT,-1,1.9,1,TP,76,7,917,0,6,-1.1,3.22,4.6,0.95,0.36,0.18,71,0,0.27,-0.04,-1,10,0.44
XRPUSDT,-1,-2.1,0,SL,3,16,1288,0,15,-0.42,11.93,1.61,0.51,0.9,0.35,280,0,2.61,-0.35,-1,7,0.59
XRPUSDT,-1,-2.1,0,SL,3,16,1439,0,15,0.42,2.5,3.72,0.48,1.04,0.39,80,0,2.91,0.08,-1,21,0.97
XRPUSDT,-1,1.9,1,TP,12,1,1590,0,0,-1.77,5.7,3.22,3.22,0.42,0.39,246,0,1.19,0,-1,11,0.62
XRPUSDT,1,-2.1,0,SL,12,3,214,0,2,-0.26,3.32,0.82,0.98,0.54,0.24,175,0,0.65,-0.9,1,7,0.47
XRPUSDT,1,-2.1,0,SL,78,9,350,0,8,-0.2,3,1.44,0.49,0.43,0.36,77,0,0.44,-0.42,1,17,0.51
XRPUSDT,-1,1.9,1,TP,1,1,321,0,0,-2.52,2.84,1.34,1.34,1.09,0.52,4,0,2.93,0,-1,9,1.08
XRPUSDT,1,1.9,1,TP,61,3,267,0,2,0.09,6.4,0.58,1.09,0.39,0.49,61,0,0.5,-0.26,1,5,0.28
XRPUSDT,1,1.9,1,TP,42,3,419,0,2,0.25,5.94,0.95,2.25,1.68,0.4,134,0,4.53,-3.29,1,2,3.53
XRPUSDT,1,1.9,1,TP,23,12,223,0,11,0.1,2.92,0.67,0.85,0.63,0.31,4,0,1.15,-0.76,1,5,0.57
XRPUSDT,1,-2.1,0,SL,17,12,394,0,11,0.2,5.79,3.72,0.79,0.7,0.3,175,0,1.78,-1.44,1,23,0.77
XRPUSDT,-1,1.9,1,TP,15,6,226,0,5,-1.75,8.12,0.72,1.58,1.02,1.49,192,0,1.92,0.99,-1,23,1.96
XRPUSDT,1,-2.1,0,SL,24,3,170,0,2,1.75,5.52,1.29,4.31,0.85,0.38,169,0,2.11,-2.91,1,13,2.66
XRPUSDT,1,1.9,1,TP,20,1,275,0,0,-3.48,6.05,1.23,1.23,0.9,0.43,39,0,0.49,0,1,15,1.04
XRPUSDT,-1,-2.1,0,SL,117,10,69,0,9,0.09,3.21,0.9,0.65,0.81,0.43,31,0,2.09,-1.69,-1,22,0.75
XRPUSDT,1,1.9,1,TP,3,1,243,0,0,-4.61,4.9,7.18,7.18,0.78,0.57,2,1,0.28,0,1,20,2.3
XRPUSDT,1,1.9,1,TP,18,13,192,0,12,-0.63,12.06,1.3,1.06,0.35,0.28,301,0,1.07,0.01,1,1,0.36
XRPUSDT,1,1.9,1,TP,1,2,450,0,1,-0.05,2.1,0.72,0.97,0.46,0.49,59,0,1.07,-0.11,1,17,0.42
XRPUSDT,1,-0.937,0,TIMEOUT,124,3,706,0,2,0.09,6.2,1.38,3.28,0.4,0.41,253,0,1.15,-0.43,1,9,0.81
XRPUSDT,1,1.9,1,TP,71,10,970,0,9,0.35,-1.49,2.92,3.43,0.33,0.17,2,0,0.35,-0.3,1,3,0.71
XRPUSDT,-1,1.9,1,TP,15,3,218,0,2,0.64,0.16,0.34,0.58,0.44,0.36,12,0,0.72,-0.68,-1,21,0.52
XRPUSDT,-1,1.9,1,TP,26,5,368,0,4,0.82,1.55,1.8,1.63,0.41,0.32,72,0,0.66,-0.7,-1,11,0.6
XRPUSDT,-1,1.9,1,TP,15,11,765,0,10,-0.01,0.54,1.56,1.43,0.53,0.35,99,0,1.39,-0.3,-1,14,0.73
XRPUSDT,-1,1.9,1,TP,12,1,995,0,0,-2.35,4.79,0.95,0.95,0.42,0.23,15,0,0.5,0,-1,23,0.8
XRPUSDT,1,1.9,1,TP,3,1,82,0,0,-3.24,6.39,2.88,2.88,0.61,0.24,163,0,1.07,0,1,2,1.03
XRPUSDT,-1,1.9,1,TP,55,13,97,0,12,-0.79,2.7,0.41,0.65,0.66,0.42,4,0,1.95,0.93,-1,0,0.7
XRPUSDT,1,-2.1,0,SL,53,4,78,0,3,0.01,1.91,0.63,1,0.55,0.45,25,0,1.7,-0.35,1,4,0.66
XRPUSDT,1,1.9,1,TP,35,5,194,0,4,-0.39,0.46,1.21,1.13,0.49,0.46,140,0,0.71,-0.4,1,9,0.68
XRPUSDT,-1,1.9,1,TP,2,1,842,0,0,-2.65,27.66,3.11,3.11,1.01,1.06,469,0,1.29,0,-1,10,2.07
XRPUSDT,1,-2.1,0,SL,35,14,117,0,13,-0.36,5.21,0.45,0.97,0.58,0.3,30,0,1.55,0.18,1,6,0.35
XRPUSDT,-1,-2.1,0,SL,152,17,198,0,16,0.33,1.98,0.77,0.89,0.81,0.41,70,0,2.43,0.34,-1,19,1.1
XRPUSDT,-1,1.9,1,TP,12,2,149,0,1,-1.93,1.22,1.35,6.66,0.56,0.33,150,0,0.84,-0.23,-1,9,1.56
XRPUSDT,1,-2.1,0,SL,22,14,169,0,13,-0.49,5.29,1.49,3.03,0.75,0.25,230,0,1.75,1.77,1,21,1.67
XRPUSDT,1,-2.1,0,SL,21,8,399,0,7,-0.11,6.86,1.09,1.61,0.48,0.25,466,0,1.12,-0.56,1,7,0.52
XRPUSDT,-1,1.9,1,TP,5,13,242,0,12,-0.14,9.87,2.36,0.9,1.36,0.36,213,0,3.89,-0.78,-1,4,1.22
XRPUSDT,1,-2.1,0,SL,5,9,127,0,8,-0.28,5.47,1.19,1.39,1.01,0.84,203,0,2.26,-0.42,1,8,0.99
XRPUSDT,1,1.9,1,TP,19,1,321,0,0,-2.97,7.38,2.26,2.26,0.55,0.36,533,0,1.52,0,1,20,0.84
XRPUSDT,1,1.9,1,TP,17,5,560,0,4,-0.22,17.86,1.53,1.07,0.52,0.44,227,0,1.58,-0.49,1,7,0.44
XRPUSDT,-1,1.9,1,TP,161,8,330,0,7,-0.2,1.02,1.84,0.53,0.78,1.27,64,0,2.51,-0.26,-1,12,0.45
XRPUSDT,1,1.9,1,TP,91,14,193,0,13,-0.01,4.54,2.2,0.85,0.62,0.28,294,0,1.29,-0.83,1,23,0.77
XRPUSDT,-1,-2.1,0,SL,16,2,285,0,1,0.18,3.28,0.37,1.31,1.02,0.29,163,0,1.56,-1.43,-1,14,1.67
XRPUSDT,-1,-2.1,0,SL,19,11,373,0,10,-0.1,1.05,0.68,2.65,0.57,0.48,51,0,0.94,-0.35,-1,12,1.3
XRPUSDT,1,1.9,1,TP,7,17,5,0,16,-0.02,3.72,1.64,0.78,0.63,0.46,82,0,1.87,-0.18,1,21,0.92
XRPUSDT,1,1.9,1,TP,20,1,154,0,0,-2.03,1.64,1.09,1.09,0.57,0.5,6,0,1.71,0,1,11,0.67
XRPUSDT,-1,1.9,1,TP,10,1,141,0,0,-3,4.56,1.58,1.58,0.6,0.28,163,1,1.14,0,-1,1,0.63
XRPUSDT,-1,-1.834,0,TIMEOUT,64,4,213,0,3,-0.28,3.41,0.39,0.99,0.37,0.3,19,0,1.14,-0.38,-1,11,0.27
XRPUSDT,-1,-1.805,0,TIMEOUT,13,8,341,0,7,0.12,3.06,0.93,0.59,0.36,0.3,143,0,0.95,-0.46,-1,19,0.3
XRPUSDT,-1,-1.044,0,TIMEOUT,66,7,464,0,6,-0.2,1.86,2.25,0.86,0.32,0.46,7,1,0.76,-0.38,-1,2,0.3
XRPUSDT,1,1.9,1,TP,90,17,243,0,16,-0.38,10.39,0.74,0.61,0.38,0.5,240,0,1.05,0.18,1,4,0.47
XRPUSDT,-1,1.9,1,TP,13,4,295,0,3,0.05,0.51,1.16,1.15,0.46,0.35,217,0,1.17,-1.07,-1,4,0.53
XRPUSDT,-1,-2.1,0,SL,23,5,403,0,4,0.51,2.1,0.59,0.92,0.44,0.47,29,1,1.33,-1.02,-1,7,0.39
XRPUSDT,-1,1.9,1,TP,7,1,182,0,0,-1.63,2.17,1.24,1.24,0.48,0.63,30,0,1.32,0,-1,13,0.57
XRPUSDT,1,-2.1,0,SL,1,3,420,0,2,0.26,16.11,2.95,1.48,1.48,0.82,361,0,4.43,-2.06,1,6,1.49
XRPUSDT,1,1.9,1,TP,9,3,543,0,2,0.58,0.55,2.2,2.55,1.43,0.57,5,0,3.21,-3.17,1,13,1.96
XRPUSDT,1,1.9,1,TP,14,1,486,0,0,-3.37,3.55,4.74,4.74,0.53,0.49,2,0,1.27,0,1,15,1.28
XRPUSDT,-1,1.9,1,TP,11,5,180,0,4,0.12,5.45,0.88,0.9,0.52,0.15,194,0,1.52,-0.73,-1,16,0.53
XRPUSDT,1,1.9,1,TP,5,5,130,0,4,-0.21,1.53,0.75,0.96,0.51,0.61,10,1,0.96,-0.22,1,21,0.91
XRPUSDT,1,1.9,1,TP,43,5,254,0,4,-0.01,4.92,1.23,0.52,0.41,0.3,32,0,1.26,-0.85,1,21,0.36
XRPUSDT,-1,-2.1,0,SL,23,6,232,1,4,-0.51,-0.1,0.42,1.61,0.43,0.24,149,0,1.23,0.11,-1,12,0.81
XRPUSDT,1,-2.1,0,SL,71,11,277,0,10,-0.4,2.77,1.06,0.91,0.62,0.39,63,0,1.96,-0.1,1,23,0.37
XRPUSDT,1,-2.1,0,SL,34,3,449,0,2,0.26,1.7,1.14,1.3,0.57,0.15,15,0,0.79,-0.76,1,14,0.92
XRPUSDT,-1,-0.948,0,TIMEOUT,148,2,173,0,1,-0.46,0.7,1.97,1.32,0.41,0.18,6,1,1.05,0.03,-1,0,0.41
XRPUSDT,-1,-0.538,0,TIMEOUT,97,4,353,0,3,-0.13,1.45,0.42,0.64,0.48,0.26,5,0,0.98,-0.75,-1,21,0.34
XRPUSDT,-1,-2.1,0,SL,59,11,500,0,10,-0.7,-0.36,1.49,2.09,0.58,0.32,2,0,1.57,-0.58,-1,10,0.66
XRPUSDT,-1,1.9,1,TP,98,1,283,0,0,-2.28,4.92,1.41,1.41,0.3,0.33,209,0,0.85,0,-1,0,0.38
XRPUSDT,1,-1.05,0,TIMEOUT,107,3,148,0,2,0.24,0.37,0.41,0.88,0.46,0.35,152,0,1.3,-0.4,1,6,0.58
XRPUSDT,-1,-1.216,0,TIMEOUT,72,11,205,0,10,-0.27,2.91,0.24,1.34,0.27,0.41,14,0,0.48,0.18,-1,6,0.35
XRPUSDT,1,-2.1,0,SL,6,12,687,0,11,-0.06,1.34,2.06,1.02,0.77,0.28,149,0,1.38,-1.63,1,6,0.68
XRPUSDT,1,-2.1,0,SL,75,7,841,0,6,0.04,1.4,0.77,1.53,0.6,0.23,22,0,0.57,-0.56,1,21,0.92
XRPUSDT,1,1.9,1,TP,1,1,241,0,0,-2.61,1.84,7.77,7.77,0.51,0.6,0,0,1.15,0,1,7,1.31
XRPUSDT,-1,-1.727,0,TIMEOUT,65,13,171,0,12,-0.07,2.41,1.03,0.48,0.51,0.39,44,0,1.26,0.47,-1,3,0.3
XRPUSDT,-1,1.9,1,TP,37,1,484,0,0,-3.24,3.24,3.34,3.34,0.69,0.68,3,1,0.53,0,-1,9,1.23
XRPUSDT,-1,-2.1,0,SL,6,5,710,0,4,0.21,-0.65,0.44,1.06,0.46,0.5,185,0,0.83,-0.33,-1,18,0.82
XRPUSDT,1,1.9,1,TP,8,3,259,0,2,-0.33,0.37,1.28,0.9,0.26,0.56,105,0,0.71,-0.24,1,16,0.34
XRPUSDT,-1,1.9,1,TP,24,2,307,0,1,0.4,-1.08,0.75,1.48,0.4,0.28,183,0,0.53,-0.56,-1,21,0.73
XRPUSDT,-1,1.9,1,TP,276,11,417,0,10,-0.33,3.04,0.36,0.61,0.91,0.76,76,1,1.75,-0.03,-1,0,0.81
XRPUSDT,1,-2.1,0,SL,173,6,262,1,4,-0.12,-2.1,1.38,1.23,0.52,0.28,98,0,0.63,-0.63,1,21,0.71
XRPUSDT,1,-2.1,0,SL,66,8,528,0,7,-0.68,2.63,8.87,1.1,0.71,0.2,147,0,1.01,-0.3,1,16,0.82
XRPUSDT,1,-2.1,0,SL,40,5,775,0,4,-0.31,2.59,0.73,1.3,0.35,0.35,40,0,0.43,-0.28,1,6,0.43
XRPUSDT,-1,1.9,1,TP,99,2,865,0,1,0,1.24,0.67,0.68,0.56,0.16,21,0,0.15,-0.49,-1,22,0.86
XRPUSDT,-1,-2.1,0,SL,5,4,347,0,3,0.1,-0.52,1.03,2.49,0.64,0.39,97,1,0.65,-0.81,-1,13,0.91
XRPUSDT,1,-2.1,0,SL,38,16,160,0,15,-0.18,3.2,2.91,0.54,0.93,0.33,20,0,2.52,0.1,1,14,0.97
XRPUSDT,1,1.9,1,TP,8,1,337,0,0,-1.31,3.18,0.53,0.53,0.65,0.23,85,0,0.98,0,1,10,0.31
XRPUSDT,1,1.9,1,TP,3,13,530,0,12,0.04,-1.14,3.56,0.56,0.92,0.48,171,0,1.22,-2.86,1,11,0.87
XRPUSDT,1,1.9,1,TP,23,14,712,0,13,0.13,3.02,4.11,1.33,0.94,0.18,70,0,1.28,-1.63,1,8,1.7
XRPUSDT,1,1.9,1,TP,13,1,904,0,0,-2.74,5.02,2.35,2.35,0.83,0.34,107,0,1.89,0,1,8,1.62
XRPUSDT,-1,1.9,1,TP,8,5,228,0,4,-1.06,6,1.74,1.85,0.54,0.42,86,0,1.64,0.18,-1,18,0.73
XRPUSDT,-1,1.9,1,TP,28,8,419,0,7,0.21,-0.42,1.49,0.74,0.61,0.34,42,0,0.63,-1.2,-1,17,0.65
XRPUSDT,-1,-0.95,0,TIMEOUT,181,3,716,0,2,-0.44,1.35,0.81,1.25,0.29,0.2,7,0,0.47,-0.3,-1,20,0.24
XRPUSDT,1,-2.1,0,SL,23,4,126,0,3,0.06,0.9,0.69,1.04,0.76,0.7,4,0,0.91,-1.28,1,2,0.55
XRPUSDT,1,-2.1,0,SL,8,6,186,0,5,-0.44,0.4,0.59,1.39,0.31,0.19,75,2,0.7,-0.06,1,18,0.58
XRPUSDT,-1,-1.743,0,TIMEOUT,40,4,343,0,3,-0.62,0,0.56,1.01,0.3,0.28,77,0,0.75,-0.04,-1,17,0.42
XRPUSDT,-1,1.9,1,TP,15,2,444,0,1,0.17,2.83,0.6,0.69,0.35,0.19,71,0,1.12,-0.19,-1,11,0.24
XRPUSDT,-1,-2.1,0,SL,72,4,894,0,3,-0.61,2.49,0.63,0.38,0.35,0.26,66,0,0.41,0.09,-1,3,0.26
XRPUSDT,1,-2.1,0,SL,15,16,153,0,15,-0.19,4.64,14.05,1.08,0.74,0.19,1,0,2.1,0.72,1,14,0.86
XRPUSDT,-1,1.9,1,TP,8,16,236,0,15,0.49,5.83,0.73,0.6,0.31,0.2,258,0,0.96,-0.11,-1,11,0.33
XRPUSDT,1,1.9,1,TP,24,3,875,0,2,-0.39,1.88,0.85,1.53,0.27,0.15,14,0,0.82,-0.13,1,9,0.38
XRPUSDT,1,1.9,1,TP,4,14,236,0,13,-0.12,2.85,0.84,1.18,0.42,0.14,40,0,0.68,-0.55,1,0,0.61
XRPUSDT,-1,-2.1,0,SL,81,10,6,0,9,-0.21,9.2,2.17,0.41,0.48,0.35,211,0,1.38,-0.62,-1,18,0.29
XRPUSDT,-1,-2.1,0,SL,134,7,576,0,6,0,2.84,0.44,1.1,0.82,0.32,6,0,0.82,-0.9,-1,16,1.11
XRPUSDT,1,1.9,1,TP,187,11,0,0,10,-0.25,0.45,17.07,2,0.87,0.31,147,0,2.23,0.27,1,4,2.36
XRPUSDT,-1,-1.321,0,TIMEOUT,62,4,426,0,3,0.31,0.2,0.99,0.73,0.32,0.15,6,0,0.68,-0.6,-1,2,0.47
XRPUSDT,1,-2.1,0,SL,1,1,259,0,0,-9.25,10.12,106.8,106.8,1.29,0.11,0,0,0.92,0,1,15,15.71
XRPUSDT,1,1.9,1,TP,13,1,530,0,0,-2.12,2.82,1.82,1.82,1.18,0.38,4,0,2.07,0,1,11,2.1
XRPUSDT,1,-2.1,0,SL,7,3,738,0,2,-0.32,2.25,0.68,0.54,1.03,0.49,90,0,2.07,-0.47,1,15,0.69
XRPUSDT,-1,-0.678,0,TIMEOUT,68,5,734,0,4,0.31,1.31,0.81,1.33,0.19,0.24,25,1,0.13,-0.13,-1,16,0.23
XRPUSDT,1,-2.1,0,SL,34,6,5,0,5,-0.46,1.39,38.43,2.12,0.5,0.33,0,2,1.12,-1.66,1,11,0.96
XRPUSDT,-1,1.9,1,TP,11,1,184,0,0,-2.08,0.78,6.84,6.84,0.32,0.26,0,0,0.81,0,-1,14,1.02
XRPUSDT,-1,1.9,1,TP,16,4,621,2,1,0.31,0,0.81,0.38,0.46,0.38,107,0,0.97,-0.11,1,3,0.35
XRPUSDT,-1,1.9,1,TP,14,2,265,0,1,-1.29,1.2,1.4,1.41,0.25,0.1,15,0,0.54,0.27,-1,15,0.45
XRPUSDT,-1,-2.1,0,SL,95,2,252,1,0,-3.72,0.49,6.41,6.41,0.4,0.29,165,0,0.31,0.81,-1,14,0.99
XRPUSDT,-1,-2.1,0,SL,13,9,101,0,8,-0.4,2.46,0.89,1.46,0.28,0.25,110,0,0.82,0.04,-1,11,0.35
XRPUSDT,-1,1.9,1,TP,96,12,282,0,11,0.45,1.01,13.77,0.54,0.2,0.08,1,0,0.38,-0.6,-1,7,0.2
XRPUSDT,1,1.9,1,TP,60,1,353,0,0,-2.7,2.58,1.63,1.63,0.35,0.2,60,0,0.18,0,1,11,0.48
XRPUSDT,1,-0.9,0,TIMEOUT,98,6,772,0,5,0.35,1.83,1.25,2.01,0.35,0.21,8,0,0.61,-0.56,1,20,0.53
XRPUSDT,-1,-1.281,0,TIMEOUT,23,5,222,0,4,-0.08,4.13,1.32,0.32,0.25,0.42,222,0,0.76,-0.34,-1,7,0.14
XRPUSDT,-1,-2.1,0,SL,37,5,314,0,4,-0.32,2.37,1.3,1.64,0.25,0.16,50,0,0.77,-0.2,-1,6,0.28
XRPUSDT,1,-2.1,0,SL,122,4,232,0,3,-0.03,6.22,0.58,1.49,0.23,0.15,189,0,0.62,-0.31,1,12,0.31
XRPUSDT,1,-1.089,0,TIMEOUT,83,3,277,0,2,0.14,0.79,0.74,0.98,0.26,0.25,70,1,0.7,-0.28,1,23,0.13
XRPUSDT,1,1.9,1,TP,87,21,930,4,16,0.2,0.46,5.96,0.95,0.32,0.22,240,0,0.57,0.93,1,14,0.29
XRPUSDT,1,1.9,1,TP,117,2,1431,0,1,-0.56,0.6,0.59,0.41,0.47,0.21,132,0,1.46,0.11,1,19,0.38
XRPUSDT,1,1.9,1,TP,41,2,1915,0,1,-0.42,0.82,0.49,0.79,0.53,0.88,38,1,1.53,0.22,1,20,0.41
XRPUSDT,-1,1.9,1,TP,124,2,223,0,1,-0.06,11.07,0.79,0.58,0.49,0.47,256,0,1.42,-0.06,-1,4,0.38
XRPUSDT,-1,1.9,1,TP,2,1,468,0,0,-2.71,2.11,4.26,4.26,0.82,0.56,85,1,1.29,0,-1,18,2.85
XRPUSDT,-1,1.9,1,TP,6,1,645,0,0,-1.95,1.57,1.11,1.11,0.81,0.81,4,0,1.12,0,-1,14,0.86
XRPUSDT,-1,-1.259,0,TIMEOUT,66,12,296,0,11,-0.02,4.91,0.75,0.53,0.28,0.17,106,0,0.84,0.08,-1,10,0.18
XRPUSDT,-1,-2.1,0,SL,57,9,192,7,1,0.53,3.53,0.47,0.43,0.33,0.1,67,0,0.8,-0.28,1,22,0.46
XRPUSDT,1,-2.1,0,SL,25,2,374,0,1,-0.23,0.48,0.95,1.14,0.3,0.4,221,1,0.63,-0.1,1,16,0.23
XRPUSDT,1,-2.1,0,SL,66,16,458,0,15,-0.42,4.22,3.56,1.09,0.69,0.66,4,2,1.92,0.77,1,13,0.95
XRPUSDT,-1,1.9,1,TP,11,17,14,0,16,-0.06,4.93,23.73,0.65,1.96,0.38,4,0,5.49,-8.46,-1,16,1.06
XRPUSDT,-1,1.9,1,TP,21,8,164,0,7,-0.23,1.02,0.36,0.17,0.58,0.78,8,1,1.76,-0.19,-1,5,0.19
XRPUSDT,-1,-2.1,0,SL,2,16,596,0,15,-0.26,2.11,0.62,0.62,0.58,0.3,4,0,0.93,0.69,-1,17,0.41
XRPUSDT,1,1.9,1,TP,16,14,6,0,13,-0.12,4.19,3.52,0.52,1.33,0.61,21,1,3.76,1.49,1,0,0.86
XRPUSDT,-1,1.9,1,TP,190,8,265,0,7,0.04,4.36,2.36,0.34,0.36,0.17,52,0,0.77,-0.77,-1,17,0.23
XRPUSDT,-1,1.9,1,TP,16,1,870,0,0,-0.45,1.5,1.5,1.5,0.32,0.42,308,0,0.51,0,-1,0,0.42
XRPUSDT,1,-2.1,0,SL,77,1,291,0,0,-2.17,1.35,0.77,0.77,0.5,0.28,213,0,0.49,0,1,18,0.45
XRPUSDT,-1,-1.034,0,TIMEOUT,39,14,227,0,13,0.8,0.61,2.77,2.23,0.33,0.87,96,2,0.93,-0.54,-1,9,0.58
XRPUSDT,1,-0.688,0,TIMEOUT,91,1,298,0,0,-1.29,1.98,0.87,0.87,0.28,0.13,19,0,0.73,0,1,4,0.4
XRPUSDT,1,-0.991,0,TIMEOUT,84,1,442,0,0,-2.08,1.67,0.81,0.81,0.41,0.13,163,0,0.21,0,1,16,0.45
XRPUSDT,1,1.9,1,TP,43,8,612,0,7,-0.63,3.34,1.58,3.45,0.38,0.11,26,0,0.44,-0.34,1,11,1.21
XRPUSDT,-1,-1.174,0,TIMEOUT,42,14,462,0,13,-0.64,3.37,2.37,0.97,0.23,0.13,30,0,0.47,-0.09,-1,6,0.19
XRPUSDT,1,1.9,1,TP,14,5,229,0,4,0.34,8.41,2.48,1.76,0.92,0.12,332,0,2.68,-2.51,1,7,1.3
XRPUSDT,1,1.9,1,TP,4,4,620,0,3,-0.1,0.44,1.11,2.41,0.85,0.33,105,0,1.94,-0.68,1,9,1.55
XRPUSDT,-1,-1.597,0,TIMEOUT,58,4,273,0,3,0.04,-1.02,1.74,0.68,1.11,0.37,147,0,0.25,-1.99,-1,17,0.79
XRPUSDT,1,-2.1,0,SL,9,2,6,0,1,-0.18,6.32,0.76,1.19,0.32,0.37,209,0,1.08,-0.02,1,8,0.27
XRPUSDT,-1,1.9,1,TP,5,7,368,0,6,-0.05,6.63,0.85,0.56,0.71,0.51,243,0,2.07,-0.68,-1,15,0.53
XRPUSDT,-1,-2.1,0,SL,2,1,429,0,0,-2.63,6.27,3.27,3.27,1.41,0.53,310,0,1.43,0,-1,7,2.98
XRPUSDT,1,-2.1,0,SL,44,9,194,0,8,-0.56,10.89,5.42,0.94,0.46,0.69,329,0,1.34,-0.73,1,16,0.64
XRPUSDT,-1,-2.1,0,SL,4,9,196,0,8,0.72,0.76,1.33,2.28,0.45,0.26,61,0,1.24,-1.18,-1,10,0.86
XRPUSDT,-1,-1.351,0,TIMEOUT,95,5,349,0,4,0.12,1.34,1.71,0.71,0.38,0.32,35,0,0.56,-0.87,-1,0,0.19
XRPUSDT,-1,1.9,1,TP,36,1,468,0,0,-3.03,4.02,3.87,3.87,0.7,0.11,24,0,0.55,0,-1,6,1.65
XRPUSDT,1,1.9,1,TP,127,6,139,0,5,-0.32,6.92,0.62,1.24,0.27,0.29,158,0,0.83,0.05,1,5,0.42
XRPUSDT,1,-2.1,0,SL,47,2,606,0,1,-0.33,11.86,0.81,0.77,0.36,0.31,272,1,1.17,0,1,2,0.27
XRPUSDT,-1,-2.1,0,SL,14,7,624,0,6,-0.18,1.61,3.5,1.13,1.06,0.51,265,0,2.01,-1.5,-1,3,1.01
XRPUSDT,-1,1.9,1,TP,9,13,415,0,12,-0.54,2.65,9.42,0.7,0.37,0.1,2,0,1.03,0.31,-1,1,0.51
XRPUSDT,-1,1.9,1,TP,12,1,541,0,0,-2.54,5.8,2.23,2.23,0.48,0.1,140,0,1.28,0,-1,9,0.72
XRPUSDT,1,1.9,1,TP,21,13,413,0,12,1.63,12.09,1.42,3.17,0.52,0.3,482,0,1.25,-0.37,-1,10,1.53
XRPUSDT,-1,1.9,1,TP,32,1,434,0,0,-1.28,23.33,0.67,0.67,0.22,0.5,461,0,0.64,0,-1,18,0.16
XRPUSDT,-1,-1.696,0,TIMEOUT,49,11,657,0,10,0.34,3.24,0.98,0.86,0.33,0.22,70,1,0.75,-0.3,-1,2,0.48
XRPUSDT,-1,1.9,1,TP,190,17,108,0,16,0.03,3.45,0.86,1.93,0.39,0.46,8,0,1.08,0.23,-1,7,0.61
XRPUSDT,1,-1.11,0,TIMEOUT,20,5,272,1,3,0.96,-2.51,1.09,8.7,0.28,0.57,151,2,0.44,-0.57,1,12,1.14
XRPUSDT,-1,1.9,1,TP,61,13,11,0,12,0.03,3.54,3.8,0.51,1.19,0.32,4,0,3.19,2.32,-1,20,1.12
XRPUSDT,-1,1.9,1,TP,19,1,320,0,0,-2.3,1.88,5.02,5.02,0.54,0.35,1,0,0.58,0,-1,2,0.96
XRPUSDT,-1,1.9,1,TP,26,9,562,7,1,0.19,-1,1.12,2.03,0.43,0.21,7,0,0.36,-0.35,-1,14,0.68
XRPUSDT,1,-1.292,0,TIMEOUT,108,6,386,0,5,0.07,0.55,0.87,2.34,0.33,1.13,139,1,0.82,-0.56,1,19,0.5
XRPUSDT,-1,-0.502,0,TIMEOUT,35,7,732,0,6,-0.15,3.23,1.24,1.13,0.13,0.11,187,0,0.3,-0.23,-1,0,0.15
XRPUSDT,1,-2.1,0,SL,52,1,366,0,0,-3.58,4.51,3.31,3.31,0.65,0.47,95,0,1.71,0,1,9,1.26
XRPUSDT,1,-1.191,0,TIMEOUT,118,8,753,0,7,0.27,2.31,2.3,1.87,0.49,0.23,56,0,0.32,-0.67,1,10,0.91
XRPUSDT,1,1.9,1,TP,11,15,958,0,14,0.34,3.21,2.78,1.12,1.04,0.31,3,1,1.83,-0.55,1,13,1.39
XRPUSDT,-1,-2.1,0,SL,12,6,586,0,5,-0.24,2.75,0.69,1.01,0.83,0.38,79,0,0.88,-0.88,-1,16,0.83
XRPUSDT,1,1.9,1,TP,6,17,15,0,16,0.11,5.03,8.89,0.8,2.88,0.43,1,0,7.84,6.68,1,0,3.11
XRPUSDT,-1,1.9,1,TP,75,2,318,0,1,0.22,1.07,0.63,0.45,0.39,0.54,321,0,0.89,-0.14,-1,23,0.21
XRPUSDT,1,1.9,1,TP,36,1,51,0,0,-3.3,3.69,2.44,2.44,0.45,0.79,7,3,0.86,0,1,8,0.45
XRPUSDT,1,1.9,1,TP,66,10,485,0,9,-0.71,9.84,0.56,0.9,0.43,0.3,406,0,1.02,-0.15,1,20,0.36
XRPUSDT,-1,1.9,1,TP,1,1,156,0,0,-3.61,4.5,6.19,6.19,0.76,0.47,133,0,1.19,0,-1,21,1.83
XRPUSDT,-1,1.9,1,TP,80,2,257,0,1,-0.05,6.52,0.42,0.39,0.59,0.47,233,0,1.79,-0.04,-1,23,0.21
XRPUSDT,-1,1.9,1,TP,81,1,558,0,0,-3.79,2.47,2.21,2.21,0.24,0.21,209,0,0.66,0,-1,2,0.34
XRPUSDT,-1,1.9,1,TP,19,14,107,0,13,0.34,2.79,1.13,1.5,0.31,0.25,23,0,0.89,0.04,-1,12,0.51
XRPUSDT,-1,-1.55,0,TIMEOUT,61,6,416,0,5,-0.25,2.92,2.59,1.07,0.31,0.31,100,0,0.77,-0.52,-1,17,0.38
XRPUSDT,1,1.9,1,TP,52,12,262,0,11,-0.03,2.9,138.09,0.59,1.05,0.75,0,3,2.23,-3.5,1,15,0.75
XRPUSDT,1,-2.1,0,SL,67,17,210,0,16,-0.15,5.61,13.37,0.45,0.49,0.18,219,0,1.39,-0.88,1,20,0.45
XRPUSDT,1,-1.399,0,TIMEOUT,77,8,523,0,7,-0.6,1.2,1.56,0.71,0.28,0.42,45,0,0.4,-0.02,1,3,0.17
XRPUSDT,1,-2.1,0,SL,7,5,302,0,4,-0.01,2.49,0.98,1.2,0.4,0.32,13,0,0.68,-0.62,1,11,0.45
XRPUSDT,-1,1.9,1,TP,1,16,6,0,15,1.48,0.83,5.38,2.79,1.39,0.31,7,0,3.11,-3.06,1,18,4.43
XRPUSDT,1,1.9,1,TP,51,5,195,0,4,-0.97,1.7,0.87,0.77,0.45,0.22,7,0,1.1,-0.02,1,16,0.51
XRPUSDT,-1,1.9,1,TP,36,11,268,0,10,0.26,3.1,0.61,0.76,0.31,0.19,94,0,0.87,-0.1,-1,8,0.34
XRPUSDT,-1,1.9,1,TP,44,4,189,1,2,-0.12,-1.01,2.23,0.95,0.35,0.35,185,0,0.74,-0.06,-1,15,0.22
XRPUSDT,-1,-2.1,0,SL,29,8,415,0,7,-0.44,2.17,0.85,1.03,0.5,0.36,406,0,0.64,-0.48,-1,0,0.36
XRPUSDT,1,-2.1,0,SL,8,9,567,0,8,-0.52,1.79,5.65,1.12,1.13,0.93,1,0,3.09,-1.4,1,22,1.55
XRPUSDT,1,-2.1,0,SL,5,4,1402,0,3,-0.1,3.34,1.35,1.07,1.23,1.75,387,0,2.94,-1.38,1,15,1.68
XRPUSDT,1,-2.1,0,SL,6,12,1863,0,11,-0.46,4.48,3.19,1.5,1.38,1.5,76,0,1.84,0.17,1,10,1.51
XRPUSDT,-1,-2.1,0,SL,5,20,5,5,14,-0.18,1.41,2.8,0.82,1.76,1.67,181,0,5.04,3.18,-1,13,1.83
XRPUSDT,1,1.9,1,TP,38,5,92,0,4,0.11,-1.71,1.14,2.49,1.06,0.51,125,0,2.75,-2.14,1,15,1.75
XRPUSDT,1,1.9,1,TP,7,9,391,0,8,0.19,2.12,5.37,0.98,1.41,0.47,2,0,1.7,-4.12,1,18,1.46
XRPUSDT,-1,1.9,1,TP,26,2,290,0,1,0.37,-0.01,1.05,0.83,1.06,0.79,24,0,2.78,-1.77,-1,22,1.95
XRPUSDT,-1,1.9,1,TP,19,1,316,0,0,-1.54,2.07,0.8,0.8,0.46,0.58,225,0,1.15,0,-1,17,0.5
XRPUSDT,-1,-2.1,0,SL,3,1,182,0,0,-3.7,3.56,3.53,3.53,1.2,0.32,124,0,0.49,0,-1,15,3.07
XRPUSDT,-1,-2.1,0,SL,20,5,121,0,4,0.12,5.67,0.77,0.67,1.27,0.66,53,0,2.48,-0.81,-1,7,0.82
XRPUSDT,-1,1.9,1,TP,19,1,314,0,0,-0.86,2.16,3.53,3.53,0.59,0.6,48,1,1.48,0,-1,7,0.98
XRPUSDT,-1,1.9,1,TP,188,9,477,0,8,0.27,2.95,1.05,0.98,0.47,0.6,203,1,1.41,-0.53,-1,0,0.63
XRPUSDT,-1,-2.1,0,SL,4,9,291,0,8,-0.13,3.17,1.24,0.76,1.55,0.74,12,0,4.09,-1.19,-1,10,1.86
XRPUSDT,-1,1.9,1,TP,5,13,812,0,12,0.18,18.66,0.55,0.83,0.57,0.77,529,0,0.97,0.21,-1,20,0.49
XRPUSDT,1,1.9,1,TP,85,6,157,0,5,0.14,-0.36,0.94,1.42,0.66,0.38,2,0,1.06,-0.69,1,0,0.74
XRPUSDT,-1,1.9,1,TP,12,3,453,0,2,0.03,8.18,2.23,2.18,0.94,0.72,171,0,2.52,-2.47,-1,14,1.65
XRPUSDT,-1,1.9,1,TP,5,14,153,0,13,-0.13,3.59,0.8,0.93,0.49,0.21,57,0,1.49,0.28,-1,5,0.47
XRPUSDT,1,-2.1,0,SL,48,4,178,0,3,-0.3,-0.11,1.3,1.02,0.39,0.26,1,0,1.14,-0.43,1,2,0.17
XRPUSDT,-1,1.9,1,TP,10,4,407,0,3,0.01,9.59,4.29,1.67,0.88,0.49,272,0,1.82,-1.98,-1,1,1.63
XRPUSDT,-1,-2.1,0,SL,30,9,624,0,8,0.74,15.56,0.98,4.05,0.62,0.49,484,0,1.54,-0.95,-1,7,1.39
XRPUSDT,-1,1.9,1,TP,38,9,694,0,8,-0.14,9.16,1.23,0.45,1.29,0.5,554,0,2.07,-1.73,-1,1,0.65
XRPUSDT,-1,1.9,1,TP,21,1,197,0,0,-1.95,6.77,0.82,0.82,1.38,0.67,188,0,2.47,0,-1,19,1.37
XRPUSDT,1,1.9,1,TP,62,16,198,0,15,0.14,15.23,1.81,1.15,0.62,1.07,219,0,1.9,-0.21,1,21,0.75
XRPUSDT,-1,-1.192,0,TIMEOUT,59,1,374,0,0,-1.83,9.65,0.7,0.7,0.25,0.68,351,1,0.74,0,-1,9,0.19
XRPUSDT,1,1.9,1,TP,4,1,132,0,0,-2.41,1.29,2.56,2.56,0.46,0.17,129,0,0.9,0,1,14,0.72
XRPUSDT,1,1.9,1,TP,153,5,337,0,4,-0.16,1.61,0.72,1.23,0.77,0.3,11,0,0.77,-1.14,1,17,0.9
XRPUSDT,1,1.9,1,TP,13,14,622,0,13,-0.76,3.33,2.85,0.28,0.61,0.4,3,0,0.96,-0.12,1,16,0.61
XRPUSDT,-1,1.9,1,TP,151,2,271,0,1,-0.3,0.73,1.33,1.08,0.22,0.29,79,1,0.69,-0.06,-1,8,0.18
XRPUSDT,-1,-2.1,0,SL,27,2,699,0,1,-0.07,-0.29,0.88,1.5,0.56,0.34,85,0,0.99,-0.53,-1,19,0.91
XRPUSDT,1,1.9,1,TP,5,4,391,0,3,-0.43,1.07,0.77,1.04,0.7,0.26,9,0,1.97,-0.33,1,10,0.77
XRPUSDT,-1,1.9,1,TP,12,1,343,0,0,-1.83,0.19,0.65,0.65,0.66,0.3,98,0,0.54,0,-1,3,0.6
XRPUSDT,-1,-2.1,0,SL,57,6,482,0,5,-0.69,0.43,0.71,1.5,0.46,0.35,2,0,1.33,-0.07,-1,14,0.79
XRPUSDT,-1,1.9,1,TP,27,7,426,0,6,0.03,0.41,0.76,0.65,0.3,0.31,227,0,0.9,-0.51,-1,8,0.33
XRPUSDT,-1,1.9,1,TP,14,15,598,0,14,0.18,5.09,2.73,0.68,0.66,0.32,391,0,1.91,0.73,-1,3,0.39
XRPUSDT,-1,-1.345,0,TIMEOUT,46,11,822,0,10,-0.03,4.21,1.35,0.82,0.38,0.54,189,0,1.1,0.1,-1,11,0.31
XRPUSDT,1,1.9,1,TP,14,8,210,0,7,0.68,-1.8,0.81,2.26,0.34,0.37,43,0,0.97,-0.79,-1,13,0.65
XRPUSDT,1,1.9,1,TP,4,1,241,0,0,-2.03,10.71,0.77,0.77,0.47,0.25,359,0,0.81,0,1,18,0.44
XRPUSDT,1,-2.1,0,SL,24,12,689,0,11,-0.14,13.48,2.16,2.03,0.85,0.37,254,0,2.06,0.29,1,15,1.48
XRPUSDT,1,1.9,1,TP,14,10,961,0,9,-0.36,9.19,1.36,0.5,0.39,0.38,239,0,1.24,-0.37,1,11,0.26
XRPUSDT,1,1.9,1,TP,30,10,1347,0,9,-0.32,3.23,1.06,0.83,0.59,0.25,11,0,1.71,0.03,1,12,0.6
XRPUSDT,-1,1.9,1,TP,13,9,193,0,8,0.43,1.18,1.86,0.77,0.52,0.17,135,0,1.01,-1.07,-1,16,0.54
XRPUSDT,-1,-2.1,0,SL,77,1,116,0,0,-1.95,3.66,3.14,3.14,0.74,0.46,145,0,1.19,0,-1,19,1.26
XRPUSDT,-1,1.9,1,TP,9,1,324,0,0,-2.1,1.41,1.7,1.7,0.3,0.55,321,0,0.67,0,-1,0,0.45
XRPUSDT,-1,1.9,1,TP,19,1,476,0,0,-3.1,6.23,4.3,4.3,0.58,0.26,56,0,1.14,0,-1,14,1.43
XRPUSDT,-1,1.9,1,TP,24,3,681,0,2,0.35,8.97,1.19,1.03,0.59,0.27,259,0,1.27,-0.82,-1,17,0.67
XRPUSDT,1,-2.1,0,SL,2,3,202,0,2,0.25,-3.07,1.92,16.9,0.77,0.67,555,0,1.17,-1.98,1,19,4
XRPUSDT,-1,1.9,1,TP,14,7,247,0,6,-0.18,0.69,1.49,0.5,0.29,0.2,168,0,0.83,-0.16,-1,20,0.3
XRPUSDT,-1,-2.1,0,SL,18,3,351,0,2,0.11,4,0.71,0.93,0.64,0.2,276,0,1.58,-0.84,-1,22,1.01
XRPUSDT,1,-2.1,0,SL,9,11,232,0,10,-1.69,0.23,1.23,13.37,0.36,0.53,12,1,0.67,0.59,1,12,1.49
XRPUSDT,1,-2.1,0,SL,84,9,724,0,8,-0.75,2.26,1.44,0.55,0.4,0.19,4,0,1.07,-0.13,1,15,0.39
XRPUSDT,-1,1.9,1,TP,50,5,168,0,4,0.09,-0.25,1.11,0.8,0.24,0.22,68,1,0.69,-0.21,-1,12,0.37
XRPUSDT,1,1.9,1,TP,73,1,237,0,0,-4.54,6.95,2.43,2.43,0.44,0.21,237,0,0.8,0,1,9,0.57
XRPUSDT,1,-2.1,0,SL,44,13,142,0,12,0.29,4.18,0.4,0.7,0.42,0.35,152,0,0.82,-0.07,1,19,0.38
XRPUSDT,-1,1.9,1,TP,58,1,139,0,0,-3.12,12.49,1.58,1.58,0.35,0.37,383,0,1.04,0,-1,2,0.45
XRPUSDT,1,-2.1,0,SL,20,7,201,0,6,-0.8,7.16,1.12,1.42,0.81,0.2,222,0,1.57,-1.04,1,17,1.05
XRPUSDT,-1,1.9,1,TP,8,15,726,0,14,-0.76,6,1.88,0.49,0.77,0.39,232,0,1.58,1.03,-1,18,0.73
XRPUSDT,1,-2.1,0,SL,58,22,8,7,14,-0.19,-0.54,0.6,0.53,0.77,0.37,343,0,2.36,0.62,1,22,0.59
XRPUSDT,-1,-2.1,0,SL,21,1,1,0,0,-3.71,10.3,1.92,1.92,0.78,0.47,161,0,2.11,0,-1,16,1.01
XRPUSDT,-1,1.9,1,TP,10,1,363,0,0,-2.06,2.49,1.35,1.35,1.15,0.55,170,1,1.59,0,-1,16,1.32
XRPUSDT,-1,1.9,1,TP,18,10,522,0,9,0.22,5.34,5.44,0.77,0.54,0.48,35,0,1.66,-1.76,-1,7,0.42
XRPUSDT,-1,-2.1,0,SL,8,17,669,0,16,-0.53,11.3,1.41,0.62,0.99,0.51,175,0,2.85,0.32,-1,20,0.84
XRPUSDT,1,-1.615,0,TIMEOUT,68,11,352,0,10,0.33,2.71,1.75,0.5,0.62,0.27,24,0,1.45,-1.36,1,20,0.62
XRPUSDT,1,-2.1,0,SL,18,4,450,0,3,-0.69,5.72,0.82,1.25,0.39,0.27,129,0,1.16,-0.24,1,21,0.43
XRPUSDT,1,1.9,1,TP,18,7,505,0,6,-0.51,4.88,1.51,0.82,0.46,0.27,181,0,1.14,-0.69,1,10,0.38
XRPUSDT,1,-2.1,0,SL,121,3,628,0,2,0.27,2.5,0.56,1.6,0.42,0.17,43,0,1.03,-0.41,1,17,0.55
XRPUSDT,-1,-2.1,0,SL,9,3,263,0,2,-0.29,0.57,3.48,2.48,0.56,0.26,97,0,1.07,-0.96,-1,15,1.6
XRPUSDT,1,-2.1,0,SL,9,15,131,0,14,-0.11,2.36,3.85,0.4,0.66,0.48,102,1,1.89,-0.83,1,19,0.66
XRPUSDT,-1,-2.1,0,SL,44,9,160,0,8,-0.12,2.77,6.74,0.97,0.66,0.25,158,0,1.23,-0.77,-1,18,0.99
XRPUSDT,-1,1.9,1,TP,43,10,331,0,9,-0.55,0.76,1.36,0.83,0.29,0.17,142,0,0.75,0.18,-1,12,0.2
XRPUSDT,-1,1.9,1,TP,35,7,649,0,6,0.28,1.57,0.67,0.73,0.8,0.49,20,0,1.24,-1.31,-1,20,1.27
XRPUSDT,-1,1.9,1,TP,18,1,744,0,0,-2.14,5.04,0.95,0.95,0.95,0.51,121,0,1.1,0,-1,20,1
XRPUSDT,1,-2.1,0,SL,28,4,213,0,3,-0.45,0.6,2.58,0.73,0.33,0.4,50,1,0.94,-0.14,1,13,0.24
XRPUSDT,-1,-1.055,0,TIMEOUT,107,14,291,0,13,-0.4,5.13,1.74,0.15,0.39,0.32,269,0,1.14,-0.39,-1,19,0.17
XRPUSDT,-1,-0.588,0,TIMEOUT,77,1,156,0,0,-3.19,2.25,3.97,3.97,0.31,0.13,130,0,0.52,0,-1,16,0.95
XRPUSDT,-1,1.9,1,TP,79,3,216,0,2,0.2,3.01,3.41,0.49,0.24,0.24,37,0,0.7,-0.38,-1,3,0.22
XRPUSDT,-1,1.9,1,TP,16,6,412,0,5,-0.24,3.57,0.75,1.23,0.39,0.22,21,0,1.21,-0.57,-1,4,0.42
XRPUSDT,-1,1.9,1,TP,57,1,881,0,0,-2.33,5.65,1.29,1.29,0.17,0.26,203,0,0.46,0,-1,1,0.13
XRPUSDT,-1,-2.1,0,SL,25,3,1122,0,2,0.38,-0.91,1.05,1.5,0.29,0.44,102,1,0.23,-0.41,-1,14,0.68
XRPUSDT,1,-2.1,0,SL,105,10,6,0,9,0,2.8,0.48,0.64,0.41,0.44,136,1,1.28,-0.09,1,0,0.29
XRPUSDT,-1,-2.1,0,SL,6,10,495,0,9,-0.08,1.2,1.12,1.88,1.04,1,167,1,2.2,0.92,-1,19,3.12
XRPUSDT,1,-2.1,0,SL,69,6,187,0,5,1.35,1.93,1.16,2.51,0.75,0.68,110,0,2.08,-1.87,-1,15,1.49
XRPUSDT,1,-2.1,0,SL,38,16,307,0,15,-0.65,3.55,1.37,0.5,0.71,0.67,220,0,1.79,-0.09,1,21,0.77
XRPUSDT,-1,1.9,1,TP,19,1,189,0,0,-2.17,1.24,1.32,1.32,0.62,0.34,112,0,1.41,0,-1,18,0.97
XRPUSDT,-1,1.9,1,TP,34,6,525,0,5,-0.35,4.3,0.5,0.98,0.29,0.2,35,0,0.38,-0.06,-1,6,0.35
XRPUSDT,-1,1.9,1,TP,15,6,681,0,5,-0.34,7.27,0.53,0.53,0.64,0.14,129,0,1.52,-0.53,-1,21,0.61
XRPUSDT,1,-2.1,0,SL,53,9,156,0,8,0.05,0.07,2.55,0.89,0.97,0.32,91,0,1.42,-1.97,1,17,1.43
XRPUSDT,1,1.9,1,TP,15,11,324,0,10,-0.39,4.88,4.77,1.22,0.66,0.25,10,1,1.39,-1.19,1,11,0.97
XRPUSDT,1,1.9,1,TP,49,1,246,0,0,-3.63,3.75,4.75,4.75,0.5,0.15,94,0,0.8,0,1,0,1.28
XRPUSDT,1,1.9,1,TP,87,1,437,0,0,-2.55,6.93,1.61,1.61,0.22,0.15,285,0,0.54,0,1,0,0.38
XRPUSDT,1,-1.457,0,TIMEOUT,108,8,111,0,7,-0.23,7.98,0.55,0.99,0.36,0.42,149,0,0.48,-0.09,1,2,0.22
XRPUSDT,-1,1.9,1,TP,81,3,263,0,2,-0.22,0.71,0.73,0.39,0.25,0.16,49,0,0.77,-0.02,-1,2,0.1
XRPUSDT,-1,1.9,1,TP,51,8,434,0,7,0.01,-0.92,0.98,1.3,0.37,0.23,85,0,0.47,-0.7,-1,21,0.47
XRPUSDT,-1,1.9,1,TP,26,16,663,0,15,-0.33,6.29,1.28,0.46,0.42,0.28,56,0,1.1,0.12,-1,6,0.42
XRPUSDT,-1,1.9,1,TP,87,2,889,0,1,0.52,17.13,1.44,0.83,0.18,0.28,296,0,0.49,-0.2,-1,14,0.25
XRPUSDT,1,1.9,1,TP,48,1,157,0,0,-3.37,3.74,2.56,2.56,0.35,0.12,137,0,0.85,0,1,15,0.52
XRPUSDT,-1,-0.592,0,TIMEOUT,92,17,247,0,16,0.24,3.73,0.61,0.76,0.14,0.08,5,0,0.42,0.02,-1,21,0.11
XRPUSDT,-1,1.9,1,TP,34,1,382,0,0,-2.15,2.48,0.54,0.54,0.34,0.08,156,0,0.21,0,-1,6,0.24
XRPUSDT,-1,-2.1,0,SL,27,17,619,0,16,-2.17,3.64,1.08,4.39,0.53,0.24,43,1,1.25,1.36,-1,18,1.89
XRPUSDT,1,0.402,1,TIMEOUT,127,9,173,0,8,-0.26,0.37,1.1,0.92,0.17,0.04,59,0,0.49,-0.21,1,14,0.14
XRPUSDT,1,1.9,1,TP,74,5,364,0,4,0.31,3.14,4.79,1.39,0.29,0.21,96,0,0.76,-0.68,1,14,0.41
XRPUSDT,1,-1.53,0,TIMEOUT,74,4,258,0,3,0.14,9.47,1.01,1.11,0.53,0.2,685,0,1.38,-0.67,1,17,0.61
XRPUSDT,-1,-1.473,0,TIMEOUT,79,15,72,0,14,0.03,4.75,1.57,0.66,0.41,0.15,10,0,1.19,0.06,-1,17,0.43
XRPUSDT,-1,-2.1,0,SL,17,5,543,0,4,-2.72,2.39,1.24,5.31,0.32,0.24,58,0,0.83,0.65,-1,13,0.98
XRPUSDT,1,-1.395,0,TIMEOUT,42,3,133,1,1,-0.6,4.11,0.6,1.47,0.21,0.21,165,0,0.65,0.15,1,14,0.29
XRPUSDT,1,-1.582,0,TIMEOUT,21,2,226,0,1,0.06,0.58,0.66,1.06,0.26,0.21,258,0,0.23,-0.31,1,13,0.32
XRPUSDT,-1,1.9,1,TP,102,13,4,0,12,-0.73,2.06,0.44,0.48,0.31,0.27,6,0,0.98,-0.11,-1,21,0.32
XRPUSDT,-1,-2.1,0,SL,3,5,264,0,4,-0.08,5.47,0.96,3.06,0.45,0.28,274,0,0.51,-0.35,-1,14,1.1
XRPUSDT,1,-0.953,0,TIMEOUT,114,18,8,4,13,-0.21,0.93,3.33,1.3,0.48,0.27,318,0,1.41,1.5,1,4,0.55
XRPUSDT,1,1.9,1,TP,16,1,241,0,0,-4.59,5.11,2.8,2.8,0.47,0.22,2,0,0.52,0,1,21,0.72
XRPUSDT,-1,-2.1,0,SL,50,10,436,0,9,-0.15,2.72,1.34,0.89,0.42,0.1,131,0,0.94,0.08,-1,0,0.53
XRPUSDT,-1,1.9,1,TP,25,9,531,0,8,0.03,3.65,0.89,1.11,0.36,0.1,227,0,1.11,0.04,-1,0,0.26
XRPUSDT,-1,1.9,1,TP,35,16,792,0,15,0.06,2.85,5.47,0.48,0.87,0.26,35,0,2.42,1.05,-1,17,0.73
XRPUSDT,-1,1.9,1,TP,67,1,1236,0,0,-1.08,1.59,0.85,0.85,0.24,0.15,18,0,0.81,0,-1,8,0.13
XRPUSDT,1,-2.1,0,SL,47,6,345,0,5,0.13,13.66,1.79,1.29,0.51,0.44,342,0,1.03,-1.3,1,0,0.79
XRPUSDT,1,-1.717,0,TIMEOUT,40,5,417,0,4,-0.46,11.61,0.58,0.54,0.58,0.44,415,0,0.63,-0.95,1,18,0.64
XRPUSDT,1,-2.1,0,SL,77,4,187,0,3,0.15,0.79,1.88,0.85,0.4,0.23,45,0,0.95,-0.85,1,17,0.6
XRPUSDT,1,-1.806,0,TIMEOUT,65,10,129,0,9,-0.86,10.28,2.35,0.79,0.31,0.1,209,0,0.9,-0.13,1,17,0.38
XRPUSDT,1,-1.285,0,TIMEOUT,129,16,155,0,15,0.07,7.84,1.22,0.72,0.28,0.1,595,0,0.46,-0.33,1,19,0.3
BNBUSDT,1,-1.954,0,TIMEOUT,78,4,467,2,1,-0.07,-0.45,0.6,0.41,0.41,0.45,105,0,0.9,0.2,1,14,0.41
BNBUSDT,-1,1.9,1,TP,169,6,189,0,5,0.02,10.38,2.18,1.3,0.37,0.47,392,0,1.09,-0.36,-1,15,0.41
BNBUSDT,-1,1.9,1,TP,45,9,567,5,3,0.63,-1.74,1.28,2.69,0.41,0.35,137,0,1.09,-0.55,-1,13,0.97
BNBUSDT,1,1.9,1,TP,20,1,159,0,0,-2.58,3.88,0.67,0.67,0.5,0.18,21,0,1.15,0,1,15,0.33
BNBUSDT,1,1.9,1,TP,37,1,349,0,0,-3.1,6.77,1.35,1.35,0.6,0.17,211,0,0.64,0,1,14,1.06
BNBUSDT,1,1.9,1,TP,55,5,526,0,4,-0.14,10.74,3.2,4.11,0.57,0.17,384,0,1.65,-0.77,1,11,0.97
BNBUSDT,-1,1.9,1,TP,5,4,174,0,3,0.69,-1.59,0.88,1.55,1.4,0.26,170,0,1.5,-3.36,-1,12,2.18
BNBUSDT,1,-2.1,0,SL,12,8,160,0,7,-0.26,1.89,1.26,0.27,1.07,0.2,141,0,1.92,-1.61,1,17,0.44
BNBUSDT,1,1.9,1,TP,20,6,589,0,5,-0.01,0.87,1.84,1.21,0.55,0.47,143,0,1.59,-0.52,1,5,0.68
BNBUSDT,1,-2.1,0,SL,10,13,738,0,12,-0.13,2.41,0.77,0.95,0.71,0.46,285,0,1.77,0.3,1,18,0.77
BNBUSDT,1,1.9,1,TP,44,4,1050,0,3,-0.05,9.66,1.21,2.28,0.86,0.43,606,0,2.19,-1.26,1,0,1.71
BNBUSDT,1,1.9,1,TP,16,7,1417,0,6,-0.53,21.12,1.15,1.21,0.64,0.4,970,0,1.85,-0.1,1,20,1.29
BNBUSDT,1,1.9,1,TP,3,12,240,0,11,-0.05,10.22,1.75,2.17,0.81,0.74,369,1,2.29,-0.51,1,12,1.81
BNBUSDT,1,-2.1,0,SL,4,1,353,0,0,-4.47,6.49,1.72,1.72,1.03,0.53,6,0,2.74,0,1,16,0.89
BNBUSDT,-1,-2.1,0,SL,46,11,362,0,10,0.28,4.34,0.93,0.81,0.76,0.4,224,0,1.54,-1.09,-1,15,1.08
BNBUSDT,1,-2.1,0,SL,37,1,60,0,0,-4.12,3.59,2.44,2.44,0.56,0.37,368,0,1.37,0,1,0,1.24
BNBUSDT,1,1.9,1,TP,50,1,110,0,0,-3.69,11.63,2.36,2.36,0.49,0.36,894,0,1.36,0,1,12,1.48
BNBUSDT,1,1.9,1,TP,14,1,276,0,0,-2.92,14.71,1.43,1.43,0.51,0.35,1060,0,1.57,0,1,5,0.69
BNBUSDT,1,1.9,1,TP,1,12,961,4,7,0.73,-2.12,1.85,1.55,1.38,0.54,148,0,3.93,-1.09,-1,8,2.2
BNBUSDT,1,-2.1,0,SL,2,8,1366,0,7,-0.47,22.59,6.86,0.87,2.01,0.28,553,0,5.52,-5.11,1,14,2.21
BNBUSDT,1,-2.1,0,SL,5,3,1556,0,2,-0.09,34.45,0.81,2.27,1.34,0.28,748,0,3.45,-2.38,1,13,2.56
BNBUSDT,1,1.9,1,TP,2,1,1831,0,0,-2.27,1.18,1.12,1.12,0.89,2.1,224,0,1.95,0,1,10,0.89
BNBUSDT,1,-2.1,0,SL,1,9,2239,0,8,-0.54,25.17,2.37,0.97,2.21,0.94,624,0,6.18,-3.29,1,16,1.83
BNBUSDT,-1,1.9,1,TP,3,17,286,0,16,-0.12,0.02,1.65,0.59,2.07,2.92,257,0,6.28,-2.05,-1,4,1.09
BNBUSDT,1,1.9,1,TP,7,11,190,0,10,0.13,17.55,2.06,1.05,1.13,0.71,242,0,3.35,-1.04,1,10,1.39
BNBUSDT,1,1.9,1,TP,13,14,242,0,13,0.2,2.8,0.94,0.57,0.49,0.3,40,0,1.43,-0.02,1,12,0.69
BNBUSDT,1,1.9,1,TP,42,6,412,0,5,-0.15,1.65,0.68,1.35,0.5,0.42,80,0,0.83,-0.14,1,6,0.41
BNBUSDT,-1,1.9,1,TP,6,3,143,0,2,-0.36,2.34,2.18,2.03,0.92,0.3,33,0,1.46,-1.73,-1,20,1.76
BNBUSDT,1,1.9,1,TP,84,7,193,0,6,-0.03,5.93,3,1.5,0.63,0.28,467,0,1.88,-0.93,1,10,0.86
BNBUSDT,1,-2.1,0,SL,11,7,1142,0,6,-0.67,12.11,1.39,0.73,1.06,0.57,552,0,3.29,-0.65,1,7,0.89
BNBUSDT,-1,1.9,1,TP,8,1,185,0,0,-1.99,3.63,1.18,1.18,1.11,0.53,178,0,2.91,0,-1,1,1.25
BNBUSDT,1,1.9,1,TP,5,6,125,0,5,-0.16,7.65,1.69,1.45,1.6,1.82,199,0,3.78,-2.03,1,14,2.53
BNBUSDT,1,1.9,1,TP,4,2,297,0,1,-1.56,21.95,0.42,1.84,0.95,1.64,1045,0,2.67,0.86,1,9,1.86
BNBUSDT,1,1.9,1,TP,33,5,656,0,4,-0.43,2.75,2.34,0.71,0.49,0.7,89,1,1.5,-0.69,1,2,0.32
BNBUSDT,1,1.9,1,TP,10,3,882,0,2,0.04,4.21,1,0.94,0.9,0.69,317,1,1.35,-1.57,1,11,1.15
BNBUSDT,1,-2.1,0,SL,41,2,252,1,0,-1.74,0.85,0.81,0.81,0.69,0.46,16,0,1.13,0.73,1,0,0.88
BNBUSDT,-1,1.9,1,TP,23,4,235,0,3,-0.21,1.66,1.25,0.62,1.08,2,166,0,3.13,-1.5,-1,11,0.65
BNBUSDT,-1,1.9,1,TP,9,1,353,0,0,-2.48,4.73,1.63,1.63,0.95,2.05,287,0,1.93,0,-1,16,0.87
BNBUSDT,-1,1.9,1,TP,1,1,826,0,0,-2.53,6.79,3.25,3.25,3.29,2.7,206,0,6.21,0,-1,14,5.23
BNBUSDT,1,1.9,1,TP,3,1,133,0,0,-1.37,20.49,0.73,0.73,1.62,1.3,235,0,5.02,0,1,2,1.35
BNBUSDT,1,-2.1,0,SL,5,14,279,0,13,-0.02,27.43,1.27,2.18,1.36,1.22,368,0,3.89,0.4,1,15,2.76
BNBUSDT,1,-2.1,0,SL,14,6,168,0,5,-0.67,15.99,1.22,1.68,0.81,0.72,552,0,0.59,-1.31,1,3,1.61
BNBUSDT,-1,1.9,1,TP,16,16,292,0,15,0.12,2.72,1.46,1.05,1.09,0.59,34,0,2.24,-0.38,-1,20,1.27
BNBUSDT,-1,-2.1,0,SL,4,12,560,0,11,0.15,13.08,2.4,1.3,0.65,0.62,306,0,1.89,-0.32,-1,15,0.98
BNBUSDT,-1,-2.1,0,SL,31,15,122,0,14,-0.26,6.19,0.67,0.44,0.53,0.42,151,0,1.65,-0.4,-1,21,0.22
BNBUSDT,-1,1.9,1,TP,2,5,442,0,4,-0.16,9.92,2.21,1.08,0.98,0.45,481,0,1.3,-1.08,-1,5,0.95
BNBUSDT,-1,-2.1,0,SL,1,14,152,0,13,0.44,46.6,0.73,0.83,0.69,0.54,1112,0,2.12,-0.36,-1,21,0.89
BNBUSDT,1,-2.1,0,SL,11,11,218,0,10,-0.43,10.21,0.54,0.86,0.87,0.81,287,0,1.57,0.28,1,0,0.65
BNBUSDT,1,1.9,1,TP,4,1,254,0,0,-3.35,3.48,3.87,3.87,0.69,0.31,1,0,0.72,0,1,4,1.43
BNBUSDT,-1,1.9,1,TP,29,9,602,0,8,-0.03,2.88,0.77,0.55,0.51,0.33,20,1,1.52,-0.48,-1,4,0.36
BNBUSDT,1,1.9,1,TP,19,1,236,0,0,-3.01,0.49,1.46,1.46,0.67,0.49,87,0,1.25,0,1,23,0.65
BNBUSDT,1,1.9,1,TP,2,1,433,0,0,-3.52,4.34,2.76,2.76,0.51,0.44,178,0,1.5,0,1,0,0.81
BNBUSDT,1,1.9,1,TP,75,9,105,0,8,-0.49,7.12,0.68,1.23,0.59,1.74,516,2,1.42,-0.5,1,21,0.76
BNBUSDT,1,1.9,1,TP,90,16,459,0,15,0.06,2.88,2.62,1.46,0.62,0.2,249,0,1.66,0.19,1,13,1.03
BNBUSDT,1,1.9,1,TP,9,1,1068,0,0,-1.82,7.93,1.02,1.02,0.44,0.27,200,0,1.41,0,1,22,0.31
BNBUSDT,1,1.9,1,TP,4,1,317,0,0,-2.7,11.77,1.56,1.56,0.52,0.65,304,0,1.47,0,1,3,0.39
BNBUSDT,1,1.9,1,TP,38,1,557,0,0,-2.45,13.29,1.36,1.36,1.08,0.59,544,0,0.62,0,1,15,0.85
BNBUSDT,1,-2.1,0,SL,118,3,777,0,2,-0.03,23.19,1.07,1.05,0.53,0.61,762,0,1.15,-0.88,1,22,0.73
BNBUSDT,1,1.9,1,TP,81,5,176,0,4,-0.13,3.18,0.56,0.83,0.48,0.41,59,0,1.47,-0.26,1,16,0.38
BNBUSDT,-1,1.9,1,TP,5,13,295,0,12,-0.7,16.49,0.99,0.51,0.77,1.05,267,0,2.36,-0.97,-1,12,0.64
BNBUSDT,-1,1.9,1,TP,18,1,546,0,0,-2.29,19.28,1.31,1.31,0.84,1.09,530,0,0.7,0,-1,2,1.01
BNBUSDT,-1,1.9,1,TP,51,7,107,0,6,0.46,8.83,0.49,1.74,0.42,0.39,265,0,1.21,-0.44,-1,23,0.71
BNBUSDT,-1,1.9,1,TP,7,1,210,0,0,-1.89,8.62,0.82,0.82,0.66,0.39,374,0,1.24,0,-1,0,0.6
BNBUSDT,-1,1.9,1,TP,9,13,330,0,12,0.32,-0.5,0.89,0.72,0.63,0.44,80,0,1.93,-0.27,-1,21,0.46
BNBUSDT,1,1.9,1,TP,3,15,568,1,13,-0.37,1.23,2.65,1.62,0.51,0.76,145,1,1.28,0.65,1,9,0.74
BNBUSDT,1,-2.1,0,SL,24,12,701,0,11,-0.01,2.62,0.54,0.35,0.58,0.76,280,1,1,-0.73,1,18,0.27
BNBUSDT,-1,1.9,1,TP,46,7,289,0,6,-0.07,1.5,1.71,1.09,0.53,0.51,93,0,1.56,-0.6,-1,21,0.36
BNBUSDT,1,1.9,1,TP,44,7,305,0,6,-0.18,-0.65,3.39,0.78,0.65,0.42,0,0,1.84,-0.77,1,21,1.01
BNBUSDT,1,1.9,1,TP,27,2,527,0,1,0.24,-0.15,0.71,0.64,0.4,0.76,56,1,0.92,-0.24,1,5,0.33
BNBUSDT,-1,1.9,1,TP,28,10,505,0,9,0.1,1.94,2.47,0.52,0.42,0.3,35,0,0.16,-0.8,-1,1,0.28
BNBUSDT,1,-2.1,0,SL,2,4,337,0,3,-0.1,11.38,0.75,1.55,0.45,0.45,249,0,1.4,-0.65,1,2,0.49
BNBUSDT,1,-2.1,0,SL,37,11,611,0,10,-0.99,14.84,0.44,1.25,0.56,0.31,244,0,1.68,0.6,1,22,1.02
BNBUSDT,1,1.9,1,TP,3,1,725,0,0,-3.38,3.83,1.64,1.64,0.42,0.14,88,0,1.28,0,1,3,0.44
BNBUSDT,1,1.9,1,TP,5,10,1244,0,9,0.28,2.92,1.24,1.3,0.58,0.36,42,0,0.76,-0.68,1,12,1.06
BNBUSDT,-1,1.9,1,TP,6,16,12,0,15,0.42,1.57,2.02,0.47,1.41,1.18,1,1,4,-0.51,-1,0,1.39
BNBUSDT,1,1.9,1,TP,17,17,148,0,16,0,0.05,1.44,1.1,0.63,0.26,160,0,1.84,0.42,1,5,0.69
BNBUSDT,-1,-2.1,0,SL,19,11,171,0,10,-0.19,3.85,3.81,1,0.99,0.62,42,0,1.91,-1.46,-1,5,1.9
BNBUSDT,-1,1.9,1,TP,6,7,192,0,6,0.03,2.37,3.35,1.03,0.97,0.48,8,0,2.2,-0.73,-1,17,0.86
BNBUSDT,1,1.9,1,TP,18,7,141,0,6,-0.62,1.16,1.03,0.91,0.78,0.77,3,0,1.93,-0.94,1,16,0.82
BNBUSDT,-1,1.9,1,TP,9,15,280,0,14,0.41,7.44,0.78,0.91,0.44,0.81,432,0,1.35,-0.82,-1,5,0.5
BNBUSDT,1,-1.056,0,TIMEOUT,84,6,229,0,5,-0.43,0.09,0.63,0.9,0.35,0.22,191,0,1.1,-0.25,1,23,0.36
BNBUSDT,1,1.9,1,TP,84,1,131,0,0,-4.6,3.67,3.56,3.56,0.39,0.22,655,0,1.05,0,1,17,0.83
BNBUSDT,1,1.9,1,TP,78,4,429,0,3,-0.46,1.63,0.59,0.64,0.26,0.37,179,0,0.77,-0.11,1,20,0.36
BNBUSDT,-1,-2.1,0,SL,32,10,300,0,9,-0.38,1.89,2.42,1.13,0.5,0.5,73,0,1.42,-0.49,-1,21,0.62
BNBUSDT,-1,1.9,1,TP,4,17,651,0,16,0.54,5.27,1.46,2.46,1.12,0.49,283,0,2.74,1.64,-1,16,2.38
BNBUSDT,1,-2.1,0,SL,13,6,281,0,5,0.65,7.45,2.22,1.82,0.49,0.26,171,0,1.44,-1.19,1,7,0.86
BNBUSDT,1,1.9,1,TP,59,13,349,0,12,-0.17,-0.57,0.74,0.83,0.52,0.31,232,0,1.56,-0.13,1,0,0.76
BNBUSDT,-1,1.9,1,TP,32,4,302,0,3,0.56,-0.01,0.92,1.13,0.61,0.38,8,0,0.84,-1.07,-1,13,0.91
BNBUSDT,-1,-2.1,0,SL,6,5,622,0,4,0.03,-0.08,2.56,0.95,1.07,0.35,62,0,2.26,-0.8,-1,21,1.48
BNBUSDT,1,1.9,1,TP,44,1,236,0,0,-3,10.28,1.33,1.33,0.59,0.5,191,0,1.23,0,1,3,0.81
BNBUSDT,-1,-1.766,0,TIMEOUT,15,3,140,0,2,0.45,3.49,0.65,0.93,0.36,0.39,32,0,1.07,-0.28,-1,6,0.53
BNBUSDT,-1,1.9,1,TP,72,4,214,0,3,-0.49,2.91,2.66,1.89,0.82,0.71,45,1,0.89,-1.38,-1,1,1.37
BNBUSDT,-1,1.9,1,TP,15,14,367,0,13,0.97,0.86,1.37,2.82,0.9,0.13,49,0,2.15,0.18,-1,14,2.63
BNBUSDT,1,-2.1,0,SL,25,10,187,0,9,2.05,1.83,1.51,3.81,0.68,0.58,154,0,1.69,-2.12,-1,13,2.03
BNBUSDT,1,1.9,1,TP,26,1,291,0,0,-3.35,4.89,1.52,1.52,0.76,0.57,267,0,0.4,0,1,15,0.64
BNBUSDT,-1,-2.1,0,SL,2,4,344,0,3,0.67,-2.14,2.13,3,0.84,0.25,58,0,1.33,-2.67,-1,20,1.99
BNBUSDT,-1,1.9,1,TP,47,7,306,0,6,-0.13,1.82,2.54,1.83,0.25,0.48,114,0,0.77,-0.55,-1,11,0.33
BNBUSDT,-1,-2.1,0,SL,29,5,492,0,4,-0.27,-0.23,0.54,1.07,0.37,0.27,114,0,1.11,-0.22,-1,9,0.29
BNBUSDT,1,1.9,1,TP,90,6,701,0,5,-0.49,1.02,2.28,1.29,0.47,0.18,80,0,1.22,-0.57,1,17,0.63
BNBUSDT,1,-2.1,0,SL,76,13,1381,0,12,-0.65,11.34,7.18,1.26,0.57,0.24,270,0,1.62,-0.01,1,19,0.72
BNBUSDT,1,-2.1,0,SL,94,11,181,0,10,-0.11,0.69,1.14,0.94,0.39,0.28,79,0,1.15,-0.19,1,16,0.59
BNBUSDT,1,1.9,1,TP,14,1,314,0,0,-1.55,1.98,0.93,0.93,0.38,0.28,222,0,1.01,0,1,1,0.45
BNBUSDT,-1,1.9,1,TP,36,8,194,0,7,0,2.62,0.45,2.16,0.56,0.47,189,0,1.47,0.18,-1,14,1.14
BNBUSDT,-1,1.9,1,TP,40,1,425,0,0,-2.91,2.8,2.17,2.17,0.43,0.24,97,0,0.85,0,-1,23,0.9
BNBUSDT,1,-1.102,0,TIMEOUT,70,10,363,0,9,-0.66,1.46,0.9,0.46,0.21,0.15,32,0,0.53,0.04,1,1,0.21
BNBUSDT,-1,-1.03,0,TIMEOUT,147,2,195,0,1,0.01,1.3,0.71,0.91,0.53,0.19,179,0,1.02,-0.41,-1,19,0.64
BNBUSDT,-1,-2.1,0,SL,5,9,540,0,8,0.03,4.78,3.14,0.81,1.32,0.96,165,0,3.79,-2.53,-1,8,1.11
BNBUSDT,1,-2.1,0,SL,7,8,179,0,7,-0.21,7.19,1.23,0.68,0.88,0.93,233,0,1.06,-1.09,1,1,0.51
BNBUSDT,1,-2.1,0,SL,44,2,394,0,1,0,1.06,0.98,1.36,0.58,0.64,100,0,1.83,-0.34,1,7,0.62
BNBUSDT,1,1.9,1,TP,6,4,612,0,3,-0.56,2.55,1.48,2.13,0.79,0.44,66,0,0.32,-0.74,1,13,1.22
BNBUSDT,1,-2.1,0,SL,26,16,1152,5,10,-0.25,-0.29,2.94,0.79,0.6,0.47,126,0,1.85,0.29,1,4,0.38
BNBUSDT,-1,-2.1,0,SL,38,1,260,0,0,-2.16,6.97,0.91,0.91,0.51,0.5,258,0,1.51,0,-1,3,0.29
BNBUSDT,-1,1.9,1,TP,18,1,161,0,0,-2.21,3.27,2.15,2.15,0.44,0.34,49,0,1.27,0,-1,10,0.54
BNBUSDT,-1,-1.653,0,TIMEOUT,35,4,358,0,3,-0.13,9.87,0.72,1.06,0.29,0.35,243,0,0.89,-0.24,-1,11,0.21
BNBUSDT,-1,1.9,1,TP,61,7,369,0,6,-0.21,1.64,0.28,0.36,0.71,0.17,62,0,1.02,-0.7,-1,20,0.72
BNBUSDT,-1,1.9,1,TP,6,9,914,0,8,-0.11,16.02,1.22,2.33,1.21,0.61,337,0,1.18,-1.61,-1,12,2.92
BNBUSDT,1,1.9,1,TP,5,12,331,0,11,-0.21,4.01,2.55,1.05,0.59,0.55,97,0,1.79,-0.32,1,9,0.88
BNBUSDT,1,1.9,1,TP,22,3,607,0,2,-0.43,11.77,0.76,1.16,0.43,0.29,223,0,1.36,-0.03,1,6,0.47
BNBUSDT,1,-2.1,0,SL,20,2,818,0,1,-0.94,3.74,0.55,1.36,0.53,0.37,67,0,0.65,0.33,1,11,0.75
BNBUSDT,-1,1.9,1,TP,9,14,8,0,13,-0.24,2.63,0.7,0.63,0.69,0.39,113,0,2.07,0.75,-1,1,0.38
BNBUSDT,1,1.9,1,TP,20,13,139,0,12,0.02,-0.47,1.29,1,0.63,0.29,71,0,1.86,-0.7,1,23,0.76
BNBUSDT,-1,-2.1,0,SL,32,15,255,0,14,0,-0.31,0.46,1.1,0.5,0.38,126,0,1.45,0.18,-1,0,0.62
BNBUSDT,-1,-2.1,0,SL,35,6,311,0,5,0.64,-0.81,1.54,1.4,0.91,0.38,61,0,1.1,-3.1,-1,14,1.94
BNBUSDT,-1,1.9,1,TP,68,1,132,0,0,-2.32,7.06,0.92,0.92,0.56,0.7,218,1,0.65,0,-1,2,0.42
BNBUSDT,1,1.9,1,TP,7,1,378,0,0,-3.04,2.34,1.93,1.93,0.36,0.35,95,0,0.89,0,1,12,0.53
BNBUSDT,1,-2.1,0,SL,25,1,669,0,0,-3.49,0.97,1.84,1.84,0.86,0.21,198,0,0.46,0,1,13,0.95
BNBUSDT,1,-2.1,0,SL,122,8,930,0,7,-0.31,5.32,0.6,1.69,0.44,0.25,62,0,0.63,0.17,1,6,0.55
BNBUSDT,-1,1.9,1,TP,36,1,266,0,0,-2.99,3.89,3.2,3.2,0.52,0.17,9,0,1.12,0,-1,12,1.15
BNBUSDT,1,-2.1,0,SL,74,16,381,0,15,0.31,2.77,11.15,0.75,0.46,0.49,94,0,1.35,-1.55,1,10,0.49
BNBUSDT,1,-2.1,0,SL,35,14,102,0,13,0.62,5.84,1.07,1.41,0.46,0.3,32,0,0.82,-0.49,1,6,0.72
BNBUSDT,-1,-1.118,0,TIMEOUT,178,7,152,0,6,-0.33,1.4,1.97,1.85,0.48,0.7,28,0,1.1,-0.71,-1,21,0.76
BNBUSDT,-1,-2.1,0,SL,48,17,405,0,16,0.21,3.74,0.73,1.21,0.32,0.25,33,0,0.94,0.15,-1,12,0.47
BNBUSDT,-1,1.9,1,TP,17,1,484,0,0,-0.89,2.06,0.75,0.75,0.5,0.35,364,0,0.44,0,-1,16,0.56
BNBUSDT,-1,-1.767,0,TIMEOUT,22,7,736,0,6,-0.31,3.63,3.49,0.72,0.38,0.16,108,0,1.06,-0.59,-1,7,0.21
BNBUSDT,-1,-2.1,0,SL,47,6,801,0,5,-0.15,1.51,0.3,0.67,0.72,0.36,7,0,0.98,-0.85,-1,0,0.63
BNBUSDT,1,1.9,1,TP,16,1,100,0,0,-1.54,5.28,0.61,0.61,0.39,0.37,28,0,1.26,0,1,1,0.3
BNBUSDT,1,1.9,1,TP,19,1,390,0,0,-3.74,8.74,4.84,4.84,0.39,0.36,318,0,0.19,0,1,1,0.84
BNBUSDT,1,-1.037,0,TIMEOUT,55,14,701,0,13,0.4,15.87,1.43,0.58,0.22,0.11,551,0,0.69,-0.41,1,4,0.21
BNBUSDT,-1,1.9,1,TP,51,21,7,6,14,0.11,2.76,18.26,1.4,0.72,0.21,0,0,1.9,2.05,-1,23,0.92
BNBUSDT,1,0.486,1,TIMEOUT,178,9,226,0,8,0.96,1.65,2.03,1.54,0.26,0.08,393,0,0.5,-0.75,1,21,0.56
BNBUSDT,1,1.9,1,TP,9,1,174,0,0,-5.08,5.61,5.29,5.29,0.24,0.14,162,0,0.53,0,1,14,0.49
BNBUSDT,1,1.9,1,TP,15,1,459,0,0,-4.66,3.26,4.59,4.59,0.4,0.14,166,0,0.96,0,1,13,0.86
BNBUSDT,1,-2.1,0,SL,7,16,1023,0,15,0.1,6.68,3.15,0.5,0.64,0.44,57,0,1.88,1.03,1,10,0.63
BNBUSDT,-1,-2.1,0,SL,5,9,116,0,8,0.28,3.95,1.31,0.55,1.54,0.55,121,0,2.64,-3.7,-1,7,1.18
BNBUSDT,-1,1.9,1,TP,15,3,201,0,2,-0.99,1.27,0.45,0.93,1.92,1.32,48,0,2.3,1.71,-1,4,2.37
BNBUSDT,-1,-1.097,0,TIMEOUT,71,2,1198,0,1,-0.31,10.65,0.65,0.76,0.24,0.51,310,0,0.75,0.06,-1,13,0.19
BNBUSDT,-1,1.9,1,TP,32,10,1294,0,9,-0.01,8.11,6.95,0.59,0.37,0.51,398,0,0.8,-0.82,-1,13,0.25
BNBUSDT,-1,1.9,1,TP,49,1,333,0,0,-1.28,0.78,2.05,2.05,0.56,0.18,81,0,1.21,0,-1,13,1.02
BNBUSDT,-1,1.9,1,TP,7,14,282,0,13,-0.55,5.63,1.29,0.48,0.52,0.29,36,0,1.64,-0.58,-1,23,0.48
BNBUSDT,1,1.9,1,TP,29,2,190,0,1,0.37,3.91,0.77,1,0.5,0.51,38,0,1.14,-0.28,1,8,0.44
BNBUSDT,-1,-2.1,0,SL,296,4,182,0,3,0.52,-0.11,1.25,1.11,0.18,0.05,5,0,0.52,-0.25,-1,13,0.21
BNBUSDT,1,-0.727,0,TIMEOUT,67,7,174,0,6,0.25,1.62,2.06,2.18,0.15,0.24,53,1,0.43,-0.17,1,11,0.32
BNBUSDT,1,1.9,1,TP,2,1,0,0,0,-5.21,4.64,13.78,13.78,0.32,0.18,0,0,0.82,0,1,2,2.05
BNBUSDT,1,1.9,1,TP,99,2,656,0,1,0.43,19.74,0.46,0.55,0.3,0.21,374,0,0.93,-0.26,1,22,0.29
BNBUSDT,-1,-1.919,0,TIMEOUT,49,1,136,0,0,-3.13,0.85,0.99,0.99,0.44,0.28,125,0,1.15,0,-1,6,0.35
BNBUSDT,-1,-1.958,0,TIMEOUT,59,2,200,0,1,0.15,2.04,0.55,1.24,0.41,0.28,55,0,1.07,-0.09,-1,3,0.4
BNBUSDT,-1,-2.1,0,SL,34,15,183,0,14,0.4,3.81,0.58,0.76,0.31,0.39,42,0,0.95,-0.18,-1,11,0.33
BNBUSDT,1,1.9,1,TP,172,5,147,0,4,-1.18,3.73,2.9,4.32,0.65,0.19,18,0,1.6,-0.69,1,13,1.67
BNBUSDT,1,-2.1,0,SL,115,2,523,0,1,-0.57,3.32,0.55,0.8,0.29,0.22,49,0,0.37,-0.16,1,11,0.33
BNBUSDT,-1,-1.864,0,TIMEOUT,29,14,303,0,13,0.28,3.11,0.53,0.59,0.16,0.17,30,0,0.52,-0.32,-1,8,0.09
BNBUSDT,1,-1.518,0,TIMEOUT,93,2,470,0,1,0.12,0.42,0.59,0.67,0.38,0.22,30,0,0.95,-0.22,1,12,0.34
BNBUSDT,-1,1.9,1,TP,106,5,131,0,4,0.56,0.52,1.5,0.94,0.37,0.23,3,0,0.83,-1.2,-1,13,0.5
BNBUSDT,-1,1.9,1,TP,54,8,159,6,1,-0.19,-0.11,1.02,0.98,0.22,0.09,20,0,0.57,0,1,1,0.21
BNBUSDT,-1,1.9,1,TP,47,6,540,0,5,0.05,1.04,2.97,1.73,0.28,0.14,166,0,0.59,-0.41,-1,0,0.66
BNBUSDT,-1,-1.138,0,TIMEOUT,44,2,692,0,1,-0.11,5.64,1.86,1.54,0.23,0.14,322,0,0.65,-0.23,-1,14,0.37
BNBUSDT,-1,-2.1,0,SL,28,4,766,0,3,-0.4,-0.58,0.94,0.56,0.28,0.22,68,0,0.56,-0.32,-1,8,0.14
BNBUSDT,-1,1.9,1,TP,5,1,902,0,0,-3.7,2.14,2.35,2.35,0.36,0.22,207,0,0.2,0,-1,18,0.52
BNBUSDT,-1,-2.1,0,SL,31,4,1088,0,3,-0.25,11.7,1.3,1.25,0.43,0.23,390,0,1.33,-0.63,-1,17,0.41
BNBUSDT,1,-2.1,0,SL,12,11,328,0,10,-0.27,5.19,2.23,1.75,0.65,0.3,169,0,1.83,0.3,1,9,0.96
BNBUSDT,1,-2.1,0,SL,49,5,640,0,4,-0.54,2.84,0.82,1.44,0.44,0.66,87,0,1.19,-0.35,1,15,0.74
BNBUSDT,-1,-1.135,0,TIMEOUT,182,15,179,0,14,-0.76,5,2.39,2.27,0.3,0.36,53,0,0.88,0.27,-1,11,0.36
BNBUSDT,1,-0.993,0,TIMEOUT,92,5,57,0,4,0.26,0.61,1.84,1.69,0.34,0.14,34,0,0.73,-0.41,1,15,0.44
BNBUSDT,-1,1.9,1,TP,7,2,67,0,1,-0.06,2.55,1.23,1.43,0.31,0.33,66,1,0.79,-0.28,-1,18,0.51
BNBUSDT,1,-0.334,0,TIMEOUT,45,3,295,0,2,0.63,-0.64,0.65,1.08,0.11,0.11,119,0,0.09,-0.16,1,8,0.17
BNBUSDT,1,1.9,1,TP,101,8,159,0,7,-0.95,8.4,3.2,1.91,0.29,0.25,133,0,0.82,-0.37,1,11,0.46
BNBUSDT,1,-0.805,0,TIMEOUT,86,7,435,1,5,0.16,-1.98,0.64,0.67,0.29,0.12,88,0,0.88,-0.54,1,8,0.24
BNBUSDT,-1,1.9,1,TP,32,1,99,0,0,-3.93,2.43,2.63,2.63,0.35,0.21,48,0,0.82,0,-1,0,0.44
BNBUSDT,-1,-1.105,0,TIMEOUT,63,4,277,0,3,-0.64,0.63,0.61,0.59,0.14,0.1,233,0,0.45,-0.09,-1,23,0.09
BNBUSDT,-1,-1.107,0,TIMEOUT,88,16,442,0,15,0.05,6.5,1.74,0.76,0.25,0.22,68,0,0.66,0.46,-1,16,0.29
BNBUSDT,-1,1.9,1,TP,66,1,573,0,0,-4.43,4.79,4.35,4.35,0.3,0.3,7,0,0.58,0,-1,1,1.19
BNBUSDT,-1,1.9,1,TP,52,13,922,0,12,-1.99,6.65,4.31,1.51,0.33,0.13,83,0,0.79,0.74,-1,16,0.8
BNBUSDT,-1,-0.421,0,TIMEOUT,163,19,8,4,14,0,-1.13,5.59,0.44,0.24,0.21,109,0,0.73,0.69,-1,21,0.18
BNBUSDT,-1,-0.551,0,TIMEOUT,31,6,291,0,5,-0.67,0.6,1.49,0.9,0.11,0.05,2,0,0.33,-0.04,-1,5,0.11
BNBUSDT,-1,-0.446,0,TIMEOUT,44,5,359,0,4,0.4,-0.75,0.41,0.88,0.11,0.05,71,0,0.17,-0.25,-1,22,0.15
BNBUSDT,-1,1.9,1,TP,36,6,443,0,5,0.1,-0.43,0.71,0.4,0.08,0.05,154,0,0.2,-0.08,-1,19,0.1
BNBUSDT,-1,1.9,1,TP,9,10,697,3,6,-0.8,1.36,14.6,1.45,0.56,0.47,0,1,1.35,1.18,-1,11,0.89
BNBUSDT,-1,1.9,1,TP,89,6,861,0,5,-0.67,14.12,1.11,0.59,0.44,0.5,165,1,1.31,-0.15,-1,4,0.37
BNBUSDT,-1,1.9,1,TP,4,1,154,0,0,-1.72,3.56,1.16,1.16,0.41,0.26,76,0,1.03,0,-1,14,0.29
BNBUSDT,-1,-2.1,0,SL,36,6,307,0,5,0.03,9.34,0.6,0.33,0.41,0.27,224,0,1.17,-0.01,-1,4,0.27
BNBUSDT,-1,1.9,1,TP,11,13,499,0,12,0.04,0.15,0.69,0.51,0.28,0.27,178,0,0.87,-0.07,-1,4,0.16
BNBUSDT,1,1.9,1,TP,26,3,257,0,2,-1.09,3.1,0.74,1.11,0.33,0.27,54,0,1.01,0.06,1,3,0.43
BNBUSDT,-1,1.9,1,TP,21,8,137,0,7,-0.2,3.16,1.65,0.95,0.47,0.17,10,0,0.83,-1.18,-1,16,0.24
BNBUSDT,-1,-2.1,0,SL,94,6,400,0,5,-0.07,1.52,0.58,0.8,0.17,0.08,53,0,0.52,-0.12,-1,9,0.14
BNBUSDT,-1,1.9,1,TP,47,3,134,1,1,-0.43,2.74,0.79,1.04,0.25,0.21,21,0,0.78,0.15,-1,7,0.16
BNBUSDT,-1,1.9,1,TP,32,5,330,0,4,-0.55,0.62,3.23,0.57,0.45,0.21,40,0,1.11,-0.25,-1,8,0.39
BNBUSDT,-1,-1.296,0,TIMEOUT,30,7,566,0,6,-0.09,0.59,0.88,0.3,0.25,0.18,51,0,0.66,-0.38,-1,19,0.21
BNBUSDT,-1,-0.421,0,TIMEOUT,113,8,735,0,7,-0.13,2.66,0.42,0.91,0.15,0.1,10,0,0.28,-0.01,-1,14,0.16
BNBUSDT,-1,1.9,1,TP,18,6,892,0,5,-0.16,0.78,5.74,0.71,0.21,0.08,115,0,0.46,-0.47,-1,5,0.21
BNBUSDT,1,-0.528,0,TIMEOUT,122,1,475,0,0,-2.76,3.09,1.35,1.35,0.49,0.32,3,1,0.12,0,1,7,0.53
BNBUSDT,-1,-0.768,0,TIMEOUT,52,12,227,6,5,0.48,-1.26,0.74,0.41,0.16,0.25,122,0,0.5,-0.12,1,5,0.12
BNBUSDT,-1,1.9,1,TP,169,2,343,0,1,-0.31,1,0.86,1.15,0.16,0.03,148,0,0.18,-0.17,-1,0,0.3
BNBUSDT,-1,1.9,1,TP,5,9,1049,0,8,-0.58,3.65,7.92,0.86,0.24,0.15,45,0,0.69,-0.4,-1,9,0.2
BNBUSDT,1,-1.258,0,TIMEOUT,54,14,384,0,13,-0.02,2.11,2.07,0.86,0.21,0.27,2,0,0.6,-0.11,1,17,0.18
BNBUSDT,1,1.9,1,TP,83,5,479,0,4,-0.24,0.95,0.79,0.41,0.26,0.43,44,1,0.49,-0.31,1,17,0.19
BNBUSDT,-1,-2.1,0,SL,1,7,576,0,6,0.25,0.08,3.06,1.15,0.28,0.22,443,0,0.44,-0.46,-1,17,0.38
BNBUSDT,-1,-1.327,0,TIMEOUT,34,3,656,0,2,-0.43,1.41,0.72,1.57,0.2,0.14,7,0,0.34,-0.19,-1,13,0.42
BNBUSDT,1,-1.014,0,TIMEOUT,91,8,632,0,7,0.42,1.18,3.31,0.9,0.25,0.27,97,0,0.69,-0.7,1,11,0.28
BNBUSDT,1,-0.264,0,TIMEOUT,305,2,213,0,1,-1.26,1.81,1.23,0.92,0.2,0.14,12,0,0.57,0.21,1,13,0.27
BNBUSDT,1,-1.191,0,TIMEOUT,78,1,536,0,0,-5.11,3.24,2.75,2.75,0.35,0.16,252,0,0.31,0,1,22,0.53
BNBUSDT,-1,-0.039,0,TIMEOUT,141,1,403,0,0,-1.95,4.36,1.71,1.71,0.11,0.17,78,0,0.12,0,-1,17,0.12
BNBUSDT,-1,1.9,1,TP,27,1,566,0,0,-4.28,4.06,18,18,0.26,0.16,80,1,0.49,0,-1,9,1.48
BNBUSDT,-1,-0.623,0,TIMEOUT,259,6,738,0,5,-0.5,3.64,1.11,0.45,0.3,0.16,71,0,0.82,-0.35,-1,4,0.19
BNBUSDT,1,1.9,1,TP,119,5,129,0,4,-0.13,8.68,1.55,1.15,0.2,0.16,215,0,0.51,-0.34,1,16,0.33
BNBUSDT,1,-2.1,0,SL,12,12,694,0,11,-0.65,-0.88,0.61,11.05,0.69,0.6,38,0,0.45,1.17,1,14,2.76
BNBUSDT,1,-1.008,0,TIMEOUT,179,5,904,0,4,-0.09,-0.66,3.06,0.79,0.23,0.11,126,0,0.55,-0.33,1,18,0.29
BNBUSDT,1,1.9,1,TP,18,8,1208,0,7,-0.27,-0.83,1.6,0.52,0.44,0.28,207,0,0.33,-0.52,1,22,0.4
BNBUSDT,1,1.9,1,TP,18,1,1429,0,0,-1.11,5.39,1.06,1.06,0.23,0.27,435,0,0.68,0,1,5,0.28
BNBUSDT,1,1.9,1,TP,40,6,1906,0,5,-0.08,0.78,0.95,2.37,0.48,0.4,153,0,0.61,-0.34,1,5,0.85
BNBUSDT,1,-2.1,0,SL,29,6,2147,0,5,-0.93,4.66,0.96,0.8,0.44,0.39,394,0,0.95,-0.08,1,17,0.61
BNBUSDT,-1,-2.1,0,SL,33,5,156,0,4,-0.21,4.4,0.34,0.44,0.6,0.41,700,0,1.28,-0.37,-1,21,0.49
BNBUSDT,-1,-0.872,0,TIMEOUT,32,6,1017,0,5,-0.1,1.36,1.54,0.63,0.15,0.19,8,0,0.43,-0.09,-1,13,0.12
BNBUSDT,-1,-1.17,0,TIMEOUT,46,6,1132,0,5,0.14,1.67,0.54,0.74,0.25,0.09,18,0,0.5,-0.14,-1,18,0.18
BNBUSDT,1,-2.1,0,SL,57,6,185,0,5,-0.02,14.59,1.78,0.8,0.43,0.36,232,0,1.31,-0.93,1,23,0.44
BNBUSDT,1,-2.1,0,SL,20,15,471,0,14,-0.48,6.31,3.43,1.17,0.5,0.6,120,0,1.45,0.39,1,7,0.6
BNBUSDT,-1,-2.1,0,SL,41,16,145,0,15,-0.04,2.17,0.92,0.28,0.53,0.34,174,0,0.96,-0.87,-1,19,0.31
BNBUSDT,-1,1.9,1,TP,32,7,289,0,6,1.91,9,0.69,2.28,0.47,0.36,300,0,1.22,-1.45,1,4,1.33
BNBUSDT,-1,-0.921,0,TIMEOUT,28,6,229,0,5,0.27,2.05,0.75,0.62,0.17,0.14,29,0,0.54,-0.24,-1,22,0.17
BNBUSDT,-1,-0.895,0,TIMEOUT,86,9,303,0,8,-0.5,2.63,0.58,0.94,0.15,0.14,100,0,0.42,0.08,-1,16,0.18
BNBUSDT,1,1.9,1,TP,55,4,264,0,3,-0.09,2.83,0.82,2.74,0.19,0.06,152,0,0.49,-0.22,1,10,0.45
BNBUSDT,1,-0.84,0,TIMEOUT,40,3,625,0,2,0.14,6.93,1.76,1.14,0.19,0.48,239,0,0.53,-0.35,1,5,0.2
BNBUSDT,1,1.9,1,TP,22,1,142,0,0,-3.59,3.35,2.64,2.64,0.16,0.25,70,0,0.47,0,1,7,0.25
BNBUSDT,1,-2.1,0,SL,29,11,722,0,10,-0.17,-0.95,3.28,1.13,0.47,0.32,299,0,0.59,-0.51,1,8,0.56
BNBUSDT,1,1.9,1,TP,9,5,826,0,4,-0.8,3.06,1.2,1.36,0.69,0.17,5,0,0.92,-0.48,1,10,1.15
BNBUSDT,1,1.9,1,TP,89,2,1128,0,1,0.38,4.04,0.76,0.61,0.28,0.37,71,0,0.86,-0.23,1,13,0.37
BNBUSDT,1,1.9,1,TP,14,13,1505,0,12,0.02,2.96,10.31,2.02,0.66,0.21,4,0,1.58,0.28,1,11,1.69
BNBUSDT,1,-2.1,0,SL,104,5,1767,0,4,-0.16,1.91,1.36,1.88,0.42,0.18,125,0,1.1,-0.44,1,5,0.66
BNBUSDT,1,-2.1,0,SL,38,9,902,0,8,-0.51,2.59,3.96,0.49,1.2,0.92,4,1,1.23,-2.68,1,1,0.63
BNBUSDT,1,-2.1,0,SL,62,16,396,0,15,0.13,5.45,3.98,0.73,0.41,0.22,24,0,1.2,0.12,1,12,0.28
BNBUSDT,1,-2.1,0,SL,9,4,579,0,3,-0.09,2.22,1.25,1.73,0.45,0.23,219,0,0.15,-0.44,1,10,0.56
BNBUSDT,1,1.9,1,TP,14,1,739,0,0,-2.94,15.57,3.85,3.85,0.36,0.21,382,0,1.08,0,1,2,0.79
BNBUSDT,-1,-2.1,0,SL,15,5,584,0,4,0.2,-0.12,2.01,2.09,0.85,0.79,70,0,1.42,-1.58,-1,3,1.32
BNBUSDT,1,-1.726,0,TIMEOUT,50,16,609,0,15,0.55,3.04,0.43,0.72,0.34,0.42,195,1,1.08,-0.17,1,21,0.35
BNBUSDT,-1,1.9,1,TP,8,8,204,0,7,-0.48,2.81,2.94,1.06,0.4,0.23,50,0,0.64,-0.57,-1,4,0.34
BNBUSDT,-1,1.9,1,TP,4,1,322,0,0,-2.79,6.27,0.81,0.81,0.53,0.24,175,0,0.85,0,-1,10,0.44
BNBUSDT,1,-0.618,0,TIMEOUT,90,9,199,0,8,-0.19,16.14,2.67,0.5,0.3,0.29,221,0,0.9,-0.27,1,17,0.29
BNBUSDT,1,-2.1,0,SL,144,1,523,0,0,-2.84,4.32,1.51,1.51,0.47,0.16,31,0,0.38,0,1,2,0.41
BNBUSDT,1,-1.234,0,TIMEOUT,123,6,786,0,5,-1.16,4.36,0.68,1.18,0.23,0.21,69,0,0.24,-0.03,1,20,0.34
BNBUSDT,1,-1.384,0,TIMEOUT,69,3,936,0,2,-0.72,3.89,0.48,2.18,0.35,0.21,222,0,0.48,0,1,10,0.51
BNBUSDT,1,-1.178,0,TIMEOUT,58,7,104,0,6,-0.25,3.47,0.84,0.89,0.15,0.12,19,0,0.44,-0.17,1,4,0.27
BNBUSDT,1,1.9,1,TP,17,3,109,0,2,0.03,1.25,1.87,1.55,0.18,0.14,502,0,0.55,-0.23,1,0,0.22
BNBUSDT,-1,1.9,1,TP,38,8,500,0,7,-0.72,3.44,0.68,0.32,0.47,0.22,17,0,1.24,0.39,-1,6,0.39
BNBUSDT,-1,1.9,1,TP,52,15,910,0,14,-0.08,3.84,0.77,0.72,0.34,0.39,58,1,0.77,0.32,-1,12,0.41
BNBUSDT,-1,1.9,1,TP,32,12,236,0,11,-0.18,4.51,2.6,0.29,0.21,0.11,26,0,0.48,-0.01,-1,18,0.1
BNBUSDT,-1,-1.975,0,TIMEOUT,80,4,521,0,3,-0.7,3.11,0.91,0.41,0.37,0.42,36,0,0.72,-0.02,-1,18,0.3
BNBUSDT,-1,-0.035,0,TIMEOUT,86,6,706,0,5,-0.4,2.41,1.23,2.12,0.35,0.29,10,0,0.27,-0.34,-1,16,0.62
BNBUSDT,1,-0.747,0,TIMEOUT,91,16,248,0,15,0.09,7.54,1.07,1.13,0.4,0.26,239,0,1.2,0.03,1,19,0.43
BNBUSDT,1,1.9,1,TP,80,1,380,0,0,-1.51,11.18,0.65,0.65,0.33,0.26,386,0,0.7,0,1,4,0.32
BNBUSDT,1,-2.1,0,SL,54,6,662,0,5,0.51,0.91,1.16,1.31,0.39,0.22,15,0,1.16,-0.67,1,3,0.61
BNBUSDT,1,-2.1,0,SL,202,5,904,0,4,-4.61,3.49,1.34,9.38,0.61,0.69,146,1,0.82,2.38,1,15,2.94
BNBUSDT,1,-0.747,0,TIMEOUT,55,8,198,0,7,-1.07,1.66,3.28,0.83,0.24,0.09,1,0,0.69,-0.19,1,2,0.28
BNBUSDT,-1,1.9,1,TP,26,1,204,0,0,-1.74,2.82,0.49,0.49,0.44,0.09,281,0,0.23,0,-1,22,0.53
BNBUSDT,-1,1.9,1,TP,24,1,369,0,0,-1.92,6.13,2.03,2.03,0.75,0.09,446,0,1.28,0,-1,15,1.49
BNBUSDT,1,1.9,1,TP,9,9,116,4,4,0.04,0.34,11.35,1.92,0.5,0.31,0,0,1.37,0.19,1,13,0.65
BNBUSDT,1,-2.1,0,SL,6,11,111,0,10,0.03,3.15,0.87,0.73,0.41,0.29,202,0,1.21,-0.05,1,17,0.54
BNBUSDT,1,1.9,1,TP,21,1,275,0,0,-3.07,6.78,2.43,2.43,0.26,0.63,126,0,0.7,0,1,10,0.46
BNBUSDT,1,1.9,1,TP,6,1,491,0,0,-1.86,3.79,0.93,0.93,0.41,0.12,44,0,0.78,0,1,16,0.22
BNBUSDT,1,1.9,1,TP,51,14,711,0,13,-0.63,-0.42,2.06,0.54,0.47,0.15,87,0,1.25,-0.21,1,23,0.36
BNBUSDT,1,-2.1,0,SL,28,2,991,0,1,-0.16,-0.75,0.8,1.77,0.37,0.29,94,0,1.02,-0.4,1,21,0.8
BNBUSDT,-1,-1.525,0,TIMEOUT,40,1,369,0,0,-1.31,1.71,2.11,2.11,0.35,0.13,17,0,1.04,0,-1,2,0.5
BNBUSDT,-1,-2.1,0,SL,42,8,431,0,7,-0.44,2.24,1,0.7,0.58,0.13,72,0,1.11,-0.55,-1,17,0.58
BNBUSDT,1,1.9,1,TP,53,13,65,0,12,0.51,2.05,0.94,1.55,0.44,0.11,9,0,1.25,-0.33,1,3,0.68
BNBUSDT,1,1.9,1,TP,17,17,330,0,16,-0.28,13.51,2.07,0.18,0.43,0.11,270,0,1.35,-0.37,1,21,0.21
BNBUSDT,-1,1.9,1,TP,4,1,147,0,0,-3.5,11.78,2.52,2.52,0.43,0.23,217,0,1,0,-1,14,0.83
BNBUSDT,1,1.9,1,TP,22,5,318,0,4,0.03,3.95,1.28,1.4,0.44,0.3,20,0,1.11,-0.25,1,14,0.43
BNBUSDT,1,1.9,1,TP,36,12,214,0,11,-0.11,-1.61,0.98,2.24,0.36,0.18,25,0,0.55,-0.49,1,7,0.98
BNBUSDT,1,-1.307,0,TIMEOUT,56,17,861,0,16,-0.58,2.6,3.76,2.85,0.3,0.13,59,1,0.74,0.83,1,0,0.7
BNBUSDT,1,1.9,1,TP,23,6,420,0,5,-0.16,0.27,3.54,1.86,0.54,0.36,8,0,1.39,-0.68,1,6,1
BNBUSDT,1,1.9,1,TP,4,4,580,0,3,0.67,0.83,1.2,0.78,0.71,0.36,170,0,2.03,-1.47,1,22,0.9
BNBUSDT,1,-2.1,0,SL,3,10,758,0,9,-0.22,-0.06,1.06,0.44,0.83,0.36,342,0,0.65,-0.14,1,18,1.1
BNBUSDT,1,-2.1,0,SL,78,3,998,0,2,-0.36,5.28,1.23,1.22,0.33,0.24,42,0,0.28,-0.29,1,6,0.5
BNBUSDT,1,-2.1,0,SL,19,8,1106,0,7,-0.14,2.02,1.02,0.68,0.75,0.31,25,0,0.67,-0.51,1,9,0.68
BNBUSDT,1,-2.1,0,SL,9,3,317,0,2,0.1,2.51,2.16,0.57,0.56,0.91,88,0,1.68,-0.39,1,11,0.49
BNBUSDT,1,-2.1,0,SL,15,5,394,1,3,0.83,-1.19,0.73,1.78,0.49,0.45,175,0,0.88,-0.45,1,3,0.74
BNBUSDT,-1,-2.1,0,SL,7,4,116,1,2,0.05,-0.49,0.96,0.46,0.85,0.28,65,0,1.3,-0.07,-1,15,0.45
BNBUSDT,1,1.9,1,TP,74,15,291,0,14,-0.54,-0.34,0.84,1.83,0.57,0.33,363,0,1.44,-0.31,1,21,0.99
BNBUSDT,-1,1.9,1,TP,13,11,257,0,10,-0.42,3.55,3.98,0.45,0.66,0.36,41,0,1.07,-1.4,-1,15,0.48
BNBUSDT,1,-2.1,0,SL,8,9,348,0,8,-0.37,3.89,0.27,0.66,0.4,0.36,72,0,0.92,-0.16,1,13,0.29
BNBUSDT,1,1.9,1,TP,11,1,436,0,0,-2.21,5.34,1.34,1.34,0.27,0.37,168,0,0.71,0,1,11,0.25
BNBUSDT,-1,-1.337,0,TIMEOUT,27,8,434,0,7,-0.12,2.72,2.41,1.02,0.26,0.15,126,0,0.45,0.1,-1,9,0.34
BNBUSDT,1,1.9,1,TP,35,11,222,2,8,-0.46,0.79,0.61,1.47,0.26,0.09,85,0,0.27,0.22,1,7,0.35
BNBUSDT,-1,1.9,1,TP,74,8,462,0,7,0.09,1.28,1.05,1.14,0.17,0.48,163,1,0.48,-0.2,-1,12,0.3
BNBUSDT,1,1.9,1,TP,10,9,95,0,8,0.39,2.29,0.79,0.89,0.35,0.12,105,0,0.72,-0.61,1,17,0.46
BNBUSDT,-1,-2.1,0,SL,22,17,116,0,16,0.05,0.34,2,0.55,0.54,0.13,461,0,1.53,0,-1,12,0.48
BNBUSDT,-1,-0.091,0,TIMEOUT,224,15,480,0,14,-0.03,3.15,1.73,0.45,0.31,0.23,127,0,0.72,-0.18,-1,7,0.21
BNBUSDT,-1,1.9,1,TP,39,6,789,0,5,-0.24,8.94,0.43,0.79,0.13,0.23,445,0,0.27,-0.08,-1,13,0.1
BNBUSDT,1,-1.677,0,TIMEOUT,24,11,107,2,8,-0.26,-0.84,0.27,2.16,0.28,0.31,63,0,0.61,-0.17,1,7,0.2
BNBUSDT,1,1.9,1,TP,131,12,202,1,10,0.55,-0.95,1.35,4.06,0.27,0.31,156,0,0.48,-0.18,1,7,0.62
BNBUSDT,-1,1.9,1,TP,9,1,251,0,0,-4.07,7.78,2.31,2.31,0.82,1.14,124,0,1.83,0,-1,5,0.98
BNBUSDT,-1,-1.524,0,TIMEOUT,53,4,610,0,3,0.02,-0.19,0.65,0.61,0.48,0.41,83,0,0.75,-0.62,-1,23,0.35
BNBUSDT,1,1.9,1,TP,4,12,4,0,11,-0.27,3.99,2.15,1.38,0.63,0.39,140,0,1.67,1.06,1,15,0.63
BNBUSDT,1,1.9,1,TP,10,7,238,0,6,-0.07,0.48,3.01,0.53,0.44,0.28,166,0,0.66,-1.25,1,2,0.3
BNBUSDT,-1,1.9,1,TP,40,5,271,0,4,-0.09,0.45,0.65,0.66,0.52,0.24,29,0,0.19,-0.92,-1,20,0.59
BNBUSDT,1,1.9,1,TP,26,13,84,5,7,-0.12,-0.47,1.32,0.58,0.26,0.43,249,1,0.3,0.22,1,10,0.18
BNBUSDT,-1,1.9,1,TP,98,11,297,2,8,0.26,-0.85,3.96,2,0.93,1.16,0,1,2.09,0.37,-1,20,1.85
BNBUSDT,1,1.9,1,TP,5,1,396,0,0,-3.44,2.14,1.64,1.64,0.43,0.11,89,0,0.66,0,1,2,0.43
BNBUSDT,1,1.9,1,TP,47,6,276,0,5,0.22,0.08,2.03,1.78,0.31,0.26,155,0,0.27,-0.49,1,12,0.72
BNBUSDT,1,-0.729,0,TIMEOUT,84,22,7,5,16,0.49,0.93,6.04,1.32,0.39,0.06,130,0,1.06,0.88,1,10,0.58
BNBUSDT,-1,-2.1,0,SL,51,15,424,0,14,-0.36,5.14,1.08,1.63,0.32,0.11,22,0,0.54,0.2,-1,7,0.49
BNBUSDT,-1,-1.278,0,TIMEOUT,82,6,638,0,5,-0.23,4.74,1.12,1.55,0.43,0.52,123,1,0.89,-0.34,-1,13,0.5
BNBUSDT,-1,1.9,1,TP,85,4,748,0,3,-0.49,7.98,0.83,0.71,0.2,0.52,235,1,0.57,-0.22,-1,16,0.15
BNBUSDT,-1,-2.1,0,SL,14,13,1082,0,12,-0.19,13.64,5.13,1.62,0.76,0.56,560,1,1.64,-0.8,-1,4,1.15
BNBUSDT,-1,-0.073,0,TIMEOUT,230,3,109,0,2,-0.27,-0.33,1.45,1.05,0.21,0.35,114,1,0.64,-0.36,-1,0,0.23
BNBUSDT,1,-0.999,0,TIMEOUT,36,11,233,0,10,0.39,1.95,1.26,1.22,0.14,0.1,153,0,0.4,-0.11,1,6,0.14
BNBUSDT,1,-0.41,0,TIMEOUT,69,1,305,0,0,-4.25,4.88,3.17,3.17,0.2,0.1,235,0,0.37,0,1,0,0.34
BNBUSDT,1,1.9,1,TP,62,1,431,0,0,-2.76,9.1,1.41,1.41,0.26,0.09,361,0,0.52,0,1,8,0.19
BNBUSDT,-1,-0.925,0,TIMEOUT,72,1,195,0,0,-1.89,4.65,0.45,0.45,0.25,0.07,21,0,0.4,0,-1,3,0.2
BNBUSDT,-1,-0.336,0,TIMEOUT,176,4,430,0,3,-0.73,3.76,0.73,1.33,0.24,0.07,253,0,0.15,-0.02,-1,14,0.34
BNBUSDT,-1,1.9,1,TP,226,10,698,1,8,0.21,-1.34,1.42,1.15,0.19,0.16,156,0,0.54,-0.18,-1,9,0.27
BNBUSDT,1,1.9,1,TP,47,1,224,0,0,-3.76,2.64,2.84,2.84,0.26,0.06,62,0,0.69,0,1,3,0.4
BNBUSDT,1,-2.1,0,SL,40,4,522,0,3,0.76,19.39,0.51,1.5,0.43,0.05,357,0,1.31,-0.69,1,6,0.52
BNBUSDT,1,1.9,1,TP,10,1,628,0,0,-2.72,3,4.42,4.42,0.62,0.14,77,0,0.83,0,1,8,1.67
BNBUSDT,1,-1.206,0,TIMEOUT,85,1,761,0,0,-1.33,1.14,0.42,0.42,0.43,0.15,210,0,0.34,0,1,17,0.26
BNBUSDT,-1,-0.583,0,TIMEOUT,80,6,272,0,5,0.09,0.6,3.54,0.35,0.41,0.14,26,0,0.43,-1.44,-1,21,0.24
BNBUSDT,-1,-1.439,0,TIMEOUT,32,6,438,0,5,-0.56,1.81,1.05,0.95,0.27,0.14,192,0,0.6,-0.18,-1,14,0.22
BNBUSDT,-1,-0.897,0,TIMEOUT,54,1,208,0,0,-1.68,3.48,2.1,2.1,0.21,0.07,52,0,0.62,0,-1,8,0.28
BNBUSDT,-1,-1.249,0,TIMEOUT,20,8,324,0,7,0.24,2.23,0.58,1.81,0.24,0.07,161,0,0.57,-0.38,-1,13,0.32
BNBUSDT,1,-1.017,0,TIMEOUT,76,1,110,0,0,-2.51,8.25,0.49,0.49,0.22,0.07,322,0,0.53,0,1,3,0.11
BNBUSDT,1,1.9,1,TP,32,10,91,0,9,0.59,5.88,0.92,2.5,0.18,0.09,246,0,0.49,-0.41,1,13,0.3
BNBUSDT,-1,-0.593,0,TIMEOUT,166,14,79,0,13,-0.07,7.14,2.11,1.45,0.31,0.05,145,0,0.79,-0.2,-1,14,0.7
BNBUSDT,-1,1.9,1,TP,102,8,294,0,7,0.05,2.89,0.9,0.73,0.27,0.11,18,0,0.27,-0.15,-1,19,0.24
BNBUSDT,1,1.9,1,TP,194,3,468,0,2,-1.18,27.03,0.8,0.95,0.08,0.11,468,0,0.23,0.04,1,19,0.1
BNBUSDT,1,1.9,1,TP,140,5,256,0,4,-0.54,1.71,0.77,0.83,0.11,0.12,164,0,0.35,-0.1,1,7,0.1
BNBUSDT,1,1.9,1,TP,81,6,648,0,5,-0.45,35.46,1.7,1.11,0.11,0.12,555,0,0.37,-0.15,1,9,0.14
BNBUSDT,1,1.9,1,TP,43,9,333,0,8,-0.02,3.3,1.01,0.55,0.3,0.24,67,0,0.9,-0.31,1,5,0.29
BNBUSDT,1,-2.1,0,SL,10,6,787,4,1,0.13,-0.19,1.04,1.02,0.41,0.2,189,0,0.53,-0.06,-1,22,0.34
BNBUSDT,-1,-2.1,0,SL,30,4,1,0,3,-0.42,3.19,0.97,2.48,0.65,0.21,210,0,1.79,-0.6,-1,4,1.09
BNBUSDT,-1,-2.1,0,SL,6,5,168,0,4,-0.04,-0.38,2.83,1.31,0.48,0.57,378,1,0.79,-0.96,-1,15,0.66
BNBUSDT,1,1.9,1,TP,103,6,134,0,5,-0.38,3.05,0.74,0.73,0.32,0.34,43,0,0.38,-0.15,1,8,0.17
BNBUSDT,1,-2.1,0,SL,10,4,505,0,3,-1.25,12.52,0.72,0.8,0.35,0.22,228,0,0.97,-0.18,1,5,0.45
BNBUSDT,1,-2.1,0,SL,20,16,604,0,15,-0.02,2.1,10.9,0.48,0.36,0.22,81,0,1.05,-0.79,1,6,0.24
BNBUSDT,1,1.9,1,TP,18,1,739,0,0,-2.59,4.79,2.91,2.91,0.47,0.51,14,0,0.6,0,1,16,0.75
BNBUSDT,-1,-1.555,0,TIMEOUT,91,12,143,0,11,-0.09,3.36,1.36,0.76,0.44,0.2,21,0,1.21,-0.31,-1,19,0.86
BNBUSDT,-1,-0.527,0,TIMEOUT,114,17,477,0,16,-0.12,5.74,4.83,1.21,0.2,0.13,44,0,0.45,0.03,-1,8,0.24
BNBUSDT,1,1.9,1,TP,22,3,383,0,2,-0.62,0.47,1.36,2.05,0.2,0.04,78,0,0.58,-0.13,1,7,0.38
BNBUSDT,1,1.9,1,TP,25,14,347,0,13,-0.12,3.38,0.82,2.31,0.31,0.19,11,0,0.83,0.07,1,8,0.74
BNBUSDT,-1,1.9,1,TP,34,1,243,0,0,-1.87,4.57,1.71,1.71,0.46,0.39,409,0,0.91,0,-1,3,0.53
BNBUSDT,1,1.9,1,TP,91,12,244,0,11,0.02,-0.95,3.1,1.08,0.36,0.55,102,1,0.85,-0.63,1,11,0.35
BNBUSDT,1,-2.1,0,SL,54,9,607,0,8,-0.33,1.57,2.41,0.81,0.51,0.79,142,0,1.47,-0.59,1,6,0.59
BNBUSDT,-1,-2.1,0,SL,10,2,211,0,1,0.05,9.54,1.77,1.18,0.99,0.58,121,0,2.99,-0.46,-1,3,1.01
BNBUSDT,-1,-2.1,0,SL,6,4,482,0,3,0.46,-0.4,1.71,2.78,0.59,0.19,22,0,1.24,-0.83,-1,9,1.61
BNBUSDT,-1,-2.1,0,SL,101,9,76,0,8,-0.17,2.52,0.95,0.84,0.59,0.2,274,0,1.81,-0.95,-1,1,0.32
BNBUSDT,1,1.9,1,TP,66,7,264,0,6,-3.15,6.08,1.14,6.7,0.24,0.22,67,0,0.63,0.88,1,9,0.76
BNBUSDT,-1,1.9,1,TP,43,5,446,4,0,-1.22,0.08,1.32,1.32,0.26,0.32,188,0,0.62,0.16,-1,15,0.45
BNBUSDT,-1,-2.1,0,SL,38,7,836,0,6,0.05,7.66,2.78,0.56,0.65,0.44,234,0,1.77,-0.61,-1,17,0.85
BNBUSDT,-1,-2.1,0,SL,10,10,922,0,9,0.29,-1.88,1.71,2.59,0.65,0.36,317,0,1.66,-1.1,-1,14,1.06
BNBUSDT,-1,1.9,1,TP,5,1,183,0,0,-3.06,6.56,1.89,1.89,0.61,0.4,192,0,1.21,0,-1,17,1.13
BNBUSDT,-1,1.9,1,TP,20,10,473,0,9,0.71,0.59,3.71,3.76,0.63,0.27,0,0,0.97,-0.55,-1,18,1.68
BNBUSDT,-1,1.9,1,TP,3,2,749,0,1,-0.3,2.82,2.06,4.02,0.48,0.27,284,0,0.95,-0.25,-1,15,0.9
BNBUSDT,-1,1.9,1,TP,26,13,864,0,12,-0.12,3.04,1.3,0.49,0.73,0.48,13,0,1.97,-0.01,-1,19,0.79
BNBUSDT,1,1.9,1,TP,54,2,130,0,1,1.21,1.85,0.45,1.66,0.37,0.26,209,0,1.1,-0.67,-1,3,0.7
BNBUSDT,-1,-2.1,0,SL,9,4,182,0,3,-1.06,1.04,10.32,5.86,0.46,0.33,0,0,0.78,-0.69,-1,15,1.65
BNBUSDT,1,-1.958,0,TIMEOUT,18,17,130,0,16,0.81,4.65,2.11,1.02,0.49,0.32,200,0,1.34,-0.92,1,20,0.95
BNBUSDT,1,-2.1,0,SL,16,4,228,0,3,0.09,1.02,2.03,1.65,0.66,0.14,44,0,0.62,-1.49,1,20,1.22
BNBUSDT,-1,-1.424,0,TIMEOUT,61,15,9,0,14,-0.26,4.88,2.7,0.42,0.46,0.15,69,0,1.45,-0.56,-1,5,0.17
BNBUSDT,-1,1.9,1,TP,40,6,156,0,5,0.32,7.27,2.99,1.26,0.29,0.16,228,0,0.78,-0.61,-1,6,0.36
BNBUSDT,-1,-0.812,0,TIMEOUT,18,7,539,0,6,-0.11,2.05,0.29,0.68,0.15,0.11,19,1,0.15,-0.1,-1,6,0.21
BNBUSDT,1,1.9,1,TP,94,10,6,0,9,0.9,1.03,0.53,3.49,0.26,0.2,9,0,0.62,-0.32,1,13,0.85
BNBUSDT,-1,-0.454,0,TIMEOUT,73,13,168,0,12,-0.3,11.65,4.59,1.37,0.18,0.22,334,0,0.5,-0.13,-1,13,0.35
BNBUSDT,-1,-0.792,0,TIMEOUT,54,11,282,0,10,0.31,8.11,1.14,0.46,0.32,0.22,450,0,0.89,-0.74,-1,18,0.42
BNBUSDT,1,1.9,1,TP,92,5,215,0,4,-0.42,1.03,3.62,1.94,0.29,0.13,4,0,0.47,-0.08,1,15,0.57
BNBUSDT,1,1.9,1,TP,21,18,488,4,13,-0.03,1.26,3.21,0.93,0.21,0.11,124,0,0.55,0.29,1,11,0.2
BNBUSDT,1,-1.384,0,TIMEOUT,22,4,959,0,3,0.14,2.19,1.99,1.78,0.28,0.5,58,0,0.85,-0.38,1,9,0.37
BNBUSDT,1,1.9,1,TP,40,6,294,0,5,-0.21,4.28,1.11,2.61,0.25,0.11,66,0,0.23,-0.19,1,8,0.31
BNBUSDT,1,1.9,1,TP,36,2,673,0,1,0.03,2.87,0.84,0.52,0.13,0.27,142,0,0.39,-0.07,1,6,0.07
BNBUSDT,-1,-2.1,0,SL,99,2,352,0,1,-0.41,2.07,0.66,0.74,0.38,0.2,12,0,0.73,-0.04,-1,16,0.38
BNBUSDT,-1,1.9,1,TP,87,5,551,0,4,-0.37,2.56,0.64,0.92,0.12,0.21,26,1,0.33,0,-1,18,0.17
BNBUSDT,-1,-2.1,0,SL,4,6,495,0,5,0.08,0.48,3.46,1.34,0.83,0.56,173,0,1.78,-1.86,-1,19,0.83
BNBUSDT,-1,-2.1,0,SL,26,16,849,0,15,0.42,3.16,0.68,1.57,0.56,0.38,6,0,1.7,-0.17,-1,12,0.96
BNBUSDT,-1,1.9,1,TP,57,7,1146,0,6,-1.15,6.19,1.06,1.53,0.42,0.72,151,1,1.26,0.13,-1,14,0.64
BNBUSDT,-1,-2.1,0,SL,28,12,1411,0,11,0.39,4.98,1.86,0.69,0.45,0.36,225,0,1.35,-0.61,-1,8,0.3
BNBUSDT,1,-1.152,0,TIMEOUT,37,14,290,0,13,0.21,4.68,0.84,1.16,0.36,0.28,28,0,0.49,-0.28,1,1,0.54
BNBUSDT,-1,1.9,1,TP,64,5,108,0,4,-0.27,4.05,0.69,0.56,0.49,0.35,308,0,1.3,-0.88,-1,21,0.36
BNBUSDT,1,-2.1,0,SL,18,4,161,0,3,0.1,-0.95,0.67,0.95,0.31,0.22,128,0,0.95,-0.58,1,6,0.26
BNBUSDT,1,-2.1,0,SL,55,15,158,0,14,0.14,2.59,3.2,0.49,0.65,0.19,90,0,1.88,-0.89,1,18,0.62
BNBUSDT,1,1.9,1,TP,12,16,324,0,15,0.18,5.77,1.62,0.7,0.47,0.18,255,0,1.4,0.41,1,12,0.66
BNBUSDT,1,1.9,1,TP,64,15,532,0,14,0.51,2.17,2.48,1.25,0.19,0.08,16,0,0.47,-0.25,1,6,0.22
BNBUSDT,-1,1.9,1,TP,87,3,252,0,2,-0.38,1.86,0.78,1.37,0.21,0.09,6,0,0.53,-0.33,-1,1,0.29
BNBUSDT,-1,-1.119,0,TIMEOUT,74,8,442,0,7,-0.2,4.66,0.76,1.09,0.27,0.16,46,0,0.45,0.13,-1,0,0.24
BNBUSDT,-1,1.9,1,TP,11,1,638,0,0,-3.27,4.29,2.54,2.54,0.39,0.41,14,1,0.5,0,-1,1,0.6
BNBUSDT,1,1.9,1,TP,13,1,291,0,0,-2.72,8.6,2.24,2.24,0.32,0.2,184,0,0.66,0,1,20,0.27
BNBUSDT,-1,0.146,1,TIMEOUT,190,1,156,0,0,-2.95,4.29,1.07,1.07,0.28,0.21,5,0,0.09,0,-1,6,0.27
BNBUSDT,-1,-0.306,0,TIMEOUT,173,12,394,0,11,0,2.74,2.35,0.57,0.25,0.1,47,0,0.69,-0.25,-1,17,0.2
BNBUSDT,-1,-0.468,0,TIMEOUT,69,2,615,0,1,-0.08,0.44,1.02,0.55,0.16,0.08,86,0,0.47,-0.09,-1,1,0.15
BNBUSDT,1,-0.361,0,TIMEOUT,114,12,450,0,11,-0.34,2.17,1.01,0.97,0.25,0.13,80,0,0.67,-0.08,1,20,0.38
BNBUSDT,1,1.9,1,TP,29,1,619,0,0,-2.12,8.45,2.56,2.56,0.18,0.12,260,0,0.46,0,1,15,0.27
BNBUSDT,1,-0.994,0,TIMEOUT,75,13,736,0,12,-0.31,10.19,0.6,0.58,0.27,0.12,365,0,0.82,0.26,1,20,0.26
BNBUSDT,1,1.9,1,TP,7,12,845,0,11,-0.08,-0.01,0.31,0.86,0.25,0.12,88,0,0.79,-0.15,1,23,0.27
BNBUSDT,1,-1.699,0,TIMEOUT,81,13,1020,0,12,0.11,2.51,0.71,0.27,0.38,0.31,14,0,1.11,-0.2,1,19,0.27
BNBUSDT,1,0.148,1,TIMEOUT,31,15,143,0,14,-0.16,3.87,0.88,0.96,0.17,0.21,58,0,0.55,0.04,1,11,0.18
BNBUSDT,1,-0.855,0,TIMEOUT,105,16,166,0,15,-0.15,15.19,0.95,2,0.23,0.28,253,0,0.62,0.28,1,16,0.46
BNBUSDT,1,1.9,1,TP,48,12,298,0,11,-0.76,4.2,1.26,0.63,0.35,0.23,4,0,0.71,0.35,1,1,0.41
BNBUSDT,-1,-2.1,0,SL,60,16,218,6,9,-0.28,-0.51,13.03,0.47,0.83,0.36,71,0,1.4,1.01,-1,16,0.67
BNBUSDT,-1,1.9,1,TP,80,6,430,0,5,0.26,2.75,1.13,4.51,0.25,0.11,11,0,0.6,-0.55,-1,21,0.93
BNBUSDT,1,-0.701,0,TIMEOUT,93,1,281,0,0,-3.9,7.55,4.49,4.49,0.34,0.21,164,0,0.88,0,1,12,1.11
BNBUSDT,1,-1.649,0,TIMEOUT,21,10,421,0,9,-0.18,0.54,4.01,0.69,0.29,0.18,0,0,0.92,-0.54,1,23,0.34
BNBUSDT,1,-1.886,0,TIMEOUT,28,3,499,0,2,0.6,1.73,0.52,1.12,0.33,0.16,41,0,0.69,-0.32,1,18,0.53
BNBUSDT,1,1.9,1,TP,123,15,105,0,14,-0.27,1.24,2.12,0.21,0.24,0.16,235,0,0.73,-0.03,1,18,0.11
DOGEUSDT,-1,-2.1,0,SL,7,4,148,0,3,-0.34,26.96,1.39,0.43,1.04,0.92,232,0,3.32,-1.13,-1,18,0.45
DOGEUSDT,-1,1.9,1,TP,39,10,178,0,9,-0.02,2.15,1.13,0.68,0.86,0.54,93,0,1.5,-1.12,-1,13,0.87
DOGEUSDT,-1,1.9,1,TP,42,16,502,0,15,-0.64,-0.16,5.42,0.43,0.37,0.12,43,0,1.09,-0.12,-1,22,0.33
DOGEUSDT,1,1.9,1,TP,7,7,318,0,6,-1,3.04,0.66,4.17,0.31,0.12,31,0,0.82,-0.25,1,12,0.65
DOGEUSDT,1,1.9,1,TP,1,2,1188,0,1,-1.24,25.57,1.03,1.43,2.04,0.12,469,0,5.24,1.79,1,4,2.94
DOGEUSDT,1,-2.1,0,SL,2,15,1479,0,14,0.02,0.22,1.1,0.34,1.82,2.41,11,0,1.72,-0.79,1,5,0.87
DOGEUSDT,-1,1.9,1,TP,2,3,152,0,2,-0.26,11.34,0.88,0.66,1.75,2.97,374,0,5.49,-1.65,-1,21,1.33
DOGEUSDT,1,-2.1,0,SL,21,6,459,0,5,0.39,-0.19,0.81,1.59,1.21,0.87,437,0,2.43,-1.38,1,9,1.42
DOGEUSDT,-1,1.9,1,TP,14,1,421,0,0,-1.28,2.19,1.09,1.09,0.76,0.47,10,0,0.76,0,-1,18,0.88
DOGEUSDT,1,1.9,1,TP,1,13,9,1,11,-0.03,2.07,18.16,1.52,8.11,0.38,241,0,19.5,23.14,1,7,9.19
DOGEUSDT,1,1.9,1,TP,1,10,650,0,9,-0.38,1.89,7.32,0.59,3.55,2.18,3,0,3.8,-7.69,1,23,2.6
DOGEUSDT,-1,1.9,1,TP,6,10,171,0,9,-0.28,6.26,1.52,0.75,1.2,1.2,238,0,3.63,-0.77,-1,22,1.18
DOGEUSDT,-1,1.9,1,TP,1,12,452,0,11,0.1,2.79,1.02,1.06,2.18,2.61,172,0,6.36,1.11,-1,21,1.59
DOGEUSDT,1,-2.1,0,SL,3,7,145,0,6,-0.2,2.08,0.92,0.66,1.96,0.57,52,0,3.93,-1.52,1,11,1.77
DOGEUSDT,1,-2.1,0,SL,12,9,123,0,8,0.31,4.83,1.07,2.17,0.6,1.65,151,1,1.69,-0.81,1,11,1.23
DOGEUSDT,1,-2.1,0,SL,8,16,399,0,15,0,2.94,19.41,0.41,0.96,0.63,1,0,1.3,-0.74,1,8,1.06
DOGEUSDT,1,1.9,1,TP,13,5,1088,0,4,-0.1,2.6,1.41,0.86,0.7,0.22,91,0,0.66,-1.02,1,12,0.72
DOGEUSDT,1,1.9,1,TP,86,3,1651,0,2,-0.46,-1.36,2.92,3.01,0.86,1.05,518,0,0.73,-1.35,1,9,1.91
DOGEUSDT,-1,1.9,1,TP,10,1,198,0,0,-2.72,4.12,0.84,0.84,0.72,0.87,154,0,1.36,0,-1,19,0.66
DOGEUSDT,1,1.9,1,TP,100,15,191,0,14,-0.26,4.85,1.33,1.19,0.36,0.4,242,0,1.08,-0.48,1,13,0.21
DOGEUSDT,1,-2.1,0,SL,1,15,481,0,14,-0.17,3.7,56.74,0.37,3.15,0.41,0,1,7.32,4.91,1,13,3.38
DOGEUSDT,1,1.9,1,TP,25,3,239,0,2,-0.11,0.54,0.81,0.72,0.64,0.42,10,0,1.65,-0.68,1,1,0.87
DOGEUSDT,1,-2.1,0,SL,1,10,1186,0,9,-0.42,1.69,0.52,0.73,3.47,1.47,139,0,10.3,2.06,1,22,5.02
DOGEUSDT,1,1.9,1,TP,10,10,207,0,9,-0.05,0.54,1.21,0.56,1.06,1.1,156,0,3.18,-0.65,1,9,0.54
DOGEUSDT,-1,1.9,1,TP,1,1,384,0,0,-2,4.05,1.37,1.37,2.86,1.29,46,0,5.5,0,-1,15,3.95
DOGEUSDT,-1,-2.1,0,SL,111,8,9,0,7,-0.04,13.51,2.72,0.98,1.1,1.35,257,0,3.32,-1.28,-1,23,1.04
DOGEUSDT,-1,1.9,1,TP,22,3,475,0,2,-0.32,8.72,0.6,0.76,0.98,0.71,281,0,2.16,-0.16,-1,19,1.09
DOGEUSDT,-1,1.9,1,TP,2,8,446,0,7,-0.08,4.17,2.06,0.95,1.24,0.36,73,0,3.63,-1.6,-1,5,1.32
DOGEUSDT,1,-2.1,0,SL,8,4,305,0,3,0.01,19.4,0.78,1,1.18,1.64,399,0,2.26,-1.48,1,4,1.21
DOGEUSDT,-1,1.9,1,TP,40,1,420,0,0,-2.1,1.23,1.81,1.81,0.6,0.36,79,0,0.23,0,-1,1,1.15
DOGEUSDT,-1,-2.1,0,SL,42,9,585,0,8,-0.25,1.56,1.6,0.43,0.65,0.28,50,0,2,-0.59,-1,18,0.31
DOGEUSDT,-1,1.9,1,TP,17,1,1133,0,0,-1.86,2.05,0.88,0.88,0.51,0.4,78,0,1.07,0,-1,11,0.54
DOGEUSDT,-1,1.9,1,TP,18,7,1407,0,6,-0.52,8.09,2.81,1.94,0.74,0.42,208,0,2.2,-0.64,-1,8,1.15
DOGEUSDT,1,1.9,1,TP,23,6,249,0,5,-0.47,0.07,1.25,1.35,0.87,0.56,104,0,1.56,-1.43,1,1,1
DOGEUSDT,-1,-2.1,0,SL,5,1,289,0,0,-4.66,5.44,2.95,2.95,0.85,0.37,3,0,1.27,0,-1,9,1.94
DOGEUSDT,-1,-2.1,0,SL,13,12,225,0,11,-1.06,1.74,2.85,0.75,0.5,0.34,182,0,1.46,-0.05,-1,12,0.59
DOGEUSDT,1,1.9,1,TP,1,13,265,0,12,0.79,13.11,1.63,1.52,1.51,0.33,270,0,4.23,-3.14,1,13,2.79
DOGEUSDT,1,1.9,1,TP,4,2,633,0,1,-0.19,1.59,0.91,0.71,1.05,1.08,27,0,3.26,-0.11,1,9,0.85
DOGEUSDT,1,-2.1,0,SL,4,7,258,0,6,-0.41,3.1,3.11,1.37,0.95,0.58,119,0,2.15,-0.65,1,16,1.13
DOGEUSDT,-1,1.9,1,TP,11,1,556,0,0,-1.15,1.77,0.79,0.79,0.97,0.84,250,0,1.28,0,-1,4,0.75
DOGEUSDT,1,-2.1,0,SL,9,15,133,0,14,-0.13,3.78,2.79,0.83,1.18,0.4,18,0,2.53,0.61,1,7,1.63
DOGEUSDT,1,-2.1,0,SL,1,4,304,0,3,-0.44,1.15,2.34,2.09,1.54,0.75,49,0,2.06,-3.21,1,14,3.26
DOGEUSDT,1,-2.1,0,SL,6,3,676,0,2,0.08,0.67,0.79,0.83,0.94,1.45,93,1,2.13,-1.32,1,11,0.98
DOGEUSDT,1,1.9,1,TP,11,10,155,0,9,0.28,5.34,6.06,0.94,0.98,0.38,287,0,2.15,-2.16,1,21,1.36
DOGEUSDT,1,1.9,1,TP,2,3,390,0,2,-1.3,1.61,6.33,2.23,0.76,0.53,23,0,1.48,-0.59,1,8,1.17
DOGEUSDT,1,1.9,1,TP,6,6,611,0,5,-1.26,3.52,11.36,2.12,0.88,0.43,36,1,1.51,-0.46,1,15,1.76
DOGEUSDT,1,1.9,1,TP,2,14,7,0,13,-0.37,3.68,26.05,0.74,4.51,1.26,49,0,11.77,-4.19,1,9,6.18
DOGEUSDT,-1,1.9,1,TP,27,4,463,0,3,-0.32,0.47,0.96,0.76,0.53,0.41,128,0,0.38,-0.35,-1,17,0.61
DOGEUSDT,-1,1.9,1,TP,118,11,947,0,10,1.61,-3.13,1.6,2.41,0.66,0.31,3,0,1.16,-2.26,-1,18,1.99
DOGEUSDT,-1,1.9,1,TP,6,1,1295,0,0,-0.19,3.28,0.64,0.64,0.6,0.41,33,0,1.13,0,-1,9,0.3
DOGEUSDT,-1,1.9,1,TP,3,1,1480,0,0,-3.34,2.79,6.99,6.99,0.68,0.46,0,0,1.59,0,-1,7,2.03
DOGEUSDT,-1,1.9,1,TP,14,1,145,0,0,-3.17,2.25,7.6,7.6,0.83,0.99,126,1,1.71,0,-1,16,3.01
DOGEUSDT,-1,1.9,1,TP,7,9,342,0,8,0.21,1.36,2.65,0.44,1.39,0.55,5,0,3.93,-2.36,-1,17,1.7
DOGEUSDT,-1,-2.1,0,SL,2,3,723,0,2,-0.3,2.81,0.9,0.87,0.96,1.39,118,1,0.58,-1.18,-1,16,0.79
DOGEUSDT,-1,1.9,1,TP,9,16,1064,0,15,0.08,4.93,1.78,0.93,0.58,0.28,22,0,1.81,-1.05,-1,5,0.68
DOGEUSDT,1,-2.1,0,SL,3,16,11,0,15,-0.02,4.77,97.19,0.8,3.46,0.52,0,0,9.22,-0.77,1,14,2.46
DOGEUSDT,1,-2.1,0,SL,20,3,196,0,2,0.59,15.72,0.68,1.76,0.75,0.55,198,0,2.1,-1,1,12,1.47
DOGEUSDT,-1,1.9,1,TP,20,4,241,0,3,0.13,1.1,3.92,1.14,0.55,0.48,241,0,1.5,-1.14,-1,0,0.67
DOGEUSDT,-1,-2.1,0,SL,72,11,361,0,10,0.21,0.5,2.21,1.03,0.71,0.84,43,1,1.97,-0.13,-1,21,0.59
DOGEUSDT,-1,1.9,1,TP,31,2,597,0,1,0.01,-0.07,0.58,0.84,0.33,0.25,155,0,0.53,-0.03,1,8,0.19
DOGEUSDT,1,-2.1,0,SL,2,9,0,0,8,-0.07,2.67,44.43,0.66,1.74,0.74,1,0,4.48,-5.58,1,13,1.46
DOGEUSDT,1,1.9,1,TP,2,14,250,0,13,-0.83,2.91,1.12,0.55,1.36,2.55,6,0,4.19,-0.42,1,4,1.53
DOGEUSDT,-1,-2.1,0,SL,2,1,406,0,0,-5.37,5.14,5.48,5.48,0.92,0.37,72,0,1.39,0,-1,21,2.84
DOGEUSDT,-1,1.9,1,TP,1,1,742,0,0,-2.16,3.79,1.45,1.45,1.16,1.06,43,0,3.38,0,-1,9,1.25
DOGEUSDT,1,-2.1,0,SL,28,3,478,0,2,-0.27,1.98,1.02,0.65,0.63,0.77,114,0,1.78,-0.31,1,20,0.53
DOGEUSDT,1,1.9,1,TP,21,2,160,0,1,-0.17,2.6,0.99,0.7,0.51,0.53,169,1,1.52,-0.09,1,4,0.47
DOGEUSDT,-1,1.9,1,TP,13,1,229,0,0,-2.44,3.06,2.75,2.75,0.47,0.25,22,0,1.38,0,-1,2,1.05
DOGEUSDT,-1,1.9,1,TP,31,10,370,0,9,0,0.07,2.18,1.27,0.75,0.13,52,0,1.88,-1.1,-1,14,1.08
DOGEUSDT,-1,1.9,1,TP,12,7,593,6,0,-2.26,0.02,0.68,0.68,0.64,0.58,171,0,1.03,0.92,-1,21,0.53
DOGEUSDT,-1,1.9,1,TP,44,9,230,0,8,-0.02,0.99,1.48,0.89,0.53,0.24,73,0,1.49,-0.58,-1,12,0.73
DOGEUSDT,-1,-2.1,0,SL,39,9,489,0,8,-0.02,0.83,2.32,1.24,0.49,0.33,1,0,1.47,-0.64,-1,9,0.64
DOGEUSDT,1,1.9,1,TP,29,1,156,0,0,-2.89,2.08,0.85,0.85,0.42,0.17,78,0,1.08,0,1,17,0.36
DOGEUSDT,1,1.9,1,TP,15,9,431,0,8,-0.47,1.55,2.28,0.57,0.65,0.31,3,0,1.47,-0.6,1,21,0.62
DOGEUSDT,1,-2.1,0,SL,12,6,869,0,5,-0.44,9.28,0.64,0.74,0.53,0.4,357,0,1.14,-0.05,1,10,0.35
DOGEUSDT,-1,1.9,1,TP,8,4,213,2,1,-0.21,0.9,0.57,0.76,0.55,0.42,20,0,0.27,0.38,-1,23,0.5
DOGEUSDT,1,1.9,1,TP,24,10,7,0,9,-0.46,2.66,6.54,1.6,1,0.41,80,0,2.62,-0.66,1,16,1.78
DOGEUSDT,-1,-2.1,0,SL,96,11,197,0,10,-0.09,1.05,1.51,0.89,0.83,1.57,2,2,2.6,-0.73,-1,0,0.57
DOGEUSDT,1,1.9,1,TP,33,17,2,0,16,0.44,2.85,4.35,0.75,0.85,0.32,2,0,2.37,-0.5,1,5,1.17
DOGEUSDT,-1,-2.1,0,SL,16,4,128,0,3,0.06,1.73,0.46,0.95,0.86,0.46,38,0,2.43,-0.91,-1,21,0.85
DOGEUSDT,-1,1.9,1,TP,60,16,234,0,15,0.32,2.75,1.63,0.61,0.87,0.15,184,0,2.7,-1.16,-1,23,0.93
DOGEUSDT,-1,1.9,1,TP,94,7,506,0,6,0.65,0.98,0.82,1,0.72,0.74,91,2,2.01,-1.31,-1,19,1.11
DOGEUSDT,-1,1.9,1,TP,55,4,225,0,3,-0.08,1.73,1.52,0.9,0.88,0.67,47,0,1.97,-0.76,-1,3,0.73
DOGEUSDT,-1,1.9,1,TP,11,6,496,0,5,-0.19,4.78,1.19,1.84,1.58,0.86,129,0,4.11,-2.91,-1,23,2.19
DOGEUSDT,-1,-2.1,0,SL,2,10,853,0,9,-0.09,5.65,1.76,1.69,1.29,1.28,113,0,3.85,-1.03,-1,16,1.37
DOGEUSDT,-1,1.9,1,TP,20,6,1022,0,5,0.15,4.94,0.67,0.6,0.92,1.25,286,0,1.87,-1.36,-1,10,0.67
DOGEUSDT,-1,1.9,1,TP,7,1,1225,0,0,-2.37,2.57,2,2,0.7,0.67,2,0,1.76,0,-1,13,0.93
DOGEUSDT,-1,-1.556,0,TIMEOUT,151,17,1442,0,16,0.05,7.28,0.75,1.04,0.74,0.69,203,0,2.22,-0.47,-1,19,0.75
DOGEUSDT,1,-2.1,0,SL,12,2,288,0,1,0.11,0.5,1.83,1.18,0.79,0.91,70,1,1.83,-0.36,1,11,0.89
DOGEUSDT,-1,1.9,1,TP,3,6,159,0,5,-0.07,2.57,2.09,0.98,0.61,0.27,51,0,1.69,-1.13,-1,12,0.72
DOGEUSDT,-1,-1.633,0,TIMEOUT,52,8,164,0,7,-0.09,7.4,0.68,0.83,0.41,0.69,170,0,1.24,-0.1,-1,20,0.5
DOGEUSDT,-1,1.9,1,TP,12,7,263,0,6,-0.16,10.58,1.46,0.61,0.31,0.69,270,0,0.96,-0.47,-1,21,0.11
DOGEUSDT,1,1.9,1,TP,25,13,429,0,12,0.61,1.98,1.13,1.81,0.83,0.4,14,0,2.44,-1.24,1,4,1.17
DOGEUSDT,-1,1.9,1,TP,5,1,145,0,0,-2.37,2.97,0.73,0.73,1.09,0.59,118,0,3.1,0,-1,7,0.6
DOGEUSDT,-1,-2.1,0,SL,38,2,444,0,1,-0.1,1.64,0.39,0.54,0.53,0.93,21,1,1.55,-0.24,-1,10,0.4
DOGEUSDT,1,1.9,1,TP,63,3,214,0,2,-0.21,2.35,0.3,0.4,0.7,0.51,11,1,1.13,-0.58,1,19,0.68
DOGEUSDT,-1,-2.1,0,SL,33,6,289,0,5,-0.02,6.79,0.99,1.45,1.14,0.55,191,0,2.02,-2.62,-1,14,1.84
DOGEUSDT,-1,-2.1,0,SL,13,13,377,0,12,0.26,13.07,1.72,2.87,0.55,0.55,272,0,1.49,-0.23,-1,12,1.35
DOGEUSDT,1,1.9,1,TP,43,16,143,0,15,0.12,1.7,8.6,0.48,0.59,0.38,0,0,1.69,-0.58,1,19,0.55
DOGEUSDT,-1,1.9,1,TP,5,1,203,0,0,-3.13,5.65,1.04,1.04,0.78,0.27,69,0,1.74,0,-1,1,0.7
DOGEUSDT,1,1.9,1,TP,12,5,246,0,4,-0.16,0.52,6.85,2.38,1.27,1.39,1,2,2.79,-3.01,1,10,2.27
DOGEUSDT,-1,-2.1,0,SL,101,6,177,0,5,0.06,1.6,1.45,1.17,0.54,0.42,180,0,1.51,-1.21,-1,0,0.69
DOGEUSDT,1,1.9,1,TP,48,4,226,0,3,-0.42,7.36,1.43,0.75,0.33,0.68,335,1,0.72,-0.3,1,18,0.29
DOGEUSDT,1,1.9,1,TP,5,16,222,0,15,-0.9,2.8,1.51,0.8,0.49,1.34,24,1,1.45,0.97,1,4,0.51
DOGEUSDT,1,1.9,1,TP,7,1,518,0,0,-1.84,2.54,3.07,3.07,1.17,0.53,164,0,2.69,0,1,6,2.39
DOGEUSDT,-1,1.9,1,TP,7,1,369,0,0,-3.75,5.59,2.74,2.74,0.64,0.28,164,0,0.6,0,-1,14,0.94
DOGEUSDT,-1,1.9,1,TP,21,4,483,0,3,-0.2,-0.24,0.53,0.84,0.54,0.29,83,0,1.4,-0.83,-1,19,0.44
DOGEUSDT,1,-1.26,0,TIMEOUT,60,6,122,0,5,0.39,1.46,17.55,2.39,0.75,0.35,68,0,0.99,-2.42,1,1,1.56
DOGEUSDT,-1,-2.1,0,SL,30,8,299,0,7,-0.55,2.76,0.45,0.29,0.87,0.18,171,0,0.77,-1.26,-1,23,0.51
DOGEUSDT,-1,1.9,1,TP,36,1,141,0,0,-2.66,1.11,0.7,0.7,0.76,0.53,111,0,1.17,0,-1,17,0.61
DOGEUSDT,-1,1.9,1,TP,42,13,270,0,12,-0.58,4.29,6.5,0.41,0.36,0.49,257,0,1.06,-1.06,-1,11,0.28
DOGEUSDT,-1,1.9,1,TP,4,1,518,0,0,-2.15,2.93,3.51,3.51,0.31,0.19,106,0,0.88,0,-1,1,0.72
DOGEUSDT,1,-2.1,0,SL,27,2,146,0,1,-0.32,3.65,3.15,1.66,0.41,0.33,111,1,1.04,-0.5,1,17,0.65
DOGEUSDT,1,-0.588,0,TIMEOUT,140,2,275,0,1,-0.13,2.06,0.99,0.67,0.31,0.34,240,1,0.36,-0.1,1,1,0.22
DOGEUSDT,1,-2.1,0,SL,51,15,465,0,14,-0.09,3.99,1.03,1.25,0.4,0.18,16,0,1.11,0.62,1,1,0.51
DOGEUSDT,1,1.9,1,TP,42,2,576,0,1,-0.07,2.51,0.52,1.19,0.46,0.38,40,1,0.88,-0.35,1,5,0.57
DOGEUSDT,1,1.9,1,TP,2,7,888,0,6,0,0.53,2.83,1.61,2.08,0.98,60,0,5.66,-3.84,1,11,3.34
DOGEUSDT,1,1.9,1,TP,5,8,1240,0,7,-0.09,1.7,1.53,0.95,1.69,1.09,38,0,5.32,-0.66,1,3,2.04
DOGEUSDT,-1,-2.1,0,SL,45,6,203,0,5,-0.17,1.91,1.59,0.73,1.06,0.45,11,0,2.93,-1.64,-1,3,0.73
DOGEUSDT,-1,1.9,1,TP,11,7,742,0,6,-0.2,-0.42,0.75,0.42,1.93,1.33,107,0,5.53,-3.27,-1,17,1.72
DOGEUSDT,1,1.9,1,TP,4,7,165,0,6,-0.22,4.87,0.76,0.76,1.4,1.28,205,0,1.3,-1.23,1,12,0.89
DOGEUSDT,-1,1.9,1,TP,26,1,160,0,0,-3.71,4.85,8.82,8.82,0.72,1.05,530,0,0.87,0,-1,11,3.64
DOGEUSDT,1,1.9,1,TP,4,1,390,0,0,-3.48,5.09,2.05,2.05,1.07,0.33,4,0,2.04,0,1,5,1.52
DOGEUSDT,1,1.9,1,TP,9,1,571,0,0,-3.49,4.94,1.8,1.8,1.34,0.52,83,0,0.61,0,1,2,1.52
DOGEUSDT,1,-2.1,0,SL,20,3,755,0,2,0.39,1.03,1.38,1.35,1.22,0.43,27,0,2.47,-1.5,1,0,1.62
DOGEUSDT,-1,1.9,1,TP,193,8,291,0,7,-0.02,-0.19,0.45,0.99,0.38,0.17,1,0,1.22,-0.49,-1,20,0.2
DOGEUSDT,-1,1.9,1,TP,21,1,773,0,0,-1.87,1.85,1.05,1.05,1.15,0.36,96,0,0.62,0,-1,20,1.09
DOGEUSDT,-1,-1.488,0,TIMEOUT,42,3,1125,0,2,0.68,1.47,0.54,0.83,0.39,0.13,12,0,1.18,-0.54,-1,12,0.64
DOGEUSDT,-1,1.9,1,TP,9,2,1226,0,1,-0.45,1.39,0.59,0.76,0.48,0.56,9,1,1.41,-0.12,-1,13,0.41
DOGEUSDT,-1,-2.1,0,SL,68,12,1391,0,11,-0.03,2.82,2.35,1.19,0.58,0.23,68,0,1.73,-0.43,-1,7,0.73
DOGEUSDT,1,1.9,1,TP,37,7,128,0,6,0.02,8.1,1.33,0.33,0.35,0.19,167,0,1.03,-0.45,1,22,0.27
DOGEUSDT,1,1.9,1,TP,85,1,340,0,0,-3.47,5.73,4.35,4.35,0.53,0.11,176,0,0.26,0,1,3,1.31
DOGEUSDT,-1,-1.174,0,TIMEOUT,29,3,195,0,2,0.13,1.87,0.65,0.78,0.22,0.38,52,0,0.65,-0.15,-1,14,0.29
DOGEUSDT,1,1.9,1,TP,3,1,283,0,0,-1.99,11.42,1.96,1.96,0.66,0.35,382,0,1.19,0,1,0,0.84
DOGEUSDT,1,-2.1,0,SL,20,7,679,0,6,0.2,7.63,0.72,0.91,0.97,0.35,243,0,1.89,-0.69,1,3,0.81
DOGEUSDT,1,-2.1,0,SL,21,1,871,0,0,-2.82,4,2.02,2.02,1.11,0.83,16,1,0.77,0,1,3,1.57
DOGEUSDT,1,-2.1,0,SL,4,12,183,0,11,0.1,1.64,6.65,1.02,1.31,0.58,98,0,3.29,-0.11,1,19,2.16
DOGEUSDT,1,-2.1,0,SL,76,5,123,2,2,-0.53,-0.17,0.63,0.66,0.51,0.31,95,0,1.41,-0.08,1,12,0.39
DOGEUSDT,1,-2.1,0,SL,45,17,178,0,16,0.01,3.09,0.35,0.65,0.88,0.53,38,0,2.57,0.29,1,2,0.6
DOGEUSDT,1,1.9,1,TP,60,4,367,0,3,-0.19,1.97,1.94,0.81,0.85,0.54,240,0,0.88,-1.38,1,1,0.95
DOGEUSDT,-1,1.9,1,TP,43,1,277,0,0,-3.36,2.69,3.51,3.51,0.6,0.19,129,0,0.83,0,-1,16,1.44
DOGEUSDT,1,1.9,1,TP,75,5,262,0,4,0.57,11.42,0.68,1.15,0.47,0.26,262,0,0.53,-0.78,1,21,0.88
DOGEUSDT,-1,1.9,1,TP,87,6,178,0,5,-1.21,3.18,0.64,1.34,0.49,0.82,21,1,1.4,0.33,-1,17,0.77
DOGEUSDT,-1,-2.1,0,SL,54,4,536,0,3,0.09,1.15,1.35,1.04,0.3,0.35,19,1,0.53,-0.46,-1,11,0.22
DOGEUSDT,-1,1.9,1,TP,13,1,201,0,0,-0.62,2.96,0.59,0.59,0.23,0.12,47,0,0.69,0,-1,17,0.16
DOGEUSDT,-1,1.9,1,TP,95,17,481,0,16,-0.88,0.7,1.12,4.08,0.64,0.33,43,0,1.2,0.73,-1,15,2.18
DOGEUSDT,-1,-2.1,0,SL,27,12,859,0,11,-0.68,14.9,0.42,0.88,0.69,0.59,162,0,2.16,0.33,-1,13,0.54
DOGEUSDT,1,-2.1,0,SL,2,5,240,0,4,0.14,2.18,0.92,1.09,0.7,0.32,20,0,1.36,-1.16,1,20,1.14
DOGEUSDT,1,1.9,1,TP,9,14,150,0,13,-0.03,2.15,6.37,0.81,0.87,0.38,2,0,2.52,-1.63,1,13,0.98
DOGEUSDT,-1,-2.1,0,SL,30,5,135,0,4,0.37,1.33,0.51,0.9,0.36,0.27,77,0,1.1,-0.42,-1,4,0.41
DOGEUSDT,-1,-1.847,0,TIMEOUT,93,14,200,0,13,0.32,3.57,0.37,1.11,0.6,0.28,133,0,1.46,-0.99,-1,21,0.62
DOGEUSDT,1,1.9,1,TP,33,1,217,0,0,-2.02,3.06,1.85,1.85,0.51,0.17,35,0,0.97,0,1,14,0.58
DOGEUSDT,1,-2.1,0,SL,1,13,10,0,12,-0.44,4.16,47.63,1.09,4.02,0.24,0,0,9.75,5.52,1,20,4.2
DOGEUSDT,1,-2.1,0,SL,31,5,201,0,4,0.04,16.62,0.55,0.72,0.43,0.16,209,0,1.34,-0.02,1,13,0.39
DOGEUSDT,-1,1.9,1,TP,3,1,120,0,0,-2.25,4.42,1.79,1.79,1.65,1.29,11,0,2.87,0,-1,16,3.55
DOGEUSDT,-1,-2.1,0,SL,13,16,431,0,15,-0.06,10.23,2.67,0.49,0.56,0.59,195,0,1.64,0.08,-1,21,0.51
DOGEUSDT,-1,1.9,1,TP,79,11,345,0,10,-0.02,0.77,1.48,0.4,0.3,0.15,153,1,0.51,-0.35,-1,16,0.27
DOGEUSDT,-1,1.9,1,TP,36,8,439,0,7,-0.12,4.09,0.72,1.23,0.38,0.25,38,0,0.73,-0.11,-1,4,0.3
DOGEUSDT,1,1.9,1,TP,38,2,163,0,1,-0.87,2.38,0.57,1.17,0.31,0.29,45,0,0.53,-0.07,1,0,0.44
DOGEUSDT,1,-0.874,0,TIMEOUT,42,4,554,0,3,0.17,-0.43,0.94,1.05,0.19,0.33,24,0,0.4,-0.34,1,1,0.23
DOGEUSDT,1,1.9,1,TP,35,13,7,0,12,0.23,2.7,11.58,0.6,0.59,0.14,1,0,1.59,-0.27,1,15,0.36
DOGEUSDT,-1,-2.1,0,SL,41,12,456,0,11,-0.11,2.94,4.54,0.41,0.85,0.3,146,0,1.52,-1.02,-1,23,0.4
DOGEUSDT,1,-2.1,0,SL,14,9,149,0,8,-1,3.03,1.57,0.46,0.45,0.22,67,1,0.91,-0.22,1,16,0.48
DOGEUSDT,1,1.9,1,TP,13,12,361,0,11,-0.2,1.7,1.79,0.42,0.4,0.19,176,0,0.32,0.21,1,21,0.29
DOGEUSDT,1,-2.1,0,SL,79,12,640,1,10,0.04,-0.3,0.76,1.24,0.92,0.43,120,0,1.79,0.09,1,19,1.44
DOGEUSDT,1,-2.1,0,SL,8,14,80,0,13,-0.93,2.78,16.22,1.48,1.18,0.52,0,0,3.2,-2.12,1,4,2.32
DOGEUSDT,1,1.9,1,TP,89,3,273,0,2,-0.14,2.64,5.34,0.97,0.42,0.28,51,0,1.32,-0.31,1,4,0.28
DOGEUSDT,-1,1.9,1,TP,5,16,0,0,15,-0.27,1.98,16.08,0.3,0.58,0.58,0,0,1.73,-0.34,-1,14,0.37
DOGEUSDT,-1,1.9,1,TP,25,17,110,0,16,0.1,4.81,1.42,0.34,0.57,0.59,109,0,1.72,0.14,-1,17,0.38
DOGEUSDT,-1,-1.628,0,TIMEOUT,68,11,434,0,10,-0.03,1.31,5.27,0.65,0.48,0.23,1,0,1.21,-0.68,-1,2,0.37
DOGEUSDT,-1,-1.338,0,TIMEOUT,44,6,596,1,4,-0.26,-0.22,0.43,0.61,0.29,0.22,95,0,0.86,0.09,-1,19,0.34
DOGEUSDT,-1,-1.324,0,TIMEOUT,48,15,707,0,14,-0.02,-0.9,4.94,1.22,0.27,0.22,1,1,0.86,-0.75,-1,23,0.28
DOGEUSDT,1,-2.1,0,SL,3,1,157,0,0,-5.74,7.64,13.03,13.03,1.01,0.23,11,0,2,0,1,7,2.7
DOGEUSDT,1,-2.1,0,SL,58,4,293,0,3,0.26,2.83,2.84,1.47,0.46,0.47,47,0,0.44,-0.98,1,11,0.53
DOGEUSDT,1,1.9,1,TP,3,5,376,0,4,-0.57,1.84,44.96,4.32,1.39,0.37,0,0,0.98,-3.52,1,8,3.61
DOGEUSDT,-1,1.9,1,TP,5,1,157,0,0,-2.46,4.22,6.15,6.15,0.32,0.12,64,0,0.87,0,-1,14,0.95
DOGEUSDT,-1,1.9,1,TP,34,1,699,0,0,-1.97,7.4,2.02,2.02,0.33,0.85,325,0,0.65,0,-1,6,0.51
DOGEUSDT,-1,-1.284,0,TIMEOUT,39,17,280,0,16,0.1,-0.77,0.69,0.55,0.27,0.27,79,1,0.45,-0.02,-1,6,0.27
DOGEUSDT,-1,-2.1,0,SL,5,9,401,0,8,-0.34,3.5,1.34,0.59,0.23,0.19,28,1,0.33,0.02,-1,13,0.16
DOGEUSDT,-1,-0.907,0,TIMEOUT,130,4,558,0,3,-1.05,2.47,0.4,3.91,0.37,0.27,7,0,0.32,0.03,-1,16,1.08
DOGEUSDT,-1,-0.925,0,TIMEOUT,44,10,738,0,9,-0.27,3.88,0.48,0.72,0.25,0.22,129,0,0.73,-0.22,-1,13,0.3
DOGEUSDT,-1,1.9,1,TP,6,1,887,0,0,-0.49,2.3,0.42,0.42,0.2,0.16,84,0,0.4,0,-1,2,0.16
DOGEUSDT,-1,-1.235,0,TIMEOUT,114,3,1190,0,2,0.11,1.38,0.86,0.5,0.27,0.12,85,0,0.86,-0.31,-1,6,0.21
DOGEUSDT,1,-2.1,0,SL,22,4,154,0,3,-0.01,0.77,2.46,0.72,0.35,0.56,37,2,0.76,-0.52,1,5,0.43
DOGEUSDT,-1,-1.341,0,TIMEOUT,65,7,578,0,6,0.07,0.33,0.23,0.77,0.2,0.15,13,0,0.58,-0.18,-1,22,0.17
DOGEUSDT,1,-1.659,0,TIMEOUT,73,1,263,0,0,-4.56,5.35,1.28,1.28,0.37,0.2,2,0,0.66,0,1,22,0.43
DOGEUSDT,-1,1.9,1,TP,80,8,494,0,7,0.2,-1.3,12.6,0.51,0.15,0.18,0,0,0.3,-0.41,-1,12,0.15
DOGEUSDT,-1,1.9,1,TP,76,1,791,0,0,-1.62,4.53,0.66,0.66,0.21,0.32,49,0,0.65,0,-1,14,0.17
DOGEUSDT,1,1.9,1,TP,6,4,511,0,3,0.05,9.39,0.92,1.41,0.95,0.13,261,0,2.02,-1.47,1,16,1.39
DOGEUSDT,-1,1.9,1,TP,45,13,368,0,12,-0.06,1.28,1.09,0.24,0.73,0.28,2,0,0.77,-1.66,-1,18,0.54
DOGEUSDT,-1,1.9,1,TP,28,7,557,0,6,0.07,1.65,2.27,0.54,0.84,0.4,35,0,0.44,-1.47,-1,17,0.47
DOGEUSDT,1,1.9,1,TP,32,11,363,0,10,-0.2,0.79,1.16,0.69,0.68,0.48,1,0,1.68,-0.52,1,20,0.66
DOGEUSDT,-1,1.9,1,TP,7,11,130,0,10,-0.05,0.36,0.55,0.46,0.67,1.28,94,1,1.71,-0.94,-1,1,0.29
DOGEUSDT,1,1.9,1,TP,15,7,255,0,6,-0.05,5.02,2.99,0.65,0.61,0.29,302,0,0.46,-1.75,1,2,0.51
DOGEUSDT,1,1.9,1,TP,84,1,402,0,0,-2.98,3.05,3.88,3.88,0.61,0.49,3,0,0.69,0,1,14,1.4
DOGEUSDT,1,1.9,1,TP,13,1,925,0,0,-2.16,6.02,1.82,1.82,0.57,0.15,202,0,1.06,0,1,1,1
DOGEUSDT,1,1.9,1,TP,9,13,1099,0,12,-0.11,2.28,1.4,0.27,1.31,0.58,124,0,3.11,0.49,1,21,0.73
DOGEUSDT,1,1.9,1,TP,37,2,1344,0,1,-0.66,1.4,0.63,1.04,0.68,0.56,26,0,1.8,0.13,1,10,0.76
DOGEUSDT,1,-2.1,0,SL,12,10,1583,0,9,-0.9,2.98,0.57,0.62,0.6,0.27,52,0,1.77,0.17,1,22,0.89
DOGEUSDT,-1,1.9,1,TP,13,1,162,0,0,-2.43,0.22,3.01,3.01,0.54,0.61,402,1,1.06,0,-1,23,0.75
DOGEUSDT,-1,-2.1,0,SL,71,7,338,0,6,-0.45,0.19,1.19,0.63,0.63,0.9,131,0,1.36,-0.62,-1,19,0.7
DOGEUSDT,1,-2.1,0,SL,39,3,248,0,2,-0.01,0.76,2.33,0.71,0.61,0.31,10,0,1.07,-0.5,1,12,0.53
DOGEUSDT,1,-2.1,0,SL,43,8,370,0,7,-0.24,0.31,1.09,2.61,0.51,0.29,82,0,0.79,-0.26,1,18,0.93
DOGEUSDT,-1,1.9,1,TP,30,7,183,0,6,-0.03,3.25,0.91,0.21,0.62,0.21,17,0,0.59,-0.23,-1,17,0.36
DOGEUSDT,-1,1.9,1,TP,104,4,439,0,3,-0.26,1.71,0.81,1.93,0.36,0.53,32,1,0.98,-0.16,-1,14,0.75
DOGEUSDT,1,1.9,1,TP,25,11,258,0,10,-0.39,3.13,1.04,3.1,0.93,0.37,5,0,0.97,-0.36,1,13,2.33
DOGEUSDT,-1,-0.86,0,TIMEOUT,105,3,278,0,2,0,0.26,3.43,1,0.2,0.06,4,0,0.51,-0.27,-1,15,0.19
DOGEUSDT,-1,-1.523,0,TIMEOUT,28,11,422,0,10,-0.35,3.72,5.16,0.39,0.33,0.46,34,1,0.99,-0.66,-1,3,0.17
DOGEUSDT,-1,-0.944,0,TIMEOUT,89,11,502,0,10,-0.13,2.94,0.96,0.58,0.33,0.46,114,1,0.68,-0.18,-1,23,0.18
DOGEUSDT,1,1.9,1,TP,17,1,313,0,0,-3.01,2.03,5.37,5.37,0.23,0.21,0,0,0.63,0,1,3,0.69
DOGEUSDT,1,1.9,1,TP,17,19,157,2,16,-0.31,1.42,5.15,1.14,0.36,0.4,77,0,1.04,1.09,1,12,0.35
DOGEUSDT,-1,-1.374,0,TIMEOUT,83,2,196,0,1,0.64,11.94,2.19,2.62,0.39,0.27,299,0,1.15,-0.36,1,10,0.48
DOGEUSDT,1,1.9,1,TP,14,1,100,0,0,-2.99,3.09,2.45,2.45,0.44,0.24,28,0,0.7,0,1,16,0.6
DOGEUSDT,1,1.9,1,TP,3,1,484,0,0,-1.16,17.4,2.51,2.51,1.89,0.16,412,0,4.13,0,1,16,3.94
DOGEUSDT,1,1.9,1,TP,2,17,702,0,16,-0.09,4.12,3.81,0.94,1.98,0.83,46,0,5.55,1.46,1,22,3.65
DOGEUSDT,1,1.9,1,TP,1,7,938,0,6,0,6.63,1.83,0.99,2.55,0.75,292,0,1.74,-5.34,1,9,2.13
DOGEUSDT,-1,-2.1,0,SL,2,11,4,0,10,0.03,3.13,0.53,1.06,1.52,0.87,36,0,4.74,-0.34,-1,7,1.46
DOGEUSDT,1,-2.1,0,SL,8,15,172,0,14,-0.03,0.62,1.26,1.6,1.02,0.97,79,0,2.57,-1.29,1,11,2.04
DOGEUSDT,-1,-2.1,0,SL,3,4,3,0,3,-0.06,3.94,1.74,0.87,0.72,1.01,340,0,2.2,-1.08,-1,2,0.73
DOGEUSDT,-1,1.9,1,TP,9,5,265,0,4,-0.17,2.44,1.36,0.77,0.91,1.26,163,0,2.78,-0.98,-1,11,0.74
DOGEUSDT,1,1.9,1,TP,3,6,209,0,5,0.03,10.16,2.79,1.72,1.4,0.62,316,0,3.96,-3.67,1,3,1.93
DOGEUSDT,-1,1.9,1,TP,6,15,309,0,14,-0.22,16.46,0.86,0.7,0.83,2.52,295,0,2.58,0.72,-1,7,0.77
DOGEUSDT,-1,1.9,1,TP,2,6,190,0,5,0.23,1.34,0.41,0.98,1.04,0.31,31,0,1.01,-1.45,-1,16,1.15
DOGEUSDT,-1,1.9,1,TP,5,6,286,0,5,-1.01,2.32,0.8,1.48,0.95,0.32,127,0,0.95,-0.35,-1,16,1.5
DOGEUSDT,-1,-2.1,0,SL,5,6,907,0,5,-0.02,3.69,1.97,1.01,1.47,1.95,255,1,3.39,-2.82,-1,3,1.35
DOGEUSDT,1,1.9,1,TP,34,2,293,0,1,0.13,0.27,0.39,0.34,0.65,0.53,203,0,1.5,-0.16,-1,19,0.3
DOGEUSDT,-1,1.9,1,TP,6,10,408,0,9,-0.61,2.88,2.25,0.6,0.48,0.2,5,0,1.09,-0.29,-1,1,0.53
DOGEUSDT,-1,1.9,1,TP,161,1,253,0,0,-3.7,4.4,2.47,2.47,0.79,0.38,4,0,1.61,0,-1,15,0.89
DOGEUSDT,1,1.9,1,TP,1,2,181,0,1,0.08,0.1,0.57,1.14,0.8,0.36,144,0,1.91,-0.35,1,12,0.99
DOGEUSDT,1,1.9,1,TP,18,4,368,0,3,0.07,1.64,0.65,0.56,0.5,0.3,59,0,1.44,-0.36,1,11,0.53
DOGEUSDT,1,-2.1,0,SL,21,6,539,0,5,-0.01,5.84,0.81,0.52,0.41,0.3,228,0,1.21,-0.21,1,5,0.25
DOGEUSDT,1,-2.1,0,SL,12,11,178,0,10,-0.78,4.94,4.77,0.78,0.69,0.26,18,0,1.84,-0.69,1,16,0.73
DOGEUSDT,1,-2.1,0,SL,5,11,330,0,10,0.11,4.43,1.31,1.81,0.62,0.31,39,0,0.59,-0.6,1,6,0.97
DOGEUSDT,-1,1.9,1,TP,26,8,322,0,7,-0.3,2.67,1.19,0.98,0.33,0.23,64,0,0.97,-0.23,-1,11,0.4
DOGEUSDT,1,1.9,1,TP,29,11,118,0,10,0.2,1.79,1.08,0.47,0.37,0.37,50,0,1.08,-0.42,1,19,0.29
DOGEUSDT,-1,-2.1,0,SL,29,8,250,0,7,-0.08,6.04,2.21,0.51,0.43,0.36,226,0,1.21,-0.36,-1,8,0.3
DOGEUSDT,-1,1.9,1,TP,26,10,260,0,9,0.34,1.89,2.44,2.46,0.6,0.11,36,0,1.29,-1.02,-1,9,1.32
DOGEUSDT,-1,-2.1,0,SL,22,2,513,0,1,-0.27,5.12,1.68,1.73,0.57,1.26,188,0,1.58,-0.51,-1,0,0.86
DOGEUSDT,-1,-2.1,0,SL,15,2,669,0,1,-1.1,3.91,1.3,1.92,0.77,1.26,344,0,1.34,0.79,-1,15,1.41
DOGEUSDT,-1,-2.1,0,SL,7,15,876,0,14,-0.06,6.52,2.5,0.39,0.37,1.25,538,0,1.07,-0.24,-1,19,0.32
DOGEUSDT,1,1.9,1,TP,30,3,187,0,2,-0.14,0.09,1.36,1.23,0.72,0.19,60,0,0.31,-1.56,1,14,0.99
DOGEUSDT,-1,-1.697,0,TIMEOUT,46,6,281,0,5,0.01,2.79,0.69,0.49,0.4,0.3,15,0,0.77,-0.52,-1,23,0.31
DOGEUSDT,-1,1.9,1,TP,4,16,381,0,15,0.31,4.29,0.6,0.69,0.49,0.9,32,0,0.82,0.07,-1,0,0.63
DOGEUSDT,1,-2.1,0,SL,80,10,313,0,9,-0.43,0.3,0.56,0.72,0.77,0.51,49,0,2.34,-0.66,1,19,0.82
DOGEUSDT,1,1.9,1,TP,11,17,211,0,16,-0.15,5.16,0.87,0.35,1.07,0.34,14,0,3.2,0.22,1,1,0.85
DOGEUSDT,-1,1.9,1,TP,15,1,100,0,0,-2.04,1.9,1.07,1.07,0.74,0.24,1,0,2.04,0,-1,21,0.88
DOGEUSDT,1,-2.1,0,SL,45,1,217,0,0,-4,4.13,2.96,2.96,0.58,0.28,51,0,0.53,0,1,2,0.68
DOGEUSDT,1,1.9,1,TP,19,8,209,0,7,0.62,-0.39,0.84,0.68,0.41,0.56,129,0,1.25,-0.86,1,20,0.47
DOGEUSDT,-1,-2.1,0,SL,44,10,310,0,9,-0.01,2.74,1.61,0.39,0.54,0.24,9,0,1.52,-0.42,-1,22,0.58
DOGEUSDT,-1,-2.1,0,SL,3,9,387,0,8,-0.4,2.62,0.74,0.3,0.78,0.24,87,0,1.46,-0.61,-1,17,0.63
DOGEUSDT,-1,1.9,1,TP,25,13,539,0,12,0.05,4.75,0.71,1.18,0.38,0.16,87,0,1.11,0.29,-1,7,0.29
DOGEUSDT,-1,1.9,1,TP,26,7,769,0,6,0.64,3.04,1.13,0.66,0.56,0.33,9,0,0.39,-1.57,-1,17,0.63
DOGEUSDT,-1,1.9,1,TP,4,2,1038,0,1,-0.14,2.07,1.35,7.49,0.57,0.48,20,0,0.95,-0.83,-1,12,1.95
DOGEUSDT,1,-2.1,0,SL,39,11,387,0,10,-0.97,0.05,0.7,2.91,0.4,0.26,236,1,0.47,0.19,1,5,0.67
DOGEUSDT,1,-2.1,0,SL,6,1,910,0,0,-4.19,5.55,3.42,3.42,1.1,0.89,68,1,2.4,0,1,15,2.2
DOGEUSDT,-1,1.9,1,TP,16,14,196,0,13,-0.54,0.54,1.17,0.83,0.48,0.5,282,0,1.46,0.71,-1,10,0.37
DOGEUSDT,1,1.9,1,TP,24,2,246,0,1,-0.73,8.1,0.9,0.59,0.54,0.47,381,0,1.14,0.36,1,8,0.61
DOGEUSDT,1,1.9,1,TP,3,2,433,0,1,0,3,1.12,2.06,0.83,0.41,149,0,2.13,-0.58,1,7,0.96
DOGEUSDT,1,1.9,1,TP,11,1,587,0,0,-1.53,8.17,1.66,1.66,1.26,0.38,304,0,2.57,0,1,21,2.44
DOGEUSDT,1,1.9,1,TP,8,7,896,0,6,0.01,-0.75,2.18,1,0.97,0.72,180,0,2.3,-1.48,1,2,1.23
DOGEUSDT,-1,1.9,1,TP,20,4,147,0,3,-0.11,6.92,1.11,0.85,0.56,0.74,599,0,1.68,-0.13,-1,10,0.31
DOGEUSDT,-1,1.9,1,TP,48,3,143,0,2,-0.52,-0.71,1.44,1.88,0.77,0.06,451,0,2.17,-0.86,-1,14,1.33
DOGEUSDT,1,-2.1,0,SL,17,13,249,0,12,-0.11,-0.06,1.84,0.87,1.05,1.05,160,0,2.67,-0.32,1,6,1.2
DOGEUSDT,-1,1.9,1,TP,4,3,327,1,1,0.42,1.37,0.34,0.42,0.57,0.63,929,0,1.43,-0.07,1,6,0.4
DOGEUSDT,-1,-2.1,0,SL,8,12,649,0,11,0.8,-1.4,4.04,1.76,0.52,0.47,126,0,1.13,-1.48,-1,14,0.77
DOGEUSDT,-1,1.9,1,TP,11,10,789,0,9,-0.98,2.45,1.58,0.83,0.67,0.34,62,0,0.98,0.26,-1,1,0.85
DOGEUSDT,-1,1.9,1,TP,11,5,226,0,4,0.24,3.76,0.53,0.94,0.4,0.28,316,0,0.37,-0.2,-1,6,0.4
DOGEUSDT,1,1.9,1,TP,3,17,3,0,16,-0.31,3.04,1.36,0.72,0.44,0.44,4,0,1.35,0.49,1,23,0.35
DOGEUSDT,1,1.9,1,TP,37,2,456,0,1,-0.42,23.02,1.17,1.51,0.77,0.37,472,0,1.8,0.18,1,16,1
DOGEUSDT,-1,1.9,1,TP,10,3,289,1,1,0.41,7.43,0.93,0.69,0.57,0.88,56,0,1.35,-0.07,1,11,0.44
DOGEUSDT,-1,-2.1,0,SL,51,14,540,0,13,-0.72,4.05,1.55,0.7,0.57,0.8,194,0,1.71,0.17,-1,2,0.51
DOGEUSDT,-1,1.9,1,TP,6,1,713,0,0,-2.26,2.95,1.51,1.51,0.35,0.33,3,0,0.92,0,-1,21,0.52
DOGEUSDT,-1,1.9,1,TP,3,3,903,0,2,-1.05,10.82,1.16,3.47,0.83,0.36,191,0,1.72,-0.06,-1,21,1.93
DOGEUSDT,-1,-2.1,0,SL,28,2,1131,0,1,0.06,4.46,0.55,1.44,0.39,0.24,37,0,0.95,-0.16,-1,6,0.38
DOGEUSDT,-1,1.9,1,TP,13,1,1229,0,0,-1.26,5.61,1.22,1.22,0.39,0.24,136,0,0.62,0,-1,6,0.28
DOGEUSDT,-1,-2.1,0,SL,4,16,1531,0,15,0.04,0.63,1.04,0.62,1.34,2.14,127,0,3.73,-1.46,-1,10,1.5
DOGEUSDT,-1,-2.1,0,SL,56,8,1873,0,7,0.23,2.07,0.98,0.81,0.92,0.52,7,0,2.76,-1.78,-1,23,0.86
DOGEUSDT,-1,1.9,1,TP,5,4,2052,0,3,0.19,1.71,1.15,1.08,0.51,0.43,64,0,0.43,-1.04,-1,20,0.5
DOGEUSDT,1,-2.1,0,SL,29,17,169,0,16,-0.53,1.99,0.44,0.62,0.8,1.26,24,0,1.21,1.3,1,23,0.52
DOGEUSDT,1,1.9,1,TP,6,8,297,5,2,-0.75,0.77,0.92,1.75,0.48,0.28,13,0,1.53,0.65,1,7,0.54
DOGEUSDT,-1,1.9,1,TP,5,1,422,0,0,-2.73,3.3,0.6,0.6,0.98,0.59,35,1,1.01,0,-1,18,0.77
DOGEUSDT,-1,1.9,1,TP,35,4,612,0,3,-0.26,4.28,0.7,0.78,0.39,0.11,71,0,1.12,-0.48,-1,17,0.33
DOGEUSDT,-1,1.9,1,TP,2,1,1030,0,0,-2.99,5.17,2.23,2.23,1.19,0.67,149,0,2.73,0,-1,2,1.95
DOGEUSDT,-1,1.9,1,TP,27,6,8,0,5,-1.32,8.67,1.24,1.4,0.59,0.66,167,0,1.9,0.46,-1,9,1.02
DOGEUSDT,-1,1.9,1,TP,47,1,112,0,0,-3.93,5.06,1.9,1.9,0.62,0.32,55,0,1.34,0,-1,1,0.66
DOGEUSDT,-1,1.9,1,TP,34,12,555,0,11,-0.48,4.39,0.98,0.44,1.03,0.75,12,0,0.91,-1.21,-1,1,0.59
DOGEUSDT,-1,1.9,1,TP,9,1,208,0,0,-1.8,2.72,0.96,0.96,1.32,0.39,47,0,2.04,0,-1,17,1.5
DOGEUSDT,1,1.9,1,TP,38,5,157,0,4,-0.17,1.73,1.29,1.4,0.56,0.53,89,0,1.71,-0.69,1,11,0.32
DOGEUSDT,1,1.9,1,TP,12,12,116,0,11,-0.21,9.55,4.38,1.24,0.56,0.25,144,0,1.69,-0.55,1,10,0.56
DOGEUSDT,1,1.9,1,TP,25,7,336,0,6,-0.92,3.31,1,1.44,0.85,0.28,9,0,1.68,0.49,1,17,1.09
DOGEUSDT,1,1.9,1,TP,3,6,400,0,5,-0.2,0.28,0.38,1.5,1.56,0.39,219,0,3.96,0.68,1,8,1.55
DOGEUSDT,1,-2.1,0,SL,18,6,139,0,5,-0.45,0.3,1.84,0.96,0.75,0.45,310,0,1.76,-1.27,1,3,0.61
DOGEUSDT,1,-2.1,0,SL,6,17,250,0,16,0.09,2.02,1.56,1.21,0.8,0.44,410,0,2.37,0,1,7,1.01
DOGEUSDT,-1,1.9,1,TP,25,4,412,0,3,-0.25,0.75,1.09,0.8,0.45,0.24,8,0,0.9,-0.42,-1,8,0.33
DOGEUSDT,-1,1.9,1,TP,5,9,544,0,8,-0.3,2.69,0.99,2.43,0.64,0.25,135,0,1.45,-0.2,-1,17,1.24
DOGEUSDT,1,1.9,1,TP,31,10,218,0,9,0.16,1.82,1.47,0.64,0.53,0.48,6,0,0.94,-0.67,1,13,0.41
DOGEUSDT,-1,1.9,1,TP,49,1,256,0,0,-2.57,4.78,0.92,0.92,0.35,0.32,12,0,1.06,0,-1,8,0.19
DOGEUSDT,-1,1.9,1,TP,27,12,426,0,11,0.37,2.54,5.34,0.79,0.9,0.23,6,0,1.12,-3.39,-1,2,1.57
DOGEUSDT,-1,1.9,1,TP,2,1,766,0,0,-2.77,2.36,1.2,1.2,0.6,0.34,89,0,1.09,0,-1,15,0.98
DOGEUSDT,1,1.9,1,TP,90,4,190,0,3,-0.46,-0.31,0.74,1.5,0.43,0.26,158,0,0.96,-0.63,1,13,0.49
DOGEUSDT,1,-2.1,0,SL,6,9,696,1,7,0.11,-0.21,0.43,1.21,0.65,0.49,16,0,1.71,0.04,1,20,0.84
DOGEUSDT,1,1.9,1,TP,43,14,332,0,13,-0.13,22.51,1.44,0.82,1.06,0.3,438,0,3.07,-0.52,1,5,0.91
DOGEUSDT,-1,1.9,1,TP,7,10,268,0,9,0.03,17.15,2.1,1.03,0.68,0.81,323,0,1.92,-0.46,-1,16,0.69
DOGEUSDT,1,-2.1,0,SL,9,8,362,0,7,-0.12,10,0.72,0.68,0.62,0.29,255,0,1.82,-0.35,1,5,0.49
DOGEUSDT,-1,-2.1,0,SL,15,2,103,0,1,-0.25,5.34,0.45,1.16,1.06,1.04,114,0,2.52,-1.08,-1,17,2.02
DOGEUSDT,1,-2.1,0,SL,1,4,203,0,3,0.12,-3.23,3.29,12.78,1.18,0.73,87,0,1.14,-2.45,1,19,6.36
DOGEUSDT,-1,1.9,1,TP,11,1,218,0,0,-3.28,0.58,2.53,2.53,0.42,0.31,185,0,0.4,0,-1,0,0.61
DOGEUSDT,-1,-2.1,0,SL,22,13,312,0,12,0.7,0.9,5.2,0.69,0.72,0.39,0,0,2.1,-1.43,1,23,0.92
DOGEUSDT,1,1.9,1,TP,13,5,147,0,4,0.29,3.98,1.85,1.67,0.37,0.38,335,0,0.34,-0.6,1,9,0.55
DOGEUSDT,1,1.9,1,TP,41,3,317,0,2,-0.03,6.93,0.41,0.6,0.28,0.37,507,0,0.57,-0.27,1,3,0.19
DOGEUSDT,1,1.9,1,TP,55,17,0,0,16,-0.31,5.32,1.24,1.25,0.92,0.45,18,0,2.83,0.74,1,2,0.81
DOGEUSDT,-1,1.9,1,TP,3,3,512,0,2,-0.55,3.02,1.17,2.93,0.63,1.71,272,0,1.61,-0.45,-1,2,1.23
DOGEUSDT,-1,-1.18,0,TIMEOUT,52,7,809,0,6,-0.19,20.78,0.28,0.34,0.32,1.79,565,0,0.9,-0.01,-1,4,0.17
DOGEUSDT,1,-2.1,0,SL,36,8,88,0,7,-0.17,2.19,1.25,0.94,0.5,0.27,91,0,1.28,-1.07,1,22,0.42
DOGEUSDT,1,1.9,1,TP,4,1,224,0,0,-4.79,5.34,7.73,7.73,0.51,0.26,234,0,0.92,0,1,8,1.74
DOGEUSDT,1,1.9,1,TP,6,1,587,0,0,-3.43,3.3,2.71,2.71,0.51,0.49,3,1,0.28,0,1,3,0.86
DOGEUSDT,1,1.9,1,TP,6,10,725,0,9,-1.63,5.93,2.1,2.31,0.6,0.48,132,1,1.42,0.41,1,13,1.13
DOGEUSDT,-1,1.9,1,TP,13,10,135,0,9,-0.68,1.26,1.79,0.72,0.56,0.51,385,1,1.41,-1.01,-1,5,0.46
DOGEUSDT,-1,1.9,1,TP,13,1,275,0,0,-3.71,5.96,1.45,1.45,1.01,0.54,534,1,1.81,0,-1,16,0.97
DOGEUSDT,1,-2.1,0,SL,18,7,202,0,6,-0.28,0.16,1.56,1.78,0.96,0.41,103,0,1.53,-1.87,1,16,2.09
DOGEUSDT,1,1.9,1,TP,15,1,139,0,0,-3.23,3.25,1.7,1.7,0.36,0.21,2,0,0.66,0,1,9,0.39
DOGEUSDT,-1,1.9,1,TP,32,16,471,0,15,0.15,4.31,1.75,0.38,0.4,0.28,28,0,0.95,-0.25,-1,18,0.23
DOGEUSDT,-1,1.9,1,TP,9,4,834,0,3,0.62,10.76,2.31,3.1,0.57,1.18,277,0,1.62,-1.43,-1,13,1.09
DOGEUSDT,-1,-2.1,0,SL,29,16,67,0,15,0.27,7.29,1.27,0.34,0.78,0.36,454,0,2.27,-0.31,-1,20,0.83
DOGEUSDT,-1,1.9,1,TP,3,1,152,0,0,-3.52,8.47,1.62,1.62,0.96,0.37,554,0,1.44,0,-1,17,1.83
DOGEUSDT,-1,1.9,1,TP,5,3,428,0,2,0.03,2.3,0.77,0.87,0.52,0.2,17,0,1.35,-0.66,-1,14,0.73
DOGEUSDT,-1,1.9,1,TP,7,1,537,0,0,-1.67,2.37,0.99,0.99,1.19,0.31,104,0,1.57,0,-1,17,0.76
DOGEUSDT,-1,1.9,1,TP,33,5,688,0,4,0.16,2.18,1.19,0.97,0.6,0.3,251,0,0.57,-0.96,-1,7,0.76
DOGEUSDT,-1,-2.1,0,SL,6,16,838,0,15,-0.01,-0.07,1.34,0.3,1.01,0.92,80,0,2.84,-1.09,-1,21,0.7
DOGEUSDT,1,-2.1,0,SL,37,7,185,0,6,-0.34,12.03,2.31,0.63,0.68,0.46,289,0,1.89,-1.17,1,0,0.45
DOGEUSDT,1,1.9,1,TP,1,1,109,0,0,-3.63,3.17,3.32,3.32,0.76,0.32,123,0,0.99,0,1,15,1.05
DOGEUSDT,-1,-1.837,0,TIMEOUT,62,13,159,0,12,-0.66,3.83,4.91,0.35,0.71,0.3,60,0,1.98,-0.69,-1,18,0.59
DOGEUSDT,-1,1.9,1,TP,12,14,332,0,13,-1.01,2.07,0.5,0.9,0.36,0.09,3,0,0.78,0.69,-1,14,0.43
DOGEUSDT,-1,1.9,1,TP,22,9,645,0,8,0.36,2.76,0.33,0.65,0.96,0.6,115,0,1.4,-0.61,-1,20,1.41
DOGEUSDT,-1,1.9,1,TP,16,10,747,0,9,0.08,4.69,1.27,0.41,0.92,0.55,10,0,2.05,-2.06,-1,21,0.69
DOGEUSDT,1,1.9,1,TP,25,4,219,0,3,1.23,0.01,0.76,4.87,0.64,0.2,29,0,0.72,-1.58,-1,2,1.54
DOGEUSDT,1,-0.98,0,TIMEOUT,37,7,132,0,6,1.11,-1.01,0.56,3.34,0.33,0.1,164,0,0.28,-0.67,1,12,0.68
DOGEUSDT,1,-2.1,0,SL,39,7,409,4,2,-0.59,0.27,0.31,0.34,0.78,0.43,106,0,1.84,0.46,1,22,0.67
DOGEUSDT,-1,-2.1,0,SL,25,1,394,0,0,-1.67,1.89,0.45,0.45,0.59,0.33,6,0,1.51,0,-1,10,0.45
DOGEUSDT,-1,1.9,1,TP,74,4,229,0,3,0.05,4.27,0.88,0.57,0.25,0.23,164,0,0.76,-0.21,-1,4,0.19
DOGEUSDT,-1,1.9,1,TP,25,1,431,0,0,-0.9,17.5,0.81,0.81,0.47,0.15,129,0,1.33,0,-1,7,0.29
DOGEUSDT,-1,1.9,1,TP,88,7,660,1,5,0.15,-1.96,2.12,0.72,0.54,0.44,110,1,0.94,-0.71,-1,16,0.63
DOGEUSDT,-1,-2.1,0,SL,5,3,502,0,2,0.23,-0.91,0.93,1.1,1.28,0.62,175,0,1.34,-3.19,-1,19,1.38
DOGEUSDT,-1,1.9,1,TP,15,3,1011,0,2,0.76,-0.52,0.6,1.68,0.76,0.38,12,0,0.37,-1.01,-1,2,1.41
DOGEUSDT,-1,1.9,1,TP,24,1,1131,0,0,-1.09,5.93,0.96,0.96,0.53,0.39,134,0,1.61,0,-1,8,0.47
DOGEUSDT,-1,1.9,1,TP,82,1,277,0,0,-1.69,2.27,2.74,2.74,0.77,0.4,116,0,1.7,0,-1,19,1.32
DOGEUSDT,-1,1.9,1,TP,54,1,585,0,0,-3.22,2.6,1.42,1.42,0.37,0.31,159,0,1,0,-1,0,0.4
DOGEUSDT,-1,1.9,1,TP,13,17,767,0,16,-0.35,2.33,1.51,0.84,0.62,0.38,34,0,1.92,0.76,-1,22,0.44
DOGEUSDT,1,-2.1,0,SL,34,9,150,0,8,0.13,-0.02,2.68,0.86,1.13,0.44,91,0,1.46,-2.11,1,17,1.8
DOGEUSDT,1,1.9,1,TP,44,8,203,0,7,-0.42,-0.95,1.57,2.02,0.64,0.32,186,0,0.82,-0.62,1,13,0.98
DOGEUSDT,1,1.9,1,TP,78,6,452,0,5,-0.2,0.81,1.89,0.79,0.45,0.26,1,0,0.52,-0.36,1,3,0.34
DOGEUSDT,-1,1.9,1,TP,65,11,337,0,10,-0.2,2.67,63.43,0.59,0.56,0.18,0,0,1.45,-1.01,-1,2,0.94
DOGEUSDT,1,-2.1,0,SL,47,16,156,0,15,-0.43,2.31,0.31,0.85,0.5,0.18,113,0,0.82,0.47,1,7,0.46
DOGEUSDT,1,1.9,1,TP,23,4,321,0,3,-0.35,3.44,0.7,0.67,0.42,0.31,28,0,0.62,0.07,1,0,0.3
DOGEUSDT,-1,-1.243,0,TIMEOUT,76,1,254,0,0,-2.59,3.76,0.87,0.87,0.19,0.2,14,0,0.18,0,-1,4,0.11
DOGEUSDT,1,1.9,1,TP,9,1,164,0,0,-2.04,0.83,0.75,0.75,0.44,0.26,93,1,0.28,0,1,20,0.36
DOGEUSDT,1,1.9,1,TP,82,21,366,5,15,0.51,0.02,1.33,2.5,0.5,0.21,0,0,0.68,-0.03,1,22,0.78
DOGEUSDT,1,-2.1,0,SL,20,5,549,0,4,-0.06,-1.2,1.69,1.53,0.41,0.39,98,0,0.81,-0.84,1,20,0.64
DOGEUSDT,1,1.9,1,TP,28,12,179,0,11,-0.24,-0.48,1.17,0.87,0.5,0.2,176,0,1.42,-0.12,1,20,0.32
DOGEUSDT,1,1.9,1,TP,79,11,167,0,10,-0.22,2.22,1,0.86,0.33,0.33,166,0,0.84,-0.04,1,1,0.23
DOGEUSDT,1,1.9,1,TP,7,5,556,0,4,-0.02,-0.6,1.71,2.79,0.34,0.41,125,0,0.97,-0.31,1,2,0.55
DOGEUSDT,1,1.9,1,TP,5,7,748,0,6,0.19,5.68,3.15,3.26,0.87,0.15,87,0,2.03,-1.43,1,2,1.97
DOGEUSDT,1,-2.1,0,SL,2,13,149,0,12,0.14,4.35,3.25,1.3,0.52,0.28,258,0,1.07,-0.57,1,20,0.64
DOGEUSDT,1,1.9,1,TP,10,16,384,0,15,-0.67,0.89,1.02,0.6,0.41,0.37,490,0,1.23,0.47,1,7,0.32
DOGEUSDT,-1,1.9,1,TP,26,1,153,0,0,-3.14,1.46,21.77,21.77,0.73,0.83,0,0,0.52,0,-1,23,4.07
DOGEUSDT,-1,1.9,1,TP,7,10,627,0,9,-0.72,3.27,1.53,0.38,0.48,0.17,32,0,0.39,-0.53,-1,22,0.47
DOGEUSDT,-1,1.9,1,TP,68,3,78,0,2,0.7,-1.38,1.87,4.04,0.4,0.3,72,0,0.91,-0.79,-1,4,1.01
DOGEUSDT,-1,-2.1,0,SL,3,3,310,0,2,0.23,5.65,3.61,3.38,0.52,0.3,163,0,1.09,-0.87,-1,14,1.45
DOGEUSDT,1,-2.1,0,SL,39,5,129,0,4,-0.05,2.77,1.22,1.06,0.42,0.13,28,0,0.44,-0.51,1,4,0.65
DOGEUSDT,1,-1.648,0,TIMEOUT,102,1,124,0,0,-2.6,3.47,1.74,1.74,0.32,0.32,122,0,1,0,1,11,0.28
DOGEUSDT,1,1.9,1,TP,47,15,277,0,14,-1.24,4.34,3.8,1.03,0.5,0.41,3,1,0.99,0.55,1,1,0.7
DOGEUSDT,-1,-1.595,0,TIMEOUT,45,14,440,0,13,0.49,0.51,2.13,1.46,0.38,0.71,111,1,0.82,-0.4,-1,0,0.66
DOGEUSDT,-1,1.9,1,TP,42,1,516,0,0,-2.08,1.69,0.53,0.53,0.36,0.71,200,1,0.48,0,-1,19,0.29
DOGEUSDT,-1,1.9,1,TP,5,2,776,0,1,-1.06,2.67,1.76,4.25,0.43,0.16,8,0,0.96,-0.76,-1,12,1.29
DOGEUSDT,1,-2.1,0,SL,64,12,320,0,11,-0.75,19.71,2.05,0.59,0.39,0.39,476,0,0.61,-0.03,1,20,0.36
DOGEUSDT,1,-2.1,0,SL,156,16,6,0,15,-0.47,3.89,5.07,1.19,0.49,0.27,137,0,1.37,0.42,1,17,0.7
DOGEUSDT,-1,1.9,1,TP,130,3,210,0,2,-0.1,9.37,1.32,0.72,0.35,0.47,254,1,1.11,-0.56,-1,5,0.39
ADAUSDT,-1,1.9,1,TP,7,14,226,0,13,0.18,2.22,0.81,0.82,1.07,0.3,4,0,1.57,0.18,-1,14,2.05
ADAUSDT,-1,1.9,1,TP,23,5,507,0,4,0.51,0.51,0.62,2.04,0.5,0.34,66,0,1.41,-0.89,-1,12,0.75
ADAUSDT,-1,1.9,1,TP,17,7,825,4,2,0,-1.13,2.16,1.22,0.77,0.63,0,0,2.06,0.11,-1,20,0.83
ADAUSDT,1,-2.1,0,SL,1,1,319,0,0,-6.2,4.83,6.62,6.62,1.02,0.23,67,0,0.46,0,1,14,3.79
ADAUSDT,1,1.9,1,TP,9,10,598,0,9,-0.14,12.36,0.73,1.21,0.52,0.23,337,0,1.61,-0.14,1,11,0.58
ADAUSDT,-1,1.9,1,TP,13,10,180,0,9,-0.34,8.3,0.78,1.02,0.87,1.27,221,0,2.6,-0.54,-1,7,0.46
ADAUSDT,1,-2.1,0,SL,20,8,160,0,7,-0.22,6.96,0.91,0.88,0.97,0.96,230,0,2.95,-0.33,1,3,1.17
ADAUSDT,1,-2.1,0,SL,3,3,214,0,2,-0.65,4.12,1.87,0.61,1.81,0.95,289,0,2.26,-1.53,1,16,1.72
ADAUSDT,1,1.9,1,TP,2,7,584,0,6,-0.07,27.71,2.57,1.79,1.61,0.17,695,0,4.5,-2.84,1,15,2.73
ADAUSDT,1,-2.1,0,SL,2,1,214,0,0,-3.86,3.85,5.01,5.01,1.51,0.86,113,0,3.97,0,1,10,4.57
ADAUSDT,1,-2.1,0,SL,14,4,659,0,3,0.05,10.9,0.85,1.73,1.22,0.79,555,0,0.98,-1,1,1,1.39
ADAUSDT,1,-2.1,0,SL,13,3,74,0,2,-1.01,11.05,0.48,1.21,0.83,1.13,258,0,2.58,0.19,1,4,0.95
ADAUSDT,1,1.9,1,TP,4,1,328,0,0,-1.81,4.46,1.05,1.05,0.96,0.59,366,0,1.33,0,1,18,1.02
ADAUSDT,1,1.9,1,TP,3,1,642,0,0,-2.86,3.86,2.95,2.95,1.48,0.19,71,0,3.45,0,1,1,3.02
ADAUSDT,-1,-2.1,0,SL,5,9,252,0,8,-0.19,3.38,1.22,1.51,1.17,0.61,128,0,3.47,-0.59,-1,6,0.68
ADAUSDT,1,1.9,1,TP,1,1,92,0,0,-2.67,11.91,3.39,3.39,2.16,0.32,841,0,5.63,0,1,16,4.55
ADAUSDT,-1,-2.1,0,SL,32,9,210,0,8,-0.48,7.62,2.5,1.33,0.94,0.54,197,0,2.8,-0.05,-1,14,1.24
ADAUSDT,-1,-2.1,0,SL,30,3,423,0,2,-0.47,13.28,0.59,0.57,0.47,0.53,416,0,1.56,-0.05,-1,19,0.36
ADAUSDT,-1,1.9,1,TP,6,14,129,0,13,0.04,1.83,1.73,1.12,0.67,0.65,87,0,1.98,0.61,-1,19,1.05
ADAUSDT,-1,1.9,1,TP,6,2,520,0,1,-0.91,2.78,2.78,1.95,0.91,0.57,101,0,2.53,-0.29,-1,20,1.44
ADAUSDT,1,1.9,1,TP,89,12,289,0,11,0.35,0.79,1.68,1.17,0.59,0.48,216,0,1.68,-0.35,1,11,0.92
ADAUSDT,1,-2.1,0,SL,44,11,666,0,10,-0.03,2.75,5.76,0.55,0.7,0.32,162,0,0.86,-2.25,1,10,0.53
ADAUSDT,-1,-2.1,0,SL,8,14,157,0,13,-0.07,12.36,3.04,0.58,1.67,0.99,368,0,4.88,-1,-1,17,1.09
ADAUSDT,-1,1.9,1,TP,4,5,378,0,4,0.34,15.46,3.41,1.74,1.28,0.98,598,0,1.73,-3,-1,1,1.89
ADAUSDT,-1,-2.1,0,SL,32,8,683,0,7,-0.01,0.97,0.76,0.5,0.93,0.52,1,0,2.98,-0.45,-1,5,0.58
ADAUSDT,1,-2.1,0,SL,3,3,259,0,2,-0.05,17.57,1.32,0.56,0.93,0.6,301,0,2.82,-0.93,1,0,0.59
ADAUSDT,1,-2.1,0,SL,100,3,385,0,2,-0.25,3.39,0.61,1.25,0.86,0.64,46,0,2.48,-0.25,1,8,1.12
ADAUSDT,1,1.9,1,TP,16,6,657,0,5,0.13,6.45,0.79,0.75,0.42,0.64,315,0,0.95,-0.95,1,4,0.34
ADAUSDT,1,-2.1,0,SL,10,12,346,0,11,-0.44,3.06,1.61,1.34,1.61,1.82,76,1,4.23,-0.72,1,9,2.04
ADAUSDT,1,1.9,1,TP,29,2,568,0,1,-0.1,3.94,0.58,0.58,1.47,1.81,308,1,2.63,-0.1,1,17,1.24
ADAUSDT,1,1.9,1,TP,2,15,759,0,14,0.03,4.51,0.68,1.61,2.61,1.69,486,1,4.08,2.3,1,16,3.04
ADAUSDT,-1,-2.1,0,SL,1,1,362,0,0,-1.75,0.09,4.63,4.63,2.84,1.96,1259,1,5.89,0,-1,14,8.18
ADAUSDT,1,-2.1,0,SL,2,8,115,0,7,-0.03,4.32,0.72,1.43,1.29,1.03,528,0,3.86,-1.72,1,13,1.26
ADAUSDT,-1,1.9,1,TP,23,16,130,0,15,-0.14,1.51,2.19,0.85,1.16,2.67,8,2,3.37,-0.66,-1,15,0.93
ADAUSDT,-1,1.9,1,TP,9,1,334,0,0,-2.14,3.83,0.91,0.91,0.71,2.69,227,2,1.07,0,-1,18,0.61
ADAUSDT,-1,1.9,1,TP,8,16,621,0,15,-0.13,1.71,0.74,0.53,0.94,0.47,2,0,2.8,0.68,-1,18,0.77
ADAUSDT,-1,-2.1,0,SL,2,8,899,0,7,-0.32,14.64,0.96,1.15,0.7,0.51,288,0,2.11,0.02,-1,15,0.64
ADAUSDT,-1,-2.1,0,SL,4,5,353,0,4,-1.74,5.49,2.83,3.55,1.21,0.43,248,0,1.47,-0.21,-1,5,3.04
ADAUSDT,1,-2.1,0,SL,24,10,259,0,9,-0.06,2.27,1.95,0.99,0.99,0.32,159,0,1.62,-1.81,1,22,1.06
ADAUSDT,1,-2.1,0,SL,9,6,278,0,5,-0.36,2.87,0.58,0.84,0.52,0.3,7,0,1.35,-0.63,1,7,0.5
ADAUSDT,1,-2.028,0,TIMEOUT,39,2,403,0,1,0.49,0.7,0.83,0.92,0.45,0.3,136,0,1.2,-0.27,1,14,0.4
ADAUSDT,-1,-2.1,0,SL,98,4,255,0,3,0.2,5.04,0.88,0.47,0.49,1.03,203,1,1.41,-0.55,-1,21,0.35
ADAUSDT,-1,1.9,1,TP,15,1,414,0,0,-1.48,2.9,1.06,1.06,0.46,0.41,25,0,0.48,0,-1,12,0.5
ADAUSDT,-1,1.9,1,TP,71,7,1008,0,6,0.04,0.46,0.99,0.6,0.53,0.4,5,0,0.98,-0.76,-1,17,0.46
ADAUSDT,1,1.9,1,TP,30,1,247,0,0,-3.17,1.38,2.01,2.01,0.61,0.52,103,0,1.46,0,1,23,0.53
ADAUSDT,1,1.9,1,TP,1,1,444,0,0,-4.73,8.98,4.58,4.58,0.66,0.49,300,0,1.86,0,1,0,1.48
ADAUSDT,-1,-2.1,0,SL,27,17,330,0,16,0.34,3.32,0.85,1,0.59,0.34,6,0,1.75,-0.52,-1,14,0.88
ADAUSDT,1,1.9,1,TP,7,12,541,0,11,0.3,8.77,1.56,1.4,0.67,0.59,524,0,1.91,-1.01,1,13,1.31
ADAUSDT,1,1.9,1,TP,7,1,874,0,0,-2.38,0.26,2.27,2.27,1.56,1.01,112,0,3.28,0,1,1,2.05
ADAUSDT,1,-2.1,0,SL,17,3,1156,0,2,-0.02,1.61,0.92,0.9,0.85,0.53,12,0,2.63,-1.06,1,23,0.84
ADAUSDT,1,1.9,1,TP,3,1,238,0,0,-0.93,18.52,0.45,0.45,0.83,1.24,519,1,2.53,0,1,5,0.46
ADAUSDT,1,-2.1,0,SL,53,10,184,0,9,-0.13,0.53,2.04,0.84,0.91,0.9,473,0,2.66,0.13,1,13,0.91
ADAUSDT,-1,1.9,1,TP,62,5,169,0,4,0.03,1.16,0.66,0.74,0.68,0.73,71,0,1.57,-0.95,-1,14,0.67
ADAUSDT,-1,1.9,1,TP,5,4,548,0,3,-0.89,2.02,0.52,0.63,1.03,0.96,227,0,2.12,0.57,-1,12,1.13
ADAUSDT,1,-2.1,0,SL,2,9,124,0,8,0.44,0.28,1.59,3.24,1.23,0.61,2,0,3.07,-1.99,1,20,3.85
ADAUSDT,1,-2.1,0,SL,4,13,202,0,12,0.35,5.31,0.83,0.86,1.05,0.81,233,0,3.23,-2.07,1,7,1.03
ADAUSDT,-1,-2.1,0,SL,14,14,206,0,13,-0.79,10,1.43,0.91,0.7,0.93,671,0,2.11,-0.07,-1,21,0.76
ADAUSDT,-1,-2.1,0,SL,3,17,206,0,16,0.75,8.59,3.3,1.45,0.71,0.48,324,0,1.96,-0.07,-1,12,1.18
ADAUSDT,1,-1.353,0,TIMEOUT,96,12,48,0,11,-0.3,3.19,0.89,0.35,0.66,0.51,7,1,1.98,-0.57,1,19,0.48
ADAUSDT,-1,1.9,1,TP,26,8,318,0,7,-0.05,2.42,3.6,0.6,0.58,0.37,175,0,1.35,-0.46,-1,16,0.4
ADAUSDT,-1,-2.1,0,SL,32,3,550,1,1,-0.45,-0.11,1,1.23,0.42,0.28,75,0,1.22,0.03,-1,2,0.42
ADAUSDT,-1,1.9,1,TP,9,5,462,0,4,-0.29,-0.18,0.66,0.52,0.44,0.29,115,0,1.08,-0.17,-1,21,0.24
ADAUSDT,-1,1.9,1,TP,17,1,387,0,0,-1.66,2.39,1.28,1.28,0.71,0.21,154,0,0.81,0,-1,3,0.83
ADAUSDT,1,1.9,1,TP,1,17,282,0,16,-1.18,5.58,8.05,0.58,1.49,0.58,9,0,3.41,2.08,1,15,2.23
ADAUSDT,-1,-2.1,0,SL,1,14,202,0,13,0.5,15.48,2.18,1.09,0.69,0.39,257,0,2.04,-1.24,-1,18,0.92
ADAUSDT,1,-2.1,0,SL,20,2,361,0,1,0.26,3.97,1.16,0.45,0.52,0.67,94,0,1.61,-0.28,1,22,0.46
ADAUSDT,-1,1.9,1,TP,21,14,310,0,13,1.15,7.41,1.08,1.93,1.27,0.46,484,0,3.37,-1.17,1,8,2.94
ADAUSDT,1,-2.1,0,SL,13,4,201,0,3,0.68,-1.09,1.27,2.58,1.07,0.27,142,0,1.68,-3.34,1,8,2.32
ADAUSDT,-1,1.9,1,TP,5,1,148,0,0,-3.42,2.52,4.84,4.84,1.44,0.66,65,0,2.81,0,-1,22,3.86
ADAUSDT,-1,1.9,1,TP,2,19,479,2,16,-1.3,2.48,0.97,4.07,1.23,1.4,23,0,3.52,3.41,-1,8,2.98
ADAUSDT,1,-2.1,0,SL,29,4,253,0,3,-0.34,1.97,1.49,2.01,0.59,0.36,302,0,1.58,-0.46,1,9,1
ADAUSDT,1,1.9,1,TP,14,12,237,0,11,-0.13,12.17,1.74,1.53,0.73,0.33,299,0,1.92,-1.14,1,5,1.02
ADAUSDT,1,-2.1,0,SL,47,12,469,0,11,0.16,4.36,3.85,0.93,0.66,0.37,31,0,2.03,-1.38,1,15,0.53
ADAUSDT,-1,1.9,1,TP,15,11,365,0,10,1.03,1.21,4.86,4.34,1.36,0.47,28,0,3.14,-2.02,-1,14,4.39
ADAUSDT,1,1.9,1,TP,7,8,147,0,7,1.35,-0.61,0.69,3.57,0.98,0.84,148,0,2.4,-2,1,13,2.89
ADAUSDT,1,1.9,1,TP,2,1,248,0,0,-2.53,3.78,2.57,2.57,1.17,0.81,35,0,1.1,0,1,14,2.22
ADAUSDT,-1,1.9,1,TP,43,12,252,0,11,-0.02,15.34,2.25,1.09,0.66,0.29,313,0,1.95,-0.49,-1,12,0.63
ADAUSDT,-1,-2.1,0,SL,80,11,386,0,10,-0.08,15.69,3.27,0.61,0.97,0.3,448,0,2.78,-1.39,-1,22,1.03
ADAUSDT,-1,-2.1,0,SL,164,9,141,0,8,-0.42,4.26,0.63,0.72,0.49,0.3,114,0,1.58,-0.15,-1,20,0.53
ADAUSDT,-1,-2.1,0,SL,13,8,353,0,7,-0.27,1.45,1.17,1.68,0.74,0.41,2,0,0.75,-0.19,-1,1,1.25
ADAUSDT,-1,-2.1,0,SL,25,3,482,0,2,-0.35,-0.08,0.59,1.6,0.45,0.25,115,0,0.89,-0.22,-1,9,0.41
ADAUSDT,1,1.9,1,TP,33,1,205,0,0,-2.85,5.29,1.33,1.33,0.57,0.5,166,0,1.38,0,1,16,0.68
ADAUSDT,1,1.9,1,TP,9,2,481,0,1,-0.02,-1.2,1.73,2.12,0.64,0.44,113,0,1.64,-0.99,1,13,1.12
ADAUSDT,1,1.9,1,TP,47,11,946,0,10,0.53,1.58,1.37,1.67,0.64,0.67,12,0,1.93,-1.39,1,10,1.1
ADAUSDT,1,-2.1,0,SL,10,10,1432,0,9,0.41,14.23,2.47,2.06,0.5,0.24,370,0,1.54,-0.48,1,11,0.67
ADAUSDT,-1,-2.1,0,SL,39,3,221,0,2,-0.47,1.37,0.43,0.83,0.65,0.41,32,0,1.17,0.03,-1,2,0.49
ADAUSDT,-1,-2.1,0,SL,16,3,424,0,2,-0.52,0.39,1.08,0.98,0.42,0.24,53,0,1.2,0.06,-1,13,0.47
ADAUSDT,-1,1.9,1,TP,12,1,466,0,0,-3.13,1.09,1.46,1.46,0.63,0.24,97,0,0.34,0,-1,23,1.22
ADAUSDT,-1,1.9,1,TP,20,1,810,0,0,-2.65,16.59,3,3,0.57,0.26,441,0,0.64,0,-1,13,0.88
ADAUSDT,-1,-1.309,0,TIMEOUT,66,17,1030,0,16,0.28,2.1,0.77,1.21,0.28,0.2,83,0,0.84,-0.01,-1,20,0.45
ADAUSDT,-1,1.9,1,TP,9,1,1127,0,0,-1.56,2.84,0.56,0.56,0.33,0.2,196,0,0.56,0,-1,21,0.26
ADAUSDT,1,-2.1,0,SL,18,5,245,0,4,-0.17,1.01,1.56,1.17,0.55,0.29,109,0,1.5,-0.79,1,14,0.8
ADAUSDT,-1,1.9,1,TP,61,17,5,0,16,-0.43,6.03,4.04,0.86,0.69,0.31,137,0,2.02,0.44,-1,0,0.67
ADAUSDT,-1,-2.1,0,SL,13,4,587,0,3,-0.45,2.95,1.13,0.8,0.83,0.49,65,0,1.81,-0.77,-1,18,0.73
ADAUSDT,-1,1.9,1,TP,4,6,506,0,5,-0.3,9.61,1.42,1.91,1.79,0.66,211,0,5.1,-3.95,-1,23,2.48
ADAUSDT,1,-2.1,0,SL,2,8,162,0,7,0.28,1.5,1.79,1.49,1.07,1.08,121,0,2.89,-0.87,1,14,1.42
ADAUSDT,-1,-2.1,0,SL,12,17,203,0,16,0.17,1.83,0.95,1.18,0.96,0.94,161,0,2.82,-0.51,-1,19,1.64
ADAUSDT,-1,1.9,1,TP,11,1,207,0,0,-2.2,1.37,2.24,2.24,0.67,0.69,46,0,1.78,0,-1,5,0.93
ADAUSDT,-1,1.9,1,TP,13,1,161,0,0,-3.38,3.28,2.56,2.56,1.08,0.87,88,0,2.82,0,-1,11,1.88
ADAUSDT,1,1.9,1,TP,13,1,146,0,0,-1.92,4.55,2.35,2.35,1.22,0.78,489,0,1.02,0,1,15,2.25
ADAUSDT,-1,1.9,1,TP,8,6,451,0,5,-0.66,8.43,1.23,1.03,1.62,0.87,230,0,4.64,0.32,-1,6,1.56
ADAUSDT,1,1.9,1,TP,20,3,162,0,2,-0.53,5.41,3.47,2.71,0.76,0.62,192,0,1.89,-1.65,1,1,1.1
ADAUSDT,-1,-2.1,0,SL,28,7,333,0,6,-0.56,16.48,0.62,0.78,0.71,0.43,377,0,2.25,-0.27,-1,13,0.69
ADAUSDT,-1,-2.1,0,SL,22,3,529,0,2,-0.49,2.96,0.86,1.05,0.45,0.22,36,0,1.3,-0.56,-1,14,0.47
ADAUSDT,-1,-1.59,0,TIMEOUT,23,5,591,0,4,0.35,1.46,0.52,1.4,0.43,0.22,96,0,0.97,-0.47,-1,5,0.58
ADAUSDT,1,1.9,1,TP,63,2,141,0,1,-0.2,1.88,1.04,1.25,0.6,0.22,309,0,0.93,0.04,1,10,0.55
ADAUSDT,1,-2.1,0,SL,72,7,421,0,6,-0.98,3.27,0.92,1.08,0.55,0.21,28,0,1.66,-0.39,1,8,0.6
ADAUSDT,1,-2.1,0,SL,6,19,701,4,14,-0.04,-0.5,4.29,0.62,0.6,0.65,148,0,0.76,0.94,1,12,0.46
ADAUSDT,-1,-2.1,0,SL,16,12,8,0,11,-0.5,2.89,1.83,0.6,0.64,0.39,1,0,1.98,-0.79,-1,22,0.74
ADAUSDT,-1,-2.1,0,SL,67,8,223,0,7,-0.66,3.15,1.5,0.62,0.47,0.34,10,0,1.16,-0.42,-1,10,0.5
ADAUSDT,1,1.9,1,TP,25,2,144,0,1,-0.42,5.01,0.9,0.86,0.32,0.33,319,0,0.94,-0.29,1,14,0.42
ADAUSDT,-1,1.9,1,TP,7,1,179,0,0,-1.97,1.02,0.57,0.57,0.73,0.65,2,1,0.94,0,-1,10,0.47
ADAUSDT,-1,-2.1,0,SL,54,11,658,0,10,0.85,4.03,2.56,1.08,0.71,0.38,44,0,2.02,-1.03,-1,10,1.02
ADAUSDT,-1,-2.1,0,SL,40,16,214,0,15,0.08,3.44,2.05,0.56,0.69,0.67,3,1,1.99,1.42,-1,2,0.72
ADAUSDT,1,-2.1,0,SL,53,1,82,0,0,-1.78,5.26,0.75,0.75,0.6,0.87,27,2,1.84,0,1,1,0.41
ADAUSDT,1,1.9,1,TP,51,13,269,0,12,0,4.76,0.57,0.96,0.41,1.27,52,3,1.37,-0.07,1,0,0.24
ADAUSDT,1,-2.1,0,SL,2,6,657,0,5,-0.03,0.15,2.23,3.54,0.66,0.28,77,0,1.69,-0.32,1,1,1.2
ADAUSDT,-1,1.9,1,TP,64,5,202,0,4,-0.51,1.06,1.76,0.5,0.69,0.41,179,0,1.96,-0.26,-1,16,0.47
ADAUSDT,-1,-2.1,0,SL,7,4,201,0,3,-0.07,3.8,1.09,0.64,0.49,0.16,75,0,1.52,-0.73,-1,22,0.25
ADAUSDT,-1,-2.1,0,SL,33,7,300,0,6,0.1,0.7,1.03,0.38,1.04,0.55,18,0,1.47,-1.93,-1,23,0.86
ADAUSDT,-1,1.9,1,TP,34,1,152,0,0,-3.02,0.69,1.53,1.53,0.69,0.14,80,0,0.37,0,-1,17,0.57
ADAUSDT,1,-1.505,0,TIMEOUT,55,14,119,0,13,-0.11,4.5,1.31,0.7,0.28,0.28,36,0,0.87,-0.39,1,5,0.18
ADAUSDT,-1,1.9,1,TP,41,13,196,0,12,-0.02,2.19,13.22,0.47,0.34,0.19,1,0,0.97,-0.92,-1,11,0.26
ADAUSDT,-1,1.9,1,TP,23,1,599,0,0,-3.38,4.34,2.03,2.03,0.62,0.27,59,0,0.85,0,-1,16,1.17
ADAUSDT,-1,1.9,1,TP,20,8,984,1,6,-0.93,0.29,1.12,0.87,0.47,0.25,173,0,0.6,0.14,-1,16,0.52
ADAUSDT,1,-2.1,0,SL,1,9,257,0,8,-0.2,-0.32,0.81,1.33,0.69,1.15,173,0,1.04,-0.8,1,13,0.9
ADAUSDT,-1,1.9,1,TP,37,8,448,0,7,0.05,0.57,0.85,0.62,1.16,1.51,107,0,3.45,-2.42,-1,18,0.91
ADAUSDT,-1,-1.427,0,TIMEOUT,96,10,197,0,9,0.06,3.75,2.55,0.66,0.45,0.25,13,0,1.36,-0.9,-1,20,0.4
ADAUSDT,-1,1.9,1,TP,4,1,353,0,0,-2.22,3.47,1.62,1.62,0.36,0.43,10,1,0.61,0,-1,11,0.31
ADAUSDT,-1,-1.503,0,TIMEOUT,100,16,8,0,15,-0.13,6.02,0.66,0.57,0.64,0.26,6,0,1.83,2.3,-1,4,0.82
ADAUSDT,1,1.9,1,TP,45,13,238,0,12,-0.19,3.52,0.7,0.69,0.27,0.31,91,1,0.85,-0.09,1,22,0.22
ADAUSDT,-1,-1.292,0,TIMEOUT,70,15,333,0,14,-0.01,0.9,0.53,0.33,0.32,0.16,1,0,0.65,-0.1,-1,21,0.23
ADAUSDT,-1,1.9,1,TP,21,1,524,0,0,-2.68,3.47,0.67,0.67,0.26,0.06,23,0,0.38,0,-1,21,0.16
ADAUSDT,1,-1.096,0,TIMEOUT,52,16,2,0,15,0.57,2.61,7.03,1.04,0.52,0.22,139,0,1.43,-0.8,1,17,1.03
ADAUSDT,-1,-1.08,0,TIMEOUT,54,6,305,0,5,-0.37,2.67,0.74,0.43,0.28,0.11,8,0,0.9,-0.3,-1,11,0.19
ADAUSDT,-1,1.9,1,TP,5,3,420,0,2,-2.14,2.06,1.07,6.06,0.52,0.31,7,0,1.08,1.03,-1,16,1.57
ADAUSDT,1,1.9,1,TP,78,3,291,0,2,-0.07,3.36,1.92,1.09,0.44,0.23,35,0,0.53,-0.57,1,4,0.42
ADAUSDT,1,-2.1,0,SL,18,7,987,0,6,-0.25,1.7,0.58,0.7,0.53,1.3,73,0,1.68,-0.52,1,22,0.34
ADAUSDT,1,1.9,1,TP,2,1,1091,0,0,-1.84,1.02,1.19,1.19,0.73,1.3,183,0,0.88,0,1,0,0.68
ADAUSDT,1,-2.1,0,SL,25,1,1481,0,0,-2.16,1.59,1.72,1.72,0.77,0.61,141,0,1.8,0,1,1,0.53
ADAUSDT,1,1.9,1,TP,34,2,326,0,1,-1.28,3.83,1.16,4.62,0.42,0.15,155,0,1.14,-0.1,1,11,1.28
ADAUSDT,1,1.9,1,TP,13,1,101,0,0,-2.6,1.27,0.8,0.8,1,0.68,96,0,1.04,0,1,21,0.63
ADAUSDT,-1,1.9,1,TP,6,7,321,0,6,-0.69,10.16,0.84,1.15,0.61,0.36,577,0,0.39,-0.11,-1,0,0.85
ADAUSDT,-1,1.9,1,TP,80,17,200,0,16,-0.08,4.46,0.48,0.86,0.52,0.21,16,0,1.53,0.83,-1,19,0.29
ADAUSDT,-1,1.9,1,TP,129,4,552,0,3,0.35,-0.82,1.31,0.96,0.37,0.14,64,0,0.93,-0.72,-1,11,0.3
ADAUSDT,-1,1.9,1,TP,27,2,811,0,1,0.1,1.76,0.36,1.03,0.4,0.31,32,0,0.94,-0.31,-1,4,0.39
ADAUSDT,-1,-2.1,0,SL,100,16,1726,0,15,0.04,5.5,0.61,1.39,0.65,0.36,26,0,2,-0.16,-1,16,0.62
ADAUSDT,1,-2.1,0,SL,20,8,177,0,7,0.1,0.9,0.53,0.88,0.67,0.37,13,0,1.98,-0.17,1,20,0.89
ADAUSDT,1,1.9,1,TP,15,1,342,0,0,-3.87,5.05,3.12,3.12,0.79,0.51,25,0,0.48,0,1,13,2.36
ADAUSDT,1,1.9,1,TP,10,16,530,0,15,0.15,2.41,1.42,0.92,0.61,0.7,146,0,1.91,-0.7,1,12,0.76
ADAUSDT,-1,1.9,1,TP,44,5,133,0,4,-0.49,1.8,0.66,0.57,0.44,0.23,73,0,1.31,-0.06,-1,3,0.31
ADAUSDT,1,1.9,1,TP,5,1,244,0,0,-1.65,6.34,1.18,1.18,0.7,0.23,224,0,1.49,0,1,10,0.65
ADAUSDT,1,-2.1,0,SL,44,6,107,0,5,-0.19,0.7,1.97,0.75,0.58,0.43,4,0,1.65,-0.55,1,13,0.41
ADAUSDT,1,1.9,1,TP,39,6,184,0,5,0,1.76,1.46,1.97,0.67,0.2,5,0,0.58,-0.25,1,15,1.4
ADAUSDT,-1,1.9,1,TP,5,1,123,0,0,-2.2,4.12,1.58,1.58,0.39,0.69,459,0,1.16,0,-1,6,0.65
ADAUSDT,-1,1.9,1,TP,9,7,546,0,6,0.04,2.78,2.64,1.58,0.52,1.31,68,2,1.16,-0.44,-1,16,0.72
ADAUSDT,1,-2.1,0,SL,28,6,135,0,5,-1.44,11.32,0.56,1.79,0.69,0.29,235,0,1.18,0.83,1,15,1.26
ADAUSDT,1,-2.1,0,SL,5,10,432,0,9,-0.73,1.72,4.3,0.94,0.5,0.25,89,0,0.5,0.3,1,18,0.44
ADAUSDT,-1,-2.1,0,SL,53,6,221,0,5,-0.16,7.38,1.57,1.1,0.36,0.23,216,0,1.07,-0.31,-1,8,0.29
ADAUSDT,-1,1.9,1,TP,9,10,472,6,3,-1.84,0.93,1.35,5.12,0.48,0.36,102,0,1.21,0.8,-1,12,1.54
ADAUSDT,1,1.9,1,TP,57,14,287,0,13,0.49,-0.35,3.18,0.51,0.39,0.59,1,0,0.88,-1.01,1,5,0.43
ADAUSDT,1,1.9,1,TP,13,5,407,0,4,-0.55,3.72,1.37,1.28,0.53,0.24,36,0,0.79,-0.71,1,5,0.91
ADAUSDT,-1,1.9,1,TP,18,1,130,0,0,-1.44,0.29,0.66,0.66,0.61,0.43,1,0,1.6,0,-1,3,0.47
ADAUSDT,1,1.9,1,TP,143,4,123,0,3,-0.04,-0.8,0.9,1.05,0.56,0.52,40,0,1.66,-0.34,1,15,0.55
ADAUSDT,-1,1.9,1,TP,26,13,105,0,12,0.07,3.35,2.46,0.23,0.71,1.03,112,2,1.54,-1.33,-1,17,0.5
ADAUSDT,-1,1.9,1,TP,24,6,395,0,5,-0.67,4.24,0.65,0.71,0.35,1.02,409,2,0.32,-0.04,-1,18,0.35
ADAUSDT,1,1.9,1,TP,1,1,224,0,0,-7.01,7.73,22.09,22.09,0.71,0.42,1,0,0.62,0,1,15,4.38
ADAUSDT,-1,1.9,1,TP,9,6,97,0,5,0.37,-0.83,0.47,2.1,0.44,0.49,78,0,1.34,-0.71,-1,0,0.7
ADAUSDT,-1,-1.217,0,TIMEOUT,234,1,160,0,0,-4.4,4.84,19.16,19.16,0.64,0.16,0,0,1,0,-1,9,4.53
ADAUSDT,1,1.9,1,TP,158,3,7,1,1,-0.3,5.89,0.95,0.7,0.34,0.64,174,0,1.01,0.16,1,13,0.26
ADAUSDT,-1,1.9,1,TP,62,9,155,0,8,-2.38,1.85,2.31,7.94,0.54,0.27,93,0,1.09,0.89,-1,16,2.47
ADAUSDT,-1,1.9,1,TP,93,4,539,0,3,0.51,-0.12,1.86,1.15,0.29,0.61,174,1,0.82,-0.52,-1,16,0.38
ADAUSDT,-1,-1.678,0,TIMEOUT,30,6,231,0,5,-0.87,0.26,1.14,0.62,0.29,0.23,1,0,0.46,-0.12,-1,7,0.27
ADAUSDT,1,-2.1,0,SL,36,1,76,0,0,-6.85,7.14,9.55,9.55,0.7,0.69,1,0,0.51,0,1,14,3.36
ADAUSDT,-1,-2.1,0,SL,9,2,637,0,1,-0.07,0.12,2.43,0.76,0.33,0.16,37,0,0.46,-0.24,-1,15,0.31
ADAUSDT,-1,1.9,1,TP,155,11,821,0,10,-0.39,2.01,1.02,0.92,0.27,0.47,32,1,0.71,-0.16,-1,13,0.47
ADAUSDT,1,-1.534,0,TIMEOUT,150,12,153,6,5,0.21,-1.27,0.9,2.14,0.41,0.28,98,0,0.69,0.04,1,3,0.68
ADAUSDT,-1,-1.33,0,TIMEOUT,38,6,634,2,3,-0.25,-0.61,1.12,0.56,0.27,0.41,40,1,0.61,0,-1,4,0.2
ADAUSDT,1,1.9,1,TP,56,15,192,0,14,0.04,1.21,1.02,0.51,0.29,0.67,3,2,0.86,-0.04,1,20,0.24
ADAUSDT,-1,-0.995,0,TIMEOUT,42,5,760,0,4,-0.43,1.17,1.22,0.54,0.17,0.24,52,0,0.41,-0.12,-1,15,0.2
ADAUSDT,1,1.9,1,TP,43,2,513,0,1,0.39,11.26,2.64,2.67,0.75,0.32,379,0,1.83,-0.56,1,16,1.55
ADAUSDT,1,1.9,1,TP,91,8,884,0,7,-0.8,9.16,1.52,1.49,0.33,0.68,246,0,0.94,0,1,13,0.47
ADAUSDT,1,1.9,1,TP,84,4,599,0,3,-0.74,4.87,0.19,0.55,0.64,0.37,182,0,0.63,0.45,1,3,0.71
ADAUSDT,-1,-2.1,0,SL,41,12,96,0,11,0.31,0.66,5.49,0.5,1.06,0.81,21,0,2.46,-3.33,-1,21,1.15
ADAUSDT,1,1.9,1,TP,6,1,162,0,0,-1.63,3.82,1.02,1.02,0.45,0.15,134,0,0.93,0,1,0,0.53
ADAUSDT,1,1.9,1,TP,6,16,109,0,15,-0.23,5.66,4.01,0.46,1.46,0.97,28,0,4.26,-0.21,1,17,0.82
ADAUSDT,1,-2.1,0,SL,8,8,477,0,7,-0.27,6.79,0.85,0.57,0.69,0.42,299,0,1.09,-0.86,1,3,0.61
ADAUSDT,1,1.9,1,TP,15,12,634,1,10,-0.39,-0.21,2.03,1.1,0.69,0.37,139,0,0.97,-0.13,1,18,1.04
ADAUSDT,1,1.9,1,TP,3,1,194,0,0,-3.43,4.13,2.28,2.28,1.52,0.62,85,0,0.43,0,1,21,2.43
ADAUSDT,-1,1.9,1,TP,44,4,399,0,3,-0.03,1.44,2.29,2.29,0.5,0.51,93,0,1.27,-0.42,-1,14,1.07
ADAUSDT,-1,1.9,1,TP,16,12,825,2,9,-1.3,1.24,1.93,1.49,0.5,0.56,160,0,0.47,0.77,-1,1,1.03
ADAUSDT,-1,-2.1,0,SL,67,3,1181,0,2,0.39,1.5,0.58,0.76,0.67,0.53,24,0,1.52,-0.77,-1,18,0.77
ADAUSDT,1,1.9,1,TP,22,10,121,0,9,0.25,8.3,0.8,1.03,0.29,0.51,227,0,0.91,-0.25,1,22,0.33
ADAUSDT,1,1.9,1,TP,7,1,290,0,0,-3.95,3.72,2.52,2.52,0.69,0.26,135,0,1.29,0,1,16,0.77
ADAUSDT,-1,-1.919,0,TIMEOUT,99,5,117,0,4,-0.34,7.37,0.62,0.72,0.41,0.18,329,0,1.24,-0.41,-1,19,0.4
ADAUSDT,-1,1.9,1,TP,25,1,250,0,0,-3.11,3.82,1.07,1.07,0.52,0.31,4,0,1.2,0,-1,4,0.47
ADAUSDT,1,1.9,1,TP,5,5,145,4,0,-3.72,2.54,4.36,4.36,0.39,0.57,77,0,0.43,1.18,1,8,1.23
ADAUSDT,1,1.9,1,TP,10,1,484,0,0,-3.05,3.26,3.27,3.27,0.56,0.33,4,0,0.64,0,1,21,1.12
ADAUSDT,-1,1.9,1,TP,45,3,174,0,2,0.12,8.07,0.99,0.59,0.62,0.42,418,0,1.88,-0.96,-1,4,0.25
ADAUSDT,-1,1.9,1,TP,22,6,460,0,5,-0.1,14.14,0.97,1.18,0.4,0.43,701,0,1.14,-0.72,-1,4,0.2
ADAUSDT,1,1.9,1,TP,30,4,367,0,3,-0.05,0.97,0.71,3.09,0.86,0.51,67,0,2.37,-0.49,1,14,1.77
ADAUSDT,1,1.9,1,TP,3,7,616,0,6,-0.08,8.59,1.2,0.53,1.05,0.47,313,0,2.41,-1.66,1,4,0.5
ADAUSDT,-1,-2.1,0,SL,58,3,273,0,2,-0.33,1.93,1.97,1.1,1.39,1.38,427,0,1.26,-1.59,-1,16,1.02
ADAUSDT,-1,1.9,1,TP,23,7,463,0,6,0.46,0.36,1.8,0.96,0.72,0.44,9,0,1.37,-0.78,-1,16,0.76
ADAUSDT,1,-2.1,0,SL,14,10,154,0,9,0.24,10.37,1.25,1.49,0.54,0.34,231,0,1.61,-0.22,1,10,0.71
ADAUSDT,-1,1.9,1,TP,2,4,317,0,3,-0.22,11.12,0.96,0.88,1.05,0.93,371,0,2.83,-0.42,-1,16,1.19
ADAUSDT,-1,1.9,1,TP,25,11,696,6,4,-0.16,-1.86,2.33,1.7,1.02,0.86,203,0,1.11,1.5,-1,15,1.72
ADAUSDT,-1,1.9,1,TP,141,6,266,0,5,0.04,10.24,0.66,0.46,0.38,0.49,404,0,0.75,-0.51,-1,18,0.34
ADAUSDT,-1,1.9,1,TP,22,11,795,0,10,-0.25,-1.1,0.64,0.5,0.6,0.89,352,0,1.76,0.76,-1,6,0.3
ADAUSDT,1,1.9,1,TP,51,1,78,0,0,-4.91,6.14,5.15,5.15,0.5,0.25,154,0,1.07,0,1,8,0.79
ADAUSDT,-1,1.9,1,TP,3,1,227,0,0,-3.15,4,1.34,1.34,0.49,0.33,24,1,1.26,0,-1,12,0.5
ADAUSDT,-1,-2.1,0,SL,14,6,861,0,5,0.27,3.6,2.81,1.18,1.23,0.9,255,0,2.57,-3.11,-1,3,1.33
ADAUSDT,-1,1.9,1,TP,9,9,425,0,8,-0.63,5.78,2.41,0.89,0.51,0.45,352,0,0.82,-0.7,-1,1,0.69
ADAUSDT,1,1.9,1,TP,27,1,66,0,0,-2.59,8.16,1.94,1.94,0.6,0.8,220,0,1.24,0,1,14,1.04
ADAUSDT,1,-2.1,0,SL,9,13,340,0,12,1.51,7.78,1.44,3.75,0.64,0.8,482,0,0.91,-0.64,1,10,1.64
ADAUSDT,-1,1.9,1,TP,20,6,315,0,5,-0.28,5.12,2.55,1.39,0.46,0.27,48,0,0.99,-0.51,-1,1,0.57
ADAUSDT,-1,-2.1,0,SL,39,13,395,0,12,0.03,3.36,1.48,0.3,0.36,0.36,313,1,0.86,-0.25,-1,20,0.31
ADAUSDT,1,1.9,1,TP,4,15,339,0,14,-0.21,5.25,2.95,5.32,0.77,0.19,39,0,1.69,2.38,1,12,2.58
ADAUSDT,-1,-2.1,0,SL,6,3,230,0,2,-0.57,2.9,1.93,0.93,0.4,0.14,31,0,0.92,-0.6,-1,8,0.43
ADAUSDT,-1,1.9,1,TP,27,11,303,0,10,-1.58,4.18,2.73,1,0.57,0.17,36,0,0.87,0.25,-1,9,0.99
ADAUSDT,-1,1.9,1,TP,80,8,623,0,7,-0.06,5.4,0.73,0.44,0.6,0.96,250,0,1.23,-0.76,-1,17,0.57
ADAUSDT,1,1.9,1,TP,52,7,793,0,6,0.48,2.62,0.45,0.76,0.69,0.63,14,0,1.93,-1.1,1,18,0.77
ADAUSDT,1,-2.1,0,SL,16,11,165,0,10,-0.39,3.62,0.34,1.13,0.67,0.2,20,0,1.08,-0.27,1,1,0.81
ADAUSDT,-1,1.9,1,TP,4,1,159,0,0,-0.8,3.43,0.87,0.87,0.68,0.47,35,0,1.96,0,-1,0,0.44
ADAUSDT,1,-2.1,0,SL,45,1,251,0,0,-4.64,7.16,2.88,2.88,0.53,0.14,11,0,0.6,0,1,2,1.04
ADAUSDT,-1,1.9,1,TP,1,1,339,0,0,-3.16,4.58,3.99,3.99,1.05,0.49,19,0,2.17,0,-1,14,2.2
ADAUSDT,1,-2.1,0,SL,36,1,236,0,0,-1.5,15.94,0.95,0.95,0.31,0.31,254,0,0.93,0,1,4,0.2
ADAUSDT,-1,-2.1,0,SL,22,5,292,3,1,0.02,3.76,0.41,0.44,0.45,0.93,33,0,0.99,0.12,-1,21,0.18
ADAUSDT,1,-2.1,0,SL,5,17,2,0,16,1.26,2.36,2.18,2.82,0.73,0.51,2,0,1.89,-0.15,1,11,1.65
ADAUSDT,1,-0.874,0,TIMEOUT,139,13,124,0,12,-0.17,6.24,0.91,0.76,0.36,0.51,128,0,1.07,0.18,1,18,0.33
ADAUSDT,1,1.9,1,TP,76,1,343,0,0,-2.42,4.27,1.87,1.87,0.48,0.29,61,0,0.73,0,1,1,0.47
ADAUSDT,-1,1.9,1,TP,62,14,321,0,13,-0.57,6.56,2.37,0.48,0.6,0.37,260,0,0.96,-1.28,-1,22,0.59
ADAUSDT,-1,1.9,1,TP,15,9,1041,0,8,0.11,0.85,1.23,1.07,0.55,0.59,4,0,0.65,-0.97,-1,10,0.84
ADAUSDT,1,1.9,1,TP,16,1,339,0,0,-1.59,3.49,0.78,0.78,0.61,0.46,24,0,0.72,0,1,18,0.49
ADAUSDT,-1,-2.1,0,SL,29,6,271,0,5,0.49,14.36,2.74,1.04,0.38,0.36,284,0,1.13,-1.16,-1,11,0.51
ADAUSDT,1,-1.336,0,TIMEOUT,40,4,283,0,3,0.76,-1.25,1.3,2.74,0.32,0.2,34,0,0.85,-0.64,1,0,0.67
ADAUSDT,1,-2.1,0,SL,17,6,1034,0,5,-0.01,-0.97,0.35,1.56,0.38,0.27,150,0,0.78,-0.47,1,20,0.57
ADAUSDT,-1,-2.1,0,SL,77,4,552,0,3,-0.21,2.9,1.35,0.52,0.41,0.6,129,0,0.75,-0.69,-1,21,0.32
ADAUSDT,1,1.9,1,TP,23,10,251,0,9,-0.25,0.21,0.72,0.53,0.54,0.17,129,0,0.47,-0.08,1,8,0.4
ADAUSDT,-1,-1.898,0,TIMEOUT,38,5,260,0,4,0.31,3.3,1.51,1.08,0.32,0.14,63,0,0.34,-0.6,-1,4,0.43
ADAUSDT,1,-2.1,0,SL,6,3,258,0,2,-0.86,3.57,1.87,1.83,0.56,0.33,140,0,1.24,0,1,7,0.82
ADAUSDT,1,1.9,1,TP,13,13,122,0,12,-0.58,-0.95,0.72,0.88,0.52,0.23,285,0,1.17,0.26,1,0,0.41
ADAUSDT,-1,-2.1,0,SL,6,2,134,0,1,-0.22,1.05,0.72,0.61,1.15,1.08,16,0,1.65,-0.02,-1,18,0.77
ADAUSDT,1,-2.1,0,SL,9,9,961,0,8,-0.58,3,1.13,1.54,1.2,1.33,79,0,2.94,0.11,1,10,1.52
ADAUSDT,1,1.9,1,TP,2,16,293,0,15,-1.05,4.74,3.33,0.82,1.65,0.47,184,0,3.76,1.15,1,0,1.92
ADAUSDT,1,-2.1,0,SL,9,4,647,0,3,-0.49,1.44,2.56,0.57,1.19,0.54,182,0,1.98,-1.57,1,17,0.91
ADAUSDT,1,-2.1,0,SL,54,10,757,0,9,-0.53,1.53,0.57,0.76,0.88,0.54,286,0,1.35,-0.07,1,20,0.71
ADAUSDT,-1,-2.1,0,SL,9,5,246,0,4,0.02,-0.83,1.69,0.91,0.6,0.49,200,0,1.74,-0.98,-1,7,0.5
ADAUSDT,-1,1.9,1,TP,11,5,318,0,4,-0.54,0.76,0.92,0.67,0.89,0.49,272,0,1.82,-0.51,-1,1,0.54
ADAUSDT,-1,1.9,1,TP,18,1,588,0,0,-2.08,0.18,0.23,0.23,0.63,0.61,227,0,0.84,0,-1,17,0.38
ADAUSDT,-1,-2.1,0,SL,26,6,326,0,5,-0.98,6.44,0.85,1.12,0.54,1.05,54,0,1.85,0.15,-1,4,0.6
ADAUSDT,1,-2.1,0,SL,2,10,410,0,9,0.41,13.09,2.73,0.85,1.01,0.49,429,0,1.87,-1.2,1,3,1.23
ADAUSDT,-1,1.9,1,TP,5,1,145,0,0,-0.31,2.53,0.55,0.55,1.22,0.97,25,0,2.88,0,-1,23,1.11
ADAUSDT,-1,-1.203,0,TIMEOUT,125,11,537,0,10,0.83,2.09,1.1,1.58,0.6,0.94,208,1,1.74,-0.96,-1,1,0.73
ADAUSDT,-1,1.9,1,TP,4,1,720,0,0,-4.05,3.44,2.79,2.79,0.55,0.27,96,0,0.8,0,-1,23,1.04
ADAUSDT,-1,-2.1,0,SL,16,10,916,0,9,0.3,0.92,1.3,1.21,0.81,0.5,87,0,1.07,-2.04,-1,0,0.95
ADAUSDT,1,-2.1,0,SL,18,9,119,0,8,-0.51,5.34,1.29,1.34,0.59,0.33,204,0,1.67,-0.69,1,14,0.75
ADAUSDT,-1,-2.1,0,SL,4,15,250,5,9,-0.05,-1.55,2.27,0.66,1.5,3.2,120,0,4.55,1.37,-1,10,1.7
ADAUSDT,-1,1.9,1,TP,24,6,156,0,5,0.02,0.36,1.3,2.2,1,1.67,554,0,0.52,-0.98,-1,9,1.7
ADAUSDT,-1,1.9,1,TP,37,4,168,0,3,-0.54,9.2,0.69,0.69,0.48,0.27,208,0,1.34,-0.37,-1,17,0.38
ADAUSDT,-1,1.9,1,TP,17,11,468,0,10,0.17,2.07,1.3,0.96,1.31,1.57,22,1,3.67,-1.36,-1,20,1.16
ADAUSDT,-1,1.9,1,TP,10,12,572,0,11,0.61,3.92,2.63,0.79,0.96,1.59,125,1,2.79,-1.38,-1,22,1.2
ADAUSDT,-1,1.9,1,TP,20,1,631,0,0,-1.48,3.19,0.81,0.81,1.06,0.47,66,0,2.23,0,-1,16,0.75
ADAUSDT,-1,1.9,1,TP,32,9,161,0,8,0.28,8.91,1.01,0.93,0.49,0.37,304,0,1.52,-0.57,-1,5,0.41
ADAUSDT,-1,-2.1,0,SL,17,6,106,0,5,0.17,4.56,3.67,0.61,0.5,0.47,261,0,1.23,-1.4,-1,20,0.43
ADAUSDT,-1,-2.1,0,SL,7,7,116,0,6,-0.56,7.85,1.67,1.45,0.92,0.78,158,0,1.65,-1.88,-1,13,1.25
ADAUSDT,-1,1.9,1,TP,55,5,229,0,4,0.23,11.19,0.57,0.56,0.47,0.77,273,0,0.99,-0.56,-1,17,0.4
ADAUSDT,-1,1.9,1,TP,4,3,522,0,2,-1.22,1.6,0.92,1.91,1.42,0.68,182,0,1.83,-0.37,-1,18,1.85
ADAUSDT,1,1.9,1,TP,9,17,145,0,16,-0.14,-0.7,0.98,2.43,0.71,0.49,24,0,2.05,0.06,1,8,1.45
ADAUSDT,1,1.9,1,TP,6,11,129,0,10,-0.55,5.24,1.09,0.92,0.5,0.33,48,0,0.84,-0.06,1,12,0.64
ADAUSDT,1,-2.1,0,SL,37,11,341,0,10,-0.18,2.37,6.13,0.48,1.27,0.39,68,0,3.42,-2.36,1,17,1.54
ADAUSDT,1,-2.1,0,SL,6,6,649,0,5,-0.47,-0.64,0.41,1.34,0.53,0.37,182,0,0.85,-0.41,1,22,0.56
ADAUSDT,1,-2.1,0,SL,16,11,694,0,10,-0.11,1.26,1.41,0.67,0.6,0.36,222,0,1.14,-0.46,1,9,0.68
ADAUSDT,1,-2.1,0,SL,16,3,819,0,2,0,-0.36,1.43,2.2,0.62,0.37,355,0,0.73,-0.68,1,17,0.84
ADAUSDT,1,-2.1,0,SL,27,9,152,0,8,-0.27,0.37,4.23,1.8,0.68,0.36,731,0,1.71,-0.78,1,16,1.1
ADAUSDT,-1,-2.1,0,SL,27,10,251,1,8,-0.15,-0.91,0.86,1.42,0.71,0.47,133,1,1.32,-0.06,-1,18,1.34
ADAUSDT,1,1.9,1,TP,18,2,397,0,1,-0.51,0.67,3.61,2.33,1.06,0.34,2,0,2.59,-0.93,1,7,2.04
ADAUSDT,1,-2.1,0,SL,45,15,548,0,14,-0.09,4.04,0.54,0.68,0.82,0.57,22,0,2.44,0.41,1,21,0.95
ADAUSDT,-1,-2.1,0,SL,9,8,331,0,7,-0.31,7.7,1.82,0.44,0.9,0.63,509,0,1.76,-1.64,-1,21,0.77
ADAUSDT,-1,-2.1,0,SL,30,2,490,0,1,-0.43,17.51,1.46,0.87,0.51,0.65,674,0,1.56,-0.17,-1,13,0.56
ADAUSDT,-1,-2.1,0,SL,10,2,314,0,1,0.32,3.22,0.54,0.48,0.46,0.25,75,0,0.72,-0.2,-1,5,0.46
ADAUSDT,-1,1.9,1,TP,42,2,405,0,1,0.44,2.89,0.54,1.31,0.46,0.25,166,0,0.5,-0.71,-1,4,0.74
ADAUSDT,-1,1.9,1,TP,7,1,803,0,0,-2.35,16.79,2.38,2.38,0.45,0.81,221,0,1.38,0,-1,8,0.7
ADAUSDT,1,-2.1,0,SL,52,1,186,0,0,-1.11,0.76,1.03,1.03,0.55,0.48,10,0,0.95,0,1,16,0.43
ADAUSDT,1,1.9,1,TP,14,11,272,0,10,0.49,-1.19,1.09,1.98,0.42,0.25,86,0,1.18,-0.76,-1,13,0.76
ADAUSDT,-1,-2.1,0,SL,16,9,301,0,8,-0.14,2.54,0.92,0.65,0.35,0.34,90,0,0.45,-0.41,-1,18,0.41
ADAUSDT,1,-2.1,0,SL,22,11,7,0,10,-0.15,2.03,2.49,1.05,0.68,0.33,116,0,1.86,-1.16,1,1,0.54
ADAUSDT,1,1.9,1,TP,38,7,143,0,6,-0.03,5.69,0.55,0.58,0.45,0.34,394,0,1.24,-0.51,1,20,0.36
ADAUSDT,1,1.9,1,TP,20,12,580,0,11,-0.22,25.37,5.32,0.86,0.78,0.19,388,0,2.3,-1.1,1,9,0.5
ADAUSDT,1,1.9,1,TP,51,5,839,0,4,0.04,32.5,0.96,1.21,0.64,0.19,654,0,1.74,-0.75,1,2,0.77
ADAUSDT,1,1.9,1,TP,7,14,1263,0,13,-0.29,5.63,1.49,1.14,0.63,0.73,275,0,1.91,-0.72,1,12,0.51
ADAUSDT,-1,1.9,1,TP,7,10,261,0,9,0.2,7.31,1.5,0.72,0.63,0.53,275,0,1.81,-0.45,-1,16,0.59
ADAUSDT,1,1.9,1,TP,54,14,213,0,13,0.17,3.37,0.57,0.57,0.46,0.49,28,0,0.63,-0.11,1,20,0.37
ADAUSDT,1,-2.1,0,SL,9,12,634,0,11,-0.26,2.49,2.34,1.24,0.57,0.63,28,1,1.71,-0.5,1,5,0.41
ADAUSDT,-1,1.9,1,TP,39,4,342,0,3,-0.25,9.43,3.25,0.62,0.68,0.38,341,0,2.04,-0.77,-1,1,0.38
ADAUSDT,1,-2.1,0,SL,1,5,200,1,3,-0.56,-0.81,3.11,11.06,1.2,0.4,179,0,1.61,-0.96,1,19,6.01
ADAUSDT,-1,-2.1,0,SL,11,8,332,0,7,-0.83,2.8,1.5,1.13,0.53,0.59,160,0,1.64,-0.49,-1,21,0.66
ADAUSDT,-1,-2.1,0,SL,22,11,637,0,10,-0.76,2.92,3.79,1.22,0.6,0.33,182,0,1.38,0.53,-1,1,0.88
ADAUSDT,1,-2.1,0,SL,82,23,464,6,16,0.39,1.14,0.92,1.05,0.51,0.33,200,0,1.45,1.09,1,16,0.64
ADAUSDT,-1,-2.1,0,SL,44,15,641,0,14,-1.08,5.83,2.01,1.08,0.32,0.3,72,0,0.96,0.01,-1,5,0.48
ADAUSDT,1,1.9,1,TP,39,7,193,0,6,-0.23,1.81,1.24,0.73,0.51,0.19,189,0,1.11,-1.05,1,22,0.55
ADAUSDT,-1,1.9,1,TP,14,9,134,0,8,0.05,0.51,1.67,0.39,0.47,0.87,38,0,1.44,-1.28,-1,4,0.39
ADAUSDT,-1,1.9,1,TP,7,14,124,0,13,0,4.88,1.53,0.52,0.82,0.55,80,0,2.45,-0.27,-1,18,0.78
ADAUSDT,-1,1.9,1,TP,46,1,447,0,0,-2.03,2.48,1.74,1.74,0.51,0.3,160,0,1.19,0,-1,15,0.72
ADAUSDT,-1,-2.1,0,SL,28,9,842,0,8,0.27,9.42,2.05,0.57,0.88,1.46,290,0,2.36,-0.86,-1,17,0.93
ADAUSDT,-1,-2.1,0,SL,4,5,923,0,4,-0.35,9.81,1.19,1.04,0.83,1.46,375,0,2.16,-0.63,-1,14,0.98
ADAUSDT,1,1.9,1,TP,9,10,186,0,9,0.01,3.06,1.11,0.59,0.69,0.33,31,0,1.47,-0.85,1,17,0.67
ADAUSDT,-1,1.9,1,TP,11,1,64,0,0,-2.65,1.18,1.08,1.08,0.97,0.78,46,1,1.45,0,-1,16,1.18
ADAUSDT,-1,1.9,1,TP,4,1,164,0,0,-3.47,4.51,1.62,1.62,1.03,0.81,146,1,1.89,0,-1,17,1.9
ADAUSDT,-1,1.9,1,TP,3,1,832,0,0,-3.68,3.39,1.84,1.84,1.17,0.43,70,0,2,0,-1,16,1.39
ADAUSDT,1,-2.1,0,SL,76,1,182,0,0,-4.1,6.01,1.74,1.74,0.73,0.37,121,0,0.87,0,1,18,0.69
ADAUSDT,-1,1.9,1,TP,2,1,173,0,0,-5.85,5.69,4.92,4.92,0.88,0.28,66,0,1.52,0,-1,0,1.76
ADAUSDT,-1,-2.1,0,SL,14,6,226,1,4,-0.14,-0.54,1.22,0.52,0.79,0.19,76,0,0.68,-0.41,-1,1,0.98
ADAUSDT,1,1.9,1,TP,12,11,8,0,10,0.48,5.65,4.75,0.86,0.52,0.19,112,0,1.63,-1.19,1,11,0.46
ADAUSDT,-1,1.9,1,TP,19,6,643,0,5,-0.02,3.25,0.91,0.54,1.08,0.62,119,0,1.62,-1.7,-1,20,1.48
ADAUSDT,-1,1.9,1,TP,35,1,158,0,0,-1.42,0.28,1.07,1.07,0.48,0.22,2,0,0.41,0,-1,6,0.47
ADAUSDT,-1,-2.1,0,SL,2,11,430,0,10,1,1.03,2.77,1.16,0.72,0.6,3,0,1.91,-2.07,-1,2,1.54
ADAUSDT,-1,-1.016,0,TIMEOUT,54,9,494,0,8,0,1.74,1.1,0.61,0.58,0.72,16,1,1.67,-0.84,-1,18,0.52
ADAUSDT,1,1.9,1,TP,7,1,112,0,0,-2.24,6.93,1,1,0.6,0.19,119,0,0.85,0,1,1,0.43
ADAUSDT,-1,-2.1,0,SL,6,17,409,0,16,0.61,-0.79,0.45,3.96,0.62,0.36,46,0,1.33,-0.36,-1,14,1.32
ADAUSDT,-1,1.9,1,TP,54,2,256,0,1,0.02,1.69,1.36,1.07,0.36,0.38,76,0,0.59,-0.15,-1,9,0.3
ADAUSDT,-1,-2.1,0,SL,5,3,497,0,2,0.3,-1.48,1,1.09,1.25,0.72,175,0,2,-3.65,-1,19,1.33
ADAUSDT,-1,1.9,1,TP,39,4,71,0,3,0.38,2.81,0.9,1.16,0.51,0.64,43,1,1.57,-0.57,-1,9,0.6
ADAUSDT,1,-2.1,0,SL,22,7,333,0,6,-0.14,0.21,2.21,0.85,0.5,0.35,10,0,0.7,-0.56,1,4,0.45
ADAUSDT,-1,1.9,1,TP,16,13,121,0,12,-0.41,2.91,0.89,0.35,0.64,0.8,69,0,1.87,0.34,-1,21,0.34
ADAUSDT,1,-2.1,0,SL,18,3,166,0,2,-0.31,-1.44,1.46,2.92,0.59,0.51,84,0,1.05,-1.05,1,6,0.79
ADAUSDT,1,-2.1,0,SL,34,9,154,0,8,0.53,-1.07,2.73,1.36,1.08,0.36,91,0,1.36,-2.73,1,17,1.51
ADAUSDT,1,-2.1,0,SL,26,6,117,0,5,0.14,3.55,0.57,0.5,0.6,0.38,161,0,1.85,-0.75,1,20,0.38
ADAUSDT,1,1.9,1,TP,2,4,228,0,3,-0.47,0,6.46,4.48,0.45,0.34,39,0,1.19,-0.49,1,23,0.49
ADAUSDT,-1,1.9,1,TP,28,11,265,0,10,0.11,1.09,0.37,1.04,0.37,0.36,7,1,1.11,-0.37,-1,3,0.61
ADAUSDT,-1,1.9,1,TP,42,1,648,0,0,-2.4,4.21,0.56,0.56,0.79,0.42,58,0,0.66,0,-1,3,0.5
ADAUSDT,-1,-2.1,0,SL,38,12,213,0,11,-0.74,6.1,0.48,0.81,0.32,0.44,49,0,0.98,0.08,-1,10,0.36
ADAUSDT,-1,1.9,1,TP,27,1,278,0,0,-2.61,3.42,0.86,0.86,0.65,0.29,3,1,1.13,0,-1,2,0.49
ADAUSDT,1,1.9,1,TP,63,16,115,0,15,-0.45,-0.21,0.98,0.68,0.59,0.57,214,0,1.69,0.94,1,21,0.36
ADAUSDT,-1,-2.1,0,SL,13,13,188,0,12,-3.3,2.76,1.95,7.49,0.67,0.42,47,2,0.79,2.2,-1,18,2.96
ADAUSDT,1,1.9,1,TP,148,3,104,0,2,-0.65,5.94,0.7,0.55,0.23,0.28,250,0,0.71,0.08,1,18,0.28
ADAUSDT,1,1.9,1,TP,21,1,576,0,0,-1.63,4.46,0.91,0.91,0.52,0.15,57,0,0.99,0,1,16,0.41
ADAUSDT,1,1.9,1,TP,4,1,762,0,0,-1.83,2.31,1.56,1.56,0.38,0.4,165,0,0.93,0,1,14,0.51
ADAUSDT,1,-2.1,0,SL,36,20,2,3,16,0.33,1.13,2.52,0.84,0.72,0.48,189,0,1.97,0.89,1,20,0.73
ADAUSDT,-1,1.9,1,TP,9,11,695,0,10,0,1.54,1.82,0.35,0.53,0.24,131,0,1.35,-0.82,-1,21,0.2
ADAUSDT,-1,-1.129,0,TIMEOUT,67,6,872,0,5,-0.26,0.98,0.5,0.53,0.29,0.29,80,0,0.29,-0.29,-1,17,0.21
ADAUSDT,-1,-1.55,0,TIMEOUT,34,15,1010,0,14,0.02,2.68,3.77,0.45,0.37,0.29,209,0,0.84,0.25,-1,4,0.54
ADAUSDT,-1,1.9,1,TP,121,9,1077,0,8,-0.8,3.91,0.38,0.46,0.45,0.29,282,0,0.98,-0.17,-1,21,0.54
ADAUSDT,-1,-2.1,0,SL,3,2,1340,0,1,-0.18,2.64,2.64,5.06,0.55,0.52,141,0,1.24,-1.04,-1,14,1.46
ADAUSDT,-1,1.9,1,TP,81,1,1536,0,0,-1.87,3.92,0.96,0.96,0.4,0.21,35,0,0.47,0,-1,15,0.39
ADAUSDT,-1,-2.1,0,SL,3,14,477,0,13,0.12,1.89,4.89,0.76,0.7,0.25,97,0,1.75,-0.06,-1,0,0.88
ADAUSDT,-1,1.9,1,TP,12,10,827,0,9,-0.21,2.18,13.83,0.93,1.21,0.28,1,0,2.17,-3.82,-1,16,1.67
ADAUSDT,-1,1.9,1,TP,83,14,1047,0,13,-0.48,3.95,0.67,1.13,0.49,0.28,11,0,0.92,-0.07,-1,23,0.55
ADAUSDT,-1,-2.1,0,SL,59,2,1290,0,1,-1.4,1.39,0.92,1.3,0.35,0.35,94,1,1.01,0.28,-1,11,0.63
ADAUSDT,1,1.9,1,TP,24,12,2,0,11,-0.22,3.18,3.11,1.35,0.93,0.6,11,2,2.56,0.07,1,6,1
ADAUSDT,-1,1.9,1,TP,12,14,534,0,13,-0.26,18.56,4.61,0.62,0.56,0.36,501,0,1.2,-0.98,-1,3,0.54
ADAUSDT,1,1.9,1,TP,80,16,2,0,15,-0.21,3.92,4.49,1.03,0.71,0.67,3,0,1.93,0.12,1,17,1.22
ADAUSDT,1,1.9,1,TP,15,1,269,0,0,-1.83,3.73,1.52,1.52,0.64,0.24,25,0,0.48,0,1,17,0.78
ADAUSDT,1,-2.1,0,SL,20,12,462,0,11,-0.01,3.3,1.16,1.04,0.75,0.34,137,0,2.08,-0.34,1,18,0.85
ADAUSDT,-1,1.9,1,TP,31,1,346,0,0,-3.55,4.36,1.75,1.75,0.78,0.44,10,0,0.84,0,-1,14,0.76
ADAUSDT,1,1.9,1,TP,38,15,537,0,14,-0.3,18.71,3.63,0.57,0.94,0.42,637,0,2.71,-1.23,1,17,0.68
LINKUSDT,1,-2.1,0,SL,29,13,400,0,12,-0.03,0.73,2.03,0.74,0.72,1.05,220,0,1.61,-0.55,1,23,0.35
LINKUSDT,-1,1.9,1,TP,8,3,170,0,2,0,3.15,1.36,1.01,0.54,0.67,173,0,1.53,-1.07,-1,11,0.89
LINKUSDT,-1,1.9,1,TP,25,3,269,0,2,0.45,1.63,1.69,2.17,0.46,0.67,272,0,1.2,-0.39,-1,12,0.75
LINKUSDT,-1,1.9,1,TP,11,2,555,0,1,0.56,3.58,0.55,2.29,0.68,0.47,175,0,1.93,-1,-1,12,1.23
LINKUSDT,1,-2.1,0,SL,23,9,154,0,8,0.06,2.93,0.62,0.91,0.57,0.57,118,1,1.78,-0.42,1,23,0.68
LINKUSDT,1,-2.1,0,SL,1,1,308,0,0,-5.1,3.67,4.96,4.96,0.93,0.58,67,2,0.59,0,1,14,3
LINKUSDT,1,-2.1,0,SL,36,11,597,0,10,1.31,8.94,0.83,2.12,0.67,0.56,346,2,1.83,-1.1,-1,14,1.62
LINKUSDT,-1,1.9,1,TP,5,14,242,0,13,0.41,1.68,0.95,2.34,1.19,0.77,165,0,3.14,-0.56,-1,12,1.65
LINKUSDT,-1,1.9,1,TP,5,16,537,0,15,-0.09,9.69,3.79,1.52,1.26,0.84,458,0,3.17,-0.44,-1,14,1.77
LINKUSDT,-1,-2.1,0,SL,2,3,129,0,2,-0.05,-0.64,4.66,0.93,0.79,0.29,4,0,2.01,-0.92,-1,0,0.75
LINKUSDT,1,1.9,1,TP,5,15,2,0,14,-0.24,6.54,15.83,1.15,1.11,0.27,52,0,3.09,-2.94,1,15,1.96
LINKUSDT,1,-2.1,0,SL,3,9,116,0,8,-0.63,6.55,0.46,1.37,1.3,0.27,172,0,2.68,0.86,1,20,2.19
LINKUSDT,1,1.9,1,TP,6,7,379,0,6,0.29,11.51,1.61,1.6,1.81,0.23,437,0,4.96,-1.11,1,13,3.75
LINKUSDT,1,1.9,1,TP,5,12,767,0,11,-0.48,28.24,0.57,0.82,1.08,0.21,820,0,2.73,-0.09,1,14,1.2
LINKUSDT,-1,-2.1,0,SL,4,9,177,0,8,0.07,1.08,1.07,0.85,1.87,1.56,10,0,5.49,0.14,-1,2,1.52
LINKUSDT,1,1.9,1,TP,6,1,373,0,0,-2.22,10.27,1.27,1.27,1.7,1.88,212,0,5.06,0,1,17,2.73
LINKUSDT,1,1.9,1,TP,6,1,207,0,0,-1.96,3.84,0.99,0.99,1.28,0.9,24,0,2.93,0,1,3,1.1
LINKUSDT,1,-2.1,0,SL,10,14,603,0,13,0.08,0.93,0.74,0.66,1.31,0.49,104,0,3.3,0.11,1,18,1.29
LINKUSDT,1,1.9,1,TP,11,15,965,0,14,-0.33,0.69,2.38,0.67,1.01,0.49,465,0,2.94,0.04,1,13,0.7
LINKUSDT,-1,1.9,1,TP,4,1,340,0,0,-2.25,2.29,2.37,2.37,1.6,2.94,248,0,4.48,0,-1,22,3.2
LINKUSDT,-1,1.9,1,TP,15,17,574,0,16,-0.32,2.24,0.72,0.41,1.8,1.34,98,0,5.08,1.97,-1,8,1.06
LINKUSDT,-1,-2.1,0,SL,9,9,158,0,8,0.04,0.87,1.46,0.74,0.88,0.65,4,0,2.58,-1.19,-1,15,0.73
LINKUSDT,-1,-2.1,0,SL,10,5,278,0,4,0.1,-1.76,2.29,0.96,0.68,0.52,98,0,0.26,-1.47,-1,21,0.62
LINKUSDT,1,1.9,1,TP,12,6,4,0,5,-0.25,4.21,1.14,0.85,0.76,0.51,117,0,2.17,-0.94,1,2,1.05
LINKUSDT,1,-2.1,0,SL,27,4,196,0,3,-0.34,0.47,0.78,0.93,0.59,0.53,2,0,1.76,-0.53,1,17,0.39
LINKUSDT,-1,1.9,1,TP,3,1,329,0,0,-3.92,5.47,4.13,4.13,0.83,0.31,30,0,2.06,0,-1,19,2.32
LINKUSDT,1,-2.1,0,SL,24,17,133,0,16,0.11,7.4,2.71,0.89,0.48,0.42,136,0,1.48,0.02,1,6,0.4
LINKUSDT,1,1.9,1,TP,7,1,238,0,0,-2.42,7.92,1.62,1.62,0.45,0.42,257,0,1.07,0,1,8,0.69
LINKUSDT,1,1.9,1,TP,5,1,478,0,0,-1.84,2.24,0.6,0.6,0.81,0.65,50,1,0.51,0,1,20,1.02
LINKUSDT,1,-2.1,0,SL,24,17,301,0,16,-0.04,24.75,0.84,0.58,0.62,0.56,828,1,1.53,0.04,1,2,0.8
LINKUSDT,1,-2.1,0,SL,21,13,416,0,12,0.04,23.61,1.91,0.55,0.63,0.57,947,1,1.2,-0.28,1,7,0.62
LINKUSDT,1,1.9,1,TP,19,2,525,0,1,0.24,19.07,0.79,1.07,0.76,0.57,1067,1,1.15,-0.35,1,10,0.82
LINKUSDT,1,1.9,1,TP,6,1,732,0,0,-1.93,1.58,2.06,2.06,0.68,0.91,116,0,1.85,0,1,14,0.79
LINKUSDT,1,-2.1,0,SL,24,3,1071,0,2,-0.3,-0.4,0.98,1.37,1.3,1.29,103,0,3.93,-1.29,1,3,1.37
LINKUSDT,-1,-2.1,0,SL,3,9,749,0,8,0.51,-0.38,1.13,1.53,1.42,1.42,2,1,4.03,-3.36,-1,23,1.78
LINKUSDT,1,-2.1,0,SL,13,8,246,0,7,-0.14,15.39,0.98,1.4,0.86,1.22,348,1,2.5,-0.35,1,13,0.95
LINKUSDT,1,1.9,1,TP,15,1,315,0,0,-2.31,19.16,1.34,1.34,0.79,1.19,424,1,2.35,0,1,6,1.2
LINKUSDT,1,-2.1,0,SL,18,3,612,0,2,-0.64,30.26,1.26,2.23,0.72,1.1,719,1,2.01,-0.26,1,9,1.51
LINKUSDT,1,1.9,1,TP,2,3,721,0,2,-0.36,-0.75,1.14,1.53,1.35,0.96,47,0,3.24,-2.22,1,12,1.63
LINKUSDT,1,1.9,1,TP,21,10,1223,0,9,-0.43,3.17,1.88,0.74,1.36,0.96,390,0,3.55,-1.31,1,17,1.09
LINKUSDT,-1,1.9,1,TP,6,15,154,0,14,0.15,1.91,0.92,0.57,1.56,0.85,88,0,4.02,1,-1,20,1.66
LINKUSDT,-1,1.9,1,TP,2,16,775,0,15,-0.07,1.86,1.03,1.03,2.58,1.04,66,0,3.18,1.46,-1,7,1.21
LINKUSDT,-1,1.9,1,TP,1,1,994,0,0,-2.27,5.13,7.4,7.4,2.82,3.51,90,0,5.7,0,-1,14,9.62
LINKUSDT,-1,-2.1,0,SL,6,15,225,0,14,0.85,11.14,1.16,1.23,1.56,3.6,999,0,4.44,-2.82,-1,5,2.51
LINKUSDT,-1,1.9,1,TP,11,1,333,0,0,-2.52,1.71,1.06,1.06,0.87,0.45,2,0,1.34,0,-1,17,1
LINKUSDT,-1,1.9,1,TP,6,1,609,0,0,-1.57,0.03,0.89,0.89,1.07,0.82,95,0,2.17,0,-1,14,0.74
LINKUSDT,-1,1.9,1,TP,23,13,873,0,12,-0.02,13.33,0.89,1.6,1.04,0.93,347,0,3.1,-1.17,-1,8,1.63
LINKUSDT,-1,-2.1,0,SL,4,12,397,0,11,-1.25,14.07,0.83,1.46,1.44,0.9,569,0,1.3,1.6,-1,13,1.96
LINKUSDT,1,1.9,1,TP,15,1,179,0,0,-3.69,3.23,1.4,1.4,0.92,0.77,2,0,0.67,0,1,4,1.09
LINKUSDT,-1,1.9,1,TP,9,5,202,0,4,0.03,1.64,1,1.32,0.61,0.39,39,0,1.88,-0.54,-1,8,0.54
LINKUSDT,-1,1.9,1,TP,5,13,420,0,12,-0.88,4.72,0.68,0.58,0.53,0.39,249,0,1.6,0.11,-1,14,0.54
LINKUSDT,-1,1.9,1,TP,10,8,681,0,7,-0.16,3.48,0.7,2.31,0.8,0.59,33,0,2.28,-0.71,-1,8,1.62
LINKUSDT,-1,-2.1,0,SL,16,10,1008,0,9,0.33,1.69,0.5,1.26,0.69,0.54,4,0,1.47,-1.06,-1,17,1.17
LINKUSDT,1,1.9,1,TP,3,1,228,0,0,-3.61,5.71,1.53,1.53,0.8,0.71,441,0,1.69,0,1,23,1.18
LINKUSDT,1,1.9,1,TP,1,1,426,0,0,-4.45,12.07,2.61,2.61,0.87,0.66,639,0,2.2,0,1,0,1.34
LINKUSDT,1,1.9,1,TP,4,2,812,1,0,-2.9,0.33,1.24,1.24,0.82,1.74,308,0,1.86,1.12,1,1,1.48
LINKUSDT,1,1.9,1,TP,4,1,873,0,0,-4.38,3.23,4.95,4.95,1.28,0.42,31,0,1.62,0,1,16,2.82
LINKUSDT,1,1.9,1,TP,11,1,1156,0,0,-2.02,7.14,0.97,0.97,0.91,0.28,171,0,2.21,0,1,15,0.5
LINKUSDT,1,-2.1,0,SL,12,3,1555,0,2,-1.04,1.98,0.51,0.85,0.91,0.59,134,0,1.69,-0.37,1,18,1.32
LINKUSDT,1,1.9,1,TP,6,1,332,0,0,-2.32,6.98,3.3,3.3,0.84,0.45,328,0,0.51,0,1,6,1.75
LINKUSDT,1,1.9,1,TP,7,1,587,0,0,-2.91,5.56,1.22,1.22,0.69,0.38,35,0,2.03,0,1,22,0.63
LINKUSDT,1,-2.1,0,SL,7,6,741,0,5,0.44,7.63,1.33,1.39,1.26,0.36,184,0,3.05,-2.71,1,12,1.95
LINKUSDT,1,1.9,1,TP,22,14,253,0,13,0.18,5.57,2.18,1.36,0.76,0.45,36,0,2.27,-0.96,1,6,0.84
LINKUSDT,-1,-2.1,0,SL,16,4,488,0,3,-0.22,1.1,0.62,0.54,0.58,0.53,78,1,1,-0.08,-1,18,0.4
LINKUSDT,-1,-2.1,0,SL,14,2,623,0,1,0.36,0.08,0.61,0.82,0.9,0.38,131,0,0.9,-0.5,-1,4,1.01
LINKUSDT,1,1.9,1,TP,4,12,8,0,11,0.02,3.75,2.42,1.44,1.12,0.36,162,0,3.08,-0.86,1,14,1.4
LINKUSDT,1,1.9,1,TP,2,1,493,0,0,-1.71,2.15,1.79,1.79,0.73,0.67,90,0,2.03,0,1,15,1.32
LINKUSDT,-1,-2.1,0,SL,3,15,297,0,14,-0.3,3.48,1.7,0.31,1.6,0.78,87,0,4.76,1.42,-1,17,1.08
LINKUSDT,1,1.9,1,TP,6,16,3,0,15,0.15,5.93,1.01,0.64,1.13,1.2,101,0,3.3,-0.01,1,18,0.66
LINKUSDT,-1,1.9,1,TP,9,4,127,0,3,0.34,-0.01,0.68,1.96,0.77,0.75,9,0,2.24,-0.35,-1,23,1.19
LINKUSDT,-1,-2.1,0,SL,8,14,112,0,13,0.4,11.78,0.61,1.02,0.79,0.48,302,0,2.45,-0.48,-1,22,0.91
LINKUSDT,1,1.9,1,TP,3,16,277,0,15,0.05,3.94,0.48,2.23,0.69,0.73,50,0,1.98,0.14,1,16,1.39
LINKUSDT,1,1.9,1,TP,21,10,186,4,5,0.27,-1.11,1.01,1.13,0.65,0.97,141,0,1.97,-0.65,1,3,0.64
LINKUSDT,1,1.9,1,TP,12,1,438,0,0,-1.68,22.8,0.55,0.55,0.6,0.75,655,0,1.67,0,1,5,0.5
LINKUSDT,1,1.9,1,TP,71,2,162,0,1,0.14,7.47,1.04,0.83,0.49,0.49,221,0,0.55,-0.21,1,6,0.53
LINKUSDT,1,1.9,1,TP,1,2,474,0,1,0.2,-0.56,0.75,1.63,0.88,0.62,100,0,2.47,-0.87,1,12,1.36
LINKUSDT,1,-2.1,0,SL,11,3,563,0,2,-0.48,2.55,0.65,0.7,1.29,0.6,188,0,2.17,-0.5,1,11,1.28
LINKUSDT,-1,1.9,1,TP,18,1,299,0,0,-2.03,7.94,1.48,1.48,0.67,0.65,596,0,1.24,0,-1,16,1.1
LINKUSDT,-1,-2.1,0,SL,106,5,786,0,4,1.7,0.27,0.66,3,0.87,0.76,9,1,2.06,-2.96,-1,18,2.77
LINKUSDT,-1,1.9,1,TP,6,1,919,0,0,-2.12,2.95,1.99,1.99,0.97,0.78,146,1,0.95,0,-1,3,1.5
LINKUSDT,-1,1.9,1,TP,8,1,130,0,0,-2.25,1.8,1.05,1.05,1.13,0.49,121,0,1.39,0,-1,17,1.07
LINKUSDT,-1,1.9,1,TP,8,13,322,0,12,-0.07,2.82,1.89,0.56,1.5,0.5,21,0,4.21,0.58,-1,17,2
LINKUSDT,-1,-2.1,0,SL,4,10,230,0,9,-0.15,3.49,1.25,0.88,1.02,0.54,11,0,2.98,-0.74,-1,17,1.16
LINKUSDT,1,1.9,1,TP,20,6,408,0,5,-1.5,1.87,1.63,3.18,0.79,0.53,32,0,2.14,-0.13,1,11,1.89
LINKUSDT,-1,-2.1,0,SL,13,11,353,0,10,-0.3,12.35,1.27,0.89,0.98,0.6,546,0,2.79,0.12,-1,21,1.05
LINKUSDT,1,-2.1,0,SL,13,7,464,0,6,0.05,9.87,0.94,0.65,1.3,0.47,1124,0,3.22,-2.76,1,21,1.09
LINKUSDT,1,1.9,1,TP,3,1,542,0,0,-2.19,7.15,2.18,2.18,2.52,0.44,1208,0,2.38,0,1,16,4.52
LINKUSDT,1,1.9,1,TP,8,1,679,0,0,-2.51,11.14,1.03,1.03,1.7,0.43,1345,0,1.75,0,1,2,1.08
LINKUSDT,-1,-2.1,0,SL,13,10,239,0,9,0.07,-0.45,0.79,0.63,0.57,0.61,35,0,1.01,-0.21,-1,4,0.46
LINKUSDT,-1,-2.1,0,SL,1,1,317,0,0,-5.22,5.05,4.73,4.73,1.09,0.64,125,0,2,0,-1,21,3.11
LINKUSDT,1,-2.1,0,SL,7,2,102,0,1,-0.18,3.17,1.44,0.97,1.08,0.81,34,0,0.78,0.14,1,16,0.95
LINKUSDT,1,1.9,1,TP,7,1,223,0,0,-2.47,3.44,1.22,1.22,0.97,0.42,52,0,1.8,0,1,3,1.11
LINKUSDT,1,-2.1,0,SL,46,4,462,0,3,-0.7,0.89,1.07,1.38,0.66,0.9,50,0,0.65,-0.24,1,15,0.58
LINKUSDT,1,-2.1,0,SL,4,6,547,0,5,0.22,0.29,1.07,1.17,0.6,1.05,34,1,0.91,-0.91,1,12,0.83
LINKUSDT,-1,-2.1,0,SL,5,5,377,0,4,1.09,3.77,0.54,1.34,0.73,0.91,189,0,2,-1.71,-1,21,1.63
LINKUSDT,1,-2.1,0,SL,17,11,161,0,10,0.12,1.84,0.42,0.8,0.65,0.32,93,0,1.93,-0.67,1,23,0.99
LINKUSDT,-1,-2.1,0,SL,3,11,371,0,10,1.06,-0.3,3.32,4.62,1.3,0.2,52,0,2.98,-2.66,-1,14,4.27
LINKUSDT,-1,1.9,1,TP,10,6,594,5,0,-2.6,0.35,1.06,1.06,0.96,0.57,172,0,1.64,2.04,-1,22,1.32
LINKUSDT,1,1.9,1,TP,27,1,297,0,0,-3.58,0.14,1.31,1.31,1.14,0.78,182,0,0.41,0,1,15,1.28
LINKUSDT,-1,1.9,1,TP,44,13,220,0,12,0.15,9.2,2.05,0.98,0.7,0.84,732,0,2.01,0.39,-1,12,1.01
LINKUSDT,-1,-2.1,0,SL,17,13,357,0,12,-0.08,6.42,3.54,0.46,1.07,0.39,110,0,3.1,-1.39,-1,22,0.88
LINKUSDT,-1,1.9,1,TP,34,8,312,0,7,-0.25,0.58,1.83,0.6,0.52,0.4,284,0,1.47,-0.71,-1,14,0.58
LINKUSDT,-1,-2.1,0,SL,19,8,490,0,7,-0.26,1.43,0.85,0.6,0.52,0.23,8,0,0.74,-0.5,-1,10,0.42
LINKUSDT,1,1.9,1,TP,8,12,5,0,11,-0.29,3.59,0.63,1.16,0.67,0.22,45,0,1.97,1.19,1,21,0.61
LINKUSDT,1,1.9,1,TP,8,6,263,1,4,-1.15,0.47,1.2,1.18,0.75,0.38,130,0,2.02,0.72,1,13,1.35
LINKUSDT,1,-2.1,0,SL,38,1,530,0,0,-3.59,4.18,1.36,1.36,0.5,0.37,401,0,0.4,0,1,8,0.35
LINKUSDT,1,1.9,1,TP,25,8,760,0,7,0.33,5.04,1.53,1.45,0.71,0.28,152,0,1.81,-0.49,1,17,1.07
LINKUSDT,1,-2.1,0,SL,35,8,1090,0,7,0.21,10.82,1.01,1.38,0.49,0.28,482,0,0.94,-0.45,1,4,0.97
LINKUSDT,1,1.9,1,TP,21,7,1468,0,6,-0.2,10.91,1.19,0.9,0.62,0.35,307,0,1.98,-0.7,1,2,0.4
LINKUSDT,-1,1.9,1,TP,8,1,334,0,0,-2.16,1.02,3.3,3.3,0.6,0.32,226,0,1.21,0,-1,13,1.06
LINKUSDT,1,1.9,1,TP,11,1,101,0,0,-1.95,1.78,5.38,5.38,0.52,0.66,1,0,1.03,0,1,3,1.12
LINKUSDT,1,-2.1,0,SL,16,3,243,0,2,-0.27,5.27,1.17,0.98,0.53,0.22,326,0,1.2,-0.48,1,14,0.48
LINKUSDT,-1,1.9,1,TP,5,1,446,0,0,-2.99,5.69,2.33,2.33,0.62,0.15,251,0,0.41,0,-1,14,1.02
LINKUSDT,-1,1.9,1,TP,1,3,641,0,2,1.35,-3.23,0.76,3.28,0.84,0.98,444,0,1.12,-2.77,-1,15,2.74
LINKUSDT,-1,-2.1,0,SL,16,7,1144,0,6,0.12,6.67,0.73,0.93,0.75,0.5,277,0,2.13,-1.12,-1,20,1.35
LINKUSDT,1,1.9,1,TP,9,9,154,0,8,0.07,2.33,0.44,1.13,0.85,1.03,93,0,2.62,-0.37,1,7,1.15
LINKUSDT,-1,1.9,1,TP,23,15,204,0,14,0.6,10.12,2,1.08,1,0.36,244,0,2.97,-1.58,-1,19,1.47
LINKUSDT,-1,1.9,1,TP,44,4,94,0,3,-0.05,0.18,0.97,4.2,0.79,0.74,5,0,2.33,-1.26,-1,13,0.86
LINKUSDT,-1,-2.1,0,SL,37,9,160,0,8,-1.17,4.66,2.63,2.35,0.94,0.4,50,0,2.61,-0.46,-1,12,1.71
LINKUSDT,1,1.9,1,TP,1,1,267,0,0,-2.43,4.06,1.62,1.62,0.86,1.37,28,1,1.22,0,1,18,1.92
LINKUSDT,-1,-2.1,0,SL,1,5,442,0,4,0.22,3.33,0.8,2.23,2.33,1.2,237,0,4.25,-4.31,-1,10,3.77
LINKUSDT,1,-2.1,0,SL,6,3,336,0,2,0.43,13.06,1.4,1.2,1.09,0.66,433,0,1.16,-1.63,1,12,1.2
LINKUSDT,1,1.9,1,TP,22,12,579,0,11,0.3,19.61,1.22,1.91,0.86,0.64,667,0,2.35,-0.64,1,1,1.95
LINKUSDT,-1,1.9,1,TP,6,3,121,0,2,0.12,2.15,0.61,0.71,1.06,1.05,33,0,2.8,-1.17,-1,21,0.66
LINKUSDT,-1,-2.1,0,SL,27,3,378,0,2,0.03,0.51,0.65,1.06,0.92,0.46,9,0,2.85,-0.65,-1,13,1.11
LINKUSDT,-1,-2.1,0,SL,18,7,578,0,6,-0.26,2.06,0.7,0.71,0.54,0.61,36,0,1.65,-0.5,-1,15,0.54
LINKUSDT,-1,-2.1,0,SL,23,6,636,0,5,-0.06,0.59,0.47,0.8,0.5,0.38,38,0,1.21,-0.35,-1,5,0.49
LINKUSDT,-1,1.9,1,TP,86,7,138,0,6,-0.38,2.5,3.78,2.51,1.01,0.49,484,0,2.25,-1.91,-1,0,2.01
LINKUSDT,1,1.9,1,TP,10,1,315,0,0,-3.31,8.21,1.94,1.94,0.69,0.6,150,1,2.05,0,1,5,0.91
LINKUSDT,-1,-2.1,0,SL,36,1,131,0,0,-3.2,3.16,3.67,3.67,0.82,0.34,86,0,1.13,0,-1,19,2.9
LINKUSDT,-1,1.9,1,TP,52,16,365,0,15,-0.42,4.98,1.68,0.57,0.66,0.34,305,0,1.22,-0.07,-1,6,0.38
LINKUSDT,-1,1.9,1,TP,56,5,177,0,4,0.04,4.65,1.59,1.52,0.67,0.41,244,0,0.55,-2.03,-1,0,0.89
LINKUSDT,1,1.9,1,TP,9,1,240,0,0,-2.81,18.06,1.78,1.78,0.46,0.48,269,0,1.29,0,1,17,0.74
LINKUSDT,1,1.9,1,TP,3,1,513,0,0,-4.76,2.9,3.74,3.74,1.04,0.41,57,0,2.07,0,1,13,2.16
LINKUSDT,1,1.9,1,TP,56,14,716,0,13,0.16,5.7,1.78,0.68,0.97,0.4,247,0,2.86,-1.32,1,16,0.87
LINKUSDT,-1,-2.1,0,SL,50,12,736,0,11,0.18,4.28,1.56,0.85,0.72,0.28,43,0,2.13,-0.18,-1,10,0.82
LINKUSDT,-1,-2.1,0,SL,3,6,822,0,5,0.1,2.71,1.21,0.82,0.6,0.27,135,0,1.21,-1.21,-1,7,0.33
LINKUSDT,1,1.9,1,TP,17,1,108,0,0,-1.77,0.72,0.97,0.97,0.78,0.58,86,1,0.58,0,1,1,0.48
LINKUSDT,1,1.9,1,TP,4,1,284,0,0,-1.99,1.91,0.41,0.41,0.66,0.58,262,1,1.49,0,1,21,0.38
LINKUSDT,1,1.9,1,TP,4,1,531,0,0,-3.5,6.66,3.26,3.26,0.44,0.13,54,0,0.99,0,1,11,0.68
LINKUSDT,-1,-2.1,0,SL,17,5,202,0,4,0.66,0.98,1.57,0.95,0.96,0.39,89,0,2.47,-1.7,-1,16,1.03
LINKUSDT,-1,-2.1,0,SL,24,9,282,0,8,-0.12,3.13,0.25,0.33,1.01,0.43,103,0,3.17,-0.46,-1,1,0.46
LINKUSDT,1,1.9,1,TP,9,1,346,0,0,-1.62,8.76,1.31,1.31,0.69,0.49,270,0,2.03,0,1,0,0.72
LINKUSDT,1,-2.1,0,SL,1,7,448,0,6,0.05,5.65,2.51,1.28,1.37,0.48,366,0,1.04,-1.98,1,2,1.45
LINKUSDT,-1,-2.1,0,SL,31,15,188,0,14,0.68,3.58,1.58,0.77,0.41,0.27,13,0,0.68,-1.36,-1,12,0.53
LINKUSDT,-1,1.9,1,TP,92,1,236,0,0,-3.69,5.39,2.01,2.01,1.01,0.28,75,0,0.57,0,-1,0,1.2
LINKUSDT,-1,-2.1,0,SL,123,1,598,0,0,-2.45,4.98,0.76,0.76,0.72,0.22,165,0,0.42,0,-1,18,0.68
LINKUSDT,1,-2.1,0,SL,74,1,53,0,0,-2.24,3.55,0.48,0.48,0.48,0.37,8,0,1.25,0,1,19,0.46
LINKUSDT,1,1.9,1,TP,6,1,228,0,0,-1.86,2.32,0.99,0.99,0.47,0.29,70,0,0.98,0,1,15,0.27
LINKUSDT,1,1.9,1,TP,92,1,523,0,0,-2.24,5.59,0.89,0.89,0.57,0.48,19,0,0.33,0,1,17,0.55
LINKUSDT,1,1.9,1,TP,13,12,1061,0,11,-0.22,13.66,0.86,0.56,0.83,0.44,546,0,1.02,-0.22,1,7,0.54
LINKUSDT,-1,1.9,1,TP,38,13,159,0,12,-0.1,3.33,0.78,0.81,0.49,0.34,9,0,1.51,0.23,-1,19,0.69
LINKUSDT,-1,1.9,1,TP,26,10,327,0,9,-0.35,4.82,6.05,0.48,0.65,0.35,180,0,1.56,-1.17,-1,13,0.43
LINKUSDT,-1,-2.1,0,SL,42,17,7,0,16,-0.29,5.28,2.16,0.42,0.91,0.65,4,0,2.58,2.56,-1,4,0.5
LINKUSDT,1,1.9,1,TP,9,21,2,4,16,-0.53,1.29,1.63,1.8,0.95,0.61,84,0,2.83,3.04,1,0,1.43
LINKUSDT,-1,1.9,1,TP,43,17,392,0,16,-0.07,2.46,0.66,0.61,0.37,0.54,2,1,1.16,0.41,-1,22,0.29
LINKUSDT,-1,1.9,1,TP,3,1,581,0,0,-1.97,4.88,1.77,1.77,0.39,0.55,207,1,0.81,0,-1,21,0.68
LINKUSDT,-1,-0.402,0,TIMEOUT,182,8,842,0,7,0.46,1.77,0.58,0.85,0.29,0.67,36,0,0.71,-0.51,-1,0,0.35
LINKUSDT,1,-1.555,0,TIMEOUT,137,1,219,0,0,-3.66,5.01,6.27,6.27,0.5,0.36,204,0,0.89,0,1,3,1.3
LINKUSDT,1,-2.1,0,SL,55,1,414,0,0,-2.86,1.98,2.61,2.61,0.59,0.59,115,1,1.25,0,1,23,1.27
LINKUSDT,1,-2.1,0,SL,9,7,774,0,6,-0.56,14.88,2.01,1.56,0.63,0.54,469,1,1.79,-0.2,1,17,1.07
LINKUSDT,1,1.9,1,TP,1,8,981,0,7,-0.08,2.8,1.67,0.82,0.73,0.23,79,0,1.08,-0.77,1,21,0.7
LINKUSDT,1,-2.1,0,SL,6,9,183,0,8,0.15,9.34,1.26,1.78,1.04,0.34,356,0,2.04,-1.12,1,18,1.52
LINKUSDT,1,-2.1,0,SL,81,5,252,0,4,-0.76,4.66,2.26,3.86,0.48,0.35,54,0,1.33,-0.01,1,11,1.31
LINKUSDT,1,-0.665,0,TIMEOUT,165,3,165,0,2,0.21,8.14,0.68,1.25,0.66,0.51,199,0,1.72,-0.93,1,18,0.83
LINKUSDT,1,1.9,1,TP,2,1,121,0,0,-5.16,7.68,4.31,4.31,1.07,0.24,299,0,1.23,0,1,8,2.49
LINKUSDT,-1,1.9,1,TP,17,1,201,0,0,-4.34,4.42,5.87,5.87,0.65,0.59,202,1,1.11,0,-1,22,2.15
LINKUSDT,1,1.9,1,TP,3,4,201,0,3,0.02,0.46,1.37,1.36,0.71,0.27,104,0,1.78,-0.48,1,16,1.24
LINKUSDT,-1,-2.1,0,SL,10,16,265,0,15,-0.16,2.94,2.04,0.63,0.44,0.33,203,0,1.34,0.33,-1,11,0.3
LINKUSDT,-1,-2.1,0,SL,12,9,180,0,8,-0.17,3.4,1.02,1.04,0.69,0.16,74,0,1.54,0.12,-1,22,1.2
LINKUSDT,-1,1.9,1,TP,132,5,307,0,4,-0.14,3,0.94,0.5,0.43,0.28,24,0,1.05,-0.47,-1,6,0.23
LINKUSDT,-1,1.9,1,TP,11,8,537,0,7,0.15,1,3.42,1.05,0.7,0.39,91,0,1.69,-0.79,-1,15,0.76
LINKUSDT,-1,1.9,1,TP,29,3,798,0,2,-1.43,13.43,1.3,1.79,0.92,0.43,357,0,2.22,-0.78,-1,8,1.38
LINKUSDT,1,-2.1,0,SL,24,4,222,0,3,-0.3,11.95,1.21,0.59,0.67,0.56,365,0,1.85,-0.33,1,18,0.4
LINKUSDT,1,1.9,1,TP,35,1,393,0,0,-4.16,13.12,3.61,3.61,0.74,0.55,539,0,1.43,0,1,12,1.55
LINKUSDT,1,1.9,1,TP,15,8,578,0,7,0.18,18.33,3.12,1,0.52,0.55,717,0,1.4,-1.46,1,11,0.62
LINKUSDT,-1,1.9,1,TP,3,1,225,0,0,-2.03,2.5,2.37,2.37,0.44,0.27,33,0,0.9,0,-1,14,0.59
LINKUSDT,1,1.9,1,TP,8,5,180,0,4,0.28,1.01,0.37,1.29,0.46,0.38,163,0,1.37,-0.72,1,5,0.7
LINKUSDT,-1,-1.013,0,TIMEOUT,104,2,228,1,0,-3.89,0.61,5.14,5.14,0.25,0.39,121,0,0.68,0.46,-1,18,0.63
LINKUSDT,1,1.9,1,TP,5,12,197,0,11,-0.55,3.46,0.75,1.44,0.43,0.26,7,0,1.27,0.08,1,13,0.7
LINKUSDT,-1,-2.1,0,SL,62,8,552,0,7,0.39,9.87,1.62,0.93,0.42,0.43,326,0,1.3,-0.64,-1,4,0.47
LINKUSDT,-1,-1.852,0,TIMEOUT,81,9,168,0,8,-0.35,0.68,2.43,0.51,0.52,0.6,101,1,1.5,-0.4,-1,15,0.47
LINKUSDT,-1,-2.1,0,SL,9,14,224,0,13,0.45,6.04,3.69,0.76,0.39,0.31,238,0,1.1,-0.36,-1,16,0.61
LINKUSDT,1,-2.1,0,SL,30,8,111,0,7,0.01,-0.86,0.6,0.54,0.28,0.3,391,0,0.8,-0.3,1,5,0.3
LINKUSDT,-1,1.9,1,TP,7,15,471,0,14,0.5,1.3,1.44,1.26,0.37,0.42,10,0,1.12,-0.57,-1,12,0.66
LINKUSDT,1,1.9,1,TP,54,4,152,0,3,0.3,0.7,1.49,0.89,0.31,0.41,328,0,0.83,-0.35,1,16,0.46
LINKUSDT,1,-1.423,0,TIMEOUT,70,9,457,0,8,-0.48,4.15,1.85,0.6,0.44,0.27,31,0,1.19,-0.62,1,21,0.3
LINKUSDT,-1,1.9,1,TP,5,3,508,0,2,-0.36,0.79,0.98,1.09,0.21,0.22,30,0,0.1,-0.11,-1,2,0.12
LINKUSDT,-1,1.9,1,TP,4,1,239,0,0,-1.81,6.39,0.95,0.95,0.52,0.34,345,0,0.78,0,-1,2,0.44
LINKUSDT,1,-2.1,0,SL,27,8,269,0,7,-0.17,3.78,0.4,0.39,0.52,0.41,19,0,0.71,-0.43,1,21,0.39
LINKUSDT,1,1.9,1,TP,10,1,217,0,0,-4.77,0.67,2.38,2.38,0.44,0.48,76,0,1.35,0,1,6,0.81
LINKUSDT,-1,1.9,1,TP,2,1,95,0,0,-2.29,3.83,1,1,0.64,0.35,7,0,0.93,0,-1,13,0.7
LINKUSDT,-1,-2.1,0,SL,65,11,435,0,10,-0.09,1.41,13.75,0.65,0.48,0.34,0,0,1.2,-0.56,-1,2,0.31
LINKUSDT,1,1.9,1,TP,42,5,181,0,4,0.35,1.6,0.58,0.86,0.57,0.42,358,0,0.76,-1.11,1,20,0.81
LINKUSDT,1,-1.316,0,TIMEOUT,48,2,286,0,1,0.43,13.69,0.57,0.6,0.33,0.12,407,0,0.47,-0.2,-1,1,0.38
LINKUSDT,-1,1.9,1,TP,1,1,286,0,0,-1.12,2.73,0.71,0.71,0.65,0.59,10,0,0.47,0,-1,16,0.79
LINKUSDT,-1,-1.578,0,TIMEOUT,77,5,662,0,4,-0.9,14.86,2.24,1.25,0.31,0.83,371,0,0.85,-0.1,-1,14,0.42
LINKUSDT,-1,-2.1,0,SL,22,3,768,0,2,0.03,7.01,1.03,1.41,0.65,0.83,479,0,0.86,-1.04,-1,17,0.67
LINKUSDT,-1,-2.1,0,SL,29,8,212,0,7,-1.02,3.1,0.38,0.81,0.4,0.16,171,0,0.78,-0.11,-1,1,0.45
LINKUSDT,-1,1.9,1,TP,46,3,297,0,2,0.27,0.33,0.52,0.52,0.36,0.16,261,0,0.54,-0.4,-1,22,0.3
LINKUSDT,-1,-1.371,0,TIMEOUT,27,7,997,0,6,-0.46,1.24,1.92,0.64,0.28,0.57,51,0,0.9,-0.26,-1,5,0.26
LINKUSDT,-1,1.9,1,TP,9,7,1051,0,6,0.14,1.53,3.26,0.32,0.71,0.57,105,0,1.39,-1.62,-1,19,0.64
LINKUSDT,-1,-1.346,0,TIMEOUT,40,8,335,0,7,-0.15,3.57,0.97,0.2,0.35,0.22,12,0,0.92,-0.58,-1,4,0.22
LINKUSDT,-1,-2.1,0,SL,13,15,456,0,14,0.01,1.14,1.43,0.98,0.33,0.48,78,1,0.93,0.03,-1,11,0.36
LINKUSDT,-1,-2.1,0,SL,40,1,93,0,0,-1.77,3.2,0.48,0.48,0.75,0.19,26,0,1.04,0,-1,17,0.56
LINKUSDT,-1,-2.1,0,SL,129,3,193,0,2,-0.42,2.57,0.59,0.69,0.62,0.19,124,0,1.26,-0.49,-1,18,0.78
LINKUSDT,1,1.9,1,TP,46,12,148,0,11,-0.34,3.9,0.79,1.24,0.41,0.21,15,0,0.97,0,1,13,0.33
LINKUSDT,1,-1.878,0,TIMEOUT,39,13,382,0,12,0.18,1.77,6.78,1.08,0.44,0.25,5,0,1.28,-0.9,1,0,0.6
LINKUSDT,1,1.9,1,TP,21,2,444,1,0,-3.81,0.42,2.06,2.06,0.51,0.4,196,0,0.72,0.49,1,19,0.66
LINKUSDT,1,1.9,1,TP,45,1,670,0,0,-0.91,4.83,0.33,0.33,0.64,0.78,206,1,1.38,0,1,3,0.25
LINKUSDT,1,1.9,1,TP,48,17,905,0,16,0.43,5.5,1.4,2.3,0.87,0.36,204,0,2.32,0.97,1,14,1.34
LINKUSDT,-1,-2.1,0,SL,69,17,314,0,16,0.44,-1.02,0.63,0.91,0.47,0.21,222,0,1.49,-0.49,-1,22,0.57
LINKUSDT,-1,-1.897,0,TIMEOUT,36,11,501,0,10,0.02,3.5,1.44,0.42,0.28,0.24,12,0,0.88,-0.25,-1,21,0.23
LINKUSDT,-1,1.9,1,TP,18,3,281,0,2,-0.2,10.26,0.91,1.05,0.48,0.26,386,0,1.36,-0.68,-1,11,0.73
LINKUSDT,1,1.9,1,TP,1,1,446,0,0,-4.31,4.43,3.06,3.06,1.36,0.81,38,0,3.48,0,1,0,2.68
LINKUSDT,1,-2.1,0,SL,2,8,691,0,7,0.09,0.88,2.53,0.98,1.19,2.11,57,1,2.33,-0.54,1,14,1.05
LINKUSDT,1,-2.1,0,SL,7,2,940,0,1,0.24,2.51,0.97,0.68,0.82,2.09,312,1,1.76,-0.5,1,4,0.75
LINKUSDT,1,-2.1,0,SL,21,15,1211,0,14,-0.83,4.46,2.91,0.89,1.13,0.22,240,0,2.04,0.16,1,0,1.64
LINKUSDT,1,1.9,1,TP,24,10,1374,0,9,-0.34,1.99,1.41,1.11,0.87,0.23,408,0,0.23,-0.06,1,16,1.09
LINKUSDT,-1,1.9,1,TP,14,4,255,3,0,-1.58,0.35,1.52,1.52,1.23,1.64,200,1,1.9,1.07,-1,15,2.86
LINKUSDT,1,-2.1,0,SL,13,8,625,0,7,0.07,2.01,2.03,0.67,0.87,0.34,6,0,0.55,-0.97,1,2,0.86
LINKUSDT,1,-2.1,0,SL,12,15,146,0,14,-0.57,2.26,2.24,0.41,0.61,0.34,92,0,1.26,0.75,1,16,0.52
LINKUSDT,1,1.9,1,TP,11,16,232,0,15,0.49,2.65,2.86,1.45,0.78,0.34,177,0,2.06,0.25,1,14,1.66
LINKUSDT,1,-2.1,0,SL,66,1,420,0,0,-4.13,5.91,5.82,5.82,0.56,0.24,11,0,1.55,0,1,13,1.62
LINKUSDT,1,-2.1,0,SL,10,7,668,2,4,-1.59,0.91,0.84,1.36,0.58,0.43,178,0,1.43,1.18,1,3,1.05
LINKUSDT,-1,-1.641,0,TIMEOUT,52,3,215,0,2,-0.5,0.12,0.67,0.81,0.65,0.83,4,0,1.83,-0.7,-1,0,0.56
LINKUSDT,-1,-2.1,0,SL,4,7,168,0,6,0,1.57,0.62,0.42,0.75,0.49,11,0,2.28,-0.79,-1,6,0.4
LINKUSDT,1,-2.1,0,SL,2,9,148,0,8,0.41,2.27,1.37,2.08,0.96,0.51,41,0,2.15,-2.26,1,12,2.16
LINKUSDT,1,1.9,1,TP,10,1,257,0,0,-2.98,6.72,3.62,3.62,0.56,0.44,44,0,1.53,0,1,1,0.99
LINKUSDT,1,1.9,1,TP,2,1,475,0,0,-1.57,16.19,1.34,1.34,0.85,0.21,597,0,2.35,0,1,14,0.91
LINKUSDT,1,1.9,1,TP,12,7,765,0,6,-1.02,3.85,0.91,1.5,0.68,0.25,56,0,1.81,-0.12,1,14,0.95
LINKUSDT,1,1.9,1,TP,23,9,1093,0,8,0.03,-0.44,1.19,0.72,0.6,0.41,244,0,0.48,-0.61,1,0,0.4
LINKUSDT,1,-2.1,0,SL,116,5,326,0,4,0.31,0.18,1.36,2.04,0.58,0.61,82,0,0.73,-1.23,1,11,0.75
LINKUSDT,-1,1.9,1,TP,32,7,190,0,6,-0.34,12.68,1.16,1.16,0.59,0.97,367,1,1.43,-0.59,-1,15,0.89
LINKUSDT,1,1.9,1,TP,151,14,50,0,13,-0.89,5.58,1.17,0.85,0.59,0.31,8,0,1.72,0.66,1,19,0.66
LINKUSDT,1,1.9,1,TP,2,8,459,0,7,0.2,5.2,1.19,3.47,0.56,0.54,230,0,1.48,-0.13,1,1,1.39
LINKUSDT,1,-2.1,0,SL,35,3,771,0,2,0.13,1.86,0.67,0.58,1.11,0.51,11,0,0.48,-1.4,1,7,1.11
LINKUSDT,-1,-2.1,0,SL,21,8,300,0,7,0.01,2.76,0.25,0.43,0.64,0.53,355,0,0.97,-0.1,-1,22,0.35
LINKUSDT,-1,-2.1,0,SL,2,4,141,3,0,-3.91,1.53,4.81,4.81,1.56,0.56,407,0,0.7,3.32,-1,3,6.15
LINKUSDT,-1,1.9,1,TP,17,12,497,0,11,0.06,3.49,0.76,0.47,1.09,0.8,17,0,1.54,-0.45,-1,20,0.82
LINKUSDT,-1,1.9,1,TP,37,1,347,0,0,-5.12,3.95,22.72,22.72,0.72,0.85,0,1,0.84,0,-1,5,4.05
LINKUSDT,-1,1.9,1,TP,10,8,707,0,7,0.3,2.95,0.8,0.53,0.47,1.29,270,0,1.45,-0.95,-1,23,0.33
LINKUSDT,-1,1.9,1,TP,15,1,282,0,0,-4.58,12.89,2.52,2.52,0.54,0.22,361,0,0.76,0,-1,13,1.14
LINKUSDT,-1,1.9,1,TP,8,18,606,2,15,0.29,-2.04,1.07,0.52,1.08,0.68,83,0,2.25,-0.85,-1,22,0.79
LINKUSDT,-1,1.9,1,TP,11,6,913,0,5,0.47,-1.04,2.21,1.37,1.28,0.37,212,0,1.48,-3.48,-1,3,1.63
LINKUSDT,-1,1.9,1,TP,9,1,250,0,0,-3.77,3.82,2.8,2.8,0.62,0.62,256,0,1.14,0,-1,15,0.88
LINKUSDT,-1,-2.1,0,SL,6,11,504,0,10,0.41,2.51,1.01,0.67,0.65,0.22,29,0,1.44,0.01,-1,6,1.06
LINKUSDT,1,1.9,1,TP,3,7,299,0,6,-0.51,1.09,1.67,1.22,0.56,0.36,255,0,0.91,-0.03,1,14,0.81
LINKUSDT,1,-2.1,0,SL,33,13,493,0,12,0.02,2.72,2.19,1.16,0.91,0.57,17,0,2.37,-0.17,1,15,1.42
LINKUSDT,-1,1.9,1,TP,54,3,217,0,2,-0.46,5.09,0.66,0.89,0.36,0.33,306,0,0.23,-0.19,-1,11,0.31
LINKUSDT,-1,1.9,1,TP,49,17,588,0,16,0.05,3.12,0.9,0.63,0.33,0.3,129,0,1.01,0.79,-1,7,0.35
LINKUSDT,-1,-2.1,0,SL,1,1,725,0,0,-8.35,7.36,25.71,25.71,1.49,2.05,0,1,1.62,0,-1,18,11.53
LINKUSDT,-1,1.9,1,TP,66,10,978,0,9,-0.33,4.89,2.58,0.65,0.42,0.36,28,0,1.08,-0.42,-1,9,0.32
LINKUSDT,-1,-1.912,0,TIMEOUT,28,14,148,0,13,-0.47,30.65,0.6,0.88,0.32,0.67,319,0,0.95,0.39,-1,5,0.5
LINKUSDT,-1,1.9,1,TP,9,8,254,0,7,0.05,3.21,1.2,1.2,0.56,0.16,31,0,0.55,-0.26,-1,7,0.49
LINKUSDT,1,1.9,1,TP,8,8,233,0,7,-0.52,10.76,1.06,0.61,0.66,0.62,305,0,0.73,-0.23,1,15,0.58
LINKUSDT,1,-2.1,0,SL,86,6,318,0,5,0.11,12.27,0.67,0.53,0.7,0.75,234,1,2.08,-1.22,1,18,0.52
LINKUSDT,1,-2.1,0,SL,56,1,221,0,0,-3.13,5.32,2.63,2.63,0.52,0.22,10,0,0.45,0,1,2,0.71
LINKUSDT,-1,1.9,1,TP,2,3,258,0,2,1.4,8.47,1.13,2.02,0.75,0.84,272,0,1.9,-1.57,1,13,1.91
LINKUSDT,1,1.9,1,TP,93,4,148,0,3,-0.71,13.24,0.85,0.99,0.42,0.45,179,0,1.35,0.28,1,10,0.47
LINKUSDT,-1,-2.1,0,SL,9,6,152,0,5,-0.14,-0.29,3.29,0.71,0.51,0.62,153,0,0.89,-0.7,-1,11,0.61
LINKUSDT,1,-2.1,0,SL,5,4,174,0,3,0.03,4.44,0.83,0.9,0.64,0.6,367,0,1.42,-0.62,1,16,0.91
LINKUSDT,-1,1.9,1,TP,48,8,296,0,7,-0.44,4.34,0.93,0.62,0.53,0.4,24,0,0.42,-1.08,-1,2,0.53
LINKUSDT,1,-2.1,0,SL,22,3,108,0,2,0.21,5.3,0.92,2.47,0.39,0.36,183,0,0.84,-0.25,1,8,0.84
LINKUSDT,1,-2.1,0,SL,9,8,597,0,7,-0.31,7.6,1.34,2.54,0.88,0.48,266,0,2.32,-0.39,1,10,1.72
LINKUSDT,-1,1.9,1,TP,81,1,210,0,0,-3.35,7.84,2.02,2.02,0.61,0.95,182,1,1.43,0,-1,18,0.63
LINKUSDT,-1,1.9,1,TP,31,5,436,0,4,0.19,-1.27,6.28,1.76,0.38,0.26,208,0,0.98,-0.9,-1,3,0.55
LINKUSDT,-1,1.9,1,TP,42,1,673,0,0,-3.3,8.69,2.37,2.37,0.6,0.27,449,0,1.43,0,-1,14,0.76
LINKUSDT,-1,1.9,1,TP,12,3,857,0,2,-0.43,2.13,0.73,2.58,0.42,0.57,35,1,1.23,-0.11,-1,12,0.81
LINKUSDT,1,-2.1,0,SL,26,3,301,0,2,-0.26,2.92,2.7,1.12,0.59,0.14,46,0,1.53,-0.86,1,19,0.55
LINKUSDT,1,1.9,1,TP,55,6,456,0,5,0.13,4.02,1.23,0.83,0.38,0.14,198,0,1.19,-0.48,1,9,0.25
LINKUSDT,-1,-2.1,0,SL,28,8,246,0,7,-0.21,5.74,5.12,0.31,0.38,0.31,60,0,1.15,-0.77,-1,11,0.23
LINKUSDT,1,1.9,1,TP,6,2,191,0,1,0.44,12.96,1.89,0.82,0.5,0.3,253,0,1.4,-0.52,1,12,0.61
LINKUSDT,1,-2.1,0,SL,42,7,416,0,6,0.74,-0.84,0.44,1.37,0.47,0.4,65,0,1.43,-0.74,1,21,0.67
LINKUSDT,1,1.9,1,TP,11,7,337,0,6,-0.76,13.64,0.87,0.41,0.44,0.23,679,0,0.4,-0.12,1,5,0.39
LINKUSDT,1,1.9,1,TP,14,1,553,0,0,-3.52,26.98,2.19,2.19,0.35,0.22,901,0,1,0,1,11,0.64
LINKUSDT,1,1.9,1,TP,11,8,734,0,7,-0.19,1.54,1.63,1.72,0.64,0.28,130,0,1.75,-0.22,1,8,1.17
LINKUSDT,-1,-2.1,0,SL,4,10,171,0,9,-0.58,4.08,2.14,1.11,0.52,0.47,153,0,1.52,0.18,-1,6,0.47
LINKUSDT,1,1.9,1,TP,9,17,586,0,16,0.11,4.24,1.01,1.16,0.99,0.28,150,0,2.93,-0.39,1,21,1.37
LINKUSDT,-1,1.9,1,TP,15,10,64,0,9,-0.01,6.34,1.18,0.3,1.14,1.22,188,0,3.13,-1.87,-1,23,0.56
LINKUSDT,1,-2.1,0,SL,3,7,515,0,6,-0.98,2.16,1.61,2.41,1.06,2.21,188,1,1.78,-1.14,1,14,2.09
LINKUSDT,1,-2.1,0,SL,1,11,845,0,10,0.23,10.08,1.11,1.18,1.25,0.79,207,0,3.65,-0.93,1,1,1.37
LINKUSDT,1,1.9,1,TP,5,13,1070,0,12,-0.01,14.85,1.66,0.63,0.94,0.77,430,0,1.65,-1.06,1,9,0.51
LINKUSDT,1,1.9,1,TP,46,4,1287,0,3,-0.24,19.47,2.15,1.7,0.75,0.77,656,0,2,-0.83,1,15,1.12
LINKUSDT,1,1.9,1,TP,3,1,1975,0,0,-2.46,18.84,1.2,1.2,0.96,1.7,409,0,2.06,0,1,19,0.78
LINKUSDT,1,1.9,1,TP,3,4,2128,0,3,-0.11,18.08,1.88,2.85,1.12,1.66,559,0,1.89,-1.59,1,9,2.28
LINKUSDT,1,-2.1,0,SL,8,6,422,0,5,-0.05,24.52,3.24,1.76,1.31,1.41,1333,0,3.15,-1.5,1,11,1.76
LINKUSDT,-1,1.9,1,TP,4,13,327,0,12,-0.75,2.21,0.56,0.41,1.36,0.59,42,0,2.73,0.87,-1,18,1.08
LINKUSDT,-1,1.9,1,TP,12,7,327,0,6,-0.42,0.67,0.39,0.58,0.55,0.5,161,0,1.66,-0.06,-1,19,0.37
LINKUSDT,1,1.9,1,TP,35,6,422,0,5,0.19,16.15,0.51,1.11,0.82,0.54,525,0,2.15,-0.8,1,6,1.36
LINKUSDT,-1,-2.1,0,SL,3,9,510,0,8,-0.03,1.93,1.09,0.69,0.47,0.31,53,0,1.41,-0.07,-1,23,0.35
LINKUSDT,1,1.9,1,TP,6,1,466,0,0,-4.49,12.05,3.7,3.7,1.64,0.99,389,0,0.95,0,1,14,3.83
LINKUSDT,1,1.9,1,TP,4,3,566,0,2,0.01,1.44,0.55,0.77,1.76,2.83,34,0,4.61,-1.19,1,15,1.37
LINKUSDT,1,1.9,1,TP,8,9,655,0,8,-0.27,1.21,1.2,0.54,1.4,2.86,117,0,4.21,-1.17,1,14,1.07
LINKUSDT,1,1.9,1,TP,47,7,156,0,6,-0.4,2.19,1.6,0.9,0.59,2.87,568,0,1.12,-0.61,1,6,0.53
LINKUSDT,-1,1.9,1,TP,6,1,162,0,0,-1.48,4.05,0.44,0.44,0.81,1.04,81,0,2.48,0,-1,20,0.75
LINKUSDT,-1,-2.1,0,SL,2,11,246,0,10,0.08,1.44,0.77,0.85,1.32,1.99,132,0,3.31,-1.14,-1,10,1.86
LINKUSDT,-1,1.9,1,TP,31,12,588,0,11,0.11,11.45,1.9,0.53,0.97,2.17,473,0,2.96,-1.28,-1,23,0.89
LINKUSDT,-1,-2.1,0,SL,2,6,780,0,5,-0.1,0.84,1.47,0.69,1.28,0.53,75,0,1.75,-1.55,-1,23,1.6
LINKUSDT,-1,-2.1,0,SL,49,6,93,0,5,-0.52,2.23,2.42,1.76,0.85,0.48,63,0,2.34,-0.59,-1,15,1.52
LINKUSDT,1,-2.1,0,SL,10,13,273,0,12,0.5,4.07,0.47,2.5,0.85,0.66,30,0,1.8,-0.53,1,15,1.55
LINKUSDT,-1,1.9,1,TP,37,12,177,0,11,0.03,11.21,0.69,0.86,0.48,0.73,615,0,1.26,-0.06,-1,17,0.35
LINKUSDT,-1,-2.1,0,SL,6,2,477,0,1,0.29,3.68,1.85,0.94,1.44,1.29,185,0,2.86,-1.35,-1,20,1.83
LINKUSDT,-1,-2.1,0,SL,28,4,516,0,3,-0.27,-0.57,0.9,0.67,0.95,1.31,225,0,2.4,-1.61,-1,18,0.53
LINKUSDT,1,-2.1,0,SL,92,8,291,0,7,-0.01,4.46,0.58,0.84,0.59,0.47,240,0,1.44,-1.04,1,5,0.43
LINKUSDT,1,1.9,1,TP,10,3,102,0,2,0.32,0.89,0.5,0.75,1.06,0.8,8,0,0.53,-1.91,1,17,1.14
LINKUSDT,-1,1.9,1,TP,20,12,9,0,11,-0.1,2.27,1.33,0.64,1.13,0.84,32,0,3.45,-2.43,-1,1,0.79
LINKUSDT,-1,-2.1,0,SL,8,7,150,0,6,-0.6,3.59,1.61,1.14,1.05,0.45,6,0,1.92,-1.7,-1,13,1.48
LINKUSDT,-1,1.9,1,TP,7,15,565,0,14,-0.3,3.49,1.34,0.77,1.17,0.73,179,0,3.45,-1.48,-1,20,0.84
LINKUSDT,1,1.9,1,TP,12,6,143,0,5,0.13,11.1,1.25,0.96,0.64,1.01,172,0,2.01,-1.08,1,7,0.48
LINKUSDT,1,1.9,1,TP,5,5,456,0,4,0.75,0.93,0.96,2.66,0.8,0.26,28,0,1.43,-1.53,1,13,1.67
LINKUSDT,1,1.9,1,TP,12,1,295,0,0,-1.65,6.6,0.71,0.71,0.6,0.31,299,0,0.76,0,1,10,0.45
LINKUSDT,1,1.9,1,TP,31,9,513,0,8,-0.58,2.91,1.69,1.34,0.86,0.42,7,0,2.41,-0.6,1,17,1.18
LINKUSDT,1,-2.1,0,SL,21,10,867,0,9,0.04,5.39,0.94,1.47,0.52,0.42,360,0,0.68,-0.46,1,9,0.49
LINKUSDT,-1,-2.1,0,SL,14,6,388,0,5,-1.59,4.02,1.16,3.16,0.6,0.54,41,0,1.3,0.74,-1,18,1.47
LINKUSDT,1,1.9,1,TP,7,4,389,0,3,0.36,1.3,0.78,0.91,0.8,0.62,40,0,2.4,-0.74,1,5,0.8
LINKUSDT,1,1.9,1,TP,8,1,531,0,0,-1.38,1.12,0.68,0.68,0.85,0.62,185,0,1.82,0,1,16,0.7
LINKUSDT,-1,-2.1,0,SL,9,9,330,0,8,-0.3,8.58,1.02,0.54,0.97,0.68,676,0,0.9,-0.8,-1,21,0.99
LINKUSDT,-1,-2.1,0,SL,46,9,498,0,8,-0.5,1.14,2.18,1.25,0.68,0.62,77,0,1.3,-0.26,-1,15,0.48
LINKUSDT,1,-2.1,0,SL,111,11,1,0,10,-0.76,10.93,0.77,0.66,0.45,0.33,139,0,1.45,-0.31,1,11,0.43
LINKUSDT,1,-2.1,0,SL,33,8,165,0,7,-0.59,0.44,2.24,0.85,0.67,0.46,150,0,1.34,-1.03,1,4,0.61
LINKUSDT,-1,-2.1,0,SL,20,7,246,0,6,-0.09,29.87,1.95,1,0.51,0.53,466,0,1.5,-1.03,-1,11,0.31
LINKUSDT,1,-2.1,0,SL,28,3,164,0,2,0.62,12.55,0.45,2.36,0.37,0.3,239,0,1.07,-0.59,1,22,0.65
LINKUSDT,1,1.9,1,TP,30,5,226,0,4,-0.09,8.61,0.91,1.65,0.53,0.3,299,0,0.97,-0.77,1,13,1.05
LINKUSDT,-1,1.9,1,TP,9,16,316,0,15,0.17,15.3,0.82,0.46,0.71,0.33,360,0,2.07,0.72,-1,20,0.66
LINKUSDT,1,-2.1,0,SL,19,3,231,0,2,1.04,1.56,1.19,2,0.52,0.64,170,0,1.51,-0.82,-1,9,0.93
LINKUSDT,1,1.9,1,TP,122,1,450,0,0,-3.39,3.13,4.23,4.23,0.3,0.96,124,1,0.8,0,1,15,0.87
LINKUSDT,1,-2.1,0,SL,29,6,665,0,5,-0.03,1.75,0.95,0.47,0.56,0.22,93,0,0.71,-0.92,1,21,0.45
LINKUSDT,1,1.9,1,TP,9,9,170,0,8,0.74,4.5,1.31,2.03,0.5,0.17,583,0,1.12,-0.98,1,14,1.07
LINKUSDT,1,1.9,1,TP,17,4,629,0,3,-0.26,20.85,0.92,0.99,0.42,0.32,397,0,1.19,-0.46,1,9,0.38
LINKUSDT,1,1.9,1,TP,8,5,873,0,4,-0.56,4.19,0.5,0.56,0.77,0.4,36,0,1.48,-0.14,1,22,0.69
LINKUSDT,1,1.9,1,TP,25,3,1251,0,2,-0.04,1.87,0.86,0.94,0.73,1.04,102,0,1.87,-1,1,21,1.21
LINKUSDT,-1,1.9,1,TP,3,13,260,2,10,1.05,-1.86,1.55,1.77,0.67,0.49,109,0,1.77,-1.18,1,16,1.36
LINKUSDT,1,1.9,1,TP,3,1,490,0,0,-2.79,11.45,2.35,2.35,1.21,0.75,384,0,2.06,0,1,13,1.75
LINKUSDT,1,1.9,1,TP,6,8,316,0,7,0.11,4.61,0.88,0.95,0.95,0.49,25,0,1.09,-1.3,1,11,0.85
LINKUSDT,1,1.9,1,TP,3,1,522,0,0,-2.24,5.69,0.91,0.91,1.61,0.46,238,0,1.64,0,1,14,1.52
LINKUSDT,1,-2.1,0,SL,2,2,733,0,1,-0.4,-1.71,0.8,9.68,0.97,0.51,448,0,0.74,-1.28,1,19,4.87
LINKUSDT,-1,1.9,1,TP,7,4,362,3,0,-1.68,0.13,0.88,0.88,0.7,0.6,131,1,0.15,0.27,-1,4,0.64
LINKUSDT,-1,1.9,1,TP,12,8,638,0,7,-0.65,-0.79,2.58,0.78,0.58,0.34,185,0,1.06,-0.62,-1,1,0.77
LINKUSDT,-1,1.9,1,TP,6,14,708,0,13,-0.81,3.46,1.99,0.51,0.58,0.35,249,0,1.82,0.34,-1,19,0.52
LINKUSDT,-1,1.9,1,TP,100,8,102,0,7,0.34,1.08,0.35,0.45,0.61,0.26,40,0,1.71,-1.08,1,18,0.39
LINKUSDT,1,1.9,1,TP,83,12,202,0,11,-0.19,2.47,7.86,0.5,0.56,0.74,122,0,1.59,0,1,15,0.58
LINKUSDT,-1,1.9,1,TP,9,4,492,0,3,-0.55,1.83,1.87,3.43,0.55,1.71,76,1,1.41,-0.56,-1,2,1.34
LINKUSDT,-1,-1.248,0,TIMEOUT,45,4,788,0,3,-0.08,13.3,0.4,0.88,0.33,1.77,372,1,0.96,-0.13,-1,4,0.38
LINKUSDT,1,-2.1,0,SL,37,13,102,0,12,-0.06,4.7,2.03,1,0.43,0.22,90,0,1.35,-0.64,1,23,0.24
LINKUSDT,1,1.9,1,TP,41,1,236,0,0,-4.41,7.21,2.28,2.28,0.64,0.3,62,0,1.15,0,1,9,0.6
LINKUSDT,1,1.9,1,TP,11,1,120,0,0,-2.73,4.1,2,2,0.58,0.26,143,0,0.34,0,1,14,0.91
LINKUSDT,-1,1.9,1,TP,10,16,165,0,15,-0.11,0.64,4.79,1.32,0.55,0.51,116,0,1.64,-0.67,-1,12,0.72
LINKUSDT,-1,1.9,1,TP,8,1,278,0,0,-2.92,1.98,1.06,1.06,1.02,0.52,244,0,0.91,0,-1,16,1.05
LINKUSDT,1,-2.1,0,SL,14,5,193,0,4,0.45,6.47,0.79,2,1.26,0.2,271,0,1.02,-2.39,1,16,2.87
LINKUSDT,1,1.9,1,TP,10,1,83,0,0,-1.25,1.48,0.79,0.79,0.4,0.18,6,0,1,0,1,10,0.3
LINKUSDT,-1,1.9,1,TP,8,1,143,0,0,-2.64,4.82,3.36,3.36,0.89,1.14,71,1,1.69,0,-1,12,2.19
LINKUSDT,-1,1.9,1,TP,4,1,490,0,0,-3.36,3.65,2.3,2.3,0.85,0.65,233,1,0.74,0,-1,3,1.98
LINKUSDT,-1,-2.1,0,SL,28,8,837,0,7,0.06,3.59,1.33,0.72,1.05,0.64,68,0,2.59,-1.3,-1,17,1.04
LINKUSDT,1,1.9,1,TP,9,13,183,0,12,-0.11,4.23,2.32,0.67,0.73,0.64,28,1,1.77,-0.34,1,17,0.69
LINKUSDT,-1,-2.1,0,SL,45,1,64,0,0,-3.37,5.17,1.34,1.34,1.11,0.51,106,0,0.87,0,-1,16,1.2
LINKUSDT,-1,1.9,1,TP,4,1,162,0,0,-2.57,6.39,1.06,1.06,1.05,0.51,204,0,1.83,0,-1,16,1.15
LINKUSDT,-1,1.9,1,TP,2,9,455,0,8,0.06,0.65,2.18,2.38,0.96,1.47,164,0,2.49,-0.35,-1,18,2.16
LINKUSDT,-1,1.9,1,TP,34,8,700,0,7,-0.65,1.27,3.02,0.82,0.67,0.48,70,0,2.04,-1.51,-1,7,0.52
LINKUSDT,-1,-2.1,0,SL,19,1,833,0,0,-3.73,2.71,1.82,1.82,1.2,0.39,70,0,1.24,0,-1,16,1.74
LINKUSDT,-1,1.9,1,TP,2,1,89,0,0,-6,5.34,6.25,6.25,0.81,0.48,64,1,0.88,0,-1,0,1.69
LINKUSDT,-1,-2.1,0,SL,6,6,187,0,5,0.07,1.47,3.04,1.58,0.95,0.26,7,0,1.68,-2.29,-1,15,2.29
LINKUSDT,-1,-2.1,0,SL,2,5,224,0,4,0.02,0.71,1.08,0.77,0.8,0.26,45,0,1.6,-0.81,-1,1,1
LINKUSDT,1,-2.1,0,SL,6,4,111,0,3,-0.11,3.84,2.21,1.4,1.26,0.37,116,0,1.5,-2.82,1,20,2.31
LINKUSDT,-1,-2.1,0,SL,48,16,161,0,15,-0.42,4.6,1.7,0.57,0.81,0.44,63,0,1.46,-1.83,-1,20,0.69
LINKUSDT,-1,1.9,1,TP,43,2,297,0,1,-0.87,10.4,0.67,1.09,0.3,0.44,213,0,0.9,0.04,-1,6,0.42
LINKUSDT,-1,-2.1,0,SL,22,9,743,0,8,0,4.32,1.43,0.41,1.04,0.43,11,0,2.06,-2.37,-1,21,0.91
LINKUSDT,-1,1.9,1,TP,42,4,957,0,3,-0.12,1.8,3.11,2.55,0.35,0.42,230,0,0.2,-0.82,-1,3,0.63
LINKUSDT,1,1.9,1,TP,22,2,78,0,1,0.33,-0.39,0.53,0.53,0.54,0.34,88,0,0.6,-0.52,1,6,0.52
LINKUSDT,-1,-2.1,0,SL,4,8,189,0,7,-0.16,2.9,4.7,0.66,0.49,0.11,74,0,1.03,-1.12,-1,1,0.39
LINKUSDT,-1,-1.281,0,TIMEOUT,98,17,263,0,16,-0.33,2.62,1,0.34,0.44,0.11,139,0,0.9,-0.2,-1,19,0.43
LINKUSDT,-1,-2.1,0,SL,91,5,417,0,4,-0.23,-0.44,1.44,1.15,0.54,0.2,59,0,0.86,-0.19,-1,14,0.78
LINKUSDT,-1,1.9,1,TP,1,1,210,0,0,-5.81,7.6,8.02,8.02,0.52,0.09,3,0,0.77,0,-1,23,1.62
LINKUSDT,-1,1.9,1,TP,87,5,566,0,4,-0.19,22.68,1.34,0.7,0.55,0.1,355,0,1.18,-0.52,-1,16,0.59
LINKUSDT,1,-2.1,0,SL,24,11,195,0,10,-0.05,0.2,0.55,0.32,0.72,0.36,79,0,0.91,-0.38,1,21,0.33
LINKUSDT,-1,-2.1,0,SL,77,5,231,0,4,0.67,6.29,0.45,1.04,0.87,0.38,365,0,1.77,-1.71,-1,19,1.31
LINKUSDT,1,1.9,1,TP,46,22,13,5,16,-0.32,-1.63,1.54,0.5,0.54,0.36,454,0,1.68,0.1,1,20,0.48
LINKUSDT,-1,1.9,1,TP,51,5,102,0,4,-0.25,3.08,0.48,1.39,0.7,0.27,29,0,2.08,-0.58,-1,20,0.74
LINKUSDT,1,-2.1,0,SL,49,9,156,0,8,-0.09,0.1,2.59,0.81,1.09,0.51,91,0,1.72,-1.99,1,17,1.75
LINKUSDT,1,1.9,1,TP,9,15,327,0,14,0.58,3.89,5.42,0.85,0.69,0.45,41,0,1.76,-1.41,1,12,0.82
LINKUSDT,1,1.9,1,TP,44,9,213,0,8,0.55,1.1,0.64,1.53,0.45,0.9,227,1,1.24,-0.73,1,13,0.7
LINKUSDT,1,1.9,1,TP,89,3,447,2,0,-3.32,0.49,1.49,1.49,0.27,0.24,103,0,0.31,0.34,1,23,0.26
LINKUSDT,1,1.9,1,TP,19,3,162,0,2,-0.03,-0.43,1.53,0.65,0.42,0.31,150,0,1.16,-0.51,1,1,0.41
LINKUSDT,-1,-2.1,0,SL,67,1,292,0,0,-4.47,6.45,11.72,11.72,0.27,0.19,44,0,0.5,0,-1,6,1.27
LINKUSDT,1,1.9,1,TP,16,3,163,0,2,0.06,2.92,2.6,2.27,0.48,0.27,164,0,0.99,-0.97,1,15,0.69
LINKUSDT,-1,-0.959,0,TIMEOUT,43,13,259,0,12,0.09,3.45,0.65,0.54,0.19,0.06,8,0,0.4,-0.16,-1,20,0.14
LINKUSDT,-1,-2.1,0,SL,26,13,194,0,12,-3.11,2.48,3.2,8.25,0.6,0.5,42,0,1.05,1.92,-1,18,2.81
LINKUSDT,-1,-0.605,0,TIMEOUT,72,9,413,0,8,-0.36,0.19,0.91,0.73,0.23,0.49,211,0,0.75,-0.18,-1,0,0.21
LINKUSDT,-1,-1.355,0,TIMEOUT,22,17,533,0,16,-0.37,4.4,0.6,1.86,0.19,0.21,21,0,0.51,0.06,-1,6,0.29
LINKUSDT,1,1.9,1,TP,4,1,434,0,0,-1.75,4.93,1.28,1.28,0.5,0.22,59,0,1.06,0,1,16,0.32
LINKUSDT,1,1.9,1,TP,20,8,604,0,7,0.24,15.51,1.6,1.43,0.38,0.21,222,0,1.02,-0.68,1,11,0.74
LINKUSDT,-1,1.9,1,TP,50,11,232,0,10,0.02,3.21,27.42,1.3,0.62,0.44,153,0,1.36,-1.09,-1,2,0.72
LINKUSDT,-1,-0.751,0,TIMEOUT,68,9,386,0,8,0.13,-0.62,0.92,0.91,0.47,0.25,130,0,1.38,-0.38,-1,16,0.36
LINKUSDT,-1,-2.1,0,SL,17,5,564,0,4,-0.04,2.05,0.69,0.6,0.4,0.22,10,0,0.44,-0.43,-1,13,0.36
LINKUSDT,1,1.9,1,TP,59,13,4,0,12,-0.31,1.88,0.73,0.45,0.4,0.21,38,0,1.26,0.11,1,22,0.39
LINKUSDT,1,-1.296,0,TIMEOUT,54,5,138,0,4,0.13,3.42,0.76,0.83,0.33,0.27,153,0,0.97,-0.55,1,11,0.47
LINKUSDT,1,-2.1,0,SL,27,5,235,0,4,-0.2,2.89,1.52,1.67,0.48,0.27,250,0,0.74,-0.4,1,12,0.76
LINKUSDT,-1,-2.1,0,SL,2,7,165,0,6,-0.54,8.57,0.78,3.15,0.54,0.34,159,0,1.19,-0.05,-1,14,1.35
LINKUSDT,1,1.9,1,TP,49,1,171,0,0,-4.36,4.98,3.49,3.49,0.5,0.29,2,0,0.48,0,1,21,1.13
LINKUSDT,-1,-2.1,0,SL,4,9,361,0,8,-0.06,0.52,0.73,1,0.44,0.27,198,0,1.16,-0.17,-1,0,0.52
LINKUSDT,-1,1.9,1,TP,21,12,460,0,11,0.31,-0.84,2.65,4.88,0.42,0.27,294,0,0.85,-0.6,-1,1,0.52
LINKUSDT,-1,1.9,1,TP,40,10,712,0,9,-0.41,4.14,17.48,0.61,1.04,0.33,185,0,2.06,-3.1,-1,16,1.13
LINKUSDT,-1,-2.1,0,SL,168,6,932,0,5,-1.35,5.41,1,0.6,0.36,0.26,19,0,0.6,0.11,-1,23,0.49
LINKUSDT,-1,1.9,1,TP,27,14,1152,4,9,-0.44,-0.42,1.06,0.86,0.33,0.25,63,0,0.79,0.05,-1,6,0.26
LINKUSDT,1,-2.1,0,SL,39,17,390,7,9,-0.32,1.07,0.97,0.91,0.43,0.2,90,0,1.13,0.55,1,23,0.41
LINKUSDT,1,-2.1,0,SL,17,6,484,0,5,-0.1,0.93,0.34,0.3,0.46,0.25,4,0,1.08,-0.47,1,23,0.32
LINKUSDT,1,-1.423,0,TIMEOUT,58,5,223,0,4,0.63,0.74,1.31,1.19,0.25,0.17,28,0,0.66,-0.53,1,14,0.27
LINKUSDT,1,1.9,1,TP,2,1,409,0,0,-3.09,1.93,12.76,12.76,0.4,0.61,0,1,0.13,0,1,12,1.51
LINKUSDT,-1,1.9,1,TP,10,12,162,0,11,1.07,-1.02,1.01,1.37,0.41,0.24,122,0,1.18,-0.79,1,17,0.67
LINKUSDT,-1,1.9,1,TP,28,1,311,0,0,-2.8,0.95,5.25,5.25,0.37,0.24,282,0,0.35,0,-1,7,0.89
SUIUSDT,1,-2.1,0,SL,9,2,178,0,1,-0.85,2.73,0.85,1.49,1.58,0.81,11,0,0.71,-0.9,1,12,2.56
SUIUSDT,-1,1.9,1,TP,23,7,379,0,6,-0.01,14.1,1.57,0.87,0.82,1.39,311,1,2.54,-0.87,-1,7,0.77
SUIUSDT,-1,1.9,1,TP,15,21,135,4,16,1.53,-0.45,2.36,1.76,0.72,0.63,0,0,1.58,0.82,1,21,1.92
SUIUSDT,-1,1.9,1,TP,37,1,399,0,0,-5.44,5.5,13.58,13.58,0.93,0.3,0,0,1.41,0,-1,15,6.69
SUIUSDT,-1,1.9,1,TP,16,13,622,0,12,0.53,0.88,10.34,0.73,0.54,0.27,8,0,1.64,-0.99,1,23,0.52
SUIUSDT,-1,1.9,1,TP,34,2,482,1,0,-2.27,0.36,2.08,2.08,0.96,0.46,187,0,0.58,0.86,-1,4,1.76
SUIUSDT,-1,1.9,1,TP,15,11,680,0,10,-0.32,0.31,1.19,0.9,0.8,0.53,62,0,2.6,-0.75,-1,6,0.94
SUIUSDT,-1,1.9,1,TP,3,1,948,0,0,-3.05,5.44,4.47,4.47,1.19,0.6,158,0,2.94,0,-1,1,2.56
SUIUSDT,-1,-2.1,0,SL,10,6,136,0,5,0.18,-1.49,1.48,4.7,1,0.69,174,0,2.36,-1.62,-1,14,3.73
SUIUSDT,1,1.9,1,TP,14,1,227,0,0,-2.18,0.77,0.93,0.93,0.97,1.13,43,1,1.12,0,1,6,0.66
SUIUSDT,1,1.9,1,TP,6,1,379,0,0,-1.35,5.16,0.6,0.6,1.2,1.06,195,1,2.47,0,1,20,0.94
SUIUSDT,-1,1.9,1,TP,1,3,162,0,2,-0.31,18.59,3.29,1.67,0.67,0.47,340,0,1.89,-0.74,-1,0,1.1
SUIUSDT,-1,1.9,1,TP,33,7,320,0,6,0.26,14.67,1.4,2.34,1.13,0.49,494,0,2.82,-1.07,-1,16,2.11
SUIUSDT,-1,-2.1,0,SL,2,5,610,0,4,0.33,2.2,0.41,1.44,1.59,0.81,8,0,1.61,-2.98,-1,16,2.75
SUIUSDT,-1,1.9,1,TP,26,1,424,0,0,-2.61,3.42,2,2,0.69,0.7,7,1,1.16,0,-1,1,1.34
SUIUSDT,1,-2.1,0,SL,1,11,142,0,10,-1.9,4.75,5.86,2.27,1.22,0.21,2,1,2.22,3,1,18,3.92
SUIUSDT,1,-2.1,0,SL,60,3,306,0,2,-0.2,6.07,1.21,1.02,0.66,0.22,174,1,1.7,-0.76,1,11,0.58
SUIUSDT,1,-2.1,0,SL,5,4,489,0,3,-0.14,1.86,6.71,2.12,0.93,0.74,35,0,1.39,-1.83,1,9,1.5
SUIUSDT,-1,1.9,1,TP,7,11,312,0,10,-0.86,5.26,1.29,0.97,0.42,0.31,98,0,1.28,-0.55,-1,0,0.44
SUIUSDT,-1,-0.874,0,TIMEOUT,84,1,666,0,0,-1.56,1,0.38,0.38,0.39,0.21,259,0,1.03,0,-1,16,0.24
SUIUSDT,-1,-1.435,0,TIMEOUT,50,2,822,0,1,0.05,4.38,1.01,0.67,0.24,0.21,414,0,0.73,-0.14,-1,7,0.17
SUIUSDT,-1,1.9,1,TP,20,6,946,0,5,0.73,2.31,1.61,2.19,0.27,0.21,534,0,0.52,-0.57,-1,14,0.4
SUIUSDT,-1,-2.1,0,SL,9,4,1102,0,3,0.15,2.16,0.6,0.57,0.58,0.1,133,0,1.06,-0.78,-1,5,0.71
SUIUSDT,-1,1.9,1,TP,23,6,446,2,3,-0.24,-0.67,0.69,0.89,0.36,0.32,123,0,0.36,-0.15,-1,9,0.3
SUIUSDT,1,1.9,1,TP,40,11,129,0,10,-0.2,2.78,0.42,0.57,0.41,0.25,85,0,1.28,-0.12,1,20,0.2
SUIUSDT,1,-1.004,0,TIMEOUT,73,9,282,0,8,-0.36,9.03,1.44,1.21,0.23,0.25,240,0,0.71,-0.07,1,11,0.25
SUIUSDT,1,-2.1,0,SL,9,5,415,0,4,0.22,1.22,0.45,0.99,0.27,0.15,35,0,0.67,-0.52,1,20,0.36
SUIUSDT,-1,1.9,1,TP,18,15,605,0,14,-0.14,12.93,1.08,0.85,0.51,1.2,458,1,1.54,-0.52,-1,12,0.73
SUIUSDT,-1,-2.1,0,SL,44,2,994,0,1,-0.11,1.06,0.39,1.16,0.47,0.38,110,0,0.98,-0.17,-1,13,0.83
SUIUSDT,-1,1.9,1,TP,43,11,1497,0,10,-0.94,5.78,1.24,1.19,0.68,0.56,26,0,2.12,-0.26,-1,19,0.77
SUIUSDT,1,1.9,1,TP,10,1,78,0,0,-1.54,2.73,0.92,0.92,0.48,0.22,11,0,1.42,0,1,23,0.36
SUIUSDT,1,-2.1,0,SL,27,7,131,0,6,0.02,0.66,1.63,0.57,0.61,0.67,4,1,0.81,-0.4,1,2,0.47
SUIUSDT,-1,-2.1,0,SL,23,8,233,0,7,0.71,1.23,1.06,1.42,0.33,0.68,306,1,0.82,-0.61,-1,6,0.54
SUIUSDT,1,1.9,1,TP,10,4,213,0,3,-0.19,-0.62,1.78,0.8,0.48,0.36,37,0,1.29,-0.52,1,7,0.3
SUIUSDT,-1,1.9,1,TP,139,6,474,0,5,0.26,1.97,0.38,0.24,0.37,0.16,87,0,0.53,-0.5,-1,20,0.27
SUIUSDT,1,1.9,1,TP,12,7,181,0,6,0.15,2.37,2.31,0.98,0.36,0.1,23,0,0.29,-1.03,1,3,0.36
SUIUSDT,-1,-2.1,0,SL,62,1,197,0,0,-2.68,4.87,1.26,1.26,0.61,0.46,29,1,1.84,0,-1,8,0.43
SUIUSDT,1,1.9,1,TP,10,1,669,0,0,-1.42,1.55,0.6,0.6,0.69,0.45,112,0,2.14,0,1,4,0.45
SUIUSDT,1,-2.1,0,SL,17,7,896,0,6,0.36,1.83,0.7,1.96,0.93,0.58,21,0,2.07,-1.55,1,12,1.99
SUIUSDT,1,1.9,1,TP,7,7,198,0,6,-0.39,5.87,1.05,1.01,0.55,0.42,245,0,0.92,-0.57,1,0,0.6
SUIUSDT,1,-2.1,0,SL,4,17,871,0,16,-0.2,4.27,1.42,0.85,1.58,0.7,2,0,4.52,0.89,1,0,1.73
SUIUSDT,1,1.9,1,TP,7,14,129,0,13,0.47,1.9,0.79,1.39,0.85,0.26,10,0,1.01,-0.39,1,4,0.82
SUIUSDT,1,-2.1,0,SL,22,5,516,0,4,-0.29,2.42,2.06,1.32,0.83,0.24,175,0,1.55,-1.41,1,5,0.7
SUIUSDT,1,-2.1,0,SL,5,9,619,0,8,0.21,1.71,0.99,1.73,1.29,0.8,73,0,2.54,0.05,1,7,2.16
SUIUSDT,1,1.9,1,TP,4,11,859,0,10,-0.08,3.72,2.41,1.45,1.28,0.78,311,0,3.61,-1.49,1,19,1.43
SUIUSDT,-1,-2.1,0,SL,26,10,167,1,8,0.02,-0.35,0.57,0.56,1.09,0.91,146,0,3.38,-0.05,-1,8,0.62
SUIUSDT,-1,1.9,1,TP,23,5,360,0,4,0.18,0.88,1.43,1.13,0.71,0.56,90,0,1.24,-0.8,-1,8,0.86
SUIUSDT,-1,1.9,1,TP,21,12,553,0,11,0.34,3.5,0.79,0.64,0.69,0.44,61,1,2.07,-0.62,-1,9,0.71
SUIUSDT,1,1.9,1,TP,26,8,355,0,7,-0.3,2.42,1.76,4.16,1.56,0.21,8,0,3,0.01,1,1,4.64
SUIUSDT,-1,-2.1,0,SL,17,13,113,0,12,0.44,-1.53,1.96,2.44,0.71,0.37,182,1,2.13,-0.29,-1,12,1.35
SUIUSDT,-1,1.9,1,TP,2,16,3,0,15,0.58,-2.64,14.52,0.71,2.5,0.35,384,0,6.84,-9.87,-1,15,3.8
SUIUSDT,-1,1.9,1,TP,7,10,168,0,9,-0.51,4.16,0.49,2.18,1.01,1.03,20,1,3.15,0.04,-1,9,1.66
SUIUSDT,-1,-2.1,0,SL,1,1,123,0,0,-3.7,8.05,1.5,1.5,1.37,0.59,222,0,2.11,0,-1,13,1.64
SUIUSDT,-1,1.9,1,TP,3,12,453,0,11,-1.06,12.21,1.33,1.38,0.68,0.53,275,0,2.07,0.31,-1,23,0.74
SUIUSDT,1,1.9,1,TP,4,4,269,0,3,-0.14,2.78,1.14,2.02,1.03,0.54,18,0,2.33,-1.74,1,12,1.48
SUIUSDT,1,1.9,1,TP,12,9,528,0,8,-0.11,14.19,0.98,0.95,1,0.48,272,0,1.02,-0.61,1,5,1.31
SUIUSDT,1,-2.1,0,SL,4,5,734,0,4,-0.31,7.89,1.23,2.3,1.2,0.71,179,0,3.42,-1.07,1,9,1.81
SUIUSDT,-1,1.9,1,TP,42,15,7,0,14,0.73,8.67,1.01,1.4,0.86,0.48,164,0,2.5,-0.24,1,15,1.46
SUIUSDT,1,1.9,1,TP,9,1,62,0,0,-1.24,4.73,0.82,0.82,0.87,0.38,132,0,1.85,0,1,7,0.91
SUIUSDT,1,-2.1,0,SL,12,6,333,0,5,-0.41,3.75,0.79,0.75,0.73,0.41,70,0,1.75,-0.49,1,2,0.51
SUIUSDT,1,1.9,1,TP,29,7,437,0,6,-0.04,4.05,1.2,0.92,0.64,0.41,173,0,1.89,-0.68,1,4,0.6
SUIUSDT,-1,1.9,1,TP,20,14,341,0,13,0.11,-0.97,5.78,0.92,0.7,0.62,235,0,1.65,-1.34,-1,4,0.72
SUIUSDT,-1,1.9,1,TP,18,4,651,0,3,-0.36,3.53,0.87,1,0.71,0.64,555,0,0.58,-0.61,-1,10,0.63
SUIUSDT,-1,-2.1,0,SL,12,14,951,0,13,-0.1,3.22,1.46,1.17,0.59,0.36,107,0,1.75,-1.05,-1,13,0.73
SUIUSDT,1,-2.1,0,SL,16,17,1,0,16,0,2.71,1.78,0.67,0.86,0.34,136,0,2.45,0.11,1,21,0.62
SUIUSDT,1,1.9,1,TP,8,5,156,0,4,0.23,0.47,1.23,3.56,1.46,0.35,303,0,0.9,-3.12,1,11,3.5
SUIUSDT,-1,-2.1,0,SL,7,12,6,0,11,-0.19,2.56,0.53,0.26,1.63,0.36,336,0,5.04,-1.36,-1,21,0.72
SUIUSDT,-1,1.9,1,TP,12,17,258,0,16,0,3.68,6.18,0.32,2.12,0.58,120,0,6.34,-6.16,-1,23,0.98
SUIUSDT,1,-2.1,0,SL,13,15,239,0,14,-0.19,6.97,0.81,1.21,1.05,0.5,477,0,2.92,1.49,1,16,1.62
SUIUSDT,1,-2.1,0,SL,9,6,477,0,5,-0.25,3.94,1.32,2.33,0.86,0.46,36,0,1.18,-0.39,1,4,1.74
SUIUSDT,-1,1.9,1,TP,8,17,190,0,16,0.35,2.17,0.58,0.95,1.18,0.28,219,0,2.11,1.17,-1,16,1.28
SUIUSDT,1,1.9,1,TP,1,3,172,0,2,-0.92,12.32,1.83,1.36,0.84,0.49,232,0,2.58,-0.25,1,23,0.88
SUIUSDT,1,1.9,1,TP,3,1,267,0,0,-2.03,3.49,1.51,1.51,0.94,1.14,45,1,2.39,0,1,1,1.09
SUIUSDT,-1,1.9,1,TP,11,1,321,0,0,-2.35,3.35,0.91,0.91,1.4,0.35,104,0,0.24,0,-1,5,0.83
SUIUSDT,-1,1.9,1,TP,15,1,581,0,0,-1.6,22.58,0.58,0.58,0.69,0.38,364,0,2.03,0,-1,22,0.82
SUIUSDT,1,1.9,1,TP,16,1,374,0,0,-2.65,6.14,1.44,1.44,1.23,0.96,175,0,1.55,0,1,8,1.45
SUIUSDT,1,1.9,1,TP,12,7,659,0,6,-0.3,20.5,0.86,1.28,0.75,0.88,454,0,2.19,-0.93,1,8,0.78
SUIUSDT,-1,1.9,1,TP,16,1,380,0,0,-2.88,3.69,1.52,1.52,0.63,0.64,270,0,1.67,0,-1,7,0.75
SUIUSDT,-1,1.9,1,TP,23,5,525,0,4,0.05,3.18,0.48,0.83,0.54,0.6,68,0,1.67,-0.31,-1,19,0.82
SUIUSDT,1,-2.1,0,SL,5,3,130,0,2,-0.58,2.91,1.65,0.79,0.92,0.24,72,0,2.22,0.29,1,17,0.96
SUIUSDT,-1,-2.1,0,SL,6,17,151,0,16,0.69,14.65,7.51,0.51,0.86,0.28,592,0,2.45,-1.36,-1,6,1
SUIUSDT,-1,1.9,1,TP,44,9,206,0,8,-0.14,18.24,0.62,0.46,0.33,0.81,219,0,1.05,0.08,-1,21,0.19
SUIUSDT,-1,1.9,1,TP,5,1,421,0,0,-2.11,3.12,0.86,0.86,0.66,0.91,6,1,0.5,0,-1,3,0.71
SUIUSDT,-1,-2.1,0,SL,17,7,934,0,6,0.47,2.73,1.22,0.58,0.33,0.12,51,0,0.76,-0.57,-1,11,0.37
SUIUSDT,1,1.9,1,TP,18,10,162,0,9,0.28,4.22,1.11,3.28,0.4,0.32,45,0,1.21,-0.47,1,1,0.61
SUIUSDT,1,-2.1,0,SL,6,13,486,1,11,0.12,-0.65,2.32,0.73,0.89,2.15,53,0,1.48,-0.31,1,10,1.07
SUIUSDT,-1,1.9,1,TP,14,1,95,0,0,-2.67,7.2,1.6,1.6,0.67,2.69,141,1,1.98,0,-1,4,0.42
SUIUSDT,-1,1.9,1,TP,39,11,391,0,10,-0.52,8.11,0.64,0.46,0.61,1.02,39,0,1.96,-0.58,-1,6,0.62
SUIUSDT,-1,1.9,1,TP,9,1,526,0,0,-4.6,10.65,18.02,18.02,1.22,1.09,184,0,2.04,0,-1,16,6.62
SUIUSDT,-1,-2.1,0,SL,9,10,673,0,9,-0.76,3.12,1.08,0.58,0.47,0.19,10,0,1.36,0.44,-1,4,0.42
SUIUSDT,-1,1.9,1,TP,10,1,774,0,0,-2.99,3.74,1.6,1.6,0.73,0.28,32,0,0.28,0,-1,6,1.01
SUIUSDT,1,1.9,1,TP,14,9,328,0,8,-0.35,6.96,4.28,1.01,0.56,1.37,511,0,1.6,-1.42,1,11,0.49
SUIUSDT,-1,1.9,1,TP,39,1,378,0,0,-0.91,2.98,0.69,0.69,0.52,0.46,153,0,1.5,0,-1,3,0.45
SUIUSDT,1,-2.1,0,SL,13,5,146,0,4,-0.01,-0.14,3.34,2.35,0.6,0.4,144,0,1.17,-0.63,1,14,1.29
SUIUSDT,1,1.9,1,TP,15,8,189,0,7,0.04,-1.3,1.11,1.15,0.61,0.86,76,0,1.88,-0.86,1,8,0.33
SUIUSDT,1,1.9,1,TP,47,5,403,0,4,0.21,1.1,1.33,1.03,0.52,0.85,293,0,1.48,-0.97,1,13,0.89
SUIUSDT,1,-2.1,0,SL,8,13,220,0,12,-0.01,2.96,2.41,0.43,0.99,0.25,26,0,1.77,-0.36,1,3,1.18
SUIUSDT,-1,1.9,1,TP,74,1,76,0,0,-2.88,1.16,2.01,2.01,0.75,0.23,78,0,0.47,0,-1,16,0.91
SUIUSDT,1,-2.1,0,SL,10,4,533,0,3,0.13,1.81,1.94,0.83,1.62,0.78,157,0,3.36,-2.24,1,3,1.61
SUIUSDT,-1,-2.1,0,SL,31,13,301,0,12,-0.09,-0.07,0.7,2.21,0.84,0.41,14,0,2.58,0.04,-1,0,1.22
SUIUSDT,-1,1.9,1,TP,73,7,469,0,6,-0.73,1.19,2.06,0.73,0.74,0.41,172,0,1.92,-0.15,-1,18,0.86
SUIUSDT,-1,-2.1,0,SL,10,5,787,0,4,0.45,-1.95,7.17,1.58,1.41,0.85,113,0,0.85,-4.15,-1,2,2.57
SUIUSDT,1,1.9,1,TP,20,8,84,0,7,-0.02,6.5,1.01,1.31,0.81,0.82,315,0,2.51,-1.16,1,5,0.99
SUIUSDT,1,-2.1,0,SL,9,14,446,0,13,-0.69,-0.12,0.49,4.21,1.11,0.63,671,0,3,1.01,1,23,2.5
SUIUSDT,1,-2.1,0,SL,12,14,211,0,13,-0.03,2,0.91,1.73,0.97,0.66,8,0,2.77,0.43,1,6,0.78
SUIUSDT,1,-2.1,0,SL,9,17,299,0,16,-0.89,6.78,2.58,1.18,1.02,0.42,13,0,2.9,3.39,1,4,1.72
SUIUSDT,1,1.9,1,TP,9,1,498,0,0,-2.98,1.68,1.07,1.07,1.03,0.46,151,0,1.98,0,1,5,1.23
SUIUSDT,1,-2.1,0,SL,4,4,1009,0,3,-0.28,14.36,5.82,3.98,1.48,0.87,363,0,2.65,-3.53,1,13,4.57
SUIUSDT,1,1.9,1,TP,4,1,1214,0,0,-1.56,4.41,1.14,1.14,1.48,0.96,194,0,2.98,0,1,16,1.82
SUIUSDT,1,-2.1,0,SL,23,7,1633,0,6,0.24,-1.6,3.34,1.64,0.94,1.42,123,1,0.74,-2.1,1,1,1.21
SUIUSDT,1,-2.1,0,SL,2,8,1813,0,7,0.01,6.05,1.04,0.47,0.98,1.32,302,1,2.95,-0.81,1,22,0.73
SUIUSDT,1,-2.1,0,SL,8,11,1953,0,10,0.25,6.87,0.93,2.13,1.38,1.27,439,1,3.68,-1.48,1,9,2.32
SUIUSDT,-1,-2.1,0,SL,23,5,155,0,4,-0.64,1.03,1.82,1.15,0.7,0.35,1,0,2.23,-0.55,-1,11,0.65
SUIUSDT,1,-2.1,0,SL,5,11,235,0,10,-0.09,2.87,1.27,1.17,1.19,0.57,46,0,3.47,-1.07,1,0,1.07
SUIUSDT,-1,-2.1,0,SL,10,6,169,0,5,-0.63,8.56,0.58,1.49,0.88,0.64,388,0,2.65,-1.18,-1,13,0.88
SUIUSDT,-1,1.9,1,TP,21,1,275,0,0,-1.49,15.29,0.68,0.68,0.6,0.53,389,0,0.8,0,-1,23,0.35
SUIUSDT,-1,1.9,1,TP,15,12,556,0,11,0.77,1.65,1.46,0.83,0.76,0.3,125,0,2.09,-0.7,-1,21,0.96
SUIUSDT,1,-2.1,0,SL,1,8,340,0,7,0.87,-1.84,2.64,2.28,1.34,0.52,102,0,1.44,-4.68,1,15,2.23
SUIUSDT,-1,-2.1,0,SL,19,6,234,0,5,0.44,8.18,2.52,1.35,1.17,0.56,421,0,3,-2.34,-1,22,2.09
SUIUSDT,1,1.9,1,TP,3,3,370,0,2,0.3,-0.34,1.34,2.11,0.66,0.7,84,0,1.93,-0.81,1,14,0.91
SUIUSDT,1,-2.1,0,SL,5,1,743,0,0,-2.64,1.15,3.04,3.04,1.57,0.94,105,0,3.82,0,1,11,2.86
SUIUSDT,1,-2.1,0,SL,5,10,946,0,9,-0.15,6.04,0.46,0.73,1.17,0.89,299,0,3.59,0.52,1,14,1.16
SUIUSDT,1,-2.1,0,SL,7,3,1356,0,2,-0.37,2.29,1.59,1.22,0.96,0.78,256,0,2.23,-1.42,1,20,0.98
SUIUSDT,-1,-2.1,0,SL,16,9,235,0,8,0.64,2.28,0.55,1.14,1.14,1.15,13,0,3.37,-1.35,-1,21,1.37
SUIUSDT,1,-2.1,0,SL,13,3,352,0,2,-0.33,0.05,0.85,2.01,0.66,0.71,98,0,0.97,-1.05,1,17,0.93
SUIUSDT,1,1.9,1,TP,14,3,146,0,2,0.19,4.5,0.9,1.32,0.66,0.36,258,0,1.98,-0.74,1,9,0.86
SUIUSDT,-1,1.9,1,TP,11,8,132,0,7,0.64,0.83,1.73,1.64,1.03,0.58,27,0,2.91,-2.37,-1,17,1.51
SUIUSDT,-1,-2.1,0,SL,16,5,462,0,4,0.13,4.1,0.42,0.69,0.8,0.42,22,0,1.92,-0.95,-1,4,0.76
SUIUSDT,-1,-2.1,0,SL,10,6,584,0,5,-0.7,6.13,4.13,1.31,0.59,0.87,63,1,1.51,-1.04,-1,10,0.68
SUIUSDT,-1,1.9,1,TP,5,9,170,0,8,-0.29,5.12,1.28,0.54,0.85,0.55,33,0,2.68,-0.97,-1,12,0.72
SUIUSDT,-1,-2.1,0,SL,2,10,296,0,9,0.57,1.16,0.65,1.7,0.74,0.52,85,0,2.13,-0.67,-1,13,1.2
SUIUSDT,1,-2.1,0,SL,5,14,14,0,13,0.16,6,1.5,1.32,1.06,0.48,210,0,3.11,-1.62,1,21,1.38
SUIUSDT,1,1.9,1,TP,6,1,193,0,0,-2.17,4.57,1.58,1.58,1.01,0.75,18,0,1.68,0,1,18,1.2
SUIUSDT,-1,1.9,1,TP,5,14,85,0,13,0.46,2.67,0.89,0.51,1.22,0.75,10,0,3.91,-1.69,-1,22,1.13
SUIUSDT,-1,1.9,1,TP,15,1,273,0,0,-1.43,3.06,0.83,0.83,0.73,0.74,211,0,0.94,0,-1,21,0.57
SUIUSDT,-1,1.9,1,TP,12,1,464,0,0,-3.37,5.49,1.64,1.64,0.86,0.45,28,0,2.52,0,-1,21,0.78
SUIUSDT,-1,1.9,1,TP,6,3,831,0,2,-0.56,16.68,1.7,0.6,1,0.5,393,0,2.62,-0.84,-1,17,0.86
SUIUSDT,-1,-2.1,0,SL,2,4,385,0,3,-0.01,1.65,1.5,1.35,1.45,0.55,38,0,2.57,-1.15,-1,23,1.98
SUIUSDT,1,1.9,1,TP,7,1,193,0,0,-2.52,3.12,1.74,1.74,1.42,0.75,101,0,1.89,0,1,20,0.75
SUIUSDT,-1,-2.1,0,SL,5,9,218,0,8,0.38,2.36,2.38,1.06,1.69,1.09,29,0,4.13,-3.63,-1,20,1.85
SUIUSDT,-1,-2.1,0,SL,22,1,483,0,0,-2.32,0.08,1.18,1.18,1.16,1.2,189,0,1.6,0,-1,17,0.99
SUIUSDT,-1,-2.1,0,SL,39,8,168,0,7,-0.02,0.62,0.67,2.02,0.84,0.72,84,0,1.3,-0.37,-1,14,1.19
SUIUSDT,1,1.9,1,TP,5,3,123,0,2,-0.75,7.95,1.96,1.49,0.71,0.33,137,0,1.91,-0.75,1,13,0.97
SUIUSDT,-1,1.9,1,TP,9,4,252,0,3,0.18,1.91,1.11,0.92,1.05,0.83,47,0,2.93,-1.94,-1,5,0.85
SUIUSDT,1,1.9,1,TP,2,13,79,0,12,0.21,-0.22,1.95,0.78,1.02,0.53,45,0,2.81,-1.92,1,13,1.1
SUIUSDT,1,1.9,1,TP,5,2,457,0,1,0.83,4.72,1.08,3.18,0.92,0.4,216,0,2.16,-1.33,1,13,2
SUIUSDT,-1,-2.1,0,SL,47,10,469,0,9,-0.95,1.62,0.56,1.32,0.57,0.36,191,0,1.21,0.76,-1,12,0.79
SUIUSDT,1,1.9,1,TP,16,1,107,0,0,-2.27,9.33,2.03,2.03,0.73,0.33,373,0,2.18,0,1,7,0.71
SUIUSDT,1,-2.1,0,SL,60,5,592,0,4,-0.24,0.74,0.74,1.22,0.9,0.98,137,0,2.75,-0.44,1,9,0.88
SUIUSDT,1,1.9,1,TP,1,12,693,0,11,-0.96,3.72,1.7,2.52,1.08,0.94,231,0,3,0.55,1,10,2.17
SUIUSDT,1,-2.1,0,SL,46,10,147,0,9,-0.46,0.3,0.92,0.83,1.11,0.98,67,0,0.82,-0.96,1,3,1.22
SUIUSDT,1,1.9,1,TP,5,1,239,0,0,-4.11,4.36,5.16,5.16,1.13,0.93,168,0,1.07,0,1,2,3.5
SUIUSDT,1,-2.1,0,SL,13,7,801,0,6,0.05,2.11,0.53,0.54,0.8,0.61,308,0,2.05,-0.63,1,22,0.79
SUIUSDT,-1,-2.1,0,SL,10,10,176,0,9,0.32,5.76,1.47,1.2,0.89,0.66,612,0,2.59,-0.53,-1,3,1.19
SUIUSDT,-1,-2.1,0,SL,9,8,344,0,7,-0.32,-0.57,1.11,0.38,0.94,0.29,92,0,0.79,-2.04,-1,21,0.83
SUIUSDT,-1,1.9,1,TP,34,1,305,0,0,-1.84,0.72,0.61,0.61,0.68,0.48,75,0,1.94,0,-1,16,0.59
SUIUSDT,1,-2.1,0,SL,6,6,171,0,5,0.15,-0.18,6.95,1.57,0.65,0.28,0,0,1.29,-1.48,1,12,1.29
SUIUSDT,-1,1.9,1,TP,42,3,467,0,2,0.05,1.44,0.42,0.56,0.61,0.55,201,0,0.84,-0.52,-1,0,0.74
SUIUSDT,1,-1.392,0,TIMEOUT,36,8,219,0,7,0.97,3.56,0.37,1.92,0.46,0.26,182,0,1.27,-1.1,1,22,0.84
SUIUSDT,1,1.9,1,TP,14,14,281,0,13,-0.78,6.28,2.11,1.23,0.59,0.25,238,0,1.7,0.43,1,13,0.83
SUIUSDT,-1,1.9,1,TP,10,16,319,0,15,0.6,16.88,1.63,0.49,0.8,0.35,359,0,2.33,-0.55,-1,20,0.96
SUIUSDT,-1,-1.869,0,TIMEOUT,94,4,293,0,3,0.27,-0.98,0.73,1.11,0.6,0.34,1,0,0.86,-0.99,-1,19,0.6
SUIUSDT,1,1.9,1,TP,34,7,370,0,6,-0.24,0.42,9.4,0.46,0.73,0.41,0,0,1.7,-1.29,1,15,0.41
SUIUSDT,1,-2.1,0,SL,8,5,811,0,4,-0.55,1.8,2.61,1.75,1.33,0.56,2,0,2.78,-2.66,1,6,2.74
SUIUSDT,1,-2.1,0,SL,12,2,256,0,1,0.07,1.23,1.14,2.73,0.61,0.6,228,0,1.59,-0.6,1,6,1.25
SUIUSDT,-1,-2.1,0,SL,20,10,142,0,9,-0.52,8.14,0.79,1.27,0.96,0.66,405,0,2.81,1.13,-1,4,1.16
SUIUSDT,-1,1.9,1,TP,5,11,277,0,10,0.39,1.35,1.37,1.49,0.77,0.54,29,0,1.77,-0.83,-1,16,1.38
SUIUSDT,1,1.9,1,TP,54,13,182,0,12,-0.05,0.9,0.41,0.66,0.57,0.49,223,0,0.47,0.04,1,20,0.4
SUIUSDT,1,-2.1,0,SL,6,10,604,0,9,-0.14,3.52,0.7,0.55,0.51,0.43,47,1,1.56,-0.54,1,6,0.45
SUIUSDT,-1,1.9,1,TP,13,7,325,0,6,-0.17,0.47,0.9,2.26,0.61,0.16,152,0,1.69,-0.17,-1,13,1.1
SUIUSDT,1,-2.1,0,SL,2,5,201,0,4,0.02,6.35,2.9,9.97,1.07,0.15,466,0,1.06,-1.84,1,19,5.67
SUIUSDT,-1,1.9,1,TP,10,1,376,0,0,-3.7,5.44,5.93,5.93,0.61,0.36,57,0,1.14,0,-1,7,2.05
SUIUSDT,-1,1.9,1,TP,10,1,635,0,0,-2.6,0.21,1.23,1.23,0.44,0.25,184,0,1.11,0,-1,23,0.36
SUIUSDT,-1,-2.1,0,SL,8,11,728,0,10,-0.13,1.62,4.59,0.79,0.68,0.34,0,0,2.02,-0.55,-1,23,0.57
SUIUSDT,1,1.9,1,TP,31,1,201,0,0,-2.47,11.28,0.59,0.59,0.36,0.32,321,0,0.34,0,1,4,0.2
SUIUSDT,1,1.9,1,TP,29,2,685,0,1,-0.28,2.1,0.66,1.05,0.49,0.41,94,0,1.06,-0.19,1,5,0.67
SUIUSDT,-1,1.9,1,TP,21,1,526,0,0,-1.91,1.14,1.28,1.28,0.76,0.63,96,0,1.78,0,-1,3,1.16
SUIUSDT,-1,-1.649,0,TIMEOUT,43,16,823,0,15,-0.64,3.36,1.21,0.69,0.36,0.28,15,0,1.1,-0.11,-1,5,0.31
SUIUSDT,1,1.9,1,TP,39,9,187,0,8,-0.13,1.36,1.13,0.53,0.59,0.25,187,0,1,-1.35,1,22,0.65
SUIUSDT,1,1.9,1,TP,8,11,579,0,10,0.46,15.42,2.04,2.31,0.64,0.23,577,0,1.31,-0.35,1,0,1.04
SUIUSDT,1,1.9,1,TP,26,9,715,0,8,0.16,0.13,1,0.62,0.49,0.29,73,0,1.35,-0.73,1,10,0.36
SUIUSDT,-1,1.9,1,TP,22,16,162,0,15,-0.69,1.84,0.85,1.97,0.55,0.44,356,0,1.62,1.02,-1,11,0.54
SUIUSDT,-1,1.9,1,TP,12,1,277,0,0,-3.45,4.46,1.25,1.25,0.87,0.82,5,1,1.39,0,-1,16,1.12
SUIUSDT,-1,1.9,1,TP,7,12,127,0,11,-0.09,4.63,1.03,0.39,0.89,1.41,82,1,2.69,-0.46,-1,18,0.85
SUIUSDT,1,-2.1,0,SL,12,10,0,0,9,-0.31,3.83,4.04,2.06,1.2,0.55,219,0,3.22,-1.37,1,17,2.05
SUIUSDT,-1,1.9,1,TP,46,1,450,0,0,-1.56,3.69,1,1,0.62,0.35,102,0,0.87,0,-1,15,0.72
SUIUSDT,1,1.9,1,TP,28,9,203,0,8,-0.39,1.85,1.49,0.8,0.64,0.22,80,0,1.71,-0.18,1,22,0.65
SUIUSDT,-1,-2.1,0,SL,28,17,86,0,16,-0.37,8.35,1.12,0.41,0.85,0.42,135,1,2.53,0.1,-1,20,0.52
SUIUSDT,-1,1.9,1,TP,2,5,736,0,4,0.32,1.21,3.75,2.86,0.79,0.48,260,0,1.81,-0.98,-1,15,1.64
SUIUSDT,-1,1.9,1,TP,8,1,838,0,0,-3.82,5.48,1.92,1.92,1.27,0.6,15,0,2.13,0,-1,16,1.57
SUIUSDT,1,1.9,1,TP,12,13,210,0,12,0.4,2.59,0.22,0.84,0.74,0.87,14,0,2.3,-0.52,1,23,0.94
SUIUSDT,1,-2.1,0,SL,4,5,373,0,4,-0.11,4.57,1.21,1.05,0.88,0.85,185,0,1.87,-0.59,1,16,1.17
SUIUSDT,1,1.9,1,TP,9,7,544,0,6,0.16,1.93,1.06,1.05,0.63,0.87,354,0,0.25,-0.58,1,10,0.51
SUIUSDT,1,-2.1,0,SL,1,16,143,0,15,-0.18,4.84,2.36,0.61,0.92,0.84,5,1,2.7,0.1,1,20,0.78
SUIUSDT,1,-2.1,0,SL,5,2,242,0,1,0.3,1.32,0.82,1.88,1.57,0.86,118,1,1.6,-2.47,1,20,3.03
SUIUSDT,-1,1.9,1,TP,39,11,3,0,10,-0.14,2.48,1.25,0.87,0.91,0.91,141,1,2.86,-0.76,-1,4,1.19
SUIUSDT,-1,1.9,1,TP,9,14,175,0,13,-0.44,2.9,0.42,0.39,0.73,0.3,82,0,0.71,0.41,-1,21,0.56
SUIUSDT,-1,1.9,1,TP,7,9,459,0,8,0.16,3.31,0.41,0.67,1.18,0.33,59,0,2.2,-0.4,-1,20,1.54
SUIUSDT,1,-2.1,0,SL,26,11,250,0,10,0.52,-0.52,0.89,1.61,0.59,0.33,222,0,1.13,-0.32,1,13,0.91
SUIUSDT,1,-2.1,0,SL,14,4,531,0,3,-0.37,12.19,1.22,1.25,1,0.3,171,0,2.23,-1.64,1,9,1.18
SUIUSDT,-1,-2.1,0,SL,60,4,247,0,3,-0.27,4.01,1.4,1.28,0.37,0.4,183,0,1.14,-0.43,-1,23,0.27
SUIUSDT,-1,1.9,1,TP,9,3,392,0,2,-0.37,-0.23,0.94,0.63,0.53,0.46,50,0,1.28,-0.13,-1,12,0.41
SUIUSDT,-1,1.9,1,TP,28,12,1168,0,11,0.41,1.05,3.22,1.37,0.67,0.3,14,0,1.44,-1.06,-1,17,1.14
SUIUSDT,-1,-2.1,0,SL,5,3,1750,0,2,0.44,-1.59,1.52,1.48,1.3,1.72,175,1,2.38,-4.16,-1,19,1.51
SUIUSDT,1,-2.1,0,SL,15,11,323,0,10,0.32,3.62,0.85,1.08,0.63,0.26,57,0,0.81,-0.34,1,1,0.68
SUIUSDT,-1,1.9,1,TP,35,2,95,0,1,-0.58,0.92,0.49,0.67,0.85,0.48,35,0,2.11,-0.18,-1,18,0.99
SUIUSDT,-1,1.9,1,TP,4,17,14,0,16,-0.54,13.05,1.19,0.79,0.76,0.75,155,0,2.23,0.23,-1,16,0.78
SUIUSDT,1,-2.1,0,SL,49,10,154,0,9,-0.04,1.1,4.44,0.86,1.35,0.6,90,0,2.91,-1.93,1,17,2.07
SUIUSDT,1,1.9,1,TP,12,9,322,0,8,-0.08,-0.9,2.19,1.45,0.87,0.53,150,0,1.69,-2.19,1,11,1.25
SUIUSDT,1,1.9,1,TP,73,14,517,0,13,-0.18,2.75,1.44,1.19,0.48,0.18,9,0,0.76,0.35,1,4,0.5
SUIUSDT,-1,1.9,1,TP,20,15,339,0,14,0.26,2.65,41.94,0.51,0.6,0.23,0,0,1.61,-1.04,-1,3,0.84
SUIUSDT,1,1.9,1,TP,37,2,130,0,1,0.04,3.85,0.49,1.12,0.45,0.35,22,0,1.4,-0.07,1,2,0.29
SUIUSDT,1,1.9,1,TP,17,2,147,0,1,0.53,2.87,1.55,1.08,0.47,0.29,114,0,1.15,-0.33,-1,1,0.38
SUIUSDT,-1,1.9,1,TP,34,1,257,0,0,-1.15,1.8,0.33,0.33,0.27,0.14,35,0,0.77,0,-1,3,0.12
SUIUSDT,1,1.9,1,TP,1,1,167,0,0,-2.34,4.49,0.72,0.72,0.57,0.13,295,0,0.36,0,1,20,0.49
SUIUSDT,1,-2.1,0,SL,20,8,185,0,7,-0.39,4.15,1.5,1.07,0.48,0.23,48,0,1.32,-0.13,1,20,0.69
SUIUSDT,1,1.9,1,TP,16,6,161,0,5,0.31,2.76,1.45,1.93,0.53,0.29,161,0,1.43,-0.67,1,15,0.85
SUIUSDT,-1,-1.33,0,TIMEOUT,45,16,227,0,15,-0.01,4.66,0.67,0.29,0.27,0.12,74,0,0.82,0.12,-1,20,0.22
SUIUSDT,-1,-0.272,0,TIMEOUT,177,16,379,0,15,-0.81,5.42,0.77,0.55,0.37,0.12,226,0,0.85,-0.21,-1,10,0.34
SUIUSDT,-1,-2.1,0,SL,14,13,600,0,12,-2.96,2.47,3.07,8.54,0.7,0.46,0,0,1.57,1.84,-1,18,3.25
SUIUSDT,1,1.9,1,TP,31,3,100,0,2,-1.02,4.6,0.23,0.94,0.25,0.19,54,0,0.68,0.16,1,20,0.39
SUIUSDT,1,-2.1,0,SL,21,6,440,0,5,0.35,1.8,3.79,1.14,0.66,0.47,12,0,1.29,-1.11,1,9,0.75
SUIUSDT,1,1.9,1,TP,12,1,557,0,0,-3.81,4.23,3.17,3.17,0.69,0.77,85,1,0.38,0,1,14,2.14
SUIUSDT,-1,1.9,1,TP,16,9,423,0,8,0.76,-0.13,1.89,1.14,0.85,0.55,2,0,1.7,-1.9,-1,2,1.53
SUIUSDT,-1,-2.1,0,SL,20,6,616,0,5,-0.8,2.27,1.49,0.91,0.61,0.56,198,0,1.69,-0.07,-1,2,0.54
SUIUSDT,1,-2.1,0,SL,15,16,180,7,8,0.24,-0.62,1.67,0.51,0.49,0.5,177,0,0.81,-0.1,1,18,0.5
SUIUSDT,-1,-2.1,0,SL,30,1,463,0,0,-3.1,3.16,27.5,27.5,0.88,0.39,1,0,1.48,0,-1,14,5.51
SUIUSDT,-1,-2.1,0,SL,8,11,564,0,10,-0.5,4.69,2.83,1.22,0.85,0.39,92,0,2.12,0.35,-1,15,1.5
SUIUSDT,1,1.9,1,TP,42,7,373,0,6,0.06,1.59,0.57,0.99,0.62,0.75,318,0,0.94,-0.77,1,7,0.5
SUIUSDT,1,1.9,1,TP,8,1,720,0,0,-5.85,6.2,5.63,5.63,0.6,0.61,2,1,0.61,0,1,21,1.75
SUIUSDT,1,-2.1,0,SL,19,7,936,0,6,-0.1,1.21,2.1,0.86,0.63,0.4,112,0,1.87,-1.44,1,3,0.4
SUIUSDT,-1,1.9,1,TP,40,7,150,0,6,0.27,-0.9,1.6,0.6,1.17,0.87,87,0,1.37,-1.29,-1,16,1.13
SUIUSDT,-1,-2.1,0,SL,52,4,165,0,3,0.01,-0.2,2.71,1.47,0.58,0.47,192,1,0.8,-1.04,-1,13,0.96
SUIUSDT,-1,1.9,1,TP,64,6,178,0,5,-0.15,2.38,0.48,0.96,0.52,0.42,29,0,1.57,-0.3,-1,5,0.71
SUIUSDT,1,-2.1,0,SL,53,7,198,0,6,-0.25,3.84,1.4,1.1,0.38,0.3,200,0,0.89,-0.55,1,13,0.34
SUIUSDT,1,-2.1,0,SL,79,7,278,0,6,-0.03,5.33,1.06,0.46,0.46,0.78,211,2,1.01,-0.23,1,17,0.51
SUIUSDT,-1,1.9,1,TP,21,10,381,0,9,-0.36,10.1,1.07,0.26,0.56,0.89,373,3,0.72,-0.24,-1,17,0.27
SUIUSDT,-1,-1.281,0,TIMEOUT,76,5,574,0,4,0.37,20.13,1.33,0.75,0.43,0.92,571,3,1.13,-0.69,-1,17,0.38
SUIUSDT,-1,1.9,1,TP,138,6,727,0,5,0.28,19.49,0.56,1.21,0.41,0.91,723,3,0.46,-0.22,-1,7,0.46
AVAXUSDT,1,-2.1,0,SL,1,14,177,0,13,0.07,3.8,1.36,1.37,0.77,1.4,222,0,2.11,-0.77,1,11,1.35
AVAXUSDT,1,1.9,1,TP,4,3,296,0,2,0.43,2.03,0.88,0.85,0.85,1.41,352,0,1.63,-1.1,1,16,0.82
AVAXUSDT,1,-2.1,0,SL,11,6,130,0,5,-0.38,1.9,1.24,0.83,0.61,0.84,39,0,1.75,-0.62,1,11,0.62
AVAXUSDT,1,1.9,1,TP,10,1,67,0,0,-3.19,2.87,0.74,0.74,0.7,0.52,74,0,1.45,0,1,15,0.45
AVAXUSDT,1,1.9,1,TP,9,1,218,0,0,-2.07,2.41,0.83,0.83,0.77,0.67,81,0,1.15,0,1,5,0.44
AVAXUSDT,-1,1.9,1,TP,4,15,314,0,14,0.04,0.4,3.95,0.92,2.14,0.84,57,0,2.14,-3.68,-1,1,2.36
AVAXUSDT,-1,1.9,1,TP,49,16,481,0,15,0.28,1.34,0.9,0.68,1.01,0.95,69,1,3.04,-0.39,-1,19,1.21
AVAXUSDT,-1,-2.1,0,SL,41,6,847,3,2,-0.71,-0.13,0.89,0.93,0.79,1.19,281,0,2.12,0.84,-1,15,0.84
AVAXUSDT,1,1.9,1,TP,4,11,8,0,10,0.1,3.22,14.36,1.19,1.87,0.61,1,0,4.75,-4.11,1,2,2.47
AVAXUSDT,1,1.9,1,TP,2,11,244,0,10,0.51,4.91,0.77,0.85,1.14,0.77,49,0,3.36,-1.82,1,13,0.88
AVAXUSDT,1,-2.1,0,SL,2,11,397,0,10,-0.1,4.51,1.95,1.34,1.5,0.76,202,0,3.67,-1.63,1,3,1.68
AVAXUSDT,1,1.9,1,TP,1,1,711,0,0,-2.01,14.16,1.75,1.75,2.03,0.58,526,0,3.6,0,1,10,2
AVAXUSDT,1,1.9,1,TP,1,1,1063,0,0,-2.57,21.54,2.18,2.18,2.37,0.4,878,0,3.11,0,1,2,4.99
AVAXUSDT,-1,1.9,1,TP,23,3,340,0,2,-0.16,2.75,1.13,0.82,1.19,1.55,271,0,1.33,-0.34,-1,20,0.81
AVAXUSDT,1,-2.1,0,SL,2,5,582,0,4,-0.24,11.43,1.16,1.41,1.73,0.84,258,0,5.11,-3.54,1,10,1.75
AVAXUSDT,1,1.9,1,TP,2,5,1153,0,4,-0.7,3.9,1.7,1.23,3.17,2,181,0,7.31,-6.6,1,9,3.98
AVAXUSDT,-1,-2.1,0,SL,7,15,208,0,14,-0.03,4.24,1.06,0.82,1.76,1.92,116,0,5.86,0.5,-1,7,1.61
AVAXUSDT,1,-2.1,0,SL,10,5,199,0,4,-0.16,0.11,0.8,1.09,1.94,1.75,531,0,3.67,-3.07,1,12,2.43
AVAXUSDT,-1,-2.1,0,SL,1,1,451,0,0,-1.76,15.68,0.86,0.86,2.08,0.47,394,0,6.13,0,-1,23,1.92
AVAXUSDT,1,-2.1,0,SL,1,13,205,0,12,-0.13,5.49,1.14,1.01,2.1,0.44,312,0,3.89,2.82,1,12,2.52
AVAXUSDT,1,-2.1,0,SL,3,4,402,0,3,-0.56,12.98,0.71,0.84,1.92,0.37,518,0,4.67,-1.16,1,13,1.69
AVAXUSDT,-1,1.9,1,TP,3,1,317,0,0,-2.85,0.25,1.96,1.96,1.22,2.08,1150,0,3.58,0,-1,19,2.59
AVAXUSDT,-1,-2.1,0,SL,6,5,585,0,4,-0.22,-1.09,0.96,0.84,1.15,1.68,253,0,1.46,-1.79,-1,14,1.29
AVAXUSDT,1,1.9,1,TP,4,7,207,0,6,-0.15,2.6,2.14,1.4,1.61,0.5,15,1,0.84,-2,1,8,1.88
AVAXUSDT,1,-2.1,0,SL,15,9,869,0,8,-0.41,5.25,1.17,1.2,1,0.62,226,0,2.72,-0.29,1,5,1.26
AVAXUSDT,1,1.9,1,TP,32,2,1017,0,1,0.17,5.81,0.93,2.2,1.31,0.61,381,0,3.16,-2.19,1,18,3.49
AVAXUSDT,-1,1.9,1,TP,4,4,387,0,3,0.08,9.86,0.94,0.84,1.73,0.77,1172,0,4.73,-2.25,-1,1,1.71
AVAXUSDT,-1,-2.1,0,SL,2,12,767,0,11,1.07,-0.87,1,1.1,1.85,0.79,50,0,4.55,-5.09,1,0,3.92
AVAXUSDT,1,-2.1,0,SL,5,9,312,0,8,0.01,15.65,0.84,1.72,1.5,0.61,395,0,4.17,0,1,13,1.75
AVAXUSDT,1,1.9,1,TP,6,4,669,0,3,0.11,12.07,1.2,1,0.8,1.57,284,0,1.78,-1.14,1,6,0.78
AVAXUSDT,1,1.9,1,TP,12,5,1322,0,4,-0.57,6.47,0.84,1.17,1.18,0.97,369,0,1.99,-0.34,1,2,0.82
AVAXUSDT,1,1.9,1,TP,6,4,189,0,3,-0.14,1.02,0.92,1.04,1.44,1.15,38,0,0.87,-1.45,1,12,1.65
AVAXUSDT,1,-2.1,0,SL,5,7,378,0,6,0.14,3.19,1.53,1.28,1.53,1.17,24,0,3.38,-2.97,1,11,1.54
AVAXUSDT,-1,1.9,1,TP,2,14,151,0,13,-0.19,0.77,1.3,1.03,2.69,2.38,1,0,5.65,-1.53,-1,7,1.55
AVAXUSDT,-1,1.9,1,TP,1,1,369,0,0,-2.8,6.38,5.15,5.15,2.74,3.81,89,0,6.33,0,-1,14,12.2
AVAXUSDT,-1,-2.1,0,SL,5,12,270,0,11,-0.08,8.94,0.99,0.87,1.45,2.5,527,0,4.25,-0.89,-1,4,1.47
AVAXUSDT,1,1.9,1,TP,8,13,166,0,12,-0.08,1.1,1.91,1.08,1.21,2.14,765,0,3.48,0.65,1,16,1.43
AVAXUSDT,-1,1.9,1,TP,18,13,124,0,12,-0.04,4.09,1.07,0.83,1.37,0.66,22,0,4.04,0.01,-1,15,1.56
AVAXUSDT,-1,1.9,1,TP,5,2,601,0,1,-0.91,11.72,1.76,1.42,1.28,1.06,262,0,3.48,1.25,-1,14,1.47
AVAXUSDT,1,1.9,1,TP,13,1,312,0,0,-1.82,9.08,1.36,1.36,0.84,0.96,356,0,0.82,0,1,4,1.11
AVAXUSDT,-1,1.9,1,TP,1,17,255,0,16,-0.19,9.17,1.75,1.02,1.59,1.07,375,0,3.52,0.6,-1,9,2.79
AVAXUSDT,-1,1.9,1,TP,5,17,658,0,16,-0.67,3.33,1.39,1.12,1.39,1.37,300,0,3.25,1.41,-1,13,1.14
AVAXUSDT,1,-2.1,0,SL,4,13,282,0,12,0.79,0.69,0.81,1.08,1.04,0.68,146,0,2.9,-1.62,1,2,2.25
AVAXUSDT,1,1.9,1,TP,4,1,246,0,0,-1.99,4.13,1.07,1.07,1.06,0.35,21,0,3.05,0,1,3,1.27
AVAXUSDT,-1,-2.1,0,SL,55,17,259,0,16,-0.26,6.45,4.25,0.46,0.79,0.89,249,0,2.35,-0.23,-1,21,0.67
AVAXUSDT,-1,1.9,1,TP,8,1,433,0,0,-2.12,2.65,0.95,0.95,0.93,0.5,3,0,0.68,0,-1,16,0.82
AVAXUSDT,-1,1.9,1,TP,9,1,991,0,0,-1.2,3.14,0.51,0.51,0.52,0.43,15,0,1.57,0,-1,12,0.49
AVAXUSDT,1,1.9,1,TP,17,1,238,0,0,-3.15,22.47,1.74,1.74,0.64,0.56,326,0,1.91,0,1,23,0.77
AVAXUSDT,1,1.9,1,TP,2,1,434,0,0,-3.24,25.32,0.8,0.8,0.68,0.54,522,0,1.87,0,1,0,0.62
AVAXUSDT,1,1.9,1,TP,2,3,584,0,2,0.25,15.79,2.49,3.69,1.25,0.53,670,0,1.12,-3.42,1,14,4.29
AVAXUSDT,1,-2.1,0,SL,22,11,912,0,10,-1.38,3.59,3.29,1.32,0.99,0.47,138,0,2.65,0.26,1,0,2.26
AVAXUSDT,1,1.9,1,TP,14,3,93,0,2,-0.02,8.73,0.71,1.1,0.9,0.32,190,0,2.52,-1.04,1,19,1.11
AVAXUSDT,1,1.9,1,TP,5,1,442,0,0,-3.67,12.02,2.15,2.15,0.99,0.44,301,0,1.07,0,1,11,0.79
AVAXUSDT,1,1.9,1,TP,9,12,798,0,11,0.35,20.76,0.83,0.75,0.83,0.41,646,0,1.33,-1.36,1,4,0.83
AVAXUSDT,1,1.9,1,TP,2,1,1064,0,0,-2.24,4.42,0.82,0.82,0.65,0.43,131,0,2.08,0,1,22,0.41
AVAXUSDT,1,1.9,1,TP,8,16,1758,0,15,0.08,3.9,4.19,0.73,2.76,0.9,56,0,7.66,1.4,1,4,2.96
AVAXUSDT,1,1.9,1,TP,4,5,1886,1,3,-0.08,0.93,1.02,0.78,1.56,1.13,83,0,4.86,1.19,1,12,1.25
AVAXUSDT,1,-2.1,0,SL,13,2,143,0,1,0.32,0.4,0.64,1.9,1.63,0.83,67,0,3.93,-2.02,1,10,3.03
AVAXUSDT,1,-2.1,0,SL,2,7,332,0,6,0.33,18.55,0.77,1.35,1.37,0.94,345,0,3.98,-2.53,1,11,1.94
AVAXUSDT,-1,1.9,1,TP,18,8,213,0,7,-0.47,0.95,2.5,0.99,1.2,0.66,163,0,3.21,-0.5,-1,9,1.1
AVAXUSDT,-1,1.9,1,TP,96,10,419,3,6,0.16,-1.11,0.65,0.71,0.91,1.1,132,0,1.74,-0.33,-1,1,0.67
AVAXUSDT,-1,-2.1,0,SL,22,2,1040,0,1,-0.68,9.88,0.49,0.67,0.89,0.36,524,0,0.38,0.3,-1,12,1.13
AVAXUSDT,1,1.9,1,TP,39,5,444,0,4,-0.7,29.02,0.56,0.72,0.58,0.27,617,0,1.63,-0.53,1,4,0.51
AVAXUSDT,-1,1.9,1,TP,31,7,269,0,6,-0.6,-0.51,1.72,0.91,0.58,0.71,131,0,1.75,-0.89,-1,4,0.67
AVAXUSDT,1,1.9,1,TP,12,1,424,0,0,-1.29,17.45,0.47,0.47,0.95,0.55,496,0,0.74,0,1,18,0.89
AVAXUSDT,1,-2.1,0,SL,19,5,765,0,4,0.28,1.81,0.55,1.46,1.15,1.23,62,1,3.07,-1.19,1,7,1.69
AVAXUSDT,1,1.9,1,TP,2,1,137,0,0,-3.33,10.54,2.57,2.57,1.12,0.46,271,0,3.01,0,1,2,1.02
AVAXUSDT,1,-2.1,0,SL,5,1,172,0,0,-2.66,7.69,0.94,0.94,1.3,1.05,189,0,3.35,0,1,9,0.9
AVAXUSDT,-1,1.9,1,TP,3,7,177,0,6,-0.77,12.38,0.63,0.96,1.02,1.11,342,0,3.23,0.42,-1,0,1.05
AVAXUSDT,-1,-2.1,0,SL,4,10,391,0,9,-0.21,5.2,0.58,0.69,1.47,0.41,175,0,3.04,-1.16,-1,5,0.96
AVAXUSDT,1,-2.1,0,SL,21,6,164,0,5,-0.08,2.27,0.76,0.86,0.96,0.75,56,0,2.64,-1.42,1,1,1.6
AVAXUSDT,-1,1.9,1,TP,19,5,84,0,4,-0.45,4.1,1.25,0.87,1.51,0.82,219,0,3.83,-1.89,-1,18,1.5
AVAXUSDT,-1,1.9,1,TP,5,1,351,0,0,-2.08,9.24,1.96,1.96,0.94,0.84,490,0,1.42,0,-1,13,1.39
AVAXUSDT,1,-2.1,0,SL,17,2,242,0,1,-0.09,2.64,0.53,0.6,0.94,0.63,22,0,2.61,-0.13,1,20,0.7
AVAXUSDT,-1,1.9,1,TP,3,1,273,0,0,-1.93,4.22,0.74,0.74,0.91,0.68,418,0,0.25,0,-1,23,0.72
AVAXUSDT,-1,1.9,1,TP,8,1,350,0,0,-5.79,4.44,4.68,4.68,0.86,0.52,155,0,0.39,0,-1,21,2.47
AVAXUSDT,-1,-2.1,0,SL,1,7,642,0,6,-0.01,28.72,1.08,0.38,1.26,0.68,441,0,3.58,-0.72,-1,22,1.16
AVAXUSDT,1,1.9,1,TP,8,1,245,0,0,-1.99,2.3,0.93,0.93,0.88,0.49,44,0,1.36,0,1,1,0.54
AVAXUSDT,1,-2.1,0,SL,2,5,601,0,4,-0.17,1.49,0.83,0.83,1.27,0.94,16,0,2.12,-2.69,1,18,1.1
AVAXUSDT,-1,1.9,1,TP,10,9,355,0,8,0.92,6.16,1.08,3.58,1.43,0.76,279,0,3.47,-2.22,-1,14,3.73
AVAXUSDT,-1,1.9,1,TP,9,1,115,0,0,-2.66,11.18,1.57,1.57,1.34,1.01,267,0,3.61,0,-1,22,1.92
AVAXUSDT,-1,-2.1,0,SL,17,9,404,0,8,-0.02,17.71,1,0.61,1.09,1.05,548,0,2.57,-0.81,-1,22,1.08
AVAXUSDT,-1,-2.1,0,SL,13,15,142,0,14,-0.36,6.3,0.66,0.63,0.71,0.38,33,0,2.3,0.19,-1,22,0.61
AVAXUSDT,-1,1.9,1,TP,19,1,393,0,0,-2.32,0.66,1.86,1.86,1.01,0.63,38,0,1.86,0,-1,13,1.12
AVAXUSDT,1,1.9,1,TP,13,1,270,0,0,-4.24,7.22,1.98,1.98,1.2,0.28,124,0,2.52,0,1,16,1.95
AVAXUSDT,1,1.9,1,TP,3,17,542,0,16,0.17,3.9,2.48,1.14,1.02,0.68,226,0,2.84,0.88,1,12,1.78
AVAXUSDT,-1,1.9,1,TP,18,17,237,0,16,0.19,2.38,3.02,0.65,0.76,0.36,276,0,2.26,-1.58,-1,20,0.52
AVAXUSDT,1,-2.1,0,SL,12,14,465,0,13,0.14,12.96,0.95,0.72,0.95,0.33,465,0,2.88,0.68,1,20,1.35
AVAXUSDT,-1,1.9,1,TP,20,1,108,0,0,-2,5.71,1.65,1.65,0.82,0.35,49,0,2.24,0,-1,19,1.66
AVAXUSDT,-1,1.9,1,TP,8,7,418,1,5,0.04,-1.7,0.98,0.67,0.98,0.4,170,0,2.97,-1.63,-1,0,0.68
AVAXUSDT,-1,1.9,1,TP,1,1,606,0,0,-2.2,1.7,2.72,2.72,0.64,1.09,96,2,1.13,0,-1,23,1.25
AVAXUSDT,-1,-2.1,0,SL,19,6,791,0,5,0.12,12.63,0.75,0.5,0.81,1.19,276,2,2.5,-1.11,-1,21,0.52
AVAXUSDT,-1,1.9,1,TP,4,15,242,0,14,-0.14,2.61,2.79,0.33,0.48,0.81,84,1,1.4,-1.29,-1,3,0.25
AVAXUSDT,-1,1.9,1,TP,4,1,443,0,0,-3.68,2.23,1.84,1.84,0.61,0.5,76,0,0.77,0,-1,13,1.02
AVAXUSDT,-1,-2.1,0,SL,20,9,1145,0,8,0.5,6.62,1.06,0.88,0.84,0.32,311,0,1.65,-1.35,-1,21,1.18
AVAXUSDT,-1,-2.1,0,SL,5,6,508,0,5,-0.02,3.42,1.24,1.91,2.39,1.9,129,0,6.38,-5.2,-1,23,3.63
AVAXUSDT,-1,-2.1,0,SL,1,9,834,3,5,-0.87,37.48,0.61,1.25,1.4,2.68,455,0,4.61,1.83,-1,8,1.71
AVAXUSDT,-1,1.9,1,TP,23,13,203,0,12,0.25,1.34,1.6,1.16,1.68,0.73,74,0,5.09,-3.88,-1,19,1.9
AVAXUSDT,-1,-2.1,0,SL,31,15,169,0,14,-0.18,5.35,2.73,0.66,1.15,0.52,50,0,3.35,-0.31,-1,14,0.92
AVAXUSDT,-1,-2.1,0,SL,17,2,188,0,1,-0.06,0.46,0.56,0.54,0.81,0.58,133,0,2.48,-0.42,-1,3,0.67
AVAXUSDT,-1,1.9,1,TP,4,8,316,0,7,-0.29,1.59,3.1,1.36,0.73,0.46,27,0,2.16,-1.05,-1,11,1.25
AVAXUSDT,1,1.9,1,TP,5,7,287,0,6,-0.85,1.03,1.52,1.14,1.23,0.35,128,0,1.95,0,1,8,1.09
AVAXUSDT,1,-2.1,0,SL,8,11,682,0,10,-0.24,-1.23,1.6,1.41,0.89,0.43,72,0,2.74,-1.27,1,11,0.67
AVAXUSDT,-1,1.9,1,TP,8,7,316,0,6,0.33,14.39,0.59,2.39,1.38,0.91,336,0,3.52,-1.61,-1,7,2.13
AVAXUSDT,1,1.9,1,TP,1,17,145,0,16,0.02,4.72,1.2,0.81,1.13,0.67,7,0,3.34,-0.22,1,0,1.45
AVAXUSDT,1,1.9,1,TP,4,1,248,0,0,-3.35,17.56,2.29,2.29,0.79,0.5,349,0,2.09,0,1,15,1.51
AVAXUSDT,1,1.9,1,TP,9,2,480,0,1,-0.01,5.43,1.14,1.3,1.75,0.51,200,0,3.3,-1.51,1,1,2.35
AVAXUSDT,1,-2.1,0,SL,3,1,735,0,0,-3.51,3.03,0.99,0.99,1.23,0.87,83,0,2.04,0,1,16,1.3
AVAXUSDT,-1,1.9,1,TP,5,1,124,0,0,-3.35,6.46,0.6,0.6,1,0.97,405,0,2.23,0,-1,1,0.57
AVAXUSDT,-1,-2.1,0,SL,2,4,207,0,3,-0.37,6.83,1.65,1.65,0.79,0.43,311,0,1,-1.65,-1,0,0.85
AVAXUSDT,1,-2.1,0,SL,8,16,498,0,15,-0.36,6.12,7.28,0.61,1.11,0.37,50,0,2.11,0.2,1,16,0.88
AVAXUSDT,1,-2.1,0,SL,32,13,739,0,12,-0.09,4.41,1.6,0.8,0.74,0.34,28,0,2.14,-0.13,1,4,0.84
AVAXUSDT,-1,1.9,1,TP,34,9,733,0,8,0.35,3.43,1.96,1,0.81,0.36,46,0,2.4,-2.49,-1,10,0.81
AVAXUSDT,1,1.9,1,TP,29,5,281,0,4,0.23,1.16,2.01,0.84,0.63,0.36,5,0,0.5,-1.24,1,5,0.52
AVAXUSDT,-1,1.9,1,TP,20,1,478,0,0,-2.89,4.05,4.92,4.92,0.65,0.51,59,0,1.52,0,-1,16,2.13
AVAXUSDT,-1,-2.1,0,SL,91,3,681,0,2,-0.23,0.17,0.66,0.66,0.71,0.42,20,0,2.11,-0.24,-1,18,0.54
AVAXUSDT,1,-1.219,0,TIMEOUT,134,3,115,1,1,0.18,1.43,0.34,0.75,0.67,0.34,97,0,2.06,-0.06,-1,3,0.5
AVAXUSDT,-1,1.9,1,TP,70,1,366,0,0,-1.77,1.98,1.96,1.96,0.33,0.18,75,0,0.95,0,-1,16,0.35
AVAXUSDT,1,-2.1,0,SL,71,1,149,0,0,-2.26,3.29,4.99,4.99,0.4,0.17,11,0,1.12,0,1,0,0.86
AVAXUSDT,-1,1.9,1,TP,38,16,272,0,15,-0.42,3.63,1.49,0.56,0.31,0.24,39,0,0.73,-0.48,-1,12,0.3
AVAXUSDT,1,1.9,1,TP,33,4,251,0,3,0.77,0.48,1.91,1.74,0.4,0.19,6,0,0.14,-0.82,1,21,0.96
AVAXUSDT,1,1.9,1,TP,7,1,297,0,0,-4.21,5.08,1.47,1.47,0.45,0.37,57,0,0.71,0,1,14,0.44
AVAXUSDT,1,1.9,1,TP,7,2,848,0,1,0.58,9.11,0.43,1.24,0.73,0.42,273,0,1.98,-0.96,1,8,1.21
AVAXUSDT,-1,-2.1,0,SL,14,7,166,0,6,-0.01,4.27,1.5,1.52,0.63,0.65,49,1,1.13,-0.53,-1,0,1.2
AVAXUSDT,1,-2.1,0,SL,9,17,4,0,16,-0.48,2.12,1.09,0.74,0.61,0.62,79,1,1.88,0.45,1,10,0.38
AVAXUSDT,-1,-2.1,0,SL,2,1,442,0,0,-4.93,20.73,6.2,6.2,1.4,0.74,334,0,1.34,0,-1,14,5.19
AVAXUSDT,-1,1.9,1,TP,23,15,130,0,14,0.01,5.08,0.76,0.71,0.33,0.18,21,0,1.1,-0.02,-1,23,0.2
AVAXUSDT,-1,1.9,1,TP,19,7,282,0,6,-0.83,6.32,1.63,0.97,0.6,0.18,181,0,1,-0.69,-1,13,0.61
AVAXUSDT,-1,-2.1,0,SL,7,8,139,0,7,-0.4,-0.52,1.17,0.4,0.41,0.13,52,0,1.19,-0.28,-1,9,0.21
AVAXUSDT,-1,1.9,1,TP,15,1,373,0,0,-2.67,2.55,2.82,2.82,0.65,0.35,43,0,1.42,0,-1,18,1.33
AVAXUSDT,-1,1.9,1,TP,131,4,513,0,3,0.03,2.44,2.49,0.87,0.38,0.2,72,0,1.09,-0.42,-1,5,0.34
AVAXUSDT,-1,-0.648,0,TIMEOUT,155,17,827,0,16,-0.6,4.56,1.22,1.26,0.18,0.62,75,0,0.57,0.05,-1,12,0.22
AVAXUSDT,-1,-1.366,0,TIMEOUT,58,7,1047,0,6,0.17,3.01,0.67,1.5,0.23,0.07,29,0,0.55,-0.25,-1,19,0.4
AVAXUSDT,-1,1.9,1,TP,15,1,1169,0,0,-1.24,0.86,0.31,0.31,0.37,0.17,20,0,0.58,0,-1,1,0.27
AVAXUSDT,-1,-0.137,0,TIMEOUT,65,4,1556,0,3,-0.84,4.4,0.58,0.69,0.28,0.11,21,0,0.66,-0.06,-1,2,0.3
AVAXUSDT,1,1.9,1,TP,21,3,682,0,2,-0.09,2.62,0.2,0.66,0.87,0.58,31,0,2.66,-0.05,1,20,0.87
AVAXUSDT,-1,1.9,1,TP,11,1,362,0,0,-1.86,0.1,0.67,0.67,0.8,0.57,127,0,0.69,0,-1,22,0.73
AVAXUSDT,1,1.9,1,TP,13,13,232,0,12,-0.15,5.3,2.67,1.69,1.1,0.5,352,0,2.28,-2.64,1,21,2.27
AVAXUSDT,1,-2.1,0,SL,22,7,362,0,6,-0.14,4.72,0.73,1.58,0.52,0.52,37,0,1.26,-0.23,1,5,0.56
AVAXUSDT,-1,-2.1,0,SL,15,8,351,0,7,-0.14,2.85,1.67,0.67,0.4,0.18,197,0,1.03,-0.47,-1,10,0.36
AVAXUSDT,-1,1.9,1,TP,29,17,402,0,16,0.29,4.32,0.64,0.83,0.49,0.18,239,0,1.52,-0.4,-1,22,0.61
AVAXUSDT,-1,1.9,1,TP,65,12,635,0,11,-0.16,1.89,3.01,0.78,0.42,0.38,42,1,1.29,-0.41,-1,9,0.4
AVAXUSDT,-1,1.9,1,TP,7,1,866,0,0,-1.4,15.19,0.61,0.61,0.34,0.32,166,0,0.84,0,-1,18,0.32
AVAXUSDT,-1,1.9,1,TP,7,7,1132,0,6,-0.64,2.94,3.72,0.79,0.45,0.34,49,1,0.26,-0.47,-1,13,0.41
AVAXUSDT,-1,1.9,1,TP,13,1,1513,0,0,-0.69,2.03,0.45,0.45,0.81,0.43,130,0,2.5,0,-1,12,0.56
AVAXUSDT,1,-2.1,0,SL,10,15,178,0,14,-0.4,9.94,0.87,0.65,0.77,0.3,548,0,2.26,0.54,1,18,0.47
AVAXUSDT,-1,-2.1,0,SL,4,1,165,0,0,-3.27,3.86,2.07,2.07,1.54,0.53,23,0,0.84,0,-1,19,1.95
AVAXUSDT,-1,1.9,1,TP,21,14,191,0,13,-0.01,1.23,1.61,2,0.42,0.36,1,0,1.19,0.02,-1,9,0.81
AVAXUSDT,1,-2.1,0,SL,1,5,160,0,4,-0.78,2.61,2.07,3.17,0.76,0.5,6,0,0.99,-0.37,1,15,1.94
AVAXUSDT,1,1.9,1,TP,41,5,393,0,4,-0.13,1.91,0.72,1.21,0.56,0.34,147,0,1.5,-0.73,1,1,0.67
AVAXUSDT,-1,-2.1,0,SL,190,9,161,2,6,0.27,-1.11,0.76,1.12,0.52,0.84,93,1,0.73,-0.25,-1,16,0.6
AVAXUSDT,-1,1.9,1,TP,19,1,372,0,0,-2.16,4.35,0.65,0.65,0.57,0.22,109,0,0.57,0,-1,20,0.29
AVAXUSDT,-1,-2.1,0,SL,10,13,639,0,12,-0.09,3.96,3.13,0.97,0.43,0.11,50,0,1.21,-0.47,-1,15,0.59
AVAXUSDT,1,-2.1,0,SL,57,7,165,0,6,-1.17,1.57,1.42,5.64,0.57,0.28,15,0,0.85,0.1,1,17,1.77
AVAXUSDT,-1,1.9,1,TP,39,10,484,0,9,-0.71,5.27,1.41,0.49,0.62,0.26,86,0,1.79,-0.3,-1,16,0.66
AVAXUSDT,1,1.9,1,TP,3,1,166,0,0,-1.41,2.95,0.43,0.43,0.37,0.23,13,0,0.75,0,1,21,0.26
AVAXUSDT,-1,1.9,1,TP,31,6,87,0,5,-0.31,1.05,0.71,0.6,0.38,0.24,187,0,0.74,-0.01,-1,18,0.23
AVAXUSDT,-1,1.9,1,TP,20,1,198,0,0,-2.73,2.48,2.8,2.8,0.44,0.33,31,0,0.63,0,-1,20,0.52
AVAXUSDT,-1,-2.1,0,SL,25,1,681,0,0,-3.74,3.42,3.73,3.73,1.17,0.54,110,0,0.39,0,-1,20,2.69
AVAXUSDT,-1,-2.1,0,SL,8,7,158,0,6,0.56,1.05,4.22,2.28,0.4,0.18,157,0,1.06,-1.26,-1,15,0.76
AVAXUSDT,1,1.9,1,TP,5,15,284,0,14,-0.07,1,3.22,1.01,0.83,0.39,116,0,2.25,-0.56,1,19,1.3
AVAXUSDT,1,1.9,1,TP,21,1,411,0,0,-3.59,3.84,1.2,1.2,0.52,0.28,3,0,1.05,0,1,3,0.38
AVAXUSDT,1,1.9,1,TP,21,3,263,0,2,-1.07,1.06,1.19,4.2,0.5,0.4,167,0,0.88,0.48,1,22,1.5
AVAXUSDT,-1,1.9,1,TP,32,8,109,0,7,0.13,2.8,3.29,0.72,0.91,0.45,9,0,1.25,-0.81,-1,15,0.62
AVAXUSDT,-1,1.9,1,TP,61,8,136,0,7,0.09,3.34,0.65,1.2,0.36,0.28,140,0,1.11,-0.57,-1,12,0.48
AVAXUSDT,1,1.9,1,TP,6,15,177,0,14,0.01,21.04,0.57,1.73,0.57,0.19,169,0,1.81,0.13,1,13,0.78
AVAXUSDT,-1,1.9,1,TP,207,18,326,2,15,-0.64,0.65,0.72,0.28,0.55,0.97,124,1,1.64,0.63,-1,19,0.46
AVAXUSDT,-1,-0.647,0,TIMEOUT,95,13,1006,0,12,0.64,-0.61,3.03,0.34,0.32,0.74,147,1,0.99,-0.87,1,21,0.3
AVAXUSDT,-1,1.9,1,TP,66,8,1301,0,7,0.07,2.6,0.28,0.32,0.44,0.3,7,0,0.38,-0.61,-1,23,0.42
AVAXUSDT,-1,1.9,1,TP,208,10,1563,0,9,-2.44,2.32,4.61,6.55,0.46,0.33,92,0,1.04,0.68,-1,16,1.87
AVAXUSDT,-1,1.9,1,TP,16,1,394,0,0,-0.61,14.69,0.76,0.76,0.18,0.2,533,0,0.46,0,-1,15,0.21
AVAXUSDT,-1,1.9,1,TP,18,4,932,0,3,-0.08,18.47,0.7,3.21,0.27,0.62,341,0,0.64,-0.42,-1,5,0.57
AVAXUSDT,1,1.9,1,TP,9,1,86,0,0,-2.09,4.24,0.59,0.59,0.35,0.26,16,0,0.28,0,1,13,0.17
AVAXUSDT,-1,1.9,1,TP,91,7,371,0,6,0,18.9,0.67,0.57,0.23,0.49,313,0,0.72,-0.28,-1,23,0.18
AVAXUSDT,-1,-2.1,0,SL,29,2,718,0,1,-0.17,1.32,0.79,1.63,0.28,0.05,63,0,0.27,-0.18,-1,14,0.46
AVAXUSDT,1,-2.1,0,SL,34,17,14,0,16,-0.06,3.34,1.23,0.39,0.36,0.05,94,0,1.02,-0.02,1,1,0.25
AVAXUSDT,-1,-2.1,0,SL,28,4,291,0,3,0.51,-0.97,1.31,1.93,0.38,0.69,135,0,1.12,-0.61,-1,0,0.77
AVAXUSDT,-1,-2.1,0,SL,38,4,535,0,3,-0.19,2.99,0.6,1.17,0.31,0.19,23,0,0.43,-0.39,-1,13,0.34
AVAXUSDT,-1,1.9,1,TP,21,9,318,0,8,-0.67,1.82,1.18,1.18,0.43,0.28,9,0,1.05,0.3,-1,14,0.5
AVAXUSDT,-1,-2.1,0,SL,71,12,751,0,11,-0.81,1.93,2.73,0.55,0.53,0.31,1,0,0.99,0.11,-1,2,0.5
AVAXUSDT,1,1.9,1,TP,33,1,125,0,0,-2.9,0.42,1.19,1.19,0.26,0.34,69,0,0.82,0,1,7,0.39
AVAXUSDT,-1,1.9,1,TP,22,11,224,0,10,0.45,14.76,0.41,0.99,0.54,0.28,239,0,1.6,-0.69,-1,21,0.57
AVAXUSDT,-1,-1.456,0,TIMEOUT,50,4,673,0,3,0.8,-0.87,0.5,1.93,0.25,0.21,159,0,0.62,-0.41,-1,13,0.57
AVAXUSDT,1,1.9,1,TP,8,1,562,0,0,-2.61,2.11,2.08,2.08,0.75,0.63,179,0,2.15,0,1,2,1.44
AVAXUSDT,1,-2.1,0,SL,15,14,780,0,13,-1.21,6.57,1.96,0.77,0.56,0.25,25,0,1.67,-0.02,1,9,0.78
AVAXUSDT,1,1.9,1,TP,1,1,1203,0,0,-3.44,0.86,2.49,2.49,1.25,0.66,124,0,0.94,0,1,18,2.84
AVAXUSDT,1,1.9,1,TP,109,12,1399,5,6,-0.46,-0.62,0.9,0.55,0.77,0.5,140,0,1.75,0.07,1,19,0.63
AVAXUSDT,1,1.9,1,TP,23,7,1882,0,6,-0.24,1.83,1.61,1.47,0.58,0.2,30,0,1.64,-0.65,1,20,0.96
AVAXUSDT,1,-2.1,0,SL,14,6,2011,0,5,-0.55,0.35,1.15,0.71,0.85,0.4,84,0,2.16,-0.73,1,4,0.78
AVAXUSDT,1,-2.1,0,SL,16,10,333,0,9,0.03,4.99,0.5,0.76,1.27,0.79,99,0,2.92,-0.04,1,20,1.75
AVAXUSDT,1,1.9,1,TP,8,7,434,0,6,-1.12,7.17,2.05,0.8,0.92,0.79,203,0,2.65,-0.72,1,21,1.06
AVAXUSDT,-1,-2.1,0,SL,29,4,430,0,3,0.15,1.29,0.68,0.79,0.45,0.52,63,0,0.71,-0.18,-1,14,0.46
AVAXUSDT,-1,-2.1,0,SL,2,14,546,0,13,-0.14,2.74,7.13,0.39,0.7,0.52,169,0,0.85,-1.34,-1,19,0.33
AVAXUSDT,1,1.9,1,TP,12,5,459,0,4,0.1,2.4,0.51,0.84,0.62,0.14,207,0,0.98,-0.85,1,3,0.55
AVAXUSDT,1,-2.1,0,SL,14,11,554,0,10,0.02,3.54,1.92,0.91,1.06,0.14,296,0,2.23,-0.93,1,3,0.9
AVAXUSDT,1,1.9,1,TP,4,7,324,0,6,-2.72,2.44,1.23,2.06,0.95,0.47,9,0,2.13,1.88,1,22,2.82
AVAXUSDT,1,-2.1,0,SL,11,4,498,0,3,-0.16,4.77,0.59,0.61,1,0.45,171,0,2.63,-0.21,1,17,0.78
AVAXUSDT,-1,1.9,1,TP,12,10,291,0,9,0.07,13.77,1.45,0.28,0.95,0.54,555,0,2.88,-1.77,-1,19,0.75
AVAXUSDT,-1,1.9,1,TP,14,6,505,0,5,-0.03,1.92,0.81,0.32,0.8,0.72,162,0,2.24,-0.89,-1,0,0.38
AVAXUSDT,-1,1.9,1,TP,16,6,169,0,5,-0.1,2.75,0.52,0.89,0.89,0.58,15,0,2.79,-0.47,-1,6,0.81
AVAXUSDT,1,1.9,1,TP,2,1,178,0,0,-2.93,0.92,4.05,4.05,1.5,0.71,130,0,1.58,0,1,21,2.63
AVAXUSDT,-1,1.9,1,TP,56,9,198,0,8,-0.04,1.66,0.94,0.57,0.86,0.72,71,0,2.06,-1.7,-1,1,0.55
AVAXUSDT,-1,1.9,1,TP,29,1,868,0,0,-2.4,14.78,3.63,3.63,0.67,0.66,523,0,1.36,0,-1,1,1.35
AVAXUSDT,1,1.9,1,TP,13,10,183,0,9,-0.34,5.5,2.13,1.73,0.83,0.43,66,0,2.36,0.43,1,12,0.9
AVAXUSDT,1,1.9,1,TP,49,10,500,0,9,-0.07,2.38,0.73,1.11,0.86,0.57,89,0,2.57,0.17,1,20,0.8
AVAXUSDT,1,1.9,1,TP,12,15,456,0,14,0.1,4.16,1.77,0.93,0.86,0.47,197,0,1.66,0.16,1,19,1.18
AVAXUSDT,1,1.9,1,TP,22,1,606,0,0,-4.69,1.82,5.81,5.81,0.64,0.68,79,0,0.7,0,1,9,2.04
AVAXUSDT,-1,1.9,1,TP,19,3,289,0,2,-0.32,4.7,0.41,0.4,0.57,0.71,602,0,1.27,-0.12,-1,20,0.41
AVAXUSDT,-1,1.9,1,TP,63,1,589,0,0,-1.58,14.63,1.08,1.08,0.7,0.76,904,0,1.74,0,-1,23,1.08
AVAXUSDT,1,-2.1,0,SL,13,15,436,0,14,0.11,2.54,1.01,0.89,0.75,0.58,114,0,2.25,0.76,1,5,0.78
AVAXUSDT,1,-2.1,0,SL,26,3,650,0,2,0.1,2.32,2.87,1.94,0.85,0.58,340,0,1.69,-1.74,1,10,1.78
AVAXUSDT,-1,1.9,1,TP,8,16,6,0,15,0.06,3.15,1.66,0.3,2.16,0.63,474,0,6.56,1.98,-1,23,0.88
AVAXUSDT,-1,-2.1,0,SL,7,3,73,0,2,0.16,4.48,0.66,0.79,1.13,0.62,554,0,3.31,-0.87,-1,16,0.78
AVAXUSDT,1,-2.1,0,SL,6,6,281,0,5,-0.7,6.45,3.45,1.4,0.45,0.57,907,0,1.35,-0.5,1,9,0.53
AVAXUSDT,1,-2.1,0,SL,1,7,421,0,6,-0.12,1.42,0.41,1.49,1.96,0.86,68,0,3.6,-0.86,1,19,2.69
AVAXUSDT,1,1.9,1,TP,1,8,585,0,7,-0.03,0.41,0.67,1.01,1.47,0.88,231,0,1.32,-2.29,1,12,1.25
AVAXUSDT,-1,-2.1,0,SL,3,6,190,1,4,-0.26,-0.03,1.81,0.93,1.19,0.38,9,0,3.41,0.59,-1,2,1.5
AVAXUSDT,-1,-2.1,0,SL,51,14,401,0,13,0.06,0.42,1.02,0.9,0.57,0.39,211,0,1.74,-0.41,-1,7,0.74
AVAXUSDT,-1,-2.1,0,SL,32,3,328,0,2,0.32,3.65,0.83,1.13,0.46,0.28,263,0,1.38,-0.57,-1,0,0.51
AVAXUSDT,-1,-2.1,0,SL,19,1,448,0,0,-2.51,2.03,1.26,1.26,0.91,0.92,2,1,1.04,0,-1,6,0.66
AVAXUSDT,-1,1.9,1,TP,6,8,810,0,7,0.08,19.15,0.53,0.54,0.58,0.55,336,0,1.74,-0.28,-1,0,0.87
AVAXUSDT,-1,1.9,1,TP,3,1,576,0,0,-2.25,0.2,1.69,1.69,1.62,2.14,81,1,2.06,0,-1,18,2.32
AVAXUSDT,-1,-2.1,0,SL,13,6,900,0,5,0.12,3.2,2.22,1.24,1.37,2.23,400,1,3.34,-3.24,-1,3,1.44
AVAXUSDT,1,1.9,1,TP,5,13,154,0,12,0.04,1.43,0.6,1.78,0.74,0.45,81,0,2.21,-0.13,1,8,1.09
AVAXUSDT,1,-2.1,0,SL,24,3,342,0,2,-0.39,5.1,0.96,0.39,0.65,0.44,279,0,1.97,-0.11,1,7,0.36
AVAXUSDT,-1,1.9,1,TP,6,10,413,0,9,-1,2.8,1.14,1.02,0.54,0.44,30,0,1.59,-0.48,-1,1,0.65
AVAXUSDT,-1,1.9,1,TP,16,1,255,0,0,-1.78,5.36,1.2,1.2,0.79,0.53,265,0,0.48,0,-1,15,0.66
AVAXUSDT,-1,1.9,1,TP,22,8,578,0,7,-0.72,4.73,0.55,1.94,0.48,0.88,26,2,1.54,-0.15,-1,0,0.6
AVAXUSDT,-1,-2.1,0,SL,44,17,589,0,16,-0.01,2.95,2.33,1.19,0.47,0.43,8,0,1.43,-0.51,-1,4,0.55
AVAXUSDT,1,-2.1,0,SL,8,4,225,0,3,0.48,2.71,1.02,1.34,0.63,0.41,353,0,0.91,-1.39,1,15,0.95
AVAXUSDT,-1,1.9,1,TP,69,6,248,0,5,-0.16,5.86,2.4,1.27,0.51,0.14,221,0,1.04,-0.78,-1,8,0.45
AVAXUSDT,-1,1.9,1,TP,2,1,68,0,0,-2.46,4.49,1.21,1.21,0.72,0.38,13,0,1.75,0,-1,15,1.35
AVAXUSDT,1,1.9,1,TP,14,1,88,0,0,-3.69,7.33,2.9,2.9,0.68,0.3,369,0,1.91,0,1,9,1.05
AVAXUSDT,1,1.9,1,TP,38,14,381,0,13,-0.23,10.56,1.41,0.62,0.55,0.34,270,0,1.13,-0.41,1,10,0.64
AVAXUSDT,-1,1.9,1,TP,16,1,66,0,0,-1.46,6.33,0.46,0.46,0.85,0.93,26,0,2.35,0,-1,20,0.47
AVAXUSDT,1,1.9,1,TP,35,14,169,0,13,0.62,-1.69,2.53,1.96,0.93,0.52,321,0,2.5,-1.19,1,19,2.4
AVAXUSDT,-1,1.9,1,TP,12,4,380,0,3,0.73,0.11,3.6,1.46,0.99,0.42,33,0,0.19,-2.13,-1,21,2.04
AVAXUSDT,-1,1.9,1,TP,2,3,354,0,2,1.3,0.31,1.06,2.5,0.78,0.34,100,0,1.94,-1.5,1,13,1.72
AVAXUSDT,1,-2.1,0,SL,9,14,391,0,13,-0.23,1.88,0.71,1.07,0.57,0.8,13,1,1.53,0.26,1,9,0.62
AVAXUSDT,-1,1.9,1,TP,16,5,316,0,4,-0.05,1.45,1.65,0.45,0.49,0.43,189,0,0.72,-0.47,-1,3,0.24
AVAXUSDT,1,1.9,1,TP,20,1,141,0,0,-3.51,5.11,3.12,3.12,0.56,0.36,58,0,1.26,0,1,0,1.29
AVAXUSDT,1,-2.1,0,SL,5,6,713,0,5,-0.78,6.49,3.33,1.5,0.64,0.59,209,0,1.85,-0.84,1,23,0.97
AVAXUSDT,-1,-2.1,0,SL,2,7,114,0,6,-0.46,11.06,0.75,0.32,0.96,0.75,175,0,2.8,0.16,-1,18,0.51
AVAXUSDT,-1,1.9,1,TP,75,1,215,0,0,-2.14,14.47,0.67,0.67,0.91,0.77,282,0,1.93,0,-1,19,0.81
AVAXUSDT,-1,1.9,1,TP,19,15,692,0,14,0.33,4.37,0.87,0.78,0.56,0.67,8,0,1.7,-0.74,-1,19,0.47
AVAXUSDT,-1,-2.1,0,SL,57,6,898,0,5,0.07,7.2,0.26,0.88,0.57,0.69,223,0,1.77,-0.14,-1,22,0.54
AVAXUSDT,1,1.9,1,TP,60,4,446,0,3,0.28,0.01,0.64,0.64,0.52,1.16,69,1,0.7,-0.53,1,20,0.59
AVAXUSDT,-1,1.9,1,TP,12,17,255,0,16,-0.69,11.79,1.49,0.9,0.39,0.32,244,0,1.18,0.42,-1,13,0.54
AVAXUSDT,1,-2.1,0,SL,74,3,250,0,2,0.32,1.68,1.7,2.14,0.53,0.36,44,0,1.41,-1.33,1,15,1.17
AVAXUSDT,1,-2.1,0,SL,79,5,401,0,4,-0.25,1.12,0.96,0.64,0.79,0.36,193,0,0.6,-0.92,1,4,0.4
AVAXUSDT,1,1.9,1,TP,13,5,705,0,4,0.06,0.75,1.48,2.32,0.45,0.51,167,0,1.34,-0.79,1,8,0.56
AVAXUSDT,1,1.9,1,TP,13,5,143,0,4,-0.23,2.95,1.77,1.3,0.48,0.43,174,0,1.14,-0.16,1,9,0.46
AVAXUSDT,-1,-1.323,0,TIMEOUT,105,4,318,0,3,0.66,1.87,1.49,0.8,0.31,0.41,356,0,0.46,-0.4,-1,14,0.42
AVAXUSDT,-1,-1.881,0,TIMEOUT,36,7,238,0,6,-0.34,10.21,0.68,1.82,0.37,0.42,146,0,1.16,-0.42,-1,12,0.51
AVAXUSDT,-1,-2.1,0,SL,41,1,303,0,0,-3.5,12.12,3.38,3.38,0.46,0.43,217,0,1.29,0,-1,4,1.06
AVAXUSDT,-1,-2.1,0,SL,5,6,598,0,5,-0.8,4.79,0.73,1.15,0.5,0.27,216,0,0.8,0.04,-1,6,0.45
AVAXUSDT,1,-2.1,0,SL,13,17,1,0,16,0.4,4.32,2.3,1.82,0.58,0.25,11,0,1.62,-0.35,1,13,1.09
AVAXUSDT,-1,1.9,1,TP,52,2,139,0,1,-0.19,0.59,0.31,0.21,0.47,0.27,70,0,1.54,0.04,-1,23,0.21
AVAXUSDT,-1,1.9,1,TP,4,14,413,0,13,0.68,11.13,1.15,4.41,0.64,0.48,242,1,1.67,-1.3,-1,20,1.77
AVAXUSDT,1,-2.1,0,SL,2,13,771,0,12,-0.34,5.07,0.87,0.69,1.27,0.68,233,0,2.67,-1.11,1,18,1.61
AVAXUSDT,1,1.9,1,TP,12,5,406,0,4,0.52,7.76,2.17,2,0.95,0.99,524,1,0.96,-2.65,1,11,1.94
AVAXUSDT,1,1.9,1,TP,5,1,285,0,0,-2.13,19.68,0.89,0.89,1.04,0.6,400,0,1.83,0,1,6,1.45
AVAXUSDT,1,1.9,1,TP,20,2,472,0,1,-0.16,16.91,0.81,0.58,1.26,0.6,586,0,1.4,-0.18,1,4,0.71
AVAXUSDT,1,1.9,1,TP,10,6,695,0,5,0.26,3.94,0.72,1.53,0.7,0.31,69,0,2.07,-0.36,1,12,0.9
AVAXUSDT,1,1.9,1,TP,3,5,942,0,4,0.28,2.33,1.23,2.15,1.04,0.2,69,0,2.24,-1.74,1,2,1.51
AVAXUSDT,1,-2.1,0,SL,5,17,1606,0,16,-0.29,22.53,0.61,1.4,0.78,0.17,721,0,2.28,0.99,1,0,1.18
AVAXUSDT,-1,-2.1,0,SL,15,11,161,0,10,-0.58,1.59,0.86,0.95,0.7,0.36,91,0,2.17,0.53,-1,13,0.71
AVAXUSDT,-1,1.9,1,TP,20,1,295,0,0,-1.85,3.02,2.83,2.83,0.89,0.36,235,0,1.67,0,-1,22,0.9
AVAXUSDT,-1,1.9,1,TP,12,1,642,0,0,-2.53,20.65,3.13,3.13,1.34,0.45,582,0,0.76,0,-1,13,2.66
AVAXUSDT,-1,1.9,1,TP,28,1,307,0,0,-2.09,4.4,1.28,1.28,0.57,0.36,256,0,1.55,0,-1,15,0.63
AVAXUSDT,-1,-2.1,0,SL,26,1,446,0,0,-1.69,7.88,0.41,0.41,0.74,0.37,395,0,2.31,0,-1,1,0.47
AVAXUSDT,-1,-2.1,0,SL,37,4,560,0,3,-0.11,5.92,0.62,0.71,0.43,0.66,48,0,1.21,-0.12,-1,6,0.43
AVAXUSDT,-1,-2.1,0,SL,84,2,316,0,1,-0.07,-0.37,0.58,1.4,0.61,0.43,41,0,2.04,-0.13,-1,0,0.51
AVAXUSDT,-1,-2.1,0,SL,3,6,507,0,5,-0.09,3,1.18,0.49,0.47,0.43,29,0,1.42,-0.92,-1,23,0.33
AVAXUSDT,-1,1.9,1,TP,11,3,149,0,2,-0.7,0.19,0.45,7.66,1.44,0.63,16,0,2.41,0.41,-1,21,4.95
AVAXUSDT,-1,1.9,1,TP,24,1,362,0,0,-1.89,1.37,0.58,0.58,0.74,1.1,151,1,1.74,0,-1,2,0.42
AVAXUSDT,-1,-2.1,0,SL,56,4,549,0,3,0.22,1.8,1.23,0.91,0.66,0.57,63,0,1.99,-1.62,-1,1,0.59
AVAXUSDT,-1,1.9,1,TP,9,11,252,0,10,0.05,1.84,1.74,0.6,0.64,0.41,33,0,1.91,-0.68,-1,17,0.57
AVAXUSDT,-1,-2.1,0,SL,3,18,251,7,10,0.03,-1.26,1.16,0.7,1.18,2.36,120,0,3.63,0.63,-1,10,1.19
AVAXUSDT,-1,-2.1,0,SL,3,11,592,0,10,0.04,2.31,1.25,0.67,0.96,0.69,4,0,2.9,-0.66,-1,23,1.04
AVAXUSDT,-1,-2.1,0,SL,18,6,800,0,5,1.77,-1.43,0.61,3.11,1.27,0.53,91,0,1.06,-4.97,1,3,2.78
AVAXUSDT,1,-2.1,0,SL,17,16,234,0,15,-0.36,-0.08,0.77,0.57,0.84,0.59,30,1,1.41,0.49,1,0,0.51
AVAXUSDT,1,1.9,1,TP,13,8,373,0,7,0,1.87,1.67,0.65,0.6,0.24,7,0,1.11,-0.97,1,11,0.48
AVAXUSDT,-1,-2.1,0,SL,7,6,145,0,5,-0.25,-0.24,0.84,0.68,0.79,0.51,55,0,2.03,-1.35,-1,20,0.81
AVAXUSDT,1,1.9,1,TP,16,1,162,0,0,-1.65,14.26,1.78,1.78,0.59,0.46,317,0,1.15,0,1,12,0.83
AVAXUSDT,-1,-2.1,0,SL,6,4,304,0,3,0.08,4.91,0.64,1.28,1.38,0.81,193,1,3.04,-1.94,-1,20,1.64
AVAXUSDT,-1,1.9,1,TP,16,2,403,0,1,-0.61,4.12,1.24,1.15,0.91,0.79,294,1,0.66,-0.38,-1,21,1.15
AVAXUSDT,-1,-2.1,0,SL,18,11,570,0,10,-0.71,12.62,0.77,0.99,0.67,0.82,452,1,1.97,0.48,-1,15,0.99
AVAXUSDT,-1,1.9,1,TP,13,1,131,0,0,-2.26,10.78,2.09,2.09,0.57,0.72,242,0,1.73,0,-1,10,0.77
AVAXUSDT,1,1.9,1,TP,13,4,199,0,3,-0.31,12.6,1.65,1.61,1.01,0.99,337,0,2.27,-1.57,1,16,1.44
AVAXUSDT,1,-2.1,0,SL,18,4,515,0,3,0.3,1.03,0.32,0.54,0.59,1.56,41,3,0.33,-0.44,1,23,0.53
AVAXUSDT,-1,-2.1,0,SL,6,6,491,0,5,0.43,-1.61,0.99,8.51,0.88,0.48,350,0,0.96,-1.16,-1,7,4.51
AVAXUSDT,-1,-2.1,0,SL,10,5,703,0,4,-0.57,3.19,1.73,1.95,0.94,0.4,6,0,1.98,-1.81,-1,12,1.83
AVAXUSDT,-1,1.9,1,TP,13,5,1113,4,0,-2.15,0.01,0.78,0.78,1.19,0.75,186,0,1.85,0.37,-1,19,0.89
AVAXUSDT,1,-2.1,0,SL,2,3,384,0,2,0.07,-0.38,0.7,3.22,0.74,0.3,29,0,1.7,-1.43,1,19,1.52
AVAXUSDT,1,-2.1,0,SL,9,6,458,0,5,0.67,0.58,1.07,2,0.81,0.3,100,0,2.21,-1.5,1,13,1.45
AVAXUSDT,-1,-1.952,0,TIMEOUT,45,2,260,0,1,-0.14,14.95,0.61,0.82,0.39,0.32,502,0,1.21,-0.1,-1,17,0.47
AVAXUSDT,1,1.9,1,TP,6,12,152,0,11,0.08,-1.41,0.81,1.76,0.61,0.48,60,0,0.86,-0.83,1,4,0.89
AVAXUSDT,1,1.9,1,TP,7,1,283,0,0,-2.5,4.63,1.88,1.88,0.62,0.47,131,0,1.61,0,1,13,0.92
AVAXUSDT,1,-2.1,0,SL,12,2,585,0,1,-0.78,3.16,0.98,1.14,0.9,0.27,107,0,2.1,0.69,1,16,1.03
AVAXUSDT,1,-2.1,0,SL,6,3,716,0,2,-0.56,3.31,2,4.45,0.6,0.27,237,0,1.42,-1.03,1,1,1.93
AVAXUSDT,1,-2.1,0,SL,16,11,846,0,10,-0.06,0.79,1.21,0.95,0.55,0.28,359,0,0.42,-0.71,1,9,0.6
AVAXUSDT,-1,-2.1,0,SL,8,6,2,0,5,-0.05,2.01,0.93,0.71,0.79,0.28,395,0,2.31,-1,-1,17,0.97
AVAXUSDT,-1,1.9,1,TP,92,1,349,0,0,-2.06,2.14,1.1,1.1,0.57,0.38,33,0,0.56,0,-1,8,0.47
AVAXUSDT,-1,-2.1,0,SL,27,14,869,0,13,0.24,3.19,1.56,1.22,0.63,0.36,16,0,1.67,-0.03,-1,18,1.14
AVAXUSDT,1,-2.1,0,SL,15,5,390,0,4,-0.17,12.59,8.78,2.61,1.33,0.3,333,0,3.23,-2.59,1,8,2.3
AVAXUSDT,1,1.9,1,TP,11,1,520,0,0,-1.97,4.28,0.84,0.84,0.83,0.31,34,0,1.79,0,1,16,0.56
AVAXUSDT,-1,-2.1,0,SL,9,11,343,0,10,-0.18,4.16,0.54,0.61,1.02,0.73,284,0,2.01,0.28,-1,21,0.96
AVAXUSDT,1,-2.1,0,SL,111,11,96,0,10,0.05,7.5,1.33,0.51,0.59,0.45,136,0,1.69,-0.46,1,10,0.38
AVAXUSDT,1,-2.1,0,SL,21,8,263,0,7,-0.5,7.63,2,0.97,0.81,0.44,306,0,2.14,-0.49,1,4,0.86
AVAXUSDT,-1,-2.1,0,SL,9,11,250,0,10,-0.45,18.77,0.98,1.02,0.53,0.52,627,0,1.56,0.17,-1,13,0.43
AVAXUSDT,-1,-2.1,0,SL,37,3,343,0,2,0.39,1.48,0.82,1.04,0.61,0.37,80,0,1.68,-0.62,-1,12,0.79
AVAXUSDT,1,1.9,1,TP,7,1,139,0,0,-2.07,11.12,0.69,0.69,0.51,0.64,280,0,1.14,0,1,17,0.47
AVAXUSDT,1,1.9,1,TP,11,4,220,0,3,-0.25,7.91,0.73,1.21,0.65,0.65,358,0,0.51,-0.8,1,13,1.12
AVAXUSDT,-1,1.9,1,TP,11,17,302,0,16,0.44,2.89,2.8,0.5,0.77,0.48,58,1,2.22,0.26,-1,20,0.86
AVAXUSDT,1,1.9,1,TP,34,5,605,0,4,0,0.97,0.82,0.6,0.58,0.7,122,0,1.76,-0.8,1,5,0.55
AVAXUSDT,1,1.9,1,TP,46,8,1243,0,7,-0.06,10.89,4.14,1.26,0.98,0.52,544,0,2.61,-2.62,1,21,1.13
AVAXUSDT,-1,1.9,1,TP,12,12,194,0,11,0.18,5.59,2.17,0.55,0.69,0.81,169,1,1.97,-0.61,-1,16,0.69
AVAXUSDT,1,-2.1,0,SL,12,14,358,0,13,0.49,2.38,1.38,1.37,0.55,0.46,32,1,1.45,-0.94,1,7,0.67
AVAXUSDT,1,-2.1,0,SL,2,7,202,0,6,0.21,-2.6,2.18,8.5,1.03,0.91,130,0,1.44,-1.09,1,19,4.85
AVAXUSDT,-1,-2.1,0,SL,30,2,236,1,0,-3.64,0.27,2.01,2.01,0.45,0.28,186,0,1.03,0.15,-1,0,0.62
AVAXUSDT,-1,-2.1,0,SL,13,11,329,0,10,0.07,1.88,1.44,0.63,0.7,0.33,2,0,1.85,-0.16,-1,23,0.9
AVAXUSDT,1,-2.1,0,SL,8,12,248,0,11,-1.1,-0.11,0.41,13.28,0.46,0.4,341,0,0.49,0.63,1,12,1.73
AVAXUSDT,-1,-0.628,0,TIMEOUT,35,16,2,0,15,-0.36,10.45,0.68,0.84,0.21,0.41,66,0,0.71,0.14,-1,8,0.2
AVAXUSDT,1,1.9,1,TP,6,2,466,0,1,0.23,21.37,0.94,1.56,0.46,0.21,308,0,1.24,-0.59,1,1,0.88
AVAXUSDT,1,1.9,1,TP,9,1,140,0,0,-4.58,6.58,5.13,5.13,0.92,0.29,21,0,1.17,0,1,22,4.29
AVAXUSDT,-1,1.9,1,TP,7,17,6,0,16,-0.79,5.96,1.11,1.36,0.79,0.28,4,0,2.25,1.91,-1,1,0.84
AVAXUSDT,-1,-2.1,0,SL,109,9,243,0,8,-0.1,52.39,0.85,1.53,0.38,0.32,249,0,1.22,-0.17,-1,12,0.36
AVAXUSDT,1,1.9,1,TP,40,7,186,0,6,-0.43,2.62,1.51,1.31,0.64,0.43,32,0,0.93,-0.94,1,22,0.84
AVAXUSDT,1,-2.1,0,SL,29,13,382,0,12,-0.38,1.6,1.7,0.5,0.48,0.49,29,0,1.5,-0.11,1,23,0.28
AVAXUSDT,1,-2.1,0,SL,62,3,452,0,2,-1.18,1.59,1.53,3.86,0.98,0.48,109,0,1.29,-1.29,1,17,2.66
AVAXUSDT,-1,1.9,1,TP,12,10,260,0,9,-0.42,1.32,1.97,1.22,0.49,0.16,1,0,1.05,-0.77,-1,10,0.77
AVAXUSDT,-1,1.9,1,TP,41,8,427,0,7,0.14,10.13,2.25,0.69,0.44,0.3,148,0,1.34,-1.23,-1,4,0.49
AVAXUSDT,-1,-2.1,0,SL,3,3,467,0,2,0.16,15.61,1.51,2.38,0.57,0.62,286,0,1.19,-0.79,-1,9,1.43
AVAXUSDT,-1,1.9,1,TP,46,1,74,0,0,-3.24,14.91,1.88,1.88,0.78,0.64,536,0,0.68,0,-1,23,1.09
AVAXUSDT,-1,-2.1,0,SL,16,10,270,0,9,0.18,0.51,0.34,1.97,0.5,0.57,106,0,1.41,-0.4,-1,0,1.02
AVAXUSDT,1,1.9,1,TP,14,1,30,0,0,-2.4,1.95,2.77,2.77,0.47,0.22,1,0,0.79,0,1,8,0.99
AVAXUSDT,-1,1.9,1,TP,6,1,152,0,0,-1.77,7.45,1.28,1.28,0.69,0.33,340,0,1.71,0,-1,11,0.59
AVAXUSDT,1,-2.1,0,SL,5,6,74,0,5,0.89,0.59,2.21,1.43,0.59,0.61,4,1,0.38,-2.44,1,1,0.97
AVAXUSDT,-1,1.9,1,TP,18,8,312,0,7,0.13,3.08,0.84,0.94,0.55,0.5,38,0,1.67,-0.65,-1,10,0.79
AVAXUSDT,1,1.9,1,TP,28,15,188,0,14,0.31,7.13,2.09,0.83,0.68,0.47,348,0,1.67,0.22,1,17,0.69
AVAXUSDT,-1,1.9,1,TP,4,1,162,0,0,-2.95,1,1.52,1.52,0.96,0.5,746,0,1.74,0,-1,17,1.55
AVAXUSDT,-1,1.9,1,TP,4,1,546,0,0,-2.1,0.26,1.38,1.38,1.37,0.42,82,0,1.96,0,-1,17,2.01
AVAXUSDT,-1,-2.1,0,SL,7,5,211,0,4,1.56,-1.46,1.15,2.68,0.76,0.56,2,0,1.32,-3.12,-1,15,2.05
AVAXUSDT,-1,-2.1,0,SL,48,12,161,0,11,0.14,0.68,5.56,0.73,0.85,0.49,101,0,2.35,-2.18,-1,18,0.57
AVAXUSDT,-1,1.9,1,TP,15,2,310,0,1,-0.35,0.22,0.69,1.55,0.24,0.48,260,0,0.75,-0.22,-1,7,0.37
AVAXUSDT,-1,-2.1,0,SL,23,8,749,0,7,-0.61,5.01,1.42,0.89,1.07,0.49,11,0,1.89,-1.63,-1,21,0.98
AVAXUSDT,1,-2.1,0,SL,23,16,260,3,12,-0.45,1.14,1.59,4.14,0.44,0.28,186,1,1.07,0.56,1,14,0.88
AVAXUSDT,1,-2.1,0,SL,33,13,47,0,12,-0.21,4.05,0.4,0.42,0.39,0.28,539,1,1.05,-0.38,1,6,0.3
AVAXUSDT,1,1.9,1,TP,47,4,154,0,3,-0.3,6.47,0.82,1.12,0.2,0.28,655,1,0.62,-0.14,1,9,0.23
AVAXUSDT,1,1.9,1,TP,8,1,316,0,0,-3.29,1.32,4.95,4.95,0.48,0.05,66,0,0.65,0,1,2,1.44
AVAXUSDT,-1,-0.945,0,TIMEOUT,85,1,165,0,0,-3.19,8.58,5.01,5.01,0.46,0.06,316,0,0.72,0,-1,16,1.97
AVAXUSDT,-1,-2.1,0,SL,10,5,408,0,4,0.65,-0.7,1.46,1.51,0.52,0.2,161,0,0.76,-0.71,-1,0,0.79
AVAXUSDT,-1,1.9,1,TP,8,11,456,0,10,-0.54,1.17,0.58,0.59,0.45,0.2,203,0,0.9,-0.24,-1,12,0.4
AVAXUSDT,-1,-2.1,0,SL,99,10,678,0,9,-0.17,3.18,2.93,0.77,0.61,0.19,198,0,1.48,0,-1,16,0.53
AVAXUSDT,-1,-2.1,0,SL,5,5,497,0,4,0.01,1,1.4,2.06,1.11,0.55,172,0,2.03,-1.47,-1,19,3.36
AVAXUSDT,-1,1.9,1,TP,38,6,84,0,5,0.12,8.08,0.7,0.93,0.5,0.24,227,0,1.53,-0.66,-1,9,0.6
AVAXUSDT,1,-2.1,0,SL,10,21,6,4,16,0.58,1.27,3.35,1.38,0.59,0.17,176,0,1.63,1.7,1,11,0.89
AVAXUSDT,-1,1.9,1,TP,15,12,144,0,11,-0.41,-0.45,0.5,0.91,0.66,0.49,71,0,1.97,0.3,-1,21,0.69
AVAXUSDT,1,-2.1,0,SL,60,9,166,0,8,0.1,0.64,2.85,1.01,0.92,0.31,91,0,1.78,-1.89,1,17,1.34
AVAXUSDT,1,1.9,1,TP,12,11,334,0,10,-0.04,2.37,2.09,1.14,0.64,0.31,257,0,1.46,-1.03,1,11,0.97
AVAXUSDT,1,1.9,1,TP,9,1,308,0,0,-1.75,7.79,1.09,1.09,0.43,0.37,270,0,1.35,0,1,22,0.5
AVAXUSDT,1,1.9,1,TP,49,17,0,0,16,0.55,4.34,1.5,1.11,0.99,0.37,3,0,2.79,0.41,1,15,1.7
AVAXUSDT,-1,1.9,1,TP,58,10,260,0,9,-0.26,0.32,0.61,0.33,0.32,0.27,44,0,0.98,-0.42,-1,2,0.21
AVAXUSDT,1,-2.1,0,SL,65,16,174,0,15,0.37,6.77,8.34,0.78,0.67,0.36,51,0,1.92,1.31,1,9,0.67
AVAXUSDT,1,1.9,1,TP,14,13,174,0,12,-0.27,1.56,2.34,0.51,0.63,0.34,731,0,0.74,-0.63,1,18,0.4
AVAXUSDT,1,-2.1,0,SL,20,13,373,4,8,-0.1,1,4.54,1.47,0.51,0.38,97,0,1.26,0.65,1,20,0.91
AVAXUSDT,1,-2.1,0,SL,37,3,215,0,2,-0.12,-0.45,0.6,0.75,0.54,0.33,36,0,1.45,-0.69,1,5,0.41
AVAXUSDT,-1,1.9,1,TP,1,10,202,0,9,0.28,-0.14,1.05,0.46,0.46,0.2,49,0,0.4,-0.71,-1,17,0.48
AVAXUSDT,-1,-0.827,0,TIMEOUT,51,4,443,0,3,-0.53,0.65,1.02,0.61,0.2,0.28,104,0,0.65,-0.09,-1,6,0.23
AVAXUSDT,-1,-1.24,0,TIMEOUT,62,17,542,0,16,-0.31,5.43,0.64,1.49,0.24,0.27,21,0,0.73,0.15,-1,6,0.28
AVAXUSDT,1,1.9,1,TP,9,1,371,0,0,-1,10.64,2.01,2.01,0.54,0.08,463,0,1.23,0,1,15,0.86
AVAXUSDT,-1,1.9,1,TP,34,12,234,0,11,0.59,10.23,2.42,1.13,0.59,0.37,263,0,1.12,-0.32,-1,2,0.9
AVAXUSDT,-1,-1.387,0,TIMEOUT,65,6,384,0,5,-0.59,3.77,1.5,0.74,0.41,0.18,20,0,1.2,-0.18,-1,15,0.46
AVAXUSDT,1,-1.007,0,TIMEOUT,50,17,156,0,16,-0.44,5.4,0.81,1.11,0.26,0.15,47,0,0.84,0.36,1,11,0.42
AVAXUSDT,1,-2.1,0,SL,21,4,253,0,3,-0.55,1.62,1.02,2.17,0.43,0.41,4,0,0.47,-0.33,1,12,0.65
AVAXUSDT,-1,-2.1,0,SL,17,17,470,0,16,0.06,-0.67,0.78,1.15,0.36,0.23,72,0,0.86,-0.01,-1,20,0.39
AVAXUSDT,-1,1.9,1,TP,12,3,535,0,2,0.09,-0.27,1.23,1.3,0.5,0.23,67,0,0.95,-0.27,-1,12,0.71
AVAXUSDT,-1,1.9,1,TP,3,6,1150,0,5,3.68,-4.92,0.71,4.26,0.96,0.48,7,0,2.04,-4.24,1,22,4.55
AVAXUSDT,-1,1.9,1,TP,44,2,1269,0,1,-0.31,1.99,0.53,0.83,0.6,0.38,13,0,1.85,-0.27,-1,3,0.68
AVAXUSDT,-1,1.9,1,TP,18,1,1787,0,0,-2.34,2.29,1.33,1.33,0.3,0.21,3,0,0.09,0,-1,13,0.43
AVAXUSDT,1,-2.1,0,SL,19,3,204,1,1,0.61,0.67,0.8,0.97,0.49,0.46,127,0,1.47,-0.25,-1,6,0.65
AVAXUSDT,1,-2.1,0,SL,31,12,87,0,11,0.55,0.32,1.02,1.68,0.69,0.36,23,0,1.94,-0.58,1,14,0.77
AVAXUSDT,1,1.9,1,TP,14,1,207,0,0,-1.45,1.23,0.72,0.72,0.75,0.55,2,0,1.76,0,1,20,0.56
AVAXUSDT,1,1.9,1,TP,11,15,326,2,12,-0.61,-0.31,0.68,0.78,0.66,0.31,41,1,0.84,-0.09,1,2,0.56
AVAXUSDT,-1,1.9,1,TP,9,16,0,0,15,0.24,4.13,0.83,1.33,1.13,0.26,12,0,3.17,2.48,-1,17,1.87
AVAXUSDT,1,-2.1,0,SL,38,7,204,0,6,-0.93,1.24,1.94,3.85,0.96,0.24,356,0,1.18,-0.98,1,4,1.69
AVAXUSDT,1,1.9,1,TP,61,8,402,0,7,-0.13,1.12,0.7,1.16,0.52,0.21,86,0,1.24,-0.7,1,6,0.5
AVAXUSDT,1,-2.1,0,SL,36,7,733,0,6,-1.59,9.55,1.1,3.19,0.42,0.29,216,0,1.16,-0.01,1,17,0.9
AVAXUSDT,-1,1.9,1,TP,74,15,188,0,14,-0.4,4.44,0.87,1.36,0.44,0.28,25,0,1.23,0.25,-1,6,0.3
AVAXUSDT,-1,-2.1,0,SL,52,10,188,0,9,0.51,1.68,3.07,1.17,0.49,0.45,50,1,1.05,-1.05,-1,23,0.67
AVAXUSDT,1,-2.1,0,SL,75,10,144,0,9,0.17,1.28,1.24,1.11,0.37,0.29,211,0,0.78,-0.44,1,18,0.32
AVAXUSDT,-1,1.9,1,TP,42,1,416,0,0,-2.2,2.12,3.95,3.95,0.27,0.61,2,1,0.82,0,-1,8,0.3
AVAXUSDT,1,1.9,1,TP,38,1,137,0,0,-0.67,2.61,0.63,0.63,0.43,0.6,225,1,0.46,0,1,15,0.43
TONUSDT,1,1.9,1,TP,11,2,279,0,1,0.26,-0.92,1.72,2.43,0.69,0.76,170,0,0.63,-0.66,1,10,1.17
TONUSDT,-1,-2.1,0,SL,5,16,12,0,15,-0.01,2.91,0.76,0.24,1.96,0.8,303,0,5.68,1.41,-1,23,1.14
TONUSDT,1,1.9,1,TP,4,10,262,0,9,-0.49,1.59,0.53,2.63,0.67,0.53,46,2,1.63,0.27,1,11,1.6
TONUSDT,1,1.9,1,TP,2,3,212,0,2,-1,3.95,1.89,2.1,1.56,1.37,126,0,3.66,-1.91,1,10,2.14
TONUSDT,-1,-2.1,0,SL,13,3,232,0,2,0.43,2.96,2.65,1.18,0.75,1.21,136,1,2.09,-1.46,-1,8,1.17
TONUSDT,-1,-2.1,0,SL,22,5,142,0,4,0.25,-0.55,1.16,0.92,0.72,0.51,86,0,2.21,-0.96,-1,4,0.69
TONUSDT,1,1.9,1,TP,8,1,257,0,0,-2.61,2.64,2.87,2.87,0.54,0.4,88,0,1.33,0,1,6,0.82
TONUSDT,-1,1.9,1,TP,2,4,108,0,3,-0.57,9.57,1.31,1.6,1.2,0.92,223,0,3.57,-0.21,-1,13,2.01
TONUSDT,-1,1.9,1,TP,35,11,301,0,10,-0.28,0.85,5.23,0.67,1.21,0.8,1,0,3.41,-1.59,-1,17,0.73
TONUSDT,-1,1.9,1,TP,4,7,521,0,6,0.52,2.22,1.45,1.71,0.6,0.98,152,0,1.86,-1.24,-1,0,0.93
TONUSDT,1,1.9,1,TP,8,1,261,0,0,-2.05,12.57,4.29,4.29,0.59,0.44,203,0,1.76,0,1,13,0.82
TONUSDT,1,1.9,1,TP,7,13,610,0,12,-0.49,2.84,0.45,0.85,0.69,0.63,106,0,0.93,0.52,1,4,0.53
TONUSDT,-1,-2.1,0,SL,5,1,150,0,0,-3.81,3.55,2.22,2.22,0.77,1.08,68,0,2,0,-1,5,1.04
TONUSDT,-1,-2.1,0,SL,17,16,514,0,15,-0.11,18.17,0.35,0.78,0.51,1.15,417,0,1.57,0.58,-1,0,0.42
TONUSDT,-1,1.9,1,TP,23,1,117,0,0,-2.41,1.89,5.33,5.33,0.86,0.51,83,0,0.35,0,-1,13,2.29
TONUSDT,-1,-1.515,0,TIMEOUT,54,17,406,0,16,0.36,3.3,0.64,1.73,0.31,0.51,356,0,0.48,0.04,-1,14,0.39
TONUSDT,1,1.9,1,TP,64,6,85,0,5,0.01,0.14,1.72,2.6,0.56,0.43,36,0,1.01,-1.09,1,12,1.04
TONUSDT,1,1.9,1,TP,28,2,378,0,1,0.03,-0.3,3.83,3.4,0.84,0.5,7,0,1.93,-1.14,1,16,1.94
TONUSDT,-1,1.9,1,TP,26,1,226,0,0,-2.49,3.79,0.99,0.99,0.8,0.45,7,0,1.36,0,-1,3,0.77
TONUSDT,1,-2.1,0,SL,35,3,389,0,2,-0.35,1.11,0.92,0.52,0.61,0.61,179,0,1.71,-0.57,1,17,0.42
TONUSDT,1,1.9,1,TP,47,10,218,0,9,-0.15,7.49,0.75,0.69,0.71,0.57,325,0,0.96,-0.35,1,3,0.71
TONUSDT,-1,-1.461,0,TIMEOUT,96,12,287,0,11,-0.66,2.49,0.25,0.74,0.34,0.57,115,0,0.85,0.32,-1,22,0.32
TONUSDT,-1,1.9,1,TP,47,2,429,0,1,-0.15,3.59,0.54,0.85,0.22,0.12,395,0,0.17,-0.03,-1,1,0.12
TONUSDT,-1,1.9,1,TP,5,1,808,0,0,-1.3,2.82,0.42,0.42,0.36,0.17,67,0,0.94,0,-1,23,0.3
TONUSDT,-1,1.9,1,TP,70,4,1012,0,3,0.29,0.87,0.79,1.2,0.22,0.09,8,0,0.42,-0.56,-1,2,0.26
TONUSDT,1,1.9,1,TP,54,4,168,0,3,0.11,3.35,0.57,1.12,0.36,0.34,92,0,0.62,-0.29,1,0,0.46
TONUSDT,-1,-2.1,0,SL,2,6,227,0,5,0.14,0.57,1.45,1.56,1.07,0.43,24,0,1.22,-1.74,-1,18,1.82
TONUSDT,-1,1.9,1,TP,28,8,745,0,7,-0.44,2.38,3.35,1.55,0.62,0.31,123,0,1.54,-0.76,-1,15,0.6
TONUSDT,-1,-2.1,0,SL,110,11,1255,0,10,0.13,7.02,5.77,0.47,0.94,0.41,295,0,2.41,-3.28,-1,23,0.7
TONUSDT,1,1.9,1,TP,52,8,305,0,7,0.02,4.06,2.26,1.9,0.51,0.49,47,0,1.56,-0.9,1,2,0.67
TONUSDT,1,-2.1,0,SL,27,6,106,0,5,-0.54,8.74,0.76,0.46,0.45,0.33,236,0,1.11,-0.65,1,6,0.34
TONUSDT,-1,-2.1,0,SL,13,11,338,0,10,-0.6,5.45,7.19,0.68,0.46,0.4,141,0,0.85,-0.61,-1,16,0.39
TONUSDT,-1,1.9,1,TP,18,8,447,0,7,-1.37,2.52,0.48,2.77,0.33,0.24,103,0,0.92,0.11,-1,16,0.66
TONUSDT,-1,1.9,1,TP,65,12,629,0,11,-0.1,4.06,1.46,0.75,0.47,0.25,281,0,0.45,-0.97,-1,13,0.52
TONUSDT,1,-1.582,0,TIMEOUT,106,12,247,6,5,-0.18,-0.67,1.57,0.64,0.41,0.23,69,0,0.41,-0.21,1,9,0.4
TONUSDT,1,-1.544,0,TIMEOUT,69,2,457,0,1,-0.08,-1.27,1.01,2.22,0.41,0.23,283,0,0.49,-0.69,1,13,0.91
TONUSDT,-1,-1.399,0,TIMEOUT,118,7,343,0,6,-0.06,-0.54,1.99,1.36,0.44,0.16,39,0,1.28,-1.07,-1,16,0.78
TONUSDT,-1,1.9,1,TP,24,2,223,0,1,-0.14,7.86,0.58,0.41,0.35,0.45,322,0,0.68,-0.08,-1,20,0.23
TONUSDT,-1,1.9,1,TP,12,7,407,0,6,-0.19,1.91,1.04,1.4,0.44,0.33,16,0,0.98,-0.73,-1,18,0.43
TONUSDT,1,1.9,1,TP,15,3,470,0,2,-0.07,14.73,1.21,3.15,0.9,0.22,592,0,2.19,-1.26,1,0,2.35
TONUSDT,1,-2.1,0,SL,11,4,564,0,3,-0.04,17.3,0.82,0.83,0.8,0.22,685,0,2.49,-1.15,1,23,0.65
TONUSDT,1,-2.1,0,SL,18,2,688,0,1,0.45,16.16,1.45,1.24,0.77,0.22,811,0,1.69,-1.24,1,6,1.28
TONUSDT,1,1.9,1,TP,20,15,871,0,14,0.25,1.31,0.58,0.98,0.44,0.55,10,0,1.42,0.26,1,4,0.56
TONUSDT,1,1.9,1,TP,25,4,1119,0,3,0.19,3.96,0.91,1.06,0.63,0.54,269,0,1.22,-0.49,1,18,0.87
TONUSDT,1,1.9,1,TP,16,14,385,0,13,-0.25,3.34,0.92,1.19,0.85,1.09,10,1,1.82,0.97,1,3,0.81
TONUSDT,-1,1.9,1,TP,24,1,477,0,0,-2.4,2.28,3.39,3.39,1.01,0.75,226,0,0.66,0,-1,13,2.02
TONUSDT,1,-0.949,0,TIMEOUT,94,10,449,2,7,0.2,-2,2.66,1.09,0.52,0.58,69,0,0.38,-0.53,1,15,0.63
TONUSDT,1,-2.1,0,SL,51,3,456,0,2,0.97,0.57,0.77,1.63,0.38,0.41,151,1,0.56,-0.85,1,2,0.76
TONUSDT,-1,1.9,1,TP,28,13,342,0,12,-0.95,14.15,1.38,1.58,0.35,1,388,1,1.04,0.45,-1,14,0.46
TONUSDT,-1,-1.277,0,TIMEOUT,86,9,529,0,8,0.33,4.12,1.57,0.81,0.41,0.27,25,0,1.26,-0.56,-1,13,0.43
TONUSDT,-1,1.9,1,TP,79,7,669,0,6,-0.17,0.14,1.01,0.63,0.44,0.22,56,0,0.49,-0.47,-1,0,0.25
TONUSDT,-1,1.9,1,TP,6,1,980,0,0,-2.05,3.03,0.78,0.78,1.57,1.2,4,0,3.7,0,-1,6,1.47
TONUSDT,-1,1.9,1,TP,17,8,1225,0,7,-0.26,6.55,0.73,0.87,0.9,1.22,242,0,2.16,0.42,-1,19,0.85
TONUSDT,-1,-2.1,0,SL,80,1,68,0,0,-1.91,0.72,0.64,0.64,0.65,2.3,71,5,1.42,0,-1,7,0.36
TONUSDT,1,-2.1,0,SL,10,10,271,0,9,0.89,-0.17,0.19,2.84,0.41,0.42,5,1,1.04,-0.45,1,15,0.79
TONUSDT,-1,-2.1,0,SL,21,2,278,0,1,0.03,-0.37,0.32,0.78,0.39,0.37,75,0,1.16,-0.41,-1,4,0.52
TONUSDT,-1,-2.1,0,SL,35,7,351,0,6,-0.01,-0.35,0.42,0.64,0.84,0.37,143,0,0.53,-1.17,-1,22,0.76
TONUSDT,-1,-2.1,0,SL,6,9,212,0,8,0.03,3.02,3.1,2.07,1.07,0.27,44,0,2.27,-0.55,-1,20,1.19
TONUSDT,-1,-2.1,0,SL,27,4,478,0,3,-0.82,7.12,0.48,0.68,0.62,1.72,147,0,1.74,-0.05,-1,15,0.82
TONUSDT,-1,-2.1,0,SL,8,13,148,0,12,-0.26,3.38,0.67,1.54,0.82,1.1,5,0,2.58,-1.31,-1,8,0.93
TONUSDT,-1,1.9,1,TP,80,7,431,0,6,-0.35,6.28,2.16,1.61,0.42,0.49,39,0,1.4,-0.44,-1,7,0.47
TONUSDT,-1,1.9,1,TP,2,1,668,0,0,-2.67,2.88,0.73,0.73,1.28,0.75,5,0,2.31,0,-1,18,1.9
TONUSDT,-1,1.9,1,TP,2,1,358,0,0,-3.6,12.48,1.32,1.32,0.91,0.21,246,0,1.86,0,-1,18,0.99
TONUSDT,-1,1.9,1,TP,26,7,550,0,6,-0.37,0.51,2.21,1.26,1.1,0.95,90,0,3.06,-2.22,-1,18,1.15
TONUSDT,-1,1.9,1,TP,37,5,685,4,0,-2.76,0.15,0.52,0.52,0.73,0.95,231,0,0.67,0.33,-1,4,0.67
TONUSDT,-1,1.9,1,TP,66,10,228,0,9,0.15,-1.08,1.52,0.85,0.77,0.55,138,0,0.74,-1.98,-1,1,1.44
TONUSDT,1,1.9,1,TP,96,4,228,0,3,0.11,2.83,1.15,2.69,0.3,0.49,286,0,0.79,-0.5,1,6,0.47
TONUSDT,1,-2.1,0,SL,14,5,478,0,4,0.24,1.75,0.33,1.09,0.86,0.29,7,0,1.55,-1.24,1,22,1.44
TONUSDT,-1,1.9,1,TP,82,13,211,0,12,0.09,5.31,0.98,1.01,0.45,0.53,241,1,1.35,0.07,-1,20,0.46
TONUSDT,1,1.9,1,TP,20,5,386,0,4,-0.79,13.91,0.61,2.47,0.79,0.18,383,0,2.08,0.49,1,7,1.47
TONUSDT,-1,1.9,1,TP,49,15,151,0,14,-0.37,2.01,0.49,0.7,0.69,0.47,5,0,2.11,0.17,-1,18,0.88
TONUSDT,-1,1.9,1,TP,26,2,546,0,1,-0.05,4.17,0.7,0.53,0.85,0.51,345,0,0.88,-0.53,-1,21,0.76
TONUSDT,-1,-1.275,0,TIMEOUT,98,4,259,0,3,-0.17,3.06,1.02,0.78,0.41,0.41,51,0,1.18,-0.53,-1,15,0.64
TONUSDT,-1,-2.1,0,SL,11,16,236,0,15,0.11,0.35,1,0.7,0.41,0.32,66,0,0.68,-0.13,-1,12,0.38
TONUSDT,1,-2.1,0,SL,106,14,4,0,13,-0.98,4.87,1.17,1.23,0.57,0.31,96,0,1.61,0.8,1,19,0.75
TONUSDT,1,-2.1,0,SL,22,14,270,0,13,0.43,1.51,1.09,1.36,0.55,0.48,6,0,1.03,0.11,1,13,0.87
TONUSDT,1,1.9,1,TP,77,9,112,1,7,-0.38,-1.19,0.5,0.84,0.29,0.56,111,0,0.71,-0.13,1,20,0.31
TONUSDT,-1,-2.1,0,SL,66,1,197,0,0,-4.8,4.94,12.75,12.75,0.48,0.52,1,1,1.13,0,-1,13,1.58
TONUSDT,-1,1.9,1,TP,59,10,259,3,6,-0.08,-1.1,1.88,0.98,0.38,0.43,146,1,0.46,-0.15,-1,2,0.2
TONUSDT,1,-2.1,0,SL,13,16,13,0,15,-0.16,4.09,199.56,0.46,1.52,0.22,0,0,4.04,0.7,1,11,1.18
TONUSDT,1,-2.1,0,SL,38,5,344,0,4,0.17,-0.32,1.34,1.83,0.27,0.63,106,1,0.88,-0.19,1,12,0.27
TONUSDT,1,-2.1,0,SL,85,5,415,0,4,-0.54,1.06,1.35,2.87,0.59,0.63,177,1,1.41,-0.77,1,5,1.66
TONUSDT,1,1.9,1,TP,15,15,593,0,14,0.35,1.74,0.23,0.77,0.54,0.13,345,1,1.54,0.96,1,2,0.69
TONUSDT,1,-2.1,0,SL,16,17,1230,0,16,0.34,2.74,18.15,0.36,1.59,0.27,2,0,2.52,-5.21,1,17,1.29
TONUSDT,1,1.9,1,TP,47,6,148,0,5,-0.23,9.28,1.07,0.94,0.44,0.15,145,0,1.28,-0.41,1,16,0.52
TONUSDT,1,-2.1,0,SL,2,3,263,0,2,-0.15,4.29,1,1.53,1.45,0.37,182,0,3.8,-1.03,1,21,1.99
TONUSDT,1,-2.1,0,SL,19,13,318,0,12,-0.66,8.62,1.51,0.42,0.4,0.26,366,0,0.99,0.21,1,6,0.38
TONUSDT,1,1.9,1,TP,98,3,371,0,2,-0.15,4.58,0.25,0.68,0.75,0.26,429,0,0.99,-0.28,1,19,0.84
TONUSDT,-1,1.9,1,TP,86,1,222,0,0,-3.88,5.07,1.53,1.53,0.63,0.57,44,1,0.46,0,-1,2,0.9
TONUSDT,-1,-2.1,0,SL,3,9,649,0,8,-0.74,0.45,0.85,2.05,0.46,0.27,35,0,0.88,0.36,-1,13,1.07
TONUSDT,1,-2.1,0,SL,2,3,192,0,2,0.71,-2.74,2.01,21.72,0.73,0.43,220,0,0.38,-1.55,1,19,5.2
TONUSDT,1,-1.233,0,TIMEOUT,32,16,233,0,15,-0.33,4.78,1.56,1.29,0.26,0.17,301,0,0.69,-0.33,1,0,0.21
TONUSDT,1,-1.129,0,TIMEOUT,70,9,296,0,8,0.37,1.41,0.63,0.56,0.33,0.27,6,0,0.89,-0.56,1,16,0.38
TONUSDT,1,1.9,1,TP,44,6,128,0,5,-0.54,2.1,0.93,0.56,0.34,0.17,7,1,0.84,-0.03,1,15,0.2
TONUSDT,-1,1.9,1,TP,40,9,176,0,8,0.17,15.12,0.98,1.76,0.23,0.19,345,0,0.67,-0.16,-1,6,0.19
TONUSDT,-1,1.9,1,TP,39,4,930,0,3,-0.58,2.09,1.48,2.67,0.35,0.32,129,0,0.92,-0.44,-1,2,0.86
TONUSDT,-1,-2.1,0,SL,10,3,1354,0,2,-1.65,2.27,1.07,1.22,0.3,0.42,56,1,0.76,0.05,-1,12,0.72
TONUSDT,1,-2.1,0,SL,72,2,216,0,1,-1.47,2.04,2.08,3.96,0.59,0.49,106,1,1.17,0.02,1,17,1.74
TONUSDT,1,-1.659,0,TIMEOUT,38,8,377,0,7,-0.23,2.6,0.65,0.82,0.34,0.71,20,3,1,-0.33,1,9,0.35
TONUSDT,1,-1.766,0,TIMEOUT,88,4,500,0,3,-0.36,2.07,0.69,1.19,0.38,0.71,147,3,0.86,-0.21,1,16,0.65
TONUSDT,-1,1.9,1,TP,20,13,150,0,12,-0.22,9.44,4.72,0.55,0.39,0.23,181,0,1.16,-0.58,-1,11,0.48
TONUSDT,-1,1.9,1,TP,3,3,103,0,2,-0.37,1.77,2.15,1.32,0.83,0.57,202,0,1.48,-0.76,-1,14,1.21
TONUSDT,-1,-2.1,0,SL,12,8,231,0,7,-0.88,3.37,0.48,0.4,0.92,0.54,43,0,2.25,0.03,-1,22,0.88
TONUSDT,1,-2.1,0,SL,18,9,201,0,8,1.08,1.09,2.83,2.39,0.81,0.31,43,0,1.38,-2.06,1,16,1.96
TONUSDT,-1,-0.907,0,TIMEOUT,19,7,399,0,6,0.33,4.75,0.68,0.68,0.21,0.12,107,0,0.62,-0.36,-1,4,0.22
TONUSDT,1,1.9,1,TP,78,15,192,0,14,0.27,18.17,4.52,0.4,0.57,0.59,457,0,1.66,0,1,18,0.59
TONUSDT,-1,-2.1,0,SL,40,16,80,0,15,0.21,7.06,1.27,0.44,0.73,0.7,157,0,2.13,-0.01,-1,20,0.57
TONUSDT,-1,1.9,1,TP,24,17,185,0,16,0.23,4.93,1.21,0.37,0.9,0.7,9,0,2.72,0.11,-1,22,0.61
TONUSDT,-1,1.9,1,TP,13,1,1122,0,0,-1.9,6.68,2.68,2.68,0.44,0.75,229,0,1.25,0,-1,16,0.84
TONUSDT,1,1.9,1,TP,67,11,121,0,10,-0.37,0.89,0.74,0.32,0.56,0.72,445,0,1.61,-0.54,1,1,0.4
TONUSDT,-1,1.9,1,TP,15,1,99,0,0,-5.31,3.85,2.72,2.72,0.98,0.36,76,0,0.65,0,-1,0,1.78
TONUSDT,-1,-2.1,0,SL,7,5,189,0,4,0.53,0.16,0.84,1.42,0.66,0.4,2,0,0.88,-1.75,-1,15,1.28
TONUSDT,1,1.9,1,TP,44,14,5,0,13,0.79,2.56,0.66,3.72,0.83,0.39,18,0,2.03,-0.69,1,22,2.42
TONUSDT,1,-2.1,0,SL,55,15,187,0,14,-0.03,3.55,4.78,0.97,0.6,0.53,134,0,1.74,-1.11,1,19,0.84
TONUSDT,-1,-2.1,0,SL,176,9,135,0,8,-0.24,1.65,1.42,0.69,0.7,0.55,422,0,1.18,-0.63,-1,18,1.04
TONUSDT,-1,1.9,1,TP,39,12,364,0,11,0.12,2.74,2.17,0.57,0.42,0.15,75,0,0.36,-0.29,-1,16,0.67
TONUSDT,1,1.9,1,TP,69,9,151,0,8,-0.72,-0.3,0.9,2.76,0.37,0.27,72,0,1.07,0.31,1,14,0.52
TONUSDT,1,-2.1,0,SL,3,10,463,0,9,2.37,-3.08,1.16,15.59,0.98,0.42,141,0,1.45,-2.86,-1,20,4.92
TONUSDT,-1,-1.708,0,TIMEOUT,43,4,249,0,3,-0.79,2.54,0.39,0.76,0.35,0.22,129,0,1.08,-0.09,-1,4,0.32
TONUSDT,-1,-2.1,0,SL,19,9,387,0,8,-0.38,3.39,0.84,1.21,0.53,0.22,262,0,1.42,-0.1,-1,14,1.17
TONUSDT,-1,1.9,1,TP,1,1,300,0,0,-5.42,5.68,9.87,9.87,0.59,0.22,245,0,0.35,0,-1,23,2.18
TONUSDT,-1,1.9,1,TP,90,9,653,0,8,0.2,1.08,0.82,1.28,0.5,0.71,5,2,0.72,-0.19,-1,16,0.71
TONUSDT,-1,-2.1,0,SL,47,1,943,0,0,-2.81,2.3,0.92,0.92,0.5,0.37,2,0,0.91,0,-1,16,0.44
TONUSDT,-1,1.9,1,TP,13,7,1289,0,6,-0.11,1.87,0.39,0.62,0.39,0.36,342,0,0.66,-0.37,-1,7,0.26
TONUSDT,1,-2.1,0,SL,5,5,63,0,4,-0.61,5.65,3.99,2.69,1.34,0.31,95,0,2.17,-3.43,1,13,1.7
TONUSDT,-1,1.9,1,TP,54,5,169,0,4,-0.53,8.54,0.32,1.54,0.44,0.55,293,0,1.32,-0.03,-1,23,0.52
TONUSDT,-1,1.9,1,TP,23,14,686,0,13,0.29,2.73,0.9,0.58,0.58,0.32,384,0,0.51,-0.09,-1,8,0.57
TONUSDT,-1,-2.1,0,SL,4,7,853,0,6,0.22,1.1,0.96,0.62,0.81,0.22,104,0,1.8,-1.3,-1,2,0.71
TONUSDT,-1,1.9,1,TP,215,12,149,0,11,0.63,0.85,0.38,0.79,0.44,0.21,172,0,0.8,-0.43,-1,18,0.62
TONUSDT,-1,-0.808,0,TIMEOUT,58,1,309,0,0,-1.7,1.34,1.33,1.33,0.31,0.11,29,0,0.71,0,-1,15,0.23
TONUSDT,-1,-1.183,0,TIMEOUT,41,4,409,0,3,-0.47,3.42,0.56,0.81,0.38,0.11,126,0,1.11,-0.08,-1,16,0.3
TONUSDT,-1,-2.1,0,SL,35,10,656,0,9,-0.43,0.63,0.7,0.54,0.38,0.32,142,0,0.93,-0.12,-1,6,0.24
TONUSDT,1,1.9,1,TP,69,5,182,0,4,1.36,1.45,1.53,2.47,0.25,0.1,212,0,0.55,-0.71,1,6,0.7
TONUSDT,1,-2.1,0,SL,24,16,8,0,15,0.52,-1.87,2.42,5.77,1.16,0.69,2,0,2.66,-0.19,1,18,3.65
TONUSDT,-1,1.9,1,TP,29,5,56,0,4,0.75,-0.54,0.93,1.73,0.48,0.29,35,0,1.27,-1.14,-1,2,0.8
TONUSDT,-1,1.9,1,TP,170,18,224,4,13,0.09,-1.23,0.65,0.34,0.28,0.38,126,0,0.91,-0.15,-1,20,0.2
TONUSDT,1,1.9,1,TP,147,5,143,0,4,-0.96,3.29,1.35,2.67,0.3,0.27,25,0,0.74,-0.19,1,11,0.57
TONUSDT,1,1.9,1,TP,2,2,700,0,1,0.04,24.5,0.7,0.73,2.01,0.28,352,0,6.2,-1.33,1,7,1.55
TONUSDT,-1,1.9,1,TP,20,4,202,0,3,-0.17,1.81,7.64,0.98,0.83,1.12,112,0,2.65,-1.25,-1,0,0.73
TONUSDT,1,1.9,1,TP,11,11,151,0,10,-0.04,0.36,4.29,0.86,1.23,1.04,0,0,2.74,-2.06,1,18,0.99
TONUSDT,-1,-2.1,0,SL,48,11,177,0,10,0.19,0.29,10.5,0.44,0.78,0.49,2,0,2.27,-1.75,-1,16,0.83
TONUSDT,1,1.9,1,TP,8,6,109,0,5,-0.43,2.6,3.61,2.06,0.85,0.62,76,0,2.16,-1.39,1,17,1
TRXUSDT,-1,1.9,1,TP,16,9,199,0,8,0.3,0.91,0.44,0.62,0.46,0.45,7,0,1.27,-0.64,-1,6,0.32
TRXUSDT,-1,1.9,1,TP,45,14,548,0,13,0.29,1.97,13.01,0.8,0.35,0.13,26,0,0.89,-0.77,-1,21,0.3
TRXUSDT,-1,1.9,1,TP,33,3,825,1,1,-0.32,12.49,0.27,0.57,0.47,0.53,228,0,1.47,0.18,-1,18,0.28
TRXUSDT,1,-0.888,0,TIMEOUT,13,6,178,0,5,0.37,8.77,0.74,0.8,0.25,0.14,216,0,0.78,-0.71,1,3,0.24
TRXUSDT,1,-1.907,0,TIMEOUT,18,12,247,0,11,0.43,-1.62,0.54,2.09,0.27,0.17,279,0,0.82,-0.2,1,21,0.48
TRXUSDT,1,1.9,1,TP,37,1,315,0,0,-5.76,6.52,6.03,6.03,0.58,0.23,2,0,1,0,1,14,2.04
TRXUSDT,1,-2.1,0,SL,45,16,599,2,13,0.46,-1.58,5.71,1.75,0.48,0.22,176,0,1.31,0.22,1,13,1.01
TRXUSDT,1,-2.1,0,SL,8,10,686,0,9,0.26,-0.27,3.3,1.94,0.83,0.22,267,0,1.46,-0.72,1,10,1.48
TRXUSDT,1,1.9,1,TP,1,1,221,0,0,-2.87,3.38,1.63,1.63,1.04,0.52,178,0,0.91,0,1,16,1.38
TRXUSDT,1,1.9,1,TP,5,15,291,0,14,0.13,3.22,1.29,1.83,1.62,0.64,13,0,3.42,1.39,1,14,3.22
TRXUSDT,1,1.9,1,TP,3,1,557,0,0,-2.32,12.26,1.94,1.94,0.81,0.6,293,0,2.52,0,1,9,1.37
TRXUSDT,-1,-2.1,0,SL,22,7,170,0,6,0.51,12.94,1.25,2.01,1.15,0.95,194,0,3.35,-1.64,-1,2,1.26
TRXUSDT,1,1.9,1,TP,6,2,98,0,1,-0.45,3.92,0.83,1.28,0.86,0.23,47,0,2.54,-0.49,1,10,1.21
TRXUSDT,1,1.9,1,TP,6,4,289,0,3,-0.75,1.42,0.8,1.77,0.67,0.2,55,0,1.84,-0.29,1,10,0.94
TRXUSDT,1,-2.1,0,SL,2,7,225,0,6,-1.13,2.8,5.57,1.35,1.8,1.19,25,1,3.23,-1.93,1,13,2.83
TRXUSDT,1,1.9,1,TP,6,5,692,0,4,0.1,0.94,3,1.62,1.09,0.7,96,0,1.85,-2.22,1,9,1.89
TRXUSDT,1,1.9,1,TP,3,4,1293,0,3,-1.11,4.23,1.63,1.64,1.25,0.33,46,0,3.67,-0.04,1,16,1.71
TRXUSDT,-1,-2.1,0,SL,4,3,172,0,2,-0.12,11.2,0.88,0.37,1.25,1.15,263,0,3.84,-1,-1,22,1.01
TRXUSDT,-1,1.9,1,TP,13,15,339,0,14,-0.05,21.61,1.06,0.4,1.59,0.9,609,0,4.55,1.11,-1,2,0.85
TRXUSDT,-1,1.9,1,TP,4,1,533,0,0,-2.58,1.38,1.08,1.08,1.02,1.04,68,0,2.1,0,-1,2,1.13
TRXUSDT,1,1.9,1,TP,5,5,75,0,4,-0.7,10.18,1.87,1.95,0.53,0.69,266,0,1.68,0.04,1,7,0.73
TRXUSDT,1,1.9,1,TP,54,11,470,0,10,0.05,1.81,2.72,1.16,0.5,0.57,230,0,1.49,-0.04,1,10,0.53
TRXUSDT,1,1.9,1,TP,25,3,214,0,2,-1.32,14.54,0.48,2.24,0.61,0.86,377,1,1.79,0,1,8,0.93
TRXUSDT,1,-2.1,0,SL,7,9,465,0,8,-0.2,20.64,2.88,0.83,1,0.75,622,1,2.92,-1.61,1,22,1.35
TRXUSDT,-1,1.9,1,TP,5,1,139,0,0,-1.38,1.93,1.24,1.24,1.13,0.5,133,0,2.33,0,-1,21,1.34
TRXUSDT,1,1.9,1,TP,83,16,294,0,15,-0.62,3.61,2.75,0.6,0.51,0.26,19,0,1.55,0.51,1,12,0.37
TRXUSDT,-1,1.9,1,TP,4,5,254,0,4,-0.39,6.8,1.23,0.5,0.78,1.57,318,0,2.45,-0.51,-1,22,0.45
TRXUSDT,1,1.9,1,TP,4,5,469,0,4,0.03,2.28,0.32,0.53,2.38,1.16,241,0,6.98,-1,1,22,1.78
TRXUSDT,-1,1.9,1,TP,2,6,137,0,5,-0.26,5.81,2.17,1.27,1.92,1.38,505,0,5.36,-1.12,-1,16,2.09
TRXUSDT,-1,1.9,1,TP,4,10,364,0,9,0.07,15.14,1.92,1.14,1.3,1.49,728,0,3.7,-0.55,-1,1,1.31
TRXUSDT,-1,1.9,1,TP,7,3,670,0,2,0,44.58,0.76,0.33,1,1.8,1041,0,3.25,-0.58,-1,5,0.4
TRXUSDT,1,1.9,1,TP,24,4,614,0,3,-0.21,5.65,0.99,0.86,0.46,0.76,534,0,1.4,-0.08,1,3,0.5
TRXUSDT,-1,1.9,1,TP,4,1,114,0,0,-2.15,2.03,0.92,0.92,1.18,1.12,122,0,3.21,0,-1,18,1.11
TRXUSDT,-1,1.9,1,TP,5,2,229,0,1,-0.18,6.9,1.23,0.8,1.11,0.95,235,0,3,-0.83,-1,9,1.27
TRXUSDT,-1,1.9,1,TP,2,2,361,0,1,-0.69,2.13,0.79,0.76,1.27,1.04,59,0,2.38,-0.11,-1,18,1.35
TRXUSDT,-1,1.9,1,TP,3,1,585,0,0,-2.8,1.22,1.32,1.32,1.32,1.03,104,0,3.11,0,-1,2,1.3
TRXUSDT,-1,1.9,1,TP,2,1,830,0,0,-2.68,17.52,1.12,1.12,2.19,1.41,349,0,4.64,0,-1,15,1.75
TRXUSDT,-1,-2.1,0,SL,7,8,273,0,7,0.52,72.25,0.88,1.38,0.8,1.61,1262,0,1.72,-1.24,-1,5,0.99
TRXUSDT,-1,1.9,1,TP,24,17,123,0,16,-0.06,3.9,0.97,0.83,0.82,0.96,7,0,2.23,-0.11,-1,15,0.76
TRXUSDT,-1,1.9,1,TP,11,1,325,0,0,-2.75,6.55,0.76,0.76,0.47,0.96,225,0,0.52,0,-1,18,0.68
TRXUSDT,-1,1.9,1,TP,2,7,139,0,6,0.08,9.9,1.82,0.66,0.78,0.38,345,0,1.86,-1.48,-1,5,0.7
TRXUSDT,1,-1.054,0,TIMEOUT,72,9,80,0,8,-0.5,1.26,1.89,0.83,0.42,0.15,38,0,1.3,-0.47,1,9,0.3
TRXUSDT,-1,1.9,1,TP,126,5,108,1,3,0.16,-0.59,1.11,0.75,0.5,0.2,48,0,1.3,-0.2,-1,16,0.69
TRXUSDT,-1,-1.147,0,TIMEOUT,88,5,509,0,4,-0.25,-0.44,2.05,0.34,0.48,0.62,228,0,1.45,-0.46,-1,21,0.33
TRXUSDT,-1,1.9,1,TP,22,1,664,0,0,-2.18,3.78,0.82,0.82,0.39,0.39,21,0,0.49,0,-1,11,0.29
TRXUSDT,-1,1.9,1,TP,12,12,961,0,11,0.18,0.46,1.18,0.63,0.68,0.34,128,0,1.73,-0.78,-1,14,0.6
TRXUSDT,-1,1.9,1,TP,74,2,1264,0,1,0.06,1.46,0.38,0.94,0.5,0.54,12,1,1.1,-0.3,-1,17,0.55
TRXUSDT,1,1.9,1,TP,67,1,252,0,0,-3.25,3.12,1.29,1.29,0.45,0.38,103,0,1.34,0,1,23,0.57
TRXUSDT,1,1.9,1,TP,13,1,135,0,0,-3.04,0.53,1.34,1.34,0.48,0.42,50,0,1.43,0,1,21,0.53
TRXUSDT,1,-2.1,0,SL,39,11,411,0,10,-0.03,5.39,1.13,0.71,0.5,0.46,36,0,1.39,-0.05,1,18,0.43
TRXUSDT,1,1.9,1,TP,7,1,577,0,0,-2.43,5.12,2.49,2.49,0.42,0.38,94,0,1.15,0,1,11,0.81
TRXUSDT,1,-2.1,0,SL,31,1,216,0,0,-2.68,19.18,1.45,1.45,0.82,0.53,317,0,2.48,0,1,7,0.95
TRXUSDT,1,1.9,1,TP,11,15,252,0,14,0.21,0.42,2.12,1.19,0.53,0.43,225,0,1.59,-0.08,1,6,0.59
TRXUSDT,-1,1.9,1,TP,25,1,144,0,0,-2.02,3.87,0.89,0.89,0.71,0.41,11,0,2,0,-1,5,0.83
TRXUSDT,1,-2.1,0,SL,9,3,248,0,2,-0.41,0.79,1.06,2.16,0.46,0.32,7,0,1.06,-0.54,1,21,0.92
TRXUSDT,1,1.9,1,TP,9,12,317,0,11,0.41,0.37,2.84,1.3,0.76,0.85,1,1,0.91,-1.15,1,14,1.05
TRXUSDT,1,1.9,1,TP,24,11,812,0,10,0.17,1.95,1.59,0.71,0.57,0.27,173,0,1.71,-0.5,1,18,0.53
TRXUSDT,-1,1.9,1,TP,21,1,284,0,0,-2.57,2.89,1.09,1.09,0.91,0.61,147,0,1.08,0,-1,8,1.11
TRXUSDT,1,1.9,1,TP,4,1,268,0,0,-1.49,13.89,0.89,0.89,1.05,0.5,517,0,2.48,0,1,5,1.56
TRXUSDT,1,-2.1,0,SL,9,4,552,0,3,-0.87,26.25,1.06,0.8,0.83,0.46,798,0,2.46,-0.69,1,4,0.81
TRXUSDT,-1,1.9,1,TP,2,18,3,6,11,-0.81,1.39,4.02,2.71,1.41,0.73,0,0,3.95,4.19,-1,14,2.36
TRXUSDT,-1,1.9,1,TP,21,8,345,0,7,0.29,13.93,1.01,0.79,0.72,0.51,505,0,2.12,-1.19,-1,2,0.47
TRXUSDT,1,1.9,1,TP,44,13,486,0,12,0.04,12.32,1.79,1.54,0.59,0.28,437,0,1.13,-0.61,1,9,0.77
TRXUSDT,1,-2.1,0,SL,44,1,602,0,0,-1.62,8.71,0.64,0.64,0.86,0.28,565,0,0.76,0,1,14,0.51
TRXUSDT,1,1.9,1,TP,14,5,130,0,4,-0.11,-0.05,2,1.95,1.06,0.29,103,0,1.4,-2.04,1,13,1.16
TRXUSDT,1,-2.1,0,SL,22,4,325,0,3,-0.66,3.53,3.46,1.89,0.68,0.29,299,0,1.45,-1.03,1,14,1.02
TRXUSDT,1,1.9,1,TP,79,16,507,0,15,-0.46,3.2,3.15,0.75,0.43,0.37,1,0,1.28,-0.31,1,12,0.33
TRXUSDT,-1,-0.751,0,TIMEOUT,13,10,431,0,9,1.77,-3.1,1.47,3.13,0.63,0.29,4,2,1.46,-2.26,1,18,1.87
TRXUSDT,-1,1.9,1,TP,1,1,397,0,0,-3.39,3.57,3.88,3.88,0.77,0.52,172,0,0.53,0,-1,8,2.01
TRXUSDT,-1,-2.1,0,SL,33,1,567,0,0,-4.09,3.09,10.61,10.61,0.77,0.62,0,0,1.81,0,-1,2,2.92
TRXUSDT,1,1.9,1,TP,20,17,391,7,9,-0.5,-0.3,1.65,1.25,0.47,0.44,153,0,1.36,0.29,1,8,0.59
TRXUSDT,1,-2.1,0,SL,6,3,303,0,2,-0.15,0.67,0.59,0.77,0.65,1.25,80,1,1.42,-0.71,1,13,0.6
TRXUSDT,-1,1.9,1,TP,7,1,194,0,0,-2.15,3.69,0.72,0.72,0.46,0.46,39,0,1.37,0,-1,13,0.36
TRXUSDT,-1,1.9,1,TP,27,5,333,0,4,-0.29,1.27,0.95,0.83,0.48,0.19,6,0,0.5,-0.65,-1,0,0.56
TRXUSDT,1,-1.047,0,TIMEOUT,95,8,447,0,7,0.23,-1.21,1.46,0.89,0.32,0.22,123,0,0.45,-0.57,1,0,0.46
TRXUSDT,-1,-1.697,0,TIMEOUT,69,16,360,0,15,0.31,5.56,1.29,0.79,0.61,0.36,25,0,1.74,1.09,-1,22,0.53
TRXUSDT,1,-2.1,0,SL,13,8,185,0,7,0.4,0.49,1.37,0.95,0.35,0.31,71,0,1.01,-0.58,1,15,0.45
TRXUSDT,-1,1.9,1,TP,4,15,464,0,14,0.78,4.24,1.97,4.25,1.16,0.5,183,0,2.6,0.57,-1,16,3.48
TRXUSDT,1,1.9,1,TP,86,8,241,0,7,0.09,17.05,11.89,0.27,0.37,0.27,371,0,1.07,-0.88,1,22,0.25
TRXUSDT,1,-2.1,0,SL,18,12,113,0,11,-0.45,1.61,0.63,0.89,0.49,0.69,344,0,1.41,0.28,1,15,0.63
TRXUSDT,1,1.9,1,TP,20,2,222,0,1,0.48,0.9,0.43,0.84,0.49,0.69,463,0,1.47,-0.37,1,19,0.64
TRXUSDT,1,1.9,1,TP,16,1,281,0,0,-2.04,2.73,1,1,0.37,0.47,502,0,0.17,0,1,2,0.22
TRXUSDT,1,1.9,1,TP,72,3,809,0,2,-0.46,10.1,0.64,1.85,0.47,0.42,250,1,1.33,-0.71,1,14,0.65
TRXUSDT,-1,-2.1,0,SL,27,2,292,0,1,0.51,-0.83,0.74,1.75,0.42,0.28,176,0,1.16,-0.5,-1,6,0.61
TRXUSDT,-1,1.9,1,TP,28,5,209,0,4,-0.17,13.55,0.59,0.86,0.34,0.65,263,0,0.97,-0.22,-1,22,0.28
TRXUSDT,-1,1.9,1,TP,30,9,367,0,8,0.83,0.05,0.98,4.31,0.65,0.26,3,0,0.91,-1.17,-1,14,1.71
TRXUSDT,-1,-2.1,0,SL,58,16,207,0,15,-0.14,5.68,1.27,0.86,0.7,0.28,30,0,2.06,-1.01,-1,0,0.83
TRXUSDT,-1,-2.1,0,SL,17,11,68,0,10,0.42,1.6,1.78,0.47,0.52,0.27,92,1,0.75,-1.59,-1,22,0.37
TRXUSDT,-1,-1.225,0,TIMEOUT,33,10,374,0,9,0.48,0.78,11.08,1.42,0.41,0.49,0,1,0.79,-0.81,-1,1,0.62
TRXUSDT,1,1.9,1,TP,90,1,226,0,0,-1.94,0.93,0.75,0.75,0.25,0.25,72,1,0.5,0,1,18,0.2
TRXUSDT,1,1.9,1,TP,75,17,562,0,16,-0.4,4.05,6.79,2.48,0.42,0.17,0,0,0.99,1.48,1,6,1.32
TRXUSDT,1,1.9,1,TP,24,6,1011,5,0,-2.52,0.5,2.08,2.08,0.39,0.17,193,0,0.37,0.95,1,22,0.7
TRXUSDT,1,1.9,1,TP,4,15,1360,0,14,-0.02,2.46,29.88,0.59,0.87,0.42,0,0,1.82,-1.98,1,13,1.26
TRXUSDT,1,1.9,1,TP,11,4,1588,0,3,0.37,-0.48,0.43,1.48,0.45,0.28,7,0,1.12,-0.67,1,22,1.02
TRXUSDT,-1,1.9,1,TP,23,11,226,0,10,0.07,3.59,0.32,0.36,0.41,0.36,105,0,1.24,-0.63,-1,18,0.23
TRXUSDT,-1,-0.686,0,TIMEOUT,158,11,499,0,10,-0.78,2.66,0.85,0.98,0.58,0.32,8,0,1.58,0.68,-1,14,0.62
TRXUSDT,-1,1.9,1,TP,16,1,725,0,0,-3.46,6.66,2.87,2.87,0.4,0.32,244,0,0.83,0,-1,23,0.58
TRXUSDT,1,1.9,1,TP,52,5,114,0,4,0.6,-1.93,0.75,0.97,0.31,0.16,34,0,0.71,-0.76,-1,0,0.29
TRXUSDT,1,1.9,1,TP,5,1,174,0,0,-1.99,13.16,1.36,1.36,0.37,0.09,314,0,0.98,0,1,10,0.39
TRXUSDT,-1,1.9,1,TP,22,1,213,0,0,-4.22,1.03,2.83,2.83,0.48,0.56,104,0,0.68,0,-1,14,0.75
TRXUSDT,1,1.9,1,TP,6,1,180,0,0,-3.4,4.73,4.01,4.01,0.98,0.26,36,0,0.34,0,1,5,1.58
TRXUSDT,1,1.9,1,TP,28,14,364,0,13,-0.36,11.2,2.72,0.94,0.91,0.24,207,0,2.14,0.2,1,3,0.77
TRXUSDT,-1,-2.1,0,SL,2,8,471,0,7,0.97,-1.73,0.74,1.61,1.03,1.04,107,0,1.82,-2.1,-1,16,1.82
TRXUSDT,-1,1.9,1,TP,18,6,639,0,5,-0.67,5.57,0.92,1.21,0.79,1.11,277,0,2.39,-0.2,-1,10,0.8
TRXUSDT,1,1.9,1,TP,12,5,105,0,4,-0.13,-0.2,1.51,1.48,0.74,1.05,560,0,1.8,-1,1,8,0.79
TRXUSDT,1,1.9,1,TP,62,13,332,0,12,-0.04,1.79,19.26,0.39,0.64,0.43,0,0,1.86,-1.39,1,17,0.51
TRXUSDT,1,1.9,1,TP,10,9,600,0,8,-0.52,2.98,2.94,0.76,0.99,0.48,10,0,2.86,-1.48,1,12,0.83
TRXUSDT,1,-2.1,0,SL,39,15,999,0,14,-0.22,4.25,0.73,0.75,0.6,0.46,10,0,0.86,0.24,1,16,0.52
TRXUSDT,1,-2.1,0,SL,39,1,1137,0,0,-3,5.82,0.98,0.98,0.69,0.46,162,0,0.6,0,1,2,0.77
TRXUSDT,1,1.9,1,TP,23,9,1324,0,8,-0.05,4.52,6.07,0.3,0.75,0.46,341,0,1.29,-1.62,1,1,0.45
TRXUSDT,1,-2.1,0,SL,20,11,1527,0,10,-0.39,5.12,2.52,0.89,0.57,0.48,183,0,1.13,-0.77,1,4,0.59
TRXUSDT,-1,1.9,1,TP,217,2,109,0,1,0.13,1.9,0.5,0.59,0.51,0.53,15,0,1.07,-0.11,1,7,0.56
TRXUSDT,-1,1.9,1,TP,2,9,577,0,8,-0.14,2.49,1.33,1.3,1.14,0.35,17,0,2.89,0.01,-1,4,1.04
TRXUSDT,1,-2.1,0,SL,13,11,324,0,10,-0.34,2.9,6.75,0.64,0.81,0.26,110,0,2.46,-1.15,1,12,0.52
TRXUSDT,1,1.9,1,TP,10,1,475,0,0,-0.47,1.75,0.77,0.77,0.87,0.39,12,0,2.03,0,1,2,1.04
TRXUSDT,1,1.9,1,TP,29,4,762,0,3,-1.06,3.44,2.4,1.74,0.53,0.22,14,0,0.58,-0.39,1,2,0.61
TRXUSDT,1,1.9,1,TP,14,5,1034,0,4,0.22,0.82,1.09,1.16,0.47,0.31,25,1,1.01,-1.03,1,22,0.66
TRXUSDT,-1,1.9,1,TP,31,12,338,0,11,-0.88,-0.16,0.97,4.81,0.39,0.23,159,0,0.89,0.3,-1,5,0.91
TRXUSDT,1,-2.1,0,SL,64,12,199,0,11,-0.09,-0.79,0.58,0.82,0.47,0.28,51,0,1.42,-0.51,1,23,0.48
TRXUSDT,1,1.9,1,TP,41,1,357,0,0,-2.42,3.09,1.29,1.29,0.41,0.26,68,0,0.82,0,1,15,0.4
TRXUSDT,-1,-2.1,0,SL,35,5,287,0,4,0.19,0.86,2.13,1.79,0.65,0.23,123,0,1.01,-1.03,-1,14,1.1
TRXUSDT,1,1.9,1,TP,4,1,173,0,0,-1.7,10.01,0.47,0.47,0.29,0.22,419,0,0.8,0,1,15,0.19
TRXUSDT,1,1.9,1,TP,11,1,324,0,0,-3.34,1.88,3.02,3.02,0.4,0.22,97,0,0.75,0,1,5,0.75
TRXUSDT,1,1.9,1,TP,27,5,493,2,2,0.95,0.18,0.87,1.7,0.49,0.22,264,0,0.66,-0.25,1,23,0.99
TRXUSDT,-1,1.9,1,TP,50,1,371,0,0,-4.24,4.57,3.1,3.1,0.41,0.52,334,0,0.78,0,-1,1,0.65
TRXUSDT,1,-2.1,0,SL,35,3,331,0,2,-0.12,2.05,2.42,1.63,0.46,0.58,32,1,1.37,-0.47,1,14,0.62
TRXUSDT,1,-2.1,0,SL,18,8,555,0,7,0.14,2.69,1.53,1.12,0.65,0.2,3,0,0.89,-1.85,1,22,1.03
TRXUSDT,-1,-2.1,0,SL,68,8,145,0,7,-0.97,-0.75,1.03,4.39,0.37,0.38,63,0,1.02,-0.19,-1,1,0.77
TRXUSDT,1,-1.424,0,TIMEOUT,110,1,267,0,0,-1.6,2.08,1.33,1.33,0.24,0.31,60,1,0.59,0,1,6,0.26
TRXUSDT,1,-1.795,0,TIMEOUT,29,1,220,0,0,-3.02,5.42,3.18,3.18,0.25,0.11,27,0,0.56,0,1,1,0.24
TRXUSDT,1,-2.1,0,SL,65,10,358,0,9,0.12,1.32,27.41,1.45,0.47,0.14,0,0,0.95,-1.45,1,11,0.49
TRXUSDT,-1,1.9,1,TP,59,1,198,0,0,-3.34,5.86,0.44,0.44,0.34,0.13,255,0,0.11,0,-1,12,0.22
TRXUSDT,-1,-2.1,0,SL,47,4,677,0,3,-0.59,3.03,0.55,0.61,0.37,0.17,60,0,0.66,0.08,-1,12,0.49
TRXUSDT,-1,1.9,1,TP,11,1,1293,0,0,-1.22,1.5,1.1,1.1,0.25,0.26,19,0,0.68,0,-1,22,0.19
TRXUSDT,-1,-0.98,0,TIMEOUT,103,8,123,0,7,-0.27,17.44,0.77,0.45,0.26,0.19,246,0,0.8,-0.39,-1,21,0.1
TRXUSDT,-1,-1.214,0,TIMEOUT,51,4,375,0,3,0.38,2.01,0.94,0.75,0.25,0.14,30,0,0.38,-0.32,-1,12,0.4
TRXUSDT,-1,-1.119,0,TIMEOUT,88,10,132,0,9,-0.24,3.77,0.96,1.1,0.38,0.3,5,0,0.45,-0.65,-1,4,0.36
TRXUSDT,-1,-1.778,0,TIMEOUT,39,10,444,0,9,-0.71,1.39,4.47,1.19,0.35,0.32,0,0,0.28,-0.32,-1,16,0.44
TRXUSDT,1,-1.29,0,TIMEOUT,75,7,1,0,6,-0.14,2.25,1.4,1.73,0.3,0.31,49,0,0.91,-0.08,1,3,0.38
TRXUSDT,-1,-1.234,0,TIMEOUT,108,1,147,0,0,-4.15,1.55,1.29,1.29,0.38,0.05,79,0,0.15,0,-1,17,0.49
TRXUSDT,1,1.9,1,TP,225,9,244,0,8,0.42,2.29,7.08,1.71,0.41,0.25,238,0,0.48,-1.09,1,10,0.53
TRXUSDT,1,1.9,1,TP,48,3,939,1,1,0.28,-1.09,0.78,1.16,0.15,0.45,262,0,0.28,-0.11,1,16,0.24
TRXUSDT,1,-2.1,0,SL,27,16,2,0,15,-0.01,3.32,8.03,0.35,0.5,0.43,1,0,1.43,0.72,1,10,0.33
TRXUSDT,1,-1.786,0,TIMEOUT,53,7,101,5,1,0.07,2.1,0.82,0.35,0.29,0.18,440,0,0.48,-0.02,-1,19,0.19
TRXUSDT,-1,-0.85,0,TIMEOUT,124,17,10,0,16,0.26,2.34,5.99,0.79,0.34,0.18,495,0,0.98,-0.72,-1,12,0.38
TRXUSDT,-1,-0.931,0,TIMEOUT,203,4,200,0,3,0.32,3.63,0.63,2.82,0.21,0.18,698,0,0.54,-0.38,-1,12,0.37
TRXUSDT,1,1.9,1,TP,138,5,301,0,4,0.09,-1.1,1.72,1.63,0.23,0.13,98,0,0.7,-0.35,1,21,0.35
TRXUSDT,1,-1.582,0,TIMEOUT,32,12,171,0,11,-0.42,3.48,5.21,0.87,0.37,0.32,42,0,1.05,-0.32,1,12,0.57
TRXUSDT,-1,1.9,1,TP,4,1,258,0,0,-1.33,2.48,0.24,0.24,1.48,0.64,61,0,4.18,0,-1,20,0.53
TRXUSDT,-1,1.9,1,TP,6,1,434,0,0,-1.78,3.33,1.97,1.97,1,0.42,22,0,2.54,0,-1,16,1.16
TRXUSDT,-1,1.9,1,TP,9,14,604,0,13,-0.59,3.94,1.81,1.67,1.13,0.31,5,0,3.12,0.91,-1,10,1.76
TRXUSDT,-1,1.9,1,TP,52,10,933,0,9,0.38,0.54,0.49,0.55,0.52,0.38,148,0,1.66,-0.48,-1,20,0.48
TRXUSDT,-1,-2.1,0,SL,4,16,153,0,15,-0.14,-1.22,6.14,1.23,0.68,0.36,1,0,1.98,-0.34,-1,12,0.97
TRXUSDT,1,-1.265,0,TIMEOUT,68,9,320,0,8,0.56,9.26,1.43,1.56,0.21,0.21,195,0,0.6,-0.39,1,8,0.43
TRXUSDT,-1,-0.952,0,TIMEOUT,96,8,291,0,7,-0.28,-1.15,2.73,0.62,0.33,0.3,66,0,0.65,-0.74,-1,9,0.25
TRXUSDT,1,-1.165,0,TIMEOUT,8,2,250,0,1,1.72,-1.27,0.87,5.11,0.31,0.09,6,0,0.57,-0.97,1,8,1.21
TRXUSDT,1,1.9,1,TP,58,7,208,0,6,0.43,4.19,0.7,0.7,0.3,0.13,33,0,0.56,-0.44,1,8,0.31
TRXUSDT,-1,-0.769,0,TIMEOUT,70,13,578,0,12,1.3,-2.67,1.24,3.29,0.34,0.22,90,0,0.8,-0.58,-1,22,1.23
TRXUSDT,1,1.9,1,TP,62,16,225,5,10,0.2,-0.69,3.76,1.33,0.34,0.2,159,0,0.95,0.42,1,8,0.65
TRXUSDT,1,-2.1,0,SL,62,10,303,0,9,-0.39,1.18,1.18,0.64,0.43,0.22,186,0,1.2,-0.4,1,22,0.35
TRXUSDT,1,-2.1,0,SL,88,2,201,0,1,0.13,1.86,0.93,2.15,0.31,0.22,57,0,0.83,-0.36,1,11,0.87
TRXUSDT,1,1.9,1,TP,74,15,201,0,14,-0.46,4.09,0.64,0.64,0.27,0.11,11,0,0.8,0,1,16,0.3
TRXUSDT,1,1.9,1,TP,41,4,454,0,3,0.43,0.15,0.88,2.44,0.32,0.11,11,0,0.13,-0.4,1,7,0.53
TRXUSDT,1,-2.1,0,SL,5,4,69,0,3,-0.35,-0.26,0.75,1.26,0.36,0.18,4,0,0.96,-0.48,1,7,0.23
TRXUSDT,1,1.9,1,TP,64,1,124,0,0,-0.96,0.94,0.71,0.71,0.52,0.18,62,0,1.12,0,1,21,0.66
TRXUSDT,-1,1.9,1,TP,5,1,255,0,0,-1.3,5.67,0.5,0.5,0.27,0.16,118,0,0.79,0,-1,14,0.26
TRXUSDT,1,-0.935,0,TIMEOUT,80,9,119,0,8,-0.28,1.78,0.9,0.49,0.27,0.16,121,0,0.83,-0.32,1,2,0.23
TRXUSDT,1,-0.531,0,TIMEOUT,100,7,235,0,6,0.11,2.77,0.58,0.51,0.22,0.16,239,0,0.68,-0.17,1,7,0.29
TRXUSDT,-1,-0.802,0,TIMEOUT,60,8,316,0,7,0.12,1.89,1.16,0.29,0.25,0.3,36,1,0.59,-0.28,-1,9,0.24
TRXUSDT,-1,1.9,1,TP,101,7,424,0,6,0,-0.29,1.05,0.56,0.21,0.18,2,0,0.6,-0.25,-1,12,0.21
TRXUSDT,1,1.9,1,TP,84,11,352,0,10,-0.74,0.49,0.57,1.28,0.49,0.18,100,0,0.35,-0.06,1,17,0.83
TRXUSDT,1,-1.839,0,TIMEOUT,138,7,217,0,6,0.94,2.92,1.3,0.94,0.38,0.16,19,0,1.08,-1.34,1,4,0.67
TRXUSDT,1,1.9,1,TP,40,4,474,0,3,-0.03,0.45,0.77,0.36,0.38,0.27,19,0,0.56,-0.44,1,20,0.22
TRXUSDT,1,-0.766,0,TIMEOUT,152,4,1076,0,3,-1.27,2.8,0.45,1.36,0.35,0.12,35,0,0.17,0.35,1,3,0.5
TRXUSDT,1,-1.079,0,TIMEOUT,16,10,1508,0,9,-0.52,9.04,1.16,0.72,0.16,0.12,461,0,0.5,0.11,1,15,0.21
TRXUSDT,1,-2.1,0,SL,168,8,1636,0,7,-0.31,3.15,0.47,0.59,0.22,0.11,22,0,0.54,0.03,1,23,0.26
TRXUSDT,1,-0.795,0,TIMEOUT,79,9,249,0,8,0.49,-0.37,2.03,1.33,0.16,0.11,240,0,0.48,-0.32,1,17,0.2
TRXUSDT,1,-1.747,0,TIMEOUT,70,19,428,3,15,-1.63,2.91,1.74,1.32,0.2,0.18,93,0,0.54,0.75,1,14,0.42
TRXUSDT,1,1.9,1,TP,275,2,353,0,1,-1.97,6.08,0.74,2.16,0.27,0.17,153,0,0.7,0.29,1,14,0.63
TRXUSDT,1,1.9,1,TP,182,1,159,0,0,-0.81,1.02,0.83,0.83,0.18,0.13,58,0,0.55,0,1,4,0.2
TRXUSDT,1,1.9,1,TP,53,8,626,0,7,-0.44,2.97,0.94,1.49,0.15,0.08,396,0,0.37,0.03,1,0,0.21
TRXUSDT,1,-0.708,0,TIMEOUT,39,3,1164,0,2,0.45,0.51,0.97,0.99,0.31,0.12,43,0,0.14,-0.36,1,15,0.57
TRXUSDT,-1,1.9,1,TP,87,4,8,0,3,-0.38,1.78,1.59,0.9,0.24,0.12,85,0,0.71,-0.08,-1,2,0.21
TRXUSDT,-1,1.9,1,TP,2,1,392,0,0,-5.64,6.79,5.77,5.77,0.54,0.21,27,0,0.58,0,-1,18,1.52
TRXUSDT,1,-2.1,0,SL,84,7,255,0,6,-0.16,1.07,0.78,0.74,0.51,0.12,36,0,0.83,-0.82,1,18,0.43
TRXUSDT,1,1.9,1,TP,103,2,400,0,1,-0.23,2.11,1.29,1.12,0.3,0.29,42,1,0.87,-0.11,1,6,0.41
TRXUSDT,1,1.9,1,TP,78,7,803,0,6,0.12,0.83,1.17,0.91,0.24,0.31,106,0,0.75,-0.05,1,11,0.27
TRXUSDT,1,-0.731,0,TIMEOUT,45,1,266,0,0,-2.61,4.25,0.67,0.67,0.18,0.14,14,0,0.44,0,1,3,0.21
TRXUSDT,1,1.9,1,TP,141,1,398,0,0,-2.17,2.01,4.84,4.84,0.23,0.23,0,0,0.64,0,1,12,0.65
TRXUSDT,-1,-0.866,0,TIMEOUT,80,6,172,0,5,-0.14,1.74,1.01,0.9,0.16,0.09,22,0,0.5,-0.13,-1,11,0.1
TRXUSDT,1,-0.684,0,TIMEOUT,96,10,144,0,9,0.06,1.95,1.14,0.85,0.43,0.24,4,0,0.31,-0.81,1,3,0.58
TRXUSDT,-1,-0.626,0,TIMEOUT,121,5,145,0,4,0.04,0.19,1.66,1.2,0.27,0.09,50,0,0.38,-0.45,-1,13,0.38
TRXUSDT,1,-2.1,0,SL,16,15,113,0,14,0.01,5.62,35.64,0.69,1.43,0.23,328,0,3.75,2.91,1,6,0.76
TRXUSDT,-1,1.9,1,TP,38,7,281,0,6,-0.64,0.24,0.67,0.52,0.22,0.4,111,0,0.66,-0.28,-1,7,0.19
TRXUSDT,-1,-0.987,0,TIMEOUT,56,13,533,0,12,-0.73,0.15,0.59,0.62,0.25,0.14,27,0,0.52,0,-1,22,0.21
TRXUSDT,-1,0.095,1,TIMEOUT,277,2,693,0,1,0.14,1.94,1.23,0.74,0.17,0.1,48,0,0.08,-0.25,-1,14,0.29
TRXUSDT,-1,-0.859,0,TIMEOUT,57,5,997,0,4,0.08,6.14,0.41,0.64,0.19,0.1,349,0,0.54,-0.12,-1,18,0.33
TRXUSDT,1,-0.281,0,TIMEOUT,173,6,92,0,5,-0.79,0.26,0.77,1.29,0.1,0.1,575,0,0.31,-0.01,1,3,0.14
TRXUSDT,1,-0.616,0,TIMEOUT,74,2,340,0,1,-0.54,2.56,2.61,2.15,0.09,0.1,827,0,0.18,-0.06,1,17,0.17
TRXUSDT,1,1.9,1,TP,54,1,261,0,0,-1.58,3.5,0.29,0.29,0.28,0.26,135,0,0.2,0,1,1,0.13
TRXUSDT,1,-0.048,0,TIMEOUT,270,6,504,0,5,0.77,1.99,3.33,1.4,0.2,0.17,63,0,0.18,-0.53,1,13,0.39
TRXUSDT,1,1.9,1,TP,368,16,145,0,15,-1.64,2.82,1.19,1.26,0.17,0.08,257,0,0.41,0.54,1,16,0.29
TRXUSDT,1,-0.252,0,TIMEOUT,116,5,744,0,4,-0.6,0.66,0.71,0.78,0.11,0.19,43,0,0.36,-0.14,1,21,0.09
TRXUSDT,-1,-0.948,0,TIMEOUT,68,1,82,0,0,-2.14,4.79,0.96,0.96,0.25,0.19,291,0,0.49,0,-1,10,0.26
TRXUSDT,1,-0.028,0,TIMEOUT,290,11,554,0,10,0.73,3.62,1.11,1.35,0.2,0.14,96,0,0.57,-0.18,1,6,0.29
TRXUSDT,1,1.9,1,TP,46,1,376,0,0,-2.05,1.16,0.79,0.79,0.16,0.11,76,0,0.41,0,1,13,0.14
TRXUSDT,1,1.9,1,TP,41,10,660,0,9,0.04,13.93,2.06,1.45,0.15,0.1,229,0,0.44,-0.13,1,12,0.24
TRXUSDT,1,-0.91,0,TIMEOUT,160,9,3,0,8,0.21,2.18,9.72,0.97,0.5,0.61,1,0,1.28,-1.87,1,0,0.48
TRXUSDT,-1,-0.194,0,TIMEOUT,43,9,531,0,8,2.19,-3.54,1.3,9.76,0.16,0.15,107,0,0.32,-0.4,1,1,0.79
TRXUSDT,1,1.9,1,TP,183,8,220,0,7,0.07,2.77,2.74,1.08,0.17,0.27,23,1,0.51,-0.28,1,2,0.15
TRXUSDT,1,-1.505,0,TIMEOUT,105,5,145,0,4,-0.48,8.14,0.89,1.52,0.25,0.32,151,0,0.73,-0.06,1,13,0.3
TRXUSDT,1,0.572,1,TIMEOUT,268,5,323,4,0,-3.08,0.98,6.83,6.83,0.22,0.15,156,0,0.57,0.63,1,9,0.64
TRXUSDT,1,1.9,1,TP,92,4,624,0,3,-0.74,2.5,1.42,1.49,0.22,0.05,152,0,0.63,-0.26,1,13,0.22
TRXUSDT,-1,-1.531,0,TIMEOUT,22,11,230,0,10,-0.79,5.49,4.2,0.88,0.26,0.2,63,0,0.36,0.17,-1,8,0.26
TRXUSDT,-1,-0.038,0,TIMEOUT,109,8,309,0,7,0.1,5.43,0.78,0.36,0.25,0.31,41,0,0.29,-0.01,-1,3,0.16
TRXUSDT,1,1.9,1,TP,29,6,132,0,5,-0.29,5.61,0.53,0.94,0.29,0.18,128,0,0.68,-0.46,1,3,0.24
TRXUSDT,1,1.9,1,TP,121,4,163,0,3,0.24,0.39,1.8,1.47,0.17,0.05,95,0,0.12,-0.27,1,3,0.27
TRXUSDT,1,1.9,1,TP,39,3,445,0,2,0.08,-1.53,1.33,1.02,0.19,0.17,92,0,0.39,-0.35,1,1,0.24
TRXUSDT,1,1.9,1,TP,58,1,638,0,0,-1.53,4.83,0.73,0.73,0.21,0.34,158,1,0.19,0,1,1,0.21
TRXUSDT,-1,-0.495,0,TIMEOUT,105,9,155,0,8,0.44,4.03,0.7,1.02,0.27,0.09,25,0,0.77,-0.48,-1,18,0.26
TRXUSDT,-1,1.9,1,TP,12,1,224,0,0,-3.17,1.52,0.99,0.99,0.17,0.28,56,1,0.52,0,-1,23,0.16
TRXUSDT,-1,-1.186,0,TIMEOUT,38,7,399,0,6,-0.28,3.59,1.01,0.98,0.2,0.09,16,0,0.22,-0.41,-1,19,0.24
TRXUSDT,1,1.9,1,TP,124,1,300,0,0,-2.87,4.66,0.99,0.99,0.15,0.06,12,0,0.46,0,1,9,0.09
TRXUSDT,1,-0.881,0,TIMEOUT,85,7,135,0,6,-0.45,2.18,4.86,1.02,0.23,0.2,139,0,0.69,-0.25,1,12,0.17
TRXUSDT,1,1.9,1,TP,15,17,327,0,16,-0.35,3.43,0.75,2.4,0.15,0.07,25,0,0.4,0.26,1,12,0.44
TRXUSDT,1,1.9,1,TP,26,11,480,0,10,0.33,0.09,1.38,1.8,0.21,0.19,4,0,0.58,-0.19,1,3,0.45
TRXUSDT,-1,1.9,1,TP,51,1,149,0,0,-2.36,4.83,2.61,2.61,0.39,0.2,298,0,0.47,0,-1,2,0.61
TRXUSDT,-1,-1.417,0,TIMEOUT,35,1,427,0,0,-3.4,4.93,2.22,2.22,0.25,0.13,6,0,0.54,0,-1,23,0.2
TRXUSDT,-1,-1.018,0,TIMEOUT,51,4,576,0,3,-3.39,2.72,1.28,12.32,0.27,0.11,152,0,0.47,0.74,-1,12,1.39
TRXUSDT,1,-2.1,0,SL,26,6,489,0,5,-0.46,22.26,0.75,1.43,0.28,0.08,219,0,0.25,-0.16,1,13,0.4
TRXUSDT,-1,-0.924,0,TIMEOUT,40,14,292,2,11,0.27,-0.79,4.55,1,0.36,0.06,0,0,0.51,0.04,-1,22,0.3
TRXUSDT,-1,-0.453,0,TIMEOUT,100,1,137,0,0,-4,5.94,2.38,2.38,0.32,0.12,217,0,0.51,0,-1,9,0.51
TRXUSDT,-1,-0.938,0,TIMEOUT,47,14,88,0,13,-0.11,3.36,2.37,0.48,0.18,0.15,76,0,0.55,-0.4,-1,15,0.1
TRXUSDT,-1,-0.385,0,TIMEOUT,103,3,234,0,2,-0.67,4.44,0.76,0.82,0.21,0.12,62,0,0.21,-0.03,-1,4,0.17
TRXUSDT,1,1.9,1,TP,139,11,208,0,10,-1.09,3.72,2.4,0.42,0.16,0.04,8,0,0.47,0.15,1,17,0.2
TRXUSDT,1,1.9,1,TP,13,15,448,0,14,-0.45,6.96,1.29,2.41,0.19,0.1,27,0,0.61,0.08,1,5,0.34
TRXUSDT,1,-0.067,0,TIMEOUT,81,7,771,0,6,0.35,1.14,0.53,5.94,0.2,0.09,4,0,0.52,-0.26,1,14,0.55
TRXUSDT,1,-0.735,0,TIMEOUT,120,12,892,0,11,-1.95,10.15,0.46,2.56,0.13,0.09,120,0,0.37,0.35,1,20,0.32
TRXUSDT,1,1.9,1,TP,168,7,1047,0,6,-0.48,2.55,1.05,1.28,0.21,0.1,39,0,0.5,-0.14,1,11,0.26
TRXUSDT,1,1.9,1,TP,135,5,1706,0,4,-0.5,14.97,0.9,2.12,0.14,0.1,208,0,0.43,-0.04,1,8,0.21
TRXUSDT,1,-1.375,0,TIMEOUT,26,6,256,0,5,-0.69,4.52,1.05,0.77,0.19,0.1,34,0,0.6,-0.06,1,9,0.21
TRXUSDT,-1,0.02,1,TIMEOUT,214,4,114,0,3,0.78,4,0.56,0.75,0.17,0.11,203,0,0.39,-0.31,-1,3,0.3
TRXUSDT,-1,1.9,1,TP,41,16,425,0,15,0.12,3.28,1.14,0.3,0.2,0.19,185,0,0.59,-0.16,-1,9,0.13
TRXUSDT,-1,-0.743,0,TIMEOUT,88,6,638,0,5,-0.68,18.21,0.73,1.96,0.16,0.19,408,0,0.45,-0.12,-1,14,0.3
TRXUSDT,-1,1.9,1,TP,199,8,747,0,7,-0.27,3.3,4.39,0.49,0.21,0.07,16,0,0.4,-0.63,-1,17,0.14
TRXUSDT,-1,1.9,1,TP,47,1,1082,0,0,-0.98,0.44,0.45,0.45,0.17,0.1,63,0,0.42,0,-1,5,0.18
TRXUSDT,-1,0.185,1,TIMEOUT,109,1,1506,0,0,-1.35,9.53,0.74,0.74,0.2,0.16,179,0,0.52,0,-1,15,0.15
TRXUSDT,-1,1.9,1,TP,58,1,1688,0,0,-3.22,15.07,1.38,1.38,0.18,0.16,361,0,0.3,0,-1,13,0.3
TRXUSDT,-1,1.9,1,TP,23,14,5,3,10,-0.52,2.4,1.87,1.23,0.71,0.4,302,0,1.62,1.88,-1,15,0.85
TRXUSDT,-1,-1.176,0,TIMEOUT,40,7,184,0,6,-0.17,2.78,1.22,0.86,0.41,0.16,4,0,0.48,-0.63,-1,12,0.29
TRXUSDT,1,-0.391,0,TIMEOUT,164,1,58,0,0,-3.12,6.84,1.43,1.43,0.27,0.32,26,0,0.29,0,1,16,0.3
TRXUSDT,-1,-0.566,0,TIMEOUT,89,6,157,0,5,0.39,6.98,0.9,2.18,0.17,0.14,283,0,0.33,-0.35,-1,10,0.33
TRXUSDT,-1,-0.869,0,TIMEOUT,55,8,243,0,7,0.22,2.47,0.6,0.47,0.17,0.14,50,0,0.47,-0.26,-1,22,0.06
TRXUSDT,1,1.9,1,TP,153,7,188,6,0,-1.97,0.07,1.44,1.44,0.13,0.32,5,2,0.27,0.33,1,14,0.11
TRXUSDT,-1,-1.078,0,TIMEOUT,64,7,66,6,0,-4.23,0.04,7.07,7.07,0.47,0.32,380,2,0.43,1.93,-1,12,1.75
TRXUSDT,-1,1.9,1,TP,75,14,146,0,13,0.14,10.69,2.26,1.17,0.39,0.17,206,0,0.95,-0.2,-1,17,0.33
TRXUSDT,1,1.9,1,TP,168,8,276,0,7,-0.24,8.89,2.61,1.14,0.21,0.11,348,0,0.61,-0.2,1,15,0.23
TRXUSDT,-1,-0.61,0,TIMEOUT,59,3,107,0,2,1.33,3.47,0.47,2.52,0.37,0.09,157,0,0.48,-1.04,-1,14,0.87
TRXUSDT,-1,-1.202,0,TIMEOUT,34,5,183,0,4,-0.27,4.76,3.74,1.38,0.4,0.09,231,0,0.46,-1.45,-1,9,0.29
TRXUSDT,1,-0.368,0,TIMEOUT,42,1,135,0,0,-2.03,9.31,0.49,0.49,0.16,0.09,449,0,0.49,0,1,14,0.07
TRXUSDT,-1,-0.595,0,TIMEOUT,83,1,135,0,0,-4.71,11.31,1.18,1.18,0.29,0.16,241,0,0.34,0,-1,12,0.32
TRXUSDT,1,-0.613,0,TIMEOUT,82,12,282,0,11,-0.03,-0.36,0.85,0.52,0.28,0.21,38,0,0.82,-0.53,1,20,0.17
TRXUSDT,1,-0.746,0,TIMEOUT,41,5,468,0,4,0.2,-0.14,0.97,1.23,0.11,0.09,36,0,0.34,-0.17,1,19,0.12
TRXUSDT,-1,1.9,1,TP,274,1,200,0,0,-4.47,5.94,4.2,4.2,0.25,0.06,1,0,0.12,0,-1,4,0.35
TRXUSDT,-1,1.9,1,TP,154,6,269,0,5,0.07,-0.48,0.15,0.25,0.16,0.1,41,0,0.3,-0.17,-1,7,0.08
TRXUSDT,-1,-0.828,0,TIMEOUT,46,13,750,0,12,-0.62,3.47,0.68,2.22,0.19,0.17,6,0,0.28,0.12,-1,7,0.22
TRXUSDT,-1,-0.701,0,TIMEOUT,21,14,938,0,13,0.13,3.87,0.68,1.72,0.14,0.08,3,0,0.29,-0.13,-1,6,0.15
TRXUSDT,1,0.225,1,TIMEOUT,216,3,210,0,2,0.05,-0.67,0.95,0.65,0.09,0.1,37,0,0.15,-0.12,1,23,0.11
TRXUSDT,1,-1.1,0,TIMEOUT,61,9,454,0,8,-0.89,7.78,0.62,0.5,0.14,0.1,275,0,0.37,0.07,1,12,0.15
TRXUSDT,1,-0.37,0,TIMEOUT,4,11,569,0,10,0.17,0.35,0.87,0.71,0.15,0.07,7,0,0.25,-0.1,1,16,0.15
TRXUSDT,1,-1.045,0,TIMEOUT,30,17,194,1,15,0.1,-0.7,0.66,2.01,0.2,0.09,45,0,0.57,0.02,1,21,0.32
TRXUSDT,1,1.9,1,TP,184,6,100,0,5,-0.15,7.83,1.56,1.15,0.13,0.16,150,0,0.4,-0.12,1,9,0.12
TRXUSDT,1,1.9,1,TP,2,1,248,0,0,-2.12,14.34,1.11,1.11,0.13,0.28,244,1,0.39,0,1,10,0.17
TRXUSDT,-1,1.9,1,TP,5,1,51,0,0,-1.83,6.59,0.6,0.6,0.34,0.07,217,0,0.59,0,-1,1,0.24
TRXUSDT,-1,-0.825,0,TIMEOUT,50,13,582,0,12,-1.23,2.62,0.53,1.07,0.15,0.19,31,1,0.31,0.39,-1,13,0.19
TRXUSDT,-1,-1.338,0,TIMEOUT,59,10,662,0,9,0.34,0.51,0.68,1.34,0.1,0.06,45,0,0.3,-0.21,-1,9,0.15
TRXUSDT,-1,1.9,1,TP,20,6,86,5,0,-3.87,0.1,1.02,1.02,0.21,0.08,439,0,0.62,0.36,-1,11,0.17
TRXUSDT,1,1.9,1,TP,46,16,262,0,15,-0.53,4.27,3.15,1.1,0.19,0.07,136,0,0.52,0.21,1,11,0.39
TRXUSDT,1,1.9,1,TP,12,1,136,0,0,-1.55,1.31,0.42,0.42,0.4,0.2,99,0,1.07,0,1,11,0.24
TRXUSDT,-1,1.9,1,TP,46,3,578,0,2,0.36,0.78,0.53,1.11,0.17,0.14,7,0,0.49,-0.3,-1,9,0.35
TRXUSDT,1,0.698,1,TIMEOUT,264,7,352,0,6,-0.22,1.16,1.49,0.97,0.13,0.08,193,0,0.37,-0.05,1,12,0.09
TRXUSDT,1,-0.5,0,TIMEOUT,63,12,736,0,11,-0.36,3.22,0.79,1.28,0.15,0.03,256,0,0.29,0.09,1,12,0.26
TRXUSDT,1,-0.528,0,TIMEOUT,47,16,302,0,15,-1.87,6.38,2.08,3.36,0.15,0.05,146,0,0.4,0.46,1,12,0.43
TRXUSDT,-1,-0.502,0,TIMEOUT,109,1,130,0,0,-5.27,1.87,8.89,8.89,0.26,0.05,362,0,0.14,0,-1,15,1.15
TRXUSDT,1,-0.194,0,TIMEOUT,48,1,375,0,0,-2.26,0.96,1.87,1.87,0.12,0.07,73,0,0.19,0,1,12,0.19
TRXUSDT,1,0.59,1,TIMEOUT,76,1,448,0,0,-3.51,5.73,0.97,0.97,0.14,0.07,146,0,0.26,0,1,6,0.19
TRXUSDT,-1,1.9,1,TP,276,13,372,0,12,0.1,3.44,0.97,2.26,0.15,0.23,320,0,0.18,0.03,-1,4,0.37
TRXUSDT,1,1.9,1,TP,62,1,235,0,0,-3.17,6.7,2.86,2.86,0.12,0.12,28,0,0.35,0,1,1,0.16
TRXUSDT,1,-0.282,0,TIMEOUT,123,5,471,0,4,0.22,26.61,0.55,1.9,0.12,0.12,260,0,0.38,-0.21,1,12,0.1
TRXUSDT,-1,1.9,1,TP,106,1,263,0,0,-2.33,15.88,0.69,0.69,0.14,0.3,321,1,0.28,0,-1,15,0.11
TRXUSDT,-1,-0.6,0,TIMEOUT,64,14,167,0,13,0.32,43.07,2.25,0.8,0.11,0.31,747,1,0.35,-0.11,-1,5,0.11
TRXUSDT,1,1.9,1,TP,83,4,108,0,3,1.13,2.02,0.71,2.47,0.24,0.13,18,0,0.59,-0.43,1,5,0.44
TRXUSDT,1,1.9,1,TP,13,3,402,0,2,-0.02,-1.11,1.16,2.17,0.49,0.45,1,1,1.21,-1.16,1,6,0.98
TRXUSDT,1,1.9,1,TP,25,1,760,0,0,-3.43,14.12,1.33,1.33,0.42,0.46,162,1,1.15,0,1,0,0.51
TRXUSDT,-1,1.9,1,TP,3,1,96,0,0,-4.99,5.42,2.11,2.11,0.66,0.18,35,0,0.95,0,-1,14,1.17
TRXUSDT,1,1.9,1,TP,74,1,265,0,0,-3.94,5.67,1.99,1.99,0.27,0.16,9,0,0.59,0,1,8,0.19
TRXUSDT,1,1.9,1,TP,10,4,396,0,3,0.12,3.63,1.38,1.69,0.76,0.16,137,0,1.35,-1.47,1,17,0.9
TRXUSDT,1,-2.1,0,SL,16,6,831,0,5,0.29,-0.47,1.04,1.6,0.86,0.67,84,0,0.31,-1.08,1,6,0.92
TRXUSDT,-1,1.9,1,TP,9,1,67,0,0,-0.65,3.7,0.96,0.96,0.47,0.58,90,0,1.35,0,-1,6,0.25
TRXUSDT,-1,-2.1,0,SL,6,6,310,0,5,0.21,11.34,1.99,0.48,1.42,0.47,110,0,4.35,-3.13,-1,19,1.08
TRXUSDT,-1,-2.1,0,SL,9,10,173,0,9,-0.37,13.9,2.63,1.3,0.59,0.43,661,0,1.76,-0.43,-1,14,0.67
TRXUSDT,-1,-2.1,0,SL,81,1,327,0,0,-4.41,4.34,2.67,2.67,0.56,0.61,117,0,0.44,0,-1,13,1.51
TRXUSDT,1,-1.519,0,TIMEOUT,53,17,191,0,16,0.86,7.59,1.48,2.87,0.3,0.25,276,0,0.72,0.02,1,9,0.96
TRXUSDT,-1,-1.231,0,TIMEOUT,50,9,180,0,8,-0.68,4.99,1.32,1.09,0.18,0.19,65,0,0.53,-0.2,-1,11,0.2
TRXUSDT,-1,1.9,1,TP,52,15,398,0,14,0.51,5.86,1.88,0.98,0.18,0.19,76,0,0.54,-0.07,-1,20,0.18
TRXUSDT,-1,-1.829,0,TIMEOUT,37,6,694,0,5,0.11,2.68,0.93,3.26,0.29,0.19,31,1,0.91,-0.28,-1,22,0.3
TRXUSDT,-1,-2.1,0,SL,14,17,69,0,16,-0.37,8.91,0.92,0.8,0.93,0.16,178,0,2.71,1.92,-1,2,0.64
TRXUSDT,1,1.9,1,TP,18,10,307,0,9,-0.58,4.02,0.55,0.72,0.44,0.26,50,0,0.44,-0.34,1,1,0.4
TRXUSDT,-1,1.9,1,TP,10,1,214,0,0,-1.77,5.37,0.47,0.47,0.27,0.27,516,0,0.37,0,-1,19,0.17
TRXUSDT,-1,-2.1,0,SL,29,1,224,0,0,-5.37,30.37,6.34,6.34,0.54,0.21,349,0,1.44,0,-1,5,1.41
TRXUSDT,-1,-1.336,0,TIMEOUT,39,5,379,0,4,-0.07,38.5,0.62,0.82,0.37,0.2,500,0,0.98,-0.46,-1,20,0.23
TRXUSDT,1,1.9,1,TP,21,15,390,0,14,-0.69,2.68,1.69,1.51,0.42,0.28,89,0,1.28,0.07,1,12,0.6
TRXUSDT,1,1.9,1,TP,24,1,143,0,0,-2.52,3.77,2.41,2.41,0.25,0.26,213,0,0.22,0,1,16,0.43
TRXUSDT,-1,1.9,1,TP,9,1,262,0,0,-5.13,3.6,4.85,4.85,0.45,0.27,112,0,1,0,-1,1,1.24
TRXUSDT,1,1.9,1,TP,9,1,162,0,0,-2.69,4.16,2.68,2.68,0.26,0.16,87,0,0.75,0,1,13,0.46
TRXUSDT,-1,-0.622,0,TIMEOUT,110,1,495,0,0,-3.33,43.17,5.49,5.49,0.24,0.14,534,0,0.5,0,-1,8,0.78
TRXUSDT,-1,1.9,1,TP,32,7,665,0,6,-0.76,1.49,5.32,6.46,0.33,0.13,0,0,0.76,0.17,-1,3,1.17
TRXUSDT,1,-1.169,0,TIMEOUT,48,1,278,0,0,-1.46,2.37,0.73,0.73,0.5,0.43,6,0,0.88,0,1,18,0.48
TRXUSDT,1,1.9,1,TP,147,7,355,0,6,-1.17,4.76,2.34,1.38,0.44,0.42,77,0,1.18,-0.09,1,13,0.63
TRXUSDT,1,-1.494,0,TIMEOUT,104,8,193,0,7,0.48,0.94,0.75,1,0.24,0.16,150,0,0.76,-0.26,1,22,0.25
TRXUSDT,1,1.9,1,TP,47,2,402,0,1,0.15,-0.13,0.96,0.71,0.3,0.16,365,0,0.56,-0.12,1,3,0.24
TRXUSDT,1,-2.1,0,SL,77,8,595,0,7,-0.08,8.45,2.54,0.93,0.27,0.16,552,0,0.79,-0.29,1,3,0.25
TRXUSDT,1,1.9,1,TP,42,1,147,0,0,-3.23,3.24,0.98,0.98,0.5,0.42,4,0,0.19,0,1,18,0.68
TRXUSDT,1,1.9,1,TP,10,1,326,0,0,-1.21,2.23,0.89,0.89,0.27,0.26,172,0,0.74,0,1,15,0.33
TRXUSDT,1,1.9,1,TP,28,17,536,0,16,-0.1,10.35,3.4,1.89,0.32,0.24,154,0,0.87,0.37,1,19,0.73
TRXUSDT,-1,1.9,1,TP,70,1,106,0,0,-3.12,18.34,2.16,2.16,0.17,0.11,154,0,0.57,0,-1,2,0.18
TRXUSDT,1,-0.954,0,TIMEOUT,63,1,106,0,0,-2.25,1.84,0.41,0.41,0.26,0.13,45,0,0.49,0,1,20,0.09
TRXUSDT,1,-1.429,0,TIMEOUT,40,7,238,0,6,0.02,-0.55,0.7,0.71,0.26,0.15,171,0,0.78,0.01,1,5,0.12
TRXUSDT,1,-1.074,0,TIMEOUT,31,8,380,0,7,-0.53,1.44,1.39,2.44,0.24,0.08,52,0,0.33,-0.17,1,17,0.45
TRXUSDT,-1,0.148,1,TIMEOUT,113,3,149,0,2,-0.56,1.97,1.88,1.35,0.23,0.1,164,0,0.44,-0.29,-1,13,0.35
TRXUSDT,1,-0.648,0,TIMEOUT,182,10,119,0,9,-0.54,1,0.63,6.87,0.21,0.01,122,0,0.4,0.01,1,7,0.61
TRXUSDT,1,1.9,1,TP,32,10,393,0,9,0.3,4.72,0.81,2.65,0.39,0.14,189,0,1,-0.31,1,1,0.77
TRXUSDT,1,-1.271,0,TIMEOUT,74,5,172,0,4,-0.26,-1.06,0.41,1.21,0.42,0.24,115,0,1,-0.64,1,18,0.56
TRXUSDT,-1,-0.844,0,TIMEOUT,11,12,140,0,11,0.95,3.85,2.95,0.64,0.2,0.24,256,0,0.58,-0.45,1,3,0.31
TRXUSDT,1,-1.344,0,TIMEOUT,61,4,218,0,3,0.2,1.28,2.02,1.29,0.29,0.45,20,0,0.44,-0.68,1,9,0.4
TRXUSDT,1,-0.627,0,TIMEOUT,80,6,111,0,5,0.23,6.57,1.09,0.65,0.18,0.18,53,0,0.36,-0.2,1,8,0.16
TRXUSDT,1,-1.397,0,TIMEOUT,129,13,223,0,12,-0.05,7.3,1.23,2.18,0.26,0.18,158,0,0.69,0.02,1,12,0.52
TRXUSDT,1,1.9,1,TP,152,11,375,0,10,0.09,4.13,1.31,0.47,0.6,0.21,2,0,0.74,-2.14,1,2,0.44
TRXUSDT,1,1.9,1,TP,70,1,729,0,0,-2.29,21.71,1.61,1.61,0.27,0.2,366,0,0.81,0,1,18,0.26
TRXUSDT,-1,-2.1,0,SL,25,12,428,0,11,0.02,-0.32,1.01,0.97,0.23,0.06,110,0,0.12,-0.27,-1,6,0.35
TRXUSDT,1,-2.1,0,SL,43,1,1,0,0,-2.21,3.2,1.23,1.23,1.06,0.11,2,0,2.42,0,1,13,1.58
TRXUSDT,-1,-0.83,0,TIMEOUT,58,4,217,0,3,-0.52,6.66,1.9,1,0.34,0.18,300,0,0.18,-0.51,-1,18,0.44
TRXUSDT,-1,1.9,1,TP,52,5,338,0,4,-0.1,6.16,5.71,1.06,0.39,0.18,420,0,0.25,-1.1,-1,0,0.62
TRXUSDT,1,-0.056,0,TIMEOUT,87,1,393,0,0,-0.88,1.58,0.74,0.74,0.17,0.1,202,0,0.26,0,1,21,0.2
TRXUSDT,1,1.9,1,TP,271,14,528,0,13,0.16,0.09,1.86,1.76,0.12,0.08,68,0,0.36,-0.16,1,7,0.14
TRXUSDT,1,1.9,1,TP,338,6,1221,0,5,-0.19,4.21,0.46,0.7,0.12,0.08,98,0,0.36,-0.08,1,12,0.1
TRXUSDT,1,-0.641,0,TIMEOUT,47,1,1895,0,0,-2.04,0.88,2.17,2.17,0.15,0.11,37,0,0.46,0,1,13,0.18
TRXUSDT,-1,1.9,1,TP,8,1,353,0,0,-0.21,0.27,0.68,0.68,0.5,0.07,66,0,0.37,0,-1,15,0.45
TRXUSDT,-1,-1.409,0,TIMEOUT,80,6,161,0,5,-0.84,1.2,0.96,1.37,0.36,0.17,87,1,0.87,0.22,-1,8,0.45
TRXUSDT,-1,-1.454,0,TIMEOUT,49,13,300,0,12,0.39,2.92,1.69,1.19,0.34,0.21,74,2,1.01,-0.03,-1,19,0.25
TRXUSDT,1,-0.242,0,TIMEOUT,86,1,562,0,0,-3.7,11.53,2.09,2.09,0.17,0.11,400,0,0.11,0,1,2,0.19
TRXUSDT,1,1.9,1,TP,68,2,681,0,1,-0.63,15.81,0.88,1.27,0.16,0.11,518,0,0.5,-0.02,1,7,0.21
TRXUSDT,-1,0.017,1,TIMEOUT,78,8,243,0,7,0.3,1.26,0.78,0.86,0.31,0.15,44,0,0.16,-0.7,-1,4,0.33
TRXUSDT,-1,-1.363,0,TIMEOUT,69,4,425,0,3,0.17,3.18,2.77,1.11,0.28,0.16,230,0,0.5,-0.72,-1,2,0.24
TRXUSDT,1,-0.886,0,TIMEOUT,47,16,327,0,15,0.12,26.17,2.79,1.61,0.17,0.15,376,0,0.5,-0.02,1,10,0.25
TRXUSDT,1,-1.144,0,TIMEOUT,9,3,79,1,1,0.09,1.61,1.31,0.57,0.14,0.05,18,0,0.25,0.03,1,12,0.11
TRXUSDT,-1,-0.991,0,TIMEOUT,74,6,143,0,5,-0.72,5.25,1.13,0.5,0.28,0.04,223,0,0.55,-0.21,-1,17,0.29
TRXUSDT,-1,1.9,1,TP,99,15,106,0,14,-0.25,13.28,0.74,0.37,0.21,0.04,512,0,0.67,0.06,-1,19,0.14
TRXUSDT,1,1.9,1,TP,12,1,84,0,0,-3.48,1.19,8.31,8.31,0.25,0.2,52,0,0.57,0,1,6,0.78
TRXUSDT,1,-1.428,0,TIMEOUT,9,3,659,0,2,0.33,-1.17,0.56,1.78,0.18,0.23,232,0,0.23,-0.26,1,6,0.3
TRXUSDT,1,-0.409,0,TIMEOUT,91,6,170,0,5,-0.27,6.24,0.66,1.69,0.18,0.14,352,0,0.22,-0.26,1,8,0.2
TRXUSDT,-1,-1.016,0,TIMEOUT,94,15,204,3,11,-0.67,0.33,1.26,1.14,0.24,0.16,103,0,0.7,0.2,-1,15,0.41
TRXUSDT,-1,-0.461,0,TIMEOUT,140,13,362,0,12,0.07,2.89,1.97,0.93,0.24,0.07,72,0,0.66,-0.16,-1,7,0.34
TRXUSDT,-1,-0.874,0,TIMEOUT,75,1,161,0,0,-3.93,4.7,3.95,3.95,0.16,0.15,228,0,0.08,0,-1,13,0.48
TRXUSDT,1,0.011,1,TIMEOUT,225,5,364,0,4,-0.37,3.64,0.78,0.93,0.15,0.08,34,0,0.22,-0.15,1,6,0.19
TRXUSDT,-1,1.9,1,TP,111,16,166,0,15,0.09,2.97,1.54,1.03,0.2,0.11,9,0,0.44,0.2,-1,11,0.15
TRXUSDT,-1,-2.1,0,SL,30,5,137,0,4,-0.53,0.49,2.12,7.1,0.44,0.23,295,0,0.57,-0.72,-1,16,0.74
TRXUSDT,1,-1.668,0,TIMEOUT,53,13,7,0,12,-0.37,7.29,1.91,1.12,0.22,0.22,336,0,0.73,0.15,1,5,0.23
TRXUSDT,1,-2.1,0,SL,71,15,216,0,14,-0.59,3.67,1.03,1.56,0.25,0.14,39,0,0.71,0.57,1,17,0.44
TRXUSDT,-1,1.9,1,TP,143,4,442,0,3,-1,1.57,4.43,2.02,0.29,0.25,1,0,0.59,-0.35,-1,6,0.62
TRXUSDT,1,-1.366,0,TIMEOUT,9,8,116,0,7,0.13,-1.28,2.67,1.14,0.16,0.06,114,0,0.43,-0.29,1,1,0.26
TRXUSDT,1,-1.652,0,TIMEOUT,37,5,534,0,4,-0.22,6.82,1.32,1.21,0.26,0.15,528,0,0.28,-0.6,1,9,0.49
TRXUSDT,-1,-1.733,0,TIMEOUT,71,19,9,5,13,0.34,-0.74,1.3,0.76,0.35,0.15,575,0,1.05,-0.03,1,23,0.3
TRXUSDT,-1,1.9,1,TP,229,17,2,0,16,0.22,2.29,3.09,0.37,0.35,0.11,1,0,1.01,-0.05,-1,20,0.29
TRXUSDT,-1,-0.264,0,TIMEOUT,90,1,788,0,0,-1.74,4.79,0.78,0.78,0.17,0.08,40,0,0.38,0,-1,0,0.14
TRXUSDT,1,-1.289,0,TIMEOUT,42,1,347,0,0,-2.4,4.55,1.84,1.84,0.12,0.07,42,0,0.3,0,1,13,0.09
TRXUSDT,1,-1.118,0,TIMEOUT,61,20,9,3,16,-0.32,0,1.87,0.4,0.21,0.23,159,0,0.62,0.14,1,19,0.14
TRXUSDT,1,1.9,1,TP,44,1,174,0,0,-1.71,0.97,2.16,2.16,0.13,0.1,4,0,0.36,0,1,13,0.2
TRXUSDT,1,-0.277,0,TIMEOUT,37,11,347,0,10,-0.1,1.25,1.4,1.87,0.12,0.09,107,0,0.35,0.03,1,8,0.34
TRXUSDT,-1,1.9,1,TP,106,1,106,0,0,-2.32,3.36,1.1,1.1,0.11,0.01,126,0,0.28,0,-1,12,0.09
TRXUSDT,-1,-0.239,0,TIMEOUT,65,1,269,0,0,-4.1,6.73,1.01,1.01,0.14,0,121,0,0.38,0,-1,5,0.14
TRXUSDT,-1,1.9,1,TP,110,1,473,0,0,-4.13,7.49,3.63,3.63,0.13,0.07,57,0,0.29,0,-1,8,0.23
TRXUSDT,1,-0.763,0,TIMEOUT,137,6,225,0,5,-0.15,0.22,2.86,0.39,0.19,0.16,1,0,0.53,-0.32,1,17,0.15
TRXUSDT,1,-0.779,0,TIMEOUT,83,14,1,2,11,0.33,-0.53,2.3,1.67,0.23,0.16,186,0,0.57,0.19,1,17,0.57
TRXUSDT,1,1.9,1,TP,140,5,124,0,4,0,1.62,0.5,1.16,0.12,0.05,68,0,0.39,-0.17,1,23,0.18
TRXUSDT,-1,-0.495,0,TIMEOUT,38,1,368,0,0,-1.58,3.22,1.24,1.24,0.11,0.05,702,0,0.32,0,-1,13,0.18
TRXUSDT,1,0.133,1,TIMEOUT,134,5,210,2,2,-0.44,-1.43,0.6,1.67,0.12,0.05,122,0,0.17,-0.15,1,22,0.36
TRXUSDT,1,1.9,1,TP,87,7,82,0,6,-0.53,2.44,0.6,0.86,0.14,0.14,81,1,0.4,-0.07,1,19,0.16
TRXUSDT,1,-0.523,0,TIMEOUT,21,7,198,0,6,1.77,2.42,1.25,5.39,0.23,0.08,155,0,0.55,-0.99,1,20,0.7
TRXUSDT,1,1.9,1,TP,85,6,304,0,5,-0.69,2.45,0.56,0.39,0.14,0.02,62,0,0.19,-0.01,1,22,0.12
TRXUSDT,1,1.9,1,TP,57,3,532,0,2,-0.75,1.59,0.42,3.2,0.24,0.12,94,0,0.67,0.1,1,7,0.54
TRXUSDT,1,1.9,1,TP,65,7,691,0,6,0.8,1.88,0.69,1.31,0.19,0.11,52,0,0.55,-0.39,1,23,0.33
TRXUSDT,1,-1.413,0,TIMEOUT,45,5,876,0,4,0.2,0.53,0.78,0.65,0.2,0.11,85,0,0.61,-0.36,1,21,0.3
TRXUSDT,-1,0.62,1,TIMEOUT,275,11,217,0,10,0.44,0.38,0.44,0.92,0.19,0.05,419,0,0.49,-0.41,-1,23,0.28
TRXUSDT,-1,-0.724,0,TIMEOUT,13,17,587,0,16,1.51,1.54,3.09,1.04,0.27,0.06,158,0,0.52,-0.36,-1,19,0.99
TRXUSDT,-1,-1.208,0,TIMEOUT,49,1,631,0,0,-2.96,6.91,2.32,2.32,0.2,0.09,30,0,0.48,0,-1,6,0.46
TRXUSDT,-1,1.9,1,TP,23,11,746,0,10,0.12,10.41,0.81,0.77,0.11,0.09,135,0,0.36,-0.11,-1,11,0.11
TRXUSDT,1,-0.644,0,TIMEOUT,41,1,87,0,0,-3.24,5.58,1.35,1.35,0.16,0.08,101,0,0.37,0,1,22,0.24
TRXUSDT,1,0.529,1,TIMEOUT,127,1,167,0,0,-2.28,0.13,1.15,1.15,0.17,0.08,72,0,0.36,0,1,18,0.2
TRXUSDT,-1,-0.755,0,TIMEOUT,69,7,212,0,6,0.46,1.87,4.62,2.05,0.15,0.09,15,0,0.36,-0.25,-1,22,0.3
TRXUSDT,-1,-0.737,0,TIMEOUT,76,10,363,0,9,-1.07,4.18,1.25,0.7,0.11,0.16,15,0,0.15,0.04,-1,11,0.13
TRXUSDT,1,1.9,1,TP,71,1,222,0,0,-2.64,8.39,0.86,0.86,0.15,0.06,416,0,0.29,0,1,18,0.16
TRXUSDT,1,-0.64,0,TIMEOUT,57,12,415,0,11,-0.3,3.68,1.37,0.37,0.11,0.03,75,0,0.33,-0.15,1,18,0.06
TRXUSDT,1,1.9,1,TP,39,1,565,0,0,-4.7,2.15,2.63,2.63,0.14,0.11,58,1,0.2,0,1,8,0.24
TRXUSDT,1,1.9,1,TP,70,12,831,0,11,-0.57,8.83,0.61,0.48,0.21,0.11,313,1,0.47,0.19,1,2,0.16
TRXUSDT,1,-0.458,0,TIMEOUT,37,1,1066,0,0,-1.76,4.2,2.24,2.24,0.31,0.12,93,0,0.85,0,1,13,0.4
TRXUSDT,-1,-1.187,0,TIMEOUT,40,7,174,0,6,-0.75,3.09,0.99,1.49,0.25,0.15,132,0,0.68,-0.23,-1,1,0.31
TRXUSDT,1,-0.883,0,TIMEOUT,18,16,160,0,15,0.72,2.71,2.03,1.55,0.27,0.27,3,1,0.57,-0.24,1,9,0.54
TRXUSDT,-1,-0.725,0,TIMEOUT,49,12,278,0,11,-0.54,3.65,3.14,1.01,0.14,0.05,10,0,0.4,-0.13,-1,12,0.13
TRXUSDT,1,0.022,1,TIMEOUT,139,1,292,0,0,-3.48,4.77,4.28,4.28,0.09,0.07,8,0,0.1,0,1,18,0.17
TRXUSDT,1,-0.56,0,TIMEOUT,15,7,454,0,6,0.14,9,1.56,0.55,0.11,0.07,164,0,0.33,-0.18,1,10,0.13
TRXUSDT,1,1.9,1,TP,129,4,546,0,3,-0.52,8.16,0.74,1.29,0.11,0.07,259,0,0.2,-0.02,1,9,0.12
TRXUSDT,1,-0.76,0,TIMEOUT,58,4,759,0,3,-0.61,9.78,1.79,1.51,0.15,0.16,104,0,0.36,0,1,14,0.31
TRXUSDT,1,1.9,1,TP,152,1,871,0,0,-3.05,11.16,0.47,0.47,0.13,0.16,219,0,0.15,0,1,18,0.04
TRXUSDT,1,-0.451,0,TIMEOUT,94,6,1243,0,5,-0.11,13.95,2.02,1.73,0.17,0.16,586,0,0.27,-0.21,1,15,0.54
TRXUSDT,-1,-0.205,0,TIMEOUT,163,16,474,0,15,-0.01,3.91,4.39,0.34,0.11,0.04,21,0,0.22,-0.11,-1,10,0.04
TRXUSDT,1,-0.888,0,TIMEOUT,127,2,987,0,1,-0.6,4.33,0.98,1.58,0.13,0.1,283,0,0.4,-0.05,1,19,0.16
TRXUSDT,1,-0.114,0,TIMEOUT,129,1,220,0,0,-3.61,2.13,3.08,3.08,0.15,0.06,151,0,0.16,0,1,16,0.17
TRXUSDT,1,-0.509,0,TIMEOUT,82,5,403,0,4,-0.07,1.64,1.22,1.43,0.2,0.08,105,0,0.37,-0.15,1,14,0.33
TRXUSDT,1,1.9,1,TP,124,3,573,0,2,-1.15,1.42,0.86,1.1,0.11,0.04,34,0,0.3,-0.06,1,9,0.17
TRXUSDT,-1,1.9,1,TP,12,7,326,0,6,-0.1,4.84,1.54,0.63,0.25,0.21,91,1,0.75,-0.58,-1,4,0.21
TRXUSDT,1,1.9,1,TP,43,14,87,0,13,0.42,1.63,1.35,2.07,0.11,0.04,36,0,0.31,0.03,1,13,0.28
TRXUSDT,-1,1.9,1,TP,80,15,98,0,14,-0.09,9.02,24.17,0.64,0.25,0.13,280,0,0.7,-0.58,-1,17,0.27
TRXUSDT,1,-0.653,0,TIMEOUT,11,8,79,0,7,0.38,1.67,0.98,1.6,0.13,0.04,8,0,0.35,-0.19,1,10,0.27
TRXUSDT,-1,-1.045,0,TIMEOUT,24,10,208,0,9,-1.2,21.17,1,1.91,0.11,0.04,283,0,0.29,0.2,-1,7,0.21
TRXUSDT,1,-0.216,0,TIMEOUT,83,1,204,0,0,-5.59,9.16,6.62,6.62,0.11,0.11,133,0,0.29,0,1,12,0.27
TRXUSDT,1,0.173,1,TIMEOUT,109,8,351,0,7,0.08,12.51,1.15,1.76,0.12,0.11,273,0,0.38,-0.06,1,1,0.2
TRXUSDT,1,-0.514,0,TIMEOUT,33,12,186,0,11,-0.24,4.02,1.33,0.98,0.09,0.06,20,0,0.2,-0.08,1,15,0.18
TRXUSDT,1,-0.402,0,TIMEOUT,67,9,275,0,8,0.8,0.03,1.24,0.88,0.1,0.03,55,0,0.14,-0.24,1,13,0.16
TRXUSDT,1,0.184,1,TIMEOUT,112,1,256,0,0,-1.79,1.99,1.24,1.24,0.09,0.03,47,0,0.25,0,1,11,0.14
TRXUSDT,1,-0.112,0,TIMEOUT,132,7,142,0,6,-0.54,0.78,7.54,0.9,0.15,0.03,55,0,0.33,-0.18,1,18,0.23
TRXUSDT,-1,-0.103,0,TIMEOUT,23,15,170,0,14,1.83,-2.93,0.54,1.74,0.07,0.02,40,0,0.14,-0.26,1,13,0.21
TRXUSDT,-1,-0.504,0,TIMEOUT,29,12,224,0,11,0.25,0.17,3.77,0.64,0.07,0.08,1,1,0.22,-0.21,-1,3,0.07
NEARUSDT,1,1.9,1,TP,15,2,92,0,1,0.06,2.11,0.18,0.85,1.3,1.17,10,1,3.92,-1.14,1,21,1.63
NEARUSDT,-1,1.9,1,TP,8,13,146,0,12,0.12,2.1,2.49,0.52,1.2,0.8,38,0,3.7,-1.48,-1,12,1.33
NEARUSDT,1,-2.1,0,SL,13,1,83,0,0,-6.09,7.43,4.53,4.53,0.91,0.35,4,0,2.28,0,1,1,2.85
NEARUSDT,1,1.9,1,TP,12,1,296,0,0,-2.42,6.14,1.25,1.25,1.14,0.7,25,0,2.89,0,1,6,0.73
NEARUSDT,1,-2.1,0,SL,7,9,503,1,7,0.99,-3.09,2.71,1.48,0.95,0.31,145,0,2.13,-2.82,1,10,2.04
NEARUSDT,-1,1.9,1,TP,4,11,132,0,10,0.13,1.49,1.25,1.8,0.76,0.54,61,0,2.2,-0.43,-1,11,1.2
NEARUSDT,-1,1.9,1,TP,10,2,535,0,1,-0.01,1.29,0.25,1.21,0.79,0.36,70,0,0.95,-0.34,-1,16,0.68
NEARUSDT,1,1.9,1,TP,35,1,107,0,0,-1.53,2.36,0.63,0.63,0.61,0.31,32,0,1.38,0,1,6,0.37
NEARUSDT,1,1.9,1,TP,5,16,349,1,14,-0.19,-0.24,1.46,0.82,0.66,0.24,72,0,1.82,-0.11,1,18,0.95
NEARUSDT,1,1.9,1,TP,3,1,210,0,0,-2.68,5.67,2.47,2.47,0.94,0.36,62,0,0.84,0,1,2,1.86
NEARUSDT,1,1.9,1,TP,9,1,494,0,0,-3.79,4.22,2.16,2.16,1.13,0.73,71,0,2.91,0,1,1,2.64
NEARUSDT,1,1.9,1,TP,7,7,840,0,6,-0.05,3.97,2.59,0.7,1.29,0.48,64,0,2.48,-2.14,1,15,1.5
NEARUSDT,1,1.9,1,TP,1,16,219,0,15,-0.03,5.45,26.51,0.26,2.72,0.53,248,1,7.42,0.88,1,16,1.5
NEARUSDT,-1,1.9,1,TP,4,1,156,0,0,-0.52,2.28,0.96,0.96,1.39,0.76,67,0,3.54,0,-1,21,1.81
NEARUSDT,-1,1.9,1,TP,5,14,214,0,13,-0.03,3.99,1.66,0.85,2.52,0.69,114,0,5.01,0.88,-1,2,3.27
NEARUSDT,-1,-2.1,0,SL,1,12,94,0,11,0.26,1.95,0.81,1.95,1.18,0.84,32,0,3.55,-0.56,-1,6,2.11
NEARUSDT,-1,1.9,1,TP,5,2,296,0,1,1.27,0.36,0.83,2.13,1.33,0.54,37,0,1.32,-2.68,-1,8,2.67
NEARUSDT,1,-2.1,0,SL,12,9,443,0,8,-0.17,4.18,0.41,0.15,0.95,0.62,17,0,3.06,-0.74,1,20,0.64
NEARUSDT,1,-2.1,0,SL,9,8,919,0,7,-0.19,6.44,1.82,0.89,1.46,1.17,366,0,2.27,0.09,1,19,1.92
NEARUSDT,-1,-2.1,0,SL,9,15,173,0,14,-0.21,9.18,1.17,0.48,1.59,0.7,210,0,4.98,-1.93,-1,21,1.42
NEARUSDT,1,-2.1,0,SL,28,7,10,0,6,-0.34,11.05,0.79,3.37,1.12,0.5,794,0,3.2,-0.08,1,6,2.22
NEARUSDT,1,1.9,1,TP,1,8,228,0,7,-0.39,9.03,2.54,1.22,2.73,0.37,157,0,5.46,-5.42,1,9,2.13
NEARUSDT,1,-2.1,0,SL,3,7,347,0,6,-0.25,1.81,0.73,0.45,2,0.69,5,0,5.68,-1.94,1,14,1.51
NEARUSDT,-1,-2.1,0,SL,6,2,195,0,1,0.21,18.74,1.87,0.84,0.89,0.87,381,0,2.75,-0.79,-1,22,0.92
NEARUSDT,-1,1.9,1,TP,10,9,290,0,8,-0.31,21.43,1,0.92,0.84,0.88,469,0,2.63,-0.98,-1,21,0.72
NEARUSDT,-1,1.9,1,TP,16,15,214,0,14,0.34,7.97,0.5,1.14,1.39,0.7,189,0,4.08,-0.71,-1,1,1.55
NEARUSDT,1,-2.1,0,SL,26,7,727,0,6,0.2,2.14,1.67,1.92,1.25,0.66,77,1,1.99,-1.66,1,8,2
NEARUSDT,1,-2.1,0,SL,2,1,237,0,0,-3.23,6.4,2.48,2.48,1.61,0.68,364,2,1.06,0,1,16,2.71
NEARUSDT,1,-2.1,0,SL,19,4,413,1,2,0.48,9.44,0.97,1.34,0.9,0.69,538,2,2.19,-0.23,1,12,1.19
NEARUSDT,-1,1.9,1,TP,3,9,237,0,8,0.34,-0.33,1.32,0.97,1.14,0.45,7,0,2.8,-1.23,-1,8,1.3
NEARUSDT,-1,1.9,1,TP,1,1,882,0,0,-2.88,6.32,1.87,1.87,2.56,0.91,40,0,2.42,0,-1,1,3.94
NEARUSDT,1,1.9,1,TP,6,8,326,5,2,-0.19,-0.7,0.42,1.18,0.9,0.59,274,0,2.26,0.05,1,13,1.38
NEARUSDT,1,1.9,1,TP,27,7,676,0,6,0.13,-0.02,1.22,0.99,0.57,0.45,211,0,0.84,-0.95,1,4,0.73
NEARUSDT,-1,1.9,1,TP,35,15,2,0,14,0.02,2.61,1.01,0.48,1.13,0.46,301,0,3.4,-0.67,-1,5,0.72
NEARUSDT,-1,1.9,1,TP,5,1,76,0,0,-2.1,4.39,1.5,1.5,0.86,0.53,106,0,2.51,0,-1,18,1.1
NEARUSDT,1,1.9,1,TP,1,13,184,0,12,0.11,3.86,0.86,1,2.07,0.46,423,0,5.94,-0.8,1,4,2.61
NEARUSDT,-1,1.9,1,TP,7,9,167,0,8,0.39,3.03,2.1,0.8,1.72,0.84,10,0,3.4,-3.67,-1,16,2.27
NEARUSDT,-1,1.9,1,TP,3,2,443,0,1,0.38,29.8,1.19,0.78,1.77,1.22,293,0,5.53,-0.79,-1,13,1.15
NEARUSDT,1,1.9,1,TP,14,16,289,0,15,-0.05,4.25,3.17,0.52,1.16,0.57,13,0,3.53,1.86,1,9,1.39
NEARUSDT,-1,1.9,1,TP,5,15,128,0,14,0.36,0.6,1,0.83,1.29,0.61,326,0,3.86,-0.52,-1,15,1.22
NEARUSDT,-1,1.9,1,TP,5,2,335,0,1,-0.18,0.55,0.84,0.85,0.9,0.43,109,0,2.25,-0.29,-1,19,1.03
NEARUSDT,1,1.9,1,TP,3,5,156,0,4,-0.44,4.97,1.22,0.73,1.02,0.73,211,0,1.01,-1.27,1,12,1.24
NEARUSDT,-1,1.9,1,TP,15,17,216,0,16,0.05,6.53,0.39,0.71,1.17,0.88,33,0,3.76,-0.29,-1,23,0.88
NEARUSDT,-1,1.9,1,TP,1,7,434,0,6,-0.03,3.69,1.79,1.11,1.09,0.74,206,0,2.35,-2.21,-1,6,1.1
NEARUSDT,-1,-2.1,0,SL,5,14,692,0,13,-0.14,25.15,2.52,0.64,1.48,0.98,457,0,4.5,-0.66,-1,22,1.04
NEARUSDT,-1,1.9,1,TP,2,7,830,0,6,0.1,29.84,1.81,0.95,1.22,0.98,602,0,3.55,-2.18,-1,9,1.33
NEARUSDT,1,-2.1,0,SL,9,3,163,0,2,0.12,4.93,1.09,2.08,0.95,0.46,491,0,2.75,-1.53,1,0,2.28
NEARUSDT,1,1.9,1,TP,8,6,239,0,5,0.28,3.73,0.75,0.28,1.32,0.46,564,0,2.16,-1.76,1,19,1.23
NEARUSDT,1,1.9,1,TP,1,13,355,0,12,-2.95,2.47,0.44,8.46,1.1,0.48,673,0,2.5,4.7,1,0,4.12
NEARUSDT,1,-2.1,0,SL,3,13,676,0,12,-0.78,4.41,0.59,0.63,0.81,0.69,81,0,2.17,0.14,1,8,0.73
NEARUSDT,-1,1.9,1,TP,9,11,265,0,10,1.06,-0.96,1.09,3.22,1.23,0.99,128,0,3.24,-2.45,-1,13,2.87
NEARUSDT,-1,-2.1,0,SL,13,16,355,0,15,0.61,0.89,2.33,2.13,1.12,0.3,38,0,3.05,-0.65,-1,12,2.23
NEARUSDT,1,1.9,1,TP,4,1,215,0,0,-2.8,16.37,0.87,0.87,0.85,1.18,321,0,2.56,0,1,23,0.73
NEARUSDT,1,1.9,1,TP,2,1,412,0,0,-3.25,3.31,7.27,7.27,1.24,0.94,97,0,2.97,0,1,1,3.17
NEARUSDT,-1,-2.1,0,SL,6,8,71,0,7,-0.06,3.32,0.34,0.36,1.07,1.3,30,0,3.11,-1.07,-1,21,0.51
NEARUSDT,-1,-2.1,0,SL,8,16,331,0,15,0.17,2.57,0.55,1.37,0.98,1.29,282,0,2.64,-0.89,-1,14,1.61
NEARUSDT,1,1.9,1,TP,7,16,459,0,15,0.32,3.09,1.61,1.21,0.91,0.74,217,0,1.25,-0.56,1,13,1.91
NEARUSDT,1,1.9,1,TP,7,9,1088,0,8,-0.23,5.32,1.04,1.28,0.74,0.43,46,0,1.14,0.21,1,3,0.67
NEARUSDT,1,-2.1,0,SL,9,7,207,5,1,0.19,-0.67,0.29,0.45,1.29,1.89,14,0,2.09,-0.79,1,20,1.27
NEARUSDT,-1,1.9,1,TP,10,15,5,0,14,0.02,3.66,2.85,0.47,1.28,2,32,0,3.89,-2.33,-1,3,0.82
NEARUSDT,1,1.9,1,TP,15,7,308,0,6,-0.52,0.96,0.61,0.97,0.92,1.76,11,1,2.04,0.61,1,7,0.87
NEARUSDT,1,-2.1,0,SL,2,7,412,0,6,-0.74,1.9,4,1.28,3.3,1.67,115,1,3.3,-0.79,1,9,4.34
NEARUSDT,1,-2.1,0,SL,4,5,924,0,4,0.11,1.18,2.67,0.98,2.04,1.98,64,0,1.41,-2.25,1,17,2.75
NEARUSDT,-1,1.9,1,TP,6,13,13,0,12,-0.61,3.48,1.28,0.82,1.87,2.2,107,0,5.62,-0.25,-1,5,1.88
NEARUSDT,-1,1.9,1,TP,3,8,218,0,7,-0.09,4.26,0.6,1.33,1.16,1.01,402,0,3.52,-0.55,-1,19,1.56
NEARUSDT,-1,-2.1,0,SL,24,1,399,0,0,-3.06,2.44,0.93,0.93,1.36,1.49,28,0,2.03,0,-1,16,1.31
NEARUSDT,1,-2.1,0,SL,10,14,386,0,13,-0.28,2.09,6.54,0.61,1.08,0.84,126,0,2.41,-0.21,1,11,0.81
NEARUSDT,-1,-2.1,0,SL,31,9,272,0,8,-0.3,2.95,1.13,0.8,0.97,0.96,8,0,2.9,-1.25,-1,9,0.91
NEARUSDT,1,1.9,1,TP,5,8,502,0,7,-0.1,2.52,4.78,1.84,1.11,0.5,55,1,1.6,-2.6,1,14,2.61
NEARUSDT,1,1.9,1,TP,47,5,906,0,4,-1.66,3.44,0.67,1.43,0.81,0.82,88,0,2.05,0.61,1,19,1.68
NEARUSDT,-1,1.9,1,TP,33,9,143,0,8,-0.11,1.08,0.33,0.77,1.01,0.79,11,0,3.21,-1.09,-1,23,0.74
NEARUSDT,1,1.9,1,TP,2,15,270,0,14,0.51,2.27,1.37,0.91,2.16,1.83,166,0,5.35,-2.1,1,14,2.88
NEARUSDT,1,-2.1,0,SL,6,4,91,0,3,0.49,4.33,0.57,2.16,0.9,0.8,429,0,2.4,-1.34,1,22,2.14
NEARUSDT,1,1.9,1,TP,2,15,1,0,14,-0.93,5.84,3.22,2.37,1.25,0.58,85,0,3.21,3.41,1,14,2.75
NEARUSDT,1,1.9,1,TP,6,6,544,0,5,0.12,6.84,2.36,1.56,0.96,1.21,281,1,2.36,-2.24,1,13,1.28
NEARUSDT,-1,1.9,1,TP,1,1,308,0,0,-3.11,4.92,1.26,1.26,1.54,1.15,197,0,2.52,0,-1,22,1.72
NEARUSDT,-1,1.9,1,TP,3,17,290,0,16,0.6,-0.45,3.24,1.49,0.99,1.32,509,0,2.88,-0.93,-1,23,1.31
NEARUSDT,-1,-2.1,0,SL,14,11,157,0,10,-0.51,9.38,0.58,0.64,0.65,1,388,0,2.01,0,-1,6,0.49
NEARUSDT,-1,-2.1,0,SL,4,11,323,0,10,1.27,9.21,2.45,3.41,1.3,0.7,277,0,3.23,-2.68,-1,14,3.39
NEARUSDT,1,1.9,1,TP,3,9,346,0,8,-0.45,21.09,1.92,0.66,1.19,0.34,396,0,3.36,-0.2,1,11,0.86
NEARUSDT,1,-2.1,0,SL,4,5,226,0,4,-0.72,2.88,1.7,0.9,1.17,0.81,35,1,2.51,-0.41,1,14,1.05
NEARUSDT,1,1.9,1,TP,9,1,180,0,0,-2.81,15.9,0.73,0.73,0.69,0.36,439,0,2.03,0,1,17,0.57
NEARUSDT,1,1.9,1,TP,5,1,244,0,0,-3.17,13.24,2.55,2.55,1.19,0.28,302,0,2.4,0,1,4,1.47
NEARUSDT,1,1.9,1,TP,41,5,424,0,4,-0.55,3.21,1.5,0.77,0.88,0.35,47,0,1.91,-0.92,1,1,1.03
NEARUSDT,1,-2.1,0,SL,1,16,577,0,15,0.33,2.11,2.61,1.97,1.28,0.94,58,0,3.25,0.7,1,15,2.19
NEARUSDT,1,1.9,1,TP,3,1,136,0,0,-3.32,9.57,2.2,2.2,1.4,0.26,266,0,3.52,0,1,5,1.93
NEARUSDT,1,-2.1,0,SL,2,15,304,0,14,0.05,9.49,1.58,0.48,1.82,0.25,420,0,4.81,-1.65,1,23,1.28
NEARUSDT,1,-2.1,0,SL,2,12,200,0,11,-0.11,1.59,1.55,0.79,1.17,0.94,69,0,1.36,-0.13,1,3,1.12
NEARUSDT,-1,-2.1,0,SL,2,8,7,0,7,0.32,1.99,0.47,1.19,0.86,0.98,126,0,2.7,-0.93,-1,16,0.77
NEARUSDT,-1,-2.1,0,SL,3,6,282,0,5,0.57,4.51,0.76,2.24,1.02,1.01,403,0,2.98,-2.13,-1,13,1.69
NEARUSDT,-1,1.9,1,TP,8,7,188,0,6,0.29,0.74,0.81,0.74,0.96,0.29,135,0,0.76,-1.88,-1,2,0.84
NEARUSDT,-1,1.9,1,TP,18,2,233,1,0,-1.34,0.04,1.1,1.1,0.5,0.81,113,0,1.56,0.1,-1,8,0.52
NEARUSDT,-1,1.9,1,TP,5,1,449,0,0,-3.33,2.49,1.54,1.54,1.13,0.5,134,0,1.51,0,-1,14,1.62
NEARUSDT,-1,1.9,1,TP,1,4,399,0,3,0.29,-1.1,0.74,1.13,3.02,0.71,166,0,1.04,-5.09,-1,20,4.85
NEARUSDT,-1,-2.1,0,SL,1,8,789,0,7,-0.02,6.76,1.3,0.68,2.69,4.5,221,0,8.13,-4.78,-1,21,2.02
NEARUSDT,-1,1.9,1,TP,4,2,1040,0,1,0.36,9.25,1.51,1.62,1.59,4.37,478,0,1.31,-1.74,-1,12,3.07
NEARUSDT,-1,1.9,1,TP,20,15,1453,0,14,0.36,26.97,1.53,0.64,1.27,5.11,878,0,3.92,-1.08,-1,19,1.35
NEARUSDT,-1,-2.1,0,SL,32,14,162,0,13,-0.55,15.38,1.78,1.52,1.07,1.21,275,0,3.14,0.82,-1,13,1.3
NEARUSDT,-1,1.9,1,TP,4,11,770,0,10,-0.33,27.19,1.93,0.94,1.61,0.72,367,0,4.8,-1.55,-1,6,1.47
NEARUSDT,1,-2.1,0,SL,5,3,289,0,2,-0.16,0,1.47,1.03,0.86,0.81,285,0,2.06,-0.94,1,12,1.01
NEARUSDT,1,-2.1,0,SL,9,4,577,0,3,0.8,1.28,1.89,1.81,1.11,0.77,81,0,2.95,-2.8,1,12,2.16
NEARUSDT,-1,1.9,1,TP,25,7,584,0,6,-0.36,0.85,1.17,0.67,0.72,0.52,4,0,2.12,-0.52,-1,7,0.61
NEARUSDT,1,-2.1,0,SL,8,4,121,0,3,0.17,-0.56,0.45,0.64,0.94,0.5,96,0,1.92,-1.13,1,22,1.17
NEARUSDT,1,1.9,1,TP,10,7,449,0,6,-0.66,0.83,1.33,0.87,0.84,0.69,100,0,2.6,-0.21,1,8,0.8
NEARUSDT,1,1.9,1,TP,12,16,195,0,15,-0.09,11.24,7.17,0.46,0.81,0.45,353,0,2.34,-0.03,1,19,0.56
NEARUSDT,1,1.9,1,TP,14,13,679,0,12,-0.17,25.25,0.53,0.72,1.03,0.36,840,0,2.89,0.46,1,20,1.05
NEARUSDT,-1,1.9,1,TP,8,1,119,0,0,-3.62,6.52,1.46,1.46,1.12,0.53,216,0,1.98,0,-1,1,0.92
NEARUSDT,1,-2.1,0,SL,52,5,356,0,4,-0.24,2.62,2.06,1.2,0.84,0.78,37,1,2.13,-1.43,1,9,0.9
NEARUSDT,1,1.9,1,TP,3,1,659,0,0,-2.71,8.19,1.18,1.18,1.33,0.42,241,0,1.84,0,1,13,1.45
NEARUSDT,1,1.9,1,TP,20,6,862,0,5,0.14,14.79,1,0.82,0.97,0.41,439,0,2.51,-1.36,1,16,0.9
NEARUSDT,-1,1.9,1,TP,49,1,53,0,0,-2.97,8.21,0.74,0.74,0.9,0.35,175,0,1.74,0,-1,7,0.76
NEARUSDT,-1,1.9,1,TP,13,10,737,0,9,0,4.42,4.03,1.11,0.89,0.47,45,0,2.6,-1.96,-1,10,1.18
NEARUSDT,1,1.9,1,TP,5,9,97,0,8,-0.91,4.39,0.8,0.91,1.02,0.59,12,0,2.38,0.21,1,0,1.14
NEARUSDT,-1,-2.1,0,SL,44,5,130,0,4,-0.84,1.2,0.8,0.43,0.5,0.31,207,0,1.2,0,-1,12,0.46
NEARUSDT,-1,1.9,1,TP,57,15,2,0,14,-0.37,1.25,1.4,0.29,1.07,0.32,330,0,3.21,-1.38,-1,21,0.92
NEARUSDT,1,-2.1,0,SL,21,1,430,0,0,-4.2,5.44,3.64,3.64,1.26,0.91,4,1,2.41,0,1,9,1.97
NEARUSDT,-1,1.9,1,TP,13,1,473,0,0,-2.45,28.69,1.17,1.17,0.6,1.84,488,1,0.68,0,-1,14,0.83
NEARUSDT,-1,1.9,1,TP,10,3,666,0,2,0.56,3.09,1.06,1.58,0.73,0.3,44,0,2.11,-0.89,-1,14,0.86
NEARUSDT,-1,1.9,1,TP,11,1,939,0,0,-1.96,1.96,1.08,1.08,0.78,0.69,166,0,1.25,0,-1,11,0.72
NEARUSDT,-1,1.9,1,TP,54,8,1089,0,7,0.22,1.7,2.02,1.07,0.63,0.54,50,0,1.86,-1.25,-1,0,0.75
NEARUSDT,-1,1.9,1,TP,34,1,1347,0,0,-3.6,5.83,1.56,1.56,0.93,0.56,315,0,0.82,0,-1,17,1.14
NEARUSDT,-1,1.9,1,TP,46,1,1805,0,0,-1.58,1.87,0.97,0.97,0.49,0.37,246,0,0.86,0,-1,11,0.42
NEARUSDT,-1,1.9,1,TP,20,1,666,0,0,-1.87,0.68,0.52,0.52,0.83,0.43,88,0,0.63,0,-1,16,0.73
NEARUSDT,-1,1.9,1,TP,4,2,187,0,1,0.14,1.96,0.55,0.38,0.62,0.49,98,0,1.81,-0.39,-1,23,0.63
NEARUSDT,-1,-2.1,0,SL,7,5,402,0,4,-0.46,3.29,0.53,0.76,1.28,0.78,31,0,4.03,-1.2,-1,5,1
NEARUSDT,-1,1.9,1,TP,44,11,927,0,10,-0.61,0.26,1.07,0.62,1,1.14,157,1,1.83,0.05,-1,16,0.88
NEARUSDT,1,-2.1,0,SL,43,12,275,0,11,-0.11,4.7,2.96,0.41,0.62,0.6,71,1,1.8,-0.65,1,4,0.48
NEARUSDT,-1,1.9,1,TP,1,1,97,0,0,-2.53,4.71,2.44,2.44,0.84,0.19,8,0,0.9,0,-1,1,1.56
NEARUSDT,1,1.9,1,TP,55,2,648,0,1,0.06,2.11,0.57,1.83,0.52,0.17,21,0,1.28,-0.29,1,5,0.69
NEARUSDT,-1,1.9,1,TP,21,10,371,0,9,-0.39,2.95,5.09,0.52,0.28,0.12,62,0,0.73,-0.12,-1,16,0.12
NEARUSDT,-1,-2.1,0,SL,7,9,534,0,8,-0.76,4.34,1.69,0.85,0.61,0.38,115,0,1.77,-0.76,-1,9,0.51
NEARUSDT,-1,1.9,1,TP,50,5,527,0,4,-0.31,0.81,1.74,1.15,0.66,0.15,43,0,1.56,-1.47,-1,5,0.61
NEARUSDT,-1,-2.1,0,SL,2,10,680,0,9,0.06,5.12,1.06,0.66,0.53,0.16,191,0,1.62,-0.78,-1,20,0.47
NEARUSDT,1,1.9,1,TP,75,15,278,0,14,0.46,6.09,1.86,0.65,0.34,0.22,45,0,0.91,-0.67,1,5,0.37
NEARUSDT,1,1.9,1,TP,14,1,431,0,0,-1.42,2.41,0.74,0.74,0.91,0.32,5,0,1.09,0,1,19,0.65
NEARUSDT,1,1.9,1,TP,6,7,612,0,6,-0.35,6.34,1.98,1.96,0.65,0.32,180,0,1.37,-0.38,1,16,0.82
NEARUSDT,1,-2.1,0,SL,1,1,912,0,0,-6.12,5.94,6.64,6.64,1.23,0.46,33,0,0.3,0,1,19,4.68
NEARUSDT,1,1.9,1,TP,20,17,235,0,16,-0.28,3.12,1.05,0.44,1.38,0.5,28,0,4.09,2.01,1,6,0.74
NEARUSDT,1,1.9,1,TP,5,11,176,3,7,-0.06,-0.51,2.04,0.72,0.93,0.83,1,1,2.19,0.32,1,22,1.15
NEARUSDT,1,1.9,1,TP,5,5,328,0,4,0.33,1.76,2.4,0.75,0.65,0.28,15,0,1.78,-0.55,1,12,0.59
NEARUSDT,-1,1.9,1,TP,13,1,289,0,0,-2.93,0.69,1.24,1.24,0.97,0.45,265,0,0.67,0,-1,22,1.21
NEARUSDT,-1,1.9,1,TP,59,11,161,0,10,-0.18,3.53,0.41,0.51,0.74,0.94,23,1,2.21,0.16,-1,19,0.37
NEARUSDT,1,-2.1,0,SL,9,4,3,0,3,0.51,3.15,1.45,2.61,0.89,0.3,146,0,1.98,-2.53,1,16,1.83
NEARUSDT,-1,1.9,1,TP,22,5,116,0,4,0.42,-0.69,0.76,0.51,0.5,0.26,2,0,0.69,-1.01,-1,21,0.52
NEARUSDT,-1,1.9,1,TP,12,1,509,0,0,-2.34,1.55,1.44,1.44,0.54,0.4,2,0,1.33,0,-1,23,0.59
NEARUSDT,-1,1.9,1,TP,18,1,645,0,0,-2.67,2.63,3.27,3.27,0.45,0.4,138,0,1.35,0,-1,9,0.74
NEARUSDT,-1,1.9,1,TP,20,1,1034,0,0,-1.45,12.91,0.61,0.61,1.14,0.52,367,0,2.94,0,-1,10,0.75
NEARUSDT,1,-2.1,0,SL,7,4,184,0,3,-0.09,1.96,0.81,0.99,0.75,0.42,17,0,2.31,-0.96,1,20,0.92
NEARUSDT,-1,-2.1,0,SL,35,16,203,0,15,0.36,2.6,1.55,0.4,1.1,0.46,30,0,3.36,-2.09,-1,23,0.82
NEARUSDT,-1,-2.1,0,SL,9,9,352,0,8,0.05,0,0.72,0.57,0.74,0.15,186,0,0.66,-0.61,-1,12,0.65
NEARUSDT,-1,1.9,1,TP,20,7,627,0,6,0.03,0.47,1.11,1.25,0.45,0.26,8,0,1.32,-0.21,-1,9,0.68
NEARUSDT,1,-1.469,0,TIMEOUT,194,1,203,0,0,-3.3,4.75,2,2,0.57,0.35,7,0,1.12,0,1,14,0.71
NEARUSDT,1,1.9,1,TP,21,1,152,0,0,-4.45,3.18,10.03,10.03,0.84,0.14,136,0,0.13,0,1,8,2.53
NEARUSDT,1,1.9,1,TP,5,1,441,0,0,-4.2,4.84,2.54,2.54,0.81,0.52,3,0,1.59,0,1,8,1.78
NEARUSDT,1,-2.1,0,SL,8,8,593,0,7,0.15,8.26,1.16,0.7,0.63,0.52,148,0,1.75,-0.89,1,22,0.6
NEARUSDT,1,1.9,1,TP,8,12,730,0,11,0.1,8.62,0.85,1.75,0.61,0.52,281,0,1.64,-0.55,1,8,0.73
NEARUSDT,-1,-2.1,0,SL,43,5,165,0,4,0.45,0.53,1.19,0.98,0.59,0.63,13,0,1.64,-0.9,-1,16,0.74
NEARUSDT,-1,-2.1,0,SL,17,9,311,0,8,0.3,3.36,0.9,0.43,0.36,0.21,36,0,0.53,-0.68,-1,4,0.26
NEARUSDT,1,-2.1,0,SL,34,5,157,0,4,-0.61,2.2,0.55,0.9,0.61,0.64,16,1,0.83,-0.05,1,17,0.64
NEARUSDT,-1,1.9,1,TP,18,14,489,3,10,-0.11,1.84,0.91,0.51,0.51,1.93,58,1,1.65,0.49,-1,10,0.37
NEARUSDT,1,-2.1,0,SL,12,3,331,0,2,0.2,1.71,0.57,0.96,0.46,0.54,64,1,1.08,-0.89,1,5,0.54
NEARUSDT,-1,1.9,1,TP,8,8,172,0,7,-0.4,5.38,5.87,1.4,0.63,0.27,39,0,1.81,-1.09,-1,11,0.74
NEARUSDT,-1,-2.1,0,SL,35,3,829,0,2,-0.4,-0.21,2.18,0.99,0.39,0.34,53,0,1.25,-0.42,-1,7,0.34
NEARUSDT,-1,-2.1,0,SL,67,10,898,0,9,-0.6,5.25,0.24,0.24,0.93,0.43,11,0,1.35,-0.6,-1,1,0.6
NEARUSDT,1,1.9,1,TP,33,13,281,0,12,0.09,0.83,1.21,1.09,0.87,0.58,118,0,2.42,0,1,19,1.38
NEARUSDT,1,-2.1,0,SL,1,1,516,0,0,-6.3,7.59,24.54,24.54,1.38,0.26,1,0,0.65,0,1,6,7.04
NEARUSDT,-1,-2.1,0,SL,3,3,235,0,2,-0.01,2.65,0.65,0.95,1.51,0.52,12,0,1.81,-2.58,-1,16,1.85
NEARUSDT,-1,1.9,1,TP,45,1,386,0,0,-1.28,4.27,0.79,0.79,0.49,0.59,56,0,0.42,0,-1,9,0.37
NEARUSDT,-1,-2.1,0,SL,49,2,745,0,1,0.29,0.33,0.44,0.99,0.46,0.45,30,2,0.84,-0.38,-1,3,0.45
NEARUSDT,1,-2.1,0,SL,18,8,422,0,7,0.06,14.73,1.52,0.69,0.69,0.67,420,3,1.02,-1,1,2,0.6
NEARUSDT,1,-2.1,0,SL,25,14,535,0,13,0.58,18.38,1.66,0.89,0.58,0.67,527,3,1.35,-1.19,1,6,0.67
NEARUSDT,1,1.9,1,TP,6,1,625,0,0,-2.19,18.2,1.27,1.27,0.64,0.66,630,3,1.17,0,1,4,0.53
NEARUSDT,-1,1.9,1,TP,30,10,241,0,9,-0.05,2.99,0.73,1.96,0.44,0.36,354,1,0.6,-0.36,-1,14,0.8
NEARUSDT,-1,1.9,1,TP,88,3,544,0,2,-0.44,1.34,0.62,0.59,0.33,0.67,63,1,1.01,-0.15,-1,18,0.3
NEARUSDT,-1,1.9,1,TP,13,7,558,0,6,0.09,2.97,2.42,0.92,0.47,0.17,27,0,0.99,-0.97,-1,12,0.35
NEARUSDT,1,1.9,1,TP,106,10,265,0,9,0.17,0.27,2.23,1.13,0.31,0.17,0,0,0.81,-0.25,1,5,0.33
NEARUSDT,-1,-2.1,0,SL,10,8,123,0,7,-0.94,5.34,0.96,0.61,0.35,0.26,58,0,1.05,0.17,-1,11,0.51
NEARUSDT,-1,-0.811,0,TIMEOUT,57,4,418,0,3,0.54,0.77,0.65,0.84,0.46,0.18,25,0,1.07,-0.63,-1,1,0.53
NEARUSDT,-1,-2.1,0,SL,27,2,117,0,1,0.07,0.39,0.6,0.67,0.46,0.36,77,0,0.97,-0.37,-1,2,0.55
NEARUSDT,-1,-2.1,0,SL,24,7,277,5,1,0.38,-0.61,0.65,3.31,0.44,0.27,87,0,0.33,-0.09,1,18,0.81
NEARUSDT,-1,-1.312,0,TIMEOUT,68,11,209,0,10,0.26,3.28,0.31,0.5,0.43,0.19,103,0,1.27,-0.09,-1,19,0.37
NEARUSDT,-1,-1.397,0,TIMEOUT,92,1,269,0,0,-1.72,3.4,0.4,0.4,0.49,0.56,164,1,1.2,0,-1,17,0.46
NEARUSDT,-1,-0.837,0,TIMEOUT,40,8,523,0,7,-0.7,4.34,0.85,0.68,0.25,0.09,80,0,0.43,-0.09,-1,8,0.28
NEARUSDT,-1,1.9,1,TP,6,1,618,0,0,-2.54,2.91,1.26,1.26,0.32,0.09,5,0,0.52,0,-1,8,0.37
NEARUSDT,-1,1.9,1,TP,111,14,800,0,13,-0.94,2.46,17.55,0.34,0.48,0.39,138,0,1.39,-0.1,-1,5,0.49
NEARUSDT,1,1.9,1,TP,35,12,1027,0,11,-0.83,3.65,2.16,1.23,0.71,0.6,108,0,2.15,0.22,1,3,0.97
NEARUSDT,1,-2.1,0,SL,1,3,1245,0,2,-0.01,10.88,1.99,0.53,1.29,0.53,335,0,3.46,-0.2,1,9,0.99
NEARUSDT,-1,-2.1,0,SL,5,17,226,0,16,-0.56,3.6,0.38,0.54,1.65,0.43,91,0,4.22,0.93,-1,21,1.08
NEARUSDT,1,1.9,1,TP,12,13,158,0,12,-0.44,11.06,2.64,0.39,1.53,0.59,245,0,4.58,-3.45,1,5,0.75
NEARUSDT,1,1.9,1,TP,2,1,350,0,0,-2.39,1.89,1.06,1.06,0.96,0.83,31,1,1.25,0,1,5,0.77
NEARUSDT,1,1.9,1,TP,46,10,120,0,9,-0.32,0.58,1.01,2.56,0.65,0.48,726,0,1.77,-0.32,1,14,0.91
NEARUSDT,1,1.9,1,TP,3,1,457,0,0,-2.48,3.61,1.16,1.16,0.81,0.29,69,0,1.66,0,1,2,1.22
NEARUSDT,1,1.9,1,TP,8,8,900,0,7,0.35,-1.26,1.68,0.96,0.87,0.66,179,0,1.91,-1.13,1,17,1.05
NEARUSDT,1,-2.1,0,SL,7,11,1117,0,10,-0.59,8.81,2.8,0.75,0.97,0.59,393,0,2.75,-2.81,1,23,1.19
NEARUSDT,-1,1.9,1,TP,18,1,132,0,0,-2.35,11.19,4.26,4.26,1.27,1.33,193,0,3.68,0,-1,2,2.02
NEARUSDT,-1,-2.1,0,SL,24,11,350,0,10,0.02,0.5,1.07,1.02,0.63,0.67,141,0,1.53,0.13,-1,8,0.89
NEARUSDT,1,1.9,1,TP,5,6,417,0,5,0.12,20.94,3.76,3.14,1.49,0.99,412,0,2.77,-0.96,1,15,4.82
NEARUSDT,-1,-2.1,0,SL,35,14,351,0,13,0.2,1.96,0.97,0.83,0.79,1.52,703,0,2.55,-0.86,-1,9,0.83
NEARUSDT,-1,1.9,1,TP,6,2,170,0,1,-0.19,2.97,0.65,2.09,1.03,1.29,28,0,2.64,-0.38,-1,9,1.29
NEARUSDT,-1,1.9,1,TP,16,8,398,0,7,0.3,3.64,0.76,0.73,0.92,0.8,175,0,2.77,-0.69,-1,18,1.07
NEARUSDT,-1,1.9,1,TP,8,1,577,0,0,-2.7,3.49,0.93,0.93,1.42,0.79,8,0,0.97,0,-1,14,1.07
NEARUSDT,1,-2.1,0,SL,6,2,357,0,1,0.85,11.47,0.6,1.47,0.92,1.22,468,0,0.64,-1.46,1,18,1.81
NEARUSDT,-1,1.9,1,TP,24,2,33,0,1,0.11,-0.39,0.68,0.66,0.68,0.86,37,0,2.15,-0.57,-1,8,0.86
NEARUSDT,-1,1.9,1,TP,3,1,351,0,0,-1.4,1.43,1.18,1.18,0.83,1.38,24,2,2.56,0,-1,16,1.07
NEARUSDT,-1,1.9,1,TP,6,2,675,0,1,-0.88,2.62,1.58,2.24,0.74,0.62,87,0,1.79,0.24,-1,1,1.44
NEARUSDT,1,-2.1,0,SL,12,16,339,0,15,-0.22,5.4,0.49,0.71,0.77,0.53,9,0,2.37,-0.17,1,21,0.53
NEARUSDT,-1,1.9,1,TP,55,12,261,0,11,-0.28,6.78,0.6,0.82,0.4,0.78,89,0,1.27,-0.18,-1,14,0.28
NEARUSDT,1,1.9,1,TP,6,2,619,1,0,-2.56,0.64,1.22,1.22,0.61,1.05,71,0,1.01,0.39,1,7,0.63
NEARUSDT,1,-2.1,0,SL,8,6,575,0,5,-0.28,0.8,3.38,0.59,1.05,0.82,243,0,2,-0.89,1,5,0.92
NEARUSDT,1,1.9,1,TP,3,10,838,0,9,-0.03,1.74,0.46,0.92,0.91,0.52,65,0,2.8,-0.07,1,23,0.84
NEARUSDT,1,1.9,1,TP,6,7,224,0,6,-0.03,0.81,0.97,1.33,1.39,0.92,107,0,3.35,-1.05,1,0,1.19
NEARUSDT,1,1.9,1,TP,3,1,427,0,0,-4.56,8.85,3.8,3.8,1.86,0.78,316,0,2.63,0,1,3,3.5
NEARUSDT,-1,-2.1,0,SL,5,14,317,0,13,0.18,13.25,1.51,1.04,1.06,1.11,317,0,3.32,1.66,-1,3,1.35
NEARUSDT,-1,-2.1,0,SL,50,2,526,0,1,-0.11,18.7,0.51,0.81,0.61,1.09,538,0,1.91,-0.51,-1,7,0.86
NEARUSDT,-1,-2.1,0,SL,6,3,239,0,2,0.11,6.3,1,1.41,0.63,1.01,1180,0,1.86,-0.72,-1,0,0.99
NEARUSDT,-1,-2.1,0,SL,3,1,357,0,0,-4.07,6.06,12.49,12.49,1.13,1.04,1300,0,1.33,0,-1,5,5.63
NEARUSDT,1,1.9,1,TP,2,10,88,0,9,0.25,1.38,0.75,1.3,1.04,1.56,217,0,2.99,-1.06,1,11,1.61
NEARUSDT,1,1.9,1,TP,4,1,200,0,0,-2.53,5.1,1.21,1.21,1.25,1.49,338,0,2.58,0,1,15,1.32
NEARUSDT,1,1.9,1,TP,5,1,455,0,0,-1.47,3.46,0.68,0.68,0.83,0.21,131,0,0.59,0,1,6,0.71
NEARUSDT,-1,1.9,1,TP,7,6,112,0,5,0.04,0.1,0.68,0.89,1.06,1.1,72,0,2.34,-0.99,-1,17,1.06
NEARUSDT,1,-2.1,0,SL,8,9,163,0,8,-0.6,2.43,1.23,0.77,0.88,0.68,29,0,2.7,-0.31,1,8,0.75
NEARUSDT,1,1.9,1,TP,13,8,682,0,7,-0.02,16.61,0.98,0.41,1.17,0.56,549,0,2.38,-1.52,1,18,0.84
NEARUSDT,1,-2.1,0,SL,9,3,825,0,2,-0.33,19.37,0.44,0.78,1.1,0.54,697,0,2.31,-0.94,1,5,1.05
NEARUSDT,1,-2.1,0,SL,3,11,886,0,10,-0.27,17.89,1.22,1.12,1.32,0.53,750,0,3.08,-0.36,1,21,2.04
NEARUSDT,1,1.9,1,TP,2,1,182,0,0,-3.36,2.55,1.81,1.81,1.13,1.05,1,1,1.81,0,1,12,1.15
NEARUSDT,-1,1.9,1,TP,34,14,196,0,13,-0.08,4.29,1.45,0.37,0.69,0.46,87,0,0.78,-0.79,-1,20,0.52
NEARUSDT,-1,1.9,1,TP,16,10,371,0,9,-0.3,4.24,6.97,0.8,1.2,0.47,266,0,2.01,-1.34,-1,16,1.62
NEARUSDT,-1,-2.1,0,SL,51,1,604,0,0,-3.24,9.59,1.63,1.63,0.55,0.21,335,0,0.55,0,-1,17,0.77
NEARUSDT,-1,1.9,1,TP,8,1,326,0,0,-3.39,5.41,3.8,3.8,0.72,0.26,32,0,1.5,0,-1,6,1.47
NEARUSDT,1,-2.1,0,SL,56,1,265,0,0,-5.2,4.08,3.95,3.95,0.67,0.98,48,1,1.16,0,1,0,0.95
NEARUSDT,1,1.9,1,TP,3,4,454,0,3,0.11,1.52,0.33,0.9,1.1,0.99,234,1,1.03,-0.56,1,0,1.14
NEARUSDT,-1,-2.1,0,SL,28,1,153,0,0,-1.58,5.17,0.7,0.7,0.53,0.29,167,0,1.65,0,-1,5,0.43
NEARUSDT,1,1.9,1,TP,10,1,784,0,0,-2.77,10.85,1.93,1.93,0.96,0.35,367,0,0.95,0,1,14,1.19
NEARUSDT,1,-2.1,0,SL,13,9,1021,0,8,-0.35,3.69,1.53,0.48,0.85,0.61,25,1,0.83,-0.31,1,2,0.54
NEARUSDT,-1,1.9,1,TP,11,1,175,0,0,-1.9,0.79,0.65,0.65,0.76,0.4,46,0,2.01,0,-1,18,0.4
NEARUSDT,-1,1.9,1,TP,32,1,97,0,0,-3.38,7.9,2.71,2.71,0.85,0.47,457,0,1.37,0,-1,15,1.31
NEARUSDT,-1,1.9,1,TP,8,2,490,0,1,-0.34,14.78,0.33,0.22,1.37,0.53,849,0,2.86,-0.21,-1,17,0.88
NEARUSDT,-1,1.9,1,TP,18,17,980,0,16,-0.29,27.74,0.92,1.23,1.09,0.39,408,0,3.39,0.5,-1,20,1.1
NEARUSDT,-1,-2.1,0,SL,78,15,316,0,14,-0.2,1.96,1.92,0.37,0.6,0.82,150,1,1.77,-0.57,-1,3,0.33
NEARUSDT,1,1.9,1,TP,13,3,137,0,2,-0.59,0.46,1.23,1.18,1.02,0.32,4,0,1.43,-0.89,1,15,1.02
NEARUSDT,-1,-2.1,0,SL,22,1,178,0,0,-4.19,9,3.19,3.19,1.01,0.67,596,0,2.73,0,-1,19,1.36
NEARUSDT,-1,1.9,1,TP,6,1,639,0,0,-3.17,4.61,2.56,2.56,0.84,0.42,10,0,2.33,0,-1,14,1.16
NEARUSDT,-1,1.9,1,TP,5,2,847,0,1,0.03,0.13,0.47,0.23,0.79,0.24,24,0,1.22,-0.4,-1,18,0.42
NEARUSDT,1,1.9,1,TP,14,1,352,0,0,-2.96,1.91,2.12,2.12,0.67,0.34,209,0,1.29,0,1,1,1.22
NEARUSDT,1,1.9,1,TP,5,1,137,0,0,-0.32,2.09,0.24,0.24,1.12,0.42,35,0,0.88,0,1,21,0.68
NEARUSDT,1,-2.1,0,SL,33,7,275,0,6,0.13,4.77,1.55,0.65,0.81,1.13,123,0,1.7,-1.69,1,8,0.95
NEARUSDT,1,1.9,1,TP,35,1,393,0,0,-4.62,2.09,3.8,3.8,0.59,0.86,99,1,1.6,0,1,13,1.37
NEARUSDT,1,1.9,1,TP,2,1,544,0,0,-2.08,2.26,1.26,1.26,1.25,0.43,2,0,1.32,0,1,3,1.39
NEARUSDT,1,-2.1,0,SL,13,7,1187,0,6,-0.01,0.7,0.57,0.51,0.78,0.23,88,0,1.66,-0.63,1,20,0.92
NEARUSDT,-1,-2.1,0,SL,71,14,220,0,13,0.25,1.69,1.32,0.31,0.37,0.31,4,0,1.17,-0.29,-1,20,0.25
NEARUSDT,-1,1.9,1,TP,32,12,558,0,11,1.6,-1.8,0.85,2.05,0.65,0.24,189,0,1.45,-1.6,-1,7,1.69
NEARUSDT,1,-2.1,0,SL,3,9,1257,0,8,0.3,5.81,4.85,1.9,1.48,1.7,376,1,2.76,-3.56,1,18,2.34
NEARUSDT,-1,-2.1,0,SL,13,7,174,0,6,-0.23,0.38,3.3,0.67,0.76,0.5,175,0,1.49,-1.22,-1,13,0.88
NEARUSDT,-1,1.9,1,TP,4,1,305,0,0,-1.84,1.94,1.59,1.59,0.96,0.51,312,0,1.46,0,-1,22,0.86
NEARUSDT,-1,1.9,1,TP,13,1,656,0,0,-1.98,21.11,1.51,1.51,1.37,0.64,663,0,1.67,0,-1,13,1.28
NEARUSDT,-1,-2.1,0,SL,49,8,190,0,7,-0.38,4.35,0.51,0.82,0.63,0.61,20,0,1.94,0.06,-1,0,0.34
NEARUSDT,1,1.9,1,TP,59,9,396,0,8,0.17,1.04,1.85,1.53,0.76,0.73,56,1,2.07,-0.25,1,0,1.29
NEARUSDT,-1,1.9,1,TP,44,5,456,0,4,-0.34,2.39,1.32,0.69,0.45,0.86,179,0,1.28,-0.68,-1,11,0.34
NEARUSDT,1,-2.1,0,SL,5,6,416,0,5,0.44,12.85,0.78,1.57,0.87,0.45,433,0,0.73,-2.01,1,3,1.31
NEARUSDT,-1,-2.1,0,SL,10,14,71,7,6,-0.1,-1.15,2.32,0.78,1.84,0.5,525,0,5.24,0.28,-1,2,1.69
NEARUSDT,-1,-2.1,0,SL,5,3,148,0,2,-0.8,2.5,0.2,0.28,1.36,0.88,16,0,1.88,0.51,-1,21,1.22
NEARUSDT,-1,1.9,1,TP,20,17,372,0,16,-0.01,1.9,0.49,0.67,0.75,0.74,134,0,2.29,0.08,-1,5,0.92
NEARUSDT,-1,-2.1,0,SL,94,1,561,0,0,-0.81,4.79,0.73,0.73,0.57,0.75,339,0,1.84,0,-1,4,0.36
NEARUSDT,-1,1.9,1,TP,5,1,726,0,0,-3.59,5.69,3.32,3.32,0.49,0.64,41,0,1.02,0,-1,22,0.72
NEARUSDT,-1,1.9,1,TP,5,1,257,0,0,-2.84,0.48,1.2,1.2,1.4,2.77,114,0,4.16,0,-1,6,1.57
NEARUSDT,-1,-2.1,0,SL,32,7,615,0,6,0.37,1.47,0.68,0.91,1,0.59,35,0,2.9,-2.5,-1,23,0.94
NEARUSDT,-1,-2.1,0,SL,64,9,185,0,8,-0.05,0.21,1.8,0.75,1.02,0.87,118,0,1.01,-2.07,-1,21,1.12
NEARUSDT,1,1.9,1,TP,8,4,122,0,3,0.06,4.98,0.57,1.18,0.66,2.29,157,1,2.03,-0.73,1,5,0.73
NEARUSDT,1,-2.1,0,SL,31,7,344,0,6,-0.58,8.48,1.89,1.02,0.66,2.24,376,1,1.66,-1.27,1,13,0.52
NEARUSDT,-1,-2.1,0,SL,6,3,468,0,2,0.41,-1.3,0.82,1.25,1.47,1.47,148,0,3.12,-2.05,-1,20,1.94
NEARUSDT,-1,1.9,1,TP,1,1,587,0,0,-1.73,3.11,0.5,0.5,1.14,0.75,35,0,2.78,0,-1,2,1.25
NEARUSDT,-1,1.9,1,TP,43,11,131,0,10,-0.45,0.5,0.44,2.43,0.78,0.43,66,0,1.27,-0.12,-1,7,1.68
NEARUSDT,-1,1.9,1,TP,18,4,272,2,1,-0.15,1.97,0.52,0.62,0.91,0.58,47,0,1.81,0.46,-1,3,0.77
NEARUSDT,-1,-2.1,0,SL,6,10,481,0,9,-1.09,0.9,0.89,3.37,0.74,1.26,142,0,1.23,0.04,-1,7,1.46
NEARUSDT,-1,1.9,1,TP,25,7,549,0,6,0.09,0.92,1.09,0.48,1.51,1.51,38,1,1.77,-3.5,-1,0,2.15
NEARUSDT,-1,-2.1,0,SL,10,4,693,0,3,-0.89,2,1.37,2.15,1.06,0.65,19,0,2.18,-0.7,-1,12,1.92
NEARUSDT,1,1.9,1,TP,13,3,159,0,2,0.45,1.01,1.41,2.2,0.91,0.44,31,0,1.87,-1.54,1,14,2.29
NEARUSDT,1,-2.1,0,SL,8,4,372,0,3,2.36,4.35,1.84,4.51,1.08,0.42,243,0,1.8,-4.22,-1,19,3.52
NEARUSDT,1,1.9,1,TP,4,1,307,0,0,-1.87,4.46,1.24,1.24,0.86,0.22,248,0,0.89,0,1,14,0.93
NEARUSDT,1,1.9,1,TP,31,10,512,0,9,-0.15,11.78,2.66,1.19,1.1,0.2,444,0,3.06,-2.72,1,17,1.08
NEARUSDT,-1,1.9,1,TP,12,10,227,0,9,0.47,-1.51,0.91,0.98,0.52,0.24,43,0,1.56,-0.32,-1,9,0.55
NEARUSDT,-1,-2.1,0,SL,18,4,389,0,3,-1.87,3.2,0.71,5.9,0.85,0.49,39,0,2.24,0.93,-1,18,2.32
NEARUSDT,1,1.9,1,TP,3,1,526,0,0,-0.77,3.65,0.63,0.63,0.9,0.72,46,0,1.76,0,1,18,0.94
NEARUSDT,-1,1.9,1,TP,2,8,348,0,7,0.3,14.2,0.94,0.86,1.08,0.62,431,0,1.13,-2.67,-1,21,1.01
NEARUSDT,-1,-2.1,0,SL,22,7,511,0,6,-0.98,23.27,0.83,1.22,0.77,0.63,595,0,2.3,0.07,-1,14,1.11
NEARUSDT,1,1.9,1,TP,7,15,162,0,14,0.51,7.6,2.69,0.75,0.94,0.59,300,1,2.67,-0.85,1,4,1.48
NEARUSDT,-1,-2.1,0,SL,34,4,330,0,3,0.68,31.97,0.67,1.13,0.66,0.62,388,0,1.92,-0.92,1,12,0.96
NEARUSDT,1,1.9,1,TP,31,12,197,0,11,0.04,1.77,1.61,0.74,0.55,0.98,118,1,1.64,-0.81,1,13,0.57
NEARUSDT,-1,-2.1,0,SL,31,7,356,0,6,-0.15,7.45,1.62,0.55,0.58,0.56,499,0,0.47,-0.52,-1,3,0.51
NEARUSDT,1,1.9,1,TP,60,16,10,6,9,-0.68,-0.82,1.03,0.44,0.66,0.85,567,0,1.9,0.49,1,21,0.81
NEARUSDT,1,1.9,1,TP,45,5,465,0,4,-0.38,-0.26,2,2.15,0.75,1.06,121,0,1.96,-0.43,1,14,1.3
NEARUSDT,1,1.9,1,TP,8,4,676,0,3,0.39,1.11,0.62,0.8,1.08,1.2,51,1,1.78,-0.88,1,19,1.43
NEARUSDT,-1,-2.1,0,SL,2,10,271,0,9,-0.03,2.77,2.17,0.83,0.75,0.64,156,1,2.13,-0.61,-1,16,0.72
NEARUSDT,1,-2.1,0,SL,7,2,89,0,1,0.54,0.91,1.8,2.78,0.75,0.6,97,0,1.24,-1.18,1,14,1.56
NEARUSDT,1,1.9,1,TP,68,6,197,0,5,-0.23,-0.05,1.44,0.62,0.83,0.6,201,0,0.26,-1.19,1,17,0.64
NEARUSDT,1,-2.1,0,SL,6,2,634,0,1,-0.5,17.74,0.38,0.51,0.58,0.32,368,0,1.77,0.11,1,6,0.68
NEARUSDT,-1,1.9,1,TP,6,1,298,0,0,-2.12,1.53,2.29,2.29,0.59,0.48,3,0,1.16,0,-1,0,0.45
NEARUSDT,-1,1.9,1,TP,68,14,657,0,13,0.11,3.03,1.38,0.47,0.7,0.73,198,0,1.9,-0.37,-1,18,0.77
NEARUSDT,1,-2.1,0,SL,2,7,200,0,6,-0.17,-2.79,1.06,13.32,1.14,0.89,216,0,1.39,-0.66,1,19,5.22
NEARUSDT,-1,1.9,1,TP,33,2,179,0,1,-0.29,0.92,1.47,1.6,0.45,0.49,201,0,0.92,-0.29,-1,15,0.82
NEARUSDT,-1,1.9,1,TP,9,4,289,0,3,-0.22,6.12,0.7,0.73,0.6,0.51,309,0,1.84,-0.6,-1,18,0.64
NEARUSDT,1,-2.1,0,SL,30,11,272,0,10,-0.38,2.42,1.81,0.77,0.89,0.28,46,0,2.02,-0.69,1,18,0.57
NEARUSDT,-1,-2.1,0,SL,5,3,191,0,2,0.2,-1.99,4.06,1.59,0.96,1.77,184,0,1.27,-1.97,-1,4,1.63
NEARUSDT,-1,1.9,1,TP,104,6,206,0,5,-0.42,30.62,1.3,1.78,0.43,0.37,243,0,1.34,-0.41,-1,10,0.7
NEARUSDT,1,1.9,1,TP,7,1,349,0,0,-2.41,3.71,0.92,0.92,0.68,0.26,4,0,1.1,0,1,3,0.43
NEARUSDT,1,-2.1,0,SL,49,1,492,0,0,-2.6,5.29,1.12,1.12,0.76,0.26,147,0,1.03,0,1,15,0.81
NEARUSDT,1,-2.1,0,SL,12,13,2,0,12,-0.66,1.8,3.24,1.28,1.15,0.3,53,0,3.15,2.07,1,17,1.51
NEARUSDT,-1,1.9,1,TP,14,3,127,0,2,-0.21,2.69,0.71,0.54,0.93,0.98,46,0,1.58,-0.54,-1,6,1.07
NEARUSDT,-1,-2.1,0,SL,26,5,457,0,4,-0.18,11.52,1.49,0.48,0.67,1.03,374,0,0.42,-1.23,-1,17,0.33
NEARUSDT,-1,1.9,1,TP,10,1,499,0,0,-3.62,13.07,2.26,2.26,0.91,1.07,420,0,0.47,0,-1,3,1.12
NEARUSDT,1,1.9,1,TP,3,3,284,0,2,0.06,15.75,0.68,1.05,1.89,1.01,585,0,5.32,-2.61,1,18,2.88
NEARUSDT,-1,1.9,1,TP,4,1,491,0,0,-2.85,3.23,0.8,0.8,1.2,1.03,44,0,2.15,0,-1,16,0.99
NEARUSDT,-1,1.9,1,TP,2,1,875,0,0,-3.85,0.93,3.38,3.38,1.27,1.87,199,1,1.09,0,-1,16,1.74
NEARUSDT,-1,-2.1,0,SL,5,3,1197,0,2,-0.71,12.37,1.98,2.78,0.82,0.88,259,0,2.23,-0.28,-1,0,1.43
NEARUSDT,-1,-2.1,0,SL,38,1,1321,0,0,-2.9,13.07,1.99,1.99,0.66,0.87,385,0,0.77,0,-1,7,0.81
NEARUSDT,-1,-2.1,0,SL,7,8,206,0,7,1.26,0.85,2.04,2.95,0.9,0.41,26,1,1.95,-1.25,-1,15,2.18
NEARUSDT,1,1.9,1,TP,2,1,116,0,0,-3.89,3.77,3.94,3.94,0.9,0.44,75,0,1.45,0,1,15,2.2
NEARUSDT,1,-2.1,0,SL,5,3,233,0,2,0.05,1.73,3.39,2.28,1.29,0.45,190,0,0.68,-2.02,1,20,2.51
NEARUSDT,-1,-2.1,0,SL,28,1,150,0,0,-4.23,4.28,2.83,2.83,1.02,0.44,44,0,2.19,0,-1,16,1
NEARUSDT,-1,1.9,1,TP,27,10,310,0,9,-0.32,6.06,0.56,0.99,0.37,0.43,195,0,1.09,-0.25,-1,8,0.43
NEARUSDT,-1,-2.1,0,SL,8,6,617,4,1,-0.53,0.13,1.69,1.48,0.49,0.39,155,0,1.51,0.2,-1,12,0.65
NEARUSDT,-1,-2.1,0,SL,6,1,745,0,0,-2.59,5.29,0.5,0.5,1.49,0.42,284,0,1.24,0,-1,20,1.13
NEARUSDT,-1,-2.1,0,SL,1,11,186,0,10,1.52,-0.83,5.6,1.3,0.73,0.68,83,0,1.29,-2.92,1,2,1.89
NEARUSDT,1,-2.1,0,SL,17,10,278,0,9,0.05,10.94,0.46,0.95,0.65,0.63,384,0,1.46,0.19,1,5,0.69
NEARUSDT,-1,-2.1,0,SL,4,18,399,1,16,-0.14,0.23,0.47,2.8,0.79,0.3,373,0,1.66,0.18,-1,14,1.73
NEARUSDT,-1,1.9,1,TP,20,7,187,0,6,0.49,16.01,2.55,1.11,0.66,0.26,134,0,1.94,-1.69,-1,10,1.09
NEARUSDT,-1,1.9,1,TP,17,11,1038,0,10,0.09,1.63,0.83,1.7,0.55,0.76,7,1,1.03,-0.83,-1,6,0.48
NEARUSDT,-1,1.9,1,TP,18,10,2197,0,9,-0.04,9.41,1.83,0.49,0.66,0.7,249,0,2,-0.6,-1,8,0.7
NEARUSDT,-1,-2.1,0,SL,42,12,2430,0,11,-0.26,0.32,2.41,0.45,0.99,0.95,0,0,2.2,-0.74,-1,18,0.53
NEARUSDT,1,1.9,1,TP,86,12,461,0,11,-0.08,3.19,2.49,0.92,0.68,0.15,11,0,1.24,0,1,4,0.52
NEARUSDT,-1,1.9,1,TP,54,2,1024,0,1,-0.49,13.5,1.07,1.63,0.35,0.34,228,0,1.1,-0.09,-1,9,0.43
NEARUSDT,-1,-2.1,0,SL,18,17,1167,0,16,0.7,-2.64,1.3,0.89,0.58,0.34,356,0,1.32,0,-1,21,1.2
NEARUSDT,1,1.9,1,TP,30,1,257,0,0,-1.67,10.31,0.53,0.53,0.55,0.32,505,0,1.15,0,1,1,0.32
NEARUSDT,1,1.9,1,TP,19,14,4,0,13,0.24,8.71,1.31,0.68,0.94,0.31,679,0,2.63,0.62,1,0,0.85
NEARUSDT,1,-2.1,0,SL,22,15,370,0,14,-0.35,4.43,2.07,0.94,0.73,0.43,15,0,1.98,1.08,1,20,1.14
NEARUSDT,-1,1.9,1,TP,12,1,217,0,0,-2.8,3.61,1.44,1.44,0.5,0.23,176,0,1.08,0,-1,15,1.05
NEARUSDT,-1,-2.1,0,SL,2,13,694,0,12,-0.28,3.38,0.83,0.76,0.59,0.32,5,0,1.78,-0.64,-1,14,0.4
NEARUSDT,1,1.9,1,TP,3,3,579,0,2,0.15,4.06,2.76,2.05,0.78,0.71,385,0,0.42,-1.9,1,8,1.23
NEARUSDT,1,-2.1,0,SL,12,3,805,0,2,-1.34,1.54,2.64,2.07,0.81,0.74,77,0,1.68,-0.12,1,16,1.55
NEARUSDT,-1,1.9,1,TP,21,3,193,0,2,0.28,-0.83,0.72,1.04,0.8,0.73,8,0,0.78,-1.2,-1,2,1.19
NEARUSDT,1,1.9,1,TP,21,12,139,0,11,0.01,0.97,1.76,0.66,0.75,0.49,2,0,2.18,-0.85,1,9,1.22
NEARUSDT,1,1.9,1,TP,2,1,455,0,0,-3.07,14.29,2.35,2.35,1.65,0.48,238,0,4.22,0,1,16,2.9
NEARUSDT,-1,1.9,1,TP,5,12,187,0,11,-0.12,7.24,0.57,0.77,1.18,1,289,0,3.69,-0.5,-1,2,1
NEARUSDT,1,1.9,1,TP,2,3,57,0,2,-0.34,6.89,0.85,1.64,1.28,1.16,302,0,3.77,-2,1,8,1.81
NEARUSDT,1,1.9,1,TP,20,8,354,0,7,0.67,-1.96,0.75,2.03,1.4,1.2,116,1,1.28,-1.56,1,10,3.7
NEARUSDT,1,1.9,1,TP,32,10,480,0,9,-0.33,3.12,1.75,1.28,1.47,0.61,75,0,1.34,0.09,1,17,2.17
NEARUSDT,-1,-2.1,0,SL,3,14,390,0,13,0.23,1.58,1.51,1.09,0.8,0.99,2,1,2.04,-0.76,-1,0,0.94
NEARUSDT,-1,-2.1,0,SL,28,7,1044,0,6,-0.17,2.22,0.44,0.93,0.76,1.04,50,1,0.95,-0.55,-1,20,0.76
NEARUSDT,-1,1.9,1,TP,42,7,1214,0,6,-0.61,5.17,3.26,0.8,0.94,0.5,66,0,2.17,-2.27,-1,14,1
NEARUSDT,1,-2.1,0,SL,13,6,232,0,5,-1.22,2.05,0.65,0.94,0.77,0.3,35,0,1.95,-0.34,1,17,1.28
NEARUSDT,1,-2.1,0,SL,25,9,353,0,8,0.26,3.43,2.04,1.36,0.77,0.45,47,0,1.48,-0.94,1,23,1.34
NEARUSDT,-1,1.9,1,TP,4,12,237,0,11,-0.59,7.06,0.83,0.57,0.58,0.74,246,0,1.6,-0.42,-1,17,0.53
NEARUSDT,-1,-2.1,0,SL,18,3,284,0,2,0.51,-0.49,0.66,1.6,0.54,0.57,7,2,1.2,-0.68,-1,7,0.73
NEARUSDT,-1,1.9,1,TP,3,1,250,0,0,-2.13,2.26,1.07,1.07,0.65,0.38,108,0,1.73,0,-1,13,0.92
NEARUSDT,1,-2.1,0,SL,51,6,85,0,5,-0.19,6.31,0.47,0.54,0.81,0.89,193,0,1.72,-0.3,1,19,0.95
APTUSDT,1,-2.1,0,SL,12,2,204,0,1,-0.42,0.68,0.81,0.73,1.17,0.86,65,0,3.6,0.41,1,5,0.85
APTUSDT,1,-2.1,0,SL,6,2,285,0,1,-0.62,0.98,1.63,1.23,0.94,0.86,146,0,2.82,0.21,1,1,0.62
APTUSDT,-1,1.9,1,TP,5,9,201,0,8,-0.73,4.18,0.55,0.75,1.1,0.49,11,0,2.69,0.25,-1,0,1.18
APTUSDT,-1,1.9,1,TP,9,1,707,0,0,-2.55,2.54,5.4,5.4,1.11,0.47,201,0,1.75,0,-1,7,2.77
APTUSDT,1,1.9,1,TP,15,1,118,0,0,-3.63,4.01,4.21,4.21,1.94,1.34,2,0,2.17,0,1,16,2.56
APTUSDT,1,-2.1,0,SL,20,11,200,0,10,-0.15,2.01,3.55,0.29,1.37,0.53,3,0,2.04,-0.77,1,19,0.82
APTUSDT,1,1.9,1,TP,26,9,294,0,8,-0.21,3.53,0.56,0.35,0.82,0.53,99,0,2.54,-0.47,1,18,0.45
APTUSDT,1,1.9,1,TP,6,1,257,0,0,-1.95,1.95,1.4,1.4,0.96,0.76,2,0,0.78,0,1,17,0.73
APTUSDT,-1,-2.1,0,SL,159,1,274,0,0,-1.21,0.09,0.68,0.68,0.61,0.32,160,0,1.35,0,-1,16,0.56
APTUSDT,-1,1.9,1,TP,5,13,504,0,12,-0.06,3.21,4.37,1.46,0.62,0.41,69,1,1.75,-0.51,-1,1,0.64
APTUSDT,-1,-2.1,0,SL,12,7,630,0,6,-0.32,3.33,2.05,1.26,0.72,0.43,24,0,2.01,-0.84,-1,9,0.89
APTUSDT,-1,1.9,1,TP,14,1,313,0,0,-3.88,5.61,4.76,4.76,1.08,0.26,25,0,1.75,0,-1,18,3.29
APTUSDT,-1,1.9,1,TP,56,2,813,0,1,-1.07,3.13,0.5,0.85,0.35,0.21,179,0,0.91,0.33,-1,23,0.44
APTUSDT,1,1.9,1,TP,2,1,194,0,0,-2.83,1.63,3.18,3.18,0.62,0.63,1,0,0.79,0,1,23,1.25
APTUSDT,1,1.9,1,TP,1,1,561,0,0,-5.21,6.27,5.24,5.24,1.79,0.95,6,0,2.45,0,1,19,6.27
APTUSDT,1,1.9,1,TP,1,1,821,0,0,-4.78,4.37,5.56,5.56,1.84,0.87,86,0,3.82,0,1,12,4.71
APTUSDT,1,1.9,1,TP,10,1,443,0,0,-2.35,3.29,3.21,3.21,1.72,1.43,13,1,2.02,0,1,7,3.17
APTUSDT,1,1.9,1,TP,3,9,819,0,8,-0.25,1.59,1.1,0.49,1.1,0.61,33,0,3.31,-0.38,1,5,0.49
APTUSDT,-1,-2.1,0,SL,47,4,634,0,3,0,0.37,0.69,0.42,0.89,0.66,16,0,1.53,-0.89,-1,19,0.42
APTUSDT,-1,1.9,1,TP,33,12,1029,0,11,-0.21,1.82,0.39,0.3,0.75,0.55,54,1,1.48,0.17,-1,22,0.4
APTUSDT,-1,1.9,1,TP,19,15,434,0,14,-0.25,1.97,1.52,4.21,1.03,0.74,4,1,2.08,0.13,-1,15,3.12
APTUSDT,-1,1.9,1,TP,8,1,690,0,0,-3.54,4.83,2.94,2.94,2.02,0.82,51,0,0.61,0,-1,7,3.1
APTUSDT,-1,1.9,1,TP,14,7,806,0,6,-0.13,7.58,0.51,0.75,1.33,0.82,161,0,4.05,-0.83,-1,12,1.6
APTUSDT,-1,1.9,1,TP,8,5,240,3,1,0.3,0.98,1.08,1.36,0.49,0.41,25,0,1.5,-0.05,1,12,0.46
APTUSDT,-1,-2.1,0,SL,59,2,177,0,1,-0.65,-0.05,1.26,1.01,0.38,0.43,105,0,1.12,-0.05,-1,15,0.4
APTUSDT,1,1.9,1,TP,18,1,230,0,0,-3.21,6.9,2.88,2.88,0.62,0.5,80,2,0.51,0,1,8,0.92
APTUSDT,1,1.9,1,TP,62,6,710,1,4,-0.41,-0.57,0.71,1.11,0.53,0.68,218,0,0.83,-0.16,1,8,0.53
APTUSDT,-1,1.9,1,TP,85,1,337,0,0,-1.82,1.94,0.66,0.66,0.53,0.36,149,0,1.2,0,-1,15,0.57
APTUSDT,-1,1.9,1,TP,18,1,482,0,0,-1.97,2.36,1.19,1.19,0.52,0.47,46,0,1.07,0,-1,3,0.53
APTUSDT,-1,1.9,1,TP,19,14,985,0,13,0.11,19.13,0.55,0.61,0.59,0.67,313,0,1.47,-0.4,-1,9,0.43
APTUSDT,1,-2.1,0,SL,26,1,305,0,0,-3.46,3.51,1.91,1.91,0.8,0.14,80,0,0.81,0,1,19,1.7
APTUSDT,1,1.9,1,TP,83,2,234,0,1,-0.1,0.52,0.59,0.57,0.54,0.29,147,1,1.24,-0.27,1,4,0.42
APTUSDT,1,1.9,1,TP,12,1,743,0,0,-2.22,5.02,5.9,5.9,0.58,0.38,43,0,1.28,0,1,11,1.76
APTUSDT,-1,1.9,1,TP,12,16,221,0,15,0.05,2.11,2.51,0.42,0.9,0.32,105,0,2.61,0.17,-1,18,0.59
APTUSDT,-1,1.9,1,TP,41,16,920,0,15,0.41,1.96,1.67,0.42,0.94,0.61,212,0,1.25,-1.51,-1,0,0.8
APTUSDT,1,1.9,1,TP,17,10,223,0,9,0.04,2.59,0.35,0.92,0.52,0.57,190,0,1.44,0.03,1,13,0.44
APTUSDT,1,1.9,1,TP,1,1,337,0,0,-2.91,3.37,1.11,1.11,0.82,0.24,103,0,1.12,0,1,18,0.77
APTUSDT,1,-2.1,0,SL,20,14,630,0,13,0.09,0.19,2.27,0.8,1.15,0.44,117,0,2.85,-0.77,1,19,1.37
APTUSDT,1,-2.1,0,SL,18,2,111,0,1,-0.04,3.72,0.93,1.77,0.96,0.35,152,0,1.46,-0.99,1,12,1.55
APTUSDT,1,-2.1,0,SL,15,3,156,0,2,-0.62,3.07,1.34,2.68,0.54,0.48,77,0,1.46,-0.14,1,0,1.35
APTUSDT,-1,-2.1,0,SL,71,8,563,0,7,-1.6,3.32,0.35,3.03,0.42,0.43,10,1,1.14,0.39,-1,13,1.22
APTUSDT,-1,-2.1,0,SL,72,9,690,0,8,0,0.27,3.67,0.44,0.48,0.22,0,0,1.34,-0.45,-1,21,0.3
APTUSDT,-1,-1.026,0,TIMEOUT,174,7,333,0,6,0.79,1.77,0.83,1.59,0.42,0.23,54,0,1.24,-0.86,1,21,0.48
APTUSDT,-1,1.9,1,TP,63,13,193,0,12,0.02,4.42,3.31,0.91,0.35,0.32,167,0,0.98,0.22,-1,16,0.46
APTUSDT,-1,1.9,1,TP,23,4,645,0,3,0.18,0.58,1.23,0.69,0.31,0.3,123,0,0.62,-0.49,-1,9,0.24
APTUSDT,1,-1.148,0,TIMEOUT,149,5,271,3,1,0.5,3.01,0.73,0.86,0.34,0.25,50,0,0.16,-0.01,-1,8,0.38
APTUSDT,-1,-2.1,0,SL,13,5,455,1,3,-0.55,-1.47,3.27,3.43,0.31,0.48,115,0,0.92,-0.21,-1,11,0.55
APTUSDT,-1,-1.747,0,TIMEOUT,41,12,294,0,11,-0.45,0.75,0.68,1.61,0.36,0.38,127,0,0.98,0.51,-1,18,0.71
APTUSDT,-1,-1.891,0,TIMEOUT,80,8,433,0,7,0.39,-0.5,1.8,0.66,0.4,0.22,1,0,1.08,-0.81,-1,5,0.33
APTUSDT,-1,-2.1,0,SL,37,11,543,0,10,0.38,-0.68,1.14,0.44,0.32,0.22,108,0,1,-0.55,-1,8,0.27
APTUSDT,1,-2.1,0,SL,23,7,342,0,6,-0.05,2.32,0.77,0.9,0.38,0.61,161,1,0.95,-0.28,1,14,0.23
APTUSDT,1,-2.1,0,SL,15,9,433,0,8,-0.03,2.83,0.88,0.79,0.49,0.77,60,2,1.09,-0.23,1,13,0.51
APTUSDT,-1,-1.121,0,TIMEOUT,75,5,318,0,4,-0.32,2.54,0.84,1.45,0.26,0.2,62,0,0.79,-0.2,-1,16,0.31
APTUSDT,-1,-2.1,0,SL,15,3,281,1,1,-0.42,3.09,0.52,0.42,0.34,0.34,68,0,0.28,0.17,-1,4,0.21
APTUSDT,-1,-1.59,0,TIMEOUT,86,12,253,0,11,-0.3,2.02,0.86,0.45,0.38,0.5,89,0,1.15,-0.13,-1,20,0.25
APTUSDT,-1,1.9,1,TP,108,11,450,0,10,-0.21,6.83,1.87,0.29,0.24,0.1,85,0,0.74,-0.08,-1,21,0.11
APTUSDT,1,1.9,1,TP,14,15,188,0,14,0.14,4.47,2.64,1.05,0.37,0.16,36,0,1.04,-0.44,1,9,0.62
APTUSDT,1,-2.1,0,SL,37,3,494,0,2,-0.2,3.57,0.58,0.96,0.44,0.32,46,0,0.23,-0.44,1,13,0.48
APTUSDT,1,1.9,1,TP,10,4,725,0,3,0.08,-1.05,0.34,0.46,0.77,1.26,125,0,2.1,-1.05,1,22,0.7
APTUSDT,1,-2.1,0,SL,25,11,1206,0,10,0.06,2.93,0.59,0.26,1.21,0.29,177,0,2.6,-1.85,1,22,0.77
APTUSDT,1,1.9,1,TP,11,17,198,0,16,-0.11,7.62,1.46,0.96,1.01,0.69,267,0,2.87,1.07,1,16,1.01
APTUSDT,1,-2.1,0,SL,13,10,537,0,9,-0.21,0.4,0.62,1.48,1.05,0.39,299,0,1.43,-1.09,1,5,1.49
APTUSDT,1,-2.1,0,SL,66,16,238,0,15,-0.09,3.5,1.06,0.58,0.69,0.64,48,0,1.7,-0.14,1,22,0.59
APTUSDT,1,1.9,1,TP,51,2,384,0,1,0.62,3.1,2.46,2.6,0.6,0.64,208,0,1.22,-0.79,1,10,1.18
APTUSDT,1,-2.1,0,SL,23,5,263,0,4,-0.09,1.88,0.75,0.98,1.15,0.54,10,0,2.47,-0.87,1,1,1.36
APTUSDT,1,1.9,1,TP,37,16,526,0,15,-0.14,5.05,1.56,0.63,1.27,0.38,45,0,3.54,2.44,1,19,1.3
APTUSDT,1,-2.1,0,SL,61,3,350,0,2,-0.16,0.98,2.34,1.24,0.72,0.38,9,0,0.83,-0.85,1,6,0.63
APTUSDT,1,1.9,1,TP,15,6,309,0,5,0.32,1.46,1.09,0.81,1.43,0.52,59,0,3.36,-1.41,1,10,1.6
APTUSDT,1,-2.1,0,SL,4,15,563,0,14,0.15,3.49,0.67,0.6,1.46,0.57,38,0,4.36,-1.15,1,1,0.8
APTUSDT,-1,1.9,1,TP,37,7,109,0,6,0.11,-1.33,0.72,0.92,0.76,0.68,325,0,2.35,-0.87,-1,23,0.66
APTUSDT,-1,-2.1,0,SL,24,11,330,0,10,-0.09,1.14,2.26,0.93,0.62,0.27,103,0,1.89,-0.67,-1,6,0.44
APTUSDT,-1,1.9,1,TP,12,1,304,0,0,-3.22,4.26,3.36,3.36,0.82,0.31,7,0,2.23,0,-1,9,0.96
APTUSDT,1,1.9,1,TP,8,1,222,0,0,-1.94,3.93,1.89,1.89,1.09,0.53,220,0,2.49,0,1,10,1.48
APTUSDT,1,1.9,1,TP,5,9,404,0,8,0.01,8.32,1.01,0.63,1.25,0.5,394,0,3.14,-1.24,1,7,0.69
APTUSDT,-1,1.9,1,TP,13,15,498,0,14,-0.1,10.92,1.57,0.58,0.77,1.31,325,0,2.2,0.19,-1,5,0.58
APTUSDT,1,1.9,1,TP,22,9,245,0,8,-0.06,11.6,4.52,0.74,0.64,1.03,257,0,1.88,-0.68,1,12,0.65
APTUSDT,1,-2.1,0,SL,20,8,513,0,7,-0.21,3.84,3.24,1.42,0.8,0.42,24,0,2.31,0.22,1,7,0.85
APTUSDT,1,-2.1,0,SL,71,15,446,0,14,0.42,8.38,2.41,1.01,0.72,0.18,494,0,1.25,-0.54,1,19,0.93
APTUSDT,-1,1.9,1,TP,10,7,218,0,6,0.41,8.79,0.95,0.73,0.57,0.38,240,0,1.74,-0.11,-1,13,0.46
APTUSDT,1,1.9,1,TP,2,1,255,0,0,-4.32,5.99,7.92,7.92,1.04,0.58,71,0,2.2,0,1,9,3.88
APTUSDT,1,1.9,1,TP,4,7,561,0,6,0.57,14.84,0.85,1.92,1.12,0.52,371,0,3.16,-1.01,1,14,1.8
APTUSDT,1,1.9,1,TP,1,6,742,0,5,0.42,13.34,2.54,1.43,1.19,0.52,553,0,1.54,-1.52,1,11,1.87
APTUSDT,1,-2.1,0,SL,36,13,1200,0,12,-0.41,17.85,1.19,0.74,0.62,0.46,399,0,1.93,0.1,1,5,0.51
APTUSDT,1,-2.1,0,SL,15,4,120,0,3,-0.34,0.5,0.79,3.27,0.79,0.5,103,0,2.1,-1.02,1,8,1.81
APTUSDT,1,1.9,1,TP,23,4,193,0,3,0.02,1.25,0.61,0.5,0.75,0.31,8,0,1.15,-0.38,1,2,0.71
APTUSDT,1,1.9,1,TP,2,1,363,0,0,-2.12,5.97,1.27,1.27,1.5,0.56,33,0,2.37,0,1,21,1.3
APTUSDT,1,1.9,1,TP,2,4,139,0,3,-0.14,14.34,0.71,0.58,1.27,0.5,519,0,3.96,-1.4,1,23,0.7
APTUSDT,1,1.9,1,TP,8,16,274,0,15,0.12,0.93,0.83,1.36,1.16,0.97,103,1,3.42,-1.1,1,9,1.51
APTUSDT,1,1.9,1,TP,12,5,598,0,4,-0.22,4.98,0.68,0.58,0.88,1.57,233,2,1.86,-1.37,1,18,0.84
APTUSDT,-1,1.9,1,TP,42,12,148,1,10,-0.03,-0.32,1.07,0.97,0.57,0.4,102,0,1.77,0.11,-1,11,0.75
APTUSDT,-1,1.9,1,TP,7,7,265,0,6,-0.07,29.51,0.62,0.7,0.68,0.56,515,1,2.07,-0.72,-1,23,0.24
APTUSDT,-1,1.9,1,TP,12,17,596,2,14,0.03,-0.16,1.68,0.17,1.41,0.85,81,0,3.23,-0.03,-1,21,1.33
APTUSDT,-1,-2.1,0,SL,13,6,906,0,5,0.11,1.83,2.03,1.62,1.42,1.06,56,0,2.59,-3.54,-1,3,1.71
APTUSDT,1,-2.1,0,SL,22,11,192,0,10,-0.3,0.67,1.1,1.14,0.75,0.48,126,0,2.26,-0.07,1,8,0.79
APTUSDT,-1,1.9,1,TP,9,3,445,0,2,0.83,-2.05,1.13,1.4,0.83,0.27,219,0,0.88,-2.26,-1,4,1.13
APTUSDT,1,1.9,1,TP,26,8,249,0,7,-0.07,2.22,3.47,1.03,0.52,0.34,161,0,1.5,-0.66,1,18,0.73
APTUSDT,-1,1.9,1,TP,3,1,255,0,0,-2.42,7.23,1.45,1.45,0.77,0.36,637,0,1.04,0,-1,15,1.05
APTUSDT,-1,1.9,1,TP,21,5,607,0,4,-0.17,1.22,5.65,0.69,0.74,0.8,1,1,1.95,-1.07,-1,7,0.55
APTUSDT,1,1.9,1,TP,20,13,166,0,12,-0.16,12.89,1.72,1.01,0.55,0.72,174,0,1.61,-0.7,1,11,0.87
APTUSDT,-1,1.9,1,TP,40,3,78,0,2,-0.13,0.8,0.88,3.13,0.53,0.2,94,0,1.57,-0.63,-1,6,0.84
APTUSDT,-1,-2.1,0,SL,19,14,480,0,13,0.58,2.17,0.51,2.15,0.42,0.2,51,0,1.22,0.11,-1,10,0.64
APTUSDT,1,1.9,1,TP,4,4,222,0,3,0.81,-2.35,1.89,17.4,0.56,0.73,289,0,0.71,-1.31,1,12,2.14
APTUSDT,-1,-2.1,0,SL,29,5,245,0,4,-0.4,3.28,1.83,0.69,0.63,0.22,31,0,0.49,-0.8,-1,8,0.55
APTUSDT,-1,1.9,1,TP,17,1,338,0,0,-1.31,2.77,1.25,1.25,0.59,0.16,25,0,0.92,0,-1,4,0.69
APTUSDT,-1,-2.1,0,SL,3,6,678,0,5,0.17,15.24,1.81,0.8,0.93,0.17,360,0,1.93,-1.84,-1,17,1.09
APTUSDT,-1,1.9,1,TP,8,1,956,0,0,-2.86,44.41,1.4,1.4,0.34,0.18,643,0,0.92,0,-1,14,0.44
APTUSDT,-1,1.9,1,TP,38,10,1215,0,9,-0.12,2.17,1.14,1.63,0.44,0.45,105,0,0.29,-0.45,-1,7,0.8
APTUSDT,1,1.9,1,TP,23,1,307,0,0,-2.38,0.87,0.71,0.71,0.32,0.33,257,0,1.01,0,1,1,0.26
APTUSDT,1,1.9,1,TP,43,13,668,0,12,-0.67,18.44,2.55,0.72,0.73,0.28,606,0,2.26,-0.85,1,19,0.78
APTUSDT,1,1.9,1,TP,7,1,934,0,0,-3.05,17.73,5.41,5.41,0.89,0.28,884,0,1.19,0,1,14,1.42
APTUSDT,1,-2.1,0,SL,14,5,1173,0,4,-1.03,2.14,2.3,2.16,0.77,0.18,176,0,1.82,-0.88,1,2,1.23
APTUSDT,-1,1.9,1,TP,40,3,10,0,2,0.05,4.48,0.22,0.73,0.81,0.33,95,0,2.45,-0.73,-1,19,0.69
APTUSDT,-1,1.9,1,TP,17,17,101,0,16,-0.02,5.8,0.77,0.6,0.52,0.34,35,0,1.6,-0.19,-1,20,0.41
APTUSDT,-1,1.9,1,TP,2,1,464,0,0,-2.99,11.27,3.96,3.96,1.03,0.89,305,1,2.13,0,-1,14,2.1
APTUSDT,-1,-2.1,0,SL,36,4,949,0,3,-0.92,5.71,0.9,4.86,1.2,0.65,261,0,0.76,-1.42,-1,16,1.74
APTUSDT,1,1.9,1,TP,1,20,9,5,14,0.03,2.54,6.1,2.19,1.57,0.33,93,0,4.03,6.24,1,13,2.64
APTUSDT,1,1.9,1,TP,4,1,113,0,0,-2.86,4.82,1.58,1.58,0.9,0.43,13,0,1.85,0,1,15,1.56
APTUSDT,1,-2.1,0,SL,21,6,102,0,5,-1,8.93,2.27,2.25,0.51,0.47,188,0,1.45,0.11,1,8,0.52
APTUSDT,1,1.9,1,TP,3,1,510,0,0,-1.86,9.24,1.13,1.13,0.79,0.31,225,0,1.68,0,1,14,0.69
APTUSDT,1,-2.1,0,SL,15,9,671,0,8,0.21,10.02,0.88,1.58,0.75,0.3,378,0,1.53,-0.34,1,6,0.71
APTUSDT,-1,-2.1,0,SL,12,2,103,0,1,-0.65,0.15,0.57,0.61,0.82,0.33,565,0,2.81,0.06,-1,3,0.57
APTUSDT,-1,-2.1,0,SL,4,11,183,4,6,0.02,-0.88,1.27,0.81,0.92,0.63,0,0,2.31,-0.71,-1,23,0.58
APTUSDT,-1,-2.1,0,SL,4,13,640,0,12,-0.73,4.92,0.95,1.1,0.67,0.66,72,0,2.05,-0.08,-1,17,0.64
APTUSDT,1,-0.754,0,TIMEOUT,72,1,505,0,0,-3.17,4.09,2.45,2.45,0.51,0.33,84,0,0.56,0,1,15,0.93
APTUSDT,-1,1.9,1,TP,13,11,362,0,10,-0.34,2.36,3.08,0.48,0.44,0.21,92,0,0.78,-1.39,-1,12,0.26
APTUSDT,1,1.9,1,TP,14,1,557,0,0,-1.37,10.22,0.65,0.65,1.1,1.43,410,0,2.23,0,1,18,0.91
APTUSDT,1,-2.1,0,SL,36,12,708,0,11,0.19,3.49,3.62,1.27,0.92,0.52,30,0,2.7,-1.59,1,8,0.91
APTUSDT,1,-2.1,0,SL,27,4,798,0,3,0.63,2.81,2.11,2.04,0.75,0.52,128,0,2.11,-2.53,1,6,1.23
APTUSDT,-1,1.9,1,TP,46,5,114,0,4,-0.59,1.89,0.8,0.47,0.89,0.54,434,0,1.62,-0.6,-1,11,0.56
APTUSDT,-1,1.9,1,TP,3,7,236,0,6,-0.27,1.22,1.07,0.88,2.1,0.55,554,0,1.86,-0.98,-1,18,1.78
APTUSDT,1,1.9,1,TP,21,9,302,0,8,0.43,2.62,2.4,1.04,0.93,0.2,9,0,1.37,-2.67,-1,3,0.69
APTUSDT,1,1.9,1,TP,3,3,364,0,2,0.22,0.74,0.8,1.45,1.56,0.38,41,0,1.53,-2.6,1,18,2.33
APTUSDT,-1,1.9,1,TP,37,7,162,0,6,1.01,-2.35,0.89,1.74,0.7,0.5,158,1,1.95,-2.44,-1,6,1.26
APTUSDT,-1,1.9,1,TP,5,1,434,0,0,-1.57,2.63,0.77,0.77,0.6,0.21,81,0,1.58,0,-1,2,0.36
APTUSDT,-1,-2.1,0,SL,19,5,423,0,4,0.24,2.65,4.04,0.59,1,0.81,69,0,2.37,-3.33,-1,22,1.36
APTUSDT,1,-2.1,0,SL,3,14,3,0,13,-0.33,3.16,6.03,0.76,1.86,0.88,58,0,5.09,0.79,1,12,2.13
APTUSDT,1,-2.1,0,SL,1,4,111,0,3,-0.67,1.38,1.65,1.83,1.38,0.92,176,0,2.79,-1.91,1,15,2.15
APTUSDT,1,-2.1,0,SL,7,8,481,0,7,0.26,5.39,0.88,1.4,1.05,0.88,542,0,1.65,-0.97,1,11,2.25
APTUSDT,1,1.9,1,TP,22,14,353,0,13,-0.1,1.29,0.3,0.65,0.81,0.57,242,0,2.64,0,1,20,0.91
APTUSDT,-1,1.9,1,TP,1,7,190,0,6,0.1,3.72,1.18,1.11,2.36,1.09,100,0,4.43,-3.13,-1,21,2.42
APTUSDT,-1,1.9,1,TP,10,1,350,0,0,-2.97,5.22,2.89,2.89,1.79,0.66,54,0,5.17,0,-1,13,2.47
APTUSDT,-1,1.9,1,TP,7,2,785,0,1,-0.2,4.51,1.99,1.06,0.79,1.14,424,0,1.12,-0.52,-1,2,0.85
APTUSDT,-1,-2.1,0,SL,18,5,1148,0,4,-0.19,3.78,2.38,1.02,0.63,0.34,80,0,0.4,-0.39,-1,21,0.64
APTUSDT,-1,-2.1,0,SL,16,7,419,0,6,-0.18,4.33,0.63,0.59,0.45,0.96,177,0,1.14,-0.29,-1,11,0.28
APTUSDT,1,1.9,1,TP,43,15,222,0,14,-0.4,2.7,0.76,3.53,0.61,0.2,84,0,1.88,-0.23,1,5,1.03
APTUSDT,-1,-2.1,0,SL,10,17,154,0,16,-0.74,5.19,1.31,0.43,1.81,0.63,155,0,5.2,3.71,-1,2,1.71
APTUSDT,-1,1.9,1,TP,13,1,243,0,0,-1.34,4.33,2.26,2.26,1.24,0.56,51,0,3.73,0,-1,0,1.88
APTUSDT,-1,1.9,1,TP,16,9,422,6,2,-0.24,-0.16,0.93,0.28,0.69,1.44,25,0,1.88,0.31,-1,21,0.76
APTUSDT,-1,1.9,1,TP,19,9,630,0,8,-0.23,6.05,1.12,0.95,0.7,1.5,227,0,2.13,-0.58,-1,1,0.43
APTUSDT,-1,1.9,1,TP,6,1,807,0,0,-2.87,13.56,1.84,1.84,0.43,1.53,412,0,1.31,0,-1,21,0.45
APTUSDT,-1,-2.1,0,SL,2,1,269,0,0,-3.15,3.03,1.82,1.82,1.38,1.77,125,0,1.1,0,-1,5,1.76
APTUSDT,-1,1.9,1,TP,22,10,628,0,9,0.16,8.35,0.91,0.64,1.05,2.99,294,1,3.23,-0.96,-1,23,1.12
APTUSDT,1,1.9,1,TP,4,11,255,0,10,-1.14,1.29,1.24,0.97,0.98,0.82,251,0,0.8,-0.44,1,0,1.23
APTUSDT,-1,1.9,1,TP,6,1,205,0,0,-2.54,1.03,1.87,1.87,0.83,0.91,465,0,2.03,0,-1,3,0.93
APTUSDT,1,1.9,1,TP,7,1,148,0,0,-3.32,1.75,2.16,2.16,1.15,0.66,56,0,1.37,0,1,15,1.7
APTUSDT,1,1.9,1,TP,13,16,361,0,15,-0.4,3.28,2.55,0.55,1.16,0.45,71,0,3.32,-0.48,1,20,1.26
APTUSDT,1,1.9,1,TP,4,4,202,0,3,-0.37,2.73,1.25,0.76,1.04,0.71,190,0,2.98,-1.54,1,19,0.82
APTUSDT,1,-2.1,0,SL,15,4,348,0,3,0.03,0.17,1.11,0.51,0.67,0.92,3,0,0.68,-1.34,1,8,0.43
APTUSDT,-1,1.9,1,TP,10,1,207,0,0,-2.51,12.45,0.86,0.86,1.03,1.05,263,0,3.06,0,-1,0,1.36
APTUSDT,1,1.9,1,TP,25,12,177,0,11,-0.01,3.99,1.44,0.73,0.66,0.39,44,0,1.11,-0.03,1,5,0.62
APTUSDT,1,-2.1,0,SL,29,5,294,0,4,0.15,0.18,0.86,1.31,0.71,0.69,40,1,1.6,-0.67,1,11,0.92
APTUSDT,1,1.9,1,TP,43,11,626,0,10,-0.09,1.45,0.68,0.7,0.6,0.28,59,0,1.77,0.36,1,22,0.73
APTUSDT,1,1.9,1,TP,17,4,832,0,3,0.09,4.47,1.67,1.69,0.48,0.27,272,0,0.99,-1.38,1,1,0.68
APTUSDT,1,-2.1,0,SL,24,4,1137,0,3,0.31,1.61,1.98,1.03,0.51,0.46,150,0,1.55,-1.25,1,5,0.52
APTUSDT,-1,-2.1,0,SL,8,15,305,0,14,0.39,7.39,1.61,2.23,0.85,0.43,200,0,2.34,-0.04,-1,10,1.65
APTUSDT,-1,-2.1,0,SL,45,6,471,0,5,-0.42,1.26,0.65,0.48,0.62,0.53,135,0,0.86,0.03,-1,4,0.38
APTUSDT,-1,1.9,1,TP,16,14,1114,0,13,-0.26,0.71,0.78,0.78,1.08,1.08,85,0,1.38,-0.39,-1,21,0.72
APTUSDT,1,-2.1,0,SL,21,12,543,0,11,-0.22,0.27,2.61,1.33,0.68,0.58,76,1,1.13,-0.63,1,10,1.02
APTUSDT,-1,1.9,1,TP,51,4,223,0,3,-0.63,4.22,0.66,0.77,0.46,0.79,320,2,0.12,-0.12,-1,20,0.33
APTUSDT,1,-2.1,0,SL,3,2,413,0,1,0.47,8.39,1.41,2.64,0.98,0.22,262,0,2.75,-0.92,1,13,1.77
APTUSDT,-1,-2.1,0,SL,9,9,368,0,8,-0.14,-0.36,0.86,0.42,0.95,0.45,91,0,2.29,-0.63,-1,21,0.94
APTUSDT,1,-2.1,0,SL,77,9,114,0,8,-0.59,9.06,0.72,0.86,0.57,0.49,141,0,1.76,0.12,1,11,0.59
APTUSDT,1,-2.1,0,SL,11,8,278,0,7,-0.09,7.99,2.14,1.29,0.72,0.49,306,0,1.97,-1.57,1,4,0.73
APTUSDT,-1,-2.1,0,SL,24,7,334,0,6,0.01,15.68,0.51,0.94,0.57,0.57,723,0,1.64,-0.44,-1,12,0.59
APTUSDT,1,1.9,1,TP,12,9,148,0,8,0.04,3.69,0.65,1.83,0.46,0.28,97,0,1.21,-0.51,1,13,0.92
APTUSDT,-1,-2.1,0,SL,31,12,310,0,11,-0.27,3.69,1.27,0.22,0.78,2.19,109,2,2.19,-0.03,-1,19,0.49
APTUSDT,1,-2.1,0,SL,17,8,281,0,7,-0.57,2.53,1.19,0.91,1.1,0.53,4,0,2.55,-0.98,1,21,0.93
APTUSDT,1,-2.1,0,SL,8,6,535,0,5,-0.12,-0.07,1.02,1.02,0.46,0.39,144,0,0.63,-0.38,1,13,0.8
APTUSDT,-1,-2.1,0,SL,97,11,365,0,10,0.08,22.11,0.76,0.39,0.45,0.44,971,0,0.91,-0.39,-1,5,0.45
APTUSDT,1,1.9,1,TP,19,14,349,0,13,0.22,5.57,1.08,1.61,0.65,0.4,228,0,1.89,-0.16,1,9,0.73
APTUSDT,1,1.9,1,TP,13,3,581,0,2,0.38,-1.46,0.58,1.38,0.91,0.39,182,0,0.87,-1.44,1,19,1.25
APTUSDT,1,1.9,1,TP,16,15,1033,0,14,-0.04,2.69,1.88,1.01,0.66,0.37,100,0,1.89,0.06,1,12,0.62
APTUSDT,1,-2.1,0,SL,3,13,1308,0,12,0.46,2.68,2.13,1.77,1.08,0.36,377,0,2.33,0.24,1,9,1.6
APTUSDT,-1,1.9,1,TP,12,11,268,0,10,-0.07,0.1,1.63,0.53,0.71,0.57,106,0,2.02,-0.49,-1,16,0.6
APTUSDT,1,1.9,1,TP,24,14,253,0,13,0.05,1.43,1.5,0.86,0.43,0.81,533,1,0.83,-0.27,1,14,0.46
APTUSDT,1,-2.1,0,SL,18,9,602,0,8,-0.33,5.05,0.71,1.02,0.53,0.29,207,0,0.92,-0.17,1,5,0.43
APTUSDT,-1,-2.1,0,SL,2,9,417,0,8,-0.45,3.17,1.09,2.45,0.65,0.4,130,0,1.67,0.32,-1,13,1.7
APTUSDT,-1,1.9,1,TP,5,1,69,0,0,-2.01,2.71,1.51,1.51,0.66,0.77,24,0,1.09,0,-1,6,0.64
APTUSDT,-1,1.9,1,TP,26,1,457,0,0,-2.87,4.54,1.89,1.89,0.51,0.3,59,0,0.52,0,-1,7,0.53
APTUSDT,-1,0.238,1,TIMEOUT,128,8,115,6,1,-0.2,3.01,4.23,0.91,0.4,0.41,35,0,0.69,-0.01,1,21,0.49
APTUSDT,1,1.9,1,TP,45,8,238,0,7,0.24,0.93,1.11,1.17,0.47,0.22,45,0,1.34,-0.68,1,16,0.65
APTUSDT,-1,-2.1,0,SL,13,5,273,0,4,0.87,1.88,0.76,1.32,0.39,0.2,75,0,1.1,-0.62,1,16,0.56
APTUSDT,1,-2.1,0,SL,158,4,222,0,3,-0.43,-0.43,2.26,0.83,0.56,0.48,93,0,1.14,-1.14,1,9,0.47
APTUSDT,-1,1.9,1,TP,9,14,277,0,13,-0.5,19.89,0.76,1.71,0.53,0.68,403,1,1.4,0.76,-1,2,1.17
APTUSDT,1,1.9,1,TP,32,1,89,0,0,-1.58,2.06,1.66,1.66,0.36,0.26,18,0,1.1,0,1,20,0.38
APTUSDT,1,1.9,1,TP,17,1,281,0,0,-2.55,8.2,1.08,1.08,0.56,0.25,210,0,1.32,0,1,20,0.69
APTUSDT,1,-2.1,0,SL,12,17,718,0,16,-0.78,18.08,0.75,1.32,1.09,0.19,407,0,2.78,2.45,1,9,1.29
APTUSDT,-1,1.9,1,TP,7,1,496,0,0,-2.53,2.77,2.04,2.04,0.85,0.66,71,0,1,0,-1,4,1.24
APTUSDT,1,-2.1,0,SL,9,12,199,0,11,-0.29,3.61,0.45,0.8,0.66,0.96,40,1,1.8,0.4,1,19,0.57
APTUSDT,1,1.9,1,TP,130,17,315,0,16,-0.09,6.35,1.02,1.16,0.42,0.95,151,1,1.37,0.01,1,0,0.49
APTUSDT,-1,1.9,1,TP,3,1,141,0,0,-2.09,3.98,1.66,1.66,0.96,0.97,73,0,1.72,0,-1,12,0.94
APTUSDT,1,1.9,1,TP,12,3,248,2,0,-3.02,1.79,2.24,2.24,0.9,0.61,0,0,1.67,1.84,1,16,1.87
APTUSDT,-1,1.9,1,TP,53,15,267,4,10,-0.34,-0.82,0.8,0.89,0.59,0.63,118,0,1.91,0.26,-1,12,0.47
APTUSDT,-1,-2.1,0,SL,15,17,499,0,16,0.05,4.12,0.92,0.56,1.08,0.4,107,0,3.29,0.92,-1,22,0.34
APTUSDT,-1,-2.1,0,SL,3,17,683,0,16,-0.35,6.59,1.75,0.61,0.96,0.27,70,0,2.63,1.21,-1,20,1.05
APTUSDT,-1,1.9,1,TP,27,1,418,0,0,-1.96,0.1,1.05,1.05,0.65,0.53,56,0,1.95,0,-1,7,0.8
APTUSDT,-1,1.9,1,TP,6,1,678,0,0,-2.54,1.44,1.79,1.79,0.49,0.53,316,0,0.28,0,-1,0,0.54
APTUSDT,-1,1.9,1,TP,8,9,210,0,8,-0.54,31.46,0.74,0.73,0.51,0.51,375,0,1.51,-0.24,-1,12,0.62
APTUSDT,1,-2.1,0,SL,4,3,111,0,2,-0.07,2.56,3.42,1.81,1.31,0.45,237,0,0.72,-2.43,1,20,2.33
APTUSDT,-1,1.9,1,TP,23,12,9,0,11,-0.05,2.4,1.92,0.73,0.91,0.47,260,0,2.83,-0.24,-1,4,1.05
APTUSDT,-1,1.9,1,TP,26,10,346,0,9,-1.55,2.6,1.29,1.37,0.67,0.23,111,0,1.1,0.66,-1,17,1.49
APTUSDT,-1,-2.1,0,SL,13,2,612,0,1,-0.04,13.75,1.07,0.93,0.48,0.24,385,0,1.43,-0.62,-1,11,0.72
APTUSDT,-1,1.9,1,TP,17,9,748,0,8,-0.47,5.29,1.42,0.61,1.16,0.64,10,0,2.23,-1.12,-1,21,0.78
APTUSDT,1,-2.1,0,SL,10,2,167,0,1,0.17,1.85,1.09,1.38,0.6,0.31,52,0,1.61,-0.48,1,10,0.64
APTUSDT,1,1.9,1,TP,25,9,260,0,8,-0.77,0.87,3.55,0.84,0.73,0.31,138,0,0.44,-0.86,1,9,0.67
APTUSDT,1,1.9,1,TP,10,14,510,0,13,0.03,3.21,0.95,1.17,0.6,0.28,145,0,1.01,0.51,1,0,0.69
APTUSDT,1,1.9,1,TP,14,1,618,0,0,-2.05,5.83,1.58,1.58,0.82,0.27,266,0,1.15,0,1,3,1.15
APTUSDT,1,-2.1,0,SL,10,18,921,1,16,0.42,0.6,0.74,2.64,0.89,0.37,84,0,2.22,0.75,1,7,1.79
APTUSDT,1,1.9,1,TP,7,3,1045,0,2,0.61,2.82,1.38,3.83,0.56,0.29,22,0,0.9,-0.79,1,14,1.04
APTUSDT,-1,-2.1,0,SL,55,13,2,0,12,-0.6,4.7,3.65,0.68,0.65,0.3,72,0,1.91,0.16,-1,19,0.55
APTUSDT,-1,1.9,1,TP,50,8,298,0,7,-0.66,21.62,0.53,0.48,0.4,0.37,419,0,1.09,0.28,-1,9,0.37
APTUSDT,-1,1.9,1,TP,161,5,474,0,4,-0.32,1.68,0.31,0.59,0.69,0.28,38,0,1.17,-0.58,-1,22,0.51
APTUSDT,-1,1.9,1,TP,4,1,139,0,0,-1.83,0.17,1.04,1.04,0.87,0.71,61,0,1.08,0,-1,16,0.93
APTUSDT,1,1.9,1,TP,14,1,162,0,0,-2.87,24.04,1.92,1.92,0.68,0.59,397,0,2.05,0,1,4,1.05
APTUSDT,1,-2.1,0,SL,8,6,108,0,5,0.17,0.61,0.39,0.98,0.75,0.41,44,0,1.94,-0.68,1,5,0.75
APTUSDT,-1,-2.1,0,SL,59,1,394,0,0,-1.34,3.74,0.35,0.35,0.63,0.35,41,0,0.19,0,-1,22,0.33
APTUSDT,-1,-2.1,0,SL,80,1,714,0,0,-1.63,2.22,0.72,0.72,0.61,0.31,191,0,1.03,0,-1,6,0.53
APTUSDT,-1,-2.1,0,SL,33,14,102,0,13,-0.09,8.53,2.46,0.59,0.77,1.01,106,0,2.24,-0.17,-1,17,1.01
APTUSDT,-1,1.9,1,TP,4,14,101,0,13,3.58,-4.73,0.66,14.49,0.99,0.52,128,0,1.84,-4.43,1,11,6.01
APTUSDT,-1,1.9,1,TP,8,1,339,0,0,-2.25,7.04,0.65,0.65,0.57,0.35,203,0,1.49,0,-1,16,0.39
APTUSDT,-1,1.9,1,TP,45,1,568,0,0,-3.61,3.84,4.05,4.05,0.68,0.29,202,0,1.66,0,-1,1,1.45
APTUSDT,1,1.9,1,TP,27,9,210,0,8,-0.03,1.16,1.83,1.21,0.43,0.19,37,0,0.86,-0.66,1,14,0.4
APTUSDT,1,1.9,1,TP,16,1,375,0,0,-1.9,6.56,1.25,1.25,0.36,0.18,210,0,0.89,0,1,7,0.51
APTUSDT,1,1.9,1,TP,4,3,81,0,2,-0.54,2.67,1.95,4.69,0.89,0.88,32,0,2.16,-1.94,1,2,2.85
APTUSDT,-1,1.9,1,TP,43,15,134,0,14,0.5,4.8,1.06,1.18,0.62,0.53,270,0,1.66,-1.03,-1,14,0.96
APTUSDT,1,1.9,1,TP,26,5,180,0,4,-0.33,3.31,1.47,0.57,0.77,0.5,628,0,2.24,-1.34,1,5,0.69
APTUSDT,1,1.9,1,TP,3,1,415,0,0,-2.5,18.47,2.05,2.05,0.56,0.46,867,0,1.64,0,1,16,0.68
APTUSDT,-1,1.9,1,TP,7,1,92,0,0,-2.85,7.09,1.12,1.12,0.74,0.86,237,0,1.18,0,-1,13,0.8
APTUSDT,-1,1.9,1,TP,23,9,259,0,8,-0.32,0.12,0.61,1.26,0.64,0.44,396,0,1.84,0.23,-1,7,1.2
APTUSDT,-1,1.9,1,TP,19,16,497,0,15,0.05,-0.57,0.35,0.44,0.45,0.21,68,0,1.32,-0.11,-1,18,0.39
APTUSDT,1,1.9,1,TP,21,15,155,0,14,0.14,5.25,1.17,3.18,0.36,0.17,20,0,1.04,-0.03,1,11,0.46
APTUSDT,1,1.9,1,TP,4,5,243,0,4,-0.45,5.33,0.51,0.57,0.67,0.16,118,0,1.45,-0.31,1,9,0.68
APTUSDT,-1,-2.1,0,SL,2,9,138,0,8,-0.24,3.16,1.41,2.1,0.9,0.42,36,0,2.18,-0.21,-1,14,2.46
APTUSDT,-1,-2.1,0,SL,30,1,328,0,0,-3.19,3.11,7.24,7.24,0.56,0.38,1,0,1,0,-1,14,1.6
APTUSDT,-1,1.9,1,TP,8,2,414,0,1,-0.65,2.45,0.65,1.38,0.65,1.11,46,1,1.16,0.43,-1,11,0.95
APTUSDT,-1,1.9,1,TP,1,9,1031,0,8,3.45,-4.81,1.04,5.13,0.96,0.57,370,0,2.08,-4.68,1,22,4.41
APTUSDT,-1,-2.1,0,SL,1,14,1152,0,13,-0.5,0.59,1.23,0.61,0.81,0.6,108,0,2.42,-0.02,-1,4,0.57
APTUSDT,-1,-2.1,0,SL,4,9,1281,0,8,0.67,0.81,1.39,3.61,0.91,0.6,242,0,2.34,-0.65,-1,12,2.41
APTUSDT,1,1.9,1,TP,53,1,150,0,0,-3.55,4.04,2.47,2.47,0.76,0.58,672,0,0.81,0,1,22,1.4
APTUSDT,-1,1.9,1,TP,25,11,3,0,10,0.54,7.53,2.11,0.91,0.8,0.6,230,0,2.52,-1.92,-1,7,0.84
APTUSDT,-1,1.9,1,TP,13,1,108,0,0,-2.91,5.7,4.15,4.15,0.75,0.8,126,1,1.69,0,-1,13,1.8
APTUSDT,-1,1.9,1,TP,8,16,219,1,14,0.48,0.2,33.12,1.19,1.34,0.7,71,0,3.55,1.38,-1,17,1.2
APTUSDT,-1,1.9,1,TP,92,1,420,0,0,-2.87,0.45,2.47,2.47,0.61,0.44,124,0,1.45,0,-1,19,0.72
APTUSDT,-1,1.9,1,TP,104,14,123,0,13,-0.12,5.99,2.74,0.91,0.36,0.41,46,0,1.09,0.26,-1,14,0.26
APTUSDT,1,-2.1,0,SL,56,1,122,0,0,-3.37,3.04,2.7,2.7,0.56,0.24,76,0,1.25,0,1,17,0.93
APTUSDT,-1,1.9,1,TP,11,16,335,0,15,-0.19,4.73,1.13,1.28,0.38,0.14,180,0,1.16,0.12,-1,11,0.43
APTUSDT,-1,-1.649,0,TIMEOUT,42,8,601,0,7,0.96,1.29,1.14,0.72,0.33,0.25,20,0,0.42,-0.68,1,5,0.53
ARBUSDT,-1,1.9,1,TP,3,13,166,0,12,-0.81,3.71,2.1,0.69,1.41,1.46,32,2,3.42,2.35,-1,16,1.33
ARBUSDT,1,-2.1,0,SL,11,9,198,0,8,-0.15,0.61,0.79,0.69,0.71,0.44,81,0,1.21,-0.66,1,3,0.72
ARBUSDT,1,-2.1,0,SL,4,5,348,0,4,-0.66,3.84,1.12,1.11,1.05,0.64,35,0,2.99,-1.35,1,23,1.65
ARBUSDT,1,1.9,1,TP,2,1,466,0,0,-3.09,4.32,2.2,2.2,1,0.48,99,0,2.29,0,1,5,1.27
ARBUSDT,-1,1.9,1,TP,32,7,374,5,1,-0.4,0.92,0.97,1.21,0.48,0.44,34,0,1.57,0.24,-1,6,0.45
ARBUSDT,-1,1.9,1,TP,33,16,150,0,15,0.21,2.3,0.84,0.55,0.51,0.38,134,0,1.29,-1,-1,6,0.4
ARBUSDT,-1,-2.1,0,SL,20,16,380,0,15,0.44,0.34,2.25,1.19,0.47,0.22,166,0,1.35,-0.68,-1,16,0.84
ARBUSDT,-1,1.9,1,TP,59,11,498,0,10,0.01,1.63,0.91,0.32,0.42,0.42,88,0,1.19,-0.36,-1,21,0.25
ARBUSDT,-1,1.9,1,TP,29,2,624,1,0,-1.96,0.69,0.68,0.68,0.51,0.5,67,0,0.68,0.42,-1,5,0.57
ARBUSDT,-1,1.9,1,TP,17,12,248,0,11,-0.04,3.05,1.37,1.05,0.82,0.28,191,0,1.22,-0.05,-1,17,0.8
ARBUSDT,-1,1.9,1,TP,18,17,949,0,16,0.11,5.38,4.03,0.35,0.89,0.94,11,0,2.73,-2.71,-1,0,0.57
ARBUSDT,1,1.9,1,TP,4,1,341,0,0,-4.81,3.91,3.38,3.38,0.77,0.32,184,0,1.14,0,1,18,2.08
ARBUSDT,-1,-2.1,0,SL,3,8,164,0,7,0.55,1.8,0.64,1.89,1.49,0.62,5,0,1.42,-3.28,-1,16,3.11
ARBUSDT,-1,1.9,1,TP,29,7,113,0,6,-0.47,1.07,1.84,0.71,0.82,0.29,53,0,1.61,-1.07,-1,16,0.57
ARBUSDT,1,-2.1,0,SL,29,2,97,0,1,0.34,0.65,2.74,1.04,0.38,0.42,85,1,0.9,-0.22,-1,16,0.35
ARBUSDT,1,-0.466,0,TIMEOUT,83,9,213,0,8,1.55,1.2,1.47,1.63,0.5,0.58,25,1,0.68,-1.69,-1,21,1.26
ARBUSDT,1,1.9,1,TP,6,2,470,0,1,-0.32,0.67,1.81,2.32,0.36,0.31,74,1,0.83,-0.41,1,14,0.79
ARBUSDT,1,1.9,1,TP,8,1,637,0,0,-3.77,13.81,3.13,3.13,0.85,0.27,242,1,2.38,0,1,7,1.17
ARBUSDT,-1,-2.1,0,SL,18,19,185,6,12,0.36,-1.05,0.4,0.55,0.52,0.58,479,0,1.18,-0.41,-1,21,0.36
ARBUSDT,-1,1.9,1,TP,10,14,513,0,13,0.15,0,2.32,1.18,0.36,0.4,115,0,1.01,-0.38,-1,7,0.61
ARBUSDT,-1,-0.1,0,TIMEOUT,135,1,845,0,0,-2.24,1.29,0.76,0.76,0.33,0.17,1,0,0.41,0,-1,18,0.33
ARBUSDT,-1,-1.619,0,TIMEOUT,42,16,1154,0,15,0.26,2.71,10.74,0.73,0.38,0.19,0,0,0.96,-0.03,-1,23,0.3
ARBUSDT,-1,1.9,1,TP,36,17,1278,0,16,-0.2,6.26,1.36,1,0.42,0.26,27,0,1.31,0.51,-1,6,0.41
ARBUSDT,-1,-1.243,0,TIMEOUT,139,10,1706,0,9,-0.9,2.11,3.32,0.59,0.32,0.18,107,0,0.27,0.08,-1,17,0.31
ARBUSDT,-1,-1.223,0,TIMEOUT,85,11,1900,0,10,0.29,0.72,1.65,1.34,0.49,0.46,116,1,0.93,-0.24,-1,18,0.59
ARBUSDT,1,-0.703,0,TIMEOUT,101,5,354,0,4,-0.3,2.8,1.43,1.59,0.12,0.06,21,0,0.32,-0.17,1,14,0.2
ARBUSDT,-1,1.9,1,TP,37,9,195,0,8,0.2,3.47,0.97,0.74,0.45,0.21,12,0,0.7,-0.68,-1,0,0.48
ARBUSDT,-1,-2.1,0,SL,5,6,458,0,5,-0.08,0.97,0.49,0.6,0.32,0.15,15,0,0.97,-0.2,-1,13,0.18
ARBUSDT,1,-1.421,0,TIMEOUT,91,6,150,0,5,0.1,1.7,2.38,1.04,0.48,0.3,35,1,0.46,-0.87,1,16,0.73
ARBUSDT,1,-2.1,0,SL,114,4,299,0,3,-0.38,1.96,0.69,1.11,0.29,0.21,11,0,0.58,-0.28,1,5,0.15
ARBUSDT,1,1.9,1,TP,7,1,109,0,0,-1.98,4.4,0.66,0.66,0.59,0.28,16,0,1.14,0,1,1,0.7
ARBUSDT,-1,1.9,1,TP,122,14,193,0,13,-0.15,6.08,1.06,1.37,0.32,0.32,54,0,0.93,0.39,-1,16,0.53
ARBUSDT,1,1.9,1,TP,11,6,93,0,5,-0.22,4.12,3.1,1.39,0.37,0.16,156,0,1.1,-0.64,1,11,0.22
ARBUSDT,-1,1.9,1,TP,52,12,403,0,11,0.22,5.84,0.69,1.73,0.28,0.25,84,0,0.63,0.01,-1,21,0.29
ARBUSDT,-1,-1.61,0,TIMEOUT,39,3,1152,0,2,0.11,1.04,0.94,1.48,0.28,0.3,224,0,0.67,-0.38,-1,16,0.34
ARBUSDT,1,1.9,1,TP,12,1,540,0,0,-2.33,5.87,1.56,1.56,0.79,0.68,106,0,2.22,0,1,0,1.28
ARBUSDT,1,1.9,1,TP,22,15,895,0,14,-0.14,2.21,1.58,0.51,0.42,0.18,6,0,1.26,-0.11,1,17,0.31
ARBUSDT,1,1.9,1,TP,3,1,1192,0,0,-3.84,4.36,2.47,2.47,0.98,0.46,18,0,1.18,0,1,19,2.39
ARBUSDT,1,-2.1,0,SL,24,11,517,0,10,0.17,4.19,0.75,0.64,0.66,0.5,83,0,1.18,-0.46,1,5,0.54
ARBUSDT,1,-2.1,0,SL,6,4,768,0,3,0.06,11.33,1.15,0.68,0.7,0.47,341,0,2.09,-0.67,1,20,0.9
ARBUSDT,1,-2.1,0,SL,12,2,824,0,1,-0.16,8.42,1.04,0.99,0.68,0.48,399,0,0.61,-0.13,1,10,0.56
ARBUSDT,-1,1.9,1,TP,31,15,410,0,14,-0.07,0.67,3.43,0.42,0.61,0.28,5,0,0.52,-0.64,-1,6,0.35
ARBUSDT,-1,-2.1,0,SL,127,9,283,1,7,-0.14,-0.08,0.88,0.57,0.48,0.41,663,0,1.33,-0.01,-1,17,0.31
ARBUSDT,1,1.9,1,TP,17,5,265,0,4,-1.37,2.4,0.4,1.25,0.64,0.4,57,0,1.7,0.24,1,4,1.14
ARBUSDT,-1,-2.1,0,SL,11,12,41,0,11,1.16,7.45,1.14,2.43,0.7,0.91,283,0,1.7,-1.28,1,12,1.33
ARBUSDT,1,1.9,1,TP,9,15,10,0,14,0.12,0.9,4.93,1.14,1.35,0.85,307,0,3.66,0.65,1,19,2.05
ARBUSDT,1,-2.1,0,SL,15,12,159,0,11,0.04,4.16,0.68,0.44,0.83,0.76,95,0,2.56,-0.57,1,23,0.51
ARBUSDT,-1,-2.1,0,SL,13,10,166,0,9,0.15,0.77,1.55,1.31,0.63,0.46,153,0,1.72,-0.51,-1,15,0.63
ARBUSDT,-1,-2.1,0,SL,19,12,391,3,8,0.03,3.75,0.48,1.63,0.61,1.21,178,1,1.58,0.57,-1,0,0.79
ARBUSDT,1,1.9,1,TP,5,6,190,0,5,0.19,7.8,1.08,1.09,0.95,1.06,450,1,1.78,-2.16,1,13,1.13
ARBUSDT,1,1.9,1,TP,1,1,124,0,0,-2.01,2.98,0.95,0.95,0.83,0.79,76,0,2.31,0,1,17,1.02
ARBUSDT,-1,-2.1,0,SL,1,1,159,0,0,-3.86,6.95,4.29,4.29,1.61,1.06,194,0,2.67,0,-1,23,2.73
ARBUSDT,-1,1.9,1,TP,13,17,699,0,16,0.39,0.36,6.14,1.01,0.86,0.21,106,0,2.36,-0.54,-1,5,0.9
ARBUSDT,-1,1.9,1,TP,5,2,1025,0,1,0.65,1.58,1.13,1.47,0.82,0.34,62,0,1.21,-1,-1,14,1.47
ARBUSDT,1,1.9,1,TP,23,5,357,0,4,0,1.45,0.5,0.46,0.71,0.4,81,0,1.36,-0.4,1,19,0.66
ARBUSDT,-1,1.9,1,TP,41,7,310,0,6,-0.39,0.87,0.6,0.69,0.35,0.43,118,0,0.29,-0.15,-1,20,0.39
ARBUSDT,-1,-2.1,0,SL,11,4,514,0,3,0.15,-0.19,0.36,1.29,0.52,0.35,69,0,1.48,-0.68,-1,23,0.51
ARBUSDT,1,-2.1,0,SL,30,13,465,0,12,0.39,1.03,0.58,0.84,0.41,0.48,84,0,1.25,0.11,1,8,0.44
ARBUSDT,1,1.9,1,TP,5,1,589,0,0,-3.69,5.24,2.11,2.11,0.65,0.66,36,0,0.66,0,1,15,0.73
ARBUSDT,1,1.9,1,TP,46,16,769,0,15,-0.32,3.99,6.72,1.03,0.55,0.38,1,0,1.59,0.62,1,12,0.63
ARBUSDT,-1,1.9,1,TP,7,4,177,0,3,-0.14,10.81,0.8,0.63,0.64,0.24,499,0,1.98,-0.77,-1,0,0.37
ARBUSDT,1,1.9,1,TP,4,10,86,0,9,-0.29,3.38,0.81,0.92,0.64,0.24,162,0,1.5,-0.48,1,19,0.6
ARBUSDT,1,1.9,1,TP,7,4,249,0,3,1.01,2.57,1.05,4.26,0.93,0.24,331,0,1.45,-2.55,1,11,3.07
ARBUSDT,1,-2.1,0,SL,12,9,90,0,8,-0.93,3.98,0.62,1.88,1.26,0.61,532,0,1.64,0.92,1,9,1.88
ARBUSDT,-1,1.9,1,TP,8,4,191,3,0,-2.38,0.63,1.21,1.21,0.61,1.24,117,0,1.78,1.31,-1,6,1.19
ARBUSDT,1,-2.1,0,SL,63,7,308,0,6,-0.08,0.23,1.26,1.1,0.49,0.47,292,0,0.41,-0.34,1,10,0.56
ARBUSDT,-1,1.9,1,TP,27,5,13,0,4,-0.45,2.92,3.14,0.8,0.6,0.62,45,1,1.77,-0.83,-1,8,0.44
ARBUSDT,-1,1.9,1,TP,8,3,281,0,2,-0.41,0.51,0.75,0.98,0.4,0.52,186,0,0.93,-0.11,-1,3,0.44
ARBUSDT,-1,-2.1,0,SL,13,8,155,0,7,0.02,1.63,5.85,1.55,1.27,1.84,253,1,3.11,-2.13,-1,3,1.46
ARBUSDT,1,1.9,1,TP,44,11,197,0,10,0.21,7.65,2.18,1.15,0.64,0.43,205,0,1.74,-1.05,1,18,0.69
ARBUSDT,-1,1.9,1,TP,19,1,255,0,0,-2.88,3.91,1.14,1.14,0.75,0.67,258,0,1.14,0,-1,15,1.12
ARBUSDT,-1,1.9,1,TP,11,8,622,0,7,-0.12,2.36,1.13,0.39,0.47,0.54,14,0,1.44,-0.15,-1,11,0.35
ARBUSDT,1,1.9,1,TP,20,1,143,0,0,-4.89,13.39,4.13,4.13,0.5,0.65,172,0,0.96,0,1,7,0.71
ARBUSDT,1,1.9,1,TP,3,6,249,0,5,-1.3,1.5,2.29,1.62,0.94,0.65,141,0,1.96,0.03,1,10,1.36
ARBUSDT,1,1.9,1,TP,106,15,433,0,14,-0.1,2.24,1.89,0.65,0.61,0.65,316,0,1.85,0.08,1,8,0.49
ARBUSDT,-1,-2.1,0,SL,98,4,354,0,3,-0.68,1.34,0.95,1.02,0.46,0.44,76,0,1.45,-0.29,-1,1,0.52
ARBUSDT,-1,1.9,1,TP,34,5,640,0,4,-0.01,4.07,3.03,2.68,0.42,0.44,361,0,1.16,-0.63,-1,0,0.68
ARBUSDT,-1,1.9,1,TP,39,13,869,0,12,-0.44,6.17,3.85,0.97,0.3,0.44,582,0,0.41,-0.14,-1,9,0.22
ARBUSDT,-1,-2.1,0,SL,30,12,1247,0,11,0.07,2.93,0.68,1.06,0.55,0.27,22,0,1.44,0.17,-1,8,0.64
ARBUSDT,-1,-2.1,0,SL,36,7,177,0,6,-0.34,7.52,1.24,1.66,0.41,0.54,229,1,1.13,-0.14,-1,5,0.96
ARBUSDT,-1,1.9,1,TP,11,1,270,0,0,-1.2,2.78,0.81,0.81,0.56,0.21,25,0,1.03,0,-1,4,0.81
ARBUSDT,-1,1.9,1,TP,24,6,613,0,5,-0.34,3.69,0.27,0.54,0.77,1.57,254,0,0.77,-0.16,-1,18,0.69
ARBUSDT,-1,1.9,1,TP,8,16,903,0,15,0.03,12.34,1.96,0.47,0.44,1.61,534,0,1.25,0.29,-1,18,0.38
ARBUSDT,1,-2.1,0,SL,100,8,214,0,7,-0.28,2.14,2.1,0.83,0.6,0.24,6,0,0.88,-0.51,1,15,0.85
ARBUSDT,1,1.9,1,TP,44,10,440,0,9,0.24,2.48,0.93,0.59,0.51,0.2,50,0,1.22,-0.18,1,10,0.42
ARBUSDT,1,1.9,1,TP,45,2,667,0,1,0.15,3.24,0.39,0.63,0.78,0.51,96,0,1.94,-0.56,1,19,0.77
ARBUSDT,1,1.9,1,TP,20,1,942,0,0,-2.59,0.59,1.17,1.17,0.71,0.41,178,0,0.74,0,1,16,0.49
ARBUSDT,1,-2.1,0,SL,18,12,1310,0,11,-0.06,1.34,2.28,0.92,1.09,0.5,159,0,1.88,-1.4,1,12,1.1
ARBUSDT,-1,-2.1,0,SL,75,16,330,0,15,-0.03,8.2,0.8,0.32,0.35,0.64,301,0,0.99,-0.06,-1,8,0.21
ARBUSDT,-1,1.9,1,TP,72,16,474,0,15,-0.2,7.05,1.73,0.52,0.54,0.65,445,0,1.28,-0.47,-1,20,0.42
ARBUSDT,-1,1.9,1,TP,14,1,1318,0,0,-2.54,3.56,1.86,1.86,1.16,0.37,68,0,2.28,0,-1,15,1.31
ARBUSDT,1,-2.1,0,SL,2,7,369,0,6,0.41,-0.71,0.71,2.23,0.99,0.21,144,0,1.18,-1.58,1,13,1.88
ARBUSDT,1,1.9,1,TP,50,1,275,0,0,-2.99,5.16,0.78,0.78,0.59,0.29,21,0,0.31,0,1,18,0.54
ARBUSDT,-1,1.9,1,TP,38,7,510,0,6,-0.27,43.62,1.2,0.55,0.38,0.65,576,0,1.12,0.06,-1,4,0.3
ARBUSDT,-1,1.9,1,TP,25,16,758,0,15,-0.15,4,0.68,0.32,0.54,0.34,12,0,0.97,-0.24,-1,18,0.52
ARBUSDT,-1,1.9,1,TP,6,1,1049,0,0,-1.62,1.8,0.45,0.45,0.93,0.82,48,1,1.21,0,-1,19,0.68
ARBUSDT,1,1.9,1,TP,52,8,76,0,7,0,2.39,0.54,0.35,0.55,0.31,85,0,1.54,-0.45,1,3,0.51
ARBUSDT,1,-2.1,0,SL,41,2,372,0,1,-0.15,2.36,0.52,0.41,0.47,0.27,91,0,0.47,-0.11,1,5,0.31
ARBUSDT,1,1.9,1,TP,4,1,115,0,0,-3.11,3.18,1.63,1.63,0.63,0.23,291,0,0.48,0,1,23,1.04
ARBUSDT,1,1.9,1,TP,19,1,677,0,0,-2.77,2.88,1.13,1.13,0.66,0.36,37,0,1.12,0,1,20,0.73
ARBUSDT,1,1.9,1,TP,33,1,817,0,0,-2.99,2.1,3.19,3.19,0.53,0.63,133,0,0.87,0,1,7,1.28
ARBUSDT,1,1.9,1,TP,8,11,160,0,10,-0.04,5.36,0.41,0.65,0.59,0.39,338,0,0.54,-0.39,1,8,0.37
ARBUSDT,1,1.9,1,TP,32,2,551,0,1,-0.25,15.6,0.65,1.17,0.44,0.38,738,0,0.6,-0.21,1,10,0.45
ARBUSDT,1,1.9,1,TP,15,11,737,0,10,-0.36,21.43,2.23,0.68,0.43,0.37,915,0,1.27,-0.17,1,9,0.47
ARBUSDT,-1,-2.1,0,SL,5,2,494,0,1,0.35,7.31,0.62,0.84,0.52,1.33,222,0,1.3,-0.31,-1,6,0.41
ARBUSDT,-1,1.9,1,TP,51,12,118,0,11,0.1,1.55,1.54,0.64,0.52,0.38,9,0,1.69,-0.81,-1,0,0.42
ARBUSDT,-1,-2.1,0,SL,28,6,401,0,5,0.05,2.39,4.4,0.77,0.87,0.36,136,0,2.04,-2.12,-1,22,1.21
ARBUSDT,-1,1.9,1,TP,17,7,134,0,6,0.39,0.32,1.58,1.53,1.25,0.77,3,0,3.2,-2.75,-1,16,1.6
ARBUSDT,1,1.9,1,TP,15,11,226,0,10,0.52,1.24,1.5,2.27,1.29,1,118,0,3.13,-1.75,1,19,2.4
ARBUSDT,1,1.9,1,TP,10,5,476,0,4,0.43,-1.6,1.1,0.65,1.13,1.04,86,0,0.7,-2.71,1,9,0.98
ARBUSDT,1,-2.1,0,SL,1,15,874,0,14,-0.56,2.02,2.89,1.15,1.67,1.29,165,0,4.52,2.04,1,13,2.79
ARBUSDT,1,1.9,1,TP,9,12,1047,0,11,-0.06,2.67,1.86,0.73,1.18,1.29,341,0,3.55,-1.67,1,8,0.85
ARBUSDT,1,1.9,1,TP,41,3,1268,0,2,-1.05,1.22,1.24,1.5,0.76,0.54,5,0,2.03,-1.02,1,15,1.12
ARBUSDT,1,1.9,1,TP,1,1,1574,0,0,-1.58,4.83,0.62,0.62,1.15,0.51,313,0,1.5,0,1,20,1.41
ARBUSDT,-1,-2.1,0,SL,13,5,175,0,4,-0.21,1.53,0.86,0.96,0.93,0.53,68,0,1.66,-0.83,-1,13,0.95
ARBUSDT,-1,1.9,1,TP,19,7,287,0,6,-0.01,1.34,1.28,0.52,1.1,0.53,178,0,1.34,-1.44,-1,17,0.95
ARBUSDT,-1,1.9,1,TP,9,1,657,0,0,-2.2,16,1.41,1.41,1.43,1.55,267,0,2.01,0,-1,13,1.51
ARBUSDT,-1,1.9,1,TP,14,8,562,0,7,-0.66,5.69,2.25,0.6,0.43,0.57,42,0,1.39,-0.06,-1,5,0.39
ARBUSDT,-1,-2.1,0,SL,19,5,458,0,4,0.25,6.65,0.63,1.03,0.5,1.09,178,1,1.52,-0.66,-1,11,0.56
ARBUSDT,1,1.9,1,TP,18,5,207,0,4,0.05,-0.26,0.64,0.96,0.65,0.45,75,0,1.77,-0.68,1,4,0.75
ARBUSDT,-1,1.9,1,TP,3,1,79,0,0,-3.55,5.53,4.26,4.26,0.95,0.48,288,0,2.33,0,-1,8,1.76
ARBUSDT,-1,-2.1,0,SL,9,17,152,0,16,-0.81,6.2,0.86,0.38,1.94,0.51,345,0,5.65,4.4,-1,2,1.86
ARBUSDT,-1,-2.1,0,SL,37,1,241,0,0,-2.15,5.11,1.31,1.31,1.29,0.82,31,0,4.01,0,-1,0,1.99
ARBUSDT,-1,1.9,1,TP,13,3,424,0,2,-0.4,1.69,0.56,1.26,0.64,0.66,41,0,1.7,-0.16,-1,22,0.68
ARBUSDT,-1,-2.1,0,SL,107,15,628,0,14,-0.39,3.76,0.98,0.67,0.65,0.67,233,0,1.62,0.71,-1,1,0.32
ARBUSDT,-1,1.9,1,TP,3,1,811,0,0,-4.35,7.43,7.09,7.09,0.67,0.69,430,0,1.18,0,-1,23,1.82
ARBUSDT,-1,1.9,1,TP,11,1,981,0,0,-0.88,18.87,0.29,0.29,0.77,0.75,600,0,2.25,0,-1,17,0.51
ARBUSDT,-1,-2.1,0,SL,8,13,252,0,12,0.35,5.37,0.9,0.63,1.38,1.97,132,0,2.67,-2.01,-1,10,1.69
ARBUSDT,-1,-2.1,0,SL,22,3,407,0,2,0.13,5.83,0.7,0.98,1.08,1.95,297,0,2.26,-1.27,-1,1,1.44
ARBUSDT,1,1.9,1,TP,20,2,110,0,1,-0.25,2.02,0.77,0.75,0.73,0.45,136,0,2.22,0.2,1,12,0.76
ARBUSDT,1,-2.1,0,SL,5,14,342,1,12,-3.48,3.04,0.37,4.71,1.01,0.58,23,0,1.93,4.67,1,22,3.7
ARBUSDT,-1,-2.1,0,SL,12,6,141,0,5,0.03,-0.27,0.88,1.08,0.7,0.44,106,0,1.68,-0.38,-1,5,0.99
ARBUSDT,-1,1.9,1,TP,22,15,251,0,14,0.27,0.88,1.61,1.29,0.92,0.45,207,0,2.1,0.42,-1,9,1.85
ARBUSDT,-1,1.9,1,TP,7,1,206,0,0,-0.73,9.22,1.21,1.21,0.63,0.42,241,0,0.72,0,-1,1,0.53
ARBUSDT,-1,1.9,1,TP,23,1,78,0,0,-1.11,2.73,0.52,0.52,0.49,1.36,350,0,1.54,0,-1,4,0.36
ARBUSDT,-1,-2.1,0,SL,16,6,520,0,5,-0.32,1.68,1.52,0.61,0.83,0.5,171,0,0.59,-1.87,-1,19,0.59
ARBUSDT,1,1.9,1,TP,35,13,2,0,12,0.23,1.4,1.08,0.8,0.49,0.49,204,0,1.62,-0.57,1,5,0.52
ARBUSDT,1,1.9,1,TP,16,11,157,0,10,-0.16,-0.38,1.39,0.68,0.58,0.57,120,0,1.62,-0.76,1,2,0.41
ARBUSDT,-1,-2.1,0,SL,29,10,218,0,9,0.12,0.49,0.98,1.14,0.39,0.71,413,1,0.64,-0.58,-1,20,0.3
ARBUSDT,-1,1.9,1,TP,9,5,539,0,4,-0.13,2.24,2.18,1.03,0.64,0.55,235,0,1.42,-0.92,-1,3,0.33
ARBUSDT,-1,-2.1,0,SL,5,5,768,0,4,-0.99,1.13,1.64,2.71,0.9,0.59,48,0,1.77,-1.23,-1,12,1.96
ARBUSDT,-1,1.9,1,TP,26,2,1176,0,1,-0.79,13.46,0.54,1.47,1.19,0.68,459,0,2.37,0.04,-1,18,1.43
ARBUSDT,1,1.9,1,TP,49,9,135,0,8,-0.71,4.65,1.14,0.74,0.57,0.24,21,0,1.77,-0.54,1,5,0.44
ARBUSDT,1,-2.1,0,SL,2,4,382,0,3,-0.19,10.71,1.04,1.22,0.73,0.23,273,0,1.62,-1.31,1,19,0.97
ARBUSDT,-1,1.9,1,TP,109,7,55,0,6,0.56,4.52,1.65,1.1,0.85,0.53,239,0,1.64,-1.63,-1,17,0.89
ARBUSDT,1,1.9,1,TP,53,19,1,5,13,-0.24,-1.81,5.69,2.32,0.52,0.41,0,0,1.42,1.26,1,13,1.33
ARBUSDT,-1,-2.1,0,SL,9,9,342,0,8,-0.1,3.76,1.42,0.56,1.18,0.86,286,0,2.15,-1.14,-1,21,1.18
ARBUSDT,1,1.9,1,TP,11,14,80,0,13,-0.08,6.69,3.95,1.41,0.59,0.4,279,0,1.51,-0.83,1,13,1.18
ARBUSDT,-1,1.9,1,TP,10,12,405,0,11,0.09,-1.04,4.74,0.79,1.16,0.43,104,0,2.49,-3.74,-1,2,2.06
ARBUSDT,-1,1.9,1,TP,7,16,763,0,15,-0.43,2.46,1.28,0.35,0.97,0.51,37,0,2.8,1.01,-1,20,1.03
ARBUSDT,1,1.9,1,TP,115,4,368,0,3,0.13,0.71,0.58,0.55,0.92,0.26,53,0,0.33,-0.78,1,18,0.95
ARBUSDT,1,1.9,1,TP,11,8,138,0,7,0.16,2.33,0.7,1.04,0.63,0.48,247,0,1.68,-0.36,1,14,0.87
ARBUSDT,1,1.9,1,TP,16,11,596,0,10,-0.95,11.21,2.07,1.45,0.71,0.68,228,0,1.77,0.17,1,8,0.78
ARBUSDT,1,1.9,1,TP,7,10,832,0,9,0.07,3.8,0.67,1.22,1.21,0.43,20,0,2.43,-1.36,1,19,0.86
ARBUSDT,1,1.9,1,TP,3,1,1266,0,0,-1.32,11.38,0.74,0.74,0.89,0.57,421,0,2.65,0,1,8,0.57
ARBUSDT,-1,1.9,1,TP,7,12,257,0,11,0.16,11.31,3.03,0.87,0.84,0.65,350,0,2.4,-1.22,-1,16,0.89
ARBUSDT,1,-2.1,0,SL,10,11,356,0,10,0.61,7.02,1.17,3.64,0.79,0.43,182,0,2.2,-1.11,1,5,0.98
ARBUSDT,-1,-2.1,0,SL,9,2,204,0,1,-0.48,4.99,0.66,0.65,0.86,0.88,70,0,1.55,0.24,-1,19,0.49
ARBUSDT,1,-2.1,0,SL,2,4,204,0,3,0.7,-2.6,1.45,7.45,1.49,1.62,93,0,2.45,-2.86,1,19,5.88
ARBUSDT,-1,-2.1,0,SL,22,2,184,0,1,-0.65,1.02,0.93,1.01,0.79,1.1,20,1,2.38,-0.21,-1,9,0.95
ARBUSDT,-1,1.9,1,TP,8,6,55,0,5,-0.2,2.31,1.61,0.71,0.76,0.39,69,0,2.3,-1.12,-1,18,0.72
ARBUSDT,-1,-1.162,0,TIMEOUT,44,8,185,0,7,0.61,4.2,2,1.98,0.52,0.84,106,0,1.09,-0.45,-1,16,1.1
ARBUSDT,-1,-2.1,0,SL,17,2,290,0,1,-0.66,2.48,0.7,0.69,0.37,0.39,37,0,0.97,-0.1,-1,19,0.39
ARBUSDT,1,1.9,1,TP,40,3,186,0,2,0.65,-0.42,0.64,1.01,0.75,0.65,59,0,1.58,-1.06,1,16,1.35
ARBUSDT,-1,-2.1,0,SL,43,1,820,0,0,-1.45,3.47,0.95,0.95,0.4,0.19,40,0,1.21,0,-1,7,0.53
ARBUSDT,-1,-2.1,0,SL,7,4,938,0,3,-2.33,5.05,0.47,1.58,0.51,0.27,55,0,0.59,0.77,-1,12,1.36
ARBUSDT,1,1.9,1,TP,2,1,111,0,0,-1.6,5.44,1.27,1.27,0.56,0.25,138,0,0.79,0,1,13,0.54
ARBUSDT,-1,1.9,1,TP,13,15,166,0,14,-0.2,5.01,0.78,0.46,0.6,0.26,405,0,1.81,0.81,-1,11,0.5
ARBUSDT,-1,1.9,1,TP,12,1,281,0,0,-3.28,6.2,1.27,1.27,1.09,0.27,534,0,1.67,0,-1,16,1.41
ARBUSDT,1,-2.1,0,SL,12,10,193,0,9,-0.72,3.95,3.69,1.52,1.18,0.4,26,0,1.82,-1.08,1,17,1.58
ARBUSDT,1,1.9,1,TP,11,1,195,0,0,-2.37,3.18,3.98,3.98,0.44,0.68,180,0,0.92,0,1,9,0.74
ARBUSDT,-1,1.9,1,TP,17,7,131,0,6,0.02,2.18,7.91,1.36,1.02,1.21,39,1,1.9,-2.41,-1,5,0.83
ARBUSDT,-1,-2.1,0,SL,5,5,336,0,4,-0.17,1.19,1.48,0.51,1.07,0.54,26,0,2.21,-1.57,-1,17,0.77
ARBUSDT,1,1.9,1,TP,30,7,193,0,6,-0.11,13.84,1.6,0.82,0.83,0.47,311,0,2.01,-0.37,1,17,0.84
ARBUSDT,-1,1.9,1,TP,34,4,714,0,3,-0.21,3.47,0.85,0.59,0.64,0.3,30,0,1.96,-0.56,-1,7,0.52
ARBUSDT,-1,-2.1,0,SL,3,17,866,0,16,-0.34,6.62,1.96,0.48,1.35,0.32,169,0,3.48,0.37,-1,21,2.02
ARBUSDT,1,1.9,1,TP,79,11,198,0,10,-0.59,2.42,1.38,0.21,0.7,0.46,81,0,1.83,-2.02,1,20,0.55
ARBUSDT,1,-2.1,0,SL,4,8,557,0,7,0.42,2.25,2.06,1.38,0.49,0.18,107,0,0.26,-0.18,1,14,0.69
ARBUSDT,-1,1.9,1,TP,2,1,2,0,0,-4.8,5.7,23.24,23.24,0.91,0.2,152,0,2.02,0,-1,0,4.31
ARBUSDT,1,-2.1,0,SL,17,8,1,7,0,-5.7,0.09,4.1,4.1,1.04,0.19,312,0,2.71,8.63,1,16,1.44
ARBUSDT,-1,-2.1,0,SL,7,6,189,0,5,1.08,-2.14,3.96,2.75,0.95,0.24,106,0,1.36,-3.05,-1,15,2.72
ARBUSDT,1,1.9,1,TP,112,10,4,0,9,-0.32,0.09,0.85,0.99,0.55,0.52,179,0,1.75,0.24,1,11,0.47
ARBUSDT,1,-2.1,0,SL,5,4,235,0,3,0.01,2.92,2.01,2.11,1.28,0.45,116,0,1.67,-2.71,1,20,2.25
ARBUSDT,-1,-2.1,0,SL,27,1,144,0,0,-4.94,2.33,4.38,4.38,1,0.6,101,0,1.21,0,-1,15,2.93
ARBUSDT,-1,1.9,1,TP,5,1,74,0,0,-3.19,2.43,0.61,0.61,1.33,0.51,81,0,1.79,0,-1,16,0.96
ARBUSDT,-1,-2.1,0,SL,13,4,247,0,3,0.02,0.94,0.74,0.53,0.49,0.76,85,0,1.53,-0.62,-1,11,0.41
ARBUSDT,-1,1.9,1,TP,13,11,384,0,10,-0.09,5.18,0.89,0.35,1.18,0.51,9,0,3.4,-0.68,-1,21,0.9
ARBUSDT,-1,1.9,1,TP,27,11,153,1,9,-0.12,0.1,0.45,0.86,0.52,0.54,119,0,1.41,0.05,-1,8,0.54
ARBUSDT,-1,-2.1,0,SL,19,5,261,0,4,-0.29,0.89,0.73,0.87,0.55,0.54,232,0,1.5,0.05,-1,11,0.65
ARBUSDT,-1,-2.1,0,SL,1,9,417,0,8,1.9,-2.92,2.01,1.65,0.74,0.53,384,0,0.59,-2.82,1,2,2.11
ARBUSDT,1,-2.1,0,SL,18,4,266,0,3,-0.26,9.98,0.96,0.82,0.57,0.51,689,0,1.43,-0.6,1,5,0.61
ARBUSDT,-1,1.9,1,TP,80,5,249,2,2,-0.78,-0.52,0.66,0.77,0.37,0.39,106,0,1.11,-0.15,-1,1,0.39
ARBUSDT,1,-2.1,0,SL,2,12,131,0,11,1.55,6.54,1.32,3.8,0.6,0.32,281,0,1.56,-1.81,1,23,1.66
ARBUSDT,-1,1.9,1,TP,20,9,321,0,8,-0.59,0.16,3,0.81,0.69,1.05,48,1,2.12,-0.67,-1,9,0.5
ARBUSDT,-1,1.9,1,TP,16,14,984,0,13,-0.2,2.89,0.4,0.56,0.56,0.36,5,0,1.65,-0.36,-1,7,0.42
ARBUSDT,-1,1.9,1,TP,1,2,1621,0,1,0.18,1.06,0.86,0.65,1.44,0.77,30,0,2.64,-2.75,-1,22,2.75
ARBUSDT,-1,1.9,1,TP,47,8,1990,0,7,0.24,2.24,2.6,1.45,0.68,0.6,99,0,1.03,-1.82,-1,18,1.19
ARBUSDT,-1,-2.1,0,SL,26,11,2144,0,10,-0.07,8.86,0.82,1.12,0.67,0.55,126,0,2.05,-0.55,-1,9,0.82
ARBUSDT,-1,-2.1,0,SL,37,1,189,0,0,-1.64,3.76,0.75,0.75,0.73,0.88,116,0,2.22,0,-1,6,0.77
ARBUSDT,1,1.9,1,TP,12,1,149,0,0,-2.82,3.77,2.42,2.42,0.82,0.48,93,0,1.97,0,1,4,0.87
ARBUSDT,1,-2.1,0,SL,5,2,89,0,1,0.64,0.64,0.93,0.63,0.93,0.79,63,1,2.67,-1.08,-1,5,1.19
ARBUSDT,1,1.9,1,TP,22,6,299,0,5,-0.19,2.29,1.78,1.07,0.97,0.96,170,0,2.2,-1.14,1,10,0.96
ARBUSDT,1,1.9,1,TP,5,1,136,0,0,-1.58,0.83,3.16,3.16,0.71,0.39,112,0,1.61,0,1,0,1.38
ARBUSDT,-1,1.9,1,TP,19,14,340,0,13,-0.33,3.36,15.69,0.52,0.74,0.31,1,0,2.01,-1.68,-1,3,1.14
ARBUSDT,-1,1.9,1,TP,40,10,260,0,9,-0.64,1.01,0.98,0.62,0.44,0.44,44,0,1.34,-0.45,-1,2,0.44
ARBUSDT,-1,-2.1,0,SL,63,6,168,0,5,-0.23,-1.04,0.71,10.34,0.42,0.33,443,0,0.6,-0.33,-1,3,0.87
ARBUSDT,1,1.9,1,TP,5,1,169,0,0,-2.64,7.84,1.61,1.61,0.71,0.31,356,0,0.39,0,1,20,0.93
ARBUSDT,-1,-1.627,0,TIMEOUT,48,3,207,0,2,0.75,-0.27,0.75,1.22,0.67,0.36,72,0,1.76,-1,-1,16,1.08
ARBUSDT,-1,-2.1,0,SL,14,15,190,0,14,0.25,3.3,1.5,0.54,0.66,0.8,108,0,1.73,-0.73,-1,23,0.72
ARBUSDT,1,-2.1,0,SL,2,4,80,0,3,0.3,-1.77,1,2.02,0.72,0.79,287,0,1.15,-1.71,1,17,1.03
ARBUSDT,1,-2.1,0,SL,47,14,340,0,13,-0.68,2.81,1.57,0.48,0.49,0.3,60,0,1.44,0.15,1,10,0.38
ARBUSDT,1,-2.1,0,SL,29,3,400,0,2,-0.8,1.03,1.17,1.25,0.74,0.49,52,0,1.96,-0.21,1,13,1.18
ARBUSDT,-1,1.9,1,TP,7,1,77,0,0,-2.91,5.52,1.65,1.65,0.82,0.37,150,0,1.25,0,-1,13,0.67
ARBUSDT,-1,1.9,1,TP,23,9,244,0,8,-0.17,4.21,0.43,1.51,0.66,0.23,129,0,1.92,0.08,-1,7,1.09
ARBUSDT,-1,1.9,1,TP,18,14,483,0,13,-0.35,1.44,0.29,0.86,0.47,0.25,43,0,1.42,0.42,-1,19,0.42
ARBUSDT,-1,1.9,1,TP,3,14,979,0,13,-0.12,1.59,0.89,0.3,0.69,0.36,137,0,2.17,-1.01,-1,23,0.54
ARBUSDT,-1,1.9,1,TP,22,17,1143,0,16,-0.42,4.85,1.5,0.8,0.54,0.19,12,0,1.49,0.28,-1,16,0.75
ARBUSDT,-1,-2.1,0,SL,2,7,135,0,6,0.7,5.37,1.7,2.17,0.92,0.87,160,1,2.11,-1.17,-1,15,1.83
ARBUSDT,-1,1.9,1,TP,19,10,305,0,9,-0.26,2.59,3.94,1.03,0.49,0.48,146,0,1.44,-0.49,-1,9,0.58
ARBUSDT,-1,-2.1,0,SL,8,9,425,0,8,0.14,5.21,1.82,1.31,0.86,0.5,267,0,2.36,-0.2,-1,15,1.7
ARBUSDT,-1,1.9,1,TP,8,7,663,0,6,-0.09,1.12,0.94,0.8,1.66,1.21,20,0,4.11,-0.44,-1,3,1.86
ARBUSDT,-1,-2.1,0,SL,2,11,1148,6,4,-0.67,-0.72,0.59,0.69,0.69,0.62,117,0,2.12,0.37,-1,4,0.5
ARBUSDT,1,1.9,1,TP,18,13,295,0,12,-0.23,4.67,2.61,0.45,0.71,0.31,12,0,0.77,-0.27,1,1,0.8
ARBUSDT,1,-2.1,0,SL,13,13,503,0,12,-0.41,3.85,2.5,0.81,0.76,0.34,9,0,1.88,-1.62,1,5,0.77
ARBUSDT,1,-2.1,0,SL,5,4,687,0,3,0.55,-1.1,0.91,5.45,0.75,0.35,202,0,0.31,-1.12,1,3,1.78
ARBUSDT,-1,-2.1,0,SL,25,4,3,0,3,-0.08,3.18,1.46,0.76,0.7,0.36,222,0,2.12,-1.17,-1,8,0.44
ARBUSDT,-1,-2.1,0,SL,4,9,259,0,8,-0.06,1.06,0.64,1.16,0.55,0.73,186,1,1.6,-0.35,-1,0,0.55
ARBUSDT,-1,1.9,1,TP,19,11,358,0,10,-0.51,-0.24,1.63,0.76,0.55,0.72,283,1,0.8,-0.65,-1,1,0.39
ARBUSDT,-1,1.9,1,TP,1,1,600,0,0,-3.32,16.6,4.1,4.1,0.7,0.81,535,1,1.45,0,-1,13,3.16
ARBUSDT,-1,-2.1,0,SL,105,12,837,0,11,-0.58,2.26,0.65,1.48,0.47,0.16,44,0,1.44,-0.03,-1,0,0.42
ARBUSDT,1,1.9,1,TP,2,3,116,0,2,0.95,-1.84,1.24,12.04,0.61,0.25,26,0,1.29,-1.05,1,1,2.91
ARBUSDT,1,-2.1,0,SL,37,8,593,0,7,0.84,2.12,1.78,1.42,0.62,0.34,326,0,0.57,-1.03,1,0,1.54
ARBUSDT,-1,-2.1,0,SL,6,10,7,0,9,0.23,1.16,13.26,1.1,0.66,0.35,380,0,1.82,-1.07,-1,14,1.12
ARBUSDT,-1,1.9,1,TP,63,7,69,0,6,-0.55,-1.1,0.91,1.33,0.57,0.42,29,0,1.22,-0.31,-1,5,0.43
ARBUSDT,-1,-2.1,0,SL,14,9,157,0,8,-0.36,2.98,3.78,0.87,0.66,0.34,41,0,2.01,-1.14,-1,9,0.77
ARBUSDT,-1,-1.75,0,TIMEOUT,120,4,481,0,3,-0.67,2.4,0.5,0.74,0.52,0.49,82,0,0.84,0.14,-1,18,0.78
ARBUSDT,-1,-2.1,0,SL,16,9,631,0,8,-0.07,2.42,0.53,0.45,0.62,0.35,130,0,1.72,-0.84,-1,7,0.46
ARBUSDT,1,-2.1,0,SL,23,9,108,0,8,-0.15,0.54,0.85,1.44,0.63,0.39,109,0,1.61,-0.2,1,17,0.97
ARBUSDT,-1,1.9,1,TP,59,6,673,0,5,-0.25,2.55,0.71,1,0.4,0.18,16,0,1.21,-0.14,-1,16,0.36
ARBUSDT,1,1.9,1,TP,16,11,176,0,10,0.21,1.17,0.51,0.79,0.45,0.28,3,1,1.27,-0.01,1,22,0.83
OPUSDT,1,-2.1,0,SL,1,9,274,0,8,0.81,1.37,1.74,1.93,1.93,1.01,56,0,5.37,-4.41,1,10,3.09
OPUSDT,-1,-2.1,0,SL,2,1,139,0,0,-2.63,4.25,1,1,2.29,1.92,147,0,5.18,0,-1,2,1.15
OPUSDT,-1,1.9,1,TP,1,1,558,0,0,-2.74,4.98,1.73,1.73,2.15,2.91,250,0,5.98,0,-1,11,2.65
OPUSDT,-1,1.9,1,TP,2,9,1043,0,8,-0.08,0.66,1.23,1.46,2.18,1.35,249,0,6.3,-2.88,-1,12,3.87
OPUSDT,1,1.9,1,TP,7,9,196,0,8,-0.48,10.57,2.11,0.74,1.73,1.15,391,0,5.12,0.18,1,10,1.68
OPUSDT,-1,-2.1,0,SL,7,9,252,2,6,0.08,-1.82,1.46,1.19,1.77,3.43,92,2,2.69,-0.93,-1,9,1.57
OPUSDT,1,1.9,1,TP,20,3,186,0,2,-0.6,1.85,0.91,0.51,1.11,0.81,206,0,0.78,-0.42,1,19,0.9
OPUSDT,-1,-2.1,0,SL,9,6,409,0,5,-0.22,0.78,0.89,1.5,1.08,0.33,63,0,3.03,-1.56,-1,12,2.03
OPUSDT,1,1.9,1,TP,3,17,681,0,16,-0.28,5.85,1.51,0.53,1.72,1.3,70,0,5.08,-0.08,1,23,1.29
OPUSDT,1,1.9,1,TP,4,10,297,0,9,-0.41,1.61,2.13,0.84,1.35,1.12,256,0,3.98,-1.58,1,15,1.54
OPUSDT,1,-2.1,0,SL,8,15,471,0,14,-0.77,2.75,0.71,1.11,1.07,1.37,79,1,2.97,1.96,1,11,1.23
OPUSDT,-1,-2.1,0,SL,2,7,157,0,6,-0.28,4.18,4.88,1.41,1.81,1.36,133,0,5.14,-1.65,-1,0,2.34
OPUSDT,-1,1.9,1,TP,11,5,430,0,4,-0.11,1.88,0.71,0.63,0.82,1.36,199,0,2.57,-0.74,-1,20,0.67
OPUSDT,-1,-2.1,0,SL,30,7,701,0,6,-1.06,7.42,0.69,0.9,1.15,0.97,254,0,2.92,0.57,-1,16,1.53
OPUSDT,-1,1.9,1,TP,5,1,1082,0,0,-1.51,1.33,1.34,1.34,1.36,1.98,2,1,3.86,0,-1,15,1.29
OPUSDT,-1,1.9,1,TP,10,5,1252,0,4,-0.11,2.23,0.42,0.52,1.27,2,168,1,3.1,-1.15,-1,10,1.06
OPUSDT,1,1.9,1,TP,22,17,183,0,16,0.77,8.53,1.65,1.21,1.22,0.76,293,0,3.3,-2.76,1,6,1.27
OPUSDT,1,-2.1,0,SL,5,14,353,0,13,0,10.41,0.53,1.01,1.13,0.75,466,0,3.28,-0.37,1,1,1.1
OPUSDT,-1,1.9,1,TP,7,16,295,0,15,-0.05,17.73,0.41,2.16,1.16,0.4,379,0,3.28,0.25,-1,0,2.18
OPUSDT,-1,1.9,1,TP,3,1,549,0,0,-1.94,4.57,1.14,1.14,0.67,0.43,139,0,2.01,0,-1,15,0.66
OPUSDT,-1,1.9,1,TP,5,7,1027,0,6,0.44,0.21,2.79,1.28,1.16,1.07,430,0,1.89,-2.69,-1,15,1.43
OPUSDT,-1,1.9,1,TP,60,7,356,0,6,-0.29,3.38,1.02,0.6,0.49,0.3,42,0,1.44,0.21,-1,19,0.35
OPUSDT,-1,-2.1,0,SL,59,1,704,0,0,-2.12,0.38,1.91,1.91,0.46,0.77,236,0,1.31,0,-1,10,0.59
OPUSDT,-1,1.9,1,TP,172,6,868,0,5,-0.14,1.36,1.56,0.82,0.37,0.78,395,0,1.19,-0.38,-1,3,0.26
OPUSDT,-1,1.9,1,TP,8,17,1196,0,16,-0.17,5.24,1.47,1.31,0.35,0.14,78,0,1.06,-0.4,-1,13,0.48
OPUSDT,1,-2.1,0,SL,19,16,659,0,15,-0.21,3.53,0.43,0.44,1.51,0.84,173,0,4.58,3.57,1,19,0.85
OPUSDT,1,-2.1,0,SL,8,10,451,0,9,0,-0.18,2.99,1.28,1.42,0.54,188,0,3.16,-4.61,1,22,2.07
OPUSDT,-1,-2.1,0,SL,4,15,7,0,14,-0.36,6.6,2.99,1.1,2.04,0.61,217,0,5.9,2.39,-1,6,1.22
OPUSDT,-1,1.9,1,TP,2,3,301,0,2,-0.64,2.19,1.88,2.31,1,0.96,343,0,2.9,0,-1,13,1.57
OPUSDT,-1,1.9,1,TP,31,1,681,0,0,-2.04,3.87,0.74,0.74,0.92,0.98,725,0,0.52,0,-1,12,0.63
OPUSDT,1,-2.1,0,SL,35,15,278,0,14,0.78,6.69,0.86,1.85,0.54,0.34,522,0,1.51,-0.68,1,6,1.26
OPUSDT,-1,-2.1,0,SL,18,14,147,0,13,0.34,4.96,5,0.98,0.89,0.63,161,0,1.75,-1.86,-1,10,1.37
OPUSDT,-1,-2.1,0,SL,14,2,333,0,1,0.12,0.62,0.63,0.77,0.81,0.36,50,0,2.08,-0.75,-1,6,1.07
OPUSDT,-1,1.9,1,TP,110,7,157,0,6,0.23,-1.77,0.86,1.09,0.41,0.41,123,0,0.22,-0.81,-1,7,0.37
OPUSDT,-1,1.9,1,TP,21,8,501,0,7,-0.3,2.09,0.29,0.35,0.48,0.4,11,0,0.35,0.05,-1,21,0.37
OPUSDT,1,1.9,1,TP,6,1,469,0,0,-4.47,6.64,3.45,3.45,1.07,0.61,12,0,1.01,0,1,16,2.81
OPUSDT,1,-2.1,0,SL,7,15,995,0,14,-0.29,3.75,8.2,0.53,1.32,1.71,150,2,3.91,-2.31,1,4,1.03
OPUSDT,1,-2.1,0,SL,8,12,343,0,11,-0.05,0.93,3.57,0.42,1.3,0.79,192,0,3.3,-3.47,1,7,0.9
OPUSDT,1,-2.1,0,SL,13,13,201,0,12,0.17,8.78,0.49,1.22,1.59,0.62,215,0,4.01,-1.11,1,20,1.54
OPUSDT,1,-2.1,0,SL,13,7,472,0,6,0.18,2.01,0.84,0.61,1.38,0.54,102,0,0.53,-2.31,1,18,1.18
OPUSDT,-1,1.9,1,TP,1,1,393,0,0,-3.75,24,2.93,2.93,1.03,1.07,571,0,2.24,0,-1,21,2.08
OPUSDT,1,-2.1,0,SL,23,2,312,0,1,-0.53,19.4,0.71,0.51,1.18,0.37,380,0,3.28,0.57,1,1,1.18
OPUSDT,-1,1.9,1,TP,18,9,145,0,8,-0.15,5.64,1.41,1.33,0.71,2.56,639,0,2.15,-0.27,-1,7,0.68
OPUSDT,-1,1.9,1,TP,4,6,206,0,5,-0.72,5.23,0.28,0.52,1.91,0.46,223,0,4.05,-0.69,-1,0,1.56
OPUSDT,1,-2.1,0,SL,14,6,175,0,5,0.47,1.29,0.85,1.63,1.45,0.6,17,0,3.04,-2.02,1,20,2.53
OPUSDT,-1,1.9,1,TP,8,3,210,1,1,-0.01,4.08,0.27,0.65,1.34,0.64,323,0,2.56,0.21,-1,0,1.09
OPUSDT,-1,1.9,1,TP,13,7,629,0,6,-0.14,5.96,1.27,1.38,0.68,0.64,270,0,2.02,-0.58,-1,8,0.71
OPUSDT,1,-2.1,0,SL,10,15,186,3,11,-0.53,0.5,0.75,0.57,0.98,0.61,632,0,2.93,1.04,1,4,0.8
OPUSDT,-1,-2.1,0,SL,17,3,122,0,2,-0.43,12.41,0.93,1.47,0.56,0.66,1028,0,1.84,-0.49,-1,5,0.66
OPUSDT,-1,-1.425,0,TIMEOUT,84,17,228,0,16,0.81,6.36,1.21,1.42,0.33,0.63,1469,0,0.96,-0.51,-1,23,0.48
OPUSDT,-1,-1.854,0,TIMEOUT,30,4,371,0,3,0.21,3.46,0.66,1.23,0.37,0.49,37,0,0.31,-0.29,-1,10,0.42
OPUSDT,1,-2.1,0,SL,24,15,477,3,11,0.14,-1.5,1.77,0.88,0.57,0.52,217,0,1.67,-0.57,1,9,0.49
OPUSDT,-1,1.9,1,TP,40,17,384,0,16,-0.02,2.85,2.09,0.61,0.53,0.49,2,0,1.43,-0.31,-1,6,0.47
OPUSDT,-1,-2.1,0,SL,17,9,619,0,8,0.1,4.89,1.22,0.73,0.58,0.49,245,0,0.45,-0.31,-1,16,0.67
OPUSDT,-1,-2.1,0,SL,1,1,319,0,0,-5.22,3.83,5.07,5.07,1.23,0.85,148,0,1.45,0,-1,1,6.56
OPUSDT,-1,1.9,1,TP,18,1,615,0,0,-1.41,14.42,1,1,0.7,0.9,444,0,2.04,0,-1,3,0.57
OPUSDT,1,-2.1,0,SL,10,16,270,0,15,-0.36,4.15,3.09,0.57,0.86,0.34,122,0,2.52,-0.27,1,5,0.52
OPUSDT,-1,1.9,1,TP,20,15,191,0,14,-0.13,2.28,0.92,0.54,0.51,0.42,39,0,1.54,0.04,-1,19,0.28
OPUSDT,-1,-1.198,0,TIMEOUT,59,4,307,0,3,-0.26,0.87,1.4,1.21,0.28,0.61,117,1,0.87,-0.23,-1,12,0.22
OPUSDT,-1,-2.1,0,SL,36,6,120,0,5,0.26,9.14,2.09,0.71,0.64,0.37,166,0,1.91,-0.85,-1,3,0.46
OPUSDT,-1,1.9,1,TP,19,17,684,0,16,0.25,5.12,4.1,0.34,0.94,0.92,11,0,2.8,-2.64,-1,0,0.82
OPUSDT,-1,-2.1,0,SL,9,7,836,0,6,-0.1,-0.94,0.76,5.92,0.67,0.62,173,0,1.32,-0.06,-1,14,2.74
OPUSDT,1,-2.1,0,SL,13,11,343,0,10,0.17,0.31,2.02,0.62,1.19,0.42,116,0,2.35,-2.2,1,18,1.15
OPUSDT,-1,-2.1,0,SL,33,1,194,0,0,-1.51,2.9,0.43,0.43,1.11,0.69,202,0,2.38,0,-1,17,0.47
OPUSDT,-1,1.9,1,TP,21,1,319,0,0,-1.92,3.95,2.79,2.79,0.75,1.21,43,1,1.63,0,-1,0,1.48
OPUSDT,1,1.9,1,TP,15,2,257,0,1,0.01,1.76,0.77,1.22,0.57,0.52,54,0,1.76,-0.19,1,5,0.48
OPUSDT,-1,1.9,1,TP,29,7,141,0,6,-0.24,2.8,2.14,0.69,1.02,0.34,10,0,2.03,-2.46,-1,15,0.81
OPUSDT,-1,-2.1,0,SL,16,6,355,0,5,0.28,8.64,1.58,0.64,0.46,0.35,225,0,1.24,-0.94,-1,21,0.51
OPUSDT,1,1.9,1,TP,17,4,86,3,0,-2.35,0.3,0.76,0.76,0.43,0.51,83,0,1.33,0.53,1,9,0.38
OPUSDT,1,1.9,1,TP,5,1,533,0,0,-2.31,9.41,1.39,1.39,0.79,0.63,359,0,2.17,0,1,1,0.99
OPUSDT,1,1.9,1,TP,12,8,655,0,7,0.03,7.94,1.2,1.07,0.74,0.64,474,0,1.24,-1.15,1,7,1.26
OPUSDT,1,1.9,1,TP,7,10,985,0,9,0.09,1.39,1.71,1.36,0.52,0.71,280,0,1.5,-0.5,1,18,0.69
OPUSDT,1,1.9,1,TP,47,7,538,0,6,0.14,1,4.54,0.83,0.83,0.71,90,0,0.92,-2.37,1,1,0.77
OPUSDT,1,1.9,1,TP,63,4,954,0,3,-0.02,1.81,0.6,1.01,0.38,0.28,87,0,1.17,-0.17,1,9,0.37
OPUSDT,-1,1.9,1,TP,129,15,266,0,14,-0.38,3.4,0.52,1.02,0.33,0.35,15,0,1.02,-0.11,-1,7,0.28
OPUSDT,-1,1.9,1,TP,23,16,1,0,15,-0.03,7.36,1.82,0.65,0.69,0.37,132,0,2.12,-1.13,-1,8,0.92
OPUSDT,-1,-1.642,0,TIMEOUT,72,11,428,0,10,0.26,0.17,1.01,0.75,0.44,0.45,280,0,0.82,-0.19,-1,5,0.26
OPUSDT,-1,-2.1,0,SL,4,11,571,0,10,-0.58,1.36,2.97,0.47,0.45,0.45,423,0,0.91,-0.17,-1,16,0.37
OPUSDT,-1,1.9,1,TP,45,13,750,0,12,-0.14,0.87,1.1,0.93,0.34,0.43,2,1,1.03,-0.24,-1,13,0.56
OPUSDT,1,1.9,1,TP,34,1,77,0,0,-2.62,5.48,0.95,0.95,0.36,0.29,155,0,1.11,0,1,7,0.21
OPUSDT,-1,1.9,1,TP,190,7,202,0,6,-0.27,7.17,3.08,0.94,0.61,0.31,210,0,1.26,-0.4,-1,17,0.86
OPUSDT,-1,1.9,1,TP,99,1,457,0,0,-0.99,3.33,0.8,0.8,0.37,0.24,69,0,1.06,0,-1,8,0.27
OPUSDT,-1,1.9,1,TP,9,4,836,0,3,0.13,1.92,0.76,0.75,0.35,0.63,113,0,1.08,-0.38,-1,7,0.19
OPUSDT,-1,-0.674,0,TIMEOUT,96,3,1082,0,2,-0.24,-0.28,0.49,1.58,0.24,0.32,95,0,0.45,-0.34,-1,21,0.44
OPUSDT,1,1.9,1,TP,7,1,345,0,0,-3.6,6.12,5.76,5.76,0.96,0.21,97,0,2.02,0,1,22,2.23
OPUSDT,1,1.9,1,TP,29,7,446,0,6,0.2,20.49,0.75,1.15,0.54,0.58,501,0,1.21,-0.52,1,19,0.53
OPUSDT,1,1.9,1,TP,18,5,791,0,4,-0.35,25.05,1.75,2.23,0.83,0.52,848,0,2.29,-1.69,1,9,1.53
OPUSDT,1,1.9,1,TP,2,2,1056,0,1,0.02,1.64,0.84,0.75,0.83,0.93,56,0,1.67,-0.14,1,3,0.65
OPUSDT,1,-2.1,0,SL,15,7,314,5,1,-0.91,0.16,1.25,2.09,0.43,0.47,151,0,0.34,0.4,1,12,0.51
OPUSDT,-1,1.9,1,TP,3,1,423,0,0,-1.8,6.69,1.49,1.49,0.56,0.27,265,0,0.83,0,-1,17,1.03
OPUSDT,1,1.9,1,TP,6,7,141,0,6,-0.4,2,0.58,1.2,0.64,0.26,501,0,1.45,0.01,1,5,0.41
OPUSDT,1,1.9,1,TP,13,11,299,0,10,0.03,-1.06,2.37,0.4,0.97,1.16,126,0,2.73,-2.24,1,21,0.64
OPUSDT,1,1.9,1,TP,1,1,468,0,0,-4.53,1.37,7.1,7.1,0.89,1.43,143,1,1.09,0,1,15,3.76
OPUSDT,1,1.9,1,TP,8,7,720,0,6,0.07,17.2,1.08,0.78,0.88,1.23,389,1,2.69,-1.43,1,6,0.84
OPUSDT,1,1.9,1,TP,3,10,844,0,9,-0.21,3.9,1.15,0.76,1.93,1.55,21,0,4.23,-0.91,1,13,1.66
OPUSDT,1,-2.1,0,SL,16,17,1116,6,10,-0.45,-0.14,3.4,0.64,0.89,0.77,127,0,0.82,1.34,1,9,0.55
OPUSDT,-1,1.9,1,TP,17,7,190,0,6,-0.19,6.42,0.7,1.06,0.7,0.79,46,0,2.03,-0.87,-1,9,0.57
OPUSDT,-1,1.9,1,TP,15,9,151,0,8,0,9.29,0.54,0.79,1.2,0.81,307,0,2.57,-1.95,-1,6,1.03
OPUSDT,-1,1.9,1,TP,4,1,409,0,0,-3.88,5.32,3.22,3.22,1.28,0.56,202,0,2.42,0,-1,23,3.14
OPUSDT,1,-2.1,0,SL,2,15,108,0,14,-0.64,3.07,1.12,0.33,2.5,0.68,39,0,4.3,1.84,1,2,1.91
OPUSDT,-1,1.9,1,TP,34,10,284,0,9,-0.04,1.57,0.87,0.77,0.8,0.97,195,0,2.42,-0.72,-1,18,0.74
OPUSDT,-1,1.9,1,TP,16,3,672,0,2,0.14,-0.24,0.59,0.72,0.52,0.6,148,1,1.58,-0.69,-1,19,0.51
OPUSDT,-1,-2.1,0,SL,3,5,1043,0,4,0.07,1.58,0.96,0.65,0.78,0.29,66,0,2.08,-1.07,-1,16,0.6
OPUSDT,1,1.9,1,TP,4,10,372,0,9,-0.04,4.9,1.06,0.9,0.7,0.52,26,0,2.09,-0.24,1,0,0.85
OPUSDT,-1,-2.1,0,SL,57,8,347,0,7,0.02,2.8,0.95,1.31,0.37,0.52,136,0,0.81,-0.37,-1,1,0.41
OPUSDT,1,-2.1,0,SL,22,1,210,0,0,-3.78,5.31,3.69,3.69,1.06,0.89,84,0,2.48,0,1,17,2.31
OPUSDT,1,1.9,1,TP,12,2,391,0,1,1.12,3.42,0.94,4.19,0.82,0.92,264,0,1.75,-1.97,1,14,2.58
OPUSDT,1,1.9,1,TP,12,3,541,2,0,-5.46,1.98,10.42,10.42,0.63,0.76,108,0,1.42,2.86,1,3,3.01
OPUSDT,1,1.9,1,TP,12,1,668,0,0,-1.47,2.05,0.7,0.7,0.82,0.38,74,0,1.49,0,1,11,1.28
OPUSDT,1,1.9,1,TP,46,13,865,0,12,0.17,2.34,1.55,1.08,0.62,1.08,81,0,1.82,-0.58,1,12,0.74
OPUSDT,1,1.9,1,TP,1,7,197,0,6,0.63,1.22,5.19,1.67,2.1,0.76,18,0,2.67,-6.87,1,15,4.94
OPUSDT,-1,1.9,1,TP,15,8,113,0,7,0.21,2.6,2.22,1.62,0.8,0.8,222,0,2.36,-1.27,-1,18,1.44
OPUSDT,1,1.9,1,TP,19,3,133,0,2,-1.01,1.02,0.4,1.16,0.71,0.28,11,0,1.71,0.24,1,21,0.74
OPUSDT,1,1.9,1,TP,4,2,301,0,1,-0.34,0.67,0.72,0.66,1.01,0.28,180,0,1.48,-0.13,1,15,0.94
OPUSDT,1,1.9,1,TP,22,6,345,0,5,0.22,1.22,1.02,1.49,1.44,0.28,220,0,2.3,-3.55,1,2,1.65
OPUSDT,1,1.9,1,TP,36,4,554,0,3,0.02,1.12,0.82,0.48,0.79,0.28,431,0,1.52,-0.93,1,7,0.72
OPUSDT,1,-2.1,0,SL,1,1,832,0,0,-4.37,7,5.52,5.52,1.67,0.25,712,0,1.43,0,1,4,4.88
OPUSDT,-1,1.9,1,TP,5,17,71,0,16,0.63,5.37,0.57,1.28,0.76,0.5,368,0,2.34,0.72,-1,11,0.92
OPUSDT,-1,-2.1,0,SL,4,4,223,1,2,0.32,4.28,1.45,2.88,0.62,0.72,61,0,1.83,0.1,-1,1,1.24
OPUSDT,1,1.9,1,TP,6,4,120,0,3,-0.11,-1.42,2.27,1.78,0.92,0.51,449,0,2.64,-1.46,1,8,1.65
OPUSDT,1,1.9,1,TP,6,1,320,0,0,-3.77,1.01,2.34,2.34,0.87,0.5,652,0,1.21,0,1,10,1.07
OPUSDT,-1,1.9,1,TP,9,1,373,0,0,-1.42,3.73,0.91,0.91,0.42,0.37,129,0,1.24,0,-1,3,0.47
OPUSDT,-1,1.9,1,TP,6,8,747,0,7,-0.05,1.44,0.45,0.51,0.62,0.76,214,0,1.81,-0.16,-1,0,0.68
OPUSDT,-1,1.9,1,TP,2,10,271,0,9,-0.49,5.89,1.31,0.83,0.96,0.43,125,0,2.38,0.64,-1,16,1.04
OPUSDT,-1,-2.1,0,SL,13,6,889,0,5,-0.02,1.35,3.66,1.06,1.31,2.2,505,0,3.13,-2.81,-1,3,1.46
OPUSDT,1,1.9,1,TP,9,15,165,0,14,0.02,13.49,2.22,0.7,0.8,0.84,214,1,2.39,0.34,1,8,0.72
OPUSDT,1,1.9,1,TP,15,4,356,0,3,-0.09,19.28,0.65,0.79,0.59,0.84,416,1,1.81,-0.48,1,7,0.34
OPUSDT,-1,1.9,1,TP,8,1,84,0,0,-2.83,5.09,1.11,1.11,0.93,0.93,15,0,2.78,0,-1,9,0.85
OPUSDT,1,1.9,1,TP,27,2,435,0,1,-0.78,23.41,1.61,1.66,0.63,0.88,457,0,1.79,-0.13,1,1,0.84
OPUSDT,-1,1.9,1,TP,4,1,333,0,0,-3.57,11.65,2.06,2.06,0.75,0.54,335,0,1.49,0,-1,15,0.98
OPUSDT,-1,1.9,1,TP,5,1,567,0,0,-3.49,2.47,3.78,3.78,0.47,0.21,206,0,1.19,0,-1,1,0.95
OPUSDT,-1,1.9,1,TP,41,4,686,0,3,-0.17,2.71,1.95,0.89,0.69,0.21,322,0,1.74,-0.22,-1,7,0.49
OPUSDT,-1,1.9,1,TP,3,1,155,0,0,-2.3,3.04,3.76,3.76,1.21,0.53,88,0,3.34,0,-1,5,2.19
OPUSDT,-1,-2.1,0,SL,77,16,549,0,15,0.05,3.65,1.91,1.03,0.69,0.43,19,0,1.96,-0.65,-1,8,0.94
OPUSDT,-1,1.9,1,TP,209,8,874,0,7,0.17,1.17,1.27,0.6,0.7,0.24,67,0,1.51,-0.5,-1,17,0.59
OPUSDT,1,1.9,1,TP,8,5,225,0,4,0.97,2.67,1.95,10.05,0.6,0.35,440,0,1.1,-1.35,1,12,2.39
OPUSDT,-1,-2.1,0,SL,27,7,247,0,6,-0.2,21.49,3.42,0.73,0.52,2.51,244,1,1.4,-0.5,-1,8,0.51
OPUSDT,-1,1.9,1,TP,49,1,514,0,0,-3.46,5.33,2.86,2.86,0.82,0.39,19,0,0.36,0,-1,3,1.54
OPUSDT,-1,1.9,1,TP,5,3,538,0,2,-0.29,2.47,0.91,0.93,0.59,0.44,145,0,1.35,-0.27,-1,15,0.48
OPUSDT,1,-2.1,0,SL,14,8,159,0,7,-0.17,0.3,2.99,0.84,1.32,1.32,79,0,1.91,-2.95,1,10,2.21
OPUSDT,1,-2.1,0,SL,19,8,886,0,7,-0.74,2.89,2.21,0.88,0.86,0.69,14,0,2.5,-0.45,1,0,0.91
OPUSDT,1,-2.1,0,SL,5,14,967,0,13,-0.02,1.43,0.43,0.35,0.77,0.7,89,0,1.67,-0.95,1,20,0.48
OPUSDT,1,1.9,1,TP,8,1,1228,0,0,-2.62,4.77,1.58,1.58,0.72,0.68,363,0,1.54,0,1,14,1.01
OPUSDT,1,-2.1,0,SL,22,15,1464,0,14,0.08,2.06,0.65,0.7,0.77,0.28,98,0,1.82,-0.65,1,1,0.7
OPUSDT,-1,1.9,1,TP,62,6,401,0,5,-0.41,0.54,1.06,0.57,0.52,0.27,145,0,0.75,-0.7,-1,6,0.37
OPUSDT,-1,1.9,1,TP,34,1,533,0,0,-2.6,3.24,0.72,0.72,0.67,0.27,282,0,0.85,0,-1,15,0.33
OPUSDT,-1,1.9,1,TP,10,6,920,0,5,0.26,7.48,3.2,1.62,1.44,1.03,281,1,2.95,-4.78,-1,16,2.19
OPUSDT,-1,-2.1,0,SL,20,6,155,0,5,-0.29,4.88,1.92,0.8,0.61,0.32,29,0,1.5,-0.26,-1,11,0.69
OPUSDT,-1,1.9,1,TP,42,4,284,0,3,-0.22,3.21,0.28,0.17,0.77,0.32,160,0,1.56,-0.28,-1,19,0.26
OPUSDT,1,1.9,1,TP,16,1,356,0,0,-3.45,3.84,2.37,2.37,0.79,0.44,173,0,1.4,0,1,18,1.56
OPUSDT,-1,1.9,1,TP,23,17,775,0,16,0.08,4.79,0.98,0.55,0.62,0.48,6,0,1.83,1.04,-1,19,0.64
OPUSDT,-1,-2.1,0,SL,19,4,1077,0,3,0.06,1.2,0.21,0.15,1,0.62,58,1,1.46,-0.34,-1,22,0.37
OPUSDT,1,1.9,1,TP,23,4,163,0,3,-0.58,-0.74,0.34,1.02,0.67,0.49,17,0,1.69,0.01,1,3,0.54
OPUSDT,-1,1.9,1,TP,17,6,242,0,5,-0.26,10.4,2.98,0.79,0.56,0.24,244,0,1.62,-1.64,-1,11,0.51
OPUSDT,1,-2.1,0,SL,8,9,401,0,8,-0.41,3.79,0.63,0.58,0.78,1.4,24,1,1.74,-0.52,1,6,0.48
OPUSDT,1,1.9,1,TP,5,14,570,0,13,-0.49,3.95,1.04,0.95,0.65,0.46,40,0,1.49,-0.27,1,0,0.73
OPUSDT,1,1.9,1,TP,6,7,701,0,6,-0.11,4.23,0.93,1.43,0.57,0.46,178,0,1.48,-0.46,1,9,0.58
OPUSDT,1,-2.1,0,SL,9,3,1042,0,2,-0.5,-0.36,0.64,1.58,0.66,0.54,163,0,1.94,-0.77,1,22,0.76
OPUSDT,-1,1.9,1,TP,1,1,67,0,0,-2.99,7.46,3.24,3.24,0.88,0.57,326,0,1.67,0,-1,14,1.52
OPUSDT,1,1.9,1,TP,33,1,107,0,0,-2.82,1.1,2.11,2.11,0.51,0.33,110,0,1.48,0,1,14,0.87
OPUSDT,1,1.9,1,TP,47,1,248,0,0,-3.81,4.69,2.42,2.42,0.82,0.31,84,0,1.11,0,1,3,1.27
OPUSDT,-1,-2.1,0,SL,88,11,145,0,10,-0.78,5.56,1.38,0.97,0.35,0.59,298,0,1.07,-0.17,-1,14,0.41
OPUSDT,-1,-0.345,0,TIMEOUT,9,10,567,0,9,2.61,-3.83,0.46,6.08,0.69,0.43,112,0,1.56,-2.36,1,7,2.76
OPUSDT,1,-2.1,0,SL,20,15,317,0,14,0.25,2.7,3.47,0.43,0.93,0.68,54,0,2.76,-2.66,1,9,0.98
OPUSDT,-1,1.9,1,TP,7,6,137,0,5,0.64,-1.33,1.16,1.87,1.52,0.68,572,0,2.82,-4.43,-1,16,2.14
OPUSDT,1,-2.1,0,SL,2,6,209,0,5,-0.47,8.92,0.56,0.76,1.16,0.62,964,0,2.8,-0.33,1,18,0.87
OPUSDT,1,1.9,1,TP,1,1,474,0,0,-5.33,7.81,6.54,6.54,1.72,0.39,54,0,1.01,0,1,13,7.07
OPUSDT,1,-2.1,0,SL,7,6,852,1,4,0.04,-1.43,4.63,1.58,1.62,1.25,169,0,3.58,-1.78,1,11,2.76
OPUSDT,1,1.9,1,TP,16,9,1055,3,5,-0.23,-0.37,1.75,1.45,1.4,1.22,371,0,3.28,1.09,1,14,1.81
OPUSDT,1,1.9,1,TP,19,3,1282,0,2,-0.15,5.32,0.62,1.38,0.58,1.18,601,0,1.85,-0.44,1,23,0.53
OPUSDT,1,1.9,1,TP,9,16,1578,0,15,-0.95,1.76,1.54,0.47,1.12,0.55,88,0,2.22,1.51,1,1,1.12
OPUSDT,1,1.9,1,TP,9,1,1927,0,0,-1.27,3.63,0.7,0.7,1.36,0.94,157,1,2.77,0,1,16,1.04
OPUSDT,-1,1.9,1,TP,10,1,350,0,0,-2.55,14.07,3.33,3.33,1.47,1.1,250,0,2.36,0,-1,13,2.92
OPUSDT,-1,-2.1,0,SL,40,4,8,0,3,-0.26,3.73,0.49,0.83,0.75,0.72,20,0,2.37,-0.34,-1,3,0.77
OPUSDT,-1,1.9,1,TP,11,1,74,0,0,-1.5,4.75,0.36,0.36,0.77,0.73,89,0,1.69,0,-1,19,0.36
OPUSDT,-1,1.9,1,TP,12,1,519,0,0,-1.99,3.36,0.53,0.53,0.76,0.68,98,1,1.43,0,-1,3,0.49
OPUSDT,-1,-2.1,0,SL,3,16,111,0,15,-0.19,5.77,4.09,1.14,1.27,0.75,248,0,3.64,-0.76,-1,13,1.26
OPUSDT,-1,1.9,1,TP,1,1,150,0,0,-2.45,4.06,1.76,1.76,1.76,0.75,302,0,1.98,0,-1,22,3.23
OPUSDT,-1,1.9,1,TP,13,1,256,0,0,-1.74,4.5,1.18,1.18,1.37,0.92,33,0,4.2,0,-1,1,1.72
OPUSDT,-1,1.9,1,TP,5,6,456,0,5,0.06,5.2,1.52,1.17,0.69,0.9,228,0,2.09,-0.99,-1,3,0.63
OPUSDT,-1,1.9,1,TP,9,1,331,0,0,-1.33,3.43,0.59,0.59,0.83,0.59,31,0,2.36,0,-1,19,0.79
OPUSDT,1,1.9,1,TP,4,7,95,0,6,-0.28,-1.04,1.04,1.71,1.02,1.37,136,1,0.44,-1.16,1,14,2.01
OPUSDT,-1,-2.1,0,SL,69,13,607,0,12,0.07,4.59,1.79,0.44,1.06,0.78,29,0,3.24,-1.47,-1,23,0.6
OPUSDT,1,1.9,1,TP,4,11,268,0,10,-0.68,1.45,4.14,0.47,1.02,0.65,0,0,1.81,-1.19,1,0,0.85
OPUSDT,1,1.9,1,TP,14,13,406,0,12,0.06,5.98,3.4,0.5,0.8,0.63,136,0,2.31,0.3,1,11,0.97
OPUSDT,1,1.9,1,TP,16,1,690,0,0,-1.91,5.63,1.57,1.57,0.9,0.63,432,0,0.63,0,1,10,0.85
OPUSDT,-1,-2.1,0,SL,2,1,243,0,0,-3.85,4.6,3.06,3.06,1.96,1.09,7,1,2.53,0,-1,18,4.54
OPUSDT,-1,1.9,1,TP,8,1,519,0,0,-1.14,2.83,0.76,0.76,1,0.49,43,0,0.18,0,-1,15,0.75
OPUSDT,1,1.9,1,TP,7,5,120,0,4,-0.52,0.17,1.24,1.12,0.63,0.47,560,0,0.74,-0.65,1,2,0.52
OPUSDT,1,-2.1,0,SL,25,8,282,0,7,-0.14,0.86,0.78,1.15,0.51,0.27,158,0,0.94,-0.36,1,5,0.56
OPUSDT,-1,-2.1,0,SL,32,15,483,0,14,-0.68,15.01,0.84,2.79,0.7,0.41,376,0,2.01,1.17,-1,7,1.31
OPUSDT,-1,-2.1,0,SL,5,5,695,0,4,-0.5,7.73,1.39,2.49,0.91,0.64,158,0,2.03,-1.65,-1,12,2.08
OPUSDT,-1,1.9,1,TP,74,1,795,0,0,-3.47,16.18,1.95,1.95,0.42,0.64,262,0,1.25,0,-1,13,0.66
OPUSDT,-1,1.9,1,TP,26,7,1103,0,6,-0.39,0.35,1.28,0.86,1.11,1.03,139,0,2.58,-1.19,-1,18,0.91
OPUSDT,1,1.9,1,TP,42,13,143,0,12,0.11,15.01,0.99,0.63,0.54,0.93,375,0,1.67,-0.91,1,7,0.61
OPUSDT,-1,1.9,1,TP,14,1,211,0,0,-2.36,3.87,1.25,1.25,0.64,0.73,8,2,1.9,0,-1,21,0.73
OPUSDT,-1,-2.1,0,SL,10,7,343,0,6,0.2,2.6,1.57,0.47,1.3,0.74,189,0,2.64,-3.04,-1,21,1.42
OPUSDT,-1,-2.1,0,SL,15,2,506,0,1,-0.55,1.5,1.02,1.37,0.85,0.29,57,0,2.47,-0.23,-1,14,1.1
OPUSDT,1,-2.1,0,SL,20,7,213,0,6,0.96,6.45,1.49,2.09,0.92,0.48,250,0,2.35,-3.23,1,14,1.6
OPUSDT,1,-2.1,0,SL,29,15,271,0,14,1.13,6.84,2.28,1.66,1.18,0.47,300,0,3.19,-1.87,-1,4,2.3
OPUSDT,-1,-2.1,0,SL,9,4,307,0,3,-0.15,3.01,1.55,1.08,0.61,0.8,125,1,1.82,-0.38,-1,5,1.02
OPUSDT,-1,1.9,1,TP,12,12,405,0,11,0.24,2.89,4.51,0.72,1.12,0.47,6,0,0.94,-4.24,-1,2,1.75
OPUSDT,-1,1.9,1,TP,7,14,763,0,13,-0.09,-0.6,1.23,0.37,0.85,0.94,62,0,2.01,-0.38,-1,20,0.76
OPUSDT,1,1.9,1,TP,61,7,157,0,6,0.25,5.57,0.63,0.72,0.66,0.55,292,0,1.54,-0.78,1,20,0.53
OPUSDT,1,-2.1,0,SL,30,6,613,0,5,-0.18,19.08,1.08,2.12,0.84,0.39,366,0,1.32,-0.5,1,14,1.53
OPUSDT,1,1.9,1,TP,18,4,820,0,3,-0.38,14.15,1.33,1.54,1.27,0.38,575,0,2.33,-2.12,1,18,2.01
OPUSDT,1,-2.1,0,SL,45,4,1499,2,1,-0.53,1.33,0.88,0.54,1.33,0.73,392,0,2.75,1.02,1,20,1.25
OPUSDT,-1,-2.1,0,SL,15,5,151,0,4,-0.42,11.76,1.86,1.04,1.27,0.72,176,0,3.73,-1.36,-1,4,1.55
OPUSDT,-1,1.9,1,TP,7,11,176,0,10,0.12,6.75,1.46,1.04,0.91,0.99,326,0,2.6,-0.43,-1,16,0.99
OPUSDT,1,-2.1,0,SL,12,12,354,0,11,0.1,1.7,2.22,0.64,0.83,0.39,80,0,2.09,-0.52,1,5,0.64
OPUSDT,-1,-2.1,0,SL,2,7,391,0,6,-0.21,3.51,4.92,3.2,0.84,0.33,54,0,1.55,-0.89,-1,13,2.47
OPUSDT,1,-2.1,0,SL,2,3,201,0,2,0.26,-2.8,1.05,10.14,1.23,1.19,274,0,1.04,-2.93,1,19,4.97
OPUSDT,-1,-2.1,0,SL,17,1,384,0,0,-3.01,3.51,1.78,1.78,0.81,0.49,62,0,0.47,0,-1,8,0.63
OPUSDT,-1,1.9,1,TP,13,2,637,1,0,-2.93,0.97,2.57,2.57,0.48,0.46,236,0,0.8,0.46,-1,23,0.56
OPUSDT,-1,1.9,1,TP,3,11,718,0,10,0.05,1.94,0.94,0.55,0.67,0.47,307,0,2.08,-1.09,-1,19,0.61
OPUSDT,1,-2.1,0,SL,15,10,490,0,9,-0.62,1.81,1.6,0.68,0.6,0.47,3,0,1.76,-0.09,1,15,0.53
OPUSDT,1,1.9,1,TP,36,11,704,0,10,0.13,1.28,1.31,0.73,0.58,1.49,120,1,1.71,-0.74,1,21,0.74
OPUSDT,-1,-2.1,0,SL,39,12,654,0,11,0.21,1.15,2.15,1.06,0.38,0.23,6,0,1.16,-0.21,-1,10,0.33
OPUSDT,1,1.9,1,TP,40,1,193,0,0,-4.36,3.62,8.03,8.03,0.62,0.42,159,0,0.72,0,1,8,2.55
OPUSDT,1,-2.1,0,SL,48,1,562,0,0,-2.68,4.6,6.14,6.14,0.58,0.28,9,0,0.68,0,1,4,1.49
OPUSDT,1,1.9,1,TP,8,1,685,0,0,-1.46,3.75,1.23,1.23,0.58,0.28,132,0,0.57,0,1,11,0.82
OPUSDT,-1,1.9,1,TP,12,4,141,0,3,0.27,0.05,0.77,0.97,0.58,0.29,388,0,1.29,-0.7,-1,4,0.84
OPUSDT,-1,1.9,1,TP,10,1,284,0,0,-2.96,4.51,1.09,1.09,1.04,0.3,534,0,0.96,0,-1,16,1.13
OPUSDT,-1,1.9,1,TP,6,16,638,0,15,0.2,3.52,2.21,1.58,1.35,0.79,71,0,3.67,1.05,-1,8,2.76
OPUSDT,-1,1.9,1,TP,19,1,763,0,0,-1.35,3.82,1.26,1.26,1.11,0.75,81,0,2.83,0,-1,15,0.95
OPUSDT,1,-2.1,0,SL,16,12,3,1,10,-0.96,0.36,3.4,1.78,1.14,0.83,501,0,3.04,2.52,1,17,1.48
OPUSDT,1,1.9,1,TP,16,1,191,0,0,-2.72,11.68,3.7,3.7,0.45,0.53,278,1,0.95,0,1,9,0.75
OPUSDT,-1,1.9,1,TP,21,8,134,0,7,-0.67,1.92,1.06,0.42,0.96,0.44,4,0,2,-0.93,-1,6,0.72
OPUSDT,-1,-2.1,0,SL,6,3,336,0,2,-0.76,4.47,1.78,0.82,1.11,0.73,70,0,0.68,-1,-1,17,1.3
OPUSDT,1,1.9,1,TP,4,1,1,0,0,-1.41,0.72,0.59,0.59,0.96,0.69,121,0,2.87,0,1,5,0.48
OPUSDT,1,1.9,1,TP,14,2,237,0,1,-1.12,12.06,5.23,1.4,0.99,0.61,356,0,2.02,0.42,1,16,1.29
OPUSDT,1,-2.1,0,SL,1,17,518,0,16,-0.09,19.53,1.4,1.57,0.62,0.61,622,0,1.11,0.07,1,14,0.75
OPUSDT,-1,1.9,1,TP,2,17,385,7,9,0.08,1.17,4.43,3.04,1.11,0.45,0,0,2.82,1.2,-1,18,2.48
OPUSDT,-1,-2.1,0,SL,3,15,683,0,14,0.11,6.78,1.66,0.73,1.06,0.3,224,0,3.09,-0.55,-1,20,1.35
OPUSDT,1,1.9,1,TP,52,1,86,0,0,-1.21,1.01,0.48,0.48,0.77,0.46,87,0,1.38,0,1,19,0.4
OPUSDT,1,1.9,1,TP,10,1,109,0,0,-2.21,1.77,1.11,1.11,0.67,0.47,134,0,0.95,0,1,6,0.66
OPUSDT,1,1.9,1,TP,1,1,242,0,0,-3.93,4.43,4.09,4.09,0.87,0.57,3,0,1.77,0,1,15,1.3
OPUSDT,-1,-2.1,0,SL,10,1,150,0,0,-4.79,5.97,3.5,3.5,1.07,0.64,292,0,1.74,0,-1,16,1.41
OPUSDT,-1,1.9,1,TP,14,7,310,0,6,-0.78,6.03,2.35,1.36,0.41,0.61,446,0,0.48,-0.13,-1,8,0.61
OPUSDT,-1,1.9,1,TP,3,1,437,0,0,-3.42,4.92,1.1,1.1,1.26,0.62,13,0,1.75,0,-1,15,1.85
OPUSDT,-1,1.9,1,TP,5,11,647,0,10,-0.1,9.13,0.77,0.45,1.26,0.65,213,0,2.43,-0.91,-1,20,1.47
OPUSDT,-1,1.9,1,TP,10,12,750,0,11,0.05,5.16,0.7,0.61,1.21,0.42,9,0,3.4,-0.57,-1,22,0.57
OPUSDT,-1,1.9,1,TP,26,14,167,0,13,-0.2,2.65,0.75,0.87,0.49,0.34,116,0,1.55,0.33,-1,8,0.34
OPUSDT,1,1.9,1,TP,3,1,155,0,0,-1.18,5.35,0.46,0.46,0.66,0.32,203,0,1.15,0,1,2,0.32
OPUSDT,1,-2.1,0,SL,9,10,0,0,9,0.33,3.53,0.79,0.65,0.76,0.53,20,0,2.28,-0.52,1,6,0.8
OPUSDT,1,1.9,1,TP,12,4,105,0,3,-1.07,2.37,0.61,1.05,0.54,0.53,131,0,0.84,0.35,1,8,0.69
OPUSDT,-1,1.9,1,TP,2,5,153,0,4,-0.47,11.8,0.71,2.44,0.88,0.32,223,0,2.45,0,-1,14,1.98
OPUSDT,-1,-2.1,0,SL,2,2,266,0,1,-0.28,9.8,0.78,0.57,1.27,0.33,339,0,2.57,-0.83,-1,18,1.39
OPUSDT,-1,-2.1,0,SL,43,9,354,0,8,0.53,3.8,2.1,1.24,0.9,0.52,39,0,1.77,-1.31,-1,16,1.16
OPUSDT,-1,-2.1,0,SL,4,5,445,0,4,-0.45,0.63,8.64,1.39,0.78,0.39,0,0,1.9,-0.99,-1,15,1.08
OPUSDT,-1,1.9,1,TP,39,1,970,0,0,-2.94,2.14,1.32,1.32,0.91,0.38,1,0,0.21,0,-1,2,0.94
OPUSDT,-1,1.9,1,TP,3,4,1653,0,3,0.22,4.3,0.58,1.68,1.26,0.74,311,0,2.73,-1.07,-1,5,2.21
OPUSDT,-1,1.9,1,TP,12,8,1993,0,7,0.57,2.17,5.14,1.51,0.79,0.73,71,1,1.75,-2.61,-1,18,1.51
OPUSDT,-1,1.9,1,TP,16,7,2147,0,6,-0.3,4.52,0.51,0.74,0.59,0.38,40,0,1.83,-0.66,-1,9,0.65
OPUSDT,-1,-2.1,0,SL,6,1,509,0,0,-2.99,3.32,6.86,6.86,0.97,0.56,2,0,2.3,0,-1,0,2.74
OPUSDT,-1,-2.1,0,SL,11,9,687,0,8,0.64,1.18,1.01,0.97,0.85,1.17,72,0,2.59,-1.88,-1,21,1.09
OPUSDT,1,-2.1,0,SL,5,12,160,0,11,-0.34,2.6,1.1,2.04,0.98,1.12,410,0,1.34,1.54,1,10,0.88
OPUSDT,1,1.9,1,TP,2,3,314,0,2,0.16,15.38,1.32,0.55,0.84,0.71,360,0,2.55,-0.55,1,8,0.47
OPUSDT,1,1.9,1,TP,11,1,238,0,0,-1.87,5.39,1.24,1.24,0.76,0.41,396,0,1.13,0,1,1,0.74
OPUSDT,-1,1.9,1,TP,40,7,284,0,6,-0.1,1.67,0.9,0.3,0.29,0.08,9,0,0.93,-0.16,-1,13,0.33
OPUSDT,-1,-2.1,0,SL,18,8,531,0,7,0,0.96,1.88,0.69,0.74,0.53,59,0,2.23,-0.81,-1,3,0.71
OPUSDT,-1,1.9,1,TP,11,1,731,0,0,-2.33,4.74,1.64,1.64,0.51,0.54,266,0,1.52,0,-1,5,0.99
OPUSDT,-1,-2.1,0,SL,37,11,182,0,10,-0.55,1.99,0.51,2.13,0.49,0.62,183,1,1.54,0.27,-1,9,0.53
OPUSDT,-1,1.9,1,TP,35,1,250,0,0,-3.44,3.84,1.19,1.19,0.88,1,9,2,1.04,0,-1,2,0.82
OPUSDT,1,1.9,1,TP,4,14,160,0,13,-0.73,4.44,0.65,1.15,0.75,0.34,35,0,2.15,0.87,1,15,0.95
OPUSDT,-1,-2.1,0,SL,25,2,256,0,1,0.28,0.77,1.2,4.13,0.85,0.33,46,0,1.67,-1.41,-1,20,1.72
OPUSDT,-1,1.9,1,TP,1,11,213,0,10,0.05,1.3,0.82,0.39,0.71,0.67,118,1,1.42,-0.33,-1,17,0.83
OPUSDT,1,-2.1,0,SL,15,14,139,0,13,0.9,-0.86,1.16,1.29,0.74,0.48,124,0,1.67,-1.26,1,6,1.6
OPUSDT,1,1.9,1,TP,18,15,233,0,14,-0.54,1.61,1.78,0.61,0.68,0.47,217,0,1.99,-0.55,1,5,0.71
OPUSDT,-1,1.9,1,TP,4,1,138,0,0,-2.56,3.21,1.21,1.21,0.81,0.33,5,0,1.56,0,-1,13,0.8
OPUSDT,1,1.9,1,TP,18,11,157,3,7,-1.18,0.52,1.9,1.06,0.45,0.23,101,0,0.88,0.78,1,12,0.62
OPUSDT,-1,1.9,1,TP,19,4,321,0,3,-0.3,3.1,1.09,1.38,0.49,0.25,47,0,0.92,-0.42,-1,9,0.5
OPUSDT,1,-2.1,0,SL,16,16,143,0,15,-0.52,3.77,1.27,1.84,1.42,0.23,331,0,4.06,1.66,1,11,2.41
OPUSDT,-1,1.9,1,TP,2,7,98,0,6,0.08,7.06,6.65,0.88,1.95,0.28,517,0,5.49,-4.61,-1,7,1.12
OPUSDT,-1,-2.1,0,SL,4,11,467,4,6,-0.36,-0.64,1.11,0.71,0.83,0.53,114,0,2.54,0,-1,4,0.96
OPUSDT,1,-2.1,0,SL,18,3,440,0,2,-0.43,1.62,1.39,2,0.78,0.54,22,0,1.86,-0.9,1,2,1.99
OPUSDT,1,1.9,1,TP,13,3,570,0,2,0.02,-0.84,1,1.31,0.88,0.93,3,0,0.85,-1.29,1,11,1.21
OPUSDT,-1,-2.1,0,SL,30,4,136,0,3,-0.21,1,6.34,3.33,0.79,0.49,8,0,2.06,-1.71,-1,14,2.17
OPUSDT,-1,-2.1,0,SL,3,14,271,0,13,0.24,1.91,1.24,1.45,0.68,0.5,133,0,1.9,-0.5,-1,0,0.99
OPUSDT,-1,1.9,1,TP,23,7,367,0,6,0.12,1.22,0.68,1.12,0.65,0.89,48,1,1.8,-0.8,-1,0,0.89
OPUSDT,-1,-2.1,0,SL,3,3,534,0,2,-0.35,1.93,0.74,0.47,1.59,0.61,55,0,1.68,-2.52,-1,18,1.74
OPUSDT,-1,1.9,1,TP,29,1,209,0,0,-1.7,2.07,1.11,1.11,0.58,0.3,53,0,1.87,0,-1,1,0.4
OPUSDT,1,-2.1,0,SL,40,5,261,0,4,-0.1,2.08,1.06,0.72,0.62,0.56,36,0,1.76,-1.19,1,19,0.56
OPUSDT,1,-2.1,0,SL,18,3,221,1,1,-0.57,13.07,0.71,0.39,0.59,0.47,316,0,1.44,0.47,1,18,0.38
OPUSDT,-1,1.9,1,TP,89,6,252,0,5,-0.82,5.02,0.38,1.73,0.61,0.46,241,0,1.26,-0.11,-1,11,1.14
OPUSDT,1,-2.1,0,SL,23,11,369,0,10,-0.06,-0.99,1.4,1.21,0.57,0.34,70,0,0.96,-0.45,1,9,0.45
DOTUSDT,-1,-2.1,0,SL,18,7,234,0,6,0.15,0.73,1.76,1.13,1.18,1.03,71,0,3.54,-2.19,-1,16,1.27
DOTUSDT,1,-2.1,0,SL,18,20,317,6,13,-0.02,-1.49,0.8,0.47,0.84,0.84,122,0,2.66,0.15,1,21,0.77
DOTUSDT,-1,1.9,1,TP,36,8,283,0,7,0.07,2.03,0.5,0.48,0.44,0.2,84,0,1.07,-0.7,-1,21,0.2
DOTUSDT,-1,1.9,1,TP,25,3,585,2,0,-2.77,0.08,3.19,3.19,0.56,0.42,164,0,1.47,0.63,-1,0,1.16
DOTUSDT,1,1.9,1,TP,3,1,191,0,0,-3.08,2.2,7.56,7.56,0.68,0.44,139,1,1.33,0,1,9,1.65
DOTUSDT,1,1.9,1,TP,23,4,564,0,3,0.28,5.91,0.87,1.2,0.64,0.24,321,0,1.91,-0.99,1,6,0.83
DOTUSDT,-1,1.9,1,TP,14,4,258,0,3,0.12,1.01,1.08,0.95,1,0.99,68,0,2.43,-1.39,-1,12,1.39
DOTUSDT,1,1.9,1,TP,1,1,294,0,0,-2.66,3.01,5.52,5.52,0.76,1.11,115,0,2.15,0,1,6,1.08
DOTUSDT,1,1.9,1,TP,1,3,806,0,2,-0.99,3.52,1.34,1.58,2.01,1.1,54,0,3.27,-2.44,1,14,3.48
DOTUSDT,1,-2.1,0,SL,13,5,1119,0,4,-0.16,5.3,1.51,0.49,1.47,0.69,250,0,4.38,-1.26,1,20,0.83
DOTUSDT,1,-2.1,0,SL,3,7,157,0,6,-0.62,4.33,0.6,0.88,1.49,0.5,172,0,3.76,0.29,1,15,1.72
DOTUSDT,1,-2.1,0,SL,11,11,401,0,10,-0.2,1.46,1.29,0.63,1.34,0.26,55,0,3.6,-0.37,1,4,1.25
DOTUSDT,-1,1.9,1,TP,2,9,268,0,8,1.6,-1.96,0.44,4.2,1.41,1.3,83,0,1.46,-2.86,-1,8,4.31
DOTUSDT,-1,-2.1,0,SL,6,4,379,2,1,-0.24,-0.31,0.67,1.11,0.73,1.33,201,0,1.06,-0.13,-1,12,1.11
DOTUSDT,-1,1.9,1,TP,1,13,499,0,12,0.48,0.45,7.51,1,1.05,3.17,60,1,1.9,-1.47,-1,18,1.64
DOTUSDT,1,1.9,1,TP,1,16,578,0,15,0.64,2.08,4.59,0.88,2.16,1.12,0,0,4.41,2.5,1,13,3.42
DOTUSDT,1,1.9,1,TP,10,1,286,0,0,-4,3.22,3.14,3.14,1.12,0.4,95,0,1.86,0,1,8,2.47
DOTUSDT,-1,-2.1,0,SL,4,11,170,0,10,0.81,1.34,0.99,1.67,1.87,2.47,146,0,5.35,-2.93,-1,23,2.74
DOTUSDT,-1,1.9,1,TP,2,1,474,0,0,-2.06,4.62,1.18,1.18,1.75,2.6,460,0,2.04,0,-1,3,2.11
DOTUSDT,1,-2.1,0,SL,11,12,98,0,11,-1,11.75,2.44,0.57,0.92,0.86,821,0,2.59,0.39,1,4,1.04
DOTUSDT,1,1.9,1,TP,6,4,129,0,3,-0.31,0.29,0.61,0.65,0.66,0.3,95,0,1.59,-0.06,1,10,0.73
DOTUSDT,-1,1.9,1,TP,21,13,145,0,12,0.05,3.93,1.6,0.69,1,0.49,164,0,2.92,-1,-1,0,0.79
DOTUSDT,-1,1.9,1,TP,4,1,315,0,0,-3.86,0.67,2,2,0.77,0.55,51,0,2.28,0,-1,19,0.87
DOTUSDT,1,-2.1,0,SL,11,6,133,2,3,0.05,1.75,0.65,1.38,0.59,0.35,44,0,1.83,0.12,1,9,0.85
DOTUSDT,1,1.9,1,TP,9,1,222,0,0,-3.69,4.61,2.46,2.46,0.67,0.34,136,0,1.86,0,1,7,1.97
DOTUSDT,1,-2.1,0,SL,23,10,968,0,9,-0.1,2.98,4.8,0.66,1.12,0.42,76,0,2.96,-1.85,1,2,1.12
DOTUSDT,-1,-2.1,0,SL,63,7,507,0,6,0.3,-1.62,6.46,1.54,0.83,0.85,478,0,1.95,-1.88,-1,16,1.06
DOTUSDT,1,1.9,1,TP,6,13,187,0,12,-0.08,9.16,1.71,0.61,0.82,0.79,779,0,2.49,-0.89,1,21,0.39
DOTUSDT,1,-2.1,0,SL,2,13,340,0,12,-0.4,4.18,1.38,2.21,1.93,0.59,53,0,4.17,5.63,1,11,3.82
DOTUSDT,-1,-2.1,0,SL,3,1,366,0,0,-3.06,3.83,2.61,2.61,1.31,0.77,104,0,3.14,0,-1,0,2.63
DOTUSDT,-1,1.9,1,TP,6,1,461,0,0,-1.57,4.06,0.47,0.47,1.57,0.78,199,0,3.76,0,-1,23,1.44
DOTUSDT,-1,-2.1,0,SL,4,8,746,0,7,-0.08,0.59,1.01,0.84,1.27,0.83,2,0,3.66,-1.63,-1,23,0.89
DOTUSDT,1,1.9,1,TP,9,1,340,0,0,-4.41,5.65,3.92,3.92,0.84,0.36,5,0,2.04,0,1,23,1.39
DOTUSDT,1,-2.1,0,SL,43,1,644,0,0,-2.74,2.75,2.44,2.44,0.65,0.42,95,0,1.86,0,1,3,1.05
DOTUSDT,1,-2.1,0,SL,33,1,420,0,0,-1.92,0.78,2.19,2.19,0.92,1.46,204,0,1.4,0,1,1,1.39
DOTUSDT,1,-2.1,0,SL,1,2,112,0,1,0.21,-0.07,0.36,0.93,2.22,0.69,39,0,1.96,-1.98,1,8,2.75
DOTUSDT,-1,-2.1,0,SL,20,8,179,0,7,0.4,-0.14,0.95,1.03,1.56,0.69,547,0,4.55,-2.44,-1,16,1.46
DOTUSDT,-1,-2.1,0,SL,3,9,171,0,8,0.47,11.32,1.41,1.34,1.42,1.86,269,0,4.2,-2.93,-1,6,1.85
DOTUSDT,-1,1.9,1,TP,2,1,97,0,0,-2.67,3.9,0.95,0.95,1.49,1.59,7,0,3.43,0,-1,11,1.52
DOTUSDT,-1,1.9,1,TP,11,1,315,0,0,-3.05,2.94,1.68,1.68,0.9,0.54,4,0,1.35,0,-1,18,1.53
DOTUSDT,1,-2.1,0,SL,34,24,7,7,16,-0.11,2.37,4.01,1.5,1.02,0.57,0,0,2.84,2.88,1,0,1.96
DOTUSDT,-1,1.9,1,TP,1,11,338,0,10,-2.4,6.25,1.95,2.57,1.54,0.56,135,0,3.85,2.8,-1,6,4.79
DOTUSDT,-1,-2.1,0,SL,8,5,615,0,4,-0.55,23.91,1.13,1.17,1.55,0.69,418,0,4.67,-1.85,-1,3,1.7
DOTUSDT,-1,-2.1,0,SL,1,14,752,0,13,-0.38,25.76,0.92,0.81,1.4,0.69,546,0,4.1,-0.23,-1,13,1.03
DOTUSDT,1,-2.1,0,SL,7,8,209,0,7,0.01,0.19,0.72,0.68,0.99,0.47,172,0,2.96,-0.81,1,0,0.93
DOTUSDT,-1,1.9,1,TP,18,8,196,0,7,0.15,10.42,0.81,0.75,0.52,0.92,235,0,1.67,-0.46,-1,15,0.4
DOTUSDT,-1,1.9,1,TP,20,1,371,0,0,-2.61,1.86,0.54,0.54,0.55,0.36,172,0,1.38,0,-1,11,0.43
DOTUSDT,-1,1.9,1,TP,6,6,649,0,5,-0.32,1.83,0.56,1.06,0.82,0.74,113,0,2.48,-0.82,-1,8,0.96
DOTUSDT,-1,1.9,1,TP,23,9,1018,0,8,-0.29,2.56,0.41,0.74,0.76,0.24,21,0,1.7,-0.29,-1,5,0.54
DOTUSDT,1,1.9,1,TP,29,1,242,0,0,-3.02,6.88,1.27,1.27,0.9,0.75,151,0,2.14,0,1,23,1.16
DOTUSDT,1,1.9,1,TP,1,1,440,0,0,-3.91,6.32,4.26,4.26,0.9,0.59,92,0,2.58,0,1,0,1.82
DOTUSDT,1,1.9,1,TP,4,3,589,0,2,0.91,4.29,1.94,3.23,1.08,0.6,239,0,1.11,-3.35,1,14,3.73
DOTUSDT,1,1.9,1,TP,6,1,901,0,0,-2.37,0.63,1.3,1.3,0.84,0.45,46,0,1.92,0,1,20,0.77
DOTUSDT,1,-2.1,0,SL,3,1,179,0,0,-3.99,8.43,5.26,5.26,1.12,0.75,417,0,2.64,0,1,13,2.85
DOTUSDT,1,1.9,1,TP,62,1,272,0,0,-3,1.2,2.56,2.56,0.98,0.9,172,0,1.82,0,1,4,2.38
DOTUSDT,1,1.9,1,TP,20,10,542,0,9,-1.5,7.63,0.88,2.09,0.8,0.61,199,0,2.27,1.47,1,0,1.91
DOTUSDT,1,1.9,1,TP,3,1,889,0,0,-2.67,3.17,0.95,0.95,1.15,0.83,92,0,1.72,0,1,14,1.16
DOTUSDT,1,-2.1,0,SL,33,16,1239,0,15,0.21,6.49,0.88,0.54,0.81,0.57,257,0,2.06,0.15,1,6,0.87
DOTUSDT,-1,1.9,1,TP,12,12,163,0,11,-0.76,3.92,2.02,0.6,1.23,0.58,13,0,3.59,0.3,-1,9,1.26
DOTUSDT,1,-2.1,0,SL,5,15,6,0,14,0.02,3.19,5.81,1.31,1.22,0.45,72,0,3.27,1.4,1,22,1.91
DOTUSDT,1,1.9,1,TP,16,7,555,0,6,-0.51,-0.5,3.16,1.09,0.85,0.49,109,0,2.06,-1.34,1,15,0.97
DOTUSDT,1,1.9,1,TP,2,9,141,0,8,0.08,-0.88,1.17,1.87,1.24,1.38,96,0,3.6,-1.79,1,16,2.42
DOTUSDT,1,-2.1,0,SL,8,6,677,0,5,0.08,1,0.55,1.06,1.03,0.57,102,0,1.59,-1.14,1,6,1.4
DOTUSDT,-1,1.9,1,TP,11,15,8,0,14,-0.01,3.86,4.56,0.68,1.24,0.61,130,0,3.72,-1.64,-1,15,0.99
DOTUSDT,-1,-2.1,0,SL,14,13,191,0,12,-0.25,3.97,1.29,1.12,0.77,0.94,56,0,2.13,0.73,-1,13,1.39
DOTUSDT,-1,-2.1,0,SL,7,14,176,0,13,-0.82,1.79,0.69,0.78,1.02,1.16,135,0,3.09,0.51,-1,20,1.25
DOTUSDT,-1,-2.1,0,SL,7,10,376,0,9,0.3,6.51,1.05,1.13,0.82,1.2,339,0,2.52,-1.55,-1,22,1.09
DOTUSDT,1,1.9,1,TP,7,8,156,0,7,-0.04,1.81,0.83,0.85,1,0.79,9,1,2.97,-0.43,1,7,0.9
DOTUSDT,-1,-2.1,0,SL,24,10,470,3,6,-0.52,-0.53,2.06,1.42,0.56,0.38,112,0,1.65,0.38,-1,18,0.54
DOTUSDT,-1,1.9,1,TP,6,12,572,5,6,-0.08,-1.05,0.51,0.46,0.63,0.38,214,0,1.4,-0.48,-1,19,0.54
DOTUSDT,-1,1.9,1,TP,5,16,825,0,15,0.09,1.9,0.52,1.12,0.94,1.96,10,1,2.8,0.28,-1,10,1.23
DOTUSDT,-1,0.217,1,TIMEOUT,10,9,1047,0,8,2.53,-1.51,2.07,2.66,0.86,0.42,5,0,1.79,-3.6,1,18,2.98
DOTUSDT,-1,-2.1,0,SL,25,16,1195,0,15,0.15,2.11,1.3,0.81,0.96,0.44,146,0,1.32,0.1,-1,7,0.94
DOTUSDT,-1,1.9,1,TP,43,1,1370,0,0,-2.73,5.99,1.38,1.38,0.67,0.45,336,0,1.44,0,-1,3,0.69
DOTUSDT,-1,1.9,1,TP,15,1,1566,0,0,-1.41,1.72,1.72,1.72,0.67,0.52,64,0,1.53,0,-1,4,0.78
DOTUSDT,-1,-2.1,0,SL,5,10,92,0,9,-0.2,8.01,0.68,0.42,1.19,0.85,219,0,3.63,-1.99,-1,19,0.58
DOTUSDT,-1,1.9,1,TP,36,7,220,0,6,-0.56,2.84,1.8,0.77,0.62,0.5,41,0,1.9,-0.28,-1,20,0.42
DOTUSDT,1,-2.1,0,SL,4,4,374,0,3,0.24,15.89,0.84,1.92,0.78,0.43,643,0,2.1,-1.12,1,2,1.55
DOTUSDT,-1,-2.1,0,SL,18,3,284,0,2,-0.07,0.45,1.49,1.25,1.02,1.15,113,0,2.86,-0.48,-1,4,0.92
DOTUSDT,-1,-2.1,0,SL,13,11,354,0,10,-0.1,0.23,0.86,1.01,1,0.57,43,0,2.89,-0.48,-1,21,1.15
DOTUSDT,1,-2.1,0,SL,2,12,158,0,11,0.08,10.38,0.9,1.34,1.02,0.5,307,0,2.84,0.37,1,15,1.69
DOTUSDT,-1,1.9,1,TP,4,15,459,0,14,0.55,4.19,3.3,1.96,1.57,0.81,285,0,3.78,-1.24,-1,16,2.93
DOTUSDT,1,-2.1,0,SL,6,13,237,0,12,-0.11,4.99,0.97,0.63,0.82,0.32,160,0,2.3,-0.55,1,6,0.9
DOTUSDT,-1,1.9,1,TP,2,1,328,0,0,-4.35,1.57,5.07,5.07,0.87,0.82,154,0,0.54,0,-1,21,2.3
DOTUSDT,1,-2.1,0,SL,41,1,234,0,0,-2.4,5,1.54,1.54,0.84,0.6,18,0,1.93,0,1,3,1.13
DOTUSDT,-1,-2.1,0,SL,3,11,378,0,10,0.91,-0.75,3.33,3.43,1.15,0.22,52,0,2.73,-2.15,-1,14,3.52
DOTUSDT,-1,1.9,1,TP,13,3,596,2,0,-2.24,0.01,0.58,0.58,1.04,0.66,167,0,0.77,0.12,-1,20,0.51
DOTUSDT,1,1.9,1,TP,7,1,300,0,0,-0.7,12.75,0.79,0.79,0.96,1.54,388,0,1.01,0,1,19,1.17
DOTUSDT,-1,-2.1,0,SL,16,10,227,0,9,-0.89,3.01,2.97,0.8,0.69,0.47,155,0,2.03,-0.25,-1,12,0.64
DOTUSDT,-1,1.9,1,TP,27,1,282,0,0,-2.63,3.2,2.5,2.5,0.99,0.48,219,0,1.47,0,-1,1,2.43
DOTUSDT,1,1.9,1,TP,15,12,267,0,11,0.07,13.96,0.98,0.56,0.55,0.25,332,0,1.66,-0.67,1,20,0.44
DOTUSDT,1,1.9,1,TP,94,7,434,0,6,0.12,6.68,0.9,0.83,0.38,0.29,322,0,1.2,-0.35,1,18,0.35
DOTUSDT,1,-2.1,0,SL,46,4,852,0,3,-0.25,14.33,1.37,1.06,0.72,0.26,743,0,1.13,-0.76,1,2,0.49
DOTUSDT,-1,1.9,1,TP,12,1,480,0,0,-3.64,3.63,4.21,4.21,0.73,0.18,84,0,0.58,0,-1,23,1.81
DOTUSDT,-1,-2.1,0,SL,33,1,833,0,0,-1.92,0.88,0.86,0.86,0.73,0.32,128,0,0.3,0,-1,16,0.77
DOTUSDT,-1,1.9,1,TP,7,1,158,0,0,-3.35,2.83,4.18,4.18,0.67,0.44,77,0,1.58,0,-1,14,1.15
DOTUSDT,-1,1.9,1,TP,24,15,440,0,14,-0.09,10.81,6.42,0.76,0.64,0.47,345,0,1.86,0.22,-1,12,0.75
DOTUSDT,-1,1.9,1,TP,2,7,730,0,6,-0.03,3.82,0.8,1.56,0.83,0.33,150,0,2.25,-0.94,-1,13,1.71
DOTUSDT,-1,-2.1,0,SL,5,3,509,0,2,0.26,1.51,1.87,1.86,2.15,1.38,132,0,5.63,-3.71,-1,23,3.72
DOTUSDT,1,1.9,1,TP,1,1,133,0,0,-0.75,0.68,0.39,0.39,1.89,2.63,317,0,4.27,0,1,19,1.31
DOTUSDT,-1,-2.1,0,SL,50,12,229,0,11,-0.02,1.38,0.91,0.45,1.05,0.8,164,0,3.23,-0.86,-1,19,0.91
DOTUSDT,1,1.9,1,TP,8,3,195,1,1,0.19,1.34,0.52,0.42,0.71,0.62,26,0,0.8,0.09,-1,0,0.39
DOTUSDT,-1,1.9,1,TP,62,1,153,0,0,-3.45,6.51,1.71,1.71,0.81,0.47,51,0,2.03,0,-1,10,0.72
DOTUSDT,-1,-2.1,0,SL,38,9,170,0,8,0.07,0.72,3.05,0.69,0.61,0.42,126,0,1.89,-0.7,-1,20,0.61
DOTUSDT,-1,1.9,1,TP,3,1,331,0,0,-2.84,3.27,2.13,2.13,0.94,0.87,1,1,1.4,0,-1,12,1.53
DOTUSDT,-1,-2.1,0,SL,4,8,801,0,7,-0.13,2.03,1.06,2.41,1.67,0.83,49,0,4.67,-1.2,-1,10,3.23
DOTUSDT,1,1.9,1,TP,17,15,365,0,14,0.34,3.41,1.02,1.23,0.83,0.6,12,0,1.52,1.04,1,4,1.17
DOTUSDT,1,1.9,1,TP,10,6,576,0,5,-0.21,3.85,0.88,3.15,0.69,0.34,65,0,2.04,-0.61,1,9,1.12
DOTUSDT,1,-2.1,0,SL,9,2,680,0,1,0.03,2.73,1.36,1.15,0.61,0.35,173,0,1.84,-0.76,1,11,0.97
DOTUSDT,-1,1.9,1,TP,1,1,62,0,0,-1.11,3.44,0.31,0.31,0.83,0.39,95,0,2.37,0,-1,17,0.53
DOTUSDT,-1,1.9,1,TP,14,8,309,0,7,-0.23,3.14,0.97,0.86,1.08,0.62,8,0,3.29,-2.33,-1,7,0.87
DOTUSDT,1,-2.1,0,SL,58,14,456,0,13,1.6,2.15,0.6,3.19,0.56,0.32,14,0,1.54,-0.69,1,11,1.72
DOTUSDT,1,1.9,1,TP,2,1,172,0,0,-4.74,9.94,5.97,5.97,0.69,0.78,303,0,1.31,0,1,16,2.47
DOTUSDT,1,1.9,1,TP,4,1,322,0,0,-3.21,15.52,2.68,2.68,0.76,0.73,453,0,2.25,0,1,5,1.1
DOTUSDT,1,1.9,1,TP,8,1,712,0,0,-2.13,1.55,1.2,1.2,0.69,0.51,36,0,0.21,0,1,7,0.77
DOTUSDT,-1,1.9,1,TP,51,1,197,0,0,-2.67,6.34,1.33,1.33,1.01,0.55,216,0,1.71,0,-1,1,1.24
DOTUSDT,1,1.9,1,TP,4,1,371,0,0,-4.38,4.92,2.2,2.2,1.18,0.82,2,0,2.49,0,1,16,1.37
DOTUSDT,-1,1.9,1,TP,22,3,204,0,2,0.3,-0.68,1.18,0.97,0.87,0.42,202,0,0.37,-1.03,-1,1,0.93
DOTUSDT,1,-2.1,0,SL,25,1,241,0,0,-2.26,8.71,3.42,3.42,0.78,0.39,555,0,1.43,0,1,16,1.58
DOTUSDT,1,1.9,1,TP,23,4,233,0,3,-0.81,1.69,1.23,1.07,0.58,0.26,21,0,1.46,-0.25,1,0,0.73
DOTUSDT,-1,1.9,1,TP,49,15,70,0,14,0.01,8.52,0.94,0.53,0.72,0.32,79,0,2.2,-0.92,-1,10,0.8
DOTUSDT,-1,1.9,1,TP,5,1,263,0,0,-1.6,1.21,0.45,0.45,0.61,0.32,4,0,1.56,0,-1,11,0.32
DOTUSDT,-1,1.9,1,TP,13,10,740,0,9,0.48,1.57,2.94,1.2,0.79,0.53,6,0,2.25,-1.85,-1,10,1.03
DOTUSDT,-1,1.9,1,TP,24,11,124,6,4,0.28,-2.33,2.44,0.79,0.65,0.26,118,0,1.28,-0.34,-1,1,0.62
DOTUSDT,1,1.9,1,TP,13,1,237,0,0,-2.86,4.42,1.91,1.91,0.54,0.48,11,1,1.11,0,1,0,1.15
DOTUSDT,1,1.9,1,TP,31,5,338,0,4,-0.3,0.65,3.87,2.25,0.83,0.29,28,0,0.97,-2.25,1,2,1.94
DOTUSDT,1,-2.1,0,SL,1,3,469,0,2,2.65,-2.43,1.65,9.9,1.06,0.41,190,1,1.28,-4.69,1,12,5.98
DOTUSDT,-1,1.9,1,TP,18,12,437,0,11,0.48,2.06,0.67,0.98,0.3,0.37,274,0,0.47,-0.66,1,5,0.26
DOTUSDT,-1,1.9,1,TP,3,7,948,0,6,0.06,1.13,1.9,1.78,0.72,1.04,38,0,0.4,-1.51,-1,13,1.24
DOTUSDT,-1,1.9,1,TP,141,13,302,0,12,0.02,2.55,2.81,0.71,0.53,0.33,92,0,1.4,-0.85,-1,23,0.63
DOTUSDT,1,-1.491,0,TIMEOUT,60,16,174,0,15,0.19,0.39,1.19,0.64,0.35,0.48,89,1,1.08,0.02,1,4,0.46
DOTUSDT,-1,-1.242,0,TIMEOUT,44,8,120,0,7,0.04,-0.07,1.7,0.67,0.21,0.14,2,0,0.64,-0.51,-1,23,0.13
DOTUSDT,-1,-0.955,0,TIMEOUT,142,1,356,0,0,-1.46,2.48,0.39,0.39,0.5,0.23,159,0,0.27,0,-1,17,0.31
DOTUSDT,1,-2.1,0,SL,15,8,267,0,7,-0.53,3.75,0.61,1.53,0.44,0.26,19,0,0.55,0.06,1,20,0.9
DOTUSDT,-1,-1.638,0,TIMEOUT,85,9,379,0,8,0.21,0.38,1.06,0.82,0.36,0.15,11,0,0.38,-0.29,-1,8,0.32
DOTUSDT,1,1.9,1,TP,36,4,312,0,3,-0.52,1.25,0.83,0.32,0.47,0.14,176,0,1.26,-0.15,1,18,0.38
DOTUSDT,1,1.9,1,TP,7,1,315,0,0,-2.84,0.4,1.89,1.89,0.67,0.17,136,0,0.43,0,1,15,0.78
DOTUSDT,-1,1.9,1,TP,17,14,4,0,13,-0.29,3.55,1.26,0.83,1.45,0.18,185,0,4.09,2.04,-1,6,0.94
DOTUSDT,-1,1.9,1,TP,5,3,324,0,2,-1.17,0.59,8.01,3.48,1.3,1.06,99,0,2.6,-2.07,-1,14,3.06
DOTUSDT,-1,-2.1,0,SL,20,1,559,0,0,-2.26,2.93,1.55,1.55,1.28,1.09,336,0,1.99,0,-1,1,1.85
DOTUSDT,-1,1.9,1,TP,41,1,207,0,0,-1.53,3.85,0.91,0.91,0.39,1.06,790,0,0.97,0,-1,19,0.46
DOTUSDT,-1,1.9,1,TP,27,1,368,0,0,-2.55,4.35,3.88,3.88,0.4,0.13,11,0,0.9,0,-1,11,0.91
DOTUSDT,1,-2.1,0,SL,60,6,406,0,5,-0.08,3.1,1.7,1.69,0.34,0.22,34,0,0.73,-0.35,1,8,0.76
DOTUSDT,1,-0.189,0,TIMEOUT,55,1,480,0,0,-2.64,2.79,2.34,2.34,0.33,0.09,66,0,0.81,0,1,0,0.89
DOTUSDT,1,-2.1,0,SL,103,16,0,0,15,-0.39,4.22,7.97,0.65,0.47,0.29,139,0,1.41,-0.25,1,17,0.38
DOTUSDT,-1,-0.279,0,TIMEOUT,159,6,760,0,5,-0.06,2.11,1.01,0.76,0.2,0.27,123,0,0.59,-0.09,-1,7,0.2
DOTUSDT,1,-0.683,0,TIMEOUT,191,6,500,0,5,-0.42,-0.07,1.54,0.51,0.32,0.28,134,0,0.96,-0.3,1,1,0.37
DOTUSDT,1,1.9,1,TP,46,1,731,0,0,-1.44,2.44,0.53,0.53,0.22,0.13,9,0,0.58,0,1,11,0.21
DOTUSDT,1,1.9,1,TP,5,9,1061,0,8,-0.15,0.32,2.23,1.31,0.5,0.3,88,0,1.18,-0.9,1,22,1.05
DOTUSDT,1,1.9,1,TP,10,16,1593,0,15,0.17,-0.5,9.85,1.77,0.68,0.32,93,0,1.94,-1.13,1,11,1.26
DOTUSDT,1,1.9,1,TP,30,13,160,0,12,-0.43,1.92,2.87,1.05,0.45,0.38,430,0,1.31,0.51,1,12,0.4
DOTUSDT,-1,1.9,1,TP,18,7,193,0,6,-0.03,2.67,2.31,1.07,0.46,0.18,18,0,1.37,-0.79,-1,11,0.37
DOTUSDT,1,-2.1,0,SL,20,13,144,0,12,-0.35,4.61,0.84,1.12,0.75,0.48,234,0,0.54,-0.31,1,12,1.07
DOTUSDT,-1,1.9,1,TP,6,12,306,0,11,-0.61,0.42,6.26,1.12,0.62,0.27,97,0,0.94,-1.19,-1,0,0.81
DOTUSDT,1,1.9,1,TP,14,13,171,0,12,0.18,1.28,4.93,0.8,0.87,0.5,3,0,1.89,-2.16,1,7,0.74
DOTUSDT,-1,1.9,1,TP,85,11,560,0,10,-0.49,-0.13,0.35,0.5,0.48,0.5,1022,0,0.85,-0.12,-1,22,0.32
DOTUSDT,-1,1.9,1,TP,54,5,749,0,4,0.53,-0.86,1.02,0.64,0.43,0.39,2,1,1.29,-0.81,-1,21,0.45
DOTUSDT,-1,1.9,1,TP,124,9,1161,0,8,-0.22,0.88,0.71,0.31,0.5,0.32,129,0,1.06,-0.9,-1,4,0.29
DOTUSDT,-1,1.9,1,TP,2,1,1511,0,0,-3.43,8.35,2.24,2.24,0.8,0.38,172,0,1.57,0,-1,19,1.04
DOTUSDT,-1,-2.1,0,SL,49,1,1657,0,0,-2.87,10.33,1.35,1.35,0.99,0.4,318,0,1.7,0,-1,8,0.94
DOTUSDT,1,-2.1,0,SL,20,6,230,0,5,0.26,9.83,0.97,0.84,0.61,0.44,535,0,1.79,-0.75,1,20,0.74
DOTUSDT,-1,-2.1,0,SL,18,1,193,0,0,-2.86,4.24,1.72,1.72,1.36,0.69,91,0,1.76,0,-1,19,1.95
DOTUSDT,-1,-2.1,0,SL,75,13,670,0,12,0.14,2.53,1.35,0.36,0.69,0.46,41,1,1.49,-0.2,-1,19,0.55
DOTUSDT,1,1.9,1,TP,34,12,195,0,11,-0.73,0.79,1.22,0.5,0.37,0.23,82,0,1.14,-0.08,1,5,0.34
DOTUSDT,1,1.9,1,TP,18,3,369,0,2,0.49,5.21,0.92,0.84,0.36,0.35,143,1,1.07,-0.6,1,0,0.41
DOTUSDT,1,1.9,1,TP,28,11,507,0,10,0.22,2.14,2.25,0.66,0.44,0.65,3,1,0.66,-0.88,1,11,0.41
DOTUSDT,1,1.9,1,TP,72,2,145,0,1,-0.14,1.66,1.29,2.17,0.68,0.38,9,0,0.79,-0.58,1,15,1.56
DOTUSDT,1,-0.839,0,TIMEOUT,90,10,427,0,9,-0.02,3.92,1.12,1.9,0.38,0.58,139,0,1.08,-0.09,1,13,0.61
DOTUSDT,1,-2.1,0,SL,4,12,563,0,11,0.39,2.82,0.89,1.09,0.44,0.32,28,0,1.29,-0.23,1,23,0.62
DOTUSDT,1,1.9,1,TP,12,1,688,0,0,-2.91,3.99,1.16,1.16,0.33,0.32,164,0,0.86,0,1,6,0.38
DOTUSDT,-1,-2.1,0,SL,19,11,429,0,10,0.11,4.24,1.03,0.61,0.56,0.27,194,0,1.43,-0.21,-1,20,0.46
DOTUSDT,-1,-2.1,0,SL,49,5,575,0,4,0.13,2.85,1.06,1.22,0.41,0.29,73,0,1.18,-0.48,-1,8,0.61
DOTUSDT,-1,-2.1,0,SL,56,5,156,0,4,-0.92,1.72,0.61,2.03,0.38,0.82,92,2,1.09,0.12,-1,12,0.73
DOTUSDT,-1,-1.475,0,TIMEOUT,34,7,349,0,6,-0.96,10.11,0.46,0.65,0.36,0.26,345,0,0.45,-0.18,-1,17,0.48
DOTUSDT,-1,1.9,1,TP,11,1,470,0,0,-1.47,5.41,0.99,0.99,0.61,0.25,86,0,0.46,0,-1,14,0.7
DOTUSDT,-1,-2.1,0,SL,15,4,127,0,3,-1.25,0.55,1.17,1.86,0.42,0.71,85,1,0.99,0.23,-1,14,0.63
DOTUSDT,1,-0.675,0,TIMEOUT,93,1,230,0,0,-0.97,2.06,0.54,0.54,0.21,0.24,121,0,0.61,0,1,11,0.24
DOTUSDT,-1,-0.219,0,TIMEOUT,180,22,4,6,15,-0.37,0.73,3.22,0.34,0.52,0.16,106,0,1.53,1.39,-1,18,0.34
DOTUSDT,-1,1.9,1,TP,19,7,207,0,6,0.3,3.48,0.81,0.43,0.39,0.16,318,0,1.03,-0.75,-1,21,0.18
DOTUSDT,1,1.9,1,TP,23,1,408,0,0,-3.81,12.08,1.84,1.84,0.4,0.23,184,0,1.22,0,1,4,0.45
DOTUSDT,1,1.9,1,TP,15,5,87,4,0,-1.09,0.71,1.46,1.46,0.56,0.88,35,1,1.78,0.62,1,6,0.67
DOTUSDT,-1,1.9,1,TP,20,17,123,0,16,0.43,4.07,3.37,0.53,0.65,0.35,9,0,1.94,-0.84,-1,18,0.52
DOTUSDT,-1,1.9,1,TP,106,7,329,0,6,0.11,1.93,1.49,0.61,0.35,0.14,8,0,1.03,-0.81,-1,21,0.33
DOTUSDT,1,1.9,1,TP,12,11,143,0,10,-0.96,3.77,2.62,1.43,0.35,0.13,4,0,0.68,0,1,12,0.52
DOTUSDT,1,1.9,1,TP,7,1,58,0,0,-4.57,5.17,5.31,5.31,0.71,0.27,5,0,1.44,0,1,1,1.01
DOTUSDT,1,-1.509,0,TIMEOUT,81,5,269,0,4,0.2,1.67,1.25,2.1,0.45,0.33,23,0,0.14,-0.97,1,6,0.78
DOTUSDT,-1,1.9,1,TP,19,11,6,0,10,-0.14,0.28,0.94,0.5,0.4,0.34,109,0,1.18,-0.13,-1,5,0.15
DOTUSDT,-1,-1.059,0,TIMEOUT,72,7,358,0,6,-0.02,2.79,1.25,0.51,0.3,0.35,47,0,0.56,-0.31,-1,21,0.15
DOTUSDT,-1,1.9,1,TP,82,15,655,0,14,0.42,0.31,12.06,0.44,0.37,0.15,0,0,0.72,-0.9,-1,23,0.5
DOTUSDT,-1,-1.192,0,TIMEOUT,70,12,1402,0,11,0.41,2.14,3.66,0.94,0.49,0.08,74,0,0.86,-0.34,-1,18,0.69
DOTUSDT,1,-0.359,0,TIMEOUT,117,4,350,0,3,-0.67,0,1.34,4.98,0.12,0.24,184,0,0.12,-0.1,1,11,0.28
DOTUSDT,1,-0.439,0,TIMEOUT,31,4,566,0,3,0.66,0.68,0.67,0.95,0.23,0.1,28,0,0.09,-0.6,1,17,0.38
DOTUSDT,-1,1.9,1,TP,66,6,7,0,5,-0.11,-0.12,1.8,1,0.17,0.12,5,0,0.54,-0.1,-1,2,0.14
DOTUSDT,-1,1.9,1,TP,4,1,271,0,0,-1.4,0.7,0.92,0.92,0.46,0.21,0,0,1.42,0,-1,20,0.64
DOTUSDT,-1,1.9,1,TP,6,3,628,0,2,0.28,-0.16,1.61,1.07,0.41,0.18,129,0,0.72,-0.81,-1,13,0.83
DOTUSDT,1,1.9,1,TP,33,1,148,0,0,-1.49,0.33,0.83,0.83,0.46,0.11,131,0,0.46,0,1,15,0.4
DOTUSDT,-1,-1.309,0,TIMEOUT,238,3,437,0,2,-1.63,2.58,9.1,2.14,0.39,0.31,34,0,0.68,-0.19,-1,15,0.83
DOTUSDT,-1,-0.896,0,TIMEOUT,56,5,680,0,4,0.88,-0.48,2.22,1.68,0.41,0.2,8,1,0.53,-0.95,-1,1,0.55
DOTUSDT,-1,-1.478,0,TIMEOUT,53,12,959,0,11,0.08,1.1,0.4,0.36,0.27,0.23,250,0,0.67,0.08,-1,22,0.18
DOTUSDT,-1,-1.312,0,TIMEOUT,4,10,663,0,9,-0.73,5.36,1.04,1.44,0.14,0.08,47,0,0.12,-0.13,-1,8,0.13
DOTUSDT,1,1.9,1,TP,45,3,516,0,2,-0.07,6.86,1.75,2.05,0.76,0.51,193,0,1.92,-1.57,1,16,1.29
DOTUSDT,1,1.9,1,TP,115,2,779,0,1,-0.34,1.88,0.76,0.49,0.25,0.12,29,0,0.05,-0.02,1,10,0.19
DOTUSDT,1,1.9,1,TP,1,1,285,0,0,-3.71,3.02,4.54,4.54,0.91,0.52,95,0,1.04,0,1,18,2.45
DOTUSDT,1,1.9,1,TP,33,9,940,0,8,-0.21,0.78,7.58,0.85,0.72,0.4,0,0,1.7,-0.93,1,14,0.92
DOTUSDT,1,-2.1,0,SL,18,4,1089,0,3,-0.04,3.58,0.81,0.55,0.83,0.39,154,0,2,-1.2,1,3,0.51
DOTUSDT,1,1.9,1,TP,15,1,323,0,0,-0.69,2.58,0.43,0.43,0.46,0.11,14,0,0.89,0,1,1,0.31
DOTUSDT,1,1.9,1,TP,21,1,486,0,0,-2.45,0.29,1.86,1.86,0.73,0.38,123,0,1.47,0,1,17,1.32
DOTUSDT,1,-2.1,0,SL,7,2,988,0,1,-0.96,1.48,0.72,1.4,0.68,0.51,11,0,1.83,0.12,1,23,1.14
DOTUSDT,-1,-2.1,0,SL,24,4,190,0,3,-0.06,5.12,2.46,0.69,1.09,0.85,211,1,0.92,-2.27,-1,7,0.63
DOTUSDT,-1,1.9,1,TP,13,2,101,0,1,-0.52,3.2,0.61,0.68,0.65,0.34,90,0,1.9,-0.14,-1,11,0.77
DOTUSDT,-1,-2.1,0,SL,21,8,340,3,4,-0.76,2.62,0.43,0.89,0.61,1.14,178,1,1.86,0.71,-1,23,0.72
DOTUSDT,1,-2.1,0,SL,10,4,612,0,3,-0.21,9.7,0.56,0.97,0.89,0.83,446,0,1.21,-0.44,1,11,1.37
DOTUSDT,-1,1.9,1,TP,10,10,330,0,9,-0.04,1.14,2.34,0.33,0.69,0.72,62,0,1.03,-1.25,-1,1,0.3
DOTUSDT,-1,1.9,1,TP,14,1,186,0,0,-1.81,3.74,3.59,3.59,0.88,1.13,36,1,2.43,0,-1,10,2.26
DOTUSDT,1,1.9,1,TP,2,1,196,0,0,-4.03,3.29,2.51,2.51,1.39,0.47,130,0,0.74,0,1,21,2.79
DOTUSDT,-1,1.9,1,TP,19,17,880,0,16,0,18.82,1.6,0.75,0.56,0.55,524,0,1.64,0.25,-1,5,0.36
DOTUSDT,1,1.9,1,TP,49,11,114,4,6,0.47,-1.4,0.49,1.56,0.4,0.18,45,0,1.16,-0.25,1,16,0.65
DOTUSDT,1,-1.002,0,TIMEOUT,89,6,294,0,5,0.12,1.27,2.25,1.07,0.36,0.32,111,0,1.02,-0.69,1,22,0.55
DOTUSDT,1,1.9,1,TP,17,16,476,0,15,0.8,1.1,2.3,1.04,0.56,0.32,283,0,1.04,0.01,1,19,0.94
DOTUSDT,1,1.9,1,TP,21,1,604,0,0,-2.77,2.85,1.17,1.17,0.61,0.67,57,0,1.42,0,1,3,0.48
DOTUSDT,-1,-2.1,0,SL,14,14,211,0,13,-0.54,5.66,1.59,0.49,0.5,0.68,526,1,1.54,0.72,-1,11,0.45
DOTUSDT,1,1.9,1,TP,86,1,217,0,0,-4.84,4.66,5.17,5.17,0.69,0.27,73,0,1.09,0,1,16,2.39
DOTUSDT,1,-2.1,0,SL,24,13,481,0,12,-1.04,12.64,2.13,0.72,0.87,0.25,325,0,2.59,2.32,1,10,0.95
DOTUSDT,1,1.9,1,TP,5,9,637,0,8,-0.34,13.24,1.15,1.98,0.73,0.25,485,0,1.95,-0.17,1,1,1.49
DOTUSDT,1,1.9,1,TP,22,1,796,0,0,-3.08,4.03,6.61,6.61,1.12,0.44,44,0,3.02,0,1,17,2.66
DOTUSDT,1,1.9,1,TP,14,12,438,0,11,-0.3,3.64,0.61,1.51,0.9,0.38,284,0,1.43,0.47,1,11,1.74
DOTUSDT,1,-2.1,0,SL,13,15,624,0,14,0.05,4.14,1.09,1.59,0.73,0.34,91,0,2.09,0.67,1,10,1.15
DOTUSDT,-1,-2.1,0,SL,2,3,304,1,1,-0.86,14.29,0.75,0.83,1.07,1.58,398,0,2.9,1.32,-1,22,1.02
DOTUSDT,-1,1.9,1,TP,35,6,611,0,5,0.56,-1.22,1.23,1.57,0.77,0.74,139,0,1.87,-1.52,-1,3,1.04
DOTUSDT,-1,-1.87,0,TIMEOUT,94,5,211,0,4,0.78,-0.93,1.7,1.39,0.41,0.72,181,1,1.24,-1.01,1,0,0.44
DOTUSDT,-1,1.9,1,TP,30,1,334,0,0,-1.86,1.3,0.75,0.75,0.87,0.73,308,1,0.81,0,-1,7,0.79
DOTUSDT,-1,1.9,1,TP,6,6,705,0,5,0.04,5.7,3.27,0.49,0.53,0.77,142,1,1.58,-1.3,-1,3,0.32
DOTUSDT,-1,-2.1,0,SL,11,9,243,0,8,0.08,-0.9,2.59,0.64,1.19,0.9,400,0,2.39,-2.27,-1,4,1.57
DOTUSDT,1,-2.1,0,SL,16,4,353,0,3,-0.01,2.36,0.74,1.4,0.53,0.66,44,0,1.24,-0.76,1,9,0.82
DOTUSDT,-1,1.9,1,TP,11,7,417,0,6,0.04,1.47,2.86,0.92,0.55,0.25,202,0,0.85,-1.39,-1,1,0.71
DOTUSDT,1,-2.1,0,SL,70,8,180,0,7,-0.34,4.74,0.79,0.59,0.54,0.54,16,0,1.69,-0.19,1,18,0.47
DOTUSDT,1,1.9,1,TP,55,10,373,0,9,-1.38,4.81,1.69,0.65,0.57,0.54,207,0,1.02,-0.62,1,18,0.95
DOTUSDT,-1,1.9,1,TP,27,1,235,0,0,-2.55,1.91,2.79,2.79,0.73,0.34,82,0,1.08,0,-1,15,1.38
DOTUSDT,-1,1.9,1,TP,54,3,592,1,1,-0.12,0.91,0.77,0.51,0.47,0.41,10,0,1.36,0.09,-1,8,0.47
DOTUSDT,1,-2.1,0,SL,38,13,165,0,12,0.07,2.54,7.22,0.45,0.46,0.51,396,0,1.37,-1.23,1,18,0.33
DOTUSDT,-1,-2.1,0,SL,33,12,412,0,11,0.11,0.81,1.54,0.73,0.42,0.17,141,0,0.68,-0.65,-1,21,0.36
DOTUSDT,-1,-2.1,0,SL,53,5,528,0,4,-0.36,-0.44,1.54,1.1,0.36,0.17,4,0,0.55,-0.36,-1,2,0.27
DOTUSDT,1,-2.1,0,SL,21,4,259,0,3,1.66,-1.27,1.84,12.79,0.53,0.2,111,0,0.7,-1.84,1,12,2.58
DOTUSDT,-1,-2.1,0,SL,1,1,0,0,0,-8.79,9.81,33.33,33.33,1.87,0.23,136,0,4.41,0,-1,18,16.73
DOTUSDT,-1,-2.1,0,SL,30,3,249,0,2,-0.47,25.7,2.08,1.28,0.46,0.22,383,0,1.24,-0.85,-1,8,0.62
DOTUSDT,-1,1.9,1,TP,24,15,262,0,14,-0.07,7.88,0.68,0.5,0.61,1.42,245,0,1.89,0.05,-1,18,0.47
DOTUSDT,-1,1.9,1,TP,5,11,555,0,10,0.26,2.73,2.29,0.9,0.37,0.49,30,1,0.57,-0.87,-1,19,0.53
DOTUSDT,1,1.9,1,TP,11,1,174,0,0,-3.21,11.92,1.43,1.43,0.48,0.91,291,0,0.83,0,1,10,0.54
DOTUSDT,1,-2.1,0,SL,9,10,193,0,9,-0.06,0.73,0.49,0.59,0.9,0.54,51,0,1.48,-0.62,1,12,1
DOTUSDT,1,1.9,1,TP,78,4,340,0,3,0.03,9.45,0.43,0.58,0.64,0.27,473,0,0.94,-0.65,1,18,0.5
DOTUSDT,1,-2.1,0,SL,17,13,114,0,12,-0.44,3.17,0.31,0.9,0.52,0.26,18,0,1.13,0.03,1,1,0.53
DOTUSDT,-1,-1.697,0,TIMEOUT,76,16,509,0,15,0.34,3.06,1.31,0.94,0.35,0.35,38,0,0.86,0.03,-1,8,0.3
DOTUSDT,-1,1.9,1,TP,89,9,648,0,8,-0.45,0.07,0.79,0.33,0.53,0.14,67,0,0.95,-0.87,-1,18,0.42
DOTUSDT,-1,1.9,1,TP,27,14,1030,0,13,-0.43,2.41,4.07,0.35,0.84,0.43,10,0,2.42,-1.91,-1,18,0.53
DOTUSDT,-1,-2.1,0,SL,17,14,174,0,13,-0.15,8.14,1.5,0.96,0.44,0.49,150,0,1.39,0.54,-1,12,0.38
DOTUSDT,-1,1.9,1,TP,12,7,284,0,6,-0.59,1.71,4.01,1.06,0.74,1.06,6,0,1.37,-1.12,-1,15,0.92
DOTUSDT,-1,-1.355,0,TIMEOUT,122,3,467,0,2,0,3.05,1.69,2.62,0.59,0.26,155,0,1.25,-1.44,-1,13,1.32
DOTUSDT,1,1.9,1,TP,11,3,131,1,1,0.1,1.63,0.19,0.46,0.48,0.29,47,0,1.53,0.02,-1,21,0.38
DOTUSDT,-1,-2.1,0,SL,47,1,321,0,0,-2.14,9.76,0.95,0.95,0.67,0.47,185,0,1.61,0,-1,19,0.73
DOTUSDT,-1,1.9,1,TP,41,9,546,0,8,-0.75,3.22,1.88,0.53,0.37,0.17,178,0,1.06,0.26,-1,3,0.28
DOTUSDT,-1,1.9,1,TP,29,11,794,0,10,-0.89,4.81,0.75,0.63,0.56,0.44,6,0,0.89,0.53,-1,17,0.63
DOTUSDT,-1,1.9,1,TP,34,14,944,0,13,0.43,10.08,0.37,1,0.46,0.44,153,0,1.41,-0.95,-1,7,0.67
DOTUSDT,1,-1.218,0,TIMEOUT,74,17,210,0,16,-0.05,4.09,2,1.18,0.35,0.16,25,0,0.96,0.52,1,4,0.67
DOTUSDT,1,-1.506,0,TIMEOUT,70,20,203,7,12,-0.15,0.11,2.96,0.62,0.43,0.16,659,0,1.25,1.22,1,17,0.29
DOTUSDT,1,1.9,1,TP,36,3,412,0,2,-0.59,0.65,0.62,0.95,0.42,0.16,878,0,0.96,0.09,1,22,0.43
DOTUSDT,-1,-1.288,0,TIMEOUT,83,14,561,0,13,0.28,-0.25,0.69,0.68,0.38,0.1,52,0,0.98,0.02,-1,22,0.51
DOTUSDT,1,1.9,1,TP,40,1,226,0,0,-3.4,5.4,0.97,0.97,0.51,0.23,25,0,0.39,0,1,4,0.56
DOTUSDT,1,-0.459,0,TIMEOUT,202,12,112,0,11,-0.09,5.27,1.17,0.89,0.4,0.12,22,0,1.3,-0.48,1,4,0.29
DOTUSDT,1,-2.1,0,SL,7,3,733,0,2,0.02,2.67,0.52,0.4,1.35,0.38,20,0,1.42,-1.38,1,17,0.66
DOTUSDT,1,1.9,1,TP,9,1,180,0,0,-2.52,11.29,2.42,2.42,1.09,0.61,334,0,1.98,0,1,2,2.12
DOTUSDT,1,-2.1,0,SL,3,4,411,1,2,-1.58,16.42,0.79,1.19,1.07,0.58,563,0,2.88,2.36,1,11,1.75
DOTUSDT,1,-2.1,0,SL,3,4,518,0,3,-0.62,12.75,0.67,1.73,1.16,0.6,669,0,2.19,-0.44,1,14,1.91
DOTUSDT,1,1.9,1,TP,3,1,325,0,0,-3.57,1.48,2.43,2.43,1.53,1.13,69,0,2.83,0,1,21,3.29
DOTUSDT,1,1.9,1,TP,11,3,584,0,2,0.1,5.54,0.8,0.81,1.25,1.4,191,0,3.83,-0.66,1,13,0.97
DOTUSDT,1,1.9,1,TP,7,4,790,0,3,0.27,5.07,0.89,1.16,0.97,1.43,396,0,2.32,-1.09,1,17,0.83
DOTUSDT,-1,1.9,1,TP,18,1,329,0,0,-2.14,0.14,0.84,0.84,1.48,0.47,77,0,0.53,0,-1,14,1.8
DOTUSDT,-1,1.9,1,TP,18,7,125,0,6,0.96,-0.27,1.45,2.14,0.91,1.14,28,1,2.22,-2.33,-1,17,1.64
DOTUSDT,-1,-2.1,0,SL,23,8,326,0,7,-0.36,2.39,0.82,0.88,0.5,1.16,228,1,1.35,-0.2,-1,19,0.48
DOTUSDT,-1,1.9,1,TP,16,3,556,0,2,0.1,-0.94,0.73,1.23,0.43,0.21,19,0,1.39,-0.59,-1,5,0.47
DOTUSDT,1,-2.1,0,SL,16,7,422,0,6,0.23,1.29,0.73,1.01,0.64,0.31,86,0,1.58,-0.33,1,6,0.97
DOTUSDT,-1,-2.1,0,SL,3,8,502,0,7,-0.09,1.06,4.8,0.58,0.47,1.92,226,1,1.41,-0.96,-1,23,0.29
DOTUSDT,-1,1.9,1,TP,4,1,55,0,0,-1.05,10.74,0.43,0.43,0.81,0.46,125,0,1.92,0,-1,6,0.53
DOTUSDT,-1,-2.1,0,SL,36,1,225,0,0,-1.53,3.7,2.19,2.19,1.2,0.91,31,0,3.4,0,-1,0,2.04
DOTUSDT,-1,1.9,1,TP,13,3,408,0,2,-0.15,1.21,0.67,0.93,0.63,0.88,212,0,1.07,-0.37,-1,22,0.8
DOTUSDT,-1,-1.454,0,TIMEOUT,169,6,611,0,5,0.64,5.21,1.02,1.83,0.61,0.9,412,0,1.7,-1.11,-1,1,1.07
DOTUSDT,-1,1.9,1,TP,5,1,797,0,0,-3.7,6.08,1.43,1.43,0.67,0.5,11,0,1.04,0,-1,23,0.53
DOTUSDT,-1,1.9,1,TP,5,1,976,0,0,-1.29,15.89,0.72,0.72,0.73,0.54,190,0,2.18,0,-1,20,0.52
DOTUSDT,-1,-2.1,0,SL,75,8,571,2,5,-0.11,-1.84,0.66,0.73,0.98,0.7,91,0,1.88,-1.24,-1,23,1.01
DOTUSDT,1,1.9,1,TP,7,2,290,0,1,1.29,-3.03,2.03,14.99,1.12,1.51,190,0,0.96,-2.71,1,13,4.97
DOTUSDT,-1,1.9,1,TP,39,3,156,0,2,0.04,9.19,0.4,0.52,0.84,0.39,283,0,2.27,-0.54,-1,20,0.74
DOTUSDT,1,1.9,1,TP,4,14,95,0,13,0.13,4.71,1.89,2.04,0.82,0.57,49,0,2.24,-1.1,1,12,1.68
DOTUSDT,-1,-2.1,0,SL,74,2,324,0,1,0.18,-0.42,0.88,0.99,1.01,0.93,35,0,2.43,-0.84,-1,16,1.24
DOTUSDT,-1,-2.1,0,SL,9,12,438,0,11,-0.73,1.88,1.4,0.35,0.78,1,84,1,2.2,-1.25,-1,20,0.64
DOTUSDT,1,-2.1,0,SL,81,14,254,0,13,-0.11,6.15,1.39,0.49,0.6,0.32,39,0,1.71,-0.77,1,5,0.45
DOTUSDT,1,1.9,1,TP,14,1,414,0,0,-2.57,4.43,1.62,1.62,0.65,0.34,32,0,0.72,0,1,21,0.86
DOTUSDT,1,-2.1,0,SL,34,1,628,0,0,-3.28,6.29,1.16,1.16,0.55,0.44,24,0,0.67,0,1,2,0.66
DOTUSDT,1,1.9,1,TP,6,1,920,0,0,-1.54,1.73,1.26,1.26,0.57,0.29,14,0,1.08,0,1,3,0.59
DOTUSDT,1,-2.1,0,SL,7,14,1148,0,13,-0.64,2.22,1.68,1.2,0.48,0.25,137,0,1.4,0.25,1,12,0.63
DOTUSDT,1,1.9,1,TP,12,2,124,0,1,-0.01,4.01,0.98,0.75,0.76,0.51,210,0,0.86,-0.79,1,17,0.84
DOTUSDT,-1,1.9,1,TP,12,1,211,0,0,-0.81,1.83,0.83,0.83,0.34,0.4,111,0,1.09,0,-1,10,0.25
DOTUSDT,-1,1.9,1,TP,8,1,526,0,0,-2.26,2.69,2.15,2.15,1.07,0.58,5,0,2.22,0,-1,17,2.04
DOTUSDT,1,1.9,1,TP,68,11,185,0,10,-0.77,6.76,1.53,0.8,0.51,1.15,194,0,0.69,-0.22,1,20,0.45
DOTUSDT,1,-2.1,0,SL,57,9,226,0,8,-0.17,19.12,5.5,1.13,0.53,0.31,450,0,1.42,-0.63,1,2,0.92
DOTUSDT,1,1.9,1,TP,19,3,165,2,0,-3.28,0.67,2.56,2.56,0.75,0.38,107,0,2.08,1.41,1,16,1.05
DOTUSDT,-1,-2.1,0,SL,20,3,692,0,2,-1,3.02,1.11,3.22,0.53,0.69,296,1,1.34,-0.1,-1,18,1.26
DOTUSDT,1,-2.1,0,SL,43,17,553,5,11,-0.16,-0.63,1.6,0.81,0.76,0.48,145,0,2.28,0.8,1,22,0.81
DOTUSDT,-1,-2.1,0,SL,9,10,348,0,9,-0.55,2.27,0.39,0.51,0.89,0.39,31,0,1.36,0.7,-1,21,0.99
DOTUSDT,-1,1.9,1,TP,19,7,279,0,6,0.12,3.43,0.56,0.54,0.57,0.4,49,0,1.69,-0.34,-1,20,0.78
DOTUSDT,-1,-2.1,0,SL,8,3,474,1,1,0.03,2.23,1.17,0.79,0.65,0.71,128,1,0.93,0,-1,21,0.65
DOTUSDT,-1,1.9,1,TP,10,12,570,0,11,-0.7,4.42,1.01,0.76,0.57,0.72,214,1,0.98,0.38,-1,21,0.59
DOTUSDT,-1,1.9,1,TP,90,9,819,0,8,0.55,4.6,2.52,0.99,0.46,0.52,141,0,1.38,-1.23,-1,11,0.52
DOTUSDT,1,1.9,1,TP,35,3,184,0,2,0.69,5.88,0.66,1.22,0.42,0.4,285,0,0.89,-0.79,1,12,0.6
DOTUSDT,1,1.9,1,TP,122,5,390,0,4,-0.09,11.63,1.69,0.68,0.37,0.33,434,0,0.31,-0.47,1,3,0.21
DOTUSDT,1,1.9,1,TP,22,3,428,0,2,-0.91,2.72,1.21,1.18,0.58,0.68,14,0,1.75,-0.37,1,8,0.58
DOTUSDT,-1,1.9,1,TP,12,10,275,0,9,0.34,2.66,1.3,0.73,0.64,0.39,171,0,1.74,-0.79,-1,16,0.71
DOTUSDT,1,1.9,1,TP,55,11,205,0,10,-0.06,3.03,0.69,0.6,0.42,0.25,272,0,0.47,-0.79,1,20,0.38
DOTUSDT,1,-2.1,0,SL,7,9,628,0,8,0.08,1.32,0.62,0.77,0.48,0.51,83,0,1.47,-0.68,1,6,0.51
DOTUSDT,-1,1.9,1,TP,26,2,380,0,1,-0.3,0.76,0.4,0.47,0.52,0.53,63,0,1.14,-0.08,-1,5,0.66
DOTUSDT,1,-2.1,0,SL,2,5,197,0,4,-0.29,-2.74,3.5,14.87,1.03,0.79,49,0,1.16,-1.75,1,19,4.99
DOTUSDT,-1,1.9,1,TP,13,1,213,0,0,-1.77,1.74,1.13,1.13,0.41,0.37,12,0,0.68,0,-1,23,0.32
DOTUSDT,-1,-2.1,0,SL,13,10,311,0,9,0.33,1.26,0.89,0.44,0.67,0.41,3,0,1.97,-0.99,-1,23,0.73
DOTUSDT,1,1.9,1,TP,23,15,111,0,14,-0.32,-0.35,0.56,1.57,0.22,0.16,154,0,0.68,-0.08,1,6,0.23
DOTUSDT,1,1.9,1,TP,18,4,646,0,3,0.09,3.42,0.54,1.15,0.44,0.19,98,0,1.26,-0.77,1,20,0.54
DOTUSDT,-1,1.9,1,TP,8,5,451,0,4,-0.11,1.74,3.34,3.03,0.55,0.33,75,0,1.46,-0.76,-1,2,1.23
DOTUSDT,1,1.9,1,TP,62,1,229,0,0,-5.18,5.5,14.72,14.72,0.58,0.2,100,0,0.3,0,1,8,2.62
DOTUSDT,1,-2.1,0,SL,67,2,455,0,1,-0.53,5.86,3.07,5.04,0.81,0.23,213,0,1.78,-0.19,1,17,1.88
DOTUSDT,1,1.9,1,TP,12,1,599,0,0,-2.26,4.27,2.31,2.31,0.51,0.23,10,0,0.59,0,1,5,0.58
DOTUSDT,-1,1.9,1,TP,12,10,131,0,9,-0.55,1.54,2.09,0.41,0.5,0.36,95,0,1.52,-0.96,-1,5,0.36
DOTUSDT,-1,1.9,1,TP,7,1,276,0,0,-1.85,2.78,0.45,0.45,1.02,0.37,249,0,0.5,0,-1,17,0.74
DOTUSDT,-1,1.9,1,TP,10,13,130,0,12,-0.41,3.79,0.87,0.43,0.88,0.7,78,0,2.61,0.41,-1,18,0.6
DOTUSDT,1,-2.1,0,SL,16,10,193,1,8,-1.03,-0.16,1.94,2.49,1,0.73,503,0,1.77,-0.16,1,17,1.46
DOTUSDT,-1,1.9,1,TP,14,2,113,0,1,0.46,2.25,0.58,0.77,0.84,1.11,47,0,1.54,-0.89,-1,6,1.17
DOTUSDT,-1,1.9,1,TP,33,9,638,0,8,0.43,6.34,4.49,1.07,0.65,0.44,247,0,1.89,-2.31,-1,7,1
DOTUSDT,-1,1.9,1,TP,8,1,772,0,0,-4.13,1.86,2.28,2.28,1.35,1.02,79,0,0.84,0,-1,17,2.34
DOTUSDT,-1,1.9,1,TP,7,19,1232,5,13,0.16,-0.78,3.63,1.02,0.56,0.48,73,0,1.66,0.35,-1,12,0.97
DOTUSDT,-1,1.9,1,TP,6,9,187,0,8,0.14,18.06,2.26,1.1,0.46,0.38,219,0,1.32,-0.86,-1,12,0.76
DOTUSDT,-1,-2.1,0,SL,18,3,370,0,2,-0.74,4.81,1.15,1.87,0.47,0.48,100,0,1.4,0.19,-1,10,0.91
DOTUSDT,-1,1.9,1,TP,14,7,308,0,6,-0.34,30.28,0.56,0.79,0.33,0.7,371,0,1.02,-0.25,-1,8,0.35
DOTUSDT,-1,-2.1,0,SL,37,9,747,0,8,0.08,4.13,1.99,0.32,1.07,0.51,11,0,2.09,-2.72,-1,21,0.79
DOTUSDT,-1,-1.591,0,TIMEOUT,17,15,968,0,14,-0.22,3.1,5.2,0.92,0.36,0.17,20,0,0.59,0,-1,5,0.55
DOTUSDT,-1,-2.1,0,SL,29,14,1015,0,13,-0.09,4.71,3.33,0.28,0.63,0.17,68,0,1.67,-1.02,-1,16,0.45
DOTUSDT,-1,1.9,1,TP,30,10,1135,0,9,0.45,3.6,0.74,0.4,0.65,0.56,24,0,1.56,-1.25,-1,22,0.78
DOTUSDT,1,-2.1,0,SL,11,11,168,0,10,0.26,13.22,0.67,2.65,0.59,0.64,440,0,1.64,-0.84,1,7,1.28
DOTUSDT,1,1.9,1,TP,2,3,390,0,2,-0.1,1.28,0.62,1.42,0.9,0.6,9,1,1.89,-0.92,1,17,1.53
DOTUSDT,-1,-2.1,0,SL,8,11,251,0,10,-0.72,-0.74,0.74,2.23,0.65,0.63,241,0,1.47,0.34,-1,23,0.78
DOTUSDT,-1,-2.1,0,SL,7,20,312,4,15,0.35,-0.44,0.4,3.8,0.67,0.63,47,0,1.79,-0.29,-1,14,1.7
DOTUSDT,-1,1.9,1,TP,5,6,151,0,5,0.15,10.34,1.4,3.06,0.73,0.3,385,0,1.97,-0.82,-1,14,1.78
DOTUSDT,-1,-2.1,0,SL,17,6,378,4,1,-0.18,-0.1,1.66,0.49,0.52,0.26,0,0,1.57,0.21,-1,23,0.36
DOTUSDT,-1,-2.1,0,SL,7,2,443,0,1,-0.28,0.53,1.71,1.11,0.68,0.42,3,0,1.33,-0.47,-1,15,0.83
DOTUSDT,-1,1.9,1,TP,40,1,967,0,0,-2.53,1.39,6.29,6.29,0.71,0.5,0,1,0.97,0,-1,2,1.71
DOTUSDT,-1,1.9,1,TP,5,3,1498,0,2,-0.17,-0.86,2.72,4.52,0.85,0.66,159,0,1.85,-1.2,-1,15,2.44
DOTUSDT,-1,1.9,1,TP,20,5,1991,0,4,0.58,-0.68,0.68,1.38,0.66,0.44,102,0,1.21,-1.04,1,18,1.03
DOTUSDT,-1,1.9,1,TP,16,7,2145,0,6,-0.17,8.5,0.42,1.3,0.55,0.47,254,0,1.7,-0.62,-1,9,0.62
DOTUSDT,-1,1.9,1,TP,40,3,124,1,1,-0.79,6.75,0.38,0.75,0.57,0.24,97,0,1.8,0.55,-1,23,0.55
DOTUSDT,-1,-2.1,0,SL,16,3,96,0,2,0.53,0.63,0.7,1.26,0.74,0.93,84,0,2.08,-0.94,-1,12,1.6
DOTUSDT,-1,-2.1,0,SL,36,15,408,0,14,0.05,1.55,3.36,0.69,0.83,0.47,78,0,2.43,-0.34,-1,18,0.95
DOTUSDT,1,1.9,1,TP,18,9,134,0,8,0.37,0.64,2.83,1.15,0.83,0.59,142,0,2.06,-1.87,1,15,1.32
DOTUSDT,1,-2.1,0,SL,54,6,277,0,5,-0.29,2.27,1.28,0.46,0.52,0.59,288,0,1.55,-0.71,1,2,0.39
DOTUSDT,-1,1.9,1,TP,26,5,515,3,1,-0.29,0,0.98,0.6,0.59,0.35,70,0,1.84,0.56,-1,4,0.35
DOTUSDT,-1,-2.1,0,SL,66,10,1158,0,9,0.54,3.3,1.44,0.59,0.51,0.24,32,0,1.52,-1.13,-1,21,0.72
DOTUSDT,-1,1.9,1,TP,38,1,1366,0,0,-2.85,2.54,2.33,2.33,0.67,0.24,166,0,0.66,0,-1,1,0.89
DOTUSDT,-1,-2.1,0,SL,54,17,1690,0,16,-0.26,3.64,1.19,0.59,0.31,0.33,102,1,0.92,0.24,-1,10,0.57
DOTUSDT,-1,1.9,1,TP,11,4,242,0,3,-0.61,5.83,1.48,0.77,0.68,0.94,138,0,2.01,-0.43,-1,16,0.6
DOTUSDT,-1,-1.305,0,TIMEOUT,42,10,245,0,9,0.05,-0.69,0.32,0.83,0.35,0.56,199,0,1.08,-0.4,-1,21,0.32
DOTUSDT,-1,-1.4,0,TIMEOUT,187,1,379,0,0,-3.1,1.59,2.67,2.67,0.56,0.57,342,0,0.44,0,-1,6,0.89
DOTUSDT,-1,-2.1,0,SL,14,10,617,0,9,-2.95,2.45,2.18,9.18,0.79,0.59,571,0,1.11,1.49,-1,18,3.54
DOTUSDT,-1,-2.1,0,SL,76,10,956,4,5,0.2,-1.17,0.88,1.62,0.35,0.41,62,0,0.6,-0.17,-1,6,0.5
DOTUSDT,1,-2.1,0,SL,15,14,6,0,13,0.26,3.45,1.05,0.83,0.65,0.65,62,1,1.78,-0.4,1,6,1.21
DOTUSDT,1,1.9,1,TP,21,1,428,0,0,-3.12,8.3,4.63,4.63,0.74,0.29,271,0,1.65,0,1,15,1.62
DOTUSDT,1,1.9,1,TP,16,3,605,0,2,-0.18,1.22,0.63,0.81,0.42,0.22,46,0,0.8,-0.29,1,12,0.52
DOTUSDT,1,1.9,1,TP,10,19,9,5,13,-0.16,-0.57,2.93,0.63,0.64,0.65,233,0,1.82,1.39,1,6,0.36
DOTUSDT,-1,-2.1,0,SL,99,1,226,0,0,-3.66,10.83,23.44,23.44,0.69,0.49,232,0,1.13,0,-1,23,3.65
DOTUSDT,-1,-2.1,0,SL,75,2,406,0,1,0.19,17.32,0.38,0.74,0.46,0.49,411,0,1.4,-0.24,-1,20,0.41
DOTUSDT,1,-2.1,0,SL,28,21,4,4,16,-0.62,1.63,2.94,2.61,0.95,0.77,75,0,2.53,4.17,1,22,1.54
DOTUSDT,1,-2.1,0,SL,17,12,180,0,11,-0.03,0.44,1.24,0.76,0.53,0.78,173,1,0.63,-0.08,1,18,0.78
DOTUSDT,-1,-2.1,0,SL,24,11,3,0,10,0.39,2.9,1.41,0.56,0.55,0.8,213,1,1.61,-0.73,-1,4,0.96
DOTUSDT,-1,1.9,1,TP,4,15,187,0,14,-0.58,2.94,1.08,0.56,0.67,0.57,5,0,1.97,0.08,-1,2,0.57
DOTUSDT,-1,1.9,1,TP,65,5,466,0,4,-0.61,11.99,1.05,1.57,0.45,0.59,294,0,1.29,-0.17,-1,0,0.59
DOTUSDT,-1,-2.1,0,SL,12,17,629,0,16,0.4,1.97,0.6,0.47,0.8,0.52,4,0,2.31,0.69,-1,16,0.96
DOTUSDT,1,1.9,1,TP,28,1,156,0,0,-3.35,0.46,2.29,2.29,0.67,0.4,137,0,0.72,0,1,22,0.81
DOTUSDT,-1,-2.1,0,SL,46,9,328,0,8,0.52,1.47,1.31,1.43,0.57,0.31,154,0,1.59,-0.74,-1,0,0.84
DOTUSDT,-1,1.9,1,TP,14,1,880,0,0,-1.7,11.02,0.17,0.17,0.42,0.84,295,0,1.29,0,-1,18,0.24
DOTUSDT,-1,-2.1,0,SL,19,8,1148,0,7,-0.48,2.12,1.47,2.32,0.53,0.5,123,0,1.43,0.49,-1,13,1.12
DOTUSDT,1,1.9,1,TP,1,16,449,0,15,-0.39,3.38,0.78,0.26,0.6,1.01,20,0,1.25,0,1,20,0.34
DOTUSDT,-1,-2.1,0,SL,22,13,378,0,12,-0.36,0.51,0.71,0.92,0.47,0.36,425,0,0.99,0.59,-1,9,0.24
DOTUSDT,-1,1.9,1,TP,106,12,582,0,11,-0.59,4.26,0.76,0.47,0.31,0.12,40,0,0.95,0,-1,12,0.24
DOTUSDT,-1,1.9,1,TP,2,9,375,1,7,-1.31,0.53,0.82,1.45,0.35,0.21,257,0,1.03,0.33,-1,13,0.61
FILUSDT,1,1.9,1,TP,3,13,187,0,12,-0.22,1.45,1.52,0.34,0.59,0.36,6,0,1.75,-0.87,1,16,0.24
FILUSDT,-1,1.9,1,TP,19,1,167,0,0,-1.88,1.45,0.75,0.75,0.16,0.1,3,0,0.44,0,-1,15,0.13
FILUSDT,-1,1.9,1,TP,102,1,282,0,0,-3.12,3.35,1.38,1.38,0.22,0.33,79,0,0.67,0,-1,20,0.13
FILUSDT,-1,-0.912,0,TIMEOUT,138,11,493,0,10,0.47,2.2,0.39,0.91,0.41,0.2,22,0,1.32,-0.46,-1,0,0.6
FILUSDT,-1,1.9,1,TP,160,1,658,0,0,-1.84,2.82,0.23,0.23,0.3,0.15,35,0,0.78,0,-1,18,0.13
FILUSDT,-1,-2.1,0,SL,88,8,163,0,7,-0.54,3.62,0.09,0.47,0.92,0.25,164,0,1.76,0.39,-1,14,0.68
FILUSDT,1,1.9,1,TP,2,7,226,0,6,-0.13,-0.63,1.64,2.1,0.72,0.2,84,0,0.83,-0.84,1,12,1.16
FILUSDT,1,1.9,1,TP,10,7,939,0,6,-1.3,11.1,1.02,0.97,0.56,0.85,327,1,1.62,-0.16,1,9,1
FILUSDT,1,1.9,1,TP,1,9,1336,0,8,-1.17,1.44,0.99,0.72,1.42,1.62,73,0,4.21,0.89,1,12,1.72
FILUSDT,1,1.9,1,TP,1,9,1540,0,8,-0.55,3.2,11.22,1.4,3.24,1.48,277,0,5.49,-1.19,1,15,5.66
FILUSDT,1,-2.1,0,SL,6,8,1847,0,7,0.23,1.39,0.86,0.57,1.2,0.58,10,0,0.61,-1.94,1,20,1.57
FILUSDT,1,1.9,1,TP,3,15,9,0,14,0.01,2.51,17.28,0.27,1.96,0.56,226,0,5.4,-1.9,1,3,0.88
FILUSDT,-1,-2.1,0,SL,8,6,275,0,5,0.32,1.08,1.55,0.31,0.92,1.34,54,0,2.8,-1.78,-1,11,0.9
FILUSDT,1,1.9,1,TP,12,6,145,0,5,0.28,0.08,1.73,1.54,0.77,1.31,443,0,2.25,-1.67,1,12,1.11
FILUSDT,1,1.9,1,TP,1,1,1597,0,0,-4.71,6.54,17.83,17.83,1.18,0.3,70,0,2.85,0,1,15,4.76
FILUSDT,1,-2.1,0,SL,2,5,1876,0,4,-0.72,16.98,1.96,1.19,1.63,0.21,248,0,4.84,-1.95,1,13,2.26
FILUSDT,1,1.9,1,TP,4,1,658,0,0,-5.14,1.25,4.9,4.9,1,1.28,300,0,1.91,0,1,14,2.98
FILUSDT,-1,-2.1,0,SL,15,3,190,0,2,-0.05,0.58,0.99,0.57,1.45,0.69,11,0,2.02,-1.5,-1,18,1.01
FILUSDT,-1,1.9,1,TP,4,10,371,0,9,0.52,16.08,2,1.44,0.98,0.88,554,0,2.77,-0.94,-1,1,1.17
FILUSDT,1,-2.1,0,SL,30,1,363,0,0,-4.92,5.93,7.91,7.91,0.89,0.37,47,0,1.93,0,1,2,3.06
FILUSDT,1,-2.1,0,SL,19,6,678,0,5,0.02,3.84,2.22,1.9,0.55,0.36,35,0,1.41,-0.41,1,9,1.02
FILUSDT,-1,1.9,1,TP,6,10,132,0,9,0.14,8.64,3.61,0.43,0.71,0.88,333,0,2.12,-0.81,-1,13,0.88
FILUSDT,-1,1.9,1,TP,9,9,349,0,8,-0.26,11.83,0.89,0.71,1.09,0.93,551,0,2.53,0.24,-1,19,0.98
FILUSDT,-1,1.9,1,TP,10,15,638,0,14,-0.29,2.4,2.85,0.32,1.14,0.69,2,0,3.5,0.13,-1,20,0.46
FILUSDT,-1,-2.1,0,SL,2,8,912,0,7,0.13,10.56,1.34,0.8,1.45,0.77,283,0,4.06,-1.77,-1,16,1.47
FILUSDT,-1,1.9,1,TP,1,1,1194,0,0,-2.28,2.87,2.57,2.57,3.76,4.72,3,1,3.14,0,-1,15,5.8
FILUSDT,-1,-2.1,0,SL,1,8,1570,0,7,-0.23,1.12,0.89,1.14,2.2,1.31,5,0,1.17,-0.79,-1,13,3.26
FILUSDT,1,-2.1,0,SL,33,5,168,0,4,-0.64,0.12,1.22,2.9,0.75,1.56,124,1,2.02,-0.76,1,16,1.76
FILUSDT,1,1.9,1,TP,39,17,609,0,16,0.31,0.44,1.04,0.86,0.88,1.73,233,1,2.52,0.36,1,6,0.96
FILUSDT,-1,1.9,1,TP,92,1,255,0,0,-2.22,5.34,1.76,1.76,1.16,0.82,56,0,3.24,0,-1,17,2.04
FILUSDT,-1,1.9,1,TP,15,2,94,0,1,-0.65,19.55,0.72,0.82,0.58,0.85,714,0,1.74,0.21,-1,13,0.77
FILUSDT,-1,-2.1,0,SL,37,5,120,0,4,0.01,2.88,1.01,0.78,0.66,0.6,120,0,1.89,-0.32,-1,18,0.59
FILUSDT,-1,1.9,1,TP,64,13,251,0,12,-1.11,4.51,2.91,1.23,0.53,0.2,14,0,1.52,0.46,-1,3,0.89
FILUSDT,-1,-2.1,0,SL,68,11,518,0,10,0.17,-1.16,0.27,0.21,0.39,0.28,98,0,1.18,-0.21,-1,21,0.24
FILUSDT,-1,1.9,1,TP,29,8,1353,0,7,-0.33,3.78,1.56,2.38,0.69,0.41,89,0,1.43,-0.98,-1,14,1.64
FILUSDT,1,1.9,1,TP,60,1,232,0,0,-3.62,8.26,4.72,4.72,0.67,0.88,232,0,1.66,0,1,23,1.34
FILUSDT,1,1.9,1,TP,2,1,428,0,0,-3.23,0.17,1.69,1.69,0.8,0.34,118,0,1.84,0,1,0,0.57
FILUSDT,1,1.9,1,TP,10,1,896,0,0,-3.44,7.42,0.81,0.81,0.44,0.2,95,0,1.1,0,1,21,0.32
FILUSDT,1,1.9,1,TP,34,7,1307,0,6,0.15,2.91,2.18,1,0.68,0.74,23,1,1.66,-0.99,1,4,0.72
FILUSDT,1,1.9,1,TP,5,14,1825,0,13,0.17,6.51,0.93,0.94,1.04,0.38,239,0,1.39,-0.06,1,13,1.51
FILUSDT,1,-2.1,0,SL,17,14,2197,0,13,-0.01,2.44,0.85,0.87,0.76,1.1,19,1,2.28,-0.53,1,10,0.59
FILUSDT,1,1.9,1,TP,10,14,2455,0,13,0.14,2.82,2.12,0.67,0.68,0.6,60,0,2.12,-0.03,1,3,0.48
FILUSDT,-1,1.9,1,TP,28,5,529,0,4,-0.23,-0.41,0.75,1.28,0.49,0.31,358,0,1.41,-0.09,-1,6,0.87
FILUSDT,1,1.9,1,TP,33,3,291,0,2,-0.05,10.14,0.51,1.03,0.67,0.46,306,0,1.5,-0.47,1,16,0.65
FILUSDT,-1,1.9,1,TP,2,1,285,0,0,-1.48,13.35,1.23,1.23,1.02,2.72,282,0,2.95,0,-1,12,2.01
FILUSDT,-1,1.9,1,TP,6,11,545,0,10,-0.17,2.49,0.65,0.74,1.02,0.55,29,1,2.14,0.32,-1,5,0.74
FILUSDT,1,1.9,1,TP,21,5,266,0,4,-0.53,0.8,1.47,2.19,1.12,0.43,118,0,0.49,-0.98,1,0,1.5
FILUSDT,-1,1.9,1,TP,1,1,417,0,0,-5.18,5.63,20.46,20.46,1.26,0.66,156,0,2.34,0,-1,9,6.1
FILUSDT,-1,1.9,1,TP,24,4,798,0,3,-0.92,4.56,1.02,1.72,1.19,0.79,46,0,1.99,-0.88,-1,8,1.19
FILUSDT,1,-2.1,0,SL,3,5,614,0,4,-3.65,2.73,1.01,6.33,1.43,0.57,389,0,1.73,5.03,1,16,5.8
FILUSDT,-1,-2.1,0,SL,25,12,438,0,11,-0.08,2.34,7.88,1.45,1.17,0.57,1,0,1.3,-2.08,-1,11,1.69
FILUSDT,-1,1.9,1,TP,18,7,218,0,6,0.17,2.21,0.37,0.99,0.53,0.48,10,0,0.74,-0.83,-1,18,0.44
FILUSDT,1,1.9,1,TP,7,17,121,0,16,0.81,1.61,0.62,1.47,1.06,0.44,154,0,2.3,0.3,1,6,1.8
FILUSDT,1,-2.1,0,SL,79,3,636,0,2,-0.02,-0.04,0.52,1.01,0.97,0.46,177,0,0.18,-1.08,1,14,1.13
FILUSDT,-1,-2.1,0,SL,34,17,16,0,16,-0.28,4.22,0.95,0.21,0.82,0.85,16,1,2.46,-0.32,-1,15,0.42
FILUSDT,-1,1.9,1,TP,3,13,411,0,12,-0.07,3.47,1.04,0.52,0.45,0.26,55,0,1.33,0.04,-1,19,0.32
FILUSDT,-1,-1.459,0,TIMEOUT,15,10,885,0,9,0.79,0.66,1.08,2.05,0.71,0.55,4,0,1.85,-1.53,-1,18,1.74
FILUSDT,-1,-2.1,0,SL,14,3,961,1,1,-0.02,1.43,0.57,0.55,0.46,0.55,88,0,1.33,0.19,1,13,0.19
FILUSDT,1,-2.1,0,SL,7,14,161,0,13,0.04,2.14,0.99,0.69,1.25,2.83,4,1,3.76,-1.93,1,5,1.72
FILUSDT,-1,1.9,1,TP,129,12,176,0,11,-0.08,0.89,6.36,0.37,0.54,0.47,0,0,1.7,-0.87,-1,5,0.18
FILUSDT,-1,-2.1,0,SL,23,2,266,0,1,0.07,0.65,0.87,0.49,0.5,1.2,423,0,0.68,-0.22,-1,11,0.33
FILUSDT,-1,1.9,1,TP,8,17,341,0,16,0.04,5.77,1.99,0.54,0.56,0.26,20,0,1.21,0,-1,6,0.32
FILUSDT,-1,-2.1,0,SL,3,9,582,0,8,0.01,3.22,0.89,0.47,0.67,0.41,15,0,2,-0.69,-1,18,0.52
FILUSDT,1,1.9,1,TP,55,16,313,0,15,-0.13,3.37,2.38,0.72,0.55,0.45,63,0,1.08,-0.24,1,23,0.57
FILUSDT,-1,-2.1,0,SL,14,15,288,0,14,0,6.47,0.62,0.49,0.7,0.47,217,0,2.04,0.83,-1,21,0.55
FILUSDT,1,1.9,1,TP,1,1,228,0,0,-1.54,4.02,0.94,0.94,0.69,0.59,39,0,0.91,0,1,13,0.73
FILUSDT,-1,1.9,1,TP,4,1,433,0,0,-1.68,10.44,1.32,1.32,0.51,0.53,277,0,1.57,0,-1,10,0.71
FILUSDT,-1,1.9,1,TP,1,1,301,0,0,-4.35,3.29,6.38,6.38,0.64,0.42,32,0,1.02,0,-1,21,2.32
FILUSDT,1,-2.1,0,SL,3,12,179,0,11,-0.05,2.07,1.23,0.96,0.58,0.37,6,0,1.71,-0.17,1,13,0.78
FILUSDT,1,-2.1,0,SL,5,10,548,0,9,-0.25,4.23,0.88,1.38,0.7,0.51,250,0,1.73,-0.35,1,12,1.36
FILUSDT,-1,1.9,1,TP,16,12,359,0,11,1.27,4.28,5.5,3.98,1.08,0.48,276,0,2.45,-2.22,-1,14,3.52
FILUSDT,-1,1.9,1,TP,11,3,581,2,0,-1.74,0.17,0.64,0.64,0.75,0.72,171,0,1.83,1.13,-1,21,0.68
FILUSDT,1,1.9,1,TP,11,1,117,0,0,-4.74,3.59,8.72,8.72,0.81,0.5,53,0,1.62,0,1,7,2.06
FILUSDT,-1,-2.1,0,SL,19,10,372,0,9,0.07,2.2,1.4,0.81,1,0.29,70,0,2.7,-2.52,-1,22,1.35
FILUSDT,-1,1.9,1,TP,6,3,344,0,2,0.08,3.87,0.67,0.34,0.46,0.25,121,0,0.99,-0.57,-1,21,0.23
FILUSDT,1,1.9,1,TP,32,12,113,0,11,0.55,1.1,1.11,1.88,0.55,0.46,152,0,1.54,-0.48,1,21,0.94
FILUSDT,1,1.9,1,TP,23,13,437,0,12,-0.07,2.61,1.51,2.62,0.69,0.45,4,0,1.73,0.31,1,6,1.93
FILUSDT,1,1.9,1,TP,11,5,888,0,4,0.09,-0.49,0.47,0.78,0.48,0.85,115,1,1.31,-0.6,1,22,0.53
FILUSDT,1,1.9,1,TP,23,7,148,0,6,0.22,0.56,2.55,1.33,0.99,0.36,83,0,1.32,-1.62,1,16,1.51
FILUSDT,1,1.9,1,TP,24,16,299,0,15,-0.09,3.25,0.69,0.59,1.02,0.35,225,0,2.81,1.28,1,6,0.83
FILUSDT,-1,-2.1,0,SL,45,1,769,0,0,-2.83,17.93,2.01,2.01,0.85,0.92,551,0,1.29,0,-1,15,1.24
FILUSDT,-1,1.9,1,TP,21,1,450,0,0,-2.79,2.11,2.06,2.06,0.68,0.99,78,1,1.49,0,-1,14,1.16
FILUSDT,-1,1.9,1,TP,16,9,731,0,8,0.25,-0.18,3.52,0.92,0.7,0.66,78,0,1.53,-0.88,-1,12,1.01
FILUSDT,-1,-2.1,0,SL,1,1,869,0,0,-7.01,6.98,77.08,77.08,3.94,1.85,0,0,3.99,0,-1,23,41.05
FILUSDT,-1,-2.1,0,SL,4,1,845,0,0,-3.09,16.81,2.66,2.66,1.52,3.78,283,0,4.48,0,-1,11,1.74
FILUSDT,-1,1.9,1,TP,14,17,1034,0,16,0.06,18.43,2.6,0.7,1.15,3.65,456,0,2.52,-0.89,-1,10,1.09
FILUSDT,-1,1.9,1,TP,26,5,1206,0,4,-0.88,30.98,0.66,0.99,0.76,3.71,640,0,2.32,-0.14,-1,5,0.9
FILUSDT,-1,-2.1,0,SL,48,14,1454,0,13,0.38,31.98,0.87,0.77,0.96,3.94,879,0,2.93,-1.56,-1,19,1.21
FILUSDT,-1,1.9,1,TP,50,14,165,0,13,-0.07,8.8,2.96,0.55,0.9,0.99,181,0,2.54,-0.34,-1,13,0.96
FILUSDT,-1,1.9,1,TP,22,2,140,0,1,0.48,0.24,1.22,6.59,0.75,0.36,69,0,1.75,-1.49,-1,13,1.97
FILUSDT,-1,1.9,1,TP,6,15,584,0,14,-0.12,3.94,1.4,0.89,1.66,0.68,10,0,4.7,2.59,-1,4,2.12
FILUSDT,-1,1.9,1,TP,4,6,787,0,5,-0.27,10.26,2.44,0.74,1.28,0.72,222,0,3.76,-1.39,-1,6,1.18
FILUSDT,1,1.9,1,TP,16,1,337,0,0,-1.25,1.43,2.26,2.26,0.72,0.31,2,0,1.78,0,1,22,0.84
FILUSDT,1,1.9,1,TP,5,2,573,0,1,0.32,-0.05,1.02,0.47,0.66,0.72,14,0,2.02,-0.29,1,9,0.66
FILUSDT,-1,-2.1,0,SL,40,5,536,0,4,-0.09,1.69,0.82,0.46,0.55,0.44,16,0,1.68,-0.19,-1,9,0.55
FILUSDT,1,1.9,1,TP,92,6,123,0,5,-0.04,1.44,0.61,0.55,0.68,0.55,123,0,1.91,-0.9,1,23,0.84
FILUSDT,1,-1.408,0,TIMEOUT,64,9,455,0,8,-0.12,8.73,0.61,0.49,0.49,0.53,232,0,1.6,-0.31,1,10,0.38
FILUSDT,-1,-2.1,0,SL,35,2,288,0,1,0.25,-0.75,0.51,1.27,1.08,0.35,39,0,1.52,-1.19,-1,14,1.47
FILUSDT,1,1.9,1,TP,24,10,143,0,9,-0.22,5.94,5.17,0.72,0.66,0.34,335,0,1.41,-1.22,1,18,0.64
FILUSDT,-1,-2.1,0,SL,12,13,172,0,12,-0.71,3.52,1.13,1.43,0.71,0.6,2,1,2.15,-0.44,-1,23,0.95
FILUSDT,1,1.9,1,TP,8,12,200,0,11,-0.51,3.94,0.57,0.48,0.75,0.26,46,0,2.08,-0.11,1,7,0.74
FILUSDT,1,-2.1,0,SL,48,4,157,0,3,-0.73,3,2.62,0.71,0.77,0.49,54,0,2.35,-0.25,1,20,0.69
FILUSDT,-1,1.9,1,TP,34,9,332,0,8,-0.01,3.43,1.67,0.72,0.86,0.29,46,0,2.54,-2.5,-1,10,0.84
FILUSDT,-1,1.9,1,TP,11,13,708,0,12,-0.68,3.47,7.38,1.16,0.69,0.45,21,0,1.13,-0.67,-1,8,0.73
FILUSDT,-1,-2.1,0,SL,27,8,189,0,7,0.44,4.81,0.87,0.72,0.69,0.4,270,0,1.71,-0.64,-1,17,0.75
FILUSDT,-1,1.9,1,TP,5,1,122,0,0,-3.97,4.2,4.08,4.08,1.37,0.59,1,0,1.28,0,-1,17,2.11
FILUSDT,1,-2.1,0,SL,3,2,366,0,1,-0.16,4,0.65,1,1,0.24,198,0,2.63,-0.12,1,23,0.97
FILUSDT,-1,1.9,1,TP,13,2,465,0,1,-0.12,1.86,0.43,0.59,0.51,0.28,14,1,1.13,-0.21,-1,12,0.45
FILUSDT,-1,1.9,1,TP,25,12,702,7,4,-0.08,-0.86,3.17,2.19,0.62,0.71,179,0,1.8,0.45,-1,0,0.88
FILUSDT,1,-2.1,0,SL,86,13,81,0,12,-0.25,6.87,1.62,0.74,0.94,0.67,458,0,2.78,-1.35,1,23,1.11
FILUSDT,1,-2.1,0,SL,4,9,262,0,8,0.35,7.87,3.5,0.83,0.85,0.67,643,0,1.63,-2.76,1,21,0.81
FILUSDT,-1,-1.404,0,TIMEOUT,53,1,725,0,0,-0.71,1.78,0.56,0.56,0.35,0.29,90,0,0.34,0,-1,11,0.16
FILUSDT,-1,1.9,1,TP,15,17,266,0,16,-0.46,4.46,7.57,0.48,0.31,0.26,59,1,0.96,-0.85,-1,12,0.24
FILUSDT,1,-2.1,0,SL,121,1,119,0,0,-3.35,4.15,2.03,2.03,0.72,0.61,3,1,0.67,0,1,12,0.88
FILUSDT,1,-2.1,0,SL,97,3,319,0,2,-0.5,1.85,1.99,1.3,0.44,0.19,97,0,1.12,-0.23,1,14,0.81
FILUSDT,1,1.9,1,TP,6,1,177,0,0,-2.78,4.24,1.02,1.02,0.45,0.24,245,1,0.5,0,1,15,0.24
FILUSDT,1,1.9,1,TP,63,1,469,0,0,-2.96,12.42,1.24,1.24,0.64,0.22,537,1,1.53,0,1,16,0.67
FILUSDT,-1,1.9,1,TP,11,14,425,0,13,0.12,2.23,2.21,0.48,1.29,1,188,0,3.85,-2.42,-1,17,1.04
FILUSDT,1,-2.1,0,SL,43,6,196,0,5,0.1,2.92,0.58,1.55,0.42,0.37,84,1,0.55,-0.3,1,6,0.37
FILUSDT,1,1.9,1,TP,28,3,339,0,2,-0.49,2.04,0.36,0.52,0.44,0.5,22,2,0.24,-0.09,1,18,0.34
FILUSDT,-1,-2.1,0,SL,9,8,131,4,3,-0.58,0.07,0.74,0.99,0.32,0.68,369,3,0.75,0.37,-1,23,0.26
FILUSDT,1,-2.1,0,SL,67,17,11,0,16,0.23,4.62,5.29,0.54,0.49,0.66,385,3,1.44,-0.34,1,6,0.5
FILUSDT,1,1.9,1,TP,7,1,258,0,0,-1.85,2.61,1.25,1.25,0.45,0.18,6,0,1.26,0,1,8,0.61
FILUSDT,1,-1.465,0,TIMEOUT,104,1,486,0,0,-2.35,1.74,0.82,0.82,0.34,0.15,88,0,0.14,0,1,17,0.42
FILUSDT,1,-2.1,0,SL,86,3,645,0,2,-0.15,0.75,1.94,6.24,0.5,0.18,54,0,0.83,-1.26,1,9,1.18
FILUSDT,-1,1.9,1,TP,86,13,353,0,12,0.44,2.83,4.14,1.11,0.22,0.11,112,0,0.63,-0.27,-1,1,0.23
FILUSDT,-1,1.9,1,TP,37,6,353,0,5,0.27,-1.77,0.59,0.48,0.59,0.23,72,0,1.84,-1.25,-1,17,0.52
FILUSDT,-1,1.9,1,TP,77,5,935,0,4,-0.08,0.85,1.18,0.88,0.24,0.91,115,0,0.74,-0.24,-1,19,0.2
FILUSDT,1,1.9,1,TP,52,15,4,4,10,0.29,-0.74,10.33,0.6,0.58,0.26,335,0,1.58,0.9,1,17,0.69
FILUSDT,1,1.9,1,TP,5,2,330,1,0,-3.39,0.44,2.25,2.25,0.57,0.66,102,1,0.65,0.44,1,2,0.94
FILUSDT,1,1.9,1,TP,31,5,607,0,4,-0.01,6.3,0.55,1.79,0.46,1.14,268,0,1.47,-0.63,1,0,0.54
FILUSDT,1,-2.1,0,SL,32,1,1090,0,0,-3.88,3.67,2.32,2.32,0.78,0.34,45,0,0.46,0,1,0,1.4
FILUSDT,1,1.9,1,TP,4,8,1607,0,7,-0.38,1.61,1.6,0.51,0.88,0.51,79,0,2.62,-1.37,1,10,0.9
FILUSDT,-1,-2.1,0,SL,9,12,187,0,11,-0.26,3.57,2.4,0.44,0.65,0.59,22,0,1.22,-0.83,-1,11,0.6
FILUSDT,-1,1.9,1,TP,9,15,118,0,14,0.14,-1.79,4.87,0.73,1.43,0.61,127,0,4.12,-2.06,-1,18,1.26
FILUSDT,-1,1.9,1,TP,9,5,670,0,4,0.01,7.53,2.03,0.95,0.79,0.79,351,0,2.29,-1.6,-1,12,0.88
FILUSDT,-1,1.9,1,TP,16,1,413,0,0,-2.41,6.26,1.52,1.52,0.48,0.28,58,0,1.39,0,-1,9,0.57
FILUSDT,-1,1.9,1,TP,1,1,647,0,0,-3.08,3.05,1.82,1.82,1.25,0.56,194,1,1.96,0,-1,20,1.74
FILUSDT,1,1.9,1,TP,4,6,189,0,5,0.04,1.23,2.08,1.17,1.5,1.43,123,0,2.25,-2.52,1,0,1.53
FILUSDT,-1,-2.1,0,SL,27,16,194,0,15,0.43,2.76,2.85,0.33,1.39,0.43,54,0,3.65,-3.27,1,23,0.89
FILUSDT,-1,1.9,1,TP,10,14,351,0,13,-0.67,0.49,1.01,1.01,1.08,0.25,89,0,1.26,0.56,-1,14,1.13
FILUSDT,-1,1.9,1,TP,2,1,638,0,0,-1.98,0.91,5.6,5.6,0.75,1.08,0,1,0.95,0,-1,14,2.37
FILUSDT,1,1.9,1,TP,27,13,242,0,12,-0.37,4.63,1.82,0.49,0.58,0.48,9,0,0.96,-0.91,1,17,0.44
FILUSDT,1,1.9,1,TP,6,1,221,0,0,-4.77,5.38,11.2,11.2,0.82,0.27,302,0,0.69,0,1,14,2.05
FILUSDT,1,1.9,1,TP,4,1,520,0,0,-3.79,5.13,2.65,2.65,0.53,0.27,108,0,0.38,0,1,17,0.6
FILUSDT,1,1.9,1,TP,43,12,794,0,11,0.02,2.42,1.33,1.06,0.49,0.3,10,0,1,-0.31,1,13,0.78
FILUSDT,1,-2.1,0,SL,67,16,1015,0,15,0.21,3.1,1.28,0.67,0.93,0.66,92,0,2.09,0.11,1,21,1.36
FILUSDT,1,-2.1,0,SL,74,10,1273,0,9,-0.46,4.55,1.13,0.84,0.41,0.54,79,0,0.77,-0.13,1,13,0.45
FILUSDT,-1,-2.1,0,SL,19,6,430,0,5,-0.16,6.79,0.79,0.74,0.68,0.52,199,0,1.87,-0.85,-1,20,0.77
FILUSDT,-1,1.9,1,TP,62,10,340,0,9,-0.26,1.52,0.37,0.5,0.29,0.15,171,0,0.89,-0.15,-1,21,0.13
FILUSDT,-1,1.9,1,TP,35,9,948,0,8,-0.28,0.33,1.58,0.55,0.47,0.29,141,0,0.54,-0.29,-1,5,0.22
FILUSDT,1,1.9,1,TP,1,10,240,0,9,1.42,-3.64,2.33,19.22,0.86,0.65,14,2,1.37,-2.06,1,20,4.34
FILUSDT,1,1.9,1,TP,3,1,479,0,0,-2.26,5.83,4.7,4.7,0.56,0.67,395,0,0.27,0,1,0,0.8
FILUSDT,-1,1.9,1,TP,26,1,279,0,0,-2.78,12.62,5.12,5.12,0.77,0.43,199,0,1.03,0,-1,14,2.58
FILUSDT,1,-2.1,0,SL,59,8,277,0,7,0.07,3.57,0.32,1.38,0.72,0.38,14,0,1.06,-0.9,1,0,0.85
FILUSDT,1,-2.1,0,SL,27,8,689,4,3,-0.51,0.08,1.37,1.06,0.34,0.73,106,2,0.39,0.05,1,7,0.43
FILUSDT,1,1.9,1,TP,10,15,748,0,14,0.15,2.18,1.35,0.45,0.62,0.83,2,3,1.02,-0.4,1,21,0.53
FILUSDT,1,1.9,1,TP,4,14,1170,0,13,-0.64,1.51,1.38,1.2,0.69,0.3,260,0,1.55,0.47,1,7,0.67
FILUSDT,1,1.9,1,TP,3,3,100,0,2,-0.08,0.48,1.01,0.74,0.58,0.43,32,0,1.8,-0.47,1,12,0.43
FILUSDT,1,-2.1,0,SL,3,6,517,0,5,-0.05,1.86,0.5,2.02,1.21,1.25,16,1,2.12,-0.36,1,21,1.88
FILUSDT,-1,1.9,1,TP,21,10,302,0,9,-0.73,3.06,0.87,0.67,0.64,0.38,3,0,1.83,-0.19,-1,3,0.61
FILUSDT,-1,-2.1,0,SL,62,11,470,0,10,0.16,4.13,1.87,0.53,0.38,0.38,170,0,0.93,-0.28,-1,21,0.24
FILUSDT,-1,-2.1,0,SL,38,9,361,0,8,-0.06,-1.07,2,1.08,0.48,0.94,1,1,1.44,-0.64,-1,23,0.52
FILUSDT,-1,1.9,1,TP,82,14,503,0,13,0.29,3.7,10.3,0.39,0.52,0.21,1,0,1.29,-2.13,-1,23,0.58
FILUSDT,-1,1.9,1,TP,29,9,852,0,8,0.15,1.58,1.2,1.52,0.32,0.12,93,0,0.96,-0.36,-1,14,0.38
FILUSDT,1,1.9,1,TP,31,2,140,0,1,0.17,0.81,1.39,1.75,0.36,0.15,26,0,0.07,-0.48,1,13,0.63
FILUSDT,-1,1.9,1,TP,4,5,702,0,4,0.63,1.63,2.62,0.71,0.35,0.23,43,1,0.91,-0.8,-1,11,0.51
FILUSDT,-1,1.9,1,TP,18,1,995,0,0,-2.11,1.57,1.35,1.35,0.45,0.3,1,0,0.38,0,-1,13,0.36
FILUSDT,-1,-2.1,0,SL,47,6,411,0,5,-0.1,0.66,5.76,0.65,0.52,0.35,26,0,0.89,-0.6,-1,22,0.57
FILUSDT,1,-0.933,0,TIMEOUT,44,4,303,0,3,0.24,0.23,0.78,0.7,0.27,0.52,121,0,0.68,-0.25,1,17,0.19
FILUSDT,1,1.9,1,TP,17,3,371,0,2,-0.26,17.47,0.93,0.54,0.37,0.45,399,3,0.39,-0.09,1,11,0.39
FILUSDT,-1,1.9,1,TP,165,2,347,0,1,-0.54,0.81,0.24,0.68,0.42,0.47,18,1,1.03,0.06,-1,4,0.44
FILUSDT,1,-2.1,0,SL,65,15,333,0,14,-0.24,1.89,1.15,0.53,0.89,0.36,147,0,2.02,-0.38,1,22,0.61
FILUSDT,1,1.9,1,TP,20,7,626,0,6,-0.16,1.28,2.27,1.76,0.41,1.71,119,1,1.18,-0.18,1,0,0.75
FILUSDT,1,1.9,1,TP,13,1,985,0,0,-1.46,3.87,0.53,0.53,0.62,0.85,215,0,1.49,0,1,17,0.64
FILUSDT,-1,1.9,1,TP,61,9,286,0,8,-0.43,8.99,0.37,0.57,0.51,0.36,294,0,1.57,0,-1,17,0.34
FILUSDT,1,1.9,1,TP,12,1,181,0,0,-2.1,3.63,0.79,0.79,0.61,0.34,32,0,1.09,0,1,2,0.45
FILUSDT,1,1.9,1,TP,14,5,79,0,4,-0.3,4.64,1.99,0.51,1.08,0.58,378,0,1.82,-1.12,1,17,0.58
FILUSDT,-1,-2.1,0,SL,37,8,156,0,7,-0.57,0.03,0.99,0.54,0.78,0.43,97,0,2.31,-1.03,-1,19,0.66
FILUSDT,1,1.9,1,TP,9,1,223,0,0,-1.94,1.98,0.76,0.76,0.6,0.54,11,0,0.95,0,1,21,0.58
FILUSDT,1,1.9,1,TP,5,1,585,0,0,-1.46,1.85,1.28,1.28,0.92,0.32,176,0,2.12,0,1,16,1.23
FILUSDT,1,1.9,1,TP,8,2,905,0,1,-0.71,4.57,1.35,3.06,0.87,0.32,495,0,1.54,-0.37,1,0,1.37
FILUSDT,1,1.9,1,TP,20,5,325,0,4,-0.08,16.57,3.39,1.34,0.76,0.69,591,0,2.18,-1.7,1,11,0.91
FILUSDT,1,-2.1,0,SL,8,5,458,0,4,-0.13,14.06,0.57,0.67,0.82,0.69,724,0,1.19,-1.27,1,20,0.84
FILUSDT,-1,1.9,1,TP,10,17,170,0,16,0.02,3.27,0.56,0.25,1.1,0.46,193,0,2.87,0.64,-1,22,0.62
FILUSDT,-1,1.9,1,TP,13,2,455,0,1,-0.62,14.72,1.27,0.67,0.48,0.48,493,0,1.4,0.26,-1,22,0.39
FILUSDT,1,-2.1,0,SL,68,10,311,0,9,-0.08,1.3,0.85,0.66,0.65,0.49,95,0,1.17,-1.01,1,20,0.68
FILUSDT,1,-2.1,0,SL,53,5,342,0,4,-0.01,20.01,0.66,1.09,0.34,0.2,351,0,1.06,-0.18,1,7,0.37
FILUSDT,1,1.9,1,TP,49,13,487,0,12,0.08,11.19,0.77,1.08,0.62,0.2,488,0,0.95,0.3,1,19,0.89
FILUSDT,1,1.9,1,TP,7,14,930,0,13,-0.02,7.54,23.13,1.01,1.34,0.41,359,0,3.59,-1.71,1,10,1.33
FILUSDT,1,-2.1,0,SL,13,13,1410,0,12,-0.02,15.19,1.78,0.88,1.08,0.57,392,0,3.19,-0.82,1,10,0.93
FILUSDT,1,1.9,1,TP,21,7,1668,0,6,-0.41,20.22,2.06,1.76,1.17,0.52,656,0,2.95,-0.42,1,3,2.16
FILUSDT,1,1.9,1,TP,3,6,1863,0,5,0.51,0.3,1.01,2.61,1.08,0.54,76,0,1.36,-1.54,1,3,2.87
FILUSDT,-1,-2.1,0,SL,6,14,114,0,13,0.32,2.66,0.56,0.4,1.52,0.76,109,0,3.07,-2.54,-1,22,1.4
FILUSDT,-1,1.9,1,TP,10,5,160,0,4,-0.21,0.09,0.86,0.76,1.08,1.09,808,0,1.22,-1.58,-1,9,0.53
FILUSDT,-1,1.9,1,TP,9,4,277,0,3,0.02,-0.12,0.8,1.21,0.98,1.09,926,0,1.95,-2.04,-1,15,1.62
FILUSDT,-1,1.9,1,TP,23,12,774,0,11,-0.02,6.01,0.65,0.53,1.19,0.67,290,0,3.58,1.41,-1,19,1.11
FILUSDT,1,1.9,1,TP,18,2,988,0,1,-0.18,1.42,0.86,0.88,0.44,0.57,85,0,1.28,-0.25,1,16,0.39
FILUSDT,-1,1.9,1,TP,4,13,352,0,12,0.47,-1.13,4.7,1.36,0.71,0.96,0,0,2.13,-1.39,-1,8,0.95
FILUSDT,-1,1.9,1,TP,6,1,558,0,0,-2.45,1.54,2.19,2.19,1.64,0.7,53,0,1.39,0,-1,17,3.02
FILUSDT,-1,-2.1,0,SL,13,6,886,0,5,-0.04,2.41,2.4,1.22,1.29,1.64,255,1,2.84,-2.4,-1,3,1.21
FILUSDT,1,-2.1,0,SL,29,7,230,0,6,0.04,6.86,1.44,0.79,0.7,0.41,154,0,2.12,-1.02,1,7,0.59
FILUSDT,-1,1.9,1,TP,6,9,425,0,8,-0.32,5.34,1.98,1.25,0.6,0.49,403,0,0.39,-1.38,-1,1,0.82
FILUSDT,1,1.9,1,TP,52,10,293,0,9,0.06,5.77,4.2,0.82,0.75,0.41,206,0,2.02,-1.91,1,18,0.97
FILUSDT,-1,1.9,1,TP,29,1,266,0,0,-4.04,4.88,3.14,3.14,0.67,0.44,682,0,0.83,0,-1,15,0.95
FILUSDT,-1,1.9,1,TP,27,5,619,0,4,-0.28,0.96,6.08,0.67,0.61,0.4,1,0,1.57,-1.34,-1,7,0.54
FILUSDT,1,1.9,1,TP,18,13,169,0,12,-0.13,1.35,1.75,0.44,0.51,0.41,91,0,1.52,0.41,1,11,0.34
FILUSDT,1,1.9,1,TP,3,1,1,0,0,-1.73,8.24,1.53,1.53,0.51,0.58,298,0,1.51,0,1,14,0.6
FILUSDT,1,1.9,1,TP,61,16,140,0,15,-0.13,3.25,1.61,1.37,0.65,0.15,236,0,1.81,0.29,1,19,0.89
FILUSDT,1,1.9,1,TP,2,12,400,0,11,-1.14,4.55,3.4,3.25,1.12,0.36,109,0,2.67,4.51,1,12,2.8
FILUSDT,-1,1.9,1,TP,40,1,279,0,0,-1.49,5.55,0.55,0.55,0.75,0.81,46,0,0.76,0,-1,5,0.62
FILUSDT,-1,1.9,1,TP,2,10,679,0,9,-1.31,4.17,1.36,1.08,0.74,0.26,37,0,1.1,1.34,-1,9,1.04
FILUSDT,-1,1.9,1,TP,7,2,1019,0,1,-0.3,16.13,1.07,0.53,0.49,1.96,276,0,1.64,0.02,-1,22,0.27
FILUSDT,-1,1.9,1,TP,43,17,1291,0,16,-0.12,3.31,0.79,0.53,0.59,0.23,100,0,1.64,1.17,-1,18,0.51
FILUSDT,-1,1.9,1,TP,27,1,106,0,0,-2.24,3.26,0.83,0.83,0.66,0.49,7,0,1.04,0,-1,3,0.56
FILUSDT,1,1.9,1,TP,49,16,688,0,15,-0.26,5.45,0.51,2.56,0.88,0.31,130,0,2.48,0.26,1,21,2.2
FILUSDT,1,-2.1,0,SL,18,11,214,0,10,-0.09,2.54,0.49,0.68,0.66,0.38,19,0,1.75,-0.48,1,1,0.63
FILUSDT,-1,1.9,1,TP,11,1,147,0,0,-2.6,1.4,2.29,2.29,0.66,0.48,89,0,1.78,0,-1,18,1.33
FILUSDT,1,-2.1,0,SL,52,1,253,0,0,-2.78,3.09,2.21,2.21,0.62,0.31,37,0,0.25,0,1,2,0.98
FILUSDT,1,1.9,1,TP,20,15,96,0,14,-0.16,14.83,0.82,0.63,0.69,1.28,284,0,2.24,-0.17,1,7,0.54
FILUSDT,1,-2.1,0,SL,26,2,105,0,1,0.06,7.75,0.53,0.69,0.67,0.46,142,1,1.97,-0.27,1,18,0.4
FILUSDT,-1,1.9,1,TP,75,1,317,0,0,-1.04,9.14,0.55,0.55,0.75,0.38,224,0,1.82,0,-1,20,0.77
FILUSDT,-1,1.9,1,TP,24,7,786,0,6,0.19,2.74,1.13,0.41,0.65,0.44,85,0,1.83,-1.24,-1,17,0.61
FILUSDT,-1,1.9,1,TP,86,3,980,0,2,0.62,0.48,0.67,0.73,0.68,0.33,57,0,1.44,-1.08,-1,17,0.65
FILUSDT,1,-2.1,0,SL,34,3,300,0,2,-0.8,12.2,0.53,0.9,0.52,0.44,289,0,1.55,0,1,4,0.6
FILUSDT,-1,-2.1,0,SL,22,10,288,0,9,-0.46,4.28,2,0.7,0.42,0.18,9,0,1.27,-0.62,-1,12,0.38
FILUSDT,-1,-2.1,0,SL,57,8,546,0,7,0.24,-0.57,0.44,0.73,0.44,0.17,2,0,0.68,-0.59,-1,22,0.42
FILUSDT,1,1.9,1,TP,35,13,2,0,12,-0.08,4.91,1.49,1.27,0.44,0.16,69,0,1.22,0.33,1,16,0.65
FILUSDT,1,1.9,1,TP,19,16,184,0,15,-0.16,3.66,0.42,0.64,0.47,0.28,59,0,0.86,0.19,1,9,0.44
FILUSDT,1,1.9,1,TP,18,8,1,0,7,-0.76,13.35,1.56,0.86,0.46,0.26,642,0,1.34,-0.11,1,8,0.58
FILUSDT,-1,1.9,1,TP,5,16,313,0,15,0.24,2.38,10.63,0.53,0.66,0.47,165,0,1.93,0,-1,21,0.58
FILUSDT,-1,-2.1,0,SL,24,6,404,0,5,-0.23,1.07,6.47,0.66,0.83,0.46,3,0,2.07,-1.9,-1,22,1.22
FILUSDT,-1,1.9,1,TP,25,8,130,0,7,-0.1,4.26,2.2,0.68,1.22,1.42,147,1,3.57,-0.71,-1,16,0.91
FILUSDT,1,-2.1,0,SL,17,13,204,1,11,-0.57,0.3,0.73,1.93,0.95,0.68,70,0,2.82,0.35,1,7,1.07
FILUSDT,1,-2.1,0,SL,7,3,322,0,2,0.11,15.24,0.94,1.05,1.25,0.54,370,0,3.55,-1.26,1,11,2.03
FILUSDT,1,1.9,1,TP,12,2,536,0,1,-0.39,1.07,1.05,1.02,1.05,0.48,25,0,1.93,-0.57,1,17,1.14
FILUSDT,1,1.9,1,TP,2,1,1151,0,0,-0.87,1.09,1.1,1.1,1.49,0.87,53,0,4.32,0,1,2,2.19
FILUSDT,-1,-2.1,0,SL,11,5,174,0,4,-0.79,21.97,1.1,1.02,0.75,1.18,707,0,0.63,-0.14,-1,13,0.97
FILUSDT,-1,1.9,1,TP,10,12,667,3,8,-1.26,0.45,1.04,0.66,1.43,0.7,77,0,2.15,0.8,-1,16,2.09
FILUSDT,-1,-2.1,0,SL,11,7,125,0,6,-0.31,9.84,0.84,0.57,0.67,0.21,184,0,2.1,0.06,-1,5,0.52
FILUSDT,-1,-2.1,0,SL,11,7,244,0,6,0.59,4.54,1.12,0.98,0.5,0.59,65,0,1.24,-0.78,-1,11,0.67
FILUSDT,-1,1.9,1,TP,28,3,471,1,1,-0.32,1.57,0.61,0.86,0.45,1.05,197,0,1.25,0.19,-1,15,0.41
FILUSDT,-1,-2.1,0,SL,18,15,172,0,14,0.45,3.68,2.85,0.59,1.92,0.77,133,0,5.4,0.73,-1,2,2.21
FILUSDT,-1,1.9,1,TP,4,6,279,0,5,-0.03,6.62,0.49,0.74,1.26,0.78,249,0,3.89,-0.12,-1,5,0.88
FILUSDT,-1,1.9,1,TP,18,6,421,0,5,0,8.66,1.21,0.94,0.72,0.76,391,0,1.86,-0.39,-1,16,0.63
FILUSDT,-1,1.9,1,TP,2,2,833,1,0,-4.43,0.43,2,2,0.72,0.51,329,0,0.75,0.55,-1,23,0.82
FILUSDT,-1,1.9,1,TP,7,1,1010,0,0,-0.88,3.14,0.29,0.29,0.75,0.66,79,0,2.24,0,-1,19,0.38
FILUSDT,-1,1.9,1,TP,8,1,232,0,0,-3.53,3.71,1.62,1.62,1.47,2.14,112,0,4.35,0,-1,5,1.79
FILUSDT,-1,1.9,1,TP,14,1,463,0,0,-2.96,5.91,4.19,4.19,1.11,2.16,343,0,2.54,0,-1,15,2.09
FILUSDT,-1,-2.1,0,SL,61,7,591,0,6,0.36,5.78,2.33,0.58,1,2.14,465,0,2.62,-2.68,-1,23,1.04
FILUSDT,1,1.9,1,TP,5,11,127,5,5,0.24,-1.43,0.8,1.21,0.77,2.01,710,0,2.38,-0.67,1,12,0.71
FILUSDT,-1,-2.1,0,SL,6,8,242,0,7,0.42,8.4,1.83,1.1,1.28,0.29,334,0,2.1,-2.74,-1,20,1.74
FILUSDT,-1,-2.1,0,SL,23,14,125,0,13,-0.2,2.76,0.72,1.03,0.63,0.54,164,0,1.76,0.28,-1,15,0.57
FILUSDT,-1,-2.1,0,SL,34,6,445,0,5,-0.52,1.02,1.69,0.53,0.61,0.98,133,0,0.41,-0.72,-1,10,0.42
FILUSDT,-1,-2.1,0,SL,5,13,969,0,12,0,19.84,0.4,0.4,0.71,1.11,650,0,2.18,0.04,-1,21,0.37
FILUSDT,1,1.9,1,TP,20,9,269,0,8,-0.3,4.28,1.08,0.99,0.52,1.03,40,1,0.67,-0.1,1,11,0.65
FILUSDT,1,1.9,1,TP,5,1,132,0,0,-1.31,2.13,1.15,1.15,0.58,0.33,46,0,1.2,0,1,3,0.59
FILUSDT,-1,1.9,1,TP,58,16,237,0,15,-0.07,11.72,2.2,0.33,0.47,0.71,111,0,1.41,0.07,-1,17,0.3
FILUSDT,1,1.9,1,TP,38,7,142,0,6,-0.58,4.46,0.84,3.85,0.56,1.08,385,0,0.63,-0.41,1,8,1.29
FILUSDT,1,1.9,1,TP,6,3,451,0,2,-0.24,11.76,0.5,1.11,0.67,1.02,698,0,1.73,-0.35,1,13,0.9
FILUSDT,-1,-2.1,0,SL,8,3,137,0,2,-0.3,0.33,1.31,0.79,0.78,0.33,114,0,1.78,0.11,-1,17,0.63
FILUSDT,-1,-1.335,0,TIMEOUT,47,5,261,0,4,0.32,1.19,6.66,0.94,0.64,0.25,21,0,1.32,-1.74,-1,0,0.98
FILUSDT,1,1.9,1,TP,16,1,528,0,0,-2.63,4.69,0.73,0.73,0.82,0.47,20,0,0.64,0,1,17,0.98
FILUSDT,-1,-2.1,0,SL,10,8,359,0,7,0.11,0.55,1.43,0.46,0.96,0.28,27,0,1.17,-1.21,-1,21,0.74
FILUSDT,-1,-2.1,0,SL,26,8,523,0,7,-0.82,3.85,2.2,1.47,0.64,0.29,191,0,1.9,-0.11,-1,14,0.86
FILUSDT,-1,-2.1,0,SL,21,5,290,3,1,-0.35,1.8,1.17,0.77,0.48,0.25,78,0,1.48,0.22,-1,0,0.47
FILUSDT,1,-2.1,0,SL,32,14,135,0,13,-0.38,1.42,2.24,0.79,0.63,0.24,76,0,1.72,-0.03,1,4,0.62
FILUSDT,-1,-2.1,0,SL,21,7,234,0,6,-0.27,16.84,2.67,0.56,0.48,1.06,228,0,1.45,-0.52,-1,11,0.39
FILUSDT,1,1.9,1,TP,32,8,192,4,3,0.02,-1.41,0.93,0.71,0.45,0.2,70,0,1.16,-0.63,1,13,0.44
FILUSDT,-1,-2.1,0,SL,24,13,357,0,12,-0.52,3.77,1.88,0.64,0.42,0.27,96,0,0.39,-0.09,-1,5,0.31
FILUSDT,1,-2.1,0,SL,24,6,459,0,5,-0.43,0.82,4.71,1.97,0.66,0.39,107,0,1.5,-0.88,1,15,0.92
FILUSDT,1,1.9,1,TP,8,6,667,0,5,0.18,2.5,1.57,0.85,0.92,0.39,23,0,0.58,-1.8,1,19,1.4
FILUSDT,1,1.9,1,TP,31,3,1063,0,2,-0.53,13.52,0.54,0.26,0.73,0.36,422,0,1.62,-0.11,1,22,0.47
FILUSDT,-1,1.9,1,TP,15,12,266,0,11,0.21,1.98,2.58,0.55,0.67,0.6,107,0,1.9,-0.9,-1,16,0.69
FILUSDT,1,-2.1,0,SL,12,9,353,0,8,0.15,1.93,0.74,0.85,0.51,0.3,31,0,1.52,-0.9,1,4,0.64
FILUSDT,-1,1.9,1,TP,28,15,3,0,14,-0.52,4.63,1.88,0.66,0.73,0.32,64,0,2.08,1.52,-1,14,0.79
FILUSDT,-1,1.9,1,TP,41,3,363,0,2,-0.17,14.36,1.71,0.84,0.53,0.38,410,0,1.61,-0.17,-1,1,0.29
FILUSDT,-1,1.9,1,TP,7,1,83,0,0,-2.36,3.8,2.18,2.18,0.83,0.72,22,0,1.62,0,-1,6,0.6
FILUSDT,-1,1.9,1,TP,19,1,207,0,0,-2.47,1.4,1.37,1.37,0.44,0.4,237,0,0.46,0,-1,23,0.4
FILUSDT,1,-2.1,0,SL,12,13,4,0,12,0.17,2.37,2.91,0.4,1.4,0.38,272,0,3.85,-1.29,1,11,1.73
FILUSDT,1,-2.1,0,SL,48,3,214,2,0,-2.52,0.35,1.19,1.19,0.49,0.52,174,0,0.9,0.26,1,16,0.47
FILUSDT,1,1.9,1,TP,55,1,699,0,0,-2.06,3.82,0.67,0.67,0.43,0.47,31,0,1.06,0,1,19,0.43
FILUSDT,1,1.9,1,TP,97,10,115,0,9,-0.15,-0.74,0.66,0.83,0.63,0.43,83,0,1.36,-0.7,1,0,0.27
FILUSDT,-1,-2.1,0,SL,59,5,811,0,4,-0.51,11.91,4.09,1.31,0.43,0.33,335,0,1.25,-0.7,-1,7,0.56
FILUSDT,-1,1.9,1,TP,23,2,1011,0,1,0.02,-0.32,1.76,1.61,0.43,0.23,140,0,0.08,-0.6,-1,9,0.78
FILUSDT,1,1.9,1,TP,24,16,13,0,15,0.13,6.87,2.05,0.37,0.45,0.67,72,0,1.38,-1.1,1,12,0.45
FILUSDT,1,-2.1,0,SL,61,3,222,0,2,-1.42,2.74,2.5,5.27,0.82,0.29,39,0,1.68,-1.44,1,17,2.21
FILUSDT,1,-2.1,0,SL,66,1,114,0,0,-3.05,7.4,7.78,7.78,0.61,0.33,142,0,1.27,0,1,14,1.08
FILUSDT,-1,1.9,1,TP,7,11,132,0,10,0.09,3.63,0.66,0.44,0.9,0.55,83,0,2.42,-0.31,-1,18,1.11
FILUSDT,1,-2.1,0,SL,25,1,182,0,0,-3.5,8.31,2.7,2.7,0.95,0.37,219,0,0.68,0,1,15,2.03
FILUSDT,-1,1.9,1,TP,22,7,122,0,6,-0.1,3.29,1.33,0.84,1.03,1.02,42,1,1.51,-1.62,-1,6,1.21
FILUSDT,-1,1.9,1,TP,3,1,136,0,0,-1.97,2.49,0.8,0.8,1.89,0.8,14,0,4.79,0,-1,17,1.74
FILUSDT,1,-2.1,0,SL,5,5,302,0,4,0.13,23,1.14,0.67,2.25,0.68,483,0,3.67,-1.76,1,22,1.43
FILUSDT,-1,-2.1,0,SL,18,2,464,0,1,-0.1,1.97,1.76,2.82,1.32,0.25,21,0,3.21,-1.19,-1,1,2.65
FILUSDT,-1,-2.1,0,SL,5,2,709,0,1,-0.14,1.26,1.23,1.76,1.64,0.62,188,0,2.39,-1.41,-1,15,2.53
FILUSDT,-1,-2.1,0,SL,5,14,925,0,13,-0.02,8.96,0.59,0.39,1.18,0.67,392,0,3.54,-0.11,-1,21,1.12
FILUSDT,-1,-2.1,0,SL,8,14,1277,0,13,-0.21,3.9,0.92,1.25,0.78,0.5,119,0,2.33,-0.56,-1,13,1.43
FILUSDT,-1,1.9,1,TP,19,4,1360,0,3,-0.06,3.96,1.25,0.8,0.71,0.5,212,0,2.03,-0.31,-1,9,0.56
FILUSDT,-1,-2.1,0,SL,6,5,1469,0,4,-0.46,3.55,2.8,0.66,0.58,0.43,56,0,1.71,-0.5,-1,13,0.43
FILUSDT,-1,1.9,1,TP,38,6,1569,0,5,0.01,4.12,1.37,0.73,0.52,0.36,67,0,0.47,-0.67,-1,14,0.43
FILUSDT,-1,1.9,1,TP,2,1,1897,0,0,-4.85,5.98,32.59,32.59,1.16,0.47,264,0,1.84,0,-1,0,7.04
FILUSDT,-1,-2.1,0,SL,7,8,188,0,7,-0.06,8.5,2.59,2.07,0.92,0.48,384,0,2.12,0.14,-1,15,2.06
FILUSDT,-1,-2.1,0,SL,13,5,364,0,4,-1.53,4.01,1.4,2.75,0.48,0.75,81,0,1.04,0.47,-1,11,0.82
FILUSDT,1,-2.1,0,SL,8,15,10,0,14,-0.18,6.01,2.89,0.57,0.81,0.51,5,0,2.36,0,1,19,0.77
FILUSDT,-1,1.9,1,TP,13,1,442,0,0,-4.82,6.19,6.78,6.78,0.95,0.08,15,0,1.74,0,-1,15,2.55
FILUSDT,-1,1.9,1,TP,5,12,654,0,11,-0.13,6.74,0.79,0.68,1.1,0.08,216,0,1.34,-0.24,-1,20,1.54
FILUSDT,-1,-2.1,0,SL,22,8,755,0,7,-0.33,4.96,2.03,0.42,1.08,0.67,11,0,2.21,-2.32,-1,21,0.67
FILUSDT,-1,-2.1,0,SL,29,11,153,0,10,0.14,5.73,0.49,0.93,0.5,0.7,61,0,1.26,0,-1,8,0.47
FILUSDT,-1,1.9,1,TP,156,5,247,0,4,-1.09,1.2,0.53,1.13,0.59,0.31,71,0,0.94,0.24,-1,7,0.71
FILUSDT,1,-2.1,0,SL,5,2,149,0,1,0.12,4.79,0.84,1.51,1.05,0.3,575,0,2.03,-1.6,1,13,1.85
FILUSDT,1,1.9,1,TP,6,1,433,0,0,-2.68,2.26,5.61,5.61,0.47,0.23,1,0,0.13,0,1,12,0.76
FILUSDT,1,1.9,1,TP,5,1,575,0,0,-2.03,16.61,0.64,0.64,0.78,0.2,143,0,2.12,0,1,23,0.6
FILUSDT,1,1.9,1,TP,46,2,729,0,1,-0.13,0.76,0.71,0.59,0.7,0.53,59,0,1.85,-0.4,1,14,0.6
FILUSDT,-1,-2.1,0,SL,4,11,339,0,10,0.1,0.79,0.6,0.91,0.78,0.75,87,1,1.55,0.34,-1,0,1.09
FILUSDT,-1,-2.1,0,SL,6,2,443,0,1,-0.51,0,1.17,1.44,0.72,0.15,64,0,1.77,-0.77,-1,15,1.52
FILUSDT,-1,1.9,1,TP,22,14,986,0,13,-0.02,2,0.69,0.85,0.6,0.72,5,1,1.89,-0.4,-1,7,0.64
FILUSDT,-1,-2.1,0,SL,4,3,1515,0,2,0.2,-1.14,1.68,1.02,1.24,0.85,175,0,1.92,-4.23,-1,19,1.51
FILUSDT,-1,1.9,1,TP,11,4,1973,0,3,-0.39,2.49,1.09,0.99,0.67,0.63,84,0,1.26,-0.42,-1,13,0.63
FILUSDT,-1,1.9,1,TP,16,7,2167,0,6,-0.07,5.77,0.69,1.58,0.53,0.33,61,0,1.6,-0.44,-1,14,0.77
FILUSDT,-1,-2.1,0,SL,31,5,2425,0,4,0.11,8.58,0.57,1.1,0.6,0.34,321,0,1.18,-0.45,-1,6,0.89
FILUSDT,-1,-2.1,0,SL,12,10,158,0,9,0.71,2.25,0.78,1.37,0.83,0.41,12,0,1.39,-0.73,-1,22,2.07
FILUSDT,-1,-2.1,0,SL,67,11,524,1,9,0.01,-0.87,4.84,1.03,0.53,0.46,101,0,1.7,-0.46,-1,7,0.58
FILUSDT,-1,-2.1,0,SL,69,2,691,0,1,-0.19,0.4,0.46,0.41,0.58,0.35,12,0,1.48,-0.46,-1,1,0.69
FILUSDT,1,-2.1,0,SL,19,22,3,7,14,-0.42,0.86,1.85,0.72,0.82,0.47,212,0,2.39,1.56,1,9,0.59
FILUSDT,1,-2.1,0,SL,86,15,176,0,14,-0.11,5.35,1.26,0.45,0.89,0.78,28,0,2.61,0.56,1,1,0.55
FILUSDT,1,1.9,1,TP,7,2,338,0,1,0,2.05,0.51,1.13,0.65,0.45,49,0,1.32,-0.78,1,18,0.9
FILUSDT,1,-2.1,0,SL,14,8,540,0,7,-0.55,3.39,1.73,0.83,0.58,0.33,23,0,1.33,-0.33,1,20,0.77
FILUSDT,1,1.9,1,TP,46,2,161,0,1,-1.02,3.17,1.82,1.76,0.62,0.33,19,0,1.44,-0.33,1,15,1.1
FILUSDT,1,-2.1,0,SL,81,10,2,0,9,0.21,2.55,1.61,0.97,0.41,0.11,27,0,1.24,-0.53,1,9,0.32
FILUSDT,1,-1.501,0,TIMEOUT,122,7,179,0,6,-0.05,4.38,2.43,0.78,0.49,0.65,136,0,0.54,-0.54,1,5,0.32
FILUSDT,1,-1.288,0,TIMEOUT,37,6,325,0,5,-0.15,0.55,1.26,1.02,0.39,0.32,124,0,0.44,-0.54,1,18,0.43
FILUSDT,1,-2.1,0,SL,20,13,465,0,12,-0.08,3.8,2.43,0.93,0.74,0.52,36,1,1.64,0.63,1,5,1.05
FILUSDT,1,1.9,1,TP,29,2,594,0,1,-0.09,4.1,1.69,1.67,0.46,0.31,96,0,1.41,-0.21,1,13,0.52
FILUSDT,-1,1.9,1,TP,25,6,423,0,5,-0.15,-0.42,0.81,1.19,0.68,0.48,2,0,1.96,-0.97,-1,7,0.96
FILUSDT,-1,-2.1,0,SL,24,6,872,0,5,-0.49,4.69,6.26,0.65,0.48,0.32,52,0,1.48,-0.32,-1,23,0.43
FILUSDT,-1,1.9,1,TP,21,6,128,0,5,-0.35,0.19,0.72,0.86,0.56,0.31,503,0,0.69,-0.31,-1,16,0.52
FILUSDT,-1,1.9,1,TP,19,8,268,0,7,-0.17,3.73,1.3,0.72,0.56,0.62,100,0,1.59,-0.42,-1,9,0.52
FILUSDT,-1,1.9,1,TP,1,1,483,0,0,-2.52,2.76,1.27,1.27,1.25,1.45,4,0,2.38,0,-1,15,1.45
FILUSDT,1,1.9,1,TP,22,1,124,0,0,-3.24,5.7,2.81,2.81,0.76,0.76,226,0,1.02,0,1,22,1.4
FILUSDT,1,-2.1,0,SL,29,2,330,0,1,-0.97,1.92,1.48,0.82,0.89,0.49,108,0,2.09,0.86,1,1,1.47
FILUSDT,-1,1.9,1,TP,8,1,109,0,0,-1.84,4.29,2.8,2.8,0.93,0.26,423,0,2,0,-1,13,1.46
FILUSDT,-1,1.9,1,TP,3,10,214,0,9,-0.4,2.9,23.32,0.89,1.52,0.28,31,0,2.83,-4.91,-1,16,1.79
FILUSDT,-1,1.9,1,TP,65,12,439,0,11,-0.11,6.84,1.32,0.47,0.54,0.27,254,0,1.62,-0.14,-1,0,0.41
FILUSDT,-1,-2.1,0,SL,23,4,685,0,3,-0.57,7.39,1.39,1.1,0.83,0.28,508,0,1.82,-0.99,-1,13,1.26
FILUSDT,1,-2.1,0,SL,16,3,357,0,2,0.06,2.19,0.69,0.27,0.63,0.5,39,2,1.27,-0.5,1,1,0.63
FILUSDT,1,1.9,1,TP,4,13,432,0,12,0.01,1.15,0.4,0.38,0.66,0.5,104,2,0.73,-0.63,1,20,0.5
FILUSDT,1,-0.465,0,TIMEOUT,116,1,226,0,0,-2.01,1.4,0.35,0.35,0.38,0.14,4,0,0.18,0,1,3,0.17
FILUSDT,1,-1.47,0,TIMEOUT,76,1,370,0,0,-0.97,1.98,0.44,0.44,0.49,0.24,8,0,1.02,0,1,15,0.44
FILUSDT,1,-2.1,0,SL,21,3,586,0,2,-0.26,0.47,0.43,0.49,0.44,0.33,12,0,0.64,-0.44,1,21,0.4
FILUSDT,-1,1.9,1,TP,40,2,81,0,1,-0.06,1.59,0.47,0.61,0.43,0.3,12,0,1.35,-0.16,-1,7,0.36
LTCUSDT,-1,-2.1,0,SL,57,4,168,2,1,0.92,7.96,0.67,2.48,0.73,0.92,329,0,1.96,-0.66,1,16,1.82
LTCUSDT,-1,1.9,1,TP,8,17,351,0,16,0.23,3.51,2.28,0.65,0.8,0.39,37,0,2.33,-0.67,-1,13,0.64
LTCUSDT,1,1.9,1,TP,3,4,353,0,3,-0.39,0.95,0.8,3.39,0.89,0.4,48,0,1.41,-0.36,1,12,2.29
LTCUSDT,-1,1.9,1,TP,9,7,204,0,6,-0.04,0.07,0.42,0.28,2.08,2.03,3,1,3.33,-1.68,-1,18,1.2
LTCUSDT,1,-2.1,0,SL,2,2,301,0,1,0.35,0.98,0.63,1.16,1.28,0.84,169,0,3.82,-0.96,1,15,1.8
LTCUSDT,1,-2.1,0,SL,7,10,447,0,9,0.02,3.12,0.84,1.02,1.11,0.85,37,0,1.92,-0.4,1,3,1.11
LTCUSDT,1,-2.1,0,SL,8,17,650,0,16,0.13,3.03,1.4,0.72,0.95,1.5,54,2,1.66,-0.9,1,6,1.25
LTCUSDT,1,-2.1,0,SL,2,1,776,0,0,-2.17,3.23,1.23,1.23,1.09,1.49,196,2,0.9,0,1,13,0.93
LTCUSDT,1,1.9,1,TP,7,2,1115,0,1,-0.29,7.82,0.6,0.64,1.15,1.02,257,0,3.48,0.04,1,2,0.85
LTCUSDT,1,-2.1,0,SL,1,2,1348,0,1,-0.78,1.85,1.02,2.09,1.86,1.77,41,0,5.03,-1.51,1,12,3.37
LTCUSDT,1,1.9,1,TP,10,3,187,0,2,-0.18,4.28,0.85,1.12,1.29,0.68,266,0,1.8,-1.25,1,13,1.65
LTCUSDT,1,1.9,1,TP,6,8,383,0,7,-0.68,4.55,3.71,2.74,1.41,0.68,457,0,1.57,-3.33,1,14,3.24
LTCUSDT,-1,1.9,1,TP,8,3,388,0,2,-0.21,2.4,0.6,0.51,0.74,0.62,201,0,1.61,-0.63,-1,17,0.61
LTCUSDT,1,1.9,1,TP,9,15,300,0,14,-0.4,-0.62,1.27,1.84,0.95,1.13,43,0,2.49,-0.14,1,12,1.84
LTCUSDT,1,1.9,1,TP,1,1,590,0,0,-3.08,2.41,4.38,4.38,1.03,1.1,299,0,0.64,0,1,13,2.32
LTCUSDT,1,1.9,1,TP,5,2,873,0,1,-0.09,1.76,0.86,1.51,1.05,1.16,31,1,3.22,-0.68,1,11,1.35
LTCUSDT,1,-2.1,0,SL,2,14,1293,0,13,-0.3,2.24,0.61,0.46,1.12,0.57,6,0,2.01,0.4,1,20,1.03
LTCUSDT,1,1.9,1,TP,4,17,1454,0,16,-0.32,4.23,0.94,1.08,1.25,0.55,164,0,3.67,1.35,1,13,1.26
LTCUSDT,1,1.9,1,TP,9,1,78,0,0,-2.69,1.63,0.62,0.62,0.92,0.63,540,0,2.82,0,1,1,0.38
LTCUSDT,1,1.9,1,TP,4,1,139,0,0,-1.01,6.57,1.21,1.21,0.73,0.45,386,0,2.15,0,1,0,0.82
LTCUSDT,1,-2.1,0,SL,3,12,312,0,11,0.07,11.52,1.32,0.55,0.98,0.42,548,0,2.91,-0.4,1,19,0.84
LTCUSDT,1,1.9,1,TP,7,13,442,0,12,-0.2,10.32,2.96,0.67,1.2,0.41,677,0,3.44,-1.22,1,4,0.74
LTCUSDT,-1,1.9,1,TP,28,1,540,0,0,-2.33,4.73,1.91,1.91,0.6,0.41,26,0,1.23,0,-1,2,0.63
LTCUSDT,-1,-2.1,0,SL,2,1,899,0,0,-3.76,6.09,2.62,2.62,0.81,0.59,33,0,1.04,0,-1,20,1.47
LTCUSDT,1,1.9,1,TP,6,1,117,0,0,-3.06,4.22,2.12,2.12,0.63,0.29,119,0,1.8,0,1,3,0.83
LTCUSDT,1,-2.1,0,SL,16,11,404,0,10,-0.3,0.75,2.84,0.45,0.62,0.45,2,0,1.77,-0.94,1,3,0.37
LTCUSDT,1,1.9,1,TP,8,1,729,0,0,-3.33,3.55,3.06,3.06,1.08,0.73,1,0,2.52,0,1,7,1.91
LTCUSDT,1,1.9,1,TP,6,5,959,0,4,0.11,1.02,2.63,1.3,1.13,0.61,149,0,2.96,-2.56,1,17,1.61
LTCUSDT,-1,-2.1,0,SL,1,1,453,0,0,-1.59,3.15,0.8,0.8,2.28,0.66,847,0,1.52,0,-1,22,1.4
LTCUSDT,1,1.9,1,TP,18,17,311,0,16,-0.05,2.87,1.34,1.1,0.69,0.83,134,0,2.05,0.48,1,9,0.92
LTCUSDT,1,1.9,1,TP,24,10,597,0,9,-0.48,4.63,0.46,2.47,0.68,0.31,27,0,1.79,0.75,1,9,1.37
LTCUSDT,1,1.9,1,TP,10,4,1185,0,3,1.32,11.04,1.02,2.87,1.57,1.89,489,0,3.28,-3.82,1,12,3.68
LTCUSDT,1,-2.1,0,SL,24,1,1427,0,0,-2.74,23.26,1.86,1.86,1.1,1.7,734,0,2.19,0,1,0,1.51
LTCUSDT,-1,1.9,1,TP,10,8,241,0,7,0.34,-0.31,1.62,0.78,1.2,2.32,165,0,3.57,-1.87,-1,11,1.26
LTCUSDT,-1,1.9,1,TP,5,1,584,0,0,-2.4,5.83,2.1,2.1,1.95,0.71,300,0,1.93,0,-1,1,2.6
LTCUSDT,-1,-2.1,0,SL,1,1,828,0,0,-2.98,3.07,6.63,6.63,2.81,3.59,1,0,5.45,0,-1,14,8
LTCUSDT,1,-2.1,0,SL,5,17,262,0,16,-0.17,22.67,1.4,2.17,1.43,1.14,365,0,4.17,1.46,1,15,2.26
LTCUSDT,1,-2.1,0,SL,30,11,208,0,10,-0.25,-0.17,0.81,0.56,0.94,0.57,123,0,2.49,0.88,1,17,0.84
LTCUSDT,-1,1.9,1,TP,2,1,115,0,0,-2.28,6.82,0.81,0.81,1.02,0.61,270,0,2.14,0,-1,11,1.06
LTCUSDT,-1,1.9,1,TP,7,1,327,0,0,-2.14,10.8,0.83,0.83,0.59,0.61,482,0,0.82,0,-1,16,0.54
LTCUSDT,-1,-2.1,0,SL,6,2,472,0,1,0,2.68,0.81,0.64,1.13,0.88,18,0,3.38,-1.26,-1,4,1.34
LTCUSDT,1,-2.1,0,SL,36,2,124,0,1,-0.55,1.5,0.64,1.41,0.88,0.92,23,0,2.67,-0.15,1,6,0.98
LTCUSDT,-1,1.9,1,TP,69,1,97,0,0,-3.29,7.04,1.8,1.8,0.64,1.36,132,2,1.81,0,-1,17,0.96
LTCUSDT,-1,1.9,1,TP,1,9,437,0,8,-0.4,12.3,3,1.09,0.95,0.43,281,0,2.14,-1.02,-1,6,1.23
LTCUSDT,1,-2.1,0,SL,14,2,251,0,1,0.18,4.63,0.93,1.69,0.72,0.55,191,0,2.1,-1.22,1,0,1.36
LTCUSDT,-1,-2.1,0,SL,62,6,88,0,5,-0.56,0.55,0.78,2.32,0.89,0.28,27,0,1.72,-0.91,-1,12,1.88
LTCUSDT,-1,1.9,1,TP,3,1,230,0,0,-1.98,1.21,1.35,1.35,0.57,0.28,174,0,1.22,0,-1,23,0.42
LTCUSDT,-1,-2.1,0,SL,12,2,504,0,1,-0.58,2.16,0.39,1.03,0.55,0.74,241,0,1.47,0.3,-1,20,0.86
LTCUSDT,-1,1.9,1,TP,12,14,148,0,13,0.25,1.4,1.52,1.04,0.81,0.39,87,0,2.33,-0.48,-1,14,0.82
LTCUSDT,-1,-2.1,0,SL,16,14,451,0,13,-0.33,2.03,13.03,1.01,0.62,0.37,0,0,1.82,-0.87,-1,17,0.67
LTCUSDT,1,1.9,1,TP,4,1,227,0,0,-4.08,10.05,3.35,3.35,0.5,0.46,174,0,1.44,0,1,22,1.28
LTCUSDT,1,1.9,1,TP,15,5,609,0,4,0.22,20.37,0.47,0.74,0.62,0.42,552,0,0.7,-0.49,1,22,0.71
LTCUSDT,1,1.9,1,TP,10,1,889,0,0,-3.66,0.99,2.69,2.69,0.46,0.27,46,0,1.23,0,1,20,0.92
LTCUSDT,1,1.9,1,TP,16,17,111,0,16,-0.02,7.01,0.77,0.9,0.59,0.29,125,0,1.39,-0.18,1,23,0.56
LTCUSDT,1,1.9,1,TP,11,1,443,0,0,-2.43,7.63,1.52,1.52,0.67,0.57,268,0,1.32,0,1,10,0.65
LTCUSDT,1,1.9,1,TP,3,21,833,5,15,-0.02,0.7,3.09,1.43,0.99,0.44,113,0,2.82,2.59,1,11,1.64
LTCUSDT,1,-2.1,0,SL,26,16,169,0,15,-0.09,3.03,1.82,1.2,0.73,0.35,71,0,2.17,0.13,1,8,1.06
LTCUSDT,1,1.9,1,TP,30,1,239,0,0,-2.12,3.58,0.98,0.98,0.66,0.35,156,0,1.78,0,1,1,0.42
LTCUSDT,-1,1.9,1,TP,30,17,158,0,16,-0.32,4.14,0.57,1.24,0.86,0.46,7,0,2.5,0.78,-1,8,1.3
LTCUSDT,-1,-2.1,0,SL,18,14,11,0,13,-0.06,5.44,2.34,0.63,0.71,0.46,104,1,2.12,-0.64,-1,3,0.66
LTCUSDT,-1,-2.1,0,SL,22,10,444,0,9,-0.12,-1.23,1.82,0.89,0.71,0.55,112,0,2.14,-1.03,-1,2,0.8
LTCUSDT,-1,1.9,1,TP,6,9,552,0,8,-0.59,-0.32,1.84,1.17,0.93,0.9,0,1,1.31,-0.62,-1,5,0.96
LTCUSDT,-1,1.9,1,TP,1,1,513,0,0,-3.96,4.22,2.03,2.03,1.27,0.43,107,0,0.53,0,-1,9,1.53
LTCUSDT,-1,1.9,1,TP,12,11,845,0,10,-1.11,2.74,0.55,0.82,0.73,0.58,179,1,2.1,1.04,-1,20,1.01
LTCUSDT,1,-2.1,0,SL,10,7,501,0,6,-0.81,1.29,0.87,1.5,0.62,0.43,165,0,1.62,-0.32,1,12,0.59
LTCUSDT,1,-2.1,0,SL,44,1,600,0,0,-3.97,4.2,2.86,2.86,1.28,0.41,270,0,1.45,0,1,13,2.59
LTCUSDT,1,-2.1,0,SL,31,3,905,0,2,0.26,1.52,2.22,1.28,0.7,0.52,152,0,1.69,-1.21,1,17,0.92
LTCUSDT,1,-2.1,0,SL,1,14,1070,0,13,0.73,2.84,2.72,1.04,0.7,0.52,306,0,1.96,-0.82,1,10,1.39
LTCUSDT,-1,-2.1,0,SL,20,20,197,4,15,-0.1,0.46,5.45,0.64,0.64,0.82,0,0,1.92,1.56,-1,19,0.52
LTCUSDT,1,1.9,1,TP,26,6,263,0,5,-0.03,0.99,3.19,1.09,0.88,0.41,53,0,1.45,-0.44,1,16,0.81
LTCUSDT,1,-2.1,0,SL,30,10,477,0,9,0.14,3.51,0.51,0.75,0.64,0.52,8,0,2.01,-0.81,1,22,0.5
LTCUSDT,1,-2.1,0,SL,7,5,401,0,4,-0.02,0.88,0.68,0.35,1.16,0.83,165,0,3.27,-0.36,1,5,0.6
LTCUSDT,-1,-2.1,0,SL,35,7,206,0,6,-0.04,0.74,2.95,1.43,0.84,0.67,5,0,2.06,-1.13,-1,15,0.8
LTCUSDT,-1,1.9,1,TP,36,14,282,0,13,-0.81,0.61,2.11,0.61,0.64,0.67,242,0,1.12,0.19,-1,5,0.67
LTCUSDT,-1,-2.1,0,SL,2,15,526,0,14,0.03,9.2,1.18,0.64,0.76,0.71,485,0,2.23,0.95,-1,18,0.75
LTCUSDT,1,1.9,1,TP,64,5,184,0,4,0.13,-0.09,0.69,1.57,0.76,0.3,16,0,1.55,-1.22,1,5,1.16
LTCUSDT,-1,1.9,1,TP,10,1,178,0,0,-2.89,1.89,0.67,0.67,0.88,0.45,2,0,0.52,0,-1,0,1.06
LTCUSDT,-1,-2.1,0,SL,13,13,550,0,12,-0.09,1.59,1.96,1.14,0.68,1.05,74,1,1.89,0.59,-1,21,0.88
LTCUSDT,1,-2.1,0,SL,6,3,188,0,2,-0.15,0.75,0.71,0.49,0.46,0.26,244,0,0.64,-0.25,1,17,0.41
LTCUSDT,1,1.9,1,TP,27,17,218,0,16,-0.44,2.97,3.18,0.28,0.76,0.33,109,0,2.34,-0.33,1,18,0.47
LTCUSDT,1,1.9,1,TP,6,4,464,1,2,-0.31,7.4,0.43,0.77,0.71,0.32,369,0,1.7,0.35,1,7,0.68
LTCUSDT,-1,1.9,1,TP,8,1,217,0,0,-5.8,1.91,4.12,4.12,0.79,1.13,125,1,0.36,0,-1,21,2.08
LTCUSDT,-1,1.9,1,TP,6,6,802,0,5,-0.22,3.12,0.21,0.81,1.16,0.4,19,0,0.83,-1.12,-1,0,1.46
LTCUSDT,-1,-2.1,0,SL,62,4,892,0,3,0.9,4.61,1.44,1.43,0.98,0.4,111,0,2.24,-1.43,-1,22,2
LTCUSDT,-1,-2.1,0,SL,31,15,286,0,14,-0.24,26.01,3.44,0.49,0.56,0.92,336,0,1.77,-0.85,-1,5,0.43
LTCUSDT,-1,-2.1,0,SL,15,8,353,0,7,-0.02,24.81,0.88,0.59,0.59,0.92,410,0,1.74,-1.16,-1,21,0.83
LTCUSDT,-1,-2.1,0,SL,3,10,403,0,9,0.78,4.09,1.47,4.39,0.98,0.53,194,0,2.29,-1.73,-1,14,3.15
LTCUSDT,1,1.9,1,TP,7,3,194,0,2,2.22,-3.84,1.16,4.22,0.82,0.73,146,0,1.76,-3.37,1,13,2.96
LTCUSDT,-1,-2.1,0,SL,36,9,190,0,8,-0.91,2.62,6.81,1.02,0.52,0.35,70,0,1.18,-0.55,-1,12,0.63
LTCUSDT,-1,-2.1,0,SL,17,13,328,0,12,0.24,1.09,3.23,0.42,0.78,0.44,30,0,2.1,-1.5,-1,22,0.65
LTCUSDT,-1,-2.1,0,SL,11,6,80,0,5,-0.16,1.16,1.18,1.33,0.5,0.28,40,0,1.3,-0.93,-1,20,0.52
LTCUSDT,1,1.9,1,TP,90,1,276,0,0,-1.6,1.75,1.17,1.17,0.48,0.21,67,0,1.2,0,1,16,0.49
LTCUSDT,1,1.9,1,TP,17,11,584,0,10,-0.57,-0.07,0.43,1.31,0.52,0.25,174,0,1.52,0.16,1,21,0.7
LTCUSDT,1,1.9,1,TP,88,3,758,0,2,0.08,-0.48,1.04,0.77,0.56,0.58,52,0,1.65,-0.47,1,17,0.54
LTCUSDT,1,1.9,1,TP,72,4,1083,0,3,0.2,7.05,0.79,1.07,0.37,0.56,376,0,1.06,-0.38,1,2,0.41
LTCUSDT,1,1.9,1,TP,3,4,1409,0,3,0.23,1.59,1.54,1.02,0.56,0.68,39,1,1.39,-0.66,1,12,0.8
LTCUSDT,-1,1.9,1,TP,29,3,84,0,2,0.06,2.26,0.49,0.57,0.53,0.33,281,0,0.81,-0.47,-1,16,0.76
LTCUSDT,-1,1.9,1,TP,12,2,592,1,0,-3.58,1.41,1.97,1.97,0.56,0.73,195,0,0.51,0.98,-1,23,1.34
LTCUSDT,1,1.9,1,TP,33,13,157,0,12,0.26,1.65,1.7,3.14,0.48,0.37,3,0,1,-0.58,1,6,1
LTCUSDT,1,-2.1,0,SL,61,14,334,0,13,-0.19,6.78,3.2,0.95,0.51,0.36,131,0,1.47,-0.32,1,2,0.47
LTCUSDT,1,-2.1,0,SL,10,9,249,0,8,0.11,2.18,2.49,1.19,0.48,0.18,34,0,1.24,-0.96,1,15,0.52
LTCUSDT,-1,1.9,1,TP,20,1,449,0,0,-3.56,5.39,0.78,0.78,0.58,0.42,11,0,0.63,0,-1,14,0.7
LTCUSDT,-1,-2.1,0,SL,36,2,162,0,1,0.44,0.53,0.7,1.21,0.45,0.23,32,0,0.09,-0.79,-1,13,0.94
LTCUSDT,1,-2.1,0,SL,64,7,27,2,4,0.13,1.49,0.94,1.15,0.41,0.72,48,1,1.29,0.29,1,2,0.59
LTCUSDT,1,1.9,1,TP,15,1,143,0,0,-1.99,2.72,2.79,2.79,0.35,0.71,168,1,0.9,0,1,7,0.36
LTCUSDT,-1,-2.1,0,SL,22,1,844,0,0,-3.4,19.74,2.96,2.96,1.06,2.31,282,0,2.76,0,-1,11,1.8
LTCUSDT,-1,1.9,1,TP,5,12,1027,0,11,-0.27,19.39,3.13,1,0.92,2.25,454,0,2.02,-0.18,-1,8,0.93
LTCUSDT,-1,-2.1,0,SL,17,16,162,0,15,0.04,17.68,1.58,0.45,0.88,2.2,875,0,1.52,-0.04,-1,19,0.66
LTCUSDT,-1,1.9,1,TP,66,6,86,0,5,-0.3,6.12,1.12,1.4,0.64,0.31,201,0,1.88,-0.79,-1,13,0.84
LTCUSDT,-1,-1.418,0,TIMEOUT,120,1,159,0,0,-2.88,4.53,2.35,2.35,0.62,0.34,51,0,1.78,0,-1,10,0.84
LTCUSDT,-1,-2.1,0,SL,3,7,369,0,6,-0.16,0.48,4.4,1.44,0.4,0.32,0,1,0.88,-0.6,-1,15,0.4
LTCUSDT,1,-2.1,0,SL,1,16,2,0,15,0.51,4.74,0.64,1.21,0.7,0.34,31,0,1.93,1.22,1,22,1.22
LTCUSDT,-1,-2.1,0,SL,4,9,541,0,8,-0.49,25,1.49,2.32,1.58,1.51,463,2,4.62,-0.55,-1,10,2.57
LTCUSDT,-1,1.9,1,TP,26,12,134,0,11,0.09,21.58,1.34,1.18,1.41,1.41,748,2,2.61,-2.88,-1,10,1.92
LTCUSDT,1,1.9,1,TP,3,1,331,0,0,-1.09,3.02,0.58,0.58,1.13,0.95,78,0,2.27,0,1,1,0.82
LTCUSDT,-1,1.9,1,TP,15,1,336,0,0,-2.27,4.62,1.21,1.21,1.25,0.65,244,0,0.82,0,-1,7,1.31
LTCUSDT,1,1.9,1,TP,20,1,189,0,0,-2.69,3.23,0.73,0.73,0.51,0.21,3,0,1.42,0,1,18,0.3
LTCUSDT,-1,-2.1,0,SL,10,3,264,0,2,0.13,0.65,0.78,1.16,1.08,0.38,114,0,1.7,-1.36,-1,14,1.55
LTCUSDT,-1,-2.1,0,SL,6,2,356,0,1,-0.79,0.24,0.49,1.56,0.6,0.37,207,0,1.47,0.04,-1,13,0.77
LTCUSDT,1,-2.1,0,SL,3,15,287,0,14,0.49,20.53,0.71,0.88,0.67,0.44,278,0,2.1,-0.57,1,19,0.81
LTCUSDT,-1,-2.1,0,SL,12,4,138,0,3,-0.38,3.11,0.65,0.58,0.6,0.42,97,0,1.87,-0.38,-1,3,0.44
LTCUSDT,-1,-2.1,0,SL,51,7,223,0,6,0.55,-0.73,1.84,0.73,0.63,0.41,179,0,0.86,-2.3,-1,0,0.87
LTCUSDT,1,1.9,1,TP,63,4,247,0,3,-0.58,4.41,0.97,0.66,0.37,0.13,38,0,0.63,-0.08,1,16,0.37
LTCUSDT,1,1.9,1,TP,28,1,225,0,0,-2.17,3.69,1.54,1.54,0.46,0.32,19,1,1.26,0,1,23,0.68
LTCUSDT,-1,1.9,1,TP,3,13,400,0,12,4.4,-5.69,1.46,7.69,0.9,0.64,216,0,1.74,-4.53,1,10,4.75
LTCUSDT,1,1.9,1,TP,8,2,78,0,1,0.08,7.67,0.71,0.76,0.7,0.64,119,0,2.08,-0.11,1,16,0.5
LTCUSDT,1,-2.1,0,SL,38,10,72,0,9,-0.65,7.38,1.29,2.11,0.75,0.25,227,0,2,0.23,1,16,0.88
LTCUSDT,1,-2.1,0,SL,14,5,311,0,4,-0.08,0.48,1.51,1.55,0.66,0.68,52,0,1.64,-1.4,1,2,0.83
LTCUSDT,1,-2.1,0,SL,1,9,533,0,8,-0.4,1.02,2.54,4.77,1.47,0.65,186,0,2.32,1.86,1,12,5.99
LTCUSDT,-1,-2.1,0,SL,18,13,306,0,12,0.14,3.89,0.38,0.42,0.86,1.01,21,0,1.4,-1.32,-1,1,0.66
LTCUSDT,-1,-2.1,0,SL,8,7,456,0,6,0.26,0.98,3.82,1.05,0.85,0.99,177,0,0.5,-1.68,-1,15,1.06
LTCUSDT,1,-2.1,0,SL,58,1,298,0,0,-4.37,3.84,6.11,6.11,0.56,0.22,186,0,0.41,0,1,1,1.42
LTCUSDT,-1,1.9,1,TP,122,1,369,0,0,-2.07,3.66,1.72,1.72,0.35,0.23,630,0,0.69,0,-1,16,0.64
LTCUSDT,-1,1.9,1,TP,110,6,357,0,5,0.35,2.44,0.52,0.79,0.42,0.25,193,0,0.65,-0.47,-1,19,0.41
LTCUSDT,1,-0.916,0,TIMEOUT,42,5,224,0,4,-0.34,-0.12,0.82,0.7,0.32,0.27,36,0,0.72,-0.08,1,8,0.27
LTCUSDT,1,1.9,1,TP,176,7,372,0,6,-0.08,6.38,1.24,0.27,0.32,0.39,32,0,0.54,-0.41,1,21,0.16
LTCUSDT,1,1.9,1,TP,9,1,729,0,0,-2.42,5.39,0.72,0.72,0.34,0.3,207,1,0.61,0,1,14,0.32
LTCUSDT,1,1.9,1,TP,86,2,251,0,1,0.35,1.25,0.45,1.65,0.43,0.69,23,1,0.25,-0.5,1,11,0.65
LTCUSDT,-1,-2.1,0,SL,5,6,139,0,5,0.12,29.98,0.86,0.45,0.71,0.56,651,0,2.32,-0.92,-1,22,0.56
LTCUSDT,1,1.9,1,TP,24,4,110,0,3,-0.1,1.65,1.22,1.28,0.81,0.73,5,0,1.08,-1.1,1,9,0.75
LTCUSDT,1,-1.394,0,TIMEOUT,70,3,342,0,2,0.06,0.42,3.89,1.39,0.37,0.32,170,0,1.07,-0.23,1,0,0.38
LTCUSDT,1,1.9,1,TP,16,1,534,0,0,-3.05,5.48,7.79,7.79,0.42,0.13,116,0,0.53,0,1,0,1.49
LTCUSDT,-1,-0.621,0,TIMEOUT,132,11,276,0,10,-0.07,-0.87,0.92,0.6,0.46,0.47,209,0,0.85,-0.56,-1,18,0.42
LTCUSDT,-1,1.9,1,TP,5,3,496,0,2,-0.31,-0.42,0.51,1.28,0.47,0.47,437,0,0.52,-0.58,-1,1,0.71
LTCUSDT,1,-2.1,0,SL,38,16,200,0,15,0.17,3.08,2.11,1.01,0.4,0.32,16,0,1.21,-0.42,1,4,0.3
LTCUSDT,1,1.9,1,TP,31,4,424,0,3,0.58,3.61,2.91,3.12,0.18,0.32,252,0,0.45,-0.36,1,12,0.33
LTCUSDT,1,-2.1,0,SL,20,4,791,0,3,0.42,-0.47,1.9,1.3,0.65,0.45,143,0,1.4,-1.09,1,3,0.76
LTCUSDT,1,1.9,1,TP,8,8,932,0,7,-0.04,0.23,1.1,3.6,0.59,0.38,114,0,0.66,-0.43,1,14,1.65
LTCUSDT,1,-2.1,0,SL,108,11,267,0,10,-0.4,9.63,1.84,1.29,0.8,0.28,299,0,1.87,-0.17,1,13,1.48
LTCUSDT,1,-2.1,0,SL,92,7,280,0,6,0.69,9.01,3.24,1.83,0.52,0.41,213,0,1.3,-1.21,1,1,0.94
LTCUSDT,-1,1.9,1,TP,9,9,357,0,8,2.16,-3.36,7.03,7.86,0.69,0.39,478,0,1.04,-3.42,1,0,2.81
LTCUSDT,-1,1.9,1,TP,34,2,406,0,1,-0.02,4.66,0.73,0.74,0.32,0.22,77,0,0.98,-0.28,-1,6,0.33
LTCUSDT,1,-2.1,0,SL,28,7,167,0,6,-1.98,3.22,1.27,2.46,0.34,0.14,170,0,0.92,0.61,1,14,0.84
LTCUSDT,-1,1.9,1,TP,39,1,318,0,0,-2.11,3.25,1.33,1.33,0.57,0.25,179,0,0.94,0,-1,2,0.53
LTCUSDT,1,-2.1,0,SL,26,4,221,0,3,-0.31,9.67,0.61,0.64,0.79,0.39,256,0,1.64,-0.21,1,18,0.53
LTCUSDT,1,-2.1,0,SL,91,11,318,0,10,-0.06,2.94,0.72,1.3,0.57,0.5,163,0,1.72,0.29,1,7,0.41
LTCUSDT,1,1.9,1,TP,9,3,254,0,2,1.89,-2.62,0.86,3.07,1.01,0.66,147,1,1.21,-3.59,1,20,3.57
LTCUSDT,1,1.9,1,TP,2,1,241,0,0,-0.96,2.06,0.93,0.93,0.47,0.27,13,0,0.97,0,1,12,0.57
LTCUSDT,1,-2.1,0,SL,113,1,395,0,0,-2.96,4.27,2.69,2.69,0.64,0.21,91,0,1.24,0,1,3,0.7
LTCUSDT,-1,-2.1,0,SL,21,4,424,0,3,-0.08,7.14,3.25,0.68,0.61,0.41,241,1,1.24,-0.98,-1,19,0.76
LTCUSDT,-1,-2.1,0,SL,17,16,253,0,15,-0.44,4.54,2.22,0.47,0.43,0.23,75,0,1.23,-0.28,-1,17,0.37
LTCUSDT,-1,1.9,1,TP,26,11,498,0,10,-0.67,1.71,0.8,0.51,0.34,0.57,47,1,0.4,0,-1,6,0.3
LTCUSDT,-1,1.9,1,TP,8,15,688,0,14,-0.34,3.48,1.05,0.51,0.62,0.4,10,0,1.78,-0.5,-1,5,0.38
LTCUSDT,1,1.9,1,TP,138,7,147,0,6,-0.02,-1.17,0.85,0.63,0.42,0.49,147,1,1.33,-0.55,1,2,0.19
LTCUSDT,1,-0.654,0,TIMEOUT,91,6,886,0,5,0.06,-1.66,3.51,2.21,0.35,0.45,137,0,0.66,-0.72,1,19,0.71
LTCUSDT,1,-1.491,0,TIMEOUT,55,11,1124,0,10,0.23,2.56,1.58,1.39,0.38,0.15,87,0,0.52,-0.36,1,6,0.63
LTCUSDT,-1,1.9,1,TP,3,1,474,0,0,-3.4,2.63,5.62,5.62,0.72,0.24,350,0,0.57,0,-1,3,1.81
LTCUSDT,-1,-2.1,0,SL,81,11,677,0,10,0.54,1.17,0.4,0.72,0.58,0.52,6,0,1.75,-0.79,-1,6,0.87
LTCUSDT,-1,1.9,1,TP,2,1,924,0,0,-3.4,3.52,9.48,9.48,0.98,0.62,115,0,1.07,0,-1,20,5.8
LTCUSDT,1,1.9,1,TP,10,1,341,0,0,-4.34,5.94,3.14,3.14,0.53,0.15,103,0,0.64,0,1,18,1.21
LTCUSDT,-1,1.9,1,TP,36,14,136,0,13,0.06,2.5,2.89,0.47,0.45,0.28,4,1,1.35,0.61,-1,10,0.37
LTCUSDT,1,1.9,1,TP,37,1,68,0,0,-4.65,6.86,6.9,6.9,0.59,0.24,44,0,1.27,0,1,6,1.33
LTCUSDT,-1,1.9,1,TP,13,12,128,0,11,0.27,0.71,3.83,0.72,0.43,0.81,120,1,0.66,-1.37,-1,10,0.31
LTCUSDT,-1,-2.1,0,SL,42,12,637,0,11,0.09,1.65,2.76,1.03,0.69,0.2,74,0,1.36,0.29,-1,18,0.92
LTCUSDT,1,-0.674,0,TIMEOUT,103,14,323,1,12,0.16,0.49,0.81,0.59,0.17,0.12,3,0,0.29,0.1,1,3,0.13
LTCUSDT,-1,1.9,1,TP,52,9,125,0,8,-0.26,0.64,1.88,0.82,0.17,0.07,1,0,0.53,-0.1,-1,6,0.22
LTCUSDT,-1,1.9,1,TP,43,8,171,0,7,-0.18,4.19,2.26,0.9,0.42,0.2,77,0,0.77,-0.53,-1,16,0.49
LTCUSDT,-1,-2.1,0,SL,6,2,636,0,1,0.11,2.21,0.61,1.29,0.22,0.26,34,1,0.4,-0.08,-1,12,0.23
LTCUSDT,1,-2.1,0,SL,1,1,0,0,0,-8.47,8.89,14.6,14.6,0.81,0.24,42,1,1.89,0,1,14,5.38
LTCUSDT,-1,1.9,1,TP,132,3,314,0,2,-0.07,4.6,1,0.91,0.25,0.08,73,0,0.24,-0.11,-1,23,0.3
LTCUSDT,-1,-0.418,0,TIMEOUT,106,11,754,0,10,0.19,0.7,0.42,0.5,0.32,0.59,4,2,0.62,-0.42,-1,13,0.35
LTCUSDT,-1,1.9,1,TP,50,2,909,0,1,-4.21,4.32,4.08,34.98,0.52,0.13,0,0,0.38,2.06,-1,4,4.81
LTCUSDT,-1,1.9,1,TP,20,1,407,0,0,-2.41,0.32,4.42,4.42,0.3,0.19,173,0,0.43,0,-1,19,0.75
LTCUSDT,-1,-1.543,0,TIMEOUT,79,16,695,0,15,0.11,4.2,0.4,0.44,0.37,0.16,143,0,0.26,-0.35,-1,19,0.22
LTCUSDT,1,-0.922,0,TIMEOUT,62,6,98,0,5,-0.39,1.04,1.99,0.89,0.21,0.2,120,0,0.58,-0.2,1,4,0.18
LTCUSDT,-1,1.9,1,TP,33,8,182,0,7,-0.12,2.28,0.59,0.37,0.31,0.21,11,0,0.94,-0.26,-1,7,0.19
LTCUSDT,-1,-0.458,0,TIMEOUT,26,5,590,3,1,0.25,-0.89,1.01,4.26,0.11,0.03,3,0,0.28,-0.1,-1,13,0.28
LTCUSDT,1,1.9,1,TP,28,4,249,0,3,0.13,-0.1,0.73,3.28,0.61,0.32,40,0,1.26,-1.35,1,18,1.56
LTCUSDT,1,-2.1,0,SL,73,1,271,0,0,-2.82,3.89,1.92,1.92,0.72,0.51,25,0,0.53,0,1,21,0.93
LTCUSDT,1,1.9,1,TP,71,3,514,0,2,-0.15,8.36,1.8,1.2,0.29,0.52,266,0,0.87,-0.33,1,9,0.37
LTCUSDT,1,1.9,1,TP,54,4,940,0,3,-0.03,3.49,0.63,0.55,0.36,0.33,48,0,1.09,-0.43,1,20,0.23
LTCUSDT,1,-2.1,0,SL,36,15,1210,0,14,0,4.75,1.78,1.07,0.51,0.32,307,0,1.28,-0.04,1,15,0.5
LTCUSDT,-1,-2.1,0,SL,57,3,384,0,2,-1.22,1.45,0.53,0.49,0.53,0.19,4,0,0.47,0.34,-1,22,0.68
LTCUSDT,1,1.9,1,TP,30,10,2,0,9,-0.31,7.01,1.42,0.93,0.22,0.16,252,0,0.66,0.04,1,6,0.17
LTCUSDT,1,1.9,1,TP,2,1,270,0,0,-1.81,1.12,1.68,1.68,0.36,0.37,49,0,0.78,0,1,1,0.34
LTCUSDT,1,1.9,1,TP,6,4,452,0,3,0,0.54,0.66,0.64,0.43,0.21,106,0,1.1,-0.18,1,22,0.51
LTCUSDT,1,-2.1,0,SL,10,5,581,0,4,-0.21,2.75,1.07,1.13,0.38,0.23,7,0,1.1,-0.79,1,6,0.39
LTCUSDT,-1,1.9,1,TP,90,6,339,0,5,-0.1,1.36,0.49,0.44,0.51,0.23,31,0,0.92,-0.85,-1,17,0.39
LTCUSDT,-1,1.9,1,TP,40,1,652,0,0,-4.33,3.96,3.74,3.74,0.38,0.41,87,1,0.54,0,-1,23,0.72
LTCUSDT,-1,-1.213,0,TIMEOUT,90,1,936,0,0,-1.16,0.05,0.37,0.37,0.53,0.7,244,0,0.72,0,-1,22,0.2
LTCUSDT,-1,-1.68,0,TIMEOUT,46,16,199,0,15,0.16,4.08,0.33,0.52,0.39,0.23,25,0,1.16,0.6,-1,6,0.3
LTCUSDT,-1,1.9,1,TP,70,2,207,0,1,-0.39,1.8,1.51,1.97,0.54,0.44,41,0,1.46,-0.55,-1,12,0.92
LTCUSDT,-1,1.9,1,TP,13,6,443,0,5,-2.69,3.79,2.59,7.46,0.59,0.19,165,0,1.11,1.5,-1,23,1.77
LTCUSDT,1,-2.1,0,SL,30,6,122,0,5,0.13,4.38,0.61,1.19,0.55,0.97,28,0,1.37,-0.83,1,5,0.6
LTCUSDT,1,-0.781,0,TIMEOUT,176,1,96,0,0,-1.99,2.73,1.28,1.28,0.24,0.31,69,0,0.73,0,1,17,0.25
LTCUSDT,1,-1.505,0,TIMEOUT,106,12,306,0,11,-0.27,0.72,1.85,0.72,0.39,0.22,0,0,0.95,0,1,21,0.38
LTCUSDT,1,-2.1,0,SL,3,6,452,0,5,-1.47,2.8,2.54,1.21,0.58,0.22,152,0,0.95,0.6,1,10,0.94
LTCUSDT,1,-2.1,0,SL,92,1,402,0,0,-5.28,5.48,14.78,14.78,0.34,0.14,0,0,0.71,0,1,3,1.95
LTCUSDT,1,-1.165,0,TIMEOUT,70,14,563,0,13,0.07,4.19,0.72,0.8,0.45,0.14,148,0,1.14,0.65,1,19,0.76
LTCUSDT,-1,1.9,1,TP,74,6,305,4,1,0.04,3.34,1.17,0.58,0.41,0.14,545,0,0.32,0.03,-1,20,0.4
LTCUSDT,-1,-2.1,0,SL,70,10,245,0,9,-0.15,5.84,3.91,0.65,0.28,0.29,52,0,0.87,-0.18,-1,10,0.12
LTCUSDT,1,1.9,1,TP,2,1,321,0,0,-4.24,5.27,2.8,2.8,0.92,0.26,41,0,0.71,0,1,8,1.04
LTCUSDT,-1,1.9,1,TP,2,14,499,0,13,-0.4,2.81,0.7,1.13,1.46,0.36,34,0,3.93,0.92,-1,9,1.29
LTCUSDT,1,1.9,1,TP,3,2,216,0,1,0.14,10.99,0.58,1.3,0.44,0.3,311,0,0.49,-0.36,1,9,0.44
LTCUSDT,1,1.9,1,TP,25,1,545,0,0,-3.15,4.32,1.63,1.63,1.44,0.26,133,0,0.99,0,1,19,2.55
LTCUSDT,1,1.9,1,TP,2,1,798,0,0,-3.82,5.49,0.85,0.85,1.03,0.47,15,0,2,0,1,10,0.74
LTCUSDT,-1,1.9,1,TP,11,9,170,0,8,-0.15,11.78,0.84,0.92,0.76,1.63,212,0,0.8,-0.28,-1,12,0.87
LTCUSDT,-1,1.9,1,TP,48,9,310,0,8,0.83,16.27,0.34,1.16,0.71,1.67,352,0,2.16,-1.43,-1,23,1.07
LTCUSDT,-1,-2.1,0,SL,7,3,213,0,2,-0.22,2.37,0.84,0.55,0.62,0.4,124,0,1.67,-0.29,-1,15,0.74
LTCUSDT,-1,1.9,1,TP,5,7,307,0,6,0.07,1.23,3.19,1.6,0.59,0.39,214,0,1.53,-1.52,-1,15,0.66
LTCUSDT,-1,1.9,1,TP,7,9,613,0,8,-0.05,0.37,1.67,0.54,1.27,0.38,60,0,2.56,-1.11,-1,19,0.9
LTCUSDT,-1,-2.1,0,SL,15,6,931,0,5,0.11,2.31,3.13,2.03,1.09,0.19,15,0,0.65,-1.44,-1,3,1.73
LTCUSDT,1,1.9,1,TP,51,5,5,0,4,0.3,4.39,0.62,1.19,0.65,0.47,43,0,2,-0.34,1,18,0.66
LTCUSDT,1,-0.64,0,TIMEOUT,93,3,249,0,2,0.19,-0.38,0.51,0.72,0.49,0.19,135,0,1.49,-0.46,1,7,0.38
LTCUSDT,1,-2.1,0,SL,47,1,423,0,0,-2.04,2.64,1.02,1.02,0.45,0.19,311,0,1.01,0,1,2,0.31
LTCUSDT,1,-2.1,0,SL,9,14,273,0,13,1.07,3.54,11.1,1.85,0.54,0.15,74,0,1.37,-1.03,1,10,1.36
LTCUSDT,1,-2.1,0,SL,12,4,407,0,3,-0.2,3.72,0.39,1.41,0.39,0.15,218,0,1.07,-0.09,1,20,0.44
LTCUSDT,1,1.9,1,TP,116,12,500,0,11,-0.06,0.42,0.53,1.1,0.44,0.5,70,0,0.56,0.06,1,19,0.6
LTCUSDT,-1,-2.1,0,SL,7,16,240,0,15,0.01,2.56,6.34,0.37,0.44,0.51,494,0,1.12,-0.2,-1,6,0.3
LTCUSDT,-1,1.9,1,TP,23,4,313,0,3,-0.41,1.57,0.88,1.6,0.25,0.51,579,0,0.81,-0.11,-1,0,0.43
LTCUSDT,-1,-0.496,0,TIMEOUT,224,8,326,0,7,0.35,-0.32,5.26,0.48,0.42,0.32,108,0,0.68,-1.44,-1,17,0.35
LTCUSDT,-1,-0.94,0,TIMEOUT,51,1,657,0,0,-2.98,2.79,9.19,9.19,0.28,0.21,12,0,0.5,0,-1,4,1.01
LTCUSDT,-1,1.9,1,TP,64,14,255,0,13,-0.05,14.83,3.32,0.76,0.24,1.09,242,0,0.71,-0.06,-1,9,0.14
LTCUSDT,-1,-1.617,0,TIMEOUT,96,11,383,0,10,-0.58,0.07,2.25,0.95,0.37,0.29,83,0,0.82,0.05,-1,10,0.31
LTCUSDT,1,1.9,1,TP,36,13,5,0,12,-0.76,7.43,2.55,0.49,0.39,0.32,234,0,1.14,-0.1,1,16,0.36
LTCUSDT,1,-2.037,0,TIMEOUT,50,4,327,0,3,-2.56,5.31,0.48,3.22,0.34,0.21,241,0,0.89,0.69,1,1,1.03
LTCUSDT,1,-0.592,0,TIMEOUT,93,10,458,0,9,-0.36,-1.59,1.54,2.75,0.23,0.11,26,0,0.55,0.07,1,9,0.37
LTCUSDT,1,1.9,1,TP,71,6,619,0,5,-0.97,17.52,1.53,0.72,0.34,0.33,433,0,0.98,0,1,2,0.38
LTCUSDT,1,-0.567,0,TIMEOUT,72,10,779,0,9,0.25,15.49,1.98,0.95,0.61,0.32,589,0,1.82,-1.18,1,18,0.51
LTCUSDT,-1,1.9,1,TP,1,14,198,0,13,-0.41,2.38,3.92,0.48,0.44,0.2,2,0,1.3,-0.17,-1,0,0.38
LTCUSDT,1,1.9,1,TP,19,1,166,0,0,-4.27,5.99,3.89,3.89,0.41,0.19,11,0,0.83,0,1,2,0.86
LTCUSDT,-1,1.9,1,TP,40,1,258,0,0,-5,13.79,5.61,5.61,0.98,0.17,414,0,1.8,0,-1,15,2.16
LTCUSDT,-1,1.9,1,TP,11,1,742,0,0,-1.28,3.69,0.68,0.68,0.91,0.46,48,0,1.54,0,-1,16,0.86
LTCUSDT,1,1.9,1,TP,30,3,380,0,2,0.01,0.83,0.57,0.81,0.83,0.26,25,0,0.71,-0.34,1,17,0.7
LTCUSDT,1,-2.1,0,SL,15,5,171,0,4,-0.31,1.1,8.38,0.53,0.47,0.45,54,0,1.14,-1.17,1,2,0.36
LTCUSDT,-1,-2.1,0,SL,11,3,276,0,2,-0.77,1.71,0.45,1.09,0.41,0.29,80,0,0.47,-0.1,-1,15,0.43
LTCUSDT,1,1.9,1,TP,24,3,232,0,2,0.19,0.32,1.43,0.8,0.24,0.11,143,0,0.76,-0.2,1,10,0.17
LTCUSDT,1,-2.1,0,SL,28,11,646,0,10,-0.42,0.9,2.63,1.17,0.39,0.56,101,1,0.63,-0.36,1,17,0.37
LTCUSDT,1,-1.704,0,TIMEOUT,15,4,1045,0,3,0.21,-0.14,0.76,0.81,0.31,0.16,6,0,0.51,-0.16,1,21,0.43
LTCUSDT,-1,1.9,1,TP,2,1,141,0,0,-2.94,8.96,3.89,3.89,0.53,0.17,173,0,1,0,-1,14,1.2
LTCUSDT,1,1.9,1,TP,58,1,139,0,0,-3.89,4.89,2.24,2.24,0.37,0.15,16,0,1.09,0,1,2,0.6
LTCUSDT,-1,1.9,1,TP,37,10,225,0,9,-0.12,0.6,1.93,0.47,0.48,0.43,180,0,0.81,-1.04,-1,16,0.37
LTCUSDT,-1,-2.1,0,SL,43,3,503,0,2,-0.17,1.48,1.05,2.28,0.54,0.52,126,0,1.25,-0.82,-1,14,1.29
LTCUSDT,1,-2.1,0,SL,1,10,724,0,9,0.74,-2.54,1.06,3.56,1.04,0.87,431,0,1.07,-0.89,1,19,2.7
LTCUSDT,1,-2.1,0,SL,2,1,1143,0,0,-4.35,11.11,3.16,3.16,1.17,1.24,329,0,2.68,0,1,3,2.69
LTCUSDT,1,-2.1,0,SL,3,4,525,0,3,-0.3,13.07,0.94,0.83,1.69,0.48,322,0,2.92,-0.4,1,0,1.88
LTCUSDT,-1,-2.1,0,SL,22,5,2,0,4,0.02,0.67,0.64,0.48,0.65,0.32,3,0,2.06,-0.39,-1,5,0.61
LTCUSDT,1,-2.1,0,SL,6,14,1,0,13,-0.24,3.69,3.5,0.39,1.67,0.3,55,0,4.7,-2.71,1,21,1.19
LTCUSDT,-1,-2.1,0,SL,14,9,319,0,8,0.22,20.1,0.82,0.82,1.11,1.03,374,0,1.38,0.33,-1,6,1.34
LTCUSDT,-1,1.9,1,TP,16,8,400,0,7,1.81,5.4,0.72,1.53,0.94,0.45,415,0,1.62,-2.8,1,17,2.39
LTCUSDT,-1,-1.955,0,TIMEOUT,21,4,402,0,3,0.4,2.78,0.89,0.64,0.4,1.47,103,1,1.15,-0.73,-1,20,0.62
LTCUSDT,-1,1.9,1,TP,51,3,472,0,2,-0.52,3.32,1.05,0.74,0.35,1.47,174,1,1.06,0.09,-1,13,0.32
LTCUSDT,-1,-2.1,0,SL,2,13,159,0,12,-0.13,9.31,2.57,0.49,1.93,0.36,188,0,4.57,-2.03,-1,2,1.78
LTCUSDT,-1,1.9,1,TP,57,11,378,0,10,-0.04,5.15,1.83,1.65,0.59,0.78,149,0,1.84,-0.2,-1,8,0.7
LTCUSDT,-1,-2.1,0,SL,10,10,188,0,9,-0.11,3.88,1.3,0.67,0.83,0.54,87,0,2.47,-1.22,-1,0,1.1
LTCUSDT,-1,-2.1,0,SL,4,13,254,0,12,-0.18,2.33,0.54,0.58,1.17,0.97,8,0,3.61,0.43,-1,10,1.2
LTCUSDT,1,-2.1,0,SL,9,6,117,0,5,0.02,0.43,2.38,3.61,0.94,0.53,1,0,1.28,-1.22,1,15,1.87
LTCUSDT,1,1.9,1,TP,7,7,629,0,6,-0.12,11.41,0.23,0.67,1.21,0.46,512,0,1.44,-0.03,1,23,1.33
LTCUSDT,1,1.9,1,TP,35,11,194,0,10,-0.31,4.47,1.8,0.37,1.19,0.67,14,0,2.04,-1.13,1,4,0.95
LTCUSDT,-1,1.9,1,TP,33,11,124,0,10,-0.52,9.43,1.74,0.62,0.85,0.63,252,0,2.24,-1.35,-1,6,0.8
LTCUSDT,-1,1.9,1,TP,27,2,152,0,1,-0.42,5.46,0.96,1.18,0.55,0.72,81,0,1.4,-0.24,-1,0,0.68
LTCUSDT,-1,1.9,1,TP,5,1,276,0,0,-2.33,6.68,1.13,1.13,1.22,0.76,206,0,1.93,0,-1,7,1.14
LTCUSDT,-1,1.9,1,TP,19,11,612,0,10,-0.32,28.31,1.96,0.7,0.84,0.87,532,0,2.22,-0.55,-1,19,1.18
LTCUSDT,-1,1.9,1,TP,24,1,822,0,0,-1.64,45.59,1.37,1.37,0.55,0.88,752,0,1.66,0,-1,0,0.74
LTCUSDT,-1,1.9,1,TP,36,2,1235,0,1,-0.3,10.43,0.92,0.94,0.53,0.8,279,0,1.63,-0.43,-1,7,0.62
LTCUSDT,1,1.9,1,TP,87,4,339,0,3,0.03,0.1,1.61,0.61,0.31,0.21,66,0,0.74,-0.14,1,12,0.23
LTCUSDT,1,-2.1,0,SL,51,7,584,0,6,0.02,2.91,1.98,2.07,0.53,0.46,46,0,1.44,-0.72,1,2,1.12
LTCUSDT,-1,-2.1,0,SL,19,1,464,0,0,-2.05,6.85,0.69,0.69,0.54,0.41,245,0,1.34,0,-1,2,0.56
LTCUSDT,-1,-2.1,0,SL,11,5,697,0,4,-0.08,2.76,0.68,0.98,0.72,0.2,8,0,1.05,-0.79,-1,13,0.79
LTCUSDT,1,1.9,1,TP,26,1,127,0,0,-1.64,9.81,0.59,0.59,0.54,0.31,166,0,1.35,0,1,3,0.35
LTCUSDT,1,1.9,1,TP,8,1,165,0,0,-1.99,3.41,2.54,2.54,0.46,0.16,120,0,1.38,0,1,13,0.8
LTCUSDT,1,1.9,1,TP,40,16,408,0,15,0.12,6.38,0.8,1.02,0.46,0.21,34,0,1.4,0.29,1,1,0.54
LTCUSDT,1,-2.1,0,SL,21,9,728,0,8,0.04,1.78,0.55,0.92,0.49,0.38,10,0,1.15,-0.66,1,9,0.46
LTCUSDT,1,-2.1,0,SL,12,6,865,0,5,0.2,0.44,0.47,0.42,0.5,0.38,150,0,1.05,-0.58,1,20,0.44
LTCUSDT,-1,1.9,1,TP,12,14,145,0,13,-0.66,6.26,2.95,0.52,0.75,0.32,48,0,2.1,-0.37,-1,23,0.62
LTCUSDT,1,1.9,1,TP,38,13,119,0,12,-0.48,12.93,0.61,0.65,0.59,0.33,116,0,1.87,-0.08,1,6,0.41
LTCUSDT,1,1.9,1,TP,6,5,526,0,4,0.61,0.43,0.59,1.46,0.78,0.28,15,0,1.69,-1.01,1,11,1.34
LTCUSDT,-1,1.9,1,TP,26,1,213,0,0,-1.63,4.4,1.3,1.3,0.55,0.6,243,0,1.69,0,-1,13,0.61
LTCUSDT,-1,-2.1,0,SL,10,5,342,0,4,0.44,2,0.59,0.57,0.83,0.6,368,0,0.26,-2.14,-1,21,0.89
LTCUSDT,-1,-2.1,0,SL,87,1,480,0,0,-3.82,3.4,3.34,3.34,0.83,0.84,2,0,1.73,0,-1,7,1.27
LTCUSDT,-1,1.9,1,TP,15,12,187,0,11,-0.27,12.48,0.31,0.5,0.42,0.86,316,0,1.06,-0.38,-1,21,0.43
LTCUSDT,-1,-2.1,0,SL,14,7,378,0,6,0.25,4.47,1.94,0.65,0.49,0.42,29,0,1,-1.29,-1,21,0.39
LTCUSDT,-1,1.9,1,TP,13,14,475,0,13,0.1,4.76,0.55,0.35,0.52,0.42,119,0,0.92,0.38,-1,21,0.36
LTCUSDT,1,1.9,1,TP,37,9,213,0,8,-0.56,5.44,2.46,1.78,0.41,0.63,353,0,0.8,-0.37,1,13,0.82
LTCUSDT,-1,-1.639,0,TIMEOUT,83,3,183,0,2,-0.38,2.83,0.43,0.76,0.41,0.67,166,0,1.1,-0.52,-1,18,0.4
LTCUSDT,-1,1.9,1,TP,6,1,289,0,0,-2.81,5.99,1.32,1.32,0.46,0.68,735,0,0.86,0,-1,15,0.55
LTCUSDT,1,1.9,1,TP,33,7,423,0,6,-0.05,9.95,0.92,0.83,0.22,0.18,418,0,0.69,-0.21,1,8,0.19
LTCUSDT,-1,1.9,1,TP,12,4,273,0,3,0.6,13.17,1.3,2.23,0.34,0.4,386,0,0.57,-0.62,-1,13,0.88
LTCUSDT,1,1.9,1,TP,19,10,374,4,5,-0.31,-0.77,0.58,1.13,0.36,0.46,110,0,0.97,-0.12,1,9,0.35
LTCUSDT,1,1.9,1,TP,1,1,989,0,0,-6.41,7.26,14.59,14.59,1.03,0.33,63,0,1.56,0,1,19,5.52
LTCUSDT,1,1.9,1,TP,3,7,1299,0,6,0.34,0.34,0.74,0.96,0.75,0.51,172,0,2.2,-0.69,1,0,0.83
LTCUSDT,-1,-2.1,0,SL,53,3,155,0,2,0.05,6.52,0.23,0.34,0.75,0.54,443,0,2.06,-0.21,-1,19,0.81
LTCUSDT,-1,1.9,1,TP,17,1,420,0,0,-2.85,8.98,2.14,2.14,0.57,0.54,710,0,0.57,0,-1,13,0.96
LTCUSDT,-1,1.9,1,TP,8,8,739,0,7,-0.58,0.27,1.35,0.54,0.56,0.57,157,1,1.56,-0.02,-1,21,0.36
LTCUSDT,1,1.9,1,TP,41,3,625,0,2,-0.26,1.44,0.53,0.74,0.8,0.22,86,0,1.16,-0.95,1,16,0.7
LTCUSDT,1,1.9,1,TP,13,1,813,0,0,-3.21,0.62,1.71,1.71,0.67,0.2,159,0,0.46,0,1,15,0.9
LTCUSDT,-1,1.9,1,TP,4,1,331,0,0,-3.23,5.52,5.14,5.14,0.51,0.19,29,0,0.43,0,-1,2,1.11
LTCUSDT,-1,-2.1,0,SL,2,5,761,0,4,0.11,-1.58,4.37,2.85,0.59,0.38,245,0,1.46,-1.14,-1,13,1.65
LTCUSDT,1,-2.1,0,SL,2,5,198,0,4,0.08,-3.25,2.65,15.79,0.83,0.88,461,0,0.86,-1.48,1,19,4.29
LTCUSDT,-1,-2.1,0,SL,25,15,249,0,14,-1.06,3.64,1.66,1,0.43,0.22,151,0,1.06,1.37,-1,1,0.76
LTCUSDT,-1,-2.1,0,SL,17,5,334,0,4,-0.08,3.93,0.59,0.84,0.61,0.22,246,0,1.63,-0.8,-1,23,0.65
LTCUSDT,1,1.9,1,TP,38,2,145,0,1,0.04,1.11,0.47,0.79,0.32,0.22,53,0,0.75,-0.32,1,3,0.37
LTCUSDT,1,1.9,1,TP,42,1,334,0,0,-1.24,4.22,0.37,0.37,0.2,0.12,66,0,0.49,0,1,2,0.12
LTCUSDT,1,-2.1,0,SL,21,6,558,0,5,0.48,4.93,0.57,1.03,0.36,0.12,285,0,0.67,-0.75,1,10,0.57
LTCUSDT,1,1.9,1,TP,13,1,665,0,0,-3.2,3.06,2.85,2.85,0.31,0.29,2,0,0.17,0,1,13,0.58
LTCUSDT,1,1.9,1,TP,48,17,885,0,16,-0.54,-1.48,0.75,1.34,0.33,0.19,58,0,1.02,0.33,1,20,0.46
LTCUSDT,-1,1.9,1,TP,20,1,204,0,0,-4.56,5.3,5.52,5.52,0.48,0.1,167,0,0.77,0,-1,0,1.12
LTCUSDT,-1,1.9,1,TP,34,3,499,0,2,-0.23,3.85,1.09,2.18,0.42,0.28,79,0,1.1,-0.32,-1,2,0.88
LTCUSDT,1,1.9,1,TP,40,9,198,0,8,-0.01,-0.05,1.25,0.74,0.38,0.17,159,0,0.62,-0.94,1,22,0.41
LTCUSDT,1,1.9,1,TP,7,6,463,0,5,-2.2,3.63,1.07,6.11,0.69,0.17,131,0,1.55,0.97,1,17,3.01
LTCUSDT,1,1.9,1,TP,11,1,586,0,0,-2.6,6.95,1.09,1.09,0.28,0.17,259,0,0.8,0,1,23,0.23
LTCUSDT,-1,-2.1,0,SL,10,8,173,0,7,-0.4,2.3,1.12,0.84,0.5,0.18,680,0,1.05,-0.34,-1,10,0.27
LTCUSDT,-1,1.9,1,TP,3,16,334,0,15,-0.34,3.63,0.82,0.44,0.91,0.49,75,0,2.72,0.89,-1,9,0.39
LTCUSDT,-1,1.9,1,TP,7,10,467,0,9,0.34,3.74,0.69,0.49,0.7,0.48,214,0,2.12,-1.16,-1,18,0.67
LTCUSDT,1,-2.1,0,SL,16,9,213,0,8,-1.58,5.64,2.34,1.85,0.81,0.23,220,0,1.53,0.3,1,17,1.66
LTCUSDT,1,1.9,1,TP,50,2,404,0,1,-0.26,3.48,1.42,1.4,0.54,0.34,119,1,0.42,-0.65,1,17,0.97
LTCUSDT,1,-2.1,0,SL,18,5,968,0,4,-0.71,1.72,3.18,3.5,0.57,0.19,3,0,0.36,-1.02,1,14,1.19
LTCUSDT,-1,-2.1,0,SL,21,14,103,0,13,-0.24,8.65,1.85,1.15,1.16,0.58,174,0,3.22,-0.48,-1,19,1.93
LTCUSDT,-1,1.9,1,TP,26,16,208,0,15,0.17,10.95,1.6,0.78,1.05,0.58,277,0,3.08,-1.6,-1,22,1.5
LTCUSDT,-1,1.9,1,TP,29,4,243,0,3,0.48,2.54,1.44,0.82,0.59,0.64,47,1,1.78,-1.05,-1,7,0.57
LTCUSDT,-1,1.9,1,TP,3,1,376,0,0,-3.66,9.11,2.66,2.66,0.95,0.68,183,1,1.82,0,-1,16,1.48
LTCUSDT,-1,-2.1,0,SL,10,2,204,0,1,0.71,-0.36,0.94,2.25,0.65,0.29,86,0,0.9,-1.34,-1,15,1.46
LTCUSDT,-1,-2.1,0,SL,16,3,239,0,2,-0.38,-0.1,0.98,0.91,0.63,0.29,120,0,0.67,-0.32,-1,0,0.77
LTCUSDT,-1,1.9,1,TP,158,10,155,0,9,-0.33,3.96,2.02,1.03,0.65,0.45,159,0,0.68,-0.73,-1,18,0.46
LTCUSDT,-1,1.9,1,TP,8,1,431,0,0,-3.57,1.43,2.57,2.57,0.7,0.27,78,0,1.18,0,-1,15,0.9
LTCUSDT,-1,1.9,1,TP,37,8,642,0,7,0.01,3.61,0.86,0.51,0.82,0.27,282,0,1.42,-1.05,-1,20,0.98
LTCUSDT,-1,-2.1,0,SL,23,9,744,0,8,0.1,4.44,1.28,0.22,0.86,0.5,11,0,1.85,-2.45,-1,21,0.64
LTCUSDT,1,1.9,1,TP,37,11,127,0,10,0.04,2.09,0.51,0.6,0.48,0.24,13,0,0.58,-0.33,1,5,0.7
LTCUSDT,-1,-1.684,0,TIMEOUT,14,5,125,0,4,0.24,0.49,1.22,0.86,0.45,0.41,6,2,0.58,-0.84,-1,1,0.42
LTCUSDT,-1,-1.656,0,TIMEOUT,70,3,191,0,2,-0.31,0.34,0.54,0.4,0.42,0.41,74,2,0.27,-0.07,-1,17,0.35
LTCUSDT,1,-2.1,0,SL,14,8,168,0,7,-0.54,7.75,0.69,0.54,0.39,0.11,186,0,0.8,-0.18,1,6,0.33
LTCUSDT,-1,1.9,1,TP,27,3,310,0,2,-0.38,-0.39,0.92,1.71,0.22,0.44,316,0,0.64,-0.17,-1,14,0.33
LTCUSDT,-1,1.9,1,TP,7,1,643,0,0,-0.95,0.99,0.87,0.87,0.68,0.45,110,0,1.16,0,-1,1,0.51
LTCUSDT,-1,-2.1,0,SL,8,7,444,0,6,-0.47,1.15,5.06,1.29,0.49,0.27,16,0,1.2,0.03,-1,15,0.71
LTCUSDT,-1,-2.1,0,SL,37,14,662,0,13,0.12,1.65,0.53,0.73,0.72,0.58,185,0,1.26,0.55,-1,22,0.3
LTCUSDT,-1,-2.1,0,SL,4,4,510,0,3,0.38,-0.32,1.17,1.52,1.01,0.58,174,0,1.89,-2.88,-1,19,1.19
LTCUSDT,-1,-2.1,0,SL,16,4,865,0,3,0.84,1.65,0.52,2.69,0.66,0.56,18,0,1.57,-1.32,-1,12,1.5
LTCUSDT,-1,1.9,1,TP,78,6,1141,0,5,0.13,2.3,0.83,1.39,0.43,0.78,131,1,1.32,-0.83,-1,9,0.39
LTCUSDT,-1,-2.1,0,SL,66,2,1374,0,1,0.49,4.06,0.46,0.89,0.78,0.8,368,1,1.44,-0.96,-1,19,1.14
LTCUSDT,-1,1.9,1,TP,28,7,117,0,6,0.29,4.28,0.55,0.8,0.61,0.79,74,0,1.82,-0.7,-1,21,0.41
LTCUSDT,-1,-2.1,0,SL,68,11,233,0,10,0.93,-1.66,1.23,2.08,0.6,0.19,11,0,1.09,-0.7,-1,22,1.63
LTCUSDT,-1,-2.1,0,SL,25,8,385,0,7,1.53,1.71,0.7,1.64,0.5,0.52,33,0,0.84,-1.58,1,12,1.3
LTCUSDT,1,1.9,1,TP,32,9,129,0,8,-0.71,3.48,1.29,1.08,0.37,0.25,237,0,1.1,-0.02,1,2,0.33
LTCUSDT,1,1.9,1,TP,66,10,335,0,9,0.21,0,0.76,1.52,0.27,0.2,174,0,0.27,-0.38,1,6,0.31
LTCUSDT,-1,1.9,1,TP,27,2,301,0,1,-0.63,3.44,0.42,0.89,0.25,0.11,47,0,0.67,-0.02,-1,17,0.25
LTCUSDT,-1,1.9,1,TP,17,13,320,0,12,-0.3,4.65,0.97,0.8,0.28,0.15,49,0,0.83,0.15,-1,18,0.28
LTCUSDT,-1,1.9,1,TP,13,1,637,0,0,-2.74,3.59,1.79,1.79,0.45,0.24,3,0,0.57,0,-1,1,0.7
LTCUSDT,1,1.9,1,TP,24,17,143,0,16,0,4.12,0.3,1.37,0.25,0.07,25,0,0.43,0.11,1,22,0.32
LTCUSDT,1,1.9,1,TP,5,1,336,0,0,-3.29,8.01,6.29,6.29,0.4,0.07,234,0,0.29,0,1,22,0.99
LTCUSDT,1,-0.357,0,TIMEOUT,150,1,504,0,0,-1.55,8.62,1.05,1.05,0.36,0.07,402,0,0.25,0,1,16,0.4
LTCUSDT,1,-2.1,0,SL,18,11,714,0,10,-0.73,15.98,6.02,0.4,0.28,0.07,602,0,0.78,-0.31,1,21,0.27
LTCUSDT,1,0.007,1,TIMEOUT,172,13,176,0,12,0.03,1.83,1.05,1.7,0.26,0.11,476,0,0.43,-0.04,1,1,0.32
LTCUSDT,1,-2.1,0,SL,5,9,477,0,8,-0.67,4.6,3.69,0.62,0.27,0.28,36,0,0.57,0.18,1,4,0.19
LTCUSDT,1,1.9,1,TP,50,3,126,0,2,-0.49,4.08,1.25,0.28,0.3,0.11,206,0,0.54,-0.11,1,15,0.2
LTCUSDT,1,-1.483,0,TIMEOUT,14,4,310,0,3,-0.34,1.99,0.78,2.63,0.29,0.19,55,0,0.87,-0.37,1,13,0.3
LTCUSDT,1,1.9,1,TP,9,1,416,0,0,-2.29,2.97,2.27,2.27,0.44,0.19,164,0,0.73,0,1,16,0.54
LTCUSDT,1,1.9,1,TP,24,6,584,0,5,0.21,9.71,1.13,3.34,0.26,0.19,327,0,0.71,-0.44,1,10,0.5
LTCUSDT,-1,-1.202,0,TIMEOUT,99,1,87,0,0,-3.65,5.77,3.24,3.24,0.4,0.31,11,1,0.75,0,-1,13,0.77
LTCUSDT,-1,1.9,1,TP,254,4,372,1,2,-0.03,0,0.21,0.36,0.34,0.17,152,0,0.87,0.09,-1,4,0.2
LTCUSDT,-1,1.9,1,TP,201,1,800,0,0,-2.56,1.6,1.29,1.29,0.28,0.47,74,1,0.17,0,-1,15,0.28
LTCUSDT,-1,-2.1,0,SL,6,19,887,2,16,-0.01,-0.45,0.85,0.84,0.47,0.28,111,0,1.13,0.75,-1,12,0.52
LTCUSDT,-1,-2.1,0,SL,54,10,218,0,9,-0.2,1.69,11.79,0.55,0.92,0.37,6,0,1.43,-2.99,-1,16,1.01
LTCUSDT,1,-2.1,0,SL,35,12,109,0,11,-0.44,4.29,0.78,1.36,0.43,0.19,108,0,1.24,0.56,1,13,0.63
LTCUSDT,-1,-2.1,0,SL,6,8,69,0,7,0.26,2.79,1.39,1.19,0.52,0.17,110,0,1.32,-0.38,-1,13,0.81
LTCUSDT,1,1.9,1,TP,8,8,297,0,7,0.11,3.23,1.09,1.61,0.52,0.16,37,0,1.05,-0.35,1,16,0.42
LTCUSDT,1,-2.1,0,SL,18,6,418,0,5,0.01,4.77,0.74,0.43,0.42,0.16,160,0,0.96,-0.33,1,22,0.4
LTCUSDT,1,-2.1,0,SL,16,5,239,0,4,0.05,1.1,4.8,1.05,0.48,0.38,1,0,0.69,-1.11,1,4,0.49
LTCUSDT,1,1.9,1,TP,36,15,341,0,14,-0.05,3,2.57,0.7,0.24,0.13,21,0,0.74,-0.33,1,5,0.22
LTCUSDT,1,-2.1,0,SL,67,11,791,0,10,-0.23,2.7,1.01,0.9,0.31,0.17,69,0,0.64,0.21,1,22,0.32
LTCUSDT,-1,1.9,1,TP,40,6,335,0,5,0.39,6.16,0.75,1.45,0.32,0.33,224,0,0.92,-0.4,-1,12,0.51
LTCUSDT,-1,-0.527,0,TIMEOUT,148,8,595,0,7,0.05,4.2,1.25,0.62,0.23,0.09,38,0,0.23,-0.25,-1,5,0.25